<?xml version="1.0" encoding="utf-8"?>
<letsmt version="1.0">
<head></head>
<body>
<s id="s1.1">European Medicines Agency</s>
<s id="s2.1">London, 9. marca 2009 Sklic na dok.</s>
<s id="s2.2">EMEA/ CHMP/ 173453/ 2009</s>
<s id="s3.1">Vprašanja in odgovori v zvezi z napotitvijo za zdravilo Uman Big humani imunoglobulini proti hepatitisu B, 180 i. e. / ml, raztopina za injiciranje</s>
<s id="s4.1">Evropska agencija za zdravila (EMEA) je zaključila napotitveni postopek na podlagi nesoglasja med državami članicami Evropske unije v zvezi z odobritvijo zdravila Uman Big i. e. / ml, raztopine za injiciranje.</s>
<s id="s4.2">Odbor za zdravila za uporabo v humani medicini (CHMP) pri Agenciji je zaključil, da koristi zdravila Uman Big odtehtajo njegova tveganja ter se lahko dovoljenje za promet z zdravilom, odobreno v Italiji, prizna v drugih državah članicah Evropske unije in Evropskega gospodarskega prostora.</s>
<s id="s4.3">Pregled se je opravil v skladu z napotitvijo iz člena 29 1.</s>
<s id="s5.1">Kaj je zdravilo Uman Big?</s>
<s id="s5.2">Zdravilo Uman Big je raztopina humanih imunoglobulinov proti hepatitisu B.</s>
<s id="s5.3">Imunoglobulini so krvne beljakovine, ki se pridobivajo iz darovane plazme.</s>
<s id="s5.4">Imunoglobulini proti hepatitisu B vsebujejo zelo visoke ravni protiteles proti virusu hepatitisa B.</s>
<s id="s5.5">Zdravilo Uman Big se daje kot intramuskularna injekcija (v mišico) za preprečevanje hepatitisa B v naslednjih primerih: v primeru nenamerne izpostavitve virusu pri ljudeh, ki niso bili cepljeni proti virusu hepatitisa B,  vključno s tistimi, pri katerih cepljenje ni popolno ali je status neznan; pri hemodializnih bolnikih (bolnikih, pri katerih so ledvice odpovedale in ki so odvisni od tehnike  prečiščevanja krvi, imenovane hemodializa), dokler cepljenje ne postane učinkovito; pri novorojenčkih, katerih mati je prenašalka virusa hepatitisa B;  pri osebah, pri katerih se ni pokazal imunski odziv po cepljenju (in pri katerih je stalno  preprečevanje nujno zaradi stalnega tveganja za okužbo s hepatitisom B).</s>
<s id="s6.1">Zakaj je bilo zdravilo Uman Big pregledano?</s>
<s id="s6.2">Družba Kedrion S. p. A. je predložila vlogo za medsebojno priznavanje zdravila Uman Big na podlagi prvotnega dovoljenja za promet z zdravilom, odobrenega v Italiji dne 2. junija 1979.</s>
<s id="s6.3">Družba je želela, da dovoljenje za promet z zdravilom priznajo tudi v Avstriji, na Danskem, v Nemčiji, Grčiji, na Madžarskem, Poljskem, Portugalskem in Švedskem (zadevne države članice).</s>
<s id="s6.4">Te države članice niso mogle doseči soglasja.</s>
<s id="s6.5">Italijanska agencija za zdravila Agenzia Italiana del Farmaco je 31. oktobra 2008 zadevo napotila na CHMP.</s>
<s id="s7.1">Razlogi za napotitev so bili zadržki glede nezadostnih kliničnih podatkov, predloženih za določitev učinkovitosti zdravila.</s>
<s id="s7.2">Poleg tega se je pojavil zadržek zaradi pomanjkanja varnostnih podatkov ali postmarketinških podatkov o varnosti za to zdravilo.</s>
<s id="s8.1">Do kakšnih zaključkov je prišel CHMP?</s>
<s id="s8.2">Na podlagi vrednotenja trenutno razpoložljivih podatkov in znanstvene razprave znotraj Odbora ter njegove Delovne skupine za krvne proizvode je CHMP zaključil, da koristi zdravila Uman Big odtehtajo njegova tveganja ter da je zato treba dovoljenje za promet z zdravilom Uman Big odobriti v vseh zadevnih državah članicah.</s>
<s id="s9.1">Evropska komisija je odločbo izdala dne 6. marca 2009.</s>
<s id="s10.1">1 Člen 29 Direktive 2001/ 83/ ES, kakor je bila spremenjena, napotitev na podlagi možnega resnega tveganja za javno zdravje.</s>
<s id="s10.2">7 Westferry Circus, Canary Wharf, London E14 4HB, UK Tel.</s>
<s id="s10.3">(44- 20) 74 18 84 00 Fax (44- 20) 74 18 84 16 E- mail: mail@ emea. europa. eu http: // www. emea. europa. eu</s>
<s id="s11.1"> European Medicines Agency, 2009.</s>
<s id="s11.2">Reproduction is authorised provided the source is acknowledged.</s>
<s id="s11.3">Poročevalec:</s>
<s id="s11.4">Soporočevalec:</s>
<s id="s11.5">Datum začetka napotitve:</s>
<s id="s11.6">Datum izdaje mnenja:</s>
<s id="s12.1">dr.</s>
<s id="s12.2">Antonio Addis (Italija) dr.</s>
<s id="s12.3">Catherine Moraiti (Grčija) 20. november 2008 18. december 2008</s>
<s id="s13.1">Stran 2/ 2</s>
</body>
</letsmt>
