<?xml version="1.0" encoding="utf-8"?>
<letsmt version="1.0">
<head></head>
<body>
<s id="s1.1">DODATEK I</s>
<s id="s2.1">SEZNAM IMEN, FARMACEVTSKIH OBLIK, JAKOSTI ZDRAVILA, POTI UPORABE ZDRAVILA, PREDLAGATELJEV, IMETNIKOV DOVOLJENJA ZA PROMET Z ZDRAVILOM V DRŽAVAH ČLANICAH</s>
<s id="s3.1">1 Država članica EU/ EGS</s>
<s id="s4.1">Imetnik dovoljenja za promet z zdravilom</s>
<s id="s5.1">Predlagatelj</s>
<s id="s6.1">Izmišljeno im Ime</s>
<s id="s7.1">Jakost</s>
<s id="s8.1">Farmacevtska oblika</s>
<s id="s9.1">Pot uporabe zdravila</s>
<s id="s10.1">Vsebina koncentracija</s>
<s id="s11.1">Avstrija</s>
<s id="s12.1">Kedrion S. p. A.</s>
<s id="s13.1">UMAN BIG 180 180 IU/ ml</s>
<s id="s14.1">Raztopina za</s>
<s id="s15.1">Intramuskularna</s>
<s id="s16.1">180 IU/ ml</s>
<s id="s17.1">Loc Ai Conti 55051 Castelvecchio Pascoli, Barga (Lucca) - ITALIJA</s>
<s id="s18.1">I. E. / ml Injektionslösung</s>
<s id="s19.1">injiciranje</s>
<s id="s20.1">uporaba</s>
<s id="s21.1">540IU/ 3ml</s>
<s id="s22.1">Danska</s>
<s id="s23.1">Kedrion S. p. A.</s>
<s id="s23.2">Loc Ai Conti 55051 Castelvecchio Pascoli, Barga (Lucca) - ITALIJA</s>
<s id="s24.1">UMAN BIG 180 IU/ ml</s>
<s id="s25.1">Raztopina za injiciranje</s>
<s id="s26.1">Intramuskularna uporaba</s>
<s id="s27.1">180 IU/ ml 540IU/ 3ml</s>
<s id="s28.1">Nemčija</s>
<s id="s29.1">Kedrion S. p. A.</s>
<s id="s30.1">UMAN BIG 180 IU/ ml</s>
<s id="s31.1">Raztopina za</s>
<s id="s32.1">Intramuskularna</s>
<s id="s33.1">180 IU/ ml</s>
<s id="s34.1">Loc Ai Conti 55051 Castelvecchio Pascoli, Barga (Lucca) - ITALIJA</s>
<s id="s35.1">injiciranje</s>
<s id="s36.1">uporaba</s>
<s id="s37.1">540IU/ 3ml</s>
<s id="s38.1">Madžarska</s>
<s id="s39.1">Kedrion S. p. A.</s>
<s id="s40.1">Umanbig 180 180 IU/ ml</s>
<s id="s41.1">Raztopina za</s>
<s id="s42.1">Intramuskularna</s>
<s id="s43.1">180 IU/ ml</s>
<s id="s44.1">Loc Ai Conti 55051 Castelvecchio Pascoli, Barga (Lucca) - ITALIJA</s>
<s id="s45.1">NE/ ml</s>
<s id="s46.1">injiciranje</s>
<s id="s47.1">uporaba</s>
<s id="s48.1">540IU/ 3ml</s>
<s id="s49.1">Italija</s>
<s id="s50.1">Kedrion S. p. A.</s>
<s id="s51.1">UMAN BIG 180 IU/ ml</s>
<s id="s52.1">Raztopina za</s>
<s id="s53.1">Intramuskularna</s>
<s id="s54.1">180 IU/ ml</s>
<s id="s55.1">Loc Ai Conti 55051 Castelvecchio Pascoli, Barga (Lucca) - ITALIJA</s>
<s id="s56.1">injiciranje</s>
<s id="s57.1">uporaba</s>
<s id="s58.1">540IU/ 3ml</s>
<s id="s59.1">Poljska</s>
<s id="s60.1">Kedrion S. p. A.</s>
<s id="s61.1">UMAN BIG</s>
<s id="s62.1">180 IU/ ml</s>
<s id="s63.1">Raztopina za</s>
<s id="s64.1">Intramuskularna</s>
<s id="s65.1">180 IU/ ml</s>
<s id="s66.1">Loc Ai Conti 55051 Castelvecchio Pascoli, Barga (Lucca) - ITALIJA</s>
<s id="s67.1">injiciranje</s>
<s id="s68.1">uporaba</s>
<s id="s69.1">540IU/ 3ml</s>
<s id="s70.1">Portugalska</s>
<s id="s71.1">Kedrion S. p. A.</s>
<s id="s72.1">UMAN BIG</s>
<s id="s73.1">180 IU/ ml</s>
<s id="s74.1">Raztopina za</s>
<s id="s75.1">Intramuskularna</s>
<s id="s76.1">180 IU/ ml</s>
<s id="s77.1">Loc Ai Conti 55051 Castelvecchio Pascoli, Barga (Lucca) - ITALIJA</s>
<s id="s78.1">injiciranje</s>
<s id="s79.1">uporaba</s>
<s id="s80.1">540IU/ 3ml</s>
<s id="s81.1">Slovenija</s>
<s id="s82.1">Kedrion S. p. A.</s>
<s id="s83.1">180 IU/ ml</s>
<s id="s84.1">Raztopina za</s>
<s id="s85.1">Intramuskularna</s>
<s id="s86.1">180 IU/ ml</s>
<s id="s87.1">Loc Ai Conti 55051 Castelvecchio Pascoli, Barga (Lucca) - ITALIJA</s>
<s id="s88.1">injiciranje</s>
<s id="s89.1">uporaba</s>
<s id="s90.1">540IU/ 3ml</s>
<s id="s91.1">2 Država članica EU/ EGS</s>
<s id="s92.1">Imetnik dovoljenja za promet z zdravilom</s>
<s id="s93.1">Predlagatelj, ime in naslov podjetja</s>
<s id="s94.1">Izmišljeno ime</s>
<s id="s95.1">Jakost</s>
<s id="s96.1">Farmacevtska oblika</s>
<s id="s97.1">Pot uporabe zdravila</s>
<s id="s98.1">Vsebina koncentracije</s>
<s id="s99.1">Švedska</s>
<s id="s100.1">Kedrion S. p. A.</s>
<s id="s101.1">Umanbig 180</s>
<s id="s102.1">180 IU/ ml</s>
<s id="s103.1">Raztopina za</s>
<s id="s104.1">Intramuskularna</s>
<s id="s105.1">180 IU/ ml</s>
<s id="s106.1">Loc Ai Conti 55051 Castelvecchio Pascoli, Barga (Lucca) - ITALIJA</s>
<s id="s107.1">IU/ ml solution for injection</s>
<s id="s108.1">injiciranje</s>
<s id="s109.1">uporaba</s>
<s id="s110.1">540IU/ 3ml</s>
<s id="s111.1">3 DODATEK II</s>
<s id="s112.1">ZNANSTVENI ZAKLJUČKI</s>
<s id="s113.1">4 ZNANSTVENI ZAKLJUČKI</s>
<s id="s114.1">SPLOŠNI POVZETEK ZNANSTVENEGA VREDNOTENJA ZDRAVILA UMAN BIG</s>
<s id="s115.1">Zdravilo UMAN BIG je iz plazme pridobljen zdravilni pripravek imunoglobulinov (predvsem imunoglobulin G) z natančno določeno visoko vsebnostjo protiteles proti površinskemu antigenu virusa hepatitisa B.</s>
<s id="s115.2">Zdravilo UMAN BIG spada v farmakološko skupino imunskih serumov in za človeka specifičnih imunoglobulinov za intramuskularno dajanje ter vsebuje 100– 180 g/ l plazemskih beljakovin, kjer je vsaj 90% imunoglobulina G.</s>
<s id="s115.3">Specifična nevtralizacijska protitelesa proti virusu hepatitisa B so prisotna v koncentraciji, ki znaša najmanj 180 ME/ ml.</s>
<s id="s115.4">Zdravilo je v prometu od leta 1979, in sicer za intramuskularno uporabo.</s>
<s id="s115.5">Zdravilo UMAN BIG se proizvaja iz velikih zbirov človeške plazme v konsolidiranem in validiranem industrijskemu postopku, ki zagotavlja tako skladnost z zahtevami Evropske farmakopeje kot tudi ponovljivost kakovostnih značilnosti, torej doslednost biološkega odziva.</s>
<s id="s115.6">Vloga za zdravilo UMAN BIG 180 ME/ ml raztopina za injiciranje je bila predložena v postopku medsebojnega priznavanja na podlagi dovoljenja za promet z zdravilom, ki ga je odobrila referenčna država članica (Italija) dne 2. junija 1979.</s>
<s id="s116.1">Ugovarjajoča država članica, Grčija, je opozorila na morebitno resno tveganje za javno zdravje, povezano z zasnovo predložene študije farmakokinetike, ki je bila izdelana za podporo začetni vlogi, saj je bila v študijo farmakokinetike vključena populacija, drugačna od tiste, za katero je zdravilo UMAN BIG namenjeno, in ker je bilo uporabljeno odmerjanje drugačno od tistega, opisanega v povzetku glavnih značilnosti zdravila.</s>
<s id="s116.2">Grčija je menila, da je sprememba v delovanju jeter pogost vzrok spremenjene farmakokinetike zdravila in da je bil odmerek v študiji farmakokinetike veliko večji od priporočenega odmerka v ustreznem temeljnem in predlaganem povzetku glavnih značilnosti zdravila.</s>
<s id="s116.3">Zato rezultatov študije ni mogoče ekstrapolirati na populacijo, za katero je zdravilo namenjeno, tako da raven zaščitnih protiteles proti površinskemu antigenu virusa hepatisa B v tej populaciji posledično ni znana, prav tako pa ni znano niti, ali priporočeni odmerek iz temeljnega povzetka glavnih značilnosti zdravila lahko zajamči ustrezno raven protiteles za preprečevanje hepatitisa B pri odraslih in hemodializiranih bolnikih, pa tudi pri novorojenčkih mater, ki prenašajo virus hepatitisa B.</s>
<s id="s116.4">Predlagatelj se je med postopkom referenčne države članice zavezal k izvedbi opazovalne študije na novorojenčkih, katerih matere prenašajo virus hepatitisa B.</s>
<s id="s116.5">Protokol študije je bil predložen referenčni državi članici in vsem zadevnim državam članicam.</s>
<s id="s117.1">Čeprav je referenčna država članica zaključila, da so bili zadržki odpravljeni rešeni, je ugovarjajoča zadevna država članica še vedno menila, da so za to zdravilo odkrili morebitno resno tveganje za javno zdravje v zvezi z varnostjo in učinkovitostjo.</s>
<s id="s117.2">Zaradi tega je bil postopek oktobra 2008 predložen odboru CHMP.</s>
<s id="s117.3">Po napotitvi zadeve odboru CHMP je Odbor upošteval stališči referenčne države članice in ugovarjajoče zadevne države članice ter se odločil, da sprejme seznam vprašanj, ki ga je predal Delovni skupini za krvne proizvode, da bi mu ta podala svoje stališče glede točno določenih vprašanj, ki se nanašajo na to zdravilo, in glede vprašanj, ki se nanašajo na imunoglobuline na splošno.</s>
<s id="s118.1">Povzetek poročila Delovne skupine za krvne proizvode in stališče odbora CHMP:</s>
<s id="s119.1">1.</s>
<s id="s119.2">Ali sta ena sama farmakokinetična študija v populaciji in shema odmerjanja, ki je drugačna od tiste v dovoljenju za promet z zdravilom, primerna in zadostna za podporo učinkovitosti vseh predvidenih indikacij v evropskem temeljnem povzetku glavnih značilnosti zdravila za imunoglobuline, ne da bi bila pri tem potrebna specifična klinična preizkušanja učinkovitosti?</s>
<s id="s120.1">Predlagatelj je navedel, da je edino pomembno merilo učinkovitosti za to vrsto zdravil raven zaščitnih protiteles proti površinskemu antigenu virusa hepatitisa B, ki se doseže v plazmi, saj po uvajanju cepljenja ni več mogoče ovrednotiti učinkovitosti zdravila na podlagi pojavnosti novih okužb.</s>
<s id="s120.2">Predlagatelj je poleg tega kot bibliografske reference predložil več kliničnih študij, izvedenih na populacijah, ki so reprezentativne za populacije, navedene v povzetku glavnih značilnosti zdravila, in ki potrjujejo učinkovitost zdravila UMAN BIG pri zahtevanih indikacijah.</s>
<s id="s120.3">Predlagatelj je prav tako dokazal, da po uvedbi cepljenja ni mogoče izvesti nobene klinične študije v kateri koli populaciji, vključeni v indikacijo, razen novorojenčkov.</s>
<s id="s121.1">5 Predlagatelj je predložil podatke iz farmakokinetične študije KB- 036, v kateri so ovrednotili farmakokinetični profil imunoglobulinov proti hepatitisu B pri bolnikih brez površinskega antigena virusa hepatitisa B, ki so jim presadili jetra (bolniki OLT), da bi podprli učinkovitost zdravila.</s>
<s id="s121.2">Študijo so izvedli v različnih populacijah in pri veliko večjem odmerjanju, kot je bilo priporočeno v ustreznem temeljnem povzetku glavnih značilnosti zdravila, ker je predlagatelj menil, da se indikacije, odmerjanje in podatki o farmakokinetiki, navedeni v temeljnem povzetku glavnih značilnosti zdravila, ne nanašajo posebej na to zdravilo, temveč na zdravila, ki so skladna z ustreznimi monografijami Evropske farmakopeje, kot je zdravilo UMAN BIG.</s>
<s id="s121.3">Predlagatelj je predložil bibliografske podatke, ki so dokazovali, da farmakokinetika zdravila UMAN BIG v populaciji, v kateri je bila izvedena študija farmakokinetike, natančno ustreza tisti iz študije pri zdravih prostovoljcih.</s>
<s id="s121.4">Zaradi tega populacija študije KB- 036 ni vplivala na dobljene rezultate, čeprav je predstavljala posebno podskupino bolnikov.</s>
<s id="s121.5">Reference iz literature kažejo tudi, da je farmakokinetični profil zdravila UMAN BIG primerljiv s profilom drugih intramuskularnih imunoglubulinskih zdravil proti hepatitisu B.</s>
<s id="s122.1">Predlagatelj je predložil izčrpne objavljene podatke o uporabi zdravila UMAN BIG pri zaščiti novorojenčkov pred hepatitisom B, ki ga lahko dobijo od mater prenašalk površinskega antigena virusa hepatitisa B, s čimer so dokazali njegovo učinkovitost pri tej določeni podskupini populacije.</s>
<s id="s122.2">Zdravilo UMAN BIG je prejelo več kot 1 000 italijanskih novorojenčkov, vključenih v študije (objavljene med letoma 1983 in 2001), shema odmerjanja in zaščitni prag (10 m ME/ ml) pa sta skladni z določili v trenutno veljavnem temeljnem povzetku glavnih značilnosti zdravila ter predlaganem povzetku glavnih značilnosti zdravila.</s>
<s id="s122.3">Glede varnosti in farmakokinetike zdravila UMAN BIG pri novorojenčkih, ki so zdravilo prejeli za preprečevanje prenosa virusa hepatitisa B od mater, okuženih s površinskim antigenom virusa hepatitisa B, obstaja dovolj podatkov.</s>
<s id="s122.4">Poleg tega obstajajo tudi prepričljivi dokazi, da je zdravilo UMAN BIG skupaj z aktivno imunizacijo proti virusu hepatitisa B preprečilo prenos virusa hepatitisa B na novorojenčke od mater z antigenom e+ virusa hepatitisa B.</s>
<s id="s122.5">Na koncu dokumenti, ki jih citira predlagatelj, dokazujejo, da je zdravilo UMAN BIG preprečilo, da bi novorojenčki mater, okuženih z antigenom e virusa hepatitisa B, sami postali kronični prenašalci površinskega antigena virusa hepatitisa B.</s>
<s id="s123.1">Delovna skupina za krvne proizvode je ugotovila, da zdravilo UMAN BIG ustreza monografiji Evropske farmakopeje (0722) in da je v študiji pri stabiliziranih bolnikih po presaditvi jeter, ki nimajo površinskega antigena/ antigena e virusa hepatitisa B, pokazalo farmakokinetični in varnostni profil, ki sta v pričakovanih razponih za imunoglobuline.</s>
<s id="s123.2">Dosegli so ravni protiteles, ki so znašale ≥ 100 ME/ ml.</s>
<s id="s123.3">Predlagatelj je poleg tega predložil objavljene podatke iz študij, ki jih ni vodil sponzor in so se nanašale na uporabo zdravila UMAN BIG za zaščito pred hepatitisom B pri približno 1 000 novorojenčkih mater, ki so prenašale površinski antigen virusa hepatitisa B.</s>
<s id="s123.4">Shema odmerjanja in zaščitni prag sta bili skladni s trenutno veljavnim temeljnim povzetkom glavnih značilnosti zdravila.</s>
<s id="s123.5">Delovna skupina za krvne proizvode je na podlagi dokazovanja načela, ki velja za vse imunoglobuline, menila, da je predložitev ene same farmakokinetične študije sprejemljiva.</s>
<s id="s124.1">Odbor CHMP je ugotovil, da se zdravilo UMAN BIG proizvaja iz velikih zbirov človeške plazme v konsolidiranem in validiranem industrijskem postopku ter da je skladnost zdravila UMAN BIG z monografijami Evropske farmakopeje dobro znana.</s>
<s id="s124.2">Farmakokinetična študija KB- 036 kaže, da protitelesa proti površinskemu antigenu virusa hepatitisa B v zdravilu UMAN BIG ohranjajo kinetični profil naravnih protiteles in da celotni postopek proizvodnje ne vpliva na njihove lastnosti ali celovitost imunoglobulinske molekule ter zato ne spremeni biološkega odziva.</s>
<s id="s124.3">Farmakokinetično obnašanje, še posebno z vidika razpolovne dobe protiteles proti hepatitisu B in ohranjanja zaščitnega titra protiteles, se lahko upošteva kot sprejemljiv nadomestni označevalec učinkovitosti.</s>
<s id="s124.4">Odbor CHMP je prav tako ugotovil, da se je predlagatelj zavezal k izvajanju opazovalne študije pri novorojenčkih, katerih matere so prenašalke virusa hepatitisa B.</s>
<s id="s124.5">Zaradi tega je odbor CHMP menil, da te ugotovitve skupaj s skladnostjo z zahtevami Evropske farmakopeje glede jakosti in dolgotrajnega učinka pri klinični uporabi podpirajo učinkovitost zdravila in indikacij, ki so navedene v povzetku glavnih značilnosti zdravila, in menil, da je predložitev ene same študije farmakokinetike sprejemljiva.</s>
<s id="s125.1">2.</s>
<s id="s125.2">Ali so podatki o varnosti po izdaji dovoljenja za promet, pridobljeni iz samo ene države EU, zadostni za opredelitev varnostnega profila zdravila?</s>
<s id="s126.1">6 Predlagatelj je predložil povzetek razpoložljivih podatkov o izkušnjah po izdaji dovoljenja za promet za zdravilo UMAN BIG in zdravila IMMUNOHB (druga trgovska znamka enakega zdravila z enakimi velikostmi pakiranja in koncentracijo, ki ga proizvajajo isti proizvodni obrati po istem proizvodnem postopku) kažejo, da je bilo med junijem 1995 in decembrom 2007 po svetu prodanih približno 143 381 160 ME zdravil IMMUNOHB in približno 11 695 680 ME zdravila UMAN BIG.</s>
<s id="s126.2">Predlagatelj je predložil tudi podatke o izpostavljenosti, v katerih je navedeno, da so bolniki prejeli vsega skupaj približno 143 589 injekcij.</s>
<s id="s126.3">V tem času predlagatelj prek literature ali od regulativnih organov, zdravnikov, farmacevtov ali bolnikov ni prejel nobenih obvestil o neželenih učinkih, povezanih z zdravili IMMUNOHB in UMAN BIG.</s>
<s id="s126.4">Iskanje po literaturi o specifičnih imunoglobulinih za intramuskularno dajanje je v glavnem pokazalo zadovoljiv profil prenašanja in varnosti, tudi kadar so opazili blage do zmerne neželene učinke.</s>
<s id="s126.5">Poročali so tudi o omejenem številu primerov slabosti, bruhanja, hipotenzije, tahikardije, alergičnih ali anafilaktičnih reakcij.</s>
<s id="s126.6">Poleg tega je tveganje morebitnega prenosa kužnih povzročiteljev z dajanjem imunoglobulinov proti virusu hepatitisa B zaradi vrhunskega znanja in postopkov za nadzorovanje kakovosti samo teoretično.</s>
<s id="s127.1">Predlagatelj je zaključil, da ni na voljo novih podatkov o prenašanju zdravila, ki bi kazali na spremembo varnostnega profila zdravila UMAN BIG.</s>
<s id="s127.2">Po mnenju predlagatelja, lastnosti zdravila, razpoložljivi varnostni podatki in celotni varnostni sistem ne upravičujejo nobenih priporočil glede nadaljnjih ukrepov za zmanjšanje tveganja.</s>
<s id="s128.1">Delovna skupina za krvne proizvode je menila, da podatki o varnosti zdravila po izdaji dovoljenja za promet, ki so bili pridobljeni samo v eni državi članici EU, lahko zadostujejo za opredelitev varnostnega profila zdravila, če velja, da sta kakovost podatkov in sistema farmakovigilance zadostni.</s>
<s id="s129.1">Odbor CHMP je ugotovil, da je v Italiji prisoten aktiven sistem farmakovigilance od leta 1975, kar zagotavlja strogo nadzorovanje neželenih učinkov, ki so povezani z zdravili, in da zbirka podatkov italijanske farmakovigilance ne vsebuje niti enega suma na neželeni učinek, ki bi bil povezan z zdravilom UMAN BIG, kar je skladno z izjavo predlagatelja o varnosti zdravila UMAN BIG.</s>
<s id="s129.2">Odbor CHMP je zaradi tega menil, da predlagani podatki o varnosti zdravila po izdaji dovoljenja za promet zadostujejo za ovrednotenje varnostnega profila zdravila, tudi če izvirajo iz ene same države članice EU.</s>
<s id="s130.1">3.</s>
<s id="s130.2">Ali je treba pri tem zdravilu skladno s točko 5. 3 temeljnega povzetka glavnih značilnosti za humani imunoglobulin za IV. dajanje predložiti tudi neklinične in za zdravilo specifične varnostne podatke?</s>
<s id="s130.3">Če je odgovor pritrdilen, kakšno vrsto nekliničnih študij je treba izvesti?</s>
<s id="s131.1">Delovna skupina za krvne proizvode je menila, da podatki iz predkliničnih študij ne dajejo dodatnih informacij glede dejanskega imunoglobulina in da so pogosto potrebni podatki o pomožnih snoveh.</s>
<s id="s131.2">Zdravilo UMAN BIG vsebuje kot pomožno snov glicin, naravno aminokislino, zaradi česar ni pričakovati povzročanja težav.</s>
<s id="s132.1">Odbor CHMP je menil, da se lahko na podlagi 28 let kliničnih izkušenj z obstoječo formulacijo zdravila UMAN BIG privzame, da je bila varnost pri ljudeh obsežno ovrednotena.</s>
<s id="s132.2">Odbor CHMP je na podlagi obsežne klinične uporabe in podpornih podatkov o farmakovigilanci tudi menil, da nova predklinična preiskava v tem trenutku ne bi bila upravičena.</s>
<s id="s133.1">4.</s>
<s id="s133.2">Ali Delovna skupina za krvne proizvode meni, da je treba sestaviti posebno opombo za smernice o kliničnem preiskovanju imunoglobulinov proti hepatitisu B, pridobljenih iz človeške plazme, da bi začrtali zahteve, še posebej glede zasnove kliničnih študij in potrebnih varnostnih podatkov za zahtevane indikacije?</s>
<s id="s134.1">Delovna skupina za krvne proizvode je ugotovila, da smernice ne bi pripomogle k trenutno predloženim vlogam, temveč da je potrebna kombinirana smernica o podatkih, ki se pričakujejo v podporo vlogam za določene imunoglobuline proti hepatitisu B, noricam, tetanusu, encefalitisu, ki ga prenašajo klopi, in steklini, za katere trenutno obstaja le temeljni povzetek glavnih značilnosti zdravila.</s>
<s id="s135.1">7 CHMP v celoti podpira razvoj kombinirane smernice za specifične imunoglobuline, da bi uskladil zahteve za odobritev dovoljenja za promet z zdravilom.</s>
<s id="s136.1">Na koncu je odbor CHMP za nasvet o štirih vprašanjih za razpravo prosil Delovno skupino za krvne proizvode in upošteval pozitivno priporočilo v prid zdravilu UMAN BIG, ki ga je v poročilu z dne 27. novembra 2008 podala Delovna skupina za krvne proizvode.</s>
<s id="s136.2">Odbor CHMP je ugotovil, da se v 28 letih obširne klinične prakse ni pojavilo nobeno sporno vprašanje glede varnosti po obširni uporabi v času pred cepljenjem in po njem ter da italijanska zbirka podatkov o farmakovigilanci ne vsebuje niti enega znaka suma na kakršne koli neželene učinke, povezane z zdravilom UMAN BIG.</s>
<s id="s136.3">Odbor CHMP je prav tako ugotovil, da se je predlagatelj zavezal k izvedbi opazovalne študije pri novorojenčkih, katerih matere so prenašalke virusa hepatitisa B.</s>
<s id="s136.4">CHMP je menil, da je učinkovitost pri zahtevanih indikacijah dokazana na podlagi predložene farmakokinetične študije in podatkov iz literature.</s>
<s id="s136.5">Zaradi tega odbor CHMP meni, da se lahko razmerje med koristmi in tveganji za zdravilo upošteva kot pozitivno in da se lahko zdravilo odobri.</s>
<s id="s137.1">PODLAGA ZA MNENJE</s>
<s id="s138.1">Ob upoštevanju, da:</s>
<s id="s139.1">- je CHMP menil, da predloženi podatki o varnosti zdravila po izdaji dovoljenja za promet zadostujejo</s>
<s id="s140.1">za ugotovitev pozitivnega varnostnega profila zdravila UMAN BIG,</s>
<s id="s141.1">- je CHMP menil, da je profil učinkovitosti zdravila UMAN BIG zadovoljiv za indikacije, ki so</s>
<s id="s142.1">navedene v povzetku glavnih značilnosti zdravila,</s>
<s id="s143.1">- je CHMP menil, da je razmerje med koristmi in tveganji za zdravilo UMAN BIG pozitivno,</s>
<s id="s144.1">je CHMP priporočil odobritev dovoljenja za promet z zdravilom, katerega povzetek glavnih značilnosti zdravila, označevanje in navodilo za uporabo ostanejo enaki kot končne različice, dogovorjene med postopkom Usklajevalne skupine, kakor je omenjeno v Dodatku III za zdravilo UMAN BIG.</s>
<s id="s145.1">8 DODATEK III</s>
<s id="s146.1">POVZETEK GLAVNIH ZNAČILNOSTI ZDRAVILA, OZNAČEVANJE IN NAVODILO ZA UPORABO</s>
<s id="s147.1">9 Veljavni povzetek glavnih značilnosti zdravila, označevanje in navodilo za uporabo so zadnje različice, ki so bile pripravljene v postopku koordinacijske skupine.</s>
<s id="s148.1">10</s>
</body>
</letsmt>
