<?xml version="1.0" encoding="utf-8"?>
<letsmt version="1.0">
<head></head>
<body>
<s id="s1.1">EU Number</s>
<s id="s2.1">Invented Name Strength</s>
<s id="s3.1">Pharmaceutical Target species Form</s>
<s id="s4.1">Route of administration</s>
<s id="s5.1">Packaging</s>
<s id="s6.1">Content</s>
<s id="s7.1">Package size</s>
<s id="s8.1">Withdrawal period</s>
<s id="s9.1">EU/ 2/ 08/ 086/ 001 Duvaxyn WNV RP 1.0 - 2.2</s>
<s id="s10.1">Emulsion for injection</s>
<s id="s11.1">Horses</s>
<s id="s12.1">Intramuscular use</s>
<s id="s13.1">Polypropylene syringe with latex-free rubber tip</s>
<s id="s14.1">1 ml</s>
<s id="s15.1">5</s>
<s id="s16.1">Zero days</s>
<s id="s17.1">EU/ 2/ 08/ 086/ 002 Duvaxyn WNV RP 1.0 - 2.2</s>
<s id="s18.1">Emulsion for injection</s>
<s id="s19.1">Horses</s>
<s id="s20.1">Intramuscular use</s>
<s id="s21.1">Polypropylene syringe with latex-free rubber tip</s>
<s id="s22.1">1 ml</s>
<s id="s23.1">10</s>
<s id="s24.1">Zero days</s>
<s id="s25.1">EU/ 2/ 08/ 086/ 003 Duvaxyn WNV RP 1.0 - 2.2</s>
<s id="s26.1">Emulsion for injection</s>
<s id="s27.1">Horses</s>
<s id="s28.1">Intramuscular use</s>
<s id="s29.1">Polypropylene syringe with latex-free rubber tip</s>
<s id="s30.1">1 ml</s>
<s id="s31.1">25</s>
<s id="s32.1">Zero days</s>
</body>
</letsmt>
