<?xml version="1.0" encoding="utf-8"?>
<letsmt version="1.0">
<head></head>
<body>
<s id="s1.1">EU številka</s>
<s id="s2.1">Izmišljeno ime Jakost</s>
<s id="s3.1">Farmacevtska oblika</s>
<s id="s4.1">Ciljna živalska vrsta</s>
<s id="s5.1">Način uporabe Ovojnina zdravila</s>
<s id="s6.1">Vsebina</s>
<s id="s7.1">Velikost pakiranja</s>
<s id="s8.1">Karenca</s>
<s id="s9.1">EU/ 2/ 99/ 013/ 001</s>
<s id="s10.1">Halocur</s>
<s id="s11.1">0. 5 mg/ ml</s>
<s id="s12.1">Peroralna raztopina</s>
<s id="s13.1">Za teleta</s>
<s id="s14.1">Za peroralno dajanje</s>
<s id="s15.1">Plastenka po 490 ml 500 ml s 490 ml peroralne raztopine</s>
<s id="s16.1">Plastenka po 500 ml</s>
<s id="s17.1">Meso in organi:</s>
<s id="s17.2">13 dni</s>
<s id="s18.1">EU/ 2/ 99/ 013/ 002</s>
<s id="s19.1">Halocur</s>
<s id="s20.1">0. 5 mg/ ml</s>
<s id="s21.1">Peroralna raztopina</s>
<s id="s22.1">Za teleta</s>
<s id="s23.1">Za peroralno dajanje</s>
<s id="s24.1">Plastenka po 980 ml 1000 ml z 980 ml peroralne raztopine</s>
<s id="s25.1">Plastenka po 1000 ml</s>
<s id="s26.1">Meso in organi:</s>
<s id="s26.2">13 dni</s>
<s id="s27.1">1/ 1</s>
</body>
</letsmt>
