<?xml version="1.0" encoding="utf-8"?>
<letsmt version="1.0">
<head></head>
<body>
<s id="s1.1">European Medicines Agency Veterinary Medicines</s>
<s id="s2.1">EMEA/ V/ C/ 040</s>
<s id="s3.1">EVROPSKO JAVNO POROČILO O OCENI ZDRAVILA (EPAR)</s>
<s id="s4.1">HALOCUR</s>
<s id="s5.1">Povzetek EPAR za javnost</s>
<s id="s6.1">Ta dokument je povzetek Evropskega javnega poročila o oceni zdravila (EPAR).</s>
<s id="s6.2">Njegov namen je pojasniti, kako je Odbor za zdravila za uporabo v veterinarski medicini (CVMP) ocenil predloženo dokumentacijo, na podlagi česar je oblikoval priporočila glede uporabe zdravila.</s>
<s id="s6.3">Ta dokument ne more nadomestiti osebnega pogovora z veterinarjem.</s>
<s id="s6.4">Če potrebujete več informacij o zdravstvenem stanju ali zdravljenju vaše živali, se posvetujte z veterinarjem.</s>
<s id="s6.5">Če želite več informacij o podlagi za priporočila CVMP, preberite znanstveno razpravo (ki je prav tako del EPAR).</s>
<s id="s7.1">Kaj je zdravilo Halocur?</s>
<s id="s7.2">Zdravilo Halocur vsebuje zdravilno učinkovino halofuginon laktat, ki se uporablja proti zajedavskim boleznim, ki jih povzročajo protozoji.</s>
<s id="s7.3">Zdravilo Halocur je na voljo kot bistra rumena raztopina za peroralno uporabo.</s>
<s id="s8.1">Za kaj se zdravilo Halocur uporablja?</s>
<s id="s8.2">Zdravilo Halocur se uporablja pri novorojenih teletih za preprečevanje ali blaženje driske, ki jo povzroča organizem Cryptosporidium parvum.</s>
<s id="s8.3">To je zajedavec iz družine protozojev, ki vdre v prebavni sistem in povzroči drisko.</s>
<s id="s8.4">Zdravilo Halocur se lahko uporablja: • za preprečevanje driske na kmetijah, na katerih se je že v preteklosti pojavljala kriptosporidioza (okužba s Cryptosporidium), če se daje novorojenim teletom v prvih 24 do 48 urah življenja, • za blažitev driske, če se daje v 24 urah po nastopu driske.</s>
<s id="s8.5">V vseh primerih se zdravilo Halocur daje teletu peroralno po krmi, ne na prazen želodec, enkrat dnevno sedem dni zaporedoma.</s>
<s id="s9.1">Kako zdravilo Halocur deluje?</s>
<s id="s9.2">Zdravilna učinkovina zdravila Halocur, halofuginon laktat, preprečuje rast Cryptosporidium parvum.</s>
<s id="s9.3">Preprečuje tudi tvorjenje oocist, ki nastajajo v določeni stopnji življenjskega cikla zajedavca in se izločajo v iztrebke.</s>
<s id="s9.4">Slednje prispeva k širjenju bolezni na druge živali.</s>
<s id="s9.5">Klinični znaki okužbe s Cryptosporidium parvum se kažejo pretežno kot driska.</s>
<s id="s9.6">Natančen način delovanja halofuginona ni znan.</s>
<s id="s10.1">Kako je bilo zdravilo Halocur raziskano?</s>
<s id="s10.2">Izvedenih je bilo več terenskih raziskav s teleti z različnih kmetij.</s>
<s id="s10.3">Ena izmed raziskav je vključevala teleta s 40 kmetij.</s>
<s id="s10.4">Dokazano je bilo, da zdravljenje s priporočenim odmerkom zdravila Halocur peroralno 7 zaporednih dni pri teletih, starih od 4 do 10 dni, v primerjavi s placebom ublaži drisko.</s>
<s id="s10.5">Druga raziskava s teleti, starimi od 24 do 48 ur, je pokazala, da zdravilo Halocur v primerjavi s placebom lahko prepreči drisko, ki jo povzroča Cryptosporidium parvum.</s>
<s id="s11.1">7 Westferry Circus, Canary Wharf, London E14 4HB, UK Tel.</s>
<s id="s11.2">(44- 20) 74 18 84 00 Fax (44- 20) 74 18 84 47 E- mail: mail@ emea. europa. eu http: // www. emea. europa. eu ©EMEA 2007 Reproduction and/ or distribution of this document is authorised for non commercial purposes only provided the EMEA is acknowledged Kakšne koristi je zdravilo Halocur izkazalo med raziskavami?</s>
<s id="s11.3">Raziskave so pokazale, da zdravilo Halocur pri teletih zmanjša raven izločanja Cryptosporidium parvum in ublaži drisko.</s>
<s id="s11.4">Izkazalo se je tudi, da prepreči drisko po 11 dneh zdravljenja.</s>
<s id="s11.5">V teh raziskavah so zdravilo Halocur primerjali s placebom.</s>
<s id="s11.6">Kot najučinkovitejše se je izkazalo zgodnje zdravljenje v prvih 24 do 48 urah po skotitvi.</s>
<s id="s12.1">Kakšna tveganja so povezana z zdravilom Halocur?</s>
<s id="s12.2">Če se zdravilo Halocur daje v odmerku, ki je dvakrat večji od priporočenega, se lahko pojavijo simptomi toksičnosti.</s>
<s id="s12.3">Takšni simptomi lahko vključujejo drisko, vidne sledi krvi v iztrebkih, manjše uživanje mleka, dehidracijo, apatijo (pomanjkanje odzivnosti), šibkost in kolaps.</s>
<s id="s12.4">Zdravilo Halocur se ne sme uporabljati pri teletih v primerih, ko driska traja več kot 24 ur, ali pri šibkih živalih.</s>
<s id="s12.5">Zdravilo Halocur je treba dajati po krmi.</s>
<s id="s13.1">Kakšne previdnostne ukrepe mora upoštevati oseba, ki daje zdravilo ali pride v stik z živaljo?</s>
<s id="s13.2">Pri ljudeh, ki pogosto rokujejo z zdravilom Halocur, se lahko pojavijo kožne alergije.</s>
<s id="s13.3">Uporabniki se morajo izogibati stiku zdravila s kožo in očmi; v primeru takšnega stika morajo izpostavljen predel temeljito umiti s čisto vodo.</s>
<s id="s13.4">Če draženje oči ne izgine, je treba poiskati pomoč zdravnika.</s>
<s id="s13.5">Med rokovanjem z zdravilom je treba nositi zaščitne rokavice, po uporabi pa si je treba umiti roke.</s>
<s id="s14.1">Zdravilo Halocur ne sme priti v vodotoke, ker je lahko nevarno za ribe in druge vodne organizme.</s>
<s id="s14.2">Neuporabljeno zdravilo ali odpadne snovi je treba odstraniti v skladu z nacionalnimi določili.</s>
<s id="s15.1">Koliko časa je potrebno počakati pred zakolom in uporabo mesa za prehrano ljudi (karenca)?</s>
<s id="s15.2">13 dni.</s>
<s id="s16.1">Koliko časa je potrebno počakati pred uporabo mleka živali za prehrano ljudi?</s>
<s id="s16.2">Navedba smiselno ni potrebna, ker se zdravilo uporablja samo pri novorojenih teletih.</s>
<s id="s17.1">Zakaj je bilo zdravilo Halocur odobreno?</s>
<s id="s17.2">Odbor za zdravila za uporabo v veterinarski medicini (CVMP) je odločil, da so koristi zdravila Halocur pri preprečevanju in zmanjševanju driske, ki jo povzroča Cryptosporidium parvum, pri novorojenih teletih večje od z njim povezanih tveganj.</s>
<s id="s17.3">Zato je priporočil, da se za zdravilo Halocur odobri dovoljenje za promet.</s>
<s id="s17.4">Razmerje med koristmi in tveganji najdete v modulu 6 tega Evropskega javnega poročila o oceni zdravila (EPAR).</s>
<s id="s18.1">Druge informacije o zdravilu Halocur:</s>
<s id="s18.2">Evropska komisija je dovoljenje za promet z zdravilom Halocur, veljavno po vsej Evropski uniji, odobrila družbi Intervet International B. V. dne 29. oktobra 1999.</s>
<s id="s18.3">Dovoljenje za promet z zdravilom je bilo podaljšano dne 29. oktobra 2004.</s>
<s id="s18.4">Informacije o predpisovanju tega izdelka najdete na nalepki na steklenički.</s>
<s id="s19.1">Ta povzetek je bil nazadnje posodobljen junija 2007.</s>
<s id="s20.1">©EMEA 2007</s>
<s id="s21.1">Stran 2/ 2</s>
</body>
</letsmt>
