<?xml version="1.0" encoding="utf-8"?>
<text>
<p id="1">
<s id="s1.1">
 <w id="w1.1.1">European</w> 
 <w id="w1.1.2">Medicines</w> 
 <w id="w1.1.3">Agency</w>
</s></p>

<p id="2">
<s id="s2.1">
 <w id="w2.1.1">EMEA/</w>
 <w id="w2.1.2">H/</w>
 <w id="w2.1.3">C/</w>
 <w id="w2.1.4">334</w>
</s></p>

<p id="3">
<s id="s3.1">
 <w id="w3.1.1">EVROPSKO</w> 
 <w id="w3.1.2">JAVNO</w> 
 <w id="w3.1.3">POROČILO</w> 
 <w id="w3.1.4">O</w> 
 <w id="w3.1.5">OCENI</w> 
 <w id="w3.1.6">ZDRAVILA</w> 
 <w id="w3.1.7">(</w>
 <w id="w3.1.8">EPAR</w>
 <w id="w3.1.9">)</w>
</s></p>

<p id="4">
<s id="s4.1">
 <w id="w4.1.1">CEPROTIN</w>
</s></p>

<p id="5">
<s id="s5.1">
 <w id="w5.1.1">Povzetek</w> 
 <w id="w5.1.2">EPAR</w> 
 <w id="w5.1.3">za</w> 
 <w id="w5.1.4">javnost</w>
</s></p>

<p id="6">
<s id="s6.1">
 <w id="w6.1.1">Ta</w> 
 <w id="w6.1.2">dokument</w> 
 <w id="w6.1.3">je</w> 
 <w id="w6.1.4">povzetek</w> 
 <w id="w6.1.5">Evropskega</w> 
 <w id="w6.1.6">javnega</w> 
 <w id="w6.1.7">poročila</w> 
 <w id="w6.1.8">o</w> 
 <w id="w6.1.9">oceni</w> 
 <w id="w6.1.10">zdravila</w> 
 <w id="w6.1.11">(</w>
 <w id="w6.1.12">EPAR</w>
 <w id="w6.1.13">)</w>
 <w id="w6.1.14">.</w>
</s> 
 
<s id="s6.2">
 <w id="w6.2.1">Pojasnjuje</w>
 <w id="w6.2.2">,</w> 
 <w id="w6.2.3">kako</w>   
 <w id="w6.2.4">je</w> 
 <w id="w6.2.5">Odbor</w> 
 <w id="w6.2.6">za</w> 
 <w id="w6.2.7">zdravila</w> 
 <w id="w6.2.8">za</w> 
 <w id="w6.2.9">uporabo</w> 
 <w id="w6.2.10">v</w> 
 <w id="w6.2.11">humani</w> 
 <w id="w6.2.12">medicini</w> 
 <w id="w6.2.13">(</w>
 <w id="w6.2.14">CHMP</w>
 <w id="w6.2.15">)</w> 
 <w id="w6.2.16">ocenil</w> 
 <w id="w6.2.17">opravljene</w> 
 <w id="w6.2.18">študije</w>
 <w id="w6.2.19">,</w> 
 <w id="w6.2.20">na</w> 
 <w id="w6.2.21">podlagi</w>   
 <w id="w6.2.22">katerih</w> 
 <w id="w6.2.23">je</w> 
 <w id="w6.2.24">oblikoval</w> 
 <w id="w6.2.25">priporočila</w> 
 <w id="w6.2.26">glede</w> 
 <w id="w6.2.27">uporabe</w> 
 <w id="w6.2.28">zdravila</w>
 <w id="w6.2.29">.</w>
</s>   
 
<s id="s6.3">
 <w id="w6.3.1">Če</w> 
 <w id="w6.3.2">potrebujete</w> 
 <w id="w6.3.3">več</w> 
 <w id="w6.3.4">informacij</w> 
 <w id="w6.3.5">o</w> 
 <w id="w6.3.6">vašem</w> 
 <w id="w6.3.7">zdravstvenem</w> 
 <w id="w6.3.8">stanju</w> 
 <w id="w6.3.9">ali</w> 
 <w id="w6.3.10">zdravljenju</w>
 <w id="w6.3.11">,</w> 
 <w id="w6.3.12">preberite</w> 
 <w id="w6.3.13">Navodilo</w> 
 <w id="w6.3.14">za</w>   
 <w id="w6.3.15">uporabo</w> 
 <w id="w6.3.16">(</w>
 <w id="w6.3.17">ki</w> 
 <w id="w6.3.18">je</w> 
 <w id="w6.3.19">prav</w> 
 <w id="w6.3.20">tako</w> 
 <w id="w6.3.21">del</w> 
 <w id="w6.3.22">EPAR</w>
 <w id="w6.3.23">)</w> 
 <w id="w6.3.24">ali</w> 
 <w id="w6.3.25">se</w> 
 <w id="w6.3.26">posvetujte</w> 
 <w id="w6.3.27">s</w> 
 <w id="w6.3.28">svojim</w> 
 <w id="w6.3.29">zdravnikom</w> 
 <w id="w6.3.30">ali</w> 
 <w id="w6.3.31">s</w> 
 <w id="w6.3.32">farmacevtom</w>
 <w id="w6.3.33">.</w>
</s> 
 
<s id="s6.4">
 <w id="w6.4.1">Če</w>   
 <w id="w6.4.2">želite</w> 
 <w id="w6.4.3">več</w> 
 <w id="w6.4.4">informacij</w>
 <w id="w6.4.5">,</w> 
 <w id="w6.4.6">ki</w> 
 <w id="w6.4.7">temeljijo</w> 
 <w id="w6.4.8">na</w> 
 <w id="w6.4.9">priporočilih</w> 
 <w id="w6.4.10">CHMP</w>
 <w id="w6.4.11">,</w> 
 <w id="w6.4.12">preberite</w> 
 <w id="w6.4.13">znanstveno</w> 
 <w id="w6.4.14">razpravo</w> 
 <w id="w6.4.15">(</w>
 <w id="w6.4.16">ki</w> 
 <w id="w6.4.17">je</w>   
 <w id="w6.4.18">prav</w> 
 <w id="w6.4.19">tako</w> 
 <w id="w6.4.20">del</w> 
 <w id="w6.4.21">EPAR</w>
 <w id="w6.4.22">)</w>
 <w id="w6.4.23">.</w>
</s></p>

<p id="7">
<s id="s7.1">
 <w id="w7.1.1">Kaj</w> 
 <w id="w7.1.2">je</w> 
 <w id="w7.1.3">zdravilo</w> 
 <w id="w7.1.4">CEPROTIN</w>
 <w id="w7.1.5">?</w>
</s>   
 
<s id="s7.2">
 <w id="w7.2.1">Zdravilo</w> 
 <w id="w7.2.2">CEPROTIN</w> 
 <w id="w7.2.3">je</w> 
 <w id="w7.2.4">prašek</w> 
 <w id="w7.2.5">in</w> 
 <w id="w7.2.6">vehikel</w>
 <w id="w7.2.7">,</w> 
 <w id="w7.2.8">ki</w> 
 <w id="w7.2.9">se</w> 
 <w id="w7.2.10">zmešata</w> 
 <w id="w7.2.11">v</w> 
 <w id="w7.2.12">raztopino</w> 
 <w id="w7.2.13">za</w> 
 <w id="w7.2.14">injiciranje</w>
 <w id="w7.2.15">.</w>
</s>   
 
<s id="s7.3">
 <w id="w7.3.1">Zdravilo</w> 
 <w id="w7.3.2">vsebuje</w> 
 <w id="w7.3.3">zdravilno</w> 
 <w id="w7.3.4">učinkovino</w> 
 <w id="w7.3.5">humani</w> 
 <w id="w7.3.6">protein</w> 
 <w id="w7.3.7">C</w>
 <w id="w7.3.8">.</w>
</s></p>

<p id="8">
<s id="s8.1">
 <w id="w8.1.1">Za</w> 
 <w id="w8.1.2">kaj</w> 
 <w id="w8.1.3">se</w> 
 <w id="w8.1.4">zdravilo</w> 
 <w id="w8.1.5">CEPROTIN</w> 
 <w id="w8.1.6">uporablja</w>
 <w id="w8.1.7">?</w>
</s>   
 
<s id="s8.2">
 <w id="w8.2.1">Protein</w> 
 <w id="w8.2.2">C</w> 
 <w id="w8.2.3">je</w> 
 <w id="w8.2.4">naravna</w> 
 <w id="w8.2.5">učinkovina</w> 
 <w id="w8.2.6">v</w> 
 <w id="w8.2.7">krvi</w>
 <w id="w8.2.8">,</w> 
 <w id="w8.2.9">ki</w> 
 <w id="w8.2.10">nadzoruje</w> 
 <w id="w8.2.11">njeno</w> 
 <w id="w8.2.12">strjevanje</w>
 <w id="w8.2.13">.</w>
</s> 
 
<s id="s8.3">
 <w id="w8.3.1">Zdravilo</w> 
 <w id="w8.3.2">CEPROTIN</w> 
 <w id="w8.3.3">se</w>   
 <w id="w8.3.4">uporablja</w> 
 <w id="w8.3.5">pri</w> 
 <w id="w8.3.6">bolnikih</w> 
 <w id="w8.3.7">s</w> 
 <w id="w8.3.8">hudim</w> 
 <w id="w8.3.9">prirojenim</w> 
 <w id="w8.3.10">(</w>
 <w id="w8.3.11">dednim</w>
 <w id="w8.3.12">)</w> 
 <w id="w8.3.13">pomanjkanjem</w> 
 <w id="w8.3.14">proteina</w> 
 <w id="w8.3.15">C</w> 
 <w id="w8.3.16">za</w> 
 <w id="w8.3.17">zdravljenje</w> 
 <w id="w8.3.18">purpure</w>   
 <w id="w8.3.19">fulminans</w> 
 <w id="w8.3.20">(</w>
 <w id="w8.3.21">obsežnega</w> 
 <w id="w8.3.22">strjevanja</w> 
 <w id="w8.3.23">krvi</w> 
 <w id="w8.3.24">v</w> 
 <w id="w8.3.25">žilju</w>
 <w id="w8.3.26">,</w> 
 <w id="w8.3.27">ki</w> 
 <w id="w8.3.28">povzroča</w> 
 <w id="w8.3.29">odmiranje</w> 
 <w id="w8.3.30">tkiv</w> 
 <w id="w8.3.31">tik</w> 
 <w id="w8.3.32">pod</w> 
 <w id="w8.3.33">kožo</w>
 <w id="w8.3.34">,</w> 
 <w id="w8.3.35">kar</w> 
 <w id="w8.3.36">pogosto</w>   
 <w id="w8.3.37">privede</w> 
 <w id="w8.3.38">do</w> 
 <w id="w8.3.39">okvar</w> 
 <w id="w8.3.40">organov</w> 
 <w id="w8.3.41">in</w> 
 <w id="w8.3.42">amputacij</w>
 <w id="w8.3.43">)</w> 
 <w id="w8.3.44">in</w> 
 <w id="w8.3.45">kumarinske</w> 
 <w id="w8.3.46">kožne</w> 
 <w id="w8.3.47">nekroze</w> 
 <w id="w8.3.48">(</w>
 <w id="w8.3.49">zapleta</w> 
 <w id="w8.3.50">pri</w> 
 <w id="w8.3.51">antikoagulentnem</w>   
 <w id="w8.3.52">zdravljenju</w> 
 <w id="w8.3.53">z</w> 
 <w id="w8.3.54">zdravili</w>
 <w id="w8.3.55">,</w> 
 <w id="w8.3.56">kot</w> 
 <w id="w8.3.57">je</w> 
 <w id="w8.3.58">varfarin</w>
 <w id="w8.3.59">,</w> 
 <w id="w8.3.60">kar</w> 
 <w id="w8.3.61">povzroči</w> 
 <w id="w8.3.62">odmiranje</w> 
 <w id="w8.3.63">kože</w>
 <w id="w8.3.64">)</w>
 <w id="w8.3.65">.</w>
</s> 
 
<s id="s8.4">
 <w id="w8.4.1">Zdravilo</w> 
 <w id="w8.4.2">CEPROTIN</w> 
 <w id="w8.4.3">se</w> 
 <w id="w8.4.4">uporablja</w>   
 <w id="w8.4.5">tudi</w> 
 <w id="w8.4.6">za</w> 
 <w id="w8.4.7">kratkotrajno</w> 
 <w id="w8.4.8">preprečevanje</w> 
 <w id="w8.4.9">strjevanja</w> 
 <w id="w8.4.10">krvi</w> 
 <w id="w8.4.11">pri</w> 
 <w id="w8.4.12">bolnikih</w> 
 <w id="w8.4.13">s</w> 
 <w id="w8.4.14">hudim</w> 
 <w id="w8.4.15">prirojenim</w> 
 <w id="w8.4.16">pomanjkanjem</w>   
 <w id="w8.4.17">proteina</w> 
 <w id="w8.4.18">C</w> 
 <w id="w8.4.19">v</w> 
 <w id="w8.4.20">določenih</w> 
 <w id="w8.4.21">situacijah</w>
 <w id="w8.4.22">,</w> 
 <w id="w8.4.23">ko</w> 
 <w id="w8.4.24">obstaja</w> 
 <w id="w8.4.25">povečano</w> 
 <w id="w8.4.26">tveganje</w> 
 <w id="w8.4.27">strjevanja</w>
 <w id="w8.4.28">,</w> 
 <w id="w8.4.29">npr</w>
 <w id="w8.4.30">.</w> 
 <w id="w8.4.31">pri</w> 
 <w id="w8.4.32">operaciji</w> 
 <w id="w8.4.33">ali</w> 
 <w id="w8.4.34">kadar</w>   
 <w id="w8.4.35">zdravljenje</w> 
 <w id="w8.4.36">s</w> 
 <w id="w8.4.37">kumarinom</w> 
 <w id="w8.4.38">ne</w> 
 <w id="w8.4.39">zadostuje</w> 
 <w id="w8.4.40">ali</w> 
 <w id="w8.4.41">ni</w> 
 <w id="w8.4.42">mogoče</w>
 <w id="w8.4.43">.</w>
</s>   
 
<s id="s8.5">
 <w id="w8.5.1">Zdravilo</w> 
 <w id="w8.5.2">se</w> 
 <w id="w8.5.3">dobi</w> 
 <w id="w8.5.4">samo</w> 
 <w id="w8.5.5">na</w> 
 <w id="w8.5.6">recept</w>
 <w id="w8.5.7">.</w>
</s></p>

<p id="9">
<s id="s9.1">
 <w id="w9.1.1">Kako</w> 
 <w id="w9.1.2">se</w> 
 <w id="w9.1.3">zdravilo</w> 
 <w id="w9.1.4">CEPROTIN</w> 
 <w id="w9.1.5">uporablja</w>
 <w id="w9.1.6">?</w>
</s>   
 
<s id="s9.2">
 <w id="w9.2.1">Zdravljenje</w> 
 <w id="w9.2.2">z</w> 
 <w id="w9.2.3">zdravilom</w> 
 <w id="w9.2.4">CEPROTIN</w> 
 <w id="w9.2.5">sme</w> 
 <w id="w9.2.6">uvesti</w> 
 <w id="w9.2.7">le</w> 
 <w id="w9.2.8">zdravnik</w>
 <w id="w9.2.9">,</w> 
 <w id="w9.2.10">ki</w> 
 <w id="w9.2.11">ima</w> 
 <w id="w9.2.12">izkušnje</w> 
 <w id="w9.2.13">s</w> 
 <w id="w9.2.14">tovrstnim</w> 
 <w id="w9.2.15">zdravljenjem</w>
 <w id="w9.2.16">,</w>   
 <w id="w9.2.17">in</w> 
 <w id="w9.2.18">le</w>
 <w id="w9.2.19">,</w> 
 <w id="w9.2.20">kadar</w> 
 <w id="w9.2.21">je</w> 
 <w id="w9.2.22">možno</w> 
 <w id="w9.2.23">meriti</w> 
 <w id="w9.2.24">aktivnost</w> 
 <w id="w9.2.25">proteina</w> 
 <w id="w9.2.26">C</w>
 <w id="w9.2.27">.</w>
</s> 
 
<s id="s9.3">
 <w id="w9.3.1">Zdravilo</w> 
 <w id="w9.3.2">CEPROTIN</w> 
 <w id="w9.3.3">se</w> 
 <w id="w9.3.4">daje</w> 
 <w id="w9.3.5">z</w> 
 <w id="w9.3.6">intravensko</w> 
 <w id="w9.3.7">injekcijo</w>   
 <w id="w9.3.8">(</w>
 <w id="w9.3.9">injekcija</w> 
 <w id="w9.3.10">v</w> 
 <w id="w9.3.11">žilo</w>
 <w id="w9.3.12">)</w> 
 <w id="w9.3.13">s</w> 
 <w id="w9.3.14">hitrostjo</w> 
 <w id="w9.3.15">injiciranja</w> 
 <w id="w9.3.16">največ</w> 
 <w id="w9.3.17">2</w> 
 <w id="w9.3.18">ml</w> 
 <w id="w9.3.19">na</w> 
 <w id="w9.3.20">minuto</w>
 <w id="w9.3.21">,</w> 
 <w id="w9.3.22">razen</w> 
 <w id="w9.3.23">pri</w> 
 <w id="w9.3.24">otrocih</w> 
 <w id="w9.3.25">s</w> 
 <w id="w9.3.26">telesno</w> 
 <w id="w9.3.27">maso</w>
 <w id="w9.3.28">,</w> 
 <w id="w9.3.29">manjšo</w>   
 <w id="w9.3.30">od</w> 
 <w id="w9.3.31">10</w> 
 <w id="w9.3.32">kg</w>
 <w id="w9.3.33">,</w> 
 <w id="w9.3.34">pri</w> 
 <w id="w9.3.35">katerih</w> 
 <w id="w9.3.36">hitrost</w> 
 <w id="w9.3.37">injiciranja</w> 
 <w id="w9.3.38">ne</w> 
 <w id="w9.3.39">sme</w> 
 <w id="w9.3.40">preseči</w> 
 <w id="w9.3.41">0,</w>
 <w id="w9.3.42">2</w> 
 <w id="w9.3.43">ml</w> 
 <w id="w9.3.44">na</w> 
 <w id="w9.3.45">kilogram</w> 
 <w id="w9.3.46">telesne</w> 
 <w id="w9.3.47">mase</w> 
 <w id="w9.3.48">na</w> 
 <w id="w9.3.49">minuto</w>
 <w id="w9.3.50">.</w>
</s></p>

<p id="10">
<s id="s10.1">
 <w id="w10.1.1">Kako</w> 
 <w id="w10.1.2">zdravilo</w> 
 <w id="w10.1.3">CEPROTIN</w> 
 <w id="w10.1.4">deluje</w>
 <w id="w10.1.5">?</w>
</s>   
 
<s id="s10.2">
 <w id="w10.2.1">Zdravilo</w> 
 <w id="w10.2.2">CEPROTIN</w> 
 <w id="w10.2.3">vsebuje</w> 
 <w id="w10.2.4">humani</w> 
 <w id="w10.2.5">protein</w> 
 <w id="w10.2.6">C</w>
 <w id="w10.2.7">,</w> 
 <w id="w10.2.8">pridobljen</w> 
 <w id="w10.2.9">in</w> 
 <w id="w10.2.10">prečiščen</w> 
 <w id="w10.2.11">iz</w> 
 <w id="w10.2.12">človeške</w> 
 <w id="w10.2.13">plazme</w> 
 <w id="w10.2.14">(</w>
 <w id="w10.2.15">tekoči</w> 
 <w id="w10.2.16">del</w>   
 <w id="w10.2.17">krvi</w>
 <w id="w10.2.18">)</w>
 <w id="w10.2.19">.</w>
</s> 
 
<s id="s10.3">
 <w id="w10.3.1">V</w> 
 <w id="w10.3.2">telesu</w> 
 <w id="w10.3.3">protein</w> 
 <w id="w10.3.4">C</w> 
 <w id="w10.3.5">nadzoruje</w> 
 <w id="w10.3.6">tvorbo</w> 
 <w id="w10.3.7">trombina</w>
 <w id="w10.3.8">,</w> 
 <w id="w10.3.9">t.</w>
 <w id="w10.3.10">j</w>
 <w id="w10.3.11">.</w> 
 <w id="w10.3.12">ene</w> 
 <w id="w10.3.13">od</w> 
 <w id="w10.3.14">snovi</w> 
 <w id="w10.3.15">(</w>
 <w id="w10.3.16">faktorjev</w>
 <w id="w10.3.17">)</w>
 <w id="w10.3.18">,</w> 
 <w id="w10.3.19">ki</w> 
 <w id="w10.3.20">sodelujejo</w> 
 <w id="w10.3.21">pri</w>   
 <w id="w10.3.22">strjevanju</w> 
 <w id="w10.3.23">krvi</w>
 <w id="w10.3.24">.</w>
</s> 
 
<s id="s10.4">
 <w id="w10.4.1">Protein</w> 
 <w id="w10.4.2">C</w> 
 <w id="w10.4.3">upočasni</w> 
 <w id="w10.4.4">nastajanje</w> 
 <w id="w10.4.5">trombina</w> 
 <w id="w10.4.6">in</w> 
 <w id="w10.4.7">tako</w> 
 <w id="w10.4.8">upočasni</w> 
 <w id="w10.4.9">nadaljnje</w> 
 <w id="w10.4.10">strjevanje</w>
 <w id="w10.4.11">.</w>
</s> 
 
<s id="s10.5">
 <w id="w10.5.1">Injekcija</w>   
 <w id="w10.5.2">zdravila</w> 
 <w id="w10.5.3">CEPROTIN</w> 
 <w id="w10.5.4">takoj</w>
 <w id="w10.5.5">,</w> 
 <w id="w10.5.6">a</w> 
 <w id="w10.5.7">le</w> 
 <w id="w10.5.8">za</w> 
 <w id="w10.5.9">kratek</w> 
 <w id="w10.5.10">čas</w> 
 <w id="w10.5.11">zviša</w> 
 <w id="w10.5.12">raven</w> 
 <w id="w10.5.13">proteina</w> 
 <w id="w10.5.14">C</w>
 <w id="w10.5.15">.</w>
</s> 
 
<s id="s10.6">
 <w id="w10.6.1">Pri</w> 
 <w id="w10.6.2">bolnikih</w> 
 <w id="w10.6.3">s</w> 
 <w id="w10.6.4">pomanjkanjem</w>   
 <w id="w10.6.5">proteina</w> 
 <w id="w10.6.6">C</w> 
 <w id="w10.6.7">bi</w> 
 <w id="w10.6.8">naj</w> 
 <w id="w10.6.9">z</w> 
 <w id="w10.6.10">nadomestitvijo</w> 
 <w id="w10.6.11">proteina</w> 
 <w id="w10.6.12">C</w> 
 <w id="w10.6.13">nadzorovali</w> 
 <w id="w10.6.14">ali</w> 
 <w id="w10.6.15">preprečili</w> 
 <w id="w10.6.16">trombotične</w> 
 <w id="w10.6.17">zaplete</w> 
 <w id="w10.6.18">(</w>
 <w id="w10.6.19">zaplete</w>   
 <w id="w10.6.20">pri</w> 
 <w id="w10.6.21">strjevanju</w> 
 <w id="w10.6.22">krvi</w>
 <w id="w10.6.23">)</w>
 <w id="w10.6.24">.</w>
</s></p>

<p id="11">
<s id="s11.1">
 <w id="w11.1.1">Kako</w> 
 <w id="w11.1.2">je</w> 
 <w id="w11.1.3">bilo</w> 
 <w id="w11.1.4">zdravilo</w> 
 <w id="w11.1.5">CEPROTIN</w> 
 <w id="w11.1.6">raziskano</w>
 <w id="w11.1.7">?</w>
</s>   
 
<s id="s11.2">
 <w id="w11.2.1">Zdravilo</w> 
 <w id="w11.2.2">CEPROTIN</w> 
 <w id="w11.2.3">so</w> 
 <w id="w11.2.4">preučevali</w> 
 <w id="w11.2.5">pri</w> 
 <w id="w11.2.6">79</w> 
 <w id="w11.2.7">bolnikih</w>
 <w id="w11.2.8">,</w> 
 <w id="w11.2.9">med</w> 
 <w id="w11.2.10">katerimi</w> 
 <w id="w11.2.11">jih</w> 
 <w id="w11.2.12">je</w> 
 <w id="w11.2.13">imelo</w> 
 <w id="w11.2.14">22</w> 
 <w id="w11.2.15">diagnosticirano</w> 
 <w id="w11.2.16">hudo</w>   
 <w id="w11.2.17">obliko</w> 
 <w id="w11.2.18">prirojenega</w> 
 <w id="w11.2.19">pomanjkanja</w> 
 <w id="w11.2.20">proteina</w> 
 <w id="w11.2.21">C</w>
 <w id="w11.2.22">.</w>
</s> 
 
<s id="s11.3">
 <w id="w11.3.1">Glavna</w> 
 <w id="w11.3.2">merila</w> 
 <w id="w11.3.3">študije</w> 
 <w id="w11.3.4">so</w> 
 <w id="w11.3.5">bila</w> 
 <w id="w11.3.6">normalizacija</w> 
 <w id="w11.3.7">ravni</w> 
 <w id="w11.3.8">proteina</w>
</s></p>

<p id="12">
<s id="s12.1">
 <w id="w12.1.1">7</w> 
 <w id="w12.1.2">Westferry</w> 
 <w id="w12.1.3">Circus</w>
 <w id="w12.1.4">,</w> 
 <w id="w12.1.5">Canary</w> 
 <w id="w12.1.6">Wharf</w>
 <w id="w12.1.7">,</w> 
 <w id="w12.1.8">London</w> 
 <w id="w12.1.9">E14</w> 
 <w id="w12.1.10">4HB</w>
 <w id="w12.1.11">,</w> 
 <w id="w12.1.12">UK</w>                                            
 <w id="w12.1.13">Tel</w>
 <w id="w12.1.14">.</w>
</s> 
 
<s id="s12.2">
 <w id="w12.2.1">(</w>
 <w id="w12.2.2">44-</w>
 <w id="w12.2.3">20</w>
 <w id="w12.2.4">)</w> 
 <w id="w12.2.5">74</w> 
 <w id="w12.2.6">18</w> 
 <w id="w12.2.7">84</w> 
 <w id="w12.2.8">00</w> 
 <w id="w12.2.9">Fax</w> 
 <w id="w12.2.10">(</w>
 <w id="w12.2.11">44-</w>
 <w id="w12.2.12">20</w>
 <w id="w12.2.13">)</w> 
 <w id="w12.2.14">74</w> 
 <w id="w12.2.15">18</w> 
 <w id="w12.2.16">84</w> 
 <w id="w12.2.17">16</w>                                       
 <w id="w12.2.18">E-</w>
 <w id="w12.2.19">mail</w>
 <w id="w12.2.20">:</w> 
 <w id="w12.2.21">mail@</w>
 <w id="w12.2.22">emea.</w>
 <w id="w12.2.23">europa.</w>
 <w id="w12.2.24">eu</w> 
 <w id="w12.2.25">http</w>
 <w id="w12.2.26">:</w>
 <w id="w12.2.27">//</w>
 <w id="w12.2.28">www.</w>
 <w id="w12.2.29">emea.</w>
 <w id="w12.2.30">europa.</w>
 <w id="w12.2.31">eu</w> 
 <w id="w12.2.32">©EMEA</w> 
 <w id="w12.2.33">2007</w> 
 <w id="w12.2.34">Reproduction</w> 
 <w id="w12.2.35">and/</w>
 <w id="w12.2.36">or</w> 
 <w id="w12.2.37">distribution</w> 
 <w id="w12.2.38">of</w> 
 <w id="w12.2.39">this</w> 
 <w id="w12.2.40">document</w> 
 <w id="w12.2.41">is</w> 
 <w id="w12.2.42">authorised</w> 
 <w id="w12.2.43">for</w> 
 <w id="w12.2.44">non</w> 
 <w id="w12.2.45">commercial</w> 
 <w id="w12.2.46">purposes</w> 
 <w id="w12.2.47">only</w> 
 <w id="w12.2.48">provided</w> 
 <w id="w12.2.49">the</w> 
 <w id="w12.2.50">EMEA</w> 
 <w id="w12.2.51">is</w> 
 <w id="w12.2.52">acknowledged</w> 
 <w id="w12.2.53">C</w> 
 <w id="w12.2.54">in</w> 
 <w id="w12.2.55">drugih</w> 
 <w id="w12.2.56">pokazateljev</w> 
 <w id="w12.2.57">aktivacije</w> 
 <w id="w12.2.58">koagulacije</w> 
 <w id="w12.2.59">(</w>
 <w id="w12.2.60">strjevanja</w>
 <w id="w12.2.61">)</w>
 <w id="w12.2.62">.</w>
</s> 
 
<s id="s12.3">
 <w id="w12.3.1">Poleg</w> 
 <w id="w12.3.2">tega</w> 
 <w id="w12.3.3">so</w> 
 <w id="w12.3.4">opazovali</w> 
 <w id="w12.3.5">izboljšanje</w> 
 <w id="w12.3.6">kožnih</w> 
 <w id="w12.3.7">lezij</w>
 <w id="w12.3.8">.</w>
</s></p>

<p id="13">
<s id="s13.1">
 <w id="w13.1.1">Kakšne</w> 
 <w id="w13.1.2">koristi</w> 
 <w id="w13.1.3">je</w> 
 <w id="w13.1.4">zdravilo</w> 
 <w id="w13.1.5">CEPROTIN</w> 
 <w id="w13.1.6">izkazalo</w> 
 <w id="w13.1.7">med</w> 
 <w id="w13.1.8">raziskavami</w>
 <w id="w13.1.9">?</w>
</s> 
 
<s id="s13.2">
 <w id="w13.2.1">Pri</w> 
 <w id="w13.2.2">bolnikih</w> 
 <w id="w13.2.3">s</w> 
 <w id="w13.2.4">hudim</w> 
 <w id="w13.2.5">prirojenim</w> 
 <w id="w13.2.6">pomanjkanjem</w> 
 <w id="w13.2.7">proteina</w> 
 <w id="w13.2.8">C</w> 
 <w id="w13.2.9">je</w> 
 <w id="w13.2.10">zdravilo</w> 
 <w id="w13.2.11">CEPROTIN</w> 
 <w id="w13.2.12">privedlo</w> 
 <w id="w13.2.13">do</w> 
 <w id="w13.2.14">izboljšanja</w> 
 <w id="w13.2.15">v</w> 
 <w id="w13.2.16">vseh</w> 
 <w id="w13.2.17">16</w> 
 <w id="w13.2.18">primerih</w> 
 <w id="w13.2.19">purpure</w> 
 <w id="w13.2.20">fulminans</w> 
 <w id="w13.2.21">in</w> 
 <w id="w13.2.22">v</w> 
 <w id="w13.2.23">vseh</w> 
 <w id="w13.2.24">šestih</w> 
 <w id="w13.2.25">epizodah</w> 
 <w id="w13.2.26">kumarinske</w> 
 <w id="w13.2.27">kožne</w> 
 <w id="w13.2.28">nekroze</w>
 <w id="w13.2.29">.</w>
</s> 
 
<s id="s13.3">
 <w id="w13.3.1">Rezultati</w> 
 <w id="w13.3.2">pri</w> 
 <w id="w13.3.3">zdravljenju</w> 
 <w id="w13.3.4">drugih</w> 
 <w id="w13.3.5">vrst</w> 
 <w id="w13.3.6">zapletov</w> 
 <w id="w13.3.7">pri</w> 
 <w id="w13.3.8">strjevanju</w> 
 <w id="w13.3.9">krvi</w> 
 <w id="w13.3.10">in</w> 
 <w id="w13.3.11">zdravljenju</w> 
 <w id="w13.3.12">bolnikov</w> 
 <w id="w13.3.13">z</w> 
 <w id="w13.3.14">drugimi</w> 
 <w id="w13.3.15">oblikami</w> 
 <w id="w13.3.16">pomanjkanja</w> 
 <w id="w13.3.17">proteina</w> 
 <w id="w13.3.18">C</w> 
 <w id="w13.3.19">niso</w> 
 <w id="w13.3.20">zadoščali</w>
 <w id="w13.3.21">,</w> 
 <w id="w13.3.22">da</w> 
 <w id="w13.3.23">bi</w> 
 <w id="w13.3.24">v</w> 
 <w id="w13.3.25">celoti</w> 
 <w id="w13.3.26">ocenili</w> 
 <w id="w13.3.27">uporabo</w> 
 <w id="w13.3.28">zdravila</w> 
 <w id="w13.3.29">CEPROTIN</w> 
 <w id="w13.3.30">pri</w> 
 <w id="w13.3.31">teh</w> 
 <w id="w13.3.32">skupinah</w>
 <w id="w13.3.33">.</w>
</s></p>

<p id="14">
<s id="s14.1">
 <w id="w14.1.1">Kakšna</w> 
 <w id="w14.1.2">tveganja</w> 
 <w id="w14.1.3">so</w> 
 <w id="w14.1.4">povezana</w> 
 <w id="w14.1.5">z</w> 
 <w id="w14.1.6">zdravilom</w> 
 <w id="w14.1.7">CEPROTIN</w>
 <w id="w14.1.8">?</w>
</s> 
 
<s id="s14.2">
 <w id="w14.2.1">V</w> 
 <w id="w14.2.2">nekaterih</w> 
 <w id="w14.2.3">primerih</w> 
 <w id="w14.2.4">je</w> 
 <w id="w14.2.5">bila</w> 
 <w id="w14.2.6">opažena</w> 
 <w id="w14.2.7">preobčutljivost</w> 
 <w id="w14.2.8">(</w>
 <w id="w14.2.9">alergijske</w> 
 <w id="w14.2.10">reakcije</w>
 <w id="w14.2.11">)</w>
 <w id="w14.2.12">.</w>
</s> 
 
<s id="s14.3">
 <w id="w14.3.1">Če</w> 
 <w id="w14.3.2">se</w> 
 <w id="w14.3.3">zdravilo</w> 
 <w id="w14.3.4">CEPROTIN</w> 
 <w id="w14.3.5">uporablja</w> 
 <w id="w14.3.6">pri</w> 
 <w id="w14.3.7">bolnikih</w> 
 <w id="w14.3.8">s</w> 
 <w id="w14.3.9">hudim</w> 
 <w id="w14.3.10">prirojenim</w> 
 <w id="w14.3.11">pomanjkanjem</w> 
 <w id="w14.3.12">proteina</w> 
 <w id="w14.3.13">C</w>
 <w id="w14.3.14">,</w> 
 <w id="w14.3.15">se</w> 
 <w id="w14.3.16">lahko</w> 
 <w id="w14.3.17">razvijejo</w> 
 <w id="w14.3.18">protitelesa</w>
 <w id="w14.3.19">,</w> 
 <w id="w14.3.20">ki</w> 
 <w id="w14.3.21">zavirajo</w> 
 <w id="w14.3.22">protein</w> 
 <w id="w14.3.23">C</w>
 <w id="w14.3.24">.</w>
</s> 
 
<s id="s14.4">
 <w id="w14.4.1">Za</w> 
 <w id="w14.4.2">celoten</w> 
 <w id="w14.4.3">seznam</w> 
 <w id="w14.4.4">neželenih</w> 
 <w id="w14.4.5">učinkov</w>
 <w id="w14.4.6">,</w> 
 <w id="w14.4.7">o</w> 
 <w id="w14.4.8">katerih</w> 
 <w id="w14.4.9">so</w> 
 <w id="w14.4.10">poročali</w> 
 <w id="w14.4.11">pri</w> 
 <w id="w14.4.12">uporabi</w> 
 <w id="w14.4.13">zdravila</w> 
 <w id="w14.4.14">CEPROTIN</w>
 <w id="w14.4.15">,</w> 
 <w id="w14.4.16">glejte</w> 
 <w id="w14.4.17">Navodilo</w> 
 <w id="w14.4.18">za</w> 
 <w id="w14.4.19">uporabo</w>
 <w id="w14.4.20">.</w>
</s> 
 
<s id="s14.5">
 <w id="w14.5.1">Zdravila</w> 
 <w id="w14.5.2">CEPROTIN</w> 
 <w id="w14.5.3">se</w> 
 <w id="w14.5.4">ne</w> 
 <w id="w14.5.5">sme</w> 
 <w id="w14.5.6">uporabljati</w> 
 <w id="w14.5.7">pri</w> 
 <w id="w14.5.8">osebah</w>
 <w id="w14.5.9">,</w> 
 <w id="w14.5.10">ki</w> 
 <w id="w14.5.11">utegnejo</w> 
 <w id="w14.5.12">biti</w> 
 <w id="w14.5.13">preobčutljive</w> 
 <w id="w14.5.14">za</w> 
 <w id="w14.5.15">(</w>
 <w id="w14.5.16">alergične</w> 
 <w id="w14.5.17">na</w>
 <w id="w14.5.18">)</w> 
 <w id="w14.5.19">humani</w> 
 <w id="w14.5.20">protein</w> 
 <w id="w14.5.21">C</w>
 <w id="w14.5.22">,</w> 
 <w id="w14.5.23">mišje</w> 
 <w id="w14.5.24">beljakovine</w> 
 <w id="w14.5.25">ali</w> 
 <w id="w14.5.26">heparin</w>
 <w id="w14.5.27">,</w> 
 <w id="w14.5.28">razen</w> 
 <w id="w14.5.29">v</w> 
 <w id="w14.5.30">primeru</w> 
 <w id="w14.5.31">življenjsko</w> 
 <w id="w14.5.32">nevarnih</w> 
 <w id="w14.5.33">zapletov</w>
 <w id="w14.5.34">.</w>
</s> 
 
<s id="s14.6">
 <w id="w14.6.1">Posebna</w> 
 <w id="w14.6.2">pozornost</w> 
 <w id="w14.6.3">je</w> 
 <w id="w14.6.4">potrebna</w>
 <w id="w14.6.5">,</w> 
 <w id="w14.6.6">kadar</w> 
 <w id="w14.6.7">bolniki</w> 
 <w id="w14.6.8">začnejo</w> 
 <w id="w14.6.9">prejemati</w> 
 <w id="w14.6.10">drugo</w> 
 <w id="w14.6.11">antikoagulantno</w> 
 <w id="w14.6.12">zdravilo</w>
 <w id="w14.6.13">,</w> 
 <w id="w14.6.14">kot</w> 
 <w id="w14.6.15">npr</w>
 <w id="w14.6.16">.</w> 
 <w id="w14.6.17">varfarin</w>
 <w id="w14.6.18">,</w> 
 <w id="w14.6.19">z</w> 
 <w id="w14.6.20">zdravljenjem</w> 
 <w id="w14.6.21">z</w> 
 <w id="w14.6.22">zdravilom</w> 
 <w id="w14.6.23">CEPROTIN</w> 
 <w id="w14.6.24">pa</w> 
 <w id="w14.6.25">je</w> 
 <w id="w14.6.26">treba</w> 
 <w id="w14.6.27">nadaljevati</w>
 <w id="w14.6.28">,</w> 
 <w id="w14.6.29">dokler</w> 
 <w id="w14.6.30">se</w> 
 <w id="w14.6.31">zdravljenja</w> 
 <w id="w14.6.32">z</w> 
 <w id="w14.6.33">varfarinom</w> 
 <w id="w14.6.34">ne</w> 
 <w id="w14.6.35">prilagodi</w>
 <w id="w14.6.36">.</w>
</s></p>

<p id="15">
<s id="s15.1">
 <w id="w15.1.1">Zakaj</w> 
 <w id="w15.1.2">je</w> 
 <w id="w15.1.3">bilo</w> 
 <w id="w15.1.4">zdravilo</w> 
 <w id="w15.1.5">CEPROTIN</w> 
 <w id="w15.1.6">odobreno</w>
 <w id="w15.1.7">?</w>
</s> 
 
<s id="s15.2">
 <w id="w15.2.1">Odbor</w> 
 <w id="w15.2.2">za</w> 
 <w id="w15.2.3">zdravila</w> 
 <w id="w15.2.4">za</w> 
 <w id="w15.2.5">uporabo</w> 
 <w id="w15.2.6">v</w> 
 <w id="w15.2.7">humani</w> 
 <w id="w15.2.8">medicini</w> 
 <w id="w15.2.9">(</w>
 <w id="w15.2.10">CHMP</w>
 <w id="w15.2.11">)</w> 
 <w id="w15.2.12">je</w> 
 <w id="w15.2.13">odločil</w>
 <w id="w15.2.14">,</w> 
 <w id="w15.2.15">da</w> 
 <w id="w15.2.16">so</w> 
 <w id="w15.2.17">koristi</w> 
 <w id="w15.2.18">zdravila</w> 
 <w id="w15.2.19">CEPROTIN</w> 
 <w id="w15.2.20">za</w> 
 <w id="w15.2.21">bolnike</w> 
 <w id="w15.2.22">s</w> 
 <w id="w15.2.23">hudim</w> 
 <w id="w15.2.24">prirojenim</w> 
 <w id="w15.2.25">pomanjkanjem</w> 
 <w id="w15.2.26">proteina</w> 
 <w id="w15.2.27">C</w> 
 <w id="w15.2.28">večje</w> 
 <w id="w15.2.29">od</w> 
 <w id="w15.2.30">z</w> 
 <w id="w15.2.31">njim</w> 
 <w id="w15.2.32">povezanih</w> 
 <w id="w15.2.33">tveganj</w>
 <w id="w15.2.34">.</w>
</s> 
 
<s id="s15.3">
 <w id="w15.3.1">Zato</w> 
 <w id="w15.3.2">je</w> 
 <w id="w15.3.3">priporočil</w>
 <w id="w15.3.4">,</w> 
 <w id="w15.3.5">da</w> 
 <w id="w15.3.6">se</w> 
 <w id="w15.3.7">za</w> 
 <w id="w15.3.8">zdravilo</w> 
 <w id="w15.3.9">CEPROTIN</w> 
 <w id="w15.3.10">podeli</w> 
 <w id="w15.3.11">dovoljenje</w> 
 <w id="w15.3.12">za</w> 
 <w id="w15.3.13">promet</w>
 <w id="w15.3.14">.</w>
</s> 
 
<s id="s15.4">
 <w id="w15.4.1">Zdravilo</w> 
 <w id="w15.4.2">CEPROTIN</w> 
 <w id="w15.4.3">je</w> 
 <w id="w15.4.4">bilo</w> 
 <w id="w15.4.5">prvotno</w> 
 <w id="w15.4.6">odobreno</w> 
 <w id="w15.4.7">„</w>
 <w id="w15.4.8">v</w> 
 <w id="w15.4.9">izjemnih</w> 
 <w id="w15.4.10">okoliščinah</w>
 <w id="w15.4.11">“</w>
 <w id="w15.4.12">,</w> 
 <w id="w15.4.13">saj</w> 
 <w id="w15.4.14">zaradi</w> 
 <w id="w15.4.15">majhnega</w> 
 <w id="w15.4.16">števila</w> 
 <w id="w15.4.17">bolnikov</w>
 <w id="w15.4.18">,</w> 
 <w id="w15.4.19">pri</w> 
 <w id="w15.4.20">katerih</w> 
 <w id="w15.4.21">so</w> 
 <w id="w15.4.22">diagnosticirali</w> 
 <w id="w15.4.23">to</w> 
 <w id="w15.4.24">bolezen</w>
 <w id="w15.4.25">,</w> 
 <w id="w15.4.26">še</w> 
 <w id="w15.4.27">ni</w> 
 <w id="w15.4.28">bilo</w> 
 <w id="w15.4.29">mogoče</w> 
 <w id="w15.4.30">zagotoviti</w> 
 <w id="w15.4.31">celovitih</w> 
 <w id="w15.4.32">informacij</w> 
 <w id="w15.4.33">o</w> 
 <w id="w15.4.34">zdravilu</w>
 <w id="w15.4.35">.</w>
</s> 
 
<s id="s15.5">
 <w id="w15.5.1">Ker</w> 
 <w id="w15.5.2">je</w> 
 <w id="w15.5.3">podjetje</w> 
 <w id="w15.5.4">posredovalo</w> 
 <w id="w15.5.5">zahtevane</w> 
 <w id="w15.5.6">dodatne</w> 
 <w id="w15.5.7">informacije</w>
 <w id="w15.5.8">,</w> 
 <w id="w15.5.9">so</w> 
 <w id="w15.5.10">„</w>
 <w id="w15.5.11">izjemne</w> 
 <w id="w15.5.12">okoliščine</w>
 <w id="w15.5.13">“</w> 
 <w id="w15.5.14">prenehale</w> 
 <w id="w15.5.15">veljati</w> 
 <w id="w15.5.16">28</w>
 <w id="w15.5.17">.</w> 
 <w id="w15.5.18">julija</w> 
 <w id="w15.5.19">2006</w>
 <w id="w15.5.20">.</w>
</s></p>

<p id="16">
<s id="s16.1">
 <w id="w16.1.1">Druge</w> 
 <w id="w16.1.2">informacije</w> 
 <w id="w16.1.3">o</w> 
 <w id="w16.1.4">zdravilu</w> 
 <w id="w16.1.5">CEPROTIN</w>
 <w id="w16.1.6">:</w>
</s> 
 
<s id="s16.2">
 <w id="w16.2.1">Evropska</w> 
 <w id="w16.2.2">komisija</w> 
 <w id="w16.2.3">je</w> 
 <w id="w16.2.4">dovoljenje</w> 
 <w id="w16.2.5">za</w> 
 <w id="w16.2.6">promet</w> 
 <w id="w16.2.7">z</w> 
 <w id="w16.2.8">zdravilom</w> 
 <w id="w16.2.9">CEPROTIN</w>
 <w id="w16.2.10">,</w> 
 <w id="w16.2.11">veljavno</w> 
 <w id="w16.2.12">po</w> 
 <w id="w16.2.13">vsej</w> 
 <w id="w16.2.14">Evropski</w> 
 <w id="w16.2.15">uniji</w>
 <w id="w16.2.16">,</w> 
 <w id="w16.2.17">odobrila</w> 
 <w id="w16.2.18">družbi</w> 
 <w id="w16.2.19">Baxter</w> 
 <w id="w16.2.20">AG</w> 
 <w id="w16.2.21">dne</w> 
 <w id="w16.2.22">16</w>
 <w id="w16.2.23">.</w> 
 <w id="w16.2.24">julija</w> 
 <w id="w16.2.25">2001</w>
 <w id="w16.2.26">.</w>
</s> 
 
<s id="s16.3">
 <w id="w16.3.1">Dovoljenje</w> 
 <w id="w16.3.2">za</w> 
 <w id="w16.3.3">promet</w> 
 <w id="w16.3.4">z</w> 
 <w id="w16.3.5">zdravilom</w> 
 <w id="w16.3.6">je</w> 
 <w id="w16.3.7">bilo</w> 
 <w id="w16.3.8">podaljšano</w> 
 <w id="w16.3.9">dne</w> 
 <w id="w16.3.10">16</w>
 <w id="w16.3.11">.</w> 
 <w id="w16.3.12">julija</w> 
 <w id="w16.3.13">2006</w>
 <w id="w16.3.14">.</w>
</s></p>

<p id="17">
<s id="s17.1">
 <w id="w17.1.1">Celotno</w> 
 <w id="w17.1.2">Evropsko</w> 
 <w id="w17.1.3">javno</w> 
 <w id="w17.1.4">poročilo</w> 
 <w id="w17.1.5">o</w> 
 <w id="w17.1.6">oceni</w> 
 <w id="w17.1.7">zdravila</w> 
 <w id="w17.1.8">(</w>
 <w id="w17.1.9">EPAR</w>
 <w id="w17.1.10">)</w> 
 <w id="w17.1.11">za</w> 
 <w id="w17.1.12">zdravilo</w> 
 <w id="w17.1.13">CEPROTIN</w> 
 <w id="w17.1.14">je</w> 
 <w id="w17.1.15">na</w> 
 <w id="w17.1.16">voljo</w> 
 <w id="w17.1.17">tukaj</w>
 <w id="w17.1.18">.</w>
</s></p>

<p id="18">
<s id="s18.1">
 <w id="w18.1.1">Povzetek</w> 
 <w id="w18.1.2">je</w> 
 <w id="w18.1.3">bil</w> 
 <w id="w18.1.4">nazadnje</w> 
 <w id="w18.1.5">posodobljen</w> 
 <w id="w18.1.6">08-</w>
 <w id="w18.1.7">2007</w>
 <w id="w18.1.8">.</w>
</s></p>

<p id="19">
<s id="s19.1">
 <w id="w19.1.1">©EMEA</w> 
 <w id="w19.1.2">2007</w>
</s></p>

<head id="20">
<s id="s20.1">
 <w id="w20.1.1">2/</w>
 <w id="w20.1.2">2</w>
</s></head></text>
