<?xml version="1.0" encoding="utf-8"?>
<text>
<head id="1">
<s id="s1.1">
 <w id="w1.1.1">Številka</w> 
 <w id="w1.1.2">EU</w>
</s></head>

<head id="2">
<s id="s2.1">
 <w id="w2.1.1">Izmišljeno</w> 
 <w id="w2.1.2">ime</w>
</s></head>

<head id="3">
<s id="s3.1">
 <w id="w3.1.1">Jakost</w>
</s></head>

<p id="4">
<s id="s4.1">
 <w id="w4.1.1">Farmacevtska</w>                            
 <w id="w4.1.2">oblika</w>
</s></p>

<head id="5">
<s id="s5.1">
 <w id="w5.1.1">Pot</w> 
 <w id="w5.1.2">uporabe</w>
</s></head>

<head id="6">
<s id="s6.1">
 <w id="w6.1.1">Ovojnina</w>
</s></head>

<head id="7">
<s id="s7.1">
 <w id="w7.1.1">Vsebina</w>                
 <w id="w7.1.2">(</w>
 <w id="w7.1.3">koncentracija</w>
 <w id="w7.1.4">)</w>
</s></head>

<head id="8">
<s id="s8.1">
 <w id="w8.1.1">Velikost</w>  
 <w id="w8.1.2">pakiranja</w>
</s></head>

<head id="9">
<s id="s9.1">
 <w id="w9.1.1">EU/</w>
 <w id="w9.1.2">1/</w>
 <w id="w9.1.3">01/</w>
 <w id="w9.1.4">190/</w>
 <w id="w9.1.5">001</w>
</s></head>

<head id="10">
<s id="s10.1">
 <w id="w10.1.1">CEPROTIN</w>
</s></head>

<head id="11">
<s id="s11.1">
 <w id="w11.1.1">500</w> 
 <w id="w11.1.2">i.</w>
 <w id="w11.1.3">e</w>
 <w id="w11.1.4">.</w>
</s></head>

<p id="12">
<s id="s12.1">
 <w id="w12.1.1">prašek</w> 
 <w id="w12.1.2">in</w> 
 <w id="w12.1.3">vehikel</w>   
 <w id="w12.1.4">za</w> 
 <w id="w12.1.5">raztopino</w> 
 <w id="w12.1.6">za</w>     
 <w id="w12.1.7">injiciranje</w>
</s></p>

<p id="13">
<s id="s13.1">
 <w id="w13.1.1">intravenska</w>   
 <w id="w13.1.2">uporaba</w>
</s></p>

<p id="14">
<s id="s14.1">
 <w id="w14.1.1">prašek</w>
 <w id="w14.1.2">:</w>          
 <w id="w14.1.3">viala</w> 
 <w id="w14.1.4">(</w>
 <w id="w14.1.5">steklo</w>
 <w id="w14.1.6">)</w>   
 <w id="w14.1.7">vehikel</w>
 <w id="w14.1.8">:</w>         
 <w id="w14.1.9">viala</w> 
 <w id="w14.1.10">(</w>
 <w id="w14.1.11">steklo</w>
 <w id="w14.1.12">)</w>
</s></p>

<p id="15">
<s id="s15.1">
 <w id="w15.1.1">prašek</w>
 <w id="w15.1.2">:</w>
</s> 
 
<s id="s15.2">
 <w id="w15.2.1">500</w> 
 <w id="w15.2.2">i.</w>
 <w id="w15.2.3">e</w>
 <w id="w15.2.4">.</w>      
 <w id="w15.2.5">vehikel</w>
 <w id="w15.2.6">:</w>
</s> 
 
<s id="s15.3">
 <w id="w15.3.1">5</w> 
 <w id="w15.3.2">ml</w> 
 <w id="w15.3.3">(</w>
 <w id="w15.3.4">100</w> 
 <w id="w15.3.5">i.</w>
 <w id="w15.3.6">e</w>
 <w id="w15.3.7">.</w>
 <w id="w15.3.8">/</w>
 <w id="w15.3.9">ml</w>
 <w id="w15.3.10">)</w>
</s></p>

<head id="16">
<s id="s16.1">
 <w id="w16.1.1">1</w> 
 <w id="w16.1.2">viala</w> 
 <w id="w16.1.3">+</w> 
 <w id="w16.1.4">1</w> 
 <w id="w16.1.5">viala</w>
</s></head>

<head id="17">
<s id="s17.1">
 <w id="w17.1.1">EU/</w>
 <w id="w17.1.2">1/</w>
 <w id="w17.1.3">01/</w>
 <w id="w17.1.4">190/</w>
 <w id="w17.1.5">002</w>
</s></head>

<head id="18">
<s id="s18.1">
 <w id="w18.1.1">CEPROTIN</w>
</s></head>

<head id="19">
<s id="s19.1">
 <w id="w19.1.1">1000</w> 
 <w id="w19.1.2">i.</w>
 <w id="w19.1.3">e</w>
 <w id="w19.1.4">.</w>
</s></head>

<p id="20">
<s id="s20.1">
 <w id="w20.1.1">prašek</w> 
 <w id="w20.1.2">in</w> 
 <w id="w20.1.3">vehikel</w>   
 <w id="w20.1.4">za</w> 
 <w id="w20.1.5">raztopino</w> 
 <w id="w20.1.6">za</w>     
 <w id="w20.1.7">injiciranje</w>
</s></p>

<p id="21">
<s id="s21.1">
 <w id="w21.1.1">intravenska</w>   
 <w id="w21.1.2">uporaba</w>
</s></p>

<p id="22">
<s id="s22.1">
 <w id="w22.1.1">prašek</w>
 <w id="w22.1.2">:</w>          
 <w id="w22.1.3">viala</w> 
 <w id="w22.1.4">(</w>
 <w id="w22.1.5">steklo</w>
 <w id="w22.1.6">)</w>   
 <w id="w22.1.7">vehikel</w>
 <w id="w22.1.8">:</w>         
 <w id="w22.1.9">viala</w> 
 <w id="w22.1.10">(</w>
 <w id="w22.1.11">steklo</w>
 <w id="w22.1.12">)</w>
</s></p>

<p id="23">
<s id="s23.1">
 <w id="w23.1.1">prašek</w>
 <w id="w23.1.2">:</w>
</s> 
 
<s id="s23.2">
 <w id="w23.2.1">1000</w> 
 <w id="w23.2.2">i.</w>
 <w id="w23.2.3">e</w>
 <w id="w23.2.4">.</w>     
 <w id="w23.2.5">vehikel</w>
 <w id="w23.2.6">:</w>
</s> 
 
<s id="s23.3">
 <w id="w23.3.1">10</w> 
 <w id="w23.3.2">ml</w> 
 <w id="w23.3.3">(</w>
 <w id="w23.3.4">100</w> 
 <w id="w23.3.5">i.</w>
 <w id="w23.3.6">e</w>
 <w id="w23.3.7">.</w>
 <w id="w23.3.8">/</w>
 <w id="w23.3.9">ml</w>
 <w id="w23.3.10">)</w>
</s></p>

<head id="24">
<s id="s24.1">
 <w id="w24.1.1">1</w> 
 <w id="w24.1.2">viala</w> 
 <w id="w24.1.3">+</w> 
 <w id="w24.1.4">1</w> 
 <w id="w24.1.5">viala</w>
</s></head></text>
