<?xml version="1.0" encoding="utf-8"?>
<letsmt version="1.0">
<head></head>
<body>
<s id="s1.1">DODATEK I</s>
<s id="s2.1">SEZNAM IMEN, FARMACEVTSKA OBLIKA, JAKOST ZDRAVILA, NAČIN UPORABE IN IMETNIKI DOVOLJENJ ZA PROMET V DRŽAVAH ČLANICAH</s>
<s id="s3.1">1 Država članica EU/ EGP</s>
<s id="s4.1">Imetnik dovoljenja za promet</s>
<s id="s5.1">Ime vlagateljevega</s>
<s id="s6.1">(Lastniško) ime</s>
<s id="s7.1">Jakost</s>
<s id="s8.1">Farmacevtska oblika</s>
<s id="s9.1">Način uporabe</s>
<s id="s10.1">Avstria</s>
<s id="s11.1">N. V.</s>
<s id="s11.2">Organon Kloosterstraat 6 PO Box 20 5349 AB, Oss Nizozemska</s>
<s id="s12.1">Implanon - Implantat</s>
<s id="s13.1">68 mg</s>
<s id="s14.1">implantat</s>
<s id="s15.1">subkutana uporaba</s>
<s id="s16.1">Belgija</s>
<s id="s17.1">N. V.</s>
<s id="s17.2">Organon Kloosterstraat 6 PO Box 20 5340 BH, Oss Nizozemska</s>
<s id="s18.1">Implanon</s>
<s id="s19.1">68 mg</s>
<s id="s20.1">implantat</s>
<s id="s21.1">subkutana uporaba</s>
<s id="s22.1">Republika Češka</s>
<s id="s23.1">N. V.</s>
<s id="s23.2">Organon Kloosterstraat 6 PO Box 20 5340 BH, Oss Nizozemska</s>
<s id="s24.1">Implanon</s>
<s id="s25.1">68 mg</s>
<s id="s26.1">implantat</s>
<s id="s27.1">subkutana uporaba</s>
<s id="s28.1">Danska</s>
<s id="s29.1">N. V.</s>
<s id="s29.2">Organon Kloosterstraat 6 PO Box 20 5340 BH, Oss Nizozemska</s>
<s id="s30.1">Implanon</s>
<s id="s31.1">68 mg</s>
<s id="s32.1">implantat</s>
<s id="s33.1">subkutana uporaba</s>
<s id="s34.1">Finska</s>
<s id="s35.1">N. V.</s>
<s id="s35.2">Organon Kloosterstraat 6 PO Box 20 5340 BH, Oss Nizozemska</s>
<s id="s36.1">Implanon</s>
<s id="s37.1">68 mg</s>
<s id="s38.1">implantat</s>
<s id="s39.1">subkutana uporaba</s>
<s id="s40.1">Francija</s>
<s id="s41.1">Organon SA Immeuble Optima 10, rue Godefroy 92821 Puteaux Cedex, Francija</s>
<s id="s42.1">Implanon</s>
<s id="s43.1">68 mg</s>
<s id="s44.1">implantat</s>
<s id="s45.1">subkutana uporaba</s>
<s id="s46.1">Nemčija</s>
<s id="s47.1">Essex Pharma GmbH Thomas- Dehler- Straße 27 81737 Munich Nemčija</s>
<s id="s48.1">Implanon</s>
<s id="s49.1">68 mg</s>
<s id="s50.1">implantat</s>
<s id="s51.1">subkutana uporaba</s>
<s id="s52.1">Madžarska</s>
<s id="s53.1">N. V.</s>
<s id="s53.2">Organon Kloosterstraat 6 PO Box 20 5340 BH, Oss Nizozemska</s>
<s id="s54.1">Implanon</s>
<s id="s55.1">68 mg</s>
<s id="s56.1">implantat</s>
<s id="s57.1">subkutana uporaba</s>
<s id="s58.1">2</s>
<s id="s59.1">Država članica EU/ EGP</s>
<s id="s60.1">Imetnik dovoljenja za promet</s>
<s id="s61.1">Ime vlagateljevega</s>
<s id="s62.1">(Lastniško) ime</s>
<s id="s63.1">Jakost</s>
<s id="s64.1">Farmacevtska oblika</s>
<s id="s65.1">Način uporabe</s>
<s id="s66.1">Islandija</s>
<s id="s67.1">N. V.</s>
<s id="s67.2">Organon Kloosterstraat 6 PO Box 20 5340 BH, Oss Nizozemska</s>
<s id="s68.1">Implanon</s>
<s id="s69.1">68 mg</s>
<s id="s70.1">implantat</s>
<s id="s71.1">subkutana uporaba</s>
<s id="s72.1">Irska</s>
<s id="s73.1">Organon Ireland Ltd.</s>
<s id="s73.2">Drynam Road Swords Co.</s>
<s id="s73.3">Dublin Irska</s>
<s id="s74.1">Implanon</s>
<s id="s75.1">68 mg implant</s>
<s id="s76.1">68 mg</s>
<s id="s77.1">implantat</s>
<s id="s78.1">subkutana uporaba</s>
<s id="s79.1">Italija</s>
<s id="s80.1">N. V.</s>
<s id="s80.2">Organon Kloosterstraat 6 PO Box 20 5340 BH, Oss Nizozemska</s>
<s id="s81.1">Implanon</s>
<s id="s82.1">68 mg</s>
<s id="s83.1">implantat</s>
<s id="s84.1">subkutana uporaba</s>
<s id="s85.1">Luksemburg</s>
<s id="s86.1">N. V.</s>
<s id="s86.2">Organon Kloosterstraat 6 PO Box 20 5340 BH, Oss Nizozemska</s>
<s id="s87.1">Implanon</s>
<s id="s88.1">68 mg</s>
<s id="s89.1">implantat</s>
<s id="s90.1">subkutana uporaba</s>
<s id="s91.1">Malta</s>
<s id="s92.1">Organon Laboratories Ltd Cambridge Science Park Milton Road Cambridge CB4 0FL Združeno kraljestvo</s>
<s id="s93.1">Implanon</s>
<s id="s94.1">68 mg</s>
<s id="s95.1">implantat</s>
<s id="s96.1">subkutana uporaba</s>
<s id="s97.1">Nizozemska</s>
<s id="s98.1">N. V.</s>
<s id="s98.2">Organon Kloosterstraat 6 PO Box 20 5340 BH, Oss Nizozemska</s>
<s id="s99.1">Implanon</s>
<s id="s100.1">68 mg</s>
<s id="s101.1">68 mg</s>
<s id="s102.1">implantat</s>
<s id="s103.1">subkutana uporaba</s>
<s id="s104.1">Norveška</s>
<s id="s105.1">N. V.</s>
<s id="s105.2">Organon Kloosterstraat 6 PO Box 20 5340 BH, Oss Nizozemska</s>
<s id="s106.1">Implanon</s>
<s id="s107.1">68 mg</s>
<s id="s108.1">implantat</s>
<s id="s109.1">subkutana uporaba</s>
<s id="s110.1">3 Država članica EU/ EGP</s>
<s id="s111.1">Imetnik dovoljenja za promet</s>
<s id="s112.1">Ime vlagateljevega</s>
<s id="s113.1">(Lastniško) ime</s>
<s id="s114.1">Jakost</s>
<s id="s115.1">Farmacevtska oblika</s>
<s id="s116.1">Način uporabe</s>
<s id="s117.1">Portugalska</s>
<s id="s118.1">Organon Portuguesa Produtos Químicos e Farmacêuticos, Lda Av.</s>
<s id="s118.2">José Malhoa, 16B - 2° 1070- 159 Lisboa Portugalska</s>
<s id="s119.1">Implanon</s>
<s id="s120.1">68 mg</s>
<s id="s121.1">implantat</s>
<s id="s122.1">subkutana uporaba</s>
<s id="s123.1">Republika Slovaška</s>
<s id="s124.1">N. V.</s>
<s id="s124.2">Organon Kloosterstraat 6 PO Box 20 5340 BH, Oss Nizozemska</s>
<s id="s125.1">Implanon</s>
<s id="s126.1">68 mg</s>
<s id="s127.1">implantat</s>
<s id="s128.1">subkutana uporaba</s>
<s id="s129.1">Španija</s>
<s id="s130.1">Organon Española, S. A.</s>
<s id="s130.2">Ctra. de Hospitalet, 147- 149 Cityparc Ronda de Dalt Edificio Amsterdam 08940 Cornellá de Llobregat, Barcelona Španija</s>
<s id="s131.1">Implanon</s>
<s id="s132.1">68 mg</s>
<s id="s133.1">implantat</s>
<s id="s134.1">subkutana uporaba</s>
<s id="s135.1">Švedska</s>
<s id="s136.1">N. V.</s>
<s id="s136.2">Organon PO Box 20 5340 BH, Oss Nizozemska</s>
<s id="s137.1">Implanon</s>
<s id="s138.1">68 mg</s>
<s id="s139.1">implantat</s>
<s id="s140.1">subkutana uporaba</s>
<s id="s141.1">Združeno kraljestvo</s>
<s id="s142.1">Organon Laboratories Ltd Cambridge Science Park Milton Road Cambridge CB4 0FL Združeno kraljestvo</s>
<s id="s143.1">Implanon</s>
<s id="s144.1">68 mg</s>
<s id="s145.1">implantat</s>
<s id="s146.1">subkutana uporaba</s>
<s id="s147.1">4 DODATEK II</s>
<s id="s148.1">ZNANSTVENI ZAKLJUČKI</s>
<s id="s149.1">5 ZNANSTVENI ZAKLJUČKI</s>
<s id="s150.1">SPLOŠNI POVZETEK ZNANSTVENEGA VREDNOTENJA ZDRAVILA IMPLANON</s>
<s id="s151.1">Zdravilo Implanon je biološko nerazgradljiv kontracepcijski implantant z dolgotrajnim delovanjem, ki vsebuje samo progestagen in se vsadi pod kožo.</s>
<s id="s151.2">Predvideno obdobje uporabe je tri leta.</s>
<s id="s151.3">Implantant je paličica, dolga štiri cm, s premerom dva mm, z 68 mg etonogestrela (ENG), ki je razpršen v matrici kopolimera etilen- vinil acetata (EVA).</s>
<s id="s151.4">Odmerek ENG, ki ga sprosti zdravilo Implanon, je enak 60 – 70 μg/ dan kmalu po vstavku in se zmanjša na približno 40 μg/ dan na začetku drugega leta ter na približno 25– 30 μg/ dan na koncu tretjega leta.</s>
<s id="s151.5">Kontracepcijski učinek zdravila Implanon je primarno dosežen z zaviranjem ovulacije.</s>
<s id="s151.6">Zdravilo Implanon je bilo odobreno v EU med postopkom za medsebojno priznavanje z Nizozemsko kot referenčno državo članico in se je tržil od leta 1998 z označbo „ kontracepcija “.</s>
<s id="s151.7">Prvič je bilo dovoljenje za promet z zdravilom v Evropi uspešno obnovljeno leta 2003.</s>
<s id="s151.8">Skupaj je bilo do julija 2008 po celem svetu prodanih približno 5 milijonov implantantov zdravila Implanon.</s>
<s id="s151.9">Druga obnovitev se je v Evropi začela septembra 2005, pri tem pa je večina držav članic EU potrdila, da je razmerje koristi/ tveganja še vedno pozitivno, ter podprla predlog referenčne države članice za odobritev 5- letne obnovitve.</s>
<s id="s151.10">Vendar pa so nasprotujoče zadevne države članice, ki druge obnovitve dovoljenja za promet z zdravilom niso ocenile kot primerno, izrazile številne dvome.</s>
<s id="s151.11">Zadeva je bila posredovana skupini CMD( h), referenčna država članica pa je izvedla oceno.</s>
<s id="s151.12">Ker po 60 dneh dogovor ni bil dosežen, je bil postopek posredovan CHMP.</s>
<s id="s151.13">CHMP je ocenil dokumentacijo in razpoložljive podatke, vključno s spornimi vprašanji nasprotujočih zadevnih držav članic.</s>
<s id="s152.1">CHMP je menil, da se dogodki, povezani z vstavkom, migracijo in odstranitvijo (skupno znani kot IRRE), zgodijo z nizko ali upadajočo frekvenco.</s>
<s id="s152.2">Ključnega pomena je, kar bi moralo biti samo po sebi umevno, da mora biti oseba, ki implantant vstavlja/ odstranjuje, primerno usposobljena in seznanjena s temi postopki, saj zaradi nepravilnega vstavljanja pri odstranitvi nastanejo težave.</s>
<s id="s152.3">CHMP meni, da je pravilno vstavljanje enostaven postopek in da se težave z IRRE lahko preprečijo ali zmanjšajo z upoštevanjem posodobljenih navodil in gradiv za usposabljanje.</s>
<s id="s152.4">Imetnik dovoljenja za promet z zdravilom je bil naprošen, da poroča o rezultatih dejavnega spremljanja programa IRRE v ZDA.</s>
<s id="s152.5">Ker program dejavnega spremljanja (AMP) v ZDA ne vključuje novega vstavka (Implanon NXT), je bil imetnik dovoljenja za promet z zdravilom naprošen tudi, da skrbno spremlja uvedbo in učinkovitost novega vstavka kot del načrta za obvladovanje tveganja.</s>
<s id="s153.1">CHMP je priznal problem pomanjkanja poročil, vendar ni menil, da so bili ugotovljeni kakršni koli znaki, ki kažejo na povečano tveganje za raka na dojkah.</s>
<s id="s153.2">Razlika med opaženim in pričakovanim številom primerov je izjemna in ni verjetno, da bi bila posledica zgolj pomanjkljivega poročanja.</s>
<s id="s153.3">Zato možnost pretiranega tveganja ni utemeljena s temi podatki po trženju zdravila.</s>
<s id="s153.4">Poleg tega se za stopnjo pomanjkanja poročanja predvideva, da je nižja za zdravilo Implanon v primerjavi s poročanjem o neželenih učinkih zdravila (ADR) na splošno, zato CHMP ne meni, da spontana poročila o raku na dojkah pri uporabnicah zdravila Implanon pomenijo nov pojav neželenega učinka.</s>
<s id="s153.5">Informacije, ki so že vključene v poglavju 4. 4 Povzetka glavnih značilnostih zdravila, štejejo za zadostne.</s>
<s id="s153.6">Imetnik dovoljenja za promet z zdravilom je zbral podatke o razpoložljivih zadevnih študijah in na splošno, epidemiološki podatki o povezavi med kontracepcijo, ki vsebuje le progestogen (POC), in tveganjem raka na dojkah pa so redki in kažejo večinoma na uporabo injiciranega DMPA.</s>
<s id="s153.7">Zato se večina podatkov nanaša na injicirani POC, malo podatkov je na voljo o ostalih vrstah uporabe POC, ni pa podatkov za zdravilo Implanon.</s>
<s id="s153.8">Priznava se, da so razpoložljive študije omejene, npr. pomanjkanje podatkov v povezavi s POP, omejena zmožnost proučevanja razmerij tveganja v podskupinah, poleg tega pa ne vsebujejo podatkov za proučevanje učinkov implantantov.</s>
<s id="s153.9">Nekoliko ustreznejša je vmesna analiza podatkov iz študije primerov in kontrol o kontracepciji IUD, ki sprošča progestogen (Mirena) (Poročilo o srečanju ICPE, 2008).</s>
<s id="s153.10">Čeprav Mirena sprošča levonorgestrel v zelo majhnih odmerkih, se za podatke zdi, da so ustrezni tudi za implantante.</s>
<s id="s153.11">To pa zato, ker Mirena predstavlja nenehno in dolgotrajno sistematično izpostavljenost progestogenu pri mladih ženskah.</s>
<s id="s153.12">Hipoteza študije o neželenem učinku za raka na dojkah tudi ni podprta v vmesni analizi.</s>
<s id="s153.13">Študija vključuje popravek za starost raziskovane populacije, kar omogoča primerjavo s populacijo uporabnic zdravila Implanon, zaradi česar bodo končni rezultati študije ustrezni tudi za zdravilo Implanon.</s>
<s id="s154.1">6 Če povzamemo, CHMP se strinja, da trenutno ni trdnih dokazov za obstoj povezave med izpostavljenostjo zdravilu Implanon in povečanju tveganja za raka na dojkah pri mladih ženskah.</s>
<s id="s154.2">Za končne rezultate študije o Mireni se domneva, da bodo relevantni in bi morali prispevati k ovrednotenju varnosti za zdravilo Implanon.</s>
<s id="s154.3">Poleg tega bodo poročila o odstranitvi zdravila Implanon pri bolnicah z rakom na dojkah iz programa aktivnega spremljanja v ZDA najverjetneje prinesla pomembne informacije iz serije primerov, za katere se pričakuje, da bodo relativno zaključeni.</s>
<s id="s154.4">Študija o Mireni in poročila iz programa dejavnega spremljanja v ZDA morajo biti vključeni v posodobljenem načrtu za obvladovanje tveganja.</s>
<s id="s154.5">CHMP meni, da nova epidemiološka študija o raku na dojkah pri uporabnicah zdravila Implanon trenutno ni upravičena.</s>
<s id="s154.6">CHMP je menil, da se nepravilnosti pri krvavenju pričakujejo pri vseh metodah, ki vsebujejo le progestogen, in zlasti tistih, ki zavirajo ovulacijo.</s>
<s id="s154.7">To je dobro znano in včasih razlog za prekinitev metode.</s>
<s id="s154.8">Čeprav je ciklus krvavenja pogosto nepredvidljiv, pa mnogo žensk poroča o zmanjšanju pogostosti epizod in skupnega števila dni krvavenja v primerjavi z njihovim običajnim menstrualnim ciklusom.</s>
<s id="s154.9">Skoraj vse ženske izkusijo zmanjšanje skupne količine izgube krvi, tudi tiste, pri katerih se število dni krvavenja poveča.</s>
<s id="s154.10">Tako ima mnogo žensk dejansko koristi pri ciklusu krvavenja, čeprav je nepredvidljivost krvavenja pri nekaterih še vedno problem.</s>
<s id="s154.11">CHMP meni, da motnje v ciklusu krvavenja ne smejo šteti za resen zdravstveni problem, saj ob prekinitvi takoj izgine in ni povezan z nobenim znanim tveganjem za zdravje žensk.</s>
<s id="s154.12">Vse izkušnje kažejo, da so skrbne informacije in svetovanje pred uvedbo metode kot tudi podporno svetovanje in dnevnik krvavenja med uporabo koristni za dolgotrajno sprejemljivost in skladnost.</s>
<s id="s154.13">Podobno odstranitev zdravila Implanon zaradi nerednega krvavenja ne sme predstavljati resnih posledic, saj mora „ kirurški poseg “ za odstranitev zdravila Implanon šteti za minimalnega in zahtevati 0, 5– 1 cm površinskega reza v kožo, po katerem se implantant enostavno izvleče.</s>
<s id="s154.14">Odobren je bil predlog imetnika dovoljenja za promet z zdravilom za nadaljnje posodabljanje informacij o krvavenju v poglavju 4. 8 z novimi podatki iz ZDA in za izboljšanje informacij o ciklusih krvavenja.</s>
<s id="s155.1">CHMP je menil, da je pisno soglasje v EU povezano z zdravili, pri katerih je ugotovljeno resno tveganje, in da je uvedba zahteve za soglasje za zdravilo Implanon, ki je ena izmed široko uporabljenih metod kontracepcije, neupravičena in bi trdno kazala na tveganje, ki zagotovo ne obstaja.</s>
<s id="s156.1">Glavna prednost katere koli metode kontracepcije je njena učinkovitost in CHMP je menil, da je zdravilo Implanon izjemno učinkovito brez dokazov o zmanjšanju učinkovitosti med tretjim letom uporabe ali pri ženskah s prekomerno težo ter da je trenutno besedilo v Povzetku glavnih značilnosti zdravila glede učinkovitosti in telesne mase primerno.</s>
<s id="s156.2">Ena metoda kontracepcije pa ne izpolne vedno vseh zahtev, zato se zdi, da je široka izbira metod nujna za vsako žensko, da poišče kontracepcijo, ki ustreza njenim trenutnim potrebam.</s>
<s id="s156.3">Velika prednost implantantov je odsotnost problemov sprejemanja ali gastrointestinalnih motenj, ki negativno vplivajo na učinkovitost kontracepcije, slabost pa neredno krvavenje, ki je prisotno pri vseh neprekinjenih metodah, ki vsebujejo le progestogen in zavirajo ovulacijo.</s>
<s id="s156.4">CHMP je ugotovil, da učinkovitost kontracepcije zdravila Implanon prekaša učinkovitost ostalih hormonskih kontracepcij ter da so Pearlovi indeksi za zdravilo Implanon znatno nižji kot pri drugih sistematičnih hormonskih vrstah kontracepcije ter vsekakor nižji od tistih pri kombiniranih oralnih kontracepcijah, zlasti zato ker se pri teh pojavljata nesprejemanje in gastrointestinalne motnje.</s>
<s id="s156.5">Končno CHMP meni, da je zdravilo Implanon učinkovita metoda kontracepcije brez očitnih zadržkov glede varnosti ter da je razmerje med koristmi in tveganji pozitivno.</s>
<s id="s156.6">Dodatni podatki o tem vprašanju iz programa dejavnega spremljanja v ZDA bodo dobrodošli, zlasti podatki o učinkovitosti pri ženskah s prekomerno telesno maso.</s>
<s id="s157.1">CHMP ob upoštevanju predloženih podatkov v vlogi za obnovitev dovoljenja meni, da so nadaljnje dejavnosti za zmanjševanje tveganja nujne za varno in učinkovito uporabo zdravila.</s>
<s id="s157.2">Načrt za obvladovanje tveganja bo predložen referenčni državi članici v treh mesecih, pri tem pa bodo vključene dejavnosti, omenjene v pogojih za obnovitev dovoljenja za promet z zdravilom.</s>
<s id="s158.1">RAZLOGI ZA MNENJE</s>
<s id="s159.1">Nazadnje CHMP meni, da je zdravilo Implanon učinkovita metoda kontracepcije, nima očitnih zadržkov glede varnosti in meni, da je razmerje med koristmi in tveganji pozitivno.</s>
<s id="s160.1">7 CHMP se je strinjal o naslednjem predlogu za pogoje obnovitve dovoljenja za promet z zdravilom, ki jih je prej predstavila referenčna država članica:</s>
<s id="s161.1">Obnovitev se odobri za pet let pod naslednjimi pogoji:</s>
<s id="s162.1"> imetnik dovoljenja za promet z zdravilom bo nadaljeval z 12- mesečnimi periodičnimi poročili o varnosti zdravila (PSUR);  imetnik dovoljenja za promet z zdravilom bo v naslednjih petih letih obnovitve nadaljeval s šestmesečnimi poročili o vseh neželenih nosečnostih in problemih, povezanih z vstavljanjem/ odstranitvijo (IRRE);  s šestmesečnim poročilom IRRE bo imetnik dovoljenja za promet z zdravilom predložil najnovejše rezultate potekajočega programa dejavnega spremljanja (AMP) v ZDA;  imetnik dovoljenja za promet z zdravilom bo predložil tip II variacije v letu 2009 za uvedbo novega zdravila Implanon (Implanon NXT).</s>
<s id="s162.2">Predlog načrta za obvladovanje tveganja za zdravilo Implanon NXT bo del te variacije;  imetnik dovoljenja za promet z zdravilom bo pripravil nadaljnje informacije in gradivo za svetovanje zdravstvenemu osebju in ženskam o ciklusih krvavenja, ki lahko nastopijo med uporabo zdravila Implanon, pripravljeno gradivo pa bo na voljo ženskam, ki se odločajo o uporabi zdravila Implanon za kontracepcijo.</s>
<s id="s163.1">Ustrezne dele zgoraj omenjenih dejavnosti je treba vključiti v predlog načrta za obvladovanje tveganja, ki ga imetnik dovoljenja za promet z zdravilom predstavi v treh mesecih.</s>
<s id="s163.2">Poleg tega je treba v predlog načrta za obvladovanje tveganja vključiti tudi naslednje:</s>
<s id="s164.1"> v primeru zgodnje odstranitve (vključno z nosečnostjo) v programu dejavnega spremljanja se ob odstranitvi ugotovi telesna masa;  posodobitev podatkov o krvavenju v poglavju 4. 8 Povzetka glavnih značilnosti zdravila in navodilu za uporabo, kot je predlagano v osnutku označevanja imetnika dovoljenja za promet z zdravilom.</s>
<s id="s165.1">Ob upoštevanju naslednjega:</s>
<s id="s166.1">- očitne koristi so dolgotrajna uporaba in odsotnost težav s sprejemanjem;</s>
<s id="s167.1">- pravilno vstavljanje je enostaven postopek in težave z IRRE se lahko preprečijo ali zmanjšajo z</s>
<s id="s168.1">upoštevanjem posodobljenih navodil in gradiv za usposabljanje;</s>
<s id="s169.1">- znaki za povečanje tveganja za raka na dojkah niso bili prepoznani;</s>
<s id="s170.1">- motnje v ciklusu krvavenja ne morejo predstavljati resnega zdravstvenega problema;</s>
<s id="s171.1">- zdravilo Implanon se je kljub majhnim odmerkom jasno dokazalo kot učinkovita metoda</s>
<s id="s172.1">kontracepcije, tudi pri ženskah s prekomerno telesno maso.</s>
<s id="s172.2">CHMP je priporočil obnovitev dovoljenj za promet z zdravilom Implanon, z njim povezani povzetek glavnih značilnosti zdravila, označevanje in navodila za uporabo so navedeni v Dodatku III.</s>
<s id="s173.1">8 DODATEK III</s>
<s id="s174.1">POVZETEK GLAVNIH ZNAČILNOSTI ZDRAVILA, OZNAČEVANJE IN NAVODILO ZA UPORABO</s>
<s id="s175.1">9 Veljavni povzetek glavnih značilnost zdravila, označevanje in navodilo za uporabo so končne različice, pripravljene v postopku koordinacijske skupine.</s>
<s id="s176.1">10 DODATEK IV</s>
<s id="s177.1">POGOJI ZA OBNOVITEV DOVOLJENJA ZA PROMET</s>
<s id="s178.1">11 Nacionalni pristojni organi, katerih delo usklajuje referenčna država članica, zagotovijo, da imetniki dovoljenja za promet z zdravilom izpolnjujejo naslednje pogoje:</s>
<s id="s179.1">Obnovitev se odobri za pet let pod naslednjimi pogoji:</s>
<s id="s180.1"> imetnik dovoljenja za promet z zdravilom bo nadaljeval z 12- mesečnimi periodičnimi poročili o varnosti zdravila (PSUR);  imetnik dovoljenja za promet z zdravilom bo v naslednjih petih letih obnovitve nadaljeval s šestmesečnimi poročili o vseh neželenih nosečnostih in problemih, povezanih z vstavljanjem/ odstranitvijo (IRRE);  s šestmesečnim poročilom IRRE bo imetnik dovoljenja za promet z zdravilom predložil najnovejše rezultate potekajočega programa dejavnega spremljanja (AMP) v ZDA;  imetnik dovoljenja za promet z zdravilom bo predložil tip II variacije v letu 2009 za uvedbo novega zdravila Implanon (Implanon NXT).</s>
<s id="s180.2">Predlog načrta za obvladovanje tveganja za zdravilo Implanon NXT bo del te variacije;  imetnik dovoljenja za promet z zdravilom bo pripravil nadaljnje informacije in gradivo za svetovanje zdravstvenemu osebju in ženskam o ciklusih krvavenja, ki lahko nastopijo med uporabo zdravila Implanon, pripravljeno gradivo pa bo na voljo ženskam, ki se odločajo o uporabi zdravila Implanon za kontracepcijo.</s>
<s id="s181.1">Ustrezne dele zgoraj omenjenih dejavnosti je treba vključiti v predlog načrta za obvladovanje tveganja, ki ga imetnik dovoljenja za promet z zdravilom predstavi v treh mesecih.</s>
<s id="s181.2">Poleg tega je treba v predlog načrta za obvladovanje tveganja vključiti tudi naslednje zadeve:</s>
<s id="s182.1"> v primeru zgodnje odstranitve (vključno z nosečnostjo) v programu dejavnega spremljanja se ob odstranitvi ugotovi telesna masa;  posodobitev podatkov o krvavenju v poglavju 4. 8 Povzetka glavnih značilnosti zdravila in navodilu za uporabo, kot je predlagano v osnutku označevanja imetnika dovoljenja za promet z zdravilom.</s>
<s id="s183.1">12</s>
</body>
</letsmt>
