<?xml version="1.0" encoding="utf-8"?>
<letsmt version="1.0">
<head></head>
<body>
<s id="s1.1">EU številka</s>
<s id="s2.1">Lastniško ime</s>
<s id="s3.1">Jakost</s>
<s id="s4.1">Farmacevtska oblika</s>
<s id="s5.1">Ciljna živalska vrsta</s>
<s id="s6.1">Način uporabe zdravila</s>
<s id="s7.1">Ovojnina</s>
<s id="s8.1">Vsebina</s>
<s id="s9.1">Velikost pakiranja</s>
<s id="s10.1">Karenca</s>
<s id="s11.1">EU/ 2/ 07/ 078/ 001 Rheumocam 1. 5 mg/ ml</s>
<s id="s12.1">Peroralna suspenzija</s>
<s id="s13.1">Psi</s>
<s id="s14.1">Peroralna uporaba</s>
<s id="s15.1">PET plastenka, polipropilensko odmerno brizgalko</s>
<s id="s16.1">42 ml</s>
<s id="s17.1">1 plastenka z odmerno brizgalko</s>
<s id="s18.1">Navedba nismiselna.</s>
<s id="s19.1">EU/ 2/ 07/ 078/ 002 Rheumocam 1. 5 mg/ ml</s>
<s id="s20.1">Peroralna suspenzija</s>
<s id="s21.1">Psi</s>
<s id="s22.1">Peroralna uporaba</s>
<s id="s23.1">PET plastenka, polipropilensko odmerno brizgalko</s>
<s id="s24.1">100 ml</s>
<s id="s25.1">1 plastenka z odmerno brizgalko</s>
<s id="s26.1">Navedba nismiselna.</s>
<s id="s27.1">EU/ 2/ 07/ 078/ 003 Rheumocam 1. 5 mg/ ml</s>
<s id="s28.1">Peroralna suspenzija</s>
<s id="s29.1">Psi</s>
<s id="s30.1">Peroralna uporaba</s>
<s id="s31.1">PET plastenka, polipropilensko odmerno brizgalko</s>
<s id="s32.1">200 ml</s>
<s id="s33.1">1 plastenka z odmerno brizgalko</s>
<s id="s34.1">Navedba ni smiselna.</s>
<s id="s35.1">EU/ 2/ 07/ 078/ 004 Rheumocam 1. 5 mg/ ml</s>
<s id="s36.1">Peroralna suspenzija</s>
<s id="s37.1">Psi</s>
<s id="s38.1">Peroralna uporaba</s>
<s id="s39.1">Steklenička iz polietilena 15 ml visoke, polipropilensko odmerno brizgalko</s>
<s id="s40.1">1 plastenka z odmerno brizgalko</s>
<s id="s41.1">Navedba ni smiselna.</s>
</body>
</letsmt>
