<?xml version="1.0" encoding="utf-8"?>
<letsmt version="1.0">
<head></head>
<body>
<s id="s1.1">DODATEK I</s>
<s id="s2.1">POVZETEK GLAVNIH ZNAČILNOSTI ZDRAVILA</s>
<s id="s3.1">1 1.</s>
<s id="s3.2">IME ZDRAVILA ZA UPORABO V VETERINARSKI MEDICINI</s>
<s id="s4.1">Rheumocam 1, 5 mg/ ml, peroralna suspenzija za pse</s>
<s id="s5.1">2.</s>
<s id="s5.2">KAKOVOSTNA IN KOLIČINSKA SESTAVA</s>
<s id="s6.1">1 ml peroralne suspenzije Rheumocam 1, 5 mg/ ml vsebuje:</s>
<s id="s7.1">Zdravilna( e) učinkovina( e):</s>
<s id="s7.2">Meloksikam 1, 5 mg</s>
<s id="s8.1">Pomožna( e) snov( i):</s>
<s id="s8.2">Natrijev benzoat 5 mg</s>
<s id="s9.1">Za celoten seznam pomožnih snovi, glejte poglavje 6. 1.</s>
<s id="s10.1">3.</s>
<s id="s10.2">FARMACEVTSKA OBLIKA</s>
<s id="s11.1">Peroralna suspenzija</s>
<s id="s12.1">4.</s>
<s id="s12.2">KLINIČNI PODATKI</s>
<s id="s13.1">4. 1 Ciljne živalske vrste</s>
<s id="s14.1">Psi</s>
<s id="s15.1">4. 2 Indikacije za uporabo pri ciljnih živalskih vrstah</s>
<s id="s16.1">Umirjanje vnetja in lajšanje bolečine pri akutnih in kroničnih mišično- skeletnih obolenjih.</s>
<s id="s17.1">4. 3 Kontraindikacije</s>
<s id="s18.1">Ne uporabite pri brejih živalih in živalih v obdobju laktacije.</s>
<s id="s18.2">Ne uporabite pri živalih z obolenji prebavil, kot so zdraženost prebavil in krvavitve, pri motnjah delovanja jeter, srca ali ledvic in pri hemoragičnih obolenjih.</s>
<s id="s18.3">Ne uporabite v primeru preobčutljivosti na zdravilno učinkovino ali na katero koli pomožno snov.</s>
<s id="s18.4">Ne uporabite pri psih, mlajših od 6 tednov.</s>
<s id="s19.1">4. 4 Posebna opozorila</s>
<s id="s20.1">Ni posebnih opozoril.</s>
<s id="s21.1">4. 5 Posebni previdnostni ukrepi</s>
<s id="s22.1">Posebni previdnostni ukrepi za uporabo pri živalih</s>
<s id="s23.1">Če se pojavijo neželeni učinki, je treba zdravljenje prekiniti in se posvetovati z veterinarjem.</s>
<s id="s23.2">Zaradi nevarnosti toksičnih učinkov na ledvice se dajanju zdravila ogibamo pri dehidriranih, hipovolemičnih ali hipotenzivnih živalih.</s>
<s id="s24.1">2 Posebni previdnostni ukrepi, ki jih mora izvajati oseba, ki živalim daje zdravilo</s>
<s id="s25.1">Osebe z znano preobčutljivostjo za nesteroidna protivnetna zdravila naj se izogibajo stiku z zdravilom.</s>
<s id="s25.2">V primeru nenamernega zaužitja se takoj posvetujte z zdravnikom in mu pokažite navodila za uporabo ali ovojnino.</s>
<s id="s26.1">4. 6 Neželeni učinki (pogostost in resnost)</s>
<s id="s27.1">Občasno so poročali o značilnih neželenih učinkih nesteroidnih protivnetnih zdravil, kot so izguba teka, bruhanje, driska, kri v blatu (okultna krvavitev) in apatija.</s>
<s id="s27.2">Našteti neželeni učinki so najpogostnejši prvi teden zdravljenja, so večinoma prehodni in po končanem zdravljenju minejo, vendar so lahko v zelo redkih primerih tudi resni ali smrtno nevarni.</s>
<s id="s28.1">4. 7 Uporaba v obdobju brejosti, laktacije ali valjenja</s>
<s id="s29.1">Varnost veterinarskega zdravila med brejostjo in laktacijo ni raziskana (glejte poglavje 4. 3).</s>
<s id="s30.1">4. 8 Medsebojno delovanje z drugimi zdravili in druge oblike interakcij</s>
<s id="s31.1">Druga nesteroidna protivnetna zdravila, diuretiki, antikoagulansi, aminoglikozidni antibiotiki in snovi z visoko vezavo na beljakovine se lahko kompetitivno vežejo, kar lahko privede do toksičnih učinkov.</s>
<s id="s31.2">Rheumocama ne smemo dajati hkrati z drugimi nesteroidnimi protivnetnimi zdravili ali glukokortikosteroidi.</s>
<s id="s32.1">Predzdravljenje z zdravili s protivnetnim delovanjem lahko povzroči dodatne neželene učinke ali jih okrepi, zato teh zdravil za uporabo v veterinarski medicini ne smemo dajati najmanj 24 ur pred začetkom zdravljenja.</s>
<s id="s32.2">Poleg tega je treba pri določanju obdobja brez zdravil upoštevati farmakokinetične lastnosti zdravil, ki smo jih dajali predhodno.</s>
<s id="s33.1">4. 9 Odmerjanje in način uporabe</s>
<s id="s34.1">Pred uporabo dobro pretresite.</s>
<s id="s34.2">Zdravilo dajemo pomešano s hrano.</s>
<s id="s34.3">Začetni odmerek prvi dan zdravljenja je 0, 2 mg meloksikama na kilogram telesne mase.</s>
<s id="s34.4">Zdravljenje nadaljujemo z enim peroralnim, vzdrževalnim odmerkom po 0, 1 mg meloksikama na kilogram telesne mase na dan (v 24- urnih presledkih).</s>
<s id="s35.1">Posebno skrbno je treba paziti na natančno odmerjanje zdravila.</s>
<s id="s35.2">Suspenzijo lahko dajemo s priloženo merilno brizgo za Rheumocam.</s>
<s id="s35.3">Brizga je oblikovana tako, da se prilega plastenki in ima merilno skalo z oznakami telesne mase v kilogramih, ki ustrezajo vzdrževalnemu odmerku (0, 1 mg meloksikama na kilogram telesne mase).</s>
<s id="s35.4">Prvi dan zdravljenja je torej potreben dvakratni volumen vzdrževalnega odmerka.</s>
<s id="s36.1">Klinični odziv na zdravljenje je običajno opazen po 3 do 4 dneh.</s>
<s id="s36.2">Če se klinično stanje ne izboljša, je treba zdravljenje najpozneje po 10 dneh prekiniti.</s>
<s id="s37.1">4. 10 Preveliko odmerjanje (simptomi, nujni ukrepi, protistrupi) (če so potrebni)</s>
<s id="s38.1">Pri nenamernem vnosu prevelikega odmerka uvedemo simptomatsko zdravljenje.</s>
<s id="s39.1">4. 11 Karenca</s>
<s id="s40.1">Navedba ni smiselna.</s>
<s id="s41.1">3 5.</s>
<s id="s41.2">FARMAKOLOŠKE LASTNOSTI</s>
<s id="s42.1">Farmakoterapevtska skupina: protivnetna in protirevmatična zdravila, nesteroidna Oznaka ATCvet:</s>
<s id="s42.2">QM01AC06</s>
<s id="s43.1">5. 1 Farmakodinamične lastnosti</s>
<s id="s44.1">Meloksikam je nesteroidno protivnetno zdravilo (NSAID) iz skupine oksikamov, ki zavira sintezo prostaglandinov in tako deluje protivnetno, analgetično, antieksudativno in antipiretično.</s>
<s id="s44.2">Zmanjša infiltracijo levkocitov v vneto tkivo.</s>
<s id="s44.3">V manjši meri zavira tudi agregacijo trombocitov, ki jo povzroča kolagen.</s>
<s id="s44.4">Raziskave in vitro ter in vivo so pokazale, da meloksikam močneje zavira ciklooksigenazo 2 (COX- 2) kot ciklooksigenazo 1 (COX- 1).</s>
<s id="s45.1">5. 2 Farmakokinetične posebnosti</s>
<s id="s46.1">Absorpcija Meloksikam se po peroralnem dajanju povsem absorbira in doseže največje koncentracije v plazmi po približno 7, 5 ure.</s>
<s id="s46.2">Če dajemo zdravilo po priporočeni shemi odmerjanja, doseže meloksikam ustaljene koncentracije v plazmi drugi dan zdravljenja.</s>
<s id="s47.1">Porazdelitev Pri terapevtskem razponu odmerkov je med vnesenim odmerkom in koncentracijo v plazmi linearno razmerje.</s>
<s id="s47.2">Približno 97% meloksikama se veže na beljakovine v plazmi.</s>
<s id="s47.3">Porazdelitveni volumen je 0, 3 l/ kg.</s>
<s id="s48.1">Presnavljanje Meloksikam se pretežno nahaja v plazmi in je tudi pomemben produkt pri biliarnem izločanju, medtem ko so v urinu samo sledi matične spojine.</s>
<s id="s48.2">Presnavlja se v alkohol, kisli derivat in več polarnih presnovkov.</s>
<s id="s48.3">Vsi glavni presnovki so farmakološko neaktivni.</s>
<s id="s49.1">Izločanje Razpolovna doba izločanja meloksikama je 24 ur.</s>
<s id="s49.2">Približno 75% vnesenega odmerka se izloči z blatom, preostanek pa z urinom.</s>
<s id="s50.1">6.</s>
<s id="s50.2">FARMACEVTSKI PODATKI</s>
<s id="s51.1">6. 1 Seznam pomožnih snovi</s>
<s id="s52.1">natrijev saharinat natrijeva karboksimetilceluloza silicijev dioksid,, koloidni, brezvodni citronska kislina monohidrat raztopina sorbitola natrijev hidrogenfosfat dodekahidrat natrijev benzoat aroma medu.</s>
<s id="s53.1">6. 2 Inkompatibilnosti</s>
<s id="s54.1">Niso znane</s>
<s id="s55.1">4 6. 3 Rok uporabnosti</s>
<s id="s56.1">Rok uporabnosti zdravila v pakiranju za prodajo:</s>
<s id="s56.2">2 leti Rok uporabnosti po prvem odpiranju stične ovojnine:</s>
<s id="s56.3">6 mesecev</s>
<s id="s57.1">6. 4 Posebna navodila za shranjevanje</s>
<s id="s58.1">To zdravilo za uporabo v veterinarski medicini ne zahteva nobenih posebnih navodil za shranjevanje.</s>
<s id="s59.1">6. 5 Vrsta ovojnine in vsebina</s>
<s id="s60.1">Polietilen tereftalata (PET) plastenka po 42, 100 ali 200 ml z varnostnim, za otroke varnim zapiralom, in steklenička iz polietilena visoke gostote 15 ml z varnostnim, za otroke varnim zapiralom, ter polipropilenska merilna brizga.</s>
<s id="s61.1">Ni nujno, da so v prometu vsa navedena pakiranja.</s>
<s id="s62.1">6. 6 Posebni varnostni ukrepi za odstranjevanje neporabljenega zdravila ali odpadnih snovi</s>
<s id="s63.1">Vsako neporabljeno zdravilo ali odpadne snovi, ki nastanejo iz teh zdravil, je treba odstraniti v skladu z lokalnimi predpisi.</s>
<s id="s64.1">7.</s>
<s id="s64.2">IMETNIK DOVOLJENJA ZA PROMET</s>
<s id="s65.1">Chanelle Pharmaceuticals Manufacturing Ltd., Loughrea, Co.</s>
<s id="s65.2">Galway, Irska.</s>
<s id="s65.3">Tel: + 353 91 841788 Faks: + 353 91 842937 e- pošta: sales@ chanellegroup. ie</s>
<s id="s66.1">8.</s>
<s id="s66.2">ŠTEVILKA( E) DOVOLJENJ( A) ZA PROMET</s>
<s id="s67.1">15 ml:</s>
<s id="s67.2">EU/ 2/ 07/ 078/ 004 42 ml:</s>
<s id="s67.3">EU/ 2/ 07/ 078/ 001 100 ml:</s>
<s id="s67.4">EU/ 2/ 07/ 078/ 002 200 ml:</s>
<s id="s67.5">EU/ 2/ 07/ 078/ 003</s>
<s id="s68.1">9.</s>
<s id="s68.2">DATUM PRIDOBITVE/ PODALJŠANJA DOVOLJENJA ZA PROMET</s>
<s id="s69.1">10/ 01/ 2008.</s>
<s id="s70.1">10.</s>
<s id="s70.2">DATUM REVIZIJE BESEDILA</s>
<s id="s71.1">PREPOVED PRODAJE, OSKRBE IN/ ALI UPORABE</s>
<s id="s72.1">Navedba ni smiselna.</s>
<s id="s73.1">5 Podrobne informacije o tem zdravilu za uporabo v veterinarski medicini so na voljo na spletni strani Evropske agencije za zdravila (European Medicines Agency, EMEA) http: // www. emea. europa. eu.</s>
<s id="s74.1">6 DODATEK II</s>
<s id="s75.1">A.</s>
<s id="s75.2">IMETNIK DOVOLJENJA ZA IZDELAVO ZDRAVILA, ODGOVOREN ZA SPROSTITEV SERIJE</s>
<s id="s76.1">B.</s>
<s id="s76.2">POGOJI DOVOLJENJA ZA PROMET Z ZDRAVILOM TER OMEJITVE GLEDE OSKRBE IN UPORABE</s>
<s id="s77.1">C.</s>
<s id="s77.2">POGOJI DOVOLJENJA ZA PROMET Z ZDRAVILOM TER OMEJITVE GLEDE VARNE IN UČINKOVITE UPORABE</s>
<s id="s78.1">D.</s>
<s id="s78.2">NAVEDBA NAJVIŠJIH DOVOLJENIH KOLIČIN ZAOSTANKOV ZDRAVILA (MRL)</s>
<s id="s79.1">7 A.</s>
<s id="s79.2">IMETNIK DOVOLJENJA ZA IZDELAVO ZDRAVILA, ODGOVOREN ZA SPROSTITEV SERIJE</s>
<s id="s80.1">Ime in naslov izdelovalca zdravila, odgovornega za sproščanje serije</s>
<s id="s81.1">Chanelle Pharmaceuticals Manufacturing Ltd.</s>
<s id="s81.2">Loughrea, Co.</s>
<s id="s81.3">Galway, IRSKA.</s>
<s id="s82.1">B.</s>
<s id="s82.2">POGOJI DOVOLJENJA ZA PROMET Z ZDRAVILOM TER OMEJITVE GLEDE OSKRBE ALI UPORABE</s>
<s id="s83.1">Izdaja zdravila za uporabo v veterinarski medicini je le na recept.</s>
<s id="s84.1">C.</s>
<s id="s84.2">POGOJI DOVOLJENJA ZA PROMET Z ZDRAVILOM TER OMEJITVE GLEDE VARNE IN UČINKOVITE UPORABE</s>
<s id="s85.1">Navedba ni smiselna.</s>
<s id="s86.1">D.</s>
<s id="s86.2">NAVEDBA NAJVIŠJIH DOVOLJENIH KOLIČIN ZAOSTANKOV ZDRAVILA (MRL)</s>
<s id="s87.1">Navedba ni smiselna.</s>
<s id="s88.1">8 DODATEK III</s>
<s id="s89.1">OZNAČEVANJE IN NAVODILO ZA UPORABO</s>
<s id="s90.1">9 A.</s>
<s id="s90.2">OZNAČEVANJE</s>
<s id="s91.1">10 PODATKI NA ZUNANJI OVOJNINI</s>
<s id="s92.1">{Škatla za 15 ml, 42 ml, 100 ml ali 200 ml plastenko}</s>
<s id="s93.1">1.</s>
<s id="s93.2">IME ZDRAVILA ZA UPORABO V VETERINARSKI MEDICINI</s>
<s id="s94.1">Rheumocam 1, 5 mg/ ml, peroralna suspenzija za pse</s>
<s id="s95.1">2.</s>
<s id="s95.2">NAVEDBA ZDRAVILNE UČINKOVINE IN DRUGIH SNOVI</s>
<s id="s96.1">1 ml vsebuje:</s>
<s id="s96.2">1, 5 mg meloksikama 5 mg natrijevega benzoata</s>
<s id="s97.1">3.</s>
<s id="s97.2">FARMACEVTSKA OBLIKA</s>
<s id="s98.1">Peroralna suspenzija</s>
<s id="s99.1">4.</s>
<s id="s99.2">VELIKOST PAKIRANJA</s>
<s id="s100.1">15 ml 42 ml 100 ml 200 ml</s>
<s id="s101.1">5.</s>
<s id="s101.2">CILJNE ŽIVALSKE VRSTE</s>
<s id="s102.1">Psi.</s>
<s id="s103.1">6.</s>
<s id="s103.2">INDIKACIJA( E)</s>
<s id="s104.1">Umirjanje vnetja in lajšanje bolečine pri akutnih in kroničnih mišično- skeletnih obolenjih.</s>
<s id="s105.1">7.</s>
<s id="s105.2">NAČIN IN POT( I) UPORABE</s>
<s id="s106.1">Pred uporabo dobro pretresite.</s>
<s id="s106.2">Zdravilo dajemo pomešano med hrano.</s>
<s id="s106.3">Pred uporabo preberite navodila za uporabo.</s>
<s id="s107.1">8.</s>
<s id="s107.2">KARENCA</s>
<s id="s108.1">Navedba ni smiselna.</s>
<s id="s109.1">11 9.</s>
<s id="s109.2">POSEBNO( A) OPOZORILO( A), ČE JE/ SO POTREBNO( A)</s>
<s id="s110.1">Ne uporabite pri brejih živalih in živalih v obdobju laktacije.</s>
<s id="s111.1">10.</s>
<s id="s111.2">DATUM IZTEKA ROKA UPORABNOSTI ZDRAVILA</s>
<s id="s112.1">EXP {mesec/ leto} Odprto zdravilo uporabite v 6 mesecih.</s>
<s id="s113.1">11.</s>
<s id="s113.2">POSEBNA NAVODILA ZA SHRANJEVANJE</s>
<s id="s114.1">Navedba ni smiselna.</s>
<s id="s115.1">12.</s>
<s id="s115.2">POSEBNI VARNOSTNI UKREPI ZA ODSTRANJEVANJE NEPORABLJENEGA ZDRAVILA ALI ODPADNIH SNOVI, ČE OBSTAJAJO</s>
<s id="s116.1">Odstranite v skladu z lokalnimi predpisi.</s>
<s id="s117.1">13.</s>
<s id="s117.2">BESEDILO “ SAMO ZA ŽIVALI ” TER POGOJI IN OMEJITVE GLEDE OSKRBE IN UPORABE, če je navedba smiselna</s>
<s id="s118.1">Samo za živali.</s>
<s id="s118.2">Oskrba le na podlagi veterinarskega recepta.</s>
<s id="s119.1">14.</s>
<s id="s119.2">BESEDILO “ ZDRAVILO SHRANJUJTE IZVEN DOSEGA IN POGLEDA OTROK ”</s>
<s id="s120.1">Zdravilo shranjujte nedosegljivo otrokom.</s>
<s id="s121.1">15.</s>
<s id="s121.2">IME IN NASLOV IMETNIKA DOVOLJENJA ZA PROMET Z ZDRAVILOM</s>
<s id="s122.1">Chanelle Pharmaceuticals Manufacturing Ltd., Loughrea, Co.</s>
<s id="s122.2">Galway, Irska.</s>
<s id="s123.1">16.</s>
<s id="s123.2">ŠTEVILKA( E) DOVOLJENJ( A) ZA PROMET</s>
<s id="s124.1">EU/ 2/ 07/ 078/ 004 15 ml EU/ 2/ 07/ 078/ 001 42 ml EU/ 2/ 07/ 078/ 002 100 ml EU/ 2/ 07/ 078/ 003 200 ml</s>
<s id="s125.1">12 17.</s>
<s id="s125.2">IZDELOVALČEVA ŠTEVILKA SERIJE</s>
<s id="s126.1">Številka serije {številka}</s>
<s id="s127.1">13 PODATKI NA STIČNI OZ.</s>
<s id="s127.2">PRIMARNI OVOJNINI</s>
<s id="s128.1">{Nalepka za 100 ml in 200 ml plastenke}</s>
<s id="s129.1">1.</s>
<s id="s129.2">IME ZDRAVILA ZA UPORABO V VETERINARSKI MEDICINI</s>
<s id="s130.1">Rheumocam 1, 5 mg/ ml, peroralna suspenzija za pse</s>
<s id="s131.1">2.</s>
<s id="s131.2">NAVEDBA ZDRAVILNE( IH) UČINKOVIN( E) IN DRUGIH SNOVI</s>
<s id="s132.1">1 ml vsebuje:</s>
<s id="s132.2">1, 5 mg meloksikama 5 mg natrijevega benzoata</s>
<s id="s133.1">3.</s>
<s id="s133.2">FARMACEVTSKA OBLIKA</s>
<s id="s134.1">Peroralna suspenzija</s>
<s id="s135.1">4.</s>
<s id="s135.2">VELIKOST PAKIRANJA</s>
<s id="s136.1">100 ml 200 ml</s>
<s id="s137.1">5.</s>
<s id="s137.2">CILJNE ŽIVALSKE VRSTE</s>
<s id="s138.1">Psi.</s>
<s id="s139.1">6.</s>
<s id="s139.2">INDIKACIJA( E)</s>
<s id="s140.1">Umirjanje vnetja in lajšanje bolečine pri akutnih in kroničnih mišično- skeletnih obolenjih.</s>
<s id="s141.1">7.</s>
<s id="s141.2">NAČIN IN POT( I) UPORABE</s>
<s id="s142.1">Pred uporabo dobro pretresite.</s>
<s id="s142.2">Pazite, da med uporabo ne bi prišlo do kontaminacije.</s>
<s id="s142.3">Zdravilo dajemo pomešano med hrano.</s>
<s id="s142.4">Pred uporabo preberite navodilo za uporabo.</s>
<s id="s143.1">8.</s>
<s id="s143.2">KARENCA</s>
<s id="s144.1">Navedba ni smiselna.</s>
<s id="s145.1">14 9.</s>
<s id="s145.2">POSEBNO( A) OPOZORILO( A), ČE JE/ SO POTREBNO( A)</s>
<s id="s146.1">Ne uporabite pri brejih živalih in živalih v obdobju laktacije.</s>
<s id="s147.1">10.</s>
<s id="s147.2">DATUM IZTEKA ROKA UPORABNOSTI ZDRAVILA</s>
<s id="s148.1">EXP {mesec/ leto} Odprto zdravilo uporabite v 6 mesecih.</s>
<s id="s149.1">11.</s>
<s id="s149.2">POSEBNA NAVODILA ZA SHRANJEVANJE</s>
<s id="s150.1">Navedba ni smiselna.</s>
<s id="s151.1">12.</s>
<s id="s151.2">POSEBNI VARNOSTNI UKREPI ZA ODSTRANJEVANJE NEPORABLJENEGA ZDRAVILA ALI ODPADNIH SNOVI, ČE OBSTAJAJO</s>
<s id="s152.1">Odstranite v skladu z lokalnimi predpisi.</s>
<s id="s153.1">13.</s>
<s id="s153.2">BESEDILO “ SAMO ZA ŽIVALI ” IN POGOJI ALI OMEJITVE GLEDE OSKRBE IN UPORABE, če je navedba smiselna</s>
<s id="s154.1">Samo za živali.</s>
<s id="s154.2">Oskrba le na podlagi veterinarskega recepta.</s>
<s id="s155.1">14.</s>
<s id="s155.2">BESEDILO “ ZDRAVILO SHRANJUJTE NEDOSEGLJIVO OTROKOM ”</s>
<s id="s156.1">Zdravilo shranjujte nedosegljivo otrokom.</s>
<s id="s157.1">15.</s>
<s id="s157.2">IME IN NASLOV IMETNIKA DOVOLJENJA ZA PROMET Z ZDRAVILOM</s>
<s id="s158.1">Chanelle Pharmaceuticals Manufacturing Ltd., Loughrea, Co.</s>
<s id="s158.2">Galway, Irska.</s>
<s id="s159.1">16.</s>
<s id="s159.2">ŠTEVILKA( E) DOVOLJENJ( A) ZA PROMET</s>
<s id="s160.1">EU/ 2/ 07/ 078/ 002 100 ml EU/ 2/ 07/ 078/ 003 200 ml</s>
<s id="s161.1">17.</s>
<s id="s161.2">IZDELOVALČEVA ŠTEVILKA SERIJE</s>
<s id="s162.1">Številka serije {številka}</s>
<s id="s163.1">15 PODATKI, KI MORAJO BITI NAJMANJ NAVEDENI NA MANJŠIH STIČNIH OVOJNINAH</s>
<s id="s164.1">{Nalepka za 15 ml ali 42 ml plastenko}</s>
<s id="s165.1">1.</s>
<s id="s165.2">IME ZDRAVILA ZA UPORABO V VETERINARSKI MEDICINI</s>
<s id="s166.1">Rheumocam 1, 5 mg/ ml, peroralna suspenzija za pse</s>
<s id="s167.1">2.</s>
<s id="s167.2">KOLIČINA ZDRAVILNE( IH) UČINKOVIN( E)</s>
<s id="s168.1">Meloksikam 1, 5 mg/ ml</s>
<s id="s169.1">3.</s>
<s id="s169.2">VSEBINA, IZRAŽENA Z MASO, PROSTORNINO ALI ŠTEVILOM ODMERKOV</s>
<s id="s170.1">15 ml 42 ml</s>
<s id="s171.1">4.</s>
<s id="s171.2">POT( I) UPORABE ZDRAVILA</s>
<s id="s172.1">Pred uporabo dobro pretresite.</s>
<s id="s172.2">Zdravilo dajemo pomešano med hrano.</s>
<s id="s173.1">5.</s>
<s id="s173.2">KARENCA</s>
<s id="s174.1">Navedba ni smiselna.</s>
<s id="s175.1">6.</s>
<s id="s175.2">ŠTEVILKA SERIJE</s>
<s id="s176.1">Številka serije {številka}</s>
<s id="s177.1">7.</s>
<s id="s177.2">DATUM IZTEKA ROKA UPORABNOSTI ZDRAVILA</s>
<s id="s178.1">EXP {mesec/ leto} Odprto zdravilo uporabite v 6 mesecih.</s>
<s id="s179.1">8.</s>
<s id="s179.2">BESEDILO ''SAMO ZA ŽIVALI''</s>
<s id="s180.1">Samo za živali.</s>
<s id="s181.1">16 B.</s>
<s id="s181.2">NAVODILO ZA UPORABO</s>
<s id="s182.1">17 NAVODILO ZA UPORABO</s>
<s id="s183.1">Rheumocam 1, 5 mg/ ml, peroralna suspenzija za pse</s>
<s id="s184.1">1.</s>
<s id="s184.2">IME IN NASLOV IMETNIKA DOVOLJENJA ZA PROMET Z ZDRAVILOM TER IMETNIKA DOVOLJENJA ZA PROIZVODNJO ZDRAVILA, ODGOVORNEGA ZA SPROSTITEV SERIJ, ČE STA RAZLIČNA</s>
<s id="s185.1">Chanelle Pharmaceuticals Manufacturing Ltd., Loughrea, Co.</s>
<s id="s185.2">Galway, Irska.</s>
<s id="s185.3">Tel: + 353 91 841788 Faks: + 353 91 842937 e- pošta: sales@ chanellegroup. ie</s>
<s id="s186.1">2.</s>
<s id="s186.2">IME ZDRAVILA ZA UPORABO V VETERINARSKI MEDICINI</s>
<s id="s187.1">Rheumocam 1, 5 mg/ ml, peroralna suspenzija za pse</s>
<s id="s188.1">3.</s>
<s id="s188.2">NAVEDBA ZDRAVILNE UČINKOVINE IN DRUGIH SESTAVIN</s>
<s id="s189.1">1 ml vsebuje:</s>
<s id="s189.2">1, 5 mg meloksikama 5 mg natrijevega benzoata</s>
<s id="s190.1">4.</s>
<s id="s190.2">INDIKACIJA( E)</s>
<s id="s191.1">Umirjanje vnetja in lajšanje bolečine pri akutnih in kroničnih mišično- skeletnih obolenjih.</s>
<s id="s192.1">5.</s>
<s id="s192.2">KONTRAINDIKACIJE</s>
<s id="s193.1">Ne uporabite pri brejih živalih in živalih v obdobju laktacije.</s>
<s id="s193.2">Ne uporabite pri živalih z obolenji prebavil, kot so zdraženost prebavil in krvavitve, pri motnjah delovanja jeter, srca ali ledvic in pri hemoragičnih obolenjih.</s>
<s id="s193.3">Ne uporabite v primeru preobčutljivosti na zdravilno učinkovino ali na katero koli pomožno snov.</s>
<s id="s193.4">Ne uporabite pri psih, mlajših od 6 tednov.</s>
<s id="s194.1">6.</s>
<s id="s194.2">NEŽELENI UČINKI</s>
<s id="s195.1">Občasno so poročali o značilnih neželenih učinkih nesteroidnih protivnetnih zdravil, kot so izguba teka, bruhanje, driska, kri v blatu (okultna krvavitev) in apatija.</s>
<s id="s195.2">Našteti neželeni učinki so najpogostnejši prvi teden zdravljenja, so večinoma prehodni in po končanem zdravljenju minejo, vendar so lahko v zelo redkih primerih tudi resni ali smrtno nevarni.</s>
<s id="s196.1">Če opazite kakršne koli resne stranske učinke ali druge učinke, ki niso omenjeni v teh navodilih za uporabo, obvestite svojega veterinarja.</s>
<s id="s197.1">7.</s>
<s id="s197.2">CILJNE ŽIVALSKE VRSTE</s>
<s id="s198.1">18 Psi.</s>
<s id="s199.1">8.</s>
<s id="s199.2">ODMEREK ZA POSAMEZNE ŽIVALSKE VRSTE TER NAČIN UPORABE IN DAJANJA ZDRAVILA</s>
<s id="s200.1">Pred uporabo dobro pretresite.</s>
<s id="s200.2">Zdravilo dajemo pomešano med hrano.</s>
<s id="s200.3">Pazite, da med uporabo ne bi prišlo do kontaminacije.</s>
<s id="s200.4">Začetni odmerek prvi dan zdravljenja je 0, 2 mg meloksikama na kilogram telesne mase.</s>
<s id="s200.5">Zdravljenje nadaljujemo z enim peroralnim, vzdrževalnim odmerkom po 0, 1 mg meloksikama na kilogram telesne mase na dan (v 24- urnih presledkih).</s>
<s id="s200.6">Suspenzijo lahko dajemo s priloženo merilno brizgo.</s>
<s id="s200.7">Brizga ima merilno skalo, ki ustreza zahtevanemu volumnu.</s>
<s id="s200.8">Naslednja tabela za odmerjanje prikazuje, kakšen volumen je treba dati v odvisnosti od mase psa:</s>
<s id="s201.1">Telesna masa (kg) 7. 5 15 22. 5 30 37. 5 45 52. 5 60</s>
<s id="s202.1">Vzdrževalni odmerek (ml) 0. 5 1 1. 5 2 2. 5 3 3. 5 4</s>
<s id="s203.1">Prvi dan zdravljenja je potreben dvojni vzdrževalni odmerek.</s>
<s id="s203.2">Klinični odziv na zdravljenje je običajno opazen po 3 do 4 dneh.</s>
<s id="s203.3">Če se klinično stanje ne izboljša, je treba zdravljenje najpozneje po 10 dneh prekiniti.</s>
<s id="s204.1">9.</s>
<s id="s204.2">NASVET O PRAVILNI UPORABI ZDRAVILA</s>
<s id="s205.1">Posebno skrbno je treba paziti na natančno odmerjanje zdravila.</s>
<s id="s205.2">Ravnajte natančno po veterinarjevih navodilih.</s>
<s id="s206.1">10.</s>
<s id="s206.2">KARENCA</s>
<s id="s207.1">Navedba ni smiselna.</s>
<s id="s208.1">11.</s>
<s id="s208.2">POSEBNA NAVODILA ZA SHRANJEVANJE</s>
<s id="s209.1">To zdravilo za uporabo v veterinarski medicini ne zahteva nobenih posebnih navodil za shranjevanje.</s>
<s id="s209.2">Zdravilo shranjujte nedosegljivo otrokom.</s>
<s id="s209.3">Zdravila ne smete uporabljati po datumu izteka roka uporabnosti (EXP), navedenega na zunanji ovojnini in plastenki.</s>
<s id="s210.1">12.</s>
<s id="s210.2">POSEBNO( A) OPOZORIL( O) A</s>
<s id="s211.1">19 Če se pojavijo neželeni učinki, je treba zdravljenje prekiniti in se posvetovati z veterinarjem.</s>
<s id="s211.2">Zaradi nevarnosti toksičnih učinkov na ledvice se dajanju zdravila ogibamo pri dehidriranih, hipovolemičnih ali hipotenzivnih živalih.</s>
<s id="s211.3">Druga nesteroidna protivnetna zdravila, diuretiki, antikoagulansi, aminoglikozidni antibiotiki in snovi z visoko vezavo na beljakovine se lahko kompetitivno vežejo, kar lahko privede do toksičnih učinkov.</s>
<s id="s211.4">Rheumocama ne smemo dajati hkrati z drugimi nesteroidnimi protivnetnimi zdravili ali glukokortikosteroidi.</s>
<s id="s212.1">Predzdravljenje z zdravili s protivnetnim delovanjem lahko povzroči dodatne neželene učinke ali jih okrepi, zato teh zdravil za uporabo v veterinarski medicini ne smemo dajati najmanj 24 ur pred začetkom zdravljenja.</s>
<s id="s212.2">Poleg tega je treba pri določanju obdobja brez zdravil upoštevati farmakokinetične lastnosti veterinarskih zdravil, ki smo jih dajali predhodno.</s>
<s id="s213.1">Pri nenamernem vnosu prevelikega odmerka uvedemo simptomatsko zdravljenje.</s>
<s id="s214.1">Osebe z znano preobčutljivostjo za nesteroidna protivnetna zdravila naj se izogibajo stiku z zdravilom.</s>
<s id="s215.1">V primeru nenamernega zaužitja se takoj posvetujte z zdravnikom in mu pokažite navodila za uporabo ali ovojnino.</s>
<s id="s216.1">13.</s>
<s id="s216.2">POSEBNI VARNOSTNI UKREPI ZA ODSTRANJEVANJE NEPORABLJENEGA ZDRAVILA ALI ODPADNIH SNOVI, ČE OBSTAJAJO</s>
<s id="s217.1">Vsako neporabljeno zdravilo ali odpadne snovi, ki nastanejo iz teh zdravil, je treba odstraniti v skladu z lokalnimi predpisi.</s>
<s id="s218.1">14.</s>
<s id="s218.2">DATUM ZADNJE ODOBRITVE NAVODIL ZA UPORABO</s>
<s id="s219.1">15.</s>
<s id="s219.2">DRUGE INFORMACIJE</s>
<s id="s220.1">Oskrba le na podlagi veterinarskega recepta.</s>
<s id="s220.2">Plastenke po 15, 42, 100 ali 200 ml z merilno brizgo.</s>
<s id="s220.3">Ni nujno, da so v prometu vsa navedena pakiranja.</s>
<s id="s221.1">20</s>
</body>
</letsmt>
