<?xml version="1.0" encoding="utf-8"?>
<letsmt version="1.0">
<head></head>
<body>
<s id="s1.1">EU številka</s>
<s id="s2.1">Izmišljeno ime</s>
<s id="s3.1">Jakost</s>
<s id="s4.1">Farmacevtska oblika</s>
<s id="s5.1">Ciljna živalska vrsta</s>
<s id="s6.1">Način uporabe zdravila</s>
<s id="s7.1">Ovojnina</s>
<s id="s8.1">Vsebina (koncentracija)</s>
<s id="s9.1">Velikost pakiranja</s>
<s id="s10.1">Karenca</s>
<s id="s11.1">EU/ 2/ 04/ 048/ 001</s>
<s id="s12.1">Purevax RCPCh FeLV</s>
<s id="s13.1">Atenuirani herpes virus rinotraheitisa mačk (sev FHV F2): ≥ 104, 9 CCID50 na odmerek Inaktivirani antigeni kalici virusa mačk (sev FCV 431 in sev FCV G1): ≥ 2, 0 enot v testu ELISA na odmerek Atenuirana Chlamydophila felis (sev 905): ≥ 103, 0 EID50 na odmerek Atenuiran virus panleukopenije mačk (PLI IV): ≥ 103, 5 CCID50 na odmerek Rekombinantni poxvirus kanarčkov, ki vsebuje antigen virusa mačje levkemije (vCP97): ≥ 107, 2 CCID50 na odmerek</s>
<s id="s14.1">Liofilizat in vehikel za suspenzijo za injiciranje</s>
<s id="s15.1">Mačke</s>
<s id="s16.1">Subkutano</s>
<s id="s17.1">Prebodna steklenička iz stekla tipa 1, zaprta z gumijastim zamaškom in zaščitena z aluminijast o zaporko</s>
<s id="s18.1">10 stekleničk z 1 odmerkom (liofilizata) in 10 stekleničk po 1 ml (vehikla)</s>
<s id="s19.1">1 odmerek liofilizata in 1 ml vehikla</s>
<s id="s20.1">Navedba ni smiselna</s>
<s id="s21.1">EU/ 2/ 04/ 048/ 002</s>
<s id="s22.1">Purevax RCPCh FeLV</s>
<s id="s23.1">Atenuirani herpes virus rinotraheitisa mačk (sev FHV F2): ≥ 104, 9 CCID50 na odmerek Inaktivirani antigeni kalici virusa mačk (sev FCV 431 in sev FCV G1): ≥ 2, 0 enot v testu ELISA na odmerke Atenuirana Chlamydophila felis (sev 905): ≥ 103, 0 EID50 na odmerek Atenuiran virus panleukopenije mačk (PLI IV): ≥ 103, 5 CCID50 na odmerek Rekombinantni poxvirus kanarčkov, ki vsebuje antigen virusa mačje levkemije (vCP97): ≥ 107, 2 CCID50 na odmerek</s>
<s id="s24.1">Liofilizat in vehikel za suspenzijo za injiciranje</s>
<s id="s25.1">Mačke</s>
<s id="s26.1">Subkutano</s>
<s id="s27.1">Prebodna steklenička iz stekla tipa 1, zaprta z gumijastim zamaškom in zaščitena z aluminijast o zaporko</s>
<s id="s28.1">50 stekleničk z 1 odmerkom (liofilizata) in 50 stekleničk po 1 ml (vehikla)</s>
<s id="s29.1">1 odmerek liofilizata in 1 ml vehikla</s>
<s id="s30.1">Navedba ni smiselna</s>
</body>
</letsmt>
