<?xml version="1.0" encoding="utf-8"?>
<text>
<p id="1">
<s id="s1.1">
 <w id="w1.1.1">European</w> 
 <w id="w1.1.2">Medicines</w> 
 <w id="w1.1.3">Agency</w>
</s></p>

<p id="2">
<s id="s2.1">
 <w id="w2.1.1">London</w>
 <w id="w2.1.2">,</w> 
 <w id="w2.1.3">28</w>
 <w id="w2.1.4">.</w> 
 <w id="w2.1.5">junij</w> 
 <w id="w2.1.6">2006</w>                                                                                                  
 <w id="w2.1.7">Sklic</w> 
 <w id="w2.1.8">dok</w>
 <w id="w2.1.9">.</w>
</s> 
 
<s id="s2.2">
 <w id="w2.2.1">EMEA/</w>
 <w id="w2.2.2">462570/</w>
 <w id="w2.2.3">2006</w>
</s></p>

<p id="3">
<s id="s3.1">
 <w id="w3.1.1">VPRAŠANJA</w> 
 <w id="w3.1.2">IN</w> 
 <w id="w3.1.3">ODGOVORI</w> 
 <w id="w3.1.4">GLEDE</w> 
 <w id="w3.1.5">PRIPOROČILA</w> 
 <w id="w3.1.6">ZA</w> 
 <w id="w3.1.7">ZAVRNITEV</w>                             
 <w id="w3.1.8">VLOGE</w> 
 <w id="w3.1.9">ZA</w> 
 <w id="w3.1.10">DOVOLJENJE</w> 
 <w id="w3.1.11">ZA</w> 
 <w id="w3.1.12">PROMET</w>                                        
 <w id="w3.1.13">za</w> 
 <w id="w3.1.14">zdravilo</w>                                        
 <w id="w3.1.15">ALPHEON</w>
</s></p>

<p id="4">
<s id="s4.1">
 <w id="w4.1.1">Mednarodno</w> 
 <w id="w4.1.2">nelastniško</w> 
 <w id="w4.1.3">ime</w> 
 <w id="w4.1.4">(</w>
 <w id="w4.1.5">INN</w>
 <w id="w4.1.6">)</w>
 <w id="w4.1.7">:</w> 
 <w id="w4.1.8">interferon</w> 
 <w id="w4.1.9">alfa-</w>
 <w id="w4.1.10">2a</w>
</s></p>

<p id="5">
<s id="s5.1">
 <w id="w5.1.1">Odbor</w> 
 <w id="w5.1.2">za</w> 
 <w id="w5.1.3">zdravila</w> 
 <w id="w5.1.4">za</w> 
 <w id="w5.1.5">uporabo</w> 
 <w id="w5.1.6">v</w> 
 <w id="w5.1.7">humani</w> 
 <w id="w5.1.8">medicini</w> 
 <w id="w5.1.9">(</w>
 <w id="w5.1.10">CHMP</w>
 <w id="w5.1.11">)</w> 
 <w id="w5.1.12">je</w> 
 <w id="w5.1.13">dne</w> 
 <w id="w5.1.14">28</w>
 <w id="w5.1.15">.</w> 
 <w id="w5.1.16">junija</w> 
 <w id="w5.1.17">2006</w> 
 <w id="w5.1.18">sprejel</w> 
 <w id="w5.1.19">negativno</w>   
 <w id="w5.1.20">mnenje</w>
 <w id="w5.1.21">,</w> 
 <w id="w5.1.22">s</w> 
 <w id="w5.1.23">katerim</w> 
 <w id="w5.1.24">je</w> 
 <w id="w5.1.25">priporočil</w> 
 <w id="w5.1.26">zavrnitev</w> 
 <w id="w5.1.27">dovoljenja</w> 
 <w id="w5.1.28">za</w> 
 <w id="w5.1.29">promet</w> 
 <w id="w5.1.30">z</w> 
 <w id="w5.1.31">zdravilom</w> 
 <w id="w5.1.32">Alpheon</w>
 <w id="w5.1.33">,</w> 
 <w id="w5.1.34">raztopino</w> 
 <w id="w5.1.35">za</w>   
 <w id="w5.1.36">injiciranje</w> 
 <w id="w5.1.37">s</w> 
 <w id="w5.1.38">6</w> 
 <w id="w5.1.39">milijonov</w> 
 <w id="w5.1.40">i.</w>
 <w id="w5.1.41">e</w>
 <w id="w5.1.42">.</w>
 <w id="w5.1.43">/</w>
 <w id="w5.1.44">ml</w>
 <w id="w5.1.45">,</w> 
 <w id="w5.1.46">namenjeno</w> 
 <w id="w5.1.47">za</w> 
 <w id="w5.1.48">zdravljenje</w> 
 <w id="w5.1.49">hepatitisa</w> 
 <w id="w5.1.50">C</w>
 <w id="w5.1.51">.</w>
</s> 
 
<s id="s5.2">
 <w id="w5.2.1">Podjetje</w>
 <w id="w5.2.2">,</w> 
 <w id="w5.2.3">ki</w> 
 <w id="w5.2.4">je</w> 
 <w id="w5.2.5">podalo</w> 
 <w id="w5.2.6">vlogo</w> 
 <w id="w5.2.7">za</w>   
 <w id="w5.2.8">odobritev</w> 
 <w id="w5.2.9">dovoljenja</w> 
 <w id="w5.2.10">za</w> 
 <w id="w5.2.11">promet</w> 
 <w id="w5.2.12">z</w> 
 <w id="w5.2.13">zdravilom</w>
 <w id="w5.2.14">,</w> 
 <w id="w5.2.15">je</w> 
 <w id="w5.2.16">BioPartners</w> 
 <w id="w5.2.17">GmbH</w>
 <w id="w5.2.18">.</w>
</s> 
 
<s id="s5.3">
 <w id="w5.3.1">Podjetje</w> 
 <w id="w5.3.2">lahko</w> 
 <w id="w5.3.3">v</w> 
 <w id="w5.3.4">roku</w> 
 <w id="w5.3.5">15</w> 
 <w id="w5.3.6">dni</w> 
 <w id="w5.3.7">od</w>   
 <w id="w5.3.8">prejema</w> 
 <w id="w5.3.9">uradnega</w> 
 <w id="w5.3.10">obvestila</w> 
 <w id="w5.3.11">o</w> 
 <w id="w5.3.12">tem</w> 
 <w id="w5.3.13">negativnem</w> 
 <w id="w5.3.14">mnenju</w> 
 <w id="w5.3.15">zahteva</w> 
 <w id="w5.3.16">ponovno</w> 
 <w id="w5.3.17">presojo</w> 
 <w id="w5.3.18">mnenja</w>
 <w id="w5.3.19">.</w>
</s></p>

<p id="6">
<s id="s6.1">
 <w id="w6.1.1">Kaj</w> 
 <w id="w6.1.2">je</w> 
 <w id="w6.1.3">zdravilo</w> 
 <w id="w6.1.4">Alpheon</w>
 <w id="w6.1.5">?</w>
</s>   
 
<s id="s6.2">
 <w id="w6.2.1">Zdravilo</w> 
 <w id="w6.2.2">Alpheon</w> 
 <w id="w6.2.3">je</w> 
 <w id="w6.2.4">raztopina</w> 
 <w id="w6.2.5">za</w> 
 <w id="w6.2.6">injiciranje</w>
 <w id="w6.2.7">,</w> 
 <w id="w6.2.8">ki</w> 
 <w id="w6.2.9">vsebuje</w> 
 <w id="w6.2.10">zdravilno</w> 
 <w id="w6.2.11">učinkovino</w> 
 <w id="w6.2.12">interferon</w> 
 <w id="w6.2.13">alfa-</w>
 <w id="w6.2.14">2a</w>
 <w id="w6.2.15">.</w>
</s>   
 
<s id="s6.3">
 <w id="w6.3.1">Zdravilo</w> 
 <w id="w6.3.2">Alpheon</w> 
 <w id="w6.3.3">je</w> 
 <w id="w6.3.4">bilo</w> 
 <w id="w6.3.5">razvito</w> 
 <w id="w6.3.6">kot</w> 
 <w id="w6.3.7">»</w>
 <w id="w6.3.8">biogenerično</w>
 <w id="w6.3.9">«</w> 
 <w id="w6.3.10">zdravilo</w>
 <w id="w6.3.11">.</w>
</s> 
 
<s id="s6.4">
 <w id="w6.4.1">To</w> 
 <w id="w6.4.2">pomeni</w>
 <w id="w6.4.3">,</w> 
 <w id="w6.4.4">da</w> 
 <w id="w6.4.5">je</w> 
 <w id="w6.4.6">zdravilo</w> 
 <w id="w6.4.7">Alpheon</w>   
 <w id="w6.4.8">podobno</w> 
 <w id="w6.4.9">biološkemu</w> 
 <w id="w6.4.10">zdravilu</w> 
 <w id="w6.4.11">Roferon-</w>
 <w id="w6.4.12">A</w> 
 <w id="w6.4.13">(</w>
 <w id="w6.4.14">imenovanemu</w> 
 <w id="w6.4.15">tudi</w> 
 <w id="w6.4.16">»</w>
 <w id="w6.4.17">referenčno</w> 
 <w id="w6.4.18">zdravilo</w>
 <w id="w6.4.19">«</w>
 <w id="w6.4.20">)</w>
 <w id="w6.4.21">,</w> 
 <w id="w6.4.22">ki</w> 
 <w id="w6.4.23">je</w> 
 <w id="w6.4.24">že</w>   
 <w id="w6.4.25">odobreno</w> 
 <w id="w6.4.26">v</w> 
 <w id="w6.4.27">EU</w> 
 <w id="w6.4.28">in</w> 
 <w id="w6.4.29">vsebuje</w> 
 <w id="w6.4.30">isto</w> 
 <w id="w6.4.31">zdravilno</w> 
 <w id="w6.4.32">učinkovino</w>
 <w id="w6.4.33">.</w>
</s></p>

<p id="7">
<s id="s7.1">
 <w id="w7.1.1">Za</w> 
 <w id="w7.1.2">kaj</w> 
 <w id="w7.1.3">naj</w> 
 <w id="w7.1.4">bi</w> 
 <w id="w7.1.5">se</w> 
 <w id="w7.1.6">zdravilo</w> 
 <w id="w7.1.7">Alpheon</w> 
 <w id="w7.1.8">uporabljalo</w>
 <w id="w7.1.9">?</w>
</s>   
 
<s id="s7.2">
 <w id="w7.2.1">Zdravilo</w> 
 <w id="w7.2.2">Alpheon</w> 
 <w id="w7.2.3">bi</w> 
 <w id="w7.2.4">se</w> 
 <w id="w7.2.5">naj</w> 
 <w id="w7.2.6">uporabljalo</w> 
 <w id="w7.2.7">za</w> 
 <w id="w7.2.8">zdravljenje</w> 
 <w id="w7.2.9">odraslih</w> 
 <w id="w7.2.10">bolnikov</w> 
 <w id="w7.2.11">s</w> 
 <w id="w7.2.12">kroničnim</w> 
 <w id="w7.2.13">(</w>
 <w id="w7.2.14">dolgotrajnim</w>
 <w id="w7.2.15">)</w>   
 <w id="w7.2.16">hepatitisom</w> 
 <w id="w7.2.17">C</w> 
 <w id="w7.2.18">(</w>
 <w id="w7.2.19">boleznijo</w> 
 <w id="w7.2.20">jeter</w>
 <w id="w7.2.21">,</w> 
 <w id="w7.2.22">ki</w> 
 <w id="w7.2.23">je</w> 
 <w id="w7.2.24">posledica</w> 
 <w id="w7.2.25">okužbe</w> 
 <w id="w7.2.26">z</w> 
 <w id="w7.2.27">virusom</w>
 <w id="w7.2.28">)</w>
 <w id="w7.2.29">.</w>
</s> 
 
<s id="s7.3">
 <w id="w7.3.1">Taki</w> 
 <w id="w7.3.2">bolniki</w> 
 <w id="w7.3.3">imajo</w> 
 <w id="w7.3.4">znake</w> 
 <w id="w7.3.5">poškodb</w>   
 <w id="w7.3.6">jeter</w>
 <w id="w7.3.7">:</w> 
 <w id="w7.3.8">njihova</w> 
 <w id="w7.3.9">jetrna</w> 
 <w id="w7.3.10">tkiva</w> 
 <w id="w7.3.11">pri</w> 
 <w id="w7.3.12">pregledu</w> 
 <w id="w7.3.13">z</w> 
 <w id="w7.3.14">mikroskopom</w> 
 <w id="w7.3.15">kažejo</w> 
 <w id="w7.3.16">določene</w> 
 <w id="w7.3.17">poškodbe</w>
 <w id="w7.3.18">,</w> 
 <w id="w7.3.19">v</w> 
 <w id="w7.3.20">krvi</w> 
 <w id="w7.3.21">pa</w> 
 <w id="w7.3.22">imajo</w>   
 <w id="w7.3.23">raven</w> 
 <w id="w7.3.24">jetrnega</w> 
 <w id="w7.3.25">encima</w> 
 <w id="w7.3.26">(</w>
 <w id="w7.3.27">ALT</w>
 <w id="w7.3.28">)</w>
 <w id="w7.3.29">,</w> 
 <w id="w7.3.30">ki</w> 
 <w id="w7.3.31">je</w> 
 <w id="w7.3.32">višja</w> 
 <w id="w7.3.33">od</w> 
 <w id="w7.3.34">normalne</w>
 <w id="w7.3.35">.</w>
</s> 
 
<s id="s7.4">
 <w id="w7.4.1">Nadalje</w> 
 <w id="w7.4.2">izkazujejo</w> 
 <w id="w7.4.3">znake</w> 
 <w id="w7.4.4">okužbe</w> 
 <w id="w7.4.5">z</w> 
 <w id="w7.4.6">virusom</w>   
 <w id="w7.4.7">hepatitisa</w> 
 <w id="w7.4.8">C</w>
 <w id="w7.4.9">.</w>
</s> 
 
<s id="s7.5">
 <w id="w7.5.1">Zdravilo</w> 
 <w id="w7.5.2">Alpheon</w> 
 <w id="w7.5.3">bi</w> 
 <w id="w7.5.4">se</w> 
 <w id="w7.5.5">naj</w> 
 <w id="w7.5.6">uporabljalo</w> 
 <w id="w7.5.7">s</w> 
 <w id="w7.5.8">protivirusnim</w> 
 <w id="w7.5.9">zdravilom</w> 
 <w id="w7.5.10">ribavirin</w>
 <w id="w7.5.11">,</w> 
 <w id="w7.5.12">razen</w> 
 <w id="w7.5.13">pri</w>   
 <w id="w7.5.14">bolnikih</w>
 <w id="w7.5.15">,</w> 
 <w id="w7.5.16">ki</w> 
 <w id="w7.5.17">ne</w> 
 <w id="w7.5.18">morejo</w> 
 <w id="w7.5.19">jemati</w> 
 <w id="w7.5.20">ribavirina</w>
 <w id="w7.5.21">.</w>
</s></p>

<p id="8">
<s id="s8.1">
 <w id="w8.1.1">Kako</w> 
 <w id="w8.1.2">naj</w> 
 <w id="w8.1.3">bi</w> 
 <w id="w8.1.4">zdravilo</w> 
 <w id="w8.1.5">Alpheon</w> 
 <w id="w8.1.6">delovalo</w>
 <w id="w8.1.7">?</w>
</s>   
 
<s id="s8.2">
 <w id="w8.2.1">Interferoni</w> 
 <w id="w8.2.2">so</w> 
 <w id="w8.2.3">naravne</w> 
 <w id="w8.2.4">spojine</w>
 <w id="w8.2.5">,</w> 
 <w id="w8.2.6">ki</w> 
 <w id="w8.2.7">jih</w> 
 <w id="w8.2.8">proizvaja</w> 
 <w id="w8.2.9">telo</w> 
 <w id="w8.2.10">z</w> 
 <w id="w8.2.11">namenom</w> 
 <w id="w8.2.12">obrambe</w> 
 <w id="w8.2.13">proti</w> 
 <w id="w8.2.14">napadom</w>
 <w id="w8.2.15">,</w> 
 <w id="w8.2.16">kot</w> 
 <w id="w8.2.17">so</w>   
 <w id="w8.2.18">okužbe</w>
 <w id="w8.2.19">,</w> 
 <w id="w8.2.20">ki</w> 
 <w id="w8.2.21">jih</w> 
 <w id="w8.2.22">povzročajo</w> 
 <w id="w8.2.23">virusi</w>
 <w id="w8.2.24">.</w>
</s> 
 
<s id="s8.3">
 <w id="w8.3.1">Interferon</w> 
 <w id="w8.3.2">v</w> 
 <w id="w8.3.3">zdravilu</w> 
 <w id="w8.3.4">Alpheon</w>
 <w id="w8.3.5">,</w> 
 <w id="w8.3.6">interferon</w> 
 <w id="w8.3.7">alfa-</w>
 <w id="w8.3.8">2a</w>
 <w id="w8.3.9">,</w> 
 <w id="w8.3.10">se</w> 
 <w id="w8.3.11">proizvaja</w> 
 <w id="w8.3.12">z</w>   
 <w id="w8.3.13">metodo</w>
 <w id="w8.3.14">,</w> 
 <w id="w8.3.15">imenovano</w> 
 <w id="w8.3.16">»</w>
 <w id="w8.3.17">tehnologija</w> 
 <w id="w8.3.18">rekombinantne</w> 
 <w id="w8.3.19">DNA</w>
 <w id="w8.3.20">«</w>
 <w id="w8.3.21">:</w> 
 <w id="w8.3.22">tvori</w> 
 <w id="w8.3.23">ga</w> 
 <w id="w8.3.24">kvasovka</w>
 <w id="w8.3.25">,</w> 
 <w id="w8.3.26">ki</w> 
 <w id="w8.3.27">je</w> 
 <w id="w8.3.28">prejela</w> 
 <w id="w8.3.29">gen</w> 
 <w id="w8.3.30">(</w>
 <w id="w8.3.31">DNA</w>
 <w id="w8.3.32">)</w>
 <w id="w8.3.33">,</w> 
 <w id="w8.3.34">s</w>   
 <w id="w8.3.35">katerim</w> 
 <w id="w8.3.36">postane</w> 
 <w id="w8.3.37">sposobna</w> 
 <w id="w8.3.38">tvoriti</w> 
 <w id="w8.3.39">interferon</w>
 <w id="w8.3.40">.</w>
</s></p>

<p id="9">
<s id="s9.1">
 <w id="w9.1.1">Katero</w> 
 <w id="w9.1.2">dokumentacijo</w> 
 <w id="w9.1.3">je</w> 
 <w id="w9.1.4">podjetje</w> 
 <w id="w9.1.5">predložilo</w> 
 <w id="w9.1.6">CHMP</w> 
 <w id="w9.1.7">v</w> 
 <w id="w9.1.8">podporo</w> 
 <w id="w9.1.9">svoji</w> 
 <w id="w9.1.10">vlogi</w> 
 <w id="w9.1.11">?</w>
</s>   
 
<s id="s9.2">
 <w id="w9.2.1">Podjetje</w>
 <w id="w9.2.2">,</w> 
 <w id="w9.2.3">ki</w> 
 <w id="w9.2.4">proizvaja</w> 
 <w id="w9.2.5">zdravilo</w> 
 <w id="w9.2.6">Alpheon</w>
 <w id="w9.2.7">,</w> 
 <w id="w9.2.8">je</w> 
 <w id="w9.2.9">predložilo</w> 
 <w id="w9.2.10">informacije</w>
 <w id="w9.2.11">,</w> 
 <w id="w9.2.12">ki</w> 
 <w id="w9.2.13">dokazujejo</w>
 <w id="w9.2.14">,</w> 
 <w id="w9.2.15">da</w> 
 <w id="w9.2.16">so</w> 
 <w id="w9.2.17">zdravilo</w>   
 <w id="w9.2.18">Alpheon</w> 
 <w id="w9.2.19">primerjali</w> 
 <w id="w9.2.20">z</w> 
 <w id="w9.2.21">zdravilom</w> 
 <w id="w9.2.22">Roferon-</w>
 <w id="w9.2.23">A</w> 
 <w id="w9.2.24">(</w>
 <w id="w9.2.25">strukturo</w> 
 <w id="w9.2.26">zdravilne</w> 
 <w id="w9.2.27">učinkovine</w>
 <w id="w9.2.28">,</w> 
 <w id="w9.2.29">sestavo</w> 
 <w id="w9.2.30">in</w> 
 <w id="w9.2.31">čistost</w> 
 <w id="w9.2.32">zdravila</w>
 <w id="w9.2.33">,</w>   
 <w id="w9.2.34">način</w> 
 <w id="w9.2.35">njegovega</w> 
 <w id="w9.2.36">delovanja</w>
 <w id="w9.2.37">,</w> 
 <w id="w9.2.38">varnost</w> 
 <w id="w9.2.39">in</w> 
 <w id="w9.2.40">učinkovitost</w> 
 <w id="w9.2.41">pri</w> 
 <w id="w9.2.42">hepatitisu</w> 
 <w id="w9.2.43">C</w>
 <w id="w9.2.44">)</w>
 <w id="w9.2.45">.</w>
</s> 
 
<s id="s9.3">
 <w id="w9.3.1">V</w> 
 <w id="w9.3.2">okviru</w> 
 <w id="w9.3.3">raziskave</w> 
 <w id="w9.3.4">z</w> 
 <w id="w9.3.5">bolniki</w> 
 <w id="w9.3.6">s</w>   
 <w id="w9.3.7">hepatitisom</w> 
 <w id="w9.3.8">C</w> 
 <w id="w9.3.9">so</w> 
 <w id="w9.3.10">pri</w> 
 <w id="w9.3.11">455</w> 
 <w id="w9.3.12">bolnikih</w> 
 <w id="w9.3.13">učinkovitost</w> 
 <w id="w9.3.14">zdravila</w> 
 <w id="w9.3.15">Alpheon</w> 
 <w id="w9.3.16">primerjali</w> 
 <w id="w9.3.17">z</w> 
 <w id="w9.3.18">učinkovitostjo</w>   
 <w id="w9.3.19">referenčnega</w> 
 <w id="w9.3.20">zdravila</w>
 <w id="w9.3.21">.</w>
</s> 
 
<s id="s9.4">
 <w id="w9.4.1">V</w> 
 <w id="w9.4.2">raziskavi</w> 
 <w id="w9.4.3">so</w> 
 <w id="w9.4.4">merili</w>
 <w id="w9.4.5">,</w> 
 <w id="w9.4.6">koliko</w> 
 <w id="w9.4.7">bolnikov</w> 
 <w id="w9.4.8">je</w> 
 <w id="w9.4.9">izkazalo</w> 
 <w id="w9.4.10">odziv</w> 
 <w id="w9.4.11">(</w>
 <w id="w9.4.12">ni</w> 
 <w id="w9.4.13">imelo</w> 
 <w id="w9.4.14">znakov</w> 
 <w id="w9.4.15">virusa</w>   
 <w id="w9.4.16">v</w> 
 <w id="w9.4.17">krvi</w>
 <w id="w9.4.18">)</w> 
 <w id="w9.4.19">po</w> 
 <w id="w9.4.20">12</w> 
 <w id="w9.4.21">od</w> 
 <w id="w9.4.22">skupno</w> 
 <w id="w9.4.23">48</w> 
 <w id="w9.4.24">tednov</w> 
 <w id="w9.4.25">zdravljenja</w> 
 <w id="w9.4.26">in</w> 
 <w id="w9.4.27">6</w> 
 <w id="w9.4.28">mesecev</w> 
 <w id="w9.4.29">po</w> 
 <w id="w9.4.30">zaključku</w> 
 <w id="w9.4.31">zdravljenja</w>
 <w id="w9.4.32">.</w>
</s></p>

<p id="10">
<s id="s10.1">
 <w id="w10.1.1">7</w> 
 <w id="w10.1.2">Westferry</w> 
 <w id="w10.1.3">Circus</w>
 <w id="w10.1.4">,</w> 
 <w id="w10.1.5">Canary</w> 
 <w id="w10.1.6">Wharf</w>
 <w id="w10.1.7">,</w> 
 <w id="w10.1.8">London</w> 
 <w id="w10.1.9">E14</w> 
 <w id="w10.1.10">4HB</w>
 <w id="w10.1.11">,</w> 
 <w id="w10.1.12">UK</w>                                            
 <w id="w10.1.13">Tel</w>
 <w id="w10.1.14">.</w>
</s> 
 
<s id="s10.2">
 <w id="w10.2.1">(</w>
 <w id="w10.2.2">44-</w>
 <w id="w10.2.3">20</w>
 <w id="w10.2.4">)</w> 
 <w id="w10.2.5">74</w> 
 <w id="w10.2.6">18</w> 
 <w id="w10.2.7">84</w> 
 <w id="w10.2.8">00</w> 
 <w id="w10.2.9">Fax</w> 
 <w id="w10.2.10">(</w>
 <w id="w10.2.11">44-</w>
 <w id="w10.2.12">20</w>
 <w id="w10.2.13">)</w> 
 <w id="w10.2.14">74</w> 
 <w id="w10.2.15">18</w> 
 <w id="w10.2.16">84</w> 
 <w id="w10.2.17">16</w>                                           
 <w id="w10.2.18">E-</w>
 <w id="w10.2.19">mail</w>
 <w id="w10.2.20">:</w> 
 <w id="w10.2.21">mail@</w>
 <w id="w10.2.22">emea.</w>
 <w id="w10.2.23">eu.</w>
 <w id="w10.2.24">int</w> 
 <w id="w10.2.25">http</w>
 <w id="w10.2.26">:</w>
 <w id="w10.2.27">//</w>
 <w id="w10.2.28">www.</w>
 <w id="w10.2.29">emea.</w>
 <w id="w10.2.30">eu.</w>
 <w id="w10.2.31">int</w> 
 <w id="w10.2.32">©EMEA</w> 
 <w id="w10.2.33">2006</w> 
 <w id="w10.2.34">Reproduction</w> 
 <w id="w10.2.35">and/</w>
 <w id="w10.2.36">or</w> 
 <w id="w10.2.37">distribution</w> 
 <w id="w10.2.38">of</w> 
 <w id="w10.2.39">this</w> 
 <w id="w10.2.40">document</w> 
 <w id="w10.2.41">is</w> 
 <w id="w10.2.42">authorised</w> 
 <w id="w10.2.43">for</w> 
 <w id="w10.2.44">non</w> 
 <w id="w10.2.45">commercial</w> 
 <w id="w10.2.46">purposes</w> 
 <w id="w10.2.47">only</w> 
 <w id="w10.2.48">provided</w> 
 <w id="w10.2.49">the</w> 
 <w id="w10.2.50">EMEA</w> 
 <w id="w10.2.51">is</w> 
 <w id="w10.2.52">acknowledged</w> 
 <w id="w10.2.53">Kateri</w> 
 <w id="w10.2.54">so</w> 
 <w id="w10.2.55">bili</w> 
 <w id="w10.2.56">glavni</w> 
 <w id="w10.2.57">zadržki</w>
 <w id="w10.2.58">,</w> 
 <w id="w10.2.59">zaradi</w> 
 <w id="w10.2.60">katerih</w> 
 <w id="w10.2.61">je</w> 
 <w id="w10.2.62">CHMP</w> 
 <w id="w10.2.63">predlagal</w> 
 <w id="w10.2.64">zavrnitev</w> 
 <w id="w10.2.65">dovoljenja</w> 
 <w id="w10.2.66">za</w> 
 <w id="w10.2.67">promet</w>
 <w id="w10.2.68">?</w>
</s> 
 
<s id="s10.3">
 <w id="w10.3.1">CHMP</w> 
 <w id="w10.3.2">je</w> 
 <w id="w10.3.3">imel</w> 
 <w id="w10.3.4">velike</w> 
 <w id="w10.3.5">zadržke</w> 
 <w id="w10.3.6">glede</w> 
 <w id="w10.3.7">primerljivosti</w> 
 <w id="w10.3.8">zdravil</w> 
 <w id="w10.3.9">Alpheon</w> 
 <w id="w10.3.10">in</w> 
 <w id="w10.3.11">Roferon-</w>
 <w id="w10.3.12">A</w>
 <w id="w10.3.13">,</w> 
 <w id="w10.3.14">in</w> 
 <w id="w10.3.15">sicer</w> 
 <w id="w10.3.16">zaradi</w> 
 <w id="w10.3.17">ugotovljenih</w> 
 <w id="w10.3.18">razlik</w> 
 <w id="w10.3.19">med</w> 
 <w id="w10.3.20">zdraviloma</w> 
 <w id="w10.3.21">(</w>
 <w id="w10.3.22">kot</w> 
 <w id="w10.3.23">so</w> 
 <w id="w10.3.24">npr</w>
 <w id="w10.3.25">.</w> 
 <w id="w10.3.26">nečistoče</w>
 <w id="w10.3.27">)</w>
 <w id="w10.3.28">.</w>
</s> 
 
<s id="s10.4">
 <w id="w10.4.1">Ravno</w> 
 <w id="w10.4.2">tako</w> 
 <w id="w10.4.3">so</w> 
 <w id="w10.4.4">imeli</w> 
 <w id="w10.4.5">pomisleke</w>
 <w id="w10.4.6">,</w> 
 <w id="w10.4.7">da</w> 
 <w id="w10.4.8">ni</w> 
 <w id="w10.4.9">na</w> 
 <w id="w10.4.10">voljo</w> 
 <w id="w10.4.11">dovolj</w> 
 <w id="w10.4.12">podatkov</w> 
 <w id="w10.4.13">o</w> 
 <w id="w10.4.14">stabilnosti</w> 
 <w id="w10.4.15">zdravilne</w> 
 <w id="w10.4.16">učinkovine</w> 
 <w id="w10.4.17">in</w> 
 <w id="w10.4.18">zdravila</w>
 <w id="w10.4.19">,</w> 
 <w id="w10.4.20">ki</w> 
 <w id="w10.4.21">bi</w> 
 <w id="w10.4.22">se</w> 
 <w id="w10.4.23">naj</w> 
 <w id="w10.4.24">tržilo</w>
 <w id="w10.4.25">.</w>
</s> 
 
<s id="s10.5">
 <w id="w10.5.1">Poleg</w> 
 <w id="w10.5.2">tega</w> 
 <w id="w10.5.3">postopek</w>
 <w id="w10.5.4">,</w> 
 <w id="w10.5.5">po</w> 
 <w id="w10.5.6">katerem</w> 
 <w id="w10.5.7">naj</w> 
 <w id="w10.5.8">bi</w> 
 <w id="w10.5.9">zdravilo</w> 
 <w id="w10.5.10">proizvajali</w>
 <w id="w10.5.11">,</w> 
 <w id="w10.5.12">ni</w> 
 <w id="w10.5.13">bil</w> 
 <w id="w10.5.14">ustrezno</w> 
 <w id="w10.5.15">potrjen</w>
 <w id="w10.5.16">.</w>
</s></p>

<p id="11">
<s id="s11.1">
 <w id="w11.1.1">Število</w> 
 <w id="w11.1.2">bolnikov</w> 
 <w id="w11.1.3">s</w> 
 <w id="w11.1.4">hepatitisom</w> 
 <w id="w11.1.5">C</w>
 <w id="w11.1.6">,</w> 
 <w id="w11.1.7">ki</w> 
 <w id="w11.1.8">so</w> 
 <w id="w11.1.9">se</w> 
 <w id="w11.1.10">v</w> 
 <w id="w11.1.11">okviru</w> 
 <w id="w11.1.12">klinične</w> 
 <w id="w11.1.13">raziskave</w> 
 <w id="w11.1.14">odzvali</w> 
 <w id="w11.1.15">na</w> 
 <w id="w11.1.16">zdravljenje</w> 
 <w id="w11.1.17">z</w> 
 <w id="w11.1.18">zdravilom</w> 
 <w id="w11.1.19">Alpheon</w> 
 <w id="w11.1.20">in</w> 
 <w id="w11.1.21">Roferon-</w>
 <w id="w11.1.22">A</w> 
 <w id="w11.1.23">je</w> 
 <w id="w11.1.24">bilo</w> 
 <w id="w11.1.25">podobno</w>
 <w id="w11.1.26">.</w>
</s> 
 
<s id="s11.2">
 <w id="w11.2.1">Vendar</w> 
 <w id="w11.2.2">pa</w> 
 <w id="w11.2.3">so</w> 
 <w id="w11.2.4">med</w> 
 <w id="w11.2.5">obema</w> 
 <w id="w11.2.6">zdraviloma</w> 
 <w id="w11.2.7">zaznali</w> 
 <w id="w11.2.8">določene</w> 
 <w id="w11.2.9">razlike</w>
 <w id="w11.2.10">:</w> 
 <w id="w11.2.11">bolezen</w> 
 <w id="w11.2.12">se</w> 
 <w id="w11.2.13">je</w> 
 <w id="w11.2.14">po</w> 
 <w id="w11.2.15">zaključku</w> 
 <w id="w11.2.16">zdravljenja</w> 
 <w id="w11.2.17">v</w> 
 <w id="w11.2.18">večjem</w> 
 <w id="w11.2.19">številu</w> 
 <w id="w11.2.20">primerov</w> 
 <w id="w11.2.21">ponovila</w> 
 <w id="w11.2.22">pri</w> 
 <w id="w11.2.23">bolnikih</w>
 <w id="w11.2.24">,</w> 
 <w id="w11.2.25">zdravljenih</w> 
 <w id="w11.2.26">z</w> 
 <w id="w11.2.27">zdravilom</w> 
 <w id="w11.2.28">Alpheon</w>
 <w id="w11.2.29">,</w> 
 <w id="w11.2.30">kot</w> 
 <w id="w11.2.31">pri</w> 
 <w id="w11.2.32">bolnikih</w>
 <w id="w11.2.33">,</w> 
 <w id="w11.2.34">zdravljenih</w> 
 <w id="w11.2.35">z</w> 
 <w id="w11.2.36">referenčnim</w> 
 <w id="w11.2.37">zdravilom</w>
 <w id="w11.2.38">,</w> 
 <w id="w11.2.39">poleg</w> 
 <w id="w11.2.40">tega</w> 
 <w id="w11.2.41">pa</w> 
 <w id="w11.2.42">so</w> 
 <w id="w11.2.43">pri</w> 
 <w id="w11.2.44">zdravilu</w> 
 <w id="w11.2.45">Alpheon</w> 
 <w id="w11.2.46">opazili</w> 
 <w id="w11.2.47">več</w> 
 <w id="w11.2.48">neželenih</w> 
 <w id="w11.2.49">učinkov</w>
 <w id="w11.2.50">.</w>
</s> 
 
<s id="s11.3">
 <w id="w11.3.1">Poleg</w> 
 <w id="w11.3.2">tega</w> 
 <w id="w11.3.3">test</w>
 <w id="w11.3.4">,</w> 
 <w id="w11.3.5">ki</w> 
 <w id="w11.3.6">so</w> 
 <w id="w11.3.7">ga</w> 
 <w id="w11.3.8">v</w> 
 <w id="w11.3.9">okviru</w> 
 <w id="w11.3.10">raziskave</w> 
 <w id="w11.3.11">uporabljali</w> 
 <w id="w11.3.12">za</w> 
 <w id="w11.3.13">preučitev</w> 
 <w id="w11.3.14">tveganja</w>
 <w id="w11.3.15">,</w> 
 <w id="w11.3.16">ali</w> 
 <w id="w11.3.17">lahko</w> 
 <w id="w11.3.18">zdravilo</w> 
 <w id="w11.3.19">sproži</w> 
 <w id="w11.3.20">imunski</w> 
 <w id="w11.3.21">odziv</w> 
 <w id="w11.3.22">(</w>
 <w id="w11.3.23">pri</w> 
 <w id="w11.3.24">čemer</w> 
 <w id="w11.3.25">telo</w> 
 <w id="w11.3.26">proizvaja</w> 
 <w id="w11.3.27">posebne</w> 
 <w id="w11.3.28">beljakovine</w>
 <w id="w11.3.29">,</w> 
 <w id="w11.3.30">imenovane</w> 
 <w id="w11.3.31">protitelesa</w>
 <w id="w11.3.32">,</w> 
 <w id="w11.3.33">proti</w> 
 <w id="w11.3.34">zdravilu</w> 
 <w id="w11.3.35">samemu</w>
 <w id="w11.3.36">)</w>
 <w id="w11.3.37">,</w> 
 <w id="w11.3.38">ni</w> 
 <w id="w11.3.39">bil</w> 
 <w id="w11.3.40">zadostno</w> 
 <w id="w11.3.41">potrjen</w>
 <w id="w11.3.42">.</w>
</s></p>

<p id="12">
<s id="s12.1">
 <w id="w12.1.1">V</w> 
 <w id="w12.1.2">tem</w> 
 <w id="w12.1.3">času</w> 
 <w id="w12.1.4">je</w> 
 <w id="w12.1.5">bil</w> 
 <w id="w12.1.6">CHMP</w> 
 <w id="w12.1.7">mnenja</w>
 <w id="w12.1.8">,</w> 
 <w id="w12.1.9">da</w> 
 <w id="w12.1.10">zdravilo</w> 
 <w id="w12.1.11">Alpheon</w> 
 <w id="w12.1.12">ne</w> 
 <w id="w12.1.13">more</w> 
 <w id="w12.1.14">veljati</w> 
 <w id="w12.1.15">kot</w> 
 <w id="w12.1.16">zdravilo</w>
 <w id="w12.1.17">,</w> 
 <w id="w12.1.18">ki</w> 
 <w id="w12.1.19">je</w> 
 <w id="w12.1.20">biološko</w> 
 <w id="w12.1.21">podobno</w> 
 <w id="w12.1.22">referenčnemu</w> 
 <w id="w12.1.23">zdravilu</w> 
 <w id="w12.1.24">Roferon-</w>
 <w id="w12.1.25">A</w>
 <w id="w12.1.26">.</w>
</s> 
 
<s id="s12.2">
 <w id="w12.2.1">Iz</w> 
 <w id="w12.2.2">tega</w> 
 <w id="w12.2.3">razloga</w> 
 <w id="w12.2.4">je</w> 
 <w id="w12.2.5">CHMP</w> 
 <w id="w12.2.6">priporočil</w> 
 <w id="w12.2.7">zavrnitev</w> 
 <w id="w12.2.8">dovoljenja</w> 
 <w id="w12.2.9">za</w> 
 <w id="w12.2.10">promet</w> 
 <w id="w12.2.11">z</w> 
 <w id="w12.2.12">zdravilom</w> 
 <w id="w12.2.13">Alpheon</w>
 <w id="w12.2.14">.</w>
</s></p>

<p id="13">
<s id="s13.1">
 <w id="w13.1.1">Kakšne</w> 
 <w id="w13.1.2">so</w> 
 <w id="w13.1.3">posledice</w> 
 <w id="w13.1.4">zavrnitve</w> 
 <w id="w13.1.5">za</w> 
 <w id="w13.1.6">bolnike</w>
 <w id="w13.1.7">,</w> 
 <w id="w13.1.8">ki</w> 
 <w id="w13.1.9">sodelujejo</w> 
 <w id="w13.1.10">v</w> 
 <w id="w13.1.11">kliničnih</w> 
 <w id="w13.1.12">preskušanjih/</w>
 <w id="w13.1.13">programih</w> 
 <w id="w13.1.14">sočutne</w> 
 <w id="w13.1.15">uporabe</w> 
 <w id="w13.1.16">zdravila</w> 
 <w id="w13.1.17">Alpheon</w>
 <w id="w13.1.18">?</w>
</s> 
 
<s id="s13.2">
 <w id="w13.2.1">V</w> 
 <w id="w13.2.2">Evropski</w> 
 <w id="w13.2.3">uniji</w> 
 <w id="w13.2.4">ne</w> 
 <w id="w13.2.5">poteka</w> 
 <w id="w13.2.6">nobeno</w> 
 <w id="w13.2.7">klinično</w> 
 <w id="w13.2.8">preskušanje</w> 
 <w id="w13.2.9">kakor</w> 
 <w id="w13.2.10">tudi</w> 
 <w id="w13.2.11">ne</w> 
 <w id="w13.2.12">program</w> 
 <w id="w13.2.13">sočutne</w> 
 <w id="w13.2.14">uporabe</w> 
 <w id="w13.2.15">zdravila</w> 
 <w id="w13.2.16">Alpheon</w>
 <w id="w13.2.17">.</w>
</s></p>

<p id="14">
<s id="s14.1">
 <w id="w14.1.1">©EMEA</w> 
 <w id="w14.1.2">2006</w>
</s></p>

<head id="15">
<s id="s15.1">
 <w id="w15.1.1">2/</w>
 <w id="w15.1.2">2</w>
</s></head></text>
