<?xml version="1.0" encoding="utf-8"?>
<text>
<head id="1">
<s id="s1.1">
 <w id="w1.1.1">Številka</w> 
 <w id="w1.1.2">EU</w>
</s></head>

<head id="2">
<s id="s2.1">
 <w id="w2.1.1">Izmišljeno</w> 
 <w id="w2.1.2">ime</w>
</s></head>

<head id="3">
<s id="s3.1">
 <w id="w3.1.1">Jakost</w>
</s></head>

<head id="4">
<s id="s4.1">
 <w id="w4.1.1">Farmacevtska</w>         
 <w id="w4.1.2">oblika</w>
</s></head>

<head id="5">
<s id="s5.1">
 <w id="w5.1.1">Pot</w> 
 <w id="w5.1.2">uporabe</w>
</s></head>

<head id="6">
<s id="s6.1">
 <w id="w6.1.1">Ovojnina</w>
</s></head>

<head id="7">
<s id="s7.1">
 <w id="w7.1.1">Velikost</w> 
 <w id="w7.1.2">pakiranja</w>
</s></head>

<p id="8">
<s id="s8.1">
 <w id="w8.1.1">EU/</w>
 <w id="w8.1.2">1/</w>
 <w id="w8.1.3">06/</w>
 <w id="w8.1.4">364/</w>
 <w id="w8.1.5">001</w>   
 <w id="w8.1.6">EU/</w>
 <w id="w8.1.7">1/</w>
 <w id="w8.1.8">06/</w>
 <w id="w8.1.9">364/</w>
 <w id="w8.1.10">002</w>   
 <w id="w8.1.11">EU/</w>
 <w id="w8.1.12">1/</w>
 <w id="w8.1.13">06/</w>
 <w id="w8.1.14">364/</w>
 <w id="w8.1.15">003</w>   
 <w id="w8.1.16">EU/</w>
 <w id="w8.1.17">1/</w>
 <w id="w8.1.18">06/</w>
 <w id="w8.1.19">364/</w>
 <w id="w8.1.20">004</w>   
 <w id="w8.1.21">EU/</w>
 <w id="w8.1.22">1/</w>
 <w id="w8.1.23">06/</w>
 <w id="w8.1.24">364/</w>
 <w id="w8.1.25">005</w>   
 <w id="w8.1.26">EU/</w>
 <w id="w8.1.27">1/</w>
 <w id="w8.1.28">06/</w>
 <w id="w8.1.29">364/</w>
 <w id="w8.1.30">006</w>   
 <w id="w8.1.31">EU/</w>
 <w id="w8.1.32">1/</w>
 <w id="w8.1.33">06/</w>
 <w id="w8.1.34">364/</w>
 <w id="w8.1.35">007</w>   
 <w id="w8.1.36">EU/</w>
 <w id="w8.1.37">1/</w>
 <w id="w8.1.38">06/</w>
 <w id="w8.1.39">364/</w>
 <w id="w8.1.40">008</w>   
 <w id="w8.1.41">EU/</w>
 <w id="w8.1.42">1/</w>
 <w id="w8.1.43">06/</w>
 <w id="w8.1.44">364/</w>
 <w id="w8.1.45">009</w>
</s></p>

<p id="9">
<s id="s9.1">
 <w id="w9.1.1">ADROVANCE</w>        
 <w id="w9.1.2">ADROVANCE</w>        
 <w id="w9.1.3">ADROVANCE</w>        
 <w id="w9.1.4">ADROVANCE</w>        
 <w id="w9.1.5">ADROVANCE</w>        
 <w id="w9.1.6">ADROVANCE</w>        
 <w id="w9.1.7">ADROVANCE</w>        
 <w id="w9.1.8">ADROVANCE</w>        
 <w id="w9.1.9">ADROVANCE</w>
</s></p>

<p id="10">
<s id="s10.1">
 <w id="w10.1.1">70</w> 
 <w id="w10.1.2">mg/</w>
 <w id="w10.1.3">2.</w>
 <w id="w10.1.4">800</w> 
 <w id="w10.1.5">i.</w>
 <w id="w10.1.6">e</w>
 <w id="w10.1.7">.</w>
</s>   
 
<s id="s10.2">
 <w id="w10.2.1">70</w> 
 <w id="w10.2.2">mg/</w>
 <w id="w10.2.3">2.</w>
 <w id="w10.2.4">800</w> 
 <w id="w10.2.5">i.</w>
 <w id="w10.2.6">e</w>
 <w id="w10.2.7">.</w>
</s>   
 
<s id="s10.3">
 <w id="w10.3.1">70</w> 
 <w id="w10.3.2">mg/</w>
 <w id="w10.3.3">2.</w>
 <w id="w10.3.4">800</w> 
 <w id="w10.3.5">i.</w>
 <w id="w10.3.6">e</w>
 <w id="w10.3.7">.</w>
</s>   
 
<s id="s10.4">
 <w id="w10.4.1">70</w> 
 <w id="w10.4.2">mg/</w>
 <w id="w10.4.3">2.</w>
 <w id="w10.4.4">800</w> 
 <w id="w10.4.5">i.</w>
 <w id="w10.4.6">e</w>
 <w id="w10.4.7">.</w>
</s>   
 
<s id="s10.5">
 <w id="w10.5.1">70</w> 
 <w id="w10.5.2">mg/</w>
 <w id="w10.5.3">2.</w>
 <w id="w10.5.4">800</w> 
 <w id="w10.5.5">i.</w>
 <w id="w10.5.6">e</w>
 <w id="w10.5.7">.</w>
</s>   
 
<s id="s10.6">
 <w id="w10.6.1">70</w> 
 <w id="w10.6.2">mg/</w>
 <w id="w10.6.3">5.</w>
 <w id="w10.6.4">600</w> 
 <w id="w10.6.5">i.</w>
 <w id="w10.6.6">e</w>
 <w id="w10.6.7">.</w>
</s>   
 
<s id="s10.7">
 <w id="w10.7.1">70</w> 
 <w id="w10.7.2">mg/</w>
 <w id="w10.7.3">5.</w>
 <w id="w10.7.4">600</w> 
 <w id="w10.7.5">i.</w>
 <w id="w10.7.6">e</w>
 <w id="w10.7.7">.</w>
</s>   
 
<s id="s10.8">
 <w id="w10.8.1">70</w> 
 <w id="w10.8.2">mg/</w>
 <w id="w10.8.3">5.</w>
 <w id="w10.8.4">600</w> 
 <w id="w10.8.5">i.</w>
 <w id="w10.8.6">e</w>
 <w id="w10.8.7">.</w>
</s>   
 
<s id="s10.9">
 <w id="w10.9.1">70</w> 
 <w id="w10.9.2">mg/</w>
 <w id="w10.9.3">5.</w>
 <w id="w10.9.4">600</w> 
 <w id="w10.9.5">i.</w>
 <w id="w10.9.6">e</w>
 <w id="w10.9.7">.</w>
</s></p>

<p id="11">
<s id="s11.1">
 <w id="w11.1.1">tableta</w>              
 <w id="w11.1.2">tableta</w>              
 <w id="w11.1.3">tableta</w>              
 <w id="w11.1.4">tableta</w>              
 <w id="w11.1.5">tableta</w>              
 <w id="w11.1.6">tableta</w>              
 <w id="w11.1.7">tableta</w>              
 <w id="w11.1.8">tableta</w>              
 <w id="w11.1.9">tableta</w>
</s></p>

<p id="12">
<s id="s12.1">
 <w id="w12.1.1">peroralna</w> 
 <w id="w12.1.2">uporaba</w>   
 <w id="w12.1.3">peroralna</w> 
 <w id="w12.1.4">uporaba</w>   
 <w id="w12.1.5">peroralna</w> 
 <w id="w12.1.6">uporaba</w>   
 <w id="w12.1.7">peroralna</w> 
 <w id="w12.1.8">uporaba</w>   
 <w id="w12.1.9">peroralna</w> 
 <w id="w12.1.10">uporaba</w>   
 <w id="w12.1.11">peroralna</w> 
 <w id="w12.1.12">uporaba</w>   
 <w id="w12.1.13">peroralna</w> 
 <w id="w12.1.14">uporaba</w>   
 <w id="w12.1.15">peroralna</w> 
 <w id="w12.1.16">uporaba</w>   
 <w id="w12.1.17">peroralna</w> 
 <w id="w12.1.18">uporaba</w>
</s></p>

<p id="13">
<s id="s13.1">
 <w id="w13.1.1">pretisni</w> 
 <w id="w13.1.2">omot</w> 
 <w id="w13.1.3">(</w>
 <w id="w13.1.4">alu/</w>
 <w id="w13.1.5">alu</w>
 <w id="w13.1.6">)</w>   
 <w id="w13.1.7">pretisni</w> 
 <w id="w13.1.8">omot</w> 
 <w id="w13.1.9">(</w>
 <w id="w13.1.10">alu/</w>
 <w id="w13.1.11">alu</w>
 <w id="w13.1.12">)</w>   
 <w id="w13.1.13">pretisni</w> 
 <w id="w13.1.14">omot</w> 
 <w id="w13.1.15">(</w>
 <w id="w13.1.16">alu/</w>
 <w id="w13.1.17">alu</w>
 <w id="w13.1.18">)</w>   
 <w id="w13.1.19">pretisni</w> 
 <w id="w13.1.20">omot</w> 
 <w id="w13.1.21">(</w>
 <w id="w13.1.22">alu/</w>
 <w id="w13.1.23">alu</w>
 <w id="w13.1.24">)</w>   
 <w id="w13.1.25">pretisni</w> 
 <w id="w13.1.26">omot</w> 
 <w id="w13.1.27">(</w>
 <w id="w13.1.28">alu/</w>
 <w id="w13.1.29">alu</w>
 <w id="w13.1.30">)</w>   
 <w id="w13.1.31">pretisni</w> 
 <w id="w13.1.32">omot</w> 
 <w id="w13.1.33">(</w>
 <w id="w13.1.34">alu/</w>
 <w id="w13.1.35">alu</w>
 <w id="w13.1.36">)</w>   
 <w id="w13.1.37">pretisni</w> 
 <w id="w13.1.38">omot</w> 
 <w id="w13.1.39">(</w>
 <w id="w13.1.40">alu/</w>
 <w id="w13.1.41">alu</w>
 <w id="w13.1.42">)</w>   
 <w id="w13.1.43">pretisni</w> 
 <w id="w13.1.44">omot</w> 
 <w id="w13.1.45">(</w>
 <w id="w13.1.46">alu/</w>
 <w id="w13.1.47">alu</w>
 <w id="w13.1.48">)</w>   
 <w id="w13.1.49">pretisni</w> 
 <w id="w13.1.50">omot</w> 
 <w id="w13.1.51">(</w>
 <w id="w13.1.52">alu/</w>
 <w id="w13.1.53">alu</w>
 <w id="w13.1.54">)</w>
</s></p>

<p id="14">
<s id="s14.1">
 <w id="w14.1.1">2</w> 
 <w id="w14.1.2">tableti</w> 
 <w id="w14.1.3">4</w> 
 <w id="w14.1.4">tablete</w> 
 <w id="w14.1.5">6</w> 
 <w id="w14.1.6">tablet</w> 
 <w id="w14.1.7">12</w> 
 <w id="w14.1.8">tablet</w> 
 <w id="w14.1.9">40</w> 
 <w id="w14.1.10">tablet</w> 
 <w id="w14.1.11">2</w> 
 <w id="w14.1.12">tableti</w> 
 <w id="w14.1.13">4</w> 
 <w id="w14.1.14">tablete</w> 
 <w id="w14.1.15">12</w> 
 <w id="w14.1.16">tablet</w> 
 <w id="w14.1.17">40</w> 
 <w id="w14.1.18">tablet</w>
</s></p>

<p id="15">
<s id="s15.1">
 <w id="w15.1.1">1/</w>
 <w id="w15.1.2">1</w>
</s></p></text>
