<?xml version="1.0" encoding="utf-8"?>
<letsmt version="1.0">
<head></head>
<body>
<s id="s1.1">EU Number</s>
<s id="s2.1">Invented Name</s>
<s id="s3.1">Strength</s>
<s id="s4.1">Pharmaceutical Target species Form</s>
<s id="s5.1">Route of administration</s>
<s id="s6.1">Packaging</s>
<s id="s7.1">Content</s>
<s id="s8.1">Package size</s>
<s id="s9.1">Withdrawal period</s>
<s id="s10.1">EU/ 2/ 07/ 078/ 001 Rheumocam</s>
<s id="s11.1">1.5 mg/ ml Oral suspension Dogs</s>
<s id="s12.1">Oral use</s>
<s id="s13.1">PET bottle polypropylene measuring syringe</s>
<s id="s14.1">42 ml</s>
<s id="s15.1">1 bottle with N/ A dosing syringe</s>
<s id="s16.1">EU/ 2/ 07/ 078/ 002 Rheumocam</s>
<s id="s17.1">1.5 mg/ ml Oral suspension Dogs</s>
<s id="s18.1">Oral use</s>
<s id="s19.1">PET bottle polypropylene measuring syringe</s>
<s id="s20.1">100 ml</s>
<s id="s21.1">1 bottle with N/ A dosing syringe</s>
<s id="s22.1">EU/ 2/ 07/ 078/ 003 Rheumocam</s>
<s id="s23.1">1.5 mg/ ml Oral suspension Dogs</s>
<s id="s24.1">Oral use</s>
<s id="s25.1">PET bottle polypropylene measuring syringe</s>
<s id="s26.1">200 ml</s>
<s id="s27.1">1 bottle with N/ A dosing syringe</s>
<s id="s28.1">EU/ 2/ 07/ 078/ 004 Rheumocam</s>
<s id="s29.1">1.5 mg/ ml Oral suspension Dogs</s>
<s id="s30.1">Oral use</s>
<s id="s31.1">HDPE bottle polypropylene measuring syringe</s>
<s id="s32.1">15 ml</s>
<s id="s33.1">1 bottle with N/ A dosing syringe</s>
</body>
</letsmt>
