<?xml version="1.0" encoding="utf-8"?>
<letsmt version="1.0">
<head></head>
<body>
<s id="s1.1">European Medicines Agency Veterinary Medicines and Inspections</s>
<s id="s2.1">London, junij 2008 EMEA/ 532222/ 2007 – Rev. 1</s>
<s id="s3.1">ODBOR ZA ZDRAVILA ZA UPORABO V VETERINARSKI MEDICINI (CVMP)</s>
<s id="s4.1">MNENJE V ZVEZI Z NAPOTITVIJO V SKLADU S ČLENOM 33( 4) ZA ZDRAVILO ENURACE 50</s>
<s id="s5.1">OSNOVNE INFORMACIJE</s>
<s id="s6.1">Zdravilo Enurace 50 je pripravek v obliki tablet, ki vsebuje zdravilno učinkovino efedrin in je indicirano za zdravljenje urinarne inkontinence, ki je posledica nepravilnega delovanja sfinkterskega mehanizma uretre pri psicah po ovariohisterektomiji.</s>
<s id="s7.1">Junija 2006 se je pričel postopek medsebojnega priznavanja z Nizozemsko kot referenčno državo članico ter šestimi zadevnimi državami članicami.</s>
<s id="s8.1">Francija in Italija se nista strinjali z odobritvijo dovoljenja za promet, saj sta menili, da obstajajo možna resna tveganja za zdravje živali.</s>
<s id="s8.2">Zadeva je bila napotena na Usklajevalno skupino za postopek z medsebojnim priznavanjem in decentralizirane postopke za zdravila za uporabo v veterinarski medicini (CMD( v)) in nato na Odbor za zdravila za uporabo v veterinarski medicini.</s>
<s id="s9.1">Francija je menila, da je analiza koristi in tveganj, če neželene učinke primerjamo z možnimi koristmi učinkovitega zdravljenja inkontinence, za žival neugodna.</s>
<s id="s9.2">Italija bi vlogo sprejela, vendar s popravljenim besedilom povzetka glavnih značilnosti zdravila.</s>
<s id="s10.1">CVMP je med svojim zasedanjem decembra 2006 pričel napotitveni postopkom v skladu s členom 33( 4) Direktive 2001/ 82/ ES, kakor je bila spremenjena, za zdravilo Enurace 50.</s>
<s id="s10.2">Od imetnika dovoljenja za promet z zdravilom je bilo zahtevano, da predloži vse podporne podatke, da bi upravičil pozitivno razmerje med koristmi in tveganji za zdravljeno žival.</s>
<s id="s11.1">V odgovoru na vprašanja, povezana s toksičnostjo, je predlagatelj navedel, da zaradi farmakološkega učinka efedrina in individualne variacije gostote receptorjev ni bilo mogoče določiti meje varnosti, višanje odmerka pa bo povezano z intenzivnostjo in pogostostjo dobro poznanih neželenih učinkov.</s>
<s id="s11.2">Ta zaključek je bil sprejet.</s>
<s id="s11.3">Čeprav utegnejo biti podatki o toksičnosti za ciljno žival skromni, so neželeni učinki, povezani z zdravljenjem z efedrinom, dobro znani iz uporabe pri ljudeh, predlagatelj pa je predložil nekaj informacij v zvezi z uporabo pri psih po izdaji dovoljenja za promet.</s>
<s id="s11.4">Pri priporočenem odmerku, ki ga je treba v skladu s predlaganim povzetkom glavnih značilnosti zdravila individualno prilagoditi, je raven varnosti primerna.</s>
<s id="s12.1">Glede srčno- žilnih bolezni je treba poglavje 4. 5 povzetka glavnih značilnosti zdravila dopolniti s stavkom „ Pred začetkom zdravljenja z zdravilom Enurace 60 je treba natančno ugotoviti deloavnje srca in ožilja ter to med zdravljenjem redno spremljati “.</s>
<s id="s12.2">Podatki o učinkovitosti imajo več pomanjkljivosti, poleg tega jih je malo.</s>
<s id="s12.3">Kljub vsemu je študija, v kateri so zdravilo Enurace 50 primerjali z zdravilom Propaline (ACE129802), prepričljiva, čeprav analiza enakovrednosti zdravil ni bila izvedena.</s>
<s id="s12.4">Neobdelani rezultati izkazujejo dober učinek v testni in kontrolni skupini, ta učinek pa utegne biti pri zdravljenju predhodno nezdravljenih živali še nekoliko boljši.</s>
<s id="s13.1">7 Westferry Circus, Canary Wharf, London, E14 4HB, UK Tel.</s>
<s id="s13.2">(44- 20) 74 18 84 00 Fax (44- 20) 74 18 84 47 E- mail: mail@ emea. europa. eu http: // www. emea. europa. eu © European Medicines Agency, 2008.</s>
<s id="s13.3">Reproduction is authorised provided the source is acknowledged.</s>
<s id="s13.4">Ti rezultati so bili prepričljivi pri primerjavi z 20% živali iz študije ACE129801, ki so bile zdravljene s placebom in postale kontinentne.</s>
<s id="s14.1">CVMP je zato zaključil, da je razmerje med koristmi in tveganji za to zdravilo ugodno.</s>
<s id="s15.1">Mnenje CVMP je bilo sprejeto 18. aprila 2007, s tem povezana odločba Komisije pa 10. julija 2007.</s>
<s id="s16.1">-----------------------------------------------------------------------------</s>
<s id="s17.1">EMEA/ 532222/ 2007 – Rev. 1- SL</s>
<s id="s18.1">2/ 2</s>
</body>
</letsmt>
