<?xml version="1.0" encoding="utf-8"?>
<letsmt version="1.0">
<head></head>
<body>
<s id="s1.1">ANNEX I</s>
<s id="s2.1">LIST OF THE NAMES, PHARMACEUTICAL FORMS, STRENGTHS, ROUTES OF ADMINISTRATION, MARKETING AUTHORISATION HOLDERS, PACKAGING AND PACKAGE SIZES OF THE MEDICINAL PRODUCT IN THE MEMBER STATES</s>
<s id="s3.1">CPMP/ 3256/ 03</s>
<s id="s4.1">1/ 11</s>
<s id="s5.1"> EMEA 2004</s>
<s id="s6.1">Article 30 Referral for Calcitugg (and associated names) Chewable tablets (Calcium carbonate)</s>
<s id="s7.1">Member State</s>
<s id="s8.1">MAH</s>
<s id="s9.1">Invented name</s>
<s id="s10.1">Strength</s>
<s id="s11.1">Pharmaceutical form</s>
<s id="s12.1">Route of Administration</s>
<s id="s13.1">Packaging</s>
<s id="s14.1">Package size</s>
<s id="s15.1">Belgium</s>
<s id="s16.1">Christiaens Pharma</s>
<s id="s17.1">Calci-Chew</s>
<s id="s18.1">Polyethylene (PEHD)</s>
<s id="s19.1">Finland</s>
<s id="s20.1">Oy Leiras Finland Ab</s>
<s id="s21.1">Calcichew 500 mg</s>
<s id="s22.1">500 mg</s>
<s id="s23.1">Chewable tablet</s>
<s id="s24.1">Oral</s>
<s id="s25.1">bottle Polyethylene (PEHD)</s>
<s id="s26.1">20, 50, 100</s>
<s id="s27.1">Oy Leiras Finland Ab</s>
<s id="s28.1">purutabletti Calcichew Spearmint</s>
<s id="s29.1">500 mg</s>
<s id="s30.1">Chewable tablet</s>
<s id="s31.1">Oral</s>
<s id="s32.1">bottle Polyethylene (PEHD)</s>
<s id="s33.1">20, 100</s>
<s id="s34.1">Germany Greece</s>
<s id="s35.1">Orion Pharma GmbH Nycomed Hellas S. A.</s>
<s id="s36.1">500 mg purutabletti Calcimagon 500 mg Calcioral</s>
<s id="s37.1">500 mg 500 mg 500 mg</s>
<s id="s38.1">Chewable tablet Chewable tablet Chewable tablet</s>
<s id="s39.1">Oral Oral Oral</s>
<s id="s40.1">bottle Polyethylene (PEHD) bottle Polyethylene (PEHD) bottle</s>
<s id="s41.1">20, 100 20, 50, 100 and 10 x100 20</s>
<s id="s42.1">Luxembourg</s>
<s id="s43.1">Christiaens Pharma</s>
<s id="s44.1">Calcichew</s>
<s id="s45.1">500 mg</s>
<s id="s46.1">Chewable tablet</s>
<s id="s47.1">Oral</s>
<s id="s48.1">Polyethylene (PEHD) bottle</s>
<s id="s49.1">20, 50, 100</s>
<s id="s50.1">Netherlands</s>
<s id="s51.1">Christiaens B. V</s>
<s id="s52.1">Calci-Chew 500 mg</s>
<s id="s53.1">Bottle:</s>
<s id="s53.2">Polyethylene (PEHD) Unit dose (blister):</s>
<s id="s54.1">Bottle:</s>
<s id="s54.2">15, 30, 60, 90 Unit dose (blister):</s>
<s id="s55.1">Christiaens B. V</s>
<s id="s56.1">Calci-Chew 1000 mg</s>
<s id="s57.1">500 mg</s>
<s id="s58.1">Chewable tablet</s>
<s id="s59.1">Oral</s>
<s id="s60.1">PVC/ PVdC/ PE/ Al Polyethylene (PEHD) bottle Unit dose (blister):</s>
<s id="s61.1">50 30, 60, 90, 100 Unit dose (blister):</s>
<s id="s61.2">50</s>
<s id="s62.1">Spain</s>
<s id="s63.1">Altana Pharma S. A</s>
<s id="s64.1">Mastical</s>
<s id="s65.1">1000 mg</s>
<s id="s66.1">Chewable tablet</s>
<s id="s67.1">Oral</s>
<s id="s68.1">PVC/ PVdC/ PE/ Al Polyethylene (PEHD)</s>
<s id="s69.1">Sweden</s>
<s id="s70.1">Nycomed AB Nycomed AB</s>
<s id="s71.1">Calcitugg Calcitugg 1000 mg</s>
<s id="s72.1">500 mg 500 mg</s>
<s id="s73.1">Chewable tablet Chewable tablet</s>
<s id="s74.1">Oral Oral</s>
<s id="s75.1">bottle Polyethylene (PEHD) bottle Polyethylene (PEHD) bottle</s>
<s id="s76.1">60, 90 60, 100 30, 60, 90, 100 Unit dose (blister):</s>
<s id="s77.1">1000 mg</s>
<s id="s78.1">Chewable tablet</s>
<s id="s79.1">Oral</s>
<s id="s80.1">Unit dose (blister):</s>
<s id="s80.2">PVC/ PVdC/ PE/ Al</s>
<s id="s81.1">50</s>
<s id="s82.1">CPMP/ 3256/ 03</s>
<s id="s83.1">ANNEX II</s>
<s id="s84.1">2/ 11</s>
<s id="s85.1"> EMEA 2004</s>
<s id="s86.1">SCIENTIFIC CONCLUSIONS AND</s>
<s id="s87.1">GROUNDS FOR AMENDMENT OF THE SUMMARY</s>
<s id="s88.1">OF PRODUCT CHARACTERISTICS PRESENTED BY THE EMEA</s>
<s id="s89.1">CPMP/ 3256/ 03 SCIENTIFIC CONCLUSIONS</s>
<s id="s90.1">3/ 11</s>
<s id="s91.1"> EMEA 2004</s>
<s id="s92.1">OVERALL SUMMARY OF THE SCIENTIFIC EVALUATION OF CALCITUGG AND ASSOCIATED NAMES (see Annex I)</s>
<s id="s93.1">- Quality issues</s>
<s id="s94.1">The pharmaceutical documentation (module 3) as well as the pharmaceutical particulars of the SPC were harmonised, except the sections, which need to be introduced nationally by the Member States when implementing the harmonised SPC.</s>
<s id="s95.1">- Efficacy issues</s>
<s id="s96.1">Section 4.1.</s>
<s id="s96.2">Therapeutic indications After an assessment of the documentation provided by the MAH and an evaluation of the current EU- wide clinical practices relating to the use of Calcium carbonate, the following was considered to be the most suitable harmonised Section 4.1 indications text:</s>
<s id="s97.1">4.1 Therapeutic indications Prevention and treatment of calcium deficiency.</s>
<s id="s97.2">Calcium supplement as an adjunct to specific therapy in the prevention and treatment of osteoporosis.</s>
<s id="s97.3">Phosphate binder in hyperphosphataemia</s>
<s id="s98.1">Section 4.2.</s>
<s id="s98.2">Posology and method of administration After an assessment of the documentation provided by the MAH and an evaluation of the current EU- wide clinical practices relating to the use of Calcium carbonate, the following was considered to be the most suitable harmonised Section 4.2 Posology text:</s>
<s id="s99.1">4.2 Posology and method of administration Prevention and treatment of calcium deficiency Adults:</s>
<s id="s99.2">500 – 1500 mg per day Children:</s>
<s id="s99.3">500 – 1000 mg per day</s>
<s id="s100.1">Adjunctive therapy in osteoporosis Adults:</s>
<s id="s100.2">500 – 1500 mg per day</s>
<s id="s101.1">Hyperphosphataemia Individual dosage.</s>
<s id="s101.2">2-8 g calcium daily is often required divided into 2-4 doses.</s>
<s id="s101.3">The tablets should be taken with meals in order to bind phosphate in the food.</s>
<s id="s102.1">The tablet should be chewed or sucked.</s>
<s id="s103.1">- Safety issues</s>
<s id="s104.1">Section 4.3.</s>
<s id="s104.2">Contra-indications After an assessment of the documentation provided by the MAH and an evaluation of the current EU- wide clinical practices relating to the use of Calcium carbonate, the most suitable harmonised Section 4.3 Contraindications text was approved (See Annex III).</s>
<s id="s104.3">The text in the harmonised SPC is not so dissimilar to the currently approved SPCs that it will significantly change clinical practices</s>
<s id="s105.1">CPMP/ 3256/ 03</s>
<s id="s106.1">4/ 11</s>
<s id="s107.1"> EMEA 2004</s>
<s id="s108.1">Section 4.4.</s>
<s id="s108.2">Special warnings and precautions for use After an assessment of the documentation provided by the MAH and an evaluation of the current EU- wide clinical practices relating to the use of Calcium carbonate, the most suitable harmonised Section 4.4 Special Warnings and Precautions for Use text was approved (See Annex III).</s>
<s id="s108.3">The text in the harmonised SPC is not so dissimilar to the currently approved SPCs that it will significantly change clinical practices Section 4.6.</s>
<s id="s108.4">Pregnancy and lactation After an assessment of the documentation provided by the MAH and an evaluation of the current EU- wide clinical practices relating to the use of Calcium carbonate, the most suitable harmonised Section 4.6 Pregnancy was approved (See Annex III).</s>
<s id="s108.5">Section 4.8 Undesirable effects After an assessment of the documentation provided by the MAH and an evaluation of the current EU- wide clinical practices relating to the use of Calcium carbonate, the most suitable harmonised Section 4.8 Undesirable effects was approved (See Annex III).</s>
<s id="s108.6">All other sections of the SPC were harmonised as a result of the referral procedure (except See Below; Administrative Issues).</s>
<s id="s109.1">- Administrative issues</s>
<s id="s110.1">Other sections of the SPC which were not harmonised and which need to be introduced nationally by the Member States when implementing the harmonised SPC are the following:</s>
<s id="s110.2">Product name, MAH, MA number, date of first authorisation/ renewal of authorisation, Date of revision of the text.</s>
<s id="s111.1">Benefit/ Risk considerations Based on the documentation submitted by the MAH and the scientific discussion within the Committee, the CPMP considered that the benefit/ risk ratio of Calcitugg is favourable for use relating to prevention and treatment of calcium deficiency, for use as Calcium supplement as an adjunct to specific therapy in the prevention and treatment of osteoporosis and Phosphate binder in hyperphosphataemia.</s>
<s id="s112.1">GROUNDS FOR AMENDMENT OF THE SUMMARY OF PRODUCT CHARACTERISTICS</s>
<s id="s113.1">Whereas,</s>
<s id="s114.1">- the scope of the referral was the harmonisation of the Summaries of Products Characteristics and</s>
<s id="s115.1">additionally the harmonisation of the technical document – module 3 (quality),</s>
<s id="s116.1">- the Summary of Products Characteristic proposed by the Marketing Authorisation Holder(s) has</s>
<s id="s117.1">been assessed based on the documentation submitted and the scientific discussion within the Committee,</s>
<s id="s118.1">the CPMP has recommended the amendment of the Marketing Authorisations for which the Summary of Product Characteristics is set out in Annex III of the Opinion.</s>
<s id="s119.1">CPMP/ 3256/ 03</s>
<s id="s120.1">ANNEX III</s>
<s id="s121.1">5/ 11</s>
<s id="s122.1"> EMEA 2004</s>
<s id="s123.1">SUMMARY OF PRODUCT CHARACTERISTICS</s>
<s id="s124.1">NOTE:</s>
<s id="s124.2">THIS SPC IS THE ONE THAT WAS ANNEXED TO THE COMMISSION DECISION CONCERNING THIS REFERRAL FOR ARBITRATION; THE TEXT WAS VALID AT THAT TIME</s>
<s id="s125.1">IT IS NOT SUBSEQUENTLY MAINTAINED OR UPDATED BY THE EMEA, AND THEREFORE MAY NOT NECESSARILY REPRESENT THE CURRENT TEXT</s>
<s id="s126.1">CPMP/ 3256/ 03</s>
<s id="s127.1">6/ 11</s>
<s id="s128.1"> EMEA 2004</s>
<s id="s129.1">1.</s>
<s id="s129.2">Name of the Medicinal Product</s>
<s id="s130.1">Calcitugg and associated names (see Annex I) 500 mg/ 1000 mg chewable tablets</s>
<s id="s131.1">[To be implemented nationally]</s>
<s id="s132.1">2.</s>
<s id="s132.2">Qualitative and Quantitative Composition</s>
<s id="s133.1">One tablet of 500 mg contains:</s>
<s id="s133.2">Elemental calcium as Calcium carbonate</s>
<s id="s134.1">500 mg</s>
<s id="s135.1">One tablet of 1000 mg contains:</s>
<s id="s135.2">Elemental calcium as Calcium carbonate</s>
<s id="s136.1">1000 mg</s>
<s id="s137.1">For excipients, see 6.1</s>
<s id="s138.1">3.</s>
<s id="s138.2">Pharmaceutical Form</s>
<s id="s139.1">Chewable tablet</s>
<s id="s140.1">Round, white, uncoated and convex tablets.</s>
<s id="s140.2">May have small specks.</s>
<s id="s141.1">4.</s>
<s id="s141.2">Clinical Particulars</s>
<s id="s142.1">4.1 Therapeutic indications</s>
<s id="s143.1">Prevention and treatment of calcium deficiency.</s>
<s id="s143.2">Calcium supplement as an adjunct to specific therapy in the prevention and treatment of osteoporosis.</s>
<s id="s143.3">Phosphate binder in hyperphosphataemia.</s>
<s id="s144.1">4.2 Posology and method of administration</s>
<s id="s145.1">Prevention and treatment of calcium deficiency Adults:</s>
<s id="s145.2">500 – 1500 mg per day Children:</s>
<s id="s145.3">500 – 1000 mg per day</s>
<s id="s146.1">Adjunctive therapy in osteoporosis Adults:</s>
<s id="s146.2">500 – 1500 mg per day</s>
<s id="s147.1">Hyperphosphataemia Individual dosage.</s>
<s id="s147.2">2-8 g calcium daily is often required divided into 2-4 doses.</s>
<s id="s147.3">The tablets should be taken with meals in order to bind phosphate in the food.</s>
<s id="s148.1">The tablet should be chewed or sucked.</s>
<s id="s149.1">4.3 Contraindications</s>
<s id="s150.1">•</s>
<s id="s151.1">Diseases and/or conditions resulting in hypercalcaemia and/or hypercalciuria</s>
<s id="s152.1">CPMP/3256/03 • Nephrolithiasis</s>
<s id="s153.1">7/11</s>
<s id="s154.1">EMEA 2004</s>
<s id="s155.1">•</s>
<s id="s156.1">Hypersensitivity to the active substance or to any of the excipients</s>
<s id="s157.1">4.4 Special warnings and special precautions for use</s>
<s id="s158.1">Calcium 500 mg and 1000 mg tablets contain aspartame and should be avoided by patients with phenylketonuria.</s>
<s id="s159.1">In renal insufficiency the tablets should be given only under controlled conditions for hyperphosphataemia.</s>
<s id="s159.2">Caution should be exercised in patients with a history of renal calculi.</s>
<s id="s160.1">During high dose therapy and especially during concomitant treatment with vitamin D, there is a risk of hypercalcaemia with subsequent kidney function impairment.</s>
<s id="s160.2">In these patients serum calcium levels should be followed and renal function should be monitored.</s>
<s id="s161.1">4.5 Interactions with other medicinal products and other forms of interaction</s>
<s id="s162.1">Thiazide diuretics reduce the urinary excretion of calcium.</s>
<s id="s162.2">Due to increased risk of hypercalcaemia, serum calcium should be regularly monitored during concomitant use of thiazide diuretics.</s>
<s id="s163.1">Systemic corticosteroids reduce calcium absorption.</s>
<s id="s163.2">During concomitant use, it may be necessary to increase the dose of Calcitugg (and associated names).</s>
<s id="s164.1">Calcium carbonate may interfere with the absorption of concomitantly administered tetracycline preparations.</s>
<s id="s164.2">For this reason, tetracycline preparations should be administered at least two hours before or four to six hours after oral intake of calcium.</s>
<s id="s165.1">Hypercalcaemia may increase the toxicity of cardiac glycosides during treatment with calcium.</s>
<s id="s165.2">Patients should be monitored with regard to electrocardiogram (ECG) and serum calcium levels.</s>
<s id="s166.1">If a bisphosphonate or sodium fluoride is used concomitantly, this preparation should be administered at least three hours before the intake of Calcitugg (and associated names) since gastrointestinal absorption may be reduced.</s>
<s id="s167.1">Oxalic acid (found in spinach and rhubarb) and phytic acid (found in whole cereals) may inhibit calcium absorption through formation of insoluble compounds with calcium ions.</s>
<s id="s167.2">The patient should not take calcium products within two hours of eating foods high in oxalic acid and phytic acid.</s>
<s id="s168.1">4.6 Pregnancy and lactation</s>
<s id="s169.1">The adequate daily intake (including food and supplementation) for normal pregnant and lactating women is 1000-1300 mg calcium.</s>
<s id="s169.2">During pregnancy, the daily intake of calcium should not exceed 1500 mg.</s>
<s id="s169.3">Significant amounts of calcium are secreted in milk during lactation.</s>
<s id="s169.4">Calcitugg can be used during pregnancy in case of a calcium deficiency.</s>
<s id="s170.1">4.7 Effects on ability to drive and use machines</s>
<s id="s171.1">There are no data about the effect of this product on driving capacity.</s>
<s id="s171.2">An effect is, however, unlikely.</s>
<s id="s172.1">4.8 Undesirable effects</s>
<s id="s173.1">Adverse reactions are listed below, by system organ class and frequency.</s>
<s id="s173.2">Frequencies are defined as: uncommon (&gt; 1/1,000, &lt; 1/100) or rare (&gt; 1/10,000, &lt; 1/1,000).</s>
<s id="s173.3">Metabolism and nutrition disorders Uncommon:</s>
<s id="s173.4">Hypercalcaemia and hypercalciuria.</s>
<s id="s173.5">CPMP/3256/03 Gastrointestinal disorders</s>
<s id="s174.1">8/11</s>
<s id="s175.1">EMEA 2004</s>
<s id="s176.1">Rare:</s>
<s id="s176.2">Constipation, flatulence, nausea, abdominal pain, and diarrhoea.</s>
<s id="s177.1">Skin and subcutaneous disorders Rare:</s>
<s id="s177.2">Pruritus, rash and urticaria.</s>
<s id="s178.1">4.9 Overdose</s>
<s id="s179.1">Overdose can lead to hypervitaminosis and hypercalcaemia.</s>
<s id="s179.2">Symptoms of hypercalcaemia may include anorexia, thirst, nausea, vomiting, constipation, abdominal pain, muscle weakness, fatigue, mental disturbances, polidipsia, polyuria, bone pain, nephrocalcinosis, renal calculi and in severe cases, cardiac arrhythmias.</s>
<s id="s179.3">Extreme hypercalcaemia may result in coma and death.</s>
<s id="s179.4">Persistently high calcium levels may lead to irreversible renal damage and soft tissue calcification.</s>
<s id="s180.1">Treatment of hypercalcaemia:</s>
<s id="s180.2">The treatment with calcium must be discontinued.</s>
<s id="s180.3">Treatment with thiazide diuretics, lithium, vitamin A, vitamin D and cardiac glycosides must also be discontinued.</s>
<s id="s180.4">Emptying of the stomach in patients with impaired consciousness.</s>
<s id="s180.5">Rehydration, and, according to severity, isolated or combined treatment with loop diuretics, bisphosphonates, calcitonin and corticosteroids.</s>
<s id="s180.6">Serum electrolytes, renal function and diuresis must be monitored.</s>
<s id="s180.7">In severe cases, ECG and CVP should be followed.</s>
<s id="s181.1">5.</s>
<s id="s181.2">Pharmacological Properties</s>
<s id="s182.1">5.1 Pharmacodynamic properties</s>
<s id="s183.1">Pharmacotherapeutic group:</s>
<s id="s183.2">Calcium ATC-code:</s>
<s id="s183.3">A12A A04 An adequate intake of calcium is of importance during growth, pregnancy and breastfeeding.</s>
<s id="s184.1">5.2 Pharmacokinetic properties</s>
<s id="s185.1">Calcium Absorption:</s>
<s id="s185.2">The amount of calcium absorbed through the gastrointestinal tract is approximately 30% of the swallowed dose.</s>
<s id="s185.3">Distribution and metabolism:</s>
<s id="s185.4">99% of the calcium in the body is concentrated in the hard structure of bones and teeth.</s>
<s id="s185.5">The remaining 1% is present in the intra- and extracellular fluids.</s>
<s id="s185.6">About 50% of the total blood-calcium content is in the physiologically active ionised form with approximately 10% being complexed to citrate, phosphate or other anions, the remaining 40% being bound to proteins, principally albumin.</s>
<s id="s185.7">Elimination:</s>
<s id="s185.8">Calcium is eliminated through faeces, urine and sweat.</s>
<s id="s185.9">Renal excretion depends on glomerular filtration and calcium tubular reabsorption.</s>
<s id="s186.1">5.3 Preclinical safety data</s>
<s id="s187.1">There is no information of relevance to the safety assessment in addition to what is stated in other parts of the SPC</s>
<s id="s188.1">CPMP/3256/03 6.</s>
<s id="s188.2">Pharmaceutical Particulars</s>
<s id="s189.1">9/11</s>
<s id="s190.1">EMEA 2004</s>
<s id="s191.1">6.1 List of excipients</s>
<s id="s192.1">Sorbitol Povidone Isomalt Flavouring (orange or spearmint) Magnesium Stearate Aspartame Mono- and diglycerides of fatty acids</s>
<s id="s193.1">6.2 Incompatibilities</s>
<s id="s194.1">Not applicable</s>
<s id="s195.1">6. 3 Shelf life</s>
<s id="s196.1">High Density Polyethylene tablet container:</s>
<s id="s196.2">3 years Blister pack:</s>
<s id="s196.3">2 years</s>
<s id="s197.1">6.4 Special precautions for storage</s>
<s id="s198.1">High Density Polyethylene tablet container:</s>
<s id="s198.2">Do not store above 30°C.</s>
<s id="s198.3">Keep the container tightly closed in order to protect from moisture.</s>
<s id="s198.4">Blister pack:</s>
<s id="s198.5">Do not store above 25°C.</s>
<s id="s198.6">Store in the original package.</s>
<s id="s199.1">6.5 Nature and content of container</s>
<s id="s200.1">The chewable tablets are packed in:</s>
<s id="s200.2">High Density Polyethylene tablet containers Pack sizes:</s>
<s id="s200.3">20, 30, 50, 60, 90, 100, 120 and 180 tablets (500 mg) 60 tablets (1000 mg) Blister pack (PVC/PE/PVdC/AI) Package size:</s>
<s id="s200.4">50 x 1 tablets (unit dose)</s>
<s id="s201.1">Not all pack sizes may be marketed.</s>
<s id="s202.1">6.6 Instructions for use and handling</s>
<s id="s203.1">No special requirements</s>
<s id="s204.1">7.</s>
<s id="s204.2">MARKETING AUTHORISATION HOLDER</s>
<s id="s205.1">(See Annex I – To be implemented nationally)</s>
<s id="s206.1">8.</s>
<s id="s206.2">MARKETING AUTHORISATION NUMBERS</s>
<s id="s207.1">9.</s>
<s id="s207.2">DATE OF FIRST AUTHORISATION/RENEWAL OF THE AUTHORISATION</s>
<s id="s208.1">CPMP/3256/03 10.</s>
<s id="s208.2">DATE OF THE REVISION OF THE TEXT</s>
<s id="s209.1">10/11</s>
<s id="s210.1">EMEA 2004</s>
<s id="s211.1">CPMP/3256/03</s>
<s id="s212.1">11/11</s>
<s id="s213.1">EMEA 2004</s>
</body>
</letsmt>
