<?xml version="1.0" encoding="utf-8"?>
<text>
<head id="1">
<s id="s1.1">
 <w id="w1.1.1">Številka</w> 
 <w id="w1.1.2">EU</w>
</s></head>

<head id="2">
<s id="s2.1">
 <w id="w2.1.1">Izmišljeno</w> 
 <w id="w2.1.2">Ime</w> 
 <w id="w2.1.3">Jakost</w>
</s></head>

<head id="3">
<s id="s3.1">
 <w id="w3.1.1">Farmacevtska</w> 
 <w id="w3.1.2">Oblika</w>
</s></head>

<head id="4">
<s id="s4.1">
 <w id="w4.1.1">Pot</w> 
 <w id="w4.1.2">Uporabe</w>
</s></head>

<head id="5">
<s id="s5.1">
 <w id="w5.1.1">Ovojnina</w>
</s></head>

<head id="6">
<s id="s6.1">
 <w id="w6.1.1">Vsebina</w>         
 <w id="w6.1.2">(</w>
 <w id="w6.1.3">Koncentracija</w>
 <w id="w6.1.4">)</w>
</s></head>

<head id="7">
<s id="s7.1">
 <w id="w7.1.1">Velikost</w> 
 <w id="w7.1.2">Pakiranja</w>
</s></head>

<head id="8">
<s id="s8.1">
 <w id="w8.1.1">EU/</w>
 <w id="w8.1.2">1/</w>
 <w id="w8.1.3">03/</w>
 <w id="w8.1.4">265/</w>
 <w id="w8.1.5">003</w>   
 <w id="w8.1.6">EU/</w>
 <w id="w8.1.7">1/</w>
 <w id="w8.1.8">03/</w>
 <w id="w8.1.9">265/</w>
 <w id="w8.1.10">004</w>
</s></head>

<head id="9">
<s id="s9.1">
 <w id="w9.1.1">Bonviva</w>        
 <w id="w9.1.2">Bonviva</w>
</s></head>

<head id="10">
<s id="s10.1">
 <w id="w10.1.1">150</w> 
 <w id="w10.1.2">mg</w>   
 <w id="w10.1.3">150</w> 
 <w id="w10.1.4">mg</w>
</s></head>

<p id="11">
<s id="s11.1">
 <w id="w11.1.1">Filmsko</w> 
 <w id="w11.1.2">Obložena</w> 
 <w id="w11.1.3">Tableta</w> 
 <w id="w11.1.4">Peroralna</w> 
 <w id="w11.1.5">Uporaba</w> 
 <w id="w11.1.6">Pretisni</w> 
 <w id="w11.1.7">Omot</w> 
 <w id="w11.1.8">(</w>
 <w id="w11.1.9">PVC/</w>
 <w id="w11.1.10">PVDC</w>
 <w id="w11.1.11">)</w>                 
 <w id="w11.1.12">Filmsko</w> 
 <w id="w11.1.13">Obložena</w> 
 <w id="w11.1.14">Tableta</w> 
 <w id="w11.1.15">Peroralna</w> 
 <w id="w11.1.16">Uporaba</w> 
 <w id="w11.1.17">Pretisni</w> 
 <w id="w11.1.18">Omot</w> 
 <w id="w11.1.19">(</w>
 <w id="w11.1.20">PVC/</w>
 <w id="w11.1.21">PVDC</w>
 <w id="w11.1.22">)</w>
</s></p>

<head id="12">
<s id="s12.1">
 <w id="w12.1.1">1</w> 
 <w id="w12.1.2">tableta</w>    
 <w id="w12.1.3">3</w> 
 <w id="w12.1.4">tablete</w>
</s></head>

<head id="13">
<s id="s13.1">
 <w id="w13.1.1">EU/</w>
 <w id="w13.1.2">1/</w>
 <w id="w13.1.3">03/</w>
 <w id="w13.1.4">265/</w>
 <w id="w13.1.5">005</w>
</s></head>

<head id="14">
<s id="s14.1">
 <w id="w14.1.1">Bonviva</w>
</s></head>

<head id="15">
<s id="s15.1">
 <w id="w15.1.1">3</w> 
 <w id="w15.1.2">mg</w>
</s></head>

<head id="16">
<s id="s16.1">
 <w id="w16.1.1">Raztopina</w> 
 <w id="w16.1.2">Za</w> 
 <w id="w16.1.3">Injiciranje</w>
</s></head>

<head id="17">
<s id="s17.1">
 <w id="w17.1.1">Intravenska</w>
</s></head>

<p id="18">
<s id="s18.1">
 <w id="w18.1.1">Napolnjena</w> 
 <w id="w18.1.2">Injekcijska</w>     
 <w id="w18.1.3">Brizga</w> 
 <w id="w18.1.4">(</w>
 <w id="w18.1.5">Steklo</w>
 <w id="w18.1.6">)</w>
</s></p>

<head id="19">
<s id="s19.1">
 <w id="w19.1.1">3</w> 
 <w id="w19.1.2">ml</w> 
 <w id="w19.1.3">(</w>
 <w id="w19.1.4">1</w> 
 <w id="w19.1.5">mg/</w>
 <w id="w19.1.6">ml</w>
 <w id="w19.1.7">)</w>
</s></head>

<head id="20">
<s id="s20.1">
 <w id="w20.1.1">1</w> 
 <w id="w20.1.2">napolnjena</w> 
 <w id="w20.1.3">injekcijska</w> 
 <w id="w20.1.4">brizga</w>
</s></head>

<head id="21">
<s id="s21.1">
 <w id="w21.1.1">EU/</w>
 <w id="w21.1.2">1/</w>
 <w id="w21.1.3">03/</w>
 <w id="w21.1.4">265/</w>
 <w id="w21.1.5">006</w>
</s></head>

<head id="22">
<s id="s22.1">
 <w id="w22.1.1">Bonviva</w>
</s></head>

<head id="23">
<s id="s23.1">
 <w id="w23.1.1">3</w> 
 <w id="w23.1.2">mg</w>
</s></head>

<head id="24">
<s id="s24.1">
 <w id="w24.1.1">Raztopina</w> 
 <w id="w24.1.2">Za</w> 
 <w id="w24.1.3">Injiciranje</w>
</s></head>

<head id="25">
<s id="s25.1">
 <w id="w25.1.1">Intravenska</w>
</s></head>

<p id="26">
<s id="s26.1">
 <w id="w26.1.1">Napolnjena</w> 
 <w id="w26.1.2">Injekcijska</w>     
 <w id="w26.1.3">Brizga</w> 
 <w id="w26.1.4">(</w>
 <w id="w26.1.5">Steklo</w>
 <w id="w26.1.6">)</w>
</s></p>

<head id="27">
<s id="s27.1">
 <w id="w27.1.1">3</w> 
 <w id="w27.1.2">ml</w> 
 <w id="w27.1.3">(</w>
 <w id="w27.1.4">1</w> 
 <w id="w27.1.5">mg/</w>
 <w id="w27.1.6">ml</w>
 <w id="w27.1.7">)</w>
</s></head>

<head id="28">
<s id="s28.1">
 <w id="w28.1.1">4</w> 
 <w id="w28.1.2">napolnjene</w> 
 <w id="w28.1.3">injekcijske</w> 
 <w id="w28.1.4">brizge</w>
</s></head>

<p id="29">
<s id="s29.1">
 <w id="w29.1.1">1/</w>
 <w id="w29.1.2">1</w>
</s></p></text>
