<?xml version="1.0" encoding="utf-8"?>
<letsmt version="1.0">
<head></head>
<body>
<s id="s1.1">EU številka</s>
<s id="s2.1">Izmišljeno ime</s>
<s id="s3.1">Jakost</s>
<s id="s4.1">Farmacevtska oblika</s>
<s id="s5.1">Ciljna živalska vrsta</s>
<s id="s6.1">Način uporabe zdravila</s>
<s id="s7.1">Ovojnina</s>
<s id="s8.1">Vsebina</s>
<s id="s9.1">Velikost pakiranja</s>
<s id="s10.1">Karenca</s>
<s id="s11.1">EU/ 2/ 08/ 084/ 001 Trocoxil</s>
<s id="s12.1">6 mg</s>
<s id="s13.1">Žvečljive tablete</s>
<s id="s14.1">Psi</s>
<s id="s15.1">Peroralna uporaba</s>
<s id="s16.1">Pretisni omot aluminij</s>
<s id="s17.1">1 pretisni omot s 2 tableti po 2 tabletama</s>
<s id="s18.1">Navedba ni smiselna</s>
<s id="s19.1">EU/ 2/ 08/ 084/ 002 Trocoxil</s>
<s id="s20.1">20 mg</s>
<s id="s21.1">Žvečljive tablete</s>
<s id="s22.1">Psi</s>
<s id="s23.1">Peroralna uporaba</s>
<s id="s24.1">Pretisni omot aluminij</s>
<s id="s25.1">1 pretisni omot s 2 tableti po 2 tabletama</s>
<s id="s26.1">Navedba ni smiselna</s>
<s id="s27.1">EU/ 2/ 08/ 084/ 003 Trocoxil</s>
<s id="s28.1">30 mg</s>
<s id="s29.1">Žvečljive tablete</s>
<s id="s30.1">Psi</s>
<s id="s31.1">Peroralna uporaba</s>
<s id="s32.1">Pretisni omot aluminij</s>
<s id="s33.1">1 pretisni omot s 2 tableti po 2 tabletama</s>
<s id="s34.1">Navedba ni smiselna</s>
<s id="s35.1">EU/ 2/ 08/ 084/ 004 Trocoxil</s>
<s id="s36.1">75 mg</s>
<s id="s37.1">Žvečljive tablete</s>
<s id="s38.1">Psi</s>
<s id="s39.1">Peroralna uporaba</s>
<s id="s40.1">Pretisni omot aluminij</s>
<s id="s41.1">1 pretisni omot s 2 tableti po 2 tabletama</s>
<s id="s42.1">Navedba ni smiselna</s>
<s id="s43.1">EU/ 2/ 08/ 084/ 005 Trocoxil</s>
<s id="s44.1">95 mg</s>
<s id="s45.1">Žvečljive tablete</s>
<s id="s46.1">Psi</s>
<s id="s47.1">Peroralna uporaba</s>
<s id="s48.1">Pretisni omot aluminij</s>
<s id="s49.1">1 pretisni omot s 2 tableti po 2 tabletama</s>
<s id="s50.1">Navedba ni smiselna</s>
<s id="s51.1">1/ 1</s>
</body>
</letsmt>
