<?xml version="1.0" encoding="utf-8"?>
<letsmt version="1.0">
<head></head>
<body>
<s id="s1.1">ANNEX I</s>
<s id="s2.1">SUMMARY OF PRODUCT CHARACTERISTICS</s>
<s id="s3.1">1 100 mg/ ml oral gel for horses</s>
<s id="s4.1">1.</s>
<s id="s4.2">NAME OF THE VETERINARY MEDICINAL PRODUCT</s>
<s id="s5.1">Quadrisol 100 mg/ ml oral gel for horses</s>
<s id="s6.1">2.</s>
<s id="s6.2">QUALITATIVE AND QUANTITATIVE COMPOSITION</s>
<s id="s7.1">Each ml of Quadrisol oral gel contains:</s>
<s id="s8.1">Active substance:</s>
<s id="s8.2">Vedaprofen:</s>
<s id="s9.1">100 mg</s>
<s id="s10.1">Excipients:</s>
<s id="s11.1">Propylene glycol:</s>
<s id="s12.1">130 mg</s>
<s id="s13.1">For a full list of excipients, see section 6.1.</s>
<s id="s14.1">3.</s>
<s id="s14.2">PHARMACEUTICAL FORM</s>
<s id="s15.1">Oral gel</s>
<s id="s16.1">4.</s>
<s id="s16.2">CLINICAL PARTICULARS</s>
<s id="s17.1">4.1 Target species</s>
<s id="s18.1">Horse.</s>
<s id="s19.1">4.2 Indications for use, specifying the target species</s>
<s id="s20.1">Reduction of inflammation and relief of pain associated with musculo-skeletal disorders and soft tissue lesions (traumatic injuries and surgical trauma).</s>
<s id="s20.2">In cases of anticipated surgical trauma, Quadrisol can be given prophylactically at least 3 hours prior to elective surgery.</s>
<s id="s21.1">4.3 Contraindications</s>
<s id="s22.1">Do not use in animals suffering from alimentary tract disorders, impaired heart, liver and kidney function.</s>
<s id="s22.2">Do not use in foals under the age of 6 months.</s>
<s id="s22.3">Do not use in lactating mares.</s>
<s id="s22.4">Do not use in the case of hypersensitivity to the active substance or to any of the excipients.</s>
<s id="s23.1">4.4 Special warnings for each target species</s>
<s id="s24.1">Horses intended for racing and competition should be treated according to local requirements.</s>
<s id="s24.2">Appropriate precautions must be taken for such horses to ensure compliance with competition regulations.</s>
<s id="s24.3">In case of doubt, it is advisable to test the urine.</s>
<s id="s25.1">2 4.5 Special precautions for use</s>
<s id="s26.1">Special precautions for use in animals</s>
<s id="s27.1">If side effects occur, treatment should be discontinued.</s>
<s id="s27.2">Horses with oral lesions should be assessed clinically and the attending veterinarian should take a decision as to whether treatment should be continued.</s>
<s id="s27.3">If oral lesions persist, treatment should be discontinued.</s>
<s id="s27.4">Horses should be monitored for oral lesions during treatment.</s>
<s id="s27.5">Avoid use in any dehydrated, hypovolaemic or hypotensive animals, as there may be potential risk of increased renal toxicity.</s>
<s id="s28.1">Special precautions to be taken by the person administering the veterinary medicinal product to animals</s>
<s id="s29.1">In case of accidental ingestion, seek medical advice immediately and show the package leaflet or the label to the physician.</s>
<s id="s30.1">4.6 Adverse reactions (frequency and seriousness)</s>
<s id="s31.1">Typical undesirable effects associated with NSAID use, such as lesions in the alimentary tract, soft faeces, urticaria and lethargy.</s>
<s id="s31.2">Side effects are reversible.</s>
<s id="s32.1">4.7 Use during pregnancy, lactation or lay</s>
<s id="s33.1">Can be used during pregnancy.</s>
<s id="s33.2">The safety of the veterinary medicinal product has not been established during lactation</s>
<s id="s34.1">4.8 Interaction with other medicinal products and other forms of interaction</s>
<s id="s35.1">Other NSAIDs, diuretics and substances with high protein binding may compete for binding and lead to toxic effects.</s>
<s id="s35.2">Quadrisol must not be given with other NSAIDs or glucocorticosteroids.</s>
<s id="s36.1">4.9 Amounts to be administered and administration route</s>
<s id="s37.1">For oral use.</s>
<s id="s37.2">Twice daily administration.</s>
<s id="s37.3">An initial dose of 2 mg/ kg (2.0 ml/ 100 kg) is followed by a maintenance dose of 1 mg/ kg (1.0 ml/ 100 kg) given every 12 hours.</s>
<s id="s37.4">Treatment can be continued for a maximum of 14 consecutive days.</s>
<s id="s37.5">In case of prophylactic treatment, a maximum duration of treatment of 7 consecutive days is sufficient.</s>
<s id="s38.1">Bodyweight and dosage must be accurately determined to avoid overdosing.</s>
<s id="s39.1">The gel is administered orally by inserting the nozzle of the syringe through the interdental space and depositing the required amount of gel on the back of the tongue.</s>
<s id="s39.2">Before administration, the syringe should be adjusted to the calculated dosage by setting the ring on the plunger.</s>
<s id="s40.1">It is advisable to administer the product before feeding.</s>
<s id="s41.1">In cases of anticipated surgical trauma, Quadrisol can be given prophylactically at least 3 hours prior to elective surgery.</s>
<s id="s42.1">4.10 Overdose (symptoms, emergency procedures, antidotes), if necessary</s>
<s id="s43.1">Lesions and bleedings in the alimentary tract, diarrhoea, urticaria, lethargy, inappetence.</s>
<s id="s43.2">If symptoms occur, treatment should be discontinued.</s>
<s id="s43.3">Symptoms are reversible.</s>
<s id="s43.4">Overdosing may lead to death of treated animals.</s>
<s id="s44.1">3 4.11 Withdrawal period(s)</s>
<s id="s45.1">Meat and offal:</s>
<s id="s45.2">12 days Not permitted for use in lactating animals producing milk for human consumption.</s>
<s id="s46.1">5.</s>
<s id="s46.2">PHARMACOLOGICAL PROPERTIES</s>
<s id="s47.1">Pharmacotherapeutic group:</s>
<s id="s47.2">ATCvet code:</s>
<s id="s47.3">QM01AE90</s>
<s id="s48.1">non-steroidal anti-inflammatory drug</s>
<s id="s49.1">5.1 Pharmacodynamic properties</s>
<s id="s50.1">Vedaprofen is a non-steroidal anti-inflammatory drug (NSAID) belonging to the propionic acid derivate group.</s>
<s id="s50.2">Vedaprofen inhibits the prostaglandin synthesis enzyme system (cyclo-oxygenase enzyme) and thus possesses anti-inflammatory, antipyretic and analgesic properties.</s>
<s id="s50.3">Studies in the horse have demonstrated potent inhibition of prostaglandin E2 (PG E2) synthesis in exudate and thromboxane B2 synthesis in serum and exudate.</s>
<s id="s50.4">Vedaprofen contains an asymmetric carbon atom and, therefore, is a racemic mixture of a (+) enantiomer and a (-) enantiomer.</s>
<s id="s50.5">Both enantiomers contribute to therapeutic actions of the compound.</s>
<s id="s50.6">The (+) enantiomer is more potent in inhibiting prostaglandin synthesis.</s>
<s id="s50.7">Both enantiomers are equipotent PGF2α antagonists.</s>
<s id="s51.1">5.2 Pharmacokinetic particulars</s>
<s id="s52.1">Vedaprofen is rapidly absorbed following oral administration.</s>
<s id="s52.2">Bioavailability after oral administration is 80-90%, but is reduced significantly if medication is administered with food.</s>
<s id="s52.3">The terminal half-life following oral administration is 350-500 minutes and no accumulation occurs following repeated oral dosing.</s>
<s id="s52.4">Steady state is reached quickly following onset of treatment.</s>
<s id="s52.5">Vedaprofen is highly bound to plasma proteins and extensively metabolised.</s>
<s id="s52.6">The most abundant metabolite is a monohydroxylated derivative.</s>
<s id="s52.7">All metabolites of vedaprofen were shown to be less active than the parent compound as determined by a thromboxane B2 formation inhibition assay.</s>
<s id="s52.8">Approximately 70% of an orally administered dose is excreted in the urine.</s>
<s id="s53.1">6.</s>
<s id="s53.2">PHARMACEUTICAL PARTICULARS</s>
<s id="s54.1">6.1 List of excipients</s>
<s id="s55.1">Water (minimum purified grade), Propylene glycol, Hydroxyethylcellulose, Potassium hydroxide (E525), Hydrochloric acid Chocolate flavour.</s>
<s id="s56.1">6.2 Incompatibilities</s>
<s id="s57.1">None known.</s>
<s id="s58.1">6.3 Shelf life</s>
<s id="s59.1">Shelf life of the veterinary medicinal product as packaged for sale:</s>
<s id="s59.2">3 years.</s>
<s id="s59.3">Shelf-life after first opening the immediate packaging:</s>
<s id="s59.4">2 months</s>
<s id="s60.1">4 6.4.</s>
<s id="s60.2">Special precautions for storage</s>
<s id="s61.1">This veterinary medicinal product does not require any special storage conditions.</s>
<s id="s62.1">6.5 Nature and composition of immediate packaging</s>
<s id="s63.1">A 30 ml adjustable multidose syringe consisting of high density polyethylene (white) and low density polyethylene (white and natural).</s>
<s id="s63.2">The syringe is fitted with variable dose capability, adjustable in steps of 0.5 ml and graduated to 1 ml.</s>
<s id="s63.3">The product is presented as a single syringe in a carton box or as a multipack of 3 syringes in a carton box.</s>
<s id="s64.1">6.6 Special precautions for the disposal of unused veterinary medicinal product or waste materials derived from the use of such products</s>
<s id="s65.1">Any unused veterinary medicinal product or waste materials derived from such veterinary medicinal product should be disposed of in accordance with local requirements</s>
<s id="s66.1">7.</s>
<s id="s66.2">MARKETING AUTHORISATION HOLDER</s>
<s id="s67.1">Intervet International B. V.</s>
<s id="s67.2">Wim de Körverstraat 35 5831 AN Boxmeer The Netherlands</s>
<s id="s68.1">8.</s>
<s id="s68.2">MARKETING AUTHORISATION NUMBERS</s>
<s id="s69.1">EU/ 2/ 97/ 005/ 001 EU/ 2/ 97/ 005/ 005</s>
<s id="s70.1">9.</s>
<s id="s70.2">DATE OF FIRST AUTHORISATION/ RENEWAL OF THE AUTHORISATION</s>
<s id="s71.1">4 December 1997 / 13 November 2007</s>
<s id="s72.1">10.</s>
<s id="s72.2">DATE OF REVISION OF THE TEXT</s>
<s id="s73.1">27.08.2008</s>
<s id="s74.1">PROHIBITION OF SALE, SUPPLY AND/ OR USE</s>
<s id="s75.1">Not applicable.</s>
<s id="s76.1">5 ANNEX II</s>
<s id="s77.1">A.</s>
<s id="s77.2">MANUFACTURING AUTHORISATION HOLDER(S) RESPONSIBLE FOR BATCH RELEASE</s>
<s id="s78.1">B.</s>
<s id="s78.2">CONDITIONS OR RESTRICTIONS OF THE MARKETING AUTHORISATION REGARDING SUPPLY OR USE</s>
<s id="s79.1">C.</s>
<s id="s79.2">CONDITIONS OR RESTRICTIONS OF THE MARKETING AUTHORISATION WITH REGARD TO SAFE AND EFFECTIVE USE</s>
<s id="s80.1">D.</s>
<s id="s80.2">STATEMENT OF THE MRLs</s>
<s id="s81.1">6 A.</s>
<s id="s81.2">MANUFACTURING AUTHORISATION HOLDER(S) RESPONSIBLE FOR BATCH RELEASE</s>
<s id="s82.1">Name and address of the manufacturer responsible for batch release</s>
<s id="s83.1">Intervet International B. V.</s>
<s id="s83.2">Wim de Körverstraat 35 5831 AN Boxmeer The Netherlands</s>
<s id="s84.1">Intervet Productions S. A.</s>
<s id="s84.2">Rue de Lyons F – 27460 Igoville France</s>
<s id="s85.1">The printed package leaflet of the medicinal product must state the name and address of the manufacturer responsible for the release of the concerned batch.</s>
<s id="s86.1">B.</s>
<s id="s86.2">CONDITIONS OR RESTRICTIONS OF THE MARKETING AUTHORISATION REGARDING SUPPLY OR USE</s>
<s id="s87.1">To be supplied only on veterinary prescription.</s>
<s id="s88.1">C.</s>
<s id="s88.2">CONDITIONS OR RESTRICTIONS OF THE MARKETING AUTHORISATION WITH REGARD TO THE SAFE AND EFFECTIVE USE OF THE PRODUCT</s>
<s id="s89.1">Not applicable.</s>
<s id="s90.1">D.</s>
<s id="s90.2">STATEMENT OF THE MRLs</s>
<s id="s91.1">Vedaprofen is included in Annex I of Council Regulation (EEC) No 2377/ 90 in accordance with the following table:</s>
<s id="s91.2">Pharmacologically active substance</s>
<s id="s92.1">Marker residue</s>
<s id="s93.1">Animal species</s>
<s id="s94.1">MRLs</s>
<s id="s95.1">Target tissues Other provisions</s>
<s id="s96.1">vedaprofen vedaprofen</s>
<s id="s97.1">Equidae</s>
<s id="s98.1">1000 µg/ kg Kidney 100 µg/ kg Liver 50 µg/ kg Muscle 20 µg/ kg Fat</s>
<s id="s99.1">Excipients are included in Annex II of Council Regulation (EEC) No.</s>
<s id="s99.2">2377/ 90 in accordance with the following table:</s>
<s id="s99.3">Pharmacologically active substance Animal Species</s>
<s id="s100.1">Other provisions</s>
<s id="s101.1">Potassium hydroxide (E525) 1</s>
<s id="s102.1">All food producing species</s>
<s id="s103.1">1 OJ No.</s>
<s id="s103.2">L 272 of 25.10.96</s>
<s id="s104.1">7 Hydrochloric acid Propylene glycol2</s>
<s id="s105.1">Hydroxyethylcellulose</s>
<s id="s106.1">and</s>
<s id="s107.1">chocolate</s>
<s id="s108.1">flavour</s>
<s id="s109.1">are</s>
<s id="s110.1">not</s>
<s id="s111.1">within</s>
<s id="s112.1">the</s>
<s id="s113.1">scope</s>
<s id="s114.1">of</s>
<s id="s115.1">Council Regulation 2377/ 90.</s>
<s id="s116.1">2 OJ No.</s>
<s id="s116.2">L 045 of 15.02.97</s>
<s id="s117.1">8 ANNEX III</s>
<s id="s118.1">LABELLING AND PACKAGE INSERT</s>
<s id="s119.1">9 A.</s>
<s id="s119.2">LABELLING</s>
<s id="s120.1">10 PARTICULARS TO APPEAR ON THE OUTER PACKAGE</s>
<s id="s121.1">100 mg/ ml oral gel for horses</s>
<s id="s122.1">1.</s>
<s id="s122.2">NAME OF THE VETERINARY MEDICINAL PRODUCT</s>
<s id="s123.1">Quadrisol 100 mg/ ml oral gel for horses</s>
<s id="s124.1">2.</s>
<s id="s124.2">STATEMENT OF ACTIVE AND OTHER SUBSTANCES</s>
<s id="s125.1">Vedaprofen:</s>
<s id="s126.1">100 mg/ ml</s>
<s id="s127.1">3.</s>
<s id="s127.2">PHARMACEUTICAL FORM</s>
<s id="s128.1">Oral gel.</s>
<s id="s129.1">4.</s>
<s id="s129.2">PACKAGE SIZE</s>
<s id="s130.1">Adjustable dose syringe, containing 30 ml gel (EU/ 2/ 97/ 005/ 001) 3 adjustable dose syringes, each containing 30 ml gel (EU/ 2/ 97/ 005/ 005)</s>
<s id="s131.1">5.</s>
<s id="s131.2">TARGET SPECIES</s>
<s id="s132.1">Horse.</s>
<s id="s133.1">6.</s>
<s id="s133.2">INDICATION</s>
<s id="s134.1">Reduction of inflammation and relief of pain.</s>
<s id="s135.1">7.</s>
<s id="s135.2">METHOD AND ROUTE OF ADMINISTRATION</s>
<s id="s136.1">For oral use.</s>
<s id="s137.1">8.</s>
<s id="s137.2">WITHDRAWAL PERIOD</s>
<s id="s138.1">Meat and offal:</s>
<s id="s138.2">12 days Not permitted for use in lactating animals producing milk for human consumption.</s>
<s id="s139.1">9.</s>
<s id="s139.2">SPECIAL WARNINGS</s>
<s id="s140.1">If side effect occurs, treatment should be discontinued.</s>
<s id="s140.2">Do not use in lactating animals.</s>
<s id="s140.3">For full contra-indications, see package insert.</s>
<s id="s141.1">11 10.</s>
<s id="s141.2">EXPIRY DATE</s>
<s id="s142.1">Month/ year.</s>
<s id="s143.1">11.</s>
<s id="s143.2">SPECIAL STORAGE CONDITIONS</s>
<s id="s144.1">No special precautions for storage.</s>
<s id="s144.2">Shelf-life after first opening the immediate packaging:</s>
<s id="s144.3">2 months</s>
<s id="s145.1">12.</s>
<s id="s145.2">SPECIAL PRECAUTIONS FOR THE DISPOSAL OF UNUSED PRODUCTS OR WASTE MATERIALS, IF ANY</s>
<s id="s146.1">Any unused veterinary medicinal product or waste materials derived from such veterinary medicinal product should be disposed of in accordance with local requirements.</s>
<s id="s147.1">13.</s>
<s id="s147.2">THE WORDS “ FOR ANIMAL TREATMENT ONLY” AND CONDITIONS OR RESTRICTIONS REGARDING SUPPLY AND USE, if applicable</s>
<s id="s148.1">For animal treatment only.</s>
<s id="s148.2">To be supplied only on veterinary prescription.</s>
<s id="s149.1">14.</s>
<s id="s149.2">THE WORDS “ KEEP OUT OF THE REACH AND SIGHT OF CHILDREN”</s>
<s id="s150.1">Keep out of the reach and sight of children.</s>
<s id="s151.1">15.</s>
<s id="s151.2">NAME AND ADDRESS OF THE MARKETING AUTHORISATION HOLDER</s>
<s id="s152.1">Intervet International B. V.</s>
<s id="s152.2">Wim de Körverstraat 35 5831 AN Boxmeer The Netherlands</s>
<s id="s153.1">16.</s>
<s id="s153.2">MARKETING AUTHORISATION NUMBERS</s>
<s id="s154.1">EU/ 2/ 97/ 005/ 001 (1 x 30 ml) EU/ 2/ 97/ 005/ 005 (3 x 30 ml)</s>
<s id="s155.1">17.</s>
<s id="s155.2">MANUFACTURER’ S BATCH NUMBER</s>
<s id="s156.1">&lt; Batch &gt; &lt; Lot &gt; &lt; BN &gt; {number}</s>
<s id="s157.1">12 MINIMUM PARTICULARS TO APPEAR ON SMALL IMMEDIATE PACKAGING UNITS</s>
<s id="s158.1">{label on the syringe}</s>
<s id="s159.1">1.</s>
<s id="s159.2">NAME OF THE VETERINARY MEDICINAL PRODUCT</s>
<s id="s160.1">Quadrisol 100 mg/ ml oral gel for horses</s>
<s id="s161.1">2.</s>
<s id="s161.2">QUANTITY OF THE ACTIVE SUBSTANCE(S)</s>
<s id="s162.1">Vedaprofen:</s>
<s id="s162.2">Propylene glycol:</s>
<s id="s163.1">100 mg/ ml 130 mg/ ml</s>
<s id="s164.1">3.</s>
<s id="s164.2">CONTENTS BY WEIGHT, BY VOLUME OR BY NUMBER OF DOSES</s>
<s id="s165.1">30 ml</s>
<s id="s166.1">4.</s>
<s id="s166.2">ROUTE OF ADMINISTRATION</s>
<s id="s167.1">For oral use.</s>
<s id="s168.1">5.</s>
<s id="s168.2">WITHDRAWAL PERIOD</s>
<s id="s169.1">Meat and offal:</s>
<s id="s169.2">12 days</s>
<s id="s170.1">6.</s>
<s id="s170.2">BATCH NUMBER</s>
<s id="s171.1">&lt; Batch &gt; &lt; Lot &gt; &lt; BN &gt; {number}</s>
<s id="s172.1">7.</s>
<s id="s172.2">EXPIRY DATE</s>
<s id="s173.1">Month/ year.</s>
<s id="s174.1">8.</s>
<s id="s174.2">THE WORDS “ FOR ANIMAL TREATMENT ONLY”</s>
<s id="s175.1">For animal treatment only.</s>
<s id="s176.1">13 B.</s>
<s id="s176.2">PACKAGE INSERT</s>
<s id="s177.1">14 PACKAGE LEAFLET</s>
<s id="s178.1">Quadrisol 100 mg/ ml oral gel for horses</s>
<s id="s179.1">1.</s>
<s id="s179.2">NAME AND ADDRESS OF THE MARKETING AUTHORISATION HOLDER AND OF THE MANUFACTURING AUTHORISATION HOLDER RESPONSIBLE FOR BATCH RELEASE, IF DIFFERENT</s>
<s id="s180.1">Marketing authorisation holder:</s>
<s id="s181.1">Intervet International B. V.</s>
<s id="s181.2">Wim de Körverstraat 35 5831 AN Boxmeer The Netherlands</s>
<s id="s182.1">Manufacturers for the batch release:</s>
<s id="s183.1">Intervet International B. V.</s>
<s id="s183.2">Wim de Körverstraat 35 5831 AN Boxmeer The Netherlands</s>
<s id="s184.1">Intervet Productions S. A.</s>
<s id="s184.2">Rue de lyons F- 27460 Igoville France</s>
<s id="s185.1">The printed package leaflet of the medicinal product must state the name and address of the manufacturer responsible for the release of the concerned batch.</s>
<s id="s186.1">2.</s>
<s id="s186.2">NAME OF THE VETERINARY MEDICINAL PRODUCT</s>
<s id="s187.1">Quadrisol 100 mg/ ml oral gel for horses.</s>
<s id="s188.1">3.</s>
<s id="s188.2">STATEMENT OF THE ACTIVE SUBSTANCE AND OTHER INGREDIENT(S)</s>
<s id="s189.1">Vedaprofen:</s>
<s id="s189.2">Propylene glycol:</s>
<s id="s190.1">100 mg/ ml 130 mg/ ml</s>
<s id="s191.1">4.</s>
<s id="s191.2">INDICATION</s>
<s id="s192.1">Reduction of inflammation and relief of pain associated with musculo-skeletal disorders and soft tissue lesions (traumatic injuries and surgical trauma).</s>
<s id="s192.2">In cases of anticipated surgical trauma, Quadrisol can be given prophylactically at least 3 hours prior to elective surgery</s>
<s id="s193.1">5.</s>
<s id="s193.2">CONTRAINDICATIONS</s>
<s id="s194.1">Do not use in animals suffering from alimentary tract disorders, impaired heart, liver and kidney function.</s>
<s id="s194.2">Do not use in foals under the age of 6 months.</s>
<s id="s194.3">Do not use in lactating mares.</s>
<s id="s194.4">Quadrisol must not be given with other NSAIDs or glucocorticosteroids.</s>
<s id="s194.5">Do not use in the case of hypersensitivity to the active substance or to any of the excipients.</s>
<s id="s195.1">15 6.</s>
<s id="s195.2">ADVERSE REACTIONS</s>
<s id="s196.1">Typical non-steroidal anti-inflammatory drugs (NSAIDs) side effects such as lesions and bleedings in the alimentary tract, diarrhoea, urticaria, lethargy, inappetence.</s>
<s id="s196.2">If symptoms occur, treatment should be discontinued.</s>
<s id="s196.3">Symptoms are reversible.</s>
<s id="s196.4">Overdosing may lead to death of treated animals.</s>
<s id="s196.5">If you notice any other side effects, please inform your veterinary surgeon.</s>
<s id="s197.1">7.</s>
<s id="s197.2">TARGET SPECIES</s>
<s id="s198.1">Horse.</s>
<s id="s199.1">8.</s>
<s id="s199.2">DOSAGE FOR EACH SPECIES, ROUTE AND METHOD OF ADMINISTRATION</s>
<s id="s200.1">Quadrisol is intended for twice daily administration.</s>
<s id="s200.2">The advised dosage is an initial dose of 2 mg/ kg (2.0 ml/ 100 kg) followed by a maintenance dose of 1 mg/ kg (1.0 ml/ 100 kg) given every 12 hours.</s>
<s id="s201.1">For oral use.</s>
<s id="s202.1">9.</s>
<s id="s202.2">ADVICE ON CORRECT ADMINISTRATION</s>
<s id="s203.1">Treatment can be continued for a maximum of 14 consecutive days.</s>
<s id="s203.2">Bodyweight and dosage rate must be accurately determined to avoid overdosing.</s>
<s id="s203.3">In case of prophylactic treatment, a maximum duration of treatment of 7 consecutive days is sufficient.</s>
<s id="s203.4">The gel is administered orally by inserting the nozzle of the syringe through the interdental space and depositing the required amount of gel on the back of the tongue.</s>
<s id="s203.5">Before administration, the syringe should be adjusted to the calculated dosage by setting the ring on the plunger.</s>
<s id="s203.6">It is advisable to administer the product before feeding.</s>
<s id="s204.1">10.</s>
<s id="s204.2">WITHDRAWAL PERIOD</s>
<s id="s205.1">Meat and offal:</s>
<s id="s205.2">12 days Not permitted for use in lactating animals producing milk for human consumption.</s>
<s id="s206.1">11.</s>
<s id="s206.2">SPECIAL STORAGE PRECAUTIONS</s>
<s id="s207.1">Keep out of the reach and sight of children.</s>
<s id="s207.2">No special precautions for storage.</s>
<s id="s207.3">Shelf-life after first opening of the product:</s>
<s id="s207.4">2 months.</s>
<s id="s207.5">Do not use after the expiry date stated on the label.</s>
<s id="s208.1">12.</s>
<s id="s208.2">SPECIAL WARNINGS</s>
<s id="s209.1">The safety of the veterinary medicinal product has not been established during lactation.</s>
<s id="s209.2">Quadrisol 100 mg/ ml can be used during pregnancy.</s>
<s id="s210.1">Horse with oral lesions should be assessed clinically and the attending veterinarian should take a decision as to whether treatment should be continued.</s>
<s id="s210.2">If oral lesions persist, treatment should be discontinued.</s>
<s id="s211.1">16 Horse should be monitored for oral lesions during treatment.</s>
<s id="s211.2">Avoid the use in any dehydrated, hypovolaemic or hypotensive animals, as there may be potential risk of increased renal toxicity.</s>
<s id="s212.1">Horses intended for racing and competition should be treated according to local requirements.</s>
<s id="s212.2">Appropriate precautions must be taken for such horses to ensure compliance with competition regulations.</s>
<s id="s212.3">In case of doubt, it is advisable to test the urine.</s>
<s id="s213.1">In case of accidental ingestion by a person, seek medical advice immediately and show the package leaflet or the label to the physician.</s>
<s id="s214.1">13.</s>
<s id="s214.2">SPECIAL PRECAUTIONS FOR THE DISPOSAL OF UNUSED PRODUCT OR WASTE MATERIALS, IF ANY</s>
<s id="s215.1">Any unused veterinary medicinal product or waste materials derived from such veterinary medicinal product should be disposed of in accordance with local requirements.</s>
<s id="s216.1">14.</s>
<s id="s216.2">DATE ON WHICH THE PACKAGE LEAFLET WAS LAST APPROVED</s>
<s id="s217.1">27.08.2008</s>
<s id="s218.1">15.</s>
<s id="s218.2">OTHER INFORMATION</s>
<s id="s219.1">For animal treatment only.</s>
<s id="s220.1">17</s>
</body>
</letsmt>
