<?xml version="1.0" encoding="utf-8"?>
<letsmt version="1.0">
<head></head>
<body>
<s id="s1.1">European Medicines Agency</s>
<s id="s2.1">13 January 2009 EMEA/ 660192/ 2008</s>
<s id="s3.1">COMMITTEE FOR MEDICINAL PRODUCTS FOR HUMAN USE (CHMP) OPINION FOLLOWING AN ARTICLE 31 REFERRAL</s>
<s id="s4.1">Norfloxacin containing medicinal products</s>
<s id="s5.1">International non-proprietary name (INN): norfloxacin</s>
<s id="s6.1">BACKGROUND INFORMATION *</s>
<s id="s7.1">Norfloxacin is a broad-spectrum, quinolone bactericidal agent indicated for the treatment of acute or chronic complicated or uncomplicated pyelonephritis due to susceptible organisms.</s>
<s id="s8.1">On 14 September 2007, Belgium referred the matter to the EMEA under Article 31 of Directive 2001/ 83/ EC and asked the CHMP to give its opinion on whether the marketing authorisations for oral formulations of medicinal products containing norfloxacin in the treatment of acute or chronic complicated or uncomplicated pyelonephritis should be maintained, varied, suspended or withdrawn across the European Union following the re-assessment of norfloxacin benefit/ risk balance.</s>
<s id="s8.2">This request was based on the following reasons:</s>
<s id="s9.1">- Pyelonephritis is often associated with bacteraemia.</s>
<s id="s9.2">Norfloxacin containing medicinal products,</s>
<s id="s10.1">which are only available as an oral formulation, do not provide adequate serum levels for the treatment of concomitant bacteraemia.</s>
<s id="s11.1">- There are other alternative treatments available for the above-mentioned indication.</s>
<s id="s11.2">Second</s>
<s id="s12.1">generation fluoroquinolones such as ciprofloxacin, ofloxacin and levofloxacin show higher serum concentrations and a much better tissue distribution than norfloxacin.</s>
<s id="s13.1">- Complicated pyelonephritis can be treated orally or intravenously (according to local treatment</s>
<s id="s14.1">policy and diagnostic criteria used for defining complicated infection).</s>
<s id="s14.2">In case of oral treatment, second generation fluoroquinolones are superior to norfloxacin because they present higher serum and tissue levels.</s>
<s id="s14.3">The same objections are obviously valid for the oral treatment of uncomplicated pyelonephritis.</s>
<s id="s15.1">The referral procedure started on 20 September 2007.</s>
<s id="s15.2">The Rapporteur and Co-Rapporteur appointed were:</s>
<s id="s15.3">Dr.</s>
<s id="s15.4">Ondř ej Slanař and Dr.</s>
<s id="s15.5">Pieter Neels, respectively.</s>
<s id="s15.6">Written explanations were provided by the Marketing Authorisation Holder by 25 February and 20 June 2008.</s>
<s id="s15.7">Based on evaluation of the currently available data and the Rapporteurs’ assessment reports, the CHMP concluded that for oral formulations of norfloxacin containing medicinal products the benefit does not outweigh the risk in acute or chronic complicated pyelonephritis, and therefore adopted an opinion on 24 July 2008 recommending the variation of the Marketing Authorisations by removing the therapeutic indication “ acute and chronic complicated pyelonephritis” from the Product Information for the norfloxacin containing medicinal products taken orally.</s>
<s id="s16.1">The list of product names concerned is given in the Annex I.</s>
<s id="s16.2">The scientific conclusions are provided in the Annex II.</s>
<s id="s17.1">The final opinion was converted into a Decision by the European Commission on 19 November 2008.</s>
<s id="s18.1">* Notes:</s>
<s id="s18.2">The information given in this document and Annexes reflect only the CHMP Opinion dated 24 July 2008.</s>
<s id="s18.3">The Member States competent authorities will continue to keep the product under regular review.</s>
<s id="s19.1">7 Westferry Circus, Canary Wharf, London, E14 4HB, UK Tel.</s>
<s id="s19.2">(44-20) 74 18 84 00 Fax (44-20) 74 18 86 13 E-mail: mail@emea. europa. eu http: / /www. emea. europa. eu</s>
<s id="s20.1">© European Medicines Agency, 2009.</s>
<s id="s20.2">Reproduction is authorised provided the source is acknowledged.</s>
</body>
</letsmt>
