<?xml version="1.0" encoding="utf-8"?>
<letsmt version="1.0">
<head></head>
<body>
<s id="s1.1">ANNEX I</s>
<s id="s2.1">LIST OF THE NAMES, PHARMACEUTICAL FORMS, STRENGTHS OF THE MEDICINAL PRODUCTS, ROUTE OF ADMINISTRATION, AND MARKETING AUTHORISATION HOLDERS IN THE MEMBER STATES</s>
<s id="s3.1">1 Member State</s>
<s id="s4.1">Marketing Authorisation Holder</s>
<s id="s5.1">Invented name</s>
<s id="s6.1">Strength</s>
<s id="s7.1">Pharmaceutical Form</s>
<s id="s8.1">Route of administration</s>
<s id="s9.1">Austria</s>
<s id="s10.1">Stada Arzneimittel GmbH</s>
<s id="s11.1">Floxacin</s>
<s id="s12.1">400 mg - 400 mg</s>
<s id="s13.1">Film-coated tablet</s>
<s id="s14.1">Oral use</s>
<s id="s15.1">Heiligenstädter Straße 52/ 2/ 8 A-1190 Wien Austria</s>
<s id="s16.1">Filmtabletten</s>
<s id="s17.1">Austria</s>
<s id="s18.1">Merck Sharp &amp; Dohme GmbH Donau - City - Straße 6 A-1220 Wien Austria</s>
<s id="s19.1">Norfloxacin &quot;MSD&quot; - Filmtabletten</s>
<s id="s20.1">400 mg</s>
<s id="s21.1">Film-coated tablet</s>
<s id="s22.1">Oral use</s>
<s id="s23.1">Austria</s>
<s id="s24.1">Ratiopharm Arzneimittel Vertriebs-GmbH Albert-Schweitzer Gasse 3 A-1140 Wien Austria</s>
<s id="s25.1">Norfloxacin &quot;ratiopharm&quot; – 400 mg Filmtabletten</s>
<s id="s26.1">400 mg</s>
<s id="s27.1">Film-coated tablet</s>
<s id="s28.1">Oral use</s>
<s id="s29.1">Austria</s>
<s id="s30.1">Sandoz GmbH Biochemiestraße 10 A-6250 Kundl Austria</s>
<s id="s31.1">Norfloxacin Sandoz - 400 mg Filmtabletten</s>
<s id="s32.1">400 mg</s>
<s id="s33.1">Film-coated tablet</s>
<s id="s34.1">Oral use</s>
<s id="s35.1">Austria</s>
<s id="s36.1">Merck, Sharp &amp; Dohme GmbH Donau - City - Straße 6 A-1220 Wien Austria</s>
<s id="s37.1">Zoroxin - Filmtabletten</s>
<s id="s38.1">400 mg</s>
<s id="s39.1">Film-coated tablet</s>
<s id="s40.1">Oral use</s>
<s id="s41.1">Belgium</s>
<s id="s42.1">Merck, Sharp et Dohme Chaussée de Waterloo 1135, 1180 Bruxelles Belgium</s>
<s id="s43.1">Zoroxin</s>
<s id="s44.1">400 mg</s>
<s id="s45.1">Tablet</s>
<s id="s46.1">Oral use</s>
<s id="s47.1">Belgium</s>
<s id="s48.1">Docpharma N. V Ambachtenlaan 13H 3001 Heverlee Belgium</s>
<s id="s49.1">Docnorfloxa (ex:</s>
<s id="s49.2">Floxolone)</s>
<s id="s50.1">400 mg</s>
<s id="s51.1">Film-coated tablet</s>
<s id="s52.1">Oral use</s>
<s id="s53.1">Belgium</s>
<s id="s54.1">Socobom N. V Louizalaan 149 B24 1050 Brussel Belgium</s>
<s id="s55.1">Floxolone 400mg</s>
<s id="s56.1">400 mg</s>
<s id="s57.1">Film-coated tablet</s>
<s id="s58.1">Oral use</s>
<s id="s59.1">2 Member State</s>
<s id="s60.1">Marketing Authorisation Holder</s>
<s id="s61.1">Invented name</s>
<s id="s62.1">Strength</s>
<s id="s63.1">Pharmaceutical Form</s>
<s id="s64.1">Route of administration</s>
<s id="s65.1">Belgium</s>
<s id="s66.1">Ratiopharm Belgium S. A Rue St-Lambert 141 1200 Bruxelles Belgium</s>
<s id="s67.1">Norfloxacin – Ratiopharm 400</s>
<s id="s68.1">400 mg</s>
<s id="s69.1">Tablet</s>
<s id="s70.1">Oral use</s>
<s id="s71.1">Belgium</s>
<s id="s72.1">Eurogenerics Heizel Esplanade B22 1020 Brussel Belgium</s>
<s id="s73.1">Norfloxacine EG</s>
<s id="s74.1">400 mg</s>
<s id="s75.1">Film-coated tablet</s>
<s id="s76.1">Oral use</s>
<s id="s77.1">Belgium</s>
<s id="s78.1">Teva Generics Belgium NV Laarstraat 16 2610 Wilrijk Belgium</s>
<s id="s79.1">Norfloxacine Teva 400mg</s>
<s id="s80.1">400 mg</s>
<s id="s81.1">Coated tablets</s>
<s id="s82.1">Oral use</s>
<s id="s83.1">Bulgaria</s>
<s id="s84.1">Krka, d. d. Novo Mesto Smarjeka cesta 6 8501 Novo mesto Slovenia</s>
<s id="s85.1">Nolicin</s>
<s id="s86.1">400 mg</s>
<s id="s87.1">Film-coated tablet</s>
<s id="s88.1">Oral use</s>
<s id="s89.1">Bulgaria</s>
<s id="s90.1">Hexal AG Industriestrasse 25, D-83607 Holzkirchen, Germany</s>
<s id="s91.1">NorfloHexal</s>
<s id="s92.1">400 mg</s>
<s id="s93.1">Film-coated tablet</s>
<s id="s94.1">Oral use</s>
<s id="s95.1">Cyprus</s>
<s id="s96.1">Merck Sharp &amp; Dohme BV, Waarderweg 39, NL-2031 BN Haarlem, The Netherlands</s>
<s id="s97.1">Noroxin</s>
<s id="s98.1">400mg</s>
<s id="s99.1">Tablet</s>
<s id="s100.1">Oral use</s>
<s id="s101.1">Cyprus</s>
<s id="s102.1">Medochemie Ltd, P. O Box 51409 Lemesos Cyprus</s>
<s id="s103.1">Gyrablock</s>
<s id="s104.1">400mg</s>
<s id="s105.1">Tablet</s>
<s id="s106.1">Oral use</s>
<s id="s107.1">Cyprus</s>
<s id="s108.1">Remedica Ltd, P. O Box 51706 Lemesos Cyprus</s>
<s id="s109.1">Trizolin</s>
<s id="s110.1">400mg</s>
<s id="s111.1">Tablet</s>
<s id="s112.1">Oral use</s>
<s id="s113.1">3 Member State</s>
<s id="s114.1">Marketing Authorisation Holder</s>
<s id="s115.1">Invented name</s>
<s id="s116.1">Strength</s>
<s id="s117.1">Pharmaceutical Form</s>
<s id="s118.1">Route of administration</s>
<s id="s119.1">Czech Republic</s>
<s id="s120.1">Medochemie Ltd, Limassol Constantinoupoleos St.</s>
<s id="s120.2">1-10, P. O. Box 51409, CY-3505 Limassol Cyprus</s>
<s id="s121.1">Gyrablock 400</s>
<s id="s122.1">400 mg</s>
<s id="s123.1">Film-coated tablet</s>
<s id="s124.1">Oral use</s>
<s id="s125.1">Czech Republic</s>
<s id="s126.1">Krka, d. d., Novo mesto Š marješ ka cesta 6 8501 Novo mesto Slovenia</s>
<s id="s127.1">Nolicin</s>
<s id="s128.1">400mg</s>
<s id="s129.1">Coated tablet</s>
<s id="s130.1">Oral use</s>
<s id="s131.1">Czech Republic</s>
<s id="s132.1">Ratiopharm GmbH Graf-Arco-Strasse 3 D-89070 Ulm Germany</s>
<s id="s133.1">Norfloxacin- Ratiopharm 400 mg</s>
<s id="s134.1">400mg</s>
<s id="s135.1">Film-coated tablet</s>
<s id="s136.1">Oral use</s>
<s id="s137.1">Denmark</s>
<s id="s138.1">Tad Pharma GmbH Heinz-Lohmann Strasse 5, DE-27472, Cuxhaven Germany</s>
<s id="s139.1">Norflocux</s>
<s id="s140.1">400 mg</s>
<s id="s141.1">Film-coated tablet</s>
<s id="s142.1">Oral</s>
<s id="s143.1">Estonia</s>
<s id="s144.1">Krka, d. d.</s>
<s id="s144.2">Š marješ ka cesta 6 8501 Novo mesto Slovenia</s>
<s id="s145.1">Nolicin</s>
<s id="s146.1">400mg</s>
<s id="s147.1">Tablet</s>
<s id="s148.1">Oral use</s>
<s id="s149.1">Finland</s>
<s id="s150.1">Sandoz GmbH, Biochemiestrasse 10, 6250 Kundl, Austria</s>
<s id="s151.1">Norfloxacin Sandoz</s>
<s id="s152.1">200 mg</s>
<s id="s153.1">Film-coated tablet</s>
<s id="s154.1">Oral use</s>
<s id="s155.1">Finland</s>
<s id="s156.1">Sandoz GmbH, Biochemiestrasse 10, 6250 Kundl, Austria</s>
<s id="s157.1">Norfloxacin Sandoz</s>
<s id="s158.1">400 mg</s>
<s id="s159.1">Film-coated tablet</s>
<s id="s160.1">Oral use</s>
<s id="s161.1">Finland</s>
<s id="s162.1">Ratiopharm Oy, Vitikka 1 F, P. O Box 67, 02630 Espoo, Finland</s>
<s id="s163.1">Norfloxacin- Ratiopharm</s>
<s id="s164.1">400 mg</s>
<s id="s165.1">Film-coated tablet</s>
<s id="s166.1">Oral use</s>
<s id="s167.1">4 Member State</s>
<s id="s168.1">Marketing Authorisation Holder</s>
<s id="s169.1">Invented name</s>
<s id="s170.1">Strength</s>
<s id="s171.1">Pharmaceutical Form</s>
<s id="s172.1">Route of administration</s>
<s id="s173.1">France</s>
<s id="s174.1">Arrow Generiques 26 av Tony Garnier 69007 Lyon France</s>
<s id="s175.1">Norfloxacine Arrow</s>
<s id="s176.1">400 mg</s>
<s id="s177.1">Tablet</s>
<s id="s178.1">Oral use</s>
<s id="s179.1">France</s>
<s id="s180.1">Biogaran 15 Bd Charles de Gaulle 92700 Colombes France</s>
<s id="s181.1">Norfloxacine Biogaran</s>
<s id="s182.1">400 mg</s>
<s id="s183.1">Tablet</s>
<s id="s184.1">Oral use</s>
<s id="s185.1">France</s>
<s id="s186.1">EG Labo &quot;Le Quintet&quot; - bâtiment A 12, rue Danjou 92517 Boulogne Billancourt Cedex France</s>
<s id="s187.1">Norfloxacine EG</s>
<s id="s188.1">400 mg</s>
<s id="s189.1">Tablet</s>
<s id="s190.1">Oral use</s>
<s id="s191.1">France</s>
<s id="s192.1">Ivax Pharmaceuticals SAS 1 cours du triangle, Immeuble palatin 1 92936 Paris la Défense cedex France</s>
<s id="s193.1">Norfloxacine Ivax</s>
<s id="s194.1">400 mg</s>
<s id="s195.1">Tablet</s>
<s id="s196.1">Oral use</s>
<s id="s197.1">France</s>
<s id="s198.1">Merck Generiques 34, rue Saint-Romain 69359 Lyon Cedex 08 France</s>
<s id="s199.1">Norfloxacine Merck</s>
<s id="s200.1">400 mg</s>
<s id="s201.1">Tablet</s>
<s id="s202.1">Oral use</s>
<s id="s203.1">France</s>
<s id="s204.1">Laboratoire Qualimed 34, rue Saint-Romain 69008 Lyon France</s>
<s id="s205.1">Norfloxacine Qualimed</s>
<s id="s206.1">400 mg</s>
<s id="s207.1">Tablet</s>
<s id="s208.1">Oral use</s>
<s id="s209.1">France</s>
<s id="s210.1">Laboratoire RPG 4 place Louis Armand 75012 Paris France</s>
<s id="s211.1">Norfloxacine Ranbaxy</s>
<s id="s212.1">400 mg</s>
<s id="s213.1">Tablet</s>
<s id="s214.1">Oral use</s>
<s id="s215.1">5 Member State</s>
<s id="s216.1">Marketing Authorisation Holder</s>
<s id="s217.1">Invented name</s>
<s id="s218.1">Strength</s>
<s id="s219.1">Pharmaceutical Form</s>
<s id="s220.1">Route of administration</s>
<s id="s221.1">France</s>
<s id="s222.1">Ratiopharm GmbH Graf Arco Strasse 3 89079 Ulm Germany</s>
<s id="s223.1">Norfloxacine Ratiopharm</s>
<s id="s224.1">400 mg</s>
<s id="s225.1">Tablet</s>
<s id="s226.1">Oral use</s>
<s id="s227.1">France</s>
<s id="s228.1">Sandoz 49, avenue Georges Pompidou 92300 Levallois-Perret France</s>
<s id="s229.1">Norfloxacine Sandoz</s>
<s id="s230.1">400 mg</s>
<s id="s231.1">Tablet</s>
<s id="s232.1">Oral use</s>
<s id="s233.1">France</s>
<s id="s234.1">Socitété Teva Classics Le Palatin 1 1, cours du Triangle 92936 Paris la Défense Cedex France</s>
<s id="s235.1">Norfloxacine Teva</s>
<s id="s236.1">400 mg</s>
<s id="s237.1">Tablet</s>
<s id="s238.1">Oral use</s>
<s id="s239.1">France</s>
<s id="s240.1">Sanofi Aventis France 1/ 13, Bd Romain Rolland 75014 Paris France</s>
<s id="s241.1">Norfloxacine Winthrop</s>
<s id="s242.1">400 mg</s>
<s id="s243.1">Tablet</s>
<s id="s244.1">Oral use</s>
<s id="s245.1">France</s>
<s id="s246.1">Merck Sharp – Dohme Chibret 3 avenue Hoche 75114 Paris Cedex 08 France</s>
<s id="s247.1">Noroxine</s>
<s id="s248.1">400 mg</s>
<s id="s249.1">Tablet</s>
<s id="s250.1">Oral use</s>
<s id="s251.1">Germany</s>
<s id="s252.1">1 A Pharma GmbH Keltenring 1 + 3 D-82041 Oberhaching Germany</s>
<s id="s253.1">Norflox-1A Pharma</s>
<s id="s254.1">400 mg</s>
<s id="s255.1">Film-coated tablet</s>
<s id="s256.1">Oral use</s>
<s id="s257.1">Germany</s>
<s id="s258.1">AbZ-Pharma GmbH Dr.</s>
<s id="s258.2">Georg-Spohn-Str.</s>
<s id="s258.3">7 D-89143 Blaubeuren Germany</s>
<s id="s259.1">Norfloxacin AbZ 400mg Filmtabletten</s>
<s id="s260.1">400 mg</s>
<s id="s261.1">Film-coated tablet</s>
<s id="s262.1">Oral use</s>
<s id="s263.1">Germany</s>
<s id="s264.1">Aliud Pharma GmbH &amp; Co. KG Gottlieb-Daimler-Str.</s>
<s id="s264.2">19 D-89150 Laichingen</s>
<s id="s265.1">Norfloxacin AL 400 mg</s>
<s id="s266.1">400 mg</s>
<s id="s267.1">Film-coated tablet</s>
<s id="s268.1">Oral use</s>
<s id="s269.1">6 Member State</s>
<s id="s270.1">Marketing Authorisation Holder</s>
<s id="s271.1">Invented name</s>
<s id="s272.1">Strength</s>
<s id="s273.1">Pharmaceutical Form</s>
<s id="s274.1">Route of administration</s>
<s id="s275.1">Germany Germany</s>
<s id="s276.1">Apogepha Arzneimittel GmbH Kyffhäuserstr.</s>
<s id="s276.2">27 D-01309 Dresden Germany</s>
<s id="s277.1">Bactracid</s>
<s id="s278.1">400 mg</s>
<s id="s279.1">Film-coated tablet</s>
<s id="s280.1">Oral use</s>
<s id="s281.1">Germany</s>
<s id="s282.1">CT Arzneimittel GmbH</s>
<s id="s283.1">Norflox-CT</s>
<s id="s284.1">400 mg</s>
<s id="s285.1">400 mg</s>
<s id="s286.1">Film-coated tablet</s>
<s id="s287.1">Oral use</s>
<s id="s288.1">Lengeder Str.</s>
<s id="s288.2">42 a D-13407 Berlin Germany</s>
<s id="s289.1">Filmtabletten</s>
<s id="s290.1">Germany</s>
<s id="s291.1">Heumann Pharma GmbH &amp; Co. Generica. KG Südwestpark 50 D-90449 Nürnberg Germany</s>
<s id="s292.1">Norfloxacin Heumann 400 mg Filmtabletten</s>
<s id="s293.1">400 mg</s>
<s id="s294.1">Film-coated tablet</s>
<s id="s295.1">Oral use</s>
<s id="s296.1">Germany</s>
<s id="s297.1">Hexal AG Industriestr.</s>
<s id="s297.2">25 D-83607 Holzkirchen Germany</s>
<s id="s298.1">Norflohexal 400mg</s>
<s id="s299.1">400 mg</s>
<s id="s300.1">Film-coated tablet</s>
<s id="s301.1">Oral use</s>
<s id="s302.1">Germany</s>
<s id="s303.1">Ratiopharm GmbH Graf-Arco-Str.</s>
<s id="s303.2">3 D-89079 Ulm Germany</s>
<s id="s304.1">Norfloxacin- ratiopharm 400 mg</s>
<s id="s305.1">400 mg</s>
<s id="s306.1">Film-coated tablet</s>
<s id="s307.1">Oral use</s>
<s id="s308.1">Germany</s>
<s id="s309.1">Ruhrpharm AG Heidsieker Heide 114 D-33739 Bielefeld Germany</s>
<s id="s310.1">Norfluxx</s>
<s id="s311.1">400 mg</s>
<s id="s312.1">Film-coated tablet</s>
<s id="s313.1">Oral use</s>
<s id="s314.1">Germany</s>
<s id="s315.1">Sandoz Pharmaceuticals GmbH Raiffeisenstr.</s>
<s id="s315.2">11 D-83607 Holzkirchen Germany</s>
<s id="s316.1">Norflox-Sandoz 400 mg Filmtabletten</s>
<s id="s317.1">400 mg</s>
<s id="s318.1">Film-coated tablet</s>
<s id="s319.1">Oral use</s>
<s id="s320.1">Germany</s>
<s id="s321.1">Sandoz Pharmaceuticals GmbH Raiffeisenstr.</s>
<s id="s321.2">11 D-83607 Holzkirchen</s>
<s id="s322.1">Norflox-Sandoz 400mg</s>
<s id="s323.1">400 mg</s>
<s id="s324.1">Film-coated tablet</s>
<s id="s325.1">Oral use</s>
<s id="s326.1">7 Member State</s>
<s id="s327.1">Marketing Authorisation Holder</s>
<s id="s328.1">Invented name</s>
<s id="s329.1">Strength</s>
<s id="s330.1">Pharmaceutical Form</s>
<s id="s331.1">Route of administration</s>
<s id="s332.1">Germany Germany</s>
<s id="s333.1">Schwarz Pharma Deutschland GmbH Alfred-Nobel-Str.</s>
<s id="s333.2">10 D-40789 Monheim Germany</s>
<s id="s334.1">Firin</s>
<s id="s335.1">400 mg</s>
<s id="s336.1">Film-coated tablet</s>
<s id="s337.1">Oral use</s>
<s id="s338.1">Germany</s>
<s id="s339.1">Stada Arzneimittel AG Stadastr.</s>
<s id="s339.2">2-18 D-61118 Bad Vilbel Germany</s>
<s id="s340.1">Norfloxa Stadapharm 400 mg</s>
<s id="s341.1">400 mg</s>
<s id="s342.1">Film-coated tablet</s>
<s id="s343.1">Oral use</s>
<s id="s344.1">Germany</s>
<s id="s345.1">Stadapharm GmbH Stadastr.</s>
<s id="s345.2">2-18 D-61118 Bad Vilbel Germany</s>
<s id="s346.1">Norfloxacin Stada 400 mg</s>
<s id="s347.1">400 mg</s>
<s id="s348.1">Film-coated tablet</s>
<s id="s349.1">Oral use</s>
<s id="s350.1">Germany</s>
<s id="s351.1">TAD Pharma GmbH Heinz-Lohmann-Str.</s>
<s id="s351.2">5 D-27472 Cuxhaven Germany</s>
<s id="s352.1">Norflosal</s>
<s id="s353.1">400 mg</s>
<s id="s354.1">Film-coated tablet</s>
<s id="s355.1">Oral use</s>
<s id="s356.1">Germany</s>
<s id="s357.1">Teofarma S. R. L Via F. Iii Cervi 8 I-27010 Valle Salimbene (PV) Italy</s>
<s id="s358.1">Barazan</s>
<s id="s359.1">400 mg</s>
<s id="s360.1">Film-coated tablet</s>
<s id="s361.1">Oral use</s>
<s id="s362.1">Germany</s>
<s id="s363.1">Uropharm AG Erfurtstr.</s>
<s id="s363.2">64 D-53125 Bonn Germany</s>
<s id="s364.1">Norflox-Uropharm 400mg</s>
<s id="s365.1">400 mg</s>
<s id="s366.1">Film-coated tablet</s>
<s id="s367.1">Oral use</s>
<s id="s368.1">Greece</s>
<s id="s369.1">Anfarm Hellas A. E K.</s>
<s id="s369.2">Paleologou &amp; Perikleous 27, Halandri, 15232 Greece</s>
<s id="s370.1">Fluseminal</s>
<s id="s371.1">400 mg</s>
<s id="s372.1">Film-coated tablet</s>
<s id="s373.1">Oral use</s>
<s id="s374.1">Greece</s>
<s id="s375.1">Rafarm Aebe Korinthou 12, N.</s>
<s id="s375.2">Psychiko, 15451 Greece</s>
<s id="s376.1">Pistofil</s>
<s id="s377.1">400 mg</s>
<s id="s378.1">Coated tablet</s>
<s id="s379.1">Oral use</s>
<s id="s380.1">8 Member State</s>
<s id="s381.1">Marketing Authorisation Holder</s>
<s id="s382.1">Invented name</s>
<s id="s383.1">Strength</s>
<s id="s384.1">Pharmaceutical Form</s>
<s id="s385.1">Route of administration</s>
<s id="s386.1">Greece</s>
<s id="s387.1">Vianex S. A Tatoiou Street Nea Erythrea 14671 Greece</s>
<s id="s388.1">Norocin</s>
<s id="s389.1">400 mg</s>
<s id="s390.1">Film-coated tablet</s>
<s id="s391.1">Oral use</s>
<s id="s392.1">Greece</s>
<s id="s393.1">Bros Epe Avgis &amp; Gallinis 15, N.</s>
<s id="s393.2">Kifissia Greece</s>
<s id="s394.1">Constilax</s>
<s id="s395.1">400 mg</s>
<s id="s396.1">coated tablet</s>
<s id="s397.1">Oral use</s>
<s id="s398.1">Greece</s>
<s id="s399.1">Faran Abee Production and Trading Medicines Averof 19A, Athens, 10433 Greece</s>
<s id="s400.1">Sofasin</s>
<s id="s401.1">400 mg</s>
<s id="s402.1">Film-coated tablet</s>
<s id="s403.1">Oral use</s>
<s id="s404.1">Greece</s>
<s id="s405.1">Xrispa Alpha Farmaceuticals S. A 16th Km Marathonos Avenue Pallini 15344 Greece</s>
<s id="s406.1">Alenbit</s>
<s id="s407.1">400 mg</s>
<s id="s408.1">Coated tablet</s>
<s id="s409.1">Oral use</s>
<s id="s410.1">Greece</s>
<s id="s411.1">Vilco S. A Pefkon Street 121 N.</s>
<s id="s411.2">Irakleion 14122 Greece</s>
<s id="s412.1">Setanol</s>
<s id="s413.1">400 mg</s>
<s id="s414.1">Coated tablet</s>
<s id="s415.1">Oral use</s>
<s id="s416.1">Greece</s>
<s id="s417.1">Medicrom S. A 6 Km Markopoulo-Koropi Avenue Markopoulo Mesogeion 19003 Greece</s>
<s id="s418.1">Steinaclox- Medichrom</s>
<s id="s419.1">400 mg</s>
<s id="s420.1">Capsule</s>
<s id="s421.1">Oral use</s>
<s id="s422.1">Greece</s>
<s id="s423.1">Genepharm A. E 18th Km Marathonos Avenue, Pallini Attikis, 15351 Greece</s>
<s id="s424.1">Grenis</s>
<s id="s425.1">400 mg</s>
<s id="s426.1">Coated tablet</s>
<s id="s427.1">Oral use</s>
<s id="s428.1">Greece</s>
<s id="s429.1">Biospray Abee 18th Km Marathonos Avenue, Pallini, 15344 Greece</s>
<s id="s430.1">Sinobid</s>
<s id="s431.1">400 mg</s>
<s id="s432.1">Film-coated tablet</s>
<s id="s433.1">Oral use</s>
<s id="s434.1">9 Member State</s>
<s id="s435.1">Marketing Authorisation Holder</s>
<s id="s436.1">Invented name</s>
<s id="s437.1">Strength</s>
<s id="s438.1">Pharmaceutical Form</s>
<s id="s439.1">Route of administration</s>
<s id="s440.1">Greece</s>
<s id="s441.1">Specifar Abee 28th October Street No 1 Agia Barbara 12351 Greece</s>
<s id="s442.1">Urospes-N</s>
<s id="s443.1">400 mg</s>
<s id="s444.1">Film-coated tablet</s>
<s id="s445.1">Oral use</s>
<s id="s446.1">Greece</s>
<s id="s447.1">Coup Abee Agias Varvaras 53-55, Dafni, Athens, 17235 Greece</s>
<s id="s448.1">Lorcamin</s>
<s id="s449.1">400 mg</s>
<s id="s450.1">Coated tablet</s>
<s id="s451.1">Oral use</s>
<s id="s452.1">Greece</s>
<s id="s453.1">Viofar Epe Ethnikis Antistaseos &amp; Trifyllias, Aharnai, 13671 Greece</s>
<s id="s454.1">Vetamol</s>
<s id="s455.1">400 mg</s>
<s id="s456.1">Film-coated tablet</s>
<s id="s457.1">Oral use</s>
<s id="s458.1">Greece</s>
<s id="s459.1">Sandoz GmbH, Kundl, Austria Biochemiestrasse 10, A-6520, Kundl Austria</s>
<s id="s460.1">Urobacid</s>
<s id="s461.1">400 mg</s>
<s id="s462.1">Film-coated tablet</s>
<s id="s463.1">Oral use</s>
<s id="s464.1">Hungary</s>
<s id="s465.1">Krka Magyarország Kereskedelmi Kft 1036 Budapest, Pacsirtamező u.</s>
<s id="s465.2">5 Hungary</s>
<s id="s466.1">Nolicin</s>
<s id="s467.1">400mg</s>
<s id="s468.1">Tablet</s>
<s id="s469.1">Oral use</s>
<s id="s470.1">Hungary</s>
<s id="s471.1">Krka Magyarország Kereskedelmi Kft 1036 Budapest, Pacsirtamező u.</s>
<s id="s471.2">5 Hungary</s>
<s id="s472.1">Nolicin-S</s>
<s id="s473.1">400mg</s>
<s id="s474.1">Film-coated tablet</s>
<s id="s475.1">Oral use</s>
<s id="s476.1">Hungary</s>
<s id="s477.1">AC Helcor Hungary Kft 1131 Budapest, Madarász Viktor u.27 Hungary</s>
<s id="s478.1">Norfloxacin-Helcor</s>
<s id="s479.1">400mg</s>
<s id="s480.1">Film-coated tablet</s>
<s id="s481.1">Oral use</s>
<s id="s482.1">10 Member State</s>
<s id="s483.1">Marketing Authorisation Holder</s>
<s id="s484.1">Invented name</s>
<s id="s485.1">Strength</s>
<s id="s486.1">Pharmaceutical Form</s>
<s id="s487.1">Route of administration</s>
<s id="s488.1">Hungary</s>
<s id="s489.1">Ratiopharm Hungária Kft.</s>
<s id="s489.2">1145 Budapest Uzsoki u.</s>
<s id="s489.3">36/ a Hungary</s>
<s id="s490.1">Norfloxacin- Ratiopharm</s>
<s id="s491.1">400mg</s>
<s id="s492.1">Film-coated tablet</s>
<s id="s493.1">Oral use</s>
<s id="s494.1">Ireland</s>
<s id="s495.1">Tad Pharma GmbH, Heinz-Lohmann-Strasse 5 27472 Cuxhaven Germany</s>
<s id="s496.1">Norflocux 400</s>
<s id="s497.1">400mg</s>
<s id="s498.1">Tablet</s>
<s id="s499.1">Oral use</s>
<s id="s500.1">Italy</s>
<s id="s501.1">Sede legale:</s>
<s id="s501.2">ABC Farmaceutici S. p. A.</s>
<s id="s501.3">Corso Vittorio Emanuele II, 72 Torino Italy</s>
<s id="s502.1">Norfloxacina</s>
<s id="s503.1">400mg</s>
<s id="s504.1">Capsule</s>
<s id="s505.1">Oral use</s>
<s id="s506.1">Italy</s>
<s id="s507.1">Actavis Italy SpA V. Jose'Escrivia De Balaguer, 6 21047 Saronno (VA) Italy</s>
<s id="s508.1">Norfloxacina</s>
<s id="s509.1">400mg</s>
<s id="s510.1">Film-coated tablet</s>
<s id="s511.1">Oral use</s>
<s id="s512.1">Italy</s>
<s id="s513.1">Boniscontro &amp; Gazzone s. r. l.</s>
<s id="s513.2">Via Pavia, 6 20136 Milano Italy</s>
<s id="s514.1">Renoxacin</s>
<s id="s515.1">400mg</s>
<s id="s516.1">Film-coated tablet</s>
<s id="s517.1">Oral use</s>
<s id="s518.1">Italy</s>
<s id="s519.1">EG S. p. A.</s>
<s id="s519.2">Via Pavia 6, 20131 Milano Italy</s>
<s id="s520.1">Norfloxacina EG</s>
<s id="s521.1">400mg</s>
<s id="s522.1">Film-coated tablet</s>
<s id="s523.1">Oral use</s>
<s id="s524.1">Italy</s>
<s id="s525.1">Farmaceutici Caber S. p. A.</s>
<s id="s525.2">Viale Città d’ Europa 681 - 00144 Roma Italy</s>
<s id="s526.1">Flossac</s>
<s id="s527.1">400mg</s>
<s id="s528.1">Capsule</s>
<s id="s529.1">Oral use</s>
<s id="s530.1">Italy</s>
<s id="s531.1">GlaxoSmithKline S. p. A.</s>
<s id="s531.2">Via A.</s>
<s id="s531.3">Fleming 2 - 37135 Verona Italy</s>
<s id="s532.1">Sebercim</s>
<s id="s533.1">400mg</s>
<s id="s534.1">Tablet</s>
<s id="s535.1">Oral use</s>
<s id="s536.1">11 Member State</s>
<s id="s537.1">Marketing Authorisation Holder</s>
<s id="s538.1">Invented name</s>
<s id="s539.1">Strength</s>
<s id="s540.1">Pharmaceutical Form</s>
<s id="s541.1">Route of administration</s>
<s id="s542.1">Italy</s>
<s id="s543.1">Jet Generici s. r. l.</s>
<s id="s543.2">Via Mario Lalli, 8 - 56127 Pisa Italy</s>
<s id="s544.1">Norfloxacina</s>
<s id="s545.1">400mg</s>
<s id="s546.1">Capsule</s>
<s id="s547.1">Oral use</s>
<s id="s548.1">Italy</s>
<s id="s549.1">Sede legale:</s>
<s id="s549.2">Laboratori Alter s. r. l.</s>
<s id="s549.3">Via Egadi, 7 - 20144 Milano Italy</s>
<s id="s550.1">Norfloxacina</s>
<s id="s551.1">400mg</s>
<s id="s552.1">Film-coated tablet</s>
<s id="s553.1">Oral use</s>
<s id="s554.1">Italy</s>
<s id="s555.1">Merck Sharp &amp; Dohme S. p. A.</s>
<s id="s555.2">Via G.</s>
<s id="s555.3">Fabbroni, 6 - 00191 Roma Italy</s>
<s id="s556.1">Noroxin</s>
<s id="s557.1">400mg</s>
<s id="s558.1">Film-coated tablet</s>
<s id="s559.1">Oral use</s>
<s id="s560.1">Italy</s>
<s id="s561.1">Neopharmed S. p. A Via G.</s>
<s id="s561.2">Fabbroni, 6 - 00191 Roma Italy</s>
<s id="s562.1">Utinor</s>
<s id="s563.1">400mg</s>
<s id="s564.1">Film-coated tablet</s>
<s id="s565.1">Oral use</s>
<s id="s566.1">Italy</s>
<s id="s567.1">Pliva Pharma S. p. A. via Tranquillo Cremona, 10 – 20092 Cinisello Balsamo (MI) Italy</s>
<s id="s568.1">Norfloxacina</s>
<s id="s569.1">400mg</s>
<s id="s570.1">Film-coated tablet</s>
<s id="s571.1">Oral use</s>
<s id="s572.1">Italy</s>
<s id="s573.1">Sandoz S. p. A.</s>
<s id="s573.2">Largo Umberto Boccioni, 1 21040 – Origgio (VA) Italy</s>
<s id="s574.1">Norfloxacina Sandoz</s>
<s id="s575.1">400mg</s>
<s id="s576.1">Film-coated tablet</s>
<s id="s577.1">Oral use</s>
<s id="s578.1">Italy</s>
<s id="s579.1">So.</s>
<s id="s579.2">Se.</s>
<s id="s579.3">Pharm S. r. l.</s>
<s id="s579.4">Via dei Castelli Romani 22 - 00040 Pomezia (RM) Italy</s>
<s id="s580.1">Uticina</s>
<s id="s581.1">400mg</s>
<s id="s582.1">Film-coated tablet</s>
<s id="s583.1">Oral use</s>
<s id="s584.1">Italy</s>
<s id="s585.1">Tad Pharma Italia S. r. l. via Felice Casati, 16 – 20124 Milano Italy</s>
<s id="s586.1">Norfloxacina</s>
<s id="s587.1">400mg</s>
<s id="s588.1">Film-coated tablet</s>
<s id="s589.1">Oral use</s>
<s id="s590.1">12 Member State</s>
<s id="s591.1">Marketing Authorisation Holder</s>
<s id="s592.1">Invented name</s>
<s id="s593.1">Strength</s>
<s id="s594.1">Pharmaceutical Form</s>
<s id="s595.1">Route of administration</s>
<s id="s596.1">Italy</s>
<s id="s597.1">Francia Farmaceutici Industria Farmaco Biologica Srl - Via dei Pestagalli 7 Milano Italy</s>
<s id="s598.1">Diperflox</s>
<s id="s599.1">540mg of Norfloxacin pivaloil-oxy- methyl-ester as 400mg of Norfloxacin</s>
<s id="s600.1">Tablet</s>
<s id="s601.1">Oral use</s>
<s id="s602.1">Italy</s>
<s id="s603.1">Francia Farmaceutici Industria Farmaco Biologica Srl Via dei Pestagalli 7 Milano Italy</s>
<s id="s604.1">Diperflox</s>
<s id="s605.1">100ml contains 5,4g of Norfloxacin pivaloil-oxy- methyl-ester as 4,0g of Norfloxacin</s>
<s id="s606.1">Oral suspension</s>
<s id="s607.1">Oral use</s>
<s id="s608.1">Italy</s>
<s id="s609.1">Pliva Pharma S. p. A via Tranquillo Cremona, 10 – 20092 Cinisello Balsamo (MI) Italy</s>
<s id="s610.1">Norflox</s>
<s id="s611.1">540mg of Norfloxacin pivaloil-oxy- methyl-ester as 400mg of Norfloxacin</s>
<s id="s612.1">Tablet</s>
<s id="s613.1">Oral use</s>
<s id="s614.1">Italy</s>
<s id="s615.1">Pliva Pharma S. p. A. via Tranquillo Cremona, 10 – 20092 Cinisello Balsamo (MI) Italy</s>
<s id="s616.1">Norflox</s>
<s id="s617.1">100ml contains 5,4g of Norfloxacin pivaloil-oxy- methyl-ester as 4,0g of Norfloxacin</s>
<s id="s618.1">Oral suspension</s>
<s id="s619.1">Oral use</s>
<s id="s620.1">Latvia</s>
<s id="s621.1">Cipla (UK) Ltd Old Post House, Hithrow Road, Webbger Bridge, Surrey KT 138TS United Kingdom</s>
<s id="s622.1">Norflox</s>
<s id="s623.1">400 mg</s>
<s id="s624.1">Film-coated tablet</s>
<s id="s625.1">Oral use</s>
<s id="s626.1">13 Member State</s>
<s id="s627.1">Marketing Authorisation Holder</s>
<s id="s628.1">Invented name</s>
<s id="s629.1">Strength</s>
<s id="s630.1">Pharmaceutical Form</s>
<s id="s631.1">Route of administration</s>
<s id="s632.1">Latvia</s>
<s id="s633.1">Krka d. d.</s>
<s id="s633.2">Smarješ ka cesta 6, Sl-8501 Novo mesto Slovenia</s>
<s id="s634.1">Nolicin</s>
<s id="s635.1">400 mg</s>
<s id="s636.1">Film-coated tablet</s>
<s id="s637.1">Oral use</s>
<s id="s638.1">Latvia</s>
<s id="s639.1">Laboratorios Inkeysa S. A.</s>
<s id="s639.2">Juran XXIII, 15-19, 3a planta ES-08950, Esplugas de Llobregat, Barcelona Spain</s>
<s id="s640.1">Norflok</s>
<s id="s641.1">400 mg</s>
<s id="s642.1">Tablet</s>
<s id="s643.1">Oral use</s>
<s id="s644.1">Latvia</s>
<s id="s645.1">Ranbaxy (UK) Ltd., 20 Balderton Street, London W1K6TL United Kingdom</s>
<s id="s646.1">Norbactin</s>
<s id="s647.1">400 mg</s>
<s id="s648.1">Film-coated tablet</s>
<s id="s649.1">Oral use</s>
<s id="s650.1">Lithuania</s>
<s id="s651.1">Krka d. d., Novo mesto, Š marješ ka cesta 6, 8501 Novo mesto, Slovenia</s>
<s id="s652.1">Nolicin</s>
<s id="s653.1">400 mg</s>
<s id="s654.1">Film-coated tablet</s>
<s id="s655.1">Oral use</s>
<s id="s656.1">Lithuania</s>
<s id="s657.1">Ranbaxy (UK) Ltd.</s>
<s id="s657.2">C. P.</s>
<s id="s657.3">House, 97/ 107 Uxbridge Road, Ealing London W5 5TL, United Kingdom</s>
<s id="s658.1">Norbactin</s>
<s id="s659.1">400 mg</s>
<s id="s660.1">Film-coated tablet</s>
<s id="s661.1">Oral use</s>
<s id="s662.1">Luxembourg</s>
<s id="s663.1">Merck Sharp &amp; Dohme Chaussée de Waterloo 1135 B-1180 Bruxelles Belgium</s>
<s id="s664.1">Zoroxin</s>
<s id="s665.1">400mg</s>
<s id="s666.1">Tablet</s>
<s id="s667.1">Oral use</s>
<s id="s668.1">Luxembourg</s>
<s id="s669.1">Eurogenerics Esplanade Heysel, B.22 B-1020 Bruxelles Belgium</s>
<s id="s670.1">Norfloxacin - Eurogenerics</s>
<s id="s671.1">400mg</s>
<s id="s672.1">Tablet</s>
<s id="s673.1">Oral use</s>
<s id="s674.1">14 Member State</s>
<s id="s675.1">Marketing Authorisation Holder</s>
<s id="s676.1">Invented name</s>
<s id="s677.1">Strength</s>
<s id="s678.1">Pharmaceutical Form</s>
<s id="s679.1">Route of administration</s>
<s id="s680.1">Luxembourg</s>
<s id="s681.1">TAD Pharm.</s>
<s id="s681.2">Werk Heinz-Lohmann Str.</s>
<s id="s681.3">5 D-27472 Cuxhaven Germany</s>
<s id="s682.1">Norflosal</s>
<s id="s683.1">400mg</s>
<s id="s684.1">Tablet</s>
<s id="s685.1">Oral use</s>
<s id="s686.1">Malta</s>
<s id="s687.1">Merck, Sharp &amp; Dohme Hertford Road Hoddesdon Hertfordshire EN11 9BU United Kingdom</s>
<s id="s688.1">Utinor 400mg tablets</s>
<s id="s689.1">400mg</s>
<s id="s690.1">Tablet</s>
<s id="s691.1">Oral use</s>
<s id="s692.1">Malta</s>
<s id="s693.1">Anfarm Hellas S. A.</s>
<s id="s693.2">K Paleologou &amp; Perikleous 153 32 Halandri Athens Greece</s>
<s id="s694.1">Fluseminal 400mg tablets</s>
<s id="s695.1">400mg</s>
<s id="s696.1">Tablet</s>
<s id="s697.1">Oral use</s>
<s id="s698.1">The Netherlands</s>
<s id="s699.1">Ratiopharm Nederland BV, Ronde Tocht 11, 1507 CC Zaandam, The Netherlands</s>
<s id="s700.1">Norfloxacine ratiopharm 400 mg,</s>
<s id="s701.1">400 mg</s>
<s id="s702.1">Tablet</s>
<s id="s703.1">Oral use</s>
<s id="s704.1">The Netherlands</s>
<s id="s705.1">Centrafarm Services B. V.</s>
<s id="s705.2">Nieuwe Donk 9, 4879 AC Etten-Leur, The Netherlands</s>
<s id="s706.1">Norfloxacine CF 400 mg</s>
<s id="s707.1">400 mg</s>
<s id="s708.1">Film-coated tablet</s>
<s id="s709.1">Oral use</s>
<s id="s710.1">The Netherlands</s>
<s id="s711.1">Sandoz B. V., Veluwezoom 22, 1327 AH Almere, The Netherlands</s>
<s id="s712.1">Norfloxacine Sandoz tablet 400</s>
<s id="s713.1">400 mg</s>
<s id="s714.1">Film-coated tablet</s>
<s id="s715.1">Oral use</s>
<s id="s716.1">The Netherlands</s>
<s id="s717.1">Merck Generics BV, Dieselweg 25, 3752 LB Bunschoten, The Netherlands</s>
<s id="s718.1">Norfloxacine Merck 400 mg</s>
<s id="s719.1">400 mg</s>
<s id="s720.1">Film-coated tablet</s>
<s id="s721.1">Oral use</s>
<s id="s722.1">15 Member State</s>
<s id="s723.1">Marketing Authorisation Holder</s>
<s id="s724.1">Invented name</s>
<s id="s725.1">Strength</s>
<s id="s726.1">Pharmaceutical Form</s>
<s id="s727.1">Route of administration</s>
<s id="s728.1">Poland</s>
<s id="s729.1">Krka d. d., Novo mesto, Sł owenia, 8501, Novo Mesto, Smarjeska Cesta 6 Slovenia</s>
<s id="s730.1">Nolicin</s>
<s id="s731.1">400 mg</s>
<s id="s732.1">Tablet</s>
<s id="s733.1">Oral use</s>
<s id="s734.1">Poland</s>
<s id="s735.1">Pabianickie Zakł ady Farmaceutyczne Polfa S. A., ul. Marszał ka J.</s>
<s id="s735.2">Pił sudskiego 5 95-200 Pabianice Poland</s>
<s id="s736.1">Norsept</s>
<s id="s737.1">400 mg</s>
<s id="s738.1">Film-coated tablet</s>
<s id="s739.1">Oral use</s>
<s id="s740.1">Portugal</s>
<s id="s741.1">Labesfal - Laboratórios Almiro, S. A.</s>
<s id="s741.2">3465-051Campo de Besteiros, Portugal</s>
<s id="s742.1">Besflox</s>
<s id="s743.1">400 mg</s>
<s id="s744.1">Coated tablet</s>
<s id="s745.1">Oral use</s>
<s id="s746.1">Portugal</s>
<s id="s747.1">Cinfa Portugal, Lda.</s>
<s id="s747.2">Av.</s>
<s id="s747.3">Tomás Ribeiro, 43 - Bloco 2, 3º F – Edifício Neopark 2790-221 Carnaxide, Portugal</s>
<s id="s748.1">Norfloxacina Cinfa 400 mg Comprimidos</s>
<s id="s749.1">400 mg</s>
<s id="s750.1">Coated tablet</s>
<s id="s751.1">Oral use</s>
<s id="s752.1">Portugal</s>
<s id="s753.1">Ratiopharm - Comércio e Indústria de Produtos Farmacêuticos, Lda., Rua Quinta do Pinheiro – Edifício Tejo - 6º Piso, 2790-143 Carnaxide Portugal</s>
<s id="s754.1">Norfloxacina Ratiopharm 400 mg Comprimidos Revestidos</s>
<s id="s755.1">400 mg</s>
<s id="s756.1">Coated tablet</s>
<s id="s757.1">Oral use</s>
<s id="s758.1">Portugal</s>
<s id="s759.1">Merck Sharp &amp; Dohme, Lda., Quinta da Fonte Edifício Vasco da Gama, 19 - Porto Salvo, 2770-192 Paço d 'Arcos Portugal</s>
<s id="s760.1">Noroxin</s>
<s id="s761.1">400 mg</s>
<s id="s762.1">Film-coated tablet</s>
<s id="s763.1">Oral use</s>
<s id="s764.1">Portugal</s>
<s id="s765.1">Bialfar - Produtos Farmacêuticos, S. A., Av. da Siderurgia Nacional, P. O.</s>
<s id="s765.2">Box 56 4745-457 S.</s>
<s id="s765.3">Mamede do Coronado, Portugal</s>
<s id="s766.1">Uroflox</s>
<s id="s767.1">400 mg</s>
<s id="s768.1">Coated tablet</s>
<s id="s769.1">Oral use</s>
<s id="s770.1">16 Member State</s>
<s id="s771.1">Marketing Authorisation Holder</s>
<s id="s772.1">Invented name</s>
<s id="s773.1">Strength</s>
<s id="s774.1">Pharmaceutical Form</s>
<s id="s775.1">Route of administration</s>
<s id="s776.1">Romania</s>
<s id="s777.1">S. C AC Helcor S. R. L Str.</s>
<s id="s777.2">Victor Babes nr.50, Baia Mare, Jud Maramures, zip code; 430092 Romania</s>
<s id="s778.1">H-NORFLOXACIN 400mg</s>
<s id="s779.1">400mg</s>
<s id="s780.1">Film-coated tablets</s>
<s id="s781.1">Oral use</s>
<s id="s782.1">Romania</s>
<s id="s783.1">S. C Labormed-Pharma S. A Splaiul Independentei nr.</s>
<s id="s783.2">319E, sector 6, Bucharest, zip code:</s>
<s id="s783.3">060044 Romania</s>
<s id="s784.1">Norfloxacina LPH 400mg</s>
<s id="s785.1">400mg</s>
<s id="s786.1">Film-coated tablet</s>
<s id="s787.1">Oral use</s>
<s id="s788.1">Romania</s>
<s id="s789.1">Krka d. d Novo Mesto, Smarjeska cesta 6, 8501 Novo mesto, Slovenia</s>
<s id="s790.1">Nolicin 400mg</s>
<s id="s791.1">400mg</s>
<s id="s792.1">Film-coated tablet</s>
<s id="s793.1">Oral use</s>
<s id="s794.1">Romania</s>
<s id="s795.1">Ozone Laboratories Ltd, 38 Princes Court 88 Brompton Road, Knightsbridge, SW3 1ES London United Kingdom</s>
<s id="s796.1">Norfloxacin 400mg</s>
<s id="s797.1">400mg</s>
<s id="s798.1">Film-coated tablet</s>
<s id="s799.1">Oral use</s>
<s id="s800.1">Romania</s>
<s id="s801.1">Ozone Laboratories Ltd, 38 Princes Court, 88 Brompton Road, Knightsbridge, SW3 1ES London United Kingdom</s>
<s id="s802.1">Norfloxacin Ozone 400 mg</s>
<s id="s803.1">400mg</s>
<s id="s804.1">Film-coated tablet</s>
<s id="s805.1">Oral use</s>
<s id="s806.1">Romania</s>
<s id="s807.1">S. C Terapia S. A Str.</s>
<s id="s807.2">Fabricii nr.</s>
<s id="s807.3">124, Zip code:</s>
<s id="s807.4">400640 Cluj Napoca, România</s>
<s id="s808.1">Norfloxacina Terapia 400 mg</s>
<s id="s809.1">400mg</s>
<s id="s810.1">Film-coated tablet</s>
<s id="s811.1">Oral use</s>
<s id="s812.1">17 Member State</s>
<s id="s813.1">Marketing Authorisation Holder</s>
<s id="s814.1">Invented name</s>
<s id="s815.1">Strength</s>
<s id="s816.1">Pharmaceutical Form</s>
<s id="s817.1">Route of administration</s>
<s id="s818.1">Romania</s>
<s id="s819.1">S. C Laropharm S. R. L Ş oseaua Alexandriei nr.</s>
<s id="s819.2">145 A, Comuna Bragadiru, Zip code; 077025 Jud.</s>
<s id="s819.3">Ilfov, România</s>
<s id="s820.1">Norfloxacin 400 mg</s>
<s id="s821.1">400mg</s>
<s id="s822.1">Film-coated tablet</s>
<s id="s823.1">Oral use</s>
<s id="s824.1">Slovak Republic</s>
<s id="s825.1">Krka, d. d.</s>
<s id="s825.2">Novo mesto, Š marješ ka cesta 6, 8501 Novo mesto, Slovenia</s>
<s id="s826.1">Nolicin</s>
<s id="s827.1">400 mg</s>
<s id="s828.1">Film-coated tablet</s>
<s id="s829.1">Oral use</s>
<s id="s830.1">Slovak Republic</s>
<s id="s831.1">Medochemie Ltd.</s>
<s id="s831.2">P. O. Box 51409, Limassol, CY – 3505 Cyprus</s>
<s id="s832.1">Gyrablock 400 mg</s>
<s id="s833.1">400 mg</s>
<s id="s834.1">Film-coated tablet</s>
<s id="s835.1">Oral use</s>
<s id="s836.1">Slovenia</s>
<s id="s837.1">Krka, d. d.</s>
<s id="s837.2">Novo mesto, Š marješ ka cesta 6 8501 Novo mesto Slovenia</s>
<s id="s838.1">Nolicin filmsko oblož ene tablete 400 mg</s>
<s id="s839.1">400 mg</s>
<s id="s840.1">Film-coated tablet</s>
<s id="s841.1">Oral use</s>
<s id="s842.1">Spain</s>
<s id="s843.1">Sharp &amp; Dohme, S. A Josefa Valcárcel, 38 28027 Madrid Spain</s>
<s id="s844.1">Noroxin 400 mg comprimidos recubiertos con película</s>
<s id="s845.1">400 mg</s>
<s id="s846.1">Film-coated tablet</s>
<s id="s847.1">Oral use</s>
<s id="s848.1">Spain</s>
<s id="s849.1">VP Pharma Baru, S. L.</s>
<s id="s849.2">C/ Valle de Tobalina, 16 Nave 3, 28021 Madrid Spain</s>
<s id="s850.1">Xasmun 400 mg comprimidos</s>
<s id="s851.1">400 mg</s>
<s id="s852.1">Film-coated tablet</s>
<s id="s853.1">Oral use</s>
<s id="s854.1">Spain</s>
<s id="s855.1">Abbott Laboratories, S. A Avda. de Burgos, 91 28050 Madrid Spain</s>
<s id="s856.1">Baccidal</s>
<s id="s857.1">400 mg</s>
<s id="s858.1">Capsule</s>
<s id="s859.1">Oral use</s>
<s id="s860.1">18 Member State</s>
<s id="s861.1">Marketing Authorisation Holder</s>
<s id="s862.1">Invented name</s>
<s id="s863.1">Strength</s>
<s id="s864.1">Pharmaceutical Form</s>
<s id="s865.1">Route of administration</s>
<s id="s866.1">Spain</s>
<s id="s867.1">Sandoz Farmaceutica, S. A Avenida de Osa Mayor 4.</s>
<s id="s867.2">28023 Aravaca Madrid Spain</s>
<s id="s868.1">Nalion comprimidos</s>
<s id="s869.1">400 mg</s>
<s id="s870.1">Film-coated tablet</s>
<s id="s871.1">Oral use</s>
<s id="s872.1">Spain</s>
<s id="s873.1">Inkeysa, S. A, Juan XXIII, 15 - 19, 3ª planta, Esplugas de Llobregat, 08950 Spain</s>
<s id="s874.1">Norflok Comprimidos</s>
<s id="s875.1">400 mg</s>
<s id="s876.1">Film-coated tablet</s>
<s id="s877.1">Oral use</s>
<s id="s878.1">Spain</s>
<s id="s879.1">Biosarto, S. A Foc, 68-82, 08038 Barcelona, Spain</s>
<s id="s880.1">Senro cápsulas</s>
<s id="s881.1">400 mg</s>
<s id="s882.1">Capsule</s>
<s id="s883.1">Oral use</s>
<s id="s884.1">Spain</s>
<s id="s885.1">Almirall Prodesfarma S. A Ronda General Mitre, 151, 08022 Barcelona, Spain</s>
<s id="s886.1">Uroctal Comprimidos</s>
<s id="s887.1">400 mg</s>
<s id="s888.1">Film-coated tablet</s>
<s id="s889.1">Oral use</s>
<s id="s890.1">Spain</s>
<s id="s891.1">Alacan S. A Capricornio, 5, 03006 Alicante, Spain</s>
<s id="s892.1">Esclebin 400mg comprimidos recubiertos con película</s>
<s id="s893.1">400 mg</s>
<s id="s894.1">Film-coated tablet</s>
<s id="s895.1">Oral use</s>
<s id="s896.1">Spain</s>
<s id="s897.1">Quimifar, S. A Comadran, 37, 08210 Barbera del Valles, Spain</s>
<s id="s898.1">Amicrobin Capsulas</s>
<s id="s899.1">400 mg</s>
<s id="s900.1">Capsule</s>
<s id="s901.1">Oral use</s>
<s id="s902.1">Spain</s>
<s id="s903.1">Qualigen Avda, Barcelona, 69 08970 Sant Joan Despi Barcelona Spain</s>
<s id="s904.1">Norfloxacino Qualigen 400 mg comprimidos recubiertos con película</s>
<s id="s905.1">400mg</s>
<s id="s906.1">Film-coated tablet</s>
<s id="s907.1">Oral use</s>
<s id="s908.1">19 Member State</s>
<s id="s909.1">Marketing Authorisation Holder</s>
<s id="s910.1">Invented name</s>
<s id="s911.1">Strength</s>
<s id="s912.1">Pharmaceutical Form</s>
<s id="s913.1">Route of administration</s>
<s id="s914.1">Sweden</s>
<s id="s915.1">AstraZeneca AB 151 85 Södertälje Sweden</s>
<s id="s916.1">Lexinor</s>
<s id="s917.1">200 mg 400 mg</s>
<s id="s918.1">Film-coated tablet</s>
<s id="s919.1">Oral use</s>
<s id="s920.1">Sweden</s>
<s id="s921.1">Stada Arzneimittel Stadastrasse 2-18 DE-61118 Bad Vilbel Germany</s>
<s id="s922.1">Norfloxacin Stada</s>
<s id="s923.1">400 mg</s>
<s id="s924.1">Film-coated tablet</s>
<s id="s925.1">Oral use</s>
<s id="s926.1">Sweden</s>
<s id="s927.1">Sandoz GmbH Biochemiestrasse 10 AT-6250 Kundl Austria</s>
<s id="s928.1">Norfloxacin Sandoz</s>
<s id="s929.1">400 mg</s>
<s id="s930.1">Film-coated tablet</s>
<s id="s931.1">Oral use</s>
<s id="s932.1">Sweden</s>
<s id="s933.1">Recip AB Box 906 170 09 Solna Sweden</s>
<s id="s934.1">Norfloxacin AstraZeneca</s>
<s id="s935.1">200 mg 400 mg</s>
<s id="s936.1">Film-coated tablet</s>
<s id="s937.1">Oral use</s>
<s id="s938.1">Sweden</s>
<s id="s939.1">Alternova AB Vallgatan 11 170 67 Solna Sweden</s>
<s id="s940.1">Norfloxacin Alternova</s>
<s id="s941.1">200 mg 400 mg</s>
<s id="s942.1">Film-coated tablet</s>
<s id="s943.1">Oral use</s>
<s id="s944.1">Sweden</s>
<s id="s945.1">Krka Sverige AB Göta Ark 175 Medborgarplatsen 25 118 72 Stockholm Sweden</s>
<s id="s946.1">Norfloxacin Krka</s>
<s id="s947.1">200 mg 400 mg</s>
<s id="s948.1">Film-coated tablet</s>
<s id="s949.1">Oral use</s>
<s id="s950.1">United Kingdom</s>
<s id="s951.1">Merck Sharpe &amp; Dohme Limted, Hertford Road, Hoddesdon, Hertfordshire EN11 9BU.</s>
<s id="s951.2">United Kingdom</s>
<s id="s952.1">Utinor Tablets 400mg</s>
<s id="s953.1">400mg</s>
<s id="s954.1">Coated tablet</s>
<s id="s955.1">Oral Use</s>
<s id="s956.1">United Kingdom</s>
<s id="s957.1">TAD Pharma GmbH, Heinz-Lohmann-Strasse 5, Cuxhaven, D-27472 Germany</s>
<s id="s958.1">Norfloxacin 400mg Tablets</s>
<s id="s959.1">400mg</s>
<s id="s960.1">Coated tablet</s>
<s id="s961.1">Oral Use</s>
<s id="s962.1">20 Member State</s>
<s id="s963.1">Marketing Authorisation Holder</s>
<s id="s964.1">Invented name</s>
<s id="s965.1">Strength</s>
<s id="s966.1">Pharmaceutical Form</s>
<s id="s967.1">Route of administration</s>
<s id="s968.1">United Kingdom</s>
<s id="s969.1">TAD Pharma GmbH, Heinz-Lohmann-Strasse 5, Cuxhaven, D-27472 Germany</s>
<s id="s970.1">Norflocux</s>
<s id="s971.1">400mg</s>
<s id="s972.1">Coated tablet</s>
<s id="s973.1">Oral Use</s>
<s id="s974.1">United Kingdom</s>
<s id="s975.1">Ratiopharm GmbH, Graf-Arco-Strasse 3, D-89079 Ulm, Germany</s>
<s id="s976.1">Norfloxacin- Ratiopharm 400</s>
<s id="s977.1">400mg</s>
<s id="s978.1">Coated tablet</s>
<s id="s979.1">Oral Use</s>
<s id="s980.1">United Kingdom</s>
<s id="s981.1">Ratiopharm GmbH, Graf-Arco-Strasse 3, D-89079 Ulm, Germany</s>
<s id="s982.1">Norquin 400</s>
<s id="s983.1">400mg</s>
<s id="s984.1">Coated tablet</s>
<s id="s985.1">Oral Use</s>
<s id="s986.1">United Kingdom</s>
<s id="s987.1">Ratiopharm GmbH, Graf-Arco-Strasse 3, D-89079 Ulm, Germany</s>
<s id="s988.1">Norflocin 400</s>
<s id="s989.1">400mg</s>
<s id="s990.1">Coated tablet</s>
<s id="s991.1">Oral Use</s>
<s id="s992.1">21 ANNEX II</s>
<s id="s993.1">SCIENTIFIC CONCLUSIONS AND GROUNDS FOR THE REMOVAL OF THE THERAPEUTIC INDICATION “ ACUTE AND CHRONIC COMPLICATED PYELONEPHRITIS” PRESENTED BY THE EMEA SCIENTIFIC CONCLUSIONS</s>
<s id="s994.1">OVERALL SUMMARY OF THE SCIENTIFIC EVALUATION OF NORFLOXACIN CONTAINING MEDICINAL PRODUCTS (see Annex I)</s>
<s id="s995.1">Norfloxacin is a broad-spectrum, quinolone bactericidal agent indicated for the treatment of acute or chronic complicated or uncomplicated pyelonephritis due to susceptible organisms.</s>
<s id="s995.2">It is currently authorised in the EU under the different names referred in Annex I.</s>
<s id="s996.1">Belgium triggered a referral procedure on 14 September 2007 and requested the CHMP to give its opinion on whether the marketing authorisations for oral formulations of products containing norfloxacin in the treatment of acute or chronic complicated or uncomplicated pyelonephritis should be maintained, varied, suspended or withdrawn across the European Union following the re- assessment of norfloxacin benefit/ risk balance.</s>
<s id="s996.2">This request was based on the following reasons:</s>
<s id="s997.1">- Pyelonephritis is often associated with bacteraemia.</s>
<s id="s997.2">Norfloxacin containing medicinal products,</s>
<s id="s998.1">which are only available as an oral formulation, do not provide adequate serum levels for the treatment of concomitant bacteraemia.</s>
<s id="s999.1">- There are other alternative treatments available for the above-mentioned indication.</s>
<s id="s999.2">Second</s>
<s id="s1000.1">generation fluoroquinolones such as ciprofloxacin, ofloxacin and levofloxacin show higher serum concentrations and a much better tissue distribution than norfloxacin.</s>
<s id="s1001.1">- Complicated pyelonephritis can be treated orally or intravenously (according to local treatment</s>
<s id="s1002.1">policy and diagnostic criteria used for defining complicated infection).</s>
<s id="s1002.2">In case of oral treatment, second generation fluoroquinolones are superior to norfloxacin because they present higher serum and tissue levels.</s>
<s id="s1002.3">The same objections are obviously valid for the oral treatment of uncomplicated pyelonephritis.</s>
<s id="s1003.1">The referral procedure was then started on 20 September 2007.</s>
<s id="s1004.1">Efficacy</s>
<s id="s1005.1">Most of the Marketing Authorisation Holders (MAHs) involved in the referral did not provide any answer to the list of questions adopted by the CHMP in September 2007, when the procedure was initiated.</s>
<s id="s1005.2">The MAHs that answered to the questions were unable to provide unpublished scientific data, and some proposed to withdraw this indication, at the exception of 2 MAHs.</s>
<s id="s1006.1">As a response to CHMP, most of the MAHs proposed to withdraw the indication in question, while some MAHs chose to submit bibliographic data, because no unpublished data from clinical trials were available to them.</s>
<s id="s1007.1">The data submitted did not demonstrate that serum levels after oral treatment with norfloxacin are adequate for eradicating pathogens involved in bacteraemia associated with complicated pyelonephritis.</s>
<s id="s1007.2">Additionally, the relationship between the Pharmacokinetic and the Pharmacodynamic of orally administered norfloxacin in the treatment of complicated pyelonephritis was been established.</s>
<s id="s1007.3">The MAHs did not provide any relevant information showing comparison of tissue concentrations after oral treatment with norfloxacin, ciprofloxacin, ofloxacin and levofloxacin.</s>
<s id="s1007.4">It is though known that the second generation fluoroquinolones (ciprofloxacin, ofloxacin and levofloxacin) show higher serum concentrations and a more favourable tissue distribution than norfloxacin.</s>
<s id="s1008.1">Further to the discussion held in May 2008, the CHMP agreed that the second generation of fluoroquinolones result in higher serum concentrations than norfloxacin.</s>
<s id="s1008.2">However the CHMP requested a more detailed review of all relevant data specifically on resistance to common urinary pathogens and the possible consequences on the section 5.1 of the SPC before the final conclusion could be made, which lead to the adoption of a List of Outstanding Issues.</s>
<s id="s1009.1">Only 3 MAHs answered to this List of outstanding issues adopted in May 2008.</s>
<s id="s1009.2">Overall, the responses provided included bibliographical data and a proposal to update the section 5.1 of the SPC.</s>
<s id="s1009.3">None of the answer submitted in June 2008 could demonstrate the efficacy of the oral formulation of medicinal products containing norfloxacine in the treatment of acute and chronic complicated pyelonephritis.</s>
<s id="s1009.4">Therefore the CHMP remained of the opinion that this indication should be withdrawn.</s>
<s id="s1009.5">However the CHMP welcomed the idea to update the MIC breakpoints in section 5.1 of the SPC to include the clinical MIC breakpoints as defined by the European Committee on Antimicrobial Susceptibility Testing (EUCAST) in section 5.1 of the SPC as these breakpoints are not only related to the pathogens found in complicated pyelonephritis, but to common urinary pathogens found in other urinary indications.</s>
<s id="s1009.6">This could indeed be done through a type II variation at national level.</s>
<s id="s1010.1">Benefit/ risk</s>
<s id="s1011.1">Having considered the overall data provided in February and June 2008, the CHMP concluded that the marketing authorisations for the oral formulations of medicinal products containing norfloxacin, when used in the treatment of acute or chronic complicated pyelonephritis, should be withdrawn because the efficacy can no longer be demonstrated in this indication.</s>
<s id="s1012.1">The CHMP therefore concluded on 24 July 2008 that for oral norfloxacin containing medicinal products the benefit does not outweigh the risk in complicated pyelonephritis.</s>
<s id="s1012.2">Therefore, the CHMP recommended the removal of the therapeutic indication “ acute and chronic complicated pyelonephritis” for products containing norfloxacin throughout Europe.</s>
<s id="s1013.1">GROUNDS FOR THE REMOVAL OF THE THERAPEUTIC INDICATION “ ACUTE AND CHRONIC COMPLICATED PYELONEPHRITIS”</s>
<s id="s1014.1">Whereas • The Committee considered the referral made under article 31 of Directive 2001/ 83/ EC, as amended, for medicinal products containing norfloxacin;</s>
<s id="s1015.1">• The Committee considered that Marketing Authorisation Holders did not present data demonstrating that norfloxacin taken orally presents efficacy in the treatment of acute or chronic complicated pyelonephritis due to susceptible organisms;</s>
<s id="s1016.1">• The Committee concluded that the oral use of norfloxacin containing medicinal products in the treatment of acute or chronic complicated pyelonephritis due to susceptible organisms could no longer be supported; • The Committee, as a consequence, concluded that the benefit/ risk balance of oral norfloxacin containing medicinal products is negative in the above indication.</s>
<s id="s1017.1">The CHMP has recommended the removal of the therapeutic indication “ acute and chronic complicated pyelonephritis” for the medicinal products containing norfloxacin taken orally (referred to medicinal products listed in Annex I).</s>
</body>
</letsmt>
