<?xml version="1.0" encoding="utf-8"?>
<letsmt version="1.0">
<head></head>
<body>
<s id="s1.1">European Medicines Agency Evaluation of Medicines for Human Use</s>
<s id="s2.1">London, 11/ 10/ 2006 EMEA/ CHMP/ 423384/ 2006</s>
<s id="s3.1">ODBOR ZA ZDRAVILA ZA UPORABO V HUMANI MEDICINI (CHMP)</s>
<s id="s4.1">MNENJE V ZVEZI Z NAPOTITVIJO V SKLADU S ČLENOM 29( 2) 1 ZA</s>
<s id="s5.1">Doxastad 4 mg tablete s podaljšanim sproščanjem in povezana imena Mednarodno nelastniško ime (INN):</s>
<s id="s5.2">Doxazosin</s>
<s id="s6.1">OSNOVNE INFORMACIJE</s>
<s id="s7.1">Doxastad 4 mg tablete s podaljšanim sproščanjem in povezana imena (Doxazosin) vsebujejo snov, ki blokira receptor alfa 1 in se uporablja za zdravljenje bolnikov z esencialno hipertenzijo in simptomatično zdravljenje bolnikov z benigno hiperplazijo prostate.</s>
<s id="s7.2">Družba Stada Arzneimittel je podala vloge za medsebojno priznavanje zdravila Doxastad 4 mg tablete s podaljšanim sproščanjem in povezana imena na podlagi dovoljenja za promet z zdravilom, ki ga je izdala Švedska dne 4 julija 2004.</s>
<s id="s7.3">Postopek za medsebojno priznavanje se je začel 15. septembra 2005.</s>
<s id="s7.4">Zadevne države članice so bile Estonija, Latvija, Litva, Nizozemska, Španija in Združeno kraljestvo.</s>
<s id="s7.5">Omenjene države članice niso mogle doseči soglasja v zvezi z medsebojnim priznavanjem dovoljenja za promet z zdravilom, ki ga je izdala referenčna država članica.</s>
<s id="s7.6">Švedska je agenciji EMEA posredovala razloge za nesoglasje dne 3. marca 2006.</s>
<s id="s7.7">Namen napotitve je bil doseči soglasje o tem, ali se zdravilo Doxastad 4 mg tablete s podaljšanim sproščanjem, kar se tiče profila sproščanja, pomembno razlikuje od originatorjevega zdravila, in ali je možnost pojavov neželenih učinkov, kot so omotica in hipotenzija, morebiti povečana; nadalje ali so bile razlike v rezultatih iz študij 5208 in 1995 testnih serij pri enkratnem odmerjanju pomembne, ter končno ali se je vlagatelj oddaljil od smernic CHMP o načrtovanju bioekvivalenčnih raziskav, zlasti kar se tiče učinka, ki bi ga lahko imela hrana.</s>
<s id="s7.8">Arbitražni postopek se je začel 23. marca 2006.</s>
<s id="s7.9">CHMP je imenoval dr.</s>
<s id="s7.10">J. F. F.</s>
<s id="s7.11">Lekkerkerkerja (Nizozemska) za poročevalca in dr.</s>
<s id="s7.12">Hudsona (Združeno kraljestvo) za soporočevalca.</s>
<s id="s7.13">Imetnik dovoljenja za promet z zdravilom je predložil pisna pojasnila dne 6. aprila 2006, ustna pojasnila pa je podal dne 27. junija 2006.</s>
<s id="s7.14">Med svojim zasedanjem junija 2006 je CHMP na podlagi vseh posredovanih podatkov in znanstvene razprave v okviru Odbora, sprejel mnenje, da je razmerje med tveganji in koristmi za zdravilo Doxastad 4 mg tablete s podaljšanim sproščanjem in povezana imena ugodno, ter da podani ugovori ne bi smeli preprečiti podelitve dovoljenja za promet z zdravilom, ter da je treba Povzetek glavnih značilnosti zdravila, označevanje in Navodila za uporabo referenčne države članice dopolniti.</s>
<s id="s7.15">Pozitivno mnenje je bilo sprejeto 28. junija 2006.</s>
<s id="s7.16">Seznam zadevnih imen proizvodov je naveden v Dodatku I.</s>
<s id="s7.17">Znanstveni zaključki so podani v Dodatku II skupaj s Povzetkom glavnih značilnosti zdravila v Dodatku III.</s>
<s id="s7.18">Končno mnenje je bilo spremenjeno v Odločbo Evropske komisije dne 11/ 10/ 2006.</s>
<s id="s8.1">1 Člen 29( 2) Direktive 2001/ 83/ ES, kot je bila spremenjena.</s>
<s id="s8.2">7 Westferry Circus, Canary Wharf, London, E14 4HB, UK Tel.</s>
<s id="s8.3">(44- 20) 74 18 84 00 Fax (44- 20) 74 18 86 13 E- mail: mail@ emea. europa. eu http: // www. emea. europa. eu ©EMEA 2006 Reproduction and/ or distribution of this document is authorised for non commercial purposes only provided the EMEA is acknowledged</s>
</body>
</letsmt>
