<?xml version="1.0" encoding="utf-8"?>
<letsmt version="1.0">
<head></head>
<body>
<s id="s1.1">ANNEX I</s>
<s id="s2.1">NAME, PHARMACEUTICAL FORM, STRENGTH OF THE MEDICINAL PRODUCT, ANIMAL SPECIES, ROUTES OF ADMINISTRATION, AND MARKETING AUTHORISATION HOLDER / APPLICANT</s>
<s id="s3.1">1/ 16 Member State / Marketing Authorisation Number</s>
<s id="s4.1">Marketing Authorisation Holder</s>
<s id="s5.1">Product invented name</s>
<s id="s6.1">Pharmaceutical form</s>
<s id="s7.1">Strength / Active substance (INN)</s>
<s id="s8.1">Animal species</s>
<s id="s9.1">Therapeutic indication:</s>
<s id="s10.1">Recommended dose</s>
<s id="s11.1">Netherlands NL 10351</s>
<s id="s12.1">AST Beheer BV</s>
<s id="s13.1">Sulfatrim Oral Doser</s>
<s id="s14.1">Oral paste</s>
<s id="s15.1">Active substances per gram:</s>
<s id="s16.1">horses</s>
<s id="s17.1">Respiratory tract infections associated with Streptococcus spp. and Staphylococcus aureus; Gastrointestinal infections</s>
<s id="s18.1">5 mg trimethoprim and 25 mg sulfadiazine per kg body weight per day to a maximum of 5 days.</s>
<s id="s18.2">One syringe is intended for 600</s>
<s id="s19.1">Trimethoprim 66,7 mg Sulfadiazine 333,3 mg</s>
<s id="s20.1">associated with E.</s>
<s id="s20.2">Coli; Urogenital infections associated with beta-hemolytic streptococci; Wound infections and abscesses associated with Streptococcus spp. and Staphylococcus aureus.</s>
<s id="s21.1">kg bodyweight and each syringe is subdivided into 12 markings.</s>
<s id="s21.2">The equivalent of one marking is sufficient to treat 50 kg of bodyweight.</s>
<s id="s22.1">Netherlands NL 10437</s>
<s id="s23.1">AST Farma BV</s>
<s id="s24.1">Sultrisan Orale Paste voor paarden</s>
<s id="s25.1">Oral paste</s>
<s id="s26.1">Active substances per gram:</s>
<s id="s26.2">Trimethoprim 66,7 mg Sulfadiazine 333,3 mg</s>
<s id="s27.1">horses</s>
<s id="s28.1">Respiratory tract infections associated with Streptococcus spp. and Staphylococcus aureus; Gastrointestinal infections associated with E. coli; Urogenital infections associated with beta-hemolytic streptococci; Wound infections and abscesses associated with Streptococcus spp. and Staphylococcus aureus.</s>
<s id="s29.1">5 mg trimethoprim and 25 mg sulfadiazine per kg body weight per day to a maximum of 5 days.</s>
<s id="s29.2">One syringe is intended for 600 kg bodyweight and each syringe is subdivided into 12 markings.</s>
<s id="s29.3">The equivalent of one marking is sufficient to treat 50 kg of bodyweight.</s>
<s id="s30.1">Belgium 282IS20F7</s>
<s id="s31.1">Schering Plough N. V. / S. A.</s>
<s id="s31.2">(Belgium)</s>
<s id="s32.1">Tribrissen Oral Paste</s>
<s id="s33.1">Oral paste</s>
<s id="s34.1">Pro 100 g:</s>
<s id="s34.2">Trimethoprim 6,66 g Sulfadiazine 33,34 g</s>
<s id="s35.1">horses</s>
<s id="s36.1">Tribrissen Oral Paste is indicated for the treatment of horses with bacterial infections caused by sensitive bacteria, including: - gastro-intestinal infections - infections of respiratory tracts - infections of urogenital tracts</s>
<s id="s37.1">The dose is 30 mg/ kg body weight per day.</s>
<s id="s37.2">The dose is reached by setting the drive screw on the plunger according to the weight of the horse.</s>
<s id="s37.3">Each unit on the scale on the plunger provides sufficient</s>
<s id="s38.1">2/ 16 Member State / Marketing Authorisation Number</s>
<s id="s39.1">Marketing Authorisation Holder</s>
<s id="s40.1">Product invented name</s>
<s id="s41.1">Pharmaceutical form</s>
<s id="s42.1">Strength / Active substance (INN)</s>
<s id="s43.1">Animal species</s>
<s id="s44.1">Therapeutic indication:</s>
<s id="s45.1">Recommended dose</s>
<s id="s46.1">- wound infections and cellulitis - salmonellosis</s>
<s id="s47.1">paste for 50 kg body weight.</s>
<s id="s48.1">- as profylacticum for post- operative infections</s>
<s id="s49.1">For horses, the following dosages can be applied according to the nature and seriousness of the ailment: − Gastro-intestinal infections:</s>
<s id="s49.2">30 mg/ kg/ day over 2 applications of 15 mg/ kg body weight/ day or 1 application of 30 mg/ kg/ day, during minimal 5 days or until 2 days after the symptoms have disappeared. − Serious acute infections outside of the intestinal tracts (respiratory-urinal tracts): first an injection of Tribrissen 48% or Duoprim, followed by a daily administration of Tribrissen Oral Paste at 30mg/ kg/ day over 2 applications of 15 mg/ kg body weight/ day or 1 administrations of 30 mg/ kg/ day, during minimal 5 days or until 2 days after the symptoms have disappeared.</s>
<s id="s50.1">3/ 16 Member State / Marketing Authorisation Number</s>
<s id="s51.1">Marketing Authorisation Holder</s>
<s id="s52.1">Product invented name</s>
<s id="s53.1">Pharmaceutical form</s>
<s id="s54.1">Strength / Active substance (INN)</s>
<s id="s55.1">Animal species</s>
<s id="s56.1">Therapeutic indication:</s>
<s id="s57.1">Recommended dose</s>
<s id="s58.1">− Infections of the genital tracts.</s>
<s id="s58.2">Next to an oral treatment during 5 days or until 2 days after the symptoms have disappeared, an intra-uterine treatment will be administered with 10 ml Tribrissen 48%, diluted in an isotonic solution of 100 ml during 3 days. − Wound infections.</s>
<s id="s58.3">Next to an oral treatment during 5 days or until 2 days after the symptoms have disappeared, a local treatment with Tribrissen Dispersible Powder will be administered.</s>
<s id="s58.4">For the treatment of Salmonellosis, it is necessary to administer a double dose at 60 mg/ kg/ day.</s>
<s id="s58.5">This dose needs to be administered in 2 times.</s>
<s id="s58.6">The treatment must be given during 10 days.</s>
<s id="s59.1">Netherlands NL 5055</s>
<s id="s60.1">Schering Plough N. V.</s>
<s id="s60.2">(Belgium)</s>
<s id="s61.1">Tribrissen Oral Paste</s>
<s id="s62.1">Oral paste</s>
<s id="s63.1">Per 30 mg paste:</s>
<s id="s63.2">Sulfadiazine 10 mg</s>
<s id="s64.1">horses</s>
<s id="s65.1">-- respiratory infections caused by Streptococcus spp., Staphylococcus aureus; - gastro-intestinal infections caused by E. coli;</s>
<s id="s66.1">25 mg sulfadiazine and 5 mg trimethoprim per kg BW per day, during max.</s>
<s id="s66.2">5 days</s>
<s id="s67.1">4/ 16 Member State / Marketing Authorisation Number</s>
<s id="s68.1">Marketing Authorisation Holder</s>
<s id="s69.1">Product invented name</s>
<s id="s70.1">Pharmaceutical form</s>
<s id="s71.1">Strength / Active substance (INN)</s>
<s id="s72.1">Animal species</s>
<s id="s73.1">Therapeutic indication:</s>
<s id="s74.1">Recommended dose</s>
<s id="s75.1">Trimethoprim 2 mg</s>
<s id="s76.1">- urogenital infections caused by bèta-haemolytic streptococci; - wounds and abscesses by Streptococcus spp., Staphylococcus aureus.</s>
<s id="s77.1">Sweden 10893</s>
<s id="s78.1">Schering- Plough A/ S (Denmark)</s>
<s id="s79.1">Tribrissen vet</s>
<s id="s80.1">Oral paste</s>
<s id="s81.1">Sulfadiazine 333 mg Trimethoprim 67 mg</s>
<s id="s82.1">horses</s>
<s id="s83.1">Bacterial infections, for instance infections in wounds, respiratory tract, GI-tract or urogenital system.</s>
<s id="s84.1">30 mg of combined active ingredients per kg bodyweight 1-2 times daily, which correspond to 37.5 g paste (one tube) per os to a 500 kg horse 1- 2 times daily.</s>
<s id="s84.2">Preferably, horses should be treated with an initial injection of Tribrissen Injection, followed by administration of oral paste during 5 days or until no symptoms have been seen for at least 2 days.</s>
<s id="s84.3">Treated animals should have free access to water.</s>
<s id="s85.1">Iceland MTnr 880040</s>
<s id="s86.1">Schering Plough A/ S (Denmark)</s>
<s id="s87.1">Tribrissen vet</s>
<s id="s88.1">Oral paste</s>
<s id="s89.1">Sulfadiazine 333 mg/ g Trimethoprim 67 mg/ g</s>
<s id="s90.1">horses</s>
<s id="s91.1">Bacterial infections, for instance infections in wounds, respiratory tract, GI-tract or urogenital system.</s>
<s id="s92.1">30 mg of combined active ingredients per kg bodyweight 1-2 times daily, which correspond to 37.5 g paste (one tube) per os to a 500 kg horse 1- 2 times daily.</s>
<s id="s92.2">Preferably, horses should be treated with an initial injection of Tribrissen Injection, followed by administration of oral paste during 5 days or until no symptoms have been seen for</s>
<s id="s93.1">5/ 16 Member State / Marketing Authorisation Number</s>
<s id="s94.1">Marketing Authorisation Holder</s>
<s id="s95.1">Product invented name</s>
<s id="s96.1">Pharmaceutical form</s>
<s id="s97.1">Strength / Active substance (INN)</s>
<s id="s98.1">Animal species</s>
<s id="s99.1">Therapeutic indication:</s>
<s id="s100.1">Recommended dose</s>
<s id="s101.1">at least 2 days.</s>
<s id="s101.2">Treated animals should have free access to water.</s>
<s id="s102.1">UK Vm 00201/ 4064</s>
<s id="s103.1">Schering- Plough Limited (UK)</s>
<s id="s104.1">Tribrissen Oral Paste</s>
<s id="s105.1">Oral paste</s>
<s id="s106.1">Active constituents %w/ w:</s>
<s id="s107.1">horses</s>
<s id="s108.1">The product is recommended for 30mg the treatment of bacterial diseases in horses including: - Alimentary tract infections.</s>
<s id="s109.1">of combined active ingredients per kg bodyweight daily.</s>
<s id="s109.2">This dose is provided by adjusting the screw-gauge on</s>
<s id="s110.1">Sulfadiazine 33.3 Trimethoprim</s>
<s id="s111.1">- Upper and lower respiratory tract infections, including strangles.</s>
<s id="s112.1">the plunger of the syringe according to the bodyweight of the horse.</s>
<s id="s112.2">Each division on the</s>
<s id="s113.1">6.7</s>
<s id="s114.1">- Infected wounds and cellulitis. plunger provides sufficient - Salmonellosis. paste to medicate 50 kg - Antibacterial medication in bodyweight.</s>
<s id="s114.2">Each syringe surgical cases where asepsis provides a daily dose for a 500 cannot be guaranteed. kg horse.</s>
<s id="s115.1">The dose may be administered once daily, or the daily dose may be divided and administered at 12 hourly intervals, for five days or until two days after symptoms have subsided, to a maximum of five days.</s>
<s id="s116.1">Ireland VPA 10277/ 41/ 1</s>
<s id="s117.1">Schering- Plough Limited (UK)</s>
<s id="s118.1">Tribrissen Oral Paste</s>
<s id="s119.1">Oral paste</s>
<s id="s120.1">Each gram contains:</s>
<s id="s120.2">Sulfadiazine 333 mg Trimethoprim 67 mg</s>
<s id="s121.1">horses</s>
<s id="s122.1">The product is recommended for 30mg of combined active the treatment of bacterial diseases ingredients per kg bodyweight in horses including: daily.</s>
<s id="s122.2">This dose is provided by - Alimentary tract infections. adjusting the screw-gauge on - Upper and lower respiratory the plunger of the syringe tract infections, including according to the bodyweight of strangles. the horse.</s>
<s id="s122.3">Each division on the</s>
<s id="s123.1">6/ 16 Member State / Marketing Authorisation Number</s>
<s id="s124.1">Marketing Authorisation Holder</s>
<s id="s125.1">Product invented name</s>
<s id="s126.1">Pharmaceutical form</s>
<s id="s127.1">Strength / Active substance (INN)</s>
<s id="s128.1">Animal species</s>
<s id="s129.1">Therapeutic indication:</s>
<s id="s130.1">Recommended dose</s>
<s id="s131.1">- Infected wounds and cellulitis. - Salmonellosis. - Antibacterial medication in surgical cases where asepsis cannot be guaranteed.</s>
<s id="s132.1">plunger provides sufficient paste to medicate 50 kg bodyweight.</s>
<s id="s132.2">Each syringe provides a daily dose for a 500 kg horse.</s>
<s id="s133.1">The dose may be administered once daily, or the daily dose may be divided and administered at 12 hourly intervals, for five days or until two days after symptoms have subsided, to a maximum of five days.</s>
<s id="s134.1">Preferably, horses should be treated initially with an initial injection of Tribrissen Injection 48% or Trivetrin Injection followed by daily administration of Tribrissen Oral Paste.</s>
<s id="s135.1">For the treatment of salmonellosis, it is necessary to give double the above dose rate, i. e.</s>
<s id="s135.2">60 mg of combined active ingredients per kg bodyweight per day.</s>
<s id="s135.3">This should be given as two equally divided doses per day.</s>
<s id="s135.4">Treatment should be</s>
<s id="s136.1">7/ 16 Member State / Marketing Authorisation Number</s>
<s id="s137.1">Marketing Authorisation Holder</s>
<s id="s138.1">Product invented name</s>
<s id="s139.1">Pharmaceutical form</s>
<s id="s140.1">Strength / Active substance (INN)</s>
<s id="s141.1">Animal species</s>
<s id="s142.1">Therapeutic indication:</s>
<s id="s143.1">Recommended dose</s>
<s id="s144.1">continued for at least ten days.</s>
<s id="s145.1">Denmark 18146</s>
<s id="s146.1">ScanVet Animal Health A/ S</s>
<s id="s147.1">Norodine Vet Oral Paste</s>
<s id="s148.1">Oral paste</s>
<s id="s149.1">Trimethoprim 58 mg/ g Sulfadiazine 288,3 mg/ g</s>
<s id="s150.1">horses</s>
<s id="s151.1">Infections in horses caused by micro-organisms sensitive to trimethoprim + sulphonamide</s>
<s id="s152.1">The paste is presented in a syringe of plastic with the dose to treat 50 kg of horse.</s>
<s id="s152.2">The daily dose is 30 mg combined active ingredients per kg body weight the equivalent to the contents of one syringe for a 500 kg horse</s>
<s id="s153.1">Ireland VPA 10999/ 23/ 1</s>
<s id="s154.1">Norbrook Laboratories Ltd.</s>
<s id="s155.1">Norodine Equine Oral Paste</s>
<s id="s156.1">Oral paste</s>
<s id="s157.1">Each 4.31g dose contains:</s>
<s id="s157.2">Trimethoprim 5.8 %w/ w Sulfadiazine 28.83 %w/ w</s>
<s id="s158.1">horses</s>
<s id="s159.1">Norodine Equine Paste is indicated in the treatment of bacterial infections In horses caused by sensitive micro- organisms including: - Escherichia coli - Staphylococcus spp. - Streptococcus spp.</s>
<s id="s160.1">The daily dose is 30 mg of combined actives per kg bodyweight by oral administration.</s>
<s id="s160.2">Treatment should be continued until 2 days after symptoms have resolved, up to a maximum of 5 days.</s>
<s id="s161.1">Norway 96-1182</s>
<s id="s162.1">ScanVet Animal Health AS</s>
<s id="s163.1">Norodine Vet Oralpasta</s>
<s id="s164.1">Oral paste</s>
<s id="s165.1">1 g contains:</s>
<s id="s165.2">Trimethoprim 58,00 mg, sulfadiazine 288,30 mg</s>
<s id="s166.1">horses</s>
<s id="s167.1">Infections in horses caused by micro-organisms sensitive to trimethoprim + sulphonamide</s>
<s id="s168.1">The equivalent of one syringe is to treat 50 kg of body weight, from 50 kg to 500 kg.</s>
<s id="s168.2">The daily dose is 0.09 g oral paste (5 mg trimetoprim + 25 mg sulfadiazin) per kg body weight.</s>
<s id="s168.3">This is equivalent to the contents of one syringe for a 500 kg horse.</s>
<s id="s169.1">Sweden 10966</s>
<s id="s170.1">Norbrook Laboratories Ltd.</s>
<s id="s171.1">Hippotrim Vet</s>
<s id="s172.1">Oral paste</s>
<s id="s173.1">1 g contain:</s>
<s id="s173.2">Sulfadiazine 288.3 mg</s>
<s id="s174.1">horses</s>
<s id="s175.1">Infections in horses caused by micro-organisms sensitive to trimetoprim + sulphonamide, e. g. infections in the airways, GI-</s>
<s id="s176.1">45g/ 500 kg horse alternatively 52g / 600kg (equal to 30 mg/ kg of the combined active substances) 1-2 times a day.</s>
<s id="s176.2">The</s>
<s id="s177.1">8/ 16 Member State / Marketing Authorisation Number</s>
<s id="s178.1">Marketing Authorisation Holder</s>
<s id="s179.1">Product invented name</s>
<s id="s180.1">Pharmaceutical form</s>
<s id="s181.1">Strength / Active substance (INN)</s>
<s id="s182.1">Animal species</s>
<s id="s183.1">Therapeutic indication:</s>
<s id="s184.1">Recommended dose</s>
<s id="s185.1">Trimethoprim 58.0 mg</s>
<s id="s186.1">tract, urogenital-tract and wound infections.</s>
<s id="s187.1">treatment should continue in 5 days or until 2 days with no symptoms have passed.</s>
<s id="s187.2">The dosing-device is graded and each grade equals a dose for 50 kg bodyweight.</s>
<s id="s188.1">United Kingdom Vm 02000/ 4098</s>
<s id="s189.1">Norbrook Laboratories Ltd.</s>
<s id="s190.1">Norodine Equine Paste</s>
<s id="s191.1">Oral paste</s>
<s id="s192.1">Each 45 g syringe contains:</s>
<s id="s193.1">horses</s>
<s id="s194.1">Infections in horses caused by micro-organisms sensitive to trimetoprim + sulphonamide, e. g. infections in the airways, GI-</s>
<s id="s195.1">The daily dose is 30 mg of combined actives per kg bodyweight by oral administration.</s>
<s id="s195.2">Treatment</s>
<s id="s196.1">Trimethoprim 2.6g and Sulfadiazine 13.0g</s>
<s id="s197.1">tract, urogenital-tract and wound infections.</s>
<s id="s198.1">should be continued for up to 5 days or until 2 days after symptoms have resolved.</s>
<s id="s198.2">Each syringe provides one daily dose for a 500 kg horse.</s>
<s id="s198.3">Each division on the dial-a-dose plunger provides sufficient product to treat 50 kg of bodyweight.</s>
<s id="s199.1">United Kingdom Vm 00015/ 4028</s>
<s id="s200.1">Boehringer Ingelheim Ltd.</s>
<s id="s201.1">Equitrim Equine Oral Paste</s>
<s id="s202.1">Oral paste</s>
<s id="s203.1">Trimethoprim 5.78%w/ w Sulfadiazine 28.89% w/ w</s>
<s id="s204.1">horses</s>
<s id="s205.1">Treatment of bacterial infections in horses caused by sensitive microorganisms including:</s>
<s id="s205.2">Escherichia coli, Staphylococcus spp., Streptococcus spp.</s>
<s id="s205.3">The product may be effective in alimentary tract infection such as diarrhoea; respiratory infections including pneumonia, pleurisy, strangles; wounds, septicaemia and general infections.</s>
<s id="s206.1">The daily dose is 30 mg combined active ingredients per kg body weight.</s>
<s id="s206.2">Each syringe contains one daily dose for a 500 kg horse.</s>
<s id="s206.3">Each division the dial-a-dose plunger provides sufficient medication to treat 50 kg of body weight.</s>
<s id="s206.4">Treatment should be continued for up to 5 days or until 2 days after symptoms have resolved,</s>
<s id="s207.1">9/ 16 Member State / Marketing Authorisation Number</s>
<s id="s208.1">Marketing Authorisation Holder</s>
<s id="s209.1">Product invented name</s>
<s id="s210.1">Pharmaceutical form</s>
<s id="s211.1">Strength / Active substance (INN)</s>
<s id="s212.1">Animal species</s>
<s id="s213.1">Therapeutic indication:</s>
<s id="s214.1">Recommended dose</s>
<s id="s215.1">up to a maximum of 5 days.</s>
<s id="s216.1">United Kingdom</s>
<s id="s217.1">Fort Dodge Animal Health</s>
<s id="s218.1">Duphatrim Equine Formula</s>
<s id="s219.1">Oral paste</s>
<s id="s220.1">Each 45g syringe contains:</s>
<s id="s221.1">horses</s>
<s id="s222.1">The product is indicated in the treatment of bacterial infections in horses caused by sensitive micro-organisms including:</s>
<s id="s223.1">The daily dose is 30mg of combined actives per kg bodyweight by oral administration.</s>
<s id="s223.2">Treatment</s>
<s id="s224.1">Trimetophrim 2.6g and Sulphadiazine 13g</s>
<s id="s225.1">Escherichia coli Corynebacterium equi Staphylococcus spp.</s>
<s id="s225.2">Streptococcus spp.</s>
<s id="s225.3">When sensitive organisms are present, the combination may be effective in treating alimentary tract infections including diarrhoea; respiratory tract infections including pneumonia, pleurisy and strangles; wounds; septicaemia and general infections.</s>
<s id="s226.1">should be continued for up to 5 days or until 2 days after the symptoms have resolved.</s>
<s id="s226.2">Each syringe provides one daily dose for a 500 kg horse.</s>
<s id="s227.1">10/ 16 ANNEX II</s>
<s id="s228.1">SCIENTIFIC CONCLUSIONS</s>
<s id="s229.1">11/ 16 SCIENTIFIC CONCLUSIONS</s>
<s id="s230.1">1.</s>
<s id="s230.2">Introduction and background</s>
<s id="s231.1">On 11 July 2007, France presented to the EMEA a referral of TRIBRISSEN ORAL PASTE FOR HORSES (including associated names) and authorised products for which this product served as a reference product, under Article 35 of Directive 2001/ 82/ EC, as amended.</s>
<s id="s232.1">France requested CVMP to consider the therapeutic scheme of these veterinary medicinal products and to indicate if the administration of the product once daily is considered appropriate in terms of efficacy and potential selection of antimicrobial resistant bacteria.</s>
<s id="s232.2">France also requested CVMP to consider the consequences for the withdrawal period and ecotoxicity assessment in case the therapeutic scheme should be modified and the posology or the frequency of administration increased.</s>
<s id="s232.3">France stated that these matters are of community interest because animal and human health concerns are at stake.</s>
<s id="s233.1">CVMP decided not to review the ecotoxicity, as this was considered not applicable in the framework of the procedure.</s>
<s id="s234.1">On 12 July 2007 CVMP sent a list of questions to all marketing authorisation holders.</s>
<s id="s234.2">Responses were received by 16 October 2007.</s>
<s id="s235.1">The marketing authorisations for Tribrissen (Denmark), Tribrissen vet oraalipasta (Finland), Tribrissen vet Oralpasta til hest (Norway) were withdrawn during the referral procedure at the request of the marketing authorisation holder.</s>
<s id="s235.2">Oriprim vet oral powder (Finland) was excluded from the scope of this referral procedure based on the fact that its pharmaceutical form is different from Tribrissen Oral Paste for Horses.</s>
<s id="s236.1">The aim of the assessment was to establish whether marketing authorisations of veterinary medicinal products included in the referral procedure should be maintained, suspended, varied or revoked with view to the grounds for referral.</s>
<s id="s236.2">Since the procedure concerns a range of products, the assessment has been limited to specific parts of the authorisations in accordance with Article 35(2) of Directive 2001/ 82/ EC, as amended.</s>
<s id="s237.1">2.</s>
<s id="s237.2">Discussion</s>
<s id="s238.1">2.1 Questions put to the Marketing Authorisation Holder</s>
<s id="s239.1">CVMP requested the Marketing Authorisation Holder of each product:</s>
<s id="s239.2">1.</s>
<s id="s239.3">To provide for each country of the European Economic Area (EEA) where the product is authorised from the dossier submitted: a.</s>
<s id="s239.4">Part I Summary of the dossier, including the Summary of Product Characteristics (SPC), the expert reports and the quantitative and qualitative composition of the product; b.</s>
<s id="s239.5">If applicable, Part IV Efficacy information, including information on pharmacokinetics, pharmacodynamics and anti-microbial resistance data.</s>
<s id="s239.6">Pivotal documents, including the SPC, should be presented in English.</s>
<s id="s239.7">2.</s>
<s id="s239.8">Where the product is authorised in more than one Member State, to detail differences that exist between dossiers with respect to the information as requested.</s>
<s id="s239.9">3.</s>
<s id="s239.10">To provide the Periodic Safety Update Reports for the last 3 years.</s>
<s id="s239.11">4.</s>
<s id="s239.12">To justify the recommended dose for each of the indications claimed in relation to efficacy and potential selection of antimicrobial resistant bacteria.</s>
<s id="s239.13">5.</s>
<s id="s239.14">To justify the withdrawal period, in case the recommended dose should increase.</s>
<s id="s240.1">12/ 16 2.2 Documentation provided</s>
<s id="s241.1">For the submission of responses Schering-Plough Limited (UK) represented Schering-Plough NV/ SA (Belgium), Schering-Plough A/ S (Denmark), AST Beheer BV and AST Farma BV.</s>
<s id="s241.2">Norbrook Laboratories Limited represented Scanvet Animal Health A/ S.</s>
<s id="s241.3">Boehringer-Ingelheim Limited and Fort Dodge Animal Health responded separately.</s>
<s id="s242.1">CVMP received SPCs, a master reference dossier on residues and withdrawal periods, residue studies, efficacy data and periodic safety update reports, an expert statement on the efficacy including reference papers, pharmacokinetic data, antimicrobial resistance information and MIC/ resistance data.</s>
<s id="s243.1">2.3 Periodic Safety Update Reports</s>
<s id="s244.1">According to the PSURs, covering more than 3 years of use, safety is consistent with the details of the SPCs.</s>
<s id="s244.2">There is no indication that necessitates a new safety assessment.</s>
<s id="s245.1">The information provided does not cover the entire sales, but most products are included and the period covered by the PSURs is longer than requested.</s>
<s id="s245.2">According to the PSURs there are neither reports on lack of efficacy nor any other adverse reactions which would require change of the SPCs as regards safety instructions or the dose of 30 mg/ kg body weight (bw) per day.</s>
<s id="s246.1">2.4 Antimicrobial resistance development and justification of recommended dose</s>
<s id="s247.1">On antimicrobial resistance development, no data are available that support the potential selection of resistant bacteria due to the use of TMP/ SDZ in horses.</s>
<s id="s247.2">However, horses are treated individually and considered of relatively little importance as food producing species.</s>
<s id="s247.3">Thus, the risk of transmission of zoonotic pathogens to humans is considered rather low.</s>
<s id="s247.4">It is noted that there are no reports (PSURs) on lack of efficacy or developing resistance following use of TMP/ SDZ in horses.</s>
<s id="s248.1">Regarding the recommended dose, PK/ PD-analysis is of limited value, considering that:</s>
<s id="s249.1">- recent data on susceptibility and resistance of equine target pathogens are missing;</s>
<s id="s250.1">- pharmacokinetic data do not allow proper comparison of the plasma concentration profiles in the</s>
<s id="s251.1">horse over the dosing intervals and the entire treatment period depending on a once or twice daily dosing regimen.</s>
<s id="s251.2">At most, it indicates that a daily dose of 2 X 30 mg/ kg may be necessary when pathogens involved in the disease are less susceptible to TMP/ SDZ.</s>
<s id="s251.3">However, the data are not enough to clearly differentiate between the susceptibility of pathogens since no breakpoints are established for potentiated sulphonamides in equine infections.</s>
<s id="s251.4">Moreover, there are no clinical studies in pathogens others than Salmonella employing a daily dose of 2 X 30 mg/ kg body weight.</s>
<s id="s251.5">Therefore, it is not possible to recommend explicitly diseases or bacterial species for which the higher (2 X 30 mg/ kg bw) or the lower dose (1 X 30 mg/ kg bw) is appropriate.</s>
<s id="s252.1">It is noted that a daily dose of 2 X 15 mg/ kg bw is recommended in several SPCs.</s>
<s id="s252.2">Taking into account the results of the clinical studies, pharmacokinetic properties of TMP/ SDZ and practical aspects of twice daily dosing, once daily dosing of 30mg/ kg bw should be recommended.</s>
<s id="s253.1">The clinical studies presented for the treatment of salmonellosis, applying a daily dose of 2 X 30 mg/ kg bw to be administered over 10 days are exceedingly poor (few animals, poor results).</s>
<s id="s253.2">The indication salmonellosis has therefore not been substantiated.</s>
<s id="s254.1">Some products include the recommendation to base treatment on susceptibility testing.</s>
<s id="s254.2">It is recommended to implement the standard sentence “ Use of the product should be based on susceptibility testing and take into account official and local antimicrobial policies ” in section 4.5 of the SPC for all products.</s>
<s id="s255.1">13/ 16 In conclusion, considering the reasons and recommendations mentioned above, the dose of 1 X 30 mg/ kg bw per day to be administered over a maximum period of 5 days has been substantiated.</s>
<s id="s256.1">2.5 Justification of the withdrawal period</s>
<s id="s257.1">Considering the grounds for referral, assessment of the withdrawal period is only consequential to an increment of the recommended dose.</s>
<s id="s257.2">Since no increase to the dose is recommended, no change to the withdrawal period is required.</s>
<s id="s258.1">3.</s>
<s id="s258.2">Conclusion</s>
<s id="s259.1">Having considered the grounds for referral and the responses provided by the Marketing Authorisation Holder, the CVMP concludes that there is no documented evidence from the field of problems relating to lack of efficacy or any change in the resistance situation of the relevant target pathogens that would constitute a concern relating to animal or human health.</s>
<s id="s259.2">Therefore, the CVMP recommends maintaining the dose of 1 X 30 mg/ kg body weight per day to be administered over a maximum period of 5 days.</s>
<s id="s260.1">A twice daily dosing of 15 mg/ kg body weight is not recommended and should be deleted.</s>
<s id="s261.1">Indication salmonellosis has not been substantiated.</s>
<s id="s261.2">It is therefore recommended to delete this indication.</s>
<s id="s262.1">It is recommended to implement the standard sentence “ Use of the product should be based on susceptibility testing and take into account official and local antimicrobial policies ” in section 4.5 of the relevant SPCs.</s>
<s id="s263.1">Since no increase to the dose is recommended, no change to the withdrawal period is anticipated.</s>
<s id="s264.1">14/ 16 ANNEX III</s>
<s id="s265.1">AMENDMENTS TO THE SUMMARY OF PRODUCT CHARACTERISTICS</s>
<s id="s266.1">15/ 16 Amendments to be included in the relevant sections of the SPC:</s>
<s id="s267.1">4.2.</s>
<s id="s267.2">Indications for use, specifying the target species</s>
<s id="s268.1">Delete, where applicable, salmonellosis from the indications.</s>
<s id="s269.1">4.5.</s>
<s id="s269.2">Special precautions for use</s>
<s id="s270.1">Include the following standard sentence:</s>
<s id="s271.1">“ Use of the product should be based on susceptibility testing and take into account official and local antimicrobial policies”.</s>
<s id="s272.1">4.9.</s>
<s id="s272.2">Amounts to be administered and administration route</s>
<s id="s273.1">Delete, where applicable, the dose of 2 X 15 mg/ kg body weight per day.</s>
<s id="s274.1">16/ 16</s>
</body>
</letsmt>
