<?xml version="1.0" encoding="utf-8"?>
<text>
<p id="1">
<s id="s1.1">
 <w id="w1.1.1">European</w> 
 <w id="w1.1.2">Medicines</w> 
 <w id="w1.1.3">Agency</w>
</s></p>

<p id="2">
<s id="s2.1">
 <w id="w2.1.1">EMEA/</w>
 <w id="w2.1.2">H/</w>
 <w id="w2.1.3">C/</w>
 <w id="w2.1.4">891</w>
</s></p>

<p id="3">
<s id="s3.1">
 <w id="w3.1.1">EVROPSKO</w> 
 <w id="w3.1.2">JAVNO</w> 
 <w id="w3.1.3">POROČILO</w> 
 <w id="w3.1.4">O</w> 
 <w id="w3.1.5">OCENI</w> 
 <w id="w3.1.6">ZDRAVILA</w> 
 <w id="w3.1.7">(</w>
 <w id="w3.1.8">EPAR</w>
 <w id="w3.1.9">)</w>
</s></p>

<p id="4">
<s id="s4.1">
 <w id="w4.1.1">DORIBAX</w>
</s></p>

<p id="5">
<s id="s5.1">
 <w id="w5.1.1">Povzetek</w> 
 <w id="w5.1.2">Evropskega</w> 
 <w id="w5.1.3">javnega</w> 
 <w id="w5.1.4">poročila</w> 
 <w id="w5.1.5">o</w> 
 <w id="w5.1.6">oceni</w> 
 <w id="w5.1.7">zdravila</w> 
 <w id="w5.1.8">za</w> 
 <w id="w5.1.9">javnost</w>
</s></p>

<p id="6">
<s id="s6.1">
 <w id="w6.1.1">Ta</w> 
 <w id="w6.1.2">dokument</w> 
 <w id="w6.1.3">je</w> 
 <w id="w6.1.4">povzetek</w> 
 <w id="w6.1.5">evropskega</w> 
 <w id="w6.1.6">javnega</w> 
 <w id="w6.1.7">poročila</w> 
 <w id="w6.1.8">o</w> 
 <w id="w6.1.9">oceni</w> 
 <w id="w6.1.10">zdravila</w> 
 <w id="w6.1.11">(</w>
 <w id="w6.1.12">EPAR</w>
 <w id="w6.1.13">)</w>
 <w id="w6.1.14">.</w>
</s> 
 
<s id="s6.2">
 <w id="w6.2.1">Pojasnjuje</w>
 <w id="w6.2.2">,</w> 
 <w id="w6.2.3">kako</w> 
 <w id="w6.2.4">je</w> 
 <w id="w6.2.5">Odbor</w> 
 <w id="w6.2.6">za</w> 
 <w id="w6.2.7">zdravila</w> 
 <w id="w6.2.8">za</w> 
 <w id="w6.2.9">uporabo</w> 
 <w id="w6.2.10">v</w> 
 <w id="w6.2.11">humani</w> 
 <w id="w6.2.12">medicini</w> 
 <w id="w6.2.13">(</w>
 <w id="w6.2.14">CHMP</w>
 <w id="w6.2.15">)</w> 
 <w id="w6.2.16">ocenil</w> 
 <w id="w6.2.17">opravljene</w> 
 <w id="w6.2.18">študije</w>
 <w id="w6.2.19">,</w> 
 <w id="w6.2.20">na</w> 
 <w id="w6.2.21">podlagi</w> 
 <w id="w6.2.22">katerih</w> 
 <w id="w6.2.23">je</w> 
 <w id="w6.2.24">oblikoval</w> 
 <w id="w6.2.25">priporočila</w> 
 <w id="w6.2.26">glede</w> 
 <w id="w6.2.27">uporabe</w> 
 <w id="w6.2.28">zdravila</w>
 <w id="w6.2.29">.</w>
</s> 
 
<s id="s6.3">
 <w id="w6.3.1">Če</w> 
 <w id="w6.3.2">potrebujete</w> 
 <w id="w6.3.3">več</w> 
 <w id="w6.3.4">informacij</w> 
 <w id="w6.3.5">o</w> 
 <w id="w6.3.6">svojem</w> 
 <w id="w6.3.7">zdravstvenem</w> 
 <w id="w6.3.8">stanju</w> 
 <w id="w6.3.9">ali</w> 
 <w id="w6.3.10">zdravljenju</w>
 <w id="w6.3.11">,</w> 
 <w id="w6.3.12">preberite</w> 
 <w id="w6.3.13">navodilo</w> 
 <w id="w6.3.14">za</w> 
 <w id="w6.3.15">uporabo</w> 
 <w id="w6.3.16">(</w>
 <w id="w6.3.17">ki</w> 
 <w id="w6.3.18">je</w> 
 <w id="w6.3.19">prav</w> 
 <w id="w6.3.20">tako</w> 
 <w id="w6.3.21">del</w> 
 <w id="w6.3.22">Evropskega</w> 
 <w id="w6.3.23">javnega</w> 
 <w id="w6.3.24">poročila</w> 
 <w id="w6.3.25">o</w> 
 <w id="w6.3.26">oceni</w> 
 <w id="w6.3.27">zdravila</w>
 <w id="w6.3.28">)</w> 
 <w id="w6.3.29">ali</w> 
 <w id="w6.3.30">se</w> 
 <w id="w6.3.31">posvetujte</w> 
 <w id="w6.3.32">s</w> 
 <w id="w6.3.33">svojim</w> 
 <w id="w6.3.34">zdravnikom</w> 
 <w id="w6.3.35">ali</w> 
 <w id="w6.3.36">farmacevtom</w>
 <w id="w6.3.37">.</w>
</s> 
 
<s id="s6.4">
 <w id="w6.4.1">Če</w> 
 <w id="w6.4.2">želite</w> 
 <w id="w6.4.3">več</w> 
 <w id="w6.4.4">informacij</w>
 <w id="w6.4.5">,</w> 
 <w id="w6.4.6">ki</w> 
 <w id="w6.4.7">temeljijo</w> 
 <w id="w6.4.8">na</w> 
 <w id="w6.4.9">priporočilih</w> 
 <w id="w6.4.10">Odbora</w> 
 <w id="w6.4.11">za</w> 
 <w id="w6.4.12">zdravila</w> 
 <w id="w6.4.13">za</w> 
 <w id="w6.4.14">uporabo</w> 
 <w id="w6.4.15">v</w> 
 <w id="w6.4.16">humani</w> 
 <w id="w6.4.17">medicini</w>
 <w id="w6.4.18">,</w> 
 <w id="w6.4.19">preberite</w> 
 <w id="w6.4.20">znanstveno</w> 
 <w id="w6.4.21">razpravo</w> 
 <w id="w6.4.22">(</w>
 <w id="w6.4.23">ki</w> 
 <w id="w6.4.24">je</w> 
 <w id="w6.4.25">prav</w> 
 <w id="w6.4.26">tako</w> 
 <w id="w6.4.27">del</w> 
 <w id="w6.4.28">Evropskega</w> 
 <w id="w6.4.29">javnega</w> 
 <w id="w6.4.30">poročila</w> 
 <w id="w6.4.31">o</w> 
 <w id="w6.4.32">oceni</w> 
 <w id="w6.4.33">zdravila</w>
 <w id="w6.4.34">)</w>
 <w id="w6.4.35">.</w>
</s></p>

<p id="7">
<s id="s7.1">
 <w id="w7.1.1">Kaj</w> 
 <w id="w7.1.2">je</w> 
 <w id="w7.1.3">zdravilo</w> 
 <w id="w7.1.4">Doribax</w>
 <w id="w7.1.5">?</w>
</s> 
 
<s id="s7.2">
 <w id="w7.2.1">Zdravilo</w> 
 <w id="w7.2.2">Doribax</w> 
 <w id="w7.2.3">je</w> 
 <w id="w7.2.4">zdravilo</w>
 <w id="w7.2.5">,</w> 
 <w id="w7.2.6">ki</w> 
 <w id="w7.2.7">vsebuje</w> 
 <w id="w7.2.8">zdravilno</w> 
 <w id="w7.2.9">učinkovino</w> 
 <w id="w7.2.10">doripenem</w>
 <w id="w7.2.11">.</w>
</s> 
 
<s id="s7.3">
 <w id="w7.3.1">Na</w> 
 <w id="w7.3.2">voljo</w> 
 <w id="w7.3.3">je</w> 
 <w id="w7.3.4">v</w> 
 <w id="w7.3.5">obliki</w> 
 <w id="w7.3.6">praška</w> 
 <w id="w7.3.7">za</w> 
 <w id="w7.3.8">pripravo</w> 
 <w id="w7.3.9">raztopine</w> 
 <w id="w7.3.10">za</w> 
 <w id="w7.3.11">infuzijo</w> 
 <w id="w7.3.12">(</w>
 <w id="w7.3.13">dajanje</w> 
 <w id="w7.3.14">v</w> 
 <w id="w7.3.15">veno</w>
 <w id="w7.3.16">)</w>
 <w id="w7.3.17">.</w>
</s></p>

<p id="8">
<s id="s8.1">
 <w id="w8.1.1">Zakaj</w> 
 <w id="w8.1.2">se</w> 
 <w id="w8.1.3">zdravilo</w> 
 <w id="w8.1.4">Doribax</w> 
 <w id="w8.1.5">uporablja</w>
 <w id="w8.1.6">?</w>
</s> 
 
<s id="s8.2">
 <w id="w8.2.1">Zdravilo</w> 
 <w id="w8.2.2">Doribax</w> 
 <w id="w8.2.3">je</w> 
 <w id="w8.2.4">antibiotik</w>
 <w id="w8.2.5">.</w>
</s> 
 
<s id="s8.3">
 <w id="w8.3.1">Uporablja</w> 
 <w id="w8.3.2">se</w> 
 <w id="w8.3.3">za</w> 
 <w id="w8.3.4">zdravljenje</w> 
 <w id="w8.3.5">naslednjih</w> 
 <w id="w8.3.6">okužb</w> 
 <w id="w8.3.7">pri</w> 
 <w id="w8.3.8">odraslih</w>
 <w id="w8.3.9">:</w> 
 <w id="w8.3.10">•</w> 
 <w id="w8.3.11">Nozokomialna</w> 
 <w id="w8.3.12">ali</w> 
 <w id="w8.3.13">bolnišnična</w> 
 <w id="w8.3.14">pljučnica</w> 
 <w id="w8.3.15">(</w>
 <w id="w8.3.16">pljučna</w> 
 <w id="w8.3.17">infekcija</w>
 <w id="w8.3.18">)</w>
 <w id="w8.3.19">.</w>
</s> 
 
<s id="s8.4">
 <w id="w8.4.1">„</w>
 <w id="w8.4.2">Nozokomialna</w>
 <w id="w8.4.3">“</w> 
 <w id="w8.4.4">pomeni</w>
 <w id="w8.4.5">,</w> 
 <w id="w8.4.6">da</w> 
 <w id="w8.4.7">je</w> 
 <w id="w8.4.8">do</w>     
 <w id="w8.4.9">okužbe</w> 
 <w id="w8.4.10">prišlo</w> 
 <w id="w8.4.11">v</w> 
 <w id="w8.4.12">bolnišnici</w>
 <w id="w8.4.13">,</w> 
 <w id="w8.4.14">vključno</w> 
 <w id="w8.4.15">s</w> 
 <w id="w8.4.16">pljučnico</w> 
 <w id="w8.4.17">povzročeno</w> 
 <w id="w8.4.18">zaradi</w> 
 <w id="w8.4.19">respiratorja</w> 
 <w id="w8.4.20">(</w>
 <w id="w8.4.21">aparat</w>
 <w id="w8.4.22">,</w> 
 <w id="w8.4.23">ki</w> 
 <w id="w8.4.24">pomaga</w>     
 <w id="w8.4.25">bolniku</w> 
 <w id="w8.4.26">dihati</w>
 <w id="w8.4.27">)</w>
 <w id="w8.4.28">;</w> 
 <w id="w8.4.29">•</w> 
 <w id="w8.4.30">Komplicirane</w> 
 <w id="w8.4.31">okužbe</w> 
 <w id="w8.4.32">trebuha</w>
 <w id="w8.4.33">.</w>
</s> 
 
<s id="s8.5">
 <w id="w8.5.1">Komplicirane</w> 
 <w id="w8.5.2">pomeni</w>
 <w id="w8.5.3">,</w> 
 <w id="w8.5.4">da</w> 
 <w id="w8.5.5">je</w> 
 <w id="w8.5.6">okužbo</w> 
 <w id="w8.5.7">težko</w> 
 <w id="w8.5.8">zdraviti</w>
 <w id="w8.5.9">;</w> 
 <w id="w8.5.10">•</w> 
 <w id="w8.5.11">Komplicirane</w> 
 <w id="w8.5.12">okužbe</w> 
 <w id="w8.5.13">sečnega</w> 
 <w id="w8.5.14">trakta</w> 
 <w id="w8.5.15">(</w>
 <w id="w8.5.16">organi</w>
 <w id="w8.5.17">,</w> 
 <w id="w8.5.18">ki</w> 
 <w id="w8.5.19">prenašajo</w> 
 <w id="w8.5.20">urin</w>
 <w id="w8.5.21">)</w>
 <w id="w8.5.22">.</w>
</s> 
 
<s id="s8.6">
 <w id="w8.6.1">Pred</w> 
 <w id="w8.6.2">uporabo</w> 
 <w id="w8.6.3">zdravila</w> 
 <w id="w8.6.4">Doribax</w> 
 <w id="w8.6.5">naj</w> 
 <w id="w8.6.6">zdravniki</w> 
 <w id="w8.6.7">preučijo</w> 
 <w id="w8.6.8">uradne</w> 
 <w id="w8.6.9">smernice</w> 
 <w id="w8.6.10">o</w> 
 <w id="w8.6.11">uporabi</w> 
 <w id="w8.6.12">antibiotikov</w>
 <w id="w8.6.13">.</w>
</s> 
 
<s id="s8.7">
 <w id="w8.7.1">Zdravilo</w> 
 <w id="w8.7.2">se</w> 
 <w id="w8.7.3">dobi</w> 
 <w id="w8.7.4">samo</w> 
 <w id="w8.7.5">na</w> 
 <w id="w8.7.6">recept</w>
 <w id="w8.7.7">.</w>
</s></p>

<p id="9">
<s id="s9.1">
 <w id="w9.1.1">Kako</w> 
 <w id="w9.1.2">se</w> 
 <w id="w9.1.3">zdravilo</w> 
 <w id="w9.1.4">Doribax</w> 
 <w id="w9.1.5">uporablja</w>
 <w id="w9.1.6">?</w>
</s> 
 
<s id="s9.2">
 <w id="w9.2.1">Standardni</w> 
 <w id="w9.2.2">odmerek</w> 
 <w id="w9.2.3">zdravila</w> 
 <w id="w9.2.4">Doribax</w> 
 <w id="w9.2.5">je</w> 
 <w id="w9.2.6">500</w> 
 <w id="w9.2.7">mg</w> 
 <w id="w9.2.8">vsakih</w> 
 <w id="w9.2.9">osem</w> 
 <w id="w9.2.10">ur</w>
 <w id="w9.2.11">.</w>
</s> 
 
<s id="s9.3">
 <w id="w9.3.1">Vsaka</w> 
 <w id="w9.3.2">infuzija</w> 
 <w id="w9.3.3">traja</w> 
 <w id="w9.3.4">eno</w> 
 <w id="w9.3.5">uro</w>
 <w id="w9.3.6">,</w> 
 <w id="w9.3.7">čeprav</w> 
 <w id="w9.3.8">bodo</w> 
 <w id="w9.3.9">morda</w> 
 <w id="w9.3.10">nekateri</w> 
 <w id="w9.3.11">bolniki</w> 
 <w id="w9.3.12">s</w> 
 <w id="w9.3.13">pljučnico</w> 
 <w id="w9.3.14">potrebovali</w> 
 <w id="w9.3.15">infuzijo</w>
 <w id="w9.3.16">,</w> 
 <w id="w9.3.17">trajajočo</w> 
 <w id="w9.3.18">štiri</w> 
 <w id="w9.3.19">ure</w>
 <w id="w9.3.20">.</w>
</s> 
 
<s id="s9.4">
 <w id="w9.4.1">Zdravljenje</w> 
 <w id="w9.4.2">ponavadi</w> 
 <w id="w9.4.3">traja</w> 
 <w id="w9.4.4">med</w> 
 <w id="w9.4.5">pet</w> 
 <w id="w9.4.6">in</w> 
 <w id="w9.4.7">14</w> 
 <w id="w9.4.8">dni</w>
 <w id="w9.4.9">,</w> 
 <w id="w9.4.10">odvisno</w> 
 <w id="w9.4.11">od</w> 
 <w id="w9.4.12">vrste</w> 
 <w id="w9.4.13">in</w> 
 <w id="w9.4.14">resnosti</w> 
 <w id="w9.4.15">okužbe</w> 
 <w id="w9.4.16">ter</w> 
 <w id="w9.4.17">odziva</w> 
 <w id="w9.4.18">bolnika</w>
 <w id="w9.4.19">.</w>
</s> 
 
<s id="s9.5">
 <w id="w9.5.1">Ker</w> 
 <w id="w9.5.2">zdravilo</w> 
 <w id="w9.5.3">iz</w> 
 <w id="w9.5.4">telesa</w> 
 <w id="w9.5.5">izločajo</w> 
 <w id="w9.5.6">ledvice</w>
 <w id="w9.5.7">,</w> 
 <w id="w9.5.8">je</w> 
 <w id="w9.5.9">pri</w> 
 <w id="w9.5.10">bolnikih</w> 
 <w id="w9.5.11">z</w> 
 <w id="w9.5.12">zmernimi</w> 
 <w id="w9.5.13">ali</w> 
 <w id="w9.5.14">resnimi</w> 
 <w id="w9.5.15">ledvičnimi</w> 
 <w id="w9.5.16">težavami</w>
 <w id="w9.5.17">,</w> 
 <w id="w9.5.18">potrebno</w> 
 <w id="w9.5.19">odmerek</w> 
 <w id="w9.5.20">zdravila</w> 
 <w id="w9.5.21">Doribax</w> 
 <w id="w9.5.22">zmanjšati</w>
 <w id="w9.5.23">.</w>
</s> 
 
<s id="s9.6">
 <w id="w9.6.1">Zdravilo</w> 
 <w id="w9.6.2">Doribax</w> 
 <w id="w9.6.3">se</w> 
 <w id="w9.6.4">ne</w> 
 <w id="w9.6.5">priporoča</w> 
 <w id="w9.6.6">za</w> 
 <w id="w9.6.7">zdravljenje</w> 
 <w id="w9.6.8">otrok</w>
 <w id="w9.6.9">,</w> 
 <w id="w9.6.10">mlajših</w> 
 <w id="w9.6.11">od</w> 
 <w id="w9.6.12">18</w> 
 <w id="w9.6.13">let</w>
 <w id="w9.6.14">,</w> 
 <w id="w9.6.15">zaradi</w> 
 <w id="w9.6.16">pomanjkljivih</w> 
 <w id="w9.6.17">informacij</w> 
 <w id="w9.6.18">o</w> 
 <w id="w9.6.19">varnosti</w> 
 <w id="w9.6.20">in</w> 
 <w id="w9.6.21">učinkovitosti</w> 
 <w id="w9.6.22">v</w> 
 <w id="w9.6.23">tej</w> 
 <w id="w9.6.24">starostni</w> 
 <w id="w9.6.25">skupini</w>
 <w id="w9.6.26">.</w>
</s></p>

<p id="10">
<s id="s10.1">
 <w id="w10.1.1">Kako</w> 
 <w id="w10.1.2">zdravilo</w> 
 <w id="w10.1.3">Doribax</w> 
 <w id="w10.1.4">deluje</w>
 <w id="w10.1.5">?</w>
</s> 
 
<s id="s10.2">
 <w id="w10.2.1">Zdravilna</w> 
 <w id="w10.2.2">učinkovina</w> 
 <w id="w10.2.3">v</w> 
 <w id="w10.2.4">zdravilu</w> 
 <w id="w10.2.5">Doribax</w>
 <w id="w10.2.6">,</w> 
 <w id="w10.2.7">doripenem</w>
 <w id="w10.2.8">,</w> 
 <w id="w10.2.9">je</w> 
 <w id="w10.2.10">antibiotik</w>
 <w id="w10.2.11">,</w> 
 <w id="w10.2.12">ki</w> 
 <w id="w10.2.13">sodi</w> 
 <w id="w10.2.14">v</w> 
 <w id="w10.2.15">skupino</w> 
 <w id="w10.2.16">karbapenemov</w>
 <w id="w10.2.17">.</w>
</s> 
 
<s id="s10.3">
 <w id="w10.3.1">Deluje</w> 
 <w id="w10.3.2">tako</w>
 <w id="w10.3.3">,</w> 
 <w id="w10.3.4">da</w> 
 <w id="w10.3.5">se</w> 
 <w id="w10.3.6">veže</w> 
 <w id="w10.3.7">na</w> 
 <w id="w10.3.8">določene</w> 
 <w id="w10.3.9">vrste</w> 
 <w id="w10.3.10">beljakovin</w> 
 <w id="w10.3.11">na</w> 
 <w id="w10.3.12">površini</w> 
 <w id="w10.3.13">bakterijskih</w> 
 <w id="w10.3.14">celic</w>
 <w id="w10.3.15">.</w>
</s> 
 
<s id="s10.4">
 <w id="w10.4.1">To</w> 
 <w id="w10.4.2">bakterijam</w> 
 <w id="w10.4.3">preprečuje</w>
 <w id="w10.4.4">,</w> 
 <w id="w10.4.5">da</w> 
 <w id="w10.4.6">bi</w> 
 <w id="w10.4.7">okoli</w> 
 <w id="w10.4.8">svojih</w> 
 <w id="w10.4.9">celic</w> 
 <w id="w10.4.10">zgradile</w> 
 <w id="w10.4.11">zidove</w>
 <w id="w10.4.12">,</w> 
 <w id="w10.4.13">kar</w> 
 <w id="w10.4.14">jih</w> 
 <w id="w10.4.15">ubije</w>
 <w id="w10.4.16">.</w>
</s> 
 
<s id="s10.5">
 <w id="w10.5.1">Seznam</w> 
 <w id="w10.5.2">bakterij</w>
 <w id="w10.5.3">,</w> 
 <w id="w10.5.4">proti</w> 
 <w id="w10.5.5">katerim</w> 
 <w id="w10.5.6">deluje</w> 
 <w id="w10.5.7">zdravilo</w> 
 <w id="w10.5.8">Doribax</w>
 <w id="w10.5.9">,</w> 
 <w id="w10.5.10">je</w> 
 <w id="w10.5.11">naveden</w> 
 <w id="w10.5.12">v</w> 
 <w id="w10.5.13">povzetku</w> 
 <w id="w10.5.14">glavnih</w> 
 <w id="w10.5.15">značilnosti</w> 
 <w id="w10.5.16">zdravila</w> 
 <w id="w10.5.17">(</w>
 <w id="w10.5.18">tudi</w> 
 <w id="w10.5.19">del</w> 
 <w id="w10.5.20">Evropskega</w> 
 <w id="w10.5.21">javnega</w> 
 <w id="w10.5.22">poročila</w> 
 <w id="w10.5.23">o</w> 
 <w id="w10.5.24">oceni</w> 
 <w id="w10.5.25">zdravila</w>
 <w id="w10.5.26">)</w>
 <w id="w10.5.27">.</w>
</s></p>

<p id="11">
<s id="s11.1">
 <w id="w11.1.1">7</w> 
 <w id="w11.1.2">Westferry</w> 
 <w id="w11.1.3">Circus</w>
 <w id="w11.1.4">,</w> 
 <w id="w11.1.5">Canary</w> 
 <w id="w11.1.6">Wharf</w>
 <w id="w11.1.7">,</w> 
 <w id="w11.1.8">London</w> 
 <w id="w11.1.9">E14</w> 
 <w id="w11.1.10">4HB</w>
 <w id="w11.1.11">,</w> 
 <w id="w11.1.12">UK</w>                                   
 <w id="w11.1.13">Tel</w>
 <w id="w11.1.14">.</w>
</s> 
 
<s id="s11.2">
 <w id="w11.2.1">(</w>
 <w id="w11.2.2">44-</w>
 <w id="w11.2.3">20</w>
 <w id="w11.2.4">)</w> 
 <w id="w11.2.5">74</w> 
 <w id="w11.2.6">18</w> 
 <w id="w11.2.7">84</w> 
 <w id="w11.2.8">00</w> 
 <w id="w11.2.9">Fax</w> 
 <w id="w11.2.10">(</w>
 <w id="w11.2.11">44-</w>
 <w id="w11.2.12">20</w>
 <w id="w11.2.13">)</w> 
 <w id="w11.2.14">74</w> 
 <w id="w11.2.15">18</w> 
 <w id="w11.2.16">84</w> 
 <w id="w11.2.17">16</w>                              
 <w id="w11.2.18">E-</w>
 <w id="w11.2.19">mail</w>
 <w id="w11.2.20">:</w> 
 <w id="w11.2.21">mail@</w>
 <w id="w11.2.22">emea.</w>
 <w id="w11.2.23">europa.</w>
 <w id="w11.2.24">eu</w> 
 <w id="w11.2.25">http</w>
 <w id="w11.2.26">:</w>
 <w id="w11.2.27">//</w>
 <w id="w11.2.28">www.</w>
 <w id="w11.2.29">emea.</w>
 <w id="w11.2.30">europa.</w>
 <w id="w11.2.31">eu</w>
</s></p>

<p id="12">
<s id="s12.1">
 <w id="w12.1.1">©</w> 
 <w id="w12.1.2">European</w> 
 <w id="w12.1.3">Medicines</w> 
 <w id="w12.1.4">Agency</w>
 <w id="w12.1.5">,</w> 
 <w id="w12.1.6">2008</w>
 <w id="w12.1.7">.</w>
</s> 
 
<s id="s12.2">
 <w id="w12.2.1">Reproduction</w> 
 <w id="w12.2.2">is</w> 
 <w id="w12.2.3">authorised</w> 
 <w id="w12.2.4">provided</w> 
 <w id="w12.2.5">the</w> 
 <w id="w12.2.6">source</w> 
 <w id="w12.2.7">is</w> 
 <w id="w12.2.8">acknowledged</w>
 <w id="w12.2.9">.</w>
</s> 
 
<s id="s12.3">
 <w id="w12.3.1">Kako</w> 
 <w id="w12.3.2">je</w> 
 <w id="w12.3.3">bilo</w> 
 <w id="w12.3.4">zdravilo</w> 
 <w id="w12.3.5">Doribax</w> 
 <w id="w12.3.6">raziskano</w>
 <w id="w12.3.7">?</w>
</s> 
 
<s id="s12.4">
 <w id="w12.4.1">Učinki</w> 
 <w id="w12.4.2">zdravila</w> 
 <w id="w12.4.3">Doribax</w> 
 <w id="w12.4.4">so</w> 
 <w id="w12.4.5">bili</w> 
 <w id="w12.4.6">najprej</w> 
 <w id="w12.4.7">preskušeni</w> 
 <w id="w12.4.8">na</w> 
 <w id="w12.4.9">poskusnih</w> 
 <w id="w12.4.10">modelih</w>
 <w id="w12.4.11">,</w> 
 <w id="w12.4.12">nato</w> 
 <w id="w12.4.13">pa</w> 
 <w id="w12.4.14">so</w> 
 <w id="w12.4.15">jih</w> 
 <w id="w12.4.16">raziskali</w> 
 <w id="w12.4.17">pri</w> 
 <w id="w12.4.18">ljudeh</w>
 <w id="w12.4.19">.</w>
</s> 
 
<s id="s12.5">
 <w id="w12.5.1">Zdravilo</w> 
 <w id="w12.5.2">Doribax</w> 
 <w id="w12.5.3">so</w> 
 <w id="w12.5.4">preskušali</w> 
 <w id="w12.5.5">v</w> 
 <w id="w12.5.6">petih</w> 
 <w id="w12.5.7">glavnih</w> 
 <w id="w12.5.8">študijah</w>
 <w id="w12.5.9">,</w> 
 <w id="w12.5.10">v</w> 
 <w id="w12.5.11">katerih</w> 
 <w id="w12.5.12">so</w> 
 <w id="w12.5.13">zdravilo</w> 
 <w id="w12.5.14">Doribax</w> 
 <w id="w12.5.15">primerjali</w> 
 <w id="w12.5.16">z</w> 
 <w id="w12.5.17">drugimi</w> 
 <w id="w12.5.18">antibiotiki</w>
 <w id="w12.5.19">:</w> 
 <w id="w12.5.20">•</w> 
 <w id="w12.5.21">Dve</w> 
 <w id="w12.5.22">študiji</w> 
 <w id="w12.5.23">sta</w> 
 <w id="w12.5.24">primerjali</w> 
 <w id="w12.5.25">zdravilo</w> 
 <w id="w12.5.26">Doribax</w> 
 <w id="w12.5.27">z</w> 
 <w id="w12.5.28">piperacilinom/</w>
 <w id="w12.5.29">tazobaktamom</w> 
 <w id="w12.5.30">ali</w> 
 <w id="w12.5.31">imipenemom</w>
 <w id="w12.5.32">,</w> 
 <w id="w12.5.33">pri</w>    
 <w id="w12.5.34">skupaj</w> 
 <w id="w12.5.35">979</w> 
 <w id="w12.5.36">bolnikih</w> 
 <w id="w12.5.37">z</w> 
 <w id="w12.5.38">nozokomialno</w> 
 <w id="w12.5.39">pljučnico</w>
 <w id="w12.5.40">;</w> 
 <w id="w12.5.41">•</w> 
 <w id="w12.5.42">Dve</w> 
 <w id="w12.5.43">študiji</w> 
 <w id="w12.5.44">sta</w> 
 <w id="w12.5.45">primerjali</w> 
 <w id="w12.5.46">zdravilo</w> 
 <w id="w12.5.47">Doribax</w> 
 <w id="w12.5.48">z</w> 
 <w id="w12.5.49">meropenemom</w> 
 <w id="w12.5.50">pri</w> 
 <w id="w12.5.51">skupaj</w> 
 <w id="w12.5.52">962</w> 
 <w id="w12.5.53">bolnikih</w> 
 <w id="w12.5.54">s</w>    
 <w id="w12.5.55">kompliciranimi</w> 
 <w id="w12.5.56">okužbami</w> 
 <w id="w12.5.57">trebuha</w>
 <w id="w12.5.58">;</w> 
 <w id="w12.5.59">•</w> 
 <w id="w12.5.60">Ena</w> 
 <w id="w12.5.61">študija</w> 
 <w id="w12.5.62">je</w> 
 <w id="w12.5.63">primerjala</w> 
 <w id="w12.5.64">zdravilo</w> 
 <w id="w12.5.65">Doribax</w> 
 <w id="w12.5.66">z</w> 
 <w id="w12.5.67">levofloksacinom</w> 
 <w id="w12.5.68">pri</w> 
 <w id="w12.5.69">skupaj</w> 
 <w id="w12.5.70">753</w> 
 <w id="w12.5.71">bolnikih</w> 
 <w id="w12.5.72">s</w>    
 <w id="w12.5.73">kompliciranimi</w> 
 <w id="w12.5.74">okužbami</w> 
 <w id="w12.5.75">sečnega</w> 
 <w id="w12.5.76">trakta</w>
 <w id="w12.5.77">.</w>
</s> 
 
<s id="s12.6">
 <w id="w12.6.1">Pri</w> 
 <w id="w12.6.2">vseh</w> 
 <w id="w12.6.3">študijah</w> 
 <w id="w12.6.4">je</w> 
 <w id="w12.6.5">bilo</w> 
 <w id="w12.6.6">glavno</w> 
 <w id="w12.6.7">merilo</w> 
 <w id="w12.6.8">učinkovitosti</w> 
 <w id="w12.6.9">število</w> 
 <w id="w12.6.10">bolnikov</w>
 <w id="w12.6.11">,</w> 
 <w id="w12.6.12">pri</w> 
 <w id="w12.6.13">katerih</w> 
 <w id="w12.6.14">so</w> 
 <w id="w12.6.15">bile</w> 
 <w id="w12.6.16">okužbe</w> 
 <w id="w12.6.17">po</w> 
 <w id="w12.6.18">zdravljenju</w> 
 <w id="w12.6.19">ozdravljene</w>
 <w id="w12.6.20">.</w>
</s></p>

<p id="13">
<s id="s13.1">
 <w id="w13.1.1">Kakšne</w> 
 <w id="w13.1.2">koristi</w> 
 <w id="w13.1.3">je</w> 
 <w id="w13.1.4">zdravilo</w> 
 <w id="w13.1.5">Doribax</w> 
 <w id="w13.1.6">izkazalo</w> 
 <w id="w13.1.7">med</w> 
 <w id="w13.1.8">študijami</w>
 <w id="w13.1.9">?</w>
</s> 
 
<s id="s13.2">
 <w id="w13.2.1">Zdravilo</w> 
 <w id="w13.2.2">Doribax</w> 
 <w id="w13.2.3">je</w> 
 <w id="w13.2.4">bilo</w> 
 <w id="w13.2.5">pri</w> 
 <w id="w13.2.6">zdravljenju</w> 
 <w id="w13.2.7">okužb</w> 
 <w id="w13.2.8">prav</w> 
 <w id="w13.2.9">tako</w> 
 <w id="w13.2.10">učinkovito</w> 
 <w id="w13.2.11">kot</w> 
 <w id="w13.2.12">drugi</w> 
 <w id="w13.2.13">antibiotiki</w>
 <w id="w13.2.14">:</w> 
 <w id="w13.2.15">•</w> 
 <w id="w13.2.16">Skupni</w> 
 <w id="w13.2.17">rezultati</w> 
 <w id="w13.2.18">obeh</w> 
 <w id="w13.2.19">študij</w>
 <w id="w13.2.20">,</w> 
 <w id="w13.2.21">pri</w> 
 <w id="w13.2.22">katerih</w> 
 <w id="w13.2.23">so</w> 
 <w id="w13.2.24">sodelovali</w> 
 <w id="w13.2.25">bolniki</w> 
 <w id="w13.2.26">z</w> 
 <w id="w13.2.27">nozokomialno</w> 
 <w id="w13.2.28">pljučnico</w>
 <w id="w13.2.29">,</w> 
 <w id="w13.2.30">so</w>    
 <w id="w13.2.31">pokazali</w>
 <w id="w13.2.32">,</w> 
 <w id="w13.2.33">da</w> 
 <w id="w13.2.34">je</w> 
 <w id="w13.2.35">ozdravelo</w> 
 <w id="w13.2.36">75</w> 
 <w id="w13.2.37">%</w> 
 <w id="w13.2.38">bolnikov</w>
 <w id="w13.2.39">,</w> 
 <w id="w13.2.40">ki</w> 
 <w id="w13.2.41">so</w> 
 <w id="w13.2.42">prejemali</w> 
 <w id="w13.2.43">zdravilo</w> 
 <w id="w13.2.44">Doribax</w> 
 <w id="w13.2.45">(</w>
 <w id="w13.2.46">195</w> 
 <w id="w13.2.47">od</w> 
 <w id="w13.2.48">260</w>
 <w id="w13.2.49">)</w>
 <w id="w13.2.50">,</w> 
 <w id="w13.2.51">v</w>    
 <w id="w13.2.52">primerjavi</w> 
 <w id="w13.2.53">z</w> 
 <w id="w13.2.54">72</w> 
 <w id="w13.2.55">%</w> 
 <w id="w13.2.56">bolnikov</w>
 <w id="w13.2.57">,</w> 
 <w id="w13.2.58">ki</w> 
 <w id="w13.2.59">so</w> 
 <w id="w13.2.60">prejemali</w> 
 <w id="w13.2.61">piperacilin/</w>
 <w id="w13.2.62">tazobaktam</w> 
 <w id="w13.2.63">ali</w> 
 <w id="w13.2.64">imipenem</w> 
 <w id="w13.2.65">(</w>
 <w id="w13.2.66">174</w> 
 <w id="w13.2.67">od</w> 
 <w id="w13.2.68">241</w>
 <w id="w13.2.69">)</w>
 <w id="w13.2.70">;</w> 
 <w id="w13.2.71">•</w> 
 <w id="w13.2.72">Skupni</w> 
 <w id="w13.2.73">rezultati</w> 
 <w id="w13.2.74">obeh</w> 
 <w id="w13.2.75">študij</w>
 <w id="w13.2.76">,</w> 
 <w id="w13.2.77">pri</w> 
 <w id="w13.2.78">katerih</w> 
 <w id="w13.2.79">so</w> 
 <w id="w13.2.80">sodelovali</w> 
 <w id="w13.2.81">bolniki</w> 
 <w id="w13.2.82">s</w> 
 <w id="w13.2.83">kompliciranimi</w> 
 <w id="w13.2.84">okužbami</w> 
 <w id="w13.2.85">trebuha</w>
 <w id="w13.2.86">,</w>    
 <w id="w13.2.87">so</w> 
 <w id="w13.2.88">pokazali</w>
 <w id="w13.2.89">,</w> 
 <w id="w13.2.90">da</w> 
 <w id="w13.2.91">je</w> 
 <w id="w13.2.92">ozdravelo</w> 
 <w id="w13.2.93">85</w> 
 <w id="w13.2.94">%</w> 
 <w id="w13.2.95">bolnikov</w>
 <w id="w13.2.96">,</w> 
 <w id="w13.2.97">ki</w> 
 <w id="w13.2.98">so</w> 
 <w id="w13.2.99">prejemali</w> 
 <w id="w13.2.100">zdravilo</w> 
 <w id="w13.2.101">Doribax</w> 
 <w id="w13.2.102">(</w>
 <w id="w13.2.103">275</w> 
 <w id="w13.2.104">od</w> 
 <w id="w13.2.105">325</w>
 <w id="w13.2.106">)</w>
 <w id="w13.2.107">,</w> 
 <w id="w13.2.108">v</w>    
 <w id="w13.2.109">primerjavi</w> 
 <w id="w13.2.110">s</w> 
 <w id="w13.2.111">84</w> 
 <w id="w13.2.112">%</w> 
 <w id="w13.2.113">bolnikov</w>
 <w id="w13.2.114">,</w> 
 <w id="w13.2.115">ki</w> 
 <w id="w13.2.116">so</w> 
 <w id="w13.2.117">prejemali</w> 
 <w id="w13.2.118">meropenem</w> 
 <w id="w13.2.119">(</w>
 <w id="w13.2.120">260</w> 
 <w id="w13.2.121">od</w> 
 <w id="w13.2.122">306</w>
 <w id="w13.2.123">)</w>
 <w id="w13.2.124">;</w> 
 <w id="w13.2.125">•</w> 
 <w id="w13.2.126">Pri</w> 
 <w id="w13.2.127">kompliciranih</w> 
 <w id="w13.2.128">okužbah</w> 
 <w id="w13.2.129">sečnega</w> 
 <w id="w13.2.130">trakta</w>
 <w id="w13.2.131">,</w> 
 <w id="w13.2.132">je</w> 
 <w id="w13.2.133">ozdravelo</w> 
 <w id="w13.2.134">82</w> 
 <w id="w13.2.135">%</w> 
 <w id="w13.2.136">bolnikov</w>
 <w id="w13.2.137">,</w> 
 <w id="w13.2.138">ki</w> 
 <w id="w13.2.139">so</w> 
 <w id="w13.2.140">prejemali</w> 
 <w id="w13.2.141">zdravilo</w>    
 <w id="w13.2.142">Doribax</w> 
 <w id="w13.2.143">(</w>
 <w id="w13.2.144">230</w> 
 <w id="w13.2.145">od</w> 
 <w id="w13.2.146">280</w>
 <w id="w13.2.147">)</w>
 <w id="w13.2.148">,</w> 
 <w id="w13.2.149">v</w> 
 <w id="w13.2.150">primerjavi</w> 
 <w id="w13.2.151">z</w> 
 <w id="w13.2.152">83</w> 
 <w id="w13.2.153">%</w> 
 <w id="w13.2.154">bolnikov</w>
 <w id="w13.2.155">,</w> 
 <w id="w13.2.156">ki</w> 
 <w id="w13.2.157">so</w> 
 <w id="w13.2.158">prejemali</w> 
 <w id="w13.2.159">levofloksacin</w> 
 <w id="w13.2.160">(</w>
 <w id="w13.2.161">221</w> 
 <w id="w13.2.162">od</w> 
 <w id="w13.2.163">265</w>
 <w id="w13.2.164">)</w>
 <w id="w13.2.165">.</w>
</s></p>

<p id="14">
<s id="s14.1">
 <w id="w14.1.1">Kakšna</w> 
 <w id="w14.1.2">tveganja</w> 
 <w id="w14.1.3">so</w> 
 <w id="w14.1.4">povezana</w> 
 <w id="w14.1.5">z</w> 
 <w id="w14.1.6">zdravilom</w> 
 <w id="w14.1.7">Doribax</w>
 <w id="w14.1.8">?</w>
</s> 
 
<s id="s14.2">
 <w id="w14.2.1">Najpogostejši</w> 
 <w id="w14.2.2">neželen</w> 
 <w id="w14.2.3">učinek</w>
 <w id="w14.2.4">,</w> 
 <w id="w14.2.5">opažen</w> 
 <w id="w14.2.6">pri</w> 
 <w id="w14.2.7">zdravljenju</w> 
 <w id="w14.2.8">z</w> 
 <w id="w14.2.9">zdravilom</w> 
 <w id="w14.2.10">Doribax</w> 
 <w id="w14.2.11">(</w>
 <w id="w14.2.12">opažen</w> 
 <w id="w14.2.13">pri</w> 
 <w id="w14.2.14">1</w> 
 <w id="w14.2.15">bolniku</w> 
 <w id="w14.2.16">od</w> 
 <w id="w14.2.17">10</w>
 <w id="w14.2.18">)</w>
 <w id="w14.2.19">,</w> 
 <w id="w14.2.20">je</w> 
 <w id="w14.2.21">glavobol</w>
 <w id="w14.2.22">.</w>
</s> 
 
<s id="s14.3">
 <w id="w14.3.1">Popoln</w> 
 <w id="w14.3.2">seznam</w> 
 <w id="w14.3.3">neželenih</w> 
 <w id="w14.3.4">učinkov</w>
 <w id="w14.3.5">,</w> 
 <w id="w14.3.6">o</w> 
 <w id="w14.3.7">katerih</w> 
 <w id="w14.3.8">so</w> 
 <w id="w14.3.9">poročali</w> 
 <w id="w14.3.10">pri</w> 
 <w id="w14.3.11">uporabi</w> 
 <w id="w14.3.12">zdravila</w> 
 <w id="w14.3.13">Doribax</w>
 <w id="w14.3.14">,</w> 
 <w id="w14.3.15">je</w> 
 <w id="w14.3.16">naveden</w> 
 <w id="w14.3.17">v</w> 
 <w id="w14.3.18">navodilu</w> 
 <w id="w14.3.19">za</w> 
 <w id="w14.3.20">uporabo</w>
 <w id="w14.3.21">.</w>
</s> 
 
<s id="s14.4">
 <w id="w14.4.1">Zdravila</w> 
 <w id="w14.4.2">Doribax</w> 
 <w id="w14.4.3">ne</w> 
 <w id="w14.4.4">smejo</w> 
 <w id="w14.4.5">uporabljati</w> 
 <w id="w14.4.6">osebe</w>
 <w id="w14.4.7">,</w> 
 <w id="w14.4.8">ki</w> 
 <w id="w14.4.9">utegnejo</w> 
 <w id="w14.4.10">biti</w> 
 <w id="w14.4.11">preobčutljive</w> 
 <w id="w14.4.12">za</w> 
 <w id="w14.4.13">(</w>
 <w id="w14.4.14">alergične</w> 
 <w id="w14.4.15">na</w>
 <w id="w14.4.16">)</w> 
 <w id="w14.4.17">doripenem</w> 
 <w id="w14.4.18">ali</w> 
 <w id="w14.4.19">na</w> 
 <w id="w14.4.20">druge</w> 
 <w id="w14.4.21">karbapeneme</w>
 <w id="w14.4.22">.</w>
</s> 
 
<s id="s14.5">
 <w id="w14.5.1">Bolniki</w> 
 <w id="w14.5.2">s</w> 
 <w id="w14.5.3">hudimi</w> 
 <w id="w14.5.4">alergijami</w> 
 <w id="w14.5.5">na</w> 
 <w id="w14.5.6">beta-</w>
 <w id="w14.5.7">laktam</w> 
 <w id="w14.5.8">antibiotike</w>
 <w id="w14.5.9">,</w> 
 <w id="w14.5.10">kot</w> 
 <w id="w14.5.11">so</w> 
 <w id="w14.5.12">na</w> 
 <w id="w14.5.13">primer</w> 
 <w id="w14.5.14">penicilini</w> 
 <w id="w14.5.15">ali</w> 
 <w id="w14.5.16">cefalosporini</w>
 <w id="w14.5.17">,</w> 
 <w id="w14.5.18">zdravila</w> 
 <w id="w14.5.19">Doribax</w> 
 <w id="w14.5.20">ne</w> 
 <w id="w14.5.21">smejo</w> 
 <w id="w14.5.22">uporabljati</w>
 <w id="w14.5.23">.</w>
</s></p>

<p id="15">
<s id="s15.1">
 <w id="w15.1.1">Zakaj</w> 
 <w id="w15.1.2">je</w> 
 <w id="w15.1.3">bilo</w> 
 <w id="w15.1.4">zdravilo</w> 
 <w id="w15.1.5">Doribax</w> 
 <w id="w15.1.6">odobreno</w>
 <w id="w15.1.7">?</w>
</s> 
 
<s id="s15.2">
 <w id="w15.2.1">Odbor</w> 
 <w id="w15.2.2">za</w> 
 <w id="w15.2.3">zdravila</w> 
 <w id="w15.2.4">za</w> 
 <w id="w15.2.5">uporabo</w> 
 <w id="w15.2.6">v</w> 
 <w id="w15.2.7">humani</w> 
 <w id="w15.2.8">medicini</w> 
 <w id="w15.2.9">(</w>
 <w id="w15.2.10">CHMP</w>
 <w id="w15.2.11">)</w> 
 <w id="w15.2.12">je</w> 
 <w id="w15.2.13">zaključil</w>
 <w id="w15.2.14">,</w> 
 <w id="w15.2.15">da</w> 
 <w id="w15.2.16">so</w> 
 <w id="w15.2.17">koristi</w> 
 <w id="w15.2.18">zdravila</w> 
 <w id="w15.2.19">Doribax</w> 
 <w id="w15.2.20">pri</w> 
 <w id="w15.2.21">zdravljenju</w> 
 <w id="w15.2.22">nozokomialne</w> 
 <w id="w15.2.23">pljučnice</w>
 <w id="w15.2.24">,</w> 
 <w id="w15.2.25">kompliciranih</w> 
 <w id="w15.2.26">notranjih</w> 
 <w id="w15.2.27">okužb</w> 
 <w id="w15.2.28">trebuha</w> 
 <w id="w15.2.29">in</w> 
 <w id="w15.2.30">kompliciranih</w> 
 <w id="w15.2.31">okužb</w> 
 <w id="w15.2.32">sečnega</w> 
 <w id="w15.2.33">trakta</w>
 <w id="w15.2.34">,</w> 
 <w id="w15.2.35">pri</w> 
 <w id="w15.2.36">odraslih</w> 
 <w id="w15.2.37">večje</w> 
 <w id="w15.2.38">od</w> 
 <w id="w15.2.39">z</w> 
 <w id="w15.2.40">njim</w> 
 <w id="w15.2.41">povezanih</w> 
 <w id="w15.2.42">tveganj</w>
 <w id="w15.2.43">.</w>
</s> 
 
<s id="s15.3">
 <w id="w15.3.1">Odbor</w> 
 <w id="w15.3.2">je</w> 
 <w id="w15.3.3">priporočil</w>
 <w id="w15.3.4">,</w> 
 <w id="w15.3.5">da</w> 
 <w id="w15.3.6">se</w> 
 <w id="w15.3.7">za</w> 
 <w id="w15.3.8">zdravilo</w> 
 <w id="w15.3.9">Doribax</w> 
 <w id="w15.3.10">odobri</w> 
 <w id="w15.3.11">dovoljenje</w> 
 <w id="w15.3.12">za</w> 
 <w id="w15.3.13">promet</w>
 <w id="w15.3.14">.</w>
</s></p>

<p id="16">
<s id="s16.1">
 <w id="w16.1.1">Druge</w> 
 <w id="w16.1.2">informacije</w> 
 <w id="w16.1.3">o</w> 
 <w id="w16.1.4">zdravilu</w> 
 <w id="w16.1.5">Doribax</w>
 <w id="w16.1.6">:</w>
</s> 
 
<s id="s16.2">
 <w id="w16.2.1">Evropska</w> 
 <w id="w16.2.2">komisija</w> 
 <w id="w16.2.3">je</w> 
 <w id="w16.2.4">dovoljenje</w> 
 <w id="w16.2.5">za</w> 
 <w id="w16.2.6">promet</w> 
 <w id="w16.2.7">z</w> 
 <w id="w16.2.8">zdravilom</w> 
 <w id="w16.2.9">Doribax</w>
 <w id="w16.2.10">,</w> 
 <w id="w16.2.11">veljavno</w> 
 <w id="w16.2.12">po</w> 
 <w id="w16.2.13">vsej</w> 
 <w id="w16.2.14">Evropski</w> 
 <w id="w16.2.15">uniji</w>
 <w id="w16.2.16">,</w> 
 <w id="w16.2.17">odobrila</w> 
 <w id="w16.2.18">družbi</w> 
 <w id="w16.2.19">Janseen-</w>
 <w id="w16.2.20">Cilag</w> 
 <w id="w16.2.21">International</w> 
 <w id="w16.2.22">NV</w> 
 <w id="w16.2.23">dne</w> 
 <w id="w16.2.24">25</w>
 <w id="w16.2.25">.</w> 
 <w id="w16.2.26">julija</w> 
 <w id="w16.2.27">2008</w>
 <w id="w16.2.28">.</w>
</s></p>

<p id="17">
<s id="s17.1">
 <w id="w17.1.1">Celotno</w> 
 <w id="w17.1.2">evropsko</w> 
 <w id="w17.1.3">javno</w> 
 <w id="w17.1.4">poročilo</w> 
 <w id="w17.1.5">o</w> 
 <w id="w17.1.6">oceni</w> 
 <w id="w17.1.7">zdravila</w> 
 <w id="w17.1.8">(</w>
 <w id="w17.1.9">EPAR</w>
 <w id="w17.1.10">)</w> 
 <w id="w17.1.11">za</w> 
 <w id="w17.1.12">zdravilo</w> 
 <w id="w17.1.13">Doribax</w> 
 <w id="w17.1.14">je</w> 
 <w id="w17.1.15">na</w> 
 <w id="w17.1.16">voljo</w> 
 <w id="w17.1.17">tukaj</w>
 <w id="w17.1.18">.</w>
</s></p>

<p id="18">
<s id="s18.1">
 <w id="w18.1.1">Povzetek</w> 
 <w id="w18.1.2">je</w> 
 <w id="w18.1.3">bil</w> 
 <w id="w18.1.4">nazadnje</w> 
 <w id="w18.1.5">posodobljen</w> 
 <w id="w18.1.6">06-</w>
 <w id="w18.1.7">2008</w>
 <w id="w18.1.8">.</w>
</s></p>

<p id="19">
<s id="s19.1">
 <w id="w19.1.1">2/</w>
 <w id="w19.1.2">2</w>
</s></p></text>
