<?xml version="1.0" encoding="utf-8"?>
<letsmt version="1.0">
<head></head>
<body>
<s id="s1.1">European Medicines Agency</s>
<s id="s2.1">London, 23. oktober 2008 EMEA/ CHMP/ 620042/ 2008</s>
<s id="s3.1">ODBOR ZA ZDRAVILA ZA UPORABO V HUMANI MEDICINI (CHMP) MNENJE V ZVEZI Z NAPOTITVIJO V SKLADU S ČLENOM 31( 2) ZA</s>
<s id="s4.1">zdravila, ki vsebujejo etorikoksib</s>
<s id="s5.1">Mednarodno nelastniško ime (INN): etorikoksib</s>
<s id="s6.1">OSNOVNE INFORMACIJE *</s>
<s id="s7.1">Etorikoksib je selektivni zaviralec encima COX- 2 (ciklooksigenaza 2), ki je indiciran pri simptomatskem blaženju osteoartritisa (OA, 30– 60 mg enkrat dnevno), revmatoidnega artritisa (RA, 90 mg enkrat dnevno) in bolečine ter znakov vnetja, povezanih z uričnim artritisom (120 mg enkrat dnevno).</s>
<s id="s8.1">Ta napotitveni postopek se nanaša na zahtevo po arbitraži glede koristi in tveganj 90- miligramskega odmerka etorikoksiba pri zdravljenju revmatoidnega artritisa in ankiloznega spondilitisa (AS).</s>
<s id="s9.1">Na koncu postopka medsebojnega priznavanja za spremembo, ki obsega razširitev indikacij na revmatoidni artritis, so imele različne države članice Evropske unije (EU) različna mnenja glede varnosti etorikoksiba v 90- miligramskem odmerku.</s>
<s id="s9.2">Ker teh vprašanj med postopkom niso rešile in ker se je 90- miligramski odmerek etorikoksiba uporabljal tako pri revmatoidnem artritisu kot ankiloznem spondilitisu, je Francija 19. septembra 2007 uradno obvestila CHMP o napotitvi na arbitražo po členu 31( 2) Direktive 2001/ 83, kakor je bila spremenjena.</s>
<s id="s10.1">Glavna nerešena področja, ki so v Franciji vzbudila skrb, se nanašajo na dolgoročno varnost dnevnega odmerka v višini 90 mg etorikoksiba pri morebitnem povečanju tveganja za kardiovaskularne bolezni, povezanega z uporabo 90- miligramskega odmerka pri indikaciji revmatoidnega artritisa in ankiloznega spondilitisa.</s>
<s id="s10.2">Francija je menila, da je pregled profila koristi in tveganj zdravil, ki vsebujejo etorikoksib, v interesu Skupnosti.</s>
<s id="s11.1">CHMP je o arbitražnem postopku razpravljal na plenarnem zasedanju septembra 2007, na katerem sta bila imenovana poročevalec (dr.</s>
<s id="s11.2">Karl Broich) in soporočevalec (dr.</s>
<s id="s11.3">Matthew Thatcher).</s>
<s id="s11.4">Napotitveni postopek se je začel 20. septembra 2007 s sprejemom seznama vprašanj odbora CHMP, na katera so morali odgovoriti imetniki dovoljenja za promet z zdravilom.</s>
<s id="s11.5">Med plenarnim zasedanjem februarja 2008 je bil za soporočevalca imenovan dr.</s>
<s id="s11.6">Rafe Survana, ki je zamenjal dr.</s>
<s id="s11.7">Matthewa Thatcherja.</s>
<s id="s12.1">Imetniki dovoljenja za promet z zdravilom so pisna pojasnila podali dne14. decembra 2008, 5. maja 2008, 12. junija 2008 in 20. junija 2008.</s>
<s id="s13.1">CHMP je zaključil, da so podatki potrdili znani renovaskularni varnostni profil etorikoksiba (hipertenzija, edem in kongestivna odpoved srca).</s>
<s id="s13.2">Podatki so poleg tega potrdili podobno tveganje za kardiovaskularno trombozo kot pri diklofenaku in določeno stopnjo prednosti pri varnosti za zgornji del gastrointestinalnega trakta pred naproksenom in diklofenakom (čeprav ni posebne prednosti pri varnosti za spodnji del gastrointestinalnega trakta).</s>
<s id="s13.3">Razen za diklofenak in naproksen obstaja le malo neposrednih primerjalnih varnostnih podatkov za posamezna nesteroidna protivnetna zdravila.</s>
<s id="s13.4">Zaradi</s>
<s id="s14.1">7 Westferry Circus, Canary Wharf, London, E14 4HB, UK Tel.</s>
<s id="s14.2">(44- 20) 74 18 84 00 Fax (44- 20) 74 18 86 13 E- mail: mail@ emea. europa. eu http: // www. emea. europa. eu</s>
<s id="s15.1">© European Medicines Agency, 2008.</s>
<s id="s15.2">Reproduction is authorised provided the source is acknowledged. tega je bilo težko določiti tveganja etorikoksiba v primerjavi z ibuprofenom, ketoprofenom ali drugimi manj pogosto uporabljanimi nesteroidnimi protivnetnimi zdravili.</s>
<s id="s15.3">Podatki o uporabi zdravila so pokazali, da začnejo zdravniki nekatere bolnike z visokim krvnim tlakom zdraviti z etorikoksibom.</s>
<s id="s15.4">CHMP je zato priporočil okrepitev kontraindikacij za preobčutljive bolnike, zdravnike, ki zdravilo predpisujejo, pa opozarja, da je treba krvni tlak spremljati, še posebej v prvih dveh tednih po začetku zdravljenja.</s>
<s id="s15.5">Zdravstvene delavce je treba o tem opozoriti z dopisom (dopis Spoštovani zdravstveni delavec).</s>
<s id="s16.1">Podatki iz kliničnih študij so pokazali klinično pomemben terapevtski učinek 90- miligramskega odmerka etorikoksiba enkrat dnevno pri indikacijah revmatoidnega artritisa in ankiloznega spondilitisa, vendar pa so na voljo tudi nekateri podatki, ki kažejo, da so morda učinkoviti tudi nižji odmerki.</s>
<s id="s16.2">CHMP je zato priporočil raziskavo študij določanja odmerka, s katero bi ugotovili, ali bi bilo pri nekaterih bolnikih primerno tudi zdravljenje s 60 mg enkrat dnevno.</s>
<s id="s17.1">Na podlagi pregleda razpoložljivih podatkov je CHMP menil, da koristi etorikoksiba odtehtajo tveganja pri zdravljenju revmatoidnega artritisa in ankiloznega spondilitisa.</s>
<s id="s18.1">CHMP je 26. junija 2008 ob upoštevanju podatkov, ki so jih zagotovili imetniki dovoljenja za promet z zdravilom, predlagal odobritev spremembe dovoljenj za promet z zdravilom.</s>
<s id="s19.1">Seznam zadevnih imen zdravil je naveden v Dodatku I.</s>
<s id="s19.2">Znanstveni zaključki so navedeni v Dodatku II, spremenjeni podatki o zdravilu v Dodatku III ter pogoji dovoljenja za promet z zdravilom v Dodatku IV.</s>
<s id="s20.1">Končno mnenje je bilo spremenjeno v odločbo Evropske komisije dne 9. septembra 2008.</s>
<s id="s21.1">∗ Opombe:</s>
<s id="s21.2">Informacije v tem dokumentu in njegovih dodatkih odražajo le mnenje CHMP z dne 26. junija 2008.</s>
<s id="s21.3">Pristojni organi držav članic bodo še naprej redno vrednotili to zdravilo.</s>
<s id="s22.1">2/ 2</s>
<s id="s23.1">©EMEA 2008</s>
</body>
</letsmt>
