<?xml version="1.0" encoding="utf-8"?>
<letsmt version="1.0">
<head></head>
<body>
<s id="s1.1">EU Number</s>
<s id="s2.1">Invented Name</s>
<s id="s3.1">Strength</s>
<s id="s4.1">Pharmaceut ical Form</s>
<s id="s5.1">Target species</s>
<s id="s6.1">Route of administration</s>
<s id="s7.1">Packaging</s>
<s id="s8.1">Content</s>
<s id="s9.1">Package size</s>
<s id="s10.1">Withdrawal Period</s>
<s id="s11.1">EU/ 2/ 06/ 065/ 001</s>
<s id="s12.1">ProMeris Duo</s>
<s id="s13.1">100.5 mg metaflumizone and 100.5 mg amitraz</s>
<s id="s14.1">Spot-on solution</s>
<s id="s15.1">Dogs</s>
<s id="s16.1">Spot-on use</s>
<s id="s17.1">Pipette (plastic)</s>
<s id="s18.1">0.67 ml</s>
<s id="s19.1">1 blister card of 3 pipettes</s>
<s id="s20.1">Not applicable</s>
<s id="s21.1">EU/ 2/ 06/ 065/ 002</s>
<s id="s22.1">ProMeris Duo</s>
<s id="s23.1">100.5 mg metaflumizone and 100.5 mg amitraz</s>
<s id="s24.1">Spot-on solution</s>
<s id="s25.1">Dogs</s>
<s id="s26.1">Spot-on use</s>
<s id="s27.1">Pipette (plastic)</s>
<s id="s28.1">0.67 ml</s>
<s id="s29.1">2 blister cards of 3 pipettes</s>
<s id="s30.1">Not applicable</s>
<s id="s31.1">EU/ 2/ 06/ 065/ 003</s>
<s id="s32.1">ProMeris Duo</s>
<s id="s33.1">199.5 mg metaflumizone and 199.5 mg amitraz</s>
<s id="s34.1">Spot-on solution</s>
<s id="s35.1">Dogs</s>
<s id="s36.1">Spot-on use</s>
<s id="s37.1">Pipette (plastic)</s>
<s id="s38.1">1.33 ml</s>
<s id="s39.1">1 blister card of 3 pipettes</s>
<s id="s40.1">Not applicable</s>
<s id="s41.1">EU/ 2/ 06/ 065/ 004</s>
<s id="s42.1">ProMeris Duo</s>
<s id="s43.1">199.5 mg metaflumizone and 199.5 mg amitraz</s>
<s id="s44.1">Spot-on solution</s>
<s id="s45.1">Dogs</s>
<s id="s46.1">Spot-on use</s>
<s id="s47.1">Pipette (plastic)</s>
<s id="s48.1">1.33 ml</s>
<s id="s49.1">2 blister cards of 3 pipettes</s>
<s id="s50.1">Not applicable</s>
<s id="s51.1">EU/ 2/ 06/ 065/ 005</s>
<s id="s52.1">ProMeris Duo</s>
<s id="s53.1">499.5 mg metaflumizone and 499.5 mg amitraz</s>
<s id="s54.1">Spot-on solution</s>
<s id="s55.1">Dogs</s>
<s id="s56.1">Spot-on use</s>
<s id="s57.1">Pipette (plastic)</s>
<s id="s58.1">3.33 ml</s>
<s id="s59.1">1 blister card of 3 pipettes</s>
<s id="s60.1">Not applicable</s>
<s id="s61.1">EU/ 2/ 06/ 065/ 006</s>
<s id="s62.1">ProMeris Duo</s>
<s id="s63.1">499.5 mg metaflumizone and 499.5 mg amitraz</s>
<s id="s64.1">Spot-on solution</s>
<s id="s65.1">Dogs</s>
<s id="s66.1">Spot-on use</s>
<s id="s67.1">Pipette (plastic)</s>
<s id="s68.1">3.33 ml</s>
<s id="s69.1">2 blister cards of 3 pipettes</s>
<s id="s70.1">Not applicable</s>
<s id="s71.1">EU/ 2/ 06/ 065/ 007</s>
<s id="s72.1">ProMeris Duo</s>
<s id="s73.1">799.5 mg metaflumizone and 799.5 mg amitraz</s>
<s id="s74.1">Spot-on solution</s>
<s id="s75.1">Dogs</s>
<s id="s76.1">Spot-on use</s>
<s id="s77.1">Pipette (plastic)</s>
<s id="s78.1">5.33 ml</s>
<s id="s79.1">1 blister card of 3 pipettes</s>
<s id="s80.1">Not applicable</s>
<s id="s81.1">EU/ 2/ 06/ 065/ 008</s>
<s id="s82.1">ProMeris Duo</s>
<s id="s83.1">799.5 mg metaflumizone and 799.5 mg amitraz</s>
<s id="s84.1">Spot-on solution</s>
<s id="s85.1">Dogs</s>
<s id="s86.1">Spot-on use</s>
<s id="s87.1">Pipette (plastic)</s>
<s id="s88.1">5.33 ml</s>
<s id="s89.1">2 blister cards of 3 pipettes</s>
<s id="s90.1">Not applicable</s>
<s id="s91.1">EU/ 2/ 06/ 065/ 009</s>
<s id="s92.1">ProMeris Duo</s>
<s id="s93.1">999 mg metaflumizone and 999 mg amitraz</s>
<s id="s94.1">Spot-on solution</s>
<s id="s95.1">Dogs</s>
<s id="s96.1">Spot-on use</s>
<s id="s97.1">Pipette (plastic)</s>
<s id="s98.1">6.66 ml</s>
<s id="s99.1">1 blister card of 3 pipettes</s>
<s id="s100.1">Not applicable</s>
<s id="s101.1">EU/ 2/ 06/ 065/ 010</s>
<s id="s102.1">ProMeris Duo</s>
<s id="s103.1">999 mg metaflumizone and 999 mg amitraz</s>
<s id="s104.1">Spot-on solution</s>
<s id="s105.1">Dogs</s>
<s id="s106.1">Spot-on use</s>
<s id="s107.1">Pipette (plastic)</s>
<s id="s108.1">6.66 ml</s>
<s id="s109.1">2 blister cards of 3 pipettes</s>
<s id="s110.1">Not applicable</s>
<s id="s111.1">CVMP/ 431321/ 06 1/ 1 ©EMEA 2006</s>
</body>
</letsmt>
