<?xml version="1.0" encoding="utf-8"?>
<letsmt version="1.0">
<head></head>
<body>
<s id="s1.1">ANNEX I</s>
<s id="s2.1">NAME, PHARMACEUTICAL FORM, STRENGTH OF THE MEDICINAL PRODUCT, ANIMAL SPECIES, ROUTES OF ADMINISTRATION, AND MARKETING AUTHORISATION HOLDER</s>
<s id="s3.1">1/ 7 Applicant or Marketing Authorisation Holder</s>
<s id="s4.1">Product invented name</s>
<s id="s5.1">Pharmaceutical form</s>
<s id="s6.1">Strength</s>
<s id="s7.1">Animal species</s>
<s id="s8.1">Frequency and route of administration</s>
<s id="s9.1">Recommended dose</s>
<s id="s10.1">Le Vet B. V.</s>
<s id="s10.2">Willeskop 212 3421 GW Oudewater The Netherlands</s>
<s id="s11.1">Equibactin vet.</s>
<s id="s11.2">(333 mg/ g + 67 mg/ g) Oral Paste for Horses.</s>
<s id="s12.1">paste</s>
<s id="s13.1">333.3 mg/ g sulfadiazine and 66.7 mg/ g trimethoprim.</s>
<s id="s14.1">horse</s>
<s id="s15.1">oral</s>
<s id="s16.1">5 mg trimethoprim and 25 mg sulfadiazine per kg body weight per day to a maximum of 5 days.</s>
<s id="s17.1">2/ 7 ANNEX II</s>
<s id="s18.1">SCIENTIFIC CONCLUSIONS</s>
<s id="s19.1">3/ 7 SCIENTIFIC CONCLUSIONS</s>
<s id="s20.1">1.</s>
<s id="s20.2">Introduction and background</s>
<s id="s21.1">The Netherlands, reference member state in the decentralised procedure, notified the EMEA on 24 September 2007 that the Co-ordination Group for Mutual Recognition and Decentralised Procedures - Veterinary (CMD(v)) failed to reach an agreement for Equibactin vet.</s>
<s id="s21.2">(333 mg/ g + 67 mg/ g) Oral Paste for Horses.</s>
<s id="s21.3">Pursuant to Article 33(4) of Council Directive 2001/ 82/ EC, as amended, the matter was referred to the CVMP.</s>
<s id="s22.1">France considers that the dosing regime of the product is not correct.</s>
<s id="s22.2">This may lead to lack of efficacy and furthering resistance development in target pathogens, which could possibly lead to risks to human health where zoonotic bacteria are concerned.</s>
<s id="s23.1">CVMP noted that Equibactin vet.</s>
<s id="s23.2">(333 mg/ g + 67 mg/ g) Oral Paste for Horses is a generic of Tribrissen oral paste (authorised in the Netherlands) and that the concerns raised by France can only be addressed in the framework of this procedure, in case any differences between both products would justify different conclusions on the safety or efficacy.</s>
<s id="s24.1">CVMP started the procedure on 6 November 2007.</s>
<s id="s24.2">A list of questions was adopted on 8 November 2007 and sent to the marketing authorisations holders (MAH), by which the procedure clock was stopped.</s>
<s id="s24.3">On 16 November 2007 responses to the questions were received from MAH and the clock restarted.</s>
<s id="s25.1">The aim of the assessment is to establish whether marketing authorisations of veterinary medicinal products included in the referral procedure should be maintained, suspended, varied or revoked with view to the grounds for referral.</s>
<s id="s26.1">2.</s>
<s id="s26.2">Discussion</s>
<s id="s27.1">The applicant was requested to provide the following information:</s>
<s id="s27.2">1.</s>
<s id="s27.3">A copy of the dossier of Equibactin vet.</s>
<s id="s27.4">(333 mg/ g + 67 mg/ g) Oral Paste for Horses and any supplementary data added to it, up to day 60 of the referral procedure in CM(v).</s>
<s id="s27.5">2.</s>
<s id="s27.6">In view of the concerns raised by France, to indicate and to substantiate where necessary any differences between Equibactin vet.</s>
<s id="s27.7">(333 mg/ g + 67 mg/ g) Oral Paste for Horses and the reference product Tribrissen Oral Paste (authorised in the Netherlands) that could justify different conclusions on the safety or efficacy for the two products.</s>
<s id="s28.1">In response to question 1, the applicant provided a copy of the original dossier as submitted in support of the application of a decentralised procedure, and any supplementary data submitted during the decentralised procedure in response to the phase I and phase II assessment and the referral procedure in CMD(v) thereafter.</s>
<s id="s29.1">In a GLP single dose bioequivalence study in horses, performed in accordance with appropriate guidelines, Equibactin vet.</s>
<s id="s29.2">Oral Paste for Horses proved to be bioequivalent to the reference products Tribrissen (REG NL 5055 in the Netherlands) and Tribissen (Vm 0201/ 4064 in the UK).</s>
<s id="s29.3">The original reference product &quot;Tribrissen Oral Paste&quot; was authorised in the Netherlands in 1992.</s>
<s id="s30.1">Under these conditions the applicant is exempted from submitting further preclinical or clinical data on efficacy of the proposed product, and can claim the same indications for use and the same precautionary warnings to ensure safe use for the product as for the reference product Tribrissen Oral Paste.</s>
<s id="s31.1">In response to question 2, the applicant pointed out that there are no differences at all that would justify different conclusions on the safety and efficacy for the two products.</s>
<s id="s31.2">Moreover, there are only</s>
<s id="s32.1">4/ 7 similarities proving equal safety and efficacy of Equibactin vet.</s>
<s id="s32.2">Oral Paste for Horses with the reference product Tribrissen Oral Paste (authorised in the Netherlands under REG NL 5055).</s>
<s id="s33.1">Based on the identical composition with respect to active ingredients, Trimethoprim and Sulfadiazine, the same pharmaceutical form, and proven bioequivalence between Equibactin vet.</s>
<s id="s33.2">Oral Paste and Tribrissen oral paste for trimethoprim as well as for sulfadiazine, the products are regarded to be essentially similar.</s>
<s id="s33.3">Consequently, the conclusions on efficacy and safety for the reference product, Tribrissen oral paste, can be extended to the generic product, Equibactin vet.</s>
<s id="s33.4">Oral Paste.</s>
<s id="s34.1">The applicant agreed to submit a request for variation of Equibactin vet.</s>
<s id="s34.2">Oral Paste, in accordance with the outcome of referral procedure EMEA/ V/ 023 under Article 35 of Directive 2001/ 82/ EC as amended, for the reference medicinal product Tribrissen Oral Paste authorised in The Netherlands.</s>
<s id="s35.1">3.</s>
<s id="s35.2">Conclusions and Recommendations</s>
<s id="s36.1">Equibactin vet Oral Paste proved to be essentially similar to the reference product, Tribrissen Oral Paste.</s>
<s id="s36.2">Consequently, the same conclusions on efficacy and safety apply to both products.</s>
<s id="s36.3">The objections raised by France should not prevent the granting of a marketing authorisation for Equibactin vet.</s>
<s id="s36.4">Oral Paste.</s>
<s id="s37.1">It is recommended to vary Equibactin vet.</s>
<s id="s37.2">Oral Paste in accordance with the outcome of referral procedure EMEA/ V/ 023 under Article 35 of Directive 2001/ 82/ EC as amended, for the reference medicinal product Tribrissen Oral Paste authorised in The Netherlands.</s>
<s id="s38.1">5/ 7 ANNEX III</s>
<s id="s39.1">SUMMARY OF PRODUCT CHARACTERISTICS, LABELLING AND PACKAGE INSERT</s>
<s id="s40.1">6/ 7 The valid Summary of Product Characteristics, labelling and package leaflet are the versions agreed by the Reference Member State and Concerned Member States (except France) at day 210 of the decentralised procedure.</s>
<s id="s41.1">7/ 7</s>
</body>
</letsmt>
