<?xml version="1.0" encoding="utf-8"?>
<letsmt version="1.0">
<head></head>
<body>
<s id="s1.1">European Medicines Agency Veterinary Medicines</s>
<s id="s2.1">EMEA/ V/ C/ 110</s>
<s id="s3.1">EUROPEAN PUBLIC ASSESSMENT REPORT (EPAR)</s>
<s id="s4.1">CORTAVANCE</s>
<s id="s5.1">EPAR summary for the public</s>
<s id="s6.1">This document is a summary of the European Public Assessment Report.</s>
<s id="s6.2">Its purpose is to explain how the assessment done by the Committee for Medicinal Products for Veterinary Use (CVMP) on the basis of the documentation provided, led to the recommendations on the conditions of use.</s>
<s id="s6.3">This document cannot replace a face-to-face discussion with your veterinarian.</s>
<s id="s6.4">If you need more information about your animal’ s medical condition or treatment, contact your veterinarian.</s>
<s id="s6.5">If you want more information on the basis of the CVMP recommendations, read the Scientific Discussion (also part of the EPAR).</s>
<s id="s7.1">What is Cortavance?</s>
<s id="s8.1">Cortavance is a spray containing a solution of the active substance hydrocortisone aceponate.</s>
<s id="s9.1">What is Cortavance used for?</s>
<s id="s10.1">Cortavance is used to treat inflamed and itchy skin conditions in dogs.</s>
<s id="s10.2">Cortavance is given once a day for 7 days.</s>
<s id="s10.3">It is sprayed on the affected area, avoiding the eyes.</s>
<s id="s10.4">The pump delivers in two sprays enough medicine to treat an area of about 100 cm2.</s>
<s id="s10.5">If no improvement is seen after 7 days, the treatment should be re-evaluated by a veterinarian.</s>
<s id="s11.1">How does Cortavance work?</s>
<s id="s12.1">The active substance in Cortavance, hydrocortisone aceponate, is a steroid which is a type of substance that helps to reduce inflammation.</s>
<s id="s12.2">The steroid is in a special chemical form (a diester) that makes it effective at low doses in skin conditions as the medicine is able to get into and remain longer in the outer layer of the skin.</s>
<s id="s13.1">How has Cortavance been studied?</s>
<s id="s14.1">The clinical part of the dossier consisted of studies to determine the dose and of one field trial.</s>
<s id="s14.2">The field trial consisted of a multi-site study comparing treatment of dogs with itchy skin conditions with Cortavance to treatment with a different steroid-containing product.</s>
<s id="s14.3">Fifty-four dogs were treated with Cortavance and 51 with this other product.</s>
<s id="s15.1">7 Westferry Circus, Canary Wharf, London E14 4HB, UK Tel.</s>
<s id="s15.2">(44-20) 74 18 84 00 Fax (44-20) 74 18 84 47 E-mail: mail@emea. europa. eu http: / /www. emea. europa. eu ©EMEA 2006 Reproduction and/ or distribution of this document is authorised for non commercial purposes only provided the EMEA is acknowledged What benefit has Cortavance shown during the studies?</s>
<s id="s16.1">The studies to determine the dose generally supported the chosen dose and the length of treatment.</s>
<s id="s16.2">Significant improvement of the skin condition was demonstrated in several studies under controlled conditions, whereas significant reduction of itching was demonstrated in only one of these laboratory studies in which the dogs received treatment against external parasites at the same time.</s>
<s id="s16.3">Results from the field trial indicated comparable efficacy between Cortavance and the comparator product.</s>
<s id="s17.1">What is the risk associated with Cortavance?</s>
<s id="s18.1">There are no side effects reported in animals who have been treated with Cortavance.</s>
<s id="s18.2">The treatment area should not normally exceed an area corresponding to the two flanks of the animal.</s>
<s id="s18.3">Before treatment, any other existing skin conditions (such as an infection) must be treated and Cortavance should not be used on skin ulcers.</s>
<s id="s18.4">The medicine should not normally be used in dogs suffering from Cushing’ s syndrome (a disorder where the body produces too much natural steroid), and in young animals (under 7 months of age) as steroids are known to slow growth.</s>
<s id="s19.1">What are the precautions for the person who gives the medicine or comes into contact with the animal?</s>
<s id="s20.1">Wash hands after use.</s>
<s id="s20.2">In case of accidental contact (skin, eye), wash thoroughly with water.</s>
<s id="s20.3">In case of accidental ingestion, seek medical advice immediately and show the leaflet or the label to the physician.</s>
<s id="s21.1">Spray preferably in a well ventilated area.</s>
<s id="s21.2">The spray is flammable and should not be used next to a naked flame or any incandescent material.</s>
<s id="s21.3">Do not smoke when applying this product.</s>
<s id="s22.1">Why has Cortavance been approved?</s>
<s id="s23.1">The Committee for Medicinal Products for Veterinary Use (CVMP) concluded that the benefits of Cortavance exceed the risks for the treatment of inflamed and itchy skin conditions and recommended that Cortavance be given a marketing authorisation.</s>
<s id="s23.2">The benefit-risk balance may be found in module 6 of this EPAR.</s>
<s id="s24.1">Other information about Cortavance:</s>
<s id="s25.1">The European Commission granted a marketing authorisation valid throughout the European Union, for Cortavance to Virback S. A. on 09/ 01/ 2007.</s>
<s id="s25.2">Information on the prescription status of this product may be found on the label/ outer package.</s>
<s id="s26.1">This summary was last updated on 09/ 01/ 2007.</s>
<s id="s27.1">Page 2/ 2 ©EMEA 2006</s>
</body>
</letsmt>
