<?xml version="1.0" encoding="utf-8"?>
<text>
<p id="1">
<s id="s1.1">
 <w id="w1.1.1">European</w> 
 <w id="w1.1.2">Medicines</w> 
 <w id="w1.1.3">Agency</w>
</s></p>

<p id="2">
<s id="s2.1">
 <w id="w2.1.1">EMEA/</w>
 <w id="w2.1.2">H/</w>
 <w id="w2.1.3">C/</w>
 <w id="w2.1.4">670</w>
</s></p>

<p id="3">
<s id="s3.1">
 <w id="w3.1.1">EVROPSKO</w> 
 <w id="w3.1.2">JAVNO</w> 
 <w id="w3.1.3">POROČILO</w> 
 <w id="w3.1.4">O</w> 
 <w id="w3.1.5">OCENI</w> 
 <w id="w3.1.6">ZDRAVILA</w> 
 <w id="w3.1.7">(</w>
 <w id="w3.1.8">EPAR</w>
 <w id="w3.1.9">)</w>
</s></p>

<p id="4">
<s id="s4.1">
 <w id="w4.1.1">EXJADE</w>
</s></p>

<p id="5">
<s id="s5.1">
 <w id="w5.1.1">Povzetek</w> 
 <w id="w5.1.2">EPAR</w> 
 <w id="w5.1.3">za</w> 
 <w id="w5.1.4">javnost</w>
</s></p>

<p id="6">
<s id="s6.1">
 <w id="w6.1.1">Ta</w> 
 <w id="w6.1.2">dokument</w> 
 <w id="w6.1.3">je</w> 
 <w id="w6.1.4">povzetek</w> 
 <w id="w6.1.5">evropskega</w> 
 <w id="w6.1.6">javnega</w> 
 <w id="w6.1.7">poročila</w> 
 <w id="w6.1.8">o</w> 
 <w id="w6.1.9">oceni</w> 
 <w id="w6.1.10">zdravila</w> 
 <w id="w6.1.11">(</w>
 <w id="w6.1.12">EPAR</w>
 <w id="w6.1.13">)</w>
 <w id="w6.1.14">.</w>
</s> 
 
<s id="s6.2">
 <w id="w6.2.1">Pojasnjuje</w>
 <w id="w6.2.2">,</w> 
 <w id="w6.2.3">kako</w> 
 <w id="w6.2.4">je</w> 
 <w id="w6.2.5">Odbor</w> 
 <w id="w6.2.6">za</w> 
 <w id="w6.2.7">zdravila</w> 
 <w id="w6.2.8">za</w> 
 <w id="w6.2.9">uporabo</w> 
 <w id="w6.2.10">v</w> 
 <w id="w6.2.11">humani</w> 
 <w id="w6.2.12">medicini</w> 
 <w id="w6.2.13">(</w>
 <w id="w6.2.14">CHMP</w>
 <w id="w6.2.15">)</w> 
 <w id="w6.2.16">ocenil</w> 
 <w id="w6.2.17">opravljene</w> 
 <w id="w6.2.18">študije</w>
 <w id="w6.2.19">,</w> 
 <w id="w6.2.20">na</w> 
 <w id="w6.2.21">podlagi</w> 
 <w id="w6.2.22">katerih</w> 
 <w id="w6.2.23">je</w> 
 <w id="w6.2.24">oblikoval</w> 
 <w id="w6.2.25">priporočila</w> 
 <w id="w6.2.26">glede</w> 
 <w id="w6.2.27">uporabe</w> 
 <w id="w6.2.28">zdravila</w>
 <w id="w6.2.29">.</w>
</s> 
 
<s id="s6.3">
 <w id="w6.3.1">Če</w> 
 <w id="w6.3.2">potrebujete</w> 
 <w id="w6.3.3">več</w> 
 <w id="w6.3.4">informacij</w> 
 <w id="w6.3.5">o</w> 
 <w id="w6.3.6">svojem</w> 
 <w id="w6.3.7">zdravstvenem</w> 
 <w id="w6.3.8">stanju</w> 
 <w id="w6.3.9">ali</w> 
 <w id="w6.3.10">zdravljenju</w>
 <w id="w6.3.11">,</w> 
 <w id="w6.3.12">preberite</w> 
 <w id="w6.3.13">navodilo</w> 
 <w id="w6.3.14">za</w> 
 <w id="w6.3.15">uporabo</w> 
 <w id="w6.3.16">(</w>
 <w id="w6.3.17">ki</w> 
 <w id="w6.3.18">je</w> 
 <w id="w6.3.19">prav</w> 
 <w id="w6.3.20">tako</w> 
 <w id="w6.3.21">del</w> 
 <w id="w6.3.22">EPAR</w>
 <w id="w6.3.23">)</w> 
 <w id="w6.3.24">ali</w> 
 <w id="w6.3.25">se</w> 
 <w id="w6.3.26">posvetujte</w> 
 <w id="w6.3.27">s</w> 
 <w id="w6.3.28">svojim</w> 
 <w id="w6.3.29">zdravnikom</w> 
 <w id="w6.3.30">ali</w> 
 <w id="w6.3.31">farmacevtom</w>
 <w id="w6.3.32">.</w>
</s> 
 
<s id="s6.4">
 <w id="w6.4.1">Če</w> 
 <w id="w6.4.2">želite</w> 
 <w id="w6.4.3">več</w> 
 <w id="w6.4.4">informacij</w>
 <w id="w6.4.5">,</w> 
 <w id="w6.4.6">ki</w> 
 <w id="w6.4.7">temeljijo</w> 
 <w id="w6.4.8">na</w> 
 <w id="w6.4.9">priporočilih</w> 
 <w id="w6.4.10">CHMP</w>
 <w id="w6.4.11">,</w> 
 <w id="w6.4.12">preberite</w> 
 <w id="w6.4.13">znanstveno</w> 
 <w id="w6.4.14">razpravo</w> 
 <w id="w6.4.15">(</w>
 <w id="w6.4.16">ki</w> 
 <w id="w6.4.17">je</w> 
 <w id="w6.4.18">prav</w> 
 <w id="w6.4.19">tako</w> 
 <w id="w6.4.20">del</w> 
 <w id="w6.4.21">EPAR</w>
 <w id="w6.4.22">)</w>
 <w id="w6.4.23">.</w>
</s></p>

<p id="7">
<s id="s7.1">
 <w id="w7.1.1">Kaj</w> 
 <w id="w7.1.2">je</w> 
 <w id="w7.1.3">zdravilo</w> 
 <w id="w7.1.4">Exjade</w>
 <w id="w7.1.5">?</w>
</s> 
 
<s id="s7.2">
 <w id="w7.2.1">Exjade</w> 
 <w id="w7.2.2">je</w> 
 <w id="w7.2.3">zdravilo</w>
 <w id="w7.2.4">,</w> 
 <w id="w7.2.5">ki</w> 
 <w id="w7.2.6">vsebuje</w> 
 <w id="w7.2.7">zdravilno</w> 
 <w id="w7.2.8">učinkovino</w> 
 <w id="w7.2.9">deferasiroks</w>
 <w id="w7.2.10">.</w>
</s> 
 
<s id="s7.3">
 <w id="w7.3.1">Na</w> 
 <w id="w7.3.2">voljo</w> 
 <w id="w7.3.3">je</w> 
 <w id="w7.3.4">v</w> 
 <w id="w7.3.5">obliki</w> 
 <w id="w7.3.6">okroglih</w>
 <w id="w7.3.7">,</w> 
 <w id="w7.3.8">belih</w> 
 <w id="w7.3.9">topljivih</w> 
 <w id="w7.3.10">tablet</w>
 <w id="w7.3.11">,</w> 
 <w id="w7.3.12">ki</w> 
 <w id="w7.3.13">se</w> 
 <w id="w7.3.14">s</w> 
 <w id="w7.3.15">tekočino</w> 
 <w id="w7.3.16">zmešajo</w> 
 <w id="w7.3.17">v</w> 
 <w id="w7.3.18">suspenzijo</w>
 <w id="w7.3.19">,</w> 
 <w id="w7.3.20">ki</w> 
 <w id="w7.3.21">jo</w> 
 <w id="w7.3.22">bolnik</w> 
 <w id="w7.3.23">lahko</w> 
 <w id="w7.3.24">spije</w>
 <w id="w7.3.25">.</w>
</s> 
 
<s id="s7.4">
 <w id="w7.4.1">Posamezna</w> 
 <w id="w7.4.2">tableta</w> 
 <w id="w7.4.3">vsebuje</w> 
 <w id="w7.4.4">125</w> 
 <w id="w7.4.5">mg</w>
 <w id="w7.4.6">,</w> 
 <w id="w7.4.7">250</w> 
 <w id="w7.4.8">mg</w> 
 <w id="w7.4.9">ali</w> 
 <w id="w7.4.10">500</w> 
 <w id="w7.4.11">mg</w> 
 <w id="w7.4.12">deferasiroksa</w>
 <w id="w7.4.13">.</w>
</s></p>

<p id="8">
<s id="s8.1">
 <w id="w8.1.1">Za</w> 
 <w id="w8.1.2">kaj</w> 
 <w id="w8.1.3">se</w> 
 <w id="w8.1.4">zdravilo</w> 
 <w id="w8.1.5">Exjade</w> 
 <w id="w8.1.6">uporablja</w>
 <w id="w8.1.7">?</w>
</s> 
 
<s id="s8.2">
 <w id="w8.2.1">Zdravilo</w> 
 <w id="w8.2.2">Exjade</w> 
 <w id="w8.2.3">se</w> 
 <w id="w8.2.4">uporablja</w> 
 <w id="w8.2.5">za</w> 
 <w id="w8.2.6">zdravljenje</w> 
 <w id="w8.2.7">kronične</w> 
 <w id="w8.2.8">preobremenitve</w> 
 <w id="w8.2.9">z</w> 
 <w id="w8.2.10">železom</w> 
 <w id="w8.2.11">(</w>
 <w id="w8.2.12">presežek</w> 
 <w id="w8.2.13">železa</w> 
 <w id="w8.2.14">v</w> 
 <w id="w8.2.15">telesu</w>
 <w id="w8.2.16">)</w>
 <w id="w8.2.17">,</w> 
 <w id="w8.2.18">ki</w> 
 <w id="w8.2.19">nastane</w> 
 <w id="w8.2.20">zaradi</w> 
 <w id="w8.2.21">ponavljajočih</w> 
 <w id="w8.2.22">se</w> 
 <w id="w8.2.23">transfuzij</w> 
 <w id="w8.2.24">krvi</w>
 <w id="w8.2.25">.</w> 
 <w id="w8.2.26">•</w> 
 <w id="w8.2.27">Zdravilo</w> 
 <w id="w8.2.28">Exjade</w> 
 <w id="w8.2.29">se</w> 
 <w id="w8.2.30">uporablja</w> 
 <w id="w8.2.31">za</w> 
 <w id="w8.2.32">zmanjšanje</w> 
 <w id="w8.2.33">količine</w> 
 <w id="w8.2.34">železa</w> 
 <w id="w8.2.35">v</w> 
 <w id="w8.2.36">telesu</w> 
 <w id="w8.2.37">bolnikov</w> 
 <w id="w8.2.38">od</w> 
 <w id="w8.2.39">šestega</w> 
 <w id="w8.2.40">leta</w>      
 <w id="w8.2.41">starosti</w> 
 <w id="w8.2.42">dalje</w>
 <w id="w8.2.43">,</w> 
 <w id="w8.2.44">ki</w> 
 <w id="w8.2.45">imajo</w> 
 <w id="w8.2.46">dedno</w> 
 <w id="w8.2.47">bolezen</w>
 <w id="w8.2.48">,</w> 
 <w id="w8.2.49">imenovano</w> 
 <w id="w8.2.50">beta</w> 
 <w id="w8.2.51">talasemija</w> 
 <w id="w8.2.52">major</w>
 <w id="w8.2.53">,</w> 
 <w id="w8.2.54">za</w> 
 <w id="w8.2.55">zdravljenje</w> 
 <w id="w8.2.56">katere</w>      
 <w id="w8.2.57">prejemajo</w> 
 <w id="w8.2.58">pogoste</w> 
 <w id="w8.2.59">transfuzije</w> 
 <w id="w8.2.60">krvi</w>
 <w id="w8.2.61">.</w>
</s> 
 
<s id="s8.3">
 <w id="w8.3.1">Bolniki</w> 
 <w id="w8.3.2">z</w> 
 <w id="w8.3.3">beta</w> 
 <w id="w8.3.4">talasemijo</w> 
 <w id="w8.3.5">major</w> 
 <w id="w8.3.6">ne</w> 
 <w id="w8.3.7">morejo</w> 
 <w id="w8.3.8">tvoriti</w> 
 <w id="w8.3.9">dovolj</w>      
 <w id="w8.3.10">hemoglobina</w> 
 <w id="w8.3.11">(</w>
 <w id="w8.3.12">beljakovine</w> 
 <w id="w8.3.13">v</w> 
 <w id="w8.3.14">rdečih</w> 
 <w id="w8.3.15">krvnih</w> 
 <w id="w8.3.16">celicah</w>
 <w id="w8.3.17">,</w> 
 <w id="w8.3.18">ki</w> 
 <w id="w8.3.19">prenaša</w> 
 <w id="w8.3.20">kisik</w> 
 <w id="w8.3.21">po</w> 
 <w id="w8.3.22">telesu</w>
 <w id="w8.3.23">)</w>
 <w id="w8.3.24">,</w> 
 <w id="w8.3.25">zato</w> 
 <w id="w8.3.26">potrebujejo</w>      
 <w id="w8.3.27">redne</w> 
 <w id="w8.3.28">transfuzije</w> 
 <w id="w8.3.29">krvi</w>
 <w id="w8.3.30">.</w>
</s> 
 
<s id="s8.4">
 <w id="w8.4.1">Pogoste</w> 
 <w id="w8.4.2">transfuzije</w> 
 <w id="w8.4.3">pomenijo</w> 
 <w id="w8.4.4">najmanj</w> 
 <w id="w8.4.5">7</w> 
 <w id="w8.4.6">ml</w> 
 <w id="w8.4.7">koncentriranih</w> 
 <w id="w8.4.8">eritrocitov</w> 
 <w id="w8.4.9">na</w>      
 <w id="w8.4.10">kilogram</w> 
 <w id="w8.4.11">telesne</w> 
 <w id="w8.4.12">mase</w> 
 <w id="w8.4.13">na</w> 
 <w id="w8.4.14">mesec</w>
 <w id="w8.4.15">.</w> 
 <w id="w8.4.16">•</w> 
 <w id="w8.4.17">Zdravilo</w> 
 <w id="w8.4.18">Exjade</w> 
 <w id="w8.4.19">se</w> 
 <w id="w8.4.20">uporablja</w> 
 <w id="w8.4.21">tudi</w>
 <w id="w8.4.22">,</w> 
 <w id="w8.4.23">kadar</w> 
 <w id="w8.4.24">deferoksamina</w> 
 <w id="w8.4.25">(</w>
 <w id="w8.4.26">drugo</w> 
 <w id="w8.4.27">zdravilo</w> 
 <w id="w8.4.28">za</w> 
 <w id="w8.4.29">zdravljenje</w>      
 <w id="w8.4.30">preobremenitve</w> 
 <w id="w8.4.31">z</w> 
 <w id="w8.4.32">železom</w>
 <w id="w8.4.33">)</w> 
 <w id="w8.4.34">ni</w> 
 <w id="w8.4.35">mogoče</w> 
 <w id="w8.4.36">uporabljati</w> 
 <w id="w8.4.37">ali</w> 
 <w id="w8.4.38">je</w> 
 <w id="w8.4.39">neprimeren</w> 
 <w id="w8.4.40">pri</w> 
 <w id="w8.4.41">bolnikih</w> 
 <w id="w8.4.42">z</w> 
 <w id="w8.4.43">drugimi</w> 
 <w id="w8.4.44">vrstami</w>      
 <w id="w8.4.45">slabokrvnosti</w>
 <w id="w8.4.46">,</w> 
 <w id="w8.4.47">otrocih</w> 
 <w id="w8.4.48">v</w> 
 <w id="w8.4.49">starosti</w> 
 <w id="w8.4.50">od</w> 
 <w id="w8.4.51">dve</w> 
 <w id="w8.4.52">do</w> 
 <w id="w8.4.53">pet</w> 
 <w id="w8.4.54">let</w> 
 <w id="w8.4.55">in</w> 
 <w id="w8.4.56">pri</w> 
 <w id="w8.4.57">bolnikih</w> 
 <w id="w8.4.58">z</w> 
 <w id="w8.4.59">beta</w> 
 <w id="w8.4.60">talasemijo</w> 
 <w id="w8.4.61">major</w>
 <w id="w8.4.62">,</w> 
 <w id="w8.4.63">ki</w>      
 <w id="w8.4.64">prejemajo</w> 
 <w id="w8.4.65">transfuzije</w> 
 <w id="w8.4.66">manj</w> 
 <w id="w8.4.67">pogosto</w>
 <w id="w8.4.68">.</w>
</s> 
 
<s id="s8.5">
 <w id="w8.5.1">Ker</w> 
 <w id="w8.5.2">je</w> 
 <w id="w8.5.3">število</w> 
 <w id="w8.5.4">bolnikov</w> 
 <w id="w8.5.5">s</w> 
 <w id="w8.5.6">kronično</w> 
 <w id="w8.5.7">preobremenitvijo</w> 
 <w id="w8.5.8">z</w> 
 <w id="w8.5.9">železom</w> 
 <w id="w8.5.10">majhno</w>
 <w id="w8.5.11">,</w> 
 <w id="w8.5.12">velja</w> 
 <w id="w8.5.13">ta</w> 
 <w id="w8.5.14">bolezen</w> 
 <w id="w8.5.15">za</w> 
 <w id="w8.5.16">„</w>
 <w id="w8.5.17">redko</w>
 <w id="w8.5.18">“</w>
 <w id="w8.5.19">,</w> 
 <w id="w8.5.20">zato</w> 
 <w id="w8.5.21">je</w> 
 <w id="w8.5.22">bilo</w> 
 <w id="w8.5.23">zdravilo</w> 
 <w id="w8.5.24">Exjade</w> 
 <w id="w8.5.25">13</w>
 <w id="w8.5.26">.</w> 
 <w id="w8.5.27">marca</w> 
 <w id="w8.5.28">2002</w> 
 <w id="w8.5.29">določeno</w> 
 <w id="w8.5.30">kot</w> 
 <w id="w8.5.31">„</w>
 <w id="w8.5.32">zdravilo</w> 
 <w id="w8.5.33">sirota</w>
 <w id="w8.5.34">“</w> 
 <w id="w8.5.35">(</w>
 <w id="w8.5.36">zdravilo</w>
 <w id="w8.5.37">,</w> 
 <w id="w8.5.38">ki</w> 
 <w id="w8.5.39">se</w> 
 <w id="w8.5.40">uporablja</w> 
 <w id="w8.5.41">za</w> 
 <w id="w8.5.42">zdravljenje</w> 
 <w id="w8.5.43">redkih</w> 
 <w id="w8.5.44">bolezni</w>
 <w id="w8.5.45">)</w>
 <w id="w8.5.46">.</w>
</s> 
 
<s id="s8.6">
 <w id="w8.6.1">Zdravilo</w> 
 <w id="w8.6.2">se</w> 
 <w id="w8.6.3">dobi</w> 
 <w id="w8.6.4">samo</w> 
 <w id="w8.6.5">na</w> 
 <w id="w8.6.6">recept</w>
 <w id="w8.6.7">.</w>
</s></p>

<p id="9">
<s id="s9.1">
 <w id="w9.1.1">Kako</w> 
 <w id="w9.1.2">se</w> 
 <w id="w9.1.3">zdravilo</w> 
 <w id="w9.1.4">Exjade</w> 
 <w id="w9.1.5">uporablja</w>
 <w id="w9.1.6">?</w>
</s> 
 
<s id="s9.2">
 <w id="w9.2.1">Zdravljenje</w> 
 <w id="w9.2.2">z</w> 
 <w id="w9.2.3">zdravilom</w> 
 <w id="w9.2.4">Exjade</w> 
 <w id="w9.2.5">mora</w> 
 <w id="w9.2.6">uvesti</w> 
 <w id="w9.2.7">in</w> 
 <w id="w9.2.8">nadzorovati</w> 
 <w id="w9.2.9">zdravnik</w>
 <w id="w9.2.10">,</w> 
 <w id="w9.2.11">ki</w> 
 <w id="w9.2.12">ima</w> 
 <w id="w9.2.13">izkušnje</w> 
 <w id="w9.2.14">z</w> 
 <w id="w9.2.15">zdravljenjem</w> 
 <w id="w9.2.16">kronične</w> 
 <w id="w9.2.17">preobremenitve</w> 
 <w id="w9.2.18">z</w> 
 <w id="w9.2.19">železom</w> 
 <w id="w9.2.20">zaradi</w> 
 <w id="w9.2.21">pogostih</w> 
 <w id="w9.2.22">transfuzij</w>
 <w id="w9.2.23">.</w>
</s> 
 
<s id="s9.3">
 <w id="w9.3.1">Z</w> 
 <w id="w9.3.2">zdravilom</w> 
 <w id="w9.3.3">Exjade</w> 
 <w id="w9.3.4">se</w> 
 <w id="w9.3.5">lahko</w> 
 <w id="w9.3.6">zdravijo</w> 
 <w id="w9.3.7">samo</w> 
 <w id="w9.3.8">bolniki</w>
 <w id="w9.3.9">,</w> 
 <w id="w9.3.10">ki</w> 
 <w id="w9.3.11">nimajo</w> 
 <w id="w9.3.12">težav</w> 
 <w id="w9.3.13">z</w> 
 <w id="w9.3.14">ledvicami</w>
 <w id="w9.3.15">.</w>
</s> 
 
<s id="s9.4">
 <w id="w9.4.1">Zdravljenje</w> 
 <w id="w9.4.2">se</w> 
 <w id="w9.4.3">začne</w>
 <w id="w9.4.4">,</w> 
 <w id="w9.4.5">ko</w> 
 <w id="w9.4.6">bolnik</w> 
 <w id="w9.4.7">prejme</w> 
 <w id="w9.4.8">približno</w> 
 <w id="w9.4.9">100</w> 
 <w id="w9.4.10">ml</w> 
 <w id="w9.4.11">koncentriranih</w> 
 <w id="w9.4.12">eritrocitov</w> 
 <w id="w9.4.13">na</w> 
 <w id="w9.4.14">kilogram</w> 
 <w id="w9.4.15">telesne</w> 
 <w id="w9.4.16">mase</w> 
 <w id="w9.4.17">ali</w> 
 <w id="w9.4.18">ko</w> 
 <w id="w9.4.19">se</w> 
 <w id="w9.4.20">pojavijo</w> 
 <w id="w9.4.21">znaki</w> 
 <w id="w9.4.22">preobremenitve</w> 
 <w id="w9.4.23">z</w> 
 <w id="w9.4.24">železom</w> 
 <w id="w9.4.25">(</w>
 <w id="w9.4.26">ko</w> 
 <w id="w9.4.27">so</w> 
 <w id="w9.4.28">ravni</w> 
 <w id="w9.4.29">feritina</w>
 <w id="w9.4.30">,</w> 
 <w id="w9.4.31">tj</w>
 <w id="w9.4.32">.</w> 
 <w id="w9.4.33">beljakovine</w> 
 <w id="w9.4.34">v</w> 
 <w id="w9.4.35">telesu</w> 
 <w id="w9.4.36">za</w> 
 <w id="w9.4.37">skladiščenje</w> 
 <w id="w9.4.38">železa</w>
 <w id="w9.4.39">,</w> 
 <w id="w9.4.40">v</w> 
 <w id="w9.4.41">krvi</w> 
 <w id="w9.4.42">večje</w> 
 <w id="w9.4.43">od</w> 
 <w id="w9.4.44">1</w> 
 <w id="w9.4.45">mg</w> 
 <w id="w9.4.46">na</w> 
 <w id="w9.4.47">liter</w>
 <w id="w9.4.48">)</w>
 <w id="w9.4.49">.</w>
</s> 
 
<s id="s9.5">
 <w id="w9.5.1">Zdravljenje</w> 
 <w id="w9.5.2">se</w> 
 <w id="w9.5.3">običajno</w> 
 <w id="w9.5.4">začne</w> 
 <w id="w9.5.5">z</w> 
 <w id="w9.5.6">odmerkom</w> 
 <w id="w9.5.7">20</w> 
 <w id="w9.5.8">mg</w> 
 <w id="w9.5.9">na</w> 
 <w id="w9.5.10">kg</w> 
 <w id="w9.5.11">telesne</w> 
 <w id="w9.5.12">mase</w>
 <w id="w9.5.13">.</w>
</s> 
 
<s id="s9.6">
 <w id="w9.6.1">Lahko</w> 
 <w id="w9.6.2">pa</w> 
 <w id="w9.6.3">se</w> 
 <w id="w9.6.4">uporabljajo</w> 
 <w id="w9.6.5">tudi</w> 
 <w id="w9.6.6">začetni</w> 
 <w id="w9.6.7">odmerki</w> 
 <w id="w9.6.8">10</w> 
 <w id="w9.6.9">ali</w> 
 <w id="w9.6.10">30</w> 
 <w id="w9.6.11">mg/</w>
 <w id="w9.6.12">kg</w> 
 <w id="w9.6.13">telesne</w> 
 <w id="w9.6.14">mase</w>
 <w id="w9.6.15">,</w> 
 <w id="w9.6.16">odvisno</w> 
 <w id="w9.6.17">od</w> 
 <w id="w9.6.18">pogostosti</w> 
 <w id="w9.6.19">transfuzij</w> 
 <w id="w9.6.20">pri</w> 
 <w id="w9.6.21">bolniku</w>
 <w id="w9.6.22">.</w>
</s> 
 
<s id="s9.7">
 <w id="w9.7.1">Ti</w> 
 <w id="w9.7.2">odmerki</w> 
 <w id="w9.7.3">se</w> 
 <w id="w9.7.4">po</w> 
 <w id="w9.7.5">potrebi</w> 
 <w id="w9.7.6">prilagajajo</w> 
 <w id="w9.7.7">na</w> 
 <w id="w9.7.8">vsakih</w> 
 <w id="w9.7.9">tri</w> 
 <w id="w9.7.10">do</w> 
 <w id="w9.7.11">šest</w> 
 <w id="w9.7.12">mesecev</w>
 <w id="w9.7.13">,</w> 
 <w id="w9.7.14">odvisno</w> 
 <w id="w9.7.15">od</w> 
 <w id="w9.7.16">odziva</w>
 <w id="w9.7.17">.</w>
</s></p>

<p id="10">
<s id="s10.1">
 <w id="w10.1.1">7</w> 
 <w id="w10.1.2">Westferry</w> 
 <w id="w10.1.3">Circus</w>
 <w id="w10.1.4">,</w> 
 <w id="w10.1.5">Canary</w> 
 <w id="w10.1.6">Wharf</w>
 <w id="w10.1.7">,</w> 
 <w id="w10.1.8">London</w> 
 <w id="w10.1.9">E14</w> 
 <w id="w10.1.10">4HB</w>
 <w id="w10.1.11">,</w> 
 <w id="w10.1.12">UK</w>                                   
 <w id="w10.1.13">Tel</w>
 <w id="w10.1.14">.</w>
</s> 
 
<s id="s10.2">
 <w id="w10.2.1">(</w>
 <w id="w10.2.2">44-</w>
 <w id="w10.2.3">20</w>
 <w id="w10.2.4">)</w> 
 <w id="w10.2.5">74</w> 
 <w id="w10.2.6">18</w> 
 <w id="w10.2.7">84</w> 
 <w id="w10.2.8">00</w> 
 <w id="w10.2.9">Fax</w> 
 <w id="w10.2.10">(</w>
 <w id="w10.2.11">44-</w>
 <w id="w10.2.12">20</w>
 <w id="w10.2.13">)</w> 
 <w id="w10.2.14">74</w> 
 <w id="w10.2.15">18</w> 
 <w id="w10.2.16">84</w> 
 <w id="w10.2.17">16</w>                              
 <w id="w10.2.18">E-</w>
 <w id="w10.2.19">mail</w>
 <w id="w10.2.20">:</w> 
 <w id="w10.2.21">mail@</w>
 <w id="w10.2.22">emea.</w>
 <w id="w10.2.23">europa.</w>
 <w id="w10.2.24">eu</w> 
 <w id="w10.2.25">http</w>
 <w id="w10.2.26">:</w>
 <w id="w10.2.27">//</w>
 <w id="w10.2.28">www.</w>
 <w id="w10.2.29">emea.</w>
 <w id="w10.2.30">europa.</w>
 <w id="w10.2.31">eu</w>
</s></p>

<p id="11">
<s id="s11.1">
 <w id="w11.1.1">©</w> 
 <w id="w11.1.2">European</w> 
 <w id="w11.1.3">Medicines</w> 
 <w id="w11.1.4">Agency</w>
 <w id="w11.1.5">,</w> 
 <w id="w11.1.6">2008</w>
 <w id="w11.1.7">.</w>
</s> 
 
<s id="s11.2">
 <w id="w11.2.1">Reproduction</w> 
 <w id="w11.2.2">is</w> 
 <w id="w11.2.3">authorised</w> 
 <w id="w11.2.4">provided</w> 
 <w id="w11.2.5">the</w> 
 <w id="w11.2.6">source</w> 
 <w id="w11.2.7">is</w> 
 <w id="w11.2.8">acknowledged</w> 
 <w id="w11.2.9">Zdravilo</w> 
 <w id="w11.2.10">Exjade</w> 
 <w id="w11.2.11">se</w> 
 <w id="w11.2.12">jemlje</w> 
 <w id="w11.2.13">vsak</w> 
 <w id="w11.2.14">dan</w>
 <w id="w11.2.15">,</w> 
 <w id="w11.2.16">po</w> 
 <w id="w11.2.17">možnosti</w> 
 <w id="w11.2.18">vsak</w> 
 <w id="w11.2.19">dan</w> 
 <w id="w11.2.20">ob</w> 
 <w id="w11.2.21">istem</w> 
 <w id="w11.2.22">času</w>
 <w id="w11.2.23">,</w> 
 <w id="w11.2.24">na</w> 
 <w id="w11.2.25">prazen</w> 
 <w id="w11.2.26">želodec</w> 
 <w id="w11.2.27">(</w>
 <w id="w11.2.28">vsaj</w> 
 <w id="w11.2.29">30</w> 
 <w id="w11.2.30">minut</w> 
 <w id="w11.2.31">pred</w> 
 <w id="w11.2.32">zaužitjem</w> 
 <w id="w11.2.33">hrane</w>
 <w id="w11.2.34">)</w>
 <w id="w11.2.35">.</w>
</s> 
 
<s id="s11.3">
 <w id="w11.3.1">Število</w> 
 <w id="w11.3.2">tablet</w> 
 <w id="w11.3.3">posamezne</w> 
 <w id="w11.3.4">jakosti</w>
 <w id="w11.3.5">,</w> 
 <w id="w11.3.6">ki</w> 
 <w id="w11.3.7">sestavljajo</w> 
 <w id="w11.3.8">odmerek</w>
 <w id="w11.3.9">,</w> 
 <w id="w11.3.10">se</w> 
 <w id="w11.3.11">določi</w> 
 <w id="w11.3.12">na</w> 
 <w id="w11.3.13">podlagi</w> 
 <w id="w11.3.14">bolnikove</w> 
 <w id="w11.3.15">telesne</w> 
 <w id="w11.3.16">mase</w>
 <w id="w11.3.17">.</w>
</s> 
 
<s id="s11.4">
 <w id="w11.4.1">Tablete</w> 
 <w id="w11.4.2">se</w> 
 <w id="w11.4.3">raztopijo</w> 
 <w id="w11.4.4">z</w> 
 <w id="w11.4.5">mešanjem</w> 
 <w id="w11.4.6">v</w> 
 <w id="w11.4.7">kozarcu</w> 
 <w id="w11.4.8">vode</w> 
 <w id="w11.4.9">ali</w> 
 <w id="w11.4.10">sadnega</w> 
 <w id="w11.4.11">soka</w> 
 <w id="w11.4.12">(</w>
 <w id="w11.4.13">na</w> 
 <w id="w11.4.14">primer</w> 
 <w id="w11.4.15">pomarančnega</w> 
 <w id="w11.4.16">ali</w> 
 <w id="w11.4.17">jabolčnega</w>
 <w id="w11.4.18">)</w>
 <w id="w11.4.19">,</w> 
 <w id="w11.4.20">da</w> 
 <w id="w11.4.21">nastane</w> 
 <w id="w11.4.22">suspenzija</w>
 <w id="w11.4.23">,</w> 
 <w id="w11.4.24">ki</w> 
 <w id="w11.4.25">jo</w> 
 <w id="w11.4.26">bolnik</w> 
 <w id="w11.4.27">lahko</w> 
 <w id="w11.4.28">spije</w>
 <w id="w11.4.29">.</w>
</s></p>

<p id="12">
<s id="s12.1">
 <w id="w12.1.1">Kako</w> 
 <w id="w12.1.2">zdravilo</w> 
 <w id="w12.1.3">Exjade</w> 
 <w id="w12.1.4">deluje</w>
 <w id="w12.1.5">?</w>
</s> 
 
<s id="s12.2">
 <w id="w12.2.1">Kadar</w> 
 <w id="w12.2.2">bolniki</w> 
 <w id="w12.2.3">prejemajo</w> 
 <w id="w12.2.4">večkratne</w> 
 <w id="w12.2.5">transfuzije</w> 
 <w id="w12.2.6">za</w> 
 <w id="w12.2.7">odpravo</w> 
 <w id="w12.2.8">slabokrvnosti</w>
 <w id="w12.2.9">,</w> 
 <w id="w12.2.10">se</w> 
 <w id="w12.2.11">z</w> 
 <w id="w12.2.12">eritrociti</w>
 <w id="w12.2.13">,</w> 
 <w id="w12.2.14">vnesenimi</w> 
 <w id="w12.2.15">s</w> 
 <w id="w12.2.16">transfuzijo</w>
 <w id="w12.2.17">,</w> 
 <w id="w12.2.18">vnese</w> 
 <w id="w12.2.19">v</w> 
 <w id="w12.2.20">telo</w> 
 <w id="w12.2.21">tudi</w> 
 <w id="w12.2.22">železo</w>
 <w id="w12.2.23">.</w>
</s> 
 
<s id="s12.3">
 <w id="w12.3.1">Ker</w> 
 <w id="w12.3.2">pa</w> 
 <w id="w12.3.3">telo</w> 
 <w id="w12.3.4">ne</w> 
 <w id="w12.3.5">more</w> 
 <w id="w12.3.6">na</w> 
 <w id="w12.3.7">naraven</w> 
 <w id="w12.3.8">način</w> 
 <w id="w12.3.9">odstraniti</w> 
 <w id="w12.3.10">odvečnega</w> 
 <w id="w12.3.11">železa</w>
 <w id="w12.3.12">,</w> 
 <w id="w12.3.13">se</w> 
 <w id="w12.3.14">to</w> 
 <w id="w12.3.15">lahko</w> 
 <w id="w12.3.16">kopiči</w> 
 <w id="w12.3.17">in</w> 
 <w id="w12.3.18">s</w> 
 <w id="w12.3.19">časom</w> 
 <w id="w12.3.20">poškoduje</w> 
 <w id="w12.3.21">pomembne</w> 
 <w id="w12.3.22">organe</w>
 <w id="w12.3.23">,</w> 
 <w id="w12.3.24">kot</w> 
 <w id="w12.3.25">sta</w> 
 <w id="w12.3.26">srce</w> 
 <w id="w12.3.27">ali</w> 
 <w id="w12.3.28">jetra</w>
 <w id="w12.3.29">.</w>
</s> 
 
<s id="s12.4">
 <w id="w12.4.1">Zdravilna</w> 
 <w id="w12.4.2">učinkovina</w> 
 <w id="w12.4.3">v</w> 
 <w id="w12.4.4">zdravilu</w> 
 <w id="w12.4.5">Exjade</w>
 <w id="w12.4.6">,</w> 
 <w id="w12.4.7">deferasiroks</w>
 <w id="w12.4.8">,</w> 
 <w id="w12.4.9">je</w> 
 <w id="w12.4.10">„</w>
 <w id="w12.4.11">kelator</w> 
 <w id="w12.4.12">železa</w>
 <w id="w12.4.13">“</w>
 <w id="w12.4.14">.</w>
</s> 
 
<s id="s12.5">
 <w id="w12.5.1">Veže</w> 
 <w id="w12.5.2">se</w> 
 <w id="w12.5.3">na</w> 
 <w id="w12.5.4">železo</w> 
 <w id="w12.5.5">v</w> 
 <w id="w12.5.6">telesu</w> 
 <w id="w12.5.7">in</w> 
 <w id="w12.5.8">tvori</w> 
 <w id="w12.5.9">spojino</w> 
 <w id="w12.5.10">„</w>
 <w id="w12.5.11">kelat</w>
 <w id="w12.5.12">“</w>
 <w id="w12.5.13">,</w> 
 <w id="w12.5.14">ki</w> 
 <w id="w12.5.15">jo</w> 
 <w id="w12.5.16">telo</w> 
 <w id="w12.5.17">lahko</w> 
 <w id="w12.5.18">izloči</w>
 <w id="w12.5.19">,</w> 
 <w id="w12.5.20">in</w> 
 <w id="w12.5.21">sicer</w> 
 <w id="w12.5.22">pretežno</w> 
 <w id="w12.5.23">z</w> 
 <w id="w12.5.24">blatom</w>
 <w id="w12.5.25">.</w>
</s> 
 
<s id="s12.6">
 <w id="w12.6.1">To</w> 
 <w id="w12.6.2">pomaga</w> 
 <w id="w12.6.3">odpravljati</w> 
 <w id="w12.6.4">preobremenjenost</w> 
 <w id="w12.6.5">z</w> 
 <w id="w12.6.6">železom</w> 
 <w id="w12.6.7">in</w> 
 <w id="w12.6.8">preprečevati</w> 
 <w id="w12.6.9">posledice</w> 
 <w id="w12.6.10">zaradi</w> 
 <w id="w12.6.11">odvečnega</w> 
 <w id="w12.6.12">železa</w>
 <w id="w12.6.13">.</w>
</s></p>

<p id="13">
<s id="s13.1">
 <w id="w13.1.1">Kako</w> 
 <w id="w13.1.2">je</w> 
 <w id="w13.1.3">bilo</w> 
 <w id="w13.1.4">zdravilo</w> 
 <w id="w13.1.5">Exjade</w> 
 <w id="w13.1.6">raziskano</w>
 <w id="w13.1.7">?</w>
</s> 
 
<s id="s13.2">
 <w id="w13.2.1">Učinki</w> 
 <w id="w13.2.2">zdravila</w> 
 <w id="w13.2.3">Exjade</w> 
 <w id="w13.2.4">so</w> 
 <w id="w13.2.5">bili</w> 
 <w id="w13.2.6">najprej</w> 
 <w id="w13.2.7">preskušeni</w> 
 <w id="w13.2.8">poskusnih</w> 
 <w id="w13.2.9">modelih</w>
 <w id="w13.2.10">,</w> 
 <w id="w13.2.11">nato</w> 
 <w id="w13.2.12">pa</w> 
 <w id="w13.2.13">so</w> 
 <w id="w13.2.14">jih</w> 
 <w id="w13.2.15">raziskali</w> 
 <w id="w13.2.16">pri</w> 
 <w id="w13.2.17">ljudeh</w>
 <w id="w13.2.18">.</w>
</s> 
 
<s id="s13.3">
 <w id="w13.3.1">V</w> 
 <w id="w13.3.2">glavni</w> 
 <w id="w13.3.3">študiji</w> 
 <w id="w13.3.4">o</w> 
 <w id="w13.3.5">učinkovitosti</w> 
 <w id="w13.3.6">so</w> 
 <w id="w13.3.7">zdravilo</w> 
 <w id="w13.3.8">Exjade</w> 
 <w id="w13.3.9">primerjali</w> 
 <w id="w13.3.10">z</w> 
 <w id="w13.3.11">deferoksaminom</w> 
 <w id="w13.3.12">na</w> 
 <w id="w13.3.13">591</w> 
 <w id="w13.3.14">bolnikih</w> 
 <w id="w13.3.15">z</w> 
 <w id="w13.3.16">beta</w> 
 <w id="w13.3.17">talasemijo</w> 
 <w id="w13.3.18">major</w>
 <w id="w13.3.19">.</w>
</s> 
 
<s id="s13.4">
 <w id="w13.4.1">Približno</w> 
 <w id="w13.4.2">polovica</w> 
 <w id="w13.4.3">bolnikov</w> 
 <w id="w13.4.4">je</w> 
 <w id="w13.4.5">bila</w> 
 <w id="w13.4.6">mlajših</w> 
 <w id="w13.4.7">od</w> 
 <w id="w13.4.8">16</w> 
 <w id="w13.4.9">let</w>
 <w id="w13.4.10">,</w> 
 <w id="w13.4.11">56</w> 
 <w id="w13.4.12">pa</w> 
 <w id="w13.4.13">mlajših</w> 
 <w id="w13.4.14">od</w> 
 <w id="w13.4.15">šest</w> 
 <w id="w13.4.16">let</w>
 <w id="w13.4.17">.</w>
</s> 
 
<s id="s13.5">
 <w id="w13.5.1">Zdravnik</w> 
 <w id="w13.5.2">in</w> 
 <w id="w13.5.3">bolniki</w> 
 <w id="w13.5.4">so</w> 
 <w id="w13.5.5">vedeli</w>
 <w id="w13.5.6">,</w> 
 <w id="w13.5.7">katero</w> 
 <w id="w13.5.8">zdravilo</w> 
 <w id="w13.5.9">uporabljajo</w>
 <w id="w13.5.10">,</w> 
 <w id="w13.5.11">saj</w> 
 <w id="w13.5.12">se</w> 
 <w id="w13.5.13">zdravilo</w> 
 <w id="w13.5.14">Exjade</w> 
 <w id="w13.5.15">jemlje</w> 
 <w id="w13.5.16">peroralno</w>
 <w id="w13.5.17">,</w> 
 <w id="w13.5.18">deferoksamin</w> 
 <w id="w13.5.19">pa</w> 
 <w id="w13.5.20">se</w> 
 <w id="w13.5.21">daje</w> 
 <w id="w13.5.22">s</w> 
 <w id="w13.5.23">subkutano</w> 
 <w id="w13.5.24">infuzijo</w> 
 <w id="w13.5.25">(</w>
 <w id="w13.5.26">zelo</w> 
 <w id="w13.5.27">počasno</w> 
 <w id="w13.5.28">injiciranje</w> 
 <w id="w13.5.29">pod</w> 
 <w id="w13.5.30">kožo</w>
 <w id="w13.5.31">)</w> 
 <w id="w13.5.32">prek</w> 
 <w id="w13.5.33">noči</w>
 <w id="w13.5.34">.</w>
</s> 
 
<s id="s13.6">
 <w id="w13.6.1">Učinkovitost</w> 
 <w id="w13.6.2">so</w> 
 <w id="w13.6.3">merili</w> 
 <w id="w13.6.4">z</w> 
 <w id="w13.6.5">opazovanjem</w> 
 <w id="w13.6.6">ravni</w> 
 <w id="w13.6.7">železa</w> 
 <w id="w13.6.8">v</w> 
 <w id="w13.6.9">jetrih</w> 
 <w id="w13.6.10">pred</w> 
 <w id="w13.6.11">enoletnim</w> 
 <w id="w13.6.12">zdravljenjem</w> 
 <w id="w13.6.13">z</w> 
 <w id="w13.6.14">zdravili</w> 
 <w id="w13.6.15">in</w> 
 <w id="w13.6.16">po</w> 
 <w id="w13.6.17">njem</w>
 <w id="w13.6.18">.</w>
</s> 
 
<s id="s13.7">
 <w id="w13.7.1">V</w> 
 <w id="w13.7.2">dodatni</w> 
 <w id="w13.7.3">študiji</w> 
 <w id="w13.7.4">so</w> 
 <w id="w13.7.5">preučevali</w> 
 <w id="w13.7.6">učinkovitost</w> 
 <w id="w13.7.7">zdravila</w> 
 <w id="w13.7.8">Exjade</w> 
 <w id="w13.7.9">pri</w> 
 <w id="w13.7.10">184</w> 
 <w id="w13.7.11">bolnikih</w>
 <w id="w13.7.12">,</w> 
 <w id="w13.7.13">ki</w> 
 <w id="w13.7.14">ne</w> 
 <w id="w13.7.15">morejo</w> 
 <w id="w13.7.16">jemati</w> 
 <w id="w13.7.17">deferoksamina</w>
 <w id="w13.7.18">,</w> 
 <w id="w13.7.19">med</w> 
 <w id="w13.7.20">katerimi</w> 
 <w id="w13.7.21">so</w> 
 <w id="w13.7.22">bili</w> 
 <w id="w13.7.23">bolniki</w> 
 <w id="w13.7.24">z</w> 
 <w id="w13.7.25">beta</w> 
 <w id="w13.7.26">talasemijo</w> 
 <w id="w13.7.27">major</w> 
 <w id="w13.7.28">in</w> 
 <w id="w13.7.29">drugimi</w> 
 <w id="w13.7.30">vrstami</w> 
 <w id="w13.7.31">slabokrvnosti</w>
 <w id="w13.7.32">.</w>
</s></p>

<p id="14">
<s id="s14.1">
 <w id="w14.1.1">Kakšne</w> 
 <w id="w14.1.2">koristi</w> 
 <w id="w14.1.3">je</w> 
 <w id="w14.1.4">zdravilo</w> 
 <w id="w14.1.5">Exjade</w> 
 <w id="w14.1.6">izkazalo</w> 
 <w id="w14.1.7">med</w> 
 <w id="w14.1.8">študijami</w>
 <w id="w14.1.9">?</w>
</s> 
 
<s id="s14.2">
 <w id="w14.2.1">Na</w> 
 <w id="w14.2.2">koncu</w> 
 <w id="w14.2.3">glavne</w> 
 <w id="w14.2.4">študije</w> 
 <w id="w14.2.5">je</w> 
 <w id="w14.2.6">53</w> 
 <w id="w14.2.7">%</w> 
 <w id="w14.2.8">bolnikov</w>
 <w id="w14.2.9">,</w> 
 <w id="w14.2.10">ki</w> 
 <w id="w14.2.11">so</w> 
 <w id="w14.2.12">prejemali</w> 
 <w id="w14.2.13">zdravilo</w> 
 <w id="w14.2.14">Exjade</w>
 <w id="w14.2.15">,</w> 
 <w id="w14.2.16">izkazalo</w> 
 <w id="w14.2.17">zadosten</w> 
 <w id="w14.2.18">odziv</w> 
 <w id="w14.2.19">na</w> 
 <w id="w14.2.20">zdravljenje</w> 
 <w id="w14.2.21">v</w> 
 <w id="w14.2.22">primerjavi</w> 
 <w id="w14.2.23">s</w> 
 <w id="w14.2.24">66</w> 
 <w id="w14.2.25">%</w> 
 <w id="w14.2.26">bolnikov</w>
 <w id="w14.2.27">,</w> 
 <w id="w14.2.28">ki</w> 
 <w id="w14.2.29">so</w> 
 <w id="w14.2.30">prejemali</w> 
 <w id="w14.2.31">deferoksamin</w>
 <w id="w14.2.32">.</w>
</s> 
 
<s id="s14.3">
 <w id="w14.3.1">To</w> 
 <w id="w14.3.2">kaže</w>
 <w id="w14.3.3">,</w> 
 <w id="w14.3.4">da</w> 
 <w id="w14.3.5">zdravilo</w> 
 <w id="w14.3.6">Exjade</w> 
 <w id="w14.3.7">morda</w> 
 <w id="w14.3.8">ni</w> 
 <w id="w14.3.9">tako</w> 
 <w id="w14.3.10">učinkovito</w> 
 <w id="w14.3.11">kot</w> 
 <w id="w14.3.12">primerjalno</w> 
 <w id="w14.3.13">zdravilo</w>
 <w id="w14.3.14">.</w>
</s> 
 
<s id="s14.4">
 <w id="w14.4.1">Vendar</w> 
 <w id="w14.4.2">pa</w> 
 <w id="w14.4.3">sta</w> 
 <w id="w14.4.4">bili</w> 
 <w id="w14.4.5">pri</w> 
 <w id="w14.4.6">381</w> 
 <w id="w14.4.7">bolnikih</w>
 <w id="w14.4.8">,</w> 
 <w id="w14.4.9">ki</w> 
 <w id="w14.4.10">so</w> 
 <w id="w14.4.11">imeli</w> 
 <w id="w14.4.12">posebno</w> 
 <w id="w14.4.13">visoke</w> 
 <w id="w14.4.14">ravni</w> 
 <w id="w14.4.15">železa</w> 
 <w id="w14.4.16">v</w> 
 <w id="w14.4.17">jetrih</w> 
 <w id="w14.4.18">na</w> 
 <w id="w14.4.19">začetku</w> 
 <w id="w14.4.20">študije</w> 
 <w id="w14.4.21">in</w> 
 <w id="w14.4.22">so</w> 
 <w id="w14.4.23">prejemali</w> 
 <w id="w14.4.24">primerjalne</w> 
 <w id="w14.4.25">količine</w> 
 <w id="w14.4.26">zdravila</w> 
 <w id="w14.4.27">Exjade</w> 
 <w id="w14.4.28">ali</w> 
 <w id="w14.4.29">deferoksamina</w>
 <w id="w14.4.30">,</w> 
 <w id="w14.4.31">obe</w> 
 <w id="w14.4.32">zdravili</w> 
 <w id="w14.4.33">enako</w> 
 <w id="w14.4.34">učinkoviti</w>
 <w id="w14.4.35">.</w>
</s> 
 
<s id="s14.5">
 <w id="w14.5.1">V</w> 
 <w id="w14.5.2">študiji</w> 
 <w id="w14.5.3">je</w> 
 <w id="w14.5.4">sodelovalo</w> 
 <w id="w14.5.5">premalo</w> 
 <w id="w14.5.6">bolnikov</w>
 <w id="w14.5.7">,</w> 
 <w id="w14.5.8">mlajših</w> 
 <w id="w14.5.9">od</w> 
 <w id="w14.5.10">šest</w> 
 <w id="w14.5.11">let</w>
 <w id="w14.5.12">,</w> 
 <w id="w14.5.13">da</w> 
 <w id="w14.5.14">bi</w> 
 <w id="w14.5.15">lahko</w> 
 <w id="w14.5.16">potrdili</w> 
 <w id="w14.5.17">varnost</w> 
 <w id="w14.5.18">in</w> 
 <w id="w14.5.19">učinkovitost</w> 
 <w id="w14.5.20">zdravila</w> 
 <w id="w14.5.21">Exjade</w> 
 <w id="w14.5.22">v</w> 
 <w id="w14.5.23">tej</w> 
 <w id="w14.5.24">starostni</w> 
 <w id="w14.5.25">skupini</w>
 <w id="w14.5.26">.</w>
</s> 
 
<s id="s14.6">
 <w id="w14.6.1">V</w> 
 <w id="w14.6.2">dodatni</w> 
 <w id="w14.6.3">študiji</w> 
 <w id="w14.6.4">se</w> 
 <w id="w14.6.5">je</w> 
 <w id="w14.6.6">več</w> 
 <w id="w14.6.7">kot</w> 
 <w id="w14.6.8">polovica</w> 
 <w id="w14.6.9">bolnikov</w>
 <w id="w14.6.10">,</w> 
 <w id="w14.6.11">ki</w> 
 <w id="w14.6.12">ni</w> 
 <w id="w14.6.13">mogla</w> 
 <w id="w14.6.14">prejemati</w> 
 <w id="w14.6.15">deferoksamina</w>
 <w id="w14.6.16">,</w> 
 <w id="w14.6.17">po</w> 
 <w id="w14.6.18">enem</w> 
 <w id="w14.6.19">letu</w> 
 <w id="w14.6.20">odzvala</w> 
 <w id="w14.6.21">na</w> 
 <w id="w14.6.22">zdravljenje</w> 
 <w id="w14.6.23">z</w> 
 <w id="w14.6.24">zdravilom</w> 
 <w id="w14.6.25">Exjade</w>
 <w id="w14.6.26">,</w> 
 <w id="w14.6.27">vključno</w> 
 <w id="w14.6.28">z</w> 
 <w id="w14.6.29">bolniki</w>
 <w id="w14.6.30">,</w> 
 <w id="w14.6.31">starimi</w> 
 <w id="w14.6.32">od</w> 
 <w id="w14.6.33">dve</w> 
 <w id="w14.6.34">do</w> 
 <w id="w14.6.35">pet</w> 
 <w id="w14.6.36">let</w>
 <w id="w14.6.37">.</w>
</s></p>

<p id="15">
<s id="s15.1">
 <w id="w15.1.1">Kakšna</w> 
 <w id="w15.1.2">tveganja</w> 
 <w id="w15.1.3">so</w> 
 <w id="w15.1.4">povezana</w> 
 <w id="w15.1.5">z</w> 
 <w id="w15.1.6">zdravilom</w> 
 <w id="w15.1.7">Exjade</w>
 <w id="w15.1.8">?</w>
</s> 
 
<s id="s15.2">
 <w id="w15.2.1">Najpogostejši</w> 
 <w id="w15.2.2">neželeni</w> 
 <w id="w15.2.3">učinek</w> 
 <w id="w15.2.4">zdravila</w> 
 <w id="w15.2.5">Exjade</w> 
 <w id="w15.2.6">(</w>
 <w id="w15.2.7">opažen</w> 
 <w id="w15.2.8">pri</w> 
 <w id="w15.2.9">več</w> 
 <w id="w15.2.10">kot</w> 
 <w id="w15.2.11">1</w> 
 <w id="w15.2.12">bolniku</w> 
 <w id="w15.2.13">od</w> 
 <w id="w15.2.14">10</w>
 <w id="w15.2.15">)</w> 
 <w id="w15.2.16">je</w> 
 <w id="w15.2.17">zvišana</w> 
 <w id="w15.2.18">raven</w> 
 <w id="w15.2.19">kreatinina</w> 
 <w id="w15.2.20">(</w>
 <w id="w15.2.21">označevalec</w> 
 <w id="w15.2.22">težav</w> 
 <w id="w15.2.23">z</w> 
 <w id="w15.2.24">jetri</w>
 <w id="w15.2.25">)</w> 
 <w id="w15.2.26">v</w> 
 <w id="w15.2.27">krvi</w>
 <w id="w15.2.28">.</w>
</s> 
 
<s id="s15.3">
 <w id="w15.3.1">Za</w> 
 <w id="w15.3.2">celoten</w> 
 <w id="w15.3.3">seznam</w> 
 <w id="w15.3.4">neželenih</w> 
 <w id="w15.3.5">učinkov</w>
 <w id="w15.3.6">,</w> 
 <w id="w15.3.7">o</w> 
 <w id="w15.3.8">katerih</w> 
 <w id="w15.3.9">so</w> 
 <w id="w15.3.10">poročali</w> 
 <w id="w15.3.11">pri</w> 
 <w id="w15.3.12">uporabi</w> 
 <w id="w15.3.13">zdravila</w> 
 <w id="w15.3.14">Exjade</w>
 <w id="w15.3.15">,</w> 
 <w id="w15.3.16">glejte</w> 
 <w id="w15.3.17">navodilo</w> 
 <w id="w15.3.18">za</w> 
 <w id="w15.3.19">uporabo</w>
 <w id="w15.3.20">.</w>
</s> 
 
<s id="s15.4">
 <w id="w15.4.1">Zdravila</w> 
 <w id="w15.4.2">Exjade</w> 
 <w id="w15.4.3">ne</w> 
 <w id="w15.4.4">smejo</w> 
 <w id="w15.4.5">uporabljati</w> 
 <w id="w15.4.6">osebe</w>
 <w id="w15.4.7">,</w> 
 <w id="w15.4.8">ki</w> 
 <w id="w15.4.9">utegnejo</w> 
 <w id="w15.4.10">biti</w> 
 <w id="w15.4.11">preobčutljive</w> 
 <w id="w15.4.12">za</w> 
 <w id="w15.4.13">(</w>
 <w id="w15.4.14">alergične</w> 
 <w id="w15.4.15">na</w>
 <w id="w15.4.16">)</w> 
 <w id="w15.4.17">deferasiroks</w> 
 <w id="w15.4.18">ali</w> 
 <w id="w15.4.19">katero</w> 
 <w id="w15.4.20">koli</w> 
 <w id="w15.4.21">drugo</w> 
 <w id="w15.4.22">sestavino</w> 
 <w id="w15.4.23">zdravila</w>
 <w id="w15.4.24">,</w> 
 <w id="w15.4.25">ali</w> 
 <w id="w15.4.26">osebe</w> 
 <w id="w15.4.27">z</w> 
 <w id="w15.4.28">očistkom</w> 
 <w id="w15.4.29">kreatinina</w> 
 <w id="w15.4.30">(</w>
 <w id="w15.4.31">mera</w> 
 <w id="w15.4.32">za</w> 
 <w id="w15.4.33">zmožnost</w> 
 <w id="w15.4.34">ledvic</w> 
 <w id="w15.4.35">za</w> 
 <w id="w15.4.36">odstranjevanje</w> 
 <w id="w15.4.37">kreatinina</w> 
 <w id="w15.4.38">iz</w> 
 <w id="w15.4.39">krvi</w>
 <w id="w15.4.40">)</w> 
 <w id="w15.4.41">pod</w> 
 <w id="w15.4.42">60</w> 
 <w id="w15.4.43">ml</w> 
 <w id="w15.4.44">na</w> 
 <w id="w15.4.45">minuto</w>
 <w id="w15.4.46">.</w>
</s> 
 
<s id="s15.5">
 <w id="w15.5.1">Zdravilo</w> 
 <w id="w15.5.2">se</w> 
 <w id="w15.5.3">ne</w> 
 <w id="w15.5.4">sme</w> 
 <w id="w15.5.5">uporabljati</w> 
 <w id="w15.5.6">v</w> 
 <w id="w15.5.7">kombinaciji</w> 
 <w id="w15.5.8">z</w> 
 <w id="w15.5.9">drugimi</w> 
 <w id="w15.5.10">kelatorji</w> 
 <w id="w15.5.11">železa</w>
 <w id="w15.5.12">.</w>
</s> 
 
<s id="s15.6">
 <w id="w15.6.1">Zelo</w> 
 <w id="w15.6.2">pomembno</w> 
 <w id="w15.6.3">je</w>
 <w id="w15.6.4">,</w> 
 <w id="w15.6.5">da</w> 
 <w id="w15.6.6">se</w> 
 <w id="w15.6.7">pred</w> 
 <w id="w15.6.8">začetkom</w> 
 <w id="w15.6.9">zdravljenja</w> 
 <w id="w15.6.10">z</w> 
 <w id="w15.6.11">zdravilom</w> 
 <w id="w15.6.12">Exjade</w> 
 <w id="w15.6.13">in</w> 
 <w id="w15.6.14">nato</w> 
 <w id="w15.6.15">redno</w> 
 <w id="w15.6.16">med</w> 
 <w id="w15.6.17">samim</w> 
 <w id="w15.6.18">zdravljenjem</w> 
 <w id="w15.6.19">s</w> 
 <w id="w15.6.20">krvnimi</w> 
 <w id="w15.6.21">testi</w> 
 <w id="w15.6.22">preverijo</w> 
 <w id="w15.6.23">bolnikova</w> 
 <w id="w15.6.24">jetra</w> 
 <w id="w15.6.25">in</w> 
 <w id="w15.6.26">ledvice</w>
 <w id="w15.6.27">.</w>
</s> 
 
<s id="s15.7">
 <w id="w15.7.1">Če</w> 
 <w id="w15.7.2">se</w> 
 <w id="w15.7.3">pri</w> 
 <w id="w15.7.4">bolniku</w> 
 <w id="w15.7.5">pojavijo</w> 
 <w id="w15.7.6">težave</w> 
 <w id="w15.7.7">z</w> 
 <w id="w15.7.8">ledvicami</w> 
 <w id="w15.7.9">ali</w> 
 <w id="w15.7.10">jetri</w>
 <w id="w15.7.11">,</w> 
 <w id="w15.7.12">je</w> 
 <w id="w15.7.13">treba</w> 
 <w id="w15.7.14">odmerek</w> 
 <w id="w15.7.15">zmanjšati</w> 
 <w id="w15.7.16">ali</w> 
 <w id="w15.7.17">zdravljenje</w> 
 <w id="w15.7.18">prekiniti</w>
 <w id="w15.7.19">.</w>
</s> 
 
<s id="s15.8">
 <w id="w15.8.1">Zdravilo</w> 
 <w id="w15.8.2">Exjade</w> 
 <w id="w15.8.3">ni</w> 
 <w id="w15.8.4">priporočeno</w> 
 <w id="w15.8.5">za</w> 
 <w id="w15.8.6">uporabo</w> 
 <w id="w15.8.7">pri</w> 
 <w id="w15.8.8">bolnikih</w> 
 <w id="w15.8.9">s</w> 
 <w id="w15.8.10">hudimi</w> 
 <w id="w15.8.11">težavami</w> 
 <w id="w15.8.12">z</w> 
 <w id="w15.8.13">jetri</w>
 <w id="w15.8.14">,</w> 
 <w id="w15.8.15">saj</w> 
 <w id="w15.8.16">v</w> 
 <w id="w15.8.17">tej</w> 
 <w id="w15.8.18">skupini</w> 
 <w id="w15.8.19">ni</w> 
 <w id="w15.8.20">bilo</w> 
 <w id="w15.8.21">preskušeno</w>
 <w id="w15.8.22">.</w>
</s></p>

<p id="16">
<s id="s16.1">
 <w id="w16.1.1">Zakaj</w> 
 <w id="w16.1.2">je</w> 
 <w id="w16.1.3">bilo</w> 
 <w id="w16.1.4">zdravilo</w> 
 <w id="w16.1.5">Exjade</w> 
 <w id="w16.1.6">odobreno</w>
 <w id="w16.1.7">?</w>
</s> 
 
<s id="s16.2">
 <w id="w16.2.1">Odbor</w> 
 <w id="w16.2.2">za</w> 
 <w id="w16.2.3">zdravila</w> 
 <w id="w16.2.4">za</w> 
 <w id="w16.2.5">uporabo</w> 
 <w id="w16.2.6">v</w> 
 <w id="w16.2.7">humani</w> 
 <w id="w16.2.8">medicini</w> 
 <w id="w16.2.9">(</w>
 <w id="w16.2.10">CHMP</w>
 <w id="w16.2.11">)</w> 
 <w id="w16.2.12">je</w> 
 <w id="w16.2.13">zaključil</w>
 <w id="w16.2.14">,</w> 
 <w id="w16.2.15">da</w> 
 <w id="w16.2.16">so</w> 
 <w id="w16.2.17">koristi</w> 
 <w id="w16.2.18">zdravila</w> 
 <w id="w16.2.19">Exjade</w> 
 <w id="w16.2.20">pri</w> 
 <w id="w16.2.21">zdravljenju</w> 
 <w id="w16.2.22">kronične</w> 
 <w id="w16.2.23">preobremenjenosti</w> 
 <w id="w16.2.24">z</w> 
 <w id="w16.2.25">železom</w>
 <w id="w16.2.26">,</w> 
 <w id="w16.2.27">ki</w> 
 <w id="w16.2.28">je</w> 
 <w id="w16.2.29">posledica</w> 
 <w id="w16.2.30">pogostih</w> 
 <w id="w16.2.31">krvnih</w> 
 <w id="w16.2.32">transfuzij</w> 
 <w id="w16.2.33">pri</w> 
 <w id="w16.2.34">bolnikih</w> 
 <w id="w16.2.35">z</w> 
 <w id="w16.2.36">beta</w> 
 <w id="w16.2.37">talasemijo</w> 
 <w id="w16.2.38">major</w> 
 <w id="w16.2.39">ali</w> 
 <w id="w16.2.40">krvnih</w> 
 <w id="w16.2.41">transfuzij</w>
 <w id="w16.2.42">,</w> 
 <w id="w16.2.43">kadar</w> 
 <w id="w16.2.44">je</w> 
 <w id="w16.2.45">zdravljenje</w> 
 <w id="w16.2.46">z</w> 
 <w id="w16.2.47">deferoksaminom</w> 
 <w id="w16.2.48">kontraindicirano</w> 
 <w id="w16.2.49">ali</w> 
 <w id="w16.2.50">neustrezno</w>
 <w id="w16.2.51">,</w> 
 <w id="w16.2.52">večje</w> 
 <w id="w16.2.53">od</w> 
 <w id="w16.2.54">z</w> 
 <w id="w16.2.55">njim</w> 
 <w id="w16.2.56">povezanih</w> 
 <w id="w16.2.57">tveganj</w>
 <w id="w16.2.58">.</w>
</s> 
 
<s id="s16.3">
 <w id="w16.3.1">Odbor</w> 
 <w id="w16.3.2">je</w> 
 <w id="w16.3.3">priporočil</w>
 <w id="w16.3.4">,</w> 
 <w id="w16.3.5">da</w> 
 <w id="w16.3.6">se</w> 
 <w id="w16.3.7">za</w> 
 <w id="w16.3.8">zdravilo</w> 
 <w id="w16.3.9">Exjade</w> 
 <w id="w16.3.10">odobri</w> 
 <w id="w16.3.11">dovoljenje</w> 
 <w id="w16.3.12">za</w> 
 <w id="w16.3.13">promet</w>
 <w id="w16.3.14">.</w>
</s></p>

<p id="17">
<s id="s17.1">
 <w id="w17.1.1">2/</w>
 <w id="w17.1.2">3</w> 
 <w id="w17.1.3">Kateri</w> 
 <w id="w17.1.4">ukrepi</w> 
 <w id="w17.1.5">se</w> 
 <w id="w17.1.6">izvajajo</w> 
 <w id="w17.1.7">za</w> 
 <w id="w17.1.8">zagotovitev</w> 
 <w id="w17.1.9">varne</w> 
 <w id="w17.1.10">uporabe</w> 
 <w id="w17.1.11">zdravila</w> 
 <w id="w17.1.12">Exjade</w>
 <w id="w17.1.13">?</w>
</s> 
 
<s id="s17.2">
 <w id="w17.2.1">Družba</w>
 <w id="w17.2.2">,</w> 
 <w id="w17.2.3">odgovorna</w> 
 <w id="w17.2.4">za</w> 
 <w id="w17.2.5">razpoložljivost</w> 
 <w id="w17.2.6">zdravila</w> 
 <w id="w17.2.7">Exjade</w>
 <w id="w17.2.8">,</w> 
 <w id="w17.2.9">mora</w> 
 <w id="w17.2.10">pripraviti</w> 
 <w id="w17.2.11">paket</w> 
 <w id="w17.2.12">za</w> 
 <w id="w17.2.13">usposabljanje</w> 
 <w id="w17.2.14">zdravnikov</w>
 <w id="w17.2.15">,</w> 
 <w id="w17.2.16">ki</w> 
 <w id="w17.2.17">ga</w> 
 <w id="w17.2.18">je</w> 
 <w id="w17.2.19">treba</w> 
 <w id="w17.2.20">razdeliti</w> 
 <w id="w17.2.21">vsakič</w>
 <w id="w17.2.22">,</w> 
 <w id="w17.2.23">ko</w> 
 <w id="w17.2.24">je</w> 
 <w id="w17.2.25">zdravilo</w> 
 <w id="w17.2.26">dano</w> 
 <w id="w17.2.27">na</w> 
 <w id="w17.2.28">trg</w>
 <w id="w17.2.29">.</w>
</s> 
 
<s id="s17.3">
 <w id="w17.3.1">Te</w> 
 <w id="w17.3.2">informacije</w> 
 <w id="w17.3.3">bodo</w> 
 <w id="w17.3.4">zagotovile</w>
 <w id="w17.3.5">,</w> 
 <w id="w17.3.6">da</w> 
 <w id="w17.3.7">se</w> 
 <w id="w17.3.8">bodo</w> 
 <w id="w17.3.9">zdravniki</w> 
 <w id="w17.3.10">pri</w> 
 <w id="w17.3.11">predpisovanju</w> 
 <w id="w17.3.12">zdravila</w> 
 <w id="w17.3.13">zavedali</w> 
 <w id="w17.3.14">potrebe</w> 
 <w id="w17.3.15">po</w> 
 <w id="w17.3.16">spremljanju</w> 
 <w id="w17.3.17">bolnikovega</w> 
 <w id="w17.3.18">zdravja</w>
 <w id="w17.3.19">,</w> 
 <w id="w17.3.20">zlasti</w> 
 <w id="w17.3.21">delovanja</w> 
 <w id="w17.3.22">ledvic</w>
 <w id="w17.3.23">.</w>
</s> 
 
<s id="s17.4">
 <w id="w17.4.1">Podoben</w> 
 <w id="w17.4.2">paket</w> 
 <w id="w17.4.3">bo</w> 
 <w id="w17.4.4">družba</w> 
 <w id="w17.4.5">pripravila</w> 
 <w id="w17.4.6">tudi</w> 
 <w id="w17.4.7">za</w> 
 <w id="w17.4.8">bolnike</w>
 <w id="w17.4.9">.</w>
</s></p>

<p id="18">
<s id="s18.1">
 <w id="w18.1.1">Druge</w> 
 <w id="w18.1.2">informacije</w> 
 <w id="w18.1.3">o</w> 
 <w id="w18.1.4">zdravilu</w> 
 <w id="w18.1.5">Exjade</w>
 <w id="w18.1.6">:</w>
</s> 
 
<s id="s18.2">
 <w id="w18.2.1">Evropska</w> 
 <w id="w18.2.2">komisija</w> 
 <w id="w18.2.3">je</w> 
 <w id="w18.2.4">dovoljenje</w> 
 <w id="w18.2.5">za</w> 
 <w id="w18.2.6">promet</w> 
 <w id="w18.2.7">z</w> 
 <w id="w18.2.8">zdravilom</w> 
 <w id="w18.2.9">Exjade</w>
 <w id="w18.2.10">,</w> 
 <w id="w18.2.11">veljavno</w> 
 <w id="w18.2.12">po</w> 
 <w id="w18.2.13">vsej</w> 
 <w id="w18.2.14">Evropski</w> 
 <w id="w18.2.15">uniji</w>
 <w id="w18.2.16">,</w> 
 <w id="w18.2.17">odobrila</w> 
 <w id="w18.2.18">družbi</w> 
 <w id="w18.2.19">Novartis</w> 
 <w id="w18.2.20">Europharm</w> 
 <w id="w18.2.21">Limited</w> 
 <w id="w18.2.22">dne</w> 
 <w id="w18.2.23">28</w>
 <w id="w18.2.24">.</w> 
 <w id="w18.2.25">avgusta</w> 
 <w id="w18.2.26">2006</w>
 <w id="w18.2.27">.</w>
</s></p>

<p id="19">
<s id="s19.1">
 <w id="w19.1.1">Povzetek</w> 
 <w id="w19.1.2">mnenja</w> 
 <w id="w19.1.3">Odbora</w> 
 <w id="w19.1.4">za</w> 
 <w id="w19.1.5">zdravila</w> 
 <w id="w19.1.6">sirote</w> 
 <w id="w19.1.7">o</w> 
 <w id="w19.1.8">zdravilu</w> 
 <w id="w19.1.9">Exjade</w> 
 <w id="w19.1.10">je</w> 
 <w id="w19.1.11">na</w> 
 <w id="w19.1.12">voljo</w> 
 <w id="w19.1.13">tukaj</w>
 <w id="w19.1.14">.</w>
</s> 
 
<s id="s19.2">
 <w id="w19.2.1">Celotno</w> 
 <w id="w19.2.2">evropsko</w> 
 <w id="w19.2.3">javno</w> 
 <w id="w19.2.4">poročilo</w> 
 <w id="w19.2.5">o</w> 
 <w id="w19.2.6">oceni</w> 
 <w id="w19.2.7">zdravila</w> 
 <w id="w19.2.8">(</w>
 <w id="w19.2.9">EPAR</w>
 <w id="w19.2.10">)</w> 
 <w id="w19.2.11">za</w> 
 <w id="w19.2.12">zdravilo</w> 
 <w id="w19.2.13">Exjade</w> 
 <w id="w19.2.14">je</w> 
 <w id="w19.2.15">na</w> 
 <w id="w19.2.16">voljo</w> 
 <w id="w19.2.17">tukaj</w>
 <w id="w19.2.18">.</w>
</s></p>

<p id="20">
<s id="s20.1">
 <w id="w20.1.1">Povzetek</w> 
 <w id="w20.1.2">je</w> 
 <w id="w20.1.3">bil</w> 
 <w id="w20.1.4">nazadnje</w> 
 <w id="w20.1.5">posodobljen</w> 
 <w id="w20.1.6">08-</w>
 <w id="w20.1.7">2008</w>
 <w id="w20.1.8">.</w>
</s></p>

<p id="21">
<s id="s21.1">
 <w id="w21.1.1">3/</w>
 <w id="w21.1.2">3</w>
</s></p></text>
