<?xml version="1.0" encoding="utf-8"?>
<letsmt version="1.0">
<head></head>
<body>
<s id="s1.1">European Medicines Agency Veterinary Medicines and Inspections</s>
<s id="s2.1">London, 26 September 2008 EMEA/ 402698/ 2008</s>
<s id="s3.1">COMMITTEE FOR MEDICINAL PRODUCTS FOR VETERINARY USE (CVMP)</s>
<s id="s4.1">OPINION FOLLOWING AN ARTICLE 351 REFERRAL FOR</s>
<s id="s5.1">ALL AUTHORISED VETERINARY MEDICINAL PRODUCTS CONTAINING</s>
<s id="s6.1">TOLTRAZURIL INTENDED FOR USE IN POULTRY SPECIES</s>
<s id="s7.1">International Non-Proprietary Name (INN):</s>
<s id="s7.2">Toltrazuril</s>
<s id="s8.1">BACKGROUND INFORMATION</s>
<s id="s9.1">Toltrazuril is a triazinetrione derivative administered orally in the drinking water for the treatment of coccidiosis in chickens and turkeys.</s>
<s id="s9.2">The recommended dose and duration of treatment for chickens and turkeys is 7 mg/ kg bodyweight per day for two consecutive days.</s>
<s id="s9.3">In practice this means that in intensive systems all the birds in one house will be treated even if not all exhibit signs of disease.</s>
<s id="s10.1">Marketing Authorisations for veterinary medicinal products containing toltrazuril and intended for use in poultry species were previously granted to Bayer HealthCare and/ or Ceva Santé Animale in Austria, Belgium, Bulgaria, Cyprus, Czech republic, France, Germany, Greece, Hungary, Ireland, Italy, Poland, Portugal, Romania, Slovakia, Slovenia, the Netherlands and the United Kingdom following national marketing authorisation procedures.</s>
<s id="s11.1">On 31 August 2007 a Community referral under Article 35 of Directive 2001/ 82/ EC, as amended, was initiated by Germany for the nationally authorised product Baycox 2.5% (solution for poultry).</s>
<s id="s11.2">On 10 October 2007 the European Commission decided that the scope of the referral should include all authorised veterinary medicinal products containing toltrazuril (i. e. reference product and generics thereof) and intended for use in poultry species.</s>
<s id="s12.1">Germany referred the issue to CVMP due to concerns that toltrazuril may present a potential serious risk to the environment on the following grounds:</s>
<s id="s13.1">•</s>
<s id="s14.1">An extended risk assessment on the basis of the International Cooperation on Harmonisation of Technical Requirements for Registration of Veterinary Medicinal Products (VICH) guidelines fully and clearly demonstrated that veterinary medicinal products containing toltrazuril and intended for use in poultry species must be expected to have impact on the environment.</s>
<s id="s15.1">The arbitration procedure started on 11 October 2007 with the adoption of a list of questions to be put to the Marketing Authorisation Holders.</s>
<s id="s15.2">The Rapporteur and Co-Rapporteur appointed were Mrs R.</s>
<s id="s15.3">Kearsley and Mr G.</s>
<s id="s15.4">J.</s>
<s id="s15.5">Schefferlie respectively.</s>
<s id="s15.6">The date set for submission of written responses by the Marketing Authorisation Holders was 14 January 2008.</s>
<s id="s16.1">1 Article 35 of Directive 2001/82/EC, as amended 7 Westferry Circus, Canary Wharf, London, E14 4HB, UK Tel.</s>
<s id="s16.2">(44-20) 74 18 84 00 Fax (44-20) 74 18 84 47 E-mail: mail@emea.europa.eu http://www.emea.europa.eu © European Medicines Agency, 2008.</s>
<s id="s16.3">Reproduction is authorised provided the source is acknowledged.</s>
<s id="s16.4">During its 11-13 December 2007 meeting, the CVMP agreed on a two month extension to the date for submission of responses to the list of questions following a request from Bayer HealthCare.</s>
<s id="s17.1">Written explanations were provided by the Marketing Authorisation Holders on 18 March 2008.</s>
<s id="s17.2">The Marketing Authorisation Holders presented oral explanations to the CVMP on 18 June 2008.</s>
<s id="s18.1">During its July 2008 meeting, the CVMP, in light of the overall data submitted and the scientific discussion within the Committee, adopted by consensus an opinion concluding that the assessment of the risk presented by toltrazuril and its major metabolite, toltrazuril sulfone, to terrestrial plants and to groundwater demonstrated that use of products containing toltrazuril is acceptable.</s>
<s id="s18.2">The CVMP concluded that the marketing authorisations can be maintained without special warnings in point 5.3 (Environmental properties) of the SPC provided that the product is used under the conditions agreed, i.e. a dose of 7 mg/kg bw on two consecutive days for the treatment of coccidiosis in chickens and turkeys.</s>
<s id="s18.3">However, it was noted that the indications, species and posology in SPCs of some of the authorised products were different and these therefore needed to be amended to bring them in line with the indications and dosing regimens used in the environmental risk assessment.</s>
<s id="s19.1">Therefore the Committee recommended maintaining the Marketing Authorisations for all veterinary medicinal products containing toltrazuril intended for use in chickens and turkeys.</s>
<s id="s19.2">The Committee further recommended that relevant Marketing Authorisations should be varied in order to harmonise the indications and dosing regimens to bring these in line with those used in the environmental risk assessment.</s>
<s id="s19.3">This pr ocedure will inv olve rem oving the following recommendations and indications for which no data were provided:</s>
<s id="s20.1">o o o</s>
<s id="s21.1">repeat treatment can be administered after 5 days if infection is severe; prevention and control of coccidiosis; use in pigeons.</s>
<s id="s22.1">The list of product names concerned is given in Annex I.</s>
<s id="s22.2">The scientific conclusions are provided in Annex II, together with the amendments to the relevant sections of the Summary of Product Characteristics in Annex III.</s>
<s id="s23.1">The final opinion was converted into a Decision by the European Commission on 26 September 2008.</s>
<s id="s24.1">EMEA/402698/2008-EN</s>
<s id="s25.1">Page 2/2</s>
</body>
</letsmt>
