<?xml version="1.0" encoding="utf-8"?>
<letsmt version="1.0">
<head></head>
<body>
<s id="s1.1">EVROPSKA AGENCIJA ZA ZDRAVILA IZBOR OSEBJA ZA EVROPSKO AGENCIJO ZA ZDRAVILA (LONDON)</s>
<s id="s2.1">Agencija je odgovorna za usklajevanje vrednotenja in nadzora zdravil za uporabo v humani in veterinarski medicini v Evropski uniji (glej Uredbo Evropskega parlamenta in Sveta (ES) št.</s>
<s id="s2.2">726/ 2004 z dne 31. marca 2004, Uradni list Evropske unije št.</s>
<s id="s2.3">L 136/ 1 z dne 30. aprila 2004).</s>
<s id="s2.4">Evropska agencija za zdravila (EMEA), ki je bila ustanovljena januarja 1995, tesno sodeluje z Evropsko komisijo, 27 državami članicami EU, državami EGP/ EFTA in številnimi drugimi skupinami v vladnem in zasebnem sektorju.</s>
<s id="s3.1">Dodatne informacije o Evropski agenciji za zdravila in njenih dejavnostih so na voljo na spletnem naslovu: http: // www. emea. europa. eu</s>
<s id="s4.1">Evropska Agencija za zdravila organizira izbirni postopek z namenom sestave rezervnega seznama za delovno mesto:</s>
<s id="s5.1">EMEA/ AD/ 289:</s>
<s id="s5.2">Vodja oddelka za Product Data Management (AD9)</s>
<s id="s6.1">SPLOŠNI POGOJI</s>
<s id="s7.1">Izbrani kandidati bodo uvrščeni na rezervni seznam in se jim lahko, odvisno od proračunskega stanja, ponudi petletna pogodba za začasne uslužbence z možnostjo podaljšanja v skladu s Pogoji za zaposlovanje drugih uslužbencev Evropskih skupnosti (Uradni list Evropskih skupnosti št.</s>
<s id="s7.2">L 56 z dne 4. marca 1968).</s>
<s id="s7.3">Kraj zaposlitve je London.</s>
<s id="s8.1">Kandidati morajo biti državljani države članice Evropskih skupnosti ali Islandije, Norveške ali Lihtenštajna in morajo uživati vse državljanske pravice.</s>
<s id="s9.1">Kandidati morajo imeti izpolnjene vse obveznosti, ki jih nalagajo zakoni glede služenja vojaškega roka, in vse zahteve v zvezi z naravo nalog razpisanega delovnega mesta.</s>
<s id="s10.1">Kandidati morajo za vsak posamezni izbirni postopek upoštevati navodila za postopek prijave, navedena v nadaljevanju.</s>
<s id="s10.2">Vse gradivo, ki se bo vključilo v kandidatovo mapo, se mora predložiti znova: sklicevanje na predhodne prijave ni dovoljeno.</s>
<s id="s10.3">Gradiva, ki ga vsebuje kandidatova mapa, se ne vrača.</s>
<s id="s10.4">Na vsa vprašanja na obrazcu je treba odgovoriti v celoti.</s>
<s id="s11.1">Prijave je treba poslati v elektronski obliki na obrazcu, ki je na voljo na spletni strain EMEA.</s>
<s id="s11.2">Prijave je treba poslati najkasneje do polnoči 4. junija 2009.</s>
<s id="s12.1">Prosimo, upoštevajte, da lahko glede na veliko število prijav, ki jih Evropska agencija za zdravila prejema, v računalniškem sistemu neposredno pred iztekom roka za oddajo prijav pride do težav z obdelavo velike količine podatkov.</s>
<s id="s12.2">Kandidatom zato svetujemo, da svoje prijave pošljejo dovolj zgodaj.</s>
<s id="s13.1">Postopek prijave</s>
<s id="s14.1">Postopek prijave je razdeljen v dve fazi:</s>
<s id="s15.1">1.</s>
<s id="s15.2">2.</s>
<s id="s16.1">Spletna prijava Predložitev popolne prijave</s>
<s id="s17.1">Prva faza – spletna prijava</s>
<s id="s18.1">V prvi fazi morajo kandidati predložiti svoje prijave elektronsko, pri čemer uporabijo obrazec za prijavo, ki je na voljo v angleščini na spletni strani Evropske agencije za zdravila.</s>
<s id="s18.2">Za referenčne namene so na razpolago tudi prevodi prijavnega obrazca v ostale uradne jezike.</s>
<s id="s18.3">Vse dele obrazca je treba v celoti izpolniti.</s>
<s id="s18.4">Kandidati naj pred predložitvijo obrazca ocenijo in preverijo, ali izpolnjujejo vse pogoje za sprejem v izbirni postopek, opredeljene v objavljenem obvestilu o izbirnem postopku, zlasti v zvezi s kvalifikacijami in ustreznimi delovnimi izkušnjami.</s>
<s id="s19.1">1 http: // ec. europa. eu/ civil_ service/ docs/ toc100_ en. pdf Druga faza – predložitev popolne prijave (samo za kandidate, ki bodo povabljeni na razgovor)</s>
<s id="s20.1">V drugi fazi mora kandidat, ki je povabljen na razgovor, zaradi tega, da njegova prijava velja kot popolna, na razgovor prinesti fotokopije vse dokazne dokumentacije (diplom, spričeval, dokazil o poklicnih izkušnjah itd.), ki dokazuje, da izpolnjuje vse pogoje za sprejetje.</s>
<s id="s20.2">Iz dokazil o poklicnih izkušnjah morajo biti jasno razvidni datumi pričetka in datumi prenehanja kandidatovih predhodnih zaposlitev, za njegovo sedanjo zaposlitev pa datum pričetka in trajanje zaposlitve.</s>
<s id="s20.3">Na dan razgovora mora kandidat podpisati svoj prijavni obrazec, s čemer izjavlja, da so podatki, navedeni v njem popolni in točni.</s>
<s id="s21.1">Naslov, naveden v obrazcu, se upošteva kot izhodiščni kraj za potovanja kandidatov, povabljenih na razgovor.</s>
<s id="s22.1">Vaša prijava ne bo sprejeta, če na dan razgovora v primeru, da ste nanj povabljeni, ne boste predložili vseh dokazil ter podpisali prijavnega obrazca.</s>
<s id="s22.2">Kandidati, ki ne bodo predložili vseh zahtevanih dokazil do dneva razgovora, bodo izločeni iz nadaljnjega postopka.</s>
<s id="s23.1">Izpolnjevanje pogojev</s>
<s id="s24.1">Izobrazba, spričevala in diplome</s>
<s id="s25.1">Kandidati morajo predložiti fotokopije spričeval ali diplom, s katerimi dokazujejo, da so končali študij na stopnji, ki jo zahteva obvestilo o izbirnem postopku.</s>
<s id="s25.2">Pri vključitvi v izbirni postopek se upošteva izobrazba/ diploma, ki jo je kandidat pridobil in ki mu omogoča dostop do zaposlitvenega razreda ter ustreza obvestilu v izbirnem postopku.</s>
<s id="s26.1">V primeru specialističnega ali nadaljevalnega usposabljanja morajo kandidati podrobno opredeliti, ali je šlo pri tem za redno ali izredno izobraževanje, študijske predmete in uradno trajanje usposabljanja.</s>
<s id="s27.1">Sprejmejo se samo diplome, ki so jih izdali organi držav članic EU, in diplome, ki so jih za enakovredne priznali ustrezni organi držav članic EU.</s>
<s id="s27.2">Če je glavni študij potekal izven Evropske unije, mora kvalifikacijo kandidata potrditi organ, ki ga za ta namen uradno pooblasti ena od držav članic Evropske unije (kot je nacionalno ministrstvo za šolstvo), dokument, ki to potrjuje, pa je treba skupaj s prijavo predložiti v roku za oddajo prijav.</s>
<s id="s27.3">To bo izbirni komisiji omogočilo, da natančno oceni stopnjo kvalifikacij.</s>
<s id="s28.1">Izkušnje</s>
<s id="s29.1">Poklicne izkušnje, povezane s področji dejavnosti Agencije, se upoštevajo in štejejo le od datuma, ko je kandidat pridobil spričevalo ali diplomo, ki je potrebna za uvrstitev v izbirni postopek.</s>
<s id="s29.2">V primeru, da morebitna dodatna izobraževanja in študij potekajo v istem obdobju kot obdobje poklicnega delovanja, se kot delovne izkušnje upošteva samo slednje.</s>
<s id="s30.1">Kandidati morajo predložiti dokazila, ki potrjujejo dolžino in vrsto njihovih izkušenj.</s>
<s id="s30.2">Če iz zaupnih razlogov kandidat ne more predložiti potrebne izjave o svoji trenutni zaposlitvi, mora predložiti fotokopijo pogodbe, sklepa o izbiri in/ ali prvega plačilnega lista, v vsakem primeru pa mora predložiti kopijo zadnjega plačilnega lista.</s>
<s id="s31.1">Samostojni delavci ali samozaposleni kandidati morajo predložiti bodisi dovoljenje za opravljanje dejavnosti (ali enakovreden dokument) bodisi kopijo vpisa v ustrezen register dejavnosti ali katerikoli drugi uradni dokument (na primer davčni dokument), ki jasno kaže trajanje ustreznih poklicnih izkušenj.</s>
<s id="s32.1">Jezikovne zahteve</s>
<s id="s33.1">Kandidati morajo dokazati temeljito znanje enega od jezikov Skupnosti ter zadovoljivo znanje še enega jezika Skupnosti.</s>
<s id="s34.1">1 http: // ec. europa. eu/ civil_ service/ docs/ toc100_ en. pdf Napredovanje:</s>
<s id="s34.2">Izbrani kandidati bodo morali pred svojim prvim napredovanjem dokazati, da so sposobni opravljati delo v tretjem uradnem jeziku Evropskih skupnosti.</s>
<s id="s35.1">Enake možnosti</s>
<s id="s36.1">Agencija izvaja politiko enakih možnosti ter sprejema prijave ne glede na spol, raso, barvo kože, etnično ali socialno poreklo, genetske značilnosti, jezik, verska, politična ali druga prepričanja ali mnenja, pripadnost narodnostni manjšini, finančno stanje, rod, invalidnost, starost ali spolno usmerjenost, zakonski stan ali družinski položaj.</s>
<s id="s37.1">Izbira</s>
<s id="s38.1">Za izbirni postopek se ustanovi izbirna komisija.</s>
<s id="s38.2">Sestavljena je iz članov, ki jih imenujeta izvršni direktor in odbor zaposlenih.</s>
<s id="s38.3">Načelo zaupnosti je utemeljeno v členu 6 Priloge III Kadrovskih predpisov, ki določa, da so postopki izbirne komisije zaupni.</s>
<s id="s38.4">Načelo deluje na dva načina: prvič, nalaga obveznost, da se vsem kandidatom zagotovi enaka obravnava; in drugič, prizadeva si zaščititi izbirno komisijo z namenom zagotoviti, da bodo njene odločitve popolnoma nepristranske.</s>
<s id="s39.1">Izbirna komisija pri odločanju, ali naj kandidata uvrsti v nadaljnji postopek ali ne, strogo upošteva pogoje za uvrstitev, določene v obvestilu o razpisu.</s>
<s id="s39.2">Kandidati, ki so se uvrstili v kateri koli prejšnji izbirni postopek, ne bodo avtomatsko uvrščeni v ta izbirni postopek.</s>
<s id="s39.3">Kandidatom je strogo prepovedano stopiti v kakršen koli stik s člani izbirne komisije, bodisi posredno ali neposredno.</s>
<s id="s39.4">Kakršna koli kršitev tega pravila vodi v izključitev iz izbirnega postopka.</s>
<s id="s40.1">Če izbirna komisija kadarkoli med postopkom ugotovi, da kandidat ne izpolnjuje enega ali več splošnih ali posebnih pogojev za uvrstitev v izbirni postopek, ali da podatki na prijavnem obrazcu niso skladni s podatki na dokazilih, bo kandidat izločen iz nadaljnjega postopka.</s>
<s id="s41.1">Izbirna komisija odloča o kandidatih, ki se uvrstijo v izbirni postopek, v skladu z zahtevami iz obvestila o razpisu.</s>
<s id="s41.2">Prijave kandidatov, ki se uvrstijo v izbirni postopek, se ponovno pregledajo in izbirna komisija izbere kandidate, ki bodo povabljeni na razgovor.</s>
<s id="s41.3">Izbirna komisija odloči, ali je potrebno, da izpraševanci opravijo enega ali več pisnih preizkusov, povezanih z naravo delovnih nalog, da se tako olajša izbirni postopek.</s>
<s id="s41.4">Po razgovorih, ki jih opravi izbirna komisija, slednja odloči, kateri kandidati bodo uvrščeni na rezervni seznam.</s>
<s id="s42.1">Rezervni seznam in zaposlitev</s>
<s id="s43.1">Vsak kandidat bo pisno obveščen o tem, ali se je uvrstil na rezervni seznam.</s>
<s id="s43.2">Kandidati se morajo zavedati, da vključitev na rezervni seznam ne zagotavlja zaposlitve.</s>
<s id="s43.3">Zaposlitveni postopek je naslednji: če in ko so na voljo sredstva, se upoštevajo kandidati na rezervnem seznamu, rezervni seznam pa se uporabi za zasedbo prostih delovnih mest.</s>
<s id="s43.4">Če se izda pismo o namenu, mora kandidat opraviti obvezen zdravniški pregled, s katerim se ugotovi, ali izpolnjuje standarde telesne pripravljenosti, ki je potrebna za opravljanje nalog, in predložiti izvirne ali overjene kopije vseh ustreznih dokumentov.</s>
<s id="s44.1">Potrebno je omeniti, da je starost za upokojitev:</s>
<s id="s45.1">- -</s>
<s id="s46.1">bodisi samodejno, pri starosti 65 let; ali na željo uslužbenca, pri starosti 63 let, ali v primeru, da je le- ta star med 55 in 63 let in izpolnjuje zahteve za takojšnje izplačilo pokojnine, kot so navedene v Pogojih za zaposlovanje drugih uslužbencev;</s>
<s id="s47.1">Poskusna doba</s>
<s id="s48.1">Uspešni kandidati, ki se zaposlijo, opravljajo začetno šestmesečno poskusno dobo.</s>
<s id="s49.1">Osebni dohodek in dodatki za socialno skrbstvo</s>
<s id="s50.1">Osebni dohodek članov osebja je sestavljen iz osnovne plače in različnih nadomestil, vključno z družinskimi dodatki.</s>
<s id="s51.1">1 http: // ec. europa. eu/ civil_ service/ docs/ toc100_ en. pdf Osnovna plača: za vsak razred obstaja lestvica osnovnih plač, razdeljena na več stopenj.</s>
<s id="s51.2">Člani osebja samodejno napredujejo v naslednjo stopnjo vsaki dve leti, dokler ne dosežejo vrha lestvice za zadevni razred.</s>
<s id="s52.1">Nadomestila: poleg osnovne plače so člani osebja lahko upravičeni do različnih nadomestil, zlasti do dodatka za delo v tujini ali dodatka za prebivanje v tujini, in družinskih dodatkov, vključno z gospodinjskim dodatkom, otroškim dodatkom, dodatkom za predšolske otroke in dodatkom za izobraževanje.</s>
<s id="s53.1">V določenih okoliščinah, zlasti če so člani osebja prisiljeni zamenjati prebivališče zaradi nove zaposlitve, lahko Agencija povrne različne izdatke, ki nastanejo zaradi zaposlitve, predvsem stroške selitve.</s>
<s id="s54.1">Davek Skupnosti</s>
<s id="s55.1">Plače zaposlenih so obdavčene z davkom Skupnosti, ki se odtegne pri viru.</s>
<s id="s55.2">Člani osebja so oproščeni nacionalnega davka na osebni dohodek in so člani sistema socialne varnosti in pokojninskega sistema Skupnosti.</s>
<s id="s56.1">Nagrajevanje</s>
<s id="s57.1">Prosimo preberite informacijski dokument o zaposlovalni politiki agencije EMEA, ki je na voljo na spletni strani Agencije.</s>
<s id="s58.1">Varstvo podatkov Namen obdelave podatkov, ki jih predložite je, da vašo/ e prijavo/ e obravnavamo v smislu možne predhodne izbire in zaposlitve pri agenciji EMEA.</s>
<s id="s58.2">EMEA javno ne objavlja imen uspešnih kandidatov na rezervnih seznamih.</s>
<s id="s58.3">Kljub tem je možno, da imajo člani vodstva agencije EMEA za namene zaposlovanja in podobnih postopkov načrtovanja dostop do rezervnih seznamov ter v specifičnih primerih do prijavnega obrazca danega kandidata (nimajo pa dostopa do dokazne dokumentacije, ki jo kadrovska služba varuje v tajnosti).</s>
<s id="s58.4">Prijavne mape se hranijo pet let od datuma priprave rezervnega seznama, nato pa se uničijo.</s>
<s id="s59.1">Osebni podatki, za katere vas prosimo, bodo obdelani v skladu z Uredbo (ES) št.</s>
<s id="s59.2">45/ 2001 Evropskega parlamenta in Sveta z dne 18. decembra 2000 o varstvu posameznikov pri obdelavi osebnih podatkov v institucijah in organih Skupnosti in o prostem pretoku takih podatkov.</s>
<s id="s60.1">Pritožbeni postopki</s>
<s id="s61.1">Kandidat, ki meni, da je bila storjena napaka v zvezi z izpolnjevanjem pogojev, lahko zahteva ponovno preučitev svoje prijave.</s>
<s id="s61.2">V 20 koledarskih dneh od datuma žiga na pismu, v katerem je navedeno, da se kandidat ni uvrstil v izbirni postopek, mora kandidat predsedniku izbirne komisije poslati pismo z zahtevo za ponovno preučitev prijave, v katerem navede številko izbirnega postopka, na naslednji naslov:</s>
<s id="s61.3">EMEA, 7 Westferry Circus, Canary Wharf, London E14 4HB, Združeno kraljestvo.</s>
<s id="s62.1">Izbirna komisija bo ponovno preučila prijavo in kandidata obvestila o svoji odločitvi v 45 koledarskih dneh po prejemu pisma.</s>
<s id="s63.1">Če kandidat meni, da je bil zaradi neke določene odločitve resno oškodovan, lahko vloži pritožbo v skladu s členom 90( 2) Kadrovskih predpisov za uradnike Evropskih skupnosti in pogojev zaposlovanja drugih uslužbencev Evropskih skupnosti, na naslov:</s>
<s id="s64.1">Executive Director European Medicines Agency 7 Westferry Circus Canary Wharf London E14 4HB</s>
<s id="s65.1">1 http: // ec. europa. eu/ civil_ service/ docs/ toc100_ en. pdf Pritožba mora biti vložena v roku 3 mesecev.</s>
<s id="s65.2">Rok, v katerem kandidat lahko sproži tovrsten postopek (glej Kadrovske predpise, kot so bili spremenjeni z Uredbo Sveta št.</s>
<s id="s65.3">723/ 2004 z dne 22. marca 2004 ter objavljeni v Uradnem listu Evropske unije L 124 z dne 27. aprila 2004 – http: // europa. eu. int/ eur- lex), začne teči od trenutka, ko je kandidat obveščen o dejanju, zaradi katerega je bil resno oškodovan.</s>
<s id="s66.1">V primeru, da je pritožba zavrnjena z odločbo ali molkom organa, lahko kandidat – v skladu s členom 236 Pogodbe o ustanovitvi Evropskih skupnostih ter členom 91 Kadrovskih predpisov za uradnike Evropskih skupnosti in pogojev zaposlovanja drugih uslužbencev Evropskih skupnosti – svoj primer vloži na Sodišče za uslužbence Evropske unije:</s>
<s id="s67.1">The European Union Civil Service Tribunal</s>
<s id="s68.1">Poštni naslov:</s>
<s id="s68.2">L- 2925 Luxembourg</s>
<s id="s69.1">Prosimo upoštevajte, da pristojni organ za imenovanje nima pooblastil za spreminjanje odločitev izbirne komisije.</s>
<s id="s69.2">Sodišče je doslej vedno menilo, da širok obseg diskrecijske pravice, ki jo imajo izbirne komisije, ni predmet preučevanja s strani sodišča, razen v primeru, ko gre za jasno kršitev pravil, ki urejajo postopke izbirnih komisij.</s>
<s id="s70.1">Možna je tudi pritožba evropskemu varuhu človekovih pravic v skladu s členom 195( 1) Pogodbe o ustanovitvi Evropske skupnosti ter v skladu s pogoji, ki so navedeni v Sklepu Evropskega parlamenta z dne 9. marca 1994 o pravilih ter splošnih pogojih, ki urejajo opravljanje funkcije varuha človekovih pravic, kot je bil objavljen v Uradnem listu Evropske unije L 113 z dne 4. maja 1994.</s>
<s id="s71.1">The European Ombudsman 1 Avenue du Président Robert Schuman – BP 403 F- 67001 Strasbourg Cedex</s>
<s id="s72.1">Prosimo upoštevajte, da pritožbe, ki jih pošljete varuhu človekovih pravic nimajo odložilnega učinka na časovno obdobje, ki je navedeno v členih 90( 2) in 91 Kadrovskih predpisov za vložitev pritožbe ali ugovora na Sodišču za uslužbence Evropske unije v skladu s členom 236 Pogodbe o ustanovitvi Evropskih skupnosti.</s>
<s id="s73.1">1 http: // ec. europa. eu/ civil_ service/ docs/ toc100_ en. pdf</s>
</body>
</letsmt>
