<?xml version="1.0" encoding="utf-8"?>
<letsmt version="1.0">
<head></head>
<body>
<s id="s1.1">Št.</s>
<s id="s1.2">EMEA</s>
<s id="s2.1">Trgovsko ime</s>
<s id="s3.1">Moč</s>
<s id="s4.1">Farmacevtska oblika</s>
<s id="s5.1">Ciljne živalske vrste</s>
<s id="s6.1">Način dajanja</s>
<s id="s7.1">Pakiranje</s>
<s id="s8.1">Vsebina</s>
<s id="s9.1">Velikost pakiranja</s>
<s id="s10.1">Karenca</s>
<s id="s11.1">EU/ 2/ 08/ 080/ 001</s>
<s id="s12.1">Reconcile</s>
<s id="s13.1">8 mg</s>
<s id="s14.1">Žvečilne tablete</s>
<s id="s15.1">Psi</s>
<s id="s16.1">Peroralno</s>
<s id="s17.1">Plastenka (HDPE)</s>
<s id="s18.1">30 tablet</s>
<s id="s19.1">NI</s>
<s id="s20.1">EU/ 2/ 08/ 080/ 002</s>
<s id="s21.1">Reconcile</s>
<s id="s22.1">16 mg</s>
<s id="s23.1">Žvečilne tablete</s>
<s id="s24.1">Psi</s>
<s id="s25.1">Peroralno</s>
<s id="s26.1">Plastenka (HDPE)</s>
<s id="s27.1">30 tablet</s>
<s id="s28.1">NI</s>
<s id="s29.1">EU/ 2/ 08/ 080/ 003 Reconcile</s>
<s id="s30.1">32 mg</s>
<s id="s31.1">Žvečilne tablete</s>
<s id="s32.1">Psi</s>
<s id="s33.1">Peroralno</s>
<s id="s34.1">Plastenka (HDPE)</s>
<s id="s35.1">30 tablet</s>
<s id="s36.1">NI</s>
<s id="s37.1">EU/ 2/ 08/ 080/ 004 Reconcile</s>
<s id="s38.1">64 mg</s>
<s id="s39.1">Žvečilne tablete</s>
<s id="s40.1">Psi</s>
<s id="s41.1">Peroralno</s>
<s id="s42.1">Plastenka (HDPE)</s>
<s id="s43.1">30 tablet</s>
<s id="s44.1">NI</s>
</body>
</letsmt>
