<?xml version="1.0" encoding="utf-8"?>
<letsmt version="1.0">
<head></head>
<body>
<s id="s1.1">European Medicines Agency Veterinary Medicines</s>
<s id="s2.1">EMEA/ V/ C/ 094</s>
<s id="s3.1">EVROPSKO JAVNO POROČILO O OCENI ZDRAVILA (EPAR)</s>
<s id="s4.1">EQUILIS PREQUENZA</s>
<s id="s5.1">Povzetek EPAR za javnost</s>
<s id="s6.1">Ta dokument je povzetek evropskega javnega poročila o oceni zdravila (EPAR).</s>
<s id="s6.2">Njegov namen je pojasniti, kako je Odbor za zdravila za uporabo v veterinarski medicini (CVMP) ocenil predloženo dokumentacijo, na podlagi katere je oblikoval priporočila glede uporabe zdravila.</s>
<s id="s6.3">Ta dokument ne more nadomestiti osebnega pogovora z veterinarjem.</s>
<s id="s6.4">Če potrebujete več informacij o zdravstvenem stanju ali zdravljenju svoje živali, se posvetujte z veterinarjem.</s>
<s id="s6.5">Če želite več informacij o podlagi za priporočila CVMP, preberite znanstveno razpravo (ki je prav tako del EPAR).</s>
<s id="s7.1">Kaj je zdravilo Equilis Prequenza?</s>
<s id="s7.2">Zdravilo Equilis Prequenza je cepivo, ki se uporablja za konje.</s>
<s id="s7.3">Vsebuje dele (podenote) treh sevov virusa influence konj (gripe) („ A/ konjski- 1/ Prague/ 1/ 56 “, „ A/ konjski- 2/ Newmarket/ 1/ 93 “ in „ A/ konjski- 2/ Newmarket/ 2/ 93 “) Cepivo je na voljo v obliki suspenzije za injiciranje.</s>
<s id="s8.1">Za kaj se zdravilo Equilis Prequenza uporablja?</s>
<s id="s8.2">Zdravilo Equilis Prequenza se uporablja za cepljenje konj, ki so starejši od šestih mesecev, proti influenci.</s>
<s id="s8.3">Influenca konj je visoko nalezljiva bolezen, ki je zelo pogosta pri konjih, vendar redko povzroči pogin.</s>
<s id="s8.4">Cepivo blaži klinične znake influence konj in izločanje virusa po okužbi.</s>
<s id="s9.1">Cepivo se daje z injiciranjem v mišico.</s>
<s id="s9.2">Konji potrebujejo osnovno cepljenje, ki vključuje dve injiciranji, ki se izvedeta štiri tedne narazen.</s>
<s id="s9.3">Temu mora slediti tretje cepljenje pet mesecev pozneje, nato pa vsakoletna ponovna cepljenja.</s>
<s id="s10.1">Kako zdravilo Equilis Prequenza deluje?</s>
<s id="s10.2">Zdravilo Equilis Prequenza vsebuje delce (podenote) virusa influence, proti kateremu je cepivo indicirano.</s>
<s id="s10.3">Ti delci izzovejo zaščitni odziv imunskega sistema (naravni obrambni mehanizem telesa), vendar ne morejo povzročiti bolezni.</s>
<s id="s11.1">Cepiva delujejo tako, da imunski sistem „ naučijo “, kako naj se brani proti boleznim.</s>
<s id="s11.2">Ko konj prejme zdravilo, to pomaga njegovemu imunskemu sistemu, da hitreje reagira, kadar je naravno izpostavljen virusu.</s>
<s id="s11.3">S tem žival pomagamo zaščititi proti influenci konj.</s>
<s id="s11.4">Cepivo vsebuje tudi „ adjuvans “, ki spodbudi boljši odziv.</s>
<s id="s12.1">7 Westferry Circus, Canary Wharf, London E14 4HB, UK Tel.</s>
<s id="s12.2">(44- 20) 74 18 84 00 Fax (44- 20) 74 18 84 47 E- mail: mail@ emea. europa. eu http: // www. emea. europa. eu © European Medicines Agency, 2008.</s>
<s id="s12.3">Reproduction is authorised provided the source is acknowledged.</s>
<s id="s12.4">Kako je bilo zdravilo Equilis Prequenza raziskano?</s>
<s id="s12.5">Varnost zdravila Equilis Prequenza so raziskovali v več študijah, izvedenih v laboratorijskih in terenskih pogojih na številnih konjih, starejših od 2 mesecev.</s>
<s id="s12.6">Sklenili so, da zdravilo dobro prenašajo konji različnih starosti.</s>
<s id="s12.7">Zdravilo Equilis Prequenza so raziskovali tudi na brejih kobilah.</s>
<s id="s12.8">Po cepljenju v različnih obdobjih brejosti niso opazili nobenih negativnih učinkov na brejost, žrebitev in mladiče.</s>
<s id="s13.1">Učinkovitost zdravila Equilis Prequenza so raziskali v več preskušanjih, izvedenih v laboratorijskih in terenskih pogojih.</s>
<s id="s13.2">V večini študij so uporabili zdravilo Equilis Prequenza Te, cepivo, ki ščiti proti trem sevom virusov influence konj (tako kot Equilis Prequenza).</s>
<s id="s13.3">Glavno merilo učinkovitosti je bilo tvorjenje zaščitnih ravni protiteles proti influenci konj.</s>
<s id="s13.4">V študijah so primerjali tudi klinične znake in izločanje virusa pri cepljenih in kontrolnih živalih, tj. tistih, ki niso prejele cepiva.</s>
<s id="s14.1">Kakšne koristi je zdravilo Equilis Prequenza izkazalo med študijami?</s>
<s id="s14.2">Študije so pokazale, da je zdravilo Equilis Prequenza učinkovito cepivo proti influenci konj za zmanjšanje kliničnih znakov in izločanja virusa po okužbi pri konjih, starejših od šest mesecev.</s>
<s id="s14.3">Konji so razvili zaščito dva tedna po osnovnem cepljenju.</s>
<s id="s14.4">Trajanje zaščite je bilo pet mesecev po osnovnem cepljenju in 12 mesecev po prvem ponovnem cepljenju.</s>
<s id="s15.1">Kakšna tveganja so povezana z zdravilom Equilis Prequenza?</s>
<s id="s15.2">Lahko se pojavi trda ali mehka oteklina (premera največ 5 cm).</s>
<s id="s15.3">Oteklina naj bi izginila v dveh dneh.</s>
<s id="s15.4">Občasno je možna bolečina na mestu dajanja.</s>
<s id="s15.5">V nekaterih primerih se lahko pojavi vročina, ki traja en dan, v izjemnih okoliščinah pa do treh dni.</s>
<s id="s16.1">Kakšne previdnostne ukrepe mora upoštevati oseba, ki daje zdravilo ali pride v stik z živaljo?</s>
<s id="s16.2">Če pride do nenamernega samoinjiciranja, se takoj posvetujte z zdravnikom in mu pokažite navodila za uporabo ali nalepko.</s>
<s id="s17.1">Koliko časa mora preteči, preden se lahko žival zakolje in meso uporabi za prehrano ljudi (obdobje karence)?</s>
<s id="s17.2">Obdobje karence zdravila je nič dni.</s>
<s id="s18.1">Koliko časa mora preteči, preden se lahko mleko uporabi za prehrano ljudi?</s>
<s id="s18.2">Nič dni.</s>
<s id="s19.1">Zakaj je bilo zdravilo Equilis Prequenza odobreno?</s>
<s id="s19.2">Odbor za zdravila za uporabo v veterinarski medicini (CVMP) je zaključil, da so koristi zdravila Equilis Prequenza pri imunizaciji konj, ki so starejši od 6 mesecev, proti influenci konj za zmanjšanje kliničnih znakov in izločanja virusa po okužbi večje od z njim povezanih tveganj.</s>
<s id="s19.3">Odbor je priporočil, da se za zdravilo Equilis Prequenza odobri dovoljenje za promet.</s>
<s id="s19.4">Razmerje med koristmi in tveganji najdete v modulu 6 tega Evropskega javnega poročila o oceni zdravila (EPAR).</s>
<s id="s20.1">Stran 2/ 3 EMEA 2008 Druge informacije o zdravilu Equilis Prequenza:</s>
<s id="s20.2">Evropska komisija je dovoljenje za promet z zdravilom Equilis Prequenza, veljavno po vsej Evropski uniji, odobrila družbi Intervet International BV dne 8. julija 2005.</s>
<s id="s20.3">Podatki o predpisovanju tega zdravila so navedeni na nalepki/ zunanji ovojnini zdravila.</s>
<s id="s21.1">Ta povzetek je bil nazadnje posodobljen 10- 2008.</s>
<s id="s22.1">Stran 3/ 3 EMEA 2008</s>
</body>
</letsmt>
