<?xml version="1.0" encoding="utf-8"?>
<letsmt version="1.0">
<head></head>
<body>
<s id="s1.1">Številka EU</s>
<s id="s2.1">Izmišljeno ime</s>
<s id="s3.1">jakost</s>
<s id="s4.1">farmacevtska oblika pot uporabe</s>
<s id="s5.1">ovojnina</s>
<s id="s6.1">velikost pakiranja</s>
<s id="s7.1">EU/ 1/ 99/ 099/ 001</s>
<s id="s8.1">Zerene</s>
<s id="s9.1">5 mg</s>
<s id="s10.1">trda kapsula Peroralna uporaba</s>
<s id="s11.1">pretisni omot (PVC/ PVDC)</s>
<s id="s12.1">7</s>
<s id="s13.1">EU/ 1/ 99/ 099/ 002</s>
<s id="s14.1">Zerene</s>
<s id="s15.1">5 mg</s>
<s id="s16.1">trda kapsula</s>
<s id="s17.1">Peroralna uporaba</s>
<s id="s18.1">pretisni omot (PVC/ PVDC)</s>
<s id="s19.1">10</s>
<s id="s20.1">EU/ 1/ 99/ 099/ 003</s>
<s id="s21.1">Zerene</s>
<s id="s22.1">5 mg</s>
<s id="s23.1">trda kapsula</s>
<s id="s24.1">Peroralna uporaba</s>
<s id="s25.1">pretisni omot (PVC/ PVDC)</s>
<s id="s26.1">14</s>
<s id="s27.1">EU/ 1/ 99/ 099/ 004</s>
<s id="s28.1">Zerene</s>
<s id="s29.1">10 mg</s>
<s id="s30.1">trda kapsula</s>
<s id="s31.1">Peroralna uporaba</s>
<s id="s32.1">pretisni omot (PVC/ PVDC)</s>
<s id="s33.1">7</s>
<s id="s34.1">EU/ 1/ 99/ 099/ 005</s>
<s id="s35.1">Zerene</s>
<s id="s36.1">10 mg</s>
<s id="s37.1">trda kapsula</s>
<s id="s38.1">Peroralna uporaba</s>
<s id="s39.1">pretisni omot (PVC/ PVDC)</s>
<s id="s40.1">10</s>
<s id="s41.1">EU/ 1/ 99/ 099/ 006</s>
<s id="s42.1">Zerene</s>
<s id="s43.1">10 mg</s>
<s id="s44.1">trda kapsula</s>
<s id="s45.1">Peroralna uporaba</s>
<s id="s46.1">pretisni omot (PVC/ PVDC)</s>
<s id="s47.1">14</s>
<s id="s48.1">1/ 1</s>
</body>
</letsmt>
