<?xml version="1.0" encoding="utf-8"?>
<text>
<p id="1">
<s id="s1.1">
 <w id="w1.1.1">European</w> 
 <w id="w1.1.2">Medicines</w> 
 <w id="w1.1.3">Agency</w>
</s></p>

<p id="2">
<s id="s2.1">
 <w id="w2.1.1">EMEA/</w>
 <w id="w2.1.2">H/</w>
 <w id="w2.1.3">C/</w>
 <w id="w2.1.4">796</w>
</s></p>

<p id="3">
<s id="s3.1">
 <w id="w3.1.1">EVROPSKO</w> 
 <w id="w3.1.2">JAVNO</w> 
 <w id="w3.1.3">POROČILO</w> 
 <w id="w3.1.4">O</w> 
 <w id="w3.1.5">OCENI</w> 
 <w id="w3.1.6">ZDRAVILA</w> 
 <w id="w3.1.7">(</w>
 <w id="w3.1.8">EPAR</w>
 <w id="w3.1.9">)</w>
</s></p>

<p id="4">
<s id="s4.1">
 <w id="w4.1.1">CEPLENE</w>
</s></p>

<p id="5">
<s id="s5.1">
 <w id="w5.1.1">Povzetek</w> 
 <w id="w5.1.2">EPAR</w> 
 <w id="w5.1.3">za</w> 
 <w id="w5.1.4">javnost</w>
</s></p>

<p id="6">
<s id="s6.1">
 <w id="w6.1.1">Ta</w> 
 <w id="w6.1.2">dokument</w> 
 <w id="w6.1.3">je</w> 
 <w id="w6.1.4">povzetek</w> 
 <w id="w6.1.5">evropskega</w> 
 <w id="w6.1.6">javnega</w> 
 <w id="w6.1.7">poročila</w> 
 <w id="w6.1.8">o</w> 
 <w id="w6.1.9">oceni</w> 
 <w id="w6.1.10">zdravila</w> 
 <w id="w6.1.11">(</w>
 <w id="w6.1.12">EPAR</w>
 <w id="w6.1.13">)</w>
 <w id="w6.1.14">.</w>
</s> 
 
<s id="s6.2">
 <w id="w6.2.1">Pojasnjuje</w>
 <w id="w6.2.2">,</w> 
 <w id="w6.2.3">kako</w> 
 <w id="w6.2.4">je</w> 
 <w id="w6.2.5">Odbor</w> 
 <w id="w6.2.6">za</w> 
 <w id="w6.2.7">zdravila</w> 
 <w id="w6.2.8">za</w> 
 <w id="w6.2.9">uporabo</w> 
 <w id="w6.2.10">v</w> 
 <w id="w6.2.11">humani</w> 
 <w id="w6.2.12">medicini</w> 
 <w id="w6.2.13">(</w>
 <w id="w6.2.14">CHMP</w>
 <w id="w6.2.15">)</w> 
 <w id="w6.2.16">ocenil</w> 
 <w id="w6.2.17">opravljene</w> 
 <w id="w6.2.18">študije</w>
 <w id="w6.2.19">,</w> 
 <w id="w6.2.20">na</w> 
 <w id="w6.2.21">podlagi</w> 
 <w id="w6.2.22">katerih</w> 
 <w id="w6.2.23">je</w> 
 <w id="w6.2.24">oblikoval</w> 
 <w id="w6.2.25">priporočila</w> 
 <w id="w6.2.26">glede</w> 
 <w id="w6.2.27">uporabe</w> 
 <w id="w6.2.28">zdravila</w>
 <w id="w6.2.29">.</w>
</s> 
 
<s id="s6.3">
 <w id="w6.3.1">Če</w> 
 <w id="w6.3.2">potrebujete</w> 
 <w id="w6.3.3">več</w> 
 <w id="w6.3.4">informacij</w> 
 <w id="w6.3.5">o</w> 
 <w id="w6.3.6">svojem</w> 
 <w id="w6.3.7">zdravstvenem</w> 
 <w id="w6.3.8">stanju</w> 
 <w id="w6.3.9">ali</w> 
 <w id="w6.3.10">zdravljenju</w>
 <w id="w6.3.11">,</w> 
 <w id="w6.3.12">preberite</w> 
 <w id="w6.3.13">navodilo</w> 
 <w id="w6.3.14">za</w> 
 <w id="w6.3.15">uporabo</w> 
 <w id="w6.3.16">(</w>
 <w id="w6.3.17">ki</w> 
 <w id="w6.3.18">je</w> 
 <w id="w6.3.19">prav</w> 
 <w id="w6.3.20">tako</w> 
 <w id="w6.3.21">del</w> 
 <w id="w6.3.22">EPAR</w>
 <w id="w6.3.23">)</w> 
 <w id="w6.3.24">ali</w> 
 <w id="w6.3.25">se</w> 
 <w id="w6.3.26">posvetujte</w> 
 <w id="w6.3.27">s</w> 
 <w id="w6.3.28">svojim</w> 
 <w id="w6.3.29">zdravnikom</w> 
 <w id="w6.3.30">ali</w> 
 <w id="w6.3.31">farmacevtom</w>
 <w id="w6.3.32">.</w>
</s> 
 
<s id="s6.4">
 <w id="w6.4.1">Če</w> 
 <w id="w6.4.2">želite</w> 
 <w id="w6.4.3">več</w> 
 <w id="w6.4.4">informacij</w>
 <w id="w6.4.5">,</w> 
 <w id="w6.4.6">ki</w> 
 <w id="w6.4.7">temeljijo</w> 
 <w id="w6.4.8">na</w> 
 <w id="w6.4.9">priporočilih</w> 
 <w id="w6.4.10">CHMP</w>
 <w id="w6.4.11">,</w> 
 <w id="w6.4.12">preberite</w> 
 <w id="w6.4.13">znanstveno</w> 
 <w id="w6.4.14">razpravo</w> 
 <w id="w6.4.15">(</w>
 <w id="w6.4.16">ki</w> 
 <w id="w6.4.17">je</w> 
 <w id="w6.4.18">prav</w> 
 <w id="w6.4.19">tako</w> 
 <w id="w6.4.20">del</w> 
 <w id="w6.4.21">EPAR</w>
 <w id="w6.4.22">)</w>
 <w id="w6.4.23">.</w>
</s></p>

<p id="7">
<s id="s7.1">
 <w id="w7.1.1">Kaj</w> 
 <w id="w7.1.2">je</w> 
 <w id="w7.1.3">zdravilo</w> 
 <w id="w7.1.4">Ceplene</w>
 <w id="w7.1.5">?</w>
</s> 
 
<s id="s7.2">
 <w id="w7.2.1">Zdravilo</w> 
 <w id="w7.2.2">Ceplene</w> 
 <w id="w7.2.3">je</w> 
 <w id="w7.2.4">raztopina</w> 
 <w id="w7.2.5">za</w> 
 <w id="w7.2.6">injiciranje</w>
 <w id="w7.2.7">,</w> 
 <w id="w7.2.8">ki</w> 
 <w id="w7.2.9">vsebuje</w> 
 <w id="w7.2.10">zdravilno</w> 
 <w id="w7.2.11">učinkovino</w> 
 <w id="w7.2.12">histamin</w> 
 <w id="w7.2.13">dihidroklorid</w> 
 <w id="w7.2.14">(</w>
 <w id="w7.2.15">0,</w>
 <w id="w7.2.16">5</w> 
 <w id="w7.2.17">mg/</w>
 <w id="w7.2.18">0,</w>
 <w id="w7.2.19">5</w> 
 <w id="w7.2.20">ml</w>
 <w id="w7.2.21">)</w>
 <w id="w7.2.22">.</w>
</s></p>

<p id="8">
<s id="s8.1">
 <w id="w8.1.1">Za</w> 
 <w id="w8.1.2">kaj</w> 
 <w id="w8.1.3">se</w> 
 <w id="w8.1.4">zdravilo</w> 
 <w id="w8.1.5">Ceplene</w> 
 <w id="w8.1.6">uporablja</w>
 <w id="w8.1.7">?</w>
</s> 
 
<s id="s8.2">
 <w id="w8.2.1">Zdravilo</w> 
 <w id="w8.2.2">Ceplene</w> 
 <w id="w8.2.3">uporabljamo</w> 
 <w id="w8.2.4">v</w> 
 <w id="w8.2.5">kombinaciji</w> 
 <w id="w8.2.6">z</w> 
 <w id="w8.2.7">interlevkinom-</w>
 <w id="w8.2.8">2</w> 
 <w id="w8.2.9">(</w>
 <w id="w8.2.10">zdravilom</w> 
 <w id="w8.2.11">proti</w> 
 <w id="w8.2.12">raku</w>
 <w id="w8.2.13">)</w> 
 <w id="w8.2.14">kot</w> 
 <w id="w8.2.15">vzdrževalno</w> 
 <w id="w8.2.16">zdravljenje</w> 
 <w id="w8.2.17">pri</w> 
 <w id="w8.2.18">odraslih</w> 
 <w id="w8.2.19">z</w> 
 <w id="w8.2.20">akutno</w> 
 <w id="w8.2.21">mieloidno</w> 
 <w id="w8.2.22">levkemijo</w> 
 <w id="w8.2.23">(</w>
 <w id="w8.2.24">AML</w>
 <w id="w8.2.25">)</w>
 <w id="w8.2.26">,</w> 
 <w id="w8.2.27">vrsto</w> 
 <w id="w8.2.28">raka</w>
 <w id="w8.2.29">,</w> 
 <w id="w8.2.30">ki</w> 
 <w id="w8.2.31">prizadene</w> 
 <w id="w8.2.32">bele</w> 
 <w id="w8.2.33">krvničke</w>
 <w id="w8.2.34">.</w>
</s> 
 
<s id="s8.3">
 <w id="w8.3.1">Uporablja</w> 
 <w id="w8.3.2">se</w> 
 <w id="w8.3.3">ob</w> 
 <w id="w8.3.4">prvi</w> 
 <w id="w8.3.5">remisiji</w> 
 <w id="w8.3.6">(</w>
 <w id="w8.3.7">obdobju</w> 
 <w id="w8.3.8">brez</w> 
 <w id="w8.3.9">simptomov</w> 
 <w id="w8.3.10">bolezni</w> 
 <w id="w8.3.11">po</w> 
 <w id="w8.3.12">prvemu</w> 
 <w id="w8.3.13">zdravljenju</w>
 <w id="w8.3.14">)</w>
 <w id="w8.3.15">.</w>
</s> 
 
<s id="s8.4">
 <w id="w8.4.1">Učinkovitosti</w> 
 <w id="w8.4.2">zdravila</w> 
 <w id="w8.4.3">Ceplene</w> 
 <w id="w8.4.4">pri</w> 
 <w id="w8.4.5">bolnikih</w>
 <w id="w8.4.6">,</w> 
 <w id="w8.4.7">starejših</w> 
 <w id="w8.4.8">od</w> 
 <w id="w8.4.9">60</w> 
 <w id="w8.4.10">let</w>
 <w id="w8.4.11">,</w> 
 <w id="w8.4.12">niso</w> 
 <w id="w8.4.13">dokazali</w> 
 <w id="w8.4.14">v</w> 
 <w id="w8.4.15">popolnosti</w>
 <w id="w8.4.16">.</w>
</s> 
 
<s id="s8.5">
 <w id="w8.5.1">Ker</w> 
 <w id="w8.5.2">je</w> 
 <w id="w8.5.3">število</w> 
 <w id="w8.5.4">bolnikov</w> 
 <w id="w8.5.5">z</w> 
 <w id="w8.5.6">AML</w> 
 <w id="w8.5.7">majhno</w>
 <w id="w8.5.8">,</w> 
 <w id="w8.5.9">velja</w> 
 <w id="w8.5.10">ta</w> 
 <w id="w8.5.11">bolezen</w> 
 <w id="w8.5.12">za</w> 
 <w id="w8.5.13">redko</w>
 <w id="w8.5.14">,</w> 
 <w id="w8.5.15">zato</w> 
 <w id="w8.5.16">je</w> 
 <w id="w8.5.17">bilo</w> 
 <w id="w8.5.18">zdravilo</w> 
 <w id="w8.5.19">Ceplene</w> 
 <w id="w8.5.20">dne</w> 
 <w id="w8.5.21">11</w>
 <w id="w8.5.22">.</w> 
 <w id="w8.5.23">aprila</w> 
 <w id="w8.5.24">2005</w> 
 <w id="w8.5.25">določeno</w> 
 <w id="w8.5.26">kot</w> 
 <w id="w8.5.27">zdravilo</w> 
 <w id="w8.5.28">sirota</w> 
 <w id="w8.5.29">(</w>
 <w id="w8.5.30">zdravilo</w>
 <w id="w8.5.31">,</w> 
 <w id="w8.5.32">ki</w> 
 <w id="w8.5.33">se</w> 
 <w id="w8.5.34">uporablja</w> 
 <w id="w8.5.35">pri</w> 
 <w id="w8.5.36">redkih</w> 
 <w id="w8.5.37">boleznih</w>
 <w id="w8.5.38">)</w>
 <w id="w8.5.39">.</w>
</s> 
 
<s id="s8.6">
 <w id="w8.6.1">Zdravilo</w> 
 <w id="w8.6.2">se</w> 
 <w id="w8.6.3">dobi</w> 
 <w id="w8.6.4">samo</w> 
 <w id="w8.6.5">na</w> 
 <w id="w8.6.6">recept</w>
 <w id="w8.6.7">.</w>
</s></p>

<p id="9">
<s id="s9.1">
 <w id="w9.1.1">Kako</w> 
 <w id="w9.1.2">se</w> 
 <w id="w9.1.3">zdravilo</w> 
 <w id="w9.1.4">Ceplene</w> 
 <w id="w9.1.5">uporablja</w>
 <w id="w9.1.6">?</w>
</s> 
 
<s id="s9.2">
 <w id="w9.2.1">Zdravilo</w> 
 <w id="w9.2.2">Ceplene</w> 
 <w id="w9.2.3">je</w> 
 <w id="w9.2.4">treba</w> 
 <w id="w9.2.5">dajati</w> 
 <w id="w9.2.6">pod</w> 
 <w id="w9.2.7">nadzorom</w> 
 <w id="w9.2.8">zdravnika</w> 
 <w id="w9.2.9">z</w> 
 <w id="w9.2.10">izkušnjami</w> 
 <w id="w9.2.11">z</w> 
 <w id="w9.2.12">zdravljenjem</w> 
 <w id="w9.2.13">akutne</w> 
 <w id="w9.2.14">mieloidne</w> 
 <w id="w9.2.15">levkemije</w>
 <w id="w9.2.16">.</w>
</s> 
 
<s id="s9.3">
 <w id="w9.3.1">Priporočeni</w> 
 <w id="w9.3.2">odmerek</w> 
 <w id="w9.3.3">zdravila</w> 
 <w id="w9.3.4">Ceplene</w> 
 <w id="w9.3.5">je</w> 
 <w id="w9.3.6">0,</w>
 <w id="w9.3.7">5</w> 
 <w id="w9.3.8">mg</w>
 <w id="w9.3.9">,</w> 
 <w id="w9.3.10">ki</w> 
 <w id="w9.3.11">se</w> 
 <w id="w9.3.12">vbrizga</w> 
 <w id="w9.3.13">podkožno</w> 
 <w id="w9.3.14">dvakrat</w> 
 <w id="w9.3.15">dnevno</w>
 <w id="w9.3.16">,</w> 
 <w id="w9.3.17">eno</w> 
 <w id="w9.3.18">do</w> 
 <w id="w9.3.19">tri</w> 
 <w id="w9.3.20">minute</w> 
 <w id="w9.3.21">po</w> 
 <w id="w9.3.22">vbrizganju</w> 
 <w id="w9.3.23">interlevkina-</w>
 <w id="w9.3.24">2</w>
 <w id="w9.3.25">.</w>
</s> 
 
<s id="s9.4">
 <w id="w9.4.1">Zdravili</w> 
 <w id="w9.4.2">Ceplene</w> 
 <w id="w9.4.3">in</w> 
 <w id="w9.4.4">interlevkin-</w>
 <w id="w9.4.5">2</w> 
 <w id="w9.4.6">se</w> 
 <w id="w9.4.7">dajeta</w> 
 <w id="w9.4.8">10</w> 
 <w id="w9.4.9">ciklov</w>
 <w id="w9.4.10">.</w>
</s> 
 
<s id="s9.5">
 <w id="w9.5.1">Prvi</w> 
 <w id="w9.5.2">trije</w> 
 <w id="w9.5.3">cikli</w> 
 <w id="w9.5.4">so</w> 
 <w id="w9.5.5">sestavljeni</w> 
 <w id="w9.5.6">iz</w> 
 <w id="w9.5.7">treh</w> 
 <w id="w9.5.8">tednov</w> 
 <w id="w9.5.9">zdravljenja</w>
 <w id="w9.5.10">,</w> 
 <w id="w9.5.11">ki</w> 
 <w id="w9.5.12">jim</w> 
 <w id="w9.5.13">sledi</w> 
 <w id="w9.5.14">3-</w>
 <w id="w9.5.15">tedensko</w> 
 <w id="w9.5.16">obdobje</w> 
 <w id="w9.5.17">brez</w> 
 <w id="w9.5.18">zdravljenja</w>
 <w id="w9.5.19">.</w>
</s> 
 
<s id="s9.6">
 <w id="w9.6.1">Naslednjih</w> 
 <w id="w9.6.2">sedem</w> 
 <w id="w9.6.3">ciklov</w> 
 <w id="w9.6.4">je</w> 
 <w id="w9.6.5">sestavljenih</w> 
 <w id="w9.6.6">iz</w> 
 <w id="w9.6.7">treh</w> 
 <w id="w9.6.8">tednov</w> 
 <w id="w9.6.9">zdravljenja</w>
 <w id="w9.6.10">,</w> 
 <w id="w9.6.11">ki</w> 
 <w id="w9.6.12">jim</w> 
 <w id="w9.6.13">sledi</w> 
 <w id="w9.6.14">6-</w>
 <w id="w9.6.15">tedensko</w> 
 <w id="w9.6.16">obdobje</w> 
 <w id="w9.6.17">brez</w> 
 <w id="w9.6.18">zdravljenja</w>
 <w id="w9.6.19">.</w>
</s> 
 
<s id="s9.7">
 <w id="w9.7.1">Pri</w> 
 <w id="w9.7.2">prvemu</w> 
 <w id="w9.7.3">dajanju</w> 
 <w id="w9.7.4">zdravila</w> 
 <w id="w9.7.5">Ceplene</w> 
 <w id="w9.7.6">je</w> 
 <w id="w9.7.7">treba</w> 
 <w id="w9.7.8">spremljati</w> 
 <w id="w9.7.9">krvni</w> 
 <w id="w9.7.10">tlak</w>
 <w id="w9.7.11">,</w> 
 <w id="w9.7.12">srčni</w> 
 <w id="w9.7.13">utrip</w> 
 <w id="w9.7.14">in</w> 
 <w id="w9.7.15">delovanje</w> 
 <w id="w9.7.16">pljuč</w>
 <w id="w9.7.17">.</w>
</s> 
 
<s id="s9.8">
 <w id="w9.8.1">Glede</w> 
 <w id="w9.8.2">na</w> 
 <w id="w9.8.3">odziv</w> 
 <w id="w9.8.4">bolnika</w> 
 <w id="w9.8.5">na</w> 
 <w id="w9.8.6">zdravljenje</w> 
 <w id="w9.8.7">in</w> 
 <w id="w9.8.8">stranske</w> 
 <w id="w9.8.9">učinke</w> 
 <w id="w9.8.10">lahko</w> 
 <w id="w9.8.11">zdravljenje</w> 
 <w id="w9.8.12">prekinemo</w> 
 <w id="w9.8.13">ali</w> 
 <w id="w9.8.14">prilagodimo</w> 
 <w id="w9.8.15">odmerek</w>
 <w id="w9.8.16">.</w>
</s> 
 
<s id="s9.9">
 <w id="w9.9.1">Vsako</w> 
 <w id="w9.9.2">injekcijo</w> 
 <w id="w9.9.3">zdravila</w> 
 <w id="w9.9.4">Ceplene</w> 
 <w id="w9.9.5">je</w> 
 <w id="w9.9.6">treba</w> 
 <w id="w9.9.7">vbrizgati</w> 
 <w id="w9.9.8">počasi</w>
 <w id="w9.9.9">,</w> 
 <w id="w9.9.10">v</w> 
 <w id="w9.9.11">trajanju</w> 
 <w id="w9.9.12">od</w> 
 <w id="w9.9.13">petih</w> 
 <w id="w9.9.14">do</w> 
 <w id="w9.9.15">15</w> 
 <w id="w9.9.16">minut</w> 
 <w id="w9.9.17">in</w> 
 <w id="w9.9.18">na</w> 
 <w id="w9.9.19">drugem</w> 
 <w id="w9.9.20">mestu</w> 
 <w id="w9.9.21">kot</w> 
 <w id="w9.9.22">injekcijo</w> 
 <w id="w9.9.23">interlevkina-</w>
 <w id="w9.9.24">2</w>
 <w id="w9.9.25">,</w> 
 <w id="w9.9.26">najbolje</w> 
 <w id="w9.9.27">v</w> 
 <w id="w9.9.28">stegno</w> 
 <w id="w9.9.29">ali</w> 
 <w id="w9.9.30">abdomen</w> 
 <w id="w9.9.31">(</w>
 <w id="w9.9.32">trebuh</w>
 <w id="w9.9.33">)</w>
 <w id="w9.9.34">.</w>
</s> 
 
<s id="s9.10">
 <w id="w9.10.1">Bolniki</w> 
 <w id="w9.10.2">si</w> 
 <w id="w9.10.3">lahko</w> 
 <w id="w9.10.4">po</w> 
 <w id="w9.10.5">primernem</w> 
 <w id="w9.10.6">usposabljanju</w> 
 <w id="w9.10.7">zdravilo</w> 
 <w id="w9.10.8">vbrizgavajo</w> 
 <w id="w9.10.9">sami</w>
 <w id="w9.10.10">.</w>
</s> 
 
<s id="s9.11">
 <w id="w9.11.1">Zdravilo</w> 
 <w id="w9.11.2">Ceplene</w> 
 <w id="w9.11.3">je</w> 
 <w id="w9.11.4">treba</w> 
 <w id="w9.11.5">uporabljati</w> 
 <w id="w9.11.6">previdno</w> 
 <w id="w9.11.7">pri</w> 
 <w id="w9.11.8">bolnikih</w>
 <w id="w9.11.9">,</w> 
 <w id="w9.11.10">ki</w> 
 <w id="w9.11.11">imajo</w> 
 <w id="w9.11.12">hude</w> 
 <w id="w9.11.13">težave</w> 
 <w id="w9.11.14">z</w> 
 <w id="w9.11.15">ledvicami</w> 
 <w id="w9.11.16">ali</w> 
 <w id="w9.11.17">zmerne</w> 
 <w id="w9.11.18">do</w> 
 <w id="w9.11.19">hude</w> 
 <w id="w9.11.20">težave</w> 
 <w id="w9.11.21">z</w> 
 <w id="w9.11.22">jetri</w>
 <w id="w9.11.23">.</w>
</s> 
 
<s id="s9.12">
 <w id="w9.12.1">Zdravilo</w> 
 <w id="w9.12.2">Ceplene</w> 
 <w id="w9.12.3">se</w> 
 <w id="w9.12.4">ne</w> 
 <w id="w9.12.5">priporoča</w> 
 <w id="w9.12.6">za</w> 
 <w id="w9.12.7">bolnike</w> 
 <w id="w9.12.8">do</w> 
 <w id="w9.12.9">18</w>
 <w id="w9.12.10">.</w> 
 <w id="w9.12.11">leta</w> 
 <w id="w9.12.12">starosti</w> 
 <w id="w9.12.13">zaradi</w> 
 <w id="w9.12.14">nezadostnih</w> 
 <w id="w9.12.15">informacij</w> 
 <w id="w9.12.16">o</w> 
 <w id="w9.12.17">varnosti</w> 
 <w id="w9.12.18">in</w> 
 <w id="w9.12.19">učinkovitosti</w> 
 <w id="w9.12.20">v</w> 
 <w id="w9.12.21">tej</w> 
 <w id="w9.12.22">starostni</w> 
 <w id="w9.12.23">skupini</w>
 <w id="w9.12.24">.</w>
</s></p>

<p id="10">
<s id="s10.1">
 <w id="w10.1.1">Kako</w> 
 <w id="w10.1.2">zdravilo</w> 
 <w id="w10.1.3">Ceplene</w> 
 <w id="w10.1.4">deluje</w>
 <w id="w10.1.5">?</w>
</s> 
 
<s id="s10.2">
 <w id="w10.2.1">Zdravilna</w> 
 <w id="w10.2.2">učinkovina</w> 
 <w id="w10.2.3">zdravila</w> 
 <w id="w10.2.4">Ceplene</w>
 <w id="w10.2.5">,</w> 
 <w id="w10.2.6">histamin</w> 
 <w id="w10.2.7">dihidroklorid</w>
 <w id="w10.2.8">,</w> 
 <w id="w10.2.9">je</w> 
 <w id="w10.2.10">imunomodulator</w>
 <w id="w10.2.11">.</w>
</s> 
 
<s id="s10.3">
 <w id="w10.3.1">To</w> 
 <w id="w10.3.2">pomeni</w>
 <w id="w10.3.3">,</w> 
 <w id="w10.3.4">da</w> 
 <w id="w10.3.5">spremeni</w> 
 <w id="w10.3.6">aktivnost</w> 
 <w id="w10.3.7">imunskega</w> 
 <w id="w10.3.8">sistema</w> 
 <w id="w10.3.9">(</w>
 <w id="w10.3.10">naravnega</w> 
 <w id="w10.3.11">obrambnega</w> 
 <w id="w10.3.12">mehanizma</w> 
 <w id="w10.3.13">telesa</w>
 <w id="w10.3.14">)</w>
 <w id="w10.3.15">.</w>
</s> 
 
<s id="s10.4">
 <w id="w10.4.1">Histamin</w> 
 <w id="w10.4.2">je</w> 
 <w id="w10.4.3">naravno</w> 
 <w id="w10.4.4">prisotna</w> 
 <w id="w10.4.5">snov</w> 
 <w id="w10.4.6">v</w> 
 <w id="w10.4.7">telesu</w>
 <w id="w10.4.8">,</w> 
 <w id="w10.4.9">ki</w> 
 <w id="w10.4.10">sodeluje</w> 
 <w id="w10.4.11">v</w> 
 <w id="w10.4.12">mnogo</w> 
 <w id="w10.4.13">procesih</w>
 <w id="w10.4.14">.</w>
</s> 
 
<s id="s10.5">
 <w id="w10.5.1">Predvideva</w> 
 <w id="w10.5.2">se</w>
 <w id="w10.5.3">,</w> 
 <w id="w10.5.4">da</w> 
 <w id="w10.5.5">pri</w> 
 <w id="w10.5.6">zdravljenju</w> 
 <w id="w10.5.7">AML</w> 
 <w id="w10.5.8">ščiti</w> 
 <w id="w10.5.9">celice</w> 
 <w id="w10.5.10">imunskega</w> 
 <w id="w10.5.11">sistema</w> 
 <w id="w10.5.12">pred</w> 
 <w id="w10.5.13">poškodbami</w>
 <w id="w10.5.14">.</w>
</s> 
 
<s id="s10.6">
 <w id="w10.6.1">S</w> 
 <w id="w10.6.2">tem</w> 
 <w id="w10.6.3">se</w> 
 <w id="w10.6.4">poveča</w> 
 <w id="w10.6.5">učinkovitost</w> 
 <w id="w10.6.6">interlevkina-</w>
 <w id="w10.6.7">2</w>
 <w id="w10.6.8">,</w>                              
 <w id="w10.6.9">7</w> 
 <w id="w10.6.10">Westferry</w> 
 <w id="w10.6.11">Circus</w>
 <w id="w10.6.12">,</w> 
 <w id="w10.6.13">Canary</w> 
 <w id="w10.6.14">Wharf</w>
 <w id="w10.6.15">,</w> 
 <w id="w10.6.16">London</w> 
 <w id="w10.6.17">E14</w> 
 <w id="w10.6.18">4HB</w>
 <w id="w10.6.19">,</w> 
 <w id="w10.6.20">UK</w>                                  
 <w id="w10.6.21">Tel</w>
 <w id="w10.6.22">.</w>
</s> 
 
<s id="s10.7">
 <w id="w10.7.1">(</w>
 <w id="w10.7.2">44-</w>
 <w id="w10.7.3">20</w>
 <w id="w10.7.4">)</w> 
 <w id="w10.7.5">74</w> 
 <w id="w10.7.6">18</w> 
 <w id="w10.7.7">84</w> 
 <w id="w10.7.8">00</w> 
 <w id="w10.7.9">Fax</w> 
 <w id="w10.7.10">(</w>
 <w id="w10.7.11">44-</w>
 <w id="w10.7.12">20</w>
 <w id="w10.7.13">)</w> 
 <w id="w10.7.14">74</w> 
 <w id="w10.7.15">18</w> 
 <w id="w10.7.16">84</w> 
 <w id="w10.7.17">16</w>                             
 <w id="w10.7.18">E-</w>
 <w id="w10.7.19">mail</w>
 <w id="w10.7.20">:</w> 
 <w id="w10.7.21">mail@</w>
 <w id="w10.7.22">emea.</w>
 <w id="w10.7.23">europa.</w>
 <w id="w10.7.24">eu</w> 
 <w id="w10.7.25">http</w>
 <w id="w10.7.26">:</w>
 <w id="w10.7.27">//</w>
 <w id="w10.7.28">www.</w>
 <w id="w10.7.29">emea.</w>
 <w id="w10.7.30">europa.</w>
 <w id="w10.7.31">eu</w>          
 <w id="w10.7.32">©</w> 
 <w id="w10.7.33">European</w> 
 <w id="w10.7.34">Medicines</w> 
 <w id="w10.7.35">Agency</w>
 <w id="w10.7.36">,</w> 
 <w id="w10.7.37">2008</w>
 <w id="w10.7.38">.</w>
</s> 
 
<s id="s10.8">
 <w id="w10.8.1">Reproduction</w> 
 <w id="w10.8.2">is</w> 
 <w id="w10.8.3">authorised</w> 
 <w id="w10.8.4">provided</w> 
 <w id="w10.8.5">the</w> 
 <w id="w10.8.6">source</w> 
 <w id="w10.8.7">is</w> 
 <w id="w10.8.8">acknowledged</w>
 <w id="w10.8.9">.</w> 
 <w id="w10.8.10">zdravila</w>
 <w id="w10.8.11">,</w> 
 <w id="w10.8.12">ki</w> 
 <w id="w10.8.13">spodbuja</w> 
 <w id="w10.8.14">imunski</w> 
 <w id="w10.8.15">sistem</w> 
 <w id="w10.8.16">k</w> 
 <w id="w10.8.17">uničevanju</w> 
 <w id="w10.8.18">rakavih</w> 
 <w id="w10.8.19">celic</w>
 <w id="w10.8.20">.</w>
</s> 
 
<s id="s10.9">
 <w id="w10.9.1">Če</w> 
 <w id="w10.9.2">zdravilo</w> 
 <w id="w10.9.3">Ceplene</w> 
 <w id="w10.9.4">uporabljamo</w> 
 <w id="w10.9.5">sočasno</w> 
 <w id="w10.9.6">z</w> 
 <w id="w10.9.7">interlevkinom-</w>
 <w id="w10.9.8">2</w>
 <w id="w10.9.9">,</w> 
 <w id="w10.9.10">pomaga</w> 
 <w id="w10.9.11">imunskemu</w> 
 <w id="w10.9.12">sistemu</w> 
 <w id="w10.9.13">uničevati</w> 
 <w id="w10.9.14">levkemične</w> 
 <w id="w10.9.15">celice</w>
 <w id="w10.9.16">,</w> 
 <w id="w10.9.17">ki</w> 
 <w id="w10.9.18">lahko</w> 
 <w id="w10.9.19">ostanejo</w> 
 <w id="w10.9.20">v</w> 
 <w id="w10.9.21">telesu</w> 
 <w id="w10.9.22">med</w> 
 <w id="w10.9.23">remisijo</w>
 <w id="w10.9.24">.</w>
</s> 
 
<s id="s10.10">
 <w id="w10.10.1">S</w> 
 <w id="w10.10.2">tem</w> 
 <w id="w10.10.3">se</w> 
 <w id="w10.10.4">lahko</w> 
 <w id="w10.10.5">podaljša</w> 
 <w id="w10.10.6">čas</w> 
 <w id="w10.10.7">do</w> 
 <w id="w10.10.8">ponovnega</w> 
 <w id="w10.10.9">pojava</w> 
 <w id="w10.10.10">AML</w>
 <w id="w10.10.11">.</w>
</s></p>

<p id="11">
<s id="s11.1">
 <w id="w11.1.1">Kako</w> 
 <w id="w11.1.2">je</w> 
 <w id="w11.1.3">bilo</w> 
 <w id="w11.1.4">zdravilo</w> 
 <w id="w11.1.5">Ceplene</w> 
 <w id="w11.1.6">raziskano</w>
 <w id="w11.1.7">?</w>
</s> 
 
<s id="s11.2">
 <w id="w11.2.1">Učinki</w> 
 <w id="w11.2.2">zdravila</w> 
 <w id="w11.2.3">Ceplene</w> 
 <w id="w11.2.4">so</w> 
 <w id="w11.2.5">bili</w> 
 <w id="w11.2.6">najprej</w> 
 <w id="w11.2.7">preizkušeni</w> 
 <w id="w11.2.8">na</w> 
 <w id="w11.2.9">poskusnih</w> 
 <w id="w11.2.10">modelih</w>
 <w id="w11.2.11">,</w> 
 <w id="w11.2.12">nato</w> 
 <w id="w11.2.13">pa</w> 
 <w id="w11.2.14">so</w> 
 <w id="w11.2.15">jih</w> 
 <w id="w11.2.16">raziskali</w> 
 <w id="w11.2.17">pri</w> 
 <w id="w11.2.18">ljudeh</w>
 <w id="w11.2.19">.</w>
</s> 
 
<s id="s11.3">
 <w id="w11.3.1">Ker</w> 
 <w id="w11.3.2">je</w> 
 <w id="w11.3.3">histamin</w> 
 <w id="w11.3.4">znana</w> 
 <w id="w11.3.5">snov</w>
 <w id="w11.3.6">,</w> 
 <w id="w11.3.7">je</w> 
 <w id="w11.3.8">družba</w> 
 <w id="w11.3.9">predstavila</w> 
 <w id="w11.3.10">tudi</w> 
 <w id="w11.3.11">podatke</w> 
 <w id="w11.3.12">iz</w> 
 <w id="w11.3.13">izdane</w> 
 <w id="w11.3.14">literature</w>
 <w id="w11.3.15">.</w>
</s> 
 
<s id="s11.4">
 <w id="w11.4.1">Učinkovitost</w> 
 <w id="w11.4.2">zdravila</w> 
 <w id="w11.4.3">Ceplene</w> 
 <w id="w11.4.4">so</w> 
 <w id="w11.4.5">raziskovali</w> 
 <w id="w11.4.6">v</w> 
 <w id="w11.4.7">eni</w> 
 <w id="w11.4.8">glavni</w> 
 <w id="w11.4.9">študiji</w>
 <w id="w11.4.10">,</w> 
 <w id="w11.4.11">ki</w> 
 <w id="w11.4.12">je</w> 
 <w id="w11.4.13">vključevala</w> 
 <w id="w11.4.14">320</w> 
 <w id="w11.4.15">odraslih</w> 
 <w id="w11.4.16">z</w> 
 <w id="w11.4.17">AML</w> 
 <w id="w11.4.18">v</w> 
 <w id="w11.4.19">remisiji</w> 
 <w id="w11.4.20">po</w> 
 <w id="w11.4.21">zdravljenju</w> 
 <w id="w11.4.22">zaradi</w> 
 <w id="w11.4.23">levkemije</w>
 <w id="w11.4.24">.</w>
</s> 
 
<s id="s11.5">
 <w id="w11.5.1">Zdravilo</w> 
 <w id="w11.5.2">Ceplene</w> 
 <w id="w11.5.3">so</w> 
 <w id="w11.5.4">dajali</w> 
 <w id="w11.5.5">v</w> 
 <w id="w11.5.6">kombinaciji</w> 
 <w id="w11.5.7">z</w> 
 <w id="w11.5.8">interlevkinom-</w>
 <w id="w11.5.9">2</w> 
 <w id="w11.5.10">in</w> 
 <w id="w11.5.11">učinke</w> 
 <w id="w11.5.12">takega</w> 
 <w id="w11.5.13">zdravljenja</w> 
 <w id="w11.5.14">primerjali</w> 
 <w id="w11.5.15">z</w> 
 <w id="w11.5.16">učinki</w> 
 <w id="w11.5.17">pri</w> 
 <w id="w11.5.18">bolnikih</w>
 <w id="w11.5.19">,</w> 
 <w id="w11.5.20">ki</w> 
 <w id="w11.5.21">niso</w> 
 <w id="w11.5.22">bili</w> 
 <w id="w11.5.23">zdravljeni</w>
 <w id="w11.5.24">.</w>
</s> 
 
<s id="s11.6">
 <w id="w11.6.1">Glavno</w> 
 <w id="w11.6.2">merilo</w> 
 <w id="w11.6.3">učinkovitosti</w> 
 <w id="w11.6.4">je</w> 
 <w id="w11.6.5">bil</w> 
 <w id="w11.6.6">čas</w> 
 <w id="w11.6.7">do</w> 
 <w id="w11.6.8">ponovnega</w> 
 <w id="w11.6.9">pojava</w> 
 <w id="w11.6.10">bolezni</w> 
 <w id="w11.6.11">ali</w> 
 <w id="w11.6.12">smrti</w> 
 <w id="w11.6.13">bolnika</w>
 <w id="w11.6.14">.</w>
</s></p>

<p id="12">
<s id="s12.1">
 <w id="w12.1.1">Kakšne</w> 
 <w id="w12.1.2">koristi</w> 
 <w id="w12.1.3">je</w> 
 <w id="w12.1.4">zdravilo</w> 
 <w id="w12.1.5">Ceplene</w> 
 <w id="w12.1.6">izkazalo</w> 
 <w id="w12.1.7">med</w> 
 <w id="w12.1.8">študijami</w>
 <w id="w12.1.9">?</w>
</s> 
 
<s id="s12.2">
 <w id="w12.2.1">Kombinacija</w> 
 <w id="w12.2.2">zdravila</w> 
 <w id="w12.2.3">Ceplene</w> 
 <w id="w12.2.4">in</w> 
 <w id="w12.2.5">interlevkina-</w>
 <w id="w12.2.6">2</w> 
 <w id="w12.2.7">je</w> 
 <w id="w12.2.8">bila</w> 
 <w id="w12.2.9">učinkovitejša</w> 
 <w id="w12.2.10">od</w> 
 <w id="w12.2.11">nezdravljenja</w> 
 <w id="w12.2.12">glede</w> 
 <w id="w12.2.13">podaljšanja</w> 
 <w id="w12.2.14">časa</w> 
 <w id="w12.2.15">do</w> 
 <w id="w12.2.16">pojava</w> 
 <w id="w12.2.17">AML</w> 
 <w id="w12.2.18">ali</w> 
 <w id="w12.2.19">smrti</w> 
 <w id="w12.2.20">bolnika</w>
 <w id="w12.2.21">.</w>
</s> 
 
<s id="s12.3">
 <w id="w12.3.1">Pri</w> 
 <w id="w12.3.2">bolnikih</w> 
 <w id="w12.3.3">v</w> 
 <w id="w12.3.4">prvi</w> 
 <w id="w12.3.5">popolni</w> 
 <w id="w12.3.6">remisiji</w> 
 <w id="w12.3.7">se</w> 
 <w id="w12.3.8">je</w> 
 <w id="w12.3.9">povprečni</w> 
 <w id="w12.3.10">čas</w> 
 <w id="w12.3.11">brez</w> 
 <w id="w12.3.12">bolezni</w> 
 <w id="w12.3.13">podaljšal</w> 
 <w id="w12.3.14">z</w> 
 <w id="w12.3.15">291</w> 
 <w id="w12.3.16">dni</w> 
 <w id="w12.3.17">brez</w> 
 <w id="w12.3.18">zdravljenja</w> 
 <w id="w12.3.19">na</w> 
 <w id="w12.3.20">450</w> 
 <w id="w12.3.21">dni</w> 
 <w id="w12.3.22">po</w> 
 <w id="w12.3.23">zdravljenju</w> 
 <w id="w12.3.24">z</w> 
 <w id="w12.3.25">zdravilom</w> 
 <w id="w12.3.26">Ceplene</w> 
 <w id="w12.3.27">in</w> 
 <w id="w12.3.28">interlevkinom-</w>
 <w id="w12.3.29">2</w>
 <w id="w12.3.30">.</w>
</s> 
 
<s id="s12.4">
 <w id="w12.4.1">Pri</w> 
 <w id="w12.4.2">bolnikih</w> 
 <w id="w12.4.3">v</w> 
 <w id="w12.4.4">drugi</w> 
 <w id="w12.4.5">ali</w> 
 <w id="w12.4.6">kasnejši</w> 
 <w id="w12.4.7">remisiji</w> 
 <w id="w12.4.8">niso</w> 
 <w id="w12.4.9">opazili</w> 
 <w id="w12.4.10">nikakršnega</w> 
 <w id="w12.4.11">učinka</w> 
 <w id="w12.4.12">zdravila</w> 
 <w id="w12.4.13">Ceplene</w> 
 <w id="w12.4.14">in</w> 
 <w id="w12.4.15">interlevkina-</w>
 <w id="w12.4.16">2</w>
 <w id="w12.4.17">.</w>
</s></p>

<p id="13">
<s id="s13.1">
 <w id="w13.1.1">Kakšna</w> 
 <w id="w13.1.2">tveganja</w> 
 <w id="w13.1.3">so</w> 
 <w id="w13.1.4">povezana</w> 
 <w id="w13.1.5">z</w> 
 <w id="w13.1.6">zdravilom</w> 
 <w id="w13.1.7">Ceplene</w>
 <w id="w13.1.8">?</w>
</s> 
 
<s id="s13.2">
 <w id="w13.2.1">Najpogostejši</w> 
 <w id="w13.2.2">neželeni</w> 
 <w id="w13.2.3">učinki</w> 
 <w id="w13.2.4">zdravila</w> 
 <w id="w13.2.5">Ceplene</w> 
 <w id="w13.2.6">(</w>
 <w id="w13.2.7">opaženi</w> 
 <w id="w13.2.8">pri</w> 
 <w id="w13.2.9">več</w> 
 <w id="w13.2.10">kot</w> 
 <w id="w13.2.11">1</w> 
 <w id="w13.2.12">bolniku</w> 
 <w id="w13.2.13">izmed</w> 
 <w id="w13.2.14">10</w>
 <w id="w13.2.15">)</w> 
 <w id="w13.2.16">so</w> 
 <w id="w13.2.17">eozinofilija</w> 
 <w id="w13.2.18">(</w>
 <w id="w13.2.19">povečanje</w> 
 <w id="w13.2.20">števila</w> 
 <w id="w13.2.21">eozinofilcev</w>
 <w id="w13.2.22">,</w> 
 <w id="w13.2.23">tj</w>
 <w id="w13.2.24">.</w> 
 <w id="w13.2.25">ene</w> 
 <w id="w13.2.26">od</w> 
 <w id="w13.2.27">vrst</w> 
 <w id="w13.2.28">belih</w> 
 <w id="w13.2.29">krvničk</w>
 <w id="w13.2.30">)</w>
 <w id="w13.2.31">,</w> 
 <w id="w13.2.32">trombocitopenija</w> 
 <w id="w13.2.33">(</w>
 <w id="w13.2.34">majhno</w> 
 <w id="w13.2.35">število</w> 
 <w id="w13.2.36">trombocitov</w>
 <w id="w13.2.37">)</w>
 <w id="w13.2.38">,</w> 
 <w id="w13.2.39">glavobol</w>
 <w id="w13.2.40">,</w> 
 <w id="w13.2.41">vrtoglavica</w>
 <w id="w13.2.42">,</w> 
 <w id="w13.2.43">disgevzija</w> 
 <w id="w13.2.44">(</w>
 <w id="w13.2.45">trpek</w> 
 <w id="w13.2.46">ali</w> 
 <w id="w13.2.47">nenavaden</w> 
 <w id="w13.2.48">okus</w> 
 <w id="w13.2.49">v</w> 
 <w id="w13.2.50">ustih</w>
 <w id="w13.2.51">)</w>
 <w id="w13.2.52">,</w> 
 <w id="w13.2.53">tahikardija</w> 
 <w id="w13.2.54">(</w>
 <w id="w13.2.55">hitro</w> 
 <w id="w13.2.56">utripanje</w> 
 <w id="w13.2.57">srca</w>
 <w id="w13.2.58">)</w>
 <w id="w13.2.59">,</w> 
 <w id="w13.2.60">rdečica</w> 
 <w id="w13.2.61">(</w>
 <w id="w13.2.62">zardevanje</w>
 <w id="w13.2.63">)</w>
 <w id="w13.2.64">,</w> 
 <w id="w13.2.65">hipotenzija</w> 
 <w id="w13.2.66">(</w>
 <w id="w13.2.67">nizek</w> 
 <w id="w13.2.68">krvni</w> 
 <w id="w13.2.69">tlak</w>
 <w id="w13.2.70">)</w>
 <w id="w13.2.71">,</w> 
 <w id="w13.2.72">kašljanje</w>
 <w id="w13.2.73">,</w> 
 <w id="w13.2.74">dispneja</w> 
 <w id="w13.2.75">(</w>
 <w id="w13.2.76">oteženo</w> 
 <w id="w13.2.77">dihanje</w>
 <w id="w13.2.78">)</w>
 <w id="w13.2.79">,</w> 
 <w id="w13.2.80">navzeja</w> 
 <w id="w13.2.81">(</w>
 <w id="w13.2.82">občutek</w> 
 <w id="w13.2.83">slabosti</w>
 <w id="w13.2.84">)</w>
 <w id="w13.2.85">,</w> 
 <w id="w13.2.86">dispepsija</w> 
 <w id="w13.2.87">(</w>
 <w id="w13.2.88">slaba</w> 
 <w id="w13.2.89">prebava</w>
 <w id="w13.2.90">)</w>
 <w id="w13.2.91">,</w> 
 <w id="w13.2.92">driska</w>
 <w id="w13.2.93">,</w> 
 <w id="w13.2.94">izpuščaji</w>
 <w id="w13.2.95">,</w> 
 <w id="w13.2.96">artralgija</w> 
 <w id="w13.2.97">(</w>
 <w id="w13.2.98">bolečina</w> 
 <w id="w13.2.99">v</w> 
 <w id="w13.2.100">sklepih</w>
 <w id="w13.2.101">)</w>
 <w id="w13.2.102">,</w> 
 <w id="w13.2.103">mialgija</w> 
 <w id="w13.2.104">(</w>
 <w id="w13.2.105">bolečina</w> 
 <w id="w13.2.106">v</w> 
 <w id="w13.2.107">mišicah</w>
 <w id="w13.2.108">)</w>
 <w id="w13.2.109">,</w> 
 <w id="w13.2.110">pireksija</w> 
 <w id="w13.2.111">(</w>
 <w id="w13.2.112">povišana</w> 
 <w id="w13.2.113">telesna</w> 
 <w id="w13.2.114">temperatura</w>
 <w id="w13.2.115">)</w>
 <w id="w13.2.116">,</w> 
 <w id="w13.2.117">mrzlica</w> 
 <w id="w13.2.118">(</w>
 <w id="w13.2.119">drgetanje</w>
 <w id="w13.2.120">)</w>
 <w id="w13.2.121">,</w> 
 <w id="w13.2.122">utrujenost</w>
 <w id="w13.2.123">,</w> 
 <w id="w13.2.124">gripi</w> 
 <w id="w13.2.125">podobni</w> 
 <w id="w13.2.126">simptomi</w>
 <w id="w13.2.127">,</w> 
 <w id="w13.2.128">občutek</w> 
 <w id="w13.2.129">vročine</w> 
 <w id="w13.2.130">na</w> 
 <w id="w13.2.131">mestu</w> 
 <w id="w13.2.132">vbrizganja</w> 
 <w id="w13.2.133">(</w>
 <w id="w13.2.134">rdečina</w>
 <w id="w13.2.135">,</w> 
 <w id="w13.2.136">modrice</w>
 <w id="w13.2.137">,</w> 
 <w id="w13.2.138">bolečina</w> 
 <w id="w13.2.139">in</w> 
 <w id="w13.2.140">vnetje</w>
 <w id="w13.2.141">)</w>
 <w id="w13.2.142">.</w>
</s> 
 
<s id="s13.3">
 <w id="w13.3.1">Za</w> 
 <w id="w13.3.2">celoten</w> 
 <w id="w13.3.3">seznam</w> 
 <w id="w13.3.4">neželenih</w> 
 <w id="w13.3.5">učinkov</w>
 <w id="w13.3.6">,</w> 
 <w id="w13.3.7">o</w> 
 <w id="w13.3.8">katerih</w> 
 <w id="w13.3.9">so</w> 
 <w id="w13.3.10">poročali</w> 
 <w id="w13.3.11">pri</w> 
 <w id="w13.3.12">uporabi</w> 
 <w id="w13.3.13">zdravila</w> 
 <w id="w13.3.14">Ceplene</w>
 <w id="w13.3.15">,</w> 
 <w id="w13.3.16">glejte</w> 
 <w id="w13.3.17">navodilo</w> 
 <w id="w13.3.18">za</w> 
 <w id="w13.3.19">uporabo</w>
 <w id="w13.3.20">.</w>
</s> 
 
<s id="s13.4">
 <w id="w13.4.1">Zdravila</w> 
 <w id="w13.4.2">Ceplene</w> 
 <w id="w13.4.3">ne</w> 
 <w id="w13.4.4">smejo</w> 
 <w id="w13.4.5">uporabljati</w> 
 <w id="w13.4.6">osebe</w>
 <w id="w13.4.7">,</w> 
 <w id="w13.4.8">ki</w> 
 <w id="w13.4.9">utegnejo</w> 
 <w id="w13.4.10">biti</w> 
 <w id="w13.4.11">preobčutljive</w> 
 <w id="w13.4.12">za</w> 
 <w id="w13.4.13">(</w>
 <w id="w13.4.14">alergične</w> 
 <w id="w13.4.15">na</w>
 <w id="w13.4.16">)</w> 
 <w id="w13.4.17">histamin</w> 
 <w id="w13.4.18">dihidroklorid</w> 
 <w id="w13.4.19">ali</w> 
 <w id="w13.4.20">katero</w> 
 <w id="w13.4.21">koli</w> 
 <w id="w13.4.22">drugo</w> 
 <w id="w13.4.23">sestavino</w> 
 <w id="w13.4.24">zdravila</w>
 <w id="w13.4.25">.</w>
</s> 
 
<s id="s13.5">
 <w id="w13.5.1">Zdravila</w> 
 <w id="w13.5.2">ne</w> 
 <w id="w13.5.3">smejo</w> 
 <w id="w13.5.4">uporabljati</w> 
 <w id="w13.5.5">bolniki</w> 
 <w id="w13.5.6">z</w> 
 <w id="w13.5.7">resnimi</w> 
 <w id="w13.5.8">težavami</w> 
 <w id="w13.5.9">s</w> 
 <w id="w13.5.10">srcem</w> 
 <w id="w13.5.11">ali</w> 
 <w id="w13.5.12">ženske</w>
 <w id="w13.5.13">,</w> 
 <w id="w13.5.14">ki</w> 
 <w id="w13.5.15">so</w> 
 <w id="w13.5.16">noseče</w> 
 <w id="w13.5.17">oziroma</w> 
 <w id="w13.5.18">dojijo</w>
 <w id="w13.5.19">.</w>
</s> 
 
<s id="s13.6">
 <w id="w13.6.1">Zdravila</w> 
 <w id="w13.6.2">prav</w> 
 <w id="w13.6.3">tako</w> 
 <w id="w13.6.4">ne</w> 
 <w id="w13.6.5">smejo</w> 
 <w id="w13.6.6">uporabljati</w> 
 <w id="w13.6.7">bolniki</w>
 <w id="w13.6.8">,</w> 
 <w id="w13.6.9">ki</w> 
 <w id="w13.6.10">so</w> 
 <w id="w13.6.11">jim</w> 
 <w id="w13.6.12">presadili</w> 
 <w id="w13.6.13">kostni</w> 
 <w id="w13.6.14">mozeg</w> 
 <w id="w13.6.15">ali</w> 
 <w id="w13.6.16">jemljejo</w> 
 <w id="w13.6.17">steroide</w> 
 <w id="w13.6.18">(</w>
 <w id="w13.6.19">za</w> 
 <w id="w13.6.20">zmanjšanje</w> 
 <w id="w13.6.21">ali</w> 
 <w id="w13.6.22">preprečevanje</w> 
 <w id="w13.6.23">vnetja</w>
 <w id="w13.6.24">)</w>
 <w id="w13.6.25">,</w> 
 <w id="w13.6.26">klonidin</w> 
 <w id="w13.6.27">(</w>
 <w id="w13.6.28">za</w> 
 <w id="w13.6.29">zmanjšanje</w> 
 <w id="w13.6.30">visokega</w> 
 <w id="w13.6.31">krvnega</w> 
 <w id="w13.6.32">tlaka</w>
 <w id="w13.6.33">)</w> 
 <w id="w13.6.34">ali</w> 
 <w id="w13.6.35">zaviralce</w> 
 <w id="w13.6.36">histamina</w> 
 <w id="w13.6.37">H2</w> 
 <w id="w13.6.38">(</w>
 <w id="w13.6.39">za</w> 
 <w id="w13.6.40">zdravljenje</w> 
 <w id="w13.6.41">želodčnih</w> 
 <w id="w13.6.42">razjed</w>
 <w id="w13.6.43">,</w> 
 <w id="w13.6.44">prebavnih</w> 
 <w id="w13.6.45">motenj</w> 
 <w id="w13.6.46">ali</w> 
 <w id="w13.6.47">zgage</w>
 <w id="w13.6.48">)</w>
 <w id="w13.6.49">.</w>
</s></p>

<p id="14">
<s id="s14.1">
 <w id="w14.1.1">Zakaj</w> 
 <w id="w14.1.2">je</w> 
 <w id="w14.1.3">bilo</w> 
 <w id="w14.1.4">zdravilo</w> 
 <w id="w14.1.5">Ceplene</w> 
 <w id="w14.1.6">odobreno</w>
 <w id="w14.1.7">?</w>
</s> 
 
<s id="s14.2">
 <w id="w14.2.1">Odbor</w> 
 <w id="w14.2.2">za</w> 
 <w id="w14.2.3">zdravila</w> 
 <w id="w14.2.4">za</w> 
 <w id="w14.2.5">uporabo</w> 
 <w id="w14.2.6">v</w> 
 <w id="w14.2.7">humani</w> 
 <w id="w14.2.8">medicini</w> 
 <w id="w14.2.9">(</w>
 <w id="w14.2.10">CHMP</w>
 <w id="w14.2.11">)</w> 
 <w id="w14.2.12">je</w> 
 <w id="w14.2.13">zaključil</w>
 <w id="w14.2.14">,</w> 
 <w id="w14.2.15">da</w> 
 <w id="w14.2.16">so</w> 
 <w id="w14.2.17">koristi</w> 
 <w id="w14.2.18">zdravila</w> 
 <w id="w14.2.19">Ceplene</w> 
 <w id="w14.2.20">kot</w> 
 <w id="w14.2.21">vzdrževalno</w> 
 <w id="w14.2.22">zdravljenje</w> 
 <w id="w14.2.23">odraslih</w> 
 <w id="w14.2.24">z</w> 
 <w id="w14.2.25">AML</w> 
 <w id="w14.2.26">v</w> 
 <w id="w14.2.27">kombinaciji</w> 
 <w id="w14.2.28">z</w> 
 <w id="w14.2.29">interlevkinom-</w>
 <w id="w14.2.30">2</w> 
 <w id="w14.2.31">večje</w> 
 <w id="w14.2.32">od</w> 
 <w id="w14.2.33">z</w> 
 <w id="w14.2.34">njim</w> 
 <w id="w14.2.35">povezanih</w> 
 <w id="w14.2.36">tveganj</w>
 <w id="w14.2.37">.</w>
</s> 
 
<s id="s14.3">
 <w id="w14.3.1">Odbor</w> 
 <w id="w14.3.2">je</w> 
 <w id="w14.3.3">priporočil</w>
 <w id="w14.3.4">,</w> 
 <w id="w14.3.5">da</w> 
 <w id="w14.3.6">se</w> 
 <w id="w14.3.7">za</w> 
 <w id="w14.3.8">zdravilo</w> 
 <w id="w14.3.9">Ceplene</w> 
 <w id="w14.3.10">odobri</w> 
 <w id="w14.3.11">dovoljenje</w> 
 <w id="w14.3.12">za</w> 
 <w id="w14.3.13">promet</w>
 <w id="w14.3.14">.</w>
</s> 
 
<s id="s14.4">
 <w id="w14.4.1">Zdravilo</w> 
 <w id="w14.4.2">Ceplene</w> 
 <w id="w14.4.3">je</w> 
 <w id="w14.4.4">bilo</w> 
 <w id="w14.4.5">odobreno</w> 
 <w id="w14.4.6">v</w> 
 <w id="w14.4.7">„</w>
 <w id="w14.4.8">izjemnih</w> 
 <w id="w14.4.9">okoliščinah</w>
 <w id="w14.4.10">“</w>
 <w id="w14.4.11">.</w>
</s> 
 
<s id="s14.5">
 <w id="w14.5.1">To</w> 
 <w id="w14.5.2">pomeni</w>
 <w id="w14.5.3">,</w> 
 <w id="w14.5.4">da</w> 
 <w id="w14.5.5">zaradi</w> 
 <w id="w14.5.6">redkosti</w> 
 <w id="w14.5.7">bolezni</w> 
 <w id="w14.5.8">ni</w> 
 <w id="w14.5.9">bilo</w> 
 <w id="w14.5.10">mogoče</w> 
 <w id="w14.5.11">pridobiti</w> 
 <w id="w14.5.12">vseh</w> 
 <w id="w14.5.13">informacij</w> 
 <w id="w14.5.14">o</w> 
 <w id="w14.5.15">zdravilu</w> 
 <w id="w14.5.16">Ceplene</w>
 <w id="w14.5.17">.</w>
</s> 
 
<s id="s14.6">
 <w id="w14.6.1">Evropska</w> 
 <w id="w14.6.2">agencija</w> 
 <w id="w14.6.3">za</w> 
 <w id="w14.6.4">zdravila</w> 
 <w id="w14.6.5">(</w>
 <w id="w14.6.6">EMEA</w>
 <w id="w14.6.7">)</w> 
 <w id="w14.6.8">bo</w> 
 <w id="w14.6.9">vsako</w> 
 <w id="w14.6.10">leto</w> 
 <w id="w14.6.11">pregledala</w> 
 <w id="w14.6.12">vse</w> 
 <w id="w14.6.13">razpoložljive</w> 
 <w id="w14.6.14">nove</w> 
 <w id="w14.6.15">informacije</w> 
 <w id="w14.6.16">in</w> 
 <w id="w14.6.17">po</w> 
 <w id="w14.6.18">potrebi</w> 
 <w id="w14.6.19">posodobila</w> 
 <w id="w14.6.20">ta</w> 
 <w id="w14.6.21">povzetek</w>
 <w id="w14.6.22">.</w>
</s></p>

<p id="15">
<s id="s15.1">
 <w id="w15.1.1">Katere</w> 
 <w id="w15.1.2">informacije</w> 
 <w id="w15.1.3">o</w> 
 <w id="w15.1.4">zdravilu</w> 
 <w id="w15.1.5">Ceplene</w> 
 <w id="w15.1.6">še</w> 
 <w id="w15.1.7">pričakujemo</w>
 <w id="w15.1.8">?</w>
</s> 
 
<s id="s15.2">
 <w id="w15.2.1">Družba</w> 
 <w id="w15.2.2">bo</w> 
 <w id="w15.2.3">izvedla</w> 
 <w id="w15.2.4">nadaljnje</w> 
 <w id="w15.2.5">študije</w>
 <w id="w15.2.6">,</w> 
 <w id="w15.2.7">ki</w> 
 <w id="w15.2.8">bodo</w> 
 <w id="w15.2.9">podrobneje</w> 
 <w id="w15.2.10">obravnavale</w> 
 <w id="w15.2.11">učinkovitost</w> 
 <w id="w15.2.12">kombinacije</w> 
 <w id="w15.2.13">zdravila</w> 
 <w id="w15.2.14">Ceplene</w> 
 <w id="w15.2.15">in</w> 
 <w id="w15.2.16">interlevkina-</w>
 <w id="w15.2.17">2</w> 
 <w id="w15.2.18">ter</w> 
 <w id="w15.2.19">delovanja</w> 
 <w id="w15.2.20">kombinacije</w>
 <w id="w15.2.21">.</w>
</s></p>

<p id="16">
<s id="s16.1">
 <w id="w16.1.1">Druge</w> 
 <w id="w16.1.2">informacije</w> 
 <w id="w16.1.3">o</w> 
 <w id="w16.1.4">zdravilu</w> 
 <w id="w16.1.5">Ceplene</w>
 <w id="w16.1.6">:</w>
</s> 
 
<s id="s16.2">
 <w id="w16.2.1">Evropska</w> 
 <w id="w16.2.2">komisija</w> 
 <w id="w16.2.3">je</w> 
 <w id="w16.2.4">dovoljenje</w> 
 <w id="w16.2.5">za</w> 
 <w id="w16.2.6">promet</w> 
 <w id="w16.2.7">z</w> 
 <w id="w16.2.8">zdravilom</w> 
 <w id="w16.2.9">Ceplene</w>
 <w id="w16.2.10">,</w> 
 <w id="w16.2.11">veljavno</w> 
 <w id="w16.2.12">po</w> 
 <w id="w16.2.13">vsej</w> 
 <w id="w16.2.14">Evropski</w> 
 <w id="w16.2.15">uniji</w>
 <w id="w16.2.16">,</w> 
 <w id="w16.2.17">odobrila</w> 
 <w id="w16.2.18">družbi</w> 
 <w id="w16.2.19">EpiCept</w> 
 <w id="w16.2.20">GmbH</w> 
 <w id="w16.2.21">dne</w> 
 <w id="w16.2.22">7</w>
 <w id="w16.2.23">.</w> 
 <w id="w16.2.24">oktobra</w> 
 <w id="w16.2.25">2008</w>
 <w id="w16.2.26">.</w>
</s></p>

<p id="17">
<s id="s17.1">
 <w id="w17.1.1">Povzetek</w> 
 <w id="w17.1.2">mnenja</w> 
 <w id="w17.1.3">Odbora</w> 
 <w id="w17.1.4">za</w> 
 <w id="w17.1.5">zdravila</w> 
 <w id="w17.1.6">sirote</w> 
 <w id="w17.1.7">o</w> 
 <w id="w17.1.8">zdravilu</w> 
 <w id="w17.1.9">Ceplene</w> 
 <w id="w17.1.10">je</w> 
 <w id="w17.1.11">na</w> 
 <w id="w17.1.12">voljo</w> 
 <w id="w17.1.13">tukaj</w>
 <w id="w17.1.14">.</w>
</s> 
 
<s id="s17.2">
 <w id="w17.2.1">Celotno</w> 
 <w id="w17.2.2">evropsko</w> 
 <w id="w17.2.3">javno</w> 
 <w id="w17.2.4">poročilo</w> 
 <w id="w17.2.5">o</w> 
 <w id="w17.2.6">oceni</w> 
 <w id="w17.2.7">zdravila</w> 
 <w id="w17.2.8">(</w>
 <w id="w17.2.9">EPAR</w>
 <w id="w17.2.10">)</w> 
 <w id="w17.2.11">za</w> 
 <w id="w17.2.12">zdravilo</w> 
 <w id="w17.2.13">Ceplene</w> 
 <w id="w17.2.14">je</w> 
 <w id="w17.2.15">na</w> 
 <w id="w17.2.16">voljo</w> 
 <w id="w17.2.17">tukaj</w>
 <w id="w17.2.18">.</w>
</s></p>

<p id="18">
<s id="s18.1">
 <w id="w18.1.1">Povzetek</w> 
 <w id="w18.1.2">je</w> 
 <w id="w18.1.3">bil</w> 
 <w id="w18.1.4">nazadnje</w> 
 <w id="w18.1.5">posodobljen</w> 
 <w id="w18.1.6">08-</w>
 <w id="w18.1.7">2008</w>
 <w id="w18.1.8">.</w>
</s></p>

<p id="19">
<s id="s19.1">
 <w id="w19.1.1">2/</w>
 <w id="w19.1.2">2</w>
</s></p></text>
