<?xml version="1.0" encoding="utf-8"?>
<text>
<head id="1">
<s id="s1.1">
 <w id="w1.1.1">Številka</w> 
 <w id="w1.1.2">EU</w>
</s></head>

<head id="2">
<s id="s2.1">
 <w id="w2.1.1">Izmišljeno</w> 
 <w id="w2.1.2">ime</w>
</s></head>

<head id="3">
<s id="s3.1">
 <w id="w3.1.1">Jakost</w>
</s></head>

<head id="4">
<s id="s4.1">
 <w id="w4.1.1">Farmacevtska</w>   
 <w id="w4.1.2">oblika</w>
</s></head>

<head id="5">
<s id="s5.1">
 <w id="w5.1.1">Način</w> 
 <w id="w5.1.2">uporabe</w>
</s></head>

<head id="6">
<s id="s6.1">
 <w id="w6.1.1">Ovojnina</w>
</s></head>

<head id="7">
<s id="s7.1">
 <w id="w7.1.1">Vsebina</w>           
 <w id="w7.1.2">(</w>
 <w id="w7.1.3">koncentracija</w>
 <w id="w7.1.4">)</w>
</s></head>

<head id="8">
<s id="s8.1">
 <w id="w8.1.1">Velikost</w> 
 <w id="w8.1.2">pakiranja</w>
</s></head>

<head id="9">
<s id="s9.1">
 <w id="w9.1.1">EU/</w>
 <w id="w9.1.2">1/</w>
 <w id="w9.1.3">08/</w>
 <w id="w9.1.4">477/</w>
 <w id="w9.1.5">001</w>
</s></head>

<head id="10">
<s id="s10.1">
 <w id="w10.1.1">Ceplene</w>
</s></head>

<head id="11">
<s id="s11.1">
 <w id="w11.1.1">0,</w>
 <w id="w11.1.2">5mg/</w>
 <w id="w11.1.3">0,</w>
 <w id="w11.1.4">5ml</w>
</s></head>

<head id="12">
<s id="s12.1">
 <w id="w12.1.1">Raztopina</w> 
 <w id="w12.1.2">za</w>   
 <w id="w12.1.3">injiciranje</w>
</s></head>

<head id="13">
<s id="s13.1">
 <w id="w13.1.1">Subkutana</w> 
 <w id="w13.1.2">uporaba</w> 
 <w id="w13.1.3">Viala</w> 
 <w id="w13.1.4">(</w>
 <w id="w13.1.5">steklena</w>
 <w id="w13.1.6">)</w>
</s></head>

<head id="14">
<s id="s14.1">
 <w id="w14.1.1">0,</w>
 <w id="w14.1.2">5ml</w> 
 <w id="w14.1.3">(</w>
 <w id="w14.1.4">1mg/</w>
 <w id="w14.1.5">ml</w>
 <w id="w14.1.6">)</w>
</s></head>

<head id="15">
<s id="s15.1">
 <w id="w15.1.1">14</w> 
 <w id="w15.1.2">Vial</w>
</s></head></text>
