<?xml version="1.0" encoding="utf-8"?>
<letsmt version="1.0">
<head></head>
<body>
<s id="s1.1">EU Number</s>
<s id="s2.1">Tradename</s>
<s id="s3.1">Strength</s>
<s id="s4.1">Pharmaceutical Form</s>
<s id="s5.1">Target Species</s>
<s id="s6.1">Route of administration</s>
<s id="s7.1">Packaging</s>
<s id="s8.1">Content</s>
<s id="s9.1">Package Size</s>
<s id="s10.1">Withdrawal period</s>
<s id="s11.1">EU/ 2/ 03/ 038/ 005</s>
<s id="s12.1">ProteqFlu-Te</s>
<s id="s13.1">≥ 5.3 log10 FAID50 to 7.6 log10 FAID50 for both vCP2242 and vCP1533 per dose</s>
<s id="s14.1">Suspension for injection</s>
<s id="s15.1">Horses</s>
<s id="s16.1">Intramuscular use</s>
<s id="s17.1">Suspension: vial (glass)</s>
<s id="s18.1">Suspension:</s>
<s id="s18.2">1 ml</s>
<s id="s19.1">10 vials</s>
<s id="s20.1">0 days</s>
<s id="s21.1">≥ 30 UI/ ml for tetanus per dose</s>
<s id="s22.1">1/ 1</s>
</body>
</letsmt>
