<?xml version="1.0" encoding="utf-8"?>
<letsmt version="1.0">
<head></head>
<body>
<s id="s1.1">DODATEK I</s>
<s id="s2.1">SEZNAM IMEN, FARMACEVTSKIH OBLIK, JAKOSTI ZDRAVILA, POTI UPORABE ZDRAVILA, PREDLAGATELJEV, IMETNIKOV DOVOLJENJA ZA PROMET Z ZDRAVILOM V DRŽAVAH ČLANICAH</s>
<s id="s3.1">1 Država članica</s>
<s id="s4.1">Imetnik dovoljenja za promet z zdravilom</s>
<s id="s5.1">Predlagatelj</s>
<s id="s6.1">Izmišljeno ime Ime</s>
<s id="s7.1">Jakost</s>
<s id="s8.1">Farmacevtska oblika</s>
<s id="s9.1">Pot uporabe zdravila</s>
<s id="s10.1">Vsebina (koncentracija)</s>
<s id="s11.1">Švedska</s>
<s id="s12.1">HEXAL A/ S Kanalholmen 8- 12, 2650 Hvidovre, Danska</s>
<s id="s13.1">Alendronat HEXAL 10 mg</s>
<s id="s14.1">Tablete</s>
<s id="s15.1">Peroralna uporaba</s>
<s id="s16.1">10 mg na tableto</s>
<s id="s17.1">Belgija</s>
<s id="s18.1">HEXAL A/ S Kanalholmen 8 - 12, 2650 Hvidovre, Danska</s>
<s id="s19.1">Alendronate Sandoz 10 mg 10 mg tabletten</s>
<s id="s20.1">Tablete</s>
<s id="s21.1">Peroralna uporaba</s>
<s id="s22.1">10 mg na tableto</s>
<s id="s23.1">Danska</s>
<s id="s24.1">HEXAL A/ S Kanalholmen 8 - 12, 2650 Hvidovre, Danska</s>
<s id="s25.1">Alendonicht 10 mg</s>
<s id="s26.1">Tablete</s>
<s id="s27.1">Peroralna uporaba</s>
<s id="s28.1">10 mg na tableto</s>
<s id="s29.1">Grčija</s>
<s id="s30.1">HEXAL A/ S Kanalholmen 8 - 12, 2650 Hvidovre, Danska</s>
<s id="s31.1">Forosa 10 mg</s>
<s id="s32.1">Tablete</s>
<s id="s33.1">Peroralna uporaba</s>
<s id="s34.1">10 mg na tableto</s>
<s id="s35.1">2 DODATEK II</s>
<s id="s36.1">ZNANSTVENI ZAKLJUČKI IN PODLAGA ZA DOPOLNILO POVZETKA GLAVNIH ZNAČILNOSTI ZDRAVILA, OZNAČEVANJA IN NAVODIL ZA UPORABO, KI JIH JE PREDSTAVILA EVROPSKA AGENCIJA ZA ZDRAVILA</s>
<s id="s37.1">3 ZNANSTVENI ZAKLJUČKI</s>
<s id="s38.1">SPLOŠNI POVZETEK ZNANSTVENEGA VREDNOTENJA ZDRAVILA ALENDRONATE HEXAL IN Z NJIM POVEZANIH IMEN (glejte Dodatek I)</s>
<s id="s39.1">Zdravilna učinkovina zdravila Alendronat HEXAL10 mg tablete, alendronska kislina v obliki natrijevega alendronat trihidrata, spada med bifosfonate in zavira osteoklastično resorpcijo kosti brez neposrednega vpliva na tvorbo kosti.</s>
<s id="s40.1">Osteoporoza je opredeljena kot mineralna gostota kosti (MGK) hrbtenice ali kolkov za 2, 5 standardne deviacije pod povprečno vrednostjo, ki velja za normalno mlado populacijo, ali kot predhoden primer zloma zaradi krhkosti, do katerega pride ne glede na mineralno gostoto kosti.</s>
<s id="s40.2">Vlagatelj je bil zaprošen, da podrobneje utemelji široko zastavljeno indikacijo &quot;zdravljenje osteoporoze pri moških&quot; z zdravilom Alendronate HEXAL.</s>
<s id="s40.3">Vlagatelj je predložil obširen pregled literature na temo zdravljenja osteoporoze pri moških.</s>
<s id="s41.1">Raziskave so pokazale, da lahko 10 mg alendronata dnevno pri moških s primarno osteoporozo poveča mineralno gostoto kosti v vertebralnem in tudi v nevertebralnem okostju.</s>
<s id="s41.2">Dve raziskavi, ki sta jih izvedla Orwell in Ringe, sta pokazali, da zdravljenje z alendronatom v primerjavi s placebom ali alfakalcidolom zniža pojavnost vertebralnih zlomov pri moških z osteoporozo.</s>
<s id="s41.3">Učinek zdravila na nevertebralne zlome pa v tej populaciji kljub vsemu ni bil dokazan.</s>
<s id="s42.1">PODLAGA ZA DOPOLNILO POVZETKA( OV) GLAVNIH ZNAČILNOSTI ZDRAVILA, OZNAČEVANJA IN NAVODIL ZA UPORABO</s>
<s id="s43.1">Ob upoštevanju naslednjega:</s>
<s id="s44.1">- literatura, ki jo je predložil vlagatelj, je pokazala, da lahko 10 mg alendronata dnevno poveča</s>
<s id="s45.1">mineralno gostoto kosti v vetrebralnem kot tudi v nevertebralnem okostju moških s primarno osteoporozo,</s>
<s id="s46.1">- učinek na nevertebralne zlome kosti v tej populaciji kljub vsemu ni bil dokazan,</s>
<s id="s47.1">je CHMP priporočil naslednjo indikacijo, ki je usklajena s smernico o ocenjevanju zdravil za zdravljenje primarne osteoporoze (CHMP/ EWP/ 552/ 95 Rev. 2)</s>
<s id="s48.1">&quot;Zdravljenje osteoporoze pri moških s povečanim tveganjem za zlom.</s>
<s id="s48.2">Dokazano je bilo zmanjšanje pojavnosti vertebralnih zlomov, ne pa tudi nevertebralnih zlomov. &quot;</s>
<s id="s49.1">Poleg tega so bila v skladu s smernicami o povzetku glavnih značilnosti, o pomožnih snoveh in zadnjimi predlogami za pregledovanje kakovosti dokumentov, vključena tudi druga dopolnila Povzetka glavnih značilnosti zdravila, označevanja in Navodila za uporabo, ki niso povezana z rezultatom napotitvenega postopka.</s>
<s id="s50.1">CHMP je priporočil odobritev dovoljenja za promet in dopolnila Povzetka glavnih značilnosti zdravila, označevanja in Navodila za uporabo za referenčno državo članico za zdravilo Alendronate HEXAL 10 mg tablete in z njim povezana imena (glejte Dodatek I).</s>
<s id="s51.1">4 DODATEK III</s>
<s id="s52.1">POVZETEK GLAVNIH ZNAČILNOSTI ZDRAVILA, OZNAČEVANJE IN NAVODILO ZA UPORABO</s>
<s id="s53.1">5 POVZETEK GLAVNIH ZNAČILNOSTI ZDRAVILA</s>
<s id="s54.1">6 1.</s>
<s id="s54.2">IME ZDRAVILA</s>
<s id="s55.1">Alendronat HEXAL in pripadajoča imena (glejte Dodatek I) 10 mg tablete</s>
<s id="s56.1">[Glejte Dodatek I - Izpolni država članica]</s>
<s id="s57.1">2.</s>
<s id="s57.2">KAKOVOSTNA IN KOLIČINSKA SESTAVA</s>
<s id="s58.1">Vsaka tableta vsebuje 10 mg alendronske kisline (v obliki natrijevega alendronata trihidrata).</s>
<s id="s59.1">Pomožna snov:</s>
<s id="s59.2">103, 95 mg laktoze monohidrata na tableto Za celoten seznam pomožnih snovi glejte poglavje 6. 1.</s>
<s id="s60.1">3.</s>
<s id="s60.2">FARMACEVTSKA OBLIKA</s>
<s id="s61.1">Tableta Tableta v obliki kapsule, bele ali skoraj bele barve, ki ima na eni strani vtisnjeno oznako &quot;AN 10&quot;, na drugi strani pa &quot;Arrow logo&quot;.</s>
<s id="s62.1">4.</s>
<s id="s62.2">KLINIČNI PODATKI</s>
<s id="s63.1">4. 1 Terapevtske indikacije</s>
<s id="s64.1">Zdravljenje pomenopavzne osteoporoze.</s>
<s id="s64.2">Alendronat Hexal zmanjša tveganje za zlome vretenc in kolka.</s>
<s id="s64.3">Zdravljenje osteoporoze pri moških s povečanim tveganjem za zlom.</s>
<s id="s64.4">Dokazano je zmanjšanje pojavnosti vretenčnih, ne pa tudi nevretenčnih zlomov.</s>
<s id="s65.1">Profilaksa osteoporoze, povzročene z glukokortikoidi.</s>
<s id="s65.2">(Glejte poglavje 5. 1)</s>
<s id="s66.1">4. 2 Odmerjanje in način uporabe</s>
<s id="s67.1">Samo za peroralno uporabo.</s>
<s id="s67.2">Pomenopavzna osteoporoza:</s>
<s id="s67.3">Priporočen odmerek je 10 mg enkrat dnevno.</s>
<s id="s68.1">Osteoporoza pri moških:</s>
<s id="s68.2">Priporočen odmerek je 10 mg enkrat dnevno.</s>
<s id="s69.1">Osteoporoza, povzročena z glukokortikoidi:</s>
<s id="s69.2">Za ženske po menopavzi, ki ne prejemajo zdravljenja z estrogeni, je priporočen odmerek ena 10 mg tableta dnevno.</s>
<s id="s69.3">Za druge skupine bolnikov glejte povzetek glavnih značilnosti zdravila za pripravke, ki vsebujejo 5 mg alendronske kisline.</s>
<s id="s70.1">Da bi omogočili zadostno absorpcijo Alendronata HEXAL Alendronat HEXAL tablete je treba vzeti na prazen želodec takoj po jutranjem vstajanju izključno z navadno vodo in najmanj 30 minut pred zaužitjem prve hrane, pijače ali drugih zdravil v tem dnevu.</s>
<s id="s70.2">Druge pijače (vključno z mineralno vodo), hrana in nekatera zdravila lahko zmanjšajo absorpcijo Alendronata HEXAL (glejte poglavje 4. 5).</s>
<s id="s71.1">7 Za hiter prehod v želodec in zmanjšanje tveganja za draženje/ neželene učinke lokalno in v požiralniku (glejte poglavje 4. 4) • Alendronat HEXAL tablete mora bolnik pogoltniti po jutranjem vstajanju s polnim kozarcem vode (ne manj kot 200 ml). • Alendronat HEXAL tablete je treba pogoltniti cele.</s>
<s id="s71.2">Bolnik tablet ne sme žvečiti, sesati ali jih raztopiti v ustih, ker obstaja tveganje za razjedo v ustih in žrelu. • Bolnik ne sme leči, dokler ne zaužije prvega dnevnega obroka, kar pa ne sme biti prej kot 30 minut po zaužitju tablete. • Bolnik ne sme leči prej kot 30 minut po zaužitju Alendronat HEXAL tablet. • Bolnik Alendronat HEXAL tablet ne sme vzeti pred spanjem ali preden zjutraj vstane.</s>
<s id="s72.1">V primeru neustrezne prehrane morajo bolniki prejemati dodatek kalcija in vitamina D (glejte poglavje 4. 4).</s>
<s id="s73.1">Uporaba pri starejših V kliničnih preskušanjih ni bilo nobene od starosti odvisne razlike v učinkovitosti ali varnosti Alendronata HEXAL.</s>
<s id="s73.2">Zato pri starejših prilagajanje odmerka ni potrebno.</s>
<s id="s74.1">Uporaba pri bolnikih z motnjami v delovanju ledvic Pri bolnikih, pri katerih je hitrost glomerulne filtracije (GFR) večja od 35 ml/ min, prilagajanje odmerka ni potrebno.</s>
<s id="s74.2">Bolnikom z motnjami v delovanju ledvic, pri katerih je hitrost glomerulne filtracije pod 35 ml/ min, se zdravilo Alendronat HEXAL zaradi pomanjkanja izkušenj ne priporoča.</s>
<s id="s75.1">Uporaba pri bolnikih z motnjami v delovanju jeter Prilagajanje odmerka ni potrebno.</s>
<s id="s76.1">Uporaba pri otrocih Zaradi pomanjkanja podatkov o varnosti in učinkovitosti uporaba zdravila Alendronat HEXAL pri otrocih ni priporočljiva.</s>
<s id="s77.1">4. 3 Kontraindikacije</s>
<s id="s78.1">• Preobčutljivost za zdravilno učinkovino ali katerokoli pomožno snov. • Nenormalnosti požiralnika in drugi dejavniki, ki upočasnjujejo praznjenje požiralnika, kot sta zožitev ali ahalazija. • Nesposobnost stati ali sedeti vzravnano vsaj 30 minut. • Hipokalcemija.</s>
<s id="s79.1">Glejte tudi poglavje 4. 4.</s>
<s id="s80.1">4. 4 Posebna opozorila in previdnostni ukrepi</s>
<s id="s81.1">Alendronat HEXAL lahko povzroči lokalno draženje sluznice zgornjega dela prebavil.</s>
<s id="s81.2">Ker obstaja tveganje za poslabšanje obstoječe bolezni, je potrebna previdnost pri dajanju Alendronata HEXAL bolnikom z aktivnimi težavami zgornjega dela prebavil, kot so disfagija, bolezen požiralnika, gastritis, vnetje dvanajstnika ali razjede, ali v primeru hujše bolezni prebavil v zadnjem času (v zadnjem letu), kot so želodčna razjeda, aktivna krvavitev iz prebavil ali kirurški poseg v zgornjem delu prebavil razen piloroplastike (glejte poglavje 4. 3).</s>
<s id="s82.1">Pri bolnikih, ki so se zdravili z Alendronatom HEXAL, so poročali o neželenih učinkih v požiralniku (v nekaterih primerih hujših, ki so zahtevali hospitalizacijo), kot so ezofagitis, razjede ali erozije požiralnika, ki jim je v redkih primerih sledila zožitev požiralnika.</s>
<s id="s82.2">Zdravnik mora biti zato pozoren na kakršnekoli znake ali simptome, ki opozarjajo na možno reakcijo v požiralniku.</s>
<s id="s82.3">Bolnike je treba poučiti, da v primeru pojava simptomov draženja požiralnika, kot so disfagija, bolečina pri požiranju, retrosternalna bolečina ali pojav oz. poslabšanje zgage, prekinejo jemanje Alendronata HEXAL in poiščejo zdravniško pomoč.</s>
<s id="s83.1">8 Kaže, da je tveganje za pojav hudih neželenih učinkov v požiralniku večje pri bolnikih, ki Alendronata HEXAL ne jemljejo pravilno in/ ali nadaljujejo z jemanjem Alendronata HEXAL po pojavu simptomov, ki kažejo na draženje požiralnika.</s>
<s id="s83.2">Zelo pomembno je, da se bolnika v celoti pouči o uporabi zdravila in da navodila tudi razume (glejte poglavje 4. 2).</s>
<s id="s83.3">Bolnikom je treba povedati, da neupoštevanje teh navodil lahko poveča tveganje za težave s požiralnikom.</s>
<s id="s84.1">Kljub temu, da v obsežnih kliničnih preskušanjih niso opazili povečanega tveganja, so po izdaji originatorjevega zdravila v promet poročali o redkih primerih razjed na želodcu in dvanajstniku, od katerih so bili nekateri hudi in s komplikacijami.</s>
<s id="s84.2">Vzročne povezave ni mogoče izključiti (glejte poglavje 4. 8).</s>
<s id="s85.1">Zdravilo Alendronat HEXAL se ne priporoča bolnikom z motnjami v delovanju ledvic, pri katerih je hitrost glomerulne filtracije manjša od 35 ml/ min (glejte poglavje 4. 2).</s>
<s id="s86.1">Poleg pomanjkanja estrogena, staranja in uporabe glukokortikoidov je treba preučiti tudi druge vzroke za osteoporozo.</s>
<s id="s87.1">Hipokalcemijo je treba korigirati pred začetkom zdravljenja z Alendronatom HEXAL (glejte poglavje 4. 3).</s>
<s id="s87.2">Pred začetkom jemanja Alendronata HEXAL je treba učinkovito zdraviti tudi ostale motnje, ki vplivajo na presnovo mineralov (kot sta pomanjkanje vitamina D in hipoparatiroidizem).</s>
<s id="s87.3">Pri bolnikih s temi boleznimi je treba med zdravljenjem z Alendronatom HEXAL spremljati serumski kalcij in simptome hipokalcemije.</s>
<s id="s88.1">Ker ima Alendronat HEXAL pozitivne učinke na povečanje vsebnosti mineralov v kosteh, se lahko pojavijo znižanja serumskega kalcija in fosfata.</s>
<s id="s88.2">Ta so običajno majhna in asimtpomatska.</s>
<s id="s88.3">Vendar pa obstajajo redka poročila o simptomatski hipokalcemiji, ki je bila občasno huda in se je pogosto pojavila pri bolnikih s predispozicijami (npr. hipoparatiroidizem, pomanjkanje vitamina D in v primerih malabsorpcije kalcija).</s>
<s id="s88.4">Zato je še posebno pomembno zagotoviti, da imajo bolniki, ki jemljejo glukokortikoide, ustrezen vnos kalcija in vitamina D.</s>
<s id="s89.1">O osteonekrozi čeljusti, ki je običajno povezana s puljenjem zoba in/ ali lokalno okužbo (vključno z osteomielitisom), so poročali pri bolnikih z rakom, katerih zdravljenje je vključevalo predvsem intravensko aplicirane difosfonate.</s>
<s id="s89.2">Veliko število teh bolnikov je prejemalo tudi kemoterapijo in kortikosteroide.</s>
<s id="s89.3">O osteonekrozi čeljusti so poročali tudi pri bolnikih z osteoporozo, ki so jemali peroralne difosfonate.</s>
<s id="s90.1">Pri bolnikih s sočasnimi dejavniki tveganja (npr. rak, kemoterapija, radioterapija, kortikosteroidi, slaba ustna higiena) je treba razmisliti o zobozdravstvenem pregledu pri ustreznem zobozdravniku.</s>
<s id="s91.1">Ti bolniki bi se morali v času zdravljenja po možnosti izogibati invazivnim zobozdravstvenim posegom.</s>
<s id="s91.2">Bolnikom, pri katerih se med zdravljenjem z difosfonati razvije osteonekroza čeljusti, se lahko zaradi kirurškega posega na zobeh stanje poslabša.</s>
<s id="s91.3">Za bolnike, ki potrebujejo posege na zobeh, ni na voljo podatkov o tem, ali prenehanje zdravljenja z difosfonati zmanjša tveganje za osteonekrozo čeljusti.</s>
<s id="s92.1">Lečeči zdravnik bi moral po klinični presoji na podlagi razmerja med koristjo in tveganjem načrtovati obravnavo vsakega bolnika.</s>
<s id="s93.1">Pri bolnikih, ki so jemali difosfonate, so poročali o bolečinah v kosteh, sklepih in/ ali mišicah.</s>
<s id="s93.2">Po izdaji zdravila v promet so te učinke redko opazili in/ ali so bili redko moteči (glejte poglavje 4. 8).</s>
<s id="s93.3">Čas pojavnosti simptomov je segal od enega dneva do več mesecev po začetku zdravljenja.</s>
<s id="s93.4">Večina bolnikov je po prenehanju zdravljenja občutila olajšanje simptomov.</s>
<s id="s93.5">Pri podskupini bolnikov so se simptomi ponovili, ko so ponovno prejeli enako zdravilo ali drug difosfonat.</s>
<s id="s94.1">Alendronat HEXAL tablete vsebujejo laktozo.</s>
<s id="s94.2">Bolniki z redko dedno intoleranco za galaktozo, laponsko obliko zmanjšane aktivnosti laktaze ali malapsorpcijo glukoze/ galaktoze ne smejo jemati tega zdravila.</s>
<s id="s95.1">9 4. 5 Medsebojno delovanje z drugimi zdravili in druge oblike interakcij</s>
<s id="s96.1">Ob hkratnem jemanju lahko hrana in pijača (vključno z mineralno vodo), dodatki kalcija, antacidi in nekatera peroralna zdravila vplivajo na absorpcijo alendronske kisline.</s>
<s id="s96.2">Bolniki morajo zato po zaužitju Alendronata HEXAL počakati vsaj 30 minut, preden peroalno vzamejo katerokoli drugo zdravilo (glejte poglavje 4. 2).</s>
<s id="s97.1">Drugih klinično pomembnih interakcij zdravilne učinkovine ni pričakovati.</s>
<s id="s97.2">Številni bolniki so v kliničnih preskušanjih prejemali estrogen (intravaginalno, transdermalno ali peroralno) sočasno z Alendronatom HEXAL.</s>
<s id="s97.3">S kombiniranim zdravljenjem ni bilo mogoče povezati nobenih neželenih učinkov.</s>
<s id="s98.1">Specifičnih študij interakcije niso izvedli, vendar pa so Alendronat HEXAL uporabljali v kliničnih preskušanjih sočasno s številnimi drugimi pogosto predpisanimi zdravili, pri čemer niso ugotovili nobenih kliničnih neželenih interakcij.</s>
<s id="s99.1">4. 6 Nosečnost in dojenje</s>
<s id="s100.1">Ni zadostnih podatkov o uporabi Alendronata HEXAL pri nosečnicah.</s>
<s id="s100.2">Študije na živalih so pokazale učinke na tvorbo kosti pri plodu pri visokih odmerkih.</s>
<s id="s100.3">Pri brejih podganah, ki so prejemale Alendronat HEXAL, je le- ta povzročil distocijo, povezano s hipokalcemijo (glejte poglavje 5. 3).</s>
<s id="s100.4">Zato se Alendronata HEXAL med nosečnostjo ne sme uporabljati.</s>
<s id="s101.1">Ni znano, ali se pri ljudeh alendronska kislina izloča v materino mleko.</s>
<s id="s101.2">Zato ženske, ki dojijo, Alendronata HEXAL ne smejo uporabljati.</s>
<s id="s102.1">4. 7 Vpliv na sposobnost vožnje in upravljanja s stroji</s>
<s id="s103.1">Alendronat HEXAL nima vpliva na sposobnost vožnje in upravljanja s stroji.</s>
<s id="s104.1">4. 8 Neželeni učinki</s>
<s id="s105.1">V dveh skoraj enako zasnovanih triletnih študijah na pomenopavznih ženskah (Alendronat HEXAL 10 mg: n=196; placebo: n=397) sta bila skupna varnostna profila Alendronata HEXAL 10 mg dnevno in placeba podobna.</s>
<s id="s106.1">Neželene reakcije, o katerih so raziskovalci poročali, da so morda, verjetno ali zagotovo povezane z zdravilno učinkovino, so predstavljene spodaj, če so se pojavile pri ≥1% v katerikoli od skupin zdravljenja v enoletni študiji ali pri ≥1% bolnikov, ki so se zdravili z Alendronatom HEXAL 10 mg dnevno in pri katerih je bila pogostnost višja kot pri bolnikih, zdravljenih s placebom v triletnih študijah.</s>
<s id="s107.1">Triletne študije Prebavni</s>
<s id="s108.1">Alendronat HEXAL 10 dnevno (n=196)%</s>
<s id="s109.1">mg</s>
<s id="s110.1">Placebo (n=397)%</s>
<s id="s111.1">Bolečina v trebuhu Dispepsija Regurgitacija kisline Navzeja Napet trebuh Zaprtje Driska Disfagija Flatulenca Gastritis Želodčna razjeda</s>
<s id="s112.1">6, 6 3, 6 2, 0 3, 6 1, 0 3, 1 3, 1 1, 0 2, 6 0, 5 0, 0</s>
<s id="s113.1">4, 8 3, 5 4, 3 4, 0 0, 8 1, 8 1, 8 0, 0 0, 5 1, 3 0, 0</s>
<s id="s114.1">10</s>
<s id="s115.1">Triletne študije</s>
<s id="s116.1">Alendronat HEXAL 10 mg dnevno (n=196)%</s>
<s id="s117.1">Placebo (n=397)%</s>
<s id="s118.1">Razjeda požiralnika Mišično- skeletni</s>
<s id="s119.1">1, 5</s>
<s id="s120.1">0, 0</s>
<s id="s121.1">Bolečina v mišicah in kosteh (kosti, mišice ali sklepi)</s>
<s id="s122.1">4, 1</s>
<s id="s123.1">2, 5</s>
<s id="s124.1">Mišični krči Živčevje</s>
<s id="s125.1">0, 0</s>
<s id="s126.1">1, 0</s>
<s id="s127.1">Glavobol</s>
<s id="s128.1">2, 6</s>
<s id="s129.1">1, 5</s>
<s id="s130.1">V kliničnih študijah in/ ali po izdaji zdravila v promet so poročali tudi o naslednjih neželenih učinkih:</s>
<s id="s131.1">Zelo pogosti (≥1/ 10) Pogosti (≥1/ 100 do &lt; 1/ 10) Občasni (≥1/ 1. 000 do &lt; 1/ 100) Redki (≥1/ 10. 000 do &lt; 1/ 1. 000) Zelo redki (&lt; 1/ 10. 000), neznana (ni mogoče oceniti iz razpoložljivih podatkov)</s>
<s id="s132.1">Bolezni živčevja:</s>
<s id="s132.2">Pogosti (≥1/ 100, &lt; 1/ 10): glavobol</s>
<s id="s133.1">Očesne bolezni:</s>
<s id="s133.2">Redki (≥1/ 10. 000, &lt; 1/ 1. 000): uveitis, skleritis, episkleritis</s>
<s id="s134.1">Bolezni prebavil:</s>
<s id="s134.2">Pogosti (≥1/ 100, &lt; 1/ 10): bolečina v trebuhu, dispepsija, zaprtje, driska, flatulenca, razjede požiralnika *, disfagija *, napet trebuh, regurgitacija kisline.</s>
<s id="s134.3">Občasni (≥1/ 1. 000, &lt; 1/ 100): navzeja, bruhanje, gastritis, ezofagitis *, erozije požiralnika *, melena.</s>
<s id="s134.4">Redki (≥1/ 10. 000, &lt; 1/ 1. 000): zožitev požiralnika *, razjede ust in žrela *, PUK (perforacije, ulkusi ali krvavitve) v zgornjem delu prebavil, vzročne povezave ni mogoče izključiti.</s>
<s id="s134.5">Zelo redki, ni znano: v posameznih primerih so poročali o perforaciji požiralnika</s>
<s id="s135.1">* Glejte poglavji 4. 2 in 4. 4.</s>
<s id="s136.1">Bolezni kože in podkožja:</s>
<s id="s136.2">Zelo redki (≤1/ 10. 000): poročali so o posameznih primerih hudih kožnih reakcij, vključno s Stevens - Johnsonovim sindromom in toksično epidermalno nekrolizo.</s>
<s id="s137.1">Bolezni mišično- skeletnega sistema in vezivnega tkiva:</s>
<s id="s137.2">Pogosti (≥1/ 100, &lt; 1/ 10): mišično- skeletne bolečine (v kosteh, mišicah ali sklepih) Redki (≥1/ 10. 000, &lt; 1/ 1. 000): hude mišično- skeletne bolečine (bolečine v kosteh, mišicah ali sklepih) (glejte poglavje 4. 4) Pogostnost ni znana: osteonekroza</s>
<s id="s138.1">Splošne težave in spremembe na mestu aplikacije:</s>
<s id="s138.2">Občasni (≥1/ 1. 000, &lt; 1/ 100): izpuščaj, srbenje, eritem.</s>
<s id="s138.3">Redki (≥1/ 10. 000, &lt; 1/ 1. 000): preobčutljivostne reakcije, vključno z urtikarijo in angioedemom.</s>
<s id="s138.4">Prehodni simptomi kot pri reakciji v akutni fazi (mialgija, slabo počutje in v redkih primerih zvišana telesna temperatura), običajno povezani z začetkom zdravljenja.</s>
<s id="s138.5">Kožni izpuščaj z občutljivostno reakcijo na svetlobo.</s>
<s id="s138.6">Simptomatska hipokalcemija, običajno povezana s predispozicijami (glejte poglavje 4. 4).</s>
<s id="s139.1">11 Po izdaji zdravila v promet so poročali o naslednjih reakcijah (pogostnost ni znana):</s>
<s id="s140.1">Bolezni živčevja: omotica</s>
<s id="s141.1">Ušesne bolezni, vključno z motnjami labirinta: vrtoglavica</s>
<s id="s142.1">Splošne težave in spremembe na mestu aplikacije: astenija, periferni edem</s>
<s id="s143.1">Bolezni mišično- skeletnega sistema in vezivnega tkiva:</s>
<s id="s143.2">Pri bolnikih, ki so se zdravili z difosfonati, so poročali o osteonekrozi čeljusti.</s>
<s id="s143.3">Večina poročil se nanaša na bolnike z rakom, vendar pa so o takih primerih poročali tudi pri bolnikih, ki so se zdravili za osteoporozo.</s>
<s id="s143.4">Osteonekroza čeljusti se običajno povezuje s puljenjem zoba in/ ali lokalno okužbo (vključno z osteomielitisom).</s>
<s id="s143.5">Dejavniki tveganja naj bi bili tudi diagnoza raka, kemoterapija, radioterapija, kortikosteroidi in slaba ustna higiena (glejte poglavje 4. 4). otekanje sklepov</s>
<s id="s144.1">Izvidi laboratorijskih preiskav:</s>
<s id="s144.2">V kliničnih preskušanjih so opazili asimptomatska, blaga in prehodna znižanja serumskega kalcija pri približno 18% bolnikov in serumskega fosfata pri približno 10% bolnikov, ki so jemali Alendronat HEXAL 10 mg na dan, v primerjavi z znižanjem serumskega kalcija pri približno 12% bolnikov in serumskega fosfata pri 3% bolnikov, ki so jemali placebo.</s>
<s id="s144.3">Vendar pa je bila pojavnost znižanja serumskega kalcija na &lt; 2, 0 mmol/ l in serumskega fosfata na ≤ 0, 65 mmol/ l v obeh skupinah primerljiva.</s>
<s id="s145.1">4. 9 Preveliko odmerjanje</s>
<s id="s146.1">Zaradi prevelikih peroralnih odmerkov lahko pride do hipokalcemije, hipofosfatemije in neželenih učinkov v zgornjem delu prebavil, kot so razdraženost želodca, zgaga, ezofagitis, gastritis ali razjeda.</s>
<s id="s146.2">Posebne informacije v zvezi s prevelikim odmerjanjem Alendronata HEXAL niso na voljo.</s>
<s id="s146.3">Bolnik naj popije mleko ali vzame antacid, ki vežeta alendronsko kislino.</s>
<s id="s146.4">Zaradi tveganja za draženje požiralnika se bruhanja ne sme izzvati, bolnik pa mora ostati v zravnanem položaju.</s>
<s id="s147.1">5.</s>
<s id="s147.2">FARMAKOLOŠKE LASTNOSTI</s>
<s id="s148.1">5. 1 Farmakodinamične lastnosti</s>
<s id="s149.1">Farmakoterapevtska skupina: zdravila za zdravljenje bolezni kosti, difosfonati.</s>
<s id="s149.2">Oznaka ATC:</s>
<s id="s149.3">M05BA04</s>
<s id="s150.1">Zdravilna učnikovina v Alendronat HEXAL tabletah, natrijev alendronat trihidrat, je difosfonat, ki zavira osteoklastno kostno resorpcijo brez neposrednega učinka na tvorbo kosti.</s>
<s id="s150.2">Predklinične študije so pokazale, da se alendronska kislina lokalizira predvsem v predelih, kjer poteka aktivna resorpcija.</s>
<s id="s150.3">Delovanje osteoklastov je zavrto, vendar pa njihova tvorba in vezava nista prizadeti.</s>
<s id="s150.4">Kost, ki se tvori med zdravljenjem z Alendronatom HEXAL, je normalne kakovosti.</s>
<s id="s151.1">Zdravljenje pomenopavzne osteoporoze</s>
<s id="s152.1">Osteoporoza je opredeljena z zmanjšanjem mineralne gostote kosti (MGK) hrbtenice ali kolka za 2. 5 standardni deviaciji pod srednjo vrednost za normalno mlado populacijo ali s predhodnim zlomom krhkih kosti ne glede na MKG.</s>
<s id="s153.1">Učinke Alendronata HEXAL na MGK in pojavnost zlomov pri ženskah po menopavzi so raziskovali v dveh začetnih enako zasnovanih študijah učinkovitosti (n=994) in v preskušanju FIT (Fracture Intervention Trial, n=6459).</s>
<s id="s154.1">12 V začetnih študijah učinkovitosti se je pri jemanju Alendronata HEXAL 10 mg dnevno v primerjavi s placebom po treh letih MGK hrbtenice zvišala za 8, 8%, MGK vratu stegnenice za 5, 9% in MGK trohantra za 7, 8%.</s>
<s id="s154.2">Prav tako se je pomembno zvišala MGK celotnega telesa.</s>
<s id="s154.3">Delež bolnic, ki so se zdravile z Alendronatom HEXAL in so imele enega ali več zlomov vretenc, se je znižal za 48% (Alendronat HEXAL 3, 2% v primerjavi s placebom 6, 2%).</s>
<s id="s154.4">V dvoletnem podaljšku teh študij se je MGK hrbtenice in trohantra še naprej zviševala.</s>
<s id="s154.5">Poleg tega se je MGK vratu stegnenice in celotnega telesa vzdrževala.</s>
<s id="s155.1">Študija FIT je vključevala dvoje s placebom nadzorovanih preskušanj, v katerih so bolnice jemale Alendronat HEXAL vsak dan (5 mg dnevno dve leti in 10 mg dnevno nadaljnje leto ali dve). • FIT 1:</s>
<s id="s155.2">Triletna študija na 2027 bolnicah, ki so imele na začetku študije vsaj en (kompresijski) zlom vretenca.</s>
<s id="s155.3">V tej študiji je dnevno jemanje Alendronata HEXAL zmanjšalo pojavnost ≥1 novega zloma vretenc za 47% (Alendronat HEXAL 7, 9% v primerjavi s placebom 15, 0%).</s>
<s id="s155.4">Poleg tega je bilo potrjeno statistično pomembno zmanjšanje pojavnosti zlomov kolka (1, 1% v primerjavi z 2, 2%, zmanjšanje za 51%). • FIT 2:</s>
<s id="s155.5">Štiriletna študija na 4432 bolnicah z nizko kostno maso, vendar na začetku študije brez zloma vretenca.</s>
<s id="s155.6">V tej študiji so pri analizi podskupine žensk z osteoporozo (37% celotne populacije, ki je ustrezala zgoraj navedeni definiciji osteoporoze) opazili pomembno razliko v pojavnosti zlomov kolka (Alendronat HEXAL 1, 0% v primerjavi s placebom 2, 2%, zmanjšanje za 56%) in pojavnosti ≥1 zloma vretenc (2, 9% v primerjavi z 5, 8%, zmanjšanje za 50%).</s>
<s id="s156.1">Osteoporoza pri moških s povečanim tveganjem za zlom Učinkovitost Alendronata HEXAL 10 mg enkrat dnevno pri moških (starih 31- 87 let, povprečna starost 63 let, n=241) z osteoporozo so ocenjevali v dvoletni študiji.</s>
<s id="s156.2">Po dveh letih zdravljenja z Alendronatom HEXAL 10 mg/ dan, se je MGK v povprečju zvečala za 5, 3% v hrbtenici, za 2, 6% v vratu stegnenice, za 3, 1% v trohantru in za 1, 6% v okostju celotnega telesa, v primerjavi s placebom (p &lt; 0, 001 za vse točke merjenja).</s>
<s id="s156.3">Učinek Alendronata HEXAL na MGK je bil neodvisen od starosti, rase, delovanja spolnih žlez, MGK na začetku študije ali kostne presnove na začetku študije.</s>
<s id="s156.4">Pojavnost novih zlomov vretenc so ocenjevali kot varnostno spremenljivko.</s>
<s id="s156.5">Z retrospektivno analizo (ocenjeno s kvantitativno radiografijo) je bil dokumentiran en nov zlom (0, 8%) med bolniki, ki so se zdravili z Alendronatom HEXAL, v primerjavi s 6 novimi zlomi (7, 1%) pri placebu (p=0, 017).</s>
<s id="s156.6">Znižanje višine je bilo po zdravljenju z Alendronatom HEXAL manjše kot pri placebu (- 0, 6 mm v primerjavi z - 2, 4 mm, p=0, 02).</s>
<s id="s156.7">Opazili niso nobenih učinkov na nevretenčne zlome.</s>
<s id="s157.1">Osteoporoza, povzročena z glukokortikoidi Dolgotrajna uporaba steroidov je pogosto povezana z razvojem osteoporoze, ki jo spremljajo zlomi.</s>
<s id="s157.2">Pojavlja se tako pri moških kot pri ženskah vseh starosti.</s>
<s id="s157.3">Učinkovitost Alendronata HEXAL 10 mg in Alendronata HEXAL 5 mg enkrat dnevno pri moških in ženskah, ki se zdravijo s steroidi (najmanj 7, 5 mg/ dan prednizona ali ekvivalenta, povprečni odmerek 10 mg/ dan), je bila dokazana v dveh skoraj enako zasnovanih enoletnih študijah.</s>
<s id="s157.4">Ti študiji sta vključevali skupaj 560 bolnikov v starosti 17- 83 let.</s>
<s id="s157.5">Bolniki so prejemali dodatke kalcija in vitamina D.</s>
<s id="s157.6">V primerjavi s placebom se je MGK pomembno zvišala v hrbtenici (2, 41%), vratu stegnenice (2, 19%) in trohantru (1, 65%) pri bolnikih, ki so se zdravili z Alendronatom HEXAL 5 mg enkrat dnevno.</s>
<s id="s157.7">Zvišanja MGK pri jemanju Alendronata HEXAL 10 mg enkrat dnevno so bila enaka kot pri jemanju Alendronata HEXAL 5 mg enkrat dnevno pri vseh bolnikih, z izjemo žensk po menopavzi, ki se niso zdravile z estrogenom.</s>
<s id="s157.8">Pri teh ženskah so bila zvečanja (v primerjavi s placebom) pri zdravljenju z Alendronatom HEXAL 10 mg enkrat dnevno večja kot pri zdravljenju z Alendronatom HEXAL 5 mg enkrat dnevno v hrbtenici (4, 11% v primerjavi z 1, 56%) in trohantru (2, 84% v primerjavi z 1, 67%).</s>
<s id="s157.9">Učinek preprečevanja zlomov zaradi zvečanja kostne gostote z Alendronatom HEXAL 10 mg ali Alendronatom HEXAL 5 mg pri osteoporozi, povzročeni s kortikosteroidi, ni bi ugotovljen.</s>
<s id="s158.1">Alendronat HEXAL 10 mg in 5 mg sta bila učinkovita ne glede na odmerek ali trajanje jemanja steroidov.</s>
<s id="s158.2">Poleg tega sta bila Alendronat HEXAL 10 mg in Alendronat HEXAL 5 mg učinkovita ne glede na starost (&lt; 65 let v primerjavi z ≥65 let), spol, MGK na začetku študije, kostno presnovo na začetku študije in sočasno uporabo številnih pogosto uporabljanih zdravil.</s>
<s id="s158.3">Pri bolnikih, ki so prejemali Alendronat HEXAL v odmerkih do 10 mg dnevno in pri katerih je bila po enem letu opravljena biopsija, niso opazili znakov motenj v procesu mineralizacije kosti.</s>
<s id="s159.1">13 5. 2 Farmakokinetične lastnosti</s>
<s id="s160.1">Absorpcija V primerjavi z intravenskim referenčnim odmerkom je bila srednja peroralna biološka uporabnost Alendronata HEXAL pri ženskah 0, 64% za odmerke med 5 do 70 mg, vzete zjutraj na tešče in dve uri pred standardiziranim zajtrkom.</s>
<s id="s160.2">Biološka uporabnost se je pri zaužitju Alendronata HEXAL eno uro ali pol ure pred standardiziranim zajtrkom zmanjšala na ocenjenih 0, 46% in 0, 39%.</s>
<s id="s160.3">V študijah osteoporoze je bil Alendronat HEXAL učinkovit pri jemanju vsaj 30 minut pred prvim dnevnim obrokom hrane ali pijače.</s>
<s id="s160.4">Biološka uporabnost je bila zanemarljiva ne glede na to, ali je bil Alendronat HEXAL vzet skupaj s standardiziranim zajtrkom ali do dve uri po njem.</s>
<s id="s160.5">Sočasna uporaba Alendronata HEXAL s kavo ali pomarančnim sokom je zmanjšala biološko uporabnost za približno 60%.</s>
<s id="s160.6">Pri zdravih osebah peroralno jemanje prednizolona (20 mg trikrat dnevno pet dni) ni povzročilo nobene klinično pomembne spremembe biološke uporabnosti Alendronata HEXAL (srednje zvišanje se je gibalo od 20% do 44%).</s>
<s id="s161.1">Porazdelitev Študije pri podganah kažejo, da se alendronska kislina po intravenski aplikaciji 1 mg/ kg najprej porazdeli v mehka tkiva, vendar se nato hitro prerazporedi v kosti ali se izloči z urinom.</s>
<s id="s161.2">Srednja vrednost volumna porazdelitve v stanju dinamičnega ravnovesja (brez kosti) je pri ljudeh najmanj 28 litrov.</s>
<s id="s161.3">Plazemske koncentracije zdravilne učinkovine po peroralnih terapevtskih odmerkih so za analitsko določitev prenizke (&lt; 5 ng/ ml).</s>
<s id="s161.4">Vezava na plazemske proteine pri ljudeh je približno 78%.</s>
<s id="s162.1">Biotransformacija Ni dokazov, da se alendronska kislina presnavlja pri živalih ali ljudeh.</s>
<s id="s163.1">Izločanje Po enkratnem intravenskem odmerku (14C) Alendronata HEXAL se je približno 50% radioaktivnosti izločilo z urinom v 72 urah in v blatu so odkrili malo ali nič radioaktivnosti.</s>
<s id="s163.2">Po enkratnem intravenskem odmerku 10 mg je bil ledvični očistek alendronske kisline 71 ml/ min, sistemski očistek pa ni presegel 200 ml/ min.</s>
<s id="s163.3">Plazemske koncentracije so v šestih urah po intravenski aplikaciji padle za več kot 95%.</s>
<s id="s163.4">Ocenjujejo, da je končni razpolovni čas pri ljudeh daljši od desetih let, kar odraža sproščanje alendronske kisline iz kosti.</s>
<s id="s163.5">Alendronska kislina se pri podganah ne izloča prek acidobaznega transportnega sistema ledvic in naj zato pri ljudeh ne bi ovirala izločanja drugih zdravilnih učinkovin prek teh sistemov.</s>
<s id="s164.1">Značilnosti pri bolnikih Predklinične študije kažejo, da se zdravilna učinkovina, ki se ne nalaga v kosteh, hitro izloča z urinom.</s>
<s id="s164.2">Po kroničnem odmerjanju kumulativnih intravenskih odmerkov do 35 mg/ kg pri živalih niso našli nobenih dokazov o nasičenju privzema v kosti.</s>
<s id="s164.3">Čeprav kliničnih informacij ni na voljo, je možno, da se, tako kot pri živalih, izločanje alendronske kisline preko ledvic zmanjša pri bolnikih z motnjami v delovanju ledvic.</s>
<s id="s164.4">Zato se pri bolnikih z motnjami v delovanju ledvic lahko pričakuje nekoliko večje kopičenje alendronske kisline v kosteh (glejte poglavje 4. 2).</s>
<s id="s165.1">5. 3 Predklinični podatki o varnosti</s>
<s id="s166.1">V konvencionalnih študijah splošne toksičnosti, genotoksičnosti in kancerogenosti niso odkrili posebnih tveganj za ljudi.</s>
<s id="s166.2">Študije pri podganjih samicah so pokazale, da je zdravljenje z Alendronatom HEXAL med nosečnostjo povezano z distocijo med porodom, ki je bila povezana s hipokalcemijo.</s>
<s id="s166.3">Študije, v katerih so podganam dajali visoke odmerke, so pokazale večjo pojavnost nepopolne tvorbe kosti pri plodu.</s>
<s id="s166.4">Pomen tega za ljudi ni poznan.</s>
<s id="s167.1">14 6.</s>
<s id="s167.2">FARMACEVTSKI PODATKI</s>
<s id="s168.1">6. 1 Seznam pomožnih snovi</s>
<s id="s169.1">Mikrokristalna celuloza Laktoza monohidrat Premrežen natrijev karmelozat Magnezijev stearat</s>
<s id="s170.1">6. 2 Inkompatibilnosti</s>
<s id="s171.1">Navedba smiselno ni potrebna.</s>
<s id="s172.1">6. 3 Rok uporabnosti</s>
<s id="s173.1">2 leti</s>
<s id="s174.1">6. 4 Posebna navodila za shranjevanje</s>
<s id="s175.1">Shranjujte pri temperaturi do 25 °C.</s>
<s id="s175.2">Shranjujte v originalni ovojnini za zagotovitev zaščite pred vlago.</s>
<s id="s176.1">6. 5 Vrsta ovojnine in vsebina</s>
<s id="s177.1">Tablete so na voljo v pakiranju s tremi pretisnimi omoti (PVC/ PE/ PVDC/ AL).</s>
<s id="s177.2">14, 28, 56, 98, 112 in 50 x 1 (enkratni odmerek).</s>
<s id="s177.3">Na trgu ni vseh navedenih pakiranj.</s>
<s id="s178.1">6. 6 Posebni varnostni ukrepi za odstranjevanje</s>
<s id="s179.1">Ni posebnih zahtev.</s>
<s id="s180.1">7.</s>
<s id="s180.2">IMETNIK DOVOLJENJA ZA PROMET</s>
<s id="s181.1">[Glejte Dodatek I - Izpolni država članica]</s>
<s id="s182.1">8.</s>
<s id="s182.2">ŠTEVILKA (ŠTEVILKE) DOVOLJENJA (DOVOLJENJ) ZA PROMET</s>
<s id="s183.1">[Izpolni država članica]</s>
<s id="s184.1">9.</s>
<s id="s184.2">DATUM PRIDOBITVE/ PODALJŠANJA DOVOLJENJA ZA PROMET</s>
<s id="s185.1">{DD/ MM/ LLLL} {DD mesec LLLL}</s>
<s id="s186.1">[Izpolni država članica]</s>
<s id="s187.1">10.</s>
<s id="s187.2">DATUM ZADNJE REVIZIJE BESEDILA</s>
<s id="s188.1">{MM/ LLLL}</s>
<s id="s189.1">[Izpolni država članica]</s>
<s id="s190.1">15 OZNAČEVANJE</s>
<s id="s191.1">16 PODATKI NA ZUNANJI OVOJNINI</s>
<s id="s192.1">KARTONSKA ŠKATLA</s>
<s id="s193.1">1.</s>
<s id="s193.2">IME ZDRAVILA</s>
<s id="s194.1">Alendronat HEXAL in pripadajoča imena (glejte Dodatek I) 10 mg tablete [Glejte Dodatek I - Izpolni država članica]</s>
<s id="s195.1">Alendronska kislina</s>
<s id="s196.1">2.</s>
<s id="s196.2">NAVEDBA ENE ALI VEČ ZDRAVILNIH UČINKOVIN</s>
<s id="s197.1">Ena tableta vsebuje 10 mg alendronske kisline (v obliki natrijevega alendronata trihidrata).</s>
<s id="s198.1">3.</s>
<s id="s198.2">SEZNAM POMOŽNIH SNOVI</s>
<s id="s199.1">Vsebuje tudi laktozo.</s>
<s id="s199.2">Za dodatne informacije glejte priloženo navodilo.</s>
<s id="s200.1">4.</s>
<s id="s200.2">FARMACEVTSKA OBLIKA IN VSEBINA</s>
<s id="s201.1">14 tablet 28 tablet 56 tablet 98 tablet 112 tablet 50 x 1 (enkratni odmerek) tableta</s>
<s id="s202.1">5.</s>
<s id="s202.2">POSTOPEK IN POT( I) UPORABE ZDRAVILA</s>
<s id="s203.1">Za peroralno uporabo.</s>
<s id="s203.2">Pred uporabo preberite priloženo navodilo.</s>
<s id="s204.1">6.</s>
<s id="s204.2">POSEBNO OPOZORILO O SHRANJEVANJU ZDRAVILA ZUNAJ DOSEGA IN POGLEDA OTROK</s>
<s id="s205.1">Zdravilo shranjujte nedosegljivo otrokom!</s>
<s id="s206.1">7.</s>
<s id="s206.2">DRUGA POSEBNA OPOZORILA, ČE SO POTREBNA</s>
<s id="s207.1">Tablete Alendronat HEXAL je treba pogoltniti cele!</s>
<s id="s207.2">Tablete Alendronat HEXAL je treba vzeti na prazen želodec takoj po jutranjem vstajanju izključno z navadno vodo, najmanj 30 minut pred zaužitjem prve hrane, pijače ali drugih zdravil v tem dnevu!</s>
<s id="s207.3">Ne ulezite se prej kot 30 minut po zaužitju tablete Alendronat HEXAL!</s>
<s id="s208.1">17 8.</s>
<s id="s208.2">DATUM IZTEKA ROKA UPORABNOSTI ZDRAVILA</s>
<s id="s209.1">EXP</s>
<s id="s210.1">9.</s>
<s id="s210.2">POSEBNA NAVODILA ZA SHRANJEVANJE</s>
<s id="s211.1">Shranjujte pri temperaturi do 25 °C.</s>
<s id="s211.2">Shranjujte v originalni ovojnini za zagotovitev zaščite pred vlago.</s>
<s id="s212.1">10.</s>
<s id="s212.2">POSEBNI VARNOSTNI UKREPI ZA ODSTRANJEVANJE NEUPORABLJENIH ZDRAVIL ALI IZ NJIH NASTALIH ODPADNIH SNOVI, KADAR SO POTREBNI</s>
<s id="s213.1">11.</s>
<s id="s213.2">IME IN NASLOV IMETNIKA DOVOLJENJA ZA PROMET Z ZDRAVILOM</s>
<s id="s214.1">[Glejte Dodatek I - Izpolni država članica]</s>
<s id="s215.1">12.</s>
<s id="s215.2">ŠTEVILKA( E) DOVOLJENJA (DOVOLJENJ) ZA PROMET</s>
<s id="s216.1">[Izpolni država članica]</s>
<s id="s217.1">13.</s>
<s id="s217.2">ŠTEVILKA SERIJE</s>
<s id="s218.1">Serija</s>
<s id="s219.1">14.</s>
<s id="s219.2">NAČIN IZDAJANJA ZDRAVILA</s>
<s id="s220.1">[Izpolni država članica]</s>
<s id="s221.1">15.</s>
<s id="s221.2">NAVODILA ZA UPORABO</s>
<s id="s222.1">[Izpolni država članica]</s>
<s id="s223.1">16.</s>
<s id="s223.2">PODATKI V BRAILLOVI PISAVI</s>
<s id="s224.1">Alendronat HEXAL</s>
<s id="s225.1">[Izpolni država članica]</s>
<s id="s226.1">18 PODATKI, KI MORAJO BITI NAJMANJ NAVEDENI NA PRETISNEM OMOTU</s>
<s id="s227.1">PVC/ PE/ PVDC/ AL</s>
<s id="s228.1">1.</s>
<s id="s228.2">IME ZDRAVILA</s>
<s id="s229.1">Alendronat HEXAL in pripadajoča imena (glejte Dodatek I) 10 mg tablete [Glejte Dodatek I - Izpolni država članica]</s>
<s id="s230.1">Alendronska kislina</s>
<s id="s231.1">2.</s>
<s id="s231.2">IME IMETNIKA DOVOLJENJA ZA PROMET Z ZDRAVILOM</s>
<s id="s232.1">[Glejte Dodatek I - Izpolni država članica]</s>
<s id="s233.1">3.</s>
<s id="s233.2">DATUM IZTEKA ROKA UPORABNOSTI ZDRAVILA</s>
<s id="s234.1">EXP</s>
<s id="s235.1">4.</s>
<s id="s235.2">ŠTEVILKA SERIJE</s>
<s id="s236.1">Serija</s>
<s id="s237.1">5.</s>
<s id="s237.2">DRUGI PODATKI</s>
<s id="s238.1">19 NAVODILO ZA UPORABO</s>
<s id="s239.1">20 NAVODILO ZA UPORABO</s>
<s id="s240.1">Alendronat HEXAL in pripadajoča imena (glejte Dodatek I) 10 mg tablete</s>
<s id="s241.1">[Glejte Dodatek I - Izpolni država članica]</s>
<s id="s242.1">Alendronska kislina</s>
<s id="s243.1">Pred začetkom jemanja natančno preberite navodilo!</s>
<s id="s244.1">- Navodilo shranite.</s>
<s id="s244.2">Morda ga boste želeli ponovno prebrati.</s>
<s id="s245.1">- Če imate dodatna vprašanja, se posvetujte z zdravnikom ali s farmacevtom.</s>
<s id="s246.1">- Zdravilo je bilo predpisano vam osebno in ga ne smete dajati drugim.</s>
<s id="s246.2">Njim bi lahko celo škodovalo,</s>
<s id="s247.1">čeprav imajo znake bolezni, podobne vašim.</s>
<s id="s248.1">- Če katerikoli neželeni učinek postane resen ali če opazite katerikoli neželeni učinek, ki ni omenjen v</s>
<s id="s249.1">tem navodilu, obvestite svojega zdravnika ali farmacevta.</s>
<s id="s250.1">Navodilo vsebuje:</s>
<s id="s250.2">1.</s>
<s id="s250.3">Kaj je zdravilo Alendronat HEXAL in za kaj ga uporabljamo 2.</s>
<s id="s250.4">Kaj morate vedeti, preden boste vzeli zdravilo Alendronat HEXAL 3.</s>
<s id="s250.5">Kako jemati zdravilo Alendronat HEXAL 4.</s>
<s id="s250.6">Možni neželeni učinki 5.</s>
<s id="s250.7">Shranjevanje zdravila Alendronat HEXAL 6.</s>
<s id="s250.8">Dodatne informacije</s>
<s id="s251.1">1.</s>
<s id="s251.2">KAJ JE ZDRAVILO ALENDRONAT HEXAL IN ZA KAJ GA UPORABLJAMO</s>
<s id="s252.1">Alendronat HEXAL spada v skupino nehormonskih zdravil, ki jih imenujemo difosfonati.</s>
<s id="s252.2">Alendronat HEXAL preprečuje izgubo kostne mase in pomaga pri ponovni gradnji kosti.</s>
<s id="s252.3">Zmanjša tveganje za zlome hrbtenice in kolka.</s>
<s id="s253.1">Zdravnik vam je predpisal Alendronat HEXAL za zdravljenje osteoporoze.</s>
<s id="s253.2">Izkazalo se je, da Alendronat HEXAL zmanjša tveganje za zlome hrbtenice in kolka pri ženskah in zlome hrbtenice pri moških.</s>
<s id="s254.1">Osteoporoza je bolezen, zaradi katere postanejo kosti tanjše in šibkejše.</s>
<s id="s254.2">Na začetku osteoporoza običajno nima simptomov.</s>
<s id="s254.3">Če se ne zdravi, lahko povzroči zlome kosti.</s>
<s id="s254.4">Čeprav so ti običajno boleči, pa lahko zlomi kosti v hrbtenici minejo neopaženo, dokler ne povzročijo znižanja telesne višine.</s>
<s id="s254.5">Do zlomov kosti lahko pride že med običajno vsakodnevno aktivnostjo, kot je dvigovanje, ali pri manjši poškodbi, ki običajno ne bi povzročila zloma normalne kosti.</s>
<s id="s254.6">Največkrat se zlomijo kosti kolka, hrbtenice ali zapestja, ki ne povzročajo samo bolečin, temveč tudi precejšnje težave, kot so sključena drža (grba) in nezmožnost gibanja.</s>
<s id="s255.1">Poleg zdravljenja z zdravilom Alendronat HEXAL vam lahko zdravnik predlaga spremembe v načinu življenja, ki pomagajo pri vaši bolezni.</s>
<s id="s255.2">Te spremembe so:</s>
<s id="s256.1">Prenehanje kajenja Kaže, da kajenje povečuje hitrost izgubljanja kostne mase in lahko zato zveča tveganje za zlome kosti.</s>
<s id="s257.1">Telesna aktivnosti Tako kot za mišice je tudi za kosti potrebna telesna aktivnost, da ostanejo močne in zdrave.</s>
<s id="s257.2">Preden začnete s programom vadbe, se posvetujte s svojim zdravnikom.</s>
<s id="s258.1">Uravnotežena prehrana Zdravnik vam lahko svetuje glede prehrane ali morebitnih prehranskih dodatkov.</s>
<s id="s259.1">21 2.</s>
<s id="s259.2">KAJ MORATE VEDETI, PREDEN BOSTE VZELI ZDRAVILO ALENDRONAT HEXAL</s>
<s id="s260.1">Ne jemljite zdravila Alendronat HEXAL</s>
<s id="s261.1">- če ste alergični na (preobčutljivi za) natrijev alendronat trihidrat ali katerokoli sestavino zdravila</s>
<s id="s262.1">Alendronat HEXAL,</s>
<s id="s263.1">- če imate določene težave s požiralnikom (požiralnik je cev, ki povezuje usta in želodec), kot sta</s>
<s id="s264.1">zožitev ali oteženo požiranje,</s>
<s id="s265.1">- če ne morete stati ali pokončno sedeti vsaj 30 minut,</s>
<s id="s266.1">- če vam je zdravnik povedal, da imate nizko vrednost kalcija v krvi.</s>
<s id="s267.1">Če mislite, da karkoli od naštetega velja za vas, tablet ne jemljite.</s>
<s id="s267.2">Najprej se pogovorite z zdravnikom in upoštevajte njegov nasvet.</s>
<s id="s268.1">Bodite posebno pozorni pri jemanju zdravila Alendronat HEXAL Zdravniku povejte</s>
<s id="s269.1">- če imate težave z ledvicami,</s>
<s id="s270.1">- če imate kakšne težave pri požiranju ali s prebavo,</s>
<s id="s271.1">- če imate nizke vrednosti kalcija v krvi.</s>
<s id="s272.1">Pojavijo se lahko draženje, vnetje ali razjeda požiralnika (cevi, ki povezuje usta z želodcem), pogosto z znaki bolečine v prsnem košu, zgage ali težkega oz. bolečega požiranja, še posebno, če bolnik po zaužitju zdravila Alendronat HEXAL ne popije polnega kozarca vode in/ ali se uleže prej kot po 30 minutah po zaužitju zdravila.</s>
<s id="s272.2">Ti neželeni učinki se lahko stopnjujejo, če bolnik nadaljuje z jemanjem zdravila Alendronat HEXAL potem, ko so se simptomi že pojavili.</s>
<s id="s273.1">Če imate ali ste imeli boleče ali otečene dlesni in/ ali čeljust, omrtvičeno čeljust, če imate občutek teže v čeljusti ali ste izgubili zob, se pred jemanjem zdravila Alendronat HEXAL posvetujte z zdravnikom.</s>
<s id="s273.2">To je lahko simptom osteonekroze (odmrtja kostnega tkiva).</s>
<s id="s273.3">Posvetujte se z zdravnikom, če imate raka ali so vaši zobje v slabem stanju, ker je to dejavnik tveganja.</s>
<s id="s273.4">Če se zdravite pri zobozdravniku ali boste imeli kirurški poseg na zobeh, povejte svojemu zobozdravniku, da jemljete zdravilo Alendronat HEXAL.</s>
<s id="s274.1">Zdravila Alendronat HEXAL se ne sme dajati otrokom in mladostnikom.</s>
<s id="s275.1">Jemanje drugih zdravil Verjetno je, da bodo dodatki kalcija, antacidi in nekatera peroralna zdravila motila absorpcijo Alendronata HEXAL, če jih boste vzeli istočasno.</s>
<s id="s275.2">Zato je pomembno, da upoštevate navodila v poglavju 3. “ Kako jemati zdravilo Alendronat HEXAL ”.</s>
<s id="s276.1">Obvestite svojega zdravnika ali farmacevta, če jemljete ali ste pred kratkim jemali katerokoli drugo zdravilo, tudi če ste ga dobili brez recepta.</s>
<s id="s277.1">Jemanje zdravila Alendronat HEXAL skupaj s hrano in pijačo</s>
<s id="s278.1">Verjetno je, da bosta hrana in pijača (vključno z mineralno vodo) zmanjšali učinkovitost zdravila Alendronat HEXAL, če ju boste vzeli istočasno.</s>
<s id="s278.2">Zato je pomembno, da upoštevate navodila v poglavju 3. “ Kako jemati zdravilo Alendronat HEXAL ”.</s>
<s id="s279.1">Nosečnost in dojenje Ne jemljite zdravila Alendronat HEXAL, če ste noseči ali če mislite, da bi lahko bili noseči.</s>
<s id="s279.2">Ne jemljite zdravila Alendronat HEXAL, če dojite.</s>
<s id="s280.1">Vpliv na sposobnost upravljanja vozil in strojev Alendronat HEXAL ne bi smel vplivati na vašo sposobnost vožnje ali upravljanja strojev.</s>
<s id="s281.1">Pomembne informacije o nekaterih sestavinah zdravila Alendronat HEXAL Alendronat HEXAL vsebuje laktozo.</s>
<s id="s281.2">Če vam je zdravnik povedal, da imate intoleranco za nekatere sladkorje (na primer laktozo), se pred jemanjem tega zdravila posvetujte s svojim zdravnikom.</s>
<s id="s282.1">22 3.</s>
<s id="s282.2">KAKO JEMATI ZDRAVILO ALENDRONAT HEXAL</s>
<s id="s283.1">Pri jemanju zdravila Alendronat HEXAL natančno upoštevajte zdravnikova navodila.</s>
<s id="s283.2">Če ste negotovi, se posvetujte z zdravnikom ali s farmacevtom.</s>
<s id="s284.1">Vzemite eno tableto Alendronata HEXAL 10 mg enkrat na dan.</s>
<s id="s285.1">Da vam bo zdravilo Alendronat HEXAL pomagalo, morate natančno upoštevati ta navodila.</s>
<s id="s286.1">Zelo pomembno je, da upoštevate navodila 1), 2), 3) in 4), da bo lahko Alendronat HEXAL hitro prišel v želodec in da boste zmanjšali možnost draženja požiralnika (cevi, ki povezuje usta z želodcem).</s>
<s id="s287.1">1) Ko zjutraj vstanete in še preden zaužijete kakršnokoli hrano, pijačo ali drugo zdravilo, pogoltnite tableto Alendronat HEXAL izključno s polnim kozarcem vode (ne mineralne vode) (ne manj kot 200 ml).</s>
<s id="s288.1">- Ne vzemite z mineralno vodo (z mehurčki ali brez).</s>
<s id="s289.1">- Ne vzemite s kavo ali čajem.</s>
<s id="s290.1">- Ne vzemite s sokom ali mlekom.</s>
<s id="s291.1">2) Tablete ne žvečite in ne raztapljajte v ustih.</s>
<s id="s292.1">3) Ne uležite se – ostanite v popolnoma pokončnem položaju (sedite, stojte ali hodite) – še najmanj 30 minut potem, ko ste pogoltnili tableto.</s>
<s id="s292.2">Ne ulezite se, dokler ne pojeste prvega dnevnega obroka hrane.</s>
<s id="s293.1">4) Zdravila Alendronat HEXAL ne vzemite zvečer ali preden zjutraj vstanete.</s>
<s id="s294.1">5) Če se pojavijo težave ali bolečine pri požiranju, bolečine v prsih ali zgaga oz. stopnjevanje težav z zgago, prenehajte jemati zdravilo Alendronat HEXAL in se posvetujte z zdravnikom.</s>
<s id="s295.1">6) Ko pogoltnete tableto Alendronat HEXAL, počakajte vsaj 30 minut, preden zaužijete prvo hrano, pijačo ali drugo zdravilo v tem dnevu, vključno z antacidi, dodatki kalcija in vitamini.</s>
<s id="s295.2">Alendronat HEXAL je učinkovit samo, če ga vzamete na tešče.</s>
<s id="s296.1">7) Pomembno, je, da zdravilo Alendronat HEXAL jemljete tako dolgo, kot vam je predpisal zdravnik.</s>
<s id="s296.2">Alendronat HEXAL lahko zdravi osteoporozo le, če redno jemljete tablete.</s>
<s id="s297.1">Če ste vzeli večji odmerek zdravila Alendronat HEXAL, kot bi smeli Če pomotoma vzamete preveč tablet, popijte poln kozarec mleka in nemudoma pokličite zdravnika.</s>
<s id="s297.2">Ne poskušajte bruhati in ne ulezite se.</s>
<s id="s298.1">Če ste pozabili vzeti zdravilo Alendronat HEXAL Če pozabite vzeti odmerek, vzemite eno tableto naslednje jutro, potem ko se spomnite.</s>
<s id="s298.2">Ne vzemite dveh tablet na isti dan.</s>
<s id="s298.3">Nadaljujte z jemanjem ene tablete na dan.</s>
<s id="s299.1">Če imate dodatna vprašanja o uporabi zdravila, se posvetujte z zdravnikom ali s farmacevtom.</s>
<s id="s300.1">4.</s>
<s id="s300.2">MOŽNI NEŽELENI UČINKI</s>
<s id="s301.1">Kot vsa zdravila ima lahko tudi zdravilo Alendronat HEXAL neželene učinke, ki pa se ne pojavijo pri vseh bolnikih.</s>
<s id="s302.1">23 Pri opisu, kako pogosto so poročali o neželenih učinkih, se uporabljajo naslednji izrazi.</s>
<s id="s302.2">Zelo pogosti (≥1/ 10) Pogosti (&gt; 1/ 100 - &lt; 1/ 10) Občasni (≥1/ 1. 000 - &lt; 1/ 100) Redki (≥1/ 10. 000 - &lt; 1/ 1. 000) Zelo redki (&lt; 1/ 10. 000), neznana (ni mogoče oceniti iz razpoložljivih podatkov)</s>
<s id="s303.1">Pogosti: glavobol bolečina v trebuhu neprijeten občutek v želodcu ali riganje po jedi zaprtje občutek polnega ali napihnjenega želodca driska vetrovi zgaga težave pri požiranju bolečine pri požiranju razjede požiralnika (požiralnik je cev, ki povezuje usta z želodcem), ki lahko povzročijo bolečine v prsnem košu, zgago ali težko/ boleče požiranje bolečine v kosteh, mišicah in/ ali sklepih</s>
<s id="s304.1">Občasni: slabost bruhanje draženje ali vnetje požiralnika (požiralnik je cev, ki povezuje usta z želodcem) ali želodca; črno ali katranu podobno blato izpuščaj srbečica pordela koža</s>
<s id="s305.1">Redki: zamegljen vid, bolečina ali rdečina v očesu zožitev požiralnika (požiralnik je cev, ki povezuje usta z želodcem); razjede v ustih zaradi žvečenja ali sesanja tablet; želodčne ali peptične razjede (včasih hude ali s krvavitvijo), za katere pa ni znano, ali jih je povzročil Alendronat HEXAL; hude bolečine v kosteh, mišicah in/ ali sklepih izpuščaj, ki ga poslabša izpostavljenost sončni svetlobi, prehodni gripi podobni simptomi, kot so bolečine v mišicah, splošno slabo počutje, včasih z zvišano telesno temperaturo, običajno ob začetku zdravljenja; preobčutljivostne reakcije, vključno s koprivnico in angioedemom; simptomi nizke ravni kalcija v krvi, vključno z mišičnimi krči ali spazmami in/ ali mravljinčenjem v prstih ali okoli ust</s>
<s id="s306.1">Zelo redki: hude kožne reakcije v posameznih primerih so poročali o perforaciji požiralnika (požiralnik je cev, ki povezuje usta z želodcem)</s>
<s id="s307.1">Po izdaji zdravila v promet so poročali o naslednjih neželenih učinkih (pogostnost ni znana):</s>
<s id="s308.1">omotica otekanje rok in nog pomanjkanje ali izguba moči ostenekroza (odmrtje kostnega tkiva) otekanje sklepov</s>
<s id="s309.1">24 Dobro je, da si zabeležite, kaj se vam je zgodilo, kdaj se je pojavilo in kako dolgo je trajalo.</s>
<s id="s310.1">Če katerikoli neželeni učinek postane resen ali če opazite katerikoli neželeni učinek, ki ni omenjen v tem navodilu, obvestite svojega zdravnika ali farmacevta.</s>
<s id="s311.1">5.</s>
<s id="s311.2">SHRANJEVANJE ZDRAVILA ALENDRONAT HEXAL</s>
<s id="s312.1">Zdravilo shranjujte nedosegljivo otrokom!</s>
<s id="s313.1">Tablet ne smete uporabljati po datumu izteka roka uporabnosti, ki je naveden na pretisnem omotu in na škatli.</s>
<s id="s313.2">Datum izteka roka uporabnosti se nanaša na zadnji dan navedenega meseca.</s>
<s id="s314.1">Shranjujte pri temperaturi do 25 °C.</s>
<s id="s314.2">Shranjujte v originalni ovojnini za zagotovitev zaščite pred vlago:</s>
<s id="s315.1">6.</s>
<s id="s315.2">DODATNE INFORMACIJE</s>
<s id="s316.1">Kaj vsebuje zdravilo Alendronat HEXAL Zdravilna učinkovina je natrijev alendronat trihidrat.</s>
<s id="s316.2">Vsaka tableta vsebuje 10 mg alendronske kisline v obliki natrijevega alendronata trihidrata.</s>
<s id="s317.1">Pomožne snovi so mikrokristalna celuloza, laktoza monohidrat, premrežen natrijev karmelozat, magnezijev stearat.</s>
<s id="s318.1">Izgled zdravila Alendronat HEXAL in vsebina pakiranja Alendronat HEXAL je na voljo kot tableta v obliki kapsule, bele do skoraj bele barve, ki ima na eni strani vtisnjeno oznako &quot;AN 10&quot;, na drugi strani pa &quot;Arrow logo&quot;.</s>
<s id="s319.1">Tablete so na voljo v pakiranjih s tremi pretisnimi omoti (PVC/ PE/ PVDC/ AL), ki vsebujejo po 14, 28, 56, 98, 112 in 50 x 1 (enkratni odmerek) tablet.</s>
<s id="s319.2">Na trgu ni vseh navedenih pakiranj.</s>
<s id="s320.1">Imetnik dovoljenja za promet z zdravilom in izdelovalec [Glejte Dodatek I - Izpolni država članica]</s>
<s id="s321.1">Zdravilo je v državah članicah EGP pridobilo dovoljenje za promet z naslednjimi imeni:</s>
<s id="s322.1">Švedska Nemčija Poljska Belgija Danska Grčija</s>
<s id="s323.1">Alendronat HEXAL Alendron- HEXAL AlendroHEXAL 10 Alendronate Sandoz Alendonicht Forosa</s>
<s id="s324.1">Navodilo je bilo odobreno {MM/ LLLL} [Izpolni država članica]</s>
<s id="s325.1">25</s>
</body>
</letsmt>
