<?xml version="1.0" encoding="utf-8"?>
<letsmt version="1.0">
<head></head>
<body>
<s id="s1.1">European Medicines Agency Evaluation of Medicines for Human Use</s>
<s id="s2.1">London, 14 November 2008 EMEA/ CHMP/ 633842/ 2008</s>
<s id="s3.1">COMMITTEE FOR MEDICINAL PRODUCTS FOR HUMAN USE (CHMP)</s>
<s id="s4.1">OPINION FOLLOWING AN ARTICLE 29(4) 1 REFERRAL FOR Lisonorm and associated names International Non-Proprietary Name (INN): lisinopril + amlodipine</s>
<s id="s5.1">BACKGROUND INFORMATION</s>
<s id="s6.1">Lisonorm tablet contains 5mg amlodipine/ 10mg lisinopril and is an anti-hypertensive indicated in patients with blood pressure adequately controlled with lisinopril and amlodipine given concurrently at the same dose level.</s>
<s id="s7.1">Gedeon Richter Plc obtained a national marketing authorisation for Lisonorm which was authorised in Bulgaria on 29 December 2006, before Bulgaria joined the European Union.</s>
<s id="s8.1">Gedeon Richter Plc submitted a Marketing Authorisation Application (MAA) via mutual recognition procedure for Lisonorm on the basis of the marketing authorisation granted by Hungary on 30 April 2004.</s>
<s id="s8.2">The Mutual Recognition Procedure started on 3 August 2007.</s>
<s id="s9.1">The Reference Member State was Hungary and the Concerned Member States were Czech Republic, Estonia, Hungary, Lithuania, Latvia, Poland, Romania and Slovak Republic.</s>
<s id="s9.2">These Member States were not able to reach an agreement in respect of the Mutual Recognition of the Marketing Authorisation granted by the Reference Member State.</s>
<s id="s10.1">The Czech Republic and Latvia referred the reasons for disagreement to the EMEA on 1 February 2008.</s>
<s id="s10.2">Concerns related to the formal proof of bioequivalence and the lack of a wide therapeutic experience which were considered a potential serious risk to public health.</s>
<s id="s11.1">The arbitration procedure started on 21 February 2008 with the adoption of a list of questions.</s>
<s id="s11.2">The Rapporteur was Dr Ondř ej Slanař (CZ) and Co-Rapporteur(s) was Prof János Borvendég (HU).</s>
<s id="s11.3">The Marketing Authorisation Holder provided written explanations on 2 June 2008.</s>
<s id="s12.1">During their July 2008 meeting, the CHMP, in the light of the overall data submitted and the scientific discussion within the Committee, was of the opinion that the benefit/ risk ratio is favourable for Lisonorm, that the objections raised by Czech Republic and Latvia should not prevent the granting of a Marketing Authorisation.</s>
<s id="s12.2">The Summary of Product Characteristics, Labelling and Package Leaflet of the Reference Member State should be amended.</s>
<s id="s12.3">A positive opinion was adopted by consensus on 24 July 2008.</s>
<s id="s13.1">The list of the product names concerned is given in Annex I.</s>
<s id="s13.2">The scientific conclusions are provided in Annex II, together with the Summary of Product Characteristics in Annex III.</s>
<s id="s14.1">The final opinion was converted into a Decision by the European Commission on 12 November 2008.</s>
<s id="s15.1">1 Article 29(4) of Directive 2001/ 83/ EC, as amended.</s>
<s id="s15.2">7 Westferry Circus, Canary Wharf, London, E14 4HB, UK Tel.</s>
<s id="s15.3">(44-20) 74 18 84 00 Fax (44-20) 74 18 86 13 E-mail: mail@emea. europa. eu http: / /www. emea. europa. eu © European Medicines Agency, 2008.</s>
<s id="s15.4">Reproduction is authorised provided the source is acknowledged.</s>
</body>
</letsmt>
