<?xml version="1.0" encoding="utf-8"?>
<letsmt version="1.0">
<head></head>
<body>
<s id="s1.1">EU številka</s>
<s id="s2.1">Izmišljeno ime</s>
<s id="s3.1">Jakost</s>
<s id="s4.1">Farmacevtska oblika</s>
<s id="s5.1">Ciljna živalska vrsta</s>
<s id="s6.1">Način uporabe zdravila</s>
<s id="s7.1">Ovojnina</s>
<s id="s8.1">Vsebina</s>
<s id="s9.1">Velikost pakiranja</s>
<s id="s10.1">Karenca</s>
<s id="s11.1">EU/ 2/ 00/ 021/ 001 Rabigen SAG2</s>
<s id="s12.1">virus stekline, živ, osljabljeni, sev SAG2 8 log10 CCID50/ odmerek</s>
<s id="s13.1">Peroralna suspenzija</s>
<s id="s14.1">Lisice (Vulpes vulpes) in rakunasti psi (Nyctereutes procyonoides)</s>
<s id="s15.1">Peroralna aluminijasti/ PVC uporaba blazinici, prevlečeni z okusno oblogo</s>
<s id="s16.1">200 kosov (4x50)</s>
<s id="s17.1">zloženke po 200 Navedba ni cepilnimi vabami smiselna</s>
<s id="s18.1">EU/ 2/ 00/ 021/ 002 Rabigen SAG2</s>
<s id="s19.1">virus stekline, živ, osljabljeni, sev SAG2 8 log10 CCID50/ odmerek</s>
<s id="s20.1">Peroralna suspenzija</s>
<s id="s21.1">Lisice (Vulpes vulpes) in rakunasti psi (Nyctereutes procyonoides)</s>
<s id="s22.1">Peroralna aluminijasti/ PVC uporaba blazinici, prevlečeni z okusno oblogo</s>
<s id="s23.1">400 kosov (2x200)</s>
<s id="s24.1">zloženke po 400 Navedba ni cepilnimi vabami smiselna</s>
<s id="s25.1">1/ 1</s>
</body>
</letsmt>
