<?xml version="1.0" encoding="utf-8"?>
<letsmt version="1.0">
<head></head>
<body>
<s id="s1.1">DODATEK I</s>
<s id="s2.1">POVZETEK GLAVNIH ZNAČILNOSTI ZDRAVILA</s>
<s id="s3.1">1/ 22 1.</s>
<s id="s3.2">IME ZDRAVILA ZA UPORABO V VETERINARSKI MEDICINI</s>
<s id="s4.1">Rabigen SAG2 peroralna suspenzija za lisice in rakunaste pse.</s>
<s id="s5.1">2.</s>
<s id="s5.2">KAKOVOSTNA IN KOLIČINSKA SESTAVA</s>
<s id="s6.1">Zdravilna( e) učinkovina( e):</s>
<s id="s7.1">virus stekline, živ, osljabljeni, sev SAG2</s>
<s id="s8.1">8 log10 CCID50 * / odmerek</s>
<s id="s9.1">* CCID50:</s>
<s id="s9.2">50% infektivni odmerek za celično kulturo</s>
<s id="s10.1">Pomožne snovi:</s>
<s id="s11.1">Za celoten seznam pomožnih snovi, glejte razdelek 6. 1.</s>
<s id="s12.1">3.</s>
<s id="s12.2">FARMACEVTSKA OBLIKA</s>
<s id="s13.1">Peroralna suspenzija.</s>
<s id="s14.1">4.</s>
<s id="s14.2">KLINIČNI PODATKI</s>
<s id="s15.1">4. 1 Ciljne živalske vrste</s>
<s id="s16.1">Lisice (Vulpes vulpes) in rakunasti psi (Nyctereutes procyonoides)..</s>
<s id="s17.1">4. 2 Indikacije za uporabo pri ciljnih živalskih vrstah</s>
<s id="s18.1">Za aktivno imunizacijo lisic in rakunastih psov, da se prepreči okužba z virusom stekline.</s>
<s id="s18.2">Zaščita traja najmanj 6 mesecev.</s>
<s id="s19.1">4. 3 Kontraindikacije</s>
<s id="s20.1">Nič.</s>
<s id="s21.1">4. 4 Posebna opozorila &lt; za vsako ciljno živalsko vrsto &gt;</s>
<s id="s22.1">Navedba ni smiselna.</s>
<s id="s23.1">4. 5 Posebni previdnostni ukrepi</s>
<s id="s24.1">Posebni previdnostni ukrepi za uporabo pri živalih</s>
<s id="s25.1">Vabe se ne polagajo na obljudenih območjih, cestah ali na vodnatih območjih.</s>
<s id="s26.1">Posebni previdnostni ukrepi, ki jih mora izvajati oseba, ki živalim daje zdravilo</s>
<s id="s27.1">Priporoča se uporaba gumijastih rokavic.</s>
<s id="s27.2">Osebje, ki dela s tem cepivom, mora biti cepljeno proti steklini.</s>
<s id="s27.3">Osebe, ki imajo prizadet imunski sistem ne smejo rokovati s tem cepivom.</s>
<s id="s27.4">V primeru stika osebe z učinkovino cepiva se naj takoj posvetuje z zdravnikom in mu pokaže navodila za uporabo ali nalepko.</s>
<s id="s28.1">2/ 22 4. 6 Neželeni učinki (pogostost in resnost)</s>
<s id="s29.1">Cepivo Rabigen SAG2 ni pokazalo nobenih stranskih učinkov.</s>
<s id="s29.2">Ker ta oblika cepiva vsebuje sledove gentamicina in tetraciklin kot biomarker, se pri domačih živalih, ki so vabo pomotoma zaužile, lahko pojavi preobčutljivost.</s>
<s id="s30.1">4. 7 Uporaba v obdobju brejosti, laktacije ali nesnosti</s>
<s id="s31.1">Varna uporaba cepiva pri brejih živalih in živalih v laktaciji ni bila preiskana, vendar pa se virusi stekline in živi, oslabljeni sevi virusa iz cepiva običajno ne nalagajo v reproduktivnih organih in ne vplivajo na funkcije razmnoževanja.</s>
<s id="s32.1">4. 8 Medsebojno delovanje z drugimi zdravili in druge oblike interakcij</s>
<s id="s33.1">Niso znane.</s>
<s id="s34.1">4. 9 Odmerjanje in način uporabe</s>
<s id="s35.1">Vabe se polagajo po kopnem ali iz zraka v okviru akcije cepljenja proti steklini.</s>
<s id="s35.2">Namen je, da jih pojedo lisice/ rakunasti psi.</s>
<s id="s35.3">Za zaščito lisice proti steklini zadostuje zaužitje ene same cepilne vabe..</s>
<s id="s36.1">Gostota polaganja vab je odvisna od topografije in populacije ciljne vrste.</s>
<s id="s37.1">Najmanjša gostota vab je:</s>
<s id="s38.1">- 13 vab na kvadratni kilometer na področjih, kjer so indeksi gostote lisic/ rakunastih psov enaki</s>
<s id="s39.1">ali manjši kot tri videne lisice/ rakunasti psi na 10 km.</s>
<s id="s40.1">- 20 vab na kvadratni kilometer na področjih, kjer so indeksi gostote lisic/ rakunastih psov večji</s>
<s id="s41.1">kot tri videne lisice/ rakunasti psi na 10 km.</s>
<s id="s42.1">4. 10 Preveliko odmerjanje (simptomi, nujni ukrepi, protistrupi) (če so potrebni)</s>
<s id="s43.1">Odmerjanje cepiva v 10- kratnem odmerku od priporočenega ni pokazalo nobenih stranskih učinkov.</s>
<s id="s44.1">4. 11 Karenca</s>
<s id="s45.1">Navedba ni smiselna.</s>
<s id="s46.1">5.</s>
<s id="s46.2">IMUNOLOŠKE LASTNOSTI</s>
<s id="s47.1">Farmakoterapevtska skupina:</s>
<s id="s47.2">Živo virusno cepivo ATC vet oznaka:</s>
<s id="s47.3">QI07BD.</s>
<s id="s48.1">Rabigen SAG2 je živo modificirano cepivo proti steklini, ki se lisicam (Vulpes vulpes) in rakunastim psom (Nyctereutes procyonoides) daje peroralno.</s>
<s id="s49.1">Zdravilna učinkovina je dvakratno mutiran virus z nizko virulenco, izoliran iz virusa stekline seva SAD Bern v dveh zaporednih korakih selekcije, da bi se izognili naravni vrnitvi v prvotni sev.</s>
<s id="s50.1">Uporablja se za aktivno imunizacijo lisic in rakunastih psov, za katero je značilna indukcija nastanka specifičnih protiteles proti steklini.</s>
<s id="s51.1">3/ 22 6.</s>
<s id="s51.2">FARMACEVTSKI PODATKI</s>
<s id="s52.1">6. 1 Seznam pomožnih snovi</s>
<s id="s53.1">Cepivo:</s>
<s id="s53.2">Dinatrijev fosfat - Kalijev dihidrogen fosfat - Glutaminska kislina – Saharoza – Želatina – Tripton - Laktalbumin hidrolizat - Natrijev klorid - Voda za vbrizgavanje</s>
<s id="s54.1">Okusna obloga (vaba):</s>
<s id="s54.2">Rodor 7046R proti penjenju - Tetraciklin (Hcl) HD - EVA (Etil vinil acetat) - Beli mehki parafin Parafin 50/ 52° C - Seah Saur - Naravna ribja aroma</s>
<s id="s55.1">6. 2 Inkompatibilnosti</s>
<s id="s56.1">Navedba smiselno ni potrebna.</s>
<s id="s57.1">6. 3 Rok uporabnosti</s>
<s id="s58.1">2 leti pri - 20°C in 2 dni pri +25°C.</s>
<s id="s59.1">6. 4 Posebna navodila za shranjevanje</s>
<s id="s60.1">Shranjujte v zamrzovalniku pri - 40°C do - 20°C.</s>
<s id="s60.2">Zaščitite pred svetlobo.</s>
<s id="s60.3">Zloženke naj bodo tesno zaprte.</s>
<s id="s61.1">6. 5 Vrsta ovojnine in vsebina</s>
<s id="s62.1">Tekoče cepivo v aluminijasti/ PVC blazinici, prevlečeni z okusno oblogo.</s>
<s id="s62.2">Vabe so zaporedoma pakirane v zloženke po:</s>
<s id="s63.1">- 200 kosov (4x50)</s>
<s id="s64.1">- 400 kosov (2x200)</s>
<s id="s65.1">6. 6 Posebni varnostni ukrepi za odstranjevanje neporabljenega zdravila ali odpadnih snovi</s>
<s id="s66.1">Odpadne snovi in vse vabe, ki niso bile položene, ob koncu dneva polaganja odstranite s prekuhavanjem, sežigom ali potopitvijo v ustrezno dezinfekcijsko sredstvo, katerega uporabo odobrijo pristojni organi.</s>
<s id="s67.1">7.</s>
<s id="s67.2">IMETNIK( I) DOVOLJENJ( A) ZA PROMET</s>
<s id="s68.1">VIRBAC S. A.</s>
<s id="s68.2">1ère Avenue 2065m L. I. D.</s>
<s id="s68.3">06516 Carros - Francija tel: + 33 4 92 08 73 04 faks: + 33 4 92 08 73 48 elektronski naslov: dar@ virbac. fr</s>
<s id="s69.1">8.</s>
<s id="s69.2">ŠTEVILKA( E) DOVOLJENJ( A) ZA PROMET</s>
<s id="s70.1">EU/ 2/ 00/ 021/ 001 EU/ 2/ 00/ 021/ 002</s>
<s id="s71.1">9.</s>
<s id="s71.2">DATUM PRIDOBITVE/ PODALJŠANJA DOVOLJENJA ZA PROMET</s>
<s id="s72.1">06/ 04/ 2000 / 11/ 04/ 2005</s>
<s id="s73.1">4/ 22 10.</s>
<s id="s73.2">DATUM REVIZIJE BESEDILA</s>
<s id="s74.1">16/ 04/ 2008</s>
<s id="s75.1">Podrobne informacije o tem veterinarskem zdravilu so na voljo na spletni strani Evropske agencije za vrednotenje zdravil (EMEA) http: // www. emea. europa. eu /</s>
<s id="s76.1">PREPOVED PRODAJE, OSKRBE IN/ ALI UPORABE</s>
<s id="s77.1">Uvoz, prodaja, oskrba in/ ali uporaba tega veterinarskega proizvoda je ali je lahko prepovedana v nekaterih državah članicah na njihovem celotnem ozemlju ali delu ozemlja v skladu z nacionalnim programom zdravstvenega varstva živali.</s>
<s id="s77.2">Vsakdo, ki namerava uvažati, prodajati, oskrbovati in/ ali uporabljati Rabigen SAG 2, se mora posvetovati s pristojnimi organi posamezne države članice o veljavnih programih cepljenja še pred uvozom, prodajo, oskrbo in/ ali uporabo.</s>
<s id="s78.1">Omejeno na ustrezno imenovane pristojne upravne organe.</s>
<s id="s79.1">5/ 22 DODATEK II</s>
<s id="s80.1">A.</s>
<s id="s80.2">IZDELOVALEC( IZDELOVALCI) BIOLOŠKE ZDRAVILNE UČINKOVINE (ZDRAVILNIH UČINKOVIN) IN IMETNIK( I) DOVOLJE SPROŠČANJE SPROSTITEV SERIJE</s>
<s id="s81.1">B.</s>
<s id="s81.2">POGOJI DOVOLJENJA ZA PROMET Z ZDRAVILOM TER OMEJITVE GLEDE OSKRBE IN UPORABE</s>
<s id="s82.1">C.</s>
<s id="s82.2">POGOJI DOVOLJENJA ZA PROMET Z ZDRAVILOM TER OMEJITVE GLEDE VARNE IN UČINKOVITE UPORABE</s>
<s id="s83.1">D.</s>
<s id="s83.2">NAVEDBA NAJVIŠJIH DOVOLJENIH KOLIČIN OSTANKOV ZDRAVILA (MRL)</s>
<s id="s84.1">6/ 22 A.</s>
<s id="s84.2">IZDELOVALEC( IZDELOVALCI) BIOLOŠKE ZDRAVILNE UČINKOVINE (ZDRAVILNIH UČINKOVIN) IN IMETNIK( I) DOVOLJENJ( A) ZA IZDELAVO ZDRAVILA, ODGOVOREN ZA SPROSTITEV SERIJE</s>
<s id="s85.1">Ime in naslov proizvajalca biološko aktivne snovi</s>
<s id="s86.1">VIRBAC SA L. I. D.</s>
<s id="s86.2">1ère Avenue - 2065 m 06516 Carros, Francija</s>
<s id="s87.1">Dovoljenje za izdelavo izdano dne 22. dec. 1997 s strani Ministrstva za solidarnost, zdravje in socialno varnost – Direkcija za farmacijo in zdravila Republike Francije.</s>
<s id="s88.1">Ime in naslov proizvajalca, odgovornega za sproščanje serije</s>
<s id="s89.1">VIRBAC SA L. I. D.</s>
<s id="s89.2">1ère Avenue - 2065 m 06516 Carros, Francija</s>
<s id="s90.1">B POGOJI DOVOLJENJA ZA PROMET Z ZDRAVILOM TER OMEJITVE GLEDE OSKRBE IN UPORABE</s>
<s id="s91.1">Na veterinarski recept.</s>
<s id="s92.1">Uvoz, prodaja, oskrba in/ ali uporaba tega zdravila za uporabo v veterinarski medicini je ali je lahko prepovedana v nekaterih državah članicah na njihovem celotnem ozemlju ali delu ozemlja, v skladu z nacionalnim programom zdravstvenega varstva živali.</s>
<s id="s92.2">Vsakdo, ki namerava uvažati, prodajati, oskrbovati in/ ali uporabljati zdravilo za uporabo v veterinarski medicini, se mora posvetovati s pristojnimi organi posamezne države članice o veljavnih programih cepljenja še pred uvozom, prodajo, oskrbo in/ ali uporabo.</s>
<s id="s93.1">Omejeno na ustrezno imenovane pristojne upravne organe.</s>
<s id="s94.1">C.</s>
<s id="s94.2">POGOJI DOVOLJENJA ZA PROMET Z ZDRAVILOM TER OMEJITVE GLEDE VARNE IN UČINKOVITE UPORABE</s>
<s id="s95.1">Navedba ni smiselna.</s>
<s id="s96.1">D.</s>
<s id="s96.2">NAVEDBA NAJVIŠJIH DOVOLJENIH KOLIČIN OSTANKOV ZDRAVILA (MRL)</s>
<s id="s97.1">Navedba ni smiselna.</s>
<s id="s98.1">7/ 22 DODATEK III</s>
<s id="s99.1">OZNAČEVANJE IN NAVODILO ZA UPORABO</s>
<s id="s100.1">8/ 22 A.</s>
<s id="s100.2">OZNAČEVANJE</s>
<s id="s101.1">9/ 22 OZNAČEVANJE ZLOŽENKE Z</s>
<s id="s102.1">200 cepilnimi vabami</s>
<s id="s103.1">1.</s>
<s id="s103.2">IME ZDRAVILA ZA UPORABO V VETERINARSKI MEDICINI</s>
<s id="s104.1">Rabigen SAG2 peroralna suspenzija za lisice in rakunaste pse.</s>
<s id="s105.1">2.</s>
<s id="s105.2">NAVEDBA ZDRAVILNE UČINKOVINE IN DRUGIH SNOVI</s>
<s id="s106.1">Aktivna snov: virus stekline, živ, osljabljeni, sev SAG2.</s>
<s id="s107.1">8 log10 - CCID50 * / odmerek</s>
<s id="s108.1">* CCID50:</s>
<s id="s108.2">50% infektivni odmerek za celično kulturo</s>
<s id="s109.1">Pomožne snovi:</s>
<s id="s109.2">Okusna obloga (vaba), izdelana iz snovi živalskega izvora.</s>
<s id="s110.1">3.</s>
<s id="s110.2">FARMACEVTSKA OBLIKA</s>
<s id="s111.1">Peroralna suspenzija.</s>
<s id="s112.1">4.</s>
<s id="s112.2">VELIKOST PAKIRANJA</s>
<s id="s113.1">Zloženka z 200 (4 x 50) cepilnimi vabami.</s>
<s id="s114.1">5.</s>
<s id="s114.2">CILJNA ŽIVALSKA VRSTA</s>
<s id="s115.1">Lisice (Vulpes vulpes) in rakunasti psi (Nyctereutes procyonoides).</s>
<s id="s116.1">6.</s>
<s id="s116.2">INDIKACIJA( E)</s>
<s id="s117.1">Za aktivno imunizacijo lisic in rakunastih psov, da se prepreči okužba z virusom stekline.</s>
<s id="s117.2">Zaščita traja najmanj 6 mesecev.</s>
<s id="s118.1">7.</s>
<s id="s118.2">NAČIN IN POT( I) UPORABE</s>
<s id="s119.1">Vabe se polagajo po kopnem ali iz zraka v okviru akcije cepljenja proti steklini.</s>
<s id="s119.2">Namenjene so temu, da jih lisice in rakunasti psi pojedo.</s>
<s id="s119.3">Za zaščito lisic in rakunastih psov proti steklini zadostuje zaužitje ene same cepilne vabe.</s>
<s id="s120.1">Gostota polaganja vab je odvisna od topografije in populacije ciljne vrste.</s>
<s id="s121.1">Minimalna gostota polaganja je:</s>
<s id="s122.1">- 13 vab na kvadratni kilometer na področjih, kjer so indeksi gostote lisic/ rakunastih psov enaki</s>
<s id="s123.1">ali manjši kot tri videne lisice/ rakunasti psi na 10 km.</s>
<s id="s124.1">10/ 22</s>
<s id="s125.1">- 20 vab na kvadratni kilometer na področjih, kjer so indeksi gostote lisic/ rakunastih psov večji</s>
<s id="s126.1">kot tri videne lisice/ rakunasti psi na 10 km.</s>
<s id="s126.2">Pred uporabo preberite priloženo navodilo.</s>
<s id="s127.1">8.</s>
<s id="s127.2">POSEBNO( A) OPOZORILO( A), ČE JE/ SO POTREBNO( A)</s>
<s id="s128.1">Priporoča se uporaba gumijastih rokavic.</s>
<s id="s129.1">Osebje, ki bo s tem cepivom rokovalo in ga polagalo, bi moralo biti cepljeno proti steklini.</s>
<s id="s130.1">Osebe, ki imajo prizadet imunski sistem ne smejo rokovati s tem cepivom.</s>
<s id="s130.2">V primeru stika osebe z zdravilno učinkovino cepiva, se takoj posvetujte z zdravnikom in mu pokažite navodila za uporabo ali nalepko.</s>
<s id="s131.1">Ker ta oblika cepiva vsebuje gentamicin v sledovih in tetraciklin kot biomarker, se lahko pri domačih živalih, ki so ponesreči požrle vabo, občasno pojavijo preobčutljivostne reakcije.</s>
<s id="s132.1">9.</s>
<s id="s132.2">DATUM IZTEKA ROKA UPORABNOSTI ZDRAVILA</s>
<s id="s133.1">EXP {mesec/ leto}</s>
<s id="s134.1">10.</s>
<s id="s134.2">POSEBNA NAVODILA ZA SHRANJEVANJE</s>
<s id="s135.1">Shranjujte v zamrzovalniku pri - 40°C do - 20°C.</s>
<s id="s135.2">Zaščitite pred svetlobo.</s>
<s id="s135.3">Zloženke imejte dobro zaprte.</s>
<s id="s136.1">11.</s>
<s id="s136.2">POSEBNI VARNOSTNI UKREPI ZA ODSTRANJEVANJE NEPORABLJENEGA ZDRAVILA ALI ODPADNIH SNOVI, ČE OBSTAJAJO</s>
<s id="s137.1">Odpadne snovi in vse vabe, ki niso bile položene, ob koncu dneva polaganja odstranite s prekuhavanjem, sežigom ali potopitvijo v ustreznem dezinfekcijskem sredstvu, katerega uporabo odobrijo pristojni organi.</s>
<s id="s138.1">12.</s>
<s id="s138.2">BESEDILO “ SAMO ZA ŽIVALI ” IN POGOJI ALI OMEJITVE GLEDE OSKRBE IN UPORABE, če je navedba smiselna</s>
<s id="s139.1">Samo za zdravljenje živali.</s>
<s id="s139.2">Zdravilo se izda le na recept.</s>
<s id="s139.3">Omejeno na ustrezno imenovane upravne organe.</s>
<s id="s140.1">13.</s>
<s id="s140.2">BESEDILO “ ZDRAVILO SHRANJUJTE NEDOSEGLJIVO OTROKOM ”</s>
<s id="s141.1">Zdravilo shranjujte nedosegljivo otrokom.</s>
<s id="s142.1">11/ 22 14.</s>
<s id="s142.2">IME IN NASLOV IMETNIKA DOVOLJENJA ZA PROMET Z ZDRAVILOM</s>
<s id="s143.1">VIRBAC S. A.</s>
<s id="s143.2">1ère Avenue 2065m L. I. D.</s>
<s id="s143.3">06516 Carros – Francija</s>
<s id="s144.1">15.</s>
<s id="s144.2">ŠTEVILKA( E) V REGISTRU SKUPNOSTI ZDRAVIL</s>
<s id="s145.1">EU/ 2/ 00/ 021/ 001</s>
<s id="s146.1">16.</s>
<s id="s146.2">IZDELOVALČEVA ŠTEVILKA SERIJE IZDELAVE ZDRAVILA</s>
<s id="s147.1">Lot {številka}</s>
<s id="s148.1">12/ 22 OZNAČEVANJE ZLOŽENKE S</s>
<s id="s149.1">400 cepilnimi vabami</s>
<s id="s150.1">1.</s>
<s id="s150.2">IME ZDRAVILA ZA UPORABO V VETERINARSKI MEDICINI</s>
<s id="s151.1">Rabigen SAG2 peroralna suspenzija za lisice in rakunaste pse.</s>
<s id="s152.1">2.</s>
<s id="s152.2">NAVEDBA ZDRAVILNE UČINKOVINE IN DRUGIH SNOVI</s>
<s id="s153.1">Aktivna snov: virus stekline, živ, oslabljeni, sev SAG2.</s>
<s id="s154.1">8 log10 - CCID50 * / odmerek</s>
<s id="s155.1">* CCID50:</s>
<s id="s155.2">50% infektivni odmerek za celično kulturo</s>
<s id="s156.1">Pomožne snovi:</s>
<s id="s156.2">Okusna obloga (vaba), izdelana iz snovi živalskega izvora.</s>
<s id="s157.1">3.</s>
<s id="s157.2">FARMACEVTSKA OBLIKA</s>
<s id="s158.1">Peroralna suspenzija.</s>
<s id="s159.1">4.</s>
<s id="s159.2">VELIKOST PAKIRANJA</s>
<s id="s160.1">Zloženka z 400 (2 x 200) cepilnimi vabami.</s>
<s id="s161.1">5.</s>
<s id="s161.2">CILJNA ŽIVALSKA VRSTA</s>
<s id="s162.1">Lisice (Vulpes vulpes) in rakunasti psi (Nyctereutes procyonoides).</s>
<s id="s163.1">6.</s>
<s id="s163.2">INDIKACIJA( E)</s>
<s id="s164.1">Za aktivno imunizacijo lisic in rakunastih psov, da se prepreči okužba z virusom stekline.</s>
<s id="s164.2">Zaščita traja najmanj 6 mesecev.</s>
<s id="s165.1">7.</s>
<s id="s165.2">NAČIN IN POT( I) UPORABE</s>
<s id="s166.1">Vabe se polagajo ročno ali iz zraka v okviru akcije cepljenja proti steklini.</s>
<s id="s166.2">Namenjene so temu, da jih lisice/ rakunasti psi pojedo.</s>
<s id="s166.3">Zaužitje ene same vabe zadostuje za aktivno imunizacijo za preprečitev okužbe z virusom stekline.</s>
<s id="s167.1">Gostota polaganja vab je odvisna od topografije in populacije ciljne vrste.</s>
<s id="s168.1">Minimalna gostota polaganja je:</s>
<s id="s169.1">- 13 vab na kvadratni kilometer na področjih, kjer so indeksi gostote lisic/ rakunastih psov enaki</s>
<s id="s170.1">ali manjši kot tri videne lisice/ rakunasti psi na 10 km.</s>
<s id="s171.1">13/ 22</s>
<s id="s172.1">- 20 vab na kvadratni kilometer na področjih, kjer so indeksi gostote lisic/ rakunastih psov večji</s>
<s id="s173.1">kot tri videne lisice/ rakunasti psi na 10 km.</s>
<s id="s173.2">Pred uporabo preberite priložena navodila.</s>
<s id="s174.1">8.</s>
<s id="s174.2">POSEBNA OPOZORILA, ČE SO POTREBNA</s>
<s id="s175.1">Priporoča se uporaba gumijastih rokavic.</s>
<s id="s176.1">Osebje, ki bo s tem cepivom rokovalo in ga polagalo, bi moralo biti cepljeno proti steklini.</s>
<s id="s177.1">Osebe, ki imajo prizadet imunski sistem ne smejo rokovati s tem cepivom.</s>
<s id="s177.2">V primeru stika osebe z zdravilno učinkovino cepiva se takoj posvetujte z zdravnikom in mu pokažite navodila za uporabo ali nalepko.</s>
<s id="s178.1">Ker ta oblika cepiva vsebuje gentamicin v sledovih in tetraciklin kot biomarker, se lahko pri domačih živalih, ki so po nesreči požrle vabo, občasno pojavijo preobčutljivostne reakcije.</s>
<s id="s179.1">9.</s>
<s id="s179.2">DATUM IZTEKA ROKA UPORABNOSTI ZDRAVILA</s>
<s id="s180.1">DATUM POTEKA UPORABNOSTI ZDRAVILA:</s>
<s id="s180.2">{mesec/ leto}</s>
<s id="s181.1">10.</s>
<s id="s181.2">POSEBNA NAVODILA ZA SHRANJEVANJE</s>
<s id="s182.1">Shranjujte v zamrzovalniku pri temperaturi od - 40° C do - 20° C.</s>
<s id="s182.2">Zaščitite pred svetlobo.</s>
<s id="s182.3">Zloženke imejte dobro zaprte.</s>
<s id="s183.1">11.</s>
<s id="s183.2">POSEBNI VARNOSTNI UKREPI ZA ODSTRANJEVANJE NEPORABLJENEGA ZDRAVILA ALI ODPADNIH SNOVI, ČE OBSTAJAJO</s>
<s id="s184.1">Odpadne snovi in vse vabe, ki niso bile položene, ob koncu dneva polaganja odstranite s prekuhavanjem, sežigom ali potopitvijo v ustrezno dezinfekcijsko sredstvo, katerega uporabo odobrijo pristojni organi.</s>
<s id="s185.1">12.</s>
<s id="s185.2">BESEDILO “ SAMO ZA ZDRAVLJENJE ŽIVALI ” TER POGOJI ALI OMEJITVE GLEDE NAČINA/ REŽIMA IZDAJE IN UPORABE, kjer je potrebno</s>
<s id="s186.1">Samo za živali.</s>
<s id="s186.2">Zdravilo se izda le na recept.</s>
<s id="s186.3">Omejeno na ustrezno imenovane pristojne upravne organe.</s>
<s id="s187.1">13.</s>
<s id="s187.2">BESEDILO “ ZDRAVILO SHRANJUJTE NEDOSEGLJIVO OTROKOM ”</s>
<s id="s188.1">Shranjujte nedosegljivo otrokom.</s>
<s id="s189.1">14/ 22 14.</s>
<s id="s189.2">IME IN NASLOV IMETNIKA DOVOLJENJA ZA PROMET Z ZDRAVILOM</s>
<s id="s190.1">VIRBAC S. A.</s>
<s id="s190.2">1ère Avenue 2065m L. I. D.</s>
<s id="s190.3">06516 Carros – Francija</s>
<s id="s191.1">15.</s>
<s id="s191.2">ŠTEVILKA( E) V REGISTRU SKUPNOSTI ZDRAVIL</s>
<s id="s192.1">EU/ 2/ 00/ 021/ 002</s>
<s id="s193.1">16.</s>
<s id="s193.2">IZDELOVALČEVA ŠTEVILKA SERIJE IZDELAVE ZDRAVILA</s>
<s id="s194.1">Lot{ številka}</s>
<s id="s195.1">15/ 22 VREČKE</s>
<s id="s196.1">1.</s>
<s id="s196.2">IME ZDRAVILA ZA UPORABO V VETERINARSKI MEDICINI</s>
<s id="s197.1">Rabigen SAG2 peroralna suspenzija za lisice in rakunaste pse.</s>
<s id="s198.1">2.</s>
<s id="s198.2">ŠTEVILKA SERIJE</s>
<s id="s199.1">Lot:</s>
<s id="s199.2">{številka}</s>
<s id="s200.1">3.</s>
<s id="s200.2">DATUM IZTEKA ROKA UPORABNOSTI ZDRAVILA</s>
<s id="s201.1">EXP {mesec/ leto}</s>
<s id="s202.1">4.</s>
<s id="s202.2">BESEDILO “ SAMO ZA ŽIVALI ”</s>
<s id="s203.1">Samo za zdravljenje živali.</s>
<s id="s204.1">NE DOTIKAJTE SE - CEPIVO PROTI STEKLINI</s>
<s id="s205.1">Telefonska številka za informacije: + 33 4 92 08 73 04</s>
<s id="s206.1">16/ 22 VABE</s>
<s id="s207.1">1.</s>
<s id="s207.2">IME ZDRAVILA ZA UPORABO V VETERINARSKI MEDICINI</s>
<s id="s208.1">Rabigen SAG2 peroralna suspenzija za lisice in rakunaste pse.</s>
<s id="s209.1">2.</s>
<s id="s209.2">IME IMETNIKA DOVOLJENJA ZA PROMET Z ZDRAVILOM</s>
<s id="s210.1">VIRBAC S. A.</s>
<s id="s210.2">1ère Avenue 2065 M L. I. D 06516 Carros Francija</s>
<s id="s211.1">3.</s>
<s id="s211.2">DATUM IZTEKA ROKA UPORABNOSTI ZDRAVILA</s>
<s id="s212.1">EXP {mesec/ leto}</s>
<s id="s213.1">4.</s>
<s id="s213.2">ŠTEVILKA SERIJE</s>
<s id="s214.1">Lot:</s>
<s id="s214.2">{številka}</s>
<s id="s215.1">5.</s>
<s id="s215.2">BESEDILO “ SAMO ZA ŽIVALI ”</s>
<s id="s216.1">Samo za zdravljenje živali.</s>
<s id="s217.1">NE DOTIKAJTE SE – CEPIVO PROTI STEKLINI</s>
<s id="s218.1">Telefonska številka za informacije: + 33 4 92 08 73 04</s>
<s id="s219.1">17/ 22 B.</s>
<s id="s219.2">NAVODILO ZA UPORABO</s>
<s id="s220.1">18/ 22 NAVODILO ZA UPORABO Rabigen SAG2 peroralna suspenzija za lisice in rakunaste pse</s>
<s id="s221.1">1.</s>
<s id="s221.2">IME IN NASLOV IMETNIKA DOVOLJENJA ZA PROMET Z ZDRAVILOM TER IMETNIKA DOVOLJENJA ZA PROIZVODNJO ZDRAVILA, ODGOVORNEGA ZA SPROSTITEV SERIJ V EGP, ČE STA RAZLIČNA</s>
<s id="s222.1">VIRBAC S. A.</s>
<s id="s222.2">1ère Avenue 2065m L. I. D.</s>
<s id="s222.3">06516 Carros - Francija</s>
<s id="s223.1">2.</s>
<s id="s223.2">IME ZDRAVILA ZA UPORABO V VETERINARSKI MEDICINI</s>
<s id="s224.1">Rabigen SAG2 peroralna suspenzija za lisice in rakunaste pse.</s>
<s id="s225.1">3.</s>
<s id="s225.2">NAVEDBA ZDRAVILNE UČINKOVIN( E) IN DRUGE( IH) SESTAVIN( E)</s>
<s id="s226.1">Aktivna snov: virus stekline, živ, oslabljeni, sev SAG2</s>
<s id="s227.1">8 log10 CCID50 * / odmerek</s>
<s id="s228.1">* CCID50:</s>
<s id="s228.2">50% Infektivni odmerek za celično kulturo</s>
<s id="s229.1">Pomožne snovi:</s>
<s id="s229.2">Okusna obloga (vaba), izdelana iz snovi živalskega izvora.</s>
<s id="s230.1">4.</s>
<s id="s230.2">INDIKACIJA( E)</s>
<s id="s231.1">Za aktivno imunizacijo lisic in rakunastih psov, da se prepreči okužba z virusom stekline.</s>
<s id="s231.2">Zaščita traja najmanj 6 mesecev.</s>
<s id="s232.1">5.</s>
<s id="s232.2">KONTRAINDIKACIJE</s>
<s id="s233.1">Nobenih.</s>
<s id="s234.1">6.</s>
<s id="s234.2">NEŽELENI UČINKI</s>
<s id="s235.1">Pri Rabigenu SAG2 ni bilo opaženih nobenih neželenih učinkov.</s>
<s id="s235.2">Ker ta oblika cepiva vsebuje gentamicin v sledovih in tetraciklin kot biomarker, se lahko pri domačih živalih, ki so po nesreči požrle vabo, občasno pojavijo preobčutljivostne reakcije.</s>
<s id="s236.1">7.</s>
<s id="s236.2">CILJNE ŽIVALSKE VRSTE</s>
<s id="s237.1">Lisice (Vulpes vulpes) in rakunasti psi (Nyctereutes procyonoides).</s>
<s id="s238.1">8.</s>
<s id="s238.2">ODMEREK ZA POSAMEZNE ŽIVALSKE VRSTE TER NAČIN IN POT( I) UPORABE</s>
<s id="s239.1">Zaužitje ene same cepilne vabe zadostuje za zaščito lisice/ rakunastega psa proti steklini.</s>
<s id="s240.1">19/ 22 Vabe se polagajo po kopnem ali iz zraka v okviru akcije cepljenja proti steklini.</s>
<s id="s240.2">Namenjene so temu, da jih lisice/ rakunasti psi pojedo.</s>
<s id="s241.1">Gostota polaganja vab je odvisna od topografije in populacije ciljne vrste.</s>
<s id="s242.1">Minimalna gostota polaganja je:</s>
<s id="s243.1">- 13 vab na kvadratni kilometer na področjih, kjer so indeksi gostote lisic/ rakunastih psov enaki</s>
<s id="s244.1">ali manjši kot tri videne lisice/ rakunasti psi na 10 km.</s>
<s id="s245.1">- 20 vab na kvadratni kilometer na področjih, kjer so indeksi gostote lisic/ rakunastih psov večji</s>
<s id="s246.1">kot tri videne lisice/ rakunasti psi na 10 km.</s>
<s id="s247.1">9.</s>
<s id="s247.2">NASVET O PRAVILNI UPORABI ZDRAVILA</s>
<s id="s248.1">Vabe se ne polagajo na obljudenih območjih, cestah ali na vodnatih območjih.</s>
<s id="s249.1">10.</s>
<s id="s249.2">KARENCA</s>
<s id="s250.1">Navedba ni smiselna.</s>
<s id="s251.1">11.</s>
<s id="s251.2">POSEBNA NAVODILA ZA SHRANJEVANJE</s>
<s id="s252.1">Zdravilo shranjujte nedosegljivo otrokom.</s>
<s id="s252.2">Shranjujte v zamrzovalniku pri temperaturi od - 40° C do - 20° C.</s>
<s id="s252.3">Zaščitite pred svetlobo.</s>
<s id="s252.4">Zloženke imejte dobro zaprte.</s>
<s id="s253.1">12.</s>
<s id="s253.2">POSEBNO( A) OPOZORIL( O) A</s>
<s id="s254.1">Samo za živali.</s>
<s id="s255.1">Priporoča se uporaba gumijastih rokavic.</s>
<s id="s256.1">Osebje, ki bo s tem cepivom rokovalo in ga polagalo, bi moralo biti cepljeno proti steklini.</s>
<s id="s257.1">Varna uporaba cepiva pri brejih živalih in živalih v laktaciji ni bila preiskana, vendar pa se virusi stekline in živi, oslabljeni sevi virusa iz cepiva običajno ne nalagajo v reproduktivnih organih in ne vplivajo na funkcije razmnoževanja.</s>
<s id="s258.1">Osebam, ki imajo prizadet imunski sistem ne smejo rokovati s tem cepivom.</s>
<s id="s258.2">Če pride človek v stik z zdravilno učinkovino cepiva, se takoj posvetujte z zdravnikom in mu pokažite navodila za uporabo ali nalepko.</s>
<s id="s259.1">Uvoz, prodaja, oskrba in/ ali uporaba tega zdravila za uporabo v veterinarski medicini je ali je lahko prepovedana v nekaterih državah članicah na njihovem celotnem ozemlju ali delu ozemlja v skladu z nacionalnim programom zdravstvenega varstva živali.</s>
<s id="s259.2">Vsakdo, ki namerava uvažati, prodajati, oskrbovati in/ ali uporabljati zdravilo za uporabo v veterinarski medicini, se mora posvetovati s pristojnimi organi posamezne države članice o veljavnih programih cepljenja še pred uvozom, prodajo, oskrbo in/ ali uporabo.</s>
<s id="s260.1">Omejeno na ustrezno imenovane pristojne upravne organe.</s>
<s id="s261.1">20/ 22 13.</s>
<s id="s261.2">POSEBNI VARNOSTNI UKREPI ZA ODSTRANJEVANJE NEPORABLJENEGA ZDRAVILA ALI ODPADNIH SNOVI, ČE OBSTAJAJO</s>
<s id="s262.1">Odpadne snovi in vse vabe, ki niso bile položene, ob koncu dneva polaganja odstranite s prekuhavanjem, sežigom ali potopitvijo v ustrezno dezinfekcijsko sredstvo, katerega uporabo odobrijo pristojni organi.</s>
<s id="s263.1">14.</s>
<s id="s263.2">DATUM ZADNJE ODOBRITVE NAVODIL ZA UPORABO</s>
<s id="s264.1">16/ 04/ 2008</s>
<s id="s265.1">Podrobne informacije o tem proizvodu so na razpolago na spletni strani Evropske agencije za vrednotenje zdravil (EMEA) http: // www. emea. europa. eu /</s>
<s id="s266.1">15.</s>
<s id="s266.2">DRUGE INFORMACIJE</s>
<s id="s267.1">Ni nujno, da so v prometu vsa navedena pakiranja.</s>
<s id="s268.1">Za informacije glede tega veterinarskega medicinskega proizvoda, se prosimo obrnite na lokalnega predstavnika imetnika dovoljenja za prodajo.</s>
<s id="s269.1">België/ Belgique/ Belgien VIRBAC BELGIUM S. A.</s>
<s id="s269.2">Rue de la station 17 B- 1300 WAVRE Tel:</s>
<s id="s269.3">32 (0) 10 47 06 35 Република България VIRBAC S. A.</s>
<s id="s269.4">1ère avenue 2065 m – L. I. D F- 06516 Carros Tel:</s>
<s id="s269.5">33 (0) 4 92 08 73 00 Česká republika VIRBAC S. A.</s>
<s id="s269.6">1ère avenue 2065 m – L. I. D F- 06516 Carros Tel:</s>
<s id="s269.7">33 (0) 4 92 08 73 00 Danmark VIRBAC S. A.</s>
<s id="s269.8">1ère avenue 2065 m – L. I. D F- 06516 Carros Tel:</s>
<s id="s269.9">33 (0) 4 92 08 73 00 Deutschland VIRBAC Tierarzneimittel GmbH West Rögen 20</s>
<s id="s270.1">Luxembourg/ Luxemburg VIRBAC BELGIUM S. A.</s>
<s id="s270.2">Rue de la station 17 B- 1300 WAVRE Tel:</s>
<s id="s270.3">32 (0) 10 47 06 35 Magyarország VIRBAC S. A.</s>
<s id="s270.4">1ère avenue 2065 m – L. I. D F- 06516 Carros Tel:</s>
<s id="s270.5">33 (0) 4 92 08 73 00 Malta VIRBAC S. A.</s>
<s id="s270.6">1ère avenue 2065 m – L. I. D F- 06516 Carros Tel:</s>
<s id="s270.7">33 (0) 4 92 08 73 00 Nederland VIRBAC NEDERLAND BV Hermesweg 15 NL- 3771 ND- Barneveld Tel:</s>
<s id="s270.8">31 (0) 342 427 100 Norge VIRBAC S. A.</s>
<s id="s270.9">1ère avenue 2065 m – L. I. D</s>
<s id="s271.1">D- 23843 Bad Oldesloe Tel:</s>
<s id="s271.2">49 (4531) 805 555 Eesti OÜ ZOOVETVARU Pärnasalu 31 ET - 76505 Saue/ Harjumaa, ESTONIA Tel: + 372 6 709 006 E- mail: margus@ zoovet. ee</s>
<s id="s272.1">F- 06516 Carros Tel:</s>
<s id="s272.2">33 (0) 4 92 08 73 00 Österreich VIRBAC Österreich GmbH Hildebrandgasse 27 A- 1180 Wien Tel:</s>
<s id="s272.3">43 (0) 1 21 834 260</s>
<s id="s273.1">21/ 22 Ελλάδα VIRBAC HELLAS A. E.</s>
<s id="s273.2">23 rd Klm National Road Athens- Lamia</s>
<s id="s274.1">Polska VIRBAC S. A.</s>
<s id="s274.2">1ère avenue 2065 m – L. I. D</s>
<s id="s275.1">145 65 Agios Stefanos Athens - GREECE Tel: +30 210 6219520 E- mail: info@ virbac. gr</s>
<s id="s276.1">F- 06516 Carros Tel:</s>
<s id="s276.2">33 (0) 4 92 08 73 00</s>
<s id="s277.1">España VIRBAC ESPAÑA S. A.</s>
<s id="s277.2">ES- 8950 Esplugues de Llobregat (Barcelona).</s>
<s id="s277.3">Tél.: + 34 93 470 79 40</s>
<s id="s278.1">Portugal VIRBAC DE Portugal LABORATÓRIOS LDA P- 2080 Almeirim Tel:</s>
<s id="s278.2">(351) 243 570 500</s>
<s id="s279.1">France VIRBAC S. A.</s>
<s id="s279.2">1ère avenue 2065 m – L. I. D F- 06516 Carros Tel:</s>
<s id="s279.3">33 (0) 4 92 08 73 00 E- mail: dar@ virbac. fr</s>
<s id="s280.1">România VIRBAC S. A.</s>
<s id="s280.2">1ère avenue 2065 m – L. I. D F- 06516 Carros Tel:</s>
<s id="s280.3">33 (0) 4 92 08 73 00</s>
<s id="s281.1">Ireland C &amp; M Veterinary Distributors Limited IE- Limerick</s>
<s id="s282.1">Slovenija VIRBAC S. A.</s>
<s id="s282.2">1ère avenue 2065 m – L. I. D</s>
<s id="s283.1">Tel:</s>
<s id="s283.2">353 61 314 933</s>
<s id="s284.1">F- 06516 Carros Tel:</s>
<s id="s284.2">33 (0) 4 92 08 73 00</s>
<s id="s285.1">Ísland VIRBAC S. A.</s>
<s id="s285.2">1ère avenue 2065 m – L. I. D F- 06516 Carros Tel:</s>
<s id="s285.3">33 (0) 4 92 08 73 00 Italia VIRBAC SRL Via dei Gracchi 30</s>
<s id="s286.1">Slovenská republika VIRBAC S. A.</s>
<s id="s286.2">1ère avenue 2065 m – L. I. D F- 06516 Carros Tel:</s>
<s id="s286.3">33 (0) 4 92 08 73 00 Suomi/ Finland VIRBAC S. A.</s>
<s id="s286.4">1ère avenue 2065 m – L. I. D</s>
<s id="s287.1">I- 20146 Milano Tel:</s>
<s id="s287.2">39 02 48 53 541 Κύπρος PANCHRIS FEEDS VETERINARY LTD Industrial Area Aradippou, 6302 Larnaca, Cyprus</s>
<s id="s288.1">F- 06516 Carros Tel:</s>
<s id="s288.2">33 (0) 4 92 08 73 00 Sverige VIRBAC S. A.</s>
<s id="s288.3">1ère avenue 2065 m – L. I. D</s>
<s id="s289.1">Tel: +357 24813333 Fax: +357 24813377 E- Mail: markita@ panchris. com</s>
<s id="s290.1">F- 06516 Carros Tel:</s>
<s id="s290.2">33 (0) 4 92 08 73 00</s>
<s id="s291.1">Latvija OÜ ZOOVETVARU Pärnasalu 31 ET - 76505 Saue/ Harjumaa, ESTONIA Tel: + 372 6 709 006 E- mail: margus@ zoovet. ee Lietuva OÜ ZOOVETVARU Pärnasalu 31 ET - 76505 Saue/ Harjumaa, ESTONIA Tel: + 372 6 709 006 E- mail: margus@ zoovet. ee</s>
<s id="s292.1">United Kingdom VIRBAC Ltd UK- Suffolk IP30 9 UP Tel:</s>
<s id="s292.2">44 (0) 1359 243243</s>
<s id="s293.1">22/ 22</s>
</body>
</letsmt>
