<?xml version="1.0" encoding="utf-8"?>
<letsmt version="1.0">
<head></head>
<body>
<s id="s1.1">ANNEX I</s>
<s id="s2.1">LIST OF THE INVENTED NAMES, PHARMACEUTICAL FORMS, STRENGTHS OF THE MEDICINAL PRODUCTS, ROUTE OF ADMINISTRATION AND MARKETING AUTHORISATION HOLDERS IN THE MEMBER STATES</s>
<s id="s3.1">CHMP/ 309507/ 2007</s>
<s id="s4.1">1/ 6</s>
<s id="s5.1">©EMEA 2007</s>
<s id="s6.1">Member State</s>
<s id="s7.1">Marketing Authorisation Holder</s>
<s id="s8.1">Invented name</s>
<s id="s9.1">Strength</s>
<s id="s10.1">Pharmaceutical Form</s>
<s id="s11.1">Route of administration</s>
<s id="s12.1">Sanofi-Synthelabo S. A.</s>
<s id="s12.2">Avenue de la Métrologie 5</s>
<s id="s13.1">Belgium</s>
<s id="s14.1">1130 Bruxelles Belgium</s>
<s id="s15.1">Agreal</s>
<s id="s16.1">100 mg</s>
<s id="s17.1">Capsule, hard</s>
<s id="s18.1">Oral use</s>
<s id="s19.1">Sanofi-Aventis France 1-13 Boulevard Anatole France France</s>
<s id="s20.1">75014 Paris France</s>
<s id="s21.1">Agreal</s>
<s id="s22.1">100 mg</s>
<s id="s23.1">Capsule, hard</s>
<s id="s24.1">Oral use</s>
<s id="s25.1">Sanofi-Synthelabo S. P. A. via Messina, 38</s>
<s id="s26.1">Italy</s>
<s id="s27.1">20154 Milano Italy</s>
<s id="s28.1">Agradil</s>
<s id="s29.1">100 mg</s>
<s id="s30.1">Capsule, hard</s>
<s id="s31.1">Oral use</s>
<s id="s32.1">Sanofi-Synthelabo, Twin Squares, Navona Building, Culliganlaan 1c, Luxembourg</s>
<s id="s33.1">B-1831 Diegem Belgium</s>
<s id="s34.1">Agreal</s>
<s id="s35.1">100 mg</s>
<s id="s36.1">Capsule, hard</s>
<s id="s37.1">Oral use</s>
<s id="s38.1">Sanofi-Synthelabo Produtos Farmacêuticos, S. A.</s>
<s id="s38.2">PRT Empreendimento Lagoas Park - Edifício 7 -</s>
<s id="s39.1">Portugal</s>
<s id="s40.1">2º e 3º Porto Salvo PT - 2740-244 Portugal</s>
<s id="s41.1">Agreal</s>
<s id="s42.1">100 mg</s>
<s id="s43.1">Capsule, hard</s>
<s id="s44.1">Oral use</s>
<s id="s45.1">CHMP/ 309507/ 2007</s>
<s id="s46.1">ANNEX II</s>
<s id="s47.1">2/ 6</s>
<s id="s48.1">©EMEA 2007</s>
<s id="s49.1">SCIENTIFIC CONCLUSIONS AND GROUNDS FOR WITHDRAWAL OF THE MARKETING AUTHORISATION PRESENTED BY THE EMEA</s>
<s id="s50.1">CHMP/ 309507/ 2007 SCIENTIFIC CONCLUSIONS</s>
<s id="s51.1">3/ 6</s>
<s id="s52.1">©EMEA 2007</s>
<s id="s53.1">OVERALL SUMMARY OF THE SCIENTIFIC EVALUATION OF MEDICINAL PRODUCTS CONTAINING VERALIPRIDE (see Annex I)</s>
<s id="s54.1">Veralipride is a benzamide neuroleptic medicine indicated in the treatment of vasomotor symptoms associated with the menopause.</s>
<s id="s54.2">It was first authorised in 1979 and is currently authorised in the EU in Belgium, France, Italy, Luxembourg and Portugal under the names Agreal and Agradil.</s>
<s id="s55.1">Until June 2005, veralipride was authorised in Spain.</s>
<s id="s55.2">Following reports of serious side effects affecting the nervous system, the Spanish National Competent Authority concluded that its benefits did not outweigh its potential risks.</s>
<s id="s55.3">Spain therefore withdrew veralipride’ s marketing authorisation on 27 June 2005.</s>
<s id="s55.4">Regulatory actions were also taken in some other EU Member States where the product is authorised and veralipride’ s product information was restricted with the aim to reduce the risk of patients developing side effects.</s>
<s id="s56.1">Consequently, the European Commission triggered a referral procedure on 7 September 2006 and requested the CHMP to give its opinion on whether the marketing authorisations for products containing veralipride should be maintained, varied, suspended or withdrawn across the European Union following the assessment of these safety risks their impact on the benefit/ risk assessment of veralipride.</s>
<s id="s57.1">Efficacy In this review, the CHMP assessed all of the available information on the safety and efficacy of veralipride.</s>
<s id="s57.2">This included mainly 11 studies involving around 600 women, in which veralipride was compared with placebo, and two studies in around 100 women where it was compared with conjugated oestrogens.</s>
<s id="s57.3">The CHMP also looked at other small studies.</s>
<s id="s58.1">Based on the submitted data, there appears to be an effect for veralipride in the treatment of vasomotor symptoms associated with the menopause.</s>
<s id="s58.2">The benefit could be qualified as limited, however the effect size cannot be accurately quantified due to methodological deficiencies of available studies (e. g. in most cases baseline values were not stated, precluding an adequate assessment of the improvement observed; neither the statistical nor the clinical significance of this effect size could be precisely quantified, as the statistical plan was not clear or was absent; the presentation of the results was poor).</s>
<s id="s58.3">In addition, the duration of the trials was too short to allow for proper assessment of maintenance of efficacy.</s>
<s id="s58.4">Few data are available beyond 3 months, mostly in non comparative studies.</s>
<s id="s59.1">The CHMP concluded that the data submitted showed only limited effect of veralipride in the treatment of vasomotor symptoms associated with the menopause.</s>
<s id="s59.2">In addition, the effect size cannot be accurately quantified due to methodological shortcomings and the duration of the trials was too short to allow for proper assessment of maintenance of efficacy.</s>
<s id="s60.1">Safety The 27-year post-marketing period offers a long period of safety profile surveillance.</s>
<s id="s60.2">Neurological adverse events referred to extrapyramidal symptoms and particularly tardive dyskinesias have been reported with veralipride and represent a real concern due to their potential seriousness and irreversibility.</s>
<s id="s60.3">It has to be noted that tardive dyskinesias are not predictable and can develop even after the treatment has been discontinued.</s>
<s id="s61.1">Psychiatric adverse events mainly referred to depressive and anxiety states have also been reported with veralipride.</s>
<s id="s61.2">Most of them occurred beyond 3 months of treatment.</s>
<s id="s61.3">It should be noted that in the evaluation of the causality assessment of veralipride in the psychiatric events, the role of veralipride is not always clear.</s>
<s id="s62.1">In order to avoid psychiatric AE, extrapyramidal symptoms and tardive dyskinesia, the MAH proposed a maximally allowed duration of 3 months veralipride treatment.</s>
<s id="s62.2">However, cases of tardive</s>
<s id="s63.1">CHMP/ 309507/ 2007</s>
<s id="s64.1">4/ 6</s>
<s id="s65.1">©EMEA 2007</s>
<s id="s66.1">dyskinesia have also been reported within the first 3 months of treatment.</s>
<s id="s66.2">The proposal of close monitoring including neurological examination after each 20 day treatment cycle might reduce these risks, but is a measure of considerable burden to both patient and doctor.</s>
<s id="s67.1">As for the other adverse events related with the blockage of the dopamine receptor, especially hyperprolactinemia is a concern.</s>
<s id="s67.2">Veralipride treatment is contra-indicated in patients with prolactin- dependent tumours such as pituitary gland prolactinoma and breast cancer.</s>
<s id="s67.3">But the effect of hyperprolactinemia in women with history of breast cancer is not elucidated.</s>
<s id="s67.4">The proposed intermittent treatment of 20 days, followed by a 10 day period of non-treatment, may temper this effect on the prolactin level, but it is unknown whether this measure has any effect on the adverse event pattern.</s>
<s id="s68.1">Lastly, QT-prolongation is a class-effect of dopamine-antagonists.</s>
<s id="s68.2">The absence of cases of suggestive QT-prolongation in the database is not sufficient to conclude that this effect does not occur with veralipride.</s>
<s id="s68.3">No studies were performed to evaluate whether veralipride has an effect on QT.</s>
<s id="s69.1">Benefit/ risk In view of the available clinical data the CHMP concluded that the risks associated with the use of veralipride in the treatment of hot flushes associated with the menopause, mainly the neurological reactions (dyskinesia, extrapyramidal disorder, Parkinson syndrome) and psychiatric reactions (depression, anxiety, withdrawal syndrome) outweigh the limited benefits.</s>
<s id="s70.1">Cases of not predictable and potentially irreversible tardive dyskinesia, as well as early extrapyramidal symptoms, depression, anxiety and withdrawal reactions have been reported with veralipride treatment; these risks together with the risk of hyperprolactinemia, and the class effect risk on QT- prolongation are considered a concern.</s>
<s id="s71.1">The CHMP took note of the MAH’ s proposals, some of which had already been introduced in some countries, in an effort to limit these risks like:</s>
<s id="s72.1">-Restriction of the treatment duration to 3 months in combination with monthly examination in an effort to limit the psychiatric and neurological adverse events.</s>
<s id="s72.2">However, tardive dyskinesia may still occur within the first 3 months of treatment.</s>
<s id="s73.1">-Introduction of the contraindications in patients with Parkinson’ s disease, or in combination with other neuroleptics and dopaminergic agonists.</s>
<s id="s74.1">-Introduction of warnings regarding class effects of neuroleptic medicines (neuroleptic malignant syndrome, QT prolongation, tardive dyskinesia) and withdrawal symptoms such as anxiety and depressive syndrome.</s>
<s id="s75.1">-Recommendations of medical breast monitoring and intermittent schedule (20 days followed by a 10- day period of non-treatment) to reduce the risk of hyperprolactinemia, aimed to improve the breast safety (however, it is unknown whether this measure has any effect on the observed adverse event pattern related to hyperprolactinemia like breast enlargement, galactorrhoea and risk for patients with prolactin-dependent tumours such as pituitary gland prolactinoma and breast cancer).</s>
<s id="s76.1">Overall, the restriction to limit the use of veralipride to 3 months in combination with monthly medical neurological examinations and breast monitoring is not considered adequate to limit the risk of all adverse effects reported with veralipride and adequately treat the vasomotor symptoms associated with the menopause.</s>
<s id="s77.1">In addition, some of these side effects can occur not only during treatment, but also after it is stopped and it is also impossible to predict which women may be at risk.</s>
<s id="s78.1">CHMP/ 309507/ 2007</s>
<s id="s79.1">5/ 6</s>
<s id="s80.1">©EMEA 2007</s>
<s id="s81.1">The CHMP therefore concluded on 19 July 2007 that the benefit/ risk balance of veralipride containing medicinal products is not positive under normal conditions of use.</s>
<s id="s81.2">Therefore, the CHMP recommended the withdrawal of all Marketing Authorisations for medicinal products containing veralipride throughout Europe.</s>
<s id="s82.1">GROUNDS FOR THE WITHDRAWAL OF THE MA</s>
<s id="s83.1">Whereas</s>
<s id="s84.1">• The Committee considered the referral made under article 31 of Directive 2001/ 83/ EC, as amended, for medicinal products containing veralipride • The Committee considered that veralipride containing medicinal products only showed limited efficacy in the treatment of hot flushes associated with the menopause; • The Committee considered that neurological reactions (dyskinesia, extrapyramidal disorder, Parkinson syndrome) and psychiatric reactions (depression, anxiety, withdrawal syndrome) have been reported with veralipride, including tardive dyskinesia which may be potentially irreversible.</s>
<s id="s84.2">In addition, hyperprolactinemia and the risk of QT prolongation are also concerns; • The Committee concluded, in view of available data, that the risks associated with the use of veralipride in the treatment of hot flushes associated with the menopause outweigh the limited benefits.</s>
<s id="s84.3">In addition, the Committee considered that the proposed risk minimisation activities were not able to reduce the risks to an acceptable level or predict which women may be at risk; • The Committee, as a consequence, concluded that the benefit/ risk balance of veralipride containing medicinal products is not positive under normal conditions of use.</s>
<s id="s85.1">The CHMP has recommended the withdrawal of the Marketing Authorisations for the medicinal products containing veralipride referred to in Annex I.</s>
<s id="s86.1">CHMP/ 309507/ 2007</s>
<s id="s87.1">6/ 6</s>
<s id="s88.1">©EMEA 2007</s>
</body>
</letsmt>
