<?xml version="1.0" encoding="utf-8"?>
<text>
<head id="1">
<s id="s1.1">
 <w id="w1.1.1">Številka</w> 
 <w id="w1.1.2">EU</w>
</s></head>

<head id="2">
<s id="s2.1">
 <w id="w2.1.1">Izmišljeno</w>   
 <w id="w2.1.2">ime</w>
</s></head>

<head id="3">
<s id="s3.1">
 <w id="w3.1.1">Jakost</w>
</s></head>

<head id="4">
<s id="s4.1">
 <w id="w4.1.1">Farmacevtska</w> 
 <w id="w4.1.2">oblika</w>
</s></head>

<head id="5">
<s id="s5.1">
 <w id="w5.1.1">Pot</w> 
 <w id="w5.1.2">uporabe</w>
</s></head>

<head id="6">
<s id="s6.1">
 <w id="w6.1.1">Ovojnina</w>
</s></head>

<head id="7">
<s id="s7.1">
 <w id="w7.1.1">Vsebina</w>         
 <w id="w7.1.2">(</w>
 <w id="w7.1.3">koncentracija</w>
 <w id="w7.1.4">)</w>
</s></head>

<head id="8">
<s id="s8.1">
 <w id="w8.1.1">Velikost</w> 
 <w id="w8.1.2">pakiranja</w>
</s></head>

<p id="9">
<s id="s9.1">
 <w id="w9.1.1">EU/</w>
 <w id="w9.1.2">1/</w>
 <w id="w9.1.3">06/</w>
 <w id="w9.1.4">343/</w>
 <w id="w9.1.5">001</w>   
 <w id="w9.1.6">EU/</w>
 <w id="w9.1.7">1/</w>
 <w id="w9.1.8">06/</w>
 <w id="w9.1.9">343/</w>
 <w id="w9.1.10">003</w>   
 <w id="w9.1.11">EU/</w>
 <w id="w9.1.12">1/</w>
 <w id="w9.1.13">06/</w>
 <w id="w9.1.14">343/</w>
 <w id="w9.1.15">002</w>   
 <w id="w9.1.16">EU/</w>
 <w id="w9.1.17">1/</w>
 <w id="w9.1.18">06/</w>
 <w id="w9.1.19">343/</w>
 <w id="w9.1.20">004</w>
</s></p>

<p id="10">
<s id="s10.1">
 <w id="w10.1.1">Baraclude</w>    
 <w id="w10.1.2">Baraclude</w>    
 <w id="w10.1.3">Baraclude</w>    
 <w id="w10.1.4">Baraclude</w>
</s></p>

<p id="11">
<s id="s11.1">
 <w id="w11.1.1">0,</w>
 <w id="w11.1.2">5</w> 
 <w id="w11.1.3">mg</w>       
 <w id="w11.1.4">0,</w>
 <w id="w11.1.5">5</w> 
 <w id="w11.1.6">mg</w>       
 <w id="w11.1.7">1</w> 
 <w id="w11.1.8">mg</w>         
 <w id="w11.1.9">1</w> 
 <w id="w11.1.10">mg</w>
</s></p>

<p id="12">
<s id="s12.1">
 <w id="w12.1.1">Filmsko</w> 
 <w id="w12.1.2">obložena</w> 
 <w id="w12.1.3">tableta</w>   
 <w id="w12.1.4">Filmsko</w> 
 <w id="w12.1.5">obložena</w> 
 <w id="w12.1.6">tableta</w>   
 <w id="w12.1.7">Filmsko</w> 
 <w id="w12.1.8">obložena</w> 
 <w id="w12.1.9">tableta</w>   
 <w id="w12.1.10">Filmsko</w> 
 <w id="w12.1.11">obložena</w> 
 <w id="w12.1.12">tableta</w>
</s></p>

<p id="13">
<s id="s13.1">
 <w id="w13.1.1">Peroralna</w> 
 <w id="w13.1.2">uporaba</w>   
 <w id="w13.1.3">Peroralna</w> 
 <w id="w13.1.4">uporaba</w>   
 <w id="w13.1.5">Peroralna</w> 
 <w id="w13.1.6">uporaba</w>   
 <w id="w13.1.7">Peroralna</w> 
 <w id="w13.1.8">uporaba</w>
</s></p>

<p id="14">
<s id="s14.1">
 <w id="w14.1.1">Plastenka</w> 
 <w id="w14.1.2">(</w>
 <w id="w14.1.3">HDPE</w>
 <w id="w14.1.4">)</w>          
 <w id="w14.1.5">Pretisni</w> 
 <w id="w14.1.6">omot</w> 
 <w id="w14.1.7">(</w>
 <w id="w14.1.8">alu/</w>
 <w id="w14.1.9">alu</w>
 <w id="w14.1.10">)</w>   
 <w id="w14.1.11">Plastenka</w> 
 <w id="w14.1.12">(</w>
 <w id="w14.1.13">HDPE</w>
 <w id="w14.1.14">)</w>          
 <w id="w14.1.15">Pretisni</w> 
 <w id="w14.1.16">omot</w> 
 <w id="w14.1.17">(</w>
 <w id="w14.1.18">alu/</w>
 <w id="w14.1.19">alu</w>
 <w id="w14.1.20">)</w>
</s></p>

<p id="15">
<s id="s15.1">
 <w id="w15.1.1">30</w> 
 <w id="w15.1.2">tablet</w> 
 <w id="w15.1.3">30</w> 
 <w id="w15.1.4">x</w> 
 <w id="w15.1.5">1</w> 
 <w id="w15.1.6">tableta</w> 
 <w id="w15.1.7">30</w> 
 <w id="w15.1.8">tablet</w> 
 <w id="w15.1.9">30</w> 
 <w id="w15.1.10">x</w> 
 <w id="w15.1.11">1</w> 
 <w id="w15.1.12">tableta</w>
</s></p>

<p id="16">
<s id="s16.1">
 <w id="w16.1.1">EU/</w>
 <w id="w16.1.2">1/</w>
 <w id="w16.1.3">06/</w>
 <w id="w16.1.4">343/</w>
 <w id="w16.1.5">005</w>   
 <w id="w16.1.6">EU/</w>
 <w id="w16.1.7">1/</w>
 <w id="w16.1.8">06/</w>
 <w id="w16.1.9">343/</w>
 <w id="w16.1.10">006</w>   
 <w id="w16.1.11">EU/</w>
 <w id="w16.1.12">1/</w>
 <w id="w16.1.13">06/</w>
 <w id="w16.1.14">343/</w>
 <w id="w16.1.15">007</w>
</s></p>

<head id="17">
<s id="s17.1">
 <w id="w17.1.1">Baraclude</w>    
 <w id="w17.1.2">Baraclude</w>    
 <w id="w17.1.3">Baraclude</w>
</s></head>

<head id="18">
<s id="s18.1">
 <w id="w18.1.1">0,</w>
 <w id="w18.1.2">05</w> 
 <w id="w18.1.3">mg/</w>
 <w id="w18.1.4">ml</w>   
 <w id="w18.1.5">0,</w>
 <w id="w18.1.6">5</w> 
 <w id="w18.1.7">mg</w>       
 <w id="w18.1.8">1</w> 
 <w id="w18.1.9">mg</w>
</s></head>

<p id="19">
<s id="s19.1">
 <w id="w19.1.1">Peroralna</w> 
 <w id="w19.1.2">raztopina</w>        
 <w id="w19.1.3">Filmsko</w> 
 <w id="w19.1.4">obložena</w> 
 <w id="w19.1.5">tableta</w>   
 <w id="w19.1.6">Filmsko</w> 
 <w id="w19.1.7">obložena</w> 
 <w id="w19.1.8">tableta</w>
</s></p>

<p id="20">
<s id="s20.1">
 <w id="w20.1.1">Peroralna</w> 
 <w id="w20.1.2">uporaba</w>   
 <w id="w20.1.3">Peroralna</w> 
 <w id="w20.1.4">uporaba</w>   
 <w id="w20.1.5">Peroralna</w> 
 <w id="w20.1.6">uporaba</w>
</s></p>

<p id="21">
<s id="s21.1">
 <w id="w21.1.1">Plastenka</w> 
 <w id="w21.1.2">(</w>
 <w id="w21.1.3">HDPE</w>
 <w id="w21.1.4">)</w>          
 <w id="w21.1.5">Pretisni</w> 
 <w id="w21.1.6">omot</w> 
 <w id="w21.1.7">(</w>
 <w id="w21.1.8">alu/</w>
 <w id="w21.1.9">alu</w>
 <w id="w21.1.10">)</w>   
 <w id="w21.1.11">Pretisni</w> 
 <w id="w21.1.12">omot</w> 
 <w id="w21.1.13">(</w>
 <w id="w21.1.14">alu/</w>
 <w id="w21.1.15">alu</w>
 <w id="w21.1.16">)</w>
</s></p>

<head id="22">
<s id="s22.1">
 <w id="w22.1.1">210</w> 
 <w id="w22.1.2">ml</w>
</s></head>

<p id="23">
<s id="s23.1">
 <w id="w23.1.1">1</w> 
 <w id="w23.1.2">plastenka</w> 
 <w id="w23.1.3">+</w> 
 <w id="w23.1.4">merilna</w> 
 <w id="w23.1.5">žlička</w> 
 <w id="w23.1.6">90</w> 
 <w id="w23.1.7">x</w> 
 <w id="w23.1.8">1</w> 
 <w id="w23.1.9">tableta</w> 
 <w id="w23.1.10">90</w> 
 <w id="w23.1.11">x</w> 
 <w id="w23.1.12">1</w> 
 <w id="w23.1.13">tableta</w>
</s></p>

<p id="24">
<s id="s24.1">
 <w id="w24.1.1">1/</w>
 <w id="w24.1.2">1</w>
</s></p></text>
