<?xml version="1.0" encoding="utf-8"?>
<text>
<p id="1">
<s id="s1.1">
 <w id="w1.1.1">European</w> 
 <w id="w1.1.2">Medicines</w> 
 <w id="w1.1.3">Agency</w>
</s></p>

<p id="2">
<s id="s2.1">
 <w id="w2.1.1">EMEA/</w>
 <w id="w2.1.2">H/</w>
 <w id="w2.1.3">C/</w>
 <w id="w2.1.4">471</w>
</s></p>

<p id="3">
<s id="s3.1">
 <w id="w3.1.1">EVROPSKO</w> 
 <w id="w3.1.2">JAVNO</w> 
 <w id="w3.1.3">POROČILO</w> 
 <w id="w3.1.4">O</w> 
 <w id="w3.1.5">OCENI</w> 
 <w id="w3.1.6">ZDRAVILA</w> 
 <w id="w3.1.7">(</w>
 <w id="w3.1.8">EPAR</w>
 <w id="w3.1.9">)</w>
</s></p>

<p id="4">
<s id="s4.1">
 <w id="w4.1.1">ABILIFY</w>
</s></p>

<p id="5">
<s id="s5.1">
 <w id="w5.1.1">Povzetek</w> 
 <w id="w5.1.2">EPAR</w> 
 <w id="w5.1.3">za</w> 
 <w id="w5.1.4">javnost</w>
</s></p>

<p id="6">
<s id="s6.1">
 <w id="w6.1.1">Ta</w> 
 <w id="w6.1.2">dokument</w> 
 <w id="w6.1.3">je</w> 
 <w id="w6.1.4">povzetek</w> 
 <w id="w6.1.5">evropskega</w> 
 <w id="w6.1.6">javnega</w> 
 <w id="w6.1.7">poročila</w> 
 <w id="w6.1.8">o</w> 
 <w id="w6.1.9">oceni</w> 
 <w id="w6.1.10">zdravila</w> 
 <w id="w6.1.11">(</w>
 <w id="w6.1.12">EPAR</w>
 <w id="w6.1.13">)</w>
 <w id="w6.1.14">.</w>
</s> 
 
<s id="s6.2">
 <w id="w6.2.1">Pojasnjuje</w>
 <w id="w6.2.2">,</w> 
 <w id="w6.2.3">kako</w> 
 <w id="w6.2.4">je</w> 
 <w id="w6.2.5">Odbor</w> 
 <w id="w6.2.6">za</w> 
 <w id="w6.2.7">zdravila</w> 
 <w id="w6.2.8">za</w> 
 <w id="w6.2.9">uporabo</w> 
 <w id="w6.2.10">v</w> 
 <w id="w6.2.11">humani</w> 
 <w id="w6.2.12">medicini</w> 
 <w id="w6.2.13">(</w>
 <w id="w6.2.14">CHMP</w>
 <w id="w6.2.15">)</w> 
 <w id="w6.2.16">ocenil</w> 
 <w id="w6.2.17">opravljene</w> 
 <w id="w6.2.18">študije</w>
 <w id="w6.2.19">,</w> 
 <w id="w6.2.20">na</w> 
 <w id="w6.2.21">podlagi</w> 
 <w id="w6.2.22">katerih</w> 
 <w id="w6.2.23">je</w> 
 <w id="w6.2.24">oblikoval</w> 
 <w id="w6.2.25">priporočila</w> 
 <w id="w6.2.26">glede</w> 
 <w id="w6.2.27">uporabe</w> 
 <w id="w6.2.28">zdravila</w>
 <w id="w6.2.29">.</w>
</s> 
 
<s id="s6.3">
 <w id="w6.3.1">Če</w> 
 <w id="w6.3.2">potrebujete</w> 
 <w id="w6.3.3">več</w> 
 <w id="w6.3.4">informacij</w> 
 <w id="w6.3.5">o</w> 
 <w id="w6.3.6">svojem</w> 
 <w id="w6.3.7">zdravstvenem</w> 
 <w id="w6.3.8">stanju</w> 
 <w id="w6.3.9">ali</w> 
 <w id="w6.3.10">zdravljenju</w>
 <w id="w6.3.11">,</w> 
 <w id="w6.3.12">preberite</w> 
 <w id="w6.3.13">navodilo</w> 
 <w id="w6.3.14">za</w> 
 <w id="w6.3.15">uporabo</w> 
 <w id="w6.3.16">(</w>
 <w id="w6.3.17">ki</w> 
 <w id="w6.3.18">je</w> 
 <w id="w6.3.19">prav</w> 
 <w id="w6.3.20">tako</w> 
 <w id="w6.3.21">del</w> 
 <w id="w6.3.22">EPAR</w>
 <w id="w6.3.23">)</w> 
 <w id="w6.3.24">ali</w> 
 <w id="w6.3.25">se</w> 
 <w id="w6.3.26">posvetujte</w> 
 <w id="w6.3.27">s</w> 
 <w id="w6.3.28">svojim</w> 
 <w id="w6.3.29">zdravnikom</w> 
 <w id="w6.3.30">ali</w> 
 <w id="w6.3.31">farmacevtom</w>
 <w id="w6.3.32">.</w>
</s> 
 
<s id="s6.4">
 <w id="w6.4.1">Če</w> 
 <w id="w6.4.2">želite</w> 
 <w id="w6.4.3">več</w> 
 <w id="w6.4.4">informacij</w>
 <w id="w6.4.5">,</w> 
 <w id="w6.4.6">ki</w> 
 <w id="w6.4.7">temeljijo</w> 
 <w id="w6.4.8">na</w> 
 <w id="w6.4.9">priporočilih</w> 
 <w id="w6.4.10">CHMP</w>
 <w id="w6.4.11">,</w> 
 <w id="w6.4.12">preberite</w> 
 <w id="w6.4.13">znanstveno</w> 
 <w id="w6.4.14">razpravo</w> 
 <w id="w6.4.15">(</w>
 <w id="w6.4.16">ki</w> 
 <w id="w6.4.17">je</w> 
 <w id="w6.4.18">prav</w> 
 <w id="w6.4.19">tako</w> 
 <w id="w6.4.20">del</w> 
 <w id="w6.4.21">EPAR</w>
 <w id="w6.4.22">)</w>
 <w id="w6.4.23">.</w>
</s></p>

<p id="7">
<s id="s7.1">
 <w id="w7.1.1">Kaj</w> 
 <w id="w7.1.2">je</w> 
 <w id="w7.1.3">zdravilo</w> 
 <w id="w7.1.4">Abilify</w>
 <w id="w7.1.5">?</w>
</s> 
 
<s id="s7.2">
 <w id="w7.2.1">Abilify</w> 
 <w id="w7.2.2">je</w> 
 <w id="w7.2.3">zdravilo</w>
 <w id="w7.2.4">,</w> 
 <w id="w7.2.5">ki</w> 
 <w id="w7.2.6">vsebuje</w> 
 <w id="w7.2.7">zdravilno</w> 
 <w id="w7.2.8">učinkovino</w> 
 <w id="w7.2.9">aripiprazol</w>
 <w id="w7.2.10">.</w>
</s> 
 
<s id="s7.3">
 <w id="w7.3.1">Na</w> 
 <w id="w7.3.2">voljo</w> 
 <w id="w7.3.3">je</w> 
 <w id="w7.3.4">v</w> 
 <w id="w7.3.5">obliki</w> 
 <w id="w7.3.6">5</w> 
 <w id="w7.3.7">mg</w>
 <w id="w7.3.8">,</w> 
 <w id="w7.3.9">10</w> 
 <w id="w7.3.10">mg</w>
 <w id="w7.3.11">,</w> 
 <w id="w7.3.12">15</w> 
 <w id="w7.3.13">mg</w> 
 <w id="w7.3.14">in</w> 
 <w id="w7.3.15">30</w> 
 <w id="w7.3.16">mg</w> 
 <w id="w7.3.17">tablet</w>
 <w id="w7.3.18">;</w> 
 <w id="w7.3.19">v</w> 
 <w id="w7.3.20">obliki</w> 
 <w id="w7.3.21">10</w> 
 <w id="w7.3.22">mg</w>
 <w id="w7.3.23">,</w> 
 <w id="w7.3.24">15</w> 
 <w id="w7.3.25">mg</w> 
 <w id="w7.3.26">in</w> 
 <w id="w7.3.27">30</w> 
 <w id="w7.3.28">mg</w> 
 <w id="w7.3.29">orodisperzibilnih</w> 
 <w id="w7.3.30">tablet</w> 
 <w id="w7.3.31">(</w>
 <w id="w7.3.32">tablet</w>
 <w id="w7.3.33">,</w> 
 <w id="w7.3.34">ki</w> 
 <w id="w7.3.35">se</w> 
 <w id="w7.3.36">raztopijo</w> 
 <w id="w7.3.37">v</w> 
 <w id="w7.3.38">ustih</w>
 <w id="w7.3.39">)</w> 
 <w id="w7.3.40">ter</w> 
 <w id="w7.3.41">v</w> 
 <w id="w7.3.42">obliki</w> 
 <w id="w7.3.43">peroralne</w> 
 <w id="w7.3.44">raztopine</w> 
 <w id="w7.3.45">(</w>
 <w id="w7.3.46">1</w> 
 <w id="w7.3.47">mg/</w>
 <w id="w7.3.48">ml</w>
 <w id="w7.3.49">)</w> 
 <w id="w7.3.50">in</w> 
 <w id="w7.3.51">raztopine</w> 
 <w id="w7.3.52">za</w> 
 <w id="w7.3.53">injiciranje</w> 
 <w id="w7.3.54">(</w>
 <w id="w7.3.55">7,</w>
 <w id="w7.3.56">5</w> 
 <w id="w7.3.57">mg/</w>
 <w id="w7.3.58">ml</w>
 <w id="w7.3.59">)</w>
 <w id="w7.3.60">.</w>
</s></p>

<p id="8">
<s id="s8.1">
 <w id="w8.1.1">Za</w> 
 <w id="w8.1.2">kaj</w> 
 <w id="w8.1.3">se</w> 
 <w id="w8.1.4">zdravilo</w> 
 <w id="w8.1.5">Abilify</w> 
 <w id="w8.1.6">uporablja</w>
 <w id="w8.1.7">?</w>
</s> 
 
<s id="s8.2">
 <w id="w8.2.1">Zdravilo</w> 
 <w id="w8.2.2">Abilify</w> 
 <w id="w8.2.3">se</w> 
 <w id="w8.2.4">uporablja</w> 
 <w id="w8.2.5">za</w> 
 <w id="w8.2.6">zdravljenje</w> 
 <w id="w8.2.7">odraslih</w> 
 <w id="w8.2.8">bolnikov</w> 
 <w id="w8.2.9">z</w> 
 <w id="w8.2.10">naslednjimi</w> 
 <w id="w8.2.11">duševnimi</w> 
 <w id="w8.2.12">boleznimi</w>
 <w id="w8.2.13">:</w> 
 <w id="w8.2.14">•</w> 
 <w id="w8.2.15">shizofrenijo</w>
 <w id="w8.2.16">,</w> 
 <w id="w8.2.17">duševno</w> 
 <w id="w8.2.18">boleznijo</w> 
 <w id="w8.2.19">s</w> 
 <w id="w8.2.20">številnimi</w> 
 <w id="w8.2.21">simptomi</w>
 <w id="w8.2.22">,</w> 
 <w id="w8.2.23">ki</w> 
 <w id="w8.2.24">vključujejo</w> 
 <w id="w8.2.25">nepovezano</w> 
 <w id="w8.2.26">razmišljanje</w> 
 <w id="w8.2.27">in</w>    
 <w id="w8.2.28">govor</w>
 <w id="w8.2.29">,</w> 
 <w id="w8.2.30">halucinacije</w> 
 <w id="w8.2.31">(</w>
 <w id="w8.2.32">bolnik</w> 
 <w id="w8.2.33">sliši</w> 
 <w id="w8.2.34">ali</w> 
 <w id="w8.2.35">vidi</w> 
 <w id="w8.2.36">stvari</w>
 <w id="w8.2.37">,</w> 
 <w id="w8.2.38">ki</w> 
 <w id="w8.2.39">jih</w> 
 <w id="w8.2.40">ni</w>
 <w id="w8.2.41">)</w>
 <w id="w8.2.42">,</w> 
 <w id="w8.2.43">sumničavost</w> 
 <w id="w8.2.44">ter</w> 
 <w id="w8.2.45">blodnje</w> 
 <w id="w8.2.46">(</w>
 <w id="w8.2.47">zmotna</w>    
 <w id="w8.2.48">prepričanja</w>
 <w id="w8.2.49">)</w>
 <w id="w8.2.50">;</w> 
 <w id="w8.2.51">•</w> 
 <w id="w8.2.52">bipolarno</w> 
 <w id="w8.2.53">I</w> 
 <w id="w8.2.54">motnjo</w>
 <w id="w8.2.55">,</w> 
 <w id="w8.2.56">duševno</w> 
 <w id="w8.2.57">boleznijo</w>
 <w id="w8.2.58">,</w> 
 <w id="w8.2.59">pri</w> 
 <w id="w8.2.60">kateri</w> 
 <w id="w8.2.61">bolniki</w> 
 <w id="w8.2.62">doživljajo</w> 
 <w id="w8.2.63">manične</w> 
 <w id="w8.2.64">epizode</w> 
 <w id="w8.2.65">(</w>
 <w id="w8.2.66">obdobja</w>    
 <w id="w8.2.67">nenormalno</w> 
 <w id="w8.2.68">privzdignjenega</w> 
 <w id="w8.2.69">razpoloženja</w>
 <w id="w8.2.70">)</w>
 <w id="w8.2.71">,</w> 
 <w id="w8.2.72">ki</w> 
 <w id="w8.2.73">se</w> 
 <w id="w8.2.74">izmenjujejo</w> 
 <w id="w8.2.75">z</w> 
 <w id="w8.2.76">obdobji</w> 
 <w id="w8.2.77">normalnega</w> 
 <w id="w8.2.78">razpoloženja</w>
 <w id="w8.2.79">.</w>
</s>    
 
<s id="s8.3">
 <w id="w8.3.1">Doživljajo</w> 
 <w id="w8.3.2">lahko</w> 
 <w id="w8.3.3">tudi</w> 
 <w id="w8.3.4">obdobja</w> 
 <w id="w8.3.5">depresije</w>
 <w id="w8.3.6">.</w>
</s> 
 
<s id="s8.4">
 <w id="w8.4.1">Zdravilo</w> 
 <w id="w8.4.2">Abilify</w> 
 <w id="w8.4.3">se</w> 
 <w id="w8.4.4">uporablja</w> 
 <w id="w8.4.5">za</w> 
 <w id="w8.4.6">zdravljenje</w> 
 <w id="w8.4.7">zmernih</w> 
 <w id="w8.4.8">do</w>    
 <w id="w8.4.9">hudih</w> 
 <w id="w8.4.10">maničnih</w> 
 <w id="w8.4.11">epizod</w> 
 <w id="w8.4.12">in</w> 
 <w id="w8.4.13">preprečevanje</w> 
 <w id="w8.4.14">maničnih</w> 
 <w id="w8.4.15">epizod</w> 
 <w id="w8.4.16">pri</w> 
 <w id="w8.4.17">bolnikih</w>
 <w id="w8.4.18">,</w> 
 <w id="w8.4.19">ki</w> 
 <w id="w8.4.20">so</w> 
 <w id="w8.4.21">v</w> 
 <w id="w8.4.22">preteklosti</w> 
 <w id="w8.4.23">bili</w>    
 <w id="w8.4.24">odzivni</w> 
 <w id="w8.4.25">na</w> 
 <w id="w8.4.26">to</w> 
 <w id="w8.4.27">zdravilo</w>
 <w id="w8.4.28">.</w>
</s> 
 
<s id="s8.5">
 <w id="w8.5.1">Raztopina</w> 
 <w id="w8.5.2">za</w> 
 <w id="w8.5.3">injiciranje</w> 
 <w id="w8.5.4">se</w> 
 <w id="w8.5.5">uporablja</w> 
 <w id="w8.5.6">za</w> 
 <w id="w8.5.7">hitro</w> 
 <w id="w8.5.8">vzpostavitev</w> 
 <w id="w8.5.9">nadzora</w> 
 <w id="w8.5.10">nad</w> 
 <w id="w8.5.11">agitacijo</w> 
 <w id="w8.5.12">ali</w> 
 <w id="w8.5.13">vedenjskimi</w> 
 <w id="w8.5.14">motnjami</w>
 <w id="w8.5.15">,</w> 
 <w id="w8.5.16">kadar</w> 
 <w id="w8.5.17">zaužitje</w> 
 <w id="w8.5.18">peroralnih</w> 
 <w id="w8.5.19">oblik</w> 
 <w id="w8.5.20">zdravila</w> 
 <w id="w8.5.21">ni</w> 
 <w id="w8.5.22">primerno</w>
 <w id="w8.5.23">.</w>
</s> 
 
<s id="s8.6">
 <w id="w8.6.1">Zdravilo</w> 
 <w id="w8.6.2">se</w> 
 <w id="w8.6.3">dobi</w> 
 <w id="w8.6.4">samo</w> 
 <w id="w8.6.5">na</w> 
 <w id="w8.6.6">recept</w>
 <w id="w8.6.7">.</w>
</s></p>

<p id="9">
<s id="s9.1">
 <w id="w9.1.1">Kako</w> 
 <w id="w9.1.2">se</w> 
 <w id="w9.1.3">zdravilo</w> 
 <w id="w9.1.4">Abilify</w> 
 <w id="w9.1.5">uporablja</w>
 <w id="w9.1.6">?</w>
</s> 
 
<s id="s9.2">
 <w id="w9.2.1">Priporočeni</w> 
 <w id="w9.2.2">začetni</w> 
 <w id="w9.2.3">odmerek</w> 
 <w id="w9.2.4">zdravila</w> 
 <w id="w9.2.5">Abilify</w> 
 <w id="w9.2.6">pri</w> 
 <w id="w9.2.7">peroralni</w> 
 <w id="w9.2.8">uporabi</w> 
 <w id="w9.2.9">znaša</w> 
 <w id="w9.2.10">10</w> 
 <w id="w9.2.11">ali</w> 
 <w id="w9.2.12">15</w> 
 <w id="w9.2.13">mg</w> 
 <w id="w9.2.14">na</w> 
 <w id="w9.2.15">dan</w>
 <w id="w9.2.16">.</w>
</s> 
 
<s id="s9.3">
 <w id="w9.3.1">Vzdrževalni</w> 
 <w id="w9.3.2">odmerek</w> 
 <w id="w9.3.3">znaša</w> 
 <w id="w9.3.4">15</w> 
 <w id="w9.3.5">mg</w> 
 <w id="w9.3.6">enkrat</w> 
 <w id="w9.3.7">dnevno</w>
 <w id="w9.3.8">,</w> 
 <w id="w9.3.9">nekateri</w> 
 <w id="w9.3.10">bolniki</w> 
 <w id="w9.3.11">pa</w> 
 <w id="w9.3.12">bodo</w> 
 <w id="w9.3.13">morda</w> 
 <w id="w9.3.14">potrebovali</w> 
 <w id="w9.3.15">večji</w> 
 <w id="w9.3.16">odmerek</w>
 <w id="w9.3.17">.</w>
</s> 
 
<s id="s9.4">
 <w id="w9.4.1">Pri</w> 
 <w id="w9.4.2">bipolarni</w> 
 <w id="w9.4.3">motnji</w> 
 <w id="w9.4.4">je</w> 
 <w id="w9.4.5">priporočeni</w> 
 <w id="w9.4.6">začetni</w> 
 <w id="w9.4.7">odmerek</w> 
 <w id="w9.4.8">15</w> 
 <w id="w9.4.9">mg</w> 
 <w id="w9.4.10">zdravila</w> 
 <w id="w9.4.11">dnevno</w>
 <w id="w9.4.12">,</w> 
 <w id="w9.4.13">ki</w> 
 <w id="w9.4.14">se</w> 
 <w id="w9.4.15">ga</w> 
 <w id="w9.4.16">zaužije</w> 
 <w id="w9.4.17">peroralno</w> 
 <w id="w9.4.18">bodisi</w> 
 <w id="w9.4.19">samostojno</w> 
 <w id="w9.4.20">ali</w> 
 <w id="w9.4.21">v</w> 
 <w id="w9.4.22">kombinaciji</w> 
 <w id="w9.4.23">z</w> 
 <w id="w9.4.24">drugimi</w> 
 <w id="w9.4.25">zdravili</w>
 <w id="w9.4.26">.</w>
</s> 
 
<s id="s9.5">
 <w id="w9.5.1">Nekateri</w> 
 <w id="w9.5.2">bolniki</w> 
 <w id="w9.5.3">bodo</w> 
 <w id="w9.5.4">morda</w> 
 <w id="w9.5.5">potrebovali</w> 
 <w id="w9.5.6">večji</w> 
 <w id="w9.5.7">odmerek</w>
 <w id="w9.5.8">.</w>
</s> 
 
<s id="s9.6">
 <w id="w9.6.1">Za</w> 
 <w id="w9.6.2">preprečitev</w> 
 <w id="w9.6.3">maničnih</w> 
 <w id="w9.6.4">epizod</w> 
 <w id="w9.6.5">je</w> 
 <w id="w9.6.6">zdravljenje</w> 
 <w id="w9.6.7">treba</w> 
 <w id="w9.6.8">nadaljevati</w> 
 <w id="w9.6.9">z</w> 
 <w id="w9.6.10">enakim</w> 
 <w id="w9.6.11">odmerkom</w>
 <w id="w9.6.12">.</w>
</s> 
 
<s id="s9.7">
 <w id="w9.7.1">Pri</w> 
 <w id="w9.7.2">obeh</w> 
 <w id="w9.7.3">boleznih</w> 
 <w id="w9.7.4">se</w> 
 <w id="w9.7.5">lahko</w> 
 <w id="w9.7.6">pri</w> 
 <w id="w9.7.7">bolnikih</w>
 <w id="w9.7.8">,</w> 
 <w id="w9.7.9">ki</w> 
 <w id="w9.7.10">težko</w> 
 <w id="w9.7.11">pogoltnejo</w> 
 <w id="w9.7.12">tableto</w>
 <w id="w9.7.13">,</w> 
 <w id="w9.7.14">uporabi</w> 
 <w id="w9.7.15">peroralna</w> 
 <w id="w9.7.16">raztopina</w> 
 <w id="w9.7.17">ali</w> 
 <w id="w9.7.18">orodisperzibilne</w> 
 <w id="w9.7.19">tablete</w>
 <w id="w9.7.20">.</w>
</s> 
 
<s id="s9.8">
 <w id="w9.8.1">Orodisperzibilno</w> 
 <w id="w9.8.2">tableto</w> 
 <w id="w9.8.3">zaužijemo</w> 
 <w id="w9.8.4">tako</w>
 <w id="w9.8.5">,</w> 
 <w id="w9.8.6">da</w> 
 <w id="w9.8.7">jo</w> 
 <w id="w9.8.8">položimo</w> 
 <w id="w9.8.9">na</w> 
 <w id="w9.8.10">jezik</w>
 <w id="w9.8.11">,</w> 
 <w id="w9.8.12">kjer</w> 
 <w id="w9.8.13">jo</w> 
 <w id="w9.8.14">slina</w> 
 <w id="w9.8.15">hitro</w> 
 <w id="w9.8.16">razkroji</w>
 <w id="w9.8.17">,</w> 
 <w id="w9.8.18">ali</w> 
 <w id="w9.8.19">pa</w> 
 <w id="w9.8.20">jo</w> 
 <w id="w9.8.21">pred</w> 
 <w id="w9.8.22">zaužitjem</w> 
 <w id="w9.8.23">raztopimo</w> 
 <w id="w9.8.24">v</w> 
 <w id="w9.8.25">vodi</w>
 <w id="w9.8.26">.</w>
</s> 
 
<s id="s9.9">
 <w id="w9.9.1">Raztopina</w> 
 <w id="w9.9.2">za</w> 
 <w id="w9.9.3">injiciranje</w> 
 <w id="w9.9.4">je</w> 
 <w id="w9.9.5">namenjena</w> 
 <w id="w9.9.6">le</w> 
 <w id="w9.9.7">kratkotrajni</w> 
 <w id="w9.9.8">uporabi</w> 
 <w id="w9.9.9">in</w> 
 <w id="w9.9.10">jo</w> 
 <w id="w9.9.11">je</w> 
 <w id="w9.9.12">treba</w> 
 <w id="w9.9.13">čim</w> 
 <w id="w9.9.14">prej</w> 
 <w id="w9.9.15">nadomestiti</w> 
 <w id="w9.9.16">z</w> 
 <w id="w9.9.17">jemanjem</w> 
 <w id="w9.9.18">tablet</w>
 <w id="w9.9.19">,</w> 
 <w id="w9.9.20">orodisperzibilnih</w> 
 <w id="w9.9.21">tablet</w> 
 <w id="w9.9.22">ali</w> 
 <w id="w9.9.23">peroralne</w> 
 <w id="w9.9.24">raztopine</w>
 <w id="w9.9.25">:</w> 
 <w id="w9.9.26">običajni</w> 
 <w id="w9.9.27">odmerek</w> 
 <w id="w9.9.28">je</w> 
 <w id="w9.9.29">9,</w>
 <w id="w9.9.30">75</w> 
 <w id="w9.9.31">mg</w> 
 <w id="w9.9.32">na</w> 
 <w id="w9.9.33">eno</w> 
 <w id="w9.9.34">injiciranje</w> 
 <w id="w9.9.35">v</w> 
 <w id="w9.9.36">nadlaket</w> 
 <w id="w9.9.37">ali</w> 
 <w id="w9.9.38">zadnjico</w>
 <w id="w9.9.39">,</w> 
 <w id="w9.9.40">učinkoviti</w>
</s></p>

<p id="10">
<s id="s10.1">
 <w id="w10.1.1">7</w> 
 <w id="w10.1.2">Westferry</w> 
 <w id="w10.1.3">Circus</w>
 <w id="w10.1.4">,</w> 
 <w id="w10.1.5">Canary</w> 
 <w id="w10.1.6">Wharf</w>
 <w id="w10.1.7">,</w> 
 <w id="w10.1.8">London</w>
 <w id="w10.1.9">,</w> 
 <w id="w10.1.10">E14</w> 
 <w id="w10.1.11">4HB</w>
 <w id="w10.1.12">,</w> 
 <w id="w10.1.13">UK</w>                                   
 <w id="w10.1.14">Tel</w>
 <w id="w10.1.15">.</w>
</s> 
 
<s id="s10.2">
 <w id="w10.2.1">(</w>
 <w id="w10.2.2">44-</w>
 <w id="w10.2.3">20</w>
 <w id="w10.2.4">)</w> 
 <w id="w10.2.5">74</w> 
 <w id="w10.2.6">18</w> 
 <w id="w10.2.7">84</w> 
 <w id="w10.2.8">00</w> 
 <w id="w10.2.9">Fax</w> 
 <w id="w10.2.10">(</w>
 <w id="w10.2.11">44-</w>
 <w id="w10.2.12">20</w>
 <w id="w10.2.13">)</w> 
 <w id="w10.2.14">74</w> 
 <w id="w10.2.15">18</w> 
 <w id="w10.2.16">84</w> 
 <w id="w10.2.17">16</w>                              
 <w id="w10.2.18">E-</w>
 <w id="w10.2.19">mail</w>
 <w id="w10.2.20">:</w> 
 <w id="w10.2.21">mail@</w>
 <w id="w10.2.22">emea.</w>
 <w id="w10.2.23">europa.</w>
 <w id="w10.2.24">eu</w> 
 <w id="w10.2.25">http</w>
 <w id="w10.2.26">:</w>
 <w id="w10.2.27">//</w>
 <w id="w10.2.28">www.</w>
 <w id="w10.2.29">emea.</w>
 <w id="w10.2.30">europa.</w>
 <w id="w10.2.31">eu</w>
</s></p>

<p id="11">
<s id="s11.1">
 <w id="w11.1.1">©</w> 
 <w id="w11.1.2">European</w> 
 <w id="w11.1.3">Medicines</w> 
 <w id="w11.1.4">Agency</w>
 <w id="w11.1.5">,</w> 
 <w id="w11.1.6">2008</w>
 <w id="w11.1.7">.</w>
</s> 
 
<s id="s11.2">
 <w id="w11.2.1">Reproduction</w> 
 <w id="w11.2.2">is</w> 
 <w id="w11.2.3">authorised</w> 
 <w id="w11.2.4">provided</w> 
 <w id="w11.2.5">the</w> 
 <w id="w11.2.6">source</w> 
 <w id="w11.2.7">is</w> 
 <w id="w11.2.8">acknowledged</w>
 <w id="w11.2.9">.</w> 
 <w id="w11.2.10">odmerek</w> 
 <w id="w11.2.11">pa</w> 
 <w id="w11.2.12">znaša</w> 
 <w id="w11.2.13">od</w> 
 <w id="w11.2.14">5,</w>
 <w id="w11.2.15">25</w> 
 <w id="w11.2.16">do</w> 
 <w id="w11.2.17">15</w> 
 <w id="w11.2.18">mg</w>
 <w id="w11.2.19">.</w>
</s> 
 
<s id="s11.3">
 <w id="w11.3.1">Če</w> 
 <w id="w11.3.2">je</w> 
 <w id="w11.3.3">potrebna</w> 
 <w id="w11.3.4">še</w> 
 <w id="w11.3.5">druga</w> 
 <w id="w11.3.6">injekcija</w>
 <w id="w11.3.7">,</w> 
 <w id="w11.3.8">se</w> 
 <w id="w11.3.9">lahko</w> 
 <w id="w11.3.10">ta</w> 
 <w id="w11.3.11">vbrizga</w> 
 <w id="w11.3.12">po</w> 
 <w id="w11.3.13">dveh</w> 
 <w id="w11.3.14">urah</w> 
 <w id="w11.3.15">po</w> 
 <w id="w11.3.16">prvi</w> 
 <w id="w11.3.17">injekciji</w>
 <w id="w11.3.18">,</w> 
 <w id="w11.3.19">vendar</w> 
 <w id="w11.3.20">pa</w> 
 <w id="w11.3.21">v</w> 
 <w id="w11.3.22">24-</w>
 <w id="w11.3.23">urnem</w> 
 <w id="w11.3.24">obdobju</w> 
 <w id="w11.3.25">ne</w> 
 <w id="w11.3.26">smemo</w> 
 <w id="w11.3.27">dati</w> 
 <w id="w11.3.28">več</w> 
 <w id="w11.3.29">kot</w> 
 <w id="w11.3.30">treh</w> 
 <w id="w11.3.31">injekcij</w>
 <w id="w11.3.32">.</w>
</s> 
 
<s id="s11.4">
 <w id="w11.4.1">Zdravilo</w> 
 <w id="w11.4.2">Abilify</w> 
 <w id="w11.4.3">se</w> 
 <w id="w11.4.4">jemlje</w> 
 <w id="w11.4.5">s</w> 
 <w id="w11.4.6">hrano</w> 
 <w id="w11.4.7">ali</w> 
 <w id="w11.4.8">brez</w> 
 <w id="w11.4.9">nje</w>
 <w id="w11.4.10">.</w>
</s> 
 
<s id="s11.5">
 <w id="w11.5.1">Dnevni</w> 
 <w id="w11.5.2">odmerek</w> 
 <w id="w11.5.3">zdravila</w> 
 <w id="w11.5.4">Abilify</w> 
 <w id="w11.5.5">ne</w> 
 <w id="w11.5.6">sme</w> 
 <w id="w11.5.7">preseči</w> 
 <w id="w11.5.8">30</w> 
 <w id="w11.5.9">mg</w>
 <w id="w11.5.10">.</w>
</s> 
 
<s id="s11.6">
 <w id="w11.6.1">Ta</w> 
 <w id="w11.6.2">odmerek</w> 
 <w id="w11.6.3">je</w> 
 <w id="w11.6.4">treba</w> 
 <w id="w11.6.5">uporabljati</w> 
 <w id="w11.6.6">previdno</w> 
 <w id="w11.6.7">pri</w> 
 <w id="w11.6.8">bolnikih</w> 
 <w id="w11.6.9">s</w> 
 <w id="w11.6.10">hudimi</w> 
 <w id="w11.6.11">težavami</w> 
 <w id="w11.6.12">z</w> 
 <w id="w11.6.13">jetri</w>
 <w id="w11.6.14">.</w>
</s> 
 
<s id="s11.7">
 <w id="w11.7.1">Odmerek</w> 
 <w id="w11.7.2">zdravila</w> 
 <w id="w11.7.3">Abilify</w> 
 <w id="w11.7.4">je</w> 
 <w id="w11.7.5">treba</w> 
 <w id="w11.7.6">prilagoditi</w> 
 <w id="w11.7.7">pri</w> 
 <w id="w11.7.8">bolnikih</w>
 <w id="w11.7.9">,</w> 
 <w id="w11.7.10">ki</w> 
 <w id="w11.7.11">jemljejo</w> 
 <w id="w11.7.12">druga</w> 
 <w id="w11.7.13">zdravila</w>
 <w id="w11.7.14">,</w> 
 <w id="w11.7.15">ki</w> 
 <w id="w11.7.16">se</w> 
 <w id="w11.7.17">presnavljajo</w> 
 <w id="w11.7.18">na</w> 
 <w id="w11.7.19">enak</w> 
 <w id="w11.7.20">način</w> 
 <w id="w11.7.21">kot</w> 
 <w id="w11.7.22">zdravilo</w> 
 <w id="w11.7.23">Abilify</w>
 <w id="w11.7.24">.</w>
</s> 
 
<s id="s11.8">
 <w id="w11.8.1">Zdravila</w> 
 <w id="w11.8.2">Abilify</w> 
 <w id="w11.8.3">niso</w> 
 <w id="w11.8.4">preučevali</w> 
 <w id="w11.8.5">pri</w> 
 <w id="w11.8.6">otrocih</w>
 <w id="w11.8.7">,</w> 
 <w id="w11.8.8">starih</w> 
 <w id="w11.8.9">pod</w> 
 <w id="w11.8.10">18</w> 
 <w id="w11.8.11">let</w>
 <w id="w11.8.12">,</w> 
 <w id="w11.8.13">ali</w> 
 <w id="w11.8.14">odraslih</w>
 <w id="w11.8.15">,</w> 
 <w id="w11.8.16">starih</w> 
 <w id="w11.8.17">nad</w> 
 <w id="w11.8.18">65</w> 
 <w id="w11.8.19">let</w>
 <w id="w11.8.20">.</w>
</s> 
 
<s id="s11.9">
 <w id="w11.9.1">Za</w> 
 <w id="w11.9.2">več</w> 
 <w id="w11.9.3">informacij</w> 
 <w id="w11.9.4">glejte</w> 
 <w id="w11.9.5">navodilo</w> 
 <w id="w11.9.6">za</w> 
 <w id="w11.9.7">uporabo</w>
 <w id="w11.9.8">.</w>
</s></p>

<p id="12">
<s id="s12.1">
 <w id="w12.1.1">Kako</w> 
 <w id="w12.1.2">zdravilo</w> 
 <w id="w12.1.3">Abilify</w> 
 <w id="w12.1.4">deluje</w>
 <w id="w12.1.5">?</w>
</s> 
 
<s id="s12.2">
 <w id="w12.2.1">Zdravilna</w> 
 <w id="w12.2.2">učinkovina</w> 
 <w id="w12.2.3">zdravila</w> 
 <w id="w12.2.4">Abilify</w>
 <w id="w12.2.5">,</w> 
 <w id="w12.2.6">aripiprazol</w>
 <w id="w12.2.7">,</w> 
 <w id="w12.2.8">je</w> 
 <w id="w12.2.9">antipsihotično</w> 
 <w id="w12.2.10">zdravilo</w>
 <w id="w12.2.11">.</w>
</s> 
 
<s id="s12.3">
 <w id="w12.3.1">Natančen</w> 
 <w id="w12.3.2">mehanizem</w> 
 <w id="w12.3.3">njegovega</w> 
 <w id="w12.3.4">delovanja</w> 
 <w id="w12.3.5">zdravila</w> 
 <w id="w12.3.6">ni</w> 
 <w id="w12.3.7">znan</w>
 <w id="w12.3.8">,</w> 
 <w id="w12.3.9">znano</w> 
 <w id="w12.3.10">pa</w> 
 <w id="w12.3.11">je</w>
 <w id="w12.3.12">,</w> 
 <w id="w12.3.13">da</w> 
 <w id="w12.3.14">se</w> 
 <w id="w12.3.15">veže</w> 
 <w id="w12.3.16">na</w> 
 <w id="w12.3.17">več</w> 
 <w id="w12.3.18">različnih</w> 
 <w id="w12.3.19">vrst</w> 
 <w id="w12.3.20">receptorjev</w> 
 <w id="w12.3.21">na</w> 
 <w id="w12.3.22">površini</w> 
 <w id="w12.3.23">možganskih</w> 
 <w id="w12.3.24">celic</w>
 <w id="w12.3.25">.</w>
</s> 
 
<s id="s12.4">
 <w id="w12.4.1">S</w> 
 <w id="w12.4.2">tem</w> 
 <w id="w12.4.3">se</w> 
 <w id="w12.4.4">zaustavijo</w> 
 <w id="w12.4.5">signali</w>
 <w id="w12.4.6">,</w> 
 <w id="w12.4.7">ki</w> 
 <w id="w12.4.8">se</w> 
 <w id="w12.4.9">prenašajo</w> 
 <w id="w12.4.10">med</w> 
 <w id="w12.4.11">možganskimi</w> 
 <w id="w12.4.12">celicami</w> 
 <w id="w12.4.13">s</w> 
 <w id="w12.4.14">pomočjo</w> 
 <w id="w12.4.15">„</w>
 <w id="w12.4.16">živčnih</w> 
 <w id="w12.4.17">prenašalcev</w>
 <w id="w12.4.18">“</w>
 <w id="w12.4.19">,</w> 
 <w id="w12.4.20">kemičnih</w> 
 <w id="w12.4.21">spojin</w>
 <w id="w12.4.22">,</w> 
 <w id="w12.4.23">ki</w> 
 <w id="w12.4.24">jih</w> 
 <w id="w12.4.25">živčne</w> 
 <w id="w12.4.26">celice</w> 
 <w id="w12.4.27">uporabljajo</w> 
 <w id="w12.4.28">za</w> 
 <w id="w12.4.29">medsebojno</w> 
 <w id="w12.4.30">sporočanje</w>
 <w id="w12.4.31">.</w>
</s> 
 
<s id="s12.5">
 <w id="w12.5.1">Aripiprazol</w> 
 <w id="w12.5.2">naj</w> 
 <w id="w12.5.3">bi</w> 
 <w id="w12.5.4">kot</w> 
 <w id="w12.5.5">„</w>
 <w id="w12.5.6">delni</w> 
 <w id="w12.5.7">agonist</w>
 <w id="w12.5.8">“</w> 
 <w id="w12.5.9">deloval</w> 
 <w id="w12.5.10">v</w> 
 <w id="w12.5.11">glavnem</w> 
 <w id="w12.5.12">na</w> 
 <w id="w12.5.13">receptorje</w> 
 <w id="w12.5.14">za</w> 
 <w id="w12.5.15">živčna</w> 
 <w id="w12.5.16">prenašalca</w> 
 <w id="w12.5.17">dopamin</w> 
 <w id="w12.5.18">in</w> 
 <w id="w12.5.19">5-</w>
 <w id="w12.5.20">hidroksitriptamin</w> 
 <w id="w12.5.21">(</w>
 <w id="w12.5.22">znan</w> 
 <w id="w12.5.23">tudi</w> 
 <w id="w12.5.24">kot</w> 
 <w id="w12.5.25">serotonin</w>
 <w id="w12.5.26">)</w>
 <w id="w12.5.27">.</w>
</s> 
 
<s id="s12.6">
 <w id="w12.6.1">Delni</w> 
 <w id="w12.6.2">agonist</w> 
 <w id="w12.6.3">pomeni</w>
 <w id="w12.6.4">,</w> 
 <w id="w12.6.5">da</w> 
 <w id="w12.6.6">aripiprazol</w> 
 <w id="w12.6.7">pri</w> 
 <w id="w12.6.8">aktiviranju</w> 
 <w id="w12.6.9">receptorjev</w> 
 <w id="w12.6.10">deluje</w> 
 <w id="w12.6.11">enako</w> 
 <w id="w12.6.12">kot</w> 
 <w id="w12.6.13">5-</w>
 <w id="w12.6.14">hidroksitriptamin</w> 
 <w id="w12.6.15">in</w> 
 <w id="w12.6.16">dopamin</w>
 <w id="w12.6.17">,</w> 
 <w id="w12.6.18">vendar</w> 
 <w id="w12.6.19">v</w> 
 <w id="w12.6.20">manjšem</w> 
 <w id="w12.6.21">obsegu</w>
 <w id="w12.6.22">.</w>
</s> 
 
<s id="s12.7">
 <w id="w12.7.1">Ker</w> 
 <w id="w12.7.2">dopamin</w> 
 <w id="w12.7.3">in</w> 
 <w id="w12.7.4">5-</w>
 <w id="w12.7.5">hidroksitriptamin</w> 
 <w id="w12.7.6">sodelujeta</w> 
 <w id="w12.7.7">v</w> 
 <w id="w12.7.8">bolezenskem</w> 
 <w id="w12.7.9">procesu</w> 
 <w id="w12.7.10">shizofrenije</w> 
 <w id="w12.7.11">in</w> 
 <w id="w12.7.12">bipolarne</w> 
 <w id="w12.7.13">motnje</w>
 <w id="w12.7.14">,</w> 
 <w id="w12.7.15">aripiprazol</w> 
 <w id="w12.7.16">pomaga</w> 
 <w id="w12.7.17">normalizirati</w> 
 <w id="w12.7.18">delovanje</w> 
 <w id="w12.7.19">možganov</w>
 <w id="w12.7.20">,</w> 
 <w id="w12.7.21">zmanjšati</w> 
 <w id="w12.7.22">psihotične</w> 
 <w id="w12.7.23">in</w> 
 <w id="w12.7.24">manične</w> 
 <w id="w12.7.25">simptome</w> 
 <w id="w12.7.26">ter</w> 
 <w id="w12.7.27">preprečiti</w> 
 <w id="w12.7.28">njihov</w> 
 <w id="w12.7.29">ponoven</w> 
 <w id="w12.7.30">pojav</w>
 <w id="w12.7.31">.</w>
</s></p>

<p id="13">
<s id="s13.1">
 <w id="w13.1.1">Kako</w> 
 <w id="w13.1.2">je</w> 
 <w id="w13.1.3">bilo</w> 
 <w id="w13.1.4">zdravilo</w> 
 <w id="w13.1.5">Abilify</w> 
 <w id="w13.1.6">raziskano</w>
 <w id="w13.1.7">?</w>
</s> 
 
<s id="s13.2">
 <w id="w13.2.1">Pri</w> 
 <w id="w13.2.2">zdravljenju</w> 
 <w id="w13.2.3">shizofrenije</w> 
 <w id="w13.2.4">so</w> 
 <w id="w13.2.5">v</w> 
 <w id="w13.2.6">treh</w> 
 <w id="w13.2.7">večjih</w> 
 <w id="w13.2.8">kratkoročnih</w> 
 <w id="w13.2.9">študijah</w>
 <w id="w13.2.10">,</w> 
 <w id="w13.2.11">ki</w> 
 <w id="w13.2.12">so</w> 
 <w id="w13.2.13">trajale</w> 
 <w id="w13.2.14">od</w> 
 <w id="w13.2.15">štiri</w> 
 <w id="w13.2.16">do</w> 
 <w id="w13.2.17">šest</w> 
 <w id="w13.2.18">tednov</w> 
 <w id="w13.2.19">in</w> 
 <w id="w13.2.20">vključevale</w> 
 <w id="w13.2.21">1203</w> 
 <w id="w13.2.22">bolnikov</w>
 <w id="w13.2.23">,</w> 
 <w id="w13.2.24">preučevali</w> 
 <w id="w13.2.25">tablete</w> 
 <w id="w13.2.26">Abilify</w> 
 <w id="w13.2.27">in</w> 
 <w id="w13.2.28">jih</w> 
 <w id="w13.2.29">primerjali</w> 
 <w id="w13.2.30">s</w> 
 <w id="w13.2.31">placebom</w> 
 <w id="w13.2.32">(</w>
 <w id="w13.2.33">zdravilom</w> 
 <w id="w13.2.34">brez</w> 
 <w id="w13.2.35">zdravilne</w> 
 <w id="w13.2.36">učinkovine</w>
 <w id="w13.2.37">)</w>
 <w id="w13.2.38">.</w>
</s> 
 
<s id="s13.3">
 <w id="w13.3.1">Učinkovitost</w> 
 <w id="w13.3.2">zdravila</w> 
 <w id="w13.3.3">Abilify</w> 
 <w id="w13.3.4">pri</w> 
 <w id="w13.3.5">preprečevanju</w> 
 <w id="w13.3.6">ponovitve</w> 
 <w id="w13.3.7">simptomov</w> 
 <w id="w13.3.8">so</w> 
 <w id="w13.3.9">ocenjevali</w> 
 <w id="w13.3.10">v</w> 
 <w id="w13.3.11">treh</w> 
 <w id="w13.3.12">študijah</w>
 <w id="w13.3.13">,</w> 
 <w id="w13.3.14">ki</w> 
 <w id="w13.3.15">so</w> 
 <w id="w13.3.16">trajale</w> 
 <w id="w13.3.17">do</w> 
 <w id="w13.3.18">enega</w> 
 <w id="w13.3.19">leta</w>
 <w id="w13.3.20">,</w> 
 <w id="w13.3.21">pri</w> 
 <w id="w13.3.22">čemer</w> 
 <w id="w13.3.23">so</w> 
 <w id="w13.3.24">v</w> 
 <w id="w13.3.25">dveh</w> 
 <w id="w13.3.26">študijah</w> 
 <w id="w13.3.27">kot</w> 
 <w id="w13.3.28">primerjalno</w> 
 <w id="w13.3.29">zdravilo</w> 
 <w id="w13.3.30">uporabljali</w> 
 <w id="w13.3.31">haloperidol</w> 
 <w id="w13.3.32">(</w>
 <w id="w13.3.33">drugo</w> 
 <w id="w13.3.34">antipsihotično</w> 
 <w id="w13.3.35">zdravilo</w>
 <w id="w13.3.36">)</w>
 <w id="w13.3.37">.</w>
</s> 
 
<s id="s13.4">
 <w id="w13.4.1">Učinkovitost</w> 
 <w id="w13.4.2">raztopine</w> 
 <w id="w13.4.3">za</w> 
 <w id="w13.4.4">injiciranje</w> 
 <w id="w13.4.5">v</w> 
 <w id="w13.4.6">primerjavi</w> 
 <w id="w13.4.7">s</w> 
 <w id="w13.4.8">placebom</w> 
 <w id="w13.4.9">v</w> 
 <w id="w13.4.10">časovnem</w> 
 <w id="w13.4.11">intervalu</w> 
 <w id="w13.4.12">dveh</w> 
 <w id="w13.4.13">ur</w> 
 <w id="w13.4.14">so</w> 
 <w id="w13.4.15">preučevali</w> 
 <w id="w13.4.16">v</w> 
 <w id="w13.4.17">dveh</w> 
 <w id="w13.4.18">študijah</w>
 <w id="w13.4.19">,</w> 
 <w id="w13.4.20">ki</w> 
 <w id="w13.4.21">sta</w> 
 <w id="w13.4.22">zajeli</w> 
 <w id="w13.4.23">805</w> 
 <w id="w13.4.24">bolnikov</w> 
 <w id="w13.4.25">s</w> 
 <w id="w13.4.26">shizofrenijo</w> 
 <w id="w13.4.27">ali</w> 
 <w id="w13.4.28">podobnimi</w> 
 <w id="w13.4.29">boleznimi</w>
 <w id="w13.4.30">,</w> 
 <w id="w13.4.31">ki</w> 
 <w id="w13.4.32">so</w> 
 <w id="w13.4.33">doživljali</w> 
 <w id="w13.4.34">simptome</w> 
 <w id="w13.4.35">agitacije</w>
 <w id="w13.4.36">.</w>
</s> 
 
<s id="s13.5">
 <w id="w13.5.1">V</w> 
 <w id="w13.5.2">vseh</w> 
 <w id="w13.5.3">študijah</w> 
 <w id="w13.5.4">so</w> 
 <w id="w13.5.5">merili</w> 
 <w id="w13.5.6">spremembo</w> 
 <w id="w13.5.7">bolnikovih</w> 
 <w id="w13.5.8">simptomov</w> 
 <w id="w13.5.9">na</w> 
 <w id="w13.5.10">podlagi</w> 
 <w id="w13.5.11">standardne</w> 
 <w id="w13.5.12">ocenjevalne</w> 
 <w id="w13.5.13">lestvice</w> 
 <w id="w13.5.14">za</w> 
 <w id="w13.5.15">shizofrenijo</w>
 <w id="w13.5.16">.</w>
</s> 
 
<s id="s13.6">
 <w id="w13.6.1">Pri</w> 
 <w id="w13.6.2">zdravljenju</w> 
 <w id="w13.6.3">bipolarne</w> 
 <w id="w13.6.4">motnje</w> 
 <w id="w13.6.5">je</w> 
 <w id="w13.6.6">bilo</w> 
 <w id="w13.6.7">izvedenih</w> 
 <w id="w13.6.8">osem</w> 
 <w id="w13.6.9">večjih</w> 
 <w id="w13.6.10">študij</w>
 <w id="w13.6.11">,</w> 
 <w id="w13.6.12">ki</w> 
 <w id="w13.6.13">so</w> 
 <w id="w13.6.14">preučevale</w> 
 <w id="w13.6.15">peroralno</w> 
 <w id="w13.6.16">uživanje</w> 
 <w id="w13.6.17">zdravila</w> 
 <w id="w13.6.18">Abilify</w>
 <w id="w13.6.19">.</w>
</s> 
 
<s id="s13.7">
 <w id="w13.7.1">V</w> 
 <w id="w13.7.2">petih</w> 
 <w id="w13.7.3">kratkoročnih</w> 
 <w id="w13.7.4">študijah</w> 
 <w id="w13.7.5">so</w> 
 <w id="w13.7.6">v</w> 
 <w id="w13.7.7">obdobju</w> 
 <w id="w13.7.8">treh</w> 
 <w id="w13.7.9">tednov</w> 
 <w id="w13.7.10">pri</w> 
 <w id="w13.7.11">skupno</w> 
 <w id="w13.7.12">1900</w> 
 <w id="w13.7.13">bolnikih</w> 
 <w id="w13.7.14">primerjali</w> 
 <w id="w13.7.15">učinkovitost</w> 
 <w id="w13.7.16">zdravila</w> 
 <w id="w13.7.17">Abilify</w> 
 <w id="w13.7.18">s</w> 
 <w id="w13.7.19">placebom</w>
 <w id="w13.7.20">.</w>
</s> 
 
<s id="s13.8">
 <w id="w13.8.1">V</w> 
 <w id="w13.8.2">dveh</w> 
 <w id="w13.8.3">od</w> 
 <w id="w13.8.4">teh</w> 
 <w id="w13.8.5">študij</w> 
 <w id="w13.8.6">so</w> 
 <w id="w13.8.7">kot</w> 
 <w id="w13.8.8">primerjalni</w> 
 <w id="w13.8.9">zdravili</w> 
 <w id="w13.8.10">uporabili</w> 
 <w id="w13.8.11">haloperidol</w> 
 <w id="w13.8.12">in</w> 
 <w id="w13.8.13">litij</w> 
 <w id="w13.8.14">(</w>
 <w id="w13.8.15">drugo</w> 
 <w id="w13.8.16">antipsihotično</w> 
 <w id="w13.8.17">zdravilo</w>
 <w id="w13.8.18">)</w>
 <w id="w13.8.19">,</w> 
 <w id="w13.8.20">ki</w> 
 <w id="w13.8.21">so</w> 
 <w id="w13.8.22">ju</w> 
 <w id="w13.8.23">bolnikom</w> 
 <w id="w13.8.24">dajali</w> 
 <w id="w13.8.25">devet</w> 
 <w id="w13.8.26">tednov</w> 
 <w id="w13.8.27">z</w> 
 <w id="w13.8.28">namenom</w> 
 <w id="w13.8.29">preučiti</w> 
 <w id="w13.8.30">vzdrževanje</w> 
 <w id="w13.8.31">učinka</w> 
 <w id="w13.8.32">teh</w> 
 <w id="w13.8.33">zdravil</w>
 <w id="w13.8.34">.</w>
</s> 
 
<s id="s13.9">
 <w id="w13.9.1">V</w> 
 <w id="w13.9.2">nadaljnji</w> 
 <w id="w13.9.3">študiji</w> 
 <w id="w13.9.4">so</w> 
 <w id="w13.9.5">pri</w> 
 <w id="w13.9.6">347</w> 
 <w id="w13.9.7">bolnikih</w> 
 <w id="w13.9.8">v</w> 
 <w id="w13.9.9">obdobju</w> 
 <w id="w13.9.10">12</w> 
 <w id="w13.9.11">tednov</w> 
 <w id="w13.9.12">primerjali</w> 
 <w id="w13.9.13">zdravilo</w> 
 <w id="w13.9.14">Abilify</w> 
 <w id="w13.9.15">in</w> 
 <w id="w13.9.16">haloperidol</w>
 <w id="w13.9.17">,</w> 
 <w id="w13.9.18">v</w> 
 <w id="w13.9.19">neki</w> 
 <w id="w13.9.20">drugi</w> 
 <w id="w13.9.21">študiji</w> 
 <w id="w13.9.22">pa</w> 
 <w id="w13.9.23">so</w> 
 <w id="w13.9.24">primerjali</w> 
 <w id="w13.9.25">učinkovitost</w> 
 <w id="w13.9.26">zdravila</w> 
 <w id="w13.9.27">Abilify</w> 
 <w id="w13.9.28">in</w> 
 <w id="w13.9.29">placeba</w> 
 <w id="w13.9.30">pri</w> 
 <w id="w13.9.31">preprečevanju</w> 
 <w id="w13.9.32">ponovitve</w> 
 <w id="w13.9.33">simptomov</w> 
 <w id="w13.9.34">pri</w> 
 <w id="w13.9.35">160</w> 
 <w id="w13.9.36">bolnikih</w>
 <w id="w13.9.37">,</w> 
 <w id="w13.9.38">pri</w> 
 <w id="w13.9.39">katerih</w> 
 <w id="w13.9.40">so</w> 
 <w id="w13.9.41">manične</w> 
 <w id="w13.9.42">simptome</w> 
 <w id="w13.9.43">že</w> 
 <w id="w13.9.44">uspeli</w> 
 <w id="w13.9.45">stabilizirati</w> 
 <w id="w13.9.46">z</w> 
 <w id="w13.9.47">zdravilom</w> 
 <w id="w13.9.48">Abilify</w>
 <w id="w13.9.49">.</w>
</s> 
 
<s id="s13.10">
 <w id="w13.10.1">Osma</w> 
 <w id="w13.10.2">študija</w> 
 <w id="w13.10.3">je</w> 
 <w id="w13.10.4">pri</w> 
 <w id="w13.10.5">384</w> 
 <w id="w13.10.6">bolnikih</w> 
 <w id="w13.10.7">preučevala</w> 
 <w id="w13.10.8">učinek</w> 
 <w id="w13.10.9">dodajanja</w> 
 <w id="w13.10.10">zdravila</w> 
 <w id="w13.10.11">Abilify</w> 
 <w id="w13.10.12">ali</w> 
 <w id="w13.10.13">placeba</w> 
 <w id="w13.10.14">obstoječemu</w> 
 <w id="w13.10.15">zdravljenju</w> 
 <w id="w13.10.16">z</w> 
 <w id="w13.10.17">litijem</w> 
 <w id="w13.10.18">ali</w> 
 <w id="w13.10.19">valproatom</w> 
 <w id="w13.10.20">(</w>
 <w id="w13.10.21">drugim</w> 
 <w id="w13.10.22">antipsihotičnim</w> 
 <w id="w13.10.23">zdravilom</w>
 <w id="w13.10.24">)</w>
 <w id="w13.10.25">.</w>
</s> 
 
<s id="s13.11">
 <w id="w13.11.1">V</w> 
 <w id="w13.11.2">študiji</w>
 <w id="w13.11.3">,</w> 
 <w id="w13.11.4">ki</w> 
 <w id="w13.11.5">je</w> 
 <w id="w13.11.6">vključevala</w> 
 <w id="w13.11.7">301</w> 
 <w id="w13.11.8">bolnika</w> 
 <w id="w13.11.9">z</w> 
 <w id="w13.11.10">bipolarno</w> 
 <w id="w13.11.11">motnjo</w> 
 <w id="w13.11.12">in</w> 
 <w id="w13.11.13">simptomi</w> 
 <w id="w13.11.14">agitacije</w>
 <w id="w13.11.15">,</w> 
 <w id="w13.11.16">so</w> 
 <w id="w13.11.17">učinkovitost</w> 
 <w id="w13.11.18">zdravila</w> 
 <w id="w13.11.19">Abilify</w> 
 <w id="w13.11.20">v</w> 
 <w id="w13.11.21">obliki</w> 
 <w id="w13.11.22">raztopine</w> 
 <w id="w13.11.23">za</w> 
 <w id="w13.11.24">injiciranje</w> 
 <w id="w13.11.25">primerjali</w> 
 <w id="w13.11.26">z</w> 
 <w id="w13.11.27">učinkovitostjo</w> 
 <w id="w13.11.28">lorazepama</w> 
 <w id="w13.11.29">(</w>
 <w id="w13.11.30">drugega</w> 
 <w id="w13.11.31">antipsihotičnega</w> 
 <w id="w13.11.32">zdravila</w>
 <w id="w13.11.33">)</w> 
 <w id="w13.11.34">in</w> 
 <w id="w13.11.35">placeba</w> 
 <w id="w13.11.36">v</w> 
 <w id="w13.11.37">obdobju</w> 
 <w id="w13.11.38">dveh</w> 
 <w id="w13.11.39">ur</w>
 <w id="w13.11.40">.</w>
</s> 
 
<s id="s13.12">
 <w id="w13.12.1">Vse</w> 
 <w id="w13.12.2">te</w> 
 <w id="w13.12.3">študije</w> 
 <w id="w13.12.4">so</w> 
 <w id="w13.12.5">preučevale</w> 
 <w id="w13.12.6">spremembo</w> 
 <w id="w13.12.7">simptomov</w> 
 <w id="w13.12.8">na</w> 
 <w id="w13.12.9">podlagi</w> 
 <w id="w13.12.10">standardne</w> 
 <w id="w13.12.11">ocenjevalne</w> 
 <w id="w13.12.12">lestvice</w> 
 <w id="w13.12.13">za</w> 
 <w id="w13.12.14">bipolarno</w> 
 <w id="w13.12.15">motnjo</w> 
 <w id="w13.12.16">ali</w> 
 <w id="w13.12.17">pa</w> 
 <w id="w13.12.18">so</w> 
 <w id="w13.12.19">beležile</w> 
 <w id="w13.12.20">število</w> 
 <w id="w13.12.21">bolnikov</w>
 <w id="w13.12.22">,</w> 
 <w id="w13.12.23">ki</w> 
 <w id="w13.12.24">so</w> 
 <w id="w13.12.25">se</w> 
 <w id="w13.12.26">odzvali</w> 
 <w id="w13.12.27">na</w> 
 <w id="w13.12.28">zdravljenje</w>
 <w id="w13.12.29">.</w>
</s> 
 
<s id="s13.13">
 <w id="w13.13.1">Družba</w> 
 <w id="w13.13.2">je</w> 
 <w id="w13.13.3">izvedla</w> 
 <w id="w13.13.4">tudi</w> 
 <w id="w13.13.5">študije</w>
 <w id="w13.13.6">,</w> 
 <w id="w13.13.7">v</w> 
 <w id="w13.13.8">katerih</w> 
 <w id="w13.13.9">so</w> 
 <w id="w13.13.10">preučevali</w> 
 <w id="w13.13.11">absorpcijo</w> 
 <w id="w13.13.12">orodisperzibilnih</w> 
 <w id="w13.13.13">tablet</w> 
 <w id="w13.13.14">in</w> 
 <w id="w13.13.15">peroralne</w> 
 <w id="w13.13.16">raztopine</w> 
 <w id="w13.13.17">v</w> 
 <w id="w13.13.18">telesu</w>
 <w id="w13.13.19">.</w>
</s></p>

<p id="14">
<s id="s14.1">
 <w id="w14.1.1">Kakšne</w> 
 <w id="w14.1.2">koristi</w> 
 <w id="w14.1.3">je</w> 
 <w id="w14.1.4">zdravilo</w> 
 <w id="w14.1.5">Abilify</w> 
 <w id="w14.1.6">izkazalo</w> 
 <w id="w14.1.7">med</w> 
 <w id="w14.1.8">študijami</w>
 <w id="w14.1.9">?</w>
</s> 
 
<s id="s14.2">
 <w id="w14.2.1">V</w> 
 <w id="w14.2.2">kratkoročnih</w> 
 <w id="w14.2.3">študijah</w> 
 <w id="w14.2.4">je</w> 
 <w id="w14.2.5">bilo</w> 
 <w id="w14.2.6">zdravilo</w> 
 <w id="w14.2.7">Abilify</w> 
 <w id="w14.2.8">pri</w> 
 <w id="w14.2.9">zdravljenju</w> 
 <w id="w14.2.10">shizofrenije</w> 
 <w id="w14.2.11">učinkovitejše</w> 
 <w id="w14.2.12">od</w> 
 <w id="w14.2.13">placeba</w>
 <w id="w14.2.14">.</w>
</s> 
 
<s id="s14.3">
 <w id="w14.3.1">V</w> 
 <w id="w14.3.2">dolgoročnih</w> 
 <w id="w14.3.3">študijah</w> 
 <w id="w14.3.4">je</w> 
 <w id="w14.3.5">zdravilo</w> 
 <w id="w14.3.6">Abilify</w> 
 <w id="w14.3.7">po</w> 
 <w id="w14.3.8">enem</w> 
 <w id="w14.3.9">letu</w> 
 <w id="w14.3.10">zdravljenja</w> 
 <w id="w14.3.11">pokazalo</w> 
 <w id="w14.3.12">večjo</w> 
 <w id="w14.3.13">učinkovitost</w> 
 <w id="w14.3.14">kot</w> 
 <w id="w14.3.15">placebo</w> 
 <w id="w14.3.16">in</w> 
 <w id="w14.3.17">enako</w> 
 <w id="w14.3.18">učinkovitost</w> 
 <w id="w14.3.19">kot</w> 
 <w id="w14.3.20">haloperidol</w>
 <w id="w14.3.21">.</w>
</s> 
 
<s id="s14.4">
 <w id="w14.4.1">V</w> 
 <w id="w14.4.2">obeh</w> 
 <w id="w14.4.3">študijah</w> 
 <w id="w14.4.4">zdravila</w> 
 <w id="w14.4.5">Abilify</w> 
 <w id="w14.4.6">v</w> 
 <w id="w14.4.7">obliki</w> 
 <w id="w14.4.8">raztopine</w> 
 <w id="w14.4.9">za</w> 
 <w id="w14.4.10">injiciranje</w>
 <w id="w14.4.11">,</w> 
 <w id="w14.4.12">je</w> 
 <w id="w14.4.13">pri</w> 
 <w id="w14.4.14">bolnikih</w>
 <w id="w14.4.15">,</w> 
 <w id="w14.4.16">ki</w> 
 <w id="w14.4.17">so</w> 
 <w id="w14.4.18">prejemali</w> 
 <w id="w14.4.19">zdravilo</w> 
 <w id="w14.4.20">Abilify</w> 
 <w id="w14.4.21">v</w> 
 <w id="w14.4.22">odmerkih</w> 
 <w id="w14.4.23">5,</w>
 <w id="w14.4.24">25</w> 
 <w id="w14.4.25">mg</w>
 <w id="w14.4.26">,</w> 
 <w id="w14.4.27">9,</w>
 <w id="w14.4.28">75</w> 
 <w id="w14.4.29">mg</w> 
 <w id="w14.4.30">ali</w> 
 <w id="w14.4.31">15</w> 
 <w id="w14.4.32">mg</w> 
 <w id="w14.4.33">prišlo</w> 
 <w id="w14.4.34">do</w> 
 <w id="w14.4.35">znatno</w> 
 <w id="w14.4.36">večjega</w> 
 <w id="w14.4.37">zmanjšanja</w> 
 <w id="w14.4.38">simptomov</w> 
 <w id="w14.4.39">agitacije</w> 
 <w id="w14.4.40">kot</w> 
 <w id="w14.4.41">pri</w> 
 <w id="w14.4.42">tistih</w>
 <w id="w14.4.43">,</w> 
 <w id="w14.4.44">ki</w> 
 <w id="w14.4.45">so</w> 
 <w id="w14.4.46">prejemali</w> 
 <w id="w14.4.47">placebo</w>
 <w id="w14.4.48">.</w>
</s> 
 
<s id="s14.5">
 <w id="w14.5.1">V</w> 
 <w id="w14.5.2">štirih</w> 
 <w id="w14.5.3">od</w> 
 <w id="w14.5.4">petih</w> 
 <w id="w14.5.5">kratkoročnih</w> 
 <w id="w14.5.6">študij</w> 
 <w id="w14.5.7">zdravljenja</w> 
 <w id="w14.5.8">bipolarne</w> 
 <w id="w14.5.9">motnje</w> 
 <w id="w14.5.10">je</w> 
 <w id="w14.5.11">bilo</w> 
 <w id="w14.5.12">zdravilo</w> 
 <w id="w14.5.13">Abilify</w> 
 <w id="w14.5.14">učinkovitejše</w> 
 <w id="w14.5.15">od</w> 
 <w id="w14.5.16">placeba</w> 
 <w id="w14.5.17">pri</w> 
 <w id="w14.5.18">zmanjševanju</w> 
 <w id="w14.5.19">maničnih</w> 
 <w id="w14.5.20">simptomov</w>
 <w id="w14.5.21">.</w>
</s> 
 
<s id="s14.6">
 <w id="w14.6.1">Zdravilo</w> 
 <w id="w14.6.2">Abilify</w> 
 <w id="w14.6.3">je</w> 
 <w id="w14.6.4">imelo</w> 
 <w id="w14.6.5">v</w> 
 <w id="w14.6.6">obdobju</w> 
 <w id="w14.6.7">treh</w> 
 <w id="w14.6.8">tednov</w> 
 <w id="w14.6.9">podoben</w> 
 <w id="w14.6.10">učinek</w> 
 <w id="w14.6.11">kot</w> 
 <w id="w14.6.12">haloperidol</w> 
 <w id="w14.6.13">in</w> 
 <w id="w14.6.14">litij</w>
 <w id="w14.6.15">.</w>
</s> 
 
<s id="s14.7">
 <w id="w14.7.1">Ta</w> 
 <w id="w14.7.2">učinek</w> 
 <w id="w14.7.3">so</w> 
 <w id="w14.7.4">lahko</w> 
 <w id="w14.7.5">vzdrževali</w> 
 <w id="w14.7.6">do</w> 
 <w id="w14.7.7">12</w> 
 <w id="w14.7.8">tednov</w>
 <w id="w14.7.9">.</w>
</s> 
 
<s id="s14.8">
 <w id="w14.8.1">Zdravilo</w> 
 <w id="w14.8.2">Abilify</w> 
 <w id="w14.8.3">je</w> 
 <w id="w14.8.4">bilo</w> 
 <w id="w14.8.5">učinkovitejše</w> 
 <w id="w14.8.6">od</w> 
 <w id="w14.8.7">placeba</w> 
 <w id="w14.8.8">tudi</w> 
 <w id="w14.8.9">pri</w> 
 <w id="w14.8.10">preprečevanju</w> 
 <w id="w14.8.11">ponovitve</w> 
 <w id="w14.8.12">maničnih</w> 
 <w id="w14.8.13">epizod</w> 
 <w id="w14.8.14">v</w> 
 <w id="w14.8.15">obdobju</w> 
 <w id="w14.8.16">74</w>                                                                                                     
 <w id="w14.8.17">2/</w>
 <w id="w14.8.18">3</w> 
 <w id="w14.8.19">tednov</w> 
 <w id="w14.8.20">pri</w> 
 <w id="w14.8.21">predhodno</w> 
 <w id="w14.8.22">zdravljenih</w> 
 <w id="w14.8.23">bolnikih</w> 
 <w id="w14.8.24">in</w> 
 <w id="w14.8.25">ob</w> 
 <w id="w14.8.26">njegovi</w> 
 <w id="w14.8.27">uporabi</w> 
 <w id="w14.8.28">kot</w> 
 <w id="w14.8.29">dodatek</w> 
 <w id="w14.8.30">obstoječemu</w> 
 <w id="w14.8.31">zdravljenju</w>
 <w id="w14.8.32">.</w>
</s> 
 
<s id="s14.9">
 <w id="w14.9.1">Injekcije</w> 
 <w id="w14.9.2">zdravila</w> 
 <w id="w14.9.3">Abilify</w> 
 <w id="w14.9.4">v</w> 
 <w id="w14.9.5">odmerku</w> 
 <w id="w14.9.6">10</w> 
 <w id="w14.9.7">ali</w> 
 <w id="w14.9.8">15</w> 
 <w id="w14.9.9">mg</w> 
 <w id="w14.9.10">so</w> 
 <w id="w14.9.11">bile</w> 
 <w id="w14.9.12">pri</w> 
 <w id="w14.9.13">zmanjševanju</w> 
 <w id="w14.9.14">simptomov</w> 
 <w id="w14.9.15">agitacije</w> 
 <w id="w14.9.16">prav</w> 
 <w id="w14.9.17">tako</w> 
 <w id="w14.9.18">učinkovitejše</w> 
 <w id="w14.9.19">od</w> 
 <w id="w14.9.20">placeba</w> 
 <w id="w14.9.21">in</w> 
 <w id="w14.9.22">podobno</w> 
 <w id="w14.9.23">učinkovite</w> 
 <w id="w14.9.24">kot</w> 
 <w id="w14.9.25">lorazepam</w>
 <w id="w14.9.26">.</w>
</s></p>

<p id="15">
<s id="s15.1">
 <w id="w15.1.1">Kakšna</w> 
 <w id="w15.1.2">tveganja</w> 
 <w id="w15.1.3">so</w> 
 <w id="w15.1.4">povezana</w> 
 <w id="w15.1.5">z</w> 
 <w id="w15.1.6">zdravilom</w> 
 <w id="w15.1.7">Abilify</w>
 <w id="w15.1.8">?</w>
</s> 
 
<s id="s15.2">
 <w id="w15.2.1">Najpogostejši</w> 
 <w id="w15.2.2">neželeni</w> 
 <w id="w15.2.3">učinki</w> 
 <w id="w15.2.4">pri</w> 
 <w id="w15.2.5">peroralnem</w> 
 <w id="w15.2.6">jemanju</w> 
 <w id="w15.2.7">zdravila</w> 
 <w id="w15.2.8">Abilify</w> 
 <w id="w15.2.9">(</w>
 <w id="w15.2.10">opaženi</w> 
 <w id="w15.2.11">pri</w> 
 <w id="w15.2.12">1</w> 
 <w id="w15.2.13">do</w> 
 <w id="w15.2.14">10</w> 
 <w id="w15.2.15">bolnikih</w> 
 <w id="w15.2.16">izmed</w> 
 <w id="w15.2.17">100</w>
 <w id="w15.2.18">)</w> 
 <w id="w15.2.19">so</w> 
 <w id="w15.2.20">ekstrapiramidalne</w> 
 <w id="w15.2.21">motnje</w> 
 <w id="w15.2.22">(</w>
 <w id="w15.2.23">nenadzorovano</w> 
 <w id="w15.2.24">trzanje</w> 
 <w id="w15.2.25">in</w> 
 <w id="w15.2.26">sunkoviti</w> 
 <w id="w15.2.27">gibi</w>
 <w id="w15.2.28">)</w>
 <w id="w15.2.29">,</w> 
 <w id="w15.2.30">akatizija</w> 
 <w id="w15.2.31">(</w>
 <w id="w15.2.32">neprestana</w> 
 <w id="w15.2.33">potreba</w> 
 <w id="w15.2.34">po</w> 
 <w id="w15.2.35">gibanju</w>
 <w id="w15.2.36">)</w>
 <w id="w15.2.37">,</w> 
 <w id="w15.2.38">tremor</w> 
 <w id="w15.2.39">(</w>
 <w id="w15.2.40">tresavica</w>
 <w id="w15.2.41">)</w>
 <w id="w15.2.42">,</w> 
 <w id="w15.2.43">somnolenca</w> 
 <w id="w15.2.44">(</w>
 <w id="w15.2.45">zaspanost</w>
 <w id="w15.2.46">)</w>
 <w id="w15.2.47">,</w> 
 <w id="w15.2.48">sedacija</w> 
 <w id="w15.2.49">(</w>
 <w id="w15.2.50">dremavost</w>
 <w id="w15.2.51">)</w>
 <w id="w15.2.52">,</w> 
 <w id="w15.2.53">glavobol</w>
 <w id="w15.2.54">,</w> 
 <w id="w15.2.55">zamegljen</w> 
 <w id="w15.2.56">vid</w>
 <w id="w15.2.57">,</w> 
 <w id="w15.2.58">dispepsija</w> 
 <w id="w15.2.59">(</w>
 <w id="w15.2.60">zgaga</w>
 <w id="w15.2.61">)</w>
 <w id="w15.2.62">,</w> 
 <w id="w15.2.63">bruhanje</w>
 <w id="w15.2.64">,</w> 
 <w id="w15.2.65">slabost</w>
 <w id="w15.2.66">,</w> 
 <w id="w15.2.67">zaprtje</w>
 <w id="w15.2.68">,</w> 
 <w id="w15.2.69">prekomerno</w> 
 <w id="w15.2.70">izločanje</w> 
 <w id="w15.2.71">sline</w>
 <w id="w15.2.72">,</w> 
 <w id="w15.2.73">utrujenost</w>
 <w id="w15.2.74">,</w> 
 <w id="w15.2.75">nemirnost</w>
 <w id="w15.2.76">,</w> 
 <w id="w15.2.77">nespečnost</w> 
 <w id="w15.2.78">in</w> 
 <w id="w15.2.79">tesnobnost</w>
 <w id="w15.2.80">.</w>
</s> 
 
<s id="s15.3">
 <w id="w15.3.1">Akatizija</w> 
 <w id="w15.3.2">je</w> 
 <w id="w15.3.3">pogostejša</w> 
 <w id="w15.3.4">pri</w> 
 <w id="w15.3.5">bolnikih</w> 
 <w id="w15.3.6">z</w> 
 <w id="w15.3.7">bipolarno</w> 
 <w id="w15.3.8">motnjo</w> 
 <w id="w15.3.9">kot</w> 
 <w id="w15.3.10">pri</w> 
 <w id="w15.3.11">bolnikih</w> 
 <w id="w15.3.12">s</w> 
 <w id="w15.3.13">shizofrenijo</w>
 <w id="w15.3.14">.</w>
</s> 
 
<s id="s15.4">
 <w id="w15.4.1">Pri</w> 
 <w id="w15.4.2">1</w> 
 <w id="w15.4.3">do</w> 
 <w id="w15.4.4">10</w> 
 <w id="w15.4.5">bolnikih</w> 
 <w id="w15.4.6">izmed</w> 
 <w id="w15.4.7">100</w>
 <w id="w15.4.8">,</w> 
 <w id="w15.4.9">ki</w> 
 <w id="w15.4.10">so</w> 
 <w id="w15.4.11">prejemali</w> 
 <w id="w15.4.12">injekcije</w> 
 <w id="w15.4.13">zdravila</w> 
 <w id="w15.4.14">Abilify</w>
 <w id="w15.4.15">,</w> 
 <w id="w15.4.16">so</w> 
 <w id="w15.4.17">opazili</w> 
 <w id="w15.4.18">zaspanost</w>
 <w id="w15.4.19">,</w> 
 <w id="w15.4.20">omotico</w>
 <w id="w15.4.21">,</w> 
 <w id="w15.4.22">glavobol</w>
 <w id="w15.4.23">,</w> 
 <w id="w15.4.24">akatizijo</w>
 <w id="w15.4.25">,</w> 
 <w id="w15.4.26">slabost</w> 
 <w id="w15.4.27">in</w> 
 <w id="w15.4.28">bruhanje</w>
 <w id="w15.4.29">.</w>
</s> 
 
<s id="s15.5">
 <w id="w15.5.1">Za</w> 
 <w id="w15.5.2">celoten</w> 
 <w id="w15.5.3">seznam</w> 
 <w id="w15.5.4">neželenih</w> 
 <w id="w15.5.5">učinkov</w>
 <w id="w15.5.6">,</w> 
 <w id="w15.5.7">o</w> 
 <w id="w15.5.8">katerih</w> 
 <w id="w15.5.9">so</w> 
 <w id="w15.5.10">poročali</w> 
 <w id="w15.5.11">pri</w> 
 <w id="w15.5.12">uporabi</w> 
 <w id="w15.5.13">zdravila</w> 
 <w id="w15.5.14">Abilify</w>
 <w id="w15.5.15">,</w> 
 <w id="w15.5.16">glejte</w> 
 <w id="w15.5.17">navodilo</w> 
 <w id="w15.5.18">za</w> 
 <w id="w15.5.19">uporabo</w>
 <w id="w15.5.20">.</w>
</s> 
 
<s id="s15.6">
 <w id="w15.6.1">Zdravila</w> 
 <w id="w15.6.2">Abilify</w> 
 <w id="w15.6.3">ne</w> 
 <w id="w15.6.4">smejo</w> 
 <w id="w15.6.5">uporabljati</w> 
 <w id="w15.6.6">osebe</w>
 <w id="w15.6.7">,</w> 
 <w id="w15.6.8">ki</w> 
 <w id="w15.6.9">utegnejo</w> 
 <w id="w15.6.10">biti</w> 
 <w id="w15.6.11">preobčutljive</w> 
 <w id="w15.6.12">za</w> 
 <w id="w15.6.13">(</w>
 <w id="w15.6.14">alergične</w> 
 <w id="w15.6.15">na</w>
 <w id="w15.6.16">)</w> 
 <w id="w15.6.17">aripiprazol</w> 
 <w id="w15.6.18">ali</w> 
 <w id="w15.6.19">katero</w> 
 <w id="w15.6.20">koli</w> 
 <w id="w15.6.21">drugo</w> 
 <w id="w15.6.22">sestavino</w> 
 <w id="w15.6.23">zdravila</w>
 <w id="w15.6.24">.</w>
</s></p>

<p id="16">
<s id="s16.1">
 <w id="w16.1.1">Zakaj</w> 
 <w id="w16.1.2">je</w> 
 <w id="w16.1.3">bilo</w> 
 <w id="w16.1.4">zdravilo</w> 
 <w id="w16.1.5">Abilify</w> 
 <w id="w16.1.6">odobreno</w>
 <w id="w16.1.7">?</w>
</s> 
 
<s id="s16.2">
 <w id="w16.2.1">Odbor</w> 
 <w id="w16.2.2">za</w> 
 <w id="w16.2.3">zdravila</w> 
 <w id="w16.2.4">za</w> 
 <w id="w16.2.5">uporabo</w> 
 <w id="w16.2.6">v</w> 
 <w id="w16.2.7">humani</w> 
 <w id="w16.2.8">medicini</w> 
 <w id="w16.2.9">(</w>
 <w id="w16.2.10">CHMP</w>
 <w id="w16.2.11">)</w> 
 <w id="w16.2.12">je</w> 
 <w id="w16.2.13">zaključil</w>
 <w id="w16.2.14">,</w> 
 <w id="w16.2.15">da</w> 
 <w id="w16.2.16">so</w> 
 <w id="w16.2.17">koristi</w> 
 <w id="w16.2.18">zdravila</w> 
 <w id="w16.2.19">Abilify</w> 
 <w id="w16.2.20">večje</w> 
 <w id="w16.2.21">od</w> 
 <w id="w16.2.22">z</w> 
 <w id="w16.2.23">njim</w> 
 <w id="w16.2.24">povezanih</w> 
 <w id="w16.2.25">tveganj</w> 
 <w id="w16.2.26">pri</w> 
 <w id="w16.2.27">zdravljenju</w> 
 <w id="w16.2.28">shizofrenije</w> 
 <w id="w16.2.29">in</w> 
 <w id="w16.2.30">zmernih</w> 
 <w id="w16.2.31">do</w> 
 <w id="w16.2.32">hudih</w> 
 <w id="w16.2.33">maničnih</w> 
 <w id="w16.2.34">epizod</w> 
 <w id="w16.2.35">pri</w> 
 <w id="w16.2.36">bipolarni</w> 
 <w id="w16.2.37">I</w> 
 <w id="w16.2.38">motnji</w> 
 <w id="w16.2.39">ter</w> 
 <w id="w16.2.40">preprečevanju</w> 
 <w id="w16.2.41">novih</w> 
 <w id="w16.2.42">maničnih</w> 
 <w id="w16.2.43">epizod</w> 
 <w id="w16.2.44">pri</w> 
 <w id="w16.2.45">bolnikih</w>
 <w id="w16.2.46">,</w> 
 <w id="w16.2.47">ki</w> 
 <w id="w16.2.48">so</w> 
 <w id="w16.2.49">doživljali</w> 
 <w id="w16.2.50">pretežno</w> 
 <w id="w16.2.51">manične</w> 
 <w id="w16.2.52">epizode</w> 
 <w id="w16.2.53">in</w> 
 <w id="w16.2.54">so</w> 
 <w id="w16.2.55">bili</w> 
 <w id="w16.2.56">pri</w> 
 <w id="w16.2.57">zdravljenju</w> 
 <w id="w16.2.58">maničnih</w> 
 <w id="w16.2.59">epizod</w> 
 <w id="w16.2.60">odzivni</w> 
 <w id="w16.2.61">na</w> 
 <w id="w16.2.62">aripiprazol</w>
 <w id="w16.2.63">.</w>
</s> 
 
<s id="s16.3">
 <w id="w16.3.1">Odbor</w> 
 <w id="w16.3.2">je</w> 
 <w id="w16.3.3">tudi</w> 
 <w id="w16.3.4">menil</w>
 <w id="w16.3.5">,</w> 
 <w id="w16.3.6">da</w> 
 <w id="w16.3.7">so</w> 
 <w id="w16.3.8">koristi</w> 
 <w id="w16.3.9">raztopine</w> 
 <w id="w16.3.10">za</w> 
 <w id="w16.3.11">injiciranje</w> 
 <w id="w16.3.12">pri</w> 
 <w id="w16.3.13">hitrem</w> 
 <w id="w16.3.14">vzpostavljanju</w> 
 <w id="w16.3.15">nadzora</w> 
 <w id="w16.3.16">nad</w> 
 <w id="w16.3.17">agitacijo</w> 
 <w id="w16.3.18">in</w> 
 <w id="w16.3.19">vedenjskimi</w> 
 <w id="w16.3.20">motnjami</w> 
 <w id="w16.3.21">pri</w> 
 <w id="w16.3.22">bolnikih</w> 
 <w id="w16.3.23">s</w> 
 <w id="w16.3.24">shizofrenijo</w> 
 <w id="w16.3.25">ali</w> 
 <w id="w16.3.26">bolnikih</w> 
 <w id="w16.3.27">z</w> 
 <w id="w16.3.28">maničnimi</w> 
 <w id="w16.3.29">epizodami</w> 
 <w id="w16.3.30">pri</w> 
 <w id="w16.3.31">bipolarni</w> 
 <w id="w16.3.32">I</w> 
 <w id="w16.3.33">motnji</w>
 <w id="w16.3.34">,</w> 
 <w id="w16.3.35">kadar</w> 
 <w id="w16.3.36">peroralno</w> 
 <w id="w16.3.37">zdravljenje</w> 
 <w id="w16.3.38">ni</w> 
 <w id="w16.3.39">mogoče</w>
 <w id="w16.3.40">,</w> 
 <w id="w16.3.41">večje</w> 
 <w id="w16.3.42">od</w> 
 <w id="w16.3.43">z</w> 
 <w id="w16.3.44">njo</w> 
 <w id="w16.3.45">povezanih</w> 
 <w id="w16.3.46">tveganj</w>
 <w id="w16.3.47">.</w>
</s> 
 
<s id="s16.4">
 <w id="w16.4.1">Odbor</w> 
 <w id="w16.4.2">je</w> 
 <w id="w16.4.3">priporočil</w>
 <w id="w16.4.4">,</w> 
 <w id="w16.4.5">da</w> 
 <w id="w16.4.6">se</w> 
 <w id="w16.4.7">za</w> 
 <w id="w16.4.8">zdravilo</w> 
 <w id="w16.4.9">Abilify</w> 
 <w id="w16.4.10">odobri</w> 
 <w id="w16.4.11">dovoljenje</w> 
 <w id="w16.4.12">za</w> 
 <w id="w16.4.13">promet</w>
 <w id="w16.4.14">.</w>
</s></p>

<p id="17">
<s id="s17.1">
 <w id="w17.1.1">Druge</w> 
 <w id="w17.1.2">informacije</w> 
 <w id="w17.1.3">o</w> 
 <w id="w17.1.4">zdravilu</w> 
 <w id="w17.1.5">Abilify</w>
 <w id="w17.1.6">:</w>
</s> 
 
<s id="s17.2">
 <w id="w17.2.1">Evropska</w> 
 <w id="w17.2.2">komisija</w> 
 <w id="w17.2.3">je</w> 
 <w id="w17.2.4">dovoljenje</w> 
 <w id="w17.2.5">za</w> 
 <w id="w17.2.6">promet</w> 
 <w id="w17.2.7">z</w> 
 <w id="w17.2.8">zdravilom</w> 
 <w id="w17.2.9">Abilify</w>
 <w id="w17.2.10">,</w> 
 <w id="w17.2.11">veljavno</w> 
 <w id="w17.2.12">po</w> 
 <w id="w17.2.13">vsej</w> 
 <w id="w17.2.14">Evropski</w> 
 <w id="w17.2.15">uniji</w>
 <w id="w17.2.16">,</w> 
 <w id="w17.2.17">odobrila</w> 
 <w id="w17.2.18">družbi</w> 
 <w id="w17.2.19">Otsuka</w> 
 <w id="w17.2.20">Pharmaceutical</w> 
 <w id="w17.2.21">Europe</w> 
 <w id="w17.2.22">Ltd</w>
 <w id="w17.2.23">.</w> 
 <w id="w17.2.24">dne</w> 
 <w id="w17.2.25">4</w>
 <w id="w17.2.26">.</w> 
 <w id="w17.2.27">junija</w> 
 <w id="w17.2.28">2004</w>
 <w id="w17.2.29">.</w>
</s></p>

<p id="18">
<s id="s18.1">
 <w id="w18.1.1">Celotno</w> 
 <w id="w18.1.2">evropsko</w> 
 <w id="w18.1.3">javno</w> 
 <w id="w18.1.4">poročilo</w> 
 <w id="w18.1.5">o</w> 
 <w id="w18.1.6">oceni</w> 
 <w id="w18.1.7">zdravila</w> 
 <w id="w18.1.8">(</w>
 <w id="w18.1.9">EPAR</w>
 <w id="w18.1.10">)</w> 
 <w id="w18.1.11">za</w> 
 <w id="w18.1.12">zdravilo</w> 
 <w id="w18.1.13">Abilify</w> 
 <w id="w18.1.14">je</w> 
 <w id="w18.1.15">na</w> 
 <w id="w18.1.16">voljo</w> 
 <w id="w18.1.17">tukaj</w>
 <w id="w18.1.18">.</w>
</s></p>

<p id="19">
<s id="s19.1">
 <w id="w19.1.1">Povzetek</w> 
 <w id="w19.1.2">je</w> 
 <w id="w19.1.3">bil</w> 
 <w id="w19.1.4">nazadnje</w> 
 <w id="w19.1.5">posodobljen</w> 
 <w id="w19.1.6">07-</w>
 <w id="w19.1.7">2008</w>
 <w id="w19.1.8">.</w>
</s></p>

<p id="20">
<s id="s20.1">
 <w id="w20.1.1">3/</w>
 <w id="w20.1.2">3</w>
</s></p></text>
