<?xml version="1.0" encoding="utf-8"?>
<letsmt version="1.0">
<head></head>
<body>
<s id="s1.1">EU Number</s>
<s id="s2.1">Invented Name</s>
<s id="s3.1">Strength</s>
<s id="s4.1">Pharmaceutical Form</s>
<s id="s5.1">Target species</s>
<s id="s6.1">Route of administration</s>
<s id="s7.1">Packaging</s>
<s id="s8.1">Content</s>
<s id="s9.1">Package size</s>
<s id="s10.1">Withdrawal period</s>
<s id="s11.1">EU/ 2/ 05/ 055/ 001</s>
<s id="s12.1">Equilis Te</s>
<s id="s13.1">Tetanus toxoid ≥ 30 IU/ ml</s>
<s id="s14.1">Suspension for injection</s>
<s id="s15.1">Horses</s>
<s id="s16.1">Intramuscular</s>
<s id="s17.1">Vials (Type I glass) closed with a halogenobutyl rubber stopper and aluminium cap.</s>
<s id="s18.1">1 dose</s>
<s id="s19.1">10 glass vials</s>
<s id="s20.1">Zero days</s>
<s id="s21.1">EU/ 2/ 05/ 055/ 002 Equilis Te</s>
<s id="s22.1">Tetanus toxoid ≥ 30 IU/ ml</s>
<s id="s23.1">Suspension for injection</s>
<s id="s24.1">Horses</s>
<s id="s25.1">Intramuscular</s>
<s id="s26.1">Pre-filled syringes (Type I glass) with a plunger and cap tip of halogenobutyl rubber</s>
<s id="s27.1">1 dose</s>
<s id="s28.1">10 pre-filled syringes</s>
<s id="s29.1">Zero days</s>
<s id="s30.1">1/ 1</s>
</body>
</letsmt>
