<?xml version="1.0" encoding="utf-8"?>
<letsmt version="1.0">
<head></head>
<body>
<s id="s1.1">European Medicines Agency Veterinary Medicines</s>
<s id="s2.1">EMEA/ V/ C/ 093</s>
<s id="s3.1">EUROPEAN PUBLIC ASSESSMENT REPORT (EPAR)</s>
<s id="s4.1">EQUILIS TE</s>
<s id="s5.1">EPAR summary for the public</s>
<s id="s6.1">This document is a summary of the European Public Assessment Report.</s>
<s id="s6.2">Its purpose is to explain how the assessment done by the Committee for Medicinal Products for Veterinary Use (CVMP) on the basis of the documentation provided, led to the recommendations on the conditions of use.</s>
<s id="s6.3">This document cannot replace a face-to-face discussion with your veterinarian.</s>
<s id="s6.4">If you need more information about your animal’ s medical condition or treatment, contact your veterinarian.</s>
<s id="s6.5">If you want more information on the basis of the CVMP recommendations, read the Scientific Discussion (also part of the EPAR).</s>
<s id="s7.1">What is Equilis Te?</s>
<s id="s7.2">Equilis Te is a vaccine for use in horses.</s>
<s id="s7.3">It contains the toxoid (chemically inactivated toxin) from the tetanus bacterium.</s>
<s id="s7.4">It is available as a suspension for injection.</s>
<s id="s8.1">What is Equilis Te used for?</s>
<s id="s8.2">Equilis Te is used to vaccinate horses from six months of age against tetanus to prevent mortality.</s>
<s id="s8.3">Tetanus is an acute, often fatal disease caused by a neurotoxin produced by the bacterium Clostridium tetani.</s>
<s id="s8.4">The disease, which usually originates from contaminated wounds, is characterised by overall rigidity (stiffness) and convulsive spasms of the muscles.</s>
<s id="s8.5">Horses belong to the most susceptible species to tetanus.</s>
<s id="s9.1">The vaccine is given as an injection into a muscle.</s>
<s id="s9.2">Horses should receive a primary vaccination, consisting of two injections given four weeks apart.</s>
<s id="s9.3">To retain protection against tetanus, horses need to be revaccinated.</s>
<s id="s9.4">The first revaccination should be no later than 17 months after primary vaccination.</s>
<s id="s9.5">Afterwards, a maximum interval of two years is recommended.</s>
<s id="s10.1">How does Equilis Te work?</s>
<s id="s10.2">Equilis Te is a vaccine containing purified tetanus toxoid.</s>
<s id="s10.3">The toxoid is a toxin processed in order to remove its toxic effect, but retain its antigenic properties.</s>
<s id="s10.4">Vaccines work by ‘ teaching’ the immune system (the body’ s natural defences) how to defend itself against diseases.</s>
<s id="s10.5">When the product is given to horses, it helps the animals’ immune system to react quicker when the animal is naturally exposed to the Clostridium tetani bacterium.</s>
<s id="s10.6">This helps to protect against tetanus.</s>
<s id="s10.7">The vaccine also contains an ‘ adjuvant’ to stimulate a better immune response.</s>
<s id="s11.1">7 Westferry Circus, Canary Wharf, London E14 4HB, UK Tel.</s>
<s id="s11.2">(44-20) 74 18 84 00 Fax (44-20) 74 18 84 47 E-mail: mail@emea. europa. eu http: / /www. emea. europa. eu © European Medicines Agency, 2008.</s>
<s id="s11.3">Reproduction is authorised provided the source is acknowledged.</s>
<s id="s11.4">How has Equilis Te been studied?</s>
<s id="s11.5">The safety of Equilis Te was studied in several studies under laboratory and field conditions in a large number of horses, from 2 months of age.</s>
<s id="s11.6">All studies were performed with Equilis Prequenza Te (comment: double; mentioned in next paragraph).</s>
<s id="s11.7">It was concluded that the product is well tolerated by horses of different age.</s>
<s id="s11.8">Studies in pregnant mares were also performed.</s>
<s id="s11.9">No negative influence on gestation, foaling and offspring of mares was observed after vaccination at different times during pregnancy.</s>
<s id="s11.10">The effectiveness of Equilis Te has been studied in several trials under laboratory and field conditions.</s>
<s id="s11.11">Most of the studies were performed with Equilis Prequenza Te, a vaccine that protects against equine influenza as well as against tetanus.</s>
<s id="s11.12">For ethical reasons no challenge (infection) experiment was performed against tetanus.</s>
<s id="s11.13">The main measure of effectiveness was the production of protective levels of antibodies against tetanus toxoid after vaccination.</s>
<s id="s12.1">What benefit has Equilis Te shown during the studies?</s>
<s id="s12.2">The studies showed that Equilis Te is an effective vaccine against tetanus to prevent mortality in horses from 6 months of age.</s>
<s id="s12.3">Horses developed protection two weeks after primary vaccination.</s>
<s id="s12.4">The duration of protection against tetanus was 17 months after primary vaccination and 24 months after the first revaccination.</s>
<s id="s13.1">What is the risk associated with Equilis Te?</s>
<s id="s13.2">Swelling (max. diameter 5 cm) may occur at the injection site, either as diffuse hard or soft swelling.</s>
<s id="s13.3">The swelling is expected to decrease within two days.</s>
<s id="s13.4">Pain at the injection site can occur occasionally.</s>
<s id="s13.5">In some cases fever may occur for one day, and up to three days in exceptional circumstances.</s>
<s id="s14.1">What are the precautions for the person who gives the medicine or comes into contact with the animal?</s>
<s id="s14.2">In case of accidental self-injection, seek medical advice immediately and show the package leaflet or the label to the doctor.</s>
<s id="s15.1">What is the time to allow before the animal can be slaughtered and the meat used for human consumption (withdrawal period)?</s>
<s id="s15.2">The withdrawal period of the product is zero days.</s>
<s id="s16.1">What is the time to allow before milk can be taken from the animal for human consumption?</s>
<s id="s16.2">Zero days.</s>
<s id="s17.1">Why has Equilis Te been approved?</s>
<s id="s17.2">The Committee for Medicinal Products for Veterinary Use (CVMP) concluded that the benefits of Equilis Te exceeded the risks for the immunisation of horses from six months of age against tetanus to prevent mortality.</s>
<s id="s17.3">The Committee recommended that Equilis Te should be given a marketing authorisation.</s>
<s id="s17.4">The benefit-risk balance may be found in module 6 of this EPAR.</s>
<s id="s18.1">Page 2/ 3 ©EMEA 2008 Other information about Equilis Te:</s>
<s id="s18.2">The European Commission granted a marketing authorisation valid throughout the European Union, for Equilis Te to Intervet International BV on 8 July 2005.</s>
<s id="s18.3">Information on the prescription status of this product may be found on the label/ outer package.</s>
<s id="s19.1">This summary was last updated in October 2008.</s>
<s id="s20.1">Page 3/ 3 ©EMEA 2008</s>
</body>
</letsmt>
