<?xml version="1.0" encoding="utf-8"?>
<text>
<head id="1">
<s id="s1.1">
 <w id="w1.1.1">Številka</w> 
 <w id="w1.1.2">EU</w>
</s></head>

<head id="2">
<s id="s2.1">
 <w id="w2.1.1">Izmišljeno</w>   
 <w id="w2.1.2">ime</w>
</s></head>

<p id="3">
<s id="s3.1">
 <w id="w3.1.1">jakost</w>
</s></p>

<p id="4">
<s id="s4.1">
 <w id="w4.1.1">farmacevtska</w> 
 <w id="w4.1.2">oblika</w>
</s></p>

<p id="5">
<s id="s5.1">
 <w id="w5.1.1">pot</w> 
 <w id="w5.1.2">uporabe</w>
</s></p>

<p id="6">
<s id="s6.1">
 <w id="w6.1.1">ovojnina</w>
</s></p>

<p id="7">
<s id="s7.1">
 <w id="w7.1.1">velikost</w> 
 <w id="w7.1.2">pakiranja</w>
</s></p>

<p id="8">
<s id="s8.1">
 <w id="w8.1.1">EU/</w>
 <w id="w8.1.2">1/</w>
 <w id="w8.1.3">06/</w>
 <w id="w8.1.4">370/</w>
 <w id="w8.1.5">001</w>   
 <w id="w8.1.6">EU/</w>
 <w id="w8.1.7">1/</w>
 <w id="w8.1.8">06/</w>
 <w id="w8.1.9">370/</w>
 <w id="w8.1.10">002</w>   
 <w id="w8.1.11">EU/</w>
 <w id="w8.1.12">1/</w>
 <w id="w8.1.13">06/</w>
 <w id="w8.1.14">370/</w>
 <w id="w8.1.15">003</w>   
 <w id="w8.1.16">EU/</w>
 <w id="w8.1.17">1/</w>
 <w id="w8.1.18">06/</w>
 <w id="w8.1.19">370/</w>
 <w id="w8.1.20">004</w>   
 <w id="w8.1.21">EU/</w>
 <w id="w8.1.22">1/</w>
 <w id="w8.1.23">06/</w>
 <w id="w8.1.24">370/</w>
 <w id="w8.1.25">005</w>   
 <w id="w8.1.26">EU/</w>
 <w id="w8.1.27">1/</w>
 <w id="w8.1.28">06/</w>
 <w id="w8.1.29">370/</w>
 <w id="w8.1.30">006</w>   
 <w id="w8.1.31">EU/</w>
 <w id="w8.1.32">1/</w>
 <w id="w8.1.33">06/</w>
 <w id="w8.1.34">370/</w>
 <w id="w8.1.35">007</w>   
 <w id="w8.1.36">EU/</w>
 <w id="w8.1.37">1/</w>
 <w id="w8.1.38">06/</w>
 <w id="w8.1.39">370/</w>
 <w id="w8.1.40">008</w>   
 <w id="w8.1.41">EU/</w>
 <w id="w8.1.42">1/</w>
 <w id="w8.1.43">06/</w>
 <w id="w8.1.44">370/</w>
 <w id="w8.1.45">009</w>   
 <w id="w8.1.46">EU/</w>
 <w id="w8.1.47">1/</w>
 <w id="w8.1.48">06/</w>
 <w id="w8.1.49">370/</w>
 <w id="w8.1.50">010</w>   
 <w id="w8.1.51">EU/</w>
 <w id="w8.1.52">1/</w>
 <w id="w8.1.53">06/</w>
 <w id="w8.1.54">370/</w>
 <w id="w8.1.55">011</w>   
 <w id="w8.1.56">EU/</w>
 <w id="w8.1.57">1/</w>
 <w id="w8.1.58">06/</w>
 <w id="w8.1.59">370/</w>
 <w id="w8.1.60">012</w>   
 <w id="w8.1.61">EU/</w>
 <w id="w8.1.62">1/</w>
 <w id="w8.1.63">06/</w>
 <w id="w8.1.64">370/</w>
 <w id="w8.1.65">013</w>   
 <w id="w8.1.66">EU/</w>
 <w id="w8.1.67">1/</w>
 <w id="w8.1.68">06/</w>
 <w id="w8.1.69">370/</w>
 <w id="w8.1.70">014</w>   
 <w id="w8.1.71">EU/</w>
 <w id="w8.1.72">1/</w>
 <w id="w8.1.73">06/</w>
 <w id="w8.1.74">370/</w>
 <w id="w8.1.75">015</w>   
 <w id="w8.1.76">EU/</w>
 <w id="w8.1.77">1/</w>
 <w id="w8.1.78">06/</w>
 <w id="w8.1.79">370/</w>
 <w id="w8.1.80">016</w>   
 <w id="w8.1.81">EU/</w>
 <w id="w8.1.82">1/</w>
 <w id="w8.1.83">06/</w>
 <w id="w8.1.84">370/</w>
 <w id="w8.1.85">017</w>   
 <w id="w8.1.86">EU/</w>
 <w id="w8.1.87">1/</w>
 <w id="w8.1.88">06/</w>
 <w id="w8.1.89">370/</w>
 <w id="w8.1.90">018</w>   
 <w id="w8.1.91">EU/</w>
 <w id="w8.1.92">1/</w>
 <w id="w8.1.93">06/</w>
 <w id="w8.1.94">370/</w>
 <w id="w8.1.95">019</w>   
 <w id="w8.1.96">EU/</w>
 <w id="w8.1.97">1/</w>
 <w id="w8.1.98">06/</w>
 <w id="w8.1.99">370/</w>
 <w id="w8.1.100">020</w>   
 <w id="w8.1.101">EU/</w>
 <w id="w8.1.102">1/</w>
 <w id="w8.1.103">06/</w>
 <w id="w8.1.104">370/</w>
 <w id="w8.1.105">021</w>   
 <w id="w8.1.106">EU/</w>
 <w id="w8.1.107">1/</w>
 <w id="w8.1.108">06/</w>
 <w id="w8.1.109">370/</w>
 <w id="w8.1.110">022</w>   
 <w id="w8.1.111">EU/</w>
 <w id="w8.1.112">1/</w>
 <w id="w8.1.113">06/</w>
 <w id="w8.1.114">370/</w>
 <w id="w8.1.115">023</w>   
 <w id="w8.1.116">EU/</w>
 <w id="w8.1.117">1/</w>
 <w id="w8.1.118">06/</w>
 <w id="w8.1.119">370/</w>
 <w id="w8.1.120">024</w>   
 <w id="w8.1.121">EU/</w>
 <w id="w8.1.122">1/</w>
 <w id="w8.1.123">06/</w>
 <w id="w8.1.124">370/</w>
 <w id="w8.1.125">025</w>   
 <w id="w8.1.126">EU/</w>
 <w id="w8.1.127">1/</w>
 <w id="w8.1.128">06/</w>
 <w id="w8.1.129">370/</w>
 <w id="w8.1.130">026</w>   
 <w id="w8.1.131">EU/</w>
 <w id="w8.1.132">1/</w>
 <w id="w8.1.133">06/</w>
 <w id="w8.1.134">370/</w>
 <w id="w8.1.135">027</w>   
 <w id="w8.1.136">EU/</w>
 <w id="w8.1.137">1/</w>
 <w id="w8.1.138">06/</w>
 <w id="w8.1.139">370/</w>
 <w id="w8.1.140">028</w>   
 <w id="w8.1.141">EU/</w>
 <w id="w8.1.142">1/</w>
 <w id="w8.1.143">06/</w>
 <w id="w8.1.144">370/</w>
 <w id="w8.1.145">029</w>   
 <w id="w8.1.146">EU/</w>
 <w id="w8.1.147">1/</w>
 <w id="w8.1.148">06/</w>
 <w id="w8.1.149">370/</w>
 <w id="w8.1.150">030</w>   
 <w id="w8.1.151">EU/</w>
 <w id="w8.1.152">1/</w>
 <w id="w8.1.153">06/</w>
 <w id="w8.1.154">370/</w>
 <w id="w8.1.155">031</w>   
 <w id="w8.1.156">EU/</w>
 <w id="w8.1.157">1/</w>
 <w id="w8.1.158">06/</w>
 <w id="w8.1.159">370/</w>
 <w id="w8.1.160">032</w>   
 <w id="w8.1.161">EU/</w>
 <w id="w8.1.162">1/</w>
 <w id="w8.1.163">06/</w>
 <w id="w8.1.164">370/</w>
 <w id="w8.1.165">033</w>   
 <w id="w8.1.166">EU/</w>
 <w id="w8.1.167">1/</w>
 <w id="w8.1.168">06/</w>
 <w id="w8.1.169">370/</w>
 <w id="w8.1.170">034</w>   
 <w id="w8.1.171">EU/</w>
 <w id="w8.1.172">1/</w>
 <w id="w8.1.173">06/</w>
 <w id="w8.1.174">370/</w>
 <w id="w8.1.175">035</w>   
 <w id="w8.1.176">EU/</w>
 <w id="w8.1.177">1/</w>
 <w id="w8.1.178">06/</w>
 <w id="w8.1.179">370/</w>
 <w id="w8.1.180">036</w>
</s></p>

<p id="9">
<s id="s9.1">
 <w id="w9.1.1">Exforge</w>      
 <w id="w9.1.2">Exforge</w>      
 <w id="w9.1.3">Exforge</w>      
 <w id="w9.1.4">Exforge</w>      
 <w id="w9.1.5">Exforge</w>      
 <w id="w9.1.6">Exforge</w>      
 <w id="w9.1.7">Exforge</w>      
 <w id="w9.1.8">Exforge</w>      
 <w id="w9.1.9">Exforge</w>      
 <w id="w9.1.10">Exforge</w>      
 <w id="w9.1.11">Exforge</w>      
 <w id="w9.1.12">Exforge</w>      
 <w id="w9.1.13">Exforge</w>      
 <w id="w9.1.14">Exforge</w>      
 <w id="w9.1.15">Exforge</w>      
 <w id="w9.1.16">Exforge</w>      
 <w id="w9.1.17">Exforge</w>      
 <w id="w9.1.18">Exforge</w>      
 <w id="w9.1.19">Exforge</w>      
 <w id="w9.1.20">Exforge</w>      
 <w id="w9.1.21">Exforge</w>      
 <w id="w9.1.22">Exforge</w>      
 <w id="w9.1.23">Exforge</w>      
 <w id="w9.1.24">Exforge</w>      
 <w id="w9.1.25">Exforge</w>      
 <w id="w9.1.26">Exforge</w>      
 <w id="w9.1.27">Exforge</w>      
 <w id="w9.1.28">Exforge</w>      
 <w id="w9.1.29">Exforge</w>      
 <w id="w9.1.30">Exforge</w>      
 <w id="w9.1.31">Exforge</w>      
 <w id="w9.1.32">Exforge</w>      
 <w id="w9.1.33">Exforge</w>      
 <w id="w9.1.34">Exforge</w>      
 <w id="w9.1.35">Exforge</w>      
 <w id="w9.1.36">Exforge</w>
</s></p>

<p id="10">
<s id="s10.1">
 <w id="w10.1.1">5</w> 
 <w id="w10.1.2">mg/</w>
 <w id="w10.1.3">80</w> 
 <w id="w10.1.4">mg</w>     
 <w id="w10.1.5">5</w> 
 <w id="w10.1.6">mg/</w>
 <w id="w10.1.7">80</w> 
 <w id="w10.1.8">mg</w>     
 <w id="w10.1.9">5</w> 
 <w id="w10.1.10">mg/</w>
 <w id="w10.1.11">80</w> 
 <w id="w10.1.12">mg</w>     
 <w id="w10.1.13">5</w> 
 <w id="w10.1.14">mg/</w>
 <w id="w10.1.15">80</w> 
 <w id="w10.1.16">mg</w>     
 <w id="w10.1.17">5</w> 
 <w id="w10.1.18">mg/</w>
 <w id="w10.1.19">80</w> 
 <w id="w10.1.20">mg</w>     
 <w id="w10.1.21">5</w> 
 <w id="w10.1.22">mg/</w>
 <w id="w10.1.23">80</w> 
 <w id="w10.1.24">mg</w>     
 <w id="w10.1.25">5</w> 
 <w id="w10.1.26">mg/</w>
 <w id="w10.1.27">80</w> 
 <w id="w10.1.28">mg</w>     
 <w id="w10.1.29">5</w> 
 <w id="w10.1.30">mg/</w>
 <w id="w10.1.31">80</w> 
 <w id="w10.1.32">mg</w>     
 <w id="w10.1.33">5</w> 
 <w id="w10.1.34">mg/</w>
 <w id="w10.1.35">160</w> 
 <w id="w10.1.36">mg</w>    
 <w id="w10.1.37">5</w> 
 <w id="w10.1.38">mg/</w>
 <w id="w10.1.39">160</w> 
 <w id="w10.1.40">mg</w>    
 <w id="w10.1.41">5</w> 
 <w id="w10.1.42">mg/</w>
 <w id="w10.1.43">160</w> 
 <w id="w10.1.44">mg</w>    
 <w id="w10.1.45">5</w> 
 <w id="w10.1.46">mg/</w>
 <w id="w10.1.47">160</w> 
 <w id="w10.1.48">mg</w>    
 <w id="w10.1.49">5</w> 
 <w id="w10.1.50">mg/</w>
 <w id="w10.1.51">160</w> 
 <w id="w10.1.52">mg</w>    
 <w id="w10.1.53">5</w> 
 <w id="w10.1.54">mg/</w>
 <w id="w10.1.55">160</w> 
 <w id="w10.1.56">mg</w>    
 <w id="w10.1.57">5</w> 
 <w id="w10.1.58">mg/</w>
 <w id="w10.1.59">160</w> 
 <w id="w10.1.60">mg</w>    
 <w id="w10.1.61">5</w> 
 <w id="w10.1.62">mg/</w>
 <w id="w10.1.63">160</w> 
 <w id="w10.1.64">mg</w>    
 <w id="w10.1.65">10</w> 
 <w id="w10.1.66">mg/</w>
 <w id="w10.1.67">160</w> 
 <w id="w10.1.68">mg</w>   
 <w id="w10.1.69">10</w> 
 <w id="w10.1.70">mg/</w>
 <w id="w10.1.71">160</w> 
 <w id="w10.1.72">mg</w>   
 <w id="w10.1.73">10</w> 
 <w id="w10.1.74">mg/</w>
 <w id="w10.1.75">160</w> 
 <w id="w10.1.76">mg</w>   
 <w id="w10.1.77">10</w> 
 <w id="w10.1.78">mg/</w>
 <w id="w10.1.79">160</w> 
 <w id="w10.1.80">mg</w>   
 <w id="w10.1.81">10</w> 
 <w id="w10.1.82">mg/</w>
 <w id="w10.1.83">160</w> 
 <w id="w10.1.84">mg</w>   
 <w id="w10.1.85">10</w> 
 <w id="w10.1.86">mg/</w>
 <w id="w10.1.87">160</w> 
 <w id="w10.1.88">mg</w>   
 <w id="w10.1.89">10</w> 
 <w id="w10.1.90">mg/</w>
 <w id="w10.1.91">160</w> 
 <w id="w10.1.92">mg</w>   
 <w id="w10.1.93">10</w> 
 <w id="w10.1.94">mg/</w>
 <w id="w10.1.95">160</w> 
 <w id="w10.1.96">mg</w>   
 <w id="w10.1.97">5</w> 
 <w id="w10.1.98">mg/</w>
 <w id="w10.1.99">80</w> 
 <w id="w10.1.100">mg</w>     
 <w id="w10.1.101">5</w> 
 <w id="w10.1.102">mg/</w>
 <w id="w10.1.103">80</w> 
 <w id="w10.1.104">mg</w>     
 <w id="w10.1.105">5</w> 
 <w id="w10.1.106">mg/</w>
 <w id="w10.1.107">80</w> 
 <w id="w10.1.108">mg</w>     
 <w id="w10.1.109">5</w> 
 <w id="w10.1.110">mg/</w>
 <w id="w10.1.111">160</w> 
 <w id="w10.1.112">mg</w>    
 <w id="w10.1.113">5</w> 
 <w id="w10.1.114">mg/</w>
 <w id="w10.1.115">160</w> 
 <w id="w10.1.116">mg</w>    
 <w id="w10.1.117">5</w> 
 <w id="w10.1.118">mg/</w>
 <w id="w10.1.119">160</w> 
 <w id="w10.1.120">mg</w>    
 <w id="w10.1.121">10</w> 
 <w id="w10.1.122">mg/</w>
 <w id="w10.1.123">160</w> 
 <w id="w10.1.124">mg</w>   
 <w id="w10.1.125">10</w> 
 <w id="w10.1.126">mg/</w>
 <w id="w10.1.127">160</w> 
 <w id="w10.1.128">mg</w>   
 <w id="w10.1.129">10</w> 
 <w id="w10.1.130">mg/</w>
 <w id="w10.1.131">160</w> 
 <w id="w10.1.132">mg</w>   
 <w id="w10.1.133">5</w> 
 <w id="w10.1.134">mg/</w>
 <w id="w10.1.135">80</w> 
 <w id="w10.1.136">mg</w>     
 <w id="w10.1.137">5</w> 
 <w id="w10.1.138">mg/</w>
 <w id="w10.1.139">160</w> 
 <w id="w10.1.140">mg</w>    
 <w id="w10.1.141">10</w> 
 <w id="w10.1.142">mg/</w>
 <w id="w10.1.143">160</w> 
 <w id="w10.1.144">mg</w>
</s></p>

<p id="11">
<s id="s11.1">
 <w id="w11.1.1">filmsko</w> 
 <w id="w11.1.2">obložene</w> 
 <w id="w11.1.3">tablete</w>   
 <w id="w11.1.4">filmsko</w> 
 <w id="w11.1.5">obložene</w> 
 <w id="w11.1.6">tablete</w>   
 <w id="w11.1.7">filmsko</w> 
 <w id="w11.1.8">obložene</w> 
 <w id="w11.1.9">tablete</w>   
 <w id="w11.1.10">filmsko</w> 
 <w id="w11.1.11">obložene</w> 
 <w id="w11.1.12">tablete</w>   
 <w id="w11.1.13">filmsko</w> 
 <w id="w11.1.14">obložene</w> 
 <w id="w11.1.15">tablete</w>   
 <w id="w11.1.16">filmsko</w> 
 <w id="w11.1.17">obložene</w> 
 <w id="w11.1.18">tablete</w>   
 <w id="w11.1.19">filmsko</w> 
 <w id="w11.1.20">obložene</w> 
 <w id="w11.1.21">tablete</w>   
 <w id="w11.1.22">filmsko</w> 
 <w id="w11.1.23">obložene</w> 
 <w id="w11.1.24">tablete</w>   
 <w id="w11.1.25">filmsko</w> 
 <w id="w11.1.26">obložene</w> 
 <w id="w11.1.27">tablete</w>   
 <w id="w11.1.28">filmsko</w> 
 <w id="w11.1.29">obložene</w> 
 <w id="w11.1.30">tablete</w>   
 <w id="w11.1.31">filmsko</w> 
 <w id="w11.1.32">obložene</w> 
 <w id="w11.1.33">tablete</w>   
 <w id="w11.1.34">filmsko</w> 
 <w id="w11.1.35">obložene</w> 
 <w id="w11.1.36">tablete</w>   
 <w id="w11.1.37">filmsko</w> 
 <w id="w11.1.38">obložene</w> 
 <w id="w11.1.39">tablete</w>   
 <w id="w11.1.40">filmsko</w> 
 <w id="w11.1.41">obložene</w> 
 <w id="w11.1.42">tablete</w>   
 <w id="w11.1.43">filmsko</w> 
 <w id="w11.1.44">obložene</w> 
 <w id="w11.1.45">tablete</w>   
 <w id="w11.1.46">filmsko</w> 
 <w id="w11.1.47">obložene</w> 
 <w id="w11.1.48">tablete</w>   
 <w id="w11.1.49">filmsko</w> 
 <w id="w11.1.50">obložene</w> 
 <w id="w11.1.51">tablete</w>   
 <w id="w11.1.52">filmsko</w> 
 <w id="w11.1.53">obložene</w> 
 <w id="w11.1.54">tablete</w>   
 <w id="w11.1.55">filmsko</w> 
 <w id="w11.1.56">obložene</w> 
 <w id="w11.1.57">tablete</w>   
 <w id="w11.1.58">filmsko</w> 
 <w id="w11.1.59">obložene</w> 
 <w id="w11.1.60">tablete</w>   
 <w id="w11.1.61">filmsko</w> 
 <w id="w11.1.62">obložene</w> 
 <w id="w11.1.63">tablete</w>   
 <w id="w11.1.64">filmsko</w> 
 <w id="w11.1.65">obložene</w> 
 <w id="w11.1.66">tablete</w>   
 <w id="w11.1.67">filmsko</w> 
 <w id="w11.1.68">obložene</w> 
 <w id="w11.1.69">tablete</w>   
 <w id="w11.1.70">filmsko</w> 
 <w id="w11.1.71">obložene</w> 
 <w id="w11.1.72">tablete</w>   
 <w id="w11.1.73">filmsko</w> 
 <w id="w11.1.74">obložene</w> 
 <w id="w11.1.75">tablete</w>   
 <w id="w11.1.76">filmsko</w> 
 <w id="w11.1.77">obložene</w> 
 <w id="w11.1.78">tablete</w>   
 <w id="w11.1.79">filmsko</w> 
 <w id="w11.1.80">obložene</w> 
 <w id="w11.1.81">tablete</w>   
 <w id="w11.1.82">filmsko</w> 
 <w id="w11.1.83">obložene</w> 
 <w id="w11.1.84">tablete</w>   
 <w id="w11.1.85">filmsko</w> 
 <w id="w11.1.86">obložene</w> 
 <w id="w11.1.87">tablete</w>   
 <w id="w11.1.88">filmsko</w> 
 <w id="w11.1.89">obložene</w> 
 <w id="w11.1.90">tablete</w>   
 <w id="w11.1.91">filmsko</w> 
 <w id="w11.1.92">obložene</w> 
 <w id="w11.1.93">tablete</w>   
 <w id="w11.1.94">filmsko</w> 
 <w id="w11.1.95">obložene</w> 
 <w id="w11.1.96">tablete</w>   
 <w id="w11.1.97">filmsko</w> 
 <w id="w11.1.98">obložene</w> 
 <w id="w11.1.99">tablete</w>   
 <w id="w11.1.100">filmsko</w> 
 <w id="w11.1.101">obložene</w> 
 <w id="w11.1.102">tablete</w>   
 <w id="w11.1.103">filmsko</w> 
 <w id="w11.1.104">obložene</w> 
 <w id="w11.1.105">tablete</w>   
 <w id="w11.1.106">filmsko</w> 
 <w id="w11.1.107">obložene</w> 
 <w id="w11.1.108">tablete</w>
</s></p>

<p id="12">
<s id="s12.1">
 <w id="w12.1.1">peroralna</w> 
 <w id="w12.1.2">uporaba</w>   
 <w id="w12.1.3">peroralna</w> 
 <w id="w12.1.4">uporaba</w>   
 <w id="w12.1.5">peroralna</w> 
 <w id="w12.1.6">uporaba</w>   
 <w id="w12.1.7">peroralna</w> 
 <w id="w12.1.8">uporaba</w>   
 <w id="w12.1.9">peroralna</w> 
 <w id="w12.1.10">uporaba</w>   
 <w id="w12.1.11">peroralna</w> 
 <w id="w12.1.12">uporaba</w>   
 <w id="w12.1.13">peroralna</w> 
 <w id="w12.1.14">uporaba</w>   
 <w id="w12.1.15">peroralna</w> 
 <w id="w12.1.16">uporaba</w>   
 <w id="w12.1.17">peroralna</w> 
 <w id="w12.1.18">uporaba</w>   
 <w id="w12.1.19">peroralna</w> 
 <w id="w12.1.20">uporaba</w>   
 <w id="w12.1.21">peroralna</w> 
 <w id="w12.1.22">uporaba</w>   
 <w id="w12.1.23">peroralna</w> 
 <w id="w12.1.24">uporaba</w>   
 <w id="w12.1.25">peroralna</w> 
 <w id="w12.1.26">uporaba</w>   
 <w id="w12.1.27">peroralna</w> 
 <w id="w12.1.28">uporaba</w>   
 <w id="w12.1.29">peroralna</w> 
 <w id="w12.1.30">uporaba</w>   
 <w id="w12.1.31">peroralna</w> 
 <w id="w12.1.32">uporaba</w>   
 <w id="w12.1.33">peroralna</w> 
 <w id="w12.1.34">uporaba</w>   
 <w id="w12.1.35">peroralna</w> 
 <w id="w12.1.36">uporaba</w>   
 <w id="w12.1.37">peroralna</w> 
 <w id="w12.1.38">uporaba</w>   
 <w id="w12.1.39">peroralna</w> 
 <w id="w12.1.40">uporaba</w>   
 <w id="w12.1.41">peroralna</w> 
 <w id="w12.1.42">uporaba</w>   
 <w id="w12.1.43">peroralna</w> 
 <w id="w12.1.44">uporaba</w>   
 <w id="w12.1.45">peroralna</w> 
 <w id="w12.1.46">uporaba</w>   
 <w id="w12.1.47">peroralna</w> 
 <w id="w12.1.48">uporaba</w>   
 <w id="w12.1.49">peroralna</w> 
 <w id="w12.1.50">uporaba</w>   
 <w id="w12.1.51">peroralna</w> 
 <w id="w12.1.52">uporaba</w>   
 <w id="w12.1.53">peroralna</w> 
 <w id="w12.1.54">uporaba</w>   
 <w id="w12.1.55">peroralna</w> 
 <w id="w12.1.56">uporaba</w>   
 <w id="w12.1.57">peroralna</w> 
 <w id="w12.1.58">uporaba</w>   
 <w id="w12.1.59">peroralna</w> 
 <w id="w12.1.60">uporaba</w>   
 <w id="w12.1.61">peroralna</w> 
 <w id="w12.1.62">uporaba</w>   
 <w id="w12.1.63">peroralna</w> 
 <w id="w12.1.64">uporaba</w>   
 <w id="w12.1.65">peroralna</w> 
 <w id="w12.1.66">uporaba</w>   
 <w id="w12.1.67">peroralna</w> 
 <w id="w12.1.68">uporaba</w>   
 <w id="w12.1.69">peroralna</w> 
 <w id="w12.1.70">uporaba</w>   
 <w id="w12.1.71">peroralna</w> 
 <w id="w12.1.72">uporaba</w>
</s></p>

<p id="13">
<s id="s13.1">
 <w id="w13.1.1">pretisni</w> 
 <w id="w13.1.2">omot</w> 
 <w id="w13.1.3">(</w>
 <w id="w13.1.4">PVC/</w>
 <w id="w13.1.5">PVDC</w>
 <w id="w13.1.6">)</w>   
 <w id="w13.1.7">pretisni</w> 
 <w id="w13.1.8">omot</w> 
 <w id="w13.1.9">(</w>
 <w id="w13.1.10">PVC/</w>
 <w id="w13.1.11">PVDC</w>
 <w id="w13.1.12">)</w>   
 <w id="w13.1.13">pretisni</w> 
 <w id="w13.1.14">omot</w> 
 <w id="w13.1.15">(</w>
 <w id="w13.1.16">PVC/</w>
 <w id="w13.1.17">PVDC</w>
 <w id="w13.1.18">)</w>   
 <w id="w13.1.19">pretisni</w> 
 <w id="w13.1.20">omot</w> 
 <w id="w13.1.21">(</w>
 <w id="w13.1.22">PVC/</w>
 <w id="w13.1.23">PVDC</w>
 <w id="w13.1.24">)</w>   
 <w id="w13.1.25">pretisni</w> 
 <w id="w13.1.26">omot</w> 
 <w id="w13.1.27">(</w>
 <w id="w13.1.28">PVC/</w>
 <w id="w13.1.29">PVDC</w>
 <w id="w13.1.30">)</w>   
 <w id="w13.1.31">pretisni</w> 
 <w id="w13.1.32">omot</w> 
 <w id="w13.1.33">(</w>
 <w id="w13.1.34">PVC/</w>
 <w id="w13.1.35">PVDC</w>
 <w id="w13.1.36">)</w>   
 <w id="w13.1.37">pretisni</w> 
 <w id="w13.1.38">omot</w> 
 <w id="w13.1.39">(</w>
 <w id="w13.1.40">PVC/</w>
 <w id="w13.1.41">PVDC</w>
 <w id="w13.1.42">)</w>   
 <w id="w13.1.43">pretisni</w> 
 <w id="w13.1.44">omot</w> 
 <w id="w13.1.45">(</w>
 <w id="w13.1.46">PVC/</w>
 <w id="w13.1.47">PVDC</w>
 <w id="w13.1.48">)</w>   
 <w id="w13.1.49">pretisni</w> 
 <w id="w13.1.50">omot</w> 
 <w id="w13.1.51">(</w>
 <w id="w13.1.52">PVC/</w>
 <w id="w13.1.53">PVDC</w>
 <w id="w13.1.54">)</w>   
 <w id="w13.1.55">pretisni</w> 
 <w id="w13.1.56">omot</w> 
 <w id="w13.1.57">(</w>
 <w id="w13.1.58">PVC/</w>
 <w id="w13.1.59">PVDC</w>
 <w id="w13.1.60">)</w>   
 <w id="w13.1.61">pretisni</w> 
 <w id="w13.1.62">omot</w> 
 <w id="w13.1.63">(</w>
 <w id="w13.1.64">PVC/</w>
 <w id="w13.1.65">PVDC</w>
 <w id="w13.1.66">)</w>   
 <w id="w13.1.67">pretisni</w> 
 <w id="w13.1.68">omot</w> 
 <w id="w13.1.69">(</w>
 <w id="w13.1.70">PVC/</w>
 <w id="w13.1.71">PVDC</w>
 <w id="w13.1.72">)</w>   
 <w id="w13.1.73">pretisni</w> 
 <w id="w13.1.74">omot</w> 
 <w id="w13.1.75">(</w>
 <w id="w13.1.76">PVC/</w>
 <w id="w13.1.77">PVDC</w>
 <w id="w13.1.78">)</w>   
 <w id="w13.1.79">pretisni</w> 
 <w id="w13.1.80">omot</w> 
 <w id="w13.1.81">(</w>
 <w id="w13.1.82">PVC/</w>
 <w id="w13.1.83">PVDC</w>
 <w id="w13.1.84">)</w>   
 <w id="w13.1.85">pretisni</w> 
 <w id="w13.1.86">omot</w> 
 <w id="w13.1.87">(</w>
 <w id="w13.1.88">PVC/</w>
 <w id="w13.1.89">PVDC</w>
 <w id="w13.1.90">)</w>   
 <w id="w13.1.91">pretisni</w> 
 <w id="w13.1.92">omot</w> 
 <w id="w13.1.93">(</w>
 <w id="w13.1.94">PVC/</w>
 <w id="w13.1.95">PVDC</w>
 <w id="w13.1.96">)</w>   
 <w id="w13.1.97">pretisni</w> 
 <w id="w13.1.98">omot</w> 
 <w id="w13.1.99">(</w>
 <w id="w13.1.100">PVC/</w>
 <w id="w13.1.101">PVDC</w>
 <w id="w13.1.102">)</w>   
 <w id="w13.1.103">pretisni</w> 
 <w id="w13.1.104">omot</w> 
 <w id="w13.1.105">(</w>
 <w id="w13.1.106">PVC/</w>
 <w id="w13.1.107">PVDC</w>
 <w id="w13.1.108">)</w>   
 <w id="w13.1.109">pretisni</w> 
 <w id="w13.1.110">omot</w> 
 <w id="w13.1.111">(</w>
 <w id="w13.1.112">PVC/</w>
 <w id="w13.1.113">PVDC</w>
 <w id="w13.1.114">)</w>   
 <w id="w13.1.115">pretisni</w> 
 <w id="w13.1.116">omot</w> 
 <w id="w13.1.117">(</w>
 <w id="w13.1.118">PVC/</w>
 <w id="w13.1.119">PVDC</w>
 <w id="w13.1.120">)</w>   
 <w id="w13.1.121">pretisni</w> 
 <w id="w13.1.122">omot</w> 
 <w id="w13.1.123">(</w>
 <w id="w13.1.124">PVC/</w>
 <w id="w13.1.125">PVDC</w>
 <w id="w13.1.126">)</w>   
 <w id="w13.1.127">pretisni</w> 
 <w id="w13.1.128">omot</w> 
 <w id="w13.1.129">(</w>
 <w id="w13.1.130">PVC/</w>
 <w id="w13.1.131">PVDC</w>
 <w id="w13.1.132">)</w>   
 <w id="w13.1.133">pretisni</w> 
 <w id="w13.1.134">omot</w> 
 <w id="w13.1.135">(</w>
 <w id="w13.1.136">PVC/</w>
 <w id="w13.1.137">PVDC</w>
 <w id="w13.1.138">)</w>   
 <w id="w13.1.139">pretisni</w> 
 <w id="w13.1.140">omot</w> 
 <w id="w13.1.141">(</w>
 <w id="w13.1.142">PVC/</w>
 <w id="w13.1.143">PVDC</w>
 <w id="w13.1.144">)</w>   
 <w id="w13.1.145">pretisni</w> 
 <w id="w13.1.146">omot</w> 
 <w id="w13.1.147">(</w>
 <w id="w13.1.148">PVC/</w>
 <w id="w13.1.149">PVDC</w>
 <w id="w13.1.150">)</w>   
 <w id="w13.1.151">pretisni</w> 
 <w id="w13.1.152">omot</w> 
 <w id="w13.1.153">(</w>
 <w id="w13.1.154">PVC/</w>
 <w id="w13.1.155">PVDC</w>
 <w id="w13.1.156">)</w>   
 <w id="w13.1.157">pretisni</w> 
 <w id="w13.1.158">omot</w> 
 <w id="w13.1.159">(</w>
 <w id="w13.1.160">PVC/</w>
 <w id="w13.1.161">PVDC</w>
 <w id="w13.1.162">)</w>   
 <w id="w13.1.163">pretisni</w> 
 <w id="w13.1.164">omot</w> 
 <w id="w13.1.165">(</w>
 <w id="w13.1.166">PVC/</w>
 <w id="w13.1.167">PVDC</w>
 <w id="w13.1.168">)</w>   
 <w id="w13.1.169">pretisni</w> 
 <w id="w13.1.170">omot</w> 
 <w id="w13.1.171">(</w>
 <w id="w13.1.172">PVC/</w>
 <w id="w13.1.173">PVDC</w>
 <w id="w13.1.174">)</w>   
 <w id="w13.1.175">pretisni</w> 
 <w id="w13.1.176">omot</w> 
 <w id="w13.1.177">(</w>
 <w id="w13.1.178">PVC/</w>
 <w id="w13.1.179">PVDC</w>
 <w id="w13.1.180">)</w>   
 <w id="w13.1.181">pretisni</w> 
 <w id="w13.1.182">omot</w> 
 <w id="w13.1.183">(</w>
 <w id="w13.1.184">PVC/</w>
 <w id="w13.1.185">PVDC</w>
 <w id="w13.1.186">)</w>   
 <w id="w13.1.187">pretisni</w> 
 <w id="w13.1.188">omot</w> 
 <w id="w13.1.189">(</w>
 <w id="w13.1.190">PVC/</w>
 <w id="w13.1.191">PVDC</w>
 <w id="w13.1.192">)</w>   
 <w id="w13.1.193">pretisni</w> 
 <w id="w13.1.194">omot</w> 
 <w id="w13.1.195">(</w>
 <w id="w13.1.196">PVC/</w>
 <w id="w13.1.197">PVDC</w>
 <w id="w13.1.198">)</w>   
 <w id="w13.1.199">pretisni</w> 
 <w id="w13.1.200">omot</w> 
 <w id="w13.1.201">(</w>
 <w id="w13.1.202">PVC/</w>
 <w id="w13.1.203">PVDC</w>
 <w id="w13.1.204">)</w>   
 <w id="w13.1.205">pretisni</w> 
 <w id="w13.1.206">omot</w> 
 <w id="w13.1.207">(</w>
 <w id="w13.1.208">PVC/</w>
 <w id="w13.1.209">PVDC</w>
 <w id="w13.1.210">)</w>   
 <w id="w13.1.211">pretisni</w> 
 <w id="w13.1.212">omot</w> 
 <w id="w13.1.213">(</w>
 <w id="w13.1.214">PVC/</w>
 <w id="w13.1.215">PVDC</w>
 <w id="w13.1.216">)</w>
</s></p>

<p id="14">
<s id="s14.1">
 <w id="w14.1.1">7</w> 
 <w id="w14.1.2">tablet</w> 
 <w id="w14.1.3">14</w> 
 <w id="w14.1.4">tablet</w> 
 <w id="w14.1.5">28</w> 
 <w id="w14.1.6">tablet</w> 
 <w id="w14.1.7">30</w> 
 <w id="w14.1.8">tablet</w> 
 <w id="w14.1.9">56</w> 
 <w id="w14.1.10">tablet</w> 
 <w id="w14.1.11">90</w> 
 <w id="w14.1.12">tablet</w> 
 <w id="w14.1.13">98</w> 
 <w id="w14.1.14">tablet</w> 
 <w id="w14.1.15">280</w> 
 <w id="w14.1.16">tablet</w> 
 <w id="w14.1.17">7</w> 
 <w id="w14.1.18">tablet</w> 
 <w id="w14.1.19">14</w> 
 <w id="w14.1.20">tablet</w> 
 <w id="w14.1.21">28</w> 
 <w id="w14.1.22">tablet</w> 
 <w id="w14.1.23">30</w> 
 <w id="w14.1.24">tablet</w> 
 <w id="w14.1.25">56</w> 
 <w id="w14.1.26">tablet</w> 
 <w id="w14.1.27">90</w> 
 <w id="w14.1.28">tablet</w> 
 <w id="w14.1.29">98</w> 
 <w id="w14.1.30">tablet</w> 
 <w id="w14.1.31">280</w> 
 <w id="w14.1.32">tablet</w> 
 <w id="w14.1.33">7</w> 
 <w id="w14.1.34">tablet</w> 
 <w id="w14.1.35">14</w> 
 <w id="w14.1.36">tablet</w> 
 <w id="w14.1.37">28</w> 
 <w id="w14.1.38">tablet</w> 
 <w id="w14.1.39">30</w> 
 <w id="w14.1.40">tablet</w> 
 <w id="w14.1.41">56</w> 
 <w id="w14.1.42">tablet</w> 
 <w id="w14.1.43">90</w> 
 <w id="w14.1.44">tablet</w> 
 <w id="w14.1.45">98</w> 
 <w id="w14.1.46">tablet</w> 
 <w id="w14.1.47">280</w> 
 <w id="w14.1.48">tablet</w> 
 <w id="w14.1.49">56</w> 
 <w id="w14.1.50">x</w> 
 <w id="w14.1.51">1</w> 
 <w id="w14.1.52">tableta</w> 
 <w id="w14.1.53">(</w>
 <w id="w14.1.54">za</w> 
 <w id="w14.1.55">enkratni</w> 
 <w id="w14.1.56">odmerek</w>
 <w id="w14.1.57">)</w> 
 <w id="w14.1.58">98</w> 
 <w id="w14.1.59">x</w> 
 <w id="w14.1.60">1</w> 
 <w id="w14.1.61">tableta</w> 
 <w id="w14.1.62">(</w>
 <w id="w14.1.63">za</w> 
 <w id="w14.1.64">enkratni</w> 
 <w id="w14.1.65">odmerek</w>
 <w id="w14.1.66">)</w> 
 <w id="w14.1.67">280</w> 
 <w id="w14.1.68">x</w> 
 <w id="w14.1.69">1</w> 
 <w id="w14.1.70">tableta</w> 
 <w id="w14.1.71">(</w>
 <w id="w14.1.72">za</w> 
 <w id="w14.1.73">enkratni</w> 
 <w id="w14.1.74">odmerek</w>
 <w id="w14.1.75">)</w> 
 <w id="w14.1.76">56</w> 
 <w id="w14.1.77">x</w> 
 <w id="w14.1.78">1</w> 
 <w id="w14.1.79">tableta</w> 
 <w id="w14.1.80">(</w>
 <w id="w14.1.81">za</w> 
 <w id="w14.1.82">enkratni</w> 
 <w id="w14.1.83">odmerek</w>
 <w id="w14.1.84">)</w> 
 <w id="w14.1.85">98</w> 
 <w id="w14.1.86">x</w> 
 <w id="w14.1.87">1</w> 
 <w id="w14.1.88">tableta</w> 
 <w id="w14.1.89">(</w>
 <w id="w14.1.90">za</w> 
 <w id="w14.1.91">enkratni</w> 
 <w id="w14.1.92">odmerek</w>
 <w id="w14.1.93">)</w> 
 <w id="w14.1.94">280</w> 
 <w id="w14.1.95">x</w> 
 <w id="w14.1.96">1</w> 
 <w id="w14.1.97">tableta</w> 
 <w id="w14.1.98">(</w>
 <w id="w14.1.99">za</w> 
 <w id="w14.1.100">enkratni</w> 
 <w id="w14.1.101">odmerek</w>
 <w id="w14.1.102">)</w> 
 <w id="w14.1.103">56</w> 
 <w id="w14.1.104">x</w> 
 <w id="w14.1.105">1</w> 
 <w id="w14.1.106">tableta</w> 
 <w id="w14.1.107">(</w>
 <w id="w14.1.108">za</w> 
 <w id="w14.1.109">enkratni</w> 
 <w id="w14.1.110">odmerek</w>
 <w id="w14.1.111">)</w> 
 <w id="w14.1.112">98</w> 
 <w id="w14.1.113">x</w> 
 <w id="w14.1.114">1</w> 
 <w id="w14.1.115">tableta</w> 
 <w id="w14.1.116">(</w>
 <w id="w14.1.117">za</w> 
 <w id="w14.1.118">enkratni</w> 
 <w id="w14.1.119">odmerek</w>
 <w id="w14.1.120">)</w> 
 <w id="w14.1.121">280</w> 
 <w id="w14.1.122">x</w> 
 <w id="w14.1.123">1</w> 
 <w id="w14.1.124">tableta</w> 
 <w id="w14.1.125">(</w>
 <w id="w14.1.126">za</w> 
 <w id="w14.1.127">enkratni</w> 
 <w id="w14.1.128">odmerek</w>
 <w id="w14.1.129">)</w> 
 <w id="w14.1.130">280</w> 
 <w id="w14.1.131">tablet</w> 
 <w id="w14.1.132">(</w>
 <w id="w14.1.133">4</w> 
 <w id="w14.1.134">x</w> 
 <w id="w14.1.135">70</w>
 <w id="w14.1.136">)</w> 
 <w id="w14.1.137">280</w> 
 <w id="w14.1.138">tablet</w> 
 <w id="w14.1.139">(</w>
 <w id="w14.1.140">4</w> 
 <w id="w14.1.141">x</w> 
 <w id="w14.1.142">70</w>
 <w id="w14.1.143">)</w> 
 <w id="w14.1.144">280</w> 
 <w id="w14.1.145">tablet</w> 
 <w id="w14.1.146">(</w>
 <w id="w14.1.147">4</w> 
 <w id="w14.1.148">x</w> 
 <w id="w14.1.149">70</w>
 <w id="w14.1.150">)</w>
</s></p>

<p id="15">
<s id="s15.1">
 <w id="w15.1.1">1/</w>
 <w id="w15.1.2">1</w>
</s></p></text>
