<?xml version="1.0" encoding="utf-8"?>
<letsmt version="1.0">
<head></head>
<body>
<s id="s1.1">European Medicines Agency</s>
<s id="s2.1">13. januarja 2009 EMEA/ CHMP/ 89934/ 2009</s>
<s id="s3.1">ODBOR ZA ZDRAVILA ZA UPORABO V HUMANI MEDICINI (CHMP) MNENJE V ZVEZI Z NAPOTITVIJO IZ ČLENA 31</s>
<s id="s4.1">za zdravila, ki vsebujejo norfloksacin</s>
<s id="s5.1">Mednarodno nelastniško ime (INN): norfloksacin</s>
<s id="s6.1">OSNOVNE INFORMACIJE *</s>
<s id="s7.1">Norfloksacin je kinolonska baktericidna učinkovina s širokim spektrom delovanja, indicirana za zdravljenje akutnega in kronično zapletenega pielonefritisa zaradi dovzetnih organizmov.</s>
<s id="s8.1">Belgija je 14. septembra 2007 zadevo napotila na agencijo EMEA v skladu s členom 31 Direktive 2001/ 83/ ES in zaprosila Odbor za zdravila za uporabo v humani medicini (CHMP), naj poda svoje mnenje, ali je treba dovoljenja za promet z zdravilom za peroralne pripravke zdravil, ki vsebujejo norfloksacin, pri zdravljenju akutnega ali kronično zapletenega ali nezapletenega pielonefritisa, ohraniti, spremeniti, preklicati ali umakniti v Evropski uniji zaradi ponovne ocene razmerja med koristmi in tveganji pri uporabi norfloksacina.</s>
<s id="s8.2">Zahteva je temeljila na naslednjih razlogih:</s>
<s id="s9.1">- pielonefritis je pogosto povezan z bakteremijo.</s>
<s id="s9.2">Zdravila, ki vsebujejo norfloksacin in so na voljo</s>
<s id="s10.1">samo kot peroralni pripravki, ne zagotavljajo zadostne serumske koncentracije za zdravljenje sočasne bakteremije;</s>
<s id="s11.1">- za zdravljenje navedenih indikacij so na voljo tudi druga zdravila.</s>
<s id="s11.2">Druga generacija</s>
<s id="s12.1">fluorokinolonov, kot so na primer ciprofloksacin, ofloksacin in levofloksacin, kažejo višje serumske koncentracije in boljšo porazdelitev po tkivih kot norfloksacin;</s>
<s id="s13.1">- zapleteni pielonefritis se lahko zdravi peroralno ali intravenozno (v skladu z lokalno politiko</s>
<s id="s14.1">zdravljenja in diagnostičnimi merili za določanje zapletenih okužb).</s>
<s id="s14.2">V primeru peroralnega zdravljenja je druga generacija fluorokinolonov boljša od norfloksacina, ker zagotavlja višje koncentracije v serumu in tkivih.</s>
<s id="s14.3">Enaki zadržki očitno veljajo za peroralno zdravljenje nezapletenega pielonefritisa.</s>
<s id="s15.1">Napotitveni postopek se je začel 20. septembra 2007.</s>
<s id="s15.2">Poročevalec in soporočevalec sta bila: dr.</s>
<s id="s15.3">Ondřej Slanař oziroma dr.</s>
<s id="s15.4">Pieter Neels.</s>
<s id="s15.5">Imetnik dovoljenja za promet z zdravilom je pisna pojasnila predložil dne 25. februarja in 20. junija 2008.</s>
<s id="s15.6">Na podlagi trenutno razpoložljivih podatkov in poročil o oceni zdravila poročevalca je CHMP zaključil, da pri peroralnih pripravkih med zdravili, ki vsebujejo norfloksacin, koristi ne odtehtajo tveganja pri zdravljenju akutnega ali kroničnega zapletenega pielonefritisa, in zato dne 24. julija 2008 sprejel mnenje, v katerem priporoča spremembo dovoljenja za promet z zdravilom s črtanjem terapevtske indikacije „ akutni in kronični zapleteni pielonefritis “ iz informacij o zdravilih, ki vsebujejo norfloksacin in se jemljejo peroralno.</s>
<s id="s16.1">Seznam zadevnih imen zdravil je naveden v Dodatku I.</s>
<s id="s16.2">Znanstveni zaključki so navedeni v Dodatku II.</s>
<s id="s17.1">Končno mnenje je bilo spremenjeno v odločbo Evropske komisije dne 19. novembra 2008.</s>
<s id="s18.1">* Opombe:</s>
<s id="s18.2">Informacije, podane v tem dokumentu in dodatkih, odražajo samo mnenje CHMP z dne 24. julija 2008.</s>
<s id="s18.3">Pristojne oblasti držav članic bodo zdravilo še naprej redno nadzorovale.</s>
<s id="s19.1">7 Westferry Circus, Canary Wharf, London, E14 4HB, UK Tel.</s>
<s id="s19.2">(44- 20) 74 18 84 00 Fax (44- 20) 74 18 86 13 E- mail: mail@ emea. europa. eu http: // www. emea. europa. eu</s>
<s id="s20.1">© European Medicines Agency, 2009.</s>
<s id="s20.2">Reproduction is authorised provided the source is acknowledged.</s>
</body>
</letsmt>
