<?xml version="1.0" encoding="utf-8"?>
<letsmt version="1.0">
<head></head>
<body>
<s id="s1.1">European Medicines Agency Evaluation of Medicines for Human Use</s>
<s id="s2.1">London, 13 December 2006 EMEA/ 405628/ 2006</s>
<s id="s3.1">COMMITTEE FOR MEDICINAL PRODUCTS FOR HUMAN USE (CHMP)</s>
<s id="s4.1">OPINION FOLLOWING AN ARTICLE 29(4)1 REFERRAL FOR Glucomed and associated names International Non-Proprietary Name (INN): glucosamine hydrochloride</s>
<s id="s5.1">BACKGROUND INFORMATION</s>
<s id="s6.1">Glucomed and associated names, 625 mg, tablet, contains glucosamine which is an endogenous substance, a normal constituent of the polysaccharide chains of cartilage matrix and synovial fluid glucosaminoglycans.</s>
<s id="s6.2">Glucosamine was mainly introduced on the world-wide market as a food- supplement but with the aim to improve symptoms in patients with osteoarthritis or joint pain or function.</s>
<s id="s7.1">Navamedic ASA submitted applications for mutual recognition of Glucomed and associated names, 625 mg, tablet on the basis of the marketing authorisation granted by Sweden on 4 August 2005.</s>
<s id="s7.2">The Mutual Recognition Procedure started on 18 October 2005.</s>
<s id="s7.3">The Reference Member State was Sweden and the Concerned Member States were Austria, Belgium, Cyprus, Czech Republic, Denmark, Estonia, Germany, Greece, Spain, Finland, France, Hungary, Ireland, Italy, Latvia, Lithuania, Luxemburg, The Netherlands, Poland, Portugal, Slovakia and United Kingdom and Norway and Iceland.</s>
<s id="s7.4">These Member States were not been able to reach an agreement in respect of the Mutual Recognition of the Marketing Authorisation granted by the Reference Member State.</s>
<s id="s7.5">Sweden referred the reasons for disagreement to the EMEA on 31 March 2006.</s>
<s id="s8.1">The applicant was asked to demonstrate efficacy of glucosamine in the intended indication “ relief of symptoms in mild to moderate osteoarthritis of the knee”.</s>
<s id="s8.2">In addition the applicant was asked to justify the proposed dose and posology, to characterise the safety profile, including a discussion of reported adverse drug reactions, to justify the relevance of literature considering that the formulations of glucosamine sulphate (as the sodium chloride complex) used in the cited literature differ from the concerned application formulation and whether the differences in formulation will alter the efficacy and safety of the product, to elucidate the possibility of interactions with other medicinal products, and finally to show a positive risk/ benefit profile of glucosamine hydrochloride in the intended indication.</s>
<s id="s9.1">The arbitration procedure started on 27 April 2006 with the adoption of a list of questions.</s>
<s id="s9.2">The Rapporteur was Dr.</s>
<s id="s9.3">Salmonson and the Co-Rapporteur was Dr Abadie.</s>
<s id="s9.4">The Marketing Authorisation Holder provided written explanations on 21 July 2006.</s>
<s id="s10.1">During their September 2006 meeting, the CHMP, in the light of the overall data submitted and the scientific discussion within the Committee, was of the opinion that the benefit/ risk ratio is favourable for Glucomed and associated names for the relief of symptoms in mild to moderate osteoarthritis of the knee, that there was no objection for the granting of a Marketing Authorisation and that the Summary of Product Characteristics, labelling and package leaflet of the Reference Member State</s>
<s id="s11.1">1 Article 29(4) of Directive 2001/ 83/ EC, as amended.</s>
<s id="s11.2">7 Westferry Circus, Canary Wharf, London, E14 4HB, UK Tel.</s>
<s id="s11.3">(44-20) 74 18 84 00 Fax (44-20) 74 18 86 13 E-mail: mail@emea. europa. eu http: / /www. emea. europa. eu ©EMEA 2006 Reproduction and/ or distribution of this document is authorised for non commercial purposes only provided the EMEA is acknowledged should be amended.</s>
<s id="s11.4">A positive opinion was adopted by y a majority of 19 out of 27 votes on 21 September 2006.</s>
<s id="s12.1">The list of the product names concerned is given in Annex I.</s>
<s id="s12.2">The scientific conclusions are provided in Annex II, together with the Summary of Product Characteristics, labelling and package leaflet in Annex III.</s>
<s id="s13.1">The final opinion was converted into a Decision by the European Commission on 13 December 2006.</s>
<s id="s14.1">©EMEA 2006</s>
<s id="s15.1">2/ 2</s>
</body>
</letsmt>
