<?xml version="1.0" encoding="utf-8"?>
<letsmt version="1.0">
<head></head>
<body>
<s id="s1.1">ANNEX I</s>
<s id="s2.1">LIST OF THE NAMES, PHARMACEUTICAL FORM, STRENGTH OF THE MEDICINAL PRODUCTS, ROUTE OF ADMINISTRATION, APPLICANT, MARKETING AUTHORISATION HOLDER IN THE MEMBER STATES</s>
<s id="s3.1">1 Member State</s>
<s id="s4.1">Marketing Authorisation Holder</s>
<s id="s5.1">Applicant</s>
<s id="s6.1">Invented name</s>
<s id="s7.1">Strength</s>
<s id="s8.1">Pharmaceutical Form</s>
<s id="s9.1">Route of administration</s>
<s id="s10.1">Austria</s>
<s id="s11.1">-</s>
<s id="s12.1">Navamedic ASA Vollsveien 13 C 1327 Lysaker, Norway</s>
<s id="s13.1">Flexove</s>
<s id="s14.1">625 mg</s>
<s id="s15.1">Tablet</s>
<s id="s16.1">Oral use</s>
<s id="s17.1">Belgium</s>
<s id="s18.1">-</s>
<s id="s19.1">Navamedic ASA Vollsveien 13 C 1327 Lysaker, Norway</s>
<s id="s20.1">Flexove</s>
<s id="s21.1">625 mg</s>
<s id="s22.1">Tablet</s>
<s id="s23.1">Oral use</s>
<s id="s24.1">Cyprus</s>
<s id="s25.1">-</s>
<s id="s26.1">Navamedic ASA Vollsveien 13 C 1327 Lysaker, Norway</s>
<s id="s27.1">Glucomed</s>
<s id="s28.1">625 mg</s>
<s id="s29.1">Tablet</s>
<s id="s30.1">Oral use</s>
<s id="s31.1">Czech Republic</s>
<s id="s32.1">-</s>
<s id="s33.1">Navamedic ASA Vollsveien 13 C 1327 Lysaker, Norway</s>
<s id="s34.1">Flexove</s>
<s id="s35.1">625 mg</s>
<s id="s36.1">Tablet</s>
<s id="s37.1">Oral use</s>
<s id="s38.1">Denmark</s>
<s id="s39.1">-</s>
<s id="s40.1">Navamedic ASA Vollsveien 13 C 1327 Lysaker, Norway</s>
<s id="s41.1">Glucomed</s>
<s id="s42.1">625 mg</s>
<s id="s43.1">Tablet</s>
<s id="s44.1">Oral use</s>
<s id="s45.1">Estonia</s>
<s id="s46.1">-</s>
<s id="s47.1">Navamedic ASA Vollsveien 13 C 1327 Lysaker, Norway</s>
<s id="s48.1">Glucomed</s>
<s id="s49.1">625 mg</s>
<s id="s50.1">Tablet</s>
<s id="s51.1">Oral use</s>
<s id="s52.1">Finland</s>
<s id="s53.1">-</s>
<s id="s54.1">Navamedic ASA Vollsveien 13 C 1327 Lysaker, Norway</s>
<s id="s55.1">Glucomed</s>
<s id="s56.1">625 mg</s>
<s id="s57.1">Tablet</s>
<s id="s58.1">Oral use</s>
<s id="s59.1">France</s>
<s id="s60.1">-</s>
<s id="s61.1">Navamedic ASA Vollsveien 13 C 1327 Lysaker, Norway</s>
<s id="s62.1">Glucomed</s>
<s id="s63.1">625 mg</s>
<s id="s64.1">Tablet</s>
<s id="s65.1">Oral use</s>
<s id="s66.1">Germany</s>
<s id="s67.1">-</s>
<s id="s68.1">Navamedic ASA Vollsveien 13 C 1327 Lysaker, Norway</s>
<s id="s69.1">Glucomed</s>
<s id="s70.1">625 mg</s>
<s id="s71.1">Tablet</s>
<s id="s72.1">Oral use</s>
<s id="s73.1">Greece</s>
<s id="s74.1">-</s>
<s id="s75.1">Navamedic ASA Vollsveien 13 C 1327 Lysaker, Norway</s>
<s id="s76.1">Glucomed</s>
<s id="s77.1">625 mg</s>
<s id="s78.1">Tablet</s>
<s id="s79.1">Oral use</s>
<s id="s80.1">Hungary</s>
<s id="s81.1">-</s>
<s id="s82.1">Navamedic ASA Vollsveien 13 C 1327 Lysaker, Norway</s>
<s id="s83.1">Flexove</s>
<s id="s84.1">625 mg</s>
<s id="s85.1">Tablet</s>
<s id="s86.1">Oral use</s>
<s id="s87.1">2 Ireland</s>
<s id="s88.1">-</s>
<s id="s89.1">Navamedic ASA Vollsveien 13 C 1327 Lysaker, Norway</s>
<s id="s90.1">Flexove</s>
<s id="s91.1">625 mg</s>
<s id="s92.1">Tablet</s>
<s id="s93.1">Oral use</s>
<s id="s94.1">Italy</s>
<s id="s95.1">-</s>
<s id="s96.1">Navamedic ASA Vollsveien 13 C 1327 Lysaker, Norway</s>
<s id="s97.1">Glucomed</s>
<s id="s98.1">625 mg</s>
<s id="s99.1">Tablet</s>
<s id="s100.1">Oral use</s>
<s id="s101.1">Latvia</s>
<s id="s102.1">-</s>
<s id="s103.1">Navamedic ASA Vollsveien 13 C 1327 Lysaker, Norway</s>
<s id="s104.1">Glucomed</s>
<s id="s105.1">625 mg</s>
<s id="s106.1">Tablet</s>
<s id="s107.1">Oral use</s>
<s id="s108.1">Lithuania</s>
<s id="s109.1">Navamedic ASA Vollsveien 13 C 1327 Lysaker, Norway</s>
<s id="s110.1">Glucomed</s>
<s id="s111.1">625 mg</s>
<s id="s112.1">Tablet</s>
<s id="s113.1">Oral use</s>
<s id="s114.1">Luxemburg</s>
<s id="s115.1">-</s>
<s id="s116.1">Navamedic ASA Vollsveien 13 C 1327 Lysaker, Norway</s>
<s id="s117.1">Glucomed</s>
<s id="s118.1">625 mg</s>
<s id="s119.1">Tablet</s>
<s id="s120.1">Oral use</s>
<s id="s121.1">The Netherlands</s>
<s id="s122.1">-</s>
<s id="s123.1">Navamedic ASA Vollsveien 13 C 1327 Lysaker, Norway</s>
<s id="s124.1">Glucomed</s>
<s id="s125.1">625 mg</s>
<s id="s126.1">Tablet</s>
<s id="s127.1">Oral use</s>
<s id="s128.1">Poland</s>
<s id="s129.1">-</s>
<s id="s130.1">Navamedic ASA Vollsveien 13 C 1327 Lysaker, Norway</s>
<s id="s131.1">Glucomed</s>
<s id="s132.1">625 mg</s>
<s id="s133.1">Tablet</s>
<s id="s134.1">Oral use</s>
<s id="s135.1">Portugal</s>
<s id="s136.1">-</s>
<s id="s137.1">Navamedic ASA Vollsveien 13 C 1327 Lysaker, Norway</s>
<s id="s138.1">Glucomed</s>
<s id="s139.1">625 mg</s>
<s id="s140.1">Tablet</s>
<s id="s141.1">Oral use</s>
<s id="s142.1">Slovakia</s>
<s id="s143.1">-</s>
<s id="s144.1">Navamedic ASA Vollsveien 13 C 1327 Lysaker, Norway</s>
<s id="s145.1">Glucomed</s>
<s id="s146.1">625 mg</s>
<s id="s147.1">Tablet</s>
<s id="s148.1">Oral use</s>
<s id="s149.1">Spain</s>
<s id="s150.1">-</s>
<s id="s151.1">Navamedic ASA Vollsveien 13 C 1327 Lysaker, Norway</s>
<s id="s152.1">Glucomed</s>
<s id="s153.1">625 mg</s>
<s id="s154.1">Tablet</s>
<s id="s155.1">Oral use</s>
<s id="s156.1">Sweden</s>
<s id="s157.1">Navamedic ASA Vollsveien 13 C 1327 Lysaker, Norway</s>
<s id="s158.1">-</s>
<s id="s159.1">Glucomed</s>
<s id="s160.1">625 mg</s>
<s id="s161.1">Tablet</s>
<s id="s162.1">Oral use</s>
<s id="s163.1">United Kingdom</s>
<s id="s164.1">-</s>
<s id="s165.1">Navamedic ASA Vollsveien 13 C 1327 Lysaker, Norway</s>
<s id="s166.1">Glucomed</s>
<s id="s167.1">625 mg</s>
<s id="s168.1">Tablet</s>
<s id="s169.1">Oral use</s>
<s id="s170.1">3 Iceland</s>
<s id="s171.1">-</s>
<s id="s172.1">Navamedic ASA</s>
<s id="s173.1">Glucomed</s>
<s id="s174.1">625 mg</s>
<s id="s175.1">Tablet</s>
<s id="s176.1">Oral use</s>
<s id="s177.1">Norway</s>
<s id="s178.1">-</s>
<s id="s179.1">Navamedic ASA Vollsveien 13 C 1327 Lysaker, Norway</s>
<s id="s180.1">Flexove</s>
<s id="s181.1">625 mg</s>
<s id="s182.1">Tablet</s>
<s id="s183.1">Oral use</s>
<s id="s184.1">4 ANNEX II</s>
<s id="s185.1">SCIENTIFIC CONCLUSIONS AND GROUNDS FOR AMENDMENT OF THE SUMMARY OF PRODUCT CHARACTERISTICS, LABELLING AND PACKAGE LEAFLET PRESENTED BY THE EMEA</s>
<s id="s186.1">5 SCIENTIFIC CONCLUSIONS</s>
<s id="s187.1">OVERALL SUMMARY OF THE SCIENTIFIC EVALUATION OF GLUCOMED AND ASSOCIATED NAMES (see Annex I)</s>
<s id="s188.1">Introduction</s>
<s id="s189.1">In patients with mild to moderate osteoarthritis, in addition to physical exercise, paracetamol and NSAIDs are the only existing approved medicinal drug alternatives to obtain symptomatic relief of symptoms such as pain and stiffness.</s>
<s id="s189.2">No curative or disease-modifying treatment exists, apart from surgery with arthroplasty.</s>
<s id="s190.1">Glucosamine was mainly introduced on the world-wide market as a food-supplement but with the aim to improve symptoms in patients with osteoarthritis or joint pain or function.</s>
<s id="s190.2">Since 1980 many clinical studies of glucosamine have been performed, with varying scientific relevance and quality.</s>
<s id="s190.3">Many published reviews, national therapy recommendations and other publications have discussed and evaluated the robustness of efficacy data.</s>
<s id="s190.4">Different views on glucosamine, due to different interpretations of regulatory/ legal systems have resulted in glucosamine being classified as a medicinal product in many regions of the world, including some Member States.</s>
<s id="s191.1">The applicant was asked to demonstrate efficacy of glucosamine in the intended indication “ relief of symptoms in mild to moderate osteoarthritis of the knee”.</s>
<s id="s191.2">In addition the applicant was asked to justify the proposed dose and posology, to characterise the safety profile, including a discussion of reported adverse drug reactions (ADRs), to justify the relevance of literature considering that the formulations of glucosamine sulphate (as the sodium chloride complex) used in the cited literature differ from the concerned application formulation and whether the differences in formulation will alter the efficacy and safety of the product, to elucidate the possibility of interactions with other medicinal products, and finally to show a positive risk/ benefit profile of glucosamine hydrochloride in the intended indication.</s>
<s id="s192.1">Benefit/ risk assessment</s>
<s id="s193.1">The applicant provided bibliographical data from a number of studies.</s>
<s id="s194.1">The applicant nonetheless mainly referred to the two large and long-term studies by Reginster and Pavelka.</s>
<s id="s194.2">These two studies use authorised glucosamine-containing medicinal products, are long-term 3-years placebo-controlled studies, include an appropriate number of patients with appropriate inclusion criteria and look at relevant endpoints.</s>
<s id="s194.3">For both studies the results are statistically significant for the WOMAC scale (Reginster) and for WOMAC and Lequesne scale (Pavelka) at 3 years.</s>
<s id="s194.4">These indicate efficacy even if modest.</s>
<s id="s195.1">Two Cochrane reviews indicate efficacy but in the second review the conclusion are more hesitant.</s>
<s id="s195.2">In the most recent meta-analysis from the Cochrane group in 2005, the results are positive when a glucosamine-containing medicinal product was used, positive for placebo-controlled studies in general and negative when the studies with adequate allocation concealment are retained.</s>
<s id="s196.1">The safety in all the performed studies covering thousands of patients is reassuring and was comparable to placebo.</s>
<s id="s196.2">Pharmacovigilance reporting, mainly from Sweden and Spain, does not indicate any new safety issues.</s>
<s id="s197.1">The efficacy in symptomatic relief of pain in osteoarthritis, of the existing alternatives, NSAIDs and paracetamol, is of similar magnitude as glucosamine (e. g. ref. review by Bjordal).</s>
<s id="s197.2">The safety profiles are, however, inferior to glucosamine.</s>
<s id="s197.3">When it comes to relative benefit and risk assessment, the influence of publication bias may be less.</s>
<s id="s198.1">6 Dose selection in this bibliographical application is made from experience from other related glucosamine products and the dose and posology chosen is the same as used in almost all performed studies.</s>
<s id="s198.2">This was considered appropriate.</s>
<s id="s199.1">No formal drug interaction studies have been performed with glucosamine-containing medicinal products.</s>
<s id="s199.2">Therefore, a general caution was proposed to be included in the SPC.</s>
<s id="s199.3">Pharmacovigilance surveillance has resulted in some reports indicating a potential interaction with warfarin, and hence a warning has been added in the SPC text.</s>
<s id="s200.1">Within this referral procedure, a question was raised, whether Glucomed containing glucosamine hydrochloride, was as effective as glucosamine sulphate.</s>
<s id="s200.2">Glucosamine is considered to be an simple substance with a high solubility, and therefore, a comparative bioavailability study was not considered necessary for an approval.</s>
<s id="s200.3">The open, comparative study by Qiu 2005 did not identify any efficacy differences between the two formulations.</s>
<s id="s201.1">Although data are not uniformly positive, it was concluded that taken together, glucosamine, both hydrochloride and sulphate, has shown efficacy, for the symptomatic relief in patients with mild to moderate osteoarthritis of the knee.</s>
<s id="s201.2">The safety was considered sufficiently shown.</s>
<s id="s201.3">Overall the safety profile is favourable with mainly mild gastrointestinal symptoms reported.</s>
<s id="s202.1">Conclusion</s>
<s id="s203.1">- Whereas</s>
<s id="s204.1">The scope of the referral was to discuss the benefit/ risk of glucosamine hydrochloride in the proposed indication The Summary of Products Characteristic, labelling and package leaflet proposed by the applicant has been assessed based on the documentation submitted and the scientific discussion within the Committee.</s>
<s id="s205.1">the CHMP has recommended by majority the granting of the Marketing Authorisation of Glucomed and associated names for the following indication: “ relief of symptoms in mild to moderate osteoarthritis of the knee”.</s>
<s id="s206.1">The Summary of Product Characteristics, labelling and package leaflet are set out in Annex III of the opinion for Glucomed and associated names (see Annex I).</s>
<s id="s207.1">7 ANNEX III</s>
<s id="s208.1">SUMMARY OF PRODUCT CHARACTERISTICS, LABELLING AND PACKAGE LEAFLET</s>
<s id="s209.1">Note:</s>
<s id="s209.2">This SPC, labelling and package leaflet is the version that was annexed to the Commission Decision on this Article 29 referral for glucosamine hydrochloride containing medicinal products.</s>
<s id="s209.3">The text was valid at that time.</s>
<s id="s210.1">After the Commission Decision, the Member State competent authorities will update the product information as required.</s>
<s id="s210.2">Therefore, this SPC, labelling and package leaflet may not necessarily represent the current text.</s>
<s id="s211.1">8 1.</s>
<s id="s211.2">NAME OF THE MEDICINAL PRODUCT</s>
<s id="s212.1">Glucomed and associated names (see Annex I) 625 mg tablets</s>
<s id="s213.1">[See Annex I – To be completed nationally]</s>
<s id="s214.1">2.</s>
<s id="s214.2">QUALITATIVE AND QUANTITATIVE COMPOSITION</s>
<s id="s215.1">Each tablet contains 625 mg of glucosamine (as glucosamine hydrochloride).</s>
<s id="s216.1">For a full list of excipients, see section 6.1</s>
<s id="s217.1">3.</s>
<s id="s217.2">PHARMACEUTICAL FORM</s>
<s id="s218.1">Tablet</s>
<s id="s219.1">White to light beige, oval tablet marked with “ G” and a score line.</s>
<s id="s219.2">The scoreline is only to facilitate breaking for ease of swallowing and not to divide into equal doses.</s>
<s id="s220.1">4.</s>
<s id="s220.2">CLINICAL PARTICULARS</s>
<s id="s221.1">4.1 Therapeutic indications</s>
<s id="s222.1">Relief of symptoms in mild to moderate osteoarthritis of the knee.</s>
<s id="s223.1">4.2 Posology and method of administration</s>
<s id="s224.1">1250 mg glucosamine once daily for relief of symptoms.</s>
<s id="s225.1">Glucosamine is not indicated for the treatment of acute painful symptoms.</s>
<s id="s225.2">Relief of symptoms (especially pain relief) may not be experienced until after several weeks of treatment and in some cases even longer.</s>
<s id="s225.3">If no relief of symptoms is experienced after 2-3 months, continued treatment with glucosamine should be re-evaluated.</s>
<s id="s226.1">Tablets can be taken with or without food.</s>
<s id="s227.1">Additional information on special populations.</s>
<s id="s228.1">Children and Adolescents Glucomed is not recommended for use in children and adolescents below the age of 18, due to lack of data on safety and efficacy.</s>
<s id="s229.1">Elderly No specific studies have been performed in the elderly, but according to clinical experience dosage adjustment is not required when treating otherwise healthy, elderly patients.</s>
<s id="s230.1">Impaired renal and/ or liver function In patients with impaired renal and/ or liver function no dose recommendations can be given, since no studies have been performed.</s>
<s id="s231.1">4.3 Contraindications</s>
<s id="s232.1">Known hypersensitivity to glucosamine or to any of the excipients.</s>
<s id="s232.2">9 Glucomed must not be given to patients who are allergic to shellfish as the active substance is obtained from shellfish.</s>
<s id="s233.1">4.4 Special warnings and precautions for use</s>
<s id="s234.1">A doctor must be consulted to rule out the presence of joint diseases for which other treatment should be considered.</s>
<s id="s235.1">In patients with impaired glucose tolerance, monitoring of the blood glucose levels and, where relevant, insulin requirements is recommended before start of treatment and periodically during treatment.</s>
<s id="s236.1">In patients with a known risk factor for cardiovascular disease, monitoring of the blood lipid levels is recommended, since hypercholesterolemia has been observed in a few cases in patients treated with glucosamine.</s>
<s id="s237.1">A report on exacerbated asthma symptoms triggered after initiation of glucosamine therapy has been described (symptoms resolved after withdrawal of glucosamine).</s>
<s id="s237.2">Asthmatic patients starting on glucosamine should therefore be aware of potential worsening of symptoms.</s>
<s id="s238.1">4.5 Interaction with other medicinal products and other forms of interaction Data on possible drug interactions with glucosamine is limited, but increased INR with coumarin anticoagulants (warfarin and acenocoumarol) has been reported.</s>
<s id="s238.2">Patients treated with coumarin anticoagulants should therefore be monitored closely when initiating or ending glucosamine therapy.</s>
<s id="s239.1">Concurrent treatment with glucosamine may increase the absorption and serum concentration of tetracyclines, but the clinical relevance of this interaction is probably limited.</s>
<s id="s240.1">Due to limited documentation on potential drug interactions with glucosamine, one should generally be aware of altered response or concentration of concurrently used medicinal products.</s>
<s id="s241.1">4.6 Pregnancy and lactation</s>
<s id="s242.1">Pregnancy There is no adequate data from the use of glucosamine in pregnant women.</s>
<s id="s242.2">From animal studies only insufficient data are available.</s>
<s id="s242.3">Glucosamine should not be used during pregnancy.</s>
<s id="s243.1">Breast Feeding There is no data available on the excretion of glucosamine in human milk.</s>
<s id="s243.2">The use of glucosamine during breastfeeding is therefore not recommended as there is no data on the safety of the newborn.</s>
<s id="s244.1">4.7 Effects on ability to drive and use machines</s>
<s id="s245.1">No studies on the effects on the ability to drive and use machines have been performed.</s>
<s id="s245.2">If dizziness or drowsiness is experienced, car driving and the operating of machinery is not recommended.</s>
<s id="s246.1">4.8 Undesirable effects</s>
<s id="s247.1">The most common adverse reactions associated with treatment with glucosamine are nausea, abdominal pain, indigestion, constipation, and diarrhoea.</s>
<s id="s247.2">In addition, headache, tiredness, rash, itching, and flushing have been reported.</s>
<s id="s247.3">The reported adverse reactions are usually mild and transitory.</s>
<s id="s248.1">10 System Organ Class</s>
<s id="s249.1">Common (≥ 1/ 100 to &lt; 1/ 10) Headache</s>
<s id="s250.1">Uncommon (≥ 1/ 1,000 to &lt; 1/ 100)</s>
<s id="s251.1">Rare (≥ 1/ 10,000 to &lt; 1/ 1000)</s>
<s id="s252.1">Nervous system disorders</s>
<s id="s253.1">Tiredness Nausea</s>
<s id="s254.1">-</s>
<s id="s255.1">-</s>
<s id="s256.1">Abdominal pain</s>
<s id="s257.1">-</s>
<s id="s258.1">Gastrointestinal disorders Skin and subcutaneous tissue</s>
<s id="s259.1">Indigestion Diarrhoea Constipation</s>
<s id="s260.1">- Rash</s>
<s id="s261.1">disorders</s>
<s id="s262.1">-</s>
<s id="s263.1">Itching Flushing</s>
<s id="s264.1">-</s>
<s id="s265.1">Sporadic, spontaneous cases of hypercholesterolaemia have been reported, but causality has not been established.</s>
<s id="s266.1">4.9 Overdose</s>
<s id="s267.1">No case of overdose has been reported.</s>
<s id="s268.1">5.</s>
<s id="s268.2">PHARMACOLOGICAL PROPERTIES</s>
<s id="s269.1">5.1 Pharmacodynamic properties</s>
<s id="s270.1">Pharmacotherapeutic group:</s>
<s id="s270.2">Other anti-inflammatory and anti-rheumatic agents, non-steroidal anti- inflammatory drugs.</s>
<s id="s270.3">ATC code:</s>
<s id="s270.4">M01AX05</s>
<s id="s271.1">Glucosamine is an endogenous substance, a normal constituent of the polysaccharide chains of cartilage matrix and synovial fluid glucosaminoglycans.</s>
<s id="s271.2">In vitro and in vivo studies have shown glucosamine stimulates the synthesis of physiological glycosaminoglycans and proteoglycans by chondrocytes and of hyaluronic acid by synoviocytes.</s>
<s id="s272.1">The mechanism of action of glucosamine in humans is unknown.</s>
<s id="s272.2">The period to onset of response cannot be assessed.</s>
<s id="s273.1">5.2 Pharmacokinetic properties</s>
<s id="s274.1">Glucosamine is a relatively small molecule (molecular mass 179), which is easily dissolved in water and soluble in hydrophilic organic solvents.</s>
<s id="s275.1">The available information on the pharmacokinetics of glucosamine is limited.</s>
<s id="s275.2">The absolute bioavailability is unknown.</s>
<s id="s275.3">The distribution volume is approximately 5 litres and the half-life after intravenous administration is approximately 2 hours.</s>
<s id="s275.4">Approximately 38% of an intravenous dose is excreted in the urine as unchanged substance.</s>
<s id="s276.1">5.3 Preclinical safety data</s>
<s id="s277.1">D-glucosamine has low acute toxicity.</s>
<s id="s278.1">Animal experimental data relating to toxicity during repeated administration, reproduction toxicity, mutagenicity and carcinogenicity is lacking for glucosamine.</s>
<s id="s279.1">11 Results from in vitro studies and in vivo studies in animals have shown that glucosamine reduces insulin secretion and induces insulin resistance, probably via glucokinase inhibition in the beta cells.</s>
<s id="s279.2">The clinical relevance is unknown.</s>
<s id="s280.1">6.</s>
<s id="s280.2">PHARMACEUTICAL PARTICULARS</s>
<s id="s281.1">6.1 List of excipients</s>
<s id="s282.1">Microcrystalline cellulose Hydroxypropyl cellulose Low substituted hydroxypropyl cellulose (L-HPC) Magnesium stearate</s>
<s id="s283.1">6.2 Incompatibilities</s>
<s id="s284.1">Not applicable.</s>
<s id="s285.1">6.3 Shelf life</s>
<s id="s286.1">2 years</s>
<s id="s287.1">6.4 Special precautions for storage</s>
<s id="s288.1">Do not store above 30oC.</s>
<s id="s289.1">Keep the bottle or blister package tightly closed.</s>
<s id="s289.2">Store in the original package in order to protect from moisture.</s>
<s id="s290.1">6.5 Nature and content of container</s>
<s id="s291.1">PVC/ PVDC-aluminium blisters packed in paper cartons.</s>
<s id="s291.2">Pack-sizes of 40, 60 or 180 tablets.</s>
<s id="s292.1">HDPE tablet container with a silica gel desiccant in paper bags.</s>
<s id="s292.2">Pack-sizes of 60 or 180 tablets.</s>
<s id="s293.1">Not all pack-sizes may be marketed.</s>
<s id="s294.1">6.6 Special precautions for disposal</s>
<s id="s295.1">No special requirements.</s>
<s id="s296.1">7.</s>
<s id="s296.2">MARKETING AUTHORISATION HOLDER</s>
<s id="s297.1">Navamedic ASA Vollsvn.</s>
<s id="s297.2">13 C 1327 Lysaker Norway</s>
<s id="s298.1">12 8.</s>
<s id="s298.2">MARKETING AUTHORISATION NUMBER(S)</s>
<s id="s299.1">[To be completed nationally]</s>
<s id="s300.1">9.</s>
<s id="s300.2">DATE OF FIRST AUTHORISATION/ RENEWAL OF THE AUTHORISATION</s>
<s id="s301.1">[To be completed nationally]</s>
<s id="s302.1">10.</s>
<s id="s302.2">DATE OF REVISION OF THE TEXT</s>
<s id="s303.1">[To be completed nationally]</s>
<s id="s304.1">13 LABELLING</s>
<s id="s305.1">14 PARTICULARS TO APPEAR ON THE OUTER PACKAGING AND THE IMMEDIATE PACKAGING</s>
<s id="s306.1">Bottle</s>
<s id="s307.1">1.</s>
<s id="s307.2">NAME OF THE MEDICINAL PRODUCT</s>
<s id="s308.1">Glucomed and associated names (see Annex I) 625 mg tablets [See Annex I – To be completed nationally] glucosamine</s>
<s id="s309.1">2.</s>
<s id="s309.2">STATEMENT OF ACTIVE SUBSTANCE(S)</s>
<s id="s310.1">1 tablet contains:</s>
<s id="s310.2">625 mg of glucosamine (as glucosamine hydrochloride).</s>
<s id="s311.1">3.</s>
<s id="s311.2">LIST OF EXCIPIENTS</s>
<s id="s312.1">Microcrystalline cellulose Hydroxypropyl cellulose Low substituted hydroxypropyl cellulose (L-HPC) Magnesium stearate</s>
<s id="s313.1">4.</s>
<s id="s313.2">PHARMACEUTICAL FORM AND CONTENTS</s>
<s id="s314.1">60 tablets 180 tablets</s>
<s id="s315.1">5.</s>
<s id="s315.2">METHOD AND ROUTE(S) OF ADMINISTRATION</s>
<s id="s316.1">Read the package leaflet before use.</s>
<s id="s316.2">For oral use.</s>
<s id="s317.1">6.</s>
<s id="s317.2">SPECIAL WARNING THAT THE MEDICINAL PRODUCT MUST BE STORED OUT OF THE REACH AND SIGHT OF CHILDREN</s>
<s id="s318.1">Keep out of the reach and sight of children.</s>
<s id="s319.1">7.</s>
<s id="s319.2">OTHER SPECIAL WARNING(S), IF NECESSARY</s>
<s id="s320.1">8.</s>
<s id="s320.2">EXPIRY DATE</s>
<s id="s321.1">EXP:</s>
<s id="s321.2">Y</s>
<s id="s322.1">15 9.</s>
<s id="s322.2">SPECIAL STORAGE CONDITIONS</s>
<s id="s323.1">Keep the bottle tightly closed.</s>
<s id="s323.2">Store in the original package in order to protect from moisture.</s>
<s id="s323.3">Store below 30˚ C</s>
<s id="s324.1">10.</s>
<s id="s324.2">SPECIAL PRECAUTIONS FOR DISPOSAL OF UNUSED MEDICINAL PRODUCTS OR WASTE MATERIALS DERIVED FROM SUCH MEDICINAL PRODUCTS, IF APPROPRIATE</s>
<s id="s325.1">11.</s>
<s id="s325.2">NAME AND ADDRESS OF THE MARKETING AUTHORISATION HOLDER</s>
<s id="s326.1">Navamedic ASA, Vollsveien 13 C, P.</s>
<s id="s326.2">O. box 438, 1327 Lysaker, Norway</s>
<s id="s327.1">12.</s>
<s id="s327.2">MARKETING AUTHORISATION NUMBER(S)</s>
<s id="s328.1">[To be completed nationally]</s>
<s id="s329.1">13.</s>
<s id="s329.2">BATCH NUMBER</s>
<s id="s330.1">Batch:</s>
<s id="s331.1">14.</s>
<s id="s331.2">GENERAL CLASSIFICATION FOR SUPPLY</s>
<s id="s332.1">[To be completed nationally]</s>
<s id="s333.1">15.</s>
<s id="s333.2">INSTRUCTIONS ON USE</s>
<s id="s334.1">16.</s>
<s id="s334.2">INFORMATION IN BRAILLE</s>
<s id="s335.1">Glucomed</s>
<s id="s336.1">16 PARTICULARS TO APPEAR ON THE OUTER PACKAGING AND THE IMMEDIATE PACKAGING</s>
<s id="s337.1">Paper cartons for the blister</s>
<s id="s338.1">1.</s>
<s id="s338.2">NAME OF THE MEDICINAL PRODUCT</s>
<s id="s339.1">Glucomed and associated names (see Annex I) 625 mg tablets [See Annex I – To be completed nationally] glucosamine</s>
<s id="s340.1">2.</s>
<s id="s340.2">STATEMENT OF ACTIVE SUBSTANCE(S)</s>
<s id="s341.1">1 tablet contains:</s>
<s id="s341.2">625 mg of glucosamine (as glucosamine hydrochloride).</s>
<s id="s342.1">3.</s>
<s id="s342.2">LIST OF EXCIPIENTS</s>
<s id="s343.1">Microcrystalline cellulose Hydroxypropyl cellulose Low substituted hydroxypropyl cellulose (L-HPC) Magnesium stearate</s>
<s id="s344.1">4.</s>
<s id="s344.2">PHARMACEUTICAL FORM AND CONTENTS</s>
<s id="s345.1">40 tablets 60 tablets 180 tablets</s>
<s id="s346.1">5.</s>
<s id="s346.2">METHOD AND ROUTE(S) OF ADMINISTRATION</s>
<s id="s347.1">Read the package leaflet before use.</s>
<s id="s347.2">For oral use.</s>
<s id="s348.1">6.</s>
<s id="s348.2">SPECIAL WARNING THAT THE MEDICINAL PRODUCT MUST BE STORED OUT OF THE REACH AND SIGHT OF CHILDREN</s>
<s id="s349.1">Keep out of the reach and sight of children.</s>
<s id="s350.1">7.</s>
<s id="s350.2">OTHER SPECIAL WARNING(S), IF NECESSARY</s>
<s id="s351.1">8.</s>
<s id="s351.2">EXPIRY DATE</s>
<s id="s352.1">EXP:</s>
<s id="s352.2">Y</s>
<s id="s353.1">17 9.</s>
<s id="s353.2">SPECIAL STORAGE CONDITIONS</s>
<s id="s354.1">Store in the original package in order to protect from moisture.</s>
<s id="s354.2">Store below 30˚ C</s>
<s id="s355.1">10.</s>
<s id="s355.2">SPECIAL PRECAUTIONS FOR DISPOSAL OF UNUSED MEDICINAL PRODUCTS OR WASTE MATERIALS DERIVED FROM SUCH MEDICINAL PRODUCTS, IF APPROPRIATE</s>
<s id="s356.1">11.</s>
<s id="s356.2">NAME AND ADDRESS OF THE MARKETING AUTHORISATION HOLDER</s>
<s id="s357.1">Navamedic ASA, Vollsveien 13 C, P.</s>
<s id="s357.2">O. box 438, 1327 Lysaker, Norway</s>
<s id="s358.1">12.</s>
<s id="s358.2">MARKETING AUTHORISATION NUMBER(S)</s>
<s id="s359.1">[To be completed nationally]</s>
<s id="s360.1">13.</s>
<s id="s360.2">BATCH NUMBER</s>
<s id="s361.1">Batch:</s>
<s id="s362.1">14.</s>
<s id="s362.2">GENERAL CLASSIFICATION FOR SUPPLY</s>
<s id="s363.1">[To be completed nationally]</s>
<s id="s364.1">15.</s>
<s id="s364.2">INSTRUCTIONS ON USE</s>
<s id="s365.1">16.</s>
<s id="s365.2">INFORMATION IN BRAILLE</s>
<s id="s366.1">Glucomed</s>
<s id="s367.1">18 MINIMUM PARTICULARS TO APPEAR ON BLISTER OR STRIPS</s>
<s id="s368.1">Blister text</s>
<s id="s369.1">1.</s>
<s id="s369.2">NAME OF THE MEDICINAL PRODUCT</s>
<s id="s370.1">Glucomed and associated names (see Annex I) 625 mg tablets [See Annex I – To be completed nationally] glucosamine</s>
<s id="s371.1">2.</s>
<s id="s371.2">NAME OF THE MARKETING AUTHORISATION HOLDER</s>
<s id="s372.1">Navamedic ASA</s>
<s id="s373.1">3.</s>
<s id="s373.2">EXPIRY DATE</s>
<s id="s374.1">EXP:</s>
<s id="s375.1">4.</s>
<s id="s375.2">BATCH NUMBER</s>
<s id="s376.1">Batch:</s>
<s id="s377.1">5.</s>
<s id="s377.2">OTHER</s>
<s id="s378.1">19 PACKAGE LEAFLET</s>
<s id="s379.1">20 PACKAGE LEAFLET:</s>
<s id="s379.2">INFORMATION FOR THE USER</s>
<s id="s380.1">Glucomed and associated names 625 mg tablets [see Annex I – To be completed nationally]</s>
<s id="s381.1">Glucosamine</s>
<s id="s382.1">Read all of this leaflet carefully before you start taking this medicine.</s>
<s id="s383.1">- Keep this leaflet.</s>
<s id="s383.2">You may need to read it again.</s>
<s id="s384.1">- If you have further questions, please ask your doctor or your pharmacist.</s>
<s id="s385.1">- This medicine has been prescribed for you personally and you should not pass it on to others.</s>
<s id="s385.2">It</s>
<s id="s386.1">may harm them, even if their symptoms are the same as yours.</s>
<s id="s387.1">- If any of the side effects gets serious, or if you notice any side effects not listed in this leaflet,</s>
<s id="s388.1">please tell your doctor or pharmacist.</s>
<s id="s389.1">In this leaflet:</s>
<s id="s389.2">1.</s>
<s id="s389.3">What Glucomed is and what it is used for 2.</s>
<s id="s389.4">Before you take Glucomed 3.</s>
<s id="s389.5">How to take Glucomed 4.</s>
<s id="s389.6">Possible side effects 5 How to store Glucomed 6.</s>
<s id="s389.7">Further information</s>
<s id="s390.1">1.</s>
<s id="s390.2">WHAT GLUCOMED IS AND WHAT IT IS USED FOR</s>
<s id="s391.1">Glucomed belongs to the group of medicines called other anti-inflammatory and anti-rheumatic agents, non-steroids.</s>
<s id="s391.2">Glucomed is used for the relief of symptoms in mild to moderate osteoarthritis of the knee.</s>
<s id="s392.1">2.</s>
<s id="s392.2">BEFORE YOU TAKE GLUCOMED</s>
<s id="s393.1">Do not take Glucomed</s>
<s id="s394.1">- if you are allergic (hypersensitive) to glucosamine or to any of the other ingredients of</s>
<s id="s395.1">Glucomed.</s>
<s id="s396.1">- if you are allergic (hypersensitive) to shellfish, since glucosamine is manufactured from</s>
<s id="s397.1">shellfish.</s>
<s id="s398.1">Take special care with Glucomed</s>
<s id="s399.1">- if you suffer from impaired glucose tolerance.</s>
<s id="s399.2">More frequent controls of your blood glucose levels</s>
<s id="s400.1">may be necessary when starting treatment with glucosamine.</s>
<s id="s401.1">- if you have kidney or liver dysfunction, since no studies have been performed in such patients</s>
<s id="s402.1">dose recommendations cannot be given.</s>
<s id="s403.1">- If you have a known risk factor for cardiovascular disease, since hypercholesterolemia has been</s>
<s id="s404.1">observed in a few cases in patients treated with glucosamine.</s>
<s id="s405.1">- If you suffer from asthma.</s>
<s id="s405.2">When starting on glucosamine, you should be aware of potential</s>
<s id="s406.1">worsening of symptoms.</s>
<s id="s407.1">Taking other medicines Please tell your doctor or pharmacist if you are taking or have recently taken any other medicines including medicines obtained without a prescription.</s>
<s id="s408.1">Caution should be exercised if Glucomed has to be combined with other medicines, especially warfarin and tetracycline.</s>
<s id="s408.2">Please contact your doctor for medical advice.</s>
<s id="s409.1">21 Taking Glucomed with food and drink You can take the tablets with or without food.</s>
<s id="s410.1">Pregnancy and breast-feeding</s>
<s id="s411.1">Glucomed should not be used during pregnancy.</s>
<s id="s411.2">The use of glucosamine during breastfeeding is not recommended Ask your doctor or pharmacist for advice before taking any medicine.</s>
<s id="s412.1">Driving and using machines:</s>
<s id="s412.2">No studies on the effects on the ability to drive and use machines have been performed.</s>
<s id="s412.3">If you experience dizziness or drowsiness from the tablets, you should not be driving or operating machinery.</s>
<s id="s413.1">3.</s>
<s id="s413.2">HOW TO TAKE GLUCOMED</s>
<s id="s414.1">Always take Glucomed exactly as your doctor has told you.</s>
<s id="s414.2">You should check with your doctor or pharmacist if you are not sure.</s>
<s id="s415.1">The usual starting dose is 2 tablets (1250 mg glucosamine) once daily.</s>
<s id="s416.1">Glucosamine is not indicated for the treatment of acute painful symptoms.</s>
<s id="s416.2">Relief of symptoms (especially pain relief) may not be experienced until after several weeks of treatment and in some cases even longer.</s>
<s id="s416.3">If no relief of symptoms is experienced after 2-3 months, continued treatment with glucosamine should be re-evaluated.</s>
<s id="s417.1">For oral use.</s>
<s id="s418.1">The tablets should be swallowed together with some water or other suitable liquid.</s>
<s id="s419.1">If you take more Glucomed than you should If you have taken large quantities you must consult your doctor or a hospital.</s>
<s id="s420.1">If you forget to take Glucomed Do not take a double dose to make up for a forgotten dose.</s>
<s id="s421.1">If you stop taking Glucomed Your symptoms may reoccur.</s>
<s id="s422.1">If you have any further questions on the use of this product, ask your doctor or pharmacist.</s>
<s id="s423.1">4.</s>
<s id="s423.2">POSSIBLE SIDE EFFECTS</s>
<s id="s424.1">Like all medicines, Glucomed can cause side effects, although not everybody gets them.</s>
<s id="s424.2">The following have been reported:</s>
<s id="s425.1">Common (≥ 1/ 100 to &lt; 1/ 10): headache, tiredness, nausea, abdominal pain, indigestion, diarrhoea, constipation.</s>
<s id="s425.2">Uncommon (≥ 1/ 1,000 to &lt; 1/ 100): rash, itching, flushing.</s>
<s id="s426.1">If any of the side effects gets serious, or if you notice any side effects not listed in this leaflet, please tell your doctor or pharmacist.</s>
<s id="s427.1">22 5.</s>
<s id="s427.2">HOW TO STORE GLUCOMED</s>
<s id="s428.1">Keep out of the reach and sight of children.</s>
<s id="s429.1">Do not use Glucomed after the expiry date which is stated on the blister/ carton or tablet container.</s>
<s id="s430.1">Keep the bottle or blister tightly closed.</s>
<s id="s430.2">Store in the original package in order to protect from moisture.</s>
<s id="s430.3">Store below 30˚ C.</s>
<s id="s431.1">Medicines should not be disposed of via wastewater or household waste.</s>
<s id="s431.2">Ask your pharmacist how to dispose of medicines no longer required.</s>
<s id="s431.3">These measures will help to protect the environment.</s>
<s id="s432.1">6.</s>
<s id="s432.2">FURTHER INFORMATION</s>
<s id="s433.1">What Glucomed contains</s>
<s id="s434.1">- The active substance is glucosamine.</s>
<s id="s434.2">Each tablet contains 625 mg of glucosamine (as glucosamine</s>
<s id="s435.1">hydrochloride)</s>
<s id="s436.1">- The other ingredients are microcrystalline cellulose, hydroxypropyl cellulose, low substituted</s>
<s id="s437.1">hydroxypropyl cellulose (L-HPC) and magnesium stearate.</s>
<s id="s438.1">What Glucomed looks like and content of the pack Glucomed is a white to light beige, oval tablet marked with “ G” and a score line.</s>
<s id="s438.2">The scoreline is only to facilitate breaking for ease of swallowing and not to divide into equal doses.</s>
<s id="s439.1">PVC/ PVDC-aluminium blisters packed in paper cartons.</s>
<s id="s439.2">Pack-sizes of 40, 60 or 180 tablets.</s>
<s id="s440.1">HDPE tablet container with a silica gel desiccant in paper bags.</s>
<s id="s440.2">Pack-sizes of 60 or 180 tablets.</s>
<s id="s441.1">Not all pack sizes may be marketed.</s>
<s id="s442.1">Marketing Authorisation Holder:</s>
<s id="s443.1">Navamedic ASA Vollsveien 13 C, P. O. box 438, 1327 Lysaker, Norway</s>
<s id="s444.1">Manufacturer:</s>
<s id="s445.1">Weifa AS, Hausmannsgate 6, P.</s>
<s id="s445.2">O. box 9113, Grønland, 0133 Oslo, Norway</s>
<s id="s446.1">This medicinal product is authorised in the Member States of the EEA under the following names:</s>
<s id="s446.2">Austria Belgium Cyprus</s>
<s id="s447.1">Flexove Flexove Glucomed</s>
<s id="s448.1">Czech Republic Flexove Denmark Estonia Finland France Germany Greece Hungary</s>
<s id="s449.1">Glucomed Glucomed Glucomed [To be completed nationally] Glucomed Glucomed Flexove</s>
<s id="s450.1">23</s>
<s id="s451.1">Iceland Ireland Italy Latvia Lithuania Luxembourg Netherlands Norway Poland Portugal Slovakia Spain Sweden United Kingdom</s>
<s id="s452.1">Glucomed Flexove Glucomed Glucomed Glucomed Glucomed Glucomed Flexove Glucomed Glucomed Glucomed Glucomed Glucomed [To be completed nationally]</s>
<s id="s453.1">This leaflet was last approved on:</s>
<s id="s453.2">{date}</s>
<s id="s454.1">[To be completed nationally]</s>
<s id="s455.1">24</s>
</body>
</letsmt>
