<?xml version="1.0" encoding="utf-8"?>
<letsmt version="1.0">
<head></head>
<body>
<s id="s1.1">European Medicines Agency</s>
<s id="s2.1">13 April 2007 Doc.</s>
<s id="s2.2">Ref.: EMEA/ 508229/ 2007</s>
<s id="s3.1">ODBOR ZA ZDRAVILA ZA UPORABO V HUMANI MEDICINI MNENJE NA OSNOVI POSVETOVALNEGA POSTOPKA PO 36( 1) ČLENU ZA</s>
<s id="s4.1">Gadograf/ Gadovist Mednarodno nelastniško ime (INN):</s>
<s id="s4.2">Gadobutrol</s>
<s id="s5.1">OSNOVNI PODATKI * Zdravilo Gadovist/ Gadograf 1, 0 mmol/ ml vsebuje gadobutrol, nevtralni makrociklični kompleks gadolinija (Gd), katerega lastnost je izboljšanje kontrasta, in se uporablja pri magnetnoresonančnem slikanju (MRI).</s>
<s id="s5.2">MRI je splošno uporabljana tehnika za ocenjevanje in ugotavljanje difuznih bolezni jeter in za nadaljnjo opredelitev žariščnih bolezni jeter.</s>
<s id="s5.3">Kontrastna sredstva, ki temeljijo na elementu Gd, se pogosto dajejo pred dinamičnim magnetnoresonančnim slikanjem jeter z izboljšanjem kontrasta in lahko izboljšajo ugotavljanje in klasifikacijo žariščnih lezij jeter.</s>
<s id="s6.1">Zdravilo Gadovist/ Gadograf je bilo odobreno za „ izboljšanje kontrasta pri kranialnem in spinalnem magnetnoresonančnem slikanju “ v Nemčiji januarja leta 2000 ter nato v EU in na Norveškem junija leta 2000 s postopkom medsebojnega priznavanja.</s>
<s id="s6.2">Razširitev oznake za indikacijo „ izboljšanje kontrasta pri magnetnoresonančni angiografiji “ (CE– MRA) je sledila novembra leta 2003.</s>
<s id="s7.1">Junija leta 2005 se je začel postopek medsebojnega priznavanja za variacijo tipa II za dodatek indikacije „ z izboljšanim kontrastnim izvedeno magnetnoresonančno slikanje drugih delov telesa: jeter in ledvic ” ter odmerjanja in načina uporabe:</s>
<s id="s7.2">„ CE– MRI drugih predelov telesa: priporočen odmerek za odrasle znaša 0, 1 mmol na kilogram telesne teže (mmol/ kg BW).</s>
<s id="s7.3">To je enako kot 0, 1 ml/ kg BW 1, 0 M raztopine “.</s>
<s id="s7.4">Po finalizaciji postopka je španska agencija za zdravila in medicinske pripomočke v skladu s členom 36. 1 Direktive 2001/ 83/ ES pri odboru CHMP sprožila napotitveni postopek za arbitražo.</s>
<s id="s8.1">Odbor CHMP je po preučitvi razlogov za napotitev, ki ga je sprožila Španija, na plenarnem zasedanju maja 2006 sprejel seznam vprašanj in TT za postopek napotitve v skladu s členom 36.</s>
<s id="s8.2">Odbor CHMP je za poročevalca določil dr.</s>
<s id="s8.3">Broicha (DE) in za soporočevalca dr.</s>
<s id="s8.4">Prieta (ES).</s>
<s id="s9.1">Vprašanja so se nanašala na nezadostne podatke o ocenjevanju diseminirane bolezni jeter, ki bi lahko utemeljila ekstrapolacijo na splošno populacijo, na kateri se opravljajo preiskave jeter in ledvic.</s>
<s id="s9.2">Nadaljnja vprašanja so se nanašala na pediatrične indikacije in uporabo primerjalnega zdravila Magnevist.</s>
<s id="s9.3">Zdravilo Magnevist ni odobreno za „ klasifikacijo žariščnih lezij [jeter ali ledvic] kot benignih ali malignih “ po vsej EU, tako da je bilo vprašljivo, ali bo mogoče podeliti indikacijo, za katero zdravilo Magnevist ni bilo odobreno.</s>
<s id="s9.4">Odbor je prosilca pozval, da utemelji izbiro tega primerjalnega zdravila in klinične uporabnosti zdravila Gadovist/ Gadograf v smislu diagnostike, terapevtskega vodenja in kliničnega izida.</s>
<s id="s9.5">Dne 16. novembra 2006 je bil sprejet zahtevek za dodatne informacije.</s>
<s id="s9.6">Družba se je na točke zahtevka odzvala 30. novembra 2006.</s>
<s id="s9.7">V odgovoru je prosilec odgovoril na vprašanje o klinični uporabnosti, tako da je primerjal magnetnoresonančno slikanje, izboljšano z zdravilom Gadovist, in magnetnoresonančno slikanje, izboljšano z zdravilom Magnevist, ter poudaril</s>
<s id="s10.1">7 Westferry Circus, Canary Wharf, London, E14 4HB, UK Tel.</s>
<s id="s10.2">(44- 20) 74 18 84 00 Fax (44- 20) 74 18 86 68 E- mail: mail@ emea. europa. eu http: // www. emea. europa. eu ©. EMEA 2007 Reproduction and/ or distribution of this document is authorised for non commercial purposes only provided the EMEA is acknowledged diagnostično učinkovitost zdravila Gadovist/ Gadograf.</s>
<s id="s10.3">Prosilec je privolil tudi v besedilo, ki ga je pripravil CHMP in se glasi:</s>
<s id="s10.4">Poglavje 4. 1 (indikacije):</s>
<s id="s10.5">„ Magnetnoresonančno slikanje jeter ali ledvic z izboljšanim kontrastom z namenom klasificirati lezije kot benigne ali maligne pri bolnikih z močnim sumom na žariščne lezije ali pri tistih z dokazanimi žariščnimi lezijami “.</s>
<s id="s10.6">Poglavje 4. 2 (odmerjanje):</s>
<s id="s10.7">„ Pediatrični bolniki Zdravilo Gadograf ni priporočeno za uporabo pri osebah, mlajših od 18 let, zaradi pomanjkanja podatkov o učinkovitosti in varnosti. “ Evropska komisija je 13. aprila 2007 mnenje odbora CHMP spremenila v odločbo.</s>
<s id="s11.1">Seznam zadevnih imen zdravil je naveden v Dodatku I.</s>
<s id="s11.2">Dodatek II vsebuje znanstvene zaključke, Dodatek III pa dopolnjen povzetek glavnih značilnosti zdravila.</s>
<s id="s12.1">Opombe:</s>
<s id="s12.2">Informacije, podane v tem dokumentu in dodatkih, odražajo le mnenje CHMP z dne 14. decembra 2006.</s>
<s id="s12.3">Pristojni organi držav članic bodo zdravilo še naprej redno nadzorovali.</s>
<s id="s13.1">2/ 2</s>
</body>
</letsmt>
