<?xml version="1.0" encoding="utf-8"?>
<letsmt version="1.0">
<head></head>
<body>
<s id="s1.1">ANNEX I</s>
<s id="s2.1">LIST OF THE NAMES, PHARMACEUTICAL FORM, STRENGTH OF THE MEDICINAL PRODUCT, ROUTE OF ADMINISTRATION, APPLICANT AND MARKETING AUTHORISATION HOLDER IN THE MEMBER STATES</s>
<s id="s3.1">1 Member State</s>
<s id="s4.1">Marketing Authorisation Holder</s>
<s id="s5.1">Applicant</s>
<s id="s6.1">Invented name</s>
<s id="s7.1">Strength</s>
<s id="s8.1">Pharmaceutica l form</s>
<s id="s9.1">Route of administration</s>
<s id="s10.1">Content (concentration)</s>
<s id="s11.1">Denmark</s>
<s id="s12.1">Valera Pharmaceuticals Ireland Ltd.</s>
<s id="s12.2">25-28 North Wall Quay, Dublin, Ireland</s>
<s id="s13.1">Vantas</s>
<s id="s14.1">50 mg</s>
<s id="s15.1">Implant</s>
<s id="s16.1">Subcutaneous</s>
<s id="s17.1">50 mg</s>
<s id="s18.1">Germany</s>
<s id="s19.1">Valera Pharmaceuticals Ireland Ltd.</s>
<s id="s19.2">25-28 North Wall Quay, Dublin, Ireland</s>
<s id="s20.1">Vantas</s>
<s id="s21.1">50 mg</s>
<s id="s22.1">Implant</s>
<s id="s23.1">Subcutaneous</s>
<s id="s24.1">50 mg</s>
<s id="s25.1">Ireland</s>
<s id="s26.1">Valera Pharmaceuticals Ireland Ltd.</s>
<s id="s26.2">25-28 North Wall Quay, Dublin, Ireland</s>
<s id="s27.1">Vantas</s>
<s id="s28.1">50 mg</s>
<s id="s29.1">Implant</s>
<s id="s30.1">Subcutaneous</s>
<s id="s31.1">50 mg</s>
<s id="s32.1">Italy</s>
<s id="s33.1">Valera Pharmaceuticals Ireland Ltd.</s>
<s id="s33.2">25-28 North Wall Quay, Dublin, Ireland</s>
<s id="s34.1">Vantas</s>
<s id="s35.1">50 mg</s>
<s id="s36.1">Implant</s>
<s id="s37.1">Subcutaneous</s>
<s id="s38.1">50 mg</s>
<s id="s39.1">Spain</s>
<s id="s40.1">Valera Pharmaceuticals Ireland Ltd.</s>
<s id="s40.2">25-28 North Wall Quay, Dublin, Ireland</s>
<s id="s41.1">Vantas</s>
<s id="s42.1">50 mg</s>
<s id="s43.1">Implant</s>
<s id="s44.1">Subcutaneous</s>
<s id="s45.1">50 mg</s>
<s id="s46.1">United Kingdom</s>
<s id="s47.1">Valera Pharmaceuticals Ireland Ltd.</s>
<s id="s47.2">25-28 North Wall Quay, Dublin, Ireland</s>
<s id="s48.1">Vantas</s>
<s id="s49.1">50 mg</s>
<s id="s50.1">Implant</s>
<s id="s51.1">Subcutaneous</s>
<s id="s52.1">50 mg</s>
<s id="s53.1">2 ANNEX II</s>
<s id="s54.1">SCIENTIFIC CONCLUSIONS</s>
<s id="s55.1">3 SCIENTIFIC CONCLUSIONS</s>
<s id="s56.1">OVERALL SUMMARY OF THE SCIENTIFIC EVALUATION OF VANTAS (see Annex I)</s>
<s id="s57.1">Early in its natural cycle, prostate cancer is androgen dependent.</s>
<s id="s57.2">Late in the clinical course, it is androgen independent, and is refractory to hormonal therapy.</s>
<s id="s57.3">However, even in the androgen- independent state, prostate cancer is likely to contain subpopulations of cells that are androgen dependent.</s>
<s id="s57.4">On the basis of these limited data, continued androgen suppression in men with androgen- independent prostate cancer (AIPC) is the current standard of care.</s>
<s id="s57.5">In the past, testosterone suppression was achieved by bilateral orchiectomy (surgical castration).</s>
<s id="s57.6">For the last two decades, injection of long-acting luteinizing hormone-releasing hormone agonists (LH-RHas) has been used to achieve androgen ablation.</s>
<s id="s57.7">In principle, it is important to achieve serum testosterone concentrations as low as possible for ADT to minimize stimulation of prostate cancer cells.</s>
<s id="s57.8">Serum testosterone concentrations that correspond to castration levels have generally been set at less than 50 ng/ dL (1.7 nmol/ L), given the known variability of values in reference laboratories.</s>
<s id="s57.9">The achievement of castrate levels of testosterone is an acceptable surrogate endpoint in hormone sensitive advanced prostate cancer which can be translated into less pain from bone metastases, improvement in urinary flow, and in some cases slowing of tumour progression, although a clear-cut survival benefit has not been demonstrated.</s>
<s id="s57.10">Androgen ablation is considered to be a palliative treatment.</s>
<s id="s57.11">Furthermore, reduction of testosterone to castrate levels has been accepted as a valid surrogate for clinical efficacy in advanced prostate cancer by the CHMP in 2004 as part of scientific advice from the SAWP.</s>
<s id="s57.12">Thus, the documented pharmacological endpoint serum testosterone &lt; 50 ng/ dL, documented for Vantas in studies 302, 301 and in addition in the Long Term Extension of Study 301 is an acceptable primary efficacy endpoint in patients with advanced prostate cancer.</s>
<s id="s58.1">With an efficacy of 98-100% in serum testosterone reduction further active comparator studies are redundant and thus not necessary.</s>
<s id="s58.2">Another LHRH agonist could be used, but this is superfluous considering the meta-analysis presented by Applicant, orchidectomy is not acceptable when reversible methods are available, DES is obsolete and non-steroidal anti-androgens may have inferior efficacy when used as monotherapy.</s>
<s id="s59.1">The safety database seems limited, but no unexpected safety issues have occurred nor in the American post marketing surveillance neither in the trials.</s>
<s id="s59.2">The data of the Long Term Extension of Study 301 support long-term safety for patients treated with Vantas for two or more years.</s>
<s id="s59.3">A distinction should be made between safety aspects of androgen suppression therapy in general and the (local) safety of this product.</s>
<s id="s59.4">The safety of androgen suppression is well known and further information is not necessary for this product.</s>
<s id="s59.5">The local safety of Vantas is sufficiently investigated and further comparative studies are not necessary.</s>
<s id="s59.6">The proposal of the applicant/ MAH to include five pharmacovigilance safety concerns in the Risk Management Plan is endorsed (two relate specifically to the unique Vantas formulation while the other three are classified as class effects: expulsions, cellulitis, flare, osteoporosis and QT prolongation).</s>
<s id="s60.1">In conclusion, the CHMP agrees that the responses submitted by the Applicant indicate that the issues are resolved.</s>
<s id="s60.2">Vantas is a new LHRH agonist and this pharmacological class was introduced for the treatment of advanced prostate cancer more than 20 years ago.</s>
<s id="s60.3">There is no indication that any of the members within this class differs with respect to efficacy and safety, and Vantas seems to be no exception in that respect.</s>
<s id="s60.4">The data from the Long Term Extension Study 301 concerning efficacy and safety are in support for both long-term efficacy and safety for patients, receiving palliative treatment of advanced prostate cancer with histrelin implant for two or more years.</s>
<s id="s60.5">The CHMP requests the inclusion, as proposed by the Applicant/ MAH, of the five pharmacovigilance safety concerns in the Risk Management Plan as mentioned above.</s>
<s id="s61.1">The CHMP has recommended the granting of the Marketing Authorisation for which the Summary of Product Characteristics, labelling and package leaflet are the final versions achieved during the Coordination group procedure as mentioned in Annex III for Vantas.</s>
<s id="s62.1">4 ANNEX III</s>
<s id="s63.1">SUMMARY OF PRODUCT CHARACHTERITICS, LABELLING AND PACKAGE LEAFLET</s>
<s id="s64.1">5 The valid Summary of Product Characteristics, labelling and package leaflet are the final versions achieved during the Coordination group procedure.</s>
<s id="s65.1">6</s>
</body>
</letsmt>
