<?xml version="1.0" encoding="utf-8"?>
<letsmt version="1.0">
<head></head>
<body>
<s id="s1.1">DODATEK I</s>
<s id="s2.1">SEZNAM IMEN, FARMACEVTSKIH OBLIK, JAKOSTI ZDRAVILA, POTI UPORABE ZDRAVILA, IMETNIKOV DOVOLJENJA ZA PROMET Z ZDRAVILOM V DRŽAVAH ČLANICAH</s>
<s id="s3.1">1 Država članica</s>
<s id="s4.1">Imetnik dovoljenja za promet z zdravilom</s>
<s id="s5.1">Izmišljeno ime</s>
<s id="s6.1">Jakost</s>
<s id="s7.1">Farmacevtska oblika</s>
<s id="s8.1">Pot uporabe zdravila</s>
<s id="s9.1">Avstrija</s>
<s id="s10.1">Novartis Pharma GmbH, Brunnerstraße 59, 1235 Wien, Avstrija</s>
<s id="s11.1">Elidel</s>
<s id="s12.1">1%</s>
<s id="s13.1">krema</s>
<s id="s14.1">dermalna uporaba</s>
<s id="s15.1">Belgija</s>
<s id="s16.1">Novartis Pharma N. V. Medialaan 40 B- 1800 Vilvoorde Belgija</s>
<s id="s17.1">Elidel 1%</s>
<s id="s18.1">10 mg/ g</s>
<s id="s19.1">krema</s>
<s id="s20.1">dermalna uporaba</s>
<s id="s21.1">Belgija</s>
<s id="s22.1">Novartis Pharma N. V. Medialaan 40 B- 1800 Vilvoorde Belgija</s>
<s id="s23.1">Isaplic 1%</s>
<s id="s24.1">10 mg/ g</s>
<s id="s25.1">krema</s>
<s id="s26.1">dermalna uporaba</s>
<s id="s27.1">Češka</s>
<s id="s28.1">Novartis s. r. o Praha Nagano III U Nākladového Nādraží 10 130 00 Praha 3 Češka</s>
<s id="s29.1">Elidel 1% Krém</s>
<s id="s30.1">1%</s>
<s id="s31.1">krema</s>
<s id="s32.1">dermalna uporaba</s>
<s id="s33.1">Ciper</s>
<s id="s34.1">Demetriades &amp; Papaellinas Ltd 21 Kassou street P. O.</s>
<s id="s34.2">Box 23490 Acropolis 1683 Lefkosia Ciper</s>
<s id="s35.1">Elidel cream 1%</s>
<s id="s36.1">1%</s>
<s id="s37.1">krema 15 g</s>
<s id="s38.1">dermalna uporaba</s>
<s id="s39.1">Ciper</s>
<s id="s40.1">Demetriades &amp; Papaellinas Ltd 21 Kassou street P. O.</s>
<s id="s40.2">Box 23490 Acropolis 1683 Lefkosia Ciper</s>
<s id="s41.1">Elidel cream 1%</s>
<s id="s42.1">1%</s>
<s id="s43.1">krema 30 g</s>
<s id="s44.1">dermalna uporaba</s>
<s id="s45.1">2 Danska</s>
<s id="s46.1">Novartis Healthcare A/ S, Lyngbyvej 172, 2100 København Ø Danska</s>
<s id="s47.1">Elidel</s>
<s id="s48.1">1%</s>
<s id="s49.1">krema</s>
<s id="s50.1">dermalna uporaba</s>
<s id="s51.1">Danska</s>
<s id="s52.1">Novartis Healthcare A/ S, Lyngbyvej 172, 2100 København Ø Danska</s>
<s id="s53.1">Aregen</s>
<s id="s54.1">1%</s>
<s id="s55.1">krema</s>
<s id="s56.1">dermalna uporaba</s>
<s id="s57.1">Danska</s>
<s id="s58.1">Novartis Healthcare A/ S, Lyngbyvej 172, 2100 København Ø Danska</s>
<s id="s59.1">Velov</s>
<s id="s60.1">1%</s>
<s id="s61.1">krema</s>
<s id="s62.1">dermalna uporaba</s>
<s id="s63.1">Estonija</s>
<s id="s64.1">Novartis Finland Oy, Metsänneidonkuja 10, 02130 Espoo, Finska</s>
<s id="s65.1">Elidel</s>
<s id="s66.1">1%</s>
<s id="s67.1">krema</s>
<s id="s68.1">krema</s>
<s id="s69.1">dermalna uporaba</s>
<s id="s70.1">Finska</s>
<s id="s71.1">Novartis Finland Oy, Metsänneidonkuja 10, 02130 Espoo, Finska</s>
<s id="s72.1">Elidel</s>
<s id="s73.1">1%</s>
<s id="s74.1">krema</s>
<s id="s75.1">dermalna uporaba</s>
<s id="s76.1">Francija</s>
<s id="s77.1">Novartis Pharma 2- 4, rue Lionel Terray 92500 Rueil- Malmaison Francija</s>
<s id="s78.1">Elidel</s>
<s id="s79.1">1%</s>
<s id="s80.1">krema 15 g</s>
<s id="s81.1">dermalna uporaba</s>
<s id="s82.1">Francija</s>
<s id="s83.1">Novartis Pharma 2- 4, rue Lionel Terray 92500 Rueil- Malmaison Francija</s>
<s id="s84.1">Elidel</s>
<s id="s85.1">1%</s>
<s id="s86.1">krema 30 g</s>
<s id="s87.1">dermalna uporaba</s>
<s id="s88.1">Francija</s>
<s id="s89.1">Novartis Pharma 2- 4, rue Lionel Terray 92500 Rueil- Malmaison Francija</s>
<s id="s90.1">Elidel</s>
<s id="s91.1">1%</s>
<s id="s92.1">krema 60 g</s>
<s id="s93.1">dermalna uporaba</s>
<s id="s94.1">3 Francija</s>
<s id="s95.1">Novartis Pharma 2- 4, rue Lionel Terray 92500 Rueil- Malmaison Francija</s>
<s id="s96.1">Elidel</s>
<s id="s97.1">1%</s>
<s id="s98.1">krema 100 g</s>
<s id="s99.1">dermalna uporaba</s>
<s id="s100.1">Nemčija</s>
<s id="s101.1">Novartis Pharma GmbH Roonstraße 25 D- 90429 Nürnberg Nemčija</s>
<s id="s102.1">Elidel 1% Creme</s>
<s id="s103.1">10 mg / 1g</s>
<s id="s104.1">krema</s>
<s id="s105.1">dermalna uporaba</s>
<s id="s106.1">Nemčija</s>
<s id="s107.1">3M Medica Zweigniederlassung der 3M Deutschland GmbH Hammfelddamm 11 D- 41460 Neuss Nemčija</s>
<s id="s108.1">Douglan 1% Creme</s>
<s id="s109.1">10 mg / 1g</s>
<s id="s110.1">krema</s>
<s id="s111.1">dermalna uporaba</s>
<s id="s112.1">Nemčija</s>
<s id="s113.1">Novartis Pharma GmbH Roonstraße 25 D- 90429 Nürnberg Nemčija</s>
<s id="s114.1">Velov 1% Crème</s>
<s id="s115.1">10 mg / 1g</s>
<s id="s116.1">krema</s>
<s id="s117.1">dermalna uporaba</s>
<s id="s118.1">Grčija</s>
<s id="s119.1">Novartis (Hellas) AEBE 12km Athens- Lamia Metamorfosi GR- 14451 Athens Grčija</s>
<s id="s120.1">Elidel</s>
<s id="s121.1">1%</s>
<s id="s122.1">krema</s>
<s id="s123.1">dermalna uporaba</s>
<s id="s124.1">Grčija</s>
<s id="s125.1">Novartis (Hellas) AEBE 12km Athens- Lamia Metamorfosi GR- 14451 Athens Grčija</s>
<s id="s126.1">Aregen</s>
<s id="s127.1">1%</s>
<s id="s128.1">krema</s>
<s id="s129.1">dermalna uporaba</s>
<s id="s130.1">Madžarska</s>
<s id="s131.1">Novartis Hungária Kft.</s>
<s id="s131.2">Pharma</s>
<s id="s132.1">Elidel 1% krém</s>
<s id="s133.1">1%</s>
<s id="s134.1">krema</s>
<s id="s135.1">dermalna uporaba</s>
<s id="s136.1">1114 Budapest, Bartók Béla út 43- 47.</s>
<s id="s136.2">Bartók- Ház, V. em.</s>
<s id="s136.3">Madžarska</s>
<s id="s137.1">(10mg/ g)</s>
<s id="s138.1">4 Islandija</s>
<s id="s139.1">Novaris Healthcare A/ S, Lyngbyvej 172 DK- 2100 København Ø, Danska</s>
<s id="s140.1">Elidel cream 1%</s>
<s id="s141.1">1%</s>
<s id="s142.1">krema</s>
<s id="s143.1">dermalna uporaba</s>
<s id="s144.1">Italija</s>
<s id="s145.1">Novartis Farma S. p. A.</s>
<s id="s145.2">Via Umberto Boccioni, 1 21040 Origgio, Varese Italija</s>
<s id="s146.1">Elidel</s>
<s id="s147.1">1%</s>
<s id="s148.1">krema</s>
<s id="s149.1">dermalna uporaba</s>
<s id="s150.1">Italija</s>
<s id="s151.1">L. P. B.</s>
<s id="s151.2">Istituto Farmaceutico S. p. A Via Umberto Boccioni, 1 21040 Origgio, Varese Italija</s>
<s id="s152.1">Ombex</s>
<s id="s153.1">1%</s>
<s id="s154.1">krema</s>
<s id="s155.1">dermalna uporaba</s>
<s id="s156.1">Latvija</s>
<s id="s157.1">Novartis Finland Oy Metsänneidonkuja 10 FI – 02130 Espoo Finska</s>
<s id="s158.1">Elidel</s>
<s id="s159.1">1%</s>
<s id="s160.1">krema</s>
<s id="s161.1">dermalna uporaba</s>
<s id="s162.1">Litva</s>
<s id="s163.1">Novartis Finland Oy Metsänneidonkuja 10 FI – 02130 Espoo Finska</s>
<s id="s164.1">Elidel</s>
<s id="s165.1">10 mg/ g</s>
<s id="s166.1">krema</s>
<s id="s167.1">dermalna uporaba</s>
<s id="s168.1">Luksemburg</s>
<s id="s169.1">Novartis Pharma GmbH Roonstraße 25 D- 90429 Nürnberg Nemčija</s>
<s id="s170.1">Elidel</s>
<s id="s171.1">1%</s>
<s id="s172.1">krema</s>
<s id="s173.1">dermalna uporaba</s>
<s id="s174.1">Malta</s>
<s id="s175.1">Novartis Pharmaceuticals UK Ltd.</s>
<s id="s175.2">Frimley Business Park, Frimley, Camberley, Surrey GUI6 7SR, Velika Britanija</s>
<s id="s176.1">Elidel</s>
<s id="s177.1">1% w/ w</s>
<s id="s178.1">krema</s>
<s id="s179.1">dermalna uporaba</s>
<s id="s180.1">5 Norveška</s>
<s id="s181.1">Novartis Norge AS Postboks 237 Økern 0510 Oslo Norveška</s>
<s id="s182.1">Elidel</s>
<s id="s183.1">1%</s>
<s id="s184.1">krema</s>
<s id="s185.1">dermalna uporaba</s>
<s id="s186.1">Poljska</s>
<s id="s187.1">Novartis Pharma GmbH Roonstraße 25 D- 90429 Nürnberg Nemčija</s>
<s id="s188.1">Elidel</s>
<s id="s189.1">10 mg/ g</s>
<s id="s190.1">krema</s>
<s id="s191.1">dermalna uporaba</s>
<s id="s192.1">Portugalska</s>
<s id="s193.1">Laboratório Normal - Produtos Farmacêuticos, S. A Rua do Centro Empresarial, Edifício 8 Quinta da Beloura 2710- 444 Sintra Portugalska</s>
<s id="s194.1">Aregen</s>
<s id="s195.1">10 mg/ g</s>
<s id="s196.1">krema</s>
<s id="s197.1">dermalna uporaba</s>
<s id="s198.1">Portugalska</s>
<s id="s199.1">Novartis Farma - Produtos Farmacêuticos, S. A Rua do Centro Empresarial, Edifício 8 Quinta da Beloura 2710- 444 Sintra Portugalska</s>
<s id="s200.1">Elidel</s>
<s id="s201.1">10 mg/ g</s>
<s id="s202.1">krema</s>
<s id="s203.1">dermalna uporaba</s>
<s id="s204.1">Slovaška</s>
<s id="s205.1">Novartis s. r. o.</s>
<s id="s206.1">Elidel 1%</s>
<s id="s207.1">10mg v 1g</s>
<s id="s208.1">krema</s>
<s id="s209.1">dermalna uporaba</s>
<s id="s210.1">U nákladového nádraží 10 130 00 Praha 3 Češka</s>
<s id="s211.1">(1%)</s>
<s id="s212.1">Slovenija</s>
<s id="s213.1">Novartis Pharma GmbH Roonstraße 25 D- 90429 Nürnberg Nemčija</s>
<s id="s214.1">Elidel</s>
<s id="s215.1">1%</s>
<s id="s216.1">krema</s>
<s id="s217.1">dermalna uporaba</s>
<s id="s218.1">Španija</s>
<s id="s219.1">Novartis Farmaceutica, S. A Gran Via de les Corts Catalanes, 764 08013 Barcelona Španija</s>
<s id="s220.1">Elidel 1% cream</s>
<s id="s221.1">1%</s>
<s id="s222.1">krema</s>
<s id="s223.1">dermalna uporaba</s>
<s id="s224.1">6 Španija</s>
<s id="s225.1">Novartis Farmaceutica, S. A</s>
<s id="s226.1">Pimecrolimus Novartis</s>
<s id="s227.1">1%</s>
<s id="s228.1">krema</s>
<s id="s229.1">dermalna uporaba</s>
<s id="s230.1">Gran Via de les Corts Catalanes, 764 08013 Barcelona Španija</s>
<s id="s231.1">1% cream</s>
<s id="s232.1">Španija</s>
<s id="s233.1">Novartis Farmaceutica, S. A Gran Via de les Corts Catalanes, 764 08013 Barcelona Španija</s>
<s id="s234.1">Rizan 1% cream</s>
<s id="s235.1">1%</s>
<s id="s236.1">krema</s>
<s id="s237.1">dermalna uporaba</s>
<s id="s238.1">Švedska</s>
<s id="s239.1">Novartis Sverige AB Box 1150 183 11 Täby Švedska</s>
<s id="s240.1">Elidel</s>
<s id="s241.1">1%</s>
<s id="s242.1">krema</s>
<s id="s243.1">krema</s>
<s id="s244.1">dermalna uporaba</s>
<s id="s245.1">Nizozemska</s>
<s id="s246.1">Novartis Pharma B. V., Arnhem, P. O. Box 241, 6800 LZ Nizozemska</s>
<s id="s247.1">Elidel, crème 10 mg/ g</s>
<s id="s248.1">10</s>
<s id="s249.1">mg na g</s>
<s id="s250.1">krema</s>
<s id="s251.1">dermalna uporaba</s>
<s id="s252.1">Velika Britanija</s>
<s id="s253.1">Novartis Pharmaceuticals UK Limited, Frimley Business Park, Frimley, Camberley, Surrey GU16 7SR, Velika Britanija</s>
<s id="s254.1">Elidel 1% Cream</s>
<s id="s255.1">1%</s>
<s id="s256.1">w/ w</s>
<s id="s257.1">krema</s>
<s id="s258.1">dermalna uporaba</s>
<s id="s259.1">7 DODATEK II</s>
<s id="s260.1">ZNANSTVENI ZAKLJUČKI IN PODLAGA ZA DOPOLNILO POVZETKOV GLAVNIH ZNAČILNOSTI ZDRAVILA IN NAVODIL ZA UPORABO, PREDSTAVLJENI S STRANI EVROPSKE AGENCIJE ZA ZDRAVILA</s>
<s id="s261.1">8 ZNANSTVENI ZAKLJUČKI</s>
<s id="s262.1">SPLOŠNI POVZETEK ZNANSTVENE OCENE ZDRAVIL, KI VSEBUJEJO PIMEKROLIMUS (glejte Dodatek I)</s>
<s id="s263.1">Pimekrolimus je zaviralec kalcineurina in je bil kot zdravilo odobren v obliki kreme v 1% koncentraciji.</s>
<s id="s263.2">Pimekrolimus je bil spočetka odobren za uporabo pri bolnikih z blagim do zmernim atopičnim dermatitisom (AD), starih dve leti ali več, za kratkotrajno zdravljenje znakov in simptomov in za dolgotrajno zdravljenje z vmesnimi presledki za preprečevanje širjenja obolenja.</s>
<s id="s264.1">Danska je Odbor za zdravila za uporabo v humani medicini (CHMP) zaprosila, naj poda mnenje o razmerju med koristmi in tveganji učinkovine pimekrolimus, kar zadeva učinkovitost in varnost z ozirom na potencialno tveganje za nastanek rakavega obolenja.</s>
<s id="s264.2">Na podlagi te prošnje je CHMP pregledal podatke o učinkovitosti in razpoložljive podatke, ki se nanašajo na omenjeno vprašanje varnosti, vključno s postmarketinškimi poročili, podatki iz nekliničnih raziskav, kliničnih preskušanj in epidemioloških študij.</s>
<s id="s265.1">Kar se tiče učinkovitosti, je pimekrolimus manj učinkovit od primarnega zdravljenja atopičnega dermatitisa (z lokalno uporabljenimi kortikosteroidi).</s>
<s id="s265.2">Zato je CHMP priporočil omejitev terapevtskih indikacij na tiste bolnike, pri katerih zdravljenje z lokalnimi kortikosteroidi bodisi ni priporočljivo bodisi ni mogoče.</s>
<s id="s265.3">To lahko vključuje neprenašanje lokalnih kortikosteroidov, pomanjkljiv učinek lokalnih kortikosteroidov in pa uporabo na obrazu in vratu, kjer je dolgotrajno zdravljenje v presledkih z lokalno uporabljenimi kortikosteroidi lahko neprimerno.</s>
<s id="s266.1">Dolgotrajno sistemsko izpostavljanje močni imunosupresiji pri bolnikih, pri katerih je bila opravljena presaditev, po sistemskem dajanju zaviralcev kalcineurina je bilo povezano s povečanim tveganjem za razvoj limfomov in malignih obolenj kože.</s>
<s id="s266.2">Z lokalno uporabo pimekrolimusa se omeji sistemska izpostavitev.</s>
<s id="s266.3">Kljub temu pa lokalnega imunosupresivnega učinka v koži ni mogoče izključiti.</s>
<s id="s267.1">Med kliničnim razvojem in v obdobju zbiranja postmarketinških izkušenj so v zvezi z lokalno uporabo pimekrolimusa zabeležili primere malignih obolenjih (vključno s kožnim T- celičnim limfomom (CTLC) in kožnim rakom).</s>
<s id="s267.2">Maligna obolenja, o katerih so poročali, so bila po svojem izvoru in mestu pojavljanja zelo različna.</s>
<s id="s267.3">Tudi trajanje izpostavljenosti kremi s pimekrolimusom do postavitve diagnoze malignega obolenja je bilo od primera do primera različno, razen tega ni bilo mogoče ugotoviti nobenega specifičnega trenda.</s>
<s id="s267.4">CHMP se je strinjal s tem, da lahko tovrstna maligna kožna obolenja posnemajo atopični dermatitis in da je njihovo diagnosticiranje težavno.</s>
<s id="s267.5">Vendar pa je po pregledu razpoložljivih podatkov zaključil, da možne povezave z uporabo pimekrolimusa ni mogoče izključiti.</s>
<s id="s268.1">CHMP je preučil tudi razpoložljive podatke kliničnih preskušanj in epidemioloških študij.</s>
<s id="s268.2">Zaenkrat je ocenil, da podatki, pridobljeni iz objavljenih epidemioloških študij, ne dajejo zadostne podlage za oblikovanje zaključkov glede možnih tveganj za nastanek malignih obolenj.</s>
<s id="s268.3">V splošnem ti podatki niso prepričljivi, študije pa vsebujejo šibke točke, ki omejujejo interpretacijo teh podatkov.</s>
<s id="s268.4">Glavni razlogi zajemajo prekratek čas izpostavitve, prekratko trajanje spremljanja in pa metodološke pomanjkljivosti.</s>
<s id="s268.5">Sprejeti bi bilo treba nekatera dopolnila v zvezi z načrtovanjem raziskav, potrebno pa je tudi več časa, da začne pimekrolimus uporabljati večje število ljudi, ki bi jih lahko dovolj dolgo opazovali.</s>
<s id="s269.1">Glede na doslej razpoložljive podatke je CHMP zaključil, da je treba dolgotrajno varnost uporabe pimekrolimusa še natančneje raziskati.</s>
<s id="s269.2">Imetnik dovoljenja za promet z zdravilom je pripravil načrt spremljanja varnosti uporabe, da bi še dodatno ovrednotil varnost dolgotrajne uporabe pimekrolimusa, vključno z registrom za pediatrične bolnike.</s>
<s id="s270.1">CHMP je tudi izrazil zaskrbljenost glede razširjenosti lokalne uporabe pimekrolimusa pri otrocih, starih manj kot dve leti (uporaba ni odobrena), ko se imunski sistem še vedno razvija.</s>
<s id="s270.2">Zato je CHMP zahteval, da mora imetnik dovoljenja za promet z zdravilom sprejeti ustrezne ukrepe, s katerimi bi zagotovil, da se Elidel ne bo uporabljal pri tej starostni skupini.</s>
<s id="s271.1">9 Odbor je poleg tega sklenil, da morajo podatki o zdravilu vključevati opozorila glede možnih tveganj za nastanek malignih obolenj in glede uporabe zdravila kot zdravila druge izbire.</s>
<s id="s272.1">PODLAGA ZA DOPOLNITEV POVZETKOV GLAVNIH ZNAČILNOSTI ZDRAVILA IN NAVODIL ZA UPORABO ZDRAVILA</s>
<s id="s273.1">Ker</s>
<s id="s274.1">- je Odbor obravnaval napotitev s skladu s členom 31 Direktive 2001/ 83/ ES, s</s>
<s id="s275.1">spremembami, za zdravila, ki vsebujejo lokalni pimekrolimus.</s>
<s id="s276.1">- je Odbor ugotovil, da je pimekrolimus v kremi učinkovit za zdravljenje blagega do</s>
<s id="s277.1">zmernega atopičnega dermatitisa, vendar pa je menil, da morajo biti terapevtske indikacije omejene na bolnike, pri katerih zdravljenje z lokalnimi kortikosteroidi bodisi ni priporočljivo bodisi ni mogoče.</s>
<s id="s278.1">- je Odbor potrdil, da so bila objavljena poročila o primerih malignih obolenj (vključno s</s>
<s id="s279.1">kožnim rakom in limfomom) pri bolnikih, ki so bili zdravljeni s pimekrolimusom v kremi.</s>
<s id="s279.2">Glede na razpoložljive podatke (vključno s predkliničnimi, kliničnimi in epidemiološkimi), je CHMP zaključil, da potencialne povezave med temi obolenji in uporabo pimekrolimusa ni mogoče izključiti in da so torej potrebni dodatni podatki, ki bi zagotovili sprejemljiv varnostni profil pri dolgotrajni uporabi zdravila.</s>
<s id="s280.1">- V skladu s tem je bil Odbor mnenja, da je razmerje med koristmi in tveganji zdravil, ki</s>
<s id="s281.1">vsebujejo pimekrolimus v kremi, ugodno za &quot;zdravljenje bolnikov, starih dve leti ali več, z blagim do zmernim atopičnim dermatitisom, pri katerih zdravljenje z lokalnimi kortikosteroidi bodisi ni priporočljivo bodisi ni mogoče.</s>
<s id="s281.2">To lahko vključuje neprenašanje lokalnih kortikosteroidov, pomanjkljiv učinek lokalnih kortikosteroidov in uporabo na obrazu in vratu, kjer je dolgotrajno zdravljenje v presledkih z lokalno uporabljenimi kortikosteroidi lahko neprimerno &quot;.</s>
<s id="s281.3">Poleg tega je CHMP zaključil, da morajo biti v Povzetke glavnih značilnosti zdravila in ustrezne točke Navodil za uporabo zdravila vključeni naslednji podatki:</s>
<s id="s282.1">•</s>
<s id="s283.1">Zdravljenje s pimekrolimusom v kremi lahko uvede le zdravnik z izkušnjami z diagnosticiranjem in zdravljenjem atopičnega dermatitisa.</s>
<s id="s284.1">•</s>
<s id="s285.1">Zdravljenje mora potekati s presledki in ne neprekinjeno.</s>
<s id="s286.1">•</s>
<s id="s287.1">Opozorilo, v katerem je poudarjeno, da se pimekrolimusa ne sme nanašati na lezije, za katere se ocenjuje, da bi utegnile biti maligne ali predmaligne.</s>
<s id="s288.1">•</s>
<s id="s289.1">Pimekrolimus v kremi se ne sme uporabljati pri odraslih ali otrocih z oslabljenim imunskim sistemom.</s>
<s id="s290.1">•</s>
<s id="s291.1">Opozorilo, da se pimekrolimus v kremi ne sme uporabljati pri otrocih, mlajših od dveh let.</s>
<s id="s292.1">•</s>
<s id="s293.1">Navedba, ki podaja primere malignih obolenj, zabeleženih v postmarketinškem obdobju.</s>
<s id="s294.1">V skladu s tem je CHMP priporočil ohranitev dovoljenja za promet z zdravili, ki so navedena v Dodatku I in za katera so v Dodatku III podrobno predstavljene dopolnitve ustreznih točk v Povzetkih glavnih značilnosti zdravila in Navodilih za uporabo.</s>
<s id="s295.1">10 DODATEK III</s>
<s id="s296.1">Opomba:</s>
<s id="s296.2">Ta Dodatek III (Povzetek glavnih značilnosti zdravila, označevanje in Navodila za uporabo) je bil priložen k odločbi Komisije o napotitvenem postopku iz člena 31 za zdravila, ki vsebujejo pimekrolimus.</s>
<s id="s296.3">Besedilo je bilo takrat veljavno.</s>
<s id="s297.1">Po odločbi Komisije bodo pristojne oblasti držav članic Dodatek III posodobile v skladu z zahtevami.</s>
<s id="s297.2">Dodatek III torej ne predstavlja nujno najnovejše različice besedila.</s>
<s id="s298.1">POVZETEK GLAVNIH ZNAČILNOSTI ZDRAVILA</s>
<s id="s299.1">11 1.</s>
<s id="s299.2">IME ZDRAVILA</s>
<s id="s300.1">{Lastniško ime}</s>
<s id="s301.1">2.</s>
<s id="s301.2">KAKOVOSTNA IN KOLIČINSKA SESTAVA</s>
<s id="s302.1">1 g kreme vsebuje 10 mg pimekrolimusa.</s>
<s id="s303.1">Za celoten seznam pomožnih snovi glejte poglavje 6. 1.</s>
<s id="s304.1">3.</s>
<s id="s304.2">FARMACEVTSKA OBLIKA</s>
<s id="s305.1">Krema.</s>
<s id="s306.1">Belkasta in homogena.</s>
<s id="s307.1">4.</s>
<s id="s307.2">KLINIČNI PODATKI</s>
<s id="s308.1">4. 1 Terapevtske indikacije</s>
<s id="s309.1">Zdravljenje bolnikov, starih 2 leti ali več, z blagim ali zmernim atopijskim dermatitisom, pri katerih zdravljenje z lokalnimi kortikosteroidi ni priporočljivo ali ni mogoče.</s>
<s id="s309.2">To lahko vključuje: • neprenašanje lokalnih kortikosteroidov, • neučinkovitost lokalnih kortikosteroidov, • uporabo na obrazu in vratu, kjer je dolgotrajno intermitentno zdravljenje z lokalnimi kortikosteroidi lahko neprimerno.</s>
<s id="s310.1">4. 2 Odmerjanje in način uporabe</s>
<s id="s311.1">{Lastniško ime} naj uvedejo zdravniki, ki imajo izkušnje z diagnosticiranjem in zdravljenjem atopijskega dermatitisa.</s>
<s id="s312.1">{Lastniško ime} se lahko uporablja kratkotrajno za zdravljenje znakov in simptomov atopijskega dermatitisa in intermitentno v daljšem obdobju za preprečevanje napredovanja do izbruhov bolezni (eksacerbacij).</s>
<s id="s313.1">Zdravljenje z {Lastniško ime} je treba začeti pri prvem pojavu znakov in simptomov atopijskega dermatitisa.</s>
<s id="s313.2">{Lastniško ime} se sme nanašati samo na z atopijskim dermatitisom prizadete predele kože.</s>
<s id="s313.3">Trajanje uporabe {Lastniško ime} v času izbruha bolezni naj bo kar najkrajše.</s>
<s id="s313.4">Ko znaki in simptomi izzvenijo, naj bolnik ali negovalec preneha uporabljati {Lastniško ime}.</s>
<s id="s313.5">Zdravljenje naj bo intermitentno, kratkotrajno in ne neprekinjeno.</s>
<s id="s313.6">{Lastniško ime} se tanko nanese na prizadete predele kože dvakrat dnevno.</s>
<s id="s314.1">Podatki iz kliničnih študij podpirajo intermitentno zdravljenje z {Lastniško ime} do 12 mesecev.</s>
<s id="s315.1">Če v 6 tednih ne nastopi izboljšanje ali če bolezen eksacerbira, je treba {Lastniško ime} ukiniti.</s>
<s id="s315.2">Diagnozo atopijskega dermatitisa je treba ponovno pretehtati in razmisliti o nadaljnjih možnostih zdravljenja.</s>
<s id="s316.1">Odrasli Nanesite tanko plast {Lastniško ime} na prizadeto kožo dvakrat na dan in jo nežno in popolnoma vtrite vanjo.</s>
<s id="s316.2">Vsak prizadeti predel kože zdravite z {Lastniško ime}, dokler se ne pozdravi, nato pa zdravljenje prekinite.</s>
<s id="s317.1">12 {Lastniško ime} se sme uporabljati na vseh predelih kože, tudi na glavi in obrazu, vratu in intertriginoznih mestih, razen na sluznicah.</s>
<s id="s317.2">{Lastniško ime} se ne sme uporabljati pod okluzivnim zavojem (glejte poglavje 4. 4 “ Posebna opozorila in previdnostni ukrepi ”).</s>
<s id="s318.1">Pri dolgotrajnem zdravljenju atopijskega dermatitisa (ekcema) naj se za preprečitev izbruha bolezni zdravljenje z {Lastniško ime} začne pri prvem pojavu znakov in simptomov atopijskega dermatitisa.</s>
<s id="s318.2">{Lastniško ime} je treba uporabljati dvakrat na dan.</s>
<s id="s319.1">Emoliente lahko nanesete takoj po uporabi {Lastniško ime}.</s>
<s id="s320.1">Pediatrični bolniki Uporaba {Lastniško ime} pri bolnikih, mlajših od 2 let, ni priporočljiva, dokler ne bodo na voljo nadaljnji podatki.</s>
<s id="s321.1">Pri otrocih (2– 11 let) in mladostnikih (12– 17 let) so priporočila za odmerjanje in način uporabe enaka kot pri odraslih.</s>
<s id="s322.1">Starejši bolniki Atopijski dermatitis (ekcem) je redko opažen pri bolnikih, starih 65 let in več.</s>
<s id="s322.2">Klinične raziskave z {Lastniško ime} niso zajele dovolj bolnikov iz te starostne skupine, da bi bilo lahko ugotovljeno, ali se odzivajo drugače od mlajših bolnikov.</s>
<s id="s323.1">4. 3 Kontraindikacije</s>
<s id="s324.1">Preobčutljivost za pimekrolimus, druge makrolaktame ali katerokoli pomožno snov.</s>
<s id="s324.2">Za celoten seznam pomožnih snovi glejte poglavje 6. 1.</s>
<s id="s325.1">4. 4 Posebna opozorila in previdnostni ukrepi</s>
<s id="s326.1">Kreme {Lastniško ime} se ne sme uporabljati pri bolnikih s prirojeno ali pridobljeno imunsko pomanjkljivostjo ali pri bolnikih, ki prejemajo imunosupresivno terapijo.</s>
<s id="s327.1">Dolgoročni učinek na lokalni kožni imunski odziv in na pogostnost kožnih malignih bolezni ni znan.</s>
<s id="s327.2">{Lastniško ime} se ne sme nanašati na potencialno maligne ali predmaligne spremembe na koži.</s>
<s id="s328.1">{Lastniško ime} ne smete nanašati na predele z akutnimi kožnimi virusnimi okužbami (herpes simpleks, norice).</s>
<s id="s329.1">Učinkovitost in varnost {Lastniško ime} za zdravljenje klinično okuženega atopijskega dermatitisa nista ocenjeni.</s>
<s id="s329.2">Pred začetkom zdravljenja z {Lastniško ime} je treba pozdraviti klinične okužbe na prizadetih predelih.</s>
<s id="s330.1">Ker so bolniki z atopijskim dermatitisom dovzetni za površinske okužbe kože, med drugim za eczema herpeticum (Kaposijeva variceliformna erupcija), utegne biti zdravljenje z {Lastniško ime} povezano s povečanim tveganjem kožne okužbe z virusom herpesa simpleksa ali eczema herpeticum (ki se kaže kot hitro širjenje vezikularnih in erozivnih lezij).</s>
<s id="s330.2">Pri kožni okužbi s herpesom simpleksom je treba zdravljenje z {Lastniško ime} na mestu okužbe prekiniti, dokler se virusna okužba ne pozdravi.</s>
<s id="s331.1">Pri bolnikih s hudim atopijskim dermatitisom je lahko med zdravljenjem z {Lastniško ime} povečana nevarnost bakterijskih okužb kože (impetigo).</s>
<s id="s332.1">Uporaba {Lastniško ime} lahko povzroči blage in prehodne reakcije na mestu uporabe, na primer občutek toplote in/ ali (občutek) pečenja.</s>
<s id="s332.2">Če je lokalna reakcija zdravila resna, je treba oceniti razmerje med tveganjem in koristnostjo zdravljenja.</s>
<s id="s333.1">Skrbno je treba paziti, da ne pride do stika zdravila z očmi in sluznicami.</s>
<s id="s333.2">Če bolnik kremo nehote nanese na te predele, jo mora temeljito obrisati in/ ali sprati z vodo.</s>
<s id="s334.1">13 Zdravniki morajo bolnikom svetovati glede ustrezne zaščite pred soncem, kot so npr. čim krajši čas sončenja, uporaba kreme za sončenje z ustreznim zaščitnim faktorjem in zaščita kože s primerno obleko (glejte poglavje 4. 5 “ Medsebojno delovanje z drugimi zdravili in druge oblike interakcij ”).</s>
<s id="s335.1">{Lastniško ime} vsebuje cetilalkohol in stearilalkohol, ki lahko povzročata lokalne kožne reakcije.</s>
<s id="s335.2">{Lastniško ime} vsebuje tudi propilenglikol, ki lahko povzroča draženje kože.</s>
<s id="s336.1">{Lastniško ime} vsebuje zdravilno učinkovino pimekrolimus, inhibitor kalcinevrina.</s>
<s id="s336.2">Podaljšana sistemska izpostavljenost intenzivni imunosupresiji pri bolnikih po transplantaciji, ki so sistemsko prejemali inhibitorje kalcinevrina, je bila povezana s povečanim tveganjem za razvoj limfoma in kožnih malignih bolezni.</s>
<s id="s337.1">Pri bolnikih, ki so uporabljali kremo s pimekrolimusom, so poročali o primerih maligne bolezni, vključno s kožnim in drugimi oblikami limfoma, ter kožnega raka (glejte poglavje 4. 8).</s>
<s id="s337.2">Vendar pa pri bolnikih z atopijskim dermatitisom, ki so se zdravili z {Lastniško ime}, niso odkrili pomembnih sistemskih koncentracij pimekrolimusa.</s>
<s id="s338.1">Skupine bolnikov z možnostjo večjega tveganja za sistemsko izpostavljenost</s>
<s id="s339.1">Pri bolnikih z Nethertonovim sindromom {Lastniško ime} niso proučevali.</s>
<s id="s339.2">Zaradi možnosti povečane sistemske absorpcije pimekrolimusa {Lastniško ime} pri bolnikih z Nethertonovim sindromom ni priporočen.</s>
<s id="s340.1">Ker varnost {Lastniško ime} pri bolnikih z eritrodermijo ni bila dokazana, uporabe zdravila v tej skupini bolnikov ne moremo priporočati.</s>
<s id="s341.1">Pri bolnikih uporaba {Lastniško ime} pod okluzivnim zavojem ni bila raziskana.</s>
<s id="s341.2">Okluzivni zavoji niso priporočeni.</s>
<s id="s342.1">Pri bolnikih s hudo vneto in/ ali poškodovano kožo pride lahko do večjih sistemskih koncentracij.</s>
<s id="s343.1">4. 5 Medsebojno delovanje z drugimi zdravili in druge oblike interakcij</s>
<s id="s344.1">Možno medsebojno delovanje med {Lastniško ime} in drugimi zdravili ni sistematično proučeno.</s>
<s id="s344.2">Pimekrolimus presnavlja izključno CYP 450 3A4.</s>
<s id="s344.3">Zaradi minimalnega obsega njegove absorpcije medsebojno delovanje med {Lastniško ime} in sistemskimi zdravili ni verjetno (glejte poglavje 5. 2 “ Farmakokinetične lastnosti ”).</s>
<s id="s345.1">Trenutno dostopni podatki kažejo, da se lahko {Lastniško ime} uporablja sočasno z antibiotiki, antihistaminiki in kortikosteroidi (peroralnimi/ nazalnimi/ za inhalacijo).</s>
<s id="s346.1">Zaradi minimalnega obsega absorpcije ni verjetno, da bi prišlo do morebitnega sistemskega medsebojnega delovanja s cepljenjem, čeprav to medsebojno delovanje ni raziskano.</s>
<s id="s346.2">Zato je pri bolnikih z obsežno boleznijo priporočeno, da so cepljeni v obdobjih, ko se ne zdravijo z {Lastniško ime}.</s>
<s id="s347.1">O sočasni uporabi imunosupresivnega zdravljenja atopijskega ekcema, na primer UVB, UVA, PUVA, azatioprina in ciklosporina A, ni na voljo nikakršnih izkušenj.</s>
<s id="s348.1">Pri živalih {Lastniško ime} nima fotokancerogenega delovanja (glejte poglavje 5. 3 “ Predklinični podatki o varnosti ”).</s>
<s id="s348.2">Kljub temu naj se bolniki med zdravljenjem z {Lastniško ime} izogibajo čezmernemu izpostavljanju kože ultravijolični svetlobi, na primer “ sončenju ” v solariju, in zdravljenju s PUVA, UVA in UVB, ker njihov vpliv na človeka ni znan.</s>
<s id="s349.1">14 4. 6 Nosečnost in dojenje</s>
<s id="s350.1">Nosečnost Ni zadostnih podatkov o uporabi {Lastniško ime} pri nosečnicah.</s>
<s id="s350.2">Študije na živalih z uporabo na koži ne kažejo na neposredne ali posredne škodljive vplive na razvoj zarodka/ plodu.</s>
<s id="s350.3">Študije na živalih po peroralnem dajanju zdravila so pokazale vpliv na razmnoževanje (glejte poglavje 5. 3 “ Predklinični podatki o varnosti ”).</s>
<s id="s350.4">Zaradi minimalnega obsega absorpcije pimekrolimusa po lokalni uporabi {Lastniško ime} (glejte poglavje 5. 2 “ Farmakokinetične lastnosti ”) je mogoče sklepati, da je možnost tveganja za ljudi omejena.</s>
<s id="s350.5">Vendar zdravila {Lastniško ime} med nosečnostjo ne smete uporabljati.</s>
<s id="s351.1">Dojenje Študije na živalih o izločanju v mleko po lokalni uporabi niso bile izvedene in uporabe {Lastniško ime} pri doječih materah niso preučevali.</s>
<s id="s351.2">Ni znano, ali se pimekrolimus po lokalni uporabi izloča v mleko.</s>
<s id="s352.1">Vendar je zaradi minimalnega obsega absorpcije pimekrolimusa po lokalni uporabi {Lastniško ime} (glejte poglavje 5. 2 “ Farmakokinetične lastnosti ”) mogoče sklepati, da je možno tveganje za ljudi omejeno.</s>
<s id="s352.2">Pri zdravljenju doječih mater z {Lastniško ime} je potrebna previdnost.</s>
<s id="s353.1">Doječe matere smejo uporabljati {Lastniško ime}, z izjemo na dojkah, da ne bi novorojenček nehote peroralno zaužil zdravila.</s>
<s id="s354.1">4. 7 Vpliv na sposobnost vožnje in upravljanja s stroji</s>
<s id="s355.1">{Lastniško ime} nima znanega vpliva na sposobnost vožnje in upravljanja s stroji.</s>
<s id="s356.1">4. 8 Neželeni učinki</s>
<s id="s357.1">Najpogostejši neželeni učinki so reakcije na mestu uporabe, o katerih je bilo poročano pri približno 19% bolnikov, zdravljenih z {Lastniško ime}, in pri 16% bolnikov v kontrolni skupini.</s>
<s id="s357.2">Te reakcije so se na splošno pojavljale na začetku zdravljenja, bile so blage do zmerne in prehodne.</s>
<s id="s358.1">Ocene pogostnosti: zelo pogosti (≥1/ 10); pogosti( ≥1/ 100, &lt; 1/ 10); občasni (≥1/ 1, 000, &lt; 1/ 100); redki( ≥1/ 10, 000, &lt; 1/ 1, 000); zelo redki (&lt; 1/ 10. 000, vključno s posameznimi poročili).</s>
<s id="s359.1">- Zelo pogost: pečenje na mestu uporabe.</s>
<s id="s360.1">- Pogosti: reakcije na mestu uporabe (draženje, srbenje in eritem), kožne okužbe (folikulitis).</s>
<s id="s361.1">- Občasni: furunkel, impetigo, herpes simpleks, herpes zoster, herpes simpleks dermatitis</s>
<s id="s362.1">(eczema herpeticum), molluscum contagiosum, kožni papilom, motnje na mestu uporabe, na primer izpuščaj, bolečine, parestezije, luščenje kože, suha koža, edem in poslabšanje bolezni.</s>
<s id="s363.1">- Redki: alkoholna intoleranca (pri večini primerov so se rdečica, izpuščaj, pečenje, srbenje ali</s>
<s id="s364.1">otekanje pojavili v kratkem času po zaužitju alkohola), alergijske kožne reakcije (npr. dermatitis, urtikarija).</s>
<s id="s365.1">Postmarketinške izkušnje:</s>
<s id="s365.2">Pri bolnikih, ki so uporabljali kremo s pimekrolimusom, so poročali o primerih maligne bolezni, vključno s kožnim in drugimi oblikami limfoma, ter kožnega raka (glejte poglavje 4. 4).</s>
<s id="s366.1">4. 9 Preveliko odmerjanje</s>
<s id="s367.1">Ni poročil o primerih prevelikega odmerjanja{ Lastniško ime}.</s>
<s id="s368.1">Doslej niso poročali o nobenem primeru nehotenega zaužitja.</s>
<s id="s369.1">15 5.</s>
<s id="s369.2">FARMAKOLOŠKE LASTNOSTI</s>
<s id="s370.1">5. 1 Farmakodinamične lastnosti</s>
<s id="s371.1">Farmakoterapevtska skupina: druga dermatološka zdravila, Oznaka ATC:</s>
<s id="s371.2">D11AX15</s>
<s id="s372.1">Neklinična farmakologija Pimekrolimus je lipofilni protivnetni makrolaktamski derivat askomicina in celično selektiven zaviralec nastajanja in sproščanja citokinov, ki pospešujejo vnetje.</s>
<s id="s373.1">Pimekrolimus se z veliko afiniteto veže na makrofilin- 12 in zavira od kalcija odvisno fosfatazo kalcinevrin.</s>
<s id="s373.2">Zato zavira sintezo vnetnih citokinov v limfocitih T.</s>
<s id="s374.1">Pimekrolimus ima izrazito protivnetno delovanje v živalskih modelih kožnega vnetja po lokalni in sistemski uporabi.</s>
<s id="s374.2">Lokalno uporabljeni pimekrolimus je pri prašičjem modelu alergijskega kontaktnega dermatitisa enako učinkovit kot močni kortikosteroidi.</s>
<s id="s374.3">Za razliko od kortikosteroidov pimekrolimus pri prašičih ne povzroča atrofije kože in ne vpliva na Langerhansove celice v koži miši.</s>
<s id="s375.1">Pimekrolimus pri miših ne zavira primarnega imunskega odziva niti ne vpliva na bezgavke pri alergijskem kontaktnem dermatitisu.</s>
<s id="s375.2">Lokalni pimekrolimus podobno prodira v kožo kot kortikosteroidi, vendar ga mnogo manj preide skozi, kar kaže na zelo majhno verjetnost za sistemsko absorpcijo pimekrolimusa.</s>
<s id="s376.1">Iz tega je mogoče potegniti sklep, da ima pimekrolimus za kožo selektiven farmakološki profil, ki se razlikuje od farmakološkega profila kortikosteroidov.</s>
<s id="s377.1">Klinični podatki Profil učinkovitosti in varnosti {Lastniško ime} je bil ocenjen na več kot 2000 bolnikih, tudi dojenčkih (≥3 mesece), otrocih, mladostnikih in odraslih, vključenih v raziskave druge in tretje faze.</s>
<s id="s377.2">Več kot 1500 teh bolnikov je bilo zdravljenih z {Lastniško ime} in več kot 500 jih je bilo tretiranih s kontrolnim zdravljenjem, tj. z vehiklom {Lastniško ime} in/ ali z lokalnimi kortikosteroidi.</s>
<s id="s378.1">Kratkotrajno (akutno) zdravljenje Otroci in mladostniki:</s>
<s id="s378.2">Narejeni sta bili dve šesttedenski, z vehiklom kontrolirani raziskavi, ki sta zajeli 403 pediatričnih bolnikov, starih od 2 do 17 let.</s>
<s id="s378.3">Bolniki so bili zdravljeni z {Lastniško ime} dvakrat na dan.</s>
<s id="s378.4">Podatki iz obeh raziskav so bili združeni.</s>
<s id="s379.1">Dojenčki:</s>
<s id="s379.2">Podobna šesttedenska raziskava je bila narejena na 186 bolnikih, starih 3- 23 mesecev.</s>
<s id="s380.1">Pri vseh treh šesttedenskih raziskavah je bila končna učinkovitost sledeča:</s>
<s id="s381.1">Otroci in mladostniki</s>
<s id="s382.1">Dojenčki</s>
<s id="s383.1">1% Vehikel</s>
<s id="s384.1">Vrednos</s>
<s id="s385.1">1%</s>
<s id="s386.1">Vehikel</s>
<s id="s387.1">Vrednost</s>
<s id="s388.1">Končno stanje</s>
<s id="s389.1">Kriteriji</s>
<s id="s390.1">{Lastnišk (N=136) o ime} (N=267)</s>
<s id="s391.1">tp</s>
<s id="s392.1">{Lastnišk o ime} (N=123)</s>
<s id="s393.1">(N=63)</s>
<s id="s394.1">p</s>
<s id="s395.1">IGA *:</s>
<s id="s396.1">Ozdravljen ozdravljen 1 Izboljšanje 2</s>
<s id="s397.1">ali</s>
<s id="s398.1">skoraj</s>
<s id="s399.1">34, 8% 18, 4%</s>
<s id="s400.1">&lt; 0, 001</s>
<s id="s401.1">54, 5%</s>
<s id="s402.1">23, 8%</s>
<s id="s403.1">&lt; 0, 001</s>
<s id="s404.1">IGA *</s>
<s id="s405.1">59, 9% 33%</s>
<s id="s406.1">Ni bila izračuna - na.</s>
<s id="s407.1">68%</s>
<s id="s408.1">40%</s>
<s id="s409.1">Ni bila izračuna - na.</s>
<s id="s410.1">Pruritus:</s>
<s id="s411.1">Brez ali blag</s>
<s id="s412.1">56, 6%</s>
<s id="s413.1">33, 8%</s>
<s id="s414.1">&lt; 0, 001</s>
<s id="s415.1">72, 4%</s>
<s id="s416.1">33, 3%</s>
<s id="s417.1">&lt; 0, 001</s>
<s id="s418.1">EASI°:</s>
<s id="s419.1">Na splošno (povprečna - 43, 6 sprememba v%) 3</s>
<s id="s420.1">- 0, 7</s>
<s id="s421.1">&lt; 0, 001</s>
<s id="s422.1">- 61, 8</s>
<s id="s423.1">+7, 35</s>
<s id="s424.1">&lt; 0, 001</s>
<s id="s425.1">EASI°:</s>
<s id="s426.1">Glava/ vrat (povprečna - 61, 1 sprememba v%) 3</s>
<s id="s427.1">+0, 6</s>
<s id="s428.1">&lt; 0, 001</s>
<s id="s429.1">- 74, 0</s>
<s id="s430.1">+31, 48</s>
<s id="s431.1">&lt; 0, 001</s>
<s id="s432.1">16 * Globalna ocena raziskovalcev (=Investigators Global Assessment). ° Indeks prizadetosti ekcemskega predela (Eczema Area Severity Index) (EASI): pomeni spremembo kliničnih znakov v% (eritem, infiltracija, ekskoriacija, lihenifikacija) in prizadeti predel telesne površine.</s>
<s id="s432.2">1:</s>
<s id="s432.3">Vrednost p temelji na testu CMH, stratificiranem po centrih.</s>
<s id="s432.4">2 Izboljšanje=manjši IGA od izhodiščnega.</s>
<s id="s432.5">3:</s>
<s id="s432.6">Vrednost p temelji na modelu ANCOVA EASI (- ja) glede na končno stanje na 43. dan, pri čemer sta center in zdravljenje faktorja, izhodiščni EASI (na 1. dan) pa kovariabla.</s>
<s id="s433.1">Značilno izboljšanje pruritusa je bilo opaženo v prvem tednu zdravljenja pri 44% otrok in mladostnikov ter pri 70% dojenčkov.</s>
<s id="s434.1">Odrasli:</s>
<s id="s434.2">{Lastniško ime} je bil manj učinkovit kot 0, 1% betametazon- 17- valerat pri kratkotrajnem zdravljenju (3 tedne) odraslih z zmernim do hudim atopičnim dermatitisom.</s>
<s id="s435.1">Dolgotrajno zdravljenje V dveh dvojno slepih raziskavah dolgotrajnega zdravljenja atopijskega dermatitisa pri 713 otrocih in mladostnikih (2– 17 let) in 251 dojenčkih (3– 23 mesecev) je bil {Lastniško ime} ocenjen kot utemeljeno zdravljenje.</s>
<s id="s436.1">{Lastniško ime} je bil uporabljen ob prvih znakih srbenja in rdečice, da bi se preprečilo napredovanje v izbruh atopijskega dermatitisa.</s>
<s id="s436.2">Zdravljenje s srednje močnimi kortikosteroidi je bilo uvedeno samo v primeru izbruha bolezni, ki ga {Lastniško ime} ni obvladal.</s>
<s id="s436.3">Kadar je bila za zdravljenje izbruhov uvedena kortikosteroidna terapija, je bilo zdravljenje z {Lastniško ime} prekinjeno.</s>
<s id="s436.4">Kontrolna skupina je prejemala {Lastniško ime} vehikel, da sta raziskavi ostali slepi.</s>
<s id="s437.1">Obe raziskavi sta pokazali statistično signifikantno zmanjšanje pogostnosti izbruhov (p &lt; 0, 001) v korist zdravljenja z {Lastniško ime}; zdravljenje z {Lastniško ime} je pokazalo boljšo učinkovitost pri vseh sekundarnih ocenjevanjih (indeks prizadetosti ekcemskega predela, globalna ocena raziskovalcev, ocena s strani bolnika); {Lastniško ime} je obvladal pruritus znotraj enega tedna.</s>
<s id="s437.2">Značilno več bolnikov, zdravljenih z {Lastniško ime}, je preživelo naslednjih 6 mesecev [(otroci {Lastniško ime} 61%, kontrole 34%); dojenčki ({Lastniško ime} 70%, kontrole 33%)] in 12 mesecev [(otroci:</s>
<s id="s437.3">{Lastniško ime} 51%, kontrole 28%), dojenčki ({Lastniško ime} 57%, kontrole 28%)] brez izbruha.</s>
<s id="s438.1">Ob uporabi {Lastniško ime} je bila potreba po zdravljenju z lokalnimi kortikosteroidi manjša: več bolnikov, zdravljenih z {Lastniško ime}, ni uporabljalo kortikosteroidov v 12 mesecih [otroci (57% {Lastniško ime} proti 32% kontrole), dojenčki (64% {Lastniško ime} proti 35% kontrole)].</s>
<s id="s438.2">Učinkovitost {Lastniško ime} se je s časom ohranjala.</s>
<s id="s439.1">Podobno zasnovana 6- mesečna randomizirana, dvojno slepa, z vehiklom kontrolirana raziskava na paralelni skupini je bila opravljena na 192 odraslih z zmernim do težkim atopijskim dermatitisom.</s>
<s id="s439.2">V skupini z {Lastniško ime} je bilo uporabljeno lokalno kortikosteroidno zdravljenje na 14, 2 ± 24, 2% dni 24- tedenskega zdravljenja, v kontrolni skupini pa na 37, 2 ± 34, 6% dni (p &lt; 0, 001).</s>
<s id="s439.3">Vsega skupaj 50, 0% bolnikov, zdravljenih z {Lastniško ime}, ni imelo nobenega izbruha, od bolnikov, randomiziranih v kontrolno skupino, pa ni imelo nobenega izbruha 24, 0%.</s>
<s id="s440.1">Pri odraslih z zmernim do težkim atopijskim dermatitisom je bila opravljena enoletna dvojna slepa raziskava za primerjavo {Lastniško ime} s kremo z 0, 1% triamcinolonacetonidom (za trup in ude) plus kremo z 1% hidrokortizonacetatom (za obraz, vrat in intertriginozne predele).</s>
<s id="s440.2">Tako {Lastniško ime} kot kortikosteroidi so bili uporabljani brez omejitev.</s>
<s id="s440.3">Polovica bolnikov v kontrolni skupini je dobivala lokalne kortikosteroide več kot 95% dni raziskave.</s>
<s id="s440.4">Pri dolgotrajnem zdravljenju (52 tednov) odraslih z zmernim do težkim atopijskim dermatitisom je bil {Lastniško ime} manj učinkovit od kreme z 0, 1% triamcinolonacetonidom (za trup in ude) plus kreme z 1% hidrokortizonacetatom (za obraz, vrat in intertriginozne predele).</s>
<s id="s441.1">Dolgotrajna klinična preskušanja so trajala 1 leto.</s>
<s id="s441.2">O zdravljenju, ki bi trajalo dlje kot 1 leto, ni nobenih kliničnih podatkov.</s>
<s id="s442.1">17 Pogostnost uporabe, večje od dvakrat na dan, ni bila proučena.</s>
<s id="s443.1">Posebne raziskave Raziskave varnosti zdravila so pokazale, da {Lastniško ime} ne povzroča kontaktne senzitizacije, fototoksičnosti, fotosenzitizacije ali iritacije zaradi kopičenja.</s>
<s id="s444.1">Atrofogeni potencial {Lastniško ime} pri ljudeh je bil preizkušen v primerjavi s srednje močnimi in zelo močnimi lokalnimi steroidi (0, 1% - na krema betametazon- 17- valerata, 0, 1% - na krema triamcinolonacetonida) in z vehiklom pri šestnajstih zdravih prostovoljcih, zdravljenih 4 tedne.</s>
<s id="s444.2">Oba lokalna kortikosteroida sta povzročila značilno stanjšanje kože, merjeno z ehografijo, v primerjavi z {Lastniško ime} in vehiklom, ki nista povzročila tanjšanja kože.</s>
<s id="s445.1">5. 2 Farmakokinetične lastnosti</s>
<s id="s446.1">Podatki na živalih Biološka uporabnost pimekrolimusa pri prašičkih po enem kožnem odmerku (danem za 22 ur pod semi- okluzijo) je bila 0, 03%.</s>
<s id="s446.2">Količina učinkovine in sorodnih snovi, povezanih z zdravilom, v koži na mestu uporabe (praktično samo nespremenjen pimekrolimus) je v časovnem intervalu 10 dni ostala praktično konstantna.</s>
<s id="s447.1">Podatki pri ljudeh</s>
<s id="s448.1">Absorpcija pri odraslih Sistemska izpostavljenost pimekrolimusu je bila raziskana pri 12 odraslih bolnikih z atopijskim dermatitisom, zdravljenih z {Lastniško ime} dvakrat na dan 3 tedne.</s>
<s id="s448.2">Telesna površina (BSA) je bila 15- 59%.</s>
<s id="s448.3">77, 5% koncentracij pimekrolimusa v krvi je bilo manjših od 0, 5 ng/ ml, 99, 8% vseh vzorcev pa je bilo manjših od 1 ng/ ml.</s>
<s id="s448.4">Najvišja koncentracija pimekrolimusa v krvi, izmerjena pri enem bolniku, je bila 1, 4 ng/ ml.</s>
<s id="s449.1">Pri 40 odraslih bolnikih, zdravljenih z {Lastniško ime} do 1 leta, ki so imeli v izhodišču prizadetih 14 - 62% BSA, je bilo 98% koncentracij pimekrolimusa v krvi nižjih od 0, 5 ng/ ml.</s>
<s id="s449.2">Najvišja krvna koncentracija 0, 8 ng/ ml je bila izmerjena samo pri 2 bolnikih med 6. tednom zdravljenja.</s>
<s id="s449.3">Pri nobenem bolniku ni koncentracija v krvi v 12 mesečnem obdobju zdravljenja sčasoma naraščala.</s>
<s id="s449.4">Pri 8 odraslih bolnikih z atopijskim dermatitisom, pri katerih je bilo možno izračunati AUC, so vrednosti AUC( 0- 12h) segale od 2, 5 do 11, 4 ng h/ ml.</s>
<s id="s450.1">Absorpcija pri otrocih Sistemska izpostavljenost pimekrolimusu je bila raziskana pri 58 pediatričnih bolnikih, starih od 3 mesecev do 14 let.</s>
<s id="s450.2">Prizadeta BSA je bila od 10- 92%.</s>
<s id="s450.3">Večina otrok je bila zdravljena z {Lastniško ime} dvakrat na dan 3 tedne, pet otrok pa po načelu “ po potrebi ” do 1 leta.</s>
<s id="s451.1">Koncentracije pimekrolimusa v krvi so bile stalno nizke, ne glede na obseg zdravljenih lezij ali trajanje zdravljenja.</s>
<s id="s451.2">Po razponu so bile podobne koncentracijam, izmerjenim pri odraslih bolnikih.</s>
<s id="s451.3">Okrog 60% koncentracij pimekrolimusa v krvi je bilo nižjih od 0, 5 ng/ ml, 97% vseh vzorcev pa je bilo pod 2 ng/ ml.</s>
<s id="s451.4">Najvišja koncentracija v krvi, izmerjena pri 2 pediatričnih bolnikih, starih od 8 mesecev do 14 let, je bila 2, 0 ng/ ml.</s>
<s id="s452.1">Pri najmlajših bolnikih (starih od 3 do 23 mesecev) je bila najvišja koncentracija v krvi, izmerjena pri enem bolniku, 2, 6 ng/ ml.</s>
<s id="s452.2">Pri 5 otrocih, zdravljenih 1 leto, so bile koncentracije v krvi stalno nizke (najvišja izmerjena koncentracija v krvi je bila 1, 94 ng/ ml pri 1 bolniku).</s>
<s id="s452.3">Pri nobenem od bolnikov koncentracija v krvi v 12 mesecih zdravljenja ni sčasoma naraščala.</s>
<s id="s453.1">Pri 8 pediatričnih bolnikih, starih 2– 14 let, so vrednosti AUC( 0- 12h) segale od 5, 4 do 18, 8 ng h/ ml.</s>
<s id="s453.2">Razponi AUC pri bolnikih, ki so imeli v izhodišču prizadete &lt; 40% BSA, so bili primerljivi s tistimi pri bolnikih z ≥40% BSA.</s>
<s id="s454.1">18 Največja zdravljena telesna površina je bila 92% v kliničnofarmakoloških raziskavah in do 100% v preizkusih III faze.</s>
<s id="s455.1">Porazdelitev, presnova in izločanje V skladu s selektivnostjo pimekrolimusa za kožo po lokalni uporabi so njegove koncentracije v krvi zelo nizke.</s>
<s id="s455.2">Zato presnove pimekrolimusa po lokalni uporabi ni bilo mogoče določiti.</s>
<s id="s456.1">Po eni sami peroralni aplikaciji radioaktivno označenega pimekrolimusa zdravim osebam je bil nespremenjeni pimekrolimus poglavitna z učinkovino povezana sestavina v krvi, bili pa so še številni manj pomembni presnovki zmerne polarnosti, za katere se je izkazalo, da so produkti O- demetilacij in oksigenacije.</s>
<s id="s457.1">Z učinkovino povezana radioaktivnost se je izločala predvsem z blatom (78, 4%) in le majhen delež (2, 5%) je bil prestrežen v urinu.</s>
<s id="s457.2">Celotni povprečni prestrezek radioaktivnosti je bil 80, 9%.</s>
<s id="s457.3">Izhodne spojine v urinu niso bile zaznane, nespremenjeni pimekrolimus pa je predstavljal manj kot 1% radioaktivnosti v blatu.</s>
<s id="s458.1">In vitro ni bila v človeški koži ugotovljena nikakršna presnova zdravila.</s>
<s id="s459.1">5. 3 Predklinični podatki o varnosti</s>
<s id="s460.1">Standardne raziskave toksičnosti ponavljajočih se odmerkov, vpliva na sposobnost razmnoževanja in kancerogenosti peroralno dajanega zdravila so povzročale učinke pri izpostavljenostih, ki so toliko večje od tistih pri človeku, da imajo zanemarljiv klinični pomen.</s>
<s id="s460.2">Pimekrolimus nima genotoksičnega, antigenskega, fototoksičnega, fotoalergenskega in fotokancerogenega potenciala.</s>
<s id="s460.3">Rezultati uporabe na koži v razvojnih raziskavah zarodkov in plodov pri podganah in kuncih in v raziskavah kancerogenosti pri miših in podganah so bili negativni.</s>
<s id="s461.1">Pri raziskavah toksičnosti ponavljajočih se odmerkov po peroralni uporabi 10 ali 40 mg/ kg/ dan (= 20 do 60 kratna največja izpostavljenost pri človeku po uporabi na koži) so bili ugotovljeni učinki na spolne organe in spremenjeno delovanje spolnih hormonov pri podganjih samcih in samicah.</s>
<s id="s461.2">To odsevajo rezultati raziskave plodnosti.</s>
<s id="s461.3">Raven, pri kateri niso bili opaženi nikakršni neugodni učinki (NOAEL) za plodnost pri samicah, je bila 10 mg/ kg/ dan (= 20 kratna največja izpostavljenost pri človeku po uporabi na koži).</s>
<s id="s461.4">Pri raziskavi embriotoksičnosti ob peroralni uporabi pri kuncih je bila ugotovljena večja hitrost resorpcije, povezana s toksičnostjo za mater, pri 20 mg/ kg/ dan (= 7 kratna največja izpostavljenost pri človeku po uporabi na koži).</s>
<s id="s461.5">Zdravilo ni vplivalo na povprečno število živih plodov.</s>
<s id="s462.1">V 39- tedenski študiji peroralne toksičnosti pri opicah so opazili od odmerka odvisno povečanje incidence limfomov pri vseh odmerkih.</s>
<s id="s462.2">Pri nekaterih živalih so opazili znake okrevanja in/ ali vsaj delne reverzibilnosti učinkov po prenehanju dajanja zdravila.</s>
<s id="s462.3">Ker niso mogli ugotoviti NOAEL, niso mogli oceniti varnostne meje med ne- karcinogenimi koncentracijami pri opicah in izpostavljenostjo pri bolnikih.</s>
<s id="s462.4">Sistemska izpostavljenost koncentraciji LOAEL 15 mg/ kg/ dan je bila 31 krat večja od najvišje izpostavljenost pri človeku nasploh (pri pediatričnem bolniku).</s>
<s id="s462.5">Tveganja za človeka ni mogogče popolnoma izključiti, ker ni znano, kakšna je možnost lokalne imunosupresije ob dolgotrajni uporabi pimekrolimusa.</s>
<s id="s463.1">6.</s>
<s id="s463.2">FARMACEVTSKI PODATKI</s>
<s id="s464.1">6. 1 Seznam pomožnih snovi</s>
<s id="s465.1">srednjeverižni trigliceridi, oleilalkohol, propilenglikol, stearilalkohol, cetilalkohol,</s>
<s id="s466.1">19 monogliceridi in digliceridi, natrijev cetilsulfat in stearilsulfat, benzilalkohol, brezvodna citronska kislina, natrijev hidroksid, prečiščena voda</s>
<s id="s467.1">6. 2 Inkompatibilnosti</s>
<s id="s468.1">Navedba smiselno ni potrebna.</s>
<s id="s469.1">6. 3 Rok uporabnosti</s>
<s id="s470.1">2 leti.</s>
<s id="s470.2">Po prvem odpiranju tube:</s>
<s id="s470.3">12 mesecev.</s>
<s id="s471.1">6. 4 Posebna navodila za shranjevanje</s>
<s id="s472.1">Shranjujte pri temperaturi do 25°C.</s>
<s id="s472.2">Ne zamrzujte.</s>
<s id="s473.1">6. 5 Vrsta ovojnine in vsebina</s>
<s id="s474.1">Aluminijasta tuba z notranjim zaščitnim fenol- epoksi lakom in s polipropilenskim pokrovčkom z navojem.</s>
<s id="s475.1">Tube s 15, 30, 60 in 100 grami.</s>
<s id="s476.1">6. 6 Navodila za uporabo in ravnanje z zdravilom</s>
<s id="s477.1">Emolienti se lahko uporabljajo skupaj z {Lastniško ime} (glejte poglavje 4. 2 “ Odmerjanje in način uporabe ”).</s>
<s id="s478.1">7.</s>
<s id="s478.2">IMETNIK DOVOLJENJA ZA PROMET</s>
<s id="s479.1">[Izpolni država članica]</s>
<s id="s480.1">8.</s>
<s id="s480.2">ŠTEVILKA (ŠTEVILKE) DOVOLJENJA (DOVOLJENJ) ZA PROMET</s>
<s id="s481.1">[Izpolni država članica]</s>
<s id="s482.1">9.</s>
<s id="s482.2">DATUM PRIDOBITVE/ PODALJŠANJA DOVOLJENJA ZA PROMET</s>
<s id="s483.1">[Izpolni država članica]</s>
<s id="s484.1">10.</s>
<s id="s484.2">DATUM ZADNJE REVIZIJE BESEDILA</s>
<s id="s485.1">{Datum zadnje revizije}</s>
<s id="s486.1">20 OZNAČEVANJE IN NAVODILO ZA UPORABO</s>
<s id="s487.1">21 OZNAČEVANJE</s>
<s id="s488.1">22 PODATKI NA ZUNANJI OVOJNINI</s>
<s id="s489.1">{VRSTA/ TIP}</s>
<s id="s490.1">1.</s>
<s id="s490.2">IME ZDRAVILA</s>
<s id="s491.1">&lt; Lastniško ime &gt; 1% krema</s>
<s id="s492.1">&lt; {(Lastniško) ime in povezana imena (glejte Dodatek I) jakost farmacevtska oblika} &gt; &lt; [Glejte Dodatek I – Izpolni država članica] &gt;</s>
<s id="s493.1">pimekrolimus</s>
<s id="s494.1">2.</s>
<s id="s494.2">NAVEDBA ENE ALI VEČ ZDRAVILNIH UČINKOVIN</s>
<s id="s495.1">1 g kreme vsebuje 10 mg pimekrolimusa.</s>
<s id="s496.1">3.</s>
<s id="s496.2">SEZNAM POMOŽNIH SNOVI</s>
<s id="s497.1">srednjeverižni trigliceridi, oleilalkohol, propilenglikol, stearilalkohol, cetilalkohol, monogliceridi in digliceridi, natrijev cetilsulfat in stearilsulfat, benzilalkohol, brezvodna citronska kislina, natrijev hidroksid, prečiščena voda</s>
<s id="s498.1">4.</s>
<s id="s498.2">FARMACEVTSKA OBLIKA IN VSEBINA</s>
<s id="s499.1">krema</s>
<s id="s500.1">Tube s &lt; 15 &gt;, &lt; 30 &gt;, &lt; 60 &gt; in &lt; 100 &gt; grami.</s>
<s id="s500.2">[Ustrezno izpolni država članica]</s>
<s id="s501.1">5.</s>
<s id="s501.2">POSTOPEK IN POT( I) UPORABE ZDRAVILA</s>
<s id="s502.1">za dermalno uporabo Pred uporabo preberite priloženo navodilo.</s>
<s id="s503.1">6.</s>
<s id="s503.2">POSEBNO OPOZORILO O SHRANJEVANJU ZDRAVILA ZUNAJ DOSEGA IN POGLEDA OTROK</s>
<s id="s504.1">Zdravilo shranjujte nedosegljivo otrokom.</s>
<s id="s505.1">7.</s>
<s id="s505.2">DRUGA POSEBNA OPOZORILA, ČE SO POTREBNA</s>
<s id="s506.1">8.</s>
<s id="s506.2">DATUM IZTEKA ROKA UPORABNOSTI ZDRAVILA</s>
<s id="s507.1">EXP:</s>
<s id="s507.2">{MM/ LLLL}</s>
<s id="s508.1">23 9.</s>
<s id="s508.2">POSEBNA NAVODILA ZA SHRANJEVANJE</s>
<s id="s509.1">Shranjujte pri temperaturi do 25 °C.</s>
<s id="s509.2">Ne zamrzujte.</s>
<s id="s510.1">10.</s>
<s id="s510.2">POSEBNI VARNOSTNI UKREPI ZA ODSTRANJEVANJE NEUPORABLJENIH ZDRAVIL ALI IZ NJIH NASTALIH ODPADNIH SNOVI, KADAR SO POTREBNI</s>
<s id="s511.1">11.</s>
<s id="s511.2">IME IN NASLOV IMETNIKA DOVOLJENJA ZA PROMET Z ZDRAVILOM</s>
<s id="s512.1">[Izpolni država članica]</s>
<s id="s513.1">{Ime in naslov} &lt; {tel.} &gt; &lt; {fax} &gt; &lt; {e- mail} &gt;</s>
<s id="s514.1">12.</s>
<s id="s514.2">ŠTEVILKA( E) DOVOLJENJA (DOVOLJENJ) ZA PROMET</s>
<s id="s515.1">[Izpolni država članica]</s>
<s id="s516.1">13.</s>
<s id="s516.2">ŠTEVILKA SERIJE</s>
<s id="s517.1">Serija:</s>
<s id="s517.2">{številka}</s>
<s id="s518.1">14.</s>
<s id="s518.2">NAČIN IZDAJANJA ZDRAVILA</s>
<s id="s519.1">[Izpolni država članica]</s>
<s id="s520.1">15.</s>
<s id="s520.2">NAVODILA ZA UPORABO</s>
<s id="s521.1">Nanesite tanko plast &lt; Lastniško ime &gt; in popolnoma prekrijte prizadeto kožo.</s>
<s id="s522.1">16.</s>
<s id="s522.2">PODATKI V BRAILLOVI PISAVI</s>
<s id="s523.1">24 PODATKI, KI MORAJO BITI NAJMANJ NAVEDENI NA MANJŠIH STIČNIH OVOJNINAH</s>
<s id="s524.1">1.</s>
<s id="s524.2">IME ZDRAVILA IN POT( I) UPORABE</s>
<s id="s525.1">&lt; Lastniško ime &gt; 1% krema pimekrolimus</s>
<s id="s526.1">za dermalno uporabo</s>
<s id="s527.1">2.</s>
<s id="s527.2">POSTOPEK UPORABE</s>
<s id="s528.1">Pred uporabo preberite priloženo navodilo.</s>
<s id="s529.1">3.</s>
<s id="s529.2">DATUM IZTEKA ROKA UPORABNOSTI ZDRAVILA</s>
<s id="s530.1">EXP:</s>
<s id="s530.2">{MM/ LLLL}</s>
<s id="s531.1">4.</s>
<s id="s531.2">ŠTEVILKA SERIJE</s>
<s id="s532.1">Lot:</s>
<s id="s532.2">{številka}</s>
<s id="s533.1">5.</s>
<s id="s533.2">VSEBINA, IZRAŽENA Z MASO, PROSTORNINO ALI ŠTEVILOM ENOT</s>
<s id="s534.1">Tube s &lt; 15 &gt;, &lt; 30 &gt;, &lt; 60 &gt; in &lt; 100 &gt; grami.</s>
<s id="s534.2">[Ustrezno izpolni država članica]</s>
<s id="s535.1">6.</s>
<s id="s535.2">POSEBNO OPOZORILO O SHRANJEVANJU ZDRAVILA ZUNAJ DOSEGA IN POGLEDA OTROK</s>
<s id="s536.1">Zdravilo shranjujte nedosegljivo otrokom.</s>
<s id="s537.1">7.</s>
<s id="s537.2">POSEBNA NAVODILA ZA SHRANJEVANJE</s>
<s id="s538.1">Shranjujte pri temperaturi do 25 °C.</s>
<s id="s538.2">Ne zamrzujte.</s>
<s id="s539.1">8.</s>
<s id="s539.2">IME IN NASLOV IMETNIKA DOVOLJENJA ZA PROMET</s>
<s id="s540.1">[Izpolni država članica]</s>
<s id="s541.1">{Ime in naslov} &lt; {tel.} &gt; &lt; {fax} &gt; &lt; {e- mail} &gt;</s>
<s id="s542.1">9.</s>
<s id="s542.2">ŠTEVILKA DOVOLJENJA ZA PROMET</s>
<s id="s543.1">[Izpolni država članica]</s>
<s id="s544.1">25 NAVODILO ZA UPORABO</s>
<s id="s545.1">26 NAVODILO ZA UPORABO</s>
<s id="s546.1">&lt; Lastniško ime &gt; 1% krema &lt; {(Lastniško) ime in povezana imena (glejte Dodatek I) jakost farmacevtska oblika} &gt; &lt; [Glejte Dodatek I – Izpolni država članica] &gt;</s>
<s id="s547.1">{pimekrolimus}</s>
<s id="s548.1">Pred začetkom uporabe kreme &lt; Lastniško ime &gt; natančno preberite navodilo.</s>
<s id="s549.1">- Navodilo shranite.</s>
<s id="s549.2">Morda ga boste želeli ponovno prebrati.</s>
<s id="s550.1">- Če imate dodatna vprašanja, se posvetujte z zdravnikom ali s farmacevtom.</s>
<s id="s551.1">- Zdravilo je bilo predpisano vam osebno in ga ne smete dajati drugim.</s>
<s id="s551.2">Njim bi lahko celo</s>
<s id="s552.1">škodovalo, čeprav imajo znake bolezni, podobne vašim.</s>
<s id="s553.1">Navodilo vsebuje:</s>
<s id="s554.1">1.</s>
<s id="s554.2">Kaj je zdravilo &lt; Lastniško ime &gt; krema in za kaj jo uporabljamo 2.</s>
<s id="s554.3">Kaj morate vedeti, preden boste uporabili kremo &lt; Lastniško ime &gt; 3.</s>
<s id="s554.4">Kako uporabljati kremo &lt; Lastniško ime &gt; 4.</s>
<s id="s554.5">Možni neželeni učinki 5.</s>
<s id="s554.6">Shranjevanje kreme &lt; Lastniško ime &gt; 6.</s>
<s id="s554.7">Dodatne informacije</s>
<s id="s555.1">1.</s>
<s id="s555.2">KAJ JE ZDRAVILO &lt; LASTNIŠKO IME &gt; KREMA IN ZA KAJ JO UPORABLJAMO</s>
<s id="s556.1">&lt; Lastniško ime &gt; je bela krema brez vonja, ki ne pušča madežev, se z lahkoto razmaže in vsebuje 1% pimekrolimusa (masni delež).</s>
<s id="s556.2">Ne vsebuje nobenih steroidov.</s>
<s id="s557.1">Krema &lt; Lastniško ime &gt; je posebej namenjena zdravljenju vnetja kože, ki ga imenujemo atopijski dermatitis (ekcem).</s>
<s id="s557.2">Deluje v celicah kože, ki povzročajo vnetje in za ekcem značilno rdečino in srbenje.</s>
<s id="s558.1">Krema &lt; Lastniško ime &gt; je na voljo v tubah po 15 g, 30 g, 60 g in 100 g.</s>
<s id="s559.1">Krema se uporablja za zdravljenje znakov in simptomov blagega ali zmernega ekcema (kot sta rdečina in srbenje) pri otrocih (starih 2 leti ali več), mladostnikih in odraslih.</s>
<s id="s559.2">Če se uporabi za zdravljenje zgodnjih znakov in simptomov, lahko prepreči napredovanje bolezni do hudih izbruhov.</s>
<s id="s560.1">Kremo &lt; Lastniško ime &gt; se uporablja samo, če druga zdravila na recept ali negovalne kreme niso dovolj učinkovite ali če vam zdravnik odsvetuje uporabo drugih krem na recept.</s>
<s id="s561.1">2.</s>
<s id="s561.2">KAJ MORATE VEDETI, PREDEN BOSTE UPORABILI KREMO &lt; LASTNIŠKO IME &gt;</s>
<s id="s562.1">Skrbno se ravnajte po navodilih, ki vam jih je dal vaš zdravnik.</s>
<s id="s563.1">Preden uporabite &lt; Lastniško ime &gt;, preberite naslednje informacije.</s>
<s id="s564.1">Ne uporabljajte kreme &lt; Lastniško ime &gt;:</s>
<s id="s565.1">- če ste alergični na (preobčutljivi za) pimekrolimus ali katerokoli sestavino kreme &lt; Lastniško</s>
<s id="s566.1">ime &gt;;</s>
<s id="s567.1">- če je vaš imunski sistem oslabljen (ste imunokompromitirani).</s>
<s id="s568.1">27 Bodite posebno pozorni pri uporabi kreme &lt; Lastniško ime &gt; Krema &lt; Lastniško ime &gt; ni odobrena za uporabo pri otrocih, ki so mlajši od 2 let.</s>
<s id="s568.2">Pri tej starostni skupini se je torej ne sme uporabljati.</s>
<s id="s568.3">O tem se posvetujte s svojim zdravnikom.</s>
<s id="s569.1">Krema &lt; Lastniško ime &gt; se sme uporabljati samo za atopijski dermatitis.</s>
<s id="s569.2">Ne uporabljajte je za druge spremembe na koži.</s>
<s id="s570.1">Krema &lt; Lastniško ime &gt; je namenjen samo za zunanjo uporabo.</s>
<s id="s570.2">Ne nanašajte je v nos, oči ali usta.</s>
<s id="s570.3">Če kremo nehote nanesete na te predele, jo morate temeljito obrisati in/ ali sprati z vodo.</s>
<s id="s570.4">Pazite, da kreme ne bi zaužili ali je nehote prenesli v usta, kadar jo naprimer nanašate na roke.</s>
<s id="s571.1">Kreme ne nanašajte na tiste predele kože, ki so prizadeti zaradi aktivne virusne okužbe, kot sta herpes (herpes simpleks) ali vodene koze (norice).</s>
<s id="s572.1">Če imate na koži okužbo, vam bo zdravnik svetoval ustrezno zdravilo za zdravljenje okužbe.</s>
<s id="s572.2">Šele ko se okužba na prizadetih mestih pozdravi, se lahko začne zdravljenje z &lt; Lastniško ime &gt;.</s>
<s id="s572.3">Če pride do okužbe kože med zdravljenjem z &lt; Lastniško ime &gt;, morate na to opozoriti zdravnika.</s>
<s id="s572.4">Zdravnik vam bo morda svetoval, da prekinete z uporabo &lt; Lastniško ime &gt;, dokler se okužba ne pozdravi dovolj.</s>
<s id="s573.1">&lt; Lastniško ime &gt; je lahko povezan z zvečano nevarnostjo hude okužbe kože z virusom herpes simpleks (herpetični ekcem).</s>
<s id="s573.2">Zato takoj opozorite zdravnika, če opazite boleče rane na koži kjerkoli po telesu.</s>
<s id="s573.3">Zdravljenje z &lt; Lastniško ime &gt; je treba prekiniti, dokler se okužba ne pozdravi.</s>
<s id="s574.1">&lt; Lastniško ime &gt; lahko na mestu uporabe povzroča reakcije, kot sta občutek toplote in/ ali pečenja.</s>
<s id="s574.2">Te reakcije so običajno blage in trajajo le kratek čas.</s>
<s id="s574.3">Če pride do hude reakcije na &lt; Lastniško ime &gt;, takoj opozorite zdravnika.</s>
<s id="s575.1">Če uporabljate &lt; Lastniško ime &gt;, ne pokrivajte kože z obvezami ali s povoji.</s>
<s id="s575.2">Seveda pa se lahko normalno oblečete.</s>
<s id="s576.1">Med zdravljenjem z &lt; Lastniško ime &gt; se izogibajte prekomernemu izpostavljanju sončni svetlobi, ultravijoličnim svetilkam in sončenju v solariju.</s>
<s id="s576.2">Če boste po nanosu &lt; Lastniško ime &gt; na prostem, si oblecite ohlapna oblačila, uporabite primerno zaščitno kremo za sončenje in se kar najmanj zadržujte na soncu.</s>
<s id="s577.1">Če imate eritrodermijo (rdečo kožo po skoraj celem telesu) ali kožno bolezen, ki se imenuje Nethertonov sindrom, se posvetujte z zdravnikom preden začnete uporabljati &lt; Lastniško ime &gt;.</s>
<s id="s578.1">Prav tako se pred uporabo &lt; Lastniško ime &gt; posvetujte z zdravnikom v primeru, da imate na koži malignom (kožnega raka) ali oslabljen imunski sistem iz kateregakoli razloga (ste imunokompromitirani).</s>
<s id="s579.1">Nosečnost in dojenje Preden začnete zdravljenje z &lt; Lastniško ime &gt;, povejte zdravniku, če ste noseči ali menite, da bi lahko bili.</s>
<s id="s579.2">Če ste noseči, &lt; Lastniško ime &gt; ne smete uporabljati.</s>
<s id="s580.1">Če dojite, opozorite na to zdravnika preden uporabite &lt; Lastniško ime &gt; ali katerokoli drugo zdravilo.</s>
<s id="s580.2">Ni znano, ali zdravilna učinkovina v &lt; Lastniško ime &gt; po nanosu na kožo prehaja v materino mleko.</s>
<s id="s580.3">Če dojite, &lt; Lastniško ime &gt; ne nanašajte na dojke.</s>
<s id="s581.1">Vpliv na sposobnost upravljanja vozil in strojev Ni znano, da bi &lt; Lastniško ime &gt; vplival na sposobnost upravljanja vozil in strojev.</s>
<s id="s582.1">Uporaba drugih zdravil Obvestite svojega zdravnika ali farmacevta, če jemljete ali ste pred kratkim jemali katerokoli zdravilo, tudi če ste ga dobili brez recepta.</s>
<s id="s583.1">28 Če imate obsežen ekcem, bo morda pred cepljenjem potrebno prekiniti zdravljenje z &lt; Lastniško ime &gt;.</s>
<s id="s583.2">Vaš zdravnik vam po povedal, če bo to potrebno.</s>
<s id="s584.1">&lt; Lastniško ime &gt; se ne sme uporabljati hkrati z zdravljenjem z ultravijolično svetlobo (npr.</s>
<s id="s584.2">UVA, PUVA, UVB) ali sistemskimi zdravili, ki zavirajo imunsko odzivnost (sistemskimi imunosupresivi, kot sta azatioprin ali ciklosporin).</s>
<s id="s585.1">Medsebojno delovanje z drugimi zdravili, ki jih jemljete, je malo verjetno.</s>
<s id="s586.1">3.</s>
<s id="s586.2">KAKO UPORABLJATI KREMO &lt; LASTNIŠKO IME &gt;</s>
<s id="s587.1">Pri uporabi kreme &lt; Lastniško ime &gt; vedno natančno upoštevajte zdravnikova navodila.</s>
<s id="s587.2">Če ste negotovi, se posvetujte z zdravnikom ali s farmacevtom.</s>
<s id="s588.1">&lt; Lastniško ime &gt; lahko uporabljate na vseh predelih kože, tudi na glavi, po obrazu in v kožnih pregibih.</s>
<s id="s588.2">Kremo uporabljajte takole:</s>
<s id="s589.1">• Umijte in obrišite si roke. • Odprite tubo.</s>
<s id="s589.2">(Pred prvo uporabo boste morali preluknjati zaščitno zaporko s konico, ki je na vrhu pokrovčka). • Iztisnite nekaj kreme na prst. • Nanesite tanko plast &lt; Lastniško ime &gt; in povsem prekrijte prizadeto kožo. • Nanašajte samo na predele z ekcemom. • Kremo nežno in temeljito vtrite v kožo. • Tubo zaprite s pokrovčkom.</s>
<s id="s590.1">Kremo je treba nanašati dvakrat dnevno, na primer enkrat zjutraj in enkrat zvečer.</s>
<s id="s590.2">Skupaj z &lt; Lastniško ime &gt; lahko uporabljate sredstva za vlaženje kože (emoliente).</s>
<s id="s590.3">Če uporabljate sredstva za vlaženje kože, jih je treba nanašati takoj po nanosu &lt; Lastniško ime &gt;.</s>
<s id="s591.1">Takoj po mazanju z &lt; Lastniško ime &gt; se ne prhajte ali kopajte in ne plavajte.</s>
<s id="s591.2">S tem bi kremo lahko sprali s kože.</s>
<s id="s592.1">Kako dolgo uporabljati kremo &lt; Lastniško ime &gt;</s>
<s id="s593.1">Pri dolgotrajnem zdravljenju uporabljajte kremo s presledki (intermitentno) in ne neprekinjeno. &lt; Lastniško ime &gt; prenehajte uporabljati takoj, ko znaki ekcema izginejo.</s>
<s id="s594.1">Z uporabo kreme nadaljujte tako dolgo, kot vam svetuje zdravnik.</s>
<s id="s595.1">Če v 6 tednih ne pride do izboljšanja ali če se ekcem poslabša, prekinite zdravljenje in se posvetujte s svojim zdravnikom.</s>
<s id="s596.1">Pri dolgotrajnem zdravljenju ekcema, začnite uporabljati &lt; Lastniško ime &gt; takoj, ko opazite znake in simptome (rdečino in srbenje).</s>
<s id="s596.2">To pomaga preprečevati napredovanje bolezni do hudih izbruhov.</s>
<s id="s596.3">Če se znaki in simptomi ponovijo, ponovno začnite z zdravljenjem.</s>
<s id="s597.1">Če ste uporabili večji odmerek kreme &lt; Lastniško ime &gt;, kot bi smeli Če nanesete na kožo več kreme, kot bi bilo treba, jo samo obrišite.</s>
<s id="s598.1">Če ste pozabili uporabiti kremo &lt; Lastniško ime &gt; Če se pozabite namazati s kremo, jo nanesite čimprej in nato nadaljujte z običajnim urnikom uporabe.</s>
<s id="s599.1">Če nehote zaužijete nekaj kreme &lt; Lastniško ime &gt; Če vi ali kdo drug nehote zaužije &lt; Lastniško ime &gt;, takoj obvestite zdravnika.</s>
<s id="s600.1">29 4.</s>
<s id="s600.2">MOŽNI NEŽELENI UČINKI</s>
<s id="s601.1">Najbolj pogosti neželeni učinki &lt; Lastniško ime &gt; so reakcije (npr. neprijeten občutek) na mestu uporabe.</s>
<s id="s601.2">Take reakcije so na splošno blage/ zmerne, pojavijo se zgodaj v poteku zdravljenja in trajajo le kratek čas.</s>
<s id="s602.1">Zelo pogosti neželeni učinki, o katerih poročajo pri več kot 1 od 10 ljudi, vključujejo: občutek toplote in/ ali pečenja na mestu uporabe.</s>
<s id="s603.1">Pogosti neželeni učinki, o katerih poročajo od pri 1 od 10 ljudi do pri 1 od 100 ljudi, vključujejo: draženje, srbenje, pordečitev kože na mestu uporabe; okužbe kože (npr. folikulitis).</s>
<s id="s604.1">Občasni neželeni učinki, o katerih poročajo od pri 1 od 100 ljudi do pri 1 od 1. 000 ljudi, vključujejo: okužbe kože, kot so impetigo (bakterijska okužba kože), herpes simpleks (herpes), herpes zoster (pasovec), herpes simpleks dermatitis (herpetični ekcem), molluscum contagiosum (virusna okužba kože), bradavice in furunkli (turi); reakcije na mestu uporabe kot so izpuščaj, bolečina, občutek zbadanja, rahlo luščenje kože, suha koža, otekanje in slabšanje simptomov ekcema.</s>
<s id="s605.1">Redki neželeni učinki, o katerih poročajo od pri 1 od 1. 000 ljudi do pri 1 od 10. 000 ljudi, vključujejo: pordečitev obraza, izpuščaj, pečenje, srbenje ali otekanje kmalu po zaužitju alkohola; alergične kožne reakcije (npr. otekanje, srbenje ali rdečina).</s>
<s id="s606.1">Še redkeje so pri bolnikih, ki so uporabljali &lt; Lastniško ime &gt; poročali o primerih malignih bolezni, ki vključujejo limfome in kožne rake.</s>
<s id="s606.2">Vendar na podlagi do zdaj zbranih dokazov povezanost z zdravljenjem z &lt; Lastniško ime &gt; ni bila niti potrjena niti ovržena.</s>
<s id="s607.1">Če opazite katerikoli neželeni učinek, ki ni omenjen v tem navodilu, obvestite svojega zdravnika ali farmacevta.</s>
<s id="s608.1">5.</s>
<s id="s608.2">SHRANJEVANJE KREME &lt; LASTNIŠKO IME &gt;</s>
<s id="s609.1">Zdravilo shranjujte nedosegljivo otrokom!</s>
<s id="s609.2">Shranjujte pri temperaturi do 25 °C.</s>
<s id="s609.3">Ne zamrzujte.</s>
<s id="s609.4">Shranjujte v originalni ovojnini.</s>
<s id="s609.5">Tuba naj bo ves čas dobro zaprta.</s>
<s id="s609.6">Kreme &lt; Lastniško ime &gt; ne smete uporabljati po datumu izteka roka uporabnosti, ki je naveden na škatli in tubi.</s>
<s id="s609.7">Tubo je treba porabiti v 12 mesecih od takrat, ko jo prvič odprete.</s>
<s id="s609.8">Morda vam bo prišlo prav, če boste datum prve uporabe zapisali na za to predviden prostor na škatli.</s>
<s id="s610.1">6.</s>
<s id="s610.2">DODATNE INFORMACIJE</s>
<s id="s611.1">Če imate kakršnakoli vprašanja ali ste v kakršnemkoli dvomu glede zdravila, se lahko posvetujete s svojim zdravnikom ali farmacevtom.</s>
<s id="s612.1">Datum zadnje revizije navodila: &lt; Lastniško ime &gt; krema:</s>
<s id="s613.1">Kaj vsebuje krema &lt; Lastniško ime &gt; Zdravilna učinkovina v kremi &lt; Lastniško ime &gt; je pimekrolimus.</s>
<s id="s614.1">30 Pomožne snovi v kremi &lt; Lastniško ime &gt; so: srednjeverižni trigliceridi, oleilalkohol, propilenglikol, stearilalkohol, cetilalkohol, monogliceridi in digliceridi, natrijev cetilsulfat in stearilsulfat, benzilalkohol, brezvodna citronska kislina, natrijev hidroksid, prečiščena voda.</s>
<s id="s615.1">Izgled zdravila &lt; Lastniško ime &gt; in vsebina pakiranja</s>
<s id="s616.1">[Izpolni država članica]</s>
<s id="s617.1">Imetnik dovoljenja za promet z zdravilom in izdelovalec</s>
<s id="s618.1">[Izpolni država članica]</s>
<s id="s619.1">&lt; To zdravilo je v državah članicah Evropskega gospodarskega prostora (EEA) odobreno pod naslednjimi imeni: &gt;</s>
<s id="s620.1">&lt; {Ime države članice} &gt; &lt; {Ime zdravila} &gt; &lt; {Ime države članice} &gt; &lt; {Ime zdravila} &gt;</s>
<s id="s621.1">&lt; [glejte Dodatek I - Izpolni država članica] &gt;</s>
<s id="s622.1">To navodilo je bilo odobreno {MM/ LLLL}</s>
<s id="s623.1">31 DODATEK IV</s>
<s id="s624.1">POGOJI DOVOLJENJA ZA PROMET Z ZDRAVILOM</s>
<s id="s625.1">32 Pristojni nacionalni organi, ki jih medsebojno usklajuje referenčna država članica, bodo zagotovili, da bo imetnik dovoljenja za promet z zdravilom izpolnil naslednje pogoje:</s>
<s id="s626.1">1.</s>
<s id="s626.2">Načrt sporočanja</s>
<s id="s627.1">Imetniki dovoljenja za promet z zdravilom morajo poskrbeti za izčrpen nepromocijski načrt sporočanja, ki je zasnovan tako, da doseže tako tiste, ki zdravilo predpisujejo, kot tudi bolnike, da bi na ta način zagotovili pravilno uporabo pimekrolimusa, skladno z odobrenimi indikacijami; da bi zagotovili smernice glede tega, kdaj z uporabo kreme začeti in kdaj končati in kako jo, z ozirom na obseg obolenja, nanašati; in da bi poleg tega skušali preprečiti uporabo zdravila, ki v indikacijah ni navedena (z ozirom na starostne skupine in skupine z velikim tveganjem, pri katerih uporaba ni odobrena).</s>
<s id="s628.1">Kot del načrta za obvladovanje tveganj morajo imetniki dovoljenja za promet z zdravilom referenčni državi članici (RMS) pred začetkom distribucije dostaviti končne izvode izobraževalnih materialov za predpisovalce zdravila in bolnike.</s>
<s id="s629.1">Pismo z naslovom Spoštovani zdravnik je treba zadevnim zdravnikom poslati 3. aprila 2006.</s>
<s id="s630.1">2.</s>
<s id="s630.2">Limfomska študija</s>
<s id="s631.1">Imetniki dovoljenja za promet z zdravilom morajo limfomsko študijo ponovno opraviti leta 2009, rezultate pa sporočiti referenčni državi članici.</s>
<s id="s632.1">3.</s>
<s id="s632.2">Registrska študija (C2311)</s>
<s id="s633.1">Imetniki dovoljenja za promet z zdravilom morajo referenčni državi članici vsakih šest mesecev predložiti posodobitve desetletne prospektivne opazovalne kohortne študije za ocenitev tveganja za pojav sistemskega rakavega obolenja pri pediatričnih bolnikih.</s>
<s id="s634.1">4.</s>
<s id="s634.2">Študija C2308</s>
<s id="s635.1">Imetniki dovoljenja za promet z zdravilom morajo poskrbeti za ponovno analizo podatkov, pridobljenih v tej kontrolni študiji, da bi ocenili tveganje za pojav nemelanomskega kožnega raka.</s>
<s id="s635.2">Časovni roki bodo odvisni od obsega ponovne analize, kar bo podrobneje pojasnila referenčna država članica.</s>
<s id="s636.1">5.</s>
<s id="s636.2">Farmakološke/ Mehanistične študije</s>
<s id="s637.1">Imetniki dovoljenja za promet z zdravilom morajo kot del načrta za obvladovanje tveganj poročati o rezultatih vseh načrtovanih mehanističnih študij.</s>
<s id="s637.2">Glede na dobljene rezultate se je treba o potrebi po dodatnih študijah ponovno pogovoriti z referenčno državo članico.</s>
<s id="s638.1">6.</s>
<s id="s638.2">Neodvisni DSMB</s>
<s id="s639.1">Imetniki dovoljenja za promet z zdravilom bodo osnovali neodvisen odbor za spremljanje podatkov o varnosti (Data Safety Monitoring Board, DSMB) za ocenitev varnosti uporabe pimekrolimusa vsakih šest mesecev na temelju vseh razpoložljivih varnostnih podatkov, pridobljenih v kliničnih preskušanjih, farmakoepidemioloških raziskavah in podatkov, pridobljenih s postmarketinškim spremljanjem.</s>
<s id="s639.2">Odbor za spremljanje podatkov o varnosti bodo sestavljali neodvisni zdravniki s specializacijo iz dermatologije, pediatrije, imunologije, epidemiologije in onkologije.</s>
<s id="s639.3">Sestajal se bo dvakrat na leto in pregledal vse podatke o varnosti uporabe pimekrolimusa, ki so bili pridobljeni v kliničnih preskušanjih, farmakoepidemioloških raziskavah ter postmarketinških raziskavah varnosti zdravila.</s>
<s id="s639.4">Odbor za spremljanje podatkov o varnosti bo vsakih šest mesecev pripravil izvedensko poročilo, ki ga bo poslal pristojnim nacionalnim organom v EU in ga priložil k rednemu posodobljenemu poročilu o varnosti (PSUR).</s>
<s id="s639.5">Prvo poročilo bo pripravljeno leta 2007, ta zahteva pa se bo redno preverjala.</s>
<s id="s640.1">33 7.</s>
<s id="s640.2">Status bolnikov HIV, HTLV- 1 za T- celične limfome in EVB status za B- celične limfome</s>
<s id="s641.1">Imetniki dovoljenja za promet z zdravilom morajo, če je le- to na voljo, priskrbeti imunski status in serološke podatke, kadar o posameznih tumorjih poročajo regulatornim organom in v rednih posodobljenih poročilih o varnosti (PSUR).</s>
<s id="s642.1">8.</s>
<s id="s642.2">Redna posodobljena poročila o varnosti (PSUR- ji)</s>
<s id="s643.1">Imetniki dovoljenja za promet z zdravilom morajo nadaljevati s pošiljanjem 6- mesečnih rednih posodobljenih poročil o varnosti.</s>
<s id="s643.2">To se bo redno preverjalo.</s>
<s id="s644.1">Primere tumorjev in herpesa zostra je treba preverjati, v rednih posodobljenih poročilih o varnosti pa morajo biti navedene redne posodobitve.</s>
<s id="s645.1">9.</s>
<s id="s645.2">Načrt za obvladovanje tveganj</s>
<s id="s646.1">Skladno s &quot;Smernicami za sisteme obvladovanja tveganj v zvezi z zdravili za uporabo v humani medicini (EMEA/ CHMP/ 96268/ 2005)&quot;, morajo imetniki dovoljenja za promet z zdravilom referenčni državi članici zagotoviti celovit načrt za obvladovanje tveganj.</s>
<s id="s647.1">10.</s>
<s id="s647.2">Uporaba pimekrolimusa v EU v primerjavi z ZDA</s>
<s id="s648.1">Imetniki dovoljenja za promet z zdravilom morajo razložiti očitne razlike pri uporabi pimekrolimusa v ZDA v primerjavi z EU.</s>
<s id="s649.1">11.</s>
<s id="s649.2">Ocena uporabe, ki ni v skladu z odobrenimi indikacijami, pri bolnikih, ki nimajo atopičnega dermatitisa</s>
<s id="s650.1">Imetniki dovoljenja za promet z zdravilom morajo preverjati uporabo zdravila Elidel pri bolnikih, ki nimajo atopičnega dermatitisa, in svoje ugotovitve sporočati vsako leto.</s>
<s id="s650.2">V to morajo biti vključene vse starostne skupine, vključno s tistimi, katerih starost znaša manj kot dve leti.</s>
<s id="s651.1">12.</s>
<s id="s651.2">Ocena uporabe, ki ni v skladu z odobrenimi indikacijami, pri bolnikih z atopičnim dermatitisom, ki so stari manj kot dve leti</s>
<s id="s652.1">Imetniki dovoljenja za promet z zdravilom morajo preverjati uporabo pimekrolimusa, ki ni v skladu z odobrenimi indikacijami, pri bolnikih, ki so stari manj kot dve leti.</s>
<s id="s653.1">34</s>
</body>
</letsmt>
