<?xml version="1.0" encoding="utf-8"?>
<letsmt version="1.0">
<head></head>
<body>
<s id="s1.1">European Medicines Agency</s>
<s id="s2.1">London, 29. 05. 06 Sklic dok.</s>
<s id="s2.2">EMEA/ 262776/ 2006</s>
<s id="s3.1">ODBOR ZA ZDRAVILA ZA UPORABO V HUMANI MEDICINI (CHMP)</s>
<s id="s4.1">POVZETEK INFORMACIJ O MNENJU V ZVEZI Z NAPOTITVIJO V SKLADU S ČLENOM 31 DIREKTIVE SVETA 2001/ 83/ ES, KOT JE BILA SPREMENJENA, ZA</s>
<s id="s5.1">Elidel in z njim povezana imena (glejte Dodatek I)</s>
<s id="s6.1">Mednarodno nelastniško ime (INN): pimekrolimus</s>
<s id="s7.1">OSNOVNE INFORMACIJE</s>
<s id="s8.1">Pimekrolimus je zaviralec kalcineurina in je bil kot zdravilo odobren v obliki kreme v 1% koncentraciji.</s>
<s id="s8.2">Pimekrolimus je bil najprej odobren za uporabo pri bolnikih z blagim do zmernim atopičnim dermatitisom, starih dve leti ali več, za kratkotrajno zdravljenje znakov in simptomov in za dolgotrajno zdravljenje z vmesnimi presledki za preprečevanje širjenja obolenja.</s>
<s id="s8.3">Pimekrolimus je bil v EU najprej odobren na Danskem, in sicer 15. marca 2002.</s>
<s id="s8.4">Nato je bil s postopkom medsebojnega priznavanja odobren v vseh državah članicah, razen na Irskem.</s>
<s id="s8.5">Odobren je tudi na Norveškem in Islandiji.</s>
<s id="s8.6">Dne 21. aprila 2005 je Danska na EMEA predložila napotitev v skladu s členom 31 Direktive 2001/ 83, kot je bila spremenjena.</s>
<s id="s8.7">Razlogi za napotitev so bili v zvezi s pregledom razmerja med koristmi in tveganji za zdravila, ki vsebujejo pimekrolimus upoštevajoč pomisleke glede učinkovitosti in varnosti v zvezi s potencialnim tveganjem za raka.</s>
<s id="s8.8">Napotitveni postopek se je začel 21. aprila 2005.</s>
<s id="s8.9">Poročevalec in soporočevalec sta bila dr.</s>
<s id="s8.10">Julia Dunne in dr.</s>
<s id="s8.11">Ingemar Persson.</s>
<s id="s8.12">Imetnik dovoljenja za promet z zdravilom je pisna pojasnila predložil dne 30. junija 2005, 15. julija 2005, 19. julija 2005, 20. decembra 2005 in 7. marca 2006.</s>
<s id="s8.13">Ustna pojasnila so bila podana dne 22. marca 2006.</s>
<s id="s8.14">Na podlagi vrednotenja dosegljivih podatkov in poročevalčevega poročila o oceni je CHMP menil, da razmerje med koristmi in tveganji zdravil, ki vsebujejo pimekrolimus, ostaja ugodno in je zato dne 23. marca 2006 sprejel mnenje, v katerem priporoča ohranitev dovoljenja za promet z dopolnitvami Povzetka glavnih značilnosti zdravila, označevanja in Navodil za uporabo za zdravila, ki vsebujejo pimekrolimus.</s>
<s id="s8.15">Na podlagi varnosti in učinkovitosti je bil CHMP mnenja, da bi uporaba pimekrolimusa morala biti omejena na zdravljenje druge izbire.</s>
<s id="s8.16">CHMP je priporočil, da ga uporabljajo le tisti bolniki, pri katerih zdravljenje z lokalnimi kortikosteroidi bodisi ni priporočljivo bodisi ni mogoče.</s>
<s id="s8.17">Pristojne oblasti držav članic bodo zdravilo še naprej redno nadzorovale.</s>
<s id="s8.18">Seznam zadevnih imen zdravil je naveden v Dodatku I.</s>
<s id="s8.19">Znanstveni zaključki so podani v Dodatku II, skupaj z dopolnjenim Povzetkom glavnih značilnosti zdravila, označevanjem in Navodili za uporabo v Dodatku III ter pogoji dovoljenja za promet z zdravilom v Dodatku IV.</s>
<s id="s8.20">Končno mnenje je bilo spremenjeno v Odločbo Evropske komisije dne 29. maja 2006.</s>
<s id="s9.1">* Opomba:</s>
<s id="s9.2">Informacije, podane v tem dokumentu in Dodatkih, odražajo samo mnenje CHMP z dne 23. marca 2006.</s>
<s id="s9.3">Pristojne oblasti držav članic bodo zdravilo še naprej redno nadzorovale.</s>
<s id="s10.1">7 Westferry Circus, Canary Wharf, London, E14 4HB, UK Tel.</s>
<s id="s10.2">(44- 20) 74 18 84 00 Fax (44- 20) 74 18 86 68 E- mail: mail@ emea. eu. int http: // www. emea. eu. int ©. EMEA 2006 Reproduction and/ or distribution of this document is authorised for non commercial purposes only provided the EMEA is acknowledged</s>
</body>
</letsmt>
