<?xml version="1.0" encoding="utf-8"?>
<text>
<p id="1">
<s id="s1.1">
 <w id="w1.1.1">številka</w> 
 <w id="w1.1.2">EU</w>       
 <w id="w1.1.3">EU/</w>
 <w id="w1.1.4">1/</w>
 <w id="w1.1.5">08/</w>
 <w id="w1.1.6">447/</w>
 <w id="w1.1.7">001</w>   
 <w id="w1.1.8">EU/</w>
 <w id="w1.1.9">1/</w>
 <w id="w1.1.10">08/</w>
 <w id="w1.1.11">447/</w>
 <w id="w1.1.12">002</w>   
 <w id="w1.1.13">EU/</w>
 <w id="w1.1.14">1/</w>
 <w id="w1.1.15">08/</w>
 <w id="w1.1.16">447/</w>
 <w id="w1.1.17">003</w>   
 <w id="w1.1.18">EU/</w>
 <w id="w1.1.19">1/</w>
 <w id="w1.1.20">08/</w>
 <w id="w1.1.21">447/</w>
 <w id="w1.1.22">004</w>
</s></p>

<p id="2">
<s id="s2.1">
 <w id="w2.1.1">izmišljeno</w> 
 <w id="w2.1.2">ime</w>   
 <w id="w2.1.3">Adenuric</w>         
 <w id="w2.1.4">Adenuric</w>         
 <w id="w2.1.5">Adenuric</w>         
 <w id="w2.1.6">Adenuric</w>
</s></p>

<p id="3">
<s id="s3.1">
 <w id="w3.1.1">jakost</w>   
 <w id="w3.1.2">80</w> 
 <w id="w3.1.3">mg</w>    
 <w id="w3.1.4">80</w> 
 <w id="w3.1.5">mg</w>    
 <w id="w3.1.6">120</w> 
 <w id="w3.1.7">mg</w>   
 <w id="w3.1.8">120</w> 
 <w id="w3.1.9">mg</w>
</s></p>

<p id="4">
<s id="s4.1">
 <w id="w4.1.1">farmacevtska</w> 
 <w id="w4.1.2">oblika</w>        
 <w id="w4.1.3">filmsko</w> 
 <w id="w4.1.4">obložena</w> 
 <w id="w4.1.5">tableta</w>   
 <w id="w4.1.6">filmsko</w> 
 <w id="w4.1.7">obložena</w> 
 <w id="w4.1.8">tableta</w>   
 <w id="w4.1.9">filmsko</w> 
 <w id="w4.1.10">obložena</w> 
 <w id="w4.1.11">tableta</w>   
 <w id="w4.1.12">filmsko</w> 
 <w id="w4.1.13">obložena</w> 
 <w id="w4.1.14">tableta</w>
</s></p>

<p id="5">
<s id="s5.1">
 <w id="w5.1.1">pot</w> 
 <w id="w5.1.2">uporabe</w>         
 <w id="w5.1.3">peroralna</w> 
 <w id="w5.1.4">uporaba</w>   
 <w id="w5.1.5">peroralna</w> 
 <w id="w5.1.6">uporaba</w>   
 <w id="w5.1.7">peroralna</w> 
 <w id="w5.1.8">uporaba</w>   
 <w id="w5.1.9">peroralna</w> 
 <w id="w5.1.10">uporaba</w>
</s></p>

<p id="6">
<s id="s6.1">
 <w id="w6.1.1">ovojnina</w>                             
 <w id="w6.1.2">pretisni</w> 
 <w id="w6.1.3">omot</w> 
 <w id="w6.1.4">(</w>
 <w id="w6.1.5">PVC/</w>
 <w id="w6.1.6">Aclar/</w>
 <w id="w6.1.7">aluminij</w>
 <w id="w6.1.8">)</w>   
 <w id="w6.1.9">pretisni</w> 
 <w id="w6.1.10">omot</w> 
 <w id="w6.1.11">(</w>
 <w id="w6.1.12">PVC/</w>
 <w id="w6.1.13">Aclar/</w>
 <w id="w6.1.14">aluminij</w>
 <w id="w6.1.15">)</w>   
 <w id="w6.1.16">pretisni</w> 
 <w id="w6.1.17">omot</w> 
 <w id="w6.1.18">(</w>
 <w id="w6.1.19">PVC/</w>
 <w id="w6.1.20">Aclar/</w>
 <w id="w6.1.21">aluminij</w>
 <w id="w6.1.22">)</w>   
 <w id="w6.1.23">pretisni</w> 
 <w id="w6.1.24">omot</w> 
 <w id="w6.1.25">(</w>
 <w id="w6.1.26">PVC/</w>
 <w id="w6.1.27">Aclar/</w>
 <w id="w6.1.28">aluminij</w>
 <w id="w6.1.29">)</w>
</s></p>

<p id="7">
<s id="s7.1">
 <w id="w7.1.1">velikost</w> 
 <w id="w7.1.2">pakiranja</w> 
 <w id="w7.1.3">28</w> 
 <w id="w7.1.4">tablet</w> 
 <w id="w7.1.5">84</w> 
 <w id="w7.1.6">tablet</w> 
 <w id="w7.1.7">28</w> 
 <w id="w7.1.8">tablet</w> 
 <w id="w7.1.9">84</w> 
 <w id="w7.1.10">tablet</w>
</s></p>

<p id="8">
<s id="s8.1">
 <w id="w8.1.1">1/</w>
 <w id="w8.1.2">1</w>
</s></p></text>
