<?xml version="1.0" encoding="utf-8"?>
<letsmt version="1.0">
<head></head>
<body>
<s id="s1.1">ANNEX I</s>
<s id="s2.1">LIST OF THE NAMES, PHARMACEUTICAL FORM(S), STRENGTH(S) OF THE MEDICINAL PRODUCT(S), ROUTE(S) OF ADMINISTRATION, APPLICANT(S) MARKETING AUTHORISATION HOLDER(S) IN THE MEMBER STATES</s>
<s id="s3.1">1</s>
<s id="s4.1">Marketing Authorisation</s>
<s id="s5.1">Route of</s>
<s id="s6.1">Member State</s>
<s id="s7.1">Holder</s>
<s id="s8.1">Invented name Name</s>
<s id="s9.1">Strength</s>
<s id="s10.1">Pharmaceutical Form</s>
<s id="s11.1">administration</s>
<s id="s12.1">AT - Austria</s>
<s id="s13.1">Bayer HealthCare AG 51368 Leverkusen Germany</s>
<s id="s14.1">Actira 400 mg - Filmtabletten</s>
<s id="s15.1">400 mg</s>
<s id="s16.1">Film-coated tablet</s>
<s id="s17.1">Oral use</s>
<s id="s18.1">BE - Belgium</s>
<s id="s19.1">Bayer AG 51368 Leverkusen Germany</s>
<s id="s20.1">ACTIRA 400 MG</s>
<s id="s21.1">400 mg</s>
<s id="s22.1">Film-coated tablet</s>
<s id="s23.1">Oral use</s>
<s id="s24.1">DE - Germany</s>
<s id="s25.1">Bayer HealthCare AG 51368 Leverkusen Germany</s>
<s id="s26.1">Actira 400 mg Filmtabletten</s>
<s id="s27.1">400 mg</s>
<s id="s28.1">Film-coated tablet</s>
<s id="s29.1">Oral use</s>
<s id="s30.1">DK - Denmark</s>
<s id="s31.1">Bayer HealthCare AG 51368 Leverkusen Germany</s>
<s id="s32.1">Actira</s>
<s id="s33.1">400 mg</s>
<s id="s34.1">Film-coated tablet</s>
<s id="s35.1">Oral use</s>
<s id="s36.1">EL - Greece</s>
<s id="s37.1">Bayer plc Bayer Schering Pharma Bayer House Strawberry Hill Newbury Berkshire RG14 1JA UK</s>
<s id="s38.1">Proflox</s>
<s id="s39.1">400 mg</s>
<s id="s40.1">Film-coated tablet</s>
<s id="s41.1">Oral use</s>
<s id="s42.1">ES - Spain</s>
<s id="s43.1">QUÍMICA FARMACEUTICA BAYER, S.</s>
<s id="s43.2">L.</s>
<s id="s43.3">Av.</s>
<s id="s43.4">Baix Llobregat, 3 y 5 08970 Sant Joan Despi - Barcelona Spain</s>
<s id="s44.1">ACTIRA 400 mg comprimidos recubiertos con película</s>
<s id="s45.1">400 mg</s>
<s id="s46.1">Film-coated tablet</s>
<s id="s47.1">Oral use</s>
<s id="s48.1">FI - Finland</s>
<s id="s49.1">Bayer HealthCare AG 51368 Leverkusen Germany</s>
<s id="s50.1">Actira</s>
<s id="s51.1">400 mg</s>
<s id="s52.1">Film-coated tablet</s>
<s id="s53.1">Oral use</s>
<s id="s54.1">2 IT - Italy</s>
<s id="s55.1">Sigma-Tau Industrie Farmaceutiche Riunite S. p. A.</s>
<s id="s55.2">Viale Shakespeare, 47 00144 Roma Italy</s>
<s id="s56.1">ACTIRA</s>
<s id="s57.1">400 mg</s>
<s id="s58.1">Film-coated tablet</s>
<s id="s59.1">Oral use</s>
<s id="s60.1">LU - Luxembourg</s>
<s id="s61.1">Bayer Healthcare AG 51368 Leverkusen Germany</s>
<s id="s62.1">Actira</s>
<s id="s63.1">400 mg</s>
<s id="s64.1">Film-coated tablet</s>
<s id="s65.1">Oral use</s>
<s id="s66.1">PT - Portugal</s>
<s id="s67.1">Bayer AG 51368 Leverkusen Germany</s>
<s id="s68.1">Actira</s>
<s id="s69.1">400 mg</s>
<s id="s70.1">Film-coated tablet</s>
<s id="s71.1">Oral use</s>
<s id="s72.1">SE - Sweden</s>
<s id="s73.1">Bayer HealthCare AG 51368 Leverkusen Germany</s>
<s id="s74.1">Actira</s>
<s id="s75.1">400 mg</s>
<s id="s76.1">Film-coated tablet</s>
<s id="s77.1">Oral use</s>
<s id="s78.1">3 ANNEX II</s>
<s id="s79.1">SCIENTIFIC CONCLUSIONS AND GROUNDS FOR AMENDMENT OF THE SUMMARY OF PRODUCT CHARACTERISTICS AND PACKAGE LEAFLET PRESENTED BY THE EMEA</s>
<s id="s80.1">4 SCIENTIFIC CONCLUSIONS</s>
<s id="s81.1">Introduction</s>
<s id="s82.1">Actira film-coated tablets contain 400 mg moxifloxacin as hydrochloride.</s>
<s id="s82.2">It is approved for the treatment of the following bacterial infections if they are caused by bacteria susceptible to moxifloxacin:</s>
<s id="s83.1">- Acute exacerbation of chronic bronchitis</s>
<s id="s84.1">- Community acquired pneumonia, except severe cases</s>
<s id="s85.1">- Acute bacterial sinusitis (adequately diagnosed).</s>
<s id="s86.1">The tablets have to be taken orally once daily for up to 10 days, depending on the indication.</s>
<s id="s86.2">In clinical trials the tablets have been studied for up to 14 days treatment.</s>
<s id="s86.3">Actira was initially approved in June 1999.</s>
<s id="s87.1">This procedure is a referral following a Mutual Recognition Procedure concerning the above variation application which was submitted for Actira film-coated tablets to Germany as Reference Member State (RMS) and the Concerned Member States (CMS) AT, BE, DK, EL, ES, FI, IT, LU, PT and SE on 5 December 2006.</s>
<s id="s87.2">This Mutual Recognition variation procedure was started on 7 December 2006.</s>
<s id="s88.1">The MRP variation application DE/ H/ 158/ 01/ II/ 32 concerned an extension of the indication to include the treatment of mild to moderate pelvic inflammatory disease (PID), i. e. infections of upper genital tract, including salpingitis and endometritis.</s>
<s id="s89.1">Objections and concerns over the efficacy and safety of Actira in the proposed indication were raised during the Mutual Recognition variation procedure.</s>
<s id="s89.2">In view of these concerns, during the Mutual Recognition Procedure, Belgium considered that a positive benefit / risk balance had not been demonstrated and more robust evidence should be submitted in order to grant the indication applied for.</s>
<s id="s90.1">As these concerns were not resolved during the course of the variation procedure, a notification of an official referral for Arbitration, under Article 6(12) of Commission Regulation EC No 1084/ 2003, to the CHMP was made by Belgium on 19 October 2007.</s>
<s id="s91.1">The main unresolved areas of concern identified by Belgium were in terms of efficacy the emergence of moxifloxacin-resistant strains of N. gonorrhoeae and the feasibility of the treatment in the proposed indication in clinical practice.</s>
<s id="s91.2">In terms of safety the longer treatment duration, the risk of effects on cartilage in young patients and the risk of QT-prolongation were of concern.</s>
<s id="s92.1">The Referral procedure was initiated on 15 November 2007 with the adoption of a CHMP List of Questions to be addressed by the MAHs.</s>
<s id="s93.1">Efficacy</s>
<s id="s94.1">It became evident during the course of the variation preceding this referral that an empirical therapy of PID with moxifloxacin should be avoided due to the high portion of N. gonorrhoeae being resistant to moxifloxacin and other quinolones.</s>
<s id="s94.2">However it was questioned that this might not be compatible with clinical practice.</s>
<s id="s95.1">The review of available guidelines and clinical efficacy data showed that moxifloxacin can be used for treatment of PID in the sense of a monotherapy only after results of microbiological testing are available.</s>
<s id="s95.2">In clinical practice these cases are usually restricted to cases when a combination with an approved agent active against fluoroquinolone resistant N. gonorrhoeae is not possible or in cases of therapeutic failure with a different therapy.</s>
<s id="s96.1">5 The CHMP considered that due to the emergence of fluoroquinolone-resistant N. gonorrhoeae strains moxifloxacin should not be used in empirical monotherapy of mild to moderate PID, unless a resistance against moxifloxacin can be ruled out.</s>
<s id="s96.2">In clinical practice, this would mean that moxifloxacin should be used in combination with an approved agent active against fluoroquinolone resistant N. gonorrhoeae (e. g. a cephalosporin) for empirical treatment of PID unless moxifloxacin- resistant N. gonorrhoeae can be excluded.</s>
<s id="s97.1">To cover all etiologic agents of PID a combination with another antibiotic class such as the cephalosporins (e. g. ceftriaxone 250 mg intramuscular (IM) in a single dose) should be given empirically, which would be similar to other recommended treatment regimens given in combination.</s>
<s id="s98.1">Although it is well known that monotherapy increases compliance, this example of combination therapy would not decrease compliance since the proposed cephalosporin would only have to be given once during the physician’ s visit and only moxifloxacin would have to be continued orally.</s>
<s id="s98.2">Although it is acknowledged that approximately 95% of the women with a PID might be ‘ overtreated’ by this combination therapy this fact outweighs the potential risk of not treating approximately 5% of a mainly very young population which could develop serious long-term sequelae.</s>
<s id="s99.1">Safety</s>
<s id="s100.1">In this referral procedure, the CHMP focused on the risk of more frequent QT-prolongation in women in the light of the prolonged treatment regimen in PID (14 days vs.</s>
<s id="s100.2">5-10 days), on the risk of coadministration with other QT-affecting substances and on the possible adverse effects on cartilage in the treatment population.</s>
<s id="s101.1">QT-prolongation is a known undesirable effect of moxifloxacin.</s>
<s id="s101.2">Available data demonstrated no evidence for increased cardiac morbidity related to oral moxifloxacin therapy when compared to comparator antibiotic therapy, especially in a younger female population, although in other trials QT interval prolongation and torsades de pointes were more common in women than in men.</s>
<s id="s101.3">Women with PID are generally young women with few underlying diseases and concomitant medications.</s>
<s id="s101.4">The analysis of the incidence of cardiac adverse events did not reveal any special subgroups of PID patients for whom moxifloxacin presents a greater risk than comparator treatments.</s>
<s id="s102.1">The CHMP considered that in general women treated for PID for up to 14 days are not at an increased risk of cardiac adverse events compared to the shorter treatment duration in the other indications.</s>
<s id="s103.1">Concerning overall cardiac adverse events, no differences between short (up to 5 days) and longer duration (up to 15 days) of moxifloxacin therapy were observed.</s>
<s id="s103.2">In addition, the risk of QT- prolongation is already sufficiently addressed in the Product Information and will be adequately followed up by the MAH in the post-marketing setting.</s>
<s id="s104.1">The CHMP considered that QT-prolongation in PID should however be carefully addressed by the MAH in future PSURs.</s>
<s id="s104.2">The MAH committed to monitor this adverse event in the next PSURS and committed to provide an updated Risk Management Plan taking into account the new indication mild to moderate PID.</s>
<s id="s105.1">Due to the potential risk of adverse effects on the cartilage in patients under the age of 18 years, and the fact that PID mostly affects young women, the existing wording of the contraindication in children and adolescents was further specified namely that it is contraindicated in patients below 18 years of age.</s>
<s id="s106.1">Overall, the CHMP agreed that the benefit/ risk balance of moxifloxacin in the PID indication over 14 days is positive.</s>
<s id="s106.2">Information and recommendations regarding taking measures before prescribing moxifloxacin are adequately addressed in the ‘ contraindications’ and ‘ warnings-precaution of use’ sections of the SPC and PL.</s>
<s id="s107.1">6 GROUNDS FOR AMENDMENT OF THE SUMMARY OF PRODUCT CHARACTERISTICS AND PACKAGE LEAFLET</s>
<s id="s108.1">- The Committee considered the Referral made under Article 6(12) of Commission Regulation (EC)</s>
<s id="s109.1">No 1084/ 2003, for Actira and associated names (See Annex 1).</s>
<s id="s110.1">- The Committee considered that robust data is available showing the efficacy of Actira in the</s>
<s id="s111.1">indication “ Treatment of mild to moderate pelvic inflammatory disease (PID), i. e. infections of upper genital tract, including salpingitis and endometritis”, however due to emerging resistance of N. gonorrhoeae, moxifloxacin should not be used in empirical monotherapy, unless moxifloxacin- resistant N. gonorrhoeae can be excluded.</s>
<s id="s112.1">- The Committee considered that no additional safety concerns were expected with the claimed</s>
<s id="s113.1">indication in comparison to the previously approved indications.</s>
<s id="s114.1">- The Committee, in view of the presented data on efficacy and safety, considered that the Benefit /</s>
<s id="s115.1">Risk balance for Actira and associated names in the “ The treatment of mild to moderate pelvic inflammatory disease (PID), i. e. infections of upper genital tract, including salpingitis and endometritis” with the restrictions concerning empirical monotherapy was favourable;</s>
<s id="s116.1">- The CHMP, as a consequence, recommended the amendment of the Summary of Product</s>
<s id="s117.1">Characteristics sections 4.1, 4.2, 4.3, 4.4, 5.1 and 5.2 and Package Leaflet relevant sections as set out in Annex III for Actira and associated names (see Annex I).</s>
<s id="s118.1">7 ANNEX III</s>
<s id="s119.1">AMENDMENTS TO SUMMARY OF PRODUCT CHARACTERISTICS AND PACKAGE LEAFLET (RELEVANT SECTIONS ONLY)</s>
<s id="s120.1">8 SUMMARY OF PRODUCT CHARACTERISTICS</s>
<s id="s121.1">9 4.</s>
<s id="s121.2">CLINICAL PARTICULARS</s>
<s id="s122.1">4.1 Therapeutic indications</s>
<s id="s123.1">[Invented name] 400 mg film-coated tablets are indicated for the treatment of the following bacterial infections:</s>
<s id="s124.1">- Acute exacerbation of chronic bronchitis</s>
<s id="s125.1">- Community acquired pneumonia, except severe cases</s>
<s id="s126.1">- Acute bacterial sinusitis (adequately diagnosed)</s>
<s id="s127.1">- Mild to moderate pelvic inflammatory disease (i. e. infections of female upper genital tract,</s>
<s id="s128.1">including salpingitis and endometritis), without an associated tubo-ovarian or pelvic abscess.</s>
<s id="s128.2">[Invented name] 400 mg film-coated tablets are not recommended for use in monotherapy of mild to moderate pelvic inflammatory disease but should be given in combination with another appropriate antibacterial agent (e. g. a cephalosporin) due to increasing moxifloxacin resistance of Neisseria gonorrhoeae unless moxifloxacin-resistant Neisseria gonorrhoeae can be excluded (see sections 4.4 and 5.1).</s>
<s id="s129.1">[Invented name] 400 mg film-coated tablets are indicated for the treatment of the above infections if they are caused by bacteria susceptible to moxifloxacin.</s>
<s id="s130.1">Consideration should be given to official guidance on the appropriate use of antibacterial agents.</s>
<s id="s131.1">4.2 Posology and method of administration</s>
<s id="s132.1">Dosage (adults) One 400 mg film-coated tablet once daily.</s>
<s id="s133.1">Renal/ hepatic impairment No adjustment of dosage is required in patients with mild to severely impaired renal function or in patients on chronic dialysis i. e. haemodialysis and continuous ambulatory peritoneal dialysis (see section 5.2 for more details).</s>
<s id="s133.2">There is insufficient data in patients with impaired liver function (see section 4.3).</s>
<s id="s134.1">Other special populations No adjustment of dosage is required in the elderly and in patients with low bodyweight.</s>
<s id="s135.1">Children and adolescents Moxifloxacin is contraindicated in children and adolescents (&lt; 18 years).</s>
<s id="s135.2">Efficacy and safety of moxifloxacin in children and adolescents have not been established (see section 4.3).</s>
<s id="s136.1">Method of administration The film-coated tablet should be swallowed whole with sufficient liquid and may be taken independent of meals.</s>
<s id="s137.1">Duration of administration [Invented name] 400 mg film-coated tablets should be used for the following treatment durations:</s>
<s id="s138.1">- Acute exacerbation of chronic bronchitis</s>
<s id="s139.1">5 - 10 days - days</s>
<s id="s140.1">Community acquired pneumonia</s>
<s id="s141.1">10</s>
<s id="s142.1">-</s>
<s id="s143.1">Acute sinusitis 7 days</s>
<s id="s144.1">-</s>
<s id="s145.1">Mild to moderate pelvic inflammatory disease</s>
<s id="s146.1">14 days</s>
<s id="s147.1">10 [Invented name] 400 mg film-coated tablets have been studied in clinical trials for up to 14 days treatment.</s>
<s id="s148.1">The recommended dose (400 mg once daily) and duration of therapy for the indication being treated should not be exceeded.</s>
<s id="s149.1">4.3 Contraindications</s>
<s id="s150.1">- Hypersensitivity to moxifloxacin, other quinolones or to any of the excipients.</s>
<s id="s151.1">- Pregnancy and lactation (see section 4.6).</s>
<s id="s152.1">- Patients below 18 years of age.</s>
<s id="s153.1">- Patients with a history of tendon disease/ disorder related to quinolone treatment.</s>
<s id="s154.1">Both in preclinical investigations and in humans, changes in cardiac electrophysiology have been observed following exposure to moxifloxacin, in the form of QT prolongation.</s>
<s id="s154.2">For reasons of drug safety, moxifloxacin is therefore contraindicated in patients with:</s>
<s id="s155.1">- Congenital or documented acquired QT prolongation</s>
<s id="s156.1">- Electrolyte disturbances, particularly in uncorrected hypokalaemia</s>
<s id="s157.1">- Clinically relevant bradycardia</s>
<s id="s158.1">- Clinically relevant heart failure with reduced left-ventricular ejection fraction</s>
<s id="s159.1">- Previous history of symptomatic arrhythmias</s>
<s id="s160.1">Moxifloxacin should not be used concurrently with other drugs that prolong the QT interval (see also section 4.5).</s>
<s id="s161.1">Due to limited clinical data, moxifloxacin is also contraindicated in patients with impaired liver function (Child Pugh C) and in patients with transaminases increase &gt; 5fold ULN.</s>
<s id="s162.1">4.4 Special warnings and precautions for use</s>
<s id="s163.1">- Hypersensitivity and allergic reactions have been reported for fluoroquinolones including</s>
<s id="s164.1">moxifloxacin after first administration.</s>
<s id="s164.2">Anaphylactic reactions can progress to a life-threatening shock, even after the first administration.</s>
<s id="s164.3">In these cases moxifloxacin should be discontinued and suitable treatment (e. g. treatment for shock) initiated.</s>
<s id="s165.1">- Moxifloxacin has been shown to prolong the QTc interval on the electrocardiogram in some</s>
<s id="s166.1">patients.</s>
<s id="s166.2">In the analysis of ECGs obtained in the clinical trial program, QTc prolongation with moxifloxacin was 6 msec ± 26 msec, 1.4% compared to baseline.</s>
<s id="s166.3">Medication that can reduce potassium levels should be used with caution in patients receiving moxifloxacin.</s>
<s id="s166.4">Moxifloxacin should be used with caution in patients with ongoing proarrhythmic conditions, such as acute myocardial ischaemia or QT prolongation as this may lead to an increased risk for ventricular arrhythmias (incl. torsade de pointes) and cardiac arrest (see also section 4.3).</s>
<s id="s166.5">The magnitude of QT prolongation may increase with increasing concentrations of the drug.</s>
<s id="s166.6">Therefore, the recommended dose should not be exceeded.</s>
<s id="s166.7">The benefit of moxifloxacin treatment especially in infections with a low degree of severity should be balanced with the information contained in the warnings and precautions section.</s>
<s id="s166.8">If signs of cardiac arrhythmia occur during treatment with moxifloxacin, treatment should be stopped and an ECG should be performed.</s>
<s id="s167.1">11</s>
<s id="s168.1">- Cases of fulminant hepatitis potentially leading to life-threatening liver failure have been</s>
<s id="s169.1">reported with moxifloxacin (see section 4.8).</s>
<s id="s169.2">Patients should be advised to contact their doctor prior to continuing treatment if signs and symptoms of fulminant hepatic disease develop such as rapidly developing asthenia associated with jaundice, dark urine, bleeding tendency or hepatic encephalopathy.</s>
<s id="s169.3">Liver function tests/ investigations should be performed in cases where indications of liver dysfunction occur.</s>
<s id="s170.1">- Quinolones are known to trigger seizures.</s>
<s id="s170.2">Use should be with caution in patients with CNS</s>
<s id="s171.1">disorders which may predispose to seizures or lower the seizure threshold.</s>
<s id="s172.1">- Antibiotic associated colitis (incl. pseudomembranous colitis) has been reported in association</s>
<s id="s173.1">with the use of broad spectrum antibiotics including moxifloxacin; therefore it is important to consider this diagnosis in patients who develop serious diarrhoea during or after the use of moxifloxacin.</s>
<s id="s173.2">In this situation adequate therapeutic measures should be initiated immediately.</s>
<s id="s173.3">Drugs inhibiting peristalsis are contraindicated in this situation.</s>
<s id="s174.1">- Tendon inflammation and rupture may occur with quinolone therapy including moxifloxacin,</s>
<s id="s175.1">particularly in elderly patients and in those treated concurrently with corticosteroids.</s>
<s id="s175.2">At the first sign of pain or inflammation, patients should discontinue treatment with moxifloxacin and rest the affected limb(s).</s>
<s id="s176.1">- Elderly patients with renal disorders should use moxifloxacin with caution if they are unable to</s>
<s id="s177.1">maintain adequate fluid intake, because dehydration may increase the risk of renal failure.</s>
<s id="s178.1">- If vision becomes impaired or any effects on the eyes are experienced, an eye specialist should</s>
<s id="s179.1">be consulted immediately.</s>
<s id="s180.1">- Quinolones have been shown to cause photosensitivity reactions in patients.</s>
<s id="s180.2">However, studies</s>
<s id="s181.1">have shown that moxifloxacin has a lower risk to induce photosensitivity.</s>
<s id="s181.2">Nevertheless patients should be advised to avoid exposure to either UV irradiation or extensive and/ or strong sunlight during treatment with moxifloxacin.</s>
<s id="s182.1">- Patients with a family history of, or actual glucose-6-phosphate dehydrogenase deficiency are</s>
<s id="s183.1">prone to haemolytic reactions when treated with quinolones.</s>
<s id="s183.2">Therefore, moxifloxacin should be used with caution in these patients.</s>
<s id="s184.1">- Patients with rare hereditary problems of galactose intolerance, the Lapp lactase deficiency or</s>
<s id="s185.1">glucose-galactose malabsorption should not take this medicine.</s>
<s id="s186.1">- For patients with complicated pelvic inflammatory disease (e. g. associated with a tubo-ovarian</s>
<s id="s187.1">or pelvic abscess), for whom an intravenous treatment is considered necessary, treatment with [Invented name] 400 mg film-coated tablets is not recommended.</s>
<s id="s188.1">- Pelvic inflammatory disease may be caused by fluoroquinolone resistant Neisseria</s>
<s id="s189.1">gonorrhoeae.</s>
<s id="s189.2">Therefore in such cases empirical moxifloxacin should be co-administered with another appropriate antibiotic (e. g. a cephalosporin) unless moxifloxacin-resistant Neisseria gonorrhoeae can be excluded.</s>
<s id="s189.3">If clinical improvement is not achieved after 3 days of treatment, the therapy should be reconsidered.</s>
<s id="s190.1">- Due to adverse effects on the cartilage in juvenile animals (see section 5.3) the use of</s>
<s id="s191.1">moxifloxacin in children and adolescents &lt; 18 years is contraindicated (see section 4.3).</s>
<s id="s192.1">5.</s>
<s id="s192.2">PHARMACOLOGICAL PROPERTIES</s>
<s id="s193.1">5.1 Pharmacodynamic properties</s>
<s id="s194.1">Pharmacotherapeutic group:</s>
<s id="s194.2">Quinolone antibacterials, fluoroquinolones, ATC code:</s>
<s id="s194.3">J01 MA 14</s>
<s id="s195.1">Mechanism of action Moxifloxacin has in vitro activity against a wide range of Gram-positive and Gram-negative pathogens.</s>
<s id="s195.2">The bactericidal action of moxifloxacin results from the inhibition of both type II topoisomerases (DNA gyrase and topoisomerase IV) required for bacterial DNA replication, transcription and repair.</s>
<s id="s195.3">It appears that the C8-methoxy moiety contributes to enhanced activity and lower selection of resistant</s>
<s id="s196.1">12 mutants of Gram-positive bacteria compared to the C8-H moiety.</s>
<s id="s196.2">The presence of the bulky bicycloamine substituent at the C-7 position prevents active efflux, associated with the norA or pmrA genes seen in certain Gram-positive bacteria.</s>
<s id="s196.3">Pharmacodynamic investigations have demonstrated that moxifloxacin exhibits a concentration dependent killing rate.</s>
<s id="s196.4">Minimum bactericidal concentrations (MBC) were found to be in the range of the minimum inhibitory concentrations (MIC).</s>
<s id="s197.1">Interference with culture test Moxifloxacin therapy may give false negative culture results for Mycobacterium spp. by suppression of mycobacterial growth.</s>
<s id="s198.1">Effect on the intestinal flora in humans The following changes in the intestinal flora were seen in volunteers following oral administration of moxifloxacin:</s>
<s id="s198.2">Escherichia coli, Bacillus spp., Enterococcus spp., and Klebsiella spp. were reduced, as were the anaerobes Bacteroides vulgatus, Bifidobacterium spp., Eubacterium spp., and Peptostreptococcus spp..</s>
<s id="s198.3">For Bacteroides fragilis there was an increase.</s>
<s id="s198.4">These changes returned to normal within two weeks.</s>
<s id="s199.1">Mechanism of resistance Resistance mechanisms that inactivate penicillins, cephalosporins, aminoglycosides, macrolides and tetracyclines do not interfere with the antibacterial activity of moxifloxacin.</s>
<s id="s199.2">Other resistance mechanisms such as permeation barriers (common in Pseudomonas aeruginosa) and efflux mechanisms may also effect susceptibility to moxifloxacin.</s>
<s id="s199.3">In vitro resistance to moxifloxacin is acquired through a stepwise process by target site mutations in both type II topoisomerases, DNA gyrase and topoisomerase IV.</s>
<s id="s199.4">Moxifloxacin is a poor substrate for active efflux mechanisms in Gram-positive organisms.</s>
<s id="s199.5">Cross-resistance is observed with other fluoroquinolones.</s>
<s id="s199.6">However, as moxifloxacin inhibits both topoisomerase II and IV with similar activity in some Gram-positive bacteria, such bacteria may be resistant to other quinolones, but susceptible to moxifloxacin.</s>
<s id="s200.1">In vitro Susceptibility Data</s>
<s id="s201.1">EUCAST clinical MIC breakpoints for moxifloxacin (31.01.2006):</s>
<s id="s201.2">Organism Staphylococcus spp.</s>
<s id="s202.1">Susceptible ≤ 0.5 mg/ l</s>
<s id="s203.1">Resistant &gt; 1 mg/ l</s>
<s id="s204.1">S. pneumoniae Streptococcus Groups A, B, C, G H. influenzae and M. catarrhalis Enterobacteriaceae Non-species related breakpoints* * Non-species related breakpoints have been determined</s>
<s id="s205.1">≤ 0.5 mg/ l ≤ 0.5 mg/ l ≤ 0.5 mg/ l ≤ 0.5 mg/ l ≤ 0.5 mg/ l mainly on the basis of</s>
<s id="s206.1">&gt; 0.5 mg/ l &gt; 1 mg/ l &gt; 0.5 mg/ l &gt; 1 mg/ l &gt; 1 mg/ l</s>
<s id="s207.1">pharmacokinetic/ pharmacodynamic data and are independent of MIC distributions of specific species.</s>
<s id="s207.2">They are for use only for species that have not been given a species-specific breakpoint and are not for use with species where interpretative criteria remain to be determined (Gram-negative anaerobes).</s>
<s id="s208.1">Clinical and Laboratory Standards Institute™ (CLSI), formerly NCCLS breakpoints are presented in the below table for MIC testing (mg/ l) or disc diffusion testing (zone diameter [mm]) using a 5-µg moxifloxacin disc.</s>
<s id="s209.1">13 Clinical and Laboratory Standards Institute™ (CLSI) MIC and disc diffusion breakpoints for Staphylococcus spp. and fastidious organisms (M100-S17, 2007) and MIC breakpoints for anaerobes (M11-A7, 2007):</s>
<s id="s209.2">Organism S. pneumoniae</s>
<s id="s210.1">Susceptible ≤ 1 mg/ l ≥ 18 mm</s>
<s id="s211.1">Intermediate 2 mg/ l 15 - 17 mm</s>
<s id="s212.1">Resistant ≥ 4 mg/ l ≤ 14 mm</s>
<s id="s213.1">Haemophilus spp.</s>
<s id="s214.1">≤ 1 mg/ l ≥ 18 mm</s>
<s id="s215.1">- -</s>
<s id="s216.1">- -</s>
<s id="s217.1">Staphylococcus spp.</s>
<s id="s218.1">≤ 0.5 mg/ l ≥ 24 mm</s>
<s id="s219.1">1 mg/ l 21 - 23 mm</s>
<s id="s220.1">≥ 2 mg/ l ≤ 20 mm</s>
<s id="s221.1">Anaerobes</s>
<s id="s222.1">≤ 2 mg/ l</s>
<s id="s223.1">4 mg/ l</s>
<s id="s224.1">≥ 8 mg/ l</s>
<s id="s225.1">The prevalence of acquired resistance may vary geographically and with time for selected species and local information of resistance is desirable, particularly when treating severe infections.</s>
<s id="s225.2">As necessary, expert advice should be sought where the local prevalence of resistance is such that utility of the agent in at least some types of infections is questionable.</s>
<s id="s226.1">14 Commonly susceptible species Aerobic Gram-positive micro-organisms Gardnerella vaginalis Staphylococcus aureus* (methicillin-susceptible) Streptococcus agalactiae (Group B) Streptococcus milleri group* (S. anginosus, S. constellatus and S. intermedius) Streptococcus pneumoniae* Streptococcus pyogenes* (Group A) Aerobic Gram-negative micro-organisms Haemophilus influenzae* Haemophilus parainfluenzae* Klebsiella pneumoniae*# Moraxella (Branhamella) catarrhalis* Anaerobic micro-organisms Fusobacterium spp.</s>
<s id="s226.2">Peptostreptococcus spp.</s>
<s id="s226.3">Prevotella spp. “ Other” micro-organisms Chlamydophila (Chlamydia) pneumoniae* Chlamydia trachomatis* Coxiella burnetii Legionella pneumophila Mycoplasma genitalium Mycoplasma hominis Mycoplasma pneumoniae* Species for which acquired resistance may be a problem Aerobic Gram-positive micro-organisms Staphylococcus aureus (methicillin-resistant)+ Aerobic Gram-negative micro-organisms Enterobacter cloacae* Escherichia coli* Klebsiella oxytoca Neisseria gonorrhoeae*+ Inherently resistant organisms Aerobic Gram-negative micro-organisms Pseudomonas aeruginosa *Activity has been satisfactorily demonstrated in susceptible strains in clinical studies in the approved clinical indications. # ESBL-producing strains are commonly resistant to fluoroquinolones + Resistance rate &gt; 50% in one or more countries</s>
<s id="s227.1">5.2 Pharmacokinetic properties</s>
<s id="s228.1">Absorption and Bioavailability Following oral administration moxifloxacin is rapidly and almost completely absorbed.</s>
<s id="s228.2">The absolute bioavailability amounts to approximately 91%.</s>
<s id="s229.1">Pharmacokinetics are linear in the range of 50 - 800 mg single dose and up to 600 mg once daily dosing over 10 days.</s>
<s id="s229.2">Following a 400 mg oral dose peak concentrations of 3.1 mg/ l are reached within 0.5 - 4 h post administration.</s>
<s id="s229.3">Peak and trough plasma concentrations at steady-state (400 mg once daily) were 3.2 and 0.6 mg/ l, respectively.</s>
<s id="s229.4">At steady-state the exposure within the dosing interval is approximately 30% higher than after the first dose.</s>
<s id="s230.1">15 Distribution Moxifloxacin is distributed to extravascular spaces rapidly; after a dose of 400 mg an AUC of 35 m·gh/ l is observed.</s>
<s id="s230.2">The steady-state volume of distribution (Vss) is approximately 2 l/ kg.</s>
<s id="s230.3">In vitro and ex vivo experiments showed a protein binding of approximately 40 - 42% independent of the concentration of the drug.</s>
<s id="s230.4">Moxifloxacin is mainly bound to serum albumin.</s>
<s id="s231.1">The following peak concentrations (geometric mean) were observed following administration of a single oral dose of 400 mg moxifloxacin:</s>
<s id="s232.1">Tissue Plasma Saliva Blister fluid Bronchial mucosa Alveolar macrophages Epithelial lining fluid Maxillary sinus Ethmoid sinus Nasal polyps Interstitial fluid Female genital tract* * intravenous administration of a 1 10 h after administration 2 unbound concentration 3 from 3 h up to 36 h post dose 4 at the end of infusion</s>
<s id="s233.1">Concentration 3.1 mg/ l 3.6 mg/ l 1.61 mg/ l 5.4 mg/ kg 56.7 mg/ kg 20.7 mg/ l 7.5 mg/ kg 8.2 mg/ kg 9.1 mg/ kg 1.02 mg/ l 10.24 mg/ kg single 400 mg dose</s>
<s id="s234.1">Site:</s>
<s id="s234.2">Plasma ratio - 0.75 - 1.3 1.71 1.7 - 2.1 18.6 - 70.0 5-7 2.0 2.1 2.6 0.8 - 1.42,3 1.724</s>
<s id="s235.1">Metabolism</s>
<s id="s236.1">Moxifloxacin undergoes Phase II biotransformation and is excreted via renal and biliary/ faecal pathways as unchanged drug as well as in the form of a sulpho-compound (M1) and a glucuronide (M2).</s>
<s id="s236.2">M1 and M2 are the only metabolites relevant in humans, both are microbiologically inactive.</s>
<s id="s237.1">In clinical Phase I and in vitro studies no metabolic pharmacokinetic interactions with other drugs undergoing Phase I biotransformation involving cytochrome P450 enzymes were observed.</s>
<s id="s237.2">There is no indication of oxidative metabolism.</s>
<s id="s238.1">Elimination Moxifloxacin is eliminated from plasma with a mean terminal half life of approximately 12 hours.</s>
<s id="s238.2">The mean apparent total body clearance following a 400 mg dose ranges from 179 to 246 ml/ min.</s>
<s id="s238.3">Renal clearance amounted to about 24 - 53 ml/ min suggesting partial tubular reabsorption of the drug from the kidneys.</s>
<s id="s239.1">After a 400 mg dose, recovery from urine (approximately 19% for unchanged drug, approximately 2.5% for M1, and approximately 14% for M2) and faeces (approximately 25% of unchanged drug, approximately 36% for M1, and no recovery for M2) totalled to approximately 96%.</s>
<s id="s240.1">Concomitant administration of moxifloxacin with ranitidine or probenecid did not alter renal clearance of the parent drug.</s>
<s id="s241.1">Higher plasma concentrations are observed in healthy volunteers with low body weight (such as women) and in elderly volunteers.</s>
<s id="s242.1">The pharmacokinetic properties of moxifloxacin are not significantly different in patients with renal impairment (including creatinine clearance &gt; 20 ml/ min/ 1.73 m2).</s>
<s id="s242.2">As renal function decreases,</s>
<s id="s243.1">16 concentrations of the M2 metabolite (glucuronide) increase by up to a factor of 2.5 (with a creatinine clearance of &lt; 30 ml/ min/ 1.73 m2).</s>
<s id="s244.1">On the basis of the pharmacokinetic studies carried out so far in patients with liver failure (Child Pugh A, B), it is not possible to determine whether there are any differences compared with healthy volunteers.</s>
<s id="s244.2">Impaired liver function was associated with higher exposure to M1 in plasma, whereas exposure to parent drug was comparable to exposure in healthy volunteers.</s>
<s id="s244.3">There is insufficient experience in the clinical use of moxifloxacin in patients with impaired liver function.</s>
<s id="s245.1">17 PACKAGE LEAFLET</s>
<s id="s246.1">18 1.</s>
<s id="s246.2">WHAT [INVENTED NAME] 400 MG FILM-COATED TABLETS ARE AND WHAT THEY ARE USED FOR</s>
<s id="s247.1">[Invented name] is an antibiotic belonging to the quinolone family.</s>
<s id="s247.2">[Invented name] contains moxifloxacin as the active ingredient which belongs to a group of antibiotics called fluoroquinolones.</s>
<s id="s247.3">[Invented name] works by killing bacteria that cause infections, if they are caused by bacteria that are susceptible to the active ingredient moxifloxacin.</s>
<s id="s248.1">[Invented name] is used in adults for treating the following bacterial infections:</s>
<s id="s249.1">- Sudden worsening of chronic bronchitis (acute exacerbation of chronic bronchitis)</s>
<s id="s250.1">- Infection of the lungs (pneumonia) acquired outside the hospital, except severe cases</s>
<s id="s251.1">- Acute infection of the sinuses (acute bacterial sinusitis)</s>
<s id="s252.1">- Mild to moderate infections of the female upper genital tract (pelvic inflammatory disease),</s>
<s id="s253.1">including infections of the fallopian tubes and infections of the uterus mucous membrane.</s>
<s id="s253.2">[Invented name] tablets are not sufficient for sole therapy of this kind of infections and therefore another antibiotic in addition to [Invented name] tablets should be prescribed by your doctor for the treatment of infections of the female upper genital tract (see section 2.</s>
<s id="s253.3">Before you take [Invented name] …, Take special care …, Before taking [Invented name] 400 mg film-coated tablets).</s>
<s id="s254.1">2.</s>
<s id="s254.2">BEFORE YOU TAKE [INVENTED NAME] 400 MG FILM-COATED TABLETS</s>
<s id="s255.1">Contact your doctor if you are not sure if you belong to a patient group described below.</s>
<s id="s256.1">Do not take [Invented name] 400 mg film-coated tablets</s>
<s id="s257.1">- If you are allergic (hypersensitive) to the active ingredient moxifloxacin, any other quinolone</s>
<s id="s258.1">antibiotics or any of the other ingredients (see section 6.</s>
<s id="s258.2">Further information) of [Invented name] 400 mg film-coated tablets.</s>
<s id="s259.1">- If you are pregnant or breast-feeding.</s>
<s id="s260.1">- If you are under 18 years of age.</s>
<s id="s261.1">- If you have a history of tendon disease or disorder which was related to treatment with</s>
<s id="s262.1">quinolone antibiotics (see sections Take special care... and 4.</s>
<s id="s262.2">Possible side effects).</s>
<s id="s263.1">- If you were born with or have had any condition with certain abnormal electrocardiogram</s>
<s id="s264.1">(ECG, electrical recording of the heart) changes, have salt imbalance in the blood, especially low concentrations of potassium in the blood (hypokalaemia) which are currently not corrected by treatment, have a very slow heart rate (bradycardia), have a weak heart (heart failure), have a history of abnormal heart rhythms (arrhythmias), or you are taking other medicines that result in certain abnormal ECG changes (see section Taking other medicines).</s>
<s id="s264.2">This is because [Invented name] can cause a certain change on the ECG, that is a prolongation of the QT-interval i. e delayed conduction of electrical signals.</s>
<s id="s265.1">- If you have a severe liver disease or increased liver enzymes (transaminases) higher than 5 times</s>
<s id="s266.1">the upper normal limit.</s>
<s id="s267.1">Take special care with [Invented name] 400 mg film-coated tablets</s>
<s id="s268.1">Before taking [Invented name] 400 mg film-coated tablets</s>
<s id="s269.1">- [Invented name] can change your heart’ s ECG.</s>
<s id="s269.2">If you are currently taking any medicine that</s>
<s id="s270.1">decrease your blood potassium levels, consult your doctor before taking [Invented name].</s>
<s id="s270.2">If you experience palpitations or irregular heart beat during the period of treatment, you should inform your doctor immediately.</s>
<s id="s270.3">He/ she may wish to perform an ECG to measure your heart rhythm.</s>
<s id="s271.1">- If you suffer from epilepsy or a condition which makes you likely to have convulsions, consult</s>
<s id="s272.1">your doctor before taking [Invented name].</s>
<s id="s273.1">19</s>
<s id="s274.1">- If you or any member of your family have glucose-6-phosphate dehydrogenase deficiency (a</s>
<s id="s275.1">rare hereditary disease), inform your doctor, who will advise whether [Invented name] is suitable for you.</s>
<s id="s276.1">- If you have a complicated infection of the female upper genital tract (e. g. associated with an</s>
<s id="s277.1">abscess of the fallopian tubes and ovaries or of the pelvis), for which your doctor considers an intravenous treatment necessary, treatment with [Invented name] tablets is not appropriate.</s>
<s id="s278.1">- For the treatment of mild to moderate infections of the female upper genital tract your doctor</s>
<s id="s279.1">should prescribe another antibiotic in addition to [Invented name].</s>
<s id="s279.2">If there is no improvement in symptoms after 3 days of treatment, please consult your doctor.</s>
<s id="s280.1">When taking [Invented name] 400 mg film-coated tablets</s>
<s id="s281.1">- The risk of cardiac abnormalities may increase with increase of the dose.</s>
<s id="s281.2">Therefore, you should</s>
<s id="s282.1">adhere to the dosage.</s>
<s id="s283.1">- There is a rare chance that you may experience a severe, sudden allergic reaction (an</s>
<s id="s284.1">anaphylactic reaction/ shock) even with the first dose, with the following symptoms: tightness in the chest, feeling dizzy, feeling sick or faint, or experience dizziness on standing.</s>
<s id="s284.2">If so, stop taking [Invented name] and seek medical advice immediately.</s>
<s id="s285.1">- [Invented name] may cause a rapid and severe inflammation of the liver which could lead to</s>
<s id="s286.1">life-threatening liver failure (see section 4.</s>
<s id="s286.2">Possible side effects).</s>
<s id="s286.3">Please contact your doctor before you continue the treatment if you develop signs such as rapidly feeling unwell and/ or being sick associated with yellowing of the whites of the eyes, dark urine, itching of the skin, a tendency to bleed or liver induced disease of the brain (symptoms of a reduced liver function or a rapid and severe inflammation of the liver).</s>
<s id="s287.1">- You may develop diarrhoea whilst taking, or after taking, antibiotics including [Invented name].</s>
<s id="s288.1">If this becomes severe or persistent or you notice that your stool contains blood or mucus you should stop taking [Invented name] immediately and consult your doctor.</s>
<s id="s288.2">In this situation, you should not take medicines that stop or slow down bowel movement.</s>
<s id="s289.1">- [Invented name] may occasionally cause pain and inflammation of your tendons, particularly if</s>
<s id="s290.1">you are elderly or if you are currently being treated with corticosteroids.</s>
<s id="s290.2">At the first sign of any pain or inflammation you should stop taking [Invented name], rest the affected limb and consult your doctor immediately.</s>
<s id="s291.1">- If you are elderly with existing kidney problems take care that your fluid intake is sufficient</s>
<s id="s292.1">because dehydration may increase the risk of kidney failure.</s>
<s id="s293.1">- If your eyesight becomes impaired or if you have any other eye disturbances whilst taking</s>
<s id="s294.1">[Invented name], consult an eye specialist immediately.</s>
<s id="s295.1">- Quinolone antibiotics may make your skin become more sensitive to sunlight or UV light.</s>
<s id="s295.2">You</s>
<s id="s296.1">should avoid prolonged exposure to sunlight or strong sunlight and should not use a sunbed or any other UV lamp while taking [Invented name].</s>
<s id="s297.1">Taking other medicines Please tell your doctor or pharmacist if you are taking or have recently taken any other medicines besides [Invented name], including medicines obtained without a prescription.</s>
<s id="s297.2">For [Invented name] be aware of the following:</s>
<s id="s298.1">- If you are taking [Invented name] and other medicines that affect your heart there is an</s>
<s id="s299.1">increased risk for altering your heartbeat.</s>
<s id="s299.2">Therefore, do not take [Invented name] together with the following medicines:</s>
<s id="s299.3">Medicines that belong to the group of anti-arrhythmics (e. g. quinidine, hydroquinidine, disopyramide, amiodarone, sotalol, dofetilide, ibutilide), neuroleptics (e. g. phenothiazines, pimozide, sertindole, haloperidol, sultopride), tricyclic antidepressants, some antimicrobials (e. g. sparfloxacin, intravenous erythromycin, pentamidine, antimalarials particularly halofantrine), some antihistamines (e. g. terfenadine, astemizole, mizolastine), and other medicines (e. g. cisapride, intravenous vincamine, bepridil and diphemanil).</s>
<s id="s300.1">- Any medicine containing magnesium or aluminium such as antacids for indigestion, or any</s>
<s id="s301.1">medicine containing iron or zinc, medicine containing didanosine or medicine containing sucralfate to treat gastrointestinal disorders can reduce the action of [Invented name] tablets.</s>
<s id="s301.2">Therefore, take your [Invented name] tablet 6 hours before or after taking the other medicine.</s>
<s id="s302.1">- Taking oral medicinal charcoal at the same time as [Invented name] tablets reduces the action of</s>
<s id="s303.1">[Invented name].</s>
<s id="s303.2">Therefore it is recommended that these medicines are not used together.</s>
<s id="s304.1">20</s>
<s id="s305.1">- If you are currently taking oral anti-coagulants (e. g. warfarin), it may be necessary for your</s>
<s id="s306.1">doctor to monitor your blood clotting times.</s>
<s id="s307.1">Taking [Invented name] 400 mg film-coated tablets with food and drink The effect of [Invented name] is not influenced by food including dairy products.</s>
<s id="s308.1">Pregnancy and breast-feeding Do not take [Invented name] if you are pregnant or breast-feeding.</s>
<s id="s308.2">Ask your doctor or pharmacist for advice before taking any medicine.</s>
<s id="s309.1">Driving and using machines [Invented name] may make you feel dizzy or light-headed.</s>
<s id="s309.2">If you are affected in this way do not drive or operate machinery.</s>
<s id="s310.1">Important information about some of the ingredients of [Invented name] 400 mg film-coated tablets [Invented name] tablets contain lactose.</s>
<s id="s310.2">If you have been told by your doctor that you have an intolerance to some sugars, contact your doctor before taking [Invented name].</s>
<s id="s311.1">3.</s>
<s id="s311.2">HOW TO TAKE [INVENTED NAME] 400 MG FILM-COATED TABLETS</s>
<s id="s312.1">Always take [Invented name] exactly as your doctor has told you.</s>
<s id="s312.2">You should check with your doctor or pharmacist if you are not sure how to take [Invented name].</s>
<s id="s313.1">The usual dose for adults is one 400 mg film-coated tablet once daily.</s>
<s id="s314.1">[Invented name] tablets are for oral use.</s>
<s id="s314.2">Swallow the tablet as a whole (to mask the bitter taste) and with plenty of liquid.</s>
<s id="s314.3">You can take [Invented name] with or without food.</s>
<s id="s314.4">It is recommended that you take the tablet at approximately the same time each day.</s>
<s id="s315.1">No adjustment of the dose is required in elderly patients, patients with a low bodyweight or in patients with kidney problems.</s>
<s id="s316.1">The duration of treatment depends upon the type of infection.</s>
<s id="s316.2">Unless otherwise indicated by your doctor the recommended durations of use of [Invented name] are: -</s>
<s id="s317.1">Sudden worsening of chronic bronchitis (acute exacerbation of chronic bronchitis)</s>
<s id="s318.1">5-</s>
<s id="s319.1">10 days - days</s>
<s id="s320.1">Infection of the lungs acquired (pneumonia) outside the hospital, except severe cases</s>
<s id="s321.1">10</s>
<s id="s322.1">- days</s>
<s id="s323.1">Acute infection of the sinuses (acute bacterial sinusitis)</s>
<s id="s324.1">7</s>
<s id="s325.1">-</s>
<s id="s326.1">Mild to moderate infections of the female upper genital tract (pelvic inflammatory disease), including infection of the fallopian tubes and infection of the uterus mucous membrane days</s>
<s id="s327.1">14</s>
<s id="s328.1">It is important that you complete the course of treatment, even if you begin to feel better after a few days.</s>
<s id="s328.2">If you stop taking this medicine too soon your infection may not be completely cured, the infection may return or your condition may get worse, and you may also create a bacterial resistance to the antibiotic.</s>
<s id="s329.1">The recommended dose and duration of treatment should not be exceeded (see section 2.</s>
<s id="s329.2">Before you take [Invented name]..., Take special care...).</s>
<s id="s330.1">If you take more [Invented name] 400 mg film-coated tablets than you should</s>
<s id="s331.1">21 If you take more than the prescribed one tablet a day, seek medical advice immediately and, if possible, take any remaining tablets, the packaging or this leaflet with you to show the doctor or pharmacist what you have taken.</s>
<s id="s332.1">If you forget to take [Invented name] 400 mg film-coated tablets If you forget to take your tablet you should take it as soon as you remember on the same day.</s>
<s id="s332.2">If you do not take your tablet on one day, take your normal dose (one tablet) on the next day.</s>
<s id="s332.3">Do not take a double dose to make up for a forgotten dose.</s>
<s id="s332.4">If you are unsure about what to do, consult your doctor or pharmacist.</s>
<s id="s333.1">If you stop taking [Invented name] 400 mg film-coated tablets If you stop taking this medicine too soon your infection may not be completely cured.</s>
<s id="s333.2">Consult your doctor if you wish to stop taking your tablets before the end of the course of treatment.</s>
<s id="s334.1">If you have any further questions on the use of this product, ask your doctor or pharmacist.</s>
<s id="s335.1">22</s>
</body>
</letsmt>
