<?xml version="1.0" encoding="utf-8"?>
<letsmt version="1.0">
<head></head>
<body>
<s id="s1.1">EMEA Number</s>
<s id="s2.1">Invented Name</s>
<s id="s3.1">Strength</s>
<s id="s4.1">Pharmaceutical Form</s>
<s id="s5.1">Target species</s>
<s id="s6.1">Route of administration</s>
<s id="s7.1">Packaging</s>
<s id="s8.1">Content</s>
<s id="s9.1">Package size</s>
<s id="s10.1">Withdrawal period</s>
<s id="s11.1">EU/ 2/ 08/ 082/ 001 Zactran</s>
<s id="s12.1">150mg/ ml</s>
<s id="s13.1">Solution for injection</s>
<s id="s14.1">Cattle</s>
<s id="s15.1">Subcutaneous use</s>
<s id="s16.1">Cardboard box with one vial</s>
<s id="s17.1">Glass vial 100ml</s>
<s id="s18.1">64 days.</s>
<s id="s18.2">Not permitted for use in lactating animals.</s>
<s id="s19.1">EU/ 2/ 08/ 082/ 002 Zactran</s>
<s id="s20.1">150mg/ ml</s>
<s id="s21.1">Solution for injection</s>
<s id="s22.1">Cattle</s>
<s id="s23.1">Subcutaneous use</s>
<s id="s24.1">Cardboard box with one vial</s>
<s id="s25.1">Glass vial 250ml</s>
<s id="s26.1">64 days.</s>
<s id="s26.2">Not permitted for use in lactating animals.</s>
<s id="s27.1">EU/ 2/ 08/ 082/ 003 Zactran</s>
<s id="s28.1">150mg/ ml</s>
<s id="s29.1">Solution for injection</s>
<s id="s30.1">Cattle</s>
<s id="s31.1">Subcutaneous use</s>
<s id="s32.1">Cardboard box with one vial</s>
<s id="s33.1">Glass vial 500ml</s>
<s id="s34.1">64 days.</s>
<s id="s34.2">Not permitted for use in lactating animals.</s>
<s id="s35.1">1/ 1</s>
</body>
</letsmt>
