<?xml version="1.0" encoding="utf-8"?>
<letsmt version="1.0">
<head></head>
<body>
<s id="s1.1">ANNEX I</s>
<s id="s2.1">SUMMARY OF PRODUCT CHARACTERISTICS</s>
<s id="s3.1">1/ 17 1.</s>
<s id="s3.2">NAME OF THE VETERINARY MEDICINAL PRODUCT</s>
<s id="s4.1">ZACTRAN 150mg/ ml solution for injection for cattle</s>
<s id="s5.1">2.</s>
<s id="s5.2">QUALITATIVE AND QUANTITATIVE COMPOSITION</s>
<s id="s6.1">One ml contains:</s>
<s id="s7.1">Active substance:</s>
<s id="s7.2">Gamithromycin</s>
<s id="s8.1">150 mg</s>
<s id="s9.1">Excipient:</s>
<s id="s10.1">Monothioglycerol</s>
<s id="s11.1">1 mg</s>
<s id="s12.1">For a full list of excipients, see section 6.1.</s>
<s id="s13.1">3.</s>
<s id="s13.2">PHARMACEUTICAL FORM</s>
<s id="s14.1">Solution for injection.</s>
<s id="s14.2">Colourless to pale yellow solution.</s>
<s id="s15.1">4.</s>
<s id="s15.2">CLINICAL PARTICULARS</s>
<s id="s16.1">4.1 Target species</s>
<s id="s17.1">Cattle</s>
<s id="s18.1">4.2 Indications for use, specifying the target species</s>
<s id="s19.1">Therapeutic and preventive treatment of bovine respiratory disease (BRD) associated with Mannheimia haemolytica, Pasteurella multocida and Histophilus somni.</s>
<s id="s19.2">The presence of the disease in the herd should be established before preventive treatment.</s>
<s id="s20.1">4.3 Contraindications</s>
<s id="s21.1">Do not use in case of hypersensitivity to macrolide antibiotics or to any of the excipients.</s>
<s id="s21.2">Do not use the product simultaneously with other macrolides or lincosamides (see section 4.8).</s>
<s id="s21.3">Do not use in lactating cattle producing milk for human consumption.</s>
<s id="s21.4">Do not use in pregnant cows or heifers, which are intended to produce milk for human consumption, within 2 months of expected parturition.</s>
<s id="s22.1">4.4 Special warnings</s>
<s id="s23.1">None</s>
<s id="s24.1">4.5 Special precautions for use</s>
<s id="s25.1">Special precautions for use in animals</s>
<s id="s26.1">Use of the veterinary medicinal product should be based on susceptibility testing and take into account official and local policies on the use of antimicrobials in farm animals.</s>
<s id="s27.1">2/ 17 Special precautions to be taken by the person administering the veterinary medicinal product to animals</s>
<s id="s28.1">People with known hypersensitivity to the macrolide class should avoid contact with the veterinary medicinal product.</s>
<s id="s28.2">Gamithromycin may cause irritation to eyes or/ and skin.</s>
<s id="s28.3">Avoid contact with skin or eyes If eye exposure occurs, flush eyes immediately with clean water.</s>
<s id="s28.4">If skin exposure occurs, wash the affected area immediately with clean water.</s>
<s id="s28.5">In case of accidental self-injection, seek medical advice immediately and show the package leaflet or the label to the physician.</s>
<s id="s28.6">Wash hands after use.</s>
<s id="s29.1">4.6 Adverse reactions (frequency and seriousness)</s>
<s id="s30.1">During clinical trials no treatment related abnormalities were observed except some transient injection site swellings.</s>
<s id="s30.2">Visible injection site swellings may develop in up to 45% of treated animals associated with occasional, slight pain evident for one day.</s>
<s id="s30.3">The swellings typically resolve within 3 to 14 days but may persist in some animals for up to 35 days after treatment.</s>
<s id="s31.1">4.7 Use during pregnancy, lactation or lay</s>
<s id="s32.1">Based on laboratory animal data, gamithromycin has not produced any evidence of selective developmental or reproductive effects.</s>
<s id="s32.2">The safety of gamithromycin during pregnancy and lactation has not been evaluated in cattle.</s>
<s id="s32.3">Use only according to the risk/ benefit assessment by the responsible veterinarian.</s>
<s id="s33.1">4.8 Interaction with other medicinal products and other forms of interaction</s>
<s id="s34.1">Cross resistance may occur with other macrolides.</s>
<s id="s34.2">Avoid simultaneous administration of antimicrobials with a similar mode of action such as other macrolides or lincosamides.</s>
<s id="s35.1">4.9 Amounts to be administered and administration route</s>
<s id="s36.1">A single subcutaneous injection of 6 mg gamithromycin/ kg body weight (equivalent to 1 ml/ 25 kg body weight) in the neck.</s>
<s id="s36.2">For treatment of cattle over 250 kg body weight, divide the dose so that no more than 10 ml are injected at one site.</s>
<s id="s36.3">To ensure correct dosage body weight should be determined as accurately as possible to avoid underdosing.</s>
<s id="s37.1">4.10 Overdose (symptoms, emergency procedures, antidotes), if necessary</s>
<s id="s38.1">Clinical studies have demonstrated the wide margin of safety for gamithromycin injection in cattle.</s>
<s id="s38.2">In a young adult cattle study, gamithromycin was administered by subcutaneous injection at 6, 18, and 30 mg/ kg (1, 3, and 5 times the recommended dose) and repeated three times at 0, 5 and 10 days (three times the recommended duration of use).</s>
<s id="s38.3">Injection site reactions were noted in a dose related manner.</s>
<s id="s39.1">4.11 Withdrawal period</s>
<s id="s40.1">Meat and offal:</s>
<s id="s40.2">64 days</s>
<s id="s41.1">Not permitted for use in lactating animals producing milk for human consumption.</s>
<s id="s41.2">Do not use in pregnant cows or heifers, which are intended to produce milk for human consumption, within 2 months of expected parturition.</s>
<s id="s42.1">3/ 17 5.</s>
<s id="s42.2">PHARMACOLOGICAL PROPERTIES</s>
<s id="s43.1">Pharmacotherapeutic group:</s>
<s id="s43.2">Macrolides, ATCvet code:</s>
<s id="s43.3">QJ01FA95</s>
<s id="s44.1">5.1 Pharmacodynamic properties</s>
<s id="s45.1">Gamithromycin is an azalide, 15-membered semisynthetic macrolide class antibiotic with uniquely positioned alkylated nitrogen at 7a-position of the lactone ring.</s>
<s id="s45.2">This special chemistry facilitates rapid absorption at physiological pH and a long duration of action at the target tissue, lung.</s>
<s id="s45.3">Macrolides in general have both bacteriostatic and bactericidal action mediated through disruption of bacterial protein synthesis.</s>
<s id="s45.4">Macrolides inhibit bacterial protein biosynthesis by binding to the 50S ribosomal subunit and by preventing peptide chain elongation.</s>
<s id="s45.5">The in vitro data show that gamithromycin acts in a bactericidal manner.</s>
<s id="s45.6">The broad spectrum antimicrobial activity of gamithromycin includes Mannheimia haemolytica, Pasteurella multocida and Histophilus somni, the bacterial pathogens most commonly associated with BRD.</s>
<s id="s45.7">The MIC and MBC data are reported from a representative sample of isolates from field materials within different geographic EU areas.</s>
<s id="s46.1">Species</s>
<s id="s47.1">MIC90s</s>
<s id="s48.1">µg/ ml</s>
<s id="s49.1">MBC90s</s>
<s id="s50.1">Mannheimia haemolytica Pasteurella multocida Histophilus somni</s>
<s id="s51.1">0.5 1 1</s>
<s id="s52.1">1 2 2</s>
<s id="s53.1">Three mechanisms are generally considered responsible for resistance to the macrolide class of compounds.</s>
<s id="s53.2">This is often referred to as MLSB resistance as it affects macrolides, lincosamides and streptogramins.</s>
<s id="s53.3">The mechanisms involve the alteration of the ribosomal target site, the utilization of active efflux mechanism and the production of inactivating enzymes.</s>
<s id="s54.1">5.2 Pharmacokinetic particulars</s>
<s id="s55.1">Gamithromycin administered subcutaneously into the neck of cattle at single dosage of 6 mg/ kg body weight, resulted in rapid absorption with peak plasma concentrations observed after 30 to 60 min with a long plasma half-life (&gt; 2 days).</s>
<s id="s55.2">The bioavailability of the drug was &gt; 98% with no gender differences.</s>
<s id="s55.3">The volume of distribution at steady-state was 25 l/ kg.</s>
<s id="s55.4">Gamithromycin levels in lung reached a maximum in less than 24 hr, with lung-to-plasma ratio of &gt; 264 indicating that the drug was absorbed rapidly into the target tissue for BRD.</s>
<s id="s56.1">In vitro plasma protein binding studies determined that the mean concentration of the free drug was 74%.</s>
<s id="s56.2">Biliary excretion of the unchanged drug was the major route of elimination.</s>
<s id="s57.1">6.</s>
<s id="s57.2">PHARMACEUTICAL PARTICULARS</s>
<s id="s58.1">6.1 List of excipients</s>
<s id="s59.1">Monothioglycerol Succinic Acid Glycerol Formal</s>
<s id="s60.1">6.2 Incompatibilities</s>
<s id="s61.1">In the absence of compatibility studies, this veterinary medicinal product should not be mixed with other veterinary medicinal products.</s>
<s id="s62.1">6.3 Shelf life</s>
<s id="s63.1">Shelf life of the veterinary medicinal product as packaged for sale:</s>
<s id="s63.2">3 years</s>
<s id="s64.1">4/ 17 Shelf life after first opening the immediate packaging:</s>
<s id="s64.2">28 days</s>
<s id="s65.1">6.4.</s>
<s id="s65.2">Special precautions for storage</s>
<s id="s66.1">This veterinary medicinal product does not require any special storage conditions.</s>
<s id="s67.1">6.5 Nature and composition of immediate packaging</s>
<s id="s68.1">Type 1 glass vial with a chlorobutyl rubber stopper and an aluminum cap.</s>
<s id="s68.2">Box containing 1 vial of 100, 250 or 500 ml Not all pack sizes may be marketed.</s>
<s id="s69.1">6.6 Special precautions for the disposal of unused veterinary medicinal product or waste materials derived from the use of such products</s>
<s id="s70.1">Any unused veterinary medicinal product or waste materials derived from such veterinary medicinal product should be disposed of in accordance with local requirements.</s>
<s id="s71.1">7.</s>
<s id="s71.2">MARKETING AUTHORISATION HOLDER</s>
<s id="s72.1">MERIAL 29 avenue Tony Garnier F - 69007 Lyon France</s>
<s id="s73.1">8.</s>
<s id="s73.2">MARKETING AUTHORISATION NUMBER(S)</s>
<s id="s74.1">EU/ 2/ 08/ 082/ 001 EU/ 2/ 08/ 082/ 002 EU/ 2/ 08/ 082/ 003</s>
<s id="s75.1">9.</s>
<s id="s75.2">DATE OF FIRST AUTHORISATION/ RENEWAL OF THE AUTHORISATION</s>
<s id="s76.1">24/ 07/ 2008</s>
<s id="s77.1">10 DATE OF REVISION OF THE TEXT</s>
<s id="s78.1">24/ 07/ 2008</s>
<s id="s79.1">Detailed information on this veterinary medicinal product is available on the website of the European Medicines Agency (EMEA) http: / /www. emea. europa. eu/</s>
<s id="s80.1">PROHIBITION OF SALE, SUPPLY AND/ OR USE</s>
<s id="s81.1">Not applicable.</s>
<s id="s82.1">5/ 17 ANNEX II</s>
<s id="s83.1">A.</s>
<s id="s83.2">MANUFACTURING AUTHORISATION HOLDER RESPONSIBLE FOR BATCH RELEASE</s>
<s id="s84.1">B.</s>
<s id="s84.2">CONDITIONS OR RESTRICTIONS OF THE MARKETING AUTHORISATION REGARDING SUPPLY OR USE</s>
<s id="s85.1">C.</s>
<s id="s85.2">CONDITIONS OR RESTRICTIONS OF THE MARKETING AUTHORISATION WITH REGARD TO SAFE AND EFFECTIVE USE</s>
<s id="s86.1">D.</s>
<s id="s86.2">STATEMENT OF THE MRLs</s>
<s id="s87.1">6/ 17 A.</s>
<s id="s87.2">MANUFACTURING AUTHORISATION HOLDER RESPONSIBLE FOR BATCH RELEASE</s>
<s id="s88.1">Name and address of the manufacturer responsible for batch release</s>
<s id="s89.1">MERIAL 4, Chemin du Calquet 31057 Toulouse Cedex France</s>
<s id="s90.1">B.</s>
<s id="s90.2">CONDITIONS OR RESTRICTIONS OF THE MARKETING AUTHORISATION REGARDING SUPPLY OR USE</s>
<s id="s91.1">To be supplied only on veterinary prescription.</s>
<s id="s92.1">C.</s>
<s id="s92.2">CONDITIONS OR RESTRICTIONS OF THE MARKETING AUTHORISATION WITH REGARD TO THE SAFE AND EFFECTIVE USE OF THE PRODUCT</s>
<s id="s93.1">Not applicable.</s>
<s id="s94.1">D.</s>
<s id="s94.2">STATEMENT OF THE MRLs</s>
<s id="s95.1">Gamithromycin is included in Annex III of Council Regulation (EEC) No 2377/ 90 in accordance with the following table:</s>
<s id="s96.1">Pharmacologically Marker residue active substance</s>
<s id="s97.1">Animal species</s>
<s id="s98.1">MRLs</s>
<s id="s99.1">Target tissues</s>
<s id="s100.1">Other provisions</s>
<s id="s101.1">Gamithromycin Gamithromycin</s>
<s id="s102.1">Bovine</s>
<s id="s103.1">20 µg/ kg 200 µg/ kg 100 µg/ kg</s>
<s id="s104.1">Fat Liver Kidney</s>
<s id="s105.1">Provisional MRLs expire on 1.7.2009 Not for use in animals producing milk for human consumption</s>
<s id="s106.1">Annex II of Council Regulation (EEC) No 2377/ 90:</s>
<s id="s107.1">Pharmacologically active substance(s) Monothioglycerol 1 Succinic Acid (E 363) 2 Glycerol Formal 3</s>
<s id="s108.1">Animal species All food animal species All food animal species All food animal species</s>
<s id="s109.1">Other provisions</s>
<s id="s110.1">1 OJ No.</s>
<s id="s110.2">L290 of 05.12.1995 2 OJ No.</s>
<s id="s110.3">L61 of 18.03.1995 3 OJ No.</s>
<s id="s110.4">L5 of 09.01.1997</s>
<s id="s111.1">7/ 17 ANNEX III</s>
<s id="s112.1">LABELLING AND PACKAGE LEAFLET</s>
<s id="s113.1">8/ 17 A.</s>
<s id="s113.2">LABELLING</s>
<s id="s114.1">9/ 17 PARTICULARS TO APPEAR ON THE OUTER PACKAGE AND ON THE IMMEDIATE PACKAGE (except 100 ml trilingual)</s>
<s id="s115.1">{BOX and VIAL}</s>
<s id="s116.1">1.</s>
<s id="s116.2">NAME OF THE VETERINARY MEDICINAL PRODUCT</s>
<s id="s117.1">ZACTRAN 150 mg/ ml solution for injection for cattle Gamithromycin</s>
<s id="s118.1">2.</s>
<s id="s118.2">STATEMENT OF ACTIVE AND OTHER SUBSTANCES</s>
<s id="s119.1">1 ml contains 150 mg of gamithromycin 1 mg of monothioglycerol</s>
<s id="s120.1">3.</s>
<s id="s120.2">PHARMACEUTICAL FORM</s>
<s id="s121.1">Solution for injection</s>
<s id="s122.1">4.</s>
<s id="s122.2">PACKAGE SIZE</s>
<s id="s123.1">100 ml 250 ml 500 ml</s>
<s id="s124.1">5.</s>
<s id="s124.2">TARGET SPECIES</s>
<s id="s125.1">Cattle</s>
<s id="s126.1">6.</s>
<s id="s126.2">INDICATION(S)</s>
<s id="s127.1">7.</s>
<s id="s127.2">METHOD AND ROUTE(S) OF ADMINISTRATION</s>
<s id="s128.1">Single subcutaneous injection of 6 mg gamithromycin/ kg body weight (equivalent to 1 ml/ 25 kg body weight).</s>
<s id="s128.2">Read the package leaflet before use.</s>
<s id="s129.1">8.</s>
<s id="s129.2">WITHDRAWAL PERIOD</s>
<s id="s130.1">Withdrawal period Meat and offal:</s>
<s id="s130.2">64 days Not permitted for use in lactating animals producing milk for human consumption.</s>
<s id="s130.3">Do not use in pregnant cows or heifers, which are intended to produce milk for human consumption, within 2 months of expected parturition.</s>
<s id="s131.1">10/ 17 9.</s>
<s id="s131.2">SPECIAL WARNING(S), IF NECESSARY</s>
<s id="s132.1">People with known hypersensitivity to the macrolide class should avoid contact with the product.</s>
<s id="s132.2">Gamithromycin may cause irritation to eyes or/ and skin.</s>
<s id="s132.3">Avoid contact with skin or eyes.</s>
<s id="s132.4">If eye exposure occurs, flush eyes immediately with clean water.</s>
<s id="s132.5">If skin exposure occurs, wash the affected area immediately with clean water.</s>
<s id="s133.1">In case of accidental self-injection, seek medical advice immediately and show the package leaflet or the label to the physician.</s>
<s id="s133.2">Wash hands after use.</s>
<s id="s134.1">10.</s>
<s id="s134.2">EXPIRY DATE</s>
<s id="s135.1">EXP Once opened, use within 28 days.</s>
<s id="s136.1">11.</s>
<s id="s136.2">SPECIAL STORAGE CONDITIONS</s>
<s id="s137.1">Not applicable.</s>
<s id="s138.1">12.</s>
<s id="s138.2">SPECIAL PRECAUTIONS FOR THE DISPOSAL OF UNUSED PRODUCTS OR WASTE MATERIALS, IF ANY</s>
<s id="s139.1">Dispose of waste material in accordance with local requirements.</s>
<s id="s140.1">13.</s>
<s id="s140.2">THE WORDS “ FOR ANIMAL TREATMENT ONLY” AND CONDITIONS OR RESTRICTIONS REGARDING SUPPLY AND USE, if applicable</s>
<s id="s141.1">For animal treatment only - to be supplied only on veterinary prescription.</s>
<s id="s142.1">14.</s>
<s id="s142.2">THE WORDS “ KEEP OUT OF THE REACH AND SIGHT OF CHILDREN”</s>
<s id="s143.1">Keep out of the reach and sight of children.</s>
<s id="s144.1">15.</s>
<s id="s144.2">NAME AND ADDRESS OF THE MARKETING AUTHORISATION HOLDER</s>
<s id="s145.1">MERIAL 29 avenue Tony Garnier F - 69007 Lyon France</s>
<s id="s146.1">16.</s>
<s id="s146.2">MARKETING AUTHORISATION NUMBER(S)</s>
<s id="s147.1">EU/ 2/ 08/ 082/ 001 EU/ 2/ 08/ 082/ 002 EU/ 2/ 08/ 082/ 003</s>
<s id="s148.1">100 ml 250 ml 500 ml</s>
<s id="s149.1">11/ 17</s>
<s id="s150.1">17.</s>
<s id="s150.2">MANUFACTURER’ S BATCH NUMBER</s>
<s id="s151.1">Lot</s>
<s id="s152.1">12/ 17 PARTICULARS TO APPEAR ON THE IMMEDIATE PACKAGE</s>
<s id="s153.1">{VIAL}</s>
<s id="s154.1">1.</s>
<s id="s154.2">NAME OF THE VETERINARY MEDICINAL PRODUCT</s>
<s id="s155.1">ZACTRAN 150mg/ ml solution for injection for cattle</s>
<s id="s156.1">2.</s>
<s id="s156.2">QUANTITY OF THE ACTIVE SUBSTANCE</s>
<s id="s157.1">Gamithromycin</s>
<s id="s158.1">3.</s>
<s id="s158.2">CONTENTS BY WEIGHT, BY VOLUME OR BY NUMBER OF DOSES</s>
<s id="s159.1">100 ml</s>
<s id="s160.1">4.</s>
<s id="s160.2">ROUTE OF ADMINISTRATION</s>
<s id="s161.1">Subcutaneous use</s>
<s id="s162.1">5.</s>
<s id="s162.2">WITHDRAWAL PERIOD</s>
<s id="s163.1">Withdrawal period.</s>
<s id="s163.2">Meat and offal:</s>
<s id="s163.3">64 days</s>
<s id="s164.1">6.</s>
<s id="s164.2">BATCH NUMBER</s>
<s id="s165.1">Lot</s>
<s id="s166.1">7.</s>
<s id="s166.2">EXPIRY DATE</s>
<s id="s167.1">EXP Once opened, use within 28 days.</s>
<s id="s168.1">8.</s>
<s id="s168.2">THE WORDS “ FOR ANIMAL TREATMENT ONLY”</s>
<s id="s169.1">For animal treatment only</s>
<s id="s170.1">13/ 17 B.</s>
<s id="s170.2">PACKAGE LEAFLET</s>
<s id="s171.1">14/ 17 PACKAGE LEAFLET FOR:</s>
<s id="s171.2">ZACTRAN 150mg/ ml solution for injection for cattle</s>
<s id="s172.1">1.</s>
<s id="s172.2">NAME AND ADDRESS OF THE MARKETING AUTHORISATION HOLDER AND OF THE MANUFACTURING AUTHORISATION HOLDER RESPONSIBLE FOR BATCH RELEASE, IF DIFFERENT</s>
<s id="s173.1">Marketing authorisation holder:</s>
<s id="s173.2">MERIAL 29 avenue Tony Garnier F - 69007 Lyon France</s>
<s id="s174.1">Manufacturer for the batch release:</s>
<s id="s174.2">MERIAL 4, Chemin du Calquet F - 31057 Toulouse Cedex France</s>
<s id="s175.1">2.</s>
<s id="s175.2">NAME OF THE VETERINARY MEDICINAL PRODUCT</s>
<s id="s176.1">ZACTRAN 150mg/ ml solution for injection for cattle Gamithromycin</s>
<s id="s177.1">3.</s>
<s id="s177.2">STATEMENT OF THE ACTIVE SUBSTANCE AND OTHER INGREDIENT</s>
<s id="s178.1">1 ml contains 150 mg of gamithromycin 1 mg of monothioglycerol</s>
<s id="s179.1">4.</s>
<s id="s179.2">INDICATIONS</s>
<s id="s180.1">Therapeutic and preventive treatment of bovine respiratory disease (BRD) associated with Mannheimia haemolytica, Pasteurella multocida and Histophilus somni.</s>
<s id="s180.2">The presence of the disease in the herd should be established before preventive treatment.</s>
<s id="s181.1">5.</s>
<s id="s181.2">CONTRAINDICATIONS</s>
<s id="s182.1">Do not use in case of hypersensitivity to a certain type of antibiotics called macrolides or to any of the excipients.</s>
<s id="s182.2">Do not use this product simultaneously with other macrolides or antibiotics known as lincosamides.</s>
<s id="s182.3">Do not use in lactating cattle producing milk for human consumption.</s>
<s id="s182.4">Do not use in pregnant cows or heifers, which are intended to produce milk for human consumption, within 2 months of expected parturition.</s>
<s id="s183.1">6.</s>
<s id="s183.2">ADVERSE REACTIONS</s>
<s id="s184.1">Transient injection site swellings with occasional slight pain.</s>
<s id="s184.2">If you notice any serious effects or other effects not mentioned in this leaflet, please inform your veterinarian.</s>
<s id="s185.1">15/ 17 7.</s>
<s id="s185.2">TARGET SPECIES</s>
<s id="s186.1">Cattle</s>
<s id="s187.1">8.</s>
<s id="s187.2">DOSAGE FOR EACH SPECIES, ROUTE AND METHOD OF ADMINISTRATION</s>
<s id="s188.1">A single subcutaneous injection of 6 mg gamithromycin/ kg body weight (equivalent to 1 ml/ 25 kg body weight) in the neck.</s>
<s id="s188.2">For treatment of cattle over 250 kg body weight, divide the dose so that no more than 10 ml are injected at one site.</s>
<s id="s189.1">9.</s>
<s id="s189.2">ADVICE ON CORRECT ADMINISTRATION</s>
<s id="s190.1">To ensure correct dosage body weight should be determined as accurately as possible to avoid underdosing.</s>
<s id="s191.1">10.</s>
<s id="s191.2">WITHDRAWAL PERIOD</s>
<s id="s192.1">Withdrawal period.</s>
<s id="s192.2">Meat and offal:</s>
<s id="s192.3">64 days Not permitted for use in lactating animals producing milk for human consumption.</s>
<s id="s192.4">Do not use in pregnant cows or heifers, which are intended to produce milk for human consumption, within 2 months of expected parturition</s>
<s id="s193.1">11.</s>
<s id="s193.2">SPECIAL STORAGE PRECAUTIONS</s>
<s id="s194.1">Keep out of the reach and sight of children.</s>
<s id="s194.2">This veterinary medicinal product does not require any special storage conditions.</s>
<s id="s195.1">Do not use after the expiry date which is stated on the vial.</s>
<s id="s195.2">Shelf-life after first opening the container:</s>
<s id="s195.3">28 days.</s>
<s id="s196.1">12.</s>
<s id="s196.2">SPECIAL WARNINGS</s>
<s id="s197.1">For the animal:</s>
<s id="s197.2">The safety of gamithromycin during pregnancy and lactation has not been evaluated in cattle.</s>
<s id="s197.3">Use according to the benefit/ risk assessment by the responsible veterinarian.</s>
<s id="s198.1">For the user:</s>
<s id="s198.2">People with known hypersensitivity to the macrolide class should avoid contact with the product.</s>
<s id="s198.3">Gamithromycin may cause irritation to eyes or/ and skin.</s>
<s id="s198.4">Avoid contact with skin or eyes.</s>
<s id="s198.5">If eye exposure occurs, flush eyes immediately with clean water.</s>
<s id="s198.6">If skin exposure occurs, wash the affected area immediately with clean water.</s>
<s id="s199.1">In case of accidental self-injection, seek medical advice immediately and show the package leaflet or the label to the physician.</s>
<s id="s199.2">Wash hands after use.</s>
<s id="s200.1">Cross resistance may occur with other macrolides.</s>
<s id="s200.2">ZACTRAN should not be mixed with other medicinal products.</s>
<s id="s201.1">16/ 17 13.</s>
<s id="s201.2">SPECIAL PRECAUTIONS FOR THE DISPOSAL OF UNUSED PRODUCT OR WASTE MATERIALS, IF ANY</s>
<s id="s202.1">Ask your veterinary surgeon how to dispose of medicines no longer required.</s>
<s id="s202.2">These measures should help to protect the environment.</s>
<s id="s203.1">14.</s>
<s id="s203.2">DATE ON WHICH THE PACKAGE LEAFLET WAS LAST APPROVED</s>
<s id="s204.1">24/ 07/ 2008</s>
<s id="s205.1">Detailed information on this product is available on the website of the European Medicines Agency (EMEA) http: / /www. emea. europa. eu/.</s>
<s id="s206.1">15.</s>
<s id="s206.2">OTHER INFORMATION</s>
<s id="s207.1">Box containing 1 vial of 100, 250 or 500 ml.</s>
<s id="s207.2">Not all pack sizes may be marketed.</s>
<s id="s208.1">17/ 17</s>
</body>
</letsmt>
