<?xml version="1.0" encoding="utf-8"?>
<text>
<p id="1">
<s id="s1.1">
 <w id="w1.1.1">European</w> 
 <w id="w1.1.2">Medicines</w> 
 <w id="w1.1.3">Agency</w>
</s></p>

<p id="2">
<s id="s2.1">
 <w id="w2.1.1">London</w>
 <w id="w2.1.2">,</w> 
 <w id="w2.1.3">30</w>
 <w id="w2.1.4">.</w> 
 <w id="w2.1.5">maj</w> 
 <w id="w2.1.6">2008</w>                                         
 <w id="w2.1.7">Sklic</w> 
 <w id="w2.1.8">dok</w>
 <w id="w2.1.9">.</w>
</s> 
 
<s id="s2.2">
 <w id="w2.2.1">EMEA/</w>
 <w id="w2.2.2">330955/</w>
 <w id="w2.2.3">2008</w> 
 <w id="w2.2.4">Error</w>
 <w id="w2.2.5">!</w>
</s> 
 
<s id="s2.3">
 <w id="w2.3.1">No</w> 
 <w id="w2.3.2">property</w> 
 <w id="w2.3.3">name</w> 
 <w id="w2.3.4">supplied</w>
 <w id="w2.3.5">.</w>
</s></p>

<p id="3">
<s id="s3.1">
 <w id="w3.1.1">VPRAŠANJA</w> 
 <w id="w3.1.2">IN</w> 
 <w id="w3.1.3">ODGOVORI</w> 
 <w id="w3.1.4">V</w> 
 <w id="w3.1.5">ZVEZI</w> 
 <w id="w3.1.6">Z</w> 
 <w id="w3.1.7">UMIKOM</w> 
 <w id="w3.1.8">VLOGE</w> 
 <w id="w3.1.9">ZA</w> 
 <w id="w3.1.10">DOVOLJENJE</w> 
 <w id="w3.1.11">ZA</w>                                 
 <w id="w3.1.12">PROMET</w>                                
 <w id="w3.1.13">z</w> 
 <w id="w3.1.14">zdravilom</w>                               
 <w id="w3.1.15">DUOPLAVIN</w>
</s></p>

<p id="4">
<s id="s4.1">
 <w id="w4.1.1">Mednarodno</w> 
 <w id="w4.1.2">nelastniško</w> 
 <w id="w4.1.3">ime</w> 
 <w id="w4.1.4">(</w>
 <w id="w4.1.5">INN</w>
 <w id="w4.1.6">)</w>
 <w id="w4.1.7">:</w> 
 <w id="w4.1.8">klopidogrel/</w>
 <w id="w4.1.9">acetilsalicilna</w> 
 <w id="w4.1.10">kislina</w>
</s></p>

<p id="5">
<s id="s5.1">
 <w id="w5.1.1">Družba</w> 
 <w id="w5.1.2">Sanofi</w> 
 <w id="w5.1.3">Pharma</w> 
 <w id="w5.1.4">Bristol-</w>
 <w id="w5.1.5">Myers</w> 
 <w id="w5.1.6">Squibb</w> 
 <w id="w5.1.7">je</w> 
 <w id="w5.1.8">dne</w> 
 <w id="w5.1.9">23</w>
 <w id="w5.1.10">.</w> 
 <w id="w5.1.11">maja</w> 
 <w id="w5.1.12">2008</w> 
 <w id="w5.1.13">uradno</w> 
 <w id="w5.1.14">obvestila</w> 
 <w id="w5.1.15">Odbor</w> 
 <w id="w5.1.16">za</w> 
 <w id="w5.1.17">zdravila</w> 
 <w id="w5.1.18">za</w> 
 <w id="w5.1.19">uporabo</w> 
 <w id="w5.1.20">v</w> 
 <w id="w5.1.21">humani</w> 
 <w id="w5.1.22">medicini</w> 
 <w id="w5.1.23">(</w>
 <w id="w5.1.24">CHMP</w>
 <w id="w5.1.25">)</w>
 <w id="w5.1.26">,</w> 
 <w id="w5.1.27">da</w> 
 <w id="w5.1.28">želi</w> 
 <w id="w5.1.29">umakniti</w> 
 <w id="w5.1.30">svojo</w> 
 <w id="w5.1.31">vlogo</w> 
 <w id="w5.1.32">za</w> 
 <w id="w5.1.33">dovoljenje</w> 
 <w id="w5.1.34">za</w> 
 <w id="w5.1.35">promet</w> 
 <w id="w5.1.36">z</w> 
 <w id="w5.1.37">zdravilom</w> 
 <w id="w5.1.38">DuoPlavin</w>
 <w id="w5.1.39">,</w> 
 <w id="w5.1.40">namenjenim</w> 
 <w id="w5.1.41">za</w> 
 <w id="w5.1.42">preprečevanje</w> 
 <w id="w5.1.43">aterotrombotičnih</w> 
 <w id="w5.1.44">dogodkov</w>
 <w id="w5.1.45">.</w>
</s></p>

<p id="6">
<s id="s6.1">
 <w id="w6.1.1">Kaj</w> 
 <w id="w6.1.2">je</w> 
 <w id="w6.1.3">zdravilo</w> 
 <w id="w6.1.4">DuoPlavin</w>
 <w id="w6.1.5">?</w>
</s> 
 
<s id="s6.2">
 <w id="w6.2.1">Zdravilo</w> 
 <w id="w6.2.2">DuoPlavin</w> 
 <w id="w6.2.3">vsebuje</w> 
 <w id="w6.2.4">v</w> 
 <w id="w6.2.5">eni</w> 
 <w id="w6.2.6">tableti</w> 
 <w id="w6.2.7">zdravilni</w> 
 <w id="w6.2.8">učinkovini</w> 
 <w id="w6.2.9">klopidogrel</w> 
 <w id="w6.2.10">in</w> 
 <w id="w6.2.11">acetilsalicilno</w> 
 <w id="w6.2.12">kislino</w>
 <w id="w6.2.13">.</w>
</s> 
 
<s id="s6.3">
 <w id="w6.3.1">Na</w> 
 <w id="w6.3.2">voljo</w> 
 <w id="w6.3.3">naj</w> 
 <w id="w6.3.4">bi</w> 
 <w id="w6.3.5">bilo</w> 
 <w id="w6.3.6">v</w> 
 <w id="w6.3.7">tabletah</w> 
 <w id="w6.3.8">s</w> 
 <w id="w6.3.9">75</w> 
 <w id="w6.3.10">mg</w> 
 <w id="w6.3.11">klopidogrela</w> 
 <w id="w6.3.12">in</w> 
 <w id="w6.3.13">75</w> 
 <w id="w6.3.14">mg</w> 
 <w id="w6.3.15">acetilsalicilne</w> 
 <w id="w6.3.16">kisline</w> 
 <w id="w6.3.17">in</w> 
 <w id="w6.3.18">v</w> 
 <w id="w6.3.19">tabletah</w> 
 <w id="w6.3.20">s</w> 
 <w id="w6.3.21">75</w> 
 <w id="w6.3.22">mg</w> 
 <w id="w6.3.23">klopidogrela</w> 
 <w id="w6.3.24">in</w> 
 <w id="w6.3.25">100</w> 
 <w id="w6.3.26">mg</w> 
 <w id="w6.3.27">acetilsalicilne</w> 
 <w id="w6.3.28">kisline</w>
 <w id="w6.3.29">.</w>
</s></p>

<p id="7">
<s id="s7.1">
 <w id="w7.1.1">Za</w> 
 <w id="w7.1.2">kaj</w> 
 <w id="w7.1.3">naj</w> 
 <w id="w7.1.4">bi</w> 
 <w id="w7.1.5">se</w> 
 <w id="w7.1.6">zdravilo</w> 
 <w id="w7.1.7">DuoPlavin</w> 
 <w id="w7.1.8">uporabljalo</w>
 <w id="w7.1.9">?</w>
</s> 
 
<s id="s7.2">
 <w id="w7.2.1">Zdravilo</w> 
 <w id="w7.2.2">DuoPlavin</w> 
 <w id="w7.2.3">naj</w> 
 <w id="w7.2.4">bi</w> 
 <w id="w7.2.5">se</w> 
 <w id="w7.2.6">uporabljalo</w> 
 <w id="w7.2.7">pri</w> 
 <w id="w7.2.8">odraslih</w> 
 <w id="w7.2.9">bolnikih</w>
 <w id="w7.2.10">,</w> 
 <w id="w7.2.11">ki</w> 
 <w id="w7.2.12">že</w> 
 <w id="w7.2.13">jemljejo</w> 
 <w id="w7.2.14">klopidogrel</w> 
 <w id="w7.2.15">in</w> 
 <w id="w7.2.16">acetilsalicilno</w> 
 <w id="w7.2.17">kislino</w> 
 <w id="w7.2.18">v</w> 
 <w id="w7.2.19">ločenih</w> 
 <w id="w7.2.20">tabletah</w>
 <w id="w7.2.21">.</w>
</s> 
 
<s id="s7.3">
 <w id="w7.3.1">Uporabljalo</w> 
 <w id="w7.3.2">naj</w> 
 <w id="w7.3.3">bi</w> 
 <w id="w7.3.4">se</w> 
 <w id="w7.3.5">za</w> 
 <w id="w7.3.6">preprečevanje</w> 
 <w id="w7.3.7">aterotrombotičnih</w> 
 <w id="w7.3.8">dogodkov</w> 
 <w id="w7.3.9">(</w>
 <w id="w7.3.10">težav</w>
 <w id="w7.3.11">,</w> 
 <w id="w7.3.12">ki</w> 
 <w id="w7.3.13">jih</w> 
 <w id="w7.3.14">povzročajo</w> 
 <w id="w7.3.15">krvni</w> 
 <w id="w7.3.16">strdki</w> 
 <w id="w7.3.17">in</w> 
 <w id="w7.3.18">otrdevanje</w> 
 <w id="w7.3.19">arterij</w>
 <w id="w7.3.20">)</w> 
 <w id="w7.3.21">pri</w> 
 <w id="w7.3.22">bolnikih</w>
 <w id="w7.3.23">,</w> 
 <w id="w7.3.24">ki</w> 
 <w id="w7.3.25">imajo</w> 
 <w id="w7.3.26">akutni</w> 
 <w id="w7.3.27">koronarni</w> 
 <w id="w7.3.28">sindrom</w>
 <w id="w7.3.29">.</w>
</s> 
 
<s id="s7.4">
 <w id="w7.4.1">Mednje</w> 
 <w id="w7.4.2">spadajo</w> 
 <w id="w7.4.3">bolniki</w>
 <w id="w7.4.4">,</w> 
 <w id="w7.4.5">ki</w> 
 <w id="w7.4.6">so</w> 
 <w id="w7.4.7">imeli</w> 
 <w id="w7.4.8">akutni</w> 
 <w id="w7.4.9">miokardni</w> 
 <w id="w7.4.10">infarkt</w> 
 <w id="w7.4.11">(</w>
 <w id="w7.4.12">srčni</w> 
 <w id="w7.4.13">napad</w>
 <w id="w7.4.14">)</w> 
 <w id="w7.4.15">z</w> 
 <w id="w7.4.16">elevacijo</w> 
 <w id="w7.4.17">spojnice</w> 
 <w id="w7.4.18">ST</w> 
 <w id="w7.4.19">(</w>
 <w id="w7.4.20">nenormalni</w> 
 <w id="w7.4.21">zapis</w> 
 <w id="w7.4.22">na</w> 
 <w id="w7.4.23">elektrokardiogramu</w> 
 <w id="w7.4.24">ali</w> 
 <w id="w7.4.25">EKG</w>
 <w id="w7.4.26">)</w>
 <w id="w7.4.27">,</w> 
 <w id="w7.4.28">če</w> 
 <w id="w7.4.29">bi</w> 
 <w id="w7.4.30">zdravnik</w> 
 <w id="w7.4.31">menil</w>
 <w id="w7.4.32">,</w> 
 <w id="w7.4.33">da</w> 
 <w id="w7.4.34">bi</w> 
 <w id="w7.4.35">jim</w> 
 <w id="w7.4.36">zdravilo</w> 
 <w id="w7.4.37">lahko</w> 
 <w id="w7.4.38">pomagalo</w>
 <w id="w7.4.39">.</w>
</s> 
 
<s id="s7.5">
 <w id="w7.5.1">Uporabljalo</w> 
 <w id="w7.5.2">naj</w> 
 <w id="w7.5.3">bi</w> 
 <w id="w7.5.4">se</w> 
 <w id="w7.5.5">tudi</w> 
 <w id="w7.5.6">pri</w> 
 <w id="w7.5.7">bolnikih</w>
 <w id="w7.5.8">,</w> 
 <w id="w7.5.9">ki</w> 
 <w id="w7.5.10">nimajo</w> 
 <w id="w7.5.11">tega</w> 
 <w id="w7.5.12">nenormalnega</w> 
 <w id="w7.5.13">zapisa</w> 
 <w id="w7.5.14">na</w> 
 <w id="w7.5.15">EKG</w>
 <w id="w7.5.16">,</w> 
 <w id="w7.5.17">če</w> 
 <w id="w7.5.18">so</w> 
 <w id="w7.5.19">imeli</w> 
 <w id="w7.5.20">nestabilno</w> 
 <w id="w7.5.21">angino</w> 
 <w id="w7.5.22">(</w>
 <w id="w7.5.23">resno</w> 
 <w id="w7.5.24">obliko</w> 
 <w id="w7.5.25">bolečine</w> 
 <w id="w7.5.26">v</w> 
 <w id="w7.5.27">prsih</w>
 <w id="w7.5.28">)</w> 
 <w id="w7.5.29">ali</w> 
 <w id="w7.5.30">miokardni</w> 
 <w id="w7.5.31">infarkt</w> 
 <w id="w7.5.32">brez</w> 
 <w id="w7.5.33">zobca</w> 
 <w id="w7.5.34">Q</w> 
 <w id="w7.5.35">in</w> 
 <w id="w7.5.36">ki</w> 
 <w id="w7.5.37">jim</w> 
 <w id="w7.5.38">je</w> 
 <w id="w7.5.39">bil</w> 
 <w id="w7.5.40">vstavljen</w> 
 <w id="w7.5.41">stent</w> 
 <w id="w7.5.42">(</w>
 <w id="w7.5.43">v</w> 
 <w id="w7.5.44">arterijo</w> 
 <w id="w7.5.45">vstavljena</w> 
 <w id="w7.5.46">kratka</w> 
 <w id="w7.5.47">cevčica</w>
 <w id="w7.5.48">,</w> 
 <w id="w7.5.49">ki</w> 
 <w id="w7.5.50">preprečuje</w>
 <w id="w7.5.51">,</w> 
 <w id="w7.5.52">da</w> 
 <w id="w7.5.53">bi</w> 
 <w id="w7.5.54">se</w> 
 <w id="w7.5.55">arterija</w> 
 <w id="w7.5.56">zaprla</w>
 <w id="w7.5.57">)</w>
 <w id="w7.5.58">.</w>
</s></p>

<p id="8">
<s id="s8.1">
 <w id="w8.1.1">Kako</w> 
 <w id="w8.1.2">naj</w> 
 <w id="w8.1.3">bi</w> 
 <w id="w8.1.4">zdravilo</w> 
 <w id="w8.1.5">DuoPlavin</w> 
 <w id="w8.1.6">delovalo</w>
 <w id="w8.1.7">?</w>
</s> 
 
<s id="s8.2">
 <w id="w8.2.1">Zdravilni</w> 
 <w id="w8.2.2">učinkovini</w> 
 <w id="w8.2.3">v</w> 
 <w id="w8.2.4">zdravilu</w> 
 <w id="w8.2.5">DuoPlavin</w>
 <w id="w8.2.6">,</w> 
 <w id="w8.2.7">klopidogrel</w> 
 <w id="w8.2.8">in</w> 
 <w id="w8.2.9">acetilsalicilna</w> 
 <w id="w8.2.10">kislina</w>
 <w id="w8.2.11">,</w> 
 <w id="w8.2.12">sta</w> 
 <w id="w8.2.13">v</w> 
 <w id="w8.2.14">zdravilu</w> 
 <w id="w8.2.15">DuoPlavin</w> 
 <w id="w8.2.16">kombinirani</w> 
 <w id="w8.2.17">v</w> 
 <w id="w8.2.18">eno</w> 
 <w id="w8.2.19">tableto</w>
 <w id="w8.2.20">,</w> 
 <w id="w8.2.21">da</w> 
 <w id="w8.2.22">bi</w> 
 <w id="w8.2.23">s</w> 
 <w id="w8.2.24">tem</w> 
 <w id="w8.2.25">zmanjšali</w> 
 <w id="w8.2.26">število</w> 
 <w id="w8.2.27">tablet</w>
 <w id="w8.2.28">,</w> 
 <w id="w8.2.29">ki</w> 
 <w id="w8.2.30">jih</w> 
 <w id="w8.2.31">mora</w> 
 <w id="w8.2.32">bolnik</w> 
 <w id="w8.2.33">jemati</w> 
 <w id="w8.2.34">vsak</w> 
 <w id="w8.2.35">dan</w>
 <w id="w8.2.36">.</w>
</s> 
 
<s id="s8.3">
 <w id="w8.3.1">Cilj</w> 
 <w id="w8.3.2">tega</w> 
 <w id="w8.3.3">je</w> 
 <w id="w8.3.4">bil</w>
 <w id="w8.3.5">,</w> 
 <w id="w8.3.6">da</w> 
 <w id="w8.3.7">bi</w> 
 <w id="w8.3.8">se</w> 
 <w id="w8.3.9">bilo</w> 
 <w id="w8.3.10">bolnikom</w> 
 <w id="w8.3.11">lažje</w> 
 <w id="w8.3.12">držati</w> 
 <w id="w8.3.13">predvidenega</w> 
 <w id="w8.3.14">zdravljenja</w>
 <w id="w8.3.15">.</w>
</s> 
 
<s id="s8.4">
 <w id="w8.4.1">Acetilsalicilna</w> 
 <w id="w8.4.2">kislina</w> 
 <w id="w8.4.3">je</w> 
 <w id="w8.4.4">dobro</w> 
 <w id="w8.4.5">znano</w> 
 <w id="w8.4.6">zdravilo</w>
 <w id="w8.4.7">,</w> 
 <w id="w8.4.8">splošno</w> 
 <w id="w8.4.9">poznano</w> 
 <w id="w8.4.10">kot</w> 
 <w id="w8.4.11">aspirin</w>
 <w id="w8.4.12">,</w> 
 <w id="w8.4.13">ki</w> 
 <w id="w8.4.14">se</w> 
 <w id="w8.4.15">že</w> 
 <w id="w8.4.16">dolgo</w> 
 <w id="w8.4.17">uporablja</w> 
 <w id="w8.4.18">kot</w> 
 <w id="w8.4.19">snov</w> 
 <w id="w8.4.20">za</w> 
 <w id="w8.4.21">redčenje</w> 
 <w id="w8.4.22">krvi</w>
 <w id="w8.4.23">.</w>
</s> 
 
<s id="s8.5">
 <w id="w8.5.1">Klopidogrel</w> 
 <w id="w8.5.2">deluje</w> 
 <w id="w8.5.3">kot</w> 
 <w id="w8.5.4">zaviralec</w> 
 <w id="w8.5.5">agregacije</w> 
 <w id="w8.5.6">trombocitov</w>
 <w id="w8.5.7">.</w>
</s> 
 
<s id="s8.6">
 <w id="w8.6.1">To</w> 
 <w id="w8.6.2">pomeni</w>
 <w id="w8.6.3">,</w> 
 <w id="w8.6.4">da</w> 
 <w id="w8.6.5">pomaga</w> 
 <w id="w8.6.6">pri</w> 
 <w id="w8.6.7">preprečevanju</w> 
 <w id="w8.6.8">nastajanja</w> 
 <w id="w8.6.9">krvnih</w> 
 <w id="w8.6.10">strdkov</w>
 <w id="w8.6.11">.</w>
</s> 
 
<s id="s8.7">
 <w id="w8.7.1">Strjevanje</w> 
 <w id="w8.7.2">krvi</w> 
 <w id="w8.7.3">omogočajo</w> 
 <w id="w8.7.4">posebne</w> 
 <w id="w8.7.5">celice</w> 
 <w id="w8.7.6">v</w> 
 <w id="w8.7.7">krvi</w>
 <w id="w8.7.8">,</w> 
 <w id="w8.7.9">trombociti</w>
 <w id="w8.7.10">,</w> 
 <w id="w8.7.11">ki</w> 
 <w id="w8.7.12">se</w> 
 <w id="w8.7.13">medsebojno</w> 
 <w id="w8.7.14">zlepljajo</w> 
 <w id="w8.7.15">(</w>
 <w id="w8.7.16">agregirajo</w>
 <w id="w8.7.17">)</w>
 <w id="w8.7.18">.</w>
</s> 
 
<s id="s8.8">
 <w id="w8.8.1">Klopidogrel</w> 
 <w id="w8.8.2">ustavi</w> 
 <w id="w8.8.3">zlepljanje</w> 
 <w id="w8.8.4">trombocitov</w> 
 <w id="w8.8.5">tako</w>
 <w id="w8.8.6">,</w> 
 <w id="w8.8.7">da</w> 
 <w id="w8.8.8">spojini</w>
 <w id="w8.8.9">,</w> 
 <w id="w8.8.10">imenovani</w> 
 <w id="w8.8.11">ADP</w>
 <w id="w8.8.12">,</w> 
 <w id="w8.8.13">preprečuje</w> 
 <w id="w8.8.14">vezavo</w> 
 <w id="w8.8.15">na</w> 
 <w id="w8.8.16">posebne</w> 
 <w id="w8.8.17">receptorje</w> 
 <w id="w8.8.18">na</w> 
 <w id="w8.8.19">njihovi</w> 
 <w id="w8.8.20">površini</w>
 <w id="w8.8.21">.</w>
</s> 
 
<s id="s8.9">
 <w id="w8.9.1">To</w> 
 <w id="w8.9.2">preprečuje</w>
 <w id="w8.9.3">,</w> 
 <w id="w8.9.4">da</w> 
 <w id="w8.9.5">bi</w> 
 <w id="w8.9.6">trombociti</w> 
 <w id="w8.9.7">postali</w> 
 <w id="w8.9.8">lepljivi</w>
 <w id="w8.9.9">,</w> 
 <w id="w8.9.10">zmanjšuje</w> 
 <w id="w8.9.11">tveganje</w> 
 <w id="w8.9.12">za</w> 
 <w id="w8.9.13">nastanek</w> 
 <w id="w8.9.14">krvnih</w> 
 <w id="w8.9.15">strdkov</w> 
 <w id="w8.9.16">ter</w> 
 <w id="w8.9.17">prispeva</w> 
 <w id="w8.9.18">k</w> 
 <w id="w8.9.19">preprečevanju</w> 
 <w id="w8.9.20">novega</w> 
 <w id="w8.9.21">srčnega</w> 
 <w id="w8.9.22">napada</w> 
 <w id="w8.9.23">ali</w> 
 <w id="w8.9.24">kapi</w>
 <w id="w8.9.25">.</w>
</s></p>

<p id="9">
<s id="s9.1">
 <w id="w9.1.1">Katero</w> 
 <w id="w9.1.2">dokumentacijo</w> 
 <w id="w9.1.3">je</w> 
 <w id="w9.1.4">družba</w> 
 <w id="w9.1.5">predložila</w> 
 <w id="w9.1.6">CHMP</w> 
 <w id="w9.1.7">v</w> 
 <w id="w9.1.8">podporo</w> 
 <w id="w9.1.9">svoji</w> 
 <w id="w9.1.10">vlogi</w>
 <w id="w9.1.11">?</w>
</s> 
 
<s id="s9.2">
 <w id="w9.2.1">EU</w> 
 <w id="w9.2.2">je</w> 
 <w id="w9.2.3">klopidogrel</w> 
 <w id="w9.2.4">kot</w> 
 <w id="w9.2.5">samostojno</w> 
 <w id="w9.2.6">zdravilo</w> 
 <w id="w9.2.7">odobrila</w> 
 <w id="w9.2.8">pod</w> 
 <w id="w9.2.9">imenoma</w> 
 <w id="w9.2.10">Iscover</w> 
 <w id="w9.2.11">in</w> 
 <w id="w9.2.12">Plavix</w> 
 <w id="w9.2.13">za</w> 
 <w id="w9.2.14">preprečevanje</w> 
 <w id="w9.2.15">aterotrombotičnih</w> 
 <w id="w9.2.16">dogodkov</w> 
 <w id="w9.2.17">v</w> 
 <w id="w9.2.18">kombinaciji</w> 
 <w id="w9.2.19">z</w> 
 <w id="w9.2.20">acetilsalicilno</w> 
 <w id="w9.2.21">kislino</w> 
 <w id="w9.2.22">pri</w> 
 <w id="w9.2.23">bolnikih</w> 
 <w id="w9.2.24">z</w> 
 <w id="w9.2.25">akutnim</w> 
 <w id="w9.2.26">koronarnim</w> 
 <w id="w9.2.27">sindromom</w>
 <w id="w9.2.28">.</w>
</s> 
 
<s id="s9.3">
 <w id="w9.3.1">Družba</w> 
 <w id="w9.3.2">je</w> 
 <w id="w9.3.3">v</w> 
 <w id="w9.3.4">podporo</w> 
 <w id="w9.3.5">svoji</w> 
 <w id="w9.3.6">vlogi</w> 
 <w id="w9.3.7">za</w> 
 <w id="w9.3.8">zdravilo</w> 
 <w id="w9.3.9">DuoPlavin</w> 
 <w id="w9.3.10">izvedla</w> 
 <w id="w9.3.11">študijo</w> 
 <w id="w9.3.12">biološke</w> 
 <w id="w9.3.13">enakovrednosti</w>
 <w id="w9.3.14">,</w> 
 <w id="w9.3.15">da</w> 
 <w id="w9.3.16">bi</w> 
 <w id="w9.3.17">ugotovila</w> 
 <w id="w9.3.18">ali</w> 
 <w id="w9.3.19">telo</w> 
 <w id="w9.3.20">kombinirano</w> 
 <w id="w9.3.21">tableto</w> 
 <w id="w9.3.22">absorbira</w> 
 <w id="w9.3.23">na</w> 
 <w id="w9.3.24">enak</w> 
 <w id="w9.3.25">način</w> 
 <w id="w9.3.26">kot</w> 
 <w id="w9.3.27">dve</w> 
 <w id="w9.3.28">ločeni</w> 
 <w id="w9.3.29">zdravili</w>
 <w id="w9.3.30">.</w>
</s> 
 
<s id="s9.4">
 <w id="w9.4.1">Poleg</w> 
 <w id="w9.4.2">tega</w> 
 <w id="w9.4.3">so</w> 
 <w id="w9.4.4">bile</w> 
 <w id="w9.4.5">študije</w> 
 <w id="w9.4.6">z</w> 
 <w id="w9.4.7">zdraviloma</w> 
 <w id="w9.4.8">Iscover</w> 
 <w id="w9.4.9">in</w> 
 <w id="w9.4.10">Plavix</w> 
 <w id="w9.4.11">z</w> 
 <w id="w9.4.12">acetilsalicilno</w> 
 <w id="w9.4.13">kislino</w> 
 <w id="w9.4.14">v</w> 
 <w id="w9.4.15">ločenih</w> 
 <w id="w9.4.16">tabletah</w> 
 <w id="w9.4.17">uporabljene</w> 
 <w id="w9.4.18">v</w> 
 <w id="w9.4.19">podporo</w> 
 <w id="w9.4.20">uporabi</w> 
 <w id="w9.4.21">zdravila</w> 
 <w id="w9.4.22">DuoPlavin</w> 
 <w id="w9.4.23">za</w> 
 <w id="w9.4.24">enako</w> 
 <w id="w9.4.25">indikacijo</w>
 <w id="w9.4.26">.</w>
</s></p>

<p id="10">
<s id="s10.1">
 <w id="w10.1.1">7</w> 
 <w id="w10.1.2">Westferry</w> 
 <w id="w10.1.3">Circus</w>
 <w id="w10.1.4">,</w> 
 <w id="w10.1.5">Canary</w> 
 <w id="w10.1.6">Wharf</w>
 <w id="w10.1.7">,</w> 
 <w id="w10.1.8">London</w> 
 <w id="w10.1.9">E14</w> 
 <w id="w10.1.10">4HB</w>
 <w id="w10.1.11">,</w> 
 <w id="w10.1.12">UK</w>                                    
 <w id="w10.1.13">Tel</w>
 <w id="w10.1.14">.</w>
</s> 
 
<s id="s10.2">
 <w id="w10.2.1">(</w>
 <w id="w10.2.2">44-</w>
 <w id="w10.2.3">20</w>
 <w id="w10.2.4">)</w> 
 <w id="w10.2.5">74</w> 
 <w id="w10.2.6">18</w> 
 <w id="w10.2.7">84</w> 
 <w id="w10.2.8">00</w> 
 <w id="w10.2.9">Fax</w> 
 <w id="w10.2.10">(</w>
 <w id="w10.2.11">44-</w>
 <w id="w10.2.12">20</w>
 <w id="w10.2.13">)</w> 
 <w id="w10.2.14">75</w> 
 <w id="w10.2.15">23</w> 
 <w id="w10.2.16">71</w> 
 <w id="w10.2.17">29</w>                               
 <w id="w10.2.18">E-</w>
 <w id="w10.2.19">mail</w>
 <w id="w10.2.20">:</w> 
 <w id="w10.2.21">mail@</w>
 <w id="w10.2.22">emea.</w>
 <w id="w10.2.23">europa.</w>
 <w id="w10.2.24">eu</w> 
 <w id="w10.2.25">http</w>
 <w id="w10.2.26">:</w>
 <w id="w10.2.27">//</w>
 <w id="w10.2.28">www.</w>
 <w id="w10.2.29">emea.</w>
 <w id="w10.2.30">europa.</w>
 <w id="w10.2.31">eu</w>
</s></p>

<p id="11">
<s id="s11.1">
 <w id="w11.1.1">©</w> 
 <w id="w11.1.2">European</w> 
 <w id="w11.1.3">Medicines</w> 
 <w id="w11.1.4">Agency</w>
 <w id="w11.1.5">,</w> 
 <w id="w11.1.6">2008</w>
 <w id="w11.1.7">.</w>
</s> 
 
<s id="s11.2">
 <w id="w11.2.1">Reproduction</w> 
 <w id="w11.2.2">is</w> 
 <w id="w11.2.3">authorised</w> 
 <w id="w11.2.4">provided</w> 
 <w id="w11.2.5">the</w> 
 <w id="w11.2.6">source</w> 
 <w id="w11.2.7">is</w> 
 <w id="w11.2.8">acknowledged</w>
 <w id="w11.2.9">.</w>
</s> 
 
<s id="s11.3">
 <w id="w11.3.1">Kako</w> 
 <w id="w11.3.2">daleč</w> 
 <w id="w11.3.3">je</w> 
 <w id="w11.3.4">bil</w> 
 <w id="w11.3.5">postopek</w> 
 <w id="w11.3.6">ocenjevanja</w> 
 <w id="w11.3.7">vloge</w> 
 <w id="w11.3.8">ob</w> 
 <w id="w11.3.9">njenem</w> 
 <w id="w11.3.10">umiku</w>
 <w id="w11.3.11">?</w>
</s> 
 
<s id="s11.4">
 <w id="w11.4.1">Družba</w> 
 <w id="w11.4.2">je</w> 
 <w id="w11.4.3">vlogo</w> 
 <w id="w11.4.4">umaknila</w> 
 <w id="w11.4.5">na</w> 
 <w id="w11.4.6">206</w>
 <w id="w11.4.7">.</w> 
 <w id="w11.4.8">dan</w> 
 <w id="w11.4.9">postopka</w>
 <w id="w11.4.10">.</w>
</s> 
 
<s id="s11.5">
 <w id="w11.5.1">Potem</w> 
 <w id="w11.5.2">ko</w> 
 <w id="w11.5.3">je</w> 
 <w id="w11.5.4">CHMP</w> 
 <w id="w11.5.5">ocenil</w> 
 <w id="w11.5.6">odgovore</w> 
 <w id="w11.5.7">družbe</w> 
 <w id="w11.5.8">na</w> 
 <w id="w11.5.9">seznam</w> 
 <w id="w11.5.10">vprašanj</w>
 <w id="w11.5.11">,</w> 
 <w id="w11.5.12">so</w> 
 <w id="w11.5.13">nekatera</w> 
 <w id="w11.5.14">tehtna</w> 
 <w id="w11.5.15">vprašanja</w> 
 <w id="w11.5.16">še</w> 
 <w id="w11.5.17">vedno</w> 
 <w id="w11.5.18">ostala</w> 
 <w id="w11.5.19">nerešena</w>
 <w id="w11.5.20">.</w>
</s> 
 
<s id="s11.6">
 <w id="w11.6.1">CHMP</w> 
 <w id="w11.6.2">običajno</w> 
 <w id="w11.6.3">potrebuje</w> 
 <w id="w11.6.4">do</w> 
 <w id="w11.6.5">210</w> 
 <w id="w11.6.6">dni</w> 
 <w id="w11.6.7">za</w> 
 <w id="w11.6.8">ocenjevanje</w> 
 <w id="w11.6.9">nove</w> 
 <w id="w11.6.10">vloge</w>
 <w id="w11.6.11">.</w>
</s> 
 
<s id="s11.7">
 <w id="w11.7.1">Na</w> 
 <w id="w11.7.2">podlagi</w> 
 <w id="w11.7.3">pregleda</w> 
 <w id="w11.7.4">začetne</w> 
 <w id="w11.7.5">dokumentacije</w> 
 <w id="w11.7.6">CHMP</w> 
 <w id="w11.7.7">pripravi</w> 
 <w id="w11.7.8">seznam</w> 
 <w id="w11.7.9">vprašanj</w> 
 <w id="w11.7.10">(</w>
 <w id="w11.7.11">120</w>
 <w id="w11.7.12">.</w> 
 <w id="w11.7.13">dan</w>
 <w id="w11.7.14">)</w>
 <w id="w11.7.15">,</w> 
 <w id="w11.7.16">ki</w> 
 <w id="w11.7.17">ga</w> 
 <w id="w11.7.18">pošlje</w> 
 <w id="w11.7.19">družbi</w>
 <w id="w11.7.20">.</w>
</s> 
 
<s id="s11.8">
 <w id="w11.8.1">Ko</w> 
 <w id="w11.8.2">družba</w> 
 <w id="w11.8.3">predloži</w> 
 <w id="w11.8.4">odgovore</w> 
 <w id="w11.8.5">na</w> 
 <w id="w11.8.6">vprašanja</w>
 <w id="w11.8.7">,</w> 
 <w id="w11.8.8">jih</w> 
 <w id="w11.8.9">CHMP</w> 
 <w id="w11.8.10">pregleda</w> 
 <w id="w11.8.11">in</w> 
 <w id="w11.8.12">lahko</w> 
 <w id="w11.8.13">pred</w> 
 <w id="w11.8.14">izdajo</w> 
 <w id="w11.8.15">svojega</w> 
 <w id="w11.8.16">mnenja</w> 
 <w id="w11.8.17">na</w> 
 <w id="w11.8.18">180</w>
 <w id="w11.8.19">.</w> 
 <w id="w11.8.20">dan</w> 
 <w id="w11.8.21">postopka</w> 
 <w id="w11.8.22">zastavi</w> 
 <w id="w11.8.23">morebitna</w> 
 <w id="w11.8.24">druga</w> 
 <w id="w11.8.25">vprašanja</w>
 <w id="w11.8.26">.</w>
</s> 
 
<s id="s11.9">
 <w id="w11.9.1">Potem</w> 
 <w id="w11.9.2">ko</w> 
 <w id="w11.9.3">CHMP</w> 
 <w id="w11.9.4">izda</w> 
 <w id="w11.9.5">svoje</w> 
 <w id="w11.9.6">mnenje</w>
 <w id="w11.9.7">,</w> 
 <w id="w11.9.8">navadno</w> 
 <w id="w11.9.9">traja</w> 
 <w id="w11.9.10">približno</w> 
 <w id="w11.9.11">dva</w> 
 <w id="w11.9.12">meseca</w>
 <w id="w11.9.13">,</w> 
 <w id="w11.9.14">preden</w> 
 <w id="w11.9.15">Evropska</w> 
 <w id="w11.9.16">komisija</w> 
 <w id="w11.9.17">dovoljenje</w> 
 <w id="w11.9.18">odobri</w>
 <w id="w11.9.19">.</w>
</s></p>

<p id="12">
<s id="s12.1">
 <w id="w12.1.1">Kakšno</w> 
 <w id="w12.1.2">je</w> 
 <w id="w12.1.3">bilo</w> 
 <w id="w12.1.4">takrat</w> 
 <w id="w12.1.5">priporočilo</w> 
 <w id="w12.1.6">CHMP</w>
 <w id="w12.1.7">?</w>
</s> 
 
<s id="s12.2">
 <w id="w12.2.1">Na</w> 
 <w id="w12.2.2">podlagi</w> 
 <w id="w12.2.3">pregleda</w> 
 <w id="w12.2.4">podatkov</w> 
 <w id="w12.2.5">in</w> 
 <w id="w12.2.6">odgovorov</w> 
 <w id="w12.2.7">družbe</w> 
 <w id="w12.2.8">na</w> 
 <w id="w12.2.9">seznam</w> 
 <w id="w12.2.10">vprašanj</w>
 <w id="w12.2.11">,</w> 
 <w id="w12.2.12">ki</w> 
 <w id="w12.2.13">jih</w> 
 <w id="w12.2.14">je</w> 
 <w id="w12.2.15">do</w> 
 <w id="w12.2.16">umika</w> 
 <w id="w12.2.17">vloge</w> 
 <w id="w12.2.18">zastavil</w> 
 <w id="w12.2.19">CHMP</w>
 <w id="w12.2.20">,</w> 
 <w id="w12.2.21">je</w> 
 <w id="w12.2.22">Odbor</w> 
 <w id="w12.2.23">izrazil</w> 
 <w id="w12.2.24">določene</w> 
 <w id="w12.2.25">zadržke</w>
 <w id="w12.2.26">.</w>
</s> 
 
<s id="s12.3">
 <w id="w12.3.1">Vendar</w> 
 <w id="w12.3.2">pa</w> 
 <w id="w12.3.3">je</w> 
 <w id="w12.3.4">Odbor</w> 
 <w id="w12.3.5">menil</w>
 <w id="w12.3.6">,</w> 
 <w id="w12.3.7">da</w> 
 <w id="w12.3.8">bi</w> 
 <w id="w12.3.9">družba</w> 
 <w id="w12.3.10">na</w> 
 <w id="w12.3.11">te</w> 
 <w id="w12.3.12">zadržke</w> 
 <w id="w12.3.13">lahko</w> 
 <w id="w12.3.14">odgovorila</w>
 <w id="w12.3.15">,</w> 
 <w id="w12.3.16">in</w> 
 <w id="w12.3.17">je</w> 
 <w id="w12.3.18">začasno</w> 
 <w id="w12.3.19">menil</w>
 <w id="w12.3.20">,</w> 
 <w id="w12.3.21">da</w> 
 <w id="w12.3.22">bi</w> 
 <w id="w12.3.23">se</w> 
 <w id="w12.3.24">zdravilo</w> 
 <w id="w12.3.25">DuoPlavin</w> 
 <w id="w12.3.26">lahko</w> 
 <w id="w12.3.27">odobrilo0</w> 
 <w id="w12.3.28">za</w> 
 <w id="w12.3.29">preprečevanje</w> 
 <w id="w12.3.30">aterotrombotičnih</w> 
 <w id="w12.3.31">dogodkov</w>
 <w id="w12.3.32">.</w>
</s></p>

<p id="13">
<s id="s13.1">
 <w id="w13.1.1">Kateri</w> 
 <w id="w13.1.2">so</w> 
 <w id="w13.1.3">bili</w> 
 <w id="w13.1.4">glavni</w> 
 <w id="w13.1.5">zadržki</w> 
 <w id="w13.1.6">CHMP</w>
 <w id="w13.1.7">?</w>
</s> 
 
<s id="s13.2">
 <w id="w13.2.1">CHMP</w> 
 <w id="w13.2.2">je</w> 
 <w id="w13.2.3">skrbelo</w>
 <w id="w13.2.4">,</w> 
 <w id="w13.2.5">da</w> 
 <w id="w13.2.6">pri</w> 
 <w id="w13.2.7">izvedenih</w> 
 <w id="w13.2.8">študijah</w> 
 <w id="w13.2.9">biološke</w> 
 <w id="w13.2.10">enakovrednosti</w> 
 <w id="w13.2.11">niso</w> 
 <w id="w13.2.12">bile</w> 
 <w id="w13.2.13">uporabljene</w> 
 <w id="w13.2.14">priporočene</w> 
 <w id="w13.2.15">metode</w> 
 <w id="w13.2.16">in</w> 
 <w id="w13.2.17">da</w> 
 <w id="w13.2.18">niso</w> 
 <w id="w13.2.19">zagotovile</w> 
 <w id="w13.2.20">zadostnih</w> 
 <w id="w13.2.21">dokazov</w>
 <w id="w13.2.22">,</w> 
 <w id="w13.2.23">da</w> 
 <w id="w13.2.24">telo</w> 
 <w id="w13.2.25">kombinirano</w> 
 <w id="w13.2.26">tableto</w> 
 <w id="w13.2.27">absorbira</w> 
 <w id="w13.2.28">na</w> 
 <w id="w13.2.29">enak</w> 
 <w id="w13.2.30">način</w> 
 <w id="w13.2.31">kot</w> 
 <w id="w13.2.32">dve</w> 
 <w id="w13.2.33">zdravili</w>
 <w id="w13.2.34">,</w> 
 <w id="w13.2.35">dani</w> 
 <w id="w13.2.36">ločeno</w>
 <w id="w13.2.37">.</w>
</s> 
 
<s id="s13.3">
 <w id="w13.3.1">Ob</w> 
 <w id="w13.3.2">umiku</w> 
 <w id="w13.3.3">je</w> 
 <w id="w13.3.4">bilo</w> 
 <w id="w13.3.5">mnenje</w> 
 <w id="w13.3.6">CHMP</w>
 <w id="w13.3.7">,</w> 
 <w id="w13.3.8">da</w> 
 <w id="w13.3.9">se</w> 
 <w id="w13.3.10">družba</w> 
 <w id="w13.3.11">ni</w> 
 <w id="w13.3.12">v</w> 
 <w id="w13.3.13">zadostni</w> 
 <w id="w13.3.14">meri</w> 
 <w id="w13.3.15">posvetila</w> 
 <w id="w13.3.16">zadržkom</w> 
 <w id="w13.3.17">in</w> 
 <w id="w13.3.18">da</w> 
 <w id="w13.3.19">korist</w> 
 <w id="w13.3.20">kombinirane</w> 
 <w id="w13.3.21">tablete</w> 
 <w id="w13.3.22">DuoCover</w> 
 <w id="w13.3.23">v</w> 
 <w id="w13.3.24">primerjavi</w> 
 <w id="w13.3.25">z</w> 
 <w id="w13.3.26">ločenima</w> 
 <w id="w13.3.27">zdraviloma</w> 
 <w id="w13.3.28">ni</w> 
 <w id="w13.3.29">bila</w> 
 <w id="w13.3.30">zadostno</w> 
 <w id="w13.3.31">dokazana</w>
 <w id="w13.3.32">.</w>
</s></p>

<p id="14">
<s id="s14.1">
 <w id="w14.1.1">Kakšni</w> 
 <w id="w14.1.2">so</w> 
 <w id="w14.1.3">bili</w> 
 <w id="w14.1.4">razlogi</w> 
 <w id="w14.1.5">družbe</w> 
 <w id="w14.1.6">za</w> 
 <w id="w14.1.7">umik</w> 
 <w id="w14.1.8">vloge</w>
 <w id="w14.1.9">?</w>
</s> 
 
<s id="s14.2">
 <w id="w14.2.1">Dopis</w>
 <w id="w14.2.2">,</w> 
 <w id="w14.2.3">s</w> 
 <w id="w14.2.4">katerim</w> 
 <w id="w14.2.5">družba</w> 
 <w id="w14.2.6">obvešča</w> 
 <w id="w14.2.7">agencijo</w> 
 <w id="w14.2.8">EMEA</w> 
 <w id="w14.2.9">o</w> 
 <w id="w14.2.10">umiku</w> 
 <w id="w14.2.11">vloge</w>
 <w id="w14.2.12">,</w> 
 <w id="w14.2.13">je</w> 
 <w id="w14.2.14">na</w> 
 <w id="w14.2.15">voljo</w> 
 <w id="w14.2.16">tukaj</w>
 <w id="w14.2.17">.</w>
</s></p>

<p id="15">
<s id="s15.1">
 <w id="w15.1.1">Kakšne</w> 
 <w id="w15.1.2">so</w> 
 <w id="w15.1.3">posledice</w> 
 <w id="w15.1.4">umika</w> 
 <w id="w15.1.5">za</w> 
 <w id="w15.1.6">bolnike</w>
 <w id="w15.1.7">,</w> 
 <w id="w15.1.8">ki</w> 
 <w id="w15.1.9">sodelujejo</w> 
 <w id="w15.1.10">v</w> 
 <w id="w15.1.11">kliničnih</w> 
 <w id="w15.1.12">preskušanjih</w> 
 <w id="w15.1.13">ali</w> 
 <w id="w15.1.14">programih</w> 
 <w id="w15.1.15">sočutne</w> 
 <w id="w15.1.16">uporabe</w> 
 <w id="w15.1.17">z</w> 
 <w id="w15.1.18">zdravilom</w> 
 <w id="w15.1.19">DuoPlavin</w>
 <w id="w15.1.20">?</w>
</s> 
 
<s id="s15.2">
 <w id="w15.2.1">Družba</w> 
 <w id="w15.2.2">je</w> 
 <w id="w15.2.3">obvestila</w> 
 <w id="w15.2.4">CHMP</w>
 <w id="w15.2.5">,</w> 
 <w id="w15.2.6">da</w> 
 <w id="w15.2.7">umik</w> 
 <w id="w15.2.8">nima</w> 
 <w id="w15.2.9">nobenih</w> 
 <w id="w15.2.10">posledic</w> 
 <w id="w15.2.11">za</w> 
 <w id="w15.2.12">bolnike</w>
 <w id="w15.2.13">,</w> 
 <w id="w15.2.14">ki</w> 
 <w id="w15.2.15">bodo</w> 
 <w id="w15.2.16">vključeni</w> 
 <w id="w15.2.17">v</w> 
 <w id="w15.2.18">klinična</w> 
 <w id="w15.2.19">preskušanja</w> 
 <w id="w15.2.20">zdravila</w> 
 <w id="w15.2.21">DuoPlavin</w> 
 <w id="w15.2.22">ali</w> 
 <w id="w15.2.23">bolnike</w>
 <w id="w15.2.24">,</w> 
 <w id="w15.2.25">ki</w> 
 <w id="w15.2.26">že</w> 
 <w id="w15.2.27">sodelujejo</w> 
 <w id="w15.2.28">v</w> 
 <w id="w15.2.29">kliničnih</w> 
 <w id="w15.2.30">preskušanjih</w> 
 <w id="w15.2.31">s</w> 
 <w id="w15.2.32">klopidogrelom</w> 
 <w id="w15.2.33">in</w> 
 <w id="w15.2.34">acetilsalicilno</w> 
 <w id="w15.2.35">kislino</w> 
 <w id="w15.2.36">kot</w> 
 <w id="w15.2.37">ločenima</w> 
 <w id="w15.2.38">zdraviloma</w>
 <w id="w15.2.39">.</w>
</s> 
 
<s id="s15.3">
 <w id="w15.3.1">Če</w> 
 <w id="w15.3.2">ste</w> 
 <w id="w15.3.3">vključeni</w> 
 <w id="w15.3.4">v</w> 
 <w id="w15.3.5">klinično</w> 
 <w id="w15.3.6">preskušanje</w> 
 <w id="w15.3.7">ali</w> 
 <w id="w15.3.8">program</w> 
 <w id="w15.3.9">sočutne</w> 
 <w id="w15.3.10">uporabe</w> 
 <w id="w15.3.11">ter</w> 
 <w id="w15.3.12">potrebujete</w> 
 <w id="w15.3.13">več</w> 
 <w id="w15.3.14">informacij</w> 
 <w id="w15.3.15">o</w> 
 <w id="w15.3.16">zdravljenju</w>
 <w id="w15.3.17">,</w> 
 <w id="w15.3.18">se</w> 
 <w id="w15.3.19">obrnite</w> 
 <w id="w15.3.20">na</w> 
 <w id="w15.3.21">zdravnika</w>
 <w id="w15.3.22">,</w> 
 <w id="w15.3.23">ki</w> 
 <w id="w15.3.24">vam</w> 
 <w id="w15.3.25">je</w> 
 <w id="w15.3.26">predpisal</w> 
 <w id="w15.3.27">zdravljenje</w>
 <w id="w15.3.28">.</w>
</s></p>

<p id="16">
<s id="s16.1">
 <w id="w16.1.1">Kakšne</w> 
 <w id="w16.1.2">so</w> 
 <w id="w16.1.3">posledice</w> 
 <w id="w16.1.4">za</w> 
 <w id="w16.1.5">zdravili</w> 
 <w id="w16.1.6">Iscover/</w>
 <w id="w16.1.7">Plavix</w>
 <w id="w16.1.8">,</w> 
 <w id="w16.1.9">uporabljeni</w> 
 <w id="w16.1.10">skupaj</w> 
 <w id="w16.1.11">z</w> 
 <w id="w16.1.12">acetilsalicilno</w> 
 <w id="w16.1.13">kislino</w>
 <w id="w16.1.14">,</w> 
 <w id="w16.1.15">ki</w> 
 <w id="w16.1.16">sta</w> 
 <w id="w16.1.17">indicirani</w> 
 <w id="w16.1.18">za</w> 
 <w id="w16.1.19">zdravljenje</w> 
 <w id="w16.1.20">aterotrombotičnih</w> 
 <w id="w16.1.21">dogodkov</w>
 <w id="w16.1.22">?</w>
</s> 
 
<s id="s16.2">
 <w id="w16.2.1">Umik</w> 
 <w id="w16.2.2">nima</w> 
 <w id="w16.2.3">nobenih</w> 
 <w id="w16.2.4">posledic</w> 
 <w id="w16.2.5">za</w> 
 <w id="w16.2.6">uporabo</w> 
 <w id="w16.2.7">zdravil</w> 
 <w id="w16.2.8">Iscover/</w>
 <w id="w16.2.9">Plavix</w> 
 <w id="w16.2.10">v</w> 
 <w id="w16.2.11">kombinaciji</w> 
 <w id="w16.2.12">z</w> 
 <w id="w16.2.13">acetilsalicilno</w> 
 <w id="w16.2.14">kislino</w> 
 <w id="w16.2.15">za</w> 
 <w id="w16.2.16">odobreno</w> 
 <w id="w16.2.17">indikacijo</w>
 <w id="w16.2.18">,</w> 
 <w id="w16.2.19">pri</w> 
 <w id="w16.2.20">kateri</w> 
 <w id="w16.2.21">ostaja</w> 
 <w id="w16.2.22">razmerje</w> 
 <w id="w16.2.23">med</w> 
 <w id="w16.2.24">koristmi</w> 
 <w id="w16.2.25">in</w> 
 <w id="w16.2.26">tveganji</w> 
 <w id="w16.2.27">nespremenjeno</w>
 <w id="w16.2.28">.</w>
</s></p>

<p id="17">
<s id="s17.1">
 <w id="w17.1.1">2/</w>
 <w id="w17.1.2">2</w>
</s></p></text>
