<?xml version="1.0" encoding="utf-8"?>
<letsmt version="1.0">
<head></head>
<body>
<s id="s1.1">European Medicines Agency Veterinary Medicines</s>
<s id="s2.1">EMEA/ V/ C/ 128</s>
<s id="s3.1">EVROPSKO JAVNO POROČILO O OCENI ZDRAVILA (EPAR)</s>
<s id="s4.1">MASIVET</s>
<s id="s5.1">Povzetek EPAR za javnost</s>
<s id="s6.1">Ta dokument je povzetek evropskega javnega poročila o oceni zdravila (EPAR).</s>
<s id="s6.2">Njegov namen je pojasniti, kako je Odbor za zdravila za uporabo v veterinarski medicini (CVMP) ocenil predloženo dokumentacijo, na podlagi katere je oblikoval priporočila glede uporabe zdravila.</s>
<s id="s6.3">Ta dokument ne more nadomestiti osebnega pogovora z veterinarjem.</s>
<s id="s6.4">Če potrebujete več informacij o zdravstvenem stanju ali zdravljenju svoje živali, se posvetujte z veterinarjem.</s>
<s id="s6.5">Če želite več informacij, ki temeljijo na priporočilih CVMP, preberite znanstveno razpravo (ki je prav tako del EPAR).</s>
<s id="s7.1">Kaj je zdravilo Masivet?</s>
<s id="s7.2">Zdravilo Masivet vsebuje masitinib, ki spada v skupino zdravil z učinkom proti raku.</s>
<s id="s7.3">Na voljo je v obliki okroglih, oranžnih tablet (50 in 150 mg).</s>
<s id="s8.1">Za kaj se zdravilo Masivet uporablja?</s>
<s id="s8.2">Zdravilo Masivet se uporablja za zdravljenje psov z mastocitomi (vrsta raka).</s>
<s id="s8.3">Uporablja se za velike tumorje (2. ali 3. stopnja malignosti), ki jih ni mogoče odstraniti s kirurškim posegom.</s>
<s id="s8.4">Uporablja se le, če je bila pred začetkom zdravljenja potrjena prisotnost mutirane oblike receptorske beljakovine c- kit v tumorjih.</s>
<s id="s9.1">Tablete dajemo peroralno enkrat dnevno.</s>
<s id="s9.2">Odmerek je odvisen od mase psa, ki ga zdravimo.</s>
<s id="s9.3">Trajanje zdravljenja je odvisno od odziva psa na zdravljenje.</s>
<s id="s10.1">Kako zdravilo Masivet deluje?</s>
<s id="s10.2">Zdravilna učinkovina zdravila Masivet, masitinib, je zaviralec protein tirozin kinaze.</s>
<s id="s10.3">To pomeni, da zavira točno določene encime, znane kot tirozin kinaze.</s>
<s id="s10.4">Te encime lahko najdemo v nekaterih receptorjih na površini celic, med drugim tudi v receptorju c- kit.</s>
<s id="s10.5">Nekatere vrste mastocitomov so povezane z mutacijo, ki povzroča čezmerno delovanje beljakovine c- kit in spodbuja mastocite k nenadzorovanemu razmnoževanju.</s>
<s id="s10.6">Zdravilo Masivet lahko prepreči nadaljnji razvoj tumorjev s to mutacijo, saj z zaviranjem teh receptorjev nadzoruje razmnoževanje celic.</s>
<s id="s11.1">Kako je bilo zdravilo Masivet raziskano?</s>
<s id="s11.2">V veterinarskih ambulantah v Evropi in ZDA so pri laboratorijskih psih ali bolnih živalih izvedli številne študije zdravila Masivet.</s>
<s id="s11.3">V glavni študiji so učinkovitost priporočenega odmerka zdravila Masivet 12, 5 mg na kilogram telesne mase enkrat dnevno primerjali s placebom (zdravilom brez zdravilne učinkovine).</s>
<s id="s11.4">V študijo so bili vključeni psi različnih pasem in obeh spolov z mastocitomi, ki so se ponovno pojavili po kirurškem posegu ali jih s kirurškim posegom ni bilo mogoče odstraniti.</s>
<s id="s11.5">Študijska populacija je vključevala pse, katerih tumorji so imeli mutirane ali normalne („ divji tip “) receptorje c- kit.</s>
<s id="s12.1">7 Westferry Circus, Canary Wharf, London E14 4HB, UK Tel.</s>
<s id="s12.2">(44- 20) 74 18 84 00 Fax (44- 20) 74 18 84 47 E- mail: mail@ emea. europa. eu http: // www. emea. europa. eu © European Medicines Agency, 2008.</s>
<s id="s12.3">Reproduction is authorised provided the source is acknowledged.</s>
<s id="s12.4">Kakšne koristi je zdravilo Masivet izkazalo med študijami?</s>
<s id="s12.5">Pri psih, katerih tumorji so vsebovali mutirane receptorje c- kit, se je stanje tumorjev poslabšalo kasneje, če so prejemali zdravilo Masivet (povprečni čas preživetja 241 dni), kot pri tistih, ki so prejemali placebo (povprečni čas preživetja 83 dni).</s>
<s id="s13.1">Kakšna tveganja so povezana z zdravilom Masivet?</s>
<s id="s13.2">Najpogostejši neželeni učinki zdravila Masivet so gastrointestinalne reakcije (driska in bruhanje) ter izgubljanje dlake.</s>
<s id="s13.3">Te reakcije so navadno blage do zmerno hude in začasne, saj trajajo do največ štiri tedne.</s>
<s id="s13.4">Zaradi morebitnega pojava neželenih učinkov mora veterinar redno (vsaj enkrat mesečno) pregledovati pse, ki jih zdravimo z zdravilom Masivet.</s>
<s id="s13.5">Veterinar se lahko v primeru neželenih učinkov odloči zmanjšati odmerek zdravila Masivet ali prekiniti zdravljenje.</s>
<s id="s14.1">Zdravilo Masivet se ne sme uporabljati pri psih z nekaterimi vrstami jetrnih ali ledvičnih težav, anemijo (majhnim številom rdečih krvničk) ali nevtropenijo (majhnim številom belih krvničk).</s>
<s id="s14.2">Zdravilo se ne sme uporabljati pri psih, starih manj kot šest mesecev ali težkih manj kot 4 kg, ali pri psicah v obdobju brejosti oziroma laktacije.</s>
<s id="s14.3">Ne sme se uporabljati pri psih, ki utegnejo biti preobčutljivi za (alergični na) masitinib ali katero koli drugo sestavino.</s>
<s id="s14.4">Za celoten seznam neželenih učinkov, o katerih so poročali pri uporabi zdravila Masivet, glejte navodilo za uporabo.</s>
<s id="s15.1">Veterinar mora štiri do šest tednov po začetku zdravljenja z zdravilom Masivet preveriti, kakšna je verjetnost, da bo zdravljenje uspešno.</s>
<s id="s16.1">Kakšne previdnostne ukrepe mora upoštevati oseba, ki daje zdravilo ali pride v stik z živaljo?</s>
<s id="s16.2">Tablete je treba dajati cele in se ne smejo razpoloviti, lomiti ali zdrobiti.</s>
<s id="s16.3">Če pridejo zlomljene tablete, bruhanje, urin ali iztrebki zdravljenega psa v stik s kožo ali očmi, jih takoj sperite z veliko vode.</s>
<s id="s16.4">Otroci ne smejo priti v stik z zdravljenimi psi, njihovimi iztrebki ali bruhanjem.</s>
<s id="s16.5">Če zdravilo Masivet zaužijete nenamerno, se takoj posvetujte z zdravnikom in mu pokažite navodilo za uporabo ali nalepko.</s>
<s id="s16.6">Med zdravljenjem psa ne jejte, pijte ali kadite.</s>
<s id="s16.7">Za več informacij glejte navodilo za uporabo.</s>
<s id="s17.1">Zakaj je bilo zdravilo Masivet odobreno?</s>
<s id="s17.2">Odbor za zdravila za uporabo v veterinarski medicini (CVMP) je zaključil, da so koristi zdravila Masivet pri zdravljenju mastocitomov (2. ali 3. stopnje), ki jih ni mogoče odstraniti kirurško in imajo potrjeno prisoten mutiran receptor tirozin kinaze c- kit, večje od z njim povezanih tveganj, in priporočil, da se za zdravilo Masivet odobri dovoljenje za promet.</s>
<s id="s17.3">Razmerje med koristmi in tveganji najdete v modulu 6 tega evropskega javnega poročila o oceni zdravila (EPAR).</s>
<s id="s18.1">Druge informacije o zdravilu Masivet:</s>
<s id="s18.2">Evropska komisija je dovoljenje za promet z zdravilom Masivet, veljavno po vsej Evropski uniji, odobrila družbi AB Science S. A. dne 17. novembra 2008.</s>
<s id="s18.3">Podatki o predpisovanju tega zdravila so navedeni na nalepki/ zunanji ovojnini zdravila.</s>
<s id="s18.4">Ker je ta bolezen življenjsko nevarna in se pričakuje majhno število prizadetih psov, so bile pri presoji dokumentacije uporabljene smernice CVMP o „ zahtevah glede podatkov za manjšo uporabo pri manj pomembnih vrstah (MUMS) “.</s>
<s id="s18.5">Nekateri rezultati testiranja kakovosti tablet še niso zaključeni vendar bodo znani pred prihodom tablet na trg.</s>
<s id="s19.1">Povzetek je bil nazadnje posodobljen 17. novembra 2008.</s>
<s id="s20.1">Stran 2/ 2 © EMEA 2008</s>
</body>
</letsmt>
