<?xml version="1.0" encoding="utf-8"?>
<letsmt version="1.0">
<head></head>
<body>
<s id="s1.1">EU številka</s>
<s id="s2.1">Izmišljeno Jakost ime</s>
<s id="s3.1">Farmacevtska oblika</s>
<s id="s4.1">Ciljna živalska vrsta</s>
<s id="s5.1">Način uporabe zdravila</s>
<s id="s6.1">Ovojnina</s>
<s id="s7.1">Vsebina</s>
<s id="s8.1">Velikost pakiranja</s>
<s id="s9.1">Karenca</s>
<s id="s10.1">koncentrat in EU/ 2/ 03/ 040/ 001 Gonazon</s>
<s id="s11.1">1. 600</s>
<s id="s12.1">vehikel za</s>
<s id="s13.1">plemenke</s>
<s id="s14.1">intraperitonealno</s>
<s id="s15.1">koncentrat: viala</s>
<s id="s16.1">koncentrat:</s>
<s id="s16.2">2 ml</s>
<s id="s17.1">1 viala</s>
<s id="s18.1">nič dni</s>
<s id="s19.1">mikrogramov/ ml</s>
<s id="s20.1">raztopino za</s>
<s id="s21.1">salmonidnih vrst rib</s>
<s id="s22.1">(steklo)</s>
<s id="s23.1">vehikel:</s>
<s id="s23.2">100 ml</s>
<s id="s24.1">koncentrata</s>
<s id="s25.1">injiciranje</s>
<s id="s26.1">vehikel: viala (steklo)</s>
<s id="s27.1">1 viala vehikla</s>
<s id="s28.1">sterilna prazna viala</s>
<s id="s29.1">1 sterilna prazna viala</s>
<s id="s30.1">EU/ 2/ 03/ 040/ 002 Gonazon</s>
<s id="s31.1">18, 5 mg</s>
<s id="s32.1">implantat</s>
<s id="s33.1">psi</s>
<s id="s34.1">subkutana uporaba</s>
<s id="s35.1">napolnjen injektor (igla za podkožno dajanje z zaščitnim pokrovčkom)</s>
<s id="s36.1">1 napolnjen injektor</s>
<s id="s37.1">Navedba ni smiselna.</s>
<s id="s38.1">1/ 1</s>
</body>
</letsmt>
