<?xml version="1.0" encoding="utf-8"?>
<letsmt version="1.0">
<head></head>
<body>
<s id="s1.1">European Medicines Agency Veterinary Medicines</s>
<s id="s2.1">EMEA/ V/ C/ 075</s>
<s id="s3.1">EVROPSKO JAVNO POROČILO O OCENI ZDRAVILA (EPAR)</s>
<s id="s4.1">GONAZON</s>
<s id="s5.1">Povzetek EPAR za javnost</s>
<s id="s6.1">Ta dokument je povzetek Evropskega javnega poročila o oceni zdravila (EPAR).</s>
<s id="s6.2">Njegov namen je pojasniti, kako je Odbor za zdravila za uporabo v veterinarski medicini (CVMP) ocenil predloženo dokumentacijo, na podlagi česar je oblikoval priporočila glede uporabe zdravila.</s>
<s id="s6.3">Ta dokument ne more nadomestiti osebnega pogovora z veterinarjem.</s>
<s id="s6.4">Če potrebujete več informacij o zdravstvenem stanju ali zdravljenju vaše živali, se posvetujte z veterinarjem.</s>
<s id="s6.5">Če želite več informacij o podlagi za priporočila CVMP, preberite znanstveno razpravo (ki je prav tako del EPAR).</s>
<s id="s7.1">Kaj je zdravilo Gonazon?</s>
<s id="s7.2">Zdravilo Gonazon vsebuje zdravilno učinkovino azagli- nafarelin.</s>
<s id="s7.3">Zdravilo Gonazon je odobreno kot koncentrat za pripravo raztopine za injiciranje za salmonidne vrste rib in kot implantat za psice.</s>
<s id="s7.4">Implantat Gonazon je pravokotne oblike sivo- bele barve velikosti 14x3x1 mm.</s>
<s id="s8.1">Za kaj se zdravilo Gonazon uporablja?</s>
<s id="s8.2">Pri ribah se zdravilo Gonazon uporablja za indukcijo in sinhronizacijo ovulacije (proizvodnjo iker) pri plemenkah salmonidnih rib, kot so atlantski losos, kalifornijska postrv ali šarenka, rjava postrv in jezerska zlatovčica, za proizvodnjo iker v fazi z očmi in ribjega zaroda.</s>
<s id="s8.3">Po anesteziji dobijo ribe intraperitonealno injekcijo (injekcijo v predel, kjer so trebušni organi) vzdolž osrednje linije, 1/ 2 do 1 dolžine plavuti pred osnovo pelvične plavuti.</s>
<s id="s8.4">Priporočeni odmerek je 32 µg/ kg telesne mase.</s>
<s id="s9.1">Pri psicah je zdravilo Gonazon indicirano tudi za preprečevanje gonadne funkcije z dolgotrajno blokado sinteze gonadotropina.</s>
<s id="s9.2">Zdravilo Gonazon se injicira podkožno v predel popka.</s>
<s id="s9.3">Implantat se lahko daje psicam od starosti štirih mesecev (povprečno trajanje blokade razmnoževalne funkcije je 12 mesecev) do 6 let (povprečno trajanje blokade razmnoževalne funkcije je 11 mesecev).</s>
<s id="s10.1">Kako zdravilo Gonazon deluje?</s>
<s id="s10.2">Zdravilo Gonazon vsebuje azagli- nafarelin, ki je analog naravnega hormona, imenovanega gonadotropin sproščajoči hormon (GnRH).</s>
<s id="s10.3">GnRH uravnava reprodukcijo pri ribah, tako da poveča izločanje gonadotropinov, ki nadzorujejo proizvodnjo iker.</s>
<s id="s11.1">Pri psicah vodi dolgotrajno dajanje večjih odmerkov agonistov GnRH do desenzibilizacije hipofize, kar povzroči zaviranje izločanja gonadotropinov, to pa vodi do supresije razmnoževalne funkcije.</s>
<s id="s12.1">Kako je bilo zdravilo Gonazon raziskano?</s>
<s id="s12.2">Pri ribah je bilo zdravilo Gonazon raziskano v okviru treh raziskav šarenke, dveh raziskav atlantskega lososa in ene raziskave jezerske zlatovčice.</s>
<s id="s12.3">Glavno merilo učinkovitosti je bila hitrost odziva na zdravljenje ter časovno napredovanje in sinhronizacija drstenja.</s>
<s id="s13.1">7 Westferry Circus, Canary Wharf, London E14 4HB, UK Tel.</s>
<s id="s13.2">(44- 20) 74 18 84 00 Fax (44- 20) 74 18 84 16 E- mail: mail@ emea. europa. eu http: // www. emea. europa. eu ©EMEA 2007 Reproduction and/ or distribution of this document is authorised for non commercial purposes only provided the EMEA is acknowledged Pri psicah so bili predloženi rezultati dveh terenskih raziskav implantatov Gonazon, pri čemer je ena preučevala enkratno uporabo, druga pa ponovljeno aplikacijo v naslednjem letu.</s>
<s id="s13.3">Psice, ki so bile zdravljene z zdravilom Gonazon, med raziskavo v splošnem niso kazale znakov gonitve v primerjavi s psicami, ki niso bile zdravljene.</s>
<s id="s13.4">Izkazana je bila dobra učinkovitost pri preprečevanju gonitve in ovulacije pri odraslih psicah do starosti 7 let v teku enega ali dveh let zdravljenja.</s>
<s id="s13.5">Na voljo so bili samo omejeni podatki o povratku estrusa, ovulacijskega estrusa in plodnosti po končanem zdravljenju (tj. ko je implantat odstranjen), še posebej pri ponovljenem zdravljenju.</s>
<s id="s14.1">Kakšne koristi je zdravilo Gonazon izkazalo med raziskavami?</s>
<s id="s14.2">Pri ribah so rezultati študij pokazali, da je bilo zdravilo Gonazon učinkovito pri indukciji in sinhronizaciji ovulacije.</s>
<s id="s14.3">V večini primerov se je učinek pokazal po 6- 11 dneh zdravljenja, ovulacija se je navadno sprožila 2- 3 tedne prej.</s>
<s id="s14.4">Uporaba zdravila Gonazon ne izboljšuje nujno razmnoževalnega učinka v obdobju drstenja, vendar pa s sinhronizacijo odlaganja iker skrajša časovno obdobje, namenjeno proizvodnji iker v fazi oči.</s>
<s id="s14.5">To optimira organizacijo ribje farme.</s>
<s id="s15.1">Pri psicah je bilo pokazano, da vstavljanje implantata Gonazon preprečuje gonitev in ovulacijo pri odraslih psicah do starosti 7 let v teku enega ali dveh let zdravljenja.</s>
<s id="s16.1">Kakšna tveganja so povezana z zdravilom Gonazon?</s>
<s id="s16.2">Pri ribah utegne biti injekcija zdravila Gonazon povezana z manjšo plodnost (ploditveno sposobnost), slabšo kakovostjo iker in slabše preživetje do faze z očmi.</s>
<s id="s16.3">V nekaterih primerih lahko to povzroči prezgodnja uporabe zdravila Gonazon v obdobju odlaganja iker.</s>
<s id="s17.1">Pri psicah zdravilo Gonazon zavira nastajanje spolnih steroidov in v redkih primerih utegne povzročiti vaginitis pri psicah pred puberteto.</s>
<s id="s18.1">Kakšne previdnostne ukrepe mora upoštevati oseba, ki daje zdravilo ali pride v stik z živaljo?</s>
<s id="s18.2">Osebe, ki dajejo zdravilo, morajo pri mešanju raztopine koncentrata ali pri rokovanju z implantatom nositi rokavice in paziti da bi ne prišlo do samoinjiciranja.</s>
<s id="s19.1">V primeru nenamernega stika s kožo ali očmi prizadeto mesto temeljito izperite z vodo.</s>
<s id="s19.2">Če pride koncentrirana ali razredčena raztopina v stik s kožo ali v oči oziroma če si implantat nenamerno injicirate, je treba nemudoma poiskati zdravniško pomoč.</s>
<s id="s19.3">Zdravniku je treba pokazati Navodila za uporabo ali nalepko.</s>
<s id="s19.4">Osebe, ki dajejo zdravilo, si morajo po uporabi zdravila umiti roke.</s>
<s id="s20.1">Zakaj je bilo zdravilo Gonazon odobreno?</s>
<s id="s20.2">Odbor za zdravila za uporabo v veterinarski medicini (CVMP) je sklenil, da so koristi zdravila Gonazon pri indukciji in sinhronizaciji ovulacije za proizvodnjo iker v fazi z očmi in ribjega zaroda večje od morebitnih tveganj.</s>
<s id="s20.3">Implantati Gonazon so učinkoviti pri preprečevanju gonadne funkcije na podlagi dolgotrajne blokade sinteze gonadotropina.</s>
<s id="s20.4">CVMP je zato priporočil, da se za zdravilo Gonazon odobri dovoljenje za promet.</s>
<s id="s20.5">Razmerje med koristmi in tveganji najdete v modulu 6 tega Evropskega javnega poročila o oceni zdravila (EPAR).</s>
<s id="s21.1">Druge informacije o zdravilu Gonazon:</s>
<s id="s21.2">Evropska komisija je dovoljenje za promet z zdravilom Gonazon, veljavno po vsej Evropski uniji, odobrila družbi Intervet International BV dne 22. julija 2003.</s>
<s id="s21.3">Implantati Gonazon so bili odobreni z vlogo za razširitev indikacije, ki jo je Evropska Komisija podelila januarja 2007.</s>
<s id="s21.4">Informacije o predpisovanju tega izdelka najdete na nalepki.</s>
<s id="s22.1">Ta povzetek je bil nazadnje posodobljen 12- 2006.</s>
<s id="s23.1">©EMEA 2007</s>
<s id="s24.1">2/ 2</s>
</body>
</letsmt>
