<?xml version="1.0" encoding="utf-8"?>
<letsmt version="1.0">
<head></head>
<body>
<s id="s1.1">European Medicines Agency Evaluation of Medicines for Human Use</s>
<s id="s2.1">London, 16 September 2008 EMEA/ CHMP/ 500252/ 2008</s>
<s id="s3.1">COMMITTEE FOR MEDICINAL PRODUCTS FOR HUMAN USE (CHMP)</s>
<s id="s4.1">OPINION FOLLOWING AN ARTICLE 30 REFERRAL FOR Remeron and associated names</s>
<s id="s5.1">International Non-Proprietary Name (INN): mirtazapine</s>
<s id="s6.1">BACKGROUND INFORMATION</s>
<s id="s7.1">Remeron and associated names, 15, 30 and 45 mg tablets, 15, 30 and 45 mg orodispersible tablets, 15 mg/ ml oral solution, is a noradrenergic and specific serotonergic antidepressant indicated for the treatment of episodes of major depression.</s>
<s id="s8.1">On 11 October 2007, N. V.</s>
<s id="s8.2">Organon presented to the EMEA a referral under Article 30 of Directive 2001/ 83/ EC, as amended, in order to harmonise the nationally authorised Summaries of Product Characteristics (SPC), Labelling and Package Leaflet, including quality aspects of the medicinal product Remeron and associated names.</s>
<s id="s9.1">The basis for referral was that there were divergences in the Summaries of Product Characteristics (SPC) including quality aspects of Remeron and associated names approved across EU Member States, with respect to treatment of major depressive episodes.</s>
<s id="s10.1">The procedure started on 15 November 2007.</s>
<s id="s10.2">The Marketing Authorisation Holder provided supplementary information on 19 March 2008</s>
<s id="s11.1">During its June 2008 meeting, the CHMP, in the light of the overall submitted data and the scientific discussion within the Committee, was of the opinion that the proposal for the harmonisation of the SPC, Labelling and Package Leaflet including the quality aspects was acceptable and that they should be amended.</s>
<s id="s12.1">The CHMP gave a positive opinion on 26 June 2008 recommending the harmonisation of the SPC, Labelling and Package Leaflet including quality aspects for Remeron and associated names.</s>
<s id="s13.1">The list of product names concerned is given in Annex I.</s>
<s id="s13.2">The scientific conclusions are provided in Annex II together with the amended SPC, Labelling and Package Leaflet in Annex III.</s>
<s id="s14.1">A Decision was issued by the European Commission on 15 September 2008.</s>
<s id="s15.1">7 Westferry Circus, Canary Wharf, London, E14 4HB, UK Tel.</s>
<s id="s15.2">(44-20) 74 18 84 00 Fax (44-20) 74 18 86 13 E-mail: mail@emea. europa. eu http: / /www. emea. europa. eu © European Medicines Agency, 2008.</s>
<s id="s15.3">Reproduction is authorised provided the source is acknowledged.</s>
</body>
</letsmt>
