<?xml version="1.0" encoding="utf-8"?>
<text>
<p id="1">
<s id="s1.1">
 <w id="w1.1.1">Številka</w> 
 <w id="w1.1.2">EU</w>       
 <w id="w1.1.3">EU/</w>
 <w id="w1.1.4">1/</w>
 <w id="w1.1.5">07/</w>
 <w id="w1.1.6">418/</w>
 <w id="w1.1.7">001</w>   
 <w id="w1.1.8">EU/</w>
 <w id="w1.1.9">1/</w>
 <w id="w1.1.10">07/</w>
 <w id="w1.1.11">418/</w>
 <w id="w1.1.12">002</w>   
 <w id="w1.1.13">EU/</w>
 <w id="w1.1.14">1/</w>
 <w id="w1.1.15">07/</w>
 <w id="w1.1.16">418/</w>
 <w id="w1.1.17">003</w>   
 <w id="w1.1.18">EU/</w>
 <w id="w1.1.19">1/</w>
 <w id="w1.1.20">07/</w>
 <w id="w1.1.21">418/</w>
 <w id="w1.1.22">004</w>   
 <w id="w1.1.23">EU/</w>
 <w id="w1.1.24">1/</w>
 <w id="w1.1.25">07/</w>
 <w id="w1.1.26">418/</w>
 <w id="w1.1.27">005</w>   
 <w id="w1.1.28">EU/</w>
 <w id="w1.1.29">1/</w>
 <w id="w1.1.30">07/</w>
 <w id="w1.1.31">418/</w>
 <w id="w1.1.32">006</w>   
 <w id="w1.1.33">EU/</w>
 <w id="w1.1.34">1/</w>
 <w id="w1.1.35">07/</w>
 <w id="w1.1.36">418/</w>
 <w id="w1.1.37">007</w>   
 <w id="w1.1.38">EU/</w>
 <w id="w1.1.39">1/</w>
 <w id="w1.1.40">07/</w>
 <w id="w1.1.41">418/</w>
 <w id="w1.1.42">008</w>   
 <w id="w1.1.43">EU/</w>
 <w id="w1.1.44">1/</w>
 <w id="w1.1.45">07/</w>
 <w id="w1.1.46">418/</w>
 <w id="w1.1.47">009</w>   
 <w id="w1.1.48">EU/</w>
 <w id="w1.1.49">1/</w>
 <w id="w1.1.50">07/</w>
 <w id="w1.1.51">418/</w>
 <w id="w1.1.52">010</w>
</s></p>

<p id="2">
<s id="s2.1">
 <w id="w2.1.1">Izmišljeno</w> 
 <w id="w2.1.2">ime</w>   
 <w id="w2.1.3">CELSENTRI</w>        
 <w id="w2.1.4">CELSENTRI</w>        
 <w id="w2.1.5">CELSENTRI</w>        
 <w id="w2.1.6">CELSENTRI</w>        
 <w id="w2.1.7">CELSENTRI</w>        
 <w id="w2.1.8">CELSENTRI</w>        
 <w id="w2.1.9">CELSENTRI</w>        
 <w id="w2.1.10">CELSENTRI</w>        
 <w id="w2.1.11">CELSENTRI</w>        
 <w id="w2.1.12">CELSENTRI</w>
</s></p>

<p id="3">
<s id="s3.1">
 <w id="w3.1.1">Jakost</w>   
 <w id="w3.1.2">150</w> 
 <w id="w3.1.3">mg</w>   
 <w id="w3.1.4">150</w> 
 <w id="w3.1.5">mg</w>   
 <w id="w3.1.6">150</w> 
 <w id="w3.1.7">mg</w>   
 <w id="w3.1.8">150</w> 
 <w id="w3.1.9">mg</w>   
 <w id="w3.1.10">150</w> 
 <w id="w3.1.11">mg</w>   
 <w id="w3.1.12">300</w> 
 <w id="w3.1.13">mg</w>   
 <w id="w3.1.14">300</w> 
 <w id="w3.1.15">mg</w>   
 <w id="w3.1.16">300</w> 
 <w id="w3.1.17">mg</w>   
 <w id="w3.1.18">300</w> 
 <w id="w3.1.19">mg</w>   
 <w id="w3.1.20">300</w> 
 <w id="w3.1.21">mg</w>
</s></p>

<p id="4">
<s id="s4.1">
 <w id="w4.1.1">Farmacevtska</w> 
 <w id="w4.1.2">oblika</w>        
 <w id="w4.1.3">Filmsko</w> 
 <w id="w4.1.4">obložena</w> 
 <w id="w4.1.5">tableta</w>   
 <w id="w4.1.6">Filmsko</w> 
 <w id="w4.1.7">obložena</w> 
 <w id="w4.1.8">tableta</w>   
 <w id="w4.1.9">Filmsko</w> 
 <w id="w4.1.10">obložena</w> 
 <w id="w4.1.11">tableta</w>   
 <w id="w4.1.12">Filmsko</w> 
 <w id="w4.1.13">obložena</w> 
 <w id="w4.1.14">tableta</w>   
 <w id="w4.1.15">Filmsko</w> 
 <w id="w4.1.16">obložena</w> 
 <w id="w4.1.17">tableta</w>   
 <w id="w4.1.18">Filmsko</w> 
 <w id="w4.1.19">obložena</w> 
 <w id="w4.1.20">tableta</w>   
 <w id="w4.1.21">Filmsko</w> 
 <w id="w4.1.22">obložena</w> 
 <w id="w4.1.23">tableta</w>   
 <w id="w4.1.24">Filmsko</w> 
 <w id="w4.1.25">obložena</w> 
 <w id="w4.1.26">tableta</w>   
 <w id="w4.1.27">Filmsko</w> 
 <w id="w4.1.28">obložena</w> 
 <w id="w4.1.29">tableta</w>   
 <w id="w4.1.30">Filmsko</w> 
 <w id="w4.1.31">obložena</w> 
 <w id="w4.1.32">tableta</w>
</s></p>

<p id="5">
<s id="s5.1">
 <w id="w5.1.1">Pot</w> 
 <w id="w5.1.2">uporabe</w>         
 <w id="w5.1.3">Peroralna</w> 
 <w id="w5.1.4">uporaba</w>   
 <w id="w5.1.5">Peroralna</w> 
 <w id="w5.1.6">uporaba</w>   
 <w id="w5.1.7">Peroralna</w> 
 <w id="w5.1.8">uporaba</w>   
 <w id="w5.1.9">Peroralna</w> 
 <w id="w5.1.10">uporaba</w>   
 <w id="w5.1.11">Peroralna</w> 
 <w id="w5.1.12">uporaba</w>   
 <w id="w5.1.13">Peroralna</w> 
 <w id="w5.1.14">uporaba</w>   
 <w id="w5.1.15">Peroralna</w> 
 <w id="w5.1.16">uporaba</w>   
 <w id="w5.1.17">Peroralna</w> 
 <w id="w5.1.18">uporaba</w>   
 <w id="w5.1.19">Peroralna</w> 
 <w id="w5.1.20">uporaba</w>   
 <w id="w5.1.21">Peroralna</w> 
 <w id="w5.1.22">uporaba</w>
</s></p>

<p id="6">
<s id="s6.1">
 <w id="w6.1.1">Pakiranje</w>                 
 <w id="w6.1.2">Plastenka</w> 
 <w id="w6.1.3">(</w>
 <w id="w6.1.4">HDPE/</w>
 <w id="w6.1.5">alu</w>
 <w id="w6.1.6">)</w>      
 <w id="w6.1.7">Pretisni</w> 
 <w id="w6.1.8">omot</w> 
 <w id="w6.1.9">(</w>
 <w id="w6.1.10">PVC/</w>
 <w id="w6.1.11">alu</w>
 <w id="w6.1.12">)</w>   
 <w id="w6.1.13">Pretisni</w> 
 <w id="w6.1.14">omot</w> 
 <w id="w6.1.15">(</w>
 <w id="w6.1.16">PVC/</w>
 <w id="w6.1.17">alu</w>
 <w id="w6.1.18">)</w>   
 <w id="w6.1.19">Pretisni</w> 
 <w id="w6.1.20">omot</w> 
 <w id="w6.1.21">(</w>
 <w id="w6.1.22">PVC/</w>
 <w id="w6.1.23">alu</w>
 <w id="w6.1.24">)</w>   
 <w id="w6.1.25">Pretisni</w> 
 <w id="w6.1.26">omot</w> 
 <w id="w6.1.27">(</w>
 <w id="w6.1.28">PVC/</w>
 <w id="w6.1.29">alu</w>
 <w id="w6.1.30">)</w>   
 <w id="w6.1.31">Plastenka</w> 
 <w id="w6.1.32">(</w>
 <w id="w6.1.33">HDPE/</w>
 <w id="w6.1.34">alu</w>
 <w id="w6.1.35">)</w>      
 <w id="w6.1.36">Pretisni</w> 
 <w id="w6.1.37">omot</w> 
 <w id="w6.1.38">(</w>
 <w id="w6.1.39">PVC/</w>
 <w id="w6.1.40">alu</w>
 <w id="w6.1.41">)</w>   
 <w id="w6.1.42">Pretisni</w> 
 <w id="w6.1.43">omot</w> 
 <w id="w6.1.44">(</w>
 <w id="w6.1.45">PVC/</w>
 <w id="w6.1.46">alu</w>
 <w id="w6.1.47">)</w>   
 <w id="w6.1.48">Pretisni</w> 
 <w id="w6.1.49">omot</w> 
 <w id="w6.1.50">(</w>
 <w id="w6.1.51">PVC/</w>
 <w id="w6.1.52">alu</w>
 <w id="w6.1.53">)</w>   
 <w id="w6.1.54">Pretisni</w> 
 <w id="w6.1.55">omot</w> 
 <w id="w6.1.56">(</w>
 <w id="w6.1.57">PVC/</w>
 <w id="w6.1.58">alu</w>
 <w id="w6.1.59">)</w>
</s></p>

<p id="7">
<s id="s7.1">
 <w id="w7.1.1">Velikost</w> 
 <w id="w7.1.2">pakiranja</w> 
 <w id="w7.1.3">180</w> 
 <w id="w7.1.4">tablet</w> 
 <w id="w7.1.5">30</w> 
 <w id="w7.1.6">tablet</w> 
 <w id="w7.1.7">60</w> 
 <w id="w7.1.8">tablet</w> 
 <w id="w7.1.9">90</w> 
 <w id="w7.1.10">tablet</w> 
 <w id="w7.1.11">180</w> 
 <w id="w7.1.12">(</w>
 <w id="w7.1.13">2x90</w>
 <w id="w7.1.14">)</w> 
 <w id="w7.1.15">tablet</w> 
 <w id="w7.1.16">180</w> 
 <w id="w7.1.17">tablet</w> 
 <w id="w7.1.18">30</w> 
 <w id="w7.1.19">tablet</w> 
 <w id="w7.1.20">60</w> 
 <w id="w7.1.21">tablet</w> 
 <w id="w7.1.22">90</w> 
 <w id="w7.1.23">tablet</w> 
 <w id="w7.1.24">180</w> 
 <w id="w7.1.25">(</w>
 <w id="w7.1.26">2x90</w>
 <w id="w7.1.27">)</w> 
 <w id="w7.1.28">tablet</w>
</s></p></text>
