<?xml version="1.0" encoding="utf-8"?>
<text>
<p id="1">
<s id="s1.1">
 <w id="w1.1.1">European</w> 
 <w id="w1.1.2">Medicines</w> 
 <w id="w1.1.3">Agency</w>
</s></p>

<p id="2">
<s id="s2.1">
 <w id="w2.1.1">EMEA/</w>
 <w id="w2.1.2">H/</w>
 <w id="w2.1.3">C/</w>
 <w id="w2.1.4">582</w>
</s></p>

<p id="3">
<s id="s3.1">
 <w id="w3.1.1">EVROPSKO</w> 
 <w id="w3.1.2">JAVNO</w> 
 <w id="w3.1.3">POROČILO</w> 
 <w id="w3.1.4">O</w> 
 <w id="w3.1.5">OCENI</w> 
 <w id="w3.1.6">ZDRAVILA</w> 
 <w id="w3.1.7">(</w>
 <w id="w3.1.8">EPAR</w>
 <w id="w3.1.9">)</w>
</s></p>

<p id="4">
<s id="s4.1">
 <w id="w4.1.1">AVASTIN</w>
</s></p>

<p id="5">
<s id="s5.1">
 <w id="w5.1.1">Povzetek</w> 
 <w id="w5.1.2">EPAR</w> 
 <w id="w5.1.3">za</w> 
 <w id="w5.1.4">javnost</w>
</s></p>

<p id="6">
<s id="s6.1">
 <w id="w6.1.1">Ta</w> 
 <w id="w6.1.2">dokument</w> 
 <w id="w6.1.3">je</w> 
 <w id="w6.1.4">povzetek</w> 
 <w id="w6.1.5">Evropskega</w> 
 <w id="w6.1.6">javnega</w> 
 <w id="w6.1.7">poročila</w> 
 <w id="w6.1.8">o</w> 
 <w id="w6.1.9">oceni</w> 
 <w id="w6.1.10">zdravila</w> 
 <w id="w6.1.11">(</w>
 <w id="w6.1.12">EPAR</w>
 <w id="w6.1.13">)</w>
 <w id="w6.1.14">.</w>
</s> 
 
<s id="s6.2">
 <w id="w6.2.1">Pojasnjuje</w>
 <w id="w6.2.2">,</w> 
 <w id="w6.2.3">kako</w> 
 <w id="w6.2.4">je</w> 
 <w id="w6.2.5">Odbor</w> 
 <w id="w6.2.6">za</w> 
 <w id="w6.2.7">zdravila</w> 
 <w id="w6.2.8">za</w> 
 <w id="w6.2.9">uporabo</w> 
 <w id="w6.2.10">v</w> 
 <w id="w6.2.11">humani</w> 
 <w id="w6.2.12">medicini</w> 
 <w id="w6.2.13">(</w>
 <w id="w6.2.14">CHMP</w>
 <w id="w6.2.15">)</w> 
 <w id="w6.2.16">ocenil</w> 
 <w id="w6.2.17">opravljene</w> 
 <w id="w6.2.18">študije</w>
 <w id="w6.2.19">,</w> 
 <w id="w6.2.20">na</w> 
 <w id="w6.2.21">podlagi</w> 
 <w id="w6.2.22">katerih</w> 
 <w id="w6.2.23">je</w> 
 <w id="w6.2.24">oblikoval</w> 
 <w id="w6.2.25">priporočila</w> 
 <w id="w6.2.26">glede</w> 
 <w id="w6.2.27">uporabe</w> 
 <w id="w6.2.28">zdravila</w>
 <w id="w6.2.29">.</w>
</s> 
 
<s id="s6.3">
 <w id="w6.3.1">Če</w> 
 <w id="w6.3.2">potrebujete</w> 
 <w id="w6.3.3">več</w> 
 <w id="w6.3.4">podatkov</w> 
 <w id="w6.3.5">o</w> 
 <w id="w6.3.6">vašem</w> 
 <w id="w6.3.7">zdravstvenem</w> 
 <w id="w6.3.8">stanju</w> 
 <w id="w6.3.9">ali</w> 
 <w id="w6.3.10">zdravljenju</w>
 <w id="w6.3.11">,</w> 
 <w id="w6.3.12">preberite</w> 
 <w id="w6.3.13">Navodilo</w> 
 <w id="w6.3.14">za</w> 
 <w id="w6.3.15">uporabo</w> 
 <w id="w6.3.16">(</w>
 <w id="w6.3.17">ki</w> 
 <w id="w6.3.18">je</w> 
 <w id="w6.3.19">prav</w> 
 <w id="w6.3.20">tako</w> 
 <w id="w6.3.21">del</w> 
 <w id="w6.3.22">EPAR</w>
 <w id="w6.3.23">)</w>
 <w id="w6.3.24">,</w> 
 <w id="w6.3.25">ali</w> 
 <w id="w6.3.26">pa</w> 
 <w id="w6.3.27">se</w> 
 <w id="w6.3.28">posvetujte</w> 
 <w id="w6.3.29">s</w> 
 <w id="w6.3.30">svojim</w> 
 <w id="w6.3.31">zdravnikom</w> 
 <w id="w6.3.32">ali</w> 
 <w id="w6.3.33">s</w> 
 <w id="w6.3.34">farmacevtom</w>
 <w id="w6.3.35">.</w>
</s> 
 
<s id="s6.4">
 <w id="w6.4.1">Če</w> 
 <w id="w6.4.2">želite</w> 
 <w id="w6.4.3">več</w> 
 <w id="w6.4.4">informacij</w>
 <w id="w6.4.5">,</w> 
 <w id="w6.4.6">ki</w> 
 <w id="w6.4.7">temeljijo</w> 
 <w id="w6.4.8">na</w> 
 <w id="w6.4.9">priporočilih</w> 
 <w id="w6.4.10">CHMP</w>
 <w id="w6.4.11">,</w> 
 <w id="w6.4.12">preberite</w> 
 <w id="w6.4.13">znanstveno</w> 
 <w id="w6.4.14">razpravo</w> 
 <w id="w6.4.15">(</w>
 <w id="w6.4.16">ki</w> 
 <w id="w6.4.17">je</w> 
 <w id="w6.4.18">prav</w> 
 <w id="w6.4.19">tako</w> 
 <w id="w6.4.20">del</w> 
 <w id="w6.4.21">EPAR</w>
 <w id="w6.4.22">)</w>
 <w id="w6.4.23">.</w>
</s></p>

<p id="7">
<s id="s7.1">
 <w id="w7.1.1">Kaj</w> 
 <w id="w7.1.2">je</w> 
 <w id="w7.1.3">zdravilo</w> 
 <w id="w7.1.4">Avastin</w>
 <w id="w7.1.5">?</w>
</s> 
 
<s id="s7.2">
 <w id="w7.2.1">Zdravilo</w> 
 <w id="w7.2.2">Avastin</w> 
 <w id="w7.2.3">je</w> 
 <w id="w7.2.4">koncentrat</w> 
 <w id="w7.2.5">za</w> 
 <w id="w7.2.6">pripravo</w> 
 <w id="w7.2.7">raztopine</w> 
 <w id="w7.2.8">za</w> 
 <w id="w7.2.9">infundiranje</w> 
 <w id="w7.2.10">(</w>
 <w id="w7.2.11">kapalna</w> 
 <w id="w7.2.12">infuzija</w> 
 <w id="w7.2.13">v</w> 
 <w id="w7.2.14">veno</w>
 <w id="w7.2.15">)</w>
 <w id="w7.2.16">.</w>
</s> 
 
<s id="s7.3">
 <w id="w7.3.1">Vsebuje</w> 
 <w id="w7.3.2">zdravilno</w> 
 <w id="w7.3.3">učinkovino</w> 
 <w id="w7.3.4">bevacizumab</w>
 <w id="w7.3.5">.</w>
</s></p>

<p id="8">
<s id="s8.1">
 <w id="w8.1.1">Za</w> 
 <w id="w8.1.2">kaj</w> 
 <w id="w8.1.3">se</w> 
 <w id="w8.1.4">zdravilo</w> 
 <w id="w8.1.5">Avastin</w> 
 <w id="w8.1.6">uporablja</w>
 <w id="w8.1.7">?</w>
</s> 
 
<s id="s8.2">
 <w id="w8.2.1">Zdravilo</w> 
 <w id="w8.2.2">Avastin</w> 
 <w id="w8.2.3">se</w> 
 <w id="w8.2.4">uporablja</w> 
 <w id="w8.2.5">skupaj</w> 
 <w id="w8.2.6">z</w> 
 <w id="w8.2.7">drugimi</w> 
 <w id="w8.2.8">zdravili</w> 
 <w id="w8.2.9">proti</w> 
 <w id="w8.2.10">raku</w> 
 <w id="w8.2.11">za</w> 
 <w id="w8.2.12">zdravljenje</w>
 <w id="w8.2.13">:</w> 
 <w id="w8.2.14">•</w> 
 <w id="w8.2.15">metastatskega</w> 
 <w id="w8.2.16">raka</w> 
 <w id="w8.2.17">kolona</w> 
 <w id="w8.2.18">(</w>
 <w id="w8.2.19">dela</w> 
 <w id="w8.2.20">debelega</w> 
 <w id="w8.2.21">črevesa</w>
 <w id="w8.2.22">)</w> 
 <w id="w8.2.23">ali</w> 
 <w id="w8.2.24">danke</w> 
 <w id="w8.2.25">v</w> 
 <w id="w8.2.26">kombinaciji</w> 
 <w id="w8.2.27">s</w> 
 <w id="w8.2.28">kemoterapijo</w>     
 <w id="w8.2.29">(</w>
 <w id="w8.2.30">zdravili</w> 
 <w id="w8.2.31">proti</w> 
 <w id="w8.2.32">raku</w>
 <w id="w8.2.33">)</w>
 <w id="w8.2.34">,</w> 
 <w id="w8.2.35">ki</w> 
 <w id="w8.2.36">vključuje</w> 
 <w id="w8.2.37">„</w>
 <w id="w8.2.38">fluoropirimidin</w>
 <w id="w8.2.39">“</w> 
 <w id="w8.2.40">(</w>
 <w id="w8.2.41">kot</w> 
 <w id="w8.2.42">je</w> 
 <w id="w8.2.43">5-</w>
 <w id="w8.2.44">fluoroacil</w>
 <w id="w8.2.45">)</w>
 <w id="w8.2.46">.</w>
</s> 
 
<s id="s8.3">
 <w id="w8.3.1">„</w>
 <w id="w8.3.2">Metastatski</w>
 <w id="w8.3.3">“</w> 
 <w id="w8.3.4">pomeni</w>
 <w id="w8.3.5">,</w> 
 <w id="w8.3.6">da</w>     
 <w id="w8.3.7">se</w> 
 <w id="w8.3.8">je</w> 
 <w id="w8.3.9">rakavo</w> 
 <w id="w8.3.10">obolenje</w> 
 <w id="w8.3.11">razširilo</w> 
 <w id="w8.3.12">na</w> 
 <w id="w8.3.13">druge</w> 
 <w id="w8.3.14">dele</w> 
 <w id="w8.3.15">telesa</w>
 <w id="w8.3.16">;</w> 
 <w id="w8.3.17">•</w> 
 <w id="w8.3.18">metastatskega</w> 
 <w id="w8.3.19">raka</w> 
 <w id="w8.3.20">dojk</w> 
 <w id="w8.3.21">v</w> 
 <w id="w8.3.22">kombinaciji</w> 
 <w id="w8.3.23">s</w> 
 <w id="w8.3.24">paklitakselom</w>
 <w id="w8.3.25">;</w> 
 <w id="w8.3.26">•</w> 
 <w id="w8.3.27">napredovalega</w>
 <w id="w8.3.28">,</w> 
 <w id="w8.3.29">metastatskega</w> 
 <w id="w8.3.30">ali</w> 
 <w id="w8.3.31">ponavljajočega</w> 
 <w id="w8.3.32">se</w> 
 <w id="w8.3.33">nedrobnoceličnega</w> 
 <w id="w8.3.34">raka</w> 
 <w id="w8.3.35">pljuč</w>
 <w id="w8.3.36">,</w> 
 <w id="w8.3.37">ki</w> 
 <w id="w8.3.38">ga</w> 
 <w id="w8.3.39">ni</w>     
 <w id="w8.3.40">mogoče</w> 
 <w id="w8.3.41">operirati</w> 
 <w id="w8.3.42">(</w>
 <w id="w8.3.43">ga</w> 
 <w id="w8.3.44">ni</w> 
 <w id="w8.3.45">mogoče</w> 
 <w id="w8.3.46">odstraniti</w> 
 <w id="w8.3.47">samo</w> 
 <w id="w8.3.48">s</w> 
 <w id="w8.3.49">kirurškim</w> 
 <w id="w8.3.50">posegom</w>
 <w id="w8.3.51">)</w>
 <w id="w8.3.52">,</w> 
 <w id="w8.3.53">pri</w> 
 <w id="w8.3.54">bolnikih</w>
 <w id="w8.3.55">,</w> 
 <w id="w8.3.56">katerih</w>     
 <w id="w8.3.57">rakave</w> 
 <w id="w8.3.58">celice</w> 
 <w id="w8.3.59">niso</w> 
 <w id="w8.3.60">„</w>
 <w id="w8.3.61">skvamoznega</w>
 <w id="w8.3.62">“</w> 
 <w id="w8.3.63">oziroma</w> 
 <w id="w8.3.64">ploščatega</w> 
 <w id="w8.3.65">tipa</w>
 <w id="w8.3.66">,</w> 
 <w id="w8.3.67">v</w> 
 <w id="w8.3.68">kombinaciji</w> 
 <w id="w8.3.69">s</w> 
 <w id="w8.3.70">kemoterapijo</w>
 <w id="w8.3.71">,</w> 
 <w id="w8.3.72">ki</w>     
 <w id="w8.3.73">vključuje</w> 
 <w id="w8.3.74">zdravilo</w> 
 <w id="w8.3.75">„</w>
 <w id="w8.3.76">na</w> 
 <w id="w8.3.77">osnovi</w> 
 <w id="w8.3.78">platine</w>
 <w id="w8.3.79">“</w>
 <w id="w8.3.80">;</w> 
 <w id="w8.3.81">•</w> 
 <w id="w8.3.82">napredovalega</w> 
 <w id="w8.3.83">ali</w> 
 <w id="w8.3.84">metastatskega</w> 
 <w id="w8.3.85">raka</w> 
 <w id="w8.3.86">ledvic</w> 
 <w id="w8.3.87">v</w> 
 <w id="w8.3.88">kombinaciji</w> 
 <w id="w8.3.89">z</w> 
 <w id="w8.3.90">interferonom</w> 
 <w id="w8.3.91">alfa-</w>
 <w id="w8.3.92">2a</w>
 <w id="w8.3.93">.</w>
</s> 
 
<s id="s8.4">
 <w id="w8.4.1">Zdravilo</w> 
 <w id="w8.4.2">se</w> 
 <w id="w8.4.3">dobi</w> 
 <w id="w8.4.4">samo</w> 
 <w id="w8.4.5">na</w> 
 <w id="w8.4.6">recept</w>
 <w id="w8.4.7">.</w>
</s></p>

<p id="9">
<s id="s9.1">
 <w id="w9.1.1">Kako</w> 
 <w id="w9.1.2">se</w> 
 <w id="w9.1.3">zdravilo</w> 
 <w id="w9.1.4">Avastin</w> 
 <w id="w9.1.5">uporablja</w>
 <w id="w9.1.6">?</w>
</s> 
 
<s id="s9.2">
 <w id="w9.2.1">Zdravljenje</w> 
 <w id="w9.2.2">z</w> 
 <w id="w9.2.3">zdravilom</w> 
 <w id="w9.2.4">Avastin</w> 
 <w id="w9.2.5">mora</w> 
 <w id="w9.2.6">nadzorovati</w> 
 <w id="w9.2.7">zdravnik</w>
 <w id="w9.2.8">,</w> 
 <w id="w9.2.9">ki</w> 
 <w id="w9.2.10">ima</w> 
 <w id="w9.2.11">izkušnje</w> 
 <w id="w9.2.12">z</w> 
 <w id="w9.2.13">uporabo</w> 
 <w id="w9.2.14">zdravil</w> 
 <w id="w9.2.15">za</w> 
 <w id="w9.2.16">zdravljenje</w> 
 <w id="w9.2.17">rakavih</w> 
 <w id="w9.2.18">obolenj</w>
 <w id="w9.2.19">.</w>
</s> 
 
<s id="s9.3">
 <w id="w9.3.1">Zdravilo</w> 
 <w id="w9.3.2">Avastin</w> 
 <w id="w9.3.3">se</w> 
 <w id="w9.3.4">daje</w> 
 <w id="w9.3.5">kot</w> 
 <w id="w9.3.6">intravenska</w> 
 <w id="w9.3.7">infuzija</w>
 <w id="w9.3.8">.</w>
</s> 
 
<s id="s9.4">
 <w id="w9.4.1">Z</w> 
 <w id="w9.4.2">zdravljenjem</w> 
 <w id="w9.4.3">je</w> 
 <w id="w9.4.4">treba</w> 
 <w id="w9.4.5">nadaljevati</w> 
 <w id="w9.4.6">do</w> 
 <w id="w9.4.7">napredovanja</w> 
 <w id="w9.4.8">bolezni</w>
 <w id="w9.4.9">.</w>
</s> 
 
<s id="s9.5">
 <w id="w9.5.1">Prva</w> 
 <w id="w9.5.2">infuzija</w> 
 <w id="w9.5.3">naj</w> 
 <w id="w9.5.4">traja</w> 
 <w id="w9.5.5">90</w> 
 <w id="w9.5.6">minut</w>
 <w id="w9.5.7">,</w> 
 <w id="w9.5.8">poznejše</w> 
 <w id="w9.5.9">infuzije</w> 
 <w id="w9.5.10">pa</w> 
 <w id="w9.5.11">so</w> 
 <w id="w9.5.12">lahko</w> 
 <w id="w9.5.13">časovno</w> 
 <w id="w9.5.14">krajše</w>
 <w id="w9.5.15">,</w> 
 <w id="w9.5.16">če</w> 
 <w id="w9.5.17">je</w> 
 <w id="w9.5.18">bolnik</w> 
 <w id="w9.5.19">prvo</w> 
 <w id="w9.5.20">infuzijo</w> 
 <w id="w9.5.21">dobro</w> 
 <w id="w9.5.22">prenesel</w>
 <w id="w9.5.23">.</w>
</s> 
 
<s id="s9.6">
 <w id="w9.6.1">Odmerek</w> 
 <w id="w9.6.2">zdravila</w> 
 <w id="w9.6.3">znaša</w> 
 <w id="w9.6.4">med</w> 
 <w id="w9.6.5">5</w> 
 <w id="w9.6.6">in</w> 
 <w id="w9.6.7">15</w> 
 <w id="w9.6.8">mg</w> 
 <w id="w9.6.9">na</w> 
 <w id="w9.6.10">kilogram</w> 
 <w id="w9.6.11">telesne</w> 
 <w id="w9.6.12">mase</w> 
 <w id="w9.6.13">vsaka</w> 
 <w id="w9.6.14">dva</w> 
 <w id="w9.6.15">do</w> 
 <w id="w9.6.16">tri</w> 
 <w id="w9.6.17">tedne</w>
 <w id="w9.6.18">,</w> 
 <w id="w9.6.19">odvisno</w> 
 <w id="w9.6.20">od</w> 
 <w id="w9.6.21">vrste</w> 
 <w id="w9.6.22">rakavega</w> 
 <w id="w9.6.23">obolenja</w>
 <w id="w9.6.24">,</w> 
 <w id="w9.6.25">ki</w> 
 <w id="w9.6.26">se</w> 
 <w id="w9.6.27">ga</w> 
 <w id="w9.6.28">zdravi</w>
 <w id="w9.6.29">.</w>
</s> 
 
<s id="s9.7">
 <w id="w9.7.1">Za</w> 
 <w id="w9.7.2">več</w> 
 <w id="w9.7.3">informacij</w> 
 <w id="w9.7.4">glejte</w> 
 <w id="w9.7.5">Povzetek</w> 
 <w id="w9.7.6">glavnih</w> 
 <w id="w9.7.7">značilnosti</w> 
 <w id="w9.7.8">zdravila</w> 
 <w id="w9.7.9">(</w>
 <w id="w9.7.10">ki</w> 
 <w id="w9.7.11">je</w> 
 <w id="w9.7.12">prav</w> 
 <w id="w9.7.13">tako</w> 
 <w id="w9.7.14">del</w> 
 <w id="w9.7.15">EPAR</w>
 <w id="w9.7.16">)</w>
 <w id="w9.7.17">.</w>
</s></p>

<p id="10">
<s id="s10.1">
 <w id="w10.1.1">Kako</w> 
 <w id="w10.1.2">zdravilo</w> 
 <w id="w10.1.3">Avastin</w> 
 <w id="w10.1.4">deluje</w>
 <w id="w10.1.5">?</w>
</s> 
 
<s id="s10.2">
 <w id="w10.2.1">Zdravilna</w> 
 <w id="w10.2.2">učinkovina</w> 
 <w id="w10.2.3">v</w> 
 <w id="w10.2.4">zdravilu</w> 
 <w id="w10.2.5">Avastin</w>
 <w id="w10.2.6">,</w> 
 <w id="w10.2.7">bevacizumab</w>
 <w id="w10.2.8">,</w> 
 <w id="w10.2.9">je</w> 
 <w id="w10.2.10">monoklonsko</w> 
 <w id="w10.2.11">protitelo</w>
 <w id="w10.2.12">.</w>
</s> 
 
<s id="s10.3">
 <w id="w10.3.1">Monoklonsko</w> 
 <w id="w10.3.2">protitelo</w> 
 <w id="w10.3.3">je</w> 
 <w id="w10.3.4">protitelo</w> 
 <w id="w10.3.5">(</w>
 <w id="w10.3.6">vrsta</w> 
 <w id="w10.3.7">beljakovine</w>
 <w id="w10.3.8">)</w>
 <w id="w10.3.9">,</w> 
 <w id="w10.3.10">ki</w> 
 <w id="w10.3.11">je</w> 
 <w id="w10.3.12">bilo</w> 
 <w id="w10.3.13">zasnovano</w> 
 <w id="w10.3.14">tako</w>
 <w id="w10.3.15">,</w> 
 <w id="w10.3.16">da</w> 
 <w id="w10.3.17">prepozna</w> 
 <w id="w10.3.18">in</w> 
 <w id="w10.3.19">se</w> 
 <w id="w10.3.20">veže</w> 
 <w id="w10.3.21">na</w> 
 <w id="w10.3.22">specifično</w> 
 <w id="w10.3.23">strukturo</w> 
 <w id="w10.3.24">(</w>
 <w id="w10.3.25">imenovano</w> 
 <w id="w10.3.26">antigen</w>
 <w id="w10.3.27">)</w>
 <w id="w10.3.28">,</w> 
 <w id="w10.3.29">ki</w> 
 <w id="w10.3.30">se</w> 
 <w id="w10.3.31">nahaja</w> 
 <w id="w10.3.32">na</w> 
 <w id="w10.3.33">določenih</w> 
 <w id="w10.3.34">celicah</w> 
 <w id="w10.3.35">v</w> 
 <w id="w10.3.36">telesu</w> 
 <w id="w10.3.37">ali</w> 
 <w id="w10.3.38">pa</w> 
 <w id="w10.3.39">kroži</w> 
 <w id="w10.3.40">po</w> 
 <w id="w10.3.41">telesu</w>
 <w id="w10.3.42">.</w>
</s> 
 
<s id="s10.4">
 <w id="w10.4.1">Bevacizumab</w> 
 <w id="w10.4.2">je</w> 
 <w id="w10.4.3">bil</w> 
 <w id="w10.4.4">zasnovan</w> 
 <w id="w10.4.5">tako</w>
 <w id="w10.4.6">,</w> 
 <w id="w10.4.7">da</w> 
 <w id="w10.4.8">se</w> 
 <w id="w10.4.9">veže</w> 
 <w id="w10.4.10">na</w> 
 <w id="w10.4.11">endotelijski</w> 
 <w id="w10.4.12">rastni</w> 
 <w id="w10.4.13">faktor</w> 
 <w id="w10.4.14">v</w> 
 <w id="w10.4.15">žilah</w> 
 <w id="w10.4.16">(</w>
 <w id="w10.4.17">VEGF</w>
 <w id="w10.4.18">)</w>
 <w id="w10.4.19">.</w>
</s> 
 
<s id="s10.5">
 <w id="w10.5.1">VEGF</w> 
 <w id="w10.5.2">je</w> 
 <w id="w10.5.3">faktor</w>
 <w id="w10.5.4">,</w> 
 <w id="w10.5.5">ki</w> 
 <w id="w10.5.6">kroži</w> 
 <w id="w10.5.7">po</w> 
 <w id="w10.5.8">krvi</w> 
 <w id="w10.5.9">in</w> 
 <w id="w10.5.10">omogoča</w> 
 <w id="w10.5.11">rast</w> 
 <w id="w10.5.12">krvnih</w> 
 <w id="w10.5.13">žil</w>
 <w id="w10.5.14">.</w>
</s> 
 
<s id="s10.6">
 <w id="w10.6.1">Z</w> 
 <w id="w10.6.2">vezavo</w> 
 <w id="w10.6.3">na</w> 
 <w id="w10.6.4">VEGF</w> 
 <w id="w10.6.5">zdravilo</w> 
 <w id="w10.6.6">Avastin</w>                               
 <w id="w10.6.7">7</w> 
 <w id="w10.6.8">Westferry</w> 
 <w id="w10.6.9">Circus</w>
 <w id="w10.6.10">,</w> 
 <w id="w10.6.11">Canary</w> 
 <w id="w10.6.12">Wharf</w>
 <w id="w10.6.13">,</w> 
 <w id="w10.6.14">London</w> 
 <w id="w10.6.15">E14</w> 
 <w id="w10.6.16">4HB</w>
 <w id="w10.6.17">,</w> 
 <w id="w10.6.18">UK</w>                                   
 <w id="w10.6.19">Tel</w>
 <w id="w10.6.20">.</w>
</s> 
 
<s id="s10.7">
 <w id="w10.7.1">(</w>
 <w id="w10.7.2">44-</w>
 <w id="w10.7.3">20</w>
 <w id="w10.7.4">)</w> 
 <w id="w10.7.5">74</w> 
 <w id="w10.7.6">18</w> 
 <w id="w10.7.7">84</w> 
 <w id="w10.7.8">00</w> 
 <w id="w10.7.9">Fax</w> 
 <w id="w10.7.10">(</w>
 <w id="w10.7.11">44-</w>
 <w id="w10.7.12">20</w>
 <w id="w10.7.13">)</w> 
 <w id="w10.7.14">74</w> 
 <w id="w10.7.15">18</w> 
 <w id="w10.7.16">84</w> 
 <w id="w10.7.17">16</w>                              
 <w id="w10.7.18">E-</w>
 <w id="w10.7.19">mail</w>
 <w id="w10.7.20">:</w> 
 <w id="w10.7.21">mail@</w>
 <w id="w10.7.22">emea.</w>
 <w id="w10.7.23">europa.</w>
 <w id="w10.7.24">eu</w> 
 <w id="w10.7.25">http</w>
 <w id="w10.7.26">:</w>
 <w id="w10.7.27">//</w>
 <w id="w10.7.28">www.</w>
 <w id="w10.7.29">emea.</w>
 <w id="w10.7.30">europa.</w>
 <w id="w10.7.31">eu</w>
</s></p>

<p id="11">
<s id="s11.1">
 <w id="w11.1.1">©</w> 
 <w id="w11.1.2">European</w> 
 <w id="w11.1.3">Medicines</w> 
 <w id="w11.1.4">Agency</w>
 <w id="w11.1.5">,</w> 
 <w id="w11.1.6">2008</w>
 <w id="w11.1.7">.</w>
</s> 
 
<s id="s11.2">
 <w id="w11.2.1">Reproduction</w> 
 <w id="w11.2.2">is</w> 
 <w id="w11.2.3">authorised</w> 
 <w id="w11.2.4">provided</w> 
 <w id="w11.2.5">the</w> 
 <w id="w11.2.6">source</w> 
 <w id="w11.2.7">is</w> 
 <w id="w11.2.8">acknowledged</w>
 <w id="w11.2.9">.</w> 
 <w id="w11.2.10">zaustavi</w> 
 <w id="w11.2.11">njegovo</w> 
 <w id="w11.2.12">delovanje</w>
 <w id="w11.2.13">.</w>
</s> 
 
<s id="s11.3">
 <w id="w11.3.1">Posledica</w> 
 <w id="w11.3.2">tega</w> 
 <w id="w11.3.3">je</w>
 <w id="w11.3.4">,</w> 
 <w id="w11.3.5">da</w> 
 <w id="w11.3.6">rakave</w> 
 <w id="w11.3.7">celice</w> 
 <w id="w11.3.8">ne</w> 
 <w id="w11.3.9">morejo</w> 
 <w id="w11.3.10">razviti</w> 
 <w id="w11.3.11">svoje</w> 
 <w id="w11.3.12">lastne</w> 
 <w id="w11.3.13">oskrbe</w> 
 <w id="w11.3.14">s</w> 
 <w id="w11.3.15">krvjo</w>
 <w id="w11.3.16">,</w> 
 <w id="w11.3.17">dobivajo</w> 
 <w id="w11.3.18">premalo</w> 
 <w id="w11.3.19">kisika</w> 
 <w id="w11.3.20">in</w> 
 <w id="w11.3.21">hranil</w>
 <w id="w11.3.22">,</w> 
 <w id="w11.3.23">to</w> 
 <w id="w11.3.24">pa</w> 
 <w id="w11.3.25">pripomore</w> 
 <w id="w11.3.26">k</w> 
 <w id="w11.3.27">upočasnitvi</w> 
 <w id="w11.3.28">rasti</w> 
 <w id="w11.3.29">tumorjev</w>
 <w id="w11.3.30">.</w>
</s></p>

<p id="12">
<s id="s12.1">
 <w id="w12.1.1">Kako</w> 
 <w id="w12.1.2">je</w> 
 <w id="w12.1.3">bilo</w> 
 <w id="w12.1.4">zdravilo</w> 
 <w id="w12.1.5">Avastin</w> 
 <w id="w12.1.6">raziskano</w>
 <w id="w12.1.7">?</w>
</s> 
 
<s id="s12.2">
 <w id="w12.2.1">Pri</w> 
 <w id="w12.2.2">raku</w> 
 <w id="w12.2.3">kolona</w> 
 <w id="w12.2.4">ali</w> 
 <w id="w12.2.5">danke</w> 
 <w id="w12.2.6">so</w> 
 <w id="w12.2.7">učinke</w> 
 <w id="w12.2.8">dodajanja</w> 
 <w id="w12.2.9">zdravila</w> 
 <w id="w12.2.10">Avastin</w> 
 <w id="w12.2.11">h</w> 
 <w id="w12.2.12">kombinacijam</w> 
 <w id="w12.2.13">zdravil</w> 
 <w id="w12.2.14">proti</w> 
 <w id="w12.2.15">raku</w>
 <w id="w12.2.16">,</w> 
 <w id="w12.2.17">vključno</w> 
 <w id="w12.2.18">s</w> 
 <w id="w12.2.19">fluoropirimidinom</w>
 <w id="w12.2.20">,</w> 
 <w id="w12.2.21">preučevali</w> 
 <w id="w12.2.22">v</w> 
 <w id="w12.2.23">treh</w> 
 <w id="w12.2.24">glavnih</w> 
 <w id="w12.2.25">študijah</w>
 <w id="w12.2.26">.</w>
</s> 
 
<s id="s12.3">
 <w id="w12.3.1">V</w> 
 <w id="w12.3.2">prvi</w> 
 <w id="w12.3.3">dve</w> 
 <w id="w12.3.4">študiji</w> 
 <w id="w12.3.5">so</w> 
 <w id="w12.3.6">bili</w> 
 <w id="w12.3.7">vključeni</w> 
 <w id="w12.3.8">bolniki</w>
 <w id="w12.3.9">,</w> 
 <w id="w12.3.10">katerih</w> 
 <w id="w12.3.11">metastatska</w> 
 <w id="w12.3.12">bolezen</w> 
 <w id="w12.3.13">se</w> 
 <w id="w12.3.14">je</w> 
 <w id="w12.3.15">zdravila</w> 
 <w id="w12.3.16">prvič</w> 
 <w id="w12.3.17">(</w>
 <w id="w12.3.18">„</w>
 <w id="w12.3.19">prva</w> 
 <w id="w12.3.20">izbira</w>
 <w id="w12.3.21">“</w> 
 <w id="w12.3.22">zdravljenja</w>
 <w id="w12.3.23">)</w>
 <w id="w12.3.24">:</w> 
 <w id="w12.3.25">v</w> 
 <w id="w12.3.26">prvi</w> 
 <w id="w12.3.27">študiji</w> 
 <w id="w12.3.28">(</w>
 <w id="w12.3.29">923</w> 
 <w id="w12.3.30">bolnikov</w>
 <w id="w12.3.31">)</w> 
 <w id="w12.3.32">so</w> 
 <w id="w12.3.33">primerjali</w> 
 <w id="w12.3.34">kemoterapijo</w> 
 <w id="w12.3.35">z</w> 
 <w id="w12.3.36">zdravilom</w> 
 <w id="w12.3.37">Avastin</w> 
 <w id="w12.3.38">in</w> 
 <w id="w12.3.39">brez</w> 
 <w id="w12.3.40">njega</w>
 <w id="w12.3.41">,</w> 
 <w id="w12.3.42">v</w> 
 <w id="w12.3.43">drugi</w> 
 <w id="w12.3.44">študiji</w> 
 <w id="w12.3.45">(</w>
 <w id="w12.3.46">1401</w> 
 <w id="w12.3.47">bolnik</w>
 <w id="w12.3.48">)</w> 
 <w id="w12.3.49">pa</w> 
 <w id="w12.3.50">so</w> 
 <w id="w12.3.51">primerjali</w> 
 <w id="w12.3.52">dodajanje</w> 
 <w id="w12.3.53">zdravila</w> 
 <w id="w12.3.54">Avastin</w> 
 <w id="w12.3.55">z</w> 
 <w id="w12.3.56">dodajanjem</w> 
 <w id="w12.3.57">placeba</w> 
 <w id="w12.3.58">(</w>
 <w id="w12.3.59">zdravljenje</w> 
 <w id="w12.3.60">brez</w> 
 <w id="w12.3.61">zdravilne</w> 
 <w id="w12.3.62">učinkovine</w>
 <w id="w12.3.63">)</w>
 <w id="w12.3.64">.</w>
</s> 
 
<s id="s12.4">
 <w id="w12.4.1">V</w> 
 <w id="w12.4.2">tretjo</w> 
 <w id="w12.4.3">študijo</w> 
 <w id="w12.4.4">je</w> 
 <w id="w12.4.5">bilo</w> 
 <w id="w12.4.6">vključenih</w> 
 <w id="w12.4.7">829</w> 
 <w id="w12.4.8">bolnikov</w>
 <w id="w12.4.9">,</w> 
 <w id="w12.4.10">pri</w> 
 <w id="w12.4.11">katerih</w> 
 <w id="w12.4.12">predhodno</w> 
 <w id="w12.4.13">zdravljenje</w> 
 <w id="w12.4.14">ni</w> 
 <w id="w12.4.15">bilo</w> 
 <w id="w12.4.16">uspešno</w>
 <w id="w12.4.17">,</w> 
 <w id="w12.4.18">vključno</w> 
 <w id="w12.4.19">s</w> 
 <w id="w12.4.20">fluoropirimidinom</w> 
 <w id="w12.4.21">in</w> 
 <w id="w12.4.22">irinotekanom</w> 
 <w id="w12.4.23">(</w>
 <w id="w12.4.24">drugo</w> 
 <w id="w12.4.25">zdravilo</w> 
 <w id="w12.4.26">proti</w> 
 <w id="w12.4.27">raku</w>
 <w id="w12.4.28">)</w>
 <w id="w12.4.29">.</w>
</s> 
 
<s id="s12.5">
 <w id="w12.5.1">Pri</w> 
 <w id="w12.5.2">raku</w> 
 <w id="w12.5.3">dojk</w> 
 <w id="w12.5.4">so</w> 
 <w id="w12.5.5">zdravilo</w> 
 <w id="w12.5.6">Avastin</w> 
 <w id="w12.5.7">preučevali</w> 
 <w id="w12.5.8">pri</w> 
 <w id="w12.5.9">722</w> 
 <w id="w12.5.10">bolnicah</w>
 <w id="w12.5.11">.</w>
</s> 
 
<s id="s12.6">
 <w id="w12.6.1">V</w> 
 <w id="w12.6.2">študiji</w> 
 <w id="w12.6.3">so</w> 
 <w id="w12.6.4">preverjali</w> 
 <w id="w12.6.5">učinkovitost</w> 
 <w id="w12.6.6">dodajanja</w> 
 <w id="w12.6.7">zdravila</w> 
 <w id="w12.6.8">Avastin</w> 
 <w id="w12.6.9">zdravljenju</w> 
 <w id="w12.6.10">s</w> 
 <w id="w12.6.11">paklitakselom</w>
 <w id="w12.6.12">.</w>
</s> 
 
<s id="s12.7">
 <w id="w12.7.1">Pri</w> 
 <w id="w12.7.2">pljučnem</w> 
 <w id="w12.7.3">raku</w> 
 <w id="w12.7.4">so</w> 
 <w id="w12.7.5">zdravilo</w> 
 <w id="w12.7.6">Avastin</w> 
 <w id="w12.7.7">preučevali</w> 
 <w id="w12.7.8">pri</w> 
 <w id="w12.7.9">878</w> 
 <w id="w12.7.10">bolnikih</w>
 <w id="w12.7.11">.</w>
</s> 
 
<s id="s12.8">
 <w id="w12.8.1">V</w> 
 <w id="w12.8.2">študiji</w> 
 <w id="w12.8.3">so</w> 
 <w id="w12.8.4">primerjali</w> 
 <w id="w12.8.5">učinkovitost</w> 
 <w id="w12.8.6">kombinacije</w> 
 <w id="w12.8.7">zdravila</w> 
 <w id="w12.8.8">Avastin</w> 
 <w id="w12.8.9">s</w> 
 <w id="w12.8.10">kemoterapijo</w> 
 <w id="w12.8.11">na</w> 
 <w id="w12.8.12">osnovi</w> 
 <w id="w12.8.13">platine</w> 
 <w id="w12.8.14">z</w> 
 <w id="w12.8.15">učinkovitostjo</w> 
 <w id="w12.8.16">kemoterapije</w>
 <w id="w12.8.17">,</w> 
 <w id="w12.8.18">uporabljene</w> 
 <w id="w12.8.19">samostojno</w>
 <w id="w12.8.20">.</w>
</s> 
 
<s id="s12.9">
 <w id="w12.9.1">Pri</w> 
 <w id="w12.9.2">raku</w> 
 <w id="w12.9.3">ledvic</w> 
 <w id="w12.9.4">so</w> 
 <w id="w12.9.5">zdravilo</w> 
 <w id="w12.9.6">Avastin</w> 
 <w id="w12.9.7">preučevali</w> 
 <w id="w12.9.8">pri</w> 
 <w id="w12.9.9">649</w> 
 <w id="w12.9.10">bolnikih</w> 
 <w id="w12.9.11">z</w> 
 <w id="w12.9.12">napredovalo</w> 
 <w id="w12.9.13">ali</w> 
 <w id="w12.9.14">metastatsko</w> 
 <w id="w12.9.15">boleznijo</w>
 <w id="w12.9.16">.</w>
</s> 
 
<s id="s12.10">
 <w id="w12.10.1">V</w> 
 <w id="w12.10.2">študiji</w> 
 <w id="w12.10.3">so</w> 
 <w id="w12.10.4">zdravilo</w> 
 <w id="w12.10.5">Avastin</w> 
 <w id="w12.10.6">primerjali</w> 
 <w id="w12.10.7">s</w> 
 <w id="w12.10.8">placebom</w>
 <w id="w12.10.9">,</w> 
 <w id="w12.10.10">pri</w> 
 <w id="w12.10.11">čemer</w> 
 <w id="w12.10.12">so</w> 
 <w id="w12.10.13">oba</w> 
 <w id="w12.10.14">kombinirali</w> 
 <w id="w12.10.15">z</w> 
 <w id="w12.10.16">jemanjem</w> 
 <w id="w12.10.17">interferona</w> 
 <w id="w12.10.18">alfa-</w>
 <w id="w12.10.19">2a</w>
 <w id="w12.10.20">.</w>
</s> 
 
<s id="s12.11">
 <w id="w12.11.1">V</w> 
 <w id="w12.11.2">vseh</w> 
 <w id="w12.11.3">študijah</w> 
 <w id="w12.11.4">je</w> 
 <w id="w12.11.5">bilo</w> 
 <w id="w12.11.6">glavno</w> 
 <w id="w12.11.7">merilo</w> 
 <w id="w12.11.8">učinkovitosti</w> 
 <w id="w12.11.9">bodisi</w> 
 <w id="w12.11.10">celokupni</w> 
 <w id="w12.11.11">čas</w> 
 <w id="w12.11.12">preživetja</w> 
 <w id="w12.11.13">ali</w> 
 <w id="w12.11.14">čas</w> 
 <w id="w12.11.15">preživetja</w> 
 <w id="w12.11.16">brez</w> 
 <w id="w12.11.17">napredovanja</w> 
 <w id="w12.11.18">bolezni</w> 
 <w id="w12.11.19">(</w>
 <w id="w12.11.20">čas</w> 
 <w id="w12.11.21">do</w> 
 <w id="w12.11.22">poslabšanja</w> 
 <w id="w12.11.23">bolezni</w> 
 <w id="w12.11.24">ali</w> 
 <w id="w12.11.25">smrti</w> 
 <w id="w12.11.26">bolnika</w>
 <w id="w12.11.27">)</w>
 <w id="w12.11.28">.</w>
</s></p>

<p id="13">
<s id="s13.1">
 <w id="w13.1.1">Kakšne</w> 
 <w id="w13.1.2">koristi</w> 
 <w id="w13.1.3">je</w> 
 <w id="w13.1.4">zdravilo</w> 
 <w id="w13.1.5">Avastin</w> 
 <w id="w13.1.6">izkazalo</w> 
 <w id="w13.1.7">med</w> 
 <w id="w13.1.8">raziskavami</w>
 <w id="w13.1.9">?</w>
</s> 
 
<s id="s13.2">
 <w id="w13.2.1">Pri</w> 
 <w id="w13.2.2">raku</w> 
 <w id="w13.2.3">kolona</w> 
 <w id="w13.2.4">ali</w> 
 <w id="w13.2.5">danke</w> 
 <w id="w13.2.6">je</w> 
 <w id="w13.2.7">dodajanje</w> 
 <w id="w13.2.8">zdravila</w> 
 <w id="w13.2.9">Avastin</w> 
 <w id="w13.2.10">podaljšalo</w> 
 <w id="w13.2.11">čas</w> 
 <w id="w13.2.12">preživetja</w> 
 <w id="w13.2.13">bolnikov</w> 
 <w id="w13.2.14">in</w> 
 <w id="w13.2.15">čas</w> 
 <w id="w13.2.16">preživetja</w> 
 <w id="w13.2.17">brez</w> 
 <w id="w13.2.18">napredovanja</w> 
 <w id="w13.2.19">bolezni</w>
 <w id="w13.2.20">,</w> 
 <w id="w13.2.21">kadar</w> 
 <w id="w13.2.22">je</w> 
 <w id="w13.2.23">bilo</w> 
 <w id="w13.2.24">zdravilo</w> 
 <w id="w13.2.25">dodano</w> 
 <w id="w13.2.26">kemoterapiji</w>
 <w id="w13.2.27">,</w> 
 <w id="w13.2.28">ki</w> 
 <w id="w13.2.29">je</w> 
 <w id="w13.2.30">vsebovala</w> 
 <w id="w13.2.31">fluoropirimidin</w>
 <w id="w13.2.32">.</w>
</s> 
 
<s id="s13.3">
 <w id="w13.3.1">V</w> 
 <w id="w13.3.2">prvi</w> 
 <w id="w13.3.3">študiji</w> 
 <w id="w13.3.4">predhodno</w> 
 <w id="w13.3.5">nezdravljenih</w> 
 <w id="w13.3.6">bolnikov</w> 
 <w id="w13.3.7">se</w> 
 <w id="w13.3.8">je</w> 
 <w id="w13.3.9">čas</w> 
 <w id="w13.3.10">preživetja</w> 
 <w id="w13.3.11">s</w> 
 <w id="w13.3.12">povprečja</w> 
 <w id="w13.3.13">15,</w>
 <w id="w13.3.14">6</w> 
 <w id="w13.3.15">meseca</w> 
 <w id="w13.3.16">podaljšal</w> 
 <w id="w13.3.17">na</w> 
 <w id="w13.3.18">20,</w>
 <w id="w13.3.19">3</w> 
 <w id="w13.3.20">meseca</w>
 <w id="w13.3.21">.</w>
</s> 
 
<s id="s13.4">
 <w id="w13.4.1">V</w> 
 <w id="w13.4.2">drugi</w> 
 <w id="w13.4.3">študiji</w> 
 <w id="w13.4.4">je</w> 
 <w id="w13.4.5">čas</w> 
 <w id="w13.4.6">preživetja</w> 
 <w id="w13.4.7">brez</w> 
 <w id="w13.4.8">napredovanja</w> 
 <w id="w13.4.9">bolezni</w> 
 <w id="w13.4.10">znašal</w> 
 <w id="w13.4.11">8,</w>
 <w id="w13.4.12">0</w> 
 <w id="w13.4.13">meseca</w> 
 <w id="w13.4.14">pri</w> 
 <w id="w13.4.15">bolnikih</w>
 <w id="w13.4.16">,</w> 
 <w id="w13.4.17">ki</w> 
 <w id="w13.4.18">so</w> 
 <w id="w13.4.19">prejemali</w> 
 <w id="w13.4.20">placebo</w>
 <w id="w13.4.21">,</w> 
 <w id="w13.4.22">in</w> 
 <w id="w13.4.23">9,</w>
 <w id="w13.4.24">4</w> 
 <w id="w13.4.25">meseca</w> 
 <w id="w13.4.26">pri</w> 
 <w id="w13.4.27">tistih</w>
 <w id="w13.4.28">,</w> 
 <w id="w13.4.29">ki</w> 
 <w id="w13.4.30">so</w> 
 <w id="w13.4.31">prejemali</w> 
 <w id="w13.4.32">zdravilo</w> 
 <w id="w13.4.33">Avastin</w>
 <w id="w13.4.34">.</w>
</s> 
 
<s id="s13.5">
 <w id="w13.5.1">Pri</w> 
 <w id="w13.5.2">bolnikih</w>
 <w id="w13.5.3">,</w> 
 <w id="w13.5.4">ki</w> 
 <w id="w13.5.5">so</w> 
 <w id="w13.5.6">bili</w> 
 <w id="w13.5.7">predhodno</w> 
 <w id="w13.5.8">zdravljeni</w>
 <w id="w13.5.9">,</w> 
 <w id="w13.5.10">se</w> 
 <w id="w13.5.11">je</w> 
 <w id="w13.5.12">z</w> 
 <w id="w13.5.13">dodajanjem</w> 
 <w id="w13.5.14">zdravila</w> 
 <w id="w13.5.15">Avastin</w> 
 <w id="w13.5.16">čas</w> 
 <w id="w13.5.17">preživetja</w> 
 <w id="w13.5.18">z</w> 
 <w id="w13.5.19">10,</w>
 <w id="w13.5.20">8</w> 
 <w id="w13.5.21">podaljšal</w> 
 <w id="w13.5.22">na</w> 
 <w id="w13.5.23">13,</w>
 <w id="w13.5.24">0</w> 
 <w id="w13.5.25">meseca</w>
 <w id="w13.5.26">.</w>
</s> 
 
<s id="s13.6">
 <w id="w13.6.1">Pri</w> 
 <w id="w13.6.2">raku</w> 
 <w id="w13.6.3">dojk</w> 
 <w id="w13.6.4">se</w> 
 <w id="w13.6.5">je</w> 
 <w id="w13.6.6">čas</w> 
 <w id="w13.6.7">preživetja</w>
 <w id="w13.6.8">,</w> 
 <w id="w13.6.9">v</w> 
 <w id="w13.6.10">katerem</w> 
 <w id="w13.6.11">bolezen</w> 
 <w id="w13.6.12">ni</w> 
 <w id="w13.6.13">napredovala</w>
 <w id="w13.6.14">,</w> 
 <w id="w13.6.15">s</w> 
 <w id="w13.6.16">6,</w>
 <w id="w13.6.17">7</w> 
 <w id="w13.6.18">meseca</w> 
 <w id="w13.6.19">podaljšal</w> 
 <w id="w13.6.20">na</w> 
 <w id="w13.6.21">13,</w>
 <w id="w13.6.22">3</w> 
 <w id="w13.6.23">meseca</w> 
 <w id="w13.6.24">pri</w> 
 <w id="w13.6.25">bolnikih</w>
 <w id="w13.6.26">,</w> 
 <w id="w13.6.27">ki</w> 
 <w id="w13.6.28">so</w> 
 <w id="w13.6.29">prejemali</w> 
 <w id="w13.6.30">zdravilo</w> 
 <w id="w13.6.31">Avastin</w> 
 <w id="w13.6.32">skupaj</w> 
 <w id="w13.6.33">s</w> 
 <w id="w13.6.34">paklitakselom</w>
 <w id="w13.6.35">,</w> 
 <w id="w13.6.36">v</w> 
 <w id="w13.6.37">primerjavi</w> 
 <w id="w13.6.38">s</w> 
 <w id="w13.6.39">tistimi</w>
 <w id="w13.6.40">,</w> 
 <w id="w13.6.41">ki</w> 
 <w id="w13.6.42">so</w> 
 <w id="w13.6.43">prejemali</w> 
 <w id="w13.6.44">samo</w> 
 <w id="w13.6.45">paklitaksel</w>
 <w id="w13.6.46">.</w>
</s> 
 
<s id="s13.7">
 <w id="w13.7.1">Pri</w> 
 <w id="w13.7.2">pljučnem</w> 
 <w id="w13.7.3">raku</w> 
 <w id="w13.7.4">je</w> 
 <w id="w13.7.5">čas</w> 
 <w id="w13.7.6">preživetja</w> 
 <w id="w13.7.7">pri</w> 
 <w id="w13.7.8">bolnikih</w>
 <w id="w13.7.9">,</w> 
 <w id="w13.7.10">ki</w> 
 <w id="w13.7.11">so</w> 
 <w id="w13.7.12">jemali</w> 
 <w id="w13.7.13">zdravilo</w> 
 <w id="w13.7.14">Avastin</w> 
 <w id="w13.7.15">skupaj</w> 
 <w id="w13.7.16">s</w> 
 <w id="w13.7.17">paklitakselom</w> 
 <w id="w13.7.18">in</w> 
 <w id="w13.7.19">karboplatinom</w> 
 <w id="w13.7.20">v</w> 
 <w id="w13.7.21">povprečju</w> 
 <w id="w13.7.22">znašal</w> 
 <w id="w13.7.23">12,</w>
 <w id="w13.7.24">3</w> 
 <w id="w13.7.25">meseca</w> 
 <w id="w13.7.26">v</w> 
 <w id="w13.7.27">primerjavi</w> 
 <w id="w13.7.28">z</w> 
 <w id="w13.7.29">10,</w>
 <w id="w13.7.30">3</w> 
 <w id="w13.7.31">meseca</w> 
 <w id="w13.7.32">pri</w> 
 <w id="w13.7.33">tistih</w> 
 <w id="w13.7.34">bolnikih</w>
 <w id="w13.7.35">,</w> 
 <w id="w13.7.36">ki</w> 
 <w id="w13.7.37">so</w> 
 <w id="w13.7.38">jemali</w> 
 <w id="w13.7.39">samo</w> 
 <w id="w13.7.40">paklitaksel</w> 
 <w id="w13.7.41">in</w> 
 <w id="w13.7.42">karboplatin</w>
 <w id="w13.7.43">.</w>
</s> 
 
<s id="s13.8">
 <w id="w13.8.1">Pri</w> 
 <w id="w13.8.2">raku</w> 
 <w id="w13.8.3">ledvic</w> 
 <w id="w13.8.4">je</w> 
 <w id="w13.8.5">dodajanje</w> 
 <w id="w13.8.6">zdravila</w> 
 <w id="w13.8.7">Avastin</w> 
 <w id="w13.8.8">interferonu</w> 
 <w id="w13.8.9">alfa-</w>
 <w id="w13.8.10">2a</w> 
 <w id="w13.8.11">podaljšalo</w> 
 <w id="w13.8.12">čas</w> 
 <w id="w13.8.13">preživetja</w> 
 <w id="w13.8.14">brez</w> 
 <w id="w13.8.15">napredovanja</w> 
 <w id="w13.8.16">bolezni</w> 
 <w id="w13.8.17">s</w> 
 <w id="w13.8.18">5,</w>
 <w id="w13.8.19">4</w> 
 <w id="w13.8.20">na</w> 
 <w id="w13.8.21">10,</w>
 <w id="w13.8.22">2</w> 
 <w id="w13.8.23">meseca</w>
 <w id="w13.8.24">.</w>
</s></p>

<p id="14">
<s id="s14.1">
 <w id="w14.1.1">Kakšna</w> 
 <w id="w14.1.2">tveganja</w> 
 <w id="w14.1.3">so</w> 
 <w id="w14.1.4">povezana</w> 
 <w id="w14.1.5">z</w> 
 <w id="w14.1.6">zdravilom</w> 
 <w id="w14.1.7">Avastin</w>
 <w id="w14.1.8">?</w>
</s> 
 
<s id="s14.2">
 <w id="w14.2.1">Najpogostejši</w> 
 <w id="w14.2.2">neželeni</w> 
 <w id="w14.2.3">učinki</w> 
 <w id="w14.2.4">pri</w> 
 <w id="w14.2.5">bolnikih</w>
 <w id="w14.2.6">,</w> 
 <w id="w14.2.7">ki</w> 
 <w id="w14.2.8">so</w> 
 <w id="w14.2.9">prejemali</w> 
 <w id="w14.2.10">zdravilo</w> 
 <w id="w14.2.11">Avastin</w> 
 <w id="w14.2.12">skupaj</w> 
 <w id="w14.2.13">s</w> 
 <w id="w14.2.14">kemoterapijo</w> 
 <w id="w14.2.15">ali</w> 
 <w id="w14.2.16">brez</w> 
 <w id="w14.2.17">nje</w> 
 <w id="w14.2.18">(</w>
 <w id="w14.2.19">opaženi</w> 
 <w id="w14.2.20">pri</w> 
 <w id="w14.2.21">več</w> 
 <w id="w14.2.22">kot</w> 
 <w id="w14.2.23">1</w> 
 <w id="w14.2.24">bolniku</w> 
 <w id="w14.2.25">izmed</w> 
 <w id="w14.2.26">10</w>
 <w id="w14.2.27">)</w>
 <w id="w14.2.28">,</w> 
 <w id="w14.2.29">so</w> 
 <w id="w14.2.30">levkopenija</w> 
 <w id="w14.2.31">(</w>
 <w id="w14.2.32">nizke</w> 
 <w id="w14.2.33">ravni</w> 
 <w id="w14.2.34">levkocitov</w>
 <w id="w14.2.35">,</w> 
 <w id="w14.2.36">vrste</w> 
 <w id="w14.2.37">belih</w> 
 <w id="w14.2.38">krvnih</w> 
 <w id="w14.2.39">celic</w>
 <w id="w14.2.40">)</w>
 <w id="w14.2.41">,</w> 
 <w id="w14.2.42">trombocitopenija</w> 
 <w id="w14.2.43">(</w>
 <w id="w14.2.44">nizke</w> 
 <w id="w14.2.45">ravni</w> 
 <w id="w14.2.46">trombocitov</w> 
 <w id="w14.2.47">v</w> 
 <w id="w14.2.48">krvi</w>
 <w id="w14.2.49">)</w>
 <w id="w14.2.50">,</w> 
 <w id="w14.2.51">nevtropenija</w> 
 <w id="w14.2.52">(</w>
 <w id="w14.2.53">nizke</w> 
 <w id="w14.2.54">ravni</w> 
 <w id="w14.2.55">nevtrofilcev</w>
 <w id="w14.2.56">,</w> 
 <w id="w14.2.57">vrste</w> 
 <w id="w14.2.58">belih</w> 
 <w id="w14.2.59">krvnih</w> 
 <w id="w14.2.60">celic</w>
 <w id="w14.2.61">)</w>
 <w id="w14.2.62">,</w> 
 <w id="w14.2.63">periferna</w> 
 <w id="w14.2.64">senzorična</w> 
 <w id="w14.2.65">nevropatija</w> 
 <w id="w14.2.66">(</w>
 <w id="w14.2.67">poškodbe</w> 
 <w id="w14.2.68">živcev</w> 
 <w id="w14.2.69">v</w> 
 <w id="w14.2.70">okončinah</w>
 <w id="w14.2.71">,</w> 
 <w id="w14.2.72">na</w> 
 <w id="w14.2.73">primer</w> 
 <w id="w14.2.74">rokah</w> 
 <w id="w14.2.75">in</w> 
 <w id="w14.2.76">nogah</w>
 <w id="w14.2.77">)</w>
 <w id="w14.2.78">,</w> 
 <w id="w14.2.79">hipertenzija</w> 
 <w id="w14.2.80">(</w>
 <w id="w14.2.81">visok</w> 
 <w id="w14.2.82">krvni</w> 
 <w id="w14.2.83">tlak</w>
 <w id="w14.2.84">)</w>
 <w id="w14.2.85">,</w> 
 <w id="w14.2.86">driska</w>
 <w id="w14.2.87">,</w> 
 <w id="w14.2.88">navzeja</w> 
 <w id="w14.2.89">(</w>
 <w id="w14.2.90">občutek</w> 
 <w id="w14.2.91">slabosti</w>
 <w id="w14.2.92">)</w>
 <w id="w14.2.93">,</w> 
 <w id="w14.2.94">bruhanje</w>
 <w id="w14.2.95">,</w> 
 <w id="w14.2.96">astenija</w> 
 <w id="w14.2.97">(</w>
 <w id="w14.2.98">oslabelost</w>
 <w id="w14.2.99">)</w>
 <w id="w14.2.100">,</w> 
 <w id="w14.2.101">utrujenost</w> 
 <w id="w14.2.102">(</w>
 <w id="w14.2.103">onemoglost</w>
 <w id="w14.2.104">)</w>
 <w id="w14.2.105">,</w> 
 <w id="w14.2.106">anoreksija</w> 
 <w id="w14.2.107">(</w>
 <w id="w14.2.108">izguba</w> 
 <w id="w14.2.109">apetita</w>
 <w id="w14.2.110">)</w>
 <w id="w14.2.111">,</w> 
 <w id="w14.2.112">disgevzija</w> 
 <w id="w14.2.113">(</w>
 <w id="w14.2.114">motnje</w> 
 <w id="w14.2.115">okušanja</w>
 <w id="w14.2.116">)</w>
 <w id="w14.2.117">,</w> 
 <w id="w14.2.118">glavobol</w>
 <w id="w14.2.119">,</w> 
 <w id="w14.2.120">očesne</w> 
 <w id="w14.2.121">motnje</w>
 <w id="w14.2.122">,</w> 
 <w id="w14.2.123">dispneja</w> 
 <w id="w14.2.124">(</w>
 <w id="w14.2.125">oteženo</w> 
 <w id="w14.2.126">dihanje</w>
 <w id="w14.2.127">)</w>
 <w id="w14.2.128">,</w> 
 <w id="w14.2.129">epistaksa</w> 
 <w id="w14.2.130">(</w>
 <w id="w14.2.131">krvavitev</w> 
 <w id="w14.2.132">iz</w> 
 <w id="w14.2.133">nosu</w>
 <w id="w14.2.134">)</w>
 <w id="w14.2.135">,</w> 
 <w id="w14.2.136">rinitis</w> 
 <w id="w14.2.137">(</w>
 <w id="w14.2.138">zamašen</w> 
 <w id="w14.2.139">nos</w>
 <w id="w14.2.140">)</w>
 <w id="w14.2.141">,</w> 
 <w id="w14.2.142">zaprtje</w>
 <w id="w14.2.143">,</w> 
 <w id="w14.2.144">stomatitis</w> 
 <w id="w14.2.145">(</w>
 <w id="w14.2.146">vnetje</w> 
 <w id="w14.2.147">ustne</w> 
 <w id="w14.2.148">sluznice</w>
 <w id="w14.2.149">)</w>
 <w id="w14.2.150">,</w> 
 <w id="w14.2.151">rektalne</w> 
 <w id="w14.2.152">krvavitve</w> 
 <w id="w14.2.153">(</w>
 <w id="w14.2.154">krvavitev</w> 
 <w id="w14.2.155">iz</w> 
 <w id="w14.2.156">danke</w>
 <w id="w14.2.157">)</w>
 <w id="w14.2.158">,</w> 
 <w id="w14.2.159">eksfoliativen</w> 
 <w id="w14.2.160">dermatitis</w> 
 <w id="w14.2.161">(</w>
 <w id="w14.2.162">luskasta</w> 
 <w id="w14.2.163">koža</w>
 <w id="w14.2.164">)</w>
 <w id="w14.2.165">,</w> 
 <w id="w14.2.166">suha</w> 
 <w id="w14.2.167">koža</w>
 <w id="w14.2.168">,</w> 
 <w id="w14.2.169">razbarvanje</w> 
 <w id="w14.2.170">kože</w>
 <w id="w14.2.171">,</w> 
 <w id="w14.2.172">proteinurija</w> 
 <w id="w14.2.173">(</w>
 <w id="w14.2.174">beljakovine</w> 
 <w id="w14.2.175">v</w> 
 <w id="w14.2.176">urinu</w>
 <w id="w14.2.177">)</w>
 <w id="w14.2.178">,</w> 
 <w id="w14.2.179">pireksija</w> 
 <w id="w14.2.180">(</w>
 <w id="w14.2.181">zvišana</w> 
 <w id="w14.2.182">telesna</w> 
 <w id="w14.2.183">temperatura</w>
 <w id="w14.2.184">)</w> 
 <w id="w14.2.185">in</w> 
 <w id="w14.2.186">bolečine</w>
 <w id="w14.2.187">.</w>
</s> 
 
<s id="s14.3">
 <w id="w14.3.1">Najresnejši</w> 
 <w id="w14.3.2">neželeni</w> 
 <w id="w14.3.3">učinki</w> 
 <w id="w14.3.4">so</w> 
 <w id="w14.3.5">perforacije</w> 
 <w id="w14.3.6">v</w> 
 <w id="w14.3.7">prebavilih</w> 
 <w id="w14.3.8">(</w>
 <w id="w14.3.9">luknje</w> 
 <w id="w14.3.10">v</w> 
 <w id="w14.3.11">črevesu</w>
 <w id="w14.3.12">)</w>
 <w id="w14.3.13">,</w> 
 <w id="w14.3.14">fistule</w> 
 <w id="w14.3.15">(</w>
 <w id="w14.3.16">nenormalne</w>
 <w id="w14.3.17">,</w> 
 <w id="w14.3.18">cevkam</w> 
 <w id="w14.3.19">podobne</w> 
 <w id="w14.3.20">povezave</w> 
 <w id="w14.3.21">med</w> 
 <w id="w14.3.22">dvema</w> 
 <w id="w14.3.23">organoma</w>
 <w id="w14.3.24">)</w>
 <w id="w14.3.25">,</w> 
 <w id="w14.3.26">hemoragija</w> 
 <w id="w14.3.27">(</w>
 <w id="w14.3.28">krvavitev</w>
 <w id="w14.3.29">)</w> 
 <w id="w14.3.30">in</w> 
 <w id="w14.3.31">arterijski</w> 
 <w id="w14.3.32">tromboembolizem</w> 
 <w id="w14.3.33">(</w>
 <w id="w14.3.34">krvni</w> 
 <w id="w14.3.35">strdki</w> 
 <w id="w14.3.36">v</w> 
 <w id="w14.3.37">arterijah</w>
 <w id="w14.3.38">)</w>
 <w id="w14.3.39">.</w>
</s> 
 
<s id="s14.4">
 <w id="w14.4.1">Za</w> 
 <w id="w14.4.2">celoten</w> 
 <w id="w14.4.3">seznam</w> 
 <w id="w14.4.4">neželenih</w> 
 <w id="w14.4.5">učinkov</w>
 <w id="w14.4.6">,</w> 
 <w id="w14.4.7">o</w> 
 <w id="w14.4.8">katerih</w> 
 <w id="w14.4.9">so</w> 
 <w id="w14.4.10">poročali</w> 
 <w id="w14.4.11">pri</w> 
 <w id="w14.4.12">uporabi</w> 
 <w id="w14.4.13">zdravila</w> 
 <w id="w14.4.14">Avastin</w>
 <w id="w14.4.15">,</w> 
 <w id="w14.4.16">glejte</w> 
 <w id="w14.4.17">Navodilo</w> 
 <w id="w14.4.18">za</w> 
 <w id="w14.4.19">uporabo</w>
 <w id="w14.4.20">.</w>
</s> 
 
<s id="s14.5">
 <w id="w14.5.1">Zdravilo</w> 
 <w id="w14.5.2">Avastin</w> 
 <w id="w14.5.3">se</w> 
 <w id="w14.5.4">ne</w> 
 <w id="w14.5.5">sme</w> 
 <w id="w14.5.6">uporabljati</w> 
 <w id="w14.5.7">pri</w> 
 <w id="w14.5.8">bolnikih</w>
 <w id="w14.5.9">,</w> 
 <w id="w14.5.10">ki</w> 
 <w id="w14.5.11">bi</w> 
 <w id="w14.5.12">utegnili</w> 
 <w id="w14.5.13">biti</w> 
 <w id="w14.5.14">preobčutljivi</w> 
 <w id="w14.5.15">za</w> 
 <w id="w14.5.16">(</w>
 <w id="w14.5.17">alergični</w> 
 <w id="w14.5.18">na</w>
 <w id="w14.5.19">)</w> 
 <w id="w14.5.20">bevacizumab</w> 
 <w id="w14.5.21">ali</w> 
 <w id="w14.5.22">katero</w> 
 <w id="w14.5.23">koli</w> 
 <w id="w14.5.24">drugo</w> 
 <w id="w14.5.25">sestavino</w> 
 <w id="w14.5.26">zdravila</w>
 <w id="w14.5.27">.</w>
</s> 
 
<s id="s14.6">
 <w id="w14.6.1">Zdravilo</w> 
 <w id="w14.6.2">Avastin</w> 
 <w id="w14.6.3">se</w> 
 <w id="w14.6.4">ne</w> 
 <w id="w14.6.5">sme</w> 
 <w id="w14.6.6">uporabljati</w> 
 <w id="w14.6.7">pri</w> 
 <w id="w14.6.8">bolnikih</w>
 <w id="w14.6.9">,</w> 
 <w id="w14.6.10">ki</w> 
 <w id="w14.6.11">so</w> 
 <w id="w14.6.12">preobčutljivi</w> 
 <w id="w14.6.13">za</w> 
 <w id="w14.6.14">pripravke</w> 
 <w id="w14.6.15">iz</w> 
 <w id="w14.6.16">celic</w> 
 <w id="w14.6.17">jajčnika</w> 
 <w id="w14.6.18">kitajskih</w> 
 <w id="w14.6.19">hrčkov</w> 
 <w id="w14.6.20">ali</w> 
 <w id="w14.6.21">druga</w> 
 <w id="w14.6.22">rekombinantna</w>
</s></p>

<p id="15">
<s id="s15.1">
 <w id="w15.1.1">2/</w>
 <w id="w15.1.2">3</w> 
 <w id="w15.1.3">protitelesa</w>
 <w id="w15.1.4">.</w>
</s> 
 
<s id="s15.2">
 <w id="w15.2.1">Prav</w> 
 <w id="w15.2.2">tako</w> 
 <w id="w15.2.3">se</w> 
 <w id="w15.2.4">ne</w> 
 <w id="w15.2.5">sme</w> 
 <w id="w15.2.6">dajati</w> 
 <w id="w15.2.7">nosečnicam</w> 
 <w id="w15.2.8">ali</w> 
 <w id="w15.2.9">komur</w> 
 <w id="w15.2.10">koli</w>
 <w id="w15.2.11">,</w> 
 <w id="w15.2.12">ki</w> 
 <w id="w15.2.13">ima</w> 
 <w id="w15.2.14">nezdravljene</w> 
 <w id="w15.2.15">metastaze</w> 
 <w id="w15.2.16">v</w> 
 <w id="w15.2.17">osrednjem</w> 
 <w id="w15.2.18">živčnem</w> 
 <w id="w15.2.19">sistemu</w> 
 <w id="w15.2.20">(</w>
 <w id="w15.2.21">sekundarna</w> 
 <w id="w15.2.22">rakava</w> 
 <w id="w15.2.23">obolenja</w> 
 <w id="w15.2.24">v</w> 
 <w id="w15.2.25">možganih</w> 
 <w id="w15.2.26">ali</w> 
 <w id="w15.2.27">hrbtenjači</w>
 <w id="w15.2.28">)</w>
 <w id="w15.2.29">.</w>
</s></p>

<p id="16">
<s id="s16.1">
 <w id="w16.1.1">Zakaj</w> 
 <w id="w16.1.2">je</w> 
 <w id="w16.1.3">bilo</w> 
 <w id="w16.1.4">zdravilo</w> 
 <w id="w16.1.5">Avastin</w> 
 <w id="w16.1.6">odobreno</w>
 <w id="w16.1.7">?</w>
</s> 
 
<s id="s16.2">
 <w id="w16.2.1">Odbor</w> 
 <w id="w16.2.2">za</w> 
 <w id="w16.2.3">zdravila</w> 
 <w id="w16.2.4">za</w> 
 <w id="w16.2.5">uporabo</w> 
 <w id="w16.2.6">v</w> 
 <w id="w16.2.7">humani</w> 
 <w id="w16.2.8">medicini</w> 
 <w id="w16.2.9">(</w>
 <w id="w16.2.10">CHMP</w>
 <w id="w16.2.11">)</w> 
 <w id="w16.2.12">je</w> 
 <w id="w16.2.13">odločil</w>
 <w id="w16.2.14">,</w> 
 <w id="w16.2.15">da</w> 
 <w id="w16.2.16">so</w> 
 <w id="w16.2.17">v</w> 
 <w id="w16.2.18">kombinaciji</w> 
 <w id="w16.2.19">z</w> 
 <w id="w16.2.20">drugimi</w> 
 <w id="w16.2.21">zdravili</w> 
 <w id="w16.2.22">za</w> 
 <w id="w16.2.23">zdravljenje</w> 
 <w id="w16.2.24">rakavih</w> 
 <w id="w16.2.25">obolenj</w> 
 <w id="w16.2.26">koristi</w> 
 <w id="w16.2.27">zdravila</w> 
 <w id="w16.2.28">Avastin</w> 
 <w id="w16.2.29">večje</w> 
 <w id="w16.2.30">od</w> 
 <w id="w16.2.31">z</w> 
 <w id="w16.2.32">njim</w> 
 <w id="w16.2.33">povezanih</w> 
 <w id="w16.2.34">tveganj</w> 
 <w id="w16.2.35">pri</w> 
 <w id="w16.2.36">zdravljenju</w> 
 <w id="w16.2.37">metastatskega</w> 
 <w id="w16.2.38">raka</w> 
 <w id="w16.2.39">kolona</w> 
 <w id="w16.2.40">ali</w> 
 <w id="w16.2.41">danke</w> 
 <w id="w16.2.42">ter</w> 
 <w id="w16.2.43">kot</w> 
 <w id="w16.2.44">prva</w> 
 <w id="w16.2.45">izbira</w> 
 <w id="w16.2.46">zdravljenja</w> 
 <w id="w16.2.47">metastatskega</w> 
 <w id="w16.2.48">raka</w> 
 <w id="w16.2.49">dojk</w>
 <w id="w16.2.50">,</w> 
 <w id="w16.2.51">napredovalega</w>
 <w id="w16.2.52">,</w> 
 <w id="w16.2.53">metastatskega</w> 
 <w id="w16.2.54">ali</w> 
 <w id="w16.2.55">ponavljajočega</w> 
 <w id="w16.2.56">se</w> 
 <w id="w16.2.57">nedrobnoceličnega</w> 
 <w id="w16.2.58">raka</w> 
 <w id="w16.2.59">pljuč</w>
 <w id="w16.2.60">,</w> 
 <w id="w16.2.61">ki</w> 
 <w id="w16.2.62">ga</w> 
 <w id="w16.2.63">ni</w> 
 <w id="w16.2.64">mogoče</w> 
 <w id="w16.2.65">operirati</w>
 <w id="w16.2.66">,</w> 
 <w id="w16.2.67">pri</w> 
 <w id="w16.2.68">katerem</w> 
 <w id="w16.2.69">iz</w> 
 <w id="w16.2.70">histologije</w> 
 <w id="w16.2.71">celic</w> 
 <w id="w16.2.72">izhaja</w>
 <w id="w16.2.73">,</w> 
 <w id="w16.2.74">da</w> 
 <w id="w16.2.75">ne</w> 
 <w id="w16.2.76">gre</w> 
 <w id="w16.2.77">pretežno</w> 
 <w id="w16.2.78">za</w> 
 <w id="w16.2.79">ploščate</w> 
 <w id="w16.2.80">celice</w>
 <w id="w16.2.81">,</w> 
 <w id="w16.2.82">ter</w> 
 <w id="w16.2.83">napredovalega</w> 
 <w id="w16.2.84">in/</w>
 <w id="w16.2.85">ali</w> 
 <w id="w16.2.86">metastatskega</w> 
 <w id="w16.2.87">raka</w> 
 <w id="w16.2.88">ledvičnih</w> 
 <w id="w16.2.89">celic</w>
 <w id="w16.2.90">.</w>
</s> 
 
<s id="s16.3">
 <w id="w16.3.1">Odbor</w> 
 <w id="w16.3.2">je</w> 
 <w id="w16.3.3">zato</w> 
 <w id="w16.3.4">priporočil</w> 
 <w id="w16.3.5">odobritev</w> 
 <w id="w16.3.6">dovoljenja</w> 
 <w id="w16.3.7">za</w> 
 <w id="w16.3.8">promet</w> 
 <w id="w16.3.9">z</w> 
 <w id="w16.3.10">zdravilom</w> 
 <w id="w16.3.11">Avastin</w>
 <w id="w16.3.12">.</w>
</s></p>

<p id="17">
<s id="s17.1">
 <w id="w17.1.1">Druge</w> 
 <w id="w17.1.2">informacije</w> 
 <w id="w17.1.3">o</w> 
 <w id="w17.1.4">zdravilu</w> 
 <w id="w17.1.5">Avastin</w>
 <w id="w17.1.6">:</w>
</s> 
 
<s id="s17.2">
 <w id="w17.2.1">Evropska</w> 
 <w id="w17.2.2">komisija</w> 
 <w id="w17.2.3">je</w> 
 <w id="w17.2.4">dovoljenje</w> 
 <w id="w17.2.5">za</w> 
 <w id="w17.2.6">promet</w> 
 <w id="w17.2.7">z</w> 
 <w id="w17.2.8">zdravilom</w> 
 <w id="w17.2.9">Avastin</w>
 <w id="w17.2.10">,</w> 
 <w id="w17.2.11">veljavno</w> 
 <w id="w17.2.12">po</w> 
 <w id="w17.2.13">vsej</w> 
 <w id="w17.2.14">Evropski</w> 
 <w id="w17.2.15">uniji</w>
 <w id="w17.2.16">,</w> 
 <w id="w17.2.17">odobrila</w> 
 <w id="w17.2.18">družbi</w> 
 <w id="w17.2.19">Roche</w> 
 <w id="w17.2.20">Registration</w> 
 <w id="w17.2.21">Limited</w> 
 <w id="w17.2.22">dne</w> 
 <w id="w17.2.23">12</w>
 <w id="w17.2.24">.</w> 
 <w id="w17.2.25">januarja</w> 
 <w id="w17.2.26">2005</w>
 <w id="w17.2.27">.</w>
</s></p>

<p id="18">
<s id="s18.1">
 <w id="w18.1.1">Celotno</w> 
 <w id="w18.1.2">Evropsko</w> 
 <w id="w18.1.3">javno</w> 
 <w id="w18.1.4">poročilo</w> 
 <w id="w18.1.5">o</w> 
 <w id="w18.1.6">oceni</w> 
 <w id="w18.1.7">zdravila</w> 
 <w id="w18.1.8">(</w>
 <w id="w18.1.9">EPAR</w>
 <w id="w18.1.10">)</w> 
 <w id="w18.1.11">za</w> 
 <w id="w18.1.12">zdravilo</w> 
 <w id="w18.1.13">Avastin</w> 
 <w id="w18.1.14">je</w> 
 <w id="w18.1.15">na</w> 
 <w id="w18.1.16">voljo</w> 
 <w id="w18.1.17">tukaj</w>
 <w id="w18.1.18">.</w>
</s></p>

<p id="19">
<s id="s19.1">
 <w id="w19.1.1">Povzetek</w> 
 <w id="w19.1.2">je</w> 
 <w id="w19.1.3">bil</w> 
 <w id="w19.1.4">nazadnje</w> 
 <w id="w19.1.5">posodobljen</w> 
 <w id="w19.1.6">01-</w>
 <w id="w19.1.7">2008</w>
 <w id="w19.1.8">.</w>
</s></p>

<p id="20">
<s id="s20.1">
 <w id="w20.1.1">3/</w>
 <w id="w20.1.2">3</w>
</s></p></text>
