<?xml version="1.0" encoding="utf-8"?>
<text>
<head id="1">
<s id="s1.1">
 <w id="w1.1.1">Številka</w> 
 <w id="w1.1.2">EU</w>
</s></head>

<p id="2">
<s id="s2.1">
 <w id="w2.1.1">zaščiteno</w> 
 <w id="w2.1.2">ime</w>
</s></p>

<p id="3">
<s id="s3.1">
 <w id="w3.1.1">vsebina</w>
</s></p>

<p id="4">
<s id="s4.1">
 <w id="w4.1.1">jakost</w>
</s></p>

<p id="5">
<s id="s5.1">
 <w id="w5.1.1">farmacevtska</w> 
 <w id="w5.1.2">oblika</w>
</s></p>

<p id="6">
<s id="s6.1">
 <w id="w6.1.1">pot</w> 
 <w id="w6.1.2">uporabe</w>
</s></p>

<p id="7">
<s id="s7.1">
 <w id="w7.1.1">ovojnina</w>
</s></p>

<p id="8">
<s id="s8.1">
 <w id="w8.1.1">(</w>
 <w id="w8.1.2">koncentracija</w>
 <w id="w8.1.3">)</w>
</s></p>

<p id="9">
<s id="s9.1">
 <w id="w9.1.1">velikost</w> 
 <w id="w9.1.2">pakiranja</w>
</s></p>

<head id="10">
<s id="s10.1">
 <w id="w10.1.1">EU/</w>
 <w id="w10.1.2">1/</w>
 <w id="w10.1.3">04/</w>
 <w id="w10.1.4">300/</w>
 <w id="w10.1.5">001</w>
</s></head>

<head id="11">
<s id="s11.1">
 <w id="w11.1.1">Avastin</w>
</s></head>

<head id="12">
<s id="s12.1">
 <w id="w12.1.1">25</w> 
 <w id="w12.1.2">mg/</w>
 <w id="w12.1.3">ml</w>
</s></head>

<p id="13">
<s id="s13.1">
 <w id="w13.1.1">Koncentrat</w> 
 <w id="w13.1.2">za</w> 
 <w id="w13.1.3">raztopino</w>    
 <w id="w13.1.4">za</w> 
 <w id="w13.1.5">infundiranje</w>
</s></p>

<head id="14">
<s id="s14.1">
 <w id="w14.1.1">Intravenski</w>   
 <w id="w14.1.2">uporaba</w>
</s></head>

<head id="15">
<s id="s15.1">
 <w id="w15.1.1">Viala</w>
</s></head>

<head id="16">
<s id="s16.1">
 <w id="w16.1.1">100</w> 
 <w id="w16.1.2">mg/</w>
 <w id="w16.1.3">4</w> 
 <w id="w16.1.4">ml</w> 
 <w id="w16.1.5">(</w>
 <w id="w16.1.6">25</w> 
 <w id="w16.1.7">mg/</w>
 <w id="w16.1.8">ml</w>
 <w id="w16.1.9">)</w>
</s></head>

<head id="17">
<s id="s17.1">
 <w id="w17.1.1">1</w> 
 <w id="w17.1.2">Viala</w>
</s></head>

<head id="18">
<s id="s18.1">
 <w id="w18.1.1">EU/</w>
 <w id="w18.1.2">1/</w>
 <w id="w18.1.3">04/</w>
 <w id="w18.1.4">300/</w>
 <w id="w18.1.5">002</w>
</s></head>

<head id="19">
<s id="s19.1">
 <w id="w19.1.1">Avastin</w>
</s></head>

<head id="20">
<s id="s20.1">
 <w id="w20.1.1">25</w> 
 <w id="w20.1.2">mg/</w>
 <w id="w20.1.3">ml</w>
</s></head>

<p id="21">
<s id="s21.1">
 <w id="w21.1.1">Koncentrat</w> 
 <w id="w21.1.2">za</w> 
 <w id="w21.1.3">raztopino</w>    
 <w id="w21.1.4">za</w> 
 <w id="w21.1.5">infundiranje</w>
</s></p>

<head id="22">
<s id="s22.1">
 <w id="w22.1.1">Intravenski</w>   
 <w id="w22.1.2">uporaba</w>
</s></head>

<head id="23">
<s id="s23.1">
 <w id="w23.1.1">Viala</w>
</s></head>

<head id="24">
<s id="s24.1">
 <w id="w24.1.1">400</w> 
 <w id="w24.1.2">mg/</w>
 <w id="w24.1.3">16</w> 
 <w id="w24.1.4">ml</w> 
 <w id="w24.1.5">(</w>
 <w id="w24.1.6">25</w> 
 <w id="w24.1.7">mg/</w>
 <w id="w24.1.8">ml</w>
 <w id="w24.1.9">)</w> 
 <w id="w24.1.10">1</w> 
 <w id="w24.1.11">Viala</w>
</s></head>

<p id="25">
<s id="s25.1">
 <w id="w25.1.1">1/</w>
 <w id="w25.1.2">1</w>
</s></p></text>
