<?xml version="1.0" encoding="utf-8"?>
<letsmt version="1.0">
<head></head>
<body>
<s id="s1.1">European Medicines Agency Evaluation of Medicines for Human Use</s>
<s id="s2.1">London, 7. oktober 2008 Sklic na dok.</s>
<s id="s2.2">EMEA/ CHMP/ 554251/ 2008</s>
<s id="s3.1">ODBOR ZA ZDRAVILA ZA UPORABO V HUMANI MEDICINI (CHMP)</s>
<s id="s4.1">MNENJE V ZVEZI Z NAPOTITVIJO V SKLADU S ČLENOM 30 ZA zdravilo Ciprofloxacin Bayer in povezana imena Mednarodno nelastniško ime (INN): ciprofloksacin</s>
<s id="s5.1">OSNOVNE INFORMACIJE</s>
<s id="s6.1">Zdravilo Ciprofloxacin Bayer in povezana imena je antibiotik, namenjen zdravljenju nezapletenih in zapletenih okužb, vključno hudih okužb, ki jih povzročajo na ciprofloksacin občutljivi patogeni.</s>
<s id="s6.2">Na voljo je v obliki filmsko obloženih tablet s takojšnjim sproščanjem, filmsko obloženih tablet s prirejenim sproščanjem, zrnc in raztopin za peroralno suspenzijo, raztopin za infundiranje v vrečkah ter raztopin za infundiranje v stekleničkah in vrečkah.</s>
<s id="s7.1">Francija je dne 22. junija 2007 agenciji EMEA predložila napotitev v skladu s členom 30 Direktive 2001/ 83/ ES, kakor je bila spremenjena, za uskladitev na nacionalni ravni odobrenih povzetkov glavnih značilnosti zdravila (SPC), označevanj in navodil za uporabo zdravila Cyprofloxacin Bayer in povezanih imen.</s>
<s id="s8.1">Podlaga za napotitev so bila razhajanja med povzetki glavnih značilnosti zdravila (SPC) Ciprofloxacin Bayer in povezanih imen, ki so bili odobreni v državah članicah EU, zlasti v zvezi z indikacijami, odmerjanjem, kontraindikacijami ter posebnimi opozorili in previdnostnimi ukrepi.</s>
<s id="s9.1">Zdravilo spada na seznam zdravil iz leta 2007, katerih povzetke glavnih značilnosti zdravila je treba uskladiti.</s>
<s id="s10.1">Postopek se je začel dne 19. julija 2007.</s>
<s id="s10.2">Imetnik dovoljenja za promet je dne 23. novembra 2007 in 22. aprila 2008 priskrbel dodatne informacije.</s>
<s id="s11.1">Med svojim zasedanjem julija 2008 je CHMP na osnovi vseh predloženih podatkov in znanstvene razprave v Odboru menil, da je predlog za uskladitev povzetkov glavnih značilnosti zdravila, označevanj in navodil za uporabo sprejemljiv in da bi bilo treba navedene dokumente dopolniti.</s>
<s id="s12.1">CHMP je dne 24. julija 2008 izdal pozitivno mnenje, s katerim priporoča uskladitev povzetkov glavnih značilnosti zdravila, označevanj in navodil za uporabo za zdravilo Ciprofloxacin Bayer in povezana imena.</s>
<s id="s13.1">Seznam zadevnih imen zdravil je naveden v Dodatku I.</s>
<s id="s13.2">Znanstveni zaključki so na voljo v Dodatku II, dopolnjeni povzetek glavnih značilnosti zdravila, označevanje in navodilo za uporabo pa v Dodatku III.</s>
<s id="s14.1">Odločbo je Evropska komisija izdala 7. oktobra 2008.</s>
<s id="s15.1">7 Westferry Circus, Canary Wharf, London, E14 4HB, UK Tel.</s>
<s id="s15.2">(44- 20) 74 18 84 00 Fax (44- 20) 74 18 86 13 E- mail: mail@ emea. europa. eu http: // www. emea. europa. eu © European Medicines Agency, 2008.</s>
<s id="s15.3">Reproduction is authorised provided the source is acknowledged.</s>
</body>
</letsmt>
