<?xml version="1.0" encoding="utf-8"?>
<letsmt version="1.0">
<head></head>
<body>
<s id="s1.1">EU številka</s>
<s id="s2.1">Izmišljeno ime</s>
<s id="s3.1">Jakost</s>
<s id="s4.1">Farmacevtska oblika</s>
<s id="s5.1">Ciljna živalska vrsta</s>
<s id="s6.1">Način uporabe zdravila</s>
<s id="s7.1">Ovojnina</s>
<s id="s8.1">Velikost pakiranja</s>
<s id="s9.1">Karenca</s>
<s id="s10.1">EU/ 2/ 00/ 028/ 002 ZUBRIN</s>
<s id="s11.1">50 mg</s>
<s id="s12.1">Oralni liofilizat</s>
<s id="s13.1">Psi</s>
<s id="s14.1">Peroralno dajanje</s>
<s id="s15.1">Pretisni omot (Alu/ Alu)</s>
<s id="s16.1">1 Pretisni omot (10 Oralni liofilizat)</s>
<s id="s17.1">Navedba smiselno ni potrebna</s>
<s id="s18.1">EU/ 2/ 00/ 028/ 003 ZUBRIN</s>
<s id="s19.1">50 mg</s>
<s id="s20.1">Oralni liofilizat</s>
<s id="s21.1">Psi</s>
<s id="s22.1">Peroralno dajanje</s>
<s id="s23.1">Pretisni omot (Alu/ Alu)</s>
<s id="s24.1">3 Pretisni omot (30 Oralni liofilizat)</s>
<s id="s25.1">Navedba smiselno ni potrebna</s>
<s id="s26.1">EU/ 2/ 00/ 028/ 004 ZUBRIN</s>
<s id="s27.1">100 mg</s>
<s id="s28.1">Oralni liofilizat</s>
<s id="s29.1">Psi</s>
<s id="s30.1">Peroralno dajanje</s>
<s id="s31.1">Pretisni omot (Alu/ Alu)</s>
<s id="s32.1">1 Pretisni omot (10 Oralni liofilizat)</s>
<s id="s33.1">Navedba smiselno ni potrebna</s>
<s id="s34.1">EU/ 2/ 00/ 028/ 005 ZUBRIN</s>
<s id="s35.1">100 mg</s>
<s id="s36.1">Oralni liofilizat</s>
<s id="s37.1">Psi</s>
<s id="s38.1">Peroralno dajanje</s>
<s id="s39.1">Pretisni omot (Alu/ Alu)</s>
<s id="s40.1">3 Pretisni omot (30 Oralni liofilizat)</s>
<s id="s41.1">Navedba smiselno ni potrebna</s>
<s id="s42.1">EU/ 2/ 00/ 028/ 006 ZUBRIN</s>
<s id="s43.1">200 mg</s>
<s id="s44.1">Oralni liofilizat</s>
<s id="s45.1">Psi</s>
<s id="s46.1">Peroralno dajanje</s>
<s id="s47.1">Pretisni omot (Alu/ Alu)</s>
<s id="s48.1">1 Pretisni omot (10 Oralni liofilizat)</s>
<s id="s49.1">Navedba smiselno ni potrebna</s>
<s id="s50.1">EU/ 2/ 00/ 028/ 007 ZUBRIN</s>
<s id="s51.1">200 mg</s>
<s id="s52.1">Oralni liofilizat</s>
<s id="s53.1">Psi</s>
<s id="s54.1">Peroralno dajanje</s>
<s id="s55.1">Pretisni omot (Alu/ Alu)</s>
<s id="s56.1">3 Pretisni omot (30 Oralni liofilizat)</s>
<s id="s57.1">Navedba smiselno ni potrebna</s>
<s id="s58.1">EU/ 2/ 00/ 028/ 008 ZUBRIN</s>
<s id="s59.1">200 mg</s>
<s id="s60.1">Oralni liofilizat</s>
<s id="s61.1">Psi</s>
<s id="s62.1">Peroralno dajanje</s>
<s id="s63.1">Pretisni omot (Alu/ Alu)</s>
<s id="s64.1">6 Pretisni omot (60 Oralni liofilizat)</s>
<s id="s65.1">Navedba smiselno ni potrebna</s>
<s id="s66.1">CVMP/ 221/ 01</s>
<s id="s67.1">1/ 1</s>
<s id="s68.1"></s>
<s id="s69.1">EMEA 2005</s>
</body>
</letsmt>
