<?xml version="1.0" encoding="utf-8"?>
<letsmt version="1.0">
<head></head>
<body>
<s id="s1.1">EU Number</s>
<s id="s2.1">Invented Name Strength</s>
<s id="s3.1">Pharmaceutical Target species Form</s>
<s id="s4.1">Route of administration</s>
<s id="s5.1">Packaging</s>
<s id="s6.1">Content Package size</s>
<s id="s7.1">Withdrawal period</s>
<s id="s8.1">EU/ 2/ 05/ 057/ 001</s>
<s id="s9.1">Equilis Prequenza Te</s>
<s id="s10.1">Purified haemaglutinin from equine influenza viruses:</s>
<s id="s11.1">Suspension for injection</s>
<s id="s12.1">Horses</s>
<s id="s13.1">Intramuscular</s>
<s id="s14.1">Vial (Type I glass) closed with a</s>
<s id="s15.1">1 dose</s>
<s id="s16.1">10 glass vials Zero days</s>
<s id="s17.1">A/ equine/ Prague/ 1/ 56 100 AU/ ml</s>
<s id="s18.1">halogenobutyl rubber stopper and aluminium</s>
<s id="s19.1">A/ equine/ Newmarket/ 1/ 93 50 AU/ ml</s>
<s id="s20.1">cap.</s>
<s id="s21.1">A/ equine/ Newmarket/ 2/ 93 50 AU/ ml</s>
<s id="s22.1">Tetanus toxoid ≥ 30 IU/ ml</s>
<s id="s23.1">EU/ 2/ 05/ 057/ 002</s>
<s id="s24.1">Equilis Prequenza Te</s>
<s id="s25.1">Purified haemaglutinin from equine influenza viruses:</s>
<s id="s25.2">A/ equine/ Prague/ 1/ 56 100 AU/ ml</s>
<s id="s26.1">Suspension for injection</s>
<s id="s27.1">Horses</s>
<s id="s28.1">Intramuscular</s>
<s id="s29.1">Pre-filled syringes (Type I glass) with a plunger and cap tip of</s>
<s id="s30.1">1 dose</s>
<s id="s31.1">10 pre-filled Zero days syringes</s>
<s id="s32.1">A/ equine/ Newmarket/ 1/ 93 50 AU/ ml</s>
<s id="s33.1">halogenobutyl rubber</s>
<s id="s34.1">A/ equine/ Newmarket/ 2/ 93 50 AU/ ml</s>
<s id="s35.1">Tetanus toxoid ≥ 30 IU/ ml</s>
<s id="s36.1">EMEA/ CVMP/ 204470/ 2005</s>
<s id="s37.1">1/ 2</s>
<s id="s38.1">©EMEA 2006</s>
<s id="s39.1">EU Number</s>
<s id="s40.1">Invented Name Strength</s>
<s id="s41.1">Pharmaceutical Target species Form</s>
<s id="s42.1">Route of administration</s>
<s id="s43.1">Packaging</s>
<s id="s44.1">Content Package size</s>
<s id="s45.1">Withdrawal period</s>
<s id="s46.1">EU/ 2/ 05/ 057/ 003</s>
<s id="s47.1">Equilis Prequenza Te</s>
<s id="s48.1">Purified haemaglutinin from equine influenza viruses:</s>
<s id="s48.2">A/ equine/ Prague/ 1/ 56 100 AU/ ml</s>
<s id="s49.1">Suspension for injection</s>
<s id="s50.1">Horses</s>
<s id="s51.1">Intramuscular</s>
<s id="s52.1">Pre-filled syringes (Type I glass) with a plunger and cap tip of</s>
<s id="s53.1">1 dose</s>
<s id="s54.1">1 pre-filled syringe</s>
<s id="s55.1">Zero days</s>
<s id="s56.1">A/ equine/ Newmarket/ 1/ 93 50 AU/ ml</s>
<s id="s57.1">halogenobutyl rubber</s>
<s id="s58.1">A/ equine/ Newmarket/ 2/ 93 50 AU/ ml</s>
<s id="s59.1">Tetanus toxoid ≥ 30 IU/ ml</s>
<s id="s60.1">EU/ 2/ 05/ 057/ 004</s>
<s id="s61.1">Equilis Prequenza Te</s>
<s id="s62.1">Purified haemaglutinin from equine influenza viruses:</s>
<s id="s62.2">A/ equine/ Prague/ 1/ 56 100 AU/ ml</s>
<s id="s63.1">Suspension for injection</s>
<s id="s64.1">Horses</s>
<s id="s65.1">Intramuscular</s>
<s id="s66.1">Pre-filled syringes (Type I glass) with a plunger and cap tip of</s>
<s id="s67.1">1 dose</s>
<s id="s68.1">5 pre-filled syringes</s>
<s id="s69.1">Zero days</s>
<s id="s70.1">A/ equine/ Newmarket/ 1/ 93 50 AU/ ml</s>
<s id="s71.1">halogenobutyl rubber</s>
<s id="s72.1">A/ equine/ Newmarket/ 2/ 93 50 AU/ ml</s>
<s id="s73.1">Tetanus toxoid ≥ 30 IU/ ml</s>
<s id="s74.1">EMEA/ CVMP/ 204470/ 2005</s>
<s id="s75.1">2/ 2</s>
<s id="s76.1">©EMEA 2006</s>
</body>
</letsmt>
