<?xml version="1.0" encoding="utf-8"?>
<letsmt version="1.0">
<head></head>
<body>
<s id="s1.1">DODATEK I</s>
<s id="s2.1">SEZNAM IMEN, FARMACEVTSKIH OBLIK, JAKOSTI ZDRAVILA, POTI UPORABE ZDRAVILA, PREDLAGATELJEV, IMETNIKOV DOVOLJENJA ZA PROMET Z ZDRAVILOM V DRŽAVAH ČLANICAH</s>
<s id="s3.1">1 Država članica</s>
<s id="s4.1">Imetnik dovoljenja za promet z zdravilom</s>
<s id="s5.1">Izmišljeno ime Ime</s>
<s id="s6.1">Jakost</s>
<s id="s7.1">Farmacevtska oblika</s>
<s id="s8.1">Pot uporabe zdravila</s>
<s id="s9.1">AT - Avstrija</s>
<s id="s10.1">Bayer Austria Gesellschaft m. b. H.</s>
<s id="s10.2">Herbststraße 6- 10 1160 Wien Avstrija</s>
<s id="s11.1">Avelox</s>
<s id="s12.1">400 mg - Filmtabletten</s>
<s id="s13.1">400 mg</s>
<s id="s14.1">Filmsko obložena tableta</s>
<s id="s15.1">Peroralna uporaba</s>
<s id="s16.1">BE - Belgija</s>
<s id="s17.1">Bayer s. a. - n. v.</s>
<s id="s17.2">Avenue Louise 143 B- 1050 Bruxelles Belgija</s>
<s id="s18.1">AVELOX</s>
<s id="s19.1">400 MG</s>
<s id="s20.1">400 mg</s>
<s id="s21.1">Filmsko obložena tableta</s>
<s id="s22.1">Peroralna uporaba</s>
<s id="s23.1">CY - Ciper</s>
<s id="s24.1">Bayer Hellas S. A.</s>
<s id="s24.2">Sorou 18- 20 151 25 Marousi Athens Grčija</s>
<s id="s25.1">AVELOX</s>
<s id="s26.1">400 mg</s>
<s id="s27.1">Filmsko obložena tableta</s>
<s id="s28.1">Peroralna uporaba</s>
<s id="s29.1">CZ - Češka</s>
<s id="s30.1">Bayer HealthCare AG 51368 Leverkusen Nemčija</s>
<s id="s31.1">Avelox</s>
<s id="s32.1">400 mg</s>
<s id="s33.1">Filmsko obložena tableta</s>
<s id="s34.1">Peroralna uporaba</s>
<s id="s35.1">DE - Nemčija</s>
<s id="s36.1">Bayer Vital GmbH 51368 Leverkusen Nemčija</s>
<s id="s37.1">Avalox</s>
<s id="s38.1">400 mg Filmtabletten</s>
<s id="s39.1">400 mg</s>
<s id="s40.1">Filmsko obložena tableta</s>
<s id="s41.1">Peroralna uporaba</s>
<s id="s42.1">DK - Danska</s>
<s id="s43.1">Bayer HealthCare AG 51368 Leverkusen Nemčija</s>
<s id="s44.1">Avelox</s>
<s id="s45.1">400 mg</s>
<s id="s46.1">Filmsko obložena tableta</s>
<s id="s47.1">Peroralna uporaba</s>
<s id="s48.1">EE - Estonija</s>
<s id="s49.1">Bayer HealthCare AG 51368 Leverkusen Nemčija</s>
<s id="s50.1">Avelox</s>
<s id="s51.1">400 mg</s>
<s id="s52.1">Filmsko obložena tableta</s>
<s id="s53.1">Peroralna uporaba</s>
<s id="s54.1">EL - Grčija</s>
<s id="s55.1">Bayer Hellas S. A.</s>
<s id="s55.2">Sorou 18- 20 151 25 Marousi Athens Grčija</s>
<s id="s56.1">Avelox</s>
<s id="s57.1">400 mg</s>
<s id="s58.1">Filmsko obložena tableta</s>
<s id="s59.1">Peroralna uporaba</s>
<s id="s60.1">ES - Španija</s>
<s id="s61.1">RECORDATI ESPAÑA, SL</s>
<s id="s62.1">HAVELOX</s>
<s id="s63.1">400 mg comprimidos 400 mg</s>
<s id="s64.1">Filmsko obložena tableta</s>
<s id="s65.1">Peroralna uporaba</s>
<s id="s66.1">Crta.</s>
<s id="s66.2">De Zeneta, 149 30588 Murcia Španija</s>
<s id="s67.1">recubiertos con película</s>
<s id="s68.1">2 FI - Finska</s>
<s id="s69.1">Bayer HealthCare AG 51368 Leverkusen Nemčija</s>
<s id="s70.1">Avelox</s>
<s id="s71.1">400 mg</s>
<s id="s72.1">Filmsko obložena tableta</s>
<s id="s73.1">Peroralna uporaba</s>
<s id="s74.1">FR - Francija</s>
<s id="s75.1">BAYER SANTE 13, rue Jean Jaurès 92807 PUTEAUX CEDEX Francija</s>
<s id="s76.1">IZILOX</s>
<s id="s77.1">400 mg, comprimé pelliculé</s>
<s id="s78.1">400 mg</s>
<s id="s79.1">Filmsko obložena tableta</s>
<s id="s80.1">Peroralna uporaba</s>
<s id="s81.1">HU - Madžarska</s>
<s id="s82.1">Bayer Hungária Kft Alkotás ut. 50 1123 Budapest Madžarska</s>
<s id="s83.1">AVELOX</s>
<s id="s84.1">400 mg</s>
<s id="s85.1">Filmsko obložena tableta</s>
<s id="s86.1">Peroralna uporaba</s>
<s id="s87.1">IE - Irska</s>
<s id="s88.1">Bayer Limited The Atrium Blackthorn Road Dublin 18 Irska</s>
<s id="s89.1">Avelox</s>
<s id="s90.1">400 mg</s>
<s id="s91.1">Filmsko obložena tableta</s>
<s id="s92.1">Peroralna uporaba</s>
<s id="s93.1">IT - Italija</s>
<s id="s94.1">Bayer S. p. A.</s>
<s id="s94.2">Viale Certosa, 130 20156 Milano Italija</s>
<s id="s95.1">AVALOX</s>
<s id="s96.1">400 mg</s>
<s id="s97.1">Filmsko obložena tableta</s>
<s id="s98.1">Peroralna uporaba</s>
<s id="s99.1">LT - Litva</s>
<s id="s100.1">Bayer HealthCare AG 51368 Leverkusen Nemčija</s>
<s id="s101.1">Avelox</s>
<s id="s102.1">400 mg</s>
<s id="s103.1">Filmsko obložena tableta</s>
<s id="s104.1">Peroralna uporaba</s>
<s id="s105.1">LU - Luksemburg</s>
<s id="s106.1">Bayer s. a. - n. v.</s>
<s id="s106.2">Avenue Louise 143 B- 1050 Bruxelles Belgija</s>
<s id="s107.1">Avelox</s>
<s id="s108.1">400 mg</s>
<s id="s109.1">Filmsko obložena tableta</s>
<s id="s110.1">Peroralna uporaba</s>
<s id="s111.1">LV - Latvija</s>
<s id="s112.1">Bayer HealthCare AG 51368 Leverkusen Nemčija</s>
<s id="s113.1">Avelox</s>
<s id="s114.1">400 mg</s>
<s id="s115.1">Filmsko obložena tableta</s>
<s id="s116.1">Peroralna uporaba</s>
<s id="s117.1">MT - Malta</s>
<s id="s118.1">Bayer Vital GmbH 51368 Leverkusen Nemčija</s>
<s id="s119.1">Avalox</s>
<s id="s120.1">400 mg</s>
<s id="s121.1">Filmsko obložena tableta</s>
<s id="s122.1">Peroralna uporaba</s>
<s id="s123.1">NL - Nizozemska</s>
<s id="s124.1">Bayer BV Energieweg 1 3641 RT Mijdrecht Nizozemska</s>
<s id="s125.1">Avelox</s>
<s id="s126.1">400 mg tabletten</s>
<s id="s127.1">400 mg</s>
<s id="s128.1">Filmsko obložena tableta</s>
<s id="s129.1">Peroralna uporaba</s>
<s id="s130.1">3 PL - Poljska</s>
<s id="s131.1">Bayer HealthCare AG 51368 Leverkusen Nemčija</s>
<s id="s132.1">Avelox</s>
<s id="s133.1">400 mg</s>
<s id="s134.1">Filmsko obložena tableta</s>
<s id="s135.1">Peroralna uporaba</s>
<s id="s136.1">PT - Portugalska</s>
<s id="s137.1">BayHealth - Comercialização de Produtos Farmacêuticos Unipessoal, Lda.</s>
<s id="s137.2">Rua Quinta do Pinheiro, 5 2794- 003 Carnaxide Portugalska</s>
<s id="s138.1">Avelox</s>
<s id="s139.1">400 mg</s>
<s id="s140.1">Filmsko obložena tableta</s>
<s id="s141.1">Peroralna uporaba</s>
<s id="s142.1">SE - Švedska</s>
<s id="s143.1">Bayer HealthCare AG 51368 Leverkusen Nemčija</s>
<s id="s144.1">Avelox</s>
<s id="s145.1">400 mg</s>
<s id="s146.1">Filmsko obložena tableta</s>
<s id="s147.1">Peroralna uporaba</s>
<s id="s148.1">SI - Slovenija</s>
<s id="s149.1">BAYER d. o. o.</s>
<s id="s150.1">AVELOX</s>
<s id="s151.1">400 mg filmsko obložene</s>
<s id="s152.1">400 mg</s>
<s id="s153.1">Filmsko obložena tableta</s>
<s id="s154.1">Peroralna uporaba</s>
<s id="s155.1">Bravničarjeva 13 1000 Ljubljana Slovenija</s>
<s id="s156.1">tablete</s>
<s id="s157.1">SK - Slovaška</s>
<s id="s158.1">Bayer HealthCare AG 51 368 Leverkusen Nemčija</s>
<s id="s159.1">AVELOX 400</s>
<s id="s160.1">400 mg</s>
<s id="s161.1">Filmsko obložena tableta</s>
<s id="s162.1">Peroralna uporaba</s>
<s id="s163.1">UK – Velika Britanija</s>
<s id="s164.1">Bayer plc Bayer Schering Pharma Bayer House Strawberry Hill Newbury Berkshire RG14 1JA Velika Britanija</s>
<s id="s165.1">Avelox 400mg Tablets</s>
<s id="s166.1">400 mg</s>
<s id="s167.1">Filmsko obložena tableta</s>
<s id="s168.1">Peroralna uporaba</s>
<s id="s169.1">4 DODATEK II</s>
<s id="s170.1">ZNANSTVENI ZAKLJUČKI IN PODLAGA ZA DOPOLNILO POVZETKA GLAVNIH ZNAČILNOSTI ZDRAVILA IN NAVODILA ZA UPORABO, KI JIH JE PREDSTAVILA EVROPSKA AGENCIJA ZA ZDRAVILA</s>
<s id="s171.1">5 ZNANSTVENI ZAKLJUČKI</s>
<s id="s172.1">Uvod</s>
<s id="s173.1">Avalox – filmsko obložene tablete vsebujejo 400 mg moksifloksacina v obliki klorida.</s>
<s id="s173.2">Zdravilo je odobreno za zdravljenje spodaj naštetih bakterijskih okužb, če jih povzročajo bakterije, občutljive na moksifloksacin:</s>
<s id="s174.1">- akutnega poslabšanja kroničnega bronhitisa,</s>
<s id="s175.1">- zunajbolnišnične pljučnica, razen v hudih primerih,</s>
<s id="s176.1">- akutnega bakterijskega sinuzitisa (ustrezno diagnosticiranega).</s>
<s id="s177.1">Tablete je treba jemati peroralno enkrat dnevno največ 10 dni, odvisno od indikacije.</s>
<s id="s177.2">V kliničnih študijah so raziskovali tablete pri zdravljenju, ki je trajalo do 14 dni.</s>
<s id="s177.3">Zdravilo Avalox je bilo prvič odobreno junija 1999.</s>
<s id="s178.1">Ta postopek je napotitev na podlagi postopka medsebojnega priznavanja v zvezi z zgornjo vlogo za spremembo, ki je bila za zdravilo Avalox – filmsko obložene tablete Nemčiji kot referenčni državi članici in zadevnim državam članicam AT, BE, CY, CZ, DK, EE, EL, ES, FI, FR, HU, IE, IT, LT, LU, LV, MT, NL, PL, PT, SE, SI, SK in UK predložena dne 5. decembra 2006.</s>
<s id="s178.2">Ta postopek medsebojnega priznavanja za prijavljeno spremembo se je pričel 7. decembra 2006.</s>
<s id="s179.1">Vloga za odobritev spremembe po postopku medsebojnega priznavanja DE/ H/ 155/ 01/ II/ 38 je zadevala razširitev indikacije, tako da bi vključevala zdravljenje blagih do zmernih pelvičnih vnetnih bolezni tj. okužb zgornjega genitalnega trakta, vključno s salpingitisom in endometritisom.</s>
<s id="s180.1">Med postopkom medsebojnega priznavanja za prijavljeno spremembo so bili izraženi ugovori in pomisleki glede učinkovitosti in varnosti zdravila Avalox pri predlagani indikaciji.</s>
<s id="s180.2">Ob upoštevanju teh pomislekov je Belgija med postopkom medsebojnega priznavanja izrazila mnenje, da pozitivno razmerje med koristmi in tveganji ni bilo dokazano ter da je treba predložiti tehtnejše dokaze, na podlagi česar bi bilo mogoče odobriti zahtevano indikacijo.</s>
<s id="s181.1">Ker ti pomisleki med postopkom za odobritev spremembe niso bili razrešeni, je Belgija 19. oktobra 2007 obvestila odbor CHMP o uradni napotitvi na arbitražo v skladu s členom 6( 12) Uredbe Komisije (ES) št.</s>
<s id="s181.2">1084/ 2003.</s>
<s id="s182.1">Glavne nerešene zadeve, ki jih je kot pomislek navedla Belgija, so bile z vidika učinkovitosti pojavljanje sevov N. gonorrhoeae, odpornih na moksifloksacin, ter izvedljivost zdravljenja za predlagano indikacijo v klinični praksi.</s>
<s id="s182.2">Z vidika varnosti so pomisleke vzbujali daljše trajanje zdravljenja, tveganje za učinke na hrustanec pri mladih bolnikih ter tveganje za podaljšanje intervala QT.</s>
<s id="s183.1">Napotitveni postopek se je pričel 15. novembra 2007 s sprejetjem seznama vprašanj CHMP, naslovljenih na imetnike dovoljenja za promet z zdravilom.</s>
<s id="s184.1">Učinkovitost</s>
<s id="s185.1">Med postopkom za odobritev spremembe pred tem postopkom napotitve se je izkazalo, da se je treba izogibati empiričnemu zdravljenju pelvečnih vnetnih bolezni z moksifloksacinom zaradi velikega deleža N. gonorrhoeae, odpornih na moksifloksacin in druge kinolone.</s>
<s id="s185.2">Vendar pa se je pojavilo vprašanje, da to morda ne bi bilo združljivo s klinično prakso.</s>
<s id="s186.1">Pregled razpoložljivih smernic in podatkov o klinični učinkovitosti je pokazal, da je moksifloksacin mogoče uporabljati za zdravljenje pelvičnih vnetnih bolezni v obliki monoterapije šele potem, ko so na voljo rezultati mikrobiološkega testiranja.</s>
<s id="s186.2">V klinični praksi so taki primeri omejeni na primere, ko</s>
<s id="s187.1">6 kombinacija z odobreno učinkovino proti N. gonorrhoeae, odporno na fluorokinolone, ni možna, ali na primere, ko drugo zdravljenje ni bilo uspešno.</s>
<s id="s188.1">CHMP je menil, da se moksifloksacin zaradi pojava na fluorokinolone odpornih sevov N. gonorrhoeae ne sme uporabljati v empirični monoterapiji blagih do zmernih pelvičnih vnetnih bolezni, razen če je mogoče izključiti odpornost na moksifloksacin.</s>
<s id="s188.2">V klinični praksi bi to pomenilo, da se moksifloksacin uporablja v kombinaciji z odobreno učinkovino proti N. gonorrhoeae, odporno na fluorokinolone, (npr. cefalosporinom) za empirično zdravljenje pelvičnih vnetnih bolezni, razen če je mogoče izključiti N. gonorrhoeae, odporno na moksifloksacin.</s>
<s id="s189.1">Da bi lahko zajeli vse etiološke dejavnike pelvičnih vnetnih bolezni, je potrebna empirična aplikacija v kombinaciji z drugim razredom antibiotikov, kot so npr. cefalosporini (npr. ceftriakson 250 mg intramuskularno v enkratnem odmerku), kar bi bilo podobno kot pri drugih priporočenih shemah zdravljenja, ki se dajejo v kombinaciji.</s>
<s id="s190.1">Čeprav je dobro znano, da monoterapija poveča komplianco, ta primer kombiniranega zdravljenja kompliance ne bi zmanjšal, saj bi bilo predlagani cefalosporin treba dati samo enkrat ob obisku pri zdravniku, nato pa bi se nadaljevalo peroralno jemanje zgolj moksifloksacina.</s>
<s id="s190.2">Čeprav je znano, da je pri približno 95% žensk s pelvičnimi vnetnimi boleznimi to kombinirano zdravljenje „ prekomerno “, to dejstvo ne odtehta možnega tveganja nezdravljenja približno 5% pretežno zelo mlade populacije, pri kateri bi lahko prišlo do resnih dolgoročnih posledic.</s>
<s id="s191.1">Varnost</s>
<s id="s192.1">V tem napotitvenem postopku se je CHMP osredotočil na tveganje za pogostejše podaljšanje intervala QT pri ženskah glede na podaljšano shemo zdravljenja pelvičnih vnetnih bolezni (14 dni v primerjavi s 5– 10 dni), na tveganje sočasnega dajanja z drugimi snovmi, ki vplivajo na interval QT, ter na možne neželene učinke na hrustanec pri zdravljeni populaciji.</s>
<s id="s193.1">Podaljšanje intervala QT je znan neželen učinek moksifloksacina.</s>
<s id="s193.2">Razpoložljivi podatki niso izkazovali dokazov za povečano srčno obolevnost, povezano s peroralnim zdravljenjem z moksifloksacinom, v primerjavi s primerjalnim zdravljenjem z antibiotiki, zlasti v populaciji mlajših žensk, čeprav so bili v drugih študijah podaljšanje intervala QT in „ torsades de pointes “ pogostejši pri ženskah kot pri moških.</s>
<s id="s193.3">Ženske s pelvičnimi vnetnimi boleznimi so običajno mlade ženske z malo osnovnimi boleznimi in sočasnimi zdravljenji.</s>
<s id="s193.4">Analiza pogostosti neželenih učinkov na srce ni razkrila nobene posebne podskupine bolnikov s pelvičnimi vnetnimi boleznimi, za katere bi moksifloksacin pomenil večje tveganje kot primerjalna zdravila.</s>
<s id="s194.1">CHMP je menil, da na splošno ženske, ki se zaradi pelvičnih vnetnih bolezni zdravijo do 14 dni, niso izpostavljene povečanemu tveganju neželenih učinkov na srce v primerjavi s krajšim trajanjem zdravljenja pri drugih indikacijah.</s>
<s id="s195.1">Kar zadeva celokupne neželene učinke na srce, niso opazili razlik med kratkim (do 5 dni) in daljšim trajanjem (do 15 dni) zdravljenja z moksifloksacinom.</s>
<s id="s195.2">Poleg tega je bilo tveganje za podaljšanje intervala QT že zadostno obravnavano v informacijah o zdravilu, imetnik dovoljenja za promet z zdravilom pa bo ta vidik ustrezno spremljal v okviru ureditve po pridobitvi dovoljenja za promet z zdravilom.</s>
<s id="s196.1">Vendar pa je CHMP menil, da mora imetnik dovoljenja za promet z zdravilom podaljšanje intervala QT pri pelvičnih vnetnih boleznih temeljito obravnavati v prihodnjih periodičnih posodobitvenih varnostnih poročilih (PSUR).</s>
<s id="s196.2">Imetnik dovoljenja za promet z zdravilom se je zavezal, da bo ta neželeni učinek spremljal v prihodnjih PSUR- ih ter da bo predložil posodobljen načrt za obvladovanje tveganj, v katerem bo upoštevana nova indikacija za zdravljenje blagih do zmernih pelvičnih vnetnih bolezni.</s>
<s id="s197.1">7 Zaradi možnega tveganja neželenih učinkov na hrustanec pri bolnikih, mlajših od 18 let, in dejstva, da pelvične vnetne bolezni prizadenejo zlasti mlade ženske, je bilo obstoječe besedilo kontraindikacije pri otrocih in mladostnikih podrobneje opredeljeno, in sicer tako, da je zdravilo kontraindicirano pri bolnikih, mlajših od 18 let.</s>
<s id="s198.1">V splošnem je CHMP sklenil, da je razmerje med koristmi in tveganji za moksifloksacin pri indikaciji pelvične vnetne bolezni v obdobju 14 dni pozitivno.</s>
<s id="s198.2">Informacije in priporočila o ukrepih pred predpisovanjem moksifloksacina so ustrezno obravnavani v poglavjih „ kontraindikacije “ in „ opozorila – previdnostni ukrepi pri uporabi “ povzetka glavnih značilnosti zdravila in navodila za uporabo.</s>
<s id="s199.1">8 PODLAGA ZA DOPOLNILO POVZETKA GLAVNIH ZNAČILNOSTI ZDRAVILA IN NAVODILA ZA UPORABO</s>
<s id="s200.1">- Odbor je preučil napotitev, pripravljeno v skladu s členom 6( 12) Uredbe Komisije (ES) št.</s>
<s id="s201.1">1084/ 2003, za zdravilo Avalox in z njim povezana imena (glejte Dodatek I).</s>
<s id="s202.1">- Odbor je sklenil, da so na voljo trdni podatki, ki dokazujejo učinkovitost zdravila Avalox pri</s>
<s id="s203.1">indikaciji „ zdravljenje blagih do zmernih pelvičnih vnetnih bolezni, tj. okužb zgornjega genitalnega trakta, vključno s salpingitisom in endometritisom “, vendar pa se moksifloksacin zaradi pojava odpornosti na N. gonorrhoeae ne sme uporabljati v empirični monoterapiji, razen če je mogoče izključiti N. gonorrhoeae, odporno na moksifloksacin.</s>
<s id="s204.1">- Odbor je menil, da pri zahtevani indikaciji v primerjavi s predhodno odobrenimi indikacijami ni</s>
<s id="s205.1">pričakovati dodatnih varnostnih pomislekov.</s>
<s id="s206.1">- Odbor je ob upoštevanju predloženih podatkov o učinkovitosti in varnosti menil, da je razmerje med</s>
<s id="s207.1">koristmi in tveganji za zdravilo Avalox in z njim povezana imena pri „ zdravljenju blagih do zmernih pelvičnih vnetnih bolezni, tj. okužb zgornjega genitalnega trakta, vključno s salpingitisom in endometritisom “, upoštevaje omejitve glede empirične monoterapije, ugodno.</s>
<s id="s208.1">- CHMP je posledično priporočal dopolnitev poglavij 4. 1, 4. 2, 4. 3, 4. 4, 5. 1 in 5. 2 povzetka glavnih</s>
<s id="s209.1">značilnosti zdravila ter ustreznih poglavij navodila za uporabo, kot je navedeno v Dodatku III za zdravilo Avalox in z njim povezana imena (glejte Dodatek I).</s>
<s id="s210.1">9 DODATEK III</s>
<s id="s211.1">DODATKI K POVZETKU GLAVNIH ZNAČILNOSTI ZDRAVILA IN NAVODILU ZA UPORABO (LE ZADEVNA POGLAVJA)</s>
<s id="s212.1">10 POVZETEK GLAVNIH ZNAČILNOSTI ZDRAVILA</s>
<s id="s213.1">11 4.</s>
<s id="s213.2">KLINIČNI PODATKI</s>
<s id="s214.1">4. 1 Terapevtske indikacije</s>
<s id="s215.1">Filmsko obložene tablete [izmišljeno ime] 400 mg so indicirane za zdravljenje naslednjih bakterijskih okužb:</s>
<s id="s216.1">- akutne eksacerbacije kroničnega bronhitisa,</s>
<s id="s217.1">- pljučnice, pridobljene v domačem okolju, razen hudih oblik,</s>
<s id="s218.1">- akutnega bakterijskega vnetja obnosnih votlin (ustrezno diagnosticirano),</s>
<s id="s219.1">- blaga do zmerna medenična vnetna bolezen (tj. okužbe ženskih notranjih genitalij, tudi</s>
<s id="s220.1">salpingitis in endometritis), brez spremljajočega tuboovarijskega ali medeničnega abscesa.</s>
<s id="s220.2">Pri blagih do zmernih medeničnih vnetnih boleznih zdravila [izmišljeno ime] 400 mg filmsko obložene tablete ni priporočljivo uporabljati v monoterapiji, ampak ga je treba zaradi naraščajoče odpornosti bakterije Neisseria gonorrhoeae proti moksifloksacinu predpisati v kombinaciji z drugim ustreznim protibakterijskim zdravilom (npr. s cefalosporinom), razen v primeru, ko je mogoče izključiti prisotnost proti moksifloksacinu odporne bakterije Neisseria gonorrhoeae (glejte poglavji 4. 4 in 5. 1).</s>
<s id="s221.1">Filmsko obložene tablete [izmišljeno ime] 400 mg so indicirane za zdravljenje naštetih okužb, če jih povzročajo bakterije, občutljive za moksifloksacin.</s>
<s id="s222.1">Upoštevati je treba uradne smernice o pravilni uporabi protimikrobnih zdravil.</s>
<s id="s223.1">4. 2 Odmerjanje in način uporabe</s>
<s id="s224.1">Odmerjanje (odrasli) Ena 400 mg filmsko obložena tableta enkrat na dan.</s>
<s id="s225.1">Motnje v delovanju ledvic/ jeter Bolnikom z blago do hudo oslabljeno ledvično funkcijo ali bolnikom na kronični dializi (hemodializi in kontinuirani ambulantni peritonealni dializi) odmerka ni treba prilagajati (za podrobnosti glejte poglavje 5. 2).</s>
<s id="s225.2">Podatki, s katerimi bi podprli uporabo moksifloksacina pri bolnikih z oslabljeno jetrno funkcijo, so pomanjkljivi (glejte poglavje 4. 3).</s>
<s id="s226.1">Druge posebne skupine Starejšim bolnikom in bolnikom z majhno telesno maso odmerka ni treba prilagajati.</s>
<s id="s227.1">Otroci in mladostniki Moksifloksacin je kontraindiciran pri otrocih in mladostnikih (&lt; 18 let).</s>
<s id="s227.2">Varnosti in učinkovitosti uporabe moksifloksacina pri otrocih in mladostnikih niso dokazovali (glejte poglavje 4. 3).</s>
<s id="s228.1">Način uporabe Filmsko obloženo tableto je treba pogoltniti celo z dovolj tekočine, lahko pa se jo zaužije s hrano ali brez nje.</s>
<s id="s229.1">Trajanje zdravljenja Zdravljenje z zdravilom [izmišljeno ime] 400 mg filmsko obložene tablete naj bi trajalo kot je navedeno:</s>
<s id="s230.1">- akutna eksacerbacija kroničnega bronhitisa:</s>
<s id="s231.1">5 – 10 dni,</s>
<s id="s232.1">- pljučnica, pridobljena v domačem okolju:</s>
<s id="s233.1">10 dni,</s>
<s id="s234.1">- akutno vnetje obnosnih votlin:</s>
<s id="s234.2">7 dni,</s>
<s id="s235.1">- blaga do zmerna medenilna vnetna bolezen:</s>
<s id="s236.1">14 dni.</s>
<s id="s237.1">12 [izmišljeno ime] 400 mg filmsko obložene tablete so preučevali v kliničnih študijah, v katerih je zdravljenje trajalo največ 14 dni.</s>
<s id="s238.1">Priporočenega odmerka (400 mg enkrat na dan) se ne sme prekoračiti, zdravljenje pa ne sme trajati dlje, kot je za indikacijo priporočeno.</s>
<s id="s239.1">4. 3 Kontraindikacije</s>
<s id="s240.1">- preobčutljivost za moksifloksacin, druge kinolone ali katerokoli pomožno snov</s>
<s id="s241.1">- nosečnost in dojenje (glejte poglavje 4. 6)</s>
<s id="s242.1">- bolniki, mlajši od 18 let</s>
<s id="s243.1">- bolniki z boleznimi kit v anamnezi ali z motnjami, ki so posledica zdravljenja s kinoloni</s>
<s id="s244.1">Tako v predkliničnih študijah kot tudi v študijah pri ljudeh so med zdravljenjem z moksifloksacinom opazili spremembe elektrofiziologije srca (v obliki podaljšane QT dobe).</s>
<s id="s244.2">Zaradi varnostnih razlogov je uporaba moksifloksacina kontraindicirana pri bolnikih s/ z:</s>
<s id="s245.1">- prirojenim ali dokazano pridobljenim podaljšanjem dobe QT,</s>
<s id="s246.1">- motnjami elektrolitskega ravnotežja, zlasti z neizboljšano hipokaliemijo,</s>
<s id="s247.1">- klinično pomembno bradikardijo,</s>
<s id="s248.1">- klinično pomembnim srčnim popuščanjem in zmanjšano iztisno frakcijo levega prekata,</s>
<s id="s249.1">- simptomatskimi aritmijami v anamnezi.</s>
<s id="s250.1">Moksifloksacina se ne sme uporabljati sočasno z drugimi zdravili, ki podaljšujejo interval QT (glejte tudi poglavje 4. 5).</s>
<s id="s251.1">Zaradi omejenih kliničnih podatkov je uporaba moksifloksacina kontraindicirana tudi pri bolnikih z oslabljeno jetrno funkcijo (Child Pugh C) in pri bolnikih z zvečanimi vrednostmi transaminaz (ki so več kot petkrat večje od normalnih).</s>
<s id="s252.1">4. 4 Posebna opozorila in previdnostni ukrepi</s>
<s id="s253.1">- Poročali so o preobčutljivostnih in alergijskih reakcijah fluorokinolonov (tudi moksifloksacina)</s>
<s id="s254.1">po prvi uporabi.</s>
<s id="s254.2">Anafilaktične reakcije lahko privedejo do življenjsko ogrožujočega šoka celo po prvi uporabi.</s>
<s id="s254.3">V teh primerih je treba z uporabo moksifloksacina prekiniti in začeti z ustreznim zdravljenjem (npr. zdravljenje šoka).</s>
<s id="s255.1">- Elektrokardiogram nekaterih bolnikov je pokazal, da moksifloksacin podaljša interval QTc.</s>
<s id="s256.1">Analiza elektrokardiogramov, ki so jih opravili v programu kliničnih študij, je pokazala, da moksifloksacin podaljša interval QTc za 6 msec, ± 26 msec (1, 4% v primerjavi z izhodiščno vrednostjo).</s>
<s id="s256.2">Pri bolnikih, ki jemljejo moksifloksacin, je treba zdravila, ki lahko zmanjšajo vrednosti kalija, uporabljati previdno.</s>
<s id="s256.3">Pri bolnikih z napredujočimi proaritmičnimi stanji (npr. akutna miokardna ishemija ali podaljšanje dobe QT) je treba moksifloksacin uporabljati previdno, ker lahko ta stanja zvečajo tveganje za ventrikularne aritmije (vključno s torsade de pointes) in srčni zastoj (glejte tudi poglavje 4. 3).</s>
<s id="s256.4">Ker se z naraščajočimi koncentracijami zdravila dolžina podaljšanja dobe QT lahko poveča, se priporočenega odmerka ne sme prekoračiti.</s>
<s id="s256.5">Ovrednotiti moramo koristi zdravljenja z moksifloksacinom (posebej pri manj hudih okužbah) glede na podatke, navedene v poglavju o opozorilih in previdnostnih ukrepih.</s>
<s id="s256.6">Če se med zdravljenjem z moksifloksacinom pojavijo znaki srčne aritmije, je treba zdravljenje prekiniti in narediti EKG.</s>
<s id="s257.1">- V povezavi z moksifloksacinom so poročali o primerih fulminantnega hepatitisa, ki lahko</s>
<s id="s258.1">povzroči smrtno nevarno jetrno odpoved (glejte poglavje 4. 8).</s>
<s id="s258.2">Če se razvijejo znaki in simptomi fulminantne jetrne bolezni (npr. hitro razvijanje astenije, zlatenica, temen urin, nagnjenost h krvavitvi ali jetrna encefalopatija), je treba bolnikom svetovati, da se pred nadaljevanjem zdravljenja posvetujejo z zdravnikom.</s>
<s id="s258.3">Pri bolnikih s sumom na moteno delovanje jeter je treba opraviti teste/ preiskave o delovanju jeter.</s>
<s id="s259.1">13</s>
<s id="s260.1">- Znano je, da kinoloni povzročajo epileptične napade.</s>
<s id="s260.2">Bolniki z motnjami centralnega živčnega</s>
<s id="s261.1">sistema jih morajo uporabljati previdno, saj lahko povzročijo epileptične napade ali znižajo prag njihovega pojava.</s>
<s id="s262.1">- Ker so pri uporabi antibiotikov širokega spektra, vključno z moksifloksacinom, poročali o</s>
<s id="s263.1">kolitisu, povezanim z antibiotičnim zdravljenjem (tudi psevdomembranskem kolitisu), je pomembno, da to diagnozo upoštevamo pri bolnikih, pri katerih se huda driska pojavi med uporabo moksifloksacina ali po njej.</s>
<s id="s263.2">V tem primeru moramo takoj pričeti z ustreznim zdravljenjem.</s>
<s id="s263.3">Zdravila, ki zavirajo peristaltiko, so v tem primeru kontraindicirana.</s>
<s id="s264.1">- Med zdravljenjem s kinoloni, vključno z moksifloksacinom, se lahko pojavi vnetje in ruptura</s>
<s id="s265.1">kit, predvsem pri starejših bolnikih in tistih, ki se sočasno zdravijo s kortikosteroidi.</s>
<s id="s265.2">Takoj ko se pojavijo bolečine ali vnetje, morajo bolniki zdravljenje z moksifloksacinom prekiniti, prizadeti ud( i) pa mora( jo) mirovati.</s>
<s id="s266.1">- Starejši bolniki z ledvičnimi motnjami, ki ne morejo skrbeti za zadosten vnos tekočine, morajo</s>
<s id="s267.1">uporabljati moksifloksacin previdno.</s>
<s id="s267.2">Dehidracija lahko zveča tveganje za ledvično odpoved.</s>
<s id="s268.1">- Če se pojavijo motnje vida ali kakršnekoli očesne spremembe, mora bolnik takoj obiskati</s>
<s id="s269.1">oftalmologa.</s>
<s id="s270.1">- Ugotovili so, da kinoloni pri bolnikih povzročajo fotosenzitivne reakcije, vendar pa so s</s>
<s id="s271.1">študijami dokazali, da je pri moksifloksacinu tveganje za nastanek fotosenzitivnosti manjše.</s>
<s id="s271.2">Kljub temu pa je treba bolnikom svetovati, naj se med zdravljenjem z moksifloksacinom izogibajo bodisi UV- sevanju bodisi pretirani in/ ali močni sončni svetlobi.</s>
<s id="s272.1">- Ker so bolniki, ki imajo pomanjkanje glukoza- 6- fosfat dehidrogenaze ali pa je ta motnja</s>
<s id="s273.1">prisotna v družinski anamnezi, med zdravljenjem s kinoloni nagnjeni k hemolitičnim reakcijam, morajo moksifloksacin uporabljati previdno.</s>
<s id="s274.1">- Bolniki z redko dedno intoleranco za galaktozo, laponsko obliko zmanjšane aktivnosti laktaze</s>
<s id="s275.1">ali malabsorpcijo glukoze/ galaktoze ne smejo jemati tega zdravila.</s>
<s id="s276.1">- Pri bolnikih z zapleteno medenično vnetno boleznijo (npr. s spremljajočim tuboovarijskim ali</s>
<s id="s277.1">medeničnim abscesom), pri katerih je potrebno intravensko zdravljenje, se zdravljenja z zdravilom [izmišljeno ime] 400 mg filmsko obložene tablete ne priporoča.</s>
<s id="s278.1">- Medenično vnetno bolezen lahko povzroči proti fluorokinolonom odporna bakterija Neisseria</s>
<s id="s279.1">gonorrhoeae.</s>
<s id="s279.2">V takšnih primerih je treba moksifloksacin uporabiti empirično hkrati z drugim ustreznim antibiotikom (npr. cefalosporinom), razen če je mogoče izključiti prisotnost proti moksifloksacinu odporne bakterije Neisseria gonorrhoeae.</s>
<s id="s279.3">Če po treh dneh zdravljenja ni kliničnega izboljšanja, je treba znova pretehtati smiselnost zdravljenja.</s>
<s id="s280.1">- Uporaba moksifloksacina je kontraindicirana pri otrocih in mladostnikih do 18. leta starosti</s>
<s id="s281.1">(glejte poglavje 4. 3) zaradi njegovih neželenih učinkov na hrustanec pri živalskih mladičih (glejte poglavje 5. 3).</s>
<s id="s282.1">5.</s>
<s id="s282.2">FARMAKOLOŠKE LASTNOSTI</s>
<s id="s283.1">5. 1 Farmakodinamične lastnosti</s>
<s id="s284.1">Farmakoterapevtska skupina: kinolonske protimikrobne učinkovine, fluorokinoloni, oznaka ATC:</s>
<s id="s284.2">J01MA14</s>
<s id="s285.1">Mehanizem delovanja In vitro deluje moksifloksacin na širok spekter po Gramu pozitivnih in po Gramu negativnih patogenov.</s>
<s id="s285.2">Moksifloksacin deluje baktericidno tako, da zavira oba tipa topoizomeraz II (girazo DNK in topoizomerazo IV), ki sta potrebni pri podvajanju, prepisovanju in obnavljanju bakterijske DNK.</s>
<s id="s285.3">Zdi se, da C8- metoksi skupina (v primerjavi s C8- H- skupino) prispeva k večji dejavnosti in manjši selekciji odpornih mutantov po Gramu pozitivnih bakterij.</s>
<s id="s285.4">Navzočnost velike bicikloaminoskupine na položaju C7 ovira aktivni prehod, kar je povezano z geni norA ali pmrA v določenih po Gramu pozitivnih bakterijah.</s>
<s id="s285.5">S farmakodinamičnimi študijami so dokazali, da je stopnja baktericidnosti moksifloksacina odvisna od njegove koncentracije.</s>
<s id="s285.6">Ugotovili so, da so minimalne baktericidne koncentracije (MBK) v razponu minimalnih inhibicijskih koncentracij (MIK).</s>
<s id="s286.1">14 Vpliv na test kulture Zaradi zdravljenja z moksifloksacinom so lahko rezultati testa kulture pri Mycobacterium spp. lažno negativni zaradi supresije rasti mikobakterije.</s>
<s id="s287.1">Vpliv na črevesno floro pri ljudeh Pri prostovoljcih so po peroralnem jemanju moksifloksacina opazili naslednje spremembe v črevesni flori: število Escherichia coli, Bacillus spp., Enterococcus spp. in Klebsiella spp. se je zmanjšalo, prav tako tudi število anaerobov Bacteroides vulgatus, Bifidobacterium spp., Eubacterium spp. in Peptostreptococcus spp.</s>
<s id="s287.2">Število Bacteroides fragilis se je zvečalo.</s>
<s id="s287.3">Te spremembe so se normalizirale v dveh tednih.</s>
<s id="s288.1">Mehanizem odpornosti Mehanizmi odpornosti, ki inaktivirajo peniciline, cefalosporine, aminoglikozide, makrolide in tetracikline ne vplivajo na protimikrobno aktivnost moksifloksacina.</s>
<s id="s288.2">Drugi mehanizmi odpornosti, npr. ovire prepustnosti (pogosto pri Pseudomonas aeruginosa) in mehanizmi prehoda, lahko vplivajo na občutljivost za moksifloksacin.</s>
<s id="s288.3">Odpornost proti moksifloksacinu in vitro je pridobljena postopoma in sicer s tarčnimi mutacijami v obeh tipih topoizomeraz II, girazi DNK in topoizomerazi IV.</s>
<s id="s288.4">Moksifloksacin je nezadosten substrat za mehanizme aktivnega prehoda v po Gramu pozitivnih organizmih.</s>
<s id="s288.5">Opazili so navzkrižno odpornost z drugimi fluorokinoloni.</s>
<s id="s288.6">Kljub temu, da moksifloksacin pri nekaterih po Gramu pozitivnih bakterijah zavira topoizomerazo II in IV s podobnim učinkom, je lahko taka bakterija odporna proti drugim kinolonom, toda občutljiva za moksifloksacin.</s>
<s id="s289.1">Podatki o občutljivosti in vitro</s>
<s id="s290.1">Klinične mejne vrednosti MIK za moksifloksacin (EUCAST) (31.</s>
<s id="s290.2">01.</s>
<s id="s290.3">2006): organizem Staphylococcus spp.</s>
<s id="s290.4">S. pneumoniae Streptococcus skupine A, B, C, G H. influenzae in M. catarrhalis Enterobacteriaceae mejne vrednosti za nespecifične vrste * * Mejne vrednosti za nespecifične vrste so določili</s>
<s id="s291.1">občutljiva ≤ 0, 5 mg/ l ≤ 0, 5 mg/ l ≤ 0, 5 mg/ l ≤ 0, 5 mg/ l ≤ 0, 5 mg/ l ≤ 0, 5 mg/ l zlasti na podlagi</s>
<s id="s292.1">odporna &gt; 1 mg/ l &gt; 0, 5 mg/ l &gt; 1 mg/ l &gt; 0, 5 mg/ l &gt; 1 mg/ l &gt; 1 mg/ l</s>
<s id="s293.1">farmakokinetičnih/ farmakodinamičnih podatkov in so neodvisne od MIK za specifične vrste.</s>
<s id="s293.2">Uporabljajo se samo za vrste, pri katerih mejne vrednosti niso bile določene in se ne uporabljajo za vrste, pri katerih še niso določili merila (po Gramu negativni anaerobni mikroorganizmi).</s>
<s id="s294.1">Mejne vrednosti Kliničnih in laboratorijskih standardnih predpisovTM (CLSI- Clinical and Laboratory Standards InstituteTM) (prej mejne vrednosti NCCLS) so predstavljene v spodnji preglednici glede na preskušanje minimalnih inhibicijskih koncentracij (mg/ l) ali preskušanje z disk- difuzijsko metodo (premer pasu (mm)), uporaba 5- mikrogramskega diska moksifloksacina.</s>
<s id="s295.1">15 Mejne vrednosti Kliničnih in laboratorijskih standardnih predpisovTM (CLSI- Clinical and Laboratory Standards InstituteTM) glede na preskušanje MIK in disk- difuzijsko metodo za Staphylococcus spp. in občutljive mikroorganizme (M100- S17, 2007) in mejne vrednosti glede na preskušanje MIK za anaerobne mikroorganizme (M11- A7, 2007):</s>
<s id="s296.1">organizem S. pneumoniae</s>
<s id="s297.1">občutljiva ≤ 1 mg/ l ≥ 18 mm</s>
<s id="s298.1">vmesna 2 mg/ l 15– 17 mm</s>
<s id="s299.1">odporna ≥ 4 mg/ l ≤ 14 mm</s>
<s id="s300.1">Haemophilus spp.</s>
<s id="s301.1">≤ 1 mg/ l ≥ 18 mm</s>
<s id="s302.1">- -</s>
<s id="s303.1">- -</s>
<s id="s304.1">Staphylococcus spp.</s>
<s id="s305.1">≤ 0, 5 mg/ l ≥ 24 mm</s>
<s id="s306.1">1 mg/ l 21– 23 mm</s>
<s id="s307.1">≥ 2 mg/ l ≤ 20 mm</s>
<s id="s308.1">Anaerobni mikroorganizmi</s>
<s id="s309.1">≤ 2 mg/ l</s>
<s id="s310.1">4 mg/ l</s>
<s id="s311.1">≥ 8 mg/ l</s>
<s id="s312.1">Prevalenca pridobljene odpornosti se lahko za izbrane vrste razlikuje geografsko in časovno.</s>
<s id="s312.2">Predvsem pri zdravljenju hudih okužb so zaželene lokalne informacije o odpornosti.</s>
<s id="s312.3">Nasvet izvedenca je nujno potreben, kjer je lokalna prevalenca odpornosti tolikšna, da je koristnost uporabe učinkovine pri vsaj nekaterih vrstah okužb dvomljiva.</s>
<s id="s313.1">16 splošno občutljive vrste aerobni, po Gramu pozitivni mikroorganizmi Gardnerella vaginalis Staphylococcus aureus * (občutljivi za meticilin) Streptococcus agalactiae (skupina B) Streptococcus skupine milleri * (S. anginosus, S. constellatus in S. intermedius) Streptococcus pneumoniae * Streptococcus pyogenes * (skupina A) aerobni, po Gramu negativni mikroorganizmi Haemophilus influenzae * Haemophilus parainfluenzae * Klebsiella pneumoniae * # Moraxella (Branhamella) catarrhalis * anaerobni mikroorganizmi Fusobacterium spp.</s>
<s id="s313.2">Peptostreptococcus spp.</s>
<s id="s313.3">Prevotella spp. drugi mikroorganizmi Chlamydophila (Chlamydia) pneumoniae * Chlamydia trachomatis * Coxiella burnetii Legionella pneumophila Mycoplasma genitalium Mycoplasma hominis Mycoplasma pneumoniae * vrste, pri katerih je pridobljena odpornost lahko vprašljiva aerobni, po Gramu pozitivni mikroorganizmi Staphylococcus aureus (odporni proti meticilinu) + aerobni, po Gramu negativni mikroorganizmi Enterobacter cloacae * Escherichia coli * Klebsiella oxytoca Neisseria gonorrhoeae* + odporni organizmi aerobni, po Gramu negativni mikroorganizmi Pseudomonas aeruginosa * Učinek na občutljive seve so zadovoljivo dokazali v kliničnih študijah pri odobrenih kliničnih indikacijah. # ESBL- pozitivni sevi so navadno odporni proti fluorokinolonom. + stopnja odpornosti &gt; 50% v eni ali več državah</s>
<s id="s314.1">5. 2 Farmakokinetične lastnosti</s>
<s id="s315.1">Absorpcija in biološka uporabnost Moksifloksacin se po peroralni uporabi absorbira hitro in skoraj popolnoma.</s>
<s id="s315.2">Absolutna biološka uporabnost je približno 91%.</s>
<s id="s316.1">Farmakokinetika je linearna po zaužitju enkratnega odmerka v razponu 50 – 800 mg in med desetdnevnim jemanjem do 600 mg enkrat na dan.</s>
<s id="s316.2">Koncentracija je največja pol do štiri ure po zaužitju 400 mg peroralnega odmerka in znaša 3, 1 mg/ l.</s>
<s id="s316.3">Največja plazemska koncentracija pri dinamičnem ravnovesju (400 mg enkrat na dan) je 3, 2 mg/ l, najmanjša pa 0, 6 mg/ l.</s>
<s id="s316.4">Pri dinamičnem ravnovesju je izpostavljenost v intervalu odmerjanja približno za 30% večja kot po prvem odmerku.</s>
<s id="s317.1">17 Porazdelitev Moksifloksacin se po ekstravaskularnem prostoru hitro razporedi.</s>
<s id="s317.2">Po dajanju 400 mg odmerka je AUC 35 mg⋅h/ l.</s>
<s id="s317.3">Razporeditveni volumen pri dinamičnem ravnovesju (Vss) je približno 2 l/ kg.</s>
<s id="s317.4">V poskusih in vitro in ex vivo so dokazali, da se ne glede na koncentracijo zdravila na plazemske beljakovine veže približno 40 – 42% učinkovine.</s>
<s id="s317.5">Moksifloksacin se v glavnem veže na serumske albumine.</s>
<s id="s318.1">Po peroralnem zaužitju enkratnega 400 mg odmerka moksifloksacina so opazili naslednje največje koncentracije (geometrijsko povprečje):</s>
<s id="s319.1">tkivo plazma slina tekočina v vnetnem mehurčku na koži</s>
<s id="s320.1">koncentracija 3, 1 mg/ l 3, 6 mg/ l 1, 61 mg/ l</s>
<s id="s321.1">razmerje tkivo: plazma - 0, 75 – 1, 3 1, 71</s>
<s id="s322.1">bronhialna sluznica alveolni makrofagi epitelijska tekočina maksilarni sinus etmoidni sinus nosni polipi intersticijska tekočina</s>
<s id="s323.1">5, 4 mg/ kg 56, 7 mg/ kg 20, 7 mg/ l 7, 5 mg/ kg 8, 2 mg/ kg 9, 1 mg/ kg 1, 02 mg/ l</s>
<s id="s324.1">1, 7 – 2, 1 18, 6 – 70, 0 5- 7 2, 0 2, 1 2, 6 0, 8 – 1, 42, 3</s>
<s id="s325.1">ženske genitalije *</s>
<s id="s326.1">10, 24 mg/ kg</s>
<s id="s327.1">1, 724</s>
<s id="s328.1">* intravenska aplikacija v enkratnem odmerku 400 mg 1 10 ur po zaužitju 2 koncentracija nevezane učinkovine 3 3 do 36 ur po odmerku 4 na koncu infundiranja</s>
<s id="s329.1">Presnova Moksifloksacin se biotransformira v II. fazi, izloča pa se z urinom in žolčem/ blatom, in sicer kot nespremenjeno zdravilo, pa tudi v obliki žveplove spojine (M1) in glukuronida (M2).</s>
<s id="s329.2">M1 in M2 sta edina pomembna presnovka pri ljudeh, oba pa sta mikrobiološko neaktivna.</s>
<s id="s330.1">V kliničnih študijah I. faze in v študijah in vitro niso opazili presnovnih farmakokinetičnih interakcij z drugimi zdravili, ki se biotransformirajo v I. fazi z encimi citokroma P 450.</s>
<s id="s330.2">Znakov oksidacijske presnove ni bilo.</s>
<s id="s331.1">Izločanje Povprečna končna razpolovna doba izločanja moksifloksacina iz plazme je približno 12 ur.</s>
<s id="s331.2">Dejanski povprečni skupni očistek iz telesa po odmerku 400 mg je 179- 246 ml/ min.</s>
<s id="s331.3">Ledvični očistek je približno 24 – 53 ml/ min, kar kaže na delno tubulno reabsorpcijo zdravila v ledvicah.</s>
<s id="s332.1">Po zaužitju 400 mg odmerka se z urinom (približno 19% nespremenjenega zdravila, približno 2, 5% v obliki M1 in približno 14% v obliki M2) in blatom (približno 25% nespremenjenega zdravila, približno 36% v obliki M1, v obliki M2 se ne izloča) izloči približno 96% učinkovine.</s>
<s id="s333.1">Pri sočasni uporabi moksifloksacina in ranitidina ali probenecida se ledvični očistek prvotne učinkovine ni spremenil.</s>
<s id="s334.1">Pri zdravih prostovoljcih z manjšo telesno maso (npr. ženskah) in starejših prostovoljcih opažamo večje plazemske koncentracije.</s>
<s id="s335.1">18 Farmakokinetika moksifloksacina se pri bolnikih z motnjami v delovanju ledvic (tudi z očistkom kreatinina &gt; 20 ml/ min/ 1, 73 m2) pomembno ne razlikuje.</s>
<s id="s335.2">Z oslabitvijo ledvične funkcije se koncentracije presnovka M2 (glukoronid) povečajo do 2, 5- krat (očistek kreatinina &lt; 30 ml/ min/ 1, 73 m2).</s>
<s id="s336.1">Na podlagi do sedaj opravljenih farmakokinetičnih študijah pri bolnikih z okvaro jeter (Child- Pugh A, B), ni mogoče dokazati, ali obstajajo kakršnekoli razlike v primerjavi z zdravimi prostovoljci.</s>
<s id="s336.2">Oslabljeno jetrno funkcijo so povezovali z izpostavljenostjo večjim plazemskim koncentracijam M1, medtem ko je bila izpostavljenost nespremenjenemu zdravilu primerljiva z izpostavljenostjo pri zdravih prostovoljcih.</s>
<s id="s336.3">Izkušnje o klinični uporabi moksifloksacina pri bolnikih z oslabljeno jetrno funkcijo so pomanjkljive.</s>
<s id="s337.1">19 NAVODILO ZA UPORABO</s>
<s id="s338.1">20 1.</s>
<s id="s338.2">KAJ JE ZDRAVILO [IZMIŠLJENO IME] 400 MG FILMSKO OBLOŽENE TABLETE IN ZA KAJ GA UPORABLJAMO</s>
<s id="s339.1">[izmišljeno ime] je antibiotik, ki sodi v skupino kinolonov.</s>
<s id="s339.2">[izmišljeno ime] vsebuje zdravilno učinkovino moksifloksacin, ki spada v skupino antibiotikov, imenovano fluorokinoloni.</s>
<s id="s339.3">[izmišljeno ime] uničuje bakterije, ki povzročajo okužbe in so občutljive za zdravilno učinkovino moksifloksacin.</s>
<s id="s340.1">[izmišljeno ime] se pri odraslih uporablja za zdravljenje naslednjih bakterijskih okužb:</s>
<s id="s341.1">- nenadno poslabšanje kroničnega bronhitisa (akutna eksacerbacija kroničnega bronhitisa),</s>
<s id="s342.1">- pljučnica (pnevmonija), pridobljena izven bolnišnice, razen hudih oblik,</s>
<s id="s343.1">- akutna okužba obnosnih votlin (akutni bakterijski sinusitis),</s>
<s id="s344.1">- blage do zmerne okužbe ženskih notranjih spolovil (medenična vnetna bolezen) ter okužbe</s>
<s id="s345.1">jajcevodov in maternične sluznice.</s>
<s id="s345.2">Tablete [izmišljeno ime] niso primerne za zdravljenje teh okužb v monoterapiji, zato bo zdravnik za zdravljenje okužb ženskih notranjih spolovil predpisal v kombinaciji s tabletami [izmišljeno ime] še drug antibiotik (glejte poglavje 2.</s>
<s id="s345.3">Kaj morate vedeti..., Bodite posebno pozorni..., Pred jemanjem zdravila [izmišljeno ime] 400 mg filmsko obložene tablete).</s>
<s id="s346.1">2.</s>
<s id="s346.2">KAJ MORATE VEDETI, PREDEN BOSTE VZELI ZDRAVILO [IZMIŠLJENO IME] 400 MG FILMSKO OBLOŽENE TABLETE</s>
<s id="s347.1">Posvetujte se z zdravnikom, če ste negotovi, ali spadate v katero od skupin, ki so opisane v nadaljevanju.</s>
<s id="s348.1">Ne jemljite zdravila [izmišljeno ime] 400 mg filmsko obložene tablete</s>
<s id="s349.1">- če ste alergični na (preobčutljivi za) zdravilno učinkovino moksifloksacin, druge kinolone ali</s>
<s id="s350.1">katerokoli sestavino (glejte poglavje 6.</s>
<s id="s350.2">Dodatne informacije) zdravila [izmišljeno ime] 400 mg filmsko obložene tablete,</s>
<s id="s351.1">- če ste noseči ali dojite,</s>
<s id="s352.1">- če ste mlajši od 18 let,</s>
<s id="s353.1">- če se je po zdravljenju s kinolonskimi antibiotiki pri vas že pojavil tendinitis ali poškodba kite</s>
<s id="s354.1">(glejte poglavje Bodite posebno pozorni... in 4.</s>
<s id="s354.2">Možni neželeni učinki),</s>
<s id="s355.1">- če imate prirojene motnje ali kakršnekoli druge spremembe v elektrokardiogramu (EKG, zapis</s>
<s id="s356.1">električnih potencialov srca), če se je pri vas porušilo ravnovesje soli v krvi, še posebej, če imate nezdravljeno nizko koncentracijo kalija v krvi (hipokaliemijo), če imate zelo počasen srčni utrip (bradikardija), če imate oslabelo srce (srčno popuščanje), če ste že imeli motnje srčnega ritma (aritmije), ali če jemljete druga zdravila, ki povzročajo določene motnje v EKG- ju (glejte poglavje Jemanje drugih zdravil).</s>
<s id="s356.2">[izmišljeno ime] lahko povzroči določene spremembe v EKG- ju (npr. podaljšanje QT dobe – t. j. upočasnjeno prevajanje električnih signalov).</s>
<s id="s357.1">- če imate hudo jetrno bolezen ali zvečano vrednost jetrnih encimov (transaminaz), ki za več kot</s>
<s id="s358.1">petkrat presega zgornjo normalno mejo.</s>
<s id="s359.1">Bodite posebno pozorni pri jemanju zdravila [izmišljeno ime] 400 mg filmsko obložene tablete</s>
<s id="s360.1">Pred jemanjem zdravila [izmišljeno ime] 400 mg filmsko obložene tablete</s>
<s id="s361.1">- [izmišljeno ime] lahko vpliva na vaš EKG srca.</s>
<s id="s361.2">Če jemljete druga zdravila, ki zmanjšajo</s>
<s id="s362.1">vrednost kalija v krvi, se posvetujte s svojim zdravnikom preden vzamete [izmišljeno ime].</s>
<s id="s362.2">Če imate med zdravljenjem palpitacije ali nepravilen srčni utrip, o tem takoj obvestite svojega zdravnika.</s>
<s id="s362.3">Če bo presodil, da je potrebno, vam bo posnel EKG, na podlagi katerega bo ovrednotil vaš srčni ritem.</s>
<s id="s363.1">- Če imate epilepsijo ali stanja, ki povzročajo krče, se morate pred začetkom jemanja zdravila</s>
<s id="s364.1">[izmišljeno ime] posvetovati s svojim zdravnikom.</s>
<s id="s365.1">21</s>
<s id="s366.1">- Če imate vi ali katerikoli član vaše družine pomanjkanje glukoza- 6- fosfat dehidrogenaze (redko</s>
<s id="s367.1">prirojeno bolezen), o tem obvestite svojega zdravnika, ki vam bo svetoval ali je [izmišljeno ime] primerno zdravilo za vas.</s>
<s id="s368.1">- Če imate zapleteno okužbo ženskih notranjih spolovil (npr. s spremljajočim abscesom v</s>
<s id="s369.1">jajcevodih in jajčnikih ali medenici), za katero vaš zdravnik oceni, da je potrebno intravensko zdravljenje, zdravljenje s tabletami [izmišljeno ime] ni primerno.</s>
<s id="s370.1">- Za zdravljenje blagih do zmernih okužb ženskih notranjih spolovil vam bo zdravnik predpisal v</s>
<s id="s371.1">kombinaciji s tabletami [izmišljeno ime] še drug antibiotik.</s>
<s id="s371.2">Če se znaki ne izboljšajo po treh dneh zdravljenja, se posvetujte z zdravnikom.</s>
<s id="s372.1">Med jemanjem zdravila [izmišljeno ime] 400 mg filmsko obložene tablete</s>
<s id="s373.1">- Tveganje za srčne nepravilnosti se lahko zveča z zvečanjem odmerka, zato morate upoštevati</s>
<s id="s374.1">odmerjanje.</s>
<s id="s375.1">- Obstaja majhna verjetnost, da se že po prvi uporabi pojavi huda, nenadna alergijska reakcija</s>
<s id="s376.1">(anafilaktična reakcija/ šok) z naslednjimi znaki: tesnoba v prsnem košu, vrtoglavica, omedlevica ali omotica ob vstajanju.</s>
<s id="s376.2">V tem primeru takoj prenehajte jemati [izmišljeno ime] in poiščite zdravniško pomoč.</s>
<s id="s377.1">- [izmišljeno ime] lahko povzroči nenadno in hudo vnetje jeter, kar lahko povzroči smrtno</s>
<s id="s378.1">nevarno jetrno odpoved (glejte poglavje 4.</s>
<s id="s378.2">Možni neželeni učinki).</s>
<s id="s378.3">Če se razvijejo znaki, kot so nenadno slabo počutje in/ ali slabotnost, porumenela beločnica, temen urin, srbenje kože, nagnjenost h krvavitvi ali zaradi jeter povzročena bolezen možganov (znaki zmanjšane jetrne funkcije ali nenadno in hudo vnetje jeter), prosimo, da se pred nadaljevanjem zdravljenja posvetujete z zdravnikom.</s>
<s id="s379.1">- Med ali po jemanju antibiotikov (tudi zdravila [izmišljeno ime]) se lahko pojavi driska.</s>
<s id="s379.2">Če se</s>
<s id="s380.1">pojavi huda in trdovratna driska ali če v blatu opazite kri ali sluz, takoj prenehajte jemati [izmišljeno ime] in se posvetujte s svojim zdravnikom.</s>
<s id="s380.2">V tem primeru ne jemljite zdravil, ki prekinejo ali zavirajo gibanje črevesja.</s>
<s id="s381.1">- [izmišljeno ime] lahko včasih povzroči bolečino in vnetje kit, predvsem pri starejših ali ob</s>
<s id="s382.1">sočasnem zdravljenju s kortikosteroidi.</s>
<s id="s382.2">Takoj ko se pojavijo bolečine ali vnetje, morate prenehati jemati [izmišljeno ime], prizadeti ud pa mora mirovati.</s>
<s id="s382.3">Takoj se posvetujte s svojim zdravnikom.</s>
<s id="s382.4">Če ste starejši in imate težave z ledvicami, poskrbite za zadosten vnos tekočine, kajti dehidracija</s>
<s id="s383.1">-</s>
<s id="s384.1">lahko zveča tveganje za ledvično odpoved.</s>
<s id="s385.1">- Če se pri vas med jemanjem zdravila [izmišljeno ime] pojavijo kakršnekoli motnje vida ali</s>
<s id="s386.1">očesne spremembe, se takoj posvetujte z oftalmologom.</s>
<s id="s387.1">- Kinolonski antibiotiki lahko povzročijo večjo občutljivost vaše kože na sončno ali UV svetlobo.</s>
<s id="s388.1">Med jemanjem zdravila [izmišljeno ime] se morate izogibati daljšemu izpostavljanju sončni svetlobi ali močni sončni svetlobi in ne smete uporabljati solarija ali drugih UV svetilk.</s>
<s id="s389.1">Jemanje drugih zdravil Obvestite svojega zdravnika ali farmacevta, če jemljete ali ste pred kratkim jemali katerokoli zdravilo, tudi če ste ga dobili brez recepta.</s>
<s id="s389.2">Pri jemanju zdravila [izmišljeno ime] bodite pozorni:</s>
<s id="s389.3">Če jemljete [izmišljeno ime] in druga zdravila, ki vplivajo na srce, obstaja zvečano tveganje za</s>
<s id="s390.1">-</s>
<s id="s391.1">spremembe srčnega utripa.</s>
<s id="s391.2">Ne jemljite zdravila [izmišljeno ime] sočasno z naslednjimi zdravili: zdravila, ki spadajo v skupino antiaritmikov (npr. kinidin, hidrokinidin, dizopiramid, amiodaron, sotalol, dofetilid, ibutilid), nevroleptiki (npr. fenotiazini, pimozid, sertindol, haloperidol, sultoprid), triciklični antidepresivi, nekatera protimikrobna zdravila (npr. sparfloksacin, intravenska oblika eritromicina, pentamidin, antimalariki, predvsem halofantrin), nekateri antihistaminiki (npr. terfenadin, astemizol, mizolastin) in druga zdravila (npr. cisaprid, intravenska oblika vinkamina, bepridil, difemanil).</s>
<s id="s391.3">Zdravila, ki vsebujejo magnezij ali aluminij (npr. antacidi za zdravljenje prebavnih težav ali</s>
<s id="s392.1">-</s>
<s id="s393.1">katerakoli zdravila, ki vsebujejo železo ali cink, didanozin, sukralfat za zdravljenje prebavnih motenj), lahko zmanjšajo delovanje tablet [izmišljeno ime].</s>
<s id="s393.2">Zato vzemite tablete [izmišljeno ime] šest ur pred ali po jemanju drugih zdravil.</s>
<s id="s393.3">Ker sočasno peroralno jemanje aktivnega oglja in tablet [izmišljeno ime] zmanjšuje delovanje</s>
<s id="s394.1">-</s>
<s id="s395.1">zdravila [izmišljeno ime], sočasne uporabe ne priporočamo.</s>
<s id="s396.1">22</s>
<s id="s397.1">- Če jemljete peroralne antikoagulante (npr. varfarin), so potrebne laboratorijske kontrole</s>
<s id="s398.1">strjevanja krvi pri vašem zdravniku.</s>
<s id="s399.1">Jemanje zdravila [izmišljeno ime] 400 mg filmsko obložene tablete skupaj s hrano in pijačo Hrana (vključno z mlečnimi izdelki) ne vpliva na učinke zdravila [izmišljeno ime].</s>
<s id="s400.1">Nosečnost in dojenje Če ste noseči ali dojite, ne jemljite zdravila [izmišljeno ime].</s>
<s id="s400.2">Posvetujte se z zdravnikom ali s farmacevtom, preden vzamete katerokoli zdravilo.</s>
<s id="s401.1">Vpliv na sposobnost upravljanja vozil in strojev [izmišljeno ime] lahko povzroči vrtoglavico ali omotico.</s>
<s id="s401.2">V tem stanju ne vozite ali upravljajte strojev.</s>
<s id="s402.1">Pomembne informacije o nekaterih sestavinah zdravila [izmišljeno ime] 400 mg filmsko obložene tablete Tablete [izmišljeno ime] vsebujejo laktozo.</s>
<s id="s402.2">Če vam je zdravnik povedal, da imate intoleranco za nekatere sladkorje, se pred uporabo tega zdravila posvetujte s svojim zdravnikom.</s>
<s id="s403.1">3.</s>
<s id="s403.2">KAKO JEMATI ZDRAVILO [IZMIŠLJENO IME] 400 MG FILMSKO OBLOŽENE TABLETE</s>
<s id="s404.1">Pri jemanju zdravila [izmišljeno ime] natančno upoštevajte zdravnikova navodila.</s>
<s id="s404.2">Če ste negotovi, se posvetujte z zdravnikom ali s farmacevtom.</s>
<s id="s405.1">Običajen odmerek za odrasle je ena filmsko obložena tableta po 400 mg enkrat na dan.</s>
<s id="s406.1">Tablete [izmišljeno ime] so za peroralno uporabo.</s>
<s id="s406.2">Tableto pogoltnite celo (da bi prikrili grenek okus) z veliko tekočine.</s>
<s id="s406.3">[izmišljeno ime] lahko zaužijete s hrano ali brez nje.</s>
<s id="s406.4">Priporočamo, da tableto vzamete vsak dan približno ob istem času.</s>
<s id="s407.1">Starejšim bolnikom, bolnikom z majhno telesno maso in bolnikom z ledvičnimi težavami odmerka ni treba prilagajati.</s>
<s id="s408.1">Trajanje zdravljenja je odvisno od vrste okužbe.</s>
<s id="s408.2">Če vam zdravnik ni predpisal drugače, je priporočeno trajanje zdravljenja z zdravilom [izmišljeno ime]:</s>
<s id="s409.1">- nenadno poslabšanje kroničnega bronhitisa (akutna eksacerbacija kroničnega bronhitisa):</s>
<s id="s410.1">5 do 10 dni - -</s>
<s id="s411.1">pljučnica (pnevmonija), pridobljena izven bolnišnice, razen hudih oblik: akutna okužba obnosnih votlin (akutni bakterijski sinusitis):</s>
<s id="s412.1">10 dni 7 dni</s>
<s id="s413.1">- blage do zmerne okužbe ženskih notranjih spolovil (medenična vnetna bolezen) ter okužbe</s>
<s id="s414.1">jajcevodov in maternične sluznice:</s>
<s id="s415.1">14 dni</s>
<s id="s416.1">Pomembno je, da zdravljenje v celoti zaključite, tudi če se po nekaj dneh počutite bolje.</s>
<s id="s416.2">Če prenehate jemati zdravilo prekmalu, okužba morda ne bo v celoti pozdravljena.</s>
<s id="s416.3">Okužba se lahko ponovi ali se stanje poslabša in pri vas se lahko razvije odpornost bakterij na antibiotike.</s>
<s id="s417.1">Priporočenega odmerka in trajanja zdravljenja ne smete prekoračiti (glejte poglavje 2.</s>
<s id="s417.2">Kaj morate vedeti, preden boste vzeli zdravilo [izmišljeno ime]..., Bodite posebno pozorni...).</s>
<s id="s418.1">Če ste vzeli večji odmerek zdravila [izmišljeno ime] 400 mg filmsko obložene tablete, kot bi smeli Če v enem dnevu pomotoma vzamete več kot eno tableto, takoj poiščite zdravniško pomoč.</s>
<s id="s418.2">Če je mogoče, vzemite preostale tablete, škatlo ali to navodilo za uporabo s seboj k zdravniku ali farmacevtu ter mu pokažite katero zdravilo ste zaužili.</s>
<s id="s419.1">Če ste pozabili vzeti zdravilo [izmišljeno ime] 400 mg filmsko obložene tablete</s>
<s id="s420.1">23 Če ste pozabili vzeti tableto, jo morate vzeti isti dan takoj, ko se spomnite.</s>
<s id="s420.2">Če ne vzamete tablete istega dne, vzemite običajni odmerek (eno tableto) naslednji dan.</s>
<s id="s420.3">Ne vzemite dvojnega odmerka, če ste pozabili vzeti prejšnji odmerek.</s>
<s id="s420.4">Če niste prepričani kako ukrepati, se posvetujte s svojim zdravnikom ali s farmacevtom.</s>
<s id="s421.1">Če ste prenehali jemati zdravilo [izmišljeno ime] 400 mg filmsko obložene tablete Če prenehate jemati to zdravilo prekmalu, okužba morda ne bo v celoti pozdravljena.</s>
<s id="s421.2">Posvetujte se s svojim zdravnikom, če želite z jemanjem tablet prenehati pred zaključkom zdravljenja.</s>
<s id="s422.1">Če imate dodatna vprašanja o uporabi zdravila, se posvetujte z zdravnikom ali s farmacevtom.</s>
<s id="s423.1">24</s>
</body>
</letsmt>
