<?xml version="1.0" encoding="utf-8"?>
<letsmt version="1.0">
<head></head>
<body>
<s id="s1.1">European Medicines Agency</s>
<s id="s2.1">EMEA/ H/ C/ 610</s>
<s id="s3.1">EVROPSKO JAVNO POROČILO O OCENI ZDRAVILA (EPAR)</s>
<s id="s4.1">NOXAFIL</s>
<s id="s5.1">Povzetek EPAR za javnost</s>
<s id="s6.1">Ta dokument je povzetek Evropskega javnega poročila o oceni zdravila (EPAR).</s>
<s id="s6.2">Pojasnjuje, kako je Odbor za zdravila za uporabo v humani medicini (CHMP) ocenil opravljene raziskave, na podlagi česar je oblikoval priporočila glede uporabe zdravila.</s>
<s id="s6.3">Če potrebujete več informacij o vašem zdravstvenem stanju ali zdravljenju, preberite Navodila za uporabo (ki so prav tako del EPAR) ali se posvetujte s svojim zdravnikom ali farmacevtom.</s>
<s id="s6.4">Če želite več informacij o podlagi za priporočila CHMP, preberite znanstveno razpravo (ki je prav tako del EPAR).</s>
<s id="s7.1">Kaj je zdravilo Noxafil?</s>
<s id="s7.2">Zdravilo Noxafil je peroralna suspenzija, ki vsebuje zdravilno učinkovino posakonazol (40 mg/ ml).</s>
<s id="s8.1">Za kaj se zdravilo Noxafil uporablja?</s>
<s id="s8.2">Zdravilo Noxafil je sredstvo proti glivičnim okužbam.</s>
<s id="s8.3">Uporablja se za zdravljenje bolnikov z naslednjimi boleznimi, kadar ne prenašajo drugih antimikotikov (amfotericina B, itrakonazola ali flukonazola) ali kadar se stanje pri njih ni izboljšalo po vsaj 7 dneh zdravljenja z drugimi antimikotiki: • invazivna aspergiloza (vrsta glivične okužbe, ki jo povzroča Aspergillus), • fuzarioza (vrsta glivične okužbe, ki jo povzroča Fusarium), • kromoblastomikoza in micetom (dolgotrajni glivični okužbi kože in podkožnega tkiva, ki ju navadno povzročajo glivične spore, ki okužijo rane, ki jih povzročijo trni ali trske), • kokcidioidomikoza (glivična okužba pljuč, ki jo povzroča vdihavanje spor).</s>
<s id="s8.4">Zdravilo Noxafil se uporablja tudi za zdravljenje bolnikov z orofaringealno kandidiozo, glivično okužbo ust in žrela, ki jo povzroča Candida.</s>
<s id="s8.5">Uporablja se pri bolnikih, ki se še niso zdravili zaradi te bolezni.</s>
<s id="s8.6">Zdravilo Noxafil se uporablja, če je bolezen huda ali če je bolnik imunokompromitiran (ima oslabljen imunski sistem).</s>
<s id="s8.7">Zdravilo Noxafil se lahko uporablja za preprečevanje invazivne glivične okužbe pri bolnikih z oslabljenim imunskim sistemom.</s>
<s id="s8.8">To je lahko posledica krvnega raka ali raka kostnega mozga in kemoterapije ali presaditve hematopoetskih matičnih celic (presaditev celic, ki proizvajajo krvne celice) in prejemanja velikih odmerkov imunosupresivnih zdravil.</s>
<s id="s8.9">Zdravilo se dobi samo na recept.</s>
<s id="s9.1">Kako se zdravilo Noxafil uporablja?</s>
<s id="s9.2">Zdravljenje z zdravilom Noxafil mora začeti zdravnik, ki ima izkušnje pri obravnavi glivičnih okužb ali pri zdravljenju bolnikov z velikim tveganjem za invazivne glivične okužbe.</s>
<s id="s9.3">Za zdravljenje glivičnih okužb, razen kandidoze, se zdravilo Noxafil daje v odmerku 400 mg (10 ml) dvakrat dnevno ali 200 mg (5 ml) štirikrat dnevno pri bolnikih, ki ne prenesejo obroka.</s>
<s id="s9.4">Trajanje zdravljenja je odvisno od resnosti bolezni in bolnikovega odziva.</s>
<s id="s9.5">Pri kandidiozi je prvi dan odmerek zdravila Noxafil 200 mg (5 ml), potem pa 100 mg (2, 5 ml) na dan naslednjih 13 dni.</s>
<s id="s9.6">Pri preprečevanju invazivnih glivičnih okužb je odmerek zdravila Noxafil 200 mg (5 ml) trikrat dnevno.</s>
<s id="s9.7">Trajanje zdravljenja je odvisno od bolnikovega stanja.</s>
<s id="s9.8">Zdravilo Noxafil se daje s hrano ali prehranskimi dodatki.</s>
<s id="s9.9">Pred uporabo je treba peroralno suspenzijo dobro pretresti.</s>
<s id="s9.10">7 Westferry Circus, Canary Wharf, London E14 4HB, UK Tel.</s>
<s id="s9.11">(44- 20) 74 18 84 00 Fax (44- 20) 74 18 84 16 E- mail: mail@ emea. europa. eu http: // www. emea. europa. eu ©EMEA 2006 Reproduction and/ or distribution of this document is authorised for non commercial purposes only provided the EMEA is acknowledged Kako zdravilo Noxafil deluje?</s>
<s id="s9.12">Zdravilna učinkovina zdravila Noxafil, posakonazol, je antimikotik, ki spada v skupino triazolov.</s>
<s id="s9.13">Deluje tako, da preprečuje nastajanje ergosterola, ki je pomemben del glivičnih celičnih sten.</s>
<s id="s9.14">Brez ergosterola glivica umre, oziroma se ne more širiti.</s>
<s id="s9.15">Seznam glivic, proti katerim deluje zdravilo Noxafil, je naveden v Povzetku glavnih značilnosti zdravila (tudi del EPAR).</s>
<s id="s10.1">Kako je bilo zdravilo Noxafil raziskano?</s>
<s id="s10.2">Zdravilo Noxafil so raziskovali pri 238 bolnikih z invazivnimi glivičnimi okužbami, ki se niso odzivale na standardno antimikotično zdravljenje.</s>
<s id="s10.3">V raziskavo je bilo vključenih 107 bolnikov z aspergilozo, 18 bolnikov s fuzariozo, 11 bolnikov s kromoblastomikozo ali micetomom in 16 s kokcidioidomikozo.</s>
<s id="s10.4">Rezultate, ki so jih dobili z zdravilom Noxafil, so primerjali s poročili 218 bolnikov, ki so se zdravili z drugimi antimikotiki.</s>
<s id="s10.5">Zdravilo Noxafil so preučevali pri 350 bolnikih, okuženih z virusom HIV, ki so imeli orofaringealno kandidozo in primerjali njegovo učinkovitost s flukonazolom.</s>
<s id="s10.6">V vseh raziskavah je bilo glavno merilo učinkovitosti število bolnikov s popolnim ali delnim odzivom na zdravljenje.</s>
<s id="s10.7">Glede preprečevanja invazivnih glivičnih okužb so učinkovitost zdravila Noxafil preučevali pri 600 bolnikih, ki so imeli presaditev matičnih celic, pri katerih so ga primerjali s flukonazolom, in 602 bolnikih s krvnim rakom ali rakom kostnega mozga, pri katerih so ga primerjali s flukonazolom in itrakonazolom.</s>
<s id="s10.8">Učinkovitost so merili z opazovanjem, pri koliko bolnikih se je med študijo razvila invazivna glivična okužba, dokazana ali verjetna.</s>
<s id="s11.1">Kakšne koristi je zdravilo Noxafil izkazalo med raziskavami?</s>
<s id="s11.2">Pri invazivni aspergilozi so uspešen odziv na koncu zdravljenja ugotovili pri 42% bolnikov, ki so prejemali zdravilo Noxafil, v primerjavi s 26% bolnikov v primerjalni skupini.</s>
<s id="s11.3">Zdravilo Noxafil je prav tako uspešno pozdravilo 11 od 24 bolnikov, ki so imeli dokazano ali verjetno fuzariozo, 9 od 11 bolnikov s kromoblastomikozo ali micetomom in 11 od 16 bolnikov s kokcidioidomikozo.</s>
<s id="s11.4">Pri orofaringealni kandidozi je bilo zdravilo Noxafil enako učinkovito kot flukonazol.</s>
<s id="s11.5">Po 14 dneh zdravljenja sta bili obe zdravili uspešni pri ozdravljenju ali izboljšanju stanja 92% bolnikov.</s>
<s id="s11.6">V raziskavah glede preprečevanja je bilo zdravilo Noxafil pri bolnikih s presaditvijo matičnih celic enako uspešno kot flukonazol – v skupini, ki je prejemala zdravilo Noxafil je okužbo razvilo 5% bolnikov, v primerjalni skupini pa 9%.</s>
<s id="s11.7">Pri rakavih bolnikih je bilo zdravilo Noxafil učinkovitejše kot flukonazol ali itrakonazol – v skupini, ki je prejemala zdravilo Noxafil, sta okužbo razvila 2% bolnikov, v primerjalni skupini pa 8%.</s>
<s id="s12.1">Kakšna tveganja so povezana z zdravilom Noxafil?</s>
<s id="s12.2">Najpogostejša neželena učinka, o katerih so poročali, sta navzeja (slabost, 6%) in glavobol (6%).</s>
<s id="s12.3">Drugi pogosti neželeni učinki (o katerih so poročali pri 1 do 10 izmed 100 bolnikov) so nevtropenija (majhno število belih krvnih celic), neravnovesje elektrolitov, anoreksija (pomanjkanje apetita), omotica, parestezija (mravljinčenje), somnolenca (zaspanost), bruhanje, abdominalna bolečine (bolečina v trebuhu), driska, dispepsija (prebavne motnje), suha usta, flatulenca (vetrovi), znaki jetrne okvare v krvi, izpuščaj, astenija (šibkost), utrujenost in pireksija (povečana telesna temperatura).</s>
<s id="s12.4">Celovit opis neželenih učinkov, o katerih so poročali pri uporabi zdravila Noxafil najdete v Navodilih za uporabo.</s>
<s id="s12.5">Zdravilo Noxafil se ne sme uporabljati pri osebah, ki utegnejo biti preobčutljive za (alergične na) posakonazol ali katero koli drugo sestavino.</s>
<s id="s12.6">Zdravilo Noxafil se ne sme uporabljati pri bolnikih, ki jemljejo katero koli od naslednjih zdravil: • ergotamin ali dihidroergotamin (ki se uporablja za zdravljenje migren), • terfenadin, astemizol (ki se uporablja za zdravljenje alergij), • cisaprid (ki se uporablja za zdravljenje želodčnih težav), • pimozid (ki se uporablja za zdravljenje duševnih bolezni), • kinidin (ki se uporablja za zdravljenje motenj srčnega ritma), • halofantrin (ki se uporablja za zdravljenje malarije), • simvastatin, lovastatin or atorvastatin (ki se uporabljajo za zniževanje holesterola).</s>
<s id="s12.7">Prav tako je potrebna previdnost pri sočasnem jemanju zdravila Noxafil z drugimi zdravili.</s>
<s id="s12.8">Celoten seznam omejitev najdete v Navodilih za uporabo.</s>
<s id="s13.1">Zakaj je bilo zdravilo Noxafil odobreno?</s>
<s id="s14.1">©EMEA 2006</s>
<s id="s15.1">2/ 3</s>
<s id="s16.1">Odbor za zdravila za uporabo v humani medicini (CHMP) je odločil, da je bila učinkovitost zdravila Noxafil proti glivičnim okužbam, ki so odporne na druge antimikotike, dokazana kljub odsotnosti kontrolne skupine v glavni raziskavi.</s>
<s id="s16.2">Odbor je odločil, da so koristi zdravila Noxafil večje od z njim povezanih tveganj pri zdravljenju invazivne aspergiloze, fuzarioze, kokcidioidomikoze, kromoblastomikoze in micetoma pri bolnikih, ki ne prenašajo drugih antimikotikov, ali pri katerih se stanje po 7 dneh zdravljenja ni izboljšalo.</s>
<s id="s16.3">Prav tako je odločil, da je bila dokazana učinkovitost zdravila Noxafil kot zdravljenja prve izbire pri orofaringealni kandidozi in pri preprečevanju invazivnih glivičnih okužb pri bolnikih na kemoterapiji zaradi akutne mieloblastne levkemije (AML) ali mielodisplastičnih sindromov (MDS) in bolnikih, ki so jim presadili hematopoetske matične celice (HSCT) in jih zdravijo z imunosupresivnimi zdravili, da telo ne bi zavrnilo vsadka.</s>
<s id="s16.4">Odbor je priporočil odobritev dovoljenja za promet z zdravilom Noxafil.</s>
<s id="s17.1">Druge informacije o zdravilu Noxafil:</s>
<s id="s17.2">Evropska komisija je dovoljenje za promet z zdravilom Noxafil, veljavno po vsej Evropski uniji, odobrila družbi SP Europe dne 25. oktobra 2005.</s>
<s id="s18.1">Celotno Evropsko javno poročilo o oceni zdravila (EPAR) za zdravilo Noxafil je na voljo tukaj.</s>
<s id="s19.1">Ta povzetek je bil nazadnje posodobljen 11- 2006.</s>
<s id="s20.1">©EMEA 2006</s>
<s id="s21.1">3/ 3</s>
</body>
</letsmt>
