<?xml version="1.0" encoding="utf-8"?>
<letsmt version="1.0">
<head></head>
<body>
<s id="s1.1">DODATEK I</s>
<s id="s2.1">IME, FARMACEVTSKA OBLIKA, JAKOST ZDRAVILA, ŽIVALSKE VRSTE, POTI UPORABE ZDRAVILA IN IMETNIK DOVOLJENJA ZA PROMET</s>
<s id="s3.1">1/ 7 Živalska Predlagatelj ali</s>
<s id="s4.1">Izmišljeno</s>
<s id="s5.1">Farmacevtska</s>
<s id="s6.1">Jakost</s>
<s id="s7.1">vrsta</s>
<s id="s8.1">Pogostost in Priporočeni odmerek</s>
<s id="s9.1">imetnik dovoljenja za promet z zdravilom</s>
<s id="s10.1">ime izdelka</s>
<s id="s11.1">oblika</s>
<s id="s12.1">pot uporabe zdravila</s>
<s id="s13.1">Eurovet animal Health B. V.</s>
<s id="s14.1">Solacyl 100% prašek za peroralno raztopino</s>
<s id="s15.1">prašek</s>
<s id="s16.1">100%</s>
<s id="s17.1">teleta in prašiči</s>
<s id="s18.1">peroralno</s>
<s id="s19.1">Teleta:</s>
<s id="s19.2">20 mg natrijevega salicilata na kg telesne mase dvakrat dnevno 1 do 3 dni.</s>
<s id="s19.3">Uporaba: peroralno v pitni vodi ali mleku (nadomestku).</s>
<s id="s19.4">Prašiči:</s>
<s id="s19.5">35 mg natrijevega salicilata na kg telesne mase enkrat dnevno 3 do 5 dni.</s>
<s id="s19.6">Uporaba: peroralno v pitni vodi.</s>
<s id="s20.1">Zdravilo Solacyl se lahko daje tudi s pitno vodo kot pulzno zdravilo.</s>
<s id="s20.2">Zmešamo polovico izračunane celokupne dnevne količine praška in 5– 10 litrov čiste vode.</s>
<s id="s20.3">Mešamo, da se prašek enakomerno dispergira.</s>
<s id="s20.4">To raztopino nato ob mešanju dodamo v količino pitne vode, ki se porabi v približno 3– 4 urah, ter jo damo dvakrat dnevno.</s>
<s id="s21.1">2/ 7 DODATEK II</s>
<s id="s22.1">ZNANSTVENI ZAKLJUČKI</s>
<s id="s23.1">3/ 7 ZNANSTVENI ZAKLJUČKI</s>
<s id="s24.1">1.</s>
<s id="s24.2">Uvod in obrazložitev</s>
<s id="s25.1">Nizozemska, referenčna država članica v decentraliziranem postopku, je 26. novembra 2007 obvestila EMEA, da v Koordinacijski skupini za postopke medsebojnega priznavanja in decentralizirane postopke – zdravila za veterinarsko uporabo (CMD( v)) ni bilo doseženo soglasje o zdravilu Solacyl 100% prašek za peroralno raztopino.</s>
<s id="s25.2">Zadeva je bila v skladu s členom 33( 4) Direktive Sveta 2001/ 82/ ES, kakor je bila spremenjena, napotena na Odbor za zdravila za uporabo v veterinarski medicini (CVMP).</s>
<s id="s26.1">Irska meni, da zaradi pomanjkanja dokumentacije o učinkovitosti ni možno domnevati, da je zdravilo učinkovito in zaradi tega predstavlja možno resno tveganje za zdravje živali.</s>
<s id="s27.1">CVMP je opozoril, da je Solacyl 100% prašek za peroralno raztopino generična različica zdravila Natrium salicylaat (ki je odobreno na Nizozemskem) in da se lahko zadržki Irske obravnavajo le v okviru tega postopka, če bi se ugotovilo, da razlike med zdraviloma omogočajo različne zaključke o varnosti in učinkovitosti.</s>
<s id="s28.1">CVMP je pričel z napotitvenim postopkom 11. decembra 2007 in soglasno sprejel 37- dnevni rok.</s>
<s id="s28.2">CVMP je sprejel seznam vprašanj ter jih predlagatelju poslal 12. decembra 2007.</s>
<s id="s28.3">Predlagatelj je 10. januarja 2008 predložil pisne odgovore na seznam vprašanj in ura se je ponastavila.</s>
<s id="s29.1">Na podlagi vzrokov za napotitveni postopek je CVMP obravnaval razlike med zdravilom Solacyl 100% prašek in referenčnim zdravilom, ki bi lahko upravičile različne zaključke o učinkovitosti zdravil.</s>
<s id="s30.1">Cilj vrednotenja je ugotoviti, ali naj se dovoljenja za promet z zdraviloma za uporabo v veterinarski medicini, ki sta vključena v napotitveni postopek, obdržijo, zadržijo, spremenijo ali prekličejo glede na vzrok za napotitev.</s>
<s id="s31.1">2.</s>
<s id="s31.2">Razprava</s>
<s id="s32.1">Odbor je od predlagatelja zahteval naslednje podatke:</s>
<s id="s33.1">1. dokumentacija predlagatelja in vsi podatki, ki so bili vanjo dodani do 60. dne napotitvenega postopka v CMD( v), se pošljejo vsem članicam CVMP in EMEA;</s>
<s id="s34.1">2. prikazati in po potrebi utemeljiti vse razlike med zdravilom Solacyl 100% prašek in referenčnim zdravilom, ki bi lahko upravičile različne zaključke o učinkovitosti zdravil.</s>
<s id="s35.1">V zvezi s 1. vprašanjem je predlagatelj predložil kopijo izvirne dokumentacije, ki je bila predložena kot utemeljitev vloge za decentralizirani postopek, in dodatne podatke, ki so bili predloženi med decentraliziranim postopkom kot odgovor na vrednotenje I. in II. faze ter nato med napotitvenim postopkom v CMD( v).</s>
<s id="s36.1">V zvezi z 2. vprašanjem je predlagatelj odgovoril, da je zdravilo Solacyl 100% prašek za peroralno raztopino identično referenčnemu zdravilu in da ni razloga za različne zaključke o učinkovitosti zdravil.</s>
<s id="s37.1">4/ 7 3.</s>
<s id="s37.2">Zaključki in priporočila</s>
<s id="s38.1">Zdravilo Solacyl 100% prašek za peroralno raztopino je dokazano bistveno podobno referenčnemu zdravilu Natrium salicylaat 100%.</s>
<s id="s38.2">Posledično za obe zdravili veljajo enaki zaključki o učinkovitosti in varnosti.</s>
<s id="s38.3">Zadržki, ki jih je podala Irska, ne smejo preprečiti odobritve dovoljenja za promet z zdravilom Solacyl 100% prašek za peroralno raztopino za teleta in prašiče.</s>
<s id="s39.1">Priporočljivo je, da se za zdravilo Solacyl 100% prašek za peroralno raztopino za teleta in prašiče upošteva izid napotitvenega postopka Skupnosti v skladu s členom 35( 2) za peroralne topne praške, ki vsebujejo natrijev salicilat.</s>
<s id="s40.1">5/ 7 DODATEK III</s>
<s id="s41.1">POVZETEK GLAVNIH ZNAČILNOSTI ZDRAVILA, OZNAČEVANJE IN NAVODILO ZA UPORABO</s>
<s id="s42.1">6/ 7 Veljavni Povzetek glavnih značilnosti zdravila, označevanje in navodilo za uporabo so različice, s katerimi se strinjajo referenčna država članica in zadevne države članice (z izjemo Irske) na 210. dan decentraliziranega postopka.</s>
<s id="s43.1">7/ 7</s>
</body>
</letsmt>
