<?xml version="1.0" encoding="utf-8"?>
<letsmt version="1.0">
<head></head>
<body>
<s id="s1.1">DODATEK I</s>
<s id="s2.1">POVZETEK GLAVNIH ZNAČILNOSTI ZDRAVILA</s>
<s id="s3.1">1/ 33 1.</s>
<s id="s3.2">IME ZDRAVILA ZA UPORABO V VETERINARSKI MEDICINI</s>
<s id="s4.1">Flexicam 1, 5 mg/ ml, peroralna suspenzija za pse</s>
<s id="s5.1">2.</s>
<s id="s5.2">KAKOVOSTNA IN KOLIČINSKA SESTAVA</s>
<s id="s6.1">1 ml peroralne suspenzije Flexicam 1, 5 mg/ ml vsebuje:</s>
<s id="s7.1">Zdravilna( e) učinkovina( e):</s>
<s id="s8.1">Meloksikam 1, 5 mg (kar ustreza 0, 05 mg na kapljico)</s>
<s id="s9.1">Pomožna( e) snov( i):</s>
<s id="s10.1">Natrijev benzoat 1, 5 mg (kar ustreza 0, 05 mg na kapljico)</s>
<s id="s11.1">Celoten seznam pomožnih snovi, glej razdelek 6. 1.</s>
<s id="s12.1">3.</s>
<s id="s12.2">FARMACEVTSKA OBLIKA</s>
<s id="s13.1">Peroralna suspenzija Flexicam je svetlo zelena homogena suspenzija, ki vsebuje 1, 5 mg/ ml meloksikama.</s>
<s id="s14.1">4.</s>
<s id="s14.2">KLINIČNI PODATKI</s>
<s id="s15.1">4. 1 Ciljna živalska vrsta</s>
<s id="s16.1">Psi</s>
<s id="s17.1">4. 2 Indikacije za uporabo</s>
<s id="s18.1">Umirjanje vnetja in lajšanje bolečine pri akutnih in kroničnih mišično- skeletnih obolenjih.</s>
<s id="s19.1">4. 3 Kontraindikacije</s>
<s id="s20.1">Ne uporabite pri brejih živalih in živalih v obdobju laktacije.</s>
<s id="s20.2">Ne uporabite pri živalih z obolenji prebavil, kot so zdraženost prebavil in krvavitve, pri motnjah delovanja jeter, srca ali ledvic in pri hemoragičnih obolenjih ter pri znani preobčutljivosti za zdravilo.</s>
<s id="s20.3">Ne uporabite pri psih, mlajših od 6 tednov.</s>
<s id="s21.1">4. 4 Posebna opozorila</s>
<s id="s22.1">Jih ni.</s>
<s id="s23.1">4. 5 Posebni previdnostni ukrepi</s>
<s id="s24.1">Posebni previdnostni ukrepi</s>
<s id="s25.1">Če se pojavijo neželeni učinki, je treba zdravljenje prekiniti in se posvetovati z veterinarjem.</s>
<s id="s25.2">Zaradi možne povečane toksičnosti za ledvice se dajanju zdravila ogibamo pri dehidriranih, hipovolemičnih ali hipotenzivnih živalih.</s>
<s id="s25.3">Tega zdravila za pse ne smemo uporabljati pri mačkah, ker za to živalsko vrsto ni primerno.</s>
<s id="s25.4">2/ 33 Posebni varnostni ukrepi, ki jih mora izvajati oseba, ki živalim daje zdravilo</s>
<s id="s26.1">Osebe z znano preobčutljivostjo za nesteroidna protivnetna zdravila naj se izogibajo stiku z zdravilom.</s>
<s id="s27.1">V primeru nenamernega zaužitja se takoj posvetujte z zdravnikom in mu pokažite navodila za uporabo ali nalepko na zloženki.</s>
<s id="s28.1">4. 6 Stranski učinki (pogostost in resnost)</s>
<s id="s29.1">Občasno so poročali o značilnih neželenih učinkih nesteroidnih protivnetnih zdravil, kot so izguba teka, bruhanje, driska, kri v blatu (okultna krvavitev) in apatija.</s>
<s id="s29.2">Našteti neželeni učinki so najpogostnejši prvi teden zdravljenja, so večinoma prehodni in po končanem zdravljenju minejo, vendar so lahko v zelo redkih primerih tudi resni ali smrtno nevarni.</s>
<s id="s30.1">4. 7 Uporaba v obdobju brejosti, laktacije ali nesnosti</s>
<s id="s31.1">Varnost zdravila v obdobju brejosti in laktacije ni bila ugotovljena (glejte 4. 3).</s>
<s id="s32.1">4. 8 Medsebojno delovanje z drugimi zdravili in druge oblike interakcij</s>
<s id="s33.1">Druga nesteroidna protivnetna zdravila, diuretiki, antikoagulanti, aminoglikozidni antibiotiki in snovi z visoko vezavo na beljakovine se lahko kompetitivno vežejo, kar lahko privede do toksičnih učinkov.</s>
<s id="s33.2">Flexicama ne smemo dajati skupaj z drugimi nesteroidnimi protivnetnimi zdravili ali glukokortikosteroidi.</s>
<s id="s34.1">Predzdravljenje z zdravili s protivnetnim delovanjem lahko povzroči dodatne neželene učinke ali jih okrepi, zato teh zdravil ne smemo dajati najmanj 24 ur pred začetkom zdravljenja.</s>
<s id="s34.2">Poleg tega je treba pri določanju obdobja brez zdravil upoštevati farmakokinetične lastnosti zdravil, ki smo jih dajali predhodno.</s>
<s id="s35.1">4. 9 Odmerjanje in način uporabe</s>
<s id="s36.1">Zdravilo dajemo pomešano s hrano.</s>
<s id="s36.2">Začetni odmerek prvi dan zdravljenja je 0, 2 mg meloksikama na kilogram telesne mase.</s>
<s id="s36.3">Zdravljenje nadaljujemo z enim peroralnim vzdrževalnim odmerkom po 0, 1 mg meloksikama na kilogram telesne mase na dan (v 24- urnih presledkih).</s>
<s id="s37.1">Posebno skrbno je treba paziti na natančno odmerjanje zdravila.</s>
<s id="s37.2">Suspenzijo lahko dajemo s kapalko (zelo majhnim pasmam) ali s priloženo merilno brizgo za Flexicam.</s>
<s id="s37.3">Pri dajanju s kapalko vsebuje 1 kapljica 0, 05 mg meloksikama (odmerek po 0, 1 mg meloksikama na kg telesne mase ustreza 2 kapljicama na kilogram telesne mase).</s>
<s id="s37.4">Brizga je oblikovana tako, da se prilega steklenički in ima merilno skalo z oznakami telesne mase v kilogramih, ki ustrezajo vzdrževalnemu odmerku (0, 1 mg meloksikama na kilogram telesne mase).</s>
<s id="s37.5">Prvega dne zdravljenja je torej potreben dvakratni volumen vzdrževalnega odmerka.</s>
<s id="s38.1">Pred uporabo dobro pretresite.</s>
<s id="s39.1">Klinični odziv na zdravljenje je običajno opazen po 3 do 4 dneh.</s>
<s id="s39.2">Če se klinično stanje ne izboljša, je treba zdravljenje najpozneje po 10 dneh prekiniti.</s>
<s id="s40.1">Pazite, da med uporabo ne bi prišlo do kontaminacije.</s>
<s id="s41.1">4. 10 Preveliko odmerjanje (simptomi, nujni ukrepi, protistrupi) (če so potrebni)</s>
<s id="s42.1">Pri nenamernem vnosu prevelikega odmerka uvedemo simptomatsko zdravljenje.</s>
<s id="s43.1">3/ 33 4. 11 Karenca( e)</s>
<s id="s44.1">Navedba ni smiselna.</s>
<s id="s45.1">5.</s>
<s id="s45.2">FARMAKOLOŠKE LASTNOSTI</s>
<s id="s46.1">Farmakoterapevtska skupina: nesteroidno, protivnetno zdravilo (NSAID)</s>
<s id="s47.1">ATCvet oznaka:</s>
<s id="s47.2">QM01AC06</s>
<s id="s48.1">5. 1 Farmakodinamične lastnosti</s>
<s id="s49.1">Meloksikam je nesteroidno protivnetno zdravilo (NSAID) iz skupine oksikamov, ki zavira sintezo prostaglandinov in tako deluje protivnetno, analgetično, antieksudativno in antipiretično.</s>
<s id="s49.2">Zmanjša infiltracijo levkocitov v vneto tkivo.</s>
<s id="s49.3">V manjši meri zavira tudi agregacijo trombocitov, ki jo povzroča kolagen.</s>
<s id="s49.4">Raziskave in vitro ter in vivo so pokazale, da meloksikam močneje zavira ciklooksigenazo 2 (COX- 2) kot ciklooksigenazo 1 (COX- 1).</s>
<s id="s50.1">5. 2 Farmakokinetične posebnosti</s>
<s id="s51.1">Absorpcija Meloksikam se po peroralnem dajanju povsem absorbira in doseže največje koncentracije v plazmi po približno 7, 5 ure.</s>
<s id="s51.2">Če dajemo zdravilo po priporočeni shemi odmerjanja, doseže meloksikam ustaljene koncentracije v plazmi drugega dne zdravljenja.</s>
<s id="s52.1">Porazdelitev Pri terapevtskem razponu odmerkov je med vnesenim odmerkom meloksikama in koncentracijo v plazmi linearno razmerje.</s>
<s id="s52.2">Približno 97% meloksikama se veže na beljakovine v plazmi.</s>
<s id="s52.3">Porazdelitveni volumen je 0, 3 l/ kg.</s>
<s id="s53.1">Presnavljanje Meloksikam se pretežno nahaja v plazmi in predstavlja tudi pomemben delež pri biliarnem izločanju, medtem ko so v urinu samo sledi matične spojine.</s>
<s id="s53.2">Presnavlja se v alkohol, kisli derivat in več polarnih presnovkov.</s>
<s id="s53.3">Vsi glavni presnovki so farmakološko neaktivni.</s>
<s id="s54.1">Izločanje Razpolovna doba izločanja meloksikama je 24 ur.</s>
<s id="s54.2">Približno 75% vnesenega odmerka meloksikama se izloči z blatom, preostanek pa z urinom.</s>
<s id="s55.1">6.</s>
<s id="s55.2">FARMACEVTSKI PODATKI</s>
<s id="s56.1">6. 1 Seznam pomožnih snovi</s>
<s id="s57.1">disperzibilna celuloza ksantanska guma natrijev benzoat glicerol ksilitol natrijev lavrilsulfat monohidrat citronske kisline natrijev citrat aroma medu emulzija simetikona prečiščena voda</s>
<s id="s58.1">4/ 33 6. 2 Glavne inkompatibilnosti</s>
<s id="s59.1">Navedba ni smiselna.</s>
<s id="s60.1">6. 3 Rok uporabnosti</s>
<s id="s61.1">2 leti od datuma izdelave na neodprti steklenički</s>
<s id="s62.1">Rok uporabnosti po odprtju stekleničke:</s>
<s id="s62.2">9 mesecev</s>
<s id="s63.1">6. 4 Posebna navodila za shranjevanje</s>
<s id="s64.1">Za shranjevanje ni posebnih navodil.</s>
<s id="s65.1">6. 5 Vrsta in vsebina vsebnika</s>
<s id="s66.1">Polietilenska steklenička po 10, 32 ali 100 ml s polietilensko kapalko in varnostnim, za otroke varnim zapiralom ter polipropilenska merilna brizga.</s>
<s id="s67.1">6. 6 Posebni varnostni ukrepi za odstranjevanje neporabljenega zdravila ali odpadnih snovi, če obstajajo</s>
<s id="s68.1">Vsako neporabljeno zdravilo za uporabo v veterinarski medicini ali odpadne snovi, ki nastanejo iz teh zdravil, je treba odstraniti v skladu z nacionalnimi zahtevami.</s>
<s id="s69.1">7.</s>
<s id="s69.2">IME ALI IME PODJETJA TER NASLOV ALI REGISTRIRANI KRAJ POSLOVANJA IMETNIKA DOVOLJENJA ZA PROMET</s>
<s id="s70.1">Omnipharm Ltd The Spire Egypt Road Nottingham NG7 7GD Velika Britanija</s>
<s id="s71.1">8.</s>
<s id="s71.2">ŠTEVILKA( E) DOVOLJENJ( A) ZA PROMET</s>
<s id="s72.1">EU/ 2/ 06/ 058/ 001 EU/ 2/ 06/ 058/ 002 EU/ 2/ 06/ 058/ 003</s>
<s id="s73.1">9.</s>
<s id="s73.2">DATUM PRIDOBITVE/ PODALJŠANJA DOVOLJENJA ZA PROMET</s>
<s id="s74.1">10. 04. 2006</s>
<s id="s75.1">10.</s>
<s id="s75.2">DATUM REVIZIJE BESEDILA</s>
<s id="s76.1">28. 02. 2006</s>
<s id="s77.1">PREPOVED PRODAJE, OSKRBE IN/ ALI UPORABE</s>
<s id="s78.1">Navedba ni smiselna.</s>
<s id="s79.1">5/ 33 1.</s>
<s id="s79.2">IME ZDRAVILA ZA UPORABO V VETERINARSKI MEDICINI</s>
<s id="s80.1">Flexicam 5 mg/ ml, raztopina za injiciranje za pse in mačke</s>
<s id="s81.1">2.</s>
<s id="s81.2">KAKOVOSTNA IN KOLIČINSKA SESTAVA</s>
<s id="s82.1">1 ml raztopine za injiciranje Flexicam 5 mg/ ml vsebuje:</s>
<s id="s83.1">Zdravilna( e) učinkovina( e):</s>
<s id="s84.1">Meloksikam 5 mg</s>
<s id="s85.1">Pomožna( e) snov( i):</s>
<s id="s86.1">Etanol, brezvodni</s>
<s id="s87.1">150 mg</s>
<s id="s88.1">Za celoten seznam pomožnih snovi glejte poglavje 6. 1.</s>
<s id="s89.1">3.</s>
<s id="s89.2">FARMACEVTSKA OBLIKA</s>
<s id="s90.1">Raztopina za injiciranje</s>
<s id="s91.1">4.</s>
<s id="s91.2">KLINIČNI PODATKI</s>
<s id="s92.1">4. 1 Ciljne živalske vrste</s>
<s id="s93.1">Psi in mačke</s>
<s id="s94.1">4. 2 Indikacije za uporabo pri ciljnih živalskih vrstah</s>
<s id="s95.1">Psi:</s>
<s id="s95.2">Umirjanje vnetja in lajšanje bolečine pri akutnih in kroničnih mišično- skeletnih obolenjih.</s>
<s id="s95.3">Lajšanje pooperativne bolečine in zmanjšanje vnetja po ortopedskih operacijah in operacijah mehkega tkiva.</s>
<s id="s96.1">Mačke:</s>
<s id="s96.2">Lajšanje pooperativne bolečine po ovariohisterektomiji in manjših operacijah mehkega tkiva.</s>
<s id="s97.1">4. 3 Kontraindikacije</s>
<s id="s98.1">Ne uporabite pri brejih živalih ali živalih v obdobju laktacije.</s>
<s id="s98.2">Ne uporabite pri živalih z obolenji prebavil, kot so zdraženost prebavil in krvavitev, pri motnjah jetrne, srčne ali ledvične funkcije in hemoragičnih obolenjih.</s>
<s id="s98.3">Ne uporabite v primeru preobčutljivosti na zdravilno učinkovino ali katero koli pomožno snov.</s>
<s id="s98.4">Ne uporabite pri živalih, mlajših od 6 tednov, in mačkah, lažjih od 2 kg.</s>
<s id="s99.1">4. 4 Posebna opozorila za vsako ciljno živalsko vrsto</s>
<s id="s100.1">Pri lajšanju pooperativne bolečine pri mačkah je varnost dokumentirana samo za anestezijo s tiopentalom in halotanom.</s>
<s id="s101.1">4. 5 Posebni previdnostni ukrepi</s>
<s id="s102.1">Posebni previdnostni ukrepi za uporabo pri živalih 6/ 33 Če se pojavijo neželeni učinki, moramo zdravljenje prekiniti in se posvetovati z veterinarjem.</s>
<s id="s102.2">Zaradi nevarnosti toksičnih učinkov na ledvice se dajanju zdravila izogibamo pri dehidriranih, hipovolemičnih ali hipotenzivnih živalih.</s>
<s id="s102.3">Pri mačkah zdravljenja ne smete nadaljevati s peroralno obliko meloksikama ali drugega nesteroidnega protivnetnega zdravila, ker pri njih še ni določen ustrezen odmerek za takšno nadaljevalno zdravljenje.</s>
<s id="s103.1">Posebni previdnostni ukrepi, ki jih mora izvajati oseba, ki živalim daje zdravilo Nenamerno samoinjiciranje lahko povzroči bolečino.</s>
<s id="s103.2">Osebe z znano preobčutljivostjo za nesteroidna protivnetna zdravila naj se izogibajo stiku z zdravilom.</s>
<s id="s103.3">V primeru nenamernega samoinjiciranja se takoj posvetujte z zdravnikom in mu pokažite navodila za uporabo ali ovojnino.</s>
<s id="s104.1">4. 6 Neželeni učinki (pogostost in resnost)</s>
<s id="s105.1">Občasno so poročali o značilnih neželenih škodljivih učinkih nesteroidnih protivnetnih zdravil, kot so izguba teka, bljuvanje, driska, okultna kri v blatu, apatija in ledvična odpoved.</s>
<s id="s105.2">Pri psih se našteti neželeni škodljivi učinki pretežno pojavijo v prvem tednu zdravljenja, so večinoma prehodni in po končanem zdravljenju minejo, vendar so lahko v zelo redkih primerih tudi resni ali smrtno nevarni.</s>
<s id="s105.3">Zelo redko se lahko pojavijo anafilaktoidne reakcije, ki jih je treba zdraviti simptomatsko.</s>
<s id="s106.1">4. 7 Uporaba v obdobju brejosti, laktacije ali nesnosti</s>
<s id="s107.1">Varnost veterinarskega zdravila v obdobju brejosti in laktacije še ni raziskana (glejte poglavje 4. 3).</s>
<s id="s108.1">4. 8 Medsebojno delovanje z drugimi zdravili in druge oblike interakcij</s>
<s id="s109.1">Druga nesteroidna protivnetna zdravila, diuretiki, antikoagulansi, aminoglikozidni antibiotiki in snovi z veliko vezavo na beljakovine se lahko kompetitivno vežejo, kar lahko povzroči toksične učinke.</s>
<s id="s109.2">Flexicama ne smemo dajati z drugimi nesteroidnimi protivnetnimi zdravili ali glukokortikosteroidi.</s>
<s id="s109.3">Sočasnega dajanja zdravil, ki lahko imajo nefrotoksične učinke, se je treba izogibati.</s>
<s id="s109.4">Pri živalih, pri katerih je večja verjetnost, da bodo potrebovale anestezijo (npr. pri starejših živalih), je treba presoditi o potrebi po intravenskem ali podkožnem dajanju tekočine med anestezijo.</s>
<s id="s109.5">Kadar dajemo nesteroidna protivnetna zdravila sočasno z anestezijo, ni možno izključiti tveganja škodljivih učinkov na ledvično delovanje.</s>
<s id="s110.1">Predzdravljenje z zdravili s protivnetnim delovanjem lahko povzroči dodatne neželene učinke ali jih okrepi, zato teh zdravil ne smemo dajati najmanj 24 ur pred začetkom zdravljenja.</s>
<s id="s110.2">Pri določanju obdobja brez zdravljenja je treba upoštevati tudi farmakološke lastnosti zdravil, ki smo jih dajali predhodno.</s>
<s id="s111.1">4. 9 Odmerjanje in pot uporabe</s>
<s id="s112.1">Psi:</s>
<s id="s112.2">Mišično- skeletna obolenja:</s>
<s id="s112.3">Enkratna podkožna injekcija po 0, 2 mg meloksikama na kilogram telesne mase (to je 0, 4 ml/ 10 kg telesne mase).</s>
<s id="s112.4">Zdravljenje lahko nadaljujemo s peroralno suspenzijo Flexicam 1, 5 mg/ ml za pse, ki jih damo v odmerku po 0, 1 mg meloksikama na kilogram telesne mase 24 ur po injekciji.</s>
<s id="s113.1">Lajšanje pooperativne bolečine (v 24- urnem obdobju):</s>
<s id="s113.2">Enkratna intravenska ali podkožna injekcija po 0, 2 mg meloksikama na kilogram telesne mase (to je 0, 4 ml/ 10 kg telesne mase) pred operacijo, na primer ob indukciji anestezije.</s>
<s id="s114.1">Mačke:</s>
<s id="s114.2">Lajšanje pooperativne bolečine:</s>
<s id="s114.3">Enkratna podkožna injekcija po 0, 3 mg meloksikama na kilogram telesne mase (to je 0, 06 ml/ kg telesne mase) pred operacijo, na primer ob indukciji anestezije.</s>
<s id="s114.4">7/ 33 Posebno pozornost je treba nameniti natančnemu odmerjanju.</s>
<s id="s115.1">Pazite, da med uporabo ne bi prišlo do okužbe.</s>
<s id="s116.1">4. 10 Preveliko odmerjanje (simptomi, nujni ukrepi, protistrupi) (če je potrebno)</s>
<s id="s117.1">Pri prevelikem odmerjanju uvedemo simptomatsko zdravljenje.</s>
<s id="s118.1">4. 11 Karenca( e)</s>
<s id="s119.1">Navedba ni smiselna.</s>
<s id="s120.1">5.</s>
<s id="s120.2">FARMAKOLOŠKE LASTNOSTI</s>
<s id="s121.1">Farmakoterapevtska skupina: protivnetna in protirevmatična zdravila, nesteroidna (oksikami) Oznaka ATCvet:</s>
<s id="s121.2">QM01AC06</s>
<s id="s122.1">5. 1 Farmakodinamične lastnosti</s>
<s id="s123.1">Meloksikam je nesteroidno protivnetno zdravilo iz skupine oksikamov.</s>
<s id="s123.2">Njegovo delovanje temelji na zaviranju tvorbe prostaglandinov.</s>
<s id="s123.3">Deluje protivnetno, analgetično, antieksudativno in antipiretično.</s>
<s id="s123.4">Zmanjšuje infiltracijo levkocitov v vneto tkivo.</s>
<s id="s123.5">V manjši meri zavira tudi s kolagenom povzročeno agregacijo trombocitov.</s>
<s id="s123.6">Raziskave in vitro ter in vivo so pokazale, da ima meloksikam močnejši zaviralni učinek na ciklooksigenazo 2 kot na ciklooksigenazo 1.</s>
<s id="s124.1">5. 2 Farmakokinetični podatki</s>
<s id="s125.1">Absorpcija Meloksikam je po podkožnem dajanju v celoti biološko uporaben in doseže največjo srednjo koncentracijo v plazmi, ki je 0, 73 µg/ ml pri psih in 1, 1 µg/ ml pri mačkah, približno 2, 5 ure oz.</s>
<s id="s125.2">1, 5 ure po dajanju.</s>
<s id="s126.1">Porazdelitev Med vnesenim odmerkom in koncentracijo v plazmi je pri terapevtskem razponu odmerkov pri psih linearno razmerje.</s>
<s id="s126.2">Več kot 97% meloksikama se veže na beljakovine v plazmi.</s>
<s id="s126.3">Prostornina porazdelitve je 0, 3 l/ kg pri psih in 0, 09 l/ kg pri mačkah.</s>
<s id="s127.1">Presnavljanje Meloksikam se pri psih pretežno nahaja v plazmi in je tudi pomembna sestavina pri izločanju zdravila z žolčem, medtem ko vsebuje urin samo sledi matične spojine.</s>
<s id="s127.2">Meloksikam se presnavlja v alkohol, kisli derivat in več polarnih presnovkov.</s>
<s id="s127.3">Vsi pomembnejši presnovki so farmakološko neaktivni.</s>
<s id="s128.1">Izločanje Razpolovna doba izločanja meloksikama je pri psih 24 ur, pri mačkah pa 15 ur.</s>
<s id="s128.2">Približno 75% vnesenega odmerka se izloči z blatom, preostala količina pa z urinom.</s>
<s id="s129.1">6.</s>
<s id="s129.2">FARMACEVTSKI PODATKI</s>
<s id="s130.1">6. 1.</s>
<s id="s130.2">Seznam pomožnih snovi</s>
<s id="s131.1">- etanol</s>
<s id="s132.1">- poloksamer 188</s>
<s id="s133.1">- natrijev klorid</s>
<s id="s134.1">- glicin</s>
<s id="s135.1">- natrijev hidroksid</s>
<s id="s136.1">8/ 33</s>
<s id="s137.1">- glikofurol</s>
<s id="s138.1">- meglumin</s>
<s id="s139.1">- voda za injekcije</s>
<s id="s140.1">6. 2 Inkompatibilnosti</s>
<s id="s141.1">Navedba ni smiselna.</s>
<s id="s142.1">6. 3 Rok uporabnosti</s>
<s id="s143.1">Rok uporabnosti zdravila v pakiranju za prodajo:</s>
<s id="s143.2">3 leta Rok uporabnosti po prvem odpiranju stične ovojnine:</s>
<s id="s143.3">28 dni</s>
<s id="s144.1">6. 4 Posebna navodila za shranjevanje</s>
<s id="s145.1">Shranjujte pri temperaturi do 25 °C.</s>
<s id="s146.1">6. 5 Vrsta ovojnine in vsebina</s>
<s id="s147.1">Brezbarvne steklene injekcijske viale po 10 ml, zaprte z gumijastim zamaškom in aluminijasto zaporko.</s>
<s id="s148.1">6. 6 Posebni varnostni ukrepi za odstranjevanje neporabljenega zdravila ali odpadnih snovi</s>
<s id="s149.1">Vsako neporabljeno zdravilo ali odpadne snovi, ki nastanejo iz teh zdravil, je treba odstraniti v skladu z lokalnimi predpisi.</s>
<s id="s150.1">7.</s>
<s id="s150.2">IMETNIK DOVOLJENJA ZA PROMET</s>
<s id="s151.1">Omnipharm Ltd The Spire Egypt Road Nottingham NG7 7GD Velika Britanija</s>
<s id="s152.1">8.</s>
<s id="s152.2">ŠTEVILKA( E) DOVOLJENJ( A) ZA PROMET</s>
<s id="s153.1">EU/ 2/ 06/ 058/ 004</s>
<s id="s154.1">9.</s>
<s id="s154.2">DATUM PRIDOBITVE/ PODALJŠANJA DOVOLJENJA ZA PROMET</s>
<s id="s155.1">09/ 12/ 2008</s>
<s id="s156.1">9/ 33 10.</s>
<s id="s156.2">DATUM REVIZIJE BESEDILA</s>
<s id="s157.1">09/ 12/ 2008</s>
<s id="s158.1">Podrobne informacije o tem zdravilu za uporabo v veterinarski medicini so na voljo na spletni strani Evropske agencije za zdravila (European Medicines Agency, EMEA) http: // www. emea. europa. eu /.</s>
<s id="s159.1">PREPOVED PRODAJE, OSKRBE IN/ ALI UPORABE</s>
<s id="s160.1">Navedba ni smiselna.</s>
<s id="s161.1">10/ 33 DODATEK II</s>
<s id="s162.1">A.</s>
<s id="s162.2">IZDELOVALEC (IZDELOVALCI) IN IMETNIK DOVOLJENJA ZA IZDELAVO ZDRAVILA, ODGOVOREN ZA SPROSTITEV SERIJE</s>
<s id="s163.1">B.</s>
<s id="s163.2">POGOJI DOVOLJENJA ZA PROMET Z ZDRAVILOM TER OMEJITVE GLEDEOSKRBE IN UPORABE</s>
<s id="s164.1">C.</s>
<s id="s164.2">POGOJI DOVOLJENJA ZA PROMET Z ZDRAVILOM TER OMEJITVE GLEDE VARNE IN UČINKOVITE UPORABE</s>
<s id="s165.1">D.</s>
<s id="s165.2">NAVEDBA NAJVIŠJIH DOVOLJENIH KOLIČIN ZAOSTANKOV ZDRAVILA (MRL)</s>
<s id="s166.1">11/ 33 A.</s>
<s id="s166.2">IZDELOVALEC (IZDELOVALCI) IN IMETNIK DOVOLJENJA ZA IZDELAVO ZDRAVILA, ODGOVOREN ZA SPROSTITEV SERIJE</s>
<s id="s167.1">Ime in naslov izdelovalca zdravila, odgovornega za sprostitev serije</s>
<s id="s168.1">Fisher Clinical Services Langhurstwood Road Horsham West Sussex RH12 4QD Velika Britanija</s>
<s id="s169.1">B.</s>
<s id="s169.2">POGOJI DOVOLJENJA ZA PROMET Z ZDRAVILOM TER OMEJITVE GLEDE OSKRBE IN UPORABE</s>
<s id="s170.1">Izdaja zdravila za uporabo v veterinarski medicini je le na recept.</s>
<s id="s171.1">C.</s>
<s id="s171.2">POGOJI DOVOLJENJA ZA PROMET Z ZDRAVILOM TER OMEJITVE GLEDE VARNE IN UČINKOVITE UPORABE</s>
<s id="s172.1">Navedba ni smiselna.</s>
<s id="s173.1">D.</s>
<s id="s173.2">NAVEDBA NAJVIŠJIH DOVOLJENIH KOLIČIN ZAOSTANKOV ZDRAVILA (MRL)</s>
<s id="s174.1">Navedba ni smiselna.</s>
<s id="s175.1">12/ 33 DODATEK III</s>
<s id="s176.1">OZNAČEVANJE IN NAVODILO ZA UPORABO</s>
<s id="s177.1">13/ 33 A.</s>
<s id="s177.2">OZNAČEVANJE</s>
<s id="s178.1">14/ 33 PODATKI NA ZUNANJI OVOJNINI</s>
<s id="s179.1">Steklenica 10 ml</s>
<s id="s180.1">1.</s>
<s id="s180.2">IME ZDRAVILA ZA UPORABO V VETERINARSKI MEDICINI</s>
<s id="s181.1">Flexicam 1, 5 mg/ ml, peroralna suspenzija za pse</s>
<s id="s182.1">2.</s>
<s id="s182.2">NAVEDBA ZDRAVILNE UČINKOVINE IN DRUGIH SNOVI</s>
<s id="s183.1">Meloksikam 1, 5 mg/ ml</s>
<s id="s184.1">3.</s>
<s id="s184.2">FARMACEVTSKA OBLIKA</s>
<s id="s185.1">Peroralna suspenzija</s>
<s id="s186.1">4.</s>
<s id="s186.2">VELIKOST PAKIRANJA</s>
<s id="s187.1">10 ml</s>
<s id="s188.1">5.</s>
<s id="s188.2">CILJNA ŽIVALSKA VRSTA</s>
<s id="s189.1">Psi</s>
<s id="s190.1">6.</s>
<s id="s190.2">INDIKACIJA( E)</s>
<s id="s191.1">Umirjanje vnetja in lajšanje bolečine pri akutnih in kroničnih mišično- skeletnih obolenjih.</s>
<s id="s192.1">7.</s>
<s id="s192.2">NAČIN UPORABE IN DAJANJA</s>
<s id="s193.1">Pred uporabo dobro pretresite.</s>
<s id="s193.2">Zdravilo dajemo pomešano med hrano.</s>
<s id="s193.3">Pazite, da med uporabo ne bi prišlo do kontaminacije.</s>
<s id="s194.1">8.</s>
<s id="s194.2">KARENCA</s>
<s id="s195.1">Navedba smiselno ni potrebna.</s>
<s id="s196.1">9.</s>
<s id="s196.2">POSEBNO( A) OPOZORILO( A), ČE JE/ SO POTREBNO( A)</s>
<s id="s197.1">Ne uporabite pri brejih živalih in živalih v obdobju laktacije.</s>
<s id="s197.2">Pred uporabo preberite navodilo za uporabo.</s>
<s id="s198.1">15/ 33 10.</s>
<s id="s198.2">DATUM IZTEKA ROKA UPORABNOSTI ZDRAVILA</s>
<s id="s199.1">EXP {mesec/ leto} Rok uporabnosti odprte stekleničke:</s>
<s id="s199.2">9 mesecev</s>
<s id="s200.1">11.</s>
<s id="s200.2">POSEBNA NAVODILA ZA SHRANJEVANJE</s>
<s id="s201.1">Zdravilo shranjujte nedosegljivo otrokom Rok uporabnosti odprte stekleničke:</s>
<s id="s201.2">9 mesecev Zdravila ne smete uporabljati po datumu izteka roka uporabnosti, navedenega na zloženki in steklenički.</s>
<s id="s202.1">12.</s>
<s id="s202.2">POSEBNI VARNOSTNI UKREPI ZA ODSTRANJEVANJE NEPORABLJENEGA ZDRAVILA ALI ODPADNIH SNOVI, ČE OBSTAJAJO</s>
<s id="s203.1">Odstranite v skladu z nacionalnimi zahtevami.</s>
<s id="s204.1">13.</s>
<s id="s204.2">BESEDILO “ SAMO ZA ŽIVALI ”</s>
<s id="s205.1">Samo za živali.</s>
<s id="s206.1">14.</s>
<s id="s206.2">BESEDILO “ ZDRAVILO SHRANJUJTE NEDOSEGLJIVO OTROKOM ”</s>
<s id="s207.1">Zdravilo shranjujte nedosegljivo otrokom.</s>
<s id="s208.1">15.</s>
<s id="s208.2">IME IN NASLOV IMETNIKA DOVOLJENJA ZA PROMET Z ZDRAVILOM</s>
<s id="s209.1">Omnipharm Ltd The Spire Egypt Road Nottingham NG7 7GD Velika Britanija</s>
<s id="s210.1">16.</s>
<s id="s210.2">ŠTEVILKA( E) V REGISTRU ZDRAVIL SKUPNOSTI</s>
<s id="s211.1">EU/ 0/ 00/ 000/ 000</s>
<s id="s212.1">17.</s>
<s id="s212.2">IZDELOVALČEVA ŠTEVILKA SERIJE IZDELAVE ZDRAVILA</s>
<s id="s213.1">Serija {številka}</s>
<s id="s214.1">18.</s>
<s id="s214.2">POGOJI ALI OMEJITVE GLEDE NAČINA IZDAJE IN UPORABE</s>
<s id="s215.1">Izdaja zdravila za uporabo v veterinarski medicini je le na recept.</s>
<s id="s216.1">16/ 33 PODATKI NA ZUNANJI OVOJNINI</s>
<s id="s217.1">Steklenica 32 ml</s>
<s id="s218.1">1.</s>
<s id="s218.2">IME ZDRAVILA ZA UPORABO V VETERINARSKI MEDICINI</s>
<s id="s219.1">Flexicam 1, 5 mg/ ml, peroralna suspenzija za pse</s>
<s id="s220.1">2.</s>
<s id="s220.2">NAVEDBA ZDRAVILNE UČINKOVINE IN DRUGIH SNOVI</s>
<s id="s221.1">Meloksikam 1, 5 mg/ ml</s>
<s id="s222.1">3.</s>
<s id="s222.2">FARMACEVTSKA OBLIKA</s>
<s id="s223.1">Peroralna suspenzija</s>
<s id="s224.1">4.</s>
<s id="s224.2">VELIKOST PAKIRANJA</s>
<s id="s225.1">32 ml</s>
<s id="s226.1">5.</s>
<s id="s226.2">CILJNA ŽIVALSKA VRSTA</s>
<s id="s227.1">Psi</s>
<s id="s228.1">6.</s>
<s id="s228.2">INDIKACIJA( E)</s>
<s id="s229.1">Umirjanje vnetja in lajšanje bolečine pri akutnih in kroničnih mišično- skeletnih obolenjih.</s>
<s id="s230.1">7.</s>
<s id="s230.2">NAČIN UPORABE IN DAJANJA</s>
<s id="s231.1">Pred uporabo dobro pretresite.</s>
<s id="s231.2">Zdravilo dajemo pomešano med hrano.</s>
<s id="s231.3">Pazite, da med uporabo ne bi prišlo do kontaminacije.</s>
<s id="s232.1">8.</s>
<s id="s232.2">KARENCA</s>
<s id="s233.1">Navedba smiselno ni potrebna.</s>
<s id="s234.1">9.</s>
<s id="s234.2">POSEBNO( A) OPOZORILO( A), ČE JE/ SO POTREBNO( A)</s>
<s id="s235.1">Ne uporabite pri brejih živalih in živalih v obdobju laktacije.</s>
<s id="s235.2">Pred uporabo preberite navodilo za uporabo.</s>
<s id="s236.1">17/ 33 10.</s>
<s id="s236.2">DATUM IZTEKA ROKA UPORABNOSTI ZDRAVILA</s>
<s id="s237.1">EXP {mesec/ leto} Rok uporabnosti odprte stekleničke:</s>
<s id="s237.2">9 mesecev</s>
<s id="s238.1">11.</s>
<s id="s238.2">POSEBNA NAVODILA ZA SHRANJEVANJE</s>
<s id="s239.1">Zdravilo shranjujte nedosegljivo otrokom Rok uporabnosti odprte stekleničke:</s>
<s id="s239.2">9 mesecev Zdravila ne smete uporabljati po datumu izteka roka uporabnosti, navedenega na zloženki in steklenički.</s>
<s id="s240.1">12.</s>
<s id="s240.2">POSEBNI VARNOSTNI UKREPI ZA ODSTRANJEVANJE NEPORABLJENEGA ZDRAVILA ALI ODPADNIH SNOVI, ČE OBSTAJAJO</s>
<s id="s241.1">Odstranite v skladu z nacionalnimi zahtevami.</s>
<s id="s242.1">13.</s>
<s id="s242.2">BESEDILO “ SAMO ZA ŽIVALI ”</s>
<s id="s243.1">Samo za živali.</s>
<s id="s244.1">14.</s>
<s id="s244.2">BESEDILO “ ZDRAVILO SHRANJUJTE NEDOSEGLJIVO OTROKOM ”</s>
<s id="s245.1">Zdravilo shranjujte nedosegljivo otrokom.</s>
<s id="s246.1">15.</s>
<s id="s246.2">IME IN NASLOV IMETNIKA DOVOLJENJA ZA PROMET Z ZDRAVILOM</s>
<s id="s247.1">Omnipharm Ltd The Spire Egypt Road Nottingham NG7 7GD Velika Britanija</s>
<s id="s248.1">16.</s>
<s id="s248.2">ŠTEVILKA( E) V REGISTRU ZDRAVIL SKUPNOSTI</s>
<s id="s249.1">EU/ 0/ 00/ 000/ 000</s>
<s id="s250.1">17.</s>
<s id="s250.2">IZDELOVALČEVA ŠTEVILKA SERIJE IZDELAVE ZDRAVILA</s>
<s id="s251.1">Serija {številka}</s>
<s id="s252.1">18.</s>
<s id="s252.2">POGOJI ALI OMEJITVE GLEDE NAČINA IZDAJE IN UPORABE</s>
<s id="s253.1">Izdaja zdravila za uporabo v veterinarski medicini je le na recept.</s>
<s id="s254.1">18/ 33 PODATKI NA ZUNANJI OVOJNINI</s>
<s id="s255.1">Steklenica 100 ml</s>
<s id="s256.1">1.</s>
<s id="s256.2">IME ZDRAVILA ZA UPORABO V VETERINARSKI MEDICINI</s>
<s id="s257.1">Flexicam 1, 5 mg/ ml, peroralna suspenzija za pse</s>
<s id="s258.1">2.</s>
<s id="s258.2">NAVEDBA ZDRAVILNE UČINKOVINE IN DRUGIH SNOVI</s>
<s id="s259.1">Meloksikam 1, 5 mg/ ml</s>
<s id="s260.1">3.</s>
<s id="s260.2">FARMACEVTSKA OBLIKA</s>
<s id="s261.1">Peroralna suspenzija</s>
<s id="s262.1">4.</s>
<s id="s262.2">VELIKOST PAKIRANJA</s>
<s id="s263.1">100 ml</s>
<s id="s264.1">5.</s>
<s id="s264.2">CILJNA ŽIVALSKA VRSTA</s>
<s id="s265.1">Psi</s>
<s id="s266.1">6.</s>
<s id="s266.2">INDIKACIJA( E)</s>
<s id="s267.1">Umirjanje vnetja in lajšanje bolečine pri akutnih in kroničnih mišično- skeletnih obolenjih.</s>
<s id="s268.1">7.</s>
<s id="s268.2">NAČIN UPORABE IN DAJANJA</s>
<s id="s269.1">Pred uporabo dobro pretresite.</s>
<s id="s269.2">Zdravilo dajemo pomešano med hrano.</s>
<s id="s269.3">Pazite, da med uporabo ne bi prišlo do kontaminacije.</s>
<s id="s270.1">8.</s>
<s id="s270.2">KARENCA</s>
<s id="s271.1">Navedba smiselno ni potrebna.</s>
<s id="s272.1">9.</s>
<s id="s272.2">POSEBNO( A) OPOZORILO( A), ČE JE/ SO POTREBNO( A)</s>
<s id="s273.1">Ne uporabite pri brejih živalih in živalih v obdobju laktacije.</s>
<s id="s273.2">Pred uporabo preberite navodilo za uporabo.</s>
<s id="s274.1">19/ 33 10.</s>
<s id="s274.2">DATUM IZTEKA ROKA UPORABNOSTI ZDRAVILA</s>
<s id="s275.1">EXP {mesec/ leto} Rok uporabnosti odprte stekleničke:</s>
<s id="s275.2">9 mesecev</s>
<s id="s276.1">11.</s>
<s id="s276.2">POSEBNA NAVODILA ZA SHRANJEVANJE</s>
<s id="s277.1">Zdravilo shranjujte nedosegljivo otrokom Rok uporabnosti odprte stekleničke:</s>
<s id="s277.2">9 mesecev Zdravila ne smete uporabljati po datumu izteka roka uporabnosti, navedenega na zloženki in steklenički.</s>
<s id="s278.1">12.</s>
<s id="s278.2">POSEBNI VARNOSTNI UKREPI ZA ODSTRANJEVANJE NEPORABLJENEGA ZDRAVILA ALI ODPADNIH SNOVI, ČE OBSTAJAJO</s>
<s id="s279.1">Odstranite v skladu z nacionalnimi zahtevami.</s>
<s id="s280.1">13.</s>
<s id="s280.2">BESEDILO “ SAMO ZA ŽIVALI ”</s>
<s id="s281.1">Samo za živali.</s>
<s id="s282.1">14.</s>
<s id="s282.2">BESEDILO “ ZDRAVILO SHRANJUJTE NEDOSEGLJIVO OTROKOM ”</s>
<s id="s283.1">Zdravilo shranjujte nedosegljivo otrokom.</s>
<s id="s284.1">15.</s>
<s id="s284.2">IME IN NASLOV IMETNIKA DOVOLJENJA ZA PROMET Z ZDRAVILOM</s>
<s id="s285.1">Omnipharm Ltd The Spire Egypt Road Nottingham NG7 7GD Velika Britanija</s>
<s id="s286.1">16.</s>
<s id="s286.2">ŠTEVILKA( E) V REGISTRU ZDRAVIL SKUPNOSTI</s>
<s id="s287.1">EU/ 0/ 00/ 000/ 000</s>
<s id="s288.1">17.</s>
<s id="s288.2">IZDELOVALČEVA ŠTEVILKA SERIJE IZDELAVE ZDRAVILA</s>
<s id="s289.1">Serija {številka}</s>
<s id="s290.1">18.</s>
<s id="s290.2">POGOJI ALI OMEJITVE GLEDE NAČINA IZDAJE IN UPORABE</s>
<s id="s291.1">Izdaja zdravila za uporabo v veterinarski medicini je le na recept.</s>
<s id="s292.1">20/ 33 PODATKI, KI MORAJO BITI NAJMANJ NAVEDENI NA MANJŠIH STIČNIH OVOJNINAH</s>
<s id="s293.1">Steklenica 10 ml</s>
<s id="s294.1">1.</s>
<s id="s294.2">IME ZDRAVILA ZA UPORABO V VETERINARSKI MEDICINI</s>
<s id="s295.1">Flexicam 1, 5 mg/ ml, peroralna suspenzija za pse</s>
<s id="s296.1">2.</s>
<s id="s296.2">KOLIČINA ZDRAVILNE( IH) UČINKOVIN( E)</s>
<s id="s297.1">Meloksikam 1, 5 mg/ ml</s>
<s id="s298.1">3.</s>
<s id="s298.2">VSEBINA, IZRAŽENA Z MASO, PROSTORNINO ALI ŠTEVILOM ODMERKOV</s>
<s id="s299.1">10 ml</s>
<s id="s300.1">4.</s>
<s id="s300.2">NAČIN( I) UPORABE ZDRAVILA</s>
<s id="s301.1">Pred uporabo dobro pretresite.</s>
<s id="s301.2">Zdravilo dajemo pomešano med hrano.</s>
<s id="s301.3">Pazite, da med uporabo ne bi prišlo do kontaminacije.</s>
<s id="s302.1">5.</s>
<s id="s302.2">KARENCA</s>
<s id="s303.1">Navedba smiselno ni potrebna.</s>
<s id="s304.1">6.</s>
<s id="s304.2">ŠTEVILKA SERIJE</s>
<s id="s305.1">Serija {številka}</s>
<s id="s306.1">7.</s>
<s id="s306.2">DATUM IZTEKA ROKA UPORABNOSTI ZDRAVILA</s>
<s id="s307.1">EXP {mesec/ leto} Rok uporabnosti odprte stekleničke:</s>
<s id="s307.2">9 mesecev</s>
<s id="s308.1">8.</s>
<s id="s308.2">BESEDILO ''SAMO ZA ŽIVALI''</s>
<s id="s309.1">Samo za živali.</s>
<s id="s310.1">21/ 33 PODATKI, KI MORAJO BITI NAJMANJ NAVEDENI NA MANJŠIH STIČNIH OVOJNINAH</s>
<s id="s311.1">Steklenica 32 ml</s>
<s id="s312.1">1.</s>
<s id="s312.2">IME ZDRAVILA ZA UPORABO V VETERINARSKI MEDICINI</s>
<s id="s313.1">Flexicam 1, 5 mg/ ml, peroralna suspenzija za pse</s>
<s id="s314.1">2.</s>
<s id="s314.2">KOLIČINA ZDRAVILNE( IH) UČINKOVIN( E)</s>
<s id="s315.1">Meloksikam 1, 5 mg/ ml</s>
<s id="s316.1">3.</s>
<s id="s316.2">VSEBINA, IZRAŽENA Z MASO, PROSTORNINO ALI ŠTEVILOM ODMERKOV</s>
<s id="s317.1">32 ml</s>
<s id="s318.1">4.</s>
<s id="s318.2">NAČIN( I) UPORABE ZDRAVILA</s>
<s id="s319.1">Pred uporabo dobro pretresite.</s>
<s id="s319.2">Zdravilo dajemo pomešano med hrano.</s>
<s id="s319.3">Pazite, da med uporabo ne bi prišlo do kontaminacije.</s>
<s id="s320.1">5.</s>
<s id="s320.2">KARENCA</s>
<s id="s321.1">Navedba smiselno ni potrebna.</s>
<s id="s322.1">6.</s>
<s id="s322.2">ŠTEVILKA SERIJE</s>
<s id="s323.1">Serija {številka}</s>
<s id="s324.1">7.</s>
<s id="s324.2">DATUM IZTEKA ROKA UPORABNOSTI ZDRAVILA</s>
<s id="s325.1">EXP {mesec/ leto} Rok uporabnosti odprte stekleničke:</s>
<s id="s325.2">9 mesecev</s>
<s id="s326.1">8.</s>
<s id="s326.2">BESEDILO ''SAMO ZA ŽIVALI''</s>
<s id="s327.1">Samo za živali.</s>
<s id="s328.1">22/ 33 PODATKI, KI MORAJO BITI NAJMANJ NAVEDENI NA MANJŠIH STIČNIH OVOJNINAH</s>
<s id="s329.1">Steklenica 100 ml</s>
<s id="s330.1">1.</s>
<s id="s330.2">IME ZDRAVILA ZA UPORABO V VETERINARSKI MEDICINI</s>
<s id="s331.1">Flexicam 1, 5 mg/ ml, peroralna suspenzija za pse</s>
<s id="s332.1">2.</s>
<s id="s332.2">KOLIČINA ZDRAVILNE( IH) UČINKOVIN( E)</s>
<s id="s333.1">Meloksikam 1, 5 mg/ ml</s>
<s id="s334.1">3.</s>
<s id="s334.2">VSEBINA, IZRAŽENA Z MASO, PROSTORNINO ALI ŠTEVILOM ODMERKOV</s>
<s id="s335.1">100 ml</s>
<s id="s336.1">4.</s>
<s id="s336.2">NAČIN( I) UPORABE ZDRAVILA</s>
<s id="s337.1">Pred uporabo dobro pretresite.</s>
<s id="s337.2">Zdravilo dajemo pomešano med hrano.</s>
<s id="s337.3">Pazite, da med uporabo ne bi prišlo do kontaminacije.</s>
<s id="s338.1">5.</s>
<s id="s338.2">KARENCA</s>
<s id="s339.1">Navedba smiselno ni potrebna.</s>
<s id="s340.1">6.</s>
<s id="s340.2">ŠTEVILKA SERIJE</s>
<s id="s341.1">Serija {številka}</s>
<s id="s342.1">7.</s>
<s id="s342.2">DATUM IZTEKA ROKA UPORABNOSTI ZDRAVILA</s>
<s id="s343.1">EXP {mesec/ leto} Rok uporabnosti odprte stekleničke:</s>
<s id="s343.2">9 mesecev</s>
<s id="s344.1">8.</s>
<s id="s344.2">BESEDILO ''SAMO ZA ŽIVALI''</s>
<s id="s345.1">Samo za živali.</s>
<s id="s346.1">23/ 33 PODATKI NA ZUNANJI OVOJNINI</s>
<s id="s347.1">1.</s>
<s id="s347.2">IME ZDRAVILA ZA UPORABO V VETERINARSKI MEDICINI</s>
<s id="s348.1">Flexicam 5 mg/ ml, raztopina za injiciranje za pse in mačke Meloksikam</s>
<s id="s349.1">2.</s>
<s id="s349.2">NAVEDBA ZDRAVILNE UČINKOVINE IN DRUGIH SNOVI</s>
<s id="s350.1">Meloksikam</s>
<s id="s351.1">5 mg/ ml</s>
<s id="s352.1">3.</s>
<s id="s352.2">FARMACEVTSKA OBLIKA</s>
<s id="s353.1">Raztopina za injiciranje</s>
<s id="s354.1">4.</s>
<s id="s354.2">VELIKOST PAKIRANJA</s>
<s id="s355.1">10 ml</s>
<s id="s356.1">5.</s>
<s id="s356.2">CILJNE ŽIVALSKE VRSTE</s>
<s id="s357.1">Psi in mačke</s>
<s id="s358.1">6.</s>
<s id="s358.2">NAČIN IN POT( I) UPORABE</s>
<s id="s359.1">Pred uporabo preberite navodila za uporabo.</s>
<s id="s360.1">7.</s>
<s id="s360.2">POSEBNO( A) OPOZORILO( A), ČE JE/ SO POTREBNO( A)</s>
<s id="s361.1">Ne uporabite pri brejih živalih in v obdobju laktacije.</s>
<s id="s362.1">8.</s>
<s id="s362.2">DATUM IZTEKA ROKA UPORABNOSTI ZDRAVILA</s>
<s id="s363.1">EXP {mesec/ leto} Rok uporabnosti odprte viale:</s>
<s id="s363.2">28 dni.</s>
<s id="s364.1">9.</s>
<s id="s364.2">POSEBNA NAVODILA ZA SHRANJEVANJE</s>
<s id="s365.1">Shranjujte pri temperaturi do 25 °C.</s>
<s id="s366.1">24/ 33 10.</s>
<s id="s366.2">POSEBNI VARNOSTNI UKREPI ZA ODSTRANJEVANJE NEPORABLJENEGA ZDRAVILA ALI ODPADNIH SNOVI, ČE OBSTAJAJO</s>
<s id="s367.1">Pred uporabo preberite navodila za uporabo.</s>
<s id="s368.1">11.</s>
<s id="s368.2">BESEDILO “ SAMO ZA ŽIVALI ” IN POGOJI ALI OMEJITVE GLEDE OSKRBE IN UPORABE, če je navedba smiselna</s>
<s id="s369.1">Samo za živali.</s>
<s id="s369.2">Oskrba le na podlagi veterinarskega recepta.</s>
<s id="s370.1">12.</s>
<s id="s370.2">BESEDILO “ ZDRAVILO SHRANJUJTE IZVEN DOSEGA IN POGLEDA OTROK ”</s>
<s id="s371.1">Zdravilo shranjujte izven dosega in pogleda otrok.</s>
<s id="s372.1">13.</s>
<s id="s372.2">IME IN NASLOV IMETNIKA DOVOLJENJA ZA PROMET Z ZDRAVILOM</s>
<s id="s373.1">Omnipharm Ltd The Spire Egypt Road Nottingham NG7 7GD Velika Britanija</s>
<s id="s374.1">14.</s>
<s id="s374.2">ŠTEVILKE DOVOLJENJA ZA PROMET</s>
<s id="s375.1">15.</s>
<s id="s375.2">IZDELOVALČEVA ŠTEVILKA SERIJE</s>
<s id="s376.1">Lot {številka}</s>
<s id="s377.1">25/ 33 PODATKI, KI MORAJO BITI NAJMANJ NAVEDENI NA MANJŠIH STIČNIH OVOJNINAH</s>
<s id="s378.1">1.</s>
<s id="s378.2">IME ZDRAVILA ZA UPORABO V VETERINARSKI MEDICINI</s>
<s id="s379.1">Flexicam 5 mg/ ml, raztopina za injiciranje za pse in mačke Meloksikam</s>
<s id="s380.1">2.</s>
<s id="s380.2">KOLIČINA ZDRAVILNE( IH) UČINKOVIN( E)</s>
<s id="s381.1">Meloksikam</s>
<s id="s382.1">5 mg/ ml</s>
<s id="s383.1">3.</s>
<s id="s383.2">VSEBINA, IZRAŽENA Z MASO, PROSTORNINO ALI ŠTEVILOM ODMERKOV</s>
<s id="s384.1">10 ml</s>
<s id="s385.1">4.</s>
<s id="s385.2">CILJNE ŽIVALSKE VRSTE</s>
<s id="s386.1">Psi in mačke</s>
<s id="s387.1">5.</s>
<s id="s387.2">NAČIN IN POT( I) UPORABE</s>
<s id="s388.1">Psi: i. v. ali s. c.</s>
<s id="s388.2">Mačke: s. c.</s>
<s id="s389.1">6.</s>
<s id="s389.2">ŠTEVILKA SERIJE</s>
<s id="s390.1">Lot {številka}</s>
<s id="s391.1">7.</s>
<s id="s391.2">DATUM IZTEKA ROKA UPORABNOSTI ZDRAVILA</s>
<s id="s392.1">EXP {mesec/ leto}</s>
<s id="s393.1">8.</s>
<s id="s393.2">BESEDILO ''SAMO ZA ŽIVALI''</s>
<s id="s394.1">Samo za živali.</s>
<s id="s395.1">26/ 33 B.</s>
<s id="s395.2">NAVODILO ZA UPORABO</s>
<s id="s396.1">27/ 33 NAVODILO ZA UPORABO FLEXICAM 1, 5 MG/ ML ORALNA SUSPENZIJA ZA PSE</s>
<s id="s397.1">1.</s>
<s id="s397.2">IME IN NASLOV IMETNIKA DOVOLJENJA ZA PROMET Z ZDRAVILOM</s>
<s id="s398.1">Imetnik dovoljenja za promet z zdravilom</s>
<s id="s399.1">Izdelovalec</s>
<s id="s400.1">Omnipharm Ltd The Spire Egypt Road Nottingham NG7 7GD Velika Britanija</s>
<s id="s401.1">Fisher Clinical Services UK Ltd Langhurstwood Road Horsham West Sussex RH12 4QD Velika Britanija</s>
<s id="s402.1">2.</s>
<s id="s402.2">IME ZDRAVILA ZA UPORABO V VETERINARSKI MEDICINI</s>
<s id="s403.1">Flexicam 1, 5 mg/ ml, peroralna suspenzija za pse</s>
<s id="s404.1">3.</s>
<s id="s404.2">NAVEDBA ZDRAVILNE( IH) UČINKOVIN( E) IN DRUGE( IH) SESTAVIN( E)</s>
<s id="s405.1">Meloksikam 1, 5 mg/ ml (kar ustreza 0, 05 mg na kapljico)</s>
<s id="s406.1">4.</s>
<s id="s406.2">INDIKACIJA( E)</s>
<s id="s407.1">Umirjanje vnetja in lajšanje bolečine pri akutnih in kroničnih mišično- skeletnih obolenjih.</s>
<s id="s408.1">5.</s>
<s id="s408.2">KONTRAINDIKACIJE</s>
<s id="s409.1">Ne uporabite pri brejih živalih in živalih v obdobju laktacije.</s>
<s id="s409.2">Ne uporabite pri živalih z obolenji prebavil, kot so zdraženost prebavil in krvavitve, pri motnjah delovanja jeter, srca ali ledvic in pri hemoragičnih obolenjih ter pri znani preobčutljivosti za zdravilo.</s>
<s id="s409.3">Ne uporabite pri psih, mlajših od 6 tednov.</s>
<s id="s410.1">6.</s>
<s id="s410.2">NEŽELENI UČINKI</s>
<s id="s411.1">Občasno so poročali o značilnih neželenih učinkih nesteroidnih protivnetnih zdravil, kot so izguba teka, bruhanje, driska, kri v blatu (okultna krvavitev) in apatija.</s>
<s id="s411.2">Našteti neželeni učinki so najpogostnejši prvi teden zdravljenja, so večinoma prehodni in po končanem zdravljenju minejo, vendar so lahko v zelo redkih primerih tudi resni ali smrtno nevarni.</s>
<s id="s412.1">Če opazite kakršne koli druge stranske učinke, obvestite svojega veterinarja.</s>
<s id="s413.1">7.</s>
<s id="s413.2">CILJNA ŽIVALSKA VRSTA</s>
<s id="s414.1">Psi</s>
<s id="s415.1">28/ 33 8.</s>
<s id="s415.2">ODMEREK ZA POSAMEZNE ŽIVALSKE VRSTE TER NAČIN UPORABE IN DAJANJA ZDRAVILA</s>
<s id="s416.1">Začetni odmerek prvi dan zdravljenja je 0, 2 mg meloksikama na kilogram telesne mase.</s>
<s id="s416.2">Zdravljenje nadaljujemo z enim peroralnim vzdrževalnim odmerkom po 0, 1 mg meloksikama na kilogram telesne mase na dan (v 24- urnih presledkih).</s>
<s id="s417.1">Pred uporabo dobro pretresite.</s>
<s id="s417.2">Zdravilo dajemo pomešano med hrano.</s>
<s id="s417.3">Suspenzijo lahko dajemo s kapalko (zelo majhnim pasmam) ali s priloženo merilno brizgo za Flexicam (glejte spodaj).</s>
<s id="s417.4">Pri dajanju s kapalko vsebuje 1 kapljica 0, 05 mg meloksikama (odmerek po 0, 1 mg meloksikama na kg telesne mase ustreza 2 kapljicama na kilogram telesne mase).</s>
<s id="s417.5">Brizga je oblikovana tako, da se prilega steklenički in ima merilno skalo z oznakami telesne mase v kilogramih, ki ustrezajo vzdrževalnemu odmerku (0, 1 mg meloksikama na kilogram telesne mase).</s>
<s id="s417.6">Prvi dan zdravljenja je torej potreben dvakratni volumen vzdrževalnega odmerka.</s>
<s id="s418.1">Odmerjanje z merilno brizgo:</s>
<s id="s419.1">Stekleničko dobro pretresite.</s>
<s id="s419.2">Zaporko potisnite navzdol in jo odvijte.</s>
<s id="s419.3">Na stekleničko pritrdite merilno brizgo, tako da jo nanjo previdno pritisnete.</s>
<s id="s420.1">Stekleničko z brizgo obrnite navzdol.</s>
<s id="s420.2">Brizgin bat toliko izvlecite, da se črna črta na njem ujema s telesno maso psa v kilogramih.</s>
<s id="s421.1">Stekleničko obrnite z brizgo navzgor in brizgo z blagim zasukom snemite.</s>
<s id="s422.1">S pritiskom na brizgin bat vsebino brizge iztisnite na hrano.</s>
<s id="s423.1">Klinični odziv na zdravljenje je običajno opazen po 3 do 4 dneh.</s>
<s id="s423.2">Če se klinično stanje ne izboljša, je treba zdravljenje najpozneje po 10 dneh prekiniti.</s>
<s id="s424.1">Pazite, da med uporabo ne bi prišlo do kontaminacije.</s>
<s id="s425.1">9.</s>
<s id="s425.2">NASVET O PRAVILNI UPORABI ZDRAVILA</s>
<s id="s426.1">Posebno skrbno je treba paziti na natančno odmerjanje zdravila.</s>
<s id="s426.2">Ravnajte natančno po veterinarjevih navodilih.</s>
<s id="s427.1">10.</s>
<s id="s427.2">KARENCA</s>
<s id="s428.1">Navedba ni smiselna.</s>
<s id="s429.1">11.</s>
<s id="s429.2">POSEBNA NAVODILA ZA SHRANJEVANJE</s>
<s id="s430.1">Shranjujte nedosegljivo otrokom.</s>
<s id="s431.1">Rok uporabnosti odprte stekleničke:</s>
<s id="s431.2">9 mesecev.</s>
<s id="s431.3">29/ 33 Zdravila ne smete uporabljati po datumu izteka roka uporabnosti, navedenega na zloženki in steklenički.</s>
<s id="s432.1">12.</s>
<s id="s432.2">POSEBNO( A) OPOZORILO( A)</s>
<s id="s433.1">Če se pojavijo neželeni učinki, je treba zdravljenje prekiniti in se posvetovati z veterinarjem.</s>
<s id="s433.2">Zaradi možne povečane toksičnosti za ledvice se dajanju zdravila ogibamo pri dehidriranih, hipovolemičnih ali hipotenzivnih živalih.</s>
<s id="s433.3">Tega zdravila za pse ne smemo uporabljati pri mačkah, ker za to živalsko vrsto ni primerno.</s>
<s id="s433.4">Druga nesteroidna protivnetna zdravila, diuretiki, antikoagulanti, aminoglikozidni antibiotiki in snovi z visoko vezavo na beljakovine se lahko kompetitivno vežejo, kar lahko privede do toksičnih učinkov.</s>
<s id="s433.5">Flexicama ne smemo dajati skupaj z drugimi nesteroidnimi protivnetnimi zdravili ali glukokortikosteroidi.</s>
<s id="s433.6">Predzdravljenje z zdravili s protivnetnim delovanjem lahko povzroči dodatne neželene učinke ali jih okrepi, zato teh zdravil ne smemo dajati najmanj 24 ur pred začetkom zdravljenja.</s>
<s id="s433.7">Poleg tega je treba pri določanju obdobja brez zdravil upoštevati farmakokinetične lastnosti zdravil, ki smo jih dajali predhodno.</s>
<s id="s433.8">Pri nenamernem vnosu prevelikega odmerka uvedemo simptomatsko zdravljenje.</s>
<s id="s433.9">Osebe z znano preobčutljivostjo za nesteroidna protivnetna zdravila naj se izogibajo stiku z zdravilom.</s>
<s id="s433.10">V primeru nenamernega zaužitja se takoj posvetujte z zdravnikom in mu pokažite navodila za uporabo ali nalepko na zloženki.</s>
<s id="s434.1">13.</s>
<s id="s434.2">POSEBNI VARNOSTNI UKREPI ZA ODSTRANJEVANJE NEPORABLJENEGA ZDRAVILA ALI ODPADNIH SNOVI, ČE OBSTAJAJO</s>
<s id="s435.1">Vsako neporabljeno zdravilo za uporabo v veterinarski medicini ali odpadne snovi, ki nastanejo iz teh zdravil, je treba odstraniti v skladu z nacionalnimi zahtevami.</s>
<s id="s436.1">14.</s>
<s id="s436.2">DATUM ZADNJE ODOBRITVE NAVODIL ZA UPORABO</s>
<s id="s437.1">10. 04. 2006</s>
<s id="s438.1">Podrobne informacije o tem zdravilu za uporabo v veterinarski medicini so na voljo na spletni strani Evropske agencije za zdravila (European Medicines Agency, EMEA) http: // www. emea. europa. eu /.</s>
<s id="s439.1">15.</s>
<s id="s439.2">DRUGE INFORMACIJE</s>
<s id="s440.1">Plastenke po 10, 32 ali 100 ml.</s>
<s id="s440.2">Ni nujno, da so v prometu vsa navedena pakiranja.</s>
<s id="s441.1">30/ 33 NAVODILO ZA UPORABO Flexicam 5 mg/ ml, raztopina za injiciranje za pse in mačke</s>
<s id="s442.1">1.</s>
<s id="s442.2">IME IN NASLOV IMETNIKA DOVOLJENJA ZA PROMET Z ZDRAVILOM TER IMETNIKA DOVOLJENJA ZA PROIZVODNJO ZDRAVILA, ODGOVORNEGA ZA SPROSTITEV SERIJ, ČE STA RAZLIČNA</s>
<s id="s443.1">Imetnik dovoljenja za promet z zdravilom Omnipharm Ltd The Spire Egypt Road Nottingham NG7 7GD Velika Britanija</s>
<s id="s444.1">Izdelovalec Fisher Clinical Services UK Ltd Langhurstwood Road Horsham West Sussex RH12 4QD Velika Britanija</s>
<s id="s445.1">2.</s>
<s id="s445.2">IME ZDRAVILA ZA UPORABO V VETERINARSKI MEDICINI</s>
<s id="s446.1">Flexicam 5 mg/ ml, raztopina za injiciranje za pse in mačke Meloksikam</s>
<s id="s447.1">3.</s>
<s id="s447.2">NAVEDBA ZDRAVILNE UČINKOVINE IN DRUGIH SESTAVIN</s>
<s id="s448.1">Meloksikam</s>
<s id="s449.1">5 mg/ ml</s>
<s id="s450.1">Etanol</s>
<s id="s451.1">150 mg/ ml</s>
<s id="s452.1">4.</s>
<s id="s452.2">INDIKACIJA( E)</s>
<s id="s453.1">Psi:</s>
<s id="s453.2">Umirjanje vnetja in lajšanje bolečine pri akutnih in kroničnih mišično- skeletnih obolenjih.</s>
<s id="s453.3">Lajšanje pooperativne bolečine in zmanjšanje vnetja po ortopedskih operacijah in operacijah mehkega tkiva.</s>
<s id="s454.1">Mačke:</s>
<s id="s454.2">Lajšanje pooperativne bolečine po ovariohisterektomiji in manjših operacijah mehkega tkiva.</s>
<s id="s455.1">5.</s>
<s id="s455.2">KONTRAINDIKACIJE</s>
<s id="s456.1">Ne uporabite pri brejih živalih ali živalih v obdobju laktacije.</s>
<s id="s456.2">Ne uporabite pri živalih z obolenji prebavil, kot so zdraženost prebavil in krvavitev, pri motnjah jetrne, srčne ali ledvične funkcije in hemoragičnih obolenjih.</s>
<s id="s456.3">Ne uporabite v primeru preobčutljivosti na zdravilno učinkovino ali katero koli pomožno snov.</s>
<s id="s456.4">Ne uporabite pri živalih, mlajših od 6 tednov, in mačkah, lažjih od 2 kg.</s>
<s id="s457.1">6.</s>
<s id="s457.2">NEŽELENI UČINKI</s>
<s id="s458.1">Občasno so poročali o značilnih neželenih škodljivih učinkih nesteroidnih protivnetnih zdravil, kot so izguba teka, bljuvanje, driska, okultna kri v blatu, apatija in ledvična odpoved.</s>
<s id="s458.2">Pri psih se našteti neželeni škodljivi učinki pretežno pojavijo v prvem tednu zdravljenja, so večinoma prehodni in po končanem zdravljenju minejo, vendar so lahko v zelo redkih primerih tudi resni ali smrtno nevarni.</s>
<s id="s459.1">Zelo redko se lahko pojavijo anafilaktoidne reakcije, ki jih je treba zdraviti simptomatsko.</s>
<s id="s460.1">31/ 33 Če opazite kakršne koli resne stranske učinke ali druge učinke, ki niso omenjeni v teh navodilih za uporabo, obvestite svojega veterinarja.</s>
<s id="s461.1">7.</s>
<s id="s461.2">CILJNE ŽIVALSKE VRSTE</s>
<s id="s462.1">Psi in mačke</s>
<s id="s463.1">8.</s>
<s id="s463.2">ODMERKI ZA POSAMEZNE ŽIVALSKE VRSTE TER POT( I) IN NAČIN UPORABE ZDRAVILA</s>
<s id="s464.1">Odmerjanje za vsako živalsko vrsto Psi:</s>
<s id="s464.2">Enkratni odmerek po 0, 2 mg meloksikama na kilogram telesne mase (to je 0, 4 ml/ 10 kg).</s>
<s id="s464.3">Mačke:</s>
<s id="s464.4">Enkratni odmerek po 0, 3 mg meloksikama na kilogram telesne mase (to je 0, 06 ml/ kg).</s>
<s id="s465.1">Pot( i) in način uporabe zdravila Psi:</s>
<s id="s465.2">Mišično- skeletna obolenja: enkratna podkožna injekcija.</s>
<s id="s465.3">Zdravljenje lahko nadaljujemo s peroralno suspenzijo Flexicam 1, 5 mg/ ml za pse, ki jih damo v odmerku po 0, 1 mg meloksikama na kilogram telesne mase 24 ur po injekciji.</s>
<s id="s465.4">Lajšanje pooperativne bolečine (v 24- urnem obdobju): enkratna intravenska ali podkožna injekcija pred operacijo, na primer ob indukciji anestezije.</s>
<s id="s466.1">Mačke:</s>
<s id="s466.2">Lajšanje pooperativne bolečine po ovariohisterektomiji in manjših operacijah mehkega tkiva: enkratna podkožna injekcija pred operacijo, na primer ob indukciji anestezije.</s>
<s id="s467.1">Paziti je treba, da med uporabo ne bi prišlo do okužbe.</s>
<s id="s468.1">9.</s>
<s id="s468.2">NASVET O PRAVILNI UPORABI ZDRAVILA</s>
<s id="s469.1">Posebno pozornost je treba nameniti natančnemu odmerjanju.</s>
<s id="s470.1">10.</s>
<s id="s470.2">KARENCA</s>
<s id="s471.1">Navedba ni smiselna.</s>
<s id="s472.1">11.</s>
<s id="s472.2">POSEBNA NAVODILA ZA SHRANJEVANJE</s>
<s id="s473.1">Zdravilo shranjujte izven dosega in pogleda otrok.</s>
<s id="s474.1">Shranjujte pri temperaturi do 25 °C.</s>
<s id="s474.2">Rok uporabnosti po prvem odpiranju vsebnika:</s>
<s id="s474.3">28 dni</s>
<s id="s475.1">Zdravila ne smete uporabljati po datumu izteka roka uporabnosti (EXP), navedenega na zunanji ovojnini in viali.</s>
<s id="s476.1">12.</s>
<s id="s476.2">POSEBNO( A) OPOZORIL( O) A</s>
<s id="s477.1">Pri lajšanju pooperativne bolečine pri mačkah je varnost dokumentirana samo za anestezijo s tiopentalom in halotanom.</s>
<s id="s478.1">32/ 33 Previdnostni ukrepi za uporabo pri živalih Če se pojavijo neželeni učinki, je treba zdravljenje prekiniti in se posvetovati z zveterinarjem.</s>
<s id="s478.2">Zaradi nevarnosti toksičnih učinkov na ledvice se dajanju zdravila izogibamo pri dehidriranih, hipovolemičnih ali hipotenzivnih živalih.</s>
<s id="s478.3">Pri mačkah zdravljenja ne smete nadaljevati s peroralno obliko meloksikama ali drugega nesteroidnega protivnetnega zdravila, ker pri njih še ni določen ustrezen odmerek za takšno nadaljevalno zdravljenje.</s>
<s id="s479.1">Previdnostni ukrepi, ki jih mora izvajati oseba, ki daje zdravilo Nenamerno samoinjiciranje lahko povzroči bolečino.</s>
<s id="s479.2">Osebe z znano preobčutljivostjo za nesteroidna protivnetna zdravila naj se izogibajo stiku z zdravilom.</s>
<s id="s479.3">V primeru nenamernega samoinjiciranja se takoj posvetujte z zdravnikom in mu pokažite navodila za uporabo ali ovojnino.</s>
<s id="s480.1">Uporaba v obdobju brejosti in laktacije Glejte poglavje Kontraindikacije</s>
<s id="s481.1">Interakcije Druga nesteroidna protivnetna zdravila, diuretiki, antikoagulansi, aminoglikozidni antibiotiki in snovi z veliko vezavo na beljakovine se lahko kompetitivno vežejo, kar lahko povzroči toksične učinke.</s>
<s id="s481.2">Flexicama ne smemo dajati z drugimi nesteroidnimi protivnetnimi zdravili ali glukokortikosteroidi.</s>
<s id="s481.3">Sočasnega dajanja zdravil, ki lahko imajo nefrotoksične učinke, se je treba izogibati.</s>
<s id="s481.4">Pri živalih, pri katerih je večja verjetnost, da bodo potrebovale anestezijo (npr. pri starejših živalih), je treba presoditi o potrebi po intravenskem ali podkožnem dajanju tekočine med anestezijo.</s>
<s id="s481.5">Kadar dajemo nesteroidna protivnetna zdravila sočasno z anestezijo, ni možno izključiti tveganja škodljivih učinkov na ledvično delovanje.</s>
<s id="s482.1">Predzdravljenje z zdravili s protivnetnim delovanjem lahko povzroči dodatne neželene učinke ali jih okrepi, zato teh zdravil ne smemo dajati najmanj 24 ur pred začetkom zdravljenja.</s>
<s id="s482.2">Pri določanju obdobja brez zdravljenja je treba upoštevati tudi farmakološke lastnosti zdravil, ki smo jih dajali predhodno.</s>
<s id="s483.1">Preveliko odmerjanje Pri prevelikem odmerjanju je treba uvesti simptomatsko zdravljenje.</s>
<s id="s484.1">13.</s>
<s id="s484.2">POSEBNI VARNOSTNI UKREPI ZA ODSTRANJEVANJE NEPORABLJENEGA ZDRAVILA ALI ODPADNIH SNOVI, ČE OBSTAJAJO</s>
<s id="s485.1">Glede odstranjevanja zdravil, ki jih ne uporabljate več, se posvetujte z veterinarjem.</s>
<s id="s485.2">Odpadne snovi je treba odstraniti v skladu z lokalnimi predpisi.</s>
<s id="s486.1">14.</s>
<s id="s486.2">DATUM ZADNJE ODOBRITVE NAVODIL ZA UPORABO</s>
<s id="s487.1">09/ 12/ 2008</s>
<s id="s488.1">Podrobne informacije o tem zdravilu za uporabo v veterinarski medicini so na voljo na spletni strani Evropske agencije za zdravila (European Medicines Agency, EMEA) http: // www. emea. europa. eu /.</s>
<s id="s489.1">15.</s>
<s id="s489.2">DRUGE INFORMACIJE</s>
<s id="s490.1">Injekcijska viala po 10 ml.</s>
<s id="s491.1">33/ 33</s>
</body>
</letsmt>
