<?xml version="1.0" encoding="utf-8"?>
<letsmt version="1.0">
<head></head>
<body>
<s id="s1.1">DODATEK</s>
<s id="s2.1">A</s>
<s id="s3.1">1/ 2</s>
<s id="s4.1">EU številka</s>
<s id="s5.1">Izmišljeno</s>
<s id="s6.1">Jakost</s>
<s id="s7.1">Farmacevtska</s>
<s id="s8.1">Ciljna</s>
<s id="s9.1">Način</s>
<s id="s10.1">Ovojnina</s>
<s id="s11.1">Vsebina</s>
<s id="s12.1">Velikost</s>
<s id="s13.1">Karenca</s>
<s id="s14.1">ime</s>
<s id="s15.1">oblika</s>
<s id="s16.1">živalska vrsta</s>
<s id="s17.1">uporabe zdravila</s>
<s id="s18.1">pakiranja</s>
<s id="s19.1">EU/ 2/ 98/ 010/ 004</s>
<s id="s20.1">Econor</s>
<s id="s21.1">1%</s>
<s id="s22.1">Predmešanica za pripravo zdravilne krmne mešanice</s>
<s id="s23.1">Prašiči</s>
<s id="s24.1">Dajanje v krmni mešanici</s>
<s id="s25.1">Z aluminijem podložena plastična vrečka</s>
<s id="s26.1">1 g baze valnemulina na 100 g</s>
<s id="s27.1">1 kg</s>
<s id="s28.1">1 dan</s>
<s id="s29.1">EU/ 2/ 98/ 010/ 005</s>
<s id="s30.1">Econor</s>
<s id="s31.1">1%</s>
<s id="s32.1">Predmešanica za pripravo zdravilne krmne mešanice</s>
<s id="s33.1">Prašiči</s>
<s id="s34.1">Dajanje v krmni mešanici</s>
<s id="s35.1">Z aluminijem podložena plastična vrečka</s>
<s id="s36.1">1 g baze valnemulina na 100 g</s>
<s id="s37.1">2, 5 kg</s>
<s id="s38.1">1 dan</s>
<s id="s39.1">EU/ 2/ 98/ 010/ 006</s>
<s id="s40.1">Econor</s>
<s id="s41.1">1%</s>
<s id="s42.1">Predmešanica za pripravo zdravilne krmne mešanice</s>
<s id="s43.1">Prašiči</s>
<s id="s44.1">Dajanje v krmni mešanici</s>
<s id="s45.1">Z aluminijem podložena plastična vrečka</s>
<s id="s46.1">1 g baze valnemulina na 100 g</s>
<s id="s47.1">25 kg</s>
<s id="s48.1">1 dan</s>
<s id="s49.1">EU/ 2/ 98/ 010/ 017</s>
<s id="s50.1">Econor</s>
<s id="s51.1">10%</s>
<s id="s52.1">Predmešanica za pripravo zdravilne krmne mešanice</s>
<s id="s53.1">Prašiči</s>
<s id="s54.1">Dajanje v krmni mešanici</s>
<s id="s55.1">Z aluminijem podložena plastična vrečka</s>
<s id="s56.1">10 g baze valnemulina na 100 g</s>
<s id="s57.1">1 kg</s>
<s id="s58.1">1 dan</s>
<s id="s59.1">EU/ 2/ 98/ 010/ 018</s>
<s id="s60.1">Econor</s>
<s id="s61.1">10%</s>
<s id="s62.1">Predmešanica za pripravo zdravilne krmne mešanice</s>
<s id="s63.1">Prašiči</s>
<s id="s64.1">Dajanje v krmni mešanici</s>
<s id="s65.1">Z aluminijem podložena plastična vrečka</s>
<s id="s66.1">10 g baze valnemulina na 100 g</s>
<s id="s67.1">25 kg</s>
<s id="s68.1">1 dan</s>
<s id="s69.1">EU/ 2/ 98/ 010/ 021</s>
<s id="s70.1">Econor</s>
<s id="s71.1">50%</s>
<s id="s72.1">Predmešanica za pripravo zdravilne krmne mešanice</s>
<s id="s73.1">Prašiči</s>
<s id="s74.1">Dajanje v krmni mešanici</s>
<s id="s75.1">Z aluminijem podložena plastična vrečka</s>
<s id="s76.1">50 g baze valnemulina na 100 g</s>
<s id="s77.1">1 kg</s>
<s id="s78.1">1 dan</s>
<s id="s79.1">EU/ 2/ 98/ 010/ 022</s>
<s id="s80.1">Econor</s>
<s id="s81.1">50%</s>
<s id="s82.1">Predmešanica za pripravo zdravilne krmne mešanice</s>
<s id="s83.1">Prašiči</s>
<s id="s84.1">Dajanje v krmni mešanici</s>
<s id="s85.1">Z aluminijem podložena plastična vrečka</s>
<s id="s86.1">50 g baze valnemulina na 100 g</s>
<s id="s87.1">25 kg</s>
<s id="s88.1">1 dan</s>
<s id="s89.1">EU/ 2/ 98/ 010/ 023</s>
<s id="s90.1">Econor</s>
<s id="s91.1">0. 5%</s>
<s id="s92.1">Predmešanica za pripravo zdravilne krmne mešanice</s>
<s id="s93.1">Prašiči</s>
<s id="s94.1">Dajanje v krmni mešanici</s>
<s id="s95.1">Z aluminijem podložena plastična vrečka</s>
<s id="s96.1">0, 5 g baze valnemulina na 100 g</s>
<s id="s97.1">5 kg</s>
<s id="s98.1">1 dan</s>
<s id="s99.1">EU/ 2/ 98/ 010/ 024</s>
<s id="s100.1">Econor</s>
<s id="s101.1">0. 5%</s>
<s id="s102.1">Predmešanica za pripravo zdravilne krmne mešanice</s>
<s id="s103.1">Prašiči</s>
<s id="s104.1">Dajanje v krmni mešanici</s>
<s id="s105.1">Z aluminijem podložena plastična vrečka</s>
<s id="s106.1">0, 5 g baze valnemulina na 100 g</s>
<s id="s107.1">25 kg</s>
<s id="s108.1">1 dan</s>
<s id="s109.1">2/ 2</s>
</body>
</letsmt>
