<?xml version="1.0" encoding="utf-8"?>
<letsmt version="1.0">
<head></head>
<body>
<s id="s1.1">DODATEK I</s>
<s id="s2.1">POVZETEK GLAVNIH ZNAČILNOSTI ZDRAVILA</s>
<s id="s3.1">1 1.</s>
<s id="s3.2">IME ZDRAVILA ZA UPORABO V VETERINARSKI MEDICINI</s>
<s id="s4.1">Econor 50% predmešanica za zdravilno krmno mešanico za prašiče Econor 10% premiks za medicirani krmo za prašiče Econor 1% premiks za medicirani krmo za prašiče Econor 0. 5% premiks za medicirani krmo za prašiče</s>
<s id="s5.1">2.</s>
<s id="s5.2">KAKOVOSTNA IN KOLIČINSKA SESTAVA</s>
<s id="s6.1">Econor vsebuje valnemulin v obliki valnemulinijevega klorida.</s>
<s id="s7.1">Zdravilne učinkovine Valnemulinijev klorid</s>
<s id="s8.1">Econor 50% 532. 5 mg/ g</s>
<s id="s9.1">Econor 10% 106. 5 mg/ g</s>
<s id="s10.1">Econor 1% 10. 65 mg/ g</s>
<s id="s11.1">Econor 0. 5% 5. 325 mg/ g</s>
<s id="s12.1">Ustreza valnemulinski bazi</s>
<s id="s13.1">500 mg/ g</s>
<s id="s14.1">100 mg/ g</s>
<s id="s15.1">10 mg/ g</s>
<s id="s16.1">5 mg/ g</s>
<s id="s17.1">Pomožne snovi</s>
<s id="s18.1">Hipromeloza in</s>
<s id="s19.1">Hipromeloza in</s>
<s id="s20.1">Hipromeloza in</s>
<s id="s21.1">Hipromeloza in</s>
<s id="s22.1">puder</s>
<s id="s23.1">smukec Silicijev dioksid, koloidni, brezvodni izopropilmiristat Laktoza</s>
<s id="s24.1">puder Koloidni anhidrozni silicij Izopropilni miristat Laktoza</s>
<s id="s25.1">puder Koloidni anhidrozni silicij Izopropilni miristat Laktoza</s>
<s id="s26.1">Za celoten seznam pomožnih snovi, glejte poglavje 6. 1.</s>
<s id="s27.1">3.</s>
<s id="s27.2">FARMACEVTSKA OBLIKA</s>
<s id="s28.1">Premiks za pripravo medicirane krme.</s>
<s id="s29.1">4.</s>
<s id="s29.2">KLINIČNI PODATKI</s>
<s id="s30.1">4. 1 Ciljna živalska vrsta</s>
<s id="s31.1">Prašiči</s>
<s id="s32.1">4. 2 Indikacije za uporabo</s>
<s id="s33.1">Econor 10% in 50% Zdravljenje in preprečevanje driske pri prašičih.</s>
<s id="s33.2">Zdravljenje kliničnih znakov proliferativnih enteropatij (ileitis) pri prašičih.</s>
<s id="s33.3">Preprečevanje kliničnih znakov kolitisa pri prašičih, ki ga povzročajo spirohete, po predhodnem diagnosticiranju bolezni v čredi Zdravljenje in preprečevanje enzootske pljučnice pri prašičih.</s>
<s id="s33.4">Pri priporočenem odmerku 10- 12 mg/ kg telesne mase se zmanjšajo poškodbe v pljučih in izguba telesne mase živali, infekcija z povzročiteljem Mycoplasma hyopneumoniae pa ni eliminirana.</s>
<s id="s34.1">2 Econor 0. 55 in 1% Zdravljenje in preprečevanje driske pri prašičih.</s>
<s id="s34.2">Zdravljenje klinično manifestirani proliferativnih enteropatij (ileitis) pri prašičih.</s>
<s id="s34.3">Preprečevanje kolitisa pri prašičih, ki ga povzročajo spirohete, po predhodnem diagnosticiranju bolezni v čredi</s>
<s id="s35.1">4. 3 Kontraindikacije</s>
<s id="s36.1">Ne uporabite pri prašičih, ki dobivajo ionofore.</s>
<s id="s36.2">Ne uporabite pri kuncih, ker je toksičen za to živalsko vrsto.</s>
<s id="s37.1">4. 4.</s>
<s id="s37.2">Posebna opozorila &lt; za vsako ciljno živalsko vrsto &gt;</s>
<s id="s38.1">Jih ni</s>
<s id="s39.1">4. 5 Posebni previdnostni ukrepi</s>
<s id="s40.1">Posebni previdnostni ukrepi za uporabo pri živalih Pri uporabi zdravila se lahko pojavijo določeni neželeni učinki, predvsem pri prašičih pasme Danski in Švedski Landrace, pri njihovih križancih in predvsem pri mladih živalih, zato je pri zdravljenju le- teh potrebna previdnost.</s>
<s id="s41.1">Posebni previdnostni ukrepi, ki jih mora izvajati oseba, ki živalim daje zdravilo Pri pripravi krmne mešanice in pri hranjenju živali je potrebna previdnost, da zdravilo ne pride v direkten stik s kožo ali sluznicami.</s>
<s id="s41.2">V primeru nenamernega zaužitja se takoj posvetujte z zdravnikom in mu pokažite navodilo za uporabo ali nalepko na zunanji ovojnini.</s>
<s id="s41.3">Osebe z znano preobčutljivostjo na valnemulin naj se izogibajo stiku z zdravilom.</s>
<s id="s42.1">4. 6.</s>
<s id="s42.2">Neželeni učinki (pogostost in resnost)</s>
<s id="s43.1">Uporaba zdravila Econor pri prašičih je v Evropski skupnosti pokazala različne neželene učinke.</s>
<s id="s43.2">Od primerov, o katerih se je poročalo v letih 1999- 2000, se je večina zgodila na Danskem in Švedskem, po en primer pa na Finskem in Irskem. V teh deželah je to obsegalo 0. 03 do 1. 76% vseh zdravljenih prašičev.</s>
<s id="s43.3">Na prizadetih farmah so se neželeni učinki pojavili pri tretjini zdravljenih prašičev, pogin pa je bil 1%.</s>
<s id="s43.4">Prizadeti prašiči so imeli vročino in zmanjšan apetit, v hujših primerih se je pojavila nekoordiniranost in ataksija.</s>
<s id="s43.5">Nekaj teh prašičev je dobilo edeme in rdečico (posteriorno) in palpebralne edeme.</s>
<s id="s43.6">Reakcija je bila raziskovana v kontrolnem poskusu pri dovzetnih živalih.</s>
<s id="s43.7">Pogin je znašal manj kot 1%, vendar bi lahko zaradi sekundarnih infekcij tudi narasel.</s>
<s id="s44.1">V primeru pojava neželenih učinkov je priporočljivo takoj prenehati z dajanjem zdravila.</s>
<s id="s44.2">Prašiče je potrebno naseliti v suh in čist prostor ter jih zdraviti simptomatsko, zdraviti pa je treba tudi sočasne bolezeni.</s>
<s id="s44.3">Epidemiološki pregled je pokazal, da obstaja povečano nagnjenje k nastanku neželenih učinkov pri posameznih pasmah prašičev - Danski in Švedski Landrace ter njihovih križancih, posebno pri mladih živalih.</s>
<s id="s45.1">Valnemulin, dodan v hrano, živali dobro prenašajo, vendar lahko koncentracije nad 200 mg valnemulina/ kg krme zmanjšajo konzumacijo krme zaradi spremenjenega okusa, predvsem prve dni krmljenja.</s>
<s id="s46.1">4. 7.</s>
<s id="s46.2">Uporaba v obdobju brejosti, laktacije ali nesnosti</s>
<s id="s47.1">Z laboratorijskimi študijami pri podganah in miših niso bili dokazani teratogeni učinki; varna uporaba pri brejih in doječih svinjah ni bila dokazana.</s>
<s id="s48.1">3 4. 8 Medsebojno delovanje z drugimi zdravili in druge oblike interakcij</s>
<s id="s49.1">Valnemulin je pokazal določeno interakcijo z ionofori, kot so monenzin, salinomicin in narazin in lahko pripelje do zastrupitev.</s>
<s id="s49.2">Živali naj ne dobivajo 5 dni pred in 5 dni po končanem zdravljenju z valnemulinom zdravil, ki vsebujejo monenzin, salinomicin ali narazin.</s>
<s id="s49.3">Pojavijo se lahko zaostajanje v rasti, ataksija, paraliza ali pogin.</s>
<s id="s50.1">4. 9 Odmerjanje in pot uporabe</s>
<s id="s51.1">Dajanje v krmno mešanico Dnevni vnos krme je odvisen od zdravstvenega stanja živali. Da zagotovimo pravilen odmerek, moramo prilagoditi koncentracijo zdravila.</s>
<s id="s51.2">Vrednosti so lahko zmanjšane tudi zaradi starosti živali, ki konzumirajo manj hrane.</s>
<s id="s52.1">Indikacije</s>
<s id="s53.1">Odmerki</s>
<s id="s54.1">Aplikacijsko obdobje zdravilne krmne mešanice kot samostojne dnevne vrednosti</s>
<s id="s55.1">Dajanje v krmo</s>
<s id="s56.1">Zdravljenje driske pri prašičih</s>
<s id="s57.1">3- 4 mg/ kg t. m. / dan</s>
<s id="s58.1">Najmanj 7 dni do 4 tedne, dokler znaki ne izginejo</s>
<s id="s59.1">Dodajanje 75 mg učinkovine/ kg krme:</s>
<s id="s59.2">Econor 50% - 150 mg/ kg krme Econor 10% - 750 mg/ kg krme Econor 1% - 7. 5 mg/ kg krme Econor 0. 5% - 15 g/ kg krme</s>
<s id="s60.1">Te vrednosti so učinkovite pri zdravljenju kliničnih znakov bolezni; za popolno eliminacijo infekcije pa je potreben daljši čas zdravljenja in večje koncentracije zdravila.</s>
<s id="s60.2">Zgodnje odkritje bolezni je zelo pomembno, saj se le- tako lahko prepreči večji izbruh in širjenje Če ni rezultatov po 5 dneh zdravljenja, je potrebno ponovno diagnosticirati obolenje.</s>
<s id="s61.1">Indikacije</s>
<s id="s62.1">Odmerki</s>
<s id="s63.1">Aplikacijsko obdobje medicirane krme kot samostojne dnevne vrednosti</s>
<s id="s64.1">Aplikacija v krmo</s>
<s id="s65.1">Zdravljenje</s>
<s id="s66.1">3- 4 mg/ kg t. m. / dan</s>
<s id="s67.1">2 tedna ali dokler</s>
<s id="s68.1">Dodajanje 75 mg učinkovine/ kg</s>
<s id="s69.1">proliferativne enteropatije (ileitis) pri prašičih</s>
<s id="s70.1">znaki ne izginejo</s>
<s id="s71.1">krme:</s>
<s id="s71.2">Econor 50% - 150 mg/ kg krme Econor 10% - 750 mg/ kg krme Econor 1% - 7. 5 mg/ kg krme Econor 0. 5% - 15 g/ kg krme</s>
<s id="s72.1">Te vrednosti so učinkovite pri zdravljenju kliničnih znakov bolezni; za popolno eliminacijo infekcije pa je potreben daljši čas zdravljenja in večje koncentracije zdravila.</s>
<s id="s72.2">Zgodnje odkritje bolezni je zelo pomembno, saj se le- tako lahko prepreči večji izbruh in širjenje proliferativnih enteropatij Če ni rezultatov po 5 dneh zdravljenja, je potrebno ponovno diagnosticirati obolenje.</s>
<s id="s72.3">Huje prizadete živali, ki niso odreagirale na zdravljenje znotraj 3- 5 dni, je potrebno zdraviti parenteralno.</s>
<s id="s73.1">4 Indikacije</s>
<s id="s74.1">Odmerki</s>
<s id="s75.1">Aplikacijsko obdobje medicirane krme kot samostojne dnevne vrednosti</s>
<s id="s76.1">Aplikacija v krmo</s>
<s id="s77.1">Preprečevanje</s>
<s id="s78.1">1. 0- 1. 5 mg/ kg</s>
<s id="s79.1">Najmanj 7 dni do</s>
<s id="s80.1">Dodajanje 25 mg učinkovine/ kg</s>
<s id="s81.1">- Driske pri prašičih</s>
<s id="s82.1">t. m. / dan</s>
<s id="s83.1">4 tednov</s>
<s id="s84.1">krme:</s>
<s id="s84.2">Econor 50% - 50 mg/ kg krme Econor 10% - 250 mg/ kg krme Econor 1% - 2. 5 mg/ kg krme</s>
<s id="s85.1">- Kliničnih znakov kolitisa pri prašičih, ki ga povzročajo spirohete</s>
<s id="s86.1">4 tedne</s>
<s id="s87.1">Econor 0. 5% - 5 g/ kg krme</s>
<s id="s88.1">Da se izognemo predolgi uporabi valnemulina za prevencijo bolezni, je potrebno izvajati redno čiščenje in dezinfekcijo.</s>
<s id="s88.2">Treba je biti pozoren na eradikacijo infekcije iz območja farm.</s>
<s id="s89.1">Indikacije Preprečevanje in zdravljenje</s>
<s id="s90.1">Odmerki</s>
<s id="s91.1">Aplikacijsko obdobje medicirane krme kot samostojne dnevne vrednosti</s>
<s id="s92.1">Aplikacija v krmo Dodajanje 200mg učinkovine/ kg krme:</s>
<s id="s92.2">Econor 50% 400 mg/ kg krme</s>
<s id="s93.1">- Enzootske pljučnice pri prašičih</s>
<s id="s94.1">10- 12 mg/ kg t. m. / dan</s>
<s id="s95.1">Do 3 tedne</s>
<s id="s96.1">Econor 10% - 2 g/ kg krme</s>
<s id="s97.1">Enzootsko pljučnico lahko komplicirajo sekundarne infekcije, ki jih povzročijo Pasteurella multocida in Actinobacillus Pleuropneumoniae.</s>
<s id="s97.2">V tem primeru je potrebno posebno zdravljenje.</s>
<s id="s98.1">Navodilo za pripravo mešanice:</s>
<s id="s99.1">Zdravilo je stabileno v procesu peletiranja pri 75° C. Izogibajte se preagresivnemu postopku peletiranja kot sta temperatura nad 80° C in uporaba abrazivnih substanc.</s>
<s id="s100.1">Econor 50% mg Econor 50% premiks/ kg krme = priporočen odmerek( mg/ kg) x 2 x telesna masa (kg) / količino dnevnega vnosa krme (kg) Da dosežemo dobro homogenizacijo mešanice se priporoča uporaba pre- mešanice.</s>
<s id="s100.2">Priporočena količina produkta se lahko temeljito zmešana s krmo podobnih fizikalnih lastnosti (npr. povprečna pšenica) v razmerju:</s>
<s id="s100.3">1 del Econor 50% premiks na 20 delov krmne vsebnosti.</s>
<s id="s101.1">Econor 10% mg Econor 10% premiks/ kg krme = priporočen odmerek( mg/ kg) x 10 x telesna masa (kg) / količino dnevnega vnosa krme (kg) Da dosežemo dobro homogenizacijo mešanice se priporoča uporaba pre- mešanice. Priporočena količina produkta se lahko temeljito zmešana s krmo podobnih fizikalnih lastnosti (npr. povprečna pšenica) v razmerju:</s>
<s id="s101.2">1 del Econor 10% premiks na 10 delov krmne vsebnosti.</s>
<s id="s102.1">5 Econor 1% mg Econor 1% premiks/ kg krme = priporočen odmerek( mg/ kg) x 100 x telesna masa (kg) / količino dnevnega vnosa krme (kg) Da dosežemo dobro homogenizacijo mešanice, predvsem, če so vrednosti manjše kot 5 kg/ tono krme, se priporoča uporaba pre- mešanice. Priporočena količina produkta se lahko temeljito zmešana s krmo podobnih fizikalnih lastnosti (npr. povprečna pšenica) v razmerju:</s>
<s id="s102.2">1 del Econor 1% premiks na 10 delov krmne vsebnosti.</s>
<s id="s103.1">Econor 0. 5% mg Econor 0. 5% premiks/ kg krme = priporočen odmerek( mg/ kg) x 200 x telesna masa (kg) / količino dnevnega vnosa krme (kg)</s>
<s id="s104.1">4. 10 Preveliko odmerjanje (simptomi, nujni ukrepi, protistrupi) (če je potrebno)</s>
<s id="s105.1">Tudi pri 5 krat večjih odmerkih od predpisanih ni bilo znakov zastrupitev.</s>
<s id="s106.1">4. 11 Karenca</s>
<s id="s107.1">Meso in organi 1 dan</s>
<s id="s108.1">5.</s>
<s id="s108.2">FARMAKOLOŠKE LASTNOSTI</s>
<s id="s109.1">Farmakoterapevtska skupina:</s>
<s id="s109.2">Antibiotik za sistemsko uporabo, Oznaka ATCvet:</s>
<s id="s109.3">QJ01XQ02</s>
<s id="s110.1">5. 1 Farmakodinamične lastnosti</s>
<s id="s111.1">Valnemulin je antibiotik iz skupine pleuromutulinov, ki učinkujejo tako, da zavirajo sintezo proteinov bakterijskih ribosomov.</s>
<s id="s111.2">Valnemulin učinkuje na številne bakterije, vključno tiste, ki povzročajo obolenja prebavil in dihal pri prašičih.</s>
<s id="s112.1">Valnemulin je izredno učinkovit proti mikoplazmam in spirohetam, kot sta Brachyspira hyodysenteriae in Brachyspira pilosicoli.</s>
<s id="s113.1">Vrtse Mycoplasma hyopneumoniae</s>
<s id="s114.1">MIC (vrednosti) (µg/ ml) 0. 0009- 0. 125</s>
<s id="s115.1">Mic50( µg/ ml) 0. 0025</s>
<s id="s116.1">MIC90( µg/ ml) 0. 01</s>
<s id="s117.1">Brachyspira hyodysenteriae</s>
<s id="s118.1">0. 025- 4. 0</s>
<s id="s119.1">0. 2</s>
<s id="s120.1">1. 0</s>
<s id="s121.1">Brachyspira pilosicoli Lawsonia intracellularis</s>
<s id="s122.1">0. 0156- 2. 0 0. 0156 &lt; 2. 0 je koncentracija, ki opazno inhibira intracelularno rast</s>
<s id="s123.1">0. 5</s>
<s id="s124.1">Valnemulin je slabo učinkovit proti enterobakterijam kot sta Salmonella spp. in Escherichia coli.</s>
<s id="s125.1">6 5. 2 Farmakokinetični podatki</s>
<s id="s126.1">Po peroralnem dajanju se pri prašičih absorbira več kot 90% markiranega materiala.</s>
<s id="s126.2">Maksimalna plazemska koncentracija (Cmax) markiranega ali » hladnega « materiala je bila dosežena v 1- 4 urah po dajanju( Tmax) z razpolovnim časom v plazmi (t1/ 2), v primerjavi z nemarkiranim meterialom, kjer je bil ta čas med 1- 4 1/ 2 ur.</s>
<s id="s126.3">Dokazano je linearno razmerje med koncentracijo in velikostjo odmerka.</s>
<s id="s126.4">Pri ponavljajočem dajanju se pojavi določena akumulacija, ki pa izgine v 5 dneh.</s>
<s id="s126.5">Zaradi markantega primarnega efekta, je koncentracija v plazmi visoka,; valnemulin se distribuira v tkiva, kot so pljuča in jetra, kjer je v visokih koncentracijah.</s>
<s id="s126.6">Po 5 dneh dajanja 15 odmerkov markiranega valnemulina je bila koncentracija v jetrih 6 x večja kot v plazmi.</s>
<s id="s126.7">Dve uri po karenci prmiksa, danega v krmo 2 x dnevno v obdobju 4 tednov in pri odmerku 15 mg/ kg telesne mase, je znašala koncentracija v jetrih 1. 58 µg/ g in v pljučih 0. 23 µg/ g, medtem ko je bila plazemska koncentracija pod vrednostjo, ki bi jo še lahko ugotovili.</s>
<s id="s126.8">Pri prašičih se valnemulin slabše metabolizira.</s>
<s id="s126.9">Izloča se največ v nespremenjeni obliki z žolčem( 73% - 95% dnevnega odmerka) preko blata.</s>
<s id="s126.10">Plazemski razpolovni čas je bil 1. 3- 2. 7 ur; po 3 dneh po zadnjem dajanju se je izločil ves markiran valnemulin.</s>
<s id="s127.1">6.</s>
<s id="s127.2">FARMACEVTSKI PODATKI</s>
<s id="s128.1">6. 1.</s>
<s id="s128.2">Seznam pomožnih snovi</s>
<s id="s129.1">Econor 0, 5%, Econor 1%, Econor 10% Hipromeloza Puder Koloidni anhidrozni silicij Izopropilni miristat Laktoza</s>
<s id="s130.1">Econor 50% Hipromeloza Puder</s>
<s id="s131.1">6. 2 Inkompatibilnosti</s>
<s id="s132.1">Niso znane.</s>
<s id="s133.1">6. 3 Rok uporabnosti</s>
<s id="s134.1">Rok uporabnosti zdravila v pakiranju za prodajo:</s>
<s id="s134.2">Econor 0. 5%:</s>
<s id="s134.3">3 leta Econor 50%, Econor 10%, Econor 1%:</s>
<s id="s134.4">5 let Rok uporabnosti, ko je zdravilo dodano v krmo in zaščiteno pred svetlobo in vlago:</s>
<s id="s134.5">3 mesece Rok uporabnosti, ko je zdravilo dodano v peletirano krmo in zaščiteno pred svetlobo in vlago:</s>
<s id="s134.6">3 tedne</s>
<s id="s135.1">6. 4 Posebna navodila za shranjevanje</s>
<s id="s136.1">Shranjujte pri temperaturi do 25° C.</s>
<s id="s136.2">Shranjujte v originalnem vsebniku..</s>
<s id="s136.3">Načet vsebnik shranjujte tesno zaprt.</s>
<s id="s137.1">7 6. 5 Vrsta ovojnine in vsebina</s>
<s id="s138.1">Econor 10%, Econor 50% 1 x 1 kg in 1 x 25 kg plastificirane vrečke iz aluminija</s>
<s id="s139.1">Econor 1% 1 x 1 kg, 1 x 2. 5 kg in 1 x 25 kg plastificirane vrečke iz aluminija</s>
<s id="s140.1">Econor 0. 5% 1 x 5 kg in 1 x 25 kg plastificirane vrečke iz aluminija</s>
<s id="s141.1">6. 6 Posebni varnostni ukrepi za odstranjevanje neporabljenega zdravila ali odpadnih snovi</s>
<s id="s142.1">Vsako neporabljeno zdravilo ali odpadne snovi, ki nastanejo iz teh zdravil, je treba odstraniti v skladu z lokalnimi predpisi.</s>
<s id="s143.1">7.</s>
<s id="s143.2">IMETNIK( I) DOVOLJENJ( A) ZA PROMET</s>
<s id="s144.1">Novartis Animal Health Austria GmbH Biochemiestrasse 10 A- 6250 Kundl Avstrija + 43 (0) 5338 2000</s>
<s id="s145.1">8.</s>
<s id="s145.2">ŠTEVILKA( E) DOVOLJENJ( A) ZA PROMET</s>
<s id="s146.1">EU/ 2/ 98/ 010/ 004- 006 (Econor 1%) EU/ 2/ 98/ 010/ 017- 018 (Econor 10%) EU/ 2/ 98/ 010/ 021- 022 (Econor 50%) EU/ 2/ 98/ 010/ 023- 024 (Econor 0, 5%)</s>
<s id="s147.1">9.</s>
<s id="s147.2">DATUM PRIDOBITVE/ PODALJŠANJA DOVOLJENJA ZA PROMET</s>
<s id="s148.1">12. marec, 1999/ 12. marec, 2004</s>
<s id="s149.1">10.</s>
<s id="s149.2">DATUM REVIZIJE BESEDILA</s>
<s id="s150.1">PREPOVED PRODAJE, OSKRBE IN/ ALI UPORABE</s>
<s id="s151.1">Pozornost bo namenjena uradnemu navodilu za pripravo mediciranega premiksa.</s>
<s id="s152.1">&lt; Podrobne informacije o tem zdravilu za uporabo v veterinarski medicini so na voljo na spletni strani Evropske agencije za zdravila (European Medicines Agency, EMEA) http: // www. emea. europa. eu /. &gt;</s>
<s id="s153.1">8 DODATEK II</s>
<s id="s154.1">A.</s>
<s id="s154.2">IMETNIK DOVOLJENJA ZA IZDELAVO ZDRAVILA, ODGOVOREN ZA SPROSTITEV SERIJE</s>
<s id="s155.1">B.</s>
<s id="s155.2">POGOJI DOVOLJENJA ZA PROMET Z ZDRAVILOM TER OMEJITVE GLEDE OSKRBE IN UPORABE</s>
<s id="s156.1">C.</s>
<s id="s156.2">POGOJI DOVOLJENJA ZA PROMET Z ZDRAVILOM TER OMEJITVE GLEDE VARNE IN UČINKOVITE UPORABE</s>
<s id="s157.1">D.</s>
<s id="s157.2">NAVEDBA NAJVIŠJIH DOVOLJENIH KOLIČIN ZAOSTANKOV ZDRAVILA (MRL)</s>
<s id="s158.1">9 A.</s>
<s id="s158.2">IMETNIK DOVOLJENJA ZA IZDELAVO ZDRAVILA, ODGOVOREN ZA SPROSTITEV SERIJE</s>
<s id="s159.1">Ime in naslov izdelovalca (ev), ki je odgovoren za sproščanje serij na trg</s>
<s id="s160.1">Econor 0. 5%, Econor 1%, Econor 10% Novartis Santé Animale S. A. S.</s>
<s id="s160.2">Usine de Huningue 26, rue de la Chapelle BP 224 68332 Huningue cedex Francija</s>
<s id="s161.1">Econor 50% Sandoz GmbH Schaftenau Plant A- 6336 Langkampfen Avstrijja</s>
<s id="s162.1">V natisnjenem navodilu za uporabo zdravila mora biti navedeno ime in naslov izdelovalca, odgovornega za sprostitev zadevne serije.</s>
<s id="s163.1">B.</s>
<s id="s163.2">POGOJI DOVOLJENJA ZA PROMET Z ZDRAVILOM TER OMEJITVE GLEDE OSKRBE IN UPORABE</s>
<s id="s164.1">Izdaja zdravila za uporabo v veterinarski medicini je le na recept.</s>
<s id="s165.1">Posebna pozornost mora biti posredovana v navodilu za pripravo mediciranega premiksa v končnem obroku</s>
<s id="s166.1">Imetnik tega dovoljenja za promet z zdravilom mora obvestiti Evropsko komisijo o načrtu trženja za zdravilo, odobreno s to odločbo.</s>
<s id="s167.1">• POSEBNE ZAHTEVE</s>
<s id="s168.1">Navedba ni smiselna.</s>
<s id="s169.1">C.</s>
<s id="s169.2">POGOJI DOVOLJENJA ZA PROMET Z ZDRAVILOM TER OMEJITVE GLEDE VARNE IN UČINKOVITE UPORABE</s>
<s id="s170.1">Navedba ni smiselna.</s>
<s id="s171.1">D.</s>
<s id="s171.2">NAVEDBA NAJVIŠJIH DOVOLJENIH KOLIČIN ZAOSTANKOV ZDRAVILA (MRL)</s>
<s id="s172.1">Odbor za zdravila za uporabo v veterinarski medicini priporoča vključitev mednarodnega nelastniškega imena valnemulin v Dodatek I Uredbe Sveta (EGS) št.</s>
<s id="s172.2">2377/ 90 v skladu z naslednjo tabelo:</s>
<s id="s173.1">10</s>
<s id="s174.1">Farmakološko</s>
<s id="s175.1">Marker</s>
<s id="s176.1">Najvišje</s>
<s id="s177.1">Ciljna tkiva</s>
<s id="s178.1">Druge</s>
<s id="s179.1">aktivna snov</s>
<s id="s180.1">zaostanek</s>
<s id="s181.1">Živalska vrsta</s>
<s id="s182.1">dovoljene količine</s>
<s id="s183.1">določbe</s>
<s id="s184.1">zaostankov (MRL)</s>
<s id="s185.1">Valnemulin1 Valnemulin</s>
<s id="s186.1">Prašič</s>
<s id="s187.1">100 µg/ kg 500 µg/ kg 50 µg/ kg</s>
<s id="s188.1">Ledvica Jetra Mišica</s>
<s id="s189.1">Dodatek II Uredbe Sveta (EGS) št.</s>
<s id="s189.2">2377/ 90</s>
<s id="s190.1">Farmakološko aktivna snov Hipromeloza 2</s>
<s id="s191.1">Živalska vrsta Vse živalske vrste, namenjene za prehrano ljudi</s>
<s id="s192.1">Druge določbe</s>
<s id="s193.1">Smukec, prečiščen 3</s>
<s id="s194.1">Vse živalske vrste, namenjene za prehrano ljudi</s>
<s id="s195.1">Silikagel, koloidni, brezvodni</s>
<s id="s196.1">Vse živalske vrste, namenjene za prehrano ljudi</s>
<s id="s197.1">1 OJ No L 320 of 28. 11. 98 2 OJ No.</s>
<s id="s197.2">L 272 of 25. 10. 96 3 OJ No.</s>
<s id="s197.3">L 272 of 25. 10. 96</s>
<s id="s198.1">11 DODATEK III</s>
<s id="s199.1">12 A.</s>
<s id="s199.2">OZNAČEVANJE</s>
<s id="s200.1">13 PODATKI NA ZUNANJI OVOJNINI, STIČNI OVOJNINI</s>
<s id="s201.1">1.</s>
<s id="s201.2">IME ZDRAVILA ZA UPORABO V VETERINARSKI MEDICINI</s>
<s id="s202.1">Econor 1% premiks za pripravo medicirane krme za prašiče</s>
<s id="s203.1">2.</s>
<s id="s203.2">NAVEDBA ZDRAVILNE UČINKOVINE IN DRUGIH SNOVI</s>
<s id="s204.1">Valnemulin</s>
<s id="s205.1">10 mg/ g</s>
<s id="s206.1">3.</s>
<s id="s206.2">FARMACEVTSKA OBLIKA</s>
<s id="s207.1">Premiks za pripravo medicirane krme</s>
<s id="s208.1">4.</s>
<s id="s208.2">VELIKOST PAKIRANJA</s>
<s id="s209.1">1 kg 2. 5 kg 25 kg</s>
<s id="s210.1">5.</s>
<s id="s210.2">CILJNA ŽIVALSKA VRSTA</s>
<s id="s211.1">Prašiči</s>
<s id="s212.1">6.</s>
<s id="s212.2">INDIKACIJE</s>
<s id="s213.1">Zdravljenje in preprečevanje driske pri prašičih.</s>
<s id="s213.2">Zdravljenje klinično manifestiranih proliferativnih enteropatij (ileitis) pri prašičih.</s>
<s id="s213.3">Preprečevanje kolitisa pri prašičih, ki ga povzročajo spirohete, po predhodnem diagnosticiranju bolezni v čredi</s>
<s id="s214.1">7.</s>
<s id="s214.2">NAČIN IN POT( I) UPORABE</s>
<s id="s215.1">Zdravilo zamešano v krmo.</s>
<s id="s216.1">Navodilo za pripravo mešanice:</s>
<s id="s217.1">Pred uporabo preberite navodilo za uporabo.</s>
<s id="s218.1">8.</s>
<s id="s218.2">KARENCA</s>
<s id="s219.1">Meso in organi 1 dan</s>
<s id="s220.1">14 9.</s>
<s id="s220.2">POSEBNO( A) OPOZORILO( A), ČE JE/ SO POTREBNO( A)</s>
<s id="s221.1">Ne dajajte prašičem, ki dobivajo ionofore.</s>
<s id="s221.2">Z laboratorijskimi študijami pri podganah in miših niso bili dokazani teratogeni učinki; varna uporaba pri brejih in doječih svinjah ni bila dokazana.</s>
<s id="s221.3">Pri pripravi krmne mešanice in pri hranjenju živali je potrebna previdnost, da zdravilo ne pride v direkten stik s kožo ali sluznicami.</s>
<s id="s221.4">V primeru nenamernega zaužitja se takoj posvetujte z zdravnikom in mu pokažite navodilo za uporabo ali nalepko na zunanji ovojnini.</s>
<s id="s221.5">Osebe z znano preobčutljivostjo na valnemulin naj se izogibajo stiku z zdravilom.</s>
<s id="s221.6">Pri uporabi zdravila se lahko pojavijo določeni neželeni učinki, predvsem pri prašičih pasme Danski in Švedski Landrace, pri njihovih križancih in predvsem pri mladih živalih, zato je pri zdravljenju le- teh potrebna previdnost.</s>
<s id="s221.7">Pred uporabo preberite navodilo za uporabo..</s>
<s id="s222.1">10.</s>
<s id="s222.2">DATUM IZTEKA ROKA UPORABNOSTI ZDRAVILA</s>
<s id="s223.1">EXP {mesec/ leto}:</s>
<s id="s224.1">11.</s>
<s id="s224.2">POSEBNA NAVODILA ZA SHRANJEVANJE</s>
<s id="s225.1">Shranjujte pri temperaturi do 25° C.</s>
<s id="s225.2">Shranjujte v originalnem vsebniku.</s>
<s id="s225.3">Načet vsebnik shranjujte tesno zaprt.</s>
<s id="s226.1">Rok uporabnosti:</s>
<s id="s226.2">Rok uporabnosti zdravila po dodajanju v mleto krmo in zaščiteno pred svetlobo in vlago:</s>
<s id="s226.3">3 mesece Rok uporabnosti zdravila po dodajanju v peletirano krmo in zaščiteno pred svetlobo in vlago:</s>
<s id="s226.4">3 tedne</s>
<s id="s227.1">12.</s>
<s id="s227.2">POSEBNI VARNOSTNI UKREPI ZA ODSTRANJEVANJE NEPORABLJENEGA ZDRAVILA ALI ODPADNIH SNOVI, ČE OBSTAJAJO</s>
<s id="s228.1">Vsako neporabljeno zdravilo ali odpadne snovi, ki nastanejo iz teh zdravil, je treba odstraniti v skladu z nacionalnimi zahtevami.</s>
<s id="s229.1">13.</s>
<s id="s229.2">BESEDILO “ SAMO ZA ŽIVALI ” IN POGOJI ALI OMEJITVE GLEDE OSKRBE IN UPORABE, če je navedba smiselna</s>
<s id="s230.1">Samo za živali.</s>
<s id="s231.1">Zdravilo se izda le na recept.</s>
<s id="s231.2">Pozornost naj bo namenjena uradnemu navodilu za pripravo mediciranega premiksa.</s>
<s id="s232.1">14.</s>
<s id="s232.2">BESEDILO ” ZDRAVILO SHRANJUJTE NEDOSEGLJIVO OTROKOM ”</s>
<s id="s233.1">Zdravilo shranjujte nedosegljivo otrokom.</s>
<s id="s234.1">15 15.</s>
<s id="s234.2">IME IN NASLOV IMETNIKA DOVOLJENJA ZA PROMET Z ZDRAVILOM</s>
<s id="s235.1">Novartis Animal Health Austria GmbH Biochemiestrasse 10 A- 6250 Kundl Austria</s>
<s id="s236.1">16.</s>
<s id="s236.2">ŠTEVILKA( E) DOVOLJENJ( A) ZA PROMET</s>
<s id="s237.1">EU/ 2/ 98/ 010/ 004 (1 kg) EU/ 2/ 98/ 010/ 005 (2. 5 kg) EU/ 2/ 98/ 010/ 006 (25 kg)</s>
<s id="s238.1">17.</s>
<s id="s238.2">IZDELOVALČEVA ŠTEVILKA SERIJE</s>
<s id="s239.1">16 PODATKI NA ZUNANJI OVOJNINI, STIČNI OVOJNINI</s>
<s id="s240.1">1.</s>
<s id="s240.2">IME ZDRAVILA ZA UPORABO V VETERINARSKI MEDICINI</s>
<s id="s241.1">Econor 10% premiks za pripravo medicirane krme za prašiče</s>
<s id="s242.1">2.</s>
<s id="s242.2">NAVEDBA ZDRAVILNE UČINKOVINE IN DRUGIH SNOVI</s>
<s id="s243.1">Valnemulin</s>
<s id="s244.1">100 mg/ g</s>
<s id="s245.1">3.</s>
<s id="s245.2">FARMACEVTSKA OBLIKA</s>
<s id="s246.1">Premiks za pripravo medicirane krme</s>
<s id="s247.1">4.</s>
<s id="s247.2">VELIKOST PAKIRANJA</s>
<s id="s248.1">1 kg 25 kg</s>
<s id="s249.1">5.</s>
<s id="s249.2">CILJNA ŽIVALSKA VRSTA</s>
<s id="s250.1">Prašiči</s>
<s id="s251.1">6.</s>
<s id="s251.2">INDIKACIJE</s>
<s id="s252.1">Zdravljenje in preprečevanje driske pri prašičih.</s>
<s id="s252.2">Zdravljenje klinično manifestiranih proliferativnih enteropatij (ileitis) pri prašičih.</s>
<s id="s252.3">Preprečevanje kolitisa pri prašičih, ki ga povzročajo spirohete, po predhodnem diagnosticiranju bolezni v čredi</s>
<s id="s253.1">7.</s>
<s id="s253.2">NAČIN UPORABE</s>
<s id="s254.1">Zdravilo zamešano v krmo.</s>
<s id="s255.1">8.</s>
<s id="s255.2">KARENCA</s>
<s id="s256.1">Meso in organi 1 dan</s>
<s id="s257.1">17 9.</s>
<s id="s257.2">POSEBNO( A) OPOZORILO( A), ČE JE/ SO POTREBNO( A)</s>
<s id="s258.1">Ne dajajte prašičem, ki dobivajo ionofore.</s>
<s id="s258.2">Z laboratorijskimi študijami pri podganah in miših niso bili dokazani teratogeni učinki; varna uporaba pri brejih in doječih svinjah ni bila dokazana.</s>
<s id="s258.3">Pri pripravi krmne mešanice in pri hranjenju živali je potrebna previdnost, da zdravilo ne pride v direkten stik s kožo ali sluznicami.</s>
<s id="s258.4">V primeru nenamernega zaužitja se takoj posvetujte z zdravnikom in mu pokažite navodilo za uporabo ali nalepko na zunanji ovojnini.</s>
<s id="s258.5">Osebe z znano preobčutljivostjo na valnemulin naj se izogibajo stiku z zdravilom.</s>
<s id="s258.6">Pri uporabi zdravila se lahko pojavijo določeni neželeni učinki, predvsem pri prašičih pasme Danski in Švedski Landrace, pri njihovih križancih in predvsem pri mladih živalih zato je pri zdravljenju le- teh potrebna previdnost.</s>
<s id="s258.7">Pred uporabo preberite priloženo navodilo.</s>
<s id="s259.1">10.</s>
<s id="s259.2">DATUM IZTEKA ROKA UPORABNOSTI ZDRAVILA</s>
<s id="s260.1">EXP {mesec/ leto}:</s>
<s id="s261.1">11.</s>
<s id="s261.2">POSEBNA NAVODILA ZA SHRANJEVANJE</s>
<s id="s262.1">Shranjujte pri temperaturi do 25° C.</s>
<s id="s262.2">Shranjujte v originalnem vsebniku.</s>
<s id="s262.3">Načet vsebnik shranjujte tesno zaprt.</s>
<s id="s262.4">Rok uporabnosti:</s>
<s id="s262.5">Rok uporabnosti zdravila po dodajanju v mleto krmo in zaščiteno pred svetlobo in vlago:</s>
<s id="s262.6">3 mesece Rok uporabnosti zdravila po dodajanju v peletirano krmo in zaščiteno pred svetlobo in vlago:</s>
<s id="s262.7">3 tedne</s>
<s id="s263.1">12.</s>
<s id="s263.2">POSEBNI VARNOSTNI UKREPI ZA ODSTRANJEVANJE NEPORABLJENEGA ZDRAVILA ALI ODPADNIH SNOVI, ČE OBSTAJAJO</s>
<s id="s264.1">Vsako neporabljeno zdravilo ali odpadne snovi, ki nastanejo iz teh zdravil, je treba odstraniti v skladu z nacionalnimi zahtevami.</s>
<s id="s265.1">13.</s>
<s id="s265.2">BESEDILO “ SAMO ZA ŽIVALI ” IN POGOJI ALI OMEJITVE GLEDE OSKRBE IN UPORABE, če je navedba smiselna</s>
<s id="s266.1">Samo za živali.</s>
<s id="s267.1">Zdravilo se izda le na recept.</s>
<s id="s267.2">Pozornost naj bo namenjena uradnemu navodilu za pripravo mediciranega premiksa.</s>
<s id="s268.1">14.</s>
<s id="s268.2">BESEDILO ” ZDRAVILO SHRANJUJTE NEDOSEGLJIVO OTROKOM ”</s>
<s id="s269.1">Zdravilo shranjujte nedosegljivo otrokom.</s>
<s id="s270.1">18 15.</s>
<s id="s270.2">IME IN NASLOV IMETNIKA DOVOLJENJA ZA PROMET Z ZDRAVILOM</s>
<s id="s271.1">Novartis Animal Health Austria GmbH Biochemiestrasse 10 A- 6250 Kundl Austria</s>
<s id="s272.1">16.</s>
<s id="s272.2">ŠTEVILKA( E) DOVOLJENJ( A) ZA PROMET</s>
<s id="s273.1">EU/ 2/ 98/ 010/ 017 (1 kg) EU/ 2/ 98/ 010/ 018 (25 kg)</s>
<s id="s274.1">17.</s>
<s id="s274.2">IZDELOVALČEVA ŠTEVILKA SERIJE</s>
<s id="s275.1">19 PODATKI NA ZUNANJI OVOJNINI, STIČNI OVOJNINI</s>
<s id="s276.1">1.</s>
<s id="s276.2">IME ZDRAVILA ZA UPORABO V VETERINARSKI MEDICINI</s>
<s id="s277.1">Econor 50% premiks za pripravo medicirane krme za prašiče</s>
<s id="s278.1">2.</s>
<s id="s278.2">NAVEDBA ZDRAVILNE UČINKOVINE IN DRUGIH SNOVI</s>
<s id="s279.1">Valnemulin</s>
<s id="s280.1">500 mg/ g</s>
<s id="s281.1">3.</s>
<s id="s281.2">FARMACEVTSKA OBLIKA</s>
<s id="s282.1">Premiks za pripravo medicirane krme</s>
<s id="s283.1">4.</s>
<s id="s283.2">VELIKOST PAKIRANJA</s>
<s id="s284.1">1 kg 25 kg</s>
<s id="s285.1">5.</s>
<s id="s285.2">CILJNA ŽIVALSKA VRSTA</s>
<s id="s286.1">Prašiči</s>
<s id="s287.1">6.</s>
<s id="s287.2">INDIKACIJE</s>
<s id="s288.1">Zdravljenje in preprečevanje driske pri prašičih.</s>
<s id="s288.2">Zdravljenje klinično manifestiranih proliferativnih enteropatij (ileitis) pri prašičih.</s>
<s id="s288.3">Preprečevanje kolitisa pri prašičih, ki ga povzročajo spirohete, po predhodnem diagnosticiranju bolezni v čredi</s>
<s id="s289.1">7.</s>
<s id="s289.2">NAČIN UPORABE</s>
<s id="s290.1">Zdravilo zamešano v krmo.</s>
<s id="s291.1">8.</s>
<s id="s291.2">KARENCA</s>
<s id="s292.1">Meso in organi 1 dan</s>
<s id="s293.1">20 9.</s>
<s id="s293.2">POSEBNO( A) OPOZORILO( A), ČE JE/ SO POTREBNO( A)</s>
<s id="s294.1">Ne dajati prašičem, ki dobivajo ionofore.</s>
<s id="s294.2">Z laboratorijskimi študijami pri podganah in miših niso bili dokazani teratogeni učinki; varna uporaba pri brejih in doječih svinjah ni bila dokazana.</s>
<s id="s294.3">Pri pripravi krmne mešanice in pri hranjenju živali je potrebna previdnost, da zdravilo ne pride v direkten stik s kožo ali sluznicami.</s>
<s id="s294.4">V primeru nenamernega zaužitja se takoj posvetujte z zdravnikom in mu pokažite navodilo za uporabo ali nalepko na zunanji ovojnini.</s>
<s id="s294.5">Osebe z znano preobčutljivostjo na valnemulin naj se izogibajo stiku z zdravilom.</s>
<s id="s294.6">Pri uporabi zdravila se lahko pojavijo določeni neželeni stranski učinki, predvsem pri prašičih pasme Danski in Švedski Landrace, pri njihovih križancih in predvsem pri mladih živalih zato je pri zdravljenju le- teh potrebna previdnost.</s>
<s id="s294.7">Pred uporabo preberite priloženo navodilo.</s>
<s id="s295.1">10.</s>
<s id="s295.2">DATUM IZTEKA ROKA UPORABNOSTI ZDRAVILA</s>
<s id="s296.1">EXP {mesec/ leto}:</s>
<s id="s297.1">11.</s>
<s id="s297.2">POSEBNA NAVODILA ZA SHRANJEVANJE</s>
<s id="s298.1">Shranjujte pri temperaturi do 25° C.</s>
<s id="s298.2">Shranjujte v originalnem vsebniku.</s>
<s id="s298.3">Načet vsebnik shranjujte tesno zaprt.</s>
<s id="s298.4">Rok uporabnosti:</s>
<s id="s298.5">Rok uporabnosti zdravila po dodajanju v mleto krmo in zaščiteno pred svetlobo in vlago:</s>
<s id="s298.6">3 mesece Rok uporabnosti zdravila po dodajanju v peletirano krmo in zaščiteno pred svetlobo in vlago:</s>
<s id="s298.7">3 tedne</s>
<s id="s299.1">12.</s>
<s id="s299.2">POSEBNI VARNOSTNI UKREPI ZA ODSTRANJEVANJE NEPORABLJENEGA ZDRAVILA ALI ODPADNIH SNOVI, ČE OBSTAJAJO</s>
<s id="s300.1">Vsako neporabljeno zdravilo ali odpadne snovi, ki nastanejo iz teh zdravil, je treba odstraniti v skladu z nacionalnimi zahtevami.</s>
<s id="s301.1">13.</s>
<s id="s301.2">BESEDILO “ SAMO ZA ŽIVALI ” IN POGOJI ALI OMEJITVE GLEDE OSKRBE IN UPORABE, če je navedba smiselna</s>
<s id="s302.1">Samo za živali.</s>
<s id="s303.1">Zdravilo se izda le na recept.</s>
<s id="s303.2">Pozornost bo namenjena uradnemu navodilu za pripravo mediciranega premiksa.</s>
<s id="s304.1">14.</s>
<s id="s304.2">BESEDILO ” ZDRAVILO SHRANJUJTE NEDOSEGLJIVO OTROKOM ”</s>
<s id="s305.1">Zdravilo shranjujte nedosegljivo otrokom.</s>
<s id="s306.1">21 15.</s>
<s id="s306.2">IME IN NASLOV IMETNIKA DOVOLJENJA ZA PROMET Z ZDRAVILOM</s>
<s id="s307.1">Novartis Animal Health Austria GmbH Biochemiestrasse 10 A- 6250 Kundl Austria</s>
<s id="s308.1">16.</s>
<s id="s308.2">ŠTEVILKA( E) DOVOLJENJ( A) ZA PROMET</s>
<s id="s309.1">EU/ 2/ 98/ 010/ 021 (1 kg) EU/ 2/ 98/ 010/ 022 (25 kg)</s>
<s id="s310.1">17.</s>
<s id="s310.2">IZDELOVALČEVA ŠTEVILKA SERIJE</s>
<s id="s311.1">22 PODATKI NA ZUNANJI OVOJNINI, STIČNI OVOJNINI</s>
<s id="s312.1">1.</s>
<s id="s312.2">IME ZDRAVILA ZA UPORABO V VETERINARSKI MEDICINI</s>
<s id="s313.1">Econor 05% premiks za pripravo medicirane krme za prašiče</s>
<s id="s314.1">2.</s>
<s id="s314.2">NAVEDBA ZDRAVILNE UČINKOVINE IN DRUGIH SNOVI</s>
<s id="s315.1">Valnemulin</s>
<s id="s316.1">5 mg/ g</s>
<s id="s317.1">3.</s>
<s id="s317.2">FARMACEVTSKA OBLIKA</s>
<s id="s318.1">Premiks za pripravo medicirane krme</s>
<s id="s319.1">4.</s>
<s id="s319.2">VELIKOST PAKIRANJA</s>
<s id="s320.1">5 kg 25 kg</s>
<s id="s321.1">5.</s>
<s id="s321.2">CILJNA ŽIVALSKA VRSTA</s>
<s id="s322.1">Prašiči</s>
<s id="s323.1">6.</s>
<s id="s323.2">INDIKACIJE</s>
<s id="s324.1">Zdravljenje in preprečevanje driske pri prašičih.</s>
<s id="s324.2">Zdravljenje klinično manifestiranih proliferativnih enteropatij (ileitis) pri prašičih.</s>
<s id="s324.3">Preprečevanje kolitisa pri prašičih, ki ga povzročajo spirohete, po predhodnem diagnosticiranju bolezni v čredi</s>
<s id="s325.1">7.</s>
<s id="s325.2">NAČIN UPORABE</s>
<s id="s326.1">Zdravilo zamešano v krmo.</s>
<s id="s327.1">8.</s>
<s id="s327.2">KARENCA</s>
<s id="s328.1">Meso in organi 1 dan</s>
<s id="s329.1">23 9.</s>
<s id="s329.2">POSEBNO( A) OPOZORILO( A), ČE JE/ SO POTREBNO( A)</s>
<s id="s330.1">Ne dajati prašičem, ki dobivajo ionofore.</s>
<s id="s330.2">Z laboratorijskimi študijami pri podganah in miših niso bili dokazani teratogeni učinki; varna uporaba pri brejih in doječih svinjah ni bila dokazana.</s>
<s id="s330.3">Pri pripravi krmne mešanice in pri hranjenju živali je potrebna previdnost, da zdravilo ne pride v direkten stik s kožo ali sluznicami.</s>
<s id="s330.4">V primeru nenamernega zaužitja se takoj posvetujte z zdravnikom in mu pokažite navodilo za uporabo ali nalepko na zunanji ovojnini.</s>
<s id="s330.5">Osebe z znano preobčutljivostjo na valnemulin naj se izogibajo stiku z zdravilom.</s>
<s id="s330.6">Pri uporabi zdravila se lahko pojavijo določeni neželeni stranski učinki, predvsem pri prašičih pasme Danski in Švedski Landrace, pri njihovih križancih in predvsem pri mladih živalih zato je pri zdravljenju le- teh potrebna previdnost.</s>
<s id="s330.7">Pred uporabo preberite priloženo navodilo.</s>
<s id="s331.1">10.</s>
<s id="s331.2">DATUM IZTEKA ROKA UPORABNOSTI ZDRAVILA</s>
<s id="s332.1">EXP {mesec/ leto}:</s>
<s id="s333.1">11.</s>
<s id="s333.2">POSEBNA NAVODILA ZA SHRANJEVANJE</s>
<s id="s334.1">Shranjujte pri temperaturi do 25° C.</s>
<s id="s334.2">Shranjujte v originalnem vsebniku.</s>
<s id="s334.3">Načet vsebnik shranjujte tesno zaprt.</s>
<s id="s334.4">Rok uporabnosti:</s>
<s id="s334.5">Rok uporabnosti, ko je zdravilo dodano v krmo in zaščiteno pred svetlobo in vlago:</s>
<s id="s334.6">3 mesece Rok uporabnosti, ko je zdravilo dodano v peletirano krmo in zaščiteno pred svetlobo in vlago:</s>
<s id="s334.7">3 tedne</s>
<s id="s335.1">12.</s>
<s id="s335.2">POSEBNI VARNOSTNI UKREPI ZA ODSTRANJEVANJE NEPORABLJENEGA ZDRAVILA ALI ODPADNIH SNOVI, ČE OBSTAJAJO</s>
<s id="s336.1">Vsako neporabljeno zdravilo ali odpadne snovi, ki nastanejo iz teh zdravil, je treba odstraniti v skladu z nacionalnimi zahtevami.</s>
<s id="s337.1">13.</s>
<s id="s337.2">BESEDILO “ SAMO ZA ŽIVALI ” IN POGOJI ALI OMEJITVE GLEDE OSKRBE IN UPORABE, če je navedba smiselna</s>
<s id="s338.1">Samo za živali.</s>
<s id="s339.1">Zdravilo se izda le na recept.</s>
<s id="s339.2">Pozornost bo namenjena uradnemu navodilu za pripravo mediciranega premiksa.</s>
<s id="s340.1">14.</s>
<s id="s340.2">BESEDILO ” ZDRAVILO SHRANJUJTE NEDOSEGLJIVO OTROKOM ”</s>
<s id="s341.1">Zdravilo shranjujte nedosegljivo otrokom.</s>
<s id="s342.1">24 15.</s>
<s id="s342.2">IME IN NASLOV IMETNIKA DOVOLJENJA ZA PROMET Z ZDRAVILOM</s>
<s id="s343.1">Novartis Animal Health Austria GmbH Biochemiestrasse 10 A- 6250 Kundl Austria</s>
<s id="s344.1">16.</s>
<s id="s344.2">ŠTEVILKA( E) DOVOLJENJ( A) ZA PROMET</s>
<s id="s345.1">EU/ 2/ 98/ 010/ 023 (5 kg) EU/ 2/ 98/ 010/ 024 (25 kg)</s>
<s id="s346.1">17.</s>
<s id="s346.2">IZDELOVALČEVA ŠTEVILKA SERIJE</s>
<s id="s347.1">25 B.</s>
<s id="s347.2">NAVODILO ZA UPORABO</s>
<s id="s348.1">26 NAVODILO ZA UPORABO</s>
<s id="s349.1">Econor 1% premiks za medicirano krmo za prašiče</s>
<s id="s350.1">1.</s>
<s id="s350.2">IME IN NASLOV IMETNIKA DOVOLJENJA ZA PROMET Z ZDRAVILOM TER IMETNIKA DOVOLJENJA ZA PROIZVODNJO ZFRAVILA, ODGOVORNEGA ZA SPROSTITEV SERIJ V EGP, ČE STA RAZLIČNA</s>
<s id="s351.1">IMETNIK DOVOLJENJA ZA PROMET:</s>
<s id="s351.2">Novartis Animal Health Austria GmbH Biochemiestrasse 10 A- 6250 Kundl Austria</s>
<s id="s352.1">PROIZVAJALEC:</s>
<s id="s352.2">Novartis Sante AnimaleS. A. S.</s>
<s id="s352.3">Usine de Huningue 26, rue de la Chapelle F- 68332 Huningue Cedex France</s>
<s id="s353.1">2.</s>
<s id="s353.2">IME ZDRAVILA ZA UPORABO V VETERINARSKI MEDICINI</s>
<s id="s354.1">Econor 1% premiks za medicirano krmo za prašiče</s>
<s id="s355.1">valnemulinijev klorid</s>
<s id="s356.1">3.</s>
<s id="s356.2">NAVEDBA ZDRAVILNE UČINKOVINE IN DRUGE( IH) SESTAVIN( E)</s>
<s id="s357.1">Zdravilne učinkovine:</s>
<s id="s357.2">Valnemulin v obliki valnemulinijevega klorida 10. 65 mg/ g kar ustreza</s>
<s id="s358.1">10 mg/ g valnemulinske baze</s>
<s id="s359.1">Druge snovi:</s>
<s id="s359.2">Hipromeloza in puder; kloidni anhidrozni silicij; izopropilni miristat; laktoza</s>
<s id="s360.1">4.</s>
<s id="s360.2">INDIKACIJA( E)</s>
<s id="s361.1">Zdravljenje in preprečevanje driske pri prašičih.</s>
<s id="s361.2">Zdravljenje klinično manifestirani proliferativnih enteropatij (ileitis) pri prašičih.</s>
<s id="s361.3">Preprečevanje kolitisa pri prašičih, ki ga povzročajo spirohete, po predhodnem diagnosticiranju bolezni v čredi</s>
<s id="s362.1">5.</s>
<s id="s362.2">KONTRAINDIKACIJE</s>
<s id="s363.1">Ne uporabite pri prašičih, ki so dobili pripravek na osnovi ionofosa.</s>
<s id="s363.2">Ne uporabite pri zajcih, ker je toksičen za to živalsko vrsto.</s>
<s id="s364.1">27 6.</s>
<s id="s364.2">NEŽELENI UČINKI</s>
<s id="s365.1">Uporaba pripravka Econor pri prašičih je v Evropski skupnosti pokazala različne neželene učinke.</s>
<s id="s365.2">Poročali so o primeru iz leta 1999- 2000, ki se je pojavil v glavnem na Danskem in Švedskem, ter po en primer na Finskem in Irskem. V teh deželah je to obsegalo 0. 03 do 1. 76% vseh zdravljenih prašičev.</s>
<s id="s365.3">Na prizadetih farmah so se ti neželeni stranski učinki pojavili pri tretjini zdravljenih prašičev, pogin pa je bil 1%.</s>
<s id="s365.4">Prizadeti prašiči so imeli vročino in zmanjšan apetit, včasih se je pojavila nekoordiniranost in ataksija.</s>
<s id="s365.5">Nekaj teh prašičev je dobilo edeme in rdečico (posteriorno, distribucijsko) in palpebralne edeme. Reakcija je bila raziskovana v kontrolnem poskusu pri sumljivih živalih.</s>
<s id="s365.6">Pogin je znašal manj kot 1%, vendar bi lahko zaradi sekundarnih infekcij tudi narasel.</s>
<s id="s366.1">V primeru pojava neželenih učinkov je priporočljivo takoj prenehati z dajanjem zdravila. Prašiče je potrebno naseliti v suh in čist prostor ter jih zdraviti simptomatsko, vključno zdraviti tudi konkurenčno bolezen.</s>
<s id="s366.2">Epidemiološki pregled je pokazal, da obstaja povečano nagnjenje k nastanku stranskih učinkov pri posameznih pasmah prašičev - Danski in Švedski Landrace ter njihovi križanci, posebno mlade živali.</s>
<s id="s367.1">Valnemulin, dodan v hrano, živali dobro prenašajo, vendar lahko koncentracije nad 200 mg valnemulina/ kg krme zmanjšajo konzumacijo krme zaradi spremenjenega okusa, predvsem prve dni zdravljenja.</s>
<s id="s368.1">Če opazite kakšne stranske učinke zdravila, se posvetujte z veterinarjem.</s>
<s id="s369.1">7.</s>
<s id="s369.2">CILJNA ŽIVALSKA VRSTA</s>
<s id="s370.1">Prašiči</s>
<s id="s371.1">8.</s>
<s id="s371.2">ODMERKI ZA POSAMEZNE ŽIVALSKE VRSTE TER POT( I) IN NAČIN UPORABE ZDRAVILA</s>
<s id="s372.1">Zdravilo se daje v krmo.</s>
<s id="s373.1">Dnevni vnos krme je odvisen od zdravstvenega stanja živali. Da zagotovimo pravilen odmerek, moramo prilagoditi koncentracijo zdravila.</s>
<s id="s373.2">Vrednosti so lahko zmanjšane tudi zaradi starosti živali, ki konzumirajo manj hrane.</s>
<s id="s374.1">Indikacije</s>
<s id="s375.1">Odmerki</s>
<s id="s376.1">Aplikacijsko obdobje medicirane krme kot samostojne dnevne vrednosti</s>
<s id="s377.1">Aplikacija v krmo</s>
<s id="s378.1">Zdravljenje driske pri prašičih</s>
<s id="s379.1">3- 4 mg/ kg t. m. / dan</s>
<s id="s380.1">Najmanj 7 dni do 4 tedne, dokler znaki ne izginejo</s>
<s id="s381.1">Dodajanje 75 mg učinkovine/ kg krme:</s>
<s id="s381.2">Econor 1% - 7. 5 g/ kg krme</s>
<s id="s382.1">Te vrednosti so učinkovite pri zdravljenju kliničnih znakov bolezni; za popolno eliminacijo infekcije pa je potreben daljši čas zdravljenja in večje koncentracije zdravila.</s>
<s id="s382.2">Zgodnje odkritje bolezni je zelo pomembno, saj se le- tako lahko prepreči večji izbruh in širjenje Če ni rezultatov po 5 dneh zdravljenja, je potrebno ponovno diagnosticirati obolenje.</s>
<s id="s383.1">28 Indikacije</s>
<s id="s384.1">Odmerki</s>
<s id="s385.1">Aplikacijsko obdobje medicirane krme kot samostojne dnevne vrednosti</s>
<s id="s386.1">Aplikacija v krmo</s>
<s id="s387.1">Zdravljenje</s>
<s id="s388.1">3- 4 mg/ kg t. m. / dan</s>
<s id="s389.1">2 tedna ali dokler</s>
<s id="s390.1">Dodajanje 75 mg</s>
<s id="s391.1">proliferativne enteropatije (ileitis) pri prašičih</s>
<s id="s392.1">znaki ne izginejo</s>
<s id="s393.1">učinkovine/ kg krme:</s>
<s id="s393.2">Econor 1% - 7. 5 g/ kg krme</s>
<s id="s394.1">Te vrednosti so učinkovite pri zdravljenju kliničnih znakov bolezni; za popolno eliminacijo infekcije pa je potreben daljši čas zdravljenja in večje koncentracije zdravila.</s>
<s id="s394.2">Zgodnje odkritje bolezni je zelo pomembno, saj se le- tako lahko prepreči večji izbruh in širjenje proliferativnih enteropatij Če ni rezultatov po 5 dneh zdravljenja, je potrebno ponovno diagnosticirati obolenje.</s>
<s id="s395.1">Nekaj živali, ki niso odreagirale na zdravljenje znotraj 3- 5 dni je potrebno zdraviti parenteralno.</s>
<s id="s396.1">Indikacije Preprečevanje</s>
<s id="s397.1">Odmerki</s>
<s id="s398.1">Aplikacijsko obdobje medicirane krme kot samostojne dnevne vrednosti</s>
<s id="s399.1">Aplikacija v krmo Dodajanje 25 mg učinkovine/ kg krme:</s>
<s id="s400.1">- Driske pri prašičih - Kliničnih znakov kolitisa pri prašičih, ki ga povzročajo spirohete</s>
<s id="s401.1">1. 0- 1. 5 mg/ kg t. m. / dan</s>
<s id="s402.1">Najmanj 7 dni do 4 tednov 4 tedne</s>
<s id="s403.1">Econor 1% - 2. 5 g/ kg krme</s>
<s id="s404.1">Da se izognemo predolgi uporabi valnemulina za prevencijo bolezni, je potrebno izvajati redno čiščenje in dezinfekcijo.</s>
<s id="s404.2">Treba je biti pozoren na eradikacijo infekcije iz območja farm.</s>
<s id="s405.1">9.</s>
<s id="s405.2">NASVET O PRAVILNI UPORABI ZDRAVILA</s>
<s id="s406.1">Navodilo za pripravo mešanice:</s>
<s id="s407.1">mg Econor 1% premiks/ kg krme = priporočen odmerek( mg/ kg) x 100 x telesna masa (kg) / količino dnevnega vnosa krme (kg)</s>
<s id="s408.1">Da dosežemo dobro homogenizacijo mešanice, predvsem, če so vrednosti manjše kot 5 kg/ tono krme, se priporoča uporaba pre- mešanice. Priporočena količina produkta se lahko temeljito zmešana s krmo podobnih fizikalnih lastnosti (npr. povprečna pšenica) v razmerju:</s>
<s id="s408.2">1 del Econor 1% premiks na 10 delov krmne vsebnosti.</s>
<s id="s409.1">Pozornost bo namenjena uradnemu navodilu za pripravo mediciranega premiksa.</s>
<s id="s410.1">10.</s>
<s id="s410.2">KARENCA</s>
<s id="s411.1">Meso in organi 1 dan</s>
<s id="s412.1">29 11.</s>
<s id="s412.2">POSEBNA NAVODILA ZA SHRANJEVANJE</s>
<s id="s413.1">Zdravilo shranjujte nedosegljivo otrokom.</s>
<s id="s414.1">Shranjujte pri temperaturi do 25° C.</s>
<s id="s414.2">Shranjujte v originalnem vsebniku..</s>
<s id="s414.3">Načet vsebnik shranjujte tesno zaprt.</s>
<s id="s414.4">Rok uporabnosti:</s>
<s id="s414.5">Rok uporabnosti zdravila v pakiranju za prodajo:</s>
<s id="s414.6">5 leta Rok uporabnosti zdravila po dodajanju v mleto krmo in zaščiteno pred svetlobo in vlago:</s>
<s id="s414.7">3 mesece Rok uporabnosti zdravila po dodajanju v peletirano krmo in zaščiteno pred svetlobo in vlago:</s>
<s id="s414.8">3 tedne</s>
<s id="s415.1">12.</s>
<s id="s415.2">POSEBNA OPOZORILA</s>
<s id="s416.1">Valnemulin je pokazal določeno interakcijo z ionofori, kot so monenzin, salinomicin in narazin in lahko pripelje do zastrupitev.</s>
<s id="s416.2">Živali naj ne dobijajo 5 dni pred in 5 dni po končanem zdravljenju z valnemulinom zdravil, ki vsebujejo monenzin, salinomicin ali narazin.</s>
<s id="s416.3">Pojavijo se lahko zaostajanje v rasti, ataksija, paraliza ali pogin.</s>
<s id="s417.1">Z laboratorijskimi študijami pri podganah in miših niso bili dokazani teratogeni učinki; varna uporaba pri brejih in doječih svinjah ni bila dokazana.</s>
<s id="s418.1">Pri pripravi krmne mešanice in pri hranjenju živali je potrebna previdnost, da zdravilo ne pride v direkten stik s kožo ali sluznicami.</s>
<s id="s418.2">V primeru nenamernega zaužitja se takoj posvetujte z zdravnikom in mu pokažite navodilo za uporabo ali nalepko na zunanji ovojnini.</s>
<s id="s418.3">Osebe z znano preobčutljivostjo na valnemulin naj se izogibajo stiku z zdravilom.</s>
<s id="s418.4">Pri uporabi zdravila se lahko pojavijo določeni neželeni stranski učinki, predvsem pri prašičih pasme Danski in Švedski Landrace, pri njihovih križancih in predvsem pri mladih živalih zato je pri zdravljenju le- teh potrebna previdnost.</s>
<s id="s419.1">13.</s>
<s id="s419.2">POSEBNI VARNOSTNI UKREPI ZA ODSTRANJEVANJE NEPORABLJENEGA ZDRAVILA ALI ODPADNIH SNOVI, ČE OBSTAJAJO</s>
<s id="s420.1">Vsako neporabljeno zdravilo ali odpadne snovi, ki nastanejo iz teh zdravil, je treba odstraniti v skladu z nacionalnimi zahtevami.</s>
<s id="s421.1">15.</s>
<s id="s421.2">DRUGE INFORMACIJE</s>
<s id="s422.1">Valnemulin je antibiotik iz skupine pleuromutulinov, ki učinkujejo tako, da zavirajo sintezo proteinov bakterijskih ribosomov.</s>
<s id="s423.1">14.</s>
<s id="s423.2">DATUM ZADNJE REVIZIJE NAVODIL ZA UPORABO</s>
<s id="s424.1">Podrobne informacije o tem zdravilu za uporabo v veterinarski medicini so na voljo na spletni strani Evropske agencije za zdravila (European Medicines Agency, EMEA) http: // www. emea. europa. eu /.</s>
<s id="s425.1">30 NAVODILO ZA UPORABO</s>
<s id="s426.1">Econor 10% premiks za medicirano krmo za prašiče</s>
<s id="s427.1">1.</s>
<s id="s427.2">IME IN NASLOV IMETNIKA DOVOLJENJA ZA PROMET Z ZDRAVILOM TER IMETNIKA DOVOLJENJA ZA PROIZVODNJO ZFRAVILA, ODGOVORNEGA ZA SPROSTITEV SERIJ V EGP, ČE STA RAZLIČNA</s>
<s id="s428.1">IMETNIK DOVOLJENJA ZA PROMET:</s>
<s id="s428.2">Novartis Animal Health Austria GmbH Biochemiestrasse 10 A- 6250 Kundl Austria</s>
<s id="s429.1">PROIZVAJALEC:</s>
<s id="s429.2">Novartis Sante AnimaleS. A. S.</s>
<s id="s429.3">Usine de Huningue 26, rue de la Chapelle F- 68332 Huningue Cedex France</s>
<s id="s430.1">2.</s>
<s id="s430.2">IME ZDRAVILA ZA UPORABO V VETERINARSKI MEDICINI</s>
<s id="s431.1">Econor 10% premiks za medicirano krmo za prašiče</s>
<s id="s432.1">valnemulinijev klorid</s>
<s id="s433.1">3.</s>
<s id="s433.2">NAVEDBA ZDRAVILNE UČINKOVINE IN DRUGE( IH) SNOVI</s>
<s id="s434.1">Zdravilne učinkovine:</s>
<s id="s434.2">Valnemulin v obliki valnemulinijevega klorida 106. 5 mg/ g kar ustreza</s>
<s id="s435.1">100 mg/ g valnemulinske baze</s>
<s id="s436.1">Druge snovi:</s>
<s id="s436.2">Hipromeloza in puder; kloidni anhidrozni silicij; izopropilni miristat; laktoza</s>
<s id="s437.1">4.</s>
<s id="s437.2">INDIKACIJA( E)</s>
<s id="s438.1">Zdravljenje in preprečevanje driske pri prašičih.</s>
<s id="s438.2">Zdravljenje klinično manifestirani proliferativnih enteropatij (ileitis) pri prašičih.</s>
<s id="s438.3">Preprečevanje kolitisa pri prašičih, ki ga povzročajo spirohete, po predhodnem diagnosticiranju bolezni v čredi Zdravljenje in preprečevanje enzootske pljučnice pri prašičih.</s>
<s id="s438.4">Pri priporočenem odmerku 10- 12 mg/ kg telesne mase se zmanjšajo lezije v pljučih in telesna masa živali, infekcija z povzročiteljem Mycoplasma hyopneumoniae pa je eliminirana.</s>
<s id="s439.1">5.</s>
<s id="s439.2">KONTRAINDIKACIJE</s>
<s id="s440.1">Ne uporabite pri prašičih, ki so dobili pripravek na osnovi ionofosa.</s>
<s id="s440.2">Ne uporabite pri zajcih, ker je toksičen za to živalsko vrsto.</s>
<s id="s441.1">31 6.</s>
<s id="s441.2">NEŽELENI UČINKI</s>
<s id="s442.1">Uporaba pripravka Econor pri prašičih je v Evropski skupnosti pokazala različne neželene stranske učinke.</s>
<s id="s442.2">Poročali so o primeru iz leta 1999- 2000, ki se je pojavil v glavnem na Danskem in Švedskem, ter po en primer na Finskem in Irskem. V teh deželah je to obsegalo 0. 03 do 1. 76% vseh zdravljenih prašičev.</s>
<s id="s442.3">Na prizadetih farmah so se ti neželeni stranski učinki pojavili pri tretjini zdravljenih prašičev, pogin pa je bil 1%.</s>
<s id="s442.4">Prizadeti prašiči so imeli vročino in zmanjšan apetit, včasih se je pojavila nekoordiniranost in ataksija.</s>
<s id="s442.5">Nekaj teh prašičev je dobilo edeme in rdečico (posteriorno, distribucijsko) in palpebralne edeme. Reakcija je bila raziskovana v kontrolnem poskusu pri sumljivih živalih.</s>
<s id="s442.6">Pogin je znašal manj kot 1%, vendar bi lahko zaradi sekundarnih infekcij tudi narasel.</s>
<s id="s443.1">V primeru pojava neželenih stranskih učinkov je priporočljivo takoj prenehati z dajanjem zdravila. Prašiče je potrebno naseliti v suh in čist prostor ter jih zdraviti simptomatsko, vključno zdraviti tudi konkurenčno bolezen.</s>
<s id="s443.2">Epidemiološki pregled je pokazal, da obstaja povečano nagnjenje k nastanku stranskih učinkov pri posameznih pasmah prašičev - Danski in Švedski Landrace ter njihovi križanci, posebno mlade živali.</s>
<s id="s444.1">Valnemulin, dodan v hrano, živali dobro prenašajo, vendar lahko koncentracije nad 200 mg valnemulina/ kg krme zmanjšajo konzumacijo krme zaradi spremenjenega okusa, predvsem prve dni zdravljenja.</s>
<s id="s445.1">Če opazite kakšne stranske učinke zdravila, se posvetujte z veterinarjem.</s>
<s id="s446.1">7.</s>
<s id="s446.2">CILJNA ŽIVALSKA VRSTA</s>
<s id="s447.1">Prašiči</s>
<s id="s448.1">8.</s>
<s id="s448.2">ODMERKI ZA POSAMEZNE ŽIVALSKE VRSTE TER POT( I) IN NAČIN UPORABE ZDRAVILA</s>
<s id="s449.1">Zdravilo se daje v krmo.</s>
<s id="s450.1">Dnevni vnos krme je odvisen od zdravstvenega stanja živali. Da zagotovimo pravilen odmerek, moramo prilagoditi koncentracijo zdravila.</s>
<s id="s450.2">Vrednosti so lahko zmanjšane tudi zaradi starosti živali, ki konzumirajo manj hrane.</s>
<s id="s451.1">Indikacije</s>
<s id="s452.1">Odmerki</s>
<s id="s453.1">Aplikacijsko obdobje medicirane krme kot samostojne dnevne vrednosti</s>
<s id="s454.1">Aplikacija v krmo</s>
<s id="s455.1">Zdravljenje driske pri prašičih</s>
<s id="s456.1">3- 4 mg/ kg t. m. / dan</s>
<s id="s457.1">Najmanj 7 dni do 4 tedne, dokler znaki ne izginejo</s>
<s id="s458.1">Dodajanje 75 mg učinkovine/ kg krme:</s>
<s id="s458.2">Econor 10% - 750 mg/ kg krme</s>
<s id="s459.1">Te vrednosti so učinkovite pri zdravljenju kliničnih znakov bolezni; za popolno eliminacijo infekcije pa je potreben daljši čas zdravljenja in večje koncentracije zdravila.</s>
<s id="s459.2">Zgodnje odkritje bolezni je zelo pomembno, saj se le- tako lahko prepreči večji izbruh in širjenje Če ni rezultatov po 5 dneh zdravljenja, je potrebno ponovno diagnosticirati obolenje.</s>
<s id="s460.1">32 Indikacije</s>
<s id="s461.1">Odmerki</s>
<s id="s462.1">Aplikacijsko obdobje medicirane krme kot samostojne dnevne vrednosti</s>
<s id="s463.1">Aplikacija v krmo</s>
<s id="s464.1">Zdravljenje</s>
<s id="s465.1">3- 4 mg/ kg</s>
<s id="s466.1">2 tedna ali dokler</s>
<s id="s467.1">Dodajanje 75 mg učinkovine/ kg</s>
<s id="s468.1">proliferativne enteropatije (ileitis) pri prašičih</s>
<s id="s469.1">t. m. / dan</s>
<s id="s470.1">znaki ne izginejo</s>
<s id="s471.1">krme:</s>
<s id="s471.2">Econor 10% - 750 mg/ kg krme</s>
<s id="s472.1">Te vrednosti so učinkovite pri zdravljenju kliničnih znakov bolezni; za popolno eliminacijo infekcije pa je potreben daljši čas zdravljenja in večje koncentracije zdravila.</s>
<s id="s472.2">Zgodnje odkritje bolezni je zelo pomembno, saj se le- tako lahko prepreči večji izbruh in širjenje proliferativnih enteropatij Če ni rezultatov po 5 dneh zdravljenja, je potrebno ponovno diagnosticirati obolenje.</s>
<s id="s472.3">Nekaj živali, ki niso odreagirale na zdravljenje znotraj 3- 5 dni je potrebno zdraviti parenteralno.</s>
<s id="s473.1">Indikacije Preprečevanje</s>
<s id="s474.1">Odmerki</s>
<s id="s475.1">Aplikacijsko obdobje medicirane krme kot samostojne dnevne vrednosti</s>
<s id="s476.1">Aplikacija v krmo Dodajanje 25 mg učinkovine/ kg krme:</s>
<s id="s477.1">- Driske pri prašičih - Kliničnih znakov</s>
<s id="s478.1">1. 0- 1. 5 mg/ kg t. m. / dan</s>
<s id="s479.1">Najmanj 7 dni do 4 tednov</s>
<s id="s480.1">Econor 10% - 250 mg/ kg krme</s>
<s id="s481.1">kolitisa pri prašičih, ki ga povzročajo spirohete</s>
<s id="s482.1">4 tedne</s>
<s id="s483.1">Da se izognemo predolgi uporabi valnemulina za prevencijo bolezni, je potrebno izvajati redno čiščenje in dezinfekcijo.</s>
<s id="s483.2">Treba je biti pozoren na eradikacijo infekcije iz območja farm.</s>
<s id="s484.1">Indikacije Preprečevanje in zdravljenje</s>
<s id="s485.1">Odmerki</s>
<s id="s486.1">Aplikacijsko obdobje medicirane krme kot samostojne dnevne vrednosti</s>
<s id="s487.1">Aplikacija v krmo Dodajanje 200mg učinkovine/ kg krme:</s>
<s id="s487.2">Econor 10% - 2 g/ kg krme</s>
<s id="s488.1">- Enzootske pljučnice pri prašičih</s>
<s id="s489.1">10- 12 mg/ kg t. m. / dan</s>
<s id="s490.1">Do 3 tedne</s>
<s id="s491.1">9.</s>
<s id="s491.2">NASVET O PRAVILNI UPORABI ZDRAVILA</s>
<s id="s492.1">Navodilo za pripravo mešanice:</s>
<s id="s493.1">mg Econor 10% premiks/ kg krme = priporočen odmerek( mg/ kg) x 10 x telesna masa (kg) / količino dnevnega vnosa krme (kg)</s>
<s id="s494.1">Pripravek je stabilen v procesu peletiranja pri 75° C. Izogibajte se preagresivnemu postopku peletiranja kot sta temperatura nad 80° C in uporaba abrazivnih substanc.</s>
<s id="s495.1">33 Da dosežemo dobro homogenizacijo mešanice se priporoča uporaba pre- mešanice. Priporočena količina produkta se lahko temeljito zmešana s krmo podobnih fizikalnih lastnosti (npr. povprečna pšenica) v razmerju:</s>
<s id="s495.2">1 del Econor 10% premiks na 10 delov krmne vsebnosti.</s>
<s id="s496.1">Pozornost bo namenjena uradnemu navodilu za pripravo mediciranega premiksa.</s>
<s id="s497.1">10.</s>
<s id="s497.2">KARENCA</s>
<s id="s498.1">Meso in organi 1 dan</s>
<s id="s499.1">11.</s>
<s id="s499.2">POSEBNA NAVODILA ZA SHRANJEVANJE</s>
<s id="s500.1">Zdravilo shranjujte nedosegljivo otrokom.</s>
<s id="s501.1">Shranjujte v originalnem vsebniku..</s>
<s id="s501.2">Načet vsebnik shranjujte tesno zaprt.</s>
<s id="s502.1">Rok uporabnosti:</s>
<s id="s502.2">Rok uporabnosti zdravila v pakiranju za prodajo:</s>
<s id="s502.3">5 leta Rok uporabnosti zdravila po dodajanju v mleto krmo in zaščiteno pred svetlobo in vlago:</s>
<s id="s502.4">3 mesece Rok uporabnosti zdravila po dodajanju v peletirano krmo in zaščiteno pred svetlobo in vlago:</s>
<s id="s502.5">3 tedne</s>
<s id="s503.1">12.</s>
<s id="s503.2">POSEBNA OPOZORILA</s>
<s id="s504.1">Valnemulin je pokazal določeno interakcijo z ionofori, kot so monenzin, salinomicin in narazin in lahko pripelje do zastrupitev.</s>
<s id="s504.2">Živali naj ne dobijajo 5 dni pred in 5 dni po končanem zdravljenju z valnemulinom zdravil, ki vsebujejo monenzin, salinomicin ali narazin.</s>
<s id="s504.3">Pojavijo se lahko zaostajanje v rasti, ataksija, paraliza ali pogin.</s>
<s id="s505.1">Z laboratorijskimi študijami pri podganah in miših niso bili dokazani teratogeni učinki; varna uporaba pri brejih in doječih svinjah ni bila dokazana.</s>
<s id="s506.1">Pri pripravi krmne mešanice in pri hranjenju živali je potrebna previdnost, da zdravilo ne pride v direkten stik s kožo ali sluznicami.</s>
<s id="s506.2">V primeru nenamernega zaužitja se takoj posvetujte z zdravnikom in mu pokažite navodilo za uporabo ali nalepko na zunanji ovojnini.</s>
<s id="s506.3">Osebe z znano preobčutljivostjo na valnemulin naj se izogibajo stiku z zdravilom.</s>
<s id="s506.4">Pri uporabi zdravila se lahko pojavijo določeni neželeni stranski učinki, predvsem pri prašičih pasme Danski in Švedski Landrace, pri njihovih križancih in predvsem pri mladih živalih zato je pri zdravljenju le- teh potrebna previdnost.</s>
<s id="s507.1">13.</s>
<s id="s507.2">POSEBNI VARNOSTNI UKREPI ZA ODSTRANJEVANJE NEPORABLJENEGA ZDRAVILA ALI ODPADNIH SNOVI, ČE OBSTAJAJO</s>
<s id="s508.1">Vsako neporabljeno zdravilo ali odpadne snovi, ki nastanejo iz teh zdravil, je treba odstraniti v skladu z nacionalnimi zahtevami.</s>
<s id="s509.1">34 14.</s>
<s id="s509.2">DATUM ZADNJE ODOBRITVE NAVODIL ZA UPORABO</s>
<s id="s510.1">Podrobne informacije o tem zdravilu za uporabo v veterinarski medicini so na voljo na spletni strani Evropske agencije za zdravila (European Medicines Agency, EMEA) http: // www. emea. europa. eu /.</s>
<s id="s511.1">15.</s>
<s id="s511.2">DRUGE INFORMACIJE</s>
<s id="s512.1">Valnemulin je antibiotik iz skupine pleuromutulinov, ki učinkujejo tako, da zavirajo sintezo proteinov bakterijskih ribosomov.</s>
<s id="s513.1">35 NAVODILO ZA UPORABO</s>
<s id="s514.1">Econor 50% premiks za medicirano krmo za prašiče</s>
<s id="s515.1">1.</s>
<s id="s515.2">IME IN NASLOV IMETNIKA DOVOLJENJA ZA PROMET Z ZDRAVILOM TER IMETNIKA DOVOLJENJA ZA PROIZVODNJO ZFRAVILA, ODGOVORNEGA ZA SPROSTITEV SERIJ V EGP, ČE STA RAZLIČNA</s>
<s id="s516.1">IMETNIK DOVOLJENJA ZA PROMET:</s>
<s id="s516.2">Novartis Animal Health Austria GmbH Biochemiestrasse 10 A- 6250 Kundl Austria</s>
<s id="s517.1">PROIZVAJALEC:</s>
<s id="s517.2">Sandoz GmbH Schaftenau Plant A- 6336 Langkampfen Austria</s>
<s id="s518.1">2.</s>
<s id="s518.2">IME ZDRAVILA ZA UPORABO V VETERINARSKI MEDICINI</s>
<s id="s519.1">Econor 50% premiks za medicirano krmo za prašiče</s>
<s id="s520.1">valnemulinijev klorid</s>
<s id="s521.1">3.</s>
<s id="s521.2">NAVEDBA ZDRAVILNE UČINKOVINE IN DRUGE( IH) SNOVI</s>
<s id="s522.1">Zdravilne učinkovine:</s>
<s id="s522.2">Valnemulin v obliki valnemulinijevega klorida 532. 5 mg/ g kar ustreza</s>
<s id="s523.1">500 mg/ g valnemulinske baze</s>
<s id="s524.1">Druge snovi:</s>
<s id="s524.2">Hipromeloza in puder</s>
<s id="s525.1">4.</s>
<s id="s525.2">INDIKACIJA( E)</s>
<s id="s526.1">Zdravljenje in preprečevanje driske pri prašičih.</s>
<s id="s526.2">Zdravljenje klinično manifestirani proliferativnih enteropatij (ileitis) pri prašičih.</s>
<s id="s526.3">Preprečevanje kolitisa pri prašičih, ki ga povzročajo spirohete, po predhodnem diagnosticiranju bolezni v čredi Zdravljenje in preprečevanje enzootske pljučnice pri prašičih.</s>
<s id="s526.4">Pri priporočenem odmerku 10- 12 mg/ kg telesne mase se zmanjšajo lezije v pljučih in telesna masa živali, infekcija z povzročiteljem Mycoplasma hyopneumoniae pa je eliminirana.</s>
<s id="s527.1">5.</s>
<s id="s527.2">KONTRAINDIKACIJE</s>
<s id="s528.1">Ne uporabite pri prašičih, ki so dobili pripravek na osnovi ionofosa.</s>
<s id="s528.2">Ne uporabite pri zajcih, ker je toksičen za to živalsko vrsto.</s>
<s id="s529.1">36 6.</s>
<s id="s529.2">NEŽELENI UČINKI</s>
<s id="s530.1">Uporaba pripravka Econor pri prašičih je v Evropski skupnosti pokazala različne neželene stranske učinke.</s>
<s id="s530.2">Poročali so o primeru iz leta 1999- 2000, ki se je pojavil v glavnem na Danskem in Švedskem, ter po en primer na Finskem in Irskem. V teh deželah je to obsegalo 0. 03 do 1. 76% vseh zdravljenih prašičev.</s>
<s id="s530.3">Na prizadetih farmah so se ti neželeni stranski učinki pojavili pri tretjini zdravljenih prašičev, pogin pa je bil 1%.</s>
<s id="s530.4">Prizadeti prašiči so imeli vročino in zmanjšan apetit, včasih se je pojavila nekoordiniranost in ataksija.</s>
<s id="s530.5">Nekaj teh prašičev je dobilo edeme in rdečico (posteriorno, distribucijsko) in palpebralne edeme. Reakcija je bila raziskovana v kontrolnem poskusu pri sumljivih živalih.</s>
<s id="s530.6">Pogin je znašal manj kot 1%, vendar bi lahko zaradi sekundarnih infekcij tudi narasel.</s>
<s id="s531.1">V primeru pojava neželenih stranskih učinkov je priporočljivo takoj prenehati z dajanjem zdravila. Prašiče je potrebno naseliti v suh in čist prostor ter jih zdraviti simptomatsko, vključno zdraviti tudi konkurenčno bolezen.</s>
<s id="s531.2">Epidemiološki pregled je pokazal, da obstaja povečano nagnjenje k nastanku stranskih učinkov pri posameznih pasmah prašičev - Danski in Švedski Landrace ter njihovi križanci, posebno mlade živali.</s>
<s id="s532.1">Valnemulin, dodan v hrano, živali dobro prenašajo, vendar lahko koncentracije nad 200 mg valnemulina/ kg krme zmanjšajo konzumacijo krme zaradi spremenjenega okusa, predvsem prve dni zdravljenja.</s>
<s id="s533.1">Če opazite kakšne stranske učinke zdravila, se posvetujte z veterinarjem.</s>
<s id="s534.1">7.</s>
<s id="s534.2">CILJNA ŽIVALSKA VRSTA</s>
<s id="s535.1">Prašiči</s>
<s id="s536.1">8.</s>
<s id="s536.2">ODMERKI ZA POSAMEZNE ŽIVALSKE VRSTE TER POT( I) IN NAČIN UPORABE ZDRAVILA</s>
<s id="s537.1">Zdravilo se daje v krmo.</s>
<s id="s538.1">Dnevni vnos krme je odvisen od zdravstvenega stanja živali. Da zagotovimo pravilen odmerek, moramo prilagoditi koncentracijo zdravila.</s>
<s id="s538.2">Vrednosti so lahko zmanjšane tudi zaradi starosti živali, ki konzumirajo manj hrane.</s>
<s id="s539.1">Indikacije</s>
<s id="s540.1">Odmerki</s>
<s id="s541.1">Aplikacijsko obdobje medicirane krme kot samostojne dnevne vrednosti</s>
<s id="s542.1">Aplikacija v krmo</s>
<s id="s543.1">Zdravljenje driske pri prašičih</s>
<s id="s544.1">3- 4 mg/ kg t. m. / dan</s>
<s id="s545.1">Najmanj 7 dni do 4 tedne, dokler znaki ne izginejo</s>
<s id="s546.1">Dodajanje 75 mg učinkovine/ kg krme:</s>
<s id="s546.2">Econor 50% - 150 mg/ kg krme</s>
<s id="s547.1">Te vrednosti so učinkovite pri zdravljenju kliničnih znakov bolezni; za popolno eliminacijo infekcije pa je potreben daljši čas zdravljenja in večje koncentracije zdravila.</s>
<s id="s547.2">Zgodnje odkritje bolezni je zelo pomembno, saj se le- tako lahko prepreči večji izbruh in širjenje Če ni rezultatov po 5 dneh zdravljenja, je potrebno ponovno diagnosticirati obolenje.</s>
<s id="s548.1">37 Indikacije</s>
<s id="s549.1">Odmerki</s>
<s id="s550.1">Aplikacijsko obdobje medicirane krme kot samostojne dnevne vrednosti</s>
<s id="s551.1">Aplikacija v krmo</s>
<s id="s552.1">Zdravljenje</s>
<s id="s553.1">3- 4 mg/ kg</s>
<s id="s554.1">2 tedna ali dokler</s>
<s id="s555.1">Dodajanje 75 mg učinkovine/ kg</s>
<s id="s556.1">proliferativne enteropatije (ileitis) pri prašičih</s>
<s id="s557.1">t. m. / dan</s>
<s id="s558.1">znaki ne izginejo</s>
<s id="s559.1">krme:</s>
<s id="s559.2">Econor 50% - 150 mg/ kg krme</s>
<s id="s560.1">Te vrednosti so učinkovite pri zdravljenju kliničnih znakov bolezni; za popolno eliminacijo infekcije pa je potreben daljši čas zdravljenja in večje koncentracije zdravila.</s>
<s id="s560.2">Zgodnje odkritje bolezni je zelo pomembno, saj se le- tako lahko prepreči večji izbruh in širjenje proliferativnih enteropatij Če ni rezultatov po 5 dneh zdravljenja, je potrebno ponovno diagnosticirati obolenje.</s>
<s id="s560.3">Nekaj živali, ki niso odreagirale na zdravljenje znotraj 3- 5 dni je potrebno zdraviti parenteralno.</s>
<s id="s561.1">Indikacije Preprečevanje</s>
<s id="s562.1">Odmerki</s>
<s id="s563.1">Aplikacijsko obdobje medicirane krme kot samostojne dnevne vrednosti</s>
<s id="s564.1">Aplikacija v krmo Dodajanje 25 mg učinkovine/ kg krme:</s>
<s id="s565.1">- Driske pri prašičih - Kliničnih znakov kolitisa pri prašičih, ki</s>
<s id="s566.1">1. 0- 1. 5 mg/ kg t. m. / dan</s>
<s id="s567.1">Najmanj 7 dni do 4 tednov</s>
<s id="s568.1">Econor 50% - 50 mg/ kg krme</s>
<s id="s569.1">ga povzročajo spirohete</s>
<s id="s570.1">4 tedne</s>
<s id="s571.1">Da se izognemo predolgi uporabi valnemulina za prevencijo bolezni, je potrebno izvajati redno čiščenje in dezinfekcijo.</s>
<s id="s571.2">Treba je biti pozoren na eradikacijo infekcije iz območja farm.</s>
<s id="s572.1">Indikacije Preprečevanje in zdravljenje</s>
<s id="s573.1">Odmerki</s>
<s id="s574.1">Aplikacijsko obdobje medicirane krme kot samostojne dnevne vrednosti</s>
<s id="s575.1">Aplikacija v krmo Dodajanje 200 mg učinkovine/ kg krme:</s>
<s id="s575.2">Econor 50% - 400 mg g/ kg krme</s>
<s id="s576.1">- Enzootske pljučnice pri prašičih</s>
<s id="s577.1">10- 12 mg/ kg t. m. / dan</s>
<s id="s578.1">Do 3 tedne</s>
<s id="s579.1">Enzootsko pljučnico lahko zelo komplicirajo sekundarne infekcije, ki jih povzročijo Pasteurella multocida in Actinobacillus pleuropneumoniae</s>
<s id="s580.1">9.</s>
<s id="s580.2">NASVET O PRAVILNI UPORABI ZDRAVILA</s>
<s id="s581.1">Navodilo za pripravo mešanice:</s>
<s id="s582.1">mg Econor 50% premiks/ kg krme = priporočen odmerek( mg/ kg) x 2 x telesna masa (kg) / količino dnevnega vnosa krme (kg)</s>
<s id="s583.1">Pripravek je stabilen v procesu peletiranja pri 75° C. Izogibajte se pre agresivnemu postopku peletiranja kot sta temperatura nad 80° C in uporaba abrazivnih substanc.</s>
<s id="s584.1">38 Da dosežemo dobro homogenizacijo mešanice se priporoča uporaba pre- mešanice. Priporočena količina produkta se lahko temeljito zmešana s krmo podobnih fizikalnih lastnosti (npr. povprečna pšenica) v razmerju:</s>
<s id="s584.2">1 del Econor 50% premiks na 20 delov krmne vsebnosti.</s>
<s id="s585.1">Pozornost bo namenjena uradnemu navodilu za pripravo mediciranega premiksa.</s>
<s id="s586.1">10.</s>
<s id="s586.2">KARENCA</s>
<s id="s587.1">Meso in organi 1 dan</s>
<s id="s588.1">11.</s>
<s id="s588.2">POSEBNA NAVODILA ZA SHRANJEVANJE</s>
<s id="s589.1">Shranjujte nedosegljivo otrokom.</s>
<s id="s590.1">Zdravilo shranjujte nedosegljivo otrokom.</s>
<s id="s591.1">Shranjujte pri temperaturi do 25°C.</s>
<s id="s591.2">Shranjujte v originalnem vsebniku..</s>
<s id="s591.3">Načet vsebnik shranjujte tesno zaprt.</s>
<s id="s592.1">Rok uporabnosti:</s>
<s id="s592.2">Rok uporabnosti zdravila v pakiranju za prodajo:</s>
<s id="s592.3">5 leta Rok uporabnosti zdravila po dodajanju v mleto krmo in zaščiteno pred svetlobo in vlago:</s>
<s id="s592.4">3 mesece Rok uporabnosti zdravila po dodajanju v peletirano krmo in zaščiteno pred svetlobo in vlago:</s>
<s id="s592.5">3 tedne</s>
<s id="s593.1">12.</s>
<s id="s593.2">POSEBNA OPOZORILA</s>
<s id="s594.1">Valnemulin je pokazal določeno interakcijo z ionofori, kot so monenzin, salinomicin in narazin in lahko pripelje do zastrupitev.</s>
<s id="s594.2">Živali naj ne dobijajo 5 dni pred in 5 dni po končanem zdravljenju z valnemulinom zdravil, ki vsebujejo monenzin, salinomicin ali narazin.</s>
<s id="s594.3">Pojavijo se lahko zaostajanje v rasti, ataksija, paraliza ali pogin.</s>
<s id="s595.1">Z laboratorijskimi študijami pri podganah in miših niso bili dokazani teratogeni učinki; varna uporaba pri brejih in doječih svinjah ni bila dokazana.</s>
<s id="s596.1">Pri pripravi krmne mešanice in pri hranjenju živali je potrebna previdnost, da zdravilo ne pride v direkten stik s kožo ali sluznicami.</s>
<s id="s596.2">V primeru nenamernega zaužitja se takoj posvetujte z zdravnikom in mu pokažite navodilo za uporabo ali nalepko na zunanji ovojnini.</s>
<s id="s596.3">Osebe z znano preobčutljivostjo na valnemulin naj se izogibajo stiku z zdravilom.</s>
<s id="s596.4">Pri uporabi zdravila se lahko pojavijo določeni neželeni stranski učinki, predvsem pri prašičih pasme Danski in Švedski Landrace, pri njihovih križancih in predvsem pri mladih živalih zato je pri zdravljenju le- teh potrebna previdnost.</s>
<s id="s597.1">13.</s>
<s id="s597.2">POSEBNI VARNOSTNI UKREPI ZA ODSTRANJEVANJE NEPORABLJENEGA ZDRAVILA ALI ODPADNIH SNOVI, ČE OBSTAJAJO</s>
<s id="s598.1">Vsako neporabljeno zdravilo ali odpadne snovi, ki nastanejo iz teh zdravil, je treba odstraniti v skladu z nacionalnimi zahtevami.</s>
<s id="s599.1">39 14.</s>
<s id="s599.2">DATUM ZADNJE ODOBRITVE NAVODIL ZA UPORABO</s>
<s id="s600.1">Podrobne informacije o tem zdravilu za uporabo v veterinarski medicini so na voljo na spletni strani Evropske agencije za zdravila (European Medicines Agency, EMEA) http: // www. emea. europa. eu /.</s>
<s id="s601.1">15.</s>
<s id="s601.2">DRUGE INFORMACIJE</s>
<s id="s602.1">Valnemulin je antibiotik iz skupine pleuromutulinov, ki učinkujejo tako, da zavirajo sintezo proteinov bakterijskih ribosomov.</s>
<s id="s603.1">40 NAVODILO ZA UPORABO</s>
<s id="s604.1">1.</s>
<s id="s604.2">IME IN NASLOV IMETNIKA DOVOLJENJA ZA PROMET Z ZDRAVILOM TER IMETNIKA DOVOLJENJA ZA PROIZVODNJO ZFRAVILA, ODGOVORNEGA ZA SPROSTITEV SERIJ V EGP, ČE STA RAZLIČNA</s>
<s id="s605.1">IMETNIK DOVOLJENJA ZA PROMET:</s>
<s id="s605.2">Novartis Animal Health Austria GmbH Biochemiestrasse 10 A- 6250 Kundl Austria</s>
<s id="s606.1">PROIZVAJALEC:</s>
<s id="s606.2">Novartis Sante AnimaleS. A. S.</s>
<s id="s606.3">Usine de Huningue 26, rue de la Chapelle F- 68332 Huningue Cedex France</s>
<s id="s607.1">2.</s>
<s id="s607.2">IME ZDRAVILA ZA UPORABO V VETERINARSKI MEDICINI</s>
<s id="s608.1">Econor 0. 5% premiks za medicirano krmo za prašiče</s>
<s id="s609.1">valnemulinijev klorid</s>
<s id="s610.1">3.</s>
<s id="s610.2">NAVEDBA ZDRAVILNE UČINKOVINE IN DRUGE( IH) SNOVI</s>
<s id="s611.1">Zdravilne učinkovine:</s>
<s id="s611.2">Valnemulin v obliki valnemulinijevega klorida 5. 325 mg/ g kar ustreza</s>
<s id="s612.1">5 mg/ g valnemulinske baze</s>
<s id="s613.1">Druge snovi:</s>
<s id="s613.2">Hipromeloza</s>
<s id="s614.1">in puder; kloidni anhidrozni silicij; izopropilni miristat; laktoza</s>
<s id="s615.1">4.</s>
<s id="s615.2">INDIKACIJA( E)</s>
<s id="s616.1">Zdravljenje in preprečevanje driske pri prašičih.</s>
<s id="s616.2">Zdravljenje klinično manifestirani proliferativnih enteropatij (ileitis) pri prašičih.</s>
<s id="s616.3">Preprečevanje kolitisa pri prašičih, ki ga povzročajo spirohete, po predhodnem diagnosticiranju bolezni v čredi</s>
<s id="s617.1">5.</s>
<s id="s617.2">KONTRAINDIKACIJE</s>
<s id="s618.1">Ne uporabite pri prašičih, ki so dobili pripravek na osnovi ionofosa.</s>
<s id="s618.2">Ne uporabite pri zajcih, ker je toksičen za to živalsko vrsto.</s>
<s id="s619.1">41 6.</s>
<s id="s619.2">NEŽELENI UČINKI</s>
<s id="s620.1">Uporaba pripravka Econor pri prašičih je v Evropski skupnosti pokazala različne neželene stranske učinke.</s>
<s id="s620.2">Poročali so o primeru iz leta 1999- 2000, ki se je pojavil v glavnem na Danskem in Švedskem, ter po en primer na Finskem in Irskem. V teh deželah je to obsegalo 0. 03 do 1. 76% vseh zdravljenih prašičev.</s>
<s id="s620.3">Na prizadetih farmah so se ti neželeni stranski učinki pojavili pri tretjini zdravljenih prašičev, pogin pa je bil 1%.</s>
<s id="s620.4">Prizadeti prašiči so imeli vročino in zmanjšan apetit, včasih se je pojavila nekoordiniranost in ataksija.</s>
<s id="s620.5">Nekaj teh prašičev je dobilo edeme in rdečico (posteriorno, distribucijsko) in palpebralne edeme. Reakcija je bila raziskovana v kontrolnem poskusu pri sumljivih živalih.</s>
<s id="s620.6">Pogin je znašal manj kot 1%, vendar bi lahko zaradi sekundarnih infekcij tudi narasel.</s>
<s id="s621.1">V primeru pojava neželenih stranskih učinkov je priporočljivo takoj prenehati z dajanjem zdravila. Prašiče je potrebno naseliti v suh in čist prostor ter jih zdraviti simptomatsko, vključno zdraviti tudi konkurenčno bolezen.</s>
<s id="s621.2">Epidemiološki pregled je pokazal, da obstaja povečano nagnjenje k nastanku stranskih učinkov pri posameznih pasmah prašičev - Danski in Švedski Landrace ter njihovi križanci, posebno mlade živali.</s>
<s id="s622.1">Valnemulin, dodan v hrano, živali dobro prenašajo, vendar lahko koncentracije nad 200 mg valnemulina/ kg krme zmanjšajo konzumacijo krme zaradi spremenjenega okusa, predvsem prve dni zdravljenja.</s>
<s id="s623.1">Če opazite kakšne stranske učinke zdravila, se posvetujte z veterinarjem.</s>
<s id="s624.1">7.</s>
<s id="s624.2">CILJNA ŽIVALSKA VRSTA</s>
<s id="s625.1">Prašiči</s>
<s id="s626.1">8.</s>
<s id="s626.2">ODMERKI ZA POSAMEZNE ŽIVALSKE VRSTE TER POT( I) IN NAČIN UPORABE ZDRAVILA</s>
<s id="s627.1">Zdravilo se daje v krmo.</s>
<s id="s628.1">Dnevni vnos krme je odvisen od zdravstvenega stanja živali. Da zagotovimo pravilen odmerek, moramo prilagoditi koncentracijo zdravila.</s>
<s id="s628.2">Vrednosti so lahko zmanjšane tudi zaradi starosti živali, ki konzumirajo manj hrane.</s>
<s id="s629.1">Indikacije</s>
<s id="s630.1">Odmerki</s>
<s id="s631.1">Aplikacijsko obdobje medicirane krme kot samostojne dnevne vrednosti</s>
<s id="s632.1">Aplikacija v krmo</s>
<s id="s633.1">Zdravljenje driske pri prašičih</s>
<s id="s634.1">3- 4 mg/ kg t. m. / dan</s>
<s id="s635.1">Najmanj 7 dni do 4 tedne, dokler znaki ne izginejo</s>
<s id="s636.1">Dodajanje 75 mg učinkovine/ kg krme:</s>
<s id="s636.2">Econor 0. 5% - 15 g/ kg krme</s>
<s id="s637.1">Te vrednosti so učinkovite pri zdravljenju kliničnih znakov bolezni; za popolno eliminacijo infekcije pa je potreben daljši čas zdravljenja in večje koncentracije zdravila.</s>
<s id="s637.2">Zgodnje odkritje bolezni je zelo pomembno, saj se le- tako lahko prepreči večji izbruh in širjenje Če ni rezultatov po 5 dneh zdravljenja, je potrebno ponovno diagnosticirati obolenje.</s>
<s id="s638.1">42 Indikacije</s>
<s id="s639.1">Odmerki</s>
<s id="s640.1">Aplikacijsko obdobje medicirane krme kot samostojne dnevne vrednosti</s>
<s id="s641.1">Aplikacija v krmo</s>
<s id="s642.1">Zdravljenje</s>
<s id="s643.1">3- 4 mg/ kg</s>
<s id="s644.1">2 tedna ali dokler</s>
<s id="s645.1">Dodajanje 75 mg učinkovine/ kg</s>
<s id="s646.1">proliferativne enteropatije (ileitis) pri prašičih</s>
<s id="s647.1">t. m. / dan</s>
<s id="s648.1">znaki ne izginejo</s>
<s id="s649.1">krme:</s>
<s id="s649.2">Econor 0. 5% - 15 g / kg krme</s>
<s id="s650.1">Te vrednosti so učinkovite pri zdravljenju kliničnih znakov bolezni; za popolno eliminacijo infekcije pa je potreben daljši čas zdravljenja in večje koncentracije zdravila.</s>
<s id="s650.2">Zgodnje odkritje bolezni je zelo pomembno, saj se le- tako lahko prepreči večji izbruh in širjenje proliferativnih enteropatij Če ni rezultatov po 5 dneh zdravljenja, je potrebno ponovno diagnosticirati obolenje.</s>
<s id="s650.3">Nekaj živali, ki niso odreagirale na zdravljenje znotraj 3- 5 dni je potrebno zdraviti parenteralno.</s>
<s id="s651.1">Indikacije Preprečevanje</s>
<s id="s652.1">Odmerki</s>
<s id="s653.1">Aplikacijsko obdobje medicirane krme kot samostojne dnevne vrednosti</s>
<s id="s654.1">Aplikacija v krmo Dodajanje 25 mg učinkovine/ kg krme:</s>
<s id="s655.1">- Driske pri prašičih - Kliničnih znakov</s>
<s id="s656.1">1. 0- 1. 5 mg/ kg t. m. / dan</s>
<s id="s657.1">Najmanj 7 dni do 4 tednov</s>
<s id="s658.1">Econor 0. 5% - 5 g / kg krme</s>
<s id="s659.1">kolitisa pri prašičih, ki ga povzročajo spirohete</s>
<s id="s660.1">4 tedne</s>
<s id="s661.1">Da se izognemo predolgi uporabi valnemulina za prevencijo bolezni, je potrebno izvajati redno čiščenje in dezinfekcijo.</s>
<s id="s661.2">Treba je biti pozoren na eradikacijo infekcije iz območja farm.</s>
<s id="s662.1">9.</s>
<s id="s662.2">NASVET O PRAVILNI UPORABI ZDRAVILA</s>
<s id="s663.1">Navodilo za pripravo mešanice:</s>
<s id="s664.1">mg Econor 0. 5% premiks/ kg krme = priporočen odmerek( mg/ kg) x 200 x telesna masa (kg) / količino dnevnega vnosa krme (kg) Pripravek je stabilen v procesu peletiranja pri 75° C. Izogibajte se pre agresivnemu postopku peletiranja kot sta temperatura nad 80° C in uporaba abrazivnih substanc.</s>
<s id="s665.1">Pozornost bo namenjena uradnemu navodilu za pripravo mediciranega premiksa.</s>
<s id="s666.1">10.</s>
<s id="s666.2">KARENCA</s>
<s id="s667.1">Meso in organi 1 dan</s>
<s id="s668.1">43 11.</s>
<s id="s668.2">POSEBNA NAVODILA ZA SHRANJEVANJE</s>
<s id="s669.1">Zdravilo shranjujte nedosegljivo otrokom.</s>
<s id="s670.1">Shranjujte pri temperaturi do 25°C.</s>
<s id="s670.2">Shranjujte v originalnem vsebniku..</s>
<s id="s670.3">Načet vsebnik shranjujte tesno zaprt.</s>
<s id="s671.1">Rok uporabnosti:</s>
<s id="s671.2">Rok uporabnosti zdravila v pakiranju za prodajo:</s>
<s id="s671.3">3 leta Rok uporabnosti zdravila po dodajanju v mleto krmo in zaščiteno pred svetlobo in vlago:</s>
<s id="s671.4">3 mesece Rok uporabnosti zdravila po dodajanju v peletirano krmo in zaščiteno pred svetlobo in vlago:</s>
<s id="s671.5">3 tedne</s>
<s id="s672.1">12.</s>
<s id="s672.2">POSEBNA OPOZORILA</s>
<s id="s673.1">Valnemulin je pokazal določeno interakcijo z ionofori, kot so monenzin, salinomicin in narazin in lahko pripelje do zastrupitev.</s>
<s id="s673.2">Živali naj ne dobijajo 5 dni pred in 5 dni po končanem zdravljenju z valnemulinom zdravil, ki vsebujejo monenzin, salinomicin ali narazin.</s>
<s id="s673.3">Pojavijo se lahko zaostajanje v rasti, ataksija, paraliza ali pogin.</s>
<s id="s674.1">Z laboratorijskimi študijami pri podganah in miših niso bili dokazani teratogeni učinki; varna uporaba pri brejih in doječih svinjah ni bila dokazana.</s>
<s id="s675.1">Pri pripravi krmne mešanice in pri hranjenju živali je potrebna previdnost, da zdravilo ne pride v direkten stik s kožo ali sluznicami.</s>
<s id="s675.2">V primeru nenamernega zaužitja se takoj posvetujte z zdravnikom in mu pokažite navodilo za uporabo ali nalepko na zunanji ovojnini.</s>
<s id="s675.3">Osebe z znano preobčutljivostjo na valnemulin naj se izogibajo stiku z zdravilom.</s>
<s id="s675.4">Pri uporabi zdravila se lahko pojavijo določeni neželeni stranski učinki, predvsem pri prašičih pasme Danski in Švedski Landrace, pri njihovih križancih in predvsem pri mladih živalih zato je pri zdravljenju le- teh potrebna previdnost.</s>
<s id="s676.1">13.</s>
<s id="s676.2">POSEBNI VARNOSTNI UKREPI ZA ODSTRANJEVANJE NEPORABLJENEGA ZDRAVILA ALI ODPADNIH SNOVI, ČE OBSTAJAJO</s>
<s id="s677.1">Vsako neporabljeno zdravilo ali odpadne snovi, ki nastanejo iz teh zdravil, je treba odstraniti v skladu z nacionalnimi zahtevami.</s>
<s id="s678.1">14.</s>
<s id="s678.2">DATUM ZADNJE ODOBRITVE NAVODIL ZA UPORABO</s>
<s id="s679.1">Podrobne informacije o tem zdravilu za uporabo v veterinarski medicini so na voljo na spletni strani Evropske agencije za zdravila (European Medicines Agency, EMEA) http: // www. emea. europa. eu /.</s>
<s id="s680.1">15.</s>
<s id="s680.2">DRUGE INFORMACIJE</s>
<s id="s681.1">Valnemulin je antibiotik iz skupine pleuromutulinov, ki učinkujejo tako, da zavirajo sintezo proteinov bakterijskih ribosomov.</s>
<s id="s682.1">44</s>
</body>
</letsmt>
