<?xml version="1.0" encoding="utf-8"?>
<letsmt version="1.0">
<head></head>
<body>
<s id="s1.1">European Medicines Agency Veterinary Medicines</s>
<s id="s2.1">EMEA/ V/ C/ 068</s>
<s id="s3.1">EUROPEAN PUBLIC ASSESSMENT REPORT (EPAR)</s>
<s id="s4.1">NOBIVAC BB</s>
<s id="s5.1">EPAR summary for the public</s>
<s id="s6.1">This document is a summary of the European Public Assessment Report.</s>
<s id="s6.2">Its purpose is to explain how the assessment done by the Committee for Medicinal Products for Veterinary Use (CVMP) on the basis of the documentation provided, led to the recommendations on the conditions of use.</s>
<s id="s6.3">This document cannot replace a face-to-face discussion with your veterinarian.</s>
<s id="s6.4">If you need more information about your animal’ s medical condition or treatment, contact your veterinarian.</s>
<s id="s6.5">If you want more information on the basis of the CVMP recommendations, read the Scientific Discussion (also part of the EPAR).</s>
<s id="s7.1">What is Nobivac Bb?</s>
<s id="s8.1">Nobivac Bb is a vaccine that contains a live bacterium Bordetella bronchiseptica strain B-C2.</s>
<s id="s8.2">Nobivac Bb is a dry substance and solvent that are made up into a suspension, which is given via the nose.</s>
<s id="s9.1">What is Nobivac Bb used for?</s>
<s id="s10.1">Nobivac Bb is used to vaccinate cats aged one month or older against the disease (a flu-like illness) caused by the bacterium B. bronchiseptica.</s>
<s id="s10.2">Cats are vaccinated by giving a 0.2-ml dose into one nostril.</s>
<s id="s10.3">Immunity against infection is usually established after around three days and lasts for up to a year.</s>
<s id="s11.1">How does Nobivac Bb work?</s>
<s id="s12.1">Nobivac Bb is a vaccine.</s>
<s id="s12.2">Vaccines work by ‘ teaching’ the immune system (the body’ s natural defences) how to defend itself against diseases.</s>
<s id="s12.3">Nobivac Bb contains a type of live B. bronchiseptica called strain B-C2.</s>
<s id="s12.4">When a cat is given the vaccine, the immune system recognises the bacteria as ‘ foreign’ and makes a special type of antibodies against them.</s>
<s id="s12.5">In the future, the immune system will be able to produce these antibodies more quickly when it is again exposed to the bacteria.</s>
<s id="s12.6">The live bacterium strain included in Nobivac Bb differs from other types of B. bronchiseptica because it is missing certain molecules and is therefore less likely to cause disease.</s>
<s id="s12.7">This makes it suitable for use in a vaccine.</s>
<s id="s12.8">Vaccines against B. bronchiseptica that are administered through the nose are also used in dogs.</s>
<s id="s13.1">7 Westferry Circus, Canary Wharf, London E14 4HB, UK Tel.</s>
<s id="s13.2">(44-20) 74 18 84 00 Fax (44-20) 74 18 84 16 E-mail: mail@emea. europa. eu http: / /www. emea. europa. eu ©EMEA 2007 Reproduction and/ or distribution of this document is authorised for non commercial purposes only provided the EMEA is acknowledged How has Nobivac Bb been studied?</s>
<s id="s14.1">The effectiveness of Nobivac Bb was investigated in three main studies involving cats of various breeds.</s>
<s id="s14.2">The cats were vaccinated with Nobivac Bb before being challenged by being exposed to wild-type B. bronchiseptica.</s>
<s id="s14.3">Nobivac Bb was the first live B. bronchiseptica vaccine licensed for use in cats.</s>
<s id="s15.1">What benefit has Nobivac Bb shown during the studies?</s>
<s id="s16.1">The main studies showed that Nobivac Bb was effective in reducing the symptoms caused by B. bronchiseptica.</s>
<s id="s17.1">What is the risk associated with Nobivac Bb?</s>
<s id="s18.1">Occasional side effects include sneezing, coughing and a mild and temporary discharge from the eyes or nose.</s>
<s id="s18.2">In animals that show more severe signs, treatment with an antibiotic may be necessary.</s>
<s id="s19.1">What are the precautions for the person who gives the medicine or comes into contact with the animal?</s>
<s id="s20.1">The vaccine may be administered by veterinarians only.</s>
<s id="s20.2">In case of accidental administration to people seek medical advice immediately and show the Package Leaflet or label to the doctor.</s>
<s id="s20.3">Although the risk for people with weak immune systems becoming infected with B. bronchiseptica is extremely low, it is advised that cats which are in close contact with such people are not vaccinated with Nobivac Bb, since they can shed the bacteria intermittently for up to a year after vaccination.</s>
<s id="s21.1">Why has Nobivac Bb been approved?</s>
<s id="s22.1">The Committee for Medicinal Products for Veterinary Use (CVMP) concluded that the benefits of Nobivac Bb exceed the risks of its use.</s>
<s id="s22.2">The benefit-risk balance may be found in module 6 of this EPAR.</s>
<s id="s23.1">Other information about Nobivac Bb:</s>
<s id="s24.1">The European Commission granted a marketing authorisation valid throughout the European Union for Nobivac Bb to Intervet International B. V. on 10 September 2002.</s>
<s id="s24.2">The marketing authorisation was renewed on 25 September 2007.</s>
<s id="s24.3">Information on the prescription status of this product may be found on the label/ outer package.</s>
<s id="s25.1">This summary was last updated on 25 September 2007.</s>
<s id="s26.1">Page 2/ 2 ©EMEA 2007</s>
</body>
</letsmt>
