<?xml version="1.0" encoding="utf-8"?>
<letsmt version="1.0">
<head></head>
<body>
<s id="s1.1">European Medicines Agency Veterinary Medicines</s>
<s id="s2.1">EMEA/ V/ C/ 142</s>
<s id="s3.1">EUROPEAN PUBLIC ASSESSMENT REPORT (EPAR)</s>
<s id="s4.1">EQUIOXX</s>
<s id="s5.1">EPAR summary for the public</s>
<s id="s6.1">This document is a summary of the European Public Assessment Report.</s>
<s id="s6.2">Its purpose is to explain how the assessment done by the Committee for Medicinal Products for Veterinary Use (CVMP) on the basis of the documentation provided, led to the recommendations on the conditions of use.</s>
<s id="s6.3">This document cannot replace a face-to-face discussion with your veterinarian.</s>
<s id="s6.4">If you need more information about your animal’ s medical condition or treatment, contact your veterinarian.</s>
<s id="s6.5">If you want more information on the basis of the CVMP recommendations, read the Scientific Discussion (also part of the EPAR).</s>
<s id="s7.1">What is EQUIOXX?</s>
<s id="s7.2">EQUIOXX contains the active substance firocoxib in an oral paste for horses (8.2 mg/ g).</s>
<s id="s7.3">This medicine is the same as Previcox oral paste for horses, which is already authorised in the European Union.</s>
<s id="s7.4">The company that makes Previcox has agreed that its scientific data can be used for EQUIOXX.</s>
<s id="s8.1">What is EQUIOXX used for?</s>
<s id="s8.2">EQUIOXX is used to relieve the symptoms of osteoarthritis (swelling and pain in the joints) and reduce the lameness that is associated with the disease in horses.</s>
<s id="s9.1">The dose is 0.1 mg firocoxib per kg bodyweight, given once a day.</s>
<s id="s9.2">EQUIOXX is presented as a paste with a special syringe that allows the right amount of medicine to be drawn and given directly into the horse’ s mouth.</s>
<s id="s9.3">The duration of treatment will depend on the horse’ s response, but should not exceed 14 days.</s>
<s id="s10.1">How does EQUIOXX work?</s>
<s id="s10.2">The active substance in EQUIOXX, firocoxib, is a non-steroidal anti-inflammatory drug (NSAID) that belongs to the group of medicines called ‘ cyclo-oxygenase-2 (COX-2) inhibitors’ (or Coxibs).</s>
<s id="s10.3">It blocks the COX-2 enzyme, resulting in a reduction in the production of prostaglandins, substances that are involved in the inflammation process.</s>
<s id="s10.4">By reducing the production of prostaglandins, EQUIOXX helps reduce the symptoms of inflammation, including pain.</s>
<s id="s11.1">How has EQUIOXX been studied?</s>
<s id="s11.2">EQUIOXX has been studied in laboratory animals, as well as in horses that were treated in various veterinary practices/ clinics across Europe (“ clinical studies”).</s>
<s id="s12.1">Two multi-centre studies were conducted (one in the USA and one in Europe) to compare the efficacy, safety and acceptability of firocoxib under field conditions with that of phenybutazone (in the USA) or vedaprofen (in Europe).</s>
<s id="s12.2">The studies looked at the 7 Westferry Circus, Canary Wharf, London E14 4HB, UK Tel.</s>
<s id="s12.3">(44-20) 74 18 84 00 Fax (44-20) 74 18 84 47 E-mail: mail@emea. europa. eu http: / /www. emea. europa. eu</s>
<s id="s13.1">© European Medicines Agency, 2008.</s>
<s id="s13.2">Reproduction is authorised provided the source is acknowledged. effectiveness of the medicine in improving lameness, pain on manipulation/ palpation, joint swelling and ability to move.</s>
<s id="s14.1">What benefit has EQUIOXX shown during the studies?</s>
<s id="s14.2">EQUIOXX oral paste administered once daily for 14 days at a dose of 0.1 mg/ kg improved clinical scores for lameness and soft tissue injuries in horses and also helped relieve pain and inflammation associated with osteoarthritis in horses.</s>
<s id="s15.1">What are the side-effects of EQUIOXX?</s>
<s id="s15.2">The side effects of EQUIOXX are typical for those seen with other medicines in this class (NSAIDs) such as oral lesions (tissue damage) in the mouth of horses, soft faeces/ diarrhoea or lethargy (unresponsiveness).</s>
<s id="s15.3">These reactions are generally temporary and reversible when the treatment is stopped.</s>
<s id="s16.1">EQUIOXX must not be administered with corticosteroids or other NSAIDs.</s>
<s id="s16.2">Care should also be taken when used with medicines which have an effect on the kidney such as diuretics.</s>
<s id="s17.1">What are the precautions for the person who gives the medicine or comes into contact with the animal?</s>
<s id="s17.2">Wash hands after use of the product.</s>
<s id="s17.3">Avoid contact with eyes and skin.</s>
<s id="s17.4">Women of child-bearing age should avoid contact with, or wear disposable gloves, when administering the product.</s>
<s id="s17.5">In case of accidental ingestion, seek medical advice immediately and show the package leaflet or the label to the physician.</s>
<s id="s18.1">What is the time to allow before a horse can be slaughtered and the meat used for human consumption (withdrawal period)?</s>
<s id="s18.2">After the last day of treatment with EQUIOXX, horses should not be slaughtered for 26 days.</s>
<s id="s18.3">The use of EQUIOXX is not permitted in mares producing milk for human consumption.</s>
<s id="s19.1">Why has EQUIOXX been approved?</s>
<s id="s19.2">The Committee for Medicinal Products for Veterinary Use (CVMP) concluded that the benefits of EQUIOXX exceed the risks for the treatment of relief of pain and inflammation in horses and recommended that EQUIOXX be given a marketing authorisation.</s>
<s id="s19.3">The benefit-risk balance may be found in module 6 of this EPAR.</s>
<s id="s20.1">Other information about EQUIOXX:</s>
<s id="s20.2">The European Commission granted the marketing authorisation valid throughout the European Union, for EQUIOXX to Merial on 25/ 06/ 2008.</s>
<s id="s20.3">Information on the prescription status of this product may be found on the label/ outer package.</s>
<s id="s21.1">This summary was last updated in June 2008.</s>
<s id="s22.1">Page 2/ 2</s>
</body>
</letsmt>
