<?xml version="1.0" encoding="utf-8"?>
<letsmt version="1.0">
<head></head>
<body>
<s id="s1.1">EU Number</s>
<s id="s2.1">Name</s>
<s id="s3.1">Strength</s>
<s id="s4.1">Pharmaceutical form</s>
<s id="s5.1">Target species</s>
<s id="s6.1">Route of administration</s>
<s id="s7.1">Packaging</s>
<s id="s8.1">Content</s>
<s id="s9.1">Package size</s>
<s id="s10.1">Withdrawal period</s>
<s id="s11.1">EU/ 2/ 08/ 083/ 001</s>
<s id="s12.1">EQUIOXX</s>
<s id="s13.1">8.2mg/ g</s>
<s id="s14.1">Oral paste</s>
<s id="s15.1">Horses</s>
<s id="s16.1">Oral use</s>
<s id="s17.1">Pre-filled syringe (PP)</s>
<s id="s18.1">7.32 g</s>
<s id="s19.1">1 pre-filled syringe</s>
<s id="s20.1">Meat and offal:</s>
<s id="s20.2">26 days</s>
<s id="s21.1">1/ 1</s>
</body>
</letsmt>
