<?xml version="1.0" encoding="utf-8"?>
<letsmt version="1.0">
<head></head>
<body>
<s id="s1.1">European Medicines Agency Evaluation of Medicines for Human Use</s>
<s id="s2.1">London, 6. oktober 2008 Sklic na dok.</s>
<s id="s2.2">EMEA/ CHMP/ 541636/ 2008</s>
<s id="s3.1">ODBOR ZA ZDRAVILA ZA UPORABO V HUMANI MEDICINI (CHMP)</s>
<s id="s4.1">MNENJE V ZVEZI Z NAPOTITVIJO V SKLADU S ČLENOM 30 ZA zdravilo Zyrtec in z njim povezana imena</s>
<s id="s5.1">Mednarodno nelastniško ime (INN): cetirizin</s>
<s id="s6.1">OSNOVNE INFORMACIJE</s>
<s id="s7.1">Zyrtec in z njim povezana imena, 10- miligramske filmsko obložene tablete, 10 mg/ ml peroralne kapljice, 1 mg/ ml peroralna raztopina, je protialergijsko zdravilo, namenjeno za lajšanje nosnih in očesnih simptomov sezonskega in celoletnega alergijskega rinitisa ter lajšanje simptomov kronične idiopatske utikarije (bolezni kože, ki jo povzroča alergija in katere simptomi vključujejo srbenje in izpuščaje).</s>
<s id="s8.1">Komisija je dne 9. oktobra 2007 agenciji EMEA predložila napotitev v skladu s členom 30 Direktive 2001/ 83/ ES, kakor je bila spremenjena, da bi uskladila na nacionalni ravni odobrene povzetke glavnih značilnosti zdravila (SPC), označevanja in navodila za uporabo zdravila Zyrtec in z njim povezana imena.</s>
<s id="s9.1">Podlaga za napotitev so bila razhajanja med povzetki glavnih značilnosti zdravila (SPC) Zyrtec in z njim povezana imena, ki so bili odobreni v vseh državah članicah EU, zlasti v zvezi z indikacijami, odmerjanjem, kontraindikacijami in posebnimi opozorili.</s>
<s id="s10.1">Zdravilo spada na seznam zdravil iz leta 2007, katerih povzetke glavnih značilnosti zdravila je treba uskladiti.</s>
<s id="s11.1">Postopek se je začel dne 18. oktobra 2007.</s>
<s id="s11.2">Imetnik dovoljenja za promet z zdravilom je dne 28. januarja 2008 priskrbel dodatne informacije.</s>
<s id="s12.1">Med svojim zasedanjem maja 2008 je CHMP na osnovi vseh predloženih podatkov in znanstvene razprave v Odboru menil, da je predlog za uskladitev povzetkov glavnih značilnosti zdravila, označevanj in navodil za uporabo sprejemljiv in da bi bilo treba navedene dokumente dopolniti.</s>
<s id="s13.1">CHMP je dne 30. maja 2008 izdal pozitivno mnenje, s katerim priporoča uskladitev povzetkov glavnih značilnosti zdravila, označevanj in navodil za uporabo za zdravilo Zyrtec in z njim povezana imena.</s>
<s id="s14.1">Seznam zadevnih imen zdravil je naveden v Dodatku I.</s>
<s id="s14.2">Znanstveni zaključki so na voljo v Dodatku II, spremenjeni povzetki glavnih značilnosti zdravila, označevanje in navodilo za uporabo pa v Dodatku III.</s>
<s id="s15.1">Evropska komisija je odločbo izdala dne 6. oktobra 2008.</s>
<s id="s16.1">7 Westferry Circus, Canary Wharf, London, E14 4HB, UK Tel.</s>
<s id="s16.2">(44- 20) 74 18 84 00 Fax (44- 20) 74 18 86 13 E- mail: mail@ emea. europa. eu http: // www. emea. europa. eu © European Medicines Agency, 2008.</s>
<s id="s16.3">Reproduction is authorised provided the source is acknowledged.</s>
</body>
</letsmt>
