<?xml version="1.0" encoding="utf-8"?>
<letsmt version="1.0">
<head></head>
<body>
<s id="s1.1">ANNEX I</s>
<s id="s2.1">LIST OF THE NAMES, PHARMACEUTICAL FORMS, STRENGTHS OF THE MEDICINAL PRODUCTS, ROUTE OF ADMINISTRATION, AND MARKETING AUTHORISATION HOLDERS IN THE MEMBER STATES AND NORWAY AND ICELAND</s>
<s id="s3.1">1 Member State</s>
<s id="s4.1">Marketing Authorisation Holder</s>
<s id="s5.1">Invented name</s>
<s id="s6.1">Strength</s>
<s id="s7.1">Pharmaceutical Form</s>
<s id="s8.1">Route of administration</s>
<s id="s9.1">Austria</s>
<s id="s10.1">Pfizer Corporation Austria Ges. m. b. H.</s>
<s id="s10.2">Seidengasse 33-35 1071 Wien Austria</s>
<s id="s11.1">Celebrex</s>
<s id="s12.1">100mg</s>
<s id="s13.1">Capsules</s>
<s id="s14.1">Oral</s>
<s id="s15.1">Austria</s>
<s id="s16.1">Pfizer Corporation Austria Ges. m. b. H.</s>
<s id="s16.2">Seidengasse 33-35 1071 Wien Austria</s>
<s id="s17.1">Celebrex</s>
<s id="s18.1">200mg</s>
<s id="s19.1">Capsules</s>
<s id="s20.1">Oral</s>
<s id="s21.1">Austria</s>
<s id="s22.1">Pfizer Corporation Austria Ges. m. b. H.</s>
<s id="s22.2">Seidengasse 33-35 1071 Wien Austria</s>
<s id="s23.1">Solexa</s>
<s id="s24.1">100mg</s>
<s id="s25.1">Capsules</s>
<s id="s26.1">Oral</s>
<s id="s27.1">Austria</s>
<s id="s28.1">Pfizer Corporation Austria Ges. m. b. H.</s>
<s id="s28.2">Seidengasse 33-35 1071 Wien Austria</s>
<s id="s29.1">Solexa</s>
<s id="s30.1">200mg</s>
<s id="s31.1">Capsules</s>
<s id="s32.1">Oral</s>
<s id="s33.1">Belgium</s>
<s id="s34.1">Pharmacia NV/ SA Rijksweg 12 B-2870 Puurs Belgium</s>
<s id="s35.1">Celebrex</s>
<s id="s36.1">100 mg</s>
<s id="s37.1">Capsules</s>
<s id="s38.1">Oral</s>
<s id="s39.1">Belgium</s>
<s id="s40.1">Pharmacia NV/ SA Rijksweg 12 B-2870 Puurs Belgium</s>
<s id="s41.1">Celebrex</s>
<s id="s42.1">200 mg</s>
<s id="s43.1">Capsules</s>
<s id="s44.1">Oral</s>
<s id="s45.1">Belgium</s>
<s id="s46.1">Pharmacia NV/ SA Rijksweg 12 B-2870 Puurs Belgium</s>
<s id="s47.1">Solexa</s>
<s id="s48.1">100 mg</s>
<s id="s49.1">Capsules</s>
<s id="s50.1">Oral</s>
<s id="s51.1">2 Member State</s>
<s id="s52.1">Marketing Authorisation Holder</s>
<s id="s53.1">Invented name</s>
<s id="s54.1">Strength</s>
<s id="s55.1">Pharmaceutical Form</s>
<s id="s56.1">Route of administration</s>
<s id="s57.1">Belgium</s>
<s id="s58.1">Pharmacia NV/ SA Rijksweg 12 B-2870 Puurs Belgium</s>
<s id="s59.1">Solexa</s>
<s id="s60.1">200 mg</s>
<s id="s61.1">Capsules</s>
<s id="s62.1">Oral</s>
<s id="s63.1">Cyprus</s>
<s id="s64.1">Markides &amp; Vouros Ltd.</s>
<s id="s64.2">5a-B Pargas Str P. O. Box 22002 1515 Lefkosia Cyprus</s>
<s id="s65.1">Celebrex</s>
<s id="s66.1">100 mg</s>
<s id="s67.1">Capsules</s>
<s id="s68.1">Oral</s>
<s id="s69.1">Cyprus</s>
<s id="s70.1">Markides &amp; Vouros Ltd.</s>
<s id="s70.2">5a-B Pargas Str P. O. Box 22002 1515 Lefkosia Cyprus</s>
<s id="s71.1">Celebrex</s>
<s id="s72.1">200 mg</s>
<s id="s73.1">Capsules</s>
<s id="s74.1">Oral</s>
<s id="s75.1">Czech Republic</s>
<s id="s76.1">Pharmacia Ltd.</s>
<s id="s76.2">Davy Avenue Know Hill Milton Keynes MK5 8PH United Kingdom</s>
<s id="s77.1">Celebrex</s>
<s id="s78.1">100 mg</s>
<s id="s79.1">Capsules</s>
<s id="s80.1">Oral</s>
<s id="s81.1">Czech Republic</s>
<s id="s82.1">Pharmacia Ltd.</s>
<s id="s82.2">Davy Avenue Know Hill Milton Keynes MK5 8PH United Kingdom</s>
<s id="s83.1">Celebrex</s>
<s id="s84.1">200 mg</s>
<s id="s85.1">Capsules</s>
<s id="s86.1">Oral</s>
<s id="s87.1">Denmark</s>
<s id="s88.1">Pfizer ApS Lautrupvang 8 2750 Ballerup Denmark</s>
<s id="s89.1">Celebra</s>
<s id="s90.1">100 mg</s>
<s id="s91.1">Capsules</s>
<s id="s92.1">Oral</s>
<s id="s93.1">3 Member State</s>
<s id="s94.1">Marketing Authorisation Holder</s>
<s id="s95.1">Invented name</s>
<s id="s96.1">Strength</s>
<s id="s97.1">Pharmaceutical Form</s>
<s id="s98.1">Route of administration</s>
<s id="s99.1">Denmark</s>
<s id="s100.1">Pfizer ApS Lautrupvang 8 2750 Ballerup Denmark</s>
<s id="s101.1">Celebra</s>
<s id="s102.1">200 mg</s>
<s id="s103.1">Capsules</s>
<s id="s104.1">Oral</s>
<s id="s105.1">Denmark</s>
<s id="s106.1">Pfizer ApS Lautrupvang 8 2750 Ballerup Denmark</s>
<s id="s107.1">Solexa</s>
<s id="s108.1">100 mg</s>
<s id="s109.1">Capsules</s>
<s id="s110.1">Oral</s>
<s id="s111.1">Denmark</s>
<s id="s112.1">Pfizer ApS Lautrupvang 8 2750 Ballerup Denmark</s>
<s id="s113.1">Solexa</s>
<s id="s114.1">200 mg</s>
<s id="s115.1">Capsules</s>
<s id="s116.1">Oral</s>
<s id="s117.1">Estonia</s>
<s id="s118.1">Pfizer H. C. P.</s>
<s id="s118.2">Corporation Eesti Pirita tee 20 10127 Tallinn Estonia</s>
<s id="s119.1">Celebrex</s>
<s id="s120.1">100 mg</s>
<s id="s121.1">Capsules</s>
<s id="s122.1">Oral</s>
<s id="s123.1">Estonia</s>
<s id="s124.1">Pfizer H. C. P.</s>
<s id="s124.2">Corporation Eesti Pirita tee 20 10127 Tallinn Estonia</s>
<s id="s125.1">Celebrex</s>
<s id="s126.1">200 mg</s>
<s id="s127.1">Capsules</s>
<s id="s128.1">Oral</s>
<s id="s129.1">Finland</s>
<s id="s130.1">Pfizer Oy Tietokuja 4 00330 Helsinki Finland</s>
<s id="s131.1">Celebra</s>
<s id="s132.1">100mg</s>
<s id="s133.1">Capsules</s>
<s id="s134.1">Oral</s>
<s id="s135.1">Finland</s>
<s id="s136.1">Pfizer Oy Tietokuja 4 00330 Helsinki Finland</s>
<s id="s137.1">Celebra</s>
<s id="s138.1">200mg</s>
<s id="s139.1">Capsules</s>
<s id="s140.1">Oral</s>
<s id="s141.1">Finland</s>
<s id="s142.1">Pfizer Oy Tietokuja 4</s>
<s id="s143.1">Solexa</s>
<s id="s144.1">100mg</s>
<s id="s145.1">Capsules</s>
<s id="s146.1">Oral</s>
<s id="s147.1">4 Member State</s>
<s id="s148.1">Marketing Authorisation Holder</s>
<s id="s149.1">Invented name</s>
<s id="s150.1">Strength</s>
<s id="s151.1">Pharmaceutical Form</s>
<s id="s152.1">Route of administration</s>
<s id="s153.1">00330 Helsinki Finland</s>
<s id="s154.1">Finland</s>
<s id="s155.1">Pfizer Oy Tietokuja 4 00330 Helsinki Finland</s>
<s id="s156.1">Solexa</s>
<s id="s157.1">200mg</s>
<s id="s158.1">Capsules</s>
<s id="s159.1">Oral</s>
<s id="s160.1">France</s>
<s id="s161.1">Pfizer Holding France 23-25, avenue du Docteur Lannelongue 75668 Paris Cedex 14 France</s>
<s id="s162.1">Celebrex</s>
<s id="s163.1">100 mg</s>
<s id="s164.1">Capsules</s>
<s id="s165.1">Oral</s>
<s id="s166.1">France</s>
<s id="s167.1">Pfizer Holding France 23-25, avenue du Docteur Lannelongue 75668 Paris Cedex 14 France</s>
<s id="s168.1">Celebrex</s>
<s id="s169.1">200 mg</s>
<s id="s170.1">Capsules</s>
<s id="s171.1">Oral</s>
<s id="s172.1">France</s>
<s id="s173.1">Cardel 23-25, avenue du Docteur Lannelongue 75668 Paris Cedex 14 France</s>
<s id="s174.1">Solexa</s>
<s id="s175.1">100 mg</s>
<s id="s176.1">Capsules</s>
<s id="s177.1">Oral</s>
<s id="s178.1">France</s>
<s id="s179.1">Cardel 23-25, avenue du Docteur Lannelongue 75668 Paris Cedex 14 France</s>
<s id="s180.1">Solexa</s>
<s id="s181.1">200 mg</s>
<s id="s182.1">Capsules</s>
<s id="s183.1">Oral</s>
<s id="s184.1">Germany</s>
<s id="s185.1">Pharmacia GmbH Pfizerstr.</s>
<s id="s185.2">1 76139 Karlsruhe Germany</s>
<s id="s186.1">Celebra</s>
<s id="s187.1">200 mg</s>
<s id="s188.1">Capsules</s>
<s id="s189.1">Oral</s>
<s id="s190.1">Germany</s>
<s id="s191.1">Pharmacia GmbH Pfizerstr.</s>
<s id="s191.2">1 76139 Karlsruhe Germany</s>
<s id="s192.1">Celebra</s>
<s id="s193.1">100 mg</s>
<s id="s194.1">Capsules</s>
<s id="s195.1">Oral</s>
<s id="s196.1">5 Member State</s>
<s id="s197.1">Marketing Authorisation Holder</s>
<s id="s198.1">Invented name</s>
<s id="s199.1">Strength</s>
<s id="s200.1">Pharmaceutical Form</s>
<s id="s201.1">Route of administration</s>
<s id="s202.1">Germany</s>
<s id="s203.1">Pharmacia GmbH Pfizerstr.</s>
<s id="s203.2">1 76139 Karlsruhe Germany</s>
<s id="s204.1">Celebrex</s>
<s id="s205.1">200 mg</s>
<s id="s206.1">Capsules</s>
<s id="s207.1">Oral</s>
<s id="s208.1">Germany</s>
<s id="s209.1">Pharmacia GmbH Pfizerstr.</s>
<s id="s209.2">1 76139 Karlsruhe Germany</s>
<s id="s210.1">Celebrex</s>
<s id="s211.1">100 mg</s>
<s id="s212.1">Capsules</s>
<s id="s213.1">Oral</s>
<s id="s214.1">Greece</s>
<s id="s215.1">Pfizer Hellas A.</s>
<s id="s215.2">E.</s>
<s id="s215.3">5, Alketou Street 116 33 Athens Greece</s>
<s id="s216.1">Celebrex</s>
<s id="s217.1">100mg</s>
<s id="s218.1">Capsules</s>
<s id="s219.1">Oral</s>
<s id="s220.1">Greece</s>
<s id="s221.1">Pfizer Hellas A.</s>
<s id="s221.2">E.</s>
<s id="s221.3">5, Alketou Street 116 33 Athens Greece</s>
<s id="s222.1">Celebrex</s>
<s id="s223.1">200mg</s>
<s id="s224.1">Capsules</s>
<s id="s225.1">Oral</s>
<s id="s226.1">Greece</s>
<s id="s227.1">Pfizer Hellas A.</s>
<s id="s227.2">E.</s>
<s id="s227.3">5, Alketou Street 116 33 Athens Greece</s>
<s id="s228.1">Aclarex</s>
<s id="s229.1">100mg</s>
<s id="s230.1">Capsules</s>
<s id="s231.1">Oral</s>
<s id="s232.1">Greece</s>
<s id="s233.1">Pfizer Hellas A.</s>
<s id="s233.2">E.</s>
<s id="s233.3">5, Alketou Street 116 33 Athens Greece</s>
<s id="s234.1">Aclarex</s>
<s id="s235.1">200mg</s>
<s id="s236.1">Capsules</s>
<s id="s237.1">Oral</s>
<s id="s238.1">Hungary</s>
<s id="s239.1">Pfizer Kft.</s>
<s id="s239.2">Alkotás utca 53.</s>
<s id="s239.3">MOM Park ” F” Épület H-1123 Budapest</s>
<s id="s240.1">Celebrex</s>
<s id="s241.1">200 mg</s>
<s id="s242.1">Capsules</s>
<s id="s243.1">Oral</s>
<s id="s244.1">6 Member State</s>
<s id="s245.1">Marketing Authorisation Holder</s>
<s id="s246.1">Invented name</s>
<s id="s247.1">Strength</s>
<s id="s248.1">Pharmaceutical Form</s>
<s id="s249.1">Route of administration</s>
<s id="s250.1">Hungary</s>
<s id="s251.1">Iceland</s>
<s id="s252.1">Pfizer ApS Lautrupvang 8 2750 Ballerup Denmark</s>
<s id="s253.1">Celebra</s>
<s id="s254.1">100 mg</s>
<s id="s255.1">Capsules</s>
<s id="s256.1">Oral</s>
<s id="s257.1">Iceland</s>
<s id="s258.1">Pfizer ApS Lautrupvang 8 2750 Ballerup Denmark</s>
<s id="s259.1">Celebra</s>
<s id="s260.1">200 mg</s>
<s id="s261.1">Capsules</s>
<s id="s262.1">Oral</s>
<s id="s263.1">Ireland</s>
<s id="s264.1">Pharmacia Ireland Limited Airways Industrial Estate Dublin 17 Ireland</s>
<s id="s265.1">Celebrex</s>
<s id="s266.1">100 mg</s>
<s id="s267.1">Capsules</s>
<s id="s268.1">Oral</s>
<s id="s269.1">Ireland</s>
<s id="s270.1">Pharmacia Ireland Limited Airways Industrial Estate Dublin 17 Ireland</s>
<s id="s271.1">Celebrex</s>
<s id="s272.1">200 mg</s>
<s id="s273.1">Capsules</s>
<s id="s274.1">Oral</s>
<s id="s275.1">Ireland</s>
<s id="s276.1">Pharmacia Ireland Limited Airways Industrial Estate Dublin 17 Ireland</s>
<s id="s277.1">Solexa</s>
<s id="s278.1">100 mg</s>
<s id="s279.1">Capsules</s>
<s id="s280.1">Oral</s>
<s id="s281.1">Ireland</s>
<s id="s282.1">Pharmacia Ireland Limited Airways Industrial Estate Dublin 17 Ireland</s>
<s id="s283.1">Solexa</s>
<s id="s284.1">200 mg</s>
<s id="s285.1">Capsules</s>
<s id="s286.1">Oral</s>
<s id="s287.1">Italy</s>
<s id="s288.1">Pharmacia Italia S. p. A.</s>
<s id="s288.2">Via Robert Koch, 1-2 20152 Milano Italy</s>
<s id="s289.1">Artilog</s>
<s id="s290.1">100 mg</s>
<s id="s291.1">Capsules</s>
<s id="s292.1">Oral</s>
<s id="s293.1">7 Member State</s>
<s id="s294.1">Marketing Authorisation Holder</s>
<s id="s295.1">Invented name</s>
<s id="s296.1">Strength</s>
<s id="s297.1">Pharmaceutical Form</s>
<s id="s298.1">Route of administration</s>
<s id="s299.1">Italy</s>
<s id="s300.1">Pharmacia Italia S. p. A.</s>
<s id="s300.2">Via Robert Koch, 1-2 20152 Milano Italy</s>
<s id="s301.1">Artilog</s>
<s id="s302.1">200 mg</s>
<s id="s303.1">Capsules</s>
<s id="s304.1">Oral</s>
<s id="s305.1">Italy</s>
<s id="s306.1">Sefarma S. r. l.</s>
<s id="s306.2">Via Robert Koch, 1-2 20152 Milano Italy</s>
<s id="s307.1">Artrid</s>
<s id="s308.1">100 mg</s>
<s id="s309.1">Capsules</s>
<s id="s310.1">Oral</s>
<s id="s311.1">Italy</s>
<s id="s312.1">Sefarma S. r. l.</s>
<s id="s312.2">Via Robert Koch, 1-2 20152 Milano Italy</s>
<s id="s313.1">Artrid</s>
<s id="s314.1">200 mg</s>
<s id="s315.1">Capsules</s>
<s id="s316.1">Oral</s>
<s id="s317.1">Italy</s>
<s id="s318.1">Pfizer Italia S. r. l.</s>
<s id="s318.2">Strada Statale 156 KM 50 04010 Borgo San Michele Latina Italy</s>
<s id="s319.1">Solexa</s>
<s id="s320.1">100 mg</s>
<s id="s321.1">Capsules</s>
<s id="s322.1">Oral</s>
<s id="s323.1">Italy</s>
<s id="s324.1">Pfizer Italia S. r. l.</s>
<s id="s324.2">Strada Statale 156 KM 50 04010 Borgo San Michele Latina Italy</s>
<s id="s325.1">Solexa</s>
<s id="s326.1">200 mg</s>
<s id="s327.1">Capsules</s>
<s id="s328.1">Oral</s>
<s id="s329.1">Italy</s>
<s id="s330.1">Pharmacia Italia S. p. A.</s>
<s id="s330.2">Via Robert Koch, 1-2 20152 Milano Italy</s>
<s id="s331.1">Celebrex</s>
<s id="s332.1">100 mg</s>
<s id="s333.1">Capsules</s>
<s id="s334.1">Oral</s>
<s id="s335.1">Italy</s>
<s id="s336.1">Pharmacia Italia S. p. A.</s>
<s id="s336.2">Via Robert Koch, 1-2 20152 Milano Italy</s>
<s id="s337.1">Celebrex</s>
<s id="s338.1">200 mg</s>
<s id="s339.1">Capsules</s>
<s id="s340.1">Oral</s>
<s id="s341.1">8 Member State</s>
<s id="s342.1">Marketing Authorisation Holder</s>
<s id="s343.1">Invented name</s>
<s id="s344.1">Strength</s>
<s id="s345.1">Pharmaceutical Form</s>
<s id="s346.1">Route of administration</s>
<s id="s347.1">Latvia</s>
<s id="s348.1">Pfizer Ltd.</s>
<s id="s348.2">Ramsgate Road Sandwich Kent CT13 9NJ England</s>
<s id="s349.1">Celebrex</s>
<s id="s350.1">100 mg</s>
<s id="s351.1">Capsules</s>
<s id="s352.1">Oral</s>
<s id="s353.1">Latvia</s>
<s id="s354.1">Pfizer Ltd.</s>
<s id="s354.2">Ramsgate Road Sandwich Kent CT13 9NJ England</s>
<s id="s355.1">Celebrex</s>
<s id="s356.1">200 mg</s>
<s id="s357.1">Capsules</s>
<s id="s358.1">Oral</s>
<s id="s359.1">Lithuania</s>
<s id="s360.1">Pfizer H. C. P.</s>
<s id="s360.2">Corporation Representation Office in Lithuania A.</s>
<s id="s360.3">Gostauto 40 a LT-01112 Vilnius Lithuania</s>
<s id="s361.1">Celebrex</s>
<s id="s362.1">100 mg</s>
<s id="s363.1">Capsules</s>
<s id="s364.1">Oral</s>
<s id="s365.1">Lithuania</s>
<s id="s366.1">Pfizer H. C. P.</s>
<s id="s366.2">Corporation Representation Office in Lithuania A.</s>
<s id="s366.3">Gostauto 40 a LT-01112 Vilnius Lithuania</s>
<s id="s367.1">Celebrex</s>
<s id="s368.1">200 mg</s>
<s id="s369.1">Capsules</s>
<s id="s370.1">Oral</s>
<s id="s371.1">Luxembourg</s>
<s id="s372.1">Pharmacia NV/ SA Rijksweg 12 2870 Puurs Belgium</s>
<s id="s373.1">Celebrex</s>
<s id="s374.1">100 mg</s>
<s id="s375.1">Capsules</s>
<s id="s376.1">Oral</s>
<s id="s377.1">Luxembourg</s>
<s id="s378.1">Pharmacia NV/ SA Rijksweg 12 2870 Puurs Belgium</s>
<s id="s379.1">Celebrex</s>
<s id="s380.1">200 mg</s>
<s id="s381.1">Capsules</s>
<s id="s382.1">Oral</s>
<s id="s383.1">9 Member State</s>
<s id="s384.1">Marketing Authorisation Holder</s>
<s id="s385.1">Invented name</s>
<s id="s386.1">Strength</s>
<s id="s387.1">Pharmaceutical Form</s>
<s id="s388.1">Route of administration</s>
<s id="s389.1">Luxembourg</s>
<s id="s390.1">Pharmacia NV/ SA Rijksweg 12 2870 Puurs Belgium</s>
<s id="s391.1">Solexa</s>
<s id="s392.1">100 mg</s>
<s id="s393.1">Capsules</s>
<s id="s394.1">Oral</s>
<s id="s395.1">Luxembourg</s>
<s id="s396.1">Pharmacia NV/ SA Rijksweg 12 2870 Puurs Belgium</s>
<s id="s397.1">Solexa</s>
<s id="s398.1">200 mg</s>
<s id="s399.1">Capsules</s>
<s id="s400.1">Oral</s>
<s id="s401.1">Malta</s>
<s id="s402.1">Pfizer Hellas A.</s>
<s id="s402.2">E.</s>
<s id="s402.3">5, Alketou Street 116 33 Athens Greece</s>
<s id="s403.1">Celebrex</s>
<s id="s404.1">100 mg</s>
<s id="s405.1">Capsules</s>
<s id="s406.1">Oral</s>
<s id="s407.1">Malta</s>
<s id="s408.1">Pfizer Hellas A.</s>
<s id="s408.2">E.</s>
<s id="s408.3">5, Alketou Street 116 33 Athens Greece</s>
<s id="s409.1">Celebrex</s>
<s id="s410.1">200 mg</s>
<s id="s411.1">Capsules</s>
<s id="s412.1">Oral</s>
<s id="s413.1">Norway</s>
<s id="s414.1">Pfizer AS Postboks 3 1324 Lysaker Norway</s>
<s id="s415.1">Celebra</s>
<s id="s416.1">100 mg</s>
<s id="s417.1">Capsules</s>
<s id="s418.1">Oral</s>
<s id="s419.1">Norway</s>
<s id="s420.1">Pfizer AS Postboks 3 1324 Lysaker Norway</s>
<s id="s421.1">Celebra</s>
<s id="s422.1">200 mg</s>
<s id="s423.1">Capsules</s>
<s id="s424.1">Oral</s>
<s id="s425.1">Poland</s>
<s id="s426.1">Pharmacia Ltd.</s>
<s id="s426.2">Ramsgate Road Sandwich Kent CT13 9NJ United Kingdom</s>
<s id="s427.1">Celebrex</s>
<s id="s428.1">100mg</s>
<s id="s429.1">Capsules</s>
<s id="s430.1">Oral</s>
<s id="s431.1">10 Member State</s>
<s id="s432.1">Marketing Authorisation Holder</s>
<s id="s433.1">Invented name</s>
<s id="s434.1">Strength</s>
<s id="s435.1">Pharmaceutical Form</s>
<s id="s436.1">Route of administration</s>
<s id="s437.1">Poland</s>
<s id="s438.1">Pharmacia Ltd.</s>
<s id="s438.2">Ramsgate Road Sandwich Kent CT13 9NJ United Kingdom</s>
<s id="s439.1">Celebrex</s>
<s id="s440.1">200mg</s>
<s id="s441.1">Capsules</s>
<s id="s442.1">Oral</s>
<s id="s443.1">Portugal</s>
<s id="s444.1">Laboratórios Pfizer, Lda.</s>
<s id="s444.2">Lagoas Park, Edifício n. º 10 2740-244 Porto Salvo Portugal</s>
<s id="s445.1">Celebrex</s>
<s id="s446.1">100 mg</s>
<s id="s447.1">Capsules</s>
<s id="s448.1">Oral</s>
<s id="s449.1">Portugal</s>
<s id="s450.1">Laboratórios Pfizer, Lda.</s>
<s id="s450.2">Lagoas Park, Edifício n. º 10 2740-244 Porto Salvo Portugal</s>
<s id="s451.1">Celebrex</s>
<s id="s452.1">200 mg</s>
<s id="s453.1">Capsules</s>
<s id="s454.1">Oral</s>
<s id="s455.1">Portugal</s>
<s id="s456.1">Lab.</s>
<s id="s456.2">Medinfar - Produtos Farmacêuticos S. A.</s>
<s id="s456.3">R.</s>
<s id="s456.4">Manuel Ribeiro de Pavia, n. º1 - Venda Nova 2700-547 Amadora Portugal</s>
<s id="s457.1">Solexa</s>
<s id="s458.1">100 mg</s>
<s id="s459.1">Capsules</s>
<s id="s460.1">Oral</s>
<s id="s461.1">Portugal</s>
<s id="s462.1">Lab.</s>
<s id="s462.2">Medinfar - Produtos Farmacêuticos S. A.</s>
<s id="s462.3">R.</s>
<s id="s462.4">Manuel Ribeiro de Pavia, n. º1 - Venda Nova 2700-547 Amadora Portugal</s>
<s id="s463.1">Solexa</s>
<s id="s464.1">200 mg</s>
<s id="s465.1">Capsules</s>
<s id="s466.1">Oral</s>
<s id="s467.1">Slovak Republic</s>
<s id="s468.1">Pfizer Europe MA EEIG Ramsgate Road Sandwich Kent CT13 9NJ United Kingdom</s>
<s id="s469.1">Celebrex</s>
<s id="s470.1">100 mg</s>
<s id="s471.1">Capsules</s>
<s id="s472.1">Oral</s>
<s id="s473.1">Slovak Republic</s>
<s id="s474.1">Pfizer Europe MA EEIG Ramsgate Road Sandwich Kent CT13 9NJ United Kingdom</s>
<s id="s475.1">Celebrex</s>
<s id="s476.1">200 mg</s>
<s id="s477.1">Capsules</s>
<s id="s478.1">Oral</s>
<s id="s479.1">11 Member State</s>
<s id="s480.1">Marketing Authorisation Holder</s>
<s id="s481.1">Invented name</s>
<s id="s482.1">Strength</s>
<s id="s483.1">Pharmaceutical Form</s>
<s id="s484.1">Route of administration</s>
<s id="s485.1">Slovenia</s>
<s id="s486.1">Pfizer Luxembourg SARL, 283, route d'Arlon, L-8011 Strassen, Luksemburg</s>
<s id="s487.1">Celebrex</s>
<s id="s488.1">100 mg</s>
<s id="s489.1">Capsules</s>
<s id="s490.1">Oral</s>
<s id="s491.1">Slovenia</s>
<s id="s492.1">Pfizer Luxembourg SARL, 283, route d'Arlon, L-8011 Strassen, Luksemburg</s>
<s id="s493.1">Celebrex</s>
<s id="s494.1">200 mg</s>
<s id="s495.1">Capsules</s>
<s id="s496.1">Oral</s>
<s id="s497.1">Spain</s>
<s id="s498.1">Pharmacia Spain S. A.</s>
<s id="s498.2">Avenida de Europa, 20-B Parque Empresarial La Moraleja 28108 Alcobendas, Madrid Spain</s>
<s id="s499.1">Celebrex</s>
<s id="s500.1">100mg</s>
<s id="s501.1">Capsules</s>
<s id="s502.1">Oral</s>
<s id="s503.1">Spain</s>
<s id="s504.1">Pharmacia Spain S. A.</s>
<s id="s504.2">Avenida de Europa, 20-B Parque Empresarial La Moraleja 28108 Alcobendas, Madrid Spain</s>
<s id="s505.1">Artilog</s>
<s id="s506.1">100mg</s>
<s id="s507.1">Capsules</s>
<s id="s508.1">Oral</s>
<s id="s509.1">Spain</s>
<s id="s510.1">Pharmacia Spain S. A.</s>
<s id="s510.2">Avenida de Europa, 20-B Parque Empresarial La Moraleja 28108 Alcobendas, Madrid Spain</s>
<s id="s511.1">Celebrex</s>
<s id="s512.1">200mg</s>
<s id="s513.1">Capsules</s>
<s id="s514.1">Oral</s>
<s id="s515.1">Spain</s>
<s id="s516.1">Pharmacia Spain S. A.</s>
<s id="s516.2">Avenida de Europa, 20-B Parque Empresarial La Moraleja 28108 Alcobendas, Madrid Spain</s>
<s id="s517.1">Artilog</s>
<s id="s518.1">200mg</s>
<s id="s519.1">Capsules</s>
<s id="s520.1">Oral</s>
<s id="s521.1">Sweden</s>
<s id="s522.1">Pfizer AB Nytorpsvägen 36 P. O.</s>
<s id="s522.2">Box 501 183 25 Täby Sweden</s>
<s id="s523.1">Celebra</s>
<s id="s524.1">100 mg</s>
<s id="s525.1">Capsules</s>
<s id="s526.1">Oral</s>
<s id="s527.1">12 Member State</s>
<s id="s528.1">Marketing Authorisation Holder</s>
<s id="s529.1">Invented name</s>
<s id="s530.1">Strength</s>
<s id="s531.1">Pharmaceutical Form</s>
<s id="s532.1">Route of administration</s>
<s id="s533.1">Sweden</s>
<s id="s534.1">Pfizer AB Nytorpsvägen 36 P. O.</s>
<s id="s534.2">Box 501 183 25 Täby Sweden</s>
<s id="s535.1">Celebra</s>
<s id="s536.1">200 mg</s>
<s id="s537.1">Capsules</s>
<s id="s538.1">Oral</s>
<s id="s539.1">Sweden</s>
<s id="s540.1">Pfizer AB Nytorpsvägen 36 P. O.</s>
<s id="s540.2">Box 501 183 25 Täby Sweden</s>
<s id="s541.1">Solexa</s>
<s id="s542.1">100 mg</s>
<s id="s543.1">Capsules</s>
<s id="s544.1">Oral</s>
<s id="s545.1">Sweden</s>
<s id="s546.1">Pfizer AB Nytorpsvägen 36 P. O.</s>
<s id="s546.2">Box 501 183 25 Täby Sweden</s>
<s id="s547.1">Solexa</s>
<s id="s548.1">200 mg</s>
<s id="s549.1">Capsules</s>
<s id="s550.1">Oral</s>
<s id="s551.1">Sweden</s>
<s id="s552.1">Pfizer AB Nytorpsvägen 36 P. O.</s>
<s id="s552.2">Box 501 183 25 Täby Sweden</s>
<s id="s553.1">Celora</s>
<s id="s554.1">100 mg</s>
<s id="s555.1">Capsules</s>
<s id="s556.1">Oral</s>
<s id="s557.1">Sweden</s>
<s id="s558.1">Pfizer AB Nytorpsvägen 36 P. O.</s>
<s id="s558.2">Box 501 183 25 Täby Sweden</s>
<s id="s559.1">Celora</s>
<s id="s560.1">200 mg</s>
<s id="s561.1">Capsules</s>
<s id="s562.1">Oral</s>
<s id="s563.1">Sweden</s>
<s id="s564.1">Pfizer AB Nytorpsvägen 36 P. O.</s>
<s id="s564.2">Box 501 183 25 Täby Sweden</s>
<s id="s565.1">Aclarix</s>
<s id="s566.1">100 mg</s>
<s id="s567.1">Capsules</s>
<s id="s568.1">Oral</s>
<s id="s569.1">13 Member State</s>
<s id="s570.1">Marketing Authorisation Holder</s>
<s id="s571.1">Invented name</s>
<s id="s572.1">Strength</s>
<s id="s573.1">Pharmaceutical Form</s>
<s id="s574.1">Route of administration</s>
<s id="s575.1">Sweden</s>
<s id="s576.1">Pfizer AB Nytorpsvägen 36 P. O.</s>
<s id="s576.2">Box 501 183 25 Täby Sweden</s>
<s id="s577.1">Aclarix</s>
<s id="s578.1">200 mg</s>
<s id="s579.1">Capsules</s>
<s id="s580.1">Oral</s>
<s id="s581.1">The Netherlands</s>
<s id="s582.1">Pfizer bv Rivium Westlaan 142 2909 LD Capelle a/ d IJssel The Netherlands</s>
<s id="s583.1">Celebrex</s>
<s id="s584.1">100 mg</s>
<s id="s585.1">Capsules</s>
<s id="s586.1">Oral</s>
<s id="s587.1">The Netherlands</s>
<s id="s588.1">Pfizer bv Rivium Westlaan 142 2909 LD Capelle a/ d IJssel The Netherlands</s>
<s id="s589.1">Celebrex</s>
<s id="s590.1">200 mg</s>
<s id="s591.1">Capsules</s>
<s id="s592.1">Oral</s>
<s id="s593.1">The Netherlands</s>
<s id="s594.1">Pfizer bv Rivium Westlaan 142 2909 LD Capelle a/ d IJssel The Netherlands</s>
<s id="s595.1">Solexa</s>
<s id="s596.1">100 mg</s>
<s id="s597.1">Capsules</s>
<s id="s598.1">Oral</s>
<s id="s599.1">The Netherlands</s>
<s id="s600.1">Pfizer bv Rivium Westlaan 142 2909 LD Capelle a/ d IJssel The Netherlands</s>
<s id="s601.1">Solexa</s>
<s id="s602.1">200 mg</s>
<s id="s603.1">Capsules</s>
<s id="s604.1">Oral</s>
<s id="s605.1">UK</s>
<s id="s606.1">Pharmacia Ltd.</s>
<s id="s606.2">Ramsgate Road Sandwich Kent CT13 9NJ United Kingdom</s>
<s id="s607.1">Celebrex</s>
<s id="s608.1">100 mg</s>
<s id="s609.1">Capsules</s>
<s id="s610.1">Oral</s>
<s id="s611.1">UK</s>
<s id="s612.1">Pharmacia Ltd.</s>
<s id="s612.2">Ramsgate Road Sandwich Kent CT13 9NJ United Kingdom</s>
<s id="s613.1">Celebrex</s>
<s id="s614.1">200 mg</s>
<s id="s615.1">Capsules</s>
<s id="s616.1">Oral</s>
<s id="s617.1">14 Member State</s>
<s id="s618.1">Marketing Authorisation Holder</s>
<s id="s619.1">Invented name</s>
<s id="s620.1">Strength</s>
<s id="s621.1">Pharmaceutical Form</s>
<s id="s622.1">Route of administration</s>
<s id="s623.1">UK</s>
<s id="s624.1">Pharmacia Ltd.</s>
<s id="s624.2">Ramsgate Road Sandwich Kent CT13 9NJ United Kingdom</s>
<s id="s625.1">Solexa</s>
<s id="s626.1">100 mg</s>
<s id="s627.1">Capsules</s>
<s id="s628.1">Oral</s>
<s id="s629.1">UK</s>
<s id="s630.1">Pharmacia Ltd.</s>
<s id="s630.2">Ramsgate Road Sandwich Kent CT13 9NJ United Kingdom</s>
<s id="s631.1">Solexa</s>
<s id="s632.1">200 mg</s>
<s id="s633.1">Capsules</s>
<s id="s634.1">Oral</s>
<s id="s635.1">15 ANNEX II</s>
<s id="s636.1">SCIENTIFIC CONCLUSIONS AND GROUNDS FOR AMENDMENT OF THE SUMMARY OF PRODUCT CHARACTERISTICS PRESENTED BY THE EMEA</s>
<s id="s637.1">16 SCIENTIFIC CONCLUSIONS FOR THE AMENDMENT OF THE MARKETING AUTHORISATION</s>
<s id="s638.1">In September 2004, the Marketing Authorisation Holder (MAH) of rofecoxib (a selective Cox-2- inhibitor) informed the EMEA that new clinical trial (APPROVe) data for rofecoxib have revealed a risk of thrombotic cardiovascular (CV) events.</s>
<s id="s638.2">These data resulted in the worldwide withdrawal of Vioxx (rofecoxib) from the market on 30 September 2004 by the MAH and raised questions regarding the cardiovascular safety of other Cox-2 inhibitors.</s>
<s id="s639.1">Further to discussions at the CHMP October 2004 plenary meeting, the European Commission recommended that this public health issue on all aspects of cardiovascular safety including thrombotic events and cardio-renal events is the subject of Community referrals under Article 31 of Directive 2001/ 83/ EC, as amended regarding decentrally authorised products containing celecoxib, etoricoxib and lumiracoxib and subject to a review procedure under Article 18 of Council Regulation (EEC) No 2309/ 93, as amended regarding the centrally authorised products containing celecoxib (Onsenal), parecoxib (Dynastat/ Rayzon) and valdecoxib (Bextra/ Valdyn), which were started in November 2004.</s>
<s id="s640.1">During the CHMP meeting of February 2005, discussions on cardiovascular safety took place.</s>
<s id="s640.2">The CHMP agreed that an Urgent Safety Restriction (USR) on cardiovascular safety was needed to introduce new contraindications and strengthen warnings and information on side effects in the SPC.</s>
<s id="s640.3">This USR was initiated on 16 February 2005 and finalised on 17 February 2005.</s>
<s id="s641.1">In April 2005, the FDA (Food and Drug Administration) and the EMEA requested that Pfizer voluntarily withdraw Bextra (valdecoxib) from the market and Pfizer agreed to suspend sale and marketing of Bextra worldwide pending further discussions on the unfavorable risk versus benefit due to data on serious skin reactions.</s>
<s id="s642.1">On 20 April 2005, Pfizer presented data on serious skin reactions for valdecoxib during a hearing.</s>
<s id="s643.1">Further to a request from the European Commission, the scope of the ongoing class was broadened review to include the assessment of serious skin reactions in addition to the cardiovascular safety aspects.</s>
<s id="s644.1">Between November 2004 and June 2005, the MAH made oral explanations to the CHMP on cardiovascular and skin safety aspects for celecoxib on 18 January, 15 February, and 25 May 2005.</s>
<s id="s645.1">On 23 June 2005, the CHMP concluded that:</s>
<s id="s646.1">§ Further to the assessment of:</s>
<s id="s647.1">- the new data provided on rofecoxib by the APPROVe clinical study, which revealed a risk</s>
<s id="s648.1">of thrombotic CV events,</s>
<s id="s649.1">- the data on celecoxib presented in the APC study, which suggested a dose-related</s>
<s id="s650.1">increased risk of serious CV events,</s>
<s id="s651.1">- the data on valdecoxib and parecoxib presented in the CABG (Coronary Artery Bypass</s>
<s id="s652.1">Graft) and in the CABG II studies, which showed a higher rate of serious CV thromboembolic events in the parecoxib/ valdecoxib treatment arm compared to the group of patients receiving placebo,</s>
<s id="s653.1">- the data on etoricoxib in the EDGE study and pooled analyses of other clinical trials,</s>
<s id="s654.1">which suggested an association with a higher thrombotic risk than naproxen,</s>
<s id="s655.1">- the data on lumiracoxib in the Target study, which suggested a small increase in</s>
<s id="s656.1">thrombotic events (especially myocardial infarction) versus naproxen, all available data show an increased risk of CV adverse reactions for Cox-2 inhibitors as a class and agreed that there is an association between duration and dose of intake and the probability of suffering a CV reaction.</s>
<s id="s657.1">§ Further to the assessment of the data on serious skin reactions, celecoxib is associated with very rare occurrence of serious skin reactions, as evidenced in clinical studies and post-</s>
<s id="s658.1">17 marketing surveillance, which analysis revealed several risk factors for the occurrence of these serious skin reactions with celecoxib.</s>
<s id="s659.1">The CHMP confirmed changes to the Product Information already introduced through a type II variation adopted in May 2005 further to the February USR and requested further changes.</s>
<s id="s660.1">The changes of the Product Information related to the CV can be summarised as follows:</s>
<s id="s661.1">- Addition of a statement that decision to prescribe a selective COX-2 inhibitor should be based</s>
<s id="s662.1">on an assessment of the individual patient's overall risks.</s>
<s id="s663.1">- In the posology section it is recommended to use of the lowest effective dose, for the shortest</s>
<s id="s664.1">possible duration, and that the need for pain relief should be re-evaluated frequently.</s>
<s id="s665.1">- Addition of the contraindications Established ischaemic heart disease and/ or cerebrovascular</s>
<s id="s666.1">disease and Peripheral arterial disease.</s>
<s id="s667.1">- Addition of brief information of the CV findings in PreSAP (Efficacy and safety of celecoxib</s>
<s id="s668.1">(SC-58635) in the prevention of colorectal sporadic adenomatous polyps) and APC (Prevention of sporadic colorectal adenomas with celecoxib); to include more stringent wording regarding CV risk groups.</s>
<s id="s669.1">- Addition of a warning for patients with risk factors for heart disease, such as hypertension,</s>
<s id="s670.1">hyperlipidaemia (high cholesterol levels), diabetes and smoking.</s>
<s id="s671.1">- Addition of a warning for prescribers to consider discontinuation of therapy if during</s>
<s id="s672.1">treatment, patients deteriorate in any of the organ system functions described.</s>
<s id="s673.1">- Addition of a warning for prescribers to exercise caution when prescribing NSAIDs, including</s>
<s id="s674.1">celecoxib, in combination with ACE inhibitors or angiotensin II receptor antagonists.</s>
<s id="s675.1">The changes of the Product Information related to the SCAR can be summarised as follows:</s>
<s id="s676.1">- Addition of a warning to report that the onset of skin reactions occur in the majority of cases</s>
<s id="s677.1">within the first month of treatment.</s>
<s id="s678.1">- Addition of a warning for patients with a history of any drug allergy.</s>
<s id="s679.1">- Strengthening of a warning to highlight that fatal serious skin reactions have now occurred</s>
<s id="s680.1">with celecoxib.</s>
<s id="s681.1">- Addition of a more detailed description of the first signs of skin reactions leading to</s>
<s id="s682.1">discontinuation of the treatment.</s>
<s id="s683.1">GROUNDS FOR THE AMENDMENT OF THE MARKETING AUTHORISATION</s>
<s id="s684.1">Whereas, the CHMP</s>
<s id="s685.1">- is of the Opinion that the benefit/ risk balance of medicinal products containing celecoxib in</s>
<s id="s686.1">the agreed indications remains favourable and the Marketing Authorisations should be maintained according to revised Summaries of Product Characteristics (attached in Annex III of the CHMP Opinion),</s>
<s id="s687.1">- concluded that the cardiovascular safety and serious skin reactions should be continuously</s>
<s id="s688.1">and carefully monitored and assessed,</s>
<s id="s689.1">- recommended to initiate a long term study to investigate the safety of celecoxib relative to non</s>
<s id="s690.1">selective NSAIDs.</s>
<s id="s691.1">- recommended follow up measures to further investigate the safety of celecoxib.</s>
<s id="s692.1">18 ANNEX III</s>
<s id="s693.1">SUMMARY OF THE PRODUCT CHARACTERISTICS</s>
<s id="s694.1">Note:</s>
<s id="s694.2">This SPC is the one that was Annexed to the Commission Decision on this Article 31 referral for celecoxib containing medicinal products.</s>
<s id="s694.3">The text was valid at that time.</s>
<s id="s695.1">After the Commission Decision, the Member State competent authorities will update the product information as required.</s>
<s id="s695.2">Therefore, this SPC may not necessarily represent the current text.</s>
<s id="s696.1">19 1 NAME OF THE MEDICINAL PRODUCT</s>
<s id="s697.1">{INVENTED NAME, see Annex I} 100 mg capsule, hard.</s>
<s id="s697.2">{INVENTED NAME, see Annex I} 200 mg capsule, hard.</s>
<s id="s698.1">2 QUALITATIVE AND QUANTITATIVE COMPOSITION</s>
<s id="s699.1">Each capsule contains 100 mg or 200 mg celecoxib.</s>
<s id="s699.2">For excipients, see 6.1.</s>
<s id="s700.1">3 PHARMACEUTICAL FORM</s>
<s id="s701.1">Capsule, hard.</s>
<s id="s701.2">Opaque, white with two blue bands marked 7767 and 100 (INVENTED NAME 100 mg).</s>
<s id="s701.3">Opaque, white with two gold bands marked 7767 and 200 (INVENTED NAME 200 mg).</s>
<s id="s702.1">4 CLINICAL PARTICULARS</s>
<s id="s703.1">4.1 Therapeutic indications Symptomatic relief in the treatment of osteoarthritis or rheumatoid arthritis.</s>
<s id="s704.1">The decision to prescribe a selective COX-2 inhibitor should be based on an assessment of the individual patient's overall risks (see sections 4.3, 4.4).</s>
<s id="s705.1">4.2 Posology and method of administration As the cardiovascular risks of celecoxib may increase with dose and duration of exposure, the shortest duration possible and the lowest effective daily dose should be used.</s>
<s id="s705.2">The patient's need for symptomatic relief and response to therapy should be re-evaluated periodically, especially in patients with osteoarthritis (4.3, 4.4, 4.8 and 5.1).</s>
<s id="s706.1">Osteoarthritis:</s>
<s id="s706.2">The usual recommended daily dose is 200 mg taken once daily or in two divided doses.</s>
<s id="s706.3">In some patients, with insufficient relief from symptoms, an increased dose of 200 mg twice daily may increase efficacy.</s>
<s id="s706.4">In the absence of an increase in therapeutic benefit after two weeks, other therapeutic options should be considered.</s>
<s id="s707.1">Rheumatoid arthritis:</s>
<s id="s707.2">The initial recommended daily dose is 200 mg taken in two divided doses.</s>
<s id="s707.3">The dose may, if needed, later be increased to 200 mg twice daily.</s>
<s id="s707.4">In the absence of an increase in therapeutic benefit after two weeks, other therapeutic options should be considered.</s>
<s id="s708.1">The maximum recommended daily dose is 400 mg for both indications.</s>
<s id="s708.2">{Invented name}may be taken with or without food.</s>
<s id="s709.1">Elderly &gt; 65 years:</s>
<s id="s709.2">As in younger adults, 200 mg per day should be used initially.</s>
<s id="s709.3">The dose may, if needed, later be increased to 200 mg twice daily.</s>
<s id="s709.4">Particular caution should be exercised in elderly with a body weight less than 50 kg.</s>
<s id="s709.5">(See 4.4 and 5.2).</s>
<s id="s710.1">Hepatic impairment:</s>
<s id="s710.2">Treatment should be initiated at half the recommended dose in patients with established moderate liver impairment with a serum albumin of 25-35 g/ l.</s>
<s id="s710.3">Experience in such patients is limited to cirrhotic patients (See 4.3, 4.4 and 5.2).</s>
<s id="s711.1">20 Renal impairment:</s>
<s id="s711.2">Experience with celecoxib in patients with mild or moderate renal impairment is limited, therefore such patients should be treated with caution.</s>
<s id="s711.3">(See 4.3, 4.4 and 5.2).</s>
<s id="s712.1">Children:</s>
<s id="s712.2">Celecoxib is not indicated for use in children.</s>
<s id="s713.1">4.3 Contraindications History of hypersensitivity to the active substance or to any of the excipients (see 6.1).</s>
<s id="s714.1">Known hypersensitivity to sulphonamides.</s>
<s id="s715.1">Active peptic ulceration or gastrointestinal (GI) bleeding.</s>
<s id="s716.1">Patients who have experienced asthma, acute rhinitis, nasal polyps, angioneurotic oedema, urticaria or other allergic-type reactions after taking acetylsalicylic acid or NSAIDs including COX-2 (cyclooxygenase-2) inhibitors.</s>
<s id="s717.1">In pregnancy and in women of childbearing potential unless using an effective method of contraception (See 4.5).</s>
<s id="s717.2">Celecoxib has been shown to cause malformations in the two animal species studied (See 4.6 and 5.3).</s>
<s id="s717.3">The potential for human risk in pregnancy is unknown, but cannot be excluded.</s>
<s id="s717.4">Breast feeding (See 4.6 and 5.3).</s>
<s id="s718.1">Severe hepatic dysfunction (serum albumin &lt; 25 g/ l or Child-Pugh score ≥ 10).</s>
<s id="s719.1">Patients with estimated creatinine clearance &lt; 30 ml/ min.</s>
<s id="s720.1">Inflammatory bowel disease.</s>
<s id="s721.1">Congestive heart failure (NYHA II-IV).</s>
<s id="s722.1">Established ischaemic heart disease, peripheral arterial disease and/ or cerebrovascular disease.</s>
<s id="s723.1">4.4 Special warnings and special precautions for use Upper gastrointestinal complications [perforations, ulcers or bleedings (PUBs)], some of them resulting in fatal outcome, have occurred in patients treated with celecoxib.</s>
<s id="s723.2">Caution is advised with treatment of patients most at risk of developing a gastrointestinal complication with NSAIDs; the elderly, patients using any other NSAID or acetylsalicylic acid concomitantly or patients with a prior history of gastrointestinal disease, such as ulceration and GI bleeding.</s>
<s id="s723.3">There is further increase in the risk of gastrointestinal adverse effects for celecoxib (gastrointestinal ulceration or other gastrointestinal complications), when celecoxib is taken concomitantly with acetylsalicylic acid (even at low doses).</s>
<s id="s723.4">A significant difference in GI safety between selective COX-2 inhibitors + acetylsalicylic acid vs.</s>
<s id="s723.5">NSAIDs + acetylsalicylic acid has not been demonstrated in long- term clinical trials (see 5.1).</s>
<s id="s724.1">Increased number of serious cardiovascular events, mainly myocardial infarction, has been found in a long-term placebo-controlled study in subjects with sporadic adenomatous polyps treated with celecoxib at doses of 200mg BID and 400mg BID compared to placebo (see 5.1).</s>
<s id="s725.1">As the cardiovascular risks of celecoxib may increase with dose and duration of exposure, the shortest duration possible and the lowest effective daily dose should be used.</s>
<s id="s725.2">The patient's need for symptomatic relief and response to therapy should be re-evaluated periodically, especially in patients with osteoarthritis (4.2, 4.3, 4.8 and 5.1).</s>
<s id="s726.1">Patients with significant risk factors for cardiovascular events (e. g. hypertension, hyperlipidaemia, diabetes mellitus, smoking) should only be treated with celecoxib after careful consideration (see 5.1).</s>
<s id="s727.1">COX-2 selective inhibitors are not a substitute for acetylsalicylic acid for prophylaxis of cardiovascular</s>
<s id="s728.1">21 thrombo-embolic diseases because of their lack of antiplatelet effects.</s>
<s id="s728.2">Therefore, antiplatelet therapies should not be discontinued (see section 5.1).</s>
<s id="s729.1">As with other drugs known to inhibit prostaglandin synthesis fluid retention and oedema have been observed in patients taking celecoxib.</s>
<s id="s729.2">Therefore, celecoxib should be used with caution in patients with history of cardiac failure, left ventricular dysfunction or hypertension, and in patients with pre-existing oedema from any other reason, since prostaglandin inhibition may result in deterioration of renal function and fluid retention.</s>
<s id="s729.3">Caution is also required in patients taking diuretic treatment or otherwise at risk of hypovolaemia.</s>
<s id="s730.1">Compromised renal or hepatic function and especially cardiac dysfunction are more likely in the elderly and therefore medically appropriate supervision should be maintained.</s>
<s id="s730.2">Clinical trials with celecoxib have shown renal effects similar to those observed with comparator NSAIDs.</s>
<s id="s731.1">If during treatment, patients deteriorate in any of the organ system functions described above, appropriate measures should be taken and discontinuation of celecoxib therapy should be considered.</s>
<s id="s732.1">Celecoxib inhibits CYP2D6.</s>
<s id="s732.2">Although it is not a strong inhibitor of this enzyme, a dose reduction may be necessary for individually dose-titrated drugs that are metabolised by CYP2D6 (See 4.5).</s>
<s id="s732.3">Patients known to be CYP2C9 poor metabolisers should be treated with caution (see 5.2.).</s>
<s id="s733.1">Serious skin reactions, some of them fatal, including exfoliative dermatitis, Stevens-Johnson syndrome, and toxic epidermal necrolysis, have been reported very rarely in association with the use ofcelecoxib (see 4.8).</s>
<s id="s733.2">Patients appear to be at highest risk for these reactions early in the course of therapy: the onset of the reaction occurring in the majority of cases within the first month of treatment.</s>
<s id="s733.3">Serious hypersensitivity reactions (anaphylaxis and angioedema) have been reported in patients receiving celecoxib (see 4.8).</s>
<s id="s733.4">Patients with a history of sulphonamide allergy or any drug allergy may be at greater risk of serious skin reactions or hypersensitivity reactions (see 4.3).</s>
<s id="s733.5">Celecoxib should be discontinued at the first appearance of skin rash, mucosal lesions, or any other sign of hypersensitivity.</s>
<s id="s734.1">Celecoxib may mask fever and other signs of inflammation.</s>
<s id="s735.1">In patients on concurrent therapy with warfarin, serious bleeding events have occurred.</s>
<s id="s735.2">Caution should be exercised when combining celecoxib with warfarin and other oral anticoagulants (See 4.5).</s>
<s id="s736.1">{Invented Name}100 mg and 200 mg capsules contain lactose (149.7 mg and 49.8 mg, respectively).</s>
<s id="s736.2">Patients with rare hereditary problems of galactose intolerance, the Lapp lactase deficiency or glucose- galactose malabsorption should not take this medicine.</s>
<s id="s737.1">4.5 Interaction with other medicinal products and other forms of interaction Pharmacodynamic interactions Anticoagulant activity should be monitored particularly in the first few days after initiating or changing the dose of celecoxib in patients receiving warfarin or other anticoagulants since these patients have an increased risk of bleeding complications.</s>
<s id="s737.2">Therefore, patients receiving oral anticoagulants should be closely monitored for their prothrombin time INR, particularly in the first few days when therapy with celecoxib is initiated or the dose of celecoxib is changed (see 4.4).</s>
<s id="s737.3">Bleeding events in association with increases in prothrombin time have been reported, predominantly in the elderly, in patients receiving celecoxib concurrently with warfarin, some of them fatal.</s>
<s id="s738.1">NSAIDs may reduce the effect of diuretics and antihypertensive medicinal products.</s>
<s id="s738.2">As for NSAIDs, the risk of acute renal insufficiency, which is usually reversible, may be increased in some patients with compromised renal function (e. g. dehydrated patients or elderly patients)when ACE inhibitors or angiotensin II receptor antagonists are combined with NSAIDs, including celecoxib.</s>
<s id="s738.3">Therefore, the combination should be administered with caution, especially in the elderly.</s>
<s id="s738.4">Patients should be adequately hydrated and consideration should be given to monitoring of renal function after initiation of concomitant therapy, and periodically thereafter.</s>
<s id="s739.1">22 Coadministration of NSAIDs and cyclosporin or tacrolimus have been suggested to increase the nephrotoxic effect of cyclosporin and tacrolimus.</s>
<s id="s739.2">Renal function should be monitored when celecoxib and any of these drugs are combined.</s>
<s id="s740.1">Celecoxib can be used with low-dose acetylsalicylic acid but is not a substitute for acetylsalicylic acid for cardiovascular prophylaxis.</s>
<s id="s740.2">In the submitted studies, as with other NSAIDs, an increased risk of gastrointestinal ulceration or other gastrointestinal complications compared to use of celecoxib alone was shown for concomitant administration of low-dose acetylsalicylic acid (see 5.1).</s>
<s id="s741.1">Pharmacokinetic interactions</s>
<s id="s742.1">Effects of celecoxib on other drugs Celecoxib is an inhibitor of CYP2D6.</s>
<s id="s742.2">During celecoxib treatment, the plasma concentrations of the CYP2D6 substrate dextromethorphan were increased by 136%.</s>
<s id="s742.3">The plasma concentrations of drugs that are substrates of this enzyme may be increased when celecoxib is used concomitantly.</s>
<s id="s742.4">Examples of drugs which are metabolised by CYP2D6 are antidepressants (tricyclics and SSRIs), neuroleptics, anti- arrhythmic drugs, etc.</s>
<s id="s742.5">The dose of individually dose-titrated CYP2D6 substrates may need to be reduced when treatment with celecoxib is initiated or increased if treatment with celecoxib is terminated.</s>
<s id="s743.1">In vitro studies have shown some potential for celecoxib to inhibit CYP2C19 catalysed metabolism.</s>
<s id="s743.2">The clinical significance of this in vitro finding is unknown.</s>
<s id="s743.3">Examples of drugs which are metabolised by CYP2C19 are diazepam, citalopram and imipramine.</s>
<s id="s744.1">In an interaction study, celecoxib had no clinically relevant effects on the pharmacokinetics of oral contraceptives (1 mg norethistherone / 35 microg ethinylestradiol).</s>
<s id="s745.1">Celecoxib does not affect the pharmacokinetics of tolbutamide (CYP2C9 substrate), or glibenclamide to a clinically relevant extent.</s>
<s id="s746.1">In patients with rheumatoid arthritis celecoxib had no statistically significant effect on the pharmacokinetics (plasma or renal clearance) of methotrexate (in rheumatologic doses).</s>
<s id="s746.2">However, adequate monitoring for methotrexate-related toxicity should be considered when combining these two drugs.</s>
<s id="s747.1">In healthy subjects, co-administration of celecoxib 200 mg twice daily with 450 mg twice daily of lithium resulted in a mean increase in Cmax of 16% and in AUC of 18% of lithium.</s>
<s id="s747.2">Therefore, patients on lithium treatment should be closely monitored when celecoxib is introduced or withdrawn.</s>
<s id="s748.1">Effects of other drugs on celecoxib</s>
<s id="s749.1">Since celecoxib is predominantly metabolised by CYP2C9 it should be used at half the recommended dose in patients receiving fluconazole.</s>
<s id="s749.2">Concomitant use of 200 mg single dose of celecoxib and 200 mg once daily of fluconazole, a potent CYP2C9 inhibitor, resulted in a mean increase in celecoxib Cmax of 60% and in AUC of 130%.</s>
<s id="s749.3">Concomitant use of inducers of CYP2C9 such as rifampicin, carbamazepine and barbiturates may reduce plasma concentrations of celecoxib.</s>
<s id="s750.1">Ketoconazole or antacids have not been observed to affect the pharmacokinetics of celecoxib.</s>
<s id="s751.1">4.6 Pregnancy and lactation No clinical data on exposed pregnancies are available for celecoxib.</s>
<s id="s751.2">Studies in animals (rats and rabbits) have shown reproductive toxicity, including malformations (see 4.3 and 5.3).</s>
<s id="s751.3">The potential for human risk in pregnancy is unknown, but cannot be excluded.</s>
<s id="s751.4">Celecoxib, as with other drugs inhibiting prostaglandin synthesis, may cause uterine inertia and premature closure of the ductus arteriosus during the last trimester.</s>
<s id="s751.5">Celecoxib is contraindicated in pregnancy and in women who can become pregnant (see 4.3 and 4.4).</s>
<s id="s751.6">If a woman becomes pregnant during treatment, celecoxib should be discontinued.</s>
<s id="s752.1">23 There are no studies on the excretion of celecoxib in human milk.</s>
<s id="s752.2">Celecoxib is excreted in the milk of lactating rats at concentrations similar to those in plasma.</s>
<s id="s752.3">Women who take celecoxib should not breastfeed.</s>
<s id="s753.1">4.7 Effects on ability to drive and use machines Patients who experience dizziness, vertigo or somnolence while taking celecoxib should refrain from driving or operating machinery.</s>
<s id="s754.1">4.8 Undesirable effects Approximately 7400 patients were treated with celecoxib in controlled trials and of those approximately 2300 have received it for 1 year or longer.</s>
<s id="s754.2">The following events have been reported in patients receiving celecoxib in 12 placebo and/ or active controlled trials.</s>
<s id="s754.3">Side-effects listed have a rate equal or greater than placebo, and the discontinuation rate due to side effects was 7.1% in patients receiving celecoxib and 6.1% in patients receiving placebo.</s>
<s id="s755.1">Additional reactions reported from post-marketing experience in &gt; 70 million treated patients include headache, nausea and arthralgia, and the reactions included as very rare, in italics in the list below.</s>
<s id="s756.1">[Very Common (&gt; 1/ 10), Common (≥ 1/ 100, &lt; 1/ 10) Uncommon (≥ 1/ 1000, &lt; 1/ 100) Rare (≥ 1/ 10,000, &lt; 1/ 1000) Very rare (&lt; 1/ 10,000 including isolated cases)]</s>
<s id="s757.1">Infections and infestations Common: sinusitis, upper respiratory tract infection Uncommon: urinary tract infection</s>
<s id="s758.1">Blood and the lymphatic system disorders Uncommon: anaemia Rare: leucopenia, thrombocytopenia Very rare: pancytopenia.</s>
<s id="s759.1">Immune system disorders:</s>
<s id="s759.2">Very rare: serious allergic reactions, anaphylactic shock</s>
<s id="s760.1">Metabolism and nutrition disorders Uncommon: hyperkalaemia</s>
<s id="s761.1">Psychiatric disorders Common: insomnia Uncommon: anxiety, depression, tiredness Very rare: confusion, hallucinations.</s>
<s id="s762.1">Nervous system disorders Common: dizziness Uncommon: blurred vision, hypertonia, paraesthesia Rare: ataxia, taste alteration Very rare: aggravated epilepsy, meningitis aseptic, ageusia, anosmia</s>
<s id="s763.1">Ear and labyrinth disorders Uncommon: tinnitus Very rare: decreased hearing</s>
<s id="s764.1">Cardiac disorders Uncommon: myocardial infarction*, heart failure, palpitations</s>
<s id="s765.1">Vascular disorders Uncommon: hypertension, hypertension aggravated</s>
<s id="s766.1">24 Rare: ischaemic stroke* Very rare: vasculitis.</s>
<s id="s767.1">Respiratory, thoracic and mediastinal disorders Common: pharyngitis, rhinitis Uncommon: cough, dyspnoea Very rare: bronchospasm.</s>
<s id="s768.1">Gastrointestinal disorders Common: abdominal pain, diarrhoea, dyspepsia, flatulence Uncommon: constipation, eructation, gastritis, stomatitis, vomiting, aggravation of gastrointestinal inflammation Rare: duodenal, gastricoesophageal, intestinal and colonic ulceration, dysphagia, intestinal perforation, oesophagitis, melaena Very rare: gastrointestinal haemorrhage, acute pancreatitis, colitis/ colitis aggravated.</s>
<s id="s769.1">Hepato-biliary disorders Uncommon: abnormal hepatic function Very rare: hepatitis, jaundice, hepatic failure.</s>
<s id="s770.1">Skin and subcutaneous tissue disorders Common: rash Uncommon: urticaria Rare: alopecia, photosensitivity Very rare: angioedema, exfoliative dermatitis, erythema multiforme, Stevens-Johnson syndrome, epidermal necrolysis,</s>
<s id="s771.1">Musculoskeletal and connective tissue disorders Uncommon: leg cramps Very rare: myositis</s>
<s id="s772.1">Renal and urinary disorders Very rare: acute renal failure, interstitial nephritis</s>
<s id="s773.1">Reproductive system and breast disorders Very rare: menstrual disorder NOS</s>
<s id="s774.1">General disorders and administration site conditions Common: peripheral oedema/ fluid retention</s>
<s id="s775.1">Investigations Uncommon: increased SGOT and SGPT, increased creatinine, BUN increased</s>
<s id="s776.1">*In a pooled analysis of 20 placebo-controlled studies with duration greater than 2 weeks up to 1 year in patients with OA and RA, the excess rate of myocardial infarction in patients treated with celecoxib 200 or 400 mg daily over placebo was 0.7 events per 1000 patients (Rare) and there was no excess of strokes.</s>
<s id="s777.1">In preliminary data from two studies in patients with colorectal polyps treated with celecoxib 400 mg daily (see Section 5.1) the excess rate over placebo of myocardial infarction over 3 years was 7 events per 1000 patients (Uncommon).</s>
<s id="s777.2">In the same studies, the excess rate for clearly identified ischaemic stroke for the 400 mg daily dose (not including events that were haemorrhagic or of unknown aetiology) was 0.5 event per 1000 over 3 years (Rare).</s>
<s id="s777.3">For all strokes, there was no increased event rate with celecoxib compared with placebo.</s>
<s id="s778.1">4.9 Overdose There is no clinical experience of overdose.</s>
<s id="s778.2">Single doses up to 1200 mg and multiple doses up to 1200</s>
<s id="s779.1">25 mg twice daily have been administered to healthy subjects for nine days without clinically significant adverse effects.</s>
<s id="s779.2">In the event of suspected overdose, appropriate supportive medical care should be provided e. g. by eliminating the gastric contents, clinical supervision and, if necessary, the institution of symptomatic treatment.</s>
<s id="s779.3">Dialysis is unlikely to be an efficient method of drug removal due to high protein binding.</s>
<s id="s780.1">5 PHARMACOLOGICAL PROPERTIES</s>
<s id="s781.1">5.1 Pharmacodynamic properties Pharmacotherapeutic group:</s>
<s id="s781.2">ATC code:</s>
<s id="s781.3">M01AH01.</s>
<s id="s782.1">Celecoxib is an oral, selective, cyclooxygenase-2 (COX-2) inhibitor within the clinical dose range (200-400 mg daily).</s>
<s id="s782.2">No statistically significant inhibition of COX-1 (assessed as ex vivo inhibition of thromboxane B2 [TxB2] formation) was observed in this dose range in healthy volunteers.</s>
<s id="s783.1">Cyclooxygenase is responsible for generation of prostaglandins.</s>
<s id="s783.2">Two isoforms, COX-1 and COX-2, have been identified.</s>
<s id="s783.3">COX-2 is the isoform of the enzyme that has been shown to be induced by pro- inflammatory stimuli and has been postulated to be primarily responsible for the synthesis of prostanoid mediators of pain, inflammation, and fever.</s>
<s id="s783.4">COX-2 is also involved in ovulation, implantation and closure of the ductus arteriosus, regulation of renal function, and central nervous system functions (fever induction, pain perception and cognitive function).</s>
<s id="s783.5">It may also play a role in ulcer healing.</s>
<s id="s783.6">COX-2 has been identified in tissue around gastric ulcers in man but its relevance to ulcer healing has not been established.</s>
<s id="s784.1">The difference in antiplatelet activity between some COX-1 inhibiting NSAIDs and COX-2 selective inhibitors may be of clinical significance in patients at risk of thrombo-embolic reactions.</s>
<s id="s784.2">COX-2 selective inhibitors reduce the formation of systemic (and therefore possibly endothelial) prostacyclin without affecting platelet thromboxane.</s>
<s id="s784.3">Celecoxib is a diaryl-substituted pyrazole, chemically similar to other non-arylamine sulfonamides (e. g. thiazides, furosemide) but differs from arylamine sulfonamides (e. g. sulfamethoxizole and other sulfonamide antibiotics).</s>
<s id="s785.1">A dose dependent effect on TxB2 formation has been observed after high doses of celecoxib.</s>
<s id="s785.2">However, in healthy subjects, in small multiple dose studies with 600 mg BID (three times the highest recommended dose) celecoxib had no effect on platelet aggregation and bleeding time compared to placebo.</s>
<s id="s786.1">Several clinical studies have been performed confirming efficacy and safety in osteoarthritis and rheumatoid arthritis.</s>
<s id="s786.2">Celecoxib was evaluated for the treatment of the inflammation and pain of OA of the knee and hip in approximately 4200 patients in placebo and active controlled trials of up to 12 weeks duration.</s>
<s id="s786.3">It was also evaluated for treatment of the inflammation and pain of RA in approximately 2100 patients in placebo and active controlled trials of up to 24 weeks duration.</s>
<s id="s786.4">Celecoxib at daily doses of 200 mg – 400 mg provided pain relief within 24 hours of dosing.</s>
<s id="s786.5">Five randomised double-blind controlled studies have been conducted including scheduled upper gastrointestinal endoscopy in approximately 4500 patients free from initial ulceration (celecoxib doses from 50 mg-400 mg BID).</s>
<s id="s786.6">In twelve week endoscopy studies celecoxib (100-800 mg per day) was associated with a significantly lower risk of gastroduodenal ulcers compared with naproxen (1000 mg per day) and ibuprofen (2400 mg per day).</s>
<s id="s786.7">The data were inconsistent in comparison with diclofenac (150 mg per day).</s>
<s id="s786.8">In two of the 12-week studies the percentage of patients with endoscopic gastroduodenal ulceration were not significantly different between placebo and celecoxib 200 mg BID and 400 mg BID.</s>
<s id="s787.1">In a prospective long-term safety outcome study (6 to 15 month duration, CLASS study), 5,800 OA and 2,200 RA patients received celecoxib 400 mg BID (4-fold and 2-fold the recommended OA and RA doses, respectively), ibuprofen 800 mg TID or diclofenac 75 mg BID (both at therapeutic doses).</s>
<s id="s787.2">Twenty-two percent of enrolled patients took concomitant low-dose acetylsalicylic acid (≤ 325 mg/ day), 26 primarily for cardiovascular prophylaxis.</s>
<s id="s787.3">For the primary endpoint complicated ulcers (defined as gastrointestinal bleeding, perforation or obstruction) celecoxib was not significantly different than either ibuprofen or diclofenac individually.</s>
<s id="s787.4">Also for the combined NSAID group there was no statically significant difference for complicated ulcers (relative risk 0,77, 95% CI 0.41-1.46, based on entire study duration).</s>
<s id="s787.5">For the combined endpoint, complicated and symptomatic ulcers, the incidence was significantly lower in the celecoxib group compared to the NSAID group, relative risk 0.66, 95% CI 0.45-0.97 but not between celecoxib and diclofenac.</s>
<s id="s787.6">Those patients on celecoxib and concomitant low- dose acetylsalicylic acid experienced 4 fold higher rates of complicated ulcers as compared to those on celecoxib alone.</s>
<s id="s787.7">The incidence of clinically significant decreases in haemoglobin (&gt; 2 g/ dL), confirmed by repeat testing, was significantly lower in patients on celecoxib compared to the NSAID group, relative risk 0.29, 95% CI 0.17- 0.48.</s>
<s id="s787.8">The significantly lower incidence of this event with celecoxib was maintained with or without acetylsalicylic acid use.</s>
<s id="s788.1">Ongoing Clinical Trials:</s>
<s id="s788.2">Preliminary safety information from three long-term studies involving patients with Sporadic Adenomatous Polyps or who were predisposed to developing Alzheimer’ s disease treated with celecoxib is available.</s>
<s id="s788.3">In one of the three studies, the APC (Prevention of Sporadic Colorectal Adenomas with Celecoxib), there was a dose-related increase in cardiovascular events (mainly myocardial infarction, MI) at celecoxib doses of 200 mg BID and 400 mg BID compared to placebo.</s>
<s id="s788.4">The increased risk became apparent after approximately 1 year of treatment.</s>
<s id="s788.5">The relative risk (RR) for the composite endpoint (cardiovascular death, MI or stroke) was 3.4 (95% CI 1.4 - 8.5) for the higher dose and 2.5 (95% CI 1.0 - 6.4) for the lower dose of celecoxib, compared to placebo.</s>
<s id="s788.6">The absolute risk for the composite endpoint was 3.0% for the higher dose of celecoxib, 2.2% for the lower dose of celecoxib, and 0.9% for placebo.</s>
<s id="s788.7">Preliminary data from the other two long-term studies did not show a significantly increased cardiovascular risk with celecoxib 200mg BID and 400mg QD compared to placebo.</s>
<s id="s788.8">This information will be updated as final data become available.</s>
<s id="s789.1">5.2 Pharmacokinetic properties Celecoxib is well absorbed reaching peak plasma concentrations after approximately 2-3 hours.</s>
<s id="s789.2">Dosing with food (high fat meal) delays absorption by about 1 hour.</s>
<s id="s790.1">Celecoxib is mainly eliminated by metabolism.</s>
<s id="s790.2">Less than 1% of the dose is excreted unchanged in urine.</s>
<s id="s790.3">The inter-subject variability in the exposure of celecoxib is about 10-fold.</s>
<s id="s790.4">Celecoxib exhibits dose- and time-independent pharmacokinetics in the therapeutic dose range.</s>
<s id="s790.5">Plasma protein binding is about 97% at therapeutic plasma concentrations and the drug is not preferentially bound to erythrocytes.</s>
<s id="s790.6">Elimination half-life is 8-12 hours.</s>
<s id="s790.7">Steady state plasma concentrations are reached within 5 days of treatment.</s>
<s id="s790.8">Pharmacological activity resides in the parent drug.</s>
<s id="s790.9">The main metabolites found in the circulation have no detectable COX-1 or COX-2 activity.</s>
<s id="s791.1">Celecoxib is metabolised in the liver by hydroxylation, oxidation and some glucuronidation.</s>
<s id="s791.2">The phase I metabolism is mainly catalysed by CYP2C9.</s>
<s id="s791.3">There is a genetic polymorphism of this enzyme.</s>
<s id="s791.4">Less than 1% of the population are poor metabolisers and have an enzyme with decreased activity.</s>
<s id="s791.5">Plasma concentrations of celecoxib are probably markedly increased in such patients.</s>
<s id="s791.6">Patients known to be CYP2C9 poor metabolisers should be treated with caution.</s>
<s id="s791.7">No clinically significant differences were found in PK parameters of celecoxib between elderly African-Americans and Caucasians.</s>
<s id="s792.1">The plasma concentration of celecoxib is approximately 100% increased in elderly women (&gt; 65 years).</s>
<s id="s793.1">Compared to subjects with normal hepatic function, patients with mild hepatic impairment had a mean increase in Cmax of 53% and in AUC of 26% of celecoxib.</s>
<s id="s793.2">The corresponding values in patients with moderate hepatic impairment were 41% and 146% respectively.</s>
<s id="s793.3">The metabolic capacity in patients with mild to moderate impairment was best correlated to their albumin values.</s>
<s id="s793.4">Treatment should be initiated at half the recommended dose in patients with moderate liver impairment (with serum albumin 25-35g/ L).</s>
<s id="s793.5">Patients with severe hepatic impairment (serum albumin &lt; 25 g/ l) have not been studied and celecoxib is contraindicated in this patient group.</s>
<s id="s794.1">There is little experience of celecoxib in renal impairment.</s>
<s id="s794.2">The pharmacokinetics of celecoxib has not</s>
<s id="s795.1">27 been studied in patients with renal impairment but is unlikely to be markedly changed in these patients.</s>
<s id="s795.2">Thus caution is advised when treating patients with renal impairment.</s>
<s id="s795.3">Severe renal impairment is contraindicated.</s>
<s id="s796.1">5.3 Preclinical safety data Conventional embryo-fetal toxicity studies resulted in dose dependent occurrences of diaphragmatic hernia in rat fetuses and of cardiovascular malformations in rabbit fetuses at systemic exposures to free drug approximately 5X (rat) and 3X (rabbit) higher than those achieved at the maximum recommended daily human dose (400 mg).</s>
<s id="s796.2">Diaphragmatic hernia was also seen in a peri-post natal toxicity study in rats, which included exposure during the organogenetic period.</s>
<s id="s796.3">In the latter study, at the lowest systemic exposure where this anomaly occurred in a single animal, the estimated margin relative to the maximum recommended daily human dose was 3X.</s>
<s id="s797.1">In animals, exposure to celecoxib during early embryonic development resulted in pre-implantation and post-implantation losses.</s>
<s id="s797.2">These effects are expected following inhibition of prostaglandin synthesis.</s>
<s id="s798.1">Celecoxib was excreted in rat milk.</s>
<s id="s798.2">In a peri-post natal study in rats, pup toxicity was observed.</s>
<s id="s799.1">Based on conventional studies, genotoxicity or carcinogenicity, no special hazard for humans was observed, beyond those addressed in other sections of the SmPC.</s>
<s id="s799.2">In a two-year toxicity study an increase in nonadrenal thrombosis was observed in male rat at high doses.</s>
<s id="s800.1">6 PHARMACEUTICAL PARTICULARS</s>
<s id="s801.1">6.1 List of excipients Capsules 100 mg contain lactose monohydrate, sodium lauryl sulphate, povidone K30, croscarmellose sodium and magnesium stearate.</s>
<s id="s801.2">Capsule shells contain gelatin, titanium dioxide E171; ink contains indigotine E132</s>
<s id="s802.1">Capsules 200 mg contain lactose monohydrate, sodium lauryl sulphate, povidone K30, croscarmellose sodium and magnesium stearate.</s>
<s id="s802.2">Capsule shells contain gelatin, titanium dioxide E171; ink contains iron oxide E172.</s>
<s id="s803.1">6.2 Incompatibilities Not applicable.</s>
<s id="s804.1">6.3 Shelf-life 3 years.</s>
<s id="s805.1">6.4 Special precautions for storage Do not store above 30oC.</s>
<s id="s806.1">6.5 Nature and content of container Clear or opaque PVC blisters or aluminium cold-formed blisters.</s>
<s id="s806.2">Pack of 2, 5, 6, 10, 20, 30, 40, 50, 60, 100, 10x10, 10x30, 10x50, 1x50 unit dose, 1x100 unit dose.</s>
<s id="s807.1">6.6 Instructions for use and handling, and disposal (if appropriate) No special requirements.</s>
<s id="s808.1">7 MARKETING AUTHORISATION HOLDER</s>
<s id="s809.1">{Name and address} [Country name in the language of the text, NO telephone, fax numbers, e-mail</s>
<s id="s810.1">28 addresses or websites.]</s>
<s id="s811.1">8 MARKETING AUTHORISATION NUMBER(S)</s>
<s id="s812.1">[Item to be completed by the Marketing Authorisation Holder once the Marketing Authorisation has been granted.]</s>
<s id="s813.1">9 DATE OF FIRST AUTHORISATION/ RENEWAL OF THE AUTHORISATION</s>
<s id="s814.1">[Item to be completed by the Marketing Authorisation Holder once the Marketing Authorisation has been granted or renewed.]</s>
<s id="s815.1">10 DATE OF REVISION OF THE TEXT</s>
<s id="s816.1">29 ANNEX IV</s>
<s id="s817.1">CONDITIONS OF THE MARKETING AUTHORISATION</s>
<s id="s818.1">30 Follow-up measures of the Marketing Authorisation Holder</s>
<s id="s819.1">As requested by the CHMP, the MAH agreed to submit the follow-up measures as listed below:</s>
<s id="s820.1">Area Description Clinical 1</s>
<s id="s821.1">The MAH commits to performing a global CV study to confirm long term CV safety of Celecoxib.</s>
<s id="s821.2">Furthermore, the MAH commits to continue dialogue with EMEA/ CHMP with regard to study design</s>
<s id="s822.1">Clinical 2</s>
<s id="s823.1">To submit an analysis of spontaneous reports for all serious skin reactions from the analysis of the RegiSCAR database and further discuss results with Rapporteur following submission.</s>
<s id="s824.1">Clinical 3</s>
<s id="s825.1">To provide final study reports for the following long-term trials APC/ Pre- SAP/ ADAPT in full, when available.</s>
<s id="s825.2">Where full study reports are not available to the MAH, it agrees to provide publications/ manuscripts in lieu of the study report(s).</s>
<s id="s826.1">Clinical 4</s>
<s id="s827.1">To continue to report all ADR frequencies, based on the adverse reaction profile derived from placebo controlled studies, particularly the long-term studies as well as other post marketing experience and make changes to the SPC in accordance with standard Pharmacovigilance reporting and procedures (PSUR, Type II variation within MRP).</s>
<s id="s828.1">Clinical 5</s>
<s id="s829.1">To provide all ongoing epidemiological studies in accordance with updates on on-going post marketing activities (for example, within PSURs for Celebra).</s>
<s id="s829.2">To continue to make available emerging clinical and epidemiological data through publications and, where possible, in scientific congresses.</s>
<s id="s829.3">Final study reports will be shared with Agencies when available.</s>
<s id="s830.1">31</s>
</body>
</letsmt>
