<?xml version="1.0" encoding="utf-8"?>
<letsmt version="1.0">
<head></head>
<body>
<s id="s1.1">European Medicines Agency</s>
<s id="s2.1">28 November 2005 EMEA/ CHMP/ 323166/ 2005 COMMITTEE FOR MEDICINAL PRODUCTS FOR HUMAN USE (CHMP) OPINION FOLLOWING AN ARTICLE 31 REFERRAL</s>
<s id="s3.1">FOR ALL MEDICINAL PRODUCTS CONTAINING CELECOXIB, ETORICOXIB, LUMIRACOXIB, PARECOXIB, AND VALDECOXIB</s>
<s id="s4.1">International Non-Proprietary Name (INN):</s>
<s id="s4.2">CELECOXIB</s>
<s id="s5.1">BACKGROUND INFORMATION</s>
<s id="s6.1">The COX-2 inhibitors celecoxib, etoricoxib, lumiracoxib, parecoxib, rofecoxib and valdecoxib comprise a relatively new group of substances whose common pharmacological action is the selective inhibition of cyclooxygenase-2.</s>
<s id="s6.2">COX-2 inhibitors have been introduced in medical practice for treatment of patients with chronic inflammatory degenerative diseases such as rheumatoid arthritis and osteoarthritis.</s>
<s id="s7.1">In September 2004, the Marketing Authorisation Holder of rofecoxib informed the EMEA that new clinical trial (APPROVe) data for rofecoxib have revealed a risk of thrombotic cardiovascular events.</s>
<s id="s7.2">These data resulted in the worldwide withdrawal of rofecoxib (Vioxx) from the market on 30 September 2004 by the Marketing Authorisation Holder and raised questions regarding the cardiovascular safety of other Cox-2 inhibitors.</s>
<s id="s8.1">Further to discussions at the CHMP October 2004 plenary meeting, the European Commission recommended that this public health issue on all aspects of cardiovascular safety including thrombotic events and cardio-renal events should be the subject of Community referrals under Article 31 of Directive 2001/ 83/ EC, as amended regarding decentrally authorised products containing celecoxib, etoricoxib and lumiracoxib and subject to a review procedure under Article 18 of Council Regulation (EEC) No 2309/ 93, as amended regarding the centrally authorised products containing celecoxib (Onsenal), parecoxib (Dynastat/ Rayzon) and valdecoxib (Bextra/ Valdyn).</s>
<s id="s8.2">These review procedures were started in November 2004.</s>
<s id="s9.1">On 18 November 2004, the CHMP requested comprehensive cardiovascular safety information for these products.</s>
<s id="s10.1">On 7 April 2005, the FDA (Food and Drug Administration) and the EMEA requested Pfizer to voluntarily withdraw Bextra (valdecoxib) from the market.</s>
<s id="s10.2">Pfizer agreed to suspend sale and marketing of Bextra worldwide pending further discussions on the unfavorable risk versus benefit due to data on serious skin reactions.</s>
<s id="s11.1">On 20 April 2005, Pfizer presented data on serious skin reactions for valdecoxib during a hearing.</s>
<s id="s12.1">Therefore, on 20 April 2005 further to a request from the EC, the CHMP broadened the scope of the procedure under Article 31 of Directive 2001/ 83/ EC, as amended and the review procedure under Article 18 of Council Regulation (EEC) No 2309/ 93, to include the assessment of serious skin reactions in the ongoing class review in addition to the cardiovascular safety aspects.</s>
<s id="s13.1">The Marketing Authorisation Holder of celecoxib provided written explanations by 10 January, 26 January and 10 May 2005.</s>
<s id="s13.2">Oral explanations were given by the Marketing Authorisation Holder on 18 January 2005, 15 February 2005 and 25 May 2005.</s>
<s id="s14.1">Public7 Westferry Circus, Canary Wharf, London, E14 4HB, UK Tel.</s>
<s id="s14.2">(44-20) 74 18 84 00 Fax (44-20) 74 18 86 68 E-mail: mail@emea. eu. int http: / /www. emea. eu. int  EMEA 2005 Reproduction and/ or distribution of this document is authorised for non commercial purposes only provided the EMEA is acknowledged Upon consideration of all available data, the CHMP adopted an opinion for celecoxib on 23 June 2005 recommending the maintenance of the Marketing Authorisations for celecoxib containing medicinal products in the indications stated in the Summary of Product Characteristics as set out in Annex III.</s>
<s id="s15.1">The list of product names concerned is given in Annex I.</s>
<s id="s15.2">The scientific conclusions are provided in Annex II, together with the amended Summary of Product Characteristics in Annex III.</s>
<s id="s16.1">On the basis of the CHMP Opinion, the European Commission issued a Decision on 28 November 2005.</s>
<s id="s17.1">* Notes:</s>
<s id="s17.2">The information given in this document and Annexes reflect only the CHMP Opinion dated 23 June 2005.</s>
<s id="s17.3">The competent authorities of the Member States will continue to keep the product under regular review.</s>
<s id="s18.1">2/ 2  EMEA 2005</s>
</body>
</letsmt>
