<?xml version="1.0" encoding="utf-8"?>
<letsmt version="1.0">
<head></head>
<body>
<s id="s1.1">ANNEX I</s>
<s id="s2.1">SUMMARY OF PRODUCT CHARACTERISTICS</s>
<s id="s3.1">1 1.</s>
<s id="s3.2">NAME OF THE VETERINARY MEDICINAL PRODUCT</s>
<s id="s4.1">Purevax FeLV</s>
<s id="s5.1">2.</s>
<s id="s5.2">QUALITATIVE AND QUANTITATIVE COMPOSITION</s>
<s id="s6.1">Active substance(s) FeLV recombinant Canarypox virus (vCP97)......... ≥ 10 7.2 CCID50 (cell culture infective dose 50%) For a full list of excipients, see section 6.1.</s>
<s id="s7.1">3.</s>
<s id="s7.2">PHARMACEUTICAL FORM</s>
<s id="s8.1">Suspension for injection</s>
<s id="s9.1">4.</s>
<s id="s9.2">CLINICAL PARTICULARS</s>
<s id="s10.1">4.1 Target species</s>
<s id="s11.1">Cats</s>
<s id="s12.1">4.2 Indications for use, specifying the target species</s>
<s id="s13.1">Active immunisation of cats of 8 weeks of age or older against feline leukaemia for the prevention of persistent viraemia and clinical signs of the related disease.</s>
<s id="s13.2">Onset of immunity has been demonstrated 2 weeks after primary vaccination course.</s>
<s id="s13.3">The duration of immunity is one year after the last vaccination.</s>
<s id="s14.1">4.3 Contraindications</s>
<s id="s15.1">Do not use in pregnant animals.</s>
<s id="s15.2">Use is not recommended during lactation.</s>
<s id="s16.1">4.4 Special warnings</s>
<s id="s17.1">None</s>
<s id="s18.1">4.5 Special precautions for use</s>
<s id="s19.1">Special precautions for use in animals</s>
<s id="s20.1">.</s>
<s id="s20.2">Vaccinate only healthy animals..</s>
<s id="s20.3">It is recommended that a test for FeLV antigenaemia be carried out prior to vaccination..</s>
<s id="s20.4">Vaccination of FeLV positive cats is of no benefit.</s>
<s id="s21.1">Special precautions to be taken by the person administering the veterinary medicinal product to animals</s>
<s id="s22.1">In case of accidental self-injection, seek medical advice immediately and show the package leaflet or the label to the physician.</s>
<s id="s23.1">2 4.6 Adverse reactions (frequency and seriousness)</s>
<s id="s24.1">.</s>
<s id="s24.2">In exceptional circumstances a hypersensitivity reaction may occur, which may require appropriate symptomatic treatment..</s>
<s id="s24.3">A temporary small (&lt; 2 cm) nodule may appear at the site of injection which regresses within 1 to 4 weeks..</s>
<s id="s24.4">Transient lethargy and hyperthermia may occur for 1 day, exceptionally 2 days.</s>
<s id="s25.1">4.7 Use during pregnancy, lactation or lay</s>
<s id="s26.1">Do not use in pregnant animals.</s>
<s id="s26.2">Use is not recommended during lactation.</s>
<s id="s27.1">4.8 Interaction with other medicinal products and other forms of interaction</s>
<s id="s28.1">Safety and efficacy data are available which demonstrate that this vaccine can be administered the same day but not mixed with Merial adjuvanted vaccines (various combinations of feline viral rhinotracheitis, calicivirosis, panleukopenia and rabies components).</s>
<s id="s28.2">Safety and efficacy data are available which demonstrate that this vaccine can be mixed with Merial non-adjuvanted vaccine range (various combinations of feline viral rhinotracheitis, calicivirosis, panleukopenia and chlamydiosis components) and/ or administered the same day but not mixed with Merial adjuvanted vaccine against rabies.</s>
<s id="s29.1">4.9 Amounts to be administered and administration route</s>
<s id="s30.1">Inject by subcutaneous route one 1-ml dose of vaccine according to the following schedule:</s>
<s id="s31.1">Basic vaccination:</s>
<s id="s32.1">first injection: from 8 weeks of age, second injection:</s>
<s id="s32.2">3 to 5 weeks later.</s>
<s id="s33.1">Revaccination:</s>
<s id="s34.1">annual</s>
<s id="s35.1">4.10 Overdose (symptoms, emergency procedures, antidotes), if necessary</s>
<s id="s36.1">No undesirable effect has been observed after the administration of several doses except those mentioned in the “ Adverse reactions” section.</s>
<s id="s37.1">4.11 Withdrawal period(s)</s>
<s id="s38.1">Not applicable</s>
<s id="s39.1">5.</s>
<s id="s39.2">IMMUNOLOGICAL PROPERTIES</s>
<s id="s40.1">Vaccine against feline leukaemia.</s>
<s id="s41.1">The vaccine strain is a recombinant canarypox virus expressing the env and gag genes of FeLV-A.</s>
<s id="s41.2">Under field conditions, only sub-group A is infective and immunisation against sub-group A provides full protection against A, B and C.</s>
<s id="s41.3">After inoculation, the virus expresses the protective proteins, but does not replicate in the cat.</s>
<s id="s41.4">As a consequence, the vaccine induces an immune status against feline leukaemia virus.</s>
<s id="s42.1">ATC vet code:</s>
<s id="s42.2">QI06AD</s>
<s id="s43.1">3 6.</s>
<s id="s43.2">PHARMACEUTICAL PARTICULARS</s>
<s id="s44.1">6.1 List of excipients</s>
<s id="s45.1">Salts Water for injections.</s>
<s id="s46.1">6.2 Incompatibilities</s>
<s id="s47.1">Do not mix with any other vaccine or immunological product except Merial non-adjuvanted vaccine range.</s>
<s id="s48.1">6.3 Shelf life</s>
<s id="s49.1">2 years Use immediately after broaching.</s>
<s id="s50.1">6.4.</s>
<s id="s50.2">Special precautions for storage</s>
<s id="s51.1">Store and transport at 2°C – 8°C (in a refrigerator), protected from light.</s>
<s id="s51.2">Do not freeze.</s>
<s id="s52.1">6.5 Nature and composition of immediate packaging</s>
<s id="s53.1">Nature of primary packaging elements:. type I glass bottle.. closure: butyl elastomer closure, sealed with an aluminium cap</s>
<s id="s54.1">Packaging:</s>
<s id="s55.1">1 dose bottle of suspension:. box of 10 x 1 bottles.. box of 20 x 1 bottles.. box of 50 x 1 bottles.</s>
<s id="s56.1">Not all pack sizes may be marketed.</s>
<s id="s57.1">6.6 Special precautions for the disposal of unused veterinary medicinal product or waste materials derived from the use of such products</s>
<s id="s58.1">Dispose of waste material by boiling, incineration or immersion in an appropriate disinfectant or by appropriate channels approved for use by the competent authorities.</s>
<s id="s59.1">7.</s>
<s id="s59.2">MARKETING AUTHORISATION HOLDER</s>
<s id="s60.1">MERIAL 29 avenue Tony Garnier F-69007 LYON FRANCE</s>
<s id="s61.1">8.</s>
<s id="s61.2">MARKETING AUTHORISATION NUMBER(S)</s>
<s id="s62.1">EU/ 2/ 00/ 019/ 005-007</s>
<s id="s63.1">4 9.</s>
<s id="s63.2">DATE OF FIRST AUTHORISATION/ RENEWAL OF THE AUTHORISATION</s>
<s id="s64.1">18/ 04/ 2005</s>
<s id="s65.1">10 DATE OF REVISION OF THE TEXT</s>
<s id="s66.1">22.01.2008</s>
<s id="s67.1">Detailed information on this veterinary medicinal product is available on the website of the European Medicines Agency (EMEA) http: / /www. emea. europa. eu</s>
<s id="s68.1">PROHIBITION OF SALE, SUPPLY AND/ OR USE</s>
<s id="s69.1">Not applicable.</s>
<s id="s70.1">5 ANNEX II</s>
<s id="s71.1">A.</s>
<s id="s71.2">MANUFACTURER(S) OF THE BIOLOGICAL ACTIVE SUBSTANCE(S) AND MANUFACTURING AUTHORISATION HOLDER(S) RESPONSIBLE FOR BATCH RELEASE</s>
<s id="s72.1">B.</s>
<s id="s72.2">CONDITIONS OR RESTRICTIONS OF THE MARKETING AUTHORISATION REGARDING SUPPLY OR USE</s>
<s id="s73.1">C.</s>
<s id="s73.2">CONDITIONS OR RESTRICTIONS OF THE MARKETING AUTHORISATION WITH REGARD TO SAFE AND EFFECTIVE USE</s>
<s id="s74.1">D.</s>
<s id="s74.2">STATEMENT OF THE MRLs</s>
<s id="s75.1">6 A.</s>
<s id="s75.2">MANUFACTURER(S) OF THE BIOLOGICAL ACTIVE SUBSTANCE(S) AND MANUFACTURING AUTHORISATION HOLDER(S) RESPONSIBLE FOR BATCH RELEASE</s>
<s id="s76.1">Name and address of the manufacturer of the biological active substance(s) MERIAL Laboratoire Porte des Alpes Rue de l’ Aviation F-69800 SAINT PRIEST FRANCE</s>
<s id="s77.1">MERIAL Laboratoire Lyon Gerland 254, rue Marcel Mérieux F-69007 Lyon FRANCE</s>
<s id="s78.1">Name and address of the manufacturer responsible for batch release</s>
<s id="s79.1">MERIAL Laboratoire Porte des Alpes Rue de l’ Aviation F-69800 SAINT PRIEST FRANCE</s>
<s id="s80.1">B.</s>
<s id="s80.2">CONDITIONS OR RESTRICTIONS OF THE MARKETING AUTHORISATION REGARDING SUPPLY OR USE</s>
<s id="s81.1">To be supplied only on veterinary prescription.</s>
<s id="s82.1">C.</s>
<s id="s82.2">CONDITIONS OR RESTRICTIONS OF THE MARKETING AUTHORISATION WITH REGARD TO THE SAFE AND EFFECTIVE USE OF THE PRODUCT</s>
<s id="s83.1">Not applicable</s>
<s id="s84.1">D.</s>
<s id="s84.2">STATEMENT OF THE MRLs</s>
<s id="s85.1">Not applicable</s>
<s id="s86.1">7 ANNEX III</s>
<s id="s87.1">LABELLING AND PACKAGE LEAFLET</s>
<s id="s88.1">8 A.</s>
<s id="s88.2">LABELLING</s>
<s id="s89.1">9 PARTICULARS TO APPEAR ON THE OUTER PACKAGE {NATURE/ TYPE}</s>
<s id="s90.1">suspension</s>
<s id="s91.1">1.</s>
<s id="s91.2">NAME OF THE VETERINARY MEDICINAL PRODUCT</s>
<s id="s92.1">Purevax FeLV</s>
<s id="s93.1">2.</s>
<s id="s93.2">STATEMENT OF ACTIVE AND OTHER SUBSTANCES</s>
<s id="s94.1">FeLV recombinant Canarypox virus (vCP97)......... ≥ 10 7.2 CCID50</s>
<s id="s95.1">3.</s>
<s id="s95.2">PHARMACEUTICAL FORM</s>
<s id="s96.1">Suspension for injection</s>
<s id="s97.1">4.</s>
<s id="s97.2">PACKAGE SIZE</s>
<s id="s98.1">10 doses:</s>
<s id="s98.2">1-ml suspension (10 bottles) 20 doses:</s>
<s id="s98.3">1-ml suspension (20 bottles) 50 doses:</s>
<s id="s98.4">1-ml suspension (50 bottles)</s>
<s id="s99.1">5.</s>
<s id="s99.2">TARGET SPECIES</s>
<s id="s100.1">Cats</s>
<s id="s101.1">6.</s>
<s id="s101.2">INDICATION(S)</s>
<s id="s102.1">Read the package leaflet before use.</s>
<s id="s103.1">7.</s>
<s id="s103.2">METHOD AND ROUTE(S) OF ADMINISTRATION</s>
<s id="s104.1">Subcutaneous use.</s>
<s id="s105.1">8.</s>
<s id="s105.2">WITHDRAWAL PERIOD</s>
<s id="s106.1">Not applicable</s>
<s id="s107.1">9.</s>
<s id="s107.2">SPECIAL WARNING(S), IF NECESSARY</s>
<s id="s108.1">Read the package leaflet before use.</s>
<s id="s109.1">10 10.</s>
<s id="s109.2">EXPIRY DATE</s>
<s id="s110.1">EXP (dd/ mm/ yy) Use immediately after broaching</s>
<s id="s111.1">11.</s>
<s id="s111.2">SPECIAL STORAGE CONDITIONS</s>
<s id="s112.1">Store and transport at 2°C – 8°C (in a refrigerator), protected from light.</s>
<s id="s112.2">Do not freeze.</s>
<s id="s113.1">12.</s>
<s id="s113.2">SPECIAL PRECAUTIONS FOR THE DISPOSAL OF UNUSED PRODUCTS OR WASTE MATERIALS, IF ANY</s>
<s id="s114.1">Read the package leaflet before use.</s>
<s id="s115.1">13.</s>
<s id="s115.2">THE WORDS “ FOR ANIMAL TREATMENT ONLY” AND CONDITIONS OR RESTRICTIONS REGARDING SUPPLY AND USE, if applicable</s>
<s id="s116.1">For animal treatment only - to be supplied only on veterinary prescription.</s>
<s id="s117.1">14.</s>
<s id="s117.2">THE WORDS “ KEEP OUT OF THE REACH AND SIGHT OF CHILDREN”</s>
<s id="s118.1">Keep out of the reach and sight of children.</s>
<s id="s119.1">15.</s>
<s id="s119.2">NAME AND ADDRESS OF THE MARKETING AUTHORISATION HOLDER</s>
<s id="s120.1">MERIAL 29 avenue Tony Garnier F-69007 LYON FRANCE</s>
<s id="s121.1">16.</s>
<s id="s121.2">MARKETING AUTHORISATION NUMBER(S)</s>
<s id="s122.1">EU/ 2/ 00/ 019/ 005 10 doses:</s>
<s id="s122.2">1-ml suspension (10 bottles) EU/ 2/ 00/ 019/ 006 20 doses:</s>
<s id="s122.3">1-ml suspension (20 bottles) EU/ 2/ 00/ 019/ 007 50 doses:</s>
<s id="s122.4">1-ml suspension (50 bottles)</s>
<s id="s123.1">17.</s>
<s id="s123.2">MANUFACTURER’ S BATCH NUMBER</s>
<s id="s124.1">Lot</s>
<s id="s125.1">11 MINIMUM PARTICULARS TO APPEAR ON SMALL IMMEDIATE PACKAGING UNITS</s>
<s id="s126.1">{suspension}</s>
<s id="s127.1">1.</s>
<s id="s127.2">NAME OF THE VETERINARY MEDICINAL PRODUCT</s>
<s id="s128.1">Purevax FeLV suspension for injection</s>
<s id="s129.1">2.</s>
<s id="s129.2">QUANTITY OF THE ACTIVE SUBSTANCE(S)</s>
<s id="s130.1">Read the package leaflet before use</s>
<s id="s131.1">3.</s>
<s id="s131.2">CONTENTS BY WEIGHT, BY VOLUME OR BY NUMBER OF DOSES</s>
<s id="s132.1">1 dose</s>
<s id="s133.1">4.</s>
<s id="s133.2">ROUTE(S) OF ADMINISTRATION</s>
<s id="s134.1">Subcutaneous use</s>
<s id="s135.1">5.</s>
<s id="s135.2">WITHDRAWAL PERIOD</s>
<s id="s136.1">Not applicable</s>
<s id="s137.1">6.</s>
<s id="s137.2">BATCH NUMBER</s>
<s id="s138.1">Lot</s>
<s id="s139.1">7.</s>
<s id="s139.2">EXPIRY DATE</s>
<s id="s140.1">EXP</s>
<s id="s141.1">8.</s>
<s id="s141.2">THE WORDS “ FOR ANIMAL TREATMENT ONLY”</s>
<s id="s142.1">For animal treatment only.</s>
<s id="s143.1">12 B.</s>
<s id="s143.2">PACKAGE LEAFLET</s>
<s id="s144.1">13 PACKAGE LEAFLET Purevax FeLV Suspension for injection</s>
<s id="s145.1">1.</s>
<s id="s145.2">NAME AND ADDRESS OF THE MARKETING AUTHORISATION HOLDER AND OF THE MANUFACTURING AUTHORISATION HOLDER RESPONSIBLE FOR BATCH RELEASE, IF DIFFERENT</s>
<s id="s146.1">Marketing authorisation holder MERIAL 29 avenue Tony Garnier F-69007 LYON FRANCE</s>
<s id="s147.1">Manufacturing authorisation holder responsible for batch release MERIAL Laboratoire Porte des Alpes Rue de l’ Aviation F-69800 SAINT PRIEST FRANCE</s>
<s id="s148.1">2.</s>
<s id="s148.2">NAME OF THE VETERINARY MEDICINAL PRODUCT</s>
<s id="s149.1">Purevax FeLV Suspension for injection</s>
<s id="s150.1">3.</s>
<s id="s150.2">STATEMENT OF THE ACTIVE SUBSTANCE(S) AND OTHER INGREDIENT(S)</s>
<s id="s151.1">FeLV recombinant Canarypox virus (vCP97)......... ≥ 10 7.2 CCID50 (cell culture infective dose 50%)</s>
<s id="s152.1">4.</s>
<s id="s152.2">INDICATION(S)</s>
<s id="s153.1">Active immunisation of cats of 8 weeks of age or older against feline leukaemia for the prevention of persistent viraemia and clinical signs of the related disease.</s>
<s id="s153.2">Onset of immunity has been demonstrated 2 weeks after primary vaccination course.</s>
<s id="s153.3">The duration of immunity is one year after the last vaccination.</s>
<s id="s154.1">5.</s>
<s id="s154.2">CONTRAINDICATIONS</s>
<s id="s155.1">Do not use in pregnant animals.</s>
<s id="s155.2">Use is not recommended during lactation.</s>
<s id="s156.1">6.</s>
<s id="s156.2">ADVERSE REACTIONS</s>
<s id="s157.1">.</s>
<s id="s157.2">In exceptional circumstances a hypersensitivity reaction may occur, which may require appropriate symptomatic treatment..</s>
<s id="s157.3">A temporary small (&lt; 2 cm) nodule may appear at the site of injection which regresses within 1 to 4 weeks.</s>
<s id="s157.4">Transient lethargy and hyperthermia may occur for 1 day, exceptionally 2 days.</s>
<s id="s157.5">If you notice any serious effects or other effects not mentioned in this leaflet, please inform your veterinary surgeon.</s>
<s id="s158.1">14 7.</s>
<s id="s158.2">TARGET SPECIES</s>
<s id="s159.1">Cats</s>
<s id="s160.1">8.</s>
<s id="s160.2">DOSAGE FOR EACH SPECIES, ROUTE(S) AND METHOD OF ADMINISTRATION</s>
<s id="s161.1">Subcutaneous use One 1-ml dose of vaccine according to the following schedule:</s>
<s id="s161.2">Basic vaccination:</s>
<s id="s162.1">first injection: from 8 weeks of age, second injection:</s>
<s id="s162.2">3 to 5 weeks later.</s>
<s id="s163.1">Revaccination:</s>
<s id="s164.1">annual</s>
<s id="s165.1">9.</s>
<s id="s165.2">ADVICE ON CORRECT ADMINISTRATION</s>
<s id="s166.1">Shake well before use.</s>
<s id="s167.1">10.</s>
<s id="s167.2">WITHDRAWAL PERIOD</s>
<s id="s168.1">Not applicable</s>
<s id="s169.1">11.</s>
<s id="s169.2">SPECIAL STORAGE PRECAUTIONS</s>
<s id="s170.1">.</s>
<s id="s170.2">Keep out of the reach and sight of children..</s>
<s id="s170.3">Store and transport at 2°C – 8°C (in a refrigerator), protected from light.</s>
<s id="s170.4">Do not freeze..</s>
<s id="s170.5">Use immediately after broaching..</s>
<s id="s170.6">Do not use after the expiry date stated on the label.</s>
<s id="s171.1">12.</s>
<s id="s171.2">SPECIAL WARNING(S)</s>
<s id="s172.1">Vaccinate only healthy animals.</s>
<s id="s172.2">It is recommended that a test for FeLV antigenaemia be carried out prior to vaccination.</s>
<s id="s172.3">Vaccination of FeLV positive cats is of no benefit.</s>
<s id="s173.1">In case of accidental self-injection, seek medical advice immediately and show the package leaflet or the label to the physician.</s>
<s id="s174.1">Do not use in pregnant animals.</s>
<s id="s174.2">Use is not recommended during lactation.</s>
<s id="s175.1">Safety and efficacy data are available which demonstrate that this vaccine can be administered the same day but not mixed with Merial adjuvanted vaccines (various combinations of feline viral rhinotracheitis, calicivirosis, panleukopenia and rabies components).</s>
<s id="s175.2">Safety and efficacy data are available which demonstrate that this vaccine can be mixed with Merial non-adjuvanted vaccine range (various combinations of feline viral rhinotracheitis, calicivirosis, panleukopenia and chlamydiosis components) and/ or administered the same day but not mixed with Merial adjuvanted vaccine against rabies.</s>
<s id="s176.1">15 No undesirable effect has been observed after the administration of several doses except those mentioned in the “ Adverse reactions” section.</s>
<s id="s177.1">Do not mix with any other vaccine or immunological product except Merial non-adjuvanted vaccine range.</s>
<s id="s178.1">13.</s>
<s id="s178.2">SPECIAL PRECAUTIONS FOR THE DISPOSAL OF UNUSED PRODUCT OR WASTE MATERIALS, IF ANY</s>
<s id="s179.1">Dispose of waste material by boiling, incineration or immersion in an appropriate disinfectant or by appropriate channels approved for use by the competent authorities.</s>
<s id="s180.1">14.</s>
<s id="s180.2">DATE ON WHICH THE PACKAGE LEAFLET WAS LAST APPROVED</s>
<s id="s181.1">22.01.2008</s>
<s id="s182.1">Detailed information on this product is available on the website of the European Medicines Agency (EMEA) http: / /www. emea. europa. eu</s>
<s id="s183.1">15.</s>
<s id="s183.2">OTHER INFORMATION</s>
<s id="s184.1">Vaccine against feline leukaemia.</s>
<s id="s185.1">The vaccine strain is a recombinant canarypox virus expressing the env and gag genes of FeLV-A.</s>
<s id="s185.2">Under field conditions, only sub-group A is infective and immunisation against sub-group A provides full protection against A, B and C.</s>
<s id="s185.3">After inoculation, the virus expresses the protective proteins, but does not replicate in the cat.</s>
<s id="s185.4">As a consequence, the vaccine induces an immune status against feline leukaemia virus.</s>
<s id="s186.1">Box of 10 x 1 bottles.</s>
<s id="s186.2">Box of 20 x 1 bottles.</s>
<s id="s186.3">Box of 50 x 1 bottles.</s>
<s id="s186.4">Not all pack sizes may be marketed.</s>
<s id="s187.1">To be supplied only on veterinary prescription.</s>
<s id="s188.1">16</s>
</body>
</letsmt>
