<?xml version="1.0" encoding="utf-8"?>
<text>
<head id="1">
<s id="s1.1">
 <w id="w1.1.1">EU</w> 
 <w id="w1.1.2">številka</w>
</s></head>

<head id="2">
<s id="s2.1">
 <w id="w2.1.1">Lastniško</w> 
 <w id="w2.1.2">ime</w>
</s></head>

<head id="3">
<s id="s3.1">
 <w id="w3.1.1">Jakost</w>
</s></head>

<head id="4">
<s id="s4.1">
 <w id="w4.1.1">Farmacevtska</w> 
 <w id="w4.1.2">oblika</w>
</s></head>

<head id="5">
<s id="s5.1">
 <w id="w5.1.1">Način</w> 
 <w id="w5.1.2">aplikacije</w>
</s></head>

<head id="6">
<s id="s6.1">
 <w id="w6.1.1">Pakiranje</w>
</s></head>

<head id="7">
<s id="s7.1">
 <w id="w7.1.1">Vsebina</w>
</s></head>

<head id="8">
<s id="s8.1">
 <w id="w8.1.1">Velikost</w> 
 <w id="w8.1.2">pakiranja</w>
</s></head>

<head id="9">
<s id="s9.1">
 <w id="w9.1.1">EU/</w>
 <w id="w9.1.2">1/</w>
 <w id="w9.1.3">02/</w>
 <w id="w9.1.4">229/</w>
 <w id="w9.1.5">001</w>
</s></head>

<head id="10">
<s id="s10.1">
 <w id="w10.1.1">Actraphane</w> 
 <w id="w10.1.2">30</w>
</s></head>

<head id="11">
<s id="s11.1">
 <w id="w11.1.1">40</w> 
 <w id="w11.1.2">i.</w>
 <w id="w11.1.3">e</w>
 <w id="w11.1.4">.</w>
</s></head>

<p id="12">
<s id="s12.1">
 <w id="w12.1.1">suspenzija</w> 
 <w id="w12.1.2">za</w> 
 <w id="w12.1.3">injiciranje</w>
</s></p>

<p id="13">
<s id="s13.1">
 <w id="w13.1.1">za</w> 
 <w id="w13.1.2">subkutano</w> 
 <w id="w13.1.3">uporabo</w>
</s></p>

<p id="14">
<s id="s14.1">
 <w id="w14.1.1">viala</w> 
 <w id="w14.1.2">(</w>
 <w id="w14.1.3">steklo</w>
 <w id="w14.1.4">)</w>
</s></p>

<head id="15">
<s id="s15.1">
 <w id="w15.1.1">10</w> 
 <w id="w15.1.2">ml</w> 
 <w id="w15.1.3">(</w>
 <w id="w15.1.4">1,</w>
 <w id="w15.1.5">4</w> 
 <w id="w15.1.6">mg/</w>
 <w id="w15.1.7">ml</w>
 <w id="w15.1.8">)</w>
</s></head>

<head id="16">
<s id="s16.1">
 <w id="w16.1.1">1</w> 
 <w id="w16.1.2">viala</w>
</s></head>

<head id="17">
<s id="s17.1">
 <w id="w17.1.1">EU/</w>
 <w id="w17.1.2">1/</w>
 <w id="w17.1.3">02/</w>
 <w id="w17.1.4">229/</w>
 <w id="w17.1.5">002</w>
</s></head>

<head id="18">
<s id="s18.1">
 <w id="w18.1.1">Actraphane</w> 
 <w id="w18.1.2">30</w>
</s></head>

<head id="19">
<s id="s19.1">
 <w id="w19.1.1">40</w> 
 <w id="w19.1.2">i.</w>
 <w id="w19.1.3">e</w>
 <w id="w19.1.4">.</w>
</s></head>

<p id="20">
<s id="s20.1">
 <w id="w20.1.1">suspenzija</w> 
 <w id="w20.1.2">za</w> 
 <w id="w20.1.3">injiciranje</w>
</s></p>

<p id="21">
<s id="s21.1">
 <w id="w21.1.1">za</w> 
 <w id="w21.1.2">subkutano</w> 
 <w id="w21.1.3">uporabo</w>
</s></p>

<p id="22">
<s id="s22.1">
 <w id="w22.1.1">viala</w> 
 <w id="w22.1.2">(</w>
 <w id="w22.1.3">steklo</w>
 <w id="w22.1.4">)</w>
</s></p>

<head id="23">
<s id="s23.1">
 <w id="w23.1.1">10</w> 
 <w id="w23.1.2">ml</w> 
 <w id="w23.1.3">(</w>
 <w id="w23.1.4">1,</w>
 <w id="w23.1.5">4</w> 
 <w id="w23.1.6">mg/</w>
 <w id="w23.1.7">ml</w>
 <w id="w23.1.8">)</w> 
 <w id="w23.1.9">5</w> 
 <w id="w23.1.10">vial</w>
</s></head>

<head id="24">
<s id="s24.1">
 <w id="w24.1.1">EU/</w>
 <w id="w24.1.2">1/</w>
 <w id="w24.1.3">02/</w>
 <w id="w24.1.4">229/</w>
 <w id="w24.1.5">003</w>
</s></head>

<head id="25">
<s id="s25.1">
 <w id="w25.1.1">Actraphane</w> 
 <w id="w25.1.2">30</w>
</s></head>

<head id="26">
<s id="s26.1">
 <w id="w26.1.1">100</w> 
 <w id="w26.1.2">i.</w>
 <w id="w26.1.3">e</w>
 <w id="w26.1.4">.</w>
</s></head>

<p id="27">
<s id="s27.1">
 <w id="w27.1.1">suspenzija</w> 
 <w id="w27.1.2">za</w> 
 <w id="w27.1.3">injiciranje</w>
</s></p>

<p id="28">
<s id="s28.1">
 <w id="w28.1.1">za</w> 
 <w id="w28.1.2">subkutano</w> 
 <w id="w28.1.3">uporabo</w>
</s></p>

<p id="29">
<s id="s29.1">
 <w id="w29.1.1">viala</w> 
 <w id="w29.1.2">(</w>
 <w id="w29.1.3">steklo</w>
 <w id="w29.1.4">)</w>
</s></p>

<head id="30">
<s id="s30.1">
 <w id="w30.1.1">10</w> 
 <w id="w30.1.2">ml</w> 
 <w id="w30.1.3">(</w>
 <w id="w30.1.4">3,</w>
 <w id="w30.1.5">5</w> 
 <w id="w30.1.6">mg/</w>
 <w id="w30.1.7">ml</w>
 <w id="w30.1.8">)</w>
</s></head>

<head id="31">
<s id="s31.1">
 <w id="w31.1.1">1</w> 
 <w id="w31.1.2">viala</w>
</s></head>

<head id="32">
<s id="s32.1">
 <w id="w32.1.1">EU/</w>
 <w id="w32.1.2">1/</w>
 <w id="w32.1.3">02/</w>
 <w id="w32.1.4">229/</w>
 <w id="w32.1.5">004</w>
</s></head>

<head id="33">
<s id="s33.1">
 <w id="w33.1.1">Actraphane</w> 
 <w id="w33.1.2">30</w>
</s></head>

<head id="34">
<s id="s34.1">
 <w id="w34.1.1">100</w> 
 <w id="w34.1.2">i.</w>
 <w id="w34.1.3">e</w>
 <w id="w34.1.4">.</w>
</s></head>

<p id="35">
<s id="s35.1">
 <w id="w35.1.1">suspenzija</w> 
 <w id="w35.1.2">za</w> 
 <w id="w35.1.3">injiciranje</w>
</s></p>

<p id="36">
<s id="s36.1">
 <w id="w36.1.1">za</w> 
 <w id="w36.1.2">subkutano</w> 
 <w id="w36.1.3">uporabo</w>
</s></p>

<p id="37">
<s id="s37.1">
 <w id="w37.1.1">viala</w> 
 <w id="w37.1.2">(</w>
 <w id="w37.1.3">steklo</w>
 <w id="w37.1.4">)</w>
</s></p>

<head id="38">
<s id="s38.1">
 <w id="w38.1.1">10</w> 
 <w id="w38.1.2">ml</w> 
 <w id="w38.1.3">(</w>
 <w id="w38.1.4">3,</w>
 <w id="w38.1.5">5</w> 
 <w id="w38.1.6">mg/</w>
 <w id="w38.1.7">ml</w>
 <w id="w38.1.8">)</w>
</s></head>

<head id="39">
<s id="s39.1">
 <w id="w39.1.1">5</w> 
 <w id="w39.1.2">vial</w>
</s></head>

<head id="40">
<s id="s40.1">
 <w id="w40.1.1">EU/</w>
 <w id="w40.1.2">1/</w>
 <w id="w40.1.3">02/</w>
 <w id="w40.1.4">229/</w>
 <w id="w40.1.5">005</w>
</s></head>

<head id="41">
<s id="s41.1">
 <w id="w41.1.1">Actraphane</w> 
 <w id="w41.1.2">10</w> 
 <w id="w41.1.3">Penfill</w>
</s></head>

<head id="42">
<s id="s42.1">
 <w id="w42.1.1">100</w> 
 <w id="w42.1.2">i.</w>
 <w id="w42.1.3">e</w>
 <w id="w42.1.4">.</w>
</s></head>

<p id="43">
<s id="s43.1">
 <w id="w43.1.1">suspenzija</w> 
 <w id="w43.1.2">za</w> 
 <w id="w43.1.3">injiciranje</w>
</s></p>

<p id="44">
<s id="s44.1">
 <w id="w44.1.1">za</w> 
 <w id="w44.1.2">subkutano</w> 
 <w id="w44.1.3">uporabo</w>
</s></p>

<p id="45">
<s id="s45.1">
 <w id="w45.1.1">injekcijski</w> 
 <w id="w45.1.2">vložek</w>   
 <w id="w45.1.3">(</w>
 <w id="w45.1.4">steklo</w>
 <w id="w45.1.5">)</w>
</s></p>

<head id="46">
<s id="s46.1">
 <w id="w46.1.1">3</w> 
 <w id="w46.1.2">ml</w> 
 <w id="w46.1.3">(</w>
 <w id="w46.1.4">3,</w>
 <w id="w46.1.5">5</w> 
 <w id="w46.1.6">mg/</w>
 <w id="w46.1.7">ml</w>
 <w id="w46.1.8">)</w>
</s></head>

<head id="47">
<s id="s47.1">
 <w id="w47.1.1">1</w> 
 <w id="w47.1.2">injekcijski</w> 
 <w id="w47.1.3">vložek</w>
</s></head>

<head id="48">
<s id="s48.1">
 <w id="w48.1.1">EU/</w>
 <w id="w48.1.2">1/</w>
 <w id="w48.1.3">02/</w>
 <w id="w48.1.4">229/</w>
 <w id="w48.1.5">006</w>
</s></head>

<head id="49">
<s id="s49.1">
 <w id="w49.1.1">Actraphane</w> 
 <w id="w49.1.2">10</w> 
 <w id="w49.1.3">Penfill</w>
</s></head>

<head id="50">
<s id="s50.1">
 <w id="w50.1.1">100</w> 
 <w id="w50.1.2">i.</w>
 <w id="w50.1.3">e</w>
 <w id="w50.1.4">.</w>
</s></head>

<p id="51">
<s id="s51.1">
 <w id="w51.1.1">suspenzija</w> 
 <w id="w51.1.2">za</w> 
 <w id="w51.1.3">injiciranje</w>
</s></p>

<p id="52">
<s id="s52.1">
 <w id="w52.1.1">za</w> 
 <w id="w52.1.2">subkutano</w> 
 <w id="w52.1.3">uporabo</w>
</s></p>

<p id="53">
<s id="s53.1">
 <w id="w53.1.1">injekcijski</w> 
 <w id="w53.1.2">vložek</w>   
 <w id="w53.1.3">(</w>
 <w id="w53.1.4">steklo</w>
 <w id="w53.1.5">)</w>
</s></p>

<head id="54">
<s id="s54.1">
 <w id="w54.1.1">3</w> 
 <w id="w54.1.2">ml</w> 
 <w id="w54.1.3">(</w>
 <w id="w54.1.4">3,</w>
 <w id="w54.1.5">5</w> 
 <w id="w54.1.6">mg/</w>
 <w id="w54.1.7">ml</w>
 <w id="w54.1.8">)</w>
</s></head>

<head id="55">
<s id="s55.1">
 <w id="w55.1.1">5</w> 
 <w id="w55.1.2">injekcijskih</w> 
 <w id="w55.1.3">vložkov</w>
</s></head>

<head id="56">
<s id="s56.1">
 <w id="w56.1.1">EU/</w>
 <w id="w56.1.2">1/</w>
 <w id="w56.1.3">02/</w>
 <w id="w56.1.4">229/</w>
 <w id="w56.1.5">007</w>
</s></head>

<head id="57">
<s id="s57.1">
 <w id="w57.1.1">Actraphane</w> 
 <w id="w57.1.2">10</w> 
 <w id="w57.1.3">Penfill</w>
</s></head>

<head id="58">
<s id="s58.1">
 <w id="w58.1.1">100</w> 
 <w id="w58.1.2">i.</w>
 <w id="w58.1.3">e</w>
 <w id="w58.1.4">.</w>
</s></head>

<p id="59">
<s id="s59.1">
 <w id="w59.1.1">suspenzija</w> 
 <w id="w59.1.2">za</w> 
 <w id="w59.1.3">injiciranje</w>
</s></p>

<p id="60">
<s id="s60.1">
 <w id="w60.1.1">za</w> 
 <w id="w60.1.2">subkutano</w> 
 <w id="w60.1.3">uporabo</w>
</s></p>

<p id="61">
<s id="s61.1">
 <w id="w61.1.1">injekcijski</w> 
 <w id="w61.1.2">vložek</w>   
 <w id="w61.1.3">(</w>
 <w id="w61.1.4">steklo</w>
 <w id="w61.1.5">)</w>
</s></p>

<head id="62">
<s id="s62.1">
 <w id="w62.1.1">3</w> 
 <w id="w62.1.2">ml</w> 
 <w id="w62.1.3">(</w>
 <w id="w62.1.4">3,</w>
 <w id="w62.1.5">5</w> 
 <w id="w62.1.6">mg/</w>
 <w id="w62.1.7">ml</w>
 <w id="w62.1.8">)</w>
</s></head>

<head id="63">
<s id="s63.1">
 <w id="w63.1.1">10</w> 
 <w id="w63.1.2">injekcijskih</w> 
 <w id="w63.1.3">vložkov</w>
</s></head>

<head id="64">
<s id="s64.1">
 <w id="w64.1.1">EU/</w>
 <w id="w64.1.2">1/</w>
 <w id="w64.1.3">02/</w>
 <w id="w64.1.4">229/</w>
 <w id="w64.1.5">008</w>
</s></head>

<head id="65">
<s id="s65.1">
 <w id="w65.1.1">Actraphane</w> 
 <w id="w65.1.2">20</w> 
 <w id="w65.1.3">Penfill</w>
</s></head>

<head id="66">
<s id="s66.1">
 <w id="w66.1.1">100</w> 
 <w id="w66.1.2">i.</w>
 <w id="w66.1.3">e</w>
 <w id="w66.1.4">.</w>
</s></head>

<p id="67">
<s id="s67.1">
 <w id="w67.1.1">suspenzija</w> 
 <w id="w67.1.2">za</w> 
 <w id="w67.1.3">injiciranje</w>
</s></p>

<p id="68">
<s id="s68.1">
 <w id="w68.1.1">za</w> 
 <w id="w68.1.2">subkutano</w> 
 <w id="w68.1.3">uporabo</w>
</s></p>

<p id="69">
<s id="s69.1">
 <w id="w69.1.1">injekcijski</w> 
 <w id="w69.1.2">vložek</w>   
 <w id="w69.1.3">(</w>
 <w id="w69.1.4">steklo</w>
 <w id="w69.1.5">)</w>
</s></p>

<head id="70">
<s id="s70.1">
 <w id="w70.1.1">3</w> 
 <w id="w70.1.2">ml</w> 
 <w id="w70.1.3">(</w>
 <w id="w70.1.4">3,</w>
 <w id="w70.1.5">5</w> 
 <w id="w70.1.6">mg/</w>
 <w id="w70.1.7">ml</w>
 <w id="w70.1.8">)</w>
</s></head>

<head id="71">
<s id="s71.1">
 <w id="w71.1.1">1</w> 
 <w id="w71.1.2">injekcijski</w> 
 <w id="w71.1.3">vložek</w>
</s></head>

<head id="72">
<s id="s72.1">
 <w id="w72.1.1">EU/</w>
 <w id="w72.1.2">1/</w>
 <w id="w72.1.3">02/</w>
 <w id="w72.1.4">229/</w>
 <w id="w72.1.5">009</w>
</s></head>

<head id="73">
<s id="s73.1">
 <w id="w73.1.1">Actraphane</w> 
 <w id="w73.1.2">20</w> 
 <w id="w73.1.3">Penfill</w>
</s></head>

<head id="74">
<s id="s74.1">
 <w id="w74.1.1">100</w> 
 <w id="w74.1.2">i.</w>
 <w id="w74.1.3">e</w>
 <w id="w74.1.4">.</w>
</s></head>

<p id="75">
<s id="s75.1">
 <w id="w75.1.1">suspenzija</w> 
 <w id="w75.1.2">za</w> 
 <w id="w75.1.3">injiciranje</w>
</s></p>

<p id="76">
<s id="s76.1">
 <w id="w76.1.1">za</w> 
 <w id="w76.1.2">subkutano</w> 
 <w id="w76.1.3">uporabo</w>
</s></p>

<p id="77">
<s id="s77.1">
 <w id="w77.1.1">injekcijski</w> 
 <w id="w77.1.2">vložek</w>   
 <w id="w77.1.3">(</w>
 <w id="w77.1.4">steklo</w>
 <w id="w77.1.5">)</w>
</s></p>

<head id="78">
<s id="s78.1">
 <w id="w78.1.1">3</w> 
 <w id="w78.1.2">ml</w> 
 <w id="w78.1.3">(</w>
 <w id="w78.1.4">3,</w>
 <w id="w78.1.5">5</w> 
 <w id="w78.1.6">mg/</w>
 <w id="w78.1.7">ml</w>
 <w id="w78.1.8">)</w>
</s></head>

<head id="79">
<s id="s79.1">
 <w id="w79.1.1">5</w> 
 <w id="w79.1.2">injekcijskih</w> 
 <w id="w79.1.3">vložkov</w>
</s></head>

<head id="80">
<s id="s80.1">
 <w id="w80.1.1">EU/</w>
 <w id="w80.1.2">1/</w>
 <w id="w80.1.3">02/</w>
 <w id="w80.1.4">229/</w>
 <w id="w80.1.5">010</w>
</s></head>

<head id="81">
<s id="s81.1">
 <w id="w81.1.1">Actraphane</w> 
 <w id="w81.1.2">20</w> 
 <w id="w81.1.3">Penfill</w>
</s></head>

<head id="82">
<s id="s82.1">
 <w id="w82.1.1">100</w> 
 <w id="w82.1.2">i.</w>
 <w id="w82.1.3">e</w>
 <w id="w82.1.4">.</w>
</s></head>

<p id="83">
<s id="s83.1">
 <w id="w83.1.1">suspenzija</w> 
 <w id="w83.1.2">za</w> 
 <w id="w83.1.3">injiciranje</w>
</s></p>

<p id="84">
<s id="s84.1">
 <w id="w84.1.1">za</w> 
 <w id="w84.1.2">subkutano</w> 
 <w id="w84.1.3">uporabo</w>
</s></p>

<p id="85">
<s id="s85.1">
 <w id="w85.1.1">injekcijski</w> 
 <w id="w85.1.2">vložek</w>   
 <w id="w85.1.3">(</w>
 <w id="w85.1.4">steklo</w>
 <w id="w85.1.5">)</w>
</s></p>

<head id="86">
<s id="s86.1">
 <w id="w86.1.1">3</w> 
 <w id="w86.1.2">ml</w> 
 <w id="w86.1.3">(</w>
 <w id="w86.1.4">3,</w>
 <w id="w86.1.5">5</w> 
 <w id="w86.1.6">mg/</w>
 <w id="w86.1.7">ml</w>
 <w id="w86.1.8">)</w>
</s></head>

<head id="87">
<s id="s87.1">
 <w id="w87.1.1">10</w> 
 <w id="w87.1.2">injekcijskih</w> 
 <w id="w87.1.3">vložkov</w>
</s></head>

<head id="88">
<s id="s88.1">
 <w id="w88.1.1">EU/</w>
 <w id="w88.1.2">1/</w>
 <w id="w88.1.3">02/</w>
 <w id="w88.1.4">229/</w>
 <w id="w88.1.5">011</w>
</s></head>

<head id="89">
<s id="s89.1">
 <w id="w89.1.1">Actraphane</w> 
 <w id="w89.1.2">30</w> 
 <w id="w89.1.3">Penfill</w>
</s></head>

<head id="90">
<s id="s90.1">
 <w id="w90.1.1">100</w> 
 <w id="w90.1.2">i.</w>
 <w id="w90.1.3">e</w>
 <w id="w90.1.4">.</w>
</s></head>

<p id="91">
<s id="s91.1">
 <w id="w91.1.1">suspenzija</w> 
 <w id="w91.1.2">za</w> 
 <w id="w91.1.3">injiciranje</w>
</s></p>

<p id="92">
<s id="s92.1">
 <w id="w92.1.1">za</w> 
 <w id="w92.1.2">subkutano</w> 
 <w id="w92.1.3">uporabo</w>
</s></p>

<p id="93">
<s id="s93.1">
 <w id="w93.1.1">injekcijski</w> 
 <w id="w93.1.2">vložek</w>   
 <w id="w93.1.3">(</w>
 <w id="w93.1.4">steklo</w>
 <w id="w93.1.5">)</w>
</s></p>

<head id="94">
<s id="s94.1">
 <w id="w94.1.1">3</w> 
 <w id="w94.1.2">ml</w> 
 <w id="w94.1.3">(</w>
 <w id="w94.1.4">3,</w>
 <w id="w94.1.5">5</w> 
 <w id="w94.1.6">mg/</w>
 <w id="w94.1.7">ml</w>
 <w id="w94.1.8">)</w>
</s></head>

<head id="95">
<s id="s95.1">
 <w id="w95.1.1">1</w> 
 <w id="w95.1.2">injekcijski</w> 
 <w id="w95.1.3">vložek</w>
</s></head>

<p id="96">
<s id="s96.1">
 <w id="w96.1.1">1/</w>
 <w id="w96.1.2">4</w> 
 <w id="w96.1.3">EU</w> 
 <w id="w96.1.4">številka</w>
</s></p>

<head id="97">
<s id="s97.1">
 <w id="w97.1.1">Lastniško</w> 
 <w id="w97.1.2">ime</w>
</s></head>

<head id="98">
<s id="s98.1">
 <w id="w98.1.1">Jakost</w>
</s></head>

<head id="99">
<s id="s99.1">
 <w id="w99.1.1">Farmacevtska</w> 
 <w id="w99.1.2">oblika</w>
</s></head>

<head id="100">
<s id="s100.1">
 <w id="w100.1.1">Način</w> 
 <w id="w100.1.2">aplikacije</w>
</s></head>

<head id="101">
<s id="s101.1">
 <w id="w101.1.1">Pakiranje</w>
</s></head>

<head id="102">
<s id="s102.1">
 <w id="w102.1.1">Vsebina</w>
</s></head>

<head id="103">
<s id="s103.1">
 <w id="w103.1.1">Velikost</w> 
 <w id="w103.1.2">pakiranja</w>
</s></head>

<head id="104">
<s id="s104.1">
 <w id="w104.1.1">EU/</w>
 <w id="w104.1.2">1/</w>
 <w id="w104.1.3">02/</w>
 <w id="w104.1.4">229/</w>
 <w id="w104.1.5">012</w>
</s></head>

<head id="105">
<s id="s105.1">
 <w id="w105.1.1">Actraphane</w> 
 <w id="w105.1.2">30</w> 
 <w id="w105.1.3">Penfill</w>
</s></head>

<head id="106">
<s id="s106.1">
 <w id="w106.1.1">100</w> 
 <w id="w106.1.2">i.</w>
 <w id="w106.1.3">e</w>
 <w id="w106.1.4">.</w>
</s></head>

<p id="107">
<s id="s107.1">
 <w id="w107.1.1">suspenzija</w> 
 <w id="w107.1.2">za</w> 
 <w id="w107.1.3">injiciranje</w>
</s></p>

<p id="108">
<s id="s108.1">
 <w id="w108.1.1">za</w> 
 <w id="w108.1.2">subkutano</w> 
 <w id="w108.1.3">uporabo</w>
</s></p>

<p id="109">
<s id="s109.1">
 <w id="w109.1.1">injekcijski</w> 
 <w id="w109.1.2">vložek</w>       
 <w id="w109.1.3">(</w>
 <w id="w109.1.4">steklo</w>
 <w id="w109.1.5">)</w>
</s></p>

<head id="110">
<s id="s110.1">
 <w id="w110.1.1">3</w> 
 <w id="w110.1.2">ml</w> 
 <w id="w110.1.3">(</w>
 <w id="w110.1.4">3,</w>
 <w id="w110.1.5">5</w> 
 <w id="w110.1.6">mg/</w>
 <w id="w110.1.7">ml</w>
 <w id="w110.1.8">)</w>
</s></head>

<head id="111">
<s id="s111.1">
 <w id="w111.1.1">5</w> 
 <w id="w111.1.2">injekcijskih</w> 
 <w id="w111.1.3">vložkov</w>
</s></head>

<head id="112">
<s id="s112.1">
 <w id="w112.1.1">EU/</w>
 <w id="w112.1.2">1/</w>
 <w id="w112.1.3">02/</w>
 <w id="w112.1.4">229/</w>
 <w id="w112.1.5">013</w>
</s></head>

<head id="113">
<s id="s113.1">
 <w id="w113.1.1">Actraphane</w> 
 <w id="w113.1.2">30</w> 
 <w id="w113.1.3">Penfill</w>
</s></head>

<head id="114">
<s id="s114.1">
 <w id="w114.1.1">100</w> 
 <w id="w114.1.2">i.</w>
 <w id="w114.1.3">e</w>
 <w id="w114.1.4">.</w>
</s></head>

<p id="115">
<s id="s115.1">
 <w id="w115.1.1">suspenzija</w> 
 <w id="w115.1.2">za</w> 
 <w id="w115.1.3">injiciranje</w>
</s></p>

<p id="116">
<s id="s116.1">
 <w id="w116.1.1">za</w> 
 <w id="w116.1.2">subkutano</w> 
 <w id="w116.1.3">uporabo</w>
</s></p>

<p id="117">
<s id="s117.1">
 <w id="w117.1.1">injekcijski</w> 
 <w id="w117.1.2">vložek</w>       
 <w id="w117.1.3">(</w>
 <w id="w117.1.4">steklo</w>
 <w id="w117.1.5">)</w>
</s></p>

<head id="118">
<s id="s118.1">
 <w id="w118.1.1">3</w> 
 <w id="w118.1.2">ml</w> 
 <w id="w118.1.3">(</w>
 <w id="w118.1.4">3,</w>
 <w id="w118.1.5">5</w> 
 <w id="w118.1.6">mg/</w>
 <w id="w118.1.7">ml</w>
 <w id="w118.1.8">)</w>
</s></head>

<head id="119">
<s id="s119.1">
 <w id="w119.1.1">10</w> 
 <w id="w119.1.2">injekcijskih</w> 
 <w id="w119.1.3">vložkov</w>
</s></head>

<head id="120">
<s id="s120.1">
 <w id="w120.1.1">EU/</w>
 <w id="w120.1.2">1/</w>
 <w id="w120.1.3">02/</w>
 <w id="w120.1.4">229/</w>
 <w id="w120.1.5">014</w>
</s></head>

<head id="121">
<s id="s121.1">
 <w id="w121.1.1">Actraphane</w> 
 <w id="w121.1.2">40</w> 
 <w id="w121.1.3">Penfill</w>
</s></head>

<head id="122">
<s id="s122.1">
 <w id="w122.1.1">100</w> 
 <w id="w122.1.2">i.</w>
 <w id="w122.1.3">e</w>
 <w id="w122.1.4">.</w>
</s></head>

<p id="123">
<s id="s123.1">
 <w id="w123.1.1">suspenzija</w> 
 <w id="w123.1.2">za</w> 
 <w id="w123.1.3">injiciranje</w>
</s></p>

<p id="124">
<s id="s124.1">
 <w id="w124.1.1">za</w> 
 <w id="w124.1.2">subkutano</w> 
 <w id="w124.1.3">uporabo</w>
</s></p>

<p id="125">
<s id="s125.1">
 <w id="w125.1.1">injekcijski</w> 
 <w id="w125.1.2">vložek</w>       
 <w id="w125.1.3">(</w>
 <w id="w125.1.4">steklo</w>
 <w id="w125.1.5">)</w>
</s></p>

<head id="126">
<s id="s126.1">
 <w id="w126.1.1">3</w> 
 <w id="w126.1.2">ml</w> 
 <w id="w126.1.3">(</w>
 <w id="w126.1.4">3,</w>
 <w id="w126.1.5">5</w> 
 <w id="w126.1.6">mg/</w>
 <w id="w126.1.7">ml</w>
 <w id="w126.1.8">)</w>
</s></head>

<head id="127">
<s id="s127.1">
 <w id="w127.1.1">1</w> 
 <w id="w127.1.2">injekcijski</w> 
 <w id="w127.1.3">vložek</w>
</s></head>

<head id="128">
<s id="s128.1">
 <w id="w128.1.1">EU/</w>
 <w id="w128.1.2">1/</w>
 <w id="w128.1.3">02/</w>
 <w id="w128.1.4">229/</w>
 <w id="w128.1.5">015</w>
</s></head>

<head id="129">
<s id="s129.1">
 <w id="w129.1.1">Actraphane</w> 
 <w id="w129.1.2">40</w> 
 <w id="w129.1.3">Penfill</w>
</s></head>

<head id="130">
<s id="s130.1">
 <w id="w130.1.1">100</w> 
 <w id="w130.1.2">i.</w>
 <w id="w130.1.3">e</w>
 <w id="w130.1.4">.</w>
</s></head>

<p id="131">
<s id="s131.1">
 <w id="w131.1.1">suspenzija</w> 
 <w id="w131.1.2">za</w> 
 <w id="w131.1.3">injiciranje</w>
</s></p>

<p id="132">
<s id="s132.1">
 <w id="w132.1.1">za</w> 
 <w id="w132.1.2">subkutano</w> 
 <w id="w132.1.3">uporabo</w>
</s></p>

<p id="133">
<s id="s133.1">
 <w id="w133.1.1">injekcijski</w> 
 <w id="w133.1.2">vložek</w>       
 <w id="w133.1.3">(</w>
 <w id="w133.1.4">steklo</w>
 <w id="w133.1.5">)</w>
</s></p>

<head id="134">
<s id="s134.1">
 <w id="w134.1.1">3</w> 
 <w id="w134.1.2">ml</w> 
 <w id="w134.1.3">(</w>
 <w id="w134.1.4">3,</w>
 <w id="w134.1.5">5</w> 
 <w id="w134.1.6">mg/</w>
 <w id="w134.1.7">ml</w>
 <w id="w134.1.8">)</w>
</s></head>

<head id="135">
<s id="s135.1">
 <w id="w135.1.1">5</w> 
 <w id="w135.1.2">injekcijskih</w> 
 <w id="w135.1.3">vložkov</w>
</s></head>

<head id="136">
<s id="s136.1">
 <w id="w136.1.1">EU/</w>
 <w id="w136.1.2">1/</w>
 <w id="w136.1.3">02/</w>
 <w id="w136.1.4">229/</w>
 <w id="w136.1.5">016</w>
</s></head>

<head id="137">
<s id="s137.1">
 <w id="w137.1.1">Actraphane</w> 
 <w id="w137.1.2">40</w> 
 <w id="w137.1.3">Penfill</w>
</s></head>

<head id="138">
<s id="s138.1">
 <w id="w138.1.1">100</w> 
 <w id="w138.1.2">i.</w>
 <w id="w138.1.3">e</w>
 <w id="w138.1.4">.</w>
</s></head>

<p id="139">
<s id="s139.1">
 <w id="w139.1.1">suspenzija</w> 
 <w id="w139.1.2">za</w> 
 <w id="w139.1.3">injiciranje</w>
</s></p>

<p id="140">
<s id="s140.1">
 <w id="w140.1.1">za</w> 
 <w id="w140.1.2">subkutano</w> 
 <w id="w140.1.3">uporabo</w>
</s></p>

<p id="141">
<s id="s141.1">
 <w id="w141.1.1">injekcijski</w> 
 <w id="w141.1.2">vložek</w>       
 <w id="w141.1.3">(</w>
 <w id="w141.1.4">steklo</w>
 <w id="w141.1.5">)</w>
</s></p>

<head id="142">
<s id="s142.1">
 <w id="w142.1.1">3</w> 
 <w id="w142.1.2">ml</w> 
 <w id="w142.1.3">(</w>
 <w id="w142.1.4">3,</w>
 <w id="w142.1.5">5</w> 
 <w id="w142.1.6">mg/</w>
 <w id="w142.1.7">ml</w>
 <w id="w142.1.8">)</w>
</s></head>

<head id="143">
<s id="s143.1">
 <w id="w143.1.1">10</w> 
 <w id="w143.1.2">injekcijskih</w> 
 <w id="w143.1.3">vložkov</w>
</s></head>

<head id="144">
<s id="s144.1">
 <w id="w144.1.1">EU/</w>
 <w id="w144.1.2">1/</w>
 <w id="w144.1.3">02/</w>
 <w id="w144.1.4">229/</w>
 <w id="w144.1.5">017</w>
</s></head>

<head id="145">
<s id="s145.1">
 <w id="w145.1.1">Actraphane</w> 
 <w id="w145.1.2">50</w> 
 <w id="w145.1.3">Penfill</w>
</s></head>

<head id="146">
<s id="s146.1">
 <w id="w146.1.1">100</w> 
 <w id="w146.1.2">i.</w>
 <w id="w146.1.3">e</w>
 <w id="w146.1.4">.</w>
</s></head>

<p id="147">
<s id="s147.1">
 <w id="w147.1.1">suspenzija</w> 
 <w id="w147.1.2">za</w> 
 <w id="w147.1.3">injiciranje</w>
</s></p>

<p id="148">
<s id="s148.1">
 <w id="w148.1.1">za</w> 
 <w id="w148.1.2">subkutano</w> 
 <w id="w148.1.3">uporabo</w>
</s></p>

<p id="149">
<s id="s149.1">
 <w id="w149.1.1">injekcijski</w> 
 <w id="w149.1.2">vložek</w>       
 <w id="w149.1.3">(</w>
 <w id="w149.1.4">steklo</w>
 <w id="w149.1.5">)</w>
</s></p>

<head id="150">
<s id="s150.1">
 <w id="w150.1.1">3</w> 
 <w id="w150.1.2">ml</w> 
 <w id="w150.1.3">(</w>
 <w id="w150.1.4">3,</w>
 <w id="w150.1.5">5</w> 
 <w id="w150.1.6">mg/</w>
 <w id="w150.1.7">ml</w>
 <w id="w150.1.8">)</w>
</s></head>

<head id="151">
<s id="s151.1">
 <w id="w151.1.1">1</w> 
 <w id="w151.1.2">injekcijski</w> 
 <w id="w151.1.3">vložek</w>
</s></head>

<head id="152">
<s id="s152.1">
 <w id="w152.1.1">EU/</w>
 <w id="w152.1.2">1/</w>
 <w id="w152.1.3">02/</w>
 <w id="w152.1.4">229/</w>
 <w id="w152.1.5">018</w>
</s></head>

<head id="153">
<s id="s153.1">
 <w id="w153.1.1">Actraphane</w> 
 <w id="w153.1.2">50</w> 
 <w id="w153.1.3">Penfill</w>
</s></head>

<head id="154">
<s id="s154.1">
 <w id="w154.1.1">100</w> 
 <w id="w154.1.2">i.</w>
 <w id="w154.1.3">e</w>
 <w id="w154.1.4">.</w>
</s></head>

<p id="155">
<s id="s155.1">
 <w id="w155.1.1">suspenzija</w> 
 <w id="w155.1.2">za</w> 
 <w id="w155.1.3">injiciranje</w>
</s></p>

<p id="156">
<s id="s156.1">
 <w id="w156.1.1">za</w> 
 <w id="w156.1.2">subkutano</w> 
 <w id="w156.1.3">uporabo</w>
</s></p>

<p id="157">
<s id="s157.1">
 <w id="w157.1.1">injekcijski</w> 
 <w id="w157.1.2">vložek</w>       
 <w id="w157.1.3">(</w>
 <w id="w157.1.4">steklo</w>
 <w id="w157.1.5">)</w>
</s></p>

<head id="158">
<s id="s158.1">
 <w id="w158.1.1">3</w> 
 <w id="w158.1.2">ml</w> 
 <w id="w158.1.3">(</w>
 <w id="w158.1.4">3,</w>
 <w id="w158.1.5">5</w> 
 <w id="w158.1.6">mg/</w>
 <w id="w158.1.7">ml</w>
 <w id="w158.1.8">)</w>
</s></head>

<head id="159">
<s id="s159.1">
 <w id="w159.1.1">5</w> 
 <w id="w159.1.2">injekcijskih</w> 
 <w id="w159.1.3">vložkov</w>
</s></head>

<head id="160">
<s id="s160.1">
 <w id="w160.1.1">EU/</w>
 <w id="w160.1.2">1/</w>
 <w id="w160.1.3">02/</w>
 <w id="w160.1.4">229/</w>
 <w id="w160.1.5">019</w>
</s></head>

<head id="161">
<s id="s161.1">
 <w id="w161.1.1">Actraphane</w> 
 <w id="w161.1.2">50</w> 
 <w id="w161.1.3">Penfill</w>
</s></head>

<head id="162">
<s id="s162.1">
 <w id="w162.1.1">100</w> 
 <w id="w162.1.2">i.</w>
 <w id="w162.1.3">e</w>
 <w id="w162.1.4">.</w>
</s></head>

<p id="163">
<s id="s163.1">
 <w id="w163.1.1">suspenzija</w> 
 <w id="w163.1.2">za</w> 
 <w id="w163.1.3">injiciranje</w>
</s></p>

<p id="164">
<s id="s164.1">
 <w id="w164.1.1">za</w> 
 <w id="w164.1.2">subkutano</w> 
 <w id="w164.1.3">uporabo</w>
</s></p>

<p id="165">
<s id="s165.1">
 <w id="w165.1.1">injekcijski</w> 
 <w id="w165.1.2">vložek</w>       
 <w id="w165.1.3">(</w>
 <w id="w165.1.4">steklo</w>
 <w id="w165.1.5">)</w>
</s></p>

<head id="166">
<s id="s166.1">
 <w id="w166.1.1">3</w> 
 <w id="w166.1.2">ml</w> 
 <w id="w166.1.3">(</w>
 <w id="w166.1.4">3,</w>
 <w id="w166.1.5">5</w> 
 <w id="w166.1.6">mg/</w>
 <w id="w166.1.7">ml</w>
 <w id="w166.1.8">)</w>
</s></head>

<head id="167">
<s id="s167.1">
 <w id="w167.1.1">10</w> 
 <w id="w167.1.2">injekcijskih</w> 
 <w id="w167.1.3">vložkov</w>
</s></head>

<head id="168">
<s id="s168.1">
 <w id="w168.1.1">EU/</w>
 <w id="w168.1.2">1/</w>
 <w id="w168.1.3">02/</w>
 <w id="w168.1.4">229/</w>
 <w id="w168.1.5">020</w>
</s></head>

<head id="169">
<s id="s169.1">
 <w id="w169.1.1">Actraphane</w> 
 <w id="w169.1.2">10</w> 
 <w id="w169.1.3">NovoLet</w> 
 <w id="w169.1.4">100</w> 
 <w id="w169.1.5">i.</w>
 <w id="w169.1.6">e</w>
 <w id="w169.1.7">.</w>
</s></head>

<p id="170">
<s id="s170.1">
 <w id="w170.1.1">suspenzija</w> 
 <w id="w170.1.2">za</w> 
 <w id="w170.1.3">injiciranje</w>
</s></p>

<p id="171">
<s id="s171.1">
 <w id="w171.1.1">za</w> 
 <w id="w171.1.2">subkutano</w> 
 <w id="w171.1.3">uporabo</w>
</s></p>

<p id="172">
<s id="s172.1">
 <w id="w172.1.1">injekcijski</w> 
 <w id="w172.1.2">vložek</w>       
 <w id="w172.1.3">(</w>
 <w id="w172.1.4">steklo</w>
 <w id="w172.1.5">)</w> 
 <w id="w172.1.6">v</w> 
 <w id="w172.1.7">napolnjenem</w>   
 <w id="w172.1.8">peresniku</w>
</s></p>

<head id="173">
<s id="s173.1">
 <w id="w173.1.1">3</w> 
 <w id="w173.1.2">ml</w> 
 <w id="w173.1.3">(</w>
 <w id="w173.1.4">3,</w>
 <w id="w173.1.5">5</w> 
 <w id="w173.1.6">mg/</w>
 <w id="w173.1.7">ml</w>
 <w id="w173.1.8">)</w>
</s></head>

<head id="174">
<s id="s174.1">
 <w id="w174.1.1">5</w> 
 <w id="w174.1.2">napolnjenih</w> 
 <w id="w174.1.3">peresnikov</w>
</s></head>

<head id="175">
<s id="s175.1">
 <w id="w175.1.1">EU/</w>
 <w id="w175.1.2">1/</w>
 <w id="w175.1.3">02/</w>
 <w id="w175.1.4">229/</w>
 <w id="w175.1.5">021</w>
</s></head>

<head id="176">
<s id="s176.1">
 <w id="w176.1.1">Actraphane</w> 
 <w id="w176.1.2">10</w> 
 <w id="w176.1.3">NovoLet</w> 
 <w id="w176.1.4">100</w> 
 <w id="w176.1.5">i.</w>
 <w id="w176.1.6">e</w>
 <w id="w176.1.7">.</w>
</s></head>

<p id="177">
<s id="s177.1">
 <w id="w177.1.1">suspenzija</w> 
 <w id="w177.1.2">za</w> 
 <w id="w177.1.3">injiciranje</w>
</s></p>

<p id="178">
<s id="s178.1">
 <w id="w178.1.1">za</w> 
 <w id="w178.1.2">subkutano</w> 
 <w id="w178.1.3">uporabo</w>
</s></p>

<p id="179">
<s id="s179.1">
 <w id="w179.1.1">injekcijski</w> 
 <w id="w179.1.2">vložek</w>       
 <w id="w179.1.3">(</w>
 <w id="w179.1.4">steklo</w>
 <w id="w179.1.5">)</w>
</s></p>

<head id="180">
<s id="s180.1">
 <w id="w180.1.1">3</w> 
 <w id="w180.1.2">ml</w> 
 <w id="w180.1.3">(</w>
 <w id="w180.1.4">3,</w>
 <w id="w180.1.5">5</w> 
 <w id="w180.1.6">mg/</w>
 <w id="w180.1.7">ml</w>
 <w id="w180.1.8">)</w>
</s></head>

<head id="181">
<s id="s181.1">
 <w id="w181.1.1">10</w> 
 <w id="w181.1.2">napolnjenih</w> 
 <w id="w181.1.3">peresnikov</w>
</s></head>

<p id="182">
<s id="s182.1">
 <w id="w182.1.1">2/</w>
 <w id="w182.1.2">4</w> 
 <w id="w182.1.3">EU</w> 
 <w id="w182.1.4">številka</w>
</s></p>

<head id="183">
<s id="s183.1">
 <w id="w183.1.1">Lastniško</w> 
 <w id="w183.1.2">ime</w>
</s></head>

<head id="184">
<s id="s184.1">
 <w id="w184.1.1">Jakost</w>
</s></head>

<head id="185">
<s id="s185.1">
 <w id="w185.1.1">Farmacevtska</w> 
 <w id="w185.1.2">oblika</w>
</s></head>

<head id="186">
<s id="s186.1">
 <w id="w186.1.1">Način</w> 
 <w id="w186.1.2">aplikacije</w>
</s></head>

<head id="187">
<s id="s187.1">
 <w id="w187.1.1">Pakiranje</w>
</s></head>

<head id="188">
<s id="s188.1">
 <w id="w188.1.1">Vsebina</w>
</s></head>

<head id="189">
<s id="s189.1">
 <w id="w189.1.1">Velikost</w> 
 <w id="w189.1.2">pakiranja</w>
</s></head>

<head id="190">
<s id="s190.1">
 <w id="w190.1.1">EU/</w>
 <w id="w190.1.2">1/</w>
 <w id="w190.1.3">02/</w>
 <w id="w190.1.4">229/</w>
 <w id="w190.1.5">022</w>
</s></head>

<head id="191">
<s id="s191.1">
 <w id="w191.1.1">Actraphane</w> 
 <w id="w191.1.2">20</w> 
 <w id="w191.1.3">NovoLet</w> 
 <w id="w191.1.4">100</w> 
 <w id="w191.1.5">i.</w>
 <w id="w191.1.6">e</w>
 <w id="w191.1.7">.</w>
</s></head>

<p id="192">
<s id="s192.1">
 <w id="w192.1.1">suspenzija</w> 
 <w id="w192.1.2">za</w> 
 <w id="w192.1.3">injiciranje</w>
</s></p>

<p id="193">
<s id="s193.1">
 <w id="w193.1.1">za</w> 
 <w id="w193.1.2">subkutano</w> 
 <w id="w193.1.3">uporabo</w>
</s></p>

<p id="194">
<s id="s194.1">
 <w id="w194.1.1">injekcijski</w> 
 <w id="w194.1.2">vložek</w>       
 <w id="w194.1.3">(</w>
 <w id="w194.1.4">steklo</w>
 <w id="w194.1.5">)</w> 
 <w id="w194.1.6">v</w> 
 <w id="w194.1.7">napolnjenem</w>   
 <w id="w194.1.8">peresniku</w>
</s></p>

<head id="195">
<s id="s195.1">
 <w id="w195.1.1">3</w> 
 <w id="w195.1.2">ml</w> 
 <w id="w195.1.3">(</w>
 <w id="w195.1.4">3,</w>
 <w id="w195.1.5">5</w> 
 <w id="w195.1.6">mg/</w>
 <w id="w195.1.7">ml</w>
 <w id="w195.1.8">)</w>
</s></head>

<head id="196">
<s id="s196.1">
 <w id="w196.1.1">5</w> 
 <w id="w196.1.2">napolnjenih</w> 
 <w id="w196.1.3">peresnikov</w>
</s></head>

<head id="197">
<s id="s197.1">
 <w id="w197.1.1">EU/</w>
 <w id="w197.1.2">1/</w>
 <w id="w197.1.3">02/</w>
 <w id="w197.1.4">229/</w>
 <w id="w197.1.5">023</w>
</s></head>

<head id="198">
<s id="s198.1">
 <w id="w198.1.1">Actraphane</w> 
 <w id="w198.1.2">20</w> 
 <w id="w198.1.3">NovoLet</w> 
 <w id="w198.1.4">100</w> 
 <w id="w198.1.5">i.</w>
 <w id="w198.1.6">e</w>
 <w id="w198.1.7">.</w>
</s></head>

<p id="199">
<s id="s199.1">
 <w id="w199.1.1">suspenzija</w> 
 <w id="w199.1.2">za</w> 
 <w id="w199.1.3">injiciranje</w>
</s></p>

<p id="200">
<s id="s200.1">
 <w id="w200.1.1">za</w> 
 <w id="w200.1.2">subkutano</w> 
 <w id="w200.1.3">uporabo</w>
</s></p>

<p id="201">
<s id="s201.1">
 <w id="w201.1.1">injekcijski</w> 
 <w id="w201.1.2">vložek</w>       
 <w id="w201.1.3">(</w>
 <w id="w201.1.4">steklo</w>
 <w id="w201.1.5">)</w> 
 <w id="w201.1.6">v</w> 
 <w id="w201.1.7">napolnjenem</w>   
 <w id="w201.1.8">peresniku</w>
</s></p>

<head id="202">
<s id="s202.1">
 <w id="w202.1.1">3</w> 
 <w id="w202.1.2">ml</w> 
 <w id="w202.1.3">(</w>
 <w id="w202.1.4">3,</w>
 <w id="w202.1.5">5</w> 
 <w id="w202.1.6">mg/</w>
 <w id="w202.1.7">ml</w>
 <w id="w202.1.8">)</w>
</s></head>

<head id="203">
<s id="s203.1">
 <w id="w203.1.1">10</w> 
 <w id="w203.1.2">napolnjenih</w> 
 <w id="w203.1.3">peresnikov</w>
</s></head>

<head id="204">
<s id="s204.1">
 <w id="w204.1.1">EU/</w>
 <w id="w204.1.2">1/</w>
 <w id="w204.1.3">02/</w>
 <w id="w204.1.4">229/</w>
 <w id="w204.1.5">024</w>
</s></head>

<head id="205">
<s id="s205.1">
 <w id="w205.1.1">Actraphane</w> 
 <w id="w205.1.2">30</w> 
 <w id="w205.1.3">NovoLet</w> 
 <w id="w205.1.4">100</w> 
 <w id="w205.1.5">i.</w>
 <w id="w205.1.6">e</w>
 <w id="w205.1.7">.</w>
</s></head>

<p id="206">
<s id="s206.1">
 <w id="w206.1.1">suspenzija</w> 
 <w id="w206.1.2">za</w> 
 <w id="w206.1.3">injiciranje</w>
</s></p>

<p id="207">
<s id="s207.1">
 <w id="w207.1.1">za</w> 
 <w id="w207.1.2">subkutano</w> 
 <w id="w207.1.3">uporabo</w>
</s></p>

<p id="208">
<s id="s208.1">
 <w id="w208.1.1">injekcijski</w> 
 <w id="w208.1.2">vložek</w>       
 <w id="w208.1.3">(</w>
 <w id="w208.1.4">steklo</w>
 <w id="w208.1.5">)</w> 
 <w id="w208.1.6">v</w> 
 <w id="w208.1.7">napolnjenem</w>   
 <w id="w208.1.8">peresniku</w>
</s></p>

<head id="209">
<s id="s209.1">
 <w id="w209.1.1">3</w> 
 <w id="w209.1.2">ml</w> 
 <w id="w209.1.3">(</w>
 <w id="w209.1.4">3,</w>
 <w id="w209.1.5">5</w> 
 <w id="w209.1.6">mg/</w>
 <w id="w209.1.7">ml</w>
 <w id="w209.1.8">)</w>
</s></head>

<head id="210">
<s id="s210.1">
 <w id="w210.1.1">5</w> 
 <w id="w210.1.2">napolnjenih</w> 
 <w id="w210.1.3">peresnikov</w>
</s></head>

<head id="211">
<s id="s211.1">
 <w id="w211.1.1">EU/</w>
 <w id="w211.1.2">1/</w>
 <w id="w211.1.3">02/</w>
 <w id="w211.1.4">229/</w>
 <w id="w211.1.5">025</w>
</s></head>

<head id="212">
<s id="s212.1">
 <w id="w212.1.1">Actraphane</w> 
 <w id="w212.1.2">30</w> 
 <w id="w212.1.3">NovoLet</w> 
 <w id="w212.1.4">100</w> 
 <w id="w212.1.5">i.</w>
 <w id="w212.1.6">e</w>
 <w id="w212.1.7">.</w>
</s></head>

<p id="213">
<s id="s213.1">
 <w id="w213.1.1">suspenzija</w> 
 <w id="w213.1.2">za</w> 
 <w id="w213.1.3">injiciranje</w>
</s></p>

<p id="214">
<s id="s214.1">
 <w id="w214.1.1">za</w> 
 <w id="w214.1.2">subkutano</w> 
 <w id="w214.1.3">uporabo</w>
</s></p>

<p id="215">
<s id="s215.1">
 <w id="w215.1.1">injekcijski</w> 
 <w id="w215.1.2">vložek</w>       
 <w id="w215.1.3">(</w>
 <w id="w215.1.4">steklo</w>
 <w id="w215.1.5">)</w> 
 <w id="w215.1.6">v</w> 
 <w id="w215.1.7">napolnjenem</w>   
 <w id="w215.1.8">peresniku</w>
</s></p>

<head id="216">
<s id="s216.1">
 <w id="w216.1.1">3</w> 
 <w id="w216.1.2">ml</w> 
 <w id="w216.1.3">(</w>
 <w id="w216.1.4">3,</w>
 <w id="w216.1.5">5</w> 
 <w id="w216.1.6">mg/</w>
 <w id="w216.1.7">ml</w>
 <w id="w216.1.8">)</w>
</s></head>

<head id="217">
<s id="s217.1">
 <w id="w217.1.1">10</w> 
 <w id="w217.1.2">napolnjenih</w> 
 <w id="w217.1.3">peresnikov</w>
</s></head>

<head id="218">
<s id="s218.1">
 <w id="w218.1.1">EU/</w>
 <w id="w218.1.2">1/</w>
 <w id="w218.1.3">02/</w>
 <w id="w218.1.4">229/</w>
 <w id="w218.1.5">026</w>
</s></head>

<head id="219">
<s id="s219.1">
 <w id="w219.1.1">Actraphane</w> 
 <w id="w219.1.2">40</w> 
 <w id="w219.1.3">NovoLet</w> 
 <w id="w219.1.4">100</w> 
 <w id="w219.1.5">i.</w>
 <w id="w219.1.6">e</w>
 <w id="w219.1.7">.</w>
</s></head>

<p id="220">
<s id="s220.1">
 <w id="w220.1.1">suspenzija</w> 
 <w id="w220.1.2">za</w> 
 <w id="w220.1.3">injiciranje</w>
</s></p>

<p id="221">
<s id="s221.1">
 <w id="w221.1.1">za</w> 
 <w id="w221.1.2">subkutano</w> 
 <w id="w221.1.3">uporabo</w>
</s></p>

<p id="222">
<s id="s222.1">
 <w id="w222.1.1">injekcijski</w> 
 <w id="w222.1.2">vložek</w>       
 <w id="w222.1.3">(</w>
 <w id="w222.1.4">steklo</w>
 <w id="w222.1.5">)</w> 
 <w id="w222.1.6">v</w> 
 <w id="w222.1.7">napolnjenem</w>   
 <w id="w222.1.8">peresniku</w>
</s></p>

<head id="223">
<s id="s223.1">
 <w id="w223.1.1">3</w> 
 <w id="w223.1.2">ml</w> 
 <w id="w223.1.3">(</w>
 <w id="w223.1.4">3,</w>
 <w id="w223.1.5">5</w> 
 <w id="w223.1.6">mg/</w>
 <w id="w223.1.7">ml</w>
 <w id="w223.1.8">)</w>
</s></head>

<head id="224">
<s id="s224.1">
 <w id="w224.1.1">5</w> 
 <w id="w224.1.2">napolnjenih</w> 
 <w id="w224.1.3">peresnikov</w>
</s></head>

<head id="225">
<s id="s225.1">
 <w id="w225.1.1">EU/</w>
 <w id="w225.1.2">1/</w>
 <w id="w225.1.3">02/</w>
 <w id="w225.1.4">229/</w>
 <w id="w225.1.5">027</w>
</s></head>

<head id="226">
<s id="s226.1">
 <w id="w226.1.1">Actraphane</w> 
 <w id="w226.1.2">40</w> 
 <w id="w226.1.3">NovoLet</w> 
 <w id="w226.1.4">100</w> 
 <w id="w226.1.5">i.</w>
 <w id="w226.1.6">e</w>
 <w id="w226.1.7">.</w>
</s></head>

<p id="227">
<s id="s227.1">
 <w id="w227.1.1">suspenzija</w> 
 <w id="w227.1.2">za</w> 
 <w id="w227.1.3">injiciranje</w>
</s></p>

<p id="228">
<s id="s228.1">
 <w id="w228.1.1">za</w> 
 <w id="w228.1.2">subkutano</w> 
 <w id="w228.1.3">uporabo</w>
</s></p>

<p id="229">
<s id="s229.1">
 <w id="w229.1.1">injekcijski</w> 
 <w id="w229.1.2">vložek</w>       
 <w id="w229.1.3">(</w>
 <w id="w229.1.4">steklo</w>
 <w id="w229.1.5">)</w> 
 <w id="w229.1.6">v</w> 
 <w id="w229.1.7">napolnjenem</w>   
 <w id="w229.1.8">peresniku</w>
</s></p>

<head id="230">
<s id="s230.1">
 <w id="w230.1.1">3</w> 
 <w id="w230.1.2">ml</w> 
 <w id="w230.1.3">(</w>
 <w id="w230.1.4">3,</w>
 <w id="w230.1.5">5</w> 
 <w id="w230.1.6">mg/</w>
 <w id="w230.1.7">ml</w>
 <w id="w230.1.8">)</w>
</s></head>

<head id="231">
<s id="s231.1">
 <w id="w231.1.1">10</w> 
 <w id="w231.1.2">napolnjenih</w> 
 <w id="w231.1.3">peresnikov</w>
</s></head>

<head id="232">
<s id="s232.1">
 <w id="w232.1.1">EU/</w>
 <w id="w232.1.2">1/</w>
 <w id="w232.1.3">02/</w>
 <w id="w232.1.4">229/</w>
 <w id="w232.1.5">028</w>
</s></head>

<head id="233">
<s id="s233.1">
 <w id="w233.1.1">Actraphane</w> 
 <w id="w233.1.2">50</w> 
 <w id="w233.1.3">NovoLet</w> 
 <w id="w233.1.4">100</w> 
 <w id="w233.1.5">i.</w>
 <w id="w233.1.6">e</w>
 <w id="w233.1.7">.</w>
</s></head>

<p id="234">
<s id="s234.1">
 <w id="w234.1.1">suspenzija</w> 
 <w id="w234.1.2">za</w> 
 <w id="w234.1.3">injiciranje</w>
</s></p>

<p id="235">
<s id="s235.1">
 <w id="w235.1.1">za</w> 
 <w id="w235.1.2">subkutano</w> 
 <w id="w235.1.3">uporabo</w>
</s></p>

<p id="236">
<s id="s236.1">
 <w id="w236.1.1">injekcijski</w> 
 <w id="w236.1.2">vložek</w>       
 <w id="w236.1.3">(</w>
 <w id="w236.1.4">steklo</w>
 <w id="w236.1.5">)</w> 
 <w id="w236.1.6">v</w> 
 <w id="w236.1.7">napolnjenem</w>   
 <w id="w236.1.8">peresniku</w>
</s></p>

<head id="237">
<s id="s237.1">
 <w id="w237.1.1">3</w> 
 <w id="w237.1.2">ml</w> 
 <w id="w237.1.3">(</w>
 <w id="w237.1.4">3,</w>
 <w id="w237.1.5">5</w> 
 <w id="w237.1.6">mg/</w>
 <w id="w237.1.7">ml</w>
 <w id="w237.1.8">)</w>
</s></head>

<head id="238">
<s id="s238.1">
 <w id="w238.1.1">5</w> 
 <w id="w238.1.2">napolnjenih</w> 
 <w id="w238.1.3">peresnikov</w>
</s></head>

<head id="239">
<s id="s239.1">
 <w id="w239.1.1">EU/</w>
 <w id="w239.1.2">1/</w>
 <w id="w239.1.3">02/</w>
 <w id="w239.1.4">229/</w>
 <w id="w239.1.5">029</w>
</s></head>

<head id="240">
<s id="s240.1">
 <w id="w240.1.1">Actraphane</w> 
 <w id="w240.1.2">50</w> 
 <w id="w240.1.3">NovoLet</w> 
 <w id="w240.1.4">100</w> 
 <w id="w240.1.5">i.</w>
 <w id="w240.1.6">e</w>
 <w id="w240.1.7">.</w>
</s></head>

<p id="241">
<s id="s241.1">
 <w id="w241.1.1">suspenzija</w> 
 <w id="w241.1.2">za</w> 
 <w id="w241.1.3">injiciranje</w>
</s></p>

<p id="242">
<s id="s242.1">
 <w id="w242.1.1">za</w> 
 <w id="w242.1.2">subkutano</w> 
 <w id="w242.1.3">uporabo</w>
</s></p>

<p id="243">
<s id="s243.1">
 <w id="w243.1.1">injekcijski</w> 
 <w id="w243.1.2">vložek</w>       
 <w id="w243.1.3">(</w>
 <w id="w243.1.4">steklo</w>
 <w id="w243.1.5">)</w> 
 <w id="w243.1.6">v</w> 
 <w id="w243.1.7">napolnjenem</w>   
 <w id="w243.1.8">peresniku</w>
</s></p>

<head id="244">
<s id="s244.1">
 <w id="w244.1.1">3</w> 
 <w id="w244.1.2">ml</w> 
 <w id="w244.1.3">(</w>
 <w id="w244.1.4">3,</w>
 <w id="w244.1.5">5</w> 
 <w id="w244.1.6">mg/</w>
 <w id="w244.1.7">ml</w>
 <w id="w244.1.8">)</w>
</s></head>

<head id="245">
<s id="s245.1">
 <w id="w245.1.1">10</w> 
 <w id="w245.1.2">napolnjenih</w> 
 <w id="w245.1.3">peresnikov</w>
</s></head>

<head id="246">
<s id="s246.1">
 <w id="w246.1.1">EU/</w>
 <w id="w246.1.2">1/</w>
 <w id="w246.1.3">02/</w>
 <w id="w246.1.4">229/</w>
 <w id="w246.1.5">030</w>
</s></head>

<head id="247">
<s id="s247.1">
 <w id="w247.1.1">Actraphane</w> 
 <w id="w247.1.2">30</w> 
 <w id="w247.1.3">InnoLet</w>   
 <w id="w247.1.4">100</w> 
 <w id="w247.1.5">i.</w>
 <w id="w247.1.6">e</w>
 <w id="w247.1.7">.</w>
</s></head>

<p id="248">
<s id="s248.1">
 <w id="w248.1.1">suspenzija</w> 
 <w id="w248.1.2">za</w> 
 <w id="w248.1.3">injiciranje</w>
</s></p>

<p id="249">
<s id="s249.1">
 <w id="w249.1.1">za</w> 
 <w id="w249.1.2">subkutano</w> 
 <w id="w249.1.3">uporabo</w>
</s></p>

<p id="250">
<s id="s250.1">
 <w id="w250.1.1">injekcijski</w> 
 <w id="w250.1.2">vložek</w>       
 <w id="w250.1.3">(</w>
 <w id="w250.1.4">steklo</w>
 <w id="w250.1.5">)</w> 
 <w id="w250.1.6">v</w> 
 <w id="w250.1.7">napolnjenem</w> 
 <w id="w250.1.8">peresniku</w>
</s></p>

<head id="251">
<s id="s251.1">
 <w id="w251.1.1">3</w> 
 <w id="w251.1.2">ml</w> 
 <w id="w251.1.3">(</w>
 <w id="w251.1.4">3,</w>
 <w id="w251.1.5">5</w> 
 <w id="w251.1.6">mg/</w>
 <w id="w251.1.7">ml</w>
 <w id="w251.1.8">)</w>
</s></head>

<head id="252">
<s id="s252.1">
 <w id="w252.1.1">1</w> 
 <w id="w252.1.2">napolnjen</w> 
 <w id="w252.1.3">peresnik</w>
</s></head>

<head id="253">
<s id="s253.1">
 <w id="w253.1.1">EU/</w>
 <w id="w253.1.2">1/</w>
 <w id="w253.1.3">02/</w>
 <w id="w253.1.4">229/</w>
 <w id="w253.1.5">031</w>
</s></head>

<head id="254">
<s id="s254.1">
 <w id="w254.1.1">Actraphane</w> 
 <w id="w254.1.2">30</w> 
 <w id="w254.1.3">InnoLet</w>   
 <w id="w254.1.4">100</w> 
 <w id="w254.1.5">i.</w>
 <w id="w254.1.6">e</w>
 <w id="w254.1.7">.</w>
</s></head>

<p id="255">
<s id="s255.1">
 <w id="w255.1.1">suspenzija</w> 
 <w id="w255.1.2">za</w> 
 <w id="w255.1.3">injiciranje</w>
</s></p>

<p id="256">
<s id="s256.1">
 <w id="w256.1.1">za</w> 
 <w id="w256.1.2">subkutano</w> 
 <w id="w256.1.3">uporabo</w>
</s></p>

<p id="257">
<s id="s257.1">
 <w id="w257.1.1">Injekcijski</w> 
 <w id="w257.1.2">vložek</w>       
 <w id="w257.1.3">(</w>
 <w id="w257.1.4">steklo</w>
 <w id="w257.1.5">)</w> 
 <w id="w257.1.6">v</w> 
 <w id="w257.1.7">napolnjenem</w>   
 <w id="w257.1.8">peresniku</w>
</s></p>

<head id="258">
<s id="s258.1">
 <w id="w258.1.1">3</w> 
 <w id="w258.1.2">ml</w> 
 <w id="w258.1.3">(</w>
 <w id="w258.1.4">3,</w>
 <w id="w258.1.5">5</w> 
 <w id="w258.1.6">mg/</w>
 <w id="w258.1.7">ml</w>
 <w id="w258.1.8">)</w>
</s></head>

<head id="259">
<s id="s259.1">
 <w id="w259.1.1">5</w> 
 <w id="w259.1.2">napolnjenih</w> 
 <w id="w259.1.3">peresnikov</w>
</s></head>

<p id="260">
<s id="s260.1">
 <w id="w260.1.1">3/</w>
 <w id="w260.1.2">4</w> 
 <w id="w260.1.3">EU</w> 
 <w id="w260.1.4">številka</w>
</s></p>

<head id="261">
<s id="s261.1">
 <w id="w261.1.1">Lastniško</w> 
 <w id="w261.1.2">ime</w>
</s></head>

<head id="262">
<s id="s262.1">
 <w id="w262.1.1">Jakost</w>
</s></head>

<head id="263">
<s id="s263.1">
 <w id="w263.1.1">Farmacevtska</w> 
 <w id="w263.1.2">oblika</w>
</s></head>

<head id="264">
<s id="s264.1">
 <w id="w264.1.1">Način</w> 
 <w id="w264.1.2">aplikacije</w>
</s></head>

<head id="265">
<s id="s265.1">
 <w id="w265.1.1">Pakiranje</w>
</s></head>

<head id="266">
<s id="s266.1">
 <w id="w266.1.1">Vsebina</w>
</s></head>

<head id="267">
<s id="s267.1">
 <w id="w267.1.1">Velikost</w> 
 <w id="w267.1.2">pakiranja</w>
</s></head>

<head id="268">
<s id="s268.1">
 <w id="w268.1.1">EU/</w>
 <w id="w268.1.2">1/</w>
 <w id="w268.1.3">02/</w>
 <w id="w268.1.4">229/</w>
 <w id="w268.1.5">032</w>
</s></head>

<head id="269">
<s id="s269.1">
 <w id="w269.1.1">Actraphane</w> 
 <w id="w269.1.2">30</w> 
 <w id="w269.1.3">InnoLet</w>
</s></head>

<head id="270">
<s id="s270.1">
 <w id="w270.1.1">100</w> 
 <w id="w270.1.2">i.</w>
 <w id="w270.1.3">e</w>
 <w id="w270.1.4">.</w>
</s></head>

<p id="271">
<s id="s271.1">
 <w id="w271.1.1">suspenzija</w> 
 <w id="w271.1.2">za</w> 
 <w id="w271.1.3">injiciranje</w>
</s></p>

<p id="272">
<s id="s272.1">
 <w id="w272.1.1">za</w> 
 <w id="w272.1.2">subkutano</w> 
 <w id="w272.1.3">uporabo</w>
</s></p>

<p id="273">
<s id="s273.1">
 <w id="w273.1.1">Injekcijski</w> 
 <w id="w273.1.2">vložek</w>      
 <w id="w273.1.3">(</w>
 <w id="w273.1.4">steklo</w>
 <w id="w273.1.5">)</w> 
 <w id="w273.1.6">v</w> 
 <w id="w273.1.7">napolnjenem</w>  
 <w id="w273.1.8">peresniku</w>
</s></p>

<head id="274">
<s id="s274.1">
 <w id="w274.1.1">3</w> 
 <w id="w274.1.2">ml</w> 
 <w id="w274.1.3">(</w>
 <w id="w274.1.4">3,</w>
 <w id="w274.1.5">5</w> 
 <w id="w274.1.6">mg/</w>
 <w id="w274.1.7">ml</w>
 <w id="w274.1.8">)</w>
</s></head>

<head id="275">
<s id="s275.1">
 <w id="w275.1.1">10</w> 
 <w id="w275.1.2">napolnjenih</w> 
 <w id="w275.1.3">peresnikov</w>
</s></head>

<head id="276">
<s id="s276.1">
 <w id="w276.1.1">EU/</w>
 <w id="w276.1.2">1/</w>
 <w id="w276.1.3">02/</w>
 <w id="w276.1.4">229/</w>
 <w id="w276.1.5">033</w>
</s></head>

<head id="277">
<s id="s277.1">
 <w id="w277.1.1">Actraphane</w> 
 <w id="w277.1.2">30</w> 
 <w id="w277.1.3">FlexPen</w> 
 <w id="w277.1.4">100</w> 
 <w id="w277.1.5">i.</w>
 <w id="w277.1.6">e</w>
 <w id="w277.1.7">.</w>
</s></head>

<p id="278">
<s id="s278.1">
 <w id="w278.1.1">suspenzija</w> 
 <w id="w278.1.2">za</w> 
 <w id="w278.1.3">injiciranje</w>
</s></p>

<p id="279">
<s id="s279.1">
 <w id="w279.1.1">za</w> 
 <w id="w279.1.2">subkutano</w> 
 <w id="w279.1.3">uporabo</w> 
 <w id="w279.1.4">Injekcijski</w> 
 <w id="w279.1.5">vložek</w>                             
 <w id="w279.1.6">(</w>
 <w id="w279.1.7">steklo</w>
 <w id="w279.1.8">)</w> 
 <w id="w279.1.9">v</w> 
 <w id="w279.1.10">napolnjenem</w>                       
 <w id="w279.1.11">peresniku</w>
</s></p>

<head id="280">
<s id="s280.1">
 <w id="w280.1.1">3</w> 
 <w id="w280.1.2">ml</w> 
 <w id="w280.1.3">(</w>
 <w id="w280.1.4">3,</w>
 <w id="w280.1.5">5</w> 
 <w id="w280.1.6">mg/</w>
 <w id="w280.1.7">ml</w>
 <w id="w280.1.8">)</w>
</s></head>

<head id="281">
<s id="s281.1">
 <w id="w281.1.1">1</w> 
 <w id="w281.1.2">napolnjen</w> 
 <w id="w281.1.3">peresnik</w>
</s></head>

<head id="282">
<s id="s282.1">
 <w id="w282.1.1">EU/</w>
 <w id="w282.1.2">1/</w>
 <w id="w282.1.3">02/</w>
 <w id="w282.1.4">229/</w>
 <w id="w282.1.5">034</w>
</s></head>

<head id="283">
<s id="s283.1">
 <w id="w283.1.1">Actraphane</w> 
 <w id="w283.1.2">30</w> 
 <w id="w283.1.3">FlexPen</w> 
 <w id="w283.1.4">100</w> 
 <w id="w283.1.5">i.</w>
 <w id="w283.1.6">e</w>
 <w id="w283.1.7">.</w>
</s></head>

<p id="284">
<s id="s284.1">
 <w id="w284.1.1">suspenzija</w> 
 <w id="w284.1.2">za</w> 
 <w id="w284.1.3">injiciranje</w>
</s></p>

<p id="285">
<s id="s285.1">
 <w id="w285.1.1">za</w> 
 <w id="w285.1.2">subkutano</w> 
 <w id="w285.1.3">uporabo</w> 
 <w id="w285.1.4">Injekcijski</w> 
 <w id="w285.1.5">vložek</w>                             
 <w id="w285.1.6">(</w>
 <w id="w285.1.7">steklo</w>
 <w id="w285.1.8">)</w> 
 <w id="w285.1.9">v</w> 
 <w id="w285.1.10">napolnjenem</w>                        
 <w id="w285.1.11">peresniku</w>
</s></p>

<head id="286">
<s id="s286.1">
 <w id="w286.1.1">3</w> 
 <w id="w286.1.2">ml</w> 
 <w id="w286.1.3">(</w>
 <w id="w286.1.4">3,</w>
 <w id="w286.1.5">5</w> 
 <w id="w286.1.6">mg/</w>
 <w id="w286.1.7">ml</w>
 <w id="w286.1.8">)</w>
</s></head>

<head id="287">
<s id="s287.1">
 <w id="w287.1.1">5</w> 
 <w id="w287.1.2">napolnjenih</w> 
 <w id="w287.1.3">peresnikov</w>
</s></head>

<head id="288">
<s id="s288.1">
 <w id="w288.1.1">EU/</w>
 <w id="w288.1.2">1/</w>
 <w id="w288.1.3">02/</w>
 <w id="w288.1.4">229/</w>
 <w id="w288.1.5">035</w>
</s></head>

<p id="289">
<s id="s289.1">
 <w id="w289.1.1">Actraphane</w> 
 <w id="w289.1.2">30</w>           
 <w id="w289.1.3">100</w> 
 <w id="w289.1.4">i.</w>
 <w id="w289.1.5">e</w>
 <w id="w289.1.6">.</w>
</s>    
 
<s id="s289.2">
 <w id="w289.2.1">FlexPen</w>
</s></p>

<p id="290">
<s id="s290.1">
 <w id="w290.1.1">suspenzija</w> 
 <w id="w290.1.2">za</w> 
 <w id="w290.1.3">injiciranje</w>
</s></p>

<p id="291">
<s id="s291.1">
 <w id="w291.1.1">za</w> 
 <w id="w291.1.2">subkutano</w> 
 <w id="w291.1.3">uporabo</w> 
 <w id="w291.1.4">Injekcijski</w> 
 <w id="w291.1.5">vložek</w>                             
 <w id="w291.1.6">(</w>
 <w id="w291.1.7">steklo</w>
 <w id="w291.1.8">)</w> 
 <w id="w291.1.9">v</w> 
 <w id="w291.1.10">napolnjenem</w>                        
 <w id="w291.1.11">peresniku</w>
</s></p>

<head id="292">
<s id="s292.1">
 <w id="w292.1.1">3</w> 
 <w id="w292.1.2">ml</w> 
 <w id="w292.1.3">(</w>
 <w id="w292.1.4">3,</w>
 <w id="w292.1.5">5</w> 
 <w id="w292.1.6">mg/</w>
 <w id="w292.1.7">ml</w>
 <w id="w292.1.8">)</w>
</s></head>

<head id="293">
<s id="s293.1">
 <w id="w293.1.1">10</w> 
 <w id="w293.1.2">napolnjenih</w>  
 <w id="w293.1.3">peresnikov</w>
</s></head>

<head id="294">
<s id="s294.1">
 <w id="w294.1.1">EU/</w>
 <w id="w294.1.2">1/</w>
 <w id="w294.1.3">02/</w>
 <w id="w294.1.4">229/</w>
 <w id="w294.1.5">036</w>
</s></head>

<head id="295">
<s id="s295.1">
 <w id="w295.1.1">Actraphane</w> 
 <w id="w295.1.2">30</w>           
 <w id="w295.1.3">40</w> 
 <w id="w295.1.4">i.</w>
 <w id="w295.1.5">e</w>
 <w id="w295.1.6">.</w>
</s></head>

<p id="296">
<s id="s296.1">
 <w id="w296.1.1">suspenzija</w> 
 <w id="w296.1.2">za</w> 
 <w id="w296.1.3">injiciranje</w>
</s></p>

<p id="297">
<s id="s297.1">
 <w id="w297.1.1">za</w> 
 <w id="w297.1.2">subkutano</w> 
 <w id="w297.1.3">uporabo</w> 
 <w id="w297.1.4">viala</w> 
 <w id="w297.1.5">(</w>
 <w id="w297.1.6">steklo</w>
 <w id="w297.1.7">)</w>
</s></p>

<head id="298">
<s id="s298.1">
 <w id="w298.1.1">10</w> 
 <w id="w298.1.2">ml</w> 
 <w id="w298.1.3">(</w>
 <w id="w298.1.4">1,</w>
 <w id="w298.1.5">4</w> 
 <w id="w298.1.6">mg/</w>
 <w id="w298.1.7">ml</w>
 <w id="w298.1.8">)</w>
</s></head>

<head id="299">
<s id="s299.1">
 <w id="w299.1.1">5</w> 
 <w id="w299.1.2">x</w> 
 <w id="w299.1.3">(</w>
 <w id="w299.1.4">1</w> 
 <w id="w299.1.5">x</w> 
 <w id="w299.1.6">10</w> 
 <w id="w299.1.7">ml</w>
 <w id="w299.1.8">)</w> 
 <w id="w299.1.9">vial</w>
</s></head>

<head id="300">
<s id="s300.1">
 <w id="w300.1.1">EU/</w>
 <w id="w300.1.2">1/</w>
 <w id="w300.1.3">02/</w>
 <w id="w300.1.4">229/</w>
 <w id="w300.1.5">037</w>
</s></head>

<head id="301">
<s id="s301.1">
 <w id="w301.1.1">Actraphane</w> 
 <w id="w301.1.2">30</w>
</s></head>

<head id="302">
<s id="s302.1">
 <w id="w302.1.1">100</w> 
 <w id="w302.1.2">i.</w>
 <w id="w302.1.3">e</w>
 <w id="w302.1.4">.</w>
</s></head>

<p id="303">
<s id="s303.1">
 <w id="w303.1.1">suspenzija</w> 
 <w id="w303.1.2">za</w> 
 <w id="w303.1.3">injiciranje</w>
</s></p>

<p id="304">
<s id="s304.1">
 <w id="w304.1.1">za</w> 
 <w id="w304.1.2">subkutano</w> 
 <w id="w304.1.3">uporabo</w>
</s></p>

<p id="305">
<s id="s305.1">
 <w id="w305.1.1">viala</w> 
 <w id="w305.1.2">(</w>
 <w id="w305.1.3">steklo</w>
 <w id="w305.1.4">)</w>
</s></p>

<head id="306">
<s id="s306.1">
 <w id="w306.1.1">10</w> 
 <w id="w306.1.2">ml</w> 
 <w id="w306.1.3">(</w>
 <w id="w306.1.4">3,</w>
 <w id="w306.1.5">5</w> 
 <w id="w306.1.6">mg/</w>
 <w id="w306.1.7">ml</w>
 <w id="w306.1.8">)</w>
</s></head>

<head id="307">
<s id="s307.1">
 <w id="w307.1.1">5</w> 
 <w id="w307.1.2">x</w> 
 <w id="w307.1.3">(</w>
 <w id="w307.1.4">1</w> 
 <w id="w307.1.5">x</w> 
 <w id="w307.1.6">10</w> 
 <w id="w307.1.7">ml</w>
 <w id="w307.1.8">)</w> 
 <w id="w307.1.9">vial</w>
</s></head>

<p id="308">
<s id="s308.1">
 <w id="w308.1.1">4/</w>
 <w id="w308.1.2">4</w>
</s></p></text>
