<?xml version="1.0" encoding="utf-8"?>
<text>
<p id="1">
<s id="s1.1">
 <w id="w1.1.1">European</w> 
 <w id="w1.1.2">Medicines</w> 
 <w id="w1.1.3">Agency</w>
</s></p>

<p id="2">
<s id="s2.1">
 <w id="w2.1.1">EMEA/</w>
 <w id="w2.1.2">H/</w>
 <w id="w2.1.3">C/</w>
 <w id="w2.1.4">427</w>
</s></p>

<p id="3">
<s id="s3.1">
 <w id="w3.1.1">EVROPSKO</w> 
 <w id="w3.1.2">JAVNO</w> 
 <w id="w3.1.3">POROČILO</w> 
 <w id="w3.1.4">O</w> 
 <w id="w3.1.5">OCENI</w> 
 <w id="w3.1.6">ZDRAVILA</w> 
 <w id="w3.1.7">(</w>
 <w id="w3.1.8">EPAR</w>
 <w id="w3.1.9">)</w>
</s></p>

<p id="4">
<s id="s4.1">
 <w id="w4.1.1">ACTRAPHANE</w> 
 <w id="w4.1.2">10</w>                                                          
 <w id="w4.1.3">ACTRAPHANE</w> 
 <w id="w4.1.4">20</w>                                                          
 <w id="w4.1.5">ACTRAPHANE</w> 
 <w id="w4.1.6">30</w>                                                          
 <w id="w4.1.7">ACTRAPHANE</w> 
 <w id="w4.1.8">40</w>                                                          
 <w id="w4.1.9">ACTRAPHANE</w> 
 <w id="w4.1.10">50</w>
</s></p>

<p id="5">
<s id="s5.1">
 <w id="w5.1.1">Povzetek</w> 
 <w id="w5.1.2">EPAR</w> 
 <w id="w5.1.3">za</w> 
 <w id="w5.1.4">javnost</w>
</s></p>

<p id="6">
<s id="s6.1">
 <w id="w6.1.1">Ta</w> 
 <w id="w6.1.2">dokument</w> 
 <w id="w6.1.3">je</w> 
 <w id="w6.1.4">povzetek</w> 
 <w id="w6.1.5">Evropskega</w> 
 <w id="w6.1.6">javnega</w> 
 <w id="w6.1.7">poročila</w> 
 <w id="w6.1.8">o</w> 
 <w id="w6.1.9">oceni</w> 
 <w id="w6.1.10">zdravila</w> 
 <w id="w6.1.11">(</w>
 <w id="w6.1.12">EPAR</w>
 <w id="w6.1.13">)</w>
 <w id="w6.1.14">.</w>
</s> 
 
<s id="s6.2">
 <w id="w6.2.1">Pojasnjuje</w>
 <w id="w6.2.2">,</w> 
 <w id="w6.2.3">kako</w>   
 <w id="w6.2.4">je</w> 
 <w id="w6.2.5">Odbor</w> 
 <w id="w6.2.6">za</w> 
 <w id="w6.2.7">zdravila</w> 
 <w id="w6.2.8">za</w> 
 <w id="w6.2.9">uporabo</w> 
 <w id="w6.2.10">v</w> 
 <w id="w6.2.11">humani</w> 
 <w id="w6.2.12">medicini</w> 
 <w id="w6.2.13">(</w>
 <w id="w6.2.14">CHMP</w>
 <w id="w6.2.15">)</w> 
 <w id="w6.2.16">ocenil</w> 
 <w id="w6.2.17">opravljene</w> 
 <w id="w6.2.18">raziskave</w>
 <w id="w6.2.19">,</w> 
 <w id="w6.2.20">na</w>   
 <w id="w6.2.21">podlagi</w> 
 <w id="w6.2.22">česar</w> 
 <w id="w6.2.23">je</w> 
 <w id="w6.2.24">oblikoval</w> 
 <w id="w6.2.25">priporočila</w> 
 <w id="w6.2.26">glede</w> 
 <w id="w6.2.27">uporabe</w> 
 <w id="w6.2.28">zdravila</w>
 <w id="w6.2.29">.</w>
</s>   
 
<s id="s6.3">
 <w id="w6.3.1">Če</w> 
 <w id="w6.3.2">potrebujete</w> 
 <w id="w6.3.3">več</w> 
 <w id="w6.3.4">informacij</w> 
 <w id="w6.3.5">o</w> 
 <w id="w6.3.6">vašem</w> 
 <w id="w6.3.7">zdravstvenem</w> 
 <w id="w6.3.8">stanju</w> 
 <w id="w6.3.9">ali</w> 
 <w id="w6.3.10">zdravljenju</w>
 <w id="w6.3.11">,</w> 
 <w id="w6.3.12">preberite</w> 
 <w id="w6.3.13">Navodila</w> 
 <w id="w6.3.14">za</w>   
 <w id="w6.3.15">uporabo</w> 
 <w id="w6.3.16">(</w>
 <w id="w6.3.17">ki</w> 
 <w id="w6.3.18">so</w> 
 <w id="w6.3.19">prav</w> 
 <w id="w6.3.20">tako</w> 
 <w id="w6.3.21">del</w> 
 <w id="w6.3.22">EPAR</w>
 <w id="w6.3.23">)</w> 
 <w id="w6.3.24">ali</w> 
 <w id="w6.3.25">se</w> 
 <w id="w6.3.26">posvetujte</w> 
 <w id="w6.3.27">s</w> 
 <w id="w6.3.28">svojim</w> 
 <w id="w6.3.29">zdravnikom</w> 
 <w id="w6.3.30">ali</w> 
 <w id="w6.3.31">farmacevtom</w>
 <w id="w6.3.32">.</w>
</s> 
 
<s id="s6.4">
 <w id="w6.4.1">Če</w>   
 <w id="w6.4.2">želite</w> 
 <w id="w6.4.3">več</w> 
 <w id="w6.4.4">informacij</w> 
 <w id="w6.4.5">o</w> 
 <w id="w6.4.6">podlagi</w> 
 <w id="w6.4.7">za</w> 
 <w id="w6.4.8">priporočila</w> 
 <w id="w6.4.9">CHMP</w>
 <w id="w6.4.10">,</w> 
 <w id="w6.4.11">preberite</w> 
 <w id="w6.4.12">znanstveno</w> 
 <w id="w6.4.13">razpravo</w> 
 <w id="w6.4.14">(</w>
 <w id="w6.4.15">ki</w> 
 <w id="w6.4.16">je</w> 
 <w id="w6.4.17">prav</w>   
 <w id="w6.4.18">tako</w> 
 <w id="w6.4.19">del</w> 
 <w id="w6.4.20">EPAR</w>
 <w id="w6.4.21">)</w>
 <w id="w6.4.22">.</w>
</s></p>

<p id="7">
<s id="s7.1">
 <w id="w7.1.1">Kaj</w> 
 <w id="w7.1.2">je</w> 
 <w id="w7.1.3">zdravilo</w> 
 <w id="w7.1.4">Actraphane</w>
 <w id="w7.1.5">?</w>
</s>   
 
<s id="s7.2">
 <w id="w7.2.1">Zdravilo</w> 
 <w id="w7.2.2">Actraphane</w> 
 <w id="w7.2.3">obsega</w> 
 <w id="w7.2.4">različne</w> 
 <w id="w7.2.5">suspenzije</w> 
 <w id="w7.2.6">insulina</w> 
 <w id="w7.2.7">za</w> 
 <w id="w7.2.8">injiciranje</w>
 <w id="w7.2.9">.</w>
</s> 
 
<s id="s7.3">
 <w id="w7.3.1">Actraphane</w> 
 <w id="w7.3.2">je</w> 
 <w id="w7.3.3">na</w> 
 <w id="w7.3.4">voljo</w> 
 <w id="w7.3.5">je</w> 
 <w id="w7.3.6">v</w>   
 <w id="w7.3.7">vialah</w>
 <w id="w7.3.8">,</w> 
 <w id="w7.3.9">injekcijskih</w> 
 <w id="w7.3.10">vložkih</w> 
 <w id="w7.3.11">(</w>
 <w id="w7.3.12">PenFill</w>
 <w id="w7.3.13">)</w> 
 <w id="w7.3.14">ali</w> 
 <w id="w7.3.15">predhodno</w> 
 <w id="w7.3.16">napolnjenih</w> 
 <w id="w7.3.17">injekcijskih</w> 
 <w id="w7.3.18">peresnikih</w> 
 <w id="w7.3.19">(</w>
 <w id="w7.3.20">NovoLet</w>
 <w id="w7.3.21">,</w>   
 <w id="w7.3.22">FlexPen</w> 
 <w id="w7.3.23">ali</w> 
 <w id="w7.3.24">InnoLet</w>
 <w id="w7.3.25">)</w>
 <w id="w7.3.26">.</w>
</s> 
 
<s id="s7.4">
 <w id="w7.4.1">Zdravilo</w> 
 <w id="w7.4.2">Actraphane</w> 
 <w id="w7.4.3">vsebuje</w> 
 <w id="w7.4.4">zdravilno</w> 
 <w id="w7.4.5">učinkovino</w> 
 <w id="w7.4.6">humani</w> 
 <w id="w7.4.7">insulin</w> 
 <w id="w7.4.8">(</w>
 <w id="w7.4.9">rDNA</w>
 <w id="w7.4.10">)</w>
 <w id="w7.4.11">.</w>
</s>   
 
<s id="s7.5">
 <w id="w7.5.1">Actraphane</w> 
 <w id="w7.5.2">vsebuje</w> 
 <w id="w7.5.3">tako</w> 
 <w id="w7.5.4">hitrodelujoč</w> 
 <w id="w7.5.5">(</w>
 <w id="w7.5.6">topni</w>
 <w id="w7.5.7">)</w> 
 <w id="w7.5.8">kot</w> 
 <w id="w7.5.9">tudi</w> 
 <w id="w7.5.10">dolgodelujoč</w> 
 <w id="w7.5.11">(</w>
 <w id="w7.5.12">izofan</w>
 <w id="w7.5.13">)</w> 
 <w id="w7.5.14">insulin</w>
 <w id="w7.5.15">.</w>
</s>   
 
<s id="s7.6">
 <w id="w7.6.1">Actraphane</w> 
 <w id="w7.6.2">10</w>
 <w id="w7.6.3">:</w>
</s> 
 
<s id="s7.7">
 <w id="w7.7.1">10</w>
 <w id="w7.7.2">%</w> 
 <w id="w7.7.3">topnega</w> 
 <w id="w7.7.4">insulina</w> 
 <w id="w7.7.5">in</w> 
 <w id="w7.7.6">90</w>
 <w id="w7.7.7">%</w> 
 <w id="w7.7.8">insulina</w> 
 <w id="w7.7.9">izofan</w>   
 <w id="w7.7.10">Actraphane</w> 
 <w id="w7.7.11">20</w>
 <w id="w7.7.12">:</w>
</s> 
 
<s id="s7.8">
 <w id="w7.8.1">20</w>
 <w id="w7.8.2">%</w> 
 <w id="w7.8.3">topnega</w> 
 <w id="w7.8.4">insulina</w> 
 <w id="w7.8.5">in</w> 
 <w id="w7.8.6">80</w>
 <w id="w7.8.7">%</w> 
 <w id="w7.8.8">insulina</w> 
 <w id="w7.8.9">izofan</w>   
 <w id="w7.8.10">Actraphane</w> 
 <w id="w7.8.11">30</w>
 <w id="w7.8.12">:</w>
</s> 
 
<s id="s7.9">
 <w id="w7.9.1">30</w> 
 <w id="w7.9.2">%</w> 
 <w id="w7.9.3">topnega</w> 
 <w id="w7.9.4">insulina</w> 
 <w id="w7.9.5">in</w> 
 <w id="w7.9.6">70</w> 
 <w id="w7.9.7">%</w> 
 <w id="w7.9.8">insulina</w> 
 <w id="w7.9.9">izofan</w>   
 <w id="w7.9.10">Actraphane</w> 
 <w id="w7.9.11">40</w>
 <w id="w7.9.12">:</w>
</s> 
 
<s id="s7.10">
 <w id="w7.10.1">40</w>
 <w id="w7.10.2">%</w> 
 <w id="w7.10.3">topnega</w> 
 <w id="w7.10.4">insulina</w> 
 <w id="w7.10.5">in</w> 
 <w id="w7.10.6">60</w>
 <w id="w7.10.7">%</w> 
 <w id="w7.10.8">insulina</w> 
 <w id="w7.10.9">izofan</w>   
 <w id="w7.10.10">Actraphane</w> 
 <w id="w7.10.11">50</w>
 <w id="w7.10.12">:</w>
</s> 
 
<s id="s7.11">
 <w id="w7.11.1">50</w>
 <w id="w7.11.2">%</w> 
 <w id="w7.11.3">topnega</w> 
 <w id="w7.11.4">insulina</w> 
 <w id="w7.11.5">in</w> 
 <w id="w7.11.6">50</w>
 <w id="w7.11.7">%</w> 
 <w id="w7.11.8">insulina</w> 
 <w id="w7.11.9">izofan</w>
</s></p>

<p id="8">
<s id="s8.1">
 <w id="w8.1.1">Za</w> 
 <w id="w8.1.2">kaj</w> 
 <w id="w8.1.3">se</w> 
 <w id="w8.1.4">zdravilo</w> 
 <w id="w8.1.5">Actraphane</w> 
 <w id="w8.1.6">uporablja</w>
 <w id="w8.1.7">?</w>
</s>   
 
<s id="s8.2">
 <w id="w8.2.1">Zdravilo</w> 
 <w id="w8.2.2">Actraphane</w> 
 <w id="w8.2.3">se</w> 
 <w id="w8.2.4">uporablja</w> 
 <w id="w8.2.5">za</w> 
 <w id="w8.2.6">zdravljenje</w> 
 <w id="w8.2.7">sladkorne</w> 
 <w id="w8.2.8">bolezni</w>
 <w id="w8.2.9">.</w>
</s>   
 
<s id="s8.3">
 <w id="w8.3.1">Zdravilo</w> 
 <w id="w8.3.2">se</w> 
 <w id="w8.3.3">dobi</w> 
 <w id="w8.3.4">samo</w> 
 <w id="w8.3.5">na</w> 
 <w id="w8.3.6">recept</w>
 <w id="w8.3.7">.</w>
</s></p>

<p id="9">
<s id="s9.1">
 <w id="w9.1.1">Kako</w> 
 <w id="w9.1.2">se</w> 
 <w id="w9.1.3">zdravilo</w> 
 <w id="w9.1.4">Actraphane</w> 
 <w id="w9.1.5">uporablja</w>
 <w id="w9.1.6">?</w>
</s>   
 
<s id="s9.2">
 <w id="w9.2.1">Actraphane</w> 
 <w id="w9.2.2">se</w> 
 <w id="w9.2.3">injicira</w> 
 <w id="w9.2.4">subkutano</w> 
 <w id="w9.2.5">(</w>
 <w id="w9.2.6">pod</w> 
 <w id="w9.2.7">kožo</w>
 <w id="w9.2.8">)</w>
 <w id="w9.2.9">,</w> 
 <w id="w9.2.10">navadno</w> 
 <w id="w9.2.11">v</w> 
 <w id="w9.2.12">trebušno</w> 
 <w id="w9.2.13">steno</w>
 <w id="w9.2.14">.</w>
</s> 
 
<s id="s9.3">
 <w id="w9.3.1">Če</w> 
 <w id="w9.3.2">je</w> 
 <w id="w9.3.3">prikladno</w>
 <w id="w9.3.4">,</w> 
 <w id="w9.3.5">se</w> 
 <w id="w9.3.6">lahko</w> 
 <w id="w9.3.7">daje</w>   
 <w id="w9.3.8">tudi</w> 
 <w id="w9.3.9">v</w> 
 <w id="w9.3.10">glutealni</w> 
 <w id="w9.3.11">(</w>
 <w id="w9.3.12">zadnjico</w>
 <w id="w9.3.13">)</w> 
 <w id="w9.3.14">ali</w> 
 <w id="w9.3.15">deltoidni</w> 
 <w id="w9.3.16">predel</w> 
 <w id="w9.3.17">(</w>
 <w id="w9.3.18">rame</w>
 <w id="w9.3.19">)</w>
 <w id="w9.3.20">.</w>
</s> 
 
<s id="s9.4">
 <w id="w9.4.1">Za</w> 
 <w id="w9.4.2">določitev</w> 
 <w id="w9.4.3">najnižjega</w> 
 <w id="w9.4.4">učinkovitega</w> 
 <w id="w9.4.5">odmerka</w> 
 <w id="w9.4.6">je</w>   
 <w id="w9.4.7">potrebno</w> 
 <w id="w9.4.8">redno</w> 
 <w id="w9.4.9">spremljati</w> 
 <w id="w9.4.10">bolnikovo</w> 
 <w id="w9.4.11">raven</w> 
 <w id="w9.4.12">sladkorja</w> 
 <w id="w9.4.13">v</w> 
 <w id="w9.4.14">krvi</w>
 <w id="w9.4.15">.</w>
</s> 
 
<s id="s9.5">
 <w id="w9.5.1">Običajni</w> 
 <w id="w9.5.2">odmerek</w> 
 <w id="w9.5.3">je</w> 
 <w id="w9.5.4">med</w> 
 <w id="w9.5.5">0,</w>
 <w id="w9.5.6">3</w> 
 <w id="w9.5.7">in</w> 
 <w id="w9.5.8">1,</w>
 <w id="w9.5.9">0</w>   
 <w id="w9.5.10">ME/</w>
 <w id="w9.5.11">kg/</w>
 <w id="w9.5.12">dan</w>
 <w id="w9.5.13">.</w>
</s> 
 
<s id="s9.6">
 <w id="w9.6.1">Actraphane</w> 
 <w id="w9.6.2">se</w> 
 <w id="w9.6.3">navadno</w> 
 <w id="w9.6.4">daje</w> 
 <w id="w9.6.5">enkrat</w> 
 <w id="w9.6.6">ali</w> 
 <w id="w9.6.7">dvakrat</w> 
 <w id="w9.6.8">dnevno</w>
 <w id="w9.6.9">,</w> 
 <w id="w9.6.10">kadar</w> 
 <w id="w9.6.11">je</w> 
 <w id="w9.6.12">zaželen</w> 
 <w id="w9.6.13">hiter</w> 
 <w id="w9.6.14">začetni</w>   
 <w id="w9.6.15">učinek</w> 
 <w id="w9.6.16">ob</w> 
 <w id="w9.6.17">hkratnem</w> 
 <w id="w9.6.18">dolgotrajnejšem</w> 
 <w id="w9.6.19">učinku</w>
 <w id="w9.6.20">.</w>
</s></p>

<p id="10">
<s id="s10.1">
 <w id="w10.1.1">Kako</w> 
 <w id="w10.1.2">zdravilo</w> 
 <w id="w10.1.3">Actraphane</w> 
 <w id="w10.1.4">deluje</w>
 <w id="w10.1.5">?</w>
</s>   
 
<s id="s10.2">
 <w id="w10.2.1">Sladkorna</w> 
 <w id="w10.2.2">bolezen</w> 
 <w id="w10.2.3">je</w> 
 <w id="w10.2.4">bolezen</w>
 <w id="w10.2.5">,</w> 
 <w id="w10.2.6">pri</w> 
 <w id="w10.2.7">kateri</w> 
 <w id="w10.2.8">telo</w> 
 <w id="w10.2.9">ne</w> 
 <w id="w10.2.10">tvori</w> 
 <w id="w10.2.11">dovolj</w> 
 <w id="w10.2.12">insulina</w> 
 <w id="w10.2.13">za</w> 
 <w id="w10.2.14">uravnavanje</w> 
 <w id="w10.2.15">sladkorja</w> 
 <w id="w10.2.16">v</w> 
 <w id="w10.2.17">krvi</w>
 <w id="w10.2.18">.</w>
</s>   
 
<s id="s10.3">
 <w id="w10.3.1">Actraphane</w> 
 <w id="w10.3.2">je</w> 
 <w id="w10.3.3">nadomestni</w> 
 <w id="w10.3.4">insulin</w>
 <w id="w10.3.5">,</w> 
 <w id="w10.3.6">ki</w> 
 <w id="w10.3.7">je</w> 
 <w id="w10.3.8">enak</w> 
 <w id="w10.3.9">insulinu</w>
 <w id="w10.3.10">,</w> 
 <w id="w10.3.11">ki</w> 
 <w id="w10.3.12">ga</w> 
 <w id="w10.3.13">proizvaja</w> 
 <w id="w10.3.14">trebušna</w> 
 <w id="w10.3.15">slinavka</w>
 <w id="w10.3.16">.</w>
</s> 
 
<s id="s10.4">
 <w id="w10.4.1">Zdravilna</w>   
 <w id="w10.4.2">učinkovina</w> 
 <w id="w10.4.3">zdravila</w> 
 <w id="w10.4.4">Actraphane</w> 
 <w id="w10.4.5">je</w> 
 <w id="w10.4.6">humani</w> 
 <w id="w10.4.7">insulin</w> 
 <w id="w10.4.8">(</w>
 <w id="w10.4.9">rDNA</w>
 <w id="w10.4.10">)</w>
 <w id="w10.4.11">,</w> 
 <w id="w10.4.12">ki</w> 
 <w id="w10.4.13">je</w> 
 <w id="w10.4.14">pridobljen</w> 
 <w id="w10.4.15">z</w> 
 <w id="w10.4.16">metodo</w>
 <w id="w10.4.17">,</w> 
 <w id="w10.4.18">imenovano</w>   
 <w id="w10.4.19">„</w>
 <w id="w10.4.20">rekombinantna</w> 
 <w id="w10.4.21">tehnologija</w>
 <w id="w10.4.22">“</w>
 <w id="w10.4.23">.</w>
</s> 
 
<s id="s10.5">
 <w id="w10.5.1">Insulin</w> 
 <w id="w10.5.2">izdelajo</w> 
 <w id="w10.5.3">kvasovke</w>
 <w id="w10.5.4">,</w> 
 <w id="w10.5.5">ki</w> 
 <w id="w10.5.6">so</w> 
 <w id="w10.5.7">prejele</w> 
 <w id="w10.5.8">ustrezni</w> 
 <w id="w10.5.9">gen</w> 
 <w id="w10.5.10">(</w>
 <w id="w10.5.11">DNA</w>
 <w id="w10.5.12">)</w>
 <w id="w10.5.13">,</w> 
 <w id="w10.5.14">s</w> 
 <w id="w10.5.15">pomočjo</w>   
 <w id="w10.5.16">katerega</w> 
 <w id="w10.5.17">postanejo</w> 
 <w id="w10.5.18">sposobne</w> 
 <w id="w10.5.19">tvoriti</w> 
 <w id="w10.5.20">insulin</w>
 <w id="w10.5.21">.</w>
</s> 
 
<s id="s10.6">
 <w id="w10.6.1">Actraphane</w> 
 <w id="w10.6.2">vsebuje</w> 
 <w id="w10.6.3">insulin</w> 
 <w id="w10.6.4">v</w> 
 <w id="w10.6.5">dveh</w> 
 <w id="w10.6.6">oblikah</w>
 <w id="w10.6.7">:</w> 
 <w id="w10.6.8">v</w> 
 <w id="w10.6.9">topni</w> 
 <w id="w10.6.10">obliki</w>
 <w id="w10.6.11">,</w>   
 <w id="w10.6.12">ki</w> 
 <w id="w10.6.13">učinkuje</w> 
 <w id="w10.6.14">hitro</w> 
 <w id="w10.6.15">(</w>
 <w id="w10.6.16">v</w> 
 <w id="w10.6.17">30</w> 
 <w id="w10.6.18">minutah</w> 
 <w id="w10.6.19">po</w> 
 <w id="w10.6.20">injiciranju</w>
 <w id="w10.6.21">)</w>
 <w id="w10.6.22">,</w> 
 <w id="w10.6.23">ter</w> 
 <w id="w10.6.24">v</w> 
 <w id="w10.6.25">»</w>
 <w id="w10.6.26">izofan</w>
 <w id="w10.6.27">«</w> 
 <w id="w10.6.28">obliki</w>
 <w id="w10.6.29">,</w> 
 <w id="w10.6.30">ki</w> 
 <w id="w10.6.31">se</w> 
 <w id="w10.6.32">absorbira</w> 
 <w id="w10.6.33">veliko</w> 
 <w id="w10.6.34">počasneje</w> 
 <w id="w10.6.35">v</w>                                         
 <w id="w10.6.36">7</w> 
 <w id="w10.6.37">Westferry</w> 
 <w id="w10.6.38">Circus</w>
 <w id="w10.6.39">,</w> 
 <w id="w10.6.40">Canary</w> 
 <w id="w10.6.41">Wharf</w>
 <w id="w10.6.42">,</w> 
 <w id="w10.6.43">London</w> 
 <w id="w10.6.44">E14</w> 
 <w id="w10.6.45">4HB</w>
 <w id="w10.6.46">,</w> 
 <w id="w10.6.47">UK</w>                                            
 <w id="w10.6.48">Tel</w>
 <w id="w10.6.49">.</w>
</s> 
 
<s id="s10.7">
 <w id="w10.7.1">(</w>
 <w id="w10.7.2">44-</w>
 <w id="w10.7.3">20</w>
 <w id="w10.7.4">)</w> 
 <w id="w10.7.5">74</w> 
 <w id="w10.7.6">18</w> 
 <w id="w10.7.7">84</w> 
 <w id="w10.7.8">00</w> 
 <w id="w10.7.9">Fax</w> 
 <w id="w10.7.10">(</w>
 <w id="w10.7.11">44-</w>
 <w id="w10.7.12">20</w>
 <w id="w10.7.13">)</w> 
 <w id="w10.7.14">74</w> 
 <w id="w10.7.15">18</w> 
 <w id="w10.7.16">86</w> 
 <w id="w10.7.17">68</w>                                           
 <w id="w10.7.18">E-</w>
 <w id="w10.7.19">mail</w>
 <w id="w10.7.20">:</w> 
 <w id="w10.7.21">mail@</w>
 <w id="w10.7.22">emea.</w>
 <w id="w10.7.23">eu.</w>
 <w id="w10.7.24">int</w> 
 <w id="w10.7.25">http</w>
 <w id="w10.7.26">:</w>
 <w id="w10.7.27">//</w>
 <w id="w10.7.28">www.</w>
 <w id="w10.7.29">emea.</w>
 <w id="w10.7.30">eu.</w>
 <w id="w10.7.31">int</w> 
 <w id="w10.7.32">©EMEA</w> 
 <w id="w10.7.33">2006</w> 
 <w id="w10.7.34">Reproduction</w> 
 <w id="w10.7.35">and/</w>
 <w id="w10.7.36">or</w> 
 <w id="w10.7.37">distribution</w> 
 <w id="w10.7.38">of</w> 
 <w id="w10.7.39">this</w> 
 <w id="w10.7.40">document</w> 
 <w id="w10.7.41">is</w> 
 <w id="w10.7.42">authorised</w> 
 <w id="w10.7.43">for</w> 
 <w id="w10.7.44">non</w> 
 <w id="w10.7.45">commercial</w> 
 <w id="w10.7.46">purposes</w> 
 <w id="w10.7.47">only</w> 
 <w id="w10.7.48">provided</w> 
 <w id="w10.7.49">the</w> 
 <w id="w10.7.50">EMEA</w> 
 <w id="w10.7.51">is</w> 
 <w id="w10.7.52">acknowledged</w> 
 <w id="w10.7.53">teku</w> 
 <w id="w10.7.54">dneva</w>
 <w id="w10.7.55">,</w> 
 <w id="w10.7.56">zaradi</w> 
 <w id="w10.7.57">česar</w> 
 <w id="w10.7.58">učinkovanje</w> 
 <w id="w10.7.59">zdravila</w> 
 <w id="w10.7.60">Actraphane</w> 
 <w id="w10.7.61">traja</w> 
 <w id="w10.7.62">dlje</w> 
 <w id="w10.7.63">časa</w>
 <w id="w10.7.64">.</w>
</s> 
 
<s id="s10.8">
 <w id="w10.8.1">Nadomestni</w> 
 <w id="w10.8.2">insulin</w> 
 <w id="w10.8.3">deluje</w> 
 <w id="w10.8.4">na</w> 
 <w id="w10.8.5">enak</w> 
 <w id="w10.8.6">način</w> 
 <w id="w10.8.7">kot</w> 
 <w id="w10.8.8">naravno</w> 
 <w id="w10.8.9">proizveden</w> 
 <w id="w10.8.10">insulin</w> 
 <w id="w10.8.11">in</w> 
 <w id="w10.8.12">omogoča</w>
 <w id="w10.8.13">,</w> 
 <w id="w10.8.14">da</w> 
 <w id="w10.8.15">lahko</w> 
 <w id="w10.8.16">glukoza</w> 
 <w id="w10.8.17">vstopi</w> 
 <w id="w10.8.18">iz</w> 
 <w id="w10.8.19">krvi</w> 
 <w id="w10.8.20">v</w> 
 <w id="w10.8.21">celico</w>
 <w id="w10.8.22">.</w>
</s> 
 
<s id="s10.9">
 <w id="w10.9.1">Z</w> 
 <w id="w10.9.2">nadzorovanjem</w> 
 <w id="w10.9.3">sladkorja</w> 
 <w id="w10.9.4">v</w> 
 <w id="w10.9.5">krvi</w> 
 <w id="w10.9.6">se</w> 
 <w id="w10.9.7">zmanjšajo</w> 
 <w id="w10.9.8">simptomi</w> 
 <w id="w10.9.9">in</w> 
 <w id="w10.9.10">zapleti</w>
 <w id="w10.9.11">,</w> 
 <w id="w10.9.12">povezani</w> 
 <w id="w10.9.13">s</w> 
 <w id="w10.9.14">sladkorno</w> 
 <w id="w10.9.15">boleznijo</w>
 <w id="w10.9.16">.</w>
</s></p>

<p id="11">
<s id="s11.1">
 <w id="w11.1.1">Kako</w> 
 <w id="w11.1.2">je</w> 
 <w id="w11.1.3">bilo</w> 
 <w id="w11.1.4">zdravilo</w> 
 <w id="w11.1.5">Actraphane</w> 
 <w id="w11.1.6">raziskano</w>
 <w id="w11.1.7">?</w>
</s> 
 
<s id="s11.2">
 <w id="w11.2.1">Zdravilo</w> 
 <w id="w11.2.2">Actraphane</w> 
 <w id="w11.2.3">so</w> 
 <w id="w11.2.4">preučili</w> 
 <w id="w11.2.5">pri</w> 
 <w id="w11.2.6">294</w> 
 <w id="w11.2.7">bolnikih</w> 
 <w id="w11.2.8">s</w> 
 <w id="w11.2.9">sladkorno</w> 
 <w id="w11.2.10">boleznijo</w> 
 <w id="w11.2.11">tipa</w> 
 <w id="w11.2.12">1</w>
 <w id="w11.2.13">,</w> 
 <w id="w11.2.14">pri</w> 
 <w id="w11.2.15">kateri</w> 
 <w id="w11.2.16">trebušna</w> 
 <w id="w11.2.17">slinavka</w> 
 <w id="w11.2.18">ne</w> 
 <w id="w11.2.19">more</w> 
 <w id="w11.2.20">tvoriti</w> 
 <w id="w11.2.21">insulina</w>
 <w id="w11.2.22">,</w> 
 <w id="w11.2.23">in</w> 
 <w id="w11.2.24">s</w> 
 <w id="w11.2.25">sladkorno</w> 
 <w id="w11.2.26">boleznijo</w> 
 <w id="w11.2.27">tipa</w> 
 <w id="w11.2.28">2</w>
 <w id="w11.2.29">,</w> 
 <w id="w11.2.30">pri</w> 
 <w id="w11.2.31">kateri</w> 
 <w id="w11.2.32">telo</w> 
 <w id="w11.2.33">ne</w> 
 <w id="w11.2.34">more</w> 
 <w id="w11.2.35">učinkovito</w> 
 <w id="w11.2.36">izrabiti</w> 
 <w id="w11.2.37">insulina</w>
 <w id="w11.2.38">.</w>
</s> 
 
<s id="s11.3">
 <w id="w11.3.1">Približno</w> 
 <w id="w11.3.2">tretjina</w> 
 <w id="w11.3.3">bolnikov</w> 
 <w id="w11.3.4">je</w> 
 <w id="w11.3.5">imela</w> 
 <w id="w11.3.6">sladkorno</w> 
 <w id="w11.3.7">bolezen</w> 
 <w id="w11.3.8">tipa</w> 
 <w id="w11.3.9">1</w> 
 <w id="w11.3.10">(</w>
 <w id="w11.3.11">ostali</w> 
 <w id="w11.3.12">pa</w> 
 <w id="w11.3.13">so</w> 
 <w id="w11.3.14">imeli</w> 
 <w id="w11.3.15">sladkorno</w> 
 <w id="w11.3.16">bolezen</w> 
 <w id="w11.3.17">tipa</w> 
 <w id="w11.3.18">2</w>
 <w id="w11.3.19">)</w>
 <w id="w11.3.20">.</w>
</s> 
 
<s id="s11.4">
 <w id="w11.4.1">Študija</w> 
 <w id="w11.4.2">je</w> 
 <w id="w11.4.3">primerjala</w> 
 <w id="w11.4.4">zdravilo</w> 
 <w id="w11.4.5">Actraphane</w> 
 <w id="w11.4.6">30</w> 
 <w id="w11.4.7">s</w> 
 <w id="w11.4.8">podobno</w> 
 <w id="w11.4.9">mešanico</w>
 <w id="w11.4.10">,</w> 
 <w id="w11.4.11">ki</w> 
 <w id="w11.4.12">pa</w> 
 <w id="w11.4.13">je</w> 
 <w id="w11.4.14">bila</w> 
 <w id="w11.4.15">sestavljena</w> 
 <w id="w11.4.16">iz</w> 
 <w id="w11.4.17">analognega</w> 
 <w id="w11.4.18">insulina</w> 
 <w id="w11.4.19">(</w>
 <w id="w11.4.20">insulina</w> 
 <w id="w11.4.21">aspart</w>
 <w id="w11.4.22">)</w>
 <w id="w11.4.23">.</w>
</s> 
 
<s id="s11.5">
 <w id="w11.5.1">V</w> 
 <w id="w11.5.2">okviru</w> 
 <w id="w11.5.3">raziskave</w> 
 <w id="w11.5.4">so</w> 
 <w id="w11.5.5">merili</w> 
 <w id="w11.5.6">raven</w> 
 <w id="w11.5.7">glikoziliranega</w> 
 <w id="w11.5.8">hemoglobina</w> 
 <w id="w11.5.9">(</w>
 <w id="w11.5.10">HbA1c</w>
 <w id="w11.5.11">)</w>
 <w id="w11.5.12">,</w> 
 <w id="w11.5.13">ki</w> 
 <w id="w11.5.14">kaže</w>
 <w id="w11.5.15">,</w> 
 <w id="w11.5.16">kako</w> 
 <w id="w11.5.17">dobro</w> 
 <w id="w11.5.18">je</w> 
 <w id="w11.5.19">glukoza</w> 
 <w id="w11.5.20">v</w> 
 <w id="w11.5.21">krvi</w> 
 <w id="w11.5.22">nadzorovana</w>
 <w id="w11.5.23">.</w>
</s></p>

<p id="12">
<s id="s12.1">
 <w id="w12.1.1">Kakšne</w> 
 <w id="w12.1.2">koristi</w> 
 <w id="w12.1.3">je</w> 
 <w id="w12.1.4">zdravilo</w> 
 <w id="w12.1.5">Actraphane</w> 
 <w id="w12.1.6">izkazalo</w> 
 <w id="w12.1.7">med</w> 
 <w id="w12.1.8">raziskavami</w>
 <w id="w12.1.9">?</w>
</s> 
 
<s id="s12.2">
 <w id="w12.2.1">Zdravilo</w> 
 <w id="w12.2.2">Actraphane</w> 
 <w id="w12.2.3">je</w> 
 <w id="w12.2.4">povzročilo</w> 
 <w id="w12.2.5">znižanje</w> 
 <w id="w12.2.6">ravni</w> 
 <w id="w12.2.7">HbA1c</w>
 <w id="w12.2.8">,</w> 
 <w id="w12.2.9">kar</w> 
 <w id="w12.2.10">kaže</w>
 <w id="w12.2.11">,</w> 
 <w id="w12.2.12">da</w> 
 <w id="w12.2.13">so</w> 
 <w id="w12.2.14">bile</w> 
 <w id="w12.2.15">ravni</w> 
 <w id="w12.2.16">sladkorja</w> 
 <w id="w12.2.17">v</w> 
 <w id="w12.2.18">krvi</w> 
 <w id="w12.2.19">uravnane</w> 
 <w id="w12.2.20">na</w> 
 <w id="w12.2.21">podobno</w> 
 <w id="w12.2.22">raven</w> 
 <w id="w12.2.23">kakor</w> 
 <w id="w12.2.24">pri</w> 
 <w id="w12.2.25">drugih</w> 
 <w id="w12.2.26">humanih</w> 
 <w id="w12.2.27">insulinih</w>
 <w id="w12.2.28">.</w>
</s> 
 
<s id="s12.3">
 <w id="w12.3.1">Zdravilo</w> 
 <w id="w12.3.2">Actraphane</w> 
 <w id="w12.3.3">se</w> 
 <w id="w12.3.4">je</w> 
 <w id="w12.3.5">izkazalo</w> 
 <w id="w12.3.6">kot</w> 
 <w id="w12.3.7">učinkovito</w> 
 <w id="w12.3.8">tako</w> 
 <w id="w12.3.9">za</w> 
 <w id="w12.3.10">sladkorno</w> 
 <w id="w12.3.11">bolezen</w> 
 <w id="w12.3.12">tipa</w> 
 <w id="w12.3.13">1</w> 
 <w id="w12.3.14">kot</w> 
 <w id="w12.3.15">tudi</w> 
 <w id="w12.3.16">tipa</w> 
 <w id="w12.3.17">2</w>
 <w id="w12.3.18">.</w>
</s></p>

<p id="13">
<s id="s13.1">
 <w id="w13.1.1">Kakšna</w> 
 <w id="w13.1.2">tveganja</w> 
 <w id="w13.1.3">so</w> 
 <w id="w13.1.4">povezana</w> 
 <w id="w13.1.5">z</w> 
 <w id="w13.1.6">zdravilom</w> 
 <w id="w13.1.7">Actraphane</w>
 <w id="w13.1.8">?</w>
</s> 
 
<s id="s13.2">
 <w id="w13.2.1">Zdravilo</w> 
 <w id="w13.2.2">Actraphane</w> 
 <w id="w13.2.3">lahko</w> 
 <w id="w13.2.4">povzroči</w> 
 <w id="w13.2.5">hipoglikemijo</w> 
 <w id="w13.2.6">(</w>
 <w id="w13.2.7">nizko</w> 
 <w id="w13.2.8">raven</w> 
 <w id="w13.2.9">glukoze</w> 
 <w id="w13.2.10">v</w> 
 <w id="w13.2.11">krvi</w>
 <w id="w13.2.12">)</w>
 <w id="w13.2.13">.</w>
</s> 
 
<s id="s13.3">
 <w id="w13.3.1">Celovit</w> 
 <w id="w13.3.2">opis</w> 
 <w id="w13.3.3">neželenih</w> 
 <w id="w13.3.4">učinkov</w>
 <w id="w13.3.5">,</w> 
 <w id="w13.3.6">o</w> 
 <w id="w13.3.7">katerih</w> 
 <w id="w13.3.8">so</w> 
 <w id="w13.3.9">poročali</w> 
 <w id="w13.3.10">pri</w> 
 <w id="w13.3.11">uporabi</w> 
 <w id="w13.3.12">zdravila</w> 
 <w id="w13.3.13">Actraphane</w>
 <w id="w13.3.14">,</w> 
 <w id="w13.3.15">najdete</w> 
 <w id="w13.3.16">v</w> 
 <w id="w13.3.17">Navodilih</w> 
 <w id="w13.3.18">za</w> 
 <w id="w13.3.19">uporabo</w>
 <w id="w13.3.20">.</w>
</s> 
 
<s id="s13.4">
 <w id="w13.4.1">Zdravilo</w> 
 <w id="w13.4.2">Actraphane</w> 
 <w id="w13.4.3">se</w> 
 <w id="w13.4.4">ne</w> 
 <w id="w13.4.5">sme</w> 
 <w id="w13.4.6">uporabljati</w> 
 <w id="w13.4.7">pri</w> 
 <w id="w13.4.8">osebah</w>
 <w id="w13.4.9">,</w> 
 <w id="w13.4.10">ki</w> 
 <w id="w13.4.11">utegnejo</w> 
 <w id="w13.4.12">biti</w> 
 <w id="w13.4.13">preobčutljive</w> 
 <w id="w13.4.14">za</w> 
 <w id="w13.4.15">(</w>
 <w id="w13.4.16">alergične</w> 
 <w id="w13.4.17">na</w>
 <w id="w13.4.18">)</w> 
 <w id="w13.4.19">človeški</w> 
 <w id="w13.4.20">insulin</w> 
 <w id="w13.4.21">(</w>
 <w id="w13.4.22">rDNA</w>
 <w id="w13.4.23">)</w> 
 <w id="w13.4.24">ali</w> 
 <w id="w13.4.25">katerokoli</w> 
 <w id="w13.4.26">drugo</w> 
 <w id="w13.4.27">sestavino</w> 
 <w id="w13.4.28">zdravila</w>
 <w id="w13.4.29">.</w>
</s> 
 
<s id="s13.5">
 <w id="w13.5.1">Odmerke</w> 
 <w id="w13.5.2">zdravila</w> 
 <w id="w13.5.3">Actraphane</w> 
 <w id="w13.5.4">je</w> 
 <w id="w13.5.5">morda</w> 
 <w id="w13.5.6">treba</w> 
 <w id="w13.5.7">prilagoditi</w>
 <w id="w13.5.8">,</w> 
 <w id="w13.5.9">če</w> 
 <w id="w13.5.10">se</w> 
 <w id="w13.5.11">daje</w> 
 <w id="w13.5.12">istočasno</w> 
 <w id="w13.5.13">z</w> 
 <w id="w13.5.14">zdravili</w>
 <w id="w13.5.15">,</w> 
 <w id="w13.5.16">ki</w> 
 <w id="w13.5.17">lahko</w> 
 <w id="w13.5.18">vplivajo</w> 
 <w id="w13.5.19">na</w> 
 <w id="w13.5.20">raven</w> 
 <w id="w13.5.21">glukoze</w> 
 <w id="w13.5.22">v</w> 
 <w id="w13.5.23">krvi</w> 
 <w id="w13.5.24">(</w>
 <w id="w13.5.25">celoten</w> 
 <w id="w13.5.26">seznam</w> 
 <w id="w13.5.27">najdete</w> 
 <w id="w13.5.28">v</w> 
 <w id="w13.5.29">Navodilih</w> 
 <w id="w13.5.30">za</w> 
 <w id="w13.5.31">uporabo</w>
 <w id="w13.5.32">)</w>
 <w id="w13.5.33">.</w>
</s></p>

<p id="14">
<s id="s14.1">
 <w id="w14.1.1">Zakaj</w> 
 <w id="w14.1.2">je</w> 
 <w id="w14.1.3">bilo</w> 
 <w id="w14.1.4">zdravilo</w> 
 <w id="w14.1.5">Actraphane</w> 
 <w id="w14.1.6">odobreno</w>
 <w id="w14.1.7">?</w>
</s> 
 
<s id="s14.2">
 <w id="w14.2.1">Odbor</w> 
 <w id="w14.2.2">za</w> 
 <w id="w14.2.3">zdravila</w> 
 <w id="w14.2.4">za</w> 
 <w id="w14.2.5">uporabo</w> 
 <w id="w14.2.6">v</w> 
 <w id="w14.2.7">humani</w> 
 <w id="w14.2.8">medicini</w> 
 <w id="w14.2.9">(</w>
 <w id="w14.2.10">CHMP</w>
 <w id="w14.2.11">)</w> 
 <w id="w14.2.12">je</w> 
 <w id="w14.2.13">odločil</w>
 <w id="w14.2.14">,</w> 
 <w id="w14.2.15">da</w> 
 <w id="w14.2.16">so</w> 
 <w id="w14.2.17">za</w> 
 <w id="w14.2.18">zdravljenje</w> 
 <w id="w14.2.19">sladkorne</w> 
 <w id="w14.2.20">bolezni</w> 
 <w id="w14.2.21">koristi</w> 
 <w id="w14.2.22">zdravila</w> 
 <w id="w14.2.23">Actraphane</w> 
 <w id="w14.2.24">večje</w> 
 <w id="w14.2.25">od</w> 
 <w id="w14.2.26">z</w> 
 <w id="w14.2.27">njim</w> 
 <w id="w14.2.28">povezanih</w> 
 <w id="w14.2.29">tveganj</w>
 <w id="w14.2.30">.</w>
</s> 
 
<s id="s14.3">
 <w id="w14.3.1">Zato</w> 
 <w id="w14.3.2">je</w> 
 <w id="w14.3.3">priporočil</w>
 <w id="w14.3.4">,</w> 
 <w id="w14.3.5">da</w> 
 <w id="w14.3.6">se</w> 
 <w id="w14.3.7">za</w> 
 <w id="w14.3.8">zdravilo</w> 
 <w id="w14.3.9">Actraphane</w> 
 <w id="w14.3.10">podeli</w> 
 <w id="w14.3.11">dovoljenje</w> 
 <w id="w14.3.12">za</w> 
 <w id="w14.3.13">promet</w> 
 <w id="w14.3.14">z</w> 
 <w id="w14.3.15">zdravilom</w>
 <w id="w14.3.16">.</w>
</s></p>

<p id="15">
<s id="s15.1">
 <w id="w15.1.1">Druge</w> 
 <w id="w15.1.2">informacije</w> 
 <w id="w15.1.3">o</w> 
 <w id="w15.1.4">zdravilu</w> 
 <w id="w15.1.5">Actraphane</w>
 <w id="w15.1.6">:</w>
</s> 
 
<s id="s15.2">
 <w id="w15.2.1">Evropska</w> 
 <w id="w15.2.2">Komisija</w> 
 <w id="w15.2.3">je</w> 
 <w id="w15.2.4">dovoljenje</w> 
 <w id="w15.2.5">za</w> 
 <w id="w15.2.6">promet</w> 
 <w id="w15.2.7">z</w> 
 <w id="w15.2.8">zdravilom</w> 
 <w id="w15.2.9">Actraphane</w>
 <w id="w15.2.10">,</w> 
 <w id="w15.2.11">veljavno</w> 
 <w id="w15.2.12">po</w> 
 <w id="w15.2.13">vsej</w> 
 <w id="w15.2.14">Evropski</w> 
 <w id="w15.2.15">uniji</w>
 <w id="w15.2.16">,</w> 
 <w id="w15.2.17">odobrila</w> 
 <w id="w15.2.18">družbi</w> 
 <w id="w15.2.19">Novo</w> 
 <w id="w15.2.20">Nordisk</w> 
 <w id="w15.2.21">A/</w>
 <w id="w15.2.22">S</w> 
 <w id="w15.2.23">dne</w> 
 <w id="w15.2.24">7</w>
 <w id="w15.2.25">.</w> 
 <w id="w15.2.26">oktobra</w> 
 <w id="w15.2.27">2002</w>
 <w id="w15.2.28">.</w>
</s></p>

<p id="16">
<s id="s16.1">
 <w id="w16.1.1">Celotno</w> 
 <w id="w16.1.2">Evropsko</w> 
 <w id="w16.1.3">javno</w> 
 <w id="w16.1.4">poročilo</w> 
 <w id="w16.1.5">o</w> 
 <w id="w16.1.6">oceni</w> 
 <w id="w16.1.7">zdravila</w> 
 <w id="w16.1.8">(</w>
 <w id="w16.1.9">EPAR</w>
 <w id="w16.1.10">)</w> 
 <w id="w16.1.11">za</w> 
 <w id="w16.1.12">zdravilo</w> 
 <w id="w16.1.13">Actraphane</w> 
 <w id="w16.1.14">je</w> 
 <w id="w16.1.15">na</w> 
 <w id="w16.1.16">voljo</w> 
 <w id="w16.1.17">tukaj</w>
 <w id="w16.1.18">.</w>
</s></p>

<p id="17">
<s id="s17.1">
 <w id="w17.1.1">Ta</w> 
 <w id="w17.1.2">povzetek</w> 
 <w id="w17.1.3">je</w> 
 <w id="w17.1.4">bil</w> 
 <w id="w17.1.5">nazadnje</w> 
 <w id="w17.1.6">posodobljen</w> 
 <w id="w17.1.7">januarja</w> 
 <w id="w17.1.8">2006</w>
 <w id="w17.1.9">.</w>
</s></p>

<p id="18">
<s id="s18.1">
 <w id="w18.1.1">©EMEA</w> 
 <w id="w18.1.2">2006</w>
</s></p>

<head id="19">
<s id="s19.1">
 <w id="w19.1.1">2/</w>
 <w id="w19.1.2">2</w>
</s></head></text>
