<?xml version="1.0" encoding="utf-8"?>
<letsmt version="1.0">
<head></head>
<body>
<s id="s1.1">EU številka</s>
<s id="s2.1">Izmišljeno ime</s>
<s id="s3.1">Jakost</s>
<s id="s4.1">Farmacevtska oblika</s>
<s id="s5.1">Ciljna živalska vrsta</s>
<s id="s6.1">Način uporabe zdravila</s>
<s id="s7.1">Ovojnina</s>
<s id="s8.1">Vsebina</s>
<s id="s9.1">Velikost pakiranja</s>
<s id="s10.1">Karenca</s>
<s id="s11.1">EU/ 2/ 04/ 045/ 001</s>
<s id="s12.1">Previcox</s>
<s id="s13.1">57 mg</s>
<s id="s14.1">žvečljive tablete</s>
<s id="s15.1">psi</s>
<s id="s16.1">Peroralna uporaba</s>
<s id="s17.1">pretisni omot (PVC/ Alu)</s>
<s id="s18.1">1 pretisni omotom z 10 tabletami</s>
<s id="s19.1">10 tablet</s>
<s id="s20.1">Ni smiselno</s>
<s id="s21.1">EU/ 2/ 04/ 045/ 002</s>
<s id="s22.1">Previcox</s>
<s id="s23.1">57 mg</s>
<s id="s24.1">žvečljive tablete</s>
<s id="s25.1">psi</s>
<s id="s26.1">Peroralna uporaba</s>
<s id="s27.1">pretisni omot (PVC/ Alu)</s>
<s id="s28.1">3 pretisni omoti z 10 tabletami</s>
<s id="s29.1">30 tablet</s>
<s id="s30.1">Ni smiselno</s>
<s id="s31.1">EU/ 2/ 04/ 045/ 003</s>
<s id="s32.1">Previcox</s>
<s id="s33.1">227 mg</s>
<s id="s34.1">žvečljive tablete</s>
<s id="s35.1">psi</s>
<s id="s36.1">Peroralna uporaba</s>
<s id="s37.1">pretisni omot (PVC/ Alu)</s>
<s id="s38.1">1 pretisni omotom z 10 tabletami</s>
<s id="s39.1">10</s>
<s id="s40.1">tablet</s>
<s id="s41.1">Ni smiselno</s>
<s id="s42.1">EU/ 2/ 04/ 045/ 004</s>
<s id="s43.1">Previcox</s>
<s id="s44.1">227 mg</s>
<s id="s45.1">žvečljive tablete</s>
<s id="s46.1">psi</s>
<s id="s47.1">Peroralna uporaba</s>
<s id="s48.1">pretisni omot (PVC/ Alu)</s>
<s id="s49.1">3 pretisni omoti z 10 tabletami</s>
<s id="s50.1">30 tablet</s>
<s id="s51.1">Ni smiselno</s>
<s id="s52.1">EU/ 2/ 04/ 045/ 005</s>
<s id="s53.1">Previcox</s>
<s id="s54.1">57 mg</s>
<s id="s55.1">žvečljive tablete</s>
<s id="s56.1">psi</s>
<s id="s57.1">Peroralna uporaba</s>
<s id="s58.1">pretisni omot (PVC/ Alu)</s>
<s id="s59.1">18 pretisnih omotov z 10 tabletami</s>
<s id="s60.1">180 tablet</s>
<s id="s61.1">Ni smiselno</s>
<s id="s62.1">EU/ 2/ 04/ 045/ 006</s>
<s id="s63.1">Previcox</s>
<s id="s64.1">227 mg</s>
<s id="s65.1">žvečljive tablete</s>
<s id="s66.1">psi</s>
<s id="s67.1">Peroralna uporaba</s>
<s id="s68.1">pretisni omot (PVC/ Alu)</s>
<s id="s69.1">18 pretisnih omotov z 10 tabletami</s>
<s id="s70.1">180 tablet</s>
<s id="s71.1">Ni smiselno</s>
<s id="s72.1">EU/ 2/ 04/ 045/ 007</s>
<s id="s73.1">Previcox</s>
<s id="s74.1">8, 2 mg/ g</s>
<s id="s75.1">peroralna pasta</s>
<s id="s76.1">konji</s>
<s id="s77.1">Peroralna uporaba</s>
<s id="s78.1">Brizga za peroralno dajanje</s>
<s id="s79.1">7, 32 g paste</s>
<s id="s80.1">1 brizga</s>
<s id="s81.1">Meso in organi:</s>
<s id="s81.2">26 dni</s>
<s id="s82.1">1/ 1</s>
</body>
</letsmt>
