<?xml version="1.0" encoding="utf-8"?>
<letsmt version="1.0">
<head></head>
<body>
<s id="s1.1">EU številka</s>
<s id="s2.1">Izmišljeno</s>
<s id="s3.1">Jakost</s>
<s id="s4.1">Farmacevtska</s>
<s id="s5.1">Ciljna</s>
<s id="s6.1">Način uporabe</s>
<s id="s7.1">Ovojnina</s>
<s id="s8.1">Vsebina</s>
<s id="s9.1">Velikost Karenca</s>
<s id="s10.1">ime</s>
<s id="s11.1">oblika</s>
<s id="s12.1">živalska zdravila vrsta</s>
<s id="s13.1">pakiranja</s>
<s id="s14.1">Escherichia coli J5:</s>
<s id="s15.1">Nič dni.</s>
<s id="s16.1">EU/ 2/ 08/ 092/ 001 STARTVAC</s>
<s id="s17.1">&gt; 50 RED60 * Staph. aureus (CP8): &gt; 50 RED80 **</s>
<s id="s18.1">Emulzija za injiciranje.</s>
<s id="s19.1">govedo (krave in telice)</s>
<s id="s20.1">intramuskularno</s>
<s id="s21.1">škatla iz lepenke, steklena viala z gumijastim zamaškom in aluminijasto zaporko</s>
<s id="s22.1">1 odmerek 1 viala</s>
<s id="s23.1">EU/ 2/ 08/ 092/ 002 STARTVAC Escherichia coli J5:</s>
<s id="s24.1">Nič dni.</s>
<s id="s25.1">&gt; 50 RED60 * Staph. aureus (CP8): &gt; 50 RED80 ** EU/ 2/ 08/ 092/ 003 STARTVAC Escherichia coli J5:</s>
<s id="s26.1">Emulzija za injiciranje.</s>
<s id="s27.1">govedo (krave in telice)</s>
<s id="s28.1">intramuskularno</s>
<s id="s29.1">škatla iz lepenke, steklena viala z gumijastim zamaškom in aluminijasto zaporko</s>
<s id="s30.1">1 odmerek 10 vial</s>
<s id="s31.1">Nič dni.</s>
<s id="s32.1">&gt; 50 RED60 * Staph. aureus (CP8): &gt; 50 RED80 ** EU/ 2/ 08/ 092/ 004 STARTVAC Escherichia coli J5:</s>
<s id="s33.1">Emulzija za injiciranje.</s>
<s id="s34.1">govedo (krave in telice)</s>
<s id="s35.1">intramuskularno</s>
<s id="s36.1">škatla iz lepenke, steklena viala z gumijastim zamaškom in aluminijasto zaporko</s>
<s id="s37.1">1 odmerek 20 vial</s>
<s id="s38.1">Nič dni.</s>
<s id="s39.1">&gt; 50 RED60 * Staph. aureus (CP8): &gt; 50 RED80 ** EU/ 2/ 08/ 092/ 005 STARTVAC Escherichia coli J5:</s>
<s id="s40.1">Emulzija za injiciranje.</s>
<s id="s41.1">govedo (krave in telice)</s>
<s id="s42.1">intramuskularno</s>
<s id="s43.1">škatla iz lepenke, steklena viala z gumijastim zamaškom in aluminijasto zaporko</s>
<s id="s44.1">5 od - 1 viala merkov</s>
<s id="s45.1">Nič dni.</s>
<s id="s46.1">&gt; 50 RED60 * Staph. aureus (CP8): &gt; 50 RED80 ** EU/ 2/ 08/ 092/ 006 STARTVAC Escherichia coli J5:</s>
<s id="s47.1">Emulzija za injiciranje.</s>
<s id="s48.1">govedo (krave in telice)</s>
<s id="s49.1">intramuskularno</s>
<s id="s50.1">škatla iz lepenke, steklena viala z gumijastim zamaškom in aluminijasto zaporko</s>
<s id="s51.1">5 od - 10 vial merkov</s>
<s id="s52.1">Nič dni.</s>
<s id="s53.1">&gt; 50 RED60 * Staph. aureus (CP8): &gt; 50 RED80 ** EU/ 2/ 08/ 092/ 007 STARTVAC Escherichia coli J5:</s>
<s id="s54.1">Emulzija za injiciranje.</s>
<s id="s55.1">govedo (krave in telice)</s>
<s id="s56.1">intramuskularno</s>
<s id="s57.1">škatla iz lepenke, steklena viala z gumijastim zamaškom in aluminijasto zaporko</s>
<s id="s58.1">25 od - 1 viala merkov</s>
<s id="s59.1">Nič dni.</s>
<s id="s60.1">&gt; 50 RED60 * Staph. aureus (CP8): &gt; 50 RED80 **</s>
<s id="s61.1">Emulzija za injiciranje.</s>
<s id="s62.1">govedo (krave in telice)</s>
<s id="s63.1">intramuskularno</s>
<s id="s64.1">škatla iz lepenke, steklena viala z gumijastim zamaškom in aluminijasto zaporko</s>
<s id="s65.1">25 od - 10 vial merkov</s>
<s id="s66.1">* RED60: efektivni odmerek za zajca v 60% živali (serologija) ** RED80: efektivni odmerek za zajca v 80% živali (serologija)</s>
</body>
</letsmt>
