<?xml version="1.0" encoding="utf-8"?>
<letsmt version="1.0">
<head></head>
<body>
<s id="s1.1">EU</s>
<s id="s2.1">Invented</s>
<s id="s3.1">Strength</s>
<s id="s4.1">harmaceutical</s>
<s id="s5.1">Target</s>
<s id="s6.1">Route of</s>
<s id="s7.1">Packaging</s>
<s id="s8.1">Content</s>
<s id="s9.1">Package</s>
<s id="s10.1">Withdrawal</s>
<s id="s11.1">Number</s>
<s id="s12.1">Name</s>
<s id="s13.1">Form</s>
<s id="s14.1">species</s>
<s id="s15.1">administration</s>
<s id="s16.1">(concentration)</s>
<s id="s17.1">size</s>
<s id="s18.1">Period</s>
<s id="s19.1">EU/ 2/ 04/ 047/ 001</s>
<s id="s20.1">Purevax RCPCh FeLV</s>
<s id="s21.1">Attenuated feline rhinotracheitis herpesvirus (FVH F2 strain): at least 4.9 log 10 CCID50 per dose Inactivated feline Calicivirosis antigens (FCV 431 and FCV G1 strains): at least 2.0 ELISA U per doses Attenuated feline Chlamydophila felis (905 strain): at least 3.0 log 10 EID50 per dose Attenuated feline panleucopenia virus (PLI IV): at least 3.5 log 10 CCID50 per dose FeLV recombinant canarypox virus (vCP97): at least 7.2 log 10 CCID50 per dose</s>
<s id="s22.1">Lyophilisate and solvent for suspension for injection</s>
<s id="s23.1">Cats</s>
<s id="s24.1">Subcutaneous use</s>
<s id="s25.1">Type I glass bottle closed with a butyl elastomer closure and sealed with an aluminium cap</s>
<s id="s26.1">10 bottles of 1 dose (lyophilisate) and 10 bottles of 1ml (solvent)</s>
<s id="s27.1">1 dose of lyophilisate and 1ml of solvent</s>
<s id="s28.1">Not applicable</s>
<s id="s29.1">EU/ 2/ 04/ 047/ 002</s>
<s id="s30.1">Purevax RCPCh FeLV</s>
<s id="s31.1">Attenuated feline rhinotracheitis herpesvirus (FVH F2 strain): at least 4.9 log 10 CCID50 per dose Inactivated feline Calicivirosis antigens (FCV 431 and FCV G1 strains): at least 2.0 ELISA U per doses Attenuated feline Chlamydophila felis (905 strain): at least 3.0 log 10 EID50 per dose Attenuated feline panleucopenia virus (PLI IV): at least 3.5 log 10 CCID50 per dose FeLV recombinant canarypox virus (vCP97): at least 7.2 log 10 CCID50 per dose</s>
<s id="s32.1">Lyophilisate and solvent for suspension for injection</s>
<s id="s33.1">Cats</s>
<s id="s34.1">Subcutaneous use</s>
<s id="s35.1">Type I glass bottle closed with a butyl elastomer closure and sealed with an aluminium cap</s>
<s id="s36.1">50 bottles of 1 dose (lyophilisate) and 50 bottles of 1ml (solvent)</s>
<s id="s37.1">1 dose of lyophilisate and 1ml of solvent</s>
<s id="s38.1">Not applicable</s>
</body>
</letsmt>
