<?xml version="1.0" encoding="utf-8"?>
<letsmt version="1.0">
<head></head>
<body>
<s id="s1.1">European Medicines Agency</s>
<s id="s2.1">EMEA/ V/ C/ 050</s>
<s id="s3.1">EVROPSKO JAVNO POROČILO O OCENI ZDRAVILA (EPAR)</s>
<s id="s4.1">STRONGHOLD</s>
<s id="s5.1">Povzetek EPAR za javnost Ta dokument je povzetek Evropskega javnega poročila o oceni zdravila (EPAR).</s>
<s id="s5.2">Pojasnjuje, kako je Odbor za zdravila za uporabo v veterinarski medicini (CVMP) ocenil predloženo dokumentacijo, na podlagi česar je oblikoval priporočila glede uporabe zdravila.</s>
<s id="s5.3">Ta dokument ne more nadomestiti osebnega pogovora z veterinarjem.</s>
<s id="s5.4">Če potrebujete več informacij o zdravstvenem stanju ali zdravljenju vaše živali, se posvetujte z veterinarjem.</s>
<s id="s5.5">Če želite več informacij o podlagi za priporočila CVMP, preberite znanstveno razpravo (ki je prav tako del EPAR).</s>
<s id="s6.1">Kaj je zdravilo STRONGHOLD?</s>
<s id="s7.1">Zdravilo STRONGHOLD so kožne kapljice raztopine, ki vsebuje zdravilno učinkovino selamektin, ki sodi v skupino zdravil z antiparazitskim delovanjem.</s>
<s id="s7.2">Zdravilo STRONGHOLD je na voljo v 2 različnih koncentracijah (6% in 12%) ter v tubah različnih jakosti (15, 30, 45, 60, 120 in 240 mg). Ustrezna koncentracija in jakost ob uporabi je odvisna od mase zdravljene živali in živalske vrste, ki ji pripada.</s>
<s id="s8.1">Za kaj se zdravilo STRONGHOLD uporablja?</s>
<s id="s9.1">Zdravilo STRONGHOLD se uporablja za zdravljenje in preprečevanje infestacij z zajedavci, ki živijo na koži ali v dlaki mačk in psov, npr. z bolhami in garij, ter za zatiranje črvastih zajedavcev, ki živijo v telesu.</s>
<s id="s9.2">Uporablja se na naslednje načine:</s>
<s id="s10.1">•</s>
<s id="s11.1">za zdravljenje in preprečevanje infestacij z bolhami pri mačkah in psih, tako da ubije odrasle bolhe, njihove ličinke in jajčeca na živali, ter v leglih brejih ali doječih psic ali mačk.</s>
<s id="s11.2">Lahko se uporablja tudi kot del zdravljenja alergičnega dermatitisa (kožnega vnetja), ki ga povzročajo bolhe, in kot pomoč pri nadzoru obstoječih infestacij z bolhami, tako da ubije jajčeca in ličinke na področjih, ki so dostopna živalim, s čimer prekine življenjski cikel bolhe;</s>
<s id="s12.1">•</s>
<s id="s13.1">za preprečevanje obolenj pri mačkah in psih, ki jih povzroča srčna glista Dirofilaria immitis;</s>
<s id="s14.1">• •</s>
<s id="s15.1">za zatiranje ušesnih garij pri mačkah in psih; za zatiranje odraslih črevesnih glist (Toxocara cati, Ancylostoma tubaeforme) pri mačkah;</s>
<s id="s16.1">.</s>
<s id="s17.1">• • •</s>
<s id="s18.1">za zatiranje odraslih črevesnih glist (Toxocara canis) pri psih; za zatiranje uši pri psih in mačkah; za zatiranje garij vrste Sarcoptes pri psih.</s>
<s id="s19.1">Vsebino tube iztisnite na kožo, potem ko razmaknete dlako med lopaticama.</s>
<s id="s19.2">Ta majhna količina tekočine se absorbira skozi kožo in učinkuje na celotno telo živali.</s>
<s id="s19.3">Uporabljena jakost in število odmerkov sta odvisna od mase zdravljene živali, živalske vrste, ki ji pripada, ter od vrste zajedavca.</s>
<s id="s19.4">Več informacij najdete v Navodilu za uporabo.</s>
<s id="s20.1">7 Westferry Circus, Canary Wharf, London E14 4HB, UK Tel.</s>
<s id="s20.2">(44- 20) 74 18 84 00 Fax (44- 20) 74 18 84 16 E- mail: mail@ emea. europa. eu http: // www. emea. europa. eu © EMEA European Medicines Agency, 2008.</s>
<s id="s20.3">Reproduction is authorised provided the source is acknowledged Kako zdravilo STRONGHOLD deluje?</s>
<s id="s21.1">Zdravilo STRONGHOLD vsebuje selamektin, antiparazitsko zdravilo iz skupine avermektinov.</s>
<s id="s21.2">Selamektin aktivira posebne beljakovine, imenovane kloridni kanali, na površini živca in mišičnih celic, s čimer prekine njihovo normalno električno aktivnost.</s>
<s id="s21.3">To povzroči ohromitev ali pogin zajedavcev.</s>
<s id="s22.1">Kako je bilo zdravilo STRONGHOLD raziskano?</s>
<s id="s23.1">Zdravilo STRONGHOLD so preučevali pri zdravljenju številnih pasem psov in mačk zaradi zgoraj navedenih infestacij zajedavcev.</s>
<s id="s24.1">Kakšne koristi je zdravilo STRONGHOLD izkazalo med raziskavami?</s>
<s id="s25.1">Zdravljenje z zdravilom STRONGHOLD se je izkazalo za učinkovito po enkratnem odmerku ali ponavljajočih se zdravljenjih v mesečnih intervalih, odvisno od vrste infestacije, ki se zdravi ali preprečuje.</s>
<s id="s25.2">V terenskih študijah je zdravilo 90 dni po zdravljenju zmanjšalo število izčesanih bolh za do 98% pri mačkah in 99% pri psih, kakor tudi preprečilo izleganje jajčec bolh ter ubilo ličinke bolh in preprečilo njihov razvoj.</s>
<s id="s25.3">Terenske študije so pokazale tudi, da je bilo zdravilo STRONGHOLD 100% učinkovito pri preprečevanju obolenj zaradi infestacij z mikrofilarijami pri psih in mačkah.</s>
<s id="s25.4">Učinkovito je bilo tudi pri zatiranju ušesnih garij pri mačkah in psih.</s>
<s id="s25.5">Pri zatiranju garij vrste Sarcoptes pri psih sta bili za popolno odstranitev garij pri psih potrebni dve zdravljenji v razmiku 30 dni.</s>
<s id="s25.6">Zdravilo STRONGHOLD je bilo učinkovito tudi pri zdravljenju odraslih črevesnih glist (Ancylostoma tubaeforme) pri mačkah, odraslih črevesnih glist (Toxocara canis, Toxocara cati) pri mačkah in psih ter infestacij z ušmi pri psih in mačkah.</s>
<s id="s25.7">Šamponiranje ali močenje dlake živali dve uri ali več po zdravljenju ni vplivalo na učinkovitost zdravila.</s>
<s id="s26.1">Kakšna tveganja so povezana z zdravilom STRONGHOLD?</s>
<s id="s27.1">V redkih primerih povzroči zdravilo STRONGHOLD prehodno izpadanje dlake na mestu nanosa pri mačkah.</s>
<s id="s27.2">Zelo redko lahko pride tudi do prehodnega draženja na mestu nanosa.</s>
<s id="s27.3">V redkih primerih lahko zdravilo STRONGHOLD povzroči zlepljanje dlake na mestu nanosa ali pojav manjših količin belega prahu.</s>
<s id="s27.4">To ne vpliva na varnost ali učinkovitost zdravila.</s>
<s id="s27.5">Zdravilo STRONGHOLD se ne sme uporabljati pri živalih do šestega tedna starosti.</s>
<s id="s27.6">Prav tako se ga ne sme uporabljati pri mačkah, ki imajo drugo bolezen ali ki so oslabljene ali podhranjene glede na velikost in starost.</s>
<s id="s28.1">Kakšne previdnostne ukrepe mora upoštevati oseba, ki daje zdravilo ali pride v stik z živaljo?</s>
<s id="s29.1">Pred uporabo preberite Navodilo za uporabo.</s>
<s id="s29.2">Ker je zdravilo STRONGHOLD lahko vnetljivo, ga je treba hraniti ločeno od vročine, isker, odprtega plamena ali drugih virov vžiga.</s>
<s id="s29.3">Med uporabo zdravila STRONGHOLD ni dovoljeno kaditi, jesti ali piti.</s>
<s id="s29.4">Po uporabi zdravila si roke umijte z vodo in milom, še zlasti tiste dele kože, ki so prišli v stik z zdravilom.</s>
<s id="s29.5">Če pride zdravilo STRONGHOLD pomotoma v oči, jih je treba takoj izpirati z obilo vode in poiskati zdravniško pomoč.</s>
<s id="s29.6">Zdravljene živali naj se ne zadržujejo v bližini ognja in drugih vnetljivih virov najmanj 30 minut ali dokler dlaka ni suha.</s>
<s id="s29.7">Zdravljenih živali se ne dotikajte, dokler mesto nanosa ni suho.</s>
<s id="s29.8">Otroci ne smejo priti v stik z zdravljenimi živalmi še najmanj 30 minut po nanosu zdravila ali dokler dlaka ni suha.</s>
<s id="s29.9">Osebe z občutljivo kožo ali znano alergijo na tovrstna zdravila naj z zdravilom STRONGHOLD ravnajo previdno.</s>
<s id="s30.1">Zakaj je bilo zdravilo STRONGHOLD odobreno?</s>
<s id="s31.1">©EMEA 2008</s>
<s id="s32.1">2/ 3</s>
<s id="s33.1">Odbor za zdravila za uporabo v veterinarski medicini (CVMP) je odločil, da so koristi zdravila STRONGHOLD pri zdravljenju in preprečevanju infestacij zajedavcev pri mačkah in psih večje od z njim povezanih tveganj.</s>
<s id="s33.2">Odbor je zato priporočil, da se za zdravilo STRONGHOLD odobri dovoljenje za promet.</s>
<s id="s33.3">Razmerje med koristmi in tveganji najdete v modulu 6 tega Evropskega javnega poročila o oceni zdravila (EPAR).</s>
<s id="s34.1">Druge informacije o zdravilu STRONGHOLD:</s>
<s id="s35.1">Evropska komisija je dovoljenje za promet z zdravilom STRONGHOLD, veljavno po vsej Evropski uniji, odobrila družbi Pfizer Ltd. dne 25. novembra 1999.</s>
<s id="s35.2">Dovoljenje za promet z zdravilom je bilo podaljšano 25. novembra 2004.</s>
<s id="s35.3">Informacije o predpisovanju tega zdravila najdete na nalepki/ zunanji ovojnini.</s>
<s id="s36.1">Povzetek je bil nazadnje posodobljen 3. oktobra 2007.</s>
<s id="s37.1">©EMEA 2008</s>
<s id="s38.1">3/ 3</s>
</body>
</letsmt>
