<?xml version="1.0" encoding="utf-8"?>
<letsmt version="1.0">
<head></head>
<body>
<s id="s1.1">Številka EU</s>
<s id="s2.1">Izmišljeno ime Jakost</s>
<s id="s3.1">Farmacevtska oblika</s>
<s id="s4.1">Ciljna živalska vrsta</s>
<s id="s5.1">Način uporabe Ovojnina zdravila</s>
<s id="s6.1">Vsebina</s>
<s id="s7.1">Velikost pakiranja</s>
<s id="s8.1">Karenca</s>
<s id="s9.1">EU/ 2/ 05/ 057/ 00</s>
<s id="s10.1">1</s>
<s id="s11.1">Equilis Prequenza Te</s>
<s id="s12.1">prečiščeni hemaglutinin iz virusov influence konj:</s>
<s id="s13.1">suspenzija za injiciranje</s>
<s id="s14.1">konji</s>
<s id="s15.1">intramuskularno</s>
<s id="s16.1">viale (steklo tipa I), zaprte z zamaški iz</s>
<s id="s17.1">1 odmerek</s>
<s id="s18.1">10 steklenih vial</s>
<s id="s19.1">nič dni</s>
<s id="s20.1">A/ konjski/ Prague/ 1/ 56 100 AU/ ml</s>
<s id="s21.1">halogenobutilne gume in aluminijastimi</s>
<s id="s22.1">A/ konjski/ Newmarket/ 1/ 93 50 AU/ ml</s>
<s id="s23.1">zaporkami</s>
<s id="s24.1">A/ konjski/ Newmarket/ 2/ 93 50 AU/ ml</s>
<s id="s25.1">toksoid tetanusa ≥ 30 i. e. / ml</s>
<s id="s26.1">EU/ 2/ 05/ 057/ 002</s>
<s id="s27.1">Equilis Prequenza Te</s>
<s id="s28.1">prečiščeni hemaglutinin iz virusov influence konj:</s>
<s id="s29.1">suspenzija za injiciranje</s>
<s id="s30.1">konji</s>
<s id="s31.1">intramuskularno</s>
<s id="s32.1">napolnjene brizge 1 (steklo tipa I) z odmerek batom in</s>
<s id="s33.1">10 napolnjenih nič dni brizg</s>
<s id="s34.1">A/ konjski/ Prague/ 1/ 56 100 AU/ ml A/ konjski/ Newmarket/ 1/ 93 50 AU/ ml</s>
<s id="s35.1">nastavkom iz halogenobutilne gume</s>
<s id="s36.1">A/ konjski/ Newmarket/ 2/ 93 50 AU/ ml</s>
<s id="s37.1">toksoid tetanusa ≥ 30 i. e. / ml</s>
<s id="s38.1">©EMEA 2006</s>
<s id="s39.1">EMEA/ CVMP/ 204470/ 2005</s>
<s id="s40.1">1/ 2</s>
<s id="s41.1">Številka EU</s>
<s id="s42.1">Izmišljeno ime Jakost</s>
<s id="s43.1">Farmacevtska oblika</s>
<s id="s44.1">Ciljna živalska vrsta</s>
<s id="s45.1">Način uporabe Ovojnina zdravila</s>
<s id="s46.1">Vsebina</s>
<s id="s47.1">Velikost pakiranja</s>
<s id="s48.1">Karenca</s>
<s id="s49.1">EU/ 2/ 05/ 057/ 003</s>
<s id="s50.1">Equilis Prequenza Te</s>
<s id="s51.1">prečiščeni hemaglutinin iz virusov influence konj:</s>
<s id="s52.1">suspenzija za injiciranje</s>
<s id="s53.1">konji</s>
<s id="s54.1">intramuskularno</s>
<s id="s55.1">napolnjene brizge 1 (steklo tipa I) z odmerek batom in</s>
<s id="s56.1">1 napolnjena brizga</s>
<s id="s57.1">nič dni</s>
<s id="s58.1">A/ konjski/ Prague/ 1/ 56 100 AU/ ml A/ konjski/ Newmarket/ 1/ 93 50 AU/ ml</s>
<s id="s59.1">nastavkom iz halogenobutilne gume</s>
<s id="s60.1">A/ konjski/ Newmarket/ 2/ 93 50 AU/ ml</s>
<s id="s61.1">toksoid tetanusa ≥ 30 i. e. / ml EU/ 2/ 05/ 057/ 004</s>
<s id="s62.1">Equilis Prequenza Te</s>
<s id="s63.1">prečiščeni hemaglutinin iz virusov influence konj:</s>
<s id="s64.1">suspenzija za injiciranje</s>
<s id="s65.1">konji</s>
<s id="s66.1">intramuskularno</s>
<s id="s67.1">napolnjene brizge 1 (steklo tipa I) z odmerek batom in</s>
<s id="s68.1">5 napolnjenih nič dni brizg</s>
<s id="s69.1">A/ konjski/ Prague/ 1/ 56 100 AU/ ml A/ konjski/ Newmarket/ 1/ 93 50 AU/ ml</s>
<s id="s70.1">nastavkom iz halogenobutilne gume</s>
<s id="s71.1">A/ konjski/ Newmarket/ 2/ 93 50 AU/ ml</s>
<s id="s72.1">toksoid tetanusa ≥ 30 i. e. / ml</s>
<s id="s73.1">©EMEA 2006</s>
<s id="s74.1">EMEA/ CVMP/ 204470/ 2005</s>
<s id="s75.1">2/ 2</s>
</body>
</letsmt>
