<?xml version="1.0" encoding="utf-8"?>
<letsmt version="1.0">
<head></head>
<body>
<s id="s1.1">et om EU številka</s>
<s id="s2.1">Izmišljeno</s>
<s id="s3.1">Jakost</s>
<s id="s4.1">Farmacevtska</s>
<s id="s5.1">Ciljna živalska</s>
<s id="s6.1">Način uporabe</s>
<s id="s7.1">Ovojnina</s>
<s id="s8.1">Vsebina</s>
<s id="s9.1">Velikost</s>
<s id="s10.1">pr</s>
<s id="s11.1">ime</s>
<s id="s12.1">oblika</s>
<s id="s13.1">vrsta Prašiči</s>
<s id="s14.1">zdravila</s>
<s id="s15.1">pakiranja 54 vial</s>
<s id="s16.1">EU/ 2/ 00/ 025/ 001</s>
<s id="s17.1">Advasure</s>
<s id="s18.1">glikoprotein E2</s>
<s id="s19.1">Emulzija za</s>
<s id="s20.1">Za</s>
<s id="s21.1">1 steklena viala stekla</s>
<s id="s22.1">20 ml</s>
<s id="s23.1">za</s>
<s id="s24.1">virusa klasične</s>
<s id="s25.1">injiciranje</s>
<s id="s26.1">intramuskularno</s>
<s id="s27.1">tipa 2</s>
<s id="s28.1">prašičje kuge, vsaj 32 µg</s>
<s id="s29.1">uporabo</s>
<s id="s30.1">a EU/ 2/ 00/ 025/ 001</s>
<s id="s31.1">Advasure</s>
<s id="s32.1">glikoprotein E2 virusa klasične</s>
<s id="s33.1">Emulzija za injiciranje</s>
<s id="s34.1">Prašiči</s>
<s id="s35.1">Za intramuskularno</s>
<s id="s36.1">1 steklena viala stekla tipa 1</s>
<s id="s37.1">50 ml</s>
<s id="s38.1">35 vial</s>
<s id="s39.1">nj</s>
<s id="s40.1">prašičje kuge, vsaj 32 µg</s>
<s id="s41.1">uporabo</s>
<s id="s42.1">lje EU/ 2/ 00/ 025/ 001</s>
<s id="s43.1">Advasure</s>
<s id="s44.1">glikoprotein E2 virusa klasične</s>
<s id="s45.1">Emulzija za injiciranje</s>
<s id="s46.1">Prašiči</s>
<s id="s47.1">Za intramuskularno</s>
<s id="s48.1">1 steklena viala stekla tipa 1</s>
<s id="s49.1">100 ml</s>
<s id="s50.1">12 vial</s>
<s id="s51.1">vo</s>
<s id="s52.1">prašičje kuge, vsaj 32 µg</s>
<s id="s53.1">Prašiči</s>
<s id="s54.1">uporabo</s>
<s id="s55.1">EU/ 2/ 00/ 025/ 001</s>
<s id="s56.1">Advasure</s>
<s id="s57.1">glikoprotein E2</s>
<s id="s58.1">Emulzija za</s>
<s id="s59.1">Za</s>
<s id="s60.1">1 steklena viala stekla</s>
<s id="s61.1">250 ml</s>
<s id="s62.1">10 vial</s>
<s id="s63.1">do</s>
<s id="s64.1">virusa klasične prašičje kuge, vsaj 32 µg</s>
<s id="s65.1">injiciranje</s>
<s id="s66.1">intramuskularno uporabo</s>
<s id="s67.1">tipa 1</s>
<s id="s68.1">ra</s>
<s id="s69.1">m ni lo vi</s>
<s id="s70.1">ve a</s>
<s id="s71.1">ā</s>
<s id="s72.1">1/ 1 Zd</s>
<s id="s73.1">CVMP/ 059/ 01</s>
<s id="s74.1"></s>
<s id="s75.1">EMEA 2005</s>
</body>
</letsmt>
