<?xml version="1.0" encoding="utf-8"?>
<letsmt version="1.0">
<head></head>
<body>
<s id="s1.1">t me pro za nja lje DODATEK I</s>
<s id="s2.1">POVZETEK GLAVNIH ZNAČILNOSTI ZDRAVILA vo do eā av nim ilo rav Zd</s>
<s id="s3.1">1/ 20 1.</s>
<s id="s3.2">IME ZDRAVILA ZA UPORABO V VETERINARSKI MEDICINI</s>
<s id="s4.1">Advasure emulzija za injiciranje</s>
<s id="s5.1">t me 2.</s>
<s id="s5.2">KAKOVOSTNA IN KOLIČINSKA SESTAVA</s>
<s id="s6.1">Vsebnost na odmerek 2 ml</s>
<s id="s7.1">pro Zdravilna učinkovina:</s>
<s id="s8.1">glikoprotein E2 virusa klasične prašičje kuge, vsaj 32 µg</s>
<s id="s9.1">Pomožne snovi:</s>
<s id="s10.1">za sestava adjuvansa – emulzija olje- olje mineralno olje</s>
<s id="s11.1">0, 64 ml</s>
<s id="s12.1">nja emulgatorji fiziološka raztopina s fosfatnim pufrom</s>
<s id="s13.1">0, 064 ml 0, 63 ml</s>
<s id="s14.1">Konzervans:</s>
<s id="s15.1">lje</s>
<s id="s16.1">tiomersal</s>
<s id="s17.1">vo</s>
<s id="s18.1">največ 1:</s>
<s id="s18.2">10. 000</s>
<s id="s19.1">Celoten seznam pomožnih snovi, glej razdelek 6. 1. do</s>
<s id="s20.1">3.</s>
<s id="s20.2">FARMACEVTSKA OBLIKA</s>
<s id="s21.1">Emulzija za injiciranje eā</s>
<s id="s22.1">4.</s>
<s id="s22.2">KLINIČNI PODATKI av</s>
<s id="s23.1">4. 1 Ciljna živalska vrsta</s>
<s id="s24.1">Prašiči. nim</s>
<s id="s25.1">4. 2 Indikacije za uporabo, opredelitev ciljne živalske vrste</s>
<s id="s26.1">Aktivna imunizacija prašičev, starejših od 2 tednov proti klasični prašičji kugi.</s>
<s id="s26.2">Za preprečevanje poginov, zmanjšanje kliničnih znamenj obolenja in izločanje virusa v okolje.</s>
<s id="s26.3">Zaščita nastopi po 2 tednih.</s>
<s id="s26.4">Zaščita traja 6 mesecev. ilo</s>
<s id="s27.1">4. 3 Kontraindikacije rav</s>
<s id="s28.1">Niso znane.</s>
<s id="s29.1">4. 4.</s>
<s id="s29.2">Posebna opozorila za vsako ciljno živalsko vrsto Zd</s>
<s id="s30.1">Prašiče je potrebno cepiti pravočasno pred pričakovano možnostjo okužbe, najbolje pred vhlevitvijo ali premikom v novo čredo. Priporočamo, da se cepijo vse živali v čredi.</s>
<s id="s31.1">2/ 20 4. 5 Posebni previdnostni ukrepi</s>
<s id="s32.1">Niso znani.</s>
<s id="s33.1">Posebni previdnostni ukrepi za uporabo pri živalih</s>
<s id="s34.1">t me Glej poglavje 4. 4.</s>
<s id="s35.1">Posebni previdnostni ukrepi, ki jih mora izvajati oseba, ki živalim daje zdravilo</s>
<s id="s36.1">pro V primeru nenamernega samo- injiciranja, se takoj posvetujte z zdravnikom in mu pokažite navodilo za uporabo.</s>
<s id="s37.1">Namenjeno uporabniku:</s>
<s id="s37.2">Ta izdelek vsebuje mineralno olje.</s>
<s id="s37.3">Nenamerno injiciranje/ samo- injiciranje lahko povzroči hude</s>
<s id="s38.1">za bolečine in otekline, zlasti ob injiciranju v sklep ali prst, in lahko v izjemnih primerih, če ni zagotovljena takojšnja zdravniška oskrba, privede do izgube prizadetega prsta.</s>
<s id="s38.2">Če vam je bil ta proizvod nenamerno injiciran, se takoj posvetujte z zdravnikom, čeprav je bila</s>
<s id="s39.1">nja injicirana le majhna količina, in mu pokažite navodila za uporabo.</s>
<s id="s39.2">Če bolečina ne popusti po 12 urah po zdravniškem pregledu, se ponovno posvetujte z zdravnikom.</s>
<s id="s40.1">Zdravniku: lje To izdelek vsebuje mineralno olje.</s>
<s id="s40.2">Čeprav je bila injicirana le majhna količina, lahko nenamerno injiciranje tega izdelka povzroči močno oteklino, ki lahko na primer privede do ishemične nekroze ter celo do izgube prsta.</s>
<s id="s40.3">Potreben je strokoven, TAKOJŠEN kirurški poseg ter morda tudi takojšnja vo incizija in izpiranje injiciranega mesta, zlasti če so prizadete tudi kite ali mehka tkiva prsta.</s>
<s id="s41.1">4. 6.</s>
<s id="s41.2">Stranski učinki (pogostost in resnost) do</s>
<s id="s42.1">Na mestu injiciranja se pojavi lokalna oteklina, ki izgine sama od sebe približno v enem tednu po cepljenju.</s>
<s id="s42.2">Pogosteje se pojavlja pri zelo mladih živalih.</s>
<s id="s42.3">Lahko se pojavijo tudi drugi stranski učinki, kot je na primer rahlo povišanje telesne temperature.</s>
<s id="s42.4">V zelo redkih primerih se lahko pojavi tudi eā</s>
<s id="s43.1">driska, anoreksija, depresija in bruhanje.</s>
<s id="s43.2">V primeru pojava resnejših stranskih učinkov je potrebno prizadete živali zdraviti simptomatsko.</s>
<s id="s43.3">Kot del imunskega odgovora po cepljenju se lahko v mišičnini na mestu aplikacije pojavijo blagi do av</s>
<s id="s44.1">srednji granulomi.</s>
<s id="s44.2">V posamičnih primerih se lahko izoblikujejo tudi abscesi.</s>
<s id="s44.3">Čeprav do sedaj še ni bilo opaženo, se lahko zelo redko pojavi tudi preobčutljivostna reakcija, zaradi česar je potrebno živali opazovati do 30 minut po cepljenju.</s>
<s id="s44.4">Vse živali, ki kažejo znamenja preobčutljivosti, je potrebo ustrezno zdraviti. nim</s>
<s id="s45.1">4. 7.</s>
<s id="s45.2">Uporaba v obdobju brejosti, laktacije ali nesnosti</s>
<s id="s46.1">Cepivo se lahko uporablja v času brejosti.</s>
<s id="s46.2">Cepivo po dveh cepljenjih svinj preprečuje transplacentarni prenos nizko virulentnih sevov virusa na zarodke, ne prepreči pa transplacentarnega prenosa visoko virulentnih sevov. ilo</s>
<s id="s47.1">4. 8 Medsebojno delovanje z drugimi zdravili in druge oblike interakcij rav</s>
<s id="s48.1">Izogibamo se sočasni uporabi imunosupresivnih zdravil (npr. kortikosteroidov) ali cepljenju z modificirano živo vakcino prašičjega reprodukcijskega in respiratornega sindroma (PRRS) 7 dni pred in 7 dni po cepljenju z Advasure cepivom, saj lahko to ovira razvoj imunosti.</s>
<s id="s48.2">Zd</s>
<s id="s49.1">4. 9 Odmerjanje in način uporabe</s>
<s id="s50.1">Odmerjanje Odmerek za prašiče, starejše od 2 tednov, je 2 ml.</s>
<s id="s51.1">3/ 20 Način uporabe:</s>
<s id="s51.2">V nujnih situacijah je osnovni program imunizacije enkratno intramuskularno dajanje enega odmerka (2 ml) vsem prašičem, starejšim od 2 tednov, ne glede na nivo maternalnih protiteles.</s>
<s id="s51.3">Glede na jakost okužbe in stanje obolenja lahko plemenske svinje in pujske starejše od 2 tednov (ne glede na nivo maternalnih protiteles) ponovno cepimo z dvakratnim dajanjem enega odmerka (2 ml) v</s>
<s id="s52.1">t intervalu 4 – 6 tednov.</s>
<s id="s52.2">Pri pitancih, ki so starejši od 10 tednov, damo le enkrat enojen odmerek</s>
<s id="s53.1">me intramuskularno.</s>
<s id="s54.1">Ponovno cepljenje:</s>
<s id="s54.2">En odmerek (2 ml) vsakih 6 mesecev.</s>
<s id="s55.1">pro Cepimo aseptično intramuskularno tik za bazo uhlja.</s>
<s id="s56.1">4. 10 Preveliko odmerjanje (simptomi, nujni ukrepi, protistrupi) (če so potrebni)</s>
<s id="s57.1">za Preveliko odmerjanje cepiva lahko na mestu injiciranja povzroči srednje močno oteklino, ki lahko ostane 2 – 3 tedne.</s>
<s id="s58.1">nja 4. 11 Karenca( e)</s>
<s id="s59.1">0 dni.</s>
<s id="s60.1">lje 5.</s>
<s id="s60.2">IMUNOLOŠKE LASTNOSTI vo ATCvet oznaka:</s>
<s id="s60.3">QI09AA06</s>
<s id="s61.1">Povzetek opisa aktivne snovi: do</s>
<s id="s62.1">Virus klasične prašičje kuge (KPK), ki sodi v rod Pestivirus, kodirajo številni strukturni in nestrukturni glikoproteini, kot so E2, E1, Erns, gp54 in gp80.</s>
<s id="s62.2">Glikoprotein E2 štejemo za glavno imunogeno komponento virusa KPK, proti kateremu so usmerjena nevtralizacijska protitelesa.</s>
<s id="s62.3">Gen, ki kodira glikoprotein E2 (E2 gen) je konzervativna regija.</s>
<s id="s62.4">Glikoprotein E2 je imunološko navzkrižno reaktiven eā</s>
<s id="s63.1">z vsemi. kliničnimi izolati.</s>
<s id="s64.1">Gen za glikoportein E2 je bil vstavljen v genom virusa žuželk (baculovirus) Cepivo vsebuje le E2, ne av</s>
<s id="s65.1">pa tudi druge proteine virusa KPK.</s>
<s id="s66.1">Imunološke lastnosti:</s>
<s id="s66.2">Cepivo, proizvedeno z dodatkom mineralnih olj in emulgatorjev, pri prašičih prepreči pojav kliničnih nim</s>
<s id="s67.1">znamenj klasične prašičje kuge.</s>
<s id="s67.2">Zaradi sestave cepiva cepljenje ne spodbudi tvorbe protiteles proti drugim antigenom virusa KPK razen proti glikoproteinu E2.</s>
<s id="s68.1">6.</s>
<s id="s68.2">FARMACEVTSKI PODATKI ilo</s>
<s id="s69.1">6. 1.</s>
<s id="s69.2">Seznam pomožnih snovi</s>
<s id="s70.1">Fiziološka raztopina s fosfatnim pufrom. rav</s>
<s id="s71.1">6. 2 Glavne inkompatibilnosti</s>
<s id="s72.1">Ne mešajte z nobenim drugim cepivom ali imunološkim izdelkom.</s>
<s id="s72.2">Zd</s>
<s id="s73.1">4/ 20 6. 3 Rok uporabnosti</s>
<s id="s74.1">14 mesecev.</s>
<s id="s74.2">Rok uporabnosti po prvem odpiranju vsebnika:</s>
<s id="s74.3">8 ur, če se hrani pri temperaturi 2°C – 8°C.</s>
<s id="s75.1">t 6. 4.</s>
<s id="s75.2">Posebna navodila za shranjevanje</s>
<s id="s76.1">me Shranjujte pri temperaturi 2°C – 8°C.</s>
<s id="s76.2">Zdravilo ne sme zmrzniti!</s>
<s id="s77.1">pro Zaščitite pred svetlobo.</s>
<s id="s78.1">6. 5 Vrsta in vsebina vsebnika</s>
<s id="s79.1">Steklena viala z več odmerki in ustreznim presežkom v vsebniku:</s>
<s id="s80.1">za -</s>
<s id="s81.1">1 steklena viala stekla tipa 2 z 20 ml (10 odmerki) cepiva, zaprta z gumijastim čepom aluminjasto zaporko, pakirani v stiroporne škatle s 54 vialami.</s>
<s id="s82.1">in</s>
<s id="s83.1">-</s>
<s id="s84.1">1 steklena viala stekla tipa 1 s 50 ml (25 odmerki) cepiva, zaprta z gumijastim čepom aluminjasto zaporko, pakirani v stiroporne škatle s 35 vialami.</s>
<s id="s85.1">in</s>
<s id="s86.1">nja -</s>
<s id="s87.1">1 steklena viala stekla tipa 1 s 100 ml (50 odmerki) cepiva, zaprta z gumijastim čepom aluminjasto zaporko, pakirani v stiroporne škatle z 12 vialami.</s>
<s id="s88.1">in</s>
<s id="s89.1">-</s>
<s id="s90.1">1 steklena viala tipa 1 z 250 ml (125 odmerki) cepiva, zaprta z gumijastim čepom aluminjasto zaporko, pakirani v stiroporne škatle z 10 vialami. lje</s>
<s id="s91.1">in</s>
<s id="s92.1">6. 6 Posebni varnostni ukrepi za odstranjevanje neporabljenega zdravila ali odpadnih snovi, če obstajajo vo Vsako neporabljeno zdravilo za uporabo v veterinarski medicini ali odpadne snovi, ki nastanejo iz teh zdravil, je treba odstraniti v skladu z nacionalnimi zahtevami. do</s>
<s id="s93.1">7.</s>
<s id="s93.2">IMETNIK( I) DOVOLJENJ( A) ZA PROMET eā</s>
<s id="s94.1">Pfizer Ltd.</s>
<s id="s94.2">Sandwich Kent, CT13 9NJ av</s>
<s id="s95.1">Združeno kraljestvo</s>
<s id="s96.1">8.</s>
<s id="s96.2">ŠTEVILKA( E) DOVOLJENJ( A) ZA PROMET nim</s>
<s id="s97.1">EU/ 2/ 00/ 025/ 001 - 004</s>
<s id="s98.1">9.</s>
<s id="s98.2">DATUM PRIDOBITVE/ PODALJŠANJA DOVOLJENJA ZA PROMET ilo</s>
<s id="s99.1">02- 02- 2001 / 13- 02- 2006 rav</s>
<s id="s100.1">10.</s>
<s id="s100.2">DATUM REVIZIJE BESEDILA</s>
<s id="s101.1">13- 02- 2006 Zd</s>
<s id="s102.1">5/ 20 PREPOVED PRODAJE, OSKRBE IN/ ALI UPORABE</s>
<s id="s103.1">Uvoz, prodaja, oskrba in/ ali uporaba tega zdravila za uporabo v veterinarski medicini je dovoljena le pod posebnimi pogoji, določenimi v zakonodaji Evropske unije, ki ureja nadzor klasične prašičje kuge (Odločba sveta 80/ 217/ EEC, in dopolnitve).</s>
<s id="s103.2">Vsakdo, ki namerava uvažati, prodajati, oskrbovati z in/ ali</s>
<s id="s104.1">t uporabljati to zdravilo za uporabo v veterinarski medicini mora pridobiti dovoljenje pristojnega organa</s>
<s id="s105.1">me posamezne države članice.</s>
<s id="s106.1">pro za nja lje vo do eā av nim ilo rav Zd</s>
<s id="s107.1">6/ 20 t me pro za nja lje DODATEK II vo A.</s>
<s id="s107.2">IZDELOVALEC( IZDELOVALCI) BIOLOŠKE ZDRAVILNE UČINKOVINE (ZDRAVILNIH UČINKOVIN) IN IMETNIK( I) DOVOLJENJ( A) ZA IZDELAVO ZDRAVILA, ODGOVOREN ZA SPROSTITEV SERIJE do</s>
<s id="s108.1">B.</s>
<s id="s108.2">POGOJI DOVOLJENJA ZA PROMET Z ZDRAVILOM TER OMEJITVE GLEDEOSKRBE IN UPORABE eā</s>
<s id="s109.1">C.</s>
<s id="s109.2">POGOJI DOVOLJENJA ZA PROMET Z ZDRAVILOM TER OMEJITVE GLEDE VARNE IN UČINKOVITE UPORABO av</s>
<s id="s110.1">D.</s>
<s id="s111.1">NAVEDBA ZDRAVILA (MRL) nim</s>
<s id="s112.1">NAJVIŠJIH</s>
<s id="s113.1">DOVOLJENIH</s>
<s id="s114.1">KOLIČIN</s>
<s id="s115.1">ZAOSTANKOV</s>
<s id="s116.1">ilo rav Zd</s>
<s id="s117.1">7/ 20 A.</s>
<s id="s118.1">IZDELOVALEC( IZDELOVALCI)</s>
<s id="s119.1">BIOLOŠKE</s>
<s id="s120.1">ZDRAVILNE</s>
<s id="s121.1">UČINKOVINE</s>
<s id="s122.1">(ZDRAVILNIH UČINKOVIN) IN IMETNIK( I) DOVOLJENJ( A) ZA IZDELAVO ZDRAVILA, ODGOVOREN ZA SPROSTITEV SERIJE</s>
<s id="s123.1">Ime in naslov izdelovalca( izdelovalcev) biološke zdravilne učinkovine (zdravilnih učinkovin).</s>
<s id="s124.1">t me ID- DLO Edelhertweg 15, P. O.</s>
<s id="s124.2">Box 65 8200 AB Lelystad Nizozemska</s>
<s id="s125.1">pro Ime in naslov izdelovalca (izdelovalcev) zdravila, odgovornega za sprostitev serije</s>
<s id="s126.1">Bayer AG</s>
<s id="s127.1">za Business Group Animal Health Osterather Strasse 1aD- 50739 Köln Nemčija</s>
<s id="s128.1">nja B POGOJI DOVOLJENJA ZA PROMET Z ZDRAVILOM TER OMEJITVE GLEDE OSKRBE IN UPORABE</s>
<s id="s129.1">lje Izdaja zdravila za uporabo v veterinarski medicini je le na recept.</s>
<s id="s130.1">V skladu z zakonodajo o Klasični prašičji kugi (Direktiva 80/ 217/ EEC) v Evropski Uniji: vo a) Uporaba vakcin klasične prašičje kuge je prepovedana.</s>
<s id="s130.2">Vendar pa je uporaba vakcin dovoljena v okviru nujnega plana vakcinacije, ki ga izvede pristojna oblast države članice, po potrditvi do</s>
<s id="s131.1">bolezni in v skladu z zakonodajo EU o nadzoru ter izkoreninjenju klasične prašičje kuge. b) Nabava, skladiščenje, distribucija in prodaja vakcin za klasično prašičjo kugo mora biti izvedena pod kontrolo ter v skladu z morebitnimi navodili, ki jih uvede pristojna oblast države članice. c) Posebni ukrepi uravnavajo premike prašičev iz območij, kjer so uporabili oziroma še uporabljajo eā</s>
<s id="s132.1">cepivo klasične prašičje kuge, in žigosanje mesa vakciniranih prašičev. av</s>
<s id="s133.1">C.</s>
<s id="s133.2">POGOJI DOVOLJENJA ZA PROMET Z ZDRAVILOM TER OMEJITVE GLEDE VARNE IN UČINKOVITE UPORABO</s>
<s id="s134.1">V skladu s 4. členom Direktive 90/ 677/ EEC lahko države članice prepovejo uvoz, prodajo, dobavo nim</s>
<s id="s135.1">in/ ali uporabo cepiva Advasure na celotnem ozemlju ali njegovem delu, če je dokazano, da:</s>
<s id="s136.1">a) Aplikacija cepiva živalim bi motila izvedbo nacionalnega programa za diagnozo, nadzor in izkoreninjenje bolezni, ali bi povzročila težave pri zagotavljanju odsotnosti kontaminacije pri živih živalih, v hrani ali v ostalih produktih, proizvedenih iz tretiranih živali. ilo</s>
<s id="s137.1">b) Bolezen, za katero naj bi izdelek zagotovil imunost, je v veliki meri odsotna na ozemlju. rav</s>
<s id="s138.1">D.</s>
<s id="s138.2">NAVEDBA NAJVIŠJIH DOVOLJENIH KOLIČIN ZAOSTANKOV ZDRAVILA (MRL)</s>
<s id="s139.1">Navedba ni smiselna.</s>
<s id="s139.2">Zd</s>
<s id="s140.1">8/ 20 t me pro za nja lje DODATEK III vo OZNAČEVANJE IN NAVODILO ZA UPORABO do eā av nim ilo rav Zd</s>
<s id="s141.1">9/ 20 Zd rav ilo nim av eā</s>
<s id="s142.1">10/ 20 do A.</s>
<s id="s142.2">OZNAČEVANJE vo lje nja za pro me t PODATKI NA ZUNANJI OVOJNINI</s>
<s id="s143.1">Škatla, ki vsebuje 54 vial / 35 vial / 12 vial / 10 vial</s>
<s id="s144.1">t me 1.</s>
<s id="s144.2">IME ZDRAVILA ZA UPORABO V VETERINARSKI MEDICINI</s>
<s id="s145.1">pro Advasure</s>
<s id="s146.1">2.</s>
<s id="s146.2">NAVEDBA ZDRAVILNE UČINKOVINE IN DRUGIH SNOVI</s>
<s id="s147.1">za Zdravilna učinkovina: glikoprotein E2 virusa klasične prašičje kuge vsaj 32 µg</s>
<s id="s148.1">Pomožne snovi:</s>
<s id="s149.1">nja Mineralno olje, emulgatorji, fiziološka raztopina s fosfatnim pufrom, tiomersal</s>
<s id="s150.1">3.</s>
<s id="s150.2">FARMACEVTSKA OBLIKA lje Emulzija za injiciranje vo 4.</s>
<s id="s150.3">VELIKOST PAKIRANJA do</s>
<s id="s151.1">54 vial po 20 ml 35 vial po 50 ml 12 vial po 100 ml eā</s>
<s id="s152.1">10 vial po 250 ml av</s>
<s id="s153.1">5.</s>
<s id="s153.2">CILJNA ŽIVALSKA VRSTA</s>
<s id="s154.1">Prašiči nim</s>
<s id="s155.1">6.</s>
<s id="s155.2">INDIKACIJA( E)</s>
<s id="s156.1">Aktivna imunizacija prašičev, starejših od 2 tednov proti klasični prašičji kugi.</s>
<s id="s156.2">Za preprečevanje poginov, zmanjšanje kliničnih znamenj obolenja in izločanje virusa v okolje. ilo</s>
<s id="s157.1">7.</s>
<s id="s157.2">NAČIN UPORABE IN DAJANJA rav</s>
<s id="s158.1">Za intramuskularno uporabo.</s>
<s id="s159.1">Pred uporabo preberite navodila za uporabo.</s>
<s id="s159.2">Zd</s>
<s id="s160.1">8.</s>
<s id="s160.2">KARENCA</s>
<s id="s161.1">Karenca:</s>
<s id="s161.2">0 dni.</s>
<s id="s161.3">11/ 20 9.</s>
<s id="s161.4">POSEBNO( A) OPOZORILO( A), ČE JE/ SO POTREBNO( A)</s>
<s id="s162.1">Nenamerno injiciranje je nevarno – pred uporabo glej navodila za uporabo.</s>
<s id="s163.1">t me Uporaba vakcine Advasure je dovoljena le v okviru nujnega plana vakcinacije, ki ga izvede pristojna oblast države članice, po potrditvi bolezni in v skladu z zakonodajo EU o nadzoru ter izkoreninjenju klasične prašičje kuge.</s>
<s id="s164.1">pro 10.</s>
<s id="s164.2">DATUM IZTEKA ROKA UPORABNOSTI ZDRAVILA</s>
<s id="s165.1">EXP:.......</s>
<s id="s166.1">za Načeto zdravilo uporabite v 8- ih urah, če se hrani pri temperaturi 2°C – 8°C.</s>
<s id="s167.1">11.</s>
<s id="s167.2">POSEBNA NAVODILA ZA SHRANJEVANJE</s>
<s id="s168.1">nja Shranjujte pri temperaturi 2°C – 8°C.</s>
<s id="s168.2">Zdravilo ne sme zmrzniti! lje Zaščitite pred svetlobo. vo 12.</s>
<s id="s168.3">POSEBNI VARNOSTNI UKREPI ZA ODSTRANJEVANJE NEPORABLJENEGA ZDRAVILA ALI ODPADNIH SNOVI, ČE OBSTAJAJO do</s>
<s id="s169.1">Varnostni ukrepi za odstranjevanje neporabljenega materiala so v navodilu za uporabo.</s>
<s id="s170.1">13.</s>
<s id="s170.2">BESEDILO “ SAMO ZA ŽIVALI ” eā</s>
<s id="s171.1">Samo za živali. av</s>
<s id="s172.1">14.</s>
<s id="s172.2">BESEDILO “ ZDRAVILO SHRANJUJTE NEDOSEGLJIVO OTROKOM ”</s>
<s id="s173.1">Zdravilo shranjujte nedosegljivo otrokom. nim</s>
<s id="s174.1">15.</s>
<s id="s174.2">IME IN NASLOV IMETNIKA DOVOLJENJA ZA PROMET Z ZDRAVILOM</s>
<s id="s175.1">Pfizer Ltd. ilo</s>
<s id="s176.1">Sandwich Kent, CT13 9NJ Združeno kraljestvo rav</s>
<s id="s177.1">16.</s>
<s id="s177.2">ŠTEVILKA( E) V REGISTRU SKUPNOSTI ZDRAVIL Zd</s>
<s id="s178.1">EU/ 2/ 00/ 025/ 001 EU/ 2/ 00/ 025/ 002 EU/ 2/ 00/ 025/ 003 EU/ 2/ 00/ 025/ 004</s>
<s id="s179.1">12/ 20 17.</s>
<s id="s179.2">IZDELOVALČEVA ŠTEVILKA SERIJE IZDELAVE ZDRAVILA</s>
<s id="s180.1">t me pro za nja lje vo do eā av nim ilo rav Zd</s>
<s id="s181.1">13/ 20 PODATKI, KI OVOJNINAH</s>
<s id="s182.1">MORAJO</s>
<s id="s183.1">BITI</s>
<s id="s184.1">NAJMANJ</s>
<s id="s185.1">NAVEDENI NA</s>
<s id="s186.1">MANJŠIH</s>
<s id="s187.1">STIČNIH</s>
<s id="s188.1">Viala 20 ml / viala 50 ml / viala 100 ml / viala 250 ml</s>
<s id="s189.1">t me 1.</s>
<s id="s189.2">IME ZDRAVILA ZA UPORABO V VETERINARSKI MEDICINI</s>
<s id="s190.1">Advasure</s>
<s id="s191.1">pro 2.</s>
<s id="s191.2">KOLIČINA ZDRAVILNE( IH) UČINKOVIN( E)</s>
<s id="s192.1">En odmerek vsebuje glikoprotein E2 virusa klasične prašičje kuge vsaj 32 µg</s>
<s id="s193.1">za 3.</s>
<s id="s193.2">VSEBINA, IZRAŽENA Z MASO, PROSTORNINO ALI ŠTEVILOM ODMERKOV</s>
<s id="s194.1">nja 10 odmerkov 25 odmerkov 50 odmerkov lje 125 odmerkov vo 4.</s>
<s id="s194.2">NAČIN( I) UPORABE ZDRAVILA</s>
<s id="s195.1">Intramuskularna uporaba do</s>
<s id="s196.1">5.</s>
<s id="s196.2">KARENCA eā</s>
<s id="s197.1">Karenca:</s>
<s id="s197.2">0 dni. av</s>
<s id="s198.1">6.</s>
<s id="s198.2">ŠTEVILKA SERIJE</s>
<s id="s199.1">Serija nim</s>
<s id="s200.1">7.</s>
<s id="s200.2">DATUM IZTEKA ROKA UPORABNOSTI ZDRAVILA</s>
<s id="s201.1">EXP (MESEC/ LETO) Načeto zdravilo uporabite v 8- ih urah, če se hrani pri temperaturi 2°C – 8°C. ilo</s>
<s id="s202.1">8.</s>
<s id="s202.2">BESEDILO “ SAMO ZA ŽIVALI ” rav</s>
<s id="s203.1">Samo za živali.</s>
<s id="s203.2">Zd</s>
<s id="s204.1">14/ 20 Zd rav ilo nim av eā</s>
<s id="s205.1">15/ 20 do vo B.</s>
<s id="s205.2">NAVODILO ZA UPORABO lje nja za pro me t NAVODILO ZA UPORABO</s>
<s id="s206.1">1.</s>
<s id="s206.2">IME IN NASLOV IMETNIKA DOVOLJENJA ZA PROMET Z ZDRAVILOM TER IMETNIKA DOVOLJENJA ZA PROIZVODNJO ZDRAVILA, ODGOVORNEGA ZA</s>
<s id="s207.1">t SPROSTITEV SERIJ V EGP, ČE STA RAZLIČNA</s>
<s id="s208.1">me Imetnik dovoljenja za promet z zdravilom:</s>
<s id="s208.2">Pfizer Ltd.</s>
<s id="s208.3">Sandwich</s>
<s id="s209.1">pro Kent, CT13 9NJ Združeno kraljestvo</s>
<s id="s210.1">Izdelovalec, odgovoren za sprostitev serije:</s>
<s id="s210.2">Bayer AG</s>
<s id="s211.1">za Business Group Animal Health Osterather Strasse 1a D- 50739 Köln</s>
<s id="s212.1">nja Nemčija</s>
<s id="s213.1">2.</s>
<s id="s213.2">IME ZDRAVILA ZA UPORABO V VETERINARSKI MEDICINI lje Advasure vo 3.</s>
<s id="s213.3">NAVEDBA ZDRAVILNE UČINKOVINE IN DRUGIH SESTAVINE do</s>
<s id="s214.1">Vsebnost na odmerek 2 ml</s>
<s id="s215.1">Zdravilna učinkovina: eā</s>
<s id="s216.1">glikoprotein E2 virusa klasične prašičje kuge, vsaj 32 µg</s>
<s id="s217.1">Pomožne snovi: av</s>
<s id="s218.1">sestava adjuvansa – emulzija olje- olje mineralno olje emulgatorji</s>
<s id="s219.1">nim</s>
<s id="s220.1">0, 64 ml 0, 064 ml</s>
<s id="s221.1">fiziološka raztopina s fosfatnim pufrom</s>
<s id="s222.1">0, 63 ml</s>
<s id="s223.1">Konzervans:</s>
<s id="s224.1">tiomersal ilo</s>
<s id="s225.1">največ 1:</s>
<s id="s225.2">10. 000</s>
<s id="s226.1">4.</s>
<s id="s226.2">INDIKACIJA( E)</s>
<s id="s227.1">Aktivna imunizacija prašičev, starejših od 2 tednov proti klasični prašičji kugi.</s>
<s id="s227.2">Za preprečevanje rav</s>
<s id="s228.1">poginov, zmanjšanje kliničnih znamenj obolenja in izločanje virusa v okolje.</s>
<s id="s228.2">Zaščita nastopi po 2 tednih.</s>
<s id="s228.3">Zaščita traja 6 mesecev.</s>
<s id="s228.4">Zd</s>
<s id="s229.1">16/ 20 5.</s>
<s id="s229.2">KONTRAINDIKACIJE</s>
<s id="s230.1">Niso znane.</s>
<s id="s231.1">t 6.</s>
<s id="s231.2">NEŽELENI UČINKI</s>
<s id="s232.1">me Če opazite kakršne koli resne stranske učinke ali druge učinke, ki niso omenjeni v teh navodilih za uporabo, obvestite svojega veterinarja.</s>
<s id="s233.1">pro 7.</s>
<s id="s233.2">CILJNE ŽIVALSKE VRSTE</s>
<s id="s234.1">Prašiči.</s>
<s id="s235.1">za 8.</s>
<s id="s235.2">ODMEREK ZA POSAMEZNE ŽIVALSKE VRSTE TER NAČIN UPORABE IN DAJANJA ZDRAVILA</s>
<s id="s236.1">nja Odmerek za prašiče, starejše od 2 tednov, je 2 ml.</s>
<s id="s237.1">Intramuskularna uporaba lje 9.</s>
<s id="s237.2">NASVET O PRAVILNI UPORABI ZDRAVILA vo Cepimo aseptično intramuskularno tik za bazo uhlja. do</s>
<s id="s238.1">Prašiče je potrebno cepiti pravočasno pred pričakovano možnostjo okužbe, najbolje pred vhlevitvijo ali premikom v novo čredo. Priporočamo, da se cepijo vse živali v čredi.</s>
<s id="s239.1">Odmerek za prašiče, starejše od 2 tednov, je 2 ml. eā</s>
<s id="s240.1">V nujnih situacijah je osnovni program imunizacije enkratno intramuskularno dajanje enega odmerka (2 ml) vsem prašičem, starejšim od 2 tednov, ne glede na nivo maternalnih protiteles. av</s>
<s id="s241.1">Glede na jakost okužbe in stanje obolenja lahko plemenske svinje in pujske starejše od 2 tednov (ne glede na nivo maternalnih protiteles) ponovno cepimo z dvakratnim dajanjem enega odmerka (2 ml) v intervalu 4 – 6 tednov.</s>
<s id="s241.2">Pri pitancih, ki so starejši od 10 tednov, damo le enkrat enojen odmerek intramuskularno. nim</s>
<s id="s242.1">Ponovno cepljenje:</s>
<s id="s242.2">En odmerek (2 ml) vsakih 6 mesecev.</s>
<s id="s243.1">Cepivo se lahko uporablja v času brejosti.</s>
<s id="s243.2">Cepivo po dveh cepljenjih svinj preprečuje transplacentarni prenos nizko virulentnih sevov virusa na zarodke, ne prepreči pa transplacentarnega prenosa visoko ilo</s>
<s id="s244.1">virulentnih sevov. rav</s>
<s id="s245.1">10.</s>
<s id="s245.2">KARENCA</s>
<s id="s246.1">0 dni.</s>
<s id="s246.2">Zd</s>
<s id="s247.1">11.</s>
<s id="s247.2">POSEBNA NAVODILA ZA SHRANJEVANJE</s>
<s id="s248.1">Shranjujte nedosegljivo otrokom.</s>
<s id="s249.1">17/ 20 Shranjujte pri temperaturi 2°C – 8°C.</s>
<s id="s249.2">Zdravilo ne sme zmrzniti!</s>
<s id="s249.3">Zaščitite pred svetlobo.</s>
<s id="s250.1">Zdravila ne smete uporabljati po datumu izteka roka uporabnosti, navedenega na nalepki.</s>
<s id="s251.1">t me 12.</s>
<s id="s251.2">POSEBNO( A) OPOZORIL( O) A</s>
<s id="s252.1">pro Izogibamo se sočasni uporabi imunosupresivnih zdravil (npr. kortikosteroidov) ali cepljenju z modificirano živo vakcino prašičjega reprodukcijskega in respiratornega sindroma (PRRS) 7 dni pred in 7 dni po cepljenju z Advasure cepivom, saj lahko to ovira razvoj imunosti.</s>
<s id="s253.1">Ne mešajte z nobenim drugim cepivom ali imunološkim izdelkom.</s>
<s id="s254.1">za Namenjeno uporabniku:</s>
<s id="s254.2">Ta izdelek vsebuje mineralno olje.</s>
<s id="s254.3">Nenamerno injiciranje/ samo- injiciranje lahko povzroči hude bolečine in otekline, zlasti ob injiciranju v sklep ali prst, in lahko v izjemnih primerih, če ni</s>
<s id="s255.1">nja zagotovljena takojšnja zdravniška oskrba, privede do izgube prizadetega prsta.</s>
<s id="s255.2">Če vam je bil ta proizvod nenamerno injiciran, se takoj posvetujte z zdravnikom, čeprav je bila injicirana le majhna količina, in mu pokažite navodila za uporabo.</s>
<s id="s255.3">Če bolečina ne popusti po 12 urah po zdravniškem pregledu, se ponovno posvetujte z zdravnikom. lje Zdravniku:</s>
<s id="s255.4">To izdelek vsebuje mineralno olje.</s>
<s id="s255.5">Čeprav je bila injicirana le majhna količina, lahko nenamerno vo injiciranje tega izdelka povzroči močno oteklino, ki lahko na primer privede do ishemične nekroze ter celo do izgube prsta.</s>
<s id="s255.6">Potreben je strokoven, TAKOJŠEN kirurški poseg ter morda tudi takojšnja incizija in izpiranje injiciranega mesta, zlasti če so prizadete tudi kite ali mehka tkiva prsta. do</s>
<s id="s256.1">Uvoz, prodaja, oskrba in/ ali uporaba tega zdravila za uporabo v veterinarski medicini je dovoljena le pod posebnimi pogoji, določenimi v zakonodaji Evropske unije, ki ureja nadzor klasične prašičje kuge (Odločba sveta 80/ 217/ EEC, in dopolnitve).</s>
<s id="s256.2">Vsakdo, ki namerava uvažati, prodajati, oskrbovati z in/ ali eā</s>
<s id="s257.1">uporabljati to zdravilo za uporabo v veterinarski medicini mora pridobiti dovoljenje pristojnega organa posamezne države članice. av</s>
<s id="s258.1">13.</s>
<s id="s258.2">POSEBNI VARNOSTNI UKREPI ZA ODSTRANJEVANJE NEPORABLJENEGA ZDRAVILA ALI ODPADNIH SNOVI, ČE OBSTAJAJO nim</s>
<s id="s259.1">Vsako neporabljeno zdravilo za uporabo v veterinarski medicini ali odpadne snovi, ki nastanejo iz teh zdravil, je treba odstraniti v skladu z nacionalnimi zahtevami.</s>
<s id="s260.1">14.</s>
<s id="s260.2">DATUM ZADNJE ODOBRITVE NAVODIL ZA UPORABO ilo</s>
<s id="s261.1">13- 02- 2006 rav</s>
<s id="s262.1">15.</s>
<s id="s262.2">DRUGE INFORMACIJE</s>
<s id="s263.1">Virus klasične prašičje kuge (KPK), ki sodi v rod Pestivirus, kodirajo številni strukturni in nestrukturni glikoproteini, kot so E2, E1, Erns, gp54 in gp80.</s>
<s id="s263.2">Glikoprotein E2 štejemo za glavno imunogeno Zd</s>
<s id="s264.1">komponento virusa KPK, proti kateremu so usmerjena nevtralizacijska protitelesa.</s>
<s id="s264.2">Gen, ki kodira glikoprotein E2 (E2 gen) je konzervativna regija.</s>
<s id="s264.3">Glikoprotein E2 je imunološko navzkrižno reaktiven z vsemi. kliničnimi izolati.</s>
<s id="s265.1">18/ 20 Imunološke lastnosti:</s>
<s id="s265.2">Cepivo, proizvedeno z dodatkom mineralnih olj in emulgatorjev, pri prašičih prepreči pojav kliničnih znamenj klasične prašičje kuge.</s>
<s id="s265.3">Zaradi sestave cepiva cepljenje ne spodbudi tvorbe protiteles proti drugim antigenom virusa KPK razen proti glikoproteinu E2.</s>
<s id="s266.1">t me Za vse nadaljnje informacije o tem zdravilu se obrnite na krajevno predstavništvo imetnika dovoljenja za promet z zdravilom.</s>
<s id="s267.1">Luxembourg/ Luxemburg België/ Belgique/ Belgien</s>
<s id="s268.1">pro Tél.: + 32 (0) 2 554 62 11 Tel. / Tél.: +32 (0) 2 554 62 11</s>
<s id="s269.1">Danmark</s>
<s id="s270.1">Nederland</s>
<s id="s271.1">za Tlf: +45 49 12 76 65</s>
<s id="s272.1">Tel: +31 (0) 10 4064 600</s>
<s id="s273.1">Deutschland</s>
<s id="s274.1">Österreich</s>
<s id="s275.1">nja Tel: +43 (0) 1 52 11 57 20 Tel: +49 (0) 721 6101 438</s>
<s id="s276.1">Portugal Greece lje Telefone: +351 21 2278200 Tel: +30 210 7517981 vo Suomi/ Finland España</s>
<s id="s277.1">Telephone: +358 (0) 9 4300 40 Teléfono: +34 91 4909900 do</s>
<s id="s278.1">France</s>
<s id="s279.1">Sverige</s>
<s id="s280.1">Téléphone: +33 (0) 1 58 07 46 00</s>
<s id="s281.1">eā</s>
<s id="s282.1">Tel: +46 (0) 8 623 64 40</s>
<s id="s283.1">United Kingdom Ireland av</s>
<s id="s284.1">Telephone: +44 (0) 1304 616161 Telephone: +353 (0) 1 408 9700</s>
<s id="s285.1">Czech Republic Italia nim</s>
<s id="s286.1">Tel: +420 283 004 111 Telefono: +39 06 3318 2933</s>
<s id="s287.1">Hungary</s>
<s id="s288.1">Malta</s>
<s id="s289.1">Tel: +361</s>
<s id="s290.1">488 3695 ilo</s>
<s id="s291.1">Tel: +356 21 465 797</s>
<s id="s292.1">Polska Eesti</s>
<s id="s293.1">Tel: +48 22 550 42 32 Tel: +370 5 269 17 96 rav</s>
<s id="s294.1">Slovenská republika Slovenija</s>
<s id="s295.1">Tel: +420 283 004 111 Tel: +386 (0) 1 52 11 670 Zd</s>
<s id="s296.1">Latvija Cyprus</s>
<s id="s297.1">Tel: +370 5 269 17 96 Tel: +30 210 7517981</s>
<s id="s298.1">19/ 20 Lietuva</s>
<s id="s299.1">Tel: +370 5 269 17 96</s>
<s id="s300.1">t me pro za nja lje vo do eā av nim ilo rav Zd</s>
<s id="s301.1">20/ 20</s>
</body>
</letsmt>
