<?xml version="1.0" encoding="utf-8"?>
<letsmt version="1.0">
<head></head>
<body>
<s id="s1.1">EU številka</s>
<s id="s2.1">Izmišljeno ime Jakost</s>
<s id="s3.1">Farmacevtska oblika</s>
<s id="s4.1">Ciljna živalska vrsta</s>
<s id="s5.1">Način uporabe Ovojnina Vsebina zdravila</s>
<s id="s6.1">Velikost pakiranja</s>
<s id="s7.1">Karenca</s>
<s id="s8.1">EU/ 2/ 02/ 032/ 001</s>
<s id="s9.1">Vaxxitek HVT+IBD</s>
<s id="s10.1">Suspenzija živi rekombinantni virus vHVT013- 69, najmanj 3, 6 log10 PFU</s>
<s id="s11.1">Zamrznjena suspenzija in razredčilo za injiciranje</s>
<s id="s12.1">Enodnevni piščanci in jajca z 18 dnevnimi embriji</s>
<s id="s13.1">Cepivo se injicira ali v podkožje ali in ovo</s>
<s id="s14.1">(steklena) 1, 000 ampula s odmerki cepiva</s>
<s id="s15.1">vsebnik za 5 ampul</s>
<s id="s16.1">Nič dni</s>
<s id="s17.1">1/ 1</s>
</body>
</letsmt>
