<?xml version="1.0" encoding="utf-8"?>
<letsmt version="1.0">
<head></head>
<body>
<s id="s1.1">Pošlji po Natisni EVROPSKA AGENCIJA ZA ZDRAVILA elektrons obrazec</s>
<s id="s2.1">(LONDON)</s>
<s id="s3.1">OBRAZEC ZA PRIJAVO</s>
<s id="s4.1">ki pošti</s>
<s id="s5.1">Prosimo izpolnite vsa polja z rdečim robom pred klikom na polje „ pošlji po elektronski pošti “.</s>
<s id="s5.2">Izpolnitev drugih polj je izbirna. • EMEA/ AST/ 285: asistent, Enota za komunikacije in mrežno povezovanje (AST3) • EMEA/ AD/ 286:</s>
<s id="s5.3">(znanstveni) administrator, Farmakovigilanca in upravljanje tveganj v zvezi z zdravili za uporabo v humani medicini, Enota za vrednotenje zdravil za uporabo v humani medicini po izdaji dovoljenja za promet (AD5) • EMEA/ AD/ 287: administrator, Sektor za zakonske zadeve in organizacijsko podporo, Enota za vrednotenje zdravil za uporabo v humani medicini po izdaji dovoljenja za promet (AD5) • EMEA/ AST/ 288: asistent, Farmakovigilanca in upravljanje tveganj v zvezi z zdravili za uporabo v humani medicini, Enota za vrednotenje zdravil za uporabo v humani medicini po izdaji dovoljenja za promet (AST3)</s>
<s id="s6.1">Izbirni postopek, na katerega se želite prijaviti</s>
<s id="s7.1">OSEBNI PODATKI</s>
<s id="s8.1">Naziv</s>
<s id="s9.1">Priimek</s>
<s id="s10.1">Ime</s>
<s id="s11.1">Spodaj navedite vsa ostala imena (npr. dekliško ime), ki se pojavljajo na diplomah ali spričevalih, priloženih tej prijavi.</s>
<s id="s12.1">Ostala imena</s>
<s id="s13.1">Naslov 1</s>
<s id="s14.1">Naslov 2</s>
<s id="s15.1">Poštna</s>
<s id="s16.1">številka</s>
<s id="s17.1">Kraj</s>
<s id="s18.1">Država</s>
<s id="s19.1">Telefon (podnevi)</s>
<s id="s20.1">Mobilni telefon</s>
<s id="s21.1">Zvečer</s>
<s id="s22.1">E- pošta</s>
<s id="s23.1">Državljanstvo</s>
<s id="s24.1">Kraj rojstva</s>
<s id="s25.1">Datum rojstva</s>
<s id="s26.1">Država rojstva</s>
<s id="s27.1">Spol *</s>
<s id="s28.1">moški</s>
<s id="s29.1">ženski</s>
<s id="s30.1">Iz katere publikacije ali iz katerega drugega vira ste izvedeli za ta izbirni postopek?</s>
<s id="s31.1">Ste ovirani zaradi invalidnosti, ki utegne predstavljati praktično oviro pri opravljanju preizkusov znanja/ razgovoru?</s>
<s id="s32.1">da</s>
<s id="s33.1">ne</s>
<s id="s34.1">Če ste odgovorili pritrdilno, navedite podrobnosti v zvezi s tem (da vam lahko naša administracija, če je le mogoče, zagotovi ustrezno podporo):</s>
<s id="s35.1">POMEMBNO:</s>
<s id="s35.2">Vaša prijava bo shranjena pod imenom, ki ste ga navedli zgoraj.</s>
<s id="s35.3">Prosimo, uporabljajte ga v vseh svojih dopisih.</s>
<s id="s36.1">Izbirno komisijo je treba obvestiti o vseh spremembah naslova.</s>
<s id="s36.2">Telefonske številke navedite v polni obliki, npr.</s>
<s id="s36.3">(44- 20) 74 18 86 00 za telefonsko številko v Londonu, Združeno kraljestvo.</s>
<s id="s36.4">Za lažje komuniciranje, prosimo, dodajte naslov svoje elektronske pošte.</s>
<s id="s36.5">Datume vnesite v obliki dan/ mesec/ leto.</s>
<s id="s37.1">Obvestilo o varstvu podatkov: podatki bodo obdelani v skladu z Uredbo (ES) št. 45/ 2001 Evropskega parlamenta in Sveta z dne 18. decembra 2000.</s>
<s id="s37.2">IZOBRAŽEVANJE IN USPOSABLJANJE</s>
<s id="s38.1">V kronološkem vrstnem redu navedite podatke o svojem osnovnošolskem, srednješolskem, tehničnem in visokošolskem izobraževanju, vključno z opravljenimi splošnimi usposabljanji, specializacijami in tečaji.</s>
<s id="s39.1">Datum Datum začetka</s>
<s id="s40.1">zaključka</s>
<s id="s41.1">Kvalifikacija</s>
<s id="s42.1">Glavna smer izobraževanja oziroma pridobljene poklicne veščine</s>
<s id="s43.1">Stopnja izobrazbe</s>
<s id="s44.1">Ime univerze/ organizacije</s>
<s id="s45.1">Stopnja izobrazbe v nacionalni klasifikaciji (navedite naziv v izvornem jeziku)</s>
<s id="s46.1">Dodaj novo</s>
<s id="s47.1">Prekliči</s>
<s id="s48.1">DELOVNE IZKUŠNJE</s>
<s id="s49.1">Navedite svoje dosedanje zaposlitve z vsemi podrobnostmi o pridobljenih poklicnih izkušnjah.</s>
<s id="s49.2">Začnite najprej z opisom sedanje zaposlitve.</s>
<s id="s49.3">Ta del je treba izpolniti v celoti in z navedbo vseh podrobnosti, čeprav svoji prijavi prilagate življenjepis.</s>
<s id="s50.1">(P) olni ali (S) krajšani Datum Datum delovni čas začetka</s>
<s id="s51.1">prenehanja</s>
<s id="s52.1">Naziv poklica ali delovnega mesta</s>
<s id="s53.1">Glavne delovne naloge in odgovornosti</s>
<s id="s54.1">Ime delodajalca</s>
<s id="s55.1">Naslov</s>
<s id="s56.1">Razlogi za prenehanje zaposlitve</s>
<s id="s57.1">Gospodarski sektor</s>
<s id="s58.1">Dodaj novo Prekliči</s>
<s id="s59.1">Odpovedni rok (v mesecih) na vašem sedanjem delovnem mestu</s>
<s id="s60.1">ZNANJE JEZIKOV Pri označevanju stopenj jezikovnega znanja uporabljajte skupni evropski referenčni okvir za jezike (CEFR).</s>
<s id="s61.1">Pomembno:</s>
<s id="s61.2">Prosimo, preberite si splošne pogoje in upoštevajte, da bo vsak izbrani kandidat moral pred svojim prvim napredovanjem dokazati, da je sposoben opravljati delo v tretjem uradnem jeziku Evropskih skupnosti.</s>
<s id="s62.1">Oštevilčite jezike v naslednjem vrstnem redu:</s>
<s id="s62.2">1 za materni jezik ali glavni jezik, 2 za drugi jezik, 3 za tretji jezik, 4 za katerikoli dodatni jezik.</s>
<s id="s63.1">Jezik</s>
<s id="s64.1">Vrstni red</s>
<s id="s65.1">Razumevanje</s>
<s id="s66.1">Govorjenje</s>
<s id="s67.1">Pisanje</s>
<s id="s68.1">razumevanj razumevanj sporazume Govorno Dodaj Prekliči</s>
<s id="s69.1">e e</s>
<s id="s70.1">vanje</s>
<s id="s71.1">sporočanje</s>
<s id="s72.1">OSEBNE SPRETNOSTI IN VEŠČINE</s>
<s id="s73.1">Dodaj Prekliči</s>
<s id="s74.1">Spretnosti</s>
<s id="s75.1">Izkušnje</s>
<s id="s76.1">Poznavanje računalniških programov Office, npr.</s>
<s id="s76.2">Word, Excel, MS Access, PowerPoint (navedi):</s>
<s id="s77.1">DODATNE INFORMACIJE</s>
<s id="s78.1">Izkušnje, pridobljene v večkulturnem okolju: navedite svoje izkušnje, pridobljene v večkulturnem okolju, svoje sedanje izkušnje in/ ali izkušnje po</s>
<s id="s79.1">Ime, naslov in telefonske številke oseb, s katerimi lahko navežemo stik, če ste nedosegljivi</s>
<s id="s80.1">IZJAVA 1.</s>
<s id="s80.2">Izjavljam, da so zgoraj navedeni podatki resnični in popolni.</s>
<s id="s80.3">2.</s>
<s id="s80.4">Nadalje izjavljam da:</s>
<s id="s80.5">(i) sem državljan( ka) ene izmed držav članic EU ali držav Evropskega gospodarskega prostora in da uživam polne državljanske pravice, (ii) sem izpolnil( a) vse zakonsko določene obveznosti v zvezi s služenjem vojaškega roka, (iii) izpolnjujem vse značajske zahteve, potrebne za opravljanje zadevnih delovnih nalog.</s>
<s id="s80.6">3.</s>
<s id="s80.7">Zavezujem se, da bom na zahtevo predložil( a) vso dokazilno dokumentacijo v zvezi z alinejami (i), (ii) in (iii) zgoraj ter sprejemam dejstvo, da je lahko v nasprotnem primeru moja prijava razveljavljena.</s>
<s id="s80.8">4.</s>
<s id="s80.9">Zavedam se, da moram na razgovor, ki bo potekal na agenciji EMEA, s seboj prinesti podpisano različico tega obrazca in vsa spodaj navedena dokazila o izobrazbi in zaposlitvah, sicer bo moja prijava razveljavljena.</s>
<s id="s80.10">5.</s>
<s id="s80.11">Zavedam se, da bo moja prijava zavrnjena, če ne bom predložil( a) kopij naslednjih dokumentov:</s>
<s id="s81.1">- dokazilo o državljanstvu (potni list, osebna izkaznica, rojstni list itd.)</s>
<s id="s82.1">- diplome ali spričevala, potrebna za sprejem v izbirni postopek,</s>
<s id="s83.1">- dokazila o zaposlitvi ali pogodbe o zaposlitvi, iz katerih so jasno razvidni datumi pričetka in prenehanja</s>
<s id="s84.1">zaposlitve, za vašo sedanjo zaposlitev pa je treba predložiti dokazilo, iz katerega sta razvidna datum nastopa na delovno mesto in trajanje zaposlitve, ter zadnji plačilni list.</s>
<s id="s85.1">Prosimo, potrdite, da se strinjate z zgoraj navedeno izjavo, in vpišite svoje ime v spodnja polja.</s>
<s id="s86.1">Potrjujem, da so podatki, navedeni v tej prijavi, po mojem najboljšem vedenju točni, in dovoljujem, da se moji osebni podatki shranijo v elektronski obliki.</s>
<s id="s86.2">Ime Datum Podpis (potreben samo, če boste povabljeni na razgovor)</s>
<s id="s87.1">Datum Datum</s>
</body>
</letsmt>
