<?xml version="1.0" encoding="utf-8"?>
<letsmt version="1.0">
<head></head>
<body>
<s id="s1.1">ANNEX I</s>
<s id="s2.1">SUMMARY OF PRODUCT CHARACTERISTICS</s>
<s id="s3.1">1/ 23 1.</s>
<s id="s3.2">NAME OF THE VETERINARY MEDICINAL PRODUCT</s>
<s id="s4.1">Equilis StrepE, lyophilisate for suspension for injection, for horses</s>
<s id="s5.1">2.</s>
<s id="s5.2">QUALITATIVE AND QUANTITATIVE COMPOSITION</s>
<s id="s6.1">Per dose of 0.2 ml vaccine:</s>
<s id="s7.1">Active substance:</s>
<s id="s8.1">Live deletion mutant Streptococcus equi strain TW928 109.0 to 109.4 cfu1</s>
<s id="s9.1">Solvent:</s>
<s id="s10.1">Water for injections</s>
<s id="s11.1">Excipients:</s>
<s id="s12.1">For a full list of excipients, see section 6.1.</s>
<s id="s13.1">3.</s>
<s id="s13.2">PHARMACEUTICAL FORM</s>
<s id="s14.1">Lyophilisate for suspension for injection</s>
<s id="s15.1">4.</s>
<s id="s15.2">CLINICAL PARTICULARS</s>
<s id="s16.1">4.1 Target species</s>
<s id="s17.1">Horses</s>
<s id="s18.1">4.2 Indications for use, specifying the target species</s>
<s id="s19.1">For immunisation of horses against Streptococcus equi to reduce clinical signs and occurrence of lymph node abscesses.</s>
<s id="s20.1">Onset of immunity:</s>
<s id="s20.2">The onset of immunity is established as 2 weeks after basic vaccination.</s>
<s id="s21.1">Duration of immunity:</s>
<s id="s21.2">The duration of immunity is up to 3 months.</s>
<s id="s21.3">The vaccine is intended for use in horses for which a risk of Streptococcus equi infection has been clearly identified, due to contact with horses from areas where this pathogen is known to be present, e. g. stables with horses that travel to shows and/ or competitions in such areas, or stables that obtain or have livery horses from such areas.</s>
<s id="s22.1">4.3 Contraindications</s>
<s id="s23.1">None</s>
<s id="s24.1">4.4 Special warnings</s>
<s id="s25.1">Shedding of the vaccine strain from the injection site can be observed for a period of four days after vaccination.</s>
<s id="s26.1">1 Colony forming units</s>
<s id="s27.1">2/ 23 From literature, it is known that a very low number of horses may develop purpura haemorrhagica if they are vaccinated shortly after infection.</s>
<s id="s27.2">Purpura haemorrhagica has not been observed in any of the safety studies performed during development of Equilis StrepE.</s>
<s id="s27.3">As the incidence of purpura haemorrhagica is very low, its occurrence cannot be ruled out completely.</s>
<s id="s28.1">4.5 Special precautions for use</s>
<s id="s29.1">Special precautions for use in animals</s>
<s id="s30.1">Only healthy horses should be vaccinated.</s>
<s id="s31.1">Ensure that the lyophilisate is completely reconstituted before use.</s>
<s id="s32.1">Basic vaccination performed during an outbreak is not efficacious, because immunity is insufficient until basic vaccination has been completed.</s>
<s id="s33.1">Special precautions to be taken by the person administering the veterinary medicinal product to animals</s>
<s id="s34.1">Special care must be taken when connecting the applicator to the needle to avoid needle-stick injuries.</s>
<s id="s34.2">In case of accidental self injection, seek medical advice immediately and show the package insert or the label to the physician.</s>
<s id="s35.1">To the user:</s>
<s id="s35.2">This product contains a live bacterial deletion mutant with a limited growth potential in mammalian tissue.</s>
<s id="s35.3">Accidental self injection may result in an inflammatory reaction with severe pain and swelling.</s>
<s id="s35.4">If you are accidentally injected with this product seek prompt medical advice even if only a very small amount is injected and take the package insert with you.</s>
<s id="s36.1">To the physician:</s>
<s id="s36.2">This product contains a live auxotrophic deletion mutant Streptococcus equi vaccine strain with attenuated virulence.</s>
<s id="s36.3">However, the bacterial compounds of this product can cause an inflammatory reaction with intense and painful swelling after accidental injection.</s>
<s id="s36.4">Antiinflammatory therapy is indicated even if only a very small amount of the product in injected.</s>
<s id="s36.5">An additional antibiotic treatment should be considered for safety reasons.</s>
<s id="s36.6">The sensitivity of the vaccine strain to antibiotics is listed below (SPC under section 4.8)</s>
<s id="s37.1">4.6 Adverse reactions (frequency and seriousness)</s>
<s id="s38.1">After vaccination a diffusely swollen reaction, which may be warm or painful, develops at the injection site within 4 hours.</s>
<s id="s38.2">The reaction is maximal at 2-3 days post vaccination with a maximum area of 3 cm by 8 cm.</s>
<s id="s38.3">This swelling resolves completely within 3 weeks and normally has no effect on the appetite of the vaccinated animal and causes no apparent discomfort.</s>
<s id="s38.4">The vaccine organism may establish a small suppurative inflammation locally at the injection site, leading to a disruption of the overlaying lip mucosa and subsequent discharge fluid and inflammatory cells.</s>
<s id="s38.5">A slight cloudy discharge commonly occurs from the mucosal injection site at 3 or 4 days post vaccination.</s>
<s id="s39.1">Slight enlargements, which may be transient painful, of the retropharyngeal and mandibular lymph nodes may occur for a few days after vaccination.</s>
<s id="s39.2">In very rare cases an abscess may develop at the injection site or in the regional lymph nodes.</s>
<s id="s40.1">Further, an increase in rectal temperature up to 2°C may occur on the day of vaccination.</s>
<s id="s40.2">In rare cases, inappetance, fever and shivering may be observed.</s>
<s id="s40.3">In very rare cases depression may develop.</s>
<s id="s41.1">3/ 23 4.7 Use during pregnancy, lactation or lay</s>
<s id="s42.1">Do not use in pregnant or lactating mares.</s>
<s id="s43.1">4.8 Interaction with other medicinal products and other forms of interaction</s>
<s id="s44.1">Limited information is available on the safety and efficacy from the use of this vaccine with any other.</s>
<s id="s44.2">It is therefore recommended that no other vaccines should be administered concurrently or simultaneously.</s>
<s id="s45.1">Do not use antibiotics within one week after vaccination.</s>
<s id="s46.1">The vaccine strain is resistant to aminoglycosides, sulphonamides, flumequine, and trimetroprim-sulfa combinations.</s>
<s id="s47.1">The vaccine strain is sensitive to penicillins, tetracyclines, macrolides and lincomycin.</s>
<s id="s48.1">4.9 Amounts to be administered and administration route</s>
<s id="s49.1">Submucosal vaccination with 0.2 ml of reconstituted product.</s>
<s id="s50.1">Allow the solvent to reach room temperature (15 - 25°C).</s>
<s id="s50.2">Aseptically reconstitute the lyophilisate with 0.3 ml of the sterile solvent provided.</s>
<s id="s50.3">Do NOT shake and wait 1 minute after addition of the solvent.</s>
<s id="s50.4">Withdraw 0.2 ml of the reconstituted vaccine into the syringe provided (see Figure 1) and connect the applicator to the needle (see Figure 2).</s>
<s id="s50.5">Restrain the animal’ s head, lift the upper lip and insert the needle into the inside of the upper lip until the applicator rests on the lip.</s>
<s id="s50.6">Administer the whole contents of the syringe into the inside of the upper lip (see Figure 3).</s>
<s id="s51.1">Figure 1</s>
<s id="s52.1">Figure 2</s>
<s id="s53.1">Figure 3</s>
<s id="s54.1">4/ 23 Vaccination scheme:</s>
<s id="s54.2">Basic vaccination: horses from 4 months of age onwards receive two vaccinations of one dose with a 4 week interval.</s>
<s id="s55.1">Revaccination:</s>
<s id="s55.2">Revaccinate every three months to maintain immunity.</s>
<s id="s56.1">A priming response is maintained for up to six months after basic vaccination.</s>
<s id="s56.2">Therefore only a single dose of vaccine is needed to restore immunity.</s>
<s id="s57.1">It is recommended that all horses stabled together are vaccinated.</s>
<s id="s58.1">4.10 Overdose (symptoms, emergency procedures, antidotes), if necessary</s>
<s id="s59.1">In addition to the clinical signs given under section 4.6, vaccination with a ten times overdose may induce an abscess in one of the submandibular lymph nodes.</s>
<s id="s59.2">The abscesses drain purulent material from 2 weeks after vaccination, but heal without intervention within a month thereafter.</s>
<s id="s59.3">Furthermore, an increase in rectal temperature up to 2.5 °C may occur on the day of vaccination.</s>
<s id="s59.4">Slight apathy may occasionally be observed one day after vaccination.</s>
<s id="s60.1">4.11 Withdrawal period(s)</s>
<s id="s61.1">Zero days.</s>
<s id="s62.1">5.</s>
<s id="s62.2">IMMUNOLOGICAL PROPERTIES</s>
<s id="s63.1">ATC vet code:</s>
<s id="s63.2">QI05AE live bacterial vaccine</s>
<s id="s64.1">To stimulate immunity against Streptococcus equi.</s>
<s id="s65.1">The vaccine strain is a deletion mutant with a limited growth potential in mammalian tissue.</s>
<s id="s65.2">It is able to multiply locally at the submucosal injection site during a short period and is shed into the oro-nasal cavity during a few days, but the vaccine strain does not survive on the oro-nasal mucosa and does not disseminate systemically at the recommended dose.</s>
<s id="s66.1">In the challenge studies performed by Intervet, insufficient protection was seen in approximately one quarter of horses vaccinated with the recommended dose.</s>
<s id="s67.1">6.</s>
<s id="s67.2">PHARMACEUTICAL PARTICULARS</s>
<s id="s68.1">6.1 List of excipients</s>
<s id="s69.1">NAO-1 stabiliser Water for injections</s>
<s id="s70.1">6.2 Incompatibilities</s>
<s id="s71.1">Do not mix with any other veterinary medicinal products except the solvent supplied for use with the vaccine.</s>
<s id="s72.1">6.3 Shelf life</s>
<s id="s73.1">Lyophilisate and solvent:</s>
<s id="s73.2">18 months.</s>
<s id="s74.1">5/ 23 Reconstituted vaccine should be used within 4 hours.</s>
<s id="s75.1">6.4 Special precautions for storage</s>
<s id="s76.1">Lyophilisate:</s>
<s id="s76.2">Store refrigerated (2°C – 8°C).</s>
<s id="s76.3">Protect from light.</s>
<s id="s76.4">Solvent:</s>
<s id="s76.5">This medicinal product does not require any special storage conditions.</s>
<s id="s77.1">6.5 Nature and composition of immediate packaging</s>
<s id="s78.1">Each package of Equilis StrepE contains:</s>
<s id="s78.2">10 vials with lyophilisate and 10 vials of 0.5 ml solvent, each in 3 ml Type I glass vials closed with a halogenobutyl rubber stopper and sealed with a coded aluminium cap, 10 applicators, 10 syringes with needle.</s>
<s id="s79.1">6.6 Special precautions for the disposal of unused veterinary medicinal products or waste materials derived from the use of such products</s>
<s id="s80.1">Dispose of waste material by boiling, incineration or immersion in an appropriate disinfectant approved for use by the competent authorities.</s>
<s id="s81.1">7.</s>
<s id="s81.2">MARKETING AUTHORISATION HOLDER</s>
<s id="s82.1">Intervet International B. V.</s>
<s id="s82.2">Wim de Körverstraat 35 NL - 5831 AN Boxmeer The Netherlands</s>
<s id="s83.1">8.</s>
<s id="s83.2">MARKETING AUTHORISATION NUMBER(S)</s>
<s id="s84.1">EU/ 2/ 04/ 043/ 001</s>
<s id="s85.1">9.</s>
<s id="s85.2">DATE OF FIRST AUTHORISATION</s>
<s id="s86.1">7 May 2004</s>
<s id="s87.1">10.</s>
<s id="s87.2">DATE OF REVISION OF THE TEXT</s>
<s id="s88.1">December 2008</s>
<s id="s89.1">PROHIBITION OF SALE, SUPPLY AND/ OR USE</s>
<s id="s90.1">Not applicable</s>
<s id="s91.1">6/ 23 ANNEX II</s>
<s id="s92.1">A.</s>
<s id="s92.2">MANUFACTURING AUTHORISATION HOLDER(S) RESPONSIBLE FOR BATCH RELEASE</s>
<s id="s93.1">B.</s>
<s id="s93.2">CONDITIONS OR RESTRICTIONS OF THE MARKETING AUTHORISATION HOLDER REGARDING SUPPLY OR USE</s>
<s id="s94.1">C.</s>
<s id="s94.2">CONDITIONS OR RESTRICTIONS OF THE MARKETING AUTHORISATION HOLDER WITH REGARD TO SAFE AND EFFECTIVE USE</s>
<s id="s95.1">D.</s>
<s id="s95.2">STATEMENT OF THE MRLs</s>
<s id="s96.1">7/ 23 A.</s>
<s id="s96.2">MANUFACTURING AUTHORISATION HOLDER RESPONSIBLE FOR BATCH RELEASE</s>
<s id="s97.1">Intervet International B. V.</s>
<s id="s97.2">Wim de Körverstraat 35 NL - 5831 AN Boxmeer The Netherlands</s>
<s id="s98.1">B.</s>
<s id="s98.2">CONDITIONS OR RESTRICTIONS OF THE MARKETING AUTHORISATION HOLDER REGARDING SUPPLY OR USE</s>
<s id="s99.1">Veterinary medicinal product subject to prescription.</s>
<s id="s100.1">C.</s>
<s id="s100.2">CONDITIONS OR RESTRICTIONS OF THE MARKETING AUTHORISATION HOLDER WITH REGARD TO SAFE AND EFFECTIVE USE</s>
<s id="s101.1">Not applicable.</s>
<s id="s102.1">D.</s>
<s id="s102.2">STATEMENT OF THE MRLs</s>
<s id="s103.1">Substance</s>
<s id="s104.1">MRL status</s>
<s id="s105.1">Comments</s>
<s id="s106.1">Streptococcus equi strain</s>
<s id="s107.1">Not within the scope of Council Regulation (EC) 2377/ 90</s>
<s id="s108.1">Active principles of biological origin intended to produce active or passive immunity are not within the scope of the Regulation</s>
<s id="s109.1">Water for injections</s>
<s id="s110.1">Not within the scope of Council Regulation (EC) 2377/ 90</s>
<s id="s111.1">8/ 23 ANNEX III</s>
<s id="s112.1">LABELLING AND PACKAGE LEAFLET</s>
<s id="s113.1">9/ 23 A.</s>
<s id="s113.2">LABELLING</s>
<s id="s114.1">10/ 23 PARTICULARS TO APPEAR ON THE OUTER PACKAGE</s>
<s id="s115.1">1.</s>
<s id="s115.2">NAME OF THE VETERINARY MEDICINAL PRODUCT</s>
<s id="s116.1">Equilis StrepE, lyophilisate for suspension for injection, for horses</s>
<s id="s117.1">2.</s>
<s id="s117.2">STATEMENT OF ACTIVE AND OTHER SUBSTANCE</s>
<s id="s118.1">Per dose of 0.2 ml vaccine:</s>
<s id="s118.2">Live deletion mutant Streptococcus equi strain TW928 109.0 to 109.4 cfu</s>
<s id="s119.1">3.</s>
<s id="s119.2">PHARMACEUTICAL FORM</s>
<s id="s120.1">Lyophilisate for suspension for injection</s>
<s id="s121.1">4.</s>
<s id="s121.2">PACKAGE SIZE</s>
<s id="s122.1">10 x 1 dose of vaccine 10 x 1 dose of solvent 10 applicators 10 syringes with needle</s>
<s id="s123.1">5.</s>
<s id="s123.2">TARGET SPECIES</s>
<s id="s124.1">Horses.</s>
<s id="s125.1">6.</s>
<s id="s125.2">INDICATION(S)</s>
<s id="s126.1">For immunisation of horses against Streptococcus equi to reduce clinical signs and occurrence of lymph node abscesses.</s>
<s id="s127.1">7.</s>
<s id="s127.2">METHOD AND ROUTE(S) OF ADMINISTRATION</s>
<s id="s128.1">After reconstitution administer 0.2 ml submucosally to the inside of the upper lip.</s>
<s id="s128.2">Read the package insert before use.</s>
<s id="s129.1">8.</s>
<s id="s129.2">WITHDRAWAL PERIOD</s>
<s id="s130.1">Zero days.</s>
<s id="s131.1">9.</s>
<s id="s131.2">SPECIAL WARNING(S), IF NECESSARY</s>
<s id="s132.1">Not applicable.</s>
<s id="s133.1">11/ 23 10.</s>
<s id="s133.2">EXPIRY DATE</s>
<s id="s134.1">EXP solvent {month/ year} EXP vaccine {month/ year}</s>
<s id="s135.1">11.</s>
<s id="s135.2">SPECIAL STORAGE CONDITIONS</s>
<s id="s136.1">Lyophilisate:</s>
<s id="s136.2">Store refrigerated (2°C – 8°C).</s>
<s id="s136.3">Protect from light.</s>
<s id="s136.4">Solvent:</s>
<s id="s136.5">This medicinal product does not require any special storage conditions.</s>
<s id="s136.6">Reconstituted vials should be used within 4 hours.</s>
<s id="s137.1">12.</s>
<s id="s137.2">SPECIAL PRECAUTIONS FOR THE DISPOSAL OF UNUSED PRODUCT OR WASTE MATERIALS</s>
<s id="s138.1">Dispose of waste material by boiling, incineration or immersion in an appropriate disinfectant approved for use by the competent authorities.</s>
<s id="s139.1">13.</s>
<s id="s139.2">THE WORDS &quot;FOR ANIMAL TREATMENT ONLY&quot;</s>
<s id="s140.1">For animal treatment only.</s>
<s id="s141.1">14.</s>
<s id="s141.2">THE WORDS &quot;KEEP OUT OF THE REACH AND SIGHT OF CHILDREN&quot;</s>
<s id="s142.1">Keep out of the reach and sight of children.</s>
<s id="s143.1">15.</s>
<s id="s143.2">NAME AND ADDRESS OF THE MARKETING AUTHORISATION HOLDER</s>
<s id="s144.1">Intervet International B. V.</s>
<s id="s144.2">Wim de Körverstraat 35 NL - 5831 AN Boxmeer</s>
<s id="s145.1">16.</s>
<s id="s145.2">MARKETING AUTHORISATION NUMBER(S)</s>
<s id="s146.1">EU/ 2/ 04/ 043/ 001</s>
<s id="s147.1">17.</s>
<s id="s147.2">MANUFACTURER'S BATCH NUMBER</s>
<s id="s148.1">&lt; batch &gt; {number}</s>
<s id="s149.1">12/ 23 PARTICULARS TO APPEAR ON THE INNER BOX WITH VACCINE</s>
<s id="s150.1">1.</s>
<s id="s150.2">NAME OF THE VETERINARY MEDICINAL PRODUCT</s>
<s id="s151.1">Equilis StrepE, lyophilisate for suspension for injection, for horses</s>
<s id="s152.1">2.</s>
<s id="s152.2">STATEMENT OF ACTIVE AND OTHER SUBSTANCE</s>
<s id="s153.1">Per dose of 0.2 ml vaccine:</s>
<s id="s153.2">Live deletion mutant Streptococcus equi strain TW928 109.0 to 109.4 cfu</s>
<s id="s154.1">3.</s>
<s id="s154.2">PHARMACEUTICAL FORM</s>
<s id="s155.1">Lyophilisate for suspension for injection</s>
<s id="s156.1">4.</s>
<s id="s156.2">PACKAGE SIZE</s>
<s id="s157.1">10 x 1 dose</s>
<s id="s158.1">5.</s>
<s id="s158.2">TARGET SPECIES</s>
<s id="s159.1">Horses</s>
<s id="s160.1">6.</s>
<s id="s160.2">INDICATION</s>
<s id="s161.1">For immunisation against Streptococcus equi</s>
<s id="s162.1">7.</s>
<s id="s162.2">METHOD AND ROUTE OF ADMINISTRATION</s>
<s id="s163.1">For submucosal injection after reconstitution</s>
<s id="s164.1">8.</s>
<s id="s164.2">WITHDRAWAL PERIOD</s>
<s id="s165.1">Zero days.</s>
<s id="s166.1">9.</s>
<s id="s166.2">SPECIAL WARNINGS</s>
<s id="s167.1">Not applicable.</s>
<s id="s168.1">10.</s>
<s id="s168.2">EXPIRY DATE</s>
<s id="s169.1">Exp {month/ year}</s>
<s id="s170.1">13/ 23 11.</s>
<s id="s170.2">SPECIAL STORAGE CONDITIONS</s>
<s id="s171.1">Store refrigerated (2°C – 8°C).</s>
<s id="s171.2">Protect from light.</s>
<s id="s171.3">Reconstituted vials should be used within 4 hours.</s>
<s id="s172.1">12.</s>
<s id="s172.2">SPECIAL PRECAUTIONS FOR THE DISPOSAL OF UNUSED VETERINARY MEDICINAL PRODUCTS OR WASTE MATERIALS</s>
<s id="s173.1">Dispose of waste material by boiling, incineration or immersion in an appropriate disinfectant approved for use by the competent authorities.</s>
<s id="s174.1">13.</s>
<s id="s174.2">THE WORDS &quot;FOR ANIMAL TREATMENT ONLY&quot;</s>
<s id="s175.1">For animal treatment only.</s>
<s id="s176.1">14.</s>
<s id="s176.2">THE WORDS &quot;KEEP OUT OF THE REACH AND SIGHT OF CHILDREN&quot;</s>
<s id="s177.1">Keep out of the reach and sight of children.</s>
<s id="s178.1">15.</s>
<s id="s178.2">NAME AND ADDRESS OF THE MARKETING AUTHORISATION HOLDER</s>
<s id="s179.1">Intervet International B. V.</s>
<s id="s179.2">Wim de Körverstraat 35 NL - 5831 AN Boxmeer</s>
<s id="s180.1">16.</s>
<s id="s180.2">MARKETING AUTHORISATION NUMBER(S)</s>
<s id="s181.1">EU/ 2/ 04/ 043/ 001</s>
<s id="s182.1">17.</s>
<s id="s182.2">MANUFACTURER'S BATCH NUMBER</s>
<s id="s183.1">&lt; batch &gt; {number}</s>
<s id="s184.1">14/ 23 PARTICULARS TO APPEAR ON THE INNER BOX WITH SOLVENT</s>
<s id="s185.1">1.</s>
<s id="s185.2">NAME OF THE VETERINARY MEDICINAL PRODUCT</s>
<s id="s186.1">Equilis StrepE - solvent</s>
<s id="s187.1">2.</s>
<s id="s187.2">PACKAGE SIZE</s>
<s id="s188.1">10 x 1 dose</s>
<s id="s189.1">3.</s>
<s id="s189.2">TARGET SPECIES</s>
<s id="s190.1">Horses.</s>
<s id="s191.1">4.</s>
<s id="s191.2">METHOD AND ROUTE OF ADMINISTRATION</s>
<s id="s192.1">See package leaflet.</s>
<s id="s193.1">5.</s>
<s id="s193.2">WITHDRAWAL PERIOD</s>
<s id="s194.1">Zero days.</s>
<s id="s195.1">6.</s>
<s id="s195.2">EXPIRY DATE</s>
<s id="s196.1">Expiry date:</s>
<s id="s196.2">{month/ year}</s>
<s id="s197.1">7.</s>
<s id="s197.2">SPECIAL STORAGE CONDITIONS</s>
<s id="s198.1">This medicinal product does not require any special storage conditions.</s>
<s id="s198.2">Reconstituted vials should be used within 4 hours.</s>
<s id="s199.1">8.</s>
<s id="s199.2">THE WORDS &quot;FOR ANIMAL TREATMENT ONLY&quot;</s>
<s id="s200.1">For animal treatment only.</s>
<s id="s201.1">9.</s>
<s id="s201.2">THE WORDS &quot;KEEP OUT OF THE REACH AND SIGHT OF CHILDREN&quot;</s>
<s id="s202.1">Keep out of the reach and sight of children.</s>
<s id="s203.1">15/ 23 10.</s>
<s id="s203.2">NAME AND ADDRESS OF THE MARKETING AUTHORISATION HOLDER</s>
<s id="s204.1">Intervet International B. V.</s>
<s id="s204.2">Wim de Körverstraat 35 NL - 5831 AN Boxmeer</s>
<s id="s205.1">11.</s>
<s id="s205.2">MARKETING AUTHORISATION NUMBER(S)</s>
<s id="s206.1">EU/ 2/ 04/ 043/ 001</s>
<s id="s207.1">12.</s>
<s id="s207.2">MANUFACTURER'S BATCH NUMBER</s>
<s id="s208.1">&lt; lot &gt; {number}</s>
<s id="s209.1">16/ 23 MINIMUM PARTICULARS TO APPEAR ON SMALL IMMEDIATE PACKAGING UNITS</s>
<s id="s210.1">Label of the vaccine (small vial)</s>
<s id="s211.1">1.</s>
<s id="s211.2">NAME OF THE VETERINARY MEDICINAL PRODUCT</s>
<s id="s212.1">Equilis StrepE</s>
<s id="s213.1">2.</s>
<s id="s213.2">QUANTITY OF THE ACTIVE SUBSTANCE</s>
<s id="s214.1">Live Streptococcus equi.</s>
<s id="s215.1">3.</s>
<s id="s215.2">CONTENTS BY WEIGHT, BY VOLUME OR NUMBER OF DOSES</s>
<s id="s216.1">1 dose</s>
<s id="s217.1">4.</s>
<s id="s217.2">ROUTE OF ADMINISTRATION</s>
<s id="s218.1">For submucosal use.</s>
<s id="s219.1">5.</s>
<s id="s219.2">WITHDRAWAL PERIOD</s>
<s id="s220.1">Zero days.</s>
<s id="s221.1">6.</s>
<s id="s221.2">BATCH NUMBER</s>
<s id="s222.1">&lt; Batch &gt; {number}</s>
<s id="s223.1">7.</s>
<s id="s223.2">EXPIRY DATE</s>
<s id="s224.1">Exp:</s>
<s id="s224.2">{month/ year}</s>
<s id="s225.1">8.</s>
<s id="s225.2">THE WORDS “ FOR ANIMAL TREATMENT ONLY”</s>
<s id="s226.1">For animal treatment only.</s>
<s id="s227.1">17/ 23 Label of the solvent (small vial)</s>
<s id="s228.1">1.</s>
<s id="s228.2">NAME OF THE VETERINARY MEDICINAL PRODUCT</s>
<s id="s229.1">Equilis StrepE - solvent</s>
<s id="s230.1">2.</s>
<s id="s230.2">CONTENTS BY WEIGHT, BY VOLUME OR NUMBER OF DOSES</s>
<s id="s231.1">1 dose</s>
<s id="s232.1">3.</s>
<s id="s232.2">ROUTE OF ADMINISTRATION</s>
<s id="s233.1">See package insert.</s>
<s id="s234.1">4.</s>
<s id="s234.2">BATCH NUMBER</s>
<s id="s235.1">&lt; Batch &gt; {number}</s>
<s id="s236.1">5.</s>
<s id="s236.2">WITHDRAWAL PERIOD</s>
<s id="s237.1">Zero days.</s>
<s id="s238.1">6.</s>
<s id="s238.2">EXPIRY DATE</s>
<s id="s239.1">Exp {month/ year}</s>
<s id="s240.1">7.</s>
<s id="s240.2">THE WORDS “ FOR ANIMAL TREATMENT ONLY”</s>
<s id="s241.1">For animal treatment only.</s>
<s id="s242.1">18/ 23 B.</s>
<s id="s242.2">PACKAGE LEAFLET</s>
<s id="s243.1">19/ 23 PACKAGE LEAFLET</s>
<s id="s244.1">Equilis StrepE, lyophilisate for suspension for injection, for horses</s>
<s id="s245.1">1.</s>
<s id="s245.2">NAME AND ADDRESS OF THE MARKETING AUTHORISATION HOLDER AND OF THE MANUFACTURING AUTHORISATION HOLDER RESPONSIBLE FOR BATCH RELEASE, IF DIFFERENT</s>
<s id="s246.1">Intervet International B. V.</s>
<s id="s246.2">Wim de Körverstraat 35 NL - 5831 AN Boxmeer The Netherlands</s>
<s id="s247.1">2.</s>
<s id="s247.2">NAME OF THE VETERINARY MEDICINAL PRODUCT</s>
<s id="s248.1">Equilis StrepE, lyophilisate for suspension for injection, for horses</s>
<s id="s249.1">3.</s>
<s id="s249.2">STATEMENT OF THE ACTIVE SUBSTANCE AND OTHER INGREDIENT(S)</s>
<s id="s250.1">Per dose of 0.2 ml vaccine:</s>
<s id="s250.2">Live deletion mutant Streptococcus equi strain TW928 109.0 to 109.4 cfu1</s>
<s id="s251.1">4.</s>
<s id="s251.2">INDICATION(S)</s>
<s id="s252.1">For immunisation of horses against Streptococcus equi to reduce clinical signs and occurrence of lymph node abscesses.</s>
<s id="s253.1">The onset of immunity is established as two weeks after vaccination.</s>
<s id="s253.2">The duration of immunity is up to 3 months.</s>
<s id="s254.1">The vaccine is intended for use in horses for which a risk of Streptococcus equi infection has been clearly identified, due to contact with horses from areas where this pathogen is known to be present, e. g. stables with horses that travel to shows and/ or competitions in such areas, or stables that obtain or have livery horses from such areas.</s>
<s id="s255.1">5.</s>
<s id="s255.2">CONTRAINDICATIONS</s>
<s id="s256.1">Do not use in pregnant or lactating mares.</s>
<s id="s257.1">6 ADVERSE REACTIONS</s>
<s id="s258.1">After vaccination a diffusely swollen reaction, which may be warm or painful, develops at the injection site within 4 hours.</s>
<s id="s258.2">The reaction is maximal at 2-3 days post vaccination with a maximum area of 3 cm by 8 cm.</s>
<s id="s258.3">This swelling resolves completely within 3 weeks and normally has no effect on the appetite of the vaccinated animal and causes no apparent discomfort.</s>
<s id="s258.4">The vaccine organism may establish a small suppurative inflammation locally at the injection site, leading to a disruption of the overlaying lip mucosa and subsequent discharge fluid and inflammatory cells.</s>
<s id="s258.5">A slight cloudy discharge commonly occurs from the mucosal injection site at 3 or 4 days post vaccination.</s>
<s id="s259.1">1 Colony forming units</s>
<s id="s260.1">20/ 23 Slight enlargements, which may be transient painful, of the retropharyngeal and mandibular lymph nodes may occur for a few days after vaccination.</s>
<s id="s260.2">In very rare cases an abscess may develop at the injection site or in the regional lymph nodes.</s>
<s id="s260.3">Further, an increase in rectal temperature up to 2°C may occur on the day of vaccination.</s>
<s id="s260.4">In rare cases, inappetance, fever and shivering may be observed.</s>
<s id="s260.5">In very rare cases depression may develop.</s>
<s id="s261.1">If you notice any serious effects or other effects not mentioned in this leaflet, please inform your veterinary surgeon.</s>
<s id="s262.1">7 TARGET SPECIES</s>
<s id="s263.1">Horses</s>
<s id="s264.1">8.</s>
<s id="s264.2">DOSAGE FOR EACH SPECIES, ROUTES AND METHOD OF ADMINISTRATION</s>
<s id="s265.1">Submucosal vaccination of 0.2 ml of reconstituted product.</s>
<s id="s266.1">Basic vaccination:</s>
<s id="s266.2">Horses from 4 months of age onwards receive two vaccinations of one dose with a 4 week interval.</s>
<s id="s267.1">Revaccination:</s>
<s id="s267.2">Revaccinate every three months to maintain immunity.</s>
<s id="s268.1">A priming response is maintained for up to six months after basic vaccination.</s>
<s id="s268.2">Therefore only a single dose of vaccine is needed to restore immunity.</s>
<s id="s269.1">It is recommended that all horses stabled together are vaccinated.</s>
<s id="s270.1">9 ADVICE ON CORRECT ADMINISTRATION</s>
<s id="s271.1">Allow the solvent to reach room temperature (15 - 25°C).</s>
<s id="s271.2">Aseptically reconstitute the freeze-dried vaccine with 0.3 ml of the sterile solvent provided.</s>
<s id="s271.3">Do NOT shake and wait 1 minute after addition of the solvent.</s>
<s id="s271.4">Withdraw 0.2 ml of the reconstituted vaccine into the syringe provided with the vaccine (see Figure 1) and connect the applicator to the needle (see Figure 2).</s>
<s id="s271.5">Restrain the animal’ s head, lift the upper lip and insert the needle into the inside of the upper lip until the applicator rests on the lip.</s>
<s id="s271.6">Administer the whole contents of the syringe into the inside of the upper lip (see Figure 3).</s>
<s id="s272.1">Figure 1</s>
<s id="s273.1">21/ 23 Figure 2</s>
<s id="s274.1">Figure 3</s>
<s id="s275.1">10.</s>
<s id="s275.2">WITHDRAWAL PERIOD</s>
<s id="s276.1">Zero days.</s>
<s id="s277.1">11.</s>
<s id="s277.2">SPECIAL STORAGE CONDITIONS</s>
<s id="s278.1">Keep out of reach and sight of children.</s>
<s id="s278.2">Lyophilisate:</s>
<s id="s278.3">Store refrigerated (2°C – 8°C).</s>
<s id="s278.4">Protect from light.</s>
<s id="s278.5">Solvent:</s>
<s id="s278.6">This medicinal product does not require any special storage conditions.</s>
<s id="s278.7">Reconstituted vials should be used within 4 hours.</s>
<s id="s279.1">12.</s>
<s id="s279.2">SPECIAL WARNINGS</s>
<s id="s280.1">Do not mix with any other veterinary medicinal products except the solvent supplied for use with the vaccine.</s>
<s id="s281.1">Do not use antibiotics within one week after vaccination.</s>
<s id="s282.1">The vaccine strain is resistant to aminoglycosides, sulphonamides, flumequine, and trimetroprim-sulfa combinations.</s>
<s id="s283.1">The vaccine strain is sensitive to penicillins, tetracyclins, macrolides and lincomycin.</s>
<s id="s284.1">Special precautions for use in animals</s>
<s id="s285.1">Only healthy horses should be vaccinated.</s>
<s id="s286.1">Ensure that the lyophilisate is completely reconstituted before use.</s>
<s id="s287.1">Basic vaccination performed during an outbreak is not efficacious, because immunity is insufficient until basic vaccination has been completed.</s>
<s id="s288.1">22/ 23 Special precautions to be taken by the person administering the veterinary medicinal product to animals</s>
<s id="s289.1">Special care must be taken when connecting the applicator to the needle to avoid needle-stick injuries.</s>
<s id="s289.2">In case of accidental self injection, seek medical advice immediately and show the package insert or the label to the physician</s>
<s id="s290.1">To the user:</s>
<s id="s290.2">This product contains a live bacterial deletion mutant with a limited growth potential in mammalian tissue.</s>
<s id="s290.3">Accidental self injection may result in an inflammatory reaction with severe pain and swelling.</s>
<s id="s290.4">If you are accidentally injected with this product seek prompt medical advice even if only a very small amount is injected and take the package insert with you.</s>
<s id="s291.1">To the physician:</s>
<s id="s291.2">This product contains a live auxotrophic deletion mutant Streptococcus equi vaccine strain with attenuated virulence.</s>
<s id="s291.3">However, the bacterial compounds of this product can cause an inflammatory reaction with intense and painful swelling after accidental injection.</s>
<s id="s291.4">Antiinflammatory therapy is indicated even if only a very small amount of the product in injected.</s>
<s id="s291.5">An additional antibiotic treatment should be considered for safety reasons.</s>
<s id="s291.6">The sensitivity of the vaccine strain to antibiotics is listed above.</s>
<s id="s292.1">13.</s>
<s id="s292.2">SPECIAL PRECAUTIONS FOR THE DISPOSAL OF UNUSED PRODUCT OR WASTE MATERIAL, IF ANY</s>
<s id="s293.1">Dispose of waste material by boiling, incineration or immersion in an appropriate disinfectant approved for use by the competent authorities.</s>
<s id="s294.1">14.</s>
<s id="s294.2">DATE ON WHICH THE PACKAGE LEAFLET WAS LAST REVISED</s>
<s id="s295.1">December 2008</s>
<s id="s296.1">15.</s>
<s id="s296.2">OTHER INFORMATION</s>
<s id="s297.1">For animal treatment only.</s>
<s id="s298.1">Limited information is available on the safety and efficacy from the use of this vaccine with any other.</s>
<s id="s298.2">It is therefore recommended that no other vaccines should be administered concurrently or simultaneously.</s>
<s id="s299.1">The vaccine strain is a deletion mutant with a limited growth potential in mammalian tissue.</s>
<s id="s299.2">It is able to multiply locally at the submucosal injection site during a short period and is shed into the oro-nasal cavity during a few days, but the vaccine strain does not survive on the oro-nasal mucosa and does not dissiminate systemically at the recommended dose.</s>
<s id="s300.1">Shedding of the vaccine strain from the injection site can be observed for a period of four days after vaccination. From literature, it is known that a very low number of horses may develop purpura haemorrhagica if they are vaccinated shortly after infection.</s>
<s id="s300.2">Purpura haemorrhagica has not been observed in any of the safety studies performed during development of Equilis StrepE.</s>
<s id="s300.3">As the incidence of purpura haemorrhagica is very low, its occurrence cannot be ruled out completely.</s>
<s id="s301.1">For any information about this veterinary medicinal product, please contact the Marketing Authorisation Holder.</s>
<s id="s302.1">23/ 23</s>
</body>
</letsmt>
