<?xml version="1.0" encoding="utf-8"?>
<letsmt version="1.0">
<head></head>
<body>
<s id="s1.1">European Medicines Agency</s>
<s id="s2.1">EMEA/ V/ C/ 045</s>
<s id="s3.1">EVROPSKO JAVNO POROČILO O OCENI ZDRAVILA (EPAR)</s>
<s id="s4.1">OXYGLOBIN</s>
<s id="s5.1">Povzetek EPAR za javnost Ta dokument je povzetek Evropskega javnega poročila o oceni zdravila.</s>
<s id="s5.2">Njegov namen je pojasniti, kako je Odbor za zdravila za uporabo v veterinarski medicini (CVMP) ocenil predloženo dokumentacijo, na podlagi česar je oblikoval priporočila glede uporabe zdravila.</s>
<s id="s5.3">Ta dokument ne more nadomestiti osebnega pogovora z veterinarjem.</s>
<s id="s5.4">Če potrebujete več informacij o zdravstvenem stanju ali zdravljenju vaše živali, se posvetujte z veterinarjem.</s>
<s id="s5.5">Če želite več informacij o podlagi za priporočila CVMP, preberite znanstveno razpravo (ki je prav tako del EPAR).</s>
<s id="s6.1">Kaj je zdravilo Oxyglobin?</s>
<s id="s7.1">Zdravilo Oxyglobin vsebuje goveji hemoglobin glutamer- 200 (jakosti 130 mg/ ml), ki spada v razred zdravil z oksifornim učinkom.</s>
<s id="s7.2">Zdravilo Oxyglobin je raztopina za infundiranje (dajanje tekočine v veno).</s>
<s id="s8.1">Za kaj se zdravilo Oxyglobin uporablja?</s>
<s id="s9.1">Zdravilo Oxyglobin se uporablja za povečanje količine kisika v krvi pri psih z anemijo (majhnim številom rdečih krvnih celic).</s>
<s id="s9.2">Zdravilo Oxyglobin je treba uporabljati najmanj 24 ur.</s>
<s id="s9.3">Zdravilo Oxyglobin morate najprej segreti na 37 °C in ga nato dati psu v odmerku 30 ml na kilogram telesne mase s hitrostjo do 10 ml/ kg na uro.</s>
<s id="s9.4">Najprimernejši odmerek je odvisen od resnosti anemije in trajanja anemičnosti psa, kot tudi želenega trajanja učinkovanja zdravila.</s>
<s id="s9.5">Zdravilo Oxyglobin je namenjeno za enkratno uporabo.</s>
<s id="s9.6">Pri dajanju zdravila Oxyglobin ni treba preverjati krvne skupine psa.</s>
<s id="s9.7">Za nadaljnje informacije si oglejte Navodilo za uporabo.</s>
<s id="s10.1">Kako zdravilo Oxyglobin deluje?</s>
<s id="s11.1">Zdravilo Oxyglobin je oksiforna raztopina, ki temelji na hemoglobinu.</s>
<s id="s11.2">Vsebuje hemoglobin glutamer- 200, ki se pridobiva iz hemoglobina (beljakovine v rdečih krvnih celicah, ki po telesu prenaša kisik), pridobljenega iz krvi krav in razredčenega s standardno raztopino (Ringerjev laktat), ki se uporablja za zamenjavo krvne prostornine.</s>
<s id="s11.3">Ko zdravilo Oxyglobin daste psom, poveča količino hemoglobina v krvi ter prostornino krvi v telesu.</s>
<s id="s11.4">S tem se poveča količina kisika, ki se prenaša po krvi v arterijah, kar povzroči ublažitev simptomov anemije.</s>
<s id="s12.1">Kako je bilo zdravilo Oxyglobin raziskano?</s>
<s id="s13.1">Zdravilo Oxyglobin so preizkusili v študiji pri psih s kratkotrajno ali dolgotrajno anemijo zaradi stanj, kot so izguba krvi, nenormalna razgradnja rdečih krvnih celic ali nizka stopnja tvorjenja rdečih krvnih celic.</s>
<s id="s13.2">V študiji so primerjali učinke zdravila Oxyglobin glede na stanje živali, ki niso bile deležne zdravljenja.</s>
<s id="s13.3">7 Westferry Circus, Canary Wharf, London E14 4HB, UK Tel.</s>
<s id="s13.4">(44- 20) 74 18 84 00 Fax (44- 20) 74 18 84 16 E- mail: mail@ emea. europa. eu http: // www. emea. europa. eu ©EMEA 2007 Reproduction and/ or distribution of this document is authorised for non commercial purposes only provided the EMEA is acknowledged Kakšne koristi je zdravilo Oxyglobin izkazalo med študijami?</s>
<s id="s14.1">V glavni študiji pri psih 95% živali, ki so jih zdravili z zdravilom Oxyglobin, po 24 urah ni potrebovalo druge vrste oksifornega zdravljenja medtem ko je druge vrste oksiforno zdravljenje potrebovalo 32% psov, ki niso bili deležni nobenega zdravljenja.</s>
<s id="s14.2">Psi, ki so jih zdravili z zdravilom Oxyglobin, so dalj časa zdržali brez potrebe po dodatnem zdravljenju.</s>
<s id="s14.3">Zdravilo je tudi povečalo ravni hemoglobina v krvi in izboljšalo telesno stanje psov.</s>
<s id="s14.4">Dodatne študije so potrdile te rezultate in pokazale, da lahko zdravilo Oxyglobin kisik zajame, prenaša in sprošča tudi pri živalih, ki niso krave.</s>
<s id="s14.5">Ta kisik je na razpolago tkivom, kot je mišičje.</s>
<s id="s15.1">Kakšna tveganja so povezana z zdravilom Oxyglobin?</s>
<s id="s16.1">Neželene učinke, ki so povezani z zdravilom Oxyglobin, povzročata tako zdravilo kot tudi osnovno stanje, ki je vzrok anemije.</s>
<s id="s16.2">Neželeni učinki vključujejo razbarvanje kože, sluzničnih membran (sloja celic, ki oblaga telesne votline) in beločnice (belih delov oči), temni iztrebki in razbarvan ali moten urin.</s>
<s id="s16.3">Pogost neželen učinek je „ preobremenitev krvnega obtoka “ (kadar tekoči del krvi pronica iz žil), kar povzroči tahipnejo (hitro dihanje), dispnejo (zasopljenost), rezke glasove v pljučih in pljučni edem (zbiranje tekočine v pljučih).</s>
<s id="s16.4">Drugi pogosti neželeni učinki so bruhanje, izguba teka in povišana temperatura.</s>
<s id="s16.5">Za celoten seznam neželenih učinkov, o katerih so poročali pri uporabi zdravila Oxyglobin, glejte Navodilo za uporabo.</s>
<s id="s16.6">Zdravila Oxyglobin se ne sme uporabljati pri živalih, ki so zdravilo že prejele v preteklosti, ali pri psih s povečanim tveganjem preobremenitve krvnega obtoka in s stanji, kot so oligurija ali anurija (redko uriniranje ali odsotnost uriniranja) ali napredovala bolezen srca.</s>
<s id="s17.1">Kakšne previdnostne ukrepe mora upoštevati oseba, ki daje zdravilo ali pride v stik z živaljo?</s>
<s id="s18.1">Za zdravilo ni posebnih previdnostnih ukrepov.</s>
<s id="s19.1">Zakaj je bilo zdravilo Oxyglobin odobreno?</s>
<s id="s20.1">Odbor za zdravila za uporabo v veterinarski medicini (CVMP) je zaključil, da so koristi zdravila Oxyglobin pri zagotavljanju oksiforne podpore psom, blaženju kliničnih znakov anemije najmanj 24 ur neodvisno od vzročnega stanja, večje od z njim povezanih tveganj in priporočil, da se za zdravilo Oxyglobin odobri dovoljenje za promet.</s>
<s id="s20.2">Razmerje med koristmi in tveganji najdete v modulu 6 tega evropskega javnega poročila o oceni zdravila (EPAR).</s>
<s id="s21.1">Druge informacije o zdravilu Oxyglobin:</s>
<s id="s22.1">Evropska komisija je dovoljenje za promet z zdravilom Oxyglobin, veljavno po vsej Evropski uniji, odobrila družbi Biopure Netherlands B. V. dne 14. julija 1999.</s>
<s id="s22.2">Dovoljenje za promet z zdravilom je bilo obnovljeno 14. julija 2004.</s>
<s id="s22.3">Podatki o predpisovanju tega zdravila so navedeni na nalepki na škatli zdravila.</s>
<s id="s23.1">Ta povzetek je bil nazadnje posodobljen 23. avgusta 2007.</s>
<s id="s24.1">©EMEA 2007</s>
</body>
</letsmt>
