<?xml version="1.0" encoding="utf-8"?>
<letsmt version="1.0">
<head></head>
<body>
<s id="s1.1">European Medicines Agency Veterinary Medicines and Inspections</s>
<s id="s2.1">London, August 2008 EMEA/ 458933/ 2008</s>
<s id="s3.1">COMMITTEE FOR MEDICINAL PRODUCTS FOR VETERINARY USE (CVMP)</s>
<s id="s4.1">OPINION FOLLOWING AN ARTICLE 34 REFERRAL FOR METHOXASOL-T</s>
<s id="s5.1">BACKGROUND INFORMATION</s>
<s id="s6.1">On 8 September 2006, Germany presented to the EMEA a referral under Article 34 of Directive 2001/ 82/ EC, as amended, concerning Methoxasol-T (including associated names), containing trimethoprim and sulfamethoxazole as active ingredient.</s>
<s id="s7.1">Methoxasol-T was authorised through a national procedure in The Netherlands in 1999, but a marketing authorisation was refused in Germany in 2001.</s>
<s id="s7.2">Germany considered that the efficacy of Methoxasol-T as proposed by the applicant was not adequately justified, therefore resulting in a potential serious risk to the target animals.</s>
<s id="s7.3">An intended application for a marketing authorisation of a generic triggered Germany to submit the referral regarding the divergent decisions taken on Methoxasol-T.</s>
<s id="s8.1">The CVMP started the referral procedure during its meeting of 12-14 September 2006.</s>
<s id="s8.2">The Marketing Authorisation Holder was requested:</s>
<s id="s8.3">1.</s>
<s id="s8.4">To provide the relevant parts of the dossier of each Member State where an application has been submitted and to detail the differences between the dossiers.</s>
<s id="s8.5">2.</s>
<s id="s8.6">To justify compliance of the dossier with respect to the requirements for obtaining a marketing authorisation (Annex I of Directive 2001/ 82/ EC, as amended).</s>
<s id="s8.7">3.</s>
<s id="s8.8">To consider in particular the issues mentioned in the referral notification as the grounds for refusing an authorisation in Germany.</s>
<s id="s8.9">4.</s>
<s id="s8.10">To justify with field data, the use of the product and the adequacy of the recommended dose for each of the claimed indications in pigs and poultry.</s>
<s id="s8.11">For poultry comment was required on the current use of the product, in particular on the dose used or prescribed under field conditions.</s>
<s id="s8.12">5.</s>
<s id="s8.13">To propose and justify with data a suitable shelf life for the product, including an in-use shelf life where relevant.</s>
<s id="s8.14">6.</s>
<s id="s8.15">To propose and justify a harmonised text of the Summary of Product Characteristics (SPC), including posology and method of administration as well as withdrawal periods for pigs and poultry.</s>
<s id="s9.1">The Marketing Authorisation Holder submitted written responses, defending the indications, recommended dose and shelf life, and proposing a harmonised SPC text.</s>
<s id="s9.2">On the basis of the data provided, the CVMP agreed on the following harmonised indications for use: • Pigs: treatment and prevention of respiratory infections caused by Actinobacillus pleuropneumoniae susceptible to trimethoprim and sulfamethoxazole where the disease has been diagnosed in the herd.</s>
<s id="s10.1">7 Westferry Circus, Canary Wharf, London, E14 4HB, UK Tel.</s>
<s id="s10.2">(44-20) 74 18 84 00 Fax (44-20) 74 18 84 47 E-mail: mail@emea. europa. eu http: / /www. emea. europa. eu</s>
<s id="s11.1">© European Medicines Agency, 2008.</s>
<s id="s11.2">Reproduction is authorised provided the source is acknowledged. • Broilers: treatment and prevention of respiratory infections caused by Escherichia coli susceptible to trimethoprim and sulfamethoxazole where the disease has been diagnosed in the flock.</s>
<s id="s12.1">The CVMP recommended in relation to the pharmacokinetic properties described that the inclusion of environmental effects should be deleted.</s>
<s id="s12.2">The CVMP also recommended that the use of the product should be based on culture and sensitivity testing of micro-organisms from diseased cases on farm or from recent previous experience on the farm, as resistance against potentiated sulphonamides may vary.</s>
<s id="s13.1">Having considered the grounds for referral and the responses provided by the Marketing Authorisation Holder, CVMP concluded that the benefit/ risk balance of the product is positive for use in both pigs and broilers subject to recommended changes to the Summary of Product Characteristics and product information, and that the concerns raised by Germany should not prevent the granting of a marketing authorisation.</s>
<s id="s14.1">The CVMP Opinion was adopted on 11 October 2007 and the subsequent Commission Decision on 11 January 2008.</s>
<s id="s15.1">-----------------------------------------------------------------------------</s>
<s id="s16.1">EMEA/ 458933/ 2008-EN</s>
<s id="s17.1">2/ 2</s>
</body>
</letsmt>
