<?xml version="1.0" encoding="utf-8"?>
<letsmt version="1.0">
<head></head>
<body>
<s id="s1.1">European Medicines Agency</s>
<s id="s2.1">19. avgust 2005 CHMP/ 297837/ 2005</s>
<s id="s3.1">ODBOR ZA ZDRAVILA ZA UPORABO V HUMANI MEDICINI MNENJE V ZVEZI Z NAPOTITVIJO V SKLADU S ČLENOM 31</s>
<s id="s4.1">ATOMOKSETIN, CITALOPRAM, ESCITALOPRAM, FLUOKSETIN, FLUVOKSAMIN, MIANSERIN, MILNACIPRAN, MIRTAZAPIN, PAROKSETIN, REBOKSETIN, SERTRALIN IN VENLAFAKSIN</s>
<s id="s5.1">OSNOVNE INFORMACIJE *</s>
<s id="s6.1">Večina zgoraj navedenih medicinskih izdelkov je odobrena za zdravljenje depresije in tesnobe pri odraslih, vendar pa ni odobrena po vsej Evropi za zdravljenje teh stanj pri otrocih ali mladostnikih.</s>
<s id="s6.2">Le nekatera od teh zdravil so odobrena za zdravljenje obsesivno- kompulzivne motnje (OCD) pri otrocih in mladostnikih, atomoksetin pa je odobren za zdravljenje motnje pomanjkljive pozornosti s hiperaktivnostjo (ADHD) pri otrocih in mladostnikih.</s>
<s id="s6.3">Dne 17. decembra 2004 je Evropska komisija na EMEA posredovala napotitev za izvedbo postopka v skladu s členom 31 Direktive 2001/ 83/ ES, kot je bila spremenjena, za zdravila, vsebujoča atomoksetin, citalopram, escitalopram, fluoksetin, fluvoksamin, mianserin, milnacipran, mirtazapin, paroksetin, reboksetin, sertralin in venlafaksin.</s>
<s id="s6.4">Razlogi za napotitev so zadevali tveganje za samomorilno vedenje, vključno s poskusi samomora in samomorilnim razmišljanjem in/ ali povezanim vedenjem, kot so samopoškodovanje, sovražnost in čustvena labilnost, pri otrocih in mladostnikih, zdravljenih z zgoraj navedenimi učinkovinami.</s>
<s id="s6.5">Postopek obravnave se je pričel 20. januarja 2005.</s>
<s id="s6.6">Za poročevalca je bila imenovana dr.</s>
<s id="s6.7">Barbara van Zwieten- Boot, za soporočevalce pa dr.</s>
<s id="s6.8">Gonzalo Calvo Rojas, dr.</s>
<s id="s6.9">Eric Abadie, dr.</s>
<s id="s6.10">Karl Broich in dr.</s>
<s id="s6.11">Julia Dunne.</s>
<s id="s6.12">Pisna pojasnila je imetnik dovoljenja za promet z zdravilom posredoval 22. februarja 2005.</s>
<s id="s6.13">Na podlagi ovrednotenja razpoložljivih podatkov in poročevalčevih poročil o oceni je CHMP dne 21. aprila 2005 sprejel svoje mnenje.</s>
<s id="s6.14">Mnenje je priporočilo vzdrževanje dovoljenj za promet v skladu z dopolnitvami ustreznih poglavij Povzetkov glavnih značilnosti zdravila in Navodil za uporabo, kot je navedeno v Dodatkih III in IV.</s>
<s id="s7.1">Seznam zadevnih imen proizvodov je naveden v Dodatku I.</s>
<s id="s7.2">Znanstveni zaključki so navedeni v Dodatku II.</s>
<s id="s7.3">Končno mnenje je Evropska komisija dne 19. avgusta 2005 spremenila v odločbo.</s>
<s id="s8.1">Opombe:</s>
<s id="s8.2">Informacije v tem dokumentu in Dodatkih odražajo zgolj mnenje CHMP z dne 21. aprila 2005.</s>
<s id="s9.1">Po sprejetju mnenja CHMP so bili dani na razpolago nadaljnji podatki o atomoksetinu.</s>
<s id="s9.2">Te podatke je referenčna država članica (MHRA) ovrednotila in identificirala povečano tveganje za samomorilno razmišljanje in vedenje pri otrocih, zdravljenih z atomoksetinom.</s>
<s id="s9.3">Za atomoksetin bodo v informacije o zdravilu vključena posodobljena opozorila glede tveganja za samomorilno razmišljanje in vedenje.</s>
<s id="s9.4">Za dodatne informacije glejte: http: // www. mhra. gov. uk/ home/ groups/ pl- p/ documents/ drugsafetymessage/ con2018037. pdf</s>
<s id="s10.1">Pristojni organi držav članic bodo nadaljevali z rednim nadziranjem izdelka.</s>
<s id="s11.1">7 Westferry Circus, Canary Wharf, London, E14 4HB, UK Tel.</s>
<s id="s11.2">(44- 20) 74 18 84 00 Fax (44- 20) 74 18 86 68 E- mail: mail@ emea. eu. int http: // www. emea. eu. int ©. EMEA 2005 Reproduction and/ or distribution of this document is authorised for non commercial purposes only provided the EMEA is acknowledged</s>
</body>
</letsmt>
