<?xml version="1.0" encoding="utf-8"?>
<letsmt version="1.0">
<head></head>
<body>
<s id="s1.1">EU številka</s>
<s id="s2.1">Izmišljeno ime</s>
<s id="s3.1">Jakost</s>
<s id="s4.1">Farmacevtska</s>
<s id="s5.1">Ciljna živalska</s>
<s id="s6.1">Način uporabe</s>
<s id="s7.1">Ovojnina</s>
<s id="s8.1">Vsebina</s>
<s id="s9.1">Velikost</s>
<s id="s10.1">Karenca</s>
<s id="s11.1">oblika</s>
<s id="s12.1">vrsta</s>
<s id="s13.1">zdravila</s>
<s id="s14.1">pakiranja</s>
<s id="s15.1">EU/ 2/ 05/ 054/ 001</s>
<s id="s16.1">Profender, kožne kapljice za male mačke</s>
<s id="s17.1">85, 8 mg/ ml prazikvantela &amp; 21, 4 mg/ ml emodepsida</s>
<s id="s18.1">Kožne kapljice, raztopina</s>
<s id="s19.1">Mačke</s>
<s id="s20.1">Nanos na zatilje</s>
<s id="s21.1">Polipropilenska pipeta z navojno zaporko</s>
<s id="s22.1">0, 35 ml</s>
<s id="s23.1">2 pipeti</s>
<s id="s24.1">Navedba ni smiselna</s>
<s id="s25.1">EU/ 2/ 05/ 054/ 002</s>
<s id="s26.1">Profender, kožne kapljice za male mačke</s>
<s id="s27.1">85, 8 mg/ ml prazikvantela &amp; 21, 4 mg/ ml emodepsida</s>
<s id="s28.1">Kožne kapljice, raztopina</s>
<s id="s29.1">Mačke</s>
<s id="s30.1">Nanos na zatilje</s>
<s id="s31.1">Polipropilenska pipeta z navojno zaporko</s>
<s id="s32.1">0, 35 ml</s>
<s id="s33.1">4 pipete</s>
<s id="s34.1">Navedba ni smiselna</s>
<s id="s35.1">EU/ 2/ 05/ 054/ 003</s>
<s id="s36.1">Profender, kožne kapljice za male mačke</s>
<s id="s37.1">85, 8 mg/ ml prazikvantela &amp; 21, 4 mg/ ml emodepsida</s>
<s id="s38.1">Kožne kapljice, raztopina</s>
<s id="s39.1">Mačke</s>
<s id="s40.1">Nanos na zatilje</s>
<s id="s41.1">Polipropilenska pipeta z navojno zaporko</s>
<s id="s42.1">0, 35 ml</s>
<s id="s43.1">12 pipet</s>
<s id="s44.1">Navedba ni smiselna</s>
<s id="s45.1">EU/ 2/ 05/ 054/ 004</s>
<s id="s46.1">Profender, kožne kapljice za male mačke</s>
<s id="s47.1">85, 8 mg/ ml prazikvantela &amp; 21, 4 mg/ ml emodepsida</s>
<s id="s48.1">Kožne kapljice, raztopina</s>
<s id="s49.1">Mačke</s>
<s id="s50.1">Nanos na zatilje</s>
<s id="s51.1">Polipropilenska pipeta z navojno zaporko</s>
<s id="s52.1">0, 35 ml</s>
<s id="s53.1">20 pipet</s>
<s id="s54.1">Navedba ni smiselna</s>
<s id="s55.1">EU/ 2/ 05/ 054/ 005</s>
<s id="s56.1">Profender, kožne kapljice za male mačke</s>
<s id="s57.1">85, 8 mg/ ml prazikvantela &amp; 21, 4 mg/ ml emodepsida</s>
<s id="s58.1">Kožne kapljice, raztopina</s>
<s id="s59.1">Mačke</s>
<s id="s60.1">Nanos na zatilje</s>
<s id="s61.1">Polipropilenska pipeta z navojno zaporko</s>
<s id="s62.1">0, 35 ml</s>
<s id="s63.1">40 pipet</s>
<s id="s64.1">Navedba ni smiselna</s>
<s id="s65.1">EU/ 2/ 05/ 054/ 006</s>
<s id="s66.1">Profender, kožne kapljice za srednje velike mačke</s>
<s id="s67.1">85, 8 mg/ ml prazikvantela &amp; 21, 4 mg/ ml emodepsida</s>
<s id="s68.1">Kožne kapljice, raztopina</s>
<s id="s69.1">Mačke</s>
<s id="s70.1">Nanos na zatilje</s>
<s id="s71.1">Polipropilenska pipeta z navojno zaporko</s>
<s id="s72.1">0, 70 ml</s>
<s id="s73.1">2 pipeti</s>
<s id="s74.1">Navedba ni smiselna</s>
<s id="s75.1">EU/ 2/ 05/ 054/ 007</s>
<s id="s76.1">Profender, kožne kapljice za srednje velike mačke</s>
<s id="s77.1">85, 8 mg/ ml prazikvantela &amp; 21, 4 mg/ ml emodepsida</s>
<s id="s78.1">Kožne kapljice, raztopina</s>
<s id="s79.1">Mačke</s>
<s id="s80.1">Nanos na zatilje</s>
<s id="s81.1">Polipropilenska pipeta z navojno zaporko</s>
<s id="s82.1">0, 70 ml</s>
<s id="s83.1">4 pipete</s>
<s id="s84.1">Navedba ni smiselna</s>
<s id="s85.1">EU številka</s>
<s id="s86.1">Izmišljeno ime</s>
<s id="s87.1">Jakost</s>
<s id="s88.1">Farmacevtska</s>
<s id="s89.1">Ciljna živalska</s>
<s id="s90.1">Način uporabe</s>
<s id="s91.1">Ovojnina</s>
<s id="s92.1">Vsebina</s>
<s id="s93.1">Velikost</s>
<s id="s94.1">Karenca</s>
<s id="s95.1">oblika</s>
<s id="s96.1">vrsta</s>
<s id="s97.1">zdravila</s>
<s id="s98.1">pakiranja</s>
<s id="s99.1">EU/ 2/ 05/ 054/ 008</s>
<s id="s100.1">Profender, kožne</s>
<s id="s101.1">85, 8 mg/ ml</s>
<s id="s102.1">Kožne kapljice,</s>
<s id="s103.1">Mačke</s>
<s id="s104.1">Nanos na zatilje</s>
<s id="s105.1">Polipropilenska</s>
<s id="s106.1">0, 70 ml</s>
<s id="s107.1">12 pipet</s>
<s id="s108.1">Navedba ni</s>
<s id="s109.1">kapljice za</s>
<s id="s110.1">prazikvantela &amp;</s>
<s id="s111.1">raztopina</s>
<s id="s112.1">pipeta z navojno</s>
<s id="s113.1">smiselna</s>
<s id="s114.1">srednje velike mačke</s>
<s id="s115.1">21, 4 mg/ ml emodepsida</s>
<s id="s116.1">zaporko</s>
<s id="s117.1">EU/ 2/ 05/ 054/ 009</s>
<s id="s118.1">Profender, kožne</s>
<s id="s119.1">85, 8 mg/ ml</s>
<s id="s120.1">Kožne kapljice,</s>
<s id="s121.1">Mačke</s>
<s id="s122.1">Nanos na zatilje</s>
<s id="s123.1">Polipropilenska</s>
<s id="s124.1">0, 70 ml</s>
<s id="s125.1">20 pipet</s>
<s id="s126.1">Navedba ni</s>
<s id="s127.1">kapljice za</s>
<s id="s128.1">prazikvantela &amp;</s>
<s id="s129.1">raztopina</s>
<s id="s130.1">pipeta z navojno</s>
<s id="s131.1">smiselna</s>
<s id="s132.1">srednje velike mačke</s>
<s id="s133.1">21, 4 mg/ ml emodepsida</s>
<s id="s134.1">zaporko</s>
<s id="s135.1">EU/ 2/ 05/ 054/ 010</s>
<s id="s136.1">Profender, kožne</s>
<s id="s137.1">85, 8 mg/ ml</s>
<s id="s138.1">Kožne kapljice,</s>
<s id="s139.1">Mačke</s>
<s id="s140.1">Nanos na zatilje</s>
<s id="s141.1">Polipropilenska</s>
<s id="s142.1">0, 70 ml</s>
<s id="s143.1">40 pipet</s>
<s id="s144.1">Navedba ni</s>
<s id="s145.1">kapljice za</s>
<s id="s146.1">prazikvantela &amp;</s>
<s id="s147.1">raztopina</s>
<s id="s148.1">pipeta z navojno</s>
<s id="s149.1">smiselna</s>
<s id="s150.1">srednje velike mačke</s>
<s id="s151.1">21, 4 mg/ ml emodepsida</s>
<s id="s152.1">zaporko</s>
<s id="s153.1">EU/ 2/ 05/ 054/ 011</s>
<s id="s154.1">Profender, kožne</s>
<s id="s155.1">85, 8 mg/ ml</s>
<s id="s156.1">Kožne kapljice,</s>
<s id="s157.1">Mačke</s>
<s id="s158.1">Nanos na zatilje</s>
<s id="s159.1">Polipropilenska</s>
<s id="s160.1">1, 12 ml</s>
<s id="s161.1">80 pipet</s>
<s id="s162.1">Navedba ni</s>
<s id="s163.1">kapljice za</s>
<s id="s164.1">prazikvantela &amp;</s>
<s id="s165.1">raztopina</s>
<s id="s166.1">pipeta z navojno</s>
<s id="s167.1">smiselna</s>
<s id="s168.1">srednje velike mačke</s>
<s id="s169.1">21, 4 mg/ ml emodepsida</s>
<s id="s170.1">zaporko</s>
<s id="s171.1">EU/ 2/ 05/ 054/ 012</s>
<s id="s172.1">Profender, kožne</s>
<s id="s173.1">85, 8 mg/ ml</s>
<s id="s174.1">Kožne kapljice,</s>
<s id="s175.1">Mačke</s>
<s id="s176.1">Nanos na zatilje</s>
<s id="s177.1">Polipropilenska</s>
<s id="s178.1">1, 12 ml</s>
<s id="s179.1">2 pipeti</s>
<s id="s180.1">Navedba ni</s>
<s id="s181.1">kapljice za</s>
<s id="s182.1">prazikvantela &amp;</s>
<s id="s183.1">raztopina</s>
<s id="s184.1">pipeta z navojno</s>
<s id="s185.1">smiselna</s>
<s id="s186.1">velike mačke</s>
<s id="s187.1">21, 4 mg/ ml emodepsida</s>
<s id="s188.1">zaporko</s>
<s id="s189.1">EU/ 2/ 05/ 054/ 013</s>
<s id="s190.1">Profender, kožne 85, 8 mg/ ml kapljice za prazikvantela &amp; velike mačke 21, 4 mg/ ml emodepsida</s>
<s id="s191.1">Kožne kapljice, raztopina</s>
<s id="s192.1">Mačke</s>
<s id="s193.1">Nanos na zatilje</s>
<s id="s194.1">Polipropilenska pipeta z navojno zaporko</s>
<s id="s195.1">1, 12 ml</s>
<s id="s196.1">4 pipete</s>
<s id="s197.1">Navedba ni smiselna</s>
<s id="s198.1">EU/ 2/ 05/ 054/ 014</s>
<s id="s199.1">Profender, kožne 85, 8 mg/ ml kapljice za prazikvantela &amp; velike mačke 21, 4 mg/ ml emodepsida</s>
<s id="s200.1">Kožne kapljice, raztopina</s>
<s id="s201.1">Mačke</s>
<s id="s202.1">Nanos na zatilje</s>
<s id="s203.1">Polipropilenska pipeta z navojno zaporko</s>
<s id="s204.1">1, 12 ml</s>
<s id="s205.1">12 pipet</s>
<s id="s206.1">Navedba ni smiselna</s>
<s id="s207.1">EU/ 2/ 05/ 054/ 015</s>
<s id="s208.1">Profender, kožne 85, 8 mg/ ml kapljice za prazikvantela &amp; velike mačke 21, 4 mg/ ml emodepsida</s>
<s id="s209.1">Kožne kapljice, raztopina</s>
<s id="s210.1">Mačke</s>
<s id="s211.1">Nanos na zatilje</s>
<s id="s212.1">Polipropilenska pipeta z navojno zaporko</s>
<s id="s213.1">1, 12 ml</s>
<s id="s214.1">20 pipet</s>
<s id="s215.1">Navedba ni smiselna</s>
<s id="s216.1">2/ 4</s>
<s id="s217.1">EU številka</s>
<s id="s218.1">Izmišljeno ime</s>
<s id="s219.1">Jakost</s>
<s id="s220.1">Farmacevtska</s>
<s id="s221.1">Ciljna živalska</s>
<s id="s222.1">Način uporabe</s>
<s id="s223.1">Ovojnina</s>
<s id="s224.1">Vsebina</s>
<s id="s225.1">Velikost</s>
<s id="s226.1">Karenca</s>
<s id="s227.1">oblika</s>
<s id="s228.1">vrsta</s>
<s id="s229.1">zdravila</s>
<s id="s230.1">pakiranja</s>
<s id="s231.1">EU/ 2/ 05/ 054/ 016</s>
<s id="s232.1">Profender, kožne 85, 8 mg/ ml kapljice za prazikvantela &amp; velike mačke 21, 4 mg/ ml emodepsida</s>
<s id="s233.1">Kožne kapljice, raztopina</s>
<s id="s234.1">Mačke</s>
<s id="s235.1">Nanos na zatilje</s>
<s id="s236.1">Polipropilenska pipeta z navojno zaporko</s>
<s id="s237.1">1, 12 ml</s>
<s id="s238.1">40 pipet</s>
<s id="s239.1">Navedba ni smiselna</s>
<s id="s240.1">EU/ 2/ 05/ 054/ 017</s>
<s id="s241.1">Profender, kožne 85, 8 mg/ ml kapljice za prazikvantela &amp; mačke 21, 4 mg/ ml emodepsida</s>
<s id="s242.1">Kožne kapljice, raztopina</s>
<s id="s243.1">Mačke</s>
<s id="s244.1">Nanos na zatilje</s>
<s id="s245.1">Steklenica</s>
<s id="s246.1">14 ml</s>
<s id="s247.1">1 steklenica</s>
<s id="s248.1">Navedba ni smiselna</s>
<s id="s249.1">EU/ 2/ 05/ 054/ 018</s>
<s id="s250.1">Profender tablete</s>
<s id="s251.1">15 mg</s>
<s id="s252.1">Tableta s</s>
<s id="s253.1">Psi</s>
<s id="s254.1">Peroralna</s>
<s id="s255.1">Pretisni omot</s>
<s id="s256.1">-</s>
<s id="s257.1">2 tableti</s>
<s id="s258.1">Navedba ni</s>
<s id="s259.1">za majhne pse prazikvantela &amp; 3 mg emodepsida</s>
<s id="s260.1">prirejenim sproščanje</s>
<s id="s261.1">uporaba</s>
<s id="s262.1">(alu/ alu)</s>
<s id="s263.1">smiselna</s>
<s id="s264.1">EU/ 2/ 05/ 054/ 019</s>
<s id="s265.1">Profender tablete</s>
<s id="s266.1">15 mg</s>
<s id="s267.1">Tableta s</s>
<s id="s268.1">Psi</s>
<s id="s269.1">Peroralna</s>
<s id="s270.1">Pretisni omot</s>
<s id="s271.1">-</s>
<s id="s272.1">4 tablete</s>
<s id="s273.1">Navedba ni</s>
<s id="s274.1">za majhne pse prazikvantela &amp; 3 mg emodepsida</s>
<s id="s275.1">prirejenim sproščanje</s>
<s id="s276.1">uporaba</s>
<s id="s277.1">(alu/ alu)</s>
<s id="s278.1">smiselna</s>
<s id="s279.1">EU/ 2/ 05/ 054/ 020</s>
<s id="s280.1">Profender tablete</s>
<s id="s281.1">15 mg</s>
<s id="s282.1">Tableta s</s>
<s id="s283.1">Psi</s>
<s id="s284.1">Peroralna</s>
<s id="s285.1">Pretisni omot</s>
<s id="s286.1">-</s>
<s id="s287.1">10 tablet</s>
<s id="s288.1">Navedba ni</s>
<s id="s289.1">za majhne pse prazikvantela &amp; 3 mg emodepsida</s>
<s id="s290.1">prirejenim sproščanje</s>
<s id="s291.1">uporaba</s>
<s id="s292.1">(alu/ alu)</s>
<s id="s293.1">smiselna</s>
<s id="s294.1">EU/ 2/ 05/ 054/ 021</s>
<s id="s295.1">Profender tablete</s>
<s id="s296.1">15 mg</s>
<s id="s297.1">Tableta s</s>
<s id="s298.1">Psi</s>
<s id="s299.1">Peroralna</s>
<s id="s300.1">Pretisni omot</s>
<s id="s301.1">-</s>
<s id="s302.1">24 tablet</s>
<s id="s303.1">Navedba ni</s>
<s id="s304.1">za majhne pse prazikvantela &amp; 3 mg emodepsida</s>
<s id="s305.1">prirejenim sproščanje</s>
<s id="s306.1">uporaba</s>
<s id="s307.1">(alu/ alu)</s>
<s id="s308.1">smiselna</s>
<s id="s309.1">EU/ 2/ 05/ 054/ 022</s>
<s id="s310.1">Profender tablete</s>
<s id="s311.1">15 mg</s>
<s id="s312.1">Tableta s</s>
<s id="s313.1">Psi</s>
<s id="s314.1">Peroralna</s>
<s id="s315.1">Pretisni omot</s>
<s id="s316.1">-</s>
<s id="s317.1">50 tablet</s>
<s id="s318.1">Navedba ni</s>
<s id="s319.1">za majhne pse prazikvantela &amp; 3 mg emodepsida</s>
<s id="s320.1">prirejenim sproščanje</s>
<s id="s321.1">uporaba</s>
<s id="s322.1">(alu/ alu)</s>
<s id="s323.1">smiselna</s>
<s id="s324.1">EU/ 2/ 05/ 054/ 023</s>
<s id="s325.1">Profender tablete</s>
<s id="s326.1">50 mg</s>
<s id="s327.1">Tableta s</s>
<s id="s328.1">Psi</s>
<s id="s329.1">Peroralna</s>
<s id="s330.1">Pretisni omot</s>
<s id="s331.1">-</s>
<s id="s332.1">2 tableti</s>
<s id="s333.1">Navedba ni</s>
<s id="s334.1">za srednje velike prazikvantela &amp; pse 10 mg emodepsida</s>
<s id="s335.1">prirejenim sproščanje</s>
<s id="s336.1">uporaba</s>
<s id="s337.1">(alu/ alu)</s>
<s id="s338.1">smiselna</s>
<s id="s339.1">EU/ 2/ 05/ 054/ 024</s>
<s id="s340.1">Profender tablete</s>
<s id="s341.1">50 mg</s>
<s id="s342.1">Tableta s</s>
<s id="s343.1">Psi</s>
<s id="s344.1">Peroralna</s>
<s id="s345.1">Pretisni omot</s>
<s id="s346.1">-</s>
<s id="s347.1">4 tablete</s>
<s id="s348.1">Navedba ni</s>
<s id="s349.1">za srednje velike prazikvantela &amp; pse 10 mg emodepsida</s>
<s id="s350.1">prirejenim sproščanje</s>
<s id="s351.1">uporaba</s>
<s id="s352.1">(alu/ alu)</s>
<s id="s353.1">smiselna</s>
<s id="s354.1">3/ 4</s>
<s id="s355.1">EU številka</s>
<s id="s356.1">Izmišljeno ime</s>
<s id="s357.1">Jakost</s>
<s id="s358.1">Farmacevtska</s>
<s id="s359.1">Ciljna živalska</s>
<s id="s360.1">Način uporabe</s>
<s id="s361.1">Ovojnina</s>
<s id="s362.1">Vsebina</s>
<s id="s363.1">Velikost</s>
<s id="s364.1">Karenca</s>
<s id="s365.1">oblika</s>
<s id="s366.1">vrsta</s>
<s id="s367.1">zdravila</s>
<s id="s368.1">pakiranja</s>
<s id="s369.1">EU/ 2/ 05/ 054/ 025</s>
<s id="s370.1">Profender tablete</s>
<s id="s371.1">50 mg</s>
<s id="s372.1">Tableta s</s>
<s id="s373.1">Psi</s>
<s id="s374.1">Peroralna</s>
<s id="s375.1">Pretisni omot</s>
<s id="s376.1">-</s>
<s id="s377.1">6 tablet</s>
<s id="s378.1">Navedba ni</s>
<s id="s379.1">za srednje velike prazikvantela &amp; pse 10 mg emodepsida</s>
<s id="s380.1">prirejenim sproščanje</s>
<s id="s381.1">uporaba</s>
<s id="s382.1">(alu/ alu)</s>
<s id="s383.1">smiselna</s>
<s id="s384.1">EU/ 2/ 05/ 054/ 026</s>
<s id="s385.1">Profender tablete</s>
<s id="s386.1">50 mg</s>
<s id="s387.1">Tableta s</s>
<s id="s388.1">Psi</s>
<s id="s389.1">Peroralna</s>
<s id="s390.1">Pretisni omot</s>
<s id="s391.1">-</s>
<s id="s392.1">24 tablet</s>
<s id="s393.1">Navedba ni</s>
<s id="s394.1">za srednje velike prazikvantela &amp; pse 10 mg emodepsida</s>
<s id="s395.1">prirejenim sproščanje</s>
<s id="s396.1">uporaba</s>
<s id="s397.1">(alu/ alu)</s>
<s id="s398.1">smiselna</s>
<s id="s399.1">EU/ 2/ 05/ 054/ 027</s>
<s id="s400.1">Profender tablete</s>
<s id="s401.1">50 mg</s>
<s id="s402.1">Tableta s</s>
<s id="s403.1">Psi</s>
<s id="s404.1">Peroralna</s>
<s id="s405.1">Pretisni omot</s>
<s id="s406.1">-</s>
<s id="s407.1">102 tableti</s>
<s id="s408.1">Navedba ni</s>
<s id="s409.1">za srednje velike prazikvantela &amp; pse 10 mg emodepsida</s>
<s id="s410.1">prirejenim sproščanje</s>
<s id="s411.1">uporaba</s>
<s id="s412.1">(alu/ alu)</s>
<s id="s413.1">smiselna</s>
<s id="s414.1">EU/ 2/ 05/ 054/ 028</s>
<s id="s415.1">Profender tablete</s>
<s id="s416.1">150 mg</s>
<s id="s417.1">Tableta s</s>
<s id="s418.1">Psi</s>
<s id="s419.1">Peroralna</s>
<s id="s420.1">Pretisni omot</s>
<s id="s421.1">-</s>
<s id="s422.1">2 tableti</s>
<s id="s423.1">Navedba ni</s>
<s id="s424.1">za velike pse prazikvantela &amp; 30 mg emodepsida</s>
<s id="s425.1">prirejenim sproščanje</s>
<s id="s426.1">uporaba</s>
<s id="s427.1">(alu/ alu)</s>
<s id="s428.1">smiselna</s>
<s id="s429.1">EU/ 2/ 05/ 054/ 029</s>
<s id="s430.1">Profender tablete</s>
<s id="s431.1">150 mg</s>
<s id="s432.1">Tableta s</s>
<s id="s433.1">Psi</s>
<s id="s434.1">Peroralna</s>
<s id="s435.1">Pretisni omot</s>
<s id="s436.1">-</s>
<s id="s437.1">4 tablete</s>
<s id="s438.1">Navedba ni</s>
<s id="s439.1">za velike pse prazikvantela &amp; 30 mg emodepsida</s>
<s id="s440.1">prirejenim sproščanje</s>
<s id="s441.1">uporaba</s>
<s id="s442.1">(alu/ alu)</s>
<s id="s443.1">smiselna</s>
<s id="s444.1">EU/ 2/ 05/ 054/ 030</s>
<s id="s445.1">Profender tablete</s>
<s id="s446.1">150 mg</s>
<s id="s447.1">Tableta s</s>
<s id="s448.1">Psi</s>
<s id="s449.1">Peroralna</s>
<s id="s450.1">Pretisni omot</s>
<s id="s451.1">-</s>
<s id="s452.1">24 tablet</s>
<s id="s453.1">Navedba ni</s>
<s id="s454.1">za velike pse prazikvantela &amp; 30 mg emodepsida</s>
<s id="s455.1">prirejenim sproščanje</s>
<s id="s456.1">uporaba</s>
<s id="s457.1">(alu/ alu)</s>
<s id="s458.1">smiselna</s>
<s id="s459.1">EU/ 2/ 05/ 054/ 031</s>
<s id="s460.1">Profender tablete</s>
<s id="s461.1">150 mg</s>
<s id="s462.1">Tableta s</s>
<s id="s463.1">Psi</s>
<s id="s464.1">Peroralna</s>
<s id="s465.1">Pretisni omot</s>
<s id="s466.1">-</s>
<s id="s467.1">52 tablet</s>
<s id="s468.1">Navedba ni</s>
<s id="s469.1">za velike pse prazikvantela &amp; 30 mg emodepsida</s>
<s id="s470.1">prirejenim sproščanje</s>
<s id="s471.1">uporaba</s>
<s id="s472.1">(alu/ alu)</s>
<s id="s473.1">smiselna</s>
<s id="s474.1">4/ 4</s>
</body>
</letsmt>
