<?xml version="1.0" encoding="utf-8"?>
<letsmt version="1.0">
<head></head>
<body>
<s id="s1.1">European Medicines Agency Veterinary Medicines</s>
<s id="s2.1">EMEA/ V/ C/ 125</s>
<s id="s3.1">EVROPSKO JAVNO POROČILO O OCENI ZDRAVILA (EPAR)</s>
<s id="s4.1">NOBILIS INFLUENZA H5N6</s>
<s id="s5.1">Povzetek EPAR za javnost</s>
<s id="s6.1">Ta dokument je povzetek Evropskega javnega poročila o oceni zdravila (EPAR).</s>
<s id="s6.2">Njegov namen je pojasniti, kako je Odbor za zdravila za uporabo v veterinarski medicini (CVMP) ocenil predloženo dokumentacijo, na podlagi česar je oblikoval priporočila glede uporabe zdravila.</s>
<s id="s6.3">Če potrebujete več informacij o uporabi tega izdelka, se posvetujte z vašim nacionalnim veterinarskim organom.</s>
<s id="s6.4">Če želite več informacij o podlagi za priporočila CVMP, preberite znanstveno razpravo (ki je prav tako del EPAR).</s>
<s id="s7.1">Kaj je zdravilo Nobilis Influenza H5N6?</s>
<s id="s8.1">Zdravilo Nobilis Influenza H5N6 je cepivo, ki vsebuje inaktivirani virus aviarne influence H5N6 (inaktiviran pomeni, da je bil virus ubit, zaradi česar ne more več povzročiti bolezni).</s>
<s id="s9.1">Za kaj se zdravilo Nobilis Influenza H5N6 uporablja?</s>
<s id="s10.1">Zdravilo Nobilis Influenza H5N6 je cepivo, ki se uporablja pri piščancih za zaščito pred aviarno influenco.</s>
<s id="s10.2">Cepivo zmanjšuje znake gripe in izločanje virusa pri okuženih pticah.</s>
<s id="s10.3">Cepivo se injicira intramuskularno (v mišico) ali subkutano (pod kožo).</s>
<s id="s11.1">Cepivo se bo uporabljalo le kot del odobrenega nacionalnega programa za nadzor bolezni.</s>
<s id="s11.2">Nadzor nad aviarno influenco je namreč v pristojnosti nacionalnih veterinarskih organov v povezavi z Evropsko komisijo.</s>
<s id="s12.1">Kako zdravilo Nobilis Influenza H5N6 deluje?</s>
<s id="s13.1">Zdravilo Nobilis Influenza H5N6 je cepivo.</s>
<s id="s13.2">Ko ga piščanec prejme, se imunski sistem ptic (njihov naravni obrambni mehanizem) nauči tvoriti protitelesa (posebno vrsto beljakovine) za boj proti bolezni.</s>
<s id="s13.3">Če bodo ptice v prihodnosti izpostavljene virusu aviarne influence, bo njihov imunski sistem ta protitelesa tvoril hitreje in to jim bo pomagalo v boju proti bolezni.</s>
<s id="s14.1">Virus, uporabljen za cepivo, vsebuje antigena H5 (hemaglutinin 5) in N6 (nevraminidaza 6).</s>
<s id="s14.2">To pomeni, da tvorijo cepljene ptice protitelesa proti tema dvema antigenoma.</s>
<s id="s14.3">Ta sev je bil izbran, ker varuje ptice pred virulentnimi divjimi sevi H5N1 (navzkrižna zaščita), hkrati pa omogoča razlikovanje cepljenih ptic od okuženih ptic.</s>
<s id="s14.4">Cepljene ptice je mogoče razlikovati od okuženih ptic z diagnostičnim testom za protitelesa proti sestavini N6.</s>
<s id="s14.5">Razlikovanje je pomembno za spremljanje in nadzor bolezni.</s>
<s id="s15.1">7 Westferry Circus, Canary Wharf, London E14 4HB, UK Tel.</s>
<s id="s15.2">(44- 20) 74 18 84 00 Fax (44- 20) 74 18 84 47 E- mail: mail@ emea. europa. eu http: // www. emea. europa. eu ©EMEA European Medicines Agency, 2008.</s>
<s id="s15.3">Reproduction is authorised provided the source is acknowledged Kako je bilo zdravilo Nobilis Influenza H5N6 raziskano?</s>
<s id="s16.1">Podjetje je izvedlo laboratorijske raziskave o varnosti v katerih je uporabilo cepivo, ki je zelo podobno zdravilu Nobilis Influenza H5N6.</s>
<s id="s16.2">To cepivo ima nekaj enakih sestavin, vendar različne antigene (viruse), od katerih se dva proizvajata po istem postopku, kot se uporablja za antigen aviarne influence zdravila Nobilis Influenza.</s>
<s id="s16.3">Preizkušena je bila tudi varnost treh standardnih proizvodnih serij zdravila Nobilis Influenza H5N6.</s>
<s id="s17.1">Raziskave so se izvajale na en dan starih in 2 do 4 tedne starih piščancih, ki niso bili okuženi.</s>
<s id="s17.2">Podatki o učinkovitosti cepiva so temeljili na objavljenih znanstvenih razpravah in internih poročilih podjetja.</s>
<s id="s17.3">Vključevali so tudi raziskave na drugih vrstah ptic (race, purani, fazani) in raziskave z uporabo subkutanega ali intramuskularnega načina dajanja.</s>
<s id="s18.1">Cepivo je bilo ocenjeno v izrednih razmerah, kar pomeni, da nadaljnje raziskave z zdravilom Nobilis Influenza H5N6 še vedno potekajo in bodo ovrednotene v prihodnosti.</s>
<s id="s19.1">Kakšne koristi je zdravilo Nobilis Influenza H5N6 izkazalo med raziskavami?</s>
<s id="s20.1">• Rezultati raziskav o varnosti so pokazali, da je izdelek varen za piščance.</s>
<s id="s20.2">Ob primerjavi subkutanega in intramuskularnega načina dajanja zdravila se je izkazalo, da so bili odzivi enaki. • Dokazano je bilo, da cepivo preprečuje klinične znake in umrljivost ter zmanjšuje izločanje virusa pri okuženih piščancih. • Cepivo je sposobno spodbuditi nastajanje protiteles pri številnih vrstah ptic. • Če ima krožeči divji virus aviarne influence sestavino N, ki se razlikuje od sestavine N6 v cepivu, lahko cepljene ptice razlikujemo od okuženih z diagnostičnim testom za odkrivanje protiteles proti nevraminidazi.</s>
<s id="s21.1">Kakšna tveganja so povezana z zdravilom Nobilis Influenza H5N6?</s>
<s id="s22.1">Tako kot pri mnogih cepivih z dodatki (adjuvansi) lahko na mestu cepljenja nastane oteklina, ki lahko ostane približno 14 dni.</s>
<s id="s23.1">Kakšne previdnostne ukrepe mora upoštevati oseba, ki daje zdravilo ali pride v stik z živaljo?</s>
<s id="s24.1">Cepivo vsebuje tekoči parafin.</s>
<s id="s24.2">Oseba, ki daje cepivo, mora paziti, da si zdravila po nesreči ne samo - injicira.</s>
<s id="s25.1">Koliko časa je potrebno počakati, preden se žival lahko zakolje in meso uporabi za prehrano ljudi (karenca)?</s>
<s id="s26.1">Nič dni.</s>
<s id="s27.1">Cepivo ne vsebuje učinkovin, ki bi lahko predstavljale tveganje za ljudi, ki zaužijejo meso cepljenih ptic.</s>
<s id="s28.1">Stran 2. od 3 ©EMEA 2008 Zakaj je bilo zdravilo Nobilis Influenza H5N6 odobreno?</s>
<s id="s29.1">Odbor za zdravila za uporabo v veterinarski medicini je sklenil, da je bila dokazana učinkovitost cepiva pri preprečevanju kliničnih bolezni pri perutnini in je lahko uporaben pripomoček pri nadzorovanju izbruha okužbe z aviarno influenco.</s>
<s id="s29.2">Zaradi trenutne epidemiološke situacije v zvezi z aviarno influenco in posledične grožnje za zdravje ljudi in živali je odbor priporočil odobritev dovoljenja za promet z zdravilom.</s>
<s id="s29.3">Razmerje med koristmi in tveganji najdete v modulu 6 tega Evropskega javnega poročila o oceni zdravila (EPAR).</s>
<s id="s30.1">Zdravilo Nobilis Influenza H5N6 je bilo odobreno v » izjemnih okoliščinah «.</s>
<s id="s30.2">To pomeni, da o izdelku še ni bilo mogoče pridobiti vseh podatkov.</s>
<s id="s30.3">Evropska agencija za zdravila (EMEA) bo pregledala dodatne informacije, ki bodo dane na razpolago glede na sprejet časovni načrt, in bo po potrebi dopolnila ta povzetek.</s>
<s id="s31.1">Druge informacije o zdravilu Nobilis Influenza H5N6:</s>
<s id="s32.1">Evropska komisija je dovoljenje za promet z zdravilom Nobilis Influenza H5N6, veljavno po vsej Evropski uniji, odobrila družbi Intervet International BV dne 31. 01. 2008.</s>
<s id="s33.1">Ta povzetek je bil nazadnje posodobljen 31. 01. 2008.</s>
<s id="s34.1">Stran 3. od 3 ©EMEA 2008</s>
</body>
</letsmt>
