<?xml version="1.0" encoding="utf-8"?>
<letsmt version="1.0">
<head></head>
<body>
<s id="s1.1">DODATEK I</s>
<s id="s2.1">POVZETEK GLAVNIH ZNAČILNOSTI ZDRAVILA</s>
<s id="s3.1">1 1.</s>
<s id="s3.2">IME ZDRAVILA ZA UPORABO V VETERINARSKI MEDICINI</s>
<s id="s4.1">Nobilis Influenza H5N6, emulzija za injiciranje za piščance</s>
<s id="s5.1">2.</s>
<s id="s5.2">KAKOVOSTNA IN KOLIČINSKA SESTAVA</s>
<s id="s6.1">En odmerek po 0, 5 ml vsebuje:</s>
<s id="s7.1">Zdravilna učinkovina:</s>
<s id="s7.2">Inaktivirani antigen podtipa virusa aviarne influence H5 (sev H5N6, A/ raca/ Potsdam/ 2243/ 84), ki vzbudi titer HI ≥ 6, 0 log2 pri preizkusu učinkovitosti.</s>
<s id="s8.1">Adjuvans:</s>
<s id="s8.2">Redko tekoči parafin, 234, 8 mg/ 0, 5 ml</s>
<s id="s9.1">Za celoten seznam pomožnih snovi glejte poglavje 6. 1.</s>
<s id="s10.1">3.</s>
<s id="s10.2">FARMACEVTSKA OBLIKA</s>
<s id="s11.1">Emulzija za injiciranje</s>
<s id="s12.1">4.</s>
<s id="s12.2">KLINIČNI PODATKI</s>
<s id="s13.1">4. 1 Ciljne živalske vrste</s>
<s id="s14.1">Piščanci</s>
<s id="s15.1">4. 2 Indikacije za uporabo pri ciljnih živalskih vrstah</s>
<s id="s16.1">Aktivna imunizacija piščancev proti aviarni influenci tipa A, podtip H5.</s>
<s id="s17.1">Klinični znaki, umrljivost in izločanje virusa so se po provokaciji z virulentnim sevom H5N1 zmanjšali v dveh tednih po cepljenju z enim odmerkom.</s>
<s id="s18.1">Pokazalo se je, da trajajo pri piščancih zaščitne ravni protiteles v serumu najmanj 7 mesecev, študije z drugimi cepnimi sevi pa so pokazale, da bi bila pri piščancih po dveh odmerkih cepiva protitelesa v serumu predvidoma prisotna najmanj 12 mesecev.</s>
<s id="s19.1">4. 3 Kontraindikacije</s>
<s id="s20.1">Niso znane.</s>
<s id="s21.1">4. 4.</s>
<s id="s21.2">Posebna opozorila za vsako ciljno živalsko vrsto</s>
<s id="s22.1">Raven dosežene učinkovitosti je lahko različna glede na stopnjo antigenske homologije med cepnim sevom in sevi na terenu.</s>
<s id="s23.1">Varnost cepiva je testirana pri piščancih, o njegovi varnosti pri racah pa je na voljo nekaj spremljajočih podatkov.</s>
<s id="s23.2">Če ga uporabljamo pri drugih vrstah ptic, za katere menimo, da je pri njih povečano tveganje okužbe, ga moramo uporabljati previdno, pred množičnim cepljenjem pa ga je priporočljivo preskusiti na majhnem številu ptic.</s>
<s id="s23.3">Učinkovitost pri drugih vrstah ptic se lahko razlikuje od učinkovitosti pri piščancih.</s>
<s id="s24.1">2 4. 5 Posebni previdnostni ukrepi</s>
<s id="s25.1">Posebni previdnostni ukrepi za uporabo pri živalih</s>
<s id="s26.1">Jih ni.</s>
<s id="s27.1">Posebni previdnostni ukrepi, ki jih mora izvajati oseba, ki živalim daje zdravilo</s>
<s id="s28.1">Namenjeno uporabniku:</s>
<s id="s28.2">Zdravilo vsebuje mineralno olje.</s>
<s id="s28.3">Nenamerno injiciranje/ samo- injiciranje lahko povzroči hude bolečine in otekline, zlasti ob injiciranju v sklep ali prst, in lahko v izjemnih primerih, če ni zagotovljena takojšnja zdravniška oskrba, privede do izgube prizadetega prsta.</s>
<s id="s28.4">Če vam je bil ta izdelek nenamerno injiciran, se takoj posvetujte z zdravnikom, čeprav je bila injicirana le majhna količina, in mu pokažite navodilo za uporabo.</s>
<s id="s28.5">Če bolečina ne popusti po 12 urah po zdravniškem pregledu, se ponovno posvetujte z zdravnikom.</s>
<s id="s29.1">Namenjeno zdravniku:</s>
<s id="s29.2">Zdravilo vsebuje mineralno olje.</s>
<s id="s29.3">Čeprav je bila injicirana le majhna količina, lahko nenamerno injiciranje tega zdravila povzroči močno oteklino, ki lahko na primer privede do ishemične nekroze ter celo do izgube prsta.</s>
<s id="s29.4">Potreben je strokoven, TAKOJŠEN, kirurški poseg ter morda tudi takojšnja incizija in izpiranje injiciranega mesta, zlasti če so prizadete tudi kite ali mehka tkiva prsta.</s>
<s id="s30.1">4. 6 Neželeni učinki (pogostost in resnost)</s>
<s id="s31.1">Pri 50% živali lahko na mestu vboda nastane prehodna, difuzna oteklina, ki traja približno 14 dni.</s>
<s id="s32.1">4. 7 Uporaba v obdobju brejosti, laktacije ali nesnosti</s>
<s id="s33.1">Ni podatkov o varnosti cepiva pri pticah v obdobju nesnosti.</s>
<s id="s34.1">4. 8 Medsebojno delovanje z drugimi zdravili in druge oblike interakcij</s>
<s id="s35.1">Ni podatkov o varnosti ter učinkovitosti ob sočasni uporabi tega cepiva s katerim koli drugim.</s>
<s id="s35.2">Zato odsvetujemo uporabo katerega koli cepiva v obdobju 14 dni pred ali po cepljenju s tem izdelkom.</s>
<s id="s36.1">4. 9 Odmerjanje in pot uporabe</s>
<s id="s37.1">Za subkutano in intramuskularno uporabo.</s>
<s id="s38.1">Cepivo ogrejte na 15 °C – 25 °C in ga pred uporabo dobro pretresite.</s>
<s id="s38.2">Uporabite sterilne brizge in igle.</s>
<s id="s38.3">Priporočamo uporabo zaprtega sistema za cepljenje z večtočkovnim vbrizgom.</s>
<s id="s39.1">Piščanci Od 8 do 14 dni starosti:</s>
<s id="s39.2">0, 25 ml subkutano</s>
<s id="s40.1">Od 14 dni do 6 tednov starosti:</s>
<s id="s40.2">0, 25 ali 0, 5 ml subkutano ali intramuskularno</s>
<s id="s41.1">Stari 6 tednov in starejši:</s>
<s id="s41.2">0, 5 ml subkutano ali intramuskularno</s>
<s id="s42.1">Pri bodočih nesnicah in matičnih jatah moramo cepljenje ponoviti 4 do 6 tednov po prvem cepljenju.</s>
<s id="s43.1">Ni podatkov o cepljenju v prisotnosti materinih protiteles.</s>
<s id="s43.2">Imunizacijo potomcev cepljenih ptic je zato treba odložiti, dokler se količina protiteles ne zmanjša.</s>
<s id="s44.1">3 4. 10 Preveliko odmerjanje (simptomi, nujni ukrepi, protistrupi) (če je potrebno)</s>
<s id="s45.1">Po vnosu dvojnega odmerka niso zasledili drugačnih neželenih učinkov, kot so opisani v poglavju 4. 6.</s>
<s id="s46.1">4. 11 Karenca</s>
<s id="s47.1">Nič dni.</s>
<s id="s48.1">5.</s>
<s id="s48.2">IMUNOLOŠKE LASTNOSTI</s>
<s id="s49.1">Farmakoterapevtska skupina: inaktivirano cepivo, oznaka ATC vet:</s>
<s id="s49.2">QI01AA23</s>
<s id="s50.1">Cepivo vzbudi aktivno imunost proti virusu aviarne influence tipa A, podtip H5.</s>
<s id="s51.1">Če ima divji virus aviarne influence sestavino N, ki se razlikuje od sestavine N6 v cepivu, lahko cepljene ptice razlikujemo od okuženih z diagnostičnim testom za odkrivanje protiteles proti nevraminidazi.</s>
<s id="s52.1">6.</s>
<s id="s52.2">FARMACEVTSKI PODATKI</s>
<s id="s53.1">6. 1.</s>
<s id="s53.2">Seznam pomožnih snovi</s>
<s id="s54.1">redko tekoči parafin polisorbat 80 sorbitan monooleat glicin</s>
<s id="s55.1">6. 2 Inkompatibilnosti</s>
<s id="s56.1">Ne mešajte z nobenim drugim zdravilom.</s>
<s id="s57.1">6. 3 Rok uporabnosti</s>
<s id="s58.1">Viale iz PET:</s>
<s id="s58.2">2 leti Steklene viale:</s>
<s id="s58.3">1 leto</s>
<s id="s59.1">Načeto zdravilo porabite v 8 urah, če izdelek ni bil izpostavljen zelo visoki temperaturi ali kontaminiran.</s>
<s id="s60.1">6. 4.</s>
<s id="s60.2">Posebna navodila za shranjevanje</s>
<s id="s61.1">Shranjujte v hladilniku (2 °C do 8 °C).</s>
<s id="s61.2">Zdravilo ne sme zmrzniti</s>
<s id="s62.1">6. 5 Vrsta ovojnine in vsebina</s>
<s id="s63.1">Stekleničke po 250 ml ali 500 ml iz stekla tipa II ali plastenke po 250 ml ali 500 ml iz polietilen tereftalata (PET).</s>
<s id="s63.2">Stekleničke in plastenke so zaprte z zamaški iz nitrilne gume in zatesnjene z aluminijastimi zaporkami s šifro.</s>
<s id="s64.1">Ni nujno, da so v prometu vsa navedena pakiranja</s>
<s id="s65.1">6. 6 Posebni varnostni ukrepi za odstranjevanje neporabljenega zdravila ali odpadnih snovi</s>
<s id="s66.1">Vsako neporabljeno zdravilo za uporabo v veterinarski medicini ali odpadne snovi, ki nastanejo iz teh zdravil, je treba odstraniti v skladu z lokalnimi predpisi.</s>
<s id="s67.1">4 7.</s>
<s id="s67.2">IMETNIK( I) DOVOLJENJ( A) ZA PROMET</s>
<s id="s68.1">Intervet International B. V.</s>
<s id="s68.2">Wim de Körverstraat 35 5831 AN Boxmeer Nizozemska</s>
<s id="s69.1">8.</s>
<s id="s69.2">ŠTEVILKA( E) DOVOLJENJ( A) ZA PROMET</s>
<s id="s70.1">EU/ 2/ 07/ 076/ 001- 004</s>
<s id="s71.1">9.</s>
<s id="s71.2">DATUM PRIDOBITVE/ PODALJŠANJA DOVOLJENJA ZA PROMET</s>
<s id="s72.1">31. 01. 2008</s>
<s id="s73.1">10.</s>
<s id="s73.2">DATUM REVIZIJE BESEDILA</s>
<s id="s74.1">31. 01. 2008</s>
<s id="s75.1">PREPOVED PRODAJE, OSKRBE IN/ ALI UPORABE</s>
<s id="s76.1">Uvoz, prodaja, oskrba in/ ali uporaba Nobilisa Influenza H5N6 je ali je lahko prepovedana v nekaterih državah članicah na njihovem celotnem ozemlju ali delu ozemlja v skladu z nacionalnim programom zdravstvenega varstva živali.</s>
<s id="s76.2">Vsakdo, ki namerava uvažati, prodajati, oskrbovati in/ ali uporabljati Nobilis Influenza H5N6, se mora posvetovati s pristojnimi organi posamezne države članice o veljavnih programih cepljenja še pred uvozom, prodajo, oskrbo in/ ali uporabo.</s>
<s id="s77.1">Uporaba tega zdravila za uporabo v veterinarski medicini je dovoljena samo v posebnih razmerah, ki so opredeljene v zakonodaji Evropske skupnosti za nadzor nad aviarno influenco.</s>
<s id="s78.1">Podrobne informacije o tem zdravilu za uporabo v veterinarski medicini so na voljo na spletni strani Evropske agencije za zdravila (European Medicines Agency, EMEA) http: // www. emea. europa. eu.</s>
<s id="s79.1">5 DODATEK II</s>
<s id="s80.1">A.</s>
<s id="s80.2">IZDELOVALCI BIOLOŠKE ZDRAVILNE UČINKOVINE IN IMETNIK DOVOLJENJA ZA IZDELAVO ZDRAVILA, ODGOVOREN ZA SPROŠČANJE SERIJE</s>
<s id="s81.1">B.</s>
<s id="s81.2">POGOJI DOVOLJENJA ZA PROMET Z ZDRAVILOM TER OMEJITVE GLEDE OSKRBE IN UPORABE</s>
<s id="s82.1">C.</s>
<s id="s82.2">POGOJI DOVOLJENJA ZA PROMET Z ZDRAVILOM TER OMEJITVE GLEDE VARNE IN UČINKOVITE UPORABE</s>
<s id="s83.1">D.</s>
<s id="s83.2">NAVEDBA NAJVIŠJIH DOVOLJENIH KOLIČIN ZAOSTANKOV ZDRAVILA (MRL)</s>
<s id="s84.1">E.</s>
<s id="s84.2">POSEBNE ZAHTEVE, KI JIH MORA IZPOLNITI IMETNIK DOVOLJENJA ZA PROMET Z ZDRAVILOM</s>
<s id="s85.1">6 A.</s>
<s id="s85.2">IZDELOVALCI BIOLOŠKE ZDRAVILNE UČINKOVINE IN IMETNIK DOVOLJENJA ZA IZDELAVO ZDRAVILA, ODGOVOREN ZA SPROŠČANJE SERIJE</s>
<s id="s86.1">Ime in naslov izdelovalca biološke zdravilne učinkovine</s>
<s id="s87.1">Intervet International BV Wim de Korverstraat 35 NL- 5831 AN Boxmeer Nizozemska</s>
<s id="s88.1">Laboratorios Intervet SA Poligono El Montalvo Apartado 3006 Salamanca 37080 Španija</s>
<s id="s89.1">Intervet International BV, site De Bilt Ambachtstraat 4 3732 CN De Bilt Nizozemska</s>
<s id="s90.1">Ime in naslov izdelovalca zdravila, odgovornega za sproščanje serije</s>
<s id="s91.1">Intervet International BV Wim de Korverstraat 35 NL- 5831 AN Boxmeer Nizozemska</s>
<s id="s92.1">B POGOJI DOVOLJENJA ZA PROMET Z ZDRAVILOM TER OMEJITVE GLEDE OSKRBE IN UPORABE</s>
<s id="s93.1">Izdaja zdravila je le na veterinarski recept.</s>
<s id="s94.1">Skladno z 71. členom Direktive 2001/ 82/ ES Evropskega parlamenta in Sveta in dopolnili, države članice prepovejo ali lahko prepovejo uvoz, prodajo, oskrbo in/ ali uporabo zdravila za uporabo v veterinarski medicini na svojem celotnem ozemlju ali delu ozemlja, če se ugotovi da:</s>
<s id="s95.1">a) bi uporaba zdravila za uporabo v veterinarski medicini ovirala izvajanje nacionalnih programov za diagnozo, nadzor ali zatiranje živalskih bolezni ali da bi povzročila težave pri zagotavljanju odsotnosti okuženosti pri živih živalih ali živilih ali drugih proizvodih, pridobljenih iz zdravljenih živali.</s>
<s id="s96.1">b) bolezen, za katero se z zdravilom za uporabo v veterinarski medicini pridobi imunost, na območju skoraj ni prisotna.</s>
<s id="s97.1">Uporaba tega zdravila za uporabo v veterinarski medicini je dovoljena le v določenih razmerah, opredeljenih v zakonodaji Evropske skupnosti o nadzoru nad aviarno influenco.</s>
<s id="s98.1">Imetnik dovoljenja za promet z zdravilom mora obvestiti Evropsko komisijo o načrtih trženja z zdravilom, za katerega je izdana ta odločba.</s>
<s id="s99.1">7 C.</s>
<s id="s99.2">POGOJI DOVOLJENJA ZA PROMET Z ZDRAVILOM TER OMEJITVE GLEDE VARNE IN UČINKOVITE UPORABE</s>
<s id="s100.1">Navedba ni smiselna.</s>
<s id="s101.1">D.</s>
<s id="s101.2">NAVEDBA NAJVIŠJIH DOVOLJENIH KOLIČIN ZAOSTANKOV ZDRAVILA (MRL)</s>
<s id="s102.1">Naslednje snovi, ki jih vsebuje končni izdelek, so vključene v Dodatek II Uredbe Sveta (ES) št.</s>
<s id="s102.2">2377/ 90:</s>
<s id="s103.1">Farmakološko aktivna snov redko tekoči parafin polisorbat 80 sorbitan monooleat (E494) glicin</s>
<s id="s104.1">Živalska vrsta vse živali za proizvodnjo živil vse živali za proizvodnjo živil vse živali za proizvodnjo živil vse živali za proizvodnjo živil</s>
<s id="s105.1">Druge določbe</s>
<s id="s106.1">E.</s>
<s id="s106.2">POSEBNE ZAHTEVE, KI JIH MORA IZPOLNITI IMETNIK DOVOLJENJA ZA PROMET Z ZDRAVILOM</s>
<s id="s107.1">Imetnik dovoljenja za promet z zdravilom mora v določenem časovnem obdobju izvesti naslednji program študij, katerih rezultati služijo kot osnova za vsakoletno ponovno oceno razmerja korist/ tveganje.</s>
<s id="s107.2">Časovni okvir, določen za vse specifične obveznosti je opredeljen tako, da prejme Odbor za zdravila za uporabo v veterinarski medicini (CVMP) prvo posodobljeno poročilo o izpolnjevanju specifičnih obveznosti do 1. oktobra 2007.</s>
<s id="s108.1">II.</s>
<s id="s108.2">ANALITIČNI VIDIKI</s>
<s id="s109.1">II. A. 1 Sestava</s>
<s id="s110.1">1.</s>
<s id="s110.2">Za izdelavo cepiva je dovoljeno uporabiti samo antigen H5N6, pridobljen iz jajc.</s>
<s id="s111.1">II. B.</s>
<s id="s111.2">METODA PRIPRAVE</s>
<s id="s112.1">2.</s>
<s id="s112.2">Količina antigena pri pripravi zmesi:</s>
<s id="s112.3">Iz preglednice o pripravi zmesi, navedeni kot primer, je razvidno, da je zmes za serije cepiva pripravljena tako, da vsebuje najmanj 13, 4 log10 EID50 na 1, 000 kg.</s>
<s id="s112.4">Opredeljena mora biti največja količina virusa, ki jo lahko uporabimo za pripravo zmesi (ki mora biti določena na podlagi podatkov o dokazani varnosti).</s>
<s id="s113.1">II. B. 3 Validacijske študije</s>
<s id="s114.1">3.</s>
<s id="s114.2">Za študijo kinetike inaktivacije je bila uporabljena serija antigena H5N6, katere predinaktivacijski titer je bil 9. 8 log10 EID50 / ml, kar mora biti največji predinaktivacijski titer za serije antigena.</s>
<s id="s115.1">II. C.</s>
<s id="s115.2">VHODNE SNOVI</s>
<s id="s116.1">II. C. 1 Navedene v farmakopeji</s>
<s id="s117.1">4.</s>
<s id="s117.2">Jajca, prosta specifičnih antigenov (SPF):</s>
<s id="s117.3">Navedeni morajo biti podrobni podatki o jatah, prostih specifičnih antigenov, ki so uporabljene kot vir za jajca za pripravo WSV (Working Seed Viruses).</s>
<s id="s118.1">8 II. C. 2 Niso navedene v farmakopeji</s>
<s id="s119.1">5.</s>
<s id="s119.2">Piščančja jajca z zarodki (za izdelavo cepiva):</s>
<s id="s119.3">Predlagatelj mora predložiti dokazilo, da je država izvora jate, ki služi kot vir, Španija in da države izvora ne bo spreminjal (in ne bo spreminjal ukrepov za zatiranje bolezni pri jatah), ne da bi obvestil CVMP.</s>
<s id="s120.1">6.</s>
<s id="s120.2">H5N6 Working Seed Viruses:</s>
<s id="s120.3">Ni navedeno preskušanje WSV za podtip H5N6 in predlagatelj se mora obvezati, da bo predložil informacije o preskušanjih za vsako serijo WSV.</s>
<s id="s121.1">7.</s>
<s id="s121.2">Triptoza:</s>
<s id="s121.3">Predlagatelj mora predložiti seznam primernih držav izvora za prašiče, uporabljene kot vir prašičje vhodne snovi v triptozi.</s>
<s id="s122.1">Posebni ukrepi, ki se nanašajo na preprečitev prenosa živalske spongiformne encefalopatije</s>
<s id="s123.1">8.</s>
<s id="s123.2">Triptoza in NZ- amini:</s>
<s id="s123.3">Nenavajanje držav izvora krav, od katerih je pridobljeno mleko, in nenavajanje dobaviteljev triptoze in NZ- aminov je nesprejemljivo.</s>
<s id="s123.4">Navedeni morajo biti posodobljeni podatki o državah izvora za živali, ki služijo kot vir mleka za pripravo triptoze iz BD Biosciences in za pripravo kazeina ter laktoze, kadar je primerno, za izdelavo NZ- aminov, kupljenih pri Quest/ Kerry.</s>
<s id="s123.5">Predlagatelj mora soglašati, da bo podrobno navedel NZ- amin( e), ki jih bo uporabil v proizvodnji in kot vir za triptozo in podrobno naveden( e) NZ - amin( e) uporabljal samo podjetja, za katera so v dokumentaciji primerne 'izjave o mleku' in podrobni podatki o državah izvora živali, ki služijo kot vir.</s>
<s id="s124.1">9.</s>
<s id="s124.2">Predložiti je treba veljavno Izjavo o skladnosti za transmisivno spongiformno encefalopatijo in revidirane tabele o skladnosti za transmisivno spongiformno encefalopatijo, in sicer zaradi -</s>
<s id="s125.1">a) vprašanj, navedenih v točki 8 zgoraj, b) ker sta bila podana zastarela informacija in certifikat za izvor želatine.</s>
<s id="s125.2">II. D.</s>
<s id="s125.3">KONTROLNI PRESKUSI MED IZDELAVO</s>
<s id="s126.1">10.</s>
<s id="s126.2">Predloženi morajo biti rezultati preskušanj med izdelavo treh serij antigena H5N6, ki dokazujejo enovitost serije.</s>
<s id="s126.3">11.</s>
<s id="s126.4">Predvideva se, da se preskušanja med izdelavo izvajajo na vseh predlaganih mestih izdelave antigena.</s>
<s id="s126.5">Manjkajo podatki o ukrepih za zagotavljanje ekvivalentnosti rezultatov preskušanj, ki so bila izvedena na treh mestih izdelave antigena, na primer za titracijo virusa in z njo povezane teste HA.</s>
<s id="s126.6">Predložiti je treba zagotovila o ekvivalentnosti preskusov in rezultatov preskusov iz različnih mest.</s>
<s id="s126.7">II. E.</s>
<s id="s126.8">KONTROLA KAKOVOSTI KONČNEGA IZDELKA II. E. 2 Istovetnost in vsebnost zdravilnih učinkovin</s>
<s id="s127.1">12.</s>
<s id="s127.2">Preskus učinkovitosti serije:</s>
<s id="s127.3">Predlagatelj mora predložiti SOP in dodatne podatke o izvajanju testa učinkovitosti serije za Nobilis Influenza H5N6.</s>
<s id="s127.4">Pojasniti je treba, kakšna je pot cepljenja, kako je preskušen serum (zbirni serum ali posamično), ali se mora pri vseh piščancih razviti titer 6, 0 log2 ali je to srednji titer.</s>
<s id="s127.5">Navedeno mora biti, kateri referenčni antigen je uporabljen pri preskusu HI in podani podatki o standardih v preskusu.</s>
<s id="s127.6">13.</s>
<s id="s127.7">Preskus istovetnosti:</s>
<s id="s127.8">Vpeljati je treba končni preskus serije izdelka za istovetnost sestavine nevraminidaze in potrditev, da ima cepivo pravilno sestavo.</s>
<s id="s127.9">Zahtevan je predlog.</s>
<s id="s127.10">II. E. 9 Konsistentnost serij 14.</s>
<s id="s127.11">Kot dokazilo konsistentnosti serij je treba predložiti rezultate preskusov končnega izdelka za tri serije Nobilisa Influenza H5N6.</s>
<s id="s127.12">15.</s>
<s id="s127.13">Manjkajo podatki o ukrepih za zagotovitev ekvivalentnosti rezultatov preskusov končnega izdelka, izvedenih v Boxmeeru in Salamanci (na primer za preskušanje učinkovitosti serij ter preskusov HI in HA); podati je treba zagotovila o ekvivalentnosti preskusov in rezultatov preskusov z obeh mest.</s>
<s id="s128.1">9 II.</s>
<s id="s128.2">F.</s>
<s id="s128.3">STABILNOST II. F. 1 Stabilnost nepakiranega antigena 16.</s>
<s id="s128.4">Antigena se ne sme shranjevati dlje kot 12 mesecev pri temperaturi 2– 8 ºC, dokler ne bo na voljo nadaljnjih podatkov, na podlagi katerih bo možno daljše obdobje shranjevanja.</s>
<s id="s128.5">II. F. 1 Stabilnost končnega izdelka 17.</s>
<s id="s128.6">Čeprav je za cepivo, polnjeno v vsebnike iz PET obeh velikosti, 2- letni rok uporabnosti sprejemljiv, rok uporabnosti za cepivo, polnjeno v vsebnike iz stekla ne sme biti daljši od 12 mesecev pri temperaturi 2– 8 ºC, dokler ne bo na voljo nadaljnjih podatkov, na podlagi katerih bo možen daljši rok uporabnosti.</s>
<s id="s129.1">FARMAKOVIGILANČNI VIDIKI</s>
<s id="s130.1">18.</s>
<s id="s130.2">Predlagatelj mora predložiti 3- mesečna periodična poročila o varnosti za prvi 2 leti po prvi uporabi na terenu in protokol, ki zagotavlja ustrezno zapisovanje podatkov in poročanje o podatkih s terena o sumu na neželene učinke, tudi sumu na odsotnost učinkovitosti.</s>
<s id="s131.1">VIDIKI O UČINKOVITOSTI</s>
<s id="s132.1">19.</s>
<s id="s132.2">Predložiti je treba serološke rezultate študije učinkovitosti, ki so jo pri piščancih izvedli Katsma et. al.</s>
<s id="s133.1">10 DODATEK III</s>
<s id="s134.1">OZNAČEVANJE IN NAVODILO ZA UPORABO</s>
<s id="s135.1">11 A.</s>
<s id="s135.2">OZNAČEVANJE</s>
<s id="s136.1">12 PODATKI NA ZUNANJI OVOJNINI</s>
<s id="s137.1">ŠKATLA {steklenička po 250 ml / steklenička po 500 ml}</s>
<s id="s138.1">1.</s>
<s id="s138.2">IME ZDRAVILA ZA UPORABO V VETERINARSKI MEDICINI</s>
<s id="s139.1">Nobilis Influenza H5N6 Emulzija za injiciranje</s>
<s id="s140.1">2.</s>
<s id="s140.2">NAVEDBA ZDRAVILNE UČINKOVINE IN DRUGIH SNOVI</s>
<s id="s141.1">En odmerek po 0, 5 ml vsebuje:</s>
<s id="s141.2">Inaktivirani antigen podtipa virusa aviarne influence H5 (sev H5N6, A/ raca/ Potsdam/ 2243/ 84), ki vzbudi titer HI ≥ 6, 0 log2 pri preizkusu učinkovitosti.</s>
<s id="s142.1">Adjuvans:</s>
<s id="s142.2">Redko tekoči parafin, 234, 8 mg/ 0, 5 ml</s>
<s id="s143.1">3.</s>
<s id="s143.2">FARMACEVTSKA OBLIKA</s>
<s id="s144.1">Emulzija za injiciranje</s>
<s id="s145.1">4.</s>
<s id="s145.2">VELIKOST PAKIRANJA</s>
<s id="s146.1">250 ml 500 ml</s>
<s id="s147.1">5.</s>
<s id="s147.2">CILJNE ŽIVALSKE VRSTE</s>
<s id="s148.1">Piščanci</s>
<s id="s149.1">6.</s>
<s id="s149.2">INDIKACIJA( E)</s>
<s id="s150.1">Aktivna imunizacija proti aviarni influenci tipa A, podtip H5</s>
<s id="s151.1">7.</s>
<s id="s151.2">NAČIN IN POT( I) UPORABE</s>
<s id="s152.1">Intramuskularno ali subkutano odmerek po 0, 25 ali 0, 5 ml, glede na starost.</s>
<s id="s152.2">Pred uporabo preberite navodilo za uporabo.</s>
<s id="s153.1">8.</s>
<s id="s153.2">KARENCA</s>
<s id="s154.1">Karenca – nič dni</s>
<s id="s155.1">13 9.</s>
<s id="s155.2">POSEBNO( A) OPOZORILO( A), ČE JE/ SO POTREBNO( A)</s>
<s id="s156.1">Nenamerno samoinjiciranje je nevarno.</s>
<s id="s157.1">10.</s>
<s id="s157.2">DATUM IZTEKA ROKA UPORABNOSTI ZDRAVILA</s>
<s id="s158.1">EXP {mesec/ leto} Načeto zdravilo uporabite v 8 urah.</s>
<s id="s159.1">11.</s>
<s id="s159.2">POSEBNA NAVODILA ZA SHRANJEVANJE</s>
<s id="s160.1">Shranjujte in prevažajte v hladilniku (2 °C do +8 °C).</s>
<s id="s160.2">Zdravilo ne sme zamrzniti.</s>
<s id="s161.1">12.</s>
<s id="s161.2">POSEBNI VARNOSTNI UKREPI ZA ODSTRANJEVANJE NEPORABLJENEGA ZDRAVILA ALI ODPADNIH SNOVI, ČE OBSTAJAJO</s>
<s id="s162.1">Pred uporabo preberite navodilo za uporabo.</s>
<s id="s163.1">13.</s>
<s id="s163.2">BESEDILO “ SAMO ZA ŽIVALI ” IN POGOJI ALI OMEJITVE GLEDE OSKRBE IN UPORABE, če je navedba smiselna</s>
<s id="s164.1">Samo za živali.</s>
<s id="s165.1">Uporaba tega zdravila za uporabo v veterinarski medicini je dovoljena le v določenih razmerah, opredeljenih v zakonodaji Evropske skupnosti o nadzoru nad aviarno influenco.</s>
<s id="s166.1">14.</s>
<s id="s166.2">BESEDILO “ ZDRAVILO SHRANJUJTE NEDOSEGLJIVO OTROKOM ”</s>
<s id="s167.1">Zdravilo shranjujte nedosegljivo otrokom.</s>
<s id="s168.1">15.</s>
<s id="s168.2">IME IN NASLOV IMETNIKA DOVOLJENJA ZA PROMET Z ZDRAVILOM</s>
<s id="s169.1">Intervet International B. V.</s>
<s id="s169.2">Wim de Körverstraat 35 5831 AN Boxmeer Nizozemska</s>
<s id="s170.1">16.</s>
<s id="s170.2">ŠTEVILKA( E) DOVOLJENJ( A) ZA PROMET</s>
<s id="s171.1">EU/ 2/ 07/ 076/ 001- 004</s>
<s id="s172.1">17.</s>
<s id="s172.2">IZDELOVALČEVA ŠTEVILKA SERIJE</s>
<s id="s173.1">Lot{ številka}</s>
<s id="s174.1">14 PODATKI, KI MORAJO BITI NAJMANJ NAVEDENI NA MANJŠIH STIČNIH OVOJNINAH</s>
<s id="s175.1">NALEPKA NA STEKLENIČKI {250 ml/ 500 ml}</s>
<s id="s176.1">1.</s>
<s id="s176.2">IME ZDRAVILA ZA UPORABO V VETERINARSKI MEDICINI</s>
<s id="s177.1">Nobilis Influenza H5N6 Emulzija za injiciranje</s>
<s id="s178.1">2.</s>
<s id="s178.2">KOLIČINA ZDRAVILNE( IH) UČINKOVIN( E)</s>
<s id="s179.1">En odmerek po 0, 5 ml vsebuje:</s>
<s id="s179.2">Inaktivirani antigen podtipa virusa aviarne influence H5 (sev H5N6, A/ raca/ Potsdam/ 2243/ 84), ki vzbudi titer HI ≥ 6, 0 log2 pri preizkusu učinkovitosti.</s>
<s id="s180.1">Adjuvans:</s>
<s id="s180.2">Redko tekoči parafin, 234, 8 mg/ 0, 5 ml</s>
<s id="s181.1">3.</s>
<s id="s181.2">VSEBINA, IZRAŽENA Z MASO, PROSTORNINO ALI ŠTEVILOM ODMERKOV</s>
<s id="s182.1">250 ml 500 ml</s>
<s id="s183.1">4.</s>
<s id="s183.2">POT( I) UPORABE ZDRAVILA</s>
<s id="s184.1">Intramuskularno ali subkutano Pred uporabo preberite navodilo za uporabo.</s>
<s id="s185.1">5.</s>
<s id="s185.2">KARENCA</s>
<s id="s186.1">Karenca: nič dni</s>
<s id="s187.1">6.</s>
<s id="s187.2">ŠTEVILKA SERIJE</s>
<s id="s188.1">&lt; Lot &gt; {številka}</s>
<s id="s189.1">7.</s>
<s id="s189.2">DATUM IZTEKA ROKA UPORABNOSTI ZDRAVILA</s>
<s id="s190.1">&lt; EXP {mesec/ leto} &gt; Načeto zdravilo uporabite v 8 urah.</s>
<s id="s191.1">8.</s>
<s id="s191.2">BESEDILO “ SAMO ZA ŽIVALI ”</s>
<s id="s192.1">Samo za živali.</s>
<s id="s193.1">15 B.</s>
<s id="s193.2">NAVODILO ZA UPORABO</s>
<s id="s194.1">16 NAVODILO ZA UPORABO ZA:</s>
<s id="s195.1">Nobilis Influenza H5N6 emulzija za injiciranje</s>
<s id="s196.1">1.</s>
<s id="s196.2">IME IN NASLOV IMETNIKA DOVOLJENJA ZA PROMET Z ZDRAVILOM TER IMETNIKA DOVOLJENJA ZA PROIZVODNJO ZDRAVILA, ODGOVORNEGA ZA SPROSTITEV SERIJ, ČE STA RAZLIČNA</s>
<s id="s197.1">Imetnik dovoljenja za promet z zdravilom:</s>
<s id="s197.2">Intervet International B. V.</s>
<s id="s197.3">Wim de Körverstraat 35 5831 AN Boxmeer Nizozemska</s>
<s id="s198.1">Izdelovalec, odgovoren za sproščanje serije:</s>
<s id="s199.1">Intervet International BV Wim de Körverstraat 35 NL- 5831 AN Boxmeer Nizozemska</s>
<s id="s200.1">2.</s>
<s id="s200.2">IME ZDRAVILA ZA UPORABO V VETERINARSKI MEDICINI</s>
<s id="s201.1">Nobilis Influenza H5N6 Emulzija za injiciranje</s>
<s id="s202.1">3.</s>
<s id="s202.2">NAVEDBA ZDRAVILNE( IH) UČINKOVIN( E) IN DRUGEIH SESTAVIN</s>
<s id="s203.1">En odmerek po 0, 5 ml vsebuje:</s>
<s id="s203.2">Inaktivirani antigen podtipa virusa aviarne influence H5 (sev H5N6, A/ raca/ Potsdam/ 2243/ 84), ki vzbudi titer HI ≥ 6, 0 log2 pri preizkusu učinkovitosti.</s>
<s id="s204.1">Adjuvans: redko tekoči parafin</s>
<s id="s205.1">4.</s>
<s id="s205.2">INDIKACIJA</s>
<s id="s206.1">Aktivna imunizacija piščancev proti aviarni influenci tipa A, podtip H5.</s>
<s id="s207.1">Klinični znaki, umrljivost in izločanje virusa so se po provokaciji z virulentnim sevom H5N1 zmanjšali v dveh tednih po cepljenju z enim odmerkom.</s>
<s id="s208.1">Pokazalo se je, da trajajo pri piščancih zaščitne ravni protiteles v serumu najmanj 7 mesecev, študije z drugimi cepnimi sevi pa so pokazale, da bi bila pri piščancih po dveh odmerkih cepiva protitelesa v serumu predvidoma prisotna najmanj 12 mesecev.</s>
<s id="s209.1">5.</s>
<s id="s209.2">KONTRAINDIKACIJE</s>
<s id="s210.1">Niso znane.</s>
<s id="s211.1">17 6.</s>
<s id="s211.2">NEŽELENI UČINKI</s>
<s id="s212.1">Pri 50% živali lahko na mestu vboda nastane prehodna, difuzna oteklina, ki traja približno 14 dni.</s>
<s id="s213.1">Če opazite kakršne koli resne stranske učinke ali druge učinke, ki niso omenjeni v teh navodilih za uporabo, obvestite svojega veterinarja.</s>
<s id="s214.1">7.</s>
<s id="s214.2">CILJNE ŽIVALSKE VRSTE</s>
<s id="s215.1">Piščanci</s>
<s id="s216.1">8.</s>
<s id="s216.2">ODMERKI ZA POSAMEZNE ŽIVALSKE VRSTE TER POT( I) IN NAČIN UPORABE ZDRAVILA</s>
<s id="s217.1">Za subkutano ali intramuskularno uporabo.</s>
<s id="s218.1">Piščanci</s>
<s id="s219.1">Od 8 do 14 dni starosti:</s>
<s id="s219.2">0, 25 ml subkutano</s>
<s id="s220.1">Od 14 dni do 6 tednov starosti:</s>
<s id="s220.2">0, 25 ali 0, 5 ml subkutano ali intramuskularno</s>
<s id="s221.1">Stari 6 tednov in starejši:</s>
<s id="s221.2">0, 5 ml subkutano ali intramuskularno</s>
<s id="s222.1">Pri bodočih nesnicah in matičnih jatah moramo cepljenje ponoviti 4 do 6 tednov po prvem cepljenju.</s>
<s id="s223.1">Ni podatkov o cepljenju v prisotnosti materinih protiteles.</s>
<s id="s223.2">Imunizacijo potomcev cepljenih ptic je zato treba odložiti, dokler se količina protiteles ne zmanjša.</s>
<s id="s224.1">9.</s>
<s id="s224.2">NASVET O PRAVILNI UPORABI ZDRAVILA</s>
<s id="s225.1">Cepivo ogrejte na 15 °C– 25 °C in ga pred uporabo dobro pretresite.</s>
<s id="s225.2">Uporabite sterilne brizge in igle.</s>
<s id="s225.3">Priporočamo uporabo zaprtega sistema za cepljenje z večtočkovnim vbrizgom.</s>
<s id="s226.1">10.</s>
<s id="s226.2">KARENCA</s>
<s id="s227.1">Nič dni.</s>
<s id="s228.1">11.</s>
<s id="s228.2">POSEBNA NAVODILA ZA SHRANJEVANJE</s>
<s id="s229.1">Shranjujte nedosegljivo otrokom.</s>
<s id="s229.2">Shranjujte pri temperaturi 2 °C do 8 °C.</s>
<s id="s229.3">Zdravilo ne sme zmrzniti Načeto zdravilo porabite v 8 urah, če izdelek ni bil izpostavljen zelo visoki temperaturi ali kontaminiran.</s>
<s id="s229.4">Zdravila ne smete uporabljati po datumu izteka roka uporabnosti, navedenega na ovojnini.</s>
<s id="s230.1">18 12.</s>
<s id="s230.2">POSEBNA OPOZORILA</s>
<s id="s231.1">Raven dosežene učinkovitosti je lahko različna glede na stopnjo antigenske homologije med cepnim sevom in sevi na terenu.</s>
<s id="s232.1">Varnost cepiva je testirana pri piščancih, o njegovi varnosti pri racah pa je na voljo nekaj spremljajočih podatkov.</s>
<s id="s232.2">Če ga uporabljamo pri drugih vrstah ptic, za katere menimo, da je pri njih povečano tveganje okužbe, ga moramo uporabljati previdno, pred množičnim cepljenjem pa ga je priporočljivo preskusiti na majhnem številu ptic.</s>
<s id="s232.3">Učinkovitost pri drugih vrstah ptic se lahko razlikuje od učinkovitosti pri piščancih.</s>
<s id="s232.4">Ni podatkov o varnosti cepiva pri pticah v obdobju nesnosti.</s>
<s id="s233.1">Ni podatkov o varnosti ter učinkovitosti ob sočasni uporabi tega cepiva s katerim koli drugim.</s>
<s id="s233.2">Zato odsvetujemo uporabo katerega koli cepiva v obdobju 14 dni pred ali po cepljenju s tem izdelkom.</s>
<s id="s234.1">Ne mešajte z nobenim drugim zdravilom.</s>
<s id="s235.1">Posebno opozorilo za uporabnika:</s>
<s id="s235.2">Zdravilo vsebuje mineralno olje.</s>
<s id="s235.3">Nenamerno injiciranje/ samo- injiciranje lahko povzroči hude bolečine in otekline, zlasti ob injiciranju v sklep ali prst, in lahko v izjemnih primerih, če ni zagotovljena takojšnja zdravniška oskrba, privede do izgube prizadetega prsta.</s>
<s id="s235.4">Če vam je bil ta izdelek nenamerno injiciran, se takoj posvetujte z zdravnikom, čeprav je bila injicirana le majhna količina, in mu pokažite navodilo za uporabo.</s>
<s id="s235.5">Če bolečina ne popusti po 12 urah po zdravniškem pregledu, se ponovno posvetujte z zdravnikom.</s>
<s id="s236.1">Namenjeno zdravniku:</s>
<s id="s236.2">Zdravilo vsebuje mineralno olje.</s>
<s id="s236.3">Čeprav je bila injicirana le majhna količina, lahko nenamerno injiciranje tega zdravila povzroči močno oteklino, ki lahko na primer privede do ishemične nekroze ter celo do izgube prsta.</s>
<s id="s236.4">Potreben je strokoven, TAKOJŠEN, kirurški poseg ter morda tudi takojšnja incizija in izpiranje injiciranega mesta, zlasti če so prizadete tudi kite ali mehka tkiva prsta.</s>
<s id="s237.1">13.</s>
<s id="s237.2">POSEBNI VARNOSTNI UKREPI ZA ODSTRANJEVANJE NEPORABLJENEGA ZDRAVILA ALI ODPADNIH SNOVI, ČE OBSTAJAJO</s>
<s id="s238.1">Glede odstranjevanja zdravil, ki jih ne uporabljate več, se posvetujte z veterinarjem.</s>
<s id="s238.2">Zdravilo odstranite na okolju prijazen način.</s>
<s id="s239.1">14.</s>
<s id="s239.2">DATUM ZADNJE ODOBRITVE NAVODIL ZA UPORABO</s>
<s id="s240.1">31. 01. 2008</s>
<s id="s241.1">Podrobne informacije o tem zdravilu za uporabo v veterinarski medicini so na voljo na spletni strani Evropske agencije za zdravila (European Medicines Agency, EMEA) http: // www. emea. europa. eu</s>
<s id="s242.1">15.</s>
<s id="s242.2">DRUGE INFORMACIJE</s>
<s id="s243.1">Če ima divji virus aviarne influence sestavino N, ki se razlikuje od sestavin N6 v cepivu, lahko cepljene ptice razlikujemo od okuženih z diagnostičnim testom za odkrivanje protiteles proti nevraminidazi.</s>
<s id="s244.1">Uporaba tega zdravila za uporabo v veterinarski medicini je dovoljena le v določenih razmerah, opredeljenih v zakonodaji Evropske skupnosti o nadzoru nad aviarno influenco.</s>
<s id="s245.1">19 Velikosti pakiranja:</s>
<s id="s245.2">Večodmerna steklenička po 250 ali 500 ml Večodmerna plastenka iz PET po 250 ali 500 ml Steklenička in plastenka sta zaprti z gumijastim zamaškom in aluminijasto zaporko.</s>
<s id="s246.1">Ni nujno, da so v prometu vsa navedena pakiranja.</s>
<s id="s247.1">20</s>
</body>
</letsmt>
