<?xml version="1.0" encoding="utf-8"?>
<text>
<p id="1">
<s id="s1.1">
 <w id="w1.1.1">European</w> 
 <w id="w1.1.2">Medicines</w> 
 <w id="w1.1.3">Agency</w>
</s></p>

<p id="2">
<s id="s2.1">
 <w id="w2.1.1">EMEA/</w>
 <w id="w2.1.2">H/</w>
 <w id="w2.1.3">C/</w>
 <w id="w2.1.4">808</w>
</s></p>

<p id="3">
<s id="s3.1">
 <w id="w3.1.1">EVROPSKO</w> 
 <w id="w3.1.2">JAVNO</w> 
 <w id="w3.1.3">POROČILO</w> 
 <w id="w3.1.4">O</w> 
 <w id="w3.1.5">OCENI</w> 
 <w id="w3.1.6">ZDRAVILA</w> 
 <w id="w3.1.7">(</w>
 <w id="w3.1.8">EPAR</w>
 <w id="w3.1.9">)</w>
</s></p>

<p id="4">
<s id="s4.1">
 <w id="w4.1.1">DOCETAXEL</w> 
 <w id="w4.1.2">WINTHROP</w>
</s></p>

<p id="5">
<s id="s5.1">
 <w id="w5.1.1">Povzetek</w> 
 <w id="w5.1.2">EPAR</w> 
 <w id="w5.1.3">za</w> 
 <w id="w5.1.4">javnost</w>
</s></p>

<p id="6">
<s id="s6.1">
 <w id="w6.1.1">Ta</w> 
 <w id="w6.1.2">dokument</w> 
 <w id="w6.1.3">je</w> 
 <w id="w6.1.4">povzetek</w> 
 <w id="w6.1.5">Evropskega</w> 
 <w id="w6.1.6">javnega</w> 
 <w id="w6.1.7">poročila</w> 
 <w id="w6.1.8">o</w> 
 <w id="w6.1.9">oceni</w> 
 <w id="w6.1.10">zdravila</w> 
 <w id="w6.1.11">(</w>
 <w id="w6.1.12">EPAR</w>
 <w id="w6.1.13">)</w>
 <w id="w6.1.14">.</w>
</s> 
 
<s id="s6.2">
 <w id="w6.2.1">Pojasnjuje</w>
 <w id="w6.2.2">,</w> 
 <w id="w6.2.3">kako</w> 
 <w id="w6.2.4">je</w>   
 <w id="w6.2.5">Odbor</w> 
 <w id="w6.2.6">za</w> 
 <w id="w6.2.7">zdravila</w> 
 <w id="w6.2.8">za</w> 
 <w id="w6.2.9">uporabo</w> 
 <w id="w6.2.10">v</w> 
 <w id="w6.2.11">humani</w> 
 <w id="w6.2.12">medicini</w> 
 <w id="w6.2.13">(</w>
 <w id="w6.2.14">CHMP</w>
 <w id="w6.2.15">)</w> 
 <w id="w6.2.16">ocenil</w> 
 <w id="w6.2.17">opravljene</w> 
 <w id="w6.2.18">študije</w>
 <w id="w6.2.19">,</w> 
 <w id="w6.2.20">na</w> 
 <w id="w6.2.21">podlagi</w>   
 <w id="w6.2.22">katerih</w> 
 <w id="w6.2.23">je</w> 
 <w id="w6.2.24">oblikoval</w> 
 <w id="w6.2.25">priporočila</w> 
 <w id="w6.2.26">glede</w> 
 <w id="w6.2.27">uporabe</w> 
 <w id="w6.2.28">zdravila</w>
 <w id="w6.2.29">.</w>
</s>   
 
<s id="s6.3">
 <w id="w6.3.1">Če</w> 
 <w id="w6.3.2">potrebujete</w> 
 <w id="w6.3.3">več</w> 
 <w id="w6.3.4">informacij</w> 
 <w id="w6.3.5">o</w> 
 <w id="w6.3.6">vašem</w> 
 <w id="w6.3.7">zdravstvenem</w> 
 <w id="w6.3.8">stanju</w> 
 <w id="w6.3.9">ali</w> 
 <w id="w6.3.10">zdravljenju</w>
 <w id="w6.3.11">,</w> 
 <w id="w6.3.12">preberite</w> 
 <w id="w6.3.13">Navodilo</w> 
 <w id="w6.3.14">za</w>   
 <w id="w6.3.15">uporabo</w> 
 <w id="w6.3.16">(</w>
 <w id="w6.3.17">ki</w> 
 <w id="w6.3.18">je</w> 
 <w id="w6.3.19">prav</w> 
 <w id="w6.3.20">tako</w> 
 <w id="w6.3.21">del</w> 
 <w id="w6.3.22">EPAR</w>
 <w id="w6.3.23">)</w> 
 <w id="w6.3.24">ali</w> 
 <w id="w6.3.25">se</w> 
 <w id="w6.3.26">posvetujte</w> 
 <w id="w6.3.27">s</w> 
 <w id="w6.3.28">svojim</w> 
 <w id="w6.3.29">zdravnikom</w> 
 <w id="w6.3.30">ali</w> 
 <w id="w6.3.31">s</w> 
 <w id="w6.3.32">farmacevtom</w>
 <w id="w6.3.33">.</w>
</s> 
 
<s id="s6.4">
 <w id="w6.4.1">Če</w> 
 <w id="w6.4.2">želite</w>   
 <w id="w6.4.3">več</w> 
 <w id="w6.4.4">informacij</w>
 <w id="w6.4.5">,</w> 
 <w id="w6.4.6">ki</w> 
 <w id="w6.4.7">temeljijo</w> 
 <w id="w6.4.8">na</w> 
 <w id="w6.4.9">priporočilih</w> 
 <w id="w6.4.10">CHMP</w>
 <w id="w6.4.11">,</w> 
 <w id="w6.4.12">preberite</w> 
 <w id="w6.4.13">znanstveno</w> 
 <w id="w6.4.14">razpravo</w> 
 <w id="w6.4.15">(</w>
 <w id="w6.4.16">ki</w> 
 <w id="w6.4.17">je</w> 
 <w id="w6.4.18">prav</w> 
 <w id="w6.4.19">tako</w> 
 <w id="w6.4.20">del</w>   
 <w id="w6.4.21">EPAR</w>
 <w id="w6.4.22">)</w>
 <w id="w6.4.23">.</w>
</s></p>

<p id="7">
<s id="s7.1">
 <w id="w7.1.1">Kaj</w> 
 <w id="w7.1.2">je</w> 
 <w id="w7.1.3">zdravilo</w> 
 <w id="w7.1.4">Docetaxel</w> 
 <w id="w7.1.5">Winthrop</w>
 <w id="w7.1.6">?</w>
</s>   
 
<s id="s7.2">
 <w id="w7.2.1">Zdravilo</w> 
 <w id="w7.2.2">Docetaxel</w> 
 <w id="w7.2.3">Winthrop</w> 
 <w id="w7.2.4">obsega</w> 
 <w id="w7.2.5">koncentrat</w> 
 <w id="w7.2.6">in</w> 
 <w id="w7.2.7">vehikel</w> 
 <w id="w7.2.8">za</w> 
 <w id="w7.2.9">pripravo</w> 
 <w id="w7.2.10">raztopine</w> 
 <w id="w7.2.11">za</w> 
 <w id="w7.2.12">infundiranje</w>   
 <w id="w7.2.13">(</w>
 <w id="w7.2.14">infuzijo</w> 
 <w id="w7.2.15">v</w> 
 <w id="w7.2.16">veno</w>
 <w id="w7.2.17">)</w>
 <w id="w7.2.18">.</w>
</s> 
 
<s id="s7.3">
 <w id="w7.3.1">Vsebuje</w> 
 <w id="w7.3.2">zdravilno</w> 
 <w id="w7.3.3">učinkovino</w> 
 <w id="w7.3.4">docetaksel</w>
 <w id="w7.3.5">.</w>
</s>   
 
<s id="s7.4">
 <w id="w7.4.1">To</w> 
 <w id="w7.4.2">zdravilo</w> 
 <w id="w7.4.3">je</w> 
 <w id="w7.4.4">enako</w> 
 <w id="w7.4.5">zdravilu</w> 
 <w id="w7.4.6">TAXOTERE</w>
 <w id="w7.4.7">,</w> 
 <w id="w7.4.8">ki</w> 
 <w id="w7.4.9">je</w> 
 <w id="w7.4.10">že</w> 
 <w id="w7.4.11">odobreno</w> 
 <w id="w7.4.12">v</w> 
 <w id="w7.4.13">Evropski</w> 
 <w id="w7.4.14">uniji</w>
 <w id="w7.4.15">.</w>
</s> 
 
<s id="s7.5">
 <w id="w7.5.1">Podjetje</w>
 <w id="w7.5.2">,</w> 
 <w id="w7.5.3">ki</w> 
 <w id="w7.5.4">proizvaja</w>   
 <w id="w7.5.5">zdravilo</w> 
 <w id="w7.5.6">TAXOTERE</w>
 <w id="w7.5.7">,</w> 
 <w id="w7.5.8">je</w> 
 <w id="w7.5.9">dovolilo</w>
 <w id="w7.5.10">,</w> 
 <w id="w7.5.11">da</w> 
 <w id="w7.5.12">se</w> 
 <w id="w7.5.13">lahko</w> 
 <w id="w7.5.14">znanstveni</w> 
 <w id="w7.5.15">podatki</w> 
 <w id="w7.5.16">tega</w> 
 <w id="w7.5.17">zdravila</w> 
 <w id="w7.5.18">uporabijo</w> 
 <w id="w7.5.19">tudi</w> 
 <w id="w7.5.20">za</w>   
 <w id="w7.5.21">zdravilo</w> 
 <w id="w7.5.22">Docetaxel</w> 
 <w id="w7.5.23">Winthrop</w>
 <w id="w7.5.24">.</w>
</s></p>

<p id="8">
<s id="s8.1">
 <w id="w8.1.1">Za</w> 
 <w id="w8.1.2">kaj</w> 
 <w id="w8.1.3">se</w> 
 <w id="w8.1.4">zdravilo</w> 
 <w id="w8.1.5">Docetaxel</w> 
 <w id="w8.1.6">Winthrop</w> 
 <w id="w8.1.7">uporablja</w>
 <w id="w8.1.8">?</w>
</s>   
 
<s id="s8.2">
 <w id="w8.2.1">Docetaxel</w> 
 <w id="w8.2.2">Winthrop</w> 
 <w id="w8.2.3">je</w> 
 <w id="w8.2.4">zdravilo</w> 
 <w id="w8.2.5">proti</w> 
 <w id="w8.2.6">raku</w>
 <w id="w8.2.7">.</w>
</s> 
 
<s id="s8.3">
 <w id="w8.3.1">Uporablja</w> 
 <w id="w8.3.2">se</w> 
 <w id="w8.3.3">pri</w>
 <w id="w8.3.4">:</w>   
 <w id="w8.3.5">•</w> 
 <w id="w8.3.6">raku</w> 
 <w id="w8.3.7">dojke</w>
 <w id="w8.3.8">.</w>
</s> 
 
<s id="s8.4">
 <w id="w8.4.1">Uporablja</w> 
 <w id="w8.4.2">se</w> 
 <w id="w8.4.3">lahko</w> 
 <w id="w8.4.4">kot</w> 
 <w id="w8.4.5">monoterapija</w> 
 <w id="w8.4.6">po</w> 
 <w id="w8.4.7">neuspešnih</w> 
 <w id="w8.4.8">drugih</w> 
 <w id="w8.4.9">oblikah</w> 
 <w id="w8.4.10">zdravljenja</w>
 <w id="w8.4.11">.</w>
</s> 
 
<s id="s8.5">
 <w id="w8.5.1">Prav</w>      
 <w id="w8.5.2">tako</w> 
 <w id="w8.5.3">se</w> 
 <w id="w8.5.4">lahko</w> 
 <w id="w8.5.5">uporablja</w> 
 <w id="w8.5.6">z</w> 
 <w id="w8.5.7">drugimi</w> 
 <w id="w8.5.8">zdravili</w> 
 <w id="w8.5.9">proti</w> 
 <w id="w8.5.10">raku</w> 
 <w id="w8.5.11">(</w>
 <w id="w8.5.12">doksorubicinom</w>
 <w id="w8.5.13">,</w> 
 <w id="w8.5.14">ciklofosfamidom</w>
 <w id="w8.5.15">,</w>      
 <w id="w8.5.16">transtuzumabom</w> 
 <w id="w8.5.17">ali</w> 
 <w id="w8.5.18">kapecitabinom</w>
 <w id="w8.5.19">)</w> 
 <w id="w8.5.20">pri</w> 
 <w id="w8.5.21">bolnikih</w>
 <w id="w8.5.22">,</w> 
 <w id="w8.5.23">ki</w> 
 <w id="w8.5.24">proti</w> 
 <w id="w8.5.25">raku</w> 
 <w id="w8.5.26">še</w> 
 <w id="w8.5.27">niso</w> 
 <w id="w8.5.28">prejemali</w> 
 <w id="w8.5.29">drugih</w> 
 <w id="w8.5.30">zdravil</w> 
 <w id="w8.5.31">ali</w>      
 <w id="w8.5.32">pri</w> 
 <w id="w8.5.33">katerih</w> 
 <w id="w8.5.34">so</w> 
 <w id="w8.5.35">bile</w> 
 <w id="w8.5.36">druge</w> 
 <w id="w8.5.37">oblike</w> 
 <w id="w8.5.38">zdravljenja</w> 
 <w id="w8.5.39">neuspešne</w>
 <w id="w8.5.40">,</w> 
 <w id="w8.5.41">odvisno</w> 
 <w id="w8.5.42">od</w> 
 <w id="w8.5.43">vrste</w> 
 <w id="w8.5.44">in</w> 
 <w id="w8.5.45">stadija</w> 
 <w id="w8.5.46">raka</w> 
 <w id="w8.5.47">dojke</w>
 <w id="w8.5.48">,</w> 
 <w id="w8.5.49">ki</w> 
 <w id="w8.5.50">se</w>      
 <w id="w8.5.51">zdravi</w>
 <w id="w8.5.52">.</w>   
 <w id="w8.5.53">•</w> 
 <w id="w8.5.54">nedrobnoceličnem</w> 
 <w id="w8.5.55">pljučnem</w> 
 <w id="w8.5.56">raku</w>
 <w id="w8.5.57">.</w>
</s> 
 
<s id="s8.6">
 <w id="w8.6.1">Uporablja</w> 
 <w id="w8.6.2">se</w> 
 <w id="w8.6.3">lahko</w> 
 <w id="w8.6.4">kot</w> 
 <w id="w8.6.5">monoterapija</w> 
 <w id="w8.6.6">po</w> 
 <w id="w8.6.7">neuspešnih</w> 
 <w id="w8.6.8">drugih</w>      
 <w id="w8.6.9">oblikah</w> 
 <w id="w8.6.10">zdravljenja</w>
 <w id="w8.6.11">.</w>
</s> 
 
<s id="s8.7">
 <w id="w8.7.1">Uporablja</w> 
 <w id="w8.7.2">se</w> 
 <w id="w8.7.3">lahko</w> 
 <w id="w8.7.4">tudi</w> 
 <w id="w8.7.5">s</w> 
 <w id="w8.7.6">cisplatinom</w> 
 <w id="w8.7.7">(</w>
 <w id="w8.7.8">drugim</w> 
 <w id="w8.7.9">zdravilom</w> 
 <w id="w8.7.10">proti</w> 
 <w id="w8.7.11">raku</w>
 <w id="w8.7.12">)</w> 
 <w id="w8.7.13">pri</w>      
 <w id="w8.7.14">bolnikih</w>
 <w id="w8.7.15">,</w> 
 <w id="w8.7.16">ki</w> 
 <w id="w8.7.17">se</w> 
 <w id="w8.7.18">še</w> 
 <w id="w8.7.19">niso</w> 
 <w id="w8.7.20">zdravili</w> 
 <w id="w8.7.21">proti</w> 
 <w id="w8.7.22">raku</w>
 <w id="w8.7.23">.</w>   
 <w id="w8.7.24">•</w> 
 <w id="w8.7.25">raku</w> 
 <w id="w8.7.26">prostate</w>
 <w id="w8.7.27">,</w> 
 <w id="w8.7.28">kadar</w> 
 <w id="w8.7.29">se</w> 
 <w id="w8.7.30">rak</w> 
 <w id="w8.7.31">ne</w> 
 <w id="w8.7.32">odziva</w> 
 <w id="w8.7.33">na</w> 
 <w id="w8.7.34">hormonsko</w> 
 <w id="w8.7.35">zdravljenje</w>
 <w id="w8.7.36">.</w>
</s> 
 
<s id="s8.8">
 <w id="w8.8.1">Uporablja</w> 
 <w id="w8.8.2">se</w> 
 <w id="w8.8.3">s</w> 
 <w id="w8.8.4">prednizonom</w> 
 <w id="w8.8.5">ali</w>      
 <w id="w8.8.6">prednizolonom</w> 
 <w id="w8.8.7">(</w>
 <w id="w8.8.8">protivnetnima</w> 
 <w id="w8.8.9">zdraviloma</w>
 <w id="w8.8.10">)</w>
 <w id="w8.8.11">.</w>   
 <w id="w8.8.12">•</w> 
 <w id="w8.8.13">adenokarcinomu</w> 
 <w id="w8.8.14">želodca</w> 
 <w id="w8.8.15">(</w>
 <w id="w8.8.16">vrsta</w> 
 <w id="w8.8.17">želodčnega</w> 
 <w id="w8.8.18">raka</w>
 <w id="w8.8.19">)</w> 
 <w id="w8.8.20">pri</w> 
 <w id="w8.8.21">bolnikih</w>
 <w id="w8.8.22">,</w> 
 <w id="w8.8.23">ki</w> 
 <w id="w8.8.24">se</w> 
 <w id="w8.8.25">še</w> 
 <w id="w8.8.26">niso</w> 
 <w id="w8.8.27">zdravili</w> 
 <w id="w8.8.28">proti</w> 
 <w id="w8.8.29">raku</w>
 <w id="w8.8.30">.</w>
</s>      
 
<s id="s8.9">
 <w id="w8.9.1">Uporablja</w> 
 <w id="w8.9.2">se</w> 
 <w id="w8.9.3">s</w> 
 <w id="w8.9.4">cisplatinom</w> 
 <w id="w8.9.5">in</w> 
 <w id="w8.9.6">5-</w>
 <w id="w8.9.7">fluoroacilom</w> 
 <w id="w8.9.8">(</w>
 <w id="w8.9.9">drugima</w> 
 <w id="w8.9.10">zdraviloma</w> 
 <w id="w8.9.11">proti</w> 
 <w id="w8.9.12">raku</w>
 <w id="w8.9.13">)</w>
 <w id="w8.9.14">.</w>   
 <w id="w8.9.15">•</w> 
 <w id="w8.9.16">raku</w> 
 <w id="w8.9.17">glave</w> 
 <w id="w8.9.18">in</w> 
 <w id="w8.9.19">vratu</w> 
 <w id="w8.9.20">pri</w> 
 <w id="w8.9.21">bolnikih</w>
 <w id="w8.9.22">,</w> 
 <w id="w8.9.23">pri</w> 
 <w id="w8.9.24">katerih</w> 
 <w id="w8.9.25">je</w> 
 <w id="w8.9.26">rak</w> 
 <w id="w8.9.27">napredoval</w>
 <w id="w8.9.28">.</w>
</s> 
 
<s id="s8.10">
 <w id="w8.10.1">Uporablja</w> 
 <w id="w8.10.2">se</w> 
 <w id="w8.10.3">s</w> 
 <w id="w8.10.4">cisplatinom</w> 
 <w id="w8.10.5">in</w> 
 <w id="w8.10.6">5</w>
 <w id="w8.10.7">-</w>      
 <w id="w8.10.8">fluoroacilom</w>
 <w id="w8.10.9">.</w>
</s>   
 
<s id="s8.11">
 <w id="w8.11.1">Podrobne</w> 
 <w id="w8.11.2">informacije</w> 
 <w id="w8.11.3">so</w> 
 <w id="w8.11.4">na</w> 
 <w id="w8.11.5">voljo</w> 
 <w id="w8.11.6">v</w> 
 <w id="w8.11.7">Povzetku</w> 
 <w id="w8.11.8">glavnih</w> 
 <w id="w8.11.9">značilnosti</w> 
 <w id="w8.11.10">zdravila</w>
 <w id="w8.11.11">,</w> 
 <w id="w8.11.12">ki</w> 
 <w id="w8.11.13">je</w> 
 <w id="w8.11.14">prav</w> 
 <w id="w8.11.15">tako</w> 
 <w id="w8.11.16">del</w> 
 <w id="w8.11.17">poročila</w>   
 <w id="w8.11.18">EPAR</w>
 <w id="w8.11.19">.</w>
</s>   
 
<s id="s8.12">
 <w id="w8.12.1">Zdravilo</w> 
 <w id="w8.12.2">se</w> 
 <w id="w8.12.3">dobi</w> 
 <w id="w8.12.4">samo</w> 
 <w id="w8.12.5">na</w> 
 <w id="w8.12.6">recept</w>
 <w id="w8.12.7">.</w>
</s></p>

<p id="9">
<s id="s9.1">
 <w id="w9.1.1">Kako</w> 
 <w id="w9.1.2">se</w> 
 <w id="w9.1.3">zdravilo</w> 
 <w id="w9.1.4">Docetaxel</w> 
 <w id="w9.1.5">Winthrop</w> 
 <w id="w9.1.6">uporablja</w>
 <w id="w9.1.7">?</w>
</s>   
 
<s id="s9.2">
 <w id="w9.2.1">Zdravilo</w> 
 <w id="w9.2.2">Docetaxel</w> 
 <w id="w9.2.3">Winthrop</w> 
 <w id="w9.2.4">je</w> 
 <w id="w9.2.5">treba</w> 
 <w id="w9.2.6">uporabljati</w> 
 <w id="w9.2.7">na</w> 
 <w id="w9.2.8">specializiranih</w> 
 <w id="w9.2.9">oddelkih</w> 
 <w id="w9.2.10">za</w> 
 <w id="w9.2.11">kemoterapijo</w> 
 <w id="w9.2.12">in</w> 
 <w id="w9.2.13">se</w>   
 <w id="w9.2.14">sme</w> 
 <w id="w9.2.15">dajati</w> 
 <w id="w9.2.16">le</w> 
 <w id="w9.2.17">pod</w> 
 <w id="w9.2.18">nadzorom</w> 
 <w id="w9.2.19">zdravnika</w>
 <w id="w9.2.20">,</w> 
 <w id="w9.2.21">izkušenega</w> 
 <w id="w9.2.22">na</w> 
 <w id="w9.2.23">področju</w> 
 <w id="w9.2.24">uporabe</w> 
 <w id="w9.2.25">kemoterapije</w> 
 <w id="w9.2.26">proti</w> 
 <w id="w9.2.27">raku</w>
 <w id="w9.2.28">.</w>
</s>   
 
<s id="s9.3">
 <w id="w9.3.1">Zdravilo</w> 
 <w id="w9.3.2">Docetaxel</w> 
 <w id="w9.3.3">Winthrop</w> 
 <w id="w9.3.4">se</w> 
 <w id="w9.3.5">uporablja</w> 
 <w id="w9.3.6">le</w>
 <w id="w9.3.7">,</w> 
 <w id="w9.3.8">kadar</w> 
 <w id="w9.3.9">je</w> 
 <w id="w9.3.10">število</w> 
 <w id="w9.3.11">nevtrofilcev</w> 
 <w id="w9.3.12">(</w>
 <w id="w9.3.13">vrste</w> 
 <w id="w9.3.14">belih</w> 
 <w id="w9.3.15">krvnih</w> 
 <w id="w9.3.16">celic</w>
 <w id="w9.3.17">)</w>   
 <w id="w9.3.18">vsaj</w> 
 <w id="w9.3.19">1500</w> 
 <w id="w9.3.20">celic/</w>
 <w id="w9.3.21">mm3</w>
 <w id="w9.3.22">.</w>
</s> 
 
<s id="s9.4">
 <w id="w9.4.1">Dan</w> 
 <w id="w9.4.2">pred</w> 
 <w id="w9.4.3">zdravljenjem</w> 
 <w id="w9.4.4">(</w>
 <w id="w9.4.5">za</w> 
 <w id="w9.4.6">rak</w> 
 <w id="w9.4.7">prostate</w>
 <w id="w9.4.8">)</w> 
 <w id="w9.4.9">ali</w> 
 <w id="w9.4.10">dan</w> 
 <w id="w9.4.11">pred</w> 
 <w id="w9.4.12">zdravljenjem</w> 
 <w id="w9.4.13">in</w> 
 <w id="w9.4.14">dva</w> 
 <w id="w9.4.15">dni</w> 
 <w id="w9.4.16">po</w>   
 <w id="w9.4.17">njem</w> 
 <w id="w9.4.18">(</w>
 <w id="w9.4.19">za</w> 
 <w id="w9.4.20">druge</w> 
 <w id="w9.4.21">vrste</w> 
 <w id="w9.4.22">rakov</w>
 <w id="w9.4.23">)</w> 
 <w id="w9.4.24">je</w> 
 <w id="w9.4.25">treba</w> 
 <w id="w9.4.26">bolniku</w> 
 <w id="w9.4.27">dajati</w> 
 <w id="w9.4.28">deksametazon</w> 
 <w id="w9.4.29">(</w>
 <w id="w9.4.30">protivnetno</w> 
 <w id="w9.4.31">zdravilo</w>
 <w id="w9.4.32">)</w>
 <w id="w9.4.33">.</w>
</s> 
 
<s id="s9.5">
 <w id="w9.5.1">Zdravilo</w>   
 <w id="w9.5.2">Docetaxel</w> 
 <w id="w9.5.3">Winthrop</w> 
 <w id="w9.5.4">se</w> 
 <w id="w9.5.5">daje</w> 
 <w id="w9.5.6">v</w> 
 <w id="w9.5.7">obliki</w> 
 <w id="w9.5.8">enourne</w> 
 <w id="w9.5.9">infuzije</w> 
 <w id="w9.5.10">vsake</w> 
 <w id="w9.5.11">tri</w> 
 <w id="w9.5.12">tedne</w>
 <w id="w9.5.13">.</w>
</s> 
 
<s id="s9.6">
 <w id="w9.6.1">Odmerek</w>
 <w id="w9.6.2">,</w> 
 <w id="w9.6.3">trajanje</w> 
 <w id="w9.6.4">zdravljenja</w> 
 <w id="w9.6.5">in</w>   
 <w id="w9.6.6">njegova</w> 
 <w id="w9.6.7">souporaba</w> 
 <w id="w9.6.8">z</w> 
 <w id="w9.6.9">drugimi</w> 
 <w id="w9.6.10">zdravili</w> 
 <w id="w9.6.11">so</w> 
 <w id="w9.6.12">odvisni</w> 
 <w id="w9.6.13">od</w> 
 <w id="w9.6.14">vrste</w> 
 <w id="w9.6.15">raka</w>
 <w id="w9.6.16">,</w> 
 <w id="w9.6.17">ki</w> 
 <w id="w9.6.18">se</w> 
 <w id="w9.6.19">zdravi</w>
 <w id="w9.6.20">.</w>
</s> 
 
<s id="s9.7">
 <w id="w9.7.1">Za</w> 
 <w id="w9.7.2">več</w> 
 <w id="w9.7.3">informacij</w> 
 <w id="w9.7.4">glejte</w>   
 <w id="w9.7.5">Povzetek</w> 
 <w id="w9.7.6">glavnih</w> 
 <w id="w9.7.7">značilnosti</w> 
 <w id="w9.7.8">zdravila</w>
 <w id="w9.7.9">.</w>
</s>                                        
 
<s id="s9.8">
 <w id="w9.8.1">7</w> 
 <w id="w9.8.2">Westferry</w> 
 <w id="w9.8.3">Circus</w>
 <w id="w9.8.4">,</w> 
 <w id="w9.8.5">Canary</w> 
 <w id="w9.8.6">Wharf</w>
 <w id="w9.8.7">,</w> 
 <w id="w9.8.8">London</w> 
 <w id="w9.8.9">E14</w> 
 <w id="w9.8.10">4HB</w>
 <w id="w9.8.11">,</w> 
 <w id="w9.8.12">UK</w>                                            
 <w id="w9.8.13">Tel</w>
 <w id="w9.8.14">.</w>
</s> 
 
<s id="s9.9">
 <w id="w9.9.1">(</w>
 <w id="w9.9.2">44-</w>
 <w id="w9.9.3">20</w>
 <w id="w9.9.4">)</w> 
 <w id="w9.9.5">74</w> 
 <w id="w9.9.6">18</w> 
 <w id="w9.9.7">84</w> 
 <w id="w9.9.8">00</w> 
 <w id="w9.9.9">Fax</w> 
 <w id="w9.9.10">(</w>
 <w id="w9.9.11">44-</w>
 <w id="w9.9.12">20</w>
 <w id="w9.9.13">)</w> 
 <w id="w9.9.14">74</w> 
 <w id="w9.9.15">18</w> 
 <w id="w9.9.16">84</w> 
 <w id="w9.9.17">16</w>                                       
 <w id="w9.9.18">E-</w>
 <w id="w9.9.19">mail</w>
 <w id="w9.9.20">:</w> 
 <w id="w9.9.21">mail@</w>
 <w id="w9.9.22">emea.</w>
 <w id="w9.9.23">europa.</w>
 <w id="w9.9.24">eu</w> 
 <w id="w9.9.25">http</w>
 <w id="w9.9.26">:</w>
 <w id="w9.9.27">//</w>
 <w id="w9.9.28">www.</w>
 <w id="w9.9.29">emea.</w>
 <w id="w9.9.30">europa.</w>
 <w id="w9.9.31">eu</w> 
 <w id="w9.9.32">©EMEA</w> 
 <w id="w9.9.33">2008</w> 
 <w id="w9.9.34">Reproduction</w> 
 <w id="w9.9.35">and/</w>
 <w id="w9.9.36">or</w> 
 <w id="w9.9.37">distribution</w> 
 <w id="w9.9.38">of</w> 
 <w id="w9.9.39">this</w> 
 <w id="w9.9.40">document</w> 
 <w id="w9.9.41">is</w> 
 <w id="w9.9.42">authorised</w> 
 <w id="w9.9.43">for</w> 
 <w id="w9.9.44">non</w> 
 <w id="w9.9.45">commercial</w> 
 <w id="w9.9.46">purposes</w> 
 <w id="w9.9.47">only</w> 
 <w id="w9.9.48">provided</w> 
 <w id="w9.9.49">the</w> 
 <w id="w9.9.50">EMEA</w> 
 <w id="w9.9.51">is</w> 
 <w id="w9.9.52">acknowledged</w> 
 <w id="w9.9.53">Kako</w> 
 <w id="w9.9.54">zdravilo</w> 
 <w id="w9.9.55">Docetaxel</w> 
 <w id="w9.9.56">Winthrop</w> 
 <w id="w9.9.57">deluje</w>
 <w id="w9.9.58">?</w>
</s> 
 
<s id="s9.10">
 <w id="w9.10.1">Zdravilna</w> 
 <w id="w9.10.2">učinkovina</w> 
 <w id="w9.10.3">zdravila</w> 
 <w id="w9.10.4">Docetaxel</w> 
 <w id="w9.10.5">Winthrop</w>
 <w id="w9.10.6">,</w> 
 <w id="w9.10.7">docetaksel</w>
 <w id="w9.10.8">,</w> 
 <w id="w9.10.9">spada</w> 
 <w id="w9.10.10">v</w> 
 <w id="w9.10.11">skupino</w> 
 <w id="w9.10.12">zdravil</w> 
 <w id="w9.10.13">proti</w> 
 <w id="w9.10.14">raku</w>
 <w id="w9.10.15">,</w> 
 <w id="w9.10.16">imenovanih</w> 
 <w id="w9.10.17">taksani</w>
 <w id="w9.10.18">.</w>
</s> 
 
<s id="s9.11">
 <w id="w9.11.1">Docetaksel</w> 
 <w id="w9.11.2">blokira</w> 
 <w id="w9.11.3">sposobnost</w> 
 <w id="w9.11.4">celic</w> 
 <w id="w9.11.5">za</w> 
 <w id="w9.11.6">uničevanje</w> 
 <w id="w9.11.7">notranjega</w> 
 <w id="w9.11.8">„</w>
 <w id="w9.11.9">skeleta</w>
 <w id="w9.11.10">“</w>
 <w id="w9.11.11">,</w> 
 <w id="w9.11.12">kar</w> 
 <w id="w9.11.13">jim</w> 
 <w id="w9.11.14">omogoča</w> 
 <w id="w9.11.15">deljenje</w> 
 <w id="w9.11.16">in</w> 
 <w id="w9.11.17">razmnoževanje</w>
 <w id="w9.11.18">.</w>
</s> 
 
<s id="s9.12">
 <w id="w9.12.1">Če</w> 
 <w id="w9.12.2">je</w> 
 <w id="w9.12.3">skelet</w> 
 <w id="w9.12.4">še</w> 
 <w id="w9.12.5">vedno</w> 
 <w id="w9.12.6">zdrav</w>
 <w id="w9.12.7">,</w> 
 <w id="w9.12.8">se</w> 
 <w id="w9.12.9">celice</w> 
 <w id="w9.12.10">ne</w> 
 <w id="w9.12.11">morejo</w> 
 <w id="w9.12.12">deliti</w> 
 <w id="w9.12.13">in</w> 
 <w id="w9.12.14">sčasoma</w> 
 <w id="w9.12.15">odmrejo</w>
 <w id="w9.12.16">.</w>
</s> 
 
<s id="s9.13">
 <w id="w9.13.1">Docetaksel</w> 
 <w id="w9.13.2">učinkuje</w> 
 <w id="w9.13.3">tudi</w> 
 <w id="w9.13.4">na</w> 
 <w id="w9.13.5">nerakave</w> 
 <w id="w9.13.6">celice</w>
 <w id="w9.13.7">,</w> 
 <w id="w9.13.8">kot</w> 
 <w id="w9.13.9">so</w> 
 <w id="w9.13.10">krvne</w> 
 <w id="w9.13.11">celice</w>
 <w id="w9.13.12">,</w> 
 <w id="w9.13.13">kar</w> 
 <w id="w9.13.14">lahko</w> 
 <w id="w9.13.15">povzroča</w> 
 <w id="w9.13.16">neželene</w> 
 <w id="w9.13.17">učinke</w>
 <w id="w9.13.18">.</w>
</s></p>

<p id="10">
<s id="s10.1">
 <w id="w10.1.1">Kako</w> 
 <w id="w10.1.2">je</w> 
 <w id="w10.1.3">bilo</w> 
 <w id="w10.1.4">zdravilo</w> 
 <w id="w10.1.5">Docetaxel</w> 
 <w id="w10.1.6">Winthrop</w> 
 <w id="w10.1.7">raziskano</w>
 <w id="w10.1.8">?</w>
</s> 
 
<s id="s10.2">
 <w id="w10.2.1">Zdravilo</w> 
 <w id="w10.2.2">Docetaxel</w> 
 <w id="w10.2.3">Winthrop</w> 
 <w id="w10.2.4">so</w> 
 <w id="w10.2.5">preučevali</w> 
 <w id="w10.2.6">pri</w> 
 <w id="w10.2.7">približno</w> 
 <w id="w10.2.8">3.</w>
 <w id="w10.2.9">000</w> 
 <w id="w10.2.10">bolnicah</w> 
 <w id="w10.2.11">z</w> 
 <w id="w10.2.12">rakom</w> 
 <w id="w10.2.13">dojke</w>
 <w id="w10.2.14">,</w> 
 <w id="w10.2.15">1.</w>
 <w id="w10.2.16">900</w> 
 <w id="w10.2.17">bolnikih</w> 
 <w id="w10.2.18">s</w> 
 <w id="w10.2.19">pljučnim</w> 
 <w id="w10.2.20">rakom</w>
 <w id="w10.2.21">,</w> 
 <w id="w10.2.22">1000</w> 
 <w id="w10.2.23">bolnikih</w> 
 <w id="w10.2.24">z</w> 
 <w id="w10.2.25">rakom</w> 
 <w id="w10.2.26">prostate</w>
 <w id="w10.2.27">,</w> 
 <w id="w10.2.28">445</w> 
 <w id="w10.2.29">bolnikih</w> 
 <w id="w10.2.30">z</w> 
 <w id="w10.2.31">želodčnim</w> 
 <w id="w10.2.32">rakom</w> 
 <w id="w10.2.33">in</w> 
 <w id="w10.2.34">897</w> 
 <w id="w10.2.35">bolnikih</w> 
 <w id="w10.2.36">z</w> 
 <w id="w10.2.37">rakom</w> 
 <w id="w10.2.38">glave</w> 
 <w id="w10.2.39">in</w> 
 <w id="w10.2.40">vratu</w>
 <w id="w10.2.41">.</w>
</s> 
 
<s id="s10.3">
 <w id="w10.3.1">Pri</w> 
 <w id="w10.3.2">večini</w> 
 <w id="w10.3.3">teh</w> 
 <w id="w10.3.4">študij</w> 
 <w id="w10.3.5">so</w> 
 <w id="w10.3.6">zdravilo</w> 
 <w id="w10.3.7">Docetaxel</w> 
 <w id="w10.3.8">Winthrop</w> 
 <w id="w10.3.9">kombinirali</w> 
 <w id="w10.3.10">z</w> 
 <w id="w10.3.11">drugimi</w> 
 <w id="w10.3.12">oblikami</w> 
 <w id="w10.3.13">zdravljenja</w> 
 <w id="w10.3.14">proti</w> 
 <w id="w10.3.15">raku</w> 
 <w id="w10.3.16">in</w> 
 <w id="w10.3.17">ga</w> 
 <w id="w10.3.18">primerjali</w> 
 <w id="w10.3.19">s</w> 
 <w id="w10.3.20">kombinacijami</w> 
 <w id="w10.3.21">različnih</w> 
 <w id="w10.3.22">oblik</w> 
 <w id="w10.3.23">zdravljenja</w> 
 <w id="w10.3.24">ali</w> 
 <w id="w10.3.25">enakim</w> 
 <w id="w10.3.26">zdravljenjem</w> 
 <w id="w10.3.27">brez</w> 
 <w id="w10.3.28">zdravila</w> 
 <w id="w10.3.29">Docetaxel</w> 
 <w id="w10.3.30">Winthrop</w>
 <w id="w10.3.31">.</w>
</s> 
 
<s id="s10.4">
 <w id="w10.4.1">Glavna</w> 
 <w id="w10.4.2">merila</w> 
 <w id="w10.4.3">učinkovitosti</w> 
 <w id="w10.4.4">zdravila</w> 
 <w id="w10.4.5">so</w> 
 <w id="w10.4.6">bila</w> 
 <w id="w10.4.7">stopnja</w> 
 <w id="w10.4.8">odziva</w> 
 <w id="w10.4.9">(</w>
 <w id="w10.4.10">odstotek</w> 
 <w id="w10.4.11">bolnikov</w>
 <w id="w10.4.12">,</w> 
 <w id="w10.4.13">pri</w> 
 <w id="w10.4.14">katerih</w> 
 <w id="w10.4.15">se</w> 
 <w id="w10.4.16">je</w> 
 <w id="w10.4.17">rak</w> 
 <w id="w10.4.18">odzval</w> 
 <w id="w10.4.19">na</w> 
 <w id="w10.4.20">zdravljenje</w>
 <w id="w10.4.21">)</w>
 <w id="w10.4.22">,</w> 
 <w id="w10.4.23">čas</w> 
 <w id="w10.4.24">do</w> 
 <w id="w10.4.25">napredovanja</w> 
 <w id="w10.4.26">bolezni</w> 
 <w id="w10.4.27">in</w> 
 <w id="w10.4.28">podaljšanje</w> 
 <w id="w10.4.29">časa</w> 
 <w id="w10.4.30">preživetja</w>
 <w id="w10.4.31">.</w>
</s></p>

<p id="11">
<s id="s11.1">
 <w id="w11.1.1">Kakšne</w> 
 <w id="w11.1.2">koristi</w> 
 <w id="w11.1.3">je</w> 
 <w id="w11.1.4">zdravilo</w> 
 <w id="w11.1.5">Docetaxel</w> 
 <w id="w11.1.6">Winthrop</w> 
 <w id="w11.1.7">izkazalo</w> 
 <w id="w11.1.8">med</w> 
 <w id="w11.1.9">raziskavami</w>
 <w id="w11.1.10">?</w>
</s> 
 
<s id="s11.2">
 <w id="w11.2.1">Dodajanje</w> 
 <w id="w11.2.2">zdravila</w> 
 <w id="w11.2.3">Docetaxel</w> 
 <w id="w11.2.4">Winthrop</w> 
 <w id="w11.2.5">drugim</w> 
 <w id="w11.2.6">oblikam</w> 
 <w id="w11.2.7">zdravljenja</w> 
 <w id="w11.2.8">proti</w> 
 <w id="w11.2.9">raku</w> 
 <w id="w11.2.10">je</w> 
 <w id="w11.2.11">pokazalo</w> 
 <w id="w11.2.12">pomembno</w> 
 <w id="w11.2.13">povečanje</w> 
 <w id="w11.2.14">stopnje</w> 
 <w id="w11.2.15">odziva</w>
 <w id="w11.2.16">,</w> 
 <w id="w11.2.17">napredovanja</w> 
 <w id="w11.2.18">bolezni</w> 
 <w id="w11.2.19">ali</w> 
 <w id="w11.2.20">preživetja</w> 
 <w id="w11.2.21">pri</w> 
 <w id="w11.2.22">vseh</w> 
 <w id="w11.2.23">petih</w> 
 <w id="w11.2.24">vrstah</w> 
 <w id="w11.2.25">raka</w> 
 <w id="w11.2.26">(</w>
 <w id="w11.2.27">raku</w> 
 <w id="w11.2.28">dojke</w>
 <w id="w11.2.29">,</w> 
 <w id="w11.2.30">nedrobnoceličnem</w> 
 <w id="w11.2.31">pljučnem</w> 
 <w id="w11.2.32">raku</w>
 <w id="w11.2.33">,</w> 
 <w id="w11.2.34">raku</w> 
 <w id="w11.2.35">prostate</w>
 <w id="w11.2.36">,</w> 
 <w id="w11.2.37">želodčnem</w> 
 <w id="w11.2.38">adenokarcinomu</w> 
 <w id="w11.2.39">in</w> 
 <w id="w11.2.40">raku</w> 
 <w id="w11.2.41">glave</w> 
 <w id="w11.2.42">in</w> 
 <w id="w11.2.43">vratu</w>
 <w id="w11.2.44">)</w>
 <w id="w11.2.45">.</w>
</s> 
 
<s id="s11.3">
 <w id="w11.3.1">Kadar</w> 
 <w id="w11.3.2">se</w> 
 <w id="w11.3.3">je</w> 
 <w id="w11.3.4">uporabljalo</w> 
 <w id="w11.3.5">kot</w> 
 <w id="w11.3.6">monoterapija</w> 
 <w id="w11.3.7">pri</w> 
 <w id="w11.3.8">raku</w> 
 <w id="w11.3.9">dojke</w>
 <w id="w11.3.10">,</w> 
 <w id="w11.3.11">je</w> 
 <w id="w11.3.12">bilo</w> 
 <w id="w11.3.13">zdravilo</w> 
 <w id="w11.3.14">Docetaxel</w> 
 <w id="w11.3.15">Winthrop</w> 
 <w id="w11.3.16">vsaj</w> 
 <w id="w11.3.17">tako</w> 
 <w id="w11.3.18">učinkovito</w> 
 <w id="w11.3.19">kot</w> 
 <w id="w11.3.20">primerjalna</w> 
 <w id="w11.3.21">zdravila</w>
 <w id="w11.3.22">,</w> 
 <w id="w11.3.23">včasih</w> 
 <w id="w11.3.24">pa</w> 
 <w id="w11.3.25">tudi</w> 
 <w id="w11.3.26">bolj</w> 
 <w id="w11.3.27">učinkovito</w> 
 <w id="w11.3.28">kot</w> 
 <w id="w11.3.29">primerjalna</w> 
 <w id="w11.3.30">zdravila</w>
 <w id="w11.3.31">.</w>
</s> 
 
<s id="s11.4">
 <w id="w11.4.1">Proti</w> 
 <w id="w11.4.2">pljučnemu</w> 
 <w id="w11.4.3">raku</w> 
 <w id="w11.4.4">je</w> 
 <w id="w11.4.5">bilo</w> 
 <w id="w11.4.6">učinkovitejše</w> 
 <w id="w11.4.7">kot</w> 
 <w id="w11.4.8">zdravljenje</w> 
 <w id="w11.4.9">z</w> 
 <w id="w11.4.10">najboljšo</w> 
 <w id="w11.4.11">podporno</w> 
 <w id="w11.4.12">nego</w>
 <w id="w11.4.13">.</w>
</s></p>

<p id="12">
<s id="s12.1">
 <w id="w12.1.1">Kakšna</w> 
 <w id="w12.1.2">tveganja</w> 
 <w id="w12.1.3">so</w> 
 <w id="w12.1.4">povezana</w> 
 <w id="w12.1.5">z</w> 
 <w id="w12.1.6">zdravilom</w> 
 <w id="w12.1.7">Docetaxel</w> 
 <w id="w12.1.8">Winthrop</w>
 <w id="w12.1.9">?</w>
</s> 
 
<s id="s12.2">
 <w id="w12.2.1">Najpogostejši</w> 
 <w id="w12.2.2">neželeni</w> 
 <w id="w12.2.3">učinki</w> 
 <w id="w12.2.4">pri</w> 
 <w id="w12.2.5">bolnikih</w>
 <w id="w12.2.6">,</w> 
 <w id="w12.2.7">ki</w> 
 <w id="w12.2.8">prejemajo</w> 
 <w id="w12.2.9">zdravilo</w> 
 <w id="w12.2.10">Docetaxel</w> 
 <w id="w12.2.11">Winthrop</w> 
 <w id="w12.2.12">(</w>
 <w id="w12.2.13">opaženi</w> 
 <w id="w12.2.14">pri</w> 
 <w id="w12.2.15">več</w> 
 <w id="w12.2.16">kot</w> 
 <w id="w12.2.17">1</w> 
 <w id="w12.2.18">bolniku</w> 
 <w id="w12.2.19">od</w> 
 <w id="w12.2.20">10</w>
 <w id="w12.2.21">)</w>
 <w id="w12.2.22">,</w> 
 <w id="w12.2.23">so</w> 
 <w id="w12.2.24">nevtropenija</w> 
 <w id="w12.2.25">(</w>
 <w id="w12.2.26">zmanjšano</w> 
 <w id="w12.2.27">število</w> 
 <w id="w12.2.28">belih</w> 
 <w id="w12.2.29">krvnih</w> 
 <w id="w12.2.30">celic</w>
 <w id="w12.2.31">)</w>
 <w id="w12.2.32">,</w> 
 <w id="w12.2.33">anemija</w> 
 <w id="w12.2.34">(</w>
 <w id="w12.2.35">zmanjšano</w> 
 <w id="w12.2.36">število</w> 
 <w id="w12.2.37">rdečih</w> 
 <w id="w12.2.38">krvnih</w> 
 <w id="w12.2.39">celic</w>
 <w id="w12.2.40">)</w>
 <w id="w12.2.41">,</w> 
 <w id="w12.2.42">trombocitopenija</w> 
 <w id="w12.2.43">(</w>
 <w id="w12.2.44">nizko</w> 
 <w id="w12.2.45">število</w> 
 <w id="w12.2.46">trombocitov</w>
 <w id="w12.2.47">)</w>
 <w id="w12.2.48">,</w> 
 <w id="w12.2.49">febrilna</w> 
 <w id="w12.2.50">nevtropenija</w> 
 <w id="w12.2.51">(</w>
 <w id="w12.2.52">nevtropenija</w> 
 <w id="w12.2.53">s</w> 
 <w id="w12.2.54">povišano</w> 
 <w id="w12.2.55">telesno</w> 
 <w id="w12.2.56">temperaturo</w>
 <w id="w12.2.57">)</w>
 <w id="w12.2.58">,</w> 
 <w id="w12.2.59">periferna</w> 
 <w id="w12.2.60">senzorična</w> 
 <w id="w12.2.61">nevropatija</w> 
 <w id="w12.2.62">(</w>
 <w id="w12.2.63">poškodbe</w> 
 <w id="w12.2.64">živcev</w>
 <w id="w12.2.65">,</w> 
 <w id="w12.2.66">katerih</w> 
 <w id="w12.2.67">posledica</w> 
 <w id="w12.2.68">je</w> 
 <w id="w12.2.69">otrplost</w>
 <w id="w12.2.70">,</w> 
 <w id="w12.2.71">mravljinčenje</w> 
 <w id="w12.2.72">in</w> 
 <w id="w12.2.73">bolečine</w> 
 <w id="w12.2.74">v</w> 
 <w id="w12.2.75">rokah</w> 
 <w id="w12.2.76">in</w> 
 <w id="w12.2.77">nogah</w>
 <w id="w12.2.78">)</w>
 <w id="w12.2.79">,</w> 
 <w id="w12.2.80">periferna</w> 
 <w id="w12.2.81">motorična</w> 
 <w id="w12.2.82">nevropatija</w> 
 <w id="w12.2.83">(</w>
 <w id="w12.2.84">poškodbe</w> 
 <w id="w12.2.85">živcev</w>
 <w id="w12.2.86">,</w> 
 <w id="w12.2.87">ki</w> 
 <w id="w12.2.88">otežujejo</w> 
 <w id="w12.2.89">koordinacijo</w> 
 <w id="w12.2.90">gibov</w>
 <w id="w12.2.91">)</w>
 <w id="w12.2.92">,</w> 
 <w id="w12.2.93">dizgevzija</w> 
 <w id="w12.2.94">(</w>
 <w id="w12.2.95">motnje</w> 
 <w id="w12.2.96">okušanja</w>
 <w id="w12.2.97">)</w>
 <w id="w12.2.98">,</w> 
 <w id="w12.2.99">dispneja</w> 
 <w id="w12.2.100">(</w>
 <w id="w12.2.101">zasoplost</w>
 <w id="w12.2.102">)</w>
 <w id="w12.2.103">,</w> 
 <w id="w12.2.104">stomatisis</w> 
 <w id="w12.2.105">(</w>
 <w id="w12.2.106">vnetje</w> 
 <w id="w12.2.107">ustne</w> 
 <w id="w12.2.108">sluznice</w>
 <w id="w12.2.109">)</w>
 <w id="w12.2.110">,</w> 
 <w id="w12.2.111">driska</w>
 <w id="w12.2.112">,</w> 
 <w id="w12.2.113">navzea</w> 
 <w id="w12.2.114">(</w>
 <w id="w12.2.115">občutek</w> 
 <w id="w12.2.116">slabosti</w>
 <w id="w12.2.117">)</w>
 <w id="w12.2.118">,</w> 
 <w id="w12.2.119">bruhanje</w>
 <w id="w12.2.120">,</w> 
 <w id="w12.2.121">alopecija</w> 
 <w id="w12.2.122">(</w>
 <w id="w12.2.123">izpadanje</w> 
 <w id="w12.2.124">las</w>
 <w id="w12.2.125">)</w>
 <w id="w12.2.126">,</w> 
 <w id="w12.2.127">kožne</w> 
 <w id="w12.2.128">reakcije</w>
 <w id="w12.2.129">,</w> 
 <w id="w12.2.130">prizadetost</w> 
 <w id="w12.2.131">nohtov</w>
 <w id="w12.2.132">,</w> 
 <w id="w12.2.133">mialgija</w> 
 <w id="w12.2.134">(</w>
 <w id="w12.2.135">bolečine</w> 
 <w id="w12.2.136">v</w> 
 <w id="w12.2.137">mišicah</w>
 <w id="w12.2.138">)</w>
 <w id="w12.2.139">,</w> 
 <w id="w12.2.140">anoreksija</w> 
 <w id="w12.2.141">(</w>
 <w id="w12.2.142">izguba</w> 
 <w id="w12.2.143">apetita</w>
 <w id="w12.2.144">)</w>
 <w id="w12.2.145">,</w> 
 <w id="w12.2.146">okužbe</w>
 <w id="w12.2.147">,</w> 
 <w id="w12.2.148">zastajanje</w> 
 <w id="w12.2.149">tekočine</w>
 <w id="w12.2.150">,</w> 
 <w id="w12.2.151">astenija</w> 
 <w id="w12.2.152">(</w>
 <w id="w12.2.153">šibkost</w>
 <w id="w12.2.154">)</w>
 <w id="w12.2.155">,</w> 
 <w id="w12.2.156">bolečine</w> 
 <w id="w12.2.157">in</w> 
 <w id="w12.2.158">preobčutljivost</w> 
 <w id="w12.2.159">(</w>
 <w id="w12.2.160">alergične</w> 
 <w id="w12.2.161">reakcije</w>
 <w id="w12.2.162">)</w>
 <w id="w12.2.163">.</w>
</s> 
 
<s id="s12.3">
 <w id="w12.3.1">Ti</w> 
 <w id="w12.3.2">neželeni</w> 
 <w id="w12.3.3">učinki</w> 
 <w id="w12.3.4">so</w> 
 <w id="w12.3.5">lahko</w> 
 <w id="w12.3.6">še</w> 
 <w id="w12.3.7">hujši</w>
 <w id="w12.3.8">,</w> 
 <w id="w12.3.9">kadar</w> 
 <w id="w12.3.10">se</w> 
 <w id="w12.3.11">zdravilo</w> 
 <w id="w12.3.12">Docetaxel</w> 
 <w id="w12.3.13">Winthrop</w> 
 <w id="w12.3.14">uporablja</w> 
 <w id="w12.3.15">z</w> 
 <w id="w12.3.16">drugimi</w> 
 <w id="w12.3.17">zdravili</w> 
 <w id="w12.3.18">proti</w> 
 <w id="w12.3.19">raku</w>
 <w id="w12.3.20">.</w>
</s> 
 
<s id="s12.4">
 <w id="w12.4.1">Za</w> 
 <w id="w12.4.2">celoten</w> 
 <w id="w12.4.3">seznam</w> 
 <w id="w12.4.4">neželenih</w> 
 <w id="w12.4.5">učinkov</w>
 <w id="w12.4.6">,</w> 
 <w id="w12.4.7">o</w> 
 <w id="w12.4.8">katerih</w> 
 <w id="w12.4.9">so</w> 
 <w id="w12.4.10">poročali</w> 
 <w id="w12.4.11">pri</w> 
 <w id="w12.4.12">uporabi</w> 
 <w id="w12.4.13">zdravila</w> 
 <w id="w12.4.14">Docetaxel</w> 
 <w id="w12.4.15">Winthrop</w>
 <w id="w12.4.16">,</w> 
 <w id="w12.4.17">glejte</w> 
 <w id="w12.4.18">Navodilo</w> 
 <w id="w12.4.19">za</w> 
 <w id="w12.4.20">uporabo</w>
 <w id="w12.4.21">.</w>
</s> 
 
<s id="s12.5">
 <w id="w12.5.1">Zdravila</w> 
 <w id="w12.5.2">Docetaxel</w> 
 <w id="w12.5.3">Winthrop</w> 
 <w id="w12.5.4">se</w> 
 <w id="w12.5.5">ne</w> 
 <w id="w12.5.6">sme</w> 
 <w id="w12.5.7">uporabljati</w> 
 <w id="w12.5.8">pri</w> 
 <w id="w12.5.9">osebah</w>
 <w id="w12.5.10">,</w> 
 <w id="w12.5.11">ki</w> 
 <w id="w12.5.12">utegnejo</w> 
 <w id="w12.5.13">biti</w> 
 <w id="w12.5.14">preobčutljive</w> 
 <w id="w12.5.15">za</w> 
 <w id="w12.5.16">(</w>
 <w id="w12.5.17">alergične</w> 
 <w id="w12.5.18">na</w>
 <w id="w12.5.19">)</w> 
 <w id="w12.5.20">docetaksel</w> 
 <w id="w12.5.21">ali</w> 
 <w id="w12.5.22">katero</w> 
 <w id="w12.5.23">koli</w> 
 <w id="w12.5.24">drugo</w> 
 <w id="w12.5.25">sestavino</w> 
 <w id="w12.5.26">zdravila</w>
 <w id="w12.5.27">.</w>
</s> 
 
<s id="s12.6">
 <w id="w12.6.1">Zdravila</w> 
 <w id="w12.6.2">Docetaxel</w> 
 <w id="w12.6.3">Winthrop</w> 
 <w id="w12.6.4">se</w> 
 <w id="w12.6.5">ne</w> 
 <w id="w12.6.6">sme</w> 
 <w id="w12.6.7">uporabljati</w> 
 <w id="w12.6.8">pri</w> 
 <w id="w12.6.9">bolnikih</w> 
 <w id="w12.6.10">s</w> 
 <w id="w12.6.11">številom</w> 
 <w id="w12.6.12">nevtrofilcev</w>
 <w id="w12.6.13">,</w> 
 <w id="w12.6.14">manjšim</w> 
 <w id="w12.6.15">od</w> 
 <w id="w12.6.16">1.</w>
 <w id="w12.6.17">500</w> 
 <w id="w12.6.18">celic/</w>
 <w id="w12.6.19">mm3</w>
 <w id="w12.6.20">,</w> 
 <w id="w12.6.21">pri</w> 
 <w id="w12.6.22">nosečnicah</w> 
 <w id="w12.6.23">ali</w> 
 <w id="w12.6.24">ženskah</w>
 <w id="w12.6.25">,</w> 
 <w id="w12.6.26">ki</w> 
 <w id="w12.6.27">dojijo</w>
 <w id="w12.6.28">,</w> 
 <w id="w12.6.29">ali</w> 
 <w id="w12.6.30">pri</w> 
 <w id="w12.6.31">bolnikih</w> 
 <w id="w12.6.32">s</w> 
 <w id="w12.6.33">hudo</w> 
 <w id="w12.6.34">boleznijo</w> 
 <w id="w12.6.35">jeter</w>
 <w id="w12.6.36">.</w>
</s></p>

<p id="13">
<s id="s13.1">
 <w id="w13.1.1">Zakaj</w> 
 <w id="w13.1.2">je</w> 
 <w id="w13.1.3">bilo</w> 
 <w id="w13.1.4">zdravilo</w> 
 <w id="w13.1.5">Docetaxel</w> 
 <w id="w13.1.6">Winthrop</w> 
 <w id="w13.1.7">odobreno</w>
 <w id="w13.1.8">?</w>
</s> 
 
<s id="s13.2">
 <w id="w13.2.1">Odbor</w> 
 <w id="w13.2.2">za</w> 
 <w id="w13.2.3">zdravila</w> 
 <w id="w13.2.4">za</w> 
 <w id="w13.2.5">uporabo</w> 
 <w id="w13.2.6">v</w> 
 <w id="w13.2.7">humani</w> 
 <w id="w13.2.8">medicini</w> 
 <w id="w13.2.9">(</w>
 <w id="w13.2.10">CHMP</w>
 <w id="w13.2.11">)</w> 
 <w id="w13.2.12">meni</w>
 <w id="w13.2.13">,</w> 
 <w id="w13.2.14">da</w> 
 <w id="w13.2.15">so</w> 
 <w id="w13.2.16">za</w> 
 <w id="w13.2.17">zdravljenje</w> 
 <w id="w13.2.18">raka</w> 
 <w id="w13.2.19">dojke</w>
 <w id="w13.2.20">,</w> 
 <w id="w13.2.21">nedrobnoceličnega</w> 
 <w id="w13.2.22">pljučnega</w> 
 <w id="w13.2.23">raka</w>
 <w id="w13.2.24">,</w> 
 <w id="w13.2.25">raka</w> 
 <w id="w13.2.26">prostate</w>
 <w id="w13.2.27">,</w> 
 <w id="w13.2.28">želodčnega</w> 
 <w id="w13.2.29">adenokarcinoma</w> 
 <w id="w13.2.30">in</w> 
 <w id="w13.2.31">raka</w> 
 <w id="w13.2.32">skvamoznih</w> 
 <w id="w13.2.33">celic</w> 
 <w id="w13.2.34">v</w> 
 <w id="w13.2.35">glavi</w> 
 <w id="w13.2.36">in</w> 
 <w id="w13.2.37">vratu</w> 
 <w id="w13.2.38">koristi</w> 
 <w id="w13.2.39">zdravila</w> 
 <w id="w13.2.40">Docetaxel</w> 
 <w id="w13.2.41">Winthrop</w> 
 <w id="w13.2.42">večje</w> 
 <w id="w13.2.43">od</w> 
 <w id="w13.2.44">z</w> 
 <w id="w13.2.45">njim</w> 
 <w id="w13.2.46">povezanih</w> 
 <w id="w13.2.47">tveganj</w>
 <w id="w13.2.48">.</w>
</s> 
 
<s id="s13.3">
 <w id="w13.3.1">Odbor</w> 
 <w id="w13.3.2">je</w> 
 <w id="w13.3.3">zato</w> 
 <w id="w13.3.4">priporočil</w>
 <w id="w13.3.5">,</w> 
 <w id="w13.3.6">da</w> 
 <w id="w13.3.7">se</w> 
 <w id="w13.3.8">za</w> 
 <w id="w13.3.9">zdravilo</w> 
 <w id="w13.3.10">Docetaxel</w> 
 <w id="w13.3.11">Winthrop</w> 
 <w id="w13.3.12">odobri</w> 
 <w id="w13.3.13">dovoljenje</w> 
 <w id="w13.3.14">za</w> 
 <w id="w13.3.15">promet</w>
 <w id="w13.3.16">.</w>
</s></p>

<p id="14">
<s id="s14.1">
 <w id="w14.1.1">Druge</w> 
 <w id="w14.1.2">informacije</w> 
 <w id="w14.1.3">o</w> 
 <w id="w14.1.4">zdravilu</w> 
 <w id="w14.1.5">Docetaxel</w> 
 <w id="w14.1.6">Winthrop</w>
 <w id="w14.1.7">:</w>
</s> 
 
<s id="s14.2">
 <w id="w14.2.1">Evropska</w> 
 <w id="w14.2.2">komisija</w> 
 <w id="w14.2.3">je</w> 
 <w id="w14.2.4">dovoljenje</w> 
 <w id="w14.2.5">za</w> 
 <w id="w14.2.6">promet</w> 
 <w id="w14.2.7">z</w> 
 <w id="w14.2.8">zdravilom</w> 
 <w id="w14.2.9">Docetaxel</w> 
 <w id="w14.2.10">Winthrop</w>
 <w id="w14.2.11">,</w> 
 <w id="w14.2.12">veljavno</w> 
 <w id="w14.2.13">po</w> 
 <w id="w14.2.14">vsej</w> 
 <w id="w14.2.15">Evropski</w> 
 <w id="w14.2.16">uniji</w>
 <w id="w14.2.17">,</w> 
 <w id="w14.2.18">odobrila</w> 
 <w id="w14.2.19">družbi</w> 
 <w id="w14.2.20">Aventis</w> 
 <w id="w14.2.21">Pharma</w> 
 <w id="w14.2.22">S.</w>
 <w id="w14.2.23">A</w>
 <w id="w14.2.24">.</w> 
 <w id="w14.2.25">dne</w> 
 <w id="w14.2.26">20</w> 
 <w id="w14.2.27">aprila</w> 
 <w id="w14.2.28">2007</w>
 <w id="w14.2.29">.</w>
</s></p>

<p id="15">
<s id="s15.1">
 <w id="w15.1.1">Celotno</w> 
 <w id="w15.1.2">Evropsko</w> 
 <w id="w15.1.3">javno</w> 
 <w id="w15.1.4">poročilo</w> 
 <w id="w15.1.5">o</w> 
 <w id="w15.1.6">oceni</w> 
 <w id="w15.1.7">zdravila</w> 
 <w id="w15.1.8">(</w>
 <w id="w15.1.9">EPAR</w>
 <w id="w15.1.10">)</w> 
 <w id="w15.1.11">za</w> 
 <w id="w15.1.12">zdravilo</w> 
 <w id="w15.1.13">Docetaxel</w> 
 <w id="w15.1.14">Winthrop</w> 
 <w id="w15.1.15">je</w> 
 <w id="w15.1.16">na</w> 
 <w id="w15.1.17">voljo</w> 
 <w id="w15.1.18">tukaj</w>
 <w id="w15.1.19">.</w>
</s> 
 
<s id="s15.2">
 <w id="w15.2.1">Povzetek</w> 
 <w id="w15.2.2">je</w> 
 <w id="w15.2.3">bil</w> 
 <w id="w15.2.4">nazadnje</w> 
 <w id="w15.2.5">posodobljen</w> 
 <w id="w15.2.6">11-</w>
 <w id="w15.2.7">2007</w>
 <w id="w15.2.8">.</w>
</s></p>

<p id="16">
<s id="s16.1">
 <w id="w16.1.1">©EMEA</w> 
 <w id="w16.1.2">2008</w>
</s></p>

<head id="17">
<s id="s17.1">
 <w id="w17.1.1">2/</w>
 <w id="w17.1.2">2</w>
</s></head></text>
