<?xml version="1.0" encoding="utf-8"?>
<text>
<head id="1">
<s id="s1.1">
 <w id="w1.1.1">Številka</w> 
 <w id="w1.1.2">EU</w>       
 <w id="w1.1.3">EU/</w>
 <w id="w1.1.4">1/</w>
 <w id="w1.1.5">07/</w>
 <w id="w1.1.6">384/</w>
 <w id="w1.1.7">001</w>
</s></head>

<head id="2">
<s id="s2.1">
 <w id="w2.1.1">Izmišljeno</w> 
 <w id="w2.1.2">ime</w>       
 <w id="w2.1.3">Docetaxel</w> 
 <w id="w2.1.4">Winthrop</w>
</s></head>

<p id="3">
<s id="s3.1">
 <w id="w3.1.1">jakost</w>   
 <w id="w3.1.2">20</w> 
 <w id="w3.1.3">mg</w>
</s></p>

<p id="4">
<s id="s4.1">
 <w id="w4.1.1">farmacevtska</w> 
 <w id="w4.1.2">oblika</w>         
 <w id="w4.1.3">koncentrat</w> 
 <w id="w4.1.4">in</w> 
 <w id="w4.1.5">vehikel</w> 
 <w id="w4.1.6">za</w>    
 <w id="w4.1.7">raztopino</w> 
 <w id="w4.1.8">za</w> 
 <w id="w4.1.9">infundiranje</w>
</s></p>

<p id="5">
<s id="s5.1">
 <w id="w5.1.1">pot</w> 
 <w id="w5.1.2">uporabe</w>           
 <w id="w5.1.3">intravenska</w> 
 <w id="w5.1.4">uporaba</w>
</s></p>

<p id="6">
<s id="s6.1">
 <w id="w6.1.1">ovojnina</w>                     
 <w id="w6.1.2">koncentrat</w>
 <w id="w6.1.3">:</w> 
 <w id="w6.1.4">viala</w> 
 <w id="w6.1.5">(</w>
 <w id="w6.1.6">steklo</w>
 <w id="w6.1.7">)</w>   
 <w id="w6.1.8">vehikel</w>
 <w id="w6.1.9">:</w> 
 <w id="w6.1.10">viala</w> 
 <w id="w6.1.11">(</w>
 <w id="w6.1.12">steklo</w>
 <w id="w6.1.13">)</w>
</s></p>

<p id="7">
<s id="s7.1">
 <w id="w7.1.1">vsebina</w>             
 <w id="w7.1.2">koncentrat</w>
 <w id="w7.1.3">:</w>
</s> 
 
<s id="s7.2">
 <w id="w7.2.1">0,</w>
 <w id="w7.2.2">5ml</w>   
 <w id="w7.2.3">vehikel</w>
 <w id="w7.2.4">:</w>
</s> 
 
<s id="s7.3">
 <w id="w7.3.1">1,</w>
 <w id="w7.3.2">5</w> 
 <w id="w7.3.3">ml</w>
</s></p>

<p id="8">
<s id="s8.1">
 <w id="w8.1.1">velikost</w> 
 <w id="w8.1.2">pakiranja</w> 
 <w id="w8.1.3">1</w> 
 <w id="w8.1.4">viala</w> 
 <w id="w8.1.5">+</w> 
 <w id="w8.1.6">1</w> 
 <w id="w8.1.7">viala</w>
</s></p>

<head id="9">
<s id="s9.1">
 <w id="w9.1.1">EU/</w>
 <w id="w9.1.2">1/</w>
 <w id="w9.1.3">07/</w>
 <w id="w9.1.4">384/</w>
 <w id="w9.1.5">002</w>
</s></head>

<head id="10">
<s id="s10.1">
 <w id="w10.1.1">Docetaxel</w> 
 <w id="w10.1.2">Winthrop</w>
</s></head>

<head id="11">
<s id="s11.1">
 <w id="w11.1.1">80</w> 
 <w id="w11.1.2">mg</w>
</s></head>

<p id="12">
<s id="s12.1">
 <w id="w12.1.1">koncentrat</w> 
 <w id="w12.1.2">in</w> 
 <w id="w12.1.3">vehikel</w> 
 <w id="w12.1.4">za</w>    
 <w id="w12.1.5">raztopino</w> 
 <w id="w12.1.6">za</w> 
 <w id="w12.1.7">infundiranje</w>
</s></p>

<p id="13">
<s id="s13.1">
 <w id="w13.1.1">intravenska</w> 
 <w id="w13.1.2">uporaba</w>
</s></p>

<p id="14">
<s id="s14.1">
 <w id="w14.1.1">koncentrat</w>
 <w id="w14.1.2">:</w> 
 <w id="w14.1.3">viala</w> 
 <w id="w14.1.4">(</w>
 <w id="w14.1.5">steklo</w>
 <w id="w14.1.6">)</w>   
 <w id="w14.1.7">vehikel</w>
 <w id="w14.1.8">:</w> 
 <w id="w14.1.9">viala</w> 
 <w id="w14.1.10">(</w>
 <w id="w14.1.11">steklo</w>
 <w id="w14.1.12">)</w>
</s></p>

<p id="15">
<s id="s15.1">
 <w id="w15.1.1">koncentrat</w>
 <w id="w15.1.2">:</w>
</s> 
 
<s id="s15.2">
 <w id="w15.2.1">2</w> 
 <w id="w15.2.2">ml</w>    
 <w id="w15.2.3">vehikel</w>
 <w id="w15.2.4">:</w>
</s> 
 
<s id="s15.3">
 <w id="w15.3.1">6</w> 
 <w id="w15.3.2">ml</w>
</s></p>

<head id="16">
<s id="s16.1">
 <w id="w16.1.1">1</w> 
 <w id="w16.1.2">viala</w> 
 <w id="w16.1.3">+</w> 
 <w id="w16.1.4">1</w> 
 <w id="w16.1.5">viala</w>
</s></head>

<p id="17">
<s id="s17.1">
 <w id="w17.1.1">1/</w>
 <w id="w17.1.2">1</w>
</s></p></text>
