<?xml version="1.0" encoding="utf-8"?>
<letsmt version="1.0">
<head></head>
<body>
<s id="s1.1">European Medicines Agency Evaluation of Medicines for Human Use</s>
<s id="s2.1">London, 29. maj 2007 Dok. ref.</s>
<s id="s2.2">EMEA/ CHMP/ 274921/ 2007</s>
<s id="s3.1">ODBOR ZA ZDRAVILA ZA UPORABO V HUMANI MEDICINI (CHMP)</s>
<s id="s4.1">MNENJE V ZVEZI Z NAPOTITVIJO V SKLADU S ČLENOM 30 ZA Xefo in z njim povezana imena Mednarodno nelastniško ime (INN): lornoxicam</s>
<s id="s5.1">OSNOVNI PODATKI</s>
<s id="s6.1">Zdravilo Xefo in z njim povezana imena, 4 mg in 8 mg filmsko obložene tablete, 8 mg filmsko obložene hitro delujoče tablete ter 8 mg prašek in vehikel za raztopino za injiciranje, je nesteroidno protivnetno zdravilo (NSPVZ), ki se uporablja za kratkotrajno blaženje akutnih blagih do zmerno hudih bolečin, simptomatsko blaženje bolečin in vnetij pri osteoartritisu ter simptomatsko blaženje bolečin in vnetij pri revmatoidnem artritisu.</s>
<s id="s7.1">Družba Nycomed Danmark Aps je dne 16. maja 2006 agenciji EMEA predložila napotitev v skladu s členom 30 Direktive 2001/ 83/ ES, da bi uskladila na nacionalni ravni odobrene povzetke glavnih značilnosti zdravila (SPC), navodila za uporabo ter označevanje zdravila Xefo in z njim povezanih imen.</s>
<s id="s8.1">Osnova za napotitev so bile razlike v povzetkih glavnih značilnosti za zdravilo Xefo in z njim povezanih imen, ki so bili odobreni v državah članicah EU, v zvezi s kratkotrajnim blaženjem akutnih blagih do zmernih bolečin, simptomatskim blaženjem bolečin in vnetij pri osteoartritisu in simptomatskim blaženjem bolečin in vnetij pri revmatoidnem artritisu.</s>
<s id="s9.1">Postopek se je začel 2. junija 2006.</s>
<s id="s9.2">Imetnik dovoljenja za promet z zdravilom je dodatne informacije predložil 21. septembra 2006 in 12. januarja 2007.</s>
<s id="s10.1">Na seji februarja 2007 se je CHMP na osnovi vseh predloženih podatkov in znanstvene razprave v odboru odločil, da je predlog za uskladitev Povzetka glavnih značilnosti zdravila, označevanja in Navodila za uporabo sprejemljiv in da bi jih bilo treba dopolniti.</s>
<s id="s11.1">CHMP je dne 22. februarja 2007 podal pozitivno mnenje in priporočil uskladitev Povzetka glavnih značilnosti zdravila, označevanja in Navodila za uporabo za zdravilo Xefo in z njim povezana imena.</s>
<s id="s12.1">Seznam zadevnih imen izdelkov je podan v Dodatku I.</s>
<s id="s12.2">Znanstveni zaključki so na voljo v Dodatku II, dopolnjeni Povzetek glavnih značilnosti zdravila, označevanje in Navodilo za uporabo pa v Dodatku III.</s>
<s id="s13.1">Evropska Komisija je sklep izdala dne 29. maja 2007.</s>
<s id="s14.1">7 Westferry Circus, Canary Wharf, London, E14 4HB, UK Tel.</s>
<s id="s14.2">(44- 20) 74 18 84 00 Fax (44- 20) 74 18 86 13 E- mail: mail@ emea. europa. eu http: // www. emea. europa. eu ©EMEA 2007 Reproduction and/ or distribution of this document is authorised for non commercial purposes only provided the EMEA is acknowledged</s>
</body>
</letsmt>
