<?xml version="1.0" encoding="utf-8"?>
<letsmt version="1.0">
<head></head>
<body>
<s id="s1.1">DODATEK I</s>
<s id="s2.1">POVZETEK GLAVNIH ZNAČILNOSTI ZDRAVILA</s>
<s id="s3.1">1/ 24 1.</s>
<s id="s3.2">IME ZDRAVILA ZA UPORABO V VETERINARSKI MEDICINI</s>
<s id="s4.1">SevoFlo, 100% para za inhaliranje, tekočina za pse.</s>
<s id="s5.1">2.</s>
<s id="s5.2">KAKOVOSTNA IN KOLIČINSKA SESTAVA</s>
<s id="s6.1">Zdravilna učinkovina:</s>
<s id="s6.2">Vsaka steklenica vsebuje 250 ml sevoflurana (100%).</s>
<s id="s7.1">3.</s>
<s id="s7.2">FARMACEVTSKA OBLIKA</s>
<s id="s8.1">Para za inhaliranje, tekočina.</s>
<s id="s9.1">4.</s>
<s id="s9.2">KLINIČNI PODATKI</s>
<s id="s10.1">4. 1 Ciljne živalske vrste</s>
<s id="s11.1">Psi.</s>
<s id="s12.1">4. 2 Indikacije za uporabo pri ciljnih živalskih vrstah</s>
<s id="s13.1">Za uvod v anestezijo in vzdrževanje anestezije.</s>
<s id="s14.1">4. 3 Kontraindikacije</s>
<s id="s15.1">Ne uporabljajte pri psih z znano preobčutljivostjo za sevofluran ali druge halogenirane anestetike.</s>
<s id="s15.2">Ne uporabljajte pri brejih psicah in psicah v laktaciji (glejte poglavje 4. 7).</s>
<s id="s15.3">Ne uporabljajte pri psih z znano genetsko preobčutljivostjo za maligno hipertermijo ali sumom nanjo.</s>
<s id="s15.4">Ne uporabljajte pri psih, mlajših od 12 tednov.</s>
<s id="s16.1">4. 4 Posebna opozorila za vsako ciljno živalsko vrsto</s>
<s id="s17.1">Jih ni.</s>
<s id="s18.1">4. 5 Posebni previdnostni ukrepi</s>
<s id="s19.1">Posebni previdnostni ukrepi za uporabo pri živalih Halogenirani hlapni anestetiki lahko reagirajo s suhimi absorbenti ogljikovega dioksida (CO2), tako da nastane ogljikov monoksid (CO), ki lahko pri nekaterih psih povzroči zvišano raven karboksihemoglobina.</s>
<s id="s19.2">Da to reakcijo v anestezijskih sistemih za povratno dihanje kar najbolj zmanjšamo, sevoflurana ne smemo speljati skozi zmes kalcijevega hidroksida z natrijevim ali kalijevim hidroksidom ali skozi barijev hidroksid, ki smo ga pustili, da se je posušil.</s>
<s id="s20.1">Eksotermna reakcija, ki nastopi med inhalacijskimi anestetiki (s sevofluranom vred) in absorberji za CO2, postane intenzivnejša, kadar se absorber za CO2 osuši, na primer po daljšem obdobju pretakanja suhega plina skozi posodo z absorberjem za CO2.</s>
<s id="s20.2">Poročajo o redkih primerih čezmernega nastajanja toplote, dima in/ ali ognja v anestezijskem aparatu pri uporabi osušenega absorberja za CO2 in sevoflurana.</s>
<s id="s20.3">Neobičajno zmanjšanje pričakovane globine anestezije glede na nastavitev hlapilnika utegne</s>
<s id="s21.1">ka</s>
<s id="s22.1">zati</s>
<s id="s23.1">na</s>
<s id="s24.1">čezmerno</s>
<s id="s25.1">segrevanje</s>
<s id="s26.1">posode z</s>
<s id="s27.1">absorberjem za</s>
<s id="s28.1">CO2.</s>
<s id="s29.1">Če posumite, da bi utegnil biti absorber za CO2 posušen, ga morate zamenjati.</s>
<s id="s29.2">Pri večini absorberjev za CO2 ni nujno, da se barvni indikator zaradi osušitve spremeni.</s>
<s id="s29.3">Zato odsotnosti pomembne</s>
<s id="s30.1">2/ 24 spremembe barve ne smete razumeti, kot da to zagotavlja zadostno hidracijo.</s>
<s id="s30.2">Absorberje za CO2 morate redno menjavati ne glede na stanje barvnega indikatorja.</s>
<s id="s31.1">1, 1, 3, 3, 3- pentafluoro- 2 - (fluorometoksi) propen (C4H2F6O), znan tudi kot spojina A, nastaja, kadar sevofluran reagira z zmesjo kalcijevega hidroksida z natrijevim ali kalijevim hidroksidom ali barijevim hidroksidom.</s>
<s id="s31.2">Reakcija z barijevim hidroksidom povzroči nastajanje več spojine A kot reakcija z zmesjo kalcijevega hidroksida z natrijevim ali kalijevim hidroksidom.</s>
<s id="s31.3">Njena koncentracija v krožnem sistemu z absorberjem raste z rastočimi koncentracijami sevoflurana in s padanjem hitrosti pretoka svežega plina.</s>
<s id="s31.4">Dokazali so, da se degradacija sevoflurana v zmesi kalcijevega hidroksida z natrijevim ali kalijevim hidroksidom zvečuje s temperaturo.</s>
<s id="s31.5">Ker je reakcija ogljikovega dioksida z absorbenti eksotermna, bo to zvišanje temperature določala količina absorbiranega CO2, le- ta pa bo odvisna od pretoka svežega plina v anestezijskem krožnem sistemu, presnovnega stanja psa in dihanja.</s>
<s id="s31.6">Čeprav je spojina A pri podganah od odmerka odvisen nefrotoksin, je mehanizem te toksičnosti za ledvice neznan.</s>
<s id="s31.7">Zaradi nevarnosti kopičenja spojine A se je treba dolgotrajni nizkopretočni sevofluranski anesteziji izogibati.</s>
<s id="s32.1">Med vzdrževanjem anestezije povzroči zviševanje koncentracije sevoflurana od odmerka odvisno zniževanje krvnega tlaka.</s>
<s id="s32.2">Zaradi majhne topnosti sevoflurana v krvi lahko te hemodinamske spremembe nastopijo hitreje kot pri drugih hlapnih anestetikih.</s>
<s id="s32.3">Med sevofluransko anestezijo je treba arterijski krvni tlak spremljati v kratkih presledkih.</s>
<s id="s32.4">Vsa potrebna oprema za umetno dihanje, obogatitev s kisikom in cirkulacijsko reanimacijo mora biti stalno pri roki.</s>
<s id="s32.5">Čezmerno znižanje krvnega tlaka ali čezmerna depresija dihanja utegneta biti povezana z globino anestezije in ju lahko popravimo z znižanjem vdihane koncentracije sevoflurana.</s>
<s id="s32.6">Nizka topnost sevoflurana tudi olajša hitro odstranitev iz telesa skozi pljuča.</s>
<s id="s32.7">Epizode hipotenzije med sevofluransko anestezijo lahko poslabšajo nefrotoksični potencial nekaterih nesteroidnih protivnetnih zdravil (NSAID), če jih uporabljamo v perioperativnem obdobju.</s>
<s id="s32.8">Zaradi vzdrževanja krvnega pretoka skozi ledvice se moramo pri psih pod sevofluransko anestezijo izogibati dolgotrajnim epizodam hipotenzije (srednji arterijski tlak pod 60 mmHg).</s>
<s id="s33.1">Če se razvije maligna hipertermija, je treba takoj prekiniti dovajanje anestetika in dati 100- odstotni kisik z uporabo svežih anestezijskih cevi in dihalnega balona.</s>
<s id="s33.2">Takoj je treba začeti z ustreznim zdravljenjem.</s>
<s id="s34.1">Ogroženi ali izčrpani psi:</s>
<s id="s34.2">Pri geriatričnih ali izčrpanih psih bo mogoče treba prilagoditi odmerke sevoflurana.</s>
<s id="s34.3">Odmerke, potrebne za vzdrževanje anestezije, bo pri geriatričnih psih mogoče treba zmanjšati za približno 0, 5% (t. j., 2, 8% do 3, 1% pri geriatričnih psih s premedikacijo in 3, 2 do 3, 3% pri geriatričnih psih brez premedikacije).</s>
<s id="s34.4">Omejene klinične izkušnje z uporabo sevoflurana pri psih z ledvično, jetrno in kardiovaskularno insuficienco kažejo, da lahko sevofluran pri teh boleznih varno uporabljamo.</s>
<s id="s34.5">Vendar priporočajo, da takšne živali med sevofluransko anestezijo skrbno spremljamo.</s>
<s id="s35.1">Sevofluran lahko v normokapniji povzroči majhno zvišanje intrakranialnega tlaka (ICP).</s>
<s id="s35.2">Pri psih s poškodbami glave ali drugimi boleznimi, zaradi katerih jih ogroža zvišani ICP, priporočajo kot sredstvo za preprečevanje sprememb ICP indukcijo hipokapnije s pomočjo kontrolirane hiperventilacije.</s>
<s id="s36.1">Posebni previdnostni ukrepi, ki jih mora izvajati oseba, ki živalim daje zdravilo Da bi kar najbolj zmanjšali izpostavitev hlapom sevoflurana, priporočamo naslednje:</s>
<s id="s37.1">• Kadar je možno, uporabljajte za uporabo SevoFlo med vzdrževalno anestezijo endotrahealni tubus z mešičkom. • Ne uporabljajte postopkov z masko za dolgotrajno uvajanje in vzdrževanje splošne anestezije. • Poskrbite, da bodo operacijske sobe in prostori za prebujanje živali opremljene z ustreznimi prezračevalnimi ali čistilnimi sistemi, ki bodo preprečevali kopičenje hlapov anestetika. • Vse sisteme za prečiščevanje zraka je treba ustrezno vzdrževati. • Nosečnice in doječe matere ne smejo priti v stik z zdravilom in se morajo izogibati operacijskim sobam in prostorom za prebujanje živali.</s>
<s id="s38.1">3/ 24 • Pri pripravi SevoFlo moramo biti previdni, morebitno razlito zdravilo je treba nemudoma odstraniti. • Ne vdihavajte hlapov neposredno. • Izogibajte se stiku preko ust. • Halogenirana anestetična sredstva lahko povzročijo okvaro jeter.</s>
<s id="s38.2">To je idiosinkratičen odziv, ki ga po ponovnem izpostavljanju vidimo precej redko. • S stališča varstva okolja velja za dobro prakso, da pri opremi za čiščenje zraka uporabljamo filtre iz oglja.</s>
<s id="s39.1">Neposredno izpostavljanje oči lahko povzroči blago draženje.</s>
<s id="s39.2">Če pride do izpostavljenosti očesa, je treba oko 15 minut spirati z veliko vode.</s>
<s id="s39.3">Če draženje trdovratno vztraja, je treba poiskati zdravniško pomoč.</s>
<s id="s40.1">V primeru nehotenega stika s kožo sperite prizadeti predel z obilico vode.</s>
<s id="s41.1">Med simptomi čezmerne izpostavljenosti (z vdihavanjem) hlapom sevoflurana pri človeku so depresija dihanja, hipotenzija, bradikardija, drgetanje, navzeja in glavobol.</s>
<s id="s41.2">Če se pojavijo ti simptomi, je treba osebo odstraniti od vira izpostavljenosti in poiskati zdravniško pomoč.</s>
<s id="s42.1">Nasvet za zdravnike:</s>
<s id="s42.2">Vzdržujte odprto zračno pot in nudite simptomatsko in podporno zdravljenje.</s>
<s id="s43.1">4. 6 Neželeni učinki (pogostost in resnost)</s>
<s id="s44.1">Neželeni škodljivi učinki, povezani z uporabo SevoFlo, o katerih najpogosteje poročajo, so bile hipotenzija, nato pa tahipneja, mišična napetost, razdraženost, apneja, mišične fascikulacije in bruhanje.</s>
<s id="s45.1">Sevofluran povzroča od odmerka odvisno depresijo dihanja, zato je treba med sevofluransko anestezijo dihanje skrbno spremljati in ustrezno prilagajati koncentracijo sevoflurana v vdihanem zraku.</s>
<s id="s46.1">Uporaba nekaterih anestezijskih shem, ki vključujejo sevofluran, lahko povzroči bradikardijo, ki je reverzibilna z antiholinergiki.</s>
<s id="s47.1">Med redke neželene škodljive učinke sodijo veslanje s tacami, vzdigovanje, slinjenje, cianoza, prezgodnji prekatni utripi in čezmerna kardiopulmonalna depresija.</s>
<s id="s48.1">Tako kot pri uporabi drugih halogeniranih anestetikov se lahko pri sevofluranu pojavi prehodno zvišanje aspartatne aminotransferaze (AST), alaninske aminotransferaze (ALT), laktatne dehidrogenaze (LDH), bilirubina in števila belih krvničk.</s>
<s id="s49.1">Hipotenzija med sevofluransko anestezijo lahko povzroči zmanjšanje pretoka krvi skozi ledvice.</s>
<s id="s50.1">Čeprav ne poročajo o primerih maligne hipertermije pri psih pod anestezijo s sevofluranom, ni mogoče izključiti možnosti, da bi sevofluran pri dovzetnih psih sprožil epizode maligne hipertermije.</s>
<s id="s51.1">4. 7 Uporaba v obdobju brejosti ali laktacije</s>
<s id="s52.1">Ne uporabite v obdobju brejosti in laktacije, ker varnost zdravila v obdobju brejosti in laktacije ni bila ugotovljena.</s>
<s id="s52.2">Vendar so z uporabo sevoflurana po uvodu v anestezijo s propofolom pri psicah po carskem rezu na voljo omejene klinične izkušnje, pri tem niso odkrili nikakršnih škodljivih učinkov niti pri psici niti pri kužkih.</s>
<s id="s52.3">Uporabite le v skladu z oceno razmerja korist/ tveganje odgovornega veterinarja.</s>
<s id="s53.1">4/ 24 4. 8 Medsebojno delovanje z drugimi zdravili in druge oblike interakcij</s>
<s id="s54.1">Intravenski anestetiki:</s>
<s id="s54.2">Uporaba sevoflurana je kompatibilna z intravenskimi barbiturati in propofolom.</s>
<s id="s54.3">Vendar lahko sočasna uporaba tiopentala rahlo zveča občutljivost za srčne aritmije, inducirane z adrenalinom.</s>
<s id="s55.1">Benzodiazepini in opioidi:</s>
<s id="s55.2">Uporaba sevoflurana je kompatibilna z benzodiazepini in opioidi, ki se navadno uporabljajo v veterinarski praksi.</s>
<s id="s55.3">Tako kot pri drugih inhalacijskih anestetikih MAC sevoflurana zmanjša sočasna uporaba benzodiazepinov in opioidov.</s>
<s id="s56.1">Fenotiazini in alfa- 2- agonisti:</s>
<s id="s56.2">Sevofluran je kompatibilen s fenotiazini in alfa- 2- agonisti, ki se navadno uporabljajo v veterinarski praksi.</s>
<s id="s56.3">Alfa- 2- agonisti varčujejo z anestetikom, zato moramo ustrezno zmanjšati odmerek sevoflurana.</s>
<s id="s56.4">O učinkih zelo močnih alfa- 2- agonistov (medetomidina in romifidina) kot zdravil za premedikacijo so na voljo omejeni podatki.</s>
<s id="s56.5">Zato jih je treba uporabljati previdno.</s>
<s id="s56.6">Kadar se uporabljajo alfa- 2- agonisti s sevofluranom, se utegne razviti bradikardija.</s>
<s id="s56.7">Bradikardijo lahko odpravimo z uporabo antiholinergikov.</s>
<s id="s57.1">Antiholinergiki:</s>
<s id="s57.2">Raziskave, pri katerih so uporabljali sevofluranske anestezijske protokole, ki so vključevali atropin ali glikopirolat kot sredstvi za premedikacijo, so pokazale, da so ti antiholinergiki pri psih kompatibilni s sevofluranom.</s>
<s id="s58.1">V laboratorijski raziskavi je uporaba anestezijske sheme z acepromazinom/ oksimorfonom / tiopentalom / sevofluranom povzročila podaljšano prebujanje pri vseh psih, ki so dobili ta zdravila, v primerjavi s psi, ki so jih anestezirali samo s sevofluranom.</s>
<s id="s59.1">Uporabe sevoflurana z nedepolarizirajočimi mišičnimi relaksanti pri psih niso ovrednotili.</s>
<s id="s59.2">Pri ljudeh pa uporaba sevoflurana zveča tako intenzivnost kot trajanje živčnomišične blokade, inducirane z nedepolarizirajočimi mišičnimi relaksanti.</s>
<s id="s60.1">4. 9 Odmerjanje in pot uporabe</s>
<s id="s61.1">Koncentracija v vdihanem zraku:</s>
<s id="s61.2">SevoFlo je treba dajati s hlapilnikom, ki je posebej kalibriran za uporabo s sevofluranom, tako da je možno koncentracijo v vdihanem zraku natančno kontrolirati.</s>
<s id="s61.3">SevoFlo ne vsebuje nobenega stabilizatorja in nikakor ne vpliva na kalibracijo ali delovanje teh hlapilnikov.</s>
<s id="s61.4">Uporabo sevoflurana je treba prilagoditi posameznemu primeru na podlagi odziva psa.</s>
<s id="s62.1">Premedikacija:</s>
<s id="s62.2">Potrebo po premedikaciji in njeno izbiro prepuščamo presoji veterinarja.</s>
<s id="s62.3">Preanestetični odmerki zdravil za premedikacijo utegnejo biti manjši od tistih, ki so navedeni v navodilih za njihovo uporabo kot edinega zdravila.</s>
<s id="s63.1">Uvod v anestezijo:</s>
<s id="s63.2">Za uvod v anestezijo z masko in sevofluranom se za uvedbo kirurške anestezije pri zdravem psu uporabljajo koncentracije 5 do 7% sevoflurana v vdihanem zraku.</s>
<s id="s63.3">Lahko pričakujemo, da bodo te koncentracije povzročile kirurško anestezijo v 3 do 14 minutah, in jih lahko nastavimo že v začetku ali jih dosežemo postopoma v 1 do 2 minutah.</s>
<s id="s63.4">Uporaba zdravil za premedikacijo ne vpliva na koncentracijo sevoflurana, ki je potrebna za uvedbo anestezije.</s>
<s id="s64.1">Vzdrževanje anestezije:</s>
<s id="s64.2">Sevofluran lahko uporabljamo za vzdrževalno anestezijo po uvedbi z masko in sevofluranom ali po uvedbi s sredstvi za injiciranje.</s>
<s id="s64.3">Koncentracija sevoflurana, potrebna za vzdrževanje anestezije, je manjša od tiste, ki je potrebna za njeno uvedbo.</s>
<s id="s65.1">5/ 24 Kirurške ravni anestezije pri zdravih psih lahko vzdržujemo s koncentracijami 3, 3 do 3, 6% v vdihanem zraku ob premedikaciji.</s>
<s id="s65.2">Če premedikacije ni, bodo inhalirane koncetracije sevoflurana v mejah 3, 7 do 3, 8% pri zdravem psu povzročile kirurške ravni anestezije.</s>
<s id="s65.3">Prisotnost kirurške stimulacije utegne zahtevati zvišanje koncentracije sevoflurana.</s>
<s id="s65.4">Uporaba sredstev za uvedbo anestezije, ki se injicirajo, brez premedikacije le malo vpliva na koncentracije sevoflurana, ki so potrebne za vzdrževanje.</s>
<s id="s65.5">Anestezijske sheme, ki vključujejo premedikacijo z opioidi, alfa- 2- agonisti, benzodiazepini ali fenotiazini, dopuščajo uporabo nižjih vzdrževalnih koncentracij sevoflurana.</s>
<s id="s66.1">4. 10 Preveliko odmerjanje (simptomi, nujni ukrepi, protistrupi) (če je potrebno)</s>
<s id="s67.1">Preveliko odmerjanje SevoFlo lahko povzroči globoko depresijo dihanja.</s>
<s id="s67.2">Zato je treba dihanje skrbno spremljati in ga podpirati, če je potrebno, z dodatnim kisikom in/ ali asistirano ventilacijo.</s>
<s id="s68.1">V primerih težke kardiopulmonalne depresije je treba prekiniti dovajanje sevoflurana, zagotoviti prosto dihalno pot in uvesti asistirano ali kontrolirano ventilacijo s čistim kisikom.</s>
<s id="s68.2">Kardiovaskularno depresijo je treba zdraviti z ekspanderji plazme, presornimi sredstvi, antiaritmičnimi sredstvi ali drugimi ustreznimi metodami.</s>
<s id="s69.1">Zaradi majhne topnosti sevoflurana v krvi utegne zviševanje koncentracije povzročiti hitre hemodinamske spremembe (od odmerka odvisno znižanje krvnega tlaka) v primerjavi z drugimi hlapnimi anestetiki.</s>
<s id="s69.2">Čezmerno znižanje krvnega tlaka ali depresijo dihanja lahko popravimo tako, da znižamo vdihano koncentracijo sevoflurana ali ga prenehamo dajati.</s>
<s id="s70.1">4. 11 Karenca( e)</s>
<s id="s71.1">Navedba ni smiselna.</s>
<s id="s72.1">5.</s>
<s id="s72.2">FARMAKOLOŠKE LASTNOSTI</s>
<s id="s73.1">Farmakoterapevtska skupina:</s>
<s id="s73.2">Inhalacijski anestetik, oznaka ATCvet:</s>
<s id="s73.3">QN 01 AB 08</s>
<s id="s74.1">5. 1 Farmakodinamične lastnosti</s>
<s id="s75.1">Sevofluran je inhalacijski anestetik blagega vonja za uvod v anestezijo in vzdrževanje splošne anestezije.</s>
<s id="s75.2">Minimalna alveolarna koncentracija (MAC) sevoflurana pri psih je 2, 36%.</s>
<s id="s75.3">Mnogokratniki MAC se uporabljajo kot smernica za kirurške ravni anestezije, ki so tipično 1, 3 do 1, 5- kratnik vrednosti MAC.</s>
<s id="s76.1">Sevofluran povzroča nezavest z delovanjem na centralno živčevje.</s>
<s id="s76.2">Sevofluran povzroča le zmerno zvišanje možganskega krvnega pretoka in hitrosti presnove in le malo ali sploh ne krepi napade krčev.</s>
<s id="s76.3">Sevofluran lahko zviša intrakranialni tlak pri koncentracijah 2, 0 MAC in več, pri normalnih parcialnih tlakih ogljikovega dioksida (normokapnija), vendar se je pokazalo, da intrakranialni tlak ostane v normalnih mejah pri koncentracijah sevoflurana do 1, 5 MAC, če se hipokapnija inducira s hiperventilacijo.</s>
<s id="s77.1">Sevofluran ima spremenljiv vpliv na srčno frekvenco, ki ima pri majhnem MAC tendenco porasta, z naraščanjem MAC pa spet pade.</s>
<s id="s77.2">Sevofluran povzroča sistemsko vazodilatacijo in od odmerka odvisno zmanjšanje srednjega arterijskega tlaka, celotnega perifernega upora, minutnega volumna srca, lahko pa tudi jakosti kontrakcij srčne mišice in hitrosti relaksacije srčne mišice.</s>
<s id="s78.1">Sevofluran deprimira dihanje, za ta učinek je značilno znižanje frekvence ventilacije.</s>
<s id="s78.2">Depresija dihanja lahko povzroči respiracijsko acidozo in zastoj dihanja (pri koncentracijah servoflurana 2, 0 MAC in višjih) pri psih, ki spontano dihajo.</s>
<s id="s79.1">Koncentracije sevoflurana pod 2, 0 MAC povzročijo majhno neto zvečanje celotnega pretoka krvi skozi jetra.</s>
<s id="s79.2">Dostava kisika v jetra in njegova poraba v jetrih pri koncentracijah do 2, 0 MAC ni bila</s>
<s id="s80.1">6/ 24 pomembno spremenjena.</s>
<s id="s81.1">Uporaba Sevoflurana neugodno vpliva na avtoregulacijo pretoka krvi skozi ledvice pri psih.</s>
<s id="s81.2">Kot posledica se pri psih, anesteziranih s sevofluranom, pretok krvi skozi ledvice zmanjšuje linearno z naraščajočo hipotenzijo.</s>
<s id="s81.3">Kljub temu poraba kisika v ledvicah in s tem ledvična funkcija ostaneta pri srednjem arterijskem tlaku nad 40 mmHg ohranjeni.</s>
<s id="s82.1">5. 2 Farmakokinetični podatki</s>
<s id="s83.1">Zaradi majhne topnosti sevoflurana v krvi (porazdelitveni koeficient med krvjo in plinom pri 30 °C je 0, 63 do 0, 69) se mora v krvi raztopiti minimalna količina sevoflurana, preden se alveolarni parcialni tlak uravnovesi z arterijskim parcialnim tlakom.</s>
<s id="s83.2">Med uvodom v anestezijo s sevofluranom alveolarna koncentracija hitro narašča proti vdihani koncentraciji, s tem, da razmerje koncentracij vdihanega sevoflurana in sevoflurana v izdihanem zraku na koncu izdiha doseže vrednost 1 v 10 minutah.</s>
<s id="s83.3">Uvod v anestezijo je ustrezno hiter in globina anestezije se s spremembami koncentracije anestetika hitro spreminja.</s>
<s id="s84.1">Sevofluran se pri psu presnavlja v omejenem obsegu (1 do 5%).</s>
<s id="s84.2">Poglavitni presnovki so heksafluoroizopropranol (HFIP) s sproščanjem anorganskega fluorida in CO2.</s>
<s id="s84.3">Na koncentracije fluoridnih ionov vpliva trajanje anestezije in koncentracija sevoflurana.</s>
<s id="s84.4">Ko HFIP nastane, se hitro konjugira z glukuronsko kislino in odstrani iz telesa kot sečni presnovek.</s>
<s id="s84.5">Drugih presnovnih poti za sevofluran niso dognali.</s>
<s id="s84.6">Pri psih, izpostavljenih 4- odstotnemu sevofluranu 3 ure dolgo, so opazovali srednji vrh najvišjih serumskih koncentracij fluorida 20, 0 ± 4, 8 µmol/ l po 3 urah anestezije.</s>
<s id="s84.7">Po končani anesteziji je serumski fluorid hitro padel in se vrnil na izhodiščne vrednosti v 24 urah po anesteziji.</s>
<s id="s85.1">Odstranjevanje sevoflurana iz telesa je po naravi bifazično, z začetno hitro fazo in drugo, počasnejšo fazo.</s>
<s id="s85.2">Matična snov (prevladujoča frakcija) se odstrani iz telesa skozi pljuča.</s>
<s id="s85.3">Razpolovni čas za počasno fazo odstranjevanja iz telesa je približno 50 minut.</s>
<s id="s85.4">Odstranjevanje iz krvi je v glavnem končano v 24 urah.</s>
<s id="s85.5">Čas eliminacije iz maščevja je daljši kot iz možganov.</s>
<s id="s86.1">6.</s>
<s id="s86.2">FARMACEVTSKI PODATKI</s>
<s id="s87.1">6. 1 Seznam pomožnih snovi</s>
<s id="s88.1">Jih ni.</s>
<s id="s89.1">6. 2 Inkompatibilnosti</s>
<s id="s90.1">Niso znane.</s>
<s id="s91.1">6. 3 Rok uporabnosti</s>
<s id="s92.1">Rok uporabnosti zdravila v pakiranju za produjo:</s>
<s id="s92.2">3 leti</s>
<s id="s93.1">6. 4 Posebna navodila za shranjevanje</s>
<s id="s94.1">Ne shranjujte pri temperaturi nad 25°C.</s>
<s id="s95.1">Ne shranjujete v hladilniku.</s>
<s id="s95.2">Steklenico shranjujte tesno zaprto.</s>
<s id="s96.1">7/ 24 6. 5 Vrsta ovojnine in vsebina</s>
<s id="s97.1">SevoFlo dobavljajo v kartonasti škatli, ki vsebuje 250- mililitrsko steklenico iz polietilennaftalata (PEN) z zaporko Quik- Fil.</s>
<s id="s98.1">6. 6 Posebni varnostni ukrepi za odstranjevanje neporabljenega zdravila ali odpadnih snovi</s>
<s id="s99.1">Vsako neporabljeno zdravilo za uporabo v veterinarski medicini ali odpadne snovi, ki nastanejo iz teh zdravil, je treba odstraniti v skladu z lokalnimi predpisi.</s>
<s id="s100.1">7.</s>
<s id="s100.2">IMETNIK DOVOLJENJA ZA PROMET</s>
<s id="s101.1">Abbott Laboratories Ltd Queenborough Ken ME11 5EL Velika Britanija</s>
<s id="s102.1">8.</s>
<s id="s102.2">ŠTEVILKA( E) DOVOLJENJ( A) ZA PROMET</s>
<s id="s103.1">EU/ 2/ 02/ 035/ 007</s>
<s id="s104.1">9.</s>
<s id="s104.2">DATUM PRIDOBITVE/ PODALJŠANJA DOVOLJENJA ZA PROMET</s>
<s id="s105.1">Datum pridobitve dovoljenja za promet:</s>
<s id="s105.2">11. december 2002 Datum zadnjega podaljšanja:</s>
<s id="s105.3">06/ 11/ 2007</s>
<s id="s106.1">10.</s>
<s id="s106.2">DATUM REVIZIJE BESEDILA</s>
<s id="s107.1">Podrobne informacije o tem zdravilu za uporabo v veterinarski medicini so na voljo na spletni strani Evropske agencije za zdravila (European Medicines Agency, EMEA) http: // www. emea. europa. eu /.</s>
<s id="s108.1">PREPOVED PRODAJE, OSKRBE IN/ ALI UPORABE</s>
<s id="s109.1">Navedba ni smiselna..</s>
<s id="s110.1">8/ 24 DODATEK II</s>
<s id="s111.1">A.</s>
<s id="s111.2">IMETNIK( I) DOVOLJENJ( A) ZA IZDELAVO ZDRAVILA, ODGOVOREN( ODGOVORNI) ZA SPROŠČANJE SERIJE</s>
<s id="s112.1">B.</s>
<s id="s112.2">POGOJI DOVOLJENJA ZA PROMET Z ZDRAVILOM TER OMEJITVE GLEDE OSKRBE IN UPORABE</s>
<s id="s113.1">C.</s>
<s id="s113.2">POGOJI DOVOLJENJA ZA PROMET Z ZDRAVILOM TER OMEJITVE GLEDE VARNE IN UČINKOVITE UPORABE</s>
<s id="s114.1">D.</s>
<s id="s114.2">NAVEDBA NAJVIŠJIH DOVOLJENIH KOLIČIN ZAOSTANKOV ZDRAVILA (MRL)</s>
<s id="s115.1">9/ 24 A IMETNIK DOVOLJENJA ZA IZDELAVO ZDRAVILA, ODGOVOREN ZA SPROŠČANJE SERIJE</s>
<s id="s116.1">Ime in naslov izdelovalca zdravila, odgovornega za sproščanje serije</s>
<s id="s117.1">Aesica Queenborough Limited Queenborough Kent ME11 5EL Velika Britanija</s>
<s id="s118.1">B POGOJI DOVOLJENJA ZA PROMET Z ZDRAVILOM TER OMEJITVE GLEDE OSKRBE IN UPORABE</s>
<s id="s119.1">Izdaja zdravila je le na veterinarski recept.</s>
<s id="s120.1">C.</s>
<s id="s120.2">POGOJI DOVOLJENJA ZA PROMET Z ZDRAVILOM TER OMEJITVE GLEDE VARNE IN UČINKOVITE UPORABE</s>
<s id="s121.1">Navedba ni smiselna.</s>
<s id="s122.1">D.</s>
<s id="s122.2">NAVEDBA NAJVIŠJIH DOVOLJENIH KOLIČIN ZAOSTANKOV ZDRAVILA (MRL)</s>
<s id="s123.1">Navedba ni smiselna.</s>
<s id="s124.1">10/ 24 DODATEK III</s>
<s id="s125.1">OZNAČEVANJE IN NAVODILO ZA UPORABO</s>
<s id="s126.1">11/ 24 A.</s>
<s id="s126.2">OZNAČEVANJE</s>
<s id="s127.1">12/ 24 PODATKI NA ZUNANJI OVOJNINI</s>
<s id="s128.1">KARTONSKA ŠKATLA</s>
<s id="s129.1">1.</s>
<s id="s129.2">IME ZDRAVILA ZA UPORABO V VETERINARSKI MEDICINI</s>
<s id="s130.1">SevoFlo 100- odstotna para za inhaliranje, tekočina za pse. sevofluran</s>
<s id="s131.1">2.</s>
<s id="s131.2">NAVEDBA ZDRAVILNE UČINKOVINE IN DRUGIH SNOVI</s>
<s id="s132.1">100% sevofluran</s>
<s id="s133.1">3.</s>
<s id="s133.2">FARMACEVTSKA OBLIKA</s>
<s id="s134.1">Para za inhaliranje, tekočina</s>
<s id="s135.1">4.</s>
<s id="s135.2">VELIKOST PAKIRANJA</s>
<s id="s136.1">250 ml</s>
<s id="s137.1">5.</s>
<s id="s137.2">CILJNE ŽIVALSKE VRSTE</s>
<s id="s138.1">Psi</s>
<s id="s139.1">6.</s>
<s id="s139.2">INDIKACIJA( E)</s>
<s id="s140.1">Za uvedbo in vzdrževanje anestezije.</s>
<s id="s141.1">7.</s>
<s id="s141.2">NAČIN IN POT( I) UPORABE</s>
<s id="s142.1">Pred uporabo preberite navodilo za uporabo.</s>
<s id="s142.2">Za uporabo z vdihavanjem preko hlapilnika, kalibriranega za sevofluran.</s>
<s id="s143.1">8.</s>
<s id="s143.2">KARENCA</s>
<s id="s144.1">Navedba smiselno ni potrebna.</s>
<s id="s145.1">9.</s>
<s id="s145.2">POSEBNO( A) OPOZORILO( A), ČE JE/ SO POTREBNO( A)</s>
<s id="s146.1">Ne uporabljajte pri psih z znano preobčutljivostjo za sevofluran ali druge halogenirane anestetike.</s>
<s id="s146.2">Ne uporabljajte pri brejih psicah in psicah v laktaciji.</s>
<s id="s146.3">Ne uporabljajte pri psih z znano genetsko preobčutljivostjo za maligno hipertermijo ali sumom nanjo.</s>
<s id="s146.4">Ne uporabljajte pri psih, mlajših od 12 tednov.</s>
<s id="s147.1">13/ 24 Pred uporabo preberite navodilo za uporabo, kjer boste našli opozorila za kirurga.</s>
<s id="s148.1">10.</s>
<s id="s148.2">DATUM IZTEKA ROKA UPORABNOSTI ZDRAVILA</s>
<s id="s149.1">EXP {mesec/ leto}</s>
<s id="s150.1">11.</s>
<s id="s150.2">POSEBNA NAVODILA ZA SHRANJEVANJE</s>
<s id="s151.1">Ne shranjujte pri temperaturi nad 25 °C.</s>
<s id="s151.2">Ne shranjujte v hladilniku.</s>
<s id="s151.3">Steklenico shranjujte tesno zaprto.</s>
<s id="s152.1">12.</s>
<s id="s152.2">POSEBNI VARNOSTNI UKREPI ZA ODSTRANJEVANJE NEPORABLJENEGA ZDRAVILA ALI ODPADNIH SNOVI, ČE OBSTAJAJO</s>
<s id="s153.1">Vsako neporabljeno veterinarsko zdravilo ali odpadne snovi, ki nastanejo iz teh zdravil, je treba odstraniti v skladu z nacionalnimi zahtevami.</s>
<s id="s154.1">13.</s>
<s id="s154.2">BESEDILO “ SAMO ZA ŽIVALI ” IN POGOJI ALI OMEJITVE GLEDE OSKRBE IN UPORABE, če je navedba smiselna</s>
<s id="s155.1">Samo za živali - oskrba le na podlagi veterinarskega recepta.</s>
<s id="s156.1">14.</s>
<s id="s156.2">BESEDILO “ ZDRAVILO SHRANJUJTE NEDOSEGLJIVO OTROKOM ”</s>
<s id="s157.1">Zdravilo shranjujte nedosegljivo otrokom.</s>
<s id="s158.1">15.</s>
<s id="s158.2">IME IN NASLOV IMETNIKA DOVOLJENJA ZA PROMET Z ZDRAVILOM</s>
<s id="s159.1">Abbott Laboratories Ltd Queenborough Kent ME11 5EL Velika Britanija</s>
<s id="s160.1">16.</s>
<s id="s160.2">ŠTEVILKA( E) DOVOLJENJ( A) ZA PROMET</s>
<s id="s161.1">EU/ 2/ 02/ 035/ 007</s>
<s id="s162.1">17.</s>
<s id="s162.2">IZDELOVALČEVA ŠTEVILKA SERIJE</s>
<s id="s163.1">Serija {številka}</s>
<s id="s164.1">14/ 24 PODATKI NA STIČNI OZ.</s>
<s id="s164.2">PRIMARNI OVOJNINI</s>
<s id="s165.1">STEKLENICA</s>
<s id="s166.1">1.</s>
<s id="s166.2">IME ZDRAVILA ZA UPORABO V VETERINARSKI MEDICINI</s>
<s id="s167.1">SevoFlo 100- odstotna para za inhaliranje, tekočina za pse. sevofluran</s>
<s id="s168.1">2.</s>
<s id="s168.2">NAVEDBA ZDRAVILNE UČINKOVINE IN DRUGIH SNOVI</s>
<s id="s169.1">100% sevofluran</s>
<s id="s170.1">3.</s>
<s id="s170.2">FARMACEVTSKA OBLIKA</s>
<s id="s171.1">Para za inhaliranje, tekočina</s>
<s id="s172.1">4.</s>
<s id="s172.2">VELIKOST PAKIRANJA</s>
<s id="s173.1">250 ml</s>
<s id="s174.1">5.</s>
<s id="s174.2">CILJNE ŽIVALSKE VRSTE</s>
<s id="s175.1">Psi</s>
<s id="s176.1">6.</s>
<s id="s176.2">INDIKACIJA( E)</s>
<s id="s177.1">Za uvod v anestezijo in vzdrževanje anestezije.</s>
<s id="s178.1">7.</s>
<s id="s178.2">NAČIN IN POT( I) UPORABE</s>
<s id="s179.1">Pred uporabo preberite navodilo za uporabo.</s>
<s id="s180.1">8.</s>
<s id="s180.2">KARENCA</s>
<s id="s181.1">Navedba smiselno ni potrebna.</s>
<s id="s182.1">9.</s>
<s id="s182.2">POSEBNO( A) OPOZORILO( A), ČE JE/ SO POTREBNO( A)</s>
<s id="s183.1">Ne uporabljajte pri brejih psicah in psicah v laktaciji ali pri psih, mlajših od 12 tednov.</s>
<s id="s183.2">Pred uporabo preberite navodilo za uporabo, kjer boste našli opozorila za kirurga.</s>
<s id="s184.1">15/ 24 10.</s>
<s id="s184.2">DATUM IZTEKA ROKA UPORABNOSTI ZDRAVILA</s>
<s id="s185.1">EXP {mesec/ leto}</s>
<s id="s186.1">11.</s>
<s id="s186.2">POSEBNA NAVODILA ZA SHRANJEVANJE</s>
<s id="s187.1">Ne shranjujte pri temperaturi nad 25 °C.</s>
<s id="s187.2">Ne shranjujte v hladilniku.</s>
<s id="s187.3">Steklenico shranjujte tesno zaprto.</s>
<s id="s188.1">12.</s>
<s id="s188.2">POSEBNI VARNOSTNI UKREPI ZA ODSTRANJEVANJE NEPORABLJENEGA ZDRAVILA ALI ODPADNIH SNOVI, ČE OBSTAJAJO</s>
<s id="s189.1">13.</s>
<s id="s189.2">BESEDILO “ SAMO ZA ŽIVALI ” IN POGOJI ALI OMEJITVE GLEDE OSKRBE IN UPORABE, če je navedba smiselna</s>
<s id="s190.1">Samo za živali - oskrba le na podlagi veterinarskega recepta.</s>
<s id="s191.1">14.</s>
<s id="s191.2">BESEDILO “ ZDRAVILO SHRANJUJTE NEDOSEGLJIVO OTROKOM ”</s>
<s id="s192.1">Zdravilo shranjujte nedosegljivo otrokom.</s>
<s id="s193.1">15.</s>
<s id="s193.2">IME IN NASLOV IMETNIKA DOVOLJENJA ZA PROMET Z ZDRAVILOM</s>
<s id="s194.1">Abbott Laboratories Ltd Queenborough Kent ME11 5EL Velika Britanija</s>
<s id="s195.1">16.</s>
<s id="s195.2">ŠTEVILKA( E) DOVOLJENJ( A) ZA PROMET</s>
<s id="s196.1">EU/ 2/ 02/ 035/ 007</s>
<s id="s197.1">17.</s>
<s id="s197.2">IZDELOVALČEVA ŠTEVILKA SERIJE</s>
<s id="s198.1">Serija {številka}</s>
<s id="s199.1">16/ 24 B.</s>
<s id="s199.2">NAVODILO ZA UPORABO</s>
<s id="s200.1">17/ 24 NAVODILO ZA UPORABO SevoFlo Para za inhaliranje, tekočina za pse, 100% sevofluran</s>
<s id="s201.1">1.</s>
<s id="s201.2">IME IN NASLOV IMETNIKA DOVOLJENJA ZA PROMET Z ZDRAVILOM TER IMETNIKA DOVOLJENJA ZA PROIZVODNJO ZDRAVILA, ODGOVORNEGA ZA SPROSTITEV SERIJ V EGP, ČE STA RAZLIČNA</s>
<s id="s202.1">Imetnik dovoljenja za promet z zdravilom:</s>
<s id="s203.1">Abbott Laboratories Ltd Queenborough Kent ME11 5EL Velika Britanija</s>
<s id="s204.1">Izdelovalec, odgovoren za sproščanje serije:</s>
<s id="s205.1">Aesica Queenborough Limited Queenborough Kent ME11 5EL Velika Britanija</s>
<s id="s206.1">2.</s>
<s id="s206.2">IME ZDRAVILA ZA UPORABO V VETERINARSKI MEDICINI</s>
<s id="s207.1">SevoFlo 100% para za inhaliranje, tekočina za pse.</s>
<s id="s208.1">3.</s>
<s id="s208.2">NAVEDBA ZDRAVILNE( IH) UČINKOVIN( E) IN DRUGE( IH) SESTAVIN</s>
<s id="s209.1">100% sevofluran</s>
<s id="s210.1">4.</s>
<s id="s210.2">INDIKACIJA( E)</s>
<s id="s211.1">Za uvod v anestezijo in vzdrževanje anestezije.</s>
<s id="s212.1">5.</s>
<s id="s212.2">KONTRAINDIKACIJE</s>
<s id="s213.1">Ne uporabljajte pri psih z znano preobčutljivostjo za sevofluran ali druge halogenirane anestetike.</s>
<s id="s213.2">Ne uporabljajte pri brejih psicah in psicah v laktaciji (glejte poglavje 12).</s>
<s id="s213.3">Ne uporabljajte pri psih z znano genetsko preobčutljivostjo za maligno hipertermijo ali sumom nanjo.</s>
<s id="s213.4">Ne uporabljajte pri psih, mlajših od 12 tednov.</s>
<s id="s214.1">6.</s>
<s id="s214.2">NEŽELENI UČINKI</s>
<s id="s215.1">Neželeni škodljivi učinki, povezani z uporabo SevoFlo, o katerih najpogosteje poročajo, so bile hipotenzija, nato pa tahipneja, mišična napetost, razdraženost, apneja, mišične fascikulacije in bruhanje.</s>
<s id="s216.1">Sevofluran povzroča od odmerka odvisno depresijo dihanja, zato je treba med sevofluransko anestezijo dihanje skrbno spremljati in ustrezno prilagajati koncentracijo sevoflurana v vdihanem</s>
<s id="s217.1">18/ 24 zraku.</s>
<s id="s218.1">Uporaba nekaterih anestezijskih shem, ki vključujejo sevofluran, lahko povzroči bradikardijo, ki je reverzibilna z antiholinergiki.</s>
<s id="s219.1">Med redke neželene škodljive učinke sodijo veslanje s tacami, vzdigovanje, slinjenje, cianoza, prezgodnji prekatni utripi in čezmerna kardiopulmonalna depresija.</s>
<s id="s220.1">Tako kot pri uporabi drugih halogeniranih anestetikov se lahko pri sevofluranu pojavi prehodno zvišanje aspartatne aminotransferaze (AST), alaninske aminotransferaze (ALT), laktatne dehidrogenaze (LDH), bilirubina in števila belih krvničk.</s>
<s id="s221.1">Hipotenzija med sevofluransko anestezijo lahko povzroči zmanjšanje pretoka krvi skozi ledvice.</s>
<s id="s222.1">Ni mogoče izključiti možnosti, da bi sevofluran pri dovzetnih psih sprožil epizode maligne hipertermije.</s>
<s id="s223.1">Če opazite kakršne koli resne neželene učinke ali druge učinke, ki niso omenjeni v teh navodilih za uporabo, obvestite svojega veterinarja.</s>
<s id="s224.1">7.</s>
<s id="s224.2">CILJNE ŽIVALSKE VRSTE</s>
<s id="s225.1">Psi</s>
<s id="s226.1">8.</s>
<s id="s226.2">ODMERKI ZA POSAMEZNE ŽIVALSKE VRSTE TER POT( I) IN NAČIN UPORABE ZDRAVILA</s>
<s id="s227.1">Koncentracija v vdihanem zraku:</s>
<s id="s227.2">SevoFlo je treba dajati s hlapilnikom, ki je posebej kalibriran za uporabo s sevofluranom, tako da je možno koncentracijo v vdihanem zraku natančno kontrolirati.</s>
<s id="s227.3">SevoFlo ne vsebuje nobenega stabilizatorja in nikakor ne vpliva na kalibracijo ali delovanje teh hlapilnikov.</s>
<s id="s227.4">Uporabo sevoflurana je treba prilagoditi posameznemu primeru na podlagi odziva psa.</s>
<s id="s228.1">Premedikacija:</s>
<s id="s228.2">Potrebo po premedikaciji in njeno izbiro prepuščamo presoji veterinarja.</s>
<s id="s228.3">Preanestetični odmerki zdravil za premedikacijo utegnejo biti manjši od tistih, ki so navedeni v navodilih za njihovo uporabo kot edinega zdravila.</s>
<s id="s229.1">Uvod v anestezijo:</s>
<s id="s229.2">Za uvod v anestezijo z masko in sevofluranom se za uvedbo kirurške anestezije pri zdravem psu uporabljajo koncentracije 5 do 7% servoflurana v vdihanem zraku.</s>
<s id="s229.3">Lahko pričakujemo, da bodo te koncentracije povzročile kirurško anestezijo v 3 do 14 minutah in jih lahko nastavimo že v začetku ali jih dosežemo postopoma v 1 do 2 minutah.</s>
<s id="s229.4">Uporaba zdravil za premedikacijo ne vpliva na koncentracijo sevoflurana, ki je potrebna za uvedbo anestezije.</s>
<s id="s230.1">Vzdrževanje anestezije:</s>
<s id="s230.2">Sevofluran lahko uporabljamo za vzdrževalno anestezijo po uvedbi z masko in sevofluranom ali po uvedbi s sredstvi za injiciranje.</s>
<s id="s230.3">Koncentracija sevoflurana, potrebna za vzdrževanje anestezije, je mnogo manjša od tiste, ki je potrebna za uvod v anestezijo.</s>
<s id="s231.1">Kirurške ravni anestezije pri zdravih psih lahko vzdržujemo z inhaliranimi koncentracijami 3, 3 do 3, 6% ob premedikaciji.</s>
<s id="s231.2">Če premedikacije ni, bodo inhalirane koncentracije sevoflurana v mejah 3, 7 do 3, 8% pri zdravem psu povzročile kirurške ravni anestezije.</s>
<s id="s231.3">Prisotnost kirurške stimulacije utegne zahtevati zvišanje koncentracije sevoflurana.</s>
<s id="s231.4">Uporaba sredstev za uvod v anestezijo, ki se injicirajo, brez premedikacije le malo vpliva na koncentracije sevoflurana, ki so potrebne za vzdrževanje.</s>
<s id="s232.1">19/ 24 Anestetične sheme, ki vključujejo premedikacijo z opioidi, alfa- 2- agonisti, benzodiazepini ali fenotiazini, dopuščajo uporabo nižjih vzdrževalnih koncentracij sevoflurana.</s>
<s id="s233.1">9.</s>
<s id="s233.2">NASVET O PRAVILNI UPORABI ZDRAVILA</s>
<s id="s234.1">Samo za uporabo z inhaliranjem ob uporabi primernega nosilnega plina.</s>
<s id="s234.2">SevoFlo je treba dajati s hlapilnikom, ki je posebej kalibriran za uporabo s sevofluranom, tako da je možno koncentracijo v vdihanem zraku natančno kontrolirati.</s>
<s id="s234.3">SevoFlo ne vsebuje nobenega stabilizatorja in nikakor ne vpliva na kalibracijo ali delovanje teh hlapilnikov.</s>
<s id="s234.4">Uporabo sevoflurana je treba prilagoditi posameznemu primeru na podlagi odziva psa.</s>
<s id="s235.1">Uporabo splošne anestezije je treba prilagoditi posameznemu primeru na podlagi odziva psa.</s>
<s id="s236.1">Medsebojno delovanje z drugimi veterinarskimi zdravili in druge oblike interakcij</s>
<s id="s237.1">Anestetiki za intravensko uporabo:</s>
<s id="s237.2">Uporaba sevoflurana je kompatibilna z intravenskimi barbiturati in propofolom.</s>
<s id="s237.3">Vendar lahko sočasna uporaba tiopentala rahlo zveča občutljivost za srčne aritmije, inducirane z adrenalinom.</s>
<s id="s238.1">Benzodiazepini in opioidi:</s>
<s id="s238.2">Uporaba sevoflurana je kompatibilna z benzodiazepini in opioidi, ki se navadno uporabljajo v veterinarski praksi.</s>
<s id="s238.3">Tako kot pri drugih inhalacijskih anestetikih sočasna uporaba benzodiazepinov in opioidov zmanjša minimalno alveolarno koncentracijo (MAC) sevoflurana.</s>
<s id="s239.1">Fenotiazini in alfa- 2- agonisti:</s>
<s id="s239.2">Sevofluran je kompatibilen s fenotiazini in alfa- 2- agonisti, ki se navadno uporabljajo v veterinarski praksi.</s>
<s id="s239.3">Alfa- 2- agonisti varčujejo z anestetikom, zato moramo ustrezno zmanjšati odmerek sevoflurana.</s>
<s id="s239.4">O učinkih zelo močnih alfa- 2- agonistov (medetomidina in romifidina) kot sredstvih za premedikacijo so na voljo omejeni podatki.</s>
<s id="s239.5">Zato jih je treba uporabljati previdno.</s>
<s id="s239.6">Kadar se uporabljajo alfa- 2- agonisti s sevofluranom, se utegne razviti bradikardija.</s>
<s id="s239.7">Bradikardijo lahko odpravimo z uporabo antiholinergikov.</s>
<s id="s240.1">Antiholinergiki:</s>
<s id="s240.2">Raziskave, pri katerih so uporabljali sevofluranske anestezijske protokole, ki so vključevali atropin ali glikopirolat kot sredstva za premedikacijo, so pokazale, da so ti antiholinergiki pri psih kompatibilni s sevofluranom.</s>
<s id="s241.1">V laboratorijski raziskavi je uporaba anestezijske sheme z acepromazinom/ oksimorfonom / tiopentalom/ sevofluranom povzročila podaljšano prebujanje pri vseh psih, ki so dobili ta zdravila, v primerjavi s psi, ki so jih anestezirali samo s sevofluranom.</s>
<s id="s242.1">Uporabe sevoflurana z nedepolarizirajočimi mišičnimi relaksanti pri psih niso ovrednotili.</s>
<s id="s242.2">Pri ljudeh pa uporaba sevoflurana zveča tako intenzivnost kot trajanje živčnomišične blokade, inducirane z nedepolarizirajočimi mišičnimi relaksanti.</s>
<s id="s243.1">10.</s>
<s id="s243.2">KARENCA</s>
<s id="s244.1">Navedba smiselno ni potrebna.</s>
<s id="s245.1">11.</s>
<s id="s245.2">POSEBNA NAVODILA ZA SHRANJEVANJE</s>
<s id="s246.1">Zdravilo shranjujte nedosegljivo otrokom.</s>
<s id="s247.1">Ne shranjujte pri temperaturi nad 25°C.</s>
<s id="s248.1">20/ 24 Ne shranjujte v hladilniku.</s>
<s id="s248.2">Steklenico shranjujte tesno zaprto.</s>
<s id="s248.3">Zdravila ne smete uporabljati po datumu izteka roka uporabnosti, navedenega na nalepki.</s>
<s id="s249.1">12.</s>
<s id="s249.2">POSEBNO( A) OPOZORILO( A)</s>
<s id="s250.1">Posebni previdnostni ukrepi:</s>
<s id="s250.2">Halogenirani hlapni anestetiki lahko reagirajo s suhimi absorbenti ogljikovega dioksida (CO2), tako da nastane ogljikov monoksid (CO), ki lahko pri nekaterih psih povzroči zvišano raven karboksihemoglobina.</s>
<s id="s250.3">Da to reakcijo v anestezijskih sistemih za povratno dihanje kar najbolj zmanjšamo, sevoflurana ne smemo speljati skozi zmes kalcijevega hidroksida z natrijevim ali kalijevim hidroksidom ali skozi barijev hidroksid, ki smo ga pustili, da se je posušil.</s>
<s id="s251.1">Eksotermna reakcija, ki nastopi med sevofluranom in absorberji za CO2, postane intenzivnejša, kadar se absorber za CO2 osuši, na primer po daljšem obdobju pretakanja suhega plina skozi posodo z absorberjem za CO2.</s>
<s id="s251.2">Poročajo o redkih primerih čezmernega nastajanja toplote, dima in/ ali ognja v anestezijskem aparatu pri uporabi osušenega absorberja za CO2 in sevoflurana.</s>
<s id="s251.3">Neobičajno zmanjšanje pričakovane globine anestezije glede na nastavitev hlapilnika utegne kazati na čezmerno segrevanje posode z absorberjem za CO2.</s>
<s id="s252.1">Če posumite, da bi utegnil biti absorber za CO2 posušen, ga morate zamenjati.</s>
<s id="s252.2">Pri večini absorberjev za CO2 ni nujno, da se barvni indikator zaradi osušitve spremeni.</s>
<s id="s252.3">Zato odsotnosti pomembne spremembe barve ne smete razumeti, kot da to zagotavlja zadostno hidracijo.</s>
<s id="s252.4">Absorberje za CO2 morate redno menjavati ne glede na stanje barvnega indikatorja.</s>
<s id="s253.1">1, 1, 3, 3, 3- pentafluoro- 2 - (fluorometoksi) propen (C4H2F6O), znan tudi kot spojina A, nastaja, kadar sevofluran reagira z zmesjo kalcijevega hidroksida z natrijevim ali kalijevim hidroksidom ali barijevim hidroksidom.</s>
<s id="s253.2">Reakcija z barijevim hidroksidom povzroči nastajanje več spojine A kot reakcija z zmesjo kalcijevega hidroksida z natrijevim ali kalijevim hidroksidom.</s>
<s id="s253.3">Njena koncentracija v krožnem sistemu z absorberjem raste z rastočimi koncentracijami sevoflurana in s padanjem hitrosti pretoka svežega plina.</s>
<s id="s253.4">Dokazali so, da se degradacija sevoflurana v zmesi kalcijevega hidroksida z natrijevim ali kalijevim hidroksidom zvečuje s temperaturo.</s>
<s id="s253.5">Ker je reakcija ogljikovega dioksida z absorbenti eksotermna, bo to zvišanje temperature določala količina absorbiranega CO2, le- ta pa bo odvisna od pretoka svežega plina v anestezijskem krožnem sistemu, presnovnega stanja psa in dihanja.</s>
<s id="s253.6">Čeprav je spojina A pri podganah od odmerka odvisen nefrotoksin, je mehanizem te toksičnosti za ledvice neznan.</s>
<s id="s253.7">Zaradi nevarnosti kopičenja spojine A se je treba dolgotrajni nizkopretočni sevofluranski anesteziji izogibati.</s>
<s id="s254.1">Med vzdrževanjem anestezije povzroči zviševanje koncentracije sevoflurana od odmerka odvisno znižanje krvnega tlaka.</s>
<s id="s254.2">Zaradi majhne topnosti sevoflurana v krvi lahko te hemodinamske spremembe nastopijo hitreje kot pri drugih hlapnih anestetikih.</s>
<s id="s254.3">Med sevofluransko anestezijo je treba arterijski krvni tlak spremljati v kratkih presledkih.</s>
<s id="s254.4">Vsa potrebna oprema za umetno dihanje, obogatitev s kisikom in cirkulacijsko reanimacijo mora biti stalno pri roki.</s>
<s id="s254.5">Čezmerno znižanje krvnega tlaka ali čezmerna depresija dihanja utegneta biti povezana z globino anestezije in ju lahko popravimo z znižanjem vdihane koncentracije sevoflurana.</s>
<s id="s254.6">Nizka topnost sevoflurana tudi olajša hitro odstranitev iz telesa skozi pljuča.</s>
<s id="s254.7">Epizode hipotenzije med sevofluransko anestezijo lahko poslabšajo nefrotoksični potencial nekaterih nesteroidnih protivnetnih zdravil (NSAID), če jih uporabljamo v perioperativnem obdobju.</s>
<s id="s254.8">Zaradi vzdrževanja krvnega pretoka skozi ledvice se moramo pri psih pod sevofluransko anestezijo izogibati dolgotrajnim epizodam hipotenzije (srednji arterijski tlak pod 60 mmHg).</s>
<s id="s255.1">Uporabe sevoflurana z nedepolarizirajočimi mišičnimi relaksanti pri psih niso ovrednotili.</s>
<s id="s255.2">Pri ljudeh uporaba sevoflurana zveča tako intenzivnost kot trajanje živčnomišične blokade, inducirane z nedepolarizirajočimi mišičnimi relaksanti.</s>
<s id="s256.1">Sevofluran lahko pri dovzetnih psih sproži epizode maligne hipertermije.</s>
<s id="s256.2">Če se razvije maligna</s>
<s id="s257.1">21/ 24 hipertermija, je treba nemudoma prekiniti dovajanje anestetika in dati 100- odstotni kisik z uporabo svežih anestezijskih cevi in dihalnega balona.</s>
<s id="s257.2">Takoj je treba začeti z ustreznim zdravljenjem.</s>
<s id="s258.1">Ogroženi ali izčrpani psi:</s>
<s id="s258.2">Pri geriatričnih ali izčrpanih psih bo mogoče treba prilagoditi odmerke sevoflurana.</s>
<s id="s258.3">Odmerke, potrebne za vzdrževanje anestezije, bo pri geriatričnih psih mogoče treba zmanjšati za približno 0, 5% (t. j., 2, 8% do 3, 1% pri geriatričnih psih s premedikacijo in 3, 2 do 3, 3% pri geriatričnih psih brez premedikacije).</s>
<s id="s258.4">Omejene klinične izkušnje z uporabo sevoflurana pri psih z ledvično, jetrno in kardiovaskularno insuficienco kažejo, da lahko sevofluran pri teh boleznih varno uporabljamo.</s>
<s id="s258.5">Vendar priporočajo, da takšne živali med sevofluransko anestezijo skrbno spremljamo.</s>
<s id="s259.1">Sevofluran lahko v normokapniji povzroči majhno zvišanje intrakranialnega tlaka (ICP).</s>
<s id="s259.2">Pri psih s poškodbami glave ali drugimi boleznimi, zaradi katerih jih ogroža zvišani ICP, priporočajo kot sredstvo za preprečevanje sprememb ICP indukcijo hipokapnije s pomočjo kontrolirane hiperventilacije.</s>
<s id="s260.1">Brejost in laktacija:</s>
<s id="s260.2">Ne uporabite v obdobju brejosti in laktacije, ker varnost zdravila v obdobju brejosti in laktacije ni bila ugotovljena.</s>
<s id="s260.3">Vendar so z uporabo sevoflurana po uvodu v anestezijo s propofolom pri psicah po carskem rezu na voljo omejene klinične izkušnje, pri tem niso odkrili nikakršnih škodljivih učinkov niti pri psici niti pri kužkih.</s>
<s id="s260.4">Uporabite le v skladu z oceno razmerja korist/ tveganje odgovornega veterinarja..</s>
<s id="s260.5">Preveliko odmerjanje:</s>
<s id="s260.6">Preveliko odmerjanje SevoFlo lahko povzroči globoko depresijo dihanja.</s>
<s id="s260.7">Zato je treba dihanje skrbno spremljati in ga podpirati, če je potrebno, z dodatnim kisikom in/ ali asistirano ventilacijo.</s>
<s id="s261.1">V primerih težke kardiopulmonalne depresije prekinite dovajanje sevoflurana, zagotovite prosto dihalno pot in uvedite asistirano ali kontrolirano ventilacijo s čistim kisikom.</s>
<s id="s261.2">Kardiopulmonalno depresijo je treba zdraviti z ekspanderji plazme, presornimi sredstvi, antiaritmičnimi sredstvi ali drugimi ustreznimi metodami.</s>
<s id="s262.1">Zaradi majhne topnosti sevoflurana v krvi utegne zviševanje koncentracije povzročiti hitre hemodinamske spremembe (od odmerka odvisno znižanje krvnega tlaka) v primerjavi z drugimi hlapnimi anestetiki.</s>
<s id="s262.2">Čezmerno znižanje krvnega tlaka ali depresijo dihanja lahko popravimo tako, da znižamo vdihano koncentracijo sevoflurana ali ga prenehamo dajati.</s>
<s id="s263.1">Posebni previdnostni ukrepi, ki jih mora izvajati oseba, ki živalim daje zdravilo:</s>
<s id="s263.2">Da bi kar najbolj zmanjšali izpostavitev hlapom sevoflurana, priporočamo naslednje: • Kadar je možno, uporabljajte za uporabo SevoFlo med vzdrževalno anestezijo endotrahealni tubus z mešičkom. • Ne uporabljajte postopkov z masko za dolgotrajno uvajanje in vzdrževanje splošne anestezije. • Poskrbite, da bodo operacijske sobe in prostori za prebujanje živali opremljene z ustreznimi prezračevalnimi ali čistilnimi sistemi, ki bodo preprečevali kopičenje hlapov anestetika. • Vse sisteme za prečiščevanje zraka je treba ustrezno vzdrževati. • Nosečnice in doječe matere ne smejo priti v stik z zdravilom in se morajo izogibati operacijskim sobam in prostorom za prebujanje živali. • Pri pripravi SevoFlo moramo biti previdni, morebitno razlito zdravilo je treba nemudoma odstraniti. • Ne vdihavajte hlapov neposredno. • Izogibajte se stiku preko ust. • Halogenirana anestetična sredstva lahko povzročijo okvaro jeter.</s>
<s id="s263.3">To je idiosinkratičen odziv, ki ga po ponovnem izpostavljanju vidimo precej redko. • S stališča varstva okolja velja za dobro prakso, da pri opremi za čiščenje zraka uporabljamo filtre iz oglja.</s>
<s id="s264.1">22/ 24 Neposredno izpostavljanje oči lahko povzroči blago draženje.</s>
<s id="s264.2">Če pride do izpostavljenosti očesa, je treba oko 15 minut spirati z veliko vode.</s>
<s id="s264.3">Če draženje trdovratno vztraja, je treba poiskati zdravniško pomoč.</s>
<s id="s265.1">V primeru nehotenega stika s kožo sperite prizadeti predel z obilico vode.</s>
<s id="s266.1">Med simptomi čezmerne izpostavljenosti (z vdihavanjem) hlapom sevoflurana pri človeku so depresija dihanja, hipotenzija, bradikardija, drgetanje, navzeja in glavobol.</s>
<s id="s266.2">Če se pojavijo ti simptomi, je treba osebo odstraniti od vira izpostavljenosti in poiskati zdravniško pomoč.</s>
<s id="s267.1">Nasvet za zdravnike:</s>
<s id="s267.2">Vzdržujte odprto zračno pot in nudite simptomatsko in podporno zdravljenje.</s>
<s id="s268.1">13.</s>
<s id="s268.2">POSEBNI VARNOSTNI UKREPI ZA ODSTRANJEVANJE NEPORABLJENEGA ZDRAVILA ALI ODPADNIH SNOVI, ČE OBSTAJAJO</s>
<s id="s269.1">Vsako neporabljeno zdravilo ali odpadne snovi, ki nastanejo iz teh zdravil, je treba odstraniti v skladu z nacionalnimi zahtevami.</s>
<s id="s270.1">Ne odvrzite zdravila v odpadno vodo ali v gospodinjske odpadke.</s>
<s id="s271.1">14.</s>
<s id="s271.2">DATUM ZADNJE ODOBRITVE NAVODIL ZA UPORABO</s>
<s id="s272.1">Podrobne informacije o tem zdravilu za uporabo v veterinarski medicini so na voljo na spletni strani Evropske agencije za zdravila (European Medicines Agency, EMEA) http: // www. emea. europa. eu /.</s>
<s id="s273.1">15.</s>
<s id="s273.2">DRUGE INFORMACIJE</s>
<s id="s274.1">Samo za živali.</s>
<s id="s275.1">SevoFlo dobavljajo v kartonasti škatli, ki vsebuje 250- mililitrsko steklenico iz polietilennaftalata (PEN) z zaporko Quik- Fil.</s>
<s id="s276.1">Za vse nadaljnje informacije o tem zdravilu se obrnite na krajevno predstavništvo imetnika dovoljenja za promet z zdravilom.</s>
<s id="s277.1">Danmark Orion Pharma Animal Health MØllevej 9A DK- 2990 Nivå Tlf:</s>
<s id="s277.2">49 12 67 65</s>
<s id="s278.1">Norge Orion Pharma AS Animal Health Gjerdrumsvei 8, Postboks 4366 Nydalen N- 0402 Oslo Tlf:</s>
<s id="s278.2">4000 4190</s>
<s id="s279.1">España Veterinaria Esteve Laboratorios Dr.</s>
<s id="s279.2">ESTEVE, S. A.</s>
<s id="s279.3">Avda.</s>
<s id="s279.4">Mare de Déu de Montserrat 221, 08041 Barcelona, España.</s>
<s id="s279.5">Tel:</s>
<s id="s279.6">800 0228 7387 934466000</s>
<s id="s280.1">Portugal VeterinariaEsteve.</s>
<s id="s280.2">ESTEVE FARMA, Lda.</s>
<s id="s280.3">Av. do Forte, 3 – Edifício Suécia II, Piso 4 A 2794- 044 CARNAXIDE (Portugal) Tel:</s>
<s id="s280.4">214246010</s>
<s id="s281.1">Italia Veterinaria Esteve.</s>
<s id="s281.2">Esteve S. p. A.</s>
<s id="s281.3">Via Ippolito Rosellini 12, 1º piano, 20124 Milano, ITALIA Tel: + 39 02 699. 64. 201</s>
<s id="s282.1">Suomi/ Finland Orion Pharma Eläinlääkeet PL 425 FIN- 20101 Turku Puh/ Tel:</s>
<s id="s282.2">010 4261</s>
<s id="s283.1">23/ 24 United Kingdom Abbott Laboratories Ltd Vanwall Business Park, Maidenhead, Berkshire, SL6 4XE.</s>
<s id="s283.2">UK Tel: +44 (0) 1628 644354</s>
<s id="s284.1">Sverige Orion Pharma Animal Health Box 334 S- 192 30Tel:</s>
<s id="s284.2">08 - 623 6440</s>
<s id="s285.1">24/ 24</s>
</body>
</letsmt>
