<?xml version="1.0" encoding="utf-8"?>
<text>
<p id="1">
<s id="s1.1">
 <w id="w1.1.1">European</w> 
 <w id="w1.1.2">Medicines</w> 
 <w id="w1.1.3">Agency</w>
</s></p>

<p id="2">
<s id="s2.1">
 <w id="w2.1.1">EMEA/</w>
 <w id="w2.1.2">H/</w>
 <w id="w2.1.3">C/</w>
 <w id="w2.1.4">558</w>
</s></p>

<p id="3">
<s id="s3.1">
 <w id="w3.1.1">EVROPSKO</w> 
 <w id="w3.1.2">JAVNO</w> 
 <w id="w3.1.3">POROČILO</w> 
 <w id="w3.1.4">O</w> 
 <w id="w3.1.5">OCENI</w> 
 <w id="w3.1.6">ZDRAVILA</w> 
 <w id="w3.1.7">(</w>
 <w id="w3.1.8">EPAR</w>
 <w id="w3.1.9">)</w>
</s></p>

<p id="4">
<s id="s4.1">
 <w id="w4.1.1">ERBITUX</w>
</s></p>

<p id="5">
<s id="s5.1">
 <w id="w5.1.1">Povzetek</w> 
 <w id="w5.1.2">EPAR</w> 
 <w id="w5.1.3">za</w> 
 <w id="w5.1.4">javnost</w> 
 <w id="w5.1.5">Ta</w> 
 <w id="w5.1.6">dokument</w> 
 <w id="w5.1.7">je</w> 
 <w id="w5.1.8">povzetek</w> 
 <w id="w5.1.9">evropskega</w> 
 <w id="w5.1.10">javnega</w> 
 <w id="w5.1.11">poročila</w> 
 <w id="w5.1.12">o</w> 
 <w id="w5.1.13">oceni</w> 
 <w id="w5.1.14">zdravila</w> 
 <w id="w5.1.15">(</w>
 <w id="w5.1.16">EPAR</w>
 <w id="w5.1.17">)</w>
 <w id="w5.1.18">.</w>
</s> 
 
<s id="s5.2">
 <w id="w5.2.1">Pojasnjuje</w>
 <w id="w5.2.2">,</w> 
 <w id="w5.2.3">kako</w> 
 <w id="w5.2.4">je</w> 
 <w id="w5.2.5">Odbor</w> 
 <w id="w5.2.6">za</w> 
 <w id="w5.2.7">zdravila</w> 
 <w id="w5.2.8">za</w> 
 <w id="w5.2.9">uporabo</w> 
 <w id="w5.2.10">v</w> 
 <w id="w5.2.11">humani</w> 
 <w id="w5.2.12">medicini</w> 
 <w id="w5.2.13">(</w>
 <w id="w5.2.14">CHMP</w>
 <w id="w5.2.15">)</w> 
 <w id="w5.2.16">ocenil</w> 
 <w id="w5.2.17">opravljene</w> 
 <w id="w5.2.18">študije</w>
 <w id="w5.2.19">,</w> 
 <w id="w5.2.20">na</w> 
 <w id="w5.2.21">podlagi</w> 
 <w id="w5.2.22">katerih</w> 
 <w id="w5.2.23">je</w> 
 <w id="w5.2.24">oblikoval</w> 
 <w id="w5.2.25">priporočila</w> 
 <w id="w5.2.26">glede</w> 
 <w id="w5.2.27">uporabe</w> 
 <w id="w5.2.28">zdravila</w>
 <w id="w5.2.29">.</w>
</s> 
 
<s id="s5.3">
 <w id="w5.3.1">Če</w> 
 <w id="w5.3.2">potrebujete</w> 
 <w id="w5.3.3">več</w> 
 <w id="w5.3.4">informacij</w> 
 <w id="w5.3.5">o</w> 
 <w id="w5.3.6">svojem</w> 
 <w id="w5.3.7">zdravstvenem</w> 
 <w id="w5.3.8">stanju</w> 
 <w id="w5.3.9">ali</w> 
 <w id="w5.3.10">zdravljenju</w>
 <w id="w5.3.11">,</w> 
 <w id="w5.3.12">preberite</w> 
 <w id="w5.3.13">navodilo</w> 
 <w id="w5.3.14">za</w> 
 <w id="w5.3.15">uporabo</w> 
 <w id="w5.3.16">(</w>
 <w id="w5.3.17">ki</w> 
 <w id="w5.3.18">je</w> 
 <w id="w5.3.19">prav</w> 
 <w id="w5.3.20">tako</w> 
 <w id="w5.3.21">del</w> 
 <w id="w5.3.22">EPAR</w>
 <w id="w5.3.23">)</w> 
 <w id="w5.3.24">ali</w> 
 <w id="w5.3.25">se</w> 
 <w id="w5.3.26">posvetujte</w> 
 <w id="w5.3.27">s</w> 
 <w id="w5.3.28">svojim</w> 
 <w id="w5.3.29">zdravnikom</w> 
 <w id="w5.3.30">ali</w> 
 <w id="w5.3.31">farmacevtom</w>
 <w id="w5.3.32">.</w>
</s> 
 
<s id="s5.4">
 <w id="w5.4.1">Če</w> 
 <w id="w5.4.2">želite</w> 
 <w id="w5.4.3">več</w> 
 <w id="w5.4.4">informacij</w>
 <w id="w5.4.5">,</w> 
 <w id="w5.4.6">ki</w> 
 <w id="w5.4.7">temeljijo</w> 
 <w id="w5.4.8">na</w> 
 <w id="w5.4.9">priporočilih</w> 
 <w id="w5.4.10">CHMP</w>
 <w id="w5.4.11">,</w> 
 <w id="w5.4.12">preberite</w> 
 <w id="w5.4.13">znanstveno</w> 
 <w id="w5.4.14">razpravo</w> 
 <w id="w5.4.15">(</w>
 <w id="w5.4.16">ki</w> 
 <w id="w5.4.17">je</w> 
 <w id="w5.4.18">prav</w> 
 <w id="w5.4.19">tako</w> 
 <w id="w5.4.20">del</w> 
 <w id="w5.4.21">EPAR</w>
 <w id="w5.4.22">)</w>
 <w id="w5.4.23">.</w>
</s></p>

<p id="6">
<s id="s6.1">
 <w id="w6.1.1">Kaj</w> 
 <w id="w6.1.2">je</w> 
 <w id="w6.1.3">zdravilo</w> 
 <w id="w6.1.4">Erbitux</w>
 <w id="w6.1.5">?</w>
</s> 
 
<s id="s6.2">
 <w id="w6.2.1">Zdravilo</w> 
 <w id="w6.2.2">Erbitux</w> 
 <w id="w6.2.3">je</w> 
 <w id="w6.2.4">raztopina</w> 
 <w id="w6.2.5">za</w> 
 <w id="w6.2.6">infundiranje</w> 
 <w id="w6.2.7">(</w>
 <w id="w6.2.8">kapalno</w> 
 <w id="w6.2.9">infuzijo</w> 
 <w id="w6.2.10">v</w> 
 <w id="w6.2.11">veno</w>
 <w id="w6.2.12">)</w>
 <w id="w6.2.13">,</w> 
 <w id="w6.2.14">ki</w> 
 <w id="w6.2.15">vsebuje</w> 
 <w id="w6.2.16">zdravilno</w> 
 <w id="w6.2.17">učinkovino</w> 
 <w id="w6.2.18">cetuksimab</w>
 <w id="w6.2.19">.</w>
</s></p>

<p id="7">
<s id="s7.1">
 <w id="w7.1.1">Za</w> 
 <w id="w7.1.2">kaj</w> 
 <w id="w7.1.3">se</w> 
 <w id="w7.1.4">zdravilo</w> 
 <w id="w7.1.5">Erbitux</w> 
 <w id="w7.1.6">uporablja</w>
 <w id="w7.1.7">?</w>
</s> 
 
<s id="s7.2">
 <w id="w7.2.1">Zdravilo</w> 
 <w id="w7.2.2">Erbitux</w> 
 <w id="w7.2.3">se</w> 
 <w id="w7.2.4">uporablja</w> 
 <w id="w7.2.5">za</w> 
 <w id="w7.2.6">zdravljenje</w> 
 <w id="w7.2.7">naslednjih</w> 
 <w id="w7.2.8">vrst</w> 
 <w id="w7.2.9">raka</w>
 <w id="w7.2.10">:</w> 
 <w id="w7.2.11">•</w> 
 <w id="w7.2.12">metastatskega</w> 
 <w id="w7.2.13">raka</w> 
 <w id="w7.2.14">debelega</w> 
 <w id="w7.2.15">črevesa</w> 
 <w id="w7.2.16">ali</w> 
 <w id="w7.2.17">danke</w>
 <w id="w7.2.18">.</w>
</s> 
 
<s id="s7.3">
 <w id="w7.3.1">Beseda</w> 
 <w id="w7.3.2">„</w>
 <w id="w7.3.3">metastatski</w>
 <w id="w7.3.4">“</w> 
 <w id="w7.3.5">pomeni</w>
 <w id="w7.3.6">,</w> 
 <w id="w7.3.7">da</w> 
 <w id="w7.3.8">se</w> 
 <w id="w7.3.9">je</w> 
 <w id="w7.3.10">rak</w> 
 <w id="w7.3.11">že</w>    
 <w id="w7.3.12">razširil</w> 
 <w id="w7.3.13">na</w> 
 <w id="w7.3.14">druge</w> 
 <w id="w7.3.15">dele</w> 
 <w id="w7.3.16">telesa</w>
 <w id="w7.3.17">.</w>
</s> 
 
<s id="s7.4">
 <w id="w7.4.1">Zdravilo</w> 
 <w id="w7.4.2">Erbitux</w> 
 <w id="w7.4.3">se</w> 
 <w id="w7.4.4">uporablja</w> 
 <w id="w7.4.5">pri</w> 
 <w id="w7.4.6">bolnikih</w>
 <w id="w7.4.7">,</w> 
 <w id="w7.4.8">katerih</w> 
 <w id="w7.4.9">tumorske</w> 
 <w id="w7.4.10">celice</w>    
 <w id="w7.4.11">imajo</w> 
 <w id="w7.4.12">na</w> 
 <w id="w7.4.13">svoji</w> 
 <w id="w7.4.14">površini</w> 
 <w id="w7.4.15">beljakovino</w>
 <w id="w7.4.16">,</w> 
 <w id="w7.4.17">imenovano</w> 
 <w id="w7.4.18">receptor</w> 
 <w id="w7.4.19">za</w> 
 <w id="w7.4.20">epidermalni</w> 
 <w id="w7.4.21">rastni</w> 
 <w id="w7.4.22">faktor</w> 
 <w id="w7.4.23">(</w>
 <w id="w7.4.24">RERF</w>
 <w id="w7.4.25">)</w>
 <w id="w7.4.26">,</w> 
 <w id="w7.4.27">in</w>    
 <w id="w7.4.28">vsebujejo</w> 
 <w id="w7.4.29">„</w>
 <w id="w7.4.30">divji</w>
 <w id="w7.4.31">“</w> 
 <w id="w7.4.32">(</w>
 <w id="w7.4.33">nemutirani</w>
 <w id="w7.4.34">)</w> 
 <w id="w7.4.35">tip</w> 
 <w id="w7.4.36">gena</w>
 <w id="w7.4.37">,</w> 
 <w id="w7.4.38">imenovanega</w> 
 <w id="w7.4.39">„</w>
 <w id="w7.4.40">KRAS</w>
 <w id="w7.4.41">“</w>
 <w id="w7.4.42">.</w>
</s> 
 
<s id="s7.5">
 <w id="w7.5.1">Ta</w> 
 <w id="w7.5.2">gen</w> 
 <w id="w7.5.3">v</w> 
 <w id="w7.5.4">primeru</w> 
 <w id="w7.5.5">svoje</w> 
 <w id="w7.5.6">mutacije</w>    
 <w id="w7.5.7">začne</w> 
 <w id="w7.5.8">v</w> 
 <w id="w7.5.9">tumorskih</w> 
 <w id="w7.5.10">celicah</w> 
 <w id="w7.5.11">spodbujati</w> 
 <w id="w7.5.12">rast</w> 
 <w id="w7.5.13">tumorja</w>
 <w id="w7.5.14">.</w>
</s> 
 
<s id="s7.6">
 <w id="w7.6.1">Zdravilo</w> 
 <w id="w7.6.2">Erbitux</w> 
 <w id="w7.6.3">se</w> 
 <w id="w7.6.4">uporablja</w> 
 <w id="w7.6.5">skupaj</w> 
 <w id="w7.6.6">z</w> 
 <w id="w7.6.7">drugimi</w>    
 <w id="w7.6.8">zdravili</w> 
 <w id="w7.6.9">proti</w> 
 <w id="w7.6.10">raku</w> 
 <w id="w7.6.11">ali</w> 
 <w id="w7.6.12">pa</w> 
 <w id="w7.6.13">samostojno</w>
 <w id="w7.6.14">,</w> 
 <w id="w7.6.15">kadar</w> 
 <w id="w7.6.16">predhodno</w> 
 <w id="w7.6.17">zdravljenje</w> 
 <w id="w7.6.18">raka</w> 
 <w id="w7.6.19">z</w> 
 <w id="w7.6.20">zdravili</w>
 <w id="w7.6.21">,</w> 
 <w id="w7.6.22">ki</w> 
 <w id="w7.6.23">vsebujejo</w>    
 <w id="w7.6.24">oksaliplatin</w> 
 <w id="w7.6.25">in</w> 
 <w id="w7.6.26">irinotekan</w>
 <w id="w7.6.27">,</w> 
 <w id="w7.6.28">ni</w> 
 <w id="w7.6.29">bilo</w> 
 <w id="w7.6.30">uspešno</w> 
 <w id="w7.6.31">in</w> 
 <w id="w7.6.32">bolnik</w> 
 <w id="w7.6.33">ne</w> 
 <w id="w7.6.34">more</w> 
 <w id="w7.6.35">več</w> 
 <w id="w7.6.36">prejemati</w> 
 <w id="w7.6.37">irinotekana</w>
 <w id="w7.6.38">;</w> 
 <w id="w7.6.39">•</w> 
 <w id="w7.6.40">ploščatoceličnega</w> 
 <w id="w7.6.41">raka</w> 
 <w id="w7.6.42">glave</w> 
 <w id="w7.6.43">in</w> 
 <w id="w7.6.44">vratu</w>
 <w id="w7.6.45">.</w>
</s> 
 
<s id="s7.7">
 <w id="w7.7.1">Ta</w> 
 <w id="w7.7.2">vrsta</w> 
 <w id="w7.7.3">raka</w> 
 <w id="w7.7.4">prizadene</w> 
 <w id="w7.7.5">celice</w> 
 <w id="w7.7.6">sluznice</w> 
 <w id="w7.7.7">ustne</w> 
 <w id="w7.7.8">votline</w> 
 <w id="w7.7.9">ali</w>    
 <w id="w7.7.10">žrela</w> 
 <w id="w7.7.11">oziroma</w> 
 <w id="w7.7.12">organov</w>
 <w id="w7.7.13">,</w> 
 <w id="w7.7.14">kot</w> 
 <w id="w7.7.15">je</w> 
 <w id="w7.7.16">grlo</w> 
 <w id="w7.7.17">(</w>
 <w id="w7.7.18">govorni</w> 
 <w id="w7.7.19">aparat</w>
 <w id="w7.7.20">)</w>
 <w id="w7.7.21">.</w>
</s> 
 
<s id="s7.8">
 <w id="w7.8.1">Pri</w> 
 <w id="w7.8.2">lokalno</w> 
 <w id="w7.8.3">napredovalnem</w> 
 <w id="w7.8.4">raku</w> 
 <w id="w7.8.5">(</w>
 <w id="w7.8.6">ko</w> 
 <w id="w7.8.7">je</w> 
 <w id="w7.8.8">tumor</w>    
 <w id="w7.8.9">zrastel</w>
 <w id="w7.8.10">,</w> 
 <w id="w7.8.11">vendar</w> 
 <w id="w7.8.12">se</w> 
 <w id="w7.8.13">ni</w> 
 <w id="w7.8.14">razširil</w>
 <w id="w7.8.15">)</w> 
 <w id="w7.8.16">se</w> 
 <w id="w7.8.17">zdravilo</w> 
 <w id="w7.8.18">Erbitux</w> 
 <w id="w7.8.19">uporablja</w> 
 <w id="w7.8.20">v</w> 
 <w id="w7.8.21">kombinaciji</w> 
 <w id="w7.8.22">z</w> 
 <w id="w7.8.23">obsevanjem</w>    
 <w id="w7.8.24">(</w>
 <w id="w7.8.25">radioterapijo</w>
 <w id="w7.8.26">)</w>
 <w id="w7.8.27">.</w>
</s> 
 
<s id="s7.9">
 <w id="w7.9.1">Pri</w> 
 <w id="w7.9.2">ponavljajočem</w> 
 <w id="w7.9.3">(</w>
 <w id="w7.9.4">ki</w> 
 <w id="w7.9.5">se</w> 
 <w id="w7.9.6">ponovi</w> 
 <w id="w7.9.7">po</w> 
 <w id="w7.9.8">predhodnem</w> 
 <w id="w7.9.9">zdravljenju</w>
 <w id="w7.9.10">)</w> 
 <w id="w7.9.11">ali</w> 
 <w id="w7.9.12">metastatskem</w>    
 <w id="w7.9.13">raku</w> 
 <w id="w7.9.14">se</w> 
 <w id="w7.9.15">zdravilo</w> 
 <w id="w7.9.16">Erbitux</w> 
 <w id="w7.9.17">uporablja</w> 
 <w id="w7.9.18">v</w> 
 <w id="w7.9.19">kombinaciji</w> 
 <w id="w7.9.20">z</w> 
 <w id="w7.9.21">zdravili</w> 
 <w id="w7.9.22">za</w> 
 <w id="w7.9.23">zdravljenje</w> 
 <w id="w7.9.24">raka</w> 
 <w id="w7.9.25">na</w> 
 <w id="w7.9.26">osnovi</w> 
 <w id="w7.9.27">platine</w>    
 <w id="w7.9.28">(</w>
 <w id="w7.9.29">vključno</w> 
 <w id="w7.9.30">z</w> 
 <w id="w7.9.31">zdravili</w>
 <w id="w7.9.32">,</w> 
 <w id="w7.9.33">kot</w> 
 <w id="w7.9.34">je</w> 
 <w id="w7.9.35">cisplatin</w> 
 <w id="w7.9.36">ali</w> 
 <w id="w7.9.37">karboplatin</w>
 <w id="w7.9.38">)</w>
 <w id="w7.9.39">.</w>
</s> 
 
<s id="s7.10">
 <w id="w7.10.1">Zdravilo</w> 
 <w id="w7.10.2">se</w> 
 <w id="w7.10.3">dobi</w> 
 <w id="w7.10.4">samo</w> 
 <w id="w7.10.5">na</w> 
 <w id="w7.10.6">recept</w>
 <w id="w7.10.7">.</w>
</s></p>

<p id="8">
<s id="s8.1">
 <w id="w8.1.1">Kako</w> 
 <w id="w8.1.2">se</w> 
 <w id="w8.1.3">zdravilo</w> 
 <w id="w8.1.4">Erbitux</w> 
 <w id="w8.1.5">uporablja</w>
 <w id="w8.1.6">?</w>
</s> 
 
<s id="s8.2">
 <w id="w8.2.1">Zdravilo</w> 
 <w id="w8.2.2">Erbitux</w> 
 <w id="w8.2.3">lahko</w> 
 <w id="w8.2.4">predpiše</w> 
 <w id="w8.2.5">le</w> 
 <w id="w8.2.6">zdravnik</w>
 <w id="w8.2.7">,</w> 
 <w id="w8.2.8">ki</w> 
 <w id="w8.2.9">ima</w> 
 <w id="w8.2.10">izkušnje</w> 
 <w id="w8.2.11">z</w> 
 <w id="w8.2.12">uporabo</w> 
 <w id="w8.2.13">zdravil</w> 
 <w id="w8.2.14">proti</w> 
 <w id="w8.2.15">raku</w>
 <w id="w8.2.16">.</w>
</s> 
 
<s id="s8.3">
 <w id="w8.3.1">Pred</w> 
 <w id="w8.3.2">prvo</w> 
 <w id="w8.3.3">uporabo</w> 
 <w id="w8.3.4">zdravila</w> 
 <w id="w8.3.5">Erbitux</w> 
 <w id="w8.3.6">je</w> 
 <w id="w8.3.7">treba</w> 
 <w id="w8.3.8">bolniku</w> 
 <w id="w8.3.9">za</w> 
 <w id="w8.3.10">preprečitev</w> 
 <w id="w8.3.11">alergičnih</w> 
 <w id="w8.3.12">reakcij</w> 
 <w id="w8.3.13">dati</w> 
 <w id="w8.3.14">antihistaminike</w> 
 <w id="w8.3.15">in</w> 
 <w id="w8.3.16">kortikosteroide</w>
 <w id="w8.3.17">.</w>
</s> 
 
<s id="s8.4">
 <w id="w8.4.1">To</w> 
 <w id="w8.4.2">je</w> 
 <w id="w8.4.3">priporočljivo</w> 
 <w id="w8.4.4">tudi</w> 
 <w id="w8.4.5">pri</w> 
 <w id="w8.4.6">vseh</w> 
 <w id="w8.4.7">naslednjih</w> 
 <w id="w8.4.8">infundiranjih</w>
 <w id="w8.4.9">.</w>
</s> 
 
<s id="s8.5">
 <w id="w8.5.1">Zdravilo</w> 
 <w id="w8.5.2">Erbitux</w> 
 <w id="w8.5.3">se</w> 
 <w id="w8.5.4">daje</w> 
 <w id="w8.5.5">enkrat</w> 
 <w id="w8.5.6">tedensko</w>
 <w id="w8.5.7">.</w>
</s> 
 
<s id="s8.6">
 <w id="w8.6.1">Odmerek</w> 
 <w id="w8.6.2">pri</w> 
 <w id="w8.6.3">prvem</w> 
 <w id="w8.6.4">infundiranju</w> 
 <w id="w8.6.5">znaša</w> 
 <w id="w8.6.6">400</w> 
 <w id="w8.6.7">mg</w> 
 <w id="w8.6.8">na</w> 
 <w id="w8.6.9">kvadratni</w> 
 <w id="w8.6.10">meter</w> 
 <w id="w8.6.11">telesne</w> 
 <w id="w8.6.12">površine</w> 
 <w id="w8.6.13">(</w>
 <w id="w8.6.14">izračunane</w> 
 <w id="w8.6.15">na</w> 
 <w id="w8.6.16">podlagi</w> 
 <w id="w8.6.17">bolnikove</w> 
 <w id="w8.6.18">mase</w> 
 <w id="w8.6.19">in</w> 
 <w id="w8.6.20">višine</w>
 <w id="w8.6.21">)</w>
 <w id="w8.6.22">,</w> 
 <w id="w8.6.23">ki</w> 
 <w id="w8.6.24">ga</w> 
 <w id="w8.6.25">bolniku</w> 
 <w id="w8.6.26">infundiramo</w> 
 <w id="w8.6.27">v</w> 
 <w id="w8.6.28">trajanju</w> 
 <w id="w8.6.29">dveh</w> 
 <w id="w8.6.30">ur</w>
 <w id="w8.6.31">.</w>
</s> 
 
<s id="s8.7">
 <w id="w8.7.1">Vsak</w> 
 <w id="w8.7.2">naslednji</w> 
 <w id="w8.7.3">odmerek</w> 
 <w id="w8.7.4">je</w> 
 <w id="w8.7.5">250</w> 
 <w id="w8.7.6">mg/</w>
 <w id="w8.7.7">m2</w> 
 <w id="w8.7.8">in</w> 
 <w id="w8.7.9">se</w> 
 <w id="w8.7.10">infundira</w> 
 <w id="w8.7.11">eno</w> 
 <w id="w8.7.12">uro</w>
 <w id="w8.7.13">.</w>
</s> 
 
<s id="s8.8">
 <w id="w8.8.1">Kadar</w> 
 <w id="w8.8.2">se</w> 
 <w id="w8.8.3">zdravilo</w> 
 <w id="w8.8.4">uporablja</w> 
 <w id="w8.8.5">samostojno</w> 
 <w id="w8.8.6">ali</w> 
 <w id="w8.8.7">skupaj</w> 
 <w id="w8.8.8">z</w> 
 <w id="w8.8.9">drugimi</w> 
 <w id="w8.8.10">zdravili</w> 
 <w id="w8.8.11">proti</w> 
 <w id="w8.8.12">raku</w>
 <w id="w8.8.13">,</w> 
 <w id="w8.8.14">se</w> 
 <w id="w8.8.15">zdravilo</w> 
 <w id="w8.8.16">Erbitux</w> 
 <w id="w8.8.17">bolniku</w> 
 <w id="w8.8.18">daje</w> 
 <w id="w8.8.19">tako</w> 
 <w id="w8.8.20">tako</w> 
 <w id="w8.8.21">dolgo</w>
 <w id="w8.8.22">,</w> 
 <w id="w8.8.23">dokler</w> 
 <w id="w8.8.24">se</w> 
 <w id="w8.8.25">nanj</w> 
 <w id="w8.8.26">odziva</w>
 <w id="w8.8.27">.</w>
</s> 
 
<s id="s8.9">
 <w id="w8.9.1">Kadar</w> 
 <w id="w8.9.2">se</w> 
 <w id="w8.9.3">uporablja</w> 
 <w id="w8.9.4">skupaj</w> 
 <w id="w8.9.5">z</w> 
 <w id="w8.9.6">obsevanjem</w>
 <w id="w8.9.7">,</w> 
 <w id="w8.9.8">se</w> 
 <w id="w8.9.9">zdravilo</w> 
 <w id="w8.9.10">Erbitux</w> 
 <w id="w8.9.11">začne</w> 
 <w id="w8.9.12">dajati</w> 
 <w id="w8.9.13">en</w> 
 <w id="w8.9.14">teden</w> 
 <w id="w8.9.15">pred</w> 
 <w id="w8.9.16">začetkom</w> 
 <w id="w8.9.17">obsevanja</w> 
 <w id="w8.9.18">in</w> 
 <w id="w8.9.19">se</w> 
 <w id="w8.9.20">ga</w> 
 <w id="w8.9.21">daje</w> 
 <w id="w8.9.22">vse</w> 
 <w id="w8.9.23">do</w> 
 <w id="w8.9.24">konca</w> 
 <w id="w8.9.25">obsevanja</w>
 <w id="w8.9.26">.</w>
</s> 
 
<s id="s8.10">
 <w id="w8.10.1">Zdravilo</w> 
 <w id="w8.10.2">Erbitux</w> 
 <w id="w8.10.3">ni</w> 
 <w id="w8.10.4">bilo</w> 
 <w id="w8.10.5">preskušeno</w> 
 <w id="w8.10.6">pri</w> 
 <w id="w8.10.7">bolnikih</w> 
 <w id="w8.10.8">z</w> 
 <w id="w8.10.9">ledvičnimi</w> 
 <w id="w8.10.10">in</w> 
 <w id="w8.10.11">jetrnimi</w> 
 <w id="w8.10.12">težavami</w> 
 <w id="w8.10.13">ali</w> 
 <w id="w8.10.14">težavami</w> 
 <w id="w8.10.15">s</w> 
 <w id="w8.10.16">krvjo</w> 
 <w id="w8.10.17">oziroma</w> 
 <w id="w8.10.18">pri</w> 
 <w id="w8.10.19">otrocih</w>
 <w id="w8.10.20">.</w>
</s></p>

<p id="9">
<s id="s9.1">
 <w id="w9.1.1">7</w> 
 <w id="w9.1.2">Westferry</w> 
 <w id="w9.1.3">Circus</w>
 <w id="w9.1.4">,</w> 
 <w id="w9.1.5">Canary</w> 
 <w id="w9.1.6">Wharf</w>
 <w id="w9.1.7">,</w> 
 <w id="w9.1.8">London</w> 
 <w id="w9.1.9">E14</w> 
 <w id="w9.1.10">4HB</w>
 <w id="w9.1.11">,</w> 
 <w id="w9.1.12">UK</w>                                   
 <w id="w9.1.13">Tel</w>
 <w id="w9.1.14">.</w>
</s> 
 
<s id="s9.2">
 <w id="w9.2.1">(</w>
 <w id="w9.2.2">44-</w>
 <w id="w9.2.3">20</w>
 <w id="w9.2.4">)</w> 
 <w id="w9.2.5">74</w> 
 <w id="w9.2.6">18</w> 
 <w id="w9.2.7">84</w> 
 <w id="w9.2.8">00</w> 
 <w id="w9.2.9">Fax</w> 
 <w id="w9.2.10">(</w>
 <w id="w9.2.11">44-</w>
 <w id="w9.2.12">20</w>
 <w id="w9.2.13">)</w> 
 <w id="w9.2.14">74</w> 
 <w id="w9.2.15">18</w> 
 <w id="w9.2.16">84</w> 
 <w id="w9.2.17">16</w>                              
 <w id="w9.2.18">E-</w>
 <w id="w9.2.19">mail</w>
 <w id="w9.2.20">:</w> 
 <w id="w9.2.21">mail@</w>
 <w id="w9.2.22">emea.</w>
 <w id="w9.2.23">europa.</w>
 <w id="w9.2.24">eu</w> 
 <w id="w9.2.25">http</w>
 <w id="w9.2.26">:</w>
 <w id="w9.2.27">//</w>
 <w id="w9.2.28">www.</w>
 <w id="w9.2.29">emea.</w>
 <w id="w9.2.30">europa.</w>
 <w id="w9.2.31">eu</w>
</s></p>

<p id="10">
<s id="s10.1">
 <w id="w10.1.1">©</w> 
 <w id="w10.1.2">European</w> 
 <w id="w10.1.3">Medicines</w> 
 <w id="w10.1.4">Agency</w>
 <w id="w10.1.5">,</w> 
 <w id="w10.1.6">2009</w>
 <w id="w10.1.7">.</w>
</s> 
 
<s id="s10.2">
 <w id="w10.2.1">Reproduction</w> 
 <w id="w10.2.2">is</w> 
 <w id="w10.2.3">authorised</w> 
 <w id="w10.2.4">provided</w> 
 <w id="w10.2.5">the</w> 
 <w id="w10.2.6">source</w> 
 <w id="w10.2.7">is</w> 
 <w id="w10.2.8">acknowledged</w>
 <w id="w10.2.9">.</w>
</s> 
 
<s id="s10.3">
 <w id="w10.3.1">Kako</w> 
 <w id="w10.3.2">zdravilo</w> 
 <w id="w10.3.3">Erbitux</w> 
 <w id="w10.3.4">deluje</w>
 <w id="w10.3.5">?</w>
</s> 
 
<s id="s10.4">
 <w id="w10.4.1">Zdravilna</w> 
 <w id="w10.4.2">učinkovina</w> 
 <w id="w10.4.3">v</w> 
 <w id="w10.4.4">zdravilu</w> 
 <w id="w10.4.5">Erbitux</w>
 <w id="w10.4.6">,</w> 
 <w id="w10.4.7">cetuksimab</w>
 <w id="w10.4.8">,</w> 
 <w id="w10.4.9">je</w> 
 <w id="w10.4.10">monoklonsko</w> 
 <w id="w10.4.11">protitelo</w>
 <w id="w10.4.12">.</w>
</s> 
 
<s id="s10.5">
 <w id="w10.5.1">Monoklonsko</w> 
 <w id="w10.5.2">protitelo</w> 
 <w id="w10.5.3">je</w> 
 <w id="w10.5.4">protitelo</w> 
 <w id="w10.5.5">(</w>
 <w id="w10.5.6">vrsta</w> 
 <w id="w10.5.7">beljakovine</w>
 <w id="w10.5.8">)</w>
 <w id="w10.5.9">,</w> 
 <w id="w10.5.10">ki</w> 
 <w id="w10.5.11">je</w> 
 <w id="w10.5.12">bilo</w> 
 <w id="w10.5.13">zasnovano</w> 
 <w id="w10.5.14">tako</w>
 <w id="w10.5.15">,</w> 
 <w id="w10.5.16">da</w> 
 <w id="w10.5.17">prepozna</w> 
 <w id="w10.5.18">in</w> 
 <w id="w10.5.19">se</w> 
 <w id="w10.5.20">veže</w> 
 <w id="w10.5.21">na</w> 
 <w id="w10.5.22">določeno</w> 
 <w id="w10.5.23">strukturo</w> 
 <w id="w10.5.24">(</w>
 <w id="w10.5.25">imenovano</w> 
 <w id="w10.5.26">antigen</w>
 <w id="w10.5.27">)</w> 
 <w id="w10.5.28">na</w> 
 <w id="w10.5.29">površini</w> 
 <w id="w10.5.30">nekaterih</w> 
 <w id="w10.5.31">celic</w> 
 <w id="w10.5.32">v</w> 
 <w id="w10.5.33">telesu</w>
 <w id="w10.5.34">.</w>
</s> 
 
<s id="s10.6">
 <w id="w10.6.1">Zdravilna</w> 
 <w id="w10.6.2">učinkovina</w> 
 <w id="w10.6.3">cetuksimab</w> 
 <w id="w10.6.4">je</w> 
 <w id="w10.6.5">bila</w> 
 <w id="w10.6.6">zasnovana</w> 
 <w id="w10.6.7">tako</w>
 <w id="w10.6.8">,</w> 
 <w id="w10.6.9">da</w> 
 <w id="w10.6.10">se</w> 
 <w id="w10.6.11">veže</w> 
 <w id="w10.6.12">na</w> 
 <w id="w10.6.13">receptor</w> 
 <w id="w10.6.14">za</w> 
 <w id="w10.6.15">epidermalni</w> 
 <w id="w10.6.16">rastni</w> 
 <w id="w10.6.17">faktor</w>
 <w id="w10.6.18">,</w> 
 <w id="w10.6.19">ki</w> 
 <w id="w10.6.20">ga</w> 
 <w id="w10.6.21">najdemo</w> 
 <w id="w10.6.22">na</w> 
 <w id="w10.6.23">površini</w> 
 <w id="w10.6.24">določenih</w> 
 <w id="w10.6.25">tumorskih</w> 
 <w id="w10.6.26">celic</w>
 <w id="w10.6.27">.</w>
</s> 
 
<s id="s10.7">
 <w id="w10.7.1">Posledica</w> 
 <w id="w10.7.2">te</w> 
 <w id="w10.7.3">vezave</w> 
 <w id="w10.7.4">je</w>
 <w id="w10.7.5">,</w> 
 <w id="w10.7.6">da</w> 
 <w id="w10.7.7">tumorske</w> 
 <w id="w10.7.8">celice</w> 
 <w id="w10.7.9">ne</w> 
 <w id="w10.7.10">morejo</w> 
 <w id="w10.7.11">več</w> 
 <w id="w10.7.12">prejemati</w> 
 <w id="w10.7.13">sporočil</w>
 <w id="w10.7.14">,</w> 
 <w id="w10.7.15">potrebnih</w> 
 <w id="w10.7.16">za</w> 
 <w id="w10.7.17">svojo</w> 
 <w id="w10.7.18">rast</w>
 <w id="w10.7.19">,</w> 
 <w id="w10.7.20">napredovanje</w> 
 <w id="w10.7.21">in</w> 
 <w id="w10.7.22">širjenje</w>
 <w id="w10.7.23">.</w>
</s> 
 
<s id="s10.8">
 <w id="w10.8.1">Pri</w> 
 <w id="w10.8.2">79</w> 
 <w id="w10.8.3">do</w> 
 <w id="w10.8.4">89</w> 
 <w id="w10.8.5">%</w> 
 <w id="w10.8.6">primerov</w> 
 <w id="w10.8.7">raka</w> 
 <w id="w10.8.8">debelega</w> 
 <w id="w10.8.9">črevesa</w> 
 <w id="w10.8.10">ali</w> 
 <w id="w10.8.11">danke</w> 
 <w id="w10.8.12">in</w> 
 <w id="w10.8.13">več</w> 
 <w id="w10.8.14">kot</w> 
 <w id="w10.8.15">90</w> 
 <w id="w10.8.16">%</w> 
 <w id="w10.8.17">ploščatoceličnega</w> 
 <w id="w10.8.18">raka</w> 
 <w id="w10.8.19">glave</w> 
 <w id="w10.8.20">in</w> 
 <w id="w10.8.21">vratu</w> 
 <w id="w10.8.22">je</w> 
 <w id="w10.8.23">na</w> 
 <w id="w10.8.24">površini</w> 
 <w id="w10.8.25">tumorskih</w> 
 <w id="w10.8.26">celic</w> 
 <w id="w10.8.27">prisoten</w> 
 <w id="w10.8.28">receptor</w> 
 <w id="w10.8.29">za</w> 
 <w id="w10.8.30">epidermalni</w> 
 <w id="w10.8.31">rastni</w> 
 <w id="w10.8.32">faktor</w>
 <w id="w10.8.33">.</w>
</s></p>

<p id="11">
<s id="s11.1">
 <w id="w11.1.1">Kako</w> 
 <w id="w11.1.2">je</w> 
 <w id="w11.1.3">bilo</w> 
 <w id="w11.1.4">zdravilo</w> 
 <w id="w11.1.5">Erbitux</w> 
 <w id="w11.1.6">raziskano</w>
 <w id="w11.1.7">?</w>
</s> 
 
<s id="s11.2">
 <w id="w11.2.1">Pri</w> 
 <w id="w11.2.2">metastatskem</w> 
 <w id="w11.2.3">raku</w> 
 <w id="w11.2.4">debelega</w> 
 <w id="w11.2.5">črevesa</w> 
 <w id="w11.2.6">ali</w> 
 <w id="w11.2.7">danke</w> 
 <w id="w11.2.8">so</w> 
 <w id="w11.2.9">zdravilo</w> 
 <w id="w11.2.10">Erbitux</w> 
 <w id="w11.2.11">proučevali</w> 
 <w id="w11.2.12">v</w> 
 <w id="w11.2.13">petih</w> 
 <w id="w11.2.14">glavnih</w> 
 <w id="w11.2.15">študijah</w>
 <w id="w11.2.16">:</w> 
 <w id="w11.2.17">•</w> 
 <w id="w11.2.18">dve</w> 
 <w id="w11.2.19">od</w> 
 <w id="w11.2.20">teh</w> 
 <w id="w11.2.21">študij</w>
 <w id="w11.2.22">,</w> 
 <w id="w11.2.23">ki</w> 
 <w id="w11.2.24">sta</w> 
 <w id="w11.2.25">vključevali</w> 
 <w id="w11.2.26">1</w> 
 <w id="w11.2.27">535</w> 
 <w id="w11.2.28">bolnikov</w>
 <w id="w11.2.29">,</w> 
 <w id="w11.2.30">ki</w> 
 <w id="w11.2.31">predhodno</w> 
 <w id="w11.2.32">še</w> 
 <w id="w11.2.33">niso</w> 
 <w id="w11.2.34">bili</w> 
 <w id="w11.2.35">zdravljeni</w> 
 <w id="w11.2.36">s</w>      
 <w id="w11.2.37">kemoterapijo</w>
 <w id="w11.2.38">,</w> 
 <w id="w11.2.39">sta</w> 
 <w id="w11.2.40">preučevali</w> 
 <w id="w11.2.41">učinkovitost</w> 
 <w id="w11.2.42">dodajanja</w> 
 <w id="w11.2.43">zdravila</w> 
 <w id="w11.2.44">Erbitux</w> 
 <w id="w11.2.45">kemoterapevtskemu</w>      
 <w id="w11.2.46">zdravljenju</w> 
 <w id="w11.2.47">s</w> 
 <w id="w11.2.48">kombinacijo</w> 
 <w id="w11.2.49">zdravil</w>
 <w id="w11.2.50">,</w> 
 <w id="w11.2.51">ki</w> 
 <w id="w11.2.52">so</w> 
 <w id="w11.2.53">vsebovala</w> 
 <w id="w11.2.54">irinotekan</w> 
 <w id="w11.2.55">ali</w> 
 <w id="w11.2.56">oksaliplatin</w>
 <w id="w11.2.57">;</w> 
 <w id="w11.2.58">•</w> 
 <w id="w11.2.59">druge</w> 
 <w id="w11.2.60">tri</w> 
 <w id="w11.2.61">študije</w> 
 <w id="w11.2.62">so</w> 
 <w id="w11.2.63">vključevale</w> 
 <w id="w11.2.64">2</w> 
 <w id="w11.2.65">199</w> 
 <w id="w11.2.66">bolnikov</w>
 <w id="w11.2.67">,</w> 
 <w id="w11.2.68">pri</w> 
 <w id="w11.2.69">katerih</w> 
 <w id="w11.2.70">se</w> 
 <w id="w11.2.71">je</w> 
 <w id="w11.2.72">bolezen</w> 
 <w id="w11.2.73">poslabšala</w> 
 <w id="w11.2.74">med</w>      
 <w id="w11.2.75">predhodno</w> 
 <w id="w11.2.76">kemoterapijo</w>
 <w id="w11.2.77">,</w> 
 <w id="w11.2.78">ki</w> 
 <w id="w11.2.79">je</w> 
 <w id="w11.2.80">vključevala</w> 
 <w id="w11.2.81">irinotekan</w> 
 <w id="w11.2.82">ali</w> 
 <w id="w11.2.83">oksaliplatin</w> 
 <w id="w11.2.84">ali</w> 
 <w id="w11.2.85">pa</w> 
 <w id="w11.2.86">obe</w> 
 <w id="w11.2.87">učinkovini</w>
 <w id="w11.2.88">,</w> 
 <w id="w11.2.89">ali</w> 
 <w id="w11.2.90">pri</w>      
 <w id="w11.2.91">katerih</w> 
 <w id="w11.2.92">teh</w> 
 <w id="w11.2.93">zdravil</w> 
 <w id="w11.2.94">ni</w> 
 <w id="w11.2.95">bilo</w> 
 <w id="w11.2.96">mogoče</w> 
 <w id="w11.2.97">uporabiti</w>
 <w id="w11.2.98">.</w>
</s> 
 
<s id="s11.3">
 <w id="w11.3.1">Pri</w> 
 <w id="w11.3.2">raku</w> 
 <w id="w11.3.3">glave</w> 
 <w id="w11.3.4">in</w> 
 <w id="w11.3.5">vratu</w> 
 <w id="w11.3.6">so</w> 
 <w id="w11.3.7">zdravilo</w> 
 <w id="w11.3.8">Erbitux</w> 
 <w id="w11.3.9">proučevali</w> 
 <w id="w11.3.10">v</w> 
 <w id="w11.3.11">dveh</w> 
 <w id="w11.3.12">glavnih</w> 
 <w id="w11.3.13">študijah</w>
 <w id="w11.3.14">:</w> 
 <w id="w11.3.15">•</w> 
 <w id="w11.3.16">pri</w> 
 <w id="w11.3.17">424</w> 
 <w id="w11.3.18">bolnikov</w> 
 <w id="w11.3.19">z</w> 
 <w id="w11.3.20">lokalno</w> 
 <w id="w11.3.21">napredovalnim</w> 
 <w id="w11.3.22">rakom</w>
 <w id="w11.3.23">,</w> 
 <w id="w11.3.24">vključenih</w> 
 <w id="w11.3.25">v</w> 
 <w id="w11.3.26">prvo</w> 
 <w id="w11.3.27">študijo</w>
 <w id="w11.3.28">,</w> 
 <w id="w11.3.29">so</w> 
 <w id="w11.3.30">proučevali</w> 
 <w id="w11.3.31">učinke</w>      
 <w id="w11.3.32">dodajanja</w> 
 <w id="w11.3.33">zdravila</w> 
 <w id="w11.3.34">Erbitux</w> 
 <w id="w11.3.35">med</w> 
 <w id="w11.3.36">obsevanjem</w>
 <w id="w11.3.37">;</w> 
 <w id="w11.3.38">•</w> 
 <w id="w11.3.39">pri</w> 
 <w id="w11.3.40">442</w> 
 <w id="w11.3.41">bolnikov</w> 
 <w id="w11.3.42">s</w> 
 <w id="w11.3.43">ponavljajočim</w> 
 <w id="w11.3.44">ali</w> 
 <w id="w11.3.45">metastatskim</w> 
 <w id="w11.3.46">rakom</w>
 <w id="w11.3.47">,</w> 
 <w id="w11.3.48">vključenih</w> 
 <w id="w11.3.49">v</w> 
 <w id="w11.3.50">drugo</w> 
 <w id="w11.3.51">študijo</w>
 <w id="w11.3.52">,</w> 
 <w id="w11.3.53">so</w>      
 <w id="w11.3.54">proučevali</w> 
 <w id="w11.3.55">učinke</w> 
 <w id="w11.3.56">dodajanja</w> 
 <w id="w11.3.57">zdravila</w> 
 <w id="w11.3.58">Erbitux</w> 
 <w id="w11.3.59">kombinaciji</w> 
 <w id="w11.3.60">zdravil</w> 
 <w id="w11.3.61">proti</w> 
 <w id="w11.3.62">raku</w> 
 <w id="w11.3.63">na</w> 
 <w id="w11.3.64">osnovi</w> 
 <w id="w11.3.65">platine</w>
 <w id="w11.3.66">.</w>
</s> 
 
<s id="s11.4">
 <w id="w11.4.1">V</w> 
 <w id="w11.4.2">vseh</w> 
 <w id="w11.4.3">študijah</w> 
 <w id="w11.4.4">so</w> 
 <w id="w11.4.5">opazovali</w> 
 <w id="w11.4.6">čas</w> 
 <w id="w11.4.7">napredovanje</w> 
 <w id="w11.4.8">bolnikovega</w> 
 <w id="w11.4.9">raka</w> 
 <w id="w11.4.10">ali</w> 
 <w id="w11.4.11">čas</w> 
 <w id="w11.4.12">preživetja</w> 
 <w id="w11.4.13">bolnikov</w>
 <w id="w11.4.14">.</w>
</s></p>

<p id="12">
<s id="s12.1">
 <w id="w12.1.1">Kakšne</w> 
 <w id="w12.1.2">koristi</w> 
 <w id="w12.1.3">je</w> 
 <w id="w12.1.4">zdravilo</w> 
 <w id="w12.1.5">Erbitux</w> 
 <w id="w12.1.6">izkazalo</w> 
 <w id="w12.1.7">med</w> 
 <w id="w12.1.8">študijami</w>
 <w id="w12.1.9">?</w>
</s> 
 
<s id="s12.2">
 <w id="w12.2.1">V</w> 
 <w id="w12.2.2">študijah</w> 
 <w id="w12.2.3">raka</w> 
 <w id="w12.2.4">debelega</w> 
 <w id="w12.2.5">črevesa</w> 
 <w id="w12.2.6">in</w> 
 <w id="w12.2.7">danke</w> 
 <w id="w12.2.8">je</w> 
 <w id="w12.2.9">bil</w> 
 <w id="w12.2.10">čas</w> 
 <w id="w12.2.11">do</w> 
 <w id="w12.2.12">poslabšanja</w> 
 <w id="w12.2.13">bolezni</w> 
 <w id="w12.2.14">pri</w> 
 <w id="w12.2.15">bolnikih</w> 
 <w id="w12.2.16">z</w> 
 <w id="w12.2.17">divjim</w> 
 <w id="w12.2.18">tipom</w> 
 <w id="w12.2.19">gena</w> 
 <w id="w12.2.20">KRAS</w> 
 <w id="w12.2.21">v</w> 
 <w id="w12.2.22">tumorju</w>
 <w id="w12.2.23">,</w> 
 <w id="w12.2.24">ki</w> 
 <w id="w12.2.25">so</w> 
 <w id="w12.2.26">prejemali</w> 
 <w id="w12.2.27">zdravilo</w> 
 <w id="w12.2.28">Erbitux</w>
 <w id="w12.2.29">,</w> 
 <w id="w12.2.30">daljši</w>
 <w id="w12.2.31">:</w> 
 <w id="w12.2.32">•</w> 
 <w id="w12.2.33">pri</w> 
 <w id="w12.2.34">bolnikih</w>
 <w id="w12.2.35">,</w> 
 <w id="w12.2.36">ki</w> 
 <w id="w12.2.37">predhodno</w> 
 <w id="w12.2.38">niso</w> 
 <w id="w12.2.39">bili</w> 
 <w id="w12.2.40">zdravljeni</w> 
 <w id="w12.2.41">s</w> 
 <w id="w12.2.42">kemoterapijo</w>
 <w id="w12.2.43">,</w> 
 <w id="w12.2.44">je</w> 
 <w id="w12.2.45">pri</w> 
 <w id="w12.2.46">tistih</w>
 <w id="w12.2.47">,</w> 
 <w id="w12.2.48">ki</w> 
 <w id="w12.2.49">so</w> 
 <w id="w12.2.50">prejemali</w> 
 <w id="w12.2.51">zdravilo</w>      
 <w id="w12.2.52">Erbitux</w> 
 <w id="w12.2.53">kot</w> 
 <w id="w12.2.54">dodatek</w> 
 <w id="w12.2.55">k</w> 
 <w id="w12.2.56">kemoterapiji</w>
 <w id="w12.2.57">,</w> 
 <w id="w12.2.58">trajalo</w> 
 <w id="w12.2.59">dlje</w> 
 <w id="w12.2.60">časa</w>
 <w id="w12.2.61">,</w> 
 <w id="w12.2.62">da</w> 
 <w id="w12.2.63">se</w> 
 <w id="w12.2.64">je</w> 
 <w id="w12.2.65">bolezen</w> 
 <w id="w12.2.66">poslabšala</w>
 <w id="w12.2.67">,</w> 
 <w id="w12.2.68">kot</w> 
 <w id="w12.2.69">pri</w> 
 <w id="w12.2.70">tistih</w>
 <w id="w12.2.71">,</w> 
 <w id="w12.2.72">ki</w>      
 <w id="w12.2.73">niso</w> 
 <w id="w12.2.74">prejemali</w> 
 <w id="w12.2.75">zdravila</w> 
 <w id="w12.2.76">Erbitux</w>
 <w id="w12.2.77">.</w>
</s> 
 
<s id="s12.3">
 <w id="w12.3.1">To</w> 
 <w id="w12.3.2">je</w> 
 <w id="w12.3.3">vključevalo</w> 
 <w id="w12.3.4">kemoterapijo</w>
 <w id="w12.3.5">,</w> 
 <w id="w12.3.6">ki</w> 
 <w id="w12.3.7">je</w> 
 <w id="w12.3.8">vključevala</w> 
 <w id="w12.3.9">irinotecan</w>      
 <w id="w12.3.10">(</w>
 <w id="w12.3.11">povprečno</w> 
 <w id="w12.3.12">9,</w>
 <w id="w12.3.13">9</w> 
 <w id="w12.3.14">meseca</w> 
 <w id="w12.3.15">v</w> 
 <w id="w12.3.16">primerjavi</w> 
 <w id="w12.3.17">z</w> 
 <w id="w12.3.18">8,</w>
 <w id="w12.3.19">7</w> 
 <w id="w12.3.20">meseca</w>
 <w id="w12.3.21">)</w> 
 <w id="w12.3.22">in</w> 
 <w id="w12.3.23">oksaliplatin</w> 
 <w id="w12.3.24">(</w>
 <w id="w12.3.25">povprečno</w> 
 <w id="w12.3.26">7,</w>
 <w id="w12.3.27">7</w> 
 <w id="w12.3.28">meseca</w> 
 <w id="w12.3.29">v</w>      
 <w id="w12.3.30">primerjavi</w> 
 <w id="w12.3.31">s</w> 
 <w id="w12.3.32">7,</w>
 <w id="w12.3.33">2</w> 
 <w id="w12.3.34">meseca</w>
 <w id="w12.3.35">)</w> 
 <w id="w12.3.36">pri</w> 
 <w id="w12.3.37">bolnikih</w>
 <w id="w12.3.38">,</w> 
 <w id="w12.3.39">ki</w> 
 <w id="w12.3.40">niso</w> 
 <w id="w12.3.41">prejemali</w> 
 <w id="w12.3.42">zdravila</w> 
 <w id="w12.3.43">Erbitux</w>
 <w id="w12.3.44">.</w> 
 <w id="w12.3.45">•</w> 
 <w id="w12.3.46">v</w> 
 <w id="w12.3.47">prvi</w> 
 <w id="w12.3.48">študiji</w>
 <w id="w12.3.49">,</w> 
 <w id="w12.3.50">izvedeni</w> 
 <w id="w12.3.51">pri</w> 
 <w id="w12.3.52">bolnikih</w>
 <w id="w12.3.53">,</w> 
 <w id="w12.3.54">ki</w> 
 <w id="w12.3.55">so</w> 
 <w id="w12.3.56">predhodno</w> 
 <w id="w12.3.57">že</w> 
 <w id="w12.3.58">prejemali</w> 
 <w id="w12.3.59">kemoterapijo</w>
 <w id="w12.3.60">,</w> 
 <w id="w12.3.61">niso</w> 
 <w id="w12.3.62">opazovali</w>      
 <w id="w12.3.63">mutacije</w> 
 <w id="w12.3.64">gena</w> 
 <w id="w12.3.65">KRAS</w>
 <w id="w12.3.66">.</w>
</s> 
 
<s id="s12.4">
 <w id="w12.4.1">V</w> 
 <w id="w12.4.2">drugih</w> 
 <w id="w12.4.3">dveh</w> 
 <w id="w12.4.4">študijah</w> 
 <w id="w12.4.5">je</w> 
 <w id="w12.4.6">v</w> 
 <w id="w12.4.7">skupini</w> 
 <w id="w12.4.8">bolnikov</w> 
 <w id="w12.4.9">z</w> 
 <w id="w12.4.10">divjim</w> 
 <w id="w12.4.11">tipom</w> 
 <w id="w12.4.12">gena</w> 
 <w id="w12.4.13">KRAS</w> 
 <w id="w12.4.14">do</w>      
 <w id="w12.4.15">poslabšanja</w> 
 <w id="w12.4.16">bolezni</w> 
 <w id="w12.4.17">prišlo</w> 
 <w id="w12.4.18">pozneje</w> 
 <w id="w12.4.19">kot</w> 
 <w id="w12.4.20">pri</w> 
 <w id="w12.4.21">bolnikih</w>
 <w id="w12.4.22">,</w> 
 <w id="w12.4.23">pri</w> 
 <w id="w12.4.24">katerih</w> 
 <w id="w12.4.25">se</w> 
 <w id="w12.4.26">je</w> 
 <w id="w12.4.27">zdravilo</w> 
 <w id="w12.4.28">Erbitux</w> 
 <w id="w12.4.29">dodajalo</w> 
 <w id="w12.4.30">k</w>      
 <w id="w12.4.31">zdravljenju</w>
 <w id="w12.4.32">.</w>
</s> 
 
<s id="s12.5">
 <w id="w12.5.1">V</w> 
 <w id="w12.5.2">skupini</w> 
 <w id="w12.5.3">bolnikov</w>
 <w id="w12.5.4">,</w> 
 <w id="w12.5.5">pri</w> 
 <w id="w12.5.6">katerih</w> 
 <w id="w12.5.7">zdravljenje</w> 
 <w id="w12.5.8">z</w> 
 <w id="w12.5.9">oksaliplatinom</w> 
 <w id="w12.5.10">in</w> 
 <w id="w12.5.11">irinotecanom</w> 
 <w id="w12.5.12">ni</w> 
 <w id="w12.5.13">bilo</w>      
 <w id="w12.5.14">uspešno</w>
 <w id="w12.5.15">,</w> 
 <w id="w12.5.16">je</w> 
 <w id="w12.5.17">do</w> 
 <w id="w12.5.18">poslabšanja</w> 
 <w id="w12.5.19">prišlo</w> 
 <w id="w12.5.20">po</w> 
 <w id="w12.5.21">povprečno</w> 
 <w id="w12.5.22">3,</w>
 <w id="w12.5.23">6</w> 
 <w id="w12.5.24">meseca</w> 
 <w id="w12.5.25">pri</w> 
 <w id="w12.5.26">bolnikih</w>
 <w id="w12.5.27">,</w> 
 <w id="w12.5.28">ki</w> 
 <w id="w12.5.29">so</w> 
 <w id="w12.5.30">prejemali</w> 
 <w id="w12.5.31">zdravilo</w>      
 <w id="w12.5.32">Erbitux</w>
 <w id="w12.5.33">,</w> 
 <w id="w12.5.34">in</w> 
 <w id="w12.5.35">2,</w>
 <w id="w12.5.36">6</w> 
 <w id="w12.5.37">meseca</w> 
 <w id="w12.5.38">pri</w> 
 <w id="w12.5.39">bolnikih</w>
 <w id="w12.5.40">,</w> 
 <w id="w12.5.41">ki</w> 
 <w id="w12.5.42">so</w> 
 <w id="w12.5.43">prejemali</w> 
 <w id="w12.5.44">samo</w> 
 <w id="w12.5.45">podporno</w> 
 <w id="w12.5.46">nego</w> 
 <w id="w12.5.47">(</w>
 <w id="w12.5.48">zdravljenje</w> 
 <w id="w12.5.49">simptomov</w>
 <w id="w12.5.50">,</w>      
 <w id="w12.5.51">a</w> 
 <w id="w12.5.52">ne</w> 
 <w id="w12.5.53">samega</w> 
 <w id="w12.5.54">raka</w>
 <w id="w12.5.55">)</w>
 <w id="w12.5.56">.</w>
</s> 
 
<s id="s12.6">
 <w id="w12.6.1">V</w> 
 <w id="w12.6.2">skupini</w> 
 <w id="w12.6.3">bolnikov</w>
 <w id="w12.6.4">,</w> 
 <w id="w12.6.5">pri</w> 
 <w id="w12.6.6">katerih</w> 
 <w id="w12.6.7">zdravljenje</w> 
 <w id="w12.6.8">z</w> 
 <w id="w12.6.9">oksaliplatinom</w> 
 <w id="w12.6.10">ni</w> 
 <w id="w12.6.11">bilo</w> 
 <w id="w12.6.12">uspešno</w>
 <w id="w12.6.13">,</w> 
 <w id="w12.6.14">je</w>      
 <w id="w12.6.15">do</w> 
 <w id="w12.6.16">poslabšanja</w> 
 <w id="w12.6.17">prišlo</w> 
 <w id="w12.6.18">po</w> 
 <w id="w12.6.19">povprečno</w> 
 <w id="w12.6.20">4,</w>
 <w id="w12.6.21">0</w> 
 <w id="w12.6.22">meseca</w> 
 <w id="w12.6.23">pri</w> 
 <w id="w12.6.24">bolnikih</w>
 <w id="w12.6.25">,</w> 
 <w id="w12.6.26">ki</w> 
 <w id="w12.6.27">so</w> 
 <w id="w12.6.28">prejemali</w> 
 <w id="w12.6.29">zdravilo</w> 
 <w id="w12.6.30">Erbitux</w> 
 <w id="w12.6.31">in</w>      
 <w id="w12.6.32">irinotekan</w>
 <w id="w12.6.33">,</w> 
 <w id="w12.6.34">in</w> 
 <w id="w12.6.35">2,</w>
 <w id="w12.6.36">6</w> 
 <w id="w12.6.37">meseca</w> 
 <w id="w12.6.38">pri</w> 
 <w id="w12.6.39">bolnikih</w>
 <w id="w12.6.40">,</w> 
 <w id="w12.6.41">ki</w> 
 <w id="w12.6.42">so</w> 
 <w id="w12.6.43">prejemali</w> 
 <w id="w12.6.44">samo</w> 
 <w id="w12.6.45">irinotekan</w>
 <w id="w12.6.46">.</w>
</s> 
 
<s id="s12.7">
 <w id="w12.7.1">Pri</w> 
 <w id="w12.7.2">lokalno</w> 
 <w id="w12.7.3">napredovalnem</w> 
 <w id="w12.7.4">raku</w> 
 <w id="w12.7.5">glave</w> 
 <w id="w12.7.6">in</w> 
 <w id="w12.7.7">vratu</w> 
 <w id="w12.7.8">je</w> 
 <w id="w12.7.9">bil</w> 
 <w id="w12.7.10">čas</w> 
 <w id="w12.7.11">do</w> 
 <w id="w12.7.12">poslabšanja</w> 
 <w id="w12.7.13">bolezni</w> 
 <w id="w12.7.14">daljši</w> 
 <w id="w12.7.15">pri</w> 
 <w id="w12.7.16">bolnikih</w>
 <w id="w12.7.17">,</w> 
 <w id="w12.7.18">ki</w> 
 <w id="w12.7.19">so</w> 
 <w id="w12.7.20">prejemali</w> 
 <w id="w12.7.21">zdravilo</w> 
 <w id="w12.7.22">Erbitux</w> 
 <w id="w12.7.23">kot</w> 
 <w id="w12.7.24">dodatek</w> 
 <w id="w12.7.25">k</w> 
 <w id="w12.7.26">obsevanju</w> 
 <w id="w12.7.27">(</w>
 <w id="w12.7.28">24,</w>
 <w id="w12.7.29">4</w> 
 <w id="w12.7.30">meseca</w> 
 <w id="w12.7.31">v</w> 
 <w id="w12.7.32">primerjavi</w> 
 <w id="w12.7.33">s</w> 
 <w id="w12.7.34">14,</w>
 <w id="w12.7.35">9</w> 
 <w id="w12.7.36">meseca</w>
 <w id="w12.7.37">)</w>
 <w id="w12.7.38">.</w>
</s> 
 
<s id="s12.8">
 <w id="w12.8.1">Pri</w> 
 <w id="w12.8.2">ponavljajočem</w> 
 <w id="w12.8.3">ali</w> 
 <w id="w12.8.4">metastatskem</w> 
 <w id="w12.8.5">raku</w> 
 <w id="w12.8.6">glave</w> 
 <w id="w12.8.7">in</w> 
 <w id="w12.8.8">vratu</w> 
 <w id="w12.8.9">je</w> 
 <w id="w12.8.10">bil</w> 
 <w id="w12.8.11">čas</w> 
 <w id="w12.8.12">preživetja</w> 
 <w id="w12.8.13">daljši</w>
 <w id="w12.8.14">,</w> 
 <w id="w12.8.15">kadar</w> 
 <w id="w12.8.16">se</w> 
 <w id="w12.8.17">je</w> 
 <w id="w12.8.18">zdravilo</w> 
 <w id="w12.8.19">Erbitux</w> 
 <w id="w12.8.20">dodajalo</w> 
 <w id="w12.8.21">kombinaciji</w> 
 <w id="w12.8.22">zdravil</w> 
 <w id="w12.8.23">proti</w> 
 <w id="w12.8.24">raku</w> 
 <w id="w12.8.25">na</w> 
 <w id="w12.8.26">osnovi</w> 
 <w id="w12.8.27">platine</w> 
 <w id="w12.8.28">(</w>
 <w id="w12.8.29">10,</w>
 <w id="w12.8.30">1</w> 
 <w id="w12.8.31">meseca</w> 
 <w id="w12.8.32">v</w> 
 <w id="w12.8.33">primerjavi</w> 
 <w id="w12.8.34">s</w> 
 <w id="w12.8.35">7,</w>
 <w id="w12.8.36">4</w> 
 <w id="w12.8.37">meseca</w>
 <w id="w12.8.38">)</w>
 <w id="w12.8.39">.</w>
</s></p>

<p id="13">
<s id="s13.1">
 <w id="w13.1.1">Kakšna</w> 
 <w id="w13.1.2">tveganja</w> 
 <w id="w13.1.3">so</w> 
 <w id="w13.1.4">povezana</w> 
 <w id="w13.1.5">z</w> 
 <w id="w13.1.6">zdravilom</w> 
 <w id="w13.1.7">Erbitux</w>
 <w id="w13.1.8">?</w>
</s> 
 
<s id="s13.2">
 <w id="w13.2.1">Najpogostejši</w> 
 <w id="w13.2.2">neželeni</w> 
 <w id="w13.2.3">učinki</w> 
 <w id="w13.2.4">zdravila</w> 
 <w id="w13.2.5">Erbitux</w> 
 <w id="w13.2.6">(</w>
 <w id="w13.2.7">opaženi</w> 
 <w id="w13.2.8">pri</w> 
 <w id="w13.2.9">več</w> 
 <w id="w13.2.10">kot</w> 
 <w id="w13.2.11">1</w> 
 <w id="w13.2.12">bolniku</w> 
 <w id="w13.2.13">izmed</w> 
 <w id="w13.2.14">10</w>
 <w id="w13.2.15">)</w> 
 <w id="w13.2.16">so</w> 
 <w id="w13.2.17">kožne</w> 
 <w id="w13.2.18">reakcije</w>
 <w id="w13.2.19">,</w> 
 <w id="w13.2.20">kot</w> 
 <w id="w13.2.21">so</w> 
 <w id="w13.2.22">izpuščaji</w>
 <w id="w13.2.23">,</w> 
 <w id="w13.2.24">hipomagneziemija</w> 
 <w id="w13.2.25">(</w>
 <w id="w13.2.26">nizke</w> 
 <w id="w13.2.27">ravni</w> 
 <w id="w13.2.28">magnezija</w> 
 <w id="w13.2.29">v</w> 
 <w id="w13.2.30">krvi</w>
 <w id="w13.2.31">)</w>
 <w id="w13.2.32">,</w> 
 <w id="w13.2.33">reakcije</w> 
 <w id="w13.2.34">na</w> 
 <w id="w13.2.35">infundiranje</w> 
 <w id="w13.2.36">(</w>
 <w id="w13.2.37">kot</w> 
 <w id="w13.2.38">so</w> 
 <w id="w13.2.39">povišana</w> 
 <w id="w13.2.40">telesna</w> 
 <w id="w13.2.41">temperatura</w>
 <w id="w13.2.42">,</w> 
 <w id="w13.2.43">mrzlica</w>
 <w id="w13.2.44">,</w> 
 <w id="w13.2.45">omotica</w> 
 <w id="w13.2.46">in</w> 
 <w id="w13.2.47">oteženo</w> 
 <w id="w13.2.48">dihanje</w>
 <w id="w13.2.49">)</w>
 <w id="w13.2.50">,</w> 
 <w id="w13.2.51">mukozitis</w> 
 <w id="w13.2.52">(</w>
 <w id="w13.2.53">vnetje</w> 
 <w id="w13.2.54">sluznice</w> 
 <w id="w13.2.55">ustne</w> 
 <w id="w13.2.56">votline</w>
 <w id="w13.2.57">)</w> 
 <w id="w13.2.58">in</w> 
 <w id="w13.2.59">povišane</w> 
 <w id="w13.2.60">ravni</w> 
 <w id="w13.2.61">nekaterih</w> 
 <w id="w13.2.62">jetrnih</w> 
 <w id="w13.2.63">encimov</w>
 <w id="w13.2.64">.</w>
</s> 
 
<s id="s13.3">
 <w id="w13.3.1">Kožne</w> 
 <w id="w13.3.2">reakcije</w> 
 <w id="w13.3.3">so</w> 
 <w id="w13.3.4">bile</w> 
 <w id="w13.3.5">opažene</w> 
 <w id="w13.3.6">pri</w> 
 <w id="w13.3.7">več</w> 
 <w id="w13.3.8">kot</w> 
 <w id="w13.3.9">80</w> 
 <w id="w13.3.10">%</w> 
 <w id="w13.3.11">bolnikov</w>
 <w id="w13.3.12">.</w>
</s> 
 
<s id="s13.4">
 <w id="w13.4.1">Za</w> 
 <w id="w13.4.2">celoten</w> 
 <w id="w13.4.3">seznam</w> 
 <w id="w13.4.4">neželenih</w> 
 <w id="w13.4.5">učinkov</w>
 <w id="w13.4.6">,</w> 
 <w id="w13.4.7">o</w> 
 <w id="w13.4.8">katerih</w> 
 <w id="w13.4.9">so</w> 
 <w id="w13.4.10">poročali</w> 
 <w id="w13.4.11">pri</w> 
 <w id="w13.4.12">uporabi</w> 
 <w id="w13.4.13">zdravila</w> 
 <w id="w13.4.14">Erbitux</w>
 <w id="w13.4.15">,</w> 
 <w id="w13.4.16">glejte</w> 
 <w id="w13.4.17">navodilo</w> 
 <w id="w13.4.18">za</w> 
 <w id="w13.4.19">uporabo</w>
 <w id="w13.4.20">.</w>
</s></p>

<p id="14">
<s id="s14.1">
 <w id="w14.1.1">2/</w>
 <w id="w14.1.2">3</w> 
 <w id="w14.1.3">Zdravila</w> 
 <w id="w14.1.4">Erbitux</w> 
 <w id="w14.1.5">ne</w> 
 <w id="w14.1.6">smejo</w> 
 <w id="w14.1.7">uporabljati</w> 
 <w id="w14.1.8">osebe</w>
 <w id="w14.1.9">,</w> 
 <w id="w14.1.10">ki</w> 
 <w id="w14.1.11">utegnejo</w> 
 <w id="w14.1.12">biti</w> 
 <w id="w14.1.13">zelo</w> 
 <w id="w14.1.14">preobčutljive</w> 
 <w id="w14.1.15">za</w> 
 <w id="w14.1.16">(</w>
 <w id="w14.1.17">alergične</w> 
 <w id="w14.1.18">na</w>
 <w id="w14.1.19">)</w> 
 <w id="w14.1.20">cetuksimab</w>
 <w id="w14.1.21">.</w>
</s> 
 
<s id="s14.2">
 <w id="w14.2.1">Pri</w> 
 <w id="w14.2.2">infundiranju</w> 
 <w id="w14.2.3">zdravila</w> 
 <w id="w14.2.4">Erbitux</w> 
 <w id="w14.2.5">se</w> 
 <w id="w14.2.6">lahko</w> 
 <w id="w14.2.7">pojavijo</w> 
 <w id="w14.2.8">hude</w> 
 <w id="w14.2.9">reakcije</w>
 <w id="w14.2.10">,</w> 
 <w id="w14.2.11">zato</w> 
 <w id="w14.2.12">je</w> 
 <w id="w14.2.13">treba</w> 
 <w id="w14.2.14">bolnike</w> 
 <w id="w14.2.15">med</w> 
 <w id="w14.2.16">dajanjem</w> 
 <w id="w14.2.17">zdravila</w> 
 <w id="w14.2.18">skrbno</w> 
 <w id="w14.2.19">spremljati</w>
 <w id="w14.2.20">.</w>
</s></p>

<p id="15">
<s id="s15.1">
 <w id="w15.1.1">Zakaj</w> 
 <w id="w15.1.2">je</w> 
 <w id="w15.1.3">bilo</w> 
 <w id="w15.1.4">zdravilo</w> 
 <w id="w15.1.5">Erbitux</w> 
 <w id="w15.1.6">odobreno</w>
 <w id="w15.1.7">?</w>
</s> 
 
<s id="s15.2">
 <w id="w15.2.1">Odbor</w> 
 <w id="w15.2.2">za</w> 
 <w id="w15.2.3">zdravila</w> 
 <w id="w15.2.4">za</w> 
 <w id="w15.2.5">uporabo</w> 
 <w id="w15.2.6">v</w> 
 <w id="w15.2.7">humani</w> 
 <w id="w15.2.8">medicini</w> 
 <w id="w15.2.9">(</w>
 <w id="w15.2.10">CHMP</w>
 <w id="w15.2.11">)</w> 
 <w id="w15.2.12">je</w> 
 <w id="w15.2.13">zaključil</w>
 <w id="w15.2.14">,</w> 
 <w id="w15.2.15">da</w> 
 <w id="w15.2.16">so</w> 
 <w id="w15.2.17">koristi</w> 
 <w id="w15.2.18">zdravila</w> 
 <w id="w15.2.19">Erbitux</w> 
 <w id="w15.2.20">večje</w> 
 <w id="w15.2.21">od</w> 
 <w id="w15.2.22">z</w> 
 <w id="w15.2.23">njim</w> 
 <w id="w15.2.24">povezanih</w> 
 <w id="w15.2.25">tveganj</w> 
 <w id="w15.2.26">pri</w> 
 <w id="w15.2.27">zdravljenju</w> 
 <w id="w15.2.28">bolnikov</w> 
 <w id="w15.2.29">z</w> 
 <w id="w15.2.30">metastatskim</w> 
 <w id="w15.2.31">rakom</w> 
 <w id="w15.2.32">debelega</w> 
 <w id="w15.2.33">črevesa</w> 
 <w id="w15.2.34">in</w> 
 <w id="w15.2.35">danke</w> 
 <w id="w15.2.36">z</w> 
 <w id="w15.2.37">ekspresijo</w> 
 <w id="w15.2.38">receptorjev</w> 
 <w id="w15.2.39">za</w> 
 <w id="w15.2.40">epidermalni</w> 
 <w id="w15.2.41">rastni</w> 
 <w id="w15.2.42">faktor</w> 
 <w id="w15.2.43">in</w> 
 <w id="w15.2.44">prisotnim</w> 
 <w id="w15.2.45">divjim</w> 
 <w id="w15.2.46">tipom</w> 
 <w id="w15.2.47">gena</w> 
 <w id="w15.2.48">KRAS</w> 
 <w id="w15.2.49">ter</w> 
 <w id="w15.2.50">bolnikov</w> 
 <w id="w15.2.51">z</w> 
 <w id="w15.2.52">lokalno</w> 
 <w id="w15.2.53">napredovalim</w> 
 <w id="w15.2.54">ploščatoceličnim</w> 
 <w id="w15.2.55">rakom</w> 
 <w id="w15.2.56">glave</w> 
 <w id="w15.2.57">in</w> 
 <w id="w15.2.58">vratu</w>
 <w id="w15.2.59">.</w>
</s> 
 
<s id="s15.3">
 <w id="w15.3.1">Odbor</w> 
 <w id="w15.3.2">je</w> 
 <w id="w15.3.3">priporočil</w>
 <w id="w15.3.4">,</w> 
 <w id="w15.3.5">da</w> 
 <w id="w15.3.6">se</w> 
 <w id="w15.3.7">za</w> 
 <w id="w15.3.8">zdravilo</w> 
 <w id="w15.3.9">Erbitux</w> 
 <w id="w15.3.10">odobri</w> 
 <w id="w15.3.11">dovoljenje</w> 
 <w id="w15.3.12">za</w> 
 <w id="w15.3.13">promet</w>
 <w id="w15.3.14">.</w>
</s></p>

<p id="16">
<s id="s16.1">
 <w id="w16.1.1">Druge</w> 
 <w id="w16.1.2">informacije</w> 
 <w id="w16.1.3">o</w> 
 <w id="w16.1.4">zdravilu</w> 
 <w id="w16.1.5">Erbitux</w>
 <w id="w16.1.6">:</w>
</s> 
 
<s id="s16.2">
 <w id="w16.2.1">Evropska</w> 
 <w id="w16.2.2">komisija</w> 
 <w id="w16.2.3">je</w> 
 <w id="w16.2.4">dovoljenje</w> 
 <w id="w16.2.5">za</w> 
 <w id="w16.2.6">promet</w> 
 <w id="w16.2.7">z</w> 
 <w id="w16.2.8">zdravilom</w> 
 <w id="w16.2.9">Erbitux</w>
 <w id="w16.2.10">,</w> 
 <w id="w16.2.11">veljavno</w> 
 <w id="w16.2.12">po</w> 
 <w id="w16.2.13">vsej</w> 
 <w id="w16.2.14">Evropski</w> 
 <w id="w16.2.15">uniji</w>
 <w id="w16.2.16">,</w> 
 <w id="w16.2.17">odobrila</w> 
 <w id="w16.2.18">družbi</w> 
 <w id="w16.2.19">Merck</w> 
 <w id="w16.2.20">KGaA</w> 
 <w id="w16.2.21">dne</w> 
 <w id="w16.2.22">29</w>
 <w id="w16.2.23">.</w> 
 <w id="w16.2.24">junija</w> 
 <w id="w16.2.25">2004</w>
 <w id="w16.2.26">.</w>
</s></p>

<p id="17">
<s id="s17.1">
 <w id="w17.1.1">Celotno</w> 
 <w id="w17.1.2">evropsko</w> 
 <w id="w17.1.3">javno</w> 
 <w id="w17.1.4">poročilo</w> 
 <w id="w17.1.5">o</w> 
 <w id="w17.1.6">oceni</w> 
 <w id="w17.1.7">zdravila</w> 
 <w id="w17.1.8">(</w>
 <w id="w17.1.9">EPAR</w>
 <w id="w17.1.10">)</w> 
 <w id="w17.1.11">za</w> 
 <w id="w17.1.12">zdravilo</w> 
 <w id="w17.1.13">Erbitux</w> 
 <w id="w17.1.14">je</w> 
 <w id="w17.1.15">na</w> 
 <w id="w17.1.16">voljo</w> 
 <w id="w17.1.17">tukaj</w>
 <w id="w17.1.18">.</w>
</s></p>

<p id="18">
<s id="s18.1">
 <w id="w18.1.1">Povzetek</w> 
 <w id="w18.1.2">je</w> 
 <w id="w18.1.3">bil</w> 
 <w id="w18.1.4">nazadnje</w> 
 <w id="w18.1.5">posodobljen</w> 
 <w id="w18.1.6">12-</w>
 <w id="w18.1.7">2008</w>
 <w id="w18.1.8">.</w>
</s></p>

<p id="19">
<s id="s19.1">
 <w id="w19.1.1">3/</w>
 <w id="w19.1.2">3</w>
</s></p></text>
