<?xml version="1.0" encoding="utf-8"?>
<letsmt version="1.0">
<head></head>
<body>
<s id="s1.1">DODATEK I</s>
<s id="s2.1">SEZNAM IMEN, FARMACEVTSKIH OBLIK, JAKOSTI ZDRAVILA, POTI UPORABE ZDRAVILA, PREDLAGATELJEV, IMETNIKOV DOVOLJENJA ZA PROMET Z ZDRAVILOM V DRŽAVAH ČLANICAH</s>
<s id="s3.1">1 Država članica</s>
<s id="s4.1">Imetnik dovoljenja za promet Predlagatelj z zdravilom</s>
<s id="s5.1">Ime</s>
<s id="s6.1">Jakost</s>
<s id="s7.1">Farmacevtska oblika</s>
<s id="s8.1">Pot uporabe zdravila</s>
<s id="s9.1">vsebina (koncentracija)</s>
<s id="s10.1">Nizozemska</s>
<s id="s11.1">Hikma Farmaceutica (Portugal), Lda.</s>
<s id="s11.2">Estrada do Rio da Mó n. o 8, 8A</s>
<s id="s12.1">Ciprofloxacin Hikma 200 mg/ 100 ml</s>
<s id="s13.1">2 mg/ ml</s>
<s id="s14.1">Raztopina za infundiranje</s>
<s id="s15.1">Intravenska uporaba</s>
<s id="s16.1">200 mg/ 100 ml</s>
<s id="s17.1">e 8B – Fervença 2705- 906 Terrugem SNT Portugalska</s>
<s id="s18.1">Oplossing Intraveneuze Infusie</s>
<s id="s19.1">voor</s>
<s id="s20.1">Avstrija</s>
<s id="s21.1">Hikma Farmaceutica (Portugal), Lda.</s>
<s id="s21.2">Estrada do Rio da Mó n. o 8,</s>
<s id="s22.1">Ciprofloxacin Hikma 200 mg/ 100 ml</s>
<s id="s23.1">2 mg/ ml</s>
<s id="s24.1">Raztopina za Intravenska infundiranje uporaba</s>
<s id="s25.1">200 mg/ 100 ml</s>
<s id="s26.1">8A e 8B – Fervença 2705- 906 Terrugem SNT Portugalska</s>
<s id="s27.1">Infusionslösung</s>
<s id="s28.1">Nemčija</s>
<s id="s29.1">Hikma Farmaceutica (Portugal), Lda.</s>
<s id="s29.2">Estrada do Rio da Mó n. o 8, 8A e 8B – Fervença 2705- 906 Terrugem SNT Portugalska</s>
<s id="s30.1">Ciprofloxacin Hikma 200 mg/ 100 ml Lösung zur intravenösen Anwendung</s>
<s id="s31.1">2 mg/ ml</s>
<s id="s32.1">Raztopina za Intravenska infundiranje uporaba</s>
<s id="s33.1">200 mg/ 100 ml</s>
<s id="s34.1">Irska</s>
<s id="s35.1">Hikma Farmaceutica (Portugal), Lda.</s>
<s id="s35.2">Estrada do Rio da Mó n. o 8, 8A e 8B – Fervença 2705- 906 Terrugem SNT Portugalska</s>
<s id="s36.1">Ciprofloxacin Hikma 200 mg/ 100 ml Solution for Infusion</s>
<s id="s37.1">2 mg/ ml</s>
<s id="s38.1">Raztopina za Intravenska infundiranje uporaba</s>
<s id="s39.1">200 mg/ 100 ml</s>
<s id="s40.1">Italija</s>
<s id="s41.1">Hikma Farmaceutica (Portugal), Lda.</s>
<s id="s41.2">Estrada do Rio da Mó n. o 8, 8A e 8B – Fervença 2705- 906 Terrugem SNT Portugalska</s>
<s id="s42.1">Ciprofloxacin Hikma 200 mg/ 100 ml Soluzione per Infusione Endovenosa</s>
<s id="s43.1">2 mg/ ml</s>
<s id="s44.1">Raztopina za Intravenska infundiranje uporaba</s>
<s id="s45.1">200 mg/ 100 ml</s>
<s id="s46.1">Združeno kraljestvo (Velika</s>
<s id="s47.1">Hikma Farmaceutica (Portugal), Lda.</s>
<s id="s47.2">Estrada do Rio da Mó n. o 8,</s>
<s id="s48.1">Ciprofloxacin Hikma 200 mg/ 100 ml</s>
<s id="s49.1">2 mg/ ml</s>
<s id="s50.1">Raztopina za Intravenska infundiranje uporaba</s>
<s id="s51.1">200 mg/ 100 ml</s>
<s id="s52.1">Britanija)</s>
<s id="s53.1">8A e 8B – Fervença</s>
<s id="s54.1">Solution for</s>
<s id="s55.1">2</s>
<s id="s56.1">2705- 906 Terrugem SNT Portugalska</s>
<s id="s57.1">Infusion</s>
<s id="s58.1">3 DODATEK II</s>
<s id="s59.1">ZNANSTVENI ZAKLJUČKI IN PODLAGA ZA DOPOLNILO POVZETKA GLAVNIH ZNAČILNOSTI ZDRAVILA, OZNAČEVANJA IN NAVODIL ZA UPORABO, KI JIH JE PREDSTAVILA EVROPSKA AGENCIJA ZA ZDRAVILA</s>
<s id="s60.1">4 ZNANSTVENI ZAKLJUČKI</s>
<s id="s61.1">SPLOŠNI POVZETEK ZNANSTVENEGA VREDNOTENJA ZDRAVILA CIPROFLOXACIN HIKMA IN Z NJIM POVEZANIH IMEN (glejte Dodatek I)</s>
<s id="s62.1">Zdravilo Ciprofloxacin je kinolon, ki in vitro učinkuje proti velikemu številu različnih gramnegativnih aerobnih bakterij kot tudi proti nekaterim grampozitivnim organizmom.</s>
<s id="s62.2">Zdravljenje bolnikov z zapletenimi okužbami sečil (urinary tract infections, UTIs) trenutno obsega empirično zdravljenje z antibiotiki širokega spektra (fluorokinolon) in morebitno naknadno 10 do 14 dni trajajoče zdravljenje, odvisno od izsledkov na urinski kulturi in občutljivosti bolnika.</s>
<s id="s62.3">Da bi se izognili neuspehu pri zdravljenju in pojavu odpornosti, je predpogoj za uspešno zdravljenje doslednost bolnika pri jemanju zdravil in ustrezno odmerjanje zdravila.</s>
<s id="s63.1">Vlagatelj/ imetnik dovoljenja za promet ni predložil kliničnih podatkov, s katerimi bi odgovoril na vprašanja CHMP glede tveganj in koristi predlaganega odmerka za zdravljenje okužb sečil ter glede največjega odmerka za odrasle, saj gre pri tej vlogi za t. i. &quot;generično&quot; vlogo (referenčno zdravilo / originator je Ciproxin družbe Bayer).</s>
<s id="s64.1">Objavljena literatura in podatki o odpornosti, ki jih je predstavil vlagatelj, primerno upravičujejo shemo odmerjanja z 200 do 400 mg ciprofloksacina dvakrat dnevno pri zdravljenju zapletenih okužb sečil tako z vidika učinkovitosti kot tudi z vidika varnosti (povečana verjetnost preprečitve pojava odpornosti bakterij brez ojačitve neželenih učinkov).</s>
<s id="s64.2">Ker je zdravilo raztopina za pripravo intravenske infuzije, bi njegovo uporabo morali omejiti na zdravljenje zapletenih okužb sečil.</s>
<s id="s64.3">Na podlagi objavljenih podatkov, ki so za predlagani največji odmerek 400 mg intravensko trikrat dnevno kot največji odmerek dokazali izvrstno sposobnost preprečevanja odpornosti na antibiotike brez znatne ojačitve neželenih reakcij pri resnih in življenjsko nevarnih okužbah drugih organskih sistemov, ne obstaja razloga za zaključek, da bo ta ugoden profil tveganj in koristi znatno drugačen pri zdravljenju zapletenih okužb sečil.</s>
<s id="s65.1">5 PODLAGA ZA DOPOLNILO POVZETKA GLAVNIH ZNAČILNOSTI ZDRAVILA, OZNAČEVANJA IN NAVODIL ZA UPORABO</s>
<s id="s66.1">Ob upoštevanju naslednjega:</s>
<s id="s67.1">- literature, ki jo je predložil vlagatelj in ki govori v prid odmerku 200 do 400 mg dvakrat dnevno</s>
<s id="s68.1">pri zdravljenju zapletenih okužb sečil ter največjemu odmerku pri odraslih, ki znaša 400 mg trikrat dnevno,</s>
<s id="s69.1">- sprejemljivosti vseh zahtevanih dopolnil poglavja 5. 1 v Povzetku glavnih značilnosti zdravila,</s>
<s id="s70.1">vključno s prelomnimi točkami, ki so pomembne za indikacije,</s>
<s id="s71.1">je CHMP je priporočil, naj se indikacija nanaša na zapletene okužbe sečil s priporočenim odmerkom 200 do 400 mg dvakrat dnevno.</s>
<s id="s71.2">Poleg tega bi moral največji dnevni odmerek ciprofloksacina znašati 400 mg trikrat dnevno.</s>
<s id="s72.1">Dodatno so bila v skladu s smernicami o SPC, smernicami o pomožnih snoveh in zadnjimi predlogami za pregledovanje kakovosti dokumentov, vključena tudi druga dopolnila Povzetka glavnih značilnosti zdravila, označevanja in Navodila za uporabo, ki niso povezana z rezultatom napotitvenega postopka.</s>
<s id="s73.1">CHMP je zato priporočil odobritev dovoljenj( a) za promet z zdravilom in dopolnil Povzetka glavnih značilnosti zdravila, označevanja in Navodila za uporabo za referenčno državo članico.</s>
<s id="s73.2">Ta so natančno določena v Dodatku III za zdravilo Ciprofloxacin in z njim povezana imena (oglejte si Dodatek I).</s>
<s id="s74.1">6 POVZETEK GLAVNIH ZNAČILNOSTI ZDRAVILA</s>
<s id="s75.1">7 1.</s>
<s id="s75.2">IME ZDRAVILA</s>
<s id="s76.1">Ciprofloxacin Hikma 200 mg/ 100 ml, raztopina za infundiranje [Izpolni država članica.]</s>
<s id="s77.1">2.</s>
<s id="s77.2">KAKOVOSTNA IN KOLIČINSKA SESTAVA</s>
<s id="s78.1">1 ml raztopine za infundiranje vsebuje: ciprofloksacinlaktat, ki ustreza 2 mg ciprofloksacina.</s>
<s id="s78.2">Vsaka 100- mililitrska viala vsebuje 200 mg ciprofloksacina.</s>
<s id="s78.3">Pomožna snov:</s>
<s id="s78.4">15, 4 mmol (354 mg) natrija na 100 ml raztopine za infundiranje Za celoten seznam pomožnih snovi glejte poglavje 6. 1.</s>
<s id="s79.1">3.</s>
<s id="s79.2">FARMACEVTSKA OBLIKA</s>
<s id="s80.1">Raztopina za infundiranje Bistra, brezbarvna do rahlo rumena raztopina pH raztopine:</s>
<s id="s80.2">3, 9- 4, 5</s>
<s id="s81.1">4.</s>
<s id="s81.2">KLINIČNI PODATKI</s>
<s id="s82.1">4. 1 Terapevtske indikacije</s>
<s id="s83.1">Zdravilo Ciprofloxacin Hikma je indicirano za zdravljenje resnih in/ ali smrtno nevarnih okužb, ki jih povzročajo patogeni mikroorganizmi, dovzetni za ciprofloksacin.</s>
<s id="s83.2">Zdravilo Ciprofloxacin Hikma se lahko uporabi za naslednje indikacije, kadar peroralno zdravljenje ni mogoče ali zanesljivo:</s>
<s id="s84.1">- zapletene okužbe sečil;</s>
<s id="s85.1">- okužbe spodnjih dihal, vključno s pnevmonijo, ki jo povzročajo aerobne grampozitivne</s>
<s id="s86.1">bakterije; pri okužbah z bakterijo Streptococcus pneumoniae, ciprofloksacin ni zdravilo prve izbire;</s>
<s id="s87.1">- zapletene okužbe kože in mehkih tkiv;</s>
<s id="s88.1">- osteomielitis.</s>
<s id="s89.1">Zdravilo Ciprofloxacin Hikma se lahko uporabi tudi pri zdravljenju akutnih okužb spodnjih dihal, ki jih povzroča bakterija Pseudomonas aeruginosa, pri otrocih s cistično fibrozo, starih od 5 do 17 let.</s>
<s id="s89.2">Pri mešanih okužbah z anaerobnimi bakterijami je treba ciprofloksacin kombinirati z drugimi antibiotiki, učinkovitimi proti anaerobom.</s>
<s id="s90.1">Pozorni morate biti na uradne smernice za ustrezno uporabo antibiotikov.</s>
<s id="s91.1">4. 2 Odmerjanje in način uporabe</s>
<s id="s92.1">Odrasli:</s>
<s id="s92.2">Odmerek za odrasle je 200- 400 mg ciprofloksacina dvakrat na dan.</s>
<s id="s92.3">Pri zelo resnih, smrtno nevarnih okužbah ali rekurentnih okužbah, se lahko odmerek poveča na 400 mg trikrat na dan.</s>
<s id="s92.4">Največji dnevni odmerek je 1200 mg.</s>
<s id="s93.1">Osteomielitis:</s>
<s id="s93.2">Pred začetkom zdravljenja je treba opraviti bakteriološke preizkuse občutljivosti.</s>
<s id="s93.3">Kot pri drugih antibiotikih je treba med zdravljenjem bolnika spremljati zaradi možnosti razvoja rezistentnih sevov sprva občutljivih bakterij, zlasti P. aeruginosa in S. aureus (glejte ustrezne navedbe v poglavju 5. 1).</s>
<s id="s93.4">Povprečno trajanje zdravljenja je lahko 4 do 6 tednov.</s>
<s id="s93.5">Če je dolgotrajno zdravljenje nujno, je treba učinek zdravljenja oceniti najpozneje po 2 mesecih.</s>
<s id="s94.1">8 Okvarjeno delovanje ledvic:</s>
<s id="s94.2">Pri bolnikih s kreatininskim očistkom od 31 do 60 ml/ min/ 1, 73 m2 ali koncentracijo kreatinina v serumu od 124 do 174 µmol/ l je največji dnevni intravenski odmerek 800 mg.</s>
<s id="s94.3">Če je kreatininski očistek ≤ 30 ml/ min/ 1, 73 m2 ali če je koncentracija kreatinina v serumu ≥ 175 µmol/ l, je največji dnevni intravenski odmerek 400 mg.</s>
<s id="s94.4">Pri bolnikih na hemodializi ali KAPD je dnevni intravenski odmerek prav tako 400 mg.</s>
<s id="s94.5">Na dneve, ko je bolnik na dializi, se odmerek daje po hemodializi.</s>
<s id="s95.1">Okvarjeno delovanje jeter:</s>
<s id="s95.2">Pri okvarjenem delovanju jeter odmerka ni treba prilagajati.</s>
<s id="s96.1">Okvarjeno delovanje ledvic in jeter:</s>
<s id="s96.2">Odmerek je treba prilagoditi glede na ledvično okvaro.</s>
<s id="s96.3">Spremljanje ravni zdravilne učinkovine v krvi je najzanesljivejša osnova za prilagajanje odmerka.</s>
<s id="s97.1">Starejši bolniki:</s>
<s id="s97.2">Zaradi večjih koncentracij v plazmi pri starejših je priporočljivo določiti odmerke na podlagi kreatininskega očistka in stopnje bolezni.</s>
<s id="s98.1">Pediatrični bolniki:</s>
<s id="s98.2">Akutne okužbe spodnjih dihal, ki jih povzroča bakterija Pseudomonas aeruginosa pri otrocih in mladostnikih (od 5 do 17 let) s cistično fibrozo:</s>
<s id="s98.3">Intravensko odmerjanje 15 mg/ kg telesne mase dvakrat na dan ali 10 mg/ kg telesne mase trikrat na dan (največ 1200 mg na dan).</s>
<s id="s99.1">Lahko se uporabi tudi sekvenčno zdravljenje.</s>
<s id="s99.2">Odmerjanje poteka na naslednji način:</s>
<s id="s99.3">Intravensko odmerjanje 15 mg/ kg telesne mase dvakrat na dan ali 10 mg/ kg telesne mase trikrat na dan (največ 1200 mg na dan), nato pa peroralno odmerjanje dvakrat na dan.</s>
<s id="s100.1">Priporočeno trajanje zdravljenja je 10- 14 dni.</s>
<s id="s101.1">Odmerjanja pri otrocih z okvarjenim delovanjem ledvic in/ ali jeter niso raziskovali.</s>
<s id="s102.1">Infundiranje raztopine za infundiranje mora trajati 60 minut.</s>
<s id="s102.2">Zaradi povečanega tveganja za pojav lokalnih reakcij je treba večje intravenske odmerke dajati z venskim ali centralnim katetrom.</s>
<s id="s102.3">Za informacije o mešanju z drugimi raztopinami glejte poglavji 6. 2 in 6. 6.</s>
<s id="s103.1">Trajanje zdravljenja je odvisno od stopnje okužbe, kliničnega odziva in rezultatov bakterioloških preizkusov.</s>
<s id="s103.2">Na splošno velja, da je treba akutne in kronične okužbe (npr. osteomielitis in prostatitis), pri katerih je znano, da je povzročitelj občutljiv na ciprofloksacin, zdraviti vsaj še tri dni po izginotju znakov in simptomov okužbe.</s>
<s id="s103.3">Drugi posebni primeri, kot so osteomielitis in pediatrični bolniki, so navedeni v tem poglavju.</s>
<s id="s104.1">4. 3 Kontraindikacije</s>
<s id="s105.1">Zdravilo Ciprofloxacin Hikma je kontraindicirano pri: • bolnikih, ki so preobčutljivi za ciprofloksacin, derivate kinolin- karboksilne kisline ali katero koli pomožno snov; • otrocih, mlajših od 5 let.</s>
<s id="s105.2">Za informacije o varnosti in uporabi ciprofloksacina pri otrocih, glejte tudi poglavje 4. 4; • otrocih in odraščajočih mladostnikih, razen za zdravljenje akutnih pulmonalnih eksacerbacij cistične fibroze pri otrocih, starih od 5 do 17 let; • nosečnosti in dojenju; • bolnikih z okvaro kit, povezano z uporabo fluorokinolonov v anamnezi; • sočasni uporabi ciprofloksacina in tizanidina.</s>
<s id="s106.1">9 4. 4 Posebna opozorila in previdnostni ukrepi</s>
<s id="s107.1">Sečila:</s>
<s id="s107.2">Poročali so o kristaluriji, povezani z uporabo ciprofloksacina.</s>
<s id="s107.3">Bolniki, ki jemljejo ciprofloksacin, morajo dobivati dovolj tekočine, poleg tega je treba preprečiti, da bi postal urin izrazito alkalen.</s>
<s id="s107.4">Bolnike z obstoječimi hudimi okvarami ledvic je treba pozorno spremljati, da bi odkrili morebitno poslabšanje delovanja.</s>
<s id="s107.5">Osebam z ledvično insuficienco ali hudo dehidracijo je treba ciprofloksacin dajati previdno.</s>
<s id="s108.1">Kri in limfatični sistem:</s>
<s id="s108.2">Bolniki z okvaro delovanja glukoze- 6- fosfat dehidrogenaze v družinski anamnezi so nagnjeni k hemolitičnim reakcijam na kinolone, zato je treba ciprofloksacin pri njih uporabljati previdno.</s>
<s id="s109.1">Osrednje živčevje:</s>
<s id="s109.2">Kot pri drugih fluorokinolonih je treba tudi pri uporabi zdravila Ciprofloxacin Hikma upoštevati možnost pojava določenih neželenih učinkov na osrednje živčevje.</s>
<s id="s109.3">Pri bolnikih z epilepsijo ali drugimi motnjami osrednjega živčevja (npr. znižanim pragom za konvulzije, anamnezo epileptičnih napadov, zmanjšanim možganskim krvnim pretokom, spremembami v strukturi možganov ali možgansko kapjo) se lahko ciprofloksacin uporablja le po temeljiti oceni tveganja in koristi.</s>
<s id="s109.4">Pri teh bolnikih se namreč poveča nevarnost pojava stranskih učinkov, povezanih z vplivom zdravila na osrednje živčevje.</s>
<s id="s110.1">Neželeni učinki se včasih pojavijo že po prvi uporabi ciprofloksacina.</s>
<s id="s110.2">V nekaterih primerih depresija in psihoze povzročajo samomorilsko vedenje.</s>
<s id="s110.3">Če se pojavijo take reakcije, je treba zdravljenje s ciprofloksacinom takoj prekiniti in obvestiti lečečega zdravnika.</s>
<s id="s111.1">Srčne bolezni:</s>
<s id="s111.2">Ciprofloksacin je povezan z zelo redkimi primeri podaljšanja intervala QT (glejte poglavje 4. 8), zato je pri zdravljenju bolnikov s tveganjem za aritmijo &quot;torsade de pointes&quot;, potrebna previdnost.</s>
<s id="s112.1">Otroci in mladostniki:</s>
<s id="s112.2">Kot pri drugih zdravilih iz te skupine so tudi za ciprofloksacin poročali, da povzroča okvare nosilnih sklepov živali, pri katerih razvoj še ni končan.</s>
<s id="s112.3">Podatki o uporabi ciprofloksacina pri otrocih in mladostnikih so nezadostni.</s>
<s id="s112.4">Zato njegova uporaba pri otrocih na splošno ni priporočena, razen za zdravljenje bolnikov s cistično fibrozo (glejte poglavje 4. 1).</s>
<s id="s113.1">Prebavila:</s>
<s id="s113.2">Kadar se pri zdravljenju s ciprofloksacinom ali drugimi fluorokinoloni, ali po njem, pojavi huda persistentna driska, je treba upoštevati možnost, da gre za psevdomembranski kolitis (smrtno nevaren z možnim smrtnim izidom).</s>
<s id="s113.3">V takem primeru je treba zdravljenje s ciprofloksacinom takoj prekiniti in začeti ustrezno zdravljenje.</s>
<s id="s113.4">Uporaba zdravil, ki zavirajo peristaltiko, je kontraindicirana.</s>
<s id="s113.5">Pri bolnikih z obstoječo jetrno okvaro se lahko začasno zvišajo vrednosti transaminaz in alkalne fosfataze ali pa se lahko pojavi holestatska zlatenica.</s>
<s id="s114.1">Mišice in skelet:</s>
<s id="s114.2">Če se pojavijo kakršni koli znaki tendinitisa (npr. boleča oteklina), je treba zdravljenje s ciprofloksacinom ali drugimi fluorokinoloni takoj ustaviti, prenehati je treba telesno dejavnost in se posvetovati z zdravnikom.</s>
<s id="s114.3">Zelo redko so poročali o celotni rupturi kite (predvsem ahilove kite), zlasti pri starejših bolnikih, ki so jih predhodno zdravili z glukokortikoidi.</s>
<s id="s114.4">Ciprofloksacin lahko povzroči eksacerbacijo simptomov miastenije gravis.</s>
<s id="s114.5">Zato se je treba ob pojavu kakršnih koli simptomov, ki kažejo na eksacerbacijo miastenije gravis, posvetovati z zdravnikom.</s>
<s id="s115.1">Fotosenzitivnost:</s>
<s id="s115.2">Ciprofloksacin in drugi fluorokinoloni lahko povzročijo fotosenzitivnost.</s>
<s id="s115.3">Zato je treba bolnikom svetovati, naj se med zdravljenjem s ciprofloksacinom izogibajo daljšemu izpostavljanju sončni svetlobi ali UV- svetlobi.</s>
<s id="s115.4">Če to ni mogoče, je treba bolniku svetovati uporabo kreme za zaščito proti soncu.</s>
<s id="s115.5">Če se pojavi fotosenzitivnost, je treba zdravljenje prekiniti.</s>
<s id="s116.1">10 Preobčutljivost:</s>
<s id="s116.2">Preobčutljivostne in alergijske reakcije so se v nekaterih primerih pojavile že po prvem odmerku ciprofloksacina.</s>
<s id="s116.3">Če se pojavijo take reakcije, se je treba takoj posvetovati z zdravnikom.</s>
<s id="s116.4">Anafilaktične/ anafilaktoidne reakcije lahko v redkih primerih povzročijo smrtno nevarni šok, včasih že po prvem odmerku ciprofloksacina.</s>
<s id="s116.5">V tem primeru je treba zdravljenje s ciprofloksacinom prekiniti in zdraviti šok.</s>
<s id="s117.1">Lokalne reakcije:</s>
<s id="s117.2">Po intravenski uporabi ciprofloksacina so poročali o lokalnih reakcijah.</s>
<s id="s117.3">Te reakcije so pogostejše, kadar je čas infundiranja 30 minut ali manj.</s>
<s id="s117.4">Lahko se pojavijo v obliki kožnih reakcij, ki po koncu infundiranja hitro izginejo.</s>
<s id="s117.5">Nadaljnje intravensko infundiranje ni kontraindicirano, razen če se reakcije pojavijo znova ali se poslabšajo.</s>
<s id="s118.1">Ciprofloksacin nekoliko učinkuje proti bakteriji Mycobacterium tuberculosis, zato se, kadar vzorce odvzemamo med zdravljenjem s ciprofloksacinom, lahko pojavijo lažno negativne kulture.</s>
<s id="s119.1">Zdravilo Ciprofloxacin Hikma vsebuje 15, 4 mmol (354 mg) natrija na 100 ml raztopine za infundiranje.</s>
<s id="s119.2">To je treba upoštevati pri bolnikih na dieti z malo natrija.</s>
<s id="s120.1">4. 5 Medsebojno delovanje z drugimi zdravili in druge oblike interakcij</s>
<s id="s121.1">Probenecid Probenecid zavira izločanje ciprofloksacina skozi ledvice, kar povzroči povečanje koncentracije ciprofloksacina v plazmi.</s>
<s id="s122.1">CYP1A2 Ciprofloksacin zavira encim CYP1A2 in zato lahko poveča serumske koncentracije sočasno uporabljenih snovi, ki jih ta encim presnavlja (npr. teofilin, klozapin, takrin, ropinirol, tizanidin).</s>
<s id="s122.2">Bolnike, ki te snovi jemljejo sočasno s ciprofloksacinom, je zato treba nadzorovati zaradi morebitnih znakov prevelikega odmerjanja.</s>
<s id="s122.3">Morda bo nujno določanje serumskih koncentracij, zlasti teofilina, in prilagajanje odmerkov.</s>
<s id="s122.4">Interakcija med teofilinom in ciprofloksacinom je lahko smrtno nevarna.</s>
<s id="s123.1">Drugi derivati ksantina Med sočasno uporabo ciprofloksacina in kofeina ali pentoksifilina (okspentifilina) so poročali o povečanih koncentracijah ksantinskih derivatov.</s>
<s id="s124.1">Fenitoin Sočasna uporaba ciprofloksacina in fenitoina lahko povzroči takšno zvišanje ali znižanje ravni fenitoina v serumu, da se priporoča spremljanje ravni zdravila v serumu.</s>
<s id="s125.1">Metotreksat Pri sočasni uporabi ciprofloksacina in metotreksata lahko pride do zaviranja tubulnega transporta metotreksata, zaradi česar se njegova koncentracija v plazmi zveča.</s>
<s id="s125.2">To lahko poveča tveganje za toksične reakcije, povezane z metotreksatom.</s>
<s id="s125.3">Zato je treba bolnike, ki prejemajo metotreksat, pri sočasnem zdravljenju s ciprofloksacinom pozorno spremljati.</s>
<s id="s126.1">Ciklosporin Po sočasni uporabi ciprofloksacina in ciklosporina so v posameznih primerih opazili prehodno povečanje koncentracije kreatinina v serumu.</s>
<s id="s126.2">Pri teh bolnikih je zato treba koncentracijo kreatinina v serumu redno pregledovati (dvakrat na teden).</s>
<s id="s127.1">Peroralni antikoagulansi (npr. varfarin) Ciprofloksacin, kot drugi kinoloni, lahko okrepijo učinek derivatov kumarina, vključno z varfarinom.</s>
<s id="s127.2">Pri sočasni uporabi teh zdravil je treba spremljati protrombinski čas (PČ) ali druge ustrezne teste koagulacije.</s>
<s id="s127.3">Odmerek antikoagulansa je treba po potrebi prilagoditi.</s>
<s id="s128.1">11 Glibenklamid Pri sočasni uporabi lahko ciprofloksacin v nekaterih primerih poveča učinek glibenklamida (hipoglikemija).</s>
<s id="s129.1">Nesteroidna protivnetna zdravila Preskušanja na živalih so pokazala, da lahko sočasna uporaba zelo velikih odmerkov fluorokinolonov in nekaterih nesteroidnih protivnetnih zdravil (vendar ne acetilsalicilne kisline) izzove konvulzije.</s>
<s id="s130.1">Meksiletin Sočasna uporaba ciprofloksacina in meksiletina lahko poveča koncentracijo meksiletina v plazmi.</s>
<s id="s131.1">Premedikacija Priporočeno je, da se opiatna premedikacija (npr. papaveretum) ali opiatna premedikacija, ki se uporablja z antiholinergično premedikacijo (npr. atropin ali hioscin), ne uporablja sočasno s ciprofloksacinom, ker se ravni ciprofloksacina znižajo.</s>
<s id="s131.2">Pokazali so, da sočasna uporaba ciprofloksacina in benzodiazepinskih premedikantov ne vpliva na ravni ciprofloksacina v plazmi.</s>
<s id="s131.3">Vendar so pri sočasni uporabi ciprofloksacina in diazepama ter v zelo redkih primerih midazolama poročali o zmanjšanem očistku in podaljšanem razpolovnem času diazepama, zato se priporoča pozorno spremljanje zdravljenja z benzodiazepinom.</s>
<s id="s132.1">4. 6 Nosečnost in dojenje</s>
<s id="s133.1">Nosečnost Uporaba med nosečnostjo je kontraindicirana.</s>
<s id="s133.2">Podatki o uporabi ciprofloksacina v nosečnosti so omejeni.</s>
<s id="s133.3">Do sedaj niso našli dokazov o povečanem tveganju za kongenitalne abnormalnosti ali druge neželene učinke po uporabi ciprofloksacina ali drugih kinolonov v prvem trimesečju.</s>
<s id="s133.4">V raziskavah na živalih niso opazili teratogenih učinkov.</s>
<s id="s133.5">Pri neodraslih in prenatalnih živalih, izpostavljenih kinolonom, so opazili učinke na hrustanec (glejte poglavje 5. 3).</s>
<s id="s133.6">Tveganje za človeka ni znano, zato se zdravilo Ciprofloxacin Hikma med nosečnostjo ne sme uporabljati (glejte poglavje 4. 3).</s>
<s id="s134.1">Dojenje:</s>
<s id="s134.2">Ciprofloksacin se izloča v materino mleko.</s>
<s id="s134.3">Zaradi tveganja za artropatijo in druge hude toksične učinke na novorojenca je ciprofloksacin med dojenjem kontraindiciran (glejte poglavje 4. 3).</s>
<s id="s135.1">4. 7 Vpliv na sposobnost vožnje in upravljanja s stroj</s>
<s id="s136.1">Ciprofloxacin Hikma ima blag ali zmeren vpliv na sposobnost vožnje in upravljanja s stroji.</s>
<s id="s136.2">Kadar se pojavijo neželeni učinki na osrednje živčevje, kot je omotica, je prepovedano voziti ali upravljati stroje.</s>
<s id="s137.1">4. 8 Neželeni učinki</s>
<s id="s138.1">O neželenih reakcijah so poročali pri 5- 14% bolnikov, ki so prejemali ciprofloksacin.</s>
<s id="s138.2">Najpogostejši neželeni učinki zdravila prizadenejo prebavila in osrednje živčevje.</s>
<s id="s139.1">Opazili so naslednje neželene učinke:</s>
<s id="s139.2">Zelo pogosti (≥ 1/ 10) Pogosti (≥ 1/ 100 do &lt; 1/ 10) Občasni (≥ 1/ 1000 do &lt; 1/ 100) Redki (≥ 1/ 10. 000 do &lt; 1/ 1000) Zelo redki (&lt; 1/ 10000), neznano (iz razpoložljivih podatkov ni mogoče oceniti)</s>
<s id="s140.1">Infekcijske in parazitske bolezni:</s>
<s id="s140.2">Občasni: kandidoza</s>
<s id="s141.1">Bolezni krvi in limfatičnega sistema:</s>
<s id="s141.2">Občasni: eozinofilija, levkopenija.</s>
<s id="s142.1">12 Redki: levkopenija (granulocitopenija), anemija, levkocitoza, spremenjene vrednosti protrombina, trombocitopenija, trombocitemija (trombocitoza).</s>
<s id="s142.2">Zelo redki: hemolitična anemija, pancitopenija, agranulocitoza.</s>
<s id="s143.1">Bolezni imunskega sistema:</s>
<s id="s143.2">Redki: edem (periferni edem, angioedem, edem obraza), alergijske reakcije, zvišana telesna temperatura zaradi uporabe zdravila, anafilaktoidne (anafilaktične) reakcije.</s>
<s id="s143.3">Zelo redki: pljučni edem v primeru šoka (anafilaktični; smrtno nevaren), srbeč izpuščaj, simptomi, podobni serumski bolezni.</s>
<s id="s144.1">Presnovne in prehranske motnje:</s>
<s id="s144.2">Redki: hiperglikemija.</s>
<s id="s145.1">Psihiatrične motnje:</s>
<s id="s145.2">Redki: anksioznost, nočne more, depresija, halucinacije.</s>
<s id="s145.3">Zelo redki: psihotične reakcije (ki lahko napredujejo do samomorilskega vedenja).</s>
<s id="s146.1">Bolezni živčevja:</s>
<s id="s146.2">Pogosti: motnje okušanja (ponavadi reverzibilne po prekinitvi zdravljenja), omotica, glavobol, insomnija, agitacija, konfuznost.</s>
<s id="s146.3">Redki: izguba okusa (zmanjšan čut okusa), parestezija (periferna paralgezija), tremor (tresenje), konvulzije, migrena.</s>
<s id="s146.4">Zelo redki: parozmija (popačenje čuta za voh), anozmija (ponavadi reverzibilna po prekinitvi zdravljenja), generaliziran epileptični napad, nenormalna (nestabilna) hoja, intrakranialna hipertenzija, ataksija, hiperestezija, hipertonija.</s>
<s id="s147.1">Očesne bolezni:</s>
<s id="s147.2">Redki: motnje vida, diplopija, kromatopsija.</s>
<s id="s148.1">Ušesne bolezni, vključno z motnjami labirinta:</s>
<s id="s148.2">Redki: tinitus, prehodna izguba sluha (zlasti visokih frekvenc).</s>
<s id="s149.1">Srčne bolezni:</s>
<s id="s149.2">Redki: tahikardija.</s>
<s id="s149.3">V zelo redkih primerih so poročali o ventrikularni aritmiji, podaljšanju intervala QT in aritmiji &quot;torsades de pointes&quot;.</s>
<s id="s149.4">Te učinke so opazili predvsem pri bolnikih z dodatnimi dejavniki tveganja za podaljšanje intervala QTc.</s>
<s id="s150.1">Žilne bolezni:</s>
<s id="s150.2">Občasni:</s>
<s id="s150.3">(trombo) flebitis.</s>
<s id="s150.4">Redki: sinkopa (omedlevica), vazodilatacija (toplotni stres).</s>
<s id="s150.5">Zelo redki: vaskulitis (petehije, hemoragične bule, papule, tvorba krast).</s>
<s id="s151.1">Bolezni dihal, prsnega koša in mediastinalnega prostora:</s>
<s id="s151.2">Redki: dispneja, laringealni edem.</s>
<s id="s152.1">Bolezni prebavil:</s>
<s id="s152.2">Pogosti: navzeja, diareja.</s>
<s id="s152.3">Občasni: bruhanje, dispepsija, flatulenca, anoreksija, bolečine v trebuhu.</s>
<s id="s152.4">Redki: psevdomembranski kolitis, kandidoza (oralna).</s>
<s id="s152.5">Zelo redki: kandidoza (gastrointestinalna), pankreatitis.</s>
<s id="s153.1">Bolezni jeter, žolčnika in žolčevodov:</s>
<s id="s153.2">Redki: ikterus, holestatski ikterus, nekroza jetrnih celic.</s>
<s id="s153.3">Zelo redki: hepatitis, nekroza jetrnih celic (zelo redko povzroči smrtno nevarno odpoved delovanja jeter).</s>
<s id="s154.1">13 Bolezni kože in podkožja:</s>
<s id="s154.2">Pogosti: izpuščaj.</s>
<s id="s154.3">Občasni: pruritus, papilomakularni izpuščaj, urtikarija.</s>
<s id="s154.4">Redki: fotosenzitivnost, multiformni eritem in nodozni eritem.</s>
<s id="s154.5">Zelo redki: nodozni eritem, multiformni eritem (manjši), Stevens- Johnsonov sindrom, epidermalna nekroliza (Lyellov sindrom), petehija.</s>
<s id="s155.1">Bolezni mišično- skeletnega sistema in vezivnega tkiva:</s>
<s id="s155.2">Občasni: artralgija (bolečine v sklepih).</s>
<s id="s155.3">Redki: mialgija (bolečine v mišicah), bolezni sklepov (otečeni sklepi).</s>
<s id="s155.4">Zelo redki: tendinitis (zlasti ahilove kite), delna ali celotna ruptura kit (zlasti ahilove kite), slabšanje simptomov miastenije, bolečine v mišicah, vnetje ovojnic kit (tendosinovitis).</s>
<s id="s156.1">Bolezni sečil:</s>
<s id="s156.2">Redki: akutna ledvična odpoved, okvara delovanja ledvic, vaginalna kandidoza, hematurija, kristalurija, intersticijski nefritis.</s>
<s id="s157.1">Splošne težave in spremembe na mestu uporabe:</s>
<s id="s157.2">Občasni: astenija (splošni občutek šibkosti, utrujenosti), reakcije na mestu injiciranja.</s>
<s id="s157.3">Redki: transpiracija.</s>
<s id="s158.1">Preiskave:</s>
<s id="s158.2">Občasni: zvišanje ravni kreatinina v krvi, zvišanje uree v krvi, nenormalni rezultati jetrnih preiskav (zvišana AST in ALT), bilirubinemija in zvišana alkalna fosfataza.</s>
<s id="s158.3">Zelo redki: zvišanje ravni amilaz/ lipaz.</s>
<s id="s159.1">Drugo:</s>
<s id="s159.2">Občasni: pljučna embolija, dispneja, pljučni edem, epistaksa, hemoptiza in kolcanje.</s>
<s id="s159.3">Zelo redki: astenija, prehodna okvara delovanja ledvic do prehodne ledvične odpovedi, fotosenzitivnost (glejte poglavje 4. 4).</s>
<s id="s160.1">4. 9 Preveliko odmerjanje</s>
<s id="s161.1">Pri akutnem in ekstremnem prevelikem odmerjanju so opazili reverzibilne poškodbe ledvic.</s>
<s id="s161.2">Poročali so, da preveliko odmerjanje z odmerkom 12 g povzroča blage simptome toksičnosti.</s>
<s id="s161.3">Simptomi prevelikega odmerjanja so lahko omotica, tremor, glavoboli, utrujenost, epileptični napadi, halucinacije, konfuznost, prebavne težave, abnormalnosti jeter in ledvic, kristalurija in hematurija.</s>
<s id="s161.4">Bolnika je treba pozorno spremljati in mu nuditi simptomatsko zdravljenje ter podporne ukrepe. zagotoviti je treba ustrezno hidracijo.</s>
<s id="s161.5">S hemodializo ali peritonealno dializo se izloči le majhna količina ciprofloksacina (manj kot 10%).</s>
<s id="s162.1">5.</s>
<s id="s162.2">FARMAKOLOŠKE LASTNOSTI</s>
<s id="s163.1">5. 1 Farmakodinamične lastnosti</s>
<s id="s164.1">Farmakoterapevtska skupina: kinolonske protimikrobne učinkovine, oznaka ATC:</s>
<s id="s164.2">J01MA02</s>
<s id="s165.1">Način delovanja:</s>
<s id="s165.2">Ciprofloksacin ima hiter baktericiden učinek, v fazi razmnoževanja bakterij in tudi v fazi mirovanja.</s>
<s id="s165.3">V fazi rasti bakterije se pojavlja delno zavijanje in odvijanje kromosoma.</s>
<s id="s165.4">Pri tem ima DNA- giraza ključno vlogo.</s>
<s id="s165.5">Ciprofloksacin zavira DNA- girazo, kar povzroči zaviranje sinteze DNA.</s>
<s id="s165.6">Ciprofloksacin je in vitro učinkovit proti velikem številu gramnegativnih aerobnih bakterij, vključno s P. aeruginosa.</s>
<s id="s165.7">Učinkovit je tudi proti grampozitivnim organizmom, kot so stafilokoki in streptokoki.</s>
<s id="s165.8">Anaerobi so na splošno manj občutljivi.</s>
<s id="s166.1">Mehanizem rezistence:</s>
<s id="s167.1">14 Rezistenca za ciprofloksacin se razvija postopno skozi genomske mutacije (po korakih).</s>
<s id="s167.2">Prenosljivo rezistenco za kinolone, povezano z genom qnr, ki se prenaša s plazmidi, so odkrili pri sevih bakterij E. coli in Klebsiella spp, rezistentnih na kinolone.</s>
<s id="s167.3">Zaradi svojega načina delovanja ciprofloksacin nima navzkrižne rezistence z drugimi pomembnimi, kemijsko različnimi skupinami zdravil, kot so beta - laktamski antibiotiki, aminoglikozidi, tetraciklini, makrolidi in polipetidi, sulfonamidi, trimetoprim in nitrofurantoin.</s>
<s id="s167.4">Navzkrižno rezistenco so opazili znotraj razreda kinolonov.</s>
<s id="s167.5">Razvoj rezistence za ciprofloksacin in druge fluorokinolone so opazili pri stafilokokih, zlasti pri S. aureus, P. aeruginosa, E. coli in E. faecalis, rezistentnimi na meticilin (glejte tabelo občutljivosti).</s>
<s id="s168.1">Največje tveganje kažejo predvsem bolniki, pri katerih je zdravljenje dolgotrajno (npr. pri cistični fibrozi in osteomielitisu), ali bolnikih, ki so zelo dovzetni za okužbe (npr. pri selektivni profilaksi pri določeni skupini nevtropeničnih bolnikov, bolnikih na umetni ventilaciji).</s>
<s id="s168.2">Odstotek rezistentnih sevov je lahko odvisen od velikih lokalnih variacij.</s>
<s id="s168.3">Zato je priporočeno redno določanje rezistence.</s>
<s id="s169.1">Mejne vrednosti:</s>
<s id="s169.2">Po merilih odbora EUCAST so za aerobne bakterije opredelili naslednje mejne vrednosti za ciprofloksacin:</s>
<s id="s170.1">Enterobacteriaceae: ≤ 0, 5 µg/ ml za dovzetne, &gt; 1 µg/ ml za rezistentne;</s>
<s id="s171.1">-</s>
<s id="s172.1">Pseudomonas spp. ≤ 0, 5 µg/ ml za dovzetne, &gt; 1 µg/ ml za rezistentne;</s>
<s id="s173.1">-</s>
<s id="s174.1">Acinetobacter spp. ≤ 1 µg/ ml za dovzetne, &gt; 1 µg/ ml za rezistentne;</s>
<s id="s175.1">-</s>
<s id="s176.1">S. pneumonia ≤ 0, 125 µg/ ml za dovzetne, &gt; 2 µg/ ml za rezistentne;</s>
<s id="s177.1">-</s>
<s id="s178.1">Staphylococcus spp. ≤ 1 µg/ ml za dovzetne, &gt; 1 µg/ ml za rezistentne;</s>
<s id="s179.1">-</s>
<s id="s180.1">H. influenza in M. catarrhalis ≤ 0, 5 µg/ ml za dovzetne, &gt; 0. 5 µg/ ml za rezistentne.</s>
<s id="s181.1">-</s>
<s id="s182.1">Mejne vrednosti, neodvisne od vrste, so ≤ 0, 5 µg/ ml za dovzetne in &gt; 1 µg/ ml za rezistentne organizme.</s>
<s id="s183.1">Prevalenca pridobljene rezistence se lahko pri določenih organizmih razlikuje glede na kraj in čas, lokalni podatki o rezistenci pa so zaželeni, zlasti pri zdravljenju hudih okužb.</s>
<s id="s183.2">Po potrebi je treba poiskati nasvet strokovnjaka, kadar je lokalna prevalenca rezistence taka, da je uporaba zdravila vsaj pri nekaterih vrstah okužb vprašljiva.</s>
<s id="s184.1">Običajno dovzetne vrste Gramnegativne aerobne vrste Citrobacter spp.</s>
<s id="s184.2">Citrobacter freundii Enterobacter cloacae Haemophilus influenzae Moraxella spp.</s>
<s id="s184.3">Moraxella catarrhalis Morganella morganii Proteus spp.</s>
<s id="s184.4">Proteus mirabilis Proteus vulgaris Serratia liquefaciens Serratia marcescens Vrste, pri katerih je pridobljena rezistenca lahko težava Grampozitivni aerobi:</s>
<s id="s184.5">Staphylococcus, negativen na koagulazo Enterococcous faecalis MRSA * Staphylococcus aureus.</s>
<s id="s184.6">Staphylococcus aureus (dovzeten za meticilin) Streptococcus spp.</s>
<s id="s185.1">15 Streptoococus agalactiae Streptococcus pneumoniae S. pneumoniae PEN- R Streptococcus pyogenes Gramnegativni aerobi Acinetobacter spp.</s>
<s id="s185.2">Acinetobacter baumannii Enterobacter spp.</s>
<s id="s185.3">Enterobacter aerogenes Enterobacter spp. ki proizvaja Amp- C Escherichia coli Klebsiella pneumoniae Klebsiella oxytoca Pseudomonas aeruginosa Inherentno rezistentni organizmi Grampozitivni aerobi:</s>
<s id="s185.4">Enterococcus faecium Staphylococcus epidermidis Staphylococcus haemolyticus Gramnegativni aerobi Multirezistentna E. coli Providencia spp.</s>
<s id="s186.1">* Pri bakteriji Staphylococcus aureus, rezistentni na meticilin (MRSA) je rezistenca za ciprofloksacin zelo verjetna, zato se ciprofloksacin ne sme uporabljati za zdravljenje okužb, pri katerih MRSA domnevni ali znani povzročitelj, razen kadar je znano, da je organizem dovzeten.</s>
<s id="s187.1">Kratice:</s>
<s id="s187.2">ESBL: beta- laktamaze razširjenega spektra (Extended Spectrum Beta- lactamases).</s>
<s id="s187.3">MRSA:</s>
<s id="s187.4">Staphylococcus aureus, rezistenten na meticilin (Methicillin- resistant Staphylococcus aureus).</s>
<s id="s188.1">5. 2 Farmakokinetične lastnosti</s>
<s id="s189.1">Absorpcija:</s>
<s id="s189.2">Ciprofloksacin se po peroralni uporabi hitro in učinkovito absorbira.</s>
<s id="s189.3">Največja koncentracija v plazmi je dosežena v 0, 5- 2 urah po peroralnem odmerku 50- 1000 mg, spreminja pa se od 0, 3 do 5, 9 mg/ l.</s>
<s id="s189.4">Med odmerkom na eni strani in koncentracijo v plazmi ter vrednostjo AUC na drugi obstaja linearna korelacija.</s>
<s id="s189.5">Biološka uporabnost ciprofloksacina po peroralni uporabi je med 70 in 85%.</s>
<s id="s189.6">Biološka uporabnost je manjša ob sočasni uporabi antacidov, ki vsebujejo aluminijev in/ ali magnezijev hidroksid, ter kalcijevih ali železovih soli.</s>
<s id="s189.7">Ob ponavljajoči se uporabi (dvakrat na dan) ne prihaja do kopičenja.</s>
<s id="s189.8">Dvanajst ur po intravenskem dajanju odmerka 200 mg je koncentracija v plazmi še vedno večja od najmanjše zaviralne koncentracije večine klinično pomembnih povzročiteljev (približno 0, 1 µg/ ml).</s>
<s id="s190.1">Porazdelitev:</s>
<s id="s190.2">V pogojih ravnotežnega stanja je navidezni volumen porazdelitve ciprofloksacina med 1, 7 in 2, 7 l/ kg.</s>
<s id="s190.3">Ta sorazmerno velik volumen porazdelitev kaže na učinkovito penetracijo v tkiva in tekočine.</s>
<s id="s190.4">To velja za žolč, ledvica, žolčnik in jetrno tkivo.</s>
<s id="s190.5">Koncentracije v pljučnem tkivu, tkivu rodil in tkivu ter tekočini prostate so prav tako večje kot v serumu.</s>
<s id="s190.6">Koncentracija ciprofloksacina v tekočini mehurjev, limfi, izcedku iz nosu, peritonealni tekočini, slini in maščobnem tkivu je približno za polovico manjša kot v serumu.</s>
<s id="s190.7">Koncentracija ciprofloksacina v sputumu je 50- 70% koncentracije v serumu.</s>
<s id="s190.8">Preizkusi na živalih so pokazali, da ciprofloksacin prehaja v placento in se izloča v materinem mleku.</s>
<s id="s190.9">Vezava na beljakovine v plazmi je med 16 in 28% ter ni odvisna od koncentracije in vrednosti pH (določena z ultrafiltracijo).</s>
<s id="s191.1">16 Biološka transformacija:</s>
<s id="s191.2">Ciprofloksacin se večinoma izloča nespremenjen.</s>
<s id="s191.3">Del učinkovine se pretvori v desetilen -, sulfo -, okso - in formilciprofloksacin.</s>
<s id="s191.4">Vsi presnovki so aktivni, vendar manj kot ciprofloksacin.</s>
<s id="s192.1">Izločanje:</s>
<s id="s192.2">Po peroralni uporabi se približno 70% ciprofloksacina izloči nespremenjenega, po intravenski pa približno 77%.</s>
<s id="s192.3">Po peroralni uporabi se 45% izloči nespremenjenega v urinu, 25% pa v blatu.</s>
<s id="s192.4">Po intravenski uporabi se 62% izloči nespremenjenega v urinu, 15% pa v blatu.</s>
<s id="s192.5">Po peroralni uporabi se 19%, po intravenski pa 12% ciprofloksacina izloči v urinu in blatu v obliki presnovkov.</s>
<s id="s192.6">Večje število presnovkov po peroralni uporabi kaže na določeno stopnjo presnove prvega prehoda skozi jetra, pri čem nastaja predvsem sulfociprofloksacin.</s>
<s id="s192.7">Skupni očistek ciprofloksacina je odvisen od odmerka in pri večkratni uporabi ostaja nespremenjen.</s>
<s id="s192.8">Ledvični očistek tvori 60– 70% skupnega očistka in je približno 3- krat večji od kreatininskega očistka.</s>
<s id="s192.9">Ledvični očistek poteka z glomerularno filtracijo in aktivno tubulno sekrecijo.</s>
<s id="s192.10">Razpolovni čas izločanja ciprofloksacina po enkratnem ali večkratnem peroralnem odmerku je med 3, 4 in 6, 9 ur.</s>
<s id="s192.11">Po enkratnih in večkratnih intravenskih odmerkih je razpolovni čas med 3 in 4, 6 ur.</s>
<s id="s193.1">Lastnosti pri bolnikih:</s>
<s id="s193.2">Pri bolnikih s hudo okvaro delovanja ledvic (kreatininski očistek &lt; 30 ml/ min) je lahko razpolovni čas izločanja podaljšan za faktor 2.</s>
<s id="s194.1">Razpolovni čas izločanja ciprofloksacina se s starostjo ne spreminja.</s>
<s id="s195.1">Pri otrocih s cistično fibrozo se farmakokinetika ciprofloksacina razlikuje od farmakokinetike pri otrocih brez cistične fibroze, režim odmerjanja pa velja samo za otroke s cistično fibrozo.</s>
<s id="s195.2">Pri otrocih s cistično fibrozo je izpostavljenost po peroralnem odmerjanju 20 mg/ kg dvakrat na dan primerljiva z izpostavljenostjo pri odraslih po peroralnem odmerku 750 mg dvakrat na dan.</s>
<s id="s196.1">5. 3 Predklinični podatki o varnosti</s>
<s id="s197.1">Ciprofloksacin lahko, tako kot drugi zaviralci giraze, pri neodraslih živalih povzroči poškodbe sklepov v fazi rasti.</s>
<s id="s197.2">Ciprofloksacin je potencialno nevrotoksičen, pri večjih odmerkih pa povzroča reverzibilne okvare testisov.</s>
<s id="s197.3">Mutagenosti ciprofloksacina v študijah mutagenosti niso pokazali.</s>
<s id="s197.4">Vendar je tako kot veliko drugih kinolonov fototoksičen pri živalih pri izpostavljenosti, ki je primerljiva z izpostavljenostjo pri človeku.</s>
<s id="s197.5">Fototoksični, fotomutageni in fotokarcinogeni potencial ciprofloksacina je primerljiv z drugimi zaviralci giraze.</s>
<s id="s197.6">Druge predklinične učinke so opazili samo pri izpostavljenosti, ki je bila bistveno večja od največje izpostavljenosti pri človeku, zato je skrb za varnost človeka zanemarljiva.</s>
<s id="s198.1">6.</s>
<s id="s198.2">FARMACEVTSKI PODATKI</s>
<s id="s199.1">6. 1 Seznam pomožnih snovi</s>
<s id="s200.1">Mlečna kislina (E 270) Natrijev klorid Klorovodikova kislina (E 507) za uravnavanje pH Voda za injekcije</s>
<s id="s201.1">6. 2 Inkompatibilnosti</s>
<s id="s202.1">Zdravilo Ciprofloxacin Hikma se ne sme mešati z raztopinami, ki niso stabilne pri vrednosti pH približno 4.</s>
<s id="s202.2">Zdravila ne smemo mešati z drugimi zdravili, razen s tistimi, ki so omenjena v poglavju 6. 6.</s>
<s id="s203.1">6. 3 Rok uporabnosti</s>
<s id="s204.1">17 3 leta.</s>
<s id="s205.1">6. 4 Posebna navodila za shranjevanje</s>
<s id="s206.1">Ne shranjujte v hladilniku ali zamrzujte.</s>
<s id="s206.2">Vialo do uporabe shranjujte v zunanji ovojnini za zagotovitev zaščite pred svetlobo.</s>
<s id="s207.1">6. 5 Vrsta ovojnine in vsebina</s>
<s id="s208.1">Prozorna viala iz stekla vrste I z gumijastim zamaškom iz klorobutila in z aluminijastim pokrovom &quot;flip- off&quot;.</s>
<s id="s208.2">Velikosti pakiranj:</s>
<s id="s208.3">1, 5, 10 ali 20 vial.</s>
<s id="s209.1">6. 6 Posebni varnostni ukrepi za odstranjevanje</s>
<s id="s210.1">Uporabite samo bistro raztopino in nepoškodovano ovojnino.</s>
<s id="s210.2">Samo za enkratno uporabo.</s>
<s id="s210.3">Neuporabljeno raztopino in viale zavrzite v skladu z lokalnimi predpisi.</s>
<s id="s210.4">Uporabite takoj po odprtju viale.</s>
<s id="s211.1">Zdravilo Ciprofloxacin Hikma je združljivo s fiziološko raztopino natrijevega klorida, Ringerjevo raztopino, raztopino Ringerjevega laktata, 5- odstotno (50 mg/ ml) ali 10- odstotno (100 mg/ ml) raztopino glukoze in 5- odstotno (50 mg/ ml) raztopino glukoze z 0, 225- odstotno (2, 25 mg/ ml) ali 0, 45- odstotno (4, 5 mg/ ml) raztopino natrijevega klorida in 10- odstotno raztopino fruktoze.</s>
<s id="s211.2">Združljivost s temi raztopinami so dokazali pri koncentraciji ciprofloksacina 1 mg/ ml.</s>
<s id="s211.3">Dokazano je, da je raztopina kemijsko in fizikalno stabilna takoj po redčenju, 24 ur, če se hrani pri temperaturi 2– 8 °C, in 24 ur, če se hrani pri sobni temperaturi.</s>
<s id="s211.4">Če združljivost ni dokazana, je treba raztopino za infundiranje vedno dajati ločeno.</s>
<s id="s211.5">Rekonstituirano raztopino je treba pred uporabo vizualno pregledati ter preveriti, ali so v njej delci in ali je spremenila barvo.</s>
<s id="s211.6">Rekonstituirana raztopina je bistra.</s>
<s id="s212.1">7.</s>
<s id="s212.2">IMETNIK DOVOLJENJA ZA PROMET</s>
<s id="s213.1">Hikma Farmaceutica (Portugal), Lda.</s>
<s id="s213.2">Estrada do Rio da Mó n. o 8, 8A e 8B – Fervença 2705- 906 Terrugem SNT Portugalska Tel.: +351 219 608 410 Faks: +351 219 615 102 e- pošta: geral@ hikma. pt</s>
<s id="s214.1">8.</s>
<s id="s214.2">ŠTEVILKA DOVOLJENJA ZA PROMET</s>
<s id="s215.1">9.</s>
<s id="s215.2">DATUM PRIDOBITVE/ PODALJŠANJA DOVOLJENJA ZA PROMET</s>
<s id="s216.1">10.</s>
<s id="s216.2">DATUM ZADNJE REVIZIJE BESEDILA</s>
<s id="s217.1">18 OZNAČEVANJE</s>
<s id="s218.1">19 PODATKI NA ZUNANJI OVOJNINI</s>
<s id="s219.1">Kartonska škatla</s>
<s id="s220.1">1.</s>
<s id="s220.2">IME ZDRAVILA</s>
<s id="s221.1">Ciprofloxacin Hikma 200 mg/ 100 ml, raztopina za infundiranje [[Izpolni država članica.] ciprofloksacin</s>
<s id="s222.1">2.</s>
<s id="s222.2">NAVEDBA ENE ALI VEČ ZDRAVILNIH UČINKOVIN</s>
<s id="s223.1">1 ml raztopine za infundiranje vsebuje: ciprofloksacinlaktat, ki ustreza 2 mg ciprofloksacina.</s>
<s id="s223.2">Vsaka 100- mililitrska viala vsebuje 200 mg ciprofloksacina.</s>
<s id="s224.1">3.</s>
<s id="s224.2">SEZNAM POMOŽNIH SNOVI</s>
<s id="s225.1">Mlečna kislina (E 270), natrijev klorid, klorovodikova kislina (E 507) in voda za injekcije.</s>
<s id="s226.1">4.</s>
<s id="s226.2">FARMACEVTSKA OBLIKA IN VSEBINA</s>
<s id="s227.1">Raztopina za infundiranje</s>
<s id="s228.1">5.</s>
<s id="s228.2">POSTOPEK IN POT( I) UPORABE ZDRAVILA</s>
<s id="s229.1">Za intravensko uporabo.</s>
<s id="s230.1">Pred uporabo preberite priloženo navodilo.</s>
<s id="s231.1">6.</s>
<s id="s231.2">POSEBNO OPOZORILO O SHRANJEVANJU ZDRAVILA ZUNAJ DOSEGA IN POGLEDA OTROK</s>
<s id="s232.1">Zdravilo shranjujte nedosegljivo otrokom!</s>
<s id="s233.1">7.</s>
<s id="s233.2">DRUGA POSEBNA OPOZORILA, ČE SO POTREBNA</s>
<s id="s234.1">Glejte priloženo navodilo za uporabo.</s>
<s id="s235.1">8.</s>
<s id="s235.2">DATUM IZTEKA ROKA UPORABNOSTI ZDRAVILA</s>
<s id="s236.1">EXP {MM/ LLLL}</s>
<s id="s237.1">9.</s>
<s id="s237.2">POSEBNA NAVODILA ZA SHRANJEVANJE</s>
<s id="s238.1">Vialo do uporabe shranjujte v zunanji ovojnini za zagotovitev zaščite pred svetlobo.</s>
<s id="s238.2">Ne shranjujte v hladilniku ali zamrzujte.</s>
<s id="s239.1">20 10.</s>
<s id="s239.2">POSEBNI VARNOSTNI UKREPI ZA ODSTRANJEVANJE NEUPORABLJENIH ZDRAVIL ALI IZ NJIH NASTALIH ODPADNIH SNOVI, KADAR SO POTREBNI</s>
<s id="s240.1">Neuporabljeno raztopino in viale zavrzite v skladu z lokalnimi predpisi.</s>
<s id="s241.1">11.</s>
<s id="s241.2">IME IN NASLOV IMETNIKA DOVOLJENJA ZA PROMET Z ZDRAVILOM</s>
<s id="s242.1">Hikma Farmaceutica (Portugal), Lda.</s>
<s id="s242.2">Estrada do Rio da Mó, 8, 8A e 8B - Fervença 2705- 906 Terrugem SNT Portugalska Tel.: +351 219 608 410 Faks: +351 219 615 102 geral@ hikma. pt</s>
<s id="s243.1">12.</s>
<s id="s243.2">ŠTEVILKA( E) DOVOLJENJA (DOVOLJENJ) ZA PROMET</s>
<s id="s244.1">13.</s>
<s id="s244.2">ŠTEVILKA SERIJE</s>
<s id="s245.1">Serija {xxxxxx}</s>
<s id="s246.1">14.</s>
<s id="s246.2">NAČIN IZDAJANJA ZDRAVILA</s>
<s id="s247.1">Izdaja zdravila je le na recept.</s>
<s id="s248.1">15.</s>
<s id="s248.2">NAVODILA ZA UPORABO</s>
<s id="s249.1">16.</s>
<s id="s249.2">PODATKI V BRAILLOVI PISAVI</s>
<s id="s250.1">Navedba smiselno ni potrebna.</s>
<s id="s251.1">21 PODATKI, KI MORAJO BITI NAJMANJ NAVEDENI NA MANJŠIH STIČNIH OVOJNINAH</s>
<s id="s252.1">Oznaka</s>
<s id="s253.1">1.</s>
<s id="s253.2">IME ZDRAVILA IN POT( I) UPORABE</s>
<s id="s254.1">Ciprofloxacin Hikma 200 mg/ 100 ml, raztopina za infundiranje [[Izpolni država članica.] ciprofloksacin Intravenska uporaba.</s>
<s id="s255.1">2.</s>
<s id="s255.2">POSTOPEK UPORABE</s>
<s id="s256.1">Pred uporabo preberite priloženo navodilo.</s>
<s id="s257.1">3.</s>
<s id="s257.2">DATUM IZTEKA ROKA UPORABNOSTI ZDRAVILA</s>
<s id="s258.1">EXP {MM/ LLLL}</s>
<s id="s259.1">4.</s>
<s id="s259.2">ŠTEVILKA SERIJE</s>
<s id="s260.1">Serija {xxxxxx}</s>
<s id="s261.1">5.</s>
<s id="s261.2">VSEBINA, IZRAŽENA Z MASO, PROSTORNINO ALI ŠTEVILOM ENOT</s>
<s id="s262.1">Pakiranje z 200 mg/ 100 ml:</s>
<s id="s262.2">100 ml</s>
<s id="s263.1">6.</s>
<s id="s263.2">DRUGI PODATKI</s>
<s id="s264.1">22 NAVODILO ZA UPORABO</s>
<s id="s265.1">23 NAVODILO ZA UPORABO</s>
<s id="s266.1">Ciprofloxacin Hikma 200 mg/ 100 ml, raztopina za infundiranje [Izpolni država članica.]</s>
<s id="s267.1">Pred uporabo natančno preberite navodilo!</s>
<s id="s268.1">- Navodilo shranite.</s>
<s id="s268.2">Morda ga boste želeli ponovno prebrati.</s>
<s id="s269.1">- Če imate dodatna vprašanja, se posvetujte z zdravnikom ali s farmacevtom.</s>
<s id="s270.1">- Zdravilo je bilo predpisano vam osebno in ga ne smete dajati drugim.</s>
<s id="s270.2">Njim bi lahko celo</s>
<s id="s271.1">škodovalo, čeprav imajo znake bolezni, podobne vašim.</s>
<s id="s272.1">- Če kateri koli neželeni učinek postane resen ali če opazite kateri koli neželeni učinek, ki ni</s>
<s id="s273.1">omenjen v tem navodilu, obvestite svojega zdravnika ali farmacevta.</s>
<s id="s274.1">Navodilo vsebuje:</s>
<s id="s274.2">1.</s>
<s id="s274.3">Kaj je zdravilo Ciprofloxacin Hikma in za kaj ga uporabljamo 2.</s>
<s id="s274.4">Kaj morate vedeti, preden boste uporabili zdravilo Ciprofloxacin Hikma 3.</s>
<s id="s274.5">Kako uporabljati zdravilo Ciprofloxacin Hikma 4.</s>
<s id="s274.6">Možni neželeni učinki 5.</s>
<s id="s274.7">Shranjevanje zdravila Ciprofloxacin Hikma 6.</s>
<s id="s274.8">Dodatne informacije</s>
<s id="s275.1">1.</s>
<s id="s275.2">KAJ JE ZDRAVILO CIPROFLOXACIN HIKMA IN ZA KAJ GA UPORABLJAMO</s>
<s id="s276.1">Zdravilo Ciprofloxacin Hikma je antibiotik.</s>
<s id="s277.1">Zdravilo Ciprofloxacin Hikma se uporablja za zdravljenje resnih in/ ali smrtno nevarnih okužb, ki jih povzročajo patogeni mikroorganizmi, dovzetni za ciprofloksacin.</s>
<s id="s277.2">Z zdravilom Ciprofloxacin Hikma se lahko intravensko (po krvi) zdravijo naslednje okužbe: • zapletene okužbe sečil; • nekatere okužbe spodnjih dihal, vključno s pljučnico; • zapletene okužbe kože in mehkih tkiv; • okužbe kosti.</s>
<s id="s278.1">Otroci in mladostniki Zdravilo Ciprofloxacin Hikma se lahko uporablja tudi za zdravljenje akutnih okužb spodnjih dihal, ki jih povzroča bakterija Pseudomonas aeruginosa pri otrocih in mladostnikih, starih od 5 do 17 let, s cistično fibrozo (imenovano tudi mukoviscidoza), dedno boleznijo določenih žlez.</s>
<s id="s278.2">Vpliva na pljuča, znojnice in prebavila, povzroča pa težave z dihanjem in prebavo.</s>
<s id="s279.1">2.</s>
<s id="s279.2">KAJ MORATE VEDETI, PREDEN BOSTE UPORABILI ZDRAVILO CIPROFLOXACIN HIKMA</s>
<s id="s280.1">NE uporabljate zdravila Ciprofloxacin Hikma: • če imate znano alergijsko reakcijo na (če ste preobčutljivi za) ciprofloksacin ali katero koli sestavino zdravila Ciprofloxacin Hikma ali druga kinolonska zdravila; • pri otrocih, mlajših od 5 let; • pri otrocih in odraščajočih mladostnikih, razen za zdravljenje akutnih okužb; spodnjih dihal, ki jih povzroča bakterija Pseudomonas aeruginosa pri otrocih in mladostnikih, starih od 5 do 17 let, s cistično fibrozo; • če imate okvaro kit, povezano z uporabo fluorokinolona v preteklosti; • če ste noseči ali želite zanositi; • če dojite;</s>
<s id="s281.1">24 • če zdravilo Ciprofloxacin Hikma in tizanidin (uporablja se za zdravljenje mišičnih krčev) uporabljate sočasno.</s>
<s id="s282.1">Bodite posebno pozorni pri uporabi zdravila Ciprofloxacin Hikma Posvetujte se z zdravnikom, če katero koli spodaj navedeno varnostno opozorilo velja za vas ali je v preteklosti veljalo za vas:</s>
<s id="s283.1">Pred začetkom zdravljenja – če imate ali ste imeli katero izmed naslednjih bolezni: • konvulzije (epileptične napade), epilepsijo ali drugo bolezen možganov, na primer zmanjšan pretok krvi v možganih, možgansko kap ali povečano občutljivost za epileptične napade, ker možni neželeni učinki ciprofloksacina lahko povzročijo poškodbe možganov; • smrtno nevarno povečanje srčnega utripa (aritmija &quot;torsade de pointes&quot;).</s>
<s id="s283.2">Če imate to bolezen, se morate posvetovati z zdravnikom; • miastenija gravis (posebna vrsta mišične šibkosti).</s>
<s id="s283.3">Ciprofloksacin lahko poslabša simptome te bolezni.</s>
<s id="s283.4">Če se pojavijo simptomi, ki kažejo na poslabšanje miastenije gravis, se morate posvetovati z zdravnikom; • jetrna okvara v preteklosti.</s>
<s id="s283.5">Z zdravnikom se morate posvetovati takoj, ko se pojavijo simptomi, kot je porumenelost kože ali beločnic; • huda ledvična okvara.</s>
<s id="s283.6">Zdravnik bo pozorno pregledal vaše ledvice; • okvara glukoza- 6- fosfat- dehidrogenaze (dedna bolezen eritrocitov, katere vzrok je okvara encima).</s>
<s id="s283.7">Če imate to bolezen ali če jo je imel kdo v vaši družini, se morate posvetovati z zdravnikom.</s>
<s id="s283.8">Lahko pride do obsežnega uničenja eritrocitov (hemolitične reakcije), ki povzroči anemijo.</s>
<s id="s283.9">Znaki anemije so občutek šibkosti in, v hujših primerih, zasoplost in bleda koža.</s>
<s id="s284.1">Med zdravljenjem in po njem – če se pojavi kateri koli od naslednjih znakov: • občutek depresije ali zmedenosti po uporabi zdravila Ciprofloxacin Hikma.</s>
<s id="s284.2">V tem primeru se morate takoj posvetovati z zdravnikom; • začasna bolečina v kitah in vnetje kit, zlasti ahilove kite.</s>
<s id="s284.3">To zdravilo lahko povzroči neželene učinke, zlasti če ste starejši ali če jemljete zdravila iz tako imenovane skupin steroidov, na primer hidrokortizon; • če imate te simptome, se morate takoj posvetovati z zdravnikom, prizadete noge pa ne smete obremenjevati; • huda in neprekinjena driska med zdravljenjem, po možnosti s krvjo in sluzjo.</s>
<s id="s284.4">V tem primeru se morate takoj posvetovati z zdravnikom, ker morda imate hudo vnetje debelega črevesa (psevdomembranski kolitis).</s>
<s id="s284.5">Ta bolezen je smrtno nevarna; • povečana občutljivost kože za sončno svetlobo ali UV- svetlobo.</s>
<s id="s284.6">Morate se izogibati dolgem izpostavljanju soncu, solariju ali drugim virom UV- sevanja; • če se sončni svetlobi ali UV- svetlobi ne morete izogniti, morate uporabiti kremo za zaščito proti soncu; • če se kljub temu pojavijo težave, kot so zvišana telesna temperatura, izpuščaj, srbenje ali majhne rdeče pike na koži, se morate takoj posvetovati z zdravnikom, ker bo morda treba prekiniti zdravljenje; • alergijske reakcije po prvem odmerku zdravila.</s>
<s id="s284.7">V tem primeru se morate takoj posvetovati z zdravnikom.</s>
<s id="s284.8">Znaki teh reakcij so hitro zmanjšanje krvnega tlaka, bledica, nemir, šibek/ hiter srčni utrip, vlažna koža, omotica.</s>
<s id="s284.9">V zelo redkih primerih lahko te alergijske reakcije povzročijo smrtno nevaren šok; • lokalne reakcije po uporabi zdravila.</s>
<s id="s284.10">Te reakcije so pogostejše, kadar je čas infundiranja 30 minut ali manj.</s>
<s id="s284.11">Lahko v obliki lokalnih kožnih reakcij, kot je rdečica kože, draženje ali bolečina, ki ponavadi preneha kmalu po koncu infundiranja.</s>
<s id="s284.12">Če se te reakcije med infundiranjem pojavijo znova ali se poslabšajo, se zdravilo ne sme več infundirati; • kristalurija (prisotnost kristalov v urinu in neprijeten občutek med uriniranjem).</s>
<s id="s284.13">V tem primeru se posvetujte z zdravnikom, ker bo moral opraviti pregled urina.</s>
<s id="s284.14">Poleg tega morate piti dovolj tekočine (približno 1, 5– 2 litra na dan); • preizkus za Mycobacerium tuberculosis.</s>
<s id="s284.15">Obvestite zdravnika, če se zdravite z zdravilom Ciprofloxacin Hikma, ker je rezultat tega preizkusa lahko napačen.</s>
<s id="s285.1">25 Uporaba drugih zdravil Če zdravilo Ciprofloxacin Hikma jemljete skupaj z enim izmed naslednjih zdravil, morate biti posebno previdni: • teofilin (za zdravljenje astme), klozapin (za zdravljenje shizofrenije), takrin (za zdravljenje simptomov Alzheimerjeve bolezni), ropinirol (za zdravljenje Parkinsonove bolezni) in tizanidin (za zdravljenje mišičnih krčev).</s>
<s id="s285.2">Če katero koli od teh zdravil jemljete skupaj s ciprofloksacinom, vas bodo opazovali zaradi znakov prevelikega odmerjanja.</s>
<s id="s285.3">Zgoraj omenjene snovi presnavlja poseben encim (CYP1A2).</s>
<s id="s285.4">Ciprofloksacin ta encim zavira.</s>
<s id="s285.5">Zato se lahko količina teh zdravil v krvi poveča; • nekatera protivnetna zdravila (npr. ibuprofen, naproksen, vendar ne tudi acetilsalicilna kislina), če jemljete zelo velike odmerke ciprofloksacina.</s>
<s id="s285.6">To lahko povzroči epileptične napade; • ciklosporin (uporablja se za preprečevanje reakcij po presaditvi organa).</s>
<s id="s285.7">V tem primeru je treba delovanje ledvic spremljati redno (dvakrat na teden); • peroralni antikoagulansi (uporabljajo se za preprečevanje strjevanja krvi, npr. varfarin).</s>
<s id="s285.8">To lahko povzroči podaljšanje časa krvavitve.</s>
<s id="s285.9">Zato je treba čas krvavitve spremljati; • glibenklamid (uporablja se za zdravljenje sladkorne bolezni).</s>
<s id="s285.10">Lahko se okrepi učinek glibenklamida (prenizek sladkor v krvi); • probenecid (za zdravljenje protina).</s>
<s id="s285.11">Lahko se poveča raven ciprofloksacina v krvi; • fenitoin (za zdravljenje epilepsije).</s>
<s id="s285.12">Raven tega zdravila v krvi se lahko poveča ali zmanjša; • kofein (uporablja se kot poživilo), pentoksifilin (uporablja se za zdravljenje težav s krvnim obtokom v okončinah) in meksiletin (uporablja se za zdravljenje nerednega srčnega utripa).</s>
<s id="s285.13">Raven teh zdravil v krvi se lahko poveča; • metotreksat (uporablja se za zdravljenje raka ali zaviranje imunskega sistema).</s>
<s id="s285.14">Zdravnik vas bo opazoval zaradi znakov prevelikega odmerjanja metotreksata; • ciprofloksacin lahko zavre izločanje metotreksata skozi ledvica, zaradi česar se lahko raven metotreksata v krvi poveča; • premedikacije (zdravila, ki se uporabljajo pred anestezijo): priporočeno je, da se opiatna premedikacija (npr. papaveretum) ali opiatna premedikacija, ki se uporablja z antiholinergično premedikacijo (npr. atropin ali hioscin), ne uporablja sočasno s ciprofloksacinom, ker se ravni ciprofloksacina znižajo.</s>
<s id="s285.15">Pokazali so, da sočasna uporaba ciprofloksacina in benzodiazepinskih premedikantov ne vpliva na ravni ciprofloksacina v plazmi.</s>
<s id="s285.16">Vendar so pri sočasni uporabi ciprofloksacina in diazepama ter v zelo redkih primerih midazolama poročali o zmanjšanem očistku in podaljšanem razpolovnem času diazepama, zato se priporoča pozorno spremljanje zdravljenja z benzodiazepinom.</s>
<s id="s286.1">Če kateri koli od zgoraj omenjenih pogojev velja za vas, vam bo morda zdravnik predpisal drugo zdravilo ali pa vam bo prilagodil odmerek zdravila Ciprofloxacin Hikma ali drugega zdravila.</s>
<s id="s287.1">Nikoli ni priporočljivo jemati več zdravil hkrati, ne da bi se prej posvetovali z zdravnikom.</s>
<s id="s288.1">Obvestite svojega zdravnika ali farmacevta, če jemljete ali ste pred kratkim jemali katero koli zdravilo, tudi če ste ga dobili brez recepta.</s>
<s id="s289.1">Nosečnost in dojenje Zdravila Ciprofloxacin Hikma vam med nosečnostjo ne smejo dati.</s>
<s id="s289.2">Povejte zdravniku, če ste noseči ali želite zanositi.</s>
<s id="s289.3">Posvetujte se z zdravnikom ali farmacevtom, preden vzamete katero koli zdravilo.</s>
<s id="s290.1">Ciprofloksacin prehaja v materino mleko.</s>
<s id="s290.2">Med zdravljenjem s ciprofloksacinom ne smete dojiti, zaradi tveganja za deformacije hrustanca v sklepih dojenčka ali druge škodljive učinke.</s>
<s id="s290.3">Če dojite, se morate posvetovati z zdravnikom.</s>
<s id="s290.4">Posvetujte se z zdravnikom ali farmacevtom, preden vzamete katero koli zdravilo.</s>
<s id="s291.1">Vpliv na sposobnost upravljanja vozil in strojev Ciprofloksacin lahko zmanjša zbranost.</s>
<s id="s291.2">Če ste omotični ne vozite avtomobila ali upravljate strojev, pri katerih morate biti popolnoma zbrani.</s>
<s id="s292.1">26 Pomembne informacije o nekaterih sestavinah zdravila Ciprofloxacin Hikma Če ste na dieti z malo natrija, morate upoštevati, da 100 ml zdravila Ciprofloxacin Hikma vsebuje 15, 4 mmol (kar ustreza 354 mg) natrija.</s>
<s id="s293.1">3.</s>
<s id="s293.2">KAKO UPORABLJATI ZDRAVILO CIPROFLOXACIN HIKMA</s>
<s id="s294.1">Odmerjanje Odmerjanje zdravila Ciprofloxacin Hikma temelji na stopnji in vrsti okužbe, občutljivosti povzročitelja (povzročiteljev), vaši starosti, teži in delovanju ledvic.</s>
<s id="s294.2">Običajni odmerek pri odraslih je 200– 400 mg ciprofloksacina dvakrat na dan.</s>
<s id="s294.3">Pri zelo hudih okužbah je lahko odmerek poveča na največji dnevni odmerek 1200 mg (400 mg trikrat na dan).</s>
<s id="s295.1">Otroci in mladostniki Za zdravljenje akutnih pljučnih okužb, ki jih povzroča bakterija Pseudomonas aeruginosa pri otrocih in mladostnikih (5– 17 let) s cistično fibrozo, se dvakrat na dan daje 15 mg ciprofloksacina na kg telesne teže ali trikrat na dan 10 mg ciprofloksacina na kg telesne teže (največ 1200 mg na dan).</s>
<s id="s296.1">Prilagoditev odmerka Če ste starejši od 65 let, vam lahko zdravnik predpiše odmerek na podlagi delovanja ledvic in stopnje bolezni.</s>
<s id="s297.1">Če imate težave z ledvicami, morate obvestiti zdravnika.</s>
<s id="s297.2">Morda vam bo glede na zmanjšano delovanje ledvic prilagodil odmerek.</s>
<s id="s298.1">Način in pot uporabe Zdravilo Ciprofloxacin Hikma je treba dajati s kratkotrajnim intravenskim infundiranjem (infundiranjem v veno), ki traja 30 do 60 minut.</s>
<s id="s299.1">Trajanje zdravljenja Trajanje zdravljenja z zdravilom Ciprofloxacin Hikma je odvisno od stopnje okužbe, učinka zdravljenja in občutljivosti povzročitelja (povzročiteljev).</s>
<s id="s299.2">Zdravljenje je treba nadaljevati vsaj še tri dni po tem, ko izginejo simptomi.</s>
<s id="s299.3">Zdravljenje akutne okužbe pljuč pri otrocih in mladostnikih s cistično fibrozo traja 10– 14 dni.</s>
<s id="s300.1">4.</s>
<s id="s300.2">MOŽNI NEŽELENI UČINKI</s>
<s id="s301.1">Kot vsa zdravila ima lahko tudi zdravilo Ciprofloxacin Hikma neželene učinke, ki pa se ne pojavijo pri vseh bolnikih.</s>
<s id="s301.2">O neželenih učinkih so poročali pri 5– 14 odstotkih bolnikov, ki so prejemali ciprofloksacin.</s>
<s id="s301.3">Najpogostejši neželeni učinki prizadenejo želodec in črevo, živčevje, kožo in vezivna tkiva.</s>
<s id="s301.4">Za dodatne podrobnosti o nekaterih neželenih učinkih glejte poglavje 2, &quot;Bodite posebno pozorni pri uporabi zdravila Ciprofloxacin Hikma – med zdravljenjem ali po njem&quot;.</s>
<s id="s302.1">Pogostnost neželenih učinkov je razvrščena na naslednji način:</s>
<s id="s302.2">Zelo pogosti Pogosti Občasni Redki Zelo redki</s>
<s id="s303.1">pri več kot 1 od 10 bolnikov pri več kot 1 bolniku od 100, vendar manj kot 1 bolniku od 10 pri več kot 1 bolniku od 1000, vendar manj kot 1 bolniku od 100 pri več kot 1 bolniku od 10. 000, vendar manj kot 1 bolniku od 1. 000 pri manj kot 1 bolniku od 10. 000, vključno s posameznimi primeri</s>
<s id="s304.1">Pogosti:</s>
<s id="s305.1">- motnje okušanja (ponavadi prenehajo po prekinitvi zdravljenja), omotica, glavobol, težave s</s>
<s id="s306.1">spanjem (insomnija), nemir (agitacija), zmedenost;</s>
<s id="s307.1">27</s>
<s id="s308.1">- slabost, driska;</s>
<s id="s309.1">- izpuščaj.</s>
<s id="s310.1">Občasni:</s>
<s id="s311.1">- glivične okužbe (kandidoza);</s>
<s id="s312.1">- povečanje števila eozinofilcev (eozinofilija), zmanjšanje števila levkocitov (levkopenija), zaradi</s>
<s id="s313.1">katere se poveča verjetnost okužb;</s>
<s id="s314.1">- vnetje ven, povezano s krvnim strdkom (tromboflebitis); veno pogosto lahko čutite kot bolečo trdo</s>
<s id="s315.1">vrvico, prekrito z rdečo kožo;</s>
<s id="s316.1">- bruhanje, prebavne težave, vetrovi (flatulenca), izguba apetita, bolečine v trebuhu;</s>
<s id="s317.1">- srbenje (pruritus), pikčasti izpuščaj (makulopapulozni izpuščaj), koprivnica (urtikarija);</s>
<s id="s318.1">- bolečine v sklepih (artralgija);</s>
<s id="s319.1">- splošni občutek šibkosti, utrujenost (astenija), draženje ali bolečina na mestu injiciranja;</s>
<s id="s320.1">- zvišanje ravni kreatinina ali sečnine v krvi, nenormalni rezultati jetrnih preiskav, žolčni pigment v</s>
<s id="s321.1">krvi (bilirubinemija) in zvišana raven določenega encima (alkalne fosfataze) v krvi;</s>
<s id="s322.1">- pljučna embolija, oteženo dihanje (dispneja), pljučni edem, krvavitev iz nosu (epistaksa),</s>
<s id="s323.1">izkašljevanje krvi (hemoptiza) in kolcanje.</s>
<s id="s324.1">Redki:</s>
<s id="s325.1">- zmanjšanje števila eritrocitov (anemija), povečanje števila levkocitov (levkocitoza), spremembe</s>
<s id="s326.1">vrednosti protrombina (koagulacijskega faktorja), zmanjšanje števila trombocitov (trombocitopenija) s podplutbami in nagnjenostjo h krvavitvam, povečanje števila trombocitov (trombocitoza);</s>
<s id="s327.1">- otekanje okončin in obraza (periferni edem, edem obraza), nenadno otekanje obraza ali grla s</s>
<s id="s328.1">težavami pri dihanju in/ ali srbenjem in izpuščajem, pogosto kot alergijska reakcija (angionevrotični edem), alergijske reakcije, zvišana telesna temperatura zaradi uporabe zdravila, resna alergijska reakcija, ki povzroča težave pri dihanju ali omotico (anafilaktična reakcija);</s>
<s id="s329.1">- zvišan sladkor v krvi (hiperglikemija);</s>
<s id="s330.1">- tesnoba, nočne more, huda depresija, videnje stvari ali slišanje glasov, ki ne obstajajo</s>
<s id="s331.1">(halucinacije)</s>
<s id="s332.1">- zmanjšan čut okusa, spremenjeno čutenje (parestezija), tresenje (tremor), krči/ konvulzije</s>
<s id="s333.1">(epileptični napadi), hud glavobol (migrena);</s>
<s id="s334.1">- spremembe vida, kot je dvojni vid (diplopija) in videnje predmetov v določeni barvi</s>
<s id="s335.1">(kromatopsija);</s>
<s id="s336.1">- zvenenje v ušesu (tinitus), prehodna izguba sluha (zlasti visokih frekvenc);</s>
<s id="s337.1">- pospešen srčni utrip (tahikardija);</s>
<s id="s338.1">- omedlevica (sinkopa), širjenje krvnih žil (vazodilatacija);</s>
<s id="s339.1">- zasoplost (dispneja), otekanje grla (larinksa) s težavami pri dihanju (edem grla);</s>
<s id="s340.1">- huda in neprekinjena driska, s krvjo in sluzjo ali brez njiju, zaradi hudega vnetja debelega črevesa</s>
<s id="s341.1">(psevdomembranski kolitis), glivična okužba v ustih (oralna kandidoza);</s>
<s id="s342.1">- porumenelost kože in beločnic (ikterus), zlatenica zaradi bolezni, pri kateri žolč ne more normalno</s>
<s id="s343.1">teči iz jeter (holestatski ikterus), nekroza jetrnih celic;</s>
<s id="s344.1">- povečana občutljivost za svetlobo (fotosenzitivnost), multiformni eritem in nodozni eritem;</s>
<s id="s345.1">- bolečine v mišicah (mialgija), bolezni sklepov (otekanje sklepov);</s>
<s id="s346.1">- akutna ledvična odpoved, nenormalno delovanje ledvic, izcedek iz nožnice zaradi glivične okužbe</s>
<s id="s347.1">(vaginalna kandidoza), kri v urinu (hematurija), prisotnost kristalov v urinu z neprijetnim občutkom pri uriniranju (kristalurija), vnetje ledvic s krvjo v urinu, zvišano telesno temperaturo in stransko bolečino (intersticijski nefritis);</s>
<s id="s348.1">- potenje.</s>
<s id="s349.1">Zelo redki:</s>
<s id="s350.1">- zmanjšanje števila eritrocitov zaradi njihovega obsežnega uničenja (hemolitična anemija), hudo</s>
<s id="s351.1">zmanjšanje števila krvnih celic (pancitopenija), hudo zmanjšanje števila levkocitov, za katero so značilni nenadna zelo zvišana telesna temperatura, zelo boleče grlo in razjede v ustih (agranulocitoza);</s>
<s id="s352.1">- smrtno nevarna bolezen, za katero so značilni nenadno znižanje krvnega tlaka, bledica, nemir,</s>
<s id="s353.1">šibek/ pospešen srčni utrip, vlažna koža, omotica zaradi hude alergijske reakcije na zdravilo</s>
<s id="s354.1">28 (anafilaktični šok), srbeči izpuščaj, zvišana telesna temperatura, otekanje sklepov, bolečine v mišicah, izpuščaj (simptomi, podobni tistim, ki se pojavijo pri bolezni, imenovani serumska bolezen);</s>
<s id="s355.1">- moten nadzor nad lastnim vedenjem in delovanjem (psihotične reakcije, ki lahko napredujejo do</s>
<s id="s356.1">samomorilskega vedenja);</s>
<s id="s357.1">- motnje voha (parozmija), izguba voha (anozmija, voh se po navadi povrne po končanem</s>
<s id="s358.1">zdravljenju), epileptični napadi (generalizirani), nenormalna (nestabilna) hoja, zvišan tlak v glavi (intrakranialna hipertenzija), pomanjkanje koordinacije (ataksija), povečana občutljivost za dražljaje (hiperestezija), otrdelost (hipertonija);</s>
<s id="s359.1">- nereden srčni utrip (ventrikularna aritmija), nenormalni elektrokardiogram, smrtno nevaren</s>
<s id="s360.1">pospešen utrip (aritmija &quot;torsade de pointes&quot;).</s>
<s id="s360.2">Ti neželeni učinki se pojavljajo večinoma pri bolnikih s tveganjem za nekatere bolezni srca;</s>
<s id="s361.1">- vnetje krvnih žil (vaskulitis), za katerega so značilni naslednji znaki: majhne pike, ki jih</s>
<s id="s362.1">povzročajo krvavitve v koži (petehije), krvavi mehurji (hemoragične bule), kožne bunčice (papule), tvorba eshar (mrtvega tkiva, ki odpada (se lušči) z zdrave kože);</s>
<s id="s363.1">- glivične okužbe prebavil (gastrointestinalna kandidoza), vnetje trebušne slinavke (pankreatitis);</s>
<s id="s364.1">- vnetje jeter (hepatitis), razkroj jetrnega tkiva (nekroza jetrnih celic, zelo redko lahko povzroči</s>
<s id="s365.1">smrtno nevarno jetrno odpoved);</s>
<s id="s366.1">- izpuščaj z rdečimi (vlažnimi) nepravilnimi pikami (multiformni (eksudativni) eritem), boleče</s>
<s id="s367.1">modrikasto- rdeče izbokline na koži (nodozni eritem), huda bolezen z (zelo) zvišano telesno temperaturo, rdečimi pikami na koži, bolečino v sklepih in/ ali okužbo oči (Stevens- Johnsonov sindrom), huda bolezen z zvišano telesno temperaturo in mehurji na koži/ luščenjem kože (Lyellov sindrom), majhne vijoličasto- rdeče pike (petehija);</s>
<s id="s368.1">- vnetje kit (tendinitis, zlasti ahilove kite), delno ali celotno pretrganje kit (zlasti ahilove kite),</s>
<s id="s369.1">poslabšanje simptomov miastenije gravis (posebne vrste mišične šibkosti), bolečine v mišicah, vnetje ovojnic kit (tendosinovitis);</s>
<s id="s370.1">- zvišana raven amilaze (encima, ki razgrajuje škrob) in lipaze (encima, ki razgrajuje maščobe) v</s>
<s id="s371.1">krvi;</s>
<s id="s372.1">- šibkost (astenija), prehodno poslabšanje delovanja ledvic do prehodne ledvične odpovedi,</s>
<s id="s373.1">preobčutljivost za svetlobo.</s>
<s id="s374.1">Če kateri koli neželeni učinek postane resen ali če opazite kateri koli neželeni učinek, ki ni omenjen v tem navodilu, obvestite svojega zdravnika ali farmacevta.</s>
<s id="s375.1">5.</s>
<s id="s375.2">SHRANJEVANJE ZDRAVILA CIPROFLOXACIN HIKMA</s>
<s id="s376.1">Zdravilo shranjujte nedosegljivo otrokom!</s>
<s id="s377.1">Zdravila Ciprofloxacin Hikma ne smete uporabljati po datumu izteka roka uporabnosti, ki je naveden na ovojnini poleg oznake Uporabno do.</s>
<s id="s377.2">Datum izteka roka uporabnosti se nanaša na zadnji dan navedenega meseca.</s>
<s id="s378.1">• Ne shranjujte v hladilniku ali zamrzujte. • Vialo do uporabe shranjujte v zunanji ovojnini za zagotovitev zaščite pred svetlobo.</s>
<s id="s379.1">6.</s>
<s id="s379.2">DODATNE INFORMACIJE</s>
<s id="s380.1">Kaj vsebuje zdravilo Ciprofloxacin Hikma Zdravilna učinkovina je ciprofloksacinlaktat.</s>
<s id="s380.2">Vsaka 100- mililitrska viala vsebuje 200 mg ciprofloksacina.</s>
<s id="s380.3">Pomožne snovi so mlečna kislina (E 270), natrijev klorid, klorovodikova kislina (E 507) za uravnavanje pH in voda za injekcije.</s>
<s id="s381.1">Izgled zdravila Ciprofloxacin Hikma in vsebina pakiranja</s>
<s id="s382.1">29 Zdravilo Ciprofloxacin Hikma je sterilna, bistra in brezbarvna do rahlo rumena raztopina za infundiranje.</s>
<s id="s382.2">Pakirano je v vialo iz prozornega, brezbarvnega stekla vrste I, ki vsebuje 100 ml raztopine.</s>
<s id="s383.1">Imetnik dovoljenja za promet z zdravilom in izdelovalec</s>
<s id="s384.1">Hikma Farmaceutica (Portugal), Lda.</s>
<s id="s384.2">Estrada do Rio da Mó n. o 8, 8A e 8B – Fervença 2705- 906 Terrugem SNT Portugalska Tel.: +351 219 608 410 Faks: +351 219 615 102 geral@ hikma. pt</s>
<s id="s385.1">Za vse morebitne nadaljnje informacije o tem zdravilu se lahko obrnete na imetnika dovoljenja za promet z zdravilom.</s>
<s id="s386.1">Zdravilo je pridobilo dovoljenje za promet v državah članicah EGP pod naslednjimi imeni:</s>
<s id="s386.2">Avstrija – Ciprofloxacin Hikma 200 mg/ 100 ml Infusionslösung Nemčija – Ciprofloxacin Hikma 200 mg/ 100 ml Lösung zur Intravenösen Anwendung Irska – Ciprofloxacin Hikma 200 mg/ 100 ml Solution for Infusion Italija – Ciprofloxacin Hikma 200 mg/ 100 ml Soluzione per Infusione Endovenosa Velika Britanija – Ciprofloxacin Hikma 200 mg/ 100 ml Solution for Infusion Nizozemska – Ciprofloxacine Hikma 200 mg/ 100 ml Oplossing voor Intraveneuze Infusie</s>
<s id="s387.1">Navodilo je bilo odobreno {MM/ LLLL}.</s>
<s id="s388.1">Naslednje informacije so namenjene samo zdravstvenemu osebju:</s>
<s id="s389.1">Uporabite samo bistro raztopino in nepoškodovano ovojnino.</s>
<s id="s389.2">Uporabite takoj po odprtju viale.</s>
<s id="s389.3">Samo za enkratno uporabo.</s>
<s id="s389.4">Neuporabljeno raztopino in viale zavrzite v skladu z lokalnimi predpisi.</s>
<s id="s390.1">Zdravilo Ciprofloxacin Hikma je združljivo z izotonično raztopino natrijevega klorida, Ringerjevo raztopino, raztopino Ringerjevega laktata, 5- odstotno (50 mg/ ml) ali 10- odstotno (100 mg/ ml) raztopino glukoze in 5- odstotno (50 mg/ ml) raztopino glukoze z 0, 225- odstotno (2. 25 mg/ ml) ali 0, 45 - odstotno (4, 5 mg/ ml) raztopino natrijevega klorida in 10- odstotno raztopino fruktoze.</s>
<s id="s390.2">Združljivost s temi raztopinami so dokazali pri koncentraciji ciprofloksacina 1 mg/ ml.</s>
<s id="s390.3">Dokazano je, da je raztopina kemijsko in fizikalno stabilna takoj po redčenju, 24 ur, če se hrani pri temperaturi 2– 8 °C, in 24 ur, če se hrani pri sobni temperaturi.</s>
<s id="s390.4">Če združljivost ni dokazana, je treba raztopino za infundiranje vedno dajati ločeno.</s>
<s id="s390.5">Razredčeno raztopino je treba pred uporabo vizualno pregledati in preveriti, ali so v njej delci in ali je spremenila barvo.</s>
<s id="s390.6">Razredčena raztopina mora biti bistra.</s>
<s id="s391.1">30</s>
</body>
</letsmt>
