<?xml version="1.0" encoding="utf-8"?>
<letsmt version="1.0">
<head></head>
<body>
<s id="s1.1">European Medicines Agency Evaluation of Medicines for Human Use</s>
<s id="s2.1">London, 11. julij 2007 EMEA/ CHMP/ 75066/ 2007</s>
<s id="s3.1">ODBOR ZA ZDRAVILA ZA UPORABO V HUMANI MEDICINI (CHMP)</s>
<s id="s4.1">MNENJE V ZVEZI Z NAPOTITVIJO V SKLADU S ČLENOM 29( 4) 1 ZA zdravilo Ciprofloxacin Hikma in z njim povezana imena Mednarodno nelastniško ime (INN): ciprofloksacin</s>
<s id="s5.1">OSNOVNE INFORMACIJE</s>
<s id="s6.1">Zdravilo Ciprofloxacin Hikma in z njim povezana imena, 2 mg/ ml raztopina za infundiranje, je antibiotik, ki sodi v družino kinolonov in je in vitro učinkovit proti številnim po Gramu negativnim aerobnim bakterijam kakor tudi proti nekaterim po Gramu pozitivnim organizmom.</s>
<s id="s7.1">Podjetje Hikma Farmaceutica Lda. je predložilo vloge za medsebojno priznavanje dovoljenja za zdravilo Ciprofloxacin Hikma in z njim povezana imena, 2 mg/ ml raztopino za infundiranje, na podlagi dovoljenja za promet, podeljenega na Nizozemskem 12. aprila 2005.</s>
<s id="s7.2">Postopek medsebojnega priznavanja se je pričel 28. januarja 2006.</s>
<s id="s7.3">Referenčna država članica je bila Nizozemska, zadevne države članice pa Avstrija, Nemčija, Irska, Italija in Združeno kraljestvo.</s>
<s id="s7.4">Te države članice niso uspele doseči soglasja v zvezi z medsebojnim priznavanjem dovoljenja za promet z zdravilom, ki ga je podelila referenčna država članica.</s>
<s id="s7.5">Nizozemska je agenciji EMEA posredovala razloge za nesoglasje dne 7. julija 2006.</s>
<s id="s7.6">Ugotovljene so bile pomembne razlike v zvezi z odmerkom za okužbe sečil in največjim dnevnim odmerkom za odrasle.</s>
<s id="s7.7">Poleg tega je bilo ocenjeno, da bi moral predlagatelj v povzetek glavnih značilnosti zdravila (poglavje 5. 1) vključiti organizme, naštete v mejnih vrednostih in tabeli občutljivosti, ki se nanašajo na indikacije, kot je bilo določeno v navodilih za vrednotenje zdravil, indiciranih za zdravljenje bakterijskih okužb (Note for Guidance on Evaluation of medicinal products indicated for treatment of bacterial infections, CPMP/ EWP/ 558/ 95 rev. 1).</s>
<s id="s8.1">Postopek arbitraže se je pričel 27. julija 2006 s sprejemom seznama vprašanj.</s>
<s id="s8.2">Poročevalec je bil dr.</s>
<s id="s8.3">Ian Hudson, soporočevalec pa dr.</s>
<s id="s8.4">Bengt Ljungberg.</s>
<s id="s8.5">Imetnik dovoljenja za promet z zdravilom je posredoval pisno razlago 20. oktobra 2006.</s>
<s id="s9.1">Med svojim zasedanjem januarja 2007 je CHMP na podlagi vseh posredovanih podatkov in znanstvene razprave v okviru Odbora, sprejel mnenje, da je razmerje med tveganji in koristmi za zdravilo Ciprofloxacin Hikma in z njim povezana imena ugodno, da naj podani ugovori ne preprečijo podelitve dovoljenja za promet z zdravilom ter da je treba povzetek glavnih značilnosti zdravila, označevanje in navodilo za uporabo referenčne države članice dopolniti.</s>
<s id="s9.2">Pozitivno mnenje je bilo sprejeto 24. januarja 2007.</s>
<s id="s10.1">Seznam zadevnih imen izdelkov je podan v Dodatku I.</s>
<s id="s10.2">Znanstveni zaključki so podani v Dodatku II, skupaj z dopolnjenim povzetkom glavnih značilnosti zdravila v Dodatku III.</s>
<s id="s11.1">Končno</s>
<s id="s12.1">mnen</s>
<s id="s13.1">je je</s>
<s id="s14.1">E</s>
<s id="s15.1">vropska</s>
<s id="s16.1">komisija</s>
<s id="s17.1">dne</s>
<s id="s18.1">11.</s>
<s id="s19.1">julija</s>
<s id="s20.1">2007</s>
<s id="s21.1">spremenila v</s>
<s id="s22.1">odločbo.</s>
<s id="s23.1">1 Člen 29( 4) Direktive 2001/ 83/ ES, kot je bila spremenjena.</s>
<s id="s23.2">7 Westferry Circus, Canary Wharf, London, E14 4HB, UK Tel.</s>
<s id="s23.3">(44- 20) 74 18 84 00 Fax (44- 20) 74 18 86 13 E- mail: mail@ emea. europa. eu http: // www. emea. europa. eu ©EMEA 2007 Reproduction and/ or distribution of this document is authorised for non commercial purposes only provided the EMEA is acknowledged</s>
</body>
</letsmt>
