<?xml version="1.0" encoding="utf-8"?>
<letsmt version="1.0">
<head></head>
<body>
<s id="s1.1">ANNEX I</s>
<s id="s2.1">SUMMARY OF PRODUCT CHARACTERISTICS</s>
<s id="s3.1">1 1.</s>
<s id="s3.2">NAME OF THE VETERINARY MEDICINAL PRODUCT</s>
<s id="s4.1">Novem 5 mg/ ml solution for injection for cattle and pigs</s>
<s id="s5.1">2.</s>
<s id="s5.2">QUALITATIVE AND QUANTITATIVE COMPOSITION</s>
<s id="s6.1">Each ml of Novem 5 mg/ ml solution for injection contains:</s>
<s id="s7.1">Active substance(s):</s>
<s id="s8.1">Meloxicam</s>
<s id="s9.1">5 mg</s>
<s id="s10.1">Excipient(s):</s>
<s id="s11.1">Ethanol, anhydrous</s>
<s id="s12.1">150 mg</s>
<s id="s13.1">For a full list of excipients, see section 6.1.</s>
<s id="s14.1">3.</s>
<s id="s14.2">PHARMACEUTICAL FORM</s>
<s id="s15.1">Clear yellow solution for injection.</s>
<s id="s16.1">4.</s>
<s id="s16.2">CLINICAL PARTICULARS</s>
<s id="s17.1">4.1 Target species</s>
<s id="s18.1">Cattle (calves and young cattle) and pigs</s>
<s id="s19.1">4.2 Indications for use, specifying the target species</s>
<s id="s20.1">Cattle:</s>
<s id="s20.2">For use in acute respiratory infection with appropriate antibiotic therapy to reduce clinical signs in cattle.</s>
<s id="s20.3">For use in diarrhoea in combination with oral re-hydration therapy to reduce clinical signs in calves of over one week of age and young, non-lactating cattle.</s>
<s id="s21.1">Pigs:</s>
<s id="s21.2">For use in non-infectious locomotor disorders to reduce the symptoms of lameness and inflammation.</s>
<s id="s22.1">4.3 Contraindications</s>
<s id="s23.1">Do not use in animals suffering from impaired hepatic, cardiac or renal function and haemorrhagic disorders, or where there is evidence of ulcerogenic gastrointestinal lesions.</s>
<s id="s23.2">Do not use in case of hypersensitivity to the active substance or to any of the excipients.</s>
<s id="s24.1">For the treatment of diarrhoea in cattle, do not use in animals of less than one week of age.</s>
<s id="s25.1">4.4 Special warnings for each target species</s>
<s id="s26.1">None.</s>
<s id="s27.1">2 4.5 Special precautions for use</s>
<s id="s28.1">Special precautions for use in animals If adverse reactions occur, treatment should be discontinued and the advice of a veterinarian should be sought.</s>
<s id="s28.2">Avoid use in very severely dehydrated, hypovolaemic or hypotensive animals which require parenteral rehydration, as there may be a potential risk of renal toxicity.</s>
<s id="s29.1">Special precautions to be taken by the person administering the veterinary medicinal product to animals Accidental self-injection may give rise to pain.</s>
<s id="s29.2">People with known hypersensitivity to NSAID should avoid contact with the veterinary medicinal product.</s>
<s id="s29.3">In case of accidental self-injection, seek medical advice immediately and show the package leaflet or the label to the physician.</s>
<s id="s30.1">4.6 Adverse reactions (frequency and seriousness)</s>
<s id="s31.1">Subcutaneous and intramuscular administration is well tolerated; only a slight transient swelling at the injection site following subcutaneous administration was observed in less than 10% of the cattle treated in clinical studies.</s>
<s id="s32.1">In very rare cases anaphylactoid reactions may occur and should be treated symptomatically.</s>
<s id="s33.1">4.7 Use during pregnancy, lactation or lay</s>
<s id="s34.1">Cattle:</s>
<s id="s34.2">Can be used during pregnancy.</s>
<s id="s35.1">Pigs:</s>
<s id="s35.2">Can be used during pregnancy and lactation.</s>
<s id="s36.1">4.8 Interaction with other medicinal products and other forms of interaction</s>
<s id="s37.1">Do not administer concurrently with glucocorticosteroids, other non-steroidal anti-inflammatory drugs or with anti-coagulant agents.</s>
<s id="s38.1">4.9 Amounts to be administered and administration route</s>
<s id="s39.1">Cattle:</s>
<s id="s39.2">Single subcutaneous injection at a dosage of 0.5 mg meloxicam/ kg body weight (i. e.</s>
<s id="s39.3">10.0 ml/ 100 kg body weight) in combination with antibiotic therapy or with oral re-hydration therapy, as appropriate.</s>
<s id="s40.1">Pigs:</s>
<s id="s40.2">Single intramuscular injection at a dosage of 0.4 mg meloxicam/ kg body weight (i. e.</s>
<s id="s40.3">2.0 ml/ 25 kg body weight).</s>
<s id="s40.4">If required, a second administration of meloxicam can be given after 24 hours.</s>
<s id="s41.1">Avoid introduction of contamination during use.</s>
<s id="s42.1">4.10 Overdose (symptoms, emergency procedures, antidotes), if necessary</s>
<s id="s43.1">In the case of overdosage symptomatic treatment should be initiated.</s>
<s id="s44.1">3 4.11 Withdrawal periods</s>
<s id="s45.1">Cattle:</s>
<s id="s45.2">Meat and offal:</s>
<s id="s45.3">15 days</s>
<s id="s46.1">Pigs:</s>
<s id="s46.2">Meat and offal:</s>
<s id="s46.3">5 days</s>
<s id="s47.1">5.</s>
<s id="s47.2">PHARMACOLOGICAL PROPERTIES</s>
<s id="s48.1">Pharmacotherapeutic group:</s>
<s id="s48.2">Antiinflammatory and antirheumatic products, non-steroids (oxicams) ATCvet code:</s>
<s id="s49.1">QM01AC06</s>
<s id="s50.1">5.1 Pharmacodynamic properties</s>
<s id="s51.1">Meloxicam is a non-steroidal anti-inflammatory drug (NSAID) of the oxicam class which acts by inhibition of prostaglandin synthesis, thereby exerting anti-inflammatory, anti-exudative, analgesic and antipyretic properties.</s>
<s id="s51.2">Meloxicam also has anti-endotoxic properties because it has been shown to inhibit production of thromboxane B2 induced by E. coli endotoxin administration in calves and pigs.</s>
<s id="s52.1">5.2 Pharmacokinetic particulars</s>
<s id="s53.1">Absorption After a single subcutaneous dose of 0.5 mg meloxicam/ kg, Cmax values of 2.1 µg/ ml were reached after 7.7 hours in young cattle.</s>
<s id="s53.2">Following single intramuscular doses of 0.4 mg meloxicam/ kg, a Cmax value of 1.1 to 1.5 µg/ ml was reached within 1 hour in pigs.</s>
<s id="s54.1">Distribution More than 98% of meloxicam is bound to plasma proteins.</s>
<s id="s54.2">The highest meloxicam concentrations are to be found in liver and kidney.</s>
<s id="s54.3">Comparatively low concentrations are detectable in skeletal muscle and fat.</s>
<s id="s55.1">Metabolism Meloxicam is predominantly found in plasma.</s>
<s id="s55.2">In cattle, meloxicam is also a major excretion product in milk and bile whereas urine contains only traces of the parent compound.</s>
<s id="s55.3">In pigs, bile and urine contain only traces of the parent compound.</s>
<s id="s55.4">Meloxicam is metabolised to an alcohol, an acid derivative and to several polar metabolites.</s>
<s id="s55.5">All major metabolites have been shown to be pharmacologically inactive.</s>
<s id="s56.1">Elimination Meloxicam is eliminated with a half-life of 26 hours after subcutaneous injection in young cattle.</s>
<s id="s57.1">In pigs, after intramuscular administration, the mean plasma elimination half-life is approximately 2.5 hours.</s>
<s id="s58.1">Approximately 50% of the administered dose is eliminated via urine and the remainder via faeces.</s>
<s id="s59.1">4 6.</s>
<s id="s59.2">PHARMACEUTICAL PARTICULARS</s>
<s id="s60.1">6.1 List of excipients</s>
<s id="s61.1">- Ethanol</s>
<s id="s62.1">- Poloxamer 188</s>
<s id="s63.1">- Sodium chloride</s>
<s id="s64.1">- Glycine</s>
<s id="s65.1">- Sodium hydroxide</s>
<s id="s66.1">- Glycofurol</s>
<s id="s67.1">- Meglumine</s>
<s id="s68.1">- Water for injection</s>
<s id="s69.1">6.2 Incompatibilities</s>
<s id="s70.1">Not applicable.</s>
<s id="s71.1">6.3 Shelf life</s>
<s id="s72.1">Shelf-life of the veterinary medicinal product as packaged for sales:</s>
<s id="s72.2">3 years Shelf-life after first opening the immediate packaging:</s>
<s id="s72.3">28 days</s>
<s id="s73.1">6.4 Special precautions for storage</s>
<s id="s74.1">Do not store above 25°C.</s>
<s id="s75.1">6.5 Nature and composition of immediate packaging</s>
<s id="s76.1">Cardboard box with 1 or 12 colourless glass injection vial(s) of 100 ml, which are closed with a rubber stopper and sealed with an aluminium cap.</s>
<s id="s76.2">Not all pack sizes may be marketed.</s>
<s id="s77.1">6.6 Special precautions for the disposal of unused veterinary medicinal products or waste materials derived from the use of such products</s>
<s id="s78.1">Any unused veterinary medicinal product or waste materials derived from such veterinary medicinal products should be disposed of in accordance with local requirements.</s>
<s id="s79.1">7.</s>
<s id="s79.2">MARKETING AUTHORISATION HOLDER</s>
<s id="s80.1">Boehringer Ingelheim Vetmedica GmbH 55216 Ingelheim/ Rhein Germany</s>
<s id="s81.1">8.</s>
<s id="s81.2">MARKETING AUTHORISATION NUMBERS</s>
<s id="s82.1">EU/ 2/ 04/ 042/ 001 100 ml EU/ 2/ 04/ 042/ 002 12 x 100 ml</s>
<s id="s83.1">5 9.</s>
<s id="s83.2">DATE OF FIRST AUTHORISATION/ RENEWAL OF THE AUTHORISATION</s>
<s id="s84.1">Date of first authorisation:</s>
<s id="s84.2">02.03.2004 Date of last renewal:</s>
<s id="s84.3">13.01.2009</s>
<s id="s85.1">10.</s>
<s id="s85.2">DATE OF REVISION OF THE TEXT</s>
<s id="s86.1">13.01.2009</s>
<s id="s87.1">Detailed information on this veterinary medicinal product is available on the website of the European Medicines Agency (EMEA) http: / /www. emea. europa. eu/.</s>
<s id="s88.1">PROHIBITION OF SALE, SUPPLY AND/ OR USE</s>
<s id="s89.1">Not applicable.</s>
<s id="s90.1">6 1.</s>
<s id="s90.2">NAME OF THE VETERINARY MEDICINAL PRODUCT</s>
<s id="s91.1">Novem 20 mg/ ml solution for injection for cattle and pigs</s>
<s id="s92.1">2.</s>
<s id="s92.2">QUALITATIVE AND QUANTITATIVE COMPOSITION</s>
<s id="s93.1">Each ml of Novem 20 mg/ ml solution for injection contains:</s>
<s id="s94.1">Active substance(s):</s>
<s id="s95.1">Meloxicam</s>
<s id="s96.1">20 mg</s>
<s id="s97.1">Excipient(s):</s>
<s id="s98.1">Ethanol, anhydrous</s>
<s id="s99.1">150 mg</s>
<s id="s100.1">For a full list of excipients, see section 6.1.</s>
<s id="s101.1">3.</s>
<s id="s101.2">PHARMACEUTICAL FORM</s>
<s id="s102.1">Clear yellow solution for injection.</s>
<s id="s103.1">4.</s>
<s id="s103.2">CLINICAL PARTICULARS</s>
<s id="s104.1">4.1 Target species</s>
<s id="s105.1">Cattle and pigs</s>
<s id="s106.1">4.2 Indications for use, specifying the target species</s>
<s id="s107.1">Cattle:</s>
<s id="s107.2">For use in acute respiratory infection with appropriate antibiotic therapy to reduce clinical signs in cattle.</s>
<s id="s107.3">For use in diarrhoea in combination with oral re-hydration therapy to reduce clinical signs in calves of over one week of age and young, non-lactating cattle.</s>
<s id="s107.4">For adjunctive therapy in the treatment of acute mastitis, in combination with antibiotic therapy.</s>
<s id="s108.1">Pigs:</s>
<s id="s108.2">For use in non-infectious locomotor disorders to reduce the symptoms of lameness and inflammation.</s>
<s id="s108.3">For adjunctive therapy in the treatment of puerperal septicaemia and toxaemia (mastitis-metritis- agalactia syndrome) with appropriate antibiotic therapy.</s>
<s id="s109.1">4.3 Contraindications</s>
<s id="s110.1">Do not use in animals suffering from impaired hepatic, cardiac or renal function and haemorrhagic disorders, or where there is evidence of ulcerogenic gastrointestinal lesions.</s>
<s id="s110.2">Do not use in case of hypersensitivity to the active substance or to any of the excipients.</s>
<s id="s111.1">For the treatment of diarrhoea in cattle, do not use in animals of less than one week of age.</s>
<s id="s112.1">7 4.4 Special warnings</s>
<s id="s113.1">None.</s>
<s id="s114.1">4.5 Special precautions for use</s>
<s id="s115.1">Special precautions for use in animals</s>
<s id="s116.1">If adverse reactions occur, treatment should be discontinued and the advice of a veterinarian should be sought.</s>
<s id="s116.2">Avoid use in very severely dehydrated, hypovolaemic or hypotensive animals which require parenteral rehydration, as there may be a potential risk of renal toxicity.</s>
<s id="s117.1">Special precautions to be taken by the person administering the veterinary medicinal product to animals</s>
<s id="s118.1">Accidental self-injection may give rise to pain.</s>
<s id="s118.2">People with known hypersensitivity to NSAID should avoid contact with the veterinary medicinal product.</s>
<s id="s118.3">In case of accidental self-injection, seek medical advice immediately and show the package leaflet or the label to the physician.</s>
<s id="s119.1">4.6 Adverse reactions (frequency and seriousness)</s>
<s id="s120.1">Subcutaneous and intramuscular administration is well tolerated; only a slight transient swelling at the injection site following subcutaneous administration was observed in less than 10% of the cattle treated in clinical studies.</s>
<s id="s121.1">In very rare cases anaphylactoid reactions may occur and should be treated symptomatically.</s>
<s id="s122.1">4.7 Use during pregnancy, lactation or lay</s>
<s id="s123.1">Can be used during pregnancy and lactation.</s>
<s id="s124.1">4.8 Interaction with other medicinal products and other forms of interaction</s>
<s id="s125.1">Do not administer concurrently with glucocorticosteroids, other non-steroidal anti-inflammatory drugs or with anti-coagulant agents.</s>
<s id="s126.1">4.9 Amounts to be administered and administration route</s>
<s id="s127.1">Cattle:</s>
<s id="s127.2">Single subcutaneous injection at a dosage of 0.5 mg meloxicam/ kg body weight (i. e.</s>
<s id="s127.3">2.5 ml/ 100 kg body weight) in combination with antibiotic therapy or with oral re-hydration therapy, as appropriate.</s>
<s id="s128.1">Pigs:</s>
<s id="s128.2">Single intramuscular injection at a dosage of 0.4 mg meloxicam/ kg body weight (i. e.</s>
<s id="s128.3">2.0 ml/ 100 kg body weight) in combination with antibiotic therapy, as appropriate.</s>
<s id="s128.4">If required, a second administration of meloxicam can be given after 24 hours.</s>
<s id="s129.1">Avoid introduction of contamination during use.</s>
<s id="s130.1">8 4.10 Overdose (symptoms, emergency procedures, antidotes), if necessary</s>
<s id="s131.1">In the case of overdosage, symptomatic treatment should be initiated.</s>
<s id="s132.1">4.11 Withdrawal periods</s>
<s id="s133.1">Cattle:</s>
<s id="s133.2">Meat and offal:</s>
<s id="s133.3">15 days Milk:</s>
<s id="s133.4">5 days</s>
<s id="s134.1">Pigs:</s>
<s id="s134.2">Meat and offal:</s>
<s id="s134.3">5 days</s>
<s id="s135.1">5.</s>
<s id="s135.2">PHARMACOLOGICAL PROPERTIES</s>
<s id="s136.1">Pharmacotherapeutic group:</s>
<s id="s136.2">Antiinflammatory and antirheumatic products, non-steroids (oxicams) ATCvet code:</s>
<s id="s137.1">QM01AC06</s>
<s id="s138.1">5.1 Pharmacodynamic properties</s>
<s id="s139.1">Meloxicam is a non-steroidal anti-inflammatory drug (NSAID) of the oxicam class which acts by inhibition of prostaglandin synthesis, thereby exerting anti-inflammatory, anti-exudative, analgesic and antipyretic effects.</s>
<s id="s139.2">It reduces leukocyte infiltration into the inflamed tissue.</s>
<s id="s139.3">To a minor extent it also inhibits collagen-induced thrombocyte aggregation.</s>
<s id="s139.4">Meloxicam also has anti-endotoxic properties because it has been shown to inhibit production of thromboxane B2 induced by E. coli endotoxin administration in calves, lactating cows and pigs.</s>
<s id="s140.1">5.2 Pharmacokinetic particulars</s>
<s id="s141.1">Absorption After a single subcutaneous dose of 0.5 mg meloxicam/ kg, Cmaxvalues of 2.1 µg/ ml and 2.7 µg/ ml were reached after 7.7 hours and 4 hours in young cattle and lactating cows, respectively.</s>
<s id="s141.2">After two intramuscular doses of 0.4 mg meloxicam/ kg, a Cmax value of 1.9 µg/ ml was reached after 1 hour in pigs.</s>
<s id="s142.1">Distribution More than 98% of meloxicam is bound to plasma proteins.</s>
<s id="s142.2">The highest meloxicam concentrations are to be found in liver and kidney.</s>
<s id="s142.3">Comparatively low concentrations are detectable in skeletal muscle and fat.</s>
<s id="s143.1">Metabolism Meloxicam is predominantly found in plasma.</s>
<s id="s143.2">In cattle, meloxicam is also a major excretion product in milk and bile whereas urine contains only traces of the parent compound.</s>
<s id="s143.3">In pigs, bile and urine contain only traces of the parent compound.</s>
<s id="s143.4">Meloxicam is metabolised to an alcohol, an acid derivative and to several polar metabolites.</s>
<s id="s143.5">All major metabolites have been shown to be pharmacologically inactive.</s>
<s id="s144.1">Elimination Meloxicam is eliminated with a half-life of 26 hours and 17.5 hours after subcutaneous injection in young cattle and lactating cows, respectively.</s>
<s id="s145.1">9 In pigs, after intramuscular administration the mean plasma elimination half-life is approximately 2.5 hours.</s>
<s id="s146.1">Approximately 50% of the administered dose is eliminated via urine and the remainder via faeces.</s>
<s id="s147.1">6.</s>
<s id="s147.2">PHARMACEUTICAL PARTICULARS</s>
<s id="s148.1">6.1 List of excipients</s>
<s id="s149.1">- Ethanol</s>
<s id="s150.1">- Poloxamer 188</s>
<s id="s151.1">- Macrogol 300</s>
<s id="s152.1">- Glycine</s>
<s id="s153.1">- Disodium edetate</s>
<s id="s154.1">- Sodium hydroxide</s>
<s id="s155.1">- Hydrochloric acid</s>
<s id="s156.1">- Meglumine</s>
<s id="s157.1">- Water for injection</s>
<s id="s158.1">6.2 Incompatibilities</s>
<s id="s159.1">Not applicable.</s>
<s id="s160.1">6.3 Shelf life</s>
<s id="s161.1">Shelf-life of the veterinary medicinal product as packaged for sale (20, 50 or 100 ml vials):</s>
<s id="s161.2">3 years Shelf-life of the veterinary medicinal product as packaged for sale (250 ml vials):</s>
<s id="s161.3">2 years Shelf-life after first opening the immediate packaging:</s>
<s id="s161.4">28 days</s>
<s id="s162.1">6.4 Special precautions for storage</s>
<s id="s163.1">This veterinary medicinal product does not require any special storage conditions.</s>
<s id="s164.1">6.5 Nature and composition of immediate packaging</s>
<s id="s165.1">Colourless glass injection vial of 20, 50, 100 or 250 ml, closed with a rubber stopper and sealed with an aluminium cap.</s>
<s id="s165.2">Not all pack sizes may be marketed.</s>
<s id="s166.1">6.6 Special precautions for the disposal of unused veterinary medicinal products or waste materials derived from the use of such products</s>
<s id="s167.1">Any unused veterinary medicinal product or waste materials derived from such veterinary medicinal products should be disposed of in accordance with local requirements.</s>
<s id="s168.1">7.</s>
<s id="s168.2">MARKETING AUTHORISATION HOLDER</s>
<s id="s169.1">Boehringer Ingelheim Vetmedica GmbH 55216 Ingelheim/ Rhein Germany</s>
<s id="s170.1">10 8.</s>
<s id="s170.2">MARKETING AUTHORISATION NUMBERS</s>
<s id="s171.1">EU/ 2/ 04/ 042/ 005 20 ml EU/ 2/ 04/ 042/ 003 50 ml EU/ 2/ 04/ 042/ 004 100 ml EU/ 2/ 04/ 042/ 006 250 ml</s>
<s id="s172.1">9.</s>
<s id="s172.2">DATE OF FIRST AUTHORISATION/ RENEWAL OF THE AUTHORISATION</s>
<s id="s173.1">Date of first authorisation:</s>
<s id="s173.2">02.03.2004 Date of last renewal:</s>
<s id="s173.3">13.01.2009</s>
<s id="s174.1">10.</s>
<s id="s174.2">DATE OF REVISION OF THE TEXT</s>
<s id="s175.1">12.03.2009</s>
<s id="s176.1">Detailed information on this veterinary medicinal product is available on the website of the European Medicines Agency (EMEA) http: / /www. emea. europa. eu/.</s>
<s id="s177.1">PROHIBITION OF SALE, SUPPLY AND/ OR USE</s>
<s id="s178.1">Not applicable.</s>
<s id="s179.1">11 ANNEX II</s>
<s id="s180.1">A.</s>
<s id="s180.2">THE MANUFACTURING AUTHORISATION HOLDER RESPONSIBLE FOR BATCH RELEASE</s>
<s id="s181.1">B.</s>
<s id="s181.2">CONDITIONS OR RESTRICTIONS OF THE MARKETING AUTHORISATION REGARDING SUPPLY OR USE</s>
<s id="s182.1">C.</s>
<s id="s182.2">CONDITIONS OR RESTRICTIONS OF THE MARKETING AUTHORISATION WITH REGARD TO SAFE AND EFFECTIVE USE</s>
<s id="s183.1">D.</s>
<s id="s183.2">STATEMENT OF THE MRLs</s>
<s id="s184.1">12 Novem 5 mg/ ml solution for injection for cattle and pigs</s>
<s id="s185.1">A.</s>
<s id="s185.2">MANUFACTURING AUTHORISATION HOLDER RESPONSIBLE FOR BATCH RELEASE</s>
<s id="s186.1">Name and address of the manufacturer responsible for batch release</s>
<s id="s187.1">Labiana Life Sciences S. A.</s>
<s id="s187.2">Venus, 26 Can Parellada Industrial 08228 Terrassa Spain</s>
<s id="s188.1">B.</s>
<s id="s188.2">CONDITIONS OR RESTRICTIONS OF THE MARKETING AUTHORISATION REGARDING SUPPLY OR USE</s>
<s id="s189.1">To be supplied only on veterinary prescription.</s>
<s id="s190.1">C.</s>
<s id="s190.2">CONDITIONS OR RESTRICTIONS OF THE MARKETING AUTHORISATION WITH REGARD TO THE SAFE AND EFFECTIVE USE OF THE PRODUCT</s>
<s id="s191.1">Not applicable</s>
<s id="s192.1">D.</s>
<s id="s192.2">STATEMENT OF THE MRLs</s>
<s id="s193.1">The Committee for Veterinary Medicinal Products has recommended the inclusion of meloxicam in Annex I of Council Regulation (EEC) No 2377/ 90 in accordance with the following table:</s>
<s id="s194.1">Pharmacologically</s>
<s id="s195.1">Marker residue</s>
<s id="s196.1">Animal</s>
<s id="s197.1">MRLs</s>
<s id="s198.1">Target tissues</s>
<s id="s199.1">Other</s>
<s id="s200.1">active substance(s)</s>
<s id="s201.1">species</s>
<s id="s202.1">provisions</s>
<s id="s203.1">Meloxicam Meloxicam</s>
<s id="s204.1">Bovine</s>
<s id="s205.1">20 µg/ kg 65 µg/ kg 65 µg/ kg 15 µg/ kg</s>
<s id="s206.1">Muscle Liver Kidney Milk</s>
<s id="s207.1">Porcine</s>
<s id="s208.1">20 µg/ kg 65 µg/ kg 65 µg/ kg</s>
<s id="s209.1">Muscle Liver Kidney</s>
<s id="s210.1">13 Annex II of Council Regulation (EEC) No 2377/ 90</s>
<s id="s211.1">Pharmacologically</s>
<s id="s212.1">Animal</s>
<s id="s213.1">Other</s>
<s id="s214.1">active substance(s)</s>
<s id="s215.1">species</s>
<s id="s216.1">provisions</s>
<s id="s217.1">Ethanol1 Poloxamer 1882 Sodium Chloride3 Glycine4 Sodium Hydroxide5 Water for injection6 Nitrogen7</s>
<s id="s218.1">All food producing species All food producing species All food producing species All food producing species All food producing species All food producing species All food producing species</s>
<s id="s219.1">The Committee considered that at the concentration of the dose in the product to be administered to the target species, the excipient glycofurol was not pharmacologically active.</s>
<s id="s219.2">It therefore concluded, in accordance with its recent position paper on pharmacologically active excipients, that an MRL was not required to be established for this substance.</s>
<s id="s220.1">N. B.</s>
<s id="s220.2">Meglumine was not considered within the scope of Council Regulation 2377/ 90 at concentrations up to 1.5 mg/ kg bw (concentrations up to 34.75 mg/ ml).</s>
<s id="s221.1">1 OJ No.</s>
<s id="s221.2">L 143 of 27.06.95 2 OJ No.</s>
<s id="s221.3">L 290 of 5.12.95 3 OJ No.</s>
<s id="s221.4">L 290 of 5.12.95 4 OJ No.</s>
<s id="s221.5">L 272 of 25.10.96 5 OJ No.</s>
<s id="s221.6">L 272 of 25.10.96 6 OJ No.</s>
<s id="s221.7">L 143 of 27.06.95 7 OJ No.</s>
<s id="s221.8">L 272 of 25.10.96</s>
<s id="s222.1">14 Novem 20 mg/ ml solution for injection for cattle and pigs</s>
<s id="s223.1">A.</s>
<s id="s223.2">MANUFACTURING AUTHORISATION HOLDER RESPONSIBLE FOR BATCH RELEASE</s>
<s id="s224.1">Name and address of the manufacturer responsible for batch release</s>
<s id="s225.1">Labiana Life Sciences S. A.</s>
<s id="s225.2">Venus, 26 Can Parellada Industrial 08228 Terrassa Spain</s>
<s id="s226.1">B.</s>
<s id="s226.2">CONDITIONS OR RESTRICTIONS OF THE MARKETING AUTHORISATION REGARDING SUPPLY OR USE</s>
<s id="s227.1">To be supplied only on veterinary prescription.</s>
<s id="s228.1">C.</s>
<s id="s228.2">CONDITIONS OR RESTRICTIONS OF THE MARKETING AUTHORISATION WITH REGARD TO THE SAFE AND EFFECTIVE USE OF THE PRODUCT</s>
<s id="s229.1">Not applicable.</s>
<s id="s230.1">D.</s>
<s id="s230.2">STATEMENT OF THE MRLs</s>
<s id="s231.1">The Committee for Veterinary Medicinal Products has recommended the inclusion of meloxicam in Annex I of Council Regulation (EEC) No 2377/ 90 in accordance with the following table:</s>
<s id="s232.1">Pharmacologically</s>
<s id="s233.1">Marker residue</s>
<s id="s234.1">Animal</s>
<s id="s235.1">MRLs</s>
<s id="s236.1">Target tissues</s>
<s id="s237.1">Other</s>
<s id="s238.1">active substance(s)</s>
<s id="s239.1">species</s>
<s id="s240.1">provisions</s>
<s id="s241.1">Meloxicam Meloxicam</s>
<s id="s242.1">Bovine</s>
<s id="s243.1">20 µg/ kg 65 µg/ kg 65 µg/ kg 15 µg/ kg</s>
<s id="s244.1">Muscle Liver Kidney Milk</s>
<s id="s245.1">Porcine</s>
<s id="s246.1">20 µg/ kg 65 µg/ kg 65 µg/ kg</s>
<s id="s247.1">Muscle Liver Kidney</s>
<s id="s248.1">15 Annex II of Council Regulation (EEC) No 2377/ 90:</s>
<s id="s249.1">Pharmacologically</s>
<s id="s250.1">Animal</s>
<s id="s251.1">Other</s>
<s id="s252.1">active substance(s)</s>
<s id="s253.1">species</s>
<s id="s254.1">provisions</s>
<s id="s255.1">Ethanol8 Poloxamer 1889 Macrogol 300 Glycine10 Disodium edetate Sodium Hydroxide11 Hydrochloric acid Water for injection12 Nitrogen13</s>
<s id="s256.1">All food producing species All food producing species All food producing species.</s>
<s id="s256.2">All food producing species All food producing species All food producing species All food producing species All food producing species All food producing species</s>
<s id="s257.1">N. B.</s>
<s id="s257.2">Meglumine was not considered</s>
<s id="s258.1">within the scope of Council Regulation 2377/ 90 at concentrations</s>
<s id="s259.1">up to 1.5 mg/ kg bw (concentrations up to 34.75 mg/ ml)</s>
<s id="s260.1">8 OJ No.</s>
<s id="s260.2">L 143 of 27.06.95 9 OJ No.</s>
<s id="s260.3">L 290 of 5.12.95 10 OJ No.</s>
<s id="s260.4">L 272 of 25.10.96 11 OJ No.</s>
<s id="s260.5">L 272 of 25.10.96 12 OJ No.</s>
<s id="s260.6">L 143 of 27.06.95 13 OJ No.</s>
<s id="s260.7">L 272 of 25.10.96</s>
<s id="s261.1">16 ANNEX III</s>
<s id="s262.1">LABELLING AND PACKAGE LEAFLET</s>
<s id="s263.1">17 A.</s>
<s id="s263.2">LABELLING</s>
<s id="s264.1">18 PARTICULARS TO APPEAR ON THE OUTER PACKAGE</s>
<s id="s265.1">1.</s>
<s id="s265.2">NAME OF THE VETERINARY MEDICINAL PRODUCT</s>
<s id="s266.1">Novem 5 mg/ ml solution for injection for cattle and pigs Meloxicam</s>
<s id="s267.1">2.</s>
<s id="s267.2">STATEMENT OF ACTIVE AND OTHER SUBSTANCES</s>
<s id="s268.1">Meloxicam</s>
<s id="s269.1">5 mg/ ml</s>
<s id="s270.1">3.</s>
<s id="s270.2">PHARMACEUTICAL FORM</s>
<s id="s271.1">Solution for injection</s>
<s id="s272.1">4.</s>
<s id="s272.2">PACKAGE SIZE</s>
<s id="s273.1">100 ml 12 x 100 ml</s>
<s id="s274.1">5.</s>
<s id="s274.2">TARGET SPECIES</s>
<s id="s275.1">Cattle (calves and young cattle) and pigs</s>
<s id="s276.1">6.</s>
<s id="s276.2">INDICATION(S)</s>
<s id="s277.1">Cattle:</s>
<s id="s277.2">Acute respiratory infection.</s>
<s id="s277.3">Diarrhoea in calves of over one week of age and young, non-lactating cattle.</s>
<s id="s278.1">Pigs:</s>
<s id="s278.2">Non-infectious locomotor disorders.</s>
<s id="s279.1">7.</s>
<s id="s279.2">METHOD AND ROUTE(S) OF ADMINISTRATION</s>
<s id="s280.1">Cattle:</s>
<s id="s280.2">Single subcutaneous injection.</s>
<s id="s281.1">Pigs:</s>
<s id="s281.2">Single intramuscular injection.</s>
<s id="s281.3">If required, a second administration can be given after 24 hours.</s>
<s id="s282.1">Read the package leaflet before use.</s>
<s id="s283.1">19 8.</s>
<s id="s283.2">WITHDRAWAL PERIOD</s>
<s id="s284.1">Cattle: meat and offal:</s>
<s id="s284.2">15 days</s>
<s id="s285.1">Pigs: meat and offal:</s>
<s id="s285.2">5 days</s>
<s id="s286.1">9.</s>
<s id="s286.2">EXPIRY DATE</s>
<s id="s287.1">EXP {month/ year} Shelf-life of broached vial:</s>
<s id="s287.2">28 days.</s>
<s id="s288.1">10.</s>
<s id="s288.2">SPECIAL STORAGE CONDITIONS</s>
<s id="s289.1">Do not store above 25°C.</s>
<s id="s290.1">11.</s>
<s id="s290.2">SPECIAL PRECAUTIONS FOR THE DISPOSAL OF UNUSED PRODUCT OR WASTE MATERIALS, IF ANY</s>
<s id="s291.1">Read the package leaflet before use.</s>
<s id="s292.1">12.</s>
<s id="s292.2">THE WORDS &quot;FOR ANIMAL TREATMENT ONLY&quot; AND CONDITIONS OR RESTRICTIONS REGARDING SUPPLY AND USE, if applicable</s>
<s id="s293.1">For animal treatment only.</s>
<s id="s293.2">To be supplied only on veterinary prescription.</s>
<s id="s294.1">13.</s>
<s id="s294.2">THE WORDS &quot;KEEP OUT OF REACH AND SIGHT OF CHILDREN&quot;</s>
<s id="s295.1">Keep out of the reach and sight of children.</s>
<s id="s296.1">14.</s>
<s id="s296.2">NAME AND ADDRESS OF THE MARKETING AUTHORISATION HOLDER</s>
<s id="s297.1">Boehringer Ingelheim Vetmedica GmbH 55216 Ingelheim/ Rhein Germany</s>
<s id="s298.1">15.</s>
<s id="s298.2">MARKETING AUTHORISATION NUMBERS</s>
<s id="s299.1">EU/ 2/ 04/ 042/ 001 100 ml EU/ 2/ 04/ 042/ 002 12 x 100 ml</s>
<s id="s300.1">16.</s>
<s id="s300.2">MANUFACTURER´S BATCH NUMBER</s>
<s id="s301.1">Lot {number}</s>
<s id="s302.1">20 PARTICULARS TO APPEAR ON THE IMMEDIATE PACKAGE</s>
<s id="s303.1">1.</s>
<s id="s303.2">NAME OF THE VETERINARY MEDICINAL PRODUCT</s>
<s id="s304.1">Novem 5 mg/ ml solution for injection for cattle and pigs Meloxicam</s>
<s id="s305.1">2.</s>
<s id="s305.2">STATEMENT OF ACTIVE AND OTHER SUBSTANCES</s>
<s id="s306.1">Meloxicam</s>
<s id="s307.1">5 mg/ ml</s>
<s id="s308.1">3.</s>
<s id="s308.2">PACKAGE SIZE</s>
<s id="s309.1">100 ml</s>
<s id="s310.1">4.</s>
<s id="s310.2">TARGET SPECIES</s>
<s id="s311.1">Cattle (calves and young cattle) and pigs</s>
<s id="s312.1">5.</s>
<s id="s312.2">METHOD AND ROUTE(S) OF ADMINISTRATION</s>
<s id="s313.1">Cattle: subcutaneous injection.</s>
<s id="s313.2">Pigs: intramuscular injection.</s>
<s id="s313.3">Read the package leaflet before use.</s>
<s id="s314.1">6.</s>
<s id="s314.2">WITHDRAWAL PERIOD</s>
<s id="s315.1">Cattle: meat and offal:</s>
<s id="s315.2">15 days</s>
<s id="s316.1">Pigs: meat and offal:</s>
<s id="s316.2">5 days</s>
<s id="s317.1">7.</s>
<s id="s317.2">EXPIRY DATE</s>
<s id="s318.1">EXP {month/ year} Shelf-life of broached vial:</s>
<s id="s318.2">28 days.</s>
<s id="s318.3">Once broached, use by...</s>
<s id="s319.1">8.</s>
<s id="s319.2">SPECIAL STORAGE CONDITIONS</s>
<s id="s320.1">Do not store above 25°C.</s>
<s id="s321.1">21 9.</s>
<s id="s321.2">THE WORDS “ FOR ANIMAL TREATMENT ONLY” AND CONDITIONS OR RESTRICTIONS REGARDING SUPPLY AND USE, if applicable</s>
<s id="s322.1">For animal treatment only.</s>
<s id="s323.1">10.</s>
<s id="s323.2">NAME AND ADDRESS OF THE MARKETING AUTHORISATION HOLDER</s>
<s id="s324.1">Boehringer Ingelheim Vetmedica GmbH Germany</s>
<s id="s325.1">11.</s>
<s id="s325.2">MANUFACTURER´S BATCH NUMBER</s>
<s id="s326.1">Lot {number}</s>
<s id="s327.1">22 PARTICULARS TO APPEAR ON THE OUTER PACKAGE</s>
<s id="s328.1">1.</s>
<s id="s328.2">NAME OF THE VETERINARY MEDICINAL PRODUCT</s>
<s id="s329.1">Novem 20 mg/ ml solution for injection for cattle and pigs Meloxicam</s>
<s id="s330.1">2.</s>
<s id="s330.2">STATEMENT OF ACTIVE AND OTHER SUBSTANCES</s>
<s id="s331.1">Meloxicam</s>
<s id="s332.1">20 mg/ ml</s>
<s id="s333.1">3.</s>
<s id="s333.2">PHARMACEUTICAL FORM</s>
<s id="s334.1">Solution for injection</s>
<s id="s335.1">4.</s>
<s id="s335.2">PACKAGE SIZE(S)</s>
<s id="s336.1">20 ml 50 ml 100 ml 250 ml</s>
<s id="s337.1">5.</s>
<s id="s337.2">TARGET SPECIES</s>
<s id="s338.1">Cattle and pigs</s>
<s id="s339.1">6.</s>
<s id="s339.2">INDICATION(S)</s>
<s id="s340.1">Cattle:</s>
<s id="s340.2">Acute respiratory infection.</s>
<s id="s340.3">Diarrhoea in calves of over one week of age and young, non-lactating cattle.</s>
<s id="s340.4">Acute mastitis.</s>
<s id="s341.1">Pigs:</s>
<s id="s341.2">Non-infectious locomotor disorders.</s>
<s id="s341.3">Puerperal septicaemia and toxaemia (MMA syndrome) with antibiotic therapy.</s>
<s id="s342.1">7.</s>
<s id="s342.2">METHOD AND ROUTE(S) OF ADMINISTRATION</s>
<s id="s343.1">Cattle:</s>
<s id="s343.2">Single subcutaneous injection.</s>
<s id="s344.1">23 Pigs:</s>
<s id="s344.2">Single intramuscular injection.</s>
<s id="s344.3">If required, a second administration can be given after 24 hours.</s>
<s id="s345.1">Read the package leaflet before use.</s>
<s id="s346.1">8.</s>
<s id="s346.2">WITHDRAWAL PERIODS</s>
<s id="s347.1">Cattle: meat and offal:</s>
<s id="s347.2">15 days; milk:</s>
<s id="s347.3">5 days</s>
<s id="s348.1">Pigs: meat and offal:</s>
<s id="s348.2">5 days</s>
<s id="s349.1">9.</s>
<s id="s349.2">EXPIRY DATE</s>
<s id="s350.1">EXP {month/ year} Shelf-life of broached vial:</s>
<s id="s350.2">28 days.</s>
<s id="s351.1">10.</s>
<s id="s351.2">SPECIAL PRECAUTIONS FOR THE DISPOSAL OF UNUSED PRODUCTS OR WASTE MATERIALS, IF ANY</s>
<s id="s352.1">Read the package leaflet before use</s>
<s id="s353.1">11.</s>
<s id="s353.2">THE WORDS &quot;FOR ANIMAL TREATMENT ONLY&quot; AND CONDITIONS OR RESTRICTIONS REGARDING SUPPLY AND USE, if applicable</s>
<s id="s354.1">For animal treatment only.</s>
<s id="s354.2">To be supplied only on veterinary prescription.</s>
<s id="s355.1">12.</s>
<s id="s355.2">THE WORDS &quot;KEEP OUT OF REACH AND SIGHT OF CHILDREN&quot;</s>
<s id="s356.1">Keep out of the reach and sight of children.</s>
<s id="s357.1">13.</s>
<s id="s357.2">NAME AND ADDRESS OF THE MARKETING AUTHORISATION HOLDER</s>
<s id="s358.1">Boehringer Ingelheim Vetmedica GmbH 55216 Ingelheim/ Rhein Germany</s>
<s id="s359.1">14.</s>
<s id="s359.2">MARKETING AUTHORISATION NUMBERS</s>
<s id="s360.1">EU/ 2/ 04/ 042/ 005 20 ml EU/ 2/ 04/ 042/ 003 50 ml EU/ 2/ 04/ 042/ 004 100 ml EU/ 2/ 04/ 042/ 006 250 ml</s>
<s id="s361.1">24 15.</s>
<s id="s361.2">MANUFACTURER´S BATCH NUMBER</s>
<s id="s362.1">Lot {number}</s>
<s id="s363.1">25 PARTICULARS TO APPEAR ON THE IMMEDIATE PACKAGE</s>
<s id="s364.1">1.</s>
<s id="s364.2">NAME OF THE VETERINARY MEDICINAL PRODUCT</s>
<s id="s365.1">Novem 20 mg/ ml solution for injection for cattle and pigs Meloxicam</s>
<s id="s366.1">2.</s>
<s id="s366.2">STATEMENT OF ACTIVE AND OTHER SUBSTANCES</s>
<s id="s367.1">Meloxicam</s>
<s id="s368.1">20 mg/ ml</s>
<s id="s369.1">3.</s>
<s id="s369.2">PACKAGE SIZE(S)</s>
<s id="s370.1">50 ml 100 ml 250 ml</s>
<s id="s371.1">4.</s>
<s id="s371.2">TARGET SPECIES</s>
<s id="s372.1">Cattle and pigs</s>
<s id="s373.1">5.</s>
<s id="s373.2">METHOD AND ROUTE(S) OF ADMINISTRATION</s>
<s id="s374.1">Cattle:</s>
<s id="s374.2">SC injection.</s>
<s id="s375.1">Pigs:</s>
<s id="s375.2">IM injection.</s>
<s id="s376.1">6.</s>
<s id="s376.2">WITHDRAWAL PERIODS</s>
<s id="s377.1">Cattle: meat and offal:</s>
<s id="s377.2">15 days; milk:</s>
<s id="s377.3">5 days</s>
<s id="s378.1">Pigs: meat and offal:</s>
<s id="s378.2">5 days</s>
<s id="s379.1">7.</s>
<s id="s379.2">SPECIAL WARNING(S), IF NECESSARY</s>
<s id="s380.1">Read the package leaflet before use.</s>
<s id="s381.1">8.</s>
<s id="s381.2">EXPIRY DATE</s>
<s id="s382.1">EXP {month/ year} Shelf-life of broached vial:</s>
<s id="s382.2">28 days.</s>
<s id="s382.3">Once broached, use by …</s>
<s id="s383.1">26 9.</s>
<s id="s383.2">THE WORDS &quot;FOR ANIMAL TREATMENT ONLY&quot; AND CONDITIONS OR RESTRICTIONS REGARDING SUPPLY AND USE, if applicable</s>
<s id="s384.1">For animal treatment only.</s>
<s id="s385.1">10.</s>
<s id="s385.2">NAME AND ADDRESS OF THE MARKETING AUTHORISATION HOLDER</s>
<s id="s386.1">Boehringer Ingelheim Vetmedica GmbH Germany</s>
<s id="s387.1">11.</s>
<s id="s387.2">MANUFACTURER´S BATCH NUMBER</s>
<s id="s388.1">Lot {number}</s>
<s id="s389.1">27 MINIMUM PARTICULARS TO APPEAR ON SMALL IMMEDIATE PACKAGING UNITS</s>
<s id="s390.1">1.</s>
<s id="s390.2">NAME OF THE VETERINARY MEDICINAL PRODUCT</s>
<s id="s391.1">Novem 20 mg/ ml solution for injection for cattle and pigs Meloxicam</s>
<s id="s392.1">2.</s>
<s id="s392.2">QUANITITY OF THE ACTIVE SUBSTANCE(S)</s>
<s id="s393.1">Meloxicam</s>
<s id="s394.1">20 mg/ ml</s>
<s id="s395.1">3.</s>
<s id="s395.2">CONTENTS BY WEIGHT, BY VOLUME OR BY NUMBER OF DOSES</s>
<s id="s396.1">20 ml</s>
<s id="s397.1">4.</s>
<s id="s397.2">ROUTE(S) OF ADMINISTRATION</s>
<s id="s398.1">Cattle:</s>
<s id="s398.2">SC</s>
<s id="s399.1">Pigs:</s>
<s id="s399.2">IM</s>
<s id="s400.1">5.</s>
<s id="s400.2">WITHDRAWAL PERIODS</s>
<s id="s401.1">Cattle: meat and offal:</s>
<s id="s401.2">15 days; milk:</s>
<s id="s401.3">5 days</s>
<s id="s402.1">Pigs: meat and offal:</s>
<s id="s402.2">5 days</s>
<s id="s403.1">6.</s>
<s id="s403.2">BATCH NUMBER</s>
<s id="s404.1">Lot {number}</s>
<s id="s405.1">7.</s>
<s id="s405.2">EXPIRY DATE</s>
<s id="s406.1">EXP {month/ year} Shelf-life of broached vial:</s>
<s id="s406.2">28 days.</s>
<s id="s406.3">Once broached, use by …</s>
<s id="s407.1">8.</s>
<s id="s407.2">THE WORDS &quot;FOR ANIMAL TREATMENT ONLY&quot;</s>
<s id="s408.1">For animal treatment only.</s>
<s id="s409.1">28 B.</s>
<s id="s409.2">PACKAGE LEAFLET</s>
<s id="s410.1">29 PACKAGE LEAFLET FOR:</s>
<s id="s411.1">Novem 5 mg/ ml solution for injection for cattle and pigs</s>
<s id="s412.1">1.</s>
<s id="s412.2">NAME AND ADDRESS OF THE MARKETING AUTHORISATION HOLDER AND OF THE MANUFACTURING AUTHORISATION HOLDER RESPONSIBLE FOR BATCH RELEASE, IF DIFFERENT</s>
<s id="s413.1">Marketing authorisation holder Boehringer Ingelheim Vetmedica GmbH 55216 Ingelheim/ Rhein Germany</s>
<s id="s414.1">Manufacturer Labiana Life Sciences S. A.</s>
<s id="s414.2">Venus, 26 Can Parellada Industrial 08228 Terrassa Spain</s>
<s id="s415.1">2.</s>
<s id="s415.2">NAME OF THE VETERINARY MEDICINAL PRODUCT</s>
<s id="s416.1">Novem 5 mg/ ml solution for injection for cattle and pigs Meloxicam</s>
<s id="s417.1">3.</s>
<s id="s417.2">STATEMENT OF THE ACTIVE SUBSTANCE(S) AND OTHER INGREDIENTS</s>
<s id="s418.1">Meloxicam</s>
<s id="s419.1">5 mg/ ml</s>
<s id="s420.1">Ethanol</s>
<s id="s421.1">150 mg/ ml</s>
<s id="s422.1">4.</s>
<s id="s422.2">INDICATION(S)</s>
<s id="s423.1">Cattle:</s>
<s id="s423.2">For use in acute respiratory infection with appropriate antibiotic therapy to reduce clinical signs in cattle.</s>
<s id="s423.3">For use in diarrhoea in combination with oral re-hydration therapy to reduce clinical signs in calves of over one week of age and young, non-lactating cattle.</s>
<s id="s424.1">Pigs:</s>
<s id="s424.2">For use in non-infectious locomotor disorders to reduce the symptoms of lameness and inflammation.</s>
<s id="s425.1">5.</s>
<s id="s425.2">CONTRAINDICATIONS</s>
<s id="s426.1">Do not use in animals suffering from impaired hepatic, cardiac or renal function and haemorrhagic disorders, or where there is evidence of ulcerogenic gastrointestinal lesions Do not use in case of hypersensitivity to the active substance or to any of the excipients.</s>
<s id="s427.1">For the treatment of diarrhoea in cattle, do not use in animals of less than one week of age.</s>
<s id="s428.1">6.</s>
<s id="s428.2">ADVERSE REACTIONS</s>
<s id="s429.1">Subcutaneous and intramuscular administration is well tolerated; only a slight transient swelling at the injection site following subcutaneous administration was observed in less than 10% of the cattle treated in clinical studies.</s>
<s id="s430.1">30 In very rare cases anaphylactoid reactions may occur and should be treated symptomatically.</s>
<s id="s431.1">If you notice any serious effects or other effects not mentioned in this leaflet, please inform your veterinary surgeon.</s>
<s id="s432.1">7.</s>
<s id="s432.2">TARGET SPECIES</s>
<s id="s433.1">Cattle (calves and young cattle) and pigs</s>
<s id="s434.1">8.</s>
<s id="s434.2">DOSAGE FOR EACH SPECIES, ROUTE(S) AND METHOD OF ADMINISTRATION</s>
<s id="s435.1">Cattle:</s>
<s id="s435.2">Single subcutaneous injection at a dosage of 0.5 mg meloxicam/ kg body weight (i. e.</s>
<s id="s435.3">10.0 ml/ 100 kg body weight) in combination with antibiotic therapy or with oral re-hydration therapy, as appropriate.</s>
<s id="s436.1">Pigs:</s>
<s id="s436.2">Single intramuscular injection at a dosage of 0.4 mg meloxicam/ kg body weight (i. e.</s>
<s id="s436.3">2.0 ml/ 25 kg body weight).</s>
<s id="s436.4">If required, a second administration of meloxicam can be given after 24 hours.</s>
<s id="s437.1">9.</s>
<s id="s437.2">ADVICE ON CORRECT ADMINISTRATION</s>
<s id="s438.1">Avoid introduction of contamination during use.</s>
<s id="s439.1">10.</s>
<s id="s439.2">WITHDRAWAL PERIOD</s>
<s id="s440.1">Cattle: meat and offal:</s>
<s id="s440.2">15 days</s>
<s id="s441.1">Pigs: meat and offal:</s>
<s id="s441.2">5 days</s>
<s id="s442.1">11.</s>
<s id="s442.2">SPECIAL STORAGE PRECAUTIONS</s>
<s id="s443.1">Keep out of the reach and sight of children.</s>
<s id="s444.1">Do not store above 25°C.</s>
<s id="s445.1">Shelf-life after first opening the container:</s>
<s id="s445.2">28 days.</s>
<s id="s446.1">Do not use after the expiry date (EXP) stated on the carton and bottle.</s>
<s id="s447.1">12.</s>
<s id="s447.2">SPECIAL WARNING(S)</s>
<s id="s448.1">Precautions for use in animals If adverse reactions occur, treatment should be discontinued and the advice of a veterinarian should be sought.</s>
<s id="s448.2">Avoid use in very severely dehydrated, hypovolaemic or hypotensive animals which require parenteral rehydration, as there may be a potential risk of renal toxicity.</s>
<s id="s449.1">31 Precautions to be taken by the person administering the product Accidental self-injection may give rise to pain.</s>
<s id="s449.2">People with known hypersensitivity to Non-Steroidal Anti-Inflammatory Drugs (NSAIDs) should avoid contact with the veterinary medicinal product.</s>
<s id="s449.3">In case of accidental self-injection, seek medical advice immediately and show this package leaflet or the label to the physician.</s>
<s id="s450.1">Use during pregnancy and lactation Cattle:</s>
<s id="s450.2">Can be used during pregnancy.</s>
<s id="s450.3">Pigs:</s>
<s id="s450.4">Can be used during pregnancy and lactation.</s>
<s id="s451.1">Interactions Do not administer concurrently with glucocorticosteroids, other non-steroidal anti-inflammatory drugs or with anti-coagulant agents.</s>
<s id="s452.1">Overdose In the case of overdosage symptomatic treatment should be initiated.</s>
<s id="s453.1">13.</s>
<s id="s453.2">SPECIAL PRECAUTIONS FOR THE DISPOSAL OF UNUSED PRODUCT OR WASTE MATERIALS, IF ANY</s>
<s id="s454.1">Waste materials should be disposed of in accordance with local requirements.</s>
<s id="s455.1">14.</s>
<s id="s455.2">DATE ON WHICH THE PACKAGE LEAFLET WAS LAST APPROVED</s>
<s id="s456.1">13.01.2009</s>
<s id="s457.1">Detailed information on this veterinary medicinal product is available on the website of the European Medicines Agency (EMEA) http: / /www. emea. europa. eu/.</s>
<s id="s458.1">15.</s>
<s id="s458.2">OTHER INFORMATION</s>
<s id="s459.1">Cardboard box with 1 or 12 colourless glass injection vial(s) of 100 ml.</s>
<s id="s459.2">Not all pack sizes may be marketed.</s>
<s id="s460.1">32 PACKAGE LEAFLET FOR:</s>
<s id="s461.1">Novem 20 mg/ ml solution for injection for cattle and pigs</s>
<s id="s462.1">1.</s>
<s id="s462.2">NAME AND ADDRESS OF THE MARKETING AUTHORISATION HOLDER AND OF THE MANUFACTURING AUTHORISATION HOLDER RESPONSIBLE FOR BATCH RELEASE, IF DIFFERENT</s>
<s id="s463.1">Marketing authorisation holder Boehringer Ingelheim Vetmedica GmbH 55216 Ingelheim/ Rhein Germany</s>
<s id="s464.1">Manufacturer Labiana Life Sciences S. A.</s>
<s id="s464.2">Venus, 26 Can Parellada Industrial 08228 Terrassa Spain</s>
<s id="s465.1">2.</s>
<s id="s465.2">NAME OF THE VETERINARY MEDICINAL PRODUCT</s>
<s id="s466.1">Novem 20 mg/ ml solution for injection for cattle and pigs Meloxicam</s>
<s id="s467.1">3.</s>
<s id="s467.2">STATEMENT OF THE ACTIVE SUBSTANCE(S) AND OTHER INGREDIENTS</s>
<s id="s468.1">Meloxicam</s>
<s id="s469.1">20 mg/ ml</s>
<s id="s470.1">Ethanol</s>
<s id="s471.1">150 mg/ ml</s>
<s id="s472.1">4.</s>
<s id="s472.2">INDICATION(S)</s>
<s id="s473.1">Cattle:</s>
<s id="s473.2">For use in acute respiratory infection with appropriate antibiotic therapy to reduce clinical signs in cattle.</s>
<s id="s473.3">For use in diarrhoea in combination with oral re-hydration therapy to reduce clinical signs in calves of over one week of age and young, non-lactating cattle.</s>
<s id="s473.4">For adjunctive therapy in the treatment of acute mastitis, in combination with antibiotic therapy.</s>
<s id="s474.1">Pigs:</s>
<s id="s474.2">For use in non-infectious locomotor disorders to reduce the symptoms of lameness and inflammation.</s>
<s id="s474.3">For adjunctive therapy in the treatment of puerperal septicaemia and toxaemia (mastitis-metritis- agalactia syndrome) with appropriate antibiotic therapy.</s>
<s id="s475.1">5.</s>
<s id="s475.2">CONTRAINDICATIONS</s>
<s id="s476.1">Do not use in animals suffering from impaired hepatic, cardiac or renal function and haemorrhagic disorders, or where there is evidence of ulcerogenic gastrointestinal lesions.</s>
<s id="s477.1">33 Do not use in case of hypersensitivity to the active substance or to any of the excipients.</s>
<s id="s478.1">For the treatment of diarrhoea in cattle, do not use in animals of less than one week of age.</s>
<s id="s479.1">6.</s>
<s id="s479.2">ADVERSE REACTIONS</s>
<s id="s480.1">Subcutaneous and intramuscular administration is well tolerated; only a slight transient swelling at the injection site following subcutaneous administration was observed in less than 10% of the cattle treated in clinical studies.</s>
<s id="s481.1">In very rare cases anaphylactoid reactions may occur and should be treated symptomatically.</s>
<s id="s482.1">If you notice any serious effects or other effects not mentioned in this leaflet, please inform your veterinary surgeon.</s>
<s id="s483.1">7.</s>
<s id="s483.2">TARGET SPECIES</s>
<s id="s484.1">Cattle and pigs</s>
<s id="s485.1">8.</s>
<s id="s485.2">DOSAGE FOR EACH SPECIES, ROUTE(S) AND METHOD OF ADMINISTRATION</s>
<s id="s486.1">Cattle:</s>
<s id="s486.2">Single subcutaneous injection at a dosage of 0.5 mg meloxicam/ kg body weight (i. e.</s>
<s id="s486.3">2.5 ml/ 100 kg body weight) in combination with antibiotic therapy or with oral re-hydration therapy, as appropriate.</s>
<s id="s487.1">Pigs:</s>
<s id="s487.2">Single intramuscular injection at a dosage of 0.4 mg meloxicam/ kg body weight (i. e.</s>
<s id="s487.3">2.0 ml/ 100 kg body weight) in combination with antibiotic therapy, as appropriate.</s>
<s id="s487.4">If required, a second administration of meloxicam can be given after 24 hours.</s>
<s id="s488.1">9.</s>
<s id="s488.2">ADVICE ON CORRECT ADMINISTRATION</s>
<s id="s489.1">Avoid introduction of contamination during use.</s>
<s id="s490.1">10.</s>
<s id="s490.2">WITHDRAWAL PERIODS</s>
<s id="s491.1">Cattle: meat and offal:</s>
<s id="s491.2">15 days; milk:</s>
<s id="s491.3">5 days</s>
<s id="s492.1">Pigs: meat and offal:</s>
<s id="s492.2">5 days</s>
<s id="s493.1">11.</s>
<s id="s493.2">SPECIAL STORAGE PRECAUTIONS</s>
<s id="s494.1">Keep out of the reach and sight of children.</s>
<s id="s495.1">This veterinary medicinal product does not require any special storage conditions.</s>
<s id="s496.1">34 Do not use after the expiry date (EXP) stated on the carton and vial.</s>
<s id="s497.1">Shelf-life after first opening the container:</s>
<s id="s497.2">28 days.</s>
<s id="s498.1">12.</s>
<s id="s498.2">SPECIAL WARNING(S)</s>
<s id="s499.1">Precautions for use in animals If adverse reactions occur, treatment should be discontinued and the advice of a veterinarian should be sought.</s>
<s id="s499.2">Avoid use in very severely dehydrated, hypovolaemic or hypotensive animals which require parenteral rehydration, as there may be a potential risk of renal toxicity.</s>
<s id="s500.1">Precautions to be taken by the person administering the product Accidental self-injection may give rise to pain.</s>
<s id="s500.2">People with known hypersensitivity to Non-Steroidal Anti-Inflammatory Drugs (NSAIDs) should avoid contact with the veterinary medicinal product.</s>
<s id="s500.3">In case of accidental self-injection, seek medical advice immediately and show this package leaflet or the label to the physician.</s>
<s id="s501.1">Use during pregnancy and lactation Can be used during pregnancy and lactation.</s>
<s id="s502.1">Interactions Do not administer concurrently with glucocorticosteroids, other non-steroidal anti-inflammatory drugs or with anti-coagulant agents.</s>
<s id="s503.1">Overdose In the case of overdosage, symptomatic treatment should be initiated.</s>
<s id="s504.1">13.</s>
<s id="s504.2">SPECIAL PRECAUTIONS FOR THE DISPOSAL OF UNUSED PRODUCT OR WASTE MATERIALS, IF ANY</s>
<s id="s505.1">Waste materials should be disposed of in accordance with local requirements.</s>
<s id="s506.1">14.</s>
<s id="s506.2">DATE ON WHICH THE PACKAGE LEAFLET WAS LAST APPROVED</s>
<s id="s507.1">12.03.2009</s>
<s id="s508.1">Detailed information on this veterinary medicinal product is available on the website of the European Medicines Agency (EMEA) http: / /www. emea. europa. eu/.</s>
<s id="s509.1">15.</s>
<s id="s509.2">OTHER INFORMATION</s>
<s id="s510.1">20, 50, 100 or 250 ml injection vials.</s>
<s id="s510.2">Not all pack sizes may be marketed.</s>
<s id="s511.1">35</s>
</body>
</letsmt>
