<?xml version="1.0" encoding="utf-8"?>
<text>
<p id="1">
<s id="s1.1">
 <w id="w1.1.1">DODATEK</w>
</s></p>

<p id="2">
<s id="s2.1">
 <w id="w2.1.1">POGOJI</w> 
 <w id="w2.1.2">ALI</w> 
 <w id="w2.1.3">OMEJITVE</w> 
 <w id="w2.1.4">V</w> 
 <w id="w2.1.5">ZVEZI</w> 
 <w id="w2.1.6">Z</w> 
 <w id="w2.1.7">VARNO</w> 
 <w id="w2.1.8">IN</w> 
 <w id="w2.1.9">UČINKOVITO</w> 
 <w id="w2.1.10">UPORABO</w> 
 <w id="w2.1.11">ZDRAVILA</w>
 <w id="w2.1.12">,</w>              
 <w id="w2.1.13">KI</w> 
 <w id="w2.1.14">JIH</w> 
 <w id="w2.1.15">MORAJO</w> 
 <w id="w2.1.16">UPOŠTEVATI</w> 
 <w id="w2.1.17">DRŽAVE</w> 
 <w id="w2.1.18">ČLANICE</w>
</s></p>

<p id="3">
<s id="s3.1">
 <w id="w3.1.1">1</w>       
 <w id="w3.1.2">POGOJI</w> 
 <w id="w3.1.3">ALI</w> 
 <w id="w3.1.4">OMEJITVE</w> 
 <w id="w3.1.5">V</w> 
 <w id="w3.1.6">ZVEZI</w> 
 <w id="w3.1.7">Z</w> 
 <w id="w3.1.8">VARNO</w> 
 <w id="w3.1.9">IN</w> 
 <w id="w3.1.10">UČINKOVITO</w> 
 <w id="w3.1.11">UPORABO</w>       
 <w id="w3.1.12">ZDRAVILA</w>
 <w id="w3.1.13">,</w> 
 <w id="w3.1.14">KI</w> 
 <w id="w3.1.15">JIH</w> 
 <w id="w3.1.16">MORAJO</w> 
 <w id="w3.1.17">UPOŠTEVATI</w> 
 <w id="w3.1.18">DRŽAVE</w> 
 <w id="w3.1.19">ČLANICE</w>
</s></p>

<p id="4">
<s id="s4.1">
 <w id="w4.1.1">Države</w> 
 <w id="w4.1.2">članice</w> 
 <w id="w4.1.3">morajo</w> 
 <w id="w4.1.4">zagotoviti</w>
 <w id="w4.1.5">,</w> 
 <w id="w4.1.6">da</w> 
 <w id="w4.1.7">imetnik</w> 
 <w id="w4.1.8">dovoljenja</w> 
 <w id="w4.1.9">za</w> 
 <w id="w4.1.10">promet</w> 
 <w id="w4.1.11">z</w> 
 <w id="w4.1.12">zdravilom</w> 
 <w id="w4.1.13">pred</w> 
 <w id="w4.1.14">lansiranjem</w> 
 <w id="w4.1.15">zdravila</w> 
 <w id="w4.1.16">zdravnikom</w> 
 <w id="w4.1.17">v</w> 
 <w id="w4.1.18">centrih</w> 
 <w id="w4.1.19">za</w> 
 <w id="w4.1.20">dializo</w> 
 <w id="w4.1.21">in</w> 
 <w id="w4.1.22">maloprodajnim</w> 
 <w id="w4.1.23">lekarnam</w> 
 <w id="w4.1.24">predloži</w> 
 <w id="w4.1.25">naslednje</w>
 <w id="w4.1.26">:</w>
</s></p>

<p id="5">
<s id="s5.1">
 <w id="w5.1.1">•</w>     
 <w id="w5.1.2">izobraževalno</w> 
 <w id="w5.1.3">brošuro</w>
 <w id="w5.1.4">;</w> 
 <w id="w5.1.5">•</w>     
 <w id="w5.1.6">povzetek</w> 
 <w id="w5.1.7">glavnih</w> 
 <w id="w5.1.8">značilnosti</w> 
 <w id="w5.1.9">zdravila</w>
 <w id="w5.1.10">,</w> 
 <w id="w5.1.11">navodilo</w> 
 <w id="w5.1.12">za</w> 
 <w id="w5.1.13">uporabo</w> 
 <w id="w5.1.14">in</w> 
 <w id="w5.1.15">označevanje</w>
 <w id="w5.1.16">;</w> 
 <w id="w5.1.17">•</w>     
 <w id="w5.1.18">hladne</w> 
 <w id="w5.1.19">škatle</w> 
 <w id="w5.1.20">za</w> 
 <w id="w5.1.21">bolnike</w>
 <w id="w5.1.22">,</w> 
 <w id="w5.1.23">na</w> 
 <w id="w5.1.24">katerih</w> 
 <w id="w5.1.25">je</w> 
 <w id="w5.1.26">jasno</w> 
 <w id="w5.1.27">označen</w> 
 <w id="w5.1.28">vizualni</w> 
 <w id="w5.1.29">pripomoček</w>
 <w id="w5.1.30">,</w> 
 <w id="w5.1.31">ki</w> 
 <w id="w5.1.32">kaže</w> 
 <w id="w5.1.33">pravilno</w>       
 <w id="w5.1.34">uporabo</w> 
 <w id="w5.1.35">zdravila</w>
 <w id="w5.1.36">.</w>
</s></p>

<p id="6">
<s id="s6.1">
 <w id="w6.1.1">Izobraževalna</w> 
 <w id="w6.1.2">brošura</w> 
 <w id="w6.1.3">mora</w> 
 <w id="w6.1.4">vsebovati</w> 
 <w id="w6.1.5">naslednje</w> 
 <w id="w6.1.6">ključne</w> 
 <w id="w6.1.7">elemente</w>
 <w id="w6.1.8">:</w> 
 <w id="w6.1.9">•</w>     
 <w id="w6.1.10">Uporaba</w> 
 <w id="w6.1.11">zdravil</w> 
 <w id="w6.1.12">z</w> 
 <w id="w6.1.13">epoteinom</w> 
 <w id="w6.1.14">alfa</w> 
 <w id="w6.1.15">lahko</w> 
 <w id="w6.1.16">povzroči</w> 
 <w id="w6.1.17">imunogenost</w>
 <w id="w6.1.18">,</w> 
 <w id="w6.1.19">ki</w> 
 <w id="w6.1.20">lahko</w> 
 <w id="w6.1.21">v</w> 
 <w id="w6.1.22">redkih</w> 
 <w id="w6.1.23">primerih</w>       
 <w id="w6.1.24">povzroči</w> 
 <w id="w6.1.25">čisto</w> 
 <w id="w6.1.26">aplastično</w> 
 <w id="w6.1.27">anemijo</w> 
 <w id="w6.1.28">(</w>
 <w id="w6.1.29">Pure</w> 
 <w id="w6.1.30">Red</w> 
 <w id="w6.1.31">Cell</w> 
 <w id="w6.1.32">Aplasia</w> 
 <w id="w6.1.33">–</w> 
 <w id="w6.1.34">PRCA</w>
 <w id="w6.1.35">)</w>
 <w id="w6.1.36">.</w> 
 <w id="w6.1.37">•</w>     
 <w id="w6.1.38">Pri</w> 
 <w id="w6.1.39">drugih</w> 
 <w id="w6.1.40">zdravilih</w>
 <w id="w6.1.41">,</w> 
 <w id="w6.1.42">ki</w> 
 <w id="w6.1.43">vsebujejo</w> 
 <w id="w6.1.44">epotein</w>
 <w id="w6.1.45">,</w> 
 <w id="w6.1.46">je</w> 
 <w id="w6.1.47">tveganje</w> 
 <w id="w6.1.48">za</w> 
 <w id="w6.1.49">pojav</w> 
 <w id="w6.1.50">imunogenosti</w> 
 <w id="w6.1.51">pri</w> 
 <w id="w6.1.52">kronični</w>       
 <w id="w6.1.53">ledvični</w> 
 <w id="w6.1.54">bolezni</w> 
 <w id="w6.1.55">(</w>
 <w id="w6.1.56">KLB</w>
 <w id="w6.1.57">)</w> 
 <w id="w6.1.58">povečano</w> 
 <w id="w6.1.59">pri</w> 
 <w id="w6.1.60">uporabi</w> 
 <w id="w6.1.61">subkutane</w> 
 <w id="w6.1.62">(</w>
 <w id="w6.1.63">s</w>
 <w id="w6.1.64">.</w> 
 <w id="w6.1.65">c</w>
 <w id="w6.1.66">.</w>
 <w id="w6.1.67">)</w> 
 <w id="w6.1.68">poti</w> 
 <w id="w6.1.69">odmerjanja</w>
 <w id="w6.1.70">.</w> 
 <w id="w6.1.71">•</w>     
 <w id="w6.1.72">Podatkov</w> 
 <w id="w6.1.73">o</w> 
 <w id="w6.1.74">zdravilu</w> 
 <w id="w6.1.75">Abseamed</w> 
 <w id="w6.1.76">je</w> 
 <w id="w6.1.77">premalo</w>
 <w id="w6.1.78">,</w> 
 <w id="w6.1.79">da</w> 
 <w id="w6.1.80">bi</w> 
 <w id="w6.1.81">vedeli</w>
 <w id="w6.1.82">,</w> 
 <w id="w6.1.83">za</w> 
 <w id="w6.1.84">koliko</w> 
 <w id="w6.1.85">se</w> 
 <w id="w6.1.86">poveča</w> 
 <w id="w6.1.87">tveganje</w> 
 <w id="w6.1.88">za</w> 
 <w id="w6.1.89">pojav</w>       
 <w id="w6.1.90">imunogenosti</w> 
 <w id="w6.1.91">pri</w> 
 <w id="w6.1.92">subkutani</w> 
 <w id="w6.1.93">uporabi</w> 
 <w id="w6.1.94">zdravila</w>
 <w id="w6.1.95">.</w> 
 <w id="w6.1.96">•</w>     
 <w id="w6.1.97">Subkutana</w> 
 <w id="w6.1.98">pot</w> 
 <w id="w6.1.99">odmerjanja</w> 
 <w id="w6.1.100">zato</w> 
 <w id="w6.1.101">ni</w> 
 <w id="w6.1.102">priporočena</w> 
 <w id="w6.1.103">za</w> 
 <w id="w6.1.104">bolnike</w> 
 <w id="w6.1.105">s</w> 
 <w id="w6.1.106">KLB</w>
 <w id="w6.1.107">.</w> 
 <w id="w6.1.108">•</w>     
 <w id="w6.1.109">Treba</w> 
 <w id="w6.1.110">je</w> 
 <w id="w6.1.111">raziskati</w> 
 <w id="w6.1.112">izgubo</w> 
 <w id="w6.1.113">učinkovitosti</w> 
 <w id="w6.1.114">ali</w> 
 <w id="w6.1.115">druge</w> 
 <w id="w6.1.116">simptome</w> 
 <w id="w6.1.117">pojava</w> 
 <w id="w6.1.118">imunogenosti</w>
 <w id="w6.1.119">.</w> 
 <w id="w6.1.120">•</w>     
 <w id="w6.1.121">Vse</w> 
 <w id="w6.1.122">primere</w> 
 <w id="w6.1.123">suma</w> 
 <w id="w6.1.124">čiste</w> 
 <w id="w6.1.125">aplastične</w> 
 <w id="w6.1.126">anemije</w> 
 <w id="w6.1.127">ali</w> 
 <w id="w6.1.128">pojava</w> 
 <w id="w6.1.129">imunogenosti</w> 
 <w id="w6.1.130">je</w> 
 <w id="w6.1.131">treba</w> 
 <w id="w6.1.132">sporočiti</w> 
 <w id="w6.1.133">imetniku</w>       
 <w id="w6.1.134">dovoljenja</w> 
 <w id="w6.1.135">za</w> 
 <w id="w6.1.136">promet</w> 
 <w id="w6.1.137">z</w> 
 <w id="w6.1.138">zdravilom</w>
 <w id="w6.1.139">.</w>
</s></p>

<p id="7">
<s id="s7.1">
 <w id="w7.1.1">2</w>
</s></p></text>
