<?xml version="1.0" encoding="utf-8"?>
<text>
<p id="1">
<s id="s1.1">
 <w id="w1.1.1">European</w> 
 <w id="w1.1.2">Medicines</w> 
 <w id="w1.1.3">Agency</w>
</s></p>

<p id="2">
<s id="s2.1">
 <w id="w2.1.1">EMEA/</w>
 <w id="w2.1.2">H/</w>
 <w id="w2.1.3">C/</w>
 <w id="w2.1.4">727</w>
</s></p>

<p id="3">
<s id="s3.1">
 <w id="w3.1.1">EVROPSKO</w> 
 <w id="w3.1.2">JAVNO</w> 
 <w id="w3.1.3">POROČILO</w> 
 <w id="w3.1.4">O</w> 
 <w id="w3.1.5">OCENI</w> 
 <w id="w3.1.6">ZDRAVILA</w> 
 <w id="w3.1.7">(</w>
 <w id="w3.1.8">EPAR</w>
 <w id="w3.1.9">)</w>
</s></p>

<p id="4">
<s id="s4.1">
 <w id="w4.1.1">ABSEAMED</w>
</s></p>

<p id="5">
<s id="s5.1">
 <w id="w5.1.1">Povzetek</w> 
 <w id="w5.1.2">EPAR</w> 
 <w id="w5.1.3">za</w> 
 <w id="w5.1.4">javnost</w>
</s></p>

<p id="6">
<s id="s6.1">
 <w id="w6.1.1">Ta</w> 
 <w id="w6.1.2">dokument</w> 
 <w id="w6.1.3">je</w> 
 <w id="w6.1.4">povzetek</w> 
 <w id="w6.1.5">evropskega</w> 
 <w id="w6.1.6">javnega</w> 
 <w id="w6.1.7">poročila</w> 
 <w id="w6.1.8">o</w> 
 <w id="w6.1.9">oceni</w> 
 <w id="w6.1.10">zdravila</w> 
 <w id="w6.1.11">(</w>
 <w id="w6.1.12">EPAR</w>
 <w id="w6.1.13">)</w>
 <w id="w6.1.14">.</w>
</s> 
 
<s id="s6.2">
 <w id="w6.2.1">Pojasnjuje</w>
 <w id="w6.2.2">,</w> 
 <w id="w6.2.3">kako</w> 
 <w id="w6.2.4">je</w> 
 <w id="w6.2.5">Odbor</w> 
 <w id="w6.2.6">za</w> 
 <w id="w6.2.7">zdravila</w> 
 <w id="w6.2.8">za</w> 
 <w id="w6.2.9">uporabo</w> 
 <w id="w6.2.10">v</w> 
 <w id="w6.2.11">humani</w> 
 <w id="w6.2.12">medicini</w> 
 <w id="w6.2.13">(</w>
 <w id="w6.2.14">CHMP</w>
 <w id="w6.2.15">)</w> 
 <w id="w6.2.16">ocenil</w> 
 <w id="w6.2.17">opravljene</w> 
 <w id="w6.2.18">študije</w>
 <w id="w6.2.19">,</w> 
 <w id="w6.2.20">na</w> 
 <w id="w6.2.21">podlagi</w> 
 <w id="w6.2.22">katerih</w> 
 <w id="w6.2.23">je</w> 
 <w id="w6.2.24">oblikoval</w> 
 <w id="w6.2.25">priporočila</w> 
 <w id="w6.2.26">glede</w> 
 <w id="w6.2.27">uporabe</w> 
 <w id="w6.2.28">zdravila</w>
 <w id="w6.2.29">.</w>
</s> 
 
<s id="s6.3">
 <w id="w6.3.1">Če</w> 
 <w id="w6.3.2">potrebujete</w> 
 <w id="w6.3.3">več</w> 
 <w id="w6.3.4">informacij</w> 
 <w id="w6.3.5">o</w> 
 <w id="w6.3.6">svojem</w> 
 <w id="w6.3.7">zdravstvenem</w> 
 <w id="w6.3.8">stanju</w> 
 <w id="w6.3.9">ali</w> 
 <w id="w6.3.10">zdravljenju</w>
 <w id="w6.3.11">,</w> 
 <w id="w6.3.12">preberite</w> 
 <w id="w6.3.13">navodilo</w> 
 <w id="w6.3.14">za</w> 
 <w id="w6.3.15">uporabo</w> 
 <w id="w6.3.16">(</w>
 <w id="w6.3.17">ki</w> 
 <w id="w6.3.18">je</w> 
 <w id="w6.3.19">prav</w> 
 <w id="w6.3.20">tako</w> 
 <w id="w6.3.21">del</w> 
 <w id="w6.3.22">EPAR</w>
 <w id="w6.3.23">)</w> 
 <w id="w6.3.24">ali</w> 
 <w id="w6.3.25">se</w> 
 <w id="w6.3.26">posvetujte</w> 
 <w id="w6.3.27">s</w> 
 <w id="w6.3.28">svojim</w> 
 <w id="w6.3.29">zdravnikom</w> 
 <w id="w6.3.30">ali</w> 
 <w id="w6.3.31">farmacevtom</w>
 <w id="w6.3.32">.</w>
</s> 
 
<s id="s6.4">
 <w id="w6.4.1">Če</w> 
 <w id="w6.4.2">želite</w> 
 <w id="w6.4.3">več</w> 
 <w id="w6.4.4">informacij</w>
 <w id="w6.4.5">,</w> 
 <w id="w6.4.6">ki</w> 
 <w id="w6.4.7">temeljijo</w> 
 <w id="w6.4.8">na</w> 
 <w id="w6.4.9">priporočilih</w> 
 <w id="w6.4.10">CHMP</w>
 <w id="w6.4.11">,</w> 
 <w id="w6.4.12">preberite</w> 
 <w id="w6.4.13">znanstveno</w> 
 <w id="w6.4.14">razpravo</w> 
 <w id="w6.4.15">(</w>
 <w id="w6.4.16">ki</w> 
 <w id="w6.4.17">je</w> 
 <w id="w6.4.18">prav</w> 
 <w id="w6.4.19">tako</w> 
 <w id="w6.4.20">del</w> 
 <w id="w6.4.21">EPAR</w>
 <w id="w6.4.22">)</w>
 <w id="w6.4.23">.</w>
</s></p>

<p id="7">
<s id="s7.1">
 <w id="w7.1.1">Kaj</w> 
 <w id="w7.1.2">je</w> 
 <w id="w7.1.3">zdravilo</w> 
 <w id="w7.1.4">Abseamed</w>
 <w id="w7.1.5">?</w>
</s> 
 
<s id="s7.2">
 <w id="w7.2.1">Zdravilo</w> 
 <w id="w7.2.2">Abseamed</w> 
 <w id="w7.2.3">je</w> 
 <w id="w7.2.4">raztopina</w> 
 <w id="w7.2.5">za</w> 
 <w id="w7.2.6">injiciranje</w>
 <w id="w7.2.7">.</w>
</s> 
 
<s id="s7.3">
 <w id="w7.3.1">Na</w> 
 <w id="w7.3.2">voljo</w> 
 <w id="w7.3.3">je</w> 
 <w id="w7.3.4">v</w> 
 <w id="w7.3.5">obliki</w> 
 <w id="w7.3.6">napolnjene</w> 
 <w id="w7.3.7">injekcijske</w> 
 <w id="w7.3.8">brizge</w>
 <w id="w7.3.9">,</w> 
 <w id="w7.3.10">ki</w> 
 <w id="w7.3.11">vsebuje</w> 
 <w id="w7.3.12">med</w> 
 <w id="w7.3.13">1</w> 
 <w id="w7.3.14">000</w> 
 <w id="w7.3.15">in</w> 
 <w id="w7.3.16">10</w> 
 <w id="w7.3.17">000</w> 
 <w id="w7.3.18">mednarodnih</w> 
 <w id="w7.3.19">enot</w> 
 <w id="w7.3.20">(</w>
 <w id="w7.3.21">i.</w>
 <w id="w7.3.22">e</w>
 <w id="w7.3.23">.</w>
 <w id="w7.3.24">)</w> 
 <w id="w7.3.25">zdravilne</w> 
 <w id="w7.3.26">učinkovine</w> 
 <w id="w7.3.27">epoetin</w> 
 <w id="w7.3.28">alfa</w>
 <w id="w7.3.29">.</w>
</s> 
 
<s id="s7.4">
 <w id="w7.4.1">Zdravilo</w> 
 <w id="w7.4.2">Abseamed</w> 
 <w id="w7.4.3">je</w> 
 <w id="w7.4.4">„</w>
 <w id="w7.4.5">podobno</w> 
 <w id="w7.4.6">biološko</w>
 <w id="w7.4.7">“</w> 
 <w id="w7.4.8">zdravilo</w>
 <w id="w7.4.9">.</w>
</s> 
 
<s id="s7.5">
 <w id="w7.5.1">To</w> 
 <w id="w7.5.2">pomeni</w>
 <w id="w7.5.3">,</w> 
 <w id="w7.5.4">da</w> 
 <w id="w7.5.5">je</w> 
 <w id="w7.5.6">zdravilo</w> 
 <w id="w7.5.7">Abseamed</w> 
 <w id="w7.5.8">podobno</w> 
 <w id="w7.5.9">biološkemu</w> 
 <w id="w7.5.10">zdravilu</w>
 <w id="w7.5.11">,</w> 
 <w id="w7.5.12">ki</w> 
 <w id="w7.5.13">je</w> 
 <w id="w7.5.14">v</w> 
 <w id="w7.5.15">Evropski</w> 
 <w id="w7.5.16">uniji</w> 
 <w id="w7.5.17">(</w>
 <w id="w7.5.18">EU</w>
 <w id="w7.5.19">)</w> 
 <w id="w7.5.20">že</w> 
 <w id="w7.5.21">odobreno</w> 
 <w id="w7.5.22">in</w> 
 <w id="w7.5.23">vsebuje</w> 
 <w id="w7.5.24">isto</w> 
 <w id="w7.5.25">zdravilno</w> 
 <w id="w7.5.26">učinkovino</w> 
 <w id="w7.5.27">(</w>
 <w id="w7.5.28">znano</w> 
 <w id="w7.5.29">tudi</w> 
 <w id="w7.5.30">kot</w> 
 <w id="w7.5.31">„</w>
 <w id="w7.5.32">referenčno</w> 
 <w id="w7.5.33">zdravilo</w>
 <w id="w7.5.34">“</w>
 <w id="w7.5.35">)</w>
 <w id="w7.5.36">.</w>
</s> 
 
<s id="s7.6">
 <w id="w7.6.1">Referenčno</w> 
 <w id="w7.6.2">zdravilo</w> 
 <w id="w7.6.3">za</w> 
 <w id="w7.6.4">Abseamed</w> 
 <w id="w7.6.5">je</w> 
 <w id="w7.6.6">zdravilo</w> 
 <w id="w7.6.7">Eprex/</w>
 <w id="w7.6.8">Erypo</w>
 <w id="w7.6.9">.</w>
</s> 
 
<s id="s7.7">
 <w id="w7.7.1">Za</w> 
 <w id="w7.7.2">več</w> 
 <w id="w7.7.3">informacij</w> 
 <w id="w7.7.4">o</w> 
 <w id="w7.7.5">biološko</w> 
 <w id="w7.7.6">podobnih</w> 
 <w id="w7.7.7">zdravilih</w> 
 <w id="w7.7.8">si</w> 
 <w id="w7.7.9">oglejte</w> 
 <w id="w7.7.10">dokument</w> 
 <w id="w7.7.11">z</w> 
 <w id="w7.7.12">vprašanji</w> 
 <w id="w7.7.13">in</w> 
 <w id="w7.7.14">odgovori</w>
 <w id="w7.7.15">,</w> 
 <w id="w7.7.16">ki</w> 
 <w id="w7.7.17">je</w> 
 <w id="w7.7.18">na</w> 
 <w id="w7.7.19">voljo</w> 
 <w id="w7.7.20">tukaj</w>
 <w id="w7.7.21">.</w>
</s></p>

<p id="8">
<s id="s8.1">
 <w id="w8.1.1">Za</w> 
 <w id="w8.1.2">kaj</w> 
 <w id="w8.1.3">se</w> 
 <w id="w8.1.4">zdravilo</w> 
 <w id="w8.1.5">Abseamed</w> 
 <w id="w8.1.6">uporablja</w>
 <w id="w8.1.7">?</w>
</s> 
 
<s id="s8.2">
 <w id="w8.2.1">Zdravilo</w> 
 <w id="w8.2.2">Abseamed</w> 
 <w id="w8.2.3">se</w> 
 <w id="w8.2.4">uporablja</w> 
 <w id="w8.2.5">v</w> 
 <w id="w8.2.6">naslednji</w> 
 <w id="w8.2.7">primerih</w>
 <w id="w8.2.8">:</w> 
 <w id="w8.2.9">•</w> 
 <w id="w8.2.10">za</w> 
 <w id="w8.2.11">zdravljenje</w> 
 <w id="w8.2.12">anemije</w> 
 <w id="w8.2.13">(</w>
 <w id="w8.2.14">majhno</w> 
 <w id="w8.2.15">število</w> 
 <w id="w8.2.16">rdečih</w> 
 <w id="w8.2.17">krvnih</w> 
 <w id="w8.2.18">celic</w>
 <w id="w8.2.19">)</w>
 <w id="w8.2.20">,</w> 
 <w id="w8.2.21">ki</w> 
 <w id="w8.2.22">povzroča</w> 
 <w id="w8.2.23">simptome</w> 
 <w id="w8.2.24">pri</w> 
 <w id="w8.2.25">bolnikih</w> 
 <w id="w8.2.26">s</w>    
 <w id="w8.2.27">kronično</w> 
 <w id="w8.2.28">odpovedjo</w> 
 <w id="w8.2.29">ledvic</w> 
 <w id="w8.2.30">(</w>
 <w id="w8.2.31">dolgotrajno</w> 
 <w id="w8.2.32">in</w> 
 <w id="w8.2.33">napredujoče</w> 
 <w id="w8.2.34">upadanje</w> 
 <w id="w8.2.35">sposobnosti</w> 
 <w id="w8.2.36">ledvic</w> 
 <w id="w8.2.37">za</w> 
 <w id="w8.2.38">pravilno</w>    
 <w id="w8.2.39">delovanje</w>
 <w id="w8.2.40">)</w> 
 <w id="w8.2.41">ali</w> 
 <w id="w8.2.42">drugimi</w> 
 <w id="w8.2.43">težavami</w> 
 <w id="w8.2.44">z</w> 
 <w id="w8.2.45">ledvicami</w>
 <w id="w8.2.46">;</w> 
 <w id="w8.2.47">•</w> 
 <w id="w8.2.48">za</w> 
 <w id="w8.2.49">zdravljenje</w> 
 <w id="w8.2.50">anemije</w> 
 <w id="w8.2.51">pri</w> 
 <w id="w8.2.52">odraslih</w>
 <w id="w8.2.53">,</w> 
 <w id="w8.2.54">pri</w> 
 <w id="w8.2.55">katerih</w> 
 <w id="w8.2.56">s</w> 
 <w id="w8.2.57">kemoterapijo</w> 
 <w id="w8.2.58">zdravijo</w> 
 <w id="w8.2.59">določene</w> 
 <w id="w8.2.60">vrste</w> 
 <w id="w8.2.61">raka</w>
 <w id="w8.2.62">,</w> 
 <w id="w8.2.63">in</w> 
 <w id="w8.2.64">za</w>    
 <w id="w8.2.65">zmanjšanje</w> 
 <w id="w8.2.66">potrebe</w> 
 <w id="w8.2.67">po</w> 
 <w id="w8.2.68">transfuziji</w> 
 <w id="w8.2.69">krvi</w>
 <w id="w8.2.70">;</w> 
 <w id="w8.2.71">•</w> 
 <w id="w8.2.72">za</w> 
 <w id="w8.2.73">povečanje</w> 
 <w id="w8.2.74">količine</w> 
 <w id="w8.2.75">krvi</w>
 <w id="w8.2.76">,</w> 
 <w id="w8.2.77">ki</w> 
 <w id="w8.2.78">jo</w> 
 <w id="w8.2.79">je</w> 
 <w id="w8.2.80">mogoče</w> 
 <w id="w8.2.81">odvzeti</w> 
 <w id="w8.2.82">odraslim</w> 
 <w id="w8.2.83">bolnikom</w> 
 <w id="w8.2.84">z</w> 
 <w id="w8.2.85">zmerno</w> 
 <w id="w8.2.86">anemijo</w>
 <w id="w8.2.87">,</w> 
 <w id="w8.2.88">ki</w> 
 <w id="w8.2.89">bodo</w>    
 <w id="w8.2.90">imeli</w> 
 <w id="w8.2.91">kirurški</w> 
 <w id="w8.2.92">poseg</w> 
 <w id="w8.2.93">in</w> 
 <w id="w8.2.94">pred</w> 
 <w id="w8.2.95">operacijo</w> 
 <w id="w8.2.96">darujejo</w> 
 <w id="w8.2.97">lastno</w> 
 <w id="w8.2.98">kri</w> 
 <w id="w8.2.99">(</w>
 <w id="w8.2.100">avtologna</w> 
 <w id="w8.2.101">transfuzija</w> 
 <w id="w8.2.102">krvi</w>
 <w id="w8.2.103">)</w>
 <w id="w8.2.104">;</w> 
 <w id="w8.2.105">•</w> 
 <w id="w8.2.106">za</w> 
 <w id="w8.2.107">zmanjšanje</w> 
 <w id="w8.2.108">potrebe</w> 
 <w id="w8.2.109">po</w> 
 <w id="w8.2.110">transfuziji</w> 
 <w id="w8.2.111">krvi</w> 
 <w id="w8.2.112">pri</w> 
 <w id="w8.2.113">odraslih</w> 
 <w id="w8.2.114">z</w> 
 <w id="w8.2.115">blago</w> 
 <w id="w8.2.116">obliko</w> 
 <w id="w8.2.117">anemije</w> 
 <w id="w8.2.118">pred</w> 
 <w id="w8.2.119">zahtevnejšo</w>    
 <w id="w8.2.120">ortopedsko</w> 
 <w id="w8.2.121">operacijo</w> 
 <w id="w8.2.122">(</w>
 <w id="w8.2.123">operacijo</w> 
 <w id="w8.2.124">na</w> 
 <w id="w8.2.125">kosteh</w>
 <w id="w8.2.126">)</w>
 <w id="w8.2.127">,</w> 
 <w id="w8.2.128">kakršna</w> 
 <w id="w8.2.129">je</w> 
 <w id="w8.2.130">operacija</w> 
 <w id="w8.2.131">kolkov</w>
 <w id="w8.2.132">.</w>
</s> 
 
<s id="s8.3">
 <w id="w8.3.1">Zdravilo</w> 
 <w id="w8.3.2">se</w> 
 <w id="w8.3.3">uporablja</w> 
 <w id="w8.3.4">pri</w>    
 <w id="w8.3.5">bolnikih</w> 
 <w id="w8.3.6">z</w> 
 <w id="w8.3.7">normalnimi</w> 
 <w id="w8.3.8">ravnmi</w> 
 <w id="w8.3.9">železa</w>
 <w id="w8.3.10">,</w> 
 <w id="w8.3.11">pri</w> 
 <w id="w8.3.12">katerih</w> 
 <w id="w8.3.13">so</w> 
 <w id="w8.3.14">možni</w> 
 <w id="w8.3.15">zapleti</w> 
 <w id="w8.3.16">v</w> 
 <w id="w8.3.17">primeru</w> 
 <w id="w8.3.18">prejema</w> 
 <w id="w8.3.19">transfuzije</w>    
 <w id="w8.3.20">krvi</w>
 <w id="w8.3.21">,</w> 
 <w id="w8.3.22">če</w> 
 <w id="w8.3.23">pred</w> 
 <w id="w8.3.24">operacijo</w> 
 <w id="w8.3.25">nimajo</w> 
 <w id="w8.3.26">možnosti</w> 
 <w id="w8.3.27">darovati</w> 
 <w id="w8.3.28">lastne</w> 
 <w id="w8.3.29">krvi</w>
 <w id="w8.3.30">,</w> 
 <w id="w8.3.31">pričakovane</w> 
 <w id="w8.3.32">izgube</w> 
 <w id="w8.3.33">le-</w>
 <w id="w8.3.34">te</w> 
 <w id="w8.3.35">pa</w> 
 <w id="w8.3.36">znašajo</w>    
 <w id="w8.3.37">od</w> 
 <w id="w8.3.38">900</w> 
 <w id="w8.3.39">do</w> 
 <w id="w8.3.40">1800</w> 
 <w id="w8.3.41">ml</w>
 <w id="w8.3.42">.</w> 
 <w id="w8.3.43">•</w> 
 <w id="w8.3.44">Zdravilo</w> 
 <w id="w8.3.45">se</w> 
 <w id="w8.3.46">dobi</w> 
 <w id="w8.3.47">samo</w> 
 <w id="w8.3.48">na</w> 
 <w id="w8.3.49">recept</w>
 <w id="w8.3.50">.</w>
</s></p>

<p id="9">
<s id="s9.1">
 <w id="w9.1.1">Kako</w> 
 <w id="w9.1.2">se</w> 
 <w id="w9.1.3">zdravilo</w> 
 <w id="w9.1.4">Abseamed</w> 
 <w id="w9.1.5">uporablja</w>
 <w id="w9.1.6">?</w>
</s> 
 
<s id="s9.2">
 <w id="w9.2.1">Zdravljenje</w> 
 <w id="w9.2.2">z</w> 
 <w id="w9.2.3">zdravilom</w> 
 <w id="w9.2.4">Abseamed</w> 
 <w id="w9.2.5">se</w> 
 <w id="w9.2.6">lahko</w> 
 <w id="w9.2.7">uvede</w> 
 <w id="w9.2.8">le</w> 
 <w id="w9.2.9">pod</w> 
 <w id="w9.2.10">nadzorom</w> 
 <w id="w9.2.11">zdravnika</w>
 <w id="w9.2.12">,</w> 
 <w id="w9.2.13">ki</w> 
 <w id="w9.2.14">ima</w> 
 <w id="w9.2.15">izkušnje</w> 
 <w id="w9.2.16">z</w> 
 <w id="w9.2.17">zdravljenjem</w> 
 <w id="w9.2.18">bolnikov</w>
 <w id="w9.2.19">,</w> 
 <w id="w9.2.20">katerih</w> 
 <w id="w9.2.21">bolezenska</w> 
 <w id="w9.2.22">stanja</w> 
 <w id="w9.2.23">se</w> 
 <w id="w9.2.24">zdravijo</w> 
 <w id="w9.2.25">s</w> 
 <w id="w9.2.26">tem</w> 
 <w id="w9.2.27">zdravilom</w>
 <w id="w9.2.28">.</w>
</s> 
 
<s id="s9.3">
 <w id="w9.3.1">Zdravilo</w> 
 <w id="w9.3.2">Abseamed</w> 
 <w id="w9.3.3">je</w> 
 <w id="w9.3.4">treba</w> 
 <w id="w9.3.5">pri</w> 
 <w id="w9.3.6">bolnikih</w> 
 <w id="w9.3.7">s</w> 
 <w id="w9.3.8">težavami</w> 
 <w id="w9.3.9">z</w> 
 <w id="w9.3.10">ledvicami</w> 
 <w id="w9.3.11">in</w> 
 <w id="w9.3.12">tistih</w>
 <w id="w9.3.13">,</w> 
 <w id="w9.3.14">ki</w> 
 <w id="w9.3.15">bodo</w> 
 <w id="w9.3.16">darovali</w> 
 <w id="w9.3.17">lastno</w> 
 <w id="w9.3.18">kri</w>
 <w id="w9.3.19">,</w> 
 <w id="w9.3.20">vbrizgati</w> 
 <w id="w9.3.21">v</w> 
 <w id="w9.3.22">veno</w>
 <w id="w9.3.23">.</w>
</s> 
 
<s id="s9.4">
 <w id="w9.4.1">Bolniki</w>
 <w id="w9.4.2">,</w> 
 <w id="w9.4.3">ki</w> 
 <w id="w9.4.4">prejemajo</w> 
 <w id="w9.4.5">kemoterapijo</w> 
 <w id="w9.4.6">ali</w> 
 <w id="w9.4.7">so</w> 
 <w id="w9.4.8">tik</w> 
 <w id="w9.4.9">pred</w> 
 <w id="w9.4.10">ortopedsko</w> 
 <w id="w9.4.11">operacijo</w>
 <w id="w9.4.12">,</w> 
 <w id="w9.4.13">pa</w> 
 <w id="w9.4.14">ga</w> 
 <w id="w9.4.15">morajo</w> 
 <w id="w9.4.16">prejeti</w> 
 <w id="w9.4.17">podkožno</w>
 <w id="w9.4.18">.</w>
</s> 
 
<s id="s9.5">
 <w id="w9.5.1">Zdravilo</w> 
 <w id="w9.5.2">Abseamed</w> 
 <w id="w9.5.3">si</w> 
 <w id="w9.5.4">lahko</w> 
 <w id="w9.5.5">pod</w> 
 <w id="w9.5.6">kožo</w> 
 <w id="w9.5.7">injicira</w> 
 <w id="w9.5.8">bolnik</w> 
 <w id="w9.5.9">sam</w> 
 <w id="w9.5.10">ali</w> 
 <w id="w9.5.11">mu</w> 
 <w id="w9.5.12">ga</w> 
 <w id="w9.5.13">injicira</w>                              
 <w id="w9.5.14">7</w> 
 <w id="w9.5.15">Westferry</w> 
 <w id="w9.5.16">Circus</w>
 <w id="w9.5.17">,</w> 
 <w id="w9.5.18">Canary</w> 
 <w id="w9.5.19">Wharf</w>
 <w id="w9.5.20">,</w> 
 <w id="w9.5.21">London</w> 
 <w id="w9.5.22">E14</w> 
 <w id="w9.5.23">4HB</w>
 <w id="w9.5.24">,</w> 
 <w id="w9.5.25">UK</w>                                  
 <w id="w9.5.26">Tel</w>
 <w id="w9.5.27">.</w>
</s> 
 
<s id="s9.6">
 <w id="w9.6.1">(</w>
 <w id="w9.6.2">44-</w>
 <w id="w9.6.3">20</w>
 <w id="w9.6.4">)</w> 
 <w id="w9.6.5">74</w> 
 <w id="w9.6.6">18</w> 
 <w id="w9.6.7">84</w> 
 <w id="w9.6.8">00</w> 
 <w id="w9.6.9">Fax</w> 
 <w id="w9.6.10">(</w>
 <w id="w9.6.11">44-</w>
 <w id="w9.6.12">20</w>
 <w id="w9.6.13">)</w> 
 <w id="w9.6.14">74</w> 
 <w id="w9.6.15">18</w> 
 <w id="w9.6.16">84</w> 
 <w id="w9.6.17">16</w>                             
 <w id="w9.6.18">E-</w>
 <w id="w9.6.19">mail</w>
 <w id="w9.6.20">:</w> 
 <w id="w9.6.21">mail@</w>
 <w id="w9.6.22">emea.</w>
 <w id="w9.6.23">europa.</w>
 <w id="w9.6.24">eu</w> 
 <w id="w9.6.25">http</w>
 <w id="w9.6.26">:</w>
 <w id="w9.6.27">//</w>
 <w id="w9.6.28">www.</w>
 <w id="w9.6.29">emea.</w>
 <w id="w9.6.30">europa.</w>
 <w id="w9.6.31">eu</w>
</s></p>

<p id="10">
<s id="s10.1">
 <w id="w10.1.1">©European</w> 
 <w id="w10.1.2">Medicines</w> 
 <w id="w10.1.3">Agency</w>
 <w id="w10.1.4">,</w> 
 <w id="w10.1.5">2009</w>
 <w id="w10.1.6">.</w>
</s> 
 
<s id="s10.2">
 <w id="w10.2.1">Reproduction</w> 
 <w id="w10.2.2">is</w> 
 <w id="w10.2.3">authorised</w> 
 <w id="w10.2.4">provided</w> 
 <w id="w10.2.5">the</w> 
 <w id="w10.2.6">source</w> 
 <w id="w10.2.7">is</w> 
 <w id="w10.2.8">acknowledged</w>
 <w id="w10.2.9">.</w> 
 <w id="w10.2.10">negovalec</w>
 <w id="w10.2.11">,</w> 
 <w id="w10.2.12">če</w> 
 <w id="w10.2.13">sta</w> 
 <w id="w10.2.14">bila</w> 
 <w id="w10.2.15">za</w> 
 <w id="w10.2.16">to</w> 
 <w id="w10.2.17">ustrezno</w> 
 <w id="w10.2.18">usposobljena</w>
 <w id="w10.2.19">.</w>
</s> 
 
<s id="s10.3">
 <w id="w10.3.1">Odmerek</w>
 <w id="w10.3.2">,</w> 
 <w id="w10.3.3">pogostost</w> 
 <w id="w10.3.4">injekcij</w> 
 <w id="w10.3.5">in</w> 
 <w id="w10.3.6">trajanje</w> 
 <w id="w10.3.7">uporabe</w> 
 <w id="w10.3.8">zdravila</w> 
 <w id="w10.3.9">so</w> 
 <w id="w10.3.10">odvisni</w> 
 <w id="w10.3.11">od</w> 
 <w id="w10.3.12">razloga</w> 
 <w id="w10.3.13">za</w> 
 <w id="w10.3.14">uporabo</w> 
 <w id="w10.3.15">zdravila</w> 
 <w id="w10.3.16">Abseamed</w> 
 <w id="w10.3.17">in</w> 
 <w id="w10.3.18">jih</w> 
 <w id="w10.3.19">je</w> 
 <w id="w10.3.20">treba</w> 
 <w id="w10.3.21">prilagoditi</w> 
 <w id="w10.3.22">odzivu</w> 
 <w id="w10.3.23">bolnika</w>
 <w id="w10.3.24">.</w>
</s> 
 
<s id="s10.4">
 <w id="w10.4.1">Pri</w> 
 <w id="w10.4.2">bolnikih</w> 
 <w id="w10.4.3">s</w> 
 <w id="w10.4.4">kronično</w> 
 <w id="w10.4.5">odpovedjo</w> 
 <w id="w10.4.6">ledvic</w> 
 <w id="w10.4.7">ali</w> 
 <w id="w10.4.8">tistih</w>
 <w id="w10.4.9">,</w> 
 <w id="w10.4.10">ki</w> 
 <w id="w10.4.11">prejemajo</w> 
 <w id="w10.4.12">kemoterapijo</w>
 <w id="w10.4.13">,</w> 
 <w id="w10.4.14">morajo</w> 
 <w id="w10.4.15">ravni</w> 
 <w id="w10.4.16">hemoglobina</w> 
 <w id="w10.4.17">ostati</w> 
 <w id="w10.4.18">v</w> 
 <w id="w10.4.19">okviru</w> 
 <w id="w10.4.20">priporočene</w> 
 <w id="w10.4.21">vrednosti</w> 
 <w id="w10.4.22">(</w>
 <w id="w10.4.23">med</w> 
 <w id="w10.4.24">10</w> 
 <w id="w10.4.25">in</w> 
 <w id="w10.4.26">12</w> 
 <w id="w10.4.27">gramov</w> 
 <w id="w10.4.28">na</w> 
 <w id="w10.4.29">deciliter</w> 
 <w id="w10.4.30">pri</w> 
 <w id="w10.4.31">odraslih</w> 
 <w id="w10.4.32">in</w> 
 <w id="w10.4.33">med</w> 
 <w id="w10.4.34">9,</w>
 <w id="w10.4.35">5</w> 
 <w id="w10.4.36">in</w> 
 <w id="w10.4.37">11</w> 
 <w id="w10.4.38">g/</w>
 <w id="w10.4.39">dl</w> 
 <w id="w10.4.40">pri</w> 
 <w id="w10.4.41">otrocih</w>
 <w id="w10.4.42">)</w>
 <w id="w10.4.43">.</w>
</s> 
 
<s id="s10.5">
 <w id="w10.5.1">Hemoglobin</w> 
 <w id="w10.5.2">je</w> 
 <w id="w10.5.3">beljakovina</w> 
 <w id="w10.5.4">v</w> 
 <w id="w10.5.5">rdečih</w> 
 <w id="w10.5.6">krvnih</w> 
 <w id="w10.5.7">celicah</w>
 <w id="w10.5.8">,</w> 
 <w id="w10.5.9">ki</w> 
 <w id="w10.5.10">prenaša</w> 
 <w id="w10.5.11">kisik</w> 
 <w id="w10.5.12">po</w> 
 <w id="w10.5.13">telesu</w>
 <w id="w10.5.14">.</w>
</s> 
 
<s id="s10.6">
 <w id="w10.6.1">Pri</w> 
 <w id="w10.6.2">teh</w> 
 <w id="w10.6.3">bolnikih</w> 
 <w id="w10.6.4">je</w> 
 <w id="w10.6.5">treba</w> 
 <w id="w10.6.6">uporabiti</w> 
 <w id="w10.6.7">najnižji</w> 
 <w id="w10.6.8">odmerek</w>
 <w id="w10.6.9">,</w> 
 <w id="w10.6.10">ki</w> 
 <w id="w10.6.11">zagotavlja</w> 
 <w id="w10.6.12">ustrezni</w> 
 <w id="w10.6.13">nadzor</w> 
 <w id="w10.6.14">nad</w> 
 <w id="w10.6.15">simptomi</w>
 <w id="w10.6.16">.</w>
</s> 
 
<s id="s10.7">
 <w id="w10.7.1">Pred</w> 
 <w id="w10.7.2">zdravljenjem</w> 
 <w id="w10.7.3">je</w> 
 <w id="w10.7.4">treba</w> 
 <w id="w10.7.5">preveriti</w> 
 <w id="w10.7.6">ravni</w> 
 <w id="w10.7.7">železa</w> 
 <w id="w10.7.8">vseh</w> 
 <w id="w10.7.9">bolnikov</w> 
 <w id="w10.7.10">in</w> 
 <w id="w10.7.11">s</w> 
 <w id="w10.7.12">tem</w> 
 <w id="w10.7.13">zagotoviti</w>
 <w id="w10.7.14">,</w> 
 <w id="w10.7.15">da</w> 
 <w id="w10.7.16">jim</w> 
 <w id="w10.7.17">tega</w> 
 <w id="w10.7.18">elementa</w> 
 <w id="w10.7.19">ne</w> 
 <w id="w10.7.20">bo</w> 
 <w id="w10.7.21">primanjkovalo</w>
 <w id="w10.7.22">,</w> 
 <w id="w10.7.23">med</w> 
 <w id="w10.7.24">zdravljenjem</w> 
 <w id="w10.7.25">pa</w> 
 <w id="w10.7.26">morajo</w> 
 <w id="w10.7.27">jemati</w> 
 <w id="w10.7.28">dodatke</w>
 <w id="w10.7.29">,</w> 
 <w id="w10.7.30">ki</w> 
 <w id="w10.7.31">vsebujejo</w> 
 <w id="w10.7.32">železo</w>
 <w id="w10.7.33">.</w>
</s> 
 
<s id="s10.8">
 <w id="w10.8.1">Za</w> 
 <w id="w10.8.2">podrobnosti</w> 
 <w id="w10.8.3">glejte</w> 
 <w id="w10.8.4">navodilo</w> 
 <w id="w10.8.5">za</w> 
 <w id="w10.8.6">uporabo</w>
 <w id="w10.8.7">.</w>
</s></p>

<p id="11">
<s id="s11.1">
 <w id="w11.1.1">Kako</w> 
 <w id="w11.1.2">zdravilo</w> 
 <w id="w11.1.3">Abseamed</w> 
 <w id="w11.1.4">deluje</w>
 <w id="w11.1.5">?</w>
</s> 
 
<s id="s11.2">
 <w id="w11.2.1">Hormon</w> 
 <w id="w11.2.2">eritropoetin</w> 
 <w id="w11.2.3">spodbuja</w> 
 <w id="w11.2.4">nastajanje</w> 
 <w id="w11.2.5">rdečih</w> 
 <w id="w11.2.6">krvnih</w> 
 <w id="w11.2.7">celic</w> 
 <w id="w11.2.8">v</w> 
 <w id="w11.2.9">kostnem</w> 
 <w id="w11.2.10">mozgu</w>
 <w id="w11.2.11">.</w>
</s> 
 
<s id="s11.3">
 <w id="w11.3.1">Eritropoetin</w> 
 <w id="w11.3.2">tvorijo</w> 
 <w id="w11.3.3">ledvice</w>
 <w id="w11.3.4">.</w>
</s> 
 
<s id="s11.4">
 <w id="w11.4.1">Pri</w> 
 <w id="w11.4.2">bolnikih</w>
 <w id="w11.4.3">,</w> 
 <w id="w11.4.4">ki</w> 
 <w id="w11.4.5">prejemajo</w> 
 <w id="w11.4.6">kemoterapijo</w>
 <w id="w11.4.7">,</w> 
 <w id="w11.4.8">ali</w> 
 <w id="w11.4.9">bolnikih</w> 
 <w id="w11.4.10">s</w> 
 <w id="w11.4.11">težavami</w> 
 <w id="w11.4.12">z</w> 
 <w id="w11.4.13">ledvicami</w>
 <w id="w11.4.14">,</w> 
 <w id="w11.4.15">lahko</w> 
 <w id="w11.4.16">pomanjkanje</w> 
 <w id="w11.4.17">eritropoetina</w> 
 <w id="w11.4.18">ali</w> 
 <w id="w11.4.19">nezadostna</w> 
 <w id="w11.4.20">odzivnost</w> 
 <w id="w11.4.21">telesa</w> 
 <w id="w11.4.22">na</w> 
 <w id="w11.4.23">naravno</w> 
 <w id="w11.4.24">prisoten</w> 
 <w id="w11.4.25">eritropoetin</w> 
 <w id="w11.4.26">povzroči</w> 
 <w id="w11.4.27">anemijo</w>
 <w id="w11.4.28">.</w>
</s> 
 
<s id="s11.5">
 <w id="w11.5.1">V</w> 
 <w id="w11.5.2">teh</w> 
 <w id="w11.5.3">primerih</w> 
 <w id="w11.5.4">se</w> 
 <w id="w11.5.5">eritropoetin</w> 
 <w id="w11.5.6">uporablja</w> 
 <w id="w11.5.7">za</w> 
 <w id="w11.5.8">nadomeščanje</w> 
 <w id="w11.5.9">manjkajočega</w> 
 <w id="w11.5.10">hormona</w> 
 <w id="w11.5.11">ali</w> 
 <w id="w11.5.12">za</w> 
 <w id="w11.5.13">povečanje</w> 
 <w id="w11.5.14">števila</w> 
 <w id="w11.5.15">rdečih</w> 
 <w id="w11.5.16">krvnih</w> 
 <w id="w11.5.17">celic</w>
 <w id="w11.5.18">.</w>
</s> 
 
<s id="s11.6">
 <w id="w11.6.1">Eritropoetin</w> 
 <w id="w11.6.2">se</w> 
 <w id="w11.6.3">uporablja</w> 
 <w id="w11.6.4">tudi</w> 
 <w id="w11.6.5">pred</w> 
 <w id="w11.6.6">operacijami</w> 
 <w id="w11.6.7">za</w> 
 <w id="w11.6.8">povečanje</w> 
 <w id="w11.6.9">števila</w> 
 <w id="w11.6.10">rdečih</w> 
 <w id="w11.6.11">krvnih</w> 
 <w id="w11.6.12">celic</w> 
 <w id="w11.6.13">in</w> 
 <w id="w11.6.14">kot</w> 
 <w id="w11.6.15">pomoč</w> 
 <w id="w11.6.16">pri</w> 
 <w id="w11.6.17">manjšanju</w> 
 <w id="w11.6.18">posledic</w> 
 <w id="w11.6.19">izgube</w> 
 <w id="w11.6.20">krvi</w>
 <w id="w11.6.21">.</w>
</s> 
 
<s id="s11.7">
 <w id="w11.7.1">Zdravilna</w> 
 <w id="w11.7.2">učinkovina</w> 
 <w id="w11.7.3">v</w> 
 <w id="w11.7.4">zdravilu</w> 
 <w id="w11.7.5">Abseamed</w>
 <w id="w11.7.6">,</w> 
 <w id="w11.7.7">epoetin</w> 
 <w id="w11.7.8">alfa</w>
 <w id="w11.7.9">,</w> 
 <w id="w11.7.10">je</w> 
 <w id="w11.7.11">kopija</w> 
 <w id="w11.7.12">človeškega</w> 
 <w id="w11.7.13">eritropoetina</w> 
 <w id="w11.7.14">in</w> 
 <w id="w11.7.15">spodbuja</w> 
 <w id="w11.7.16">tvorjenje</w> 
 <w id="w11.7.17">rdečih</w> 
 <w id="w11.7.18">krvnih</w> 
 <w id="w11.7.19">celic</w> 
 <w id="w11.7.20">povsem</w> 
 <w id="w11.7.21">enako</w> 
 <w id="w11.7.22">kot</w> 
 <w id="w11.7.23">naravni</w> 
 <w id="w11.7.24">hormon</w>
 <w id="w11.7.25">.</w>
</s> 
 
<s id="s11.8">
 <w id="w11.8.1">Epoetin</w> 
 <w id="w11.8.2">alfa</w> 
 <w id="w11.8.3">v</w> 
 <w id="w11.8.4">zdravilu</w> 
 <w id="w11.8.5">Abseamed</w> 
 <w id="w11.8.6">se</w> 
 <w id="w11.8.7">proizvaja</w> 
 <w id="w11.8.8">z</w> 
 <w id="w11.8.9">metodo</w>
 <w id="w11.8.10">,</w> 
 <w id="w11.8.11">znano</w> 
 <w id="w11.8.12">kot</w> 
 <w id="w11.8.13">„</w>
 <w id="w11.8.14">tehnologija</w> 
 <w id="w11.8.15">rekombinantne</w> 
 <w id="w11.8.16">DNK</w>
 <w id="w11.8.17">“</w>
 <w id="w11.8.18">,</w> 
 <w id="w11.8.19">pri</w> 
 <w id="w11.8.20">kateri</w> 
 <w id="w11.8.21">celica</w> 
 <w id="w11.8.22">prejme</w> 
 <w id="w11.8.23">gen</w> 
 <w id="w11.8.24">(</w>
 <w id="w11.8.25">DNK</w>
 <w id="w11.8.26">)</w>
 <w id="w11.8.27">,</w> 
 <w id="w11.8.28">s</w> 
 <w id="w11.8.29">katerim</w> 
 <w id="w11.8.30">lahko</w> 
 <w id="w11.8.31">tvori</w> 
 <w id="w11.8.32">epoetin</w> 
 <w id="w11.8.33">alfa</w>
 <w id="w11.8.34">.</w>
</s></p>

<p id="12">
<s id="s12.1">
 <w id="w12.1.1">Kako</w> 
 <w id="w12.1.2">je</w> 
 <w id="w12.1.3">bilo</w> 
 <w id="w12.1.4">zdravilo</w> 
 <w id="w12.1.5">Abseamed</w> 
 <w id="w12.1.6">raziskano</w>
 <w id="w12.1.7">?</w>
</s> 
 
<s id="s12.2">
 <w id="w12.2.1">Zdravilo</w> 
 <w id="w12.2.2">Abseamed</w> 
 <w id="w12.2.3">so</w> 
 <w id="w12.2.4">raziskovali</w> 
 <w id="w12.2.5">na</w> 
 <w id="w12.2.6">poskusnih</w> 
 <w id="w12.2.7">modelih</w> 
 <w id="w12.2.8">in</w> 
 <w id="w12.2.9">pri</w> 
 <w id="w12.2.10">ljudeh</w>
 <w id="w12.2.11">,</w> 
 <w id="w12.2.12">da</w> 
 <w id="w12.2.13">bi</w> 
 <w id="w12.2.14">dokazali</w> 
 <w id="w12.2.15">njegovo</w> 
 <w id="w12.2.16">primerljivost</w> 
 <w id="w12.2.17">z</w> 
 <w id="w12.2.18">referenčnim</w> 
 <w id="w12.2.19">zdravilom</w> 
 <w id="w12.2.20">Eprex/</w>
 <w id="w12.2.21">Erypo</w>
 <w id="w12.2.22">.</w>
</s> 
 
<s id="s12.3">
 <w id="w12.3.1">V</w> 
 <w id="w12.3.2">eni</w> 
 <w id="w12.3.3">izmed</w> 
 <w id="w12.3.4">glavnih</w> 
 <w id="w12.3.5">študij</w>
 <w id="w12.3.6">,</w> 
 <w id="w12.3.7">ki</w> 
 <w id="w12.3.8">je</w> 
 <w id="w12.3.9">vključevala</w> 
 <w id="w12.3.10">479</w> 
 <w id="w12.3.11">bolnikov</w> 
 <w id="w12.3.12">z</w> 
 <w id="w12.3.13">anemijo</w>
 <w id="w12.3.14">,</w> 
 <w id="w12.3.15">povezano</w> 
 <w id="w12.3.16">z</w> 
 <w id="w12.3.17">boleznijo</w> 
 <w id="w12.3.18">ledvic</w>
 <w id="w12.3.19">,</w> 
 <w id="w12.3.20">so</w> 
 <w id="w12.3.21">primerjali</w> 
 <w id="w12.3.22">vbrizgavanje</w> 
 <w id="w12.3.23">zdravila</w> 
 <w id="w12.3.24">Abseamed</w> 
 <w id="w12.3.25">v</w> 
 <w id="w12.3.26">veno</w> 
 <w id="w12.3.27">in</w> 
 <w id="w12.3.28">referenčno</w> 
 <w id="w12.3.29">zdravilo</w>
 <w id="w12.3.30">.</w>
</s> 
 
<s id="s12.4">
 <w id="w12.4.1">Vsem</w> 
 <w id="w12.4.2">bolnikom</w> 
 <w id="w12.4.3">so</w> 
 <w id="w12.4.4">zdravilo</w> 
 <w id="w12.4.5">Eprex/</w>
 <w id="w12.4.6">Erypo</w> 
 <w id="w12.4.7">vbrizgavali</w> 
 <w id="w12.4.8">v</w> 
 <w id="w12.4.9">veno</w> 
 <w id="w12.4.10">vsaj</w> 
 <w id="w12.4.11">osem</w> 
 <w id="w12.4.12">tednov</w>
 <w id="w12.4.13">,</w> 
 <w id="w12.4.14">preden</w> 
 <w id="w12.4.15">so</w> 
 <w id="w12.4.16">bodisi</w> 
 <w id="w12.4.17">začeli</w> 
 <w id="w12.4.18">prejemati</w> 
 <w id="w12.4.19">zdravilo</w> 
 <w id="w12.4.20">Abseamed</w> 
 <w id="w12.4.21">ali</w> 
 <w id="w12.4.22">pa</w> 
 <w id="w12.4.23">so</w> 
 <w id="w12.4.24">še</w> 
 <w id="w12.4.25">naprej</w> 
 <w id="w12.4.26">prejemali</w> 
 <w id="w12.4.27">zdravilo</w> 
 <w id="w12.4.28">Eprex/</w>
 <w id="w12.4.29">Erypo</w>
 <w id="w12.4.30">.</w>
</s> 
 
<s id="s12.5">
 <w id="w12.5.1">Glavno</w> 
 <w id="w12.5.2">merilo</w> 
 <w id="w12.5.3">učinkovitosti</w> 
 <w id="w12.5.4">je</w> 
 <w id="w12.5.5">bila</w> 
 <w id="w12.5.6">sprememba</w> 
 <w id="w12.5.7">ravni</w> 
 <w id="w12.5.8">hemoglobina</w> 
 <w id="w12.5.9">na</w> 
 <w id="w12.5.10">začetku</w> 
 <w id="w12.5.11">študije</w> 
 <w id="w12.5.12">in</w> 
 <w id="w12.5.13">ravni</w> 
 <w id="w12.5.14">v</w> 
 <w id="w12.5.15">obdobju</w> 
 <w id="w12.5.16">ocenjevanja</w>
 <w id="w12.5.17">,</w> 
 <w id="w12.5.18">ki</w> 
 <w id="w12.5.19">je</w> 
 <w id="w12.5.20">potekalo</w> 
 <w id="w12.5.21">med</w> 
 <w id="w12.5.22">25</w>
 <w id="w12.5.23">.</w> 
 <w id="w12.5.24">in</w> 
 <w id="w12.5.25">29</w>
 <w id="w12.5.26">.</w> 
 <w id="w12.5.27">tednom</w>
 <w id="w12.5.28">.</w>
</s> 
 
<s id="s12.6">
 <w id="w12.6.1">Družba</w> 
 <w id="w12.6.2">je</w> 
 <w id="w12.6.3">predstavila</w> 
 <w id="w12.6.4">tudi</w> 
 <w id="w12.6.5">rezultate</w> 
 <w id="w12.6.6">študije</w>
 <w id="w12.6.7">,</w> 
 <w id="w12.6.8">v</w> 
 <w id="w12.6.9">kateri</w> 
 <w id="w12.6.10">so</w> 
 <w id="w12.6.11">pri</w> 
 <w id="w12.6.12">114</w> 
 <w id="w12.6.13">bolnikih</w> 
 <w id="w12.6.14">z</w> 
 <w id="w12.6.15">rakom</w>
 <w id="w12.6.16">,</w> 
 <w id="w12.6.17">ki</w> 
 <w id="w12.6.18">so</w> 
 <w id="w12.6.19">se</w> 
 <w id="w12.6.20">zdravili</w> 
 <w id="w12.6.21">s</w> 
 <w id="w12.6.22">kemoterapijo</w>
 <w id="w12.6.23">,</w> 
 <w id="w12.6.24">učinke</w> 
 <w id="w12.6.25">podkožnega</w> 
 <w id="w12.6.26">dajanja</w> 
 <w id="w12.6.27">zdravila</w> 
 <w id="w12.6.28">Abseamed</w> 
 <w id="w12.6.29">primerjali</w> 
 <w id="w12.6.30">z</w> 
 <w id="w12.6.31">zdravilom</w> 
 <w id="w12.6.32">Eprex/</w>
 <w id="w12.6.33">Erypo</w>
 <w id="w12.6.34">.</w>
</s></p>

<p id="13">
<s id="s13.1">
 <w id="w13.1.1">Kakšne</w> 
 <w id="w13.1.2">koristi</w> 
 <w id="w13.1.3">je</w> 
 <w id="w13.1.4">zdravilo</w> 
 <w id="w13.1.5">Abseamed</w> 
 <w id="w13.1.6">izkazalo</w> 
 <w id="w13.1.7">med</w> 
 <w id="w13.1.8">študijami</w>
 <w id="w13.1.9">?</w>
</s> 
 
<s id="s13.2">
 <w id="w13.2.1">Zdravilo</w> 
 <w id="w13.2.2">Abseamed</w> 
 <w id="w13.2.3">je</w> 
 <w id="w13.2.4">bilo</w> 
 <w id="w13.2.5">pri</w> 
 <w id="w13.2.6">zviševanju</w> 
 <w id="w13.2.7">in</w> 
 <w id="w13.2.8">vzdrževanju</w> 
 <w id="w13.2.9">števila</w> 
 <w id="w13.2.10">rdečih</w> 
 <w id="w13.2.11">krvnih</w> 
 <w id="w13.2.12">celic</w> 
 <w id="w13.2.13">enako</w> 
 <w id="w13.2.14">učinkovito</w> 
 <w id="w13.2.15">kot</w> 
 <w id="w13.2.16">zdravilo</w> 
 <w id="w13.2.17">Eprex/</w>
 <w id="w13.2.18">Erypo</w>
 <w id="w13.2.19">.</w>
</s> 
 
<s id="s13.3">
 <w id="w13.3.1">V</w> 
 <w id="w13.3.2">študiji</w> 
 <w id="w13.3.3">pri</w> 
 <w id="w13.3.4">bolnikih</w> 
 <w id="w13.3.5">z</w> 
 <w id="w13.3.6">anemijo</w>
 <w id="w13.3.7">,</w> 
 <w id="w13.3.8">ki</w> 
 <w id="w13.3.9">jo</w> 
 <w id="w13.3.10">povzroča</w> 
 <w id="w13.3.11">bolezen</w> 
 <w id="w13.3.12">ledvic</w>
 <w id="w13.3.13">,</w> 
 <w id="w13.3.14">so</w> 
 <w id="w13.3.15">bile</w> 
 <w id="w13.3.16">ravni</w> 
 <w id="w13.3.17">hemoglobina</w> 
 <w id="w13.3.18">pri</w> 
 <w id="w13.3.19">bolnikih</w>
 <w id="w13.3.20">,</w> 
 <w id="w13.3.21">ki</w> 
 <w id="w13.3.22">so</w> 
 <w id="w13.3.23">začeli</w> 
 <w id="w13.3.24">prejemati</w> 
 <w id="w13.3.25">zdravilo</w> 
 <w id="w13.3.26">Abseamed</w>
 <w id="w13.3.27">,</w> 
 <w id="w13.3.28">enako</w> 
 <w id="w13.3.29">dobro</w> 
 <w id="w13.3.30">vzdrževane</w> 
 <w id="w13.3.31">kot</w> 
 <w id="w13.3.32">pri</w> 
 <w id="w13.3.33">tistih</w>
 <w id="w13.3.34">,</w> 
 <w id="w13.3.35">ki</w> 
 <w id="w13.3.36">so</w> 
 <w id="w13.3.37">še</w> 
 <w id="w13.3.38">naprej</w> 
 <w id="w13.3.39">prejemali</w> 
 <w id="w13.3.40">zdravilo</w> 
 <w id="w13.3.41">Eprex/</w>
 <w id="w13.3.42">Erypo</w>
 <w id="w13.3.43">.</w>
</s> 
 
<s id="s13.4">
 <w id="w13.4.1">Pri</w> 
 <w id="w13.4.2">bolnikih</w>
 <w id="w13.4.3">,</w> 
 <w id="w13.4.4">ki</w> 
 <w id="w13.4.5">so</w> 
 <w id="w13.4.6">prejemali</w> 
 <w id="w13.4.7">zdravilo</w> 
 <w id="w13.4.8">Abseamed</w>
 <w id="w13.4.9">,</w> 
 <w id="w13.4.10">so</w> 
 <w id="w13.4.11">se</w> 
 <w id="w13.4.12">ravni</w> 
 <w id="w13.4.13">v</w> 
 <w id="w13.4.14">povprečju</w> 
 <w id="w13.4.15">zvišale</w> 
 <w id="w13.4.16">za</w> 
 <w id="w13.4.17">0,</w>
 <w id="w13.4.18">147</w> 
 <w id="w13.4.19">g/</w>
 <w id="w13.4.20">dl</w> 
 <w id="w13.4.21">glede</w> 
 <w id="w13.4.22">na</w> 
 <w id="w13.4.23">začetno</w> 
 <w id="w13.4.24">vrednost</w>
 <w id="w13.4.25">,</w> 
 <w id="w13.4.26">ki</w> 
 <w id="w13.4.27">je</w> 
 <w id="w13.4.28">znašala</w> 
 <w id="w13.4.29">11,</w>
 <w id="w13.4.30">7</w> 
 <w id="w13.4.31">g/</w>
 <w id="w13.4.32">dl</w>
 <w id="w13.4.33">.</w>
</s> 
 
<s id="s13.5">
 <w id="w13.5.1">V</w> 
 <w id="w13.5.2">primerjavi</w> 
 <w id="w13.5.3">s</w> 
 <w id="w13.5.4">tem</w> 
 <w id="w13.5.5">je</w> 
 <w id="w13.5.6">pri</w> 
 <w id="w13.5.7">bolnikih</w>
 <w id="w13.5.8">,</w> 
 <w id="w13.5.9">ki</w> 
 <w id="w13.5.10">so</w> 
 <w id="w13.5.11">še</w> 
 <w id="w13.5.12">naprej</w> 
 <w id="w13.5.13">prejemali</w> 
 <w id="w13.5.14">zdravilo</w> 
 <w id="w13.5.15">Eprex/</w>
 <w id="w13.5.16">Erypo</w>
 <w id="w13.5.17">,</w> 
 <w id="w13.5.18">povečanje</w> 
 <w id="w13.5.19">znašalo</w> 
 <w id="w13.5.20">0,</w>
 <w id="w13.5.21">063</w> 
 <w id="w13.5.22">g/</w>
 <w id="w13.5.23">dl</w> 
 <w id="w13.5.24">od</w> 
 <w id="w13.5.25">začetne</w> 
 <w id="w13.5.26">vrednosti</w> 
 <w id="w13.5.27">12,</w>
 <w id="w13.5.28">0</w> 
 <w id="w13.5.29">g/</w>
 <w id="w13.5.30">dl</w>
 <w id="w13.5.31">.</w>
</s> 
 
<s id="s13.6">
 <w id="w13.6.1">Študija</w> 
 <w id="w13.6.2">pri</w> 
 <w id="w13.6.3">bolnikih</w>
 <w id="w13.6.4">,</w> 
 <w id="w13.6.5">ki</w> 
 <w id="w13.6.6">so</w> 
 <w id="w13.6.7">se</w> 
 <w id="w13.6.8">zdravili</w> 
 <w id="w13.6.9">s</w> 
 <w id="w13.6.10">kemoterapijo</w>
 <w id="w13.6.11">,</w> 
 <w id="w13.6.12">je</w> 
 <w id="w13.6.13">pokazala</w>
 <w id="w13.6.14">,</w> 
 <w id="w13.6.15">da</w> 
 <w id="w13.6.16">je</w> 
 <w id="w13.6.17">bilo</w> 
 <w id="w13.6.18">podkožno</w> 
 <w id="w13.6.19">vbrizgavanje</w> 
 <w id="w13.6.20">zdravila</w> 
 <w id="w13.6.21">Abseamed</w> 
 <w id="w13.6.22">enako</w> 
 <w id="w13.6.23">učinkovito</w> 
 <w id="w13.6.24">kot</w> 
 <w id="w13.6.25">podkožno</w> 
 <w id="w13.6.26">vbrizgavanje</w> 
 <w id="w13.6.27">zdravila</w> 
 <w id="w13.6.28">Eprex/</w>
 <w id="w13.6.29">Erypo</w>
 <w id="w13.6.30">.</w>
</s></p>

<p id="14">
<s id="s14.1">
 <w id="w14.1.1">Kakšna</w> 
 <w id="w14.1.2">tveganja</w> 
 <w id="w14.1.3">so</w> 
 <w id="w14.1.4">povezana</w> 
 <w id="w14.1.5">z</w> 
 <w id="w14.1.6">zdravilom</w> 
 <w id="w14.1.7">Abseamed</w>
 <w id="w14.1.8">?</w>
</s> 
 
<s id="s14.2">
 <w id="w14.2.1">Najpogostejši</w> 
 <w id="w14.2.2">neželeni</w> 
 <w id="w14.2.3">učinki</w> 
 <w id="w14.2.4">zdravila</w> 
 <w id="w14.2.5">Abseamed</w> 
 <w id="w14.2.6">so</w> 
 <w id="w14.2.7">povišan</w> 
 <w id="w14.2.8">krvni</w> 
 <w id="w14.2.9">tlak</w>
 <w id="w14.2.10">,</w> 
 <w id="w14.2.11">ki</w> 
 <w id="w14.2.12">lahko</w> 
 <w id="w14.2.13">včasih</w> 
 <w id="w14.2.14">povzroči</w> 
 <w id="w14.2.15">simptome</w> 
 <w id="w14.2.16">encefalopatije</w> 
 <w id="w14.2.17">(</w>
 <w id="w14.2.18">zapletov</w> 
 <w id="w14.2.19">v</w> 
 <w id="w14.2.20">možganih</w>
 <w id="w14.2.21">)</w>
 <w id="w14.2.22">,</w> 
 <w id="w14.2.23">kakršni</w> 
 <w id="w14.2.24">so</w> 
 <w id="w14.2.25">nenadni</w>
 <w id="w14.2.26">,</w> 
 <w id="w14.2.27">migrenam</w> 
 <w id="w14.2.28">podobni</w> 
 <w id="w14.2.29">glavoboli</w> 
 <w id="w14.2.30">z</w> 
 <w id="w14.2.31">ostro</w> 
 <w id="w14.2.32">bolečino</w> 
 <w id="w14.2.33">in</w> 
 <w id="w14.2.34">zmedenost</w>
 <w id="w14.2.35">.</w>
</s> 
 
<s id="s14.3">
 <w id="w14.3.1">Zdravilo</w> 
 <w id="w14.3.2">Abseamed</w> 
 <w id="w14.3.3">lahko</w> 
 <w id="w14.3.4">povzroči</w> 
 <w id="w14.3.5">tudi</w> 
 <w id="w14.3.6">kožne</w> 
 <w id="w14.3.7">izpuščaje</w> 
 <w id="w14.3.8">in</w> 
 <w id="w14.3.9">gripi</w> 
 <w id="w14.3.10">podobne</w> 
 <w id="w14.3.11">simptome</w>
 <w id="w14.3.12">.</w>
</s> 
 
<s id="s14.4">
 <w id="w14.4.1">Za</w> 
 <w id="w14.4.2">celoten</w> 
 <w id="w14.4.3">seznam</w> 
 <w id="w14.4.4">neželenih</w> 
 <w id="w14.4.5">učinkov</w>
 <w id="w14.4.6">,</w> 
 <w id="w14.4.7">o</w> 
 <w id="w14.4.8">katerih</w> 
 <w id="w14.4.9">so</w> 
 <w id="w14.4.10">poročali</w> 
 <w id="w14.4.11">pri</w> 
 <w id="w14.4.12">uporabi</w> 
 <w id="w14.4.13">zdravila</w> 
 <w id="w14.4.14">Abseamed</w>
 <w id="w14.4.15">,</w> 
 <w id="w14.4.16">glejte</w> 
 <w id="w14.4.17">navodilo</w> 
 <w id="w14.4.18">za</w> 
 <w id="w14.4.19">uporabo</w>
 <w id="w14.4.20">.</w>
</s> 
 
<s id="s14.5">
 <w id="w14.5.1">Zdravila</w> 
 <w id="w14.5.2">Abseamed</w> 
 <w id="w14.5.3">ne</w> 
 <w id="w14.5.4">smejo</w> 
 <w id="w14.5.5">uporabljati</w> 
 <w id="w14.5.6">osebe</w>
 <w id="w14.5.7">,</w> 
 <w id="w14.5.8">ki</w> 
 <w id="w14.5.9">utegnejo</w> 
 <w id="w14.5.10">biti</w> 
 <w id="w14.5.11">preobčutljive</w> 
 <w id="w14.5.12">za</w> 
 <w id="w14.5.13">(</w>
 <w id="w14.5.14">alergične</w> 
 <w id="w14.5.15">na</w>
 <w id="w14.5.16">)</w> 
 <w id="w14.5.17">epoetin</w> 
 <w id="w14.5.18">alfa</w> 
 <w id="w14.5.19">ali</w> 
 <w id="w14.5.20">katero</w> 
 <w id="w14.5.21">koli</w> 
 <w id="w14.5.22">drugo</w> 
 <w id="w14.5.23">sestavino</w> 
 <w id="w14.5.24">zdravila</w>
 <w id="w14.5.25">.</w>
</s> 
 
<s id="s14.6">
 <w id="w14.6.1">Prav</w> 
 <w id="w14.6.2">tako</w> 
 <w id="w14.6.3">ga</w> 
 <w id="w14.6.4">ne</w> 
 <w id="w14.6.5">smejo</w> 
 <w id="w14.6.6">uporabljati</w> 
 <w id="w14.6.7">naslednje</w> 
 <w id="w14.6.8">skupine</w> 
 <w id="w14.6.9">bolnikov</w>
 <w id="w14.6.10">:</w>
</s></p>

<p id="15">
<s id="s15.1">
 <w id="w15.1.1">2/</w>
 <w id="w15.1.2">3</w> 
 <w id="w15.1.3">•</w>    
 <w id="w15.1.4">bolniki</w>
 <w id="w15.1.5">,</w> 
 <w id="w15.1.6">pri</w> 
 <w id="w15.1.7">katerih</w> 
 <w id="w15.1.8">se</w> 
 <w id="w15.1.9">razvije</w> 
 <w id="w15.1.10">aplazija</w> 
 <w id="w15.1.11">rdečih</w> 
 <w id="w15.1.12">krvnih</w> 
 <w id="w15.1.13">celic</w> 
 <w id="w15.1.14">(</w>
 <w id="w15.1.15">zmanjšano</w> 
 <w id="w15.1.16">ali</w> 
 <w id="w15.1.17">zaustavljeno</w> 
 <w id="w15.1.18">tvorjenje</w>      
 <w id="w15.1.19">rdečih</w> 
 <w id="w15.1.20">krvnih</w> 
 <w id="w15.1.21">celic</w>
 <w id="w15.1.22">)</w>
 <w id="w15.1.23">,</w> 
 <w id="w15.1.24">ki</w> 
 <w id="w15.1.25">se</w> 
 <w id="w15.1.26">pojavi</w> 
 <w id="w15.1.27">po</w> 
 <w id="w15.1.28">zdravljenju</w> 
 <w id="w15.1.29">z</w> 
 <w id="w15.1.30">eritropoetinom</w>
 <w id="w15.1.31">;</w> 
 <w id="w15.1.32">•</w> 
 <w id="w15.1.33">bolniki</w> 
 <w id="w15.1.34">z</w> 
 <w id="w15.1.35">nenadzorovanim</w> 
 <w id="w15.1.36">visokim</w> 
 <w id="w15.1.37">krvnim</w> 
 <w id="w15.1.38">tlakom</w>
 <w id="w15.1.39">;</w> 
 <w id="w15.1.40">•</w> 
 <w id="w15.1.41">bolniki</w>
 <w id="w15.1.42">,</w> 
 <w id="w15.1.43">ki</w> 
 <w id="w15.1.44">bodo</w> 
 <w id="w15.1.45">darovali</w> 
 <w id="w15.1.46">lastno</w> 
 <w id="w15.1.47">kri</w> 
 <w id="w15.1.48">in</w> 
 <w id="w15.1.49">ki</w> 
 <w id="w15.1.50">so</w> 
 <w id="w15.1.51">imeli</w> 
 <w id="w15.1.52">srčni</w> 
 <w id="w15.1.53">infarkt</w> 
 <w id="w15.1.54">ali</w> 
 <w id="w15.1.55">možgansko</w> 
 <w id="w15.1.56">kap</w> 
 <w id="w15.1.57">v</w> 
 <w id="w15.1.58">zadnjem</w>      
 <w id="w15.1.59">mesecu</w>
 <w id="w15.1.60">,</w> 
 <w id="w15.1.61">imajo</w> 
 <w id="w15.1.62">angino</w> 
 <w id="w15.1.63">pektoris</w> 
 <w id="w15.1.64">(</w>
 <w id="w15.1.65">hudo</w> 
 <w id="w15.1.66">vrsto</w> 
 <w id="w15.1.67">bolečine</w> 
 <w id="w15.1.68">v</w> 
 <w id="w15.1.69">prsih</w>
 <w id="w15.1.70">)</w> 
 <w id="w15.1.71">ali</w> 
 <w id="w15.1.72">pri</w> 
 <w id="w15.1.73">katerih</w> 
 <w id="w15.1.74">obstaja</w> 
 <w id="w15.1.75">tveganje</w> 
 <w id="w15.1.76">za</w>      
 <w id="w15.1.77">nastanek</w> 
 <w id="w15.1.78">globoke</w> 
 <w id="w15.1.79">venske</w> 
 <w id="w15.1.80">tromboze</w> 
 <w id="w15.1.81">(</w>
 <w id="w15.1.82">DVT</w>
 <w id="w15.1.83">:</w> 
 <w id="w15.1.84">nastanek</w> 
 <w id="w15.1.85">krvnih</w> 
 <w id="w15.1.86">strdkov</w> 
 <w id="w15.1.87">v</w> 
 <w id="w15.1.88">globokih</w> 
 <w id="w15.1.89">venah</w> 
 <w id="w15.1.90">telesa</w>
 <w id="w15.1.91">,</w>      
 <w id="w15.1.92">običajno</w> 
 <w id="w15.1.93">v</w> 
 <w id="w15.1.94">nogi</w>
 <w id="w15.1.95">)</w>
 <w id="w15.1.96">;</w> 
 <w id="w15.1.97">•</w> 
 <w id="w15.1.98">bolniki</w>
 <w id="w15.1.99">,</w> 
 <w id="w15.1.100">ki</w> 
 <w id="w15.1.101">ne</w> 
 <w id="w15.1.102">smejo</w> 
 <w id="w15.1.103">jemati</w> 
 <w id="w15.1.104">zdravil</w> 
 <w id="w15.1.105">za</w> 
 <w id="w15.1.106">preprečevanje</w> 
 <w id="w15.1.107">nastajanja</w> 
 <w id="w15.1.108">krvnih</w> 
 <w id="w15.1.109">strdkov</w>
 <w id="w15.1.110">;</w> 
 <w id="w15.1.111">•</w> 
 <w id="w15.1.112">bolniki</w>
 <w id="w15.1.113">,</w> 
 <w id="w15.1.114">ki</w> 
 <w id="w15.1.115">so</w> 
 <w id="w15.1.116">tik</w> 
 <w id="w15.1.117">pred</w> 
 <w id="w15.1.118">zahtevnejšo</w> 
 <w id="w15.1.119">ortopedsko</w> 
 <w id="w15.1.120">operacijo</w> 
 <w id="w15.1.121">in</w> 
 <w id="w15.1.122">imajo</w> 
 <w id="w15.1.123">resne</w> 
 <w id="w15.1.124">kardiovaskularne</w> 
 <w id="w15.1.125">(</w>
 <w id="w15.1.126">srčno</w>
 <w id="w15.1.127">-</w>      
 <w id="w15.1.128">žilne</w>
 <w id="w15.1.129">)</w> 
 <w id="w15.1.130">težave</w>
 <w id="w15.1.131">,</w> 
 <w id="w15.1.132">vključno</w> 
 <w id="w15.1.133">z</w> 
 <w id="w15.1.134">nedavnim</w> 
 <w id="w15.1.135">srčnim</w> 
 <w id="w15.1.136">infarktom</w> 
 <w id="w15.1.137">ali</w> 
 <w id="w15.1.138">možgansko</w> 
 <w id="w15.1.139">kapjo</w>
 <w id="w15.1.140">.</w>
</s> 
 
<s id="s15.2">
 <w id="w15.2.1">Podkožno</w> 
 <w id="w15.2.2">vbrizgavanje</w> 
 <w id="w15.2.3">zdravila</w> 
 <w id="w15.2.4">Abseamed</w> 
 <w id="w15.2.5">ni</w> 
 <w id="w15.2.6">priporočeno</w> 
 <w id="w15.2.7">za</w> 
 <w id="w15.2.8">zdravljenje</w> 
 <w id="w15.2.9">težav</w> 
 <w id="w15.2.10">z</w> 
 <w id="w15.2.11">ledvicami</w>
 <w id="w15.2.12">,</w> 
 <w id="w15.2.13">ker</w> 
 <w id="w15.2.14">so</w> 
 <w id="w15.2.15">potrebne</w> 
 <w id="w15.2.16">še</w> 
 <w id="w15.2.17">nadaljnje</w> 
 <w id="w15.2.18">študije</w> 
 <w id="w15.2.19">za</w> 
 <w id="w15.2.20">pridobitev</w> 
 <w id="w15.2.21">zagotovila</w>
 <w id="w15.2.22">,</w> 
 <w id="w15.2.23">da</w> 
 <w id="w15.2.24">tak</w> 
 <w id="w15.2.25">način</w> 
 <w id="w15.2.26">zdravljenja</w> 
 <w id="w15.2.27">ne</w> 
 <w id="w15.2.28">povzroča</w> 
 <w id="w15.2.29">alergičnih</w> 
 <w id="w15.2.30">reakcij</w>
 <w id="w15.2.31">..</w>
</s></p>

<p id="16">
<s id="s16.1">
 <w id="w16.1.1">Zakaj</w> 
 <w id="w16.1.2">je</w> 
 <w id="w16.1.3">bilo</w> 
 <w id="w16.1.4">zdravilo</w> 
 <w id="w16.1.5">Abseamed</w> 
 <w id="w16.1.6">odobreno</w>
 <w id="w16.1.7">?</w>
</s> 
 
<s id="s16.2">
 <w id="w16.2.1">Odbor</w> 
 <w id="w16.2.2">za</w> 
 <w id="w16.2.3">zdravila</w> 
 <w id="w16.2.4">za</w> 
 <w id="w16.2.5">uporabo</w> 
 <w id="w16.2.6">v</w> 
 <w id="w16.2.7">humani</w> 
 <w id="w16.2.8">medicini</w> 
 <w id="w16.2.9">(</w>
 <w id="w16.2.10">CHMP</w>
 <w id="w16.2.11">)</w> 
 <w id="w16.2.12">je</w> 
 <w id="w16.2.13">zaključil</w>
 <w id="w16.2.14">,</w> 
 <w id="w16.2.15">da</w> 
 <w id="w16.2.16">so</w> 
 <w id="w16.2.17">v</w> 
 <w id="w16.2.18">skladu</w> 
 <w id="w16.2.19">z</w> 
 <w id="w16.2.20">zahtevami</w> 
 <w id="w16.2.21">EU</w> 
 <w id="w16.2.22">uspeli</w> 
 <w id="w16.2.23">dokazati</w> 
 <w id="w16.2.24">kakovost</w>
 <w id="w16.2.25">,</w> 
 <w id="w16.2.26">varnost</w> 
 <w id="w16.2.27">in</w> 
 <w id="w16.2.28">učinkovitost</w> 
 <w id="w16.2.29">zdravila</w> 
 <w id="w16.2.30">Abseamed</w>
 <w id="w16.2.31">,</w> 
 <w id="w16.2.32">ki</w> 
 <w id="w16.2.33">je</w> 
 <w id="w16.2.34">primerljiva</w> 
 <w id="w16.2.35">z</w> 
 <w id="w16.2.36">zdravilom</w> 
 <w id="w16.2.37">Eprex/</w>
 <w id="w16.2.38">Erypo</w>
 <w id="w16.2.39">.</w>
</s> 
 
<s id="s16.3">
 <w id="w16.3.1">Zato</w> 
 <w id="w16.3.2">odbor</w> 
 <w id="w16.3.3">CHMP</w> 
 <w id="w16.3.4">meni</w>
 <w id="w16.3.5">,</w> 
 <w id="w16.3.6">da</w> 
 <w id="w16.3.7">koristi</w> 
 <w id="w16.3.8">tega</w> 
 <w id="w16.3.9">zdravila</w> 
 <w id="w16.3.10">odtehtajo</w> 
 <w id="w16.3.11">ugotovljena</w> 
 <w id="w16.3.12">tveganja</w>
 <w id="w16.3.13">,</w> 
 <w id="w16.3.14">tako</w> 
 <w id="w16.3.15">kot</w> 
 <w id="w16.3.16">v</w> 
 <w id="w16.3.17">primeru</w> 
 <w id="w16.3.18">zdravila</w> 
 <w id="w16.3.19">Eprex/</w>
 <w id="w16.3.20">Erypo</w>
 <w id="w16.3.21">.</w>
</s> 
 
<s id="s16.4">
 <w id="w16.4.1">Odbor</w> 
 <w id="w16.4.2">je</w> 
 <w id="w16.4.3">priporočil</w>
 <w id="w16.4.4">,</w> 
 <w id="w16.4.5">da</w> 
 <w id="w16.4.6">se</w> 
 <w id="w16.4.7">za</w> 
 <w id="w16.4.8">zdravilo</w> 
 <w id="w16.4.9">Abseamed</w> 
 <w id="w16.4.10">odobri</w> 
 <w id="w16.4.11">dovoljenje</w> 
 <w id="w16.4.12">za</w> 
 <w id="w16.4.13">promet</w>
 <w id="w16.4.14">.</w>
</s></p>

<p id="17">
<s id="s17.1">
 <w id="w17.1.1">Kateri</w> 
 <w id="w17.1.2">ukrepi</w> 
 <w id="w17.1.3">se</w> 
 <w id="w17.1.4">izvajajo</w> 
 <w id="w17.1.5">za</w> 
 <w id="w17.1.6">zagotovitev</w> 
 <w id="w17.1.7">varne</w> 
 <w id="w17.1.8">uporabe</w> 
 <w id="w17.1.9">zdravila</w> 
 <w id="w17.1.10">Abseamed</w>
 <w id="w17.1.11">?</w>
</s> 
 
<s id="s17.2">
 <w id="w17.2.1">Družba</w>
 <w id="w17.2.2">,</w> 
 <w id="w17.2.3">ki</w> 
 <w id="w17.2.4">izdeluje</w> 
 <w id="w17.2.5">zdravilo</w> 
 <w id="w17.2.6">Abseamed</w>
 <w id="w17.2.7">,</w> 
 <w id="w17.2.8">bo</w> 
 <w id="w17.2.9">za</w> 
 <w id="w17.2.10">zdravstvene</w> 
 <w id="w17.2.11">delavce</w> 
 <w id="w17.2.12">v</w> 
 <w id="w17.2.13">vseh</w> 
 <w id="w17.2.14">državah</w> 
 <w id="w17.2.15">članicah</w> 
 <w id="w17.2.16">priskrbela</w> 
 <w id="w17.2.17">informativne</w> 
 <w id="w17.2.18">pakete</w>
 <w id="w17.2.19">,</w> 
 <w id="w17.2.20">ki</w> 
 <w id="w17.2.21">bodo</w> 
 <w id="w17.2.22">vključevali</w> 
 <w id="w17.2.23">tudi</w> 
 <w id="w17.2.24">informacije</w> 
 <w id="w17.2.25">o</w> 
 <w id="w17.2.26">varnosti</w> 
 <w id="w17.2.27">zdravila</w>
 <w id="w17.2.28">.</w>
</s> 
 
<s id="s17.3">
 <w id="w17.3.1">Družba</w> 
 <w id="w17.3.2">bo</w> 
 <w id="w17.3.3">za</w> 
 <w id="w17.3.4">bolnike</w> 
 <w id="w17.3.5">priskrbela</w> 
 <w id="w17.3.6">tudi</w> 
 <w id="w17.3.7">hladilne</w> 
 <w id="w17.3.8">škatlice</w>
 <w id="w17.3.9">,</w> 
 <w id="w17.3.10">ki</w> 
 <w id="w17.3.11">bodo</w> 
 <w id="w17.3.12">vključevale</w> 
 <w id="w17.3.13">ilustracije</w>
 <w id="w17.3.14">,</w> 
 <w id="w17.3.15">ki</w> 
 <w id="w17.3.16">prikazujejo</w>
 <w id="w17.3.17">,</w> 
 <w id="w17.3.18">kako</w> 
 <w id="w17.3.19">se</w> 
 <w id="w17.3.20">zdravilo</w> 
 <w id="w17.3.21">uporablja</w>
 <w id="w17.3.22">.</w>
</s></p>

<p id="18">
<s id="s18.1">
 <w id="w18.1.1">Druge</w> 
 <w id="w18.1.2">informacije</w> 
 <w id="w18.1.3">o</w> 
 <w id="w18.1.4">zdravilu</w> 
 <w id="w18.1.5">Abseamed</w>
 <w id="w18.1.6">:</w>
</s> 
 
<s id="s18.2">
 <w id="w18.2.1">Evropska</w> 
 <w id="w18.2.2">komisija</w> 
 <w id="w18.2.3">je</w> 
 <w id="w18.2.4">dovoljenje</w> 
 <w id="w18.2.5">za</w> 
 <w id="w18.2.6">promet</w> 
 <w id="w18.2.7">z</w> 
 <w id="w18.2.8">zdravilom</w> 
 <w id="w18.2.9">Abseamed</w>
 <w id="w18.2.10">,</w> 
 <w id="w18.2.11">veljavno</w> 
 <w id="w18.2.12">po</w> 
 <w id="w18.2.13">vsej</w> 
 <w id="w18.2.14">Evropski</w> 
 <w id="w18.2.15">uniji</w>
 <w id="w18.2.16">,</w> 
 <w id="w18.2.17">odobrila</w> 
 <w id="w18.2.18">družbi</w> 
 <w id="w18.2.19">Medice</w> 
 <w id="w18.2.20">Arzneimittel</w> 
 <w id="w18.2.21">Pütter</w> 
 <w id="w18.2.22">GmbH</w>   
 <w id="w18.2.23">&amp;</w>   
 <w id="w18.2.24">Co</w> 
 <w id="w18.2.25">KG</w> 
 <w id="w18.2.26">dne</w> 
 <w id="w18.2.27">28</w>
 <w id="w18.2.28">.</w> 
 <w id="w18.2.29">avgusta</w> 
 <w id="w18.2.30">2007</w>
 <w id="w18.2.31">.</w>
</s></p>

<p id="19">
<s id="s19.1">
 <w id="w19.1.1">Celotno</w> 
 <w id="w19.1.2">evropsko</w> 
 <w id="w19.1.3">javno</w> 
 <w id="w19.1.4">poročilo</w> 
 <w id="w19.1.5">o</w> 
 <w id="w19.1.6">oceni</w> 
 <w id="w19.1.7">zdravila</w> 
 <w id="w19.1.8">(</w>
 <w id="w19.1.9">EPAR</w>
 <w id="w19.1.10">)</w> 
 <w id="w19.1.11">za</w> 
 <w id="w19.1.12">zdravilo</w> 
 <w id="w19.1.13">Abseamed</w> 
 <w id="w19.1.14">je</w> 
 <w id="w19.1.15">na</w> 
 <w id="w19.1.16">voljo</w> 
 <w id="w19.1.17">tukaj</w>
 <w id="w19.1.18">.</w>
</s></p>

<p id="20">
<s id="s20.1">
 <w id="w20.1.1">Povzetek</w> 
 <w id="w20.1.2">je</w> 
 <w id="w20.1.3">bil</w> 
 <w id="w20.1.4">nazadnje</w> 
 <w id="w20.1.5">posodobljen</w> 
 <w id="w20.1.6">12-</w>
 <w id="w20.1.7">2008</w>
 <w id="w20.1.8">.</w>
</s></p>

<p id="21">
<s id="s21.1">
 <w id="w21.1.1">3/</w>
 <w id="w21.1.2">3</w>
</s></p></text>
