<?xml version="1.0" encoding="utf-8"?>
<letsmt version="1.0">
<head></head>
<body>
<s id="s1.1">MA Numbers</s>
<s id="s2.1">Invented name</s>
<s id="s3.1">Strength</s>
<s id="s4.1">Pharmaceutical Form</s>
<s id="s5.1">Target species</s>
<s id="s6.1">Route of administration</s>
<s id="s7.1">Packaging</s>
<s id="s8.1">Content</s>
<s id="s9.1">Package size</s>
<s id="s10.1">Withdrawal Period</s>
<s id="s11.1">EU/ 2/ 00/ 027/ 001 PIRSUE</s>
<s id="s12.1">5 mg/ ml</s>
<s id="s13.1">Intramammary Solution</s>
<s id="s14.1">Cattle</s>
<s id="s15.1">Intramammary Use</s>
<s id="s16.1">Pre-filled syringe (PE)</s>
<s id="s17.1">10 ml</s>
<s id="s18.1">8 pre-filled syringes (in a cardboard box)</s>
<s id="s19.1">Meat and offal:</s>
<s id="s19.2">23 days Milk:</s>
<s id="s19.3">5 days</s>
<s id="s20.1">EU/ 2/ 00/ 027/ 002 PIRSUE</s>
<s id="s21.1">5 mg/ ml</s>
<s id="s22.1">Intramammary Solution</s>
<s id="s23.1">Cattle</s>
<s id="s24.1">Intramammary Use</s>
<s id="s25.1">Pre-filled syringe (PE)</s>
<s id="s26.1">10 ml</s>
<s id="s27.1">24 pre-filled syringes (in a cardboard box)</s>
<s id="s28.1">Meat and offal:</s>
<s id="s28.2">23 days Milk:</s>
<s id="s28.3">5 days</s>
<s id="s29.1">EU/ 2/ 00/ 027/ 003 PIRSUE</s>
<s id="s30.1">5 mg/ ml</s>
<s id="s31.1">Intramammary Solution</s>
<s id="s32.1">Cattle</s>
<s id="s33.1">Intramammary Use</s>
<s id="s34.1">Pre-filled syringe (PE)</s>
<s id="s35.1">10 ml</s>
<s id="s36.1">120 pre-filled syringes (in a plastic bucket)</s>
<s id="s37.1">Meat and offal:</s>
<s id="s37.2">23 days Milk:</s>
<s id="s37.3">5 days</s>
<s id="s38.1">CVMP/ 918/ 00</s>
<s id="s39.1">1/ 1</s>
<s id="s40.1">©EMEA 2006</s>
</body>
</letsmt>
