<?xml version="1.0" encoding="utf-8"?>
<letsmt version="1.0">
<head></head>
<body>
<s id="s1.1">DODATEK I</s>
<s id="s2.1">SEZNAM IMEN, FARMACEVTSKIH OBLIK, JAKOSTI ZDRAVILA, NAČINOV UPORABE ZDRAVILA, VLAGATELJEV/ IMETNIKOV DOVOLJENJA ZA PROMET Z ZDRAVILOM V DRŽAVAH LANICAH Č</s>
<s id="s3.1">1 Država lanica č</s>
<s id="s4.1">Imetniki/ Vlagatelji dovoljenja za promet z zdravilom</s>
<s id="s5.1">Izmišljeno ime</s>
<s id="s6.1">Jakost</s>
<s id="s7.1">Farmacevtska oblika</s>
<s id="s8.1">Način uporabe zdravila</s>
<s id="s9.1">Avstrija</s>
<s id="s10.1">AstraZeneca Österreich GmbH Schwarzenbergplatz 7 Postfach 153, A- 1037 Vienna Avstrija</s>
<s id="s11.1">Crestor</s>
<s id="s12.1">5 mg</s>
<s id="s13.1">Filmsko obložena tableta</s>
<s id="s14.1">peroralno</s>
<s id="s15.1">Belgija</s>
<s id="s16.1">AstraZeneca Belgium Egide Van Ophemstraat 110 B- 1180 Brussels, Belgija</s>
<s id="s17.1">Crestor</s>
<s id="s18.1">5 mg</s>
<s id="s19.1">Filmsko obložena tableta</s>
<s id="s20.1">peroralno</s>
<s id="s21.1">Danska</s>
<s id="s22.1">AstraZeneca A/ SRoskildevej 22 DK- 2620 Albertslund Danska</s>
<s id="s23.1">Crestor</s>
<s id="s24.1">5 mg</s>
<s id="s25.1">Filmsko obložena tableta</s>
<s id="s26.1">peroralno</s>
<s id="s27.1">Finska</s>
<s id="s28.1">AstraZeneca Oy Luomanportti 3 FIN- 02200 Espoo Finska</s>
<s id="s29.1">Crestor</s>
<s id="s30.1">5 mg</s>
<s id="s31.1">Filmsko obložena tableta</s>
<s id="s32.1">peroralno</s>
<s id="s33.1">Francija</s>
<s id="s34.1">AstraZeneca France Place Renault F- 92844 Rueil- Malmaison Cedex Francija</s>
<s id="s35.1">Crestor</s>
<s id="s36.1">5 mg</s>
<s id="s37.1">Filmsko obložena tableta</s>
<s id="s38.1">peroralno</s>
<s id="s39.1">Grčija</s>
<s id="s40.1">AstraZeneca S A 4, Theotokopoulou &amp; Astronafton str GR- 151 25 Maroussi Athens Grčija</s>
<s id="s41.1">Crestor</s>
<s id="s42.1">5 mg</s>
<s id="s43.1">Filmsko obložena tableta</s>
<s id="s44.1">peroralno</s>
<s id="s45.1">2 Država lanica č</s>
<s id="s46.1">Imetniki/ Vlagatelji dovoljenja za promet z zdravilom</s>
<s id="s47.1">Izmišljeno ime</s>
<s id="s48.1">Jakost</s>
<s id="s49.1">Farmacevtska oblika</s>
<s id="s50.1">Način uporabe zdravila</s>
<s id="s51.1">Islandija</s>
<s id="s52.1">AstraZeneca A/ S Roskildevej 22 DK- 2620 Albertslund Danska</s>
<s id="s53.1">Crestor</s>
<s id="s54.1">5 mg</s>
<s id="s55.1">Filmsko obložena tableta</s>
<s id="s56.1">peroralno</s>
<s id="s57.1">Irska</s>
<s id="s58.1">AstraZeneca UK Limited Horizon Place, 600 Capability Green, Luton, Bedfordshire LU1 3LU England Združeno kraljestvo</s>
<s id="s59.1">Crestor</s>
<s id="s60.1">5 mg</s>
<s id="s61.1">Filmsko obložena tableta</s>
<s id="s62.1">peroralno</s>
<s id="s63.1">Italija</s>
<s id="s64.1">AstraZeneca Netherlands P O Box 599 NL- 2700 An Zoetermeer Nizozemska</s>
<s id="s65.1">Crestor</s>
<s id="s66.1">5 mg</s>
<s id="s67.1">Filmsko obložena tableta</s>
<s id="s68.1">peroralno</s>
<s id="s69.1">Luksemburg</s>
<s id="s70.1">AstraZeneca Belgium Egide Van Ophemstraat 110 B- 1180 Brussels Belgija</s>
<s id="s71.1">Crestor</s>
<s id="s72.1">5 mg</s>
<s id="s73.1">Filmsko obložena tableta</s>
<s id="s74.1">peroralno</s>
<s id="s75.1">Nizozemska</s>
<s id="s76.1">AstraZeneca Netherlands P O Box 599 NL- 2700 An Zoetermeer Nizozemska</s>
<s id="s77.1">Crestor</s>
<s id="s78.1">5 mg</s>
<s id="s79.1">Filmsko obložena tableta</s>
<s id="s80.1">peroralno</s>
<s id="s81.1">Portugalska</s>
<s id="s82.1">AstraZeneca – Produtos Farmacéuticos, Lda Rua Humberto Madeira 7 Valejas</s>
<s id="s83.1">Crestor</s>
<s id="s84.1">5 mg</s>
<s id="s85.1">Filmsko obložena tableta</s>
<s id="s86.1">peroralno</s>
<s id="s87.1">3 Država lanica č</s>
<s id="s88.1">Imetniki/ Vlagatelji dovoljenja za promet z zdravilom</s>
<s id="s89.1">Izmišljeno ime</s>
<s id="s90.1">Jakost</s>
<s id="s91.1">Farmacevtska oblika</s>
<s id="s92.1">Način uporabe zdravila</s>
<s id="s93.1">2745- 663 Barcarena Portugalska</s>
<s id="s94.1">Švedska</s>
<s id="s95.1">AstraZeneca AB 151 85 Södertälje Södertälje Švedska</s>
<s id="s96.1">Crestor</s>
<s id="s97.1">5 mg</s>
<s id="s98.1">Filmsko obložena tableta</s>
<s id="s99.1">peroralno</s>
<s id="s100.1">Združeno kraljestvo</s>
<s id="s101.1">AstraZeneca UK Limited Horizon Place, 600 Capability Green, Luton, Bedfordshire LU1 3LU England Združeno kraljestvo</s>
<s id="s102.1">Crestor</s>
<s id="s103.1">5 mg</s>
<s id="s104.1">Filmsko obložena tableta</s>
<s id="s105.1">peroralno</s>
<s id="s106.1">4 DODATEK II</s>
<s id="s107.1">ZNANSTVENI ZAKLJUČKI IN PODLAGA ZA DOPOLNILO POVZETKOV GLAVNIH ZNAČILNOSTI ZDRAVILA, PREDSTAVLJENI S STRANI EVROPSKE AGENCIJE ZA ZDRAVILA</s>
<s id="s108.1">5 ZNANSTVENI ZAKLJUČKI</s>
<s id="s109.1">SPLOŠNI POVZETEK ZNANSTVENEGA VREDNOTENJA ZDRAVILA CRESTOR 5 mg (glejte Dodatek I)</s>
<s id="s110.1">Rosuvastatin (Crestor) 10 mg je trenutno dovoljen v večini držav lanic kot začetni in vzdrževalni č odmerek s sprejemljivim razmerjem med tveganji in koristmi.</s>
<s id="s110.2">Posodobljeni podatki iz kliničnih preskušanj in postmarketinški podatki, ne nudijo zadostne podlage za spremembo te ocene ali za priporočilo za specifična dopolnila podatkov o predpisovanju za to raven odmerjanja.</s>
<s id="s111.1">Razlika v učinkovitosti znižanja ravni lipidov med rosuvastatinom 5 mg in 10 mg ustreza pričakovanjem za statin, tj. podvojitev odmerka s 5 mg na 10 mg (bodisi preko začetnega odmerka bodisi s povečano titracijo) povzroči povprečno povečanje učinka znižanja ravni LDL- C za 6%, iz povprečno 41% na 47%.</s>
<s id="s111.2">Vrednotenje pomena tega povečevanja učinka znižanja je zapleteno, upoštevati pa mora dokaze, ki so pridobljeni v preskušanjih izida za to skupino zdravil.</s>
<s id="s111.3">To se odraža v dostopnih smernicah za zdravljenje, ki so jih izdala znanstvena združenja.</s>
<s id="s111.4">Na podlagi dostopnih podatkov ne moremo določiti splošnega praga, nad katerim je dodatno zniževanje LDL- C brez pomena.</s>
<s id="s111.5">Odbor za zdravila za uporabo v humani medicini je za druga zdravila iz te skupine že priznal, da je potreba po znižanju ravni LDL- C za &gt; 45% morebiti pomembna, in da se le- ta lahko upošteva z izbiro začetnega odmerka, prilagojenega posamezniku.</s>
<s id="s112.1">V celoti je izkušenj z odmerkom rosuvastatina 5 mg manj kot tistih za 10 mg, vendar dostopni podatki iz kliničnih preskušanj in postmarketinški podatki ne podpirajo ustrezne varnostne koristi odmerka 5 mg na ravni skupin v primerjavi z odmerkom 10 mg.</s>
<s id="s112.2">V primerjavi z drugimi statini ni podatkov, ki bi podpirali močnejšo povezavo neželenih reakcij (miopatija, hepatotoksičnost) z odmerkom rosuvastatina.</s>
<s id="s112.3">Velja mnenje, da ni potrebno zahtevati splošno večjega razmerja med začetnim odmerkom in največjim odmerkom rosuvastatina (20 mg v splošni ciljni populaciji, 40 mg pri posebnih bolnikih) od tistega, ki ga je Odbor za zdravila za uporabo v humani medicini zahteval za druge statine (simvastatin, pravastatin).</s>
<s id="s112.4">Bolje je, da se pri izbiri začetnega odmerka upošteva potencialne zadržke glede varnosti pri posameznem bolniku na podlagi, npr. občutljivosti za neželene reakcije in farmakokinetične zadržke.</s>
<s id="s113.1">Zaključimo lahko, da je razmerje med koristmi in tveganji za zdravili Crestor 5 ali Crestor 10 mg kot alternativnima začetnima odmerkoma ugodno.</s>
<s id="s113.2">Pri izbiri začetnega odmerka pri posameznem bolniku je treba upoštevati vidike učinkovitosti in varnosti, kakor je opisano v Povzetku glavnih značilnosti zdravila.</s>
<s id="s114.1">PODLAGA ZA DOPOLNILO POVZETKA GLAVNIH ZNAČILNOSTI ZDRAVILA</s>
<s id="s115.1">Na podlagi ugotovitev, da:</s>
<s id="s116.1">⇒ dnevni odmerki zdravila Crestor 10 mg povzročijo večje znižanje ravni LDL- C v primerjavi z odmerkom 5 mg</s>
<s id="s117.1">⇒ iz postmarketinških podatkov in podatkov iz kliničnih preskušanj, niso razvidne pomembne razlike v varnosti in toleranci med odmerkoma rosuvastatina 5 mg in 10 mg</s>
<s id="s118.1">sledi zaključek, da je razmerje med koristmi in tveganji za zdravili Crestor 5 mg ali Crestor 10 mg kot alternativnima začetnima odmerkoma ugodno.</s>
<s id="s118.2">Pri izbiri začetnega odmerka pri posameznem bolniku je treba upoštevati vidike učinkovitosti in varnosti, kakor je opisano v Povzetku glavnih značilnosti zdravila.</s>
<s id="s119.1">6 DODATEK III</s>
<s id="s120.1">POVZETEK GLAVNIH ZNAČILNOSTI ZDRAVILA</s>
<s id="s121.1">7 1.</s>
<s id="s121.2">IME ZDRAVILA</s>
<s id="s122.1">Crestor 5 mg, filmsko obložene tablete</s>
<s id="s123.1">2.</s>
<s id="s123.2">KAKOVOSTNA IN KOLIČINSKA SESTAVA</s>
<s id="s124.1">Vsaka tableta vsebuje 5 mg rosuvastatina (rosuvastatin v obliki kalcijeve soli).</s>
<s id="s125.1">Za pomožne snovi glejte poglavje 6. 1.</s>
<s id="s126.1">3.</s>
<s id="s126.2">FARMACEVTSKA OBLIKA</s>
<s id="s127.1">Filmsko obložena tableta.</s>
<s id="s127.2">Okrogla, rumena, z oznakama 'ZD4522' in '5' na eni strani, na drugi strani pa brez oznak.</s>
<s id="s128.1">4.</s>
<s id="s128.2">KLINIČNI PODATKI</s>
<s id="s129.1">4. 1 Terapevtske indikacije</s>
<s id="s130.1">Primarna hiperholesterolemija (tip IIa, tudi heterozigotna družinska hiperholesterolemija) ali mešana dislipidemija (tip IIb) – kot dodatek dieti, kadar odziv nanjo ali druge nefarmakološke ukrepe (npr. telesna vadba, zmanjšanje telesne mase) ni bil zadovoljiv.</s>
<s id="s131.1">Homozigotna družinska hiperholesterolemija – kot dodatek dieti in drugim ukrepom za zmanjšanje vrednosti lipidov (npr. afereza LDL) ali kadar ti ukrepi niso primerni.</s>
<s id="s132.1">4. 2 Odmerjanje in način uporabe</s>
<s id="s133.1">Pred začetkom zdravljenja je potrebno bolniku predpisati standardno dieto za zmanjševanje vrednosti holesterola, ki jo mora nadaljevati tudi med zdravljenjem.</s>
<s id="s133.2">Odmerjanje je individualno, v skladu s ciljem zdravljenja in bolnikovim odzivom nanj ter veljavnimi smernicami.</s>
<s id="s134.1">Priporočen začetni peroralni odmerek je 5 ali 10 mg enkrat na dan, tako pri bolnikih, ki se še niso zdravili s statini kot tudi pri tistih bolnikih, ki so se pred tem zdravili z drugim zaviralcem HMG- CoA - reduktaze.</s>
<s id="s134.2">Pri odločitvi o začetnem odmerku je potrebno upoštevati vrednosti holesterola posameznega bolnika in njegovo bodoče kardiovaskularno tveganje kot tudi možno tveganje zaradi neželenih učinkov (glejte spodaj).</s>
<s id="s134.3">Odmerek se lahko po potrebi prilagodi na naslednjo stopnjo po štirih tednih zdravljenja (glejte poglavje 5. 1 Farmakodinamične lastnosti).</s>
<s id="s134.4">Glede na povečano število poročil o neželenih učinkih pri uporabi 40 mg odmerkov v primerjavi z nižjimi odmerki (glejte poglavje 4. 8 Neželeni učinki) je končna titracija na največji odmerek 40 mg potrebna le pri bolnikih s hudo hiperholesterolemijo in velikim kardiovaskularnim tveganjem (še posebej pri tistih z družinsko hiperholesterolemijo), pri katerih z uporabo 20- miligramskega odmerka cilj zdravljenja ni bil dosežen; te bolnike je treba rutinsko spremljati (glejte poglavje 4. 4 Posebna opozorila in previdnostni ukrepi).</s>
<s id="s134.5">Pri uvedbi zdravljenja s 40 mg odmerkom je priporočljiv nadzor zdravnika specialista.</s>
<s id="s135.1">Bolniki lahko Crestor zaužijejo kadar koli, bodisi s hrano bodisi brez nje.</s>
<s id="s136.1">Uporaba pri otrocih Varnost in učinkovitost uporabe zdravila pri otrocih nista dokazani.</s>
<s id="s136.2">Zdravilo je jemalo le majhno število otrok (starih najmanj osem let) s homozigotno družinsko hiperholesterolemijo.</s>
<s id="s136.3">Zaradi tega uporaba Crestorja pri otrocih zaenkrat še ni priporočena.</s>
<s id="s137.1">8 Uporaba pri starejših Začetni odmerek 5 mg je priporočen pri bolnikih &gt; 70 let (glejte poglavje 4. 4 Posebna opozorila in previdnostni ukrepi).</s>
<s id="s137.2">Drugega prilagajanja odmerka v zvezi s starostjo ni potrebno.</s>
<s id="s138.1">Odmerjanje pri bolnikih z ledvično odpovedjo Bolnikom z blagim do zmerno hudim poslabšanjem ledvičnega delovanja odmerka ni treba prilagajati.</s>
<s id="s138.2">Pri bolnikih z zmerno ledvično odpovedjo (očistek kreatinina &lt; 60 ml/ min) je priporočen začetni odmerek 5 mg.</s>
<s id="s138.3">Odmerek 40 mg je kontraindiciran pri bolnikih z zmerno ledvično odpovedjo. Uporaba Crestorja pri bolnikih s hudo ledvično odpovedjo je kontraindicirana pri vseh odmerkih (glejte poglavje 4. 3 Kontraindikacije in poglavje 5. 2 Farmakokinetične lastnosti).</s>
<s id="s139.1">Odmerjanje pri bolnikih s poslabšanjem jetrnega delovanja Sistemska izpostavljenost rosuvastatinu se pri bolnikih, ocenjenih s 7 ali manj točkami po Child - Pughovi lestvici, ni zvečala.</s>
<s id="s139.2">Zvečala se je pri bolnikih, ki so bili po Child- Pughovi lestvici ocenjeni z 8 in 9 točkami (glejte poglavje 5. 2 Farmakokinetične lastnosti).</s>
<s id="s139.3">Pri teh bolnikih je smiselno oceniti delovanje ledvic (glejte poglavje 4. 4 Posebna opozorila in previdnostni ukrepi).</s>
<s id="s139.4">Ni izkušenj glede uporabe zdravila pri bolnikih z vrednostjo 9 in več točkami po Child- Pughovi lestvici.</s>
<s id="s139.5">Uporaba Crestorja je kontraindicirana pri bolnikih z aktivno jetrno boleznijo (glejte poglavje 4. 3 Kontraindikacije).</s>
<s id="s140.1">Rasa Sistemska izpostavljenost je bila povečana pri osebah japonskega in kitajskega porekla (glejte poglavje 4. 4 Posebna opozorila in previdnostni ukrepi in poglavje 5. 2 Farmakokinetične lastnosti).</s>
<s id="s140.2">Priporočen začetni odmerek za bolnike japonskega in kitajskega rodu je 5 mg.</s>
<s id="s140.3">Uporaba 40 mg odmerkov je kontraindicirana pri japonskih in kitajskih bolnikih (glejte poglavji 4. 3 Kontraindikacije in 5. 2 Farmakokinetične lastnosti).</s>
<s id="s141.1">Odmerjanje pri bolnikih s predispozicijskimi dejavniki za miopatijo Priporočen začetni odmerek za bolnike s predispozicijskimi dejavniki za miopatijo je 5 mg (glejte poglavje 4. 4 Posebna opozorila in previdnostni ukrepi).</s>
<s id="s141.2">Odmerek 40 mg je kontraindiciran pri nekaterih od teh bolnikov (glejte poglavje 4. 3 Kontraindikacije).</s>
<s id="s142.1">4. 3 Kontraindikacije</s>
<s id="s143.1">Crestor je kontraindiciran:</s>
<s id="s144.1">- pri bolnikih, ki so preobčutljivi za rosuvastatin ali katero koli pomožno snov zdravila</s>
<s id="s145.1">- pri bolnikih z aktivno jetrno boleznijo, tudi nepojasnjenim persistentnim zvečanjem serumske</s>
<s id="s146.1">vrednosti transaminaz in kakršnim koli zvečanjem serumske vrednosti transaminaz, ki presega trikratno zgornjo mejo normalne vrednosti (Upper limit of normal – ULN)</s>
<s id="s147.1">- pri bolnikih s hudo ledvično odpovedjo (očistek kreatinina &lt; 30 ml/ min)</s>
<s id="s148.1">- pri bolnikih z miopatijo</s>
<s id="s149.1">- pri bolnikih, ki sočasno dobivajo ciklosporin</s>
<s id="s150.1">- med nosečnostjo in obdobjem dojenja ter pri ženskah v rodnem obdobju, ki ne uporabljajo</s>
<s id="s151.1">zanesljive kontracepcijske metode.</s>
<s id="s152.1">Uporaba 40 mg odmerkov je kontraindicirana pri bolnikih, pri katerih je prisoten kateri od predispozicijskih dejavnikov za miopatijo/ rabdomiolizo.</s>
<s id="s152.2">Ti dejavniki so:</s>
<s id="s153.1">- zmerna ledvična okvara (čistek kreatinina &lt; 60 ml/ min)</s>
<s id="s154.1">- hipotiroidizem</s>
<s id="s155.1">- osebna ali družinska anamneza dednih mišičnih obolenj</s>
<s id="s156.1">- predhoden pojav toksičnih učinkov na mišice pri uporabi drugih zaviralcev HMG- CoA- reduktaze</s>
<s id="s157.1">ali fibratov</s>
<s id="s158.1">- zloraba alkohola</s>
<s id="s159.1">- stanja, kjer se lahko pojavijo povečane plazemske koncentracije zdravila</s>
<s id="s160.1">9</s>
<s id="s161.1">- -</s>
<s id="s162.1">bolniki japonskega in kitajskega rodu sočasna uporaba fibratov.</s>
<s id="s163.1">(Glejte poglavja 4. 4 Posebna opozorila in previdnostni ukrepi, 4. 5 Medsebojno delovanje z drugimi zdravili in druge oblike interakcij in 5. 2 Farmakokinetične lastnosti).</s>
<s id="s164.1">4. 4 Posebna opozorila in previdnostni ukrepi</s>
<s id="s165.1">Vpliv na ledvice Proteinurija, ki so jo odkrili s testiranjem s testnimi lističi in je bila v glavnem tubulna, se je pojavila pri bolnikih, ki so dobivali velike odmerke Crestorja, zlasti 40- miligramske; pri večini bolnikov je bila prehodna ali intermitentna.</s>
<s id="s165.2">Proteinurija ni napovedovala akutne ali napredujoče ledvične bolezni (glejte poglavje 4. 8 Neželeni učinki).</s>
<s id="s165.3">Med rutinskim spremljanjem bolnikov, ki jemljejo 40- miligramski odmerek zdravila, je smiselno tudi ocenjevanje delovanja ledvic.</s>
<s id="s166.1">Vpliv na skeletno mišičje Pri jemanju zdravila Crestor so pri bolnikih opazili učinke na skeletne mišice, npr. mialgijo, miopatijo in v redkih primerih tudi rabdomiolizo, pri vseh odmerkih, predvsem pa pri odmerkih &gt; 20 mg.</s>
<s id="s167.1">Merjenje kreatin- kinaze Kreatin- kinaze (CK) se ne sme meriti po napornem razgibavanju ali e obstaja drug možen vzrok č zvečanja vrednosti CK, ki lahko vpliva na izvid. e je izhodiščna vrednost CK bistveno zvečana Č (&gt; 5x ULN), je treba test za potrditev izvida ponoviti ez pet do sedem dni. e je tudi tedaj izhodiščna vrednost CK &gt; 5x ULN, se zdravljenja ne sme začeti.</s>
<s id="s168.1">č</s>
<s id="s169.1">Č</s>
<s id="s170.1">Pred zdravljenjem Tako kot druge zaviralce reduktaze HMG- CoA je treba tudi Crestor predpisati zelo previdno bolnikom, pri katerih obstajajo dejavniki, ki lahko vplivajo na pojav miopatije/ rabdomiolize.</s>
<s id="s170.2">Taki dejavniki so:</s>
<s id="s171.1">- ledvična okvara</s>
<s id="s172.1">- hipotiroidizem</s>
<s id="s173.1">- osebna ali družinska anamneza dednih mišičnih motenj</s>
<s id="s174.1">- toksično delovanje drugega zaviralca reduktaze HMG- CoA ali fibrata na mišice v preteklosti</s>
<s id="s175.1">- zloraba alkohola</s>
<s id="s176.1">- starost več kot 70 let</s>
<s id="s177.1">- stanja, ko se plazemske vrednosti lahko zvečajo (glejte poglavje 5. 2 Farmakokinetične lastnosti)</s>
<s id="s178.1">- sočasna uporaba fibratov.</s>
<s id="s179.1">Pri teh bolnikih je treba pretehtati, kako nevarno bi bilo zdravljenje in kolikšna njegova koristnost, bolnika pa je priporočeno spremljati. e so izhodiščne vrednosti CK bistveno zvečane (&gt; 5x ULN), se Č zdravljenja ne sme začeti.</s>
<s id="s180.1">Med zdravljenjem Bolnikom je treba naročiti, naj v primeru pojava nepojasnjenih bolečin, oslabelosti ali krčev v mišicah, še posebej e je to povezano tudi z občutkom slabosti ali zvišano telesno temperaturo, nemudoma č obvestijo svojega zdravnika.</s>
<s id="s180.2">Pri takih bolnikih je treba meriti vrednost CK.</s>
<s id="s180.3">Zdravljenje je treba ustaviti, e je njena vrednost bistveno zvečana (&gt; 5x ULN) ali e so mišični simptomi hudi in motijo dnevne č č dejavnosti (četudi je vrednost CK 5x ULN). e simptomi izginejo in se vrednost CK normalizira, je</s>
<s id="s181.1">≤</s>
<s id="s182.1">Č</s>
<s id="s183.1">treba pretehtati, ali bolnik spet lahko začne dobivati najmanjši odmerek Crestorja ali drugega zaviralca reduktaze HMG- CoA; v tem primeru ga je treba skrbno spremljati.</s>
<s id="s183.2">Rutinsko spremljanje vrednosti CK pri asimptomatskih bolnikih ni smiselno.</s>
<s id="s183.3">V kliničnih preskušanjih, v katerih je majhno število bolnikov sočasno s Crestorjem prejemalo še druga zdravila, niso dokazali zvečanja vpliva Crestorja na skeletne mišice.</s>
<s id="s183.4">Zvečala pa se je incidenca miozitisa in miopatije pri bolnikih, ki so sočasno jemali druge zaviralce reduktaze HMG- CoA in fibrate (gemfibrozil, ciklosporin, nikotinsko kislino, azolne antimikotike, proteazne zaviralce in makrolidne 10 antibiotike).</s>
<s id="s183.5">Gemfibrozil zveča nevarnost pojava miopatije ob sočasni uporabi nekaterih zaviralcev reduktaze HMG- CoA.</s>
<s id="s183.6">Zaradi tega kombinirano zdravljenje s Crestorjem in gemfibrozilom ni priporočeno.</s>
<s id="s183.7">Skrbno je treba pretehtati, kolikšna je koristnost kombinirane uporabe Crestorja in fibratov ali niacina in kolikšna morebitna nevarnost.</s>
<s id="s183.8">Uporaba 40 mg odmerka je kontraindicirana pri sočasni uporabi s fibrati.</s>
<s id="s183.9">(Glejte poglavje 4. 5 Medsebojno delovanje zdravil in druge oblike interakcij in poglavje 4. 8 Neželeni učinki).</s>
<s id="s184.1">Crestorja ne smejo jemati bolniki s hudo akutno boleznijo, ki bi utegnila biti miopatija ali bi lahko povzročila razvoj ledvične odpovedi zaradi rabdomiolize (npr. sepsa, hipotenzija, obsežen kirurški poseg, poškodba, hude presnovne, endokrine in elektrolitske motnje; nenadzorovani krči).</s>
<s id="s185.1">Vpliv na jetra Tako kot druge zaviralce reduktaze HMG- CoA je treba tudi Crestor uporabljati zelo previdno pri bolnikih, ki popijejo veliko alkoholnih pijač in/ ali imajo jetrno bolezen v anamnezi.</s>
<s id="s186.1">Priporočeno je, naj se testi za ugotavljanje delovanja jeter opravljajo pred začetkom zdravljenja in tri mesece po njegovem začetku.</s>
<s id="s186.2">Zdravljenje s Crestorjem je treba ustaviti ali pa njegov odmerek zmanjšati, e serumske vrednosti transaminaz presegajo trikratno zgornjo mejo normalne vrednosti. č</s>
<s id="s187.1">Pri bolnikih s sekundarno hiperholesterolemijo, ki je posledica hipotiroidizma ali nefrotskega sindroma, je treba pred začetkom uporabe Crestorja najprej zdraviti osnovno bolezen.</s>
<s id="s188.1">Rasa V farmakokinetičnih raziskavah so ugotovili, da je izpostavljenost Japoncev in Kitajcev večja od izpostavljenosti belcev (glejte poglavje 4. 2 Odmerjanje in način uporabe in poglavje 5. 2 Farmakokinetične lastnosti).</s>
<s id="s189.1">4. 5 Medsebojno delovanje z drugimi zdravili in druge oblike interakcij</s>
<s id="s190.1">Ciklosporin:</s>
<s id="s190.2">Med sočasnim zdravljenjem s Crestorjem in ciklosporinom je vrednost AUC rosuvastatina povprečno sedemkrat večja kot pri zdravih prostovoljcih (glejte poglavje 4. 3 Kontraindikacije).</s>
<s id="s190.3">Sočasna uporaba ne vpliva na plazemske koncentracije ciklosporina.</s>
<s id="s191.1">Antagonisti vitamina K:</s>
<s id="s191.2">Pri bolnikih, ki dobivajo antagoniste vitamina K (npr. varfarin), se lahko na začetku zdravljenja s Crestorjem ali pri zvečevanju njegovega odmerka s titriranjem – enako kot pri uporabi drugih zaviralcev reduktaze HMG- CoA – zveča INR (International Normalised Ratio).</s>
<s id="s191.3">Ta se lahko zmanjša, e se zdravljenje s Crestorjem ustavi ali e se zmanjša njegov odmerek.</s>
<s id="s191.4">V takih primerih</s>
<s id="s192.1">č</s>
<s id="s193.1">č</s>
<s id="s194.1">je zaželeno spremljanje INR.</s>
<s id="s195.1">Gemfibrozil in druga zdravila, ki znižujejo koncentracijo lipidov:</s>
<s id="s195.2">Med sočasno uporabo Crestorja in gemfibrozila sta Cmax in AUC rosuvastatina dvakrat večja (glejte poglavje 4. 4 Posebna opozorila in previdnostni ukrepi).</s>
<s id="s195.3">Na osnovi podatkov specifičnih študij medsebojnega delovanja ni pričakovati farmakokinetično pomembnih interakcij s fenofibratom, medtem ko se farmakodinamične interakcije lahko pojavijo.</s>
<s id="s195.4">Pri sočasni uporabi zaviralcev HMG- CoA- redukaze in gemfibrozila, fenofibrata, drugih fibratov in niacina (nikotinske kisline) v odmerkih, ki znižujejo koncentracijo lipidov (&gt; ali enaka 1 g/ dan), se poveča tveganje za pojav miopatije najverjetneje zato, ker lahko tudi sami povzročajo miopatijo.</s>
<s id="s195.5">Uporaba 40 mg odmerka je kontraindicirana pri sočasni uporabi fibratov (glejte poglavji 4. 3 Kontraindikacije in 4. 4.</s>
<s id="s195.6">Posebna opozorila in previdnostni ukrepi).</s>
<s id="s195.7">Tudi ti bolniki morajo začeti zdravljenje s 5 mg odmerki.</s>
<s id="s196.1">Antacid:</s>
<s id="s196.2">Med sočasno uporabo Crestorja in suspenzije antacida, ki vsebuje aluminijev in magnezijev hidroksid, se plazemska koncentracija rosuvastatina zmanjša za približno 50%.</s>
<s id="s196.3">Učinek je bil blažji,</s>
<s id="s197.1">11 kadar so bolniki antacid vzeli dve uri po zaužitju Crestorja.</s>
<s id="s197.2">Kliničen pomen te interakcije ni bil raziskan.</s>
<s id="s198.1">Eritromicin:</s>
<s id="s198.2">Zaradi sočasne uporabe Crestorja in eritromicina se AUC rosuvastatina (0– t) zmanjša za 20%, Cmax pa za 30%.</s>
<s id="s198.3">Interakcija je morda posledica zvečanja revesne motilitete, ki jo povzroča č eritromicin.</s>
<s id="s199.1">Peroralni kontraceptivi/ nadomestno hormonsko zdravljenje (NHZ):</s>
<s id="s199.2">Med hkratno uporabo Crestorja in peroralnih kontraceptivov se AUC etinilestradiola zveča za 26%, norgestrela pa za 34%.</s>
<s id="s199.3">Zvečanje teh plazemskih vrednosti je treba upoštevati pri določanju odmerkov peroralnih kontraceptivov.</s>
<s id="s199.4">Farmakokinetičnih podatkov o ženskah, ki sočasno uporabljajo Crestor in imajo NHZ ni, zato možnosti podobnega učinka ni možno izključiti.</s>
<s id="s199.5">Kljub temu pa je bila njuna kombinacija v kliničnih preskušanjih zelo pogosta, preiskovanke pa so jo dobro prenašale.</s>
<s id="s200.1">Druga zdravila:</s>
<s id="s200.2">Na osnovi podatkov specifičnih študij medsebojnega delovanja ni pričakovati klinično pomembnih interakcij z digoksinom.</s>
<s id="s201.1">Encimi citokroma P450:</s>
<s id="s201.2">V raziskavah in vitro in in vivo so ugotovili, da rosuvastatin ni niti zaviralec niti induktor izoencimov citokroma P450.</s>
<s id="s201.3">Poleg tega je slab substrat za te izoencime.</s>
<s id="s201.4">Ni klinično pomembnih interakcij med rosuvastatinom in flukonazolom (zaviralcem CYP2C9 in CYP3A4) ali ketokonazolom (zaviralcem CYP2A6 in CYP3A4).</s>
<s id="s201.5">Med hkratno uporabo itrakonazola (zaviralca CYP3A4) in rosuvastatina se AUC rosuvastatina zveča za 28%.</s>
<s id="s201.6">To zvečanje ni klinično pomembno.</s>
<s id="s201.7">Interakcij, ki so posledica presnove s pomočjo citokroma P450, zato ni pričakovati.</s>
<s id="s202.1">4. 6 Nosečnost in dojenje</s>
<s id="s203.1">Uporaba Crestorja med nosečnostjo in dojenjem je kontraindicirana.</s>
<s id="s203.2">Ženske v rodnem obdobju morajo uporabljati primerno kontracepcijsko zaščito.</s>
<s id="s203.3">Ker so holesterol in drugi produkti, ki nastanejo pri njegovi biosintezi, nujno potrebni za plodov razvoj, morebitna nevarnost zaviranja reduktaze HMG- CoA pretehta prednosti zdravljenja med nosečnostjo.</s>
<s id="s203.4">V raziskavah pri živalih so ugotovili, da so podatki o reproduktivni toksičnosti omejeni (glejte poglavje 5. 3 Predklinični podatki o varnosti). e bolnica med zdravljenjem s tem zdravilom zanosi, ga mora takoj Č prenehati uporabljati.</s>
<s id="s203.5">Rosuvastatin se pri podganah izloča v mleko.</s>
<s id="s203.6">Podatkov o njegovem izločanju v mleko pri ženskah ni (glejte poglavje 4. 3 Kontraindikacije).</s>
<s id="s204.1">4. 7 Vpliv na sposobnost vožnje in upravljanja s stroji</s>
<s id="s205.1">Študije o vplivu Crestorja na sposobnost vožnje in upravljanja s stroji niso bile izvedene.</s>
<s id="s205.2">Na podlagi njegovih farmakodinamičnih lastnosti pa je malo verjetno, da bi vplival na to sposobnost.</s>
<s id="s205.3">Med vožnjo motornih vozil ali delom s stroji se je treba zavedati, da se lahko med zdravljenjem pojavi vrtoglavica.</s>
<s id="s206.1">4. 8 Neželeni učinki</s>
<s id="s207.1">Neželeni učinki, ki se pojavijo med zdravljenjem s Crestorjem, so na splošno blagi in prehodni.</s>
<s id="s207.2">V kontroliranih kliničnih preskušanjih je zaradi njihovega pojavljanja prenehalo sodelovati manj kot 4% bolnikov, ki so se zdravili s Crestorjem.</s>
<s id="s208.1">Neželeni učinki so glede na pogostost razdeljeni na: pogoste (&gt; 1/ 100, &lt; 1/ 10), občasne (&gt; 1/ 1. 000, &lt; 1/ 100) in redke (&gt; 1/ 10. 000, &lt; 1/ 1. 000).</s>
<s id="s209.1">Bolezni imunskega sistema redki: preobčutljivostne reakcije, tudi angioedem</s>
<s id="s210.1">Bolezni živčevja</s>
<s id="s211.1">12 pogosti: glavobol, vrtoglavica</s>
<s id="s212.1">Bolezni prebavil pogosti: zaprtje, slabost, bolečine v trebuhu</s>
<s id="s213.1">Bolezni kože in podkožja občasni: srbečica, izpuščaji in koprivnica</s>
<s id="s214.1">Bolezni mišično- skeletnega sistema in vezivnega tkiva pogosti: mialgija redki: miopatija in rabdomioliza</s>
<s id="s215.1">Splošne težave pogosti: astenija</s>
<s id="s216.1">Tako kot velja za druge zaviralce reduktaze HMG- CoA, je tudi pri uporabi Crestorja incidenca neželenih učinkov odvisna od velikosti odmerka.</s>
<s id="s217.1">Vpliv na ledvice:</s>
<s id="s217.2">Pri bolnikih, ki so dobivali Crestor, se je pojavila proteinurija, ki so jo odkrili s testiranjem s testnimi lističi in je bila v glavnem tubulna.</s>
<s id="s217.3">Sprememba beljakovin v seču z 0 ali v sledeh na stopnjo ++ ali več se je pojavila pri &lt; 1% bolnikov med zdravljenjem z 10 - in 20- miligramskimi odmerki, ki je trajalo že nekaj asa, in pri približno 3% bolnikov, ki so jemali po 40 mg.</s>
<s id="s217.4">Manjše č zvečanje z 0 ali v sledeh na + se je pojavilo pri tistih, ki so jemali 20- miligramske odmerke.</s>
<s id="s217.5">Pri večini primerov se zvečana vrednost beljakovin v seču med kontinuiranim zdravljenjem zmanjša ali normalizira spontano in ne napoveduje akutne ali napredujoče ledvične bolezni.</s>
<s id="s218.1">Vpliv na skeletno mišičje:</s>
<s id="s218.2">Pri jemanju zdravila Crestor so pri bolnikih opazili učinke na skeletne mišice, npr. mialgijo, miopatijo in v redkih primerih tudi rabdomiolizo, pri vseh odmerkih, predvsem pa pri odmerkih &gt; 20 mg.</s>
<s id="s219.1">Vrednost CK se je v skladu z velikostjo odmerka zvečala pri bolnikih, ki so jemali rosuvastatin; v večini primerov je bilo zvečanje blago, asimptomatsko in prehodno. e je vrednost CK zvečana (&gt; 5x ULN), je Č treba zdravljenje ustaviti (glejte poglavje 4. 4 Posebna opozorila in previdnostni ukrepi).</s>
<s id="s220.1">Vpliv na jetra:</s>
<s id="s220.2">Serumska vrednost transaminaz se je pri majhnem številu bolnikov, ki so jemali rosuvastatin – tako kot pri uporabi drugih zaviralcev reduktaze HMG- CoA – v skladu z velikostjo odmerka zvečala; v večini primerov je bilo zvečanje blago, asimptomatsko in prehodno.</s>
<s id="s221.1">4. 9 Preveliko odmerjanje</s>
<s id="s222.1">Specifičnega zdravljenja v primeru prevelikega odmerjanja ni.</s>
<s id="s222.2">Zdravljenje je simptomatsko; zagotoviti je treba delovanje vitalnih organov.</s>
<s id="s222.3">Spremljati je treba delovanje jeter in vrednosti CK.</s>
<s id="s222.4">Hemodializa verjetno ni učinkovita.</s>
<s id="s223.1">5.</s>
<s id="s223.2">FARMAKOLOŠKE LASTNOSTI</s>
<s id="s224.1">5. 1 Farmakodinamične lastnosti</s>
<s id="s225.1">Farmakoterapevtska skupina: zaviralci reduktaze HMG- CoA</s>
<s id="s226.1">Oznaka ATC:</s>
<s id="s226.2">C10A A07</s>
<s id="s227.1">Mehanizem delovanja</s>
<s id="s228.1">13 Rosuvastatin je selektiven in kompetitiven zaviralec reduktaze HMG- CoA, encima, ki določa hitrost pretvorbe 3- hidroksi- 3- metilglutaril koencima A v mevalonat, ki je prekurzor holesterola.</s>
<s id="s228.2">Rosuvastatin deluje predvsem v jetrih, tarčnem organu zmanjševanja vrednosti holesterola.</s>
<s id="s229.1">Rosuvastatin zvečuje število jetrnih receptorjev za LDL na površini celice in zveča prevzem in katabolizem LDL ter zavira nastajanje VLDL v jetrih in tako zmanjša skupno število delcev VLDL in LDL.</s>
<s id="s230.1">Farmakodinamični učinki Crestor zmanjšuje zvečano koncentracijo holesterola LDL, skupnega holesterola in trigliceridov ter zvečuje vrednost holesterola HDL.</s>
<s id="s230.2">Znižuje tudi raven ApoB, neHDL holesterola, holesterola VLDL, VLDL- TG in zvišuje raven ApoA- I (glejte preglednico 1).</s>
<s id="s230.3">Prav tako zmanjšuje naslednja razmerja: holesterol LDL/ HDL, skupni holesterol/ holesterol HDL, holesterol neHDL / HDL ter ApoB / ApoA- I.</s>
<s id="s231.1">Preglednica 1:</s>
<s id="s231.2">Učinkovitost odmerka pri bolnikih s primarno hiperholesterolemijo (tipa IIa in IIb) (prilagojen povprečni odstotek spremembe glede na izhodiščno vrednost)</s>
<s id="s232.1">odmerek</s>
<s id="s233.1">N</s>
<s id="s234.1">holesterol</s>
<s id="s235.1">skupni holesterol TG holesterol</s>
<s id="s236.1">holesterol skupni holesterol</s>
<s id="s237.1">holesterol skupni holesterol TG holesterol</s>
<s id="s238.1">apoB</s>
<s id="s239.1">apoA- I</s>
<s id="s240.1">LDL</s>
<s id="s241.1">holesterol</s>
<s id="s242.1">HDL</s>
<s id="s243.1">neHDL</s>
<s id="s244.1">placebo</s>
<s id="s245.1">1</s>
<s id="s246.1">3</s>
<s id="s247.1">– 7</s>
<s id="s248.1">– 5</s>
<s id="s249.1">3</s>
<s id="s250.1">– 3</s>
<s id="s251.1">– 7 – 3</s>
<s id="s252.1">5 10 20 40</s>
<s id="s253.1">17 17 17 18</s>
<s id="s254.1">– 45 – 52 – 55 – 63</s>
<s id="s255.1">– 33 – 36 – 40 – 46</s>
<s id="s256.1">13 14 8 10</s>
<s id="s257.1">– 35 – 10 – 23 – 28</s>
<s id="s258.1">– 44 – 48 – 51 – 60</s>
<s id="s259.1">– 38 – 42 – 46 – 54</s>
<s id="s260.1">4 4 5 0</s>
<s id="s261.1">Terapevtski učinek se pojavi prvi teden zdravljenja, 90% največjega učinka pa po dveh tednih.</s>
<s id="s261.2">Učinek je običajno največji po štirih tednih zdravljenja, nato pa tak tudi ostane.</s>
<s id="s262.1">Klinična učinkovitost Crestor je učinkovit pri zdravljenju odraslih s hiperholesterolemijo s hipertrigliceridemijo ali brez nje, ne glede na raso, spol ali starost in pri posebnih populacijah, na primer sladkornih bolnikih ali pri bolnikih z družinsko hiperholesterolemijo.</s>
<s id="s263.1">Po združenih podatkih raziskave III. faze je bilo zdravljenje s Crestorjem na podlagi smernic European Atherosclerosis Society (EAS; 1998) učinkovito pri večini bolnikov s hiperholesterolemijo tipa IIa in IIb (srednja izhodiščna vrednost holesterola LDL približno 4, 8 mmol/ l); okoli 80% bolnikov, ki so jemali po 10 mg zdravila, je po EAS doseglo ciljno vrednost za holesterol LDL (&lt; 3 mmol/ l).</s>
<s id="s264.1">V veliki raziskavi je 435 bolnikov s heterozigotno družinsko hiperholesterolemijo na podlagi načrta o forsiranem titriranju odmerka prejemalo 20 do 80 mg Crestorja.</s>
<s id="s264.2">Vsi odmerki so ugodno vplivali na lipidne parametre in doseganje ciljnih vrednosti.</s>
<s id="s264.3">Po titriranju dnevnega odmerka na 40 mg (12 tednov zdravljenja) se je vrednost holesterola LDL zmanjšala za 53%.</s>
<s id="s264.4">33% bolnikov je doseglo ciljno vrednost holesterola LDL (&lt; 3 mmol/ l), kakor jo določajo smernice EAS.</s>
<s id="s265.1">V odprti raziskavi z določanjem odmerka na podlagi forsiranega titriranja so pri 42 bolnikih s homozigotno družinsko hiperholesterolemijo ocenjevali njihov odziv na zdravljenje z 20 - do 40 - miligramskimi odmerki Crestorja.</s>
<s id="s265.2">Srednja vrednost holesterola LDL se je v celotni populaciji zmanjšala za 22%.</s>
<s id="s266.1">V kliničnih raziskavah z omejenim številom bolnikov je Crestor med kombiniranim zdravljenjem s fenofibratom dodatno prispeval k učinkovitemu zmanjšanju vrednosti trigliceridov, v kombinaciji z niacinom pa k zvišanju ravni holesterola HDL (glejte poglavje 4. 4 Posebna opozorila in previdnostni ukrepi).</s>
<s id="s267.1">14 Dokazov o preventivnem delovanju rosuvastatina na zaplete zaradi nenormalnih vrednosti lipidov, npr. koronarno srčno bolezen, ni, kajti raziskave o umrljivosti in zbolevnosti še niso končane.</s>
<s id="s268.1">5. 2 Farmakokinetične lastnosti</s>
<s id="s269.1">Absorpcija:</s>
<s id="s269.2">Plazemska koncentracija rosuvastatina je največja ez približno pet ur po peroralnem č zaužitju zdravila.</s>
<s id="s269.3">Absolutna biološka uporabnost je približno 20%.</s>
<s id="s270.1">Porazdelitev:</s>
<s id="s270.2">Rosuvastatin se obsežno privzame v jetra, v katerih tudi nastaja največ holesterola in očistka holesterola LDL.</s>
<s id="s270.3">Porazdelitveni volumen rosuvastatina je približno 134 l.</s>
<s id="s270.4">Na plazemske beljakovine se ga veže približno 90%, v glavnem na albumin.</s>
<s id="s271.1">Presnova:</s>
<s id="s271.2">Presnova rosuvastatina je majhna (približno 10%).</s>
<s id="s271.3">V raziskavah o presnovi in vitro so na loveških jetrnih parenhimskih celicah ugotovili, da je rosuvastatin slab substrat za presnovo s pomočjo č citokroma P450.</s>
<s id="s271.4">Glavni izoencim, ki sodeluje, je CYP2C9, drugi, manj pomembni, pa so 2C19, 3A4 in 2D6.</s>
<s id="s271.5">Glavna presnovka sta N- demetilni in laktonski.</s>
<s id="s271.6">N- demetilni presnovek je približno 50% manj aktiven kot rosuvastatin, laktonski pa je klinično neaktiven.</s>
<s id="s271.7">Rosuvastatin je sam odgovoren za več kot 90% aktivnosti v krvi krožečega zaviralca reduktaze HMG- CoA.</s>
<s id="s272.1">Izločanje:</s>
<s id="s272.2">Z blatom (bodisi absorbirana bodisi neabsorbirana učinkovina) se v nespremenjeni obliki izloči okoli 90% odmerka rosuvastatina, preostanek pa se izloči s sečem.</s>
<s id="s272.3">Približno 5% se ga s sečem izloči v nespremenjeni obliki.</s>
<s id="s272.4">Plazemska razpolovna doba izločanja traja približno 19 ur.</s>
<s id="s272.5">Razpolovna doba izločanja se z zvečanjem odmerka ne zveča.</s>
<s id="s272.6">Geometrijski srednji plazemski očistek znaša okoli 50 litrov/ uro (koeficient variacije:</s>
<s id="s272.7">21, 7%).</s>
<s id="s272.8">Tako kot pri drugih zaviralcih reduktaze HMG- CoA sodeluje tudi pri privzemu rosuvastatina v jetra membranski prenosnik OATP- C.</s>
<s id="s272.9">Ta prenosnik je pomemben pri izločanju rosuvastatina prek jeter.</s>
<s id="s273.1">Linearnost:</s>
<s id="s273.2">Sistemska izpostavljenost rosuvastatinu se zvečuje proporcionalno z njegovim odmerkom.</s>
<s id="s273.3">Farmakokinetični parametri se po več dnevnih odmerkih ne spremenijo.</s>
<s id="s274.1">Posebne populacije:</s>
<s id="s275.1">Starost in spol:</s>
<s id="s275.2">Starost in spol nimata klinično pomembnega vpliva na farmakokinetiko rosuvastatina.</s>
<s id="s276.1">Rasa:</s>
<s id="s276.2">V farmakokinetičnih raziskavah so ugotovili, da je srednja vrednost AUC in Cmax pri Japoncih, ki živijo na Japonskem in Kitajcih, živečih v Singapurju, približno dvakrat večja kot pri belcih, ki živijo na zahodu.</s>
<s id="s276.3">Vpliva okolja in genetskih dejavnikov na te razlike niso ugotovili.</s>
<s id="s276.4">V populacijski farmakokinetični analizi niso odkrili klinično pomembnih razlik pri farmakokinetičnih lastnostih belcev in rncev. č</s>
<s id="s277.1">Ledvična odpoved:</s>
<s id="s277.2">V raziskavi, v kateri so sodelovali preiskovanci z različnimi stopnjami ledvične okvare, blaga do zmerna huda ledvična bolezen ni vplivala na plazemske koncentracije rosuvastatina ali njegovega N- demetilnega presnovka.</s>
<s id="s277.3">Pri bolnikih s hudo okvaro (kreatininski očistek &lt; 30 ml/ min) je bila plazemska koncentracija rosuvastatina trikrat večja kot pri zdravih prostovoljcih, N- demetilnega presnovka pa devetkrat večja.</s>
<s id="s277.4">Koncentracija rosuvastatina v stanju dinamičnega ravnovesja je bila pri ljudeh na hemodializi približno za 50% večja kot pri zdravih prostovoljcih.</s>
<s id="s278.1">Jetrna insuficienca:</s>
<s id="s278.2">V raziskavi, v kateri so sodelovali preiskovanci z različnimi stopnjami jetrne okvare, niso dokazali zvečanja izpostavljenosti rosuvastatinu pri bolnikih, ocenjenih s 7 ali manj točkami po Child- Pughovi lestvici.</s>
<s id="s278.3">Pri dveh preiskovancih, ocenjenih z 8 in 9 točkami po Child- Pughovi lestvici, je bila sistemska izpostavljenost najmanj dvakrat večja kot pri tistih z nižjo oceno po tej lestvici.</s>
<s id="s278.4">Ni izkušenj s preiskovanci, ocenjenimi z več kot 9 točkami po Child- Pughovi lestvici.</s>
<s id="s279.1">5. 3 Predklinični podatki o varnosti</s>
<s id="s280.1">15 Predklinični podatki na osnovi običajnih študij farmakološke varnosti, toksičnosti pri ponavljajočih se odmerkih, genotoksičnosti in kancerogenega potenciala ne kažejo posebnega tveganja za loveka.</s>
<s id="s280.2">V pre - č in ponatalni raziskavi pri podganah so odkrili toksično delovanje na reproduktivno sposobnost: zmanjšalo se je število mladičev v zarodu, njihova telesna masa in preživetje.</s>
<s id="s280.3">Te učinke so opazili po uporabi toksičnih odmerkov za samico, po sistemski izpostavljenosti, ki je bila nekajkrat večja od terapevtske.</s>
<s id="s281.1">6.</s>
<s id="s281.2">FARMACEVTSKI PODATKI</s>
<s id="s282.1">6. 1 Seznam pomožnih snovi</s>
<s id="s283.1">jedro tablete laktoza monohidrat mikrokristalna celuloza kalcijev fosfat krospovidon magnezijev stearat</s>
<s id="s284.1">obloga tablete laktoza monohidrat hipromeloza gliceriltriacetat titanov dioksid (E171) železov oksid, rumeni (E172)</s>
<s id="s285.1">6. 2 Inkompatibilnosti</s>
<s id="s286.1">Navedba smiselno ni potrebna.</s>
<s id="s287.1">6. 3 Rok uporabnosti</s>
<s id="s288.1">3 leta</s>
<s id="s289.1">6. 4 Posebna navodila za shranjevanje</s>
<s id="s290.1">Blistri:</s>
<s id="s290.2">Zdravilo shranjujte pri temperaturi do 30 ºC v originalni ovojnini.</s>
<s id="s290.3">Plastenke DHPE:</s>
<s id="s290.4">Zdravilo shranjujte pri temperaturi do 30 ºC.</s>
<s id="s290.5">Shranjujte vsebnik dobro zaprt.</s>
<s id="s291.1">6. 5 Vrsta ovojnine in vsebina</s>
<s id="s292.1">Blistri iz aluminijevega laminata/ aluminijeve folije po 7, 14, 15, 20, 28, 30, 42, 50, 60, 84, 98 in 100 tablet in plastenke DHPE po 30 in 100 tablet.</s>
<s id="s292.2">Na trgu ni vseh navedenih pakiranj.</s>
<s id="s293.1">6. 6 Navodila za pripravo in ravnanje z zdravilom &lt; in odlaganje &gt;</s>
<s id="s294.1">Ni posebnih zahtev.</s>
<s id="s295.1">7.</s>
<s id="s295.2">IMETNIK DOVOLJENJA ZA PROMET</s>
<s id="s296.1">&lt; Glejte Dodatek I - Izpolni država lanic] &gt; č</s>
<s id="s297.1">{Ime in naslov}</s>
<s id="s298.1">16 8.</s>
<s id="s298.2">ŠTEVILKA (ŠTEVILKE) DOVOLJENJA (DOVOLJENJ) ZA PROMET</s>
<s id="s299.1">&lt; Izpolni država lanica &gt; č</s>
<s id="s300.1">9.</s>
<s id="s300.2">DATUM PRIDOBITVE/ PODALJŠANJA DOVOLJENJA ZA PROMET</s>
<s id="s301.1">&lt; Izpolni država lanica &gt; č</s>
<s id="s302.1">10.</s>
<s id="s302.2">DATUM ZADNJE REVIZIJE BESEDILA</s>
<s id="s303.1">17</s>
</body>
</letsmt>
