<?xml version="1.0" encoding="utf-8"?>
<text>
<p id="1">
<s id="s1.1">
 <w id="w1.1.1">European</w> 
 <w id="w1.1.2">Medicines</w> 
 <w id="w1.1.3">Agency</w>
</s></p>

<p id="2">
<s id="s2.1">
 <w id="w2.1.1">EMEA/</w>
 <w id="w2.1.2">H/</w>
 <w id="w2.1.3">C/</w>
 <w id="w2.1.4">854</w>
</s></p>

<p id="3">
<s id="s3.1">
 <w id="w3.1.1">EVROPSKO</w> 
 <w id="w3.1.2">JAVNO</w> 
 <w id="w3.1.3">POROČILO</w> 
 <w id="w3.1.4">O</w> 
 <w id="w3.1.5">OCENI</w> 
 <w id="w3.1.6">ZDRAVILA</w> 
 <w id="w3.1.7">(</w>
 <w id="w3.1.8">EPAR</w>
 <w id="w3.1.9">)</w>
</s></p>

<p id="4">
<s id="s4.1">
 <w id="w4.1.1">ALLI1</w>
</s></p>

<p id="5">
<s id="s5.1">
 <w id="w5.1.1">Povzetek</w> 
 <w id="w5.1.2">EPAR</w> 
 <w id="w5.1.3">za</w> 
 <w id="w5.1.4">javnost</w>
</s></p>

<p id="6">
<s id="s6.1">
 <w id="w6.1.1">Ta</w> 
 <w id="w6.1.2">dokument</w> 
 <w id="w6.1.3">je</w> 
 <w id="w6.1.4">povzetek</w> 
 <w id="w6.1.5">evropskega</w> 
 <w id="w6.1.6">javnega</w> 
 <w id="w6.1.7">poročila</w> 
 <w id="w6.1.8">o</w> 
 <w id="w6.1.9">oceni</w> 
 <w id="w6.1.10">zdravila</w> 
 <w id="w6.1.11">(</w>
 <w id="w6.1.12">EPAR</w>
 <w id="w6.1.13">)</w>
 <w id="w6.1.14">.</w>
</s> 
 
<s id="s6.2">
 <w id="w6.2.1">Pojasnjuje</w>
 <w id="w6.2.2">,</w> 
 <w id="w6.2.3">kako</w> 
 <w id="w6.2.4">je</w> 
 <w id="w6.2.5">Odbor</w> 
 <w id="w6.2.6">za</w> 
 <w id="w6.2.7">zdravila</w> 
 <w id="w6.2.8">za</w> 
 <w id="w6.2.9">uporabo</w> 
 <w id="w6.2.10">v</w> 
 <w id="w6.2.11">humani</w> 
 <w id="w6.2.12">medicini</w> 
 <w id="w6.2.13">(</w>
 <w id="w6.2.14">CHMP</w>
 <w id="w6.2.15">)</w> 
 <w id="w6.2.16">ocenil</w> 
 <w id="w6.2.17">opravljene</w> 
 <w id="w6.2.18">študije</w>
 <w id="w6.2.19">,</w> 
 <w id="w6.2.20">na</w> 
 <w id="w6.2.21">podlagi</w> 
 <w id="w6.2.22">katerih</w> 
 <w id="w6.2.23">je</w> 
 <w id="w6.2.24">oblikoval</w> 
 <w id="w6.2.25">priporočila</w> 
 <w id="w6.2.26">glede</w> 
 <w id="w6.2.27">uporabe</w> 
 <w id="w6.2.28">zdravila</w>
 <w id="w6.2.29">.</w>
</s> 
 
<s id="s6.3">
 <w id="w6.3.1">Če</w> 
 <w id="w6.3.2">potrebujete</w> 
 <w id="w6.3.3">več</w> 
 <w id="w6.3.4">informacij</w> 
 <w id="w6.3.5">o</w> 
 <w id="w6.3.6">svojem</w> 
 <w id="w6.3.7">zdravstvenem</w> 
 <w id="w6.3.8">stanju</w> 
 <w id="w6.3.9">ali</w> 
 <w id="w6.3.10">zdravljenju</w>
 <w id="w6.3.11">,</w> 
 <w id="w6.3.12">preberite</w> 
 <w id="w6.3.13">navodilo</w> 
 <w id="w6.3.14">za</w> 
 <w id="w6.3.15">uporabo</w> 
 <w id="w6.3.16">(</w>
 <w id="w6.3.17">ki</w> 
 <w id="w6.3.18">je</w> 
 <w id="w6.3.19">prav</w> 
 <w id="w6.3.20">tako</w> 
 <w id="w6.3.21">del</w> 
 <w id="w6.3.22">EPAR</w>
 <w id="w6.3.23">)</w> 
 <w id="w6.3.24">ali</w> 
 <w id="w6.3.25">se</w> 
 <w id="w6.3.26">posvetujte</w> 
 <w id="w6.3.27">s</w> 
 <w id="w6.3.28">svojim</w> 
 <w id="w6.3.29">zdravnikom</w> 
 <w id="w6.3.30">ali</w> 
 <w id="w6.3.31">farmacevtom</w>
 <w id="w6.3.32">.</w>
</s> 
 
<s id="s6.4">
 <w id="w6.4.1">Če</w> 
 <w id="w6.4.2">želite</w> 
 <w id="w6.4.3">več</w> 
 <w id="w6.4.4">informacij</w>
 <w id="w6.4.5">,</w> 
 <w id="w6.4.6">ki</w> 
 <w id="w6.4.7">temeljijo</w> 
 <w id="w6.4.8">na</w> 
 <w id="w6.4.9">priporočilih</w> 
 <w id="w6.4.10">CHMP</w>
 <w id="w6.4.11">,</w> 
 <w id="w6.4.12">preberite</w> 
 <w id="w6.4.13">znanstveno</w> 
 <w id="w6.4.14">razpravo</w> 
 <w id="w6.4.15">(</w>
 <w id="w6.4.16">ki</w> 
 <w id="w6.4.17">je</w> 
 <w id="w6.4.18">prav</w> 
 <w id="w6.4.19">tako</w> 
 <w id="w6.4.20">del</w> 
 <w id="w6.4.21">EPAR</w>
 <w id="w6.4.22">)</w>
 <w id="w6.4.23">.</w>
</s></p>

<p id="7">
<s id="s7.1">
 <w id="w7.1.1">Kaj</w> 
 <w id="w7.1.2">je</w> 
 <w id="w7.1.3">zdravilo</w> 
 <w id="w7.1.4">Alli</w>
 <w id="w7.1.5">?</w>
</s> 
 
<s id="s7.2">
 <w id="w7.2.1">Alli</w> 
 <w id="w7.2.2">je</w> 
 <w id="w7.2.3">zdravilo</w>
 <w id="w7.2.4">,</w> 
 <w id="w7.2.5">ki</w> 
 <w id="w7.2.6">vsebuje</w> 
 <w id="w7.2.7">zdravilno</w> 
 <w id="w7.2.8">učinkovino</w> 
 <w id="w7.2.9">orlistat</w>
 <w id="w7.2.10">.</w>
</s> 
 
<s id="s7.3">
 <w id="w7.3.1">Na</w> 
 <w id="w7.3.2">voljo</w> 
 <w id="w7.3.3">je</w> 
 <w id="w7.3.4">v</w> 
 <w id="w7.3.5">kapsulah</w> 
 <w id="w7.3.6">turkizne</w> 
 <w id="w7.3.7">barve</w> 
 <w id="w7.3.8">(</w>
 <w id="w7.3.9">60</w> 
 <w id="w7.3.10">mg</w>
 <w id="w7.3.11">)</w>
 <w id="w7.3.12">.</w>
</s></p>

<p id="8">
<s id="s8.1">
 <w id="w8.1.1">Za</w> 
 <w id="w8.1.2">kaj</w> 
 <w id="w8.1.3">se</w> 
 <w id="w8.1.4">zdravilo</w> 
 <w id="w8.1.5">Alli</w> 
 <w id="w8.1.6">uporablja</w>
 <w id="w8.1.7">?</w>
</s> 
 
<s id="s8.2">
 <w id="w8.2.1">Zdravilo</w> 
 <w id="w8.2.2">Alli</w> 
 <w id="w8.2.3">bolnikom</w> 
 <w id="w8.2.4">pomaga</w> 
 <w id="w8.2.5">pri</w> 
 <w id="w8.2.6">izgubi</w> 
 <w id="w8.2.7">telesne</w> 
 <w id="w8.2.8">mase</w>
 <w id="w8.2.9">.</w>
</s> 
 
<s id="s8.3">
 <w id="w8.3.1">Uporablja</w> 
 <w id="w8.3.2">se</w> 
 <w id="w8.3.3">pri</w> 
 <w id="w8.3.4">odraslih</w> 
 <w id="w8.3.5">s</w> 
 <w id="w8.3.6">čezmerno</w> 
 <w id="w8.3.7">telesno</w> 
 <w id="w8.3.8">maso</w>
 <w id="w8.3.9">,</w> 
 <w id="w8.3.10">katerih</w> 
 <w id="w8.3.11">indeks</w> 
 <w id="w8.3.12">telesne</w> 
 <w id="w8.3.13">mase</w> 
 <w id="w8.3.14">(</w>
 <w id="w8.3.15">ITM</w>
 <w id="w8.3.16">)</w> 
 <w id="w8.3.17">je</w> 
 <w id="w8.3.18">večji</w> 
 <w id="w8.3.19">ali</w> 
 <w id="w8.3.20">enak</w> 
 <w id="w8.3.21">28</w> 
 <w id="w8.3.22">kg</w> 
 <w id="w8.3.23">na</w> 
 <w id="w8.3.24">kvadratni</w> 
 <w id="w8.3.25">meter</w>
 <w id="w8.3.26">,</w> 
 <w id="w8.3.27">ob</w> 
 <w id="w8.3.28">hkratni</w> 
 <w id="w8.3.29">nizkokalorični</w> 
 <w id="w8.3.30">dieti</w> 
 <w id="w8.3.31">z</w> 
 <w id="w8.3.32">zmanjšanim</w> 
 <w id="w8.3.33">vnosom</w> 
 <w id="w8.3.34">maščob</w>
 <w id="w8.3.35">.</w>
</s> 
 
<s id="s8.4">
 <w id="w8.4.1">Zdravilo</w> 
 <w id="w8.4.2">se</w> 
 <w id="w8.4.3">dobi</w> 
 <w id="w8.4.4">brez</w> 
 <w id="w8.4.5">recepta</w>
 <w id="w8.4.6">.</w>
</s></p>

<p id="9">
<s id="s9.1">
 <w id="w9.1.1">Kako</w> 
 <w id="w9.1.2">se</w> 
 <w id="w9.1.3">zdravilo</w> 
 <w id="w9.1.4">Alli</w> 
 <w id="w9.1.5">uporablja</w>
 <w id="w9.1.6">?</w>
</s> 
 
<s id="s9.2">
 <w id="w9.2.1">Zdravilo</w> 
 <w id="w9.2.2">Alli</w> 
 <w id="w9.2.3">se</w> 
 <w id="w9.2.4">jemlje</w> 
 <w id="w9.2.5">v</w> 
 <w id="w9.2.6">odmerku</w> 
 <w id="w9.2.7">ene</w> 
 <w id="w9.2.8">kapsule</w>
 <w id="w9.2.9">,</w> 
 <w id="w9.2.10">ki</w> 
 <w id="w9.2.11">se</w> 
 <w id="w9.2.12">vzame</w> 
 <w id="w9.2.13">z</w> 
 <w id="w9.2.14">vodo</w> 
 <w id="w9.2.15">uro</w> 
 <w id="w9.2.16">pred</w> 
 <w id="w9.2.17">ali</w> 
 <w id="w9.2.18">med</w> 
 <w id="w9.2.19">vsakim</w> 
 <w id="w9.2.20">glavnim</w> 
 <w id="w9.2.21">obrokom</w> 
 <w id="w9.2.22">trikrat</w> 
 <w id="w9.2.23">na</w> 
 <w id="w9.2.24">dan</w>
 <w id="w9.2.25">.</w>
</s> 
 
<s id="s9.3">
 <w id="w9.3.1">Če</w> 
 <w id="w9.3.2">bolnik</w> 
 <w id="w9.3.3">obrok</w> 
 <w id="w9.3.4">izpusti</w> 
 <w id="w9.3.5">ali</w> 
 <w id="w9.3.6">če</w> 
 <w id="w9.3.7">ta</w> 
 <w id="w9.3.8">ne</w> 
 <w id="w9.3.9">vsebuje</w> 
 <w id="w9.3.10">maščob</w>
 <w id="w9.3.11">,</w> 
 <w id="w9.3.12">naj</w> 
 <w id="w9.3.13">bolnik</w> 
 <w id="w9.3.14">zdravila</w> 
 <w id="w9.3.15">Alli</w> 
 <w id="w9.3.16">ne</w> 
 <w id="w9.3.17">vzame</w>
 <w id="w9.3.18">.</w>
</s> 
 
<s id="s9.4">
 <w id="w9.4.1">Bolnik</w> 
 <w id="w9.4.2">mora</w> 
 <w id="w9.4.3">biti</w> 
 <w id="w9.4.4">na</w> 
 <w id="w9.4.5">dieti</w>
 <w id="w9.4.6">,</w> 
 <w id="w9.4.7">v</w> 
 <w id="w9.4.8">kateri</w> 
 <w id="w9.4.9">približno</w> 
 <w id="w9.4.10">30</w> 
 <w id="w9.4.11">%</w> 
 <w id="w9.4.12">zajemajo</w> 
 <w id="w9.4.13">maščobe</w>
 <w id="w9.4.14">.</w>
</s> 
 
<s id="s9.5">
 <w id="w9.5.1">Dietna</w> 
 <w id="w9.5.2">prehrana</w> 
 <w id="w9.5.3">mora</w> 
 <w id="w9.5.4">biti</w> 
 <w id="w9.5.5">porazdeljena</w> 
 <w id="w9.5.6">med</w> 
 <w id="w9.5.7">tri</w> 
 <w id="w9.5.8">glavne</w> 
 <w id="w9.5.9">obroke</w>
 <w id="w9.5.10">.</w>
</s> 
 
<s id="s9.6">
 <w id="w9.6.1">Bolniki</w>
 <w id="w9.6.2">,</w> 
 <w id="w9.6.3">ki</w> 
 <w id="w9.6.4">jemljejo</w> 
 <w id="w9.6.5">zdravilo</w> 
 <w id="w9.6.6">Alli</w> 
 <w id="w9.6.7">morajo</w> 
 <w id="w9.6.8">začeti</w> 
 <w id="w9.6.9">dieto</w> 
 <w id="w9.6.10">in</w> 
 <w id="w9.6.11">telesno</w> 
 <w id="w9.6.12">vadbo</w> 
 <w id="w9.6.13">pred</w> 
 <w id="w9.6.14">začetkom</w> 
 <w id="w9.6.15">zdravljenja</w>
 <w id="w9.6.16">.</w>
</s> 
 
<s id="s9.7">
 <w id="w9.7.1">Če</w> 
 <w id="w9.7.2">bolniki</w>
 <w id="w9.7.3">,</w> 
 <w id="w9.7.4">ki</w> 
 <w id="w9.7.5">jemljejo</w> 
 <w id="w9.7.6">zdravilo</w> 
 <w id="w9.7.7">Alli</w> 
 <w id="w9.7.8">niti</w> 
 <w id="w9.7.9">po</w> 
 <w id="w9.7.10">12</w> 
 <w id="w9.7.11">tednih</w> 
 <w id="w9.7.12">niso</w> 
 <w id="w9.7.13">mogli</w> 
 <w id="w9.7.14">zmanjšati</w> 
 <w id="w9.7.15">telesne</w> 
 <w id="w9.7.16">mase</w>
 <w id="w9.7.17">,</w> 
 <w id="w9.7.18">naj</w> 
 <w id="w9.7.19">se</w> 
 <w id="w9.7.20">pogovorijo</w> 
 <w id="w9.7.21">s</w> 
 <w id="w9.7.22">svojim</w> 
 <w id="w9.7.23">zdravnikom</w> 
 <w id="w9.7.24">ali</w> 
 <w id="w9.7.25">farmacevtom</w>
 <w id="w9.7.26">.</w>
</s> 
 
<s id="s9.8">
 <w id="w9.8.1">Morda</w> 
 <w id="w9.8.2">bo</w> 
 <w id="w9.8.3">treba</w> 
 <w id="w9.8.4">zdravljenje</w> 
 <w id="w9.8.5">prekiniti</w>
 <w id="w9.8.6">.</w>
</s></p>

<p id="10">
<s id="s10.1">
 <w id="w10.1.1">Kako</w> 
 <w id="w10.1.2">zdravilo</w> 
 <w id="w10.1.3">Alli</w> 
 <w id="w10.1.4">deluje</w>
 <w id="w10.1.5">?</w>
</s> 
 
<s id="s10.2">
 <w id="w10.2.1">Zdravilna</w> 
 <w id="w10.2.2">učinkovina</w> 
 <w id="w10.2.3">v</w> 
 <w id="w10.2.4">zdravilu</w> 
 <w id="w10.2.5">Alli</w>
 <w id="w10.2.6">,</w> 
 <w id="w10.2.7">orlistat</w>
 <w id="w10.2.8">,</w> 
 <w id="w10.2.9">je</w> 
 <w id="w10.2.10">zdravilo</w> 
 <w id="w10.2.11">proti</w> 
 <w id="w10.2.12">debelosti</w>
 <w id="w10.2.13">,</w> 
 <w id="w10.2.14">ki</w> 
 <w id="w10.2.15">ne</w> 
 <w id="w10.2.16">vpliva</w> 
 <w id="w10.2.17">na</w> 
 <w id="w10.2.18">tek</w>
 <w id="w10.2.19">.</w>
</s> 
 
<s id="s10.3">
 <w id="w10.3.1">Orlistat</w> 
 <w id="w10.3.2">blokira</w> 
 <w id="w10.3.3">lipaze</w> 
 <w id="w10.3.4">(</w>
 <w id="w10.3.5">encime</w>
 <w id="w10.3.6">,</w> 
 <w id="w10.3.7">ki</w> 
 <w id="w10.3.8">prebavljajo</w> 
 <w id="w10.3.9">maščobe</w>
 <w id="w10.3.10">)</w> 
 <w id="w10.3.11">v</w> 
 <w id="w10.3.12">prebavilih</w>
 <w id="w10.3.13">.</w>
</s> 
 
<s id="s10.4">
 <w id="w10.4.1">Če</w> 
 <w id="w10.4.2">so</w> 
 <w id="w10.4.3">ti</w> 
 <w id="w10.4.4">encimi</w> 
 <w id="w10.4.5">blokirani</w>
 <w id="w10.4.6">,</w> 
 <w id="w10.4.7">ne</w> 
 <w id="w10.4.8">morejo</w> 
 <w id="w10.4.9">prebaviti</w> 
 <w id="w10.4.10">nekaterih</w> 
 <w id="w10.4.11">maščob</w> 
 <w id="w10.4.12">iz</w> 
 <w id="w10.4.13">hrane</w>
 <w id="w10.4.14">,</w> 
 <w id="w10.4.15">zaradi</w> 
 <w id="w10.4.16">česar</w> 
 <w id="w10.4.17">se</w> 
 <w id="w10.4.18">približno</w> 
 <w id="w10.4.19">četrtina</w> 
 <w id="w10.4.20">maščob</w>
 <w id="w10.4.21">,</w> 
 <w id="w10.4.22">zaužitih</w> 
 <w id="w10.4.23">z</w> 
 <w id="w10.4.24">hrano</w>
 <w id="w10.4.25">,</w> 
 <w id="w10.4.26">izloči</w> 
 <w id="w10.4.27">skozi</w> 
 <w id="w10.4.28">črevo</w> 
 <w id="w10.4.29">neprebavljenih</w>
 <w id="w10.4.30">.</w>
</s> 
 
<s id="s10.5">
 <w id="w10.5.1">Tega</w> 
 <w id="w10.5.2">deleža</w> 
 <w id="w10.5.3">maščob</w> 
 <w id="w10.5.4">telo</w> 
 <w id="w10.5.5">ne</w> 
 <w id="w10.5.6">more</w> 
 <w id="w10.5.7">uporabiti</w> 
 <w id="w10.5.8">kot</w> 
 <w id="w10.5.9">vira</w> 
 <w id="w10.5.10">energije</w> 
 <w id="w10.5.11">ali</w> 
 <w id="w10.5.12">ga</w> 
 <w id="w10.5.13">pretvoriti</w> 
 <w id="w10.5.14">v</w> 
 <w id="w10.5.15">maščobno</w> 
 <w id="w10.5.16">tkivo</w>
 <w id="w10.5.17">.</w>
</s> 
 
<s id="s10.6">
 <w id="w10.6.1">To</w> 
 <w id="w10.6.2">pa</w> 
 <w id="w10.6.3">pomaga</w> 
 <w id="w10.6.4">pri</w> 
 <w id="w10.6.5">zmanjševanju</w> 
 <w id="w10.6.6">telesne</w> 
 <w id="w10.6.7">mase</w>
 <w id="w10.6.8">.</w>
</s></p>

<p id="11">
<s id="s11.1">
 <w id="w11.1.1">Kako</w> 
 <w id="w11.1.2">je</w> 
 <w id="w11.1.3">bilo</w> 
 <w id="w11.1.4">zdravilo</w> 
 <w id="w11.1.5">Alli</w> 
 <w id="w11.1.6">raziskano</w>
 <w id="w11.1.7">?</w>
</s> 
 
<s id="s11.2">
 <w id="w11.2.1">Ker</w> 
 <w id="w11.2.2">je</w> 
 <w id="w11.2.3">zdravilo</w> 
 <w id="w11.2.4">Alli</w> 
 <w id="w11.2.5">enako</w> 
 <w id="w11.2.6">drugemu</w> 
 <w id="w11.2.7">zdravilu</w>
 <w id="w11.2.8">,</w> 
 <w id="w11.2.9">ki</w> 
 <w id="w11.2.10">vsebuje</w> 
 <w id="w11.2.11">enako</w> 
 <w id="w11.2.12">zdravilno</w> 
 <w id="w11.2.13">učinkovino</w> 
 <w id="w11.2.14">in</w> 
 <w id="w11.2.15">je</w> 
 <w id="w11.2.16">že</w> 
 <w id="w11.2.17">odobreno</w> 
 <w id="w11.2.18">v</w> 
 <w id="w11.2.19">EU</w> 
 <w id="w11.2.20">(</w>
 <w id="w11.2.21">zdravilo</w> 
 <w id="w11.2.22">Xenical</w>
 <w id="w11.2.23">,</w> 
 <w id="w11.2.24">120</w> 
 <w id="w11.2.25">mg</w>
 <w id="w11.2.26">,</w> 
 <w id="w11.2.27">kapsule</w>
 <w id="w11.2.28">)</w>
 <w id="w11.2.29">,</w> 
 <w id="w11.2.30">so</w> 
 <w id="w11.2.31">bili</w> 
 <w id="w11.2.32">v</w> 
 <w id="w11.2.33">nekatere</w> 
 <w id="w11.2.34">študije</w> 
 <w id="w11.2.35">vključeni</w> 
 <w id="w11.2.36">bolniki</w>
 <w id="w11.2.37">,</w> 
 <w id="w11.2.38">ki</w> 
 <w id="w11.2.39">so</w> 
 <w id="w11.2.40">jemali</w> 
 <w id="w11.2.41">zdravilo</w> 
 <w id="w11.2.42">Xenical</w>
 <w id="w11.2.43">.</w>
</s></p>

<p id="12">
<s id="s12.1">
 <w id="w12.1.1">1</w>     
 <w id="w12.1.2">Prej</w> 
 <w id="w12.1.3">znano</w> 
 <w id="w12.1.4">kot</w> 
 <w id="w12.1.5">zdravilo</w> 
 <w id="w12.1.6">Orlistat</w> 
 <w id="w12.1.7">GSK</w>
 <w id="w12.1.8">.</w>
</s>                                  
 
<s id="s12.2">
 <w id="w12.2.1">7</w> 
 <w id="w12.2.2">Westferry</w> 
 <w id="w12.2.3">Circus</w>
 <w id="w12.2.4">,</w> 
 <w id="w12.2.5">Canary</w> 
 <w id="w12.2.6">Wharf</w>
 <w id="w12.2.7">,</w> 
 <w id="w12.2.8">London</w> 
 <w id="w12.2.9">E14</w> 
 <w id="w12.2.10">4HB</w>
 <w id="w12.2.11">,</w> 
 <w id="w12.2.12">UK</w>                                      
 <w id="w12.2.13">Tel</w>
 <w id="w12.2.14">.</w>
</s> 
 
<s id="s12.3">
 <w id="w12.3.1">(</w>
 <w id="w12.3.2">44-</w>
 <w id="w12.3.3">20</w>
 <w id="w12.3.4">)</w> 
 <w id="w12.3.5">74</w> 
 <w id="w12.3.6">18</w> 
 <w id="w12.3.7">84</w> 
 <w id="w12.3.8">00</w> 
 <w id="w12.3.9">Fax</w> 
 <w id="w12.3.10">(</w>
 <w id="w12.3.11">44-</w>
 <w id="w12.3.12">20</w>
 <w id="w12.3.13">)</w> 
 <w id="w12.3.14">74</w> 
 <w id="w12.3.15">18</w> 
 <w id="w12.3.16">84</w> 
 <w id="w12.3.17">16</w>                                 
 <w id="w12.3.18">E-</w>
 <w id="w12.3.19">mail</w>
 <w id="w12.3.20">:</w> 
 <w id="w12.3.21">mail@</w>
 <w id="w12.3.22">emea.</w>
 <w id="w12.3.23">europa.</w>
 <w id="w12.3.24">eu</w> 
 <w id="w12.3.25">http</w>
 <w id="w12.3.26">:</w>
 <w id="w12.3.27">//</w>
 <w id="w12.3.28">www.</w>
 <w id="w12.3.29">emea.</w>
 <w id="w12.3.30">europa.</w>
 <w id="w12.3.31">eu</w>
</s></p>

<p id="13">
<s id="s13.1">
 <w id="w13.1.1">©</w> 
 <w id="w13.1.2">European</w> 
 <w id="w13.1.3">Medicines</w> 
 <w id="w13.1.4">Agency</w>
 <w id="w13.1.5">,</w> 
 <w id="w13.1.6">2009</w>
 <w id="w13.1.7">.</w>
</s> 
 
<s id="s13.2">
 <w id="w13.2.1">Reproduction</w> 
 <w id="w13.2.2">is</w> 
 <w id="w13.2.3">authorised</w> 
 <w id="w13.2.4">provided</w> 
 <w id="w13.2.5">the</w> 
 <w id="w13.2.6">source</w> 
 <w id="w13.2.7">is</w> 
 <w id="w13.2.8">acknowledged</w>
 <w id="w13.2.9">.</w>
</s> 
 
<s id="s13.3">
 <w id="w13.3.1">Zdravilo</w> 
 <w id="w13.3.2">Alli</w> 
 <w id="w13.3.3">so</w> 
 <w id="w13.3.4">proučevali</w> 
 <w id="w13.3.5">v</w> 
 <w id="w13.3.6">treh</w> 
 <w id="w13.3.7">glavnih</w> 
 <w id="w13.3.8">študijah</w>
 <w id="w13.3.9">.</w>
</s> 
 
<s id="s13.4">
 <w id="w13.4.1">V</w> 
 <w id="w13.4.2">dveh</w> 
 <w id="w13.4.3">študijah</w> 
 <w id="w13.4.4">je</w> 
 <w id="w13.4.5">sodelovalo</w> 
 <w id="w13.4.6">skupaj</w> 
 <w id="w13.4.7">1</w> 
 <w id="w13.4.8">353</w> 
 <w id="w13.4.9">bolnikov</w> 
 <w id="w13.4.10">s</w> 
 <w id="w13.4.11">prekomerno</w> 
 <w id="w13.4.12">telesno</w> 
 <w id="w13.4.13">maso</w> 
 <w id="w13.4.14">ali</w> 
 <w id="w13.4.15">debelih</w> 
 <w id="w13.4.16">bolnikov</w>
 <w id="w13.4.17">,</w> 
 <w id="w13.4.18">pri</w> 
 <w id="w13.4.19">katerih</w> 
 <w id="w13.4.20">je</w> 
 <w id="w13.4.21">ITM</w> 
 <w id="w13.4.22">znašal</w> 
 <w id="w13.4.23">28</w> 
 <w id="w13.4.24">kg/</w>
 <w id="w13.4.25">m2</w> 
 <w id="w13.4.26">ali</w> 
 <w id="w13.4.27">več</w>
 <w id="w13.4.28">,</w> 
 <w id="w13.4.29">študiji</w> 
 <w id="w13.4.30">pa</w> 
 <w id="w13.4.31">sta</w> 
 <w id="w13.4.32">trajali</w> 
 <w id="w13.4.33">od</w> 
 <w id="w13.4.34">enega</w> 
 <w id="w13.4.35">do</w> 
 <w id="w13.4.36">dveh</w> 
 <w id="w13.4.37">let</w> 
 <w id="w13.4.38">ter</w> 
 <w id="w13.4.39">primerjali</w> 
 <w id="w13.4.40">dajanje</w> 
 <w id="w13.4.41">treh</w> 
 <w id="w13.4.42">različnih</w> 
 <w id="w13.4.43">odmerkov</w> 
 <w id="w13.4.44">zdravila</w> 
 <w id="w13.4.45">Alli</w> 
 <w id="w13.4.46">s</w> 
 <w id="w13.4.47">placebom</w> 
 <w id="w13.4.48">(</w>
 <w id="w13.4.49">zdravilom</w> 
 <w id="w13.4.50">brez</w> 
 <w id="w13.4.51">zdravilne</w> 
 <w id="w13.4.52">učinkovine</w>
 <w id="w13.4.53">)</w> 
 <w id="w13.4.54">v</w> 
 <w id="w13.4.55">kombinaciji</w> 
 <w id="w13.4.56">z</w> 
 <w id="w13.4.57">dieto</w>
 <w id="w13.4.58">.</w>
</s> 
 
<s id="s13.5">
 <w id="w13.5.1">Niti</w> 
 <w id="w13.5.2">zdravniki</w> 
 <w id="w13.5.3">niti</w> 
 <w id="w13.5.4">bolniki</w> 
 <w id="w13.5.5">do</w> 
 <w id="w13.5.6">konca</w> 
 <w id="w13.5.7">študije</w> 
 <w id="w13.5.8">niso</w> 
 <w id="w13.5.9">vedeli</w>
 <w id="w13.5.10">,</w> 
 <w id="w13.5.11">katero</w> 
 <w id="w13.5.12">zdravljenje</w> 
 <w id="w13.5.13">bolnik</w> 
 <w id="w13.5.14">prejema</w>
 <w id="w13.5.15">.</w>
</s> 
 
<s id="s13.6">
 <w id="w13.6.1">V</w> 
 <w id="w13.6.2">tretji</w> 
 <w id="w13.6.3">študiji</w> 
 <w id="w13.6.4">so</w> 
 <w id="w13.6.5">primerjali</w> 
 <w id="w13.6.6">zdravilo</w> 
 <w id="w13.6.7">Alli</w> 
 <w id="w13.6.8">s</w> 
 <w id="w13.6.9">placebom</w> 
 <w id="w13.6.10">pri</w> 
 <w id="w13.6.11">391</w> 
 <w id="w13.6.12">bolnikih</w> 
 <w id="w13.6.13">s</w> 
 <w id="w13.6.14">čezmerno</w> 
 <w id="w13.6.15">telesno</w> 
 <w id="w13.6.16">maso</w>
 <w id="w13.6.17">,</w> 
 <w id="w13.6.18">pri</w> 
 <w id="w13.6.19">katerih</w> 
 <w id="w13.6.20">je</w> 
 <w id="w13.6.21">ITM</w> 
 <w id="w13.6.22">znašal</w> 
 <w id="w13.6.23">med</w> 
 <w id="w13.6.24">25</w> 
 <w id="w13.6.25">in</w> 
 <w id="w13.6.26">28</w> 
 <w id="w13.6.27">kg/</w>
 <w id="w13.6.28">m2</w>
 <w id="w13.6.29">.</w>
</s> 
 
<s id="s13.7">
 <w id="w13.7.1">Študija</w> 
 <w id="w13.7.2">je</w> 
 <w id="w13.7.3">trajala</w> 
 <w id="w13.7.4">štiri</w> 
 <w id="w13.7.5">mesece</w>
 <w id="w13.7.6">.</w>
</s> 
 
<s id="s13.8">
 <w id="w13.8.1">V</w> 
 <w id="w13.8.2">vseh</w> 
 <w id="w13.8.3">študijah</w> 
 <w id="w13.8.4">je</w> 
 <w id="w13.8.5">bilo</w> 
 <w id="w13.8.6">glavno</w> 
 <w id="w13.8.7">merilo</w> 
 <w id="w13.8.8">učinkovitosti</w> 
 <w id="w13.8.9">sprememba</w> 
 <w id="w13.8.10">telesne</w> 
 <w id="w13.8.11">mase</w>
 <w id="w13.8.12">.</w>
</s></p>

<p id="14">
<s id="s14.1">
 <w id="w14.1.1">Kakšne</w> 
 <w id="w14.1.2">koristi</w> 
 <w id="w14.1.3">je</w> 
 <w id="w14.1.4">zdravilo</w> 
 <w id="w14.1.5">Alli</w> 
 <w id="w14.1.6">izkazalo</w> 
 <w id="w14.1.7">med</w> 
 <w id="w14.1.8">študijami</w>
 <w id="w14.1.9">?</w>
</s> 
 
<s id="s14.2">
 <w id="w14.2.1">Zdravilo</w> 
 <w id="w14.2.2">Alli</w> 
 <w id="w14.2.3">je</w> 
 <w id="w14.2.4">bilo</w> 
 <w id="w14.2.5">bolj</w> 
 <w id="w14.2.6">učinkovito</w> 
 <w id="w14.2.7">kot</w> 
 <w id="w14.2.8">placebo</w> 
 <w id="w14.2.9">pri</w> 
 <w id="w14.2.10">zmanjševanju</w> 
 <w id="w14.2.11">telesne</w> 
 <w id="w14.2.12">mase</w> 
 <w id="w14.2.13">pri</w> 
 <w id="w14.2.14">bolnikih</w> 
 <w id="w14.2.15">z</w> 
 <w id="w14.2.16">ITM</w> 
 <w id="w14.2.17">28</w> 
 <w id="w14.2.18">kg/</w>
 <w id="w14.2.19">m2</w> 
 <w id="w14.2.20">ali</w> 
 <w id="w14.2.21">več</w>
 <w id="w14.2.22">.</w>
</s> 
 
<s id="s14.3">
 <w id="w14.3.1">Študiji</w> 
 <w id="w14.3.2">bolnikov</w>
 <w id="w14.3.3">,</w> 
 <w id="w14.3.4">pri</w> 
 <w id="w14.3.5">katerih</w> 
 <w id="w14.3.6">je</w> 
 <w id="w14.3.7">ITM</w> 
 <w id="w14.3.8">znašal</w> 
 <w id="w14.3.9">28</w> 
 <w id="w14.3.10">kg/</w>
 <w id="w14.3.11">m2</w> 
 <w id="w14.3.12">ali</w> 
 <w id="w14.3.13">več</w>
 <w id="w14.3.14">,</w> 
 <w id="w14.3.15">sta</w> 
 <w id="w14.3.16">pokazali</w>
 <w id="w14.3.17">,</w> 
 <w id="w14.3.18">da</w> 
 <w id="w14.3.19">so</w> 
 <w id="w14.3.20">bolniki</w>
 <w id="w14.3.21">,</w> 
 <w id="w14.3.22">ki</w> 
 <w id="w14.3.23">so</w> 
 <w id="w14.3.24">jemali</w> 
 <w id="w14.3.25">zdravilo</w> 
 <w id="w14.3.26">Alli</w>
 <w id="w14.3.27">,</w> 
 <w id="w14.3.28">60</w> 
 <w id="w14.3.29">mg</w>
 <w id="w14.3.30">,</w> 
 <w id="w14.3.31">v</w> 
 <w id="w14.3.32">povprečju</w> 
 <w id="w14.3.33">izgubili</w> 
 <w id="w14.3.34">približno</w> 
 <w id="w14.3.35">4,</w>
 <w id="w14.3.36">8</w> 
 <w id="w14.3.37">kg</w> 
 <w id="w14.3.38">po</w> 
 <w id="w14.3.39">enem</w> 
 <w id="w14.3.40">letu</w> 
 <w id="w14.3.41">v</w> 
 <w id="w14.3.42">primerjavi</w> 
 <w id="w14.3.43">s</w> 
 <w id="w14.3.44">tistimi</w>
 <w id="w14.3.45">,</w> 
 <w id="w14.3.46">ki</w> 
 <w id="w14.3.47">so</w> 
 <w id="w14.3.48">jemali</w> 
 <w id="w14.3.49">placebo</w> 
 <w id="w14.3.50">in</w> 
 <w id="w14.3.51">izgubili</w> 
 <w id="w14.3.52">2,</w>
 <w id="w14.3.53">3</w> 
 <w id="w14.3.54">kg</w>
 <w id="w14.3.55">.</w>
</s> 
 
<s id="s14.4">
 <w id="w14.4.1">V</w> 
 <w id="w14.4.2">študiji</w> 
 <w id="w14.4.3">zdravila</w> 
 <w id="w14.4.4">Alli</w> 
 <w id="w14.4.5">pri</w> 
 <w id="w14.4.6">bolnikih</w> 
 <w id="w14.4.7">z</w> 
 <w id="w14.4.8">ITM</w> 
 <w id="w14.4.9">med</w> 
 <w id="w14.4.10">25</w> 
 <w id="w14.4.11">in</w> 
 <w id="w14.4.12">28</w> 
 <w id="w14.4.13">kg/</w>
 <w id="w14.4.14">m2</w> 
 <w id="w14.4.15">ni</w> 
 <w id="w14.4.16">bila</w> 
 <w id="w14.4.17">dosežena</w> 
 <w id="w14.4.18">stopnja</w> 
 <w id="w14.4.19">zmanjšanja</w> 
 <w id="w14.4.20">telesne</w> 
 <w id="w14.4.21">mase</w>
 <w id="w14.4.22">,</w> 
 <w id="w14.4.23">ki</w> 
 <w id="w14.4.24">bi</w> 
 <w id="w14.4.25">bila</w> 
 <w id="w14.4.26">pomembna</w> 
 <w id="w14.4.27">za</w> 
 <w id="w14.4.28">bolnike</w>
 <w id="w14.4.29">.</w>
</s></p>

<p id="15">
<s id="s15.1">
 <w id="w15.1.1">Kakšna</w> 
 <w id="w15.1.2">tveganja</w> 
 <w id="w15.1.3">so</w> 
 <w id="w15.1.4">povezana</w> 
 <w id="w15.1.5">z</w> 
 <w id="w15.1.6">zdravilom</w> 
 <w id="w15.1.7">Alli</w>
 <w id="w15.1.8">?</w>
</s> 
 
<s id="s15.2">
 <w id="w15.2.1">Večina</w> 
 <w id="w15.2.2">neželenih</w> 
 <w id="w15.2.3">učinkov</w> 
 <w id="w15.2.4">zdravila</w> 
 <w id="w15.2.5">Alli</w> 
 <w id="w15.2.6">je</w> 
 <w id="w15.2.7">povezanih</w> 
 <w id="w15.2.8">s</w> 
 <w id="w15.2.9">prebavnim</w> 
 <w id="w15.2.10">sistemom</w>
 <w id="w15.2.11">,</w> 
 <w id="w15.2.12">njihov</w> 
 <w id="w15.2.13">pojav</w> 
 <w id="w15.2.14">pa</w> 
 <w id="w15.2.15">je</w> 
 <w id="w15.2.16">manj</w> 
 <w id="w15.2.17">verjeten</w> 
 <w id="w15.2.18">pri</w> 
 <w id="w15.2.19">dietah</w> 
 <w id="w15.2.20">z</w> 
 <w id="w15.2.21">malo</w> 
 <w id="w15.2.22">maščobami</w>
 <w id="w15.2.23">.</w>
</s> 
 
<s id="s15.3">
 <w id="w15.3.1">Večinoma</w> 
 <w id="w15.3.2">so</w> 
 <w id="w15.3.3">blagi</w>
 <w id="w15.3.4">,</w> 
 <w id="w15.3.5">pojavijo</w> 
 <w id="w15.3.6">se</w> 
 <w id="w15.3.7">na</w> 
 <w id="w15.3.8">začetku</w> 
 <w id="w15.3.9">zdravljenja</w> 
 <w id="w15.3.10">in</w> 
 <w id="w15.3.11">sčasoma</w> 
 <w id="w15.3.12">izginejo</w>
 <w id="w15.3.13">.</w>
</s> 
 
<s id="s15.4">
 <w id="w15.4.1">Najpogostejši</w> 
 <w id="w15.4.2">neželeni</w> 
 <w id="w15.4.3">učinki</w> 
 <w id="w15.4.4">zdravila</w> 
 <w id="w15.4.5">Alli</w> 
 <w id="w15.4.6">(</w>
 <w id="w15.4.7">opaženi</w> 
 <w id="w15.4.8">pri</w> 
 <w id="w15.4.9">več</w> 
 <w id="w15.4.10">kot</w> 
 <w id="w15.4.11">1</w> 
 <w id="w15.4.12">bolniku</w> 
 <w id="w15.4.13">od</w> 
 <w id="w15.4.14">10</w>
 <w id="w15.4.15">)</w> 
 <w id="w15.4.16">so</w> 
 <w id="w15.4.17">oljni</w> 
 <w id="w15.4.18">madeži</w> 
 <w id="w15.4.19">iz</w> 
 <w id="w15.4.20">rektuma</w>
 <w id="w15.4.21">,</w> 
 <w id="w15.4.22">vetrovi</w> 
 <w id="w15.4.23">z</w> 
 <w id="w15.4.24">uhajanjem</w>
 <w id="w15.4.25">,</w> 
 <w id="w15.4.26">nujnost</w> 
 <w id="w15.4.27">odvajanja</w>
 <w id="w15.4.28">,</w> 
 <w id="w15.4.29">mastno</w> 
 <w id="w15.4.30">ali</w> 
 <w id="w15.4.31">oljnato</w> 
 <w id="w15.4.32">blato</w>
 <w id="w15.4.33">,</w> 
 <w id="w15.4.34">oljnato</w> 
 <w id="w15.4.35">odvajanje</w>
 <w id="w15.4.36">,</w> 
 <w id="w15.4.37">vetrovi</w> 
 <w id="w15.4.38">in</w> 
 <w id="w15.4.39">mehko</w> 
 <w id="w15.4.40">blato</w>
 <w id="w15.4.41">.</w>
</s> 
 
<s id="s15.5">
 <w id="w15.5.1">Za</w> 
 <w id="w15.5.2">celoten</w> 
 <w id="w15.5.3">seznam</w> 
 <w id="w15.5.4">neželenih</w> 
 <w id="w15.5.5">učinkov</w>
 <w id="w15.5.6">,</w> 
 <w id="w15.5.7">o</w> 
 <w id="w15.5.8">katerih</w> 
 <w id="w15.5.9">so</w> 
 <w id="w15.5.10">poročali</w> 
 <w id="w15.5.11">pri</w> 
 <w id="w15.5.12">uporabi</w> 
 <w id="w15.5.13">zdravila</w> 
 <w id="w15.5.14">Alli</w>
 <w id="w15.5.15">,</w> 
 <w id="w15.5.16">glejte</w> 
 <w id="w15.5.17">navodilo</w> 
 <w id="w15.5.18">za</w> 
 <w id="w15.5.19">uporabo</w>
 <w id="w15.5.20">.</w>
</s> 
 
<s id="s15.6">
 <w id="w15.6.1">Zdravila</w> 
 <w id="w15.6.2">Alli</w> 
 <w id="w15.6.3">ne</w> 
 <w id="w15.6.4">smejo</w> 
 <w id="w15.6.5">uporabljati</w> 
 <w id="w15.6.6">osebe</w>
 <w id="w15.6.7">,</w> 
 <w id="w15.6.8">ki</w> 
 <w id="w15.6.9">utegnejo</w> 
 <w id="w15.6.10">biti</w> 
 <w id="w15.6.11">preobčutljive</w> 
 <w id="w15.6.12">za</w> 
 <w id="w15.6.13">(</w>
 <w id="w15.6.14">alergične</w> 
 <w id="w15.6.15">na</w>
 <w id="w15.6.16">)</w> 
 <w id="w15.6.17">orlistat</w> 
 <w id="w15.6.18">ali</w> 
 <w id="w15.6.19">katero</w> 
 <w id="w15.6.20">koli</w> 
 <w id="w15.6.21">drugo</w> 
 <w id="w15.6.22">sestavino</w> 
 <w id="w15.6.23">zdravila</w>
 <w id="w15.6.24">.</w>
</s> 
 
<s id="s15.7">
 <w id="w15.7.1">Zdravila</w> 
 <w id="w15.7.2">Alli</w> 
 <w id="w15.7.3">ne</w> 
 <w id="w15.7.4">smejo</w> 
 <w id="w15.7.5">uporabljati</w> 
 <w id="w15.7.6">osebe</w>
 <w id="w15.7.7">,</w> 
 <w id="w15.7.8">ki</w> 
 <w id="w15.7.9">se</w> 
 <w id="w15.7.10">zdravijo</w> 
 <w id="w15.7.11">s</w> 
 <w id="w15.7.12">ciklosporinom</w>
 <w id="w15.7.13">,</w> 
 <w id="w15.7.14">(</w>
 <w id="w15.7.15">ki</w> 
 <w id="w15.7.16">se</w> 
 <w id="w15.7.17">uporablja</w> 
 <w id="w15.7.18">proti</w> 
 <w id="w15.7.19">zavrnitvi</w> 
 <w id="w15.7.20">organov</w> 
 <w id="w15.7.21">pri</w> 
 <w id="w15.7.22">bolnikih</w>
 <w id="w15.7.23">,</w> 
 <w id="w15.7.24">pri</w> 
 <w id="w15.7.25">katerih</w> 
 <w id="w15.7.26">je</w> 
 <w id="w15.7.27">bila</w> 
 <w id="w15.7.28">opravljena</w> 
 <w id="w15.7.29">presaditev</w>
 <w id="w15.7.30">)</w> 
 <w id="w15.7.31">ali</w> 
 <w id="w15.7.32">z</w> 
 <w id="w15.7.33">zdravili</w> 
 <w id="w15.7.34">za</w> 
 <w id="w15.7.35">preprečevanje</w> 
 <w id="w15.7.36">nastanka</w> 
 <w id="w15.7.37">krvnih</w> 
 <w id="w15.7.38">strdkov</w>
 <w id="w15.7.39">,</w> 
 <w id="w15.7.40">kot</w> 
 <w id="w15.7.41">je</w> 
 <w id="w15.7.42">na</w> 
 <w id="w15.7.43">primer</w> 
 <w id="w15.7.44">warfarin</w>
 <w id="w15.7.45">.</w>
</s> 
 
<s id="s15.8">
 <w id="w15.8.1">Ne</w> 
 <w id="w15.8.2">smejo</w> 
 <w id="w15.8.3">ga</w> 
 <w id="w15.8.4">uporabljati</w> 
 <w id="w15.8.5">osebe</w> 
 <w id="w15.8.6">z</w> 
 <w id="w15.8.7">dolgotrajno</w> 
 <w id="w15.8.8">malabsorpcijsko</w> 
 <w id="w15.8.9">boleznijo</w> 
 <w id="w15.8.10">(</w>
 <w id="w15.8.11">nezadostna</w> 
 <w id="w15.8.12">absorbcija</w> 
 <w id="w15.8.13">hranil</w> 
 <w id="w15.8.14">iz</w> 
 <w id="w15.8.15">prebavil</w>
 <w id="w15.8.16">)</w> 
 <w id="w15.8.17">ali</w> 
 <w id="w15.8.18">s</w> 
 <w id="w15.8.19">holestazo</w> 
 <w id="w15.8.20">(</w>
 <w id="w15.8.21">bolezen</w> 
 <w id="w15.8.22">jeter</w>
 <w id="w15.8.23">)</w> 
 <w id="w15.8.24">ter</w> 
 <w id="w15.8.25">nosečnice</w> 
 <w id="w15.8.26">ali</w> 
 <w id="w15.8.27">ženske</w>
 <w id="w15.8.28">,</w> 
 <w id="w15.8.29">ki</w> 
 <w id="w15.8.30">dojijo</w>
 <w id="w15.8.31">.</w>
</s></p>

<p id="16">
<s id="s16.1">
 <w id="w16.1.1">Zakaj</w> 
 <w id="w16.1.2">je</w> 
 <w id="w16.1.3">bilo</w> 
 <w id="w16.1.4">zdravilo</w> 
 <w id="w16.1.5">Alli</w> 
 <w id="w16.1.6">odobreno</w>
 <w id="w16.1.7">?</w>
</s> 
 
<s id="s16.2">
 <w id="w16.2.1">Odbor</w> 
 <w id="w16.2.2">za</w> 
 <w id="w16.2.3">zdravila</w> 
 <w id="w16.2.4">za</w> 
 <w id="w16.2.5">humano</w> 
 <w id="w16.2.6">uporabo</w> 
 <w id="w16.2.7">(</w>
 <w id="w16.2.8">CHMP</w>
 <w id="w16.2.9">)</w> 
 <w id="w16.2.10">je</w> 
 <w id="w16.2.11">zaključil</w>
 <w id="w16.2.12">,</w> 
 <w id="w16.2.13">da</w> 
 <w id="w16.2.14">so</w> 
 <w id="w16.2.15">koristi</w> 
 <w id="w16.2.16">zdravila</w> 
 <w id="w16.2.17">Alli</w> 
 <w id="w16.2.18">pri</w> 
 <w id="w16.2.19">izgubi</w> 
 <w id="w16.2.20">telesne</w> 
 <w id="w16.2.21">mase</w> 
 <w id="w16.2.22">odraslih</w> 
 <w id="w16.2.23">s</w> 
 <w id="w16.2.24">čezmerno</w> 
 <w id="w16.2.25">telesno</w> 
 <w id="w16.2.26">maso</w> 
 <w id="w16.2.27">(</w>
 <w id="w16.2.28">ITM</w> 
 <w id="w16.2.29">≥</w> 
 <w id="w16.2.30">28</w> 
 <w id="w16.2.31">kg/</w>
 <w id="w16.2.32">m2</w>
 <w id="w16.2.33">)</w> 
 <w id="w16.2.34">ob</w> 
 <w id="w16.2.35">hkratni</w> 
 <w id="w16.2.36">zmerni</w> 
 <w id="w16.2.37">nizkokalorični</w> 
 <w id="w16.2.38">dieti</w> 
 <w id="w16.2.39">z</w> 
 <w id="w16.2.40">malo</w> 
 <w id="w16.2.41">maščobami</w>
 <w id="w16.2.42">,</w> 
 <w id="w16.2.43">večje</w> 
 <w id="w16.2.44">od</w> 
 <w id="w16.2.45">z</w> 
 <w id="w16.2.46">njim</w> 
 <w id="w16.2.47">povezanih</w> 
 <w id="w16.2.48">tveganj</w>
 <w id="w16.2.49">.</w>
</s> 
 
<s id="s16.3">
 <w id="w16.3.1">Odbor</w> 
 <w id="w16.3.2">je</w> 
 <w id="w16.3.3">priporočil</w>
 <w id="w16.3.4">,</w> 
 <w id="w16.3.5">da</w> 
 <w id="w16.3.6">se</w> 
 <w id="w16.3.7">za</w> 
 <w id="w16.3.8">zdravilo</w> 
 <w id="w16.3.9">Alli</w> 
 <w id="w16.3.10">odobri</w> 
 <w id="w16.3.11">dovoljenje</w> 
 <w id="w16.3.12">za</w> 
 <w id="w16.3.13">promet</w>
 <w id="w16.3.14">.</w>
</s></p>

<p id="17">
<s id="s17.1">
 <w id="w17.1.1">Druge</w> 
 <w id="w17.1.2">informacije</w> 
 <w id="w17.1.3">o</w> 
 <w id="w17.1.4">zdravilu</w> 
 <w id="w17.1.5">Alli</w>
 <w id="w17.1.6">:</w>
</s> 
 
<s id="s17.2">
 <w id="w17.2.1">Evropska</w> 
 <w id="w17.2.2">komisija</w> 
 <w id="w17.2.3">je</w> 
 <w id="w17.2.4">dovoljenje</w> 
 <w id="w17.2.5">za</w> 
 <w id="w17.2.6">promet</w> 
 <w id="w17.2.7">z</w> 
 <w id="w17.2.8">zdravilom</w> 
 <w id="w17.2.9">Alli</w>
 <w id="w17.2.10">,</w> 
 <w id="w17.2.11">veljavno</w> 
 <w id="w17.2.12">po</w> 
 <w id="w17.2.13">vsej</w> 
 <w id="w17.2.14">Evropski</w> 
 <w id="w17.2.15">uniji</w>
 <w id="w17.2.16">,</w> 
 <w id="w17.2.17">odobrila</w> 
 <w id="w17.2.18">družbi</w> 
 <w id="w17.2.19">Glaxo</w> 
 <w id="w17.2.20">Group</w> 
 <w id="w17.2.21">Limited</w> 
 <w id="w17.2.22">dne</w> 
 <w id="w17.2.23">23</w>
 <w id="w17.2.24">.</w> 
 <w id="w17.2.25">julija</w> 
 <w id="w17.2.26">2007</w>
 <w id="w17.2.27">.</w>
</s> 
 
<s id="s17.3">
 <w id="w17.3.1">Odobritev</w> 
 <w id="w17.3.2">je</w> 
 <w id="w17.3.3">temeljila</w> 
 <w id="w17.3.4">na</w> 
 <w id="w17.3.5">odobritvi</w>
 <w id="w17.3.6">,</w> 
 <w id="w17.3.7">ki</w> 
 <w id="w17.3.8">je</w> 
 <w id="w17.3.9">bila</w> 
 <w id="w17.3.10">leta</w> 
 <w id="w17.3.11">1998</w> 
 <w id="w17.3.12">že</w> 
 <w id="w17.3.13">dodeljena</w> 
 <w id="w17.3.14">za</w> 
 <w id="w17.3.15">kapsule</w> 
 <w id="w17.3.16">Xenical</w>
 <w id="w17.3.17">.</w>
</s> 
 
<s id="s17.4">
 <w id="w17.4.1">Ime</w> 
 <w id="w17.4.2">zdravila</w> 
 <w id="w17.4.3">je</w> 
 <w id="w17.4.4">bilo</w> 
 <w id="w17.4.5">dne</w> 
 <w id="w17.4.6">12</w>
 <w id="w17.4.7">.</w> 
 <w id="w17.4.8">septembra</w> 
 <w id="w17.4.9">2008</w> 
 <w id="w17.4.10">spremenjeno</w> 
 <w id="w17.4.11">v</w> 
 <w id="w17.4.12">Alli</w>
 <w id="w17.4.13">.</w>
</s></p>

<p id="18">
<s id="s18.1">
 <w id="w18.1.1">Celotno</w> 
 <w id="w18.1.2">evropsko</w> 
 <w id="w18.1.3">javno</w> 
 <w id="w18.1.4">poročilo</w> 
 <w id="w18.1.5">o</w> 
 <w id="w18.1.6">oceni</w> 
 <w id="w18.1.7">zdravila</w> 
 <w id="w18.1.8">(</w>
 <w id="w18.1.9">EPAR</w>
 <w id="w18.1.10">)</w> 
 <w id="w18.1.11">za</w> 
 <w id="w18.1.12">zdravilo</w> 
 <w id="w18.1.13">Alli</w> 
 <w id="w18.1.14">je</w> 
 <w id="w18.1.15">na</w> 
 <w id="w18.1.16">voljo</w> 
 <w id="w18.1.17">tukaj</w>
 <w id="w18.1.18">.</w>
</s></p>

<p id="19">
<s id="s19.1">
 <w id="w19.1.1">Povzetek</w> 
 <w id="w19.1.2">je</w> 
 <w id="w19.1.3">bil</w> 
 <w id="w19.1.4">nazadnje</w> 
 <w id="w19.1.5">posodobljen</w> 
 <w id="w19.1.6">04-</w>
 <w id="w19.1.7">2009</w>
 <w id="w19.1.8">.</w>
</s></p>

<p id="20">
<s id="s20.1">
 <w id="w20.1.1">2/</w>
 <w id="w20.1.2">2</w>
</s></p></text>
