<?xml version="1.0" encoding="utf-8"?>
<letsmt version="1.0">
<head></head>
<body>
<s id="s1.1">European Medicines Agency</s>
<s id="s2.1">EMEA/ H/ C/ 521</s>
<s id="s3.1">EVROPSKO JAVNO POROČILO O OCENI ZDRAVILA (EPAR)</s>
<s id="s4.1">LYSODREN</s>
<s id="s5.1">Povzetek EPAR za javnost</s>
<s id="s6.1">Ta dokument je povzetek evropskega javnega poročila o oceni zdravila (EPAR).</s>
<s id="s6.2">Pojasnjuje, kako je Odbor za zdravila za uporabo v humani medicini (CHMP) ocenil opravljene študije, na podlagi katerih je oblikoval priporočila glede uporabe zdravila.</s>
<s id="s6.3">Če potrebujete več informacij o svojem zdravstvenem stanju ali zdravljenju, preberite navodilo za uporabo (ki je prav tako del EPAR) ali se posvetujte s svojim zdravnikom ali farmacevtom.</s>
<s id="s6.4">Če želite več informacij, ki temeljijo na priporočilih CHMP, preberite znanstveno razpravo (ki je prav tako del EPAR).</s>
<s id="s7.1">Kaj je zdravilo Lysodren?</s>
<s id="s7.2">Lysodren je zdravilo, ki vsebuje zdravilno učinkovino mitotan.</s>
<s id="s7.3">Na voljo je v obliki belih okroglih tablet (500 mg).</s>
<s id="s8.1">Za kaj se zdravilo Lysodren uporablja?</s>
<s id="s8.2">Zdravilo Lysodren se uporablja za zdravljenje napredovalega karcinoma skorje nadledvične žleze (rak zunanje plasti nadledvične žleze).</s>
<s id="s8.3">Uporablja se, kadar je rak neizrezljiv (neodstranljiv s kirurškim posegom), kadar je metastaziral (se razširil na druge dele telesa) oziroma relapsiral (se ponovil po zdravljenju).</s>
<s id="s8.4">Ker je število bolnikov s karcinomom skorje nadledvične žleze majhno, bolezen velja za „ redko “, zato je bilo zdravilo Lysodren 12. junija 2002 določeno kot „ zdravilo sirota “ (zdravilo, ki se uporablja za redke bolezni).</s>
<s id="s8.5">Zdravilo se dobi samo na recept.</s>
<s id="s9.1">Kako se zdravilo Lysodren uporablja?</s>
<s id="s9.2">Zdravljenje z zdravilom Lysodren mora začeti in spremljati specialist z ustreznimi izkušnjami.</s>
<s id="s9.3">Priporočeni začetni dnevni odmerek za odrasle je 2 do 3 g, razdeljen v dva ali tri odmerke, ki se vzamejo z obroki, ki vsebujejo mastna živila.</s>
<s id="s9.4">Pri bolnikih, ki potrebujejo nujni nadzor nad Cushingovim sindromom (skupek simptomov, ki se pojavijo pri raku nadledvične žleze in jih povzročajo visoke ravni hormonov), lahko začetni dnevni odmerek znaša 4 do 6 g.</s>
<s id="s9.5">Odmerek se prilagaja postopoma, dokler ni dosežen optimalni odmerek, pri katerem so rezultati najboljši, ne da bi se pojavili nesprejemljivi neželeni učinki.</s>
<s id="s9.6">Ravni zdravilne učinkovine v krvi je treba pogosto spremljati, končni odmerek pa mora povzročiti ravni od 14 do 20 mg na liter krvi.</s>
<s id="s9.7">Te ravni so običajno dosežene v treh do petih mesecih.</s>
<s id="s9.8">Ravni nad 20 mg/ l lahko povzročijo resne neželene učinke, na da bi se pri tem povečala učinkovitost zdravila.</s>
<s id="s9.9">Če se pri bolniku pojavijo neželeni učinki, se lahko odmerek zniža ali zdravljenje prekine.</s>
<s id="s9.10">Zdravljenje je treba nadaljevati, dokler ima koristne učinke.</s>
<s id="s9.11">Če izboljšanje simptomov ni opazno po treh mesecih, je treba zdravljenje prekiniti.</s>
<s id="s9.12">Količina informacij o zdravljenju otrok z zdravilom Lysodren je omejena, vendar pa se priporoča začetni dnevni odmerek 1, 5 do 3, 5 g na kvadratni meter površine telesa (izračuna se s pomočjo višine in telesne mase otroka).</s>
<s id="s10.1">7 Westferry Circus, Canary Wharf, London E14 4HB, UK Tel.</s>
<s id="s10.2">(44- 20) 74 18 84 00 Fax (44- 20) 74 18 84 16 E- mail: mail@ emea. europa. eu http: // www. emea. europa. eu</s>
<s id="s11.1"> European Medicines Agency, 2009.</s>
<s id="s11.2">Reproduction is authorised provided the source is acknowledged.</s>
<s id="s11.3">Zdravilo Lysodren ni priporočeno za uporabo pri bolnikih s hudimi težavami z jetri ali ledvicami, pri bolnikih z blagimi ali zmernimi težavami z jetri ali ledvicami pa ga je treba uporabljati previdno.</s>
<s id="s11.4">Previdno ga je treba uporabljati tudi pri starejših bolnikih in obenem redno spremljati njegove ravni v krvi.</s>
<s id="s11.5">Bolniki, ki jemljejo zdravilo Lysodren, bi morali prejeti „ kartico za bolnike, ki prejemajo zdravilo Lysodren “, ki jo morajo nositi s seboj zaradi morebitnih nujnih primerov, v katerih bo kartica zdravstvene delavce (kot so zdravniki in medicinske sestre) opozorila, da bolnik jemlje to zdravilo.</s>
<s id="s12.1">Kako zdravilo Lysodren deluje?</s>
<s id="s12.2">Skorja nadledvične žleze tvori steroidne hormone.</s>
<s id="s12.3">Če se rak razvije v tem predelu, se lahko ravni teh hormonov povečajo, kar povzroči bolezenske simptome.</s>
<s id="s12.4">Zdravilna učinkovina zdravila Lysodren, mitotan, naj bi s poškodovanjem mitohondrijev (delov celic, ki proizvajajo energijo) celic nadledvične žleze preprečevala njihovo pravilno delovanje in s tem zmanjša tvorjenje nekaterih steroidnih hormonov.</s>
<s id="s12.5">Zdravilo lahko morda spremeni tudi proces razgrajevanja teh hormonov.</s>
<s id="s12.6">Ti učinki skupaj zmanjšajo ravni hormonov v telesu in ublažijo simptome bolezni.</s>
<s id="s13.1">Kako je bilo zdravilo Lysodren raziskano?</s>
<s id="s13.2">Ker je zdravilna učinkovina mitotan v zdravilu Lysodren dobro uveljavljeno zdravilo, ki se za zdravljenje karcinoma skorje nadledvične žleze v Evropi uporablja že od leta 1959, je družba v podporo svoji vlogi za zdravilo Lysodren predstavila informacije iz objavljene literature.</s>
<s id="s13.3">Družba je predstavila rezultate 220 objavljenih študij, ki so jih o uporabi zdravila pri metastaznem karcinomu skorje nadledvične žleze, ki je neizrezljiv, opravili od leta 1990.</s>
<s id="s13.4">Študije so vključevale več kot 500 odraslih in otrok, ki so se različno dolgo zdravili z mitotanom kot samostojnim zdravilom ali v kombinaciji z drugimi zdravili proti raku.</s>
<s id="s13.5">Glavna merila učinkovitosti v študiji so vključevala čas preživetja, zmanjšanje velikosti tumorja in čas, ko bolniki niso kazali simptomov bolezni.</s>
<s id="s14.1">Kakšne koristi je zdravilo Lysodren izkazalo med študijami?</s>
<s id="s14.2">Študije so pokazale, da ima lahko zdravilo Lysodren koristne učinke pri podaljšanju časa preživetja (v nekaterih primerih za več kot pet let) bolnikov z napredovalim karcinomom skorje nadledvične žleze in pri krčenju ali stabilizaciji velikosti tumorja pri 20% do 30% bolnikov.</s>
<s id="s14.3">Zdravilo je prav tako ublažilo bolezenske simptome, posebno pri bolnikih, katerih rak je povzročal visoke ravni hormonov.</s>
<s id="s14.4">Dokazov, ki bi bili v prid uporabi tega zdravila kot dodatka drugim zdravilom proti raku, je bilo premalo.</s>
<s id="s14.5">O uporabi mitotana pri otrocih je bila na voljo omejena količina podatkov, vendar se pri otrocih, ki so jemali zdravilo, bolezen v povprečju ni pojavila sedem mesecev.</s>
<s id="s15.1">Kakšna tveganja so povezana z zdravilom Lysodren?</s>
<s id="s15.2">Najpogostejši neželeni učinki zdravila Lysodren (opaženi pri več kot 1 od 10 bolnikov) so povišane ravni jetrnih encimov, holesterola in trigliceridov (vrste maščob) v krvi, levkopenija (nizke ravni belih krvnih celic), podaljšan čas krvavenja, ataksija (težave s koordiniranjem gibov), parestezija (nenavadni občutki, kot je mravljinčenje), vertigo (vrtoglavica), zaspanost, mukozitis (vnetje sluznic, kot je ustna sluznica), bruhanje, diareja, navzeja (slabost), epigastrično neugodje (neugoden občutek okoli želodca), kožni izpuščaji, miastenija (šibkost mišičja), insuficienca nadledvične žleze (zmanjšano delovanje nadledvične žleze), anoreksija (neješčnost), astenija (šibkost), ginekomastija (povečanje dojk) in zmedenost.</s>
<s id="s15.3">Za celoten seznam neželenih učinkov, o katerih so poročali pri uporabi zdravila Lysodren, glejte navodilo za uporabo.</s>
<s id="s15.4">Zdravila Lysodren ne smejo uporabljati osebe, ki utegnejo biti preobčutljive za (alergične na) mitotan ali katero koli drugo sestavino zdravila.</s>
<s id="s15.5">Zdravila ne smejo uporabljati bolnice, ki dojijo, ali bolniki, ki jemljejo spironolakton (diuretik ali „ odvajalo vode “).</s>
<s id="s16.1">Zakaj je bilo zdravilo Lysodren odobreno?</s>
<s id="s16.2">Odbor za zdravila za uporabo v humani medicini (CHMP) je zaključil, da so koristni učinki zdravila Lysodren pri zdravljenju napredovalega karcinoma skorje nadledvične žleze večji od z njim povezanih tveganj, vendar je hkrati opomnil, da učinki zdravila Lysodren pri karcinomu skorje nadledvične žleze, ki ne tvori visokih ravni steroidnih hormonov, niso bili ugotovljeni.</s>
<s id="s16.3">Odbor je priporočil, da se za zdravilo Lysodren odobri dovoljenje za promet.</s>
<s id="s17.1">2/ 3 Druge informacije o zdravilu Lysodren:</s>
<s id="s17.2">Evropska komisija je dovoljenje za promet z zdravilom Lysodren, veljavno po vsej Evropski uniji, odobrila družbi Laboratoire HRA Pharma dne 28. aprila 2004.</s>
<s id="s17.3">Dovoljenje za promet z zdravilom je bilo podaljšano dne 28. aprila 2009.</s>
<s id="s18.1">Povzetek mnenja Odbora za zdravila sirote o zdravilu Lysodren je na voljo tukaj.</s>
<s id="s18.2">Celotno evropsko javno poročilo o oceni zdravila (EPAR) za zdravilo Lysodren je na voljo tukaj.</s>
<s id="s19.1">Povzetek je bil nazadnje posodobljen 04- 2009.</s>
<s id="s20.1">3/ 3</s>
</body>
</letsmt>
