<?xml version="1.0" encoding="utf-8"?>
<text>
<p id="1">
<s id="s1.1">
 <w id="w1.1.1">European</w> 
 <w id="w1.1.2">Medicines</w> 
 <w id="w1.1.3">Agency</w>
</s></p>

<p id="2">
<s id="s2.1">
 <w id="w2.1.1">EMEA/</w>
 <w id="w2.1.2">H/</w>
 <w id="w2.1.3">C/</w>
 <w id="w2.1.4">268</w>
</s></p>

<p id="3">
<s id="s3.1">
 <w id="w3.1.1">EVROPSKO</w> 
 <w id="w3.1.2">JAVNO</w> 
 <w id="w3.1.3">POROČILO</w> 
 <w id="w3.1.4">O</w> 
 <w id="w3.1.5">OCENI</w> 
 <w id="w3.1.6">ZDRAVILA</w> 
 <w id="w3.1.7">(</w>
 <w id="w3.1.8">EPAR</w>
 <w id="w3.1.9">)</w>
</s></p>

<p id="4">
<s id="s4.1">
 <w id="w4.1.1">AVANDIA</w>
</s></p>

<p id="5">
<s id="s5.1">
 <w id="w5.1.1">Povzetek</w> 
 <w id="w5.1.2">EPAR</w> 
 <w id="w5.1.3">za</w> 
 <w id="w5.1.4">javnost</w>
</s></p>

<p id="6">
<s id="s6.1">
 <w id="w6.1.1">Ta</w> 
 <w id="w6.1.2">dokument</w> 
 <w id="w6.1.3">je</w> 
 <w id="w6.1.4">povzetek</w> 
 <w id="w6.1.5">evropskega</w> 
 <w id="w6.1.6">javnega</w> 
 <w id="w6.1.7">poročila</w> 
 <w id="w6.1.8">o</w> 
 <w id="w6.1.9">oceni</w> 
 <w id="w6.1.10">zdravila</w> 
 <w id="w6.1.11">(</w>
 <w id="w6.1.12">EPAR</w>
 <w id="w6.1.13">)</w>
 <w id="w6.1.14">.</w>
</s> 
 
<s id="s6.2">
 <w id="w6.2.1">Pojasnjuje</w>
 <w id="w6.2.2">,</w> 
 <w id="w6.2.3">kako</w> 
 <w id="w6.2.4">je</w> 
 <w id="w6.2.5">Odbor</w> 
 <w id="w6.2.6">za</w> 
 <w id="w6.2.7">zdravila</w> 
 <w id="w6.2.8">za</w> 
 <w id="w6.2.9">uporabo</w> 
 <w id="w6.2.10">v</w> 
 <w id="w6.2.11">humani</w> 
 <w id="w6.2.12">medicini</w> 
 <w id="w6.2.13">(</w>
 <w id="w6.2.14">CHMP</w>
 <w id="w6.2.15">)</w> 
 <w id="w6.2.16">ocenil</w> 
 <w id="w6.2.17">opravljene</w> 
 <w id="w6.2.18">študije</w>
 <w id="w6.2.19">,</w> 
 <w id="w6.2.20">na</w> 
 <w id="w6.2.21">podlagi</w> 
 <w id="w6.2.22">katerih</w> 
 <w id="w6.2.23">je</w> 
 <w id="w6.2.24">oblikoval</w> 
 <w id="w6.2.25">priporočila</w> 
 <w id="w6.2.26">glede</w> 
 <w id="w6.2.27">uporabe</w> 
 <w id="w6.2.28">zdravila</w>
 <w id="w6.2.29">.</w>
</s> 
 
<s id="s6.3">
 <w id="w6.3.1">Če</w> 
 <w id="w6.3.2">potrebujete</w> 
 <w id="w6.3.3">več</w> 
 <w id="w6.3.4">informacij</w> 
 <w id="w6.3.5">o</w> 
 <w id="w6.3.6">svojem</w> 
 <w id="w6.3.7">zdravstvenem</w> 
 <w id="w6.3.8">stanju</w> 
 <w id="w6.3.9">ali</w> 
 <w id="w6.3.10">zdravljenju</w>
 <w id="w6.3.11">,</w> 
 <w id="w6.3.12">preberite</w> 
 <w id="w6.3.13">navodilo</w> 
 <w id="w6.3.14">za</w> 
 <w id="w6.3.15">uporabo</w> 
 <w id="w6.3.16">(</w>
 <w id="w6.3.17">ki</w> 
 <w id="w6.3.18">je</w> 
 <w id="w6.3.19">prav</w> 
 <w id="w6.3.20">tako</w> 
 <w id="w6.3.21">del</w> 
 <w id="w6.3.22">EPAR</w>
 <w id="w6.3.23">)</w> 
 <w id="w6.3.24">ali</w> 
 <w id="w6.3.25">se</w> 
 <w id="w6.3.26">posvetujte</w> 
 <w id="w6.3.27">s</w> 
 <w id="w6.3.28">svojim</w> 
 <w id="w6.3.29">zdravnikom</w> 
 <w id="w6.3.30">ali</w> 
 <w id="w6.3.31">farmacevtom</w>
 <w id="w6.3.32">.</w>
</s> 
 
<s id="s6.4">
 <w id="w6.4.1">Če</w> 
 <w id="w6.4.2">želite</w> 
 <w id="w6.4.3">več</w> 
 <w id="w6.4.4">informacij</w>
 <w id="w6.4.5">,</w> 
 <w id="w6.4.6">ki</w> 
 <w id="w6.4.7">temeljijo</w> 
 <w id="w6.4.8">na</w> 
 <w id="w6.4.9">priporočilih</w> 
 <w id="w6.4.10">CHMP</w>
 <w id="w6.4.11">,</w> 
 <w id="w6.4.12">preberite</w> 
 <w id="w6.4.13">znanstveno</w> 
 <w id="w6.4.14">razpravo</w> 
 <w id="w6.4.15">(</w>
 <w id="w6.4.16">ki</w> 
 <w id="w6.4.17">je</w> 
 <w id="w6.4.18">prav</w> 
 <w id="w6.4.19">tako</w> 
 <w id="w6.4.20">del</w> 
 <w id="w6.4.21">EPAR</w>
 <w id="w6.4.22">)</w>
 <w id="w6.4.23">.</w>
</s></p>

<p id="7">
<s id="s7.1">
 <w id="w7.1.1">Kaj</w> 
 <w id="w7.1.2">je</w> 
 <w id="w7.1.3">zdravilo</w> 
 <w id="w7.1.4">Avandia</w>
 <w id="w7.1.5">?</w>
</s> 
 
<s id="s7.2">
 <w id="w7.2.1">Zdravilo</w> 
 <w id="w7.2.2">Avandia</w> 
 <w id="w7.2.3">vsebuje</w> 
 <w id="w7.2.4">zdravilno</w> 
 <w id="w7.2.5">učinkovino</w> 
 <w id="w7.2.6">rosiglitazon</w>
 <w id="w7.2.7">.</w>
</s> 
 
<s id="s7.3">
 <w id="w7.3.1">Na</w> 
 <w id="w7.3.2">voljo</w> 
 <w id="w7.3.3">je</w> 
 <w id="w7.3.4">v</w> 
 <w id="w7.3.5">obliki</w> 
 <w id="w7.3.6">tablet</w> 
 <w id="w7.3.7">(</w>
 <w id="w7.3.8">rožnata</w>
 <w id="w7.3.9">:</w>
</s> 
 
<s id="s7.4">
 <w id="w7.4.1">2</w> 
 <w id="w7.4.2">mg</w>
 <w id="w7.4.3">;</w> 
 <w id="w7.4.4">oranžna</w>
 <w id="w7.4.5">:</w>
</s> 
 
<s id="s7.5">
 <w id="w7.5.1">4</w> 
 <w id="w7.5.2">mg</w>
 <w id="w7.5.3">;</w> 
 <w id="w7.5.4">rdečerjava</w>
 <w id="w7.5.5">:</w>
</s> 
 
<s id="s7.6">
 <w id="w7.6.1">8</w> 
 <w id="w7.6.2">mg</w>
 <w id="w7.6.3">.</w>
</s></p>

<p id="8">
<s id="s8.1">
 <w id="w8.1.1">Za</w> 
 <w id="w8.1.2">kaj</w> 
 <w id="w8.1.3">se</w> 
 <w id="w8.1.4">zdravilo</w> 
 <w id="w8.1.5">Avandia</w> 
 <w id="w8.1.6">uporablja</w>
 <w id="w8.1.7">?</w>
</s> 
 
<s id="s8.2">
 <w id="w8.2.1">Zdravilo</w> 
 <w id="w8.2.2">Avandia</w> 
 <w id="w8.2.3">se</w> 
 <w id="w8.2.4">uporablja</w> 
 <w id="w8.2.5">pri</w> 
 <w id="w8.2.6">odraslih</w> 
 <w id="w8.2.7">bolnikih</w> 
 <w id="w8.2.8">(</w>
 <w id="w8.2.9">zlasti</w> 
 <w id="w8.2.10">pri</w> 
 <w id="w8.2.11">bolnikih</w> 
 <w id="w8.2.12">s</w> 
 <w id="w8.2.13">čezmerno</w> 
 <w id="w8.2.14">telesno</w> 
 <w id="w8.2.15">maso</w>
 <w id="w8.2.16">)</w>
 <w id="w8.2.17">,</w> 
 <w id="w8.2.18">ki</w> 
 <w id="w8.2.19">imajo</w> 
 <w id="w8.2.20">sladkorno</w> 
 <w id="w8.2.21">bolezen</w> 
 <w id="w8.2.22">tipa</w> 
 <w id="w8.2.23">2</w> 
 <w id="w8.2.24">(</w>
 <w id="w8.2.25">od</w> 
 <w id="w8.2.26">insulina</w> 
 <w id="w8.2.27">neodvisno</w> 
 <w id="w8.2.28">sladkorno</w> 
 <w id="w8.2.29">bolezen</w>
 <w id="w8.2.30">)</w>
 <w id="w8.2.31">.</w>
</s> 
 
<s id="s8.3">
 <w id="w8.3.1">Zdravilo</w> 
 <w id="w8.3.2">Avandia</w> 
 <w id="w8.3.3">se</w> 
 <w id="w8.3.4">lahko</w> 
 <w id="w8.3.5">uporablja</w> 
 <w id="w8.3.6">kot</w> 
 <w id="w8.3.7">samostojno</w> 
 <w id="w8.3.8">zdravilo</w> 
 <w id="w8.3.9">pri</w> 
 <w id="w8.3.10">bolnikih</w>
 <w id="w8.3.11">,</w> 
 <w id="w8.3.12">za</w> 
 <w id="w8.3.13">katere</w> 
 <w id="w8.3.14">metformin</w> 
 <w id="w8.3.15">(</w>
 <w id="w8.3.16">zdravilo</w> 
 <w id="w8.3.17">proti</w> 
 <w id="w8.3.18">sladkorni</w> 
 <w id="w8.3.19">bolezni</w>
 <w id="w8.3.20">)</w> 
 <w id="w8.3.21">ni</w> 
 <w id="w8.3.22">primeren</w>
 <w id="w8.3.23">.</w>
</s> 
 
<s id="s8.4">
 <w id="w8.4.1">Zdravilo</w> 
 <w id="w8.4.2">Avandia</w> 
 <w id="w8.4.3">se</w> 
 <w id="w8.4.4">lahko</w> 
 <w id="w8.4.5">uporablja</w> 
 <w id="w8.4.6">tudi</w> 
 <w id="w8.4.7">v</w> 
 <w id="w8.4.8">kombinaciji</w> 
 <w id="w8.4.9">z</w> 
 <w id="w8.4.10">metforminom</w> 
 <w id="w8.4.11">(</w>
 <w id="w8.4.12">„</w>
 <w id="w8.4.13">zdravljenje</w> 
 <w id="w8.4.14">z</w> 
 <w id="w8.4.15">dvema</w> 
 <w id="w8.4.16">zdraviloma</w>
 <w id="w8.4.17">“</w>
 <w id="w8.4.18">)</w> 
 <w id="w8.4.19">pri</w> 
 <w id="w8.4.20">bolnikih</w> 
 <w id="w8.4.21">s</w> 
 <w id="w8.4.22">sladkorno</w> 
 <w id="w8.4.23">boleznijo</w> 
 <w id="w8.4.24">tipa</w> 
 <w id="w8.4.25">2</w>
 <w id="w8.4.26">,</w> 
 <w id="w8.4.27">pri</w> 
 <w id="w8.4.28">katerih</w> 
 <w id="w8.4.29">zgolj</w> 
 <w id="w8.4.30">z</w> 
 <w id="w8.4.31">metforminom</w> 
 <w id="w8.4.32">ni</w> 
 <w id="w8.4.33">mogoče</w> 
 <w id="w8.4.34">doseči</w> 
 <w id="w8.4.35">zadovoljivega</w> 
 <w id="w8.4.36">nadzora</w>
 <w id="w8.4.37">,</w> 
 <w id="w8.4.38">ali</w> 
 <w id="w8.4.39">v</w> 
 <w id="w8.4.40">kombinaciji</w> 
 <w id="w8.4.41">s</w> 
 <w id="w8.4.42">sulfonilsečnino</w> 
 <w id="w8.4.43">(</w>
 <w id="w8.4.44">drugo</w> 
 <w id="w8.4.45">vrsto</w> 
 <w id="w8.4.46">zdravila</w> 
 <w id="w8.4.47">proti</w> 
 <w id="w8.4.48">sladkorni</w> 
 <w id="w8.4.49">bolezni</w>
 <w id="w8.4.50">)</w>
 <w id="w8.4.51">,</w> 
 <w id="w8.4.52">če</w> 
 <w id="w8.4.53">metformin</w> 
 <w id="w8.4.54">ni</w> 
 <w id="w8.4.55">primeren</w>
 <w id="w8.4.56">.</w>
</s> 
 
<s id="s8.5">
 <w id="w8.5.1">Zdravilo</w> 
 <w id="w8.5.2">Avandia</w> 
 <w id="w8.5.3">se</w> 
 <w id="w8.5.4">lahko</w> 
 <w id="w8.5.5">uporablja</w> 
 <w id="w8.5.6">tudi</w> 
 <w id="w8.5.7">v</w> 
 <w id="w8.5.8">kombinaciji</w> 
 <w id="w8.5.9">z</w> 
 <w id="w8.5.10">metforminom</w> 
 <w id="w8.5.11">in</w> 
 <w id="w8.5.12">sulfonilsečnino</w> 
 <w id="w8.5.13">(</w>
 <w id="w8.5.14">„</w>
 <w id="w8.5.15">zdravljenje</w> 
 <w id="w8.5.16">s</w> 
 <w id="w8.5.17">tremi</w> 
 <w id="w8.5.18">zdravili</w>
 <w id="w8.5.19">“</w>
 <w id="w8.5.20">)</w> 
 <w id="w8.5.21">pri</w> 
 <w id="w8.5.22">bolnikih</w>
 <w id="w8.5.23">,</w> 
 <w id="w8.5.24">pri</w> 
 <w id="w8.5.25">katerih</w> 
 <w id="w8.5.26">kljub</w> 
 <w id="w8.5.27">peroralnem</w> 
 <w id="w8.5.28">zdravljenju</w> 
 <w id="w8.5.29">z</w> 
 <w id="w8.5.30">dvema</w> 
 <w id="w8.5.31">zdraviloma</w> 
 <w id="w8.5.32">ni</w> 
 <w id="w8.5.33">bilo</w> 
 <w id="w8.5.34">mogoče</w> 
 <w id="w8.5.35">doseči</w> 
 <w id="w8.5.36">zadostnega</w> 
 <w id="w8.5.37">nadzora</w> 
 <w id="w8.5.38">nad</w> 
 <w id="w8.5.39">boleznijo</w>
 <w id="w8.5.40">.</w>
</s> 
 
<s id="s8.6">
 <w id="w8.6.1">Zdravilo</w> 
 <w id="w8.6.2">se</w> 
 <w id="w8.6.3">dobi</w> 
 <w id="w8.6.4">samo</w> 
 <w id="w8.6.5">na</w> 
 <w id="w8.6.6">recept</w>
 <w id="w8.6.7">.</w>
</s></p>

<p id="9">
<s id="s9.1">
 <w id="w9.1.1">Kako</w> 
 <w id="w9.1.2">se</w> 
 <w id="w9.1.3">zdravilo</w> 
 <w id="w9.1.4">Avandia</w> 
 <w id="w9.1.5">uporablja</w>
 <w id="w9.1.6">?</w>
</s> 
 
<s id="s9.2">
 <w id="w9.2.1">Zdravilo</w> 
 <w id="w9.2.2">Avandia</w> 
 <w id="w9.2.3">se</w> 
 <w id="w9.2.4">lahko</w> 
 <w id="w9.2.5">jemlje</w> 
 <w id="w9.2.6">sočasno</w> 
 <w id="w9.2.7">s</w> 
 <w id="w9.2.8">hrano</w> 
 <w id="w9.2.9">ali</w> 
 <w id="w9.2.10">brez</w> 
 <w id="w9.2.11">nje</w>
 <w id="w9.2.12">.</w>
</s> 
 
<s id="s9.3">
 <w id="w9.3.1">Priporočeni</w> 
 <w id="w9.3.2">začetni</w> 
 <w id="w9.3.3">odmerek</w> 
 <w id="w9.3.4">je</w> 
 <w id="w9.3.5">4</w> 
 <w id="w9.3.6">mg</w> 
 <w id="w9.3.7">dnevno</w>
 <w id="w9.3.8">,</w> 
 <w id="w9.3.9">ki</w> 
 <w id="w9.3.10">ga</w> 
 <w id="w9.3.11">bolnik</w> 
 <w id="w9.3.12">prejme</w> 
 <w id="w9.3.13">v</w> 
 <w id="w9.3.14">obliki</w> 
 <w id="w9.3.15">enega</w> 
 <w id="w9.3.16">odmerka</w> 
 <w id="w9.3.17">ali</w> 
 <w id="w9.3.18">v</w> 
 <w id="w9.3.19">obliki</w> 
 <w id="w9.3.20">dveh</w> 
 <w id="w9.3.21">odmerkov</w> 
 <w id="w9.3.22">po</w> 
 <w id="w9.3.23">2</w> 
 <w id="w9.3.24">mg</w>
 <w id="w9.3.25">.</w>
</s> 
 
<s id="s9.4">
 <w id="w9.4.1">Če</w> 
 <w id="w9.4.2">je</w> 
 <w id="w9.4.3">potrebno</w> 
 <w id="w9.4.4">močnejše</w> 
 <w id="w9.4.5">uravnavanje</w> 
 <w id="w9.4.6">koncentracije</w> 
 <w id="w9.4.7">glukoze</w> 
 <w id="w9.4.8">v</w> 
 <w id="w9.4.9">krvi</w>
 <w id="w9.4.10">,</w> 
 <w id="w9.4.11">se</w> 
 <w id="w9.4.12">lahko</w> 
 <w id="w9.4.13">ta</w> 
 <w id="w9.4.14">odmerek</w> 
 <w id="w9.4.15">po</w> 
 <w id="w9.4.16">osmih</w> 
 <w id="w9.4.17">tednih</w> 
 <w id="w9.4.18">poveča</w> 
 <w id="w9.4.19">na</w> 
 <w id="w9.4.20">8</w> 
 <w id="w9.4.21">mg</w> 
 <w id="w9.4.22">dnevno</w>
 <w id="w9.4.23">,</w> 
 <w id="w9.4.24">ki</w> 
 <w id="w9.4.25">jih</w> 
 <w id="w9.4.26">bolnik</w> 
 <w id="w9.4.27">prejme</w> 
 <w id="w9.4.28">v</w> 
 <w id="w9.4.29">obliki</w> 
 <w id="w9.4.30">enega</w> 
 <w id="w9.4.31">odmerka</w> 
 <w id="w9.4.32">ali</w> 
 <w id="w9.4.33">v</w> 
 <w id="w9.4.34">obliki</w> 
 <w id="w9.4.35">dveh</w> 
 <w id="w9.4.36">odmerkov</w> 
 <w id="w9.4.37">po</w> 
 <w id="w9.4.38">4</w> 
 <w id="w9.4.39">mg</w>
 <w id="w9.4.40">.</w>
</s> 
 
<s id="s9.5">
 <w id="w9.5.1">Vendar</w> 
 <w id="w9.5.2">pa</w> 
 <w id="w9.5.3">je</w> 
 <w id="w9.5.4">pri</w> 
 <w id="w9.5.5">bolnikih</w>
 <w id="w9.5.6">,</w> 
 <w id="w9.5.7">ki</w> 
 <w id="w9.5.8">hkrati</w> 
 <w id="w9.5.9">jemljejo</w> 
 <w id="w9.5.10">tudi</w> 
 <w id="w9.5.11">sulfonilsečnino</w>
 <w id="w9.5.12">,</w> 
 <w id="w9.5.13">potrebna</w> 
 <w id="w9.5.14">previdnost</w> 
 <w id="w9.5.15">zaradi</w> 
 <w id="w9.5.16">tveganja</w> 
 <w id="w9.5.17">za</w> 
 <w id="w9.5.18">zastajanje</w> 
 <w id="w9.5.19">tekočine</w>
 <w id="w9.5.20">.</w>
</s></p>

<p id="10">
<s id="s10.1">
 <w id="w10.1.1">Kako</w> 
 <w id="w10.1.2">zdravilo</w> 
 <w id="w10.1.3">Avandia</w> 
 <w id="w10.1.4">deluje</w>
 <w id="w10.1.5">?</w>
</s> 
 
<s id="s10.2">
 <w id="w10.2.1">Sladkorna</w> 
 <w id="w10.2.2">bolezen</w> 
 <w id="w10.2.3">tipa</w> 
 <w id="w10.2.4">2</w> 
 <w id="w10.2.5">je</w> 
 <w id="w10.2.6">bolezen</w>
 <w id="w10.2.7">,</w> 
 <w id="w10.2.8">pri</w> 
 <w id="w10.2.9">kateri</w> 
 <w id="w10.2.10">trebušna</w> 
 <w id="w10.2.11">slinavka</w> 
 <w id="w10.2.12">ne</w> 
 <w id="w10.2.13">tvori</w> 
 <w id="w10.2.14">dovolj</w> 
 <w id="w10.2.15">insulina</w> 
 <w id="w10.2.16">za</w> 
 <w id="w10.2.17">uravnavanje</w> 
 <w id="w10.2.18">koncentracije</w> 
 <w id="w10.2.19">glukoze</w> 
 <w id="w10.2.20">(</w>
 <w id="w10.2.21">sladkorja</w>
 <w id="w10.2.22">)</w> 
 <w id="w10.2.23">v</w> 
 <w id="w10.2.24">krvi</w> 
 <w id="w10.2.25">ali</w> 
 <w id="w10.2.26">pri</w> 
 <w id="w10.2.27">kateri</w> 
 <w id="w10.2.28">telo</w> 
 <w id="w10.2.29">ne</w> 
 <w id="w10.2.30">more</w> 
 <w id="w10.2.31">učinkovito</w> 
 <w id="w10.2.32">izrabiti</w> 
 <w id="w10.2.33">insulina</w>
 <w id="w10.2.34">.</w>
</s> 
 
<s id="s10.3">
 <w id="w10.3.1">Zdravilna</w> 
 <w id="w10.3.2">učinkovina</w> 
 <w id="w10.3.3">zdravila</w> 
 <w id="w10.3.4">Avandia</w>
 <w id="w10.3.5">,</w> 
 <w id="w10.3.6">rosiglitazon</w>
 <w id="w10.3.7">,</w> 
 <w id="w10.3.8">poveča</w> 
 <w id="w10.3.9">občutljivost</w> 
 <w id="w10.3.10">celic</w> 
 <w id="w10.3.11">(</w>
 <w id="w10.3.12">maščevja</w>
 <w id="w10.3.13">,</w> 
 <w id="w10.3.14">mišic</w> 
 <w id="w10.3.15">in</w> 
 <w id="w10.3.16">jeter</w>
 <w id="w10.3.17">)</w> 
 <w id="w10.3.18">za</w> 
 <w id="w10.3.19">insulin</w>
 <w id="w10.3.20">,</w> 
 <w id="w10.3.21">kar</w> 
 <w id="w10.3.22">pomeni</w>
 <w id="w10.3.23">,</w> 
 <w id="w10.3.24">da</w> 
 <w id="w10.3.25">telo</w> 
 <w id="w10.3.26">bolje</w> 
 <w id="w10.3.27">izrablja</w> 
 <w id="w10.3.28">insulin</w>
 <w id="w10.3.29">,</w> 
 <w id="w10.3.30">ki</w> 
 <w id="w10.3.31">ga</w> 
 <w id="w10.3.32">proizvaja</w>
 <w id="w10.3.33">.</w>
</s> 
 
<s id="s10.4">
 <w id="w10.4.1">Posledično</w> 
 <w id="w10.4.2">se</w>
</s></p>

<p id="11">
<s id="s11.1">
 <w id="w11.1.1">7</w> 
 <w id="w11.1.2">Westferry</w> 
 <w id="w11.1.3">Circus</w>
 <w id="w11.1.4">,</w> 
 <w id="w11.1.5">Canary</w> 
 <w id="w11.1.6">Wharf</w>
 <w id="w11.1.7">,</w> 
 <w id="w11.1.8">London</w>
 <w id="w11.1.9">,</w> 
 <w id="w11.1.10">E14</w> 
 <w id="w11.1.11">4HB</w>
 <w id="w11.1.12">,</w> 
 <w id="w11.1.13">UK</w>                                   
 <w id="w11.1.14">Tel</w>
 <w id="w11.1.15">.</w>
</s> 
 
<s id="s11.2">
 <w id="w11.2.1">(</w>
 <w id="w11.2.2">44-</w>
 <w id="w11.2.3">20</w>
 <w id="w11.2.4">)</w> 
 <w id="w11.2.5">74</w> 
 <w id="w11.2.6">18</w> 
 <w id="w11.2.7">84</w> 
 <w id="w11.2.8">00</w> 
 <w id="w11.2.9">Fax</w> 
 <w id="w11.2.10">(</w>
 <w id="w11.2.11">44-</w>
 <w id="w11.2.12">20</w>
 <w id="w11.2.13">)</w> 
 <w id="w11.2.14">74</w> 
 <w id="w11.2.15">18</w> 
 <w id="w11.2.16">84</w> 
 <w id="w11.2.17">16</w>                              
 <w id="w11.2.18">E-</w>
 <w id="w11.2.19">mail</w>
 <w id="w11.2.20">:</w> 
 <w id="w11.2.21">mail@</w>
 <w id="w11.2.22">emea.</w>
 <w id="w11.2.23">europa.</w>
 <w id="w11.2.24">eu</w> 
 <w id="w11.2.25">http</w>
 <w id="w11.2.26">:</w>
 <w id="w11.2.27">//</w>
 <w id="w11.2.28">www.</w>
 <w id="w11.2.29">emea.</w>
 <w id="w11.2.30">europa.</w>
 <w id="w11.2.31">eu</w>
</s></p>

<p id="12">
<s id="s12.1">
 <w id="w12.1.1">©</w> 
 <w id="w12.1.2">European</w> 
 <w id="w12.1.3">Medicines</w> 
 <w id="w12.1.4">Agency</w>
 <w id="w12.1.5">,</w> 
 <w id="w12.1.6">2008</w>
 <w id="w12.1.7">.</w>
</s> 
 
<s id="s12.2">
 <w id="w12.2.1">Reproduction</w> 
 <w id="w12.2.2">is</w> 
 <w id="w12.2.3">authorised</w> 
 <w id="w12.2.4">provided</w> 
 <w id="w12.2.5">the</w> 
 <w id="w12.2.6">source</w> 
 <w id="w12.2.7">is</w> 
 <w id="w12.2.8">acknowledged</w>
 <w id="w12.2.9">.</w> 
 <w id="w12.2.10">raven</w> 
 <w id="w12.2.11">glukoze</w> 
 <w id="w12.2.12">v</w> 
 <w id="w12.2.13">krvi</w> 
 <w id="w12.2.14">zniža</w>
 <w id="w12.2.15">,</w> 
 <w id="w12.2.16">to</w> 
 <w id="w12.2.17">pa</w> 
 <w id="w12.2.18">prispeva</w> 
 <w id="w12.2.19">k</w> 
 <w id="w12.2.20">nadzoru</w> 
 <w id="w12.2.21">sladkorne</w> 
 <w id="w12.2.22">bolezni</w> 
 <w id="w12.2.23">tipa</w> 
 <w id="w12.2.24">2</w>
 <w id="w12.2.25">.</w>
</s> 
 
<s id="s12.3">
 <w id="w12.3.1">Zdravljenje</w> 
 <w id="w12.3.2">sladkorne</w> 
 <w id="w12.3.3">bolezni</w> 
 <w id="w12.3.4">tipa</w> 
 <w id="w12.3.5">2</w> 
 <w id="w12.3.6">z</w> 
 <w id="w12.3.7">zdravilom</w> 
 <w id="w12.3.8">Avandia</w> 
 <w id="w12.3.9">je</w> 
 <w id="w12.3.10">dopolnitev</w> 
 <w id="w12.3.11">k</w> 
 <w id="w12.3.12">dieti</w> 
 <w id="w12.3.13">in</w> 
 <w id="w12.3.14">telesni</w> 
 <w id="w12.3.15">vadbi</w>
 <w id="w12.3.16">.</w>
</s></p>

<p id="13">
<s id="s13.1">
 <w id="w13.1.1">Kako</w> 
 <w id="w13.1.2">je</w> 
 <w id="w13.1.3">bilo</w> 
 <w id="w13.1.4">zdravilo</w> 
 <w id="w13.1.5">Avandia</w> 
 <w id="w13.1.6">raziskano</w>
 <w id="w13.1.7">?</w>
</s> 
 
<s id="s13.2">
 <w id="w13.2.1">Zdravilo</w> 
 <w id="w13.2.2">Avandia</w> 
 <w id="w13.2.3">so</w> 
 <w id="w13.2.4">kot</w> 
 <w id="w13.2.5">samostojno</w> 
 <w id="w13.2.6">zdravilo</w> 
 <w id="w13.2.7">v</w> 
 <w id="w13.2.8">študijah</w> 
 <w id="w13.2.9">primerjali</w> 
 <w id="w13.2.10">s</w> 
 <w id="w13.2.11">placebom</w> 
 <w id="w13.2.12">(</w>
 <w id="w13.2.13">zdravilom</w> 
 <w id="w13.2.14">brez</w> 
 <w id="w13.2.15">zdravilne</w> 
 <w id="w13.2.16">učinkovine</w>
 <w id="w13.2.17">)</w>
 <w id="w13.2.18">,</w> 
 <w id="w13.2.19">metforminom</w> 
 <w id="w13.2.20">ali</w> 
 <w id="w13.2.21">glibenklamidom</w> 
 <w id="w13.2.22">(</w>
 <w id="w13.2.23">sulfonilsečnino</w>
 <w id="w13.2.24">)</w>
 <w id="w13.2.25">.</w>
</s> 
 
<s id="s13.3">
 <w id="w13.3.1">Preučevali</w> 
 <w id="w13.3.2">so</w> 
 <w id="w13.3.3">ga</w> 
 <w id="w13.3.4">tudi</w> 
 <w id="w13.3.5">pri</w> 
 <w id="w13.3.6">bolnikih</w>
 <w id="w13.3.7">,</w> 
 <w id="w13.3.8">ki</w> 
 <w id="w13.3.9">so</w> 
 <w id="w13.3.10">že</w> 
 <w id="w13.3.11">uporabljali</w> 
 <w id="w13.3.12">katero</w> 
 <w id="w13.3.13">drugo</w> 
 <w id="w13.3.14">zdravilo</w> 
 <w id="w13.3.15">proti</w> 
 <w id="w13.3.16">sladkorni</w> 
 <w id="w13.3.17">bolezni</w> 
 <w id="w13.3.18">(</w>
 <w id="w13.3.19">metformin</w> 
 <w id="w13.3.20">ali</w> 
 <w id="w13.3.21">sulfonilsečnino</w>
 <w id="w13.3.22">)</w> 
 <w id="w13.3.23">ali</w> 
 <w id="w13.3.24">ki</w> 
 <w id="w13.3.25">so</w> 
 <w id="w13.3.26">že</w> 
 <w id="w13.3.27">prejemali</w> 
 <w id="w13.3.28">kombinacijo</w> 
 <w id="w13.3.29">dveh</w> 
 <w id="w13.3.30">zdravil</w> 
 <w id="w13.3.31">proti</w> 
 <w id="w13.3.32">sladkorni</w> 
 <w id="w13.3.33">bolezni</w> 
 <w id="w13.3.34">(</w>
 <w id="w13.3.35">metformin</w> 
 <w id="w13.3.36">in</w> 
 <w id="w13.3.37">sulfonilsečnino</w>
 <w id="w13.3.38">)</w>
 <w id="w13.3.39">.</w>
</s> 
 
<s id="s13.4">
 <w id="w13.4.1">V</w> 
 <w id="w13.4.2">okviru</w> 
 <w id="w13.4.3">študij</w> 
 <w id="w13.4.4">so</w> 
 <w id="w13.4.5">merili</w> 
 <w id="w13.4.6">koncentracijo</w> 
 <w id="w13.4.7">snovi</w> 
 <w id="w13.4.8">v</w> 
 <w id="w13.4.9">krvi</w>
 <w id="w13.4.10">,</w> 
 <w id="w13.4.11">imenovane</w> 
 <w id="w13.4.12">glikozilirani</w> 
 <w id="w13.4.13">hemoglobin</w> 
 <w id="w13.4.14">(</w>
 <w id="w13.4.15">HbA1c</w>
 <w id="w13.4.16">)</w>
 <w id="w13.4.17">,</w> 
 <w id="w13.4.18">ki</w> 
 <w id="w13.4.19">kaže</w>
 <w id="w13.4.20">,</w> 
 <w id="w13.4.21">kako</w> 
 <w id="w13.4.22">dobro</w> 
 <w id="w13.4.23">je</w> 
 <w id="w13.4.24">glukoza</w> 
 <w id="w13.4.25">v</w> 
 <w id="w13.4.26">krvi</w> 
 <w id="w13.4.27">nadzorovana</w>
 <w id="w13.4.28">.</w>
</s></p>

<p id="14">
<s id="s14.1">
 <w id="w14.1.1">Kakšne</w> 
 <w id="w14.1.2">koristi</w> 
 <w id="w14.1.3">je</w> 
 <w id="w14.1.4">zdravilo</w> 
 <w id="w14.1.5">Avandia</w> 
 <w id="w14.1.6">izkazalo</w> 
 <w id="w14.1.7">med</w> 
 <w id="w14.1.8">študijami</w>
 <w id="w14.1.9">?</w>
</s> 
 
<s id="s14.2">
 <w id="w14.2.1">Zdravilo</w> 
 <w id="w14.2.2">Avandia</w> 
 <w id="w14.2.3">kot</w> 
 <w id="w14.2.4">samostojno</w> 
 <w id="w14.2.5">zdravilo</w> 
 <w id="w14.2.6">je</w> 
 <w id="w14.2.7">bilo</w> 
 <w id="w14.2.8">pri</w> 
 <w id="w14.2.9">zniževanju</w> 
 <w id="w14.2.10">koncentracije</w> 
 <w id="w14.2.11">HbA1c</w> 
 <w id="w14.2.12">učinkovitejše</w> 
 <w id="w14.2.13">od</w> 
 <w id="w14.2.14">placeba</w>
 <w id="w14.2.15">.</w>
</s> 
 
<s id="s14.3">
 <w id="w14.3.1">Kombiniranje</w> 
 <w id="w14.3.2">z</w> 
 <w id="w14.3.3">drugimi</w> 
 <w id="w14.3.4">zdravili</w> 
 <w id="w14.3.5">proti</w> 
 <w id="w14.3.6">sladkorni</w> 
 <w id="w14.3.7">bolezni</w> 
 <w id="w14.3.8">je</w> 
 <w id="w14.3.9">še</w> 
 <w id="w14.3.10">nadalje</w> 
 <w id="w14.3.11">znižalo</w> 
 <w id="w14.3.12">koncentracijo</w> 
 <w id="w14.3.13">HbA1c</w>
 <w id="w14.3.14">,</w> 
 <w id="w14.3.15">kar</w> 
 <w id="w14.3.16">kaže</w>
 <w id="w14.3.17">,</w> 
 <w id="w14.3.18">da</w> 
 <w id="w14.3.19">se</w> 
 <w id="w14.3.20">je</w> 
 <w id="w14.3.21">koncentracija</w> 
 <w id="w14.3.22">glukoze</w> 
 <w id="w14.3.23">v</w> 
 <w id="w14.3.24">krvi</w> 
 <w id="w14.3.25">dodatno</w> 
 <w id="w14.3.26">znižala</w>
 <w id="w14.3.27">.</w>
</s></p>

<p id="15">
<s id="s15.1">
 <w id="w15.1.1">Kakšna</w> 
 <w id="w15.1.2">tveganja</w> 
 <w id="w15.1.3">so</w> 
 <w id="w15.1.4">povezana</w> 
 <w id="w15.1.5">z</w> 
 <w id="w15.1.6">zdravilom</w> 
 <w id="w15.1.7">Avandia</w>
 <w id="w15.1.8">?</w>
</s> 
 
<s id="s15.2">
 <w id="w15.2.1">Najpogostejši</w> 
 <w id="w15.2.2">neželeni</w> 
 <w id="w15.2.3">učinki</w> 
 <w id="w15.2.4">zdravila</w> 
 <w id="w15.2.5">Avandia</w> 
 <w id="w15.2.6">(</w>
 <w id="w15.2.7">opaženi</w> 
 <w id="w15.2.8">pri</w> 
 <w id="w15.2.9">1</w> 
 <w id="w15.2.10">do</w> 
 <w id="w15.2.11">10</w> 
 <w id="w15.2.12">bolnikih</w> 
 <w id="w15.2.13">izmed</w> 
 <w id="w15.2.14">100</w>
 <w id="w15.2.15">)</w> 
 <w id="w15.2.16">so</w> 
 <w id="w15.2.17">anemija</w> 
 <w id="w15.2.18">(</w>
 <w id="w15.2.19">nizko</w> 
 <w id="w15.2.20">število</w> 
 <w id="w15.2.21">rdečih</w> 
 <w id="w15.2.22">krvnih</w> 
 <w id="w15.2.23">celic</w>
 <w id="w15.2.24">)</w>
 <w id="w15.2.25">,</w> 
 <w id="w15.2.26">hiperholesterolemija</w> 
 <w id="w15.2.27">(</w>
 <w id="w15.2.28">visoke</w> 
 <w id="w15.2.29">ravni</w> 
 <w id="w15.2.30">holesterola</w> 
 <w id="w15.2.31">v</w> 
 <w id="w15.2.32">krvi</w>
 <w id="w15.2.33">)</w>
 <w id="w15.2.34">,</w> 
 <w id="w15.2.35">hipertrigliceridemija</w> 
 <w id="w15.2.36">(</w>
 <w id="w15.2.37">visoke</w> 
 <w id="w15.2.38">ravni</w> 
 <w id="w15.2.39">trigliceridov</w>
 <w id="w15.2.40">,</w> 
 <w id="w15.2.41">vrste</w> 
 <w id="w15.2.42">maščob</w>
 <w id="w15.2.43">,</w> 
 <w id="w15.2.44">v</w> 
 <w id="w15.2.45">krvi</w>
 <w id="w15.2.46">)</w>
 <w id="w15.2.47">,</w> 
 <w id="w15.2.48">hiperlipemija</w> 
 <w id="w15.2.49">(</w>
 <w id="w15.2.50">visoke</w> 
 <w id="w15.2.51">ravni</w> 
 <w id="w15.2.52">lipidov</w>
 <w id="w15.2.53">,</w> 
 <w id="w15.2.54">druge</w> 
 <w id="w15.2.55">vrste</w> 
 <w id="w15.2.56">maščob</w>
 <w id="w15.2.57">,</w> 
 <w id="w15.2.58">v</w> 
 <w id="w15.2.59">krvi</w>
 <w id="w15.2.60">)</w>
 <w id="w15.2.61">,</w> 
 <w id="w15.2.62">povečanje</w> 
 <w id="w15.2.63">telesne</w> 
 <w id="w15.2.64">mase</w>
 <w id="w15.2.65">,</w> 
 <w id="w15.2.66">povečan</w> 
 <w id="w15.2.67">tek</w>
 <w id="w15.2.68">,</w> 
 <w id="w15.2.69">srčna</w> 
 <w id="w15.2.70">ishemija</w> 
 <w id="w15.2.71">(</w>
 <w id="w15.2.72">zmanjšan</w> 
 <w id="w15.2.73">dotok</w> 
 <w id="w15.2.74">kisika</w> 
 <w id="w15.2.75">v</w> 
 <w id="w15.2.76">srčno</w> 
 <w id="w15.2.77">mišico</w>
 <w id="w15.2.78">)</w>
 <w id="w15.2.79">,</w> 
 <w id="w15.2.80">zaprtje</w>
 <w id="w15.2.81">,</w> 
 <w id="w15.2.82">zlomi</w> 
 <w id="w15.2.83">kosti</w>
 <w id="w15.2.84">,</w> 
 <w id="w15.2.85">hipoglikemija</w> 
 <w id="w15.2.86">(</w>
 <w id="w15.2.87">nizka</w> 
 <w id="w15.2.88">koncentracija</w> 
 <w id="w15.2.89">glukoze</w> 
 <w id="w15.2.90">v</w> 
 <w id="w15.2.91">krvi</w>
 <w id="w15.2.92">)</w>
 <w id="w15.2.93">,</w> 
 <w id="w15.2.94">in</w> 
 <w id="w15.2.95">edemi</w> 
 <w id="w15.2.96">(</w>
 <w id="w15.2.97">otekanje</w>
 <w id="w15.2.98">)</w>
 <w id="w15.2.99">.</w>
</s> 
 
<s id="s15.3">
 <w id="w15.3.1">Za</w> 
 <w id="w15.3.2">celoten</w> 
 <w id="w15.3.3">seznam</w> 
 <w id="w15.3.4">neželenih</w> 
 <w id="w15.3.5">učinkov</w>
 <w id="w15.3.6">,</w> 
 <w id="w15.3.7">o</w> 
 <w id="w15.3.8">katerih</w> 
 <w id="w15.3.9">so</w> 
 <w id="w15.3.10">poročali</w> 
 <w id="w15.3.11">pri</w> 
 <w id="w15.3.12">uporabi</w> 
 <w id="w15.3.13">zdravila</w> 
 <w id="w15.3.14">Avandia</w>
 <w id="w15.3.15">,</w> 
 <w id="w15.3.16">glejte</w> 
 <w id="w15.3.17">navodilo</w> 
 <w id="w15.3.18">za</w> 
 <w id="w15.3.19">uporabo</w>
 <w id="w15.3.20">.</w>
</s> 
 
<s id="s15.4">
 <w id="w15.4.1">Zdravila</w> 
 <w id="w15.4.2">Avandia</w> 
 <w id="w15.4.3">ne</w> 
 <w id="w15.4.4">smejo</w> 
 <w id="w15.4.5">uporabljati</w> 
 <w id="w15.4.6">osebe</w>
 <w id="w15.4.7">,</w> 
 <w id="w15.4.8">ki</w> 
 <w id="w15.4.9">utegnejo</w> 
 <w id="w15.4.10">biti</w> 
 <w id="w15.4.11">preobčutljive</w> 
 <w id="w15.4.12">za</w> 
 <w id="w15.4.13">(</w>
 <w id="w15.4.14">alergične</w> 
 <w id="w15.4.15">na</w>
 <w id="w15.4.16">)</w> 
 <w id="w15.4.17">rosiglitazon</w> 
 <w id="w15.4.18">ali</w> 
 <w id="w15.4.19">katero</w> 
 <w id="w15.4.20">koli</w> 
 <w id="w15.4.21">drugo</w> 
 <w id="w15.4.22">sestavino</w> 
 <w id="w15.4.23">zdravila</w>
 <w id="w15.4.24">.</w>
</s> 
 
<s id="s15.5">
 <w id="w15.5.1">Uporabljati</w> 
 <w id="w15.5.2">ga</w> 
 <w id="w15.5.3">ne</w> 
 <w id="w15.5.4">smejo</w> 
 <w id="w15.5.5">bolniki</w> 
 <w id="w15.5.6">s</w> 
 <w id="w15.5.7">srčnim</w> 
 <w id="w15.5.8">popuščanjem</w>
 <w id="w15.5.9">,</w> 
 <w id="w15.5.10">obolenji</w> 
 <w id="w15.5.11">jeter</w>
 <w id="w15.5.12">,</w> 
 <w id="w15.5.13">„</w>
 <w id="w15.5.14">akutnim</w> 
 <w id="w15.5.15">koronarnim</w> 
 <w id="w15.5.16">sindromom</w>
 <w id="w15.5.17">“</w>
 <w id="w15.5.18">,</w> 
 <w id="w15.5.19">kot</w> 
 <w id="w15.5.20">so</w> 
 <w id="w15.5.21">nestabilna</w> 
 <w id="w15.5.22">angina</w> 
 <w id="w15.5.23">pektoris</w> 
 <w id="w15.5.24">(</w>
 <w id="w15.5.25">huda</w> 
 <w id="w15.5.26">vrsta</w> 
 <w id="w15.5.27">bolečine</w> 
 <w id="w15.5.28">v</w> 
 <w id="w15.5.29">prsih</w>
 <w id="w15.5.30">,</w> 
 <w id="w15.5.31">katere</w> 
 <w id="w15.5.32">jakost</w> 
 <w id="w15.5.33">se</w> 
 <w id="w15.5.34">naglo</w> 
 <w id="w15.5.35">spreminja</w>
 <w id="w15.5.36">)</w> 
 <w id="w15.5.37">ali</w> 
 <w id="w15.5.38">določene</w> 
 <w id="w15.5.39">oblike</w> 
 <w id="w15.5.40">srčnega</w> 
 <w id="w15.5.41">napada</w>
 <w id="w15.5.42">,</w> 
 <w id="w15.5.43">ali</w> 
 <w id="w15.5.44">zapleti</w> 
 <w id="w15.5.45">sladkorne</w> 
 <w id="w15.5.46">bolezni</w> 
 <w id="w15.5.47">(</w>
 <w id="w15.5.48">diabetično</w> 
 <w id="w15.5.49">ketoacidozo</w> 
 <w id="w15.5.50">ali</w> 
 <w id="w15.5.51">diabetično</w> 
 <w id="w15.5.52">predkomo</w>
 <w id="w15.5.53">)</w>
 <w id="w15.5.54">.</w>
</s> 
 
<s id="s15.6">
 <w id="w15.6.1">Odmerke</w> 
 <w id="w15.6.2">zdravila</w> 
 <w id="w15.6.3">Avandia</w> 
 <w id="w15.6.4">bo</w> 
 <w id="w15.6.5">morda</w> 
 <w id="w15.6.6">treba</w> 
 <w id="w15.6.7">prilagoditi</w>
 <w id="w15.6.8">,</w> 
 <w id="w15.6.9">kadar</w> 
 <w id="w15.6.10">ga</w> 
 <w id="w15.6.11">uporabljamo</w> 
 <w id="w15.6.12">z</w> 
 <w id="w15.6.13">nekaterimi</w> 
 <w id="w15.6.14">drugimi</w> 
 <w id="w15.6.15">zdravili</w>
 <w id="w15.6.16">,</w> 
 <w id="w15.6.17">na</w> 
 <w id="w15.6.18">primer</w> 
 <w id="w15.6.19">gemfibrozilom</w> 
 <w id="w15.6.20">ali</w> 
 <w id="w15.6.21">rifampicinom</w>
 <w id="w15.6.22">.</w>
</s> 
 
<s id="s15.7">
 <w id="w15.7.1">Za</w> 
 <w id="w15.7.2">celoten</w> 
 <w id="w15.7.3">seznam</w> 
 <w id="w15.7.4">glejte</w> 
 <w id="w15.7.5">navodilo</w> 
 <w id="w15.7.6">za</w> 
 <w id="w15.7.7">uporabo</w>
 <w id="w15.7.8">.</w>
</s></p>

<p id="16">
<s id="s16.1">
 <w id="w16.1.1">Zakaj</w> 
 <w id="w16.1.2">je</w> 
 <w id="w16.1.3">bilo</w> 
 <w id="w16.1.4">zdravilo</w> 
 <w id="w16.1.5">Avandia</w> 
 <w id="w16.1.6">odobreno</w>
 <w id="w16.1.7">?</w>
</s> 
 
<s id="s16.2">
 <w id="w16.2.1">Odbor</w> 
 <w id="w16.2.2">za</w> 
 <w id="w16.2.3">zdravila</w> 
 <w id="w16.2.4">za</w> 
 <w id="w16.2.5">uporabo</w> 
 <w id="w16.2.6">v</w> 
 <w id="w16.2.7">humani</w> 
 <w id="w16.2.8">medicini</w> 
 <w id="w16.2.9">(</w>
 <w id="w16.2.10">CHMP</w>
 <w id="w16.2.11">)</w> 
 <w id="w16.2.12">je</w> 
 <w id="w16.2.13">odločil</w>
 <w id="w16.2.14">,</w> 
 <w id="w16.2.15">da</w> 
 <w id="w16.2.16">so</w> 
 <w id="w16.2.17">koristi</w> 
 <w id="w16.2.18">zdravila</w> 
 <w id="w16.2.19">Avandia</w> 
 <w id="w16.2.20">pri</w> 
 <w id="w16.2.21">zdravljenju</w> 
 <w id="w16.2.22">sladkorne</w> 
 <w id="w16.2.23">bolezni</w> 
 <w id="w16.2.24">tipa</w> 
 <w id="w16.2.25">2</w> 
 <w id="w16.2.26">večje</w> 
 <w id="w16.2.27">od</w> 
 <w id="w16.2.28">z</w> 
 <w id="w16.2.29">njim</w> 
 <w id="w16.2.30">povezanih</w> 
 <w id="w16.2.31">tveganj</w>
 <w id="w16.2.32">.</w>
</s> 
 
<s id="s16.3">
 <w id="w16.3.1">Zato</w> 
 <w id="w16.3.2">je</w> 
 <w id="w16.3.3">priporočil</w>
 <w id="w16.3.4">,</w> 
 <w id="w16.3.5">da</w> 
 <w id="w16.3.6">se</w> 
 <w id="w16.3.7">za</w> 
 <w id="w16.3.8">zdravilo</w> 
 <w id="w16.3.9">Avandia</w> 
 <w id="w16.3.10">odobri</w> 
 <w id="w16.3.11">dovoljenje</w> 
 <w id="w16.3.12">za</w> 
 <w id="w16.3.13">promet</w>
 <w id="w16.3.14">.</w>
</s></p>

<p id="17">
<s id="s17.1">
 <w id="w17.1.1">Druge</w> 
 <w id="w17.1.2">informacije</w> 
 <w id="w17.1.3">o</w> 
 <w id="w17.1.4">zdravilu</w> 
 <w id="w17.1.5">Avandia</w>
 <w id="w17.1.6">:</w>
</s> 
 
<s id="s17.2">
 <w id="w17.2.1">Evropska</w> 
 <w id="w17.2.2">komisija</w> 
 <w id="w17.2.3">je</w> 
 <w id="w17.2.4">dovoljenje</w> 
 <w id="w17.2.5">za</w> 
 <w id="w17.2.6">promet</w> 
 <w id="w17.2.7">z</w> 
 <w id="w17.2.8">zdravilom</w> 
 <w id="w17.2.9">Avandia</w>
 <w id="w17.2.10">,</w> 
 <w id="w17.2.11">veljavno</w> 
 <w id="w17.2.12">po</w> 
 <w id="w17.2.13">vsej</w> 
 <w id="w17.2.14">Evropski</w> 
 <w id="w17.2.15">uniji</w>
 <w id="w17.2.16">,</w> 
 <w id="w17.2.17">odobrila</w> 
 <w id="w17.2.18">družbi</w> 
 <w id="w17.2.19">SmithKline</w> 
 <w id="w17.2.20">Beecham</w> 
 <w id="w17.2.21">plc</w> 
 <w id="w17.2.22">dne</w> 
 <w id="w17.2.23">11</w>
 <w id="w17.2.24">.</w> 
 <w id="w17.2.25">julija</w> 
 <w id="w17.2.26">2000</w>
 <w id="w17.2.27">.</w>
</s> 
 
<s id="s17.3">
 <w id="w17.3.1">Dovoljenje</w> 
 <w id="w17.3.2">za</w> 
 <w id="w17.3.3">promet</w> 
 <w id="w17.3.4">z</w> 
 <w id="w17.3.5">zdravilom</w> 
 <w id="w17.3.6">je</w> 
 <w id="w17.3.7">bilo</w> 
 <w id="w17.3.8">podaljšano</w> 
 <w id="w17.3.9">dne</w> 
 <w id="w17.3.10">11</w>
 <w id="w17.3.11">.</w> 
 <w id="w17.3.12">julija</w> 
 <w id="w17.3.13">2005</w>
 <w id="w17.3.14">.</w>
</s></p>

<p id="18">
<s id="s18.1">
 <w id="w18.1.1">Celotno</w> 
 <w id="w18.1.2">evropsko</w> 
 <w id="w18.1.3">javno</w> 
 <w id="w18.1.4">poročilo</w> 
 <w id="w18.1.5">o</w> 
 <w id="w18.1.6">oceni</w> 
 <w id="w18.1.7">zdravila</w> 
 <w id="w18.1.8">(</w>
 <w id="w18.1.9">EPAR</w>
 <w id="w18.1.10">)</w> 
 <w id="w18.1.11">za</w> 
 <w id="w18.1.12">zdravilo</w> 
 <w id="w18.1.13">Avandia</w> 
 <w id="w18.1.14">je</w> 
 <w id="w18.1.15">na</w> 
 <w id="w18.1.16">voljo</w> 
 <w id="w18.1.17">tukaj</w>
 <w id="w18.1.18">.</w>
</s></p>

<p id="19">
<s id="s19.1">
 <w id="w19.1.1">Povzetek</w> 
 <w id="w19.1.2">je</w> 
 <w id="w19.1.3">bil</w> 
 <w id="w19.1.4">nazadnje</w> 
 <w id="w19.1.5">posodobljen</w> 
 <w id="w19.1.6">03-</w>
 <w id="w19.1.7">2008</w>
 <w id="w19.1.8">.</w>
</s></p>

<p id="20">
<s id="s20.1">
 <w id="w20.1.1">2/</w>
 <w id="w20.1.2">2</w>
</s></p></text>
