<?xml version="1.0" encoding="utf-8"?>
<letsmt version="1.0">
<head></head>
<body>
<s id="s1.1">ANNEX I</s>
<s id="s2.1">SUMMARY OF PRODUCT CHARACTERISTICS</s>
<s id="s3.1">1/ 18 1.</s>
<s id="s3.2">NAME OF THE VETERINARY MEDICINAL PRODUCT</s>
<s id="s4.1">Neocolipor suspension for injection</s>
<s id="s5.1">2.</s>
<s id="s5.2">QUALITATIVE AND QUANTITATIVE COMPOSITION</s>
<s id="s6.1">Active substances: per dose of 2 ml:</s>
<s id="s6.2">E. coli adhesin F4 (F4ab, F4ac, F4ad), at least … .2.1 SA. U* E. coli adhesin F5, at least……………………… 1.7 SA. U* E. coli adhesin F6, at least ……………………… 1.4 SA. U* E. coli adhesin F41, at least…………………… .1.7 SA. U*</s>
<s id="s7.1">*:</s>
<s id="s7.2">1 SA. U: quantity sufficient to obtain an agglutinating antibody titre of 1 log10 in the guinea pig.</s>
<s id="s7.3">Adjuvant:</s>
<s id="s7.4">Aluminium (as hydroxide)</s>
<s id="s8.1">1.4 mg</s>
<s id="s9.1">Excipients:</s>
<s id="s10.1">Thiomersal</s>
<s id="s11.1">0.2 mg</s>
<s id="s12.1">For a full list of excipients, see section 6.1.</s>
<s id="s13.1">3.</s>
<s id="s13.2">PHARMACEUTICAL FORM</s>
<s id="s14.1">Suspension for injection.</s>
<s id="s15.1">4.</s>
<s id="s15.2">CLINICAL PARTICULARS</s>
<s id="s16.1">4.1 Target species</s>
<s id="s17.1">Pigs (sows and gilts).</s>
<s id="s18.1">4.2 Indications for use specifying the target species</s>
<s id="s19.1">Reduction of neonatal enterotoxicosis of piglets, caused by E. coli strains, expressing the adhesins F4ab, F4ac, F4ad, F5, F6 and F41, during the first days of life.</s>
<s id="s20.1">4.3 Contraindications</s>
<s id="s21.1">None.</s>
<s id="s22.1">4.4 Special warnings</s>
<s id="s23.1">None.</s>
<s id="s24.1">4.5 Special precautions for use</s>
<s id="s25.1">Special precautions for use in animals</s>
<s id="s26.1">- Since the protection of piglets is ensured by colostrum intake, each piglet should ingest a</s>
<s id="s27.1">sufficient quantity of colostrum within 6 hours of birth.</s>
<s id="s28.1">- Vaccinate only healthy animals.</s>
<s id="s29.1">- Do not administer in conjunction with other medicinal products.</s>
<s id="s30.1">2/ 18 Special precautions to be taken by the person administering the veterinary medicinal product to animals</s>
<s id="s31.1">In the case of accidental self injection, seek medical advice immediately and show the package insert or label to a physician.</s>
<s id="s32.1">Wash and disinfect hands after use.</s>
<s id="s33.1">4.6 Adverse reactions (frequency and seriousness)</s>
<s id="s34.1">Vaccination may cause a slight hyperthermia (less than 1.5°C during a maximum period of 24 hours).</s>
<s id="s35.1">4.7 Use during pregnancy, lactation or lay</s>
<s id="s36.1">No special precautions.</s>
<s id="s37.1">4.8 Interaction with other medicinal products and other forms of interaction</s>
<s id="s38.1">No information is available on the compatibility of this vaccine with any other.</s>
<s id="s38.2">Therefore the safety and efficacy of this product when used with any other (either when used on the same day or at different times) has not been demonstrated</s>
<s id="s39.1">4.9 Amounts to be administered and administration route</s>
<s id="s40.1">Shake the vial vigorously before use.</s>
<s id="s40.2">Use sterile syringe and needles.</s>
<s id="s40.3">Administer using aseptic procedures.</s>
<s id="s41.1">One 2 ml dose intramuscularly in the neck in the area behind the ear, according to the following schedule:</s>
<s id="s42.1">Primary vaccination:</s>
<s id="s43.1">First injection:</s>
<s id="s43.2">Second injection:</s>
<s id="s44.1">5 to 7 weeks before farrowing 2 weeks before farrowing.</s>
<s id="s45.1">Revaccination:</s>
<s id="s46.1">1 injection 2 weeks before each subsequent farrowing.</s>
<s id="s47.1">4.10 Overdose (symptoms, emergency procedures, antidotes), if necessary</s>
<s id="s48.1">No undesirable effects have been observed after the administration of twice the recommended dosage.</s>
<s id="s49.1">4.11 Withdrawal period(s)</s>
<s id="s50.1">Zero days.</s>
<s id="s51.1">5.</s>
<s id="s51.2">IMMUNOLOGICAL PROPERTIES</s>
<s id="s52.1">ATC vet code:</s>
<s id="s53.1">QI09AB02</s>
<s id="s54.1">The vaccine contains the inactivated strains of E. coli expressing the adhesins F4ab, F4ac, F4ad, F5, F6 and F41, which cause neonatal enterotoxicosis in piglets, in aluminium hydroxide adjuvant.</s>
<s id="s54.2">In sows and gilts, the vaccine induces the specific seroconversion of vaccinated animals; piglets are passively immunised by intake of colostrum and milk containing adhesin-specific antibodies.</s>
<s id="s55.1">3/ 18 6.</s>
<s id="s55.2">PHARMACEUTICAL PARTICULARS</s>
<s id="s56.1">6.1 List of excipients</s>
<s id="s57.1">Thiomersal Aluminium hydroxide Sodium chloride</s>
<s id="s58.1">6.2 Incompatibilities</s>
<s id="s59.1">Do not mix with any other vaccine.</s>
<s id="s60.1">6.3 Shelf life</s>
<s id="s61.1">Shelf-life:</s>
<s id="s61.2">18 months at 2 - 8 °C.</s>
<s id="s61.3">Broached vial:</s>
<s id="s61.4">3 hours.</s>
<s id="s62.1">6.4 Special precautions for storage</s>
<s id="s63.1">Store and transport at 2°C - 8°C, protected from light.</s>
<s id="s63.2">Do not freeze.</s>
<s id="s64.1">6.5 Nature and composition of immediate packaging</s>
<s id="s65.1">Box of 5-dose 10 ml vial (glass type I vial with butyl rubber stopper).</s>
<s id="s65.2">Box of 10-dose 20 ml vial (glass type I vial with butyl rubber stopper).</s>
<s id="s65.3">Box of 25-dose 50 ml vial (glass type I vial with butyl rubber stopper).</s>
<s id="s65.4">Box of 50-dose 100 ml vial (glass type I vial with butyl rubber stopper).</s>
<s id="s66.1">Not all pack sizes may be marketed.</s>
<s id="s67.1">6.6 Special precautions for the disposal of unused veterinary medicinal product or waste materials derived from the use of such products</s>
<s id="s68.1">Any unused veterinary medicinal product or waste materials derived from such veterinary medicinal products should be disposed of in accordance with the local requirements</s>
<s id="s69.1">7.</s>
<s id="s69.2">MARKETING AUTHORISATION HOLDER</s>
<s id="s70.1">MERIAL 29 avenue Tony Garnier 69007 LYON FRANCE</s>
<s id="s71.1">8.</s>
<s id="s71.2">MARKETING AUTHORISATION NUMBER(S)</s>
<s id="s72.1">EU/ 2/ 98/ 008/ 001-004</s>
<s id="s73.1">9.</s>
<s id="s73.2">DATE OF FIRST RENEWAL OF THE AUTHORISATION</s>
<s id="s74.1">03/ 2008</s>
<s id="s75.1">4/ 18 10 DATE OF REVISION OF THE TEXT</s>
<s id="s76.1">03/ 2008</s>
<s id="s77.1">Detailed information on this veterinary medicinal product is available on the website of the European Medicines Agency (EMEA) http: / /www. emea. europa. eu/</s>
<s id="s78.1">PROHIBITION OF SALE, SUPPLY AND/ OR USE</s>
<s id="s79.1">Not applicable.</s>
<s id="s80.1">5/ 18 ANNEX II</s>
<s id="s81.1">A.</s>
<s id="s81.2">MANUFACTURER OF THE BIOLOGICAL ACTIVE SUBSTANCE AND MANUFACTURING AUTHORISATION HOLDER(S) RESPONSIBLE FOR BATCH RELEASE</s>
<s id="s82.1">B.</s>
<s id="s82.2">CONDITIONS OR RESTRICTIONS OF THE MARKETING AUTHORISATION REGARDING SUPPLY OR USE</s>
<s id="s83.1">C.</s>
<s id="s83.2">CONDITIONS OR RESTRICTIONS OF THE MARKETING AUTHORISATION WITH REGARD TO SAFE AND EFFECTIVE USE</s>
<s id="s84.1">D.</s>
<s id="s84.2">STATEMENT OF THE MRLs</s>
<s id="s85.1">6/ 18 A.</s>
<s id="s85.2">MANUFACTURER OF THE BIOLOGICAL ACTIVE SUBSTANCE AND MANUFACTURING AUTHORISATION HOLDER(S) RESPONSIBLE FOR BATCH RELEASE</s>
<s id="s86.1">Name and address of the manufacturer of the biological active substance</s>
<s id="s87.1">MERIAL Laboratoire de Toulouse 4 Chemin du Calquet 31300 TOULOUSE FRANCE</s>
<s id="s88.1">Manufacturer responsible for batch release</s>
<s id="s89.1">MERIAL Laboratoire Porte des Alpes Rue de l’ Aviation F-69800 SAINT PRIEST</s>
<s id="s90.1">FRANCE</s>
<s id="s91.1">Manufacturing authorisation issued by the French Ministère des Affaires Sociales, Ministère délégué à la Santé, and the Ministère de l’ Agriculture et de la Forêt on 31 March 1992.</s>
<s id="s92.1">B.</s>
<s id="s92.2">CONDITIONS OR RESTRICTIONS REGARDING SUPPLY AND USE</s>
<s id="s93.1">Veterinary medicinal product subject to prescription.</s>
<s id="s94.1">C.</s>
<s id="s94.2">PROHIBITION OF SALE, SUPPLY AND/ OR USE</s>
<s id="s95.1">Not applicable.</s>
<s id="s96.1">D.</s>
<s id="s96.2">STATEMENT OF THE MRLs WHICH ARE ACCEPTED IN ACCORDANCE WITH COUNCIL REGULATION (EEC) No 2377/ 90</s>
<s id="s97.1">Annex II of Council Regulation (EEC) No 2377/ 90</s>
<s id="s98.1">Pharmacologically substance(s)</s>
<s id="s99.1">active</s>
<s id="s100.1">Animal species</s>
<s id="s101.1">Other provisions</s>
<s id="s102.1">Aluminium hydroxide1</s>
<s id="s103.1">All food producing species</s>
<s id="s104.1">Thiomersal2</s>
<s id="s105.1">All food producing species</s>
<s id="s106.1">For use only as a preservative in multidose vaccines at concentration not exceeding 0.02%</s>
<s id="s107.1">a</s>
<s id="s108.1">Sodium hydroxide3 Sodium chloride4</s>
<s id="s109.1">All food producing species All food producing species</s>
<s id="s110.1">Hydrochloric acid5</s>
<s id="s111.1">All food producing species</s>
<s id="s112.1">For use as excipient</s>
<s id="s113.1">1 OJ No L 290 of 05.12.95 2 OJ No L 110 of 26.04.97 3 OJ No L 272 of 25.10.96 4 OJ No L 290 of 05.12.95 5 OJ No L 143 of 27.06.95</s>
<s id="s114.1">7/ 18 ANNEX III</s>
<s id="s115.1">LABELLING AND PACKAGE INSERT</s>
<s id="s116.1">8/ 18 A.</s>
<s id="s116.2">LABELLING</s>
<s id="s117.1">9/ 18 PARTICULARS TO APPEAR ON THE OUTER PACKAGE</s>
<s id="s118.1">1.</s>
<s id="s118.2">NAME OF THE VETERINARY MEDICINAL PRODUCT</s>
<s id="s119.1">Neocolipor suspension for injection</s>
<s id="s120.1">2.</s>
<s id="s120.2">STATEMENT OF ACTIVE AND OTHER SUBSTANCES</s>
<s id="s121.1">per dose of 2 ml:</s>
<s id="s121.2">E. coli adhesin F4 (F4ab, F4ac, F4ad), at least … .2.1 SA. U* E. coli adhesin F5, at least……………………… 1.7 SA. U* E. coli adhesin F6, at least ……………………… 1.4 SA. U* E. coli adhesin F41, at least…………………… .1.7 SA. U* … *:</s>
<s id="s121.3">1 SA. U: quantity sufficient to obtain an agglutinating antibody titre of 1 log10 in the guinea pig.</s>
<s id="s121.4">Adjuvant:</s>
<s id="s121.5">Aluminium (as hydroxide).............................................................................................................</s>
<s id="s121.6">1.4 mg</s>
<s id="s122.1">3.</s>
<s id="s122.2">PHARMACEUTICAL FORM</s>
<s id="s123.1">Suspension for injection</s>
<s id="s124.1">4.</s>
<s id="s124.2">PACKAGE SIZE</s>
<s id="s125.1">5 doses = 10 ml vial.</s>
<s id="s125.2">10 doses = 20 ml vial.</s>
<s id="s125.3">25 doses = 50 ml vial.</s>
<s id="s125.4">50 doses =100 ml vial.</s>
<s id="s126.1">5.</s>
<s id="s126.2">TARGET SPECIES</s>
<s id="s127.1">Pigs (sows and gilts)</s>
<s id="s128.1">6.</s>
<s id="s128.2">INDICATION(S)</s>
<s id="s129.1">Read the package leaflet before use.</s>
<s id="s130.1">7.</s>
<s id="s130.2">METHOD AND ROUTE(S) OF ADMINISTRATION</s>
<s id="s131.1">Intramuscular injection</s>
<s id="s132.1">8.</s>
<s id="s132.2">WITHDRAWAL PERIOD</s>
<s id="s133.1">Withdrawal period:</s>
<s id="s133.2">Zero days.</s>
<s id="s134.1">10/ 18 9.</s>
<s id="s134.2">SPECIAL WARNING(S), IF NECESSARY</s>
<s id="s135.1">Shake the vial vigorously prior to use.</s>
<s id="s136.1">10.</s>
<s id="s136.2">EXPIRY DATE</s>
<s id="s137.1">EXP</s>
<s id="s138.1">11.</s>
<s id="s138.2">SPECIAL STORAGE CONDITIONS</s>
<s id="s139.1">Store and transport between 2ºC and 8ºC, protected from light.</s>
<s id="s139.2">Do not freeze.</s>
<s id="s139.3">Shelf-life of broached vial:</s>
<s id="s139.4">3 hours.</s>
<s id="s140.1">12.</s>
<s id="s140.2">SPECIAL PRECAUTIONS FOR THE DISPOSAL OF UNUSED PRODUCTS OR WASTE MATERIALS, IF ANY</s>
<s id="s141.1">Read the package leaflet before use.</s>
<s id="s142.1">13.</s>
<s id="s142.2">THE WORDS “ FOR ANIMAL TREATMENT ONLY” AND CONDITIONS OR RESTRICTIONS REGARDING SUPPLY AND USE, if applicable</s>
<s id="s143.1">For animal treatment only - to be supplied only on veterinary prescription.</s>
<s id="s144.1">14.</s>
<s id="s144.2">THE WORDS “ KEEP OUT OF THE REACH AND SIGHT OF CHILDREN”</s>
<s id="s145.1">Keep out of the reach and sight of children.</s>
<s id="s146.1">15.</s>
<s id="s146.2">NAME AND ADDRESS OF THE MARKETING AUTHORISATION HOLDER</s>
<s id="s147.1">MERIAL 29 avenue Tony Garnier F-69007 LYON FRANCE</s>
<s id="s148.1">16.</s>
<s id="s148.2">MARKETING AUTHORISATION NUMBER(S)</s>
<s id="s149.1">EU/ 2/ 98/ 008/ 001 EU/ 2/ 98/ 008/ 002 EU/ 2/ 98/ 008/ 003 EU/ 2/ 98/ 008/ 004</s>
<s id="s150.1">10 ml vial.</s>
<s id="s150.2">20 ml vial.</s>
<s id="s150.3">50 ml vial.</s>
<s id="s150.4">100 ml vial.</s>
<s id="s151.1">17.</s>
<s id="s151.2">MANUFACTURER’ S BATCH NUMBER</s>
<s id="s152.1">Lot</s>
<s id="s153.1">11/ 18 MINIMUM PARTICULARS TO APPEAR ON SMALL IMMEDIATE PACKAGING UNITS</s>
<s id="s154.1">{NATURE/ TYPE}</s>
<s id="s155.1">1.</s>
<s id="s155.2">NAME OF THE VETERINARY MEDICINAL PRODUCT</s>
<s id="s156.1">Neocolipor Suspension for injection Pigs (sows and gilts)</s>
<s id="s157.1">2.</s>
<s id="s157.2">QUANTITY OF THE ACTIVE SUBSTANCE(S)</s>
<s id="s158.1">adhesins:</s>
<s id="s158.2">F4 (F4ab, F4ac, F4ad), F5, F6, F41 Aluminium adjuvant</s>
<s id="s159.1">3.</s>
<s id="s159.2">CONTENTS BY WEIGHT, BY VOLUME OR BY NUMBER OF DOSES</s>
<s id="s160.1">2 ml = 1 dose 5d 2 ml = 1 dose 10 d 2 ml = 1 dose 25 d</s>
<s id="s161.1">10 ml vial 20 ml vial 50 ml vial</s>
<s id="s162.1">4.</s>
<s id="s162.2">ROUTE(S) OF ADMINISTRATION</s>
<s id="s163.1">Intramuscular injection</s>
<s id="s164.1">5.</s>
<s id="s164.2">WITHDRAWAL PERIOD</s>
<s id="s165.1">6.</s>
<s id="s165.2">BATCH NUMBER</s>
<s id="s166.1">Lot</s>
<s id="s167.1">7.</s>
<s id="s167.2">EXPIRY DATE</s>
<s id="s168.1">EXP {month/ year} &gt;</s>
<s id="s169.1">8.</s>
<s id="s169.2">THE WORDS “ FOR ANIMAL TREATMENT ONLY”</s>
<s id="s170.1">For animal treatment only.</s>
<s id="s171.1">Read the package leaflet before use.</s>
<s id="s172.1">12/ 18 MINIMUM PARTICULARS TO APPEAR ON SMALL IMMEDIATE PACKAGING UNITS</s>
<s id="s173.1">{NATURE/ TYPE}</s>
<s id="s174.1">1.</s>
<s id="s174.2">NAME OF THE VETERINARY MEDICINAL PRODUCT</s>
<s id="s175.1">Neocolipor Suspension for injection Pigs (sows and gilts)</s>
<s id="s176.1">2.</s>
<s id="s176.2">QUANTITY OF THE ACTIVE SUBSTANCE(S)</s>
<s id="s177.1">per dose of 2 ml: adhesins: * F4 (F4ab, F4ac, F4ad), at least....................................................................................................</s>
<s id="s177.2">2.1 SA. U * F5, at least...................................................................................................................................</s>
<s id="s177.3">1.7 SA. U * F6, at least...................................................................................................................................</s>
<s id="s177.4">1.4 SA. U * F41, at least.................................................................................................................................</s>
<s id="s177.5">1.7 SA. U *:</s>
<s id="s177.6">1 SA. U: quantity sufficient to obtain an agglutinating antibody titre of 1 log10 in the guinea pig.</s>
<s id="s177.7">Adjuvant:</s>
<s id="s177.8">Aluminium (as hydroxide)................................................................................................................</s>
<s id="s177.9">1.4 mg</s>
<s id="s178.1">3.</s>
<s id="s178.2">CONTENTS BY WEIGHT, BY VOLUME OR BY NUMBER OF DOSES</s>
<s id="s179.1">50 dose</s>
<s id="s180.1">100 ml vial</s>
<s id="s181.1">4.</s>
<s id="s181.2">ROUTE(S) OF ADMINISTRATION</s>
<s id="s182.1">Intramuscular injection</s>
<s id="s183.1">5.</s>
<s id="s183.2">WITHDRAWAL PERIOD</s>
<s id="s184.1">6.</s>
<s id="s184.2">BATCH NUMBER</s>
<s id="s185.1">Lot</s>
<s id="s186.1">7.</s>
<s id="s186.2">EXPIRY DATE</s>
<s id="s187.1">EXP {month/ year} &gt;</s>
<s id="s188.1">13/ 18 8.</s>
<s id="s188.2">THE WORDS “ FOR ANIMAL TREATMENT ONLY”</s>
<s id="s189.1">For animal treatment only.</s>
<s id="s190.1">Shake vigorously prior to use Read the package leaflet before use.</s>
<s id="s191.1">14/ 18 B.</s>
<s id="s191.2">PACKAGE LEAFLET</s>
<s id="s192.1">15/ 18 PACKAGE LEAFLET Neocolipor</s>
<s id="s193.1">1.</s>
<s id="s193.2">NAME AND ADDRESS OF THE MARKETING AUTHORISATION HOLDER AND OF THE MANUFACTURING AUTHORISATION HOLDER RESPONSIBLE FOR BATCH RELEASE, IF DIFFERENT</s>
<s id="s194.1">MARKETING AUTHORISATION HOLDER MERIAL 29 avenue Tony Garnier 69007 LYON FRANCE</s>
<s id="s195.1">MANUFACTURER FOR THE BATCH RELEASE MERIAL Laboratoire Porte des Alpes Rue de l’ Aviation F-69800 SAINT PRIEST FRANCE</s>
<s id="s196.1">2.</s>
<s id="s196.2">NAME OF THE VETERINARY MEDICINAL PRODUCT</s>
<s id="s197.1">Neocolipor suspension for injection</s>
<s id="s198.1">3.</s>
<s id="s198.2">STATEMENT OF THE ACTIVE SUBSTANCE(S) AND OTHER INGREDIENT(S)</s>
<s id="s199.1">per dose of 2 ml:</s>
<s id="s199.2">E. coli adhesin F4 (F4ab, F4ac, F4ad), at least … .2.1 SA. U* E. coli adhesin F5, at least……………………… 1.7 SA. U* E. coli adhesin F6, at least ……………………… 1.4 SA. U* E. coli adhesin F41, at least…………………… .1.7 SA. U* *:</s>
<s id="s199.3">1 SA. U: quantity sufficient to obtain an agglutinating antibody titre of 1 log10 in the guinea pig.</s>
<s id="s199.4">Adjuvant:</s>
<s id="s199.5">Aluminium (as hydroxide).............................................................................................................</s>
<s id="s199.6">1.4 mg</s>
<s id="s200.1">4.</s>
<s id="s200.2">INDICATION(S)</s>
<s id="s201.1">Adjuvanted inactivated vaccine for the reduction of neonatal enterotoxicosis of piglets, caused by E. coli strains, expressing the adhesins F4ab, F4ac, F4ad, F5, F6 and F41.</s>
<s id="s202.1">5.</s>
<s id="s202.2">CONTRAINDICATIONS</s>
<s id="s203.1">None.</s>
<s id="s204.1">6.</s>
<s id="s204.2">ADVERSE REACTIONS</s>
<s id="s205.1">Vaccination may cause a slight hyperthermia (less than 1.5°C during a maximum period of 24 hours).</s>
<s id="s206.1">If you notice any serious effects or other effects not mentioned in this leaflet, please inform your veterinary surgeon.</s>
<s id="s207.1">16/ 18 7.</s>
<s id="s207.2">TARGET SPECIES</s>
<s id="s208.1">Pigs (sows and gilts)</s>
<s id="s209.1">8.</s>
<s id="s209.2">DOSAGE FOR EACH SPECIES, ROUTE(S) AND METHOD OF ADMINISTRATION</s>
<s id="s210.1">One 2 ml dose according to the following schedule:</s>
<s id="s211.1">Primary vaccination:</s>
<s id="s212.1">First injection:</s>
<s id="s212.2">Second injection:</s>
<s id="s212.3">Revaccination:</s>
<s id="s213.1">5 to 7 weeks before farrowing 2 weeks before farrowing.</s>
<s id="s214.1">1 injection 2 weeks before each subsequent farrowing.</s>
<s id="s215.1">9.</s>
<s id="s215.2">ADVICE ON CORRECT ADMINISTRATION</s>
<s id="s216.1">Intramuscular injection in the neck in the area behind the ear.</s>
<s id="s217.1">Shake the vial vigorously before use.</s>
<s id="s217.2">Use sterile syringe and needles.</s>
<s id="s217.3">Administer using aseptic procedures.</s>
<s id="s218.1">10.</s>
<s id="s218.2">WITHDRAWAL PERIOD</s>
<s id="s219.1">Zero days.</s>
<s id="s220.1">11.</s>
<s id="s220.2">SPECIAL STORAGE PRECAUTIONS</s>
<s id="s221.1">Store and transport at 2°C - 8°C, protected from light.</s>
<s id="s221.2">Do not freeze.</s>
<s id="s221.3">Shelf life of broached vial:</s>
<s id="s221.4">3 hours.</s>
<s id="s222.1">12.</s>
<s id="s222.2">SPECIAL WARNING(S)</s>
<s id="s223.1">- Since the protection of piglets is ensured by colostrum intake, each piglet should ingest a</s>
<s id="s224.1">sufficient quantity of colostrum within 6 hours of birth.</s>
<s id="s225.1">- Vaccinate only healthy animals.</s>
<s id="s226.1">- Do not administer in conjunction with other medicinal products.</s>
<s id="s227.1">No information is available on the compatibility of this vaccine with any other.</s>
<s id="s227.2">Therefore the safety and efficacy of this product when used with any other (either when used on the same day or at different times) has not been demonstrated</s>
<s id="s228.1">In the case of accidental self injection, seek medical advice immediately and show the package insert or label to a physician.</s>
<s id="s229.1">Wash and disinfect hands after use.</s>
<s id="s230.1">No undesirable effects have been observed after the administration of twice the recommended dosage.</s>
<s id="s231.1">Do not mix with any other vaccine.</s>
<s id="s232.1">17/ 18 13.</s>
<s id="s232.2">SPECIAL PRECAUTIONS FOR THE DISPOSAL OF UNUSED PRODUCT OR WASTE MATERIALS, IF ANY</s>
<s id="s233.1">Any unused veterinary medicinal product or waste materials derived from such veterinary medicinal products should be disposed of in accordance with the local requirements</s>
<s id="s234.1">14.</s>
<s id="s234.2">DATE ON WHICH THE PACKAGE LEAFLET WAS LAST APPROVED</s>
<s id="s235.1">03/ 2008</s>
<s id="s236.1">Detailed information on this product is available on the website of the European Medicines Agency (EMEA) http: / /www. emea. europa. eu/</s>
<s id="s237.1">15.</s>
<s id="s237.2">OTHER INFORMATION</s>
<s id="s238.1">The vaccine contains the inactivated strains of E. coli expressing the adhesins F4ab, F4ac, F4ad, F5, F6 and F41, which cause neonatal enterotoxicosis in piglets, in aluminium hydroxide adjuvant.</s>
<s id="s238.2">In sows and gilts, the vaccine induces the specific seroconversion of vaccinated animals; piglets are passively immunised by intake of colostrum and milk containing adhesin-specific antibodies.</s>
<s id="s239.1">Box of 5-dose 10 ml vial (glass type I vial with butyl rubber stopper).</s>
<s id="s239.2">Box of 10-dose 20 ml vial (glass type I vial with butyl rubber stopper).</s>
<s id="s239.3">Box of 25-dose 50 ml vial (glass type I vial with butyl rubber stopper).</s>
<s id="s239.4">Box of 50-dose 100 ml vial (glass type I vial with butyl rubber stopper).</s>
<s id="s239.5">Not all pack sizes may be marketed.</s>
<s id="s240.1">Veterinary medicinal product subject to prescription.</s>
<s id="s241.1">18/ 18</s>
</body>
</letsmt>
