<?xml version="1.0" encoding="utf-8"?>
<letsmt version="1.0">
<head></head>
<body>
<s id="s1.1">European Medicines Agency Veterinary Medicines</s>
<s id="s2.1">EMEA/ V/ C/ 126</s>
<s id="s3.1">EVROPSKO JAVNO POROČILO O OCENI ZDRAVILA (EPAR)</s>
<s id="s4.1">INGELVAC CIRCOFLEX</s>
<s id="s5.1">Povzetek EPAR za javnost</s>
<s id="s6.1">Ta dokument je povzetek Evropskega javnega poročila o oceni zdravila (EPAR).</s>
<s id="s6.2">Njegov namen je pojasniti, kako je Odbor za zdravila za uporabo v veterinarski medicini (CVMP) ocenil predloženo dokumentacijo, na podlagi česar je oblikoval priporočila glede uporabe zdravila.</s>
<s id="s6.3">Ta dokument ne more nadomestiti osebnega pogovora z veterinarjem.</s>
<s id="s6.4">Če potrebujete več informacij o zdravstvenem stanju ali zdravljenju vaše živali, se posvetujte z veterinarjem.</s>
<s id="s6.5">Če želite več informacij o podlagi za priporočila CVMP, preberite znanstveno razpravo (ki je prav tako del EPAR).</s>
<s id="s7.1">Kaj je zdravilo Ingelvac CircoFLEX?</s>
<s id="s7.2">Zdravilo Ingelvac CircoFLEX je cepivo za prašiče, ki je na voljo kot suspenzija za injiciranje.</s>
<s id="s7.3">Vsebuje beljakovino (antigen) prašičjega cirkovirusa tipa 2 (PCV2).</s>
<s id="s7.4">Cepivo ne vsebuje živega virusa PCV2, antigen pa se v živali ne more razmnoževati.</s>
<s id="s8.1">Za kaj se zdravilo Ingelvac CircoFLEX uporablja?</s>
<s id="s8.2">Zdravilo Ingelvac CircoFLEX se uporablja za cepljenje prašičev od dveh tednov starosti naprej proti okužbi s PCV2.</s>
<s id="s8.3">S tem se zmanjšajo število poginov, znaki bolezni, kot je zmanjšanje telesne mase, in poškodbe limfnega tkiva, ki so povezane s to boleznijo.</s>
<s id="s8.4">Cepivo lahko tudi zmanjša izločanje virusa iz nosu, raven virusa v krvi in limfnem tkivu ter trajanje okužbe krvi (viremija) z virusom.</s>
<s id="s8.5">Cepivo se daje z injiciranjem v mišico.</s>
<s id="s8.6">Zaščita proti PCV2 nastopi že drugi teden po injiciranju in traja najmanj 17 tednov.</s>
<s id="s9.1">Kako zdravilo Ingelvac CircoFLEX deluje?</s>
<s id="s9.2">Dokazano je, da prašičji cirkovirus tipa 2 (PCV2) povzroča številne klinične znake in sindrome pri prašičih, pri čemer nekatere povzroča kombinacija PCV2 in drugih povzročiteljev.</s>
<s id="s9.3">Okužbe, ki so povezane s PCV2, se kažejo s simptomi, kot so zmanjšanje telesne mase ali zastoj rasti, povečane bezgavke, oteženo dihanje, driska, bleda koža in zlatenica (rumeno obarvanje kože).</s>
<s id="s10.1">Zdravilo Ingelvac CircoFLEX je cepivo.</s>
<s id="s10.2">Cepiva delujejo tako, da imunski sistem (naravne obrambne mehanizme telesa) „ naučijo “ obrambe pred boleznijo.</s>
<s id="s10.3">Cepivo Ingelvac CircoFLEX vsebuje majhne količine beljakovine PCV2.</s>
<s id="s10.4">Ko prašiča cepimo, njegov imunski sistem prepozna beljakovino kot „ tujo “ in se nanjo odzove z aktiviranjem imunskega odziva.</s>
<s id="s10.5">Ob ponovni izpostavitvi virusom v prihodnosti bo imunski sistem reagiral proti virusu hitreje.</s>
<s id="s10.6">Ta aktivni imunski odziv bo pripomogel pri zaščiti prašiča pred boleznijo, ki jo povzroča ta virus.</s>
<s id="s11.1">Kako je bilo zdravilo Ingelvac CircoFLEX raziskano?</s>
<s id="s11.2">Zdravilo Ingelvac CircoFLEX so preučili v številnih preskušanjih, ki so vključevala različne pasme.</s>
<s id="s11.3">Te študije so bile opravljene v laboratoriju ter v tipičnih okoliščinah evropskega 7 Westferry Circus, Canary Wharf, London E14 4HB, UK Tel.</s>
<s id="s11.4">(44- 20) 74 18 84 00 Fax (44- 20) 74 18 84 16 E- mail: mail@ emea. europa. eu http: // www. emea. europa. eu ©EMEA European Medicines Agency, 2008.</s>
<s id="s11.5">Reproduction is authorised provided the source is acknowledged kmetijstva.</s>
<s id="s11.6">Glavno merilo učinkovitosti je bila hitrost pridobivanja telesne mase pri cepljenih prašičih, vendar so v študijah preverjali tudi druge parametre, vključno s simptomi, ravnijo PCV2 v krvi in številom živali, ki zaostajajo v rasti.</s>
<s id="s12.1">Kakšne koristi je zdravilo Ingelvac CircoFLEX izkazalo med raziskavami?</s>
<s id="s12.2">V preskušanjih so ugotovili, da je cepljenje prašičev s cepivom Ingelvac CircoFLEX zmanjšalo izgubo telesne mase pri pujskih.</s>
<s id="s12.3">Cepljenje je zmanjšalo tudi ravni PCV2 v krvi, simptome okužbe s PCV2, število živali, ki zaostajajo v rasti, ter stopnjo pogina.</s>
<s id="s13.1">Kakšna tveganja so povezana z zdravilom Ingelvac CircoFLEX?</s>
<s id="s13.2">Cepivo Ingelvac CircoFLEX lahko povzroči blago, začasno zvišanje telesne temperature, ponavadi na dan cepljenja.</s>
<s id="s14.1">Kakšne previdnostne ukrepe mora upoštevati oseba, ki daje zdravilo ali pride v stik z živaljo?</s>
<s id="s14.2">Osebi, ki daje cepivo Ingelvac CircoFLEX ali pride v stik z živaljo, ni treba upoštevati posebnih previdnostnih ukrepov.</s>
<s id="s15.1">Koliko časa mora preteči, preden se lahko žival zakolje in meso porabi za prehrano ljudi (obdobje karence)?</s>
<s id="s15.2">Obdobje karence zdravila je 0 dni.</s>
<s id="s16.1">Zakaj je bilo zdravilo Ingelvac CircoFLEX odobreno?</s>
<s id="s16.2">Odbor za zdravila za uporabo v veterinarski medicini (CVMP) meni, da so koristi zdravila Ingelvac CircoFLEX za aktivno imunizacijo prašičev, starejših od dveh tednov, proti PCV2 večji od z njim povezanih tveganj, in priporoča odobritev dovoljenja za promet z zdravilom Ingelvac CircoFLEX.</s>
<s id="s16.3">Razmerje med koristmi in tveganji je v modulu 6 tega evropskega javnega poročila o oceni zdravila (EPAR).</s>
<s id="s17.1">Druge informacije o zdravilu Ingelvac CircoFLEX:</s>
<s id="s17.2">Evropska komisija je dovoljenje za promet z zdravilom Ingelvac CircoFLEX, veljavno po vsej Evropski uniji, odobrila družbi Boehringer Ingelheim Vetmedica GmbH dne 13. februarja 2008.</s>
<s id="s17.3">Podatki o predpisovanju tega zdravila so navedeni na zunanji ovojnini.</s>
<s id="s18.1">Ta povzetek je bil nazadnje posodobljen 13. februarja 2008.</s>
<s id="s19.1">©EMEA 2008</s>
<s id="s20.1">2/ 2</s>
</body>
</letsmt>
