<?xml version="1.0" encoding="utf-8"?>
<letsmt version="1.0">
<head></head>
<body>
<s id="s1.1">European Medicines Agency Veterinary Medicines</s>
<s id="s2.1">EMEA/ V/ C/ 135</s>
<s id="s3.1">EVROPSKO JAVNO POROČILO O OCENI ZDRAVILA (EPAR)</s>
<s id="s4.1">PORCILIS PCV</s>
<s id="s5.1">Povzetek EPAR za javnost</s>
<s id="s6.1">Ta dokument je povzetek evropskega javnega poročila o oceni zdravila (EPAR).</s>
<s id="s6.2">Njegov namen je pojasniti, kako je Odbor za zdravila za uporabo v veterinarski medicini (CVMP) ocenil predloženo dokumentacijo, na podlagi katere je oblikoval priporočila glede uporabe zdravila.</s>
<s id="s6.3">Ta dokument ne more nadomestiti osebnega pogovora z veterinarjem.</s>
<s id="s6.4">Če potrebujete več informacij o zdravstvenem stanju ali zdravljenju svoje živali, se posvetujte z veterinarjem.</s>
<s id="s6.5">Če želite več informacij, ki temeljijo na priporočilih CVMP, preberite znanstveno razpravo (ki je prav tako del EPAR).</s>
<s id="s7.1">Kaj je zdravilo Porcilis PCV?</s>
<s id="s7.2">Zdravilo Porcilis PCV je cepivo za uporabo pri prašičih in je na voljo v obliki emulzije za injiciranje.</s>
<s id="s7.3">Vsebuje beljakovino (antigen) iz cirkovirusa prašičev tipa 2 (PCV2).</s>
<s id="s7.4">Cepivo ne vsebuje živega virusa PCV2.</s>
<s id="s8.1">Za kaj se zdravilo Porcilis PCV uporablja?</s>
<s id="s8.2">Zdravilo Porcilis PCV se uporablja za cepljenje prašičev, starejših od treh dni, proti okužbi z virusom PCV2.</s>
<s id="s8.3">S tem pomagamo zmanjšati količino virusov v krvi živali in njenih limfnih tkivih ter zmanjšati hujšanje pri okužbi s PCV2 v obdobju pitanja.</s>
<s id="s8.4">Cepivo se injicira v vratno mišico v predelu za ušesom.</s>
<s id="s8.5">Zaščita proti virusu PCV2 začne delovati dva tedna po injiciranju in traja 22 tednov.</s>
<s id="s9.1">Kako zdravilo Porcilis PCV deluje?</s>
<s id="s9.2">Znano je, da cirkovirus prašičev tipa 2 (PCV2) povzroča najrazličnejše sindrome pri prašičih, ki so skupaj znani kot bolezni, povezane s cirkovirusom prašičev tipa 2 (PCVD).</s>
<s id="s9.3">Splošno sprejeto dejstvo je, da je okužba z virusom PCV2 ključna, vendar sama ne zadostuje za povzročitev bolezni.</s>
<s id="s9.4">Okužbe, povezane z virusom PCV2, lahko vključujejo klinične znake, kot so hujšanje ali zavrta rast, povečane bezgavke, težave z dihanjem, driska, bledost in zlatenica (rumeno obarvanje kože).</s>
<s id="s10.1">Zdravilo Porcilis PCV je cepivo.</s>
<s id="s10.2">Cepiva delujejo tako, da imunski sistem (naravne obrambne mehanizme telesa) „ učijo “, kako naj se brani pred boleznijo.</s>
<s id="s10.3">Zdravilo Porcilis PCV vsebuje majhno količino beljakovin iz virusa PCV2.</s>
<s id="s10.4">Ko prašiča cepimo, njegov imunski sistem prepozna beljakovino kot „ tujo “ in se nanjo odzove z aktiviranjem imunskega odziva.</s>
<s id="s10.5">Zaradi tega se lahko imunski sistem pri izpostavitvi virusu hitreje odzove.</s>
<s id="s10.6">Ta aktivni imunski odziv pomaga zaščititi prašiče proti bolezni, ki jo povzroča ta virus.</s>
<s id="s11.1">Kako je bilo zdravilo Porcilis PCV raziskano?</s>
<s id="s11.2">Zdravilo Porcilis PCV so raziskovali pri prašičih v več preskušanjih.</s>
<s id="s11.3">Te študije so izvedli pod laboratorijskimi pogoji ter tipičnimi pogoji reje, ki predstavljajo različne sisteme za rejo prašičev.</s>
<s id="s11.4">Merila učinkovitosti, ki so jih opazovali, so bila povečanje telesne mase, smrtnost ter 7 Westferry Circus, Canary Wharf, London E14 4HB, UK Tel.</s>
<s id="s11.5">(44- 20) 74 18 84 00 Fax (44- 20) 74 18 84 47 E- mail: mail@ emea. europa. eu http: // www. emea. europa. eu ©EMEA European Medicines Agency, 2009.</s>
<s id="s11.6">Reproduction is authorised provided the source is acknowledged izločanje virusa z iztrebki in skozi nos.</s>
<s id="s11.7">Imunski odziv na cepljenje so spremljali z določanjem titrov protiteles pri cepljenih živalih.</s>
<s id="s12.1">Kakšne koristi je zdravilo Porcilis PCV izkazalo med študijami?</s>
<s id="s12.2">Preskušanja so pokazala, da cepljenje prašičev z zdravilom Porcilis PCV pomaga zmanjšati količino virusov v krvi živali in njenih limfnih tkivih ter zmanjšati hujšanje pri okužbi s PCV2 v obdobju pitanja.</s>
<s id="s13.1">Kakšna tveganja so povezana z zdravilom Porcilis PCV?</s>
<s id="s13.2">Pri prašičih se lahko po cepljenju na mestu injiciranja pojavijo prehodne lokalne reakcije, večinoma v obliki trdne, tople in včasih boleče otekline (premera do 10 cm).</s>
<s id="s13.3">Te reakcije po približno 14 do 21 dneh minejo brez večjih posledic za splošno zdravstveno stanje živali.</s>
<s id="s13.4">Po cepljenju se lahko pojavijo takojšnje sistemske, preobčutljivostnim podobne reakcije z blagimi nevrološkimi simptomi v obliki tremorja in/ ali razdraženosti, ki običajno minejo v nekaj minutah brez zdravljenja.</s>
<s id="s13.5">Do dva dni po cepljenju se lahko prehodno, običajno ne za več kot 1 °C, poveča telesna temperatura.</s>
<s id="s13.6">Občasno se lahko za do 2, 5 °C poveča rektalna temperatura, kar traja manj kot 24 ur.</s>
<s id="s13.7">Pri nekaterih pujskih se lahko pojavi pobitost in pojedo manj krme, kar lahko traja do 5 dni.</s>
<s id="s13.8">Zaradi cepljenja se lahko v obdobju po dajanju cepiva prehodno zmanjša rast.</s>
<s id="s14.1">Kakšne previdnostne ukrepe mora upoštevati oseba, ki daje zdravilo ali pride v stik z živaljo?</s>
<s id="s14.2">Zdravilo Porcilis PCV vsebuje mineralno olje.</s>
<s id="s14.3">Nenamerno injiciranje/ samoinjiciranje lahko povzroči hude bolečine in otekline, zlasti ob injiciranju v sklep ali prst, in lahko v izjemnih primerih, če ni zagotovljena takojšnja zdravniška oskrba, pripelje do izgube prizadetega prsta.</s>
<s id="s14.4">Če vam je bilo to zdravilo nenamerno injicirano, se takoj posvetujte z zdravnikom, čeprav je bila injicirana le majhna količina, in mu pokažite navodilo za uporabo.</s>
<s id="s14.5">Če bolečina ne popusti po 12 urah po zdravniškem pregledu, se ponovno posvetujte z zdravnikom.</s>
<s id="s15.1">Koliko časa mora preteči, preden se lahko žival zakolje in meso uporabi za prehrano ljudi (obdobje karence)?</s>
<s id="s15.2">Obdobje karence je nič dni.</s>
<s id="s16.1">Zakaj je bilo zdravilo Porcilis PCV odobreno?</s>
<s id="s16.2">Odbor za zdravila za uporabo v veterinarski medicini (CVMP) je zaključil, da so koristi zdravila Porcilis PCV za aktivno imunizacijo prašičev, starejših od treh dni, pred virusom PCV2, večje od z njim povezanih tveganj, in priporočil, da se za zdravilo Porcilis PCV odobri dovoljenje za promet.</s>
<s id="s16.3">Razmerje med koristmi in tveganji najdete v modulu 6 tega evropskega javnega poročila o oceni zdravila (EPAR).</s>
<s id="s17.1">Druge informacije o zdravilu Porcilis PCV:</s>
<s id="s17.2">Evropska komisija je dovoljenje za promet z zdravilom Porcilis PCV, veljavno po vsej Evropski uniji, odobrila družbi Intervet International BV dne 12. januarja 2009.</s>
<s id="s17.3">Podatki o predpisovanju tega zdravila so navedeni na zunanji ovojnini.</s>
<s id="s18.1">Povzetek je bil nazadnje posodobljen 01- 2009.</s>
<s id="s19.1">©EMEA 2009</s>
<s id="s20.1">2/ 2</s>
</body>
</letsmt>
