<?xml version="1.0" encoding="utf-8"?>
<text>
<p id="1">
<s id="s1.1">
 <w id="w1.1.1">European</w> 
 <w id="w1.1.2">Medicines</w> 
 <w id="w1.1.3">Agency</w>
</s></p>

<p id="2">
<s id="s2.1">
 <w id="w2.1.1">EMEA/</w>
 <w id="w2.1.2">H/</w>
 <w id="w2.1.3">C/</w>
 <w id="w2.1.4">102</w>
</s></p>

<p id="3">
<s id="s3.1">
 <w id="w3.1.1">EVROPSKO</w> 
 <w id="w3.1.2">JAVNO</w> 
 <w id="w3.1.3">POROČILO</w> 
 <w id="w3.1.4">O</w> 
 <w id="w3.1.5">OCENI</w> 
 <w id="w3.1.6">ZDRAVILA</w> 
 <w id="w3.1.7">(</w>
 <w id="w3.1.8">EPAR</w>
 <w id="w3.1.9">)</w>
</s></p>

<p id="4">
<s id="s4.1">
 <w id="w4.1.1">AVONEX</w>
</s></p>

<p id="5">
<s id="s5.1">
 <w id="w5.1.1">Povzetek</w> 
 <w id="w5.1.2">EPAR</w> 
 <w id="w5.1.3">za</w> 
 <w id="w5.1.4">javnost</w>
</s></p>

<p id="6">
<s id="s6.1">
 <w id="w6.1.1">Ta</w> 
 <w id="w6.1.2">dokument</w> 
 <w id="w6.1.3">je</w> 
 <w id="w6.1.4">povzetek</w> 
 <w id="w6.1.5">evropskega</w> 
 <w id="w6.1.6">javnega</w> 
 <w id="w6.1.7">poročila</w> 
 <w id="w6.1.8">o</w> 
 <w id="w6.1.9">oceni</w> 
 <w id="w6.1.10">zdravila</w> 
 <w id="w6.1.11">(</w>
 <w id="w6.1.12">EPAR</w>
 <w id="w6.1.13">)</w>
 <w id="w6.1.14">.</w>
</s> 
 
<s id="s6.2">
 <w id="w6.2.1">Pojasnjuje</w>
 <w id="w6.2.2">,</w> 
 <w id="w6.2.3">kako</w> 
 <w id="w6.2.4">je</w> 
 <w id="w6.2.5">Odbor</w> 
 <w id="w6.2.6">za</w> 
 <w id="w6.2.7">zdravila</w> 
 <w id="w6.2.8">za</w> 
 <w id="w6.2.9">uporabo</w> 
 <w id="w6.2.10">v</w> 
 <w id="w6.2.11">humani</w> 
 <w id="w6.2.12">medicini</w> 
 <w id="w6.2.13">(</w>
 <w id="w6.2.14">CHMP</w>
 <w id="w6.2.15">)</w> 
 <w id="w6.2.16">ocenil</w> 
 <w id="w6.2.17">opravljene</w> 
 <w id="w6.2.18">študije</w>
 <w id="w6.2.19">,</w> 
 <w id="w6.2.20">na</w> 
 <w id="w6.2.21">podlagi</w> 
 <w id="w6.2.22">katerih</w> 
 <w id="w6.2.23">je</w> 
 <w id="w6.2.24">oblikoval</w> 
 <w id="w6.2.25">priporočila</w> 
 <w id="w6.2.26">glede</w> 
 <w id="w6.2.27">uporabe</w> 
 <w id="w6.2.28">zdravila</w>
 <w id="w6.2.29">.</w>
</s> 
 
<s id="s6.3">
 <w id="w6.3.1">Če</w> 
 <w id="w6.3.2">potrebujete</w> 
 <w id="w6.3.3">več</w> 
 <w id="w6.3.4">informacij</w> 
 <w id="w6.3.5">o</w> 
 <w id="w6.3.6">svojem</w> 
 <w id="w6.3.7">zdravstvenem</w> 
 <w id="w6.3.8">stanju</w> 
 <w id="w6.3.9">ali</w> 
 <w id="w6.3.10">zdravljenju</w>
 <w id="w6.3.11">,</w> 
 <w id="w6.3.12">preberite</w> 
 <w id="w6.3.13">navodilo</w> 
 <w id="w6.3.14">za</w> 
 <w id="w6.3.15">uporabo</w> 
 <w id="w6.3.16">(</w>
 <w id="w6.3.17">ki</w> 
 <w id="w6.3.18">je</w> 
 <w id="w6.3.19">prav</w> 
 <w id="w6.3.20">tako</w> 
 <w id="w6.3.21">del</w> 
 <w id="w6.3.22">EPAR</w>
 <w id="w6.3.23">)</w> 
 <w id="w6.3.24">ali</w> 
 <w id="w6.3.25">se</w> 
 <w id="w6.3.26">posvetujte</w> 
 <w id="w6.3.27">s</w> 
 <w id="w6.3.28">svojim</w> 
 <w id="w6.3.29">zdravnikom</w> 
 <w id="w6.3.30">ali</w> 
 <w id="w6.3.31">farmacevtom</w>
 <w id="w6.3.32">.</w>
</s> 
 
<s id="s6.4">
 <w id="w6.4.1">Če</w> 
 <w id="w6.4.2">želite</w> 
 <w id="w6.4.3">več</w> 
 <w id="w6.4.4">informacij</w>
 <w id="w6.4.5">,</w> 
 <w id="w6.4.6">ki</w> 
 <w id="w6.4.7">temeljijo</w> 
 <w id="w6.4.8">na</w> 
 <w id="w6.4.9">priporočilih</w> 
 <w id="w6.4.10">CHMP</w>
 <w id="w6.4.11">,</w> 
 <w id="w6.4.12">preberite</w> 
 <w id="w6.4.13">znanstveno</w> 
 <w id="w6.4.14">razpravo</w> 
 <w id="w6.4.15">(</w>
 <w id="w6.4.16">ki</w> 
 <w id="w6.4.17">je</w> 
 <w id="w6.4.18">prav</w> 
 <w id="w6.4.19">tako</w> 
 <w id="w6.4.20">del</w> 
 <w id="w6.4.21">EPAR</w>
 <w id="w6.4.22">)</w>
 <w id="w6.4.23">.</w>
</s></p>

<p id="7">
<s id="s7.1">
 <w id="w7.1.1">Kaj</w> 
 <w id="w7.1.2">je</w> 
 <w id="w7.1.3">zdravilo</w> 
 <w id="w7.1.4">Avonex</w>
 <w id="w7.1.5">?</w>
</s> 
 
<s id="s7.2">
 <w id="w7.2.1">Zdravilo</w> 
 <w id="w7.2.2">Avonex</w> 
 <w id="w7.2.3">obsega</w> 
 <w id="w7.2.4">prašek</w> 
 <w id="w7.2.5">in</w> 
 <w id="w7.2.6">vehikel</w> 
 <w id="w7.2.7">v</w> 
 <w id="w7.2.8">viali</w>
 <w id="w7.2.9">,</w> 
 <w id="w7.2.10">ki</w> 
 <w id="w7.2.11">se</w> 
 <w id="w7.2.12">zmešata</w> 
 <w id="w7.2.13">v</w> 
 <w id="w7.2.14">raztopino</w> 
 <w id="w7.2.15">za</w> 
 <w id="w7.2.16">injiciranje</w>
 <w id="w7.2.17">,</w> 
 <w id="w7.2.18">in</w> 
 <w id="w7.2.19">raztopino</w> 
 <w id="w7.2.20">za</w> 
 <w id="w7.2.21">injiciranje</w> 
 <w id="w7.2.22">v</w> 
 <w id="w7.2.23">predhodno</w> 
 <w id="w7.2.24">napolnjeni</w> 
 <w id="w7.2.25">brizgi</w>
 <w id="w7.2.26">.</w>
</s> 
 
<s id="s7.3">
 <w id="w7.3.1">Vsaka</w> 
 <w id="w7.3.2">viala</w> 
 <w id="w7.3.3">in</w> 
 <w id="w7.3.4">vsaka</w> 
 <w id="w7.3.5">napolnjena</w> 
 <w id="w7.3.6">brizga</w> 
 <w id="w7.3.7">vsebuje</w> 
 <w id="w7.3.8">30</w> 
 <w id="w7.3.9">mikrogramov</w> 
 <w id="w7.3.10">(</w>
 <w id="w7.3.11">6</w> 
 <w id="w7.3.12">milijonov</w> 
 <w id="w7.3.13">mednarodnih</w> 
 <w id="w7.3.14">enot</w> 
 <w id="w7.3.15">ali</w> 
 <w id="w7.3.16">i.</w>
 <w id="w7.3.17">e</w>
 <w id="w7.3.18">.</w>
 <w id="w7.3.19">)</w> 
 <w id="w7.3.20">zdravilne</w> 
 <w id="w7.3.21">učinkovine</w> 
 <w id="w7.3.22">interferon</w> 
 <w id="w7.3.23">beta-</w>
 <w id="w7.3.24">1a</w>
 <w id="w7.3.25">.</w>
</s></p>

<p id="8">
<s id="s8.1">
 <w id="w8.1.1">Za</w> 
 <w id="w8.1.2">kaj</w> 
 <w id="w8.1.3">se</w> 
 <w id="w8.1.4">zdravilo</w> 
 <w id="w8.1.5">Avonex</w> 
 <w id="w8.1.6">uporablja</w>
 <w id="w8.1.7">?</w>
</s> 
 
<s id="s8.2">
 <w id="w8.2.1">Zdravilo</w> 
 <w id="w8.2.2">Avonex</w> 
 <w id="w8.2.3">se</w> 
 <w id="w8.2.4">uporablja</w> 
 <w id="w8.2.5">za</w> 
 <w id="w8.2.6">zdravljenje</w>
 <w id="w8.2.7">:</w> 
 <w id="w8.2.8">•</w> 
 <w id="w8.2.9">bolnikov</w> 
 <w id="w8.2.10">s</w> 
 <w id="w8.2.11">ponavljajočo</w> 
 <w id="w8.2.12">se</w> 
 <w id="w8.2.13">multiplo</w> 
 <w id="w8.2.14">sklerozo</w> 
 <w id="w8.2.15">(</w>
 <w id="w8.2.16">MS</w>
 <w id="w8.2.17">)</w>
 <w id="w8.2.18">.</w>
</s> 
 
<s id="s8.3">
 <w id="w8.3.1">Gre</w> 
 <w id="w8.3.2">za</w> 
 <w id="w8.3.3">vrsto</w> 
 <w id="w8.3.4">multiple</w> 
 <w id="w8.3.5">skleroze</w>
 <w id="w8.3.6">,</w> 
 <w id="w8.3.7">pri</w> 
 <w id="w8.3.8">kateri</w> 
 <w id="w8.3.9">se</w>    
 <w id="w8.3.10">ponovni</w> 
 <w id="w8.3.11">napadi</w> 
 <w id="w8.3.12">(</w>
 <w id="w8.3.13">relapsi</w>
 <w id="w8.3.14">)</w> 
 <w id="w8.3.15">pri</w> 
 <w id="w8.3.16">bolniku</w> 
 <w id="w8.3.17">pojavljajo</w> 
 <w id="w8.3.18">med</w> 
 <w id="w8.3.19">obdobji</w> 
 <w id="w8.3.20">brez</w> 
 <w id="w8.3.21">simptomov</w>
 <w id="w8.3.22">.</w>
</s> 
 
<s id="s8.4">
 <w id="w8.4.1">Zdravilo</w> 
 <w id="w8.4.2">Avonex</w>    
 <w id="w8.4.3">upočasnjuje</w> 
 <w id="w8.4.4">napredovanje</w> 
 <w id="w8.4.5">prizadetosti</w> 
 <w id="w8.4.6">in</w> 
 <w id="w8.4.7">zmanjšuje</w> 
 <w id="w8.4.8">pogostost</w> 
 <w id="w8.4.9">relapsov</w>
 <w id="w8.4.10">;</w> 
 <w id="w8.4.11">•</w> 
 <w id="w8.4.12">bolnikov</w>
 <w id="w8.4.13">,</w> 
 <w id="w8.4.14">ki</w> 
 <w id="w8.4.15">so</w> 
 <w id="w8.4.16">prvikrat</w> 
 <w id="w8.4.17">doživeli</w> 
 <w id="w8.4.18">znake</w> 
 <w id="w8.4.19">MS</w>
 <w id="w8.4.20">,</w> 
 <w id="w8.4.21">so</w> 
 <w id="w8.4.22">pa</w> 
 <w id="w8.4.23">ti</w> 
 <w id="w8.4.24">dovolj</w> 
 <w id="w8.4.25">resni</w>
 <w id="w8.4.26">,</w> 
 <w id="w8.4.27">da</w> 
 <w id="w8.4.28">upravičujejo</w> 
 <w id="w8.4.29">zdravljenje</w> 
 <w id="w8.4.30">z</w>    
 <w id="w8.4.31">injiciranjem</w> 
 <w id="w8.4.32">kortikosteroidov</w> 
 <w id="w8.4.33">(</w>
 <w id="w8.4.34">protivnetnih</w> 
 <w id="w8.4.35">zdravil</w>
 <w id="w8.4.36">)</w>
 <w id="w8.4.37">.</w>
</s> 
 
<s id="s8.5">
 <w id="w8.5.1">Uporablja</w> 
 <w id="w8.5.2">se</w> 
 <w id="w8.5.3">pri</w> 
 <w id="w8.5.4">bolnikih</w>
 <w id="w8.5.5">,</w> 
 <w id="w8.5.6">ki</w> 
 <w id="w8.5.7">jim</w> 
 <w id="w8.5.8">grozi</w> 
 <w id="w8.5.9">veliko</w>    
 <w id="w8.5.10">tveganje</w> 
 <w id="w8.5.11">za</w> 
 <w id="w8.5.12">razvoj</w> 
 <w id="w8.5.13">MS</w>
 <w id="w8.5.14">.</w>
</s> 
 
<s id="s8.6">
 <w id="w8.6.1">Pred</w> 
 <w id="w8.6.2">samo</w> 
 <w id="w8.6.3">uporabo</w> 
 <w id="w8.6.4">zdravila</w> 
 <w id="w8.6.5">Avonex</w> 
 <w id="w8.6.6">morajo</w> 
 <w id="w8.6.7">zdravniki</w> 
 <w id="w8.6.8">izključiti</w> 
 <w id="w8.6.9">druge</w>    
 <w id="w8.6.10">možne</w> 
 <w id="w8.6.11">vzroke</w> 
 <w id="w8.6.12">simptomov</w>
 <w id="w8.6.13">.</w>
</s> 
 
<s id="s8.7">
 <w id="w8.7.1">Zdravilo</w> 
 <w id="w8.7.2">Avonex</w> 
 <w id="w8.7.3">se</w> 
 <w id="w8.7.4">uporablja</w> 
 <w id="w8.7.5">pri</w> 
 <w id="w8.7.6">bolnikih</w>
 <w id="w8.7.7">,</w> 
 <w id="w8.7.8">starih</w> 
 <w id="w8.7.9">12</w> 
 <w id="w8.7.10">let</w> 
 <w id="w8.7.11">in</w> 
 <w id="w8.7.12">več</w>
 <w id="w8.7.13">.</w>
</s> 
 
<s id="s8.8">
 <w id="w8.8.1">Zdravilo</w> 
 <w id="w8.8.2">se</w> 
 <w id="w8.8.3">dobi</w> 
 <w id="w8.8.4">samo</w> 
 <w id="w8.8.5">na</w> 
 <w id="w8.8.6">recept</w>
 <w id="w8.8.7">.</w>
</s></p>

<p id="9">
<s id="s9.1">
 <w id="w9.1.1">Kako</w> 
 <w id="w9.1.2">se</w> 
 <w id="w9.1.3">zdravilo</w> 
 <w id="w9.1.4">Avonex</w> 
 <w id="w9.1.5">uporablja</w>
 <w id="w9.1.6">?</w>
</s> 
 
<s id="s9.2">
 <w id="w9.2.1">Zdravljenje</w> 
 <w id="w9.2.2">z</w> 
 <w id="w9.2.3">zdravilom</w> 
 <w id="w9.2.4">Avonex</w> 
 <w id="w9.2.5">mora</w> 
 <w id="w9.2.6">začeti</w> 
 <w id="w9.2.7">zdravnik</w> 
 <w id="w9.2.8">z</w> 
 <w id="w9.2.9">izkušnjami</w> 
 <w id="w9.2.10">z</w> 
 <w id="w9.2.11">zdravljenjem</w> 
 <w id="w9.2.12">MS</w>
 <w id="w9.2.13">.</w>
</s> 
 
<s id="s9.3">
 <w id="w9.3.1">Priporočeni</w> 
 <w id="w9.3.2">odmerek</w> 
 <w id="w9.3.3">zdravila</w> 
 <w id="w9.3.4">Avonex</w> 
 <w id="w9.3.5">je</w> 
 <w id="w9.3.6">30</w> 
 <w id="w9.3.7">mikrogramov</w>
 <w id="w9.3.8">,</w> 
 <w id="w9.3.9">ki</w> 
 <w id="w9.3.10">se</w> 
 <w id="w9.3.11">daje</w> 
 <w id="w9.3.12">z</w> 
 <w id="w9.3.13">injekcijo</w> 
 <w id="w9.3.14">v</w> 
 <w id="w9.3.15">mišico</w> 
 <w id="w9.3.16">enkrat</w> 
 <w id="w9.3.17">tedensko</w>
 <w id="w9.3.18">.</w>
</s> 
 
<s id="s9.4">
 <w id="w9.4.1">V</w> 
 <w id="w9.4.2">pomoč</w> 
 <w id="w9.4.3">bolnikom</w> 
 <w id="w9.4.4">pri</w> 
 <w id="w9.4.5">privajanju</w> 
 <w id="w9.4.6">na</w> 
 <w id="w9.4.7">zdravljenje</w> 
 <w id="w9.4.8">lahko</w> 
 <w id="w9.4.9">zdravnik</w> 
 <w id="w9.4.10">priporoči</w>
 <w id="w9.4.11">,</w> 
 <w id="w9.4.12">da</w> 
 <w id="w9.4.13">se</w> 
 <w id="w9.4.14">zdravljenje</w> 
 <w id="w9.4.15">pred</w> 
 <w id="w9.4.16">prehodom</w> 
 <w id="w9.4.17">na</w> 
 <w id="w9.4.18">polni</w> 
 <w id="w9.4.19">odmerek</w> 
 <w id="w9.4.20">začne</w> 
 <w id="w9.4.21">s</w> 
 <w id="w9.4.22">polovičnim</w> 
 <w id="w9.4.23">odmerkom</w> 
 <w id="w9.4.24">enkrat</w> 
 <w id="w9.4.25">na</w> 
 <w id="w9.4.26">teden</w>
 <w id="w9.4.27">.</w>
</s> 
 
<s id="s9.5">
 <w id="w9.5.1">V</w> 
 <w id="w9.5.2">tem</w> 
 <w id="w9.5.3">primeru</w> 
 <w id="w9.5.4">je</w> 
 <w id="w9.5.5">treba</w> 
 <w id="w9.5.6">uporabiti</w> 
 <w id="w9.5.7">predhodno</w> 
 <w id="w9.5.8">napolnjeno</w> 
 <w id="w9.5.9">brizgo</w>
 <w id="w9.5.10">,</w> 
 <w id="w9.5.11">na</w> 
 <w id="w9.5.12">katero</w> 
 <w id="w9.5.13">je</w> 
 <w id="w9.5.14">pritrjen</w> 
 <w id="w9.5.15">poseben</w> 
 <w id="w9.5.16">pripomoček</w>
 <w id="w9.5.17">,</w> 
 <w id="w9.5.18">ki</w> 
 <w id="w9.5.19">omogoča</w> 
 <w id="w9.5.20">injiciranje</w> 
 <w id="w9.5.21">zgolj</w> 
 <w id="w9.5.22">polovičnega</w> 
 <w id="w9.5.23">odmerka</w> 
 <w id="w9.5.24">zdravila</w> 
 <w id="w9.5.25">Avonex</w>
 <w id="w9.5.26">.</w>
</s> 
 
<s id="s9.6">
 <w id="w9.6.1">Mesto</w> 
 <w id="w9.6.2">injiciranja</w> 
 <w id="w9.6.3">je</w> 
 <w id="w9.6.4">treba</w> 
 <w id="w9.6.5">vsak</w> 
 <w id="w9.6.6">teden</w> 
 <w id="w9.6.7">zamenjati</w>
 <w id="w9.6.8">.</w>
</s> 
 
<s id="s9.7">
 <w id="w9.7.1">Bolniki</w> 
 <w id="w9.7.2">si</w> 
 <w id="w9.7.3">lahko</w> 
 <w id="w9.7.4">zdravilo</w> 
 <w id="w9.7.5">Avonex</w> 
 <w id="w9.7.6">injicirajo</w> 
 <w id="w9.7.7">sami</w>
 <w id="w9.7.8">,</w> 
 <w id="w9.7.9">če</w> 
 <w id="w9.7.10">so</w> 
 <w id="w9.7.11">bili</w> 
 <w id="w9.7.12">za</w> 
 <w id="w9.7.13">to</w> 
 <w id="w9.7.14">ustrezno</w> 
 <w id="w9.7.15">usposobljeni</w>
 <w id="w9.7.16">.</w>
</s> 
 
<s id="s9.8">
 <w id="w9.8.1">Da</w> 
 <w id="w9.8.2">bi</w> 
 <w id="w9.8.3">zmanjšali</w> 
 <w id="w9.8.4">gripi</w> 
 <w id="w9.8.5">podobne</w> 
 <w id="w9.8.6">simptome</w>
 <w id="w9.8.7">,</w> 
 <w id="w9.8.8">ki</w> 
 <w id="w9.8.9">se</w> 
 <w id="w9.8.10">lahko</w> 
 <w id="w9.8.11">pojavijo</w> 
 <w id="w9.8.12">v</w> 
 <w id="w9.8.13">prvih</w> 
 <w id="w9.8.14">mesecih</w> 
 <w id="w9.8.15">zdravljenja</w>
 <w id="w9.8.16">,</w> 
 <w id="w9.8.17">lahko</w> 
 <w id="w9.8.18">bolnik</w> 
 <w id="w9.8.19">pred</w> 
 <w id="w9.8.20">injiciranjem</w> 
 <w id="w9.8.21">in</w> 
 <w id="w9.8.22">24</w> 
 <w id="w9.8.23">ur</w> 
 <w id="w9.8.24">po</w> 
 <w id="w9.8.25">njem</w> 
 <w id="w9.8.26">dobi</w> 
 <w id="w9.8.27">zdravilo</w> 
 <w id="w9.8.28">proti</w> 
 <w id="w9.8.29">bolečinam</w>
 <w id="w9.8.30">,</w> 
 <w id="w9.8.31">ki</w> 
 <w id="w9.8.32">preprečuje</w> 
 <w id="w9.8.33">povišano</w> 
 <w id="w9.8.34">telesno</w> 
 <w id="w9.8.35">temperaturo</w>
 <w id="w9.8.36">.</w>
</s> 
 
<s id="s9.9">
 <w id="w9.9.1">Zdravljenje</w> 
 <w id="w9.9.2">z</w> 
 <w id="w9.9.3">zdravilom</w> 
 <w id="w9.9.4">Avonex</w> 
 <w id="w9.9.5">je</w> 
 <w id="w9.9.6">treba</w> 
 <w id="w9.9.7">prekiniti</w> 
 <w id="w9.9.8">pri</w> 
 <w id="w9.9.9">bolnikih</w>
 <w id="w9.9.10">,</w> 
 <w id="w9.9.11">pri</w> 
 <w id="w9.9.12">katerih</w> 
 <w id="w9.9.13">se</w> 
 <w id="w9.9.14">je</w> 
 <w id="w9.9.15">razvila</w> 
 <w id="w9.9.16">progresivna</w> 
 <w id="w9.9.17">(</w>
 <w id="w9.9.18">napredujoča</w>
 <w id="w9.9.19">)</w> 
 <w id="w9.9.20">MS</w>
 <w id="w9.9.21">.</w>
</s></p>

<p id="10">
<s id="s10.1">
 <w id="w10.1.1">7</w> 
 <w id="w10.1.2">Westferry</w> 
 <w id="w10.1.3">Circus</w>
 <w id="w10.1.4">,</w> 
 <w id="w10.1.5">Canary</w> 
 <w id="w10.1.6">Wharf</w>
 <w id="w10.1.7">,</w> 
 <w id="w10.1.8">London</w>
 <w id="w10.1.9">,</w> 
 <w id="w10.1.10">E14</w> 
 <w id="w10.1.11">4HB</w>
 <w id="w10.1.12">,</w> 
 <w id="w10.1.13">UK</w>                                   
 <w id="w10.1.14">Tel</w>
 <w id="w10.1.15">.</w>
</s> 
 
<s id="s10.2">
 <w id="w10.2.1">(</w>
 <w id="w10.2.2">44-</w>
 <w id="w10.2.3">20</w>
 <w id="w10.2.4">)</w> 
 <w id="w10.2.5">74</w> 
 <w id="w10.2.6">18</w> 
 <w id="w10.2.7">84</w> 
 <w id="w10.2.8">00</w> 
 <w id="w10.2.9">Fax</w> 
 <w id="w10.2.10">(</w>
 <w id="w10.2.11">44-</w>
 <w id="w10.2.12">20</w>
 <w id="w10.2.13">)</w> 
 <w id="w10.2.14">74</w> 
 <w id="w10.2.15">18</w> 
 <w id="w10.2.16">86</w> 
 <w id="w10.2.17">68</w>                              
 <w id="w10.2.18">E-</w>
 <w id="w10.2.19">mail</w>
 <w id="w10.2.20">:</w> 
 <w id="w10.2.21">mail@</w>
 <w id="w10.2.22">emea.</w>
 <w id="w10.2.23">europa.</w>
 <w id="w10.2.24">eu</w> 
 <w id="w10.2.25">http</w>
 <w id="w10.2.26">:</w>
 <w id="w10.2.27">//</w>
 <w id="w10.2.28">www.</w>
 <w id="w10.2.29">emea.</w>
 <w id="w10.2.30">europa.</w>
 <w id="w10.2.31">eu</w>
</s></p>

<p id="11">
<s id="s11.1">
 <w id="w11.1.1">©</w> 
 <w id="w11.1.2">European</w> 
 <w id="w11.1.3">Medicines</w> 
 <w id="w11.1.4">Agency</w>
 <w id="w11.1.5">,</w> 
 <w id="w11.1.6">2008</w>
 <w id="w11.1.7">.</w>
</s> 
 
<s id="s11.2">
 <w id="w11.2.1">Reproduction</w> 
 <w id="w11.2.2">is</w> 
 <w id="w11.2.3">authorised</w> 
 <w id="w11.2.4">provided</w> 
 <w id="w11.2.5">the</w> 
 <w id="w11.2.6">source</w> 
 <w id="w11.2.7">is</w> 
 <w id="w11.2.8">acknowledged</w>
 <w id="w11.2.9">.</w>
</s> 
 
<s id="s11.3">
 <w id="w11.3.1">Kako</w> 
 <w id="w11.3.2">zdravilo</w> 
 <w id="w11.3.3">Avonex</w> 
 <w id="w11.3.4">deluje</w>
 <w id="w11.3.5">?</w>
</s> 
 
<s id="s11.4">
 <w id="w11.4.1">MS</w> 
 <w id="w11.4.2">je</w> 
 <w id="w11.4.3">bolezen</w> 
 <w id="w11.4.4">živčnega</w> 
 <w id="w11.4.5">sistema</w>
 <w id="w11.4.6">,</w> 
 <w id="w11.4.7">pri</w> 
 <w id="w11.4.8">kateri</w> 
 <w id="w11.4.9">vnetje</w> 
 <w id="w11.4.10">poškoduje</w> 
 <w id="w11.4.11">zaščitno</w> 
 <w id="w11.4.12">ovojnico</w> 
 <w id="w11.4.13">okrog</w> 
 <w id="w11.4.14">živcev</w>
 <w id="w11.4.15">.</w>
</s> 
 
<s id="s11.5">
 <w id="w11.5.1">To</w> 
 <w id="w11.5.2">se</w> 
 <w id="w11.5.3">imenuje</w> 
 <w id="w11.5.4">„</w>
 <w id="w11.5.5">demielinizacija</w>
 <w id="w11.5.6">“</w>
 <w id="w11.5.7">.</w>
</s> 
 
<s id="s11.6">
 <w id="w11.6.1">Zdravilna</w> 
 <w id="w11.6.2">učinkovina</w> 
 <w id="w11.6.3">v</w> 
 <w id="w11.6.4">zdravilu</w> 
 <w id="w11.6.5">Avonex</w>
 <w id="w11.6.6">,</w> 
 <w id="w11.6.7">interferon</w> 
 <w id="w11.6.8">beta-</w>
 <w id="w11.6.9">1a</w>
 <w id="w11.6.10">,</w> 
 <w id="w11.6.11">sodi</w> 
 <w id="w11.6.12">v</w> 
 <w id="w11.6.13">skupino</w> 
 <w id="w11.6.14">interferonov</w>
 <w id="w11.6.15">.</w>
</s> 
 
<s id="s11.7">
 <w id="w11.7.1">Interferoni</w> 
 <w id="w11.7.2">so</w> 
 <w id="w11.7.3">naravne</w> 
 <w id="w11.7.4">spojine</w>
 <w id="w11.7.5">,</w> 
 <w id="w11.7.6">ki</w> 
 <w id="w11.7.7">jih</w> 
 <w id="w11.7.8">telo</w> 
 <w id="w11.7.9">proizvaja</w> 
 <w id="w11.7.10">za</w> 
 <w id="w11.7.11">obrambo</w> 
 <w id="w11.7.12">proti</w> 
 <w id="w11.7.13">napadom</w>
 <w id="w11.7.14">,</w> 
 <w id="w11.7.15">kot</w> 
 <w id="w11.7.16">so</w> 
 <w id="w11.7.17">okužbe</w>
 <w id="w11.7.18">,</w> 
 <w id="w11.7.19">ki</w> 
 <w id="w11.7.20">jih</w> 
 <w id="w11.7.21">povzročajo</w> 
 <w id="w11.7.22">virusi</w>
 <w id="w11.7.23">.</w>
</s> 
 
<s id="s11.8">
 <w id="w11.8.1">Natančen</w> 
 <w id="w11.8.2">način</w> 
 <w id="w11.8.3">delovanja</w> 
 <w id="w11.8.4">zdravila</w> 
 <w id="w11.8.5">Avonex</w> 
 <w id="w11.8.6">pri</w> 
 <w id="w11.8.7">MS</w> 
 <w id="w11.8.8">še</w> 
 <w id="w11.8.9">ni</w> 
 <w id="w11.8.10">popolnoma</w> 
 <w id="w11.8.11">znan</w>
 <w id="w11.8.12">,</w> 
 <w id="w11.8.13">toda</w> 
 <w id="w11.8.14">vse</w> 
 <w id="w11.8.15">kaže</w>
 <w id="w11.8.16">,</w> 
 <w id="w11.8.17">da</w> 
 <w id="w11.8.18">interferon</w> 
 <w id="w11.8.19">beta</w> 
 <w id="w11.8.20">pomirja</w> 
 <w id="w11.8.21">imunski</w> 
 <w id="w11.8.22">sistem</w> 
 <w id="w11.8.23">in</w> 
 <w id="w11.8.24">preprečuje</w> 
 <w id="w11.8.25">ponovne</w> 
 <w id="w11.8.26">napade</w> 
 <w id="w11.8.27">MS</w>
 <w id="w11.8.28">.</w>
</s> 
 
<s id="s11.9">
 <w id="w11.9.1">Interferon</w> 
 <w id="w11.9.2">beta-</w>
 <w id="w11.9.3">1a</w> 
 <w id="w11.9.4">se</w> 
 <w id="w11.9.5">proizvaja</w> 
 <w id="w11.9.6">po</w> 
 <w id="w11.9.7">metodi</w>
 <w id="w11.9.8">,</w> 
 <w id="w11.9.9">imenovani</w> 
 <w id="w11.9.10">„</w>
 <w id="w11.9.11">tehnologija</w> 
 <w id="w11.9.12">rekombinantne</w> 
 <w id="w11.9.13">DNK</w>
 <w id="w11.9.14">“</w>
 <w id="w11.9.15">.</w>
</s> 
 
<s id="s11.10">
 <w id="w11.10.1">Interferon</w> 
 <w id="w11.10.2">beta-</w>
 <w id="w11.10.3">1a</w> 
 <w id="w11.10.4">proizvede</w> 
 <w id="w11.10.5">celica</w>
 <w id="w11.10.6">,</w> 
 <w id="w11.10.7">ki</w> 
 <w id="w11.10.8">je</w> 
 <w id="w11.10.9">prejela</w> 
 <w id="w11.10.10">gen</w> 
 <w id="w11.10.11">(</w>
 <w id="w11.10.12">DNK</w>
 <w id="w11.10.13">)</w>
 <w id="w11.10.14">,</w> 
 <w id="w11.10.15">s</w> 
 <w id="w11.10.16">katerim</w> 
 <w id="w11.10.17">lahko</w> 
 <w id="w11.10.18">tvori</w> 
 <w id="w11.10.19">interferon</w> 
 <w id="w11.10.20">beta-</w>
 <w id="w11.10.21">1a</w>
 <w id="w11.10.22">.</w>
</s> 
 
<s id="s11.11">
 <w id="w11.11.1">Nadomestni</w> 
 <w id="w11.11.2">interferon</w> 
 <w id="w11.11.3">beta-</w>
 <w id="w11.11.4">1a</w> 
 <w id="w11.11.5">deluje</w> 
 <w id="w11.11.6">na</w> 
 <w id="w11.11.7">enak</w> 
 <w id="w11.11.8">način</w> 
 <w id="w11.11.9">kot</w> 
 <w id="w11.11.10">naravno</w> 
 <w id="w11.11.11">proizvedeni</w> 
 <w id="w11.11.12">interferon</w> 
 <w id="w11.11.13">beta</w>
 <w id="w11.11.14">.</w>
</s></p>

<p id="12">
<s id="s12.1">
 <w id="w12.1.1">Kako</w> 
 <w id="w12.1.2">je</w> 
 <w id="w12.1.3">bilo</w> 
 <w id="w12.1.4">zdravilo</w> 
 <w id="w12.1.5">Avonex</w> 
 <w id="w12.1.6">raziskano</w>
 <w id="w12.1.7">?</w>
</s> 
 
<s id="s12.2">
 <w id="w12.2.1">Zdravilo</w> 
 <w id="w12.2.2">Avonex</w> 
 <w id="w12.2.3">so</w> 
 <w id="w12.2.4">preučevali</w> 
 <w id="w12.2.5">v</w> 
 <w id="w12.2.6">okviru</w> 
 <w id="w12.2.7">treh</w> 
 <w id="w12.2.8">glavnih</w> 
 <w id="w12.2.9">študij</w>
 <w id="w12.2.10">.</w>
</s> 
 
<s id="s12.3">
 <w id="w12.3.1">V</w> 
 <w id="w12.3.2">prvi</w> 
 <w id="w12.3.3">so</w> 
 <w id="w12.3.4">primerjali</w> 
 <w id="w12.3.5">zdravilo</w> 
 <w id="w12.3.6">Avonex</w> 
 <w id="w12.3.7">s</w> 
 <w id="w12.3.8">placebom</w> 
 <w id="w12.3.9">(</w>
 <w id="w12.3.10">zdravilom</w> 
 <w id="w12.3.11">brez</w> 
 <w id="w12.3.12">zdravilne</w> 
 <w id="w12.3.13">učinkovine</w>
 <w id="w12.3.14">)</w> 
 <w id="w12.3.15">pri</w> 
 <w id="w12.3.16">301</w> 
 <w id="w12.3.17">bolniku</w> 
 <w id="w12.3.18">s</w> 
 <w id="w12.3.19">ponavljajočo</w> 
 <w id="w12.3.20">se</w> 
 <w id="w12.3.21">MS</w>
 <w id="w12.3.22">.</w>
</s> 
 
<s id="s12.4">
 <w id="w12.4.1">Ti</w> 
 <w id="w12.4.2">bolniki</w> 
 <w id="w12.4.3">so</w> 
 <w id="w12.4.4">imeli</w> 
 <w id="w12.4.5">vsaj</w> 
 <w id="w12.4.6">dve</w> 
 <w id="w12.4.7">ponovitvi</w> 
 <w id="w12.4.8">v</w> 
 <w id="w12.4.9">preteklih</w> 
 <w id="w12.4.10">treh</w> 
 <w id="w12.4.11">letih</w> 
 <w id="w12.4.12">ali</w> 
 <w id="w12.4.13">vsaj</w> 
 <w id="w12.4.14">eno</w> 
 <w id="w12.4.15">ponovitev</w>
 <w id="w12.4.16">,</w> 
 <w id="w12.4.17">če</w> 
 <w id="w12.4.18">so</w> 
 <w id="w12.4.19">bolni</w> 
 <w id="w12.4.20">manj</w> 
 <w id="w12.4.21">kot</w> 
 <w id="w12.4.22">tri</w> 
 <w id="w12.4.23">leta</w>
 <w id="w12.4.24">.</w>
</s> 
 
<s id="s12.5">
 <w id="w12.5.1">Zdravljenje</w> 
 <w id="w12.5.2">je</w> 
 <w id="w12.5.3">trajalo</w> 
 <w id="w12.5.4">do</w> 
 <w id="w12.5.5">dve</w> 
 <w id="w12.5.6">leti</w>
 <w id="w12.5.7">.</w>
</s> 
 
<s id="s12.6">
 <w id="w12.6.1">Glavno</w> 
 <w id="w12.6.2">merilo</w> 
 <w id="w12.6.3">učinkovitosti</w> 
 <w id="w12.6.4">je</w> 
 <w id="w12.6.5">bilo</w> 
 <w id="w12.6.6">število</w> 
 <w id="w12.6.7">bolnikov</w>
 <w id="w12.6.8">,</w> 
 <w id="w12.6.9">katerih</w> 
 <w id="w12.6.10">prizadetost</w> 
 <w id="w12.6.11">se</w> 
 <w id="w12.6.12">je</w> 
 <w id="w12.6.13">poslabšala</w>
 <w id="w12.6.14">.</w>
</s> 
 
<s id="s12.7">
 <w id="w12.7.1">Druga</w> 
 <w id="w12.7.2">študija</w> 
 <w id="w12.7.3">je</w> 
 <w id="w12.7.4">primerjala</w> 
 <w id="w12.7.5">učinkovitost</w> 
 <w id="w12.7.6">60-</w>
 <w id="w12.7.7">mikrogramskega</w> 
 <w id="w12.7.8">odmerka</w> 
 <w id="w12.7.9">s</w> 
 <w id="w12.7.10">30-</w>
 <w id="w12.7.11">mikrogramskim</w> 
 <w id="w12.7.12">odmerkom</w> 
 <w id="w12.7.13">pri</w> 
 <w id="w12.7.14">802</w> 
 <w id="w12.7.15">bolnikih</w>
 <w id="w12.7.16">.</w>
</s> 
 
<s id="s12.8">
 <w id="w12.8.1">Tretja</w> 
 <w id="w12.8.2">študija</w> 
 <w id="w12.8.3">je</w> 
 <w id="w12.8.4">vključevala</w> 
 <w id="w12.8.5">383</w> 
 <w id="w12.8.6">bolnikov</w>
 <w id="w12.8.7">,</w> 
 <w id="w12.8.8">ki</w> 
 <w id="w12.8.9">so</w> 
 <w id="w12.8.10">doživeli</w> 
 <w id="w12.8.11">en</w> 
 <w id="w12.8.12">demielinizacijski</w> 
 <w id="w12.8.13">napad</w>
 <w id="w12.8.14">,</w> 
 <w id="w12.8.15">v</w> 
 <w id="w12.8.16">njej</w> 
 <w id="w12.8.17">pa</w> 
 <w id="w12.8.18">so</w> 
 <w id="w12.8.19">primerjali</w> 
 <w id="w12.8.20">učinkovitost</w> 
 <w id="w12.8.21">zdravila</w> 
 <w id="w12.8.22">Avonex</w> 
 <w id="w12.8.23">s</w> 
 <w id="w12.8.24">placebom</w> 
 <w id="w12.8.25">pri</w> 
 <w id="w12.8.26">zmanjševanju</w> 
 <w id="w12.8.27">tveganja</w> 
 <w id="w12.8.28">za</w> 
 <w id="w12.8.29">pojav</w> 
 <w id="w12.8.30">drugega</w> 
 <w id="w12.8.31">napada</w>
 <w id="w12.8.32">.</w>
</s> 
 
<s id="s12.9">
 <w id="w12.9.1">Družba</w> 
 <w id="w12.9.2">ni</w> 
 <w id="w12.9.3">izvedla</w> 
 <w id="w12.9.4">nobenih</w> 
 <w id="w12.9.5">uradnih</w> 
 <w id="w12.9.6">študij</w> 
 <w id="w12.9.7">na</w> 
 <w id="w12.9.8">bolnikih</w>
 <w id="w12.9.9">,</w> 
 <w id="w12.9.10">mlajših</w> 
 <w id="w12.9.11">od</w> 
 <w id="w12.9.12">16</w> 
 <w id="w12.9.13">let</w>
 <w id="w12.9.14">,</w> 
 <w id="w12.9.15">je</w> 
 <w id="w12.9.16">pa</w> 
 <w id="w12.9.17">predstavila</w> 
 <w id="w12.9.18">informacije</w> 
 <w id="w12.9.19">iz</w> 
 <w id="w12.9.20">objavljenih</w> 
 <w id="w12.9.21">študij</w> 
 <w id="w12.9.22">uporabe</w> 
 <w id="w12.9.23">zdravila</w> 
 <w id="w12.9.24">Avonex</w> 
 <w id="w12.9.25">pri</w> 
 <w id="w12.9.26">otrocih</w>
 <w id="w12.9.27">,</w> 
 <w id="w12.9.28">starih</w> 
 <w id="w12.9.29">od</w> 
 <w id="w12.9.30">12</w> 
 <w id="w12.9.31">do</w> 
 <w id="w12.9.32">18</w> 
 <w id="w12.9.33">let</w>
 <w id="w12.9.34">.</w>
</s></p>

<p id="13">
<s id="s13.1">
 <w id="w13.1.1">Kakšne</w> 
 <w id="w13.1.2">koristi</w> 
 <w id="w13.1.3">je</w> 
 <w id="w13.1.4">zdravilo</w> 
 <w id="w13.1.5">Avonex</w> 
 <w id="w13.1.6">izkazalo</w> 
 <w id="w13.1.7">med</w> 
 <w id="w13.1.8">študijami</w>
 <w id="w13.1.9">?</w>
</s> 
 
<s id="s13.2">
 <w id="w13.2.1">V</w> 
 <w id="w13.2.2">prvi</w> 
 <w id="w13.2.3">študiji</w> 
 <w id="w13.2.4">se</w> 
 <w id="w13.2.5">je</w> 
 <w id="w13.2.6">pri</w> 
 <w id="w13.2.7">22</w> 
 <w id="w13.2.8">%</w> 
 <w id="w13.2.9">bolnikov</w> 
 <w id="w13.2.10">s</w> 
 <w id="w13.2.11">ponavljajočo</w> 
 <w id="w13.2.12">se</w> 
 <w id="w13.2.13">MS</w>
 <w id="w13.2.14">,</w> 
 <w id="w13.2.15">zdravljenih</w> 
 <w id="w13.2.16">z</w> 
 <w id="w13.2.17">zdravilom</w> 
 <w id="w13.2.18">Avonex</w>
 <w id="w13.2.19">,</w> 
 <w id="w13.2.20">in</w> 
 <w id="w13.2.21">pri</w> 
 <w id="w13.2.22">35</w> 
 <w id="w13.2.23">%</w> 
 <w id="w13.2.24">bolnikov</w>
 <w id="w13.2.25">,</w> 
 <w id="w13.2.26">zdravljenih</w> 
 <w id="w13.2.27">s</w> 
 <w id="w13.2.28">placebom</w>
 <w id="w13.2.29">,</w> 
 <w id="w13.2.30">prizadetost</w> 
 <w id="w13.2.31">poslabšala</w> 
 <w id="w13.2.32">do</w> 
 <w id="w13.2.33">konca</w> 
 <w id="w13.2.34">drugega</w> 
 <w id="w13.2.35">leta</w>
 <w id="w13.2.36">.</w>
</s> 
 
<s id="s13.3">
 <w id="w13.3.1">Druga</w> 
 <w id="w13.3.2">študija</w> 
 <w id="w13.3.3">je</w> 
 <w id="w13.3.4">pokazala</w>
 <w id="w13.3.5">,</w> 
 <w id="w13.3.6">da</w> 
 <w id="w13.3.7">z</w> 
 <w id="w13.3.8">vidika</w> 
 <w id="w13.3.9">učinkovitosti</w> 
 <w id="w13.3.10">ni</w> 
 <w id="w13.3.11">nikakršnih</w> 
 <w id="w13.3.12">razlik</w> 
 <w id="w13.3.13">med</w> 
 <w id="w13.3.14">obema</w> 
 <w id="w13.3.15">odmerkoma</w>
 <w id="w13.3.16">.</w>
</s> 
 
<s id="s13.4">
 <w id="w13.4.1">V</w> 
 <w id="w13.4.2">tretji</w> 
 <w id="w13.4.3">študiji</w> 
 <w id="w13.4.4">so</w> 
 <w id="w13.4.5">ocenili</w>
 <w id="w13.4.6">,</w> 
 <w id="w13.4.7">da</w> 
 <w id="w13.4.8">je</w> 
 <w id="w13.4.9">tveganje</w> 
 <w id="w13.4.10">za</w> 
 <w id="w13.4.11">pojav</w> 
 <w id="w13.4.12">drugega</w> 
 <w id="w13.4.13">demielinizacijskega</w> 
 <w id="w13.4.14">napada</w> 
 <w id="w13.4.15">manjše</w> 
 <w id="w13.4.16">pri</w> 
 <w id="w13.4.17">bolnikih</w>
 <w id="w13.4.18">,</w> 
 <w id="w13.4.19">ki</w> 
 <w id="w13.4.20">so</w> 
 <w id="w13.4.21">se</w> 
 <w id="w13.4.22">zdravili</w> 
 <w id="w13.4.23">z</w> 
 <w id="w13.4.24">zdravilom</w> 
 <w id="w13.4.25">Avonex</w>
 <w id="w13.4.26">,</w> 
 <w id="w13.4.27">kot</w> 
 <w id="w13.4.28">pri</w> 
 <w id="w13.4.29">bolnikih</w>
 <w id="w13.4.30">,</w> 
 <w id="w13.4.31">zdravljenih</w> 
 <w id="w13.4.32">s</w> 
 <w id="w13.4.33">placebom</w>
 <w id="w13.4.34">:</w> 
 <w id="w13.4.35">pri</w> 
 <w id="w13.4.36">bolnikih</w>
 <w id="w13.4.37">,</w> 
 <w id="w13.4.38">zdravljenih</w> 
 <w id="w13.4.39">z</w> 
 <w id="w13.4.40">zdravilom</w> 
 <w id="w13.4.41">Avonex</w>
 <w id="w13.4.42">,</w> 
 <w id="w13.4.43">je</w> 
 <w id="w13.4.44">bilo</w> 
 <w id="w13.4.45">izkazano</w> 
 <w id="w13.4.46">tveganje</w> 
 <w id="w13.4.47">21</w> 
 <w id="w13.4.48">%</w> 
 <w id="w13.4.49">v</w> 
 <w id="w13.4.50">dveh</w> 
 <w id="w13.4.51">letih</w> 
 <w id="w13.4.52">in</w> 
 <w id="w13.4.53">35</w> 
 <w id="w13.4.54">%</w> 
 <w id="w13.4.55">v</w> 
 <w id="w13.4.56">treh</w>
 <w id="w13.4.57">,</w> 
 <w id="w13.4.58">medtem</w> 
 <w id="w13.4.59">ko</w> 
 <w id="w13.4.60">je</w> 
 <w id="w13.4.61">bilo</w> 
 <w id="w13.4.62">pri</w> 
 <w id="w13.4.63">bolnikih</w>
 <w id="w13.4.64">,</w> 
 <w id="w13.4.65">ki</w> 
 <w id="w13.4.66">so</w> 
 <w id="w13.4.67">prejemali</w> 
 <w id="w13.4.68">placebo</w>
 <w id="w13.4.69">,</w> 
 <w id="w13.4.70">39</w> 
 <w id="w13.4.71">%</w> 
 <w id="w13.4.72">v</w> 
 <w id="w13.4.73">dveh</w> 
 <w id="w13.4.74">letih</w> 
 <w id="w13.4.75">in</w> 
 <w id="w13.4.76">50</w> 
 <w id="w13.4.77">%</w> 
 <w id="w13.4.78">v</w> 
 <w id="w13.4.79">treh</w>
 <w id="w13.4.80">.</w>
</s> 
 
<s id="s13.5">
 <w id="w13.5.1">Objavljene</w> 
 <w id="w13.5.2">študije</w> 
 <w id="w13.5.3">so</w> 
 <w id="w13.5.4">pri</w> 
 <w id="w13.5.5">bolnikih</w>
 <w id="w13.5.6">,</w> 
 <w id="w13.5.7">starih</w> 
 <w id="w13.5.8">od</w> 
 <w id="w13.5.9">12</w> 
 <w id="w13.5.10">do</w> 
 <w id="w13.5.11">18</w> 
 <w id="w13.5.12">let</w>
 <w id="w13.5.13">,</w> 
 <w id="w13.5.14">pokazale</w>
 <w id="w13.5.15">,</w> 
 <w id="w13.5.16">da</w> 
 <w id="w13.5.17">se</w> 
 <w id="w13.5.18">je</w> 
 <w id="w13.5.19">pri</w> 
 <w id="w13.5.20">tej</w> 
 <w id="w13.5.21">populaciji</w> 
 <w id="w13.5.22">stopnja</w> 
 <w id="w13.5.23">ponovnih</w> 
 <w id="w13.5.24">napadov</w> 
 <w id="w13.5.25">zmanjšala</w>
 <w id="w13.5.26">.</w>
</s> 
 
<s id="s13.6">
 <w id="w13.6.1">Do</w> 
 <w id="w13.6.2">tega</w> 
 <w id="w13.6.3">je</w> 
 <w id="w13.6.4">morda</w> 
 <w id="w13.6.5">prišlo</w> 
 <w id="w13.6.6">zaradi</w> 
 <w id="w13.6.7">zdravljenja</w> 
 <w id="w13.6.8">z</w> 
 <w id="w13.6.9">zdravilom</w> 
 <w id="w13.6.10">Avonex</w>
 <w id="w13.6.11">.</w>
</s></p>

<p id="14">
<s id="s14.1">
 <w id="w14.1.1">Kakšna</w> 
 <w id="w14.1.2">tveganja</w> 
 <w id="w14.1.3">so</w> 
 <w id="w14.1.4">povezana</w> 
 <w id="w14.1.5">z</w> 
 <w id="w14.1.6">zdravilom</w> 
 <w id="w14.1.7">Avonex</w>
 <w id="w14.1.8">?</w>
</s> 
 
<s id="s14.2">
 <w id="w14.2.1">Najpogostejši</w> 
 <w id="w14.2.2">neželeni</w> 
 <w id="w14.2.3">učinki</w>
 <w id="w14.2.4">,</w> 
 <w id="w14.2.5">o</w> 
 <w id="w14.2.6">katerih</w> 
 <w id="w14.2.7">so</w> 
 <w id="w14.2.8">poročali</w> 
 <w id="w14.2.9">pri</w> 
 <w id="w14.2.10">uporabi</w> 
 <w id="w14.2.11">zdravila</w> 
 <w id="w14.2.12">Avonex</w> 
 <w id="w14.2.13">(</w>
 <w id="w14.2.14">opaženi</w> 
 <w id="w14.2.15">pri</w> 
 <w id="w14.2.16">več</w> 
 <w id="w14.2.17">kot</w> 
 <w id="w14.2.18">1</w> 
 <w id="w14.2.19">bolniku</w> 
 <w id="w14.2.20">od</w> 
 <w id="w14.2.21">10</w>
 <w id="w14.2.22">)</w>
 <w id="w14.2.23">,</w> 
 <w id="w14.2.24">so</w> 
 <w id="w14.2.25">glavobol</w>
 <w id="w14.2.26">,</w> 
 <w id="w14.2.27">gripi</w> 
 <w id="w14.2.28">podobni</w> 
 <w id="w14.2.29">simptomi</w>
 <w id="w14.2.30">,</w> 
 <w id="w14.2.31">pireksija</w> 
 <w id="w14.2.32">(</w>
 <w id="w14.2.33">povišana</w> 
 <w id="w14.2.34">telesna</w> 
 <w id="w14.2.35">temperatura</w>
 <w id="w14.2.36">)</w>
 <w id="w14.2.37">,</w> 
 <w id="w14.2.38">mrzlica</w> 
 <w id="w14.2.39">in</w> 
 <w id="w14.2.40">potenje</w>
 <w id="w14.2.41">.</w>
</s> 
 
<s id="s14.3">
 <w id="w14.3.1">Ti</w> 
 <w id="w14.3.2">neželeni</w> 
 <w id="w14.3.3">učinki</w> 
 <w id="w14.3.4">s</w> 
 <w id="w14.3.5">trajanjem</w> 
 <w id="w14.3.6">zdravljenja</w> 
 <w id="w14.3.7">upadajo</w>
 <w id="w14.3.8">.</w>
</s> 
 
<s id="s14.4">
 <w id="w14.4.1">Pri</w> 
 <w id="w14.4.2">otrocih</w> 
 <w id="w14.4.3">prihaja</w> 
 <w id="w14.4.4">do</w> 
 <w id="w14.4.5">podobnih</w> 
 <w id="w14.4.6">neželenih</w> 
 <w id="w14.4.7">učinkov</w>
 <w id="w14.4.8">.</w>
</s> 
 
<s id="s14.5">
 <w id="w14.5.1">Za</w> 
 <w id="w14.5.2">celoten</w> 
 <w id="w14.5.3">seznam</w> 
 <w id="w14.5.4">vseh</w> 
 <w id="w14.5.5">neželenih</w> 
 <w id="w14.5.6">učinkov</w>
 <w id="w14.5.7">,</w> 
 <w id="w14.5.8">o</w> 
 <w id="w14.5.9">katerih</w> 
 <w id="w14.5.10">so</w> 
 <w id="w14.5.11">poročali</w> 
 <w id="w14.5.12">pri</w> 
 <w id="w14.5.13">uporabi</w> 
 <w id="w14.5.14">zdravila</w> 
 <w id="w14.5.15">Avonex</w>
 <w id="w14.5.16">,</w> 
 <w id="w14.5.17">glejte</w> 
 <w id="w14.5.18">navodilo</w> 
 <w id="w14.5.19">za</w> 
 <w id="w14.5.20">uporabo</w>
 <w id="w14.5.21">.</w>
</s> 
 
<s id="s14.6">
 <w id="w14.6.1">Zdravila</w> 
 <w id="w14.6.2">Avonex</w> 
 <w id="w14.6.3">ne</w> 
 <w id="w14.6.4">smejo</w> 
 <w id="w14.6.5">uporabljati</w> 
 <w id="w14.6.6">osebe</w>
 <w id="w14.6.7">,</w> 
 <w id="w14.6.8">ki</w> 
 <w id="w14.6.9">imajo</w> 
 <w id="w14.6.10">anamnezo</w> 
 <w id="w14.6.11">preobčutljivosti</w> 
 <w id="w14.6.12">na</w> 
 <w id="w14.6.13">(</w>
 <w id="w14.6.14">alergije</w> 
 <w id="w14.6.15">na</w>
 <w id="w14.6.16">)</w> 
 <w id="w14.6.17">naravni</w> 
 <w id="w14.6.18">ali</w> 
 <w id="w14.6.19">rekombinantni</w> 
 <w id="w14.6.20">interferon</w> 
 <w id="w14.6.21">beta</w>
 <w id="w14.6.22">,</w> 
 <w id="w14.6.23">humani</w> 
 <w id="w14.6.24">albumin</w> 
 <w id="w14.6.25">ali</w> 
 <w id="w14.6.26">katero</w> 
 <w id="w14.6.27">koli</w> 
 <w id="w14.6.28">drugo</w> 
 <w id="w14.6.29">sestavino</w> 
 <w id="w14.6.30">zdravila</w>
 <w id="w14.6.31">.</w>
</s> 
 
<s id="s14.7">
 <w id="w14.7.1">Predhodno</w> 
 <w id="w14.7.2">napolnjene</w> 
 <w id="w14.7.3">injekcijske</w> 
 <w id="w14.7.4">brizge</w> 
 <w id="w14.7.5">ne</w> 
 <w id="w14.7.6">vsebujejo</w> 
 <w id="w14.7.7">humanega</w> 
 <w id="w14.7.8">albumina</w>
 <w id="w14.7.9">.</w>
</s> 
 
<s id="s14.8">
 <w id="w14.8.1">Zdravljenje</w> 
 <w id="w14.8.2">z</w> 
 <w id="w14.8.3">zdravilom</w> 
 <w id="w14.8.4">Avonex</w> 
 <w id="w14.8.5">se</w> 
 <w id="w14.8.6">ne</w> 
 <w id="w14.8.7">sme</w> 
 <w id="w14.8.8">začeti</w> 
 <w id="w14.8.9">med</w> 
 <w id="w14.8.10">nosečnostjo</w>
 <w id="w14.8.11">.</w>
</s> 
 
<s id="s14.9">
 <w id="w14.9.1">Če</w> 
 <w id="w14.9.2">ženska</w> 
 <w id="w14.9.3">zanosi</w> 
 <w id="w14.9.4">med</w> 
 <w id="w14.9.5">jemanjem</w> 
 <w id="w14.9.6">zdravila</w>
 <w id="w14.9.7">,</w> 
 <w id="w14.9.8">naj</w> 
 <w id="w14.9.9">se</w> 
 <w id="w14.9.10">posvetuje</w> 
 <w id="w14.9.11">s</w> 
 <w id="w14.9.12">svojim</w> 
 <w id="w14.9.13">zdravnikom</w>
 <w id="w14.9.14">.</w>
</s> 
 
<s id="s14.10">
 <w id="w14.10.1">Zdravilo</w> 
 <w id="w14.10.2">Avonex</w> 
 <w id="w14.10.3">se</w> 
 <w id="w14.10.4">prav</w> 
 <w id="w14.10.5">tako</w> 
 <w id="w14.10.6">ne</w> 
 <w id="w14.10.7">sme</w> 
 <w id="w14.10.8">uporabljati</w> 
 <w id="w14.10.9">pri</w> 
 <w id="w14.10.10">bolnikih</w>
 <w id="w14.10.11">,</w> 
 <w id="w14.10.12">ki</w> 
 <w id="w14.10.13">trpijo</w> 
 <w id="w14.10.14">za</w> 
 <w id="w14.10.15">hudo</w> 
 <w id="w14.10.16">depresijo</w> 
 <w id="w14.10.17">ali</w> 
 <w id="w14.10.18">imajo</w> 
 <w id="w14.10.19">samomorilne</w> 
 <w id="w14.10.20">misli</w>
 <w id="w14.10.21">.</w>
</s></p>

<p id="15">
<s id="s15.1">
 <w id="w15.1.1">Zakaj</w> 
 <w id="w15.1.2">je</w> 
 <w id="w15.1.3">bilo</w> 
 <w id="w15.1.4">zdravilo</w> 
 <w id="w15.1.5">Avonex</w> 
 <w id="w15.1.6">odobreno</w>
 <w id="w15.1.7">?</w>
</s> 
 
<s id="s15.2">
 <w id="w15.2.1">Odbor</w> 
 <w id="w15.2.2">za</w> 
 <w id="w15.2.3">zdravila</w> 
 <w id="w15.2.4">za</w> 
 <w id="w15.2.5">uporabo</w> 
 <w id="w15.2.6">v</w> 
 <w id="w15.2.7">humani</w> 
 <w id="w15.2.8">medicini</w> 
 <w id="w15.2.9">(</w>
 <w id="w15.2.10">CHMP</w>
 <w id="w15.2.11">)</w> 
 <w id="w15.2.12">je</w> 
 <w id="w15.2.13">sklenil</w>
 <w id="w15.2.14">,</w> 
 <w id="w15.2.15">da</w> 
 <w id="w15.2.16">so</w> 
 <w id="w15.2.17">koristi</w> 
 <w id="w15.2.18">zdravila</w> 
 <w id="w15.2.19">Avonex</w> 
 <w id="w15.2.20">pri</w> 
 <w id="w15.2.21">zdravljenju</w> 
 <w id="w15.2.22">bolnikov</w> 
 <w id="w15.2.23">z</w> 
 <w id="w15.2.24">diagnozo</w> 
 <w id="w15.2.25">ponavljajoče</w> 
 <w id="w15.2.26">se</w> 
 <w id="w15.2.27">multiple</w> 
 <w id="w15.2.28">skleroze</w> 
 <w id="w15.2.29">ali</w> 
 <w id="w15.2.30">pri</w> 
 <w id="w15.2.31">zdravljenju</w> 
 <w id="w15.2.32">bolnikov</w>
 <w id="w15.2.33">,</w> 
 <w id="w15.2.34">ki</w> 
 <w id="w15.2.35">so</w> 
 <w id="w15.2.36">doživeli</w> 
 <w id="w15.2.37">en</w> 
 <w id="w15.2.38">sam</w> 
 <w id="w15.2.39">demielinizacijski</w> 
 <w id="w15.2.40">napad</w> 
 <w id="w15.2.41">z</w> 
 <w id="w15.2.42">aktivnim</w> 
 <w id="w15.2.43">vnetnim</w> 
 <w id="w15.2.44">procesom</w>
 <w id="w15.2.45">,</w> 
 <w id="w15.2.46">če</w> 
 <w id="w15.2.47">je</w> 
 <w id="w15.2.48">bil</w> 
 <w id="w15.2.49">dovolj</w> 
 <w id="w15.2.50">resen</w>
 <w id="w15.2.51">,</w> 
 <w id="w15.2.52">da</w> 
 <w id="w15.2.53">upravičuje</w> 
 <w id="w15.2.54">zdravljenje</w> 
 <w id="w15.2.55">z</w> 
 <w id="w15.2.56">injiciranjem</w> 
 <w id="w15.2.57">kortikosteroidov</w>
 <w id="w15.2.58">,</w> 
 <w id="w15.2.59">večje</w> 
 <w id="w15.2.60">od</w> 
 <w id="w15.2.61">z</w> 
 <w id="w15.2.62">njim</w> 
 <w id="w15.2.63">povezanih</w> 
 <w id="w15.2.64">tveganj</w>
 <w id="w15.2.65">.</w>
</s> 
 
<s id="s15.3">
 <w id="w15.3.1">Odbor</w> 
 <w id="w15.3.2">je</w> 
 <w id="w15.3.3">priporočil</w>
 <w id="w15.3.4">,</w> 
 <w id="w15.3.5">da</w> 
 <w id="w15.3.6">se</w> 
 <w id="w15.3.7">za</w> 
 <w id="w15.3.8">zdravilo</w> 
 <w id="w15.3.9">Avonex</w> 
 <w id="w15.3.10">odobri</w> 
 <w id="w15.3.11">dovoljenje</w> 
 <w id="w15.3.12">za</w> 
 <w id="w15.3.13">promet</w>
 <w id="w15.3.14">.</w>
</s> 
 
<s id="s15.4">
 <w id="w15.4.1">Zdravilo</w> 
 <w id="w15.4.2">Avonex</w> 
 <w id="w15.4.3">je</w> 
 <w id="w15.4.4">bilo</w> 
 <w id="w15.4.5">prvotno</w> 
 <w id="w15.4.6">odobreno</w> 
 <w id="w15.4.7">v</w> 
 <w id="w15.4.8">„</w>
 <w id="w15.4.9">izjemnih</w> 
 <w id="w15.4.10">okoliščinah</w>
 <w id="w15.4.11">“</w>
 <w id="w15.4.12">,</w> 
 <w id="w15.4.13">saj</w> 
 <w id="w15.4.14">so</w> 
 <w id="w15.4.15">bile</w> 
 <w id="w15.4.16">zaradi</w> 
 <w id="w15.4.17">znanstvenih</w> 
 <w id="w15.4.18">razlogov</w> 
 <w id="w15.4.19">ob</w> 
 <w id="w15.4.20">odobritvi</w> 
 <w id="w15.4.21">na</w> 
 <w id="w15.4.22">voljo</w> 
 <w id="w15.4.23">le</w> 
 <w id="w15.4.24">omejene</w> 
 <w id="w15.4.25">informacije</w>
 <w id="w15.4.26">.</w>
</s> 
 
<s id="s15.5">
 <w id="w15.5.1">Ker</w> 
 <w id="w15.5.2">je</w> 
 <w id="w15.5.3">družba</w> 
 <w id="w15.5.4">posredovala</w> 
 <w id="w15.5.5">zahtevane</w> 
 <w id="w15.5.6">dodatne</w> 
 <w id="w15.5.7">informacije</w>
 <w id="w15.5.8">,</w> 
 <w id="w15.5.9">so</w> 
 <w id="w15.5.10">„</w>
 <w id="w15.5.11">izjemne</w> 
 <w id="w15.5.12">okoliščine</w>
 <w id="w15.5.13">“</w> 
 <w id="w15.5.14">22</w>
 <w id="w15.5.15">.</w> 
 <w id="w15.5.16">marca</w> 
 <w id="w15.5.17">2006</w> 
 <w id="w15.5.18">prenehale</w> 
 <w id="w15.5.19">veljati</w>
 <w id="w15.5.20">.</w>
</s>                                                                                                    
 
<s id="s15.6">
 <w id="w15.6.1">2/</w>
 <w id="w15.6.2">3</w> 
 <w id="w15.6.3">Druge</w> 
 <w id="w15.6.4">informacije</w> 
 <w id="w15.6.5">o</w> 
 <w id="w15.6.6">zdravilu</w> 
 <w id="w15.6.7">Avonex</w>
 <w id="w15.6.8">:</w>
</s> 
 
<s id="s15.7">
 <w id="w15.7.1">Evropska</w> 
 <w id="w15.7.2">komisija</w> 
 <w id="w15.7.3">je</w> 
 <w id="w15.7.4">dovoljenje</w> 
 <w id="w15.7.5">za</w> 
 <w id="w15.7.6">promet</w> 
 <w id="w15.7.7">z</w> 
 <w id="w15.7.8">zdravilom</w> 
 <w id="w15.7.9">Avonex</w>
 <w id="w15.7.10">,</w> 
 <w id="w15.7.11">veljavno</w> 
 <w id="w15.7.12">po</w> 
 <w id="w15.7.13">vsej</w> 
 <w id="w15.7.14">Evropski</w> 
 <w id="w15.7.15">uniji</w>
 <w id="w15.7.16">,</w> 
 <w id="w15.7.17">odobrila</w> 
 <w id="w15.7.18">dne</w> 
 <w id="w15.7.19">13</w>
 <w id="w15.7.20">.</w> 
 <w id="w15.7.21">marca</w> 
 <w id="w15.7.22">1997</w>
 <w id="w15.7.23">.</w>
</s> 
 
<s id="s15.8">
 <w id="w15.8.1">Dovoljenje</w> 
 <w id="w15.8.2">za</w> 
 <w id="w15.8.3">promet</w> 
 <w id="w15.8.4">z</w> 
 <w id="w15.8.5">zdravilom</w> 
 <w id="w15.8.6">je</w> 
 <w id="w15.8.7">bilo</w> 
 <w id="w15.8.8">obnovljeno</w> 
 <w id="w15.8.9">dne</w> 
 <w id="w15.8.10">13</w>
 <w id="w15.8.11">.</w> 
 <w id="w15.8.12">marca</w> 
 <w id="w15.8.13">2002</w> 
 <w id="w15.8.14">in</w> 
 <w id="w15.8.15">dne</w> 
 <w id="w15.8.16">13</w>
 <w id="w15.8.17">.</w> 
 <w id="w15.8.18">marca</w> 
 <w id="w15.8.19">2007</w>
 <w id="w15.8.20">.</w>
</s> 
 
<s id="s15.9">
 <w id="w15.9.1">Imetnik</w> 
 <w id="w15.9.2">dovoljenja</w> 
 <w id="w15.9.3">za</w> 
 <w id="w15.9.4">promet</w> 
 <w id="w15.9.5">z</w> 
 <w id="w15.9.6">zdravilom</w> 
 <w id="w15.9.7">je</w> 
 <w id="w15.9.8">družba</w> 
 <w id="w15.9.9">Biogen</w> 
 <w id="w15.9.10">Idec</w> 
 <w id="w15.9.11">Limited</w>
 <w id="w15.9.12">.</w>
</s></p>

<p id="16">
<s id="s16.1">
 <w id="w16.1.1">Celotno</w> 
 <w id="w16.1.2">evropsko</w> 
 <w id="w16.1.3">javno</w> 
 <w id="w16.1.4">poročilo</w> 
 <w id="w16.1.5">o</w> 
 <w id="w16.1.6">oceni</w> 
 <w id="w16.1.7">zdravila</w> 
 <w id="w16.1.8">(</w>
 <w id="w16.1.9">EPAR</w>
 <w id="w16.1.10">)</w> 
 <w id="w16.1.11">za</w> 
 <w id="w16.1.12">zdravilo</w> 
 <w id="w16.1.13">Avonex</w> 
 <w id="w16.1.14">je</w> 
 <w id="w16.1.15">na</w> 
 <w id="w16.1.16">voljo</w> 
 <w id="w16.1.17">tukaj</w>
 <w id="w16.1.18">.</w>
</s></p>

<p id="17">
<s id="s17.1">
 <w id="w17.1.1">Povzetek</w> 
 <w id="w17.1.2">je</w> 
 <w id="w17.1.3">bil</w> 
 <w id="w17.1.4">nazadnje</w> 
 <w id="w17.1.5">posodobljen</w> 
 <w id="w17.1.6">12-</w>
 <w id="w17.1.7">2008</w>
 <w id="w17.1.8">.</w>
</s></p>

<p id="18">
<s id="s18.1">
 <w id="w18.1.1">3/</w>
 <w id="w18.1.2">3</w>
</s></p></text>
