<?xml version="1.0" encoding="utf-8"?>
<letsmt version="1.0">
<head></head>
<body>
<s id="s1.1">DODATEK I</s>
<s id="s2.1">POVZETEK GLAVNIH ZNAČILNOSTI ZDRAVILA</s>
<s id="s3.1">1/ 18 1.</s>
<s id="s3.2">IME ZDRAVILA ZA UPORABO V VETERINARSKI MEDICINI</s>
<s id="s4.1">Posatex kapljice za uho, suspenzija za pse</s>
<s id="s5.1">2.</s>
<s id="s5.2">KAKOVOSTNA IN KOLIČINSKA SESTAVA</s>
<s id="s6.1">Zdravilne učinkovine:</s>
<s id="s6.2">Orbifloksacin Mometazon furoat (kot monohidrat) Posakonazol</s>
<s id="s7.1">8. 5 mg/ ml 0. 9 mg/ ml 0. 9 mg/ ml</s>
<s id="s8.1">Pomožne snovi:</s>
<s id="s8.2">Parafinsko olje</s>
<s id="s9.1">Celoten seznam pomožnih snovi, glej razdelek 6. 1.</s>
<s id="s10.1">3.</s>
<s id="s10.2">FARMACEVTSKA OBLIKA</s>
<s id="s11.1">Kapljice za uho, suspenzija Bela do sivo bela oljna suspenzija</s>
<s id="s12.1">4.</s>
<s id="s12.2">KLINIČNI PODATKI</s>
<s id="s13.1">4. 1 Ciljna živalska vrsta</s>
<s id="s14.1">Psi</s>
<s id="s15.1">4. 2 Indikacije za uporabo pri ciljnih živalskih vrstah</s>
<s id="s16.1">Zdravljenje akutnih vnetij zunanjega sluhovoda pri psih in akutnih poslabšanj kroničnih vnetij, ki jih povzročajo za orbifloksacin občutljivi mikroorganizmi in glivice, občutljive za posakonazol, predvsem kvasovka Malassezia pachydermitis.</s>
<s id="s17.1">4. 3 Kontraindikacije</s>
<s id="s18.1">Kapljic ne dajemo psom s predrtim bobničem.</s>
<s id="s18.2">Ne uporabite v primeru preobčutljivosti na katero koli zdravilno učinkovino v zdravilu kortikosteroide, druga protiglivična zdravila iz skupine azolov in druge fluorkinolone.</s>
<s id="s18.3">Glej poglavje 4. 7 (Uporaba v obdobju brejosti, laktacije ali nesnosti)</s>
<s id="s19.1">ali na</s>
<s id="s20.1">4. 4.</s>
<s id="s20.2">Posebna opozorila za ciljno živalsko vrsto</s>
<s id="s21.1">Za postavitev pravilne diagnoze je potrebno ugotoviti primarni vzrok vnetja, ker so bakterije in glivice pogosto le sekundarni vzrok, ki povzroči vnetje zunanjega sluhovoda.</s>
<s id="s22.1">4. 5 Posebni previdnostni ukrepi</s>
<s id="s23.1">Posebni previdnostni ukrepi za uporabo pri živalih</s>
<s id="s24.1">V kolikor uporabljamo le eno skupino antibiotikov lahko bakterije na ta antibiotik razvijejo rezistenco.</s>
<s id="s24.2">Pomembno je da uporabimo fluorkinolone za zdravljenje takšnih kliničnih stanj, ki so slabo reagirala oz. predvidevamo, da bodo slabo odreagirala na zdravljenje z drugimi skupinami antibiotikov.</s>
<s id="s25.1">2/ 18 Za uporabo tega zdravila se odločamo na osnovi testa občutljivosti izoliranih bakterij in/ ali katerega drugega primernega diagnostičnega testa.</s>
<s id="s26.1">Kinolone povezujejo z erozijo hrustanca na sklepih nog in drugimi artropatijami pri še nerazvitih živalih( mladičih) različnih vrst.</s>
<s id="s26.2">Ne uporabite pri živalih mlajših od 4 mesece.</s>
<s id="s27.1">Dolgotrajna in intezivna uporaba lokalnih kortikosteroidov lahko povzroči lokalne ali sistemske stranske učinke, kot so supresija delovanja nadledvične žleze ter tanjšanje in slabše celjenje kože.</s>
<s id="s27.2">Glej poglavje 4. 10 (Preveliko odmerjanje)</s>
<s id="s28.1">Sluhovod je potrebno pred dajanjem kapljic pregledati, da se prepričamo, da bobnič ni poškodovan.</s>
<s id="s28.2">S tem se izognemo možnosti širjenja vnetja v srednje uho in preprečimo poškodbe, ki lahko nastanejo na ušesnem polžu in ušesnem preddvoru.</s>
<s id="s29.1">Posebni previdnostni ukrepi, ki jih mora izvajati oseba, ki živalim daje zdravilo</s>
<s id="s30.1">Roke si je potrebno po ravnanju s kapljicami umiti.</s>
<s id="s30.2">V kolikor pridejo kapljice v stik s kožo to mesto speremo z veliko količino vode.</s>
<s id="s31.1">4. 6 Neželeni učinki (pogostost in resnost)</s>
<s id="s32.1">Pojavi se lahko blaga rdečina.</s>
<s id="s32.2">Nekaterim starejšim psom se je ob dajanju zdravila prehodno poslabšal sluh.</s>
<s id="s33.1">4. 7 Uporaba v obdobju brejosti, laktacije ali nesnosti</s>
<s id="s34.1">Varnost zdravila v obdobju brejosti in laktacije ni bila ugotovljena.</s>
<s id="s35.1">Brejost:</s>
<s id="s35.2">Uporaba ni priporočljiva (v celotnem ali delnem obdobju brejosti).</s>
<s id="s36.1">Laktacija:</s>
<s id="s36.2">Uporaba ni priporočljiva v obdobju laktacije.</s>
<s id="s37.1">Laboratorijske študije, ki so jih opravili na mladičih so pokazale, da orbifloksacin, če ga uporabljamo sistemsko povzroča artropatije.</s>
<s id="s37.2">Znano je, da fluorkinoloni prehajajo skozi placento in se izločajo v mleko.</s>
<s id="s38.1">Plodnost:</s>
<s id="s38.2">Študije, ki bi pokazale kakšen je vpliv orbifloksacina na plodnost, niso bile narejene.</s>
<s id="s38.3">Ne uporabite pri vzrejnih živalih.</s>
<s id="s39.1">4. 8 Medsebojno delovanje z drugimi zdravili in druge oblike interakcij</s>
<s id="s40.1">Kompatibilnost s sredstvi za čiščenje ušes ni bila dokazana.</s>
<s id="s40.2">Sočasno uporabo s sredstvom za čiščenje ušes, ki ima visok pH ne priporočamo.</s>
<s id="s41.1">4. 9 Odmerjanje in način uporabe</s>
<s id="s42.1">Za zdravljenje ušes.</s>
<s id="s42.2">Ena kapljica vsebuje 244 µg orbifloksacina, 24 µg mometazon furoata and 24 µg posakonazola.</s>
<s id="s42.3">Sluhovod mora biti pred dajanjem zdravila čist in suh.</s>
<s id="s42.4">Odstranite dlake na mestu zdravljenja.</s>
<s id="s43.1">Pred uporabo stekleničko dobro pretresite.</s>
<s id="s43.2">Psom s telesno maso do 2 kg dajemo 2 kapljici zdravila v sluhovod enkrat dnevno.</s>
<s id="s43.3">Psom s telesno maso od 2do 15 kg dajemo 4 kapljice zdravila v sluhovod enkrat dnevno.</s>
<s id="s43.4">Psom s telesno maso 15 kg in več dajemo 8 kapljic zdravila v sluhovod enkrat dnevno.</s>
<s id="s44.1">3/ 18 Uporabite na sobni temperaturi.</s>
<s id="s44.2">(Ne dajajte hladnega zdravila v uho.)</s>
<s id="s45.1">Zdravilo dajemo sedem zaporednih dni.</s>
<s id="s45.2">Po dajanju zdravila se naj bazo ušesa zmasira, da se omogoči delovanje zdravila tudi v globljih delih sluhovoda.</s>
<s id="s46.1">4. 10 Preveliko odmerjanje (simptomi, nujni ukrepi, protistrupi), če je potrebno</s>
<s id="s47.1">Uporaba priporočenega odmerka (4 kapljice na uho) petkrat dnevno 21 zaporednih dni, je pri psih težkih 7, 6 do 11, 4 kg po adrenokortikotropični hormonski stimulaciji povzročila rahel padec serumske koncentracije kortizola.</s>
<s id="s47.2">Po prenehanju zdravljenja se delovanje nadledvične žleze normalizira.</s>
<s id="s48.1">4. 11 Karenca</s>
<s id="s49.1">Navedba ni smiselna.</s>
<s id="s50.1">5.</s>
<s id="s50.2">FARMAKOLOŠKE LASTNOSTI</s>
<s id="s51.1">Farmakoterapevtska skupina:</s>
<s id="s51.2">Zdravila za ušesne bolezni - kortikosteroidi in antibiotiki v kombinaciji.</s>
<s id="s51.3">Oznaka ATC vet: QS02CA91</s>
<s id="s52.1">5. 1 Farmakodinamične lastnosti</s>
<s id="s53.1">Orbifloksacin je sintetični širokospektralni baktericidni antibiotik derivat kinolonske karboksilne kisline iz vrste fluorkinolonov. Baktericidno delovanje orbifloksacina je posledica motenega delovanja encima DNA topoizomeraze II (DNA giraza) in encima DNA topoizomeraze IV, ki sta potrebna za sintezo in vzdrževanje bakterijske DNA.</s>
<s id="s53.2">Zaradi tega je prekinjena produkcija bakterijske celice, kar privede do njenega hitrega uničenja.</s>
<s id="s53.3">Hitrost in obseg uničenih bakterij sta v direktni povezavi s koncentracijo zdravila.</s>
<s id="s53.4">Orbifloksacin deluje in vitro na številne grampozitivne in gramnegativne bakterije.</s>
<s id="s54.1">Mometazon furoat je kortikosteroid z visoko lokalno učinkovitostjo in majhnim sistemskim učinkom.</s>
<s id="s54.2">Kot drugi lokalni kortikosteroidi deluje protivnetno in lajša srbenje.</s>
<s id="s54.3">Posakonazol je antimikotik iz skupine triazolov s širokim spektrom delovanja.</s>
<s id="s54.4">Njegovo delovanje je vezano na selektivno inhibicijo encima lanosterol 14- demetilaza (CYP51), ki sodeluje pri biosintezi ergosterola pri kvasovkah in glivicah.</s>
<s id="s54.5">In vitro poskusi so pokazali, da posakonazol deluje na večino od približno 7000 sevov kvasovk in gliv, ki so bile testirane.</s>
<s id="s54.6">Posakonazol je in vitro 40- 100 krat bolj učinkovit proti Malassezia pachydermatis kot klotrimazol, mikonazol in nistatin.</s>
<s id="s54.7">Do rezistence na fluorkinolone pride zaradi treh mehanizmov, ki sodelujejo pri mutaciji kromosomov: zmanjšanje prepustnosti bakterijske stene, delovanja efflux črpalke in pa mutacije encima odgovornega za vezavo molekul.</s>
<s id="s54.8">Navskrižna rezistenca med antibiotiki iz skupine fluorkinolonov je običajen pojav.</s>
<s id="s54.9">Rezistenca Malassezia pachydermatis na azole vključno s posakonazolom ni bila ugotovljena.</s>
<s id="s54.10">V klinični študiji opravljeni pri psih, v letih 2000- 2001 na območju EU je bil učinek orbifloksacina in vitro na bakterije, ki so bile izolirane pri vnetjih zunanjega sluhovoda sledeč:</s>
<s id="s55.1">4/ 18 Minimalna inhibitorna koncentracija vs.</s>
<s id="s55.2">Orbifloksacin – Povzetek</s>
<s id="s56.1">Bakterija Citrobacter sp.</s>
<s id="s56.2">E coli</s>
<s id="s57.1">N 10 11</s>
<s id="s58.1">Min 0. 250 0. 06</s>
<s id="s59.1">Max 2 0. 5</s>
<s id="s60.1">MIC50 2 0. 125</s>
<s id="s61.1">MIC 90 2 0. 5</s>
<s id="s62.1">Enterococci</s>
<s id="s63.1">36</s>
<s id="s64.1">0. 250</s>
<s id="s65.1">&gt; 16</s>
<s id="s66.1">4</s>
<s id="s67.1">16</s>
<s id="s68.1">Proteus mirabilis</s>
<s id="s69.1">13</s>
<s id="s70.1">0. 5</s>
<s id="s71.1">8</s>
<s id="s72.1">1</s>
<s id="s73.1">2</s>
<s id="s74.1">Pseudomonas aeruginosa</s>
<s id="s75.1">27</s>
<s id="s76.1">1</s>
<s id="s77.1">&gt; 16</s>
<s id="s78.1">4</s>
<s id="s79.1">8</s>
<s id="s80.1">Staphylococcus intermedius Streptococcus</s>
<s id="s81.1">171</s>
<s id="s82.1">0. 125</s>
<s id="s83.1">2</s>
<s id="s84.1">0. 5</s>
<s id="s85.1">1</s>
<s id="s86.1">ß- haemolyticus G</s>
<s id="s87.1">24</s>
<s id="s88.1">2</s>
<s id="s89.1">4</s>
<s id="s90.1">2</s>
<s id="s91.1">4</s>
<s id="s92.1">5. 2 Farmakokinetični podatki</s>
<s id="s93.1">Sistemska absorbcija aktivnih učinkovin je bila dokazana v študiji, kjer so uporabili Posatex, ki je vseboval [14C] - orbifloksacin, [3H] - mometazon furoat and [14C] - posakonazol in ga dali v sluhovod zdravega psa, pasme Beagle.</s>
<s id="s93.2">Večji del absorbcije zdravila se je zgodil v prvih nekaj dneh po dajanju zdravila.</s>
<s id="s93.3">Obseg perkutane absorbcije lokalnega zdravila je odvisna od številnih dejavnikov, med njimi tudi od nepoškodovanosti kože.</s>
<s id="s93.4">Vnetje lahko poveča perkutano absorbcijo zdravila.</s>
<s id="s94.1">6.</s>
<s id="s94.2">FARMACEVTSKI PODATKI</s>
<s id="s95.1">6. 1 Seznam pomožnih snovi</s>
<s id="s96.1">Parafinsko olje Plastificiran ogljikovodikov gel (5% polietilen in 95% mineralno olje)</s>
<s id="s97.1">6. 2 Inkompatibilnosti</s>
<s id="s98.1">Niso znane.</s>
<s id="s99.1">6. 3 Rok uporabnosti</s>
<s id="s100.1">Rok uporabnosti zdravila v pakiranju za prodajo:</s>
<s id="s100.2">2 leti.</s>
<s id="s100.3">Rok uporabnosti zdravila po prvem odpiranju vsebnika:</s>
<s id="s100.4">28 dni.</s>
<s id="s101.1">6. 4 Posebna navodila za shranjevanje</s>
<s id="s102.1">Shranjujte v hladilniku (2°C - 8°C).</s>
<s id="s102.2">Po odprtju ne shranjujte pri temperaturi nad 25 °C.</s>
<s id="s102.3">Shranjujte v originalnem vsebniku in ovojnini.</s>
<s id="s103.1">6. 5 Vrsta ovojnine in vsebina</s>
<s id="s104.1">Bela neprozorna polietilenske plastenka z nastavkom za dajanje v uho.</s>
<s id="s104.2">Velikost plastenk:</s>
<s id="s104.3">8, 8; 17, 5 in 35, 1 ml.</s>
<s id="s104.4">Ni nujno, da so v prometu vsa pakiranja.</s>
<s id="s105.1">6. 6 Posebni varnostni ukrepi za odstranjevanje neporabljenega zdravila ali odpadnih snovi, če obstajajo</s>
<s id="s106.1">Vsako neporabljeno zdravilo za uporabo v veterinarski medicini ali odpadne snovi, ki nastanejo iz teh zdravil, je treba odstraniti v skladu z lokalnimi predpisi.</s>
<s id="s107.1">5/ 18 7.</s>
<s id="s107.2">IMETNIK( I) DOVOLJENJ( A) ZA PROMET</s>
<s id="s108.1">S- P Veterinary Shire Park Welwyn Garden City Hertfordshire AL7 1TW United Kingdom</s>
<s id="s109.1">8.</s>
<s id="s109.2">ŠTEVILKA DOVOLJENJA ZA PROMET</s>
<s id="s110.1">EU/ 2/ 08/ 081/ 001 8. 8 ml EU/ 2/ 08/ 081/ 002 17. 5 ml EU/ 2/ 08/ 081/ 003 35. 1 ml</s>
<s id="s111.1">9.</s>
<s id="s111.2">DATUM PRIDOBITVE/ PODALJŠANJA DOVOLJENJA ZA PROMET</s>
<s id="s112.1">23/ 06/ 2008</s>
<s id="s113.1">10.</s>
<s id="s113.2">DATUM REVIZIJE BESEDILA</s>
<s id="s114.1">06/ 2008</s>
<s id="s115.1">Podrobne informacije o tem zdravilu za uporabo v veterinarski medicini so na voljo na spletni strani Evropske agencije za zdravila (European Medicines Agency, EMEA) http: // www. emea. europa. eu</s>
<s id="s116.1">PREPOVED PRODAJE, OSKRBE IN/ ALI UPORABE</s>
<s id="s117.1">Navedba ni smiselna.</s>
<s id="s118.1">6/ 18 DODATEK II</s>
<s id="s119.1">A.</s>
<s id="s119.2">IMETNIK( I) DOVOLJENJ( A) ZA IZDELAVO ZDRAVILA, ODGOVOREN (ODGOVORNI) ZA SPROŠČANJE SERIJE</s>
<s id="s120.1">B.</s>
<s id="s120.2">POGOJI DOVOLJENJA ZA PROMET Z ZDRAVILOM TER OMEJITVE GLEDE OSKRBE IN UPORABE</s>
<s id="s121.1">C.</s>
<s id="s121.2">POGOJI DOVOLJENJA ZA PROMET Z ZDRAVILOM TER OMEJITVE GLEDE VARNE IN UČINKOVITE UPORABE</s>
<s id="s122.1">D.</s>
<s id="s122.2">NAVEDBA NAJVIŠJIH DOVOLJENIH KOLIČIN ZAOSTANKOV ZDRAVILA (MRL)</s>
<s id="s123.1">7/ 18 A.</s>
<s id="s123.2">IMETNIK DOVOLJENJA ZA IZDELAVO ZDRAVILA, ODGOVOREN ZA SPROŠČANJE SERIJE</s>
<s id="s124.1">Ime in naslov izdelovalca zdravila, odgovornega za sproščanje serije</s>
<s id="s125.1">S- P Bray Boghall Road County Wicklow Irska</s>
<s id="s126.1">B.</s>
<s id="s126.2">POGOJI DOVOLJENJA ZA PROMET Z ZDRAVILOM TER OMEJITVE GLEDE OSKRBE IN UPORABE</s>
<s id="s127.1">Izdaja zdravila je le na veterinarski recept.</s>
<s id="s128.1">C.</s>
<s id="s128.2">POGOJI DOVOLJENJA ZA PROMET Z ZDRAVILOM TER OMEJITVE GLEDE VARNE IN UČINKOVITE UPORABE</s>
<s id="s129.1">Navedba ni smiselna.</s>
<s id="s130.1">D.</s>
<s id="s130.2">NAVEDBA NAJVIŠJIH DOVOLJENIH KOLIČIN ZAOSTANKOV ZDRAVILA (MRL)</s>
<s id="s131.1">Navedba ni smiselna.</s>
<s id="s132.1">8/ 18 DODATEK III</s>
<s id="s133.1">OZNAČEVANJE IN NAVODILO ZA UPORABO</s>
<s id="s134.1">9/ 18 A.</s>
<s id="s134.2">OZNAČEVANJE</s>
<s id="s135.1">10/ 18 PODATKI NA ZUNANJI OVOJNINI PODATKI NA STIČNI OZ.</s>
<s id="s135.2">PRIMARNI OVOJNINI</s>
<s id="s136.1">Plastenke vsebujejo 8. 8, 17. 5 or 35. 1 ml</s>
<s id="s137.1">1.</s>
<s id="s137.2">IME ZDRAVILA ZA UPORABO V VETERINARSKI MEDICINI</s>
<s id="s138.1">Posatex kapljice za uho, suspenzija za pse 8. 5 mg orbifloksacin, 0. 9 mg mometazon furoat (kot monohidrat) in 0. 9 mg posakonazol v ml</s>
<s id="s139.1">2.</s>
<s id="s139.2">NAVEDBA ZDRAVILNE UČINKOVINE IN DRUGIH SNOVI</s>
<s id="s140.1">8. 5 mg/ ml orbifloksacin, 0. 9 mg/ ml mometazon furoat (kot monohidrat) in 0. 9 mg/ ml posakonazol</s>
<s id="s141.1">3.</s>
<s id="s141.2">FARMACEVTSKA OBLIKA</s>
<s id="s142.1">Kapljice za uho, suspenzija</s>
<s id="s143.1">4.</s>
<s id="s143.2">VELIKOST PAKIRANJA</s>
<s id="s144.1">8. 8 ml 17. 5 ml 35. 1 mL</s>
<s id="s145.1">5.</s>
<s id="s145.2">CILJNA ŽIVALSKA VRSTA</s>
<s id="s146.1">Psi</s>
<s id="s147.1">6.</s>
<s id="s147.2">INDIKACIJA( E)</s>
<s id="s148.1">Zdravljenje akutnih vnetij in akutnih poslabšanj kroničnih vnetij zunanjega sluhovoda.</s>
<s id="s149.1">7.</s>
<s id="s149.2">NAČIN UPORABE IN DAJANJA</s>
<s id="s150.1">Samo za zdravljenje ušes.</s>
<s id="s150.2">Pred uporabo preberite navodila za uporabo.</s>
<s id="s151.1">8.</s>
<s id="s151.2">KARENCA</s>
<s id="s152.1">Navedba ni smiselna.</s>
<s id="s153.1">9.</s>
<s id="s153.2">POSEBNO( A) OPOZORILO( A), ČE JE/ SO POTREBNO( A)</s>
<s id="s154.1">Pred uporabo preberite navodilo za uporabo.</s>
<s id="s155.1">11/ 18 10.</s>
<s id="s155.2">DATUM IZTEKA ROKA UPORABNOSTI ZDRAVILA</s>
<s id="s156.1">Exp:</s>
<s id="s156.2">Načeto zdravilo uporabite v 28dneh.</s>
<s id="s157.1">11.</s>
<s id="s157.2">POSEBNA NAVODILA ZA SHRANJEVANJE</s>
<s id="s158.1">Shranjujte v hladilniku (2°C - 8°C).</s>
<s id="s158.2">Po odprtju ne shranjujte pri temperaturi nad 25 °C.</s>
<s id="s158.3">Shranjujte v originalnem vsebniku in ovojnini.</s>
<s id="s159.1">12.</s>
<s id="s159.2">POSEBNI VARNOSTNI UKREPI ZA ODSTRANJEVANJE NEPORABLJENEGA ZDRAVILA ALI ODPADNIH SNOVI, ČE OBSTAJAJO</s>
<s id="s160.1">Vsako neporabljeno zdravilo za uporabo v veterinarski medicini ali odpadne snovi, ki nastanejo iz teh zdravil, je treba odstraniti v skladu z lokalnimi predpisi.</s>
<s id="s161.1">13.</s>
<s id="s161.2">BESEDILO “ SAMO ZA ŽIVALI ” IN POGOJI ALI OMEJITVE GLEDE OSKRBE IN UPORABE, če je navedba smiselna</s>
<s id="s162.1">Samo za živali – oskrba le na podlagi veterinarskega recepta.</s>
<s id="s163.1">14.</s>
<s id="s163.2">BESEDILO “ ZDRAVILO SHRANJUJTE NEDOSEGLJIVO OTROKOM ”</s>
<s id="s164.1">Zdravilo shranjujte nedosegljivo otrokom.</s>
<s id="s165.1">15.</s>
<s id="s165.2">IME IN NASLOV IMETNIKA DOVOLJENJA ZA PROMET Z ZDRAVILOM</s>
<s id="s166.1">S- P Veterinary Shire Park Welwyn Garden City Hertfordshire AL7 1TW United Kingdom</s>
<s id="s167.1">16.</s>
<s id="s167.2">ŠTEVILKA DOVOLJENJA ZA PROMET</s>
<s id="s168.1">EU/ 2/ 08/ 081/ 001 8. 8 ml EU/ 2/ 08/ 081/ 002 17. 5 ml EU/ 2/ 08/ 081/ 003 35. 1 ml</s>
<s id="s169.1">17.</s>
<s id="s169.2">IZDELOVALČEVA ŠTEVILKA SERIJE IZDELAVE ZDRAVILA</s>
<s id="s170.1">Številka serije</s>
<s id="s171.1">12/ 18 PODATKI, KI MORAJO BITI NAJMANJ NAVEDENI NA MANJŠIH STIČNIH OVOJNINAH</s>
<s id="s172.1">Plastenka</s>
<s id="s173.1">1.</s>
<s id="s173.2">IME ZDRAVILA ZA UPORABO V VETERINARSKI MEDICINI</s>
<s id="s174.1">Posatex kapljice za uho, suspenzija za pse 8. 5 mg orbifloksacin, 0. 9 mg mometazon furoat (kot monohidrat) in 0. 9 mg posakonazol v ml</s>
<s id="s175.1">2.</s>
<s id="s175.2">KOLIČINA ZDRAVILNE( IH) UČINKOVIN( E)</s>
<s id="s176.1">8. 5 mg/ ml orbifloksacin, 0. 9 mg/ ml mometazon furoat (kot monohidrat) in 0. 9 mg/ ml posakonazol</s>
<s id="s177.1">3.</s>
<s id="s177.2">VSEBINA, IZRAŽENA Z MASO, PROSTORNINO ALI ŠTEVILOM ODMERKOV</s>
<s id="s178.1">8. 8 ml 17. 5 ml 35. 1 mL</s>
<s id="s179.1">4.</s>
<s id="s179.2">POT( I) UPORABE ZDRAVILA</s>
<s id="s180.1">Kapljice za uho.</s>
<s id="s181.1">5.</s>
<s id="s181.2">KARENCA</s>
<s id="s182.1">Ni smiselna.</s>
<s id="s183.1">6.</s>
<s id="s183.2">ŠTEVILKA SERIJE</s>
<s id="s184.1">Številka serije:</s>
<s id="s185.1">7.</s>
<s id="s185.2">DATUM IZTEKA ROKA UPORABNOSTI ZDRAVILA</s>
<s id="s186.1">EXP:</s>
<s id="s186.2">Načeto zdravilo uporabite v 28 dneh.</s>
<s id="s187.1">8.</s>
<s id="s187.2">BESEDILO “ SAMO ZA ŽIVALI ”</s>
<s id="s188.1">Samo za živali.</s>
<s id="s189.1">13/ 18 B.</s>
<s id="s189.2">NAVODILO ZA UPORABO</s>
<s id="s190.1">14/ 18 NAVODILO ZA UPORABO</s>
<s id="s191.1">Posatex kapljice za uho, suspenzija za pse 8. 5 mg orbifloksacin, 0. 9 mg mometazon furoat (kot monohidrat) in 0. 9 mg posakonazol v ml</s>
<s id="s192.1">1.</s>
<s id="s192.2">IME IN NASLOV IMETNIKA DOVOLJENJA ZA PROMET Z ZDRAVILOM TER IMETNIKA DOVOLJENJA ZA PROIZVODNJO ZDRAVILA, ODGOVORNEGA ZA SPROSTITEV SERIJ V EGP, ČE STA RAZLIČNA</s>
<s id="s193.1">Imetnik dovoljenja za promet z zdravilom:</s>
<s id="s193.2">S- P Veterinary Shire Park Welwyn Garden City Hertfordshire AL7 1TW United Kingdom</s>
<s id="s194.1">Izdelovalec, odgovoren za sprostitev serije:</s>
<s id="s194.2">Schering Plough Boghall Road Bray, County Wicklow Irska</s>
<s id="s195.1">2.</s>
<s id="s195.2">IME ZDRAVILA ZA UPORABO V VETERINARSKI MEDICINI</s>
<s id="s196.1">Posatex kapljice za uho, suspenzija 8. 5 mg orbifloksacin, 0. 9 mg mometazon furoat (kot monohidrat) in 0. 9 mg posakonazol v ml</s>
<s id="s197.1">3.</s>
<s id="s197.2">NAVEDBA ZDRAVILNE UČINKOVIN( E) IN DRUGE( IH) SESTAVIN( E)</s>
<s id="s198.1">8. 5 mg orbifloksacin, 0. 9 mg mometazon furoat (kot monohidrat) in 0. 9 mg posakonazol v ml</s>
<s id="s199.1">4.</s>
<s id="s199.2">INDIKACIJE</s>
<s id="s200.1">Zdravljenje akutnih vnetij zunanjega sluhovoda pri psih in akutnih poslabšanj kroničnih vnetij, ki jih povzročajo za orbifloksacin občutljivi mikroorganizmi in glivice, občutljive za posakonazol, predvsem kvasovka Malassezia pachydermitis.</s>
<s id="s201.1">5.</s>
<s id="s201.2">KONTRAINDIKACIJE</s>
<s id="s202.1">Kapljic ne dajemo psom s predrtim bobničem.</s>
<s id="s202.2">Ne uporabite v primeru preobčutljivosti na katero koli zdravilno učinkovino v zdravilu kortikosteroide, druga protiglivična zdravila iz skupine azolov in druge fluorkinolone.</s>
<s id="s203.1">ali na</s>
<s id="s204.1">6.</s>
<s id="s204.2">NEŽELENI UČINKI</s>
<s id="s205.1">Če opazite kakršne koli resne stranske učinke ali druge učinke, ki niso omenjeni v teh navodilih za uporabo, obvestite svojega veterinarja.</s>
<s id="s206.1">15/ 18 7.</s>
<s id="s206.2">CILJNE ŽIVALSKE VRSTE</s>
<s id="s207.1">Psi.</s>
<s id="s208.1">8.</s>
<s id="s208.2">ODMEREK ZA POSAMEZNE ŽIVALSKE VRSTE TER POT( I) IN NAČIN UPORABE ZDRAVILA</s>
<s id="s209.1">Za zdravljenje ušes.</s>
<s id="s209.2">Ena kapljica vsebuje 244 µg orbifloksacina, 24 µg mometazon furoata and 24 µg posakonazola.</s>
<s id="s209.3">Psom s telesno maso do 2 kg dajemo 2 kapljici zdravila v sluhovod enkrat dnevno.</s>
<s id="s209.4">Psom s telesno maso od 2do 15 kg dajemo 4 kapljice zdravila v sluhovod enkrat dnevno.</s>
<s id="s209.5">Psom s telesno maso 15 kg in več dajemo 8 kapljic zdravila v sluhovod enkrat dnevno.</s>
<s id="s210.1">Uporabite na sobni temperaturi.</s>
<s id="s210.2">(Ne dajajte hladnega zdravila v uho.)</s>
<s id="s211.1">Zdravilo dajemo sedem zaporednih dni.</s>
<s id="s212.1">9.</s>
<s id="s212.2">NASVET O PRAVILNI UPORABI ZDRAVILA</s>
<s id="s213.1">Sluhovod mora biti pred dajanjem zdravila čist in suh.</s>
<s id="s213.2">Odstranite dlake na mestu zdravljenja.</s>
<s id="s213.3">Pred uporabo stekleničko dobro pretresi.</s>
<s id="s213.4">Po dajanju zdravila naj se bazo ušesa zmasira, da se omogoči delovanje zdravila tudi v globljih delih sluhovoda.</s>
<s id="s214.1">10.</s>
<s id="s214.2">KARENCA</s>
<s id="s215.1">Navedba ni smiselna.</s>
<s id="s216.1">11.</s>
<s id="s216.2">POSEBNA NAVODILA ZA SHRANJEVANJE</s>
<s id="s217.1">Shranjujte nedosegljivo otrokom.</s>
<s id="s217.2">Shranjujte v hladilniku (2°C - 8°C).</s>
<s id="s217.3">Po odprtju ne shranjujte pri temperaturi nad 25 °C.</s>
<s id="s217.4">Zdravila ne smete uporabljati po datumu izteka roka uporabnosti.</s>
<s id="s217.5">Rok uporabnosti zdravila po prvem odpiranju vsebnika:</s>
<s id="s217.6">28 dni.</s>
<s id="s218.1">12.</s>
<s id="s218.2">POSEBNA OPOZORILA</s>
<s id="s219.1">Za postavitev pravilne diagnoze je potrebno ugotoviti primarni vzrok vnetja, ker so bakterije in glivice pogosto le sekundarni vzrok, ki povzroči vnetje zunanjega sluhovoda.</s>
<s id="s220.1">13.</s>
<s id="s220.2">POSEBNI VARNOSTNI UKREPI ZA ODSTRANJEVANJE NEPORABLJENEGA ZDRAVILA ALI ODPADNIH SNOVI, ČE OBSTAJAJO</s>
<s id="s221.1">Vsako neporabljeno zdravilo za uporabo v veterinarski medicini ali odpadne snovi, ki nastanejo iz teh zdravil, je treba odstraniti v skladu z lokalnimi predpisi.</s>
<s id="s222.1">14.</s>
<s id="s222.2">DATUM ZADNJE ODOBRITVE NAVODIL ZA UPORABO</s>
<s id="s223.1">06/ 2008</s>
<s id="s224.1">16/ 18 Podrobne informacije o tem zdravilu za uporabo v veterinarski medicini so na voljo na spletni strani Evropske agencije za zdravila (European Medicines Agency, EMEA) http: // www. emea. europa. eu</s>
<s id="s225.1">15.</s>
<s id="s225.2">DRUGE INFORMACIJE</s>
<s id="s226.1">Za vse nadaljnje informacije o tem zdravilu se obrnite na krajevno predstavništvo imetnika dovoljenja za promet z zdravilom.</s>
<s id="s227.1">België/ Belgique/ Belgien Rue de Stalle/ Stallestraat 73 BE- 1180 Bruxelles/ Brussel/ Brüssel +32- 2- 370- 94- 01</s>
<s id="s228.1">Luxembourg/ Luxemburg Rue de Stalle 73 BE- 1180 Bruxelles/ Brüssel Belgique/ Belgien +32- 2- 370- 94- 01</s>
<s id="s229.1">Република България Alfapharm Ltd.</s>
<s id="s229.2">DV Hasel Ismailova Ismailova 1000, Sofia, Bulgaria JK Borovo, 20 B Yastrebetz Street + 359 2 9582959</s>
<s id="s230.1">Magyarország Alkotás u.</s>
<s id="s230.2">53 MOM Park B 3 HU- 1123 Budapest +36- 1- 457- 8500</s>
<s id="s231.1">Česká republika Na Příkopě 25 Praha 1 CZ- 110 00 +420- 221 771 250</s>
<s id="s232.1">Malta Agrimed Limited Mdina Road Zebbug MT- ZBG 06 +356 21 465797</s>
<s id="s233.1">Danmark Lautrupbjerg 2 DK- 2750 Ballerup</s>
<s id="s234.1">Nederland Stallestraat 73 BE- 1180 Brussel België +32- 2- 370- 94- 01</s>
<s id="s235.1">Deutschland Thomas- Dehler- Str.</s>
<s id="s235.2">27 DE- 81737 München +49- 89- 62731413 Eesti ZooVetVaru Pärnasalu 31, EE- 76505 Saue +372 6 709 006 Ελλάδα Αγίου ∆ηµητρίου 63 EL- 174 55 Άλιµος Αθήνα +30- 210- 9897- 300</s>
<s id="s236.1">Norge Ankerveien 209 NO- 1359 Eiksmarka +47- 6716 6450 Österreich Thomas- Dehler- Str.</s>
<s id="s236.2">27 DE- 81737 München Deutschland +49- 89- 62731413 Polska Ul.</s>
<s id="s236.3">Migdałowa 4 PL- 02- 796 Warszawa +48 22 645 11 20</s>
<s id="s237.1">España Km 36, Carretera Nacional N- 1 ES- 28750 San Agustín de Guadalix Madrid +34- 91- 848- 8500</s>
<s id="s238.1">Portugal Rua Agualva dos Açores, n. º 16 PT- 2735 - 557 Agualva- Cacém +3512- 1- 433- 9300</s>
<s id="s239.1">17/ 18 France 92, rue Baudin FR- 92307 Levallois- Perret cedex +33- 1- 41- 06- 35- 00</s>
<s id="s240.1">România Altius SRL 021364, Iancu Capitanu 38 Sector 2, Bucuresti +40 213108882</s>
<s id="s241.1">Ireland Boghall Road IRL - Bray Co.</s>
<s id="s241.2">Wicklow +353- 1- 205- 0900 Ísland Lyngháls 13 IS- 110 Reykjavík +354- 540- 8080</s>
<s id="s242.1">Slovenija Kemofarmacija d. d.</s>
<s id="s242.2">Cesta na Brdo 100 SI- 1000 Ljubljana +386 1 470 9928 Slovenská republika Strakova 5 SK- 811 01 Bratislava 1 +421- 2- 59202712</s>
<s id="s243.1">Italia Centro Direzionale Milano 2 Palazzo Borromini IT- 20090 Segrate MI Milano +39- 2- 210181</s>
<s id="s244.1">Suomi/ Finland PL3 (Niittytaival 13) FI- 02201 Espoo/ Esbo +358- 9- 2535- 5300</s>
<s id="s245.1">Κύπρος Cycon Chemicals Ltd.</s>
<s id="s245.2">Προµηθέως 5 CY- 27417 Λευκωσία +357 22 675600</s>
<s id="s246.1">Sverige Tegeluddsvägen 31 SE- 102 52 Stockholm +46- 8- 522- 21- 500</s>
<s id="s247.1">Latvija Veta Bauskas iela 58, LV- 1004 Riga +371 7 610 001 Lietuva Dimeli Baltic Panerių 258 LT- 3026 Kaunas +370 37 323 144</s>
<s id="s248.1">United Kingdom Breakspear Road South Harefield UB9 6LS - UK +44- 1895- 626000</s>
<s id="s249.1">18/ 18</s>
</body>
</letsmt>
