<?xml version="1.0" encoding="utf-8"?>
<text>
<p id="1">
<s id="s1.1">
 <w id="w1.1.1">European</w> 
 <w id="w1.1.2">Medicines</w> 
 <w id="w1.1.3">Agency</w>
</s></p>

<p id="2">
<s id="s2.1">
 <w id="w2.1.1">EMEA/</w>
 <w id="w2.1.2">H/</w>
 <w id="w2.1.3">C/</w>
 <w id="w2.1.4">588</w>
</s></p>

<p id="3">
<s id="s3.1">
 <w id="w3.1.1">EVROPSKO</w> 
 <w id="w3.1.2">JAVNO</w> 
 <w id="w3.1.3">POROČILO</w> 
 <w id="w3.1.4">O</w> 
 <w id="w3.1.5">OCENI</w> 
 <w id="w3.1.6">ZDRAVILA</w> 
 <w id="w3.1.7">(</w>
 <w id="w3.1.8">EPAR</w>
 <w id="w3.1.9">)</w>
</s></p>

<p id="4">
<s id="s4.1">
 <w id="w4.1.1">EXUBERA</w>
</s></p>

<p id="5">
<s id="s5.1">
 <w id="w5.1.1">et</w>                                                     
 <w id="w5.1.2">Povzetek</w> 
 <w id="w5.1.3">EPAR</w> 
 <w id="w5.1.4">za</w> 
 <w id="w5.1.5">javnost</w>
</s></p>

<p id="6">
<s id="s6.1">
 <w id="w6.1.1">om</w>   
 <w id="w6.1.2">Ta</w> 
 <w id="w6.1.3">dokument</w> 
 <w id="w6.1.4">je</w> 
 <w id="w6.1.5">povzetek</w> 
 <w id="w6.1.6">Evropskega</w> 
 <w id="w6.1.7">javnega</w> 
 <w id="w6.1.8">poročila</w> 
 <w id="w6.1.9">o</w> 
 <w id="w6.1.10">oceni</w> 
 <w id="w6.1.11">zdravila</w> 
 <w id="w6.1.12">(</w>
 <w id="w6.1.13">EPAR</w>
 <w id="w6.1.14">)</w>
 <w id="w6.1.15">.</w>
</s> 
 
<s id="s6.2">
 <w id="w6.2.1">Pojasnjuje</w>
 <w id="w6.2.2">,</w> 
 <w id="w6.2.3">kako</w>
</s></p>

<p id="7">
<s id="s7.1">
 <w id="w7.1.1">pr</w>   
 <w id="w7.1.2">je</w> 
 <w id="w7.1.3">Odbor</w> 
 <w id="w7.1.4">za</w> 
 <w id="w7.1.5">zdravila</w> 
 <w id="w7.1.6">za</w> 
 <w id="w7.1.7">uporabo</w> 
 <w id="w7.1.8">v</w> 
 <w id="w7.1.9">humani</w> 
 <w id="w7.1.10">medicini</w> 
 <w id="w7.1.11">(</w>
 <w id="w7.1.12">CHMP</w>
 <w id="w7.1.13">)</w> 
 <w id="w7.1.14">ocenil</w> 
 <w id="w7.1.15">opravljene</w> 
 <w id="w7.1.16">raziskave</w>
 <w id="w7.1.17">,</w> 
 <w id="w7.1.18">na</w>   
 <w id="w7.1.19">podlagi</w> 
 <w id="w7.1.20">česar</w> 
 <w id="w7.1.21">je</w> 
 <w id="w7.1.22">oblikoval</w> 
 <w id="w7.1.23">priporočila</w> 
 <w id="w7.1.24">glede</w> 
 <w id="w7.1.25">uporabe</w> 
 <w id="w7.1.26">zdravila</w>
 <w id="w7.1.27">.</w>
</s>   
 
<s id="s7.2">
 <w id="w7.2.1">Če</w> 
 <w id="w7.2.2">potrebujete</w> 
 <w id="w7.2.3">več</w> 
 <w id="w7.2.4">informacij</w> 
 <w id="w7.2.5">o</w> 
 <w id="w7.2.6">vašem</w> 
 <w id="w7.2.7">zdravstvenem</w> 
 <w id="w7.2.8">stanju</w> 
 <w id="w7.2.9">ali</w> 
 <w id="w7.2.10">zdravljenju</w>
 <w id="w7.2.11">,</w> 
 <w id="w7.2.12">preberite</w> 
 <w id="w7.2.13">Navodila</w> 
 <w id="w7.2.14">za</w>
</s></p>

<p id="8">
<s id="s8.1">
 <w id="w8.1.1">za</w>   
 <w id="w8.1.2">uporabo</w> 
 <w id="w8.1.3">(</w>
 <w id="w8.1.4">ki</w> 
 <w id="w8.1.5">so</w> 
 <w id="w8.1.6">prav</w> 
 <w id="w8.1.7">tako</w> 
 <w id="w8.1.8">del</w> 
 <w id="w8.1.9">EPAR</w>
 <w id="w8.1.10">)</w> 
 <w id="w8.1.11">ali</w> 
 <w id="w8.1.12">se</w> 
 <w id="w8.1.13">posvetujte</w> 
 <w id="w8.1.14">s</w> 
 <w id="w8.1.15">svojim</w> 
 <w id="w8.1.16">zdravnikom</w> 
 <w id="w8.1.17">ali</w> 
 <w id="w8.1.18">farmacevtom</w>
 <w id="w8.1.19">.</w>
</s> 
 
<s id="s8.2">
 <w id="w8.2.1">Če</w>   
 <w id="w8.2.2">želite</w> 
 <w id="w8.2.3">več</w> 
 <w id="w8.2.4">informacij</w> 
 <w id="w8.2.5">o</w> 
 <w id="w8.2.6">podlagi</w> 
 <w id="w8.2.7">za</w> 
 <w id="w8.2.8">priporočila</w> 
 <w id="w8.2.9">CHMP</w>
 <w id="w8.2.10">,</w> 
 <w id="w8.2.11">preberite</w> 
 <w id="w8.2.12">znanstveno</w> 
 <w id="w8.2.13">razpravo</w> 
 <w id="w8.2.14">(</w>
 <w id="w8.2.15">ki</w> 
 <w id="w8.2.16">je</w> 
 <w id="w8.2.17">prav</w>   
 <w id="w8.2.18">tako</w> 
 <w id="w8.2.19">del</w> 
 <w id="w8.2.20">EPAR</w>
 <w id="w8.2.21">)</w>
 <w id="w8.2.22">.</w>
</s></p>

<p id="9">
<s id="s9.1">
 <w id="w9.1.1">a</w>                                                                                      
 <w id="w9.1.2">nj</w>
</s></p>

<head id="10">
<s id="s10.1">
 <w id="w10.1.1">Kaj</w> 
 <w id="w10.1.2">je</w> 
 <w id="w10.1.3">zdravilo</w> 
 <w id="w10.1.4">Exubera</w>
 <w id="w10.1.5">?</w>
</s></head>

<p id="11">
<s id="s11.1">
 <w id="w11.1.1">lje</w>
</s></p>

<p id="12">
<s id="s12.1">
 <w id="w12.1.1">Exubera</w> 
 <w id="w12.1.2">je</w> 
 <w id="w12.1.3">hitrodelujoči</w> 
 <w id="w12.1.4">insulin</w> 
 <w id="w12.1.5">v</w> 
 <w id="w12.1.6">obliki</w> 
 <w id="w12.1.7">praška</w> 
 <w id="w12.1.8">za</w> 
 <w id="w12.1.9">inhaliranje</w> 
 <w id="w12.1.10">(</w>
 <w id="w12.1.11">vdihovanje</w>
 <w id="w12.1.12">)</w>
 <w id="w12.1.13">.</w>
</s> 
 
<s id="s12.2">
 <w id="w12.2.1">Exubera</w> 
 <w id="w12.2.2">vsebuje</w> 
 <w id="w12.2.3">1</w> 
 <w id="w12.2.4">mg</w> 
 <w id="w12.2.5">ali</w>   
 <w id="w12.2.6">3</w> 
 <w id="w12.2.7">mg</w> 
 <w id="w12.2.8">zdravilne</w> 
 <w id="w12.2.9">učinkovine</w> 
 <w id="w12.2.10">humanega</w> 
 <w id="w12.2.11">insulina</w>
 <w id="w12.2.12">.</w>                                                           
 <w id="w12.2.13">vo</w>   
 <w id="w12.2.14">Za</w> 
 <w id="w12.2.15">kaj</w> 
 <w id="w12.2.16">se</w> 
 <w id="w12.2.17">zdravilo</w> 
 <w id="w12.2.18">Exubera</w> 
 <w id="w12.2.19">uporablja</w>
 <w id="w12.2.20">?</w>
</s>   
 
<s id="s12.3">
 <w id="w12.3.1">Exubera</w> 
 <w id="w12.3.2">je</w> 
 <w id="w12.3.3">insulin</w>
 <w id="w12.3.4">,</w> 
 <w id="w12.3.5">ki</w> 
 <w id="w12.3.6">ga</w> 
 <w id="w12.3.7">uporabljamo</w> 
 <w id="w12.3.8">za</w> 
 <w id="w12.3.9">zdravljenje</w> 
 <w id="w12.3.10">odraslih</w> 
 <w id="w12.3.11">bolnikov</w> 
 <w id="w12.3.12">s</w> 
 <w id="w12.3.13">sladkorno</w> 
 <w id="w12.3.14">boleznijo</w> 
 <w id="w12.3.15">tipa</w> 
 <w id="w12.3.16">2</w>
 <w id="w12.3.17">,</w>                                                         
 <w id="w12.3.18">do</w>
</s></p>

<p id="13">
<s id="s13.1">
 <w id="w13.1.1">kadar</w> 
 <w id="w13.1.2">ta</w> 
 <w id="w13.1.3">ni</w> 
 <w id="w13.1.4">ustrezno</w> 
 <w id="w13.1.5">nadzorovana</w> 
 <w id="w13.1.6">z</w> 
 <w id="w13.1.7">uporabo</w> 
 <w id="w13.1.8">antidiabetičnih</w> 
 <w id="w13.1.9">tablet</w>
 <w id="w13.1.10">.</w>
</s> 
 
<s id="s13.2">
 <w id="w13.2.1">Zdravilo</w> 
 <w id="w13.2.2">Exubera</w> 
 <w id="w13.2.3">lahko</w>   
 <w id="w13.2.4">uporabljamo</w> 
 <w id="w13.2.5">tudi</w> 
 <w id="w13.2.6">za</w> 
 <w id="w13.2.7">določene</w> 
 <w id="w13.2.8">odrasle</w> 
 <w id="w13.2.9">bolnike</w> 
 <w id="w13.2.10">s</w> 
 <w id="w13.2.11">sladkorno</w> 
 <w id="w13.2.12">boleznijo</w> 
 <w id="w13.2.13">tipa</w> 
 <w id="w13.2.14">1</w>
 <w id="w13.2.15">,</w> 
 <w id="w13.2.16">za</w> 
 <w id="w13.2.17">katere</w> 
 <w id="w13.2.18">je</w> 
 <w id="w13.2.19">lahko</w> 
 <w id="w13.2.20">ob</w>   
 <w id="w13.2.21">upoštevanju</w> 
 <w id="w13.2.22">možnih</w> 
 <w id="w13.2.23">tveganj</w>
 <w id="w13.2.24">,</w> 
 <w id="w13.2.25">koristna</w> 
 <w id="w13.2.26">zamenjava</w> 
 <w id="w13.2.27">hitrodelujočega</w> 
 <w id="w13.2.28">insulina</w>
 <w id="w13.2.29">,</w> 
 <w id="w13.2.30">ki</w> 
 <w id="w13.2.31">se</w> 
 <w id="w13.2.32">injicira</w> 
 <w id="w13.2.33">pod</w> 
 <w id="w13.2.34">kožo</w>
 <w id="w13.2.35">,</w> 
 <w id="w13.2.36">s</w>                                                 
 <w id="w13.2.37">ā</w>
</s></p>

<p id="14">
<s id="s14.1">
 <w id="w14.1.1">tem</w> 
 <w id="w14.1.2">insulinom</w>
 <w id="w14.1.3">,</w> 
 <w id="w14.1.4">ki</w> 
 <w id="w14.1.5">se</w> 
 <w id="w14.1.6">vdihava</w>
 <w id="w14.1.7">.</w>
</s>   
 
<s id="s14.2">
 <w id="w14.2.1">Zdravilo</w> 
 <w id="w14.2.2">se</w> 
 <w id="w14.2.3">dobi</w> 
 <w id="w14.2.4">samo</w> 
 <w id="w14.2.5">na</w> 
 <w id="w14.2.6">recept</w>
 <w id="w14.2.7">.</w>                                        
 <w id="w14.2.8">ve</w>
</s></p>

<p id="15">
<s id="s15.1">
 <w id="w15.1.1">Kako</w> 
 <w id="w15.1.2">se</w> 
 <w id="w15.1.3">zdravilo</w> 
 <w id="w15.1.4">Exubera</w> 
 <w id="w15.1.5">uporablja</w>
 <w id="w15.1.6">?</w>
</s>   
 
<s id="s15.2">
 <w id="w15.2.1">Zdravilo</w> 
 <w id="w15.2.2">Exubera</w> 
 <w id="w15.2.3">uporabljamo</w> 
 <w id="w15.2.4">samo</w> 
 <w id="w15.2.5">skupaj</w> 
 <w id="w15.2.6">z</w> 
 <w id="w15.2.7">njegovim</w> 
 <w id="w15.2.8">insulinskim</w> 
 <w id="w15.2.9">inhalatorjem</w>
 <w id="w15.2.10">.</w>
</s> 
 
<s id="s15.3">
 <w id="w15.3.1">Insulin</w> 
 <w id="w15.3.2">je</w> 
 <w id="w15.3.3">v</w> 
 <w id="w15.3.4">obliki</w>                                
 <w id="w15.3.5">a</w>
</s></p>

<p id="16">
<s id="s16.1">
 <w id="w16.1.1">praška</w> 
 <w id="w16.1.2">in</w> 
 <w id="w16.1.3">je</w> 
 <w id="w16.1.4">pakiran</w> 
 <w id="w16.1.5">v</w> 
 <w id="w16.1.6">pretisnem</w> 
 <w id="w16.1.7">omotu</w>
 <w id="w16.1.8">.</w>
</s> 
 
<s id="s16.2">
 <w id="w16.2.1">Da</w> 
 <w id="w16.2.2">dobi</w> 
 <w id="w16.2.3">odmerek</w>
 <w id="w16.2.4">,</w> 
 <w id="w16.2.5">bolnik</w> 
 <w id="w16.2.6">položi</w> 
 <w id="w16.2.7">pretisni</w> 
 <w id="w16.2.8">omot</w> 
 <w id="w16.2.9">v</w> 
 <w id="w16.2.10">inhalator</w> 
 <w id="w16.2.11">in</w> 
 <w id="w16.2.12">ga</w>                         
 <w id="w16.2.13">m</w>
</s></p>

<p id="17">
<s id="s17.1">
 <w id="w17.1.1">prek</w> 
 <w id="w17.1.2">ust</w> 
 <w id="w17.1.3">vdihne</w> 
 <w id="w17.1.4">v</w> 
 <w id="w17.1.5">pljuča</w>
 <w id="w17.1.6">.</w>
</s> 
 
<s id="s17.2">
 <w id="w17.2.1">Pred</w> 
 <w id="w17.2.2">začetkom</w> 
 <w id="w17.2.3">uporabe</w> 
 <w id="w17.2.4">zdravila</w> 
 <w id="w17.2.5">Exubera</w> 
 <w id="w17.2.6">mora</w> 
 <w id="w17.2.7">bolniku</w> 
 <w id="w17.2.8">zdravnik</w> 
 <w id="w17.2.9">ali</w>   
 <w id="w17.2.10">medicinska</w> 
 <w id="w17.2.11">sestra</w> 
 <w id="w17.2.12">razložiti</w>
 <w id="w17.2.13">,</w> 
 <w id="w17.2.14">kako</w> 
 <w id="w17.2.15">pravilno</w> 
 <w id="w17.2.16">uporabljati</w> 
 <w id="w17.2.17">inhalator</w>
 <w id="w17.2.18">,</w> 
 <w id="w17.2.19">da</w> 
 <w id="w17.2.20">se</w> 
 <w id="w17.2.21">zmanjša</w> 
 <w id="w17.2.22">tveganje</w> 
 <w id="w17.2.23">in</w> 
 <w id="w17.2.24">zagotovi</w>
 <w id="w17.2.25">,</w> 
 <w id="w17.2.26">da</w>                  
 <w id="w17.2.27">ni</w>
</s></p>

<p id="18">
<s id="s18.1">
 <w id="w18.1.1">je</w> 
 <w id="w18.1.2">zdravljenje</w> 
 <w id="w18.1.3">čimbolj</w> 
 <w id="w18.1.4">koristno</w>
 <w id="w18.1.5">.</w>
</s> 
 
<s id="s18.2">
 <w id="w18.2.1">Zdravnik</w> 
 <w id="w18.2.2">za</w> 
 <w id="w18.2.3">vsakega</w> 
 <w id="w18.2.4">bolnika</w> 
 <w id="w18.2.5">določi</w> 
 <w id="w18.2.6">začetni</w> 
 <w id="w18.2.7">odmerek</w>
 <w id="w18.2.8">,</w> 
 <w id="w18.2.9">časovni</w> 
 <w id="w18.2.10">razpored</w>   
 <w id="w18.2.11">odmerkov</w> 
 <w id="w18.2.12">ter</w> 
 <w id="w18.2.13">načrt</w> 
 <w id="w18.2.14">prilagajanja</w> 
 <w id="w18.2.15">le-</w>
 <w id="w18.2.16">teh</w>
 <w id="w18.2.17">.</w>
</s> 
 
<s id="s18.3">
 <w id="w18.3.1">Ta</w> 
 <w id="w18.3.2">je</w> 
 <w id="w18.3.3">odvisen</w> 
 <w id="w18.3.4">od</w> 
 <w id="w18.3.5">bolnikovega</w> 
 <w id="w18.3.6">odziva</w> 
 <w id="w18.3.7">in</w> 
 <w id="w18.3.8">potreb</w> 
 <w id="w18.3.9">(</w>
 <w id="w18.3.10">kot</w> 
 <w id="w18.3.11">so</w> 
 <w id="w18.3.12">prehrana</w>
 <w id="w18.3.13">,</w>    
 <w id="w18.3.14">lo</w>
</s></p>

<p id="19">
<s id="s19.1">
 <w id="w19.1.1">telesna</w> 
 <w id="w19.1.2">dejavnost</w> 
 <w id="w19.1.3">in</w> 
 <w id="w19.1.4">življenjski</w> 
 <w id="w19.1.5">stil</w>
 <w id="w19.1.6">)</w>
 <w id="w19.1.7">.</w>
</s> 
 
<s id="s19.2">
 <w id="w19.2.1">Zdravilo</w> 
 <w id="w19.2.2">Exubera</w> 
 <w id="w19.2.3">dajemo</w> 
 <w id="w19.2.4">v</w> 
 <w id="w19.2.5">roku</w> 
 <w id="w19.2.6">10</w> 
 <w id="w19.2.7">minut</w> 
 <w id="w19.2.8">pred</w> 
 <w id="w19.2.9">obrokom</w>
 <w id="w19.2.10">.</w>
</s> 
 
<s id="s19.3">
 <w id="w19.3.1">Pretisni</w>   
 <w id="w19.3.2">omot</w> 
 <w id="w19.3.3">z</w> 
 <w id="w19.3.4">odmerkom</w> 
 <w id="w19.3.5">1</w> 
 <w id="w19.3.6">mg</w> 
 <w id="w19.3.7">zagotovi</w> 
 <w id="w19.3.8">enak</w> 
 <w id="w19.3.9">odmerek</w> 
 <w id="w19.3.10">kot</w> 
 <w id="w19.3.11">podkožno</w> 
 <w id="w19.3.12">injiciranje</w> 
 <w id="w19.3.13">3</w> 
 <w id="w19.3.14">ME</w> 
 <w id="w19.3.15">hitrodelujočega</w>  
 <w id="w19.3.16">vi</w>
</s></p>

<p id="20">
<s id="s20.1">
 <w id="w20.1.1">insulina</w>
 <w id="w20.1.2">,</w> 
 <w id="w20.1.3">pretisni</w> 
 <w id="w20.1.4">omot</w> 
 <w id="w20.1.5">z</w> 
 <w id="w20.1.6">odmerkom</w> 
 <w id="w20.1.7">3</w> 
 <w id="w20.1.8">mg</w> 
 <w id="w20.1.9">zagotovi</w> 
 <w id="w20.1.10">približno</w> 
 <w id="w20.1.11">tak</w> 
 <w id="w20.1.12">odmerek</w> 
 <w id="w20.1.13">kot</w> 
 <w id="w20.1.14">podkožno</w> 
 <w id="w20.1.15">injiciranje</w> 
 <w id="w20.1.16">8</w>   
 <w id="w20.1.17">ME</w> 
 <w id="w20.1.18">hitrodelujočega</w> 
 <w id="w20.1.19">insulina</w>
 <w id="w20.1.20">.</w>
</s> 
 
<s id="s20.2">
 <w id="w20.2.1">Zato</w> 
 <w id="w20.2.2">zdravilo</w> 
 <w id="w20.2.3">Exubera</w> 
 <w id="w20.2.4">ni</w> 
 <w id="w20.2.5">primerno</w>
 <w id="w20.2.6">,</w> 
 <w id="w20.2.7">kadar</w> 
 <w id="w20.2.8">so</w> 
 <w id="w20.2.9">potrebna</w> 
 <w id="w20.2.10">majhna</w> 
 <w id="w20.2.11">(</w>
 <w id="w20.2.12">manj</w> 
 <w id="w20.2.13">kot</w> 
 <w id="w20.2.14">ra</w>
</s></p>

<p id="21">
<s id="s21.1">
 <w id="w21.1.1">3</w> 
 <w id="w21.1.2">ME</w>
 <w id="w21.1.3">)</w> 
 <w id="w21.1.4">prilagajanja</w> 
 <w id="w21.1.5">insulina</w> 
 <w id="w21.1.6">(</w>
 <w id="w21.1.7">na</w> 
 <w id="w21.1.8">primer</w> 
 <w id="w21.1.9">pri</w> 
 <w id="w21.1.10">bolniku</w> 
 <w id="w21.1.11">z</w> 
 <w id="w21.1.12">nizko</w> 
 <w id="w21.1.13">telesno</w> 
 <w id="w21.1.14">maso</w>
 <w id="w21.1.15">)</w>
 <w id="w21.1.16">.</w>
</s> 
 
<s id="s21.2">
 <w id="w21.2.1">Zd</w>
</s></p>

<p id="22">
<s id="s22.1">
 <w id="w22.1.1">Kako</w> 
 <w id="w22.1.2">zdravilo</w> 
 <w id="w22.1.3">Exubera</w> 
 <w id="w22.1.4">deluje</w>
 <w id="w22.1.5">?</w>
</s>   
 
<s id="s22.2">
 <w id="w22.2.1">Sladkorna</w> 
 <w id="w22.2.2">bolezen</w> 
 <w id="w22.2.3">je</w> 
 <w id="w22.2.4">bolezen</w>
 <w id="w22.2.5">,</w> 
 <w id="w22.2.6">pri</w> 
 <w id="w22.2.7">kateri</w> 
 <w id="w22.2.8">telo</w> 
 <w id="w22.2.9">ne</w> 
 <w id="w22.2.10">izdeluje</w> 
 <w id="w22.2.11">dovolj</w> 
 <w id="w22.2.12">insulina</w>
 <w id="w22.2.13">,</w> 
 <w id="w22.2.14">da</w> 
 <w id="w22.2.15">bi</w> 
 <w id="w22.2.16">obvladovalo</w> 
 <w id="w22.2.17">raven</w>   
 <w id="w22.2.18">krvnega</w> 
 <w id="w22.2.19">sladkorja</w>
 <w id="w22.2.20">.</w>
</s> 
 
<s id="s22.3">
 <w id="w22.3.1">Exubera</w> 
 <w id="w22.3.2">je</w> 
 <w id="w22.3.3">nadomestni</w> 
 <w id="w22.3.4">insulin</w>
 <w id="w22.3.5">,</w> 
 <w id="w22.3.6">ki</w> 
 <w id="w22.3.7">je</w> 
 <w id="w22.3.8">enak</w> 
 <w id="w22.3.9">insulinu</w>
 <w id="w22.3.10">,</w> 
 <w id="w22.3.11">ki</w> 
 <w id="w22.3.12">ga</w> 
 <w id="w22.3.13">izdeluje</w> 
 <w id="w22.3.14">trebušna</w> 
 <w id="w22.3.15">slinavka</w>
 <w id="w22.3.16">.</w>
</s>   
 
<s id="s22.4">
 <w id="w22.4.1">Insulin</w> 
 <w id="w22.4.2">v</w> 
 <w id="w22.4.3">zdravilu</w> 
 <w id="w22.4.4">Exubera</w> 
 <w id="w22.4.5">je</w> 
 <w id="w22.4.6">izdelan</w> 
 <w id="w22.4.7">z</w> 
 <w id="w22.4.8">metodo</w>
 <w id="w22.4.9">,</w> 
 <w id="w22.4.10">imenovano</w> 
 <w id="w22.4.11">‘</w>
 <w id="w22.4.12">tehnologija</w> 
 <w id="w22.4.13">rekombinantne</w> 
 <w id="w22.4.14">DNA</w>
 <w id="w22.4.15">’</w>
 <w id="w22.4.16">,</w> 
 <w id="w22.4.17">kar</w>   
 <w id="w22.4.18">pomeni</w>
 <w id="w22.4.19">,</w> 
 <w id="w22.4.20">da</w> 
 <w id="w22.4.21">insulin</w> 
 <w id="w22.4.22">izdeluje</w> 
 <w id="w22.4.23">bakterija</w>
 <w id="w22.4.24">,</w> 
 <w id="w22.4.25">ki</w> 
 <w id="w22.4.26">je</w> 
 <w id="w22.4.27">prejela</w> 
 <w id="w22.4.28">gen</w> 
 <w id="w22.4.29">(</w>
 <w id="w22.4.30">DNA</w>
 <w id="w22.4.31">)</w>
 <w id="w22.4.32">,</w> 
 <w id="w22.4.33">ki</w> 
 <w id="w22.4.34">ji</w> 
 <w id="w22.4.35">omogoča</w> 
 <w id="w22.4.36">izdelovanje</w> 
 <w id="w22.4.37">insulina</w>
 <w id="w22.4.38">.</w>
</s> 
 
<s id="s22.5">
 <w id="w22.5.1">Ob</w>   
 <w id="w22.5.2">vdihovanju</w> 
 <w id="w22.5.3">se</w> 
 <w id="w22.5.4">nekaj</w> 
 <w id="w22.5.5">insulina</w> 
 <w id="w22.5.6">absorbira</w> 
 <w id="w22.5.7">v</w> 
 <w id="w22.5.8">kri</w> 
 <w id="w22.5.9">(</w>
 <w id="w22.5.10">preostanek</w> 
 <w id="w22.5.11">se</w> 
 <w id="w22.5.12">razgradi</w> 
 <w id="w22.5.13">v</w> 
 <w id="w22.5.14">pljučih</w>
 <w id="w22.5.15">)</w>
 <w id="w22.5.16">.</w>
</s> 
 
<s id="s22.6">
 <w id="w22.6.1">Ko</w> 
 <w id="w22.6.2">je</w> 
 <w id="w22.6.3">enkrat</w> 
 <w id="w22.6.4">v</w> 
 <w id="w22.6.5">krvi</w>
 <w id="w22.6.6">,</w>   
 <w id="w22.6.7">insulin</w> 
 <w id="w22.6.8">pospešuje</w> 
 <w id="w22.6.9">transport</w> 
 <w id="w22.6.10">glukoze</w> 
 <w id="w22.6.11">v</w> 
 <w id="w22.6.12">celice</w> 
 <w id="w22.6.13">in</w> 
 <w id="w22.6.14">pomaga</w> 
 <w id="w22.6.15">nadzorovati</w> 
 <w id="w22.6.16">raven</w> 
 <w id="w22.6.17">krvnega</w> 
 <w id="w22.6.18">sladkorja</w>
 <w id="w22.6.19">.</w>
</s> 
 
<s id="s22.7">
 <w id="w22.7.1">Z</w>   
 <w id="w22.7.2">nadzorom</w> 
 <w id="w22.7.3">ravni</w> 
 <w id="w22.7.4">krvnega</w> 
 <w id="w22.7.5">sladkorja</w> 
 <w id="w22.7.6">se</w> 
 <w id="w22.7.7">zmanjšajo</w> 
 <w id="w22.7.8">simptomi</w> 
 <w id="w22.7.9">in</w> 
 <w id="w22.7.10">zapleti</w> 
 <w id="w22.7.11">sladkorne</w> 
 <w id="w22.7.12">bolezni</w>
 <w id="w22.7.13">.</w>
</s> 
 
<s id="s22.8">
 <w id="w22.8.1">Exubera</w> 
 <w id="w22.8.2">deluje</w>                                         
 <w id="w22.8.3">7</w> 
 <w id="w22.8.4">Westferry</w> 
 <w id="w22.8.5">Circus</w>
 <w id="w22.8.6">,</w> 
 <w id="w22.8.7">Canary</w> 
 <w id="w22.8.8">Wharf</w>
 <w id="w22.8.9">,</w> 
 <w id="w22.8.10">London</w> 
 <w id="w22.8.11">E14</w> 
 <w id="w22.8.12">4HB</w>
 <w id="w22.8.13">,</w> 
 <w id="w22.8.14">UK</w>                                            
 <w id="w22.8.15">Tel</w>
 <w id="w22.8.16">.</w>
</s> 
 
<s id="s22.9">
 <w id="w22.9.1">(</w>
 <w id="w22.9.2">44-</w>
 <w id="w22.9.3">20</w>
 <w id="w22.9.4">)</w> 
 <w id="w22.9.5">74</w> 
 <w id="w22.9.6">18</w> 
 <w id="w22.9.7">84</w> 
 <w id="w22.9.8">00</w> 
 <w id="w22.9.9">Fax</w> 
 <w id="w22.9.10">(</w>
 <w id="w22.9.11">44-</w>
 <w id="w22.9.12">20</w>
 <w id="w22.9.13">)</w> 
 <w id="w22.9.14">74</w> 
 <w id="w22.9.15">18</w> 
 <w id="w22.9.16">85</w> 
 <w id="w22.9.17">45</w>                                           
 <w id="w22.9.18">E-</w>
 <w id="w22.9.19">mail</w>
 <w id="w22.9.20">:</w> 
 <w id="w22.9.21">mail@</w>
 <w id="w22.9.22">emea.</w>
 <w id="w22.9.23">eu.</w>
 <w id="w22.9.24">int</w> 
 <w id="w22.9.25">http</w>
 <w id="w22.9.26">:</w>
 <w id="w22.9.27">//</w>
 <w id="w22.9.28">www.</w>
 <w id="w22.9.29">emea.</w>
 <w id="w22.9.30">eu.</w>
 <w id="w22.9.31">int</w>  
 <w id="w22.9.32">©EMEA</w> 
 <w id="w22.9.33">2006</w> 
 <w id="w22.9.34">Reproduction</w> 
 <w id="w22.9.35">and/</w>
 <w id="w22.9.36">or</w> 
 <w id="w22.9.37">distribution</w> 
 <w id="w22.9.38">of</w> 
 <w id="w22.9.39">this</w> 
 <w id="w22.9.40">document</w> 
 <w id="w22.9.41">is</w> 
 <w id="w22.9.42">authorised</w> 
 <w id="w22.9.43">for</w> 
 <w id="w22.9.44">non</w> 
 <w id="w22.9.45">commercial</w> 
 <w id="w22.9.46">purposes</w> 
 <w id="w22.9.47">only</w> 
 <w id="w22.9.48">provided</w> 
 <w id="w22.9.49">the</w> 
 <w id="w22.9.50">EMEA</w> 
 <w id="w22.9.51">is</w> 
 <w id="w22.9.52">acknowledged</w>  
 <w id="w22.9.53">pri</w> 
 <w id="w22.9.54">sladkorni</w> 
 <w id="w22.9.55">bolezni</w> 
 <w id="w22.9.56">tipa</w> 
 <w id="w22.9.57">1</w>
 <w id="w22.9.58">,</w> 
 <w id="w22.9.59">ko</w> 
 <w id="w22.9.60">trebušna</w> 
 <w id="w22.9.61">slinavka</w> 
 <w id="w22.9.62">ne</w> 
 <w id="w22.9.63">more</w> 
 <w id="w22.9.64">izdelati</w> 
 <w id="w22.9.65">dovolj</w> 
 <w id="w22.9.66">insulina</w>
 <w id="w22.9.67">,</w> 
 <w id="w22.9.68">in</w> 
 <w id="w22.9.69">pri</w> 
 <w id="w22.9.70">sladkorni</w>  
 <w id="w22.9.71">bolezni</w> 
 <w id="w22.9.72">tipa</w> 
 <w id="w22.9.73">2</w>
 <w id="w22.9.74">,</w> 
 <w id="w22.9.75">ko</w> 
 <w id="w22.9.76">telo</w> 
 <w id="w22.9.77">ni</w> 
 <w id="w22.9.78">zmožno</w> 
 <w id="w22.9.79">učinkovito</w> 
 <w id="w22.9.80">uporabljati</w> 
 <w id="w22.9.81">insulina</w>
 <w id="w22.9.82">.</w>
</s></p>

<p id="23">
<s id="s23.1">
 <w id="w23.1.1">Kako</w> 
 <w id="w23.1.2">je</w> 
 <w id="w23.1.3">bilo</w> 
 <w id="w23.1.4">zdravilo</w> 
 <w id="w23.1.5">Exubera</w> 
 <w id="w23.1.6">raziskano</w>
 <w id="w23.1.7">?</w>
</s>  
 
<s id="s23.2">
 <w id="w23.2.1">Zdravilo</w> 
 <w id="w23.2.2">Exubera</w> 
 <w id="w23.2.3">so</w> 
 <w id="w23.2.4">preučevali</w> 
 <w id="w23.2.5">pri</w> 
 <w id="w23.2.6">bolnikih</w> 
 <w id="w23.2.7">s</w> 
 <w id="w23.2.8">sladkorno</w> 
 <w id="w23.2.9">boleznijo</w> 
 <w id="w23.2.10">tipa</w> 
 <w id="w23.2.11">1</w> 
 <w id="w23.2.12">ali</w> 
 <w id="w23.2.13">2</w>
 <w id="w23.2.14">.</w>
</s> 
 
<s id="s23.3">
 <w id="w23.3.1">Pri</w> 
 <w id="w23.3.2">sladkorni</w> 
 <w id="w23.3.3">bolezni</w>  
 <w id="w23.3.4">tipa</w> 
 <w id="w23.3.5">1</w> 
 <w id="w23.3.6">so</w> 
 <w id="w23.3.7">zdravilo</w> 
 <w id="w23.3.8">Exubera</w> 
 <w id="w23.3.9">primerjali</w> 
 <w id="w23.3.10">s</w> 
 <w id="w23.3.11">podkožnim</w> 
 <w id="w23.3.12">(</w>
 <w id="w23.3.13">injiciranim</w>
 <w id="w23.3.14">)</w> 
 <w id="w23.3.15">insulinom</w>
 <w id="w23.3.16">.</w>
</s> 
 
<s id="s23.4">
 <w id="w23.4.1">Pri</w> 
 <w id="w23.4.2">sladkorni</w> 
 <w id="w23.4.3">bolezni</w> 
 <w id="w23.4.4">tipa</w> 
 <w id="w23.4.5">2</w>  
 <w id="w23.4.6">so</w> 
 <w id="w23.4.7">Exubero</w> 
 <w id="w23.4.8">primerjali</w> 
 <w id="w23.4.9">s</w> 
 <w id="w23.4.10">podkožnim</w> 
 <w id="w23.4.11">insulinom</w> 
 <w id="w23.4.12">in</w> 
 <w id="w23.4.13">s</w> 
 <w id="w23.4.14">peroralnimi</w> 
 <w id="w23.4.15">antidiabetičnimi</w> 
 <w id="w23.4.16">sredstvi</w>
 <w id="w23.4.17">.</w>
</s> 
 
<s id="s23.5">
 <w id="w23.5.1">V</w> 
 <w id="w23.5.2">raziskavah</w>  
 <w id="w23.5.3">so</w> 
 <w id="w23.5.4">merili</w> 
 <w id="w23.5.5">raven</w> 
 <w id="w23.5.6">glikoziliranega</w> 
 <w id="w23.5.7">hemoglobina</w> 
 <w id="w23.5.8">(</w>
 <w id="w23.5.9">HbA1c</w>
 <w id="w23.5.10">)</w> 
 <w id="w23.5.11">v</w> 
 <w id="w23.5.12">krvi</w>
 <w id="w23.5.13">,</w> 
 <w id="w23.5.14">kar</w> 
 <w id="w23.5.15">nam</w> 
 <w id="w23.5.16">pove</w>
 <w id="w23.5.17">,</w> 
 <w id="w23.5.18">kako</w> 
 <w id="w23.5.19">dobro</w> 
 <w id="w23.5.20">je</w> 
 <w id="w23.5.21">raven</w>  
 <w id="w23.5.22">glukoze</w> 
 <w id="w23.5.23">v</w> 
 <w id="w23.5.24">krvi</w> 
 <w id="w23.5.25">nadzorovana</w>
 <w id="w23.5.26">.</w>
</s></p>

<p id="24">
<s id="s24.1">
 <w id="w24.1.1">et</w>  
 <w id="w24.1.2">Kakšne</w> 
 <w id="w24.1.3">koristi</w> 
 <w id="w24.1.4">je</w> 
 <w id="w24.1.5">zdravilo</w> 
 <w id="w24.1.6">Exubera</w> 
 <w id="w24.1.7">izkazalo</w> 
 <w id="w24.1.8">med</w> 
 <w id="w24.1.9">raziskavami</w>
 <w id="w24.1.10">?</w>
</s></p>

<p id="25">
<s id="s25.1">
 <w id="w25.1.1">om</w>  
 <w id="w25.1.2">V</w> 
 <w id="w25.1.3">splošnem</w> 
 <w id="w25.1.4">je</w> 
 <w id="w25.1.5">v</w> 
 <w id="w25.1.6">raziskavah</w> 
 <w id="w25.1.7">sladkorne</w> 
 <w id="w25.1.8">bolezni</w> 
 <w id="w25.1.9">tipa</w> 
 <w id="w25.1.10">1</w> 
 <w id="w25.1.11">in</w> 
 <w id="w25.1.12">2</w> 
 <w id="w25.1.13">zdravilo</w> 
 <w id="w25.1.14">Exubera</w> 
 <w id="w25.1.15">omogočalo</w> 
 <w id="w25.1.16">podoben</w> 
 <w id="w25.1.17">nadzor</w>  
 <w id="w25.1.18">ravni</w> 
 <w id="w25.1.19">krvnega</w> 
 <w id="w25.1.20">sladkorja</w>
 <w id="w25.1.21">,</w> 
 <w id="w25.1.22">kot</w> 
 <w id="w25.1.23">ga</w> 
 <w id="w25.1.24">daje</w> 
 <w id="w25.1.25">hitrodelujoči</w> 
 <w id="w25.1.26">podkožni</w> 
 <w id="w25.1.27">humani</w> 
 <w id="w25.1.28">insulin</w>
 <w id="w25.1.29">.</w>
</s></p>

<p id="26">
<s id="s26.1">
 <w id="w26.1.1">Kakšna</w> 
 <w id="w26.1.2">tveganja</w> 
 <w id="w26.1.3">so</w> 
 <w id="w26.1.4">povezana</w> 
 <w id="w26.1.5">z</w> 
 <w id="w26.1.6">zdravilom</w> 
 <w id="w26.1.7">Exubera</w>
 <w id="w26.1.8">?</w>
</s></p>

<p id="27">
<s id="s27.1">
 <w id="w27.1.1">pr</w>  
 <w id="w27.1.2">Najpogostejša</w> 
 <w id="w27.1.3">neželena</w> 
 <w id="w27.1.4">učinka</w> 
 <w id="w27.1.5">zdravila</w> 
 <w id="w27.1.6">Exubera</w> 
 <w id="w27.1.7">sta</w> 
 <w id="w27.1.8">hipoglikemija</w> 
 <w id="w27.1.9">(</w>
 <w id="w27.1.10">nizka</w> 
 <w id="w27.1.11">raven</w> 
 <w id="w27.1.12">glukoze</w> 
 <w id="w27.1.13">v</w> 
 <w id="w27.1.14">krvi</w>
 <w id="w27.1.15">)</w> 
 <w id="w27.1.16">in</w>  
 <w id="w27.1.17">kašelj</w>
 <w id="w27.1.18">.</w>
</s> 
 
<s id="s27.2">
 <w id="w27.2.1">Če</w> 
 <w id="w27.2.2">bolnik</w> 
 <w id="w27.2.3">kadi</w>
 <w id="w27.2.4">,</w> 
 <w id="w27.2.5">se</w> 
 <w id="w27.2.6">količina</w> 
 <w id="w27.2.7">insulina</w>
 <w id="w27.2.8">,</w> 
 <w id="w27.2.9">ki</w> 
 <w id="w27.2.10">se</w> 
 <w id="w27.2.11">absorbira</w> 
 <w id="w27.2.12">iz</w> 
 <w id="w27.2.13">pljuč</w>
 <w id="w27.2.14">,</w> 
 <w id="w27.2.15">močno</w> 
 <w id="w27.2.16">poveča</w>
 <w id="w27.2.17">,</w> 
 <w id="w27.2.18">kar</w> 
 <w id="w27.2.19">lahko</w> 
 <w id="w27.2.20">poveča</w>
</s></p>

<p id="28">
<s id="s28.1">
 <w id="w28.1.1">za</w>  
 <w id="w28.1.2">nevarnost</w> 
 <w id="w28.1.3">za</w> 
 <w id="w28.1.4">hipoglikemijo</w>
 <w id="w28.1.5">.</w>
</s> 
 
<s id="s28.2">
 <w id="w28.2.1">Bolniki</w> 
 <w id="w28.2.2">med</w> 
 <w id="w28.2.3">jemanjem</w> 
 <w id="w28.2.4">zdravila</w> 
 <w id="w28.2.5">Exubera</w> 
 <w id="w28.2.6">ne</w> 
 <w id="w28.2.7">smejo</w> 
 <w id="w28.2.8">kaditi</w>
 <w id="w28.2.9">.</w>
</s> 
 
<s id="s28.3">
 <w id="w28.3.1">Kadilci</w> 
 <w id="w28.3.2">morajo</w>  
 <w id="w28.3.3">prenehati</w> 
 <w id="w28.3.4">s</w> 
 <w id="w28.3.5">kajenjem</w> 
 <w id="w28.3.6">vsaj</w> 
 <w id="w28.3.7">6</w> 
 <w id="w28.3.8">mesecev</w> 
 <w id="w28.3.9">preden</w> 
 <w id="w28.3.10">lahko</w> 
 <w id="w28.3.11">uporabijo</w> 
 <w id="w28.3.12">zdravilo</w> 
 <w id="w28.3.13">Exubera</w>
 <w id="w28.3.14">.</w>
</s> 
 
<s id="s28.4">
 <w id="w28.4.1">Če</w> 
 <w id="w28.4.2">bolnik</w> 
 <w id="w28.4.3">začne</w> 
 <w id="w28.4.4">kaditi</w>  
 <w id="w28.4.5">ali</w> 
 <w id="w28.4.6">ponovno</w> 
 <w id="w28.4.7">začne</w> 
 <w id="w28.4.8">kaditi</w> 
 <w id="w28.4.9">med</w> 
 <w id="w28.4.10">zdravljenjem</w> 
 <w id="w28.4.11">z</w> 
 <w id="w28.4.12">zdravilom</w> 
 <w id="w28.4.13">Exubera</w>
 <w id="w28.4.14">,</w> 
 <w id="w28.4.15">mora</w> 
 <w id="w28.4.16">takoj</w> 
 <w id="w28.4.17">zamenjati</w> 
 <w id="w28.4.18">zdravilo</w>  
 <w id="w28.4.19">Exubera</w> 
 <w id="w28.4.20">za</w> 
 <w id="w28.4.21">drugo</w> 
 <w id="w28.4.22">antidiabetično</w> 
 <w id="w28.4.23">zdravljenje</w>
 <w id="w28.4.24">.</w>
</s> 
 
<s id="s28.5">
 <w id="w28.5.1">Namesto</w> 
 <w id="w28.5.2">enega</w> 
 <w id="w28.5.3">3</w> 
 <w id="w28.5.4">mg</w> 
 <w id="w28.5.5">odmerka</w> 
 <w id="w28.5.6">ne</w> 
 <w id="w28.5.7">smemo</w> 
 <w id="w28.5.8">uporabiti</w> 
 <w id="w28.5.9">treh</w>
</s></p>

<p id="29">
<s id="s29.1">
 <w id="w29.1.1">a</w>  
 <w id="w29.1.2">odmerkov</w> 
 <w id="w29.1.3">po</w> 
 <w id="w29.1.4">1</w> 
 <w id="w29.1.5">mg</w>
 <w id="w29.1.6">,</w> 
 <w id="w29.1.7">ker</w> 
 <w id="w29.1.8">to</w> 
 <w id="w29.1.9">pomeni</w> 
 <w id="w29.1.10">višji</w> 
 <w id="w29.1.11">odmerek</w> 
 <w id="w29.1.12">insulina</w> 
 <w id="w29.1.13">in</w> 
 <w id="w29.1.14">lahko</w> 
 <w id="w29.1.15">poveča</w> 
 <w id="w29.1.16">nevarnost</w> 
 <w id="w29.1.17">za</w> 
 <w id="w29.1.18">hipoglikemijo</w>
 <w id="w29.1.19">.</w>
</s></p>

<p id="30">
<s id="s30.1">
 <w id="w30.1.1">nj</w>  
 <w id="w30.1.2">Celovit</w> 
 <w id="w30.1.3">opis</w> 
 <w id="w30.1.4">možnih</w> 
 <w id="w30.1.5">neželenih</w> 
 <w id="w30.1.6">učinkov</w>
 <w id="w30.1.7">,</w> 
 <w id="w30.1.8">o</w> 
 <w id="w30.1.9">katerih</w> 
 <w id="w30.1.10">so</w> 
 <w id="w30.1.11">poročali</w> 
 <w id="w30.1.12">pri</w> 
 <w id="w30.1.13">uporabi</w> 
 <w id="w30.1.14">zdravila</w> 
 <w id="w30.1.15">Exubera</w>
 <w id="w30.1.16">,</w> 
 <w id="w30.1.17">najdete</w> 
 <w id="w30.1.18">v</w> 
 <w id="w30.1.19">Navodilih</w> 
 <w id="w30.1.20">za</w> 
 <w id="w30.1.21">uporabo</w>
 <w id="w30.1.22">.</w>
</s></p>

<p id="31">
<s id="s31.1">
 <w id="w31.1.1">lje</w>
</s></p>

<p id="32">
<s id="s32.1">
 <w id="w32.1.1">V</w> 
 <w id="w32.1.2">raziskavah</w> 
 <w id="w32.1.3">je</w> 
 <w id="w32.1.4">Exubera</w> 
 <w id="w32.1.5">pokazala</w> 
 <w id="w32.1.6">majhen</w> 
 <w id="w32.1.7">negativni</w> 
 <w id="w32.1.8">učinek</w> 
 <w id="w32.1.9">na</w> 
 <w id="w32.1.10">pljučno</w> 
 <w id="w32.1.11">funkcijo</w>
 <w id="w32.1.12">,</w> 
 <w id="w32.1.13">ki</w> 
 <w id="w32.1.14">lahko</w> 
 <w id="w32.1.15">po</w>  
 <w id="w32.1.16">prenehanju</w> 
 <w id="w32.1.17">uporabe</w> 
 <w id="w32.1.18">zdravila</w> 
 <w id="w32.1.19">Exubera</w> 
 <w id="w32.1.20">izzveni</w>
 <w id="w32.1.21">.</w>
</s> 
 
<s id="s32.2">
 <w id="w32.2.1">Če</w> 
 <w id="w32.2.2">bolnik</w> 
 <w id="w32.2.3">že</w> 
 <w id="w32.2.4">ima</w> 
 <w id="w32.2.5">pljučno</w> 
 <w id="w32.2.6">obolenje</w>
 <w id="w32.2.7">,</w> 
 <w id="w32.2.8">ni</w> 
 <w id="w32.2.9">jasno</w>
 <w id="w32.2.10">,</w> 
 <w id="w32.2.11">kako</w>                                             
 <w id="w32.2.12">vo</w>  
 <w id="w32.2.13">uporaba</w> 
 <w id="w32.2.14">zdravila</w> 
 <w id="w32.2.15">Exubera</w> 
 <w id="w32.2.16">vpliva</w> 
 <w id="w32.2.17">na</w> 
 <w id="w32.2.18">pljuča</w> 
 <w id="w32.2.19">ali</w> 
 <w id="w32.2.20">kako</w> 
 <w id="w32.2.21">pljučna</w> 
 <w id="w32.2.22">bolezen</w> 
 <w id="w32.2.23">vpliva</w> 
 <w id="w32.2.24">na</w> 
 <w id="w32.2.25">vnos</w> 
 <w id="w32.2.26">insulina</w> 
 <w id="w32.2.27">iz</w> 
 <w id="w32.2.28">pljuč</w>
 <w id="w32.2.29">.</w>
</s>  
 
<s id="s32.3">
 <w id="w32.3.1">Bolniki</w> 
 <w id="w32.3.2">s</w> 
 <w id="w32.3.3">slabo</w> 
 <w id="w32.3.4">ali</w> 
 <w id="w32.3.5">nestabilno</w> 
 <w id="w32.3.6">pljučno</w> 
 <w id="w32.3.7">funkcijo</w>
 <w id="w32.3.8">,</w> 
 <w id="w32.3.9">denimo</w>
 <w id="w32.3.10">,</w> 
 <w id="w32.3.11">z</w> 
 <w id="w32.3.12">astmo</w>
 <w id="w32.3.13">,</w> 
 <w id="w32.3.14">emfizemom</w> 
 <w id="w32.3.15">ali</w> 
 <w id="w32.3.16">kroničnim</w>  
 <w id="w32.3.17">bronhitisom</w>
 <w id="w32.3.18">,</w> 
 <w id="w32.3.19">zdravila</w> 
 <w id="w32.3.20">Exubera</w> 
 <w id="w32.3.21">ne</w> 
 <w id="w32.3.22">smejo</w> 
 <w id="w32.3.23">uporabljati</w>
 <w id="w32.3.24">.</w>                                           
 <w id="w32.3.25">do</w>
</s></p>

<p id="33">
<s id="s33.1">
 <w id="w33.1.1">Zdravila</w> 
 <w id="w33.1.2">Exubera</w> 
 <w id="w33.1.3">ne</w> 
 <w id="w33.1.4">smejo</w> 
 <w id="w33.1.5">uporabljati</w> 
 <w id="w33.1.6">ljudje</w>
 <w id="w33.1.7">,</w> 
 <w id="w33.1.8">ki</w> 
 <w id="w33.1.9">utegnejo</w> 
 <w id="w33.1.10">biti</w> 
 <w id="w33.1.11">preobčutljivi</w> 
 <w id="w33.1.12">za</w> 
 <w id="w33.1.13">(</w>
 <w id="w33.1.14">alergični</w> 
 <w id="w33.1.15">na</w>
 <w id="w33.1.16">)</w> 
 <w id="w33.1.17">humani</w>  
 <w id="w33.1.18">insulin</w> 
 <w id="w33.1.19">ali</w> 
 <w id="w33.1.20">na</w> 
 <w id="w33.1.21">katero</w> 
 <w id="w33.1.22">od</w> 
 <w id="w33.1.23">drugih</w> 
 <w id="w33.1.24">sestavin</w>
 <w id="w33.1.25">.</w>                                     
 <w id="w33.1.26">ā</w>
</s></p>

<p id="34">
<s id="s34.1">
 <w id="w34.1.1">Zakaj</w> 
 <w id="w34.1.2">je</w> 
 <w id="w34.1.3">bilo</w> 
 <w id="w34.1.4">zdravilo</w> 
 <w id="w34.1.5">Exubera</w> 
 <w id="w34.1.6">odobreno</w>
 <w id="w34.1.7">?</w>                              
 <w id="w34.1.8">ve</w>
</s></p>

<p id="35">
<s id="s35.1">
 <w id="w35.1.1">Odbor</w> 
 <w id="w35.1.2">za</w> 
 <w id="w35.1.3">zdravila</w> 
 <w id="w35.1.4">za</w> 
 <w id="w35.1.5">uporabo</w> 
 <w id="w35.1.6">v</w> 
 <w id="w35.1.7">humani</w> 
 <w id="w35.1.8">medicini</w> 
 <w id="w35.1.9">(</w>
 <w id="w35.1.10">CHMP</w>
 <w id="w35.1.11">)</w> 
 <w id="w35.1.12">meni</w>
 <w id="w35.1.13">,</w> 
 <w id="w35.1.14">da</w> 
 <w id="w35.1.15">koristi</w> 
 <w id="w35.1.16">zdravila</w> 
 <w id="w35.1.17">Exubera</w> 
 <w id="w35.1.18">presegajo</w>  
 <w id="w35.1.19">njena</w> 
 <w id="w35.1.20">tveganja</w> 
 <w id="w35.1.21">pri</w> 
 <w id="w35.1.22">določenih</w> 
 <w id="w35.1.23">odraslih</w> 
 <w id="w35.1.24">bolnikih</w> 
 <w id="w35.1.25">s</w> 
 <w id="w35.1.26">sladkorno</w> 
 <w id="w35.1.27">boleznijo</w> 
 <w id="w35.1.28">ob</w> 
 <w id="w35.1.29">uporabi</w>
 <w id="w35.1.30">,</w> 
 <w id="w35.1.31">kot</w> 
 <w id="w35.1.32">je</w> 
 <w id="w35.1.33">opisano</w> 
 <w id="w35.1.34">v</w>  
 <w id="w35.1.35">Navodilu</w> 
 <w id="w35.1.36">za</w> 
 <w id="w35.1.37">uporabo</w>
 <w id="w35.1.38">,</w> 
 <w id="w35.1.39">zato</w> 
 <w id="w35.1.40">priporoča</w> 
 <w id="w35.1.41">odobritev</w> 
 <w id="w35.1.42">dovoljenja</w> 
 <w id="w35.1.43">za</w> 
 <w id="w35.1.44">promet</w> 
 <w id="w35.1.45">z</w> 
 <w id="w35.1.46">zdravilom</w> 
 <w id="w35.1.47">Exubera</w>
 <w id="w35.1.48">.</w>                        
 <w id="w35.1.49">a</w>
</s></p>

<p id="36">
<s id="s36.1">
 <w id="w36.1.1">Kateri</w> 
 <w id="w36.1.2">ukrepi</w> 
 <w id="w36.1.3">se</w> 
 <w id="w36.1.4">izvajajo</w> 
 <w id="w36.1.5">za</w> 
 <w id="w36.1.6">zagotovitev</w> 
 <w id="w36.1.7">varne</w> 
 <w id="w36.1.8">uporabe</w> 
 <w id="w36.1.9">zdravila</w> 
 <w id="w36.1.10">Exubera</w>
 <w id="w36.1.11">?</w>                  
 <w id="w36.1.12">m</w>
</s></p>

<p id="37">
<s id="s37.1">
 <w id="w37.1.1">Podjetje</w>
 <w id="w37.1.2">,</w> 
 <w id="w37.1.3">ki</w> 
 <w id="w37.1.4">izdeluje</w> 
 <w id="w37.1.5">zdravilo</w> 
 <w id="w37.1.6">Exubera</w>
 <w id="w37.1.7">,</w> 
 <w id="w37.1.8">bo</w> 
 <w id="w37.1.9">opravilo</w> 
 <w id="w37.1.10">raziskave</w> 
 <w id="w37.1.11">za</w> 
 <w id="w37.1.12">nadaljnje</w> 
 <w id="w37.1.13">preskušanje</w> 
 <w id="w37.1.14">njene</w> 
 <w id="w37.1.15">varnosti</w>
 <w id="w37.1.16">,</w>  
 <w id="w37.1.17">zlasti</w> 
 <w id="w37.1.18">pri</w> 
 <w id="w37.1.19">bolnikih</w>
 <w id="w37.1.20">,</w> 
 <w id="w37.1.21">ki</w> 
 <w id="w37.1.22">bi</w> 
 <w id="w37.1.23">lahko</w> 
 <w id="w37.1.24">imeli</w> 
 <w id="w37.1.25">povečano</w> 
 <w id="w37.1.26">tveganje</w> 
 <w id="w37.1.27">za</w> 
 <w id="w37.1.28">neželene</w> 
 <w id="w37.1.29">učinke</w>
 <w id="w37.1.30">,</w> 
 <w id="w37.1.31">kot</w> 
 <w id="w37.1.32">so</w> 
 <w id="w37.1.33">bolniki</w> 
 <w id="w37.1.34">z</w> 
 <w id="w37.1.35">astmo</w> 
 <w id="w37.1.36">ali</w>             
 <w id="w37.1.37">ni</w>
</s></p>

<p id="38">
<s id="s38.1">
 <w id="w38.1.1">kronično</w> 
 <w id="w38.1.2">obstruktivno</w> 
 <w id="w38.1.3">pljučno</w> 
 <w id="w38.1.4">boleznijo</w>
 <w id="w38.1.5">.</w>
</s> 
 
<s id="s38.2">
 <w id="w38.2.1">Raziskali</w> 
 <w id="w38.2.2">bodo</w> 
 <w id="w38.2.3">tudi</w> 
 <w id="w38.2.4">razvoj</w> 
 <w id="w38.2.5">protiteles</w> 
 <w id="w38.2.6">proti</w> 
 <w id="w38.2.7">insulinu</w>  
 <w id="w38.2.8">(</w>
 <w id="w38.2.9">beljakovine</w>
 <w id="w38.2.10">,</w> 
 <w id="w38.2.11">ki</w> 
 <w id="w38.2.12">nastajajo</w> 
 <w id="w38.2.13">kot</w> 
 <w id="w38.2.14">odziv</w> 
 <w id="w38.2.15">na</w> 
 <w id="w38.2.16">zdravljenje</w> 
 <w id="w38.2.17">z</w> 
 <w id="w38.2.18">zdravilom</w> 
 <w id="w38.2.19">Exubera</w>
 <w id="w38.2.20">)</w>
 <w id="w38.2.21">.</w>
</s> 
 
<s id="s38.3">
 <w id="w38.3.1">Podjetje</w> 
 <w id="w38.3.2">bo</w> 
 <w id="w38.3.3">tudi</w> 
 <w id="w38.3.4">spremljalo</w>    
 <w id="w38.3.5">lo</w>
</s></p>

<p id="39">
<s id="s39.1">
 <w id="w39.1.1">neželene</w> 
 <w id="w39.1.2">učinke</w>
 <w id="w39.1.3">,</w> 
 <w id="w39.1.4">priskrbelo</w> 
 <w id="w39.1.5">izobraževalno</w> 
 <w id="w39.1.6">gradivo</w> 
 <w id="w39.1.7">in</w> 
 <w id="w39.1.8">izboljšalo</w> 
 <w id="w39.1.9">zasnovo</w> 
 <w id="w39.1.10">pretisnih</w> 
 <w id="w39.1.11">omotov</w>
 <w id="w39.1.12">,</w> 
 <w id="w39.1.13">da</w> 
 <w id="w39.1.14">bo</w> 
 <w id="w39.1.15">lažje</w>  
 <w id="w39.1.16">razlikovati</w> 
 <w id="w39.1.17">med</w> 
 <w id="w39.1.18">odmerki</w> 
 <w id="w39.1.19">po</w> 
 <w id="w39.1.20">1</w> 
 <w id="w39.1.21">mg</w> 
 <w id="w39.1.22">in</w> 
 <w id="w39.1.23">3</w> 
 <w id="w39.1.24">mg</w>
 <w id="w39.1.25">.</w>  
 <w id="w39.1.26">vi</w>
</s></p>

<p id="40">
<s id="s40.1">
 <w id="w40.1.1">Druge</w> 
 <w id="w40.1.2">informacije</w> 
 <w id="w40.1.3">o</w> 
 <w id="w40.1.4">zdravilu</w> 
 <w id="w40.1.5">Exubera</w>
 <w id="w40.1.6">:</w> 
 <w id="w40.1.7">ra</w>
</s></p>

<p id="41">
<s id="s41.1">
 <w id="w41.1.1">Evropska</w> 
 <w id="w41.1.2">komisija</w> 
 <w id="w41.1.3">je</w> 
 <w id="w41.1.4">dovoljenje</w> 
 <w id="w41.1.5">za</w> 
 <w id="w41.1.6">promet</w> 
 <w id="w41.1.7">z</w> 
 <w id="w41.1.8">zdravilom</w> 
 <w id="w41.1.9">Exubera</w>
 <w id="w41.1.10">,</w> 
 <w id="w41.1.11">veljavno</w> 
 <w id="w41.1.12">po</w> 
 <w id="w41.1.13">vsej</w> 
 <w id="w41.1.14">Evropski</w> 
 <w id="w41.1.15">uniji</w>
 <w id="w41.1.16">,</w>  
 <w id="w41.1.17">odobrila</w> 
 <w id="w41.1.18">dne</w> 
 <w id="w41.1.19">24</w>
 <w id="w41.1.20">.</w> 
 <w id="w41.1.21">januarja</w> 
 <w id="w41.1.22">2006</w>
 <w id="w41.1.23">.</w>
</s> 
 
<s id="s41.2">
 <w id="w41.2.1">Imetnik</w> 
 <w id="w41.2.2">dovoljenja</w> 
 <w id="w41.2.3">za</w> 
 <w id="w41.2.4">promet</w> 
 <w id="w41.2.5">z</w> 
 <w id="w41.2.6">zdravilom</w> 
 <w id="w41.2.7">je</w> 
 <w id="w41.2.8">Pfizer</w> 
 <w id="w41.2.9">Limited</w>
 <w id="w41.2.10">.</w>
</s> 
 
<s id="s41.3">
 <w id="w41.3.1">Zd</w>
</s></p>

<p id="42">
<s id="s42.1">
 <w id="w42.1.1">Celotno</w> 
 <w id="w42.1.2">Evropsko</w> 
 <w id="w42.1.3">javno</w> 
 <w id="w42.1.4">poročilo</w> 
 <w id="w42.1.5">o</w> 
 <w id="w42.1.6">oceni</w> 
 <w id="w42.1.7">zdravila</w> 
 <w id="w42.1.8">(</w>
 <w id="w42.1.9">EPAR</w>
 <w id="w42.1.10">)</w> 
 <w id="w42.1.11">za</w> 
 <w id="w42.1.12">zdravilo</w> 
 <w id="w42.1.13">Exubera</w> 
 <w id="w42.1.14">je</w> 
 <w id="w42.1.15">na</w> 
 <w id="w42.1.16">voljo</w> 
 <w id="w42.1.17">tukaj</w>
 <w id="w42.1.18">.</w>
</s></p>

<p id="43">
<s id="s43.1">
 <w id="w43.1.1">Ta</w> 
 <w id="w43.1.2">povzetek</w> 
 <w id="w43.1.3">je</w> 
 <w id="w43.1.4">bil</w> 
 <w id="w43.1.5">nazadnje</w> 
 <w id="w43.1.6">posodobljen</w> 
 <w id="w43.1.7">08-</w>
 <w id="w43.1.8">2006</w>
 <w id="w43.1.9">.</w>
</s></p>

<p id="44">
<s id="s44.1">
 <w id="w44.1.1">©EMEA</w> 
 <w id="w44.1.2">2006</w>
</s></p>

<head id="45">
<s id="s45.1">
 <w id="w45.1.1">2/</w>
 <w id="w45.1.2">2</w>
</s></head></text>
