<?xml version="1.0" encoding="utf-8"?>
<letsmt version="1.0">
<head></head>
<body>
<s id="s1.1">DODATEK I</s>
<s id="s2.1">SEZNAM IMEN, FARMACEVTSKIH OBLIK, JAKOSTI ZDRAVIL, POTI UPORABE ZDRAVILA, PREDLAGATELJEV, IMETNIKOV DOVOLJENJA ZA PROMET Z ZDRAVILOM V DRŽAVAH ČLANICAH</s>
<s id="s3.1">1 Imetniki dovoljenja za promet z zdravilom</s>
<s id="s4.1">Država članica</s>
<s id="s5.1">Imetnik dovoljenja za promet z zdravilom</s>
<s id="s6.1">Izmišljeno ime</s>
<s id="s7.1">Jakost</s>
<s id="s8.1">Farmacevtska oblika</s>
<s id="s9.1">Pot uporabe zdravila</s>
<s id="s10.1">AT - Avstrija</s>
<s id="s11.1">Astra Zeneca Österreich GmbH Schwarzenbergplatz 7 1037 Wien</s>
<s id="s12.1">Casodex</s>
<s id="s13.1">150 mg</s>
<s id="s14.1">filmsko obložena tableta</s>
<s id="s15.1">peroralna uporaba</s>
<s id="s16.1">AT - Avstrija</s>
<s id="s17.1">Genericon Pharma Ges. m. b. H.</s>
<s id="s17.2">Hafnerstraße 211 8054 Graz</s>
<s id="s18.1">Bicalutamid &quot;Genericon&quot;</s>
<s id="s19.1">150 mg</s>
<s id="s20.1">filmsko obložena tableta</s>
<s id="s21.1">peroralna uporaba</s>
<s id="s22.1">AT - Avstrija</s>
<s id="s23.1">Genericon Pharma Ges. m. b. H.</s>
<s id="s23.2">Hafnerstraße 211 8054 Graz</s>
<s id="s24.1">Bicalutanorm &quot;Genericon&quot;</s>
<s id="s25.1">150 mg</s>
<s id="s26.1">filmsko obložena tableta</s>
<s id="s27.1">peroralna uporaba</s>
<s id="s28.1">AT - Avstrija</s>
<s id="s29.1">Ratiopharm Arzneimittel Vertriebs- GmbH Albert- Schweitzer Gasse 3 1140 Wien</s>
<s id="s30.1">Bicalutamid - ratiopharm</s>
<s id="s31.1">150 mg</s>
<s id="s32.1">filmsko obložena tableta</s>
<s id="s33.1">peroralna uporaba</s>
<s id="s34.1">BE - Belgija</s>
<s id="s35.1">NV AstraZeneca SA Egide Van Ophemstraat 110 B- 1180 Brussel</s>
<s id="s36.1">Casodex</s>
<s id="s37.1">150 mg</s>
<s id="s38.1">filmsko obložena tableta</s>
<s id="s39.1">peroralna uporaba</s>
<s id="s40.1">BG - Bolgarija</s>
<s id="s41.1">AstraZeneca UK Ltd, 600 Capability Green Luton, Bedfordshire, LU1 3LU, UK</s>
<s id="s42.1">Casodex</s>
<s id="s43.1">150 mg</s>
<s id="s44.1">filmsko obložena tableta</s>
<s id="s45.1">peroralna uporaba</s>
<s id="s46.1">CS - Češka</s>
<s id="s47.1">AstraZeneca UK Limited Silk Road Business Park Macclesfield Cheshire SK10 2NA United Kingdom</s>
<s id="s48.1">Casodex</s>
<s id="s49.1">150 mg</s>
<s id="s50.1">filmsko obložena tableta</s>
<s id="s51.1">peroralna uporaba</s>
<s id="s52.1">CS - Češka</s>
<s id="s53.1">Ingers Industrial Solutions S. R. O.</s>
<s id="s53.2">BRNO Jeneweinova 51a 617 00 Brno</s>
<s id="s54.1">Bicaluplex</s>
<s id="s55.1">150 mg</s>
<s id="s56.1">filmsko obložena tableta</s>
<s id="s57.1">peroralna uporaba</s>
<s id="s58.1">CY - Ciper</s>
<s id="s59.1">AstraZeneca UK Limited Silk Road Business Park Macclesfield Cheshire SK10 2NA United Kingdom</s>
<s id="s60.1">Casodex</s>
<s id="s61.1">150 mg</s>
<s id="s62.1">filmsko obložena tableta</s>
<s id="s63.1">peroralna uporaba</s>
<s id="s64.1">Država članica</s>
<s id="s65.1">Imetnik dovoljenja za promet z zdravilom</s>
<s id="s66.1">Izmišljeno ime</s>
<s id="s67.1">Jakost</s>
<s id="s68.1">Farmacevtska oblika</s>
<s id="s69.1">Pot uporabe zdravila</s>
<s id="s70.1">DA - Danska</s>
<s id="s71.1">AstraZeneca A/ S Roskildevej 22 2620 Albertslund</s>
<s id="s72.1">Casodex</s>
<s id="s73.1">150 mg</s>
<s id="s74.1">filmsko obložena tableta</s>
<s id="s75.1">peroralna uporaba</s>
<s id="s76.1">EL - Grčija</s>
<s id="s77.1">Astrazeneca SA 4 Theotocopoulou &amp; Astronauton 151 25 Marousi- Athens</s>
<s id="s78.1">Casodex</s>
<s id="s79.1">150 mg</s>
<s id="s80.1">filmsko obložena tableta</s>
<s id="s81.1">peroralna uporaba</s>
<s id="s82.1">EL - Grčija</s>
<s id="s83.1">Dermos Meπε - pharmaceitica 25 Paraschou str.</s>
<s id="s83.2">Athens</s>
<s id="s84.1">Verodex</s>
<s id="s85.1">150 mg</s>
<s id="s86.1">filmsko obložena tableta</s>
<s id="s87.1">peroralna uporaba</s>
<s id="s88.1">EL - Grčija</s>
<s id="s89.1">Alvia SA 18th klm Athens- Marathon Ave 153 44 Pallini Attiki</s>
<s id="s90.1">Bicalut</s>
<s id="s91.1">150 mg</s>
<s id="s92.1">filmsko obložena tableta</s>
<s id="s93.1">peroralna uporaba</s>
<s id="s94.1">EL - Grčija</s>
<s id="s95.1">Genepharm SA 18th klm Marathon Ave 153 44 Pallini Attiki</s>
<s id="s96.1">Bicamide / Genepharm</s>
<s id="s97.1">150 mg</s>
<s id="s98.1">filmsko obložena tableta</s>
<s id="s99.1">peroralna uporaba</s>
<s id="s100.1">ET - Estonija</s>
<s id="s101.1">Astrazeneca UK Ltd.</s>
<s id="s101.2">Stanhope Gate 15 London W1K 1LN United Kingdom</s>
<s id="s102.1">Casodex</s>
<s id="s103.1">150mg</s>
<s id="s104.1">filmsko obložena tableta</s>
<s id="s105.1">peroralna uporaba</s>
<s id="s106.1">FI - Finska</s>
<s id="s107.1">AstraZeneca Oy Luomanportti 3 02200 Espoo</s>
<s id="s108.1">Casodex</s>
<s id="s109.1">150 mg</s>
<s id="s110.1">filmsko obložena tableta</s>
<s id="s111.1">peroralna uporaba</s>
<s id="s112.1">FI - Finska</s>
<s id="s113.1">Ratiopharm GmbH Graf- Arco- Strasse 3 89079 Ulm Germany</s>
<s id="s114.1">Lukasenomid</s>
<s id="s115.1">150 mg</s>
<s id="s116.1">filmsko obložena tableta</s>
<s id="s117.1">peroralna uporaba</s>
<s id="s118.1">FI - Finska</s>
<s id="s119.1">Ratiopharm GmbH Graf- Arco- Strasse 3 89079 Ulm Germany</s>
<s id="s120.1">Bicalutamid CT - Arzneimittel</s>
<s id="s121.1">150 mg</s>
<s id="s122.1">filmsko obložena tableta</s>
<s id="s123.1">peroralna uporaba</s>
<s id="s124.1">FI - Finska</s>
<s id="s125.1">Ratiopharm GmbH Graf- Arco- Strasse 3</s>
<s id="s126.1">Bicalutamid Ratiopharm</s>
<s id="s127.1">150 mg</s>
<s id="s128.1">filmsko obložena tableta</s>
<s id="s129.1">peroralna uporaba</s>
<s id="s130.1">4 Država članica</s>
<s id="s131.1">Imetnik dovoljenja za promet z zdravilom 89079 Ulm Germany</s>
<s id="s132.1">Izmišljeno ime</s>
<s id="s133.1">Jakost</s>
<s id="s134.1">Farmacevtska oblika</s>
<s id="s135.1">Pot uporabe zdravila</s>
<s id="s136.1">FI - Finska</s>
<s id="s137.1">Ratiopharm GmbH Graf- Arco- Strasse 3 89079 Ulm Germany</s>
<s id="s138.1">Bicalutamid Ribosepharm</s>
<s id="s139.1">150 mg</s>
<s id="s140.1">filmsko obložena tableta</s>
<s id="s141.1">peroralna uporaba</s>
<s id="s142.1">FI - Finska</s>
<s id="s143.1">Avansor Pharma Oy Tekniikantie 14 02150 Espoo</s>
<s id="s144.1">Bicavan</s>
<s id="s145.1">150 mg</s>
<s id="s146.1">filmsko obložena tableta</s>
<s id="s147.1">peroralna uporaba</s>
<s id="s148.1">FI - Finska</s>
<s id="s149.1">Synthon B V Microweg 22 6545 GN Nijmegen The Netherlands</s>
<s id="s150.1">Bikalutamidi Synthon 150 mg</s>
<s id="s151.1">filmsko obložena tableta</s>
<s id="s152.1">peroralna uporaba</s>
<s id="s153.1">FI - Finska</s>
<s id="s154.1">Alternova Oy Ab Rajatorpantie 41 C 01640 Vantaa</s>
<s id="s155.1">Bicalutamid 150 mg Alternova</s>
<s id="s156.1">filmsko obložena tableta</s>
<s id="s157.1">peroralna uporaba</s>
<s id="s158.1">FI - Finska</s>
<s id="s159.1">Peseri Trading Limited El Greco House 20 Queen Frederiks Street, Office 301 1066 Nicosia, Cyprus</s>
<s id="s160.1">Alidex 150 mg</s>
<s id="s161.1">filmsko obložena tableta</s>
<s id="s162.1">peroralna uporaba</s>
<s id="s163.1">FI - Finska</s>
<s id="s164.1">Peseri Trading Limited El Greco House 20 Queen Frederiks Street, Office 301 1066 Nicosia, Cyprus</s>
<s id="s165.1">Bicadex 150 mg</s>
<s id="s166.1">filmsko obložena tableta</s>
<s id="s167.1">peroralna uporaba</s>
<s id="s168.1">FI - Finska</s>
<s id="s169.1">Orion Corporation Orionintie 1, PO Box 65 02101 Espoo</s>
<s id="s170.1">Bicalutamid Orion 150 mg</s>
<s id="s171.1">filmsko obložena tableta</s>
<s id="s172.1">peroralna uporaba</s>
<s id="s173.1">FI - Finska</s>
<s id="s174.1">Peseri Trading Limited El Greco House 20 Queen Frederiks Street, Office 301 1066 Nicosia, Cyprus</s>
<s id="s175.1">Bicalutamide Peseri 150 mg</s>
<s id="s176.1">filmsko obložena tableta</s>
<s id="s177.1">peroralna uporaba</s>
<s id="s178.1">FI - Finska</s>
<s id="s179.1">Tad Pharma GmbH</s>
<s id="s180.1">Bicatad 150 mg</s>
<s id="s181.1">filmsko obložena</s>
<s id="s182.1">peroralna uporaba</s>
<s id="s183.1">5 Država članica</s>
<s id="s184.1">Imetnik dovoljenja za promet z zdravilom</s>
<s id="s185.1">Izmišljeno ime</s>
<s id="s186.1">Jakost</s>
<s id="s187.1">Farmacevtska oblika</s>
<s id="s188.1">Pot uporabe zdravila</s>
<s id="s189.1">Heinz- Lohmann- Strasse 5 27472 Cuxhaven, Germany</s>
<s id="s190.1">tableta</s>
<s id="s191.1">FI - Finska</s>
<s id="s192.1">Peseri Trading Limited El Greco House 20 Queen Frederiks Street, Office 301 1066 Nicosia, Cyprus</s>
<s id="s193.1">Biclad</s>
<s id="s194.1">150 mg</s>
<s id="s195.1">filmsko obložena tableta</s>
<s id="s196.1">peroralna uporaba</s>
<s id="s197.1">FI - Finska</s>
<s id="s198.1">Helm Pharmaceuticals GmbH Nordkanalstr.</s>
<s id="s198.2">28 20097 Hamburg, Germany</s>
<s id="s199.1">Duralutamide</s>
<s id="s200.1">150 mg</s>
<s id="s201.1">filmsko obložena tableta</s>
<s id="s202.1">peroralna uporaba</s>
<s id="s203.1">FI - Finska</s>
<s id="s204.1">Helm Pharmaceuticals GmbH Nordkanalstr.</s>
<s id="s204.2">28 20097 Hamburg, Germany</s>
<s id="s205.1">Grelutamide</s>
<s id="s206.1">150 mg</s>
<s id="s207.1">filmsko obložena tableta</s>
<s id="s208.1">peroralna uporaba</s>
<s id="s209.1">FI - Finska</s>
<s id="s210.1">Helm Pharmaceuticals GmbH Nordkanalstr.</s>
<s id="s210.2">28 20097 Hamburg, Germany</s>
<s id="s211.1">Henlutamide</s>
<s id="s212.1">150 mg</s>
<s id="s213.1">filmsko obložena tableta</s>
<s id="s214.1">peroralna uporaba</s>
<s id="s215.1">FI - Finska</s>
<s id="s216.1">Helm Pharmaceuticals GmbH Nordkanalstr.</s>
<s id="s216.2">28 20097 Hamburg, Germany</s>
<s id="s217.1">Inatamide</s>
<s id="s218.1">150 mg</s>
<s id="s219.1">filmsko obložena tableta</s>
<s id="s220.1">peroralna uporaba</s>
<s id="s221.1">FI - Finska</s>
<s id="s222.1">Helm Pharmaceuticals GmbH Nordkanalstr.</s>
<s id="s222.2">28 20097 Hamburg, Germany</s>
<s id="s223.1">Konlutamide</s>
<s id="s224.1">150 mg</s>
<s id="s225.1">filmsko obložena tableta</s>
<s id="s226.1">peroralna uporaba</s>
<s id="s227.1">FI - Finska</s>
<s id="s228.1">Helm Pharmaceuticals GmbH Nordkanalstr.</s>
<s id="s228.2">28 20097 Hamburg, Germany</s>
<s id="s229.1">Saputamide</s>
<s id="s230.1">150 mg</s>
<s id="s231.1">filmsko obložena tableta</s>
<s id="s232.1">peroralna uporaba</s>
<s id="s233.1">FI - Finska</s>
<s id="s234.1">Helm Pharmaceuticals GmbH Nordkanalstr.</s>
<s id="s234.2">28 20097 Hamburg, Germany</s>
<s id="s235.1">Skylutamide</s>
<s id="s236.1">150 mg</s>
<s id="s237.1">filmsko obložena tableta</s>
<s id="s238.1">peroralna uporaba</s>
<s id="s239.1">FI - Finska</s>
<s id="s240.1">Helm Pharmaceuticals GmbH Nordkanalstr.</s>
<s id="s240.2">28 20097 Hamburg, Germany</s>
<s id="s241.1">Timutamide</s>
<s id="s242.1">150 mg</s>
<s id="s243.1">filmsko obložena tableta</s>
<s id="s244.1">peroralna uporaba</s>
<s id="s245.1">FI - Finska</s>
<s id="s246.1">Peseri Trading Limited El Greco House</s>
<s id="s247.1">Lutamide</s>
<s id="s248.1">150 mg</s>
<s id="s249.1">filmsko obložena tableta</s>
<s id="s250.1">peroralna uporaba</s>
<s id="s251.1">6 Država članica</s>
<s id="s252.1">Imetnik dovoljenja za promet z zdravilom</s>
<s id="s253.1">Izmišljeno ime</s>
<s id="s254.1">Jakost</s>
<s id="s255.1">Farmacevtska oblika</s>
<s id="s256.1">Pot uporabe zdravila</s>
<s id="s257.1">20</s>
<s id="s258.1">Queen Frederiks Street, Office 301</s>
<s id="s259.1">1066 Nicosia, Cyprus FR - Francija</s>
<s id="s260.1">AstraZeneca 1, place Renault 92844 Rueil- Malmaison Cedex</s>
<s id="s261.1">Casodex</s>
<s id="s262.1">150 mg</s>
<s id="s263.1">filmsko obložena tableta</s>
<s id="s264.1">peroralna uporaba</s>
<s id="s265.1">HU - Madžarska Pharmaconsult Kft.:</s>
<s id="s265.2">1141 Budapest, Ráskay Lea u.</s>
<s id="s265.3">44.</s>
<s id="s265.4">Hungary</s>
<s id="s266.1">Bilutamid</s>
<s id="s267.1">150 mg</s>
<s id="s268.1">filmsko obložena tableta</s>
<s id="s269.1">peroralna uporaba</s>
<s id="s270.1">HU - Madžarska AstraZeneca KFt.</s>
<s id="s270.2">Park u.</s>
<s id="s270.3">3 Törökbálint H- 2045</s>
<s id="s271.1">Casodex</s>
<s id="s272.1">150 mg</s>
<s id="s273.1">filmsko obložena tableta</s>
<s id="s274.1">peroralna uporaba</s>
<s id="s275.1">IS - Islandija AstraZeneca UK Limited Silk Road Business Park Macclesfield Cheshire SK10 2NA United Kingdom</s>
<s id="s276.1">Casodex</s>
<s id="s277.1">150 mg</s>
<s id="s278.1">filmsko obložena tableta</s>
<s id="s279.1">peroralna uporaba</s>
<s id="s280.1">IT - Italija Astrazeneca S. P. A.</s>
<s id="s280.2">Palazzo Volta Via F.</s>
<s id="s280.3">Sforza 20080 - Basiglio (MI)</s>
<s id="s281.1">Casodex</s>
<s id="s282.1">150 mg</s>
<s id="s283.1">filmsko obložena tableta</s>
<s id="s284.1">peroralna uporaba</s>
<s id="s285.1">LT - Litva AstraZeneca UK Limited Silk Road Business Park Macclesfield Cheshire SK10 2NA United Kingdom</s>
<s id="s286.1">Casodex</s>
<s id="s287.1">150 mg</s>
<s id="s288.1">filmsko obložena tableta</s>
<s id="s289.1">peroralna uporaba</s>
<s id="s290.1">LU - Luksemburg NV AstraZeneca SA rue E.</s>
<s id="s290.2">Van Ophem B- 1180 Bruxelles Belgium</s>
<s id="s291.1">110</s>
<s id="s292.1">Casodex</s>
<s id="s293.1">150 mg</s>
<s id="s294.1">filmsko obložena tableta</s>
<s id="s295.1">peroralna uporaba</s>
<s id="s296.1">LV - Latvija AstraZeneca UK Limited Silk Road Business Park Macclesfield</s>
<s id="s297.1">Casodex</s>
<s id="s298.1">150 mg</s>
<s id="s299.1">filmsko obložena tableta</s>
<s id="s300.1">peroralna uporaba</s>
<s id="s301.1">7 Država članica</s>
<s id="s302.1">Imetnik dovoljenja za promet z zdravilom Cheshire SK10 2NA United Kingdom</s>
<s id="s303.1">Izmišljeno ime</s>
<s id="s304.1">Jakost</s>
<s id="s305.1">Farmacevtska oblika</s>
<s id="s306.1">Pot uporabe zdravila</s>
<s id="s307.1">NO - Norveška</s>
<s id="s308.1">AstraZeneca AS Boks 200 Vinderen 0319 Oslo</s>
<s id="s309.1">Casodex</s>
<s id="s310.1">150mg</s>
<s id="s311.1">filmsko obložena tableta</s>
<s id="s312.1">peroralna uporaba</s>
<s id="s313.1">PL - Poljska</s>
<s id="s314.1">AstraZeneca UK Limited Silk Road Business Park Macclesfield Cheshire SK10 2NA United Kingdom</s>
<s id="s315.1">Casodex</s>
<s id="s316.1">150 mg</s>
<s id="s317.1">filmsko obložena tableta</s>
<s id="s318.1">peroralna uporaba</s>
<s id="s319.1">PT - Portugalska</s>
<s id="s320.1">AstraZeneca Produtos Farmacêuticos, Lda.</s>
<s id="s320.2">Rua Humberto Madeira, 7 Valejas - 2745- 663 Barcarena</s>
<s id="s321.1">Casodex</s>
<s id="s322.1">150 mg</s>
<s id="s323.1">filmsko obložena tableta</s>
<s id="s324.1">peroralna uporaba</s>
<s id="s325.1">PT - Portugalska</s>
<s id="s326.1">Generis Farmacêutica, S. A.</s>
<s id="s326.2">Office Park da Beloura - Edifício 4 Quinta da Beloura 2710- 444 Sintra</s>
<s id="s327.1">Bicalutamida Generis 150 mg</s>
<s id="s328.1">filmsko obložena tableta</s>
<s id="s329.1">peroralna uporaba</s>
<s id="s330.1">PT - Portugalska</s>
<s id="s331.1">Generis Farmacêutica, S. A.</s>
<s id="s331.2">Office Park da Beloura - Edifício 4 Quinta da Beloura 2710- 444 Sintra</s>
<s id="s332.1">Bicalutamida Prostec 150 mg</s>
<s id="s333.1">filmsko obložena tableta</s>
<s id="s334.1">peroralna uporaba</s>
<s id="s335.1">PT - Portugalska</s>
<s id="s336.1">Farma- APS, Produtos Farmacêuticos, S. A.</s>
<s id="s336.2">Rua João de Deus, 19 Venda Nova 2700- 487 Amadora</s>
<s id="s337.1">Bicalutamida Etsi 150 mg</s>
<s id="s338.1">filmsko obložena tableta</s>
<s id="s339.1">peroralna uporaba</s>
<s id="s340.1">RO - Romunija</s>
<s id="s341.1">AstraZeneca UK Ltd 600 Capability Green Luton, Bedfordshire LU1 3LU, United Kingdom</s>
<s id="s342.1">Casodex 150 mg</s>
<s id="s343.1">filmsko obložena tableta</s>
<s id="s344.1">peroralna uporaba</s>
<s id="s345.1">SK - Slovaška</s>
<s id="s346.1">AstraZeneca UK Limited Silk Road Business Park Macclesfield Cheshire SK10 2NA United Kingdom</s>
<s id="s347.1">Casodex 150 mg</s>
<s id="s348.1">filmsko obložena tableta</s>
<s id="s349.1">peroralna uporaba</s>
<s id="s350.1">SL - Slovenija</s>
<s id="s351.1">AstraZeneca UK Limited</s>
<s id="s352.1">Casodex 150 mg</s>
<s id="s353.1">filmsko obložena</s>
<s id="s354.1">peroralna uporaba</s>
<s id="s355.1">8 Država članica</s>
<s id="s356.1">Imetnik dovoljenja za promet z zdravilom</s>
<s id="s357.1">Izmišljeno ime</s>
<s id="s358.1">Jakost</s>
<s id="s359.1">Farmacevtska oblika</s>
<s id="s360.1">Pot uporabe zdravila</s>
<s id="s361.1">15 Stanhope Gate London, W1K 1LN United Kingdom</s>
<s id="s362.1">tableta</s>
<s id="s363.1">SV - Švedska</s>
<s id="s364.1">AstraZeneca AB Västra Mälarehamnen 9 SE- 151 85 Södertälje</s>
<s id="s365.1">Casodex</s>
<s id="s366.1">150 mg</s>
<s id="s367.1">filmsko obložena tableta</s>
<s id="s368.1">peroralna uporaba</s>
<s id="s369.1">UK – Velika Britanija</s>
<s id="s370.1">AstraZeneca UK Limited Horizon Place 600 Capability Green Luton, Bedfordshire LU1 3LU</s>
<s id="s371.1">Casodex</s>
<s id="s372.1">150 mg</s>
<s id="s373.1">filmsko obložena tableta</s>
<s id="s374.1">peroralna uporaba</s>
<s id="s375.1">UK – Velika Britanija</s>
<s id="s376.1">AstraZeneca UK Limited Horizon Place 600 Capability Green Luton, Bedfordshire LU1 3LU</s>
<s id="s377.1">Bicalutamide</s>
<s id="s378.1">150 mg</s>
<s id="s379.1">filmsko obložena tableta</s>
<s id="s380.1">peroralna uporaba</s>
<s id="s381.1">9 DODATEK II</s>
<s id="s382.1">ZNANSTVENI ZAKLJUČKI IN PODLAGA ZA DOPOLNILO POVZETKA GLAVNIH ZNAČILNOSTI ZDRAVILA, KI JIH JE PREDSTAVILA EVROPSKA AGENCIJA ZA ZDRAVILA</s>
<s id="s383.1">10 ZNANSTVENI ZAKLJUČKI</s>
<s id="s384.1">SPLOŠNI POVZETEK ZNANSTVENEGA VREDNOTENJA ZDRAVIL, KI VSEBUJEJO BIKALUTAMID 150 mg (glejte Dodatek I)</s>
<s id="s385.1">Ozadje</s>
<s id="s386.1">Bikalutamid je peroralni antiandrogen, ki se uporablja pri zdravljenju raka prostate.</s>
<s id="s386.2">Bikalutamid 150 mg se trži v EU po odobritvi vloge za dovoljenje za promet v skladu z nacionalnimi postopki in postopki medsebojnega priznavanja.</s>
<s id="s386.3">Odobrene indikacije vključujejo takojšnje zdravljenje bolnikov z lokalno napredovalim rakom prostate, bodisi samostojno bodisi kot adjuvans k zdravljenju z radikalno prostatektomijo ali radioterapijo.</s>
<s id="s386.4">Izraz lokalno napredovali rak prostate se nanaša na velike tumorje, ki so se razširili na bezgavke, ne pa tudi na druge organe.</s>
<s id="s387.1">V letu 2004 sta bili izdani dve publikaciji, ki podrobno opisujeta predhodno načrtovano drugo analizo raziskovalnega programa za zdravilo Casodex (bikalutamid) pri zgodnjem raku prostate (EPC).</s>
<s id="s388.1">Iste podatke so leta 2003 pregledali tudi v Združenem kraljestvu, ki je referenčna država članica (MRP) za postopek medsebojnega priznavanja.</s>
<s id="s388.2">Takrat je referenčna država članica zaključila, da zdravila Casodex (bikalutamid) 150 mg ne bi smeli uporabljati za zdravljenje „ lokaliziranega “ raka prostate, vendar pa je zaključila tudi, da je razmerje med koristmi in tveganji ostalo pozitivno za izbrane bolnike z „ lokalno napredovalim “ rakom prostate in pri uporabi za takojšnje zdravljenje bodisi samostojno ali kot adjuvans k zdravljenju z radikalno prostatektomijo ali radioterapijo.</s>
<s id="s388.3">Poglavje 5. 1 Povzetka glavnih značilnosti zdravila je bilo dopolnjeno z opozorilom, da je odložitev hormonskega zdravljenja do pojava znakov, ki nakazujejo na napredovanje bolezni, najboljša strategija zdravljenja bolnikov z majhnim tveganjem za napredovanje bolezni, še posebej če se ga namerava uporabiti kot adjuvans po radikalni prostatektomiji.</s>
<s id="s389.1">Na podlagi lastnega pregleda teh podatkov, opravljenega leta 2004, in zaradi posledičnih zadržkov glede razmerja med koristmi in tveganji bikalutamida 150 mg pri lokalno napredovalem raku prostate, je belgijski regulativni organ avgusta leta 2005 začasno razveljavil dovoljenje za promet z zdravilom Casodex (bikalutamid) 150 mg.</s>
<s id="s390.1">Zaradi zadržkov glede varnosti in učinkovitosti bikalutamida 150 mg je pristojni nacionalni organ (NCA) v Belgiji zaključil, da bi bila izvedba nove ocene tveganj in koristi v interesu javnega zdravja.</s>
<s id="s390.2">Zaradi tega je Belgija dne 27. julija 2006 odboru CHMP predložila sporno vprašanje na napotitveni postopek po členu 31 Direktive 2001/ 83/ ES z vsemi spremembami.</s>
<s id="s391.1">Štiri sporna vprašanja v napotitvenem postopku so bila:</s>
<s id="s392.1">- pomanjkanje koristnega učinka za celotno preživetje napram neželenim učinkom pri „ lokalno</s>
<s id="s393.1">napredovalemu raku prostate “;</s>
<s id="s394.1">- statistični zadržki glede multiplikativnosti;</s>
<s id="s395.1">- standard oskrbe za skupino, ki je prejemala placebo, v zadevnih študijah;</s>
<s id="s396.1">- število smrti zaradi odpovedi srca.</s>
<s id="s397.1">Na temelju spornih vprašanj so predlagateljem/ imetnikom dovoljenj za promet z zdravilom zastavili naslednja vprašanja, ki so bila del konsolidiranega seznama vprašanj CHMP, odgovori nanje pa so bili osnova za ponovno oceno razmerja med koristmi in tveganji:</s>
<s id="s398.1">1 / Kako družba utemeljuje indikacijo bikalutamida 150 mg za lokalno napredovali rak prostate, če ve, da so statistično značilno celotno preživetje in pomembni neželeni učinki odsotni?</s>
<s id="s398.2">2 / Kako družba utemeljuje odsotnost prilagajanj za teste multiplikativnosti pri analizi rezultatov za zgodnji rak prostate?</s>
<s id="s398.3">3 / Kako družba utemeljuje dejstvo, da placebo skupina glede na veljavne standarde nege ni prejela ustreznega zdravljenja in zakaj to ni bilo upoštevano pri analizi rezultatov za zgodnji rak prostate?</s>
<s id="s398.4">11</s>
<s id="s399.1">4 /</s>
<s id="s400.1">Kako lahko družba izključi kakršnokoli vlogo bikalutamida 150 mg v povišani smrtnosti zaradi odpovedi srca v skupini, ki je v preizkušanju za zgodnji rak prostate prejemala zdravilo Casodex?</s>
<s id="s401.1">Napotitveni postopek se je nanašal na vse vloge za izdajo dovoljenja za promet, ki so bile v postopku odobritve, kot tudi na dovoljenja za promet za zdravila, ki vsebujejo 150 mg bikalutamida.</s>
<s id="s401.2">Poleg tega se je nanašal samo na indikacijo v zvezi z lokalno napredovalim rakom prostate, ki temelji na programu preučevanja zgodnjega raka prostate, in na besedilo, neposredno povezano s tem, ki se nahaja v poglavju 4. 1 in 5. 1 Povzetka glavnih značilnosti zdravila.</s>
<s id="s401.3">Drugi vidiki Povzetka glavnih značilnosti zdravila in druga indikacija za bikalutamid 150 mg, odobrena v nekaterih državah članicah EU, niso bili predmet te napotitve.</s>
<s id="s402.1">Pomisleki ob razmerju med koristmi in tveganji</s>
<s id="s403.1">Ob začetku programa EPC pred več kot osmimi leti je bil cilj dokumentirati primerjavo koristnih učinkov zgodnjega zdravljenja z bikalutamidom glede na placebo, uporabljenega kot monoterapija ali adjuvantno zdravljenje h kirurgiji ali radioterapiji.</s>
<s id="s403.2">Ker širše soglasje glede standardne nege zgodnjega raka prostate ne obstaja, je taka študija zelo otežena.</s>
<s id="s403.3">Študija EPC je temeljila na empiričnem načrtu, kar pomeni, da je na splošno primerjala Casodex (bikalutamid) s standardno nego, značilno za vsako regijo, vključeno v študijo.</s>
<s id="s404.1">Znano je, da pri lokalno napredovalem raku prostate niso opazili statistično značilnega koristnega učinka na preživetje.</s>
<s id="s404.2">Kljub temu pa je bila študija pozitivno ovrednotena na primarni točki preživetja brez napredovanja bolezni, tako v celoti kot tudi pri podskupinah z lokalnim napredovanjem bolezni.</s>
<s id="s405.1">V času začetne odobritve za indikacijo zgodnjega raka prostate so bili podatki za celotno preživetje še preveč nerazviti, da bi omogočali analizo, vendar pa je naknadna analiza te končne točke v istih podskupinah smiselna, saj obstajajo koristni trendi pri celotnem preživetju bolnikov z lokalno napredovalo boleznijo, ki prejemajo zdravilo Casodex (bikalutamid) bodisi samostojno ali v kombinaciji z radioterapijo.</s>
<s id="s406.1">Kar se tiče vprašanja multiplikativnosti, se zdi primerno pregledati podskupine iz statističnega stališča, saj so pri bikalutamidu 150 mg pomagale zožiti indikacijo na bolnike z bolj ugodnim razmerjem med koristmi in tveganji.</s>
<s id="s406.2">Poleg tega te podskupine niso poljubne, temveč so vpletene v predlagano indikacijo, ustrezajo načinu razvrščanja, vodenja in raziskovanja raka prostate, rezultati pa so skladni s pričakovanji.</s>
<s id="s406.3">Zdi se samoumevno, da bi lahko imel dodatek bilakutamida pri bolnikih z dobro napovedjo, ki so prejemali tudi zdravljenje kurativnega značaja, manj koristnih učinkov kot pri drugih bolnikih.</s>
<s id="s406.4">Poleg tega se zdi prednost v preživetju pri bolnikih z lokalno napredovalo boleznijo, ki so prejemali radioterapijo, dosledna s preživetjem, ki so ga opazili v prejšnjih študijah, tako da je sinergijski učinek z radioterapijo verjeten.</s>
<s id="s406.5">Zaradi zahrbtnosti bolezni je podatke o celotnem preživetju bolnikov z zgodnjim rakom prostate težko dobiti.</s>
<s id="s406.6">Zaradi omenjenih razlogov CHMP misli, da so rezultati o preživetju brez napredovanja bolezni pomembni in jih je treba preveriti same po sebi.</s>
<s id="s406.7">Napredovanje bolezni je lahko povezano s težavami, kakršne so boleče kostne metastaze, stiskanje hrbtenjače, patološki zlomi in oviranje urinarnega pretoka.</s>
<s id="s406.8">Rezultati za PFS so znova prikazani spodaj:</s>
<s id="s407.1">Preživetje brez napredovanja bolezni pri lokalno napredovalem raku po zdravljenih podskupinah</s>
<s id="s408.1">Populacija za analizo</s>
<s id="s409.1">Dogodki (%) pri bolnikih,</s>
<s id="s410.1">Dogodki (%) pri</s>
<s id="s411.1">Razmerje tveganja</s>
<s id="s412.1">ki so prejemali zdravilo</s>
<s id="s413.1">bolnikih, ki so</s>
<s id="s414.1">(95% CI)</s>
<s id="s415.1">Casodex</s>
<s id="s416.1">prejemali placebo</s>
<s id="s417.1">Oprezno čakanje Radioterapija Radikalna prostatektomija</s>
<s id="s418.1">193/ 335 (57, 6) 66/ 161 (41, 0) 179/ 870 (20, 6)</s>
<s id="s419.1">222/ 322 (68, 9) 86/ 144 (59, 7) 213/ 849 (25, 1)</s>
<s id="s420.1">0, 60 (0, 49 do 0, 73) 0, 56 (0, 40 do 0, 78) 0, 75 (0, 61 do 0, 91)</s>
<s id="s421.1">12 Opaziti je statistično značilno in klinično pomembno izboljšanje preživetja brez napredovanja bolezni pri bolnikih z lokalno napredovalim rakom prostate, ki so prejemali zdravilo Casodex (bikalutamid), glede na tiste, ki so prejemali placebo (58% napram 69% bolnikov z napredovanjem bolezni in ki niso prejemali adjuvantne kirurgije ali radioterapije).</s>
<s id="s422.1">Koristni učinki so navadno funkcija napredovanja tveganja in so opazni pri bolnikih z lokalno napredovalo boleznijo; koristni učinki se zmanjšajo po kirurškemu posegu ali tam, kjer bo radioterapija po vsej verjetnosti imela zdravilen učinek.</s>
<s id="s423.1">Z ozirom na primernost zdravljenja v placebo skupini v študijah EPC in glede na dejstvo, da v času uvajanja teh študij ni bilo široko sprejetega standarda nege lokalno napredovalega raka prostate (to še vedno velja), velja empirična zasnova študij, v katerih so primerjali dajanje zdravila Casodex (bikalutamid) 150 mg ali placeba kot dodatek „ standardni negi “, za sprejemljivo.</s>
<s id="s423.2">V nobenem od preizkušanj EPC niso zahtevali, da bi bolnikom v placebo skupini odrekli zdravljenje do kliničnega napredovanja bolezni.</s>
<s id="s423.3">Mediane ravni PSA ob uvajanju aktivnega zdravljenja so pri vsaki izmed podskupin nad pražnimi vrednostmi, opredeljenimi v trenutno veljavnih smernicah Evropskega združenja za urologijo (EAU).</s>
<s id="s424.1">Seveda bi bilo treba te rezultate pretehtati ob upoštevanju dobro znanih težav s prenašanjem zdravila Casodex (bikalutamid).</s>
<s id="s424.2">Posebej poudarjena sta bili ginekomastija in bolečina v prsih (v glavnem v prvem letu jemanja zdravila), ki se ju da uravnavati pri številnih bolnikih.</s>
<s id="s424.3">V kliničnih študijah sta bila ta neželena učinka posebej resna pri približno 5% bolnikov.</s>
<s id="s424.4">Spontan izzven ginekomastije po končanem zdravljenju ni nujen, kar velja še posebej za dolgotrajno zdravljenje.</s>
<s id="s424.5">V smernicah EAU je predlagano, da bi za urejanje teh simptomov uporabljali obsevanje prsi, tamoksifen ali zaviralce aromataze, čeprav slednji niso odobreni za uporabo v te namene.</s>
<s id="s425.1">Zahtevane dodatne analize podatkov preizkušanj EPC potrjujejo povečano tveganje smrti, označenih kot odpovedi srca (vendar brez celotnega prekomernega tveganja v kardiovaskularnem sistemu), povečano tveganje pojava urogenitalnih simptomov (vključno z ginekomastijo in bolečinami v prsih) predvsem med prvim letom jemanja, poleg tega pa še odsotnost neželenega učinka na tromboembolične dogodke med spremljanjem po koncu študije (podpira ga vzorec dogodkov, ki niso skladni z učinki hormonov).</s>
<s id="s425.2">Dokazov o preveliki celotni smrtnosti ni bilo.</s>
<s id="s426.1">Glede smrtnosti zaradi odpovedi srca so imetniki dovoljenj za promet z zdravilom predložili omejeno količino podatkov, ki bi bili novejši od tistih, pridobljenih ob zadnjemu ocenjevanju tega spornega vprašanja in so se v glavnem nanašali na nadaljnjo klinično študijo, posodobljen pregled literature in posodobljen pregled njihove podatkovne baze o varnosti zdravila.</s>
<s id="s426.2">Predstavljena števila so relativno nizka, dolgoročno ni doslednega vzorca umrljivosti zaradi odpovedi srca, prav tako pa je prisotne tudi nekaj nezanesljivosti pri izbiri odpovedi srca za vzrok smrti.</s>
<s id="s426.3">Kljub temu pa povezave z bikalutamidom ni mogoče izključiti.</s>
<s id="s426.4">Čeprav vzorec neželenih dogodkov ne podpira vloge povišanih ravni estrogena pri tem, pa je znano, da ima miokard androgene receptorje in da nanj lahko vpliva dolgotrajna odtegnitev androgena.</s>
<s id="s426.5">Vendar je število vpletenih primerov relativno nizko, poleg tega pa manjka jasno razvidno časovno razmerje.</s>
<s id="s426.6">Večina bolnikov z odpovedjo srca je imela pri vstopu v študijo zmedene faktorje, tako da je bila ocena preiskovalcev o vzročnosti pri vseh primerih smrti zaradi domnevne odpovedi srca „ ni povezave “.</s>
<s id="s426.7">Kar se tiče primerov smrti zaradi odpovedi srca, je ugotavljanje vzroka za smrt ugotovljeno nezanesljivo, opravili pa so tudi le majhno število obdukcij.</s>
<s id="s427.1">Zaradi majhnega števila oseb, udeleženih na testiranju, ni bilo mogoče priti do zaključka o prispevku tamoksifena ali radioterapije k kardiovaskularnim rezultatom ali glede vprašanja, ali ima izpostavljenost tamoksifenu sinergijski vpliv na učinkovitost.</s>
<s id="s427.2">Kljub temu pa ni mogoče povsem izključiti vpliva tromboemboličnih dogodkov, kot razlage za povečano kardiovaskularno smrtnost.</s>
<s id="s428.1">13 Potreba po nadaljnjem raziskovanju kardiovaskularne obolevnosti in smrtnosti ostaja.</s>
<s id="s428.2">Za boljše razumevanje kardiovaskularnih tveganj se bo kot del dogovorjenega načrta za obvladovanje tveganja začela izvajati farmakoepidemiološka študija za boljše razumevanje kardiovaskularnega tveganja, kot se je po pridobljenem mnenju odbora zavezal imetnik.</s>
<s id="s428.3">Cilj te študije je oceniti pojavnost odpovedi srca, kardiovaskularne obolevnosti in smrtnosti pri bolnikih z rakom prostate v primerjavi s splošno populacijo.</s>
<s id="s428.4">Poleg tega bo študija vključevala podskupine bolnikov z rakom prostate, vključno s tistimi, ki prejemajo zdravilo Casodex (bikalutamid), in tistimi, ki se zdravijo z analogi LHRH, orhidektomijo in drugimi hormonskimi načini zdravljenja.</s>
<s id="s428.5">Četrta analiza podatkov o EPC bo predložena, takoj ko bo na razpolago.</s>
<s id="s429.1">Podatki o odpovedi srca ostajajo s tem sporni in ne omogočajo jasnega zaključka, vendar ne pomenijo znatne spremembe razmerja med koristmi in tveganji pri bolnikih z lokalno napredovalim rakom prostate.</s>
<s id="s429.2">Vendar pa ti podatki podpirajo stališče Odbora, da bi morala biti indikacija omejena na izbrane bolnike z lokalno napredovalim rakom prostate in z visokim tveganjem za napredovanje bolezni.</s>
<s id="s430.1">Način razpoznavanja takih bolnikov bi lahko bil zasnovan na merilih, kakršna so ravni PSA, Gleasonov indeks in stadij bolezni.</s>
<s id="s430.2">Iz podatkov o EPC je težko opredeliti še bolj specifično ciljno populacijo, tako da splošni izraz „ visoko tveganje “ bolj odgovarja velikim razlikam v lokalni praksi in neizbežnim spremembam v standardu oskrbe, pri tem pa upošteva mnoge spremenljivke pri posameznem bolniku, ki lahko prispevajo k tveganju za napredovanje bolezni.</s>
<s id="s430.3">Bolniki in zdravniki bi se morali o najbolj ustreznem zdravljenju odločiti glede na vsaki posamezni primer posebej in se pri tem pogovoriti o vprašanjih učinkovitosti in prenašanju vseh razpoložljivih oblik zdravljenja, o vseh faktorjih tveganja za napredovanje bolezni, ob tem pa upoštevati življenjski stil bolnika.</s>
<s id="s430.4">Povzetek glavnih značilnosti zdravila je bil ustrezno dopolnjen, tako da poglavje 5. 1 vsebuje opombo, da je bilo pri bolnikih z lokalno napredovalo boleznijo „ znižanje tveganja objektivnega napredovanja bolezni... najbolj očitno pri tistih, katerih tveganje za napredovanje bolezni je bilo največje.</s>
<s id="s430.5">Zato se klinični zdravniki lahko odločijo, da je odložitev hormonskega zdravljenja do pojava znakov, ki nakazujejo na napredovanje bolezni, najboljša strategija zdravljenja za bolnike z majhnim tveganjem za napredovanje bolezni, še posebej če se načrtuje uporaba kot adjuvans po radikalni prostatektomiji “.</s>
<s id="s430.6">Poglavje 5. 1 Povzetka glavnih značilnosti zdravila vključuje tudi povzetek rezultatov merjenja učinkovitosti iz študije EPC.</s>
<s id="s431.1">RAZLOGI ZA DOPOLNILO POVZETKA GLAVNIH ZNAČILNOSTI ZDRAVILA</s>
<s id="s432.1">Ob upoštevanju naslednjega:</s>
<s id="s433.1">- Odbor je upošteval napotitev v skladu s členom 31 Direktive 2001/ 83/ ES z vsemi</s>
<s id="s434.1">dopolnili za zdravila, ki vsebujejo bikalutamid 150 mg.</s>
<s id="s435.1">- Odbor je upošteval, da je bikalutamid 150 mg učinkovit pri zdravljenju lokalno</s>
<s id="s436.1">napredovalega raka prostate, vendar pa je bil CHMP mnenja, da bi morale biti indikacije za zdravljenje omejene na zdravljenje bolnikov z visokim tveganjem za napredovanje bolezni.</s>
<s id="s437.1">- Glede na razpoložljive podatke je CHMP zaključil, da morebitne povezave med</s>
<s id="s438.1">uporabo bikalutamida 150 mg in srčno odpovedjo ni mogoče izključiti in je zato mnenja, da potreba po nadaljnjem raziskovanju kardiovaskularne obolevnosti in smrtnosti ostaja.</s>
<s id="s438.2">Za odgovor na to vprašanje se bo izvedla nova študija, ki bo del dogovorjenega načrta za obvladovanje tveganja.</s>
<s id="s439.1">- CHMP je zaključil, da je pri zdravilih, ki vsebujejo biklautamid 150 mg, in ob</s>
<s id="s440.1">dogovorjeni omejeni indikaciji razmerje med koristmi in tveganji ugodno.</s>
<s id="s441.1">14 Kot posledica tega je CHMP predlagal, da družba zadrži dovoljenja za promet za vsa zdravila in da se ji odobri dovoljenja za vse aplikacije, ki so bile omenjene v Dodatku I mnenja, v skladu z dopolnili predmetnih poglavij Povzetka glavnih značilnosti zdravila, kot so bile zastavljene v Dodatku III mnenja.</s>
<s id="s442.1">15 DODATEK III</s>
<s id="s443.1">SPREMEMBE POVZETKA GLAVNIH ZNAČILNOSTI ZDRAVILA</s>
<s id="s444.1">Opomba:</s>
<s id="s444.2">Ta Dodatek III (Spremembe Povzetka glavnih značilnosti zdravila) je identičen tistemu, ki je bil priložen odločbi Komisije v zvezi z napotitvenim postopkom, sproženim v skladu s členom 31, za zdravila, ki vsebujejo bikalutamid 150 mg.</s>
<s id="s444.3">Besedilo je bilo takrat veljavno.</s>
<s id="s445.1">Pristojne oblasti držav članic bodo posodobile Dodatek III v skladu z zahtevami, ko bo podana odločba Komisije.</s>
<s id="s445.2">Zaradi tega je možno, da Dodatek III ne predstavlja trenutno veljavnega besedila.</s>
<s id="s446.1">16 SPREMEMBE, KI BODO VKLJUČENE V USTREZEN ODSTAVEK POVZETKOV GLAVNIH ZNAČILNOSTI ZDRAVIL, KI VSEBUJEJO BIKALUTAMID 150 MG</s>
<s id="s447.1">4. 1 Terapevtske indikacije</s>
<s id="s448.1">[…..]</s>
<s id="s449.1">[Izmišljeno ime zdravila] 150 mg je indiciran bodisi kot monoterapija ali kot adjuvantna terapija poleg radikalne prostatektomije ali radioterapije pri bolnikih z lokalno napredovalim rakom prostate z visokim tveganjem za napredovanje bolezni (glejte poglavje 5. 1).</s>
<s id="s450.1">[…..]</s>
<s id="s451.1">5. 1 Farmakodinamične lastnosti</s>
<s id="s452.1">[…..]</s>
<s id="s453.1">CASODEX (bikalutamid) 150 mg je bil preučevan kot terapija za bolnike z lokaliziranim (T1– T2, N0 ali NX, M0) ali lokalno napredovalim (T3– T4, katerikoli N, M0; T1– T2, N+, M0) nemetastatskim rakom prostate v kombinirani analizi treh s placebom kontroliranih, dvojno slepih študij pri 8113 bolnikih.</s>
<s id="s453.2">CASODEX je bil uporabljen kot takojšnja hormonska terapija ali kot adjuvantna terapija poleg radikalne prostatektomije ali radioterapije (v prvi vrsti z zunanjim obsevanjem).</s>
<s id="s453.3">Po mediano 7, 4 leta spremljanja se je objektivno napredovanje bolezni pojavilo pri 27, 4% vseh bolnikov, ki so dobivali CASODEX, in pri 30, 7% vseh bolnikov, ki so dobivali placebo.</s>
<s id="s454.1">Tveganje za objektivno napredovanje bolezni se je zmanjšalo v večini skupin bolnikov, a najočitneje pri bolnikih z največjim tveganjem za napredovanje bolezni.</s>
<s id="s454.2">Zato se lahko zdravniki odločijo, da je optimalna medicinska strategija pri bolniku z majhnim tveganjem za napredovanje bolezni (zlasti v adjuvantnih okoliščinah po radikalni prostatektomiji) odložitev hormonskega zdravljenja, dokler se ne pojavijo znaki napredovanja bolezni.</s>
<s id="s455.1">Po mediano 7, 4 leta spremljanja ni bilo razlik v celotnem preživetju; umrljivost je bila 22, 9% (RO = 0, 99; 95% IZ:</s>
<s id="s455.2">0, 91– 1, 09).</s>
<s id="s455.3">Vendar so eksplorativne analize podskupin pokazale nekatere trende.</s>
<s id="s456.1">Podatki o preživetju brez napredovanja in celotnem preživetju za bolnike z lokalno napredovalo boleznijo so povzeti v naslednjih dveh tabelah:</s>
<s id="s457.1">Tabela 1</s>
<s id="s458.1">Preživetje brez napredovanja pri lokalno napredovali bolezni po terapevtskih podskupinah</s>
<s id="s459.1">Analizirana populacija</s>
<s id="s460.1">Dogodki (%) pri bolnikih na zdravilu CASODEX</s>
<s id="s461.1">Dogodki (%) pri bolnikih na placebu</s>
<s id="s462.1">Razmerje ogroženosti (95% IZ)</s>
<s id="s463.1">Nadzorovano opazovanje</s>
<s id="s464.1">193/ 335 (57, 6)</s>
<s id="s465.1">222/ 322 (68, 9)</s>
<s id="s466.1">0, 60 (0, 49 – 0, 73)</s>
<s id="s467.1">Radioterapija Radikalna prostatektomija</s>
<s id="s468.1">66/ 161 (41, 0) 179/ 870 (20, 6)</s>
<s id="s469.1">86/ 144 (59, 7) 213/ 849 (25, 1)</s>
<s id="s470.1">0, 56 (0, 40 – 0, 78) 0, 75 (0, 61 – 0, 91)</s>
<s id="s471.1">17 Tabela 2</s>
<s id="s472.1">Celotno preživetje pri lokalno napredovali bolezni po terapevtskih podskupinah</s>
<s id="s473.1">Analizirana populacija</s>
<s id="s474.1">Smrti (%) pri bolnikih na zdravilu CASODEX</s>
<s id="s475.1">Smrti (%) pri bolnikih na placebu</s>
<s id="s476.1">Razmerje ogroženosti (95% IZ)</s>
<s id="s477.1">Nadzorovano opazovanje</s>
<s id="s478.1">164/ 335 (49, 0)</s>
<s id="s479.1">183/ 322 (56, 8)</s>
<s id="s480.1">0, 81 (0, 66 – 1, 01)</s>
<s id="s481.1">Radioterapija Radikalna prostatektomija</s>
<s id="s482.1">49/ 161 (30, 4) 137/ 870 (15, 7)</s>
<s id="s483.1">61/ 144 (42, 4) 122/ 849 (14, 4)</s>
<s id="s484.1">0, 65 (0, 44 – 0, 95) 1, 09 (0, 85 – 1, 39)</s>
<s id="s485.1">Pri bolnikih z lokalizirano boleznijo, ki so dobivali samo zdravilo CASODEX, ni bilo bistvenih razlik pri preživetju brez napredovanja.</s>
<s id="s485.2">Pri teh bolnikih je obstajal trend h krajšemu preživetju v primerjavi z bolniki, ki so dobivali placebo (RO = 1, 16; 95% IZ:</s>
<s id="s485.3">0, 99 – 1, 37).</s>
<s id="s485.4">Razmerje med koristjo in tveganjem uporabe zdravila CASODEX v tej skupini zato velja za neugodno.</s>
<s id="s486.1">[…..]</s>
<s id="s487.1">18 DODATEK IV</s>
<s id="s488.1">POGOJI DOVOLJENJA ZA PROMET Z ZDRAVILOM</s>
<s id="s489.1">19 Nacionalni pristojni organi, katerih delo usklajuje referenčna država članica (RMS), bodo zagotovili, da imetnik dovoljenja za promet z zdravilom izpolnjuje naslednje pogoje:</s>
<s id="s490.1">- Imetnik mora opraviti novo farmakoepidemiološko študijo (ali študije), ki bodo pripomogle k</s>
<s id="s491.1">boljšemu razumevanju kardiovaskularnega tveganja.</s>
<s id="s491.2">Cilj te študije bi moral biti ocenjevanje pojavnosti odpovedi srca, kardiovaskularne obolevnosti in smrtnosti pri bolnikih z rakom prostate v primerjavi s splošno populacijo.</s>
<s id="s491.3">Poleg tega bi morala študija vključevati podskupine bolnikov z rakom prostate, vključno s tistimi, ki prejemajo bikalutamid, in tistimi, ki se zdravijo z LHRH analogi, so prestali orhidektomijo in druge hormonske načine zdravljenja.</s>
<s id="s491.4">O rezultatih mora poročati RMS in nacionalnim pristojnim organom, kjer je bikalutamid 150 mg odobren.</s>
<s id="s492.1">- Izide četrte analize podatkov o EPC bi moral predložiti RMS in nacionalnim pristojnim</s>
<s id="s493.1">organom, kjer je bikalutamid 150 mg odobren.</s>
<s id="s494.1">- Vsi imetniki dovoljenj za promet z zdravilom bi morali poleg rutinskih aktivnosti</s>
<s id="s495.1">farmakovigilance za poostreno opazovanje izpostaviti tudi prepoznana in morebitna tveganja, ki vključujejo:</s>
<s id="s496.1">odpoved srca odpoved jeter intersticijsko bolezen pljuč raka na prsih poročila o nosečnosti partneric bolnikov, ki jemljejo bikalutamid</s>
<s id="s497.1">20</s>
</body>
</letsmt>
