<?xml version="1.0" encoding="utf-8"?>
<text>
<p id="1">
<s id="s1.1">
 <w id="w1.1.1">European</w> 
 <w id="w1.1.2">Medicines</w> 
 <w id="w1.1.3">Agency</w>
</s></p>

<p id="2">
<s id="s2.1">
 <w id="w2.1.1">EMEA/</w>
 <w id="w2.1.2">H/</w>
 <w id="w2.1.3">C/</w>
 <w id="w2.1.4">974</w>
</s></p>

<p id="3">
<s id="s3.1">
 <w id="w3.1.1">EVROPSKO</w> 
 <w id="w3.1.2">JAVNO</w> 
 <w id="w3.1.3">POROČILO</w> 
 <w id="w3.1.4">O</w> 
 <w id="w3.1.5">OCENI</w> 
 <w id="w3.1.6">ZDRAVILA</w> 
 <w id="w3.1.7">(</w>
 <w id="w3.1.8">EPAR</w>
 <w id="w3.1.9">)</w>
</s></p>

<p id="4">
<s id="s4.1">
 <w id="w4.1.1">CLOPIDOGREL</w> 
 <w id="w4.1.2">BMS</w>
</s></p>

<p id="5">
<s id="s5.1">
 <w id="w5.1.1">Povzetek</w> 
 <w id="w5.1.2">EPAR</w> 
 <w id="w5.1.3">za</w> 
 <w id="w5.1.4">javnost</w>
</s></p>

<p id="6">
<s id="s6.1">
 <w id="w6.1.1">Ta</w> 
 <w id="w6.1.2">dokument</w> 
 <w id="w6.1.3">je</w> 
 <w id="w6.1.4">povzetek</w> 
 <w id="w6.1.5">evropskega</w> 
 <w id="w6.1.6">javnega</w> 
 <w id="w6.1.7">poročila</w> 
 <w id="w6.1.8">o</w> 
 <w id="w6.1.9">oceni</w> 
 <w id="w6.1.10">zdravila</w> 
 <w id="w6.1.11">(</w>
 <w id="w6.1.12">EPAR</w>
 <w id="w6.1.13">)</w>
 <w id="w6.1.14">.</w>
</s> 
 
<s id="s6.2">
 <w id="w6.2.1">Pojasnjuje</w>
 <w id="w6.2.2">,</w> 
 <w id="w6.2.3">kako</w> 
 <w id="w6.2.4">je</w> 
 <w id="w6.2.5">Odbor</w> 
 <w id="w6.2.6">za</w> 
 <w id="w6.2.7">zdravila</w> 
 <w id="w6.2.8">za</w> 
 <w id="w6.2.9">uporabo</w> 
 <w id="w6.2.10">v</w> 
 <w id="w6.2.11">humani</w> 
 <w id="w6.2.12">medicini</w> 
 <w id="w6.2.13">(</w>
 <w id="w6.2.14">CHMP</w>
 <w id="w6.2.15">)</w> 
 <w id="w6.2.16">ocenil</w> 
 <w id="w6.2.17">opravljene</w> 
 <w id="w6.2.18">študije</w>
 <w id="w6.2.19">,</w> 
 <w id="w6.2.20">na</w> 
 <w id="w6.2.21">podlagi</w> 
 <w id="w6.2.22">katerih</w> 
 <w id="w6.2.23">je</w> 
 <w id="w6.2.24">oblikoval</w> 
 <w id="w6.2.25">priporočila</w> 
 <w id="w6.2.26">glede</w> 
 <w id="w6.2.27">uporabe</w> 
 <w id="w6.2.28">zdravila</w>
 <w id="w6.2.29">.</w>
</s> 
 
<s id="s6.3">
 <w id="w6.3.1">Če</w> 
 <w id="w6.3.2">potrebujete</w> 
 <w id="w6.3.3">več</w> 
 <w id="w6.3.4">informacij</w> 
 <w id="w6.3.5">o</w> 
 <w id="w6.3.6">svojem</w> 
 <w id="w6.3.7">zdravstvenem</w> 
 <w id="w6.3.8">stanju</w> 
 <w id="w6.3.9">ali</w> 
 <w id="w6.3.10">zdravljenju</w>
 <w id="w6.3.11">,</w> 
 <w id="w6.3.12">preberite</w> 
 <w id="w6.3.13">navodilo</w> 
 <w id="w6.3.14">za</w> 
 <w id="w6.3.15">uporabo</w> 
 <w id="w6.3.16">(</w>
 <w id="w6.3.17">ki</w> 
 <w id="w6.3.18">je</w> 
 <w id="w6.3.19">prav</w> 
 <w id="w6.3.20">tako</w> 
 <w id="w6.3.21">del</w> 
 <w id="w6.3.22">EPAR</w>
 <w id="w6.3.23">)</w> 
 <w id="w6.3.24">ali</w> 
 <w id="w6.3.25">se</w> 
 <w id="w6.3.26">posvetujte</w> 
 <w id="w6.3.27">s</w> 
 <w id="w6.3.28">svojim</w> 
 <w id="w6.3.29">zdravnikom</w> 
 <w id="w6.3.30">ali</w> 
 <w id="w6.3.31">farmacevtom</w>
 <w id="w6.3.32">.</w>
</s> 
 
<s id="s6.4">
 <w id="w6.4.1">Če</w> 
 <w id="w6.4.2">želite</w> 
 <w id="w6.4.3">več</w> 
 <w id="w6.4.4">informacij</w>
 <w id="w6.4.5">,</w> 
 <w id="w6.4.6">ki</w> 
 <w id="w6.4.7">temeljijo</w> 
 <w id="w6.4.8">na</w> 
 <w id="w6.4.9">priporočilih</w> 
 <w id="w6.4.10">CHMP</w>
 <w id="w6.4.11">,</w> 
 <w id="w6.4.12">preberite</w> 
 <w id="w6.4.13">znanstveno</w> 
 <w id="w6.4.14">razpravo</w> 
 <w id="w6.4.15">(</w>
 <w id="w6.4.16">ki</w> 
 <w id="w6.4.17">je</w> 
 <w id="w6.4.18">prav</w> 
 <w id="w6.4.19">tako</w> 
 <w id="w6.4.20">del</w> 
 <w id="w6.4.21">EPAR</w>
 <w id="w6.4.22">)</w>
 <w id="w6.4.23">.</w>
</s></p>

<p id="7">
<s id="s7.1">
 <w id="w7.1.1">Kaj</w> 
 <w id="w7.1.2">je</w> 
 <w id="w7.1.3">zdravilo</w> 
 <w id="w7.1.4">Clopidogrel</w> 
 <w id="w7.1.5">BMS</w>
 <w id="w7.1.6">?</w>
</s> 
 
<s id="s7.2">
 <w id="w7.2.1">Clopidogrel</w> 
 <w id="w7.2.2">BMS</w> 
 <w id="w7.2.3">je</w> 
 <w id="w7.2.4">zdravilo</w>
 <w id="w7.2.5">,</w> 
 <w id="w7.2.6">ki</w> 
 <w id="w7.2.7">vsebuje</w> 
 <w id="w7.2.8">zdravilno</w> 
 <w id="w7.2.9">učinkovino</w> 
 <w id="w7.2.10">klopidogrel</w>
 <w id="w7.2.11">.</w>
</s> 
 
<s id="s7.3">
 <w id="w7.3.1">Na</w> 
 <w id="w7.3.2">voljo</w> 
 <w id="w7.3.3">je</w> 
 <w id="w7.3.4">v</w> 
 <w id="w7.3.5">obliki</w> 
 <w id="w7.3.6">rožnatih</w> 
 <w id="w7.3.7">tablet</w> 
 <w id="w7.3.8">(</w>
 <w id="w7.3.9">okrogle</w>
 <w id="w7.3.10">:</w>
</s> 
 
<s id="s7.4">
 <w id="w7.4.1">75</w> 
 <w id="w7.4.2">mg</w>
 <w id="w7.4.3">;</w> 
 <w id="w7.4.4">podolgovate</w>
 <w id="w7.4.5">:</w>
</s> 
 
<s id="s7.5">
 <w id="w7.5.1">300</w> 
 <w id="w7.5.2">mg</w>
 <w id="w7.5.3">)</w>
 <w id="w7.5.4">.</w>
</s> 
 
<s id="s7.6">
 <w id="w7.6.1">To</w> 
 <w id="w7.6.2">zdravilo</w> 
 <w id="w7.6.3">je</w> 
 <w id="w7.6.4">enako</w> 
 <w id="w7.6.5">zdravilu</w> 
 <w id="w7.6.6">Iscover</w>
 <w id="w7.6.7">,</w> 
 <w id="w7.6.8">ki</w> 
 <w id="w7.6.9">je</w> 
 <w id="w7.6.10">že</w> 
 <w id="w7.6.11">odobreno</w> 
 <w id="w7.6.12">v</w> 
 <w id="w7.6.13">Evropski</w> 
 <w id="w7.6.14">uniji</w> 
 <w id="w7.6.15">(</w>
 <w id="w7.6.16">EU</w>
 <w id="w7.6.17">)</w>
 <w id="w7.6.18">.</w>
</s> 
 
<s id="s7.7">
 <w id="w7.7.1">Družba</w>
 <w id="w7.7.2">,</w> 
 <w id="w7.7.3">ki</w> 
 <w id="w7.7.4">proizvaja</w> 
 <w id="w7.7.5">zdravilo</w> 
 <w id="w7.7.6">Iscover</w>
 <w id="w7.7.7">,</w> 
 <w id="w7.7.8">je</w> 
 <w id="w7.7.9">dovolila</w>
 <w id="w7.7.10">,</w> 
 <w id="w7.7.11">da</w> 
 <w id="w7.7.12">se</w> 
 <w id="w7.7.13">lahko</w> 
 <w id="w7.7.14">znanstveni</w> 
 <w id="w7.7.15">podatki</w> 
 <w id="w7.7.16">tega</w> 
 <w id="w7.7.17">zdravila</w> 
 <w id="w7.7.18">uporabijo</w> 
 <w id="w7.7.19">tudi</w> 
 <w id="w7.7.20">za</w> 
 <w id="w7.7.21">zdravilo</w> 
 <w id="w7.7.22">Clopidogrel</w> 
 <w id="w7.7.23">BMS</w>
 <w id="w7.7.24">.</w>
</s></p>

<p id="8">
<s id="s8.1">
 <w id="w8.1.1">Za</w> 
 <w id="w8.1.2">kaj</w> 
 <w id="w8.1.3">se</w> 
 <w id="w8.1.4">zdravilo</w> 
 <w id="w8.1.5">Clopidogrel</w> 
 <w id="w8.1.6">BMS</w> 
 <w id="w8.1.7">uporablja</w>
 <w id="w8.1.8">?</w>
</s> 
 
<s id="s8.2">
 <w id="w8.2.1">Zdravilo</w> 
 <w id="w8.2.2">Clopidogrel</w> 
 <w id="w8.2.3">BMS</w> 
 <w id="w8.2.4">se</w> 
 <w id="w8.2.5">uporablja</w> 
 <w id="w8.2.6">pri</w> 
 <w id="w8.2.7">odraslih</w> 
 <w id="w8.2.8">bolnikih</w> 
 <w id="w8.2.9">za</w> 
 <w id="w8.2.10">preprečevanje</w> 
 <w id="w8.2.11">aterotrombotičnih</w> 
 <w id="w8.2.12">dogodkov</w> 
 <w id="w8.2.13">(</w>
 <w id="w8.2.14">težav</w>
 <w id="w8.2.15">,</w> 
 <w id="w8.2.16">ki</w> 
 <w id="w8.2.17">jih</w> 
 <w id="w8.2.18">povzročajo</w> 
 <w id="w8.2.19">krvni</w> 
 <w id="w8.2.20">strdki</w> 
 <w id="w8.2.21">in</w> 
 <w id="w8.2.22">otrdevanje</w> 
 <w id="w8.2.23">krvnih</w> 
 <w id="w8.2.24">žil</w>
 <w id="w8.2.25">)</w>
 <w id="w8.2.26">.</w>
</s> 
 
<s id="s8.3">
 <w id="w8.3.1">Zdravilo</w> 
 <w id="w8.3.2">Clopidogrel</w> 
 <w id="w8.3.3">BMS</w> 
 <w id="w8.3.4">se</w> 
 <w id="w8.3.5">lahko</w> 
 <w id="w8.3.6">daje</w> 
 <w id="w8.3.7">naslednjim</w> 
 <w id="w8.3.8">skupinam</w> 
 <w id="w8.3.9">bolnikov</w>
 <w id="w8.3.10">:</w> 
 <w id="w8.3.11">•</w> 
 <w id="w8.3.12">bolnikom</w>
 <w id="w8.3.13">,</w> 
 <w id="w8.3.14">ki</w> 
 <w id="w8.3.15">so</w> 
 <w id="w8.3.16">nedavno</w> 
 <w id="w8.3.17">imeli</w> 
 <w id="w8.3.18">miokardni</w> 
 <w id="w8.3.19">infarkt</w> 
 <w id="w8.3.20">(</w>
 <w id="w8.3.21">srčni</w> 
 <w id="w8.3.22">napad</w>
 <w id="w8.3.23">)</w>
 <w id="w8.3.24">.</w>
</s> 
 
<s id="s8.4">
 <w id="w8.4.1">Jemanje</w> 
 <w id="w8.4.2">zdravila</w> 
 <w id="w8.4.3">Clopidogrel</w>     
 <w id="w8.4.4">BMS</w> 
 <w id="w8.4.5">je</w> 
 <w id="w8.4.6">mogoče</w> 
 <w id="w8.4.7">začeti</w> 
 <w id="w8.4.8">nekaj</w> 
 <w id="w8.4.9">dni</w> 
 <w id="w8.4.10">po</w> 
 <w id="w8.4.11">napadu</w> 
 <w id="w8.4.12">in</w> 
 <w id="w8.4.13">do</w> 
 <w id="w8.4.14">35</w> 
 <w id="w8.4.15">dni</w> 
 <w id="w8.4.16">po</w> 
 <w id="w8.4.17">njem</w>
 <w id="w8.4.18">;</w> 
 <w id="w8.4.19">•</w> 
 <w id="w8.4.20">bolnikom</w>
 <w id="w8.4.21">,</w> 
 <w id="w8.4.22">ki</w> 
 <w id="w8.4.23">so</w> 
 <w id="w8.4.24">nedavno</w> 
 <w id="w8.4.25">imeli</w> 
 <w id="w8.4.26">ishemično</w> 
 <w id="w8.4.27">kap</w> 
 <w id="w8.4.28">(</w>
 <w id="w8.4.29">kap</w> 
 <w id="w8.4.30">zaradi</w> 
 <w id="w8.4.31">žilne</w> 
 <w id="w8.4.32">zapore</w>
 <w id="w8.4.33">)</w>
 <w id="w8.4.34">.</w>
</s> 
 
<s id="s8.5">
 <w id="w8.5.1">Jemanje</w> 
 <w id="w8.5.2">zdravila</w>     
 <w id="w8.5.3">Clopidogrel</w> 
 <w id="w8.5.4">BMS</w> 
 <w id="w8.5.5">je</w> 
 <w id="w8.5.6">mogoče</w> 
 <w id="w8.5.7">začeti</w> 
 <w id="w8.5.8">v</w> 
 <w id="w8.5.9">sedmih</w> 
 <w id="w8.5.10">dneh</w> 
 <w id="w8.5.11">po</w> 
 <w id="w8.5.12">napadu</w> 
 <w id="w8.5.13">in</w> 
 <w id="w8.5.14">do</w> 
 <w id="w8.5.15">šest</w> 
 <w id="w8.5.16">mesecev</w> 
 <w id="w8.5.17">po</w> 
 <w id="w8.5.18">njem</w>
 <w id="w8.5.19">;</w> 
 <w id="w8.5.20">•</w> 
 <w id="w8.5.21">bolnikom</w> 
 <w id="w8.5.22">s</w> 
 <w id="w8.5.23">periferno</w> 
 <w id="w8.5.24">arterijsko</w> 
 <w id="w8.5.25">boleznijo</w> 
 <w id="w8.5.26">(</w>
 <w id="w8.5.27">težavami</w> 
 <w id="w8.5.28">s</w> 
 <w id="w8.5.29">pretokom</w> 
 <w id="w8.5.30">krvi</w> 
 <w id="w8.5.31">v</w> 
 <w id="w8.5.32">arterijah</w>
 <w id="w8.5.33">)</w>
 <w id="w8.5.34">;</w> 
 <w id="w8.5.35">•</w> 
 <w id="w8.5.36">bolnikom</w> 
 <w id="w8.5.37">z</w> 
 <w id="w8.5.38">akutnim</w> 
 <w id="w8.5.39">koronarnim</w> 
 <w id="w8.5.40">sindromom</w>
 <w id="w8.5.41">,</w> 
 <w id="w8.5.42">pri</w> 
 <w id="w8.5.43">kateri</w> 
 <w id="w8.5.44">se</w> 
 <w id="w8.5.45">mora</w> 
 <w id="w8.5.46">zdravilo</w> 
 <w id="w8.5.47">dajati</w> 
 <w id="w8.5.48">skupaj</w> 
 <w id="w8.5.49">z</w> 
 <w id="w8.5.50">aspirinom</w>     
 <w id="w8.5.51">(</w>
 <w id="w8.5.52">drugim</w> 
 <w id="w8.5.53">antikoagulantom</w>
 <w id="w8.5.54">)</w>
 <w id="w8.5.55">,</w> 
 <w id="w8.5.56">vključno</w> 
 <w id="w8.5.57">z</w> 
 <w id="w8.5.58">bolniki</w>
 <w id="w8.5.59">,</w> 
 <w id="w8.5.60">katerim</w> 
 <w id="w8.5.61">je</w> 
 <w id="w8.5.62">bil</w> 
 <w id="w8.5.63">vstavljen</w> 
 <w id="w8.5.64">stent</w> 
 <w id="w8.5.65">(</w>
 <w id="w8.5.66">kratka</w> 
 <w id="w8.5.67">cevka</w>
 <w id="w8.5.68">,</w>     
 <w id="w8.5.69">nameščena</w> 
 <w id="w8.5.70">v</w> 
 <w id="w8.5.71">arteriji</w>
 <w id="w8.5.72">,</w> 
 <w id="w8.5.73">da</w> 
 <w id="w8.5.74">prepreči</w> 
 <w id="w8.5.75">njeno</w> 
 <w id="w8.5.76">zapiranje</w>
 <w id="w8.5.77">)</w>
 <w id="w8.5.78">.</w>
</s> 
 
<s id="s8.6">
 <w id="w8.6.1">Zdravilo</w> 
 <w id="w8.6.2">Clopidogrel</w> 
 <w id="w8.6.3">BMS</w> 
 <w id="w8.6.4">se</w> 
 <w id="w8.6.5">lahko</w> 
 <w id="w8.6.6">uporablja</w>     
 <w id="w8.6.7">pri</w> 
 <w id="w8.6.8">bolnikih</w>
 <w id="w8.6.9">,</w> 
 <w id="w8.6.10">ki</w> 
 <w id="w8.6.11">so</w> 
 <w id="w8.6.12">imeli</w> 
 <w id="w8.6.13">srčni</w> 
 <w id="w8.6.14">napad</w> 
 <w id="w8.6.15">z</w> 
 <w id="w8.6.16">„</w>
 <w id="w8.6.17">elevacijo</w> 
 <w id="w8.6.18">spojnice</w> 
 <w id="w8.6.19">ST</w>
 <w id="w8.6.20">“</w> 
 <w id="w8.6.21">(</w>
 <w id="w8.6.22">nenormalni</w> 
 <w id="w8.6.23">zapis</w> 
 <w id="w8.6.24">na</w>     
 <w id="w8.6.25">elektrokardiogramu</w> 
 <w id="w8.6.26">ali</w> 
 <w id="w8.6.27">EKG</w>
 <w id="w8.6.28">)</w>
 <w id="w8.6.29">,</w> 
 <w id="w8.6.30">če</w> 
 <w id="w8.6.31">bi</w> 
 <w id="w8.6.32">zdravnik</w> 
 <w id="w8.6.33">menil</w>
 <w id="w8.6.34">,</w> 
 <w id="w8.6.35">da</w> 
 <w id="w8.6.36">bi</w> 
 <w id="w8.6.37">jim</w> 
 <w id="w8.6.38">zdravilo</w> 
 <w id="w8.6.39">lahko</w> 
 <w id="w8.6.40">pomagalo</w>
 <w id="w8.6.41">.</w>
</s> 
 
<s id="s8.7">
 <w id="w8.7.1">Lahko</w> 
 <w id="w8.7.2">se</w>     
 <w id="w8.7.3">uporablja</w> 
 <w id="w8.7.4">tudi</w> 
 <w id="w8.7.5">pri</w> 
 <w id="w8.7.6">bolnikih</w>
 <w id="w8.7.7">,</w> 
 <w id="w8.7.8">ki</w> 
 <w id="w8.7.9">nimajo</w> 
 <w id="w8.7.10">tega</w> 
 <w id="w8.7.11">nenormalnega</w> 
 <w id="w8.7.12">zapisa</w> 
 <w id="w8.7.13">na</w> 
 <w id="w8.7.14">EKG</w>
 <w id="w8.7.15">,</w> 
 <w id="w8.7.16">če</w> 
 <w id="w8.7.17">imajo</w> 
 <w id="w8.7.18">nestabilno</w>     
 <w id="w8.7.19">angino</w> 
 <w id="w8.7.20">(</w>
 <w id="w8.7.21">hudo</w> 
 <w id="w8.7.22">obliko</w> 
 <w id="w8.7.23">bolečine</w> 
 <w id="w8.7.24">v</w> 
 <w id="w8.7.25">prsih</w>
 <w id="w8.7.26">)</w> 
 <w id="w8.7.27">ali</w> 
 <w id="w8.7.28">so</w> 
 <w id="w8.7.29">imeli</w> 
 <w id="w8.7.30">miokardni</w> 
 <w id="w8.7.31">infarkt</w> 
 <w id="w8.7.32">brez</w> 
 <w id="w8.7.33">Q</w> 
 <w id="w8.7.34">zobca</w>
 <w id="w8.7.35">.</w>
</s> 
 
<s id="s8.8">
 <w id="w8.8.1">Zdravilo</w> 
 <w id="w8.8.2">se</w> 
 <w id="w8.8.3">dobi</w> 
 <w id="w8.8.4">samo</w> 
 <w id="w8.8.5">na</w> 
 <w id="w8.8.6">recept</w>
 <w id="w8.8.7">.</w>
</s></p>

<p id="9">
<s id="s9.1">
 <w id="w9.1.1">Kako</w> 
 <w id="w9.1.2">se</w> 
 <w id="w9.1.3">zdravilo</w> 
 <w id="w9.1.4">Clopidogrel</w> 
 <w id="w9.1.5">BMS</w> 
 <w id="w9.1.6">uporablja</w>
 <w id="w9.1.7">?</w>
</s> 
 
<s id="s9.2">
 <w id="w9.2.1">Običajni</w> 
 <w id="w9.2.2">odmerek</w> 
 <w id="w9.2.3">zdravila</w> 
 <w id="w9.2.4">Clopidogrel</w> 
 <w id="w9.2.5">BMS</w> 
 <w id="w9.2.6">je</w> 
 <w id="w9.2.7">ena</w> 
 <w id="w9.2.8">75-</w>
 <w id="w9.2.9">miligramska</w> 
 <w id="w9.2.10">tableta</w> 
 <w id="w9.2.11">enkrat</w> 
 <w id="w9.2.12">na</w> 
 <w id="w9.2.13">dan</w>
 <w id="w9.2.14">,</w> 
 <w id="w9.2.15">vzeta</w> 
 <w id="w9.2.16">s</w> 
 <w id="w9.2.17">hrano</w> 
 <w id="w9.2.18">ali</w> 
 <w id="w9.2.19">brez</w> 
 <w id="w9.2.20">nje</w>
 <w id="w9.2.21">.</w>
</s> 
 
<s id="s9.3">
 <w id="w9.3.1">Pri</w> 
 <w id="w9.3.2">akutnem</w> 
 <w id="w9.3.3">koronarnem</w> 
 <w id="w9.3.4">sindromu</w> 
 <w id="w9.3.5">se</w> 
 <w id="w9.3.6">zdravilo</w> 
 <w id="w9.3.7">Clopidogrel</w> 
 <w id="w9.3.8">BMS</w> 
 <w id="w9.3.9">uporablja</w> 
 <w id="w9.3.10">skupaj</w> 
 <w id="w9.3.11">z</w> 
 <w id="w9.3.12">aspirinom</w> 
 <w id="w9.3.13">(</w>
 <w id="w9.3.14">drugim</w> 
 <w id="w9.3.15">antikoagulantom</w>
 <w id="w9.3.16">)</w>
 <w id="w9.3.17">,</w> 
 <w id="w9.3.18">zdravljenje</w> 
 <w id="w9.3.19">pa</w> 
 <w id="w9.3.20">se</w> 
 <w id="w9.3.21">na</w> 
 <w id="w9.3.22">splošno</w> 
 <w id="w9.3.23">začne</w> 
 <w id="w9.3.24">z</w> 
 <w id="w9.3.25">udarnim</w> 
 <w id="w9.3.26">odmerkom</w> 
 <w id="w9.3.27">ene</w> 
 <w id="w9.3.28">300-</w>
 <w id="w9.3.29">miligramske</w> 
 <w id="w9.3.30">tablete</w> 
 <w id="w9.3.31">ali</w> 
 <w id="w9.3.32">štirih</w> 
 <w id="w9.3.33">75-</w>
 <w id="w9.3.34">miligramskih</w> 
 <w id="w9.3.35">tablet</w>
 <w id="w9.3.36">.</w>
</s> 
 
<s id="s9.4">
 <w id="w9.4.1">Temu</w> 
 <w id="w9.4.2">sledi</w> 
 <w id="w9.4.3">običajni</w> 
 <w id="w9.4.4">75-</w>
 <w id="w9.4.5">miligramski</w>
</s></p>

<p id="10">
<s id="s10.1">
 <w id="w10.1.1">7</w> 
 <w id="w10.1.2">Westferry</w> 
 <w id="w10.1.3">Circus</w>
 <w id="w10.1.4">,</w> 
 <w id="w10.1.5">Canary</w> 
 <w id="w10.1.6">Wharf</w>
 <w id="w10.1.7">,</w> 
 <w id="w10.1.8">London</w> 
 <w id="w10.1.9">E14</w> 
 <w id="w10.1.10">4HB</w>
 <w id="w10.1.11">,</w> 
 <w id="w10.1.12">UK</w>                                   
 <w id="w10.1.13">Tel</w>
 <w id="w10.1.14">.</w>
</s> 
 
<s id="s10.2">
 <w id="w10.2.1">(</w>
 <w id="w10.2.2">44-</w>
 <w id="w10.2.3">20</w>
 <w id="w10.2.4">)</w> 
 <w id="w10.2.5">74</w> 
 <w id="w10.2.6">18</w> 
 <w id="w10.2.7">84</w> 
 <w id="w10.2.8">00</w> 
 <w id="w10.2.9">Fax</w> 
 <w id="w10.2.10">(</w>
 <w id="w10.2.11">44-</w>
 <w id="w10.2.12">20</w>
 <w id="w10.2.13">)</w> 
 <w id="w10.2.14">74</w> 
 <w id="w10.2.15">18</w> 
 <w id="w10.2.16">84</w> 
 <w id="w10.2.17">16</w>                              
 <w id="w10.2.18">E-</w>
 <w id="w10.2.19">mail</w>
 <w id="w10.2.20">:</w> 
 <w id="w10.2.21">mail@</w>
 <w id="w10.2.22">emea.</w>
 <w id="w10.2.23">europa.</w>
 <w id="w10.2.24">eu</w> 
 <w id="w10.2.25">http</w>
 <w id="w10.2.26">:</w>
 <w id="w10.2.27">//</w>
 <w id="w10.2.28">www.</w>
 <w id="w10.2.29">emea.</w>
 <w id="w10.2.30">europa.</w>
 <w id="w10.2.31">eu</w>
</s></p>

<p id="11">
<s id="s11.1">
 <w id="w11.1.1">©</w> 
 <w id="w11.1.2">European</w> 
 <w id="w11.1.3">Medicines</w> 
 <w id="w11.1.4">Agency</w>
 <w id="w11.1.5">,</w> 
 <w id="w11.1.6">2008</w>
 <w id="w11.1.7">.</w>
</s> 
 
<s id="s11.2">
 <w id="w11.2.1">Reproduction</w> 
 <w id="w11.2.2">is</w> 
 <w id="w11.2.3">authorised</w> 
 <w id="w11.2.4">provided</w> 
 <w id="w11.2.5">the</w> 
 <w id="w11.2.6">source</w> 
 <w id="w11.2.7">is</w> 
 <w id="w11.2.8">acknowledged</w>
 <w id="w11.2.9">.</w> 
 <w id="w11.2.10">odmerek</w> 
 <w id="w11.2.11">enkrat</w> 
 <w id="w11.2.12">na</w> 
 <w id="w11.2.13">dan</w> 
 <w id="w11.2.14">v</w> 
 <w id="w11.2.15">trajanju</w> 
 <w id="w11.2.16">najmanj</w> 
 <w id="w11.2.17">štirih</w> 
 <w id="w11.2.18">tednov</w> 
 <w id="w11.2.19">(</w>
 <w id="w11.2.20">pri</w> 
 <w id="w11.2.21">miokardnem</w> 
 <w id="w11.2.22">infarktu</w> 
 <w id="w11.2.23">z</w> 
 <w id="w11.2.24">elevacijo</w> 
 <w id="w11.2.25">spojnice</w> 
 <w id="w11.2.26">ST</w>
 <w id="w11.2.27">)</w> 
 <w id="w11.2.28">ali</w> 
 <w id="w11.2.29">največ</w> 
 <w id="w11.2.30">12</w> 
 <w id="w11.2.31">mesecev</w> 
 <w id="w11.2.32">(</w>
 <w id="w11.2.33">pri</w> 
 <w id="w11.2.34">sindromu</w> 
 <w id="w11.2.35">brez</w> 
 <w id="w11.2.36">elevacije</w> 
 <w id="w11.2.37">spojnice</w> 
 <w id="w11.2.38">ST</w>
 <w id="w11.2.39">)</w>
 <w id="w11.2.40">.</w>
</s> 
 
<s id="s11.3">
 <w id="w11.3.1">Kako</w> 
 <w id="w11.3.2">zdravilo</w> 
 <w id="w11.3.3">Clopidogrel</w> 
 <w id="w11.3.4">BMS</w> 
 <w id="w11.3.5">deluje</w>
 <w id="w11.3.6">?</w>
</s> 
 
<s id="s11.4">
 <w id="w11.4.1">Zdravilna</w> 
 <w id="w11.4.2">učinkovina</w> 
 <w id="w11.4.3">v</w> 
 <w id="w11.4.4">zdravilu</w> 
 <w id="w11.4.5">Clopidogrel</w> 
 <w id="w11.4.6">BMS</w>
 <w id="w11.4.7">,</w> 
 <w id="w11.4.8">klopidogrel</w>
 <w id="w11.4.9">,</w> 
 <w id="w11.4.10">je</w> 
 <w id="w11.4.11">zaviralec</w> 
 <w id="w11.4.12">agregacije</w> 
 <w id="w11.4.13">trombocitov</w>
 <w id="w11.4.14">.</w>
</s> 
 
<s id="s11.5">
 <w id="w11.5.1">To</w> 
 <w id="w11.5.2">pomeni</w>
 <w id="w11.5.3">,</w> 
 <w id="w11.5.4">da</w> 
 <w id="w11.5.5">pomaga</w> 
 <w id="w11.5.6">pri</w> 
 <w id="w11.5.7">preprečevanju</w> 
 <w id="w11.5.8">nastajanja</w> 
 <w id="w11.5.9">krvnih</w> 
 <w id="w11.5.10">strdkov</w>
 <w id="w11.5.11">.</w>
</s> 
 
<s id="s11.6">
 <w id="w11.6.1">Strjevanje</w> 
 <w id="w11.6.2">krvi</w> 
 <w id="w11.6.3">omogočajo</w> 
 <w id="w11.6.4">posebne</w> 
 <w id="w11.6.5">celice</w> 
 <w id="w11.6.6">v</w> 
 <w id="w11.6.7">krvi</w>
 <w id="w11.6.8">,</w> 
 <w id="w11.6.9">trombociti</w>
 <w id="w11.6.10">,</w> 
 <w id="w11.6.11">ki</w> 
 <w id="w11.6.12">se</w> 
 <w id="w11.6.13">medsebojno</w> 
 <w id="w11.6.14">zlepljajo</w> 
 <w id="w11.6.15">(</w>
 <w id="w11.6.16">agregirajo</w>
 <w id="w11.6.17">)</w>
 <w id="w11.6.18">.</w>
</s> 
 
<s id="s11.7">
 <w id="w11.7.1">Klopidogrel</w> 
 <w id="w11.7.2">ustavi</w> 
 <w id="w11.7.3">zlepljanje</w> 
 <w id="w11.7.4">trombocitov</w> 
 <w id="w11.7.5">tako</w>
 <w id="w11.7.6">,</w> 
 <w id="w11.7.7">da</w> 
 <w id="w11.7.8">spojini</w>
 <w id="w11.7.9">,</w> 
 <w id="w11.7.10">imenovani</w> 
 <w id="w11.7.11">ADP</w>
 <w id="w11.7.12">,</w> 
 <w id="w11.7.13">preprečuje</w> 
 <w id="w11.7.14">vezavo</w> 
 <w id="w11.7.15">na</w> 
 <w id="w11.7.16">posebne</w> 
 <w id="w11.7.17">receptorje</w> 
 <w id="w11.7.18">na</w> 
 <w id="w11.7.19">njihovi</w> 
 <w id="w11.7.20">površini</w>
 <w id="w11.7.21">.</w>
</s> 
 
<s id="s11.8">
 <w id="w11.8.1">To</w> 
 <w id="w11.8.2">preprečuje</w>
 <w id="w11.8.3">,</w> 
 <w id="w11.8.4">da</w> 
 <w id="w11.8.5">bi</w> 
 <w id="w11.8.6">trombociti</w> 
 <w id="w11.8.7">postali</w> 
 <w id="w11.8.8">lepljivi</w>
 <w id="w11.8.9">,</w> 
 <w id="w11.8.10">zmanjšuje</w> 
 <w id="w11.8.11">tveganje</w> 
 <w id="w11.8.12">za</w> 
 <w id="w11.8.13">nastanek</w> 
 <w id="w11.8.14">krvnih</w> 
 <w id="w11.8.15">strdkov</w> 
 <w id="w11.8.16">ter</w> 
 <w id="w11.8.17">prispeva</w> 
 <w id="w11.8.18">k</w> 
 <w id="w11.8.19">preprečevanju</w> 
 <w id="w11.8.20">novega</w> 
 <w id="w11.8.21">srčnega</w> 
 <w id="w11.8.22">napada</w> 
 <w id="w11.8.23">ali</w> 
 <w id="w11.8.24">kapi</w>
 <w id="w11.8.25">.</w>
</s></p>

<p id="12">
<s id="s12.1">
 <w id="w12.1.1">Kako</w> 
 <w id="w12.1.2">je</w> 
 <w id="w12.1.3">bilo</w> 
 <w id="w12.1.4">zdravilo</w> 
 <w id="w12.1.5">Clopidogrel</w> 
 <w id="w12.1.6">BMS</w> 
 <w id="w12.1.7">raziskano</w>
 <w id="w12.1.8">?</w>
</s> 
 
<s id="s12.2">
 <w id="w12.2.1">Učinkovitost</w> 
 <w id="w12.2.2">zdravila</w> 
 <w id="w12.2.3">Clopidogrel</w> 
 <w id="w12.2.4">BMS</w> 
 <w id="w12.2.5">kot</w> 
 <w id="w12.2.6">antikoagulanta</w> 
 <w id="w12.2.7">so</w> 
 <w id="w12.2.8">v</w> 
 <w id="w12.2.9">okviru</w> 
 <w id="w12.2.10">študije</w>
 <w id="w12.2.11">,</w> 
 <w id="w12.2.12">imenovane</w> 
 <w id="w12.2.13">CAPRIE</w>
 <w id="w12.2.14">,</w> 
 <w id="w12.2.15">v</w> 
 <w id="w12.2.16">katero</w> 
 <w id="w12.2.17">je</w> 
 <w id="w12.2.18">bilo</w> 
 <w id="w12.2.19">vključenih</w> 
 <w id="w12.2.20">19.</w>
 <w id="w12.2.21">000</w> 
 <w id="w12.2.22">bolnikov</w> 
 <w id="w12.2.23">z</w> 
 <w id="w12.2.24">aterotrombozo</w>
 <w id="w12.2.25">,</w> 
 <w id="w12.2.26">primerjali</w> 
 <w id="w12.2.27">z</w> 
 <w id="w12.2.28">učinkovitostjo</w> 
 <w id="w12.2.29">aspirina</w>
 <w id="w12.2.30">.</w>
</s> 
 
<s id="s12.3">
 <w id="w12.3.1">Ne</w> 
 <w id="w12.3.2">bolnik</w> 
 <w id="w12.3.3">ne</w> 
 <w id="w12.3.4">zdravnik</w> 
 <w id="w12.3.5">nista</w> 
 <w id="w12.3.6">vedela</w>
 <w id="w12.3.7">,</w> 
 <w id="w12.3.8">katero</w> 
 <w id="w12.3.9">zdravilo</w> 
 <w id="w12.3.10">bolnik</w> 
 <w id="w12.3.11">prejema</w>
 <w id="w12.3.12">.</w>
</s> 
 
<s id="s12.4">
 <w id="w12.4.1">Glavno</w> 
 <w id="w12.4.2">merilo</w> 
 <w id="w12.4.3">učinkovitosti</w> 
 <w id="w12.4.4">je</w> 
 <w id="w12.4.5">bilo</w>
 <w id="w12.4.6">,</w> 
 <w id="w12.4.7">koliko</w> 
 <w id="w12.4.8">bolnikov</w> 
 <w id="w12.4.9">je</w> 
 <w id="w12.4.10">v</w> 
 <w id="w12.4.11">enem</w> 
 <w id="w12.4.12">do</w> 
 <w id="w12.4.13">treh</w> 
 <w id="w12.4.14">let</w> 
 <w id="w12.4.15">imelo</w> 
 <w id="w12.4.16">novi</w> 
 <w id="w12.4.17">„</w>
 <w id="w12.4.18">ishemični</w> 
 <w id="w12.4.19">dogodek</w>
 <w id="w12.4.20">“</w> 
 <w id="w12.4.21">(</w>
 <w id="w12.4.22">srčni</w> 
 <w id="w12.4.23">napad</w>
 <w id="w12.4.24">,</w> 
 <w id="w12.4.25">ishemično</w> 
 <w id="w12.4.26">kap</w> 
 <w id="w12.4.27">ali</w> 
 <w id="w12.4.28">smrt</w>
 <w id="w12.4.29">)</w>
 <w id="w12.4.30">.</w>
</s> 
 
<s id="s12.5">
 <w id="w12.5.1">Pri</w> 
 <w id="w12.5.2">zdravljenju</w> 
 <w id="w12.5.3">akutnega</w> 
 <w id="w12.5.4">koronarnega</w> 
 <w id="w12.5.5">sindroma</w> 
 <w id="w12.5.6">brez</w> 
 <w id="w12.5.7">elevacije</w> 
 <w id="w12.5.8">spojnice</w> 
 <w id="w12.5.9">ST</w> 
 <w id="w12.5.10">so</w> 
 <w id="w12.5.11">zdravilo</w> 
 <w id="w12.5.12">Clopidogrel</w> 
 <w id="w12.5.13">BMS</w> 
 <w id="w12.5.14">primerjali</w> 
 <w id="w12.5.15">s</w> 
 <w id="w12.5.16">placebom</w> 
 <w id="w12.5.17">(</w>
 <w id="w12.5.18">zdravilom</w> 
 <w id="w12.5.19">brez</w> 
 <w id="w12.5.20">zdravilne</w> 
 <w id="w12.5.21">učinkovine</w>
 <w id="w12.5.22">)</w> 
 <w id="w12.5.23">pri</w> 
 <w id="w12.5.24">več</w> 
 <w id="w12.5.25">kot</w> 
 <w id="w12.5.26">12.</w>
 <w id="w12.5.27">000</w> 
 <w id="w12.5.28">bolnikov</w>
 <w id="w12.5.29">,</w> 
 <w id="w12.5.30">zdravljenih</w> 
 <w id="w12.5.31">do</w> 
 <w id="w12.5.32">enega</w> 
 <w id="w12.5.33">leta</w> 
 <w id="w12.5.34">(</w>
 <w id="w12.5.35">študija</w> 
 <w id="w12.5.36">CURE</w>
 <w id="w12.5.37">)</w>
 <w id="w12.5.38">:</w>
</s> 
 
<s id="s12.6">
 <w id="w12.6.1">2172</w> 
 <w id="w12.6.2">bolnikov</w> 
 <w id="w12.6.3">je</w> 
 <w id="w12.6.4">imelo</w> 
 <w id="w12.6.5">med</w> 
 <w id="w12.6.6">študijo</w> 
 <w id="w12.6.7">vstavljen</w> 
 <w id="w12.6.8">stent</w>
 <w id="w12.6.9">.</w>
</s> 
 
<s id="s12.7">
 <w id="w12.7.1">Pri</w> 
 <w id="w12.7.2">zdravljenju</w> 
 <w id="w12.7.3">miokardnega</w> 
 <w id="w12.7.4">infarkta</w> 
 <w id="w12.7.5">z</w> 
 <w id="w12.7.6">elevacijo</w> 
 <w id="w12.7.7">spojnice</w> 
 <w id="w12.7.8">ST</w> 
 <w id="w12.7.9">so</w> 
 <w id="w12.7.10">zdravilo</w> 
 <w id="w12.7.11">Clopidogrel</w> 
 <w id="w12.7.12">BMS</w> 
 <w id="w12.7.13">primerjali</w> 
 <w id="w12.7.14">s</w> 
 <w id="w12.7.15">placebom</w> 
 <w id="w12.7.16">v</w> 
 <w id="w12.7.17">dveh</w> 
 <w id="w12.7.18">študijah</w>
 <w id="w12.7.19">:</w>
</s> 
 
<s id="s12.8">
 <w id="w12.8.1">CLARITY</w> 
 <w id="w12.8.2">(</w>
 <w id="w12.8.3">ki</w> 
 <w id="w12.8.4">je</w> 
 <w id="w12.8.5">vključevala</w> 
 <w id="w12.8.6">več</w> 
 <w id="w12.8.7">kot</w> 
 <w id="w12.8.8">3000</w> 
 <w id="w12.8.9">bolnikov</w>
 <w id="w12.8.10">,</w> 
 <w id="w12.8.11">ki</w> 
 <w id="w12.8.12">so</w> 
 <w id="w12.8.13">do</w> 
 <w id="w12.8.14">osem</w> 
 <w id="w12.8.15">dni</w> 
 <w id="w12.8.16">prejemali</w> 
 <w id="w12.8.17">zdravilo</w> 
 <w id="w12.8.18">Clopidogrel</w> 
 <w id="w12.8.19">BMS</w> 
 <w id="w12.8.20">)</w> 
 <w id="w12.8.21">in</w> 
 <w id="w12.8.22">COMMIT</w> 
 <w id="w12.8.23">(</w>
 <w id="w12.8.24">ki</w> 
 <w id="w12.8.25">je</w> 
 <w id="w12.8.26">vključevala</w> 
 <w id="w12.8.27">skoraj</w> 
 <w id="w12.8.28">46.</w>
 <w id="w12.8.29">000</w> 
 <w id="w12.8.30">bolnikov</w>
 <w id="w12.8.31">,</w> 
 <w id="w12.8.32">ki</w> 
 <w id="w12.8.33">so</w> 
 <w id="w12.8.34">do</w> 
 <w id="w12.8.35">štiri</w> 
 <w id="w12.8.36">tedne</w> 
 <w id="w12.8.37">prejemali</w> 
 <w id="w12.8.38">zdravilo</w> 
 <w id="w12.8.39">Clopidogrel</w> 
 <w id="w12.8.40">BMS</w> 
 <w id="w12.8.41">z</w> 
 <w id="w12.8.42">metoprololom</w> 
 <w id="w12.8.43">ali</w> 
 <w id="w12.8.44">brez</w> 
 <w id="w12.8.45">njega</w>
 <w id="w12.8.46">)</w>
 <w id="w12.8.47">.</w>
</s> 
 
<s id="s12.9">
 <w id="w12.9.1">Glavno</w> 
 <w id="w12.9.2">merilo</w> 
 <w id="w12.9.3">učinkovitosti</w> 
 <w id="w12.9.4">je</w> 
 <w id="w12.9.5">bilo</w>
 <w id="w12.9.6">,</w> 
 <w id="w12.9.7">koliko</w> 
 <w id="w12.9.8">bolnikov</w> 
 <w id="w12.9.9">je</w> 
 <w id="w12.9.10">v</w> 
 <w id="w12.9.11">času</w> 
 <w id="w12.9.12">študije</w> 
 <w id="w12.9.13">imelo</w> 
 <w id="w12.9.14">„</w>
 <w id="w12.9.15">dogodek</w>
 <w id="w12.9.16">“</w>
 <w id="w12.9.17">,</w> 
 <w id="w12.9.18">kot</w> 
 <w id="w12.9.19">je</w> 
 <w id="w12.9.20">zamašena</w> 
 <w id="w12.9.21">arterija</w>
 <w id="w12.9.22">,</w> 
 <w id="w12.9.23">nov</w> 
 <w id="w12.9.24">srčni</w> 
 <w id="w12.9.25">napad</w> 
 <w id="w12.9.26">ali</w> 
 <w id="w12.9.27">smrt</w>
 <w id="w12.9.28">.</w>
</s></p>

<p id="13">
<s id="s13.1">
 <w id="w13.1.1">Kakšne</w> 
 <w id="w13.1.2">koristi</w> 
 <w id="w13.1.3">je</w> 
 <w id="w13.1.4">zdravilo</w> 
 <w id="w13.1.5">Clopidogrel</w> 
 <w id="w13.1.6">BMS</w> 
 <w id="w13.1.7">izkazalo</w> 
 <w id="w13.1.8">med</w> 
 <w id="w13.1.9">študijami</w>
 <w id="w13.1.10">?</w>
</s> 
 
<s id="s13.2">
 <w id="w13.2.1">Zdravilo</w> 
 <w id="w13.2.2">Clopidogrel</w> 
 <w id="w13.2.3">BMS</w> 
 <w id="w13.2.4">je</w> 
 <w id="w13.2.5">bilo</w> 
 <w id="w13.2.6">pri</w> 
 <w id="w13.2.7">preprečevanju</w> 
 <w id="w13.2.8">novih</w> 
 <w id="w13.2.9">ishemičnih</w> 
 <w id="w13.2.10">dogodkov</w> 
 <w id="w13.2.11">učinkovitejše</w> 
 <w id="w13.2.12">od</w> 
 <w id="w13.2.13">aspirina</w>
 <w id="w13.2.14">.</w>
</s> 
 
<s id="s13.3">
 <w id="w13.3.1">V</w> 
 <w id="w13.3.2">skupini</w>
 <w id="w13.3.3">,</w> 
 <w id="w13.3.4">ki</w> 
 <w id="w13.3.5">je</w> 
 <w id="w13.3.6">prejemala</w> 
 <w id="w13.3.7">zdravilo</w> 
 <w id="w13.3.8">Clopidogrel</w> 
 <w id="w13.3.9">BMS</w>
 <w id="w13.3.10">,</w> 
 <w id="w13.3.11">je</w> 
 <w id="w13.3.12">bilo</w> 
 <w id="w13.3.13">939</w> 
 <w id="w13.3.14">dogodkov</w>
 <w id="w13.3.15">,</w> 
 <w id="w13.3.16">v</w> 
 <w id="w13.3.17">skupini</w>
 <w id="w13.3.18">,</w> 
 <w id="w13.3.19">zdravljeni</w> 
 <w id="w13.3.20">z</w> 
 <w id="w13.3.21">aspirinom</w>
 <w id="w13.3.22">,</w> 
 <w id="w13.3.23">pa</w> 
 <w id="w13.3.24">1020</w>
 <w id="w13.3.25">.</w>
</s> 
 
<s id="s13.4">
 <w id="w13.4.1">To</w> 
 <w id="w13.4.2">ustreza</w> 
 <w id="w13.4.3">relativnemu</w> 
 <w id="w13.4.4">zmanjšanju</w> 
 <w id="w13.4.5">tveganja</w> 
 <w id="w13.4.6">za</w> 
 <w id="w13.4.7">9</w> 
 <w id="w13.4.8">%</w> 
 <w id="w13.4.9">v</w> 
 <w id="w13.4.10">primerjavi</w> 
 <w id="w13.4.11">z</w> 
 <w id="w13.4.12">aspirinom</w>
 <w id="w13.4.13">.</w>
</s> 
 
<s id="s13.5">
 <w id="w13.5.1">Zmanjšanje</w> 
 <w id="w13.5.2">tveganja</w> 
 <w id="w13.5.3">pomeni</w>
 <w id="w13.5.4">,</w> 
 <w id="w13.5.5">da</w> 
 <w id="w13.5.6">bo</w> 
 <w id="w13.5.7">manj</w> 
 <w id="w13.5.8">bolnikov</w> 
 <w id="w13.5.9">doživelo</w> 
 <w id="w13.5.10">nov</w> 
 <w id="w13.5.11">ishemični</w> 
 <w id="w13.5.12">napad</w>
 <w id="w13.5.13">,</w> 
 <w id="w13.5.14">če</w> 
 <w id="w13.5.15">bodo</w> 
 <w id="w13.5.16">prejemali</w> 
 <w id="w13.5.17">zdravilo</w> 
 <w id="w13.5.18">Clopidogrel</w> 
 <w id="w13.5.19">BMS</w>
 <w id="w13.5.20">,</w> 
 <w id="w13.5.21">kot</w> 
 <w id="w13.5.22">pa</w> 
 <w id="w13.5.23">če</w> 
 <w id="w13.5.24">bodo</w> 
 <w id="w13.5.25">prejemali</w> 
 <w id="w13.5.26">aspirin</w>
 <w id="w13.5.27">.</w>
</s> 
 
<s id="s13.6">
 <w id="w13.6.1">Z</w> 
 <w id="w13.6.2">drugimi</w> 
 <w id="w13.6.3">besedami</w>
 <w id="w13.6.4">,</w> 
 <w id="w13.6.5">približno</w> 
 <w id="w13.6.6">10</w> 
 <w id="w13.6.7">bolnikov</w> 
 <w id="w13.6.8">od</w> 
 <w id="w13.6.9">1000</w> 
 <w id="w13.6.10">se</w> 
 <w id="w13.6.11">bo</w> 
 <w id="w13.6.12">izognilo</w> 
 <w id="w13.6.13">novemu</w> 
 <w id="w13.6.14">ishemičnemu</w> 
 <w id="w13.6.15">napadu</w> 
 <w id="w13.6.16">v</w> 
 <w id="w13.6.17">dveh</w> 
 <w id="w13.6.18">letih</w> 
 <w id="w13.6.19">po</w> 
 <w id="w13.6.20">pričetku</w> 
 <w id="w13.6.21">prejemanja</w> 
 <w id="w13.6.22">zdravila</w> 
 <w id="w13.6.23">Clopidogrel</w> 
 <w id="w13.6.24">BMS</w> 
 <w id="w13.6.25">namesto</w> 
 <w id="w13.6.26">aspirina</w>
 <w id="w13.6.27">.</w>
</s> 
 
<s id="s13.7">
 <w id="w13.7.1">Pri</w> 
 <w id="w13.7.2">akutnem</w> 
 <w id="w13.7.3">koronarnem</w> 
 <w id="w13.7.4">sindromu</w> 
 <w id="w13.7.5">brez</w> 
 <w id="w13.7.6">elevacije</w> 
 <w id="w13.7.7">spojnice</w> 
 <w id="w13.7.8">ST</w> 
 <w id="w13.7.9">je</w> 
 <w id="w13.7.10">znašalo</w> 
 <w id="w13.7.11">celotno</w> 
 <w id="w13.7.12">relativno</w> 
 <w id="w13.7.13">zmanjšanje</w> 
 <w id="w13.7.14">tveganja</w> 
 <w id="w13.7.15">za</w> 
 <w id="w13.7.16">pojav</w> 
 <w id="w13.7.17">dogodka</w> 
 <w id="w13.7.18">v</w> 
 <w id="w13.7.19">primerjavi</w> 
 <w id="w13.7.20">s</w> 
 <w id="w13.7.21">placebom</w> 
 <w id="w13.7.22">20</w> 
 <w id="w13.7.23">%</w>
 <w id="w13.7.24">.</w>
</s> 
 
<s id="s13.8">
 <w id="w13.8.1">Do</w> 
 <w id="w13.8.2">zmanjšanja</w> 
 <w id="w13.8.3">je</w> 
 <w id="w13.8.4">prišlo</w> 
 <w id="w13.8.5">tudi</w> 
 <w id="w13.8.6">pri</w> 
 <w id="w13.8.7">bolnikih</w>
 <w id="w13.8.8">,</w> 
 <w id="w13.8.9">ki</w> 
 <w id="w13.8.10">so</w> 
 <w id="w13.8.11">imeli</w> 
 <w id="w13.8.12">vstavljen</w> 
 <w id="w13.8.13">stent</w>
 <w id="w13.8.14">.</w>
</s> 
 
<s id="s13.9">
 <w id="w13.9.1">Pri</w> 
 <w id="w13.9.2">miokardnem</w> 
 <w id="w13.9.3">infarktu</w> 
 <w id="w13.9.4">z</w> 
 <w id="w13.9.5">elevacijo</w> 
 <w id="w13.9.6">spojnice</w> 
 <w id="w13.9.7">ST</w> 
 <w id="w13.9.8">je</w> 
 <w id="w13.9.9">bilo</w> 
 <w id="w13.9.10">število</w> 
 <w id="w13.9.11">bolnikov</w>
 <w id="w13.9.12">,</w> 
 <w id="w13.9.13">pri</w> 
 <w id="w13.9.14">katerih</w> 
 <w id="w13.9.15">so</w> 
 <w id="w13.9.16">se</w> 
 <w id="w13.9.17">pojavili</w> 
 <w id="w13.9.18">dogodki</w>
 <w id="w13.9.19">,</w> 
 <w id="w13.9.20">manjše</w> 
 <w id="w13.9.21">med</w> 
 <w id="w13.9.22">bolniki</w>
 <w id="w13.9.23">,</w> 
 <w id="w13.9.24">ki</w> 
 <w id="w13.9.25">so</w> 
 <w id="w13.9.26">jemali</w> 
 <w id="w13.9.27">zdravilo</w> 
 <w id="w13.9.28">Clopidogrel</w> 
 <w id="w13.9.29">BMS</w>
 <w id="w13.9.30">,</w> 
 <w id="w13.9.31">kot</w> 
 <w id="w13.9.32">med</w> 
 <w id="w13.9.33">bolniki</w>
 <w id="w13.9.34">,</w> 
 <w id="w13.9.35">ki</w> 
 <w id="w13.9.36">so</w> 
 <w id="w13.9.37">prejemali</w> 
 <w id="w13.9.38">placebo</w> 
 <w id="w13.9.39">(</w>
 <w id="w13.9.40">262</w> 
 <w id="w13.9.41">v</w> 
 <w id="w13.9.42">primerjavi</w> 
 <w id="w13.9.43">s</w> 
 <w id="w13.9.44">377</w> 
 <w id="w13.9.45">v</w> 
 <w id="w13.9.46">študiji</w> 
 <w id="w13.9.47">CLARITY</w> 
 <w id="w13.9.48">ter</w> 
 <w id="w13.9.49">2121</w> 
 <w id="w13.9.50">v</w> 
 <w id="w13.9.51">primerjavi</w> 
 <w id="w13.9.52">z</w> 
 <w id="w13.9.53">2310</w> 
 <w id="w13.9.54">v</w> 
 <w id="w13.9.55">študiji</w> 
 <w id="w13.9.56">COMMIT</w>
 <w id="w13.9.57">)</w>
 <w id="w13.9.58">.</w>
</s> 
 
<s id="s13.10">
 <w id="w13.10.1">To</w> 
 <w id="w13.10.2">je</w> 
 <w id="w13.10.3">dokaz</w>
 <w id="w13.10.4">,</w> 
 <w id="w13.10.5">da</w> 
 <w id="w13.10.6">zdravilo</w> 
 <w id="w13.10.7">Clopidogrel</w> 
 <w id="w13.10.8">BMS</w> 
 <w id="w13.10.9">znižuje</w> 
 <w id="w13.10.10">tveganje</w> 
 <w id="w13.10.11">za</w> 
 <w id="w13.10.12">pojav</w> 
 <w id="w13.10.13">dogodka</w>
 <w id="w13.10.14">.</w>
</s></p>

<p id="14">
<s id="s14.1">
 <w id="w14.1.1">Kakšna</w> 
 <w id="w14.1.2">tveganja</w> 
 <w id="w14.1.3">so</w> 
 <w id="w14.1.4">povezana</w> 
 <w id="w14.1.5">z</w> 
 <w id="w14.1.6">zdravilom</w> 
 <w id="w14.1.7">Clopidogrel</w> 
 <w id="w14.1.8">BMS</w>
 <w id="w14.1.9">?</w>
</s> 
 
<s id="s14.2">
 <w id="w14.2.1">Najpogostejši</w> 
 <w id="w14.2.2">neželeni</w> 
 <w id="w14.2.3">učinki</w> 
 <w id="w14.2.4">zdravila</w> 
 <w id="w14.2.5">Clopidogrel</w> 
 <w id="w14.2.6">BMS</w> 
 <w id="w14.2.7">(</w>
 <w id="w14.2.8">opaženi</w> 
 <w id="w14.2.9">pri</w> 
 <w id="w14.2.10">1</w> 
 <w id="w14.2.11">do</w> 
 <w id="w14.2.12">10</w> 
 <w id="w14.2.13">bolnikih</w> 
 <w id="w14.2.14">izmed</w> 
 <w id="w14.2.15">100</w>
 <w id="w14.2.16">)</w> 
 <w id="w14.2.17">so</w> 
 <w id="w14.2.18">hematomi</w> 
 <w id="w14.2.19">(</w>
 <w id="w14.2.20">kopičenje</w> 
 <w id="w14.2.21">krvi</w> 
 <w id="w14.2.22">pod</w> 
 <w id="w14.2.23">kožo</w>
 <w id="w14.2.24">)</w>
 <w id="w14.2.25">,</w> 
 <w id="w14.2.26">epistaksa</w> 
 <w id="w14.2.27">(</w>
 <w id="w14.2.28">krvavitve</w> 
 <w id="w14.2.29">iz</w> 
 <w id="w14.2.30">nosu</w>
 <w id="w14.2.31">)</w>
 <w id="w14.2.32">,</w> 
 <w id="w14.2.33">gastrointestinalna</w> 
 <w id="w14.2.34">hemoragija</w> 
 <w id="w14.2.35">(</w>
 <w id="w14.2.36">krvavitve</w> 
 <w id="w14.2.37">v</w> 
 <w id="w14.2.38">želodcu</w> 
 <w id="w14.2.39">ali</w> 
 <w id="w14.2.40">črevesju</w>
 <w id="w14.2.41">)</w>
 <w id="w14.2.42">,</w> 
 <w id="w14.2.43">bolečine</w> 
 <w id="w14.2.44">v</w> 
 <w id="w14.2.45">trebuhu</w>
 <w id="w14.2.46">,</w> 
 <w id="w14.2.47">dispepsija</w> 
 <w id="w14.2.48">(</w>
 <w id="w14.2.49">slaba</w> 
 <w id="w14.2.50">prebava</w>
 <w id="w14.2.51">)</w>
 <w id="w14.2.52">,</w> 
 <w id="w14.2.53">podplutbe</w> 
 <w id="w14.2.54">in</w> 
 <w id="w14.2.55">krvavitve</w> 
 <w id="w14.2.56">na</w> 
 <w id="w14.2.57">mestu</w> 
 <w id="w14.2.58">predrte</w> 
 <w id="w14.2.59">kože</w>
 <w id="w14.2.60">.</w>
</s> 
 
<s id="s14.3">
 <w id="w14.3.1">Za</w> 
 <w id="w14.3.2">celoten</w> 
 <w id="w14.3.3">seznam</w> 
 <w id="w14.3.4">neželenih</w> 
 <w id="w14.3.5">učinkov</w>
 <w id="w14.3.6">,</w> 
 <w id="w14.3.7">o</w> 
 <w id="w14.3.8">katerih</w> 
 <w id="w14.3.9">so</w> 
 <w id="w14.3.10">poročali</w> 
 <w id="w14.3.11">pri</w> 
 <w id="w14.3.12">uporabi</w> 
 <w id="w14.3.13">zdravila</w> 
 <w id="w14.3.14">Clopidogrel</w> 
 <w id="w14.3.15">BMS</w>
 <w id="w14.3.16">,</w> 
 <w id="w14.3.17">glejte</w> 
 <w id="w14.3.18">navodilo</w> 
 <w id="w14.3.19">za</w> 
 <w id="w14.3.20">uporabo</w>
 <w id="w14.3.21">.</w>
</s> 
 
<s id="s14.4">
 <w id="w14.4.1">Zdravila</w> 
 <w id="w14.4.2">Clopidogrel</w> 
 <w id="w14.4.3">BMS</w> 
 <w id="w14.4.4">ne</w> 
 <w id="w14.4.5">smejo</w> 
 <w id="w14.4.6">uporabljati</w> 
 <w id="w14.4.7">osebe</w>
 <w id="w14.4.8">,</w> 
 <w id="w14.4.9">ki</w> 
 <w id="w14.4.10">utegnejo</w> 
 <w id="w14.4.11">biti</w> 
 <w id="w14.4.12">preobčutljivi</w> 
 <w id="w14.4.13">za</w> 
 <w id="w14.4.14">(</w>
 <w id="w14.4.15">alergične</w> 
 <w id="w14.4.16">na</w>
 <w id="w14.4.17">)</w> 
 <w id="w14.4.18">klopidogrel</w> 
 <w id="w14.4.19">ali</w> 
 <w id="w14.4.20">katero</w> 
 <w id="w14.4.21">koli</w> 
 <w id="w14.4.22">drugo</w> 
 <w id="w14.4.23">sestavino</w> 
 <w id="w14.4.24">zdravila</w>
 <w id="w14.4.25">,</w> 
 <w id="w14.4.26">imajo</w> 
 <w id="w14.4.27">hudo</w> 
 <w id="w14.4.28">jetrno</w> 
 <w id="w14.4.29">obolenje</w> 
 <w id="w14.4.30">ali</w> 
 <w id="w14.4.31">imajo</w> 
 <w id="w14.4.32">bolezen</w>
 <w id="w14.4.33">,</w> 
 <w id="w14.4.34">ki</w> 
 <w id="w14.4.35">lahko</w> 
 <w id="w14.4.36">povzroči</w> 
 <w id="w14.4.37">krvavenje</w>
 <w id="w14.4.38">.</w>
</s> 
 
<s id="s14.5">
 <w id="w14.5.1">Za</w> 
 <w id="w14.5.2">celoten</w> 
 <w id="w14.5.3">seznam</w> 
 <w id="w14.5.4">omejitev</w> 
 <w id="w14.5.5">glejte</w> 
 <w id="w14.5.6">navodilo</w> 
 <w id="w14.5.7">za</w> 
 <w id="w14.5.8">uporabo</w>
 <w id="w14.5.9">.</w>
</s></p>

<p id="15">
<s id="s15.1">
 <w id="w15.1.1">Zakaj</w> 
 <w id="w15.1.2">je</w> 
 <w id="w15.1.3">bilo</w> 
 <w id="w15.1.4">zdravilo</w> 
 <w id="w15.1.5">Clopidogrel</w> 
 <w id="w15.1.6">BMS</w> 
 <w id="w15.1.7">odobreno</w>
 <w id="w15.1.8">?</w>
</s> 
 
<s id="s15.2">
 <w id="w15.2.1">Odbor</w> 
 <w id="w15.2.2">za</w> 
 <w id="w15.2.3">zdravila</w> 
 <w id="w15.2.4">za</w> 
 <w id="w15.2.5">uporabo</w> 
 <w id="w15.2.6">v</w> 
 <w id="w15.2.7">humani</w> 
 <w id="w15.2.8">medicini</w> 
 <w id="w15.2.9">(</w>
 <w id="w15.2.10">CHMP</w>
 <w id="w15.2.11">)</w> 
 <w id="w15.2.12">je</w> 
 <w id="w15.2.13">zaključil</w>
 <w id="w15.2.14">,</w> 
 <w id="w15.2.15">da</w> 
 <w id="w15.2.16">so</w> 
 <w id="w15.2.17">koristi</w> 
 <w id="w15.2.18">zdravila</w> 
 <w id="w15.2.19">Clopidogrel</w> 
 <w id="w15.2.20">BMS</w> 
 <w id="w15.2.21">za</w> 
 <w id="w15.2.22">bolnike</w>
 <w id="w15.2.23">,</w> 
 <w id="w15.2.24">pri</w> 
 <w id="w15.2.25">katerih</w> 
 <w id="w15.2.26">obstaja</w> 
 <w id="w15.2.27">nevarnost</w> 
 <w id="w15.2.28">aterotrombotičnih</w> 
 <w id="w15.2.29">dogodkov</w>
 <w id="w15.2.30">,</w> 
 <w id="w15.2.31">večje</w> 
 <w id="w15.2.32">od</w> 
 <w id="w15.2.33">z</w> 
 <w id="w15.2.34">njim</w> 
 <w id="w15.2.35">povezanih</w> 
 <w id="w15.2.36">tveganj</w>
 <w id="w15.2.37">.</w>
</s> 
 
<s id="s15.3">
 <w id="w15.3.1">Odbor</w> 
 <w id="w15.3.2">je</w> 
 <w id="w15.3.3">zato</w> 
 <w id="w15.3.4">priporočil</w>
 <w id="w15.3.5">,</w> 
 <w id="w15.3.6">da</w> 
 <w id="w15.3.7">se</w> 
 <w id="w15.3.8">za</w> 
 <w id="w15.3.9">zdravilo</w> 
 <w id="w15.3.10">Clopidogrel</w> 
 <w id="w15.3.11">BMS</w> 
 <w id="w15.3.12">odobri</w> 
 <w id="w15.3.13">dovoljenje</w> 
 <w id="w15.3.14">za</w> 
 <w id="w15.3.15">promet</w>
 <w id="w15.3.16">.</w>
</s>                                                                                                   
 
<s id="s15.4">
 <w id="w15.4.1">2/</w>
 <w id="w15.4.2">3</w> 
 <w id="w15.4.3">Druge</w> 
 <w id="w15.4.4">informacije</w> 
 <w id="w15.4.5">o</w> 
 <w id="w15.4.6">zdravilu</w> 
 <w id="w15.4.7">Clopidogrel</w> 
 <w id="w15.4.8">BMS</w>
 <w id="w15.4.9">:</w>
</s> 
 
<s id="s15.5">
 <w id="w15.5.1">Evropska</w> 
 <w id="w15.5.2">komisija</w> 
 <w id="w15.5.3">je</w> 
 <w id="w15.5.4">dovoljenje</w> 
 <w id="w15.5.5">za</w> 
 <w id="w15.5.6">promet</w> 
 <w id="w15.5.7">z</w> 
 <w id="w15.5.8">zdravilom</w> 
 <w id="w15.5.9">Clopidogrel</w> 
 <w id="w15.5.10">BMS</w>
 <w id="w15.5.11">,</w> 
 <w id="w15.5.12">veljavno</w> 
 <w id="w15.5.13">po</w> 
 <w id="w15.5.14">vsej</w> 
 <w id="w15.5.15">Evropski</w> 
 <w id="w15.5.16">uniji</w>
 <w id="w15.5.17">,</w> 
 <w id="w15.5.18">odobrila</w> 
 <w id="w15.5.19">družbi</w> 
 <w id="w15.5.20">Bristol</w> 
 <w id="w15.5.21">Myers</w> 
 <w id="w15.5.22">Squibb</w> 
 <w id="w15.5.23">Pharma</w> 
 <w id="w15.5.24">EEIG</w> 
 <w id="w15.5.25">dne</w> 
 <w id="w15.5.26">16</w>
 <w id="w15.5.27">.</w> 
 <w id="w15.5.28">julija</w> 
 <w id="w15.5.29">2008</w>
 <w id="w15.5.30">.</w>
</s></p>

<p id="16">
<s id="s16.1">
 <w id="w16.1.1">Celotno</w> 
 <w id="w16.1.2">evropsko</w> 
 <w id="w16.1.3">javno</w> 
 <w id="w16.1.4">poročilo</w> 
 <w id="w16.1.5">o</w> 
 <w id="w16.1.6">oceni</w> 
 <w id="w16.1.7">zdravila</w> 
 <w id="w16.1.8">(</w>
 <w id="w16.1.9">EPAR</w>
 <w id="w16.1.10">)</w> 
 <w id="w16.1.11">za</w> 
 <w id="w16.1.12">zdravilo</w> 
 <w id="w16.1.13">Clopidogrel</w> 
 <w id="w16.1.14">BMS</w> 
 <w id="w16.1.15">je</w> 
 <w id="w16.1.16">na</w> 
 <w id="w16.1.17">voljo</w> 
 <w id="w16.1.18">tukaj</w>
 <w id="w16.1.19">.</w>
</s></p>

<p id="17">
<s id="s17.1">
 <w id="w17.1.1">Povzetek</w> 
 <w id="w17.1.2">je</w> 
 <w id="w17.1.3">bil</w> 
 <w id="w17.1.4">nazadnje</w> 
 <w id="w17.1.5">posodobljen</w> 
 <w id="w17.1.6">05-</w>
 <w id="w17.1.7">2008</w>
 <w id="w17.1.8">.</w>
</s></p>

<p id="18">
<s id="s18.1">
 <w id="w18.1.1">3/</w>
 <w id="w18.1.2">3</w>
</s></p></text>
