<?xml version="1.0" encoding="utf-8"?>
<letsmt version="1.0">
<head></head>
<body>
<s id="s1.1">European Medicines Agency Veterinary Medicines</s>
<s id="s2.1">EMEA/ V/ C/ 123</s>
<s id="s3.1">EVROPSKO JAVNO POROČILO O OCENI ZDRAVILA (EPAR)</s>
<s id="s4.1">NOBILIS INFLUENZA H7N1</s>
<s id="s5.1">Povzetek EPAR za javnost</s>
<s id="s6.1">Ta dokument je povzetek Evropskega javnega poročila o oceni zdravila (EPAR).</s>
<s id="s6.2">Njegov namen je pojasniti, kako je Odbor za zdravila za uporabo v veterinarski medicini (CVMP) ocenil predloženo dokumentacijo, na podlagi katere je oblikoval priporočila glede uporabe zdravila.</s>
<s id="s6.3">Če potrebujete več informacij o uporabi tega izdelka, se posvetujte z vašim nacionalnim veterinarskim organom.</s>
<s id="s6.4">Če želite več informacij o podlagi za priporočila CHMP, preberite znanstveno razpravo (ki je prav tako del EPAR).</s>
<s id="s7.1">Kaj je zdravilo Nobilis Influenza H7N1?</s>
<s id="s8.1">Zdravilo Nobilis Influenza H7N1 je cepivo, ki vsebuje inaktivirani virus aviarne influence H7N1 (inaktiviran pomeni, da je bil virus ubit, zaradi česar ne more več povzročiti bolezni).</s>
<s id="s9.1">Za kaj se zdravilo Nobilis Influenza H7N1 uporablja?</s>
<s id="s10.1">Zdravilo Nobilis Influenza H7N1 je cepivo, ki se uporablja pri piščancih in racah za zaščito pred aviarno influenco.</s>
<s id="s10.2">Cepivo zmanjša znake influence pri piščancih ter izločanje in prenašanje (razširjanje) virusa pri okuženih piščancih in racah.</s>
<s id="s10.3">Cepivo se injicira intramuskularno (v mišico) ali subkutano (pod kožo).</s>
<s id="s11.1">Cepivo se bo uporabljalo le kot del odobrenega nacionalnega programa za nadzor bolezni.</s>
<s id="s11.2">Nadzor nad aviarno influenco je namreč v pristojnosti nacionalnih veterinarskih organov, ki se posvetujejo z Evropsko komisijo.</s>
<s id="s12.1">Kako zdravilo Nobilis Influenza H7N1 deluje?</s>
<s id="s13.1">Zdravilo Nobilis Influenza H7N1 je cepivo.</s>
<s id="s13.2">Po prejetju cepiva začne imunski sistem (naravni obrambni mehanizem) piščancev in rac tvoriti protitelesa (posebno vrsto beljakovine) za boj proti bolezni.</s>
<s id="s13.3">Če bodo ptice v prihodnosti izpostavljene virusu aviarne influence, bo njihov imunski sistem ta protitelesa tvoril hitreje, kar jim bo pomagalo v boju proti bolezni.</s>
<s id="s13.4">Virus, uporabljen za cepivo, vsebuje antigena H7 (hemaglutinin 7) in N1 (nevraminidaza 1).</s>
<s id="s13.5">To pomeni, da tvorijo cepljene ptice protitelesa proti tema dvema antigenoma.</s>
<s id="s13.6">Ta sev je bil izbran, ker varuje ptice pred virulentnimi divjimi sevi H7 (navzkrižna zaščita), hkrati pa omogoča razlikovanje cepljenih ptic od okuženih ptic.</s>
<s id="s13.7">Cepljene ptice je mogoče razlikovati od okuženih ptic z diagnostičnim testom za odkrivanje protiteles proti sestavini N1.</s>
<s id="s13.8">Razlikovanje je pomembno za spremljanje in nadzor bolezni.</s>
<s id="s14.1">7 Westferry Circus, Canary Wharf, London E14 4HB, UK Tel.</s>
<s id="s14.2">(44- 20) 74 18 84 00 Fax (44- 20) 74 18 84 47 E- mail: mail@ emea. europa. eu http: // www. emea. europa. eu ©EMEA 2007 Reproduction and/ or distribution of this document is authorised for non commercial purposes only provided the EMEA is acknowledged Kako je bilo zdravilo Nobilis Influenza H7N1 raziskano?</s>
<s id="s15.1">Podjetje je izvedlo laboratorijske študije, v katerih je bilo cepivo Nobilis Influenza H7N1 uporabljeno pri pišcancih in racah.</s>
<s id="s15.2">Prav tako je podjetje izvedlo laboratorijsko študijo, v kateri je pri pišcancih uporabilo cepivo, ki je podobno cepivu Nobilis Influenza H7N1.</s>
<s id="s15.3">To cepivo vsebuje nekatere enake sestavine kot Nobilis Influenza H7N1, ampak drug antigen (virus).</s>
<s id="s16.1">Cepivo je bilo ocenjeno v izrednih razmerah, kar pomeni, da nadaljnje študije z zdravilom Nobilis Influenza H7N1 še vedno potekajo in bodo ovrednotene v prihodnosti.</s>
<s id="s17.1">Kakšne koristi je zdravilo Nobilis Influenza H7N1 izkazalo med raziskavami?</s>
<s id="s18.1">• Rezultati študij o varnosti so pokazali, da je izdelek varen za piščance in race.</s>
<s id="s18.2">Ob primerjavi subkutanega in intramuskularnega načina dajanja zdravila se je izkazalo, da so bili odzivi enaki. • Dokazano je bilo, da cepivo zmanjša klinične znake in umrljivost ter zmanjšuje izločanje virusa pri okuženih piščancih. • Dokazano je bilo tudi, da cepivo zmanjša izločanje virusa pri okuženih racah. • Cepivo spodbudi nastajanje protiteles pri številnih vrstah ptic. • Če ima krožeči divji virus aviarne influence sestavino N, ki se razlikuje od sestavine N1 v cepivu, lahko cepljene ptice razlikujemo od okuženih z diagnostičnim testom za odkrivanje protiteles proti nevraminidazi.</s>
<s id="s19.1">Kakšna tveganja so povezana z zdravilom Nobilis Influenza H7N1?</s>
<s id="s20.1">Tako kot pri mnogih cepivih z dodatki (adjuvansi) lahko na mestu cepljenja nastane oteklina, ki lahko ostane približno 14 dni.</s>
<s id="s21.1">Kakšni varnostni ukrepi so potrebni za osebo, ki daje zdravilo ali prihaja v stik z živaljo?</s>
<s id="s22.1">Cepivo vsebuje mineralno olje.</s>
<s id="s22.2">Oseba, ki daje cepivo, mora paziti, da si zdravila po nesreči ne samo - injicira.</s>
<s id="s23.1">Koliko časa je potrebno počakati pred zakolom in uporabo mesa za prehrano ljudi (karenca)?</s>
<s id="s24.1">Nič dni.</s>
<s id="s24.2">Cepivo ne vsebuje učinkovin, ki bi lahko predstavljale tveganje za ljudi, ki zaužijejo meso cepljenih ptic.</s>
<s id="s25.1">Zakaj je bilo zdravilo Nobilis Influenza H7N1 odobreno?</s>
<s id="s26.1">Odbor za zdravila za uporabo v veterinarski medicini je sklenil, da je bila dokazana učinkovitost cepiva pri zmanjševanju kliničnih bolezni pri perutnini in da je cepivo lahko uporaben pripomoček pri nadzorovanju izbruha okužbe z aviarno influenco.</s>
<s id="s26.2">Zaradi trenutne epidemiološke situacije v zvezi z aviarno influenco in posledične grožnje za zdravje ljudi in živali je odbor priporočil odobritev dovoljenja za promet z zdravilom.</s>
<s id="s26.3">Razmerje med koristmi in tveganji najdete v modulu 6 tega Evropskega javnega poročila o oceni zdravila (EPAR).</s>
<s id="s27.1">Zdravilo Nobilis Influenza H7N1 je bilo odobreno v „ izjemnih okoliščinah “.</s>
<s id="s27.2">To pomeni, da o izdelku še ni bilo mogoče pridobiti vseh podatkov.</s>
<s id="s27.3">Evropska agencija za zdravila (EMEA) bo pregledala dodatne informacije, ki bodo dane na razpolago glede na sprejet časovni načrt, in bo po potrebi dopolnila ta povzetek.</s>
<s id="s28.1">Stran 2/ 3 ©EMEA 2007 Druge informacije o zdravilu Nobilis Influenza H7N1:</s>
<s id="s29.1">Evropska komisija je dovoljenje za promet z zdravilom Nobilis Influenza H7N1, veljavno po vsej Evropski uniji, odobrila družbi Intervet International BV dne 14/ 05/ 2007</s>
<s id="s30.1">Ta povzetek je bil nazadnje posodobljen 05/ 2007.</s>
<s id="s31.1">Stran 3/ 3 ©EMEA 2007</s>
</body>
</letsmt>
