<?xml version="1.0" encoding="utf-8"?>
<letsmt version="1.0">
<head></head>
<body>
<s id="s1.1">EU številka</s>
<s id="s2.1">Izmišljeno ime</s>
<s id="s3.1">Jakost</s>
<s id="s4.1">Farmacevtska oblika</s>
<s id="s5.1">Ciljna živalska vrsta</s>
<s id="s6.1">Način uporabe zdravila</s>
<s id="s7.1">Ovojnina</s>
<s id="s8.1">Vsebina</s>
<s id="s9.1">Velikost pakiranja</s>
<s id="s10.1">Karenca</s>
<s id="s11.1">EU/ 2/ 07/ 073/ 001</s>
<s id="s12.1">Nobilis Influenza H7N1</s>
<s id="s13.1">titer HI ≥ 6. 0 log2 v odmerku</s>
<s id="s14.1">emulzija za injiciranje</s>
<s id="s15.1">piščanci in race</s>
<s id="s16.1">intramuskularno ali subkutano</s>
<s id="s17.1">stekleničke (steklo tipa II) z gumijastimi zamaški in aluminijasto zaporko</s>
<s id="s18.1">250 ml</s>
<s id="s19.1">1 steklenička</s>
<s id="s20.1">nič dni</s>
<s id="s21.1">EU/ 2/ 07/ 073/ 002</s>
<s id="s22.1">Nobilis Influenza H7N1</s>
<s id="s23.1">titer HI ≥ 6. 0 log2 v odmerku</s>
<s id="s24.1">emulzija za injiciranje</s>
<s id="s25.1">piščanci in race</s>
<s id="s26.1">intramuskularno ali subkutano</s>
<s id="s27.1">stekleničke (steklo tipa II) z gumijastimi zamaški in aluminijasto zaporko</s>
<s id="s28.1">500 ml</s>
<s id="s29.1">1 steklenička</s>
<s id="s30.1">nič dni</s>
<s id="s31.1">EU/ 2/ 07/ 073/ 003</s>
<s id="s32.1">Nobilis Influenza H7N1</s>
<s id="s33.1">titer HI ≥ 6. 0 log2 v odmerku</s>
<s id="s34.1">emulzija za injiciranje</s>
<s id="s35.1">piščanci in race</s>
<s id="s36.1">intramuskularno ali subkutano</s>
<s id="s37.1">plastenke iz PET z gumijastimi zamaški in aluminijasto zaporko</s>
<s id="s38.1">250 ml</s>
<s id="s39.1">1 plastenka</s>
<s id="s40.1">nič dni</s>
<s id="s41.1">EU/ 2/ 07/ 073/ 004</s>
<s id="s42.1">Nobilis Influenza H7N1</s>
<s id="s43.1">titer HI ≥ 6. 0 log2 v odmerku</s>
<s id="s44.1">emulzija za injiciranje</s>
<s id="s45.1">piščanci in race</s>
<s id="s46.1">intramuskularno ali subkutano</s>
<s id="s47.1">plastenke iz PET z gumijastimi zamaški in aluminijasto zaporko</s>
<s id="s48.1">500 ml</s>
<s id="s49.1">1 plastenka</s>
<s id="s50.1">nič dni</s>
<s id="s51.1">CVMP/ 144443/ 07 1/ 1</s>
</body>
</letsmt>
