<?xml version="1.0" encoding="utf-8"?>
<text>
<p id="1">
<s id="s1.1">
 <w id="w1.1.1">European</w> 
 <w id="w1.1.2">Medicines</w> 
 <w id="w1.1.3">Agency</w>
</s></p>

<p id="2">
<s id="s2.1">
 <w id="w2.1.1">EMEA/</w>
 <w id="w2.1.2">H/</w>
 <w id="w2.1.3">C/</w>
 <w id="w2.1.4">310</w>
</s></p>

<p id="3">
<s id="s3.1">
 <w id="w3.1.1">EVROPSKO</w> 
 <w id="w3.1.2">JAVNO</w> 
 <w id="w3.1.3">POROČILO</w> 
 <w id="w3.1.4">O</w> 
 <w id="w3.1.5">OCENI</w> 
 <w id="w3.1.6">ZDRAVILA</w> 
 <w id="w3.1.7">(</w>
 <w id="w3.1.8">EPAR</w>
 <w id="w3.1.9">)</w>
</s></p>

<p id="4">
<s id="s4.1">
 <w id="w4.1.1">AZOMYR</w>
</s></p>

<p id="5">
<s id="s5.1">
 <w id="w5.1.1">Povzetek</w> 
 <w id="w5.1.2">EPAR</w> 
 <w id="w5.1.3">za</w> 
 <w id="w5.1.4">javnost</w>
</s></p>

<p id="6">
<s id="s6.1">
 <w id="w6.1.1">Ta</w> 
 <w id="w6.1.2">dokument</w> 
 <w id="w6.1.3">je</w> 
 <w id="w6.1.4">povzetek</w> 
 <w id="w6.1.5">evropskega</w> 
 <w id="w6.1.6">javnega</w> 
 <w id="w6.1.7">poročila</w> 
 <w id="w6.1.8">o</w> 
 <w id="w6.1.9">oceni</w> 
 <w id="w6.1.10">zdravila</w> 
 <w id="w6.1.11">(</w>
 <w id="w6.1.12">EPAR</w>
 <w id="w6.1.13">)</w>
 <w id="w6.1.14">.</w>
</s> 
 
<s id="s6.2">
 <w id="w6.2.1">Pojasnjuje</w>
 <w id="w6.2.2">,</w> 
 <w id="w6.2.3">kako</w> 
 <w id="w6.2.4">je</w> 
 <w id="w6.2.5">Odbor</w> 
 <w id="w6.2.6">za</w> 
 <w id="w6.2.7">zdravila</w> 
 <w id="w6.2.8">za</w> 
 <w id="w6.2.9">uporabo</w> 
 <w id="w6.2.10">v</w> 
 <w id="w6.2.11">humani</w> 
 <w id="w6.2.12">medicini</w> 
 <w id="w6.2.13">(</w>
 <w id="w6.2.14">CHMP</w>
 <w id="w6.2.15">)</w> 
 <w id="w6.2.16">ocenil</w> 
 <w id="w6.2.17">opravljene</w> 
 <w id="w6.2.18">študije</w>
 <w id="w6.2.19">,</w> 
 <w id="w6.2.20">na</w> 
 <w id="w6.2.21">podlagi</w> 
 <w id="w6.2.22">katerih</w> 
 <w id="w6.2.23">je</w> 
 <w id="w6.2.24">oblikoval</w> 
 <w id="w6.2.25">priporočila</w> 
 <w id="w6.2.26">glede</w> 
 <w id="w6.2.27">uporabe</w> 
 <w id="w6.2.28">zdravila</w>
 <w id="w6.2.29">.</w>
</s> 
 
<s id="s6.3">
 <w id="w6.3.1">Če</w> 
 <w id="w6.3.2">potrebujete</w> 
 <w id="w6.3.3">več</w> 
 <w id="w6.3.4">informacij</w> 
 <w id="w6.3.5">o</w> 
 <w id="w6.3.6">svojem</w> 
 <w id="w6.3.7">zdravstvenem</w> 
 <w id="w6.3.8">stanju</w> 
 <w id="w6.3.9">ali</w> 
 <w id="w6.3.10">zdravljenju</w>
 <w id="w6.3.11">,</w> 
 <w id="w6.3.12">preberite</w> 
 <w id="w6.3.13">navodilo</w> 
 <w id="w6.3.14">za</w> 
 <w id="w6.3.15">uporabo</w> 
 <w id="w6.3.16">(</w>
 <w id="w6.3.17">ki</w> 
 <w id="w6.3.18">je</w> 
 <w id="w6.3.19">prav</w> 
 <w id="w6.3.20">tako</w> 
 <w id="w6.3.21">del</w> 
 <w id="w6.3.22">EPAR</w>
 <w id="w6.3.23">)</w> 
 <w id="w6.3.24">ali</w> 
 <w id="w6.3.25">se</w> 
 <w id="w6.3.26">posvetujte</w> 
 <w id="w6.3.27">s</w> 
 <w id="w6.3.28">svojim</w> 
 <w id="w6.3.29">zdravnikom</w> 
 <w id="w6.3.30">ali</w> 
 <w id="w6.3.31">farmacevtom</w>
 <w id="w6.3.32">.</w>
</s> 
 
<s id="s6.4">
 <w id="w6.4.1">Če</w> 
 <w id="w6.4.2">želite</w> 
 <w id="w6.4.3">več</w> 
 <w id="w6.4.4">informacij</w>
 <w id="w6.4.5">,</w> 
 <w id="w6.4.6">ki</w> 
 <w id="w6.4.7">temeljijo</w> 
 <w id="w6.4.8">na</w> 
 <w id="w6.4.9">priporočilih</w> 
 <w id="w6.4.10">CHMP</w>
 <w id="w6.4.11">,</w> 
 <w id="w6.4.12">preberite</w> 
 <w id="w6.4.13">znanstveno</w> 
 <w id="w6.4.14">razpravo</w> 
 <w id="w6.4.15">(</w>
 <w id="w6.4.16">ki</w> 
 <w id="w6.4.17">je</w> 
 <w id="w6.4.18">prav</w> 
 <w id="w6.4.19">tako</w> 
 <w id="w6.4.20">del</w> 
 <w id="w6.4.21">EPAR</w>
 <w id="w6.4.22">)</w>
 <w id="w6.4.23">.</w>
</s></p>

<p id="7">
<s id="s7.1">
 <w id="w7.1.1">Kaj</w> 
 <w id="w7.1.2">je</w> 
 <w id="w7.1.3">zdravilo</w> 
 <w id="w7.1.4">Azomyr</w>
 <w id="w7.1.5">?</w>
</s> 
 
<s id="s7.2">
 <w id="w7.2.1">Azomyr</w> 
 <w id="w7.2.2">je</w> 
 <w id="w7.2.3">zdravilo</w>
 <w id="w7.2.4">,</w> 
 <w id="w7.2.5">ki</w> 
 <w id="w7.2.6">vsebuje</w> 
 <w id="w7.2.7">zdravilno</w> 
 <w id="w7.2.8">učinkovino</w> 
 <w id="w7.2.9">desloratadin</w>
 <w id="w7.2.10">.</w>
</s> 
 
<s id="s7.3">
 <w id="w7.3.1">Na</w> 
 <w id="w7.3.2">voljo</w> 
 <w id="w7.3.3">je</w> 
 <w id="w7.3.4">v</w> 
 <w id="w7.3.5">obliki</w> 
 <w id="w7.3.6">5</w> 
 <w id="w7.3.7">mg</w> 
 <w id="w7.3.8">tablet</w>
 <w id="w7.3.9">,</w> 
 <w id="w7.3.10">5</w> 
 <w id="w7.3.11">mg</w> 
 <w id="w7.3.12">peroralnega</w> 
 <w id="w7.3.13">liofilizata</w> 
 <w id="w7.3.14">(</w>
 <w id="w7.3.15">disperzibilna</w> 
 <w id="w7.3.16">tableta</w>
 <w id="w7.3.17">)</w>
 <w id="w7.3.18">,</w> 
 <w id="w7.3.19">2,</w>
 <w id="w7.3.20">5</w> 
 <w id="w7.3.21">mg</w> 
 <w id="w7.3.22">in</w> 
 <w id="w7.3.23">5</w> 
 <w id="w7.3.24">mg</w> 
 <w id="w7.3.25">orodisperzibilnih</w> 
 <w id="w7.3.26">tablet</w> 
 <w id="w7.3.27">(</w>
 <w id="w7.3.28">tablete</w>
 <w id="w7.3.29">,</w> 
 <w id="w7.3.30">ki</w> 
 <w id="w7.3.31">se</w> 
 <w id="w7.3.32">raztopijo</w> 
 <w id="w7.3.33">v</w> 
 <w id="w7.3.34">ustih</w>
 <w id="w7.3.35">)</w>
 <w id="w7.3.36">,</w> 
 <w id="w7.3.37">0,</w>
 <w id="w7.3.38">5</w> 
 <w id="w7.3.39">mg/</w>
 <w id="w7.3.40">ml</w> 
 <w id="w7.3.41">sirupa</w> 
 <w id="w7.3.42">in</w> 
 <w id="w7.3.43">0,</w>
 <w id="w7.3.44">5</w> 
 <w id="w7.3.45">mg/</w>
 <w id="w7.3.46">ml</w> 
 <w id="w7.3.47">peroralne</w> 
 <w id="w7.3.48">raztopine</w>
 <w id="w7.3.49">.</w>
</s></p>

<p id="8">
<s id="s8.1">
 <w id="w8.1.1">Za</w> 
 <w id="w8.1.2">kaj</w> 
 <w id="w8.1.3">se</w> 
 <w id="w8.1.4">zdravilo</w> 
 <w id="w8.1.5">Azomyr</w> 
 <w id="w8.1.6">uporablja</w>
 <w id="w8.1.7">?</w>
</s> 
 
<s id="s8.2">
 <w id="w8.2.1">Zdravilo</w> 
 <w id="w8.2.2">Azomyr</w> 
 <w id="w8.2.3">se</w> 
 <w id="w8.2.4">uporablja</w> 
 <w id="w8.2.5">za</w> 
 <w id="w8.2.6">lajšanje</w> 
 <w id="w8.2.7">simptomov</w> 
 <w id="w8.2.8">alergijskega</w> 
 <w id="w8.2.9">rinitisa</w> 
 <w id="w8.2.10">(</w>
 <w id="w8.2.11">vnetja</w> 
 <w id="w8.2.12">nosne</w> 
 <w id="w8.2.13">votline</w>
 <w id="w8.2.14">,</w> 
 <w id="w8.2.15">ki</w> 
 <w id="w8.2.16">ga</w> 
 <w id="w8.2.17">povzroči</w> 
 <w id="w8.2.18">alergija</w>
 <w id="w8.2.19">,</w> 
 <w id="w8.2.20">na</w> 
 <w id="w8.2.21">primer</w> 
 <w id="w8.2.22">seneni</w> 
 <w id="w8.2.23">nahod</w> 
 <w id="w8.2.24">ali</w> 
 <w id="w8.2.25">alergija</w> 
 <w id="w8.2.26">na</w> 
 <w id="w8.2.27">pršice</w>
 <w id="w8.2.28">)</w> 
 <w id="w8.2.29">ali</w> 
 <w id="w8.2.30">urtikarije</w> 
 <w id="w8.2.31">(</w>
 <w id="w8.2.32">bolezen</w> 
 <w id="w8.2.33">kože</w>
 <w id="w8.2.34">,</w> 
 <w id="w8.2.35">ki</w> 
 <w id="w8.2.36">jo</w> 
 <w id="w8.2.37">povzroča</w> 
 <w id="w8.2.38">alergija</w> 
 <w id="w8.2.39">in</w> 
 <w id="w8.2.40">katere</w> 
 <w id="w8.2.41">simptomi</w> 
 <w id="w8.2.42">vključujejo</w> 
 <w id="w8.2.43">srbenje</w> 
 <w id="w8.2.44">in</w> 
 <w id="w8.2.45">izpuščaje</w>
 <w id="w8.2.46">)</w>
 <w id="w8.2.47">.</w>
</s> 
 
<s id="s8.3">
 <w id="w8.3.1">Zdravilo</w> 
 <w id="w8.3.2">se</w> 
 <w id="w8.3.3">dobi</w> 
 <w id="w8.3.4">samo</w> 
 <w id="w8.3.5">na</w> 
 <w id="w8.3.6">recept</w>
 <w id="w8.3.7">.</w>
</s></p>

<p id="9">
<s id="s9.1">
 <w id="w9.1.1">Kako</w> 
 <w id="w9.1.2">se</w> 
 <w id="w9.1.3">zdravilo</w> 
 <w id="w9.1.4">Azomyr</w> 
 <w id="w9.1.5">uporablja</w>
 <w id="w9.1.6">?</w>
</s> 
 
<s id="s9.2">
 <w id="w9.2.1">Priporočeni</w> 
 <w id="w9.2.2">odmerek</w> 
 <w id="w9.2.3">za</w> 
 <w id="w9.2.4">odrasle</w> 
 <w id="w9.2.5">in</w> 
 <w id="w9.2.6">mladostnike</w> 
 <w id="w9.2.7">(</w>
 <w id="w9.2.8">stare</w> 
 <w id="w9.2.9">12</w> 
 <w id="w9.2.10">let</w> 
 <w id="w9.2.11">in</w> 
 <w id="w9.2.12">več</w>
 <w id="w9.2.13">)</w> 
 <w id="w9.2.14">je</w> 
 <w id="w9.2.15">5</w> 
 <w id="w9.2.16">mg</w> 
 <w id="w9.2.17">enkrat</w> 
 <w id="w9.2.18">na</w> 
 <w id="w9.2.19">dan</w>
 <w id="w9.2.20">.</w>
</s> 
 
<s id="s9.3">
 <w id="w9.3.1">Odmerek</w> 
 <w id="w9.3.2">za</w> 
 <w id="w9.3.3">otroke</w> 
 <w id="w9.3.4">je</w> 
 <w id="w9.3.5">odvisen</w> 
 <w id="w9.3.6">od</w> 
 <w id="w9.3.7">njihove</w> 
 <w id="w9.3.8">starosti</w>
 <w id="w9.3.9">.</w>
</s> 
 
<s id="s9.4">
 <w id="w9.4.1">Otroci</w>
 <w id="w9.4.2">,</w> 
 <w id="w9.4.3">ki</w> 
 <w id="w9.4.4">so</w> 
 <w id="w9.4.5">stari</w> 
 <w id="w9.4.6">od</w> 
 <w id="w9.4.7">enega</w> 
 <w id="w9.4.8">do</w> 
 <w id="w9.4.9">pet</w> 
 <w id="w9.4.10">let</w>
 <w id="w9.4.11">,</w> 
 <w id="w9.4.12">prejemajo</w> 
 <w id="w9.4.13">odmerek</w> 
 <w id="w9.4.14">1,</w>
 <w id="w9.4.15">25</w> 
 <w id="w9.4.16">mg</w> 
 <w id="w9.4.17">enkrat</w> 
 <w id="w9.4.18">dnevno</w> 
 <w id="w9.4.19">v</w> 
 <w id="w9.4.20">obliki</w> 
 <w id="w9.4.21">2,</w>
 <w id="w9.4.22">5</w> 
 <w id="w9.4.23">ml</w> 
 <w id="w9.4.24">sirupa</w> 
 <w id="w9.4.25">ali</w> 
 <w id="w9.4.26">peroralne</w> 
 <w id="w9.4.27">raztopine</w>
 <w id="w9.4.28">.</w>
</s> 
 
<s id="s9.5">
 <w id="w9.5.1">Otroci</w>
 <w id="w9.5.2">,</w> 
 <w id="w9.5.3">stari</w> 
 <w id="w9.5.4">od</w> 
 <w id="w9.5.5">šest</w> 
 <w id="w9.5.6">do</w> 
 <w id="w9.5.7">11</w> 
 <w id="w9.5.8">let</w>
 <w id="w9.5.9">,</w> 
 <w id="w9.5.10">pa</w> 
 <w id="w9.5.11">prejemajo</w> 
 <w id="w9.5.12">odmerek</w> 
 <w id="w9.5.13">2,</w>
 <w id="w9.5.14">5</w> 
 <w id="w9.5.15">mg</w> 
 <w id="w9.5.16">enkrat</w> 
 <w id="w9.5.17">dnevno</w> 
 <w id="w9.5.18">v</w> 
 <w id="w9.5.19">obliki</w> 
 <w id="w9.5.20">5</w> 
 <w id="w9.5.21">ml</w> 
 <w id="w9.5.22">sirupa</w> 
 <w id="w9.5.23">ali</w> 
 <w id="w9.5.24">peroralne</w> 
 <w id="w9.5.25">raztopine</w> 
 <w id="w9.5.26">oziroma</w> 
 <w id="w9.5.27">kot</w> 
 <w id="w9.5.28">eno</w> 
 <w id="w9.5.29">2,</w>
 <w id="w9.5.30">5</w> 
 <w id="w9.5.31">mg</w> 
 <w id="w9.5.32">orodisperzibilno</w> 
 <w id="w9.5.33">tableto</w>
 <w id="w9.5.34">.</w>
</s> 
 
<s id="s9.6">
 <w id="w9.6.1">Odrasli</w> 
 <w id="w9.6.2">in</w> 
 <w id="w9.6.3">mladostniki</w> 
 <w id="w9.6.4">lahko</w> 
 <w id="w9.6.5">uporabljajo</w> 
 <w id="w9.6.6">katero</w> 
 <w id="w9.6.7">koli</w> 
 <w id="w9.6.8">obliko</w> 
 <w id="w9.6.9">zdravila</w>
 <w id="w9.6.10">.</w>
</s> 
 
<s id="s9.7">
 <w id="w9.7.1">Zdravilo</w> 
 <w id="w9.7.2">Azomyr</w> 
 <w id="w9.7.3">se</w> 
 <w id="w9.7.4">lahko</w> 
 <w id="w9.7.5">jemlje</w> 
 <w id="w9.7.6">s</w> 
 <w id="w9.7.7">hrano</w> 
 <w id="w9.7.8">ali</w> 
 <w id="w9.7.9">brez</w> 
 <w id="w9.7.10">nje</w>
 <w id="w9.7.11">.</w>
</s></p>

<p id="10">
<s id="s10.1">
 <w id="w10.1.1">Kako</w> 
 <w id="w10.1.2">zdravilo</w> 
 <w id="w10.1.3">Azomyr</w> 
 <w id="w10.1.4">deluje</w>
 <w id="w10.1.5">?</w>
</s> 
 
<s id="s10.2">
 <w id="w10.2.1">Zdravilna</w> 
 <w id="w10.2.2">učinkovina</w> 
 <w id="w10.2.3">zdravila</w> 
 <w id="w10.2.4">Azomyr</w> 
 <w id="w10.2.5">je</w> 
 <w id="w10.2.6">desloratadin</w>
 <w id="w10.2.7">,</w> 
 <w id="w10.2.8">ki</w> 
 <w id="w10.2.9">je</w> 
 <w id="w10.2.10">antihistaminik</w>
 <w id="w10.2.11">.</w>
</s> 
 
<s id="s10.3">
 <w id="w10.3.1">Učinkovina</w> 
 <w id="w10.3.2">zavira</w> 
 <w id="w10.3.3">receptorje</w>
 <w id="w10.3.4">,</w> 
 <w id="w10.3.5">na</w> 
 <w id="w10.3.6">katere</w> 
 <w id="w10.3.7">se</w> 
 <w id="w10.3.8">navadno</w> 
 <w id="w10.3.9">veže</w> 
 <w id="w10.3.10">snov</w>
 <w id="w10.3.11">,</w> 
 <w id="w10.3.12">imenovana</w> 
 <w id="w10.3.13">histamin</w>
 <w id="w10.3.14">,</w> 
 <w id="w10.3.15">ki</w> 
 <w id="w10.3.16">v</w> 
 <w id="w10.3.17">telesu</w> 
 <w id="w10.3.18">povzroča</w> 
 <w id="w10.3.19">simptome</w> 
 <w id="w10.3.20">alergije</w>
 <w id="w10.3.21">.</w>
</s> 
 
<s id="s10.4">
 <w id="w10.4.1">Kadar</w> 
 <w id="w10.4.2">so</w> 
 <w id="w10.4.3">receptorji</w> 
 <w id="w10.4.4">zavirani</w>
 <w id="w10.4.5">,</w> 
 <w id="w10.4.6">histamin</w> 
 <w id="w10.4.7">nima</w> 
 <w id="w10.4.8">učinka</w>
 <w id="w10.4.9">,</w> 
 <w id="w10.4.10">kar</w> 
 <w id="w10.4.11">pripelje</w> 
 <w id="w10.4.12">do</w> 
 <w id="w10.4.13">ublažitve</w> 
 <w id="w10.4.14">simptomov</w> 
 <w id="w10.4.15">alergije</w>
 <w id="w10.4.16">.</w>
</s></p>

<p id="11">
<s id="s11.1">
 <w id="w11.1.1">Kako</w> 
 <w id="w11.1.2">je</w> 
 <w id="w11.1.3">bilo</w> 
 <w id="w11.1.4">zdravilo</w> 
 <w id="w11.1.5">Azomyr</w> 
 <w id="w11.1.6">raziskano</w>
 <w id="w11.1.7">?</w>
</s> 
 
<s id="s11.2">
 <w id="w11.2.1">Zdravilo</w> 
 <w id="w11.2.2">Azomyr</w> 
 <w id="w11.2.3">so</w> 
 <w id="w11.2.4">raziskali</w> 
 <w id="w11.2.5">v</w> 
 <w id="w11.2.6">osmih</w> 
 <w id="w11.2.7">študijah</w>
 <w id="w11.2.8">,</w> 
 <w id="w11.2.9">ki</w> 
 <w id="w11.2.10">so</w> 
 <w id="w11.2.11">vključevale</w> 
 <w id="w11.2.12">približno</w> 
 <w id="w11.2.13">4800</w> 
 <w id="w11.2.14">odraslih</w> 
 <w id="w11.2.15">in</w> 
 <w id="w11.2.16">mladostnikov</w> 
 <w id="w11.2.17">z</w> 
 <w id="w11.2.18">alergijskim</w> 
 <w id="w11.2.19">rinitisom</w> 
 <w id="w11.2.20">(</w>
 <w id="w11.2.21">vključno</w> 
 <w id="w11.2.22">s</w> 
 <w id="w11.2.23">štirimi</w> 
 <w id="w11.2.24">študijami</w> 
 <w id="w11.2.25">sezonskega</w> 
 <w id="w11.2.26">alergijskega</w> 
 <w id="w11.2.27">rinitisa</w> 
 <w id="w11.2.28">in</w> 
 <w id="w11.2.29">dvema</w> 
 <w id="w11.2.30">študijema</w> 
 <w id="w11.2.31">pri</w> 
 <w id="w11.2.32">bolnikih</w>
 <w id="w11.2.33">,</w> 
 <w id="w11.2.34">ki</w> 
 <w id="w11.2.35">so</w> 
 <w id="w11.2.36">imeli</w> 
 <w id="w11.2.37">tudi</w> 
 <w id="w11.2.38">astmo</w>
 <w id="w11.2.39">)</w>
 <w id="w11.2.40">.</w>
</s> 
 
<s id="s11.3">
 <w id="w11.3.1">Učinkovitost</w> 
 <w id="w11.3.2">zdravila</w> 
 <w id="w11.3.3">Azomyr</w> 
 <w id="w11.3.4">so</w> 
 <w id="w11.3.5">merili</w> 
 <w id="w11.3.6">s</w> 
 <w id="w11.3.7">spremembo</w> 
 <w id="w11.3.8">simptomov</w> 
 <w id="w11.3.9">(</w>
 <w id="w11.3.10">nabiranje</w> 
 <w id="w11.3.11">sluzi</w> 
 <w id="w11.3.12">v</w> 
 <w id="w11.3.13">nosu</w>
 <w id="w11.3.14">,</w> 
 <w id="w11.3.15">srbenje</w>
 <w id="w11.3.16">,</w> 
 <w id="w11.3.17">kihanje</w> 
 <w id="w11.3.18">in</w> 
 <w id="w11.3.19">zamašenost</w> 
 <w id="w11.3.20">nosu</w>
 <w id="w11.3.21">)</w>
 <w id="w11.3.22">,</w> 
 <w id="w11.3.23">ki</w> 
 <w id="w11.3.24">so</w> 
 <w id="w11.3.25">jih</w> 
 <w id="w11.3.26">opazovali</w> 
 <w id="w11.3.27">pred</w> 
 <w id="w11.3.28">zdravljenjem</w> 
 <w id="w11.3.29">in</w> 
 <w id="w11.3.30">dva</w> 
 <w id="w11.3.31">do</w> 
 <w id="w11.3.32">štiri</w> 
 <w id="w11.3.33">tedne</w> 
 <w id="w11.3.34">po</w> 
 <w id="w11.3.35">zaključku</w> 
 <w id="w11.3.36">zdravljenja</w>
 <w id="w11.3.37">.</w>
</s></p>

<p id="12">
<s id="s12.1">
 <w id="w12.1.1">7</w> 
 <w id="w12.1.2">Westferry</w> 
 <w id="w12.1.3">Circus</w>
 <w id="w12.1.4">,</w> 
 <w id="w12.1.5">Canary</w> 
 <w id="w12.1.6">Wharf</w>
 <w id="w12.1.7">,</w> 
 <w id="w12.1.8">London</w>
 <w id="w12.1.9">,</w> 
 <w id="w12.1.10">E14</w> 
 <w id="w12.1.11">4HB</w>
 <w id="w12.1.12">,</w> 
 <w id="w12.1.13">UK</w>                                    
 <w id="w12.1.14">Tel</w>
 <w id="w12.1.15">.</w>
</s> 
 
<s id="s12.2">
 <w id="w12.2.1">(</w>
 <w id="w12.2.2">44-</w>
 <w id="w12.2.3">20</w>
 <w id="w12.2.4">)</w> 
 <w id="w12.2.5">74</w> 
 <w id="w12.2.6">18</w> 
 <w id="w12.2.7">84</w> 
 <w id="w12.2.8">00</w> 
 <w id="w12.2.9">Fax</w> 
 <w id="w12.2.10">(</w>
 <w id="w12.2.11">44-</w>
 <w id="w12.2.12">20</w>
 <w id="w12.2.13">)</w> 
 <w id="w12.2.14">74</w> 
 <w id="w12.2.15">18</w> 
 <w id="w12.2.16">84</w> 
 <w id="w12.2.17">16</w>                               
 <w id="w12.2.18">E-</w>
 <w id="w12.2.19">mail</w>
 <w id="w12.2.20">:</w> 
 <w id="w12.2.21">mail@</w>
 <w id="w12.2.22">emea.</w>
 <w id="w12.2.23">europa.</w>
 <w id="w12.2.24">eu</w> 
 <w id="w12.2.25">http</w>
 <w id="w12.2.26">:</w>
 <w id="w12.2.27">//</w>
 <w id="w12.2.28">www.</w>
 <w id="w12.2.29">emea.</w>
 <w id="w12.2.30">europa.</w>
 <w id="w12.2.31">eu</w>
</s></p>

<p id="13">
<s id="s13.1">
 <w id="w13.1.1">©</w> 
 <w id="w13.1.2">European</w> 
 <w id="w13.1.3">Medicines</w> 
 <w id="w13.1.4">Agency</w>
 <w id="w13.1.5">,</w> 
 <w id="w13.1.6">2008</w>
 <w id="w13.1.7">.</w>
</s> 
 
<s id="s13.2">
 <w id="w13.2.1">Reproduction</w> 
 <w id="w13.2.2">is</w> 
 <w id="w13.2.3">authorised</w> 
 <w id="w13.2.4">provided</w> 
 <w id="w13.2.5">the</w> 
 <w id="w13.2.6">source</w> 
 <w id="w13.2.7">is</w> 
 <w id="w13.2.8">acknowledged</w>
 <w id="w13.2.9">.</w>
</s> 
 
<s id="s13.3">
 <w id="w13.3.1">Zdravilo</w> 
 <w id="w13.3.2">Azomyr</w> 
 <w id="w13.3.3">so</w> 
 <w id="w13.3.4">raziskali</w> 
 <w id="w13.3.5">tudi</w> 
 <w id="w13.3.6">pri</w> 
 <w id="w13.3.7">416</w> 
 <w id="w13.3.8">bolnikih</w> 
 <w id="w13.3.9">z</w> 
 <w id="w13.3.10">urtikarijo</w>
 <w id="w13.3.11">.</w>
</s> 
 
<s id="s13.4">
 <w id="w13.4.1">Učinkovitost</w> 
 <w id="w13.4.2">so</w> 
 <w id="w13.4.3">merili</w> 
 <w id="w13.4.4">s</w> 
 <w id="w13.4.5">spremembami</w> 
 <w id="w13.4.6">simptomov</w> 
 <w id="w13.4.7">(</w>
 <w id="w13.4.8">srbenje</w>
 <w id="w13.4.9">,</w> 
 <w id="w13.4.10">število</w> 
 <w id="w13.4.11">in</w> 
 <w id="w13.4.12">velikost</w> 
 <w id="w13.4.13">izpuščajev</w>
 <w id="w13.4.14">,</w> 
 <w id="w13.4.15">motnje</w> 
 <w id="w13.4.16">spanja</w> 
 <w id="w13.4.17">in</w> 
 <w id="w13.4.18">dnevna</w> 
 <w id="w13.4.19">dejavnost</w>
 <w id="w13.4.20">)</w>
 <w id="w13.4.21">,</w> 
 <w id="w13.4.22">ki</w> 
 <w id="w13.4.23">so</w> 
 <w id="w13.4.24">jih</w> 
 <w id="w13.4.25">opazovali</w> 
 <w id="w13.4.26">pred</w> 
 <w id="w13.4.27">zdravljenjem</w> 
 <w id="w13.4.28">in</w> 
 <w id="w13.4.29">šest</w> 
 <w id="w13.4.30">tednov</w> 
 <w id="w13.4.31">po</w> 
 <w id="w13.4.32">zaključku</w> 
 <w id="w13.4.33">zdravljenja</w>
 <w id="w13.4.34">.</w>
</s></p>

<p id="14">
<s id="s14.1">
 <w id="w14.1.1">V</w> 
 <w id="w14.1.2">vseh</w> 
 <w id="w14.1.3">študijah</w> 
 <w id="w14.1.4">so</w> 
 <w id="w14.1.5">učinkovitost</w> 
 <w id="w14.1.6">zdravila</w> 
 <w id="w14.1.7">Azomyr</w> 
 <w id="w14.1.8">primerjali</w> 
 <w id="w14.1.9">s</w> 
 <w id="w14.1.10">placebom</w> 
 <w id="w14.1.11">(</w>
 <w id="w14.1.12">zdravilo</w> 
 <w id="w14.1.13">brez</w> 
 <w id="w14.1.14">zdravilne</w> 
 <w id="w14.1.15">učinkovine</w>
 <w id="w14.1.16">)</w>
 <w id="w14.1.17">.</w>
</s> 
 
<s id="s14.2">
 <w id="w14.2.1">Predstavljene</w> 
 <w id="w14.2.2">so</w> 
 <w id="w14.2.3">bile</w> 
 <w id="w14.2.4">dodatne</w> 
 <w id="w14.2.5">študije</w>
 <w id="w14.2.6">,</w> 
 <w id="w14.2.7">s</w> 
 <w id="w14.2.8">katerimi</w> 
 <w id="w14.2.9">je</w> 
 <w id="w14.2.10">dokazano</w>
 <w id="w14.2.11">,</w> 
 <w id="w14.2.12">da</w> 
 <w id="w14.2.13">sirup</w>
 <w id="w14.2.14">,</w> 
 <w id="w14.2.15">peroralno</w> 
 <w id="w14.2.16">raztopino</w> 
 <w id="w14.2.17">in</w> 
 <w id="w14.2.18">orodisperzibilne</w> 
 <w id="w14.2.19">tablete</w> 
 <w id="w14.2.20">telo</w> 
 <w id="w14.2.21">prenaša</w> 
 <w id="w14.2.22">enako</w> 
 <w id="w14.2.23">kot</w> 
 <w id="w14.2.24">tablete</w> 
 <w id="w14.2.25">ter</w> 
 <w id="w14.2.26">da</w> 
 <w id="w14.2.27">se</w> 
 <w id="w14.2.28">lahko</w> 
 <w id="w14.2.29">varno</w> 
 <w id="w14.2.30">uporabljajo</w> 
 <w id="w14.2.31">pri</w> 
 <w id="w14.2.32">otrocih</w>
 <w id="w14.2.33">.</w>
</s></p>

<p id="15">
<s id="s15.1">
 <w id="w15.1.1">Kakšne</w> 
 <w id="w15.1.2">koristi</w> 
 <w id="w15.1.3">je</w> 
 <w id="w15.1.4">zdravilo</w> 
 <w id="w15.1.5">Azomyr</w> 
 <w id="w15.1.6">izkazalo</w> 
 <w id="w15.1.7">med</w> 
 <w id="w15.1.8">študijami</w>
 <w id="w15.1.9">?</w>
</s> 
 
<s id="s15.2">
 <w id="w15.2.1">Dva</w> 
 <w id="w15.2.2">tedna</w> 
 <w id="w15.2.3">dolgo</w> 
 <w id="w15.2.4">zdravljenje</w> 
 <w id="w15.2.5">z</w> 
 <w id="w15.2.6">zdravilom</w> 
 <w id="w15.2.7">Azomyr</w> 
 <w id="w15.2.8">5</w> 
 <w id="w15.2.9">mg</w> 
 <w id="w15.2.10">je</w> 
 <w id="w15.2.11">pri</w> 
 <w id="w15.2.12">alergijskem</w> 
 <w id="w15.2.13">rinitisu</w> 
 <w id="w15.2.14">v</w> 
 <w id="w15.2.15">vseh</w> 
 <w id="w15.2.16">študijah</w> 
 <w id="w15.2.17">skupaj</w> 
 <w id="w15.2.18">privedlo</w> 
 <w id="w15.2.19">do</w> 
 <w id="w15.2.20">povprečnega</w> 
 <w id="w15.2.21">zmanjšanja</w> 
 <w id="w15.2.22">števila</w> 
 <w id="w15.2.23">simptomov</w> 
 <w id="w15.2.24">za</w> 
 <w id="w15.2.25">25</w> 
 <w id="w15.2.26">do</w> 
 <w id="w15.2.27">32</w> 
 <w id="w15.2.28">%</w>
 <w id="w15.2.29">,</w> 
 <w id="w15.2.30">v</w> 
 <w id="w15.2.31">primerjavi</w> 
 <w id="w15.2.32">z</w> 
 <w id="w15.2.33">12</w>
 <w id="w15.2.34">-</w> 
 <w id="w15.2.35">do</w> 
 <w id="w15.2.36">26-</w>
 <w id="w15.2.37">odstotnim</w> 
 <w id="w15.2.38">zmanjšanjem</w> 
 <w id="w15.2.39">pri</w> 
 <w id="w15.2.40">bolnikih</w>
 <w id="w15.2.41">,</w> 
 <w id="w15.2.42">ki</w> 
 <w id="w15.2.43">so</w> 
 <w id="w15.2.44">prejemali</w> 
 <w id="w15.2.45">placebo</w>
 <w id="w15.2.46">.</w>
</s> 
 
<s id="s15.3">
 <w id="w15.3.1">V</w> 
 <w id="w15.3.2">dveh</w> 
 <w id="w15.3.3">študijah</w> 
 <w id="w15.3.4">pri</w> 
 <w id="w15.3.5">bolnikih</w> 
 <w id="w15.3.6">z</w> 
 <w id="w15.3.7">urtikarijo</w> 
 <w id="w15.3.8">se</w> 
 <w id="w15.3.9">je</w> 
 <w id="w15.3.10">število</w> 
 <w id="w15.3.11">simptomov</w> 
 <w id="w15.3.12">po</w> 
 <w id="w15.3.13">šestih</w> 
 <w id="w15.3.14">tednih</w> 
 <w id="w15.3.15">zdravljenja</w> 
 <w id="w15.3.16">z</w> 
 <w id="w15.3.17">zdravilom</w> 
 <w id="w15.3.18">Azomyr</w> 
 <w id="w15.3.19">zmanjšalo</w> 
 <w id="w15.3.20">za</w> 
 <w id="w15.3.21">58</w> 
 <w id="w15.3.22">in</w> 
 <w id="w15.3.23">67</w> 
 <w id="w15.3.24">%</w> 
 <w id="w15.3.25">v</w> 
 <w id="w15.3.26">primerjavi</w> 
 <w id="w15.3.27">s</w> 
 <w id="w15.3.28">40</w> 
 <w id="w15.3.29">in</w> 
 <w id="w15.3.30">33</w> 
 <w id="w15.3.31">%</w> 
 <w id="w15.3.32">pri</w> 
 <w id="w15.3.33">bolnikih</w>
 <w id="w15.3.34">,</w> 
 <w id="w15.3.35">ki</w> 
 <w id="w15.3.36">so</w> 
 <w id="w15.3.37">prejemali</w> 
 <w id="w15.3.38">placebo</w>
 <w id="w15.3.39">.</w>
</s></p>

<p id="16">
<s id="s16.1">
 <w id="w16.1.1">Kakšna</w> 
 <w id="w16.1.2">tveganja</w> 
 <w id="w16.1.3">so</w> 
 <w id="w16.1.4">povezana</w> 
 <w id="w16.1.5">z</w> 
 <w id="w16.1.6">zdravilom</w> 
 <w id="w16.1.7">Azomyr</w>
 <w id="w16.1.8">?</w>
</s> 
 
<s id="s16.2">
 <w id="w16.2.1">Najpogostejši</w> 
 <w id="w16.2.2">neželeni</w> 
 <w id="w16.2.3">učinki</w> 
 <w id="w16.2.4">pri</w> 
 <w id="w16.2.5">odraslih</w> 
 <w id="w16.2.6">in</w> 
 <w id="w16.2.7">mladostnikih</w> 
 <w id="w16.2.8">so</w> 
 <w id="w16.2.9">utrujenost</w> 
 <w id="w16.2.10">(</w>
 <w id="w16.2.11">1,</w>
 <w id="w16.2.12">2</w> 
 <w id="w16.2.13">%</w>
 <w id="w16.2.14">)</w>
 <w id="w16.2.15">,</w> 
 <w id="w16.2.16">suha</w> 
 <w id="w16.2.17">usta</w> 
 <w id="w16.2.18">(</w>
 <w id="w16.2.19">0,</w>
 <w id="w16.2.20">8</w> 
 <w id="w16.2.21">%</w>
 <w id="w16.2.22">)</w> 
 <w id="w16.2.23">in</w> 
 <w id="w16.2.24">glavobol</w> 
 <w id="w16.2.25">(</w>
 <w id="w16.2.26">0,</w>
 <w id="w16.2.27">6</w> 
 <w id="w16.2.28">%</w>
 <w id="w16.2.29">)</w>
 <w id="w16.2.30">.</w>
</s> 
 
<s id="s16.3">
 <w id="w16.3.1">Neželeni</w> 
 <w id="w16.3.2">učinki</w> 
 <w id="w16.3.3">pri</w> 
 <w id="w16.3.4">otrocih</w> 
 <w id="w16.3.5">so</w> 
 <w id="w16.3.6">podobni</w>
 <w id="w16.3.7">.</w>
</s> 
 
<s id="s16.4">
 <w id="w16.4.1">Pri</w> 
 <w id="w16.4.2">otrocih</w>
 <w id="w16.4.3">,</w> 
 <w id="w16.4.4">starih</w> 
 <w id="w16.4.5">manj</w> 
 <w id="w16.4.6">kot</w> 
 <w id="w16.4.7">dve</w> 
 <w id="w16.4.8">leti</w>
 <w id="w16.4.9">,</w> 
 <w id="w16.4.10">so</w> 
 <w id="w16.4.11">bili</w> 
 <w id="w16.4.12">najpogostejši</w> 
 <w id="w16.4.13">neželeni</w> 
 <w id="w16.4.14">učinki</w> 
 <w id="w16.4.15">driska</w> 
 <w id="w16.4.16">(</w>
 <w id="w16.4.17">3,</w>
 <w id="w16.4.18">7</w> 
 <w id="w16.4.19">%</w>
 <w id="w16.4.20">)</w>
 <w id="w16.4.21">,</w> 
 <w id="w16.4.22">zvišana</w> 
 <w id="w16.4.23">telesna</w> 
 <w id="w16.4.24">temperatura</w> 
 <w id="w16.4.25">(</w>
 <w id="w16.4.26">2,</w>
 <w id="w16.4.27">3</w> 
 <w id="w16.4.28">%</w>
 <w id="w16.4.29">)</w> 
 <w id="w16.4.30">in</w> 
 <w id="w16.4.31">nespečnost</w> 
 <w id="w16.4.32">(</w>
 <w id="w16.4.33">težava</w> 
 <w id="w16.4.34">zaspati</w>
 <w id="w16.4.35">:</w>
</s> 
 
<s id="s16.5">
 <w id="w16.5.1">2,</w>
 <w id="w16.5.2">3</w> 
 <w id="w16.5.3">%</w>
 <w id="w16.5.4">)</w>
 <w id="w16.5.5">.</w>
</s> 
 
<s id="s16.6">
 <w id="w16.6.1">Za</w> 
 <w id="w16.6.2">celoten</w> 
 <w id="w16.6.3">seznam</w> 
 <w id="w16.6.4">neželenih</w> 
 <w id="w16.6.5">učinkov</w>
 <w id="w16.6.6">,</w> 
 <w id="w16.6.7">o</w> 
 <w id="w16.6.8">katerih</w> 
 <w id="w16.6.9">so</w> 
 <w id="w16.6.10">poročali</w> 
 <w id="w16.6.11">pri</w> 
 <w id="w16.6.12">uporabi</w> 
 <w id="w16.6.13">zdravila</w> 
 <w id="w16.6.14">Azomyr</w>
 <w id="w16.6.15">,</w> 
 <w id="w16.6.16">glejte</w> 
 <w id="w16.6.17">navodilo</w> 
 <w id="w16.6.18">za</w> 
 <w id="w16.6.19">uporabo</w>
 <w id="w16.6.20">.</w>
</s> 
 
<s id="s16.7">
 <w id="w16.7.1">Zdravila</w> 
 <w id="w16.7.2">Azomyr</w> 
 <w id="w16.7.3">ne</w> 
 <w id="w16.7.4">smejo</w> 
 <w id="w16.7.5">uporabljati</w> 
 <w id="w16.7.6">osebe</w>
 <w id="w16.7.7">,</w> 
 <w id="w16.7.8">ki</w> 
 <w id="w16.7.9">utegnejo</w> 
 <w id="w16.7.10">biti</w> 
 <w id="w16.7.11">preobčutljive</w> 
 <w id="w16.7.12">za</w> 
 <w id="w16.7.13">(</w>
 <w id="w16.7.14">alergične</w> 
 <w id="w16.7.15">na</w>
 <w id="w16.7.16">)</w> 
 <w id="w16.7.17">desloratadin</w>
 <w id="w16.7.18">,</w> 
 <w id="w16.7.19">loratadin</w> 
 <w id="w16.7.20">ali</w> 
 <w id="w16.7.21">katero</w> 
 <w id="w16.7.22">koli</w> 
 <w id="w16.7.23">drugo</w> 
 <w id="w16.7.24">sestavino</w> 
 <w id="w16.7.25">zdravila</w>
 <w id="w16.7.26">.</w>
</s></p>

<p id="17">
<s id="s17.1">
 <w id="w17.1.1">Zakaj</w> 
 <w id="w17.1.2">je</w> 
 <w id="w17.1.3">bilo</w> 
 <w id="w17.1.4">zdravilo</w> 
 <w id="w17.1.5">Azomyr</w> 
 <w id="w17.1.6">odobreno</w>
 <w id="w17.1.7">?</w>
</s> 
 
<s id="s17.2">
 <w id="w17.2.1">Odbor</w> 
 <w id="w17.2.2">za</w> 
 <w id="w17.2.3">uporabo</w> 
 <w id="w17.2.4">zdravil</w> 
 <w id="w17.2.5">v</w> 
 <w id="w17.2.6">humani</w> 
 <w id="w17.2.7">medicini</w> 
 <w id="w17.2.8">(</w>
 <w id="w17.2.9">CHMP</w>
 <w id="w17.2.10">)</w> 
 <w id="w17.2.11">je</w> 
 <w id="w17.2.12">zaključil</w>
 <w id="w17.2.13">,</w> 
 <w id="w17.2.14">da</w> 
 <w id="w17.2.15">so</w> 
 <w id="w17.2.16">koristi</w> 
 <w id="w17.2.17">zdravila</w> 
 <w id="w17.2.18">Azomyr</w> 
 <w id="w17.2.19">pri</w> 
 <w id="w17.2.20">lajšanju</w> 
 <w id="w17.2.21">simptomov</w> 
 <w id="w17.2.22">alergijskega</w> 
 <w id="w17.2.23">rinitisa</w> 
 <w id="w17.2.24">ali</w> 
 <w id="w17.2.25">urtikarije</w> 
 <w id="w17.2.26">večje</w> 
 <w id="w17.2.27">od</w> 
 <w id="w17.2.28">z</w> 
 <w id="w17.2.29">njim</w> 
 <w id="w17.2.30">povezanih</w> 
 <w id="w17.2.31">tveganj</w>
 <w id="w17.2.32">.</w>
</s> 
 
<s id="s17.3">
 <w id="w17.3.1">Odbor</w> 
 <w id="w17.3.2">je</w> 
 <w id="w17.3.3">priporočil</w>
 <w id="w17.3.4">,</w> 
 <w id="w17.3.5">da</w> 
 <w id="w17.3.6">se</w> 
 <w id="w17.3.7">za</w> 
 <w id="w17.3.8">zdravilo</w> 
 <w id="w17.3.9">Azomyr</w> 
 <w id="w17.3.10">odobri</w> 
 <w id="w17.3.11">dovoljenje</w> 
 <w id="w17.3.12">za</w> 
 <w id="w17.3.13">promet</w>
 <w id="w17.3.14">.</w>
</s></p>

<p id="18">
<s id="s18.1">
 <w id="w18.1.1">Druge</w> 
 <w id="w18.1.2">informacije</w> 
 <w id="w18.1.3">o</w> 
 <w id="w18.1.4">zdravilu</w> 
 <w id="w18.1.5">Azomyr</w>
 <w id="w18.1.6">:</w>
</s> 
 
<s id="s18.2">
 <w id="w18.2.1">Evropska</w> 
 <w id="w18.2.2">komisija</w> 
 <w id="w18.2.3">je</w> 
 <w id="w18.2.4">dovoljenje</w> 
 <w id="w18.2.5">za</w> 
 <w id="w18.2.6">promet</w> 
 <w id="w18.2.7">z</w> 
 <w id="w18.2.8">zdravilom</w> 
 <w id="w18.2.9">Azomyr</w>
 <w id="w18.2.10">,</w> 
 <w id="w18.2.11">veljavno</w> 
 <w id="w18.2.12">po</w> 
 <w id="w18.2.13">vsej</w> 
 <w id="w18.2.14">Evropski</w> 
 <w id="w18.2.15">uniji</w>
 <w id="w18.2.16">,</w> 
 <w id="w18.2.17">odobrila</w> 
 <w id="w18.2.18">družbi</w> 
 <w id="w18.2.19">SP</w> 
 <w id="w18.2.20">Europe</w> 
 <w id="w18.2.21">dne</w> 
 <w id="w18.2.22">15</w>
 <w id="w18.2.23">.</w> 
 <w id="w18.2.24">januarja</w> 
 <w id="w18.2.25">2001</w>
 <w id="w18.2.26">.</w>
</s> 
 
<s id="s18.3">
 <w id="w18.3.1">Dovoljenje</w> 
 <w id="w18.3.2">za</w> 
 <w id="w18.3.3">promet</w> 
 <w id="w18.3.4">z</w> 
 <w id="w18.3.5">zdravilom</w> 
 <w id="w18.3.6">je</w> 
 <w id="w18.3.7">bilo</w> 
 <w id="w18.3.8">podaljšano</w> 
 <w id="w18.3.9">15</w>
 <w id="w18.3.10">.</w> 
 <w id="w18.3.11">januarja</w> 
 <w id="w18.3.12">2006</w>
 <w id="w18.3.13">.</w>
</s></p>

<p id="19">
<s id="s19.1">
 <w id="w19.1.1">Celotno</w> 
 <w id="w19.1.2">evropsko</w> 
 <w id="w19.1.3">javno</w> 
 <w id="w19.1.4">poročilo</w> 
 <w id="w19.1.5">o</w> 
 <w id="w19.1.6">oceni</w> 
 <w id="w19.1.7">zdravila</w> 
 <w id="w19.1.8">(</w>
 <w id="w19.1.9">EPAR</w>
 <w id="w19.1.10">)</w> 
 <w id="w19.1.11">za</w> 
 <w id="w19.1.12">zdravilo</w> 
 <w id="w19.1.13">Azomyr</w> 
 <w id="w19.1.14">je</w> 
 <w id="w19.1.15">na</w> 
 <w id="w19.1.16">voljo</w> 
 <w id="w19.1.17">tukaj</w>
 <w id="w19.1.18">.</w>
</s></p>

<p id="20">
<s id="s20.1">
 <w id="w20.1.1">Povzetek</w> 
 <w id="w20.1.2">je</w> 
 <w id="w20.1.3">bil</w> 
 <w id="w20.1.4">nazadnje</w> 
 <w id="w20.1.5">posodobljen</w> 
 <w id="w20.1.6">04-</w>
 <w id="w20.1.7">2008</w>
 <w id="w20.1.8">.</w>
</s></p>

<p id="21">
<s id="s21.1">
 <w id="w21.1.1">2/</w>
 <w id="w21.1.2">2</w>
</s></p></text>
