<?xml version="1.0" encoding="utf-8"?>
<text>
<head id="1">
<s id="s1.1">
 <w id="w1.1.1">Številka</w> 
 <w id="w1.1.2">EU</w>
</s></head>

<p id="2">
<s id="s2.1">
 <w id="w2.1.1">zaščiteno</w> 
 <w id="w2.1.2">ime</w>
</s></p>

<p id="3">
<s id="s3.1">
 <w id="w3.1.1">jakost</w>
</s></p>

<p id="4">
<s id="s4.1">
 <w id="w4.1.1">farmacevtska</w> 
 <w id="w4.1.2">oblika</w>
</s></p>

<p id="5">
<s id="s5.1">
 <w id="w5.1.1">pot</w> 
 <w id="w5.1.2">uporabe</w>
</s></p>

<p id="6">
<s id="s6.1">
 <w id="w6.1.1">ovojnina</w>
</s></p>

<p id="7">
<s id="s7.1">
 <w id="w7.1.1">vsebina</w>
</s></p>

<p id="8">
<s id="s8.1">
 <w id="w8.1.1">velikost</w> 
 <w id="w8.1.2">pakiranja</w>
</s></p>

<head id="9">
<s id="s9.1">
 <w id="w9.1.1">EU/</w>
 <w id="w9.1.2">1/</w>
 <w id="w9.1.3">00/</w>
 <w id="w9.1.4">157/</w>
 <w id="w9.1.5">001</w>
</s></head>

<head id="10">
<s id="s10.1">
 <w id="w10.1.1">Azomyr</w>
</s></head>

<head id="11">
<s id="s11.1">
 <w id="w11.1.1">5</w> 
 <w id="w11.1.2">mg</w>
</s></head>

<head id="12">
<s id="s12.1">
 <w id="w12.1.1">Filmsko</w> 
 <w id="w12.1.2">obložena</w>      
 <w id="w12.1.3">tableta</w>
</s></head>

<head id="13">
<s id="s13.1">
 <w id="w13.1.1">Peroralna</w> 
 <w id="w13.1.2">uporaba</w>
</s></head>

<p id="14">
<s id="s14.1">
 <w id="w14.1.1">pretisni</w> 
 <w id="w14.1.2">omot</w> 
 <w id="w14.1.3">(</w>
 <w id="w14.1.4">Aclar/</w>
 <w id="w14.1.5">PVC</w>
 <w id="w14.1.6">,</w>   
 <w id="w14.1.7">alu</w>
 <w id="w14.1.8">)</w>
</s></p>

<head id="15">
<s id="s15.1">
 <w id="w15.1.1">1</w> 
 <w id="w15.1.2">tableta</w>
</s></head>

<head id="16">
<s id="s16.1">
 <w id="w16.1.1">EU/</w>
 <w id="w16.1.2">1/</w>
 <w id="w16.1.3">00/</w>
 <w id="w16.1.4">157/</w>
 <w id="w16.1.5">002</w>
</s></head>

<head id="17">
<s id="s17.1">
 <w id="w17.1.1">Azomyr</w>
</s></head>

<head id="18">
<s id="s18.1">
 <w id="w18.1.1">5</w> 
 <w id="w18.1.2">mg</w>
</s></head>

<head id="19">
<s id="s19.1">
 <w id="w19.1.1">Filmsko</w> 
 <w id="w19.1.2">obložena</w>      
 <w id="w19.1.3">tableta</w>
</s></head>

<head id="20">
<s id="s20.1">
 <w id="w20.1.1">Peroralna</w> 
 <w id="w20.1.2">uporaba</w>
</s></head>

<p id="21">
<s id="s21.1">
 <w id="w21.1.1">pretisni</w> 
 <w id="w21.1.2">omot</w> 
 <w id="w21.1.3">(</w>
 <w id="w21.1.4">Aclar/</w>
 <w id="w21.1.5">PVC</w>
 <w id="w21.1.6">,</w>   
 <w id="w21.1.7">alu</w>
 <w id="w21.1.8">)</w>
</s></p>

<head id="22">
<s id="s22.1">
 <w id="w22.1.1">2</w> 
 <w id="w22.1.2">tableti</w>
</s></head>

<head id="23">
<s id="s23.1">
 <w id="w23.1.1">EU/</w>
 <w id="w23.1.2">1/</w>
 <w id="w23.1.3">00/</w>
 <w id="w23.1.4">157/</w>
 <w id="w23.1.5">003</w>
</s></head>

<head id="24">
<s id="s24.1">
 <w id="w24.1.1">Azomyr</w>
</s></head>

<head id="25">
<s id="s25.1">
 <w id="w25.1.1">5</w> 
 <w id="w25.1.2">mg</w>
</s></head>

<head id="26">
<s id="s26.1">
 <w id="w26.1.1">Filmsko</w> 
 <w id="w26.1.2">obložena</w>      
 <w id="w26.1.3">tableta</w>
</s></head>

<head id="27">
<s id="s27.1">
 <w id="w27.1.1">Peroralna</w> 
 <w id="w27.1.2">uporaba</w>
</s></head>

<p id="28">
<s id="s28.1">
 <w id="w28.1.1">pretisni</w> 
 <w id="w28.1.2">omot</w> 
 <w id="w28.1.3">(</w>
 <w id="w28.1.4">Aclar/</w>
 <w id="w28.1.5">PVC</w>
 <w id="w28.1.6">,</w>   
 <w id="w28.1.7">alu</w>
 <w id="w28.1.8">)</w>
</s></p>

<head id="29">
<s id="s29.1">
 <w id="w29.1.1">3</w> 
 <w id="w29.1.2">tablete</w>
</s></head>

<head id="30">
<s id="s30.1">
 <w id="w30.1.1">EU/</w>
 <w id="w30.1.2">1/</w>
 <w id="w30.1.3">00/</w>
 <w id="w30.1.4">157/</w>
 <w id="w30.1.5">004</w>
</s></head>

<head id="31">
<s id="s31.1">
 <w id="w31.1.1">Azomyr</w>
</s></head>

<head id="32">
<s id="s32.1">
 <w id="w32.1.1">5</w> 
 <w id="w32.1.2">mg</w>
</s></head>

<head id="33">
<s id="s33.1">
 <w id="w33.1.1">Filmsko</w> 
 <w id="w33.1.2">obložena</w>      
 <w id="w33.1.3">tableta</w>
</s></head>

<head id="34">
<s id="s34.1">
 <w id="w34.1.1">Peroralna</w> 
 <w id="w34.1.2">uporaba</w>
</s></head>

<p id="35">
<s id="s35.1">
 <w id="w35.1.1">pretisni</w> 
 <w id="w35.1.2">omot</w> 
 <w id="w35.1.3">(</w>
 <w id="w35.1.4">Aclar/</w>
 <w id="w35.1.5">PVC</w>
 <w id="w35.1.6">,</w>   
 <w id="w35.1.7">alu</w>
 <w id="w35.1.8">)</w>
</s></p>

<head id="36">
<s id="s36.1">
 <w id="w36.1.1">5</w> 
 <w id="w36.1.2">tablet</w>
</s></head>

<head id="37">
<s id="s37.1">
 <w id="w37.1.1">EU/</w>
 <w id="w37.1.2">1/</w>
 <w id="w37.1.3">00/</w>
 <w id="w37.1.4">157/</w>
 <w id="w37.1.5">005</w>
</s></head>

<head id="38">
<s id="s38.1">
 <w id="w38.1.1">Azomyr</w>
</s></head>

<head id="39">
<s id="s39.1">
 <w id="w39.1.1">5</w> 
 <w id="w39.1.2">mg</w>
</s></head>

<head id="40">
<s id="s40.1">
 <w id="w40.1.1">Filmsko</w> 
 <w id="w40.1.2">obložena</w>      
 <w id="w40.1.3">tableta</w>
</s></head>

<head id="41">
<s id="s41.1">
 <w id="w41.1.1">Peroralna</w> 
 <w id="w41.1.2">uporaba</w>
</s></head>

<p id="42">
<s id="s42.1">
 <w id="w42.1.1">pretisni</w> 
 <w id="w42.1.2">omot</w> 
 <w id="w42.1.3">(</w>
 <w id="w42.1.4">Aclar/</w>
 <w id="w42.1.5">PVC</w>
 <w id="w42.1.6">,</w>   
 <w id="w42.1.7">alu</w>
 <w id="w42.1.8">)</w>
</s></p>

<head id="43">
<s id="s43.1">
 <w id="w43.1.1">7</w> 
 <w id="w43.1.2">tablet</w>
</s></head>

<head id="44">
<s id="s44.1">
 <w id="w44.1.1">EU/</w>
 <w id="w44.1.2">1/</w>
 <w id="w44.1.3">00/</w>
 <w id="w44.1.4">157/</w>
 <w id="w44.1.5">006</w>
</s></head>

<head id="45">
<s id="s45.1">
 <w id="w45.1.1">Azomyr</w>
</s></head>

<head id="46">
<s id="s46.1">
 <w id="w46.1.1">5</w> 
 <w id="w46.1.2">mg</w>
</s></head>

<head id="47">
<s id="s47.1">
 <w id="w47.1.1">Filmsko</w> 
 <w id="w47.1.2">obložena</w>      
 <w id="w47.1.3">tableta</w>
</s></head>

<head id="48">
<s id="s48.1">
 <w id="w48.1.1">Peroralna</w> 
 <w id="w48.1.2">uporaba</w>
</s></head>

<p id="49">
<s id="s49.1">
 <w id="w49.1.1">pretisni</w> 
 <w id="w49.1.2">omot</w> 
 <w id="w49.1.3">(</w>
 <w id="w49.1.4">Aclar/</w>
 <w id="w49.1.5">PVC</w>
 <w id="w49.1.6">,</w>   
 <w id="w49.1.7">alu</w>
 <w id="w49.1.8">)</w>
</s></p>

<head id="50">
<s id="s50.1">
 <w id="w50.1.1">10</w> 
 <w id="w50.1.2">tablet</w>
</s></head>

<head id="51">
<s id="s51.1">
 <w id="w51.1.1">EU/</w>
 <w id="w51.1.2">1/</w>
 <w id="w51.1.3">00/</w>
 <w id="w51.1.4">157/</w>
 <w id="w51.1.5">007</w>
</s></head>

<head id="52">
<s id="s52.1">
 <w id="w52.1.1">Azomyr</w>
</s></head>

<head id="53">
<s id="s53.1">
 <w id="w53.1.1">5</w> 
 <w id="w53.1.2">mg</w>
</s></head>

<head id="54">
<s id="s54.1">
 <w id="w54.1.1">Filmsko</w> 
 <w id="w54.1.2">obložena</w>      
 <w id="w54.1.3">tableta</w>
</s></head>

<head id="55">
<s id="s55.1">
 <w id="w55.1.1">Peroralna</w> 
 <w id="w55.1.2">uporaba</w>
</s></head>

<p id="56">
<s id="s56.1">
 <w id="w56.1.1">pretisni</w> 
 <w id="w56.1.2">omot</w> 
 <w id="w56.1.3">(</w>
 <w id="w56.1.4">Aclar/</w>
 <w id="w56.1.5">PVC</w>
 <w id="w56.1.6">,</w>   
 <w id="w56.1.7">alu</w>
 <w id="w56.1.8">)</w>
</s></p>

<head id="57">
<s id="s57.1">
 <w id="w57.1.1">14</w> 
 <w id="w57.1.2">tablet</w>
</s></head>

<head id="58">
<s id="s58.1">
 <w id="w58.1.1">EU/</w>
 <w id="w58.1.2">1/</w>
 <w id="w58.1.3">00/</w>
 <w id="w58.1.4">157/</w>
 <w id="w58.1.5">008</w>
</s></head>

<head id="59">
<s id="s59.1">
 <w id="w59.1.1">Azomyr</w>
</s></head>

<head id="60">
<s id="s60.1">
 <w id="w60.1.1">5</w> 
 <w id="w60.1.2">mg</w>
</s></head>

<head id="61">
<s id="s61.1">
 <w id="w61.1.1">Filmsko</w> 
 <w id="w61.1.2">obložena</w>      
 <w id="w61.1.3">tableta</w>
</s></head>

<head id="62">
<s id="s62.1">
 <w id="w62.1.1">Peroralna</w> 
 <w id="w62.1.2">uporaba</w>
</s></head>

<p id="63">
<s id="s63.1">
 <w id="w63.1.1">pretisni</w> 
 <w id="w63.1.2">omot</w> 
 <w id="w63.1.3">(</w>
 <w id="w63.1.4">Aclar/</w>
 <w id="w63.1.5">PVC</w>
 <w id="w63.1.6">,</w>   
 <w id="w63.1.7">alu</w>
 <w id="w63.1.8">)</w>
</s></p>

<head id="64">
<s id="s64.1">
 <w id="w64.1.1">15</w> 
 <w id="w64.1.2">tablet</w>
</s></head>

<head id="65">
<s id="s65.1">
 <w id="w65.1.1">EU/</w>
 <w id="w65.1.2">1/</w>
 <w id="w65.1.3">00/</w>
 <w id="w65.1.4">157/</w>
 <w id="w65.1.5">009</w>
</s></head>

<head id="66">
<s id="s66.1">
 <w id="w66.1.1">Azomyr</w>
</s></head>

<head id="67">
<s id="s67.1">
 <w id="w67.1.1">5</w> 
 <w id="w67.1.2">mg</w>
</s></head>

<head id="68">
<s id="s68.1">
 <w id="w68.1.1">Filmsko</w> 
 <w id="w68.1.2">obložena</w>      
 <w id="w68.1.3">tableta</w>
</s></head>

<head id="69">
<s id="s69.1">
 <w id="w69.1.1">Peroralna</w> 
 <w id="w69.1.2">uporaba</w>
</s></head>

<p id="70">
<s id="s70.1">
 <w id="w70.1.1">pretisni</w> 
 <w id="w70.1.2">omot</w> 
 <w id="w70.1.3">(</w>
 <w id="w70.1.4">Aclar/</w>
 <w id="w70.1.5">PVC</w>
 <w id="w70.1.6">,</w>   
 <w id="w70.1.7">alu</w>
 <w id="w70.1.8">)</w>
</s></p>

<head id="71">
<s id="s71.1">
 <w id="w71.1.1">20</w> 
 <w id="w71.1.2">tablet</w>
</s></head>

<head id="72">
<s id="s72.1">
 <w id="w72.1.1">EU/</w>
 <w id="w72.1.2">1/</w>
 <w id="w72.1.3">00/</w>
 <w id="w72.1.4">157/</w>
 <w id="w72.1.5">010</w>
</s></head>

<head id="73">
<s id="s73.1">
 <w id="w73.1.1">Azomyr</w>
</s></head>

<head id="74">
<s id="s74.1">
 <w id="w74.1.1">5</w> 
 <w id="w74.1.2">mg</w>
</s></head>

<head id="75">
<s id="s75.1">
 <w id="w75.1.1">Filmsko</w> 
 <w id="w75.1.2">obložena</w>      
 <w id="w75.1.3">tableta</w>
</s></head>

<head id="76">
<s id="s76.1">
 <w id="w76.1.1">Peroralna</w> 
 <w id="w76.1.2">uporaba</w>
</s></head>

<p id="77">
<s id="s77.1">
 <w id="w77.1.1">pretisni</w> 
 <w id="w77.1.2">omot</w> 
 <w id="w77.1.3">(</w>
 <w id="w77.1.4">Aclar/</w>
 <w id="w77.1.5">PVC</w>
 <w id="w77.1.6">,</w>   
 <w id="w77.1.7">alu</w>
 <w id="w77.1.8">)</w>
</s></p>

<head id="78">
<s id="s78.1">
 <w id="w78.1.1">21</w> 
 <w id="w78.1.2">tablet</w>
</s></head>

<head id="79">
<s id="s79.1">
 <w id="w79.1.1">EU/</w>
 <w id="w79.1.2">1/</w>
 <w id="w79.1.3">00/</w>
 <w id="w79.1.4">157/</w>
 <w id="w79.1.5">011</w>
</s></head>

<head id="80">
<s id="s80.1">
 <w id="w80.1.1">Azomyr</w>
</s></head>

<head id="81">
<s id="s81.1">
 <w id="w81.1.1">5</w> 
 <w id="w81.1.2">mg</w>
</s></head>

<head id="82">
<s id="s82.1">
 <w id="w82.1.1">Filmsko</w> 
 <w id="w82.1.2">obložena</w>      
 <w id="w82.1.3">tableta</w>
</s></head>

<head id="83">
<s id="s83.1">
 <w id="w83.1.1">Peroralna</w> 
 <w id="w83.1.2">uporaba</w>
</s></head>

<p id="84">
<s id="s84.1">
 <w id="w84.1.1">pretisni</w> 
 <w id="w84.1.2">omot</w> 
 <w id="w84.1.3">(</w>
 <w id="w84.1.4">Aclar/</w>
 <w id="w84.1.5">PVC</w>
 <w id="w84.1.6">,</w>   
 <w id="w84.1.7">alu</w>
 <w id="w84.1.8">)</w>
</s></p>

<head id="85">
<s id="s85.1">
 <w id="w85.1.1">30</w> 
 <w id="w85.1.2">tablet</w>
</s></head>

<head id="86">
<s id="s86.1">
 <w id="w86.1.1">EU/</w>
 <w id="w86.1.2">1/</w>
 <w id="w86.1.3">00/</w>
 <w id="w86.1.4">157/</w>
 <w id="w86.1.5">012</w>
</s></head>

<head id="87">
<s id="s87.1">
 <w id="w87.1.1">Azomyr</w>
</s></head>

<head id="88">
<s id="s88.1">
 <w id="w88.1.1">5</w> 
 <w id="w88.1.2">mg</w>
</s></head>

<head id="89">
<s id="s89.1">
 <w id="w89.1.1">Filmsko</w> 
 <w id="w89.1.2">obložena</w>      
 <w id="w89.1.3">tableta</w>
</s></head>

<head id="90">
<s id="s90.1">
 <w id="w90.1.1">Peroralna</w> 
 <w id="w90.1.2">uporaba</w>
</s></head>

<p id="91">
<s id="s91.1">
 <w id="w91.1.1">pretisni</w> 
 <w id="w91.1.2">omot</w> 
 <w id="w91.1.3">(</w>
 <w id="w91.1.4">Aclar/</w>
 <w id="w91.1.5">PVC</w>
 <w id="w91.1.6">,</w>   
 <w id="w91.1.7">alu</w>
 <w id="w91.1.8">)</w>
</s></p>

<head id="92">
<s id="s92.1">
 <w id="w92.1.1">50</w> 
 <w id="w92.1.2">table</w>
</s></head>

<head id="93">
<s id="s93.1">
 <w id="w93.1.1">EU/</w>
 <w id="w93.1.2">1/</w>
 <w id="w93.1.3">00/</w>
 <w id="w93.1.4">157/</w>
 <w id="w93.1.5">013</w>
</s></head>

<head id="94">
<s id="s94.1">
 <w id="w94.1.1">Azomyr</w>
</s></head>

<head id="95">
<s id="s95.1">
 <w id="w95.1.1">5</w> 
 <w id="w95.1.2">mg</w>
</s></head>

<head id="96">
<s id="s96.1">
 <w id="w96.1.1">Filmsko</w> 
 <w id="w96.1.2">obložena</w>      
 <w id="w96.1.3">tableta</w>
</s></head>

<head id="97">
<s id="s97.1">
 <w id="w97.1.1">Peroralna</w> 
 <w id="w97.1.2">uporaba</w>
</s></head>

<p id="98">
<s id="s98.1">
 <w id="w98.1.1">pretisni</w> 
 <w id="w98.1.2">omot</w> 
 <w id="w98.1.3">(</w>
 <w id="w98.1.4">Aclar/</w>
 <w id="w98.1.5">PVC</w>
 <w id="w98.1.6">,</w>   
 <w id="w98.1.7">alu</w>
 <w id="w98.1.8">)</w>
</s></p>

<head id="99">
<s id="s99.1">
 <w id="w99.1.1">100</w> 
 <w id="w99.1.2">tablet</w>
</s></head>

<head id="100">
<s id="s100.1">
 <w id="w100.1.1">EU/</w>
 <w id="w100.1.2">1/</w>
 <w id="w100.1.3">00/</w>
 <w id="w100.1.4">157/</w>
 <w id="w100.1.5">014</w>
</s></head>

<head id="101">
<s id="s101.1">
 <w id="w101.1.1">Azomyr</w>
</s></head>

<head id="102">
<s id="s102.1">
 <w id="w102.1.1">0,</w>
 <w id="w102.1.2">5</w> 
 <w id="w102.1.3">mg/</w>
 <w id="w102.1.4">ml</w>
</s></head>

<head id="103">
<s id="s103.1">
 <w id="w103.1.1">Sirup</w>
</s></head>

<head id="104">
<s id="s104.1">
 <w id="w104.1.1">Peroralna</w> 
 <w id="w104.1.2">uporaba</w>
</s></head>

<p id="105">
<s id="s105.1">
 <w id="w105.1.1">sleklenička</w> 
 <w id="w105.1.2">(</w>
 <w id="w105.1.3">steklo</w>
 <w id="w105.1.4">)</w>
</s></p>

<head id="106">
<s id="s106.1">
 <w id="w106.1.1">30</w> 
 <w id="w106.1.2">ml</w>
</s></head>

<head id="107">
<s id="s107.1">
 <w id="w107.1.1">1</w> 
 <w id="w107.1.2">steklenica</w> 
 <w id="w107.1.3">z</w> 
 <w id="w107.1.4">1</w> 
 <w id="w107.1.5">merilna</w> 
 <w id="w107.1.6">žličko</w>
</s></head>

<head id="108">
<s id="s108.1">
 <w id="w108.1.1">EU/</w>
 <w id="w108.1.2">1/</w>
 <w id="w108.1.3">00/</w>
 <w id="w108.1.4">157/</w>
 <w id="w108.1.5">015</w>
</s></head>

<head id="109">
<s id="s109.1">
 <w id="w109.1.1">Azomyr</w>
</s></head>

<head id="110">
<s id="s110.1">
 <w id="w110.1.1">0,</w>
 <w id="w110.1.2">5</w> 
 <w id="w110.1.3">mg/</w>
 <w id="w110.1.4">ml</w>
</s></head>

<head id="111">
<s id="s111.1">
 <w id="w111.1.1">Sirup</w>
</s></head>

<head id="112">
<s id="s112.1">
 <w id="w112.1.1">Peroralna</w> 
 <w id="w112.1.2">uporaba</w>
</s></head>

<p id="113">
<s id="s113.1">
 <w id="w113.1.1">sleklenička</w> 
 <w id="w113.1.2">(</w>
 <w id="w113.1.3">steklo</w>
</s></p>

<head id="114">
<s id="s114.1">
 <w id="w114.1.1">50</w> 
 <w id="w114.1.2">ml</w>
</s></head>

<head id="115">
<s id="s115.1">
 <w id="w115.1.1">1</w> 
 <w id="w115.1.2">steklenica</w> 
 <w id="w115.1.3">z</w> 
 <w id="w115.1.4">1</w> 
 <w id="w115.1.5">merilna</w> 
 <w id="w115.1.6">žličko</w>
</s></head>

<head id="116">
<s id="s116.1">
 <w id="w116.1.1">EU/</w>
 <w id="w116.1.2">1/</w>
 <w id="w116.1.3">00/</w>
 <w id="w116.1.4">157/</w>
 <w id="w116.1.5">016</w>
</s></head>

<head id="117">
<s id="s117.1">
 <w id="w117.1.1">Azomyr</w>
</s></head>

<head id="118">
<s id="s118.1">
 <w id="w118.1.1">0,</w>
 <w id="w118.1.2">5</w> 
 <w id="w118.1.3">mg/</w>
 <w id="w118.1.4">ml</w>
</s></head>

<head id="119">
<s id="s119.1">
 <w id="w119.1.1">Sirup</w>
</s></head>

<head id="120">
<s id="s120.1">
 <w id="w120.1.1">Peroralna</w> 
 <w id="w120.1.2">uporaba</w>
</s></head>

<p id="121">
<s id="s121.1">
 <w id="w121.1.1">sleklenička</w> 
 <w id="w121.1.2">(</w>
 <w id="w121.1.3">steklo</w>
</s></p>

<head id="122">
<s id="s122.1">
 <w id="w122.1.1">60</w> 
 <w id="w122.1.2">ml</w>
</s></head>

<head id="123">
<s id="s123.1">
 <w id="w123.1.1">1</w> 
 <w id="w123.1.2">steklenica</w> 
 <w id="w123.1.3">z</w> 
 <w id="w123.1.4">1</w> 
 <w id="w123.1.5">merilna</w> 
 <w id="w123.1.6">žličko</w>
</s></head>

<p id="124">
<s id="s124.1">
 <w id="w124.1.1">1/</w>
 <w id="w124.1.2">4</w> 
 <w id="w124.1.3">EU/</w>
 <w id="w124.1.4">1/</w>
 <w id="w124.1.5">00/</w>
 <w id="w124.1.6">157/</w>
 <w id="w124.1.7">017</w>
</s></p>

<head id="125">
<s id="s125.1">
 <w id="w125.1.1">Azomyr</w>
</s></head>

<head id="126">
<s id="s126.1">
 <w id="w126.1.1">0,</w>
 <w id="w126.1.2">5</w> 
 <w id="w126.1.3">mg/</w>
 <w id="w126.1.4">ml</w>
</s></head>

<head id="127">
<s id="s127.1">
 <w id="w127.1.1">Sirup</w>
</s></head>

<head id="128">
<s id="s128.1">
 <w id="w128.1.1">Peroralna</w> 
 <w id="w128.1.2">uporaba</w>
</s></head>

<p id="129">
<s id="s129.1">
 <w id="w129.1.1">sleklenička</w> 
 <w id="w129.1.2">(</w>
 <w id="w129.1.3">steklo</w>
</s></p>

<head id="130">
<s id="s130.1">
 <w id="w130.1.1">100</w> 
 <w id="w130.1.2">ml</w>
</s></head>

<head id="131">
<s id="s131.1">
 <w id="w131.1.1">1</w> 
 <w id="w131.1.2">steklenica</w> 
 <w id="w131.1.3">z</w> 
 <w id="w131.1.4">1</w> 
 <w id="w131.1.5">merilna</w> 
 <w id="w131.1.6">žličko</w>
</s></head>

<head id="132">
<s id="s132.1">
 <w id="w132.1.1">EU/</w>
 <w id="w132.1.2">1/</w>
 <w id="w132.1.3">00/</w>
 <w id="w132.1.4">157/</w>
 <w id="w132.1.5">018</w>
</s></head>

<head id="133">
<s id="s133.1">
 <w id="w133.1.1">Azomyr</w>
</s></head>

<head id="134">
<s id="s134.1">
 <w id="w134.1.1">0,</w>
 <w id="w134.1.2">5</w> 
 <w id="w134.1.3">mg/</w>
 <w id="w134.1.4">ml</w>
</s></head>

<head id="135">
<s id="s135.1">
 <w id="w135.1.1">Sirup</w>
</s></head>

<head id="136">
<s id="s136.1">
 <w id="w136.1.1">Peroralna</w> 
 <w id="w136.1.2">uporaba</w>
</s></head>

<p id="137">
<s id="s137.1">
 <w id="w137.1.1">sleklenička</w> 
 <w id="w137.1.2">(</w>
 <w id="w137.1.3">steklo</w>
</s></p>

<head id="138">
<s id="s138.1">
 <w id="w138.1.1">120</w> 
 <w id="w138.1.2">ml</w>
</s></head>

<head id="139">
<s id="s139.1">
 <w id="w139.1.1">1</w> 
 <w id="w139.1.2">steklenica</w> 
 <w id="w139.1.3">z</w> 
 <w id="w139.1.4">1</w> 
 <w id="w139.1.5">merilna</w> 
 <w id="w139.1.6">žličko</w>
</s></head>

<head id="140">
<s id="s140.1">
 <w id="w140.1.1">EU/</w>
 <w id="w140.1.2">1/</w>
 <w id="w140.1.3">00/</w>
 <w id="w140.1.4">157/</w>
 <w id="w140.1.5">019</w>
</s></head>

<head id="141">
<s id="s141.1">
 <w id="w141.1.1">Azomyr</w>
</s></head>

<head id="142">
<s id="s142.1">
 <w id="w142.1.1">0,</w>
 <w id="w142.1.2">5</w> 
 <w id="w142.1.3">mg/</w>
 <w id="w142.1.4">ml</w>
</s></head>

<head id="143">
<s id="s143.1">
 <w id="w143.1.1">Sirup</w>
</s></head>

<head id="144">
<s id="s144.1">
 <w id="w144.1.1">Peroralna</w> 
 <w id="w144.1.2">uporaba</w>
</s></head>

<p id="145">
<s id="s145.1">
 <w id="w145.1.1">sleklenička</w> 
 <w id="w145.1.2">(</w>
 <w id="w145.1.3">steklo</w>
</s></p>

<head id="146">
<s id="s146.1">
 <w id="w146.1.1">150</w> 
 <w id="w146.1.2">ml</w>
</s></head>

<head id="147">
<s id="s147.1">
 <w id="w147.1.1">1</w> 
 <w id="w147.1.2">steklenica</w> 
 <w id="w147.1.3">z</w> 
 <w id="w147.1.4">1</w> 
 <w id="w147.1.5">merilna</w> 
 <w id="w147.1.6">žličko</w>
</s></head>

<head id="148">
<s id="s148.1">
 <w id="w148.1.1">EU/</w>
 <w id="w148.1.2">1/</w>
 <w id="w148.1.3">00/</w>
 <w id="w148.1.4">157/</w>
 <w id="w148.1.5">020</w>
</s></head>

<head id="149">
<s id="s149.1">
 <w id="w149.1.1">Azomyr</w>
</s></head>

<head id="150">
<s id="s150.1">
 <w id="w150.1.1">0,</w>
 <w id="w150.1.2">5</w> 
 <w id="w150.1.3">mg/</w>
 <w id="w150.1.4">ml</w>
</s></head>

<head id="151">
<s id="s151.1">
 <w id="w151.1.1">Sirup</w>
</s></head>

<head id="152">
<s id="s152.1">
 <w id="w152.1.1">Peroralna</w> 
 <w id="w152.1.2">uporaba</w>
</s></head>

<p id="153">
<s id="s153.1">
 <w id="w153.1.1">sleklenička</w> 
 <w id="w153.1.2">(</w>
 <w id="w153.1.3">steklo</w>
</s></p>

<head id="154">
<s id="s154.1">
 <w id="w154.1.1">225</w> 
 <w id="w154.1.2">ml</w>
</s></head>

<head id="155">
<s id="s155.1">
 <w id="w155.1.1">1</w> 
 <w id="w155.1.2">steklenica</w> 
 <w id="w155.1.3">z</w> 
 <w id="w155.1.4">1</w> 
 <w id="w155.1.5">merilna</w> 
 <w id="w155.1.6">žličko</w>
</s></head>

<head id="156">
<s id="s156.1">
 <w id="w156.1.1">EU/</w>
 <w id="w156.1.2">1/</w>
 <w id="w156.1.3">00/</w>
 <w id="w156.1.4">157/</w>
 <w id="w156.1.5">021</w>
</s></head>

<head id="157">
<s id="s157.1">
 <w id="w157.1.1">Azomyr</w>
</s></head>

<head id="158">
<s id="s158.1">
 <w id="w158.1.1">0,</w>
 <w id="w158.1.2">5</w> 
 <w id="w158.1.3">mg/</w>
 <w id="w158.1.4">ml</w>
</s></head>

<head id="159">
<s id="s159.1">
 <w id="w159.1.1">Sirup</w>
</s></head>

<head id="160">
<s id="s160.1">
 <w id="w160.1.1">Peroralna</w> 
 <w id="w160.1.2">uporaba</w>
</s></head>

<p id="161">
<s id="s161.1">
 <w id="w161.1.1">sleklenička</w> 
 <w id="w161.1.2">(</w>
 <w id="w161.1.3">steklo</w>
</s></p>

<head id="162">
<s id="s162.1">
 <w id="w162.1.1">300</w> 
 <w id="w162.1.2">ml</w>
</s></head>

<head id="163">
<s id="s163.1">
 <w id="w163.1.1">1</w> 
 <w id="w163.1.2">steklenica</w> 
 <w id="w163.1.3">z</w> 
 <w id="w163.1.4">1</w> 
 <w id="w163.1.5">merilna</w> 
 <w id="w163.1.6">žličko</w>
</s></head>

<p id="164">
<s id="s164.1">
 <w id="w164.1.1">EU/</w>
 <w id="w164.1.2">1/</w>
 <w id="w164.1.3">00/</w>
 <w id="w164.1.4">157/</w>
 <w id="w164.1.5">022</w>   
 <w id="w164.1.6">EU/</w>
 <w id="w164.1.7">1/</w>
 <w id="w164.1.8">00/</w>
 <w id="w164.1.9">157/</w>
 <w id="w164.1.10">023</w>   
 <w id="w164.1.11">EU/</w>
 <w id="w164.1.12">1/</w>
 <w id="w164.1.13">00/</w>
 <w id="w164.1.14">157/</w>
 <w id="w164.1.15">024</w>   
 <w id="w164.1.16">EU/</w>
 <w id="w164.1.17">1/</w>
 <w id="w164.1.18">00/</w>
 <w id="w164.1.19">157/</w>
 <w id="w164.1.20">025</w>   
 <w id="w164.1.21">EU/</w>
 <w id="w164.1.22">1/</w>
 <w id="w164.1.23">00/</w>
 <w id="w164.1.24">157/</w>
 <w id="w164.1.25">026</w>   
 <w id="w164.1.26">EU/</w>
 <w id="w164.1.27">1/</w>
 <w id="w164.1.28">00/</w>
 <w id="w164.1.29">157/</w>
 <w id="w164.1.30">027</w>   
 <w id="w164.1.31">EU/</w>
 <w id="w164.1.32">1/</w>
 <w id="w164.1.33">00/</w>
 <w id="w164.1.34">157/</w>
 <w id="w164.1.35">028</w>   
 <w id="w164.1.36">EU/</w>
 <w id="w164.1.37">1/</w>
 <w id="w164.1.38">00/</w>
 <w id="w164.1.39">157/</w>
 <w id="w164.1.40">029</w>   
 <w id="w164.1.41">EU/</w>
 <w id="w164.1.42">1/</w>
 <w id="w164.1.43">00/</w>
 <w id="w164.1.44">157/</w>
 <w id="w164.1.45">030</w>   
 <w id="w164.1.46">EU/</w>
 <w id="w164.1.47">1/</w>
 <w id="w164.1.48">00/</w>
 <w id="w164.1.49">157/</w>
 <w id="w164.1.50">031</w>   
 <w id="w164.1.51">EU/</w>
 <w id="w164.1.52">1/</w>
 <w id="w164.1.53">00/</w>
 <w id="w164.1.54">157/</w>
 <w id="w164.1.55">032</w>   
 <w id="w164.1.56">EU/</w>
 <w id="w164.1.57">1/</w>
 <w id="w164.1.58">00/</w>
 <w id="w164.1.59">157/</w>
 <w id="w164.1.60">033</w>   
 <w id="w164.1.61">EU/</w>
 <w id="w164.1.62">1/</w>
 <w id="w164.1.63">00/</w>
 <w id="w164.1.64">157/</w>
 <w id="w164.1.65">034</w>   
 <w id="w164.1.66">EU/</w>
 <w id="w164.1.67">1/</w>
 <w id="w164.1.68">00/</w>
 <w id="w164.1.69">157/</w>
 <w id="w164.1.70">035</w>
</s></p>

<p id="165">
<s id="s165.1">
 <w id="w165.1.1">Azomyr</w>   
 <w id="w165.1.2">Azomyr</w>   
 <w id="w165.1.3">Azomyr</w>   
 <w id="w165.1.4">Azomyr</w>   
 <w id="w165.1.5">Azomyr</w>   
 <w id="w165.1.6">Azomyr</w>   
 <w id="w165.1.7">Azomyr</w>   
 <w id="w165.1.8">Azomyr</w>   
 <w id="w165.1.9">Azomyr</w>   
 <w id="w165.1.10">Azomyr</w>   
 <w id="w165.1.11">Azomyr</w>   
 <w id="w165.1.12">Azomyr</w>   
 <w id="w165.1.13">Azomyr</w>   
 <w id="w165.1.14">Azomyr</w>
</s></p>

<p id="166">
<s id="s166.1">
 <w id="w166.1.1">5</w> 
 <w id="w166.1.2">mg</w>        
 <w id="w166.1.3">5</w> 
 <w id="w166.1.4">mg</w>        
 <w id="w166.1.5">5</w> 
 <w id="w166.1.6">mg</w>        
 <w id="w166.1.7">5</w> 
 <w id="w166.1.8">mg</w>        
 <w id="w166.1.9">5</w> 
 <w id="w166.1.10">mg</w>        
 <w id="w166.1.11">5</w> 
 <w id="w166.1.12">mg</w>        
 <w id="w166.1.13">5</w> 
 <w id="w166.1.14">mg</w>        
 <w id="w166.1.15">5</w> 
 <w id="w166.1.16">mg</w>        
 <w id="w166.1.17">5</w> 
 <w id="w166.1.18">mg</w>        
 <w id="w166.1.19">5</w> 
 <w id="w166.1.20">mg</w>        
 <w id="w166.1.21">5</w> 
 <w id="w166.1.22">mg</w>        
 <w id="w166.1.23">5</w> 
 <w id="w166.1.24">mg</w>        
 <w id="w166.1.25">5</w> 
 <w id="w166.1.26">mg</w>        
 <w id="w166.1.27">2,</w>
 <w id="w166.1.28">5</w> 
 <w id="w166.1.29">mg</w>
</s></p>

<p id="167">
<s id="s167.1">
 <w id="w167.1.1">Peroralni</w> 
 <w id="w167.1.2">liofilizat</w>   
 <w id="w167.1.3">Peroralni</w> 
 <w id="w167.1.4">liofilizat</w>   
 <w id="w167.1.5">Peroralni</w> 
 <w id="w167.1.6">liofilizat</w>   
 <w id="w167.1.7">Peroralni</w> 
 <w id="w167.1.8">liofilizat</w>   
 <w id="w167.1.9">Peroralni</w> 
 <w id="w167.1.10">liofilizat</w>   
 <w id="w167.1.11">Peroralni</w> 
 <w id="w167.1.12">liofilizat</w>   
 <w id="w167.1.13">Peroralni</w> 
 <w id="w167.1.14">liofilizat</w>   
 <w id="w167.1.15">Peroralni</w> 
 <w id="w167.1.16">liofilizat</w>   
 <w id="w167.1.17">Peroralni</w> 
 <w id="w167.1.18">liofilizat</w>   
 <w id="w167.1.19">Peroralni</w> 
 <w id="w167.1.20">liofilizat</w>   
 <w id="w167.1.21">Peroralni</w> 
 <w id="w167.1.22">liofilizat</w>   
 <w id="w167.1.23">Peroralni</w> 
 <w id="w167.1.24">liofilizat</w>   
 <w id="w167.1.25">Peroralni</w> 
 <w id="w167.1.26">liofilizat</w>   
 <w id="w167.1.27">Orodisperzibilna</w>       
 <w id="w167.1.28">tableta</w>
</s></p>

<p id="168">
<s id="s168.1">
 <w id="w168.1.1">Peroralna</w> 
 <w id="w168.1.2">uporaba</w>   
 <w id="w168.1.3">Peroralna</w> 
 <w id="w168.1.4">uporaba</w>   
 <w id="w168.1.5">Peroralna</w> 
 <w id="w168.1.6">uporaba</w>   
 <w id="w168.1.7">Peroralna</w> 
 <w id="w168.1.8">uporaba</w>   
 <w id="w168.1.9">Peroralna</w> 
 <w id="w168.1.10">uporaba</w>   
 <w id="w168.1.11">Peroralna</w> 
 <w id="w168.1.12">uporaba</w>   
 <w id="w168.1.13">Peroralna</w> 
 <w id="w168.1.14">uporaba</w>   
 <w id="w168.1.15">Peroralna</w> 
 <w id="w168.1.16">uporaba</w>   
 <w id="w168.1.17">Peroralna</w> 
 <w id="w168.1.18">uporaba</w>   
 <w id="w168.1.19">Peroralna</w> 
 <w id="w168.1.20">uporaba</w>   
 <w id="w168.1.21">Peroralna</w> 
 <w id="w168.1.22">uporaba</w>   
 <w id="w168.1.23">Peroralna</w> 
 <w id="w168.1.24">uporaba</w>   
 <w id="w168.1.25">Peroralna</w> 
 <w id="w168.1.26">uporaba</w>   
 <w id="w168.1.27">Peroralna</w> 
 <w id="w168.1.28">uporaba</w>
</s></p>

<p id="169">
<s id="s169.1">
 <w id="w169.1.1">pretisni</w> 
 <w id="w169.1.2">omot</w> 
 <w id="w169.1.3">(</w>
 <w id="w169.1.4">PVC/</w>
 <w id="w169.1.5">Alu</w>
 <w id="w169.1.6">)</w>   
 <w id="w169.1.7">pretisni</w> 
 <w id="w169.1.8">omot</w> 
 <w id="w169.1.9">(</w>
 <w id="w169.1.10">PVC/</w>
 <w id="w169.1.11">Alu</w>
 <w id="w169.1.12">)</w>   
 <w id="w169.1.13">pretisni</w> 
 <w id="w169.1.14">omot</w> 
 <w id="w169.1.15">(</w>
 <w id="w169.1.16">PVC/</w>
 <w id="w169.1.17">Alu</w>
 <w id="w169.1.18">)</w>   
 <w id="w169.1.19">pretisni</w> 
 <w id="w169.1.20">omot</w> 
 <w id="w169.1.21">(</w>
 <w id="w169.1.22">PVC/</w>
 <w id="w169.1.23">Alu</w>
 <w id="w169.1.24">)</w>   
 <w id="w169.1.25">pretisni</w> 
 <w id="w169.1.26">omot</w> 
 <w id="w169.1.27">(</w>
 <w id="w169.1.28">PVC/</w>
 <w id="w169.1.29">Alu</w>
 <w id="w169.1.30">)</w>   
 <w id="w169.1.31">pretisni</w> 
 <w id="w169.1.32">omot</w> 
 <w id="w169.1.33">(</w>
 <w id="w169.1.34">PVC/</w>
 <w id="w169.1.35">Alu</w>
 <w id="w169.1.36">)</w>   
 <w id="w169.1.37">pretisni</w> 
 <w id="w169.1.38">omot</w> 
 <w id="w169.1.39">(</w>
 <w id="w169.1.40">PVC/</w>
 <w id="w169.1.41">Alu</w>
 <w id="w169.1.42">)</w>   
 <w id="w169.1.43">pretisni</w> 
 <w id="w169.1.44">omot</w> 
 <w id="w169.1.45">(</w>
 <w id="w169.1.46">PVC/</w>
 <w id="w169.1.47">Alu</w>
 <w id="w169.1.48">)</w>   
 <w id="w169.1.49">pretisni</w> 
 <w id="w169.1.50">omot</w> 
 <w id="w169.1.51">(</w>
 <w id="w169.1.52">PVC/</w>
 <w id="w169.1.53">Alu</w>
 <w id="w169.1.54">)</w>   
 <w id="w169.1.55">pretisni</w> 
 <w id="w169.1.56">omot</w> 
 <w id="w169.1.57">(</w>
 <w id="w169.1.58">PVC/</w>
 <w id="w169.1.59">Alu</w>
 <w id="w169.1.60">)</w>   
 <w id="w169.1.61">pretisni</w> 
 <w id="w169.1.62">omot</w> 
 <w id="w169.1.63">(</w>
 <w id="w169.1.64">PVC/</w>
 <w id="w169.1.65">Alu</w>
 <w id="w169.1.66">)</w>   
 <w id="w169.1.67">pretisni</w> 
 <w id="w169.1.68">omot</w> 
 <w id="w169.1.69">(</w>
 <w id="w169.1.70">PVC/</w>
 <w id="w169.1.71">Alu</w>
 <w id="w169.1.72">)</w>   
 <w id="w169.1.73">pretisni</w> 
 <w id="w169.1.74">omot</w> 
 <w id="w169.1.75">(</w>
 <w id="w169.1.76">PVC/</w>
 <w id="w169.1.77">Alu</w>
 <w id="w169.1.78">)</w>   
 <w id="w169.1.79">pretisni</w> 
 <w id="w169.1.80">omot</w>             
 <w id="w169.1.81">(</w>
 <w id="w169.1.82">PVC/</w>
 <w id="w169.1.83">OPA/</w>
 <w id="w169.1.84">alu</w>
 <w id="w169.1.85">)</w>
</s></p>

<p id="170">
<s id="s170.1">
 <w id="w170.1.1">1</w> 
 <w id="w170.1.2">2</w> 
 <w id="w170.1.3">3</w> 
 <w id="w170.1.4">5</w> 
 <w id="w170.1.5">7</w> 
 <w id="w170.1.6">10</w> 
 <w id="w170.1.7">14</w> 
 <w id="w170.1.8">15</w> 
 <w id="w170.1.9">20</w> 
 <w id="w170.1.10">21</w> 
 <w id="w170.1.11">30</w> 
 <w id="w170.1.12">50</w> 
 <w id="w170.1.13">100</w> 
 <w id="w170.1.14">5</w> 
 <w id="w170.1.15">tablet</w>
</s></p>

<head id="171">
<s id="s171.1">
 <w id="w171.1.1">EU/</w>
 <w id="w171.1.2">1/</w>
 <w id="w171.1.3">00/</w>
 <w id="w171.1.4">157/</w>
 <w id="w171.1.5">036</w>
</s></head>

<head id="172">
<s id="s172.1">
 <w id="w172.1.1">Azomyr</w>
</s></head>

<head id="173">
<s id="s173.1">
 <w id="w173.1.1">2,</w>
 <w id="w173.1.2">5</w> 
 <w id="w173.1.3">mg</w>
</s></head>

<head id="174">
<s id="s174.1">
 <w id="w174.1.1">Orodisperzibilna</w>       
 <w id="w174.1.2">tableta</w>
</s></head>

<head id="175">
<s id="s175.1">
 <w id="w175.1.1">Peroralna</w> 
 <w id="w175.1.2">uporaba</w>
</s></head>

<p id="176">
<s id="s176.1">
 <w id="w176.1.1">pretisni</w> 
 <w id="w176.1.2">omot</w>             
 <w id="w176.1.3">(</w>
 <w id="w176.1.4">PVC/</w>
 <w id="w176.1.5">OPA/</w>
 <w id="w176.1.6">alu</w>
 <w id="w176.1.7">)</w>
</s></p>

<head id="177">
<s id="s177.1">
 <w id="w177.1.1">6</w> 
 <w id="w177.1.2">tablets</w>
</s></head>

<head id="178">
<s id="s178.1">
 <w id="w178.1.1">EU/</w>
 <w id="w178.1.2">1/</w>
 <w id="w178.1.3">00/</w>
 <w id="w178.1.4">157/</w>
 <w id="w178.1.5">037</w>
</s></head>

<head id="179">
<s id="s179.1">
 <w id="w179.1.1">Azomyr</w>
</s></head>

<head id="180">
<s id="s180.1">
 <w id="w180.1.1">2,</w>
 <w id="w180.1.2">5</w> 
 <w id="w180.1.3">mg</w>
</s></head>

<head id="181">
<s id="s181.1">
 <w id="w181.1.1">Orodisperzibilna</w>       
 <w id="w181.1.2">tableta</w>
</s></head>

<head id="182">
<s id="s182.1">
 <w id="w182.1.1">Peroralna</w> 
 <w id="w182.1.2">uporaba</w>
</s></head>

<p id="183">
<s id="s183.1">
 <w id="w183.1.1">pretisni</w> 
 <w id="w183.1.2">omot</w>             
 <w id="w183.1.3">(</w>
 <w id="w183.1.4">PVC/</w>
 <w id="w183.1.5">OPA/</w>
 <w id="w183.1.6">alu</w>
 <w id="w183.1.7">)</w>
</s></p>

<head id="184">
<s id="s184.1">
 <w id="w184.1.1">10</w> 
 <w id="w184.1.2">tablet</w>
</s></head>

<head id="185">
<s id="s185.1">
 <w id="w185.1.1">EU/</w>
 <w id="w185.1.2">1/</w>
 <w id="w185.1.3">00/</w>
 <w id="w185.1.4">157/</w>
 <w id="w185.1.5">038</w>
</s></head>

<head id="186">
<s id="s186.1">
 <w id="w186.1.1">Azomyr</w>
</s></head>

<head id="187">
<s id="s187.1">
 <w id="w187.1.1">2,</w>
 <w id="w187.1.2">5</w> 
 <w id="w187.1.3">mg</w>
</s></head>

<head id="188">
<s id="s188.1">
 <w id="w188.1.1">Orodisperzibilna</w>       
 <w id="w188.1.2">tableta</w>
</s></head>

<head id="189">
<s id="s189.1">
 <w id="w189.1.1">Peroralna</w> 
 <w id="w189.1.2">uporaba</w>
</s></head>

<p id="190">
<s id="s190.1">
 <w id="w190.1.1">pretisni</w> 
 <w id="w190.1.2">omot</w>             
 <w id="w190.1.3">(</w>
 <w id="w190.1.4">PVC/</w>
 <w id="w190.1.5">OPA/</w>
 <w id="w190.1.6">alu</w>
 <w id="w190.1.7">)</w>
</s></p>

<head id="191">
<s id="s191.1">
 <w id="w191.1.1">12</w> 
 <w id="w191.1.2">tablet</w>
</s></head>

<head id="192">
<s id="s192.1">
 <w id="w192.1.1">EU/</w>
 <w id="w192.1.2">1/</w>
 <w id="w192.1.3">00/</w>
 <w id="w192.1.4">157/</w>
 <w id="w192.1.5">039</w>
</s></head>

<head id="193">
<s id="s193.1">
 <w id="w193.1.1">Azomyr</w>
</s></head>

<head id="194">
<s id="s194.1">
 <w id="w194.1.1">2,</w>
 <w id="w194.1.2">5</w> 
 <w id="w194.1.3">mg</w>
</s></head>

<head id="195">
<s id="s195.1">
 <w id="w195.1.1">Orodisperzibilna</w>       
 <w id="w195.1.2">tableta</w>
</s></head>

<head id="196">
<s id="s196.1">
 <w id="w196.1.1">Peroralna</w> 
 <w id="w196.1.2">uporaba</w>
</s></head>

<p id="197">
<s id="s197.1">
 <w id="w197.1.1">pretisni</w> 
 <w id="w197.1.2">omot</w>             
 <w id="w197.1.3">(</w>
 <w id="w197.1.4">PVC/</w>
 <w id="w197.1.5">OPA/</w>
 <w id="w197.1.6">alu</w>
 <w id="w197.1.7">)</w>
</s></p>

<head id="198">
<s id="s198.1">
 <w id="w198.1.1">15</w> 
 <w id="w198.1.2">tablet</w>
</s></head>

<p id="199">
<s id="s199.1">
 <w id="w199.1.1">2/</w>
 <w id="w199.1.2">4</w> 
 <w id="w199.1.3">EU/</w>
 <w id="w199.1.4">1/</w>
 <w id="w199.1.5">00/</w>
 <w id="w199.1.6">157/</w>
 <w id="w199.1.7">040</w>
</s></p>

<head id="200">
<s id="s200.1">
 <w id="w200.1.1">Azomyr</w>
</s></head>

<head id="201">
<s id="s201.1">
 <w id="w201.1.1">2,</w>
 <w id="w201.1.2">5</w> 
 <w id="w201.1.3">mg</w>
</s></head>

<head id="202">
<s id="s202.1">
 <w id="w202.1.1">Orodisperzibilna</w>   
 <w id="w202.1.2">tableta</w>
</s></head>

<head id="203">
<s id="s203.1">
 <w id="w203.1.1">Peroralna</w> 
 <w id="w203.1.2">uporaba</w>
</s></head>

<p id="204">
<s id="s204.1">
 <w id="w204.1.1">pretisni</w> 
 <w id="w204.1.2">omot</w>   
 <w id="w204.1.3">(</w>
 <w id="w204.1.4">PVC/</w>
 <w id="w204.1.5">OPA/</w>
 <w id="w204.1.6">alu</w>
 <w id="w204.1.7">)</w>
</s></p>

<head id="205">
<s id="s205.1">
 <w id="w205.1.1">18</w> 
 <w id="w205.1.2">tablet</w>
</s></head>

<head id="206">
<s id="s206.1">
 <w id="w206.1.1">EU/</w>
 <w id="w206.1.2">1/</w>
 <w id="w206.1.3">00/</w>
 <w id="w206.1.4">157/</w>
 <w id="w206.1.5">041</w>
</s></head>

<head id="207">
<s id="s207.1">
 <w id="w207.1.1">Azomyr</w>
</s></head>

<head id="208">
<s id="s208.1">
 <w id="w208.1.1">2,</w>
 <w id="w208.1.2">5</w> 
 <w id="w208.1.3">mg</w>
</s></head>

<head id="209">
<s id="s209.1">
 <w id="w209.1.1">Orodisperzibilna</w>   
 <w id="w209.1.2">tableta</w>
</s></head>

<head id="210">
<s id="s210.1">
 <w id="w210.1.1">Peroralna</w> 
 <w id="w210.1.2">uporaba</w>
</s></head>

<p id="211">
<s id="s211.1">
 <w id="w211.1.1">pretisni</w> 
 <w id="w211.1.2">omot</w>   
 <w id="w211.1.3">(</w>
 <w id="w211.1.4">PVC/</w>
 <w id="w211.1.5">OPA/</w>
 <w id="w211.1.6">alu</w>
 <w id="w211.1.7">)</w>
</s></p>

<head id="212">
<s id="s212.1">
 <w id="w212.1.1">20</w> 
 <w id="w212.1.2">tablet</w>
</s></head>

<head id="213">
<s id="s213.1">
 <w id="w213.1.1">EU/</w>
 <w id="w213.1.2">1/</w>
 <w id="w213.1.3">00/</w>
 <w id="w213.1.4">157/</w>
 <w id="w213.1.5">042</w>
</s></head>

<head id="214">
<s id="s214.1">
 <w id="w214.1.1">Azomyr</w>
</s></head>

<head id="215">
<s id="s215.1">
 <w id="w215.1.1">2,</w>
 <w id="w215.1.2">5</w> 
 <w id="w215.1.3">mg</w>
</s></head>

<head id="216">
<s id="s216.1">
 <w id="w216.1.1">Orodisperzibilna</w>   
 <w id="w216.1.2">tableta</w>
</s></head>

<head id="217">
<s id="s217.1">
 <w id="w217.1.1">Peroralna</w> 
 <w id="w217.1.2">uporaba</w>
</s></head>

<p id="218">
<s id="s218.1">
 <w id="w218.1.1">pretisni</w> 
 <w id="w218.1.2">omot</w>   
 <w id="w218.1.3">(</w>
 <w id="w218.1.4">PVC/</w>
 <w id="w218.1.5">OPA/</w>
 <w id="w218.1.6">alu</w>
 <w id="w218.1.7">)</w>
</s></p>

<head id="219">
<s id="s219.1">
 <w id="w219.1.1">30</w> 
 <w id="w219.1.2">tablet</w>
</s></head>

<head id="220">
<s id="s220.1">
 <w id="w220.1.1">EU/</w>
 <w id="w220.1.2">1/</w>
 <w id="w220.1.3">00/</w>
 <w id="w220.1.4">157/</w>
 <w id="w220.1.5">043</w>
</s></head>

<head id="221">
<s id="s221.1">
 <w id="w221.1.1">Azomyr</w>
</s></head>

<head id="222">
<s id="s222.1">
 <w id="w222.1.1">2,</w>
 <w id="w222.1.2">5</w> 
 <w id="w222.1.3">mg</w>
</s></head>

<head id="223">
<s id="s223.1">
 <w id="w223.1.1">Orodisperzibilna</w>   
 <w id="w223.1.2">tableta</w>
</s></head>

<head id="224">
<s id="s224.1">
 <w id="w224.1.1">Peroralna</w> 
 <w id="w224.1.2">uporaba</w>
</s></head>

<p id="225">
<s id="s225.1">
 <w id="w225.1.1">pretisni</w> 
 <w id="w225.1.2">omot</w>   
 <w id="w225.1.3">(</w>
 <w id="w225.1.4">PVC/</w>
 <w id="w225.1.5">OPA/</w>
 <w id="w225.1.6">alu</w>
 <w id="w225.1.7">)</w>
</s></p>

<head id="226">
<s id="s226.1">
 <w id="w226.1.1">50</w> 
 <w id="w226.1.2">tablet</w>
</s></head>

<head id="227">
<s id="s227.1">
 <w id="w227.1.1">EU/</w>
 <w id="w227.1.2">1/</w>
 <w id="w227.1.3">00/</w>
 <w id="w227.1.4">157/</w>
 <w id="w227.1.5">044</w>
</s></head>

<head id="228">
<s id="s228.1">
 <w id="w228.1.1">Azomyr</w>
</s></head>

<head id="229">
<s id="s229.1">
 <w id="w229.1.1">2,</w>
 <w id="w229.1.2">5</w> 
 <w id="w229.1.3">mg</w>
</s></head>

<head id="230">
<s id="s230.1">
 <w id="w230.1.1">Orodisperzibilna</w>   
 <w id="w230.1.2">tableta</w>
</s></head>

<head id="231">
<s id="s231.1">
 <w id="w231.1.1">Peroralna</w> 
 <w id="w231.1.2">uporaba</w>
</s></head>

<p id="232">
<s id="s232.1">
 <w id="w232.1.1">pretisni</w> 
 <w id="w232.1.2">omot</w>   
 <w id="w232.1.3">(</w>
 <w id="w232.1.4">PVC/</w>
 <w id="w232.1.5">OPA/</w>
 <w id="w232.1.6">alu</w>
 <w id="w232.1.7">)</w>
</s></p>

<head id="233">
<s id="s233.1">
 <w id="w233.1.1">60</w> 
 <w id="w233.1.2">tablet</w>
</s></head>

<head id="234">
<s id="s234.1">
 <w id="w234.1.1">EU/</w>
 <w id="w234.1.2">1/</w>
 <w id="w234.1.3">00/</w>
 <w id="w234.1.4">157/</w>
 <w id="w234.1.5">045</w>
</s></head>

<head id="235">
<s id="s235.1">
 <w id="w235.1.1">Azomyr</w>
</s></head>

<head id="236">
<s id="s236.1">
 <w id="w236.1.1">2,</w>
 <w id="w236.1.2">5</w> 
 <w id="w236.1.3">mg</w>
</s></head>

<head id="237">
<s id="s237.1">
 <w id="w237.1.1">Orodisperzibilna</w>   
 <w id="w237.1.2">tableta</w>
</s></head>

<head id="238">
<s id="s238.1">
 <w id="w238.1.1">Peroralna</w> 
 <w id="w238.1.2">uporaba</w>
</s></head>

<p id="239">
<s id="s239.1">
 <w id="w239.1.1">pretisni</w> 
 <w id="w239.1.2">omot</w>   
 <w id="w239.1.3">(</w>
 <w id="w239.1.4">PVC/</w>
 <w id="w239.1.5">OPA/</w>
 <w id="w239.1.6">alu</w>
 <w id="w239.1.7">)</w>
</s></p>

<head id="240">
<s id="s240.1">
 <w id="w240.1.1">90</w> 
 <w id="w240.1.2">tablet</w>
</s></head>

<head id="241">
<s id="s241.1">
 <w id="w241.1.1">EU/</w>
 <w id="w241.1.2">1/</w>
 <w id="w241.1.3">00/</w>
 <w id="w241.1.4">157/</w>
 <w id="w241.1.5">046</w>
</s></head>

<head id="242">
<s id="s242.1">
 <w id="w242.1.1">Azomyr</w>
</s></head>

<head id="243">
<s id="s243.1">
 <w id="w243.1.1">2,</w>
 <w id="w243.1.2">5</w> 
 <w id="w243.1.3">mg</w>
</s></head>

<head id="244">
<s id="s244.1">
 <w id="w244.1.1">Orodisperzibilna</w>   
 <w id="w244.1.2">tableta</w>
</s></head>

<head id="245">
<s id="s245.1">
 <w id="w245.1.1">Peroralna</w> 
 <w id="w245.1.2">uporaba</w>
</s></head>

<p id="246">
<s id="s246.1">
 <w id="w246.1.1">pretisni</w> 
 <w id="w246.1.2">omot</w>   
 <w id="w246.1.3">(</w>
 <w id="w246.1.4">PVC/</w>
 <w id="w246.1.5">OPA/</w>
 <w id="w246.1.6">alu</w>
 <w id="w246.1.7">)</w>
</s></p>

<head id="247">
<s id="s247.1">
 <w id="w247.1.1">100</w> 
 <w id="w247.1.2">tablet</w>
</s></head>

<head id="248">
<s id="s248.1">
 <w id="w248.1.1">EU/</w>
 <w id="w248.1.2">1/</w>
 <w id="w248.1.3">00/</w>
 <w id="w248.1.4">157/</w>
 <w id="w248.1.5">047</w>
</s></head>

<head id="249">
<s id="s249.1">
 <w id="w249.1.1">Azomyr</w>
</s></head>

<head id="250">
<s id="s250.1">
 <w id="w250.1.1">5</w> 
 <w id="w250.1.2">mg</w>
</s></head>

<head id="251">
<s id="s251.1">
 <w id="w251.1.1">Orodisperzibilna</w>   
 <w id="w251.1.2">tableta</w>
</s></head>

<head id="252">
<s id="s252.1">
 <w id="w252.1.1">Peroralna</w> 
 <w id="w252.1.2">uporaba</w>
</s></head>

<p id="253">
<s id="s253.1">
 <w id="w253.1.1">pretisni</w> 
 <w id="w253.1.2">omot</w>   
 <w id="w253.1.3">(</w>
 <w id="w253.1.4">PVC/</w>
 <w id="w253.1.5">OPA/</w>
 <w id="w253.1.6">alu</w>
 <w id="w253.1.7">)</w>
</s></p>

<head id="254">
<s id="s254.1">
 <w id="w254.1.1">5</w> 
 <w id="w254.1.2">tablet</w>
</s></head>

<head id="255">
<s id="s255.1">
 <w id="w255.1.1">EU/</w>
 <w id="w255.1.2">1/</w>
 <w id="w255.1.3">00/</w>
 <w id="w255.1.4">157/</w>
 <w id="w255.1.5">048</w>
</s></head>

<head id="256">
<s id="s256.1">
 <w id="w256.1.1">Azomyr</w>
</s></head>

<head id="257">
<s id="s257.1">
 <w id="w257.1.1">5</w> 
 <w id="w257.1.2">mg</w>
</s></head>

<head id="258">
<s id="s258.1">
 <w id="w258.1.1">Orodisperzibilna</w>   
 <w id="w258.1.2">tableta</w>
</s></head>

<head id="259">
<s id="s259.1">
 <w id="w259.1.1">Peroralna</w> 
 <w id="w259.1.2">uporaba</w>
</s></head>

<p id="260">
<s id="s260.1">
 <w id="w260.1.1">pretisni</w> 
 <w id="w260.1.2">omot</w>   
 <w id="w260.1.3">(</w>
 <w id="w260.1.4">PVC/</w>
 <w id="w260.1.5">OPA/</w>
 <w id="w260.1.6">alu</w>
 <w id="w260.1.7">)</w>
</s></p>

<head id="261">
<s id="s261.1">
 <w id="w261.1.1">6</w> 
 <w id="w261.1.2">tablet</w>
</s></head>

<head id="262">
<s id="s262.1">
 <w id="w262.1.1">EU/</w>
 <w id="w262.1.2">1/</w>
 <w id="w262.1.3">00/</w>
 <w id="w262.1.4">157/</w>
 <w id="w262.1.5">049</w>
</s></head>

<head id="263">
<s id="s263.1">
 <w id="w263.1.1">Azomyr</w>
</s></head>

<head id="264">
<s id="s264.1">
 <w id="w264.1.1">5</w> 
 <w id="w264.1.2">mg</w>
</s></head>

<head id="265">
<s id="s265.1">
 <w id="w265.1.1">Orodisperzibilna</w>   
 <w id="w265.1.2">tableta</w>
</s></head>

<head id="266">
<s id="s266.1">
 <w id="w266.1.1">Peroralna</w> 
 <w id="w266.1.2">uporaba</w>
</s></head>

<p id="267">
<s id="s267.1">
 <w id="w267.1.1">pretisni</w> 
 <w id="w267.1.2">omot</w>   
 <w id="w267.1.3">(</w>
 <w id="w267.1.4">PVC/</w>
 <w id="w267.1.5">OPA/</w>
 <w id="w267.1.6">alu</w>
 <w id="w267.1.7">)</w>
</s></p>

<head id="268">
<s id="s268.1">
 <w id="w268.1.1">10</w> 
 <w id="w268.1.2">tablet</w>
</s></head>

<head id="269">
<s id="s269.1">
 <w id="w269.1.1">EU/</w>
 <w id="w269.1.2">1/</w>
 <w id="w269.1.3">00/</w>
 <w id="w269.1.4">157/</w>
 <w id="w269.1.5">050</w>
</s></head>

<head id="270">
<s id="s270.1">
 <w id="w270.1.1">Azomyr</w>
</s></head>

<head id="271">
<s id="s271.1">
 <w id="w271.1.1">5</w> 
 <w id="w271.1.2">mg</w>
</s></head>

<head id="272">
<s id="s272.1">
 <w id="w272.1.1">Orodisperzibilna</w>   
 <w id="w272.1.2">tableta</w>
</s></head>

<head id="273">
<s id="s273.1">
 <w id="w273.1.1">Peroralna</w> 
 <w id="w273.1.2">uporaba</w>
</s></head>

<p id="274">
<s id="s274.1">
 <w id="w274.1.1">pretisni</w> 
 <w id="w274.1.2">omot</w>   
 <w id="w274.1.3">(</w>
 <w id="w274.1.4">PVC/</w>
 <w id="w274.1.5">OPA/</w>
 <w id="w274.1.6">alu</w>
 <w id="w274.1.7">)</w>
</s></p>

<head id="275">
<s id="s275.1">
 <w id="w275.1.1">12</w> 
 <w id="w275.1.2">tablet</w>
</s></head>

<head id="276">
<s id="s276.1">
 <w id="w276.1.1">EU/</w>
 <w id="w276.1.2">1/</w>
 <w id="w276.1.3">00/</w>
 <w id="w276.1.4">157/</w>
 <w id="w276.1.5">051</w>
</s></head>

<head id="277">
<s id="s277.1">
 <w id="w277.1.1">Azomyr</w>
</s></head>

<head id="278">
<s id="s278.1">
 <w id="w278.1.1">5</w> 
 <w id="w278.1.2">mg</w>
</s></head>

<head id="279">
<s id="s279.1">
 <w id="w279.1.1">Orodisperzibilna</w>   
 <w id="w279.1.2">tableta</w>
</s></head>

<head id="280">
<s id="s280.1">
 <w id="w280.1.1">Peroralna</w> 
 <w id="w280.1.2">uporaba</w>
</s></head>

<p id="281">
<s id="s281.1">
 <w id="w281.1.1">pretisni</w> 
 <w id="w281.1.2">omot</w>   
 <w id="w281.1.3">(</w>
 <w id="w281.1.4">PVC/</w>
 <w id="w281.1.5">OPA/</w>
 <w id="w281.1.6">alu</w>
 <w id="w281.1.7">)</w>
</s></p>

<head id="282">
<s id="s282.1">
 <w id="w282.1.1">15</w> 
 <w id="w282.1.2">tablet</w>
</s></head>

<head id="283">
<s id="s283.1">
 <w id="w283.1.1">EU/</w>
 <w id="w283.1.2">1/</w>
 <w id="w283.1.3">00/</w>
 <w id="w283.1.4">157/</w>
 <w id="w283.1.5">052</w>
</s></head>

<head id="284">
<s id="s284.1">
 <w id="w284.1.1">Azomyr</w>
</s></head>

<head id="285">
<s id="s285.1">
 <w id="w285.1.1">5</w> 
 <w id="w285.1.2">mg</w>
</s></head>

<head id="286">
<s id="s286.1">
 <w id="w286.1.1">Orodisperzibilna</w>   
 <w id="w286.1.2">tableta</w>
</s></head>

<head id="287">
<s id="s287.1">
 <w id="w287.1.1">Peroralna</w> 
 <w id="w287.1.2">uporaba</w>
</s></head>

<p id="288">
<s id="s288.1">
 <w id="w288.1.1">pretisni</w> 
 <w id="w288.1.2">omot</w>   
 <w id="w288.1.3">(</w>
 <w id="w288.1.4">PVC/</w>
 <w id="w288.1.5">OPA/</w>
 <w id="w288.1.6">alu</w>
 <w id="w288.1.7">)</w>
</s></p>

<head id="289">
<s id="s289.1">
 <w id="w289.1.1">18</w> 
 <w id="w289.1.2">tablet</w>
</s></head>

<head id="290">
<s id="s290.1">
 <w id="w290.1.1">EU/</w>
 <w id="w290.1.2">1/</w>
 <w id="w290.1.3">00/</w>
 <w id="w290.1.4">157/</w>
 <w id="w290.1.5">053</w>
</s></head>

<head id="291">
<s id="s291.1">
 <w id="w291.1.1">Azomyr</w>
</s></head>

<head id="292">
<s id="s292.1">
 <w id="w292.1.1">5</w> 
 <w id="w292.1.2">mg</w>
</s></head>

<head id="293">
<s id="s293.1">
 <w id="w293.1.1">Orodisperzibilna</w>   
 <w id="w293.1.2">tableta</w>
</s></head>

<head id="294">
<s id="s294.1">
 <w id="w294.1.1">Peroralna</w> 
 <w id="w294.1.2">uporaba</w>
</s></head>

<p id="295">
<s id="s295.1">
 <w id="w295.1.1">pretisni</w> 
 <w id="w295.1.2">omot</w>   
 <w id="w295.1.3">(</w>
 <w id="w295.1.4">PVC/</w>
 <w id="w295.1.5">OPA/</w>
 <w id="w295.1.6">alu</w>
 <w id="w295.1.7">)</w>
</s></p>

<head id="296">
<s id="s296.1">
 <w id="w296.1.1">20</w> 
 <w id="w296.1.2">tablet</w>
</s></head>

<head id="297">
<s id="s297.1">
 <w id="w297.1.1">EU/</w>
 <w id="w297.1.2">1/</w>
 <w id="w297.1.3">00/</w>
 <w id="w297.1.4">157/</w>
 <w id="w297.1.5">054</w>
</s></head>

<head id="298">
<s id="s298.1">
 <w id="w298.1.1">Azomyr</w>
</s></head>

<head id="299">
<s id="s299.1">
 <w id="w299.1.1">5</w> 
 <w id="w299.1.2">mg</w>
</s></head>

<head id="300">
<s id="s300.1">
 <w id="w300.1.1">Orodisperzibilna</w>   
 <w id="w300.1.2">tableta</w>
</s></head>

<head id="301">
<s id="s301.1">
 <w id="w301.1.1">Peroralna</w> 
 <w id="w301.1.2">uporaba</w>
</s></head>

<p id="302">
<s id="s302.1">
 <w id="w302.1.1">pretisni</w> 
 <w id="w302.1.2">omot</w>   
 <w id="w302.1.3">(</w>
 <w id="w302.1.4">PVC/</w>
 <w id="w302.1.5">OPA/</w>
 <w id="w302.1.6">alu</w>
 <w id="w302.1.7">)</w>
</s></p>

<head id="303">
<s id="s303.1">
 <w id="w303.1.1">30</w> 
 <w id="w303.1.2">tablet</w>
</s></head>

<head id="304">
<s id="s304.1">
 <w id="w304.1.1">EU/</w>
 <w id="w304.1.2">1/</w>
 <w id="w304.1.3">00/</w>
 <w id="w304.1.4">157/</w>
 <w id="w304.1.5">055</w>
</s></head>

<head id="305">
<s id="s305.1">
 <w id="w305.1.1">Azomyr</w>
</s></head>

<head id="306">
<s id="s306.1">
 <w id="w306.1.1">5</w> 
 <w id="w306.1.2">mg</w>
</s></head>

<head id="307">
<s id="s307.1">
 <w id="w307.1.1">Orodisperzibilna</w>   
 <w id="w307.1.2">tableta</w>
</s></head>

<head id="308">
<s id="s308.1">
 <w id="w308.1.1">Peroralna</w> 
 <w id="w308.1.2">uporaba</w>
</s></head>

<p id="309">
<s id="s309.1">
 <w id="w309.1.1">pretisni</w> 
 <w id="w309.1.2">omot</w>   
 <w id="w309.1.3">(</w>
 <w id="w309.1.4">PVC/</w>
 <w id="w309.1.5">OPA/</w>
 <w id="w309.1.6">alu</w>
 <w id="w309.1.7">)</w>
</s></p>

<head id="310">
<s id="s310.1">
 <w id="w310.1.1">50</w> 
 <w id="w310.1.2">tablet</w>
</s></head>

<head id="311">
<s id="s311.1">
 <w id="w311.1.1">EU/</w>
 <w id="w311.1.2">1/</w>
 <w id="w311.1.3">00/</w>
 <w id="w311.1.4">157/</w>
 <w id="w311.1.5">056</w>
</s></head>

<head id="312">
<s id="s312.1">
 <w id="w312.1.1">Azomyr</w>
</s></head>

<head id="313">
<s id="s313.1">
 <w id="w313.1.1">5</w> 
 <w id="w313.1.2">mg</w>
</s></head>

<head id="314">
<s id="s314.1">
 <w id="w314.1.1">Orodisperzibilna</w>   
 <w id="w314.1.2">tableta</w>
</s></head>

<head id="315">
<s id="s315.1">
 <w id="w315.1.1">Peroralna</w> 
 <w id="w315.1.2">uporaba</w>
</s></head>

<p id="316">
<s id="s316.1">
 <w id="w316.1.1">pretisni</w> 
 <w id="w316.1.2">omot</w>   
 <w id="w316.1.3">(</w>
 <w id="w316.1.4">PVC/</w>
 <w id="w316.1.5">OPA/</w>
 <w id="w316.1.6">alu</w>
 <w id="w316.1.7">)</w>
</s></p>

<head id="317">
<s id="s317.1">
 <w id="w317.1.1">60</w> 
 <w id="w317.1.2">tablet</w>
</s></head>

<p id="318">
<s id="s318.1">
 <w id="w318.1.1">3/</w>
 <w id="w318.1.2">4</w> 
 <w id="w318.1.3">EU/</w>
 <w id="w318.1.4">1/</w>
 <w id="w318.1.5">00/</w>
 <w id="w318.1.6">157/</w>
 <w id="w318.1.7">057</w>
</s></p>

<head id="319">
<s id="s319.1">
 <w id="w319.1.1">Azomyr</w>
</s></head>

<head id="320">
<s id="s320.1">
 <w id="w320.1.1">5</w> 
 <w id="w320.1.2">mg</w>
</s></head>

<head id="321">
<s id="s321.1">
 <w id="w321.1.1">Orodisperzibilna</w>      
 <w id="w321.1.2">tableta</w>
</s></head>

<head id="322">
<s id="s322.1">
 <w id="w322.1.1">Peroralna</w> 
 <w id="w322.1.2">uporaba</w>
</s></head>

<p id="323">
<s id="s323.1">
 <w id="w323.1.1">pretisni</w> 
 <w id="w323.1.2">omot</w>                   
 <w id="w323.1.3">(</w>
 <w id="w323.1.4">PVC/</w>
 <w id="w323.1.5">OPA/</w>
 <w id="w323.1.6">alu</w>
 <w id="w323.1.7">)</w>
</s></p>

<head id="324">
<s id="s324.1">
 <w id="w324.1.1">90</w> 
 <w id="w324.1.2">tablet</w>
</s></head>

<head id="325">
<s id="s325.1">
 <w id="w325.1.1">EU/</w>
 <w id="w325.1.2">1/</w>
 <w id="w325.1.3">00/</w>
 <w id="w325.1.4">157/</w>
 <w id="w325.1.5">058</w>
</s></head>

<head id="326">
<s id="s326.1">
 <w id="w326.1.1">Azomyr</w>
</s></head>

<head id="327">
<s id="s327.1">
 <w id="w327.1.1">5</w> 
 <w id="w327.1.2">mg</w>
</s></head>

<head id="328">
<s id="s328.1">
 <w id="w328.1.1">Orodisperzibilna</w>      
 <w id="w328.1.2">tableta</w>
</s></head>

<head id="329">
<s id="s329.1">
 <w id="w329.1.1">Peroralna</w> 
 <w id="w329.1.2">uporaba</w>
</s></head>

<p id="330">
<s id="s330.1">
 <w id="w330.1.1">pretisni</w> 
 <w id="w330.1.2">omot</w>                   
 <w id="w330.1.3">(</w>
 <w id="w330.1.4">PVC/</w>
 <w id="w330.1.5">OPA/</w>
 <w id="w330.1.6">alu</w>
 <w id="w330.1.7">)</w>
</s></p>

<head id="331">
<s id="s331.1">
 <w id="w331.1.1">100</w> 
 <w id="w331.1.2">tablet</w>
</s></head>

<head id="332">
<s id="s332.1">
 <w id="w332.1.1">EU/</w>
 <w id="w332.1.2">1/</w>
 <w id="w332.1.3">00/</w>
 <w id="w332.1.4">157/</w>
 <w id="w332.1.5">059</w>
</s></head>

<head id="333">
<s id="s333.1">
 <w id="w333.1.1">Azomyr</w>
</s></head>

<head id="334">
<s id="s334.1">
 <w id="w334.1.1">0,</w>
 <w id="w334.1.2">5</w> 
 <w id="w334.1.3">mg/</w>
 <w id="w334.1.4">ml</w>
</s></head>

<head id="335">
<s id="s335.1">
 <w id="w335.1.1">Peroralna</w> 
 <w id="w335.1.2">raztopina</w>
</s></head>

<head id="336">
<s id="s336.1">
 <w id="w336.1.1">Peroralna</w> 
 <w id="w336.1.2">uporaba</w>
</s></head>

<p id="337">
<s id="s337.1">
 <w id="w337.1.1">steklenička</w> 
 <w id="w337.1.2">(</w>
 <w id="w337.1.3">steklo</w>
 <w id="w337.1.4">)</w> 
 <w id="w337.1.5">+</w> 
 <w id="w337.1.6">žlička</w>   
 <w id="w337.1.7">(</w>
 <w id="w337.1.8">plastika</w>
 <w id="w337.1.9">)</w>
</s></p>

<head id="338">
<s id="s338.1">
 <w id="w338.1.1">30</w> 
 <w id="w338.1.2">ml</w>
</s></head>

<head id="339">
<s id="s339.1">
 <w id="w339.1.1">1</w> 
 <w id="w339.1.2">steklenička</w>
</s></head>

<head id="340">
<s id="s340.1">
 <w id="w340.1.1">EU/</w>
 <w id="w340.1.2">1/</w>
 <w id="w340.1.3">00/</w>
 <w id="w340.1.4">157/</w>
 <w id="w340.1.5">060</w>
</s></head>

<head id="341">
<s id="s341.1">
 <w id="w341.1.1">Azomyr</w>
</s></head>

<head id="342">
<s id="s342.1">
 <w id="w342.1.1">0,</w>
 <w id="w342.1.2">5</w> 
 <w id="w342.1.3">mg/</w>
 <w id="w342.1.4">ml</w>
</s></head>

<head id="343">
<s id="s343.1">
 <w id="w343.1.1">Peroralna</w> 
 <w id="w343.1.2">raztopina</w>
</s></head>

<head id="344">
<s id="s344.1">
 <w id="w344.1.1">Peroralna</w> 
 <w id="w344.1.2">uporaba</w>
</s></head>

<p id="345">
<s id="s345.1">
 <w id="w345.1.1">steklenička</w> 
 <w id="w345.1.2">(</w>
 <w id="w345.1.3">steklo</w>
 <w id="w345.1.4">)</w> 
 <w id="w345.1.5">+</w> 
 <w id="w345.1.6">žlička</w>   
 <w id="w345.1.7">(</w>
 <w id="w345.1.8">plastika</w>
 <w id="w345.1.9">)</w>
</s></p>

<head id="346">
<s id="s346.1">
 <w id="w346.1.1">50</w> 
 <w id="w346.1.2">ml</w>
</s></head>

<head id="347">
<s id="s347.1">
 <w id="w347.1.1">1</w> 
 <w id="w347.1.2">steklenička</w>
</s></head>

<head id="348">
<s id="s348.1">
 <w id="w348.1.1">EU/</w>
 <w id="w348.1.2">1/</w>
 <w id="w348.1.3">00/</w>
 <w id="w348.1.4">157/</w>
 <w id="w348.1.5">061</w>
</s></head>

<head id="349">
<s id="s349.1">
 <w id="w349.1.1">Azomyr</w>
</s></head>

<head id="350">
<s id="s350.1">
 <w id="w350.1.1">0,</w>
 <w id="w350.1.2">5</w> 
 <w id="w350.1.3">mg/</w>
 <w id="w350.1.4">ml</w>
</s></head>

<head id="351">
<s id="s351.1">
 <w id="w351.1.1">Peroralna</w> 
 <w id="w351.1.2">raztopina</w>
</s></head>

<head id="352">
<s id="s352.1">
 <w id="w352.1.1">Peroralna</w> 
 <w id="w352.1.2">uporaba</w>
</s></head>

<p id="353">
<s id="s353.1">
 <w id="w353.1.1">steklenička</w> 
 <w id="w353.1.2">(</w>
 <w id="w353.1.3">steklo</w>
 <w id="w353.1.4">)</w> 
 <w id="w353.1.5">+</w> 
 <w id="w353.1.6">žlička</w>   
 <w id="w353.1.7">(</w>
 <w id="w353.1.8">plastika</w>
 <w id="w353.1.9">)</w>
</s></p>

<head id="354">
<s id="s354.1">
 <w id="w354.1.1">60</w> 
 <w id="w354.1.2">ml</w>
</s></head>

<head id="355">
<s id="s355.1">
 <w id="w355.1.1">1</w> 
 <w id="w355.1.2">steklenička</w>
</s></head>

<head id="356">
<s id="s356.1">
 <w id="w356.1.1">EU/</w>
 <w id="w356.1.2">1/</w>
 <w id="w356.1.3">00/</w>
 <w id="w356.1.4">157/</w>
 <w id="w356.1.5">062</w>
</s></head>

<head id="357">
<s id="s357.1">
 <w id="w357.1.1">Azomyr</w>
</s></head>

<head id="358">
<s id="s358.1">
 <w id="w358.1.1">0,</w>
 <w id="w358.1.2">5</w> 
 <w id="w358.1.3">mg/</w>
 <w id="w358.1.4">ml</w>
</s></head>

<head id="359">
<s id="s359.1">
 <w id="w359.1.1">Peroralna</w> 
 <w id="w359.1.2">raztopina</w>
</s></head>

<head id="360">
<s id="s360.1">
 <w id="w360.1.1">Peroralna</w> 
 <w id="w360.1.2">uporaba</w>
</s></head>

<p id="361">
<s id="s361.1">
 <w id="w361.1.1">steklenička</w> 
 <w id="w361.1.2">(</w>
 <w id="w361.1.3">steklo</w>
 <w id="w361.1.4">)</w> 
 <w id="w361.1.5">+</w> 
 <w id="w361.1.6">žlička</w>   
 <w id="w361.1.7">(</w>
 <w id="w361.1.8">plastika</w>
 <w id="w361.1.9">)</w>
</s></p>

<head id="362">
<s id="s362.1">
 <w id="w362.1.1">100</w> 
 <w id="w362.1.2">ml</w>
</s></head>

<head id="363">
<s id="s363.1">
 <w id="w363.1.1">1</w> 
 <w id="w363.1.2">steklenička</w>
</s></head>

<head id="364">
<s id="s364.1">
 <w id="w364.1.1">EU/</w>
 <w id="w364.1.2">1/</w>
 <w id="w364.1.3">00/</w>
 <w id="w364.1.4">157/</w>
 <w id="w364.1.5">063</w>
</s></head>

<head id="365">
<s id="s365.1">
 <w id="w365.1.1">Azomyr</w>
</s></head>

<head id="366">
<s id="s366.1">
 <w id="w366.1.1">0,</w>
 <w id="w366.1.2">5</w> 
 <w id="w366.1.3">mg/</w>
 <w id="w366.1.4">ml</w>
</s></head>

<head id="367">
<s id="s367.1">
 <w id="w367.1.1">Peroralna</w> 
 <w id="w367.1.2">raztopina</w>
</s></head>

<head id="368">
<s id="s368.1">
 <w id="w368.1.1">Peroralna</w> 
 <w id="w368.1.2">uporaba</w>
</s></head>

<p id="369">
<s id="s369.1">
 <w id="w369.1.1">steklenička</w> 
 <w id="w369.1.2">(</w>
 <w id="w369.1.3">steklo</w>
 <w id="w369.1.4">)</w> 
 <w id="w369.1.5">+</w> 
 <w id="w369.1.6">žlička</w>   
 <w id="w369.1.7">(</w>
 <w id="w369.1.8">plastika</w>
 <w id="w369.1.9">)</w>
</s></p>

<head id="370">
<s id="s370.1">
 <w id="w370.1.1">120</w> 
 <w id="w370.1.2">ml</w>
</s></head>

<head id="371">
<s id="s371.1">
 <w id="w371.1.1">1</w> 
 <w id="w371.1.2">steklenička</w>
</s></head>

<head id="372">
<s id="s372.1">
 <w id="w372.1.1">EU/</w>
 <w id="w372.1.2">1/</w>
 <w id="w372.1.3">00/</w>
 <w id="w372.1.4">157/</w>
 <w id="w372.1.5">064</w>
</s></head>

<head id="373">
<s id="s373.1">
 <w id="w373.1.1">Azomyr</w>
</s></head>

<head id="374">
<s id="s374.1">
 <w id="w374.1.1">0,</w>
 <w id="w374.1.2">5</w> 
 <w id="w374.1.3">mg/</w>
 <w id="w374.1.4">ml</w>
</s></head>

<head id="375">
<s id="s375.1">
 <w id="w375.1.1">Peroralna</w> 
 <w id="w375.1.2">raztopina</w>
</s></head>

<head id="376">
<s id="s376.1">
 <w id="w376.1.1">Peroralna</w> 
 <w id="w376.1.2">uporaba</w>
</s></head>

<p id="377">
<s id="s377.1">
 <w id="w377.1.1">steklenička</w> 
 <w id="w377.1.2">(</w>
 <w id="w377.1.3">steklo</w>
 <w id="w377.1.4">)</w> 
 <w id="w377.1.5">+</w> 
 <w id="w377.1.6">žlička</w>   
 <w id="w377.1.7">(</w>
 <w id="w377.1.8">plastika</w>
 <w id="w377.1.9">)</w>
</s></p>

<head id="378">
<s id="s378.1">
 <w id="w378.1.1">150</w> 
 <w id="w378.1.2">ml</w>
</s></head>

<head id="379">
<s id="s379.1">
 <w id="w379.1.1">1</w> 
 <w id="w379.1.2">steklenička</w>
</s></head>

<head id="380">
<s id="s380.1">
 <w id="w380.1.1">EU/</w>
 <w id="w380.1.2">1/</w>
 <w id="w380.1.3">00/</w>
 <w id="w380.1.4">157/</w>
 <w id="w380.1.5">065</w>
</s></head>

<head id="381">
<s id="s381.1">
 <w id="w381.1.1">Azomyr</w>
</s></head>

<head id="382">
<s id="s382.1">
 <w id="w382.1.1">0,</w>
 <w id="w382.1.2">5</w> 
 <w id="w382.1.3">mg/</w>
 <w id="w382.1.4">ml</w>
</s></head>

<head id="383">
<s id="s383.1">
 <w id="w383.1.1">Peroralna</w> 
 <w id="w383.1.2">raztopina</w>
</s></head>

<head id="384">
<s id="s384.1">
 <w id="w384.1.1">Peroralna</w> 
 <w id="w384.1.2">uporaba</w>
</s></head>

<p id="385">
<s id="s385.1">
 <w id="w385.1.1">steklenička</w> 
 <w id="w385.1.2">(</w>
 <w id="w385.1.3">steklo</w>
 <w id="w385.1.4">)</w> 
 <w id="w385.1.5">+</w> 
 <w id="w385.1.6">žlička</w>   
 <w id="w385.1.7">(</w>
 <w id="w385.1.8">plastika</w>
 <w id="w385.1.9">)</w>
</s></p>

<head id="386">
<s id="s386.1">
 <w id="w386.1.1">150</w> 
 <w id="w386.1.2">ml</w>
</s></head>

<head id="387">
<s id="s387.1">
 <w id="w387.1.1">1</w> 
 <w id="w387.1.2">steklenička</w>
</s></head>

<head id="388">
<s id="s388.1">
 <w id="w388.1.1">EU/</w>
 <w id="w388.1.2">1/</w>
 <w id="w388.1.3">00/</w>
 <w id="w388.1.4">157/</w>
 <w id="w388.1.5">066</w>
</s></head>

<head id="389">
<s id="s389.1">
 <w id="w389.1.1">Azomyr</w>
</s></head>

<head id="390">
<s id="s390.1">
 <w id="w390.1.1">0,</w>
 <w id="w390.1.2">5</w> 
 <w id="w390.1.3">mg/</w>
 <w id="w390.1.4">ml</w>
</s></head>

<head id="391">
<s id="s391.1">
 <w id="w391.1.1">Peroralna</w> 
 <w id="w391.1.2">raztopina</w>
</s></head>

<head id="392">
<s id="s392.1">
 <w id="w392.1.1">Peroralna</w> 
 <w id="w392.1.2">uporaba</w>
</s></head>

<p id="393">
<s id="s393.1">
 <w id="w393.1.1">steklenička</w> 
 <w id="w393.1.2">(</w>
 <w id="w393.1.3">steklo</w>
 <w id="w393.1.4">)</w> 
 <w id="w393.1.5">+</w> 
 <w id="w393.1.6">žlička</w>   
 <w id="w393.1.7">(</w>
 <w id="w393.1.8">plastika</w>
 <w id="w393.1.9">)</w>
</s></p>

<head id="394">
<s id="s394.1">
 <w id="w394.1.1">225</w> 
 <w id="w394.1.2">ml</w>
</s></head>

<head id="395">
<s id="s395.1">
 <w id="w395.1.1">1</w> 
 <w id="w395.1.2">steklenička</w>
</s></head>

<head id="396">
<s id="s396.1">
 <w id="w396.1.1">EU/</w>
 <w id="w396.1.2">1/</w>
 <w id="w396.1.3">00/</w>
 <w id="w396.1.4">157/</w>
 <w id="w396.1.5">067</w>
</s></head>

<head id="397">
<s id="s397.1">
 <w id="w397.1.1">Azomyr</w>
</s></head>

<head id="398">
<s id="s398.1">
 <w id="w398.1.1">0,</w>
 <w id="w398.1.2">5</w> 
 <w id="w398.1.3">mg/</w>
 <w id="w398.1.4">ml</w>
</s></head>

<head id="399">
<s id="s399.1">
 <w id="w399.1.1">Peroralna</w> 
 <w id="w399.1.2">raztopina</w>
</s></head>

<head id="400">
<s id="s400.1">
 <w id="w400.1.1">Peroralna</w> 
 <w id="w400.1.2">uporaba</w>
</s></head>

<p id="401">
<s id="s401.1">
 <w id="w401.1.1">steklenička</w> 
 <w id="w401.1.2">(</w>
 <w id="w401.1.3">steklo</w>
 <w id="w401.1.4">)</w> 
 <w id="w401.1.5">+</w> 
 <w id="w401.1.6">žlička</w>   
 <w id="w401.1.7">(</w>
 <w id="w401.1.8">plastika</w>
 <w id="w401.1.9">)</w>
</s></p>

<head id="402">
<s id="s402.1">
 <w id="w402.1.1">300</w> 
 <w id="w402.1.2">ml</w>
</s></head>

<head id="403">
<s id="s403.1">
 <w id="w403.1.1">1</w> 
 <w id="w403.1.2">steklenička</w>
</s></head>

<p id="404">
<s id="s404.1">
 <w id="w404.1.1">4/</w>
 <w id="w404.1.2">4</w>
</s></p></text>
