<?xml version="1.0" encoding="utf-8"?>
<letsmt version="1.0">
<head></head>
<body>
<s id="s1.1">European Medicines Agency Evaluation of Medicines for Human Use</s>
<s id="s2.1">21/ 02/ 06 EMEA/ CHMP/ 373083/ 2005</s>
<s id="s3.1">ODBOR ZA ZDRAVILA ZA UPORABO V HUMANI MEDICINI (CHMP)</s>
<s id="s4.1">MNENJE V ZVEZI Z NAPOTITVIJO IZ ČLENA 29( 2) 1 ZA Lansoprazol AbZ- Pharma 15 mg in 30 mg Mednarodno nelastniško ime (INN):</s>
<s id="s4.2">Lansoprazol</s>
<s id="s5.1">OSNOVNE INFORMACIJE</s>
<s id="s6.1">Lansoprazol AbZ- Pharma (lansoprazol) je zaviralec protonske črpalke, ki zavira izločanje želodčne kisline in se uporablja za zdravljenje razjed dvanajstnika in želodca, refluksnega ezofagitisa, gastroezofagealne refluksne bolezni, zdravljenje in preprečevanje razjed želodca in dvanajstnika, povezanih z jemanjem nesteroidnih protivnetnih zdravil (NSAID), zdravljenje Zollinger- Ellisonovega sindroma in v kombinaciji z ustreznim protibakterijskim zdravljenjem za eradikacijo Helicobacter pylori ter preprečevanje ponovitve želodčne razjede pri bolnikih z razjedami, povezanimi s H. pylori.</s>
<s id="s7.1">Dovoljenje za promet z zdravilom Lansoprazol AbZ- Pharma (15 mg in 30 mg) je bilo prvotno dodeljeno družbi ratiopharm GmbH s Finske 7. novembra 2003.</s>
<s id="s7.2">Postopek za medsebojno priznavanje se je začel 16. septembra 2004.</s>
<s id="s7.3">Referenčna država članica je bila Finska, zadevna država članica pa Nemčija.</s>
<s id="s7.4">Državi članici nista mogli doseči soglasja v zvezi z medsebojnim priznavanjem dovoljenja za promet z zdravilom, ki ga je izdala referenčna država članica.</s>
<s id="s7.5">Nemčija je Evropski agenciji za zdravila dne 15. decembra 2004 predložila razloge za nesoglasje.</s>
<s id="s8.1">V primerjavi z referenčnim zdravilom so bile ugotovljene znatne razlike v razdelku o odmerjanju v Povzetku glavnih značilnosti zdravila.</s>
<s id="s8.2">Povzetek glavnih značilnosti zdravila za referenčno zdravilo v Nemčiji vsebuje specifične odmerke in sheme odmerjanja za kombinacije lansoprazola in antibiotikov, priporočenih za eradikacijo Helicobacter pylori.</s>
<s id="s9.1">Arbitražni postopek se je začel 20. januarja 2005.</s>
<s id="s9.2">Za poročevalca in soporočevalca so bili imenovani Sif Ormarsdottir/ Tomas Salmonson, Gottfried Kreutz/ Julia Dunne.</s>
<s id="s9.3">Imetnik dovoljenja za promet z zdravilom je pisna pojasnila predložil 13. aprila 2005.</s>
<s id="s10.1">Na sestanku v septembru 2005 je CHMP glede na vse predložene podatke ter znanstvene razprave znotraj Odbora menil, da je razmerje med koristmi in tveganji za zdravilo Lansoprazol AbZ- Pharma ugodno.</s>
<s id="s10.2">Odbor za zdravila za uporabo v humani medicini je izrazil strinjanje s spremembami v razdelku 4. 2 (Odmerjanje in način uporabe) Povzetka glavnih značilnosti zdravila, ki navajajo natančna priporočila glede odmerjanja za antibiotike v skladu s “ Točkami, ki jih je treba upoštevati pri pisanju besedila za eradikacijsko zdravljenje Helicobacter pylori v izbranih poglavjih Povzetka glavnih značilnosti zdravila ”, in 15. septembra 2005 sprejel pozitivno mnenje.</s>
<s id="s11.1">Seznam zadevnih imen zdravil je naveden v Dodatku I.</s>
<s id="s11.2">Znanstveni zaključki so podani v Dodatku II, skupaj s Povzetkom glavnih značilnosti zdravila v Dodatku III.</s>
<s id="s12.1">Končno mnenje je bilo spremenjeno v Odločbo Evropske komisije dne 21/ 02/ 06.</s>
<s id="s13.1">1 Člen 29( 2) Direktive 2001/ 83/ ES, kot je bila spremenjena.</s>
<s id="s13.2">7 Westferry Circus, Canary Wharf, London, E14 4HB, UK Tel.</s>
<s id="s13.3">(44- 20) 74 18 84 00 Fax (44- 20) 74 18 86 13 E- mail: mail@ emea. eu. int http: // www. emea. eu. int ©EMEA 2006 Reproduction and/ or distribution of this document is authorised for non commercial purposes only provided the EMEA is acknowledged</s>
</body>
</letsmt>
