<?xml version="1.0" encoding="utf-8"?>
<text>
<p id="1">
<s id="s1.1">
 <w id="w1.1.1">European</w> 
 <w id="w1.1.2">Medicines</w> 
 <w id="w1.1.3">Agency</w>
</s></p>

<p id="2">
<s id="s2.1">
 <w id="w2.1.1">EMEA/</w>
 <w id="w2.1.2">H/</w>
 <w id="w2.1.3">C/</w>
 <w id="w2.1.4">896</w>
</s></p>

<p id="3">
<s id="s3.1">
 <w id="w3.1.1">EVROPSKO</w> 
 <w id="w3.1.2">JAVNO</w> 
 <w id="w3.1.3">POROČILO</w> 
 <w id="w3.1.4">O</w> 
 <w id="w3.1.5">OCENI</w> 
 <w id="w3.1.6">ZDRAVILA</w> 
 <w id="w3.1.7">(</w>
 <w id="w3.1.8">EPAR</w>
 <w id="w3.1.9">)</w>
</s></p>

<p id="4">
<s id="s4.1">
 <w id="w4.1.1">EFFICIB</w>
</s></p>

<p id="5">
<s id="s5.1">
 <w id="w5.1.1">Povzetek</w> 
 <w id="w5.1.2">EPAR</w> 
 <w id="w5.1.3">za</w> 
 <w id="w5.1.4">javnost</w>
</s></p>

<p id="6">
<s id="s6.1">
 <w id="w6.1.1">Ta</w> 
 <w id="w6.1.2">dokument</w> 
 <w id="w6.1.3">je</w> 
 <w id="w6.1.4">povzetek</w> 
 <w id="w6.1.5">evropskega</w> 
 <w id="w6.1.6">javnega</w> 
 <w id="w6.1.7">poročila</w> 
 <w id="w6.1.8">o</w> 
 <w id="w6.1.9">oceni</w> 
 <w id="w6.1.10">zdravila</w> 
 <w id="w6.1.11">(</w>
 <w id="w6.1.12">EPAR</w>
 <w id="w6.1.13">)</w>
 <w id="w6.1.14">.</w>
</s> 
 
<s id="s6.2">
 <w id="w6.2.1">Pojasnjuje</w>
 <w id="w6.2.2">,</w> 
 <w id="w6.2.3">kako</w> 
 <w id="w6.2.4">je</w> 
 <w id="w6.2.5">Odbor</w> 
 <w id="w6.2.6">za</w> 
 <w id="w6.2.7">zdravila</w> 
 <w id="w6.2.8">za</w> 
 <w id="w6.2.9">uporabo</w> 
 <w id="w6.2.10">v</w> 
 <w id="w6.2.11">humani</w> 
 <w id="w6.2.12">medicini</w> 
 <w id="w6.2.13">(</w>
 <w id="w6.2.14">CHMP</w>
 <w id="w6.2.15">)</w> 
 <w id="w6.2.16">ocenil</w> 
 <w id="w6.2.17">opravljene</w> 
 <w id="w6.2.18">študije</w>
 <w id="w6.2.19">,</w> 
 <w id="w6.2.20">na</w> 
 <w id="w6.2.21">podlagi</w> 
 <w id="w6.2.22">katerih</w> 
 <w id="w6.2.23">je</w> 
 <w id="w6.2.24">oblikoval</w> 
 <w id="w6.2.25">priporočila</w> 
 <w id="w6.2.26">glede</w> 
 <w id="w6.2.27">uporabe</w> 
 <w id="w6.2.28">zdravila</w>
 <w id="w6.2.29">.</w>
</s> 
 
<s id="s6.3">
 <w id="w6.3.1">Če</w> 
 <w id="w6.3.2">potrebujete</w> 
 <w id="w6.3.3">več</w> 
 <w id="w6.3.4">informacij</w> 
 <w id="w6.3.5">o</w> 
 <w id="w6.3.6">svojem</w> 
 <w id="w6.3.7">zdravstvenem</w> 
 <w id="w6.3.8">stanju</w> 
 <w id="w6.3.9">ali</w> 
 <w id="w6.3.10">zdravljenju</w>
 <w id="w6.3.11">,</w> 
 <w id="w6.3.12">preberite</w> 
 <w id="w6.3.13">navodilo</w> 
 <w id="w6.3.14">za</w> 
 <w id="w6.3.15">uporabo</w> 
 <w id="w6.3.16">(</w>
 <w id="w6.3.17">ki</w> 
 <w id="w6.3.18">je</w> 
 <w id="w6.3.19">prav</w> 
 <w id="w6.3.20">tako</w> 
 <w id="w6.3.21">del</w> 
 <w id="w6.3.22">EPAR</w>
 <w id="w6.3.23">)</w> 
 <w id="w6.3.24">ali</w> 
 <w id="w6.3.25">se</w> 
 <w id="w6.3.26">posvetujte</w> 
 <w id="w6.3.27">s</w> 
 <w id="w6.3.28">svojim</w> 
 <w id="w6.3.29">zdravnikom</w> 
 <w id="w6.3.30">ali</w> 
 <w id="w6.3.31">farmacevtom</w>
 <w id="w6.3.32">.</w>
</s> 
 
<s id="s6.4">
 <w id="w6.4.1">Če</w> 
 <w id="w6.4.2">želite</w> 
 <w id="w6.4.3">več</w> 
 <w id="w6.4.4">informacij</w>
 <w id="w6.4.5">,</w> 
 <w id="w6.4.6">ki</w> 
 <w id="w6.4.7">temeljijo</w> 
 <w id="w6.4.8">na</w> 
 <w id="w6.4.9">priporočilih</w> 
 <w id="w6.4.10">CHMP</w>
 <w id="w6.4.11">,</w> 
 <w id="w6.4.12">preberite</w> 
 <w id="w6.4.13">znanstveno</w> 
 <w id="w6.4.14">razpravo</w> 
 <w id="w6.4.15">(</w>
 <w id="w6.4.16">ki</w> 
 <w id="w6.4.17">je</w> 
 <w id="w6.4.18">prav</w> 
 <w id="w6.4.19">tako</w> 
 <w id="w6.4.20">del</w> 
 <w id="w6.4.21">EPAR</w>
 <w id="w6.4.22">)</w>
 <w id="w6.4.23">.</w>
</s></p>

<p id="7">
<s id="s7.1">
 <w id="w7.1.1">Kaj</w> 
 <w id="w7.1.2">je</w> 
 <w id="w7.1.3">zdravilo</w> 
 <w id="w7.1.4">Efficib</w>
 <w id="w7.1.5">?</w>
</s> 
 
<s id="s7.2">
 <w id="w7.2.1">Efficib</w> 
 <w id="w7.2.2">je</w> 
 <w id="w7.2.3">zdravilo</w>
 <w id="w7.2.4">,</w> 
 <w id="w7.2.5">ki</w> 
 <w id="w7.2.6">vsebuje</w> 
 <w id="w7.2.7">dve</w> 
 <w id="w7.2.8">zdravilni</w> 
 <w id="w7.2.9">učinkovini</w>
 <w id="w7.2.10">,</w> 
 <w id="w7.2.11">sitagliptin</w> 
 <w id="w7.2.12">in</w> 
 <w id="w7.2.13">metforminijev</w> 
 <w id="w7.2.14">klorid</w>
 <w id="w7.2.15">.</w>
</s> 
 
<s id="s7.3">
 <w id="w7.3.1">Zdravilo</w> 
 <w id="w7.3.2">je</w> 
 <w id="w7.3.3">na</w> 
 <w id="w7.3.4">voljo</w> 
 <w id="w7.3.5">kot</w> 
 <w id="w7.3.6">tablete</w> 
 <w id="w7.3.7">v</w> 
 <w id="w7.3.8">obliki</w> 
 <w id="w7.3.9">kapsul</w> 
 <w id="w7.3.10">(</w>
 <w id="w7.3.11">roza</w>
 <w id="w7.3.12">:</w>
</s> 
 
<s id="s7.4">
 <w id="w7.4.1">50</w> 
 <w id="w7.4.2">mg</w> 
 <w id="w7.4.3">sitagliptina</w> 
 <w id="w7.4.4">in</w> 
 <w id="w7.4.5">850</w> 
 <w id="w7.4.6">mg</w> 
 <w id="w7.4.7">metforminijevega</w> 
 <w id="w7.4.8">klorida</w>
 <w id="w7.4.9">;</w> 
 <w id="w7.4.10">rdeče</w>
 <w id="w7.4.11">:</w>
</s> 
 
<s id="s7.5">
 <w id="w7.5.1">50</w> 
 <w id="w7.5.2">mg</w> 
 <w id="w7.5.3">sitaglipina</w> 
 <w id="w7.5.4">in</w> 
 <w id="w7.5.5">1000</w> 
 <w id="w7.5.6">mg</w> 
 <w id="w7.5.7">metforminijevega</w> 
 <w id="w7.5.8">klorida</w>
 <w id="w7.5.9">)</w>
 <w id="w7.5.10">.</w>
</s></p>

<p id="8">
<s id="s8.1">
 <w id="w8.1.1">Za</w> 
 <w id="w8.1.2">kaj</w> 
 <w id="w8.1.3">se</w> 
 <w id="w8.1.4">zdravilo</w> 
 <w id="w8.1.5">Efficib</w> 
 <w id="w8.1.6">uporablja</w>
 <w id="w8.1.7">?</w>
</s> 
 
<s id="s8.2">
 <w id="w8.2.1">Zdravilo</w> 
 <w id="w8.2.2">Efficib</w> 
 <w id="w8.2.3">se</w> 
 <w id="w8.2.4">uporablja</w> 
 <w id="w8.2.5">za</w> 
 <w id="w8.2.6">zdravljenje</w> 
 <w id="w8.2.7">bolnikov</w> 
 <w id="w8.2.8">s</w> 
 <w id="w8.2.9">sladkorno</w> 
 <w id="w8.2.10">boleznijo</w> 
 <w id="w8.2.11">tipa</w> 
 <w id="w8.2.12">2</w> 
 <w id="w8.2.13">za</w> 
 <w id="w8.2.14">izboljšanje</w> 
 <w id="w8.2.15">nadzora</w> 
 <w id="w8.2.16">nad</w> 
 <w id="w8.2.17">ravnjo</w> 
 <w id="w8.2.18">sladkorja</w> 
 <w id="w8.2.19">v</w> 
 <w id="w8.2.20">krvi</w>
 <w id="w8.2.21">.</w>
</s> 
 
<s id="s8.3">
 <w id="w8.3.1">Uporablja</w> 
 <w id="w8.3.2">se</w> 
 <w id="w8.3.3">skupaj</w> 
 <w id="w8.3.4">z</w> 
 <w id="w8.3.5">dieto</w> 
 <w id="w8.3.6">in</w> 
 <w id="w8.3.7">telesno</w> 
 <w id="w8.3.8">vadbo</w>
 <w id="w8.3.9">:</w> 
 <w id="w8.3.10">•</w> 
 <w id="w8.3.11">pri</w> 
 <w id="w8.3.12">bolnikih</w>
 <w id="w8.3.13">,</w> 
 <w id="w8.3.14">pri</w> 
 <w id="w8.3.15">katerih</w> 
 <w id="w8.3.16">se</w> 
 <w id="w8.3.17">sladkorna</w> 
 <w id="w8.3.18">bolezen</w> 
 <w id="w8.3.19">zadostno</w> 
 <w id="w8.3.20">ne</w> 
 <w id="w8.3.21">nadzoruje</w> 
 <w id="w8.3.22">samo</w> 
 <w id="w8.3.23">z</w> 
 <w id="w8.3.24">metforminom</w>    
 <w id="w8.3.25">(</w>
 <w id="w8.3.26">zdravilom</w> 
 <w id="w8.3.27">proti</w> 
 <w id="w8.3.28">sladkorni</w> 
 <w id="w8.3.29">bolezni</w>
 <w id="w8.3.30">)</w>
 <w id="w8.3.31">;</w> 
 <w id="w8.3.32">•</w> 
 <w id="w8.3.33">pri</w> 
 <w id="w8.3.34">bolnikih</w>
 <w id="w8.3.35">,</w> 
 <w id="w8.3.36">ki</w> 
 <w id="w8.3.37">že</w> 
 <w id="w8.3.38">jemljejo</w> 
 <w id="w8.3.39">kombinacijo</w> 
 <w id="w8.3.40">sitagliptina</w> 
 <w id="w8.3.41">in</w> 
 <w id="w8.3.42">metformina</w> 
 <w id="w8.3.43">kot</w> 
 <w id="w8.3.44">ločene</w> 
 <w id="w8.3.45">tabelete</w>
 <w id="w8.3.46">;</w> 
 <w id="w8.3.47">•</w> 
 <w id="w8.3.48">v</w> 
 <w id="w8.3.49">kombinaciji</w> 
 <w id="w8.3.50">s</w> 
 <w id="w8.3.51">sulfonilsečnino</w> 
 <w id="w8.3.52">(</w>
 <w id="w8.3.53">drugo</w> 
 <w id="w8.3.54">vrsto</w> 
 <w id="w8.3.55">zdravila</w> 
 <w id="w8.3.56">proti</w> 
 <w id="w8.3.57">sladkorni</w> 
 <w id="w8.3.58">bolezni</w>
 <w id="w8.3.59">)</w>
 <w id="w8.3.60">,</w> 
 <w id="w8.3.61">kadar</w> 
 <w id="w8.3.62">kombinacija</w>    
 <w id="w8.3.63">sulfonilsečnine</w> 
 <w id="w8.3.64">in</w> 
 <w id="w8.3.65">metformina</w> 
 <w id="w8.3.66">ne</w> 
 <w id="w8.3.67">zadostuje</w> 
 <w id="w8.3.68">za</w> 
 <w id="w8.3.69">zadostni</w> 
 <w id="w8.3.70">nadzor</w> 
 <w id="w8.3.71">nad</w> 
 <w id="w8.3.72">bolnikovo</w> 
 <w id="w8.3.73">sladkorno</w> 
 <w id="w8.3.74">boleznijo</w>
 <w id="w8.3.75">.</w>
</s> 
 
<s id="s8.4">
 <w id="w8.4.1">Zdravilo</w> 
 <w id="w8.4.2">se</w> 
 <w id="w8.4.3">dobi</w> 
 <w id="w8.4.4">samo</w> 
 <w id="w8.4.5">na</w> 
 <w id="w8.4.6">recept</w>
 <w id="w8.4.7">.</w>
</s></p>

<p id="9">
<s id="s9.1">
 <w id="w9.1.1">Kako</w> 
 <w id="w9.1.2">se</w> 
 <w id="w9.1.3">zdravilo</w> 
 <w id="w9.1.4">Efficib</w> 
 <w id="w9.1.5">uporablja</w>
 <w id="w9.1.6">?</w>
</s> 
 
<s id="s9.2">
 <w id="w9.2.1">Zdravilo</w> 
 <w id="w9.2.2">Efficib</w> 
 <w id="w9.2.3">se</w> 
 <w id="w9.2.4">jemlje</w> 
 <w id="w9.2.5">dvakrat</w> 
 <w id="w9.2.6">na</w> 
 <w id="w9.2.7">dan</w>
 <w id="w9.2.8">.</w>
</s> 
 
<s id="s9.3">
 <w id="w9.3.1">Jakost</w> 
 <w id="w9.3.2">tablete</w>
 <w id="w9.3.3">,</w> 
 <w id="w9.3.4">ki</w> 
 <w id="w9.3.5">jo</w> 
 <w id="w9.3.6">je</w> 
 <w id="w9.3.7">treba</w> 
 <w id="w9.3.8">uporabiti</w>
 <w id="w9.3.9">,</w> 
 <w id="w9.3.10">je</w> 
 <w id="w9.3.11">odvisna</w> 
 <w id="w9.3.12">od</w> 
 <w id="w9.3.13">odmerka</w> 
 <w id="w9.3.14">drugih</w> 
 <w id="w9.3.15">zdravil</w> 
 <w id="w9.3.16">proti</w> 
 <w id="w9.3.17">sladkorni</w> 
 <w id="w9.3.18">bolezni</w>
 <w id="w9.3.19">,</w> 
 <w id="w9.3.20">ki</w> 
 <w id="w9.3.21">ga</w> 
 <w id="w9.3.22">je</w> 
 <w id="w9.3.23">bolnik</w> 
 <w id="w9.3.24">jemal</w> 
 <w id="w9.3.25">prej</w>
 <w id="w9.3.26">.</w>
</s> 
 
<s id="s9.4">
 <w id="w9.4.1">Bolniki</w>
 <w id="w9.4.2">,</w> 
 <w id="w9.4.3">ki</w> 
 <w id="w9.4.4">že</w> 
 <w id="w9.4.5">jemljejo</w> 
 <w id="w9.4.6">metformin</w> 
 <w id="w9.4.7">v</w> 
 <w id="w9.4.8">kombinaciji</w> 
 <w id="w9.4.9">s</w> 
 <w id="w9.4.10">sulfobilsečnino</w> 
 <w id="w9.4.11">ali</w> 
 <w id="w9.4.12">brez</w> 
 <w id="w9.4.13">nje</w>
 <w id="w9.4.14">,</w> 
 <w id="w9.4.15">morajo</w> 
 <w id="w9.4.16">jemati</w> 
 <w id="w9.4.17">zdravilo</w> 
 <w id="w9.4.18">Efficib</w>
 <w id="w9.4.19">,</w> 
 <w id="w9.4.20">ki</w> 
 <w id="w9.4.21">vsebuje</w> 
 <w id="w9.4.22">enak</w> 
 <w id="w9.4.23">odmerek</w> 
 <w id="w9.4.24">metformina</w>
 <w id="w9.4.25">.</w>
</s> 
 
<s id="s9.5">
 <w id="w9.5.1">Bolniki</w>
 <w id="w9.5.2">,</w> 
 <w id="w9.5.3">ki</w> 
 <w id="w9.5.4">že</w> 
 <w id="w9.5.5">jemljejo</w> 
 <w id="w9.5.6">sitagliptin</w> 
 <w id="w9.5.7">in</w> 
 <w id="w9.5.8">metformin</w> 
 <w id="w9.5.9">kot</w> 
 <w id="w9.5.10">ločeni</w> 
 <w id="w9.5.11">tableti</w>
 <w id="w9.5.12">,</w> 
 <w id="w9.5.13">morajo</w> 
 <w id="w9.5.14">preiti</w> 
 <w id="w9.5.15">na</w> 
 <w id="w9.5.16">jemanje</w> 
 <w id="w9.5.17">zdravila</w> 
 <w id="w9.5.18">Efficib</w>
 <w id="w9.5.19">,</w> 
 <w id="w9.5.20">ki</w> 
 <w id="w9.5.21">vsebuje</w> 
 <w id="w9.5.22">enake</w> 
 <w id="w9.5.23">odmerke</w> 
 <w id="w9.5.24">obeh</w> 
 <w id="w9.5.25">zdravilnih</w> 
 <w id="w9.5.26">učinkovin</w>
 <w id="w9.5.27">.</w>
</s> 
 
<s id="s9.6">
 <w id="w9.6.1">Če</w> 
 <w id="w9.6.2">se</w> 
 <w id="w9.6.3">zdravilo</w> 
 <w id="w9.6.4">Efficib</w> 
 <w id="w9.6.5">jemlje</w> 
 <w id="w9.6.6">s</w> 
 <w id="w9.6.7">sulfonilsečnino</w>
 <w id="w9.6.8">,</w> 
 <w id="w9.6.9">bo</w> 
 <w id="w9.6.10">morda</w> 
 <w id="w9.6.11">treba</w> 
 <w id="w9.6.12">odmerek</w> 
 <w id="w9.6.13">sulfonilsečnine</w> 
 <w id="w9.6.14">znižati</w>
 <w id="w9.6.15">,</w> 
 <w id="w9.6.16">da</w> 
 <w id="w9.6.17">se</w> 
 <w id="w9.6.18">izognemo</w> 
 <w id="w9.6.19">hipoglikemiji</w> 
 <w id="w9.6.20">(</w>
 <w id="w9.6.21">nizki</w> 
 <w id="w9.6.22">koncentraciji</w> 
 <w id="w9.6.23">sladkorja</w> 
 <w id="w9.6.24">v</w> 
 <w id="w9.6.25">krvi</w>
 <w id="w9.6.26">)</w>
 <w id="w9.6.27">.</w>
</s> 
 
<s id="s9.7">
 <w id="w9.7.1">Najvišji</w> 
 <w id="w9.7.2">odmerek</w> 
 <w id="w9.7.3">zdravila</w> 
 <w id="w9.7.4">sitagliptina</w> 
 <w id="w9.7.5">je</w> 
 <w id="w9.7.6">100</w> 
 <w id="w9.7.7">mg</w> 
 <w id="w9.7.8">na</w> 
 <w id="w9.7.9">dan</w>
 <w id="w9.7.10">.</w>
</s> 
 
<s id="s9.8">
 <w id="w9.8.1">Zdravilo</w> 
 <w id="w9.8.2">Efficib</w> 
 <w id="w9.8.3">je</w> 
 <w id="w9.8.4">treba</w> 
 <w id="w9.8.5">jemati</w> 
 <w id="w9.8.6">ob</w> 
 <w id="w9.8.7">obroku</w>
 <w id="w9.8.8">,</w> 
 <w id="w9.8.9">da</w> 
 <w id="w9.8.10">se</w> 
 <w id="w9.8.11">preprečijo</w> 
 <w id="w9.8.12">želodčne</w> 
 <w id="w9.8.13">težave</w>
 <w id="w9.8.14">,</w> 
 <w id="w9.8.15">ki</w> 
 <w id="w9.8.16">jih</w> 
 <w id="w9.8.17">povzroča</w> 
 <w id="w9.8.18">metformin</w>
 <w id="w9.8.19">.</w>
</s> 
 
<s id="s9.9">
 <w id="w9.9.1">Uporaba</w> 
 <w id="w9.9.2">zdravila</w> 
 <w id="w9.9.3">Efficib</w> 
 <w id="w9.9.4">pri</w> 
 <w id="w9.9.5">otrocih</w>
 <w id="w9.9.6">,</w> 
 <w id="w9.9.7">mlajših</w> 
 <w id="w9.9.8">od</w> 
 <w id="w9.9.9">18</w> 
 <w id="w9.9.10">let</w>
 <w id="w9.9.11">,</w> 
 <w id="w9.9.12">zaradi</w> 
 <w id="w9.9.13">pomanjkanja</w> 
 <w id="w9.9.14">informacij</w> 
 <w id="w9.9.15">o</w> 
 <w id="w9.9.16">varnosti</w> 
 <w id="w9.9.17">in</w> 
 <w id="w9.9.18">učinkovitosti</w> 
 <w id="w9.9.19">v</w> 
 <w id="w9.9.20">tej</w> 
 <w id="w9.9.21">skupini</w> 
 <w id="w9.9.22">ni</w> 
 <w id="w9.9.23">priporočljiva</w>
 <w id="w9.9.24">.</w>
</s></p>

<p id="10">
<s id="s10.1">
 <w id="w10.1.1">Kako</w> 
 <w id="w10.1.2">zdravilo</w> 
 <w id="w10.1.3">Efficib</w> 
 <w id="w10.1.4">deluje</w>
 <w id="w10.1.5">?</w>
</s> 
 
<s id="s10.2">
 <w id="w10.2.1">Sladkorna</w> 
 <w id="w10.2.2">bolezen</w> 
 <w id="w10.2.3">tipa</w> 
 <w id="w10.2.4">2</w> 
 <w id="w10.2.5">je</w> 
 <w id="w10.2.6">bolezen</w>
 <w id="w10.2.7">,</w> 
 <w id="w10.2.8">pri</w> 
 <w id="w10.2.9">kateri</w> 
 <w id="w10.2.10">trebušna</w> 
 <w id="w10.2.11">slinavka</w> 
 <w id="w10.2.12">ne</w> 
 <w id="w10.2.13">proizvaja</w> 
 <w id="w10.2.14">dovolj</w> 
 <w id="w10.2.15">insulina</w> 
 <w id="w10.2.16">za</w> 
 <w id="w10.2.17">vzdrževanje</w> 
 <w id="w10.2.18">primerne</w> 
 <w id="w10.2.19">ravni</w> 
 <w id="w10.2.20">glukoze</w> 
 <w id="w10.2.21">(</w>
 <w id="w10.2.22">sladkorja</w>
 <w id="w10.2.23">)</w> 
 <w id="w10.2.24">v</w> 
 <w id="w10.2.25">krvi</w> 
 <w id="w10.2.26">ali</w> 
 <w id="w10.2.27">pri</w> 
 <w id="w10.2.28">kateri</w> 
 <w id="w10.2.29">telo</w> 
 <w id="w10.2.30">ne</w> 
 <w id="w10.2.31">more</w> 
 <w id="w10.2.32">insulina</w> 
 <w id="w10.2.33">učinkovito</w> 
 <w id="w10.2.34">uporabljati</w>
 <w id="w10.2.35">.</w>
</s> 
 
<s id="s10.3">
 <w id="w10.3.1">Zdravilni</w> 
 <w id="w10.3.2">učinkovini</w> 
 <w id="w10.3.3">v</w> 
 <w id="w10.3.4">zdravilu</w> 
 <w id="w10.3.5">Efficib</w>
 <w id="w10.3.6">,</w> 
 <w id="w10.3.7">sitagliptin</w> 
 <w id="w10.3.8">in</w> 
 <w id="w10.3.9">metforminijev</w> 
 <w id="w10.3.10">klorid</w>
 <w id="w10.3.11">,</w> 
 <w id="w10.3.12">imata</w> 
 <w id="w10.3.13">obe</w>                               
 <w id="w10.3.14">7</w> 
 <w id="w10.3.15">Westferry</w> 
 <w id="w10.3.16">Circus</w>
 <w id="w10.3.17">,</w> 
 <w id="w10.3.18">Canary</w> 
 <w id="w10.3.19">Wharf</w>
 <w id="w10.3.20">,</w> 
 <w id="w10.3.21">London</w> 
 <w id="w10.3.22">E14</w> 
 <w id="w10.3.23">4HB</w>
 <w id="w10.3.24">,</w> 
 <w id="w10.3.25">UK</w>                                   
 <w id="w10.3.26">Tel</w>
 <w id="w10.3.27">.</w>
</s> 
 
<s id="s10.4">
 <w id="w10.4.1">(</w>
 <w id="w10.4.2">44-</w>
 <w id="w10.4.3">20</w>
 <w id="w10.4.4">)</w> 
 <w id="w10.4.5">74</w> 
 <w id="w10.4.6">18</w> 
 <w id="w10.4.7">84</w> 
 <w id="w10.4.8">00</w> 
 <w id="w10.4.9">Fax</w> 
 <w id="w10.4.10">(</w>
 <w id="w10.4.11">44-</w>
 <w id="w10.4.12">20</w>
 <w id="w10.4.13">)</w> 
 <w id="w10.4.14">74</w> 
 <w id="w10.4.15">18</w> 
 <w id="w10.4.16">84</w> 
 <w id="w10.4.17">16</w>                              
 <w id="w10.4.18">E-</w>
 <w id="w10.4.19">mail</w>
 <w id="w10.4.20">:</w> 
 <w id="w10.4.21">mail@</w>
 <w id="w10.4.22">emea.</w>
 <w id="w10.4.23">europa.</w>
 <w id="w10.4.24">eu</w> 
 <w id="w10.4.25">http</w>
 <w id="w10.4.26">:</w>
 <w id="w10.4.27">//</w>
 <w id="w10.4.28">www.</w>
 <w id="w10.4.29">emea.</w>
 <w id="w10.4.30">europa.</w>
 <w id="w10.4.31">eu</w>
</s></p>

<p id="11">
<s id="s11.1">
 <w id="w11.1.1">©</w> 
 <w id="w11.1.2">European</w> 
 <w id="w11.1.3">Medicines</w> 
 <w id="w11.1.4">Agency</w>
 <w id="w11.1.5">,</w> 
 <w id="w11.1.6">2008</w>
 <w id="w11.1.7">.</w>
</s> 
 
<s id="s11.2">
 <w id="w11.2.1">Reproduction</w> 
 <w id="w11.2.2">is</w> 
 <w id="w11.2.3">authorised</w> 
 <w id="w11.2.4">provided</w> 
 <w id="w11.2.5">the</w> 
 <w id="w11.2.6">source</w> 
 <w id="w11.2.7">is</w> 
 <w id="w11.2.8">acknowledged</w>
 <w id="w11.2.9">.</w> 
 <w id="w11.2.10">različna</w> 
 <w id="w11.2.11">načina</w> 
 <w id="w11.2.12">delovanja</w>
 <w id="w11.2.13">.</w>
</s> 
 
<s id="s11.3">
 <w id="w11.3.1">Sitagliptin</w> 
 <w id="w11.3.2">je</w> 
 <w id="w11.3.3">zaviralec</w> 
 <w id="w11.3.4">dipeptidil-</w>
 <w id="w11.3.5">peptidaze</w> 
 <w id="w11.3.6">4</w> 
 <w id="w11.3.7">(</w>
 <w id="w11.3.8">DPP-</w>
 <w id="w11.3.9">4</w>
 <w id="w11.3.10">)</w>
 <w id="w11.3.11">.</w>
</s> 
 
<s id="s11.4">
 <w id="w11.4.1">Deluje</w> 
 <w id="w11.4.2">tako</w>
 <w id="w11.4.3">,</w> 
 <w id="w11.4.4">da</w> 
 <w id="w11.4.5">zavira</w> 
 <w id="w11.4.6">razgradnjo</w> 
 <w id="w11.4.7">hormonov</w> 
 <w id="w11.4.8">inkretinov</w> 
 <w id="w11.4.9">v</w> 
 <w id="w11.4.10">telesu</w>
 <w id="w11.4.11">.</w>
</s> 
 
<s id="s11.5">
 <w id="w11.5.1">Ti</w> 
 <w id="w11.5.2">hormoni</w> 
 <w id="w11.5.3">se</w> 
 <w id="w11.5.4">sproščajo</w> 
 <w id="w11.5.5">po</w> 
 <w id="w11.5.6">zaužitju</w> 
 <w id="w11.5.7">hrane</w> 
 <w id="w11.5.8">in</w> 
 <w id="w11.5.9">spodbujajo</w> 
 <w id="w11.5.10">trebušno</w> 
 <w id="w11.5.11">slinavko</w> 
 <w id="w11.5.12">k</w> 
 <w id="w11.5.13">tvorjenju</w> 
 <w id="w11.5.14">insulina</w>
 <w id="w11.5.15">.</w>
</s> 
 
<s id="s11.6">
 <w id="w11.6.1">Sitagliptin</w> 
 <w id="w11.6.2">s</w> 
 <w id="w11.6.3">povečanjem</w> 
 <w id="w11.6.4">ravni</w> 
 <w id="w11.6.5">hormonov</w> 
 <w id="w11.6.6">inkretinov</w> 
 <w id="w11.6.7">v</w> 
 <w id="w11.6.8">krvi</w> 
 <w id="w11.6.9">spodbudi</w> 
 <w id="w11.6.10">trebušno</w> 
 <w id="w11.6.11">slinavko</w> 
 <w id="w11.6.12">k</w> 
 <w id="w11.6.13">tvorjenju</w> 
 <w id="w11.6.14">večjih</w> 
 <w id="w11.6.15">količin</w> 
 <w id="w11.6.16">insulina</w>
 <w id="w11.6.17">,</w> 
 <w id="w11.6.18">kadar</w> 
 <w id="w11.6.19">so</w> 
 <w id="w11.6.20">ravni</w> 
 <w id="w11.6.21">krvnega</w> 
 <w id="w11.6.22">sladkorja</w> 
 <w id="w11.6.23">previsoke</w>
 <w id="w11.6.24">.</w>
</s> 
 
<s id="s11.7">
 <w id="w11.7.1">Sitagliptin</w> 
 <w id="w11.7.2">ne</w> 
 <w id="w11.7.3">učinkuje</w>
 <w id="w11.7.4">,</w> 
 <w id="w11.7.5">ko</w> 
 <w id="w11.7.6">je</w> 
 <w id="w11.7.7">raven</w> 
 <w id="w11.7.8">glukoze</w> 
 <w id="w11.7.9">v</w> 
 <w id="w11.7.10">krvi</w> 
 <w id="w11.7.11">nizka</w>
 <w id="w11.7.12">.</w>
</s> 
 
<s id="s11.8">
 <w id="w11.8.1">Sitagliptin</w> 
 <w id="w11.8.2">zmanjša</w> 
 <w id="w11.8.3">tudi</w> 
 <w id="w11.8.4">količino</w> 
 <w id="w11.8.5">sladkorja</w>
 <w id="w11.8.6">,</w> 
 <w id="w11.8.7">ki</w> 
 <w id="w11.8.8">ga</w> 
 <w id="w11.8.9">tvorijo</w> 
 <w id="w11.8.10">jetra</w>
 <w id="w11.8.11">,</w> 
 <w id="w11.8.12">in</w> 
 <w id="w11.8.13">sicer</w> 
 <w id="w11.8.14">tako</w>
 <w id="w11.8.15">,</w> 
 <w id="w11.8.16">da</w> 
 <w id="w11.8.17">poviša</w> 
 <w id="w11.8.18">raven</w> 
 <w id="w11.8.19">insulina</w> 
 <w id="w11.8.20">in</w> 
 <w id="w11.8.21">zniža</w> 
 <w id="w11.8.22">raven</w> 
 <w id="w11.8.23">hormona</w> 
 <w id="w11.8.24">glukagona</w>
 <w id="w11.8.25">.</w>
</s> 
 
<s id="s11.9">
 <w id="w11.9.1">Metformin</w> 
 <w id="w11.9.2">pa</w> 
 <w id="w11.9.3">učinkuje</w> 
 <w id="w11.9.4">predvsem</w> 
 <w id="w11.9.5">tako</w>
 <w id="w11.9.6">,</w> 
 <w id="w11.9.7">da</w> 
 <w id="w11.9.8">zavira</w> 
 <w id="w11.9.9">nastajanje</w> 
 <w id="w11.9.10">glukoze</w> 
 <w id="w11.9.11">in</w> 
 <w id="w11.9.12">zmanjšuje</w> 
 <w id="w11.9.13">njeno</w> 
 <w id="w11.9.14">absorpcijo</w> 
 <w id="w11.9.15">v</w> 
 <w id="w11.9.16">črevesju</w>
 <w id="w11.9.17">.</w>
</s> 
 
<s id="s11.10">
 <w id="w11.10.1">Kot</w> 
 <w id="w11.10.2">posledica</w> 
 <w id="w11.10.3">delovanja</w> 
 <w id="w11.10.4">obeh</w> 
 <w id="w11.10.5">zdravilnih</w> 
 <w id="w11.10.6">učinkovin</w> 
 <w id="w11.10.7">se</w> 
 <w id="w11.10.8">raven</w> 
 <w id="w11.10.9">glukoze</w> 
 <w id="w11.10.10">v</w> 
 <w id="w11.10.11">krvi</w> 
 <w id="w11.10.12">zniža</w>
 <w id="w11.10.13">,</w> 
 <w id="w11.10.14">to</w> 
 <w id="w11.10.15">pa</w> 
 <w id="w11.10.16">prispeva</w> 
 <w id="w11.10.17">k</w> 
 <w id="w11.10.18">nadzoru</w> 
 <w id="w11.10.19">sladkorne</w> 
 <w id="w11.10.20">bolezni</w> 
 <w id="w11.10.21">tipa</w> 
 <w id="w11.10.22">2</w>
 <w id="w11.10.23">.</w>
</s></p>

<p id="12">
<s id="s12.1">
 <w id="w12.1.1">Kako</w> 
 <w id="w12.1.2">je</w> 
 <w id="w12.1.3">bilo</w> 
 <w id="w12.1.4">zdravilo</w> 
 <w id="w12.1.5">Efficib</w> 
 <w id="w12.1.6">raziskano</w>
 <w id="w12.1.7">?</w>
</s> 
 
<s id="s12.2">
 <w id="w12.2.1">Sitagliptin</w> 
 <w id="w12.2.2">kot</w> 
 <w id="w12.2.3">samostojno</w> 
 <w id="w12.2.4">zdravilo</w> 
 <w id="w12.2.5">je</w> 
 <w id="w12.2.6">v</w> 
 <w id="w12.2.7">Evropski</w> 
 <w id="w12.2.8">uniji</w> 
 <w id="w12.2.9">(</w>
 <w id="w12.2.10">EU</w>
 <w id="w12.2.11">)</w> 
 <w id="w12.2.12">odobren</w> 
 <w id="w12.2.13">pod</w> 
 <w id="w12.2.14">imenom</w> 
 <w id="w12.2.15">Januvia</w> 
 <w id="w12.2.16">od</w> 
 <w id="w12.2.17">leta</w> 
 <w id="w12.2.18">2007</w>
 <w id="w12.2.19">.</w>
</s> 
 
<s id="s12.3">
 <w id="w12.3.1">Zdravilo</w> 
 <w id="w12.3.2">Januvia</w> 
 <w id="w12.3.3">se</w> 
 <w id="w12.3.4">lahko</w> 
 <w id="w12.3.5">uporablja</w> 
 <w id="w12.3.6">z</w> 
 <w id="w12.3.7">metforminom</w> 
 <w id="w12.3.8">ter</w> 
 <w id="w12.3.9">hkrati</w> 
 <w id="w12.3.10">z</w> 
 <w id="w12.3.11">metforminom</w> 
 <w id="w12.3.12">in</w> 
 <w id="w12.3.13">sulfonilsečnino</w> 
 <w id="w12.3.14">pri</w> 
 <w id="w12.3.15">bolnikih</w> 
 <w id="w12.3.16">s</w> 
 <w id="w12.3.17">sladkorno</w> 
 <w id="w12.3.18">boleznijo</w> 
 <w id="w12.3.19">tipa</w> 
 <w id="w12.3.20">2</w>
 <w id="w12.3.21">.</w>
</s> 
 
<s id="s12.4">
 <w id="w12.4.1">Tri</w> 
 <w id="w12.4.2">študije</w> 
 <w id="w12.4.3">zdravila</w> 
 <w id="w12.4.4">Januvia</w> 
 <w id="w12.4.5">z</w> 
 <w id="w12.4.6">bolniki</w> 
 <w id="w12.4.7">s</w> 
 <w id="w12.4.8">sladkorno</w> 
 <w id="w12.4.9">boleznijo</w> 
 <w id="w12.4.10">tipa</w> 
 <w id="w12.4.11">2</w>
 <w id="w12.4.12">,</w> 
 <w id="w12.4.13">katerih</w> 
 <w id="w12.4.14">ravni</w> 
 <w id="w12.4.15">glukoze</w> 
 <w id="w12.4.16">v</w> 
 <w id="w12.4.17">krvi</w> 
 <w id="w12.4.18">niso</w> 
 <w id="w12.4.19">zadostno</w> 
 <w id="w12.4.20">nadzorovane</w> 
 <w id="w12.4.21">samo</w> 
 <w id="w12.4.22">z</w> 
 <w id="w12.4.23">jemanjem</w> 
 <w id="w12.4.24">metformina</w>
 <w id="w12.4.25">,</w> 
 <w id="w12.4.26">so</w> 
 <w id="w12.4.27">se</w> 
 <w id="w12.4.28">uporabile</w> 
 <w id="w12.4.29">v</w> 
 <w id="w12.4.30">podporo</w> 
 <w id="w12.4.31">uporabe</w> 
 <w id="w12.4.32">zdravila</w> 
 <w id="w12.4.33">Efficib</w> 
 <w id="w12.4.34">pri</w> 
 <w id="w12.4.35">istih</w> 
 <w id="w12.4.36">indikacijah</w>
 <w id="w12.4.37">.</w>
</s> 
 
<s id="s12.5">
 <w id="w12.5.1">V</w> 
 <w id="w12.5.2">dveh</w> 
 <w id="w12.5.3">študijah</w> 
 <w id="w12.5.4">so</w> 
 <w id="w12.5.5">sitagliptin</w> 
 <w id="w12.5.6">kot</w> 
 <w id="w12.5.7">dodatek</w> 
 <w id="w12.5.8">k</w> 
 <w id="w12.5.9">metforminu</w> 
 <w id="w12.5.10">primerjali</w> 
 <w id="w12.5.11">s</w> 
 <w id="w12.5.12">placebom</w> 
 <w id="w12.5.13">(</w>
 <w id="w12.5.14">pri</w> 
 <w id="w12.5.15">701</w> 
 <w id="w12.5.16">bolniku</w>
 <w id="w12.5.17">)</w> 
 <w id="w12.5.18">in</w> 
 <w id="w12.5.19">z</w> 
 <w id="w12.5.20">glipizidom</w> 
 <w id="w12.5.21">(</w>
 <w id="w12.5.22">sulfonilsečnino</w>
 <w id="w12.5.23">)</w> 
 <w id="w12.5.24">(</w>
 <w id="w12.5.25">pri</w> 
 <w id="w12.5.26">1172</w> 
 <w id="w12.5.27">bolnikih</w>
 <w id="w12.5.28">)</w>
 <w id="w12.5.29">.</w>
</s> 
 
<s id="s12.6">
 <w id="w12.6.1">V</w> 
 <w id="w12.6.2">tretji</w> 
 <w id="w12.6.3">študiji</w> 
 <w id="w12.6.4">so</w> 
 <w id="w12.6.5">pri</w> 
 <w id="w12.6.6">441</w> 
 <w id="w12.6.7">bolnikih</w> 
 <w id="w12.6.8">sitagliptin</w> 
 <w id="w12.6.9">primerjali</w> 
 <w id="w12.6.10">s</w> 
 <w id="w12.6.11">placebom</w>
 <w id="w12.6.12">,</w> 
 <w id="w12.6.13">ki</w> 
 <w id="w12.6.14">so</w> 
 <w id="w12.6.15">ga</w> 
 <w id="w12.6.16">uporabili</w> 
 <w id="w12.6.17">kot</w> 
 <w id="w12.6.18">dodatek</w> 
 <w id="w12.6.19">k</w> 
 <w id="w12.6.20">glimepiridu</w> 
 <w id="w12.6.21">(</w>
 <w id="w12.6.22">drugi</w> 
 <w id="w12.6.23">vrsti</w> 
 <w id="w12.6.24">sulfonilsečnine</w>
 <w id="w12.6.25">)</w> 
 <w id="w12.6.26">z</w> 
 <w id="w12.6.27">metforminom</w> 
 <w id="w12.6.28">ali</w> 
 <w id="w12.6.29">brez</w> 
 <w id="w12.6.30">njega</w>
 <w id="w12.6.31">.</w>
</s> 
 
<s id="s12.7">
 <w id="w12.7.1">Predstavljeni</w> 
 <w id="w12.7.2">so</w> 
 <w id="w12.7.3">bili</w> 
 <w id="w12.7.4">tudi</w> 
 <w id="w12.7.5">rezultati</w> 
 <w id="w12.7.6">ene</w> 
 <w id="w12.7.7">nove</w> 
 <w id="w12.7.8">študije</w> 
 <w id="w12.7.9">z</w> 
 <w id="w12.7.10">bolniki</w>
 <w id="w12.7.11">,</w> 
 <w id="w12.7.12">ki</w> 
 <w id="w12.7.13">prej</w> 
 <w id="w12.7.14">niso</w> 
 <w id="w12.7.15">jemali</w> 
 <w id="w12.7.16">zdravil</w> 
 <w id="w12.7.17">proti</w> 
 <w id="w12.7.18">sladkorni</w> 
 <w id="w12.7.19">bolezni</w>
 <w id="w12.7.20">,</w> 
 <w id="w12.7.21">v</w> 
 <w id="w12.7.22">kateri</w> 
 <w id="w12.7.23">so</w> 
 <w id="w12.7.24">primerjali</w> 
 <w id="w12.7.25">učinek</w> 
 <w id="w12.7.26">kombinacije</w> 
 <w id="w12.7.27">sitagliptina</w> 
 <w id="w12.7.28">in</w> 
 <w id="w12.7.29">metformina</w> 
 <w id="w12.7.30">z</w> 
 <w id="w12.7.31">učinkom</w> 
 <w id="w12.7.32">metformina</w> 
 <w id="w12.7.33">ali</w> 
 <w id="w12.7.34">sitagliptina</w> 
 <w id="w12.7.35">kot</w> 
 <w id="w12.7.36">samostojnega</w> 
 <w id="w12.7.37">zdravila</w>
 <w id="w12.7.38">.</w>
</s> 
 
<s id="s12.8">
 <w id="w12.8.1">V</w> 
 <w id="w12.8.2">vseh</w> 
 <w id="w12.8.3">študijah</w> 
 <w id="w12.8.4">so</w> 
 <w id="w12.8.5">po</w> 
 <w id="w12.8.6">24</w> 
 <w id="w12.8.7">tednih</w> 
 <w id="w12.8.8">merili</w> 
 <w id="w12.8.9">spremembo</w> 
 <w id="w12.8.10">koncentracije</w> 
 <w id="w12.8.11">snovi</w> 
 <w id="w12.8.12">v</w> 
 <w id="w12.8.13">krvi</w>
 <w id="w12.8.14">,</w> 
 <w id="w12.8.15">imenovane</w> 
 <w id="w12.8.16">glikozilirani</w> 
 <w id="w12.8.17">hemoglobin</w> 
 <w id="w12.8.18">(</w>
 <w id="w12.8.19">HbA1c</w>
 <w id="w12.8.20">)</w>
 <w id="w12.8.21">,</w> 
 <w id="w12.8.22">ki</w> 
 <w id="w12.8.23">kaže</w>
 <w id="w12.8.24">,</w> 
 <w id="w12.8.25">kako</w> 
 <w id="w12.8.26">dobro</w> 
 <w id="w12.8.27">je</w> 
 <w id="w12.8.28">glukoza</w> 
 <w id="w12.8.29">v</w> 
 <w id="w12.8.30">krvi</w> 
 <w id="w12.8.31">nadzorovana</w>
 <w id="w12.8.32">.</w>
</s> 
 
<s id="s12.9">
 <w id="w12.9.1">Opravljeni</w> 
 <w id="w12.9.2">sta</w> 
 <w id="w12.9.3">bili</w> 
 <w id="w12.9.4">tudi</w> 
 <w id="w12.9.5">dve</w> 
 <w id="w12.9.6">bioekvivalenčni</w> 
 <w id="w12.9.7">študiji</w>
 <w id="w12.9.8">,</w> 
 <w id="w12.9.9">ki</w> 
 <w id="w12.9.10">prikazujeta</w>
 <w id="w12.9.11">,</w> 
 <w id="w12.9.12">da</w> 
 <w id="w12.9.13">sta</w> 
 <w id="w12.9.14">bili</w> 
 <w id="w12.9.15">zdravilni</w> 
 <w id="w12.9.16">učinkovini</w> 
 <w id="w12.9.17">v</w> 
 <w id="w12.9.18">dveh</w> 
 <w id="w12.9.19">jakostih</w> 
 <w id="w12.9.20">zdravila</w> 
 <w id="w12.9.21">Efficib</w> 
 <w id="w12.9.22">absorbirani</w> 
 <w id="w12.9.23">v</w> 
 <w id="w12.9.24">telo</w> 
 <w id="w12.9.25">enako</w> 
 <w id="w12.9.26">kot</w> 
 <w id="w12.9.27">takrat</w>
 <w id="w12.9.28">,</w> 
 <w id="w12.9.29">ko</w> 
 <w id="w12.9.30">sta</w> 
 <w id="w12.9.31">bili</w> 
 <w id="w12.9.32">vzeti</w> 
 <w id="w12.9.33">v</w> 
 <w id="w12.9.34">obliki</w> 
 <w id="w12.9.35">ločenih</w> 
 <w id="w12.9.36">tablet</w>
 <w id="w12.9.37">.</w>
</s></p>

<p id="13">
<s id="s13.1">
 <w id="w13.1.1">Kakšne</w> 
 <w id="w13.1.2">koristi</w> 
 <w id="w13.1.3">je</w> 
 <w id="w13.1.4">zdravilo</w> 
 <w id="w13.1.5">Efficib</w> 
 <w id="w13.1.6">izkazalo</w> 
 <w id="w13.1.7">med</w> 
 <w id="w13.1.8">študijami</w>
 <w id="w13.1.9">?</w>
</s> 
 
<s id="s13.2">
 <w id="w13.2.1">Sitagliptin</w> 
 <w id="w13.2.2">je</w> 
 <w id="w13.2.3">bil</w> 
 <w id="w13.2.4">v</w> 
 <w id="w13.2.5">kombinaciji</w> 
 <w id="w13.2.6">z</w> 
 <w id="w13.2.7">metforminom</w> 
 <w id="w13.2.8">učinkovitejši</w> 
 <w id="w13.2.9">od</w> 
 <w id="w13.2.10">metformina</w>
 <w id="w13.2.11">,</w> 
 <w id="w13.2.12">vzetega</w> 
 <w id="w13.2.13">samostojno</w>
 <w id="w13.2.14">.</w>
</s> 
 
<s id="s13.3">
 <w id="w13.3.1">Z</w> 
 <w id="w13.3.2">dodajanjem</w> 
 <w id="w13.3.3">100</w> 
 <w id="w13.3.4">mg</w> 
 <w id="w13.3.5">sitagliptina</w> 
 <w id="w13.3.6">k</w> 
 <w id="w13.3.7">metforminu</w> 
 <w id="w13.3.8">so</w> 
 <w id="w13.3.9">se</w> 
 <w id="w13.3.10">ravni</w> 
 <w id="w13.3.11">HbA1c</w> 
 <w id="w13.3.12">po</w> 
 <w id="w13.3.13">24</w> 
 <w id="w13.3.14">tednih</w> 
 <w id="w13.3.15">znižale</w> 
 <w id="w13.3.16">za</w> 
 <w id="w13.3.17">0,</w>
 <w id="w13.3.18">67</w> 
 <w id="w13.3.19">%</w> 
 <w id="w13.3.20">(</w>
 <w id="w13.3.21">z</w> 
 <w id="w13.3.22">okoli</w> 
 <w id="w13.3.23">8,</w>
 <w id="w13.3.24">0</w> 
 <w id="w13.3.25">%</w>
 <w id="w13.3.26">)</w> 
 <w id="w13.3.27">v</w> 
 <w id="w13.3.28">primerjavi</w> 
 <w id="w13.3.29">z</w> 
 <w id="w13.3.30">znižanjem</w> 
 <w id="w13.3.31">za</w> 
 <w id="w13.3.32">0,</w>
 <w id="w13.3.33">02</w> 
 <w id="w13.3.34">%</w> 
 <w id="w13.3.35">pri</w> 
 <w id="w13.3.36">bolnikih</w>
 <w id="w13.3.37">,</w> 
 <w id="w13.3.38">katerim</w> 
 <w id="w13.3.39">se</w> 
 <w id="w13.3.40">je</w> 
 <w id="w13.3.41">dodal</w> 
 <w id="w13.3.42">placebo</w>
 <w id="w13.3.43">.</w>
</s> 
 
<s id="s13.4">
 <w id="w13.4.1">Učinkovitost</w> 
 <w id="w13.4.2">dodajanja</w> 
 <w id="w13.4.3">sitagliptina</w> 
 <w id="w13.4.4">k</w> 
 <w id="w13.4.5">metforminu</w> 
 <w id="w13.4.6">je</w> 
 <w id="w13.4.7">bila</w> 
 <w id="w13.4.8">pri</w> 
 <w id="w13.4.9">zniževanju</w> 
 <w id="w13.4.10">ravni</w> 
 <w id="w13.4.11">HbA1c</w> 
 <w id="w13.4.12">podobna</w> 
 <w id="w13.4.13">učinkovitosti</w> 
 <w id="w13.4.14">glipizida</w>
 <w id="w13.4.15">.</w>
</s> 
 
<s id="s13.5">
 <w id="w13.5.1">V</w> 
 <w id="w13.5.2">študiji</w>
 <w id="w13.5.3">,</w> 
 <w id="w13.5.4">pri</w> 
 <w id="w13.5.5">kateri</w> 
 <w id="w13.5.6">se</w> 
 <w id="w13.5.7">je</w> 
 <w id="w13.5.8">sitagliptin</w> 
 <w id="w13.5.9">dodajal</w> 
 <w id="w13.5.10">k</w> 
 <w id="w13.5.11">glimepiridu</w> 
 <w id="w13.5.12">in</w> 
 <w id="w13.5.13">metforminu</w>
 <w id="w13.5.14">,</w> 
 <w id="w13.5.15">so</w> 
 <w id="w13.5.16">se</w> 
 <w id="w13.5.17">ravni</w> 
 <w id="w13.5.18">HbA1c</w> 
 <w id="w13.5.19">po</w> 
 <w id="w13.5.20">24</w> 
 <w id="w13.5.21">tednih</w> 
 <w id="w13.5.22">znižale</w> 
 <w id="w13.5.23">za</w> 
 <w id="w13.5.24">0,</w>
 <w id="w13.5.25">59</w> 
 <w id="w13.5.26">%</w> 
 <w id="w13.5.27">v</w> 
 <w id="w13.5.28">primerjavi</w> 
 <w id="w13.5.29">s</w> 
 <w id="w13.5.30">povečanjem</w> 
 <w id="w13.5.31">za</w> 
 <w id="w13.5.32">0,</w>
 <w id="w13.5.33">30</w> 
 <w id="w13.5.34">%</w> 
 <w id="w13.5.35">pri</w> 
 <w id="w13.5.36">bolnikih</w>
 <w id="w13.5.37">,</w> 
 <w id="w13.5.38">pri</w> 
 <w id="w13.5.39">katerih</w> 
 <w id="w13.5.40">se</w> 
 <w id="w13.5.41">je</w> 
 <w id="w13.5.42">dodajal</w> 
 <w id="w13.5.43">placebo</w>
 <w id="w13.5.44">.</w>
</s> 
 
<s id="s13.6">
 <w id="w13.6.1">V</w> 
 <w id="w13.6.2">novi</w> 
 <w id="w13.6.3">študiji</w> 
 <w id="w13.6.4">je</w> 
 <w id="w13.6.5">bila</w> 
 <w id="w13.6.6">kombinacija</w> 
 <w id="w13.6.7">sitagliptina</w> 
 <w id="w13.6.8">in</w> 
 <w id="w13.6.9">metformina</w> 
 <w id="w13.6.10">učinkovitejša</w> 
 <w id="w13.6.11">od</w> 
 <w id="w13.6.12">metformina</w> 
 <w id="w13.6.13">ali</w> 
 <w id="w13.6.14">sitagliptina</w> 
 <w id="w13.6.15">kot</w> 
 <w id="w13.6.16">samostojnega</w> 
 <w id="w13.6.17">zdravila</w>
 <w id="w13.6.18">.</w>
</s></p>

<p id="14">
<s id="s14.1">
 <w id="w14.1.1">Kakšna</w> 
 <w id="w14.1.2">tveganja</w> 
 <w id="w14.1.3">so</w> 
 <w id="w14.1.4">povezana</w> 
 <w id="w14.1.5">z</w> 
 <w id="w14.1.6">zdravilom</w> 
 <w id="w14.1.7">Efficib</w>
 <w id="w14.1.8">?</w>
</s> 
 
<s id="s14.2">
 <w id="w14.2.1">Najpogostejši</w> 
 <w id="w14.2.2">neželeni</w> 
 <w id="w14.2.3">učinek</w> 
 <w id="w14.2.4">zdravila</w> 
 <w id="w14.2.5">Efficib</w> 
 <w id="w14.2.6">(</w>
 <w id="w14.2.7">opažen</w> 
 <w id="w14.2.8">pri</w> 
 <w id="w14.2.9">1</w> 
 <w id="w14.2.10">do</w> 
 <w id="w14.2.11">10</w> 
 <w id="w14.2.12">bolnikih</w> 
 <w id="w14.2.13">izmed</w> 
 <w id="w14.2.14">100</w>
 <w id="w14.2.15">)</w> 
 <w id="w14.2.16">je</w> 
 <w id="w14.2.17">navzeja</w> 
 <w id="w14.2.18">(</w>
 <w id="w14.2.19">občutek</w> 
 <w id="w14.2.20">slabosti</w>
 <w id="w14.2.21">)</w>
 <w id="w14.2.22">.</w>
</s> 
 
<s id="s14.3">
 <w id="w14.3.1">Za</w> 
 <w id="w14.3.2">celoten</w> 
 <w id="w14.3.3">seznam</w> 
 <w id="w14.3.4">neželenih</w> 
 <w id="w14.3.5">učinkov</w>
 <w id="w14.3.6">,</w> 
 <w id="w14.3.7">o</w> 
 <w id="w14.3.8">katerih</w> 
 <w id="w14.3.9">so</w> 
 <w id="w14.3.10">poročali</w> 
 <w id="w14.3.11">pri</w> 
 <w id="w14.3.12">uporabi</w> 
 <w id="w14.3.13">zdravila</w> 
 <w id="w14.3.14">Efficib</w>
 <w id="w14.3.15">,</w> 
 <w id="w14.3.16">glejte</w> 
 <w id="w14.3.17">navodilo</w> 
 <w id="w14.3.18">za</w> 
 <w id="w14.3.19">uporabo</w>
 <w id="w14.3.20">.</w>
</s> 
 
<s id="s14.4">
 <w id="w14.4.1">Zdravila</w> 
 <w id="w14.4.2">Efficib</w> 
 <w id="w14.4.3">ne</w> 
 <w id="w14.4.4">smejo</w> 
 <w id="w14.4.5">uporabljati</w> 
 <w id="w14.4.6">osebe</w>
 <w id="w14.4.7">,</w> 
 <w id="w14.4.8">ki</w> 
 <w id="w14.4.9">utegnejo</w> 
 <w id="w14.4.10">biti</w> 
 <w id="w14.4.11">preobčutljive</w> 
 <w id="w14.4.12">za</w> 
 <w id="w14.4.13">(</w>
 <w id="w14.4.14">alergične</w> 
 <w id="w14.4.15">na</w>
 <w id="w14.4.16">)</w> 
 <w id="w14.4.17">sitagliptin</w>
 <w id="w14.4.18">,</w> 
 <w id="w14.4.19">metformin</w> 
 <w id="w14.4.20">ali</w> 
 <w id="w14.4.21">katero</w> 
 <w id="w14.4.22">koli</w> 
 <w id="w14.4.23">drugo</w> 
 <w id="w14.4.24">sestavino</w> 
 <w id="w14.4.25">zdravila</w>
 <w id="w14.4.26">.</w>
</s> 
 
<s id="s14.5">
 <w id="w14.5.1">Prav</w> 
 <w id="w14.5.2">tako</w> 
 <w id="w14.5.3">ga</w> 
 <w id="w14.5.4">ne</w> 
 <w id="w14.5.5">smejo</w> 
 <w id="w14.5.6">uporabljati</w> 
 <w id="w14.5.7">bolniki</w>
 <w id="w14.5.8">,</w> 
 <w id="w14.5.9">ki</w> 
 <w id="w14.5.10">imajo</w> 
 <w id="w14.5.11">diabetično</w> 
 <w id="w14.5.12">ketoacidozo</w> 
 <w id="w14.5.13">(</w>
 <w id="w14.5.14">visoke</w> 
 <w id="w14.5.15">koncentracije</w> 
 <w id="w14.5.16">ketonov</w> 
 <w id="w14.5.17">in</w> 
 <w id="w14.5.18">kislin</w> 
 <w id="w14.5.19">v</w> 
 <w id="w14.5.20">krvi</w>
 <w id="w14.5.21">)</w>
 <w id="w14.5.22">,</w> 
 <w id="w14.5.23">diabetično</w> 
 <w id="w14.5.24">komo</w>
 <w id="w14.5.25">,</w> 
 <w id="w14.5.26">okvaro</w> 
 <w id="w14.5.27">ledvic</w> 
 <w id="w14.5.28">ali</w> 
 <w id="w14.5.29">jeter</w>
 <w id="w14.5.30">,</w> 
 <w id="w14.5.31">stanja</w>
 <w id="w14.5.32">,</w> 
 <w id="w14.5.33">pri</w> 
 <w id="w14.5.34">katerih</w> 
 <w id="w14.5.35">obstaja</w> 
 <w id="w14.5.36">možnost</w> 
 <w id="w14.5.37">poslabšanja</w> 
 <w id="w14.5.38">delovanja</w> 
 <w id="w14.5.39">ledvic</w>
 <w id="w14.5.40">,</w> 
 <w id="w14.5.41">ali</w> 
 <w id="w14.5.42">bolezen</w>
 <w id="w14.5.43">,</w> 
 <w id="w14.5.44">ki</w> 
 <w id="w14.5.45">povzroči</w> 
 <w id="w14.5.46">zmanjšanje</w> 
 <w id="w14.5.47">pretoka</w> 
 <w id="w14.5.48">kisika</w> 
 <w id="w14.5.49">v</w> 
 <w id="w14.5.50">tkiva</w>
 <w id="w14.5.51">,</w> 
 <w id="w14.5.52">kot</w> 
 <w id="w14.5.53">so</w> 
 <w id="w14.5.54">srčna</w> 
 <w id="w14.5.55">ali</w> 
 <w id="w14.5.56">respiratorna</w> 
 <w id="w14.5.57">odpoved</w> 
 <w id="w14.5.58">ali</w> 
 <w id="w14.5.59">nedavni</w> 
 <w id="w14.5.60">srčni</w> 
 <w id="w14.5.61">napad</w>
 <w id="w14.5.62">.</w>
</s> 
 
<s id="s14.6">
 <w id="w14.6.1">Prav</w> 
 <w id="w14.6.2">tako</w> 
 <w id="w14.6.3">se</w> 
 <w id="w14.6.4">ne</w> 
 <w id="w14.6.5">sme</w> 
 <w id="w14.6.6">uporabljati</w> 
 <w id="w14.6.7">pri</w> 
 <w id="w14.6.8">bolnikih</w> 
 <w id="w14.6.9">z</w> 
 <w id="w14.6.10">akutno</w> 
 <w id="w14.6.11">zastrupitvijo</w> 
 <w id="w14.6.12">z</w> 
 <w id="w14.6.13">alkoholom</w> 
 <w id="w14.6.14">(</w>
 <w id="w14.6.15">prekomerno</w> 
 <w id="w14.6.16">uživanje</w> 
 <w id="w14.6.17">alkohola</w>
 <w id="w14.6.18">)</w> 
 <w id="w14.6.19">ali</w> 
 <w id="w14.6.20">v</w> 
 <w id="w14.6.21">primeru</w> 
 <w id="w14.6.22">alkoholizma</w> 
 <w id="w14.6.23">oziroma</w> 
 <w id="w14.6.24">med</w> 
 <w id="w14.6.25">dojenjem</w>
 <w id="w14.6.26">.</w>
</s> 
 
<s id="s14.7">
 <w id="w14.7.1">Za</w> 
 <w id="w14.7.2">celoten</w> 
 <w id="w14.7.3">seznam</w> 
 <w id="w14.7.4">omejitev</w> 
 <w id="w14.7.5">glejte</w> 
 <w id="w14.7.6">navodilo</w> 
 <w id="w14.7.7">za</w> 
 <w id="w14.7.8">uporabo</w>
 <w id="w14.7.9">.</w>
</s></p>

<p id="15">
<s id="s15.1">
 <w id="w15.1.1">2/</w>
 <w id="w15.1.2">3</w> 
 <w id="w15.1.3">Zakaj</w> 
 <w id="w15.1.4">je</w> 
 <w id="w15.1.5">bilo</w> 
 <w id="w15.1.6">zdravilo</w> 
 <w id="w15.1.7">Efficib</w> 
 <w id="w15.1.8">odobreno</w>
 <w id="w15.1.9">?</w>
</s> 
 
<s id="s15.2">
 <w id="w15.2.1">Odbor</w> 
 <w id="w15.2.2">za</w> 
 <w id="w15.2.3">zdravila</w> 
 <w id="w15.2.4">za</w> 
 <w id="w15.2.5">uporabo</w> 
 <w id="w15.2.6">v</w> 
 <w id="w15.2.7">humani</w> 
 <w id="w15.2.8">medicini</w> 
 <w id="w15.2.9">(</w>
 <w id="w15.2.10">CHMP</w>
 <w id="w15.2.11">)</w> 
 <w id="w15.2.12">je</w> 
 <w id="w15.2.13">zaključil</w>
 <w id="w15.2.14">,</w> 
 <w id="w15.2.15">da</w> 
 <w id="w15.2.16">so</w> 
 <w id="w15.2.17">koristi</w> 
 <w id="w15.2.18">zdravila</w> 
 <w id="w15.2.19">Efficib</w> 
 <w id="w15.2.20">pri</w> 
 <w id="w15.2.21">zdravljenju</w> 
 <w id="w15.2.22">bolnikov</w> 
 <w id="w15.2.23">s</w> 
 <w id="w15.2.24">sladkorno</w> 
 <w id="w15.2.25">boleznijo</w> 
 <w id="w15.2.26">tipa</w> 
 <w id="w15.2.27">2</w> 
 <w id="w15.2.28">večje</w> 
 <w id="w15.2.29">od</w> 
 <w id="w15.2.30">z</w> 
 <w id="w15.2.31">njim</w> 
 <w id="w15.2.32">povezanih</w> 
 <w id="w15.2.33">tveganj</w>
 <w id="w15.2.34">.</w>
</s> 
 
<s id="s15.3">
 <w id="w15.3.1">Odbor</w> 
 <w id="w15.3.2">je</w> 
 <w id="w15.3.3">priporočil</w>
 <w id="w15.3.4">,</w> 
 <w id="w15.3.5">da</w> 
 <w id="w15.3.6">se</w> 
 <w id="w15.3.7">za</w> 
 <w id="w15.3.8">zdravilo</w> 
 <w id="w15.3.9">Efficib</w> 
 <w id="w15.3.10">odobri</w> 
 <w id="w15.3.11">dovoljenje</w> 
 <w id="w15.3.12">za</w> 
 <w id="w15.3.13">promet</w>
 <w id="w15.3.14">.</w>
</s></p>

<p id="16">
<s id="s16.1">
 <w id="w16.1.1">Druge</w> 
 <w id="w16.1.2">informacije</w> 
 <w id="w16.1.3">o</w> 
 <w id="w16.1.4">zdravilu</w> 
 <w id="w16.1.5">Efficib</w>
 <w id="w16.1.6">:</w>
</s> 
 
<s id="s16.2">
 <w id="w16.2.1">Evropska</w> 
 <w id="w16.2.2">komisija</w> 
 <w id="w16.2.3">je</w> 
 <w id="w16.2.4">dovoljenje</w> 
 <w id="w16.2.5">za</w> 
 <w id="w16.2.6">promet</w> 
 <w id="w16.2.7">z</w> 
 <w id="w16.2.8">zdravilom</w> 
 <w id="w16.2.9">Efficib</w>
 <w id="w16.2.10">,</w> 
 <w id="w16.2.11">veljavno</w> 
 <w id="w16.2.12">po</w> 
 <w id="w16.2.13">vsej</w> 
 <w id="w16.2.14">Evropski</w> 
 <w id="w16.2.15">uniji</w>
 <w id="w16.2.16">,</w> 
 <w id="w16.2.17">odobrila</w> 
 <w id="w16.2.18">družbi</w> 
 <w id="w16.2.19">Merck</w> 
 <w id="w16.2.20">Sharp</w>   
 <w id="w16.2.21">&amp;</w>   
 <w id="w16.2.22">Dohme</w> 
 <w id="w16.2.23">Ltd</w> 
 <w id="w16.2.24">dne</w> 
 <w id="w16.2.25">16</w>
 <w id="w16.2.26">.</w> 
 <w id="w16.2.27">julija</w> 
 <w id="w16.2.28">2008</w>
 <w id="w16.2.29">.</w>
</s></p>

<p id="17">
<s id="s17.1">
 <w id="w17.1.1">Celotno</w> 
 <w id="w17.1.2">evropsko</w> 
 <w id="w17.1.3">javno</w> 
 <w id="w17.1.4">poročilo</w> 
 <w id="w17.1.5">o</w> 
 <w id="w17.1.6">oceni</w> 
 <w id="w17.1.7">zdravila</w> 
 <w id="w17.1.8">(</w>
 <w id="w17.1.9">EPAR</w>
 <w id="w17.1.10">)</w> 
 <w id="w17.1.11">za</w> 
 <w id="w17.1.12">zdravilo</w> 
 <w id="w17.1.13">Efficib</w> 
 <w id="w17.1.14">je</w> 
 <w id="w17.1.15">na</w> 
 <w id="w17.1.16">voljo</w> 
 <w id="w17.1.17">tukaj</w>
 <w id="w17.1.18">.</w>
</s></p>

<p id="18">
<s id="s18.1">
 <w id="w18.1.1">Povzetek</w> 
 <w id="w18.1.2">je</w> 
 <w id="w18.1.3">bil</w> 
 <w id="w18.1.4">nazadnje</w> 
 <w id="w18.1.5">posodobljen</w> 
 <w id="w18.1.6">05-</w>
 <w id="w18.1.7">2008</w>
 <w id="w18.1.8">.</w>
</s></p>

<p id="19">
<s id="s19.1">
 <w id="w19.1.1">3/</w>
 <w id="w19.1.2">3</w>
</s></p></text>
