<?xml version="1.0" encoding="utf-8"?>
<letsmt version="1.0">
<head></head>
<body>
<s id="s1.1">European Medicines Agency Evaluation of Medicines for Human Use</s>
<s id="s2.1">London, 24 September 2008 Doc.</s>
<s id="s2.2">Ref.</s>
<s id="s2.3">EMEA/ CHMP/ 512295/ 2008</s>
<s id="s3.1">COMMITTEE FOR MEDICINAL PRODUCTS FOR HUMAN USE (CHMP)</s>
<s id="s4.1">OPINION FOLLOWING AN ARTICLE 30 REFERRAL FOR Gemzar</s>
<s id="s5.1">International Non-Proprietary Name (INN): gemcitabine</s>
<s id="s6.1">BACKGROUND INFORMATION</s>
<s id="s7.1">Gemzar, 200 mg, 1000 mg, powder for solution for infusion, is a pyrimidine antagonist and is given in the management of solid tumours.</s>
<s id="s7.2">It is indicated in bladder cancer, advanced non-small cell lung cancer, advanced pancreatic cancer, breast cancer and ovarian cancer.</s>
<s id="s8.1">On 8 June 2007, the European Commission presented to the EMEA a referral under Article 30 of Directive 2001/ 83/ EC, as amended, in order to harmonise the nationally authorised Summaries of Product Characteristics (SPC), Labelling and Package Leaflet including quality aspects of the medicinal product Gemzar.</s>
<s id="s9.1">The basis for referral was that there were divergences in the Summaries of Product Characteristics (SPC) including quality aspects of Gemzar approved across EU Member States, mainly with respect to the approved indications, the posology, the contra-indications and the warnings.</s>
<s id="s10.1">This medicinal product belongs to the list of products for SPC harmonisation.</s>
<s id="s11.1">The procedure started on 21 June 2007.</s>
<s id="s11.2">The Marketing Authorisation Holder provided supplementary information on 20 December 2007.</s>
<s id="s12.1">During its June 2008 meeting, the CHMP, in the light of the overall submitted data and the scientific discussion within the Committee, was of the opinion that the proposal for the harmonisation of the SPC, Labelling and Package leaflet including the quality aspects was acceptable and that they should be amended.</s>
<s id="s13.1">The CHMP gave a positive opinion on 26 June 2008 recommending the harmonisation of the SPC, Labelling and Package Leaflet including quality aspects for Gemzar.</s>
<s id="s14.1">The list of product names concerned is given in Annex I.</s>
<s id="s14.2">The scientific conclusions are provided in Annex II together with the amended SPC, Labelling and Package Leaflet in Annex III.</s>
<s id="s15.1">A Decision was issued by the European Commission on 23 September 2008.</s>
<s id="s16.1">7 Westferry Circus, Canary Wharf, London, E14 4HB, UK Tel.</s>
<s id="s16.2">(44-20) 74 18 84 00 Fax (44-20) 74 18 86 13 E-mail: mail@emea. europa. eu http: / /www. emea. europa. eu © European Medicines Agency, 2008.</s>
<s id="s16.3">Reproduction is authorised provided the source is acknowledged.</s>
</body>
</letsmt>
