<?xml version="1.0" encoding="utf-8"?>
<letsmt version="1.0">
<head></head>
<body>
<s id="s1.1">DODATEK I</s>
<s id="s2.1">POVZETEK GLAVNIH ZNA ILNOSTI ZDRAVILA 1.</s>
<s id="s2.2">IME ZDRAVILA</s>
<s id="s3.1">Vaniqa 11, 5% krema</s>
<s id="s4.1">2.</s>
<s id="s4.2">KAKOVOSTNA IN KOLI INSKA SESTAVA</s>
<s id="s5.1">1 gram kreme Vaniqa 11, 5% m/ m vsebuje 115 mg eflornitina (v obliki klorida monohidrat).</s>
<s id="s6.1">Pomožne snovi:</s>
<s id="s6.2">Cetil in stearilalkohol Stearilalkohol</s>
<s id="s7.1">Za celoten seznam pomožnih snovi glejte poglavje 6. 1.</s>
<s id="s8.1">3.</s>
<s id="s8.2">FARMACEVTSKA OBLIKA</s>
<s id="s9.1">Krema.</s>
<s id="s10.1">Bela do umazano bela krema.</s>
<s id="s11.1">4.</s>
<s id="s11.2">KLINI NI PODATKI</s>
<s id="s12.1">4. 1 Terapevtske indikacije</s>
<s id="s13.1">Zdravljenje obraznega hirsuitizma pri ženskah.</s>
<s id="s14.1">4. 2 Odmerjanje in na in uporabe</s>
<s id="s15.1">Zdravilo je treba v tankem sloju nanesti dvakrat dnevno v vsaj osemurnih presledkih na isto in suho kožo prizadetih predelov.</s>
<s id="s15.2">Kremo je treba dobro vtreti v kožo.</s>
<s id="s15.3">Po vtiranju zdravila si je treba umiti roke.</s>
<s id="s15.4">Predelov, kjer ste zdravilo nanesli, zaradi boljše u inkovitosti ne istite vsaj še štiri ure po nanosu.</s>
<s id="s15.5">Preko predelov, kamor ste nanesli zdravilo, lahko nanašate kozmeti ne preparate (vklju no s kremami za son enje), vendar ne prej kot v petih minutah po nanosu zdravila.</s>
<s id="s15.6">U inkovitost je dokazana le za prizadete predele obraza in brade, zato zdravilo uporabljajte le na teh predelih.</s>
<s id="s15.7">Zdravilo nanesite tako, da po vtiranju v kožo na prizadetih predelih ni ostankov kreme.</s>
<s id="s15.8">Najvišji varni odmerki v klini nih raziskavah so do 30 gramov mese no.</s>
<s id="s15.9">Izboljšanje stanja lahko pri akujete znotraj osmih tednov zdravljenja.</s>
<s id="s15.10">Nadaljevanje zdravljenja izboljša u inek zdravila in je nujno za vzdrževanje ugodnega u inka zdravila.</s>
<s id="s15.11">Osem tednov po prekinitvi zdravljenja se lahko bolezen ponovi v enaki jakosti kot pred zdravljenjem. e po štirih mesecih zdravljenja ne pride do izboljšanja stanja, zdravljenje prekinite.</s>
<s id="s15.12">Pri nekaterih bolnikih je lahko potrebna, poleg zdravilaVaniqa, tudi nadaljnja uporaba metod odstranjevanja dlak (kot npr. britje ali puljenje).</s>
<s id="s15.13">V teh primerih zdravilo nanesite pet minut po odstranitvi dlak, saj se lahko na teh predelih pojavi zbadajo ali peko ob utek.</s>
<s id="s15.14">Starejši:</s>
<s id="s15.15">(&gt; 65 let) prilagajanje odmerka ni potrebno.</s>
<s id="s15.16">Otroci in mladostniki:</s>
<s id="s15.17">(&lt; 12 let) varnosti in u inkovitosti zdravila Vaniqa niso dolo ili.</s>
<s id="s15.18">Jetrna/ ledvi na okvara: varnosti in u inkovitosti zdravila Vaniqa pri ženskah z jetrno/ ledvi no okvaro niso dolo ili.</s>
<s id="s16.1">4. 3 Kontraindikacije</s>
<s id="s17.1">Preob utljivost za eflornitin ali katerokoli pomožno snov (glejte poglavje 6. 1).</s>
<s id="s18.1">2 4. 4 Posebna opozorila in previdnostni ukrepi</s>
<s id="s19.1">Prekomerna poraš enost je lahko posledica nekaterih resnih obolenj (kot npr. sindrom policisti nih ovarijev, neoplazme, ki izlo ajo androgene) ali jemanja nekaterih zdravil (npr. ciklosporin, glukokortikoidi, minoksidil, fenobarbiton, fenitoin, kombinirana estrogenska- androgenska hormonska nadomestna terapija).</s>
<s id="s19.2">Ta obolenja je potrebno upoštevati pri zdravljenju bolnikov, ki jim predpišemo zdravilo Vaniqa.</s>
<s id="s19.3">Zdravilo Vaniqa je le za dermalno uporabo.</s>
<s id="s19.4">Izogibajte se kontaktu z o mi ali sluznicami (npr. nos ali usta). e zdravilo nanesete na poškodovano kožo, se lahko na mestu nanosa pojavi prehoden peko ob utek.</s>
<s id="s19.5">V primeru draženja kože ali intolerance na mestu nanosa za asno zmanjšajte pogostnost nanašanja na enkrat dnevno. e draženje ne preneha, prekinite terapijo in se posvetujte z zdravnikom.</s>
<s id="s19.6">Priporo amo, da si po uporabi umijete roke.</s>
<s id="s19.7">Varnost uporabe zdravila Vaniqa pri hudi ledvi ni okvari ni bila ugotovljena, zato je pri teh bolnikih potrebna pazljivost pri uporabi zdravila Vaniqa.</s>
<s id="s19.8">Zdravilo vsebuje cetil in stearilni alkohol in stearilni alkohol, ki lahko povzro ta lokalne reakcije na koži (npr. kontaktni dermatitis).</s>
<s id="s20.1">4. 5 Medsebojno delovanje z drugimi zdravili in druge oblike interakcij</s>
<s id="s21.1">Študij medsebojnega delovanja niso izvedli.</s>
<s id="s22.1">4. 6 Nose nost in dojenje</s>
<s id="s23.1">Nose nost:</s>
<s id="s23.2">Klini ne študije z omejenim številom nose nic, izpostavljenih zdravilu Vaniqa (22), ne dajejo klini nih dokazov, da je jemanje zdravila škodljivo za mater ali plod.</s>
<s id="s23.3">Med 22 nose nostmi med študijo je samo 19 žensk zanosilo med uporabo zdravila Vaniqa.</s>
<s id="s23.4">Od teh 19 nose nosti je bilo 9 zdravih novorojen kov, 5 elektivnih prekinitev nose nosti, 4 spontane in 1 novorojen ek z genetsko okvaro (Downov sindrom novorojen ka matere, stare 35 let).</s>
<s id="s23.5">Do danes drugih pomembnih epidemioloških podatkov ni.</s>
<s id="s23.6">Študije na živalih so pokazale reproduktivno toksi nost (glejte poglavje 5. 3).</s>
<s id="s23.7">Potencialno tveganje za ljudi ni znano.</s>
<s id="s23.8">Zato ženske, ki so nose e ali na rtujejo nose nost, pri prekomerni poraš enosti obraza odstranjujejo dlake na druga en na in.</s>
<s id="s23.9">Dojenje:</s>
<s id="s23.10">Ni znano ali se eflonitin izlo a v materino mleko.</s>
<s id="s23.11">Med dojenjem se zdravila Vaniqa ne sme uporabljati.</s>
<s id="s24.1">4. 7 Vpliv na sposobnost vožnje in upravljanja s stroji</s>
<s id="s25.1">Študij o vplivu na sposobnost vožnje in upravljanja s stroji niso izvedli.</s>
<s id="s25.2">Vpliva na sposobnost vožnje in upravljanje s stroji ni pri akovati.</s>
<s id="s26.1">4. 8 Neželeni u inki</s>
<s id="s27.1">Ve ina s kožo povezanih neželenih u inkov je bilo milih in so izzveneli brez prekinitve uporabe zdravila Vaniqa ali uporabe zdravil.</s>
<s id="s27.2">Najpogostejši neželeni u inek so akne, ki so ponavadi milejše oblike.</s>
<s id="s27.3">V študijah, kontroliranih z vehiklom (n = 594), je imelo 41% bolnikov akne ob za etku študije.</s>
<s id="s27.4">7% bolnikov zdravljenih z zdravilom Vaniqa in 8% bolnikov, ki so prejemali le vehikel, se je aknavost poslabšala.</s>
<s id="s27.5">Pri bolnikih brez aken ob za etku študije se je aknavost pojavila v podobnem odstotku (14%) tako pri tistih, ki so uporabljali zdravilo Vaniqa ali pa le vehikel.</s>
<s id="s27.6">Seznam pogostnosti neželenih kožnih reakcij v klini nih študijah po MedDRA konvenciji.</s>
<s id="s27.7">MedDRA konvencija za pogostnost pojavljanja: zelo pogosto (&gt; 10%), pogosto (&gt; 1% do &lt; 10%), ob asno (&gt; 0, 1% do &lt; 1%), redko (&gt; 0, 01% do &lt; 0, 1%), zelo redko (&lt; 0, 01%), vklju no s posami nimi primeri.</s>
<s id="s27.8">V teh študijah je bilo z zdravilom Vaniqa zdravljenih 1. 350 bolnikov 6 mesecev do 1 leta, medtem ko je le vehikel prejemalo nekaj ve kot 200 bolnikov 6 mesecev.</s>
<s id="s27.9">V pojavnosti neželenih u inkov pri uporabi zdravila Vaniqa ali vehikla ni bilo ve jih razlik.</s>
<s id="s27.10">Kožne reakcije kot na primer mravljin enje, zbadanje ali peko ob utek, izpuš aj in eritem se pogosteje pojavljajo pri bolnikih</s>
<s id="s28.1">3 zdravljenih z zdravilom Vaniqa, v primerjavi s tistimi, ki so prejemali le vehikel, kot je ozna eno z zvezdico (*).</s>
<s id="s29.1">Pogostnost s kožo povezanih neželenih u inkov, opaženih v klini nih študijah pri zdravilu Vaniqa (po MedDRA konvenciji za pogostnost pojavljanja).</s>
<s id="s30.1">Bolezni kože in podkožja</s>
<s id="s31.1">Zelo pogosto (&gt; 10%)</s>
<s id="s32.1">Akne</s>
<s id="s33.1">Pogosto (&gt; 1% do &lt; 10%)</s>
<s id="s34.1">Psevdofolikulitis barbae, alopecija, zbadanje na koži *, peko ob utek na koži *, suha koža, pruritus, eritem *, mravljin enje *, draženje kože, izpuš aj *, folikulitis</s>
<s id="s35.1">Ob asno (&gt; 0, 1 do &lt; 1%)</s>
<s id="s36.1">Vraš anje dlak, obrazni edem, dermatitis, edem ust, papulozni izpuš aj, krvave a koža, herpes simplex, ekcem, heilitis, furunkuloza, kontaktni dermatitis, nenormalna sestava las, nenormalna rast las, hipopigmentacija, rde ina kože, otrplost ustnic, bole a koža</s>
<s id="s37.1">Redko (&gt; 0, 01% do &lt; 0, 1%)</s>
<s id="s38.1">Rozacea, seboroi ni dermatitis, kožni rak, makulopapulozni izpuš aj, kožne ciste, vezikulobulozni izpuš aj, bolezni kože, hirsuitizem, napetost kože</s>
<s id="s39.1">4. 9 Preveliko odmerjanje</s>
<s id="s40.1">Zaradi majhne penetracije eflornitina skozi kožo (glejte poglavje 5. 2) je preveliko odmerjanje malo verjetno.</s>
<s id="s40.2">Vendar pa moramo biti v primeru zelo visokih odmerkov pri dermalni aplikaciji ali zaužitja zdravila po pomoti pozorni na u inke, vidne pri intravenskem dajanju zdravila v terapevtskih odmerkih (400 mg/ kg/ dan ali približno 24 g/ dan) pri zdravljenju infekcij s Trypanosoma brucei gambiense (afriška spalna bolezen): izguba las, otekanje obraza, kr i, okvara sluha, prebavne motnje, izguba apetita, glavobol, slabost, vrtoglavica, anemija, trombocitopenija in levkopenija.</s>
<s id="s41.1">5.</s>
<s id="s41.2">FARMAKOLOŠKE LASTNOSTI</s>
<s id="s42.1">5. 1 Farmakodinami ne lastnosti</s>
<s id="s43.1">Farmakoterapevtska skupina: druga dermatološka zdravila, oznaka ATC:</s>
<s id="s43.2">D11AX Eflornitin ireverzibilno inhibira ornitin- dekarboksilazo, encim udeležen pri izgradnji lasnega stebla v lasnem meši ku.</s>
<s id="s43.3">Zdravilo Vaniqa upo asni rast las.</s>
<s id="s43.4">Varnost in u inkovitost zdravila Vaniqa je bila preizkušana v dveh dvojno slepih, randomiziranih, klini nih študijah, kontroliranih z vehiklom.</s>
<s id="s43.5">Sodelovalo je 594 žensk s tipom kože I- VI (393 jih je prejemalo zdravilo Vaniqa, 201 pa le vehikel).</s>
<s id="s43.6">Zdravljenje je trajalo do 24 tednov.</s>
<s id="s43.7">Spremembe so ocenjevali zdravniki na 4- to kovni skali.</s>
<s id="s43.8">Po 48 urah zdravljenja so si ženske obrile prizadete predele obraza in brade.</s>
<s id="s43.9">Ocenjevali so parametre, kot je dolžina in gostota dlak, potemnitev kože povezane s prisotnostjo terminalnih dlak.</s>
<s id="s43.10">Izboljšanje so opazili že po 8 tednih po za etku zdravljenja.</s>
<s id="s44.1">Rezultati obeh študij so prikazani v preglednici:</s>
<s id="s45.1">Rezultat zdravljenja * isto/ skoraj isto O itno izboljšanje Izboljšanje Ni izboljšanja/ slabše</s>
<s id="s46.1">Vaniqa 11, 5% krema 6% 29% 35% 30%</s>
<s id="s47.1">Vehikel 0% 9% 33% 58%</s>
<s id="s48.1">* Ob koncu terapije (24 teden).</s>
<s id="s48.2">Pri bolnikih, ki so prenehali z zdravljenjem, so se zadnja opažanja prenesla do 24. tedna.</s>
<s id="s48.3">4 V obeh študijah so pokazali statisti no zna ilno izboljšanje (p ≤ 0, 001) in rezultat zdravljenja isto/ skoraj isto pri uporabi zdravila Vaniqa v primerjavi z vehiklom.</s>
<s id="s48.4">To izboljšanje je imelo za posledico tudi primerljivo zmanjšanje potemnitve kože kot posledice prisotnosti terminalnih dlak.</s>
<s id="s48.5">Analiza podskupin je pokazala razliko v uspehu zdravljenja pri belkah in ne- belkah.</s>
<s id="s48.6">Pri 27% ne - belkah in 39% belkah je prišlo do o itnega izboljšanja.</s>
<s id="s48.7">V analizi podskupin se je pokazala tudi razlika med prekomerno prehranjenimi ženskami (BMI ≥ 30), kjer je prišlo do izboljšanja pri 29% in tistimi z normalno telesno maso (BMI &lt; 30), kjer je prišlo do izboljšanja pri 43% žensk.</s>
<s id="s48.8">Približno 12% žensk je bilo postmenopauzalnih.</s>
<s id="s48.9">Študije so pokazale statisti no zna ilno izboljšanje (p &lt; 0, 001) pri postmenopavzalnih ženskah zdravljenih z zdravilom Vaniqa v primerjavi z vehiklom.</s>
<s id="s48.10">Samoocenjevanje bolnikov je pokazalo pomembno zmanjšano psihološko nelagodje s svojim stanjem, ki so ga izmerili glede na odgovor na 6 vprašanj na vizualni analogni skali.</s>
<s id="s48.11">Zdravilo Vaniqa je pomembno zmanjšala nelagoden ob utek zaradi obraznih dlak in as, ki ga bolnice porabijo za odstranjevanje in prekrivanje obraznih dlak.</s>
<s id="s48.12">Izboljšalo se je tudi po utje bolnikov v razli nih družabnih in delovnih okoljih.</s>
<s id="s48.13">Samoocenjevanje bolnikov je bilo sorazmerno povezano z zdravnikovo oceno u inkovitosti zdravljenja.</s>
<s id="s48.14">Spremembe, ki so jih opazili bolniki, so se pojavile po 8 tednih zdravljenja.</s>
<s id="s48.15">Bolezen se je vrnila na osnovno stanje po 8 tednih po prekinitvi zdravljenja.</s>
<s id="s49.1">5. 2 Farmakokineti ne lastnosti</s>
<s id="s50.1">Kožna penetracija eflornitina v stanju dinami nega ravnovesja na koži obraza žensk, ki se brijejo je 0, 8%.</s>
<s id="s50.2">Razpolovni as eflornitina v plazmi v stanju dinami nega ravnovesja je približno 8 ur.</s>
<s id="s50.3">Stanje dinami nega ravnovesja se vzpostavi v štirih dneh.</s>
<s id="s50.4">Najvišja koncentracija in najnižja koncentracija pred naslednjim odmerkom v stanju dinami nega ravnovesja sta 10 ng/ ml in 5 ng/ ml.</s>
<s id="s50.5">12 urna površina pod krivuljo plazemske koncentracije v odvisnosti od asa v stanju dinami nega ravnovesja je 92, 5 ng h/ ml.</s>
<s id="s50.6">Eflornitin se ne presnavlja in se izlo a z urinom.</s>
<s id="s51.1">5. 3 Predklini ni podatki o varnosti</s>
<s id="s52.1">Predklini ni podatki na osnovi obi ajnih študij farmakološke varnosti, toksi nosti pri ponavljajo ih se odmerkih, genotoksi nosti, kancerogenega potenciala, vklju no z eno študijo fotokancerogenosti v miših ne kažejo posebnega tveganja za loveka.</s>
<s id="s52.2">V dermalnih fertilnostnih študijah pri podganah niso opazili škodljivih u inkov na fertilnost tudi pri 180- krat višjih odmerkih kot pri ljudeh.</s>
<s id="s52.3">V dermalnih teratoloških študijah na podganah in kuncih niso opazili teratogenih u inkov pri 180- krat (podgane) in 36- krat (kunci) višjih odmerkih kot pri ljudeh.</s>
<s id="s52.4">Višji odmerki so povzro ili maternalno in fetusno toksi nost brez dokazov za teratogenost.</s>
<s id="s53.1">6.</s>
<s id="s53.2">FARMACEVTSKI PODATKI</s>
<s id="s54.1">6. 1 Seznam pomožnih snovi</s>
<s id="s55.1">Cetil in stearilalkohol; Makrogol cetil stearileter; Dimetikon; Glicerilstearat; Makrogol stearat; Metilparahidroksibenzoat (E218); Teko i parafin; Mineralno olje; Fenoksietanol; Propilparahidroksibenzoat (E216); Pre iš ena voda in 5 Stearilalkohol.</s>
<s id="s56.1">6. 2 Inkompatibilnosti</s>
<s id="s57.1">Navedba smiselno ni potrebna.</s>
<s id="s58.1">6. 3 Rok uporabnosti</s>
<s id="s59.1">3 leti.</s>
<s id="s60.1">6. 4 Posebna navodila za shranjevanje</s>
<s id="s61.1">Shranjujte pri temperaturi do 25 °C.</s>
<s id="s62.1">6. 5 Vrsta ovojnine in vsebina</s>
<s id="s63.1">Polietilenska tuba visoke gostote s polipropilensko navojnim pokrov kom, ki vsebuje 15 g, 30 g, ali 60 g kreme.</s>
<s id="s63.2">Na trgu ni vseh navedenih pakiranj.</s>
<s id="s64.1">6. 6 Posebni varnostni ukrepi za odstranjevanje</s>
<s id="s65.1">Ni posebnih zahtev.</s>
<s id="s66.1">7.</s>
<s id="s66.2">IMETNIK DOVOLJENJA ZA PROMET</s>
<s id="s67.1">Laboratorios Almirall, S. A.</s>
<s id="s67.2">Ronda General Mitre, 151 08022 Barcelona Španija</s>
<s id="s68.1">8.</s>
<s id="s68.2">ŠTEVILKA DOVOLJENJA ZA PROMET</s>
<s id="s69.1">EU/ 1/ 01/ 173/ 001- 003</s>
<s id="s70.1">9.</s>
<s id="s70.2">DATUM PRIDOBITVE/ PODALJŠANJA DOVOLJENJA ZA PROMET</s>
<s id="s71.1">20 Marec 2001</s>
<s id="s72.1">10.</s>
<s id="s72.2">DATUM REVIZIJE BESEDILA</s>
<s id="s73.1">25/ 01/ 2008</s>
<s id="s74.1">6 DODATEK II</s>
<s id="s75.1">A.</s>
<s id="s75.2">IMETNIK( I) DOVOLJENJA ZA IZDELAVO ZDRAVILA, ODGOVOREN( ODGOVORNI) ZA SPROŠ ANJE SERIJE</s>
<s id="s76.1">B.</s>
<s id="s76.2">POGOJI DOVOLJENJA ZA PROMET Z ZDRAVILOM</s>
<s id="s77.1">7 A IMETNIK( I) DOVOLJENJA ZA IZDELAVO ZDRAVILA, ODGOVOREN (ODGOVORNI) ZA SPROŠ ANJE SERIJE</s>
<s id="s78.1">Shire Pharmaceuticals Ltd, Hampshire International Business Park, Chineham, Basingstoke, Hampshire RG24 8EP, Velika Britanija</s>
<s id="s79.1">Hermal Kurt Herrmann GmbH &amp; Co OHG Scholtzstrasse 3 D- 21465 Reinbek Nem ija</s>
<s id="s80.1">V natisnjenem navodilu za uporabo zdravila mora biti navedeno ime in naslov izdelovalca, odgovornega za sproš anje zadevne serije</s>
<s id="s81.1">B POGOJI DOVOLJENJA ZA PROMET Z ZDRAVILOM</s>
<s id="s82.1">POGOJI ALI OMEJITVE GLEDE OSKRBE IN UPORABE, PREDPISANI IMETNIKU DOVOLJENJA ZA PROMET Z ZDRAVILOM</s>
<s id="s83.1">Izdaja zdravila je le na recept.</s>
<s id="s84.1">• POGOJI ALI OMEJITVE V ZVEZI Z VARNO IN U INKOVITO UPORABO ZDRAVILA</s>
<s id="s85.1">Navedba smiselno ni potrebna.</s>
<s id="s86.1">8 DODATEK III</s>
<s id="s87.1">OZNA EVANJE IN NAVODILO ZA UPORABO</s>
<s id="s88.1">9 A.</s>
<s id="s88.2">OZNA EVANJE</s>
<s id="s89.1">10 PODATKI NA ZUNANJI OVOJNINI IN PRIMARNI OVOJNINI</s>
<s id="s90.1">ZUNANJA OVOJNINA</s>
<s id="s91.1">1.</s>
<s id="s91.2">IME ZDRAVILA</s>
<s id="s92.1">Vaniqa 11, 5% krema eflornitin</s>
<s id="s93.1">2.</s>
<s id="s93.2">NAVEDBA ZDRAVILNE U INKOVINE</s>
<s id="s94.1">1 gram kreme vsebuje 115 mg eflornitina (v obliki klorid monohidrata).</s>
<s id="s95.1">3.</s>
<s id="s95.2">SEZNAM POMOŽNIH SNOVI</s>
<s id="s96.1">Vsebuje tudi: cetil in stearilalkohol; makrogol cetil stearileter; dimetikon; glicerilstearat; makrogol stearat; metilparahidroksibenzoat (E218); mineralno olje; fenoksietanol; propilparahidroksibenzoat (E216); teko i parafin; pre iš ena voda in stearilalkohol.</s>
<s id="s97.1">4.</s>
<s id="s97.2">FARMACEVTSKA OBLIKA IN VSEBINA</s>
<s id="s98.1">15 g</s>
<s id="s99.1">5.</s>
<s id="s99.2">POSTOPEK IN POT( I) UPORABE ZDRAVILA</s>
<s id="s100.1">za dermalno uporabo Pred uporabo preberite priloženo navodilo.</s>
<s id="s101.1">6.</s>
<s id="s101.2">POSEBNO OPOZORILO O SHRANJEVANJU ZDRAVILA ZUNAJ DOSEGA IN POGLEDA OTROK</s>
<s id="s102.1">Zdravilo shranjujte nedosegljivo otrokom!</s>
<s id="s103.1">7.</s>
<s id="s103.2">DRUGA POSEBNA OPOZORILA, E SO POTREBNA</s>
<s id="s104.1">8.</s>
<s id="s104.2">DATUM IZTEKA ROKA UPORABNOSTI ZDRAVILA</s>
<s id="s105.1">Uporabno do:</s>
<s id="s105.2">{MM/ LLLL}</s>
<s id="s106.1">9.</s>
<s id="s106.2">POSEBNA NAVODILA ZA SHRANJEVANJE</s>
<s id="s107.1">Shranjujte pri temperaturi do 25 °C.</s>
<s id="s108.1">10.</s>
<s id="s108.2">POSEBNI VARNOSTNI UKREPI ZA ODSTRANJEVANJE NEUPORABLJENIH 11 ZDRAVIL ALI IZ NJIH NASTALIH ODPADNIH SNOVI, KADAR SO POTREBNI</s>
<s id="s109.1">11.</s>
<s id="s109.2">IME IN NASLOV IMETNIKA DOVOLJENJA ZA PROMET Z ZDRAVILOM</s>
<s id="s110.1">Imetnik dovoljenja za promet z zdravilom:</s>
<s id="s110.2">Laboratorios Almirall, S. A.</s>
<s id="s110.3">Ronda General Mitre, 151 08022 Barcelona Španija</s>
<s id="s111.1">12.</s>
<s id="s111.2">ŠTEVILKA (ŠTEVILKE) DOVOLJENJA (DOVOLJENJ) ZA PROMET</s>
<s id="s112.1">EU/ 1/ 01/ 173/ 001</s>
<s id="s113.1">13.</s>
<s id="s113.2">ŠTEVILKA SERIJE</s>
<s id="s114.1">Serija</s>
<s id="s115.1">14.</s>
<s id="s115.2">NA IN IZDAJANJA ZDRAVILA</s>
<s id="s116.1">Izdaja zdravila je le na recept.</s>
<s id="s117.1">15.</s>
<s id="s117.2">NAVODILA ZA UPORABO</s>
<s id="s118.1">16.</s>
<s id="s118.2">PODATKI V BRAILLOVI PISAVI</s>
<s id="s119.1">Vaniqa</s>
<s id="s120.1">12 PODATKI, KI MORAJO BITI NAJMANJ NAVEDENI NA MANJŠIH STI NIH OVOJNINAH</s>
<s id="s121.1">1.</s>
<s id="s121.2">IME ZDRAVILA IN NA IN UPORABE</s>
<s id="s122.1">Vaniqa 11, 5% krema eflornitin</s>
<s id="s123.1">2.</s>
<s id="s123.2">IME IMETNIKA DOVOLJENJA ZA PROMET Z ZDRAVILOM</s>
<s id="s124.1">Laboratorios Almirall, S. A.</s>
<s id="s125.1">3.</s>
<s id="s125.2">POSTOPEK IN NA IN UPORABE ZDRAVILA</s>
<s id="s126.1">za dermalno uporabo Pred uporabo preberite priloženo navodilo.</s>
<s id="s127.1">4.</s>
<s id="s127.2">DATUM IZTEKA ROKA UPORABNOSTI ZDRAVILA</s>
<s id="s128.1">Uporabno do:</s>
<s id="s128.2">{MM/ LLLL}</s>
<s id="s129.1">5.</s>
<s id="s129.2">ŠTEVILKA SERIJE</s>
<s id="s130.1">Serija</s>
<s id="s131.1">6.</s>
<s id="s131.2">VSEBINA, IZRAŽENA Z MASO, PROSTORNINO ALI ŠTEVILOM ENOT</s>
<s id="s132.1">15g</s>
<s id="s133.1">7.</s>
<s id="s133.2">POSEBNO OPOZORILO O SHRANJEVANJU ZDRAVILA ZUNAJ DOSEGA IN POGLEDA OTROK</s>
<s id="s134.1">Zdravilo shranjujte nedosegljivo otrokom!</s>
<s id="s135.1">8.</s>
<s id="s135.2">POSEBNA NAVODILA ZA SHRANJEVANJE</s>
<s id="s136.1">Shranjujte pri temperaturi do 25 °C.</s>
<s id="s137.1">13 PODATKI NA ZUNANJI OVOJNINI IN PRIMARNI OVOJNINI</s>
<s id="s138.1">ZUNANJA OVOJNINA</s>
<s id="s139.1">1.</s>
<s id="s139.2">IME ZDRAVILA</s>
<s id="s140.1">Vaniqa 11, 5% krema eflornitin</s>
<s id="s141.1">2.</s>
<s id="s141.2">NAVEDBA ZDRAVILNE U INKOVINE</s>
<s id="s142.1">1 gram kreme vsebuje 115 mg eflornitina (v obliki klorid monohidrata)</s>
<s id="s143.1">3.</s>
<s id="s143.2">SEZNAM POMOŽNIH SNOVI</s>
<s id="s144.1">Vsebuje tudi: cetil in stearilalkohol; makrogol cetil stearileter; dimetikon; glicerilstearat; makrogol stearat; metilparahidroksibenzoat (E218); mineralno olje; fenoksietanol; propilparahidroksibenzoat (E216); teko i parafin; pre iš ena voda in stearilalkohol.</s>
<s id="s145.1">4.</s>
<s id="s145.2">FARMACEVTSKA OBLIKA IN VSEBINA</s>
<s id="s146.1">30 g</s>
<s id="s147.1">5.</s>
<s id="s147.2">POSTOPEK IN POT( I) UPORABE ZDRAVILA</s>
<s id="s148.1">za dermalno uporabo Pred uporabo preberite priložena navodila.</s>
<s id="s149.1">6.</s>
<s id="s149.2">POSEBNO OPOZORILO O SHRANJEVANJU ZDRAVILA ZUNAJ DOSEGA IN POGLEDA OTROK</s>
<s id="s150.1">Zdravilo shranjujte nedosegljivo otrokom!</s>
<s id="s151.1">7.</s>
<s id="s151.2">DRUGA POSEBNA OPOZORILA, E SO POTREBNA</s>
<s id="s152.1">8.</s>
<s id="s152.2">DATUM IZTEKA ROKA UPORABNOSTI ZDRAVILA</s>
<s id="s153.1">Uporabno do:</s>
<s id="s153.2">{MM/ LLLL}</s>
<s id="s154.1">9.</s>
<s id="s154.2">POSEBNA NAVODILA ZA SHRANJEVANJE</s>
<s id="s155.1">Shranjujte pri temperaturi do 25 °C.</s>
<s id="s156.1">14 10.</s>
<s id="s156.2">POSEBNI VARNOSTNI UKREPI ZA ODSTRANJEVANJE NEUPORABLJENIH ZDRAVIL ALI IZ NJIH NASTALIH ODPADNIH SNOVI, KADAR SO POTREBNI</s>
<s id="s157.1">11.</s>
<s id="s157.2">IME IN NASLOV IMETNIKA DOVOLJENJA ZA PROMET Z ZDRAVILOM</s>
<s id="s158.1">Imetnik dovoljenja za promet z zdravilom:</s>
<s id="s158.2">Laboratorios Almirall, S. A.</s>
<s id="s158.3">Ronda General Mitre, 151 08022 Barcelona Španija</s>
<s id="s159.1">12.</s>
<s id="s159.2">ŠTEVILKA (ŠTEVILKE) DOVOLJENJA (DOVOLJENJ) ZA PROMET</s>
<s id="s160.1">EU/ 1/ 01/ 173/ 002</s>
<s id="s161.1">13.</s>
<s id="s161.2">ŠTEVILKA SERIJE</s>
<s id="s162.1">Serija</s>
<s id="s163.1">14.</s>
<s id="s163.2">NA IN IZDAJANJA ZDRAVILA</s>
<s id="s164.1">Izdaja zdravila je le na recept.</s>
<s id="s165.1">15.</s>
<s id="s165.2">NAVODILA ZA UPORABO</s>
<s id="s166.1">16.</s>
<s id="s166.2">PODATKI V BRAILLOVI PISAVI</s>
<s id="s167.1">Vaniqa</s>
<s id="s168.1">15 PODATKI, KI MORAJO BITI NAJMANJ NAVEDENI NA MANJŠIH STI NIH OVOJNINAH</s>
<s id="s169.1">1.</s>
<s id="s169.2">IME ZDRAVILA IN NA IN UPORABE</s>
<s id="s170.1">Vaniqa 11, 5% krema eflornitin</s>
<s id="s171.1">2.</s>
<s id="s171.2">IME IMETNIKA DOVOLJENJA ZA PROMET Z ZDRAVILOM</s>
<s id="s172.1">Laboratorios Almirall, S. A.</s>
<s id="s173.1">3.</s>
<s id="s173.2">POSTOPEK IN NA IN UPORABE ZDRAVILA</s>
<s id="s174.1">za dermalno uporabo Pred uporabo preberite priloženo navodilo.</s>
<s id="s175.1">4.</s>
<s id="s175.2">DATUM IZTEKA ROKA UPORABNOSTI ZDRAVILA</s>
<s id="s176.1">Uporabno do:</s>
<s id="s176.2">{MM/ LLLL}</s>
<s id="s177.1">5.</s>
<s id="s177.2">ŠTEVILKA SERIJE</s>
<s id="s178.1">Serija</s>
<s id="s179.1">6.</s>
<s id="s179.2">VSEBINA, IZRAŽENA Z MASO, PROSTORNINO ALI ŠTEVILOM ENOT</s>
<s id="s180.1">30g</s>
<s id="s181.1">7.</s>
<s id="s181.2">POSEBNO OPOZORILO O SHRANJEVANJU ZDRAVILA ZUNAJ DOSEGA IN POGLEDA OTROK</s>
<s id="s182.1">Zdravilo shranjujte nedosegljivo otrokom!</s>
<s id="s183.1">8.</s>
<s id="s183.2">POSEBNA NAVODILA ZA SHRANJEVANJE</s>
<s id="s184.1">Shranjujte pri temperaturi do 25 °C.</s>
<s id="s185.1">16 PODATKI NA ZUNANJI OVOJNINI IN PRIMARNI OVOJNINI</s>
<s id="s186.1">ZUNANJA OVOJNINA</s>
<s id="s187.1">1.</s>
<s id="s187.2">IME ZDRAVILA</s>
<s id="s188.1">Vaniqa 11, 5% krema eflornitin</s>
<s id="s189.1">2.</s>
<s id="s189.2">NAVEDBA ZDRAVILNE U INKOVINE</s>
<s id="s190.1">1 gram kreme vsebuje 115 mg eflornitina (v obliki klorid monohidrata)</s>
<s id="s191.1">3.</s>
<s id="s191.2">SEZNAM POMOŽNIH SNOVI</s>
<s id="s192.1">Vsebuje tudi: cetil in stearilalkohol; makrogol cetil stearileter; dimetikon; glicerilstearat; makrogol stearat; metilparahidroksibenzoat (E218); mineralno olje; fenoksietanol; propilparahidroksibenzoat (E216); teko i parafin; pre iš ena voda in stearilalkohol.</s>
<s id="s193.1">4.</s>
<s id="s193.2">FARMACEVTSKA OBLIKA IN VSEBINA</s>
<s id="s194.1">60 g</s>
<s id="s195.1">5.</s>
<s id="s195.2">POSTOPEK IN POT( I) UPORABE ZDRAVILA</s>
<s id="s196.1">za dermalno uporabo Pred uporabo preberite priložena navodila.</s>
<s id="s197.1">6.</s>
<s id="s197.2">POSEBNO OPOZORILO O SHRANJEVANJU ZDRAVILA ZUNAJ DOSEGA IN POGLEDA OTROK</s>
<s id="s198.1">Zdravilo shranjujte nedosegljivo otrokom!</s>
<s id="s199.1">7.</s>
<s id="s199.2">DRUGA POSEBNA OPOZORILA, E SO POTREBNA</s>
<s id="s200.1">8.</s>
<s id="s200.2">DATUM IZTEKA ROKA UPORABNOSTI ZDRAVILA</s>
<s id="s201.1">Uporabno do:</s>
<s id="s201.2">{MM/ LLLL}</s>
<s id="s202.1">9.</s>
<s id="s202.2">POSEBNA NAVODILA ZA SHRANJEVANJE</s>
<s id="s203.1">Shranjujte pri temperaturi do 25 °C.</s>
<s id="s204.1">17 10.</s>
<s id="s204.2">POSEBNI VARNOSTNI UKREPI ZA ODSTRANJEVANJE NEUPORABLJENIH ZDRAVIL ALI IZ NJIH NASTALIH ODPADNIH SNOVI, KADAR SO POTREBNI</s>
<s id="s205.1">11.</s>
<s id="s205.2">IME IN NASLOV IMETNIKA DOVOLJENJA ZA PROMET Z ZDRAVILOM</s>
<s id="s206.1">Imetnik dovoljenja za promet z zdravilom:</s>
<s id="s206.2">Laboratorios Almirall, S. A.</s>
<s id="s206.3">Ronda General Mitre, 151 08022 Barcelona Španija</s>
<s id="s207.1">12.</s>
<s id="s207.2">ŠTEVILKA (ŠTEVILKE) DOVOLJENJA (DOVOLJENJ) ZA PROMET</s>
<s id="s208.1">EU/ 1/ 01/ 173/ 003</s>
<s id="s209.1">13.</s>
<s id="s209.2">IZDELOVAL EVA ŠTEVILKA SERIJE IZDELAVE ZDRAVILA</s>
<s id="s210.1">Serija</s>
<s id="s211.1">14.</s>
<s id="s211.2">NA IN IZDAJANJA ZDRAVILA</s>
<s id="s212.1">Izdaja zdravila je le na recept.</s>
<s id="s213.1">15.</s>
<s id="s213.2">NAVODILA ZA UPORABO</s>
<s id="s214.1">16.</s>
<s id="s214.2">PODATKI V BRAILLOVI PISAVI</s>
<s id="s215.1">Vaniqa</s>
<s id="s216.1">18 PODATKI, KI MORAJO BITI NAJMANJ NAVEDENI NA MANJŠIH STI NIH OVOJNINAH</s>
<s id="s217.1">1.</s>
<s id="s217.2">IME ZDRAVILA IN NA IN UPORABE</s>
<s id="s218.1">Vaniqa 11, 5% krema eflornitin</s>
<s id="s219.1">2.</s>
<s id="s219.2">IME IMETNIKA DOVOLJENJA ZA PROMET Z ZDRAVILOM</s>
<s id="s220.1">Laboratorios Almirall, S. A.</s>
<s id="s221.1">3.</s>
<s id="s221.2">POSTOPEK IN NA IN UPORABE ZDRAVILA</s>
<s id="s222.1">za dermalno uporabo Pred uporabo preberite priloženo navodilo.</s>
<s id="s223.1">4.</s>
<s id="s223.2">DATUM IZTEKA ROKA UPORABNOSTI ZDRAVILA</s>
<s id="s224.1">Uporabno do:</s>
<s id="s224.2">{MM/ LLLL}</s>
<s id="s225.1">5.</s>
<s id="s225.2">ŠTEVILKA SERIJE</s>
<s id="s226.1">Serija</s>
<s id="s227.1">6.</s>
<s id="s227.2">VSEBINA, IZRAŽENA Z MASO, PROSTORNINO ALI ŠTEVILOM ENOT</s>
<s id="s228.1">60g</s>
<s id="s229.1">7.</s>
<s id="s229.2">POSEBNO OPOZORILO O SHRANJEVANJU ZDRAVILA ZUNAJ DOSEGA IN POGLEDA OTROK</s>
<s id="s230.1">Zdravilo shranjujte nedosegljivo otrokom!</s>
<s id="s231.1">8.</s>
<s id="s231.2">POSEBNA NAVODILA ZA SHRANJEVANJE</s>
<s id="s232.1">Shranjujte pri temperaturi do 25 °C.</s>
<s id="s233.1">19 B.</s>
<s id="s233.2">NAVODILO ZA UPORABO</s>
<s id="s234.1">20 NAVODILO ZA UPORABO</s>
<s id="s235.1">Vaniqa 11, 5% krema (eflornitin)</s>
<s id="s236.1">PRED UPORABO NATAN NO PREBERITE NAVODILO!</s>
<s id="s236.2">Navodilo shranite.</s>
<s id="s236.3">Morda ga boste želeli ponovno prebrati. e imate dodatna vprašanja, se posvetujte z zdravnikom ali s farmacevtom.</s>
<s id="s236.4">Zdravilo je bilo predpisano vam osebno in ga ne smete dajati drugim.</s>
<s id="s236.5">Njim bi lahko celo škodovalo, eprav imajo znake bolezni, podobne vašim. e katerikoli neželeni u inek postane resen ali e opazite katerikoli neželeni u inek, ki ni omenjen v tem navodilu, obvestite svojega zdravnika ali farmacevta.</s>
<s id="s237.1">Navodilo vsebuje:</s>
<s id="s238.1">1.</s>
<s id="s238.2">Kaj je zdravilo Vaniqa in za kaj ga uporabljamo 2.</s>
<s id="s238.3">Kaj morate vedeti, preden boste uporabili zdravilo Vaniqa 3.</s>
<s id="s238.4">Kako uporabljati zdravilo Vaniqa 4.</s>
<s id="s238.5">Možni neželeni u inki 5.</s>
<s id="s238.6">Shranjevanje zdravila Vaniqa 6.</s>
<s id="s238.7">Dodatne informacije</s>
<s id="s239.1">1.</s>
<s id="s239.2">KAJ JE ZDRAVILO Vaniqa IN ZA KAJ GA UPORABLJAMO</s>
<s id="s240.1">Ženske uporabljajo zdravilo Vaniqa za zdravljenje prekomerne obrazne poraš enosti.</s>
<s id="s241.1">Kako deluje?</s>
<s id="s242.1">Zdravilo Vaniqa upo asni rast dlak z delovanjem na encim, ki je udeležen pri izgradnji dlak.</s>
<s id="s242.2">Ne odstranjuje dlak.</s>
<s id="s242.3">Ni depilacijska krema, zato boste morali še vedno odstranjevati dlake z britjem ali puljenjem.</s>
<s id="s242.4">Izboljšanje lahko pri akujete že po 2 mesecih uporabe. e po 4 mesecih uporabe ni izboljšanja, se posvetujte z zdravnikom.</s>
<s id="s242.5">Dva meseca po prekinitvi uporabe je hitrost rasti dlak enaka kot pred uporabo zdravila.</s>
<s id="s243.1">2.</s>
<s id="s243.2">KAJ MORATE VEDETI, PREDEN BOSTE UPORABILI ZDRAVILO Vaniqa</s>
<s id="s244.1">Ne uporabljajte zdravila Vaniqa:</s>
<s id="s245.1">•</s>
<s id="s246.1">Zdravila ne uporabljajte, e ste alergi ni na (preob utljivi za) eflornitin ali katerokoli sestavino zdravila.</s>
<s id="s247.1">Bodite posebno pozorni pri uporabi zdravila Vaniqa</s>
<s id="s248.1">•</s>
<s id="s249.1">Pred uporabo zdravnika obvestite o vaših drugih zdravstvenih težavah (predvsem povezanih z jetri ali ledvicami).</s>
<s id="s250.1">•</s>
<s id="s251.1">e o uporabi zdravila niste prepri ani, se posvetujte z zdravnikom ali farmacevtom.</s>
<s id="s252.1">Kaj še moram vedeti?</s>
<s id="s253.1">Prekomerna rast dlak je lahko posledica nekaterih bolezni ali jemanja nekaterih zdravil.</s>
<s id="s253.2">Za dodatne informacije se posvetujte z vašim zdravnikom.</s>
<s id="s253.3">Po britju ali puljenju dlak po akajte vsaj 5 minut pred uporabo kreme.</s>
<s id="s253.4">Nanašanje zdravila na vzdraženo kožo lahko povzro i bole ali peko ob utek.</s>
<s id="s253.5">21 Zdravila ne zanesite v o i, nos ali usta. e ste zdravilo ponesre i zanesli v o i, nos ali usta, mesto izpirajte z obilico vode.</s>
<s id="s254.1">Jemanje drugih zdravil skupaj z zdravilom Vaniqa</s>
<s id="s255.1">Obvestite svojega zdravnika, e uporabljate katerokoli zdravilo na predelih kože, kjer uporabljate zdravilo Vaniqa.</s>
<s id="s256.1">Nose nost in dojenje</s>
<s id="s257.1">e ste nose i ali poskušate zanositi, ne uporabljajte zdravila Vaniqa.</s>
<s id="s257.2">Med dojenjem ne uporabljajte zdravila Vaniqa.</s>
<s id="s258.1">Pomembne informacije o nekaterih sestavinah zdravila Vaniqa</s>
<s id="s259.1">To zdravilo vsebuje cetil in stearilalkohol in stearilalkohol, ki lahko povzro i lokalne reakcije na koži (npr. kontaktni dermatitis).</s>
<s id="s260.1">3.</s>
<s id="s260.2">KAKO UPORABLJATI ZDRAVILO Vaniqa</s>
<s id="s261.1">Natan no upoštevajte zdravnikova navodila. e ste negotovi, se posvetujte z zdravnikom ali farmacevtom.</s>
<s id="s261.2">1.</s>
<s id="s261.3">Po britju ali odstranjevanju dlak po akajte vsaj 5 minut pred uporabo zdravila Vaniqa.</s>
<s id="s261.4">2.</s>
<s id="s261.5">Pred uporabo kožo o istite in posušite.</s>
<s id="s261.6">3.</s>
<s id="s261.7">Nanesite tanek sloj kreme in dobro vtrite.</s>
<s id="s261.8">4.</s>
<s id="s261.9">Mesta, kjer ste nanesli kremo, ne umivajte vsaj 4 ure po nanosu.</s>
<s id="s261.10">5.</s>
<s id="s261.11">Po uporabi si umijte roke.</s>
<s id="s261.12">6.</s>
<s id="s261.13">Pred uporabo li il ali son nih krem po akajte vsaj 5 minut po nanosu kreme.</s>
<s id="s261.14">7.</s>
<s id="s261.15">Uporabljajte dvakrat dnevno z vsaj osemurnim presledkom.</s>
<s id="s261.16">8.</s>
<s id="s261.17">Zdravilo Vaniqa lahko povzro i draženje kože (bole, peko ob utek). e pride do draženja, zmanjšajte uporabo zdravila Vaniqa na enkrat dnevno dokler draženje ne preneha. e draženje vztraja, se posvetujte z zdravnikom.</s>
<s id="s262.1">Kako dolgo naj uporabljam zdravilo Vaniqa?</s>
<s id="s263.1">Rezultati so vidni po 2 mesecih zdravljenja.</s>
<s id="s263.2">Nadaljevanje uporabe lahko izboljša u inek zdravljenja.</s>
<s id="s263.3">Za ohranitev u inka zdravila je potrebna stalna uporaba.</s>
<s id="s263.4">V primeru, da po 4 mesecih uporabe ne opazite izboljšanja, se posvetujte z zdravnikom.</s>
<s id="s264.1">e ste uporabili ve zdravila Vaniqua kot bi smeli</s>
<s id="s265.1">e ste nanesli preve kreme, ni verjetno da vam bo škodilo.</s>
<s id="s266.1">e ste po nesre i, vi ali kdorkoli drug, zaužili zdraviloVaniqa, se posvetujte z zdravnikom.</s>
<s id="s267.1">e ste pozabili uporabiti zdravilo Vaniqua</s>
<s id="s268.1">Uporabite jo takoj, vendar po akajte vsaj 8 ur pred naslednjim nanosom.</s>
<s id="s269.1">4.</s>
<s id="s269.2">MOŽNI NEŽELENI U INKI</s>
<s id="s270.1">Kot vsa zdravila ima lahko tudi zdravilo Vaniqa neželene u inke, ki pa se ne pojavijo pri vseh bolnikih.</s>
<s id="s270.2">Najpogostejši neželeni u inek so akne (7- 14%).</s>
<s id="s270.3">Drugi pogosi (&gt; 1%) neželeni u inki so</s>
<s id="s271.1">22 težave s kožo, kot na primer reakcija na vraš anje dlak v kožo, izguba las, peko, zbadajo ob utek, mravljin enje, suha koža, srbenje, rde ina in izpuš aj.</s>
<s id="s271.2">Ob asno (&lt; 1%) se pojavljajo vraš anje dlak, otekanje obraza ali ust, kožne krvavitve, herpes, suhe, razpokane ali otrple ustnice, bleda podro ja kože, bole a, napeta koža, rde ina kože, ekcem, draženje kože, kožne bule, nenormalna sestava las, nenormalna rast las.</s>
<s id="s271.3">Redko (&lt; 0, 1%) so poro ali tudi o porde itvi (okužba in pordevanje koža, ki lahko povzro i tudi gnojno žariš e pod kožo), o rde em, luskavem, srbe em dermatitisu, nenormalni rasti kože, rde ih bun icah, kožnih cistah, kožnih izpuš ajih v obliki mehurjev, prekomerni rasti dlak, napetosti kože in drugih boleznih kože. e opazite te ali katerekoli druge neželene u inke, ki niso omenjeni v tem navodilu, obvestite svojega zdravnika ali farmacevta.</s>
<s id="s272.1">5.</s>
<s id="s272.2">SHRANJEVANJE ZDRAVILA Vaniqa</s>
<s id="s273.1">Zdravilo shranjujte nedosegljivo otrokom!</s>
<s id="s274.1">Zdravila ne smete uporabljajti po datumu izteka roka uporabnosti, ki je naveden na škatli in na spodnji strani tube zdravila Vaniqa.</s>
<s id="s275.1">Po vsaki uporabi tesno zaprite pokrov ek.</s>
<s id="s276.1">Shranjujte pri temperaturi do 25 °C (77 °F).</s>
<s id="s277.1">6.</s>
<s id="s277.2">DODATNE INFORMACIJE</s>
<s id="s278.1">Kaj vsebuje zdravilo Vaniqa</s>
<s id="s279.1">Zdravilna u inkovina je eflornitin.</s>
<s id="s279.2">1 gram Vaniqa 11, 5% kreme vsebuje 115 mg eflornitina (v obliki klorida monohidrata).</s>
<s id="s279.3">Pomožne snovi so cetil in stearilalkohol; makrogol cetil stearileter; dimetikon; glicerilstearat; makrogol stearat; metilparahidroksibenzoat (E218); mineralno olje; fenoksietanol; propilparahidroksibenzoat (E216); teko i parafin; pre iš ena voda in stearilalkohol.</s>
<s id="s280.1">Izgled zdravila Vaniqa in vsebina pakiranja</s>
<s id="s281.1">Zdravilo Vaniqa je bela do umazano bela krema v tubah s 15 g, 30 g in 60 g kreme.</s>
<s id="s281.2">Na trgu morda ni vseh navedenih pakiranj.</s>
<s id="s282.1">Imetnik dovoljenja za promet z zdravilom</s>
<s id="s283.1">Laboratorios Almirall, S. A.</s>
<s id="s283.2">Ronda General Mitre, 151 08022 Barcelona Španija Tel: + 34 93 291 30 00</s>
<s id="s284.1">Izdelovalec</s>
<s id="s285.1">Shire Pharmaceuticals Ltd Hampshire International Business Park Chineham Basingstoke Hampshire RG24 8EP Velika Britanija</s>
<s id="s286.1">23 Hermal Kurt Herrmann GmbH &amp; Co OHG Scholtzstrasse 3 D- 21465 Reinbek Nem ija</s>
<s id="s287.1">Za vse morebitne nadaljnje informacije o tem zdravilu se lahko obrnete na predstavništvo imetnika dovoljenja za promet z zdravilom.</s>
<s id="s288.1">Belgique/ België/ Belgien, Italia Almirall N. V.</s>
<s id="s288.2">Almirall SpA Medialaan 32 B 4 Via Messina 38, Torre C B- 1800 Vilvoorde 20154 Milano (Italia) Belgien / Belgique Tél/ Tel: +32 (0) 2 257 26 63 / eská republika / Danmark / Eesti</s>
<s id="s289.1">Tel.: +30 02 346181</s>
<s id="s290.1">/ / España / Ísland / / Latvija / Lietuva / Magyarország / Malta / Nederland / Norge / Polska / România / Slovenija / Slovenská republika / Suomi/ Finland / Sverige Laboratorios Almirall, S. A.</s>
<s id="s290.2">Ronda General Mitre, 151 08022 Barcelona / Špan lsko / Spanien / Hispaania / / España / Spánn / / Sp nija / Ispanija / Spanyolország / Spanja / Spanje / Spania / Hiszpania / Spania / Španija / Španielsko / Espanja / Spanien Te / Tel/ Tlf/ T / Sími/ Puh: +34 93 291 30 00</s>
<s id="s291.1">Ireland / United Kingdom Almirall Limited Pinewood Chineham Business Park Crockford Lane, Chineham Basingstoke, RG24 8AL United Kingdom Tel.: +44 (0) 1256 698037</s>
<s id="s292.1">Deutschland Luxembourg/ Luxemburg</s>
<s id="s293.1">Österreich Almirall GmbH Wien</s>
<s id="s294.1">Almirall Hermal GmbH Scholtzstrasse 3 21465 Reinbek Deutschland / Allemagne Tel. / Tél: +49 (040) 72704- 0</s>
<s id="s295.1">Tel.: +43 01/ 595 39 60</s>
<s id="s296.1">France Almirall SAS 1, boulevard Victor 75015 Paris</s>
<s id="s297.1">Portugal Almirall - Produtos Farmacêuticos, Lda.</s>
<s id="s297.2">Rua João Chagas, 53A, 2º andar - escritório 201, 1495- 072 Algés</s>
<s id="s298.1">Tél.: +33( 0) 1 46 46 19 20</s>
<s id="s299.1">Tel.: +351 21 415 57 50</s>
<s id="s300.1">24 Navodilo je bilo odobreno {datum}</s>
<s id="s301.1">25/ 01/ 2008.</s>
<s id="s302.1">25</s>
</body>
</letsmt>
