<?xml version="1.0" encoding="utf-8"?>
<letsmt version="1.0">
<head></head>
<body>
<s id="s1.1">EU številka</s>
<s id="s2.1">Izmišljeno ime</s>
<s id="s3.1">Jakost</s>
<s id="s4.1">Farmacevtska oblika</s>
<s id="s5.1">Ciljna živalska vrsta</s>
<s id="s6.1">Način uporabe</s>
<s id="s7.1">Pakiranje</s>
<s id="s8.1">Vsebina</s>
<s id="s9.1">Velikost pakiranja</s>
<s id="s10.1">Karenca</s>
<s id="s11.1">EU/ 2/ 00/ 027/ 001</s>
<s id="s12.1">PIRSUE</s>
<s id="s13.1">5 mg/ ml</s>
<s id="s14.1">Intramamarna raztopina</s>
<s id="s15.1">Govedo</s>
<s id="s16.1">intramamarna aplikacija</s>
<s id="s17.1">intramamarni injektor (PE)</s>
<s id="s18.1">10 ml</s>
<s id="s19.1">8 injektorjev (v kartonski škatli)</s>
<s id="s20.1">Meso in organi:</s>
<s id="s20.2">23 dni.</s>
<s id="s20.3">Mleko:</s>
<s id="s20.4">5 dni</s>
<s id="s21.1">EU/ 2/ 00/ 027/ 002</s>
<s id="s22.1">PIRSUE</s>
<s id="s23.1">5 mg/ ml</s>
<s id="s24.1">Intramamarna raztopina</s>
<s id="s25.1">Govedo</s>
<s id="s26.1">intramamarna aplikacija</s>
<s id="s27.1">intramamarni injektor (PE)</s>
<s id="s28.1">10 ml</s>
<s id="s29.1">24 injektorjev (v kartonski škatli)</s>
<s id="s30.1">Meso in organi:</s>
<s id="s30.2">23 dni.</s>
<s id="s30.3">Mleko:</s>
<s id="s30.4">5 dni</s>
<s id="s31.1">EU/ 2/ 00/ 027/ 003</s>
<s id="s32.1">PIRSUE</s>
<s id="s33.1">5 mg/ ml</s>
<s id="s34.1">Intramamarna raztopina</s>
<s id="s35.1">Govedo</s>
<s id="s36.1">intramamarna aplikacija</s>
<s id="s37.1">intramamarni injektor (PE)</s>
<s id="s38.1">10 ml</s>
<s id="s39.1">120 injektorjev (v plastičnem vedru)</s>
<s id="s40.1">Meso in organi:</s>
<s id="s40.2">23 dni.</s>
<s id="s40.3">Mleko:</s>
<s id="s40.4">5 dni</s>
<s id="s41.1">CVMP/ 918/ 00</s>
<s id="s42.1">1/ 1</s>
<s id="s43.1">©EMEA 2006</s>
</body>
</letsmt>
