<?xml version="1.0" encoding="utf-8"?>
<text>
<p id="1">
<s id="s1.1">
 <w id="w1.1.1">European</w> 
 <w id="w1.1.2">Medicines</w> 
 <w id="w1.1.3">Agency</w>
</s></p>

<p id="2">
<s id="s2.1">
 <w id="w2.1.1">EMEA/</w>
 <w id="w2.1.2">H/</w>
 <w id="w2.1.3">C/</w>
 <w id="w2.1.4">107</w>
</s></p>

<p id="3">
<s id="s3.1">
 <w id="w3.1.1">EVROPSKO</w> 
 <w id="w3.1.2">JAVNO</w> 
 <w id="w3.1.3">POROČILO</w> 
 <w id="w3.1.4">O</w> 
 <w id="w3.1.5">OCENI</w> 
 <w id="w3.1.6">ZDRAVILA</w> 
 <w id="w3.1.7">(</w>
 <w id="w3.1.8">EPAR</w>
 <w id="w3.1.9">)</w>
</s></p>

<p id="4">
<s id="s4.1">
 <w id="w4.1.1">EPIVIR</w>
</s></p>

<p id="5">
<s id="s5.1">
 <w id="w5.1.1">Povzetek</w> 
 <w id="w5.1.2">EPAR</w> 
 <w id="w5.1.3">za</w> 
 <w id="w5.1.4">javnost</w>
</s></p>

<p id="6">
<s id="s6.1">
 <w id="w6.1.1">Ta</w> 
 <w id="w6.1.2">dokument</w> 
 <w id="w6.1.3">je</w> 
 <w id="w6.1.4">povzetek</w> 
 <w id="w6.1.5">evropskega</w> 
 <w id="w6.1.6">javnega</w> 
 <w id="w6.1.7">poročila</w> 
 <w id="w6.1.8">o</w> 
 <w id="w6.1.9">oceni</w> 
 <w id="w6.1.10">zdravila</w> 
 <w id="w6.1.11">(</w>
 <w id="w6.1.12">EPAR</w>
 <w id="w6.1.13">)</w>
 <w id="w6.1.14">.</w>
</s> 
 
<s id="s6.2">
 <w id="w6.2.1">Pojasnjuje</w>
 <w id="w6.2.2">,</w> 
 <w id="w6.2.3">kako</w> 
 <w id="w6.2.4">je</w> 
 <w id="w6.2.5">Odbor</w> 
 <w id="w6.2.6">za</w> 
 <w id="w6.2.7">zdravila</w> 
 <w id="w6.2.8">za</w> 
 <w id="w6.2.9">uporabo</w> 
 <w id="w6.2.10">v</w> 
 <w id="w6.2.11">humani</w> 
 <w id="w6.2.12">medicini</w> 
 <w id="w6.2.13">(</w>
 <w id="w6.2.14">CHMP</w>
 <w id="w6.2.15">)</w> 
 <w id="w6.2.16">ocenil</w> 
 <w id="w6.2.17">opravljene</w> 
 <w id="w6.2.18">študije</w>
 <w id="w6.2.19">,</w> 
 <w id="w6.2.20">na</w> 
 <w id="w6.2.21">podlagi</w> 
 <w id="w6.2.22">katerih</w> 
 <w id="w6.2.23">je</w> 
 <w id="w6.2.24">oblikoval</w> 
 <w id="w6.2.25">priporočila</w> 
 <w id="w6.2.26">glede</w> 
 <w id="w6.2.27">uporabe</w> 
 <w id="w6.2.28">zdravila</w>
 <w id="w6.2.29">.</w>
</s> 
 
<s id="s6.3">
 <w id="w6.3.1">Če</w> 
 <w id="w6.3.2">potrebujete</w> 
 <w id="w6.3.3">več</w> 
 <w id="w6.3.4">informacij</w> 
 <w id="w6.3.5">o</w> 
 <w id="w6.3.6">svojem</w> 
 <w id="w6.3.7">zdravstvenem</w> 
 <w id="w6.3.8">stanju</w> 
 <w id="w6.3.9">ali</w> 
 <w id="w6.3.10">zdravljenju</w>
 <w id="w6.3.11">,</w> 
 <w id="w6.3.12">preberite</w> 
 <w id="w6.3.13">navodilo</w> 
 <w id="w6.3.14">za</w> 
 <w id="w6.3.15">uporabo</w> 
 <w id="w6.3.16">(</w>
 <w id="w6.3.17">ki</w> 
 <w id="w6.3.18">je</w> 
 <w id="w6.3.19">prav</w> 
 <w id="w6.3.20">tako</w> 
 <w id="w6.3.21">del</w> 
 <w id="w6.3.22">EPAR</w>
 <w id="w6.3.23">)</w> 
 <w id="w6.3.24">ali</w> 
 <w id="w6.3.25">se</w> 
 <w id="w6.3.26">posvetujte</w> 
 <w id="w6.3.27">s</w> 
 <w id="w6.3.28">svojim</w> 
 <w id="w6.3.29">zdravnikom</w> 
 <w id="w6.3.30">ali</w> 
 <w id="w6.3.31">farmacevtom</w>
 <w id="w6.3.32">.</w>
</s> 
 
<s id="s6.4">
 <w id="w6.4.1">Če</w> 
 <w id="w6.4.2">želite</w> 
 <w id="w6.4.3">več</w> 
 <w id="w6.4.4">informacij</w>
 <w id="w6.4.5">,</w> 
 <w id="w6.4.6">ki</w> 
 <w id="w6.4.7">temeljijo</w> 
 <w id="w6.4.8">na</w> 
 <w id="w6.4.9">priporočilih</w> 
 <w id="w6.4.10">CHMP</w>
 <w id="w6.4.11">,</w> 
 <w id="w6.4.12">preberite</w> 
 <w id="w6.4.13">znanstveno</w> 
 <w id="w6.4.14">razpravo</w> 
 <w id="w6.4.15">(</w>
 <w id="w6.4.16">ki</w> 
 <w id="w6.4.17">je</w> 
 <w id="w6.4.18">prav</w> 
 <w id="w6.4.19">tako</w> 
 <w id="w6.4.20">del</w> 
 <w id="w6.4.21">EPAR</w>
 <w id="w6.4.22">)</w>
 <w id="w6.4.23">.</w>
</s></p>

<p id="7">
<s id="s7.1">
 <w id="w7.1.1">Kaj</w> 
 <w id="w7.1.2">je</w> 
 <w id="w7.1.3">zdravilo</w> 
 <w id="w7.1.4">Epivir</w>
 <w id="w7.1.5">?</w>
</s> 
 
<s id="s7.2">
 <w id="w7.2.1">Epivir</w> 
 <w id="w7.2.2">je</w> 
 <w id="w7.2.3">zdravilo</w>
 <w id="w7.2.4">,</w> 
 <w id="w7.2.5">ki</w> 
 <w id="w7.2.6">vsebuje</w> 
 <w id="w7.2.7">zdravilno</w> 
 <w id="w7.2.8">učinkovino</w> 
 <w id="w7.2.9">lamivudin</w>
 <w id="w7.2.10">.</w>
</s> 
 
<s id="s7.3">
 <w id="w7.3.1">Na</w> 
 <w id="w7.3.2">voljo</w> 
 <w id="w7.3.3">je</w> 
 <w id="w7.3.4">v</w> 
 <w id="w7.3.5">tabletah</w> 
 <w id="w7.3.6">v</w> 
 <w id="w7.3.7">obliki</w> 
 <w id="w7.3.8">diamanta</w> 
 <w id="w7.3.9">(</w>
 <w id="w7.3.10">bele</w> 
 <w id="w7.3.11">tablete</w>
 <w id="w7.3.12">:</w>
</s> 
 
<s id="s7.4">
 <w id="w7.4.1">150</w> 
 <w id="w7.4.2">mg</w>
 <w id="w7.4.3">;</w> 
 <w id="w7.4.4">sive</w> 
 <w id="w7.4.5">tablete</w>
 <w id="w7.4.6">:</w>
</s> 
 
<s id="s7.5">
 <w id="w7.5.1">300</w> 
 <w id="w7.5.2">mg</w>
 <w id="w7.5.3">)</w> 
 <w id="w7.5.4">ter</w> 
 <w id="w7.5.5">v</w> 
 <w id="w7.5.6">obliki</w> 
 <w id="w7.5.7">peroralne</w> 
 <w id="w7.5.8">raztopine</w> 
 <w id="w7.5.9">(</w>
 <w id="w7.5.10">10</w> 
 <w id="w7.5.11">mg/</w>
 <w id="w7.5.12">ml</w>
 <w id="w7.5.13">)</w>
 <w id="w7.5.14">.</w>
</s></p>

<p id="8">
<s id="s8.1">
 <w id="w8.1.1">Za</w> 
 <w id="w8.1.2">kaj</w> 
 <w id="w8.1.3">se</w> 
 <w id="w8.1.4">zdravilo</w> 
 <w id="w8.1.5">Epivir</w> 
 <w id="w8.1.6">uporablja</w>
 <w id="w8.1.7">?</w>
</s> 
 
<s id="s8.2">
 <w id="w8.2.1">Zdravilo</w> 
 <w id="w8.2.2">Epivir</w> 
 <w id="w8.2.3">je</w> 
 <w id="w8.2.4">protivirusno</w> 
 <w id="w8.2.5">zdravilo</w>
 <w id="w8.2.6">.</w>
</s> 
 
<s id="s8.3">
 <w id="w8.3.1">Uporablja</w> 
 <w id="w8.3.2">se</w> 
 <w id="w8.3.3">v</w> 
 <w id="w8.3.4">kombinaciji</w> 
 <w id="w8.3.5">z</w> 
 <w id="w8.3.6">drugimi</w> 
 <w id="w8.3.7">protivirusnimi</w> 
 <w id="w8.3.8">zdravili</w> 
 <w id="w8.3.9">pri</w> 
 <w id="w8.3.10">zdravljenju</w> 
 <w id="w8.3.11">odraslih</w> 
 <w id="w8.3.12">in</w> 
 <w id="w8.3.13">otrok</w>
 <w id="w8.3.14">,</w> 
 <w id="w8.3.15">okuženih</w> 
 <w id="w8.3.16">z</w> 
 <w id="w8.3.17">virusom</w> 
 <w id="w8.3.18">humane</w> 
 <w id="w8.3.19">imunske</w> 
 <w id="w8.3.20">pomanjkljivosti</w> 
 <w id="w8.3.21">(</w>
 <w id="w8.3.22">HIV</w>
 <w id="w8.3.23">)</w>
 <w id="w8.3.24">,</w> 
 <w id="w8.3.25">tj</w>
 <w id="w8.3.26">.</w> 
 <w id="w8.3.27">virusom</w>
 <w id="w8.3.28">,</w> 
 <w id="w8.3.29">ki</w> 
 <w id="w8.3.30">povzroča</w> 
 <w id="w8.3.31">sindrom</w> 
 <w id="w8.3.32">pridobljene</w> 
 <w id="w8.3.33">imunske</w> 
 <w id="w8.3.34">pomanjkljivosti</w> 
 <w id="w8.3.35">(</w>
 <w id="w8.3.36">AIDS</w>
 <w id="w8.3.37">)</w>
 <w id="w8.3.38">.</w>
</s> 
 
<s id="s8.4">
 <w id="w8.4.1">Zdravilo</w> 
 <w id="w8.4.2">se</w> 
 <w id="w8.4.3">dobi</w> 
 <w id="w8.4.4">samo</w> 
 <w id="w8.4.5">na</w> 
 <w id="w8.4.6">recept</w>
 <w id="w8.4.7">.</w>
</s></p>

<p id="9">
<s id="s9.1">
 <w id="w9.1.1">Kako</w> 
 <w id="w9.1.2">se</w> 
 <w id="w9.1.3">zdravilo</w> 
 <w id="w9.1.4">Epivir</w> 
 <w id="w9.1.5">uporablja</w>
 <w id="w9.1.6">?</w>
</s> 
 
<s id="s9.2">
 <w id="w9.2.1">Zdravljenje</w> 
 <w id="w9.2.2">z</w> 
 <w id="w9.2.3">zdravilom</w> 
 <w id="w9.2.4">Epivir</w> 
 <w id="w9.2.5">mora</w> 
 <w id="w9.2.6">uvesti</w> 
 <w id="w9.2.7">zdravnik</w>
 <w id="w9.2.8">,</w> 
 <w id="w9.2.9">ki</w> 
 <w id="w9.2.10">ima</w> 
 <w id="w9.2.11">izkušnje</w> 
 <w id="w9.2.12">z</w> 
 <w id="w9.2.13">zdravljenjem</w> 
 <w id="w9.2.14">okužb</w> 
 <w id="w9.2.15">z</w> 
 <w id="w9.2.16">virusom</w> 
 <w id="w9.2.17">HIV</w>
 <w id="w9.2.18">.</w>
</s> 
 
<s id="s9.3">
 <w id="w9.3.1">Priporočeni</w> 
 <w id="w9.3.2">odmerek</w> 
 <w id="w9.3.3">zdravila</w> 
 <w id="w9.3.4">Epivir</w> 
 <w id="w9.3.5">pri</w> 
 <w id="w9.3.6">bolnikih</w>
 <w id="w9.3.7">,</w> 
 <w id="w9.3.8">starejših</w> 
 <w id="w9.3.9">od</w> 
 <w id="w9.3.10">12</w> 
 <w id="w9.3.11">let</w>
 <w id="w9.3.12">,</w> 
 <w id="w9.3.13">je</w> 
 <w id="w9.3.14">300</w> 
 <w id="w9.3.15">mg</w> 
 <w id="w9.3.16">dnevno</w>
 <w id="w9.3.17">.</w>
</s> 
 
<s id="s9.4">
 <w id="w9.4.1">Ta</w> 
 <w id="w9.4.2">odmerek</w> 
 <w id="w9.4.3">se</w> 
 <w id="w9.4.4">lahko</w> 
 <w id="w9.4.5">daje</w> 
 <w id="w9.4.6">enkrat</w> 
 <w id="w9.4.7">dnevno</w> 
 <w id="w9.4.8">(</w>
 <w id="w9.4.9">dve</w> 
 <w id="w9.4.10">tableti</w> 
 <w id="w9.4.11">po</w> 
 <w id="w9.4.12">150</w> 
 <w id="w9.4.13">mg</w> 
 <w id="w9.4.14">ali</w> 
 <w id="w9.4.15">ena</w> 
 <w id="w9.4.16">tableta</w> 
 <w id="w9.4.17">po</w> 
 <w id="w9.4.18">300</w> 
 <w id="w9.4.19">mg</w>
 <w id="w9.4.20">)</w> 
 <w id="w9.4.21">ali</w> 
 <w id="w9.4.22">kot</w> 
 <w id="w9.4.23">ena</w> 
 <w id="w9.4.24">tableta</w> 
 <w id="w9.4.25">po</w> 
 <w id="w9.4.26">150</w> 
 <w id="w9.4.27">mg</w> 
 <w id="w9.4.28">dvakrat</w> 
 <w id="w9.4.29">dnevno</w>
 <w id="w9.4.30">.</w>
</s> 
 
<s id="s9.5">
 <w id="w9.5.1">Pri</w> 
 <w id="w9.5.2">otrocih</w>
 <w id="w9.5.3">,</w> 
 <w id="w9.5.4">ki</w> 
 <w id="w9.5.5">tehtajo</w> 
 <w id="w9.5.6">več</w> 
 <w id="w9.5.7">kot</w> 
 <w id="w9.5.8">30</w> 
 <w id="w9.5.9">kg</w>
 <w id="w9.5.10">,</w> 
 <w id="w9.5.11">je</w> 
 <w id="w9.5.12">treba</w> 
 <w id="w9.5.13">uporabiti</w> 
 <w id="w9.5.14">150-</w>
 <w id="w9.5.15">miligramski</w> 
 <w id="w9.5.16">odmerek</w> 
 <w id="w9.5.17">za</w> 
 <w id="w9.5.18">odrasle</w> 
 <w id="w9.5.19">dvakrat</w> 
 <w id="w9.5.20">dnevno</w>
 <w id="w9.5.21">.</w>
</s> 
 
<s id="s9.6">
 <w id="w9.6.1">Pri</w> 
 <w id="w9.6.2">otrocih</w>
 <w id="w9.6.3">,</w> 
 <w id="w9.6.4">ki</w> 
 <w id="w9.6.5">tehtajo</w> 
 <w id="w9.6.6">od</w> 
 <w id="w9.6.7">14</w> 
 <w id="w9.6.8">do</w> 
 <w id="w9.6.9">30</w> 
 <w id="w9.6.10">kg</w>
 <w id="w9.6.11">,</w> 
 <w id="w9.6.12">je</w> 
 <w id="w9.6.13">odmerek</w> 
 <w id="w9.6.14">odvisen</w> 
 <w id="w9.6.15">od</w> 
 <w id="w9.6.16">telesne</w> 
 <w id="w9.6.17">mase</w>
 <w id="w9.6.18">.</w>
</s> 
 
<s id="s9.7">
 <w id="w9.7.1">Otrokom</w>
 <w id="w9.7.2">,</w> 
 <w id="w9.7.3">starim</w> 
 <w id="w9.7.4">več</w> 
 <w id="w9.7.5">kot</w> 
 <w id="w9.7.6">tri</w> 
 <w id="w9.7.7">mesece</w>
 <w id="w9.7.8">,</w> 
 <w id="w9.7.9">ki</w> 
 <w id="w9.7.10">tehtajo</w> 
 <w id="w9.7.11">manj</w> 
 <w id="w9.7.12">kot</w> 
 <w id="w9.7.13">14</w> 
 <w id="w9.7.14">kg</w>
 <w id="w9.7.15">,</w> 
 <w id="w9.7.16">je</w> 
 <w id="w9.7.17">treba</w> 
 <w id="w9.7.18">dajati</w> 
 <w id="w9.7.19">peroralno</w> 
 <w id="w9.7.20">raztopino</w> 
 <w id="w9.7.21">v</w> 
 <w id="w9.7.22">odmerku</w> 
 <w id="w9.7.23">4</w> 
 <w id="w9.7.24">mg</w> 
 <w id="w9.7.25">na</w> 
 <w id="w9.7.26">kilogram</w> 
 <w id="w9.7.27">telesne</w> 
 <w id="w9.7.28">mase</w> 
 <w id="w9.7.29">dvakrat</w> 
 <w id="w9.7.30">dnevno</w>
 <w id="w9.7.31">,</w> 
 <w id="w9.7.32">vendar</w> 
 <w id="w9.7.33">največ</w> 
 <w id="w9.7.34">300</w> 
 <w id="w9.7.35">mg</w> 
 <w id="w9.7.36">na</w> 
 <w id="w9.7.37">dan</w>
 <w id="w9.7.38">.</w>
</s> 
 
<s id="s9.8">
 <w id="w9.8.1">Najbolje</w> 
 <w id="w9.8.2">je</w>
 <w id="w9.8.3">,</w> 
 <w id="w9.8.4">da</w> 
 <w id="w9.8.5">tableto</w> 
 <w id="w9.8.6">zdravila</w> 
 <w id="w9.8.7">Epivir</w> 
 <w id="w9.8.8">pogoltnete</w> 
 <w id="w9.8.9">celo</w>
 <w id="w9.8.10">,</w> 
 <w id="w9.8.11">ne</w> 
 <w id="w9.8.12">da</w> 
 <w id="w9.8.13">bi</w> 
 <w id="w9.8.14">jo</w> 
 <w id="w9.8.15">poprej</w> 
 <w id="w9.8.16">zdrobili</w>
 <w id="w9.8.17">.</w>
</s> 
 
<s id="s9.9">
 <w id="w9.9.1">Bolniki</w>
 <w id="w9.9.2">,</w> 
 <w id="w9.9.3">ki</w> 
 <w id="w9.9.4">ne</w> 
 <w id="w9.9.5">morejo</w> 
 <w id="w9.9.6">pogoltniti</w> 
 <w id="w9.9.7">cele</w> 
 <w id="w9.9.8">tablete</w>
 <w id="w9.9.9">,</w> 
 <w id="w9.9.10">naj</w> 
 <w id="w9.9.11">uporabijo</w> 
 <w id="w9.9.12">peroralno</w> 
 <w id="w9.9.13">raztopino</w> 
 <w id="w9.9.14">ali</w> 
 <w id="w9.9.15">pa</w> 
 <w id="w9.9.16">tableto</w> 
 <w id="w9.9.17">zdrobijo</w> 
 <w id="w9.9.18">in</w> 
 <w id="w9.9.19">jo</w> 
 <w id="w9.9.20">pred</w> 
 <w id="w9.9.21">zaužitjem</w> 
 <w id="w9.9.22">pomešajo</w> 
 <w id="w9.9.23">z</w> 
 <w id="w9.9.24">majhno</w> 
 <w id="w9.9.25">količino</w> 
 <w id="w9.9.26">hrane</w> 
 <w id="w9.9.27">ali</w> 
 <w id="w9.9.28">pijače</w>
 <w id="w9.9.29">.</w>
</s> 
 
<s id="s9.10">
 <w id="w9.10.1">Pri</w> 
 <w id="w9.10.2">bolnikih</w>
 <w id="w9.10.3">,</w> 
 <w id="w9.10.4">ki</w> 
 <w id="w9.10.5">imajo</w> 
 <w id="w9.10.6">resne</w> 
 <w id="w9.10.7">težave</w> 
 <w id="w9.10.8">z</w> 
 <w id="w9.10.9">ledvicami</w>
 <w id="w9.10.10">,</w> 
 <w id="w9.10.11">je</w> 
 <w id="w9.10.12">treba</w> 
 <w id="w9.10.13">odmerek</w> 
 <w id="w9.10.14">zdravila</w> 
 <w id="w9.10.15">Epivir</w> 
 <w id="w9.10.16">prilagoditi</w>
 <w id="w9.10.17">.</w>
</s> 
 
<s id="s9.11">
 <w id="w9.11.1">Ustrezen</w> 
 <w id="w9.11.2">odmerek</w> 
 <w id="w9.11.3">se</w> 
 <w id="w9.11.4">lahko</w> 
 <w id="w9.11.5">doseže</w> 
 <w id="w9.11.6">z</w> 
 <w id="w9.11.7">uporabo</w> 
 <w id="w9.11.8">peroralne</w> 
 <w id="w9.11.9">raztopine</w>
 <w id="w9.11.10">.</w>
</s> 
 
<s id="s9.12">
 <w id="w9.12.1">Zdravilo</w> 
 <w id="w9.12.2">Epivir</w> 
 <w id="w9.12.3">se</w> 
 <w id="w9.12.4">lahko</w> 
 <w id="w9.12.5">jemlje</w> 
 <w id="w9.12.6">s</w> 
 <w id="w9.12.7">hrano</w> 
 <w id="w9.12.8">ali</w> 
 <w id="w9.12.9">brez</w> 
 <w id="w9.12.10">nje</w>
 <w id="w9.12.11">.</w>
</s> 
 
<s id="s9.13">
 <w id="w9.13.1">Za</w> 
 <w id="w9.13.2">več</w> 
 <w id="w9.13.3">informacij</w> 
 <w id="w9.13.4">glejte</w> 
 <w id="w9.13.5">navodilo</w> 
 <w id="w9.13.6">za</w> 
 <w id="w9.13.7">uporabo</w>
 <w id="w9.13.8">.</w>
</s></p>

<p id="10">
<s id="s10.1">
 <w id="w10.1.1">Kako</w> 
 <w id="w10.1.2">zdravilo</w> 
 <w id="w10.1.3">Epivir</w> 
 <w id="w10.1.4">deluje</w>
 <w id="w10.1.5">?</w>
</s> 
 
<s id="s10.2">
 <w id="w10.2.1">Zdravilna</w> 
 <w id="w10.2.2">učinkovina</w> 
 <w id="w10.2.3">zdravila</w> 
 <w id="w10.2.4">Epivir</w>
 <w id="w10.2.5">,</w> 
 <w id="w10.2.6">lamivudin</w>
 <w id="w10.2.7">,</w> 
 <w id="w10.2.8">je</w> 
 <w id="w10.2.9">nukleozidni</w> 
 <w id="w10.2.10">zaviralec</w> 
 <w id="w10.2.11">reverzne</w> 
 <w id="w10.2.12">transkriptaze</w> 
 <w id="w10.2.13">(</w>
 <w id="w10.2.14">NRTI</w>
 <w id="w10.2.15">)</w>
 <w id="w10.2.16">.</w>
</s> 
 
<s id="s10.3">
 <w id="w10.3.1">Ta</w> 
 <w id="w10.3.2">preprečuje</w> 
 <w id="w10.3.3">delovanje</w> 
 <w id="w10.3.4">reverzne</w> 
 <w id="w10.3.5">transkriptaze</w>
 <w id="w10.3.6">,</w> 
 <w id="w10.3.7">encima</w>
 <w id="w10.3.8">,</w> 
 <w id="w10.3.9">ki</w> 
 <w id="w10.3.10">ga</w> 
 <w id="w10.3.11">proizvaja</w> 
 <w id="w10.3.12">virus</w> 
 <w id="w10.3.13">HIV</w> 
 <w id="w10.3.14">in</w> 
 <w id="w10.3.15">ki</w> 
 <w id="w10.3.16">omogoča</w> 
 <w id="w10.3.17">okužbo</w> 
 <w id="w10.3.18">celic</w> 
 <w id="w10.3.19">in</w> 
 <w id="w10.3.20">tvorbo</w> 
 <w id="w10.3.21">novih</w> 
 <w id="w10.3.22">virusov</w>
 <w id="w10.3.23">.</w>
</s> 
 
<s id="s10.4">
 <w id="w10.4.1">Zdravilo</w> 
 <w id="w10.4.2">Epivir</w>
 <w id="w10.4.3">,</w> 
 <w id="w10.4.4">uporabljeno</w> 
 <w id="w10.4.5">v</w> 
 <w id="w10.4.6">kombinaciji</w> 
 <w id="w10.4.7">z</w> 
 <w id="w10.4.8">drugimi</w> 
 <w id="w10.4.9">protivirusnimi</w> 
 <w id="w10.4.10">zdravili</w>
 <w id="w10.4.11">,</w> 
 <w id="w10.4.12">zmanjša</w> 
 <w id="w10.4.13">količino</w> 
 <w id="w10.4.14">virusa</w> 
 <w id="w10.4.15">HIV</w> 
 <w id="w10.4.16">v</w> 
 <w id="w10.4.17">krvi</w> 
 <w id="w10.4.18">in</w> 
 <w id="w10.4.19">jo</w> 
 <w id="w10.4.20">ohranja</w> 
 <w id="w10.4.21">na</w> 
 <w id="w10.4.22">nizki</w> 
 <w id="w10.4.23">ravni</w>
 <w id="w10.4.24">.</w>
</s> 
 
<s id="s10.5">
 <w id="w10.5.1">Zdravilo</w>
</s></p>

<p id="11">
<s id="s11.1">
 <w id="w11.1.1">7</w> 
 <w id="w11.1.2">Westferry</w> 
 <w id="w11.1.3">Circus</w>
 <w id="w11.1.4">,</w> 
 <w id="w11.1.5">Canary</w> 
 <w id="w11.1.6">Wharf</w>
 <w id="w11.1.7">,</w> 
 <w id="w11.1.8">London</w> 
 <w id="w11.1.9">E14</w> 
 <w id="w11.1.10">4HB</w>
 <w id="w11.1.11">,</w> 
 <w id="w11.1.12">UK</w>                                   
 <w id="w11.1.13">Tel</w>
 <w id="w11.1.14">.</w>
</s> 
 
<s id="s11.2">
 <w id="w11.2.1">(</w>
 <w id="w11.2.2">44-</w>
 <w id="w11.2.3">20</w>
 <w id="w11.2.4">)</w> 
 <w id="w11.2.5">74</w> 
 <w id="w11.2.6">18</w> 
 <w id="w11.2.7">84</w> 
 <w id="w11.2.8">00</w> 
 <w id="w11.2.9">Fax</w> 
 <w id="w11.2.10">(</w>
 <w id="w11.2.11">44-</w>
 <w id="w11.2.12">20</w>
 <w id="w11.2.13">)</w> 
 <w id="w11.2.14">74</w> 
 <w id="w11.2.15">18</w> 
 <w id="w11.2.16">84</w> 
 <w id="w11.2.17">16</w>                              
 <w id="w11.2.18">E-</w>
 <w id="w11.2.19">mail</w>
 <w id="w11.2.20">:</w> 
 <w id="w11.2.21">mail@</w>
 <w id="w11.2.22">emea.</w>
 <w id="w11.2.23">europa.</w>
 <w id="w11.2.24">eu</w> 
 <w id="w11.2.25">http</w>
 <w id="w11.2.26">:</w>
 <w id="w11.2.27">//</w>
 <w id="w11.2.28">www.</w>
 <w id="w11.2.29">emea.</w>
 <w id="w11.2.30">europa.</w>
 <w id="w11.2.31">eu</w>
</s></p>

<p id="12">
<s id="s12.1">
 <w id="w12.1.1">©</w> 
 <w id="w12.1.2">European</w> 
 <w id="w12.1.3">Medicines</w> 
 <w id="w12.1.4">Agency</w>
 <w id="w12.1.5">,</w> 
 <w id="w12.1.6">2008</w>
 <w id="w12.1.7">.</w>
</s> 
 
<s id="s12.2">
 <w id="w12.2.1">Reproduction</w> 
 <w id="w12.2.2">is</w> 
 <w id="w12.2.3">authorised</w> 
 <w id="w12.2.4">provided</w> 
 <w id="w12.2.5">the</w> 
 <w id="w12.2.6">source</w> 
 <w id="w12.2.7">is</w> 
 <w id="w12.2.8">acknowledged</w>
 <w id="w12.2.9">.</w>
</s> 
 
<s id="s12.3">
 <w id="w12.3.1">Epivir</w> 
 <w id="w12.3.2">ne</w> 
 <w id="w12.3.3">ozdravi</w> 
 <w id="w12.3.4">okužbe</w> 
 <w id="w12.3.5">s</w> 
 <w id="w12.3.6">HIV</w> 
 <w id="w12.3.7">ali</w> 
 <w id="w12.3.8">AIDS-</w>
 <w id="w12.3.9">a</w>
 <w id="w12.3.10">,</w> 
 <w id="w12.3.11">lahko</w> 
 <w id="w12.3.12">pa</w> 
 <w id="w12.3.13">upočasni</w> 
 <w id="w12.3.14">slabšanje</w> 
 <w id="w12.3.15">imunskega</w> 
 <w id="w12.3.16">sistema</w> 
 <w id="w12.3.17">ter</w> 
 <w id="w12.3.18">razvoj</w> 
 <w id="w12.3.19">okužb</w> 
 <w id="w12.3.20">in</w> 
 <w id="w12.3.21">bolezni</w>
 <w id="w12.3.22">,</w> 
 <w id="w12.3.23">povezanih</w> 
 <w id="w12.3.24">z</w> 
 <w id="w12.3.25">AIDS-</w>
 <w id="w12.3.26">om</w>
 <w id="w12.3.27">.</w>
</s></p>

<p id="13">
<s id="s13.1">
 <w id="w13.1.1">Kako</w> 
 <w id="w13.1.2">je</w> 
 <w id="w13.1.3">bilo</w> 
 <w id="w13.1.4">zdravilo</w> 
 <w id="w13.1.5">Epivir</w> 
 <w id="w13.1.6">raziskano</w>
 <w id="w13.1.7">?</w>
</s> 
 
<s id="s13.2">
 <w id="w13.2.1">Zdravilo</w> 
 <w id="w13.2.2">Epivir</w> 
 <w id="w13.2.3">so</w> 
 <w id="w13.2.4">preučevali</w> 
 <w id="w13.2.5">v</w> 
 <w id="w13.2.6">petih</w> 
 <w id="w13.2.7">glavnih</w> 
 <w id="w13.2.8">študijah</w>
 <w id="w13.2.9">,</w> 
 <w id="w13.2.10">v</w> 
 <w id="w13.2.11">katere</w> 
 <w id="w13.2.12">je</w> 
 <w id="w13.2.13">bilo</w> 
 <w id="w13.2.14">vključenih</w> 
 <w id="w13.2.15">skoraj</w> 
 <w id="w13.2.16">3000</w> 
 <w id="w13.2.17">odraslih</w>
 <w id="w13.2.18">.</w>
</s> 
 
<s id="s13.3">
 <w id="w13.3.1">V</w> 
 <w id="w13.3.2">štirih</w> 
 <w id="w13.3.3">od</w> 
 <w id="w13.3.4">teh</w> 
 <w id="w13.3.5">študij</w> 
 <w id="w13.3.6">so</w> 
 <w id="w13.3.7">zdravilo</w> 
 <w id="w13.3.8">Epivir</w> 
 <w id="w13.3.9">v</w> 
 <w id="w13.3.10">kombinaciji</w> 
 <w id="w13.3.11">z</w> 
 <w id="w13.3.12">zidovudinom</w> 
 <w id="w13.3.13">(</w>
 <w id="w13.3.14">drugim</w> 
 <w id="w13.3.15">protivirusnim</w> 
 <w id="w13.3.16">zdravilom</w>
 <w id="w13.3.17">)</w> 
 <w id="w13.3.18">primerjali</w> 
 <w id="w13.3.19">bodisi</w> 
 <w id="w13.3.20">samo</w> 
 <w id="w13.3.21">z</w> 
 <w id="w13.3.22">zdravilom</w> 
 <w id="w13.3.23">Epivir</w> 
 <w id="w13.3.24">ali</w> 
 <w id="w13.3.25">samo</w> 
 <w id="w13.3.26">z</w> 
 <w id="w13.3.27">zidovudinom</w> 
 <w id="w13.3.28">oziroma</w> 
 <w id="w13.3.29">s</w> 
 <w id="w13.3.30">kombinacijo</w> 
 <w id="w13.3.31">zdravila</w> 
 <w id="w13.3.32">Epivir</w> 
 <w id="w13.3.33">in</w> 
 <w id="w13.3.34">zalcitabina</w> 
 <w id="w13.3.35">(</w>
 <w id="w13.3.36">drugega</w> 
 <w id="w13.3.37">protivirusnega</w> 
 <w id="w13.3.38">zdravila</w>
 <w id="w13.3.39">)</w>
 <w id="w13.3.40">.</w>
</s> 
 
<s id="s13.4">
 <w id="w13.4.1">V</w> 
 <w id="w13.4.2">študijah</w> 
 <w id="w13.4.3">so</w> 
 <w id="w13.4.4">preučevali</w> 
 <w id="w13.4.5">učinke</w> 
 <w id="w13.4.6">zdravila</w> 
 <w id="w13.4.7">Epivir</w> 
 <w id="w13.4.8">na</w> 
 <w id="w13.4.9">ravni</w> 
 <w id="w13.4.10">virusa</w> 
 <w id="w13.4.11">HIV</w> 
 <w id="w13.4.12">v</w> 
 <w id="w13.4.13">krvi</w> 
 <w id="w13.4.14">(</w>
 <w id="w13.4.15">virusno</w> 
 <w id="w13.4.16">breme</w>
 <w id="w13.4.17">)</w> 
 <w id="w13.4.18">in</w> 
 <w id="w13.4.19">število</w> 
 <w id="w13.4.20">CD4</w> 
 <w id="w13.4.21">T-</w>
 <w id="w13.4.22">celic</w> 
 <w id="w13.4.23">v</w> 
 <w id="w13.4.24">krvi</w> 
 <w id="w13.4.25">(</w>
 <w id="w13.4.26">število</w> 
 <w id="w13.4.27">celic</w> 
 <w id="w13.4.28">CD4</w>
 <w id="w13.4.29">)</w>
 <w id="w13.4.30">.</w>
</s> 
 
<s id="s13.5">
 <w id="w13.5.1">CD4</w> 
 <w id="w13.5.2">T-</w>
 <w id="w13.5.3">celice</w> 
 <w id="w13.5.4">so</w> 
 <w id="w13.5.5">bele</w> 
 <w id="w13.5.6">krvničke</w>
 <w id="w13.5.7">,</w> 
 <w id="w13.5.8">ki</w> 
 <w id="w13.5.9">imajo</w> 
 <w id="w13.5.10">pomembno</w> 
 <w id="w13.5.11">vlogo</w> 
 <w id="w13.5.12">pri</w> 
 <w id="w13.5.13">premagovanju</w> 
 <w id="w13.5.14">okužb</w>
 <w id="w13.5.15">,</w> 
 <w id="w13.5.16">vendar</w> 
 <w id="w13.5.17">pa</w> 
 <w id="w13.5.18">jih</w> 
 <w id="w13.5.19">virus</w> 
 <w id="w13.5.20">HIV</w> 
 <w id="w13.5.21">ubija</w>
 <w id="w13.5.22">.</w>
</s> 
 
<s id="s13.6">
 <w id="w13.6.1">V</w> 
 <w id="w13.6.2">peti</w> 
 <w id="w13.6.3">študiji</w> 
 <w id="w13.6.4">so</w> 
 <w id="w13.6.5">primerjali</w> 
 <w id="w13.6.6">učinke</w> 
 <w id="w13.6.7">dodajanja</w> 
 <w id="w13.6.8">zdravila</w> 
 <w id="w13.6.9">Epivir</w> 
 <w id="w13.6.10">ali</w> 
 <w id="w13.6.11">placeba</w> 
 <w id="w13.6.12">(</w>
 <w id="w13.6.13">zdravila</w> 
 <w id="w13.6.14">brez</w> 
 <w id="w13.6.15">zdravilne</w> 
 <w id="w13.6.16">učinkovine</w>
 <w id="w13.6.17">)</w> 
 <w id="w13.6.18">obstoječemu</w> 
 <w id="w13.6.19">zdravljenju</w> 
 <w id="w13.6.20">okužbe</w> 
 <w id="w13.6.21">s</w> 
 <w id="w13.6.22">HIV</w> 
 <w id="w13.6.23">pri</w> 
 <w id="w13.6.24">1895</w> 
 <w id="w13.6.25">odraslih</w>
 <w id="w13.6.26">,</w> 
 <w id="w13.6.27">ki</w> 
 <w id="w13.6.28">so</w> 
 <w id="w13.6.29">vsaj</w> 
 <w id="w13.6.30">štiri</w> 
 <w id="w13.6.31">tedne</w> 
 <w id="w13.6.32">jemali</w> 
 <w id="w13.6.33">protivirusna</w> 
 <w id="w13.6.34">zdravila</w>
 <w id="w13.6.35">.</w>
</s> 
 
<s id="s13.7">
 <w id="w13.7.1">V</w> 
 <w id="w13.7.2">tej</w> 
 <w id="w13.7.3">študiji</w> 
 <w id="w13.7.4">so</w> 
 <w id="w13.7.5">preučevali</w>
 <w id="w13.7.6">,</w> 
 <w id="w13.7.7">pri</w> 
 <w id="w13.7.8">koliko</w> 
 <w id="w13.7.9">bolnikih</w> 
 <w id="w13.7.10">se</w> 
 <w id="w13.7.11">je</w> 
 <w id="w13.7.12">razvila</w> 
 <w id="w13.7.13">bolezen</w>
 <w id="w13.7.14">,</w> 
 <w id="w13.7.15">povezana</w> 
 <w id="w13.7.16">z</w> 
 <w id="w13.7.17">AIDS-</w>
 <w id="w13.7.18">om</w>
 <w id="w13.7.19">,</w> 
 <w id="w13.7.20">ali</w> 
 <w id="w13.7.21">koliko</w> 
 <w id="w13.7.22">bolnikov</w> 
 <w id="w13.7.23">je</w> 
 <w id="w13.7.24">umrlo</w> 
 <w id="w13.7.25">po</w> 
 <w id="w13.7.26">enoletnem</w> 
 <w id="w13.7.27">zdravljenju</w>
 <w id="w13.7.28">.</w>
</s> 
 
<s id="s13.8">
 <w id="w13.8.1">Zdravilo</w> 
 <w id="w13.8.2">Epivir</w> 
 <w id="w13.8.3">so</w> 
 <w id="w13.8.4">preučevali</w> 
 <w id="w13.8.5">tudi</w> 
 <w id="w13.8.6">pri</w> 
 <w id="w13.8.7">615</w> 
 <w id="w13.8.8">otrocih</w>
 <w id="w13.8.9">.</w>
</s> 
 
<s id="s13.9">
 <w id="w13.9.1">V</w> 
 <w id="w13.9.2">študiji</w> 
 <w id="w13.9.3">so</w> 
 <w id="w13.9.4">učinke</w> 
 <w id="w13.9.5">zdravila</w> 
 <w id="w13.9.6">Epivir</w>
 <w id="w13.9.7">,</w> 
 <w id="w13.9.8">uporabljenega</w> 
 <w id="w13.9.9">v</w> 
 <w id="w13.9.10">kombinaciji</w> 
 <w id="w13.9.11">z</w> 
 <w id="w13.9.12">zidovudinom</w>
 <w id="w13.9.13">,</w> 
 <w id="w13.9.14">primerjali</w> 
 <w id="w13.9.15">z</w> 
 <w id="w13.9.16">didanozinom</w> 
 <w id="w13.9.17">(</w>
 <w id="w13.9.18">drugim</w> 
 <w id="w13.9.19">protivirusnim</w> 
 <w id="w13.9.20">zdravilom</w>
 <w id="w13.9.21">)</w>
 <w id="w13.9.22">,</w> 
 <w id="w13.9.23">dajanim</w> 
 <w id="w13.9.24">samostojno</w>
 <w id="w13.9.25">.</w>
</s> 
 
<s id="s13.10">
 <w id="w13.10.1">V</w> 
 <w id="w13.10.2">študiji</w> 
 <w id="w13.10.3">so</w> 
 <w id="w13.10.4">merili</w>
 <w id="w13.10.5">,</w> 
 <w id="w13.10.6">koliko</w> 
 <w id="w13.10.7">časa</w> 
 <w id="w13.10.8">je</w> 
 <w id="w13.10.9">preteklo</w>
 <w id="w13.10.10">,</w> 
 <w id="w13.10.11">preden</w> 
 <w id="w13.10.12">se</w> 
 <w id="w13.10.13">je</w> 
 <w id="w13.10.14">pri</w> 
 <w id="w13.10.15">otrocih</w> 
 <w id="w13.10.16">pojavila</w> 
 <w id="w13.10.17">bolezen</w>
 <w id="w13.10.18">,</w> 
 <w id="w13.10.19">povezana</w> 
 <w id="w13.10.20">z</w> 
 <w id="w13.10.21">AIDS-</w>
 <w id="w13.10.22">om</w>
 <w id="w13.10.23">.</w>
</s></p>

<p id="14">
<s id="s14.1">
 <w id="w14.1.1">Kakšne</w> 
 <w id="w14.1.2">koristi</w> 
 <w id="w14.1.3">je</w> 
 <w id="w14.1.4">zdravilo</w> 
 <w id="w14.1.5">Epivir</w> 
 <w id="w14.1.6">izkazalo</w> 
 <w id="w14.1.7">med</w> 
 <w id="w14.1.8">študijami</w>
 <w id="w14.1.9">?</w>
</s> 
 
<s id="s14.2">
 <w id="w14.2.1">V</w> 
 <w id="w14.2.2">vseh</w> 
 <w id="w14.2.3">študijah</w> 
 <w id="w14.2.4">so</w> 
 <w id="w14.2.5">ugotovili</w>
 <w id="w14.2.6">,</w> 
 <w id="w14.2.7">da</w> 
 <w id="w14.2.8">so</w> 
 <w id="w14.2.9">bile</w> 
 <w id="w14.2.10">kombinacije</w> 
 <w id="w14.2.11">z</w> 
 <w id="w14.2.12">zdravilom</w> 
 <w id="w14.2.13">Epivir</w> 
 <w id="w14.2.14">učinkovitejše</w> 
 <w id="w14.2.15">od</w> 
 <w id="w14.2.16">primerjalnih</w> 
 <w id="w14.2.17">zdravil</w>
 <w id="w14.2.18">.</w>
</s> 
 
<s id="s14.3">
 <w id="w14.3.1">V</w> 
 <w id="w14.3.2">prvih</w> 
 <w id="w14.3.3">štirih</w> 
 <w id="w14.3.4">študijah</w> 
 <w id="w14.3.5">z</w> 
 <w id="w14.3.6">odraslimi</w> 
 <w id="w14.3.7">je</w> 
 <w id="w14.3.8">po</w> 
 <w id="w14.3.9">24</w> 
 <w id="w14.3.10">tednih</w> 
 <w id="w14.3.11">zdravljenja</w> 
 <w id="w14.3.12">zdravilo</w> 
 <w id="w14.3.13">Epivir</w>
 <w id="w14.3.14">,</w> 
 <w id="w14.3.15">dajano</w> 
 <w id="w14.3.16">v</w> 
 <w id="w14.3.17">kombinaciji</w> 
 <w id="w14.3.18">z</w> 
 <w id="w14.3.19">zidovudinom</w>
 <w id="w14.3.20">,</w> 
 <w id="w14.3.21">povečalo</w> 
 <w id="w14.3.22">število</w> 
 <w id="w14.3.23">celic</w> 
 <w id="w14.3.24">CD4</w> 
 <w id="w14.3.25">bolj</w> 
 <w id="w14.3.26">kot</w> 
 <w id="w14.3.27">primerjalna</w> 
 <w id="w14.3.28">zdravila</w>
 <w id="w14.3.29">.</w>
</s> 
 
<s id="s14.4">
 <w id="w14.4.1">Kombinacija</w> 
 <w id="w14.4.2">je</w> 
 <w id="w14.4.3">v</w> 
 <w id="w14.4.4">vseh</w> 
 <w id="w14.4.5">študijah</w> 
 <w id="w14.4.6">po</w> 
 <w id="w14.4.7">dveh</w> 
 <w id="w14.4.8">do</w> 
 <w id="w14.4.9">štirih</w> 
 <w id="w14.4.10">tednih</w> 
 <w id="w14.4.11">zdravljenja</w> 
 <w id="w14.4.12">zmanjšala</w> 
 <w id="w14.4.13">tudi</w> 
 <w id="w14.4.14">virusno</w> 
 <w id="w14.4.15">breme</w>
 <w id="w14.4.16">,</w> 
 <w id="w14.4.17">vendar</w> 
 <w id="w14.4.18">pa</w> 
 <w id="w14.4.19">je</w> 
 <w id="w14.4.20">bil</w> 
 <w id="w14.4.21">ta</w> 
 <w id="w14.4.22">učinek</w> 
 <w id="w14.4.23">le</w> 
 <w id="w14.4.24">začasen</w>
 <w id="w14.4.25">.</w>
</s> 
 
<s id="s14.5">
 <w id="w14.5.1">V</w> 
 <w id="w14.5.2">peti</w> 
 <w id="w14.5.3">študiji</w>
 <w id="w14.5.4">,</w> 
 <w id="w14.5.5">izvedeni</w> 
 <w id="w14.5.6">pri</w> 
 <w id="w14.5.7">odraslih</w>
 <w id="w14.5.8">,</w> 
 <w id="w14.5.9">je</w> 
 <w id="w14.5.10">dodajanje</w> 
 <w id="w14.5.11">zdravila</w> 
 <w id="w14.5.12">Epivir</w> 
 <w id="w14.5.13">obstoječemu</w> 
 <w id="w14.5.14">zdravljenju</w> 
 <w id="w14.5.15">zmanjšalo</w> 
 <w id="w14.5.16">tveganje</w> 
 <w id="w14.5.17">za</w> 
 <w id="w14.5.18">napredovanje</w> 
 <w id="w14.5.19">bolezni</w> 
 <w id="w14.5.20">ali</w> 
 <w id="w14.5.21">nastop</w> 
 <w id="w14.5.22">smrti</w>
 <w id="w14.5.23">:</w> 
 <w id="w14.5.24">bolezen</w>
 <w id="w14.5.25">,</w> 
 <w id="w14.5.26">povezana</w> 
 <w id="w14.5.27">z</w> 
 <w id="w14.5.28">AIDS-</w>
 <w id="w14.5.29">om</w>
 <w id="w14.5.30">,</w> 
 <w id="w14.5.31">ali</w> 
 <w id="w14.5.32">smrt</w> 
 <w id="w14.5.33">je</w> 
 <w id="w14.5.34">nastopila</w> 
 <w id="w14.5.35">pri</w> 
 <w id="w14.5.36">128</w> 
 <w id="w14.5.37">(</w>
 <w id="w14.5.38">9</w> 
 <w id="w14.5.39">%</w>
 <w id="w14.5.40">)</w> 
 <w id="w14.5.41">od</w> 
 <w id="w14.5.42">1369</w> 
 <w id="w14.5.43">bolnikov</w>
 <w id="w14.5.44">,</w> 
 <w id="w14.5.45">ki</w> 
 <w id="w14.5.46">so</w> 
 <w id="w14.5.47">jemali</w> 
 <w id="w14.5.48">zdravilo</w> 
 <w id="w14.5.49">Epivir</w>
 <w id="w14.5.50">,</w> 
 <w id="w14.5.51">v</w> 
 <w id="w14.5.52">primerjavi</w> 
 <w id="w14.5.53">z</w> 
 <w id="w14.5.54">enakim</w> 
 <w id="w14.5.55">izidom</w> 
 <w id="w14.5.56">pri</w> 
 <w id="w14.5.57">95</w> 
 <w id="w14.5.58">(</w>
 <w id="w14.5.59">20</w> 
 <w id="w14.5.60">%</w>
 <w id="w14.5.61">)</w> 
 <w id="w14.5.62">od</w> 
 <w id="w14.5.63">471</w> 
 <w id="w14.5.64">bolnikov</w>
 <w id="w14.5.65">,</w> 
 <w id="w14.5.66">ki</w> 
 <w id="w14.5.67">so</w> 
 <w id="w14.5.68">jemali</w> 
 <w id="w14.5.69">placebo</w>
 <w id="w14.5.70">.</w>
</s> 
 
<s id="s14.6">
 <w id="w14.6.1">Podobni</w> 
 <w id="w14.6.2">rezultati</w> 
 <w id="w14.6.3">so</w> 
 <w id="w14.6.4">bili</w> 
 <w id="w14.6.5">opaženi</w> 
 <w id="w14.6.6">pri</w> 
 <w id="w14.6.7">otrocih</w>
 <w id="w14.6.8">,</w> 
 <w id="w14.6.9">okuženih</w> 
 <w id="w14.6.10">s</w> 
 <w id="w14.6.11">HIV</w>
 <w id="w14.6.12">.</w>
</s></p>

<p id="15">
<s id="s15.1">
 <w id="w15.1.1">Kakšna</w> 
 <w id="w15.1.2">tveganja</w> 
 <w id="w15.1.3">so</w> 
 <w id="w15.1.4">povezana</w> 
 <w id="w15.1.5">z</w> 
 <w id="w15.1.6">zdravilom</w> 
 <w id="w15.1.7">Epivir</w>
 <w id="w15.1.8">?</w>
</s> 
 
<s id="s15.2">
 <w id="w15.2.1">Najpogostejši</w> 
 <w id="w15.2.2">neželeni</w> 
 <w id="w15.2.3">učinki</w> 
 <w id="w15.2.4">zdravila</w> 
 <w id="w15.2.5">Epivir</w> 
 <w id="w15.2.6">(</w>
 <w id="w15.2.7">opaženi</w> 
 <w id="w15.2.8">pri</w> 
 <w id="w15.2.9">1</w> 
 <w id="w15.2.10">do</w> 
 <w id="w15.2.11">10</w> 
 <w id="w15.2.12">bolnikih</w> 
 <w id="w15.2.13">izmed</w> 
 <w id="w15.2.14">100</w>
 <w id="w15.2.15">)</w> 
 <w id="w15.2.16">so</w> 
 <w id="w15.2.17">driska</w>
 <w id="w15.2.18">,</w> 
 <w id="w15.2.19">slabost</w>
 <w id="w15.2.20">,</w> 
 <w id="w15.2.21">bruhanje</w>
 <w id="w15.2.22">,</w> 
 <w id="w15.2.23">glavobol</w>
 <w id="w15.2.24">,</w> 
 <w id="w15.2.25">nespečnost</w> 
 <w id="w15.2.26">(</w>
 <w id="w15.2.27">težave</w> 
 <w id="w15.2.28">s</w> 
 <w id="w15.2.29">spanjem</w>
 <w id="w15.2.30">)</w>
 <w id="w15.2.31">,</w> 
 <w id="w15.2.32">kašelj</w>
 <w id="w15.2.33">,</w> 
 <w id="w15.2.34">nazalni</w> 
 <w id="w15.2.35">simptomi</w>
 <w id="w15.2.36">,</w> 
 <w id="w15.2.37">izpuščaji</w>
 <w id="w15.2.38">,</w> 
 <w id="w15.2.39">mišična</w> 
 <w id="w15.2.40">obolenja</w>
 <w id="w15.2.41">,</w> 
 <w id="w15.2.42">artralgija</w> 
 <w id="w15.2.43">(</w>
 <w id="w15.2.44">bolečine</w> 
 <w id="w15.2.45">v</w> 
 <w id="w15.2.46">sklepih</w>
 <w id="w15.2.47">)</w>
 <w id="w15.2.48">,</w> 
 <w id="w15.2.49">alopecija</w> 
 <w id="w15.2.50">(</w>
 <w id="w15.2.51">izpadanje</w> 
 <w id="w15.2.52">las</w>
 <w id="w15.2.53">)</w>
 <w id="w15.2.54">,</w> 
 <w id="w15.2.55">povišana</w> 
 <w id="w15.2.56">telesna</w> 
 <w id="w15.2.57">temperatura</w>
 <w id="w15.2.58">,</w> 
 <w id="w15.2.59">bolečine</w> 
 <w id="w15.2.60">ali</w> 
 <w id="w15.2.61">krči</w> 
 <w id="w15.2.62">v</w> 
 <w id="w15.2.63">trebuhu</w>
 <w id="w15.2.64">,</w> 
 <w id="w15.2.65">neugodje</w> 
 <w id="w15.2.66">(</w>
 <w id="w15.2.67">slabo</w> 
 <w id="w15.2.68">počutje</w>
 <w id="w15.2.69">)</w> 
 <w id="w15.2.70">in</w> 
 <w id="w15.2.71">utrujenost</w>
 <w id="w15.2.72">.</w>
</s> 
 
<s id="s15.3">
 <w id="w15.3.1">Za</w> 
 <w id="w15.3.2">celoten</w> 
 <w id="w15.3.3">seznam</w> 
 <w id="w15.3.4">neželenih</w> 
 <w id="w15.3.5">učinkov</w>
 <w id="w15.3.6">,</w> 
 <w id="w15.3.7">o</w> 
 <w id="w15.3.8">katerih</w> 
 <w id="w15.3.9">so</w> 
 <w id="w15.3.10">poročali</w> 
 <w id="w15.3.11">pri</w> 
 <w id="w15.3.12">uporabi</w> 
 <w id="w15.3.13">zdravila</w> 
 <w id="w15.3.14">Epivir</w>
 <w id="w15.3.15">,</w> 
 <w id="w15.3.16">glejte</w> 
 <w id="w15.3.17">navodilo</w> 
 <w id="w15.3.18">za</w> 
 <w id="w15.3.19">uporabo</w>
 <w id="w15.3.20">.</w>
</s> 
 
<s id="s15.4">
 <w id="w15.4.1">Zdravila</w> 
 <w id="w15.4.2">Epivir</w> 
 <w id="w15.4.3">ne</w> 
 <w id="w15.4.4">smejo</w> 
 <w id="w15.4.5">uporabljati</w> 
 <w id="w15.4.6">osebe</w> 
 <w id="w15.4.7">s</w> 
 <w id="w15.4.8">hudimi</w> 
 <w id="w15.4.9">obolenji</w> 
 <w id="w15.4.10">jeter</w> 
 <w id="w15.4.11">oziroma</w> 
 <w id="w15.4.12">ljude</w>
 <w id="w15.4.13">,</w> 
 <w id="w15.4.14">ki</w> 
 <w id="w15.4.15">utegnejo</w> 
 <w id="w15.4.16">biti</w> 
 <w id="w15.4.17">preobčutljivi</w> 
 <w id="w15.4.18">za</w> 
 <w id="w15.4.19">(</w>
 <w id="w15.4.20">alergični</w> 
 <w id="w15.4.21">na</w>
 <w id="w15.4.22">)</w> 
 <w id="w15.4.23">lamivudin</w> 
 <w id="w15.4.24">ali</w> 
 <w id="w15.4.25">katero</w> 
 <w id="w15.4.26">koli</w> 
 <w id="w15.4.27">drugo</w> 
 <w id="w15.4.28">sestavino</w> 
 <w id="w15.4.29">zdravila</w>
 <w id="w15.4.30">.</w>
</s> 
 
<s id="s15.5">
 <w id="w15.5.1">Kot</w> 
 <w id="w15.5.2">pri</w> 
 <w id="w15.5.3">drugih</w> 
 <w id="w15.5.4">zdravilih</w> 
 <w id="w15.5.5">proti</w> 
 <w id="w15.5.6">okužbi</w> 
 <w id="w15.5.7">z</w> 
 <w id="w15.5.8">virusom</w> 
 <w id="w15.5.9">HIV</w> 
 <w id="w15.5.10">lahko</w> 
 <w id="w15.5.11">pride</w> 
 <w id="w15.5.12">tudi</w> 
 <w id="w15.5.13">pri</w> 
 <w id="w15.5.14">bolnikih</w>
 <w id="w15.5.15">,</w> 
 <w id="w15.5.16">ki</w> 
 <w id="w15.5.17">jemljejo</w> 
 <w id="w15.5.18">zdravilo</w> 
 <w id="w15.5.19">Epivir</w>
 <w id="w15.5.20">,</w> 
 <w id="w15.5.21">do</w> 
 <w id="w15.5.22">lipodistrofije</w> 
 <w id="w15.5.23">(</w>
 <w id="w15.5.24">spremembe</w> 
 <w id="w15.5.25">v</w> 
 <w id="w15.5.26">porazdelitvi</w> 
 <w id="w15.5.27">telesne</w> 
 <w id="w15.5.28">maščobe</w>
 <w id="w15.5.29">)</w>
 <w id="w15.5.30">,</w> 
 <w id="w15.5.31">osteonekroze</w> 
 <w id="w15.5.32">(</w>
 <w id="w15.5.33">odmiranja</w> 
 <w id="w15.5.34">kostnega</w> 
 <w id="w15.5.35">tkiva</w>
 <w id="w15.5.36">)</w> 
 <w id="w15.5.37">ali</w> 
 <w id="w15.5.38">sindroma</w> 
 <w id="w15.5.39">imunske</w> 
 <w id="w15.5.40">reaktivacije</w> 
 <w id="w15.5.41">(</w>
 <w id="w15.5.42">simptomov</w> 
 <w id="w15.5.43">okužbe</w>
 <w id="w15.5.44">,</w> 
 <w id="w15.5.45">ki</w> 
 <w id="w15.5.46">jih</w> 
 <w id="w15.5.47">povzroči</w> 
 <w id="w15.5.48">izboljšanje</w> 
 <w id="w15.5.49">stanja</w> 
 <w id="w15.5.50">imunskega</w> 
 <w id="w15.5.51">sistema</w>
 <w id="w15.5.52">)</w>
 <w id="w15.5.53">.</w>
</s> 
 
<s id="s15.6">
 <w id="w15.6.1">Bolniki</w>
 <w id="w15.6.2">,</w> 
 <w id="w15.6.3">ki</w> 
 <w id="w15.6.4">imajo</w> 
 <w id="w15.6.5">težave</w> 
 <w id="w15.6.6">z</w> 
 <w id="w15.6.7">jetri</w> 
 <w id="w15.6.8">(</w>
 <w id="w15.6.9">vključno</w> 
 <w id="w15.6.10">z</w> 
 <w id="w15.6.11">okužbo</w> 
 <w id="w15.6.12">s</w> 
 <w id="w15.6.13">hepatitisom</w> 
 <w id="w15.6.14">B</w> 
 <w id="w15.6.15">ali</w> 
 <w id="w15.6.16">C</w>
 <w id="w15.6.17">)</w> 
 <w id="w15.6.18">so</w> 
 <w id="w15.6.19">z</w> 
 <w id="w15.6.20">jemanjem</w> 
 <w id="w15.6.21">zdravila</w> 
 <w id="w15.6.22">Epivir</w> 
 <w id="w15.6.23">izpostavljeni</w> 
 <w id="w15.6.24">večjemu</w> 
 <w id="w15.6.25">tveganju</w>
 <w id="w15.6.26">,</w> 
 <w id="w15.6.27">da</w> 
 <w id="w15.6.28">pride</w> 
 <w id="w15.6.29">do</w> 
 <w id="w15.6.30">poškodb</w> 
 <w id="w15.6.31">jeter</w>
 <w id="w15.6.32">.</w>
</s> 
 
<s id="s15.7">
 <w id="w15.7.1">Tako</w> 
 <w id="w15.7.2">kot</w> 
 <w id="w15.7.3">drugi</w> 
 <w id="w15.7.4">zaviralci</w> 
 <w id="w15.7.5">nukleozidne</w> 
 <w id="w15.7.6">reverzne</w> 
 <w id="w15.7.7">transkriptaze</w> 
 <w id="w15.7.8">lahko</w> 
 <w id="w15.7.9">tudi</w> 
 <w id="w15.7.10">zdravilo</w> 
 <w id="w15.7.11">Epivir</w> 
 <w id="w15.7.12">povzroči</w> 
 <w id="w15.7.13">laktacidozo</w> 
 <w id="w15.7.14">(</w>
 <w id="w15.7.15">kopičenje</w> 
 <w id="w15.7.16">mlečne</w> 
 <w id="w15.7.17">kisline</w> 
 <w id="w15.7.18">v</w> 
 <w id="w15.7.19">telesu</w>
 <w id="w15.7.20">)</w>
 <w id="w15.7.21">,</w> 
 <w id="w15.7.22">pri</w> 
 <w id="w15.7.23">dojenčkih</w> 
 <w id="w15.7.24">mater</w>
 <w id="w15.7.25">,</w> 
 <w id="w15.7.26">ki</w> 
 <w id="w15.7.27">so</w> 
 <w id="w15.7.28">med</w> 
 <w id="w15.7.29">nosečnostjo</w> 
 <w id="w15.7.30">jemale</w> 
 <w id="w15.7.31">zdravilo</w> 
 <w id="w15.7.32">Epivir</w>
 <w id="w15.7.33">,</w> 
 <w id="w15.7.34">pa</w> 
 <w id="w15.7.35">mitohondrijsko</w> 
 <w id="w15.7.36">disfunkcijo</w> 
 <w id="w15.7.37">(</w>
 <w id="w15.7.38">poškodbo</w> 
 <w id="w15.7.39">komponent</w> 
 <w id="w15.7.40">za</w> 
 <w id="w15.7.41">proizvajanje</w> 
 <w id="w15.7.42">energije</w> 
 <w id="w15.7.43">v</w> 
 <w id="w15.7.44">celicah</w>
 <w id="w15.7.45">,</w> 
 <w id="w15.7.46">kar</w> 
 <w id="w15.7.47">se</w> 
 <w id="w15.7.48">lahko</w> 
 <w id="w15.7.49">odraža</w> 
 <w id="w15.7.50">v</w> 
 <w id="w15.7.51">težavah</w> 
 <w id="w15.7.52">s</w> 
 <w id="w15.7.53">krvjo</w>
 <w id="w15.7.54">)</w>
 <w id="w15.7.55">.</w>
</s></p>

<p id="16">
<s id="s16.1">
 <w id="w16.1.1">Zakaj</w> 
 <w id="w16.1.2">je</w> 
 <w id="w16.1.3">bilo</w> 
 <w id="w16.1.4">zdravilo</w> 
 <w id="w16.1.5">Epivir</w> 
 <w id="w16.1.6">odobreno</w>
 <w id="w16.1.7">?</w>
</s> 
 
<s id="s16.2">
 <w id="w16.2.1">Odbor</w> 
 <w id="w16.2.2">za</w> 
 <w id="w16.2.3">zdravila</w> 
 <w id="w16.2.4">za</w> 
 <w id="w16.2.5">uporabo</w> 
 <w id="w16.2.6">v</w> 
 <w id="w16.2.7">humani</w> 
 <w id="w16.2.8">medicini</w> 
 <w id="w16.2.9">(</w>
 <w id="w16.2.10">CHMP</w>
 <w id="w16.2.11">)</w> 
 <w id="w16.2.12">je</w> 
 <w id="w16.2.13">zaključil</w>
 <w id="w16.2.14">,</w> 
 <w id="w16.2.15">da</w> 
 <w id="w16.2.16">so</w> 
 <w id="w16.2.17">koristi</w> 
 <w id="w16.2.18">zdravila</w> 
 <w id="w16.2.19">Epivir</w> 
 <w id="w16.2.20">v</w> 
 <w id="w16.2.21">kombinaciji</w> 
 <w id="w16.2.22">z</w> 
 <w id="w16.2.23">drugimi</w> 
 <w id="w16.2.24">protiretrovirusnimi</w> 
 <w id="w16.2.25">zdravili</w> 
 <w id="w16.2.26">pri</w> 
 <w id="w16.2.27">zdravljenju</w> 
 <w id="w16.2.28">odraslih</w> 
 <w id="w16.2.29">in</w> 
 <w id="w16.2.30">otrok</w>
 <w id="w16.2.31">,</w> 
 <w id="w16.2.32">okuženih</w> 
 <w id="w16.2.33">s</w> 
 <w id="w16.2.34">HIV</w>
 <w id="w16.2.35">,</w> 
 <w id="w16.2.36">večje</w> 
 <w id="w16.2.37">od</w> 
 <w id="w16.2.38">z</w> 
 <w id="w16.2.39">njim</w> 
 <w id="w16.2.40">povezanih</w> 
 <w id="w16.2.41">tveganj</w>
 <w id="w16.2.42">.</w>
</s> 
 
<s id="s16.3">
 <w id="w16.3.1">Odbor</w> 
 <w id="w16.3.2">je</w> 
 <w id="w16.3.3">zato</w> 
 <w id="w16.3.4">priporočil</w>
 <w id="w16.3.5">,</w> 
 <w id="w16.3.6">da</w> 
 <w id="w16.3.7">se</w> 
 <w id="w16.3.8">za</w> 
 <w id="w16.3.9">zdravilo</w> 
 <w id="w16.3.10">Epivir</w> 
 <w id="w16.3.11">odobri</w> 
 <w id="w16.3.12">dovoljenje</w> 
 <w id="w16.3.13">za</w> 
 <w id="w16.3.14">promet</w>
 <w id="w16.3.15">.</w>
</s> 
 
<s id="s16.4">
 <w id="w16.4.1">Zdravilo</w> 
 <w id="w16.4.2">Epivir</w> 
 <w id="w16.4.3">je</w> 
 <w id="w16.4.4">bilo</w> 
 <w id="w16.4.5">prvotno</w> 
 <w id="w16.4.6">odobreno</w> 
 <w id="w16.4.7">v</w> 
 <w id="w16.4.8">„</w>
 <w id="w16.4.9">izjemnih</w> 
 <w id="w16.4.10">okoliščinah</w>
 <w id="w16.4.11">“</w>
 <w id="w16.4.12">,</w> 
 <w id="w16.4.13">saj</w> 
 <w id="w16.4.14">so</w> 
 <w id="w16.4.15">bile</w> 
 <w id="w16.4.16">zaradi</w> 
 <w id="w16.4.17">znanstvenih</w> 
 <w id="w16.4.18">razlogov</w> 
 <w id="w16.4.19">ob</w> 
 <w id="w16.4.20">odobritvi</w> 
 <w id="w16.4.21">na</w> 
 <w id="w16.4.22">voljo</w> 
 <w id="w16.4.23">le</w> 
 <w id="w16.4.24">omejene</w> 
 <w id="w16.4.25">informacije</w>
 <w id="w16.4.26">.</w>
</s> 
 
<s id="s16.5">
 <w id="w16.5.1">Ker</w> 
 <w id="w16.5.2">je</w> 
 <w id="w16.5.3">družba</w> 
 <w id="w16.5.4">posredovala</w> 
 <w id="w16.5.5">zahtevane</w> 
 <w id="w16.5.6">dodatne</w> 
 <w id="w16.5.7">informacije</w>
 <w id="w16.5.8">,</w> 
 <w id="w16.5.9">so</w> 
 <w id="w16.5.10">„</w>
 <w id="w16.5.11">izjemne</w> 
 <w id="w16.5.12">okoliščine</w>
 <w id="w16.5.13">“</w> 
 <w id="w16.5.14">prenehale</w> 
 <w id="w16.5.15">veljati</w> 
 <w id="w16.5.16">7</w>
 <w id="w16.5.17">.</w> 
 <w id="w16.5.18">januarja</w> 
 <w id="w16.5.19">1998</w>
 <w id="w16.5.20">.</w>
</s>                                                                                                    
 
<s id="s16.6">
 <w id="w16.6.1">2/</w>
 <w id="w16.6.2">3</w> 
 <w id="w16.6.3">Druge</w> 
 <w id="w16.6.4">informacije</w> 
 <w id="w16.6.5">o</w> 
 <w id="w16.6.6">zdravilu</w> 
 <w id="w16.6.7">Epivir</w>
 <w id="w16.6.8">:</w>
</s> 
 
<s id="s16.7">
 <w id="w16.7.1">Evropska</w> 
 <w id="w16.7.2">komisija</w> 
 <w id="w16.7.3">je</w> 
 <w id="w16.7.4">dovoljenje</w> 
 <w id="w16.7.5">za</w> 
 <w id="w16.7.6">promet</w> 
 <w id="w16.7.7">z</w> 
 <w id="w16.7.8">zdravilom</w> 
 <w id="w16.7.9">Epivir</w>
 <w id="w16.7.10">,</w> 
 <w id="w16.7.11">veljavno</w> 
 <w id="w16.7.12">po</w> 
 <w id="w16.7.13">vsej</w> 
 <w id="w16.7.14">Evropski</w> 
 <w id="w16.7.15">uniji</w>
 <w id="w16.7.16">,</w> 
 <w id="w16.7.17">odobrila</w> 
 <w id="w16.7.18">družbi</w> 
 <w id="w16.7.19">Glaxo</w> 
 <w id="w16.7.20">Group</w> 
 <w id="w16.7.21">Limited</w> 
 <w id="w16.7.22">dne</w> 
 <w id="w16.7.23">8</w>
 <w id="w16.7.24">.</w> 
 <w id="w16.7.25">avgusta</w> 
 <w id="w16.7.26">1996</w>
 <w id="w16.7.27">.</w>
</s> 
 
<s id="s16.8">
 <w id="w16.8.1">Dovoljenje</w> 
 <w id="w16.8.2">za</w> 
 <w id="w16.8.3">promet</w> 
 <w id="w16.8.4">je</w> 
 <w id="w16.8.5">bilo</w> 
 <w id="w16.8.6">obnovljeno</w> 
 <w id="w16.8.7">dne</w> 
 <w id="w16.8.8">8</w>
 <w id="w16.8.9">.</w> 
 <w id="w16.8.10">avgusta</w> 
 <w id="w16.8.11">2001</w> 
 <w id="w16.8.12">in</w> 
 <w id="w16.8.13">8</w>
 <w id="w16.8.14">.</w> 
 <w id="w16.8.15">avgusta</w> 
 <w id="w16.8.16">2006</w>
 <w id="w16.8.17">.</w>
</s></p>

<p id="17">
<s id="s17.1">
 <w id="w17.1.1">Celotno</w> 
 <w id="w17.1.2">evropsko</w> 
 <w id="w17.1.3">javno</w> 
 <w id="w17.1.4">poročilo</w> 
 <w id="w17.1.5">o</w> 
 <w id="w17.1.6">oceni</w> 
 <w id="w17.1.7">zdravila</w> 
 <w id="w17.1.8">(</w>
 <w id="w17.1.9">EPAR</w>
 <w id="w17.1.10">)</w> 
 <w id="w17.1.11">za</w> 
 <w id="w17.1.12">zdravilo</w> 
 <w id="w17.1.13">Epivir</w> 
 <w id="w17.1.14">je</w> 
 <w id="w17.1.15">na</w> 
 <w id="w17.1.16">voljo</w> 
 <w id="w17.1.17">tukaj</w>
 <w id="w17.1.18">.</w>
</s></p>

<p id="18">
<s id="s18.1">
 <w id="w18.1.1">Povzetek</w> 
 <w id="w18.1.2">je</w> 
 <w id="w18.1.3">bil</w> 
 <w id="w18.1.4">nazadnje</w> 
 <w id="w18.1.5">posodobljen</w> 
 <w id="w18.1.6">09-</w>
 <w id="w18.1.7">2008</w>
 <w id="w18.1.8">.</w>
</s></p>

<p id="19">
<s id="s19.1">
 <w id="w19.1.1">3/</w>
 <w id="w19.1.2">3</w>
</s></p></text>
