<?xml version="1.0" encoding="utf-8"?>
<text>
<p id="1">
<s id="s1.1">
 <w id="w1.1.1">farmacevtska</w>
</s></p>

<p id="2">
<s id="s2.1">
 <w id="w2.1.1">vsebina</w>
</s></p>

<p id="3">
<s id="s3.1">
 <w id="w3.1.1">velikost</w>
</s></p>

<head id="4">
<s id="s4.1">
 <w id="w4.1.1">Številka</w> 
 <w id="w4.1.2">EU</w>
</s></head>

<p id="5">
<s id="s5.1">
 <w id="w5.1.1">Izmišljeno</w> 
 <w id="w5.1.2">ime</w> 
 <w id="w5.1.3">jakost</w>                                                               
 <w id="w5.1.4">2</w> 
 <w id="w5.1.5">mg</w> 
 <w id="w5.1.6">1</w>
</s></p>

<p id="6">
<s id="s6.1">
 <w id="w6.1.1">oblika</w>
</s></p>

<p id="7">
<s id="s7.1">
 <w id="w7.1.1">pot</w> 
 <w id="w7.1.2">uporabe</w>
</s></p>

<p id="8">
<s id="s8.1">
 <w id="w8.1.1">ovojnina</w>
</s></p>

<p id="9">
<s id="s9.1">
 <w id="w9.1.1">(</w>
 <w id="w9.1.2">koncentracija</w>
 <w id="w9.1.3">)</w>
</s></p>

<p id="10">
<s id="s10.1">
 <w id="w10.1.1">pakiranja</w>
</s></p>

<head id="11">
<s id="s11.1">
 <w id="w11.1.1">EU/</w>
 <w id="w11.1.2">1/</w>
 <w id="w11.1.3">96/</w>
 <w id="w11.1.4">012/</w>
 <w id="w11.1.5">004</w>
</s></head>

<head id="12">
<s id="s12.1">
 <w id="w12.1.1">Bondronat</w>
</s></head>

<p id="13">
<s id="s13.1">
 <w id="w13.1.1">koncentrat</w> 
 <w id="w13.1.2">za</w>       
 <w id="w13.1.3">raztopino</w> 
 <w id="w13.1.4">za</w>        
 <w id="w13.1.5">infundiranje</w>
</s></p>

<p id="14">
<s id="s14.1">
 <w id="w14.1.1">intravenska</w>       
 <w id="w14.1.2">uporaba</w>
</s></p>

<p id="15">
<s id="s15.1">
 <w id="w15.1.1">viala</w> 
 <w id="w15.1.2">(</w>
 <w id="w15.1.3">steklo</w>
 <w id="w15.1.4">)</w>
</s></p>

<head id="16">
<s id="s16.1">
 <w id="w16.1.1">2</w> 
 <w id="w16.1.2">ml</w>
</s></head>

<head id="17">
<s id="s17.1">
 <w id="w17.1.1">1</w> 
 <w id="w17.1.2">viala</w>
</s></head>

<head id="18">
<s id="s18.1">
 <w id="w18.1.1">EU/</w>
 <w id="w18.1.2">1/</w>
 <w id="w18.1.3">96/</w>
 <w id="w18.1.4">012/</w>
 <w id="w18.1.5">009</w>
</s></head>

<head id="19">
<s id="s19.1">
 <w id="w19.1.1">Bondronat</w>         
 <w id="w19.1.2">50</w> 
 <w id="w19.1.3">mg</w>
</s></head>

<p id="20">
<s id="s20.1">
 <w id="w20.1.1">filmsko</w> 
 <w id="w20.1.2">obložena</w>    
 <w id="w20.1.3">tableta</w>
</s></p>

<p id="21">
<s id="s21.1">
 <w id="w21.1.1">peroralna</w>         
 <w id="w21.1.2">uporaba</w>
</s></p>

<p id="22">
<s id="s22.1">
 <w id="w22.1.1">pretisni</w> 
 <w id="w22.1.2">omot</w>     
 <w id="w22.1.3">(</w>
 <w id="w22.1.4">alu/</w>
 <w id="w22.1.5">alu</w>
 <w id="w22.1.6">)</w>
</s></p>

<head id="23">
<s id="s23.1">
 <w id="w23.1.1">28</w> 
 <w id="w23.1.2">tablet</w>
</s></head>

<head id="24">
<s id="s24.1">
 <w id="w24.1.1">EU/</w>
 <w id="w24.1.2">1/</w>
 <w id="w24.1.3">96/</w>
 <w id="w24.1.4">012/</w>
 <w id="w24.1.5">010</w>
</s></head>

<p id="25">
<s id="s25.1">
 <w id="w25.1.1">Bondronat</w>         
 <w id="w25.1.2">50</w> 
 <w id="w25.1.3">mg</w>                                                             
 <w id="w25.1.4">6</w> 
 <w id="w25.1.5">mg</w> 
 <w id="w25.1.6">1</w>
</s></p>

<p id="26">
<s id="s26.1">
 <w id="w26.1.1">filmsko</w> 
 <w id="w26.1.2">obložena</w>    
 <w id="w26.1.3">tableta</w>
</s></p>

<p id="27">
<s id="s27.1">
 <w id="w27.1.1">peroralna</w>         
 <w id="w27.1.2">uporaba</w>
</s></p>

<p id="28">
<s id="s28.1">
 <w id="w28.1.1">pretisni</w> 
 <w id="w28.1.2">omot</w>     
 <w id="w28.1.3">(</w>
 <w id="w28.1.4">alu/</w>
 <w id="w28.1.5">alu</w>
 <w id="w28.1.6">)</w>
</s></p>

<head id="29">
<s id="s29.1">
 <w id="w29.1.1">84</w> 
 <w id="w29.1.2">tablet</w>
</s></head>

<head id="30">
<s id="s30.1">
 <w id="w30.1.1">EU/</w>
 <w id="w30.1.2">1/</w>
 <w id="w30.1.3">96/</w>
 <w id="w30.1.4">012/</w>
 <w id="w30.1.5">011</w>
</s></head>

<p id="31">
<s id="s31.1">
 <w id="w31.1.1">Bondronat</w>                                                                                                            
 <w id="w31.1.2">6</w> 
 <w id="w31.1.3">mg</w> 
 <w id="w31.1.4">1</w>
</s></p>

<p id="32">
<s id="s32.1">
 <w id="w32.1.1">koncentrat</w> 
 <w id="w32.1.2">za</w>       
 <w id="w32.1.3">raztopino</w> 
 <w id="w32.1.4">za</w>        
 <w id="w32.1.5">infundiranje</w>
</s></p>

<p id="33">
<s id="s33.1">
 <w id="w33.1.1">intravenska</w>       
 <w id="w33.1.2">uporaba</w>
</s></p>

<p id="34">
<s id="s34.1">
 <w id="w34.1.1">viala</w> 
 <w id="w34.1.2">(</w>
 <w id="w34.1.3">steklo</w>
 <w id="w34.1.4">)</w>
</s></p>

<head id="35">
<s id="s35.1">
 <w id="w35.1.1">6</w> 
 <w id="w35.1.2">ml</w>
</s></head>

<head id="36">
<s id="s36.1">
 <w id="w36.1.1">1</w> 
 <w id="w36.1.2">viala</w>
</s></head>

<head id="37">
<s id="s37.1">
 <w id="w37.1.1">EU/</w>
 <w id="w37.1.2">1/</w>
 <w id="w37.1.3">96/</w>
 <w id="w37.1.4">012/</w>
 <w id="w37.1.5">012</w>
</s></head>

<p id="38">
<s id="s38.1">
 <w id="w38.1.1">Bondronat</w>                                                                                                            
 <w id="w38.1.2">6</w> 
 <w id="w38.1.3">mg</w> 
 <w id="w38.1.4">1</w>
</s></p>

<p id="39">
<s id="s39.1">
 <w id="w39.1.1">koncentrat</w> 
 <w id="w39.1.2">za</w>       
 <w id="w39.1.3">raztopino</w> 
 <w id="w39.1.4">za</w>        
 <w id="w39.1.5">infundiranje</w>
</s></p>

<p id="40">
<s id="s40.1">
 <w id="w40.1.1">intravenska</w>       
 <w id="w40.1.2">uporaba</w>
</s></p>

<p id="41">
<s id="s41.1">
 <w id="w41.1.1">viala</w> 
 <w id="w41.1.2">(</w>
 <w id="w41.1.3">steklo</w>
 <w id="w41.1.4">)</w>
</s></p>

<head id="42">
<s id="s42.1">
 <w id="w42.1.1">6</w> 
 <w id="w42.1.2">ml</w>
</s></head>

<head id="43">
<s id="s43.1">
 <w id="w43.1.1">5</w> 
 <w id="w43.1.2">vial</w>
</s></head>

<head id="44">
<s id="s44.1">
 <w id="w44.1.1">EU/</w>
 <w id="w44.1.2">1/</w>
 <w id="w44.1.3">96/</w>
 <w id="w44.1.4">012/</w>
 <w id="w44.1.5">013</w>
</s></head>

<head id="45">
<s id="s45.1">
 <w id="w45.1.1">Bondronat</w>
</s></head>

<p id="46">
<s id="s46.1">
 <w id="w46.1.1">koncentrat</w> 
 <w id="w46.1.2">za</w>       
 <w id="w46.1.3">raztopino</w> 
 <w id="w46.1.4">za</w>        
 <w id="w46.1.5">infundiranje</w>
</s></p>

<p id="47">
<s id="s47.1">
 <w id="w47.1.1">intravenska</w>       
 <w id="w47.1.2">uporaba</w>
</s></p>

<p id="48">
<s id="s48.1">
 <w id="w48.1.1">viala</w> 
 <w id="w48.1.2">(</w>
 <w id="w48.1.3">steklo</w>
 <w id="w48.1.4">)</w>
</s></p>

<head id="49">
<s id="s49.1">
 <w id="w49.1.1">6</w> 
 <w id="w49.1.2">ml</w>
</s></head>

<head id="50">
<s id="s50.1">
 <w id="w50.1.1">10</w> 
 <w id="w50.1.2">vial</w>
</s></head>

<p id="51">
<s id="s51.1">
 <w id="w51.1.1">1</w>     
 <w id="w51.1.2">1</w> 
 <w id="w51.1.3">ml</w> 
 <w id="w51.1.4">raztopine</w> 
 <w id="w51.1.5">vsebuje</w> 
 <w id="w51.1.6">1,</w>
 <w id="w51.1.7">125</w> 
 <w id="w51.1.8">mg</w> 
 <w id="w51.1.9">ibandronske</w> 
 <w id="w51.1.10">kisline</w> 
 <w id="w51.1.11">v</w> 
 <w id="w51.1.12">obliki</w> 
 <w id="w51.1.13">monohidrata</w> 
 <w id="w51.1.14">natrijeve</w> 
 <w id="w51.1.15">soli</w>
 <w id="w51.1.16">,</w> 
 <w id="w51.1.17">kar</w> 
 <w id="w51.1.18">ustreza</w> 
 <w id="w51.1.19">1</w> 
 <w id="w51.1.20">mg</w> 
 <w id="w51.1.21">ibandronske</w> 
 <w id="w51.1.22">kisline</w>
 <w id="w51.1.23">.</w>
</s></p>

<p id="52">
<s id="s52.1">
 <w id="w52.1.1">1/</w>
 <w id="w52.1.2">1</w>
</s></p></text>
