<?xml version="1.0" encoding="utf-8"?>
<letsmt version="1.0">
<head></head>
<body>
<s id="s1.1">European Medicines Agency Veterinary Medicines</s>
<s id="s2.1">EMEA/ V/ C/ 041</s>
<s id="s3.1">EVROPSKO JAVNO POROČILO O OCENI ZDRAVILA (EPAR)</s>
<s id="s4.1">LOCATIM</s>
<s id="s5.1">Povzetek EPAR za javnost</s>
<s id="s6.1">Ta dokument je povzetek Evropskega javnega poročila o oceni zdravila (EPAR).</s>
<s id="s6.2">Njegov namen je pojasniti, kako je Odbor za zdravila za uporabo v veterinarski medicini (CVMP) ocenil predloženo dokumentacijo, na podlagi česar je oblikoval priporočila glede uporabe zdravila.</s>
<s id="s6.3">Ta dokument ne more nadomestiti osebnega pogovora z veterinarjem.</s>
<s id="s6.4">Če potrebujete več informacij o zdravstvenem stanju ali zdravljenju vaše živali, se posvetujte z veterinarjem.</s>
<s id="s6.5">Če želite več informacij o podlagi za priporočila CVMP, preberite znanstveno razpravo (ki je prav tako del EPAR).</s>
<s id="s7.1">Kaj je zdravilo Locatim?</s>
<s id="s7.2">Zdravilo Locatim je peroralna raztopina, ki se jo pridobiva iz kolostruma in se jo daje teletom v prvih 12 urah življenja.</s>
<s id="s7.3">Zdravilna učinkovina zdravila so specifični imunoglobulini G (vrsta protiteles) proti adhezinu Escherichia coli F5.</s>
<s id="s7.4">Omenjeni imunoglobulini ščitijo teleta pred boleznijo, ki jo povzroča ta bakterija.</s>
<s id="s7.5">Zdravilo Locatim je na voljo v 60 ml steklenici.</s>
<s id="s8.1">Za kaj se zdravilo Locatim uporablja?</s>
<s id="s8.2">Zdravilo Locatim se uporablja za zmanjševanje smrtnosti novorojenih telet zaradi enterotoksikoze, ki jo povzroča bakterija E. coli v prvih dneh po telitvi.</s>
<s id="s8.3">Enterotoksikoza je bolezen, ki jo povzroča sproščanje strupov v telesu in katere glavni simptom je diareja.</s>
<s id="s8.4">Zdravilo Locatim se daje teletom, starim manj kot 12 ur, najbolje v prvih urah po telitvi, kot dodatek naravnemu kolostrumu (prvo mleko), ki ga teleta prejmejo od svojih mater.</s>
<s id="s8.5">Odmerek 60 ml (eno vialo) dajemo samostojno ali raztopljeno v mleku oziroma mlečnem nadomestku.</s>
<s id="s9.1">Kako zdravilo Locatim deluje?</s>
<s id="s9.2">Zdravilo Locatim je dopolnilo zaščitnim lastnostim običajnega kolostruma, t. j. mleka, ki ga krave proizvajajo, takoj ko skotijo, in ga teleta sesajo prvih nekaj ur svojega življenja.</s>
<s id="s9.3">Kolostrum vsebuje protitelesa, ki pomagajo teleta ščititi pred nekaterimi okužbami.</s>
<s id="s9.4">Zdravilo Locatim se proizvaja iz kolostruma krav, ki so jih imunizirali proti E. coli, tako da v svojem kolostrumu ustvarjajo protitelesa.</s>
<s id="s9.5">Kolostrum se zbere in filtrira, mlečni serum (sirotka, sirna voda) pa se koncentrira in tako nastane zdravilo Locatim.</s>
<s id="s9.6">Teleta, ki prejemajo zdravilo Locatim, so tako zaradi oskrbe z dodatnimi protitelesi proti E. coli dodatno zaščitena proti tej bakteriji.</s>
<s id="s9.7">Naravni vnos kolostruma v prvih urah življenja sproži pasivno imunizacijo.</s>
<s id="s9.8">Zdravilo Locatim s tem zagotavlja dodatno zaščito pred smrtjo zaradi enterotoksikoze, ki jo povzroča E. coli.</s>
<s id="s10.1">Kako je bilo zdravilo Locatim raziskano?</s>
<s id="s10.2">Rezultate terenskih študij, v katerih so raziskovali diarejo pri novorojenih teletih, je težko razlagati, ker ima diareja več vzrokov, resnost bolezni pa je odvisna od številnih dejavnikov, kot so na primer lastnosti in virulenca organizma (organizmov), ki so jim teleta izpostavljena, ter od splošnih higienskih standardov in živinorejske prakse na farmi.</s>
<s id="s10.3">7 Westferry Circus, Canary Wharf, London E14 4HB, UK Tel.</s>
<s id="s10.4">(44- 20) 74 18 84 00 Fax (44- 20) 74 18 84 47 E- mail: mail@ emea. europa. eu http: // www. emea. europa. eu ©EMEA 2007 Reproduction and/ or distribution of this document is authorised for non commercial purposes only provided the EMEA is acknowledged Kakšne koristi je zdravilo Locatim izkazalo med študijami?</s>
<s id="s10.5">V laboratorijskih študijah so imela teleta, ki so prejemala zdravilo Locatim, lažje klinične znake diareje in daljši čas preživetja kot tista, ki zdravila niso prejemala.</s>
<s id="s10.6">Rezultati so bili potrjeni tudi v terenski študiji.</s>
<s id="s11.1">Kakšna tveganja so povezana z zdravilom Locatim?</s>
<s id="s11.2">Uporaba zdravila Locatim ne povzroča večjih neželenih učinkov.</s>
<s id="s12.1">Kakšne previdnostne ukrepe mora upoštevati oseba, ki daje zdravilo ali pride v stik z živaljo?</s>
<s id="s12.2">Za zdravilo Locatim ni posebnih previdnostnih ukrepov.</s>
<s id="s13.1">Koliko časa mora preteči, preden se lahko žival zakolje in meso porabi za prehrano ljudi (obdobje karence)?</s>
<s id="s13.2">Obdobje karence je nič dni.</s>
<s id="s14.1">Zakaj je bilo zdravilo Locatim odobreno?</s>
<s id="s14.2">Odbor za zdravila za uporabo v veterinarski medicini (CVMP) je mnenja, da so koristi zdravila Locatim kot dodatka kolostrumu mater pri zdravljenju telet, mlajših od 12 ur, za manjšanje smrtnosti zaradi enterotoksikoze, ki jo povzroča adhezin E. coli F5 (K99) v prvih dneh življenja, večje od z njim povezanih tveganj.</s>
<s id="s14.3">Odbor je zato priporočil odobritev dovoljenja za promet z zdravilom Locatim.</s>
<s id="s14.4">Razmerje med tveganji in koristmi najdete v modulu 6 tega evropskega javnega poročila o oceni zdravila (EPAR).</s>
<s id="s15.1">Druge informacije o zdravilu Locatim:</s>
<s id="s15.2">Evropska komisija je dovoljenje za promet z zdravilom Serinucoli, veljavno po vsej Evropski uniji, odobrila družbi Biokema Anstalt dne 29. marca 1999.</s>
<s id="s15.3">Ime zdravila je bilo dne 14. septembra 1999 spremenjeno v Locatim.</s>
<s id="s15.4">Dovoljenje za promet z zdravilom je bilo podaljšano dne 29. marca 2004.</s>
<s id="s15.5">Informacije o predpisovanju tega zdravila najdete na nalepki/ zunanji ovojnini.</s>
<s id="s16.1">Ta povzetek je bil nazadnje posodobljen 09- 2007.</s>
<s id="s17.1">©EMEA 2007</s>
<s id="s18.1">Stran 2/ 2</s>
</body>
</letsmt>
