<?xml version="1.0" encoding="utf-8"?>
<letsmt version="1.0">
<head></head>
<body>
<s id="s1.1">EU številka</s>
<s id="s2.1">Izmišljeno ime Jakost</s>
<s id="s3.1">Farmacevtska oblika</s>
<s id="s4.1">Ciljna živalska vrsta</s>
<s id="s5.1">Način uporabe Ovojnina zdravila</s>
<s id="s6.1">Vsebina</s>
<s id="s7.1">Velikost pakiranja</s>
<s id="s8.1">Karenca</s>
<s id="s9.1">EU/ 2/ 00/ 018/ 001 Incurin</s>
<s id="s10.1">1 mg</s>
<s id="s11.1">tableta</s>
<s id="s12.1">psi</s>
<s id="s13.1">peroralno</s>
<s id="s14.1">pretisni</s>
<s id="s15.1">30 tabletami</s>
<s id="s16.1">Zloženka z 1 N/ a pretisnim omotom</s>
<s id="s17.1">1/ 1</s>
</body>
</letsmt>
