<?xml version="1.0" encoding="utf-8"?>
<letsmt version="1.0">
<head></head>
<body>
<s id="s1.1">European Medicines Agency Veterinary Medicines</s>
<s id="s2.1">EMEA/ V/ C/ 047</s>
<s id="s3.1">EVROPSKO JAVNO POROČILO O OCENI ZDRAVILA (EPAR)</s>
<s id="s4.1">INCURIN</s>
<s id="s5.1">Povzetek EPAR za javnost</s>
<s id="s6.1">Ta dokument je povzetek evropskega javnega poročila o oceni zdravila (EPAR).</s>
<s id="s6.2">Njegov namen je pojasniti, kako je Odbor za zdravila za uporabo v veterinarski medicini (CVMP) ocenil predloženo dokumentacijo, na podlagi katere je oblikoval priporočila glede uporabe zdravila.</s>
<s id="s6.3">Ta dokument ne more nadomestiti osebnega pogovora z veterinarjem.</s>
<s id="s6.4">Če potrebujete več informacij o zdravstvenem stanju ali zdravljenju vaše živali, se posvetujte z veterinarjem.</s>
<s id="s6.5">Če želite več informacij, ki temeljijo na priporočilih CVMP, preberite znanstveno razpravo (ki je prav tako del EPAR).</s>
<s id="s7.1">Kaj je zdravilo Incurin?</s>
<s id="s7.2">Zdravilo Incurin so tablete, ki kot zdravilno učinkovino vsebujejo naravni hormon estriol.</s>
<s id="s8.1">Za kaj se zdravilo Incurin uporablja?</s>
<s id="s8.2">Zdravilo Incurin se uporablja za zdravljenje hormonsko odvisne urinske inkontinence, ki je posledica nepravilnega delovanja sfinkterskega mehanizma pri psicah po ovariohisterektomiji (tj. pri psicah, ki so jim kirurško odstranili jajčnike in maternico).</s>
<s id="s9.1">Občutljivost inkontinečnih psov na estriol ni pri vseh enaka, zato je treba odmerek določiti posamezno.</s>
<s id="s9.2">Za priporočilo glede odmerjanja glejte navodilo za uporabo.</s>
<s id="s10.1">Kako zdravilo Incurin deluje?</s>
<s id="s10.2">Estriol, vsebovan v zdravilu Incurin, je kratkodelujoči naravni estrogen, ki se veže na estrogenski receptor.</s>
<s id="s10.3">Izraz urinska inkontinenca se uporablja za opis nehotenega uhajanja urina.</s>
<s id="s10.4">Znano je, da se pojavlja pri psicah, in sicer najbolj po ovariektomiji.</s>
<s id="s10.5">To stanje spremlja zmanjšanje endogenega proizvajanja estrogena.</s>
<s id="s10.6">Znanstveni izsledki nakazujejo povezanost med pojavom urinske incontinence ter izločanjem estrogena.</s>
<s id="s10.7">Estrogenski receptorji se nahajajo v uretralnem sfinkterju, kjer estrogeni spodbujajo celovit odziv in na ta način izboljšajo zapiranje sečnice in skladiščno sposobnost mehurja.</s>
<s id="s11.1">Kako je bilo zdravilo Incurin raziskano?</s>
<s id="s11.2">Zdravilo Incurin so preučevali pri psicah v treh velikih študijah na terenu.</s>
<s id="s11.3">Med študijami je ponavljajoče dajanje do 2 mg estriola na eno psico izkazalo korist pri psicah z znaki nehotenega uhajanja urina.</s>
<s id="s11.4">Študije so pokazale tudi, da ni očitne povezave med odmerjanjem in telesno maso psice – zato je treba odmerek določiti posamezno.</s>
<s id="s12.1">7 Westferry Circus, Canary Wharf, London, E14 4HB, UK Tel.</s>
<s id="s12.2">(44- 20) 74 18 84 00 Fax (44- 20) 74 18 84 16 E- mail: mail@ emea. europa. eu http: // www. emea. europa. eu</s>
<s id="s13.1">© European Medicines Agency, 2008.</s>
<s id="s13.2">Reproduction is authorised provided the source is acknowledged.</s>
<s id="s13.3">Kakšne koristi je zdravilo Incurin izkazalo med študijami?</s>
<s id="s13.4">Večina psic, sodelujočih v študijah, se je odzvala pozitivno: pojavila se je kontinenca in se ohranila dolgo časa.</s>
<s id="s13.5">Rezultati kažejo, da je zdravilo Incurin učinkovito in varno za uporabo proti urinski inkontinenci zaradi nepravilnega delovanja sfinkterskega mehanizma pri psicah po ovariohisterektomiji.</s>
<s id="s14.1">Kakšna tveganja so povezana z zdravilom Incurin?</s>
<s id="s14.2">Zdravilo Incurin se ne sme uporabiti pri psicah, pri katerih ovariohisterektomija ni bila opravljena, saj je bila učinkovitost dokazana samo pri psicah po ovariohisterektomiji.</s>
<s id="s14.3">Živali s poliurijo- polidipsijo (pretiran vnos vode in posledično izločanje velikih količin urina) se prav tako ne sme zdraviti s tem zdravilom.</s>
<s id="s14.4">Po dajanju največjega priporočenega odmerka, ki je 2 mg na eno psico, so bili opaženi učinki, značilni za estrogen, kot so nabrekla zunanja spolovila, nabrekle mlečne žleze, privlačnost za samca in bruhanje.</s>
<s id="s14.5">Pogostost teh pojavov je okoli 5 do 9%.</s>
<s id="s14.6">Našteti učinki minejo, če se odmerek zmanjša.</s>
<s id="s14.7">V nekaterih redkih primerih se je pojavila krvavitev iz nožnice.</s>
<s id="s14.8">V zelo redkih primerih so opazili razvoj alopecije (izguba dlake).</s>
<s id="s15.1">Kakšne previdnostne ukrepe mora upoštevati oseba, ki daje zdravilo ali pride v stik z živaljo?</s>
<s id="s15.2">Pri dajanju zdravila Incurin ni posebnih previdnostnih opozoril.</s>
<s id="s16.1">Zakaj je bilo zdravilo Incurin odobreno?</s>
<s id="s16.2">Odbor za zdravila za uporabo v veterinarski medicini (CVMP) je odločil, da so koristi zdravila Incurin pri zdravljenju od hormona odvisne urinske kontinence zaradi nepravilnega delovanja sfinkterskega mehanizma pri psicah po ovariohisterektomiji večje od njim povezanih tveganj, in je priporočil odobritev dovoljenja za promet za zdravilo Incurin.</s>
<s id="s16.3">Razmerje med koristmi in tveganji najdete v modulu 6 tega evropskega javnega poročila o oceni zdravila (EPAR).</s>
<s id="s17.1">Druge informacije o zdravilu Incurin:</s>
<s id="s17.2">Evropska komisija je dovoljenje za promet z zdravilom Incurin, veljavno po vsej Evropski uniji, odobrila družbi Intervet International B. V. dne 24. marca 2000 in ga podaljšala leta 2005.</s>
<s id="s17.3">Podatki o predpisovanju tega zdravila so navedeni na etiketi/ zunanji ovojnini.</s>
<s id="s18.1">Povzetek je bil nazadnje posodobljen 04- 2008.</s>
<s id="s19.1">Stran 2/ 2 ©EMEA 2008</s>
</body>
</letsmt>
