<?xml version="1.0" encoding="utf-8"?>
<letsmt version="1.0">
<head></head>
<body>
<s id="s1.1">ANNEX I</s>
<s id="s2.1">LIST OF THE NAMES, PHARMACEUTICAL FORM, STRENGTH OF THE MEDICINAL PRODUCTS, ROUTE OF ADMINISTRATION, APPLICANTS, MARKETING AUTHORISATION HOLDERS IN THE MEMBER STATES</s>
<s id="s3.1">1 Marketing Authorisation Holders</s>
<s id="s4.1">Member State</s>
<s id="s5.1">Marketing Authorisation Holder</s>
<s id="s6.1">Invented name</s>
<s id="s7.1">Strength</s>
<s id="s8.1">Pharmaceutical Form</s>
<s id="s9.1">Route of administration</s>
<s id="s10.1">AT - Austria</s>
<s id="s11.1">Astra Zeneca Österreich GmbH Schwarzenbergplatz 7 1037 Wien</s>
<s id="s12.1">Casodex</s>
<s id="s13.1">150 mg</s>
<s id="s14.1">film-coated tablet</s>
<s id="s15.1">oral use</s>
<s id="s16.1">AT - Austria</s>
<s id="s17.1">Genericon Pharma Ges. m. b. H.</s>
<s id="s17.2">Hafnerstraße 211 8054 Graz</s>
<s id="s18.1">Bicalutamid &quot;Genericon&quot; 150 mg</s>
<s id="s19.1">film-coated tablet</s>
<s id="s20.1">oral use</s>
<s id="s21.1">AT - Austria</s>
<s id="s22.1">Genericon Pharma Ges. m. b. H.</s>
<s id="s22.2">Hafnerstraße 211 8054 Graz</s>
<s id="s23.1">Bicalutanorm &quot;Genericon&quot; 150 mg</s>
<s id="s24.1">film-coated tablet</s>
<s id="s25.1">oral use</s>
<s id="s26.1">AT - Austria</s>
<s id="s27.1">Ratiopharm Arzneimittel Vertriebs- GmbH Albert-Schweitzer Gasse 3 1140 Wien</s>
<s id="s28.1">Bicalutamid-ratiopharm 150 mg</s>
<s id="s29.1">film-coated tablet</s>
<s id="s30.1">oral use</s>
<s id="s31.1">BE - Belgium</s>
<s id="s32.1">NV AstraZeneca SA Egide Van Ophemstraat 110 B-1180 Brussel</s>
<s id="s33.1">Casodex 150 mg</s>
<s id="s34.1">film-coated tablet</s>
<s id="s35.1">oral use</s>
<s id="s36.1">BG - Bulgaria</s>
<s id="s37.1">AstraZeneca UK Ltd, 600 Capability Green Luton, Bedfordshire, LU1 3LU, UK</s>
<s id="s38.1">Casodex 150 mg</s>
<s id="s39.1">film-coated tablet</s>
<s id="s40.1">oral use</s>
<s id="s41.1">CS - Czech Republic</s>
<s id="s42.1">AstraZeneca UK Limited Silk Road Business Park Macclesfield Cheshire SK10 2NA United Kingdom</s>
<s id="s43.1">Casodex 150 mg</s>
<s id="s44.1">film-coated tablet</s>
<s id="s45.1">oral use</s>
<s id="s46.1">CS - Czech Republic</s>
<s id="s47.1">Ingers Industrial Solutions S. R. O.</s>
<s id="s47.2">BRNO Jeneweinova 51a</s>
<s id="s48.1">Bicaluplex 150 mg</s>
<s id="s49.1">film-coated tablet</s>
<s id="s50.1">oral use</s>
<s id="s51.1">2 Member State</s>
<s id="s52.1">Marketing Authorisation Holder</s>
<s id="s53.1">Invented name</s>
<s id="s54.1">Strength</s>
<s id="s55.1">Pharmaceutical Form</s>
<s id="s56.1">Route of administration</s>
<s id="s57.1">617 00 Brno CY - Cyprus</s>
<s id="s58.1">AstraZeneca UK Limited Silk Road Business Park Macclesfield Cheshire SK10 2NA United Kingdom</s>
<s id="s59.1">Casodex</s>
<s id="s60.1">150 mg</s>
<s id="s61.1">film-coated tablet</s>
<s id="s62.1">oral use</s>
<s id="s63.1">DA - Denmark</s>
<s id="s64.1">AstraZeneca A/ S Roskildevej 22 2620 Albertslund</s>
<s id="s65.1">Casodex</s>
<s id="s66.1">150 mg</s>
<s id="s67.1">film-coated tablet</s>
<s id="s68.1">oral use</s>
<s id="s69.1">EL - Greece</s>
<s id="s70.1">Astrazeneca SA 4 Theotocopoulou &amp; Astronauton 151 25 Marousi-Athens</s>
<s id="s71.1">Casodex</s>
<s id="s72.1">150 mg</s>
<s id="s73.1">film-coated tablet</s>
<s id="s74.1">oral use</s>
<s id="s75.1">EL - Greece</s>
<s id="s76.1">Dermos Meπε -pharmaceitica 25 Paraschou str.</s>
<s id="s76.2">Athens</s>
<s id="s77.1">Verodex</s>
<s id="s78.1">150 mg</s>
<s id="s79.1">film-coated tablet</s>
<s id="s80.1">oral use</s>
<s id="s81.1">EL - Greece</s>
<s id="s82.1">Alvia SA 18th klm Athens-Marathon Ave 153 44 Pallini Attiki</s>
<s id="s83.1">Bicalut</s>
<s id="s84.1">150 mg</s>
<s id="s85.1">film-coated tablet</s>
<s id="s86.1">oral use</s>
<s id="s87.1">EL - Greece</s>
<s id="s88.1">Genepharm SA 18th klm Marathon Ave 153 44 Pallini Attiki</s>
<s id="s89.1">Bicamide / Genepharm</s>
<s id="s90.1">150 mg</s>
<s id="s91.1">film-coated tablet</s>
<s id="s92.1">oral use</s>
<s id="s93.1">ET - Estonia</s>
<s id="s94.1">Astrazeneca UK Ltd.</s>
<s id="s94.2">Stanhope Gate 15 London W1K 1LN United Kingdom</s>
<s id="s95.1">Casodex</s>
<s id="s96.1">150mg</s>
<s id="s97.1">film-coated tablet</s>
<s id="s98.1">oral use</s>
<s id="s99.1">FI - Finland</s>
<s id="s100.1">AstraZeneca Oy Luomanportti 3 02200 Espoo</s>
<s id="s101.1">Casodex</s>
<s id="s102.1">150 mg</s>
<s id="s103.1">film-coated tablet</s>
<s id="s104.1">oral use</s>
<s id="s105.1">3 Member State</s>
<s id="s106.1">Marketing Authorisation Holder</s>
<s id="s107.1">Invented name</s>
<s id="s108.1">Strength</s>
<s id="s109.1">Pharmaceutical Form</s>
<s id="s110.1">Route of administration</s>
<s id="s111.1">FI - Finland</s>
<s id="s112.1">Ratiopharm GmbH Graf-Arco-Strasse 3 89079 Ulm Germany</s>
<s id="s113.1">Lukasenomid</s>
<s id="s114.1">150 mg</s>
<s id="s115.1">film-coated tablet</s>
<s id="s116.1">oral use</s>
<s id="s117.1">FI - Finland</s>
<s id="s118.1">Ratiopharm GmbH Graf-Arco-Strasse 3 89079 Ulm Germany</s>
<s id="s119.1">Bicalutamid CT- Arzneimittel</s>
<s id="s120.1">150 mg</s>
<s id="s121.1">film-coated tablet</s>
<s id="s122.1">oral use</s>
<s id="s123.1">FI - Finland</s>
<s id="s124.1">Ratiopharm GmbH Graf-Arco-Strasse 3 89079 Ulm Germany</s>
<s id="s125.1">Bicalutamid Ratiopharm</s>
<s id="s126.1">150 mg</s>
<s id="s127.1">film-coated tablet</s>
<s id="s128.1">oral use</s>
<s id="s129.1">FI - Finland</s>
<s id="s130.1">Ratiopharm GmbH Graf-Arco-Strasse 3 89079 Ulm Germany</s>
<s id="s131.1">Bicalutamid Ribosepharm 150 mg</s>
<s id="s132.1">film-coated tablet</s>
<s id="s133.1">oral use</s>
<s id="s134.1">FI - Finland</s>
<s id="s135.1">Avansor Pharma Oy Tekniikantie 14 02150 Espoo</s>
<s id="s136.1">Bicavan 150 mg</s>
<s id="s137.1">film-coated tablet</s>
<s id="s138.1">oral use</s>
<s id="s139.1">FI - Finland</s>
<s id="s140.1">Synthon B V Microweg 22 6545 GN Nijmegen The Netherlands</s>
<s id="s141.1">Bikalutamidi Synthon 150 mg</s>
<s id="s142.1">film-coated tablet</s>
<s id="s143.1">oral use</s>
<s id="s144.1">FI - Finland</s>
<s id="s145.1">Alternova Oy Ab Rajatorpantie 41 C 01640 Vantaa</s>
<s id="s146.1">Bicalutamid Alternova 150 mg</s>
<s id="s147.1">film-coated tablet</s>
<s id="s148.1">oral use</s>
<s id="s149.1">FI - Finland</s>
<s id="s150.1">Peseri Trading Limited El Greco House</s>
<s id="s151.1">Alidex 150 mg</s>
<s id="s152.1">film-coated tablet</s>
<s id="s153.1">oral use</s>
<s id="s154.1">4 Member State</s>
<s id="s155.1">Marketing Authorisation Holder</s>
<s id="s156.1">Invented name</s>
<s id="s157.1">Strength</s>
<s id="s158.1">Pharmaceutical Form</s>
<s id="s159.1">Route of administration</s>
<s id="s160.1">20 Queen Frederiks Street, Office 301 1066 Nicosia, Cyprus FI - Finland</s>
<s id="s161.1">Peseri Trading Limited El Greco House 20 Queen Frederiks Street, Office 301 1066 Nicosia, Cyprus</s>
<s id="s162.1">Bicadex</s>
<s id="s163.1">150 mg</s>
<s id="s164.1">film-coated tablet</s>
<s id="s165.1">oral use</s>
<s id="s166.1">FI - Finland</s>
<s id="s167.1">Orion Corporation Orionintie 1, PO Box 65 02101 Espoo</s>
<s id="s168.1">Bicalutamid Orion</s>
<s id="s169.1">150 mg</s>
<s id="s170.1">film-coated tablet</s>
<s id="s171.1">oral use</s>
<s id="s172.1">FI - Finland</s>
<s id="s173.1">Peseri Trading Limited El Greco House 20 Queen Frederiks Street, Office 301 1066 Nicosia, Cyprus</s>
<s id="s174.1">Bicalutamide Peseri</s>
<s id="s175.1">150 mg</s>
<s id="s176.1">film-coated tablet</s>
<s id="s177.1">oral use</s>
<s id="s178.1">FI - Finland</s>
<s id="s179.1">Tad Pharma GmbH Heinz-Lohmann-Strasse 5 27472 Cuxhaven, Germany</s>
<s id="s180.1">Bicatad</s>
<s id="s181.1">150 mg</s>
<s id="s182.1">film-coated tablet</s>
<s id="s183.1">oral use</s>
<s id="s184.1">FI - Finland</s>
<s id="s185.1">Peseri Trading Limited El Greco House 20 Queen Frederiks Street, Office 301 1066 Nicosia, Cyprus</s>
<s id="s186.1">Biclad</s>
<s id="s187.1">150 mg</s>
<s id="s188.1">film-coated tablet</s>
<s id="s189.1">oral use</s>
<s id="s190.1">FI - Finland</s>
<s id="s191.1">Helm Pharmaceuticals GmbH Nordkanalstr.</s>
<s id="s191.2">28 20097 Hamburg, Germany</s>
<s id="s192.1">Duralutamide</s>
<s id="s193.1">150 mg</s>
<s id="s194.1">film-coated tablet</s>
<s id="s195.1">oral use</s>
<s id="s196.1">FI - Finland</s>
<s id="s197.1">Helm Pharmaceuticals GmbH Nordkanalstr.</s>
<s id="s197.2">28 20097 Hamburg, Germany</s>
<s id="s198.1">Grelutamide</s>
<s id="s199.1">150 mg</s>
<s id="s200.1">film-coated tablet</s>
<s id="s201.1">oral use</s>
<s id="s202.1">FI - Finland</s>
<s id="s203.1">Helm Pharmaceuticals GmbH Nordkanalstr.</s>
<s id="s203.2">28</s>
<s id="s204.1">Henlutamide</s>
<s id="s205.1">150 mg</s>
<s id="s206.1">film-coated tablet</s>
<s id="s207.1">oral use</s>
<s id="s208.1">5 Member State</s>
<s id="s209.1">Marketing Authorisation Holder</s>
<s id="s210.1">Invented name</s>
<s id="s211.1">Strength</s>
<s id="s212.1">Pharmaceutical Form</s>
<s id="s213.1">Route of administration</s>
<s id="s214.1">20097 Hamburg, Germany FI - Finland</s>
<s id="s215.1">Helm Pharmaceuticals GmbH Nordkanalstr.</s>
<s id="s215.2">28 20097 Hamburg, Germany</s>
<s id="s216.1">Inatamide</s>
<s id="s217.1">150 mg</s>
<s id="s218.1">film-coated tablet</s>
<s id="s219.1">oral use</s>
<s id="s220.1">FI - Finland</s>
<s id="s221.1">Helm Pharmaceuticals GmbH Nordkanalstr.</s>
<s id="s221.2">28 20097 Hamburg, Germany</s>
<s id="s222.1">Konlutamide</s>
<s id="s223.1">150 mg</s>
<s id="s224.1">film-coated tablet</s>
<s id="s225.1">oral use</s>
<s id="s226.1">FI - Finland</s>
<s id="s227.1">Helm Pharmaceuticals GmbH Nordkanalstr.</s>
<s id="s227.2">28 20097 Hamburg, Germany</s>
<s id="s228.1">Saputamide</s>
<s id="s229.1">150 mg</s>
<s id="s230.1">film-coated tablet</s>
<s id="s231.1">oral use</s>
<s id="s232.1">FI - Finland</s>
<s id="s233.1">Helm Pharmaceuticals GmbH Nordkanalstr.</s>
<s id="s233.2">28 20097 Hamburg, Germany</s>
<s id="s234.1">Skylutamide</s>
<s id="s235.1">150 mg</s>
<s id="s236.1">film-coated tablet</s>
<s id="s237.1">oral use</s>
<s id="s238.1">FI - Finland</s>
<s id="s239.1">Helm Pharmaceuticals GmbH Nordkanalstr.</s>
<s id="s239.2">28 20097 Hamburg, Germany</s>
<s id="s240.1">Timutamide</s>
<s id="s241.1">150 mg</s>
<s id="s242.1">film-coated tablet</s>
<s id="s243.1">oral use</s>
<s id="s244.1">FI - Finland</s>
<s id="s245.1">Peseri Trading Limited El Greco House 20 Queen Frederiks Street, Office 301 1066 Nicosia, Cyprus</s>
<s id="s246.1">Lutamide</s>
<s id="s247.1">150 mg</s>
<s id="s248.1">film-coated tablet</s>
<s id="s249.1">oral use</s>
<s id="s250.1">FR - France</s>
<s id="s251.1">AstraZeneca 1, place Renault 92844 Rueil-Malmaison Cedex</s>
<s id="s252.1">Casodex</s>
<s id="s253.1">150 mg</s>
<s id="s254.1">film-coated tablet</s>
<s id="s255.1">oral use</s>
<s id="s256.1">HU - Hungary</s>
<s id="s257.1">Pharmaconsult Kft.:</s>
<s id="s257.2">1141 Budapest, Ráskay Lea u.</s>
<s id="s257.3">44.</s>
<s id="s257.4">Hungary</s>
<s id="s258.1">Bilutamid</s>
<s id="s259.1">150 mg</s>
<s id="s260.1">film-coated tablet</s>
<s id="s261.1">oral use</s>
<s id="s262.1">HU - Hungary</s>
<s id="s263.1">AstraZeneca KFt.</s>
<s id="s263.2">Park u.</s>
<s id="s263.3">3 Törökbálint</s>
<s id="s264.1">Casodex</s>
<s id="s265.1">150 mg</s>
<s id="s266.1">film-coated tablet</s>
<s id="s267.1">oral use</s>
<s id="s268.1">6 Member State</s>
<s id="s269.1">Marketing Authorisation Holder</s>
<s id="s270.1">Invented name</s>
<s id="s271.1">Strength</s>
<s id="s272.1">Pharmaceutical Form</s>
<s id="s273.1">Route of administration</s>
<s id="s274.1">H-2045 IS - Iceland</s>
<s id="s275.1">AstraZeneca UK Limited Silk Road Business Park Macclesfield Cheshire SK10 2NA United Kingdom</s>
<s id="s276.1">Casodex</s>
<s id="s277.1">150mg</s>
<s id="s278.1">film-coated tablet</s>
<s id="s279.1">oral use</s>
<s id="s280.1">IT - Italy</s>
<s id="s281.1">Astrazeneca S. P. A.</s>
<s id="s281.2">Palazzo Volta Via F.</s>
<s id="s281.3">Sforza 20080 - Basiglio (MI)</s>
<s id="s282.1">Casodex</s>
<s id="s283.1">150 mg</s>
<s id="s284.1">film-coated tablet</s>
<s id="s285.1">oral use</s>
<s id="s286.1">LT - Lithuania</s>
<s id="s287.1">AstraZeneca UK Limited Silk Road Business Park Macclesfield Cheshire SK10 2NA United Kingdom</s>
<s id="s288.1">Casodex</s>
<s id="s289.1">150 mg</s>
<s id="s290.1">film-coated tablet</s>
<s id="s291.1">oral use</s>
<s id="s292.1">LU - Luxembourg</s>
<s id="s293.1">NV AstraZeneca SA 110 rue E.</s>
<s id="s293.2">Van Ophem B-1180 Bruxelles Belgium</s>
<s id="s294.1">Casodex</s>
<s id="s295.1">150 mg</s>
<s id="s296.1">film-coated tablet</s>
<s id="s297.1">oral use</s>
<s id="s298.1">LV - Latvia</s>
<s id="s299.1">AstraZeneca UK Limited Silk Road Business Park Macclesfield Cheshire SK10 2NA United Kingdom</s>
<s id="s300.1">Casodex</s>
<s id="s301.1">150 mg</s>
<s id="s302.1">film-coated tablet</s>
<s id="s303.1">oral use</s>
<s id="s304.1">NO - Norway AstraZeneca AS Boks 200 Vinderen 0319 Oslo</s>
<s id="s305.1">Casodex</s>
<s id="s306.1">150mg</s>
<s id="s307.1">film-coated tablet</s>
<s id="s308.1">oral use</s>
<s id="s309.1">PL - Poland AstraZeneca UK Limited</s>
<s id="s310.1">Casodex</s>
<s id="s311.1">150 mg</s>
<s id="s312.1">film-coated tablet</s>
<s id="s313.1">oral use</s>
<s id="s314.1">7 Member State</s>
<s id="s315.1">Marketing Authorisation Holder</s>
<s id="s316.1">Invented name</s>
<s id="s317.1">Strength</s>
<s id="s318.1">Pharmaceutical Form</s>
<s id="s319.1">Route of administration</s>
<s id="s320.1">Silk Road Business Park Macclesfield Cheshire SK10 2NA United Kingdom PT - Portugal</s>
<s id="s321.1">AstraZeneca Produtos Farmacêuticos, Lda.</s>
<s id="s321.2">Rua Humberto Madeira, 7 Valejas - 2745-663 Barcarena</s>
<s id="s322.1">Casodex</s>
<s id="s323.1">150 mg</s>
<s id="s324.1">film-coated tablet</s>
<s id="s325.1">oral use</s>
<s id="s326.1">PT - Portugal</s>
<s id="s327.1">Generis Farmacêutica, S. A.</s>
<s id="s327.2">Office Park da Beloura - Edifício 4 Quinta da Beloura 2710-444 Sintra</s>
<s id="s328.1">Bicalutamida Generis</s>
<s id="s329.1">150 mg</s>
<s id="s330.1">film-coated tablet</s>
<s id="s331.1">oral use</s>
<s id="s332.1">PT - Portugal</s>
<s id="s333.1">Generis Farmacêutica, S. A.</s>
<s id="s333.2">Office Park da Beloura - Edifício 4 Quinta da Beloura 2710-444 Sintra</s>
<s id="s334.1">Bicalutamida Prostec</s>
<s id="s335.1">150 mg</s>
<s id="s336.1">film-coated tablet</s>
<s id="s337.1">oral use</s>
<s id="s338.1">PT - Portugal</s>
<s id="s339.1">Farma-APS, Produtos Farmacêuticos, S. A.</s>
<s id="s339.2">Rua João de Deus, 19 Venda Nova 2700-487 Amadora</s>
<s id="s340.1">Bicalutamida Etsi</s>
<s id="s341.1">150 mg</s>
<s id="s342.1">film-coated tablet</s>
<s id="s343.1">oral use</s>
<s id="s344.1">RO-Romania</s>
<s id="s345.1">AstraZeneca UK Ltd, 600 Capability Green Luton, Bedfordshire, LU1 3LU, UK</s>
<s id="s346.1">Casodex</s>
<s id="s347.1">150 mg</s>
<s id="s348.1">film-coated tablet</s>
<s id="s349.1">oral use</s>
<s id="s350.1">SK – Slovakia</s>
<s id="s351.1">AstraZeneca UK Limited Silk Road Business Park Macclesfield Cheshire SK10 2NA United Kingdom</s>
<s id="s352.1">Casodex</s>
<s id="s353.1">150 mg</s>
<s id="s354.1">film-coated tablet</s>
<s id="s355.1">oral use</s>
<s id="s356.1">SL - Slovenia</s>
<s id="s357.1">AstraZeneca UK Limited</s>
<s id="s358.1">Casodex</s>
<s id="s359.1">150 mg</s>
<s id="s360.1">film-coated tablet</s>
<s id="s361.1">oral use</s>
<s id="s362.1">8 Member State</s>
<s id="s363.1">Marketing Authorisation Holder</s>
<s id="s364.1">Invented name</s>
<s id="s365.1">Strength</s>
<s id="s366.1">Pharmaceutical Form</s>
<s id="s367.1">Route of administration</s>
<s id="s368.1">15 Stanhope Gate London, W1K 1LN United Kingdom SV - Sweden</s>
<s id="s369.1">AstraZeneca AB Västra Mälarehamnen 9 SE-151 85 Södertälje</s>
<s id="s370.1">Casodex</s>
<s id="s371.1">150 mg</s>
<s id="s372.1">film-coated tablet</s>
<s id="s373.1">oral use</s>
<s id="s374.1">UK - United Kingdom</s>
<s id="s375.1">AstraZeneca UK Limited Horizon Place 600 Capability Green Luton, Bedfordshire LU1 3LU</s>
<s id="s376.1">Casodex</s>
<s id="s377.1">150 mg</s>
<s id="s378.1">film-coated tablet</s>
<s id="s379.1">oral use</s>
<s id="s380.1">UK - United Kingdom</s>
<s id="s381.1">AstraZeneca UK Limited Horizon Place 600 Capability Green Luton, Bedfordshire LU1 3LU</s>
<s id="s382.1">Bicalutamide</s>
<s id="s383.1">150 mg</s>
<s id="s384.1">film-coated tablet</s>
<s id="s385.1">oral use</s>
<s id="s386.1">9 ANNEX II</s>
<s id="s387.1">SCIENTIFIC CONCLUSIONS AND GROUNDS FOR AMENDMENT OF THE SUMMARY OF PRODUCT CHARACTERISTICS PRESENTED BY THE EMEA</s>
<s id="s388.1">10 SCIENTIFIC CONCLUSIONS</s>
<s id="s389.1">OVERALL SUMMARY OF THE SCIENTIFIC EVALUATION OF BICALUTAMIDE 150 mg CONTAINING MEDICINAL PRODUCTS (see Annex I)</s>
<s id="s390.1">Background</s>
<s id="s391.1">Bicalutamide is an oral anti-androgen used in the management of prostate cancer.</s>
<s id="s391.2">Bicalutamide 150 mg is marketed in the EU following national and Mutual Recognition application procedures.</s>
<s id="s391.3">Its authorised indications include the treatment of patients with locally advanced prostate cancer, as an immediate therapy either alone or as adjuvant to treatment by radical prostatectomy or radiotherapy.</s>
<s id="s391.4">Locally advanced prostate cancer refers to larger tumours or tumours with spread to lymph nodes, but not involving spread to other organs.</s>
<s id="s392.1">In 2004, 2 publications were published detailing a pre-planned 2nd analysis of the Casodex (bicalutamide) Early Prostate Cancer (EPC) study programme.</s>
<s id="s393.1">These same data were considered by the UK, the Reference Member State (RMS) for the Mutual Recognition Procedure (MRP), in 2003.</s>
<s id="s393.2">At that time, the RMS concluded that Casodex (bicalutamide) 150 mg should not be used in the treatment of ‘ localised’ prostate cancer, however, it was concluded that the benefit/ risk balance remained positive for selected patients in ‘ locally advanced’ prostate cancer, as immediate therapy either alone or as adjuvant to treatment by radical prostatectomy or radiotherapy.</s>
<s id="s393.3">Section 5.1 of the SPC was amended to note that the optimum medical strategy for a patient at low risk of disease progression, particularly in the adjuvant setting following radical prostatectomy, might be to defer hormonal therapy until signs that the disease is progressing.</s>
<s id="s394.1">Following their own review of these data carried out in 2004 and due to their resulting concerns over the benefit/ risk balance of bicalutamide 150 mg in locally advanced prostate cancer, the Belgian Regulatory Authority suspended their national Marketing Authorisation for Casodex (bicalutamide) 150 mg in August 2005.</s>
<s id="s395.1">In view of the concerns related to safety and efficacy for bicalutamide 150 mg the National Competent Authority (NCA) in Belgium considered it to be in the interest of public health to perform a new benefit/ risk assessment.</s>
<s id="s395.2">Therefore, Belgium referred the issue on 27 July 2006 for consideration by CHMP under Article 31 of Directive 2001/ 83/ EC, as amended.</s>
<s id="s396.1">The 4 issues raised in the referral concern the analyses of the Early Prostate Cancer Programme (EPC):</s>
<s id="s397.1">- the lack of an overall survival benefit versus adverse events in ‘ locally advanced prostate cancer’;</s>
<s id="s398.1">- statistical concerns regarding multiplicity;</s>
<s id="s399.1">- the standard of care for the placebo group in the relevant studies;</s>
<s id="s400.1">- the number of deaths due to cardiac failure.</s>
<s id="s401.1">Based on the concerns raised, the following questions were posed to the Applicants/ MAHs as part of the consolidated CHMP List of Questions, the responses to which were the basis of the CHMP reassessment of the benefit/ risk balance:</s>
<s id="s402.1">1/ How does the company justify the indication of bicalutamide 150 mg for locally advanced prostate cancer knowing the absence of statistically significant overall survival and the important side effects?</s>
<s id="s402.2">2/ How does the company justify the absence of adjustment for tests of multiplicity in the analysis of the EPC results?</s>
<s id="s402.3">3/ How does the company justify that the placebo arm did not receive an adequate treatment according to the present standard of care and why this is not taken into account in the analysis of the EPC results?</s>
<s id="s402.4">4/ How can the company rule out any role of bicalutamide 150 mg in the increased mortality due to heart failure in the Casodex arm of the EPC trial?</s>
<s id="s403.1">The scope of the referral included all pending Marketing Authorisation applications as well as all Marketing Authorisations for medicinal products containing 150 mg bicalutamide.</s>
<s id="s403.2">Further, the referral concerned only</s>
<s id="s404.1">11 the locally advanced prostate cancer indication based on the Early Prostate Cancer study programme, and the directly related wording in sections 4.1 and 5.1 of the SPC.</s>
<s id="s404.2">Other aspects of the SPC and the other indication for bicalutamide 150 mg, which is approved in some EU member states, were not within the scope of the referral.</s>
<s id="s405.1">Benefit/ Risk considerations</s>
<s id="s406.1">When the EPC programme was initiated more than 8 years ago, the aim was to document the benefit of early bicalutamide therapy versus placebo as monotherapy or adjuvant therapy to surgery or radiotherapy.</s>
<s id="s406.2">The lack of broad consensus in the standard of care for early prostate cancer makes it difficult to study.</s>
<s id="s406.3">The EPC study was an empirical design, that is to say, it generally compared Casodex (bicalutamide) to the standard of care in each region involved.</s>
<s id="s407.1">It is acknowledged that overall there is no statistically significant survival benefit in locally advanced prostate cancer.</s>
<s id="s407.2">However, the EPC study was positive for the primary progression free survival (PFS) endpoint, both overall and in the locally advanced subgroups.</s>
<s id="s408.1">At the initial authorisation of the early prostate cancer indication, the data for overall survival were too immature to allow an analysis, however it makes sense to subsequently analyse this endpoint in the same subgroups, and there are favourable trends in overall survival for patients with locally advanced disease receiving Casodex (bicalutamide) alone, and for patients also receiving radiotherapy.</s>
<s id="s409.1">As regards the multiplicity issue raised, it is considered appropriate to look at subgroups from a statistical viewpoint, as they have helped to narrow the indication to patients with a more favourable benefit/ risk balance for bicalutamide 150 mg.</s>
<s id="s409.2">These are also not arbitrary subgroups, but are implicit in the proposed indication, correspond to the way prostate cancer is classified, managed and studied, and the results are consistent with what might be expected.</s>
<s id="s409.3">It seems intuitive that for good prognosis patients who have also received treatment of curative intent, the addition of bicalutamide might confer less benefit than in other patients.</s>
<s id="s409.4">In addition, the survival advantage observed in patients with locally advanced disease receiving radiotherapy appears to be consistent with that seen in previous studies, and a synergistic effect with radiotherapy is plausible.</s>
<s id="s409.5">It is difficult to obtain overall survival data in patients with early prostate cancer due to its insidious course.</s>
<s id="s409.6">For these reasons, the CHMP considers that the progression-free survival results are important and can be considered on their merits.</s>
<s id="s409.7">Disease progression may be associated with problems such as painful bone metastases, cord compression, pathological fractures and urinary obstruction.</s>
<s id="s409.8">The PFS results are given again below:</s>
<s id="s410.1">Progression-free survival in locally advanced disease by therapy sub-group</s>
<s id="s411.1">Analysis population</s>
<s id="s412.1">Events (%) in Casodex patients</s>
<s id="s413.1">Events (%) in placebo patients</s>
<s id="s414.1">Hazard ratio (95% CI)</s>
<s id="s415.1">Watchful waiting Radiotherapy Radical prostatectomy</s>
<s id="s416.1">193/ 335 (57.6) 66/ 161 (41.0) 179/ 870 (20.6)</s>
<s id="s417.1">222/ 322 (68.9) 86/ 144 (59.7) 213/ 849 (25.1)</s>
<s id="s418.1">0.60 (0.49 to 0.73) 0.56 (0.40 to 0.78) 0.75 (0.61 to 0.91)</s>
<s id="s419.1">In particular, there is a statistically significant and clinically meaningful improvement in progression-free survival in the patients with locally advanced prostate cancer who received Casodex (bicalutamide) as compared to placebo (58% versus 69% progressors in patients who were not receiving adjuvant surgery or radiotherapy).</s>
<s id="s420.1">Benefit is generally a function of risk progression and in patients with locally advanced disease; benefit is reduced after surgery or in cases where radiotherapy is likely to be curative.</s>
<s id="s421.1">With reference to the adequacy of treatment in the placebo group in the EPC studies, given that at the time of initiation of these studies there was no widely agreed standard of care in locally advanced prostate cancer (something which remains the case), the empirical design of the studies, which compared Casodex (bicalutamide) 150mg or placebo when given as an adjunct to “ standard care” is considered reasonable.</s>
<s id="s421.2">12 None of the EPC trials mandated that treatment be withheld from patients in the placebo group until clinical progression.</s>
<s id="s421.3">The median PSA levels on initiation of active therapy for each subgroup are above the thresholds in current European Association of Urology (EAU) guidance.</s>
<s id="s422.1">These results should of course be balanced against the well-known tolerability issues of Casodex (bicalutamide).</s>
<s id="s422.2">Gynaecomastia and breast pain have been highlighted (mainly in the 1st year of intake) and can be managed in many patients.</s>
<s id="s422.3">In the clinical studies this was severe in around 5% of patients.</s>
<s id="s422.4">Gynaecomastia may not resolve spontaneously following cessation of therapy, particularly after prolonged treatment.</s>
<s id="s422.5">EAU guidelines suggest the use of prophylactic breast radiation, tamoxifen or aromatase inhibitors to manage these symptoms, although they are not licensed in this use.</s>
<s id="s423.1">The requested additional analyses of the EPC trial data confirm an increased risk for deaths coded as heart failures (however, with no overall excess risk in the cardiovascular system), an increased risk of urogenital symptoms (including gynaecomastia and breast pain) mainly during the first year of intake, and further indicate the absence of an adverse effect on thromboembolic events during the follow-up (supported by a pattern of events inconsistent with hormonal effects).</s>
<s id="s423.2">There was no evidence of an overall excess mortality.</s>
<s id="s424.1">With reference to heart failure mortality, the MAHs have submitted a limited amount of new data since this issue was last assessed, namely results from a further clinical study, an updated literature review and an updated review of their safety database.</s>
<s id="s424.2">The numbers involved are relatively small, there is no consistent pattern for heart failure deaths over the longer term, and there is some unreliability in selecting this as a cause of death.</s>
<s id="s424.3">However, an association with bicalutamide cannot be ruled out.</s>
<s id="s424.4">Whilst the pattern of adverse events argues against a role for raised oestrogen levels, it is known that the myocardium has androgen receptors, and it might be affected by long-term androgen deprivation.</s>
<s id="s424.5">However, the numbers of cases involved are relatively small, and there is no clear temporal relationship.</s>
<s id="s424.6">The majority of patients with heart failure had confounding factors at study entry, and the causality assessment of investigators for all deaths ascribed to heart failure was “ not related”.</s>
<s id="s424.7">Regarding the heart failure deaths, the allocation of cause of death is known to be unreliable, and very few post-mortems were done.</s>
<s id="s425.1">Due to a small number of relevant subjects, no conclusions could be drawn regarding the contribution of tamoxifen or radiotherapy to cardiovascular outcomes, or on whether tamoxifen exposure had a synergistic effect on efficacy.</s>
<s id="s425.2">However, it is not possible to entirely “ rule out” thromboembolic events as contributory explanation of increased cardiovascular mortality.</s>
<s id="s426.1">The need to further study cardiovascular morbidity and mortality remains.</s>
<s id="s426.2">A new pharmacoepidemiological study will be undertaken as part of an agreed Risk Management Plan (RMP), a post-opinion commitment to get a better understanding of cardiovascular risk.</s>
<s id="s426.3">The aim of the study is to estimate the incidence of heart failure, cardiovascular morbidity and mortality in patients with prostate cancer, compared to the general population.</s>
<s id="s426.4">Further, the study will include prostate cancer subgroups to include those on Casodex (bicalutamide), and those treated with luteinizing hormone-releasing hormone (LHRH) analogues, orchidectomy, and other hormonal therapies.</s>
<s id="s426.5">The 4th analysis of the EPC data will also be provided when available.</s>
<s id="s427.1">In conclusion, the heart failure data remain a concern and are inconclusive, but do not significantly alter the benefit/ risk balance in locally advanced prostate cancer patients.</s>
<s id="s427.2">However, these data do support the Committee’ s position that the indication should be restricted to selected patients with locally advanced prostate cancer at high risk of disease progression.</s>
<s id="s428.1">How such patients are identified could be based on criteria such as PSA levels, Gleason score and stage of disease.</s>
<s id="s428.2">A more specific target population is hard to define from the EPC data, and the general term “ high risk” better accommodates wide differences in local practice and inevitable changes in the standard of care, and takes into account the many variables in the individual patient which may contribute to risk of progression.</s>
<s id="s428.3">Patients and clinicians should decide on the most appropriate treatment on an individual basis, discussing efficacy and tolerability aspects of all available treatments, all available risk factors for disease progression, and taking into account the lifestyle of the patient.</s>
<s id="s428.4">The SPC has been amended accordingly and notes in section 5.1 that, for patients with locally advanced disease “ A reduction in risk of objective disease progression… was most evident in those at highest risk of disease progression.</s>
<s id="s428.5">Therefore, clinicians may</s>
<s id="s429.1">13 decide that the optimum medical strategy for a patient at low risk of disease progression, particularly in the adjuvant setting following radical prostatectomy, may be to defer hormonal therapy until signs that the disease is progressing .” Section 5.1 of the SPC also includes a summary of the efficacy results from the EPC study.</s>
<s id="s430.1">GROUNDS FOR AMENDMENT OF THE SUMMARY OF PRODUCT CHARACTERISTICS</s>
<s id="s431.1">Whereas</s>
<s id="s432.1">-</s>
<s id="s433.1">The Committee considered the referral made under article 31 of Directive 2001/ 83/ EC, as amended, for medicinal products containing bicalutamide 150 mg.</s>
<s id="s434.1">-</s>
<s id="s435.1">The Committee considered that bicalutamide 150 mg is effective in the treatment of locally advanced prostate cancer; however the CHMP considered that the therapeutic indication should be restricted to treatment of patients at high risk of disease progression.</s>
<s id="s436.1">-</s>
<s id="s437.1">In view of the available data, the CHMP concluded that a potential association between the use of bicalutamide 150 mg and heart failure cannot be ruled out and therefore considered that the need to further study cardiovascular morbidity and mortality remains.</s>
<s id="s437.2">To address this concern, a new epidemiological study will be performed, as part of an agreed Risk Management Plan.</s>
<s id="s438.1">-</s>
<s id="s439.1">The CHMP concluded that the benefit/ risk balance of bicalutamide 150 mg containing medicinal products in the agreed restricted indication is favourable.</s>
<s id="s440.1">As a consequence, the CHMP has recommended to maintain the Marketing Authorisations for all medicinal products and to grant Marketing Authorisations for all applications referred to in Annex I of the Opinion in accordance with the amendments to the relevant sections of the Summary of Product Characteristics, set out in Annex III of the Opinion.</s>
<s id="s441.1">14 ANNEX III</s>
<s id="s442.1">AMENDMENTS TO THE SUMMARY OF PRODUCT CHARACTERISTICS</s>
<s id="s443.1">Note:</s>
<s id="s443.2">This Annex III (Amendments to the Summary of Product Characteristics) is the one that was Annexed to the Commission Decision on this Article 31 referral for bicalutamide 150 mg containing medicinal products.</s>
<s id="s443.3">The text was valid at that time.</s>
<s id="s444.1">After the Commission Decision, the Member State competent authorities will update Annex III as required.</s>
<s id="s444.2">Therefore, Annex III may not necessarily represent the current text.</s>
<s id="s445.1">15 AMENDMENTS TO BE INCLUDED IN THE RELEVANT SECTION OF THE SUMMARY OF PRODUCT CHARACTERISTICS FOR BICALUTAMIDE 150MG CONTAINING MEDICINAL PRODUCTS</s>
<s id="s446.1">[…..]</s>
<s id="s447.1">4.1 Therapeutic indications</s>
<s id="s448.1">[Invented name] 150mg is indicated either alone or as adjuvant to radical prostatectomy or radiotherapy in patients with locally advanced prostate cancer at high risk for disease progression (see section 5.1).</s>
<s id="s449.1">[…..]</s>
<s id="s450.1">5.1 Pharmacodynamic properties</s>
<s id="s451.1">[…..]</s>
<s id="s452.1">CASODEX (Bicalutamide) 150 mg was studied as a treatment for patients with localised (T1-T2, N0 or NX, M0) or locally advanced (T3-T4, any N, M0; T1-T2, N+, M0) non-metastatic prostate cancer in a combined analysis of 3 placebo controlled double-blind studies in 8113 patients, where CASODEX was given as immediate hormonal therapy or as adjuvant to radical prostatectomy or radiotherapy, (primarily external beam radiation).</s>
<s id="s452.2">At 7.4 years median follow up, 27.4% and 30.7% of all CASODEX and placebo-treated patients, respectively, had experienced objective disease progression.</s>
<s id="s453.1">A reduction in risk of objective disease progression was seen across most patient groups but was most evident in those at highest risk of disease progression.</s>
<s id="s453.2">Therefore, clinicians may decide that the optimum medical strategy for a patient at low risk of disease progression, particularly in the adjuvant setting following radical prostatectomy, may be to defer hormonal therapy until signs that the disease is progressing.</s>
<s id="s454.1">No overall survival difference was seen at 7.4 years median follow up with 22.9% mortality (HR=0.99; 95% CI 0.91 to1.09).</s>
<s id="s454.2">However, some trends were apparent in exploratory subgroup analyses.</s>
<s id="s455.1">Progression-free survival and overall survival data for patients with locally advanced disease are summarised in the following tables:</s>
<s id="s456.1">Table 1</s>
<s id="s457.1">Progression-free survival in locally advanced disease by therapy sub-group</s>
<s id="s458.1">Analysis population</s>
<s id="s459.1">Events (%) in Events (%) in placebo Hazard ratio CASODEX patients patients (95% CI)</s>
<s id="s460.1">Watchful waiting Radiotherapy</s>
<s id="s461.1">193/ 335 (57.6) 222/ 322 (68.9) 0.60 (0.49 to 0.73) 66/ 161 (41.0) 86/ 144 (59.7) 0.56 (0.40 to 0.78)</s>
<s id="s462.1">Radical prostatectomy</s>
<s id="s463.1">179/ 870 (20.6)</s>
<s id="s464.1">213/ 849 (25.1)</s>
<s id="s465.1">0.75 (0.61 to 0.91)</s>
<s id="s466.1">Table 2</s>
<s id="s467.1">Overall survival in locally advanced disease by therapy sub-group</s>
<s id="s468.1">Analysis population</s>
<s id="s469.1">Deaths (%) in Deaths (%) in placebo Hazard ratio CASODEX patients patients (95% CI)</s>
<s id="s470.1">Watchful waiting Radiotherapy</s>
<s id="s471.1">164/ 335 (49.0) 183/ 322 (56.8) 0.81 (0.66 to 1.01) 49/ 161 (30.4) 61/ 144 (42.4) 0.65 (0.44 to 0.95)</s>
<s id="s472.1">Radical prostatectomy</s>
<s id="s473.1">137/ 870 (15.7)</s>
<s id="s474.1">122/ 849 (14.4)</s>
<s id="s475.1">1.09 (0.85 to 1.39)</s>
<s id="s476.1">For patients with localised disease receiving CASODEX alone, there was no significant difference in progression free survival.</s>
<s id="s476.2">In these patients there was also a trend toward decreased survival compared with</s>
<s id="s477.1">16 placebo patients (HR=1.16; 95% CI 0.99 to 1.37).</s>
<s id="s477.2">In view of this, the benefit-risk profile for the use of CASODEX is not considered favourable in this group of patients.</s>
<s id="s478.1">[…..]</s>
<s id="s479.1">17 ANNEX IV</s>
<s id="s480.1">CONDITIONS OF THE MARKETING AUTHORISATION</s>
<s id="s481.1">18 National Competent Authorities (NCA), coordinated by the Reference Member State (RMS), shall ensure that the following conditions are fulfilled by the Marketing Authorisation Holders:</s>
<s id="s482.1">- A new pharmacoepidemiological study(ies) should be undertaken to get a better understanding of</s>
<s id="s483.1">cardiovascular risk.</s>
<s id="s483.2">The aim of the study should be to estimate the incidence of heart failure, cardiovascular morbidity and mortality in patients with prostate cancer, compared to the general population.</s>
<s id="s483.3">Further, the study should include prostate cancer subgroups to include those on bicalutamide, and those treated with LHRH analogues, orchidectomy, and other hormonal therapies.</s>
<s id="s483.4">The results should be reported to the RMS and the NCAs where bicalutamide 150 mg is authorised.</s>
<s id="s484.1">- The outcome of the 4th analysis of the EPC data should be provided to the RMS and the NCAs where</s>
<s id="s485.1">bicalutamide 150 mg is authorised.</s>
<s id="s486.1">- For all MAHs, in addition to routine pharmacovigilance activities, identified and potential risks</s>
<s id="s487.1">highlighted for increased monitoring and follow-up should include:</s>
<s id="s488.1">Heart failure Hepatic failure Interstitial lung disease Breast cancer Reports concerning pregnancy in partners of patients taking bicalutamide</s>
<s id="s489.1">19</s>
</body>
</letsmt>
