<?xml version="1.0" encoding="utf-8"?>
<letsmt version="1.0">
<head></head>
<body>
<s id="s1.1">ANNEX I</s>
<s id="s2.1">LIST OF THE NAMES, PHARMACEUTICAL FORMS, STRENGTHS OF THE MEDICINAL PRODUCTS, ROUTE OF ADMINISTRATION, APPLICANTS AND MARKETING AUTHORISATION HOLDERS IN THE MEMBER STATES Member State</s>
<s id="s3.1">Marketing Authorisation Holder</s>
<s id="s4.1">Applicant</s>
<s id="s5.1">(Invented) Name</s>
<s id="s6.1">Strength *</s>
<s id="s7.1">Pharmaceutical form</s>
<s id="s8.1">Route of administration</s>
<s id="s9.1">Content (concentration)</s>
<s id="s10.1">United Kingdo m</s>
<s id="s11.1">SmithKline Beecham PLC, 980 Great West Road, Brentford, Middlesex TW8 9GS United Kingdom</s>
<s id="s12.1">Menitorix</s>
<s id="s13.1">5 µg Hib PRP + 12.5 µg TT + 5 µg MenC PSC + 5 µg TT</s>
<s id="s14.1">powder and solvent for solution for injection</s>
<s id="s15.1">intramuscular injection</s>
<s id="s16.1">0.5ml</s>
<s id="s17.1">Belgium</s>
<s id="s18.1">GlaxoSmithkline Biologicals S. A., 89 rue de l'Institut, B-1330 Rixensart, Belgium</s>
<s id="s19.1">Menitorix</s>
<s id="s20.1">5 µg Hib PRP + 12.5 µg TT + 5 µg MenC PSC + 5 µg TT</s>
<s id="s21.1">powder and solvent for solution for injection</s>
<s id="s22.1">intramuscular injection</s>
<s id="s23.1">0.5 ml</s>
<s id="s24.1">Greece</s>
<s id="s25.1">GlaxoSmithkline Α .Ε .Β .Ε.</s>
<s id="s25.2">266 Leof.</s>
<s id="s25.3">Kifisias, 152 32 Halandri Greece</s>
<s id="s26.1">Menitorix</s>
<s id="s27.1">5 µg Hib PRP + 12.5 µg TT + 5 µg MenC PSC + 5 µg TT</s>
<s id="s28.1">powder and solvent for solution for injection</s>
<s id="s29.1">intramuscular injection</s>
<s id="s30.1">0.5 ml</s>
<s id="s31.1">Ireland</s>
<s id="s32.1">GlaxoSmithKline (Ireland) Ltd.</s>
<s id="s32.2">Stonemasons Way, Rathfarnham, Dublin 16 Ireland</s>
<s id="s33.1">Menitorix</s>
<s id="s34.1">5 µg Hib PRP + 12.5 µg TT + 5 µg MenC PSC + 5 µg TT</s>
<s id="s35.1">powder and solvent for solution for injection</s>
<s id="s36.1">intramuscular injection</s>
<s id="s37.1">0.5 ml</s>
<s id="s38.1">Poland</s>
<s id="s39.1">SmithKline Beecham plc 980 Great West Road, Brentford, Middlesex TW8 9GS, United Kingdom</s>
<s id="s40.1">Menitorix</s>
<s id="s41.1">5 µg Hib PRP + 12.5 µg TT + 5 µg MenC PSC + 5 µg TT</s>
<s id="s42.1">powder and solvent for solution for injection</s>
<s id="s43.1">intramuscular injection</s>
<s id="s44.1">0.5 ml</s>
<s id="s45.1">Spain</s>
<s id="s46.1">GlaxoSmithKline, S. A Severo Ochoa, 2 Tres Cantos, Madrid Spain</s>
<s id="s47.1">Menitorix</s>
<s id="s48.1">5 µg Hib PRP + 12.5 µg TT + 5 µg MenC PSC + 5 µg TT</s>
<s id="s49.1">powder and solvent for solution for injection</s>
<s id="s50.1">intramuscular injection</s>
<s id="s51.1">0.5 ml</s>
<s id="s52.1">* Hib PRP - Haemophilus influenzae type B polyribosylribitol phosphate TT - tetanus toxoid MenC PSC - Neisseria meningitidis serogroup C polysaccharide</s>
<s id="s53.1">2 ANNEX II</s>
<s id="s54.1">SCIENTIFIC CONCLUSIONS AND GROUNDS FOR AMENDMENT OF THE SUMMARY OF PRODUCT CHARACTERISTICS, LABELLING AND PACKAGE LEAFLET PRESENTED BY THE EMEA</s>
<s id="s55.1">3 SCIENTIFIC CONCLUSIONS</s>
<s id="s56.1">OVERALL SUMMARY OF THE SCIENTIFIC EVALUATION OF MENITORIX</s>
<s id="s57.1">Menitorix is a freeze-dried vaccine preparation consisting of 5µg of the purified H. influenzae type b capsular polysaccharide, polyribosylribitol phosphate (PRP) and 5µg of the meningococcal capsular polysaccharide of group C (PSC) both directly conjugated to tetanus toxoid (TT) carrier protein.</s>
<s id="s57.2">The product is used for the active immunization of infants from the age of 2 months and toddlers up to the age of 2 years for the prevention of invasive diseases caused by Haemophilus influenzae type b (Hib) and Neisseria meningitidis group C (MenC) and is administered by intramuscular injection.</s>
<s id="s58.1">The Applicant/ MAH submitted an application for a Marketing Authorisation through the mutual recognition procedure for Menitorix on the basis of the marketing authorisation granted by the UK.</s>
<s id="s58.2">The referral procedure was initiated with UK as the reference member state (RMS), due to concerns raised by the concerned member states Greece, Poland and Spain regarding major safety and efficacy issues and the immunological protection correlates, they considered the submitted clinical documentation insufficient to establish the clinical efficacy and safety of Menitorix, considering the product to be an entirely new conjugated, bivalent vaccine.</s>
<s id="s58.3">These issues were referred to the CHMP during the referral procedure under Article 29 of Directive 2001/ 83/ EC, as amended, on 26 April 2007.</s>
<s id="s59.1">Following the initial assessment, the CHMP considered that under the conditions of study, the safety and immunogenicity data provided were adequate to assess the risk-benefit relationship for the use of Menitorix for priming and/ or boosting and could be used to assess the likely protection that will be afforded by the vaccine.</s>
<s id="s59.2">The size of the safety database derived from clinical studies and the similarity of this new vaccine to already licensed products were both reasons to accept the database provided, which is supported by the fact that that the available safety data do not indicate any unusual problems.</s>
<s id="s59.3">However, the CHMP considered that there were concerns regarding the long-term antibody persistence, the adequacy of the safety data set in the light of the CHMP Guideline on Clinical Evaluation of New Vaccines, and the indication of Menitorix for both priming and boosting.</s>
<s id="s59.4">The CHMP adopted a List of Outstanding Issues for the Applicant/ MAH to address and requested the Vaccine Working Party (VWP) to consider the same outstanding issues.</s>
<s id="s59.5">The VWP considered the new submitted data along with the already submitted data and agreed that the safety and immunogenicity data are adequate and satisfactory to support the approval of Menitorix.</s>
<s id="s59.6">The data support the use of Menitorix for priming in infancy and for boosting in the second year of life and for boosting toddlers who have been primed with Menitorix or with other Hib and MenC conjugate vaccines.</s>
<s id="s60.1">In order to discuss the implication for long-term protection against MenC of the 18-month post booster data in study 022, in particular for those receiving primary vaccination with Menitorix, the Applicant/ MAH reviewed the available data relating to antibody titres and vaccine effectiveness after the administration of a single dose of mono-component vaccines in the second year of life.</s>
<s id="s60.2">The data from SPCs, literature and generated during clinical development combined with recent surveillance data from the United Kingdom and Canada suggest that vaccine effectiveness remained high in unprimed subjects who had been vaccinated in their second year of life with a single dose.</s>
<s id="s60.3">Based on the SBA-MenC titres and SBA GMT obtained in studies and because of the effectiveness of single doses of mono-component MenC conjugate vaccines in unprimed toddlers, the Applicant/ MAH concluded that the long-term efficacy of Menitorix will be at least as good, if not better, as that observed in this age group in the UK and Canada.</s>
<s id="s60.4">An ongoing study will generate long-term SBA data while the Applicant/ MAH also committed to monitor antibody persistence for five years in subsequent studies 023, 024, 025 and 026, in line with the “ Note for guidance on clinical investigation of medicinal products in the paediatric population” (CPMP/ ICH/ 2711/ 99).</s>
<s id="s60.5">The CHMP considered that the data suggests that the likely long term protection afforded by Menitorix should not be a cause for concern when used for priming and boosting or for boosting children primed with other MenC conjugate vaccines.</s>
<s id="s60.6">Furthermore the CHMP considers that data on the persistence of SBA titres for up to 5 years after boosting with Menitorix alone cannot predict the</s>
<s id="s61.1">4 longer-term protective effect of vaccination, which can only be estimated by detailed surveillance of disease and therefore agrees with the proposed revised SPC which accurately and comprehensively reflects the extensive body of data that has already been accumulated with respect to the immunity afforded by this vaccine.</s>
<s id="s62.1">In order to further justify the adequacy of the safety database in children primed and/ or boosted with Menitorix, the Applicant/ MAH provided additional data from two recently reported studies, augmenting the total database with an additional 1131 subjects who received a total of 2992 doses of Menitorix.</s>
<s id="s62.2">The new totals are therefore 3293 infants vaccinated with Menitorix either as a primary course or as a booster and 578 infants vaccinated with 1713 doses of closely related Hib-MenC formulations.</s>
<s id="s62.3">The incidence of grade 3 unsolicited symptoms considered to be related to vaccination or booster vaccination in the previously submitted data was very low and similar between study groups.</s>
<s id="s62.4">The two new studies provided similar data.</s>
<s id="s62.5">Menitorix has been used in UK since September 2006 and three 6-monthly PSURs have been issued to date, with reassuringly low reporting rates and no new safety concerns allowing the Applicant/ MAH to conclude that the safety profile is adequately reflected in the Core Safety Information.</s>
<s id="s62.6">However, following several reports of suspected ADRs, section 4.8 of the Menitorix SPC was updated.</s>
<s id="s62.7">The Applicant/ MAH considers that the extent of the total safety database is entirely consistent with the recommendations of the CHMP Guideline on Clinical Evaluation of New Vaccines and is sufficiently large to identify uncommon events.</s>
<s id="s63.1">The CHMP considered that the safety data submitted indicates that the local and systemic AEs observed during clinical studies were as expected in terms of types and rates for a polysaccharide- protein conjugate vaccine and showed similar reactogenicity to other mono-component MenC and Hib vaccines in various clinical studies.</s>
<s id="s63.2">The post-marketing data raised no new concerns and the satisfactory safety profile of the vaccine was supported by the safety data reported in PSUR 3 from use of Menitorix in approximately 0.6 million toddlers as a booster dose for Hib and MenC in the UK.</s>
<s id="s63.3">Therefore, the CHMP considered that the size of the safety database was already satisfactory before provision of the additional clinical study data and that the new information submitted brings the total to well above the minimum suggested in the CHMP guideline.</s>
<s id="s63.4">Overall, the CHMP considers the safety database to be of adequate size and satisfactory in content, supporting the use of Menitorix for priming in infancy and for boosting children in the second year of life who have been primed with Menitorix or with other Hib and MenC conjugate vaccines.</s>
<s id="s64.1">Efficacy and Safety conclusions The immunogenicity data indicates that Menitorix will be at least as effective as the licensed PRP-T and MenC conjugate vaccines when used for priming and/ or for boosting in accordance with the SPC.</s>
<s id="s64.2">Menitorix can be used to boost toddlers primed with this vaccine or with other licensed Hib and MenC conjugate vaccines.</s>
<s id="s64.3">The CHMP considers that under the conditions of study, Menitorix elicits sufficient immune responses to both conjugate components to provide protection that is expected to be at least as good as that of licensed comparators.</s>
<s id="s64.4">The Company has already planned to assess long-term antibody persistence and, to complete this procedure, should formally commit to providing to the relevant national competent authorities for assessment the data from longer-term follow-up of studies 010/ 022 and 013 with anticipated timelines.</s>
<s id="s65.1">The total safety database derived from clinical studies now consists of 3293 infants vaccinated with Menitorix either as a primary course or as a booster and 578 infants vaccinated with 1713 doses of closely related Hib-MenC formulations and therefore exceeds that suggested by the CHMP Guideline for truly new vaccines.</s>
<s id="s65.2">The similarity of Menitorix to already licensed products and the fact that the available safety data do not indicate any unusual problems are both reasons to accept the database provided.</s>
<s id="s65.3">Menitorix-containing regimens were not more reactogenic than the comparative regimens in which the same total range of antigens was administered.</s>
<s id="s65.4">Finally, the post-marketing surveillance data from the UK are reassuring.</s>
<s id="s65.5">The safety and immunogenicity data provided are adequate to establish that the risk-benefit relationship for the use of Menitorix for priming in infancy and/ or boosting in the second year of life is favourable.</s>
<s id="s65.6">The most recent updates to the SPC serve to reflect the total data available thus far.</s>
<s id="s66.1">5 In line with these conclusions, the CHMP regarded Menitorix (GSK Bio) as acceptable for registration.</s>
<s id="s67.1">Based on</s>
<s id="s68.1">- the Rapporteur’ s and Co-Rapporteur’ s assessment reports,</s>
<s id="s69.1">- the Applicant/ MAH response to the CHMP questions,</s>
<s id="s70.1">- the Scientific discussion within the Committee,</s>
<s id="s71.1">the CHMP has recommended granting the Marketing Authorisation for Menitorix, with amendments to the relevant sections of the PI and with commitments to be fulfilled.</s>
<s id="s71.2">The revised Product Information (Summary of Product Characteristics, Labelling and Package Leaflet) is set out in Annex II of the Opinion.</s>
<s id="s71.3">The conditions of the Marketing Authorisation are set out in Annex IV.</s>
<s id="s72.1">6 ANNEX III</s>
<s id="s73.1">SUMMARY OF PRODUCT CHARACTERISTICS, LABELLING AND PACKAGE LEAFLET</s>
<s id="s74.1">7 SUMMARY OF PRODUCT CHARACTERISTICS</s>
<s id="s75.1">8 1.</s>
<s id="s75.2">NAME OF THE MEDICINAL PRODUCT</s>
<s id="s76.1">Menitorix and associated names (see Annex I) powder and solvent for solution for injection Haemophilus type b and Meningococcal group C conjugate vaccine [See Annex I – To be completed nationally]</s>
<s id="s77.1">2.</s>
<s id="s77.2">QUALITATIVE AND QUANTITATIVE COMPOSITION</s>
<s id="s78.1">After reconstitution, each 0.5 ml dose contains:</s>
<s id="s79.1">Haemophilus type b polysaccharide (polyribosylribitol phosphate)</s>
<s id="s80.1">5 micrograms</s>
<s id="s81.1">conjugated to tetanus toxoid as carrier protein Neisseria meningitidis serogroup C (strain C11) polysaccharide conjugated to tetanus toxoid as carrier protein</s>
<s id="s82.1">12.5 micrograms 5 micrograms 5 micrograms</s>
<s id="s83.1">For a full list of excipients, see section 6.1.</s>
<s id="s84.1">3.</s>
<s id="s84.2">PHARMACEUTICAL form</s>
<s id="s85.1">Powder and solvent for solution for injection White powder and a clear colourless solvent.</s>
<s id="s86.1">4.</s>
<s id="s86.2">Clinical particulars</s>
<s id="s87.1">4.1 Therapeutic indications</s>
<s id="s88.1">Active immunization of infants from the age of 2 months and toddlers up to the age of 2 years for the prevention of invasive diseases caused by Haemophilus influenzae type b (Hib) and Neisseria meningitidis group C (MenC).</s>
<s id="s89.1">See also section 4.4.</s>
<s id="s90.1">4.2 Posology and method of administration</s>
<s id="s91.1">Primary vaccination in infants from 2 months up to 12 months of age:</s>
<s id="s92.1">Three doses, each of 0.5 ml, should be given with an interval of at least 1 month between doses.</s>
<s id="s93.1">There are no data on the use of Menitorix for one or two doses of the primary vaccination course and other Hib and/ or MenC conjugate vaccines for other dose(s).</s>
<s id="s93.2">It is recommended that infants who receive Menitorix for the first dose should also receive this vaccine for the second and third doses of the primary vaccination course.</s>
<s id="s94.1">Booster vaccination:</s>
<s id="s95.1">After primary vaccination in infancy, booster doses of Hib and MenC must be administered.</s>
<s id="s95.2">In children who received an acellular pertussis combination vaccine containing Hib in the primary infant immunisation series the Hib booster dose should be given before the age of 2 years.</s>
<s id="s96.1">9 A single (0.5 ml) dose of Menitorix may be used to boost immunity to Hib and MenC in children who have previously completed a primary immunisation series with Menitorix or with other Hib or MenC conjugate vaccines.</s>
<s id="s96.2">The timing of the booster dose should be in accordance with available official recommendations and should usually be from the age of 12 months onwards and before the age of 2 years.</s>
<s id="s96.3">Menitorix is not recommended for use in children above 2 years of age due to a lack of data on safety and efficacy.</s>
<s id="s97.1">Long-term immunogenicity data following the use of Menitorix as a primary and booster vaccination are not yet available (see section 5.1).</s>
<s id="s98.1">Menitorix should be given by intramuscular injection only, preferably in the anterolateral thigh region.</s>
<s id="s98.2">In children 12 to 24 months of age, the vaccine may be administered in the deltoid region.</s>
<s id="s98.3">(see also sections 4.4 and 4.5)</s>
<s id="s99.1">Menitorix should under no circumstances be administered intravascularly, intradermally or subcutaneously.</s>
<s id="s100.1">4.3 Contraindications</s>
<s id="s101.1">Hypersensitivity to the active substances, including tetanus toxoid, or to any of the excipients (see sections 2 and 6.1).</s>
<s id="s102.1">Hypersensitivity reaction after previous administration of Menitorix.</s>
<s id="s103.1">Acute severe febrile illness.</s>
<s id="s103.2">The presence of a minor infection is not a contraindication for vaccination.</s>
<s id="s104.1">4.4 Special warnings and precautions for use</s>
<s id="s105.1">As with all injectable vaccines, appropriate medical treatment and supervision should always be readily available in case of a rare anaphylactic event following the administration of the vaccine.</s>
<s id="s106.1">Vaccination should be preceded by a review of the medical history (especially with regard to previous vaccination and possible occurrence of undesirable events) and a clinical examination.</s>
<s id="s107.1">The vaccine should be given with caution to individuals with thrombocytopenia or any coagulation disorder.</s>
<s id="s107.2">No data are available on subcutaneous administration of Menitorix, therefore the possibility of any toxicity or reduced efficacy that might occur with this route of administration is unknown.</s>
<s id="s108.1">Menitorix will only confer protection against Haemophilus influenzae type b and Neisseria meningitidis group C.</s>
<s id="s108.2">As for any vaccine, Menitorix may not completely protect against the infections it is intended to prevent in every vaccinated individual There are no data available on administration of Menitorix in toddlers not already primed with Hib and MenC conjugates.</s>
<s id="s109.1">No data are available on the use of Menitorix in immunodeficient subjects.</s>
<s id="s109.2">In individuals with impaired immune responsiveness (whether due to the use of immunosuppressive therapy, a genetic defect, human immunodeficiency virus (HIV) infection, or other causes) a protective immune response to Hib and MenC conjugate vaccines may not be obtained.</s>
<s id="s109.3">Individuals with complement deficiencies and individuals with functional or anatomical asplenia may mount an immune response to Hib and MenC conjugate vaccines; however the degree of protection that would be afforded is unknown.</s>
<s id="s110.1">10 There are no data available on the use of Menitorix in infants who were born prematurely.</s>
<s id="s110.2">Therefore the degree of protection that would be afforded is unknown.</s>
<s id="s111.1">Although symptoms of meningism such as neck pain/ stiffness or photophobia have been reported following administration of other MenC conjugate vaccines, there is no evidence that MenC conjugate vaccines cause meningitis.</s>
<s id="s111.2">Clinical alertness to the possibility of co-incidental meningitis should be maintained.</s>
<s id="s112.1">Immunisation with this vaccine does not substitute for routine tetanus immunisation.</s>
<s id="s113.1">Since Hib capsular polysaccharide antigen is excreted in the urine, a positive urine antigen test can be observed within 1-2 weeks following vaccination.</s>
<s id="s113.2">Other diagnostic tests, not based on the detection of the capsular antigen in urine, should be used to confirm Hib disease during this period.</s>
<s id="s114.1">4.5 Interaction with other medicinal products and other forms of interaction</s>
<s id="s115.1">Menitorix must not be mixed with any other vaccine in the same syringe.</s>
<s id="s116.1">Different injectable vaccines should always be given at different injection sites.</s>
<s id="s117.1">In various studies with licensed monovalent meningococcal group C conjugate vaccines, concomitant administration with combinations containing diphtheria, tetanus and acellular pertussis components (with or without inactivated polio viruses, hepatitis B surface antigen or Hib conjugate [e. g.</s>
<s id="s117.2">DTPa- HBV-IPV-Hib*]), has been shown to result in lower serum bactericidal antibody (SBA) geometric mean titres (GMT) compared to separate administrations or to co-administration with whole cell pertussis vaccines.</s>
<s id="s117.3">The proportions reaching SBA titres of at least 1:8 are not affected.</s>
<s id="s117.4">At present, the potential implications of these observations for the duration of protection are not known.</s>
<s id="s118.1">In clinical trials of primary vaccination series, Menitorix was administered concomitantly (into opposite thighs) with a DTPa-HBV-IPV vaccine.</s>
<s id="s118.2">Responses to all the co-administered antigens were satisfactory and were similar to those achieved in control groups that received DTPa-HBV-IPV-Hib* concomitantly with a MenC conjugate vaccine (MenCC) or DTPa-HBV-IPV* concomitantly with a Hib conjugate vaccine and no MenCC.</s>
<s id="s118.3">The immune response to the Hib and MenC components of Menitorix was only assessed in primary vaccination clinical studies that employed co-administration with DTPa-IPV* or DTPa-HBV-IPV* vaccines.</s>
<s id="s119.1">In a trial of primary vaccination, concomitant administration of an investigational vaccine containing the same amount of conjugated Hib and MenC saccharides as in Menitorix with DTPa-HBV-IPV* and a licensed pneumococcal saccharide conjugated vaccine (the three injections were made into anatomically distant sites) gave similar immune responses to the seven pneumococcal serotypes as achieved in a group that received DTPa-HBV-IPV* concomitantly with Hib (conjugated to tetanus toxoid) and a licensed pneumococcal saccharide conjugated vaccine.</s>
<s id="s120.1">There are no data on concomitant use of Menitorix with whole cell pertussis and oral poliomyelitis vaccines, however, no interference is expected.</s>
<s id="s121.1">In a trial of booster vaccination against Hib and MenC, Menitorix was administered concomitantly (into opposite thighs) with a first dose of combined measles, mumps and rubella (MMR) vaccine.</s>
<s id="s121.2">Compared to the two control groups that received either Menitorix or MMR alone the immune responses to the antigens in both vaccines were not affected by concomitant administration.</s>
<s id="s121.3">See sections 4.8 and 5.1.</s>
<s id="s122.1">*GlaxoSmithKline combination vaccine</s>
<s id="s123.1">11 4.6 Pregnancy and lactation</s>
<s id="s124.1">Menitorix is not intended for use in adults.</s>
<s id="s124.2">Information on the safety of the vaccine when used during pregnancy or lactation is not available.</s>
<s id="s125.1">4.7 Effects on ability to drive and use machines</s>
<s id="s126.1">Not relevant.</s>
<s id="s127.1">4.8 Undesirable effects</s>
<s id="s128.1">• Clinical trials</s>
<s id="s129.1">In clinical trials, Menitorix was administered as a 3-dose primary series (N=1,171) or as a booster (N=991) dose.</s>
<s id="s129.2">When Menitorix was administered as a 3-dose primary vaccination course, a DTPa- HBV-IPV* vaccine (N=796) or a DTPa-IPV vaccine* (N=375) was administered concomitantly.</s>
<s id="s129.3">Adverse reactions occurring during these studies were mostly reported within 48 hours following vaccination.</s>
<s id="s130.1">In two clinical trials (N=578), Menitorix was administered concomitantly with Measles, Mumps, Rubella (MMR) vaccine.</s>
<s id="s130.2">In one of these trials, the incidences of adverse reactions observed in subjects (N=102) who received Menitorix concomitantly with MMR* were similar to those observed in the group who received MMR alone (N=91) or Menitorix alone (N=104).</s>
<s id="s130.3">(See sections 4.5 and 5.1)</s>
<s id="s131.1">Adverse reactions considered as being at least possibly related to vaccination have been categorised by frequency as follows.</s>
<s id="s132.1">Very common (≥ 1/ 10) Common (≥ 1/ 100, &lt; 1/ 10) Uncommon (≥ 1/ 1,000, &lt; 1/ 100) Rare (≥ 1/ 10,000, &lt; 1/ 1,000) Very rare (&lt; 1/ 10,000), not known (cannot be estimated from the available data)</s>
<s id="s133.1">Within each frequency grouping, undesirable effects are presented in order of decreasing seriousness.</s>
<s id="s134.1">Psychiatric disorders: very common: irritability uncommon: crying</s>
<s id="s135.1">Nervous system disorders: very common: drowsiness</s>
<s id="s136.1">Gastrointestinal disorders: very common: appetite lost uncommon: diarrhoea, vomiting</s>
<s id="s137.1">Skin and subcutaneous tissue disorders: uncommon: dermatitis atopic rare: rash</s>
<s id="s138.1">General disorders and administration site conditions: very common: fever (rectal ≥ 38°C), swelling, pain, rednesscommon: injection site reaction uncommon: fever (rectal &gt; 39.5°C), malaise 12 • Post-marketing experience</s>
<s id="s139.1">The following adverse events have been reported after administration of Menitorix:</s>
<s id="s139.2">Allergic reactions (including urticaria and anaphylactoid reactions), lymphadenopathy, dizziness, febrile seizures, hypotonia, headache.</s>
<s id="s140.1">• Other possible side effects:</s>
<s id="s141.1">The following have not been reported in association with administration of Menitorix but have occurred very rarely during routine use of licensed meningococcal group C conjugate vaccines:</s>
<s id="s141.2">Severe skin reactions, collapse or shock-like state (hypotonic-hyporesponsiveness episode), faints, seizures in patients with pre-existing seizure disorders, hypoaesthesia, paraesthesia, relapse of nephrotic syndrome, arthralgia, petechiae and/ or purpura.</s>
<s id="s142.1">*GlaxoSmithKline combination vaccine</s>
<s id="s143.1">4.9 Overdose</s>
<s id="s144.1">No case of overdose has been reported.</s>
<s id="s145.1">5.</s>
<s id="s145.2">PHARMACOLOGICAL PROPERTIES</s>
<s id="s146.1">5.1 Pharmacodynamic properties</s>
<s id="s147.1">Pharmacotherapeutic group: bacterial vaccines ATC code:</s>
<s id="s147.2">J07AG53</s>
<s id="s148.1">Primary vaccination course</s>
<s id="s149.1">Clinical trials have evaluated the antibody responses at one month after two doses and after completion of a 3-dose primary vaccination course of Menitorix (co-administered with DTPa-HBV- IPV or DTPa-IPV vaccines) given at approximately 2, 3, 4 months or 2, 4, 6 months to 814 infants.</s>
<s id="s150.1">Percentages of subjects with antibody titres ≥ assay cut-off one month after primary vaccination with Menitorix co-administered with DTPa-IPV* or DTPa-HBV-IPV* vaccines were as follows:</s>
<s id="s151.1">Antibody</s>
<s id="s152.1">2-3-4 month schedule</s>
<s id="s153.1">After two doses N=93</s>
<s id="s154.1">After three doses N=330†</s>
<s id="s155.1">Anti-PRP rSBA-MenC ≥ 1:8</s>
<s id="s156.1">≥ 0.15 micrograms/ ml ≥ 1 micrograms/ ml GMC (micrograms/ ml) ≥ 1:32 ≥ 1:128 GMT</s>
<s id="s157.1">96.8% 76.3% 3.40 100.0% 98.9% 98.9% 679.6</s>
<s id="s158.1">100.0% 97.3% 11.18 98.8% 97.9% 92.4% 685.5</s>
<s id="s159.1">N= number of subjects with available results %= percentage of subjects with titres equal to or above the cut-off PRP= polyribosylribitol phosphate rSBA-MenC= serum bactericidal antibodies against meningococcal polysaccharide C using rabbit complement GMC or GMT= geometric mean antibody concentration or titre</s>
<s id="s160.1">13 † = subjects ≤ 18 weeks of age at time of third Menitorix dose</s>
<s id="s161.1">Antibody</s>
<s id="s162.1">2-4-6 month schedule</s>
<s id="s163.1">After two doses N=111</s>
<s id="s164.1">After three doses N=111</s>
<s id="s165.1">Anti-PRP rSBA-MenC ≥ 1:8</s>
<s id="s166.1">≥ 0.15 lmicrograms/ ml ≥ 1 micrograms/ ml GMC (micrograms/ ml) ≥ 1:32 ≥ 1:128 GMT</s>
<s id="s167.1">96.4% 74.8% 3.26 100.0% 100.0% 96.4% 847.2</s>
<s id="s168.1">100.0% 97.3% 12.84 100.0% 100.0% 99.1% 2467.1</s>
<s id="s169.1">N= number of subjects with available results %= percentage of subjects with titres equal to or above the cut-off PRP= polyribosylribitol phosphate rSBA-MenC= serum bactericidal antibodies against meningococcal polysaccharide C using rabbit complement GMC or GMT= geometric mean antibody concentration or titre</s>
<s id="s170.1">Antibody persistence has been demonstrated for Hib in three clinical trials (N=217) with 98.2% of subjects having an anti-PRP concentration of ≥ 0.15 microgramsml at 11-18 months of age i. e. at 7-14 months following completion of a 3-dose primary series with Menitorix.</s>
<s id="s171.1">In three clinical trials (N=209), 92.3% of subjects had an SBA-MenC titre ≥ 1/ 8 at 11– 18 months of age, i. e. at 7-14 months following completion of a 3-dose primary series with Menitorix.</s>
<s id="s171.2">All subjects responded immunologically to a challenge dose of 10 µg of unconjugated group C meningococcal polysaccharide with a thirty-three-fold increase in SBA titres demonstrating the immune memory induced by the primary vaccination course.</s>
<s id="s172.1">Booster vaccination</s>
<s id="s173.1">Percentages of subjects with antibody titres ≥ assay cut-off one month after booster vaccination with Menitorix administered alone or co-administered with DTPa-HBV-IPV* vaccine were as follows:</s>
<s id="s174.1">Primary vaccination history</s>
<s id="s175.1">Subjects primed with 3</s>
<s id="s176.1">Subjects primed with 2 doses</s>
<s id="s177.1">Subjects primed with 3</s>
<s id="s178.1">Anti-PRP antibodies</s>
<s id="s179.1">doses</s>
<s id="s180.1">of Menitorix* N=123</s>
<s id="s181.1">of</s>
<s id="s182.1">NeisVac-C** N=167</s>
<s id="s183.1">doses</s>
<s id="s184.1">of Meningitec** or Menjugate** N=96</s>
<s id="s185.1">≥ 0.15 micrograms/ ml</s>
<s id="s186.1">100.0%</s>
<s id="s187.1">100.0%</s>
<s id="s188.1">100.0%</s>
<s id="s189.1">≥ 1 micrograms/ ml</s>
<s id="s190.1">100.0%</s>
<s id="s191.1">98.8%</s>
<s id="s192.1">99.0%</s>
<s id="s193.1">GMC (micrograms/ ml) rSBA-MenC</s>
<s id="s194.1">56.72</s>
<s id="s195.1">77.15</s>
<s id="s196.1">30.27</s>
<s id="s197.1">≥ 1:8 ≥ 1:32 ≥ 1:128 GMT</s>
<s id="s198.1">100.0% 100.0% 99.2% 4172.5</s>
<s id="s199.1">99.4% 99.4% 99.4% 11710.5</s>
<s id="s200.1">98.9% 97.9% 92.6% 685.0</s>
<s id="s201.1">N= number of subjects with available results PRP= polyribosylribitol phospohate</s>
<s id="s202.1">14 rSBA-MenC= serum bactericidal antibodies against meningococcal polysaccharide C using rabbit complement GMC or GMT= geometric mean antibody concentration or titre %= percentage of subjects with titres equal to or above the cut-off *= co-administered with DTPa-HBV-IPV **= co-administered with DTPa-Hib-TT containing vaccines</s>
<s id="s203.1">Percentages of subjects with antibody titres ≥ assay cut-off one month after booster vaccination with Menitorix co-administered with measles-mumps-rubella vaccine (MMR)* were as follows:</s>
<s id="s204.1">Primary vaccination history</s>
<s id="s205.1">Subjects primed with 3 doses of Menitorix* N= 349</s>
<s id="s206.1">Subjects primed with 3 doses of Meningitec + Pediacel N= 115</s>
<s id="s207.1">Subjects primed with 3 doses of licensed Meningitec** or Menjugate** N= 96</s>
<s id="s208.1">Anti-PRP antibodies ≥ 0.15 micrograms/ ml</s>
<s id="s209.1">100%</s>
<s id="s210.1">100%</s>
<s id="s211.1">100%</s>
<s id="s212.1">≥ 1 micrograms/ ml</s>
<s id="s213.1">100%</s>
<s id="s214.1">100%</s>
<s id="s215.1">97.9%</s>
<s id="s216.1">GMC (micrograms/ ml)</s>
<s id="s217.1">93.19</s>
<s id="s218.1">44.27 rSBA-MenC</s>
<s id="s219.1">37.17</s>
<s id="s220.1">≥ 1:8 ≥ 1:32 ≥ 1:128 GMT</s>
<s id="s221.1">99.1% 98.8% 97.7% 2193.7</s>
<s id="s222.1">95.6% 94.7% 86.0% 477.9</s>
<s id="s223.1">98.9% 96.8% 89.5% 670.2</s>
<s id="s224.1">N= number of subjects with available results PRP= polyribosylribitol phospohate rSBA-MenC= serum bactericidal antibodies against meningococcal polysaccharide C using rabbit complement GMC or GMT= geometric mean antibody concentration or titre %= percentage of subjects with titres equal to or above the cut-off *= co-administered with DTPa-IPV vaccines **= co-administered with DTPa-Hib-TT containing vaccines</s>
<s id="s225.1">Antibody levels have been measured at 18 months after the administration of a booster dose of Menitorix at age 14 Months to subjects who had been primed in infancy with either Menitorix at 2, 4 and 6 months of age or with NeisVac-C at 2, 4 months of age (and a DTPa/ Hib containing vaccine at 2, 4, 6 months of age).</s>
<s id="s225.2">SBA-MenC results are available for 177 subjects, anti-PRP results for 178 subjects.</s>
<s id="s225.3">Overall, 92.7% of 177 subjects had SBA-MenC titres of at least 1:8 and 99.4% of the 178 subjects had anti-PRP antibody concentrations of at least 0.15 µg/ ml.</s>
<s id="s225.4">In the Menitorix primed and boosted group 49/ 56 (87.5%) of the subjects had SBA-MenC titers of at least 1:8 and 56/ 56 (100%) had anti-PRP antibody concentrations of at least 0.15 µg/ ml.</s>
<s id="s225.5">In the group primed with NeisVac-C 115/ 121 (95%) had SBA-MenC titers of at least 1:8 and 121/ 122 (99.2%) had anti-PRP antibody concentrations of at least 0.15 µg/ ml.</s>
<s id="s225.6">There were no significant differences between the two groups in the proportions with SBA-MenC titers of at least 1:8 or anti-PRP antibody concentrations of at least 0.15 µg/ ml.</s>
<s id="s226.1">Estimates of vaccine effectiveness from the UK’ s routine immunisation programme (using various quantities of three meningococcal group C conjugate vaccines) covering the period from introduction at the end of 1999 to March 2004 have demonstrated the need for a booster dose after completion of the primary series (three doses administered at 2, 3 and 4 months).</s>
<s id="s226.2">Within one year of completion of</s>
<s id="s227.1">15 the primary series, vaccine effectiveness in the infant cohort was estimated at 93% (95% confidence intervals 67-99%).</s>
<s id="s227.2">However, more than one year after completion of the primary series, there was clear evidence of waning protection.</s>
<s id="s227.3">Estimates of effectiveness based on a small number of cases to date indicate that there may also be waning protection in children who received a single priming dose as toddlers.</s>
<s id="s227.4">Effectiveness in all other age groups (up to 18 years) primed with a single dose has so far remained around 90% or more within and more than one year after vaccination.</s>
<s id="s228.1">*GlaxoSmithKline combination vaccine</s>
<s id="s229.1">5.2 Pharmacokinetic properties</s>
<s id="s230.1">Evaluation of pharmacokinetic properties is not required for vaccines.</s>
<s id="s231.1">5.3 Preclinical safety data</s>
<s id="s232.1">Preclinical data reveal no special hazard for humans based on conventional studies of safety pharmacology and single and repeated dose toxicity studies.</s>
<s id="s233.1">6.</s>
<s id="s233.2">PHARMACEUTICAL PARTICULARS</s>
<s id="s234.1">6.1 List of excipients</s>
<s id="s235.1">Powder:</s>
<s id="s235.2">Trometamol Sucrose</s>
<s id="s236.1">Solvent:</s>
<s id="s236.2">Sodium chloride Water for injections</s>
<s id="s237.1">6.2 Incompatibilities</s>
<s id="s238.1">In the absence of compatibility studies, this medicinal product must not be mixed with other medicinal products.</s>
<s id="s239.1">6.3 Shelf life</s>
<s id="s240.1">3 years.</s>
<s id="s241.1">After reconstitution, the vaccine should be administered promptly or kept in the refrigerator (2°C – 8°C).</s>
<s id="s241.2">If it is not used within 24 hours, it should be discarded.</s>
<s id="s242.1">Experimental data show that the reconstituted vaccine could also be kept to 24 hours at ambient temperature (25°C).</s>
<s id="s242.2">If it is not used within 24 hours, it should be discarded.</s>
<s id="s243.1">6.4 Special precautions for storage</s>
<s id="s244.1">Store in a refrigerator (2°C – 8°C).</s>
<s id="s244.2">Do not freeze Store in the original package in order to protect from light.</s>
<s id="s245.1">16 6.5 Nature and contents of container</s>
<s id="s246.1">Powder in a vial (type I glass) with a stopper (butyl rubber), 0.5 ml of solvent in a pre-filled syringe (type I glass) with a plunger stopper (butyl rubber) with or without separate needles in the following pack sizes:</s>
<s id="s247.1">- pack size of 1 vial of powder plus 1 pre-filled syringe of solvent with 2 separate needles or</s>
<s id="s248.1">without needles</s>
<s id="s249.1">- pack size of 10 vials of powder plus 10 pre-filled syringes of solvent with 2 separate needles or</s>
<s id="s250.1">without needles</s>
<s id="s251.1">Not all pack sizes may be marketed.</s>
<s id="s252.1">6.6 Special precautions for disposal and other handling</s>
<s id="s253.1">The reconstituted vaccine should be inspected visually for any foreign particulate matter and/ or variation of physical aspect prior to administration.</s>
<s id="s253.2">In the event of either being observed, discard the vaccine.</s>
<s id="s254.1">The vaccine must be reconstituted by adding the entire contents of the pre-filled syringe of solvent to the vial containing the powder.</s>
<s id="s254.2">After the addition of the solvent, the mixture should be well shaken until the powder is completely dissolved in the solvent.</s>
<s id="s255.1">The reconstituted vaccine is a clear and colourless solution. Inject the entire contents of the vial.</s>
<s id="s256.1">Any unused product or waste material should be disposed of in accordance with local requirements.</s>
<s id="s257.1">7.</s>
<s id="s257.2">MARKETING AUTHORISATION HOLDER</s>
<s id="s258.1">[See Annex I – To be completed nationally]</s>
<s id="s259.1">8.</s>
<s id="s259.2">MARKETING AUTHORISATION NUMBER(S)</s>
<s id="s260.1">[To be completed nationally]</s>
<s id="s261.1">9.</s>
<s id="s261.2">DATE OF FIRST AUTHORISATION/ RENEWAL OF THE AUTHORISATION</s>
<s id="s262.1">[To be completed nationally]</s>
<s id="s263.1">10.</s>
<s id="s263.2">DATE OF REVISION OF THE TEXT</s>
<s id="s264.1">[To be completed nationally]</s>
<s id="s265.1">17 LABELLING</s>
<s id="s266.1">18 PARTICULARS TO APPEAR ON THE OUTER PACKAGING</s>
<s id="s267.1">1.</s>
<s id="s267.2">NAME OF THE MEDICINAL PRODUCT</s>
<s id="s268.1">Menitorix and associated names (See Annex I) powder and solvent for solution for injection Haemophilus type b and Meningococcal group C conjugate vaccine [See Annex I – To be completed nationally]</s>
<s id="s269.1">2.</s>
<s id="s269.2">STATEMENT OF ACTIVE SUBSTANCE(S)</s>
<s id="s270.1">After reconstitution, 1 dose (0.5 ml) contains:</s>
<s id="s271.1">Haemophilus type b polysaccharide (polyribosylribitol phosphate)</s>
<s id="s272.1">5 micrograms</s>
<s id="s273.1">conjugated to tetanus toxoid as carrier protein Neisseria meningitidis serogroup C (strain C11) polysaccharide conjugated to tetanus toxoid as carrier protein</s>
<s id="s274.1">12.5 micrograms 5 micrograms 5 micrograms</s>
<s id="s275.1">3.</s>
<s id="s275.2">LIST OF EXCIPIENTS</s>
<s id="s276.1">Powder:</s>
<s id="s276.2">Trometamol Sucrose</s>
<s id="s277.1">Solvent:</s>
<s id="s277.2">Sodium chloride Water for injections</s>
<s id="s278.1">4.</s>
<s id="s278.2">PHARMACEUTICAL FORM AND CONTENTS</s>
<s id="s279.1">Powder and solvent for solution for injection 1 vial:</s>
<s id="s279.2">Powder 1 pre-filled syringe:</s>
<s id="s279.3">Solvent 1 dose (0.5 ml)</s>
<s id="s280.1">1 vial:</s>
<s id="s280.2">Powder 1 pre-filled syringe:</s>
<s id="s280.3">Solvent 2 needles 1 dose (0.5 ml)</s>
<s id="s281.1">10 vials:</s>
<s id="s281.2">Powder 10 pre-filled syringes:</s>
<s id="s281.3">Solvent 10 x 1 dose (0.5 ml)</s>
<s id="s282.1">10 vials:</s>
<s id="s282.2">Powder 10 pre-filled syringes:</s>
<s id="s282.3">Solvent 20 Needles 10 x 1 dose (0.5 ml)</s>
<s id="s283.1">19 5.</s>
<s id="s283.2">METHOD AND ROUTE(S) OF ADMINISTRATION</s>
<s id="s284.1">Intramuscular use Read the package leaflet before use Shake well before use</s>
<s id="s285.1">6.</s>
<s id="s285.2">SPECIAL WARNING THAT THE MEDICINAL PRODUCT MUST BE STORED OUT OF THE REACH AND SIGHT OF CHILDREN</s>
<s id="s286.1">Keep out of the reach and sight of children.</s>
<s id="s287.1">7.</s>
<s id="s287.2">OTHER SPECIAL WARNING(S), IF NECESSARY</s>
<s id="s288.1">Do not inject intravenously.</s>
<s id="s289.1">8.</s>
<s id="s289.2">EXPIRY DATE</s>
<s id="s290.1">EXP {MM/ YYYY}</s>
<s id="s291.1">9.</s>
<s id="s291.2">SPECIAL STORAGE CONDITIONS</s>
<s id="s292.1">Store in a refrigerator Do not freeze Store in the original package in order to protect from light</s>
<s id="s293.1">10.</s>
<s id="s293.2">SPECIAL PRECAUTIONS FOR DISPOSAL OF UNUSED MEDICINAL PRODUCTS OR WASTE MATERIALS DERIVED FROM SUCH MEDICINAL PRODUCTS, IF APPROPRIATE</s>
<s id="s294.1">Dispose of in accordance with local regulations.</s>
<s id="s295.1">11.</s>
<s id="s295.2">NAME AND ADDRESS OF THE MARKETING AUTHORISATION HOLDER</s>
<s id="s296.1">[See Annex I – To be completed nationally]</s>
<s id="s297.1">12.</s>
<s id="s297.2">MARKETING AUTHORISATION NUMBER(S)</s>
<s id="s298.1">[To be completed nationally]</s>
<s id="s299.1">13.</s>
<s id="s299.2">BATCH NUMBER</s>
<s id="s300.1">LOT:</s>
<s id="s301.1">20 14.</s>
<s id="s301.2">GENERAL CLASSIFICATION FOR SUPPLY</s>
<s id="s302.1">[To be completed nationally]</s>
<s id="s303.1">Medicinal product subject to medical prescription.</s>
<s id="s304.1">15.</s>
<s id="s304.2">INSTRUCTIONS ON USE</s>
<s id="s305.1">[To be completed nationally]</s>
<s id="s306.1">16.</s>
<s id="s306.2">INFORMATION IN BRAILLE</s>
<s id="s307.1">[To be completed nationally]</s>
<s id="s308.1">21 MINIMUM PARTICULARS TO APPEAR ON SMALL IMMEDIATE PACKAGING UNITS PRE-FILLED SYRINGE</s>
<s id="s309.1">1.</s>
<s id="s309.2">NAME OF THE MEDICINAL PRODUCT AND ROUTE(S) OF ADMINISTRATION</s>
<s id="s310.1">Menitorix and associated names (see Annex I) solvent for solution for injection [See Annex I – To be completed nationally] I. M.</s>
<s id="s311.1">2.</s>
<s id="s311.2">METHOD OF ADMINISTRATION</s>
<s id="s312.1">3.</s>
<s id="s312.2">EXPIRY DATE</s>
<s id="s313.1">EXP {MM/ YYYY}</s>
<s id="s314.1">4.</s>
<s id="s314.2">BATCH NUMBER</s>
<s id="s315.1">LOT:</s>
<s id="s316.1">5.</s>
<s id="s316.2">CONTENTS BY WEIGHT, BY VOLUME OR BY UNIT</s>
<s id="s317.1">1 dose (0.5 ml)</s>
<s id="s318.1">6.</s>
<s id="s318.2">OTHER</s>
<s id="s319.1">22 MINIMUM PARTICULARS TO APPEAR ON SMALL IMMEDIATE PACKAGING UNITS VIAL</s>
<s id="s320.1">1.</s>
<s id="s320.2">NAME OF THE MEDICINAL PRODUCT AND ROUTE(S) OF ADMINISTRATION</s>
<s id="s321.1">Menitorix and associated names (See Annex I) powder for solution for injection Haemophilus type b and Meningococcal group C conjugate vaccine [See Annex I – To be completed nationally] I. M.</s>
<s id="s322.1">2.</s>
<s id="s322.2">METHOD OF ADMINISTRATION</s>
<s id="s323.1">3.</s>
<s id="s323.2">EXPIRY DATE</s>
<s id="s324.1">EXP {MM/ YYYY}</s>
<s id="s325.1">4.</s>
<s id="s325.2">BATCH NUMBER</s>
<s id="s326.1">LOT:</s>
<s id="s327.1">5.</s>
<s id="s327.2">CONTENTS BY WEIGHT, BY VOLUME OR BY UNIT</s>
<s id="s328.1">1 dose</s>
<s id="s329.1">6.</s>
<s id="s329.2">OTHER</s>
<s id="s330.1">23 PACKAGE LEAFLET</s>
<s id="s331.1">24 PACKAGE LEAFLET:</s>
<s id="s331.2">INFORMATION FOR THE USER</s>
<s id="s332.1">Menitorix and associated names (See Annex I) powder and solvent for solution for injection [See Annex I – To be completed nationally]</s>
<s id="s333.1">Haemophilus type b and Meningococcal group C conjugate vaccine</s>
<s id="s334.1">Read all of this leaflet carefully before your child starts receiving this vaccine.</s>
<s id="s335.1">- Keep this leaflet.</s>
<s id="s335.2">You may need to read it again.</s>
<s id="s336.1">- If you have any further questions, ask your doctor or pharmacist.</s>
<s id="s337.1">- This vaccine has been prescribed for your child.</s>
<s id="s337.2">Do not pass it on to others.</s>
<s id="s338.1">- If any of the side effects gets serious, or if you notice any side effects not listed in this leaflet,</s>
<s id="s339.1">please tell your doctor or pharmacist.</s>
<s id="s340.1">In this leaflet:</s>
<s id="s340.2">1.</s>
<s id="s340.3">What Menitorix is and what it is used for 2.</s>
<s id="s340.4">Before your child receives Menitorix 3.</s>
<s id="s340.5">How Menitorix is given 4.</s>
<s id="s340.6">Possible side effects 5.</s>
<s id="s340.7">How to store Menitorix 6.</s>
<s id="s340.8">Further information</s>
<s id="s341.1">1.</s>
<s id="s341.2">WHAT MENITORIX IS AND WHAT IT IS USED FOR</s>
<s id="s342.1">Menitorix is a vaccine that can be given to children after the age of 2 months up to 2 years to prevent infectious diseases caused by Haemophilus influenzae type b (Hib) and Neisseria meningitidis group C (MenC) bacteria.</s>
<s id="s342.2">The vaccine works by causing the body to produce its own protection (antibodies) against these bacteria.</s>
<s id="s342.3">The vaccine cannot cause Hib and MenC.</s>
<s id="s343.1">• Haemophilus influenzae type b (Hib):</s>
<s id="s343.2">Hib bacteria most frequently cause meningitis (inflammation of the coverings of the brain and spinal cord).</s>
<s id="s343.3">Even after recovery from Hib meningitis there can be complications such as mental retardation, spastic paralysis, deafness or epilepsy.</s>
<s id="s343.4">Hib infection can also cause a life-threatening inflammation of the throat with severe swelling that can cause suffocation.</s>
<s id="s343.5">Less commonly, the bacteria can infect other parts of the body, particularly the lungs (causing pneumonia) and the bones and joints. • Neisseria meningitidis group C (MenC):</s>
<s id="s343.6">Like Hib bacteria, MenC bacteria most frequently cause meningitis.</s>
<s id="s343.7">They may also cause severe blood infections and spread throughout the body.</s>
<s id="s344.1">Vaccination is the best way to protect against diseases caused by these bacteria.</s>
<s id="s344.2">Remember, however, that no vaccine can provide complete, life-long protection in all people vaccinated.</s>
<s id="s344.3">Also, Menitorix can only protect against meningitis and other infections caused by Haemophilus influenzae type b (Hib) and Neisseria meningitidis group C (MenC).</s>
<s id="s344.4">It cannot protect against meningitis caused by other bacteria or viruses, including other types and groups of Haemophilus or Neisseria bacteria.</s>
<s id="s345.1">2.</s>
<s id="s345.2">BEFORE YOUR CHILD RECEIVES MENITORIX</s>
<s id="s346.1">Menitorix should not be given:</s>
<s id="s347.1">• if your child has previously had any allergic reaction to Menitorix, to any Hib or MenC vaccine, to tetanus toxoid or to any other ingredient present in the vaccine (see section 6).</s>
<s id="s347.2">Signs of an allergic reaction may include itchy skin rash, shortness of breath and swelling of the face or tongue.</s>
<s id="s347.3">25 • if your child has a high temperature (38oC or above) or a severe infection.</s>
<s id="s347.4">It is usual to wait until the child is better before giving the vaccine.</s>
<s id="s347.5">A minor infection such as a cold should not be a problem but talk to your doctor or nurse first.</s>
<s id="s348.1">Remember that the first dose of Menitorix should not be given before your child is 2 months of age.</s>
<s id="s349.1">Take special care with Menitorix:</s>
<s id="s350.1">• if your child has a bleeding problem or bruises easily. • if your child takes medicines or has any treatment which may affect the immune system.</s>
<s id="s350.2">Also, if your child has HIV infection or any other illness that can reduce his or her immunity to infections.</s>
<s id="s350.3">Your child can still be given Menitorix if your doctor or nurse advises it but your child may not develop as good protection against Hib and MenC infections as other children. • if your child was born prematurely (before 37 weeks).</s>
<s id="s350.4">Menitorix can be given from the age of 2 months after birth onwards but it is not known if protection against Hib and MenC will be as good as in children born at term.</s>
<s id="s351.1">In the first 1-2 weeks after a dose of Menitorix it is possible that urine tests to detect Hib infection could give the wrong (false positive) results.</s>
<s id="s352.1">Using other medicines or vaccines</s>
<s id="s353.1">Please tell your doctor if your child is taking or has recently taken any other medicines, including medicines obtained without a prescription or has recently received any other vaccine.</s>
<s id="s354.1">Menitorix can be given at the same time as vaccines intended to protect against one or more of diphtheria, tetanus, whooping cough, polio, hepatitis B, pneumococcal conjugate vaccine and combined vaccines against measles, mumps and rubella (MMR).</s>
<s id="s354.2">Any other vaccines that are given at the same time as Menitorix will be injected separately at different parts of the body.</s>
<s id="s354.3">Although Menitorix contains tetanus toxoid (inactivated bacterial toxin), which is used to immunise people against tetanus (lockjaw), it is still necessary that your child should receive the recommended childhood vaccinations against tetanus.</s>
<s id="s355.1">3.</s>
<s id="s355.2">HOW MENITORIX IS GIVEN</s>
<s id="s356.1">Each dose of Menitorix is a single injection of half a millilitre (0.5 ml).</s>
<s id="s356.2">The nurse or doctor will give Menitorix as an injection into the muscle (usually into the thigh muscle but in toddlers the arm muscle can be used) and will make sure that the vaccine is not given into a blood vessel or into the upper layer of the skin.</s>
<s id="s357.1">If Menitorix is used in infants for the first vaccinations against Hib and MenC:</s>
<s id="s358.1">Your child will receive three doses of Menitorix.</s>
<s id="s358.2">The first dose should not be given before the age of 2 months and there should be a gap of at least four weeks between injections.</s>
<s id="s359.1">If Menitorix is used to boost protection against Hib and MenC:</s>
<s id="s360.1">After the first course of vaccinations against Hib and MenC has been completed a booster dose of Hib and MenC should be given, usually at some time in the second year of life.</s>
<s id="s361.1">Menitorix can be used to boost protection in children who received Menitorix previously or in children who previously received other vaccines against these diseases (including children who received two doses of a MenC vaccine in early life).</s>
<s id="s362.1">26 If your child receives more Menitorix than he/ she should It is very unlikely that your child will receive too much or too little vaccine because each dose is provided in a separate vial and the vaccine is given by a doctor or nurse.</s>
<s id="s362.2">If you are concerned about the dose or doses that have been given, please talk to your doctor or nurse.</s>
<s id="s363.1">If you forget to take your child for vaccination with Menitorix Your doctor or nurse will advise when your child should attend for these injections.</s>
<s id="s363.2">If you miss an appointment, it is very important that you contact the surgery or clinic and make a new appointment for your child to have the missed dose or doses as soon as possible.</s>
<s id="s364.1">4.</s>
<s id="s364.2">POSSIBLE SIDE EFFECTS</s>
<s id="s365.1">Like all medicines, Menitorix can cause side effects, although not everybody gets them.</s>
<s id="s366.1">Severe allergic reactions can occur to any vaccine but they are very rare and are usually seen in less than 1 in 10,000 people who are vaccinated.</s>
<s id="s366.2">Your child may be asked to stay in the surgery or vaccination area for a short time after vaccination to check that he or she does not have an immediate allergic reaction.</s>
<s id="s366.3">Tell the doctor or nurse immediately if your child develops a rash (which may be raised or lumpy), tightness of the throat, swelling of the face or neck or shortness of breath.</s>
<s id="s366.4">Other possible symptoms of a severe allergic reaction include a drop in blood pressure and unconsciousness.</s>
<s id="s366.5">It is very important that your child has immediate medical treatment for any severe allergic reaction.</s>
<s id="s366.6">If the symptoms start after you have left the clinic, you should get medical help as soon as possible (for example, go to the nearest accident and emergency department).</s>
<s id="s367.1">In clinical trials that involved giving Menitorix for the first vaccinations against Hib and MenC or to boost protection against these diseases the side effects that occurred after vaccination were:</s>
<s id="s368.1">♦ Very common (in more than 1 per 10 doses of vaccine) • Pain, redness or swelling at the site of the injection • Fever (temperature of 38oC or above) • Irritability • Loss of appetite • Sleepiness</s>
<s id="s369.1">♦ Uncommon (in less than 1 per 100 but more than 1 per 1,000 doses of vaccine) • Crying • Diarrhoea • Being sick • Generally feeling unwell • Fever of 39.5°C or above</s>
<s id="s370.1">♦ Rare (in less than 1 per 1,000 but more than 1 per 10,000 doses of vaccine) • Rash</s>
<s id="s371.1">Other side effects which have occurred very rarely (in less than 1 per 10,000 doses of vaccine) in the days or weeks after vaccination with Menitorix include:</s>
<s id="s371.2">Allergic reactions (these can be recognised by itchy rash of the hands and feet, swelling of the eyes and face, difficulty in breathing or swallowing), swelling of the glands, dizziness, convulsions (fits) with high temperature, unusual muscle slackness, headache.</s>
<s id="s372.1">Some other side effects have been reported very rarely (in less than 1 per 10,000 doses of vaccine) in children who have received other MenC containing vaccines.</s>
<s id="s372.2">They include:</s>
<s id="s372.3">Collapse or shock, the child not responding to his or her parents for a time after vaccination, fainting, convulsions in</s>
<s id="s373.1">27 children who have had them before, lack of sensation or an increased sensation (for example pain, pins and needles or itching at the injection site), joint pain, or purple spots or patches under the skin.</s>
<s id="s374.1">This vaccine cannot cause MenC or Hib infections.</s>
<s id="s374.2">If your child experiences neck pain, neck stiffness or a dislike of light (photophobia), drowsiness or confusion, or red or purple bruise-like spots that do not fade under pressure you should contact your doctor or local accident and emergency department immediately to rule out other causes.</s>
<s id="s375.1">If you have previously been told by your doctor that your child suffers from nephrotic syndrome (a kidney disease which may result in swelling, particularly around the face or eyes, protein in the urine making it appear frothy and/ or weight gain) there may be an increased chance that this condition will reoccur within a few months after vaccination.</s>
<s id="s375.2">You should tell your doctor if you notice similar symptoms in your child after vaccination.</s>
<s id="s376.1">If any of the side effects gets serious, or if you notice any side effects not listed in this leaflet, please tell your doctor or pharmacist.</s>
<s id="s377.1">5.</s>
<s id="s377.2">HOW TO STORE MENITORIX</s>
<s id="s378.1">Keep out of the reach and sight of children.</s>
<s id="s379.1">Do not use Menitorix after the expiry date which is stated on the carton.</s>
<s id="s379.2">The expiry date refers to the last day of that month.</s>
<s id="s380.1">Store in a refrigerator (2°C – 8°C).</s>
<s id="s380.2">Do not freeze.</s>
<s id="s380.3">Store in the original package in order to protect from light.</s>
<s id="s381.1">Medicines should not be disposed of via wastewater or household waste.</s>
<s id="s381.2">Ask your pharmacist how to dispose of medicines no longer required.</s>
<s id="s381.3">These measures will help to protect the environment.</s>
<s id="s382.1">6.</s>
<s id="s382.2">FURTHER INFORMATION</s>
<s id="s383.1">What Menitorix contains</s>
<s id="s384.1">- The active substances are:</s>
<s id="s385.1">Haemophilus type b polysaccharide</s>
<s id="s386.1">(polyribosylribitol phosphate)</s>
<s id="s387.1">5 micrograms</s>
<s id="s388.1">conjugated to tetanus toxoid as carrier protein Neisseria meningitidis serogroup C (strain C11) polysaccharide conjugated to tetanus toxoid as carrier protein</s>
<s id="s389.1">12.5 micrograms 5 micrograms 5 micrograms</s>
<s id="s390.1">-</s>
<s id="s391.1">The other ingredients are:</s>
<s id="s391.2">Powder: trometamol, sucrose Solvent: sodium chloride, water for injections.</s>
<s id="s392.1">What Menitorix looks like and contents of the pack</s>
<s id="s393.1">Menitorix is supplied as a white powder of Hib-MenC vaccine in a glass vial, together with half a millilitre (0.5 ml) of clear colourless sodium chloride solvent in a pre-filled syringe for a 1 dose vaccine.</s>
<s id="s393.2">This powder is dissolved in the solvent provided, just before injection.</s>
<s id="s394.1">Menitorix is available in packs of 1 or 10 with 2 separate needles or without needles.</s>
<s id="s395.1">28 Not all pack sizes may be marketed.</s>
<s id="s396.1">Marketing Authorisation Holder</s>
<s id="s397.1">[See Annex I – To be completed nationally]</s>
<s id="s398.1">Manufacturer GlaxoSmithKline Biologicals s. a.</s>
<s id="s398.2">Rue de l’ Institut 89 B-1330 Rixensart Belgium</s>
<s id="s399.1">This medicinal product is authorised in the Member States of the EEA under the following names:</s>
<s id="s400.1">United Kingdom</s>
<s id="s401.1">Menitorix</s>
<s id="s402.1">This leaflet was last approved in {MM/ YYYY}</s>
<s id="s403.1">[To be completed nationally]</s>
<s id="s404.1">Detailed information on this medicine is available on the web site of:</s>
<s id="s405.1">[To be completed nationally]</s>
<s id="s406.1">--------------------------------------------------------------------------------------------------------------------------- -- The following information is intended for medical or healthcare professionals only:</s>
<s id="s407.1">The reconstituted vaccine should be inspected visually for any foreign particulate matter and/ or variation of physical aspect prior to administration.</s>
<s id="s407.2">In the event of either being observed, discard the vaccine.</s>
<s id="s408.1">The vaccine must be reconstituted by adding the entire contents of the pre-filled syringe of solvent to the vial containing the powder.</s>
<s id="s408.2">After the addition of the solvent, the mixture should be well shaken until the powder is completely dissolved in the solvent.</s>
<s id="s409.1">Inject the entire contents of the vial.</s>
<s id="s410.1">After reconstitution, the vaccine should be administered promptly or kept in the refrigerator (2°C – 8°C).</s>
<s id="s410.2">If it is not used within 24 hours, it should be discarded.</s>
<s id="s411.1">Experimental data show that the reconstituted vaccine could also be kept to 24 hours at ambient temperature (25°C).</s>
<s id="s411.2">If it is not used within 24 hours, it should be discarded.</s>
<s id="s412.1">Any unused product or waste material should be disposed of in accordance with local requirements.</s>
<s id="s413.1">29 ANNEX IV</s>
<s id="s414.1">CONDITIONS OF THE MARKETING AUTHORISATION</s>
<s id="s415.1">30 The National Competent Authorities, coordinated by the Reference Member State, shall ensure that the following conditions are fulfilled by the Marketing Authorisation Holders:</s>
<s id="s416.1">The Applicant/ MAH is requested to commit to submitting for assessment, to the relevant national competent authorities, the results from the long-term antibody persistence data from the ongoing studies with Menitorix i. e. subjects from booster studies 013 and 022 are being followed up for antibody persistence as follows: o Over 4 years of follow up of subjects from study 013 in studies 027, 028 and 029. o Five years follow-up from 010/ 022 in subsequent studies 023, 024, 025 and 026.</s>
<s id="s417.1">31</s>
</body>
</letsmt>
