<?xml version="1.0" encoding="utf-8"?>
<letsmt version="1.0">
<head></head>
<body>
<s id="s1.1">ANNEX I</s>
<s id="s2.1">LIST OF THE NAMES, PHARMACEUTICAL FORM, STRENGTH OF THE MEDICINAL PRODUCTS, ROUTE OF ADMINISTRATION, APPLICANTS IN THE MEMBER STATES</s>
<s id="s3.1">1 Member State EU/ EEA</s>
<s id="s4.1">Marketing Authorisation Holder</s>
<s id="s5.1">Applicant</s>
<s id="s6.1">(Invented) Name</s>
<s id="s7.1">Strength</s>
<s id="s8.1">Pharmaceutical Form</s>
<s id="s9.1">Route of administration</s>
<s id="s10.1">Content (concentration)</s>
<s id="s11.1">Hexal AG</s>
<s id="s12.1">Salbutamol Sandoz</s>
<s id="s13.1">Pressurised</s>
<s id="s14.1">Belgium</s>
<s id="s15.1">Industriestr.</s>
<s id="s15.2">25 83607 Holzkirchen Germany</s>
<s id="s16.1">100µg Aërosol, suspensie</s>
<s id="s17.1">100 μ g/ dose</s>
<s id="s18.1">inhalation, suspension</s>
<s id="s19.1">Inhalation use</s>
<s id="s20.1">Hexal AG</s>
<s id="s21.1">Salbutamol Sandoz</s>
<s id="s22.1">Pressurised</s>
<s id="s23.1">Denmark</s>
<s id="s24.1">Industriestr.</s>
<s id="s24.2">25 83607 Holzkirchen Germany</s>
<s id="s25.1">100 μ g/ dose</s>
<s id="s26.1">inhalation, suspension</s>
<s id="s27.1">Inhalation use</s>
<s id="s28.1">Hexal AG</s>
<s id="s29.1">Salbutamol Sandoz</s>
<s id="s30.1">Pressurised</s>
<s id="s31.1">Estonia</s>
<s id="s32.1">Industriestr.</s>
<s id="s32.2">25 83607 Holzkirchen Germany</s>
<s id="s33.1">100 mikrogrammi/ annuses</s>
<s id="s34.1">100 μ g/ dose</s>
<s id="s35.1">inhalation, suspension</s>
<s id="s36.1">Inhalation use</s>
<s id="s37.1">Hexal AG</s>
<s id="s38.1">Salbutamol Sandoz</s>
<s id="s39.1">Pressurised</s>
<s id="s40.1">Finland</s>
<s id="s41.1">Industriestr.</s>
<s id="s41.2">25 83607 Holzkirchen Germany</s>
<s id="s42.1">100 μ g/ dose</s>
<s id="s43.1">inhalation, suspension</s>
<s id="s44.1">Inhalation use</s>
<s id="s45.1">Hexal AG</s>
<s id="s46.1">Salbutamol Sandoz</s>
<s id="s47.1">Pressurised</s>
<s id="s48.1">Germany</s>
<s id="s49.1">Industriestr.</s>
<s id="s49.2">25 83607 Holzkirchen</s>
<s id="s50.1">100 mikrogramm Dosieraerosol</s>
<s id="s51.1">100 μ g/ dose</s>
<s id="s52.1">inhalation, suspension</s>
<s id="s53.1">Inhalation use</s>
<s id="s54.1">Germany</s>
<s id="s55.1">Druckgas-inhalation, Suspension</s>
<s id="s56.1">SANDOZ GmbH</s>
<s id="s57.1">Salbutamol/</s>
<s id="s58.1">Pressurised</s>
<s id="s59.1">Greece</s>
<s id="s60.1">Biochemiestrasse 10 A-6250 Kundl Austria</s>
<s id="s61.1">Sandoz</s>
<s id="s62.1">100 μ g/ dose</s>
<s id="s63.1">inhalation, suspension</s>
<s id="s64.1">Inhalation use</s>
<s id="s65.1">Hexal AG</s>
<s id="s66.1">Salbutamol Sandoz</s>
<s id="s67.1">Pressurised</s>
<s id="s68.1">Hungary</s>
<s id="s69.1">Industriestr.</s>
<s id="s69.2">25 83607 Holzkirchen Germany</s>
<s id="s70.1">100 µg túlnyomásos inhalációs szuszpenzió</s>
<s id="s71.1">100 μ g/ dose</s>
<s id="s72.1">inhalation, suspension</s>
<s id="s73.1">Inhalation use</s>
<s id="s74.1">Hexal AG</s>
<s id="s75.1">Salbutamolo Sandoz</s>
<s id="s76.1">Pressurised</s>
<s id="s77.1">2 Member State EU/ EEA</s>
<s id="s78.1">Marketing Authorisation Holder</s>
<s id="s79.1">Applicant</s>
<s id="s80.1">(Invented) Name</s>
<s id="s81.1">Strength</s>
<s id="s82.1">Pharmaceutical Form</s>
<s id="s83.1">Route of administration</s>
<s id="s84.1">Content (concentration)</s>
<s id="s85.1">Italy</s>
<s id="s86.1">Industriestr.</s>
<s id="s86.2">25 83607 Holzkirchen Germany</s>
<s id="s87.1">100 μ g/ dose</s>
<s id="s88.1">inhalation, suspension</s>
<s id="s89.1">Inhalation use</s>
<s id="s90.1">Hexal AG</s>
<s id="s91.1">Salbutamol Sandoz</s>
<s id="s92.1">Pressurised</s>
<s id="s93.1">Latvia</s>
<s id="s94.1">Industriestr.</s>
<s id="s94.2">25 83607 Holzkirchen Germany</s>
<s id="s95.1">100 μ g/ dose</s>
<s id="s96.1">inhalation, suspension</s>
<s id="s97.1">Inhalation use</s>
<s id="s98.1">Hexal AG</s>
<s id="s99.1">Salbutamol Sandoz</s>
<s id="s100.1">Pressurised</s>
<s id="s101.1">Lithuania</s>
<s id="s102.1">Industriestr.</s>
<s id="s102.2">25 83607 Holzkirchen Germany</s>
<s id="s103.1">100 μ g/ dose</s>
<s id="s104.1">inhalation, suspension</s>
<s id="s105.1">Inhalation use</s>
<s id="s106.1">Hexal AG</s>
<s id="s107.1">Salbutamol Sandoz</s>
<s id="s108.1">Pressurised</s>
<s id="s109.1">Netherlands</s>
<s id="s110.1">Industriestr.</s>
<s id="s110.2">25</s>
<s id="s111.1">aërosol 100 µg/ dosis,</s>
<s id="s112.1">100 μ g/ dose</s>
<s id="s113.1">inhalation,</s>
<s id="s114.1">Inhalation use</s>
<s id="s115.1">83607 Holzkirchen Germany</s>
<s id="s116.1">aërosol, suspensie 100 microgram per dosis</s>
<s id="s117.1">suspension</s>
<s id="s118.1">Hexal AG</s>
<s id="s119.1">Salbutamol Sandoz</s>
<s id="s120.1">Pressurised</s>
<s id="s121.1">Norway</s>
<s id="s122.1">Industriestr.</s>
<s id="s122.2">25 83607 Holzkirchen Germany</s>
<s id="s123.1">100 μ g/ dose</s>
<s id="s124.1">inhalation, suspension</s>
<s id="s125.1">Inhalation use</s>
<s id="s126.1">Hexal AG</s>
<s id="s127.1">SalbuLEK</s>
<s id="s128.1">Pressurised</s>
<s id="s129.1">Poland</s>
<s id="s130.1">Industriestr.</s>
<s id="s130.2">25 83607 Holzkirchen Germany</s>
<s id="s131.1">100 μ g/ dose</s>
<s id="s132.1">inhalation, suspension</s>
<s id="s133.1">Inhalation use</s>
<s id="s134.1">Sandoz Farmacêutica, Lda.</s>
<s id="s135.1">Salbutamol Sandoz</s>
<s id="s136.1">Pressurised</s>
<s id="s137.1">Portugal</s>
<s id="s138.1">Alameda da Beloura - Edifício 1, Piso 2 - Escritório 15 2710-693 Sintra Portugal</s>
<s id="s139.1">100 μ g/ dose</s>
<s id="s140.1">inhalation, suspension</s>
<s id="s141.1">Inhalation use</s>
<s id="s142.1">Hexal AG</s>
<s id="s143.1">Salbutamol Lek 100</s>
<s id="s144.1">Pressurised</s>
<s id="s145.1">Slovenia</s>
<s id="s146.1">Industriestr.</s>
<s id="s146.2">25</s>
<s id="s147.1">mikrogramov</s>
<s id="s148.1">100 μ g/ dose</s>
<s id="s149.1">inhalation,</s>
<s id="s150.1">Inhalation use</s>
<s id="s151.1">3 Member State EU/ EEA</s>
<s id="s152.1">Marketing Authorisation Holder</s>
<s id="s153.1">Applicant</s>
<s id="s154.1">(Invented) Name</s>
<s id="s155.1">Strength</s>
<s id="s156.1">Pharmaceutical Form</s>
<s id="s157.1">Route of administration</s>
<s id="s158.1">Content (concentration)</s>
<s id="s159.1">83607 Holzkirchen Germany</s>
<s id="s160.1">inhalacijska suspenzija pod tlakom</s>
<s id="s161.1">suspension</s>
<s id="s162.1">Hexal AG</s>
<s id="s163.1">Salbutamol Sandoz</s>
<s id="s164.1">Pressurised</s>
<s id="s165.1">Spain</s>
<s id="s166.1">Industriestr.</s>
<s id="s166.2">25 83607 Holzkirchen Germany</s>
<s id="s167.1">100 mcg/ dosis suspensión para inhalación en envase a presción EFG</s>
<s id="s168.1">100 μ g/ dose</s>
<s id="s169.1">inhalation, suspension</s>
<s id="s170.1">Inhalation use</s>
<s id="s171.1">Hexal AG</s>
<s id="s172.1">Sabumalin</s>
<s id="s173.1">Pressurised</s>
<s id="s174.1">Sweden</s>
<s id="s175.1">Industriestr.</s>
<s id="s175.2">25 83607 Holzkirchen Germany</s>
<s id="s176.1">100 μ g/ dose</s>
<s id="s177.1">inhalation, suspension</s>
<s id="s178.1">Inhalation use</s>
<s id="s179.1">Sandoz Ltd</s>
<s id="s180.1">Salbutamol 100</s>
<s id="s181.1">Pressurised</s>
<s id="s182.1">United Kingdom</s>
<s id="s183.1">Woolmer Way Bordon Hants GU35 9QE United Kingdom</s>
<s id="s184.1">microgram per actuation pressurised inhalation, suspension</s>
<s id="s185.1">100 μ g/ dose</s>
<s id="s186.1">inhalation, suspension</s>
<s id="s187.1">Inhalation use</s>
<s id="s188.1">4 ANNEX II</s>
<s id="s189.1">SCIENTIFIC CONCLUSIONS</s>
<s id="s190.1">5 SCIENTIFIC CONCLUSIONS</s>
<s id="s191.1">OVERALL SUMMARY OF THE SCIENTIFIC EVALUATION OF SABUMALIN AND ASSOCIATED NAMES (SEE ANNEX I)</s>
<s id="s192.1">Sabumalin is a metered dose aerosol inhaler containing a suspension formulation of salbutamol sulphate 100 µg/ spray, with HFA 134a as propellant.</s>
<s id="s192.2">The marketing applications were submitted as hybrid applications under Article 10(3) of Directive 2001/ 83/ EC and the EU reference product is Sultanol Dosier-Aerosol 100 μ g/ dose, Druckgasinhalation, suspension, (GlaxoSmithKline).</s>
<s id="s192.3">The reference product in SE is Ventoline Evohaler, 0.1 mg/ dose (GlaxoSmithKline AB).</s>
<s id="s192.4">The indication sought is “ Symptomatic treatment of bronchoconstriction due to bronchial asthma, chronic bronchitis, chronic obstructive pulmonary disease (COPD) and emphysema.</s>
<s id="s192.5">Prophylaxis of exercise and allergen induced asthma .” The Applicant submitted pharmaceutical and clinical efficacy and safety documentation, but a number of Member States did not consider the product to be approvable based on the submitted in vitro data only.</s>
<s id="s192.6">Major objections were raised and because the main issues on quality (in vitro equivalence to the reference product) and the insufficiency of the clinical studies could not be resolved, the procedure was referred to CHMP by a number of objecting concerned member states.</s>
<s id="s193.1">Critical Evaluation</s>
<s id="s194.1">The CHMP adopted a List of Questions summarising a number of unresolved issues to be addressed and substantiated by the Applicant.</s>
<s id="s194.2">Following the assessment of the Applicants response to the CHMP List of Questions, the CHMP considered that the presented answers did not support the comparability of the Applicant’ s product to the reference product.</s>
<s id="s194.3">The supplied data on particle size distribution did not allow the prediction of the lung deposition pattern affecting clinical efficacy and safety and the aerodynamic particle size distribution differed significantly between the two products.</s>
<s id="s194.4">The CHMP concluded that the applied product had not shown enough similarity to the reference product to establish therapeutic equivalence with regards to efficacy and safety and therefore adopted a list of seven Outstanding Issues to be addressed by the Applicant.</s>
<s id="s195.1">Question 1- The Applicant should provide the protocol of the in vitro comparisons of the particle size distributions in dry conditions, humid conditions and with spacer where all the relevant information should have been pre-specified, e. g. objective, sample size required to demonstrate equivalence in the predefined pools of stages within a pre-specified acceptance range, the pre-specified batches and the pre-specified statistical methods.</s>
<s id="s195.2">Similarly, the final report of the three comparisons should be provided indicating the study dates, the raw data and the study results with its corresponding QA certificate.</s>
<s id="s196.1">The Applicant stated that no protocol was established before the in vitro comparison but that in house documents with pre-specified criteria were used and that test product batches were subjected to release and stability testing according to protocols from the quality control department.</s>
<s id="s196.2">The Applicant provided single issue specific protocols for test and generic products, demonstrating that the approach for demonstration of in vitro equivalence followed a planned and sound concept.</s>
<s id="s196.3">In addition, the Applicant provided a consolidated final protocol consisting of all single protocols retrospectively combined and a retrospectively combined report from all the corresponding study reports including the raw data and study results.</s>
<s id="s197.1">The CHMP noted the Applicant response, but considered that the data was not analysed according to the methodological requirements for clinical comparison.</s>
<s id="s197.2">The new formal protocol of the performed retrospective analysis and the new final report on the in vitro data indicated that the 90% CI remained outside the 15% or 20% acceptance range for stage 0, stage 1 and stage 2 and within the 20% CI but outside the 15% CI for stage 3 the 90% CI.</s>
<s id="s197.3">The CHMP did not agree that this amount of drug is too small to be relevant and could furthermore not support the Applicant claim that stage 1 is related only to safety.</s>
<s id="s197.4">The pooling method used and the addition of the spacer is likely to mask differences in quality between the two products.</s>
<s id="s197.5">Therefore the CHMP considered in vivo data to be necessary to confirm therapeutic equivalence.</s>
<s id="s198.1">6 Question 2 - The Applicant´s justification of the selected pooling of stages is not acceptable.</s>
<s id="s198.2">The Applicant should justify:</s>
<s id="s199.1">a.</s>
<s id="s199.2">Why the comparison of all the individual stages is not more discriminative to detect differences between formulations that may have clinical relevance b.</s>
<s id="s199.3">Why the particles of 6 µm or up to 8 µm, which are deposited in stage 1, are considered with regards to safety only. c.</s>
<s id="s199.4">The Applicant should discuss why the ranges of particles that are deposited in the large conducting intrathoracic airways are pooled instead of investigating them with the highest accuracy and precision in the large possible number of categories (stages).</s>
<s id="s200.1">The Applicant provided in vitro data to demonstrate the in vitro equivalence between the test product and the reference product and presented justifications for the pooling of the data including a second pooling using the following grouped stages:</s>
<s id="s200.2">Throat separately (oropharyngeal deposition and hence swallowed dose), Pooling 1:</s>
<s id="s200.3">Stage 0, 1, and 2 (large non respirable particles deposited in upper airway, which can be ignored as clinically insignificant), Pooling 2:</s>
<s id="s200.4">Stage 3, 4 and 5 (fine particle dose (FPD) between 1.1 and 4.5 µm, deposited on bronchi and predictive of the in vivo bronchodilator efficacy and of Cmax (early lung bioavailability)) and Pooling 3:</s>
<s id="s200.5">Stage 6, 7, and Filter (reflects extra fine particles deposited in alveoli).</s>
<s id="s200.6">Particles &gt; 4.5 µm are swallowed and contribute by negligible amount to the early systemic bioavailability (as Cmax) and peak adverse events of inhaled salbutamol.</s>
<s id="s200.7">The Applicant stated that the presented in vitro data can be predictive of pharmacokinetic bioequivalence for Cmax and for peak airway and systemic beta-2 adrenoceptor mediated responses, which are mainly determined by lung bioavailability.</s>
<s id="s201.1">a) The Applicant quoted the EMEA draft guideline on orally inhaled products (OIP) which offers the possibility to pool different stages of the Andersen Cascade Impactor.</s>
<s id="s201.2">The particle size is considered to be one of the most significant characteristic influencing deposition in the respiratory tract and can be determined using Cascade Impactor measurements although the in vitro comparison should be performed per impactor stage or justified grouped stages which are relevant to efficacy and safety.</s>
<s id="s201.3">The reason for stage pooling is to become discriminative in terms of lung deposition and the measurement of particle size with an instrument such as an impactor is a way to obtain information on particle size of the aerosolized medication and the particle size distribution.</s>
<s id="s201.4">The amount of salbutamol depositing in the lung or in certain regions of the lung has clinical relevance and therefore single stages of the impactor represent a certain particle size or a size-range which correlates to the site of deposition.</s>
<s id="s201.5">However, for some substances, clinical efficacy and safety is not represented by a specific stage but a range of stages and therefore, comparison of individual stages cannot detect differences between formulations that may have clinical relevance.</s>
<s id="s202.1">b) The Applicant indeed considered that it is the amount of respirable particles &lt; 4.7 µm that will ultimately determine bronchodilator efficacy, particularly for stages 3/ 4/ 5 (i. e. particle size 1.1-4.7 µm) which correspond to bronchial deposition where the airway smooth muscle beta-2 adrenoceptors are located.</s>
<s id="s202.2">The amount of salbutamol impacted on stages comprising throat/ 0/ 1/ 2 are non respirable (i. e. &gt; 4.7 µm) and will correspond to larger particles deposited on the oropharynx (throat stage) and upper airway (stages 0/ 1/ 2).</s>
<s id="s202.3">Pharmacokinetic and pharmacodynamic studies have shown that the swallowed fraction from oropharyngeal depositions contributes a negligible amount to the early systemic bioavailability and peak adverse effects of inhaled salbutamol and that there is only negligible direct absorption from the oropharynx.</s>
<s id="s203.1">c) Pooling of stages is justified based on safety and efficacy, taking into account the particularities of salbutamol and its site of action.</s>
<s id="s203.2">According to the Applicant, a comparison of the results for the different approaches (individual stages 3, 4 and 5 versus pooled stages 3/ 4/ 5) demonstrates that except for stage 3 (below the -15% limit), both approaches lead to comparable results.</s>
<s id="s203.3">The difference for stage 3 amounts to a mean difference of only 3.27% (i. e.</s>
<s id="s203.4">38.17 µg) of the pooled fine particle dose for stages 3/ 4/ 5.</s>
<s id="s203.5">This difference is not expected to be of clinical relevance and the two products are therefore considered to exhibit</s>
<s id="s204.1">7 an equivalent bronchodilator response.</s>
<s id="s204.2">The Applicant concluded that the in vitro data and the negligible clinical relevance of the differences detected were supported by the provided in vivo study.</s>
<s id="s205.1">The CHMP noted the position of the Applicant but considered that this oversimplifies the effect of all generated particles on the respiratory and alimentary tract and that it is difficult to define the role of the individual stages in terms of safety and efficacy, effects such as differences in breathing patterns, aerosol velocity in entering the airways and the shape of the plume must be taken into account.</s>
<s id="s205.2">Furthermore, the CHMP did not agree that particles larger then 6 µm are not relevant for the demonstration of efficacy, as even such large particles may penetrate to the peripheral airways.</s>
<s id="s205.3">The in-vitro data without spacer suggests inferiority in stages 0, 1, 2 and 3 and similarity for stages 4, 5, 6, 7 and the filter stage, which suggests a similar Cmax and a superior AUC or similar AUC if the small amount in stages 0/ 1/ 2 were negligible.</s>
<s id="s205.4">The in vivo bioequivalence study shows an equivalent but statistically significant superiority for the test product for Cmax and a shorter Tmax, indicating that the test product has a slightly higher peripheral deposition.</s>
<s id="s205.5">Therefore, the different cloud size/ shape or the humid environment that exists in the respiratory tree may be relevant.</s>
<s id="s205.6">The in vitro tests performed in humid environment show non- equivalence due to superiority in the stages with the finest particles both separately and after pooling.</s>
<s id="s206.1">Question 3 - The Applicant´s justification to widen the acceptance range taken from the draft guideline is not acceptable.</s>
<s id="s206.2">The Applicant should provide evidence based on sensitive clinical studies (preferably studies investigating the relative potency) that a 20% difference lacks of clinical relevance.</s>
<s id="s207.1">The Applicant stated that for pharmacokinetic studies, equivalence is conventionally demonstrated by applying a +/ - 20% limit for the 90% CI and therefore applied these limits to the FDP comparison, despite the recent EMEA guidance recommending +/ - 15% limits for in vitro equivalence and +/ - 20% limits for in vivo pharmacokinetic equivalence.</s>
<s id="s207.2">The Applicant considered that the widening of the limits to +/ - 20% is justifiable and demonstrated that the results obtained fall within the +/ - 15% range, except for stage 3.</s>
<s id="s207.3">For stages representing extra fine particles (&lt; 1.1µm), equivalence was also shown, with the exception of deposition in the filter stage (outside +15% but within +20%).</s>
<s id="s207.4">In absolute terms, the values outside the +/ - 20% limit represent a negligible mean difference which is clinically irrelevant in the context of any overall potential increase in systemic exposure.</s>
<s id="s207.5">Based on the draft OIP guideline, the Applicant initiated two parmacokinetic studies, both with a single dose administration of 800 µg salbutamol in healthy volunteers: studies 2007-59-DOS-5 (systemic safety study) and 2007-76-DOS-6 (pulmonary deposition study).</s>
<s id="s207.6">As seen in the interim analysis, the intra-subject variability for the pulmonary deposition study is about twice as high as for the systemic safety study, demonstrating that variability increases when only pulmonary deposition is assessed.</s>
<s id="s207.7">The Applicant considered that the results from study 2007-59-DOS-5 demonstrate bioequivalence in terms of rate and extent of the total systemic absorption of inhaled salbutamol.</s>
<s id="s207.8">Based on the submitted expert report from study 2007-76-DOS-6, the Applicant concluded that “ the presented in vitro data for fine particle dose and the in vivo data for lung bioavailability as Cmax clearly point to the presence of therapeutic equivalence within the 20% limits for both airway and systemic beta-2 adrenoceptor mediated peak effects.</s>
<s id="s207.9">Moreover, the in vitro data for larger particle deposition together with the total (lung +gut) systemic bioavailability as AUC show evidence of overall systemic equivalence.</s>
<s id="s207.10">On the basis of these data the two formulations are considered to exhibit an equivalent therapeutic ratio and to be clinically interchangeable”.</s>
<s id="s208.1">The CHMP stated that the draft guideline proposed a more conservative approach to the applied acceptance range mainly due to lack of experience in this filed and the fact that pooling may mask the differences in the evaluated products, as is the case for the current product.</s>
<s id="s208.2">The CHMP was of the opinion that the bioequivalence study (2207-59-DOS-5) demonstrated equivalency in safety profile when used without a spacer, as well as similar Cmax and Tmax values.</s>
<s id="s209.1">Question 4 - Raw data of the comparison with spacer have not been provided and neither the raw data nor results in humid conditions have been provided and discussed.</s>
<s id="s210.1">8 The Applicant provided raw data obtained under humid condition clearly demonstrating that the aerodynamic characteristic of salbutamol sulphate particles do not change under humid conditions.</s>
<s id="s210.2">In addition, because two clinical studies are submitted for demonstration of in vivo equivalence and for confirming the in vitro data, the in vitro results obtained under humid condition become less important.</s>
<s id="s210.3">The Applicant also decided to generate additional spacer data in order to obtain more reliable information on the particle size distribution when the compared inhalers are fitted with their respective spacer devices.</s>
<s id="s210.4">The data clearly shows that the spacer induces a significant depletion of large particles in the throat and an increase in fine particle dose (&lt; 5 µm particles), with the confidence intervals for the single impactor stages within the +/ - 20% limit, except for stage 0.</s>
<s id="s210.5">The Applicant considered that the overall data demonstrate that spacer use results in the same high extent of in vitro equivalence as inhaler testing without this device.</s>
<s id="s210.6">The CHMP noted the inclusion of the requested raw data but considered that the results did not demonstrate similarity in all stages and that it was therefore difficult to conclude on therapeutic equivalence.</s>
<s id="s210.7">The CHMP requested the Applicant to provide data from a PK study with concomitant use of a spacer.</s>
<s id="s211.1">Question 5 - The Applicant should justify why the product is considered equivalent when the particle size comparison with spacer is not able to demonstrate equivalence in the pool of throat + stage 0 + stage 1, pooled as desired by the Applicant with the 20% acceptance range and pool of stages 2 + 3, as desired by the Applicant, with the 15% acceptance range, mainly because the sample size of this comparison has not been calculated appropriately.</s>
<s id="s212.1">Following an additional request for clinical spacer studies, the Applicant decided to extend the previously submitted in vitro equivalence study with spacer use, including 7 generic and 10 reference batches (compared to 2 and 3 previously).</s>
<s id="s212.2">The equivalence limits were set at 80 - 125%.</s>
<s id="s212.3">For stages with a small deposition of particles and a relatively high standard deviation it is particularly critical to reach a confidence interval within the defined limits.</s>
<s id="s212.4">Single stage comparison revealed that most of the values are within the ± 15% range (except from stage 0, 1 and filter) and after pooling, all values were within the ± 15% range.</s>
<s id="s212.5">The fine particle dose ratio was 1.01 and the corresponding confidence interval was 0.97 – 1.04 and the data therefore clearly demonstrate that the expected spacer effect is identical for test and reference product.</s>
<s id="s212.6">The Applicant also included results from a comparative pharmacokinetic study evaluating systemic safety, which demonstrates equivalence and considered that the equivalence of the Cmax values as identified from the systemic safety study supports the prediction of equivalent lung bioavailability and equivalent lung deposition.</s>
<s id="s212.7">The CHMP noted the additional data but remained of the opinion that the pooling method masked the differences between the test products and that in addition, the used spacer decreased the amount of the larger particles and increased the amount of fine particles.</s>
<s id="s212.8">Although the claim of the Applicant that the PK bioequivalence study demonstrated equivalence without spacer was endorsed, the CHMP did not support the assumption that the data with the use of a spacer would provide the same evidence of equivalence and therefore considered that a PK study with a spacer is mandatory.</s>
<s id="s213.1">Question 6 - The first part of question 5 of the LoQ, “ The Applicant should discuss the storage stability of the product, in light of studies demonstrating that the inverted and lying orientations of the device are the most stable” has not been fully answered, since only discussions about upright and lying position, but not about inverted orientation has been submitted.</s>
<s id="s213.2">The Applicant is required to present this discussion.</s>
<s id="s214.1">Regarding the storage stability, the Applicant complemented the already submitted repriming study with comparative data from inverted storage and found that all investigated shots for the generic product comply with the specified delivered dose up to a storage period of 7 days.</s>
<s id="s214.2">The undesirable reflow from suspension formulation into the canister does not occur if the cans are stored in an inverted or lying position but may occur if the inhaler is stored in an upright position.</s>
<s id="s214.3">The results provided as a whole clearly indicate the non inferiority of the generic product to the reference product and the Applicant considered both products to be fully interchangeable.</s>
<s id="s214.4">During drug product development, the Applicant optimised the applicator, modifying the shape of the device to make it possible to store the applicator in the two identified required storage orientations.</s>
<s id="s214.5">The functionality of the applicator is not affected and therefore the aerosol cloud and the</s>
<s id="s215.1">9 aerodynamic particle size distribution remain the same.</s>
<s id="s215.2">The CHMP acknowledged the improved device design and agreed with the Applicant response, the issue was considered resolved.</s>
<s id="s216.1">Question 7 - In order to complete the comparative study between the reference and the test products, a comparative repriming study after storage at lying position (0°C) (initial stage of can life and partially emptied can) should be carried out to confirm their similarity of behaviour.</s>
<s id="s217.1">As stated earlier, the Applicant provided initial repriming studies on the test product which were complemented with a repriming study with the reference product and the CHMP considered that while the data demonstrate the effect of the position of the MDI on the deposited dose, this effect is observed in both the test and the reference product.</s>
<s id="s217.2">Therefore, the CHMP concluded that the products should be considered as interchangeable.</s>
<s id="s218.1">Conclusion of the assessment of the Applicant response to the List of Outstanding Issues</s>
<s id="s219.1">In conclusion, the CHMP considered that the Applicant responses to the List of Outstanding Issues did allow the committee to conclude that the test and the reference product are similar when used without a spacer, with regards to safety aspects.</s>
<s id="s219.2">However, equivalence between the test and reference products has still not been fully demonstrated although this may be addressed by submitting an analysis of the data from the ongoing study 2007-76-DOS-6, the CHMP addressed two outstanding issues to be discussed by the Applicant during an oral explanation:</s>
<s id="s220.1">1.</s>
<s id="s220.2">The Applicant should provide in vivo equivalence when the products are used with and their spacers 2.</s>
<s id="s220.3">A comparison between reference and test products pulmonary deposition should be addressed (Study 2007-76-DOS-6)</s>
<s id="s221.1">The Applicant responded to the outstanding issues during an Oral Explanation held during the November CHMP meeting.</s>
<s id="s221.2">The Applicant was able to present data from the pulmonary deposition study (Study 2007- 76-DOS-6) were presented and interpreted and this new in vitro data (without spacer in a normal and humid environment and with spacer in a normal environment) suggested a similar particle size distribution between the test and the reference product.</s>
<s id="s221.3">The pharmacokinetic bioequivalence study also confirmed that both products possess the same systemic safety profile since bioequivalence in systemic levels (AUC and Cmax) have been shown.</s>
<s id="s221.4">In addition, the study demonstrated indirectly the same lung deposition with a trend to a deeper lung deposition based on a higher ratio in Cmax and a shorter Tmax.</s>
<s id="s221.5">In the opinion of the CHMP, this small difference is not expected to be clinically significant and a pharmacodynamic study does not seem to be required.</s>
<s id="s222.1">10 GROUNDS FOR POSITIVE OPINION</s>
<s id="s223.1">The CHMP was of the opinion that based on the totality of the data submitted, including the data from the pulmonary deposition study (Study 2007-76-DOS-6), a similar particle size distribution between the test and the reference product could be demonstrated.</s>
<s id="s223.2">The pharmacokinetic bioequivalence data also confirmed that Sabumalin and the reference product possess the same systemic safety profile since bioequivalence in systemic levels (AUC and Cmax) have been shown, when used with or without a spacer.</s>
<s id="s223.3">In conclusion a Potential Serious Risk to Public Health was no longer identified and the CHMP concluded that the products are bioequivalent and that the benefit-risk ratio is positive.</s>
<s id="s224.1">Whereas</s>
<s id="s225.1">- the CHMP considered that a similar particle size distribution between the test and the reference product was</s>
<s id="s226.1">demonstrated,</s>
<s id="s227.1">- the CHMP considered that Sabumalin and the reference product possess the same systemic safety profile,</s>
<s id="s228.1">as demonstrated by the bioequivalence in systemic levels (AUC and Cmax),</s>
<s id="s229.1">- the CHMP concluded that the products are bioequivalent and that the benefit-risk ratio is positive,</s>
<s id="s230.1">the CHMP has recommended the granting of the Marketing Authorisations for which the valid Summary of Product Characteristics, labelling and package leaflet are the final versions achieved during the Coordination group procedure are set out in Annex III for Sabumalin and associated names (see Annex I).</s>
<s id="s231.1">11 ANNEX III</s>
<s id="s232.1">SUMMARY OF PRODUCT CHARACTERISTICS, LABELLING AND PACKAGE LEAFLET</s>
<s id="s233.1">12 The valid Summary of Product Characteristics, labelling and package leaflet are the final versions achieved during the Coordination group procedure.</s>
<s id="s234.1">13</s>
</body>
</letsmt>
