<?xml version="1.0" encoding="utf-8"?>
<letsmt version="1.0">
<head></head>
<body>
<s id="s1.1">ANNEX I</s>
<s id="s2.1">SUMMARY OF PRODUCT CHARACTERISTICS</s>
<s id="s3.1">1/ 16 1.</s>
<s id="s3.2">NAME OF THE VETERINARY MEDICINAL PRODUCT</s>
<s id="s4.1">Equilis Prequenza, suspension for injection, for horses</s>
<s id="s5.1">2.</s>
<s id="s5.2">QUALITATIVE AND QUANTITATIVE COMPOSITION</s>
<s id="s6.1">Per dose of 1 ml:</s>
<s id="s7.1">Active substances Purified haemagglutinin subunits from equine influenza viruses:</s>
<s id="s8.1">A/ equine-1/ Prague/ 1/ 56 A/ equine-2/ Newmarket/ 1/ 93 A/ equine-2/ Newmarket/ 2/ 93</s>
<s id="s9.1">100 AU1 50 AU 50 AU</s>
<s id="s10.1">Adjuvant</s>
<s id="s11.1">Purified Saponin Cholesterol Phosphatidylcholine</s>
<s id="s12.1">375 micrograms 125 micrograms 62.5 micrograms</s>
<s id="s13.1">Excipient Thiomersal traces</s>
<s id="s14.1">For full list of excipients, see section 6.1.</s>
<s id="s15.1">3.</s>
<s id="s15.2">PHARMACEUTICAL FORM</s>
<s id="s16.1">Suspension for injection</s>
<s id="s17.1">4.</s>
<s id="s17.2">CLINICAL PARTICULARS</s>
<s id="s18.1">4.1 Target species</s>
<s id="s19.1">Horses</s>
<s id="s20.1">4.2 Indications for use, specifying the target species</s>
<s id="s21.1">Active immunisation of horses from 6 months of age against equine influenza to reduce clinical signs and virus excretion after infection.</s>
<s id="s22.1">Influenza Onset of Duration</s>
<s id="s23.1">immunity: of immunity:</s>
<s id="s24.1">2 weeks after the primary vaccination course 5 months after the primary vaccination course 12 months after the first revaccination</s>
<s id="s25.1">4.3</s>
<s id="s26.1">Contraindications</s>
<s id="s27.1">None</s>
<s id="s28.1">1 Antigenic units</s>
<s id="s29.1">2/ 16 4.4 Special warnings</s>
<s id="s30.1">Foals should not be vaccinated before the age of 6 months, especially when born to mares that were revaccinated in the last two months of gestation, because of possible interference by maternally derived antibodies.</s>
<s id="s31.1">4.5 Special precautions for use</s>
<s id="s32.1">Only healthy animals should be vaccinated.</s>
<s id="s33.1">Special precautions for use in animals</s>
<s id="s34.1">Not applicable</s>
<s id="s35.1">Special precautions to be taken by the person administering the medicinal product to animals</s>
<s id="s36.1">In case of accidental self-injection, seek medical advice immediately and show the package insert or the label to the physician.</s>
<s id="s37.1">4.6 Adverse reactions (frequency and seriousness)</s>
<s id="s38.1">A diffuse hard or soft swelling (max. diameter 5 cm) may occur at the injection site, regressing within 2 days.</s>
<s id="s38.2">Pain at the injection site can occur in rare cases, which may result in temporary functional discomfort (stiffness).</s>
<s id="s38.3">In very rare cases, fever, sometimes accompanied by lethargy and inappetence, may occur for 1 day, and up to 3 days in exceptional circumstances.</s>
<s id="s39.1">4.7 Use during pregnancy, lactation or lay</s>
<s id="s40.1">Can be used during pregnancy and lactation.</s>
<s id="s41.1">4.8 Interaction with other medicinal products and other forms of interaction</s>
<s id="s42.1">No information is available on the safety and efficacy from the concurrent use of this vaccine with any other vaccine.</s>
<s id="s42.2">It is therefore recommended that no other vaccines should be administered concurrently or simultaneously.</s>
<s id="s43.1">4.9 Amounts to be administered and administration route</s>
<s id="s44.1">Intramuscular use</s>
<s id="s45.1">Vaccination schedule:</s>
<s id="s46.1">Primary vaccination course</s>
<s id="s47.1">Administer one dose (1ml), by intramuscular injection, according to the following schedule: • Primary vaccination course: first injection from 6 months of age, second injection 4 weeks later</s>
<s id="s48.1">Revaccination</s>
<s id="s49.1">The first revaccination (third dose) is given 5 months after the primary vaccination course.</s>
<s id="s49.2">This revaccination results in immunity to equine influenza lasting at least 12 months.</s>
<s id="s50.1">The second revaccination is given 12 months after the first revaccination.</s>
<s id="s50.2">The alternate use, at 12 months interval, of a suitable vaccine against equine influenza, containing the strains A/ equi 1/ Prague 56, A/ equi 2/ Newmarket-1/ 93 and A/ equi 2/ Newmarket-2/ 93, is recommended to maintain immunity levels for the influenza component (see scheme).</s>
<s id="s51.1">3/ 16 In case of increased infection risk or insufficient colostrum intake, an additional initial injection can be given at the age of 4 months followed by the full vaccination programme (primary vaccination course at 6 months of age and 4 weeks later).</s>
<s id="s52.1">4.10 Overdose (symptoms, emergency procedures, antidotes), if necessary</s>
<s id="s53.1">Following the administration of a double dose of vaccine, no side-effects other than those described under 4.6 have been observed except for some depression at the day of vaccination</s>
<s id="s54.1">4.11 Withdrawal period(s)</s>
<s id="s55.1">Zero days</s>
<s id="s56.1">5.</s>
<s id="s56.2">IMMUNOLOGICAL PROPERTIES</s>
<s id="s57.1">To stimulate active immunity against Equine influenza ATC-vet code:</s>
<s id="s57.2">QI05AA01</s>
<s id="s58.1">6.</s>
<s id="s58.2">PHARMACEUTICAL PARTICULARS</s>
<s id="s59.1">6.1 List of excipients</s>
<s id="s60.1">Purified Saponin, Cholesterol, Phosphatidylcholine, Thiomersal traces</s>
<s id="s61.1">6.2 Incompatibilities</s>
<s id="s62.1">Do not mix with any other vaccine or immunological product.</s>
<s id="s63.1">6.3 Shelf life</s>
<s id="s64.1">2 years</s>
<s id="s65.1">6.4 Special precautions for storage</s>
<s id="s66.1">Store at 2-8°C, protected from light.</s>
<s id="s66.2">Do not freeze.</s>
<s id="s67.1">6.5 Nature and composition of immediate packaging</s>
<s id="s68.1">Type I glass vial closed with a halogenobutyl rubber stopper and sealed with an aluminium cap.</s>
<s id="s68.2">Type I glass pre-filled syringe, containing a plunger with a halogenobutyl end and closed with a halogenobutyl stopper.</s>
<s id="s69.1">4/ 16 Package size:</s>
<s id="s69.2">Cardboard box with 10 glass vials of 1 ml.</s>
<s id="s69.3">Cardboard box(es) with 1, 5 or 10 pre-filled syringes with needles.</s>
<s id="s70.1">Not all pack sizes may be marketed.</s>
<s id="s71.1">6.6 Special precautions for the disposal of unused veterinary medicinal products or waste materials derived from the use of such products</s>
<s id="s72.1">Any unused veterinary medicinal product or waste materials derived from such veterinary medicinal products should be disposed of in accordance with local requirements.</s>
<s id="s73.1">7.</s>
<s id="s73.2">MARKETING AUTHORISATION HOLDER</s>
<s id="s74.1">Intervet International B. V.</s>
<s id="s74.2">Wim de Körverstraat 35 NL-5831 AN Boxmeer The Netherlands</s>
<s id="s75.1">8.</s>
<s id="s75.2">MARKETING AUTHORISATION NUMBER(S)</s>
<s id="s76.1">EU/ 2/ 05/ 056/ 001-004</s>
<s id="s77.1">9.</s>
<s id="s77.2">DATE OF FIRST AUTHORISATION/ RENEWAL OF THE AUTHORISATION</s>
<s id="s78.1">08/ 07/ 2005</s>
<s id="s79.1">10.</s>
<s id="s79.2">DATE OF REVISION OF THE TEXT</s>
<s id="s80.1">23/ 03/ 2009</s>
<s id="s81.1">PROHIBITION OF SALE, SUPPLY AND/ OR USE</s>
<s id="s82.1">Not applicable.</s>
<s id="s83.1">5/ 16 ANNEX II</s>
<s id="s84.1">A.</s>
<s id="s84.2">MANUFACTURER(S) OF THE BIOLOGICAL ACTIVE SUBSTANCE(S) AND MANUFACTURING AUTHORISATION HOLDER(S) RESPONSIBLE FOR BATCH RELEASE</s>
<s id="s85.1">B.</s>
<s id="s85.2">CONDITIONS OR RESTRICTIONS OF THE MARKETING AUTHORISATION REGARDING SUPPLY AND USE</s>
<s id="s86.1">C.</s>
<s id="s86.2">CONDITIONS OR RESTRICTIONS OF THE MARKETING AUTHORISATION WITH REGARD TO SAFE AND EFFECTIVE USE</s>
<s id="s87.1">D.</s>
<s id="s87.2">STATEMENT OF THE MRLs</s>
<s id="s88.1">6/ 16 A.</s>
<s id="s88.2">MANUFACTURER(S) OF THE BIOLOGICAL ACTIVE SUBSTANCE(S) AND MANUFACTURING AUTHORISATION HOLDER(S) RESPONSIBLE FOR BATCH RELEASE</s>
<s id="s89.1">Name and address of the manufacturer of the biological active substance</s>
<s id="s90.1">Laboratorios Intervet, S. A.</s>
<s id="s90.2">Poligono El Montalvo 37080 Salamanca Spain</s>
<s id="s91.1">Name and address of the manufacturer responsible for batch release</s>
<s id="s92.1">Intervet International B. V.</s>
<s id="s92.2">Wim de Körverstraat 35 NL-5831 AN Boxmeer The Netherlands</s>
<s id="s93.1">B.</s>
<s id="s93.2">CONDITIONS OR RESTRICTIONS OF THE MARKETING AUTHORISATION REGARDING SUPPLY AND USE</s>
<s id="s94.1">Veterinary medicinal product subject to prescription.</s>
<s id="s95.1">C.</s>
<s id="s95.2">CONDITIONS OR RESTRICTIONS OF THE MARKETING AUTHORISATION WITH REGARD TO THE SAFE AND EFFECTIVE USE OF THE PRODUCT</s>
<s id="s96.1">Not applicable</s>
<s id="s97.1">D.</s>
<s id="s97.2">STATEMENT OF THE MRLs</s>
<s id="s98.1">The active substance being a principle of biological origin intended to produce active immunity is not in the scope of Council Regulation (EEC) 2377/ 90.</s>
<s id="s99.1">The MRL status of the excipients is as follows:</s>
<s id="s100.1">Substance Saponin</s>
<s id="s101.1">MRL status Annex II for all food producing species (under Quillaia saponins)</s>
<s id="s102.1">Comments Commission Regulation (EEC) No 1433/ 96</s>
<s id="s103.1">Sodium phosphate (Na2HPO4)</s>
<s id="s104.1">Covered by Annex II entry for authorised food additives with an E number (E339)</s>
<s id="s105.1">Commission Regulation (EEC) No 2034/ 96</s>
<s id="s106.1">Potassium phosphate (KH2PO4)</s>
<s id="s107.1">Annex II for all food producing species (approved as food additives with an E number (E340))</s>
<s id="s108.1">Commission Regulation (EEC) No 2034/ 96</s>
<s id="s109.1">Sodium chloride (NaCl)</s>
<s id="s110.1">Annex II for all food producing species</s>
<s id="s111.1">Commission Regulation (EEC) No 2796/ 95</s>
<s id="s112.1">Magnesium chloride (MgCl2) Calcium chloride (CaCl2)</s>
<s id="s113.1">Annex II for all food producing species Annex II for all food producing species</s>
<s id="s114.1">Commission Regulation (EEC) No 2796/ 95 Commission Regulation (EEC) No 1102/ 95</s>
<s id="s115.1">7/ 16 ANNEX III</s>
<s id="s116.1">LABELLING AND PACKAGE LEAFLET</s>
<s id="s117.1">8/ 16 A.</s>
<s id="s117.2">LABELLING</s>
<s id="s118.1">9/ 16 PARTICULARS TO APPEAR ON THE OUTER PACKAGE</s>
<s id="s119.1">1.</s>
<s id="s119.2">NAME OF THE VETERINARY MEDICINAL PRODUCT</s>
<s id="s120.1">Equilis Prequenza</s>
<s id="s121.1">2.</s>
<s id="s121.2">STATEMENT OF ACTIVE AND OTHER SUBSTANCES</s>
<s id="s122.1">Per dose of 1 ml:</s>
<s id="s123.1">A/ equine-1/ Prague 56 (100 AU), A/ equine-2/ Newmarket/ 1/ 93 (50 AU), A/ equine 2/ Newmarket/ 2/ 93 (50 AU).</s>
<s id="s124.1">3.</s>
<s id="s124.2">PACKAGE SIZE</s>
<s id="s125.1">1, 5 or 10 x 1 dose</s>
<s id="s126.1">4.</s>
<s id="s126.2">TARGET SPECIES</s>
<s id="s127.1">Horses</s>
<s id="s128.1">5.</s>
<s id="s128.2">INDICATION(S)</s>
<s id="s129.1">Active immunisation of horses against equine influenza.</s>
<s id="s130.1">6.</s>
<s id="s130.2">METHODS AND ROUTE OF ADMINISTRATION</s>
<s id="s131.1">i. m. use</s>
<s id="s132.1">7.</s>
<s id="s132.2">WITHDRAWAL PERIOD</s>
<s id="s133.1">Zero days</s>
<s id="s134.1">8.</s>
<s id="s134.2">EXPIRY DATE</s>
<s id="s135.1">{month/ year}</s>
<s id="s136.1">9.</s>
<s id="s136.2">SPECIAL STORAGE CONDITIONS</s>
<s id="s137.1">Store at 2-8 °C, protected from light.</s>
<s id="s137.2">Do not freeze.</s>
<s id="s138.1">10/ 16 10.</s>
<s id="s138.2">THE WORDS &quot;FOR ANIMAL TREATMENT ONLY&quot; AND CONDITIONS OR RESTRICTIONS REGARDING SUPPLY AND USE, if applicable</s>
<s id="s139.1">For animal treatment only Veterinary medicinal product subject to prescription.</s>
<s id="s140.1">11.</s>
<s id="s140.2">THE WORDS &quot;KEEP OUT OF REACH AND SIGHT OF CHILDREN&quot;</s>
<s id="s141.1">Keep out of reach and sight of children</s>
<s id="s142.1">12.</s>
<s id="s142.2">NAME AND ADDRESS OF THE MARKETING AUTHORISATION HOLDER</s>
<s id="s143.1">Intervet International B. V.</s>
<s id="s144.1">13.</s>
<s id="s144.2">MARKETING AUTHORISATION NUMBER(S)</s>
<s id="s145.1">EU/ 2/ 05/ 056/ 001-004</s>
<s id="s146.1">14.</s>
<s id="s146.2">MANUFACTURER'S BATCH NUMBER</s>
<s id="s147.1">11/ 16 MINIMUM PARTICULARS TO APPEAR ON SMALL IMMEDIATE PACKAGING UNITS</s>
<s id="s148.1">1.</s>
<s id="s148.2">NAME OF THE VETERINARY MEDICINAL PRODUCT</s>
<s id="s149.1">Equilis Prequenza</s>
<s id="s150.1">2.</s>
<s id="s150.2">CONTENTS BY WEIGHT, BY VOLUME OR BY NUMBER OF DOSES</s>
<s id="s151.1">1 dose</s>
<s id="s152.1">3.</s>
<s id="s152.2">ROUTE OF ADMINISTRATION</s>
<s id="s153.1">i. m.</s>
<s id="s154.1">4.</s>
<s id="s154.2">BATCH NUMBER</s>
<s id="s155.1">{batch no.}</s>
<s id="s156.1">5.</s>
<s id="s156.2">EXPIRY DATE</s>
<s id="s157.1">{month/ year}</s>
<s id="s158.1">12/ 16 B.</s>
<s id="s158.2">PACKAGE LEAFLET</s>
<s id="s159.1">13/ 16 PACKAGE LEAFLET FOR:</s>
<s id="s160.1">Equilis Prequenza, suspension for injection, for horses</s>
<s id="s161.1">1.</s>
<s id="s161.2">NAME AND ADDRESS OF THE MARKETING AUTHORISATION HOLDER AND OF THE MANUFACTURING AUTHORISATION HOLDER RESPONSIBLE FOR BATCH RELEASE IN THE EEA, IF DIFFERENT</s>
<s id="s162.1">Intervet International B. V.</s>
<s id="s162.2">Wim de Körverstraat 35 NL-5831 AN Boxmeer The Netherlands</s>
<s id="s163.1">2.</s>
<s id="s163.2">NAME OF THE VETERINARY MEDICINAL PRODUCT</s>
<s id="s164.1">Equilis Prequenza, suspension for injection, for horses</s>
<s id="s165.1">3.</s>
<s id="s165.2">STATEMENT OF THE ACTIVE SUBSTANCE(S) AND OTHER INGREDIENTS</s>
<s id="s166.1">Per dose of 1 ml:</s>
<s id="s167.1">Active substance Purified haemagglutinin subunits from equine influenza viruses:</s>
<s id="s168.1">A/ equine-1/ Prague/ 1/ 56 A/ equine-2/ Newmarket/ 1/ 93 A/ equine-2/ Newmarket/ 2/ 93</s>
<s id="s169.1">100 AU2 50 AU 50 AU</s>
<s id="s170.1">Adjuvant</s>
<s id="s171.1">Purified saponin Cholesterol Phosphatidylcholine</s>
<s id="s172.1">375 micrograms 125 micrograms 62.5micrograms</s>
<s id="s173.1">Excipient Thiomersal traces</s>
<s id="s174.1">4.</s>
<s id="s174.2">INDICATION(S)</s>
<s id="s175.1">Active immunisation of horses from 6 months of age against equine influenza to reduce clinical signs and virus excretion after infection.</s>
<s id="s176.1">Influenza Onset of immunity:</s>
<s id="s176.2">Duration of immunity:</s>
<s id="s177.1">2 weeks after the primaryvaccination course 5 months after the primaryvaccination course 12 months after the first revaccination</s>
<s id="s178.1">5.</s>
<s id="s178.2">CONTRAINDICATIONS</s>
<s id="s179.1">None</s>
<s id="s180.1">2 Antigenic units</s>
<s id="s181.1">14/ 16 6.</s>
<s id="s181.2">ADVERSE REACTIONS</s>
<s id="s182.1">A diffuse hard or soft swelling (max. diameter 5 cm) may occur at the injection site, regressing within 2 days.</s>
<s id="s182.2">Pain at the injection site can occur in rare cases which may result in temporary functional discomfort (stiffness).</s>
<s id="s182.3">In very rare cases, fever, sometimes accompanied by lethargy and inappetence, may occur for 1 day, for up to 3 days in exceptional circumstances.</s>
<s id="s183.1">If you notice any serious effects or other effects not mentioned in this leaflet, please inform your veterinary surgeon.</s>
<s id="s184.1">7.</s>
<s id="s184.2">TARGET SPECIES</s>
<s id="s185.1">Horses</s>
<s id="s186.1">8.</s>
<s id="s186.2">DOSAGE FOR EACH SPECIES, ROUTE(S) AND METHOD OF ADMINISTRATION</s>
<s id="s187.1">1 ml.</s>
<s id="s187.2">Intramuscular use</s>
<s id="s188.1">Vaccination schedule:</s>
<s id="s189.1">Primary vaccination course</s>
<s id="s190.1">Administer one dose (1ml), by intramuscular injection, according to the following schedule: • Primary vaccination course: first injection from 6 months of age, second injection 4 weeks later</s>
<s id="s191.1">Revaccination</s>
<s id="s192.1">The first revaccination (third dose) is given 5 months after the primary vaccination course.</s>
<s id="s192.2">This revaccination results in immunity to equine influenza lasting at least 12 months.</s>
<s id="s193.1">The second revaccination is given 12 months after the first revaccination.</s>
<s id="s193.2">The alternate use, at 12 months interval, of a suitable vaccine against equine influenza, containing the strains A/ equi 1/ Prague 56, A/ equi 2/ Newmarket-1/ 93 and A/ equi 2/ Newmarket-2/ 93, is recommended to maintain immunity levels for the influenza component (see scheme).</s>
<s id="s194.1">In case of increased infection risk or insufficient colostrum intake, an additional initial injection can be given at the age of 4 months followed by the full vaccination programme (primary vaccination course at 6 months of age and 4 weeks later).</s>
<s id="s195.1">9.</s>
<s id="s195.2">ADVICE ON CORRECT ADMINISTRATION</s>
<s id="s196.1">15/ 16 Allow the vaccine to reach a temperature of 15°C - 25°C.</s>
<s id="s196.2">Administer 1 ml of vaccine i. m..</s>
<s id="s197.1">No information is available on the safety and efficacy from the concurrent use of this vaccine with any other vaccine.</s>
<s id="s197.2">It is therefore recommended that no other vaccines should be administered concurrently or simultaneously.</s>
<s id="s198.1">10.</s>
<s id="s198.2">WITHDRAWAL PERIOD</s>
<s id="s199.1">Zero days</s>
<s id="s200.1">11.</s>
<s id="s200.2">SPECIAL STORAGE PRECAUTIONS</s>
<s id="s201.1">Keep out of the reach and sight of children.</s>
<s id="s201.2">Store at 2-8°C, protected from light.</s>
<s id="s201.3">Do not freeze.</s>
<s id="s201.4">Do not use after the expiry date stated on the label.</s>
<s id="s202.1">12.</s>
<s id="s202.2">SPECIAL WARNING(S)</s>
<s id="s203.1">Foals should not be vaccinated before the age of 6 months, especially when born to mares that were revaccinated in the last two months of gestation, because of possible interference by maternally derived antibodies.</s>
<s id="s204.1">Only healthy animals should be vaccinated.</s>
<s id="s204.2">In case of accidental self-injection, seek medical advice immediately and show this package insert or the label to the physician.</s>
<s id="s205.1">Do not mix with any other vaccine or immunological product.</s>
<s id="s206.1">13.</s>
<s id="s206.2">SPECIAL PRECAUTIONS FOR THE DISPOSAL OF UNUSED PRODUCT OR WASTE MATERIALS, IF ANY</s>
<s id="s207.1">Any unused veterinary medicinal product or waste materials derived from such veterinary medicinal products should be disposed of in accordance with local requirements.</s>
<s id="s208.1">14.</s>
<s id="s208.2">DATE ON WHICH THE PACKAGE LEAFLET WAS LAST APPROVED</s>
<s id="s209.1">23/ 03/ 2009</s>
<s id="s210.1">15.</s>
<s id="s210.2">OTHER INFORMATION</s>
<s id="s211.1">Cardboard box with 10 glass vials of 1 ml.</s>
<s id="s211.2">Cardboard box(es) with 1, 5 or 10 pre-filled syringes with needles.</s>
<s id="s212.1">Not all pack sizes may be marketed.</s>
<s id="s213.1">16/ 16</s>
</body>
</letsmt>
