<?xml version="1.0" encoding="utf-8"?>
<text>
<p id="1">
<s id="s1.1">
 <w id="w1.1.1">European</w> 
 <w id="w1.1.2">Medicines</w> 
 <w id="w1.1.3">Agency</w>
</s></p>

<p id="2">
<s id="s2.1">
 <w id="w2.1.1">EMEA/</w>
 <w id="w2.1.2">H/</w>
 <w id="w2.1.3">C/</w>
 <w id="w2.1.4">171</w>
</s></p>

<p id="3">
<s id="s3.1">
 <w id="w3.1.1">EVROPSKO</w> 
 <w id="w3.1.2">JAVNO</w> 
 <w id="w3.1.3">POROČILO</w> 
 <w id="w3.1.4">O</w> 
 <w id="w3.1.5">OCENI</w> 
 <w id="w3.1.6">ZDRAVILA</w> 
 <w id="w3.1.7">(</w>
 <w id="w3.1.8">EPAR</w>
 <w id="w3.1.9">)</w>
</s></p>

<p id="4">
<s id="s4.1">
 <w id="w4.1.1">COMTAN</w>
</s></p>

<p id="5">
<s id="s5.1">
 <w id="w5.1.1">Povzetek</w> 
 <w id="w5.1.2">EPAR</w> 
 <w id="w5.1.3">za</w> 
 <w id="w5.1.4">javnost</w>
</s></p>

<p id="6">
<s id="s6.1">
 <w id="w6.1.1">Ta</w> 
 <w id="w6.1.2">dokument</w> 
 <w id="w6.1.3">je</w> 
 <w id="w6.1.4">povzetek</w> 
 <w id="w6.1.5">evropskega</w> 
 <w id="w6.1.6">javnega</w> 
 <w id="w6.1.7">poročila</w> 
 <w id="w6.1.8">o</w> 
 <w id="w6.1.9">oceni</w> 
 <w id="w6.1.10">zdravila</w> 
 <w id="w6.1.11">(</w>
 <w id="w6.1.12">EPAR</w>
 <w id="w6.1.13">)</w>
 <w id="w6.1.14">.</w>
</s> 
 
<s id="s6.2">
 <w id="w6.2.1">Pojasnjuje</w>
 <w id="w6.2.2">,</w> 
 <w id="w6.2.3">kako</w> 
 <w id="w6.2.4">je</w> 
 <w id="w6.2.5">Odbor</w> 
 <w id="w6.2.6">za</w> 
 <w id="w6.2.7">zdravila</w> 
 <w id="w6.2.8">za</w> 
 <w id="w6.2.9">uporabo</w> 
 <w id="w6.2.10">v</w> 
 <w id="w6.2.11">humani</w> 
 <w id="w6.2.12">medicini</w> 
 <w id="w6.2.13">(</w>
 <w id="w6.2.14">CHMP</w>
 <w id="w6.2.15">)</w> 
 <w id="w6.2.16">ocenil</w> 
 <w id="w6.2.17">opravljene</w> 
 <w id="w6.2.18">študije</w>
 <w id="w6.2.19">,</w> 
 <w id="w6.2.20">na</w> 
 <w id="w6.2.21">podlagi</w> 
 <w id="w6.2.22">katerih</w> 
 <w id="w6.2.23">je</w> 
 <w id="w6.2.24">oblikoval</w> 
 <w id="w6.2.25">priporočila</w> 
 <w id="w6.2.26">glede</w> 
 <w id="w6.2.27">uporabe</w> 
 <w id="w6.2.28">zdravila</w>
 <w id="w6.2.29">.</w>
</s> 
 
<s id="s6.3">
 <w id="w6.3.1">Če</w> 
 <w id="w6.3.2">potrebujete</w> 
 <w id="w6.3.3">več</w> 
 <w id="w6.3.4">informacij</w> 
 <w id="w6.3.5">o</w> 
 <w id="w6.3.6">svojem</w> 
 <w id="w6.3.7">zdravstvenem</w> 
 <w id="w6.3.8">stanju</w> 
 <w id="w6.3.9">ali</w> 
 <w id="w6.3.10">zdravljenju</w>
 <w id="w6.3.11">,</w> 
 <w id="w6.3.12">preberite</w> 
 <w id="w6.3.13">navodilo</w> 
 <w id="w6.3.14">za</w> 
 <w id="w6.3.15">uporabo</w> 
 <w id="w6.3.16">(</w>
 <w id="w6.3.17">ki</w> 
 <w id="w6.3.18">je</w> 
 <w id="w6.3.19">prav</w> 
 <w id="w6.3.20">tako</w> 
 <w id="w6.3.21">del</w> 
 <w id="w6.3.22">EPAR</w>
 <w id="w6.3.23">)</w> 
 <w id="w6.3.24">ali</w> 
 <w id="w6.3.25">se</w> 
 <w id="w6.3.26">posvetujte</w> 
 <w id="w6.3.27">s</w> 
 <w id="w6.3.28">svojim</w> 
 <w id="w6.3.29">zdravnikom</w> 
 <w id="w6.3.30">ali</w> 
 <w id="w6.3.31">farmacevtom</w>
 <w id="w6.3.32">.</w>
</s> 
 
<s id="s6.4">
 <w id="w6.4.1">Če</w> 
 <w id="w6.4.2">želite</w> 
 <w id="w6.4.3">več</w> 
 <w id="w6.4.4">informacij</w>
 <w id="w6.4.5">,</w> 
 <w id="w6.4.6">ki</w> 
 <w id="w6.4.7">temeljijo</w> 
 <w id="w6.4.8">na</w> 
 <w id="w6.4.9">priporočilih</w> 
 <w id="w6.4.10">CHMP</w>
 <w id="w6.4.11">,</w> 
 <w id="w6.4.12">preberite</w> 
 <w id="w6.4.13">znanstveno</w> 
 <w id="w6.4.14">razpravo</w> 
 <w id="w6.4.15">(</w>
 <w id="w6.4.16">ki</w> 
 <w id="w6.4.17">je</w> 
 <w id="w6.4.18">prav</w> 
 <w id="w6.4.19">tako</w> 
 <w id="w6.4.20">del</w> 
 <w id="w6.4.21">EPAR</w>
 <w id="w6.4.22">)</w>
 <w id="w6.4.23">.</w>
</s></p>

<p id="7">
<s id="s7.1">
 <w id="w7.1.1">Kaj</w> 
 <w id="w7.1.2">je</w> 
 <w id="w7.1.3">zdravilo</w> 
 <w id="w7.1.4">Comtan</w>
 <w id="w7.1.5">?</w>
</s> 
 
<s id="s7.2">
 <w id="w7.2.1">Comtan</w> 
 <w id="w7.2.2">je</w> 
 <w id="w7.2.3">zdravilo</w>
 <w id="w7.2.4">,</w> 
 <w id="w7.2.5">ki</w> 
 <w id="w7.2.6">vsebuje</w> 
 <w id="w7.2.7">zdravilno</w> 
 <w id="w7.2.8">učinkovino</w> 
 <w id="w7.2.9">entakapon</w>
 <w id="w7.2.10">.</w>
</s> 
 
<s id="s7.3">
 <w id="w7.3.1">Na</w> 
 <w id="w7.3.2">voljo</w> 
 <w id="w7.3.3">je</w> 
 <w id="w7.3.4">v</w> 
 <w id="w7.3.5">obliki</w> 
 <w id="w7.3.6">rjavkastooranžnih</w> 
 <w id="w7.3.7">tablet</w> 
 <w id="w7.3.8">(</w>
 <w id="w7.3.9">200</w> 
 <w id="w7.3.10">mg</w>
 <w id="w7.3.11">)</w>
 <w id="w7.3.12">.</w>
</s></p>

<p id="8">
<s id="s8.1">
 <w id="w8.1.1">Za</w> 
 <w id="w8.1.2">kaj</w> 
 <w id="w8.1.3">se</w> 
 <w id="w8.1.4">zdravilo</w> 
 <w id="w8.1.5">Comtan</w> 
 <w id="w8.1.6">uporablja</w>
 <w id="w8.1.7">?</w>
</s> 
 
<s id="s8.2">
 <w id="w8.2.1">Zdravilo</w> 
 <w id="w8.2.2">Comtan</w> 
 <w id="w8.2.3">se</w> 
 <w id="w8.2.4">uporablja</w> 
 <w id="w8.2.5">za</w> 
 <w id="w8.2.6">zdravljenje</w> 
 <w id="w8.2.7">bolnikov</w> 
 <w id="w8.2.8">s</w> 
 <w id="w8.2.9">Parkinsonovo</w> 
 <w id="w8.2.10">boleznijo</w>
 <w id="w8.2.11">.</w>
</s> 
 
<s id="s8.3">
 <w id="w8.3.1">Parkinsonova</w> 
 <w id="w8.3.2">bolezen</w> 
 <w id="w8.3.3">je</w> 
 <w id="w8.3.4">napredujoča</w> 
 <w id="w8.3.5">okvara</w> 
 <w id="w8.3.6">možganov</w>
 <w id="w8.3.7">,</w> 
 <w id="w8.3.8">ki</w> 
 <w id="w8.3.9">povzroča</w> 
 <w id="w8.3.10">tresenje</w>
 <w id="w8.3.11">,</w> 
 <w id="w8.3.12">upočasnjeno</w> 
 <w id="w8.3.13">izvajanje</w> 
 <w id="w8.3.14">gibov</w> 
 <w id="w8.3.15">in</w> 
 <w id="w8.3.16">otrdelost</w> 
 <w id="w8.3.17">mišic</w>
 <w id="w8.3.18">.</w>
</s> 
 
<s id="s8.4">
 <w id="w8.4.1">Zdravilo</w> 
 <w id="w8.4.2">Comtan</w> 
 <w id="w8.4.3">se</w> 
 <w id="w8.4.4">uporablja</w> 
 <w id="w8.4.5">skupaj</w> 
 <w id="w8.4.6">z</w> 
 <w id="w8.4.7">levodopo</w> 
 <w id="w8.4.8">(</w>
 <w id="w8.4.9">bodisi</w> 
 <w id="w8.4.10">v</w> 
 <w id="w8.4.11">kombinaciji</w> 
 <w id="w8.4.12">z</w> 
 <w id="w8.4.13">levodopo</w> 
 <w id="w8.4.14">in</w> 
 <w id="w8.4.15">benserazidom</w> 
 <w id="w8.4.16">ali</w> 
 <w id="w8.4.17">kombinaciji</w> 
 <w id="w8.4.18">z</w> 
 <w id="w8.4.19">levodopo</w> 
 <w id="w8.4.20">in</w> 
 <w id="w8.4.21">karbidopo</w>
 <w id="w8.4.22">)</w>
 <w id="w8.4.23">,</w> 
 <w id="w8.4.24">kadar</w> 
 <w id="w8.4.25">bolnik</w> 
 <w id="w8.4.26">doživlja</w> 
 <w id="w8.4.27">„</w>
 <w id="w8.4.28">nihanja</w>
 <w id="w8.4.29">“</w> 
 <w id="w8.4.30">proti</w> 
 <w id="w8.4.31">koncu</w> 
 <w id="w8.4.32">obdobja</w> 
 <w id="w8.4.33">med</w> 
 <w id="w8.4.34">dvema</w> 
 <w id="w8.4.35">odmerkoma</w> 
 <w id="w8.4.36">zdravil</w>
 <w id="w8.4.37">.</w>
</s> 
 
<s id="s8.5">
 <w id="w8.5.1">Do</w> 
 <w id="w8.5.2">nihanj</w> 
 <w id="w8.5.3">pride</w>
 <w id="w8.5.4">,</w> 
 <w id="w8.5.5">ko</w> 
 <w id="w8.5.6">začnejo</w> 
 <w id="w8.5.7">učinki</w> 
 <w id="w8.5.8">zdravil</w> 
 <w id="w8.5.9">popuščati</w> 
 <w id="w8.5.10">in</w> 
 <w id="w8.5.11">se</w> 
 <w id="w8.5.12">ponovno</w> 
 <w id="w8.5.13">pojavijo</w> 
 <w id="w8.5.14">značilni</w> 
 <w id="w8.5.15">simptomi</w>
 <w id="w8.5.16">.</w>
</s> 
 
<s id="s8.6">
 <w id="w8.6.1">Nihanja</w> 
 <w id="w8.6.2">so</w> 
 <w id="w8.6.3">povezana</w> 
 <w id="w8.6.4">z</w> 
 <w id="w8.6.5">zmanjšanjem</w> 
 <w id="w8.6.6">učinka</w> 
 <w id="w8.6.7">levodope</w>
 <w id="w8.6.8">,</w> 
 <w id="w8.6.9">ko</w> 
 <w id="w8.6.10">bolnik</w> 
 <w id="w8.6.11">doživlja</w> 
 <w id="w8.6.12">nenadne</w> 
 <w id="w8.6.13">preskoke</w> 
 <w id="w8.6.14">med</w> 
 <w id="w8.6.15">stanjem</w>
 <w id="w8.6.16">,</w> 
 <w id="w8.6.17">ko</w> 
 <w id="w8.6.18">se</w> 
 <w id="w8.6.19">lahko</w> 
 <w id="w8.6.20">giblje</w> 
 <w id="w8.6.21">(</w>
 <w id="w8.6.22">stanje</w> 
 <w id="w8.6.23">„</w>
 <w id="w8.6.24">vklopa</w>
 <w id="w8.6.25">“</w>
 <w id="w8.6.26">)</w>
 <w id="w8.6.27">,</w> 
 <w id="w8.6.28">in</w> 
 <w id="w8.6.29">med</w> 
 <w id="w8.6.30">stanjem</w>
 <w id="w8.6.31">,</w> 
 <w id="w8.6.32">ko</w> 
 <w id="w8.6.33">ima</w> 
 <w id="w8.6.34">z</w> 
 <w id="w8.6.35">gibanjem</w> 
 <w id="w8.6.36">težave</w> 
 <w id="w8.6.37">(</w>
 <w id="w8.6.38">stanje</w> 
 <w id="w8.6.39">„</w>
 <w id="w8.6.40">izklopa</w>
 <w id="w8.6.41">“</w>
 <w id="w8.6.42">)</w>
 <w id="w8.6.43">.</w>
</s> 
 
<s id="s8.7">
 <w id="w8.7.1">Zdravilo</w> 
 <w id="w8.7.2">Comtan</w> 
 <w id="w8.7.3">se</w> 
 <w id="w8.7.4">uporablja</w>
 <w id="w8.7.5">,</w> 
 <w id="w8.7.6">kadar</w> 
 <w id="w8.7.7">nihanj</w> 
 <w id="w8.7.8">ne</w> 
 <w id="w8.7.9">moremo</w> 
 <w id="w8.7.10">zdraviti</w> 
 <w id="w8.7.11">samo</w> 
 <w id="w8.7.12">s</w> 
 <w id="w8.7.13">standardno</w> 
 <w id="w8.7.14">kombinacijo</w>
 <w id="w8.7.15">,</w> 
 <w id="w8.7.16">ki</w> 
 <w id="w8.7.17">vsebuje</w> 
 <w id="w8.7.18">levodopo</w>
 <w id="w8.7.19">.</w>
</s> 
 
<s id="s8.8">
 <w id="w8.8.1">Zdravilo</w> 
 <w id="w8.8.2">se</w> 
 <w id="w8.8.3">dobi</w> 
 <w id="w8.8.4">samo</w> 
 <w id="w8.8.5">na</w> 
 <w id="w8.8.6">recept</w>
 <w id="w8.8.7">.</w>
</s></p>

<p id="9">
<s id="s9.1">
 <w id="w9.1.1">Kako</w> 
 <w id="w9.1.2">se</w> 
 <w id="w9.1.3">zdravilo</w> 
 <w id="w9.1.4">Comtan</w> 
 <w id="w9.1.5">uporablja</w>
 <w id="w9.1.6">?</w>
</s> 
 
<s id="s9.2">
 <w id="w9.2.1">Zdravilo</w> 
 <w id="w9.2.2">Comtan</w> 
 <w id="w9.2.3">se</w> 
 <w id="w9.2.4">uporablja</w> 
 <w id="w9.2.5">samo</w> 
 <w id="w9.2.6">v</w> 
 <w id="w9.2.7">kombinaciji</w> 
 <w id="w9.2.8">z</w> 
 <w id="w9.2.9">levodopo</w> 
 <w id="w9.2.10">in</w> 
 <w id="w9.2.11">benserazidom</w> 
 <w id="w9.2.12">oziroma</w> 
 <w id="w9.2.13">levodopo</w> 
 <w id="w9.2.14">in</w> 
 <w id="w9.2.15">karbidopo</w>
 <w id="w9.2.16">.</w>
</s> 
 
<s id="s9.3">
 <w id="w9.3.1">Bolnik</w> 
 <w id="w9.3.2">zaužije</w> 
 <w id="w9.3.3">eno</w> 
 <w id="w9.3.4">tableto</w> 
 <w id="w9.3.5">zdravila</w> 
 <w id="w9.3.6">Comtan</w> 
 <w id="w9.3.7">skupaj</w> 
 <w id="w9.3.8">z</w> 
 <w id="w9.3.9">vsakim</w> 
 <w id="w9.3.10">odmerkom</w> 
 <w id="w9.3.11">drugega</w> 
 <w id="w9.3.12">zdravila</w>
 <w id="w9.3.13">,</w> 
 <w id="w9.3.14">vendar</w> 
 <w id="w9.3.15">največ</w> 
 <w id="w9.3.16">10</w> 
 <w id="w9.3.17">tablet</w> 
 <w id="w9.3.18">na</w> 
 <w id="w9.3.19">dan</w>
 <w id="w9.3.20">.</w>
</s> 
 
<s id="s9.4">
 <w id="w9.4.1">Zdravilo</w> 
 <w id="w9.4.2">se</w> 
 <w id="w9.4.3">lahko</w> 
 <w id="w9.4.4">jemlje</w> 
 <w id="w9.4.5">s</w> 
 <w id="w9.4.6">hrano</w> 
 <w id="w9.4.7">ali</w> 
 <w id="w9.4.8">brez</w> 
 <w id="w9.4.9">nje</w>
 <w id="w9.4.10">.</w>
</s> 
 
<s id="s9.5">
 <w id="w9.5.1">Ko</w> 
 <w id="w9.5.2">bolnik</w> 
 <w id="w9.5.3">prvič</w> 
 <w id="w9.5.4">doda</w> 
 <w id="w9.5.5">zdravilo</w> 
 <w id="w9.5.6">Comtan</w> 
 <w id="w9.5.7">svojim</w> 
 <w id="w9.5.8">obstoječim</w> 
 <w id="w9.5.9">zdravilom</w>
 <w id="w9.5.10">,</w> 
 <w id="w9.5.11">bo</w> 
 <w id="w9.5.12">morda</w> 
 <w id="w9.5.13">moral</w> 
 <w id="w9.5.14">vzeti</w> 
 <w id="w9.5.15">manjši</w> 
 <w id="w9.5.16">dnevni</w> 
 <w id="w9.5.17">odmerek</w> 
 <w id="w9.5.18">levodope</w>
 <w id="w9.5.19">,</w> 
 <w id="w9.5.20">kar</w> 
 <w id="w9.5.21">lahko</w> 
 <w id="w9.5.22">doseže</w> 
 <w id="w9.5.23">tako</w>
 <w id="w9.5.24">,</w> 
 <w id="w9.5.25">da</w> 
 <w id="w9.5.26">bodisi</w> 
 <w id="w9.5.27">spremeni</w> 
 <w id="w9.5.28">pogostost</w> 
 <w id="w9.5.29">jemanja</w> 
 <w id="w9.5.30">levodope</w> 
 <w id="w9.5.31">ali</w> 
 <w id="w9.5.32">pa</w> 
 <w id="w9.5.33">zmanjša</w> 
 <w id="w9.5.34">količino</w> 
 <w id="w9.5.35">levodope</w>
 <w id="w9.5.36">,</w> 
 <w id="w9.5.37">zaužite</w> 
 <w id="w9.5.38">v</w> 
 <w id="w9.5.39">vsakem</w> 
 <w id="w9.5.40">odmerku</w>
 <w id="w9.5.41">.</w>
</s> 
 
<s id="s9.6">
 <w id="w9.6.1">Zdravilo</w> 
 <w id="w9.6.2">Comtan</w> 
 <w id="w9.6.3">se</w> 
 <w id="w9.6.4">lahko</w> 
 <w id="w9.6.5">uporablja</w> 
 <w id="w9.6.6">le</w> 
 <w id="w9.6.7">s</w> 
 <w id="w9.6.8">standardnimi</w> 
 <w id="w9.6.9">kombinacijami</w> 
 <w id="w9.6.10">levodope</w>
 <w id="w9.6.11">.</w>
</s> 
 
<s id="s9.7">
 <w id="w9.7.1">Ne</w> 
 <w id="w9.7.2">sme</w> 
 <w id="w9.7.3">se</w> 
 <w id="w9.7.4">ga</w> 
 <w id="w9.7.5">uporabljati</w> 
 <w id="w9.7.6">skupaj</w> 
 <w id="w9.7.7">v</w> 
 <w id="w9.7.8">kombinacijah</w> 
 <w id="w9.7.9">s</w> 
 <w id="w9.7.10">„</w>
 <w id="w9.7.11">prilagojenim</w> 
 <w id="w9.7.12">sproščanjem</w>
 <w id="w9.7.13">“</w> 
 <w id="w9.7.14">(</w>
 <w id="w9.7.15">kjer</w> 
 <w id="w9.7.16">se</w> 
 <w id="w9.7.17">levodopa</w> 
 <w id="w9.7.18">počasi</w> 
 <w id="w9.7.19">sprošča</w> 
 <w id="w9.7.20">v</w> 
 <w id="w9.7.21">obdobju</w> 
 <w id="w9.7.22">več</w> 
 <w id="w9.7.23">ur</w>
 <w id="w9.7.24">)</w>
 <w id="w9.7.25">.</w>
</s></p>

<p id="10">
<s id="s10.1">
 <w id="w10.1.1">Kako</w> 
 <w id="w10.1.2">zdravilo</w> 
 <w id="w10.1.3">Comtan</w> 
 <w id="w10.1.4">deluje</w>
 <w id="w10.1.5">?</w>
</s> 
 
<s id="s10.2">
 <w id="w10.2.1">Pri</w> 
 <w id="w10.2.2">bolnikih</w> 
 <w id="w10.2.3">s</w> 
 <w id="w10.2.4">Parkinsonovo</w> 
 <w id="w10.2.5">boleznijo</w> 
 <w id="w10.2.6">začnejo</w> 
 <w id="w10.2.7">celice</w> 
 <w id="w10.2.8">v</w> 
 <w id="w10.2.9">možganih</w>
 <w id="w10.2.10">,</w> 
 <w id="w10.2.11">ki</w> 
 <w id="w10.2.12">proizvajajo</w> 
 <w id="w10.2.13">živčni</w> 
 <w id="w10.2.14">prenašalec</w> 
 <w id="w10.2.15">dopamin</w>
 <w id="w10.2.16">,</w> 
 <w id="w10.2.17">odmirati</w>
 <w id="w10.2.18">,</w> 
 <w id="w10.2.19">zato</w> 
 <w id="w10.2.20">se</w> 
 <w id="w10.2.21">količina</w> 
 <w id="w10.2.22">dopamina</w> 
 <w id="w10.2.23">v</w> 
 <w id="w10.2.24">možganih</w> 
 <w id="w10.2.25">zmanjša</w>
 <w id="w10.2.26">.</w>
</s> 
 
<s id="s10.3">
 <w id="w10.3.1">Bolniki</w> 
 <w id="w10.3.2">zatem</w> 
 <w id="w10.3.3">izgubijo</w> 
 <w id="w10.3.4">zmožnost</w> 
 <w id="w10.3.5">zanesljivega</w> 
 <w id="w10.3.6">nadzora</w> 
 <w id="w10.3.7">nad</w> 
 <w id="w10.3.8">svojimi</w> 
 <w id="w10.3.9">gibi</w>
 <w id="w10.3.10">.</w>
</s> 
 
<s id="s10.4">
 <w id="w10.4.1">Zdravilna</w> 
 <w id="w10.4.2">učinkovina</w> 
 <w id="w10.4.3">v</w> 
 <w id="w10.4.4">zdravilu</w> 
 <w id="w10.4.5">Comtan</w>
 <w id="w10.4.6">,</w> 
 <w id="w10.4.7">entakapon</w>
 <w id="w10.4.8">,</w> 
 <w id="w10.4.9">deluje</w> 
 <w id="w10.4.10">tako</w>
 <w id="w10.4.11">,</w> 
 <w id="w10.4.12">da</w> 
 <w id="w10.4.13">ponovno</w> 
 <w id="w10.4.14">vzpostavi</w> 
 <w id="w10.4.15">ravni</w> 
 <w id="w10.4.16">dopamina</w> 
 <w id="w10.4.17">v</w> 
 <w id="w10.4.18">delih</w> 
 <w id="w10.4.19">možganov</w>
 <w id="w10.4.20">,</w> 
 <w id="w10.4.21">ki</w> 
 <w id="w10.4.22">nadzorujejo</w> 
 <w id="w10.4.23">gibe</w> 
 <w id="w10.4.24">in</w> 
 <w id="w10.4.25">njihovo</w> 
 <w id="w10.4.26">usklajenost</w>
 <w id="w10.4.27">.</w>
</s> 
 
<s id="s10.5">
 <w id="w10.5.1">Deluje</w> 
 <w id="w10.5.2">samo</w> 
 <w id="w10.5.3">pri</w> 
 <w id="w10.5.4">uporabi</w> 
 <w id="w10.5.5">skupaj</w> 
 <w id="w10.5.6">z</w> 
 <w id="w10.5.7">levodopo</w>
 <w id="w10.5.8">,</w> 
 <w id="w10.5.9">kopijo</w> 
 <w id="w10.5.10">živčnega</w> 
 <w id="w10.5.11">prenašalca</w> 
 <w id="w10.5.12">dopamina</w>
 <w id="w10.5.13">,</w> 
 <w id="w10.5.14">ki</w> 
 <w id="w10.5.15">se</w> 
 <w id="w10.5.16">jo</w> 
 <w id="w10.5.17">lahko</w> 
 <w id="w10.5.18">jemlje</w> 
 <w id="w10.5.19">peroralno</w>
 <w id="w10.5.20">.</w>
</s> 
 
<s id="s10.6">
 <w id="w10.6.1">Entakapon</w> 
 <w id="w10.6.2">blokira</w> 
 <w id="w10.6.3">encim</w>
 <w id="w10.6.4">,</w> 
 <w id="w10.6.5">imenovan</w> 
 <w id="w10.6.6">katehol-</w>
 <w id="w10.6.7">O-</w>
 <w id="w10.6.8">metiltransferaza</w> 
 <w id="w10.6.9">(</w>
 <w id="w10.6.10">COMT</w>
 <w id="w10.6.11">)</w>
 <w id="w10.6.12">,</w> 
 <w id="w10.6.13">ki</w>
</s></p>

<p id="11">
<s id="s11.1">
 <w id="w11.1.1">7</w> 
 <w id="w11.1.2">Westferry</w> 
 <w id="w11.1.3">Circus</w>
 <w id="w11.1.4">,</w> 
 <w id="w11.1.5">Canary</w> 
 <w id="w11.1.6">Wharf</w>
 <w id="w11.1.7">,</w> 
 <w id="w11.1.8">London</w> 
 <w id="w11.1.9">E14</w> 
 <w id="w11.1.10">4HB</w>
 <w id="w11.1.11">,</w> 
 <w id="w11.1.12">UK</w>                                   
 <w id="w11.1.13">Tel</w>
 <w id="w11.1.14">.</w>
</s> 
 
<s id="s11.2">
 <w id="w11.2.1">(</w>
 <w id="w11.2.2">44-</w>
 <w id="w11.2.3">20</w>
 <w id="w11.2.4">)</w> 
 <w id="w11.2.5">74</w> 
 <w id="w11.2.6">18</w> 
 <w id="w11.2.7">84</w> 
 <w id="w11.2.8">00</w> 
 <w id="w11.2.9">Fax</w> 
 <w id="w11.2.10">(</w>
 <w id="w11.2.11">44-</w>
 <w id="w11.2.12">20</w>
 <w id="w11.2.13">)</w> 
 <w id="w11.2.14">74</w> 
 <w id="w11.2.15">18</w> 
 <w id="w11.2.16">84</w> 
 <w id="w11.2.17">16</w>                              
 <w id="w11.2.18">E-</w>
 <w id="w11.2.19">mail</w>
 <w id="w11.2.20">:</w> 
 <w id="w11.2.21">mail@</w>
 <w id="w11.2.22">emea.</w>
 <w id="w11.2.23">europa.</w>
 <w id="w11.2.24">eu</w> 
 <w id="w11.2.25">http</w>
 <w id="w11.2.26">:</w>
 <w id="w11.2.27">//</w>
 <w id="w11.2.28">www.</w>
 <w id="w11.2.29">emea.</w>
 <w id="w11.2.30">europa.</w>
 <w id="w11.2.31">eu</w>
</s></p>

<p id="12">
<s id="s12.1">
 <w id="w12.1.1">©</w> 
 <w id="w12.1.2">European</w> 
 <w id="w12.1.3">Medicines</w> 
 <w id="w12.1.4">Agency</w>
 <w id="w12.1.5">,</w> 
 <w id="w12.1.6">2008</w>
 <w id="w12.1.7">.</w>
</s> 
 
<s id="s12.2">
 <w id="w12.2.1">Reproduction</w> 
 <w id="w12.2.2">is</w> 
 <w id="w12.2.3">authorised</w> 
 <w id="w12.2.4">provided</w> 
 <w id="w12.2.5">the</w> 
 <w id="w12.2.6">source</w> 
 <w id="w12.2.7">is</w> 
 <w id="w12.2.8">acknowledged</w>
 <w id="w12.2.9">.</w> 
 <w id="w12.2.10">sodeluje</w> 
 <w id="w12.2.11">pri</w> 
 <w id="w12.2.12">razgradnji</w> 
 <w id="w12.2.13">levodope</w> 
 <w id="w12.2.14">v</w> 
 <w id="w12.2.15">telesu</w>
 <w id="w12.2.16">.</w>
</s> 
 
<s id="s12.3">
 <w id="w12.3.1">Posledično</w> 
 <w id="w12.3.2">ostane</w> 
 <w id="w12.3.3">levodopa</w> 
 <w id="w12.3.4">aktivna</w> 
 <w id="w12.3.5">dlje</w>
 <w id="w12.3.6">.</w>
</s> 
 
<s id="s12.4">
 <w id="w12.4.1">To</w> 
 <w id="w12.4.2">olajša</w> 
 <w id="w12.4.3">simptome</w> 
 <w id="w12.4.4">Parkinsonove</w> 
 <w id="w12.4.5">bolezni</w>
 <w id="w12.4.6">,</w> 
 <w id="w12.4.7">kot</w> 
 <w id="w12.4.8">sta</w> 
 <w id="w12.4.9">otrdelost</w> 
 <w id="w12.4.10">mišic</w> 
 <w id="w12.4.11">in</w> 
 <w id="w12.4.12">upočasnjeno</w> 
 <w id="w12.4.13">izvajanje</w> 
 <w id="w12.4.14">gibov</w>
 <w id="w12.4.15">.</w>
</s></p>

<p id="13">
<s id="s13.1">
 <w id="w13.1.1">Kako</w> 
 <w id="w13.1.2">je</w> 
 <w id="w13.1.3">bilo</w> 
 <w id="w13.1.4">zdravilo</w> 
 <w id="w13.1.5">Comtan</w> 
 <w id="w13.1.6">raziskano</w>
 <w id="w13.1.7">?</w>
</s> 
 
<s id="s13.2">
 <w id="w13.2.1">Zdravilo</w> 
 <w id="w13.2.2">Comtan</w> 
 <w id="w13.2.3">so</w> 
 <w id="w13.2.4">preučevali</w> 
 <w id="w13.2.5">pri</w> 
 <w id="w13.2.6">skupno</w> 
 <w id="w13.2.7">376</w> 
 <w id="w13.2.8">bolnikih</w> 
 <w id="w13.2.9">s</w> 
 <w id="w13.2.10">Parkinsonovo</w> 
 <w id="w13.2.11">boleznijo</w> 
 <w id="w13.2.12">v</w> 
 <w id="w13.2.13">dveh</w> 
 <w id="w13.2.14">šestmesečnih</w> 
 <w id="w13.2.15">študijah</w>
 <w id="w13.2.16">,</w> 
 <w id="w13.2.17">v</w> 
 <w id="w13.2.18">katerih</w> 
 <w id="w13.2.19">so</w> 
 <w id="w13.2.20">merili</w> 
 <w id="w13.2.21">učinke</w> 
 <w id="w13.2.22">dodajanja</w> 
 <w id="w13.2.23">zdravila</w> 
 <w id="w13.2.24">Comtan</w> 
 <w id="w13.2.25">ali</w> 
 <w id="w13.2.26">placeba</w> 
 <w id="w13.2.27">(</w>
 <w id="w13.2.28">zdravila</w> 
 <w id="w13.2.29">brez</w> 
 <w id="w13.2.30">zdravilne</w> 
 <w id="w13.2.31">učinkovine</w>
 <w id="w13.2.32">)</w> 
 <w id="w13.2.33">bolnikovi</w> 
 <w id="w13.2.34">kombinaciji</w> 
 <w id="w13.2.35">levodope</w> 
 <w id="w13.2.36">in</w> 
 <w id="w13.2.37">karbidope</w> 
 <w id="w13.2.38">oziroma</w> 
 <w id="w13.2.39">levodope</w> 
 <w id="w13.2.40">in</w> 
 <w id="w13.2.41">benserazida</w>
 <w id="w13.2.42">.</w>
</s> 
 
<s id="s13.3">
 <w id="w13.3.1">Glavno</w> 
 <w id="w13.3.2">merilo</w> 
 <w id="w13.3.3">učinkovitosti</w> 
 <w id="w13.3.4">je</w> 
 <w id="w13.3.5">bil</w> 
 <w id="w13.3.6">čas</w>
 <w id="w13.3.7">,</w> 
 <w id="w13.3.8">ko</w> 
 <w id="w13.3.9">je</w> 
 <w id="w13.3.10">bilo</w> 
 <w id="w13.3.11">bolnikovo</w> 
 <w id="w13.3.12">stanje</w> 
 <w id="w13.3.13">dobro</w> 
 <w id="w13.3.14">(</w>
 <w id="w13.3.15">stanje</w> 
 <w id="w13.3.16">„</w>
 <w id="w13.3.17">vklopa</w>
 <w id="w13.3.18">“</w>
 <w id="w13.3.19">,</w> 
 <w id="w13.3.20">ko</w> 
 <w id="w13.3.21">je</w> 
 <w id="w13.3.22">levodopa</w> 
 <w id="w13.3.23">nadzorovala</w> 
 <w id="w13.3.24">simptome</w> 
 <w id="w13.3.25">Parkinsonove</w> 
 <w id="w13.3.26">bolezni</w>
 <w id="w13.3.27">)</w>
 <w id="w13.3.28">,</w> 
 <w id="w13.3.29">in</w> 
 <w id="w13.3.30">sicer</w> 
 <w id="w13.3.31">po</w> 
 <w id="w13.3.32">prvem</w> 
 <w id="w13.3.33">jutranjem</w> 
 <w id="w13.3.34">odmerku</w> 
 <w id="w13.3.35">levodope</w> 
 <w id="w13.3.36">v</w> 
 <w id="w13.3.37">prvi</w> 
 <w id="w13.3.38">študiji</w> 
 <w id="w13.3.39">in</w> 
 <w id="w13.3.40">v</w> 
 <w id="w13.3.41">teku</w> 
 <w id="w13.3.42">celega</w> 
 <w id="w13.3.43">dne</w> 
 <w id="w13.3.44">v</w> 
 <w id="w13.3.45">drugi</w> 
 <w id="w13.3.46">študiji</w>
 <w id="w13.3.47">.</w>
</s></p>

<p id="14">
<s id="s14.1">
 <w id="w14.1.1">Kakšne</w> 
 <w id="w14.1.2">koristi</w> 
 <w id="w14.1.3">je</w> 
 <w id="w14.1.4">zdravilo</w> 
 <w id="w14.1.5">Comtan</w> 
 <w id="w14.1.6">izkazalo</w> 
 <w id="w14.1.7">med</w> 
 <w id="w14.1.8">študijami</w>
 <w id="w14.1.9">?</w>
</s> 
 
<s id="s14.2">
 <w id="w14.2.1">V</w> 
 <w id="w14.2.2">obeh</w> 
 <w id="w14.2.3">študijah</w> 
 <w id="w14.2.4">je</w> 
 <w id="w14.2.5">bilo</w> 
 <w id="w14.2.6">zdravilo</w> 
 <w id="w14.2.7">Comtan</w> 
 <w id="w14.2.8">učinkovitejše</w> 
 <w id="w14.2.9">od</w> 
 <w id="w14.2.10">placeba</w>
 <w id="w14.2.11">.</w>
</s> 
 
<s id="s14.3">
 <w id="w14.3.1">V</w> 
 <w id="w14.3.2">prvi</w> 
 <w id="w14.3.3">študiji</w> 
 <w id="w14.3.4">je</w> 
 <w id="w14.3.5">dodajanje</w> 
 <w id="w14.3.6">zdravila</w> 
 <w id="w14.3.7">Comtan</w> 
 <w id="w14.3.8">podaljšalo</w> 
 <w id="w14.3.9">trajanje</w> 
 <w id="w14.3.10">stanja</w> 
 <w id="w14.3.11">„</w>
 <w id="w14.3.12">vklopa</w>
 <w id="w14.3.13">“</w> 
 <w id="w14.3.14">za</w> 
 <w id="w14.3.15">1</w> 
 <w id="w14.3.16">uro</w> 
 <w id="w14.3.17">in</w> 
 <w id="w14.3.18">18</w> 
 <w id="w14.3.19">minut</w> 
 <w id="w14.3.20">v</w> 
 <w id="w14.3.21">primerjavi</w> 
 <w id="w14.3.22">s</w> 
 <w id="w14.3.23">placebom</w>
 <w id="w14.3.24">.</w>
</s> 
 
<s id="s14.4">
 <w id="w14.4.1">V</w> 
 <w id="w14.4.2">drugi</w> 
 <w id="w14.4.3">študiji</w> 
 <w id="w14.4.4">je</w> 
 <w id="w14.4.5">bil</w> 
 <w id="w14.4.6">v</w> 
 <w id="w14.4.7">primerjavi</w> 
 <w id="w14.4.8">s</w> 
 <w id="w14.4.9">placebom</w> 
 <w id="w14.4.10">ta</w> 
 <w id="w14.4.11">čas</w> 
 <w id="w14.4.12">daljši</w> 
 <w id="w14.4.13">za</w> 
 <w id="w14.4.14">35</w> 
 <w id="w14.4.15">minut</w>
 <w id="w14.4.16">.</w>
</s></p>

<p id="15">
<s id="s15.1">
 <w id="w15.1.1">Kakšna</w> 
 <w id="w15.1.2">tveganja</w> 
 <w id="w15.1.3">so</w> 
 <w id="w15.1.4">povezana</w> 
 <w id="w15.1.5">z</w> 
 <w id="w15.1.6">zdravilom</w> 
 <w id="w15.1.7">Comtan</w>
 <w id="w15.1.8">?</w>
</s> 
 
<s id="s15.2">
 <w id="w15.2.1">Najpogostejši</w> 
 <w id="w15.2.2">neželeni</w> 
 <w id="w15.2.3">učinki</w> 
 <w id="w15.2.4">zdravila</w> 
 <w id="w15.2.5">Comtan</w> 
 <w id="w15.2.6">(</w>
 <w id="w15.2.7">opaženi</w> 
 <w id="w15.2.8">pri</w> 
 <w id="w15.2.9">1</w> 
 <w id="w15.2.10">do</w> 
 <w id="w15.2.11">10</w> 
 <w id="w15.2.12">bolnikih</w> 
 <w id="w15.2.13">izmed</w> 
 <w id="w15.2.14">100</w>
 <w id="w15.2.15">)</w> 
 <w id="w15.2.16">so</w> 
 <w id="w15.2.17">diskinezija</w> 
 <w id="w15.2.18">(</w>
 <w id="w15.2.19">nekontrolirani</w> 
 <w id="w15.2.20">gibi</w>
 <w id="w15.2.21">)</w>
 <w id="w15.2.22">,</w> 
 <w id="w15.2.23">navzeja</w> 
 <w id="w15.2.24">(</w>
 <w id="w15.2.25">občutek</w> 
 <w id="w15.2.26">slabosti</w>
 <w id="w15.2.27">)</w> 
 <w id="w15.2.28">in</w> 
 <w id="w15.2.29">nenevarna</w> 
 <w id="w15.2.30">sprememba</w> 
 <w id="w15.2.31">barve</w> 
 <w id="w15.2.32">urina</w>
 <w id="w15.2.33">.</w>
</s> 
 
<s id="s15.3">
 <w id="w15.3.1">Za</w> 
 <w id="w15.3.2">celoten</w> 
 <w id="w15.3.3">seznam</w> 
 <w id="w15.3.4">neželenih</w> 
 <w id="w15.3.5">učinkov</w>
 <w id="w15.3.6">,</w> 
 <w id="w15.3.7">o</w> 
 <w id="w15.3.8">katerih</w> 
 <w id="w15.3.9">so</w> 
 <w id="w15.3.10">poročali</w> 
 <w id="w15.3.11">pri</w> 
 <w id="w15.3.12">uporabi</w> 
 <w id="w15.3.13">zdravila</w> 
 <w id="w15.3.14">Comtan</w>
 <w id="w15.3.15">,</w> 
 <w id="w15.3.16">glejte</w> 
 <w id="w15.3.17">navodilo</w> 
 <w id="w15.3.18">za</w> 
 <w id="w15.3.19">uporabo</w>
 <w id="w15.3.20">.</w>
</s> 
 
<s id="s15.4">
 <w id="w15.4.1">Zdravila</w> 
 <w id="w15.4.2">Comtan</w> 
 <w id="w15.4.3">ne</w> 
 <w id="w15.4.4">smejo</w> 
 <w id="w15.4.5">uporabljati</w> 
 <w id="w15.4.6">osebe</w>
 <w id="w15.4.7">,</w> 
 <w id="w15.4.8">ki</w> 
 <w id="w15.4.9">utegnejo</w> 
 <w id="w15.4.10">biti</w> 
 <w id="w15.4.11">preobčutljive</w> 
 <w id="w15.4.12">za</w> 
 <w id="w15.4.13">(</w>
 <w id="w15.4.14">alergične</w> 
 <w id="w15.4.15">na</w>
 <w id="w15.4.16">)</w> 
 <w id="w15.4.17">entakapon</w> 
 <w id="w15.4.18">ali</w> 
 <w id="w15.4.19">katero</w> 
 <w id="w15.4.20">koli</w> 
 <w id="w15.4.21">drugo</w> 
 <w id="w15.4.22">sestavino</w> 
 <w id="w15.4.23">zdravila</w>
 <w id="w15.4.24">.</w>
</s> 
 
<s id="s15.5">
 <w id="w15.5.1">Zdravila</w> 
 <w id="w15.5.2">Comtan</w> 
 <w id="w15.5.3">ne</w> 
 <w id="w15.5.4">smejo</w> 
 <w id="w15.5.5">uporabljati</w> 
 <w id="w15.5.6">bolniki</w>
 <w id="w15.5.7">:</w> 
 <w id="w15.5.8">•</w> 
 <w id="w15.5.9">z</w> 
 <w id="w15.5.10">obolenji</w> 
 <w id="w15.5.11">jeter</w>
 <w id="w15.5.12">,</w> 
 <w id="w15.5.13">•</w> 
 <w id="w15.5.14">s</w> 
 <w id="w15.5.15">feokromocitomom</w> 
 <w id="w15.5.16">(</w>
 <w id="w15.5.17">tumorjem</w> 
 <w id="w15.5.18">nadledvične</w> 
 <w id="w15.5.19">žleze</w>
 <w id="w15.5.20">)</w>
 <w id="w15.5.21">,</w> 
 <w id="w15.5.22">•</w> 
 <w id="w15.5.23">ki</w> 
 <w id="w15.5.24">so</w> 
 <w id="w15.5.25">imeli</w> 
 <w id="w15.5.26">v</w> 
 <w id="w15.5.27">preteklosti</w> 
 <w id="w15.5.28">nevroleptični</w> 
 <w id="w15.5.29">maligni</w> 
 <w id="w15.5.30">sindrom</w> 
 <w id="w15.5.31">(</w>
 <w id="w15.5.32">nevarno</w> 
 <w id="w15.5.33">obolenje</w> 
 <w id="w15.5.34">živčnega</w> 
 <w id="w15.5.35">sistema</w>
 <w id="w15.5.36">,</w> 
 <w id="w15.5.37">ki</w> 
 <w id="w15.5.38">ga</w>      
 <w id="w15.5.39">običajno</w> 
 <w id="w15.5.40">povzročijo</w> 
 <w id="w15.5.41">antipsihotična</w> 
 <w id="w15.5.42">zdravila</w>
 <w id="w15.5.43">)</w> 
 <w id="w15.5.44">ali</w> 
 <w id="w15.5.45">rabdomiolizo</w> 
 <w id="w15.5.46">(</w>
 <w id="w15.5.47">razgradnjo</w> 
 <w id="w15.5.48">mišičnih</w> 
 <w id="w15.5.49">vlaken</w>
 <w id="w15.5.50">)</w>
 <w id="w15.5.51">.</w>
</s> 
 
<s id="s15.6">
 <w id="w15.6.1">Zdravilo</w> 
 <w id="w15.6.2">Comtan</w> 
 <w id="w15.6.3">se</w> 
 <w id="w15.6.4">ne</w> 
 <w id="w15.6.5">sme</w> 
 <w id="w15.6.6">jemati</w> 
 <w id="w15.6.7">hkrati</w> 
 <w id="w15.6.8">z</w> 
 <w id="w15.6.9">drugimi</w> 
 <w id="w15.6.10">zdravili</w>
 <w id="w15.6.11">,</w> 
 <w id="w15.6.12">ki</w> 
 <w id="w15.6.13">spadajo</w> 
 <w id="w15.6.14">v</w> 
 <w id="w15.6.15">skupino</w> 
 <w id="w15.6.16">zaviralcev</w> 
 <w id="w15.6.17">monoaminooksidaze</w> 
 <w id="w15.6.18">(</w>
 <w id="w15.6.19">vrste</w> 
 <w id="w15.6.20">antidepresivov</w>
 <w id="w15.6.21">)</w>
 <w id="w15.6.22">.</w>
</s> 
 
<s id="s15.7">
 <w id="w15.7.1">Za</w> 
 <w id="w15.7.2">podrobne</w> 
 <w id="w15.7.3">informacije</w> 
 <w id="w15.7.4">glejte</w> 
 <w id="w15.7.5">povzetek</w> 
 <w id="w15.7.6">glavnih</w> 
 <w id="w15.7.7">značilnosti</w> 
 <w id="w15.7.8">zdravila</w> 
 <w id="w15.7.9">(</w>
 <w id="w15.7.10">ki</w> 
 <w id="w15.7.11">je</w> 
 <w id="w15.7.12">prav</w> 
 <w id="w15.7.13">tako</w> 
 <w id="w15.7.14">del</w> 
 <w id="w15.7.15">EPAR</w>
 <w id="w15.7.16">)</w>
 <w id="w15.7.17">.</w>
</s></p>

<p id="16">
<s id="s16.1">
 <w id="w16.1.1">Zakaj</w> 
 <w id="w16.1.2">je</w> 
 <w id="w16.1.3">bilo</w> 
 <w id="w16.1.4">zdravilo</w> 
 <w id="w16.1.5">Comtan</w> 
 <w id="w16.1.6">odobreno</w>
 <w id="w16.1.7">?</w>
</s> 
 
<s id="s16.2">
 <w id="w16.2.1">Odbor</w> 
 <w id="w16.2.2">za</w> 
 <w id="w16.2.3">zdravila</w> 
 <w id="w16.2.4">za</w> 
 <w id="w16.2.5">uporabo</w> 
 <w id="w16.2.6">v</w> 
 <w id="w16.2.7">humani</w> 
 <w id="w16.2.8">medicini</w> 
 <w id="w16.2.9">(</w>
 <w id="w16.2.10">CHMP</w>
 <w id="w16.2.11">)</w> 
 <w id="w16.2.12">je</w> 
 <w id="w16.2.13">zaključil</w>
 <w id="w16.2.14">,</w> 
 <w id="w16.2.15">da</w> 
 <w id="w16.2.16">so</w> 
 <w id="w16.2.17">koristi</w> 
 <w id="w16.2.18">zdravila</w> 
 <w id="w16.2.19">Comtan</w> 
 <w id="w16.2.20">kot</w> 
 <w id="w16.2.21">dodatka</w> 
 <w id="w16.2.22">k</w> 
 <w id="w16.2.23">standardnima</w> 
 <w id="w16.2.24">kombinacijama</w> 
 <w id="w16.2.25">levodope/</w>
 <w id="w16.2.26">benserazida</w> 
 <w id="w16.2.27">oziroma</w> 
 <w id="w16.2.28">levodope/</w>
 <w id="w16.2.29">karbidope</w> 
 <w id="w16.2.30">za</w> 
 <w id="w16.2.31">zdravljenje</w> 
 <w id="w16.2.32">bolnikov</w> 
 <w id="w16.2.33">s</w> 
 <w id="w16.2.34">Parkinsonovo</w> 
 <w id="w16.2.35">boleznijo</w> 
 <w id="w16.2.36">in</w> 
 <w id="w16.2.37">motoričnimi</w> 
 <w id="w16.2.38">nihanji</w> 
 <w id="w16.2.39">ob</w> 
 <w id="w16.2.40">koncu</w> 
 <w id="w16.2.41">delovanja</w> 
 <w id="w16.2.42">odmerka</w>
 <w id="w16.2.43">,</w> 
 <w id="w16.2.44">ki</w> 
 <w id="w16.2.45">jih</w> 
 <w id="w16.2.46">ne</w> 
 <w id="w16.2.47">moremo</w> 
 <w id="w16.2.48">stabilizirati</w> 
 <w id="w16.2.49">z</w> 
 <w id="w16.2.50">navedenimi</w> 
 <w id="w16.2.51">kombinacijami</w>
 <w id="w16.2.52">,</w> 
 <w id="w16.2.53">večje</w> 
 <w id="w16.2.54">od</w> 
 <w id="w16.2.55">z</w> 
 <w id="w16.2.56">njim</w> 
 <w id="w16.2.57">povezanih</w> 
 <w id="w16.2.58">tveganj</w>
 <w id="w16.2.59">.</w>
</s> 
 
<s id="s16.3">
 <w id="w16.3.1">Odbor</w> 
 <w id="w16.3.2">je</w> 
 <w id="w16.3.3">priporočil</w>
 <w id="w16.3.4">,</w> 
 <w id="w16.3.5">da</w> 
 <w id="w16.3.6">se</w> 
 <w id="w16.3.7">za</w> 
 <w id="w16.3.8">zdravilo</w> 
 <w id="w16.3.9">Comtan</w> 
 <w id="w16.3.10">odobri</w> 
 <w id="w16.3.11">dovoljenje</w> 
 <w id="w16.3.12">za</w> 
 <w id="w16.3.13">promet</w>
 <w id="w16.3.14">.</w>
</s></p>

<p id="17">
<s id="s17.1">
 <w id="w17.1.1">Druge</w> 
 <w id="w17.1.2">informacije</w> 
 <w id="w17.1.3">o</w> 
 <w id="w17.1.4">zdravilu</w> 
 <w id="w17.1.5">Comtan</w>
 <w id="w17.1.6">:</w>
</s> 
 
<s id="s17.2">
 <w id="w17.2.1">Evropska</w> 
 <w id="w17.2.2">komisija</w> 
 <w id="w17.2.3">je</w> 
 <w id="w17.2.4">dovoljenje</w> 
 <w id="w17.2.5">za</w> 
 <w id="w17.2.6">promet</w> 
 <w id="w17.2.7">z</w> 
 <w id="w17.2.8">zdravilom</w> 
 <w id="w17.2.9">Comtan</w>
 <w id="w17.2.10">,</w> 
 <w id="w17.2.11">veljavno</w> 
 <w id="w17.2.12">po</w> 
 <w id="w17.2.13">vsej</w> 
 <w id="w17.2.14">Evropski</w> 
 <w id="w17.2.15">uniji</w>
 <w id="w17.2.16">,</w> 
 <w id="w17.2.17">odobrila</w> 
 <w id="w17.2.18">družbi</w> 
 <w id="w17.2.19">Novartis</w> 
 <w id="w17.2.20">Europharm</w> 
 <w id="w17.2.21">Limted</w> 
 <w id="w17.2.22">dne</w> 
 <w id="w17.2.23">22</w>
 <w id="w17.2.24">.</w> 
 <w id="w17.2.25">septembra</w> 
 <w id="w17.2.26">1998</w>
 <w id="w17.2.27">.</w>
</s> 
 
<s id="s17.3">
 <w id="w17.3.1">Dovoljenje</w> 
 <w id="w17.3.2">za</w> 
 <w id="w17.3.3">promet</w> 
 <w id="w17.3.4">z</w> 
 <w id="w17.3.5">zdravilom</w> 
 <w id="w17.3.6">je</w> 
 <w id="w17.3.7">bilo</w> 
 <w id="w17.3.8">obnovljeno</w> 
 <w id="w17.3.9">dne</w> 
 <w id="w17.3.10">22</w>
 <w id="w17.3.11">.</w> 
 <w id="w17.3.12">septembra</w> 
 <w id="w17.3.13">2003</w> 
 <w id="w17.3.14">in</w> 
 <w id="w17.3.15">22</w>
 <w id="w17.3.16">.</w> 
 <w id="w17.3.17">septembra</w> 
 <w id="w17.3.18">2008</w>
 <w id="w17.3.19">.</w>
</s></p>

<p id="18">
<s id="s18.1">
 <w id="w18.1.1">Celotno</w> 
 <w id="w18.1.2">evropsko</w> 
 <w id="w18.1.3">javno</w> 
 <w id="w18.1.4">poročilo</w> 
 <w id="w18.1.5">o</w> 
 <w id="w18.1.6">oceni</w> 
 <w id="w18.1.7">zdravila</w> 
 <w id="w18.1.8">(</w>
 <w id="w18.1.9">EPAR</w>
 <w id="w18.1.10">)</w> 
 <w id="w18.1.11">z</w> 
 <w id="w18.1.12">zdravilo</w> 
 <w id="w18.1.13">Comtan</w> 
 <w id="w18.1.14">je</w> 
 <w id="w18.1.15">na</w> 
 <w id="w18.1.16">voljo</w> 
 <w id="w18.1.17">tukaj</w>
 <w id="w18.1.18">.</w>
</s></p>

<p id="19">
<s id="s19.1">
 <w id="w19.1.1">Povzetek</w> 
 <w id="w19.1.2">je</w> 
 <w id="w19.1.3">bil</w> 
 <w id="w19.1.4">nazadnje</w> 
 <w id="w19.1.5">posodobljen</w> 
 <w id="w19.1.6">8-</w>
 <w id="w19.1.7">2008</w>
 <w id="w19.1.8">.</w>
</s></p>

<p id="20">
<s id="s20.1">
 <w id="w20.1.1">2/</w>
 <w id="w20.1.2">2</w>
</s></p></text>
