<?xml version="1.0" encoding="utf-8"?>
<text>
<head id="1">
<s id="s1.1">
 <w id="w1.1.1">Številka</w> 
 <w id="w1.1.2">EU</w>
</s></head>

<head id="2">
<s id="s2.1">
 <w id="w2.1.1">Zaščiteno</w> 
 <w id="w2.1.2">ime</w>
</s></head>

<head id="3">
<s id="s3.1">
 <w id="w3.1.1">Jakost</w>
</s></head>

<head id="4">
<s id="s4.1">
 <w id="w4.1.1">Farmacevtska</w> 
 <w id="w4.1.2">oblika</w>
</s></head>

<head id="5">
<s id="s5.1">
 <w id="w5.1.1">Pot</w> 
 <w id="w5.1.2">uporabe</w>
</s></head>

<head id="6">
<s id="s6.1">
 <w id="w6.1.1">Ovojnina</w>
</s></head>

<head id="7">
<s id="s7.1">
 <w id="w7.1.1">Velikost</w> 
 <w id="w7.1.2">pakiranja</w>
</s></head>

<p id="8">
<s id="s8.1">
 <w id="w8.1.1">EU/</w>
 <w id="w8.1.2">1/</w>
 <w id="w8.1.3">98/</w>
 <w id="w8.1.4">081/</w>
 <w id="w8.1.5">001</w>   
 <w id="w8.1.6">EU/</w>
 <w id="w8.1.7">1/</w>
 <w id="w8.1.8">98/</w>
 <w id="w8.1.9">081/</w>
 <w id="w8.1.10">002</w>   
 <w id="w8.1.11">EU/</w>
 <w id="w8.1.12">1/</w>
 <w id="w8.1.13">98/</w>
 <w id="w8.1.14">081/</w>
 <w id="w8.1.15">003</w>   
 <w id="w8.1.16">EU/</w>
 <w id="w8.1.17">1/</w>
 <w id="w8.1.18">98/</w>
 <w id="w8.1.19">081/</w>
 <w id="w8.1.20">004</w>
</s></p>

<p id="9">
<s id="s9.1">
 <w id="w9.1.1">COMTAN</w>          
 <w id="w9.1.2">COMTAN</w>          
 <w id="w9.1.3">COMTAN</w>          
 <w id="w9.1.4">COMTAN</w>
</s></p>

<head id="10">
<s id="s10.1">
 <w id="w10.1.1">200</w> 
 <w id="w10.1.2">mg</w>   
 <w id="w10.1.3">200</w> 
 <w id="w10.1.4">mg</w>   
 <w id="w10.1.5">200</w> 
 <w id="w10.1.6">mg</w>   
 <w id="w10.1.7">200</w> 
 <w id="w10.1.8">mg</w>
</s></head>

<p id="11">
<s id="s11.1">
 <w id="w11.1.1">filmsko</w> 
 <w id="w11.1.2">obložena</w> 
 <w id="w11.1.3">tableta</w>   
 <w id="w11.1.4">filmsko</w> 
 <w id="w11.1.5">obložena</w> 
 <w id="w11.1.6">tableta</w>   
 <w id="w11.1.7">filmsko</w> 
 <w id="w11.1.8">obložena</w> 
 <w id="w11.1.9">tableta</w>   
 <w id="w11.1.10">filmsko</w> 
 <w id="w11.1.11">obložena</w> 
 <w id="w11.1.12">tableta</w>
</s></p>

<p id="12">
<s id="s12.1">
 <w id="w12.1.1">peroralna</w> 
 <w id="w12.1.2">uporaba</w>   
 <w id="w12.1.3">peroralna</w> 
 <w id="w12.1.4">uporaba</w>   
 <w id="w12.1.5">peroralna</w> 
 <w id="w12.1.6">uporaba</w>   
 <w id="w12.1.7">peroralna</w> 
 <w id="w12.1.8">uporaba</w>
</s></p>

<p id="13">
<s id="s13.1">
 <w id="w13.1.1">steklenica</w> 
 <w id="w13.1.2">(</w>
 <w id="w13.1.3">steklena</w>
 <w id="w13.1.4">)</w>   
 <w id="w13.1.5">steklenica</w> 
 <w id="w13.1.6">(</w>
 <w id="w13.1.7">steklena</w>
 <w id="w13.1.8">)</w>   
 <w id="w13.1.9">steklenica</w> 
 <w id="w13.1.10">(</w>
 <w id="w13.1.11">steklena</w>
 <w id="w13.1.12">)</w>   
 <w id="w13.1.13">steklenica</w> 
 <w id="w13.1.14">(</w>
 <w id="w13.1.15">steklena</w>
 <w id="w13.1.16">)</w>
</s></p>

<head id="14">
<s id="s14.1">
 <w id="w14.1.1">30</w> 
 <w id="w14.1.2">60</w> 
 <w id="w14.1.3">100</w> 
 <w id="w14.1.4">500</w>
</s></head>

<p id="15">
<s id="s15.1">
 <w id="w15.1.1">1/</w>
 <w id="w15.1.2">1</w>
</s></p></text>
