<?xml version="1.0" encoding="utf-8"?>
<letsmt version="1.0">
<head></head>
<body>
<s id="s1.1">DODATEK I</s>
<s id="s2.1">POVZETEK GLAVNIH ZNAČILNOSTI ZDRAVILA</s>
<s id="s3.1">1/ 20 1.</s>
<s id="s3.2">IME ZDRAVILA ZA UPORABO V VETERINARSKI MEDICINI</s>
<s id="s4.1">NAXCEL 100 mg/ ml suspenzija za injiciranje za prašiče</s>
<s id="s5.1">2.</s>
<s id="s5.2">KAKOVOSTNA IN KOLIČINSKA SESTAVA</s>
<s id="s6.1">En ml vsebuje:</s>
<s id="s7.1">Zdravilna učinkovina:</s>
<s id="s7.2">Ceftiofur kristaliničnaprosta kislina, ki ustreza ceftiofurju</s>
<s id="s8.1">100 mg</s>
<s id="s9.1">Pomožne snovi:</s>
<s id="s10.1">Oljni vehikel( rastlinsko olje)</s>
<s id="s11.1">q. s. ad 1 ml</s>
<s id="s12.1">3.</s>
<s id="s12.2">FARMACEVTSKA OBLIKA</s>
<s id="s13.1">Suspenzija za injiciranje</s>
<s id="s14.1">4.</s>
<s id="s14.2">KLINIČNI PODATKI</s>
<s id="s15.1">4. 1 Ciljne živalske vrste</s>
<s id="s16.1">Prašiči.</s>
<s id="s17.1">4. 2 Indikacije za uporabo pri ciljnih živalskih vrstah</s>
<s id="s18.1">- Zdravljenje bakterijskih respiratornih obolenj, ki so povezana z Actinobacillus</s>
<s id="s19.1">pleuropneumoniae, Pasteurella multocida, Haemophilus parasuis in Streptococcus suis.</s>
<s id="s20.1">- Zdravljenje septikemije, poliartritisa ali poliserozitisa, ki je povezan z okužbo s Streptococcus</s>
<s id="s21.1">suis.</s>
<s id="s22.1">4. 3 Kontraindikacije</s>
<s id="s23.1">Ne uporabite v primeru preobčutljivosti na ceftiofur ali druge ß- laktamske antibiotike.</s>
<s id="s24.1">4. 4 Posebna opozorila za vsako ciljno živalsko vrsto</s>
<s id="s25.1">Jih ni.</s>
<s id="s26.1">4. 5 Posebni previdnostni ukrepi</s>
<s id="s27.1">Posebni previdnostni ukrepi za uporabo pri živalih</s>
<s id="s28.1">Uporaba zdravila naj temelji na predhodnih mikrobioloških preskušanjih občutljivosti in naj bo v skladu z uradnimi in lokalnimi doktrinami protimikrobnega zdravljenja.</s>
<s id="s29.1">Posebni previdnostni ukrepi, ki jih mora izvajati oseba, ki živalim daje zdravilo</s>
<s id="s30.1">Penicilini in cefalosporini lahko po injiciranju, inhalaciji, zaužitju ali v stiku s kožo povzročijo preobčutljivostne reakcije.</s>
<s id="s30.2">Preobčutljivost na penicilin lahko vodi k navzkrižni preobčutljivosti na cefalosporin in obratno.</s>
<s id="s30.3">Alergične reakcije na te snovi so lahko resne.</s>
<s id="s30.4">Osebe z znano preobčutljivostjo na ceftiofur naj se izogibajo stiku z zdravilom.</s>
<s id="s31.1">2/ 20 Izogibajte se stiku zdravila s kožo ali očmi.</s>
<s id="s31.2">V primeru stika, takoj sperite s čisto vodo.</s>
<s id="s31.3">Če se po uporabi zdravila pokažejo simptomi, kot so npr. izpuščaj ali dolgotrajno draženje oči, poiščite zdravniško pomoč.</s>
<s id="s31.4">Otekline obraza, ustnic ali oči oziroma težave dihanja so resni simptomi, zato nemudoma poiščite medicinsko pomoč.</s>
<s id="s32.1">4. 6 Neželeni učinki (pogostost in resnost)</s>
<s id="s33.1">Po intramuskularnem dajanju se občasno lahko pojavi prehodna lokalna oteklina.</s>
<s id="s33.2">Na mestu dajanja se lahko do 42 dni po dajanju opazijo blage tkivne reakcije kot manjša razbarvana mesta (manj kot 6 cm2) in manjše ciste.</s>
<s id="s33.3">Spremembe izginejo v 56 dneh po dajanju.</s>
<s id="s34.1">4. 7 Uporaba v obdobju brejosti, laktacije ali nesnosti</s>
<s id="s35.1">Z laboratorjiskimi študijami na miših niso ugotovili teratogenih, fetotoksičnih ali maternotoksičnih učinkov.</s>
<s id="s35.2">Z laboratorjiskimi študijami na podganah niso ugotovili teratogenih učnikov, opaženi pa so bili maternotoksični (mehki iztrebki) in fetotoksični (zmanjšana fetalna teža) učinki.</s>
<s id="s35.3">Pri obeh živalskih vrstah niso ugotovili učinkov na reprodukcijsko sposobnost.</s>
<s id="s35.4">Pri brejih svinjah, ali svinjah v laktaciji ter pri plemenskih živalih študije niso bile izvedene.</s>
<s id="s35.5">Uporabljajte samo potem, ko odgovorni veterinar oceni razmerje korist / tveganje.</s>
<s id="s36.1">4. 8 Medsebojno delovanje z drugimi zdravili in druge oblike interakcij</s>
<s id="s37.1">Niso znane.</s>
<s id="s38.1">4. 9 Odmerjanje in pot uporabe</s>
<s id="s39.1">Intramuskularna uporaba</s>
<s id="s40.1">5 mg ceftiofurja na kg telesne mase (ekvivalentno 1 ml zdravila NAXCEL na 20 kg telesne mase), z enkratnim intramuskularnim dajanjem v področje vratu.</s>
<s id="s40.2">Pred uporabo močno stresajte vialo 30 sekund oziroma tako dolgo, dokler se vsi vidni delci ne resuspendirajo.</s>
<s id="s41.1">Priporočljivo je, da natančno določimo telesno maso živali, da se s tem izognemo prenizkemu odmerjanju.</s>
<s id="s41.2">Priporočamo, da volumen enega odmerka ne preseže 4 ml.</s>
<s id="s42.1">4. 10 Preveliko odmerjanje (simptomi, nujni ukrepi, protistrupi) (če je potrebno)</s>
<s id="s43.1">Zaradi nizke toksičnosti ceftiofurja predoziranje praviloma ne povzroči drugih simptomov, razen prehodne lokalne otekline, kot je že opisano v poglavju 4. 6 Neželeni učinki (pogostost in resnost).</s>
<s id="s44.1">4. 11 Karenca</s>
<s id="s45.1">Meso in organi:</s>
<s id="s45.2">71 dni</s>
<s id="s46.1">5.</s>
<s id="s46.2">FARMAKOLOŠKE LASTNOSTI</s>
<s id="s47.1">Farmakoterapevtska skupina:</s>
<s id="s47.2">Cefalosporini tretje generacije, ATCvet oznaka:</s>
<s id="s47.3">QJ01DD90</s>
<s id="s48.1">5. 1 Farmakodinamične lastnosti</s>
<s id="s49.1">Ceftiofur je cefalosporinski antibiotik tretje generacije, ki je aktiven proti številnim gramnegativnim in grampozitivnim povzročiteljem.</s>
<s id="s49.2">Ceftiofur zavira sintezo bakterijske stene in tako kaže baktericidno aktivnost.</s>
<s id="s49.3">Ceftiofur je aktiven predvsem proti naslednjim povzročiteljem respiratornih in drugih obolenj pri prašičih:</s>
<s id="s49.4">Actinobacillus pleuropneumoniae, Pasteurella multocida, Haemophilus parasuis in</s>
<s id="s50.1">3/ 20 Streptococcus suis.</s>
<s id="s50.2">Bordetella bronchiseptica je zaradi prenosa rezistence neobčutljiva na ceftiofur pri in- vitro preizkusih.</s>
<s id="s50.3">Glavni aktivni metabolit je desfuroilceftiofur, čigar protimikrobna aktivnost proti ciljnim povzročiteljem je podobna protimikrobni aktivnosti ceftiofurja.</s>
<s id="s51.1">V priporočenem terapevtskem odmerku so bile koncentracije v plazmi za ciljne bakterije izolirane med kliničnimi študijami, tudi še 158 ur po začetku poskusa višje od MIC90 vrednosti (&lt; 0, 2 mg/ ml),.</s>
<s id="s52.1">5. 2 Farmakokinetični podatki</s>
<s id="s53.1">Po aplikaciji se ceftiofur hitro presnovi v desfuroilceftiofur, ki je glavni aktivni metabolit.</s>
<s id="s54.1">70% ceftiofura in njegovega metabolita desfuroilceftiofura se veže na plazemske beljakovine. Po enkratnem odmerku je po eni uri koncentracija v plazmi nad 1 µg/ ml.</s>
<s id="s54.2">Najvišja koncentracija v plazmi (4, 2 ± 0, 9 µg/ ml) je dosežena po 22 urah po dajanju.</s>
<s id="s54.3">Koncentracija ceftiofura in desfuroilceftiofura v plazmi nad 0, 2 µg/ ml se ohrani dalj časa.</s>
<s id="s54.4">Približno 60% odmerka se izloči z urinom, 15% odmerka pa se izloči z blatom v 10 dneh po dajanju.</s>
<s id="s55.1">6.</s>
<s id="s55.2">FARMACEVTSKI PODATKI</s>
<s id="s56.1">6. 1 Seznam pomožnih snovi</s>
<s id="s57.1">Srednjeverižni trigliceridi Olje bombaževčevega semena, kemično spremenjeno</s>
<s id="s58.1">6. 2 Inkompatibilnosti</s>
<s id="s59.1">Niso znane.</s>
<s id="s60.1">6. 3.</s>
<s id="s60.2">Rok uporabnosti</s>
<s id="s61.1">Rok uporabnosti zdravila v pakiranju za prodajo:</s>
<s id="s61.2">Rok uporabnosti po prvem odpiranju stične ovojnine:</s>
<s id="s62.1">2 leti 28 dni</s>
<s id="s63.1">6. 4 Posebna navodila za shranjevanje</s>
<s id="s64.1">Ne shranjujte pri temperaturi nad 25°C.</s>
<s id="s65.1">6. 5 Vrsta ovojnine in vsebina</s>
<s id="s66.1">Kartonasta škatla z eno vialo iz stekla tipa 1 s 50 ml ali 100 ml s klorobutilno- izopirenskim gumijastim zamaškom in aluminijasto zaporko.</s>
<s id="s66.2">Ni nujno, da so v prometu vsa navedena pakiranja.</s>
<s id="s67.1">6. 6 Posebni varnostni ukrepi za odstranjevanje neporabljenega zdravila ali odpadnih snovi</s>
<s id="s68.1">Vsako neporabljeno zdravilo za uporabo v veterinarski medicini ali odpadne snovi, ki nastanejo iz teh zdravil, je treba odstraniti v skladu z lokalnimi predpisi.</s>
<s id="s69.1">7.</s>
<s id="s69.2">IMETNIK DOVOLJENJA ZA PROMET</s>
<s id="s70.1">Pfizer Limited Ramsgate Road Sandwich Kent CT13 9NJ Združeno Kraljestvo</s>
<s id="s71.1">4/ 20 8.</s>
<s id="s71.2">ŠTEVILKE DOVOLJENJ ZA PROMET</s>
<s id="s72.1">EU/ 2/ 05/ 053/ 001</s>
<s id="s73.1">EU/ 2/ 05/ 053/ 002</s>
<s id="s74.1">9.</s>
<s id="s74.2">DATUM PRIDOBITVE/ PODALJŠANJA DOVOLJENJA ZA PROMET</s>
<s id="s75.1">19. maj 2005</s>
<s id="s76.1">10.</s>
<s id="s76.2">DATUM ZADNJE REVIZIJE BESEDILA</s>
<s id="s77.1">21/ 08/ 2006</s>
<s id="s78.1">PREPOVED PRODAJE, OSKRBE IN/ ALI UPORABE</s>
<s id="s79.1">Navedba ni smiselna.</s>
<s id="s80.1">5/ 20 DODATEK II</s>
<s id="s81.1">A.</s>
<s id="s82.1">IMETNIK</s>
<s id="s83.1">DOVOLJENJA</s>
<s id="s84.1">ZA</s>
<s id="s85.1">IZDELAVO</s>
<s id="s86.1">ZDRAVILA,</s>
<s id="s87.1">ODGOVOREN ZA SPROŠČANJE SERIJE</s>
<s id="s88.1">B.</s>
<s id="s88.2">POGOJI DOVOLJENJA ZA PROMET Z ZDRAVILOM TER OMEJITVE GLEDE OSKRBE IN UPORABE</s>
<s id="s89.1">C.</s>
<s id="s89.2">POGOJI DOVOLJENJA ZA PROMET Z ZDRAVILOM TER OMEJITVE GLEDE VARNE IN UČINKOVITE UPORABE</s>
<s id="s90.1">D.</s>
<s id="s90.2">NAVEDBA NAJVIŠJIH DOVOLJENIH KOLIČIN ZAOSTANKOV ZDRAVILA (MRL)</s>
<s id="s91.1">6/ 20 A.</s>
<s id="s92.1">IMETNIK DOVOLJENJA SPROŠČANJE SERIJE</s>
<s id="s93.1">ZA</s>
<s id="s94.1">IZDELAVO</s>
<s id="s95.1">ZDRAVILA,</s>
<s id="s96.1">ODGOVOREN</s>
<s id="s97.1">ZA</s>
<s id="s98.1">Ime in naslov izdelovalca, odgovornega za sproščanje serije</s>
<s id="s99.1">Pfizer N. V. / S. A.</s>
<s id="s99.2">Rijksweg 12 B- 2870 Puurs Belgija</s>
<s id="s100.1">B.</s>
<s id="s100.2">POGOJI DOVOLJENJA ZA PROMET Z ZDRAVILOM TER OMEJITVE GLEDE OSKRBE IN UPORABE</s>
<s id="s101.1">Izdaja zdravila je le na veterinarski recept.</s>
<s id="s102.1">Nosilec tega dovoljenja za promet z zdravilom mora obvestiti Evropsko komisijo o načrtu trženja za zdravilo, odobreno s to odločbo.</s>
<s id="s103.1">C.</s>
<s id="s103.2">POGOJI DOVOLJENJA ZA PROMET Z ZDRAVILOM TER OMEJITVE GLEDE VARNE IN UČINKOVITE UPORABE</s>
<s id="s104.1">Navedba ni smiselna.</s>
<s id="s105.1">D.</s>
<s id="s105.2">NAVEDBA NAJVIŠJIH DOVOLJENIH KOLIČIN ZAOSTANKOV ZDRAVILA (MRL)</s>
<s id="s106.1">V skladu z dopolnjeno Uredbo Sveta (EGS) št.</s>
<s id="s106.2">2377/ 90 ter v skladu s členom 34. 4b Uredbe Sveta (ES) št.</s>
<s id="s106.3">726/ 2004 z dne 31. marca 2004.</s>
<s id="s107.1">Ceftiofur je vključen v Dodatek I Uredbe Sveta (ES) št.</s>
<s id="s107.2">2377/ 90 kot je navedeno v tabeli:</s>
<s id="s108.1">Farmakološko aktivna snov</s>
<s id="s109.1">Marker zaostanek</s>
<s id="s110.1">Živalska vrsta</s>
<s id="s111.1">Najvišje dovoljene količine zaostankov (MRL)</s>
<s id="s112.1">Ciljna tkiva</s>
<s id="s113.1">Druge določbe</s>
<s id="s114.1">ceftiofur</s>
<s id="s115.1">prašiči</s>
<s id="s116.1">1000 µg/ kg 2000 µg/ kg 2000 µg/ kg 6000 µg/ kg</s>
<s id="s117.1">mišice maščoba jetra ledvice</s>
<s id="s118.1">Migliol1 je vključen v Dodatek II Uredbe Sveta (EGS) št.</s>
<s id="s118.2">2377/ 90 za vse vrste živali za proizvodnjo živil.</s>
<s id="s118.3">Olje bombaževega semena ni vkjučeno v Uredbo Sveta (EGS) št.</s>
<s id="s118.4">2377/ 90.</s>
<s id="s119.1">1 Uredba Komisije (EC) št.</s>
<s id="s119.2">2796/ 95, z dne 04. 12. 95, revidirana z 508/ 99 z dne 04. 03. 99.</s>
<s id="s119.3">Migliol je komercialno ime za trigliceride, nasičene, srednjeverižne, Ph.</s>
<s id="s119.4">Eur (Triglycerides medium chain, Ph.</s>
<s id="s119.5">Eur).</s>
<s id="s120.1">7/ 20 DODATEK III</s>
<s id="s121.1">OZNAČEVANJE IN NAVODILO ZA UPORABO</s>
<s id="s122.1">8/ 20 A.</s>
<s id="s122.2">OZNAČEVANJE</s>
<s id="s123.1">9/ 20 PODATKI NA ZUNANJI OVOJNINI</s>
<s id="s124.1">1.</s>
<s id="s124.2">IME ZDRAVILA ZA UPORABO V VETERINARSKI MEDICINI</s>
<s id="s125.1">NAXCEL 100 mg/ ml suspenzija za injiciranje za prašiče</s>
<s id="s126.1">2.</s>
<s id="s126.2">NAVEDBA ZDRAVILNE( IH) UČINKOVIN( E) IN DRUGIH SNOVI</s>
<s id="s127.1">Ceftiofur kristaliničnaprosta kislina, ki ustreza ceftiofurju</s>
<s id="s128.1">100 mg</s>
<s id="s129.1">Oljni vehikel</s>
<s id="s130.1">q. s. do 1 ml</s>
<s id="s131.1">3.</s>
<s id="s131.2">FARMACEVTSKA OBLIKA</s>
<s id="s132.1">Suspenzija za injiciranje</s>
<s id="s133.1">4.</s>
<s id="s133.2">VELIKOST PAKIRANJA</s>
<s id="s134.1">50 ml 100 ml</s>
<s id="s135.1">5.</s>
<s id="s135.2">CILJNE ŽIVALSKE VRSTE</s>
<s id="s136.1">Prašiči</s>
<s id="s137.1">6.</s>
<s id="s137.2">INDIKACIJA( E)</s>
<s id="s138.1">Zdravljenje bakterijskih respiratornih obolenj, ki so povezana z Actinobacillus pleuropneumoniae, Pasteurella multocida, Haemophilus parasuis in Streptococcus suis.</s>
<s id="s138.2">Zdravljenje septikemije, poliartritisa ali poliserozitisa, ki je povezan z okužbo s Streptococcus suis.</s>
<s id="s139.1">7.</s>
<s id="s139.2">NAČIN IN POT( I) UPORABE</s>
<s id="s140.1">5 mg ceftiofurja na kg telesne mase (ekvivalentno 1 ml zdravila NAXCEL na 20 kg telesne mase), z enkratnim intramuskularnim dajanjem v področje vratu.</s>
<s id="s140.2">Pred uporabo močno stresajte vialo 30 sekund oziroma tako dolgo, dokler se vsi vidni delci ne resuspendirajo.</s>
<s id="s140.3">Priporočljivo je, da natančno določimo telesno maso živali, da se s tem izognemo prenizkemu odmerjanju.</s>
<s id="s140.4">Priporočamo, da volumen enega odmerka ne preseže 4 ml.</s>
<s id="s141.1">8.</s>
<s id="s141.2">KARENCA</s>
<s id="s142.1">Meso in organi:</s>
<s id="s142.2">71 dni</s>
<s id="s143.1">10/ 20 9.</s>
<s id="s143.2">POSEBNO( A) OPOZORILO( A), ČE JE/ SO POTREBNO( A)</s>
<s id="s144.1">Pred uporabo preberite priloženo navodilo.</s>
<s id="s145.1">10.</s>
<s id="s145.2">DATUM IZTEKA ROKA UPORABNOSTI ZDRAVILA</s>
<s id="s146.1">EXP {mesec/ leto} Načeto zdravilo porabite v 28 dneh.</s>
<s id="s147.1">11.</s>
<s id="s147.2">POSEBNA NAVODILA ZA SHRANJEVANJE</s>
<s id="s148.1">Ne shranjujte pri temperaturi nad 25°C</s>
<s id="s149.1">12.</s>
<s id="s149.2">POSEBNI VARNOSTNI UKREPI ZA ODSTRANJEVANJE NEPORABLJENEGA ZDRAVILA ALI ODPADNIH SNOVI, ČE OBSTAJAJO</s>
<s id="s150.1">Vsako neporabljeno zdravilo za uporabo v veterinarski medicini ali odpadne snovi, ki nastanejo iz teh zdravil, je treba odstraniti v skladu z lokalnimi predpisi.</s>
<s id="s151.1">13.</s>
<s id="s151.2">BESEDILO “ SAMO ZA ŽIVALI ” IN POGOJI ALI OMEJITVE GLEDE OSKRBE IN UPORABE, če je navedba smiselna</s>
<s id="s152.1">Samo za živali</s>
<s id="s153.1">Oskrba le na podlagi veterinarskega recepta.</s>
<s id="s154.1">14.</s>
<s id="s154.2">BESEDILO “ ZDRAVILO SHRANJUJTE NEDOSEGLJIVO OTROKOM ”</s>
<s id="s155.1">Zdravilo shranjujte nedosegljivo otrokom.</s>
<s id="s156.1">15.</s>
<s id="s156.2">IME IN NASLOV IMETNIKA DOVOLJENJA ZA PROMET Z ZDRAVILOM</s>
<s id="s157.1">Imetnik dovoljenja za promet:</s>
<s id="s157.2">Pfizer Limited Ramsgate Road Sandwich Kent CT13 9NJ Združeno Kraljestvo</s>
<s id="s158.1">16.</s>
<s id="s158.2">ŠTEVILKA( E) DOVOLJENJ( A) ZA PROMET</s>
<s id="s159.1">EU/ 2/ 05/ 053/ 001 (100ml)</s>
<s id="s160.1">EU/ 2/ 05/ 053/ 002 (50 ml)</s>
<s id="s161.1">11/ 20 17.</s>
<s id="s161.2">IZDELOVALČEVA ŠTEVILKA SERIJE</s>
<s id="s162.1">Serija {številka}</s>
<s id="s163.1">12/ 20 PODATKI NA PRIMARNI OVOJNINI</s>
<s id="s164.1">VIALA 100 ml</s>
<s id="s165.1">1.</s>
<s id="s165.2">IME ZDRAVILA ZA UPORABO V VETERINARSKI MEDICINI</s>
<s id="s166.1">NAXCEL 100 mg/ ml suspenzija za injiciranje za prašiče</s>
<s id="s167.1">2.</s>
<s id="s167.2">NAVEDBA ZDRAVILNE UČINKOVINE IN DRUGIH SNOVI</s>
<s id="s168.1">Ceftiofur 100 mg/ ml</s>
<s id="s169.1">3.</s>
<s id="s169.2">VELIKOST PAKIRANJA</s>
<s id="s170.1">100 ml</s>
<s id="s171.1">4.</s>
<s id="s171.2">NAČIN UPORABE IN DAJANJA</s>
<s id="s172.1">Intramuskularna uporaba</s>
<s id="s173.1">5 mg ceftiofurja na kg telesne mase (1 ml / 20 kg telesne mase).</s>
<s id="s173.2">Pred uporabo močno stresajte.</s>
<s id="s173.3">Pred uporabo preberite priloženo navodilo.</s>
<s id="s173.4">Priporočamo, da volumen enega odmerka ne preseže 4 ml.</s>
<s id="s174.1">5.</s>
<s id="s174.2">KARENCA</s>
<s id="s175.1">Meso in organi:</s>
<s id="s175.2">71 dni</s>
<s id="s176.1">6.</s>
<s id="s176.2">POSEBNO( A) OPOZORILO( A), ČE JE/ SO POTREBNO( A)</s>
<s id="s177.1">Pred uporabo preberite priloženo navodilo.</s>
<s id="s178.1">7.</s>
<s id="s178.2">DATUM IZTEKA ROKA UPORABNOSTI ZDRAVILA</s>
<s id="s179.1">EXP {mesec/ leto} Načeto zdravilo uporabite do ………... &lt; ohranite prostor za vpis datuma &gt;</s>
<s id="s180.1">8.</s>
<s id="s180.2">POSEBNA NAVODILA ZA SHRANJEVANJE</s>
<s id="s181.1">Ne shranjujte pri temperaturi nad 25°C</s>
<s id="s182.1">9.</s>
<s id="s182.2">BESEDILO “ SAMO ZA ŽIVALI ”</s>
<s id="s183.1">Samo za živali.</s>
<s id="s184.1">13/ 20 10.</s>
<s id="s184.2">IME IN NASLOV IMETNIKA DOVOLJENJA ZA PROMET Z ZDRAVILOM</s>
<s id="s185.1">Imetnik dovoljenja za promet:</s>
<s id="s185.2">Pfizer Limited Ramsgate Road Sandwich Kent CT13 9NJ Združeno Kraljestvo</s>
<s id="s186.1">11.</s>
<s id="s186.2">ŠTEVILKA( E) V REGISTRU SKUPNOSTI ZDRAVIL</s>
<s id="s187.1">EU/ 2/ 05/ 053/ 001</s>
<s id="s188.1">12.</s>
<s id="s188.2">ŠTEVILKA SERIJE</s>
<s id="s189.1">Serija {številka}</s>
<s id="s190.1">14/ 20 PODATKI, KI MORAJO BITI NAJMANJ NAVEDENI NA MANJŠIH STIČNIH OVOJNINAH</s>
<s id="s191.1">VIALA 50 ml</s>
<s id="s192.1">1.</s>
<s id="s192.2">IME ZDRAVILA ZA UPORABO V VETERINARSKI MEDICINI</s>
<s id="s193.1">NAXCEL 100 mg/ ml suspenzija za injiciranje za prašiče Ceftiofur</s>
<s id="s194.1">2.</s>
<s id="s194.2">KOLIČINA ZDRAVILNE( IH) UČINKOVIN( E)</s>
<s id="s195.1">100 mg/ ml</s>
<s id="s196.1">3.</s>
<s id="s196.2">VSEBINA, IZRAŽENA Z MASO, PROSTORNINO ALI ŠTEVILOM ODMERKOV</s>
<s id="s197.1">50 ml</s>
<s id="s198.1">4.</s>
<s id="s198.2">POT( I) UPORABE ZDRAVILA</s>
<s id="s199.1">Intramuskularna uporaba</s>
<s id="s200.1">5 mg ceftiofurja na kg telesne mase (1 ml / 20 kg telesne mase).</s>
<s id="s200.2">Pred uporabo močno stresajte..</s>
<s id="s200.3">Priporočamo, da volumen enega odmerka ne preseže 4 ml.</s>
<s id="s200.4">Pred uporabo preberite priloženo navodilo.</s>
<s id="s201.1">5.</s>
<s id="s201.2">KARENCA</s>
<s id="s202.1">Meso in organi:</s>
<s id="s202.2">71 dni</s>
<s id="s203.1">6.</s>
<s id="s203.2">ŠTEVILKA SERIJE</s>
<s id="s204.1">Serija {številka}</s>
<s id="s205.1">7.</s>
<s id="s205.2">DATUM IZTEKA ROKA UPORABNOSTI ZDRAVILA</s>
<s id="s206.1">EXP {mesec/ leto} Načeto zdravilo uporabite do ………... &lt; ohranite prostor za vpis datuma &gt;</s>
<s id="s207.1">8.</s>
<s id="s207.2">BESEDILO “ SAMO ZA ŽIVALI ”</s>
<s id="s208.1">Samo za živali.</s>
<s id="s209.1">15/ 20 B.</s>
<s id="s209.2">NAVODILO ZA UPORABO</s>
<s id="s210.1">16/ 20 NAVODILO ZA UPORABO</s>
<s id="s211.1">NAXCEL 100 mg/ ml suspenzija za injiciranje za prašiče</s>
<s id="s212.1">1.</s>
<s id="s212.2">IME IN NASLOV IMETNIKA DOVOLJENJA ZA PROMET Z ZDRAVILOM TER IMETNIKA DOVOLJENJA ZA PROIZVODNJO ZDRAVILA, ODGOVORNEGA ZA SPROSTITEV SERIJ V EGP, ČE STA RAZLIČNA</s>
<s id="s213.1">Imetnik dovoljenja za promet:</s>
<s id="s213.2">Pfizer Limited Ramsgate Road Sandwich Kent CT13 9NJ Združeno Kraljestvo</s>
<s id="s214.1">Imetnik dovoljenja za proizvodnjo zdravila, odgovoren za sproščanje serij v EGP Pfizer NV/ SA Rijksweg 12 B- 2870 Puurs Belgija</s>
<s id="s215.1">2.</s>
<s id="s215.2">IME ZDRAVILA ZA UPORABO V VETERINARSKI MEDICINI</s>
<s id="s216.1">NAXCEL 100 mg/ ml suspenzija za injiciranje za prašiče</s>
<s id="s217.1">3.</s>
<s id="s217.2">NAVEDBA ZDRAVILNE (IH) UČINKOVINE IN DRUGIH SESTAVIN</s>
<s id="s218.1">1 ml vsebuje:</s>
<s id="s219.1">Ceftiofur kristaliničnaprosta kislina, ki ustreza ceftiofurju</s>
<s id="s220.1">100 mg</s>
<s id="s221.1">Pomožne snovi:</s>
<s id="s222.1">Oljni vehikel</s>
<s id="s223.1">q. s. do 1 ml</s>
<s id="s224.1">4.</s>
<s id="s224.2">INDIKACIJA( E)</s>
<s id="s225.1">Zdravljenje bakterijskih respiratornih obolenj, ki so povezana z Actinobacillus pleuropneumoniae, Pasteurella multocida, Haemophilus parasuis in Streptococcus suis.</s>
<s id="s225.2">Zdravljenje septikemije, poliartritisa ali poliserozitisa, ki je povezan s okužbo z Streptococcus suis.</s>
<s id="s226.1">5.</s>
<s id="s226.2">KONTRAINDIKACIJE</s>
<s id="s227.1">Ne uporabljajte zdravila pri živalih, ki so preobčutljive na ceftiofur ali druge ß- laktamske antibiotike.</s>
<s id="s228.1">6.</s>
<s id="s228.2">NEŽELENI UČINKI</s>
<s id="s229.1">Po intramuskularnem dajanju se občasno lahko pojavi prehodna lokalna oteklina.</s>
<s id="s229.2">Na mestu dajanja se lahko do 42 dni po dajanju opazijo blage tkivne reakcije kot manjša razbarvana mesta (manj kot 6 cm2) in manjše ciste.</s>
<s id="s229.3">Spremembe izginejo v 56 dneh po dajanju.</s>
<s id="s230.1">Če opazite kakršnekoli druge stranske učinke, o njih obvestite svojega veterinarja.</s>
<s id="s231.1">17/ 20 7.</s>
<s id="s231.2">CILJNE ŽIVALSKE VRSTE</s>
<s id="s232.1">Prašiči</s>
<s id="s233.1">8.</s>
<s id="s233.2">ODMERKI ZA POSAMEZNE ŽIVALSKE VRSTE TER POT( I) IN NAČIN UPORABE ZDRAVILA</s>
<s id="s234.1">5 mg ceftiofurja na kg telesne mase (ekvivalentno 1 ml zdravila NAXCEL na 20 kg telesne mase), z enkratnim intramuskularnim dajanjem v področje vratu.</s>
<s id="s235.1">9.</s>
<s id="s235.2">NASVET O PRAVILNI UPORABI ZDRAVILA</s>
<s id="s236.1">Pred uporabo močno stresajte vialo 30 sekund oziroma tako dolgo, dokler se vsi vidni delci ne resuspendirajo.</s>
<s id="s236.2">Priporočljivo je, da natančno določimo telesno maso živali, da se s tem izognemo prenizkemu odmerjanju.</s>
<s id="s236.3">Priporočamo, da volumen enega odmerka ne preseže 4 ml.</s>
<s id="s236.4">Uporaba zdravila naj temelji na predhodnih mikrobioloških preskušanjih občutljivosti in naj bo v skladu z uradnimi in lokalnimi doktrinami protimikrobnega zdravljenja.</s>
<s id="s237.1">10.</s>
<s id="s237.2">KARENCA</s>
<s id="s238.1">Meso in organi:</s>
<s id="s238.2">71 dni</s>
<s id="s239.1">11.</s>
<s id="s239.2">POSEBNA NAVODILA ZA SHRANJEVANJE</s>
<s id="s240.1">Shranjujte nedosegljivo otrokom Ne shranjujte pri temperaturi nad 25°C Rok uporabnosti po prvem odpiranju vsebnika:</s>
<s id="s240.2">28 dni Zdravila ne smete uporabljati po datumu izteka roka uporabnosti, navedenega na ovojnini.</s>
<s id="s241.1">12.</s>
<s id="s241.2">POSEBNO( A) OPOZORILO( A)</s>
<s id="s242.1">Penicilini in cefalosporini lahko po injiciranju, inhalaciji, zaužitju ali v stiku s kožo povzročijo preobčutljivostne reakcije.</s>
<s id="s242.2">Preobčutljivost na penicilin lahko vodi k navzkrižni preobčutljivosti na cefalosporin in obratno.</s>
<s id="s242.3">Alergične reakcije na te snovi so lahko resne.</s>
<s id="s242.4">Osebe z znano preobčutljivostjo na ceftiofur naj se izogibajo stiku z zdravilom.</s>
<s id="s243.1">Izogibajte se stiku s kožo ali očmi, V primeru stika takoj sperite s čisto vodo.</s>
<s id="s243.2">Če se po uporabi zdravila pokažejo simptomi, kot so npr. izpuščaj ali dolgotrajno draženje oči, poiščite zdravniško pomoč in pokažite to opozorilo.</s>
<s id="s243.3">Otekline obraza, ustnic ali oči in težave dihanja so resni simptomi, zato nemudoma poiščite medicinsko pomoč</s>
<s id="s244.1">13.</s>
<s id="s244.2">POSEBNI VARNOSTNI UKREPI ZA ODSTRANJEVANJE NEPORABLJENEGA ZDRAVILA ALI ODPADNIH SNOVI, ČE OBSTAJAJO</s>
<s id="s245.1">Vsako neporabljeno zdravilo za uporabo v veterinarski medicini ali odpadne snovi, ki nastanejo iz teh zdravil, je treba odstraniti v skladu z lokalnimi predpisi.</s>
<s id="s246.1">18/ 20 14.</s>
<s id="s246.2">DATUM ZADNJE ODOBRITVE NAVODIL ZA UPORABO</s>
<s id="s247.1">21/ 08/ 2006</s>
<s id="s248.1">15.</s>
<s id="s248.2">DRUGE INFORMACIJE</s>
<s id="s249.1">Naxcel je na voljo v 50 ml in 100 ml vialah.</s>
<s id="s249.2">Ni nujno, da so v prometu vsa navedena pakiranja.</s>
<s id="s250.1">Za vse nadaljnje informacije o tem zdravilu se obrnite na krajevno predstavništvo imetnika dovoljenja za promet z zdravilom.</s>
<s id="s251.1">België/ Belgique/ Belgien Pfizer Animal Health s. a., Tel. / Tél.: +32 (0) 2 554 62 11</s>
<s id="s252.1">Luxembourg Pfizer Animal Health s. a., Tél.: + 32 (0) 2 554 62 11</s>
<s id="s253.1">Česká Republika Pfizer Animal Health Tel: +420 283 004 111</s>
<s id="s254.1">Magyarország Pfizer KFT Tel: +361 488 3695</s>
<s id="s255.1">Danmark Orion Pharma Animal Health Tlf: +45 49 12 67 65</s>
<s id="s256.1">Malta Agrimed Limited Tel: +356 21 465 797</s>
<s id="s257.1">Deutschland Pfizer GmbH, Tel: +49 (0) 721 6101 438</s>
<s id="s258.1">Nederland Pfizer Animal Health B. V., Tel: +31 (0) 10 4064 600</s>
<s id="s259.1">Eesti Norge Pfizer Animal Health Tel: +370 5 269 17 96</s>
<s id="s260.1">Orion Pharma Animal Health Tlf: +47 40 00 41 90</s>
<s id="s261.1">Ελλάδα Pfizer Hellas A. E.</s>
<s id="s261.2">Τηλ.: +30 2 10 67 85 800</s>
<s id="s262.1">Österreich Pfizer Corporation Austria G. m. b. H, Tel: +43 (0) 1 52 11 57 20</s>
<s id="s263.1">Polska España Pfizer Trading Polska sp. z. o. o.</s>
<s id="s263.2">Pfizer S. A., Tel: +48 22 335 62 00 Teléfono: +34 91 4909900</s>
<s id="s264.1">France Pfizer Téléphone: +33 (0) 1 58 07 46 00</s>
<s id="s265.1">Portugal Laboratórios Pfizer, Lda.</s>
<s id="s265.2">Telefone: +351 21 423 55 00</s>
<s id="s266.1">Ireland Pfizer Healthcare Ireland, trading as:</s>
<s id="s266.2">Pfizer Animal Health Telephone: +353 (0) 1 467 6500</s>
<s id="s267.1">Slovenija Pfizer Animal Health Pfizer Luxemburg SARL Tel: +386 (0) 1 52 11 670</s>
<s id="s268.1">19/ 20 Ìsland Icepharma Ltd Tel: +354 540 80 80</s>
<s id="s269.1">Slovenská Republika Pfizer Animal Health Tel: +421 2 5930 1818</s>
<s id="s270.1">Italia Pfizer Italia S. r. l., Telefono: +39 06 3318 2933</s>
<s id="s271.1">Suomi/ Finland Pfizer Oy Animal Health, Telephone: +358 (0) 9 4300 40</s>
<s id="s272.1">Kύπροσ Pfizer Hellas A. E.</s>
<s id="s272.2">Τηλ.: +30 2 10 67 85 800</s>
<s id="s273.1">Sverige Orion Pharma AB Tel: +46 8 623 64 40</s>
<s id="s274.1">Latvija Pfizer Animal Health Tel: +370 5 269 17 96</s>
<s id="s275.1">United Kingdom Pfizer Ltd Telephone: +44 (0) 1304 616161</s>
<s id="s276.1">Lietuva Pfizer Animal Health Tel: +370 5 269 17 96</s>
<s id="s277.1">20/ 20</s>
</body>
</letsmt>
