<?xml version="1.0" encoding="utf-8"?>
<text>
<p id="1">
<s id="s1.1">
 <w id="w1.1.1">European</w> 
 <w id="w1.1.2">Medicines</w> 
 <w id="w1.1.3">Agency</w>
</s></p>

<p id="2">
<s id="s2.1">
 <w id="w2.1.1">EMEA/</w>
 <w id="w2.1.2">H/</w>
 <w id="w2.1.3">C/</w>
 <w id="w2.1.4">806</w>
</s></p>

<p id="3">
<s id="s3.1">
 <w id="w3.1.1">EVROPSKO</w> 
 <w id="w3.1.2">JAVNO</w> 
 <w id="w3.1.3">POROČILO</w> 
 <w id="w3.1.4">O</w> 
 <w id="w3.1.5">OCENI</w> 
 <w id="w3.1.6">ZDRAVILA</w> 
 <w id="w3.1.7">(</w>
 <w id="w3.1.8">EPAR</w>
 <w id="w3.1.9">)</w>
</s></p>

<p id="4">
<s id="s4.1">
 <w id="w4.1.1">CYANOKIT</w>
</s></p>

<p id="5">
<s id="s5.1">
 <w id="w5.1.1">Povzetek</w> 
 <w id="w5.1.2">EPAR</w> 
 <w id="w5.1.3">za</w> 
 <w id="w5.1.4">javnost</w>
</s></p>

<p id="6">
<s id="s6.1">
 <w id="w6.1.1">Ta</w> 
 <w id="w6.1.2">dokument</w> 
 <w id="w6.1.3">je</w> 
 <w id="w6.1.4">povzetek</w> 
 <w id="w6.1.5">Evropskega</w> 
 <w id="w6.1.6">javnega</w> 
 <w id="w6.1.7">poročila</w> 
 <w id="w6.1.8">o</w> 
 <w id="w6.1.9">oceni</w> 
 <w id="w6.1.10">zdravila</w> 
 <w id="w6.1.11">(</w>
 <w id="w6.1.12">EPAR</w>
 <w id="w6.1.13">)</w>
 <w id="w6.1.14">.</w>
</s> 
 
<s id="s6.2">
 <w id="w6.2.1">Pojasnjuje</w>
 <w id="w6.2.2">,</w> 
 <w id="w6.2.3">kako</w>   
 <w id="w6.2.4">je</w> 
 <w id="w6.2.5">Odbor</w> 
 <w id="w6.2.6">za</w> 
 <w id="w6.2.7">zdravila</w> 
 <w id="w6.2.8">za</w> 
 <w id="w6.2.9">uporabo</w> 
 <w id="w6.2.10">v</w> 
 <w id="w6.2.11">humani</w> 
 <w id="w6.2.12">medicini</w> 
 <w id="w6.2.13">(</w>
 <w id="w6.2.14">CHMP</w>
 <w id="w6.2.15">)</w> 
 <w id="w6.2.16">ocenil</w> 
 <w id="w6.2.17">opravljene</w> 
 <w id="w6.2.18">študije</w>
 <w id="w6.2.19">,</w> 
 <w id="w6.2.20">na</w>   
 <w id="w6.2.21">podlagi</w> 
 <w id="w6.2.22">katerih</w> 
 <w id="w6.2.23">je</w> 
 <w id="w6.2.24">oblikoval</w> 
 <w id="w6.2.25">priporočila</w> 
 <w id="w6.2.26">glede</w> 
 <w id="w6.2.27">uporabe</w> 
 <w id="w6.2.28">zdravila</w>
 <w id="w6.2.29">.</w>
</s>   
 
<s id="s6.3">
 <w id="w6.3.1">Če</w> 
 <w id="w6.3.2">potrebujete</w> 
 <w id="w6.3.3">več</w> 
 <w id="w6.3.4">informacij</w> 
 <w id="w6.3.5">o</w> 
 <w id="w6.3.6">svojem</w> 
 <w id="w6.3.7">zdravstvenem</w> 
 <w id="w6.3.8">stanju</w> 
 <w id="w6.3.9">ali</w> 
 <w id="w6.3.10">zdravljenju</w>
 <w id="w6.3.11">,</w> 
 <w id="w6.3.12">preberite</w> 
 <w id="w6.3.13">Navodilo</w> 
 <w id="w6.3.14">za</w>   
 <w id="w6.3.15">uporabo</w> 
 <w id="w6.3.16">(</w>
 <w id="w6.3.17">ki</w> 
 <w id="w6.3.18">je</w> 
 <w id="w6.3.19">prav</w> 
 <w id="w6.3.20">tako</w> 
 <w id="w6.3.21">del</w> 
 <w id="w6.3.22">EPAR</w>
 <w id="w6.3.23">)</w> 
 <w id="w6.3.24">ali</w> 
 <w id="w6.3.25">se</w> 
 <w id="w6.3.26">posvetujte</w> 
 <w id="w6.3.27">s</w> 
 <w id="w6.3.28">svojim</w> 
 <w id="w6.3.29">zdravnikom</w> 
 <w id="w6.3.30">ali</w> 
 <w id="w6.3.31">s</w> 
 <w id="w6.3.32">farmacevtom</w>
 <w id="w6.3.33">.</w>
</s> 
 
<s id="s6.4">
 <w id="w6.4.1">Če</w>   
 <w id="w6.4.2">želite</w> 
 <w id="w6.4.3">več</w> 
 <w id="w6.4.4">informacij</w>
 <w id="w6.4.5">,</w> 
 <w id="w6.4.6">ki</w> 
 <w id="w6.4.7">temeljijo</w> 
 <w id="w6.4.8">na</w> 
 <w id="w6.4.9">priporočilih</w> 
 <w id="w6.4.10">CHMP</w>
 <w id="w6.4.11">,</w> 
 <w id="w6.4.12">preberite</w> 
 <w id="w6.4.13">znanstveno</w> 
 <w id="w6.4.14">razpravo</w> 
 <w id="w6.4.15">(</w>
 <w id="w6.4.16">ki</w> 
 <w id="w6.4.17">je</w>   
 <w id="w6.4.18">prav</w> 
 <w id="w6.4.19">tako</w> 
 <w id="w6.4.20">del</w> 
 <w id="w6.4.21">EPAR</w>
 <w id="w6.4.22">)</w>
 <w id="w6.4.23">.</w>
</s></p>

<p id="7">
<s id="s7.1">
 <w id="w7.1.1">Kaj</w> 
 <w id="w7.1.2">je</w> 
 <w id="w7.1.3">zdravilo</w> 
 <w id="w7.1.4">Cyanokit</w>
 <w id="w7.1.5">?</w>
</s>   
 
<s id="s7.2">
 <w id="w7.2.1">Zdravilo</w> 
 <w id="w7.2.2">Cyanokit</w> 
 <w id="w7.2.3">je</w> 
 <w id="w7.2.4">prašek</w>
 <w id="w7.2.5">,</w> 
 <w id="w7.2.6">ki</w> 
 <w id="w7.2.7">se</w> 
 <w id="w7.2.8">pripravi</w> 
 <w id="w7.2.9">v</w> 
 <w id="w7.2.10">raztopino</w> 
 <w id="w7.2.11">za</w> 
 <w id="w7.2.12">infundiranje</w> 
 <w id="w7.2.13">(</w>
 <w id="w7.2.14">dajanje</w> 
 <w id="w7.2.15">tekočine</w> 
 <w id="w7.2.16">v</w> 
 <w id="w7.2.17">veno</w>
 <w id="w7.2.18">)</w>
 <w id="w7.2.19">.</w>
</s>   
 
<s id="s7.3">
 <w id="w7.3.1">Vsebuje</w> 
 <w id="w7.3.2">zdravilno</w> 
 <w id="w7.3.3">učinkovino</w> 
 <w id="w7.3.4">hidroksokobalamin</w> 
 <w id="w7.3.5">(</w>
 <w id="w7.3.6">vitamin</w> 
 <w id="w7.3.7">B12a</w>
 <w id="w7.3.8">)</w>
 <w id="w7.3.9">.</w>
</s></p>

<p id="8">
<s id="s8.1">
 <w id="w8.1.1">Za</w> 
 <w id="w8.1.2">kaj</w> 
 <w id="w8.1.3">se</w> 
 <w id="w8.1.4">zdravilo</w> 
 <w id="w8.1.5">Cyanokit</w> 
 <w id="w8.1.6">uporablja</w>
 <w id="w8.1.7">?</w>
</s>   
 
<s id="s8.2">
 <w id="w8.2.1">Zdravilo</w> 
 <w id="w8.2.2">Cyanokit</w> 
 <w id="w8.2.3">je</w> 
 <w id="w8.2.4">protistrup</w> 
 <w id="w8.2.5">za</w> 
 <w id="w8.2.6">zdravljenje</w> 
 <w id="w8.2.7">znane</w> 
 <w id="w8.2.8">zastrupitve</w> 
 <w id="w8.2.9">s</w> 
 <w id="w8.2.10">cianidom</w> 
 <w id="w8.2.11">ali</w> 
 <w id="w8.2.12">v</w> 
 <w id="w8.2.13">primeru</w> 
 <w id="w8.2.14">suma</w>   
 <w id="w8.2.15">zastrupitve</w> 
 <w id="w8.2.16">s</w> 
 <w id="w8.2.17">cianidom</w>
 <w id="w8.2.18">,</w> 
 <w id="w8.2.19">ki</w> 
 <w id="w8.2.20">je</w> 
 <w id="w8.2.21">zelo</w> 
 <w id="w8.2.22">strupena</w> 
 <w id="w8.2.23">kemikalija</w>
 <w id="w8.2.24">.</w>
</s> 
 
<s id="s8.3">
 <w id="w8.3.1">Zastrupitev</w> 
 <w id="w8.3.2">s</w> 
 <w id="w8.3.3">cianidom</w> 
 <w id="w8.3.4">je</w> 
 <w id="w8.3.5">ponavadi</w> 
 <w id="w8.3.6">posledica</w>   
 <w id="w8.3.7">izpostavljenosti</w> 
 <w id="w8.3.8">dimu</w> 
 <w id="w8.3.9">pri</w> 
 <w id="w8.3.10">požarih</w>
 <w id="w8.3.11">,</w> 
 <w id="w8.3.12">vdihovanja</w> 
 <w id="w8.3.13">ali</w> 
 <w id="w8.3.14">zaužitja</w> 
 <w id="w8.3.15">cianida</w> 
 <w id="w8.3.16">ali</w> 
 <w id="w8.3.17">stika</w> 
 <w id="w8.3.18">s</w> 
 <w id="w8.3.19">cianidom</w> 
 <w id="w8.3.20">prek</w> 
 <w id="w8.3.21">kože</w> 
 <w id="w8.3.22">ali</w>   
 <w id="w8.3.23">sluznice</w> 
 <w id="w8.3.24">(</w>
 <w id="w8.3.25">vlažne</w> 
 <w id="w8.3.26">površine</w> 
 <w id="w8.3.27">telesa</w>
 <w id="w8.3.28">,</w> 
 <w id="w8.3.29">npr</w>
 <w id="w8.3.30">.</w> 
 <w id="w8.3.31">v</w> 
 <w id="w8.3.32">ustih</w>
 <w id="w8.3.33">)</w>
 <w id="w8.3.34">.</w>
</s>   
 
<s id="s8.4">
 <w id="w8.4.1">Zdravilo</w> 
 <w id="w8.4.2">se</w> 
 <w id="w8.4.3">dobi</w> 
 <w id="w8.4.4">samo</w> 
 <w id="w8.4.5">na</w> 
 <w id="w8.4.6">recept</w>
 <w id="w8.4.7">.</w>
</s></p>

<p id="9">
<s id="s9.1">
 <w id="w9.1.1">Kako</w> 
 <w id="w9.1.2">se</w> 
 <w id="w9.1.3">zdravilo</w> 
 <w id="w9.1.4">Cyanokit</w> 
 <w id="w9.1.5">uporablja</w>
 <w id="w9.1.6">?</w>
</s>   
 
<s id="s9.2">
 <w id="w9.2.1">Zdravilo</w> 
 <w id="w9.2.2">Cyanokit</w> 
 <w id="w9.2.3">se</w> 
 <w id="w9.2.4">uporablja</w> 
 <w id="w9.2.5">kot</w> 
 <w id="w9.2.6">nujno</w> 
 <w id="w9.2.7">zdravljenje</w> 
 <w id="w9.2.8">čim</w> 
 <w id="w9.2.9">prej</w> 
 <w id="w9.2.10">po</w> 
 <w id="w9.2.11">zastrupitvi</w>
 <w id="w9.2.12">.</w>
</s> 
 
<s id="s9.3">
 <w id="w9.3.1">Daje</w> 
 <w id="w9.3.2">se</w> 
 <w id="w9.3.3">v</w> 
 <w id="w9.3.4">obliki</w>   
 <w id="w9.3.5">intravenske</w> 
 <w id="w9.3.6">infuzije</w>
 <w id="w9.3.7">,</w> 
 <w id="w9.3.8">ki</w> 
 <w id="w9.3.9">traja</w> 
 <w id="w9.3.10">15</w> 
 <w id="w9.3.11">minut</w>
 <w id="w9.3.12">.</w>
</s> 
 
<s id="s9.4">
 <w id="w9.4.1">Začetni</w> 
 <w id="w9.4.2">odmerek</w> 
 <w id="w9.4.3">za</w> 
 <w id="w9.4.4">odrasle</w> 
 <w id="w9.4.5">je</w> 
 <w id="w9.4.6">5</w> 
 <w id="w9.4.7">g</w>
 <w id="w9.4.8">,</w> 
 <w id="w9.4.9">za</w> 
 <w id="w9.4.10">otroke</w> 
 <w id="w9.4.11">pa</w> 
 <w id="w9.4.12">70</w> 
 <w id="w9.4.13">mg</w> 
 <w id="w9.4.14">na</w>   
 <w id="w9.4.15">kilogram</w> 
 <w id="w9.4.16">telesne</w> 
 <w id="w9.4.17">mase</w> 
 <w id="w9.4.18">do</w> 
 <w id="w9.4.19">največ</w> 
 <w id="w9.4.20">5</w> 
 <w id="w9.4.21">g</w>
 <w id="w9.4.22">.</w>
</s> 
 
<s id="s9.5">
 <w id="w9.5.1">Glede</w> 
 <w id="w9.5.2">na</w> 
 <w id="w9.5.3">resnost</w> 
 <w id="w9.5.4">zastrupitve</w> 
 <w id="w9.5.5">in</w> 
 <w id="w9.5.6">odziv</w> 
 <w id="w9.5.7">bolnika</w> 
 <w id="w9.5.8">se</w> 
 <w id="w9.5.9">lahko</w> 
 <w id="w9.5.10">da</w> 
 <w id="w9.5.11">tudi</w>   
 <w id="w9.5.12">drugi</w> 
 <w id="w9.5.13">odmerek</w>
 <w id="w9.5.14">.</w>
</s> 
 
<s id="s9.6">
 <w id="w9.6.1">Drugi</w> 
 <w id="w9.6.2">odmerek</w> 
 <w id="w9.6.3">se</w> 
 <w id="w9.6.4">infundira</w> 
 <w id="w9.6.5">15</w> 
 <w id="w9.6.6">minut</w> 
 <w id="w9.6.7">do</w> 
 <w id="w9.6.8">2</w> 
 <w id="w9.6.9">uri</w>
 <w id="w9.6.10">,</w> 
 <w id="w9.6.11">odvisno</w> 
 <w id="w9.6.12">od</w> 
 <w id="w9.6.13">stanja</w> 
 <w id="w9.6.14">bolnika</w>
 <w id="w9.6.15">.</w>
</s> 
 
<s id="s9.7">
 <w id="w9.7.1">Največji</w>   
 <w id="w9.7.2">odmerek</w> 
 <w id="w9.7.3">za</w> 
 <w id="w9.7.4">odrasle</w> 
 <w id="w9.7.5">je</w> 
 <w id="w9.7.6">10</w> 
 <w id="w9.7.7">g</w>
 <w id="w9.7.8">,</w> 
 <w id="w9.7.9">za</w> 
 <w id="w9.7.10">otroke</w> 
 <w id="w9.7.11">pa</w> 
 <w id="w9.7.12">140</w> 
 <w id="w9.7.13">mg/</w>
 <w id="w9.7.14">kg</w> 
 <w id="w9.7.15">do</w> 
 <w id="w9.7.16">največ</w> 
 <w id="w9.7.17">10</w> 
 <w id="w9.7.18">g</w>
 <w id="w9.7.19">.</w>
</s>   
 
<s id="s9.8">
 <w id="w9.8.1">Zdravilo</w> 
 <w id="w9.8.2">Cyanokit</w> 
 <w id="w9.8.3">se</w> 
 <w id="w9.8.4">uporablja</w> 
 <w id="w9.8.5">skupaj</w> 
 <w id="w9.8.6">z</w> 
 <w id="w9.8.7">ustreznimi</w> 
 <w id="w9.8.8">ukrepi</w> 
 <w id="w9.8.9">za</w> 
 <w id="w9.8.10">dekontaminacijo</w> 
 <w id="w9.8.11">in</w> 
 <w id="w9.8.12">podporo</w> 
 <w id="w9.8.13">bolnika</w>
 <w id="w9.8.14">,</w>   
 <w id="w9.8.15">vključno</w> 
 <w id="w9.8.16">s</w> 
 <w id="w9.8.17">kisikom</w> 
 <w id="w9.8.18">za</w> 
 <w id="w9.8.19">dihanje</w>
 <w id="w9.8.20">.</w>
</s></p>

<p id="10">
<s id="s10.1">
 <w id="w10.1.1">Kako</w> 
 <w id="w10.1.2">zdravilo</w> 
 <w id="w10.1.3">Cyanokit</w> 
 <w id="w10.1.4">deluje</w>
 <w id="w10.1.5">?</w>
</s>   
 
<s id="s10.2">
 <w id="w10.2.1">Zdravilna</w> 
 <w id="w10.2.2">učinkovina</w> 
 <w id="w10.2.3">v</w> 
 <w id="w10.2.4">zdravilu</w> 
 <w id="w10.2.5">Cyanokit</w>
 <w id="w10.2.6">,</w> 
 <w id="w10.2.7">hidroksokobalamin</w>
 <w id="w10.2.8">,</w> 
 <w id="w10.2.9">reagira</w> 
 <w id="w10.2.10">s</w> 
 <w id="w10.2.11">cianidom</w> 
 <w id="w10.2.12">v</w> 
 <w id="w10.2.13">telesu</w>
 <w id="w10.2.14">.</w>
</s> 
 
<s id="s10.3">
 <w id="w10.3.1">V</w> 
 <w id="w10.3.2">reakciji</w>   
 <w id="w10.3.3">nastane</w> 
 <w id="w10.3.4">cianokobalamin</w>
 <w id="w10.3.5">,</w> 
 <w id="w10.3.6">nestrupena</w> 
 <w id="w10.3.7">spojina</w>
 <w id="w10.3.8">,</w> 
 <w id="w10.3.9">ki</w> 
 <w id="w10.3.10">se</w> 
 <w id="w10.3.11">odstrani</w> 
 <w id="w10.3.12">iz</w> 
 <w id="w10.3.13">telesa</w> 
 <w id="w10.3.14">s</w> 
 <w id="w10.3.15">sečem</w>
 <w id="w10.3.16">.</w>
</s> 
 
<s id="s10.4">
 <w id="w10.4.1">S</w> 
 <w id="w10.4.2">tem</w> 
 <w id="w10.4.3">se</w> 
 <w id="w10.4.4">znižajo</w> 
 <w id="w10.4.5">ravni</w>   
 <w id="w10.4.6">cianida</w> 
 <w id="w10.4.7">v</w> 
 <w id="w10.4.8">telesu</w>
 <w id="w10.4.9">.</w>
</s> 
 
<s id="s10.5">
 <w id="w10.5.1">Cianid</w> 
 <w id="w10.5.2">se</w> 
 <w id="w10.5.3">ne</w> 
 <w id="w10.5.4">veže</w> 
 <w id="w10.5.5">več</w> 
 <w id="w10.5.6">na</w> 
 <w id="w10.5.7">celični</w> 
 <w id="w10.5.8">encim</w> 
 <w id="w10.5.9">citokrom-</w>
 <w id="w10.5.10">oksidazo</w>
 <w id="w10.5.11">,</w> 
 <w id="w10.5.12">ki</w> 
 <w id="w10.5.13">je</w> 
 <w id="w10.5.14">pomemben</w> 
 <w id="w10.5.15">za</w>   
 <w id="w10.5.16">zagotavljanje</w> 
 <w id="w10.5.17">energije</w> 
 <w id="w10.5.18">v</w> 
 <w id="w10.5.19">celicah</w>
 <w id="w10.5.20">.</w>
</s> 
 
<s id="s10.6">
 <w id="w10.6.1">S</w> 
 <w id="w10.6.2">tem</w> 
 <w id="w10.6.3">se</w> 
 <w id="w10.6.4">zmanjšajo</w> 
 <w id="w10.6.5">učinki</w> 
 <w id="w10.6.6">zastrupitve</w> 
 <w id="w10.6.7">s</w> 
 <w id="w10.6.8">cianidom</w>
 <w id="w10.6.9">.</w>
</s>   
 
<s id="s10.7">
 <w id="w10.7.1">Hidroksokobalamin</w> 
 <w id="w10.7.2">(</w>
 <w id="w10.7.3">vitamin</w> 
 <w id="w10.7.4">B12a</w>
 <w id="w10.7.5">)</w> 
 <w id="w10.7.6">se</w> 
 <w id="w10.7.7">uporablja</w> 
 <w id="w10.7.8">kot</w> 
 <w id="w10.7.9">vitaminsko</w> 
 <w id="w10.7.10">dopolnilo</w> 
 <w id="w10.7.11">že</w> 
 <w id="w10.7.12">od</w> 
 <w id="w10.7.13">petdesetih</w> 
 <w id="w10.7.14">let</w>   
 <w id="w10.7.15">prejšnjega</w> 
 <w id="w10.7.16">stoletja</w>
 <w id="w10.7.17">.</w>
</s></p>

<p id="11">
<s id="s11.1">
 <w id="w11.1.1">Kako</w> 
 <w id="w11.1.2">je</w> 
 <w id="w11.1.3">bilo</w> 
 <w id="w11.1.4">zdravilo</w> 
 <w id="w11.1.5">Cyanokit</w> 
 <w id="w11.1.6">raziskano</w>
 <w id="w11.1.7">?</w>
</s>   
 
<s id="s11.2">
 <w id="w11.2.1">Učinki</w> 
 <w id="w11.2.2">zdravila</w> 
 <w id="w11.2.3">Cyanokit</w> 
 <w id="w11.2.4">so</w> 
 <w id="w11.2.5">bili</w> 
 <w id="w11.2.6">najprej</w> 
 <w id="w11.2.7">preizkušeni</w> 
 <w id="w11.2.8">na</w> 
 <w id="w11.2.9">poskusnih</w> 
 <w id="w11.2.10">modelih</w>
 <w id="w11.2.11">,</w> 
 <w id="w11.2.12">nato</w> 
 <w id="w11.2.13">pa</w> 
 <w id="w11.2.14">so</w> 
 <w id="w11.2.15">jih</w> 
 <w id="w11.2.16">raziskali</w> 
 <w id="w11.2.17">pri</w>   
 <w id="w11.2.18">ljudeh</w>
 <w id="w11.2.19">.</w>
</s>   
 
<s id="s11.3">
 <w id="w11.3.1">Študij</w>
 <w id="w11.3.2">,</w> 
 <w id="w11.3.3">ki</w> 
 <w id="w11.3.4">bi</w> 
 <w id="w11.3.5">neposredno</w> 
 <w id="w11.3.6">primerjale</w> 
 <w id="w11.3.7">učinkovitost</w> 
 <w id="w11.3.8">zdravila</w> 
 <w id="w11.3.9">Cyanokit</w> 
 <w id="w11.3.10">s</w> 
 <w id="w11.3.11">katerim</w> 
 <w id="w11.3.12">koli</w> 
 <w id="w11.3.13">drugim</w> 
 <w id="w11.3.14">zdravilom</w>
 <w id="w11.3.15">,</w>   
 <w id="w11.3.16">pri</w> 
 <w id="w11.3.17">ljudeh</w> 
 <w id="w11.3.18">ni</w> 
 <w id="w11.3.19">bilo</w>
 <w id="w11.3.20">.</w>
</s> 
 
<s id="s11.4">
 <w id="w11.4.1">Učinkovitost</w> 
 <w id="w11.4.2">so</w> 
 <w id="w11.4.3">ugotavljali</w> 
 <w id="w11.4.4">pri</w> 
 <w id="w11.4.5">83</w> 
 <w id="w11.4.6">bolnikih</w>
 <w id="w11.4.7">,</w> 
 <w id="w11.4.8">ki</w> 
 <w id="w11.4.9">so</w> 
 <w id="w11.4.10">bili</w> 
 <w id="w11.4.11">sprejeti</w> 
 <w id="w11.4.12">v</w> 
 <w id="w11.4.13">bolnišnico</w> 
 <w id="w11.4.14">s</w> 
 <w id="w11.4.15">sumom</w>                                         
 <w id="w11.4.16">7</w> 
 <w id="w11.4.17">Westferry</w> 
 <w id="w11.4.18">Circus</w>
 <w id="w11.4.19">,</w> 
 <w id="w11.4.20">Canary</w> 
 <w id="w11.4.21">Wharf</w>
 <w id="w11.4.22">,</w> 
 <w id="w11.4.23">London</w> 
 <w id="w11.4.24">E14</w> 
 <w id="w11.4.25">4HB</w>
 <w id="w11.4.26">,</w> 
 <w id="w11.4.27">UK</w>                                            
 <w id="w11.4.28">Tel</w>
 <w id="w11.4.29">.</w>
</s> 
 
<s id="s11.5">
 <w id="w11.5.1">(</w>
 <w id="w11.5.2">44-</w>
 <w id="w11.5.3">20</w>
 <w id="w11.5.4">)</w> 
 <w id="w11.5.5">74</w> 
 <w id="w11.5.6">18</w> 
 <w id="w11.5.7">84</w> 
 <w id="w11.5.8">00</w> 
 <w id="w11.5.9">Fax</w> 
 <w id="w11.5.10">(</w>
 <w id="w11.5.11">44-</w>
 <w id="w11.5.12">20</w>
 <w id="w11.5.13">)</w> 
 <w id="w11.5.14">74</w> 
 <w id="w11.5.15">18</w> 
 <w id="w11.5.16">84</w> 
 <w id="w11.5.17">16</w>                                        
 <w id="w11.5.18">E-</w>
 <w id="w11.5.19">mail</w>
 <w id="w11.5.20">:</w> 
 <w id="w11.5.21">mail@</w>
 <w id="w11.5.22">emea.</w>
 <w id="w11.5.23">europa.</w>
 <w id="w11.5.24">eu</w> 
 <w id="w11.5.25">http</w>
 <w id="w11.5.26">:</w>
 <w id="w11.5.27">//</w>
 <w id="w11.5.28">www.</w>
 <w id="w11.5.29">emea.</w>
 <w id="w11.5.30">europa.</w>
 <w id="w11.5.31">eu</w> 
 <w id="w11.5.32">©EMEA</w> 
 <w id="w11.5.33">2007</w> 
 <w id="w11.5.34">Reproduction</w> 
 <w id="w11.5.35">and/</w>
 <w id="w11.5.36">or</w> 
 <w id="w11.5.37">distribution</w> 
 <w id="w11.5.38">of</w> 
 <w id="w11.5.39">this</w> 
 <w id="w11.5.40">document</w> 
 <w id="w11.5.41">is</w> 
 <w id="w11.5.42">authorised</w> 
 <w id="w11.5.43">for</w> 
 <w id="w11.5.44">non</w> 
 <w id="w11.5.45">commercial</w> 
 <w id="w11.5.46">purposes</w> 
 <w id="w11.5.47">only</w> 
 <w id="w11.5.48">provided</w> 
 <w id="w11.5.49">the</w> 
 <w id="w11.5.50">EMEA</w> 
 <w id="w11.5.51">is</w> 
 <w id="w11.5.52">acknowledged</w> 
 <w id="w11.5.53">zastrupitve</w> 
 <w id="w11.5.54">s</w> 
 <w id="w11.5.55">cianidom</w> 
 <w id="w11.5.56">in</w> 
 <w id="w11.5.57">ki</w> 
 <w id="w11.5.58">so</w> 
 <w id="w11.5.59">prejeli</w> 
 <w id="w11.5.60">zdravilo</w> 
 <w id="w11.5.61">Cyanokit</w>
 <w id="w11.5.62">.</w>
</s> 
 
<s id="s11.6">
 <w id="w11.6.1">V</w> 
 <w id="w11.6.2">eni</w> 
 <w id="w11.6.3">študiji</w>
 <w id="w11.6.4">,</w> 
 <w id="w11.6.5">ki</w> 
 <w id="w11.6.6">je</w> 
 <w id="w11.6.7">vključevala</w> 
 <w id="w11.6.8">69</w> 
 <w id="w11.6.9">bolnikov</w>
 <w id="w11.6.10">,</w> 
 <w id="w11.6.11">je</w> 
 <w id="w11.6.12">do</w> 
 <w id="w11.6.13">zastrupitve</w> 
 <w id="w11.6.14">s</w> 
 <w id="w11.6.15">cianidom</w> 
 <w id="w11.6.16">prišlo</w> 
 <w id="w11.6.17">zaradi</w> 
 <w id="w11.6.18">izpostavitve</w> 
 <w id="w11.6.19">dimu</w> 
 <w id="w11.6.20">v</w> 
 <w id="w11.6.21">požaru</w>
 <w id="w11.6.22">.</w>
</s> 
 
<s id="s11.7">
 <w id="w11.7.1">V</w> 
 <w id="w11.7.2">tej</w> 
 <w id="w11.7.3">študiji</w> 
 <w id="w11.7.4">so</w> 
 <w id="w11.7.5">primerjali</w> 
 <w id="w11.7.6">stanje</w> 
 <w id="w11.7.7">bolnikov</w> 
 <w id="w11.7.8">na</w> 
 <w id="w11.7.9">mestu</w> 
 <w id="w11.7.10">nezgode</w> 
 <w id="w11.7.11">s</w> 
 <w id="w11.7.12">stanjem</w> 
 <w id="w11.7.13">po</w> 
 <w id="w11.7.14">koncu</w> 
 <w id="w11.7.15">infundiranja</w> 
 <w id="w11.7.16">zdravila</w> 
 <w id="w11.7.17">Cyanokit</w> 
 <w id="w11.7.18">ter</w> 
 <w id="w11.7.19">stanjem</w> 
 <w id="w11.7.20">v</w> 
 <w id="w11.7.21">naslednjih</w> 
 <w id="w11.7.22">treh</w> 
 <w id="w11.7.23">dneh</w>
 <w id="w11.7.24">.</w>
</s> 
 
<s id="s11.8">
 <w id="w11.8.1">Preučili</w> 
 <w id="w11.8.2">so</w> 
 <w id="w11.8.3">še</w> 
 <w id="w11.8.4">14</w> 
 <w id="w11.8.5">bolnikov</w>
 <w id="w11.8.6">,</w> 
 <w id="w11.8.7">pri</w> 
 <w id="w11.8.8">katerih</w> 
 <w id="w11.8.9">zastrupitev</w> 
 <w id="w11.8.10">s</w> 
 <w id="w11.8.11">cianidom</w> 
 <w id="w11.8.12">ni</w> 
 <w id="w11.8.13">bila</w> 
 <w id="w11.8.14">posledica</w> 
 <w id="w11.8.15">vdihavanja</w> 
 <w id="w11.8.16">dima</w>
 <w id="w11.8.17">;</w> 
 <w id="w11.8.18">v</w> 
 <w id="w11.8.19">večini</w> 
 <w id="w11.8.20">primerov</w> 
 <w id="w11.8.21">so</w> 
 <w id="w11.8.22">ti</w> 
 <w id="w11.8.23">bolniki</w> 
 <w id="w11.8.24">uporabili</w> 
 <w id="w11.8.25">cianid</w> 
 <w id="w11.8.26">pri</w> 
 <w id="w11.8.27">poskusu</w> 
 <w id="w11.8.28">samomora</w>
 <w id="w11.8.29">.</w>
</s> 
 
<s id="s11.9">
 <w id="w11.9.1">Podatke</w> 
 <w id="w11.9.2">o</w> 
 <w id="w11.9.3">teh</w> 
 <w id="w11.9.4">bolnikih</w> 
 <w id="w11.9.5">so</w> 
 <w id="w11.9.6">pridobili</w> 
 <w id="w11.9.7">iz</w> 
 <w id="w11.9.8">zdravniških</w> 
 <w id="w11.9.9">kartotek</w>
 <w id="w11.9.10">,</w> 
 <w id="w11.9.11">ki</w> 
 <w id="w11.9.12">so</w> 
 <w id="w11.9.13">zabeležene</w> 
 <w id="w11.9.14">v</w> 
 <w id="w11.9.15">zbirkah</w> 
 <w id="w11.9.16">podatkov</w> 
 <w id="w11.9.17">v</w> 
 <w id="w11.9.18">dveh</w> 
 <w id="w11.9.19">francoskih</w> 
 <w id="w11.9.20">bolnišnicah</w>
 <w id="w11.9.21">.</w>
</s></p>

<p id="12">
<s id="s12.1">
 <w id="w12.1.1">Kakšne</w> 
 <w id="w12.1.2">koristi</w> 
 <w id="w12.1.3">je</w> 
 <w id="w12.1.4">zdravilo</w> 
 <w id="w12.1.5">Cyanokit</w> 
 <w id="w12.1.6">izkazalo</w> 
 <w id="w12.1.7">med</w> 
 <w id="w12.1.8">študijami</w>
 <w id="w12.1.9">?</w>
</s> 
 
<s id="s12.2">
 <w id="w12.2.1">V</w> 
 <w id="w12.2.2">študiji</w> 
 <w id="w12.2.3">vdihavanja</w> 
 <w id="w12.2.4">dima</w> 
 <w id="w12.2.5">so</w> 
 <w id="w12.2.6">odziv</w> 
 <w id="w12.2.7">na</w> 
 <w id="w12.2.8">zdravilo</w> 
 <w id="w12.2.9">Cyanokit</w> 
 <w id="w12.2.10">ocenili</w> 
 <w id="w12.2.11">pri</w> 
 <w id="w12.2.12">31</w> 
 <w id="w12.2.13">(</w>
 <w id="w12.2.14">45</w> 
 <w id="w12.2.15">%</w>
 <w id="w12.2.16">)</w> 
 <w id="w12.2.17">bolnikih</w> 
 <w id="w12.2.18">kot</w> 
 <w id="w12.2.19">„</w>
 <w id="w12.2.20">pozitiven</w>
 <w id="w12.2.21">“</w>
 <w id="w12.2.22">,</w> 
 <w id="w12.2.23">pri</w> 
 <w id="w12.2.24">15</w> 
 <w id="w12.2.25">(</w>
 <w id="w12.2.26">22</w> 
 <w id="w12.2.27">%</w>
 <w id="w12.2.28">)</w> 
 <w id="w12.2.29">bolnikih</w> 
 <w id="w12.2.30">kot</w> 
 <w id="w12.2.31">„</w>
 <w id="w12.2.32">delen</w>
 <w id="w12.2.33">“</w> 
 <w id="w12.2.34">in</w> 
 <w id="w12.2.35">pri</w> 
 <w id="w12.2.36">19</w> 
 <w id="w12.2.37">(</w>
 <w id="w12.2.38">15</w> 
 <w id="w12.2.39">%</w>
 <w id="w12.2.40">)</w> 
 <w id="w12.2.41">bolnikih</w> 
 <w id="w12.2.42">kot</w> 
 <w id="w12.2.43">„</w>
 <w id="w12.2.44">odsoten</w>
 <w id="w12.2.45">“</w>
 <w id="w12.2.46">.</w>
</s> 
 
<s id="s12.3">
 <w id="w12.3.1">V</w> 
 <w id="w12.3.2">preostalih</w> 
 <w id="w12.3.3">13</w> 
 <w id="w12.3.4">primerih</w> 
 <w id="w12.3.5">je</w> 
 <w id="w12.3.6">bil</w> 
 <w id="w12.3.7">odziv</w> 
 <w id="w12.3.8">neznan</w>
 <w id="w12.3.9">.</w>
</s> 
 
<s id="s12.4">
 <w id="w12.4.1">Petdeset</w> 
 <w id="w12.4.2">bolnikov</w> 
 <w id="w12.4.3">v</w> 
 <w id="w12.4.4">tej</w> 
 <w id="w12.4.5">študiji</w> 
 <w id="w12.4.6">je</w> 
 <w id="w12.4.7">preživelo</w>
 <w id="w12.4.8">.</w>
</s> 
 
<s id="s12.5">
 <w id="w12.5.1">Preživetje</w> 
 <w id="w12.5.2">je</w> 
 <w id="w12.5.3">bilo</w> 
 <w id="w12.5.4">bolj</w> 
 <w id="w12.5.5">verjetno</w> 
 <w id="w12.5.6">pri</w> 
 <w id="w12.5.7">bolnikih</w>
 <w id="w12.5.8">,</w> 
 <w id="w12.5.9">ki</w> 
 <w id="w12.5.10">so</w> 
 <w id="w12.5.11">prejeli</w> 
 <w id="w12.5.12">zdravilo</w> 
 <w id="w12.5.13">Cyanokit</w>
 <w id="w12.5.14">,</w> 
 <w id="w12.5.15">preden</w> 
 <w id="w12.5.16">se</w> 
 <w id="w12.5.17">jim</w> 
 <w id="w12.5.18">je</w> 
 <w id="w12.5.19">ustavilo</w> 
 <w id="w12.5.20">srce</w>
 <w id="w12.5.21">;</w> 
 <w id="w12.5.22">pri</w> 
 <w id="w12.5.23">bolnikih</w>
 <w id="w12.5.24">,</w> 
 <w id="w12.5.25">ki</w> 
 <w id="w12.5.26">so</w> 
 <w id="w12.5.27">imeli</w> 
 <w id="w12.5.28">blažje</w> 
 <w id="w12.5.29">simptome</w> 
 <w id="w12.5.30">možganske</w> 
 <w id="w12.5.31">poškodbe</w> 
 <w id="w12.5.32">in</w> 
 <w id="w12.5.33">ki</w> 
 <w id="w12.5.34">so</w> 
 <w id="w12.5.35">imeli</w> 
 <w id="w12.5.36">nižje</w> 
 <w id="w12.5.37">ravni</w> 
 <w id="w12.5.38">cianida</w> 
 <w id="w12.5.39">v</w> 
 <w id="w12.5.40">krvi</w>
 <w id="w12.5.41">.</w>
</s> 
 
<s id="s12.6">
 <w id="w12.6.1">Dva</w> 
 <w id="w12.6.2">bolnika</w> 
 <w id="w12.6.3">sta</w> 
 <w id="w12.6.4">preživela</w>
 <w id="w12.6.5">,</w> 
 <w id="w12.6.6">čeprav</w> 
 <w id="w12.6.7">je</w> 
 <w id="w12.6.8">prišlo</w> 
 <w id="w12.6.9">do</w> 
 <w id="w12.6.10">zastoja</w> 
 <w id="w12.6.11">srca</w> 
 <w id="w12.6.12">pred</w> 
 <w id="w12.6.13">prejemom</w> 
 <w id="w12.6.14">zdravila</w> 
 <w id="w12.6.15">Cyanokit</w>
 <w id="w12.6.16">.</w>
</s> 
 
<s id="s12.7">
 <w id="w12.7.1">Simptomi</w> 
 <w id="w12.7.2">možganske</w> 
 <w id="w12.7.3">poškodbe</w> 
 <w id="w12.7.4">so</w> 
 <w id="w12.7.5">izzveneli</w> 
 <w id="w12.7.6">pri</w> 
 <w id="w12.7.7">38</w> 
 <w id="w12.7.8">od</w> 
 <w id="w12.7.9">66</w> 
 <w id="w12.7.10">bolnikov</w>
 <w id="w12.7.11">.</w>
</s> 
 
<s id="s12.8">
 <w id="w12.8.1">Izmed</w> 
 <w id="w12.8.2">14</w> 
 <w id="w12.8.3">bolnikov</w>
 <w id="w12.8.4">,</w> 
 <w id="w12.8.5">pri</w> 
 <w id="w12.8.6">katerih</w> 
 <w id="w12.8.7">zastrupitev</w> 
 <w id="w12.8.8">s</w> 
 <w id="w12.8.9">cianidom</w> 
 <w id="w12.8.10">ni</w> 
 <w id="w12.8.11">bila</w> 
 <w id="w12.8.12">posledica</w> 
 <w id="w12.8.13">vdihavanja</w> 
 <w id="w12.8.14">dima</w>
 <w id="w12.8.15">,</w> 
 <w id="w12.8.16">jih</w> 
 <w id="w12.8.17">je</w> 
 <w id="w12.8.18">10</w> 
 <w id="w12.8.19">preživelo</w>
 <w id="w12.8.20">,</w> 
 <w id="w12.8.21">vključno</w> 
 <w id="w12.8.22">s</w> 
 <w id="w12.8.23">sedmimi</w> 
 <w id="w12.8.24">bolniki</w>
 <w id="w12.8.25">,</w> 
 <w id="w12.8.26">ki</w> 
 <w id="w12.8.27">so</w> 
 <w id="w12.8.28">imeli</w> 
 <w id="w12.8.29">v</w> 
 <w id="w12.8.30">krvi</w> 
 <w id="w12.8.31">„</w>
 <w id="w12.8.32">smrtne</w>
 <w id="w12.8.33">“</w> 
 <w id="w12.8.34">ravni</w> 
 <w id="w12.8.35">cianida</w>
 <w id="w12.8.36">.</w>
</s> 
 
<s id="s12.9">
 <w id="w12.9.1">Štirje</w> 
 <w id="w12.9.2">bolniki</w>
 <w id="w12.9.3">,</w> 
 <w id="w12.9.4">ki</w> 
 <w id="w12.9.5">niso</w> 
 <w id="w12.9.6">preživeli</w>
 <w id="w12.9.7">,</w> 
 <w id="w12.9.8">so</w> 
 <w id="w12.9.9">imeli</w> 
 <w id="w12.9.10">v</w> 
 <w id="w12.9.11">krvi</w> 
 <w id="w12.9.12">visoke</w> 
 <w id="w12.9.13">ravni</w> 
 <w id="w12.9.14">cianida</w> 
 <w id="w12.9.15">oziroma</w> 
 <w id="w12.9.16">je</w> 
 <w id="w12.9.17">pri</w> 
 <w id="w12.9.18">njih</w> 
 <w id="w12.9.19">prišlo</w> 
 <w id="w12.9.20">do</w> 
 <w id="w12.9.21">zastoja</w> 
 <w id="w12.9.22">srca</w> 
 <w id="w12.9.23">ali</w> 
 <w id="w12.9.24">dihanja</w> 
 <w id="w12.9.25">pred</w> 
 <w id="w12.9.26">prejemom</w> 
 <w id="w12.9.27">zdravila</w> 
 <w id="w12.9.28">Cyanokit</w>
 <w id="w12.9.29">.</w>
</s></p>

<p id="13">
<s id="s13.1">
 <w id="w13.1.1">Kakšna</w> 
 <w id="w13.1.2">tveganja</w> 
 <w id="w13.1.3">so</w> 
 <w id="w13.1.4">povezana</w> 
 <w id="w13.1.5">z</w> 
 <w id="w13.1.6">zdravilom</w> 
 <w id="w13.1.7">Cyanokit</w>
 <w id="w13.1.8">?</w>
</s> 
 
<s id="s13.2">
 <w id="w13.2.1">Ker</w> 
 <w id="w13.2.2">ima</w> 
 <w id="w13.2.3">hidroksokobalamin</w> 
 <w id="w13.2.4">intenzivno</w> 
 <w id="w13.2.5">rdečo</w> 
 <w id="w13.2.6">barvo</w>
 <w id="w13.2.7">,</w> 
 <w id="w13.2.8">se</w> 
 <w id="w13.2.9">pri</w> 
 <w id="w13.2.10">večini</w> 
 <w id="w13.2.11">bolnikov</w> 
 <w id="w13.2.12">po</w> 
 <w id="w13.2.13">prejemu</w> 
 <w id="w13.2.14">zdravila</w> 
 <w id="w13.2.15">Cyanokit</w> 
 <w id="w13.2.16">koža</w> 
 <w id="w13.2.17">in</w> 
 <w id="w13.2.18">sluznice</w> 
 <w id="w13.2.19">obarvajo</w> 
 <w id="w13.2.20">temno</w> 
 <w id="w13.2.21">rdeče</w> 
 <w id="w13.2.22">za</w> 
 <w id="w13.2.23">do</w> 
 <w id="w13.2.24">15</w> 
 <w id="w13.2.25">dni</w>
 <w id="w13.2.26">,</w> 
 <w id="w13.2.27">seč</w> 
 <w id="w13.2.28">pa</w> 
 <w id="w13.2.29">za</w> 
 <w id="w13.2.30">do</w> 
 <w id="w13.2.31">35</w> 
 <w id="w13.2.32">dni</w>
 <w id="w13.2.33">.</w>
</s> 
 
<s id="s13.3">
 <w id="w13.3.1">Na</w> 
 <w id="w13.3.2">osnovi</w> 
 <w id="w13.3.3">trenutno</w> 
 <w id="w13.3.4">dostopnih</w> 
 <w id="w13.3.5">podatkov</w> 
 <w id="w13.3.6">ni</w> 
 <w id="w13.3.7">možno</w> 
 <w id="w13.3.8">oceniti</w> 
 <w id="w13.3.9">pogostnosti</w> 
 <w id="w13.3.10">drugih</w> 
 <w id="w13.3.11">neželenih</w> 
 <w id="w13.3.12">učinkov</w> 
 <w id="w13.3.13">zdravila</w> 
 <w id="w13.3.14">Cyanokit</w>
 <w id="w13.3.15">.</w>
</s> 
 
<s id="s13.4">
 <w id="w13.4.1">Za</w> 
 <w id="w13.4.2">celoten</w> 
 <w id="w13.4.3">opis</w> 
 <w id="w13.4.4">neželenih</w> 
 <w id="w13.4.5">učinkov</w>
 <w id="w13.4.6">,</w> 
 <w id="w13.4.7">o</w> 
 <w id="w13.4.8">katerih</w> 
 <w id="w13.4.9">so</w> 
 <w id="w13.4.10">poročali</w> 
 <w id="w13.4.11">pri</w> 
 <w id="w13.4.12">uporabi</w> 
 <w id="w13.4.13">zdravila</w> 
 <w id="w13.4.14">Cyanokit</w>
 <w id="w13.4.15">,</w> 
 <w id="w13.4.16">glejte</w> 
 <w id="w13.4.17">Navodilo</w> 
 <w id="w13.4.18">za</w> 
 <w id="w13.4.19">uporabo</w>
 <w id="w13.4.20">.</w>
</s> 
 
<s id="s13.5">
 <w id="w13.5.1">Uporaba</w> 
 <w id="w13.5.2">zdravila</w> 
 <w id="w13.5.3">Cyanokit</w> 
 <w id="w13.5.4">lahko</w> 
 <w id="w13.5.5">vpliva</w> 
 <w id="w13.5.6">na</w> 
 <w id="w13.5.7">ocenjevanje</w> 
 <w id="w13.5.8">opeklin</w> 
 <w id="w13.5.9">in</w> 
 <w id="w13.5.10">rezultate</w> 
 <w id="w13.5.11">laboratorijskih</w> 
 <w id="w13.5.12">preiskav</w>
 <w id="w13.5.13">.</w>
</s> 
 
<s id="s13.6">
 <w id="w13.6.1">Vsako</w> 
 <w id="w13.6.2">pakiranje</w> 
 <w id="w13.6.3">zdravila</w> 
 <w id="w13.6.4">Cyanokit</w> 
 <w id="w13.6.5">vsebuje</w> 
 <w id="w13.6.6">nalepko</w>
 <w id="w13.6.7">,</w> 
 <w id="w13.6.8">ki</w> 
 <w id="w13.6.9">opisuje</w> 
 <w id="w13.6.10">te</w> 
 <w id="w13.6.11">učinke</w>
 <w id="w13.6.12">.</w>
</s> 
 
<s id="s13.7">
 <w id="w13.7.1">Ta</w> 
 <w id="w13.7.2">nalepka</w> 
 <w id="w13.7.3">se</w> 
 <w id="w13.7.4">lahko</w> 
 <w id="w13.7.5">nalepi</w> 
 <w id="w13.7.6">v</w> 
 <w id="w13.7.7">bolnikovo</w> 
 <w id="w13.7.8">kartoteko</w>
 <w id="w13.7.9">,</w> 
 <w id="w13.7.10">da</w> 
 <w id="w13.7.11">je</w> 
 <w id="w13.7.12">zdravstveno</w> 
 <w id="w13.7.13">osebje</w> 
 <w id="w13.7.14">obveščeno</w> 
 <w id="w13.7.15">o</w> 
 <w id="w13.7.16">teh</w> 
 <w id="w13.7.17">učinkih</w> 
 <w id="w13.7.18">zdravila</w>
 <w id="w13.7.19">.</w>
</s></p>

<p id="14">
<s id="s14.1">
 <w id="w14.1.1">Zakaj</w> 
 <w id="w14.1.2">je</w> 
 <w id="w14.1.3">bilo</w> 
 <w id="w14.1.4">zdravilo</w> 
 <w id="w14.1.5">Cyanokit</w> 
 <w id="w14.1.6">odobreno</w>
 <w id="w14.1.7">?</w>
</s> 
 
<s id="s14.2">
 <w id="w14.2.1">Odbor</w> 
 <w id="w14.2.2">za</w> 
 <w id="w14.2.3">zdravila</w> 
 <w id="w14.2.4">za</w> 
 <w id="w14.2.5">uporabo</w> 
 <w id="w14.2.6">v</w> 
 <w id="w14.2.7">humani</w> 
 <w id="w14.2.8">medicini</w> 
 <w id="w14.2.9">(</w>
 <w id="w14.2.10">CHMP</w>
 <w id="w14.2.11">)</w> 
 <w id="w14.2.12">je</w> 
 <w id="w14.2.13">glede</w> 
 <w id="w14.2.14">na</w> 
 <w id="w14.2.15">to</w>
 <w id="w14.2.16">,</w> 
 <w id="w14.2.17">kako</w> 
 <w id="w14.2.18">zdravilo</w> 
 <w id="w14.2.19">vpliva</w> 
 <w id="w14.2.20">na</w> 
 <w id="w14.2.21">preživetje</w> 
 <w id="w14.2.22">in</w> 
 <w id="w14.2.23">na</w> 
 <w id="w14.2.24">preprečevanje</w> 
 <w id="w14.2.25">možganskih</w> 
 <w id="w14.2.26">poškodb</w>
 <w id="w14.2.27">,</w> 
 <w id="w14.2.28">sklenil</w>
 <w id="w14.2.29">,</w> 
 <w id="w14.2.30">da</w> 
 <w id="w14.2.31">so</w> 
 <w id="w14.2.32">bolniki</w> 
 <w id="w14.2.33">zdravilo</w> 
 <w id="w14.2.34">Cyanokit</w> 
 <w id="w14.2.35">dobro</w> 
 <w id="w14.2.36">prenašali</w> 
 <w id="w14.2.37">in</w> 
 <w id="w14.2.38">da</w> 
 <w id="w14.2.39">se</w> 
 <w id="w14.2.40">je</w> 
 <w id="w14.2.41">izkazalo</w> 
 <w id="w14.2.42">kot</w> 
 <w id="w14.2.43">učinkovit</w> 
 <w id="w14.2.44">cianidni</w> 
 <w id="w14.2.45">protistrup</w>
 <w id="w14.2.46">.</w>
</s> 
 
<s id="s14.3">
 <w id="w14.3.1">Ker</w> 
 <w id="w14.3.2">ni</w> 
 <w id="w14.3.3">podatkov</w> 
 <w id="w14.3.4">o</w> 
 <w id="w14.3.5">uspešnosti</w> 
 <w id="w14.3.6">drugih</w> 
 <w id="w14.3.7">protistrupov</w> 
 <w id="w14.3.8">za</w> 
 <w id="w14.3.9">zastrupitev</w> 
 <w id="w14.3.10">s</w> 
 <w id="w14.3.11">cianidom</w>
 <w id="w14.3.12">,</w> 
 <w id="w14.3.13">ni</w> 
 <w id="w14.3.14">bilo</w> 
 <w id="w14.3.15">možno</w> 
 <w id="w14.3.16">primerjati</w> 
 <w id="w14.3.17">uspešnosti</w> 
 <w id="w14.3.18">zdravila</w> 
 <w id="w14.3.19">Cyanokit</w> 
 <w id="w14.3.20">z</w> 
 <w id="w14.3.21">alternativnimi</w> 
 <w id="w14.3.22">protistrupi</w>
 <w id="w14.3.23">.</w>
</s> 
 
<s id="s14.4">
 <w id="w14.4.1">Vendar</w> 
 <w id="w14.4.2">je</w> 
 <w id="w14.4.3">Odbor</w> 
 <w id="w14.4.4">mnenja</w>
 <w id="w14.4.5">,</w> 
 <w id="w14.4.6">da</w> 
 <w id="w14.4.7">ima</w> 
 <w id="w14.4.8">zdravilo</w> 
 <w id="w14.4.9">Cyanokit</w> 
 <w id="w14.4.10">prednosti</w> 
 <w id="w14.4.11">pred</w> 
 <w id="w14.4.12">ostalimi</w> 
 <w id="w14.4.13">protistrupi</w>
 <w id="w14.4.14">,</w> 
 <w id="w14.4.15">ker</w> 
 <w id="w14.4.16">ima</w> 
 <w id="w14.4.17">dober</w> 
 <w id="w14.4.18">varnostni</w> 
 <w id="w14.4.19">profil</w> 
 <w id="w14.4.20">pri</w> 
 <w id="w14.4.21">bolnikih</w>
 <w id="w14.4.22">,</w> 
 <w id="w14.4.23">ki</w> 
 <w id="w14.4.24">niso</w> 
 <w id="w14.4.25">bili</w> 
 <w id="w14.4.26">zastrupljeni</w>
 <w id="w14.4.27">.</w>
</s> 
 
<s id="s14.5">
 <w id="w14.5.1">To</w> 
 <w id="w14.5.2">je</w> 
 <w id="w14.5.3">uporabno</w> 
 <w id="w14.5.4">v</w> 
 <w id="w14.5.5">primerih</w>
 <w id="w14.5.6">,</w> 
 <w id="w14.5.7">ko</w> 
 <w id="w14.5.8">gre</w> 
 <w id="w14.5.9">samo</w> 
 <w id="w14.5.10">za</w> 
 <w id="w14.5.11">sum</w> 
 <w id="w14.5.12">zastrupitve</w> 
 <w id="w14.5.13">s</w> 
 <w id="w14.5.14">cianidom</w>
 <w id="w14.5.15">.</w>
</s> 
 
<s id="s14.6">
 <w id="w14.6.1">Odbor</w> 
 <w id="w14.6.2">zato</w> 
 <w id="w14.6.3">meni</w>
 <w id="w14.6.4">,</w> 
 <w id="w14.6.5">da</w> 
 <w id="w14.6.6">so</w> 
 <w id="w14.6.7">koristi</w> 
 <w id="w14.6.8">zdravila</w> 
 <w id="w14.6.9">Cyanokit</w> 
 <w id="w14.6.10">za</w> 
 <w id="w14.6.11">zdravljenje</w> 
 <w id="w14.6.12">znane</w> 
 <w id="w14.6.13">zastrupitve</w> 
 <w id="w14.6.14">s</w> 
 <w id="w14.6.15">cianidom</w> 
 <w id="w14.6.16">ali</w> 
 <w id="w14.6.17">v</w> 
 <w id="w14.6.18">primeru</w> 
 <w id="w14.6.19">suma</w> 
 <w id="w14.6.20">zastrupitve</w> 
 <w id="w14.6.21">s</w> 
 <w id="w14.6.22">cianidom</w> 
 <w id="w14.6.23">večje</w> 
 <w id="w14.6.24">od</w> 
 <w id="w14.6.25">z</w> 
 <w id="w14.6.26">njim</w> 
 <w id="w14.6.27">povezanih</w> 
 <w id="w14.6.28">tveganj</w>
 <w id="w14.6.29">.</w>
</s> 
 
<s id="s14.7">
 <w id="w14.7.1">Odbor</w> 
 <w id="w14.7.2">je</w> 
 <w id="w14.7.3">priporočil</w> 
 <w id="w14.7.4">odobritev</w> 
 <w id="w14.7.5">dovoljenja</w> 
 <w id="w14.7.6">za</w> 
 <w id="w14.7.7">promet</w> 
 <w id="w14.7.8">z</w> 
 <w id="w14.7.9">zdravilom</w> 
 <w id="w14.7.10">Cyanokit</w>
 <w id="w14.7.11">.</w>
</s></p>

<p id="15">
<s id="s15.1">
 <w id="w15.1.1">Druge</w> 
 <w id="w15.1.2">informacije</w> 
 <w id="w15.1.3">o</w> 
 <w id="w15.1.4">zdravilu</w> 
 <w id="w15.1.5">Cyanokit</w>
 <w id="w15.1.6">:</w>
</s> 
 
<s id="s15.2">
 <w id="w15.2.1">Evropska</w> 
 <w id="w15.2.2">komisija</w> 
 <w id="w15.2.3">je</w> 
 <w id="w15.2.4">dovoljenje</w> 
 <w id="w15.2.5">za</w> 
 <w id="w15.2.6">promet</w> 
 <w id="w15.2.7">z</w> 
 <w id="w15.2.8">zdravilom</w> 
 <w id="w15.2.9">Cyanokit</w>
 <w id="w15.2.10">,</w> 
 <w id="w15.2.11">veljavno</w> 
 <w id="w15.2.12">po</w> 
 <w id="w15.2.13">vsej</w> 
 <w id="w15.2.14">Evropski</w> 
 <w id="w15.2.15">uniji</w>
 <w id="w15.2.16">,</w> 
 <w id="w15.2.17">odobrila</w> 
 <w id="w15.2.18">družbi</w> 
 <w id="w15.2.19">Merck</w> 
 <w id="w15.2.20">Santé</w> 
 <w id="w15.2.21">s.</w>
 <w id="w15.2.22">a.</w>
 <w id="w15.2.23">s</w>
 <w id="w15.2.24">.</w> 
 <w id="w15.2.25">dne</w> 
 <w id="w15.2.26">23</w>
 <w id="w15.2.27">.</w> 
 <w id="w15.2.28">novembra</w> 
 <w id="w15.2.29">2007</w>
 <w id="w15.2.30">.</w>
</s></p>

<p id="16">
<s id="s16.1">
 <w id="w16.1.1">Celotno</w> 
 <w id="w16.1.2">Evropsko</w> 
 <w id="w16.1.3">javno</w> 
 <w id="w16.1.4">poročilo</w> 
 <w id="w16.1.5">o</w> 
 <w id="w16.1.6">oceni</w> 
 <w id="w16.1.7">zdravila</w> 
 <w id="w16.1.8">(</w>
 <w id="w16.1.9">EPAR</w>
 <w id="w16.1.10">)</w> 
 <w id="w16.1.11">za</w> 
 <w id="w16.1.12">zdravilo</w> 
 <w id="w16.1.13">Cyanokit</w> 
 <w id="w16.1.14">je</w> 
 <w id="w16.1.15">na</w> 
 <w id="w16.1.16">voljo</w> 
 <w id="w16.1.17">tukaj</w>
 <w id="w16.1.18">.</w>
</s></p>

<p id="17">
<s id="s17.1">
 <w id="w17.1.1">Povzetek</w> 
 <w id="w17.1.2">je</w> 
 <w id="w17.1.3">bil</w> 
 <w id="w17.1.4">nazadnje</w> 
 <w id="w17.1.5">posodobljen</w> 
 <w id="w17.1.6">10-</w>
 <w id="w17.1.7">2007</w>
 <w id="w17.1.8">.</w>
</s></p>

<p id="18">
<s id="s18.1">
 <w id="w18.1.1">©EMEA</w> 
 <w id="w18.1.2">2007</w>
</s></p>

<head id="19">
<s id="s19.1">
 <w id="w19.1.1">2/</w>
 <w id="w19.1.2">2</w>
</s></head></text>
