<?xml version="1.0" encoding="utf-8"?>
<text>
<p id="1">
<s id="s1.1">
 <w id="w1.1.1">European</w> 
 <w id="w1.1.2">Medicines</w> 
 <w id="w1.1.3">Agency</w>
</s></p>

<p id="2">
<s id="s2.1">
 <w id="w2.1.1">London</w>
 <w id="w2.1.2">,</w> 
 <w id="w2.1.3">22</w>
 <w id="w2.1.4">.</w> 
 <w id="w2.1.5">marec</w> 
 <w id="w2.1.6">2007</w>                                                                                                   
 <w id="w2.1.7">Sklic</w> 
 <w id="w2.1.8">dok</w>
 <w id="w2.1.9">.</w>
</s> 
 
<s id="s2.2">
 <w id="w2.2.1">EMEA/</w>
 <w id="w2.2.2">44534/</w>
 <w id="w2.2.3">2008</w>
</s></p>

<p id="3">
<s id="s3.1">
 <w id="w3.1.1">VPRAŠANJA</w> 
 <w id="w3.1.2">IN</w> 
 <w id="w3.1.3">ODGOVORI</w> 
 <w id="w3.1.4">GLEDE</w> 
 <w id="w3.1.5">UMIKA</w> 
 <w id="w3.1.6">VLOGE</w> 
 <w id="w3.1.7">ZA</w> 
 <w id="w3.1.8">DOVOLJENJE</w> 
 <w id="w3.1.9">ZA</w> 
 <w id="w3.1.10">PROMET</w>                                 
 <w id="w3.1.11">z</w> 
 <w id="w3.1.12">zdravilom</w>                                 
 <w id="w3.1.13">ARXXANT</w>
</s></p>

<p id="4">
<s id="s4.1">
 <w id="w4.1.1">Mednarodno</w> 
 <w id="w4.1.2">nelastniško</w> 
 <w id="w4.1.3">ime</w> 
 <w id="w4.1.4">(</w>
 <w id="w4.1.5">INN</w>
 <w id="w4.1.6">)</w>
 <w id="w4.1.7">:</w> 
 <w id="w4.1.8">ruboksistavrin</w>
</s></p>

<p id="5">
<s id="s5.1">
 <w id="w5.1.1">Družba</w> 
 <w id="w5.1.2">Eli</w> 
 <w id="w5.1.3">Lilly</w> 
 <w id="w5.1.4">Nederland</w> 
 <w id="w5.1.5">B.</w>
 <w id="w5.1.6">V</w>
 <w id="w5.1.7">.</w> 
 <w id="w5.1.8">je</w> 
 <w id="w5.1.9">dne13</w>
 <w id="w5.1.10">.</w> 
 <w id="w5.1.11">marca</w> 
 <w id="w5.1.12">2007</w> 
 <w id="w5.1.13">uradno</w> 
 <w id="w5.1.14">obvestila</w> 
 <w id="w5.1.15">Odbor</w> 
 <w id="w5.1.16">za</w> 
 <w id="w5.1.17">zdravila</w> 
 <w id="w5.1.18">za</w> 
 <w id="w5.1.19">uporabo</w>  
 <w id="w5.1.20">v</w> 
 <w id="w5.1.21">humani</w> 
 <w id="w5.1.22">medicini</w> 
 <w id="w5.1.23">(</w>
 <w id="w5.1.24">CHMP</w>
 <w id="w5.1.25">)</w>
 <w id="w5.1.26">,</w> 
 <w id="w5.1.27">da</w> 
 <w id="w5.1.28">želi</w> 
 <w id="w5.1.29">umakniti</w> 
 <w id="w5.1.30">vlogo</w> 
 <w id="w5.1.31">za</w> 
 <w id="w5.1.32">dovoljenje</w> 
 <w id="w5.1.33">za</w> 
 <w id="w5.1.34">promet</w> 
 <w id="w5.1.35">z</w> 
 <w id="w5.1.36">zdravilom</w> 
 <w id="w5.1.37">ARXXANT</w>
 <w id="w5.1.38">,</w>  
 <w id="w5.1.39">namenjeno</w> 
 <w id="w5.1.40">zdravljenju</w> 
 <w id="w5.1.41">diabetične</w> 
 <w id="w5.1.42">retinopatije</w> 
 <w id="w5.1.43">pri</w> 
 <w id="w5.1.44">odraslih</w> 
 <w id="w5.1.45">bolnikih</w> 
 <w id="w5.1.46">z</w> 
 <w id="w5.1.47">zmerno</w> 
 <w id="w5.1.48">do</w> 
 <w id="w5.1.49">hudo</w> 
 <w id="w5.1.50">neproliferativno</w>  
 <w id="w5.1.51">retinopatijo</w>
 <w id="w5.1.52">.</w>
</s></p>

<p id="6">
<s id="s6.1">
 <w id="w6.1.1">Kaj</w> 
 <w id="w6.1.2">je</w> 
 <w id="w6.1.3">zdravilo</w> 
 <w id="w6.1.4">ARXXANT</w>
 <w id="w6.1.5">?</w>
</s>  
 
<s id="s6.2">
 <w id="w6.2.1">Zdravilo</w> 
 <w id="w6.2.2">ARXXANT</w> 
 <w id="w6.2.3">vsebuje</w> 
 <w id="w6.2.4">zdravilno</w> 
 <w id="w6.2.5">učinkovino</w> 
 <w id="w6.2.6">ruboksistavrin</w> 
 <w id="w6.2.7">(</w>
 <w id="w6.2.8">v</w> 
 <w id="w6.2.9">obliki</w> 
 <w id="w6.2.10">32</w> 
 <w id="w6.2.11">mg</w> 
 <w id="w6.2.12">tablet</w>
 <w id="w6.2.13">)</w>
 <w id="w6.2.14">.</w>
</s></p>

<p id="7">
<s id="s7.1">
 <w id="w7.1.1">Za</w> 
 <w id="w7.1.2">kaj</w> 
 <w id="w7.1.3">naj</w> 
 <w id="w7.1.4">bi</w> 
 <w id="w7.1.5">se</w> 
 <w id="w7.1.6">zdravilo</w> 
 <w id="w7.1.7">ARXXANT</w> 
 <w id="w7.1.8">uporabljalo</w>
 <w id="w7.1.9">?</w>
</s>  
 
<s id="s7.2">
 <w id="w7.2.1">Zdravilo</w> 
 <w id="w7.2.2">ARXXANT</w> 
 <w id="w7.2.3">naj</w> 
 <w id="w7.2.4">bi</w> 
 <w id="w7.2.5">se</w> 
 <w id="w7.2.6">uporabljalo</w> 
 <w id="w7.2.7">za</w> 
 <w id="w7.2.8">zdravljenje</w> 
 <w id="w7.2.9">odraslih</w> 
 <w id="w7.2.10">bolnikov</w> 
 <w id="w7.2.11">z</w> 
 <w id="w7.2.12">zmerno</w> 
 <w id="w7.2.13">do</w> 
 <w id="w7.2.14">hudo</w>  
 <w id="w7.2.15">neproliferativno</w> 
 <w id="w7.2.16">retinopatijo</w>
 <w id="w7.2.17">,</w> 
 <w id="w7.2.18">ki</w> 
 <w id="w7.2.19">je</w> 
 <w id="w7.2.20">zaplet</w> 
 <w id="w7.2.21">sladkorne</w> 
 <w id="w7.2.22">bolezni</w>
 <w id="w7.2.23">.</w>
</s> 
 
<s id="s7.3">
 <w id="w7.3.1">Retinopatija</w> 
 <w id="w7.3.2">je</w> 
 <w id="w7.3.3">poškodba</w> 
 <w id="w7.3.4">žil</w> 
 <w id="w7.3.5">v</w> 
 <w id="w7.3.6">mrežnici</w>
 <w id="w7.3.7">,</w> 
 <w id="w7.3.8">za</w>  
 <w id="w7.3.9">svetlobo</w> 
 <w id="w7.3.10">občutljivi</w> 
 <w id="w7.3.11">površini</w> 
 <w id="w7.3.12">na</w> 
 <w id="w7.3.13">zadnji</w> 
 <w id="w7.3.14">strani</w> 
 <w id="w7.3.15">očesa</w>
 <w id="w7.3.16">.</w>
</s> 
 
<s id="s7.4">
 <w id="w7.4.1">Zaradi</w> 
 <w id="w7.4.2">te</w> 
 <w id="w7.4.3">poškodbe</w> 
 <w id="w7.4.4">iz</w> 
 <w id="w7.4.5">žil</w> 
 <w id="w7.4.6">izteka</w> 
 <w id="w7.4.7">tekočina</w>
 <w id="w7.4.8">,</w> 
 <w id="w7.4.9">kar</w>  
 <w id="w7.4.10">povzroči</w> 
 <w id="w7.4.11">otekanje</w> 
 <w id="w7.4.12">mrežnice</w>
 <w id="w7.4.13">.</w>
</s> 
 
<s id="s7.5">
 <w id="w7.5.1">Retinopatija</w> 
 <w id="w7.5.2">lahko</w> 
 <w id="w7.5.3">sčasoma</w> 
 <w id="w7.5.4">povzroči</w> 
 <w id="w7.5.5">poslabšanje</w> 
 <w id="w7.5.6">vida</w> 
 <w id="w7.5.7">in</w> 
 <w id="w7.5.8">celo</w> 
 <w id="w7.5.9">slepoto</w>
 <w id="w7.5.10">.</w>
</s>  
 
<s id="s7.6">
 <w id="w7.6.1">„</w>
 <w id="w7.6.2">Neproliferativna</w>
 <w id="w7.6.3">“</w> 
 <w id="w7.6.4">pomeni</w>
 <w id="w7.6.5">,</w> 
 <w id="w7.6.6">da</w> 
 <w id="w7.6.7">je</w> 
 <w id="w7.6.8">bolezen</w> 
 <w id="w7.6.9">v</w> 
 <w id="w7.6.10">zgodnji</w> 
 <w id="w7.6.11">stopnji</w>
 <w id="w7.6.12">,</w> 
 <w id="w7.6.13">ko</w> 
 <w id="w7.6.14">bolnik</w> 
 <w id="w7.6.15">morda</w> 
 <w id="w7.6.16">sploh</w> 
 <w id="w7.6.17">ne</w> 
 <w id="w7.6.18">opazi</w> 
 <w id="w7.6.19">sprememb</w>  
 <w id="w7.6.20">vida</w>
 <w id="w7.6.21">.</w>
</s></p>

<p id="8">
<s id="s8.1">
 <w id="w8.1.1">Kako</w> 
 <w id="w8.1.2">naj</w> 
 <w id="w8.1.3">bi</w> 
 <w id="w8.1.4">zdravilo</w> 
 <w id="w8.1.5">ARXXANT</w> 
 <w id="w8.1.6">delovalo</w>
 <w id="w8.1.7">?</w>
</s>  
 
<s id="s8.2">
 <w id="w8.2.1">Zdravilna</w> 
 <w id="w8.2.2">učinkovina</w> 
 <w id="w8.2.3">zdravila</w> 
 <w id="w8.2.4">ARXXANT</w> 
 <w id="w8.2.5">je</w> 
 <w id="w8.2.6">ruboksistavrin</w>
 <w id="w8.2.7">,</w> 
 <w id="w8.2.8">ki</w> 
 <w id="w8.2.9">zavira</w> 
 <w id="w8.2.10">delovanje</w> 
 <w id="w8.2.11">encima</w>  
 <w id="w8.2.12">protein-</w>
 <w id="w8.2.13">kinaze</w> 
 <w id="w8.2.14">C</w> 
 <w id="w8.2.15">(</w>
 <w id="w8.2.16">PKC</w>
 <w id="w8.2.17">)</w> 
 <w id="w8.2.18">beta</w>
 <w id="w8.2.19">.</w>
</s> 
 
<s id="s8.3">
 <w id="w8.3.1">Ta</w> 
 <w id="w8.3.2">naravno</w> 
 <w id="w8.3.3">prisotni</w> 
 <w id="w8.3.4">encim</w> 
 <w id="w8.3.5">sodeluje</w> 
 <w id="w8.3.6">pri</w> 
 <w id="w8.3.7">uravnavanju</w> 
 <w id="w8.3.8">aktivnosti</w> 
 <w id="w8.3.9">žil</w> 
 <w id="w8.3.10">v</w>  
 <w id="w8.3.11">mrežnici</w>
 <w id="w8.3.12">.</w>
</s> 
 
<s id="s8.4">
 <w id="w8.4.1">Pri</w> 
 <w id="w8.4.2">bolnikih</w> 
 <w id="w8.4.3">s</w> 
 <w id="w8.4.4">sladkorno</w> 
 <w id="w8.4.5">boleznijo</w> 
 <w id="w8.4.6">lahko</w> 
 <w id="w8.4.7">visoke</w> 
 <w id="w8.4.8">ravni</w> 
 <w id="w8.4.9">glukoze</w> 
 <w id="w8.4.10">(</w>
 <w id="w8.4.11">sladkorja</w>
 <w id="w8.4.12">)</w> 
 <w id="w8.4.13">v</w> 
 <w id="w8.4.14">krvi</w> 
 <w id="w8.4.15">povzročijo</w>  
 <w id="w8.4.16">prekomerno</w> 
 <w id="w8.4.17">aktivacijo</w> 
 <w id="w8.4.18">tega</w> 
 <w id="w8.4.19">encima</w>
 <w id="w8.4.20">,</w> 
 <w id="w8.4.21">kar</w> 
 <w id="w8.4.22">vodi</w> 
 <w id="w8.4.23">v</w> 
 <w id="w8.4.24">poškodbe</w> 
 <w id="w8.4.25">žil</w>
 <w id="w8.4.26">.</w>
</s> 
 
<s id="s8.5">
 <w id="w8.5.1">Ruboksistavrin</w> 
 <w id="w8.5.2">naj</w> 
 <w id="w8.5.3">bi</w> 
 <w id="w8.5.4">z</w> 
 <w id="w8.5.5">blokiranjem</w> 
 <w id="w8.5.6">PKC</w>  
 <w id="w8.5.7">beta</w> 
 <w id="w8.5.8">preprečil</w> 
 <w id="w8.5.9">poškodbe</w> 
 <w id="w8.5.10">žil</w> 
 <w id="w8.5.11">in</w> 
 <w id="w8.5.12">izgubo</w> 
 <w id="w8.5.13">vida</w>
 <w id="w8.5.14">.</w>
</s></p>

<p id="9">
<s id="s9.1">
 <w id="w9.1.1">Katero</w> 
 <w id="w9.1.2">dokumentacijo</w> 
 <w id="w9.1.3">je</w> 
 <w id="w9.1.4">podjetje</w> 
 <w id="w9.1.5">v</w> 
 <w id="w9.1.6">podporo</w> 
 <w id="w9.1.7">vlogi</w> 
 <w id="w9.1.8">predložilo</w> 
 <w id="w9.1.9">CHMP</w>
 <w id="w9.1.10">?</w>
</s>  
 
<s id="s9.2">
 <w id="w9.2.1">Učinki</w> 
 <w id="w9.2.2">zdravila</w> 
 <w id="w9.2.3">ARXXANT</w> 
 <w id="w9.2.4">so</w> 
 <w id="w9.2.5">bili</w> 
 <w id="w9.2.6">najprej</w> 
 <w id="w9.2.7">preizkušeni</w> 
 <w id="w9.2.8">na</w> 
 <w id="w9.2.9">poskusnih</w> 
 <w id="w9.2.10">modelih</w>
 <w id="w9.2.11">,</w> 
 <w id="w9.2.12">nato</w> 
 <w id="w9.2.13">pa</w> 
 <w id="w9.2.14">so</w> 
 <w id="w9.2.15">jih</w> 
 <w id="w9.2.16">raziskali</w>  
 <w id="w9.2.17">pri</w> 
 <w id="w9.2.18">ljudeh</w>
 <w id="w9.2.19">.</w>
</s>  
 
<s id="s9.3">
 <w id="w9.3.1">Družba</w> 
 <w id="w9.3.2">je</w> 
 <w id="w9.3.3">predložila</w> 
 <w id="w9.3.4">rezultate</w> 
 <w id="w9.3.5">ene</w> 
 <w id="w9.3.6">glavne</w> 
 <w id="w9.3.7">študije</w>
 <w id="w9.3.8">,</w> 
 <w id="w9.3.9">v</w> 
 <w id="w9.3.10">katero</w> 
 <w id="w9.3.11">je</w> 
 <w id="w9.3.12">bilo</w> 
 <w id="w9.3.13">vključenih</w> 
 <w id="w9.3.14">685</w> 
 <w id="w9.3.15">bolnikov</w> 
 <w id="w9.3.16">z</w> 
 <w id="w9.3.17">zmerno</w> 
 <w id="w9.3.18">do</w>  
 <w id="w9.3.19">zelo</w> 
 <w id="w9.3.20">hudo</w> 
 <w id="w9.3.21">neproliferativno</w> 
 <w id="w9.3.22">diabetično</w> 
 <w id="w9.3.23">retinopatijo</w>
 <w id="w9.3.24">.</w>
</s> 
 
<s id="s9.4">
 <w id="w9.4.1">V</w> 
 <w id="w9.4.2">študiji</w> 
 <w id="w9.4.3">so</w> 
 <w id="w9.4.4">učinke</w> 
 <w id="w9.4.5">zdravila</w> 
 <w id="w9.4.6">ARXXANT</w> 
 <w id="w9.4.7">primerjali</w>  
 <w id="w9.4.8">s</w> 
 <w id="w9.4.9">placebom</w> 
 <w id="w9.4.10">(</w>
 <w id="w9.4.11">zdravilom</w> 
 <w id="w9.4.12">brez</w> 
 <w id="w9.4.13">zdravilne</w> 
 <w id="w9.4.14">učinkovine</w>
 <w id="w9.4.15">)</w> 
 <w id="w9.4.16">v</w> 
 <w id="w9.4.17">obdobju</w> 
 <w id="w9.4.18">treh</w> 
 <w id="w9.4.19">let</w>
 <w id="w9.4.20">.</w>
</s> 
 
<s id="s9.5">
 <w id="w9.5.1">Glavno</w> 
 <w id="w9.5.2">merilo</w> 
 <w id="w9.5.3">učinkovitosti</w> 
 <w id="w9.5.4">je</w>  
 <w id="w9.5.5">bil</w> 
 <w id="w9.5.6">delež</w> 
 <w id="w9.5.7">bolnikov</w> 
 <w id="w9.5.8">v</w> 
 <w id="w9.5.9">vsaki</w> 
 <w id="w9.5.10">skupini</w>
 <w id="w9.5.11">,</w> 
 <w id="w9.5.12">pri</w> 
 <w id="w9.5.13">katerih</w> 
 <w id="w9.5.14">je</w> 
 <w id="w9.5.15">prišlo</w> 
 <w id="w9.5.16">do</w> 
 <w id="w9.5.17">izgube</w> 
 <w id="w9.5.18">vida</w> 
 <w id="w9.5.19">do</w> 
 <w id="w9.5.20">konca</w> 
 <w id="w9.5.21">študije</w>
 <w id="w9.5.22">.</w>
</s> 
 
<s id="s9.6">
 <w id="w9.6.1">Slednje</w> 
 <w id="w9.6.2">se</w> 
 <w id="w9.6.3">je</w>  
 <w id="w9.6.4">ocenjevalo</w> 
 <w id="w9.6.5">na</w> 
 <w id="w9.6.6">podlagi</w> 
 <w id="w9.6.7">štetja</w> 
 <w id="w9.6.8">črk</w>
 <w id="w9.6.9">,</w> 
 <w id="w9.6.10">ki</w> 
 <w id="w9.6.11">jih</w> 
 <w id="w9.6.12">je</w> 
 <w id="w9.6.13">preiskovanec</w> 
 <w id="w9.6.14">lahko</w> 
 <w id="w9.6.15">videl</w> 
 <w id="w9.6.16">na</w> 
 <w id="w9.6.17">standardni</w> 
 <w id="w9.6.18">okulistični</w> 
 <w id="w9.6.19">tabli</w>
 <w id="w9.6.20">:</w>  
 <w id="w9.6.21">zmanjšanje</w> 
 <w id="w9.6.22">rezultata</w> 
 <w id="w9.6.23">za</w> 
 <w id="w9.6.24">15</w> 
 <w id="w9.6.25">črk</w> 
 <w id="w9.6.26">ali</w> 
 <w id="w9.6.27">več</w> 
 <w id="w9.6.28">v</w> 
 <w id="w9.6.29">šestih</w> 
 <w id="w9.6.30">mesecih</w> 
 <w id="w9.6.31">se</w> 
 <w id="w9.6.32">je</w> 
 <w id="w9.6.33">štelo</w> 
 <w id="w9.6.34">za</w> 
 <w id="w9.6.35">izgubo</w> 
 <w id="w9.6.36">vida</w>
 <w id="w9.6.37">.</w>
</s></p>

<p id="10">
<s id="s10.1">
 <w id="w10.1.1">Kako</w> 
 <w id="w10.1.2">daleč</w> 
 <w id="w10.1.3">je</w> 
 <w id="w10.1.4">bil</w> 
 <w id="w10.1.5">postopek</w> 
 <w id="w10.1.6">ocenjevanja</w> 
 <w id="w10.1.7">vloge</w> 
 <w id="w10.1.8">v</w> 
 <w id="w10.1.9">času</w> 
 <w id="w10.1.10">njenega</w> 
 <w id="w10.1.11">umika</w>
 <w id="w10.1.12">?</w>
</s>  
 
<s id="s10.2">
 <w id="w10.2.1">Družba</w> 
 <w id="w10.2.2">je</w> 
 <w id="w10.2.3">vlogo</w> 
 <w id="w10.2.4">umaknila</w> 
 <w id="w10.2.5">na</w> 
 <w id="w10.2.6">120</w>
 <w id="w10.2.7">.</w> 
 <w id="w10.2.8">dan</w> 
 <w id="w10.2.9">postopka</w>
 <w id="w10.2.10">.</w>
</s> 
 
<s id="s10.3">
 <w id="w10.3.1">CHMP</w> 
 <w id="w10.3.2">je</w> 
 <w id="w10.3.3">pripravil</w> 
 <w id="w10.3.4">seznam</w> 
 <w id="w10.3.5">vprašanj</w>
 <w id="w10.3.6">,</w> 
 <w id="w10.3.7">na</w> 
 <w id="w10.3.8">katera</w> 
 <w id="w10.3.9">naj</w> 
 <w id="w10.3.10">bi</w>  
 <w id="w10.3.11">družba</w> 
 <w id="w10.3.12">odgovorila</w>
 <w id="w10.3.13">,</w> 
 <w id="w10.3.14">vendar</w> 
 <w id="w10.3.15">tega</w> 
 <w id="w10.3.16">doslej</w> 
 <w id="w10.3.17">še</w> 
 <w id="w10.3.18">ni</w> 
 <w id="w10.3.19">storila</w>
 <w id="w10.3.20">.</w>
</s>  
 
<s id="s10.4">
 <w id="w10.4.1">CHMP</w> 
 <w id="w10.4.2">običajno</w> 
 <w id="w10.4.3">potrebuje</w> 
 <w id="w10.4.4">do</w> 
 <w id="w10.4.5">210</w> 
 <w id="w10.4.6">dni</w> 
 <w id="w10.4.7">za</w> 
 <w id="w10.4.8">ocenjevanje</w> 
 <w id="w10.4.9">nove</w> 
 <w id="w10.4.10">vloge</w>
 <w id="w10.4.11">.</w>
</s> 
 
<s id="s10.5">
 <w id="w10.5.1">Na</w> 
 <w id="w10.5.2">podlagi</w> 
 <w id="w10.5.3">pregleda</w> 
 <w id="w10.5.4">začetne</w>  
 <w id="w10.5.5">dokumentacije</w> 
 <w id="w10.5.6">CHMP</w> 
 <w id="w10.5.7">do</w> 
 <w id="w10.5.8">120</w>
 <w id="w10.5.9">.</w> 
 <w id="w10.5.10">dne</w> 
 <w id="w10.5.11">postopka</w> 
 <w id="w10.5.12">pripravi</w> 
 <w id="w10.5.13">seznam</w> 
 <w id="w10.5.14">vprašanj</w>
 <w id="w10.5.15">,</w> 
 <w id="w10.5.16">ki</w> 
 <w id="w10.5.17">ga</w> 
 <w id="w10.5.18">pošlje</w> 
 <w id="w10.5.19">družbi</w>
 <w id="w10.5.20">.</w>
</s> 
 
<s id="s10.6">
 <w id="w10.6.1">Ko</w> 
 <w id="w10.6.2">družba</w>  
 <w id="w10.6.3">pripravi</w> 
 <w id="w10.6.4">odgovore</w> 
 <w id="w10.6.5">na</w> 
 <w id="w10.6.6">vprašanja</w>
 <w id="w10.6.7">,</w> 
 <w id="w10.6.8">jih</w> 
 <w id="w10.6.9">CHMP</w> 
 <w id="w10.6.10">pregleda</w> 
 <w id="w10.6.11">in</w> 
 <w id="w10.6.12">pred</w> 
 <w id="w10.6.13">izdajo</w> 
 <w id="w10.6.14">mnenja</w> 
 <w id="w10.6.15">lahko</w> 
 <w id="w10.6.16">do</w> 
 <w id="w10.6.17">180</w>
 <w id="w10.6.18">.</w> 
 <w id="w10.6.19">dne</w> 
 <w id="w10.6.20">zaprosi</w>  
 <w id="w10.6.21">družbo</w> 
 <w id="w10.6.22">še</w> 
 <w id="w10.6.23">za</w> 
 <w id="w10.6.24">odgovore</w> 
 <w id="w10.6.25">na</w> 
 <w id="w10.6.26">dodatna</w> 
 <w id="w10.6.27">vprašanja</w>
 <w id="w10.6.28">.</w>
</s> 
 
<s id="s10.7">
 <w id="w10.7.1">Ko</w> 
 <w id="w10.7.2">CHMP</w> 
 <w id="w10.7.3">izda</w> 
 <w id="w10.7.4">mnenje</w>
 <w id="w10.7.5">,</w> 
 <w id="w10.7.6">Evropska</w> 
 <w id="w10.7.7">komisija</w> 
 <w id="w10.7.8">v</w> 
 <w id="w10.7.9">približno</w>  
 <w id="w10.7.10">dveh</w> 
 <w id="w10.7.11">mesecih</w> 
 <w id="w10.7.12">izda</w> 
 <w id="w10.7.13">dovoljenje</w>
 <w id="w10.7.14">.</w>
</s></p>

<p id="11">
<s id="s11.1">
 <w id="w11.1.1">7</w> 
 <w id="w11.1.2">Westferry</w> 
 <w id="w11.1.3">Circus</w>
 <w id="w11.1.4">,</w> 
 <w id="w11.1.5">Canary</w> 
 <w id="w11.1.6">Wharf</w>
 <w id="w11.1.7">,</w> 
 <w id="w11.1.8">London</w> 
 <w id="w11.1.9">E14</w> 
 <w id="w11.1.10">4HB</w>
 <w id="w11.1.11">,</w> 
 <w id="w11.1.12">UK</w>                                           
 <w id="w11.1.13">Tel</w>
 <w id="w11.1.14">.</w>
</s> 
 
<s id="s11.2">
 <w id="w11.2.1">(</w>
 <w id="w11.2.2">44-</w>
 <w id="w11.2.3">20</w>
 <w id="w11.2.4">)</w> 
 <w id="w11.2.5">74</w> 
 <w id="w11.2.6">18</w> 
 <w id="w11.2.7">84</w> 
 <w id="w11.2.8">00</w> 
 <w id="w11.2.9">Fax</w> 
 <w id="w11.2.10">(</w>
 <w id="w11.2.11">44-</w>
 <w id="w11.2.12">20</w>
 <w id="w11.2.13">)</w> 
 <w id="w11.2.14">75</w> 
 <w id="w11.2.15">23</w> 
 <w id="w11.2.16">71</w> 
 <w id="w11.2.17">29</w>                                       
 <w id="w11.2.18">E-</w>
 <w id="w11.2.19">mail</w>
 <w id="w11.2.20">:</w> 
 <w id="w11.2.21">mail@</w>
 <w id="w11.2.22">emea.</w>
 <w id="w11.2.23">europa.</w>
 <w id="w11.2.24">eu</w> 
 <w id="w11.2.25">http</w>
 <w id="w11.2.26">:</w>
 <w id="w11.2.27">//</w>
 <w id="w11.2.28">www.</w>
 <w id="w11.2.29">emea.</w>
 <w id="w11.2.30">europa.</w>
 <w id="w11.2.31">eu</w> 
 <w id="w11.2.32">©EMEA</w> 
 <w id="w11.2.33">2007</w> 
 <w id="w11.2.34">Reproduction</w> 
 <w id="w11.2.35">and/</w>
 <w id="w11.2.36">or</w> 
 <w id="w11.2.37">distribution</w> 
 <w id="w11.2.38">of</w> 
 <w id="w11.2.39">this</w> 
 <w id="w11.2.40">document</w> 
 <w id="w11.2.41">is</w> 
 <w id="w11.2.42">authorised</w> 
 <w id="w11.2.43">for</w> 
 <w id="w11.2.44">non</w> 
 <w id="w11.2.45">commercial</w> 
 <w id="w11.2.46">purposes</w> 
 <w id="w11.2.47">only</w> 
 <w id="w11.2.48">provided</w> 
 <w id="w11.2.49">the</w> 
 <w id="w11.2.50">EMEA</w> 
 <w id="w11.2.51">is</w> 
 <w id="w11.2.52">acknowledged</w> 
 <w id="w11.2.53">Kakšno</w> 
 <w id="w11.2.54">je</w> 
 <w id="w11.2.55">bilo</w> 
 <w id="w11.2.56">takrat</w> 
 <w id="w11.2.57">priporočilo</w> 
 <w id="w11.2.58">CHMP</w>
 <w id="w11.2.59">?</w>
</s> 
 
<s id="s11.3">
 <w id="w11.3.1">Na</w> 
 <w id="w11.3.2">podlagi</w> 
 <w id="w11.3.3">pregleda</w> 
 <w id="w11.3.4">podatkov</w> 
 <w id="w11.3.5">v</w> 
 <w id="w11.3.6">času</w> 
 <w id="w11.3.7">umika</w> 
 <w id="w11.3.8">vloge</w> 
 <w id="w11.3.9">je</w> 
 <w id="w11.3.10">imel</w> 
 <w id="w11.3.11">CHMP</w> 
 <w id="w11.3.12">nekaj</w> 
 <w id="w11.3.13">zadržkov</w> 
 <w id="w11.3.14">in</w> 
 <w id="w11.3.15">bil</w> 
 <w id="w11.3.16">začasnega</w> 
 <w id="w11.3.17">mnenja</w>
 <w id="w11.3.18">,</w> 
 <w id="w11.3.19">da</w> 
 <w id="w11.3.20">zdravila</w> 
 <w id="w11.3.21">ARXXANT</w> 
 <w id="w11.3.22">ni</w> 
 <w id="w11.3.23">mogoče</w> 
 <w id="w11.3.24">odobriti</w> 
 <w id="w11.3.25">za</w> 
 <w id="w11.3.26">zdravljenje</w> 
 <w id="w11.3.27">diabetične</w> 
 <w id="w11.3.28">retinopatije</w> 
 <w id="w11.3.29">pri</w> 
 <w id="w11.3.30">odraslih</w> 
 <w id="w11.3.31">bolnikih</w> 
 <w id="w11.3.32">z</w> 
 <w id="w11.3.33">zmerno</w> 
 <w id="w11.3.34">do</w> 
 <w id="w11.3.35">hudo</w> 
 <w id="w11.3.36">neproliferativno</w> 
 <w id="w11.3.37">retinopatijo</w>
 <w id="w11.3.38">.</w>
</s></p>

<p id="12">
<s id="s12.1">
 <w id="w12.1.1">Kateri</w> 
 <w id="w12.1.2">so</w> 
 <w id="w12.1.3">bili</w> 
 <w id="w12.1.4">glavni</w> 
 <w id="w12.1.5">zadržki</w> 
 <w id="w12.1.6">CHMP</w>
 <w id="w12.1.7">?</w>
</s> 
 
<s id="s12.2">
 <w id="w12.2.1">CHMP</w> 
 <w id="w12.2.2">je</w> 
 <w id="w12.2.3">imel</w> 
 <w id="w12.2.4">zadržke</w>
 <w id="w12.2.5">,</w> 
 <w id="w12.2.6">da</w> 
 <w id="w12.2.7">učinkovitost</w> 
 <w id="w12.2.8">zdravila</w> 
 <w id="w12.2.9">ARXXANT</w> 
 <w id="w12.2.10">v</w> 
 <w id="w12.2.11">klinični</w> 
 <w id="w12.2.12">študiji</w> 
 <w id="w12.2.13">ni</w> 
 <w id="w12.2.14">bila</w> 
 <w id="w12.2.15">zadostno</w> 
 <w id="w12.2.16">dokazana</w>
 <w id="w12.2.17">.</w>
</s> 
 
<s id="s12.3">
 <w id="w12.3.1">Odbor</w> 
 <w id="w12.3.2">je</w> 
 <w id="w12.3.3">imel</w> 
 <w id="w12.3.4">zadržke</w> 
 <w id="w12.3.5">tudi</w> 
 <w id="w12.3.6">glede</w> 
 <w id="w12.3.7">neželenih</w> 
 <w id="w12.3.8">učinkov</w> 
 <w id="w12.3.9">zdravila</w>
 <w id="w12.3.10">,</w> 
 <w id="w12.3.11">zlasti</w> 
 <w id="w12.3.12">motenj</w> 
 <w id="w12.3.13">srčnega</w> 
 <w id="w12.3.14">ritma</w>
 <w id="w12.3.15">.</w>
</s> 
 
<s id="s12.4">
 <w id="w12.4.1">Zato</w> 
 <w id="w12.4.2">je</w> 
 <w id="w12.4.3">bil</w> 
 <w id="w12.4.4">v</w> 
 <w id="w12.4.5">času</w> 
 <w id="w12.4.6">umika</w> 
 <w id="w12.4.7">vloge</w> 
 <w id="w12.4.8">CHMP</w> 
 <w id="w12.4.9">mnenja</w>
 <w id="w12.4.10">,</w> 
 <w id="w12.4.11">da</w> 
 <w id="w12.4.12">koristni</w> 
 <w id="w12.4.13">učinki</w> 
 <w id="w12.4.14">zdravila</w> 
 <w id="w12.4.15">ARXXANT</w> 
 <w id="w12.4.16">niso</w> 
 <w id="w12.4.17">bili</w> 
 <w id="w12.4.18">zadostno</w> 
 <w id="w12.4.19">dokazani</w> 
 <w id="w12.4.20">in</w> 
 <w id="w12.4.21">da</w> 
 <w id="w12.4.22">morebitni</w> 
 <w id="w12.4.23">koristni</w> 
 <w id="w12.4.24">učinki</w> 
 <w id="w12.4.25">ne</w> 
 <w id="w12.4.26">odtehtajo</w> 
 <w id="w12.4.27">znanih</w> 
 <w id="w12.4.28">tveganj</w>
 <w id="w12.4.29">.</w>
</s></p>

<p id="13">
<s id="s13.1">
 <w id="w13.1.1">Kakšni</w> 
 <w id="w13.1.2">so</w> 
 <w id="w13.1.3">bili</w> 
 <w id="w13.1.4">razlogi</w> 
 <w id="w13.1.5">podjetja</w> 
 <w id="w13.1.6">za</w> 
 <w id="w13.1.7">umik</w> 
 <w id="w13.1.8">vloge</w>
 <w id="w13.1.9">?</w>
</s> 
 
<s id="s13.2">
 <w id="w13.2.1">Dopis</w>
 <w id="w13.2.2">,</w> 
 <w id="w13.2.3">s</w> 
 <w id="w13.2.4">katerim</w> 
 <w id="w13.2.5">družba</w> 
 <w id="w13.2.6">agencijo</w> 
 <w id="w13.2.7">EMEA</w> 
 <w id="w13.2.8">obvešča</w> 
 <w id="w13.2.9">o</w> 
 <w id="w13.2.10">umiku</w> 
 <w id="w13.2.11">vloge</w>
 <w id="w13.2.12">,</w> 
 <w id="w13.2.13">je</w> 
 <w id="w13.2.14">na</w> 
 <w id="w13.2.15">voljo</w> 
 <w id="w13.2.16">tukaj</w>
 <w id="w13.2.17">.</w>
</s></p>

<p id="14">
<s id="s14.1">
 <w id="w14.1.1">Kakšne</w> 
 <w id="w14.1.2">so</w> 
 <w id="w14.1.3">posledice</w> 
 <w id="w14.1.4">umika</w> 
 <w id="w14.1.5">za</w> 
 <w id="w14.1.6">bolnike</w>
 <w id="w14.1.7">,</w> 
 <w id="w14.1.8">ki</w> 
 <w id="w14.1.9">sodelujejo</w> 
 <w id="w14.1.10">v</w> 
 <w id="w14.1.11">kliničnih</w> 
 <w id="w14.1.12">preizkušanjih</w> 
 <w id="w14.1.13">zdravila</w> 
 <w id="w14.1.14">ARXXANT</w>
 <w id="w14.1.15">?</w>
</s> 
 
<s id="s14.2">
 <w id="w14.2.1">Družba</w> 
 <w id="w14.2.2">je</w> 
 <w id="w14.2.3">obvestila</w> 
 <w id="w14.2.4">CHMP</w>
 <w id="w14.2.5">,</w> 
 <w id="w14.2.6">da</w> 
 <w id="w14.2.7">umik</w> 
 <w id="w14.2.8">nima</w> 
 <w id="w14.2.9">posledic</w> 
 <w id="w14.2.10">za</w> 
 <w id="w14.2.11">bolnike</w>
 <w id="w14.2.12">,</w> 
 <w id="w14.2.13">ki</w> 
 <w id="w14.2.14">trenutno</w> 
 <w id="w14.2.15">sodelujejo</w> 
 <w id="w14.2.16">v</w> 
 <w id="w14.2.17">kliničnih</w> 
 <w id="w14.2.18">preskušanjih</w> 
 <w id="w14.2.19">zdravila</w> 
 <w id="w14.2.20">ARXXANT</w>
 <w id="w14.2.21">.</w>
</s></p>

<p id="15">
<s id="s15.1">
 <w id="w15.1.1">Če</w> 
 <w id="w15.1.2">pa</w> 
 <w id="w15.1.3">ste</w> 
 <w id="w15.1.4">vključeni</w> 
 <w id="w15.1.5">v</w> 
 <w id="w15.1.6">klinično</w> 
 <w id="w15.1.7">preizkušanje</w> 
 <w id="w15.1.8">in</w> 
 <w id="w15.1.9">potrebujete</w> 
 <w id="w15.1.10">več</w> 
 <w id="w15.1.11">podatkov</w> 
 <w id="w15.1.12">o</w> 
 <w id="w15.1.13">zdravljenju</w>
 <w id="w15.1.14">,</w> 
 <w id="w15.1.15">se</w> 
 <w id="w15.1.16">obrnite</w> 
 <w id="w15.1.17">na</w> 
 <w id="w15.1.18">zdravnika</w>
 <w id="w15.1.19">,</w> 
 <w id="w15.1.20">ki</w> 
 <w id="w15.1.21">vam</w> 
 <w id="w15.1.22">je</w> 
 <w id="w15.1.23">predpisal</w> 
 <w id="w15.1.24">zdravljenje</w>
 <w id="w15.1.25">.</w>
</s></p>

<p id="16">
<s id="s16.1">
 <w id="w16.1.1">©EMEA</w> 
 <w id="w16.1.2">2007</w>
</s></p>

<head id="17">
<s id="s17.1">
 <w id="w17.1.1">2/</w>
 <w id="w17.1.2">2</w>
</s></head></text>
