<?xml version="1.0" encoding="utf-8"?>
<letsmt version="1.0">
<head></head>
<body>
<s id="s1.1">European Medicines Agency Evaluation of Medicines for Human Use</s>
<s id="s2.1">London, 22. avgust 2007 EMEA/ CHMP/ 248862/ 2007</s>
<s id="s3.1">ODBOR ZA ZDRAVILA ZA UPORABO V HUMANI MEDICINI (CHMP)</s>
<s id="s4.1">MNENJE V ZVEZI Z NAPOTITVIJO V SKLADU S ČLENOM 29( 4) 1 ZA</s>
<s id="s5.1">Cefuroximaxetil in povezana imena</s>
<s id="s6.1">Mednarodno nelastniško ime (INN): cefuroksim (kot aksetil)</s>
<s id="s7.1">OSNOVNE INFORMACIJE Cefuroximaxetil in povezana imena 125 mg, 250 mg in 500 mg obložene tablete je cefalosporin (iz skupine β- laktamskih antibiotikov), indiciran za zdravljenje blagih do zmerno hudih okužb, ki jih povzročajo mikroorganizmi, občutljivi na cefuroksim, in sicer:</s>
<s id="s8.1">- okužbe zgornjih dihal: akutno vnetje srednjega ušesa, sinuzitis, tonzilitis in faringitis</s>
<s id="s9.1">- akutni bronhitis, akutno poslabšanje kroničnega bronhitisa</s>
<s id="s10.1">- nezapletene okužbe spodnjih sečil: cistitis</s>
<s id="s11.1">- okužbe kože in mehkih tkiv: furunkuloza, piodermija in impetigo</s>
<s id="s12.1">- nezapletena gonoreja: vnetje sečnice in vnetje sluznice materničnega vratu</s>
<s id="s13.1">- zdravljenje zgodnjega stadija lymske bolezni (stadij I) in naknadno preprečevanje kasnejših zapletov</s>
<s id="s14.1">pri odraslih in otrocih, starih več kot 12 let.</s>
<s id="s15.1">Družba Sandoz B. V. je predložila vloge za medsebojno priznavanje zdravila Cefuroximaxetil in z njim povezanih imen 125 mg, 250 mg in 500 mg obložene tablete na podlagi dovoljenja za promet z zdravilom, ki ga je 1. oktobra 2004 odobrila Nizozemska.</s>
<s id="s15.2">Ponovljeni postopek medsebojnega priznavanja se je začel 17. maja 2006.</s>
<s id="s15.3">Referenčna država članica je bila Nizozemska, zadevne države članice pa so bile Estonija, Grčija, Portugalska in Španija.</s>
<s id="s15.4">Omenjene države članice niso mogle doseči soglasja glede medsebojnega priznavanja dovoljenja za promet z zdravilom, ki ga je odobrila referenčna država članica.</s>
<s id="s15.5">Španija je agenciji EMEA dne 25. septembra 2006 predložila razloge za nestrinjanje.</s>
<s id="s16.1">V zvezi z indikacijo &quot;nezapletena gonoreja: vnetje sečnice in vnetje sluznice materničnega vratu&quot; je bila ugotovljena pomembna razlika.</s>
<s id="s16.2">Nanaša se na varnost in učinkovitost cefuroksimaksetila pri zdravljenju nezapletene gonoreje in na razmerje med tveganji in koristmi za to indikacijo, pri čemer je bilo ugotovljeno, da utegne to predstavljati resen zadržek glede javnega zdravja.</s>
<s id="s17.1">Arbitražni postopek se je začel 18. oktobra 2006 s sprejetjem seznama vprašanj.</s>
<s id="s17.2">Poročevalec je bil dr.</s>
<s id="s17.3">Frits Lekkerkerker, soporočevalec pa dr.</s>
<s id="s17.4">Gonzalo Calvo Rojas.</s>
<s id="s17.5">Imetnik dovoljenja za promet z zdravilom je podal pisna pojasnila 15. januarja 2007.</s>
<s id="s18.1">Na sestanku v aprilu 2007 je CHMP na podlagi vseh predloženih podatkov in znanstvene razprave znotraj Odbora podal mnenje, da se strinja z zadržki, ki jih je izrazila Španija, in da je treba spremeniti Povzetek glavnih značilnosti zdravila, označevanje in Navodilo za uporabo referenčne države članice.</s>
<s id="s18.2">Obstoječa dovoljenja za promet z zdravilom je potrebno spremeniti, medtem ko je treba dovoljenja za promet z zdravilom, ki so trenutno v postopku odobritve, izdati le pod pogojem, da vključujejo omenjene spremembe.</s>
<s id="s18.3">Mnenje je bilo soglasno sprejeto dne 26. aprila 2007.</s>
<s id="s19.1">1 Člen 29( 4) Direktive 2001/ 83/ ES, kakor je bila spremenjena.</s>
<s id="s19.2">7 Westferry Circus, Canary Wharf, London, E14 4HB, UK Tel.</s>
<s id="s19.3">(44- 20) 74 18 84 00 Fax (44- 20) 74 18 86 13 E- mail: mail@ emea. europa. eu http: // www. emea. europa. eu ©EMEA 2007 Reproduction and/ or distribution of this document is authorised for non commercial purposes only provided the EMEA is acknowledged Seznam zadevnih imen proizvodov je naveden v Dodatku I.</s>
<s id="s19.4">Znanstveni zaključki so podani v Dodatku II, Povzetek glavnih značilnosti zdravila pa v Dodatku III.</s>
<s id="s20.1">Končno mnenje je bilo spremenjeno v odločbo Evropske komisije dne 22. avgusta 2007.</s>
<s id="s21.1">©EMEA 2007 2/ 2</s>
</body>
</letsmt>
