<?xml version="1.0" encoding="utf-8"?>
<letsmt version="1.0">
<head></head>
<body>
<s id="s1.1">The European Medicines Agency</s>
<s id="s2.1">28 April 2004 CPMP/ 1333/ 03</s>
<s id="s3.1">COMMITTEE FOR PROPRIETARY MEDICINAL PRODUCTS (CPMP) OPINION FOLLOWING AN ARTICLE 31 REFERRAL</s>
<s id="s4.1">loratadine International Non-Proprietary Name (INN): loratadine</s>
<s id="s5.1">BACKGROUND INFORMATION*</s>
<s id="s6.1">Loratadine is an anti-histamine compound belonging to the H-1 antagonist group.</s>
<s id="s6.2">Loratadine has been authorised nationally and through MRP in the EU Member States.</s>
<s id="s6.3">In early 1999, the Medical Products Agency (MPA) was made aware of data from the Swedish Medical Birth Registry (SMBR), which indicated that use of loratadine in the first trimester of pregnancy might be associated with an increased risk of hypospadia in the male newborn.</s>
<s id="s6.4">The database consisted of 1,020 infants born to women who reported use of loratadine before the first antenatal visit.</s>
<s id="s6.5">During 1999, this signal was evaluated by the MPA, the SMBR and the MAH of the product in Sweden, Schering Plough, both by review of the clinical cases, and from a preclinical point of view.</s>
<s id="s6.6">This evaluation resulted in the conclusion that this may have been a random finding.</s>
<s id="s6.7">Furthermore, data from a preclinical study performed by the MAH in 1999 did not indicate that loratadine has an anti- androgenic effect, which could be one possible mechanism.</s>
<s id="s6.8">In an analysis from November 2001, the previous signal appeared reinforced.</s>
<s id="s6.9">Among 2,780 exposed pregnancies there were in total 15 cases of hypospadia vs. the expected incidence of 6-7 cases.</s>
<s id="s6.10">Based on these data, the MPA considered that it could not be excluded that the use of loratadine during the first trimester of pregnancy may be associated with an increased risk of hypospadia.</s>
<s id="s6.11">On 25 April 2002, Sweden triggered a referral to the EMEA under Article 31 of Directive 2001/ 83/ EC, as amended, based on the data from the Swedish Medical Birth Registry, which could not exclude that the use of loratadine during the first trimester of pregnancy may be associated with increased risk of hypospadia.</s>
<s id="s6.12">The referral procedure started 26 April 2002.</s>
<s id="s6.13">The Rapporteur and Co-Rapporteur appointed were:</s>
<s id="s6.14">Dr P Neels and Dr T Salmonson, respectively.</s>
<s id="s6.15">Written explanations were provided by the Applicants/ Marketing Authorisation Holders by 14 August 2002, 24 January 2003, 2 May 2003, 4 August 2003 and 10 October 2003.</s>
<s id="s6.16">Based on evaluation of the currently available data and the Rapporteurs’ assessment reports, the CPMP considered that the benefit/ risk profile of loratadine containing medicinal products remains favourable, and therefore adopted an opinion on 20 November 2003 recommending that the Applications/ Marketing Authorisations for loratadine containing medicinal products should be granted or maintained in accordance with the SPC set out in Annex III of the Opinion. in the indication: “ relief of symptoms associated with Allergic Rhinitis and Chronic Idiopathic Urticaria”.</s>
<s id="s7.1">The list of product names concerned is given in the Annex I.</s>
<s id="s7.2">The scientific conclusions are provided in the Annex II, together with the amended Summary of Product Characteristics in the Annex III.</s>
<s id="s8.1">7 Westferry Circus, Canary Wharf, London, E14 4HB, UK Tel.</s>
<s id="s8.2">(44-20) 74 18 84 00 Fax (44-20) 74 18 86 68 E-mail: mail@emea. eu. int http: / /www. emea. eu. int EMEA 2004 Reproduction and/ or distribution of this document is authorised for non commercial purposes only provided the EMEA is acknowledged The final opinion was converted into a Decision by the European Commission on 28 April 2004. * Notes:</s>
<s id="s8.3">The information given in this document and Annexes reflect only the CPMP Opinion dated 20 November 2003.</s>
<s id="s8.4">The Member States competent authorities will continue to keep the product under regular review.</s>
<s id="s9.1">CPMP/ 1333/ 03</s>
<s id="s10.1">2/ 2</s>
<s id="s11.1"> EMEA 2004</s>
</body>
</letsmt>
