<?xml version="1.0" encoding="utf-8"?>
<letsmt version="1.0">
<head></head>
<body>
<s id="s1.1">EU Number</s>
<s id="s2.1">Invented name</s>
<s id="s3.1">Strength</s>
<s id="s4.1">Pharmaceutical Form</s>
<s id="s5.1">Target Route of species administration</s>
<s id="s6.1">Packaging</s>
<s id="s7.1">Content (concentration)</s>
<s id="s8.1">Package size</s>
<s id="s9.1">Withdrawal Period</s>
<s id="s10.1">EU/ 2/ 04/ 044/ 001</s>
<s id="s11.1">Aivlosin</s>
<s id="s12.1">42.5 mg/ g</s>
<s id="s13.1">Premix for medicated feeding stuff</s>
<s id="s14.1">Pigs</s>
<s id="s15.1">In-feed use</s>
<s id="s16.1">aluminium 42.5 mg/ g foil/ polyester laminated bag</s>
<s id="s17.1">20 kg</s>
<s id="s18.1">Meat and offal:</s>
<s id="s18.2">2 days</s>
<s id="s19.1">EU/ 2/ 04/ 044/ 002</s>
<s id="s20.1">Aivlosin</s>
<s id="s21.1">42.5 mg/ g</s>
<s id="s22.1">Premix for medicated feeding stuff</s>
<s id="s23.1">Pigs</s>
<s id="s24.1">In-feed use</s>
<s id="s25.1">aluminium 42.5 mg/ g foil/ polyester laminated bag</s>
<s id="s26.1">5 kg</s>
<s id="s27.1">Meat and offal:</s>
<s id="s27.2">2 days</s>
<s id="s28.1">EU/ 2/ 04/ 044/ 003</s>
<s id="s29.1">Aivlosin</s>
<s id="s30.1">8.5 mg/ g Premix for medicated feeding stuff</s>
<s id="s31.1">Pigs</s>
<s id="s32.1">In-feed use</s>
<s id="s33.1">Polyethylene 8.5 mg/ g lined paper bags</s>
<s id="s34.1">20 kg</s>
<s id="s35.1">Meat and offal:</s>
<s id="s35.2">2 days</s>
<s id="s36.1">EU/ 2/ 04/ 044/ 004</s>
<s id="s37.1">Aivlosin</s>
<s id="s38.1">8.5 mg/ g Premix for medicated feeding stuff</s>
<s id="s39.1">Pigs</s>
<s id="s40.1">In-feed use</s>
<s id="s41.1">Polyethylene 8.5 mg/ g lined paper bags</s>
<s id="s42.1">5 kg</s>
<s id="s43.1">Meat and offal:</s>
<s id="s43.2">2 days</s>
<s id="s44.1">EU/ 2/ 04/ 044/ 005</s>
<s id="s45.1">Aivlosin</s>
<s id="s46.1">8.5 mg/ g Oral powder</s>
<s id="s47.1">Pigs</s>
<s id="s48.1">Oral use</s>
<s id="s49.1">Polyethylene 8.5 mg/ g lined paper bags</s>
<s id="s50.1">1 kg</s>
<s id="s51.1">Meat and offal:</s>
<s id="s51.2">2 days</s>
<s id="s52.1">EU/ 2/ 04/ 044/ 006</s>
<s id="s53.1">Aivlosin</s>
<s id="s54.1">8.5 mg/ g Oral powder</s>
<s id="s55.1">Pigs</s>
<s id="s56.1">Oral use</s>
<s id="s57.1">Polyethylene 8.5 mg/ g lined paper bags</s>
<s id="s58.1">3 kg</s>
<s id="s59.1">Meat and offal:</s>
<s id="s59.2">2 days</s>
<s id="s60.1">EU/ 2/ 04/ 044/ 007</s>
<s id="s61.1">Aivlosin</s>
<s id="s62.1">625 mg/ g Granules for use in drinking water</s>
<s id="s63.1">Chicken</s>
<s id="s64.1">In drinking water use</s>
<s id="s65.1">Aluminium foil 625 mg/ g laminated sachet</s>
<s id="s66.1">40 g</s>
<s id="s67.1">Meat and offal:</s>
<s id="s67.2">2 days Not authorised for laying birds</s>
<s id="s68.1">EU/ 2/ 04/ 044/ 008</s>
<s id="s69.1">Aivlosin</s>
<s id="s70.1">625 mg/ g Granules for use in drinking water</s>
<s id="s71.1">Chicken</s>
<s id="s72.1">In drinking water use</s>
<s id="s73.1">Aluminium foil 625 mg/ g laminated sachet</s>
<s id="s74.1">400 g</s>
<s id="s75.1">Meat and offal:</s>
<s id="s75.2">2 days Not authorised for laying birds</s>
</body>
</letsmt>
