<?xml version="1.0" encoding="utf-8"?>
<letsmt version="1.0">
<head></head>
<body>
<s id="s1.1">DODATEK I</s>
<s id="s2.1">POVZETEK GLAVNIH ZNAČILNOSTI ZDRAVILA</s>
<s id="s3.1">1/ 45 1.</s>
<s id="s3.2">IME ZDRAVILA ZA UPORABO V VETERINARSKI MEDICINI</s>
<s id="s4.1">Ibaflin 30 mg, tablete za pse Ibaflin 150 mg, tablete za pse Ibaflin 300 mg, tablete za pse Ibaflin 900 mg, tablete za pse</s>
<s id="s5.1">2.</s>
<s id="s5.2">KAKOVOSTNA IN KOLIČINSKA SESTAVA</s>
<s id="s6.1">Ena tableta Ibaflina vsebuje:</s>
<s id="s7.1">Zdravilna učinkovina</s>
<s id="s8.1">Ibafloksacin 30 mg Ibafloksacin 150 mg Ibafloksacin 300 mg Ibafloksacin 900 mg</s>
<s id="s9.1">3.</s>
<s id="s9.2">FARMACEVTSKA OBLIKA</s>
<s id="s10.1">Tableta</s>
<s id="s11.1">4.</s>
<s id="s11.2">FARMAKOLOŠKE LASTNOSTI</s>
<s id="s12.1">4. 1 Farmakodinamične lastnosti</s>
<s id="s13.1">Farmakoterapevtska skupina: kinolonske protimikrobne učinkovine Oznaka ATCvet:</s>
<s id="s13.2">QJ 01 MA Zdravilna učinkovina v Ibaflinu je ibafloksacin.</s>
<s id="s13.3">Ibafloksacin je sintetična protimikrobna snov iz skupine fluorokinolonov.</s>
<s id="s13.4">Ibafloksacin je širokospektralen, baktericidni antibiotik.</s>
<s id="s13.5">Njegovo delovanje temelji na zaviranju bakterijske DNA- giraze.</s>
<s id="s13.6">Presnovek, ki nastaja v največji količini, je 8- hidroksi- ibafloksacin, ki je tudi mikrobiološko aktiven.</s>
<s id="s13.7">Ibafloksacin in 8- hidroksi- ibafloksacin delujeta sinergistično.</s>
<s id="s13.8">MIK ibafloksacina (matične spojine) so v razponu 0, 032 do 0, 5 µg/ ml za E. coli, Staphylococcus spp., Proteus mirabilis, seve Pasteurella spp. in Salmonella spp., izolirane pri psih..</s>
<s id="s13.9">Sev, ki je odporen proti enemu fluorokinolonu, je odporen tudi proti drugim zdravilom iz skupine fluorokinolonov.</s>
<s id="s14.1">4. 2 Farmakokinetične lastnosti</s>
<s id="s15.1">Ibafloksacin se po peroralnem dajanju pri psih hitro absorbira in doseže največje ravni mikrobiološko aktivnih spojin v plazmi 1 do 2 uri po dajanju.</s>
<s id="s15.2">Končna razpolovna doba izločanja iz plazme je približno 4 do 5 ur.</s>
<s id="s15.3">Ibaflin lahko dajemo ob katerem koli času dneva, ne da bi se spremenila učinkovitost.</s>
<s id="s15.4">Vendar pa je tableto najbolje dajati v času hranjenja, da bi zagotovili največjo biološko uporabnost.</s>
<s id="s15.5">Izloča se pretežno z urinom in blatom.</s>
<s id="s15.6">Po večkratnem peroralnem dajanju doseže stabilno stanje po prvem ali drugem odmerku in se ne akumulira in ne inducira encimov biotransformacije.</s>
<s id="s16.1">2/ 45 5.</s>
<s id="s16.2">KLINIČNI PODATKI</s>
<s id="s17.1">5. 1 Ciljna živalska vrsta</s>
<s id="s18.1">Psi</s>
<s id="s19.1">5. 2 Indikacije za uporabo</s>
<s id="s20.1">Ibaflin je pri psih indiciran za zdravljenje naslednjih bolezenskih stanj:</s>
<s id="s20.2">Dermalne okužbe (pioderma – površinska in globoka, rane, abscesi), ki jih povzročajo občutljivi sevi stafilokokov, E. coli in Proteus mirabilis Akutne, nezapletene okužbe sečil, ki jih povzročajo občutljivi sevi stafilokokov, Proteus spp., Enterobacter spp., E. coli in Klebsiella spp.</s>
<s id="s20.3">Okužbe dihalnih poti (zgornjih), ki jih povzročajo občutljivi sevi stafilokokov, E. coli in Klebsiella spp.</s>
<s id="s21.1">5. 3 Kontraindikacije</s>
<s id="s22.1">Zdravila ne uporabljamo pri psih v obdobju rasti, ker ima lahko škodljiv učinek na sklepni hrustanec.</s>
<s id="s22.2">Trajanje obdobja rasti je različno glede na pasmo.</s>
<s id="s22.3">Pri večini pasem je uporaba ibafloksacina kontraindicirana za pse, mlajše od 8 mesecev in pri zelo velikih pasmah za pse, mlajše od 18 mesecev.</s>
<s id="s22.4">Zdravila ne uporabljajte v kombinaciji z nesteroidnimi protivnetnimi zdravili (NSAID).</s>
<s id="s22.5">Ne uporabljajte pri psih s krči v anamnezi.</s>
<s id="s23.1">5. 4 Neželeni učinki</s>
<s id="s24.1">Driska, mehko blato, bruhanje, otopelost in anoreksija so redki.</s>
<s id="s24.2">Ti pojavi so bili blagi in prehodni.</s>
<s id="s25.1">5. 5 Posebni previdnostni ukrepi</s>
<s id="s26.1">Preveliko zanašanje na eno skupino antibiotikov lahko privede do odpornosti bakterijske populacije.</s>
<s id="s26.2">Preudarno je prihraniti uporabo fluorokinolonov za zdravljenje kliničnih stanj, ki se slabo odzivajo ali za katera pričakujemo, da so bodo slabo odzivala na druge skupine antibiotikov.</s>
<s id="s26.3">Ibaflin smemo uporabljati samo na podlagi testiranja občutljivosti povzročitelja.</s>
<s id="s26.4">Ne smemo ga uporabljati pri psih z znano preobčutljivostjo za kinolone.</s>
<s id="s27.1">Pioderma se večinoma pojavlja kot sekundarno obolenje ob osnovni bolezni.</s>
<s id="s27.2">Priporočljivo je poiskati osnovni vzrok in žival ustrezno zdraviti.</s>
<s id="s28.1">5. 6 Uporaba v obdobju brejosti in laktacije</s>
<s id="s29.1">Lahko se uporablja v obdobju brejosti.</s>
<s id="s29.2">Varnost zdravila med laktacijo ni dokazana.</s>
<s id="s30.1">Učinek na plodnost pri plemenskih samcih ni raziskan.</s>
<s id="s31.1">5. 7 Medsebojno delovanje z drugimi zdravili in druge oblike interakcij</s>
<s id="s32.1">Fluorokinolonov pri psih s krči v anamnezi ne smemo uporabljati v kombinaciji z nesteroidnimi protivnetnimi zdravili (NSAID).</s>
<s id="s32.2">Antacidi lahko vplivajo na absorpcijo kinolonov iz prebavil.</s>
<s id="s32.3">Do antagonizma lahko pride z nitrofurantoinom.</s>
<s id="s33.1">3/ 45 5. 8 Odmerjanje in način uporabe</s>
<s id="s34.1">Peroralno, 15 mg ibafloksacina/ kg 1- krat na dan.</s>
<s id="s34.2">Trajanje zdravljenja je odvisno od oblike in resnosti okužbe ter od odzivnosti na zdravljenje.</s>
<s id="s34.3">Večinoma zadošča 10- dnevno zdravljenje.</s>
<s id="s34.4">Če je potrebno in glede na klinično odzivanje, lahko z zdravljenjem nadaljujemo, dokler menimo, da je odzivanje nanj ustrezno.</s>
<s id="s34.5">O zdravljenju moramo ponovno presoditi, če se po 5 dneh klinično stanje ne izboljša.</s>
<s id="s34.6">Če pri globoki piodermi ni zadovoljivega izboljšanja po 21 dneh zdravljenja, je treba o njem ponovno presoditi.</s>
<s id="s35.1">Da bi zdravilo pravilno odmerili in da ne bi bil odmerek premajhen, je treba telesno maso določiti, kolikor je možno natančno.</s>
<s id="s36.1">Telesna masa (kg)</s>
<s id="s37.1">Odmerek (število tablet)</s>
<s id="s38.1">Odmerek v mg</s>
<s id="s39.1">1 2 3 4 5 6- 10 11- 15 16- 20 21- 30 31- 40 41- 60</s>
<s id="s40.1">Ibaflin Ibaflin 30 mg 150 mg 0, 5 1 1, 5 2 0, 5 1 1, 5</s>
<s id="s41.1">Ibaflin 300 mg 1 2</s>
<s id="s42.1">Ibaflin 900 mg 0, 5 1</s>
<s id="s43.1">15 30 45 60 75 150 225 300 450 600 900</s>
<s id="s44.1">5. 9 Preveliko odmerjanje</s>
<s id="s45.1">Študije varnosti za ciljno živalsko vrsto, izvedene pri psih, starih 8 mesecev, so pokazale, da ibafloksacin po peroralnem dajanju v odmerkih po 45 mg/ kg telesne mase na dan (trikratni priporočeni odmerek) v obdobju 90 dni nima zaznavnih neželenih učinkov.</s>
<s id="s45.2">Za ibafloksacin (in druge fluorokinolone) ni znanih antidotov, zato je treba pri vnosu prevelikega odmerka uvesti simptomatsko zdravljenje.</s>
<s id="s46.1">5. 10 Posebna opozorila za vsako ciljno živalsko vrsto</s>
<s id="s47.1">Glejte poglavje 5. 5.</s>
<s id="s47.2">Glejte poglavje 5. 6.</s>
<s id="s48.1">5. 11 Karenca</s>
<s id="s49.1">Navedba smiselno ni potrebna.</s>
<s id="s50.1">5. 12 Posebni varnostni ukrepi, ki jih mora izvajati oseba, ki daje zdravilo živalim</s>
<s id="s51.1">Osebe z znano preobčutljivostjo za kinolone naj se izogibajo stiku z izdelkom.</s>
<s id="s51.2">V primeru nenamernega zaužitja zdravila, zlasti pri otroku, se je treba posvetovati z zdravnikom.</s>
<s id="s52.1">6.</s>
<s id="s52.2">FARMACEVTSKI PODATKI</s>
<s id="s53.1">6. 1 Glavne inkompatibilnosti</s>
<s id="s54.1">Navedba smiselno ni potrebna.</s>
<s id="s55.1">4/ 45 6. 2 Rok uporabnosti</s>
<s id="s56.1">Tablete po 150 mg in 300 mg:</s>
<s id="s56.2">4 leta Tablete po 30 mg in 900 mg:</s>
<s id="s56.3">3 leta</s>
<s id="s57.1">6. 3.</s>
<s id="s57.2">Posebna navodila za shranjevanje</s>
<s id="s58.1">Shranjujte pri temperaturi do 25 ºC.</s>
<s id="s59.1">6. 4 Vrsta in vsebina vsebnika</s>
<s id="s60.1">Tablete 30 mg:</s>
<s id="s61.1">- zloženka z 20 ali s 100 tabletami v zavarjenih pretisnih omotih iz pvc in aluminija</s>
<s id="s62.1">Tablete 150 mg:</s>
<s id="s63.1">- zloženka z 10, 20 ali s 100 tabletami v zavarjenih pretisnih omotih iz pvc in aluminija - zloženka z 10, 20 ali s 100 tabletami v pretisnih omotih iz pvc, pvdc in aluminija</s>
<s id="s64.1">Tablete 300 mg:</s>
<s id="s65.1">- zloženka z 8, s 16 ali z 80 tabletami v zavarjenih pretisnih omotih iz pvc in aluminija - zloženka z 8, s 16 ali z 80 tabletami v pretisnih omotih iz pvc, pvdc in aluminija</s>
<s id="s66.1">Tablete 900 mg:</s>
<s id="s67.1">- zloženka s 5, 25 ali 50 tabletami v zavarjenih pretisnih omotih iz pvc in aluminija</s>
<s id="s68.1">6. 5 Posebni varnostni ukrepi za odstranjevanje neporabljenega zdravila ali odpadnih snovi, če obstajajo</s>
<s id="s69.1">Vsako neporabljeno zdravilo ali odpadne snovi, ki nastanejo iz teh zdravil, je treba odstraniti v skladu z nacionalnimi zahtevami.</s>
<s id="s70.1">7.</s>
<s id="s70.2">IME ALI IME PODJETJA TER NASLOV ALI REGISTRIRANI KRAJ POSLOVANJA IMETNIKA DOVOLJENJA ZA PROMET</s>
<s id="s71.1">Intervet International BV Wim de Körverstraat 35 5831 AN BOXMEER Nizozemska</s>
<s id="s72.1">Prepoved prodaje, oskrbe in/ ali uporabe</s>
<s id="s73.1">Navedba smiselno ni potrebna.</s>
<s id="s74.1">Številka( e) dovoljenj( a) za promet</s>
<s id="s75.1">EU/ 2/ 00/ 022/ 01- 8 EU/ 2/ 00/ 022/ 13- 17</s>
<s id="s76.1">Datum pridobitve/ podaljšanja dovoljenja za promet</s>
<s id="s77.1">13. 06. 00</s>
<s id="s78.1">Datum zadnje revizije besedila</s>
<s id="s79.1">5/ 45 1.</s>
<s id="s79.2">IME ZDRAVILA ZA UPORABO V VETERINARSKI MEDICINI</s>
<s id="s80.1">Ibaflin 3%, peroralni gel za pse in mačke Ibaflin 7, 5%, peroralni gel za pse</s>
<s id="s81.1">2.</s>
<s id="s81.2">KAKOVOSTNA IN KOLIČINSKA SESTAVA</s>
<s id="s82.1">1 (napolnjena brizga) Ibaflin peroralnega gela vsebuje:</s>
<s id="s83.1">Zdravilna učinkovina</s>
<s id="s84.1">Ibaflin 3%, peroralni gel:</s>
<s id="s84.2">30 mg ibafloksacina v 1 g gela (ustreza 30, 9 mg/ ml) Ibaflin 7, 5%, peroralni gel:</s>
<s id="s84.3">75 mg ibafloksacina v 1 g gela (ustreza 78, 8 mg/ ml)</s>
<s id="s85.1">Pomožne snovi</s>
<s id="s86.1">Metilparahidroksibenzoat (0, 125%)</s>
<s id="s87.1">3.</s>
<s id="s87.2">FARMACEVTSKA OBLIKA</s>
<s id="s88.1">Peroralni gel</s>
<s id="s89.1">4.</s>
<s id="s89.2">FARMAKOLOŠKE LASTNOSTI</s>
<s id="s90.1">Zdravilna učinkovina v Ibaflinu je ibafloksacin.</s>
<s id="s90.2">Ibafloksacin je sintetična protimikrobna učinkovina iz skupine fluorokinolonov.</s>
<s id="s91.1">4. 1 Farmakodinamične lastnosti</s>
<s id="s92.1">Farmakoterapevtska skupina: kinolonske protimikrobne učinkovine Oznaka ATCvet:</s>
<s id="s92.2">QJ 01 MA 96 Ibafloksacin je širokospektralen, baktericidni antibiotik.</s>
<s id="s92.3">Njegovo delovanje temelji na zaviranju bakterijske DNA- giraze.</s>
<s id="s92.4">Presnovek, ki nastaja v največji količini, je 8- hidroksi- ibafloksacin, ki je tudi mikrobiološko aktiven.</s>
<s id="s92.5">Ibafloksacin in 8- hidroksi- ibafloksacin delujeta sinergistično.</s>
<s id="s92.6">MIK ibafloksacina (matične spojine) so v razponu 0, 032 do 0, 5 µg/ ml za E. coli, Staphylococcus spp. in Proteus mirabilis v vzorcih, izoliranih pri psih.</s>
<s id="s92.7">Pri mačkah so občutljivi mikroorganizmi E. coli, Staphylococcus spp., Pasteurella spp., Proteus spp. in Klebsiella spp.</s>
<s id="s92.8">(MIK ≤ 0, 5 µg/ ml ibafloksacina).</s>
<s id="s93.1">4. 2 Farmakokinetične lastnosti</s>
<s id="s94.1">Ibafloksacin se po peroralnem dajanju pri mačkah hitro absorbira in doseže največjo raven v plazmi v 1 uri, kadar ga dajemo brez hrane, in v 2 urah, kadar ga dajemo s hrano.</s>
<s id="s94.2">Pri psih doseže največjo raven v plazmi v 2 urah pri dajanju s hrano ali brez nje.</s>
<s id="s94.3">Končna razpolovna doba izločanja iz plazme je približno 3 do 5 ur.</s>
<s id="s94.4">Skupna absorpcija je bila pri psih in mačkah večja, kadar so jim zdravilo dajali s hrano.</s>
<s id="s94.5">Zdravilo se pretežno izloča z urinom in blatom.</s>
<s id="s94.6">Po večkratnem peroralnem dajanju doseže stabilno stanje po prvem odmerku in se pri psih ne kopiči, pri mačkah pa so zasledili zmerno kopičenje.</s>
<s id="s95.1">6/ 45 5.</s>
<s id="s95.2">KLINIČNI PODATKI</s>
<s id="s96.1">5. 1 Ciljna živalska vrsta</s>
<s id="s97.1">Psi in mačke</s>
<s id="s98.1">5. 2 Indikacije za uporabo</s>
<s id="s99.1">Ibaflin gel je pri psih indiciran za zdravljenje naslednjih bolezenskih stanj:</s>
<s id="s100.1">- dermalne okužbe (pioderma – površinska in globoka, rane, abscesi), ki jih povzročajo občutljivi</s>
<s id="s101.1">mikroorganizmi, kot so Staphylococcus spp., E. coli in Proteus mirabilis</s>
<s id="s102.1">Ibaflin gel je pri mačkah indiciran za zdravljenje naslednjih bolezenskih stanj:</s>
<s id="s103.1">- dermalne okužbe (okužbe mehkega tkiva – rane, abscesi), ki jih povzročajo občutljivi</s>
<s id="s104.1">mikroorganizmi, kot so Staphylococcus spp., E. coli, Proteus spp. in Pasteurella spp.</s>
<s id="s105.1">- okužbe zgornjih dihalnih poti, ki jih povzročajo občutljivi mikroorganizmi, kot so</s>
<s id="s106.1">Staphylococcus spp., E. coli, Klebsiella spp. in Pasteurella spp.</s>
<s id="s107.1">5. 3 Kontraindikacije</s>
<s id="s108.1">O učinku ibafloksacina na razvoj sklepnega hrustanca pri mačkah v obdobju hitre rasti ni podatkov.</s>
<s id="s108.2">Zato ibafloksacina ne smemo dajati mačkam, mlajšim od 8 mesecev.</s>
<s id="s108.3">Pri psih je obdobje rasti pri različnih pasmah različno.</s>
<s id="s108.4">Pri večini pasem je uporaba ibafloksacina kontraindicirana za pse, mlajše od 8 mesecev, pri zelo velikih pasmah pa za pse, mlajše od 18 mesecev.</s>
<s id="s109.1">Ibaflin 7, 5% peroralnega gela ne smemo dajati mačkam.</s>
<s id="s110.1">5. 4 Neželeni učinki (pogostost in resnost)</s>
<s id="s111.1">Driska, mehko blato, bruhanje, otopelost, anoreksija in slinjenje so redki.</s>
<s id="s111.2">Ti učinki so bili blagi in prehodni.</s>
<s id="s112.1">5. 5 Posebni previdnostni ukrepi</s>
<s id="s113.1">Preveliko zanašanje na eno skupino antibiotikov lahko privede do odpornosti določene populacije bakterij.</s>
<s id="s113.2">Preudarno je prihraniti uporabo fluorokinolonov za zdravljenje kliničnih stanj, ki se slabo odzivajo ali za katera pričakujemo, da so bodo slabo odzivala na druge skupine antibiotikov.</s>
<s id="s113.3">Ibaflin gel smemo uporabljati samo na podlagi testiranja občutljivosti povzročitelja.</s>
<s id="s113.4">Ne smemo ga uporabljati pri psih in mačkah z znano preobčutljivostjo za kinolone.</s>
<s id="s114.1">Da ne bi prišlo do navzkrižne okužbe, iste brizge ne smemo uporabljati za različne živali.</s>
<s id="s114.2">Načeto brizgo smemo uporabiti samo za nadaljevanje zdravljenja iste živali.</s>
<s id="s115.1">5. 6 Uporaba v obdobju brejosti in laktacije</s>
<s id="s116.1">Zdravilo se pri psih lahko uporablja v obdobju brejosti.</s>
<s id="s116.2">Varnost zdravila ni raziskana pri brejih mačkah ter pri psicah in mačkah v obdobju laktacije.</s>
<s id="s117.1">5. 7 Medsebojno delovanje z drugimi zdravili in druge oblike interakcij</s>
<s id="s118.1">Fluorokinolonov ne smemo uporabljati v kombinaciji z nesteroidnimi protivnetnimi zdravili (NSAID) pri psih, ki imajo v anamnezi konvulzije.</s>
<s id="s118.2">Antacidi lahko vplivajo na absorpcijo kinolonov iz prebavil.</s>
<s id="s118.3">Do antagonizma lahko pride z nitrofurantoinom.</s>
<s id="s119.1">7/ 45 5. 8 Odmerjanje in način uporabe</s>
<s id="s120.1">Peroralno, 15 mg ibafloksacina/ kg telesne mase, 1- krat na dan.</s>
<s id="s121.1">Psi in mačke Psi</s>
<s id="s122.1">Ibaflin 3% peroralni gel Ibaflin 7, 5% peroralni gel</s>
<s id="s123.1">0, 5 ml gela na kg telesne mase 1 ml gela na 5 kg telesne mase</s>
<s id="s124.1">Brizgo je treba nastaviti na izračunani odmerek s pomikom objemke na ustrezno mesto na batu (brizga s 15 ml – stopnje po 0, 5 ml, brizga s 30 ml – stopnje po 1, 0 ml).</s>
<s id="s125.1">Gel dajemo ob času hranjenja.</s>
<s id="s125.2">Trajanje zdravljenja je odvisno od oblike in resnosti okužbe ter od odzivnosti na zdravljenje.</s>
<s id="s125.3">Večinoma zadošča 10- dnevno zdravljenje.</s>
<s id="s125.4">Če je potrebno in glede na klinično odzivanje, lahko z zdravljenjem nadaljujemo, dokler menimo, da je odzivanje nanj ustrezno.</s>
<s id="s125.5">O zdravljenju moramo ponovno presoditi, če se po 5 dneh klinično stanje ne izboljša.</s>
<s id="s125.6">Če pri globoki piodermi ni zadovoljivega izboljšanja po 21 dneh zdravljenja, je treba o njem ponovno presoditi.</s>
<s id="s126.1">5. 9 Preveliko odmerjanje (simptomi, nujni ukrepi, protistrupi)</s>
<s id="s127.1">Peroralno dajanje odmerkov ibafloksacina po 75 mg/ kg na dan (petkratni priporočeni odmerek) v obdobju 90 dni, so psi dobro prenašali.</s>
<s id="s127.2">Pri zdravih mačkah je 30- dnevno dajanje Ibaflin peroralnega gela v odmerkih po 15 do 75 mg/ kg povzročilo bruhanje oz. regurgitacijo in slinjenje.</s>
<s id="s128.1">5. 10 Posebna opozorila za vsako živalsko vrsto</s>
<s id="s129.1">Pioderma se večinoma pojavlja kot sekundarno obolenje ob osnovni bolezni.</s>
<s id="s129.2">Priporočljivo je poiskati osnovni vzrok in žival ustrezno zdraviti.</s>
<s id="s129.3">Učinek na plodnost pri plemenskih samcih ni raziskan.</s>
<s id="s130.1">5. 11 Karenca</s>
<s id="s131.1">Navedba smiselno ni potrebna.</s>
<s id="s132.1">5. 12 Posebni varnostni ukrepi, ki jih mora izvajati oseba, ki daje zdravilo živalim</s>
<s id="s133.1">Osebe z znano preobčutljivostjo za kinolone naj se izogibajo stiku z zdravilom.</s>
<s id="s134.1">6.</s>
<s id="s134.2">FARMACEVTSKI PODATKI</s>
<s id="s135.1">6. 1 Glavne inkompatibilnosti</s>
<s id="s136.1">Navedba smiselno ni potrebna.</s>
<s id="s137.1">6. 2 Rok uporabnosti</s>
<s id="s138.1">3 leta Rok uporabnosti po prvem odpiranju vsebnika:</s>
<s id="s138.2">8 tednov</s>
<s id="s139.1">6. 3.</s>
<s id="s139.2">Posebna navodila za shranjevanje</s>
<s id="s140.1">Shranjujte pri temperaturi do 25 ºC.</s>
<s id="s141.1">Brizge z neporabljenim gelom je treba po končanem zdravljenju zavreči.</s>
<s id="s142.1">8/ 45 6. 4 Vrsta in vsebina vsebnika</s>
<s id="s143.1">Bela, nastavljiva večodmerna napolnjena brizga iz polietilena visoke gostote (HDPE, telo, bat in objemka) in polietilena majhne gostote (LDPE, zaporka in tesnilo)</s>
<s id="s144.1">- - - -</s>
<s id="s145.1">zloženka z 1 napolnjeno brizgo s 15 ml (za nastavitev po 0, 5 ml) (Ibaflin 3% peroralni gel) zloženka s 5 napolnjenimi brizgami s 15 ml (za nastavitev po 0, 5 ml) (Ibaflin 3% peroralni gel) zloženka z 1 napolnjeno brizgo s 30 ml (za nastavitev po 1 ml) (Ibaflin 7, 5% peroralni gel) zloženka s 5 napolnjenimi brizgami s 30 ml (za nastavitev po 1 ml) (Ibaflin 7, 5% peroralni gel)</s>
<s id="s146.1">6. 5</s>
<s id="s147.1">Posebni varnostni ukrepi za odstranjevanje neporabljenega zdravila ali odpadnih snovi, če obstajajo</s>
<s id="s148.1">Vsako neporabljeno zdravilo ali odpadne snovi, ki nastanejo iz teh zdravil, je treba odstraniti v skladu z nacionalnimi zahtevami.</s>
<s id="s149.1">7.</s>
<s id="s149.2">IME ALI IME PODJETJA TER NASLOV ALI REGISTRIRANI KRAJ POSLOVANJA IMETNIKA DOVOLJENJA ZA PROMET</s>
<s id="s150.1">Prepoved prodaje, oskrbe in/ ali uporabe</s>
<s id="s151.1">Navedba smiselno ni potrebna.</s>
<s id="s152.1">Ime in naslov imetnika dovoljenja za promet</s>
<s id="s153.1">Intervet International B. V.</s>
<s id="s153.2">Wim de Körverstraat 35 5831 AN Boxmeer Nizozemska</s>
<s id="s154.1">Številka dovoljenja za promet</s>
<s id="s155.1">EU/ 2/ 00/ 022/ 09- 12</s>
<s id="s156.1">Datum pridobitve/ podaljšanja dovoljenja za promet</s>
<s id="s157.1">Datum zadnje revizije besedila</s>
<s id="s158.1">9/ 45 DODATEK II</s>
<s id="s159.1">A.</s>
<s id="s160.1">IMETNIK DOVOLJENJA</s>
<s id="s161.1">ZA</s>
<s id="s162.1">IZDELAVO</s>
<s id="s163.1">ZDRAVILA,</s>
<s id="s164.1">ODGOVOREN ZA SPROSTITEV SERIJE</s>
<s id="s165.1">B.</s>
<s id="s165.2">POGOJI DOVOLJENJA ZA PROMET Z ZDRAVILOM TER OMEJITVE GLEDE OSKRBE IN UPORABE</s>
<s id="s166.1">C.</s>
<s id="s166.2">PREPOVED PRODAJE, OSKRBE IN/ ALI UPORABE</s>
<s id="s167.1">D.</s>
<s id="s168.1">NAVEDBA</s>
<s id="s169.1">NAJVIŠJIH</s>
<s id="s170.1">DOVOLJENIH</s>
<s id="s171.1">KOLIČIN</s>
<s id="s172.1">ZAOSTANKOVZDRAVILA (MRL)</s>
<s id="s173.1">10/ 45 A.</s>
<s id="s174.1">IMETNIK DOVOLJENJA SPROSTITEV SERIJE</s>
<s id="s175.1">ZA</s>
<s id="s176.1">IZDELAVO</s>
<s id="s177.1">ZDRAVILA,</s>
<s id="s178.1">ODGOVOREN</s>
<s id="s179.1">ZA</s>
<s id="s180.1">Tablete Intervet GesmbH Siemensstrasse 107 A- 1210 Wien Avstrija</s>
<s id="s181.1">Peroralni gel Intervet International bv Wim de Körverstraat 35 5831 AN Boxmeer Nizozemska</s>
<s id="s182.1">Intervet Productions S. A.</s>
<s id="s182.2">Rue de Lyons 27460 Igoville France</s>
<s id="s183.1">B.</s>
<s id="s183.2">POGOJI DOVOLJENJA ZA PROMET TER OMEJITVE GLEDE OSKRBE IN UPORABE</s>
<s id="s184.1">Izdaja zdravila za uporabo v veterinarski medicini je le na recept.</s>
<s id="s185.1">Imetnik tega dovoljenja za promet z zdravilom mora obvestiti Evropsko komisijo o načrtu trženja za zdravilo, odobreno s to odločbo.</s>
<s id="s186.1">C.</s>
<s id="s186.2">PREPOVED PRODAJE, OSKRBE IN/ ALI UPORABE</s>
<s id="s187.1">Navedba ni smiselna.</s>
<s id="s188.1">D.</s>
<s id="s188.2">NAVEDBA NAJVIŠJIH DOVOLJENIH KOLIČIN ZAOSTANKOV ZDRAVILA (MRL)</s>
<s id="s189.1">Navedba ni smiselna.</s>
<s id="s190.1">11/ 45 DODATEK III</s>
<s id="s191.1">OZNAČEVANJE IN NAVODILO ZA UPORABO</s>
<s id="s192.1">12/ 45 A.</s>
<s id="s192.2">OZNAČEVANJE</s>
<s id="s193.1">13/ 45 PODATKI NA ZUNANJI OVOJNINI</s>
<s id="s194.1">1.</s>
<s id="s194.2">IME ZDRAVILA ZA UPORABO V VETERINARSKI MEDICINI</s>
<s id="s195.1">Ibaflin 30 mg, tablete za pse</s>
<s id="s196.1">2.</s>
<s id="s196.2">NAVEDBA ZDRAVILNE UČINKOVINE</s>
<s id="s197.1">Ibafloksacin 30 mg</s>
<s id="s198.1">3.</s>
<s id="s198.2">FARMACEVTSKA OBLIKA</s>
<s id="s199.1">Tableta</s>
<s id="s200.1">4.</s>
<s id="s200.2">VELIKOST PAKIRANJA</s>
<s id="s201.1">20 tablet / 100 tablet</s>
<s id="s202.1">5.</s>
<s id="s202.2">CILJNA ŽIVALSKA VRSTA</s>
<s id="s203.1">Pes</s>
<s id="s204.1">6.</s>
<s id="s204.2">INDIKACIJE</s>
<s id="s205.1">Pioderma (površinska in globoka), rane, abscesi, akutne nezapletene okužbe sečil in zgornjih dihalnih poti</s>
<s id="s206.1">7.</s>
<s id="s206.2">NAČIN UPORABE IN DAJANJA</s>
<s id="s207.1">Peroralno, 15 mg/ kg telesne mase, 1- krat na dan Pred uporabo preberite priloženo navodilo.</s>
<s id="s208.1">8.</s>
<s id="s208.2">KARENCA</s>
<s id="s209.1">Navedba smiselno ni potrebna.</s>
<s id="s210.1">9.</s>
<s id="s210.2">POSEBNA OPOZORILA, ČE SO POTREBNA</s>
<s id="s211.1">Zdravila ne uporabljajte v obdobju rasti ali v kombinaciji z nesteroidnimi protivnetnimi zdravili (NSAID) pri psih, ki imajo v anamnezi krče.</s>
<s id="s211.2">Ibaflin uporabljajte samo na podlagi izvidov testiranja občutljivosti povzročitelja.</s>
<s id="s211.3">Ne smete ga dajati psom z znano preobčutljivostjo za kinolone.</s>
<s id="s211.4">Pred uporabo preberite priloženo navodilo.</s>
<s id="s212.1">14/ 45 10.</s>
<s id="s212.2">DATUM IZTEKA ROKA UPORABNOSTI ZDRAVILA</s>
<s id="s213.1">(Mesec/ leto)</s>
<s id="s214.1">11.</s>
<s id="s214.2">POSEBNA NAVODILA ZA SHRANJEVANJE</s>
<s id="s215.1">Shranjujte pri temperaturi do 25 ºC.</s>
<s id="s216.1">12.</s>
<s id="s216.2">POSEBNI VARNOSTNI UKREPI ZA ODSTRANJEVANJE NEPORABLJENEGA ZDRAVILA ALI ODPADNIH SNOVI, ČE OBSTAJAJO</s>
<s id="s217.1">Vsako neporabljeno zdravilo ali odpadne snovi, ki nastanejo iz teh zdravil, je treba odstraniti v skladu z nacionalnimi zahtevami.</s>
<s id="s218.1">13.</s>
<s id="s218.2">BESEDILO ''SAMO ZA ŽIVALI''</s>
<s id="s219.1">Samo za živali</s>
<s id="s220.1">14.</s>
<s id="s220.2">BESEDILO ''ZDRAVILO SHRANJUJTE IZVEN DOSEGA IN POGLEDA OTROK''</s>
<s id="s221.1">Zdravilo shranjujte izven dosega in pogleda otrok.</s>
<s id="s222.1">15.</s>
<s id="s222.2">IME IN NASLOV IMETNIKA DOVOLJENJA ZA PROMET Z ZDRAVILOM TER IMETNIKA DOVOLJENJA ZA PROIZVODNJO ZDRAVILA, ODGOVORNEGA ZA SPROSTITEV SERIJ V EGP, ČE STA RAZLIČNA</s>
<s id="s223.1">Ime in naslov imetnika dovoljenja za promet Intervet International B. V.</s>
<s id="s223.2">Wim de Körverstraat 35 5831 AN Boxmeer Nizozemska</s>
<s id="s224.1">Ime in naslov imetnika dovoljenja za proizvodnjo, odgovornega za sproščanje serij Intervet GesmbH Siemensstrasse 107 A- 1210 Wien Avstrija</s>
<s id="s225.1">16.</s>
<s id="s225.2">ŠTEVILKA (- E) V REGISTRU ZDRAVIL SKUPNOSTI</s>
<s id="s226.1">EU/ 2/ 00/ 022/ 13- 14</s>
<s id="s227.1">15/ 45 17.</s>
<s id="s227.2">IZDELOVALČEVA ŠTEVILKA SERIJE IZDELAVE ZDRAVILA</s>
<s id="s228.1">18.</s>
<s id="s228.2">POGOJI ALI OMEJITVE GLEDE NAČINA/ REŽIMA IZDAJE IN UPORABE</s>
<s id="s229.1">Zdravilo se izda le na recept.</s>
<s id="s230.1">16/ 45 PODATKI NA ZUNANJI OVOJNINI</s>
<s id="s231.1">1.</s>
<s id="s231.2">IME ZDRAVILA ZA UPORABO V VETERINARSKI MEDICINI</s>
<s id="s232.1">Ibaflin 150 mg, tablete za pse</s>
<s id="s233.1">2.</s>
<s id="s233.2">NAVEDBA ZDRAVILNE UČINKOVINE</s>
<s id="s234.1">Ibafloksacin 150 mg</s>
<s id="s235.1">3.</s>
<s id="s235.2">FARMACEVTSKA OBLIKA</s>
<s id="s236.1">Tableta</s>
<s id="s237.1">4.</s>
<s id="s237.2">VELIKOST PAKIRANJA</s>
<s id="s238.1">10 tablet / 20 tablet / 100 tablet</s>
<s id="s239.1">5.</s>
<s id="s239.2">CILJNA ŽIVALSKA VRSTA</s>
<s id="s240.1">Pes</s>
<s id="s241.1">6.</s>
<s id="s241.2">INDIKACIJE</s>
<s id="s242.1">Pioderma (površinska in globoka), rane, abscesi, akutne nezapletene okužbe sečil in zgornjih dihalnih poti</s>
<s id="s243.1">7.</s>
<s id="s243.2">NAČIN UPORABE IN DAJANJA</s>
<s id="s244.1">Peroralno, 15 mg/ kg telesne mase, 1- krat na dan Pred uporabo preberite priloženo navodilo.</s>
<s id="s245.1">8.</s>
<s id="s245.2">KARENCA</s>
<s id="s246.1">Navedba smiselno ni potrebna.</s>
<s id="s247.1">17/ 45 9.</s>
<s id="s247.2">POSEBNA OPOZORILA</s>
<s id="s248.1">Zdravila ne uporabljajte v obdobju rasti ali v kombinaciji z nesteroidnimi protivnetnimi zdravili (NSAID) pri psih, ki imajo v anamnezi krče.</s>
<s id="s248.2">Ne uporabljajte ga pri psih s telesno maso pod 3 kg.</s>
<s id="s248.3">Ibaflin uporabljajte samo na podlagi izvidov testiranja občutljivosti povzročitelja.</s>
<s id="s248.4">Ne smete ga dajati psom z znano preobčutljivostjo za kinolone.</s>
<s id="s248.5">Pred uporabo preberite priloženo navodilo.</s>
<s id="s249.1">10.</s>
<s id="s249.2">DATUM IZTEKA ROKA UPORABNOSTI ZDRAVILA</s>
<s id="s250.1">(Mesec/ leto)</s>
<s id="s251.1">11.</s>
<s id="s251.2">POSEBNA NAVODILA ZA SHRANJEVANJE</s>
<s id="s252.1">Shranjujte pri temperaturi do 25 ºC.</s>
<s id="s253.1">12.</s>
<s id="s253.2">POSEBNI VARNOSTNI UKREPI ZA ODSTRANJEVANJE NEPORABLJENEGA ZDRAVILA ALI ODPADNIH SNOVI, ČE OBSTAJAJO</s>
<s id="s254.1">Vsako neporabljeno zdravilo ali odpadne snovi, ki nastanejo iz teh zdravil, je treba odstraniti v skladu z nacionalnimi zahtevami.</s>
<s id="s255.1">13.</s>
<s id="s255.2">BESEDILO ''SAMO ZA ŽIVALI''</s>
<s id="s256.1">Samo za živali</s>
<s id="s257.1">14.</s>
<s id="s257.2">BESEDILO ''ZDRAVILO SHRANJUJTE IZVEN DOSEGA IN POGLEDA OTROK''</s>
<s id="s258.1">Zdravilo shranjujte izven dosega in pogleda otrok.</s>
<s id="s259.1">15.</s>
<s id="s259.2">IME IN NASLOV IMETNIKA DOVOLJENJA ZA PROMET Z ZDRAVILOM TER IMETNIKA DOVOLJENJA ZA PROIZVODNJO ZDRAVILA, ODGOVORNEGA ZA SPROSTITEV SERIJ V EGP, ČE STA RAZLIČNA</s>
<s id="s260.1">Ime in naslov imetnika dovoljenja za promet Intervet International B. V.</s>
<s id="s260.2">Wim de Körverstraat 35 5831 AN Boxmeer Nizozemska</s>
<s id="s261.1">Ime in naslov imetnika dovoljenja za proizvodnjo, odgovornega za sproščanje serij Intervet GesmbH Siemensstrasse 107 A- 1210 Wien Avstrija</s>
<s id="s262.1">18/ 45 16.</s>
<s id="s262.2">ŠTEVILKA (- E) V REGISTRU ZDRAVIL SKUPNOSTI</s>
<s id="s263.1">EU/ 2/ 00/ 022/ 05- 6 / EU/ 2/ 00/ 022/ 01a– b / EU/ 2/ 00/ 022/ 02a– b</s>
<s id="s264.1">17.</s>
<s id="s264.2">IZDELOVALČEVA ŠTEVILKA SERIJE IZDELAVE ZDRAVILA</s>
<s id="s265.1">18.</s>
<s id="s265.2">POGOJI ALI OMEJITVE GLEDE NAČINA/ REŽIMA IZDAJE IN UPORABE</s>
<s id="s266.1">Zdravilo se izda le na recept.</s>
<s id="s267.1">19/ 45 PODATKI NA ZUNANJI OVOJNINI</s>
<s id="s268.1">1.</s>
<s id="s268.2">IME ZDRAVILA ZA UPORABO V VETERINARSKI MEDICINI</s>
<s id="s269.1">Ibaflin 300 mg, tablete za pse</s>
<s id="s270.1">2.</s>
<s id="s270.2">NAVEDBA ZDRAVILNE UČINKOVINE</s>
<s id="s271.1">Ibafloksacin 300 mg</s>
<s id="s272.1">3.</s>
<s id="s272.2">FARMACEVTSKA OBLIKA</s>
<s id="s273.1">Tableta</s>
<s id="s274.1">4.</s>
<s id="s274.2">VELIKOST PAKIRANJA</s>
<s id="s275.1">8 tablet / 16 tablet / 80 tablet</s>
<s id="s276.1">5.</s>
<s id="s276.2">CILJNA ŽIVALSKA VRSTA</s>
<s id="s277.1">Pes</s>
<s id="s278.1">6.</s>
<s id="s278.2">INDIKACIJE</s>
<s id="s279.1">Pioderma (površinska in globoka), rane, abscesi, akutne nezapletene okužbe sečil in zgornjih dihalnih poti</s>
<s id="s280.1">7.</s>
<s id="s280.2">NAČIN UPORABE IN DAJANJA</s>
<s id="s281.1">Peroralno, 15 mg/ kg telesne mase, 1- krat na dan Pred uporabo preberite priloženo navodilo.</s>
<s id="s282.1">8.</s>
<s id="s282.2">KARENCA</s>
<s id="s283.1">Navedba smiselno ni potrebna.</s>
<s id="s284.1">20/ 45 9.</s>
<s id="s284.2">POSEBNA OPOZORILA, ČE SO POTREBNA</s>
<s id="s285.1">Zdravila ne uporabljajte v obdobju rasti ali v kombinaciji z nesteroidnimi protivnetnimi zdravili (NSAID) pri psih, ki imajo v anamnezi krče.</s>
<s id="s285.2">Ne uporabljajte ga pri psih s telesno maso pod 3 kg.</s>
<s id="s285.3">Ibaflin uporabljajte samo na podlagi izvidov testiranja občutljivosti povzročitelja.</s>
<s id="s285.4">Ne smete ga dajati psom z znano preobčutljivostjo za kinolone.</s>
<s id="s285.5">Pred uporabo preberite priloženo navodilo.</s>
<s id="s286.1">10.</s>
<s id="s286.2">DATUM IZTEKA ROKA UPORABNOSTI</s>
<s id="s287.1">(Mesec/ leto)</s>
<s id="s288.1">11.</s>
<s id="s288.2">POSEBNA NAVODILA ZA SHRANJEVANJE</s>
<s id="s289.1">Shranjujte pri temperaturi do 25 ºC.</s>
<s id="s290.1">12.</s>
<s id="s290.2">POSEBNI VARNOSTNI UKREPI ZA ODSTRANJEVANJE NEPORABLJENEGA ZDRAVILA ALI ODPADNIH SNOVI, ČE OBSTAJAJO</s>
<s id="s291.1">Vsako neporabljeno zdravilo ali odpadne snovi, ki nastanejo iz teh zdravil, je treba odstraniti v skladu z nacionalnimi zahtevami.</s>
<s id="s292.1">13.</s>
<s id="s292.2">BESEDILO ''SAMO ZA ŽIVALI''</s>
<s id="s293.1">Samo za živali</s>
<s id="s294.1">14.</s>
<s id="s294.2">BESEDILO ''ZDRAVILO SHRANJUJTE IZVEN DOSEGA IN POGLEDA OTROK''</s>
<s id="s295.1">Zdravilo shranjujte izven dosega in pogleda otrok.</s>
<s id="s296.1">15.</s>
<s id="s296.2">IME IN NASLOV IMETNIKA DOVOLJENJA ZA PROMET Z ZDRAVILOM TER IMETNIKA DOVOLJENJA ZA PROIZVODNJO ZDRAVILA, ODGOVORNEGA ZA SPROSTITEV SERIJ V EGP, ČE STA RAZLIČNA</s>
<s id="s297.1">Ime in naslov imetnika dovoljenja za promet Intervet International B. V.</s>
<s id="s297.2">Wim de Körverstraat 35 5831 AN Boxmeer Nizozemska</s>
<s id="s298.1">Ime in naslov imetnika dovoljenja za proizvodnjo, odgovornega za sproščanje serij Intervet GesmbH Siemensstrasse 107 A- 1210 Wien Avstrija</s>
<s id="s299.1">21/ 45 16.</s>
<s id="s299.2">ŠTEVILKA( E) V REGISTRU ZDRAVIL SKUPNOSTI</s>
<s id="s300.1">EU/ 2/ 00/ 022/ 07- 8 / EU/ 2/ 00/ 022/ 03a– b / EU/ 2/ 00/ 022/ 04a– b</s>
<s id="s301.1">17.</s>
<s id="s301.2">IZDELOVALČEVA ŠTEVILKA SERIJE IZDELAVE ZDRAVILA</s>
<s id="s302.1">18.</s>
<s id="s302.2">POGOJI ALI OMEJITVE GLEDE NAČINA/ REŽIMA IZDAJE IN UPORABE</s>
<s id="s303.1">Zdravilo se izda le na recept.</s>
<s id="s304.1">22/ 45 PODATKI NA ZUNANJI OVOJNINI</s>
<s id="s305.1">1.</s>
<s id="s305.2">IME ZDRAVILA ZA UPORABO V VETERINARSKI MEDICINI</s>
<s id="s306.1">Ibaflin 900 mg, tablete za pse</s>
<s id="s307.1">2.</s>
<s id="s307.2">NAVEDBA ZDRAVILNE UČINKOVINE</s>
<s id="s308.1">Ibafloksacin 900 mg</s>
<s id="s309.1">3.</s>
<s id="s309.2">FARMACEVTSKA OBLIKA</s>
<s id="s310.1">Tableta</s>
<s id="s311.1">4.</s>
<s id="s311.2">VELIKOST PAKIRANJA</s>
<s id="s312.1">5 tablet / 25 tablet / 50 tablet</s>
<s id="s313.1">5.</s>
<s id="s313.2">CILJNA ŽIVALSKA VRSTA</s>
<s id="s314.1">Pes</s>
<s id="s315.1">6.</s>
<s id="s315.2">INDIKACIJE</s>
<s id="s316.1">Pioderma (površinska in globoka), rane, abscesi, akutne nezapletene okužbe sečil in zgornjih dihalnih poti</s>
<s id="s317.1">7.</s>
<s id="s317.2">NAČIN UPORABE IN DAJANJA</s>
<s id="s318.1">Peroralno, 15 mg/ kg telesne mase, 1- krat na dan Pred uporabo preberite priloženo navodilo.</s>
<s id="s319.1">8.</s>
<s id="s319.2">KARENCA</s>
<s id="s320.1">Navedba smiselno ni potrebna.</s>
<s id="s321.1">23/ 45 9.</s>
<s id="s321.2">POSEBNA OPOZORILA</s>
<s id="s322.1">Zdravila ne uporabljajte v obdobju rasti in v kombinaciji z nesteroidnimi protivnetnimi zdravili (NSAID) pri psih, ki imajo v anamnezi krče.</s>
<s id="s322.2">Ne uporabljajte ga pri psih s telesno maso pod 3 kg.</s>
<s id="s322.3">Ibaflin uporabljajte samo na podlagi izvidov testiranja občutljivosti povzročitelja.</s>
<s id="s322.4">Ne smete ga dajati psom z znano preobčutljivostjo za kinolone.</s>
<s id="s322.5">Pred uporabo preberite priloženo navodilo.</s>
<s id="s323.1">10.</s>
<s id="s323.2">DATUM IZTEKA ROKA UPORABNOSTI</s>
<s id="s324.1">(Mesec/ leto)</s>
<s id="s325.1">11.</s>
<s id="s325.2">POSEBNA NAVODILA ZA SHRANJEVANJE</s>
<s id="s326.1">Shranjujte pri temperaturi do 25 ºC.</s>
<s id="s327.1">12.</s>
<s id="s327.2">POSEBNI VARNOSTNI UKREPI ZA ODSTRANJEVANJE NEPORABLJENEGA ZDRAVILA ALI ODPADNIH SNOVI, ČE OBSTAJAJO</s>
<s id="s328.1">Vsako neporabljeno zdravilo ali odpadne snovi, ki nastanejo iz teh zdravil, je treba odstraniti v skladu z nacionalnimi zahtevami.</s>
<s id="s329.1">13.</s>
<s id="s329.2">BESEDILO ''SAMO ZA ŽIVALI''</s>
<s id="s330.1">Samo za živali</s>
<s id="s331.1">14.</s>
<s id="s331.2">BESEDILO ''ZDRAVILO SHRANJUJTE IZVEN DOSEGA IN POGLEDA OTROL''</s>
<s id="s332.1">Zdravilo shranjujte izven dosega in pogleda otrok.</s>
<s id="s333.1">15.</s>
<s id="s333.2">IME IN NASLOV IMETNIKA DOVOLJENJA Z APROMET Z ZDRAVILOM TER IMETNIKA DOVOLJENJA ZA PROIZVODNJO ZDRAVILA, ODGOVORNEGA ZA SPROSTITEV SERIJ V EGP, ČE STA RAZLIČNA</s>
<s id="s334.1">Ime in naslov imetnika dovoljenja za promet Intervet International B. V.</s>
<s id="s334.2">Wim de Körverstraat 35 5831 AN Boxmeer Nizozemska</s>
<s id="s335.1">Ime in naslov imetnika dovoljenja za proizvodnjo, odgovornega za sproščanje serij Intervet GesmbH Siemensstrasse 107 A- 1210 Wien Avstrija</s>
<s id="s336.1">24/ 45 16.</s>
<s id="s336.2">ŠTEVILKA V REGISTRU ZDRAVIL SKUPNOSTI</s>
<s id="s337.1">EU/ 2/ 00/ 022/ 15 / EU/ 2/ 00/ 022/ 16 / EU/ 2/ 00/ 022/ 17</s>
<s id="s338.1">17.</s>
<s id="s338.2">IZDELOVALČEVA ŠTEVILKA SERIJE IZDELAVE ZDRAVILA</s>
<s id="s339.1">18.</s>
<s id="s339.2">POGOJI ALI OMEJITVE GLEDE NAČINA/ REŽIMA IZDAJE IN UPORABE</s>
<s id="s340.1">Zdravilo se izda le na recept.</s>
<s id="s341.1">25/ 45 PODATKI NA PRETISNIH OMOTIH ZA TABLETE</s>
<s id="s342.1">1.</s>
<s id="s342.2">IME ZDRAVILA ZA UPORABO V VETERINARSKI MEDICINI</s>
<s id="s343.1">Ibaflin 30 mg, tablete za pse / Ibaflin 150 mg, tablete za pse / Ibaflin 300 mg, tablete za pse / Ibaflin 900 mg, tablete za pse</s>
<s id="s344.1">Ibafloksacin</s>
<s id="s345.1">2.</s>
<s id="s345.2">IME IMETNIKA DOVOLJENJA ZA PROMET Z ZDRAVILOM</s>
<s id="s346.1">Intervet</s>
<s id="s347.1">3.</s>
<s id="s347.2">DATUM IZTEKA ROKA UPORABNOSTI</s>
<s id="s348.1">{mesec/ leto}</s>
<s id="s349.1">4.</s>
<s id="s349.2">ŠTEVILKA SERIJE</s>
<s id="s350.1">26/ 45 PODATKI NA ZUNANJI OVOJNINI</s>
<s id="s351.1">ZLOŽENKA Z 1 BRIZGO IBAFLIN 3% PERORALNEGA GELA / ZLOŽENKA S 5 BRIZGAMI IBAFLIN 3% PERORALNEGA GELA</s>
<s id="s352.1">1.</s>
<s id="s352.2">IME ZDRAVILA ZA UPORABO V VETERINARSKI MEDICINI</s>
<s id="s353.1">Ibaflin 3%, peroralni gel za pse in mačke</s>
<s id="s354.1">2.</s>
<s id="s354.2">NAVEDBA ZDRAVILNE UČINKOVINE IN DRUGIH SNOVI</s>
<s id="s355.1">Ibafloksacin</s>
<s id="s356.1">3.</s>
<s id="s356.2">FARMACEVTSKA OBLIKA</s>
<s id="s357.1">Peroralni gel</s>
<s id="s358.1">4.</s>
<s id="s358.2">VELIKOST PAKIRANJA</s>
<s id="s359.1">1 nastavljiva, napolnjena večodmerna brizga s 15 ml / Zloženka s 5 nastavljivimi, napolnjenimi, večodmernimi brizgami s 15 ml Ibaflin 3% peroralnega gela</s>
<s id="s360.1">5.</s>
<s id="s360.2">CILJNA ŽIVALSKA VRSTA</s>
<s id="s361.1">Psi in mačke</s>
<s id="s362.1">6.</s>
<s id="s362.2">INDIKACIJE</s>
<s id="s363.1">Ibaflin gel je pri psih indiciran za zdravljenje naslednjih bolezenskih stanj:</s>
<s id="s364.1">- dermalne okužbe (pioderma – površinska in globoka, rane, abscesi), ki jih povzročajo občutljivi</s>
<s id="s365.1">mikroorganizmi, kot so Staphylococcus spp., E. coli in Proteus mirabilis</s>
<s id="s366.1">Ibaflin gel je pri mačkah indiciran za zdravljenje naslednjih bolezenskih stanj:</s>
<s id="s367.1">- dermalne okužbe (okužbe mehkega tkiva – rane, abscesi), ki jih povzročajo občutljivi</s>
<s id="s368.1">mikroorganizmi, kot so Staphylococcus spp., E. coli, Proteus spp. in Pasteurella spp.</s>
<s id="s369.1">- okužbe zgornjih dihalnih poti, ki jih povzročajo občutljivi mikroorganizmi, kot so</s>
<s id="s370.1">Staphylococcus spp., E. coli, Klebsiella spp. in Pasteurella spp.</s>
<s id="s371.1">27/ 45 7.</s>
<s id="s371.2">NAČIN UPORABE IN DAJANJA</s>
<s id="s372.1">Peroralno, 15 mg/ kg telesne mase, 1- krat na dan 15 mg/ kg telesne mase = 0, 5 ml gela/ kg telesne mase Pred uporabo preberite priloženo navodilo.</s>
<s id="s373.1">8.</s>
<s id="s373.2">KARENCA</s>
<s id="s374.1">Navedba smiselno ni potrebna.</s>
<s id="s375.1">9.</s>
<s id="s375.2">POSEBNA OPOZORILA</s>
<s id="s376.1">Zdravila ne uporabljajte v obdobju rasti.</s>
<s id="s376.2">Ibaflin gel uporabljamo na podlagi izvidov testiranja občutljivosti povzročitelja.</s>
<s id="s376.3">Ne smemo ga dajati psom in mačkam z znano preobčutljivostjo za kinolone.</s>
<s id="s376.4">Pred uporabo preberite priloženo navodilo.</s>
<s id="s377.1">10.</s>
<s id="s377.2">DATUM IZTEKA ROKA UPORABNOSTI</s>
<s id="s378.1">(Mesec/ leto) Načeto zdravilo porabite v 8 tednih.</s>
<s id="s379.1">11.</s>
<s id="s379.2">POSEBNA NAVODILA ZA SHRANJEVANJE</s>
<s id="s380.1">Shranjujte pri temperaturi do 25 ºC.</s>
<s id="s381.1">12.</s>
<s id="s381.2">POSEBNI VARNOSTNI UKREPI ZA ODSTRANJEVANJE NEPORABLJENEGA ZDRAVILA ALI ODPADNIH SNOVI, ČE OBSTAJAJO</s>
<s id="s382.1">Vsako neporabljeno zdravilo ali odpadne snovi, ki nastanejo iz teh zdravil, je treba odstraniti v skladu z nacionalnimi zahtevami.</s>
<s id="s383.1">13.</s>
<s id="s383.2">BESEDILO ''SAMO ZA ŽIVALI''</s>
<s id="s384.1">Samo za živali</s>
<s id="s385.1">14.</s>
<s id="s385.2">BESEDILO ''ZDRAVILO SHRANJUJTE IZVEN DOSEGA IN POGLEDA OTROK''</s>
<s id="s386.1">Zdravilo shranjujte izven dosega in pogleda otrok.</s>
<s id="s387.1">28/ 45 15.</s>
<s id="s387.2">IME IN NASLOV IMETNIKA DOVOLJENJA ZA PROMET Z ZDRAVILOM TER IMETNIKA DOVOLJENJA ZA PROIZVODNJO ZDRAVILA, ODGOVORNEGA ZA SPROSTITEV SERIJ V EGP, ČE STA RAZLIČNA</s>
<s id="s388.1">Ime in naslov imetnika dovoljenja za promet Intervet International B. V.</s>
<s id="s388.2">Wim de Körverstraat 35 5831 AN Boxmeer Nizozemska</s>
<s id="s389.1">Ime in naslov imetnika dovoljenja za proizvodnjo, odgovornega za sproščanje serij Intervet International B. V.</s>
<s id="s389.2">Wim de Körverstraat 35 5831 AN Boxmeer Nizozemska</s>
<s id="s390.1">Intervet Productions S. A.</s>
<s id="s390.2">Rue de Lyons 27460 Igoville France</s>
<s id="s391.1">16.</s>
<s id="s391.2">ŠTEVILKA V REGISTRU ZDRAVIL SKUPNOSTI</s>
<s id="s392.1">EU/ 2/ 00/ 022/ 09 EU/ 2/ 00/ 022/ 10</s>
<s id="s393.1">17.</s>
<s id="s393.2">IZDELOVALČEVA ŠTEVILKA SERIJE IZDELAVE ZDRAVILA</s>
<s id="s394.1">18.</s>
<s id="s394.2">POGOJI ALI OMEJITVE GLEDE NAČINA/ REŽIMA IZDAJE IN UPORABE</s>
<s id="s395.1">Zdravilo se izda le na recept.</s>
<s id="s396.1">29/ 45 PODATKI, KI MORAJO BITI NAJMANJ NAVEDENI NA MANJŠIH STIČNIH OVOJNINAH</s>
<s id="s397.1">NASTAVLJIVA VEČODMERNA BRIZGA IBAFLIN 3% PERORALNEGA GELA</s>
<s id="s398.1">1.</s>
<s id="s398.2">IME ZDRAVILA ZA UPORABO V VETERINARSKI MEDICINI</s>
<s id="s399.1">Ibaflin 3%, peroralni gel za pse in mačke</s>
<s id="s400.1">2.</s>
<s id="s400.2">KOLIČINA ZDRAVILNE UČINKOVINE</s>
<s id="s401.1">30 mg ibafloksacina v 1 ml gela</s>
<s id="s402.1">3.</s>
<s id="s402.2">VSEBINA, IZRAŽENA S PROSTORNINO</s>
<s id="s403.1">15 ml</s>
<s id="s404.1">4.</s>
<s id="s404.2">NAČIN UPORABE ZDRAVILA</s>
<s id="s405.1">Peroralno, 15 mg/ kg telesne mase, 1- krat na dan (t. j.</s>
<s id="s405.2">0, 5 ml gela/ kg telesne mase) Pred uporabo preberite priloženo navodilo.</s>
<s id="s406.1">5.</s>
<s id="s406.2">ŠTEVILKA SERIJE</s>
<s id="s407.1">Serija</s>
<s id="s408.1">6.</s>
<s id="s408.2">DATUM IZTEKA ROKA UPORABNOSTI</s>
<s id="s409.1">EXP {mesec/ leto} Načeto zdravilo porabite v 8 tednih.</s>
<s id="s410.1">7.</s>
<s id="s410.2">BESEDILO ''SAMO ZA ŽIVALI''</s>
<s id="s411.1">Samo za živali</s>
<s id="s412.1">30/ 45 PODATKI NA ZUNANJI OVOJNINI</s>
<s id="s413.1">ZLOŽENKA Z 1 BRIZGO IBAFLIN 7, 5% PERORALNEGA GELA / ZLOŽENKA S 5 BRIZGAMI IBAFLIN 7, 5% PERORALNEGA GELA</s>
<s id="s414.1">1.</s>
<s id="s414.2">IME ZDRAVILA ZA UPORABO V VETERINARSKI MEDICINI</s>
<s id="s415.1">Ibaflin 7, 5%, peroralni gel za pse</s>
<s id="s416.1">2.</s>
<s id="s416.2">NAVEDBA ZDRAVILNE UČINKOVINE IN DRUGIH SNOVI</s>
<s id="s417.1">Ibafloksacin</s>
<s id="s418.1">3.</s>
<s id="s418.2">FARMACEVTSKA OBLIKA</s>
<s id="s419.1">Peroralni gel</s>
<s id="s420.1">4.</s>
<s id="s420.2">VELIKOST PAKIRANJA</s>
<s id="s421.1">Zloženka z 1 nastavljivo, napolnjeno, večodmerno brizgo s 30 ml Ibaflin 7, 5% peroralnega gela / Zloženka s 5 nastavljivimi, napolnjenimi, večodmernimi brizgami s 30 ml Ibaflin 7, 5% peroralnega gela</s>
<s id="s422.1">5.</s>
<s id="s422.2">CILJNA ŽIVALSKA VRSTA</s>
<s id="s423.1">Psi</s>
<s id="s424.1">6.</s>
<s id="s424.2">INDIKACIJE</s>
<s id="s425.1">Ibaflin gel je pri psih indiciran za zdravljenje naslednjih bolezenskih stanj:</s>
<s id="s426.1">- dermalne okužbe (pioderma – površinska in globoka, rane, abscesi), ki jih povzročajo občutljivi</s>
<s id="s427.1">mikroorganizmi, kot so Staphylococcus spp., E. coli in Proteus mirabilis</s>
<s id="s428.1">7.</s>
<s id="s428.2">NAČIN UPORABE IN DAJANJA</s>
<s id="s429.1">Peroralno, 15 mg/ kg telesne mase, 1- krat na dan 15 mg/ kg telesne mase = 1 ml gela/ kg telesne mase Pred uporabo preberite priloženo navodilo.</s>
<s id="s430.1">8.</s>
<s id="s430.2">KARENCA</s>
<s id="s431.1">Navedba smiselno ni potrebna.</s>
<s id="s432.1">31/ 45 9.</s>
<s id="s432.2">POSEBNO( A) OPOZORILO( A), ČE JE (SO) POTREBNO( A)</s>
<s id="s433.1">Ne uporabljajte pri mačkah.</s>
<s id="s433.2">Zdravila ne uporabljajte v obdobju rasti.</s>
<s id="s433.3">Ibaflin gel uporabljamo na podlagi izvidov testiranja občutljivosti povzročitelja.</s>
<s id="s433.4">Ne smemo ga dajati psom z znano preobčutljivostjo za kinolone.</s>
<s id="s433.5">Pred uporabo preberite priloženo navodilo.</s>
<s id="s434.1">10.</s>
<s id="s434.2">DATUM IZTEKA ROKA UPORABNOSTI</s>
<s id="s435.1">(Mesec/ leto) Načeto zdravilo porabite v 8 tednih.</s>
<s id="s436.1">11.</s>
<s id="s436.2">POSEBNA NAVODILA ZA SHRANJEVANJE</s>
<s id="s437.1">Shranjujte pri temperaturi do 25 ºC.</s>
<s id="s438.1">12.</s>
<s id="s438.2">POSEBNI VARNOSTNI UKREPI ZA ODSTRANJEVANJE NEPORABLJENEGA ZDRAVILA ALI ODPADNIH SNOVI, ČE OBSTAJAJO</s>
<s id="s439.1">Vsako neporabljeno zdravilo ali odpadne snovi, ki nastanejo iz teh zdravil, je treba odstraniti v skladu z nacionalnimi zahtevami.</s>
<s id="s440.1">13.</s>
<s id="s440.2">BESEDILO ''SAMO ZA ŽIVALI''</s>
<s id="s441.1">Samo za živali</s>
<s id="s442.1">14.</s>
<s id="s442.2">BESEDILO ''ZDRAVILO SHRANJUJTE IZVEN DOSEGA IN POGLEDA OTROK''</s>
<s id="s443.1">Zdravilo shranjujte izven dosega in pogleda otrok.</s>
<s id="s444.1">15.</s>
<s id="s444.2">IME IN NASLOV IMETNIKA DOVOLJENJA ZA PROMET Z ZDRAVILOM TER IMETNIKA DOVOLJENJA ZA PROIZVODNJO ZDRAVILA, ODGOVORNEGA ZA SPROSTITEV SERIJ V EGP, ČE STA RAZLIČNA</s>
<s id="s445.1">Ime in naslov imetnika dovoljenja za promet Intervet International B. V.</s>
<s id="s445.2">Wim de Körverstraat 35 5831 AN Boxmeer Nizozemska</s>
<s id="s446.1">32/ 45 Ime in naslov imetnika dovoljenja za proizvodnjo, odgovornega za sproščanje serij</s>
<s id="s447.1">Intervet International B. V.</s>
<s id="s447.2">Wim de Körverstraat 35 5831 AN Boxmeer Nizozemska</s>
<s id="s448.1">Intervet Productions S. A.</s>
<s id="s448.2">Rue de Lyons 27460 Igoville France</s>
<s id="s449.1">16.</s>
<s id="s449.2">ŠTEVILKA V REGISTRU ZDRAVIL SKUPNOSTI</s>
<s id="s450.1">EU/ 2/ 00/ 022/ 11 EU/ 2/ 00/ 022/ 12</s>
<s id="s451.1">17.</s>
<s id="s451.2">IZDELOVALČEVA ŠTEVILKA SERIJE IZDELAVE ZDRAVILA</s>
<s id="s452.1">18.</s>
<s id="s452.2">POGOJI ALI OMEJITVE GLEDE NAČINA/ REŽIMA IZDAJE IN UPORABE</s>
<s id="s453.1">Zdravilo se izda le na recept.</s>
<s id="s454.1">33/ 45 PODATKI, KI OVOJNINAH</s>
<s id="s455.1">MORAJO</s>
<s id="s456.1">BITI</s>
<s id="s457.1">NAJMANJ</s>
<s id="s458.1">NAVEDENI NA</s>
<s id="s459.1">MANJŠIH</s>
<s id="s460.1">STIČNIH</s>
<s id="s461.1">NASTAVLJIVA VEČODMERNA BRIZGA IBAFLIN 7, 5% PERORALNEGA GELA</s>
<s id="s462.1">1.</s>
<s id="s462.2">IME ZDRAVILA ZA UPORABO V VETERINARSKI MEDICINI</s>
<s id="s463.1">Ibaflin 7, 5%, peroralni gel za pse</s>
<s id="s464.1">2.</s>
<s id="s464.2">KOLIČINA ZDRAVILNE UČINKOVINE</s>
<s id="s465.1">75 mg ibafloksacina v 1 ml gela</s>
<s id="s466.1">3.</s>
<s id="s466.2">VSEBINA, IZRAŽENA S PROSTORNINO</s>
<s id="s467.1">30 ml</s>
<s id="s468.1">4.</s>
<s id="s468.2">NAČIN UPORABE ZDRAVILA</s>
<s id="s469.1">Peroralno, 15 mg/ kg telesne mase, 1- krat na dan (t. j.</s>
<s id="s469.2">1 ml gela/ 5 kg telesne mase) Pred uporabo preberite priloženo navodilo.</s>
<s id="s470.1">5.</s>
<s id="s470.2">ŠTEVILKA SERIJE</s>
<s id="s471.1">Serija</s>
<s id="s472.1">6.</s>
<s id="s472.2">DATUM IZTEKA ROKA UPORABNOSTI</s>
<s id="s473.1">EXP {mesec/ leto} Načeto zdravilo porabite v 8 tednih.</s>
<s id="s474.1">7.</s>
<s id="s474.2">BESEDILO ''SAMO ZA ŽIVALI''</s>
<s id="s475.1">Samo za živali</s>
<s id="s476.1">34/ 45 B.</s>
<s id="s476.2">NAVODILO ZA UPORABO</s>
<s id="s477.1">35/ 45 NAVODILO ZA UPORABO</s>
<s id="s478.1">1.</s>
<s id="s478.2">IME ZDRAVILA ZA UPORABO V VETERINARSKI MEDICINI</s>
<s id="s479.1">Ibaflin 30 mg, tablete za pse Ibaflin150 mg, tablete za pse Ibaflin 300 mg, tablete za pse Ibaflin 900 mg, tablete za pse</s>
<s id="s480.1">2.</s>
<s id="s480.2">NAVEDBA ZDRAVILNE UČINKOVINE IN DRUGIH SNOVI</s>
<s id="s481.1">Ibaflin 30 mg: ibafloksacin 30 mg Ibaflin 150 mg: ibafloksacin 150 mg Ibaflin 300 mg: ibafloksacin 300 mg Ibaflin 900 mg: ibafloksacin 900 mg</s>
<s id="s482.1">3.</s>
<s id="s482.2">IME IN NASLOV IMETNIKA DOVOLJENJA ZA PROMET Z ZDRAVILOM TER IMETNIKA DOVOLJENJA ZA PROIZVODNJO ZDRAVILA, ODGOVORNEGA ZA SPROSTITEV SERIJ V EGP, ČE STA RAZLIČNA</s>
<s id="s483.1">Imetnik dovoljenja za promet Intervet International B. V.</s>
<s id="s483.2">Wim de Körverstraat 35 5831 AN Boxmeer Nizozemska</s>
<s id="s484.1">Imetnik dovoljenja za proizvodnjo, odgovoren za sproščanje serij Intervet GesmbH Siemensstrasse 107 A- 1210 Wien Avstrija</s>
<s id="s485.1">4.</s>
<s id="s485.2">CILJNA ŽIVALSKA VRSTA</s>
<s id="s486.1">Pes</s>
<s id="s487.1">5.</s>
<s id="s487.2">INDIKACIJE</s>
<s id="s488.1">Ibaflin je pri psih indiciran za zdravljenje naslednjih bolezenskih stanj:</s>
<s id="s488.2">Dermalne okužbe (pioderma – površinska in globoka, rane, abscesi), ki jih povzročajo občutljivi sevi, kot so stafilokoki, E. coli in Proteus mirabilis Akutne, nezapletene okužbe sečil, ki jih povzročajo občutljivi sevi, kot so stafilokoki, Proteus spp., Enterobacter spp., E. coli in Klebsiella spp.</s>
<s id="s488.3">Okužbe dihalnih poti (zgornjih dihal), ki jih povzročajo občutljivi sevi stafilokokov, E. coli in Klebsiella spp.</s>
<s id="s489.1">36/ 45 6.</s>
<s id="s489.2">ODMERJANJE ZA VSAKO ŽIVALSKO VRSTO</s>
<s id="s490.1">Peroralno, 15 mg ibafloksacina/ kg 1- krat na dan.</s>
<s id="s490.2">Trajanje zdravljenja je odvisno od oblike in resnosti okužbe ter od odzivnosti na zdravljenje.</s>
<s id="s490.3">Večinoma zadošča 10- dnevno zdravljenje.</s>
<s id="s490.4">Če je potrebno in glede na klinično odzivanje, lahko z zdravljenjem nadaljujemo, dokler menimo, da je odzivanje nanj ustrezno.</s>
<s id="s490.5">O zdravljenju moramo ponovno presoditi, če se po 5 dneh klinično stanje ne izboljša.</s>
<s id="s490.6">Če pri globoki piodermi ni zadovoljivega izboljšanja po 21 dneh zdravljenja, je treba o njem ponovno presoditi.</s>
<s id="s490.7">Da bi zdravilo pravilno odmerili in da ne bi bil odmerek premajhen, je treba telesno maso določiti, kolikor je možno natančno.</s>
<s id="s490.8">Priporočena shema odmerjanja:</s>
<s id="s491.1">Telesna masa (kg)</s>
<s id="s492.1">Odmerek (število tablet)</s>
<s id="s493.1">Odmerek v mg</s>
<s id="s494.1">1 2 3 4 5 6- 10 11- 15 16- 20 21- 30 31- 40 41- 60</s>
<s id="s495.1">Ibaflin Ibaflin 30 mg 150 mg 0, 5 1 1, 5 2 0, 5 1 1, 5</s>
<s id="s496.1">Ibaflin 300 mg 1 2</s>
<s id="s497.1">Ibaflin 900 mg 0, 5 1</s>
<s id="s498.1">15 30 45 60 75 150 225 300 450 600 900</s>
<s id="s499.1">7.</s>
<s id="s499.2">NAČIN UPORABE IN DAJANJA ZDRAVILA</s>
<s id="s500.1">Peroralno</s>
<s id="s501.1">8.</s>
<s id="s501.2">NASVET O PRAVILNI UPORABI ZDRAVILA</s>
<s id="s502.1">Ibaflin lahko dajemo ob kateremkoli času dneva, ne da bi se spremenila njegova učinkovitost.</s>
<s id="s502.2">Vendar pa je tableto najbolje dajati v času hranjenja, da bi zagotovili največjo biološko uporabnost.</s>
<s id="s503.1">9.</s>
<s id="s503.2">KONTRAINDIKACIJE</s>
<s id="s504.1">Zdravila ne uporabljajte pri psih v obdobju rasti, ker ima lahko škodljiv učinek na sklepni hrustanec.</s>
<s id="s504.2">Trajanje obdobja rasti je različno glede na pasmo.</s>
<s id="s504.3">Pri večini pasem je uporaba ibafloksacina kontraindicirana za pse, mlajše od 8 mesecev in pri zelo velikih pasmah za pse, mlajše od 18 mesecev.</s>
<s id="s504.4">Zdravila ne uporabljajte v kombinaciji z nesteroidnimi protivnetnimi zdravili (NSAID) pri psih, ki imajo v anamnezi krče.</s>
<s id="s505.1">10.</s>
<s id="s505.2">NEŽELENI UČINKI</s>
<s id="s506.1">Driska, mehko blato, bruhanje, otopelost in anoreksija se pojavljajo redko.</s>
<s id="s506.2">Ti učinki so bili blagi in prehodni.</s>
<s id="s506.3">Če opazite kakršne koli druge stranske učinke, obvestite svojega veterinarja.</s>
<s id="s507.1">37/ 45 11.</s>
<s id="s507.2">KARENCA</s>
<s id="s508.1">12.</s>
<s id="s508.2">POSEBNA NAVODILA ZA SHRANJEVANJE</s>
<s id="s509.1">Shranjujte pri temperaturi do 25 ºC.</s>
<s id="s509.2">Zdravilo shranjujte izven dosega in pogleda otrok.</s>
<s id="s510.1">13.</s>
<s id="s510.2">POSEBNA OPOZORILA</s>
<s id="s511.1">Osebe z znano preobčutljivostjo za kinolone se morajo izogibati stiku z izdelkom.</s>
<s id="s511.2">Učinek na plodnost pri plemenskih samcih ni raziskan.</s>
<s id="s511.3">Preveliko zanašanje na eno skupino antibiotikov lahko privede do odpornosti določene populacije bakterij.</s>
<s id="s511.4">Preudarno je prihraniti uporabo fluorokinolonov za zdravljenje kliničnih stanj, ki se slabo odzivajo ali za katera pričakujemo, da se bodo slabo odzivala na druge skupine antibiotikov.</s>
<s id="s511.5">Ibaflin smemo uporabljati samo na osnovi testiranja občutljivosti povzročitelja.</s>
<s id="s511.6">Ne smemo ga uporabljati pri psih z znano preobčutljivostjo za kinolone.</s>
<s id="s511.7">Pioderma se večinoma pojavlja kot sekundarno obolenje ob osnovni bolezni.</s>
<s id="s511.8">Priporočljivo je poiskati osnovni vzrok in žival ustrezno zdraviti.</s>
<s id="s511.9">Antacidi lahko vplivajo na absorpcijo kinolonov iz prebavil.</s>
<s id="s511.10">Do antagonizma lahko pride z nitrofurantoinom.</s>
<s id="s511.11">Varnost zdravila ni raziskana med laktacijo.</s>
<s id="s511.12">Ibaflin lahko dajemo med brejostjo.</s>
<s id="s512.1">14.</s>
<s id="s512.2">POSEBNI VARNOSTNI UKREPI ZA ODSTRANJEVANJE NEPORABLJENEGA ZDRAVILA ALI ODPADNIH SNOVI, ČE OBSTAJAJO</s>
<s id="s513.1">Vsako neporabljeno zdravilo ali odpadne snovi, ki nastanejo iz teh zdravil, je treba odstraniti v skladu z nacionalnimi zahtevami.</s>
<s id="s514.1">15.</s>
<s id="s514.2">DATUM ZADNJE REVIZIJE NAVODIL ZA UPORABO</s>
<s id="s515.1">02. 12. 2004</s>
<s id="s516.1">16.</s>
<s id="s516.2">DRUGE INFORMACIJE</s>
<s id="s517.1">Samo za živali</s>
<s id="s518.1">V primeru nenamernega zaužitja zdravila, zlasti pri otroku, se je treba posvetovati z zdravnikom.</s>
<s id="s518.2">Ibafloksacin je širokospektralen, baktericidni antibiotik iz skupine kinolonov.</s>
<s id="s518.3">Njegovo delovanje temelji na zaviranju bakterijske DNA- giraze.</s>
<s id="s518.4">Ibafloksacin se po peroralnem dajanju pri psih hitro absorbira in doseže največje ravni mikrobiološko aktivnih spojin v plazmi 1 do 2 uri po dajanju.</s>
<s id="s518.5">Končna razpolovna doba izločanja iz plazme je približno 4 do 5 ur.</s>
<s id="s518.6">Izloča se pretežno z urinom in blatom.</s>
<s id="s518.7">Po večkratnem peroralnem dajanju doseže stabilno stanje po prvem ali drugem odmerku in se ne akumulira in ne inducira encimov biotransformacije.</s>
<s id="s518.8">Študije varnosti za ciljno živalsko vrsto, izvedene pri psih, pasme beagle, starih 8 mesecev, so pokazale, da ibafloksacin po peroralnem dajanju v odmerkih po 45 mg/ kg telesne mase na dan (trikratni priporočeni odmerek) v obdobju 90 dni nima zaznavnih neželenih učinkov.</s>
<s id="s519.1">38/ 45 NAVODILO ZA UPORABO</s>
<s id="s520.1">1.</s>
<s id="s520.2">IME ZDRAVILA ZA UPORABO V VETERINARSKI MEDICINI</s>
<s id="s521.1">Ibaflin 3%, peroralni gel</s>
<s id="s522.1">2.</s>
<s id="s522.2">NAVEDBA ZDRAVILNE UČINKOVINE IN DRUGIH SNOVI</s>
<s id="s523.1">Ibaflin 3%, peroralni gel:</s>
<s id="s523.2">30 mg ibafloksacina v 1 g gela (ustreza 30, 9 mg/ ml)</s>
<s id="s524.1">Pomožne snovi</s>
<s id="s525.1">Metilparahidroksibenzoat (0, 125%)</s>
<s id="s526.1">3.</s>
<s id="s526.2">IME IN NASLOV IMETNIKA DOVOLJENJA ZA PROMET Z ZDRAVILOM TER IMETNIKA DOVOLJENJA ZA PROIZVODNJO ZDRAVILA, ODGOVORNEGA ZA SPROSTITEV SERIJ V EGP, ČE STA RAZLIČNA</s>
<s id="s527.1">Ime in naslov imetnika dovoljenja za promet Intervet International B. V.</s>
<s id="s527.2">Wim de Körverstraat 35 5831 AN Boxmeer Nizozemska</s>
<s id="s528.1">Ime in naslov imetnika dovoljenja za proizvodnjo, odgovornega za sproščanje serij Intervet International B. V.</s>
<s id="s528.2">Wim de Körverstraat 35 5831 AN Boxmeer Nizozemska</s>
<s id="s529.1">Intervet Productions S. A.</s>
<s id="s529.2">Rue de Lyons 27460 Igoville France</s>
<s id="s530.1">4.</s>
<s id="s530.2">CILJNA ŽIVALSKA VRSTA</s>
<s id="s531.1">Psi in mačke</s>
<s id="s532.1">5.</s>
<s id="s532.2">INDIKACIJE</s>
<s id="s533.1">Ibaflin gel je pri psih indiciran za zdravljenje naslednjih bolezenskih stanj:</s>
<s id="s534.1">- dermalne okužb (pioderma – površinska in globoka, rane, abscesi), ki jih povzročajo občutljivi</s>
<s id="s535.1">mikroorganizmi, kot so Staphylococcus spp., E. coli in Proteus mirabilis</s>
<s id="s536.1">39/ 45 Ibaflin gel je pri mačkah indiciran za zdravljenje naslednjih bolezenskih stanj:</s>
<s id="s537.1">- dermalne okužbe (okužbe mehkega tkiva – rane, abscesi), ki jih povzročajo občutljivi</s>
<s id="s538.1">mikroorganizmi, kot so Staphylococcus spp., E. coli, Proteus spp. in Pasteurella spp.</s>
<s id="s539.1">- okužbe zgornjih dihalnih poti, ki jih povzročajo občutljivi mikroorganizmi, kot so</s>
<s id="s540.1">Staphylococcus spp., E. coli, Klebsiella spp. in Pasteurella spp.</s>
<s id="s541.1">6.</s>
<s id="s541.2">ODMERJANJE ZA VSAKO ŽIVALSKO VRSTO</s>
<s id="s542.1">Peroralno, 15 mg ibafloksacina/ kg, 1- krat na dan</s>
<s id="s543.1">15 mg / kg telesne mase = 0, 5 ml gela/ kg telesne mase</s>
<s id="s544.1">Brizgo je treba nastaviti na izračunani odmerek s pomikom objemke na ustrezno mesto na batu (brizga s 15 ml – stopnje po 0, 5 ml).</s>
<s id="s545.1">Trajanje zdravljenja je odvisno od oblike in resnosti okužbe ter od odzivnosti na zdravljenje.</s>
<s id="s545.2">Večinoma zadošča 10- dnevno zdravljenje.</s>
<s id="s545.3">Če je potrebno in glede na klinično odzivanje, lahko z zdravljenjem nadaljujemo, dokler menimo, da je odzivanje nanj ustrezno.</s>
<s id="s545.4">O zdravljenju moramo ponovno presoditi, če se po 5 dneh klinično stanje ne izboljša.</s>
<s id="s545.5">Če pri globoki piodermi ni zadovoljivega izboljšanja po 21 dneh zdravljenja, je treba o njem ponovno presoditi.</s>
<s id="s546.1">7.</s>
<s id="s546.2">NAČIN UPORABE IN DAJANJA ZDRAVILA</s>
<s id="s547.1">Peroralno Gel je priporočljivo dajati ob času hranjenja.</s>
<s id="s548.1">Da ne bi prišlo do navzkrižne okužbe, iste brizge ne smemo uporabljati za različne živali.</s>
<s id="s548.2">Načeto brizgo smemo uporabiti samo za nadaljevanje zdravljenja iste živali.</s>
<s id="s549.1">8.</s>
<s id="s549.2">NASVET O PRAVILNI UPORABI ZDRAVILA</s>
<s id="s550.1">Pioderma se večinoma pojavlja kot sekundarno obolenje ob osnovni bolezni.</s>
<s id="s550.2">Priporočljivo je poiskati osnovni vzrok in žival ustrezno zdraviti.</s>
<s id="s551.1">Kinolonov ne smemo uporabljati v kombinaciji z nesteroidnimi protivnetnimi zdravili (NSAID) pri psih, ki imajo v anamnezi konvulzije.</s>
<s id="s551.2">Antacidi lahko vplivajo na absorpcijo kinolonov iz prebavil.</s>
<s id="s551.3">Do antagonizma lahko pride z nitrofurantoinom.</s>
<s id="s552.1">Ibaflin gel lahko dajemo brejim psicam.</s>
<s id="s552.2">Varnost zdravila ni raziskana pri psicah v obdobju laktacije in pri brejih mačkah in mačkah v obdobju laktacije.</s>
<s id="s552.3">Učinek na plodnost pri plemenskih samcih ni raziskan.</s>
<s id="s553.1">9.</s>
<s id="s553.2">KONTRAINDIKACIJE</s>
<s id="s554.1">Zdravila ne uporabljajte pri mačkah do 8 mesecev starosti, ker ni na voljo podatkov o učinku ibafloksacina na razvoj sklepnega hrustanca v obdobju hitre rasti; možne so okvare sklepnega hrustanca.</s>
<s id="s554.2">Pri psih je obdobje rasti pri različnih pasmah različno.</s>
<s id="s554.3">Pri večini pasem je uporaba ibafloksacina kontraindicirana za pse, mlajše od 8 mesecev, pri zelo velikih pasmah pa za pse, mlajše od 18 mesecev.</s>
<s id="s555.1">40/ 45 10.</s>
<s id="s555.2">NEŽELENI UČINKI</s>
<s id="s556.1">Driska, mehko blato, bruhanje, otopelost in anoreksija so redki.</s>
<s id="s556.2">Ti učinki so bili blagi in prehodni.</s>
<s id="s557.1">Če opazite kakršnekoli druge stranske učinke, obvestite svojega veterinarja.</s>
<s id="s558.1">11.</s>
<s id="s558.2">KARENCA</s>
<s id="s559.1">Navedba smiselno ni potrebna.</s>
<s id="s560.1">12.</s>
<s id="s560.2">POSEBNA NAVODILA ZA SHRANJEVANJE</s>
<s id="s561.1">Zdravilo shranjujte izven dosega in pogleda otrok.</s>
<s id="s561.2">Shranjujte pri temperaturi do 25 ºC.</s>
<s id="s561.3">Zdravila ne smete uporabljati po datumu izteka roka uporabnosti, navedenega na nalepki.</s>
<s id="s561.4">Brizge z neporabljenim gelom je treba po končanem zdravljenju zavreči.</s>
<s id="s562.1">13.</s>
<s id="s562.2">POSEBNA OPOZORILA</s>
<s id="s563.1">Preveliko zanašanje na eno skupino antibiotikov lahko privede do odpornosti populacije bakterij.</s>
<s id="s563.2">Preudarno je prihraniti uporabo fluorokinolonov za zdravljenje kliničnih stanj, ki se slabo odzivajo ali za katera pričakujemo, da so bodo slabo odzivala na druge skupine antibiotikov.</s>
<s id="s563.3">Ibaflin uporabljamo na podlagi testiranja občutljivosti povzročitelja.</s>
<s id="s564.1">Osebe z znano preobčutljivostjo za kinolone naj se izogibajo stika z zdravilom.</s>
<s id="s565.1">14.</s>
<s id="s565.2">POSEBNI VARNOSTNI UKREPI ZA ODSTRANJEVANJE NEPORABLJENEGA ZDRAVILA ALI ODPADNIH SNOVI, ČE OBSTAJAJO</s>
<s id="s566.1">Vsako neporabljeno zdravilo ali odpadne snovi, ki nastanejo iz teh zdravil, je treba odstraniti v skladu z nacionalnimi zahtevami.</s>
<s id="s567.1">15.</s>
<s id="s567.2">DATUM ZADNJE REVIZIJE NAVODIL ZA UPORABO</s>
<s id="s568.1">04. 02. 2005</s>
<s id="s569.1">41/ 45 16.</s>
<s id="s569.2">DRUGE INFORMACIJE</s>
<s id="s570.1">Samo za živali.</s>
<s id="s571.1">Ibafloksacin je sintetična protimikrobna učinkovina iz skupine fluorokinolonov.</s>
<s id="s571.2">Ibafloksacin je širokospektralen, baktericidni antibiotik.</s>
<s id="s571.3">Njegovo delovanje temelji na zaviranju bakterijske DNA - giraze.</s>
<s id="s571.4">Presnovek, ki nastaja v največji količini, je 8- hidroksi- ibafloksacin, ki je tudi mikrobiološko aktiven.</s>
<s id="s571.5">Ibafloksacin in 8- hidroksi- ibafloksacin delujeta sinergistično.</s>
<s id="s571.6">MIK ibafloksacina (matične spojine) so v razponu 0, 032 do 0, 5 µg/ ml za E. coli, Staphylococcus spp. in Proteus mirabilis v vzorcih, izoliranih pri psih.</s>
<s id="s571.7">Pri mačkah so občutljivi mikroorganizmi E. coli, Staphylococcus spp., Pasteurella spp., Proteus spp. in Klebsiella spp.</s>
<s id="s571.8">(MIK ≤ 0, 5 µg/ ml ibafloksacina).</s>
<s id="s572.1">Ibafloksacin se po peroralnem dajanju pri mačkah hitro absorbira in doseže največjo raven v plazmi v 1 uri, kadar ga dajemo brez hrane, in v 2 urah, kadar ga dajemo s hrano.</s>
<s id="s572.2">Pri psih doseže največjo raven v plazmi v 2 urah pri dajanju s hrano ali brez nje.</s>
<s id="s572.3">Končna razpolovna doba izločanja iz plazme je približno 3 do 5 ur.</s>
<s id="s572.4">Skupna absorpcija je bila pri psih in mačkah večja, kadar so jim zdravilo dajali s hrano.</s>
<s id="s572.5">Gel dajemo zato ob času hranjenja, da bi zagotovili optimalno biološko uporabnost.</s>
<s id="s572.6">Zdravilo se pretežno izloča z urinom in blatom.</s>
<s id="s572.7">Po večkratnem peroralnem dajanju doseže stabilno stanje po prvem odmerku in se pri psih ne kopiči, pri mačkah pa so zasledili zmerno kopičenje.</s>
<s id="s573.1">Peroralno dajanje odmerkov ibafloksacina po 75 mg/ kg na dan (petkratni priporočeni odmerek) v obdobju 90 dni, so psi dobro prenašali.</s>
<s id="s573.2">Pri zdravih mačkah je 30- dnevno dajanje Ibaflin peroralnega gela v odmerkih po 15 do 75 mg/ kg povzročilo bruhanje oz. regurgitacijo in slinjenje.</s>
<s id="s574.1">42/ 45 NAVODILO ZA UPORABO</s>
<s id="s575.1">1.</s>
<s id="s575.2">IME ZDRAVILA Z AUPORABO V VETERINARSKI MEDICINI</s>
<s id="s576.1">Ibaflin 7, 5%, peroralni gel</s>
<s id="s577.1">2.</s>
<s id="s577.2">NAVEDBA ZDRAVILNE UČINKOVINE IN DRUGIH SNOVI</s>
<s id="s578.1">Ibaflin 7, 5%, peroralni gel:</s>
<s id="s578.2">75 mg ibafloksacina v 1 g gela (ustreza 78, 8 mg/ ml)</s>
<s id="s579.1">Pomožne snovi</s>
<s id="s580.1">Metilparahidroksibenzoat (0, 125%)</s>
<s id="s581.1">3.</s>
<s id="s581.2">IME IN NASLOV IMETNIKA DOVOLJENJA Z APROMET Z ZDRAVILOM TER IMETNIKA DOVOLJENJA ZA PROIZVODNJO ZDRAVILA, ODGOVORNEGA ZA SPROSTITEV SERIJ V EGP, ČE STA RAZLIČNA</s>
<s id="s582.1">Ime in naslov imetnika dovoljenja za promet Intervet International B. V.</s>
<s id="s582.2">Wim de Körverstraat 35 5831 AN Boxmeer Nizozemska</s>
<s id="s583.1">Ime in naslov imetnika dovoljenja za proizvodnjo, odgovornega za sproščanje serij Intervet International B. V.</s>
<s id="s583.2">Wim de Körverstraat 35 5831 AN Boxmeer Nizozemska</s>
<s id="s584.1">Intervet Productions S. A.</s>
<s id="s584.2">Rue de Lyons 27460 Igoville France</s>
<s id="s585.1">4.</s>
<s id="s585.2">CILJNA ŽIVALSKA VRSTA</s>
<s id="s586.1">Psi</s>
<s id="s587.1">5.</s>
<s id="s587.2">INDIKACIJE</s>
<s id="s588.1">Ibaflin gel je pri psih indiciran za zdravljenje naslednjih bolezenskih stanj:</s>
<s id="s589.1">- dermalne okužbe (pioderma – površinska in globoka, rane, abscesi), ki jih povzročajo občutljivi</s>
<s id="s590.1">mikroorganizmi, kot so Staphylococcus spp., E. coli in Proteus mirabilis</s>
<s id="s591.1">43/ 45 6.</s>
<s id="s591.2">ODMERJANJE ZA VSAKO ŽIVALSKO VRSTO</s>
<s id="s592.1">Peroralno, 15 mg ibafloksacina/ kg, 1- krat na dan</s>
<s id="s593.1">15 mg/ kg telesne mase = 1 ml gela/ 5 kg telesne mase</s>
<s id="s594.1">Brizgo je treba nastaviti na izračunani odmerek s pomikom objemke na ustrezno mesto na batu (brizga s 30 ml – stopnje po 1, 0 ml).</s>
<s id="s595.1">Trajanje zdravljenja je odvisno od oblike in resnosti okužbe ter od odzivnosti na zdravljenje.</s>
<s id="s595.2">Večinoma zadošča 10- dnevno zdravljenje.</s>
<s id="s595.3">Če je potrebno in glede na klinično odzivanje, lahko z zdravljenjem nadaljujemo, dokler menimo, da je odzivanje nanj ustrezno.</s>
<s id="s595.4">O zdravljenju moramo ponovno presoditi, če se po 5 dneh klinično stanje ne izboljša.</s>
<s id="s595.5">Če pri globoki piodermi ni zadovoljivega izboljšanja po 21 dneh zdravljenja, je treba o njem ponovno presoditi.</s>
<s id="s596.1">7.</s>
<s id="s596.2">NAČIN UOPRABE IN DAJANJA ZDRAVILA</s>
<s id="s597.1">Peroralno Gel je priporočljivo dajati ob času hranjenja.</s>
<s id="s598.1">Da ne bi prišlo do navzkrižne okužbe, iste brizge ne smemo uporabljati za različne živali.</s>
<s id="s598.2">Načeto brizgo smemo uporabiti samo za nadaljevanje zdravljenja iste živali.</s>
<s id="s599.1">8.</s>
<s id="s599.2">NASVET O PRAVILNI UPORABI ZDRAVILA</s>
<s id="s600.1">Pioderma se večinoma pojavlja kot sekundarno obolenje ob osnovni bolezni.</s>
<s id="s600.2">Priporočljivo je poiskati osnovni vzrok in žival ustrezno zdraviti.</s>
<s id="s601.1">Kinolonov ne smemo uporabljati v kombinaciji z nesteroidnimi protivnetnimi zdravili (NSAID) pri psih, ki imajo v anamnezi konvulzije.</s>
<s id="s601.2">Antacidi lahko vplivajo na absorpcijo kinolonov iz prebavil.</s>
<s id="s601.3">Do antagonizma lahko pride z nitrofurantoinom.</s>
<s id="s602.1">Ibaflin gel lahko dajemo brejim psicam.</s>
<s id="s602.2">Varnost zdravila ni raziskana pri psicah v obdobju laktacije.</s>
<s id="s602.3">Učinek na plodnost pri plemenskih samcih ni raziskan.</s>
<s id="s603.1">9.</s>
<s id="s603.2">KONTRAINDIKACIJE</s>
<s id="s604.1">Ibaflin 7, 5% peroralnega gela ne smemo uporabljati pri mačkah.</s>
<s id="s605.1">Zdravila ne uporabljajte pri psih v dobi rasti, ker lahko okvari sklepni hrustanec.</s>
<s id="s605.2">Pri psih je obdobje rasti pri različnih pasmah različno.</s>
<s id="s605.3">Pri večini pasem je uporaba ibafloksacina kontraindicirana za pse, mlajše od 8 mesecev, pri zelo velikih pasmah pa za pse, mlajše od 18 mesecev.</s>
<s id="s606.1">10.</s>
<s id="s606.2">NEŽELENI UČINKI</s>
<s id="s607.1">Driska, mehko blato, bruhanje, otopelost in anoreksija so redki.</s>
<s id="s607.2">Ti učinki so bili blagi in prehodni.</s>
<s id="s608.1">Če opazite kakršnekoli druge stranske učinke, obvestite svojega veterinarja.</s>
<s id="s609.1">44/ 45 11.</s>
<s id="s609.2">KARENCA</s>
<s id="s610.1">Navedba smiselno ni potrebna.</s>
<s id="s611.1">12.</s>
<s id="s611.2">POSEBNA NAVODILA ZA SHRANJEVANJE</s>
<s id="s612.1">Zdravilo shranjujte izven dosega in pogleda otrok.</s>
<s id="s612.2">Shranjujte pri temperaturi do 25 ºC.</s>
<s id="s612.3">Zdravila me smete uporabljati po datumu izteka roka uporabnosti, navedenega na nalepki.</s>
<s id="s612.4">Brizge z neporabljenim gelom je treba po končanem zdravljenju zavreči.</s>
<s id="s613.1">13.</s>
<s id="s613.2">POSEBNO( A) OPOZORILO( A)</s>
<s id="s614.1">Preveliko zanašanje na eno skupino antibiotikov lahko privede do odpornosti populacije bakterij.</s>
<s id="s614.2">Preudarno je prihraniti uporabo fluorokinolonov za zdravljenje kliničnih stanj, ki se slabo odzivajo ali za katera pričakujemo, da so bodo slabo odzivala na druge skupine antibiotikov.</s>
<s id="s614.3">Ibaflin uporabljamo na podlagi testiranja občutljivosti povzročitelja.</s>
<s id="s615.1">Osebe z znano preobčutljivostjo za kinolone naj se izogibajo stika z zdravilom.</s>
<s id="s616.1">14.</s>
<s id="s616.2">POSEBNI VARNOSTNI UKREPI ZA ODSTRANJEVANJE NEPORABLJENEGA ZDRAVILA ALI ODPADNIH SNOVI, ČE OBSTAJAJO</s>
<s id="s617.1">Vsako neporabljeno zdravilo ali odpadne snovi, ki nastanejo iz teh zdravil, je treba odstraniti v skladu z nacionalnimi zahtevami.</s>
<s id="s618.1">15.</s>
<s id="s618.2">DATUM ZADNJE REVIZIJE NAVODIL ZA UPORABO</s>
<s id="s619.1">04. 02. 2005</s>
<s id="s620.1">16.</s>
<s id="s620.2">DRUGE INFORMACIJE</s>
<s id="s621.1">Samo za živali</s>
<s id="s622.1">Ibafloksacin je sintetična protimikrobna učinkovina iz skupine fluorokinolonov.</s>
<s id="s622.2">Ibafloksacin je širokospektralen, baktericidni antibiotik.</s>
<s id="s622.3">Njegovo delovanje temelji na zaviranju bakterijske DNA - giraze.</s>
<s id="s622.4">Presnovek, ki nastaja v največji količini, je 8- hidroksi- ibafloksacin, ki je tudi mikrobiološko aktiven.</s>
<s id="s622.5">Ibafloksacin in 8- hidroksi- ibafloksacin delujeta sinergistično.</s>
<s id="s622.6">MIK ibafloksacina (matične spojine) so v razponu 0, 032 do 0, 5 µg/ ml za E. coli, Staphylococcus spp. in Proteus mirabilis v vzorcih, izoliranih pri psih.</s>
<s id="s622.7">Pri psih doseže največjo raven v plazmi v 2 urah pri dajanju s hrano ali brez nje.</s>
<s id="s622.8">Končna razpolovna doba izločanja iz plazme je približno 3 do 5 ur.</s>
<s id="s622.9">Skupna absorpcija je bila večja, kadar so zdravilo dajali s hrano.</s>
<s id="s622.10">Gel dajemo zato ob času hranjenja, da bi zagotovili optimalno biološko uporabnost.</s>
<s id="s622.11">Zdravilo se pretežno izloča z urinom in blatom.</s>
<s id="s622.12">Po večkratnem peroralnem dajanju doseže stabilno stanje po prvem odmerku in se pri psih ne kopiči.</s>
<s id="s623.1">Peroralno dajanje odmerkov ibafloksacina po 75 mg/ kg na dan (petkratni priporočeni odmerek) v obdobju 90 dni, so psi dobro prenašali.</s>
<s id="s624.1">45/ 45</s>
</body>
</letsmt>
