<?xml version="1.0" encoding="utf-8"?>
<letsmt version="1.0">
<head></head>
<body>
<s id="s1.1">The European Agency for the Evaluation of Medicinal Products Post-authorisation Evaluation of Medicines for Human Use</s>
<s id="s2.1">26 June 2003 CPMP/ 3478/ 03</s>
<s id="s3.1">COMMITTEE FOR PROPRIETARY MEDICINAL PRODUCTS (CPMP) OPINION FOLLOWING AN ARTICLE 7(5) REFERAL</s>
<s id="s4.1">NORDITROPIN International non-proprietary name (INN):</s>
<s id="s4.2">Somatropin</s>
<s id="s5.1">BACKGROUND INFORMATION*</s>
<s id="s6.1">Norditropin, which contains the active ingredient somatropin, is a potent metabolic hormone of importance for the metabolism of lipids, carbohydrates and proteins.</s>
<s id="s6.2">In children with inadequate endogenous growth hormone, somatropin stimulates linear growth and increases growth rate.</s>
<s id="s6.3">In adults, as well as in children, somatropin maintains a normal body composition by increasing nitrogen retention and stimulation of skeletal muscle growth and by mobilisation of body fat.</s>
<s id="s6.4">The first national Marketing Authorisation was granted in Denmark on 28 April 1988 and subsequently in all Member States.</s>
<s id="s6.5">On 2 May 2002, Sweden made a referral to the EMEA under article 7(5) of Commission Regulation 541/ 95.</s>
<s id="s6.6">Sweden considered that the optimal duration of treatment had not been established in the extended indication to include children born small for gestational age (SGA) as applied by the Marketing Authorisation Holders in the variations submitted within the Mutual Recognition Procedure (MRP) and that the limits for catch-up growth to base the initiation of treatment had not been justified, together with safety concerns regarding the increased risk at high doses for development of diabetes mellitus later in life.</s>
<s id="s6.7">The referral procedure started on 30 May 2002.</s>
<s id="s6.8">The Rapporteur and Co-Rapporteur appointed were Dr.</s>
<s id="s6.9">F.</s>
<s id="s6.10">Lekkerkerker and Dr.</s>
<s id="s6.11">P.</s>
<s id="s6.12">Rossi, respectively.</s>
<s id="s6.13">Written explanations were provided by the Marketing Authorisation Holders on 12 July 2002, 6 December 2002 and 25 February 2003.</s>
<s id="s6.14">Based on evaluation of the currently available data and the Rapporteurs’ assessment reports, the CPMP considered that the benefit/ risk profile of Norditropin in the indication “ growth disturbance (current height SDS &lt; -2.5 and parental adjusted height SDS &lt; -1) in short children born small for gestational age (SGA), with a birth weight and/ or length below – 2 SD, who failed to show catch-up growth (HV SDS &lt; 0 during the last year) by 4 years of age or later” was favourable and therefore adopted an opinion on 19 March 2003 recommending the variation to the Marketing Authorisations in accordance with the ammended Summary of Product Characteristics.</s>
<s id="s6.15">The competent authorites of the Member States will continue to keep the product under regular review.</s>
<s id="s6.16">A list of product names concerned is given in Annex I.</s>
<s id="s6.17">The scientific conclusions are provided in Annex II, together with the amended Summary of Product Characteristics in Annex III.</s>
<s id="s6.18">The final opinion was converted into a Decision by the European Commission on 26 June 2003. * Note:</s>
<s id="s6.19">The information given in this document and Annexes reflect only the CPMP opinion dated 19 March 2003.</s>
<s id="s6.20">The Member States competent authorities will continue to keep the product under regular review.</s>
<s id="s7.1">7 Westferry Circus, Canary Wharf, London, E14 4HB, UK Tel.</s>
<s id="s7.2">(44-20) 74 18 84 00 Fax (44-20) 74 18 86 68 E-mail: mail@emea. eu. int http: / /www. emea. eu. int EMEA 2003 Reproduction and/ or distribution of this document is authorised for non commercial purposes only provided the EMEA is acknowledged ANNEX I</s>
<s id="s8.1">LIST OF THE NAMES, PHARMACEUTICAL FORMS, STRENGTHS OF THE MEDICINAL PRODUCTS, ROUTE OF ADMINISTRATION, MARKETING AUTHORISATION HOLDERS, PACKAGING AND PACKAGE SIZES IN THE MEMBER STATES</s>
<s id="s9.1">CPMP/ 3478/ 03</s>
<s id="s10.1">1/ 22</s>
<s id="s11.1">©EMEA 2003</s>
<s id="s12.1">Member State</s>
<s id="s13.1">Marketing Authorisation</s>
<s id="s14.1">Invented Name</s>
<s id="s15.1">Strength</s>
<s id="s16.1">Pharmaceutical</s>
<s id="s17.1">Route of</s>
<s id="s18.1">Packaging</s>
<s id="s19.1">Package Size</s>
<s id="s20.1">Holder</s>
<s id="s21.1">Form</s>
<s id="s22.1">Administration</s>
<s id="s23.1">Austria</s>
<s id="s24.1">Novo Nordisk Pharma Gesellschaft mbH Erdbergstr.</s>
<s id="s24.2">52-60/ 3/ 16 A-1030 Wien Austria</s>
<s id="s25.1">Norditropin SimpleXx</s>
<s id="s26.1">5 mg/ 1,5 ml</s>
<s id="s27.1">Solution for injection</s>
<s id="s28.1">Subcutaneous</s>
<s id="s29.1">Cartridge</s>
<s id="s30.1">1, 3 and 5</s>
<s id="s31.1">Austria</s>
<s id="s32.1">Novo Nordisk Pharma Gesellschaft mbH Erdbergstr.</s>
<s id="s32.2">52-60/ 3/ 16 A-1030 Wien Austria</s>
<s id="s33.1">Norditropin SimpleXx</s>
<s id="s34.1">10 mg/ 1,5 ml</s>
<s id="s35.1">Solution for injection</s>
<s id="s36.1">Subcutaneous</s>
<s id="s37.1">Cartridge</s>
<s id="s38.1">1, 3 and 5</s>
<s id="s39.1">Austria</s>
<s id="s40.1">Novo Nordisk Pharma Gesellschaft mbH Erdbergstr.</s>
<s id="s40.2">52-60/ 3/ 16 A-1030 Wien Austria</s>
<s id="s41.1">Norditropin SimpleXx</s>
<s id="s42.1">15 mg/ 1,5 ml</s>
<s id="s43.1">Solution for injection</s>
<s id="s44.1">Subcutaneous</s>
<s id="s45.1">Cartridge</s>
<s id="s46.1">1, 3 and 5</s>
<s id="s47.1">Belgium</s>
<s id="s48.1">Novo Nordisk Pharma SA Bd International 55 1070 Brussels Belgium</s>
<s id="s49.1">Norditropin SimpleXx</s>
<s id="s50.1">5 mg/ 1.5 ml</s>
<s id="s51.1">Solution for injection</s>
<s id="s52.1">Subcutaneous</s>
<s id="s53.1">Cartridge</s>
<s id="s54.1">1, 3 and 5</s>
<s id="s55.1">Belgium</s>
<s id="s56.1">Novo Nordisk Pharma SA Bd International 55 1070 Brussels Belgium</s>
<s id="s57.1">Norditropin SimpleXx</s>
<s id="s58.1">10 mg/ 1.5</s>
<s id="s59.1">Solution for injection</s>
<s id="s60.1">Subcutaneous</s>
<s id="s61.1">Cartridge</s>
<s id="s62.1">1, 3 and 5</s>
<s id="s63.1">Belgium</s>
<s id="s64.1">Novo Nordisk Pharma SA Bd International 55 1070 Brussels Belgium</s>
<s id="s65.1">Norditropin SimpleXx</s>
<s id="s66.1">15mg/ 1.5 ml</s>
<s id="s67.1">Solution for injection</s>
<s id="s68.1">Subcutaneous</s>
<s id="s69.1">Cartridge</s>
<s id="s70.1">1, 3 and 5</s>
<s id="s71.1">Denmark</s>
<s id="s72.1">Novo Nordisk A/ S Novo Allé 2880 Bagsvaerd Denmark</s>
<s id="s73.1">Norditropin SimpleXx</s>
<s id="s74.1">5 mg/ 1.5 ml,</s>
<s id="s75.1">Solution for injection</s>
<s id="s76.1">Subcutaneous</s>
<s id="s77.1">Cartridge</s>
<s id="s78.1">1, 3 and 5</s>
<s id="s79.1">Denmark</s>
<s id="s80.1">Novo Nordisk A/ S Novo Allé 2880 Bagsvaerd Denmark</s>
<s id="s81.1">Norditropin SimpleXx</s>
<s id="s82.1">10 mg/ 1.5 ml,</s>
<s id="s83.1">Solution for injection</s>
<s id="s84.1">Subcutaneous</s>
<s id="s85.1">Cartridge</s>
<s id="s86.1">1, 3 and 5</s>
<s id="s87.1">Denmark</s>
<s id="s88.1">Novo Nordisk A/ S Novo Allé 2880 Bagsvaerd Denmark</s>
<s id="s89.1">Norditropin SimpleXx</s>
<s id="s90.1">15 mg/ 1.5 ml</s>
<s id="s91.1">Solution for injection</s>
<s id="s92.1">Subcutaneous</s>
<s id="s93.1">Cartridge</s>
<s id="s94.1">1, 3 and 5</s>
<s id="s95.1">CPMP/ 3478/ 03</s>
<s id="s96.1">2/ 22</s>
<s id="s97.1">©EMEA 2003</s>
<s id="s98.1">Member State</s>
<s id="s99.1">Marketing Authorisation Holder</s>
<s id="s100.1">Invented Name</s>
<s id="s101.1">Strength</s>
<s id="s102.1">Pharmaceutical Form</s>
<s id="s103.1">Route of Administration</s>
<s id="s104.1">Packaging</s>
<s id="s105.1">Package Size</s>
<s id="s106.1">Denmark</s>
<s id="s107.1">Novo Nordisk A/ S Novo Allé 2880 Bagsvaerd Denmark</s>
<s id="s108.1">Norditropin</s>
<s id="s109.1">1,3 mg</s>
<s id="s110.1">Powder and solvent for solution for injection</s>
<s id="s111.1">Subcutaneous</s>
<s id="s112.1">Vial</s>
<s id="s113.1">1 and 10</s>
<s id="s114.1">Denmark</s>
<s id="s115.1">Novo Nordisk A/ S Novo Allé 2880 Bagsvaerd Denmark</s>
<s id="s116.1">Norditropin</s>
<s id="s117.1">4 mg</s>
<s id="s118.1">Powder and solvent for solution for injection</s>
<s id="s119.1">Subcutaneous</s>
<s id="s120.1">Vial</s>
<s id="s121.1">1</s>
<s id="s122.1">Denmark</s>
<s id="s123.1">Novo Nordisk A/ S Novo Allé 2880 Bagsvaerd Denmark</s>
<s id="s124.1">Norditropin PenSet</s>
<s id="s125.1">4 mg</s>
<s id="s126.1">Powder and solvent for solution for injection</s>
<s id="s127.1">Subcutaneous</s>
<s id="s128.1">Vial</s>
<s id="s129.1">1 and 6</s>
<s id="s130.1">Denmark</s>
<s id="s131.1">Novo Nordisk A/ S Novo Allé 2880 Bagsvaerd Denmark</s>
<s id="s132.1">Norditropin PenSet</s>
<s id="s133.1">8 mg</s>
<s id="s134.1">Powder and solvent for solution for injection</s>
<s id="s135.1">Subcutaneous</s>
<s id="s136.1">Vial</s>
<s id="s137.1">1 and 6</s>
<s id="s138.1">Finland</s>
<s id="s139.1">Novo Nordisk A/ S Novo Allé 2880 Bagsvaerd Denmark</s>
<s id="s140.1">Norditropin SimpleXx</s>
<s id="s141.1">5 mg/ 1.5 ml,</s>
<s id="s142.1">Solution for injection</s>
<s id="s143.1">Subcutaneous</s>
<s id="s144.1">Cartridge</s>
<s id="s145.1">1, 3, and 5</s>
<s id="s146.1">Finland</s>
<s id="s147.1">Novo Nordisk A/ S Novo Allé 2880 Bagsvaerd Denmark</s>
<s id="s148.1">Norditropin SimpleXx</s>
<s id="s149.1">10 mg/ 1.5 ml</s>
<s id="s150.1">Solution for injection</s>
<s id="s151.1">Subcutaneous</s>
<s id="s152.1">Cartridge</s>
<s id="s153.1">1, 3 and 5</s>
<s id="s154.1">Finland</s>
<s id="s155.1">Novo Nordisk A/ S Novo Allé 2880 Bagsvaerd Denmark</s>
<s id="s156.1">Norditropin SimpleXx</s>
<s id="s157.1">15 mg/ 1.5 ml</s>
<s id="s158.1">Solution for injection</s>
<s id="s159.1">Subcutaneous</s>
<s id="s160.1">Cartridge</s>
<s id="s161.1">1, 3, and 5</s>
<s id="s162.1">France</s>
<s id="s163.1">Novo Nordisk France Pharmaceutique S. A.</s>
<s id="s163.2">Le Palatin 30 rue de Valmy La Défense 12 92936 Paris la Défenseé France</s>
<s id="s164.1">Norditropin SimpleXx</s>
<s id="s165.1">5 mg/ 1.5 ml</s>
<s id="s166.1">Solution for injection</s>
<s id="s167.1">Subcutaneous</s>
<s id="s168.1">Cartridge</s>
<s id="s169.1">1, 3, and 5</s>
<s id="s170.1">CPMP/ 3478/ 03</s>
<s id="s171.1">3/ 22</s>
<s id="s172.1">©EMEA 2003</s>
<s id="s173.1">Member State</s>
<s id="s174.1">Marketing Authorisation</s>
<s id="s175.1">Invented Name</s>
<s id="s176.1">Strength</s>
<s id="s177.1">Pharmaceutical</s>
<s id="s178.1">Route of</s>
<s id="s179.1">Packaging</s>
<s id="s180.1">Package Size</s>
<s id="s181.1">Holder</s>
<s id="s182.1">Form</s>
<s id="s183.1">Administration</s>
<s id="s184.1">France</s>
<s id="s185.1">Novo Nordisk France Pharmaceutique S. A.</s>
<s id="s185.2">Le Palatin 30 rue de Valmy La Défense 12 92936 Paris la Défenseé France</s>
<s id="s186.1">Norditropin SimpleXx</s>
<s id="s187.1">10 mg/ 1.5 ml</s>
<s id="s188.1">Solution for injection</s>
<s id="s189.1">Subcutaneous</s>
<s id="s190.1">Cartridge</s>
<s id="s191.1">1, 3, and 5</s>
<s id="s192.1">France</s>
<s id="s193.1">Novo Nordisk France Pharmaceutique S. A.</s>
<s id="s193.2">Le Palatin 30 rue de Valmy La Défense 12 92936 Paris la Défenseé France</s>
<s id="s194.1">Norditropin SimpleXx</s>
<s id="s195.1">15 mg/ 1.5 ml</s>
<s id="s196.1">Solution for injection</s>
<s id="s197.1">Subcutaneous</s>
<s id="s198.1">Cartridge</s>
<s id="s199.1">1, 3, and 5</s>
<s id="s200.1">France</s>
<s id="s201.1">Novo Nordisk Pharmaceutique S. A.</s>
<s id="s201.2">Le Palatin 30 rue de Valmy La Défense 12 92936 Paris la Défenseé France</s>
<s id="s202.1">Norditropin</s>
<s id="s203.1">1,3 mg</s>
<s id="s204.1">Powder and solvent for solution for injection</s>
<s id="s205.1">Subcutaneous</s>
<s id="s206.1">Cartridge</s>
<s id="s207.1">1 and 10</s>
<s id="s208.1">France</s>
<s id="s209.1">Novo Nordisk Pharmaceutique S. A.</s>
<s id="s209.2">Le Palatin 30 rue de Valmy La Défense 12 92936 Paris la Défenseé France</s>
<s id="s210.1">Norditropin</s>
<s id="s211.1">4 mg</s>
<s id="s212.1">Powder and solvent for solution for injection</s>
<s id="s213.1">Subcutaneous</s>
<s id="s214.1">Vial</s>
<s id="s215.1">1</s>
<s id="s216.1">France</s>
<s id="s217.1">Novo Nordisk Pharmaceutique S. A.</s>
<s id="s217.2">Le Palatin 30 rue de Valmy La Défense 12 92936 Paris la Défenseé France</s>
<s id="s218.1">Norditropin PenSet</s>
<s id="s219.1">4 mg</s>
<s id="s220.1">Powder and solvent for solution for injection</s>
<s id="s221.1">Subcutaneous</s>
<s id="s222.1">Vial</s>
<s id="s223.1">1 and 6</s>
<s id="s224.1">CPMP/ 3478/ 03</s>
<s id="s225.1">4/ 22</s>
<s id="s226.1">©EMEA 2003</s>
<s id="s227.1">Member State</s>
<s id="s228.1">Marketing Authorisation</s>
<s id="s229.1">Invented Name</s>
<s id="s230.1">Strength</s>
<s id="s231.1">Pharmaceutical</s>
<s id="s232.1">Route of</s>
<s id="s233.1">Packaging</s>
<s id="s234.1">Package Size</s>
<s id="s235.1">Holder</s>
<s id="s236.1">Form</s>
<s id="s237.1">Administration</s>
<s id="s238.1">France</s>
<s id="s239.1">Novo Nordisk Pharmaceutique S. A.</s>
<s id="s239.2">Le Palatin 30 rue de Valmy La Défense 12 92936 Paris la Défenseé France</s>
<s id="s240.1">Norditropin PenSet</s>
<s id="s241.1">8 mg</s>
<s id="s242.1">Powder and solvent for solution for injection</s>
<s id="s243.1">Subcutaneous</s>
<s id="s244.1">Vial</s>
<s id="s245.1">1 and 6</s>
<s id="s246.1">Germany</s>
<s id="s247.1">Novo Nordisk Pharma G. m. b. h.</s>
<s id="s247.2">Brücknerstrasse 1 55127 Mainz GERMANY</s>
<s id="s248.1">Norditropin SimpleXx</s>
<s id="s249.1">5 mg/ 1.5 ml</s>
<s id="s250.1">Solution for injection</s>
<s id="s251.1">Subcutaneous</s>
<s id="s252.1">Cartridge</s>
<s id="s253.1">1, 3, and 5</s>
<s id="s254.1">Germany</s>
<s id="s255.1">Novo Nordisk Pharma G. m. b. h.</s>
<s id="s255.2">Brücknerstrasse 1 55127 Mainz GERMANY</s>
<s id="s256.1">Norditropin SimpleXx</s>
<s id="s257.1">10 mg/ 1.5 ml</s>
<s id="s258.1">Solution for injection</s>
<s id="s259.1">Subcutaneous</s>
<s id="s260.1">Cartridge</s>
<s id="s261.1">1, 3, and 5</s>
<s id="s262.1">Germany</s>
<s id="s263.1">Novo Nordisk Pharma G. m. b. h.</s>
<s id="s263.2">Brücknerstrasse 1 55127 Mainz GERMANY</s>
<s id="s264.1">Norditropin SimpleXx</s>
<s id="s265.1">15 mg/ 1.5 ml</s>
<s id="s266.1">Solution for injection</s>
<s id="s267.1">Subcutaneous</s>
<s id="s268.1">Cartridge</s>
<s id="s269.1">1, 3 and 5</s>
<s id="s270.1">Greece</s>
<s id="s271.1">Novo Nordisk A/ S Novo Allé DK-2880 Bagsvaerd Denmark</s>
<s id="s272.1">Norditropin SimpleXx</s>
<s id="s273.1">5 mg/ 1.5 ml</s>
<s id="s274.1">Solution for injection</s>
<s id="s275.1">Subcutaneous</s>
<s id="s276.1">Cartridge</s>
<s id="s277.1">1, 3 and 5</s>
<s id="s278.1">Greece</s>
<s id="s279.1">Novo Nordisk A/ S Novo Allé DK-2880 Bagsvaerd Denmark</s>
<s id="s280.1">Norditropin SimpleXx</s>
<s id="s281.1">10 mg/ 1.5 ml</s>
<s id="s282.1">Solution for injection</s>
<s id="s283.1">Subcutaneous</s>
<s id="s284.1">Cartridge</s>
<s id="s285.1">1, 3 and 5</s>
<s id="s286.1">Greece</s>
<s id="s287.1">Novo Nordisk A/ S Novo Allé DK-2880 Bagsvaerd Denmark</s>
<s id="s288.1">Norditropin SimpleXx</s>
<s id="s289.1">15mg/ 1.5 ml</s>
<s id="s290.1">Solution for injection</s>
<s id="s291.1">Subcutaneous</s>
<s id="s292.1">Cartridge</s>
<s id="s293.1">1, 3 and 5</s>
<s id="s294.1">Greece</s>
<s id="s295.1">Novo Nordisk A/ S Novo Allé DK-2880 Bagsvaerd Denmark</s>
<s id="s296.1">Norditropin</s>
<s id="s297.1">1,3 mg</s>
<s id="s298.1">Powder and solvent for solution for injection</s>
<s id="s299.1">Subcutaneous</s>
<s id="s300.1">Vial</s>
<s id="s301.1">1 and 10</s>
<s id="s302.1">CPMP/ 3478/ 03</s>
<s id="s303.1">5/ 22</s>
<s id="s304.1">©EMEA 2003</s>
<s id="s305.1">Member State</s>
<s id="s306.1">Marketing Authorisation</s>
<s id="s307.1">Invented Name</s>
<s id="s308.1">Strength</s>
<s id="s309.1">Pharmaceutical</s>
<s id="s310.1">Route of</s>
<s id="s311.1">Packaging</s>
<s id="s312.1">Package Size</s>
<s id="s313.1">Holder</s>
<s id="s314.1">Form</s>
<s id="s315.1">Administration</s>
<s id="s316.1">Greece</s>
<s id="s317.1">Novo Nordisk A/ S Novo Allé DK-2880 Bagsvaerd Denmark</s>
<s id="s318.1">Norditropin</s>
<s id="s319.1">4 mg</s>
<s id="s320.1">Powder and solvent for solution for injection</s>
<s id="s321.1">Subcutaneous</s>
<s id="s322.1">Vial</s>
<s id="s323.1">1</s>
<s id="s324.1">Greece</s>
<s id="s325.1">Novo Nordisk A/ S Novo Allé DK-2880 Bagsvaerd Denmark</s>
<s id="s326.1">Norditropin PenSet</s>
<s id="s327.1">4 mg</s>
<s id="s328.1">Powder and solvent for solution for injection</s>
<s id="s329.1">Subcutaneous</s>
<s id="s330.1">Vial</s>
<s id="s331.1">1 and 6</s>
<s id="s332.1">Greece</s>
<s id="s333.1">Novo Nordisk A/ S Novo Allé DK-2880 Bagsvaerd Denmark</s>
<s id="s334.1">Norditropin PenSet</s>
<s id="s335.1">8 mg</s>
<s id="s336.1">Powder and solvent for solution for injection</s>
<s id="s337.1">Subcutaneous</s>
<s id="s338.1">Vial</s>
<s id="s339.1">1 and 6</s>
<s id="s340.1">Ireland</s>
<s id="s341.1">Novo Nordisk A/ S Novo Allé DK-2880 Bagsvaerd Denmark</s>
<s id="s342.1">Norditropin SimpleXx</s>
<s id="s343.1">5 mg/ 1.5 ml</s>
<s id="s344.1">Solution for injection</s>
<s id="s345.1">Subcutaneous</s>
<s id="s346.1">Cartridge</s>
<s id="s347.1">1, 3 and 5</s>
<s id="s348.1">Ireland</s>
<s id="s349.1">Novo Nordisk A/ S Novo Allé DK-2880 Bagsvaerd Denmark</s>
<s id="s350.1">Norditropin SimpleXx</s>
<s id="s351.1">10 mg/ 1.5 ml</s>
<s id="s352.1">Solution for injection</s>
<s id="s353.1">Subcutaneous</s>
<s id="s354.1">Cartridge</s>
<s id="s355.1">1, 3 and 5</s>
<s id="s356.1">Ireland</s>
<s id="s357.1">Novo Nordisk A/ S Novo Allé DK-2880 Bagsvaerd Denmark</s>
<s id="s358.1">Norditropin SimpleXx</s>
<s id="s359.1">15 mg/ 1.5 ml</s>
<s id="s360.1">Solution for injection</s>
<s id="s361.1">Subcutaneous</s>
<s id="s362.1">Cartridge</s>
<s id="s363.1">1, 3 and 5</s>
<s id="s364.1">Ireland</s>
<s id="s365.1">Novo Nordisk A/ S Novo Allé DK-2880 Bagsvaerd Denmark</s>
<s id="s366.1">Norditropin</s>
<s id="s367.1">1.3 mg</s>
<s id="s368.1">Powder and solvent for solution for injection</s>
<s id="s369.1">Subcutaneous</s>
<s id="s370.1">Vial</s>
<s id="s371.1">1 and 10</s>
<s id="s372.1">Ireland</s>
<s id="s373.1">Novo Nordisk A/ S Novo Allé DK-2880 Bagsvaerd Denmark</s>
<s id="s374.1">Norditropin</s>
<s id="s375.1">4 mg</s>
<s id="s376.1">Powder and solvent for solution for injection</s>
<s id="s377.1">Subcutaneous</s>
<s id="s378.1">Vial</s>
<s id="s379.1">1</s>
<s id="s380.1">Ireland</s>
<s id="s381.1">Novo Nordisk A/ S Novo Allé DK-2880 Bagsvaerd Denmark</s>
<s id="s382.1">Norditropin PenSet</s>
<s id="s383.1">4 mg</s>
<s id="s384.1">Powder and solvent for solution for injection</s>
<s id="s385.1">Subcutaneous</s>
<s id="s386.1">Vial</s>
<s id="s387.1">1 and 6</s>
<s id="s388.1">CPMP/ 3478/ 03</s>
<s id="s389.1">6/ 22</s>
<s id="s390.1">©EMEA 2003</s>
<s id="s391.1">Member State</s>
<s id="s392.1">Marketing Authorisation</s>
<s id="s393.1">Invented Name</s>
<s id="s394.1">Strength</s>
<s id="s395.1">Pharmaceutical</s>
<s id="s396.1">Route of</s>
<s id="s397.1">Packaging</s>
<s id="s398.1">Package Size</s>
<s id="s399.1">Holder</s>
<s id="s400.1">Form</s>
<s id="s401.1">Administration</s>
<s id="s402.1">Ireland</s>
<s id="s403.1">Novo Nordisk A/ S Novo Allé DK-2880 Bagsvaerd Denmark</s>
<s id="s404.1">Norditropin PenSet</s>
<s id="s405.1">8 mg</s>
<s id="s406.1">Powder and solvent for solution for injection</s>
<s id="s407.1">Subcutaneous</s>
<s id="s408.1">Vial</s>
<s id="s409.1">1 and 6</s>
<s id="s410.1">Italy</s>
<s id="s411.1">Novo Nordisk A/ S Novo Allé DK-2880 Bagsvaerd Denmark</s>
<s id="s412.1">Norditropin SimpleXx</s>
<s id="s413.1">5 mg/ 1.5 ml</s>
<s id="s414.1">Solution for injection</s>
<s id="s415.1">Subcutaneous</s>
<s id="s416.1">Cartridge</s>
<s id="s417.1">1, 3 and 5</s>
<s id="s418.1">Italy</s>
<s id="s419.1">Novo Nordisk A/ S Novo Allé DK-2880 Bagsvaerd Denmark</s>
<s id="s420.1">Norditropin SimpleXx</s>
<s id="s421.1">10 mg/ 1.5 ml</s>
<s id="s422.1">Solution for injection</s>
<s id="s423.1">Subcutaneous</s>
<s id="s424.1">Cartridge</s>
<s id="s425.1">1, 3 and 5</s>
<s id="s426.1">Italy</s>
<s id="s427.1">Novo Nordisk A/ S Novo Allé DK-2880 Bagsvaerd Denmark</s>
<s id="s428.1">Norditropin SimpleXx</s>
<s id="s429.1">15 mg/ 1.5 ml</s>
<s id="s430.1">Solution for injection</s>
<s id="s431.1">Subcutaneous</s>
<s id="s432.1">Cartridge</s>
<s id="s433.1">1, 3 and 5</s>
<s id="s434.1">Italy</s>
<s id="s435.1">Novo Nordisk A/ S Novo Allé DK-2880 Bagsvaerd Denmark</s>
<s id="s436.1">Norditropin</s>
<s id="s437.1">1.3 mg</s>
<s id="s438.1">Powder and solvent for solution for injection</s>
<s id="s439.1">Subcutaneous</s>
<s id="s440.1">Vial</s>
<s id="s441.1">1 and 10</s>
<s id="s442.1">Italy</s>
<s id="s443.1">Novo Nordisk A/ S Novo Allé DK-2880 Bagsvaerd Denmark</s>
<s id="s444.1">Norditropin</s>
<s id="s445.1">4 mg</s>
<s id="s446.1">Powder and solvent for solution for injection</s>
<s id="s447.1">Subcutaneous</s>
<s id="s448.1">Vial</s>
<s id="s449.1">1</s>
<s id="s450.1">Italy</s>
<s id="s451.1">Novo Nordisk A/ S Novo Allé DK-2880 Bagsvaerd Denmark</s>
<s id="s452.1">Norditropin PenSet</s>
<s id="s453.1">4 mg</s>
<s id="s454.1">Powder and solvent for solution for injection</s>
<s id="s455.1">Subcutaneous</s>
<s id="s456.1">Vial</s>
<s id="s457.1">1 and 6</s>
<s id="s458.1">Italy</s>
<s id="s459.1">Novo Nordisk A/ S Novo Allé DK-2880 Bagsvaerd Denmark</s>
<s id="s460.1">Norditropin PenSet</s>
<s id="s461.1">8 mg</s>
<s id="s462.1">Powder and solvent for solution for injection</s>
<s id="s463.1">Subcutaneous</s>
<s id="s464.1">Vial</s>
<s id="s465.1">1 and 6</s>
<s id="s466.1">Luxembourg</s>
<s id="s467.1">Novo Nordisk Pharma SA Bd International 55 1070 Brussels Belgium</s>
<s id="s468.1">Norditropin SimpleXx</s>
<s id="s469.1">5 mg/ 1.5 ml</s>
<s id="s470.1">Solution for injection</s>
<s id="s471.1">Subcutaneous</s>
<s id="s472.1">Cartridge</s>
<s id="s473.1">1, 3 and 5</s>
<s id="s474.1">CPMP/ 3478/ 03</s>
<s id="s475.1">7/ 22</s>
<s id="s476.1">©EMEA 2003</s>
<s id="s477.1">Member State</s>
<s id="s478.1">Marketing Authorisation</s>
<s id="s479.1">Invented Name</s>
<s id="s480.1">Strength</s>
<s id="s481.1">Pharmaceutical</s>
<s id="s482.1">Route of</s>
<s id="s483.1">Packaging</s>
<s id="s484.1">Package Size</s>
<s id="s485.1">Holder</s>
<s id="s486.1">Form</s>
<s id="s487.1">Administration</s>
<s id="s488.1">Luxembourg</s>
<s id="s489.1">Novo Nordisk Pharma SA Bd International 55 1070 Brussels Belgium</s>
<s id="s490.1">Norditropin SimpleXx</s>
<s id="s491.1">10 mg/ 1.5 ml</s>
<s id="s492.1">Solution for injection</s>
<s id="s493.1">Subcutaneous</s>
<s id="s494.1">Cartridge</s>
<s id="s495.1">1, 3 and 5</s>
<s id="s496.1">Luxemburg</s>
<s id="s497.1">Novo Nordisk Pharma SA Bd International 55 1070 Brussels Belgium</s>
<s id="s498.1">Norditropin SimpleXx</s>
<s id="s499.1">15 mg/ 1.5 ml</s>
<s id="s500.1">Solution for injection</s>
<s id="s501.1">Subcutaneous</s>
<s id="s502.1">Cartridge</s>
<s id="s503.1">1, 3 and 5</s>
<s id="s504.1">Netherlands</s>
<s id="s505.1">Novo Nordisk Farma Flemingweg 18 2408 AV Alphen a/ d Rijn Netherlands</s>
<s id="s506.1">Norditropin SimpleXx</s>
<s id="s507.1">5 mg/ 1,5 ml</s>
<s id="s508.1">Solution for injection</s>
<s id="s509.1">Subcutaneous</s>
<s id="s510.1">Cartridge</s>
<s id="s511.1">1, 3 and 5</s>
<s id="s512.1">Netherlands</s>
<s id="s513.1">Novo Nordisk Farma Flemingweg 18 2408 AV Alphen a/ d Rijn Netherlands</s>
<s id="s514.1">Norditropin SimpleXx</s>
<s id="s515.1">10 mg/ 1,5 ml</s>
<s id="s516.1">Solution for injection</s>
<s id="s517.1">Subcutaneous</s>
<s id="s518.1">Cartridge</s>
<s id="s519.1">1, 3 and 5</s>
<s id="s520.1">Netherlands</s>
<s id="s521.1">Novo Nordisk Farma Flemingweg 18 2408 AV Alphen a/ d Rijn Netherlands</s>
<s id="s522.1">Norditropin SimpleXx</s>
<s id="s523.1">15 mg/ 1,5 ml</s>
<s id="s524.1">Solution for injection</s>
<s id="s525.1">Subcutaneous</s>
<s id="s526.1">Cartridge</s>
<s id="s527.1">1, 3 and 5</s>
<s id="s528.1">Portugal</s>
<s id="s529.1">Novo Nordisk A/ S Novo Allé DK-2880 Bagsvaerd Denmark</s>
<s id="s530.1">Norditropin SimpleXx</s>
<s id="s531.1">5 mg/ 1,5 ml</s>
<s id="s532.1">Solution for injection</s>
<s id="s533.1">Subcutaneous</s>
<s id="s534.1">Cartridge</s>
<s id="s535.1">1, 3 and 5</s>
<s id="s536.1">Portugal</s>
<s id="s537.1">Novo Nordisk A/ S Novo Allé DK-2880 Bagsvaerd Denmark</s>
<s id="s538.1">Norditropin SimpleXx</s>
<s id="s539.1">10 mg/ 1,5 ml</s>
<s id="s540.1">Solution for injection</s>
<s id="s541.1">Subcutaneous</s>
<s id="s542.1">Cartridge</s>
<s id="s543.1">1, 3 and 5</s>
<s id="s544.1">Portugal</s>
<s id="s545.1">Novo Nordisk A/ S Novo Allé DK-2880 Bagsvaerd Denmark</s>
<s id="s546.1">Norditropin SimpleXx</s>
<s id="s547.1">15 mg/ 1,5 ml</s>
<s id="s548.1">Solution for injection</s>
<s id="s549.1">Subcutaneous</s>
<s id="s550.1">Cartridge</s>
<s id="s551.1">1, 3 and 5</s>
<s id="s552.1">Spain</s>
<s id="s553.1">Novo Nordisk A/ S Novo Allé 2880 Bagsvaerd Denmark</s>
<s id="s554.1">Norditropin SimpleXx</s>
<s id="s555.1">5 mg/ 1,5 ml</s>
<s id="s556.1">Solution for injection</s>
<s id="s557.1">Subcutaneous</s>
<s id="s558.1">Cartridge</s>
<s id="s559.1">1, 3 and 5</s>
<s id="s560.1">CPMP/ 3478/ 03</s>
<s id="s561.1">8/ 22</s>
<s id="s562.1">©EMEA 2003</s>
<s id="s563.1">Member State</s>
<s id="s564.1">Marketing Authorisation</s>
<s id="s565.1">Invented Name</s>
<s id="s566.1">Strength</s>
<s id="s567.1">Pharmaceutical</s>
<s id="s568.1">Route of</s>
<s id="s569.1">Packaging</s>
<s id="s570.1">Package Size</s>
<s id="s571.1">Holder</s>
<s id="s572.1">Form</s>
<s id="s573.1">Administration</s>
<s id="s574.1">Spain</s>
<s id="s575.1">Novo Nordisk A/ S Novo Allé 2880 Bagsvaerd Denmark</s>
<s id="s576.1">Norditropin SimpleXx</s>
<s id="s577.1">10 mg/ 1,5 ml</s>
<s id="s578.1">Solution for injection</s>
<s id="s579.1">Subcutaneous</s>
<s id="s580.1">Cartridge</s>
<s id="s581.1">1, 3 and 5</s>
<s id="s582.1">Spain</s>
<s id="s583.1">Novo Nordisk A/ S Novo Allé 2880 Bagsvaerd Denmark</s>
<s id="s584.1">Norditropin SimpleXx</s>
<s id="s585.1">15 mg/ 1,5 ml</s>
<s id="s586.1">Solution for injection</s>
<s id="s587.1">Subcutaneous</s>
<s id="s588.1">Cartridge</s>
<s id="s589.1">1, 3 and 5</s>
<s id="s590.1">Sweden</s>
<s id="s591.1">Novo Nordisk A/ S Novo Alle 2880 Bagsvaerd Denmark</s>
<s id="s592.1">Norditropin SimpleXx</s>
<s id="s593.1">5 mg/ 1,5 ml</s>
<s id="s594.1">Solution for injection</s>
<s id="s595.1">Subcutaneous</s>
<s id="s596.1">Cartridge</s>
<s id="s597.1">1, 3 and 5</s>
<s id="s598.1">Sweden</s>
<s id="s599.1">Novo Nordisk A/ S Novo Alle 2880 Bagsvaerd Denmark</s>
<s id="s600.1">Norditropin SimpleXx</s>
<s id="s601.1">10 mg/ 1,5 ml</s>
<s id="s602.1">Solution for injection</s>
<s id="s603.1">Subcutaneous</s>
<s id="s604.1">Cartridge</s>
<s id="s605.1">1, 3 and 5</s>
<s id="s606.1">Sweden</s>
<s id="s607.1">Novo Nordisk A/ S Novo Alle 2880 Bagsvaerd Denmark</s>
<s id="s608.1">Norditropin SimpleXx</s>
<s id="s609.1">15 mg/ 1,5 ml</s>
<s id="s610.1">Solution for injection</s>
<s id="s611.1">Subcutaneous</s>
<s id="s612.1">Cartridge</s>
<s id="s613.1">1, 3 and 5</s>
<s id="s614.1">United Kingdom</s>
<s id="s615.1">Novo Nordisk Ltd.</s>
<s id="s615.2">Broadfield Park Brighton Road West Sussex RH11 9RT UNITED KINGDOM</s>
<s id="s616.1">Norditropin SimpleXx</s>
<s id="s617.1">5 mg/ 1,5 ml</s>
<s id="s618.1">Solution for injection</s>
<s id="s619.1">Subcutaneous</s>
<s id="s620.1">Cartridge</s>
<s id="s621.1">1, 3 and 5</s>
<s id="s622.1">United Kingdom</s>
<s id="s623.1">Novo Nordisk Ltd.</s>
<s id="s623.2">Broadfield Park Brighton Road West Sussex RH11 9RT UNITED KINGDOM</s>
<s id="s624.1">Norditropin SimpleXx</s>
<s id="s625.1">10 mg/ 1,5 ml</s>
<s id="s626.1">Solution for injection</s>
<s id="s627.1">Subcutaneous</s>
<s id="s628.1">Cartridge</s>
<s id="s629.1">1, 3 and 5</s>
<s id="s630.1">United Kingdom</s>
<s id="s631.1">Novo Nordisk Ltd.</s>
<s id="s631.2">Broadfield Park Brighton Road West Sussex RH11 9RT UNITED KINGDOM</s>
<s id="s632.1">Norditropin SimpleXx</s>
<s id="s633.1">15 mg/ 1,5 ml</s>
<s id="s634.1">Solution for injection</s>
<s id="s635.1">Subcutaneous</s>
<s id="s636.1">Cartridge</s>
<s id="s637.1">1, 3 and 5</s>
<s id="s638.1">CPMP/ 3478/ 03</s>
<s id="s639.1">ANNEX II</s>
<s id="s640.1">9/ 22</s>
<s id="s641.1">©EMEA 2003</s>
<s id="s642.1">SCIENTIFIC CONCLUSIONS AND GROUNDS FOR AMENDMENT OF THE SUMMARY OF PRODUCT CHARACTERISTICS PRESENTED BY THE EMEA</s>
<s id="s643.1">CPMP/ 3478/ 03 SCIENTIFIC CONCLUSIONS</s>
<s id="s644.1">10/ 22</s>
<s id="s645.1">©EMEA 2003</s>
<s id="s646.1">OVERALL SUMMARY OF THE SCIENTIFIC EVALUATION OF NORDITROPIN AND RELATED NAMES (SEE ANNEX I)</s>
<s id="s647.1">Norditropin, which contains the active ingredient somatropin, is a potent metabolic hormone of importance for the metabolism of lipids, carbohydrates and proteins.</s>
<s id="s647.2">In children with inadequate endogenous growth hormone, somatropin stimulates linear growth and increases growth rate.</s>
<s id="s647.3">In adults, as well as in children, somatropin maintains a normal body composition by increasing nitrogen retention and stimulation of skeletal muscle growth, and by mobilization of body fat.</s>
<s id="s647.4">The variations submitted by the MAHs via the mutual recognition procedure were a proposal to extend the indication to include children born small for gestational age (SGA).</s>
<s id="s647.5">The RMS (Denmark) considered the variation approvable.</s>
<s id="s647.6">A notification for referral according to Article 7(5) of Commission Regulation EC No.</s>
<s id="s647.7">541/ 95 was submitted by Sweden on 2 May 2002 based on concerns that the optimal duration of treatment had not been established and that the limits for catch-up growth to base the initiation of treatment had not been justified, together with safety concerns regarding the increased risk at high doses for development of diabetes mellitus later in life.</s>
<s id="s647.8">On 30 May 2002, the CPMP asked the MAHs to provide data on the optimal age for initiating treatment and duration of GH therapy in SGA children, additional benefits besides increased height, as well as short-term and long-term consequences of treatment.</s>
<s id="s647.9">0 Efficacy The clinical studies and published literature submitted demonstrate that the use of Norditropin is associated with improvements in predicted height SDS.</s>
<s id="s647.10">However, there were insufficient data on (near) final height.</s>
<s id="s647.11">Thus, no definite conclusion on the efficacy in the treatment of children born SGA could be reached.</s>
<s id="s647.12">On the request of the CPMP, a meta-analysis was performed on patients that reached (near) final height.</s>
<s id="s647.13">This meta-analysis included 56 patients and provided important insights of the benefit of Norditropin for final height improvement in SGA children.</s>
<s id="s647.14">The meta-analysis demonstrated a mean increase in height SDS of 1.90 for the 0.033 mg/ kg/ day dose (1.49-2.30 95% confidence intervals) and 2.19 SDS for the 0.067 mg/ kg/ day dose (1.85-2.53 95% confidence interval).</s>
<s id="s647.15">Literature data from untreated SGA children without early spontaneous catch-up suggest a late growth of 0.5 SDS.</s>
<s id="s647.16">Long-term safety data are still limited.</s>
<s id="s647.17">The major issues discussed during the procedure were related to the patient population, the age for start of treatment, as well as posology and duration of treatment.</s>
<s id="s647.18">The criteria for the patient population were decided to be height SDS of &lt; -2.5 and a HV SDS of &lt; 0 during the last year.</s>
<s id="s647.19">A starting age of 4 years was accepted by the CPMP because normal catch-up growth will occur before the age of 4 years.</s>
<s id="s647.20">The CPMP was of the opinion that the limited data in patients near puberty should lead to the advice not to initiate treatment in SGA patients near the onset of puberty.</s>
<s id="s647.21">Non-responders, expressed as patients with a height gain below the expected, should stop treatment for the lack of efficacy after the first year of treatment if the height velocity SDS is below + 1.</s>
<s id="s647.22">Treatment should be stopped if the height velocity is&lt; 2 cm/year and, if confirmation is required, bone age is &gt; 14 years (girls) or &gt; 16 years (boys), corresponding to closure of the epiphyseal growth plates.</s>
<s id="s647.23">Safety</s>
<s id="s648.1">CPMP/ 3478/ 03</s>
<s id="s649.1">11/ 22</s>
<s id="s650.1">©EMEA 2003</s>
<s id="s651.1">The data presented in the patient population does not support the existence of major unexpected risks during treatment.</s>
<s id="s651.2">The incidence of drug-related adverse events was low.</s>
<s id="s651.3">The most frequently reported adverse events represented common childhood infections (viral infections, otitis media, pharyngitis, rhinitis, upper respiratory tract infections).</s>
<s id="s651.4">The more frequent reporting of such infections in GH treated children is considered coincidental and/ or attributable to underreporting in untreated children.</s>
<s id="s651.5">There is no evidence that the musculo-skeletal events were related to an acromegalic effect of treatment and a warning for scoliosis is reflected in the current SPC for growth hormones.</s>
<s id="s651.6">In general, changes in glucose, insulin, IGF-I, and HbA1c values were not clinically significant, however they were indicative of a compensatory response of the pancreas to the reduction in insulin sensitivity induced by growth hormone.</s>
<s id="s651.7">As high IGF-I level were found in both treatment groups and as there is a lack of safety data on long-term high levels of IGF-I in children, a warning is introduced; if on repeated measurement, IGF-I levels exceed +2 SD, compared to references for age and pubertal status, the IGF-I / IGFBP-3 ratio could be taken into account to consider dose adjustment.</s>
<s id="s651.8">At the moment the data are reassuring considering the effects on glucose metabolism, but the management of these patients should follow accepted clinical practice and include safety monitoring of fasting insulin and blood glucose prior to treatment and annually during treatment.</s>
<s id="s651.9">In patients with increased risk for diabetes mellitus (e. g. familial history of diabetes, obesity, severe insulin resistance, acanthosis nigricans) oral glucose tolerance testing (OGTT) should be performed and if overt diabetes occurs, growth hormone should not be administered.</s>
<s id="s651.10">Long-term follow-up on safety is considered necessary.</s>
<s id="s651.11">Overall conclusion on benefit/ risk At its meeting of 18-19 March 2003, the CPMP considered the data presented by the MAHs and reached the following conclusion.</s>
<s id="s651.12">From the data on efficacy, it has been shown that Norditropin is effective for the treatment of growth disturbance (current height SDS &lt; − 2.5 and parental adjusted height SDS &lt; − 1) in short children born small for gestational age (SGA), with a birth weight and/ or length below − 2 SD, who failed to show catch-up growth (HV SDS &lt; 0 during the last year) by 4 years of age or later.</s>
<s id="s651.13">The short-term safety data related to the extended indication does not add any major unexpected risks and long-term safety data are necessary.</s>
<s id="s651.14">The MAHs committed to perform a post-marketing study to further investigate long-term metabolic effects after discontinuation of treatment in children born SGA.</s>
<s id="s651.15">On the basis of the efficacy data taking into account the concerns on long-term safety, the CPMP decided that the treatment should be initiated at a dose of 0.035 mg/ kg/ day and continued until final height is reached.</s>
<s id="s652.1">GROUNDS FOR AMENDMENT OF THE SUMMARY OF PRODUCT CHARACTERISTICS Whereas, • the CPMP considered the referral made under article 7(5) of Commission Regulation EC No 541/ 95, for Norditropin and related invented names (see Annex I), • the CPMP agreed that Norditropin is effective in the indication “ Growth disturbance (current height SDS &lt; − 2.5 and parental adjusted height SDS &lt; − 1) in short children born small for gestational age (SGA), with a birth weight and/ or length below − 2 SD, who failed to show catch-up growth (HV SDS &lt; 0 during the last year) by 4 years of age or later”,</s>
<s id="s653.1">CPMP/ 3478/ 03</s>
<s id="s654.1">12/ 22</s>
<s id="s655.1">©EMEA 2003</s>
<s id="s656.1">• no unexpected adverse events related to the extended indication were presented, • the CPMP, as a consequence, considered the benefit/ risk balance for the above-mentioned extension of indication to be favourable, the CPMP has recommended the granting of the variation of the Marketing Authorisations for which the Summary of Product Characteristics is set out in Annex III for Norditropin and related invented names (see Annex I).</s>
<s id="s657.1">CPMP/ 3478/ 03</s>
<s id="s658.1">13/ 22</s>
<s id="s659.1">©EMEA 2003</s>
<s id="s660.1">ANNEX III</s>
<s id="s661.1">AMENDED SUMMARY OF PRODUCT CHARACTERISTICS OF THE REFERENCE MEMBER STATE</s>
<s id="s662.1">Note:</s>
<s id="s662.2">This SPC is the one that was annexed to the Commission Decision on this Article 7(5) referral for Article 7(5) referral for Norditropin and related names..</s>
<s id="s662.3">The text was valid at that time.</s>
<s id="s663.1">After the Commission Decision, the Member State competent authorities will update the product information as required.</s>
<s id="s663.2">Therefore, this SPC may not necessarily represent the current text.</s>
<s id="s664.1">CPMP/ 3478/ 03 1.</s>
<s id="s664.2">NAME OF THE MEDICINAL PRODUCT</s>
<s id="s665.1">14/ 22</s>
<s id="s666.1">©EMEA 2003</s>
<s id="s667.1">&lt; Invented name &gt;</s>
<s id="s668.1">2.</s>
<s id="s668.2">QUALITATIVE AND QUANTITATIVE COMPOSITION</s>
<s id="s669.1">&lt; To be completed as appropriate &gt;</s>
<s id="s670.1">Somatropin (recombinant DNA origin produced in E-coli)</s>
<s id="s671.1">1 mg of somatropin corresponds to 3 IU (International Unit) of somatropin</s>
<s id="s672.1">3.</s>
<s id="s672.2">PHARMACEUTICAL FORM</s>
<s id="s673.1">&lt; To be completed as appropriate &gt;</s>
<s id="s674.1">4.</s>
<s id="s674.2">CLINICAL PARTICULARS</s>
<s id="s675.1">4.1 Therapeutic indications</s>
<s id="s676.1">Children:</s>
<s id="s676.2">Growth failure due to growth hormone deficiency</s>
<s id="s677.1">Growth failure in girls due to gonadal dysgenesis (Turner syndrome)</s>
<s id="s678.1">Growth retardation in prepubertal children due to chronic renal disease</s>
<s id="s679.1">Growth disturbance (current height SDS &lt; -2.5 and parental adjusted height SDS &lt; -1) in short children born small for gestational age (SGA), with a birth weight and/ or length below -2 SD, who failed to show catch-up growth (HV SDS &lt; 0 during the last year) by 4 years of age or later.</s>
<s id="s680.1">Adults:</s>
<s id="s680.2">Pronounced growth hormone deficiency in known hypothalamic-pituitary disease (one other deficient axis, other than prolactin), demonstrated by two provocative tests after institution of adequate replacement therapy for any other deficient axis.</s>
<s id="s680.3">Childhood onset growth hormone insufficiency, reconfirmed by two provocative tests.</s>
<s id="s681.1">In adults, the insulin tolerance test is the provocative test of choice.</s>
<s id="s681.2">When the insulin tolerance test is contraindicated, alternative provocative tests must be used.</s>
<s id="s681.3">The combined arginine-growth hormone releasing hormone is recommended.</s>
<s id="s681.4">An arginine or glucagon test may also be considered; however these tests have less establish diagnostic value than the insulin tolerance test.</s>
<s id="s682.1">4.2 Posology and method of administration</s>
<s id="s683.1">The dosage is individual and must always be adjusted in accordance with the individual’ s response to therapy.</s>
<s id="s684.1">Prescription only.</s>
<s id="s685.1">CPMP/ 3478/ 03</s>
<s id="s686.1">15/ 22</s>
<s id="s687.1">©EMEA 2003</s>
<s id="s688.1">&lt; Invented name &gt; should only be prescribed by doctors with special knowledge of the therapeutic indication of use.</s>
<s id="s689.1">Generally, daily subcutaneous administration in the evening is recommended.</s>
<s id="s689.2">The injection site should be varied to prevent lipoatrophy.</s>
<s id="s690.1">Generally recommended dosages:</s>
<s id="s691.1">Children:</s>
<s id="s691.2">Growth hormone insufficiency 25-35 µg/ kg/ day or 0.7-1.0 mg/ m2/ day Equal to:</s>
<s id="s691.3">0.07-0.1 IU/ kg/ day (2-3 IU/ m2/ day)</s>
<s id="s692.1">Turner syndrome 50 µg/ kg/ day or 1.4 mg/ m2/ day Equal to:</s>
<s id="s692.2">0.14 IU/ kg/ day (4.3 IU/ m2/ day)</s>
<s id="s693.1">Chronic Renal Disease 50 µg/ kg/ day or 1.4 mg/ m2/ day Equal to:</s>
<s id="s693.2">0.14 IU/ kg/ day (4.3 IU/ m2/ day)</s>
<s id="s694.1">Small for Gestational Age 35 µg/ kg/ day or 1 mg/ m2/ day Equal to:</s>
<s id="s694.2">0.1 IU/ kg/ day (3 IU/ m2/ day)</s>
<s id="s695.1">A dose of 0.035 mg/ kg/ day is usually recommended until final height is reached.</s>
<s id="s695.2">(See section 5.1).</s>
<s id="s695.3">Treatment should be discontinued after the first year of treatment, if the height velocity SDS is below +1.</s>
<s id="s695.4">Treatment should be discontinued if height velocity is&lt; 2 cm/year and, if confirmation is required, bone age is &gt; 14 years (girls) or &gt; 16 years (boys), corresponding to closure of the epiphyseal growth plates.</s>
<s id="s696.1">Adults:</s>
<s id="s696.2">Replacement therapy in adults The dosage must be adjusted to the need of the individual patient.</s>
<s id="s696.3">It is recommended to start treatment with a low dose 0.15-0.3 mg/ day (equal to 0.45-0.9 IU/ day).</s>
<s id="s696.4">It is recommended to increase the dosage gradually at monthly intervals based on the clinical response and the patient’ s experience of adverse events.</s>
<s id="s696.5">Serum insulin-like growth factor I (IGF-I) can be used as guidance for the dose titration.</s>
<s id="s696.6">Dose requirements decline with age.</s>
<s id="s696.7">Maintenance dosages vary considerably from person to person, but seldom exceeds 1.0 mg/ day (equal to 3 IU/ day).</s>
<s id="s697.1">4.3 Contraindications</s>
<s id="s698.1">Any evidence of active malignant tumours.</s>
<s id="s698.2">Intracranial neoplasm must be inactive and anti-tumour therapy should be completed prior to institution of therapy.</s>
<s id="s698.3">Pregnancy and lactation.</s>
<s id="s698.4">Please refer to Section 4.6.</s>
<s id="s699.1">CPMP/ 3478/ 03</s>
<s id="s700.1">16/ 22</s>
<s id="s701.1">©EMEA 2003</s>
<s id="s702.1">Hypersensitivity to somatropin or to any of the excipients.</s>
<s id="s703.1">In the children with chronic renal disease treatment with&lt; Invented name &gt; should be discontinued at renal transplantation.</s>
<s id="s704.1">4.4 Special warnings and special precautions for use</s>
<s id="s705.1">Children treated with&lt; Invented name &gt; should be regularly assessed by a specialist in child growth. &lt; Invented name &gt; treatment should always be instigated by a physician with special knowledge of growth hormone insufficiency and its treatment.</s>
<s id="s705.2">This is true also for the management of Turner syndrome, chronic renal disease and SGA.</s>
<s id="s705.3">Data of final adult height following the use of&lt; Invented name &gt; are either not available (children with Turner syndrome) or limited (children with chronic renal disease).</s>
<s id="s706.1">The stimulation of skeletal growth in children can only be expected until the epiphysial discs are closed.</s>
<s id="s707.1">The dosage in children with chronic renal disease is individual and must be adjusted according to the individual response to therapy.</s>
<s id="s707.2">The growth disturbance should be clearly established before&lt; Invented name &gt; treatment by following growth on optimal treatment for renal disease over one year.</s>
<s id="s707.3">Conservative management of uraemia with customary medication and if needed dialysis should be maintained during&lt; Invented name &gt; therapy.</s>
<s id="s708.1">Patients with chronic renal disease normally experience a decline in renal function as part of the natural course of their illness.</s>
<s id="s708.2">However, as a precautionary measure during&lt; Invented name &gt; treatment renal function should be monitored for an excessive decline, or increase in the glomerular filtration rate (which could imply hyperfiltration).</s>
<s id="s709.1">In short children born SGA other medical reasons or treatments that could explain growth disturbance should be ruled out before starting treatment.</s>
<s id="s710.1">In SGA children it is recommended to measure fasting insulin and blood glucose before start of treatment and annually thereafter.</s>
<s id="s710.2">In patients with increased risk for diabetes mellitus (e. g. familial history of diabetes, obesity, severe insulin resistance, acanthosis nigricans) oral glucose tolerance testing (OGTT) should be performed.</s>
<s id="s710.3">If overt diabetes occurs, growth hormone should not be administered.</s>
<s id="s711.1">In SGA children it is recommended to measure the IGF-I level before start of treatment and twice a year thereafter.</s>
<s id="s711.2">If on repeated measurements IGF-I levels exceed +2 SD compared to references for age and pubertal status, the IGF-I / IGFBP-3 ratio could be taken into account to consider dose adjustment.</s>
<s id="s712.1">Experience in initiating treatment in SGA patients near onset of puberty is limited.</s>
<s id="s712.2">It is therefore not recommended to initiate treatment near onset of puberty.</s>
<s id="s713.1">Experience with patients with Silver-Russell syndrome is limited.</s>
<s id="s714.1">Some of the height gain obtained with treating short children born SGA with growth hormone may be lost if treatment is stopped before final height is reached.</s>
<s id="s715.1">CPMP/ 3478/ 03</s>
<s id="s716.1">17/ 22</s>
<s id="s717.1">©EMEA 2003</s>
<s id="s718.1">Somatropin has been found to influence carbohydrate metabolism, therefore, patients should be observed for evidence of glucose intolerance.</s>
<s id="s719.1">Serum thyroxine levels may fall during treatment with&lt; Invented name &gt; due to the increased peripheral deiodination of T4 to T3.</s>
<s id="s719.2">In patients with a pituitary disease in progression, hypothyroidism may develop.</s>
<s id="s719.3">Patients with Turner syndrome have an increased risk of developing primary hypothyroidism associated with anti-thyroid antibodies.</s>
<s id="s720.1">As hypothyroidism interferes with the response to&lt; Invented name &gt; therapy patients should have their thyroid function tested regularly, and should receive replacement therapy with thyroid hormone when indicated.</s>
<s id="s721.1">In insulin treated patients adjustment of insulin dose may be needed after initiation of&lt; Invented name &gt; treatment.</s>
<s id="s722.1">Patients with growth hormone deficiency secondary to an intracranial lesion should be examined frequently for progression or recurrence of the underlying disease process.</s>
<s id="s723.1">Leukaemia has been reported in a small number of growth hormone deficient patients some of whom have been treated with somatropin.</s>
<s id="s723.2">Based on 10 years global assessment there is no increased risk of development of leukaemia during somatropin treatment.</s>
<s id="s723.3">In patients in complete remission from tumours or malignant disease, growth hormone therapy has not been associated with an increased relapse rate.</s>
<s id="s723.4">Nevertheless, patients who have achieved complete remission of malignant disease should be followed closely for relapse after commencement of&lt; Invented name &gt; therapy.</s>
<s id="s724.1">Slipped capital femoral epiphysis may occur more frequently in patients with endocrine disorders and Legg-Calvé-Perthes disease may occur more frequently in patients with short stature.</s>
<s id="s724.2">These diseases may present as the development of a limp or complaints of hip or knee pain and physicians and parents should be alerted to this possibility.</s>
<s id="s725.1">Scoliosis may progress in any child during rapid growth.</s>
<s id="s725.2">Signs of scoliosis should be monitored during treatment.</s>
<s id="s725.3">However, growth hormone treatment has not been shown to increase the incidence or severity of scoliosis.</s>
<s id="s726.1">In the event of severe or recurrent headache, visual problems, nausea, and/ or vomiting, a funduscopy for papilloedema is recommended.</s>
<s id="s726.2">If papilloedema is confirmed, a diagnosis of benign intracranial hypertension should be considered and if appropriate the growth hormone treatment should be discontinued.</s>
<s id="s726.3">At present there is insufficient evidence to guide clinical decision making in patients with resolved intracranial hypertension.</s>
<s id="s726.4">If growth hormone treatment is restarted, careful monitoring for symptoms of intracranial hypertension is necessary.</s>
<s id="s727.1">Growth hormone deficiency in adults is a lifelong disease and needs to be treated accordingly, however, experience in patients older than 60 years and in patients with more than five years of treatment in adult growth hormone deficiency is still limited.</s>
<s id="s728.1">4.5 Interaction with other medicinal products and other forms of interaction</s>
<s id="s729.1">CPMP/ 3478/ 03</s>
<s id="s730.1">18/ 22</s>
<s id="s731.1">©EMEA 2003</s>
<s id="s732.1">Concomitant glucocorticoid therapy may inhibit growth and thereby oppose the growth promoting effect of&lt; Invented name &gt;.</s>
<s id="s732.2">The effect of growth hormone on final height can also be influenced by additional therapy with other hormones, e. g. gonadotrophin, anabolic steroids, estrogen and thyroid hormone.</s>
<s id="s733.1">4.6 Pregnancy and lactation</s>
<s id="s734.1">Currently there is insufficient evidence of safety of somatropin therapy during pregnancy.</s>
<s id="s734.2">The possibility that somatropin is secreted in breast milk cannot be discounted.</s>
<s id="s735.1">4.7 Effects on ability to drive and use machines</s>
<s id="s736.1">No effects.</s>
<s id="s737.1">4.8 Undesirable effects</s>
<s id="s738.1">Fluid retention with peripheral oedema may occur and especially in adults carpal tunnel syndrome may be seen.</s>
<s id="s738.2">The symptoms are usually transient and dose dependent, but may require dose reduction.</s>
<s id="s738.3">Mild arthralgia, muscle pain, paresthesia may also occur in adults, but is usually self- limiting.</s>
<s id="s739.1">Adverse reactions in children are rare.</s>
<s id="s739.2">The integrated&lt; Invented name &gt; database comprises data from children being treated for up to eight years.</s>
<s id="s739.3">Headache has been reported with an incidence of 0.04 per patient year.</s>
<s id="s740.1">Formation of antibodies directed against somatropin has rarely been observed during&lt; Invented name &gt; therapy.</s>
<s id="s740.2">The titres and binding capacities of these antibodies have been very low and have not interfered with the growth response to&lt; Invented name &gt; administration.</s>
<s id="s741.1">During treatment with&lt; Invented name &gt; local injection site reactions may occur.</s>
<s id="s742.1">Some rare cases of benign intracranial hypertension have been reported.</s>
<s id="s743.1">4.9 Overdose</s>
<s id="s744.1">Information on overdose and poisoning is lacking.</s>
<s id="s744.2">Acute overdosage can lead to low blood glucose levels initially, followed by high blood glucose levels.</s>
<s id="s744.3">These decreased glucose levels have been detected biochemically, but without clinical signs of hypoglycemia.</s>
<s id="s744.4">Long-term overdosage could result in signs and symptoms consistent with the known effects of human growth hormone excess.</s>
<s id="s745.1">5.</s>
<s id="s745.2">PHARMACOLOGICAL PROPERTIES</s>
<s id="s746.1">5.1 Pharmacodynamic properties</s>
<s id="s747.1">ATC:</s>
<s id="s747.2">H 01 AC 01.&lt; Invented name &gt; contains somatropin, which is human growth hormone produced by recombinant DNA-technology.</s>
<s id="s747.3">It is an anabolic peptide of 191 amino acids stabilized by two disulphide bridges with a molecular weight of approximately 22.000 Daltons.</s>
<s id="s748.1">CPMP/ 3478/ 03</s>
<s id="s749.1">19/ 22</s>
<s id="s750.1">©EMEA 2003</s>
<s id="s751.1">The major effects of&lt; Invented name &gt; are stimulation of skeletal and somatic growth and pronounced influence on the body’s metabolic processes.</s>
<s id="s751.2">When growth hormone deficiency is treated a normalization of body composition takes place resulting in an increase in lean body mass and a decrease in fat mass.</s>
<s id="s751.3">Somatropin exerts most of its actions through insulin-like growth factor I (IGF-I), which are produced in tissues throughout the body, but predominantly by the liver.</s>
<s id="s751.4">More than 90% of IGF-I is bound to binding proteins (IGFBP’ s) of which IGFBP-3 is the most important.</s>
<s id="s752.1">A lipolytic and protein sparing effect of the hormone becomes of particular importance during stress.</s>
<s id="s753.1">Somatropin also increases bone turnover indicated by an increase in plasma levels of biochemical bone markers.</s>
<s id="s753.2">In adults bone mass is slightly decreased during the initial months of treatment due to more pronounced bone resorption, however, bone mass increases with prolonged treatment.</s>
<s id="s754.1">In clinical trials in short children born SGA doses of 0.033 and 0.067 mg/ kg/ day have been used for treatment until final height.</s>
<s id="s754.2">In 56 patients who were continuously treated and have reached (near) final height, the mean change from height at start of treatment was +1.90 SDS (0.033 mg/ kg/ day) and +2.19 SDS (0.067 mg/ kg/ day).</s>
<s id="s754.3">Literature data from untreated SGA children without early spontaneous catch-up suggest a late growth of 0.5 SDS.</s>
<s id="s754.4">Long-term safety data are still limited.</s>
<s id="s755.1">5.2 Pharmacokinetic properties</s>
<s id="s756.1">I. v. infusion of&lt; Invented name &gt; (33 ng/kg/min for 3 hours) to nine growth hormone deficient patients, gave the following results: serum half-time of 21.1 ± 1.7 min., metabolic clearance rate of 2.33 ± 0.58 ml/kg/min. and a distribution space of 67.6 ± 14.6 ml/kg.</s>
<s id="s757.1">&lt; To be completed as appropriate &gt;</s>
<s id="s758.1">5.3 Preclinical safety data</s>
<s id="s759.1">&lt; To be completed as appropriate &gt;</s>
<s id="s760.1">6.</s>
<s id="s760.2">PHARMACEUTICAL PARTICULARS</s>
<s id="s761.1">6.1 List of excipients</s>
<s id="s762.1">&lt; To be completed as appropriate &gt;</s>
<s id="s763.1">6.2 Incompatibilities</s>
<s id="s764.1">&lt; To be completed as appropriate &gt;</s>
<s id="s765.1">6.3 Shelf-life</s>
<s id="s766.1">&lt; To be completed as appropriate &gt;</s>
<s id="s767.1">CPMP/ 3478/ 03 6.4 Special precautions for storage</s>
<s id="s768.1">20/ 22</s>
<s id="s769.1">©EMEA 2003</s>
<s id="s770.1">&lt; To be completed as appropriate &gt;</s>
<s id="s771.1">6.5 Nature and contents of container</s>
<s id="s772.1">&lt; To be completed as appropriate &gt;</s>
<s id="s773.1">6.6 Instructions for use and handling</s>
<s id="s774.1">&lt; To be completed as appropriate &gt;</s>
<s id="s775.1">7.</s>
<s id="s775.2">MARKETING AUTHORISATION HOLDER</s>
<s id="s776.1">&lt; To be completed as appropriate &gt;</s>
<s id="s777.1">8.</s>
<s id="s777.2">MARKETING AUTHORISATION NUMBER(S)</s>
<s id="s778.1">&lt; To be completed as appropriate &gt;</s>
<s id="s779.1">9.</s>
<s id="s779.2">DATE OF FIRST AUTHORISATION/ RENEWAL OF THE AUTHORISATION</s>
<s id="s780.1">&lt; To be completed as appropriate &gt;</s>
<s id="s781.1">10.</s>
<s id="s781.2">DATE OF REVISION OF THE TEXT</s>
<s id="s782.1">&lt; To be completed as appropriate &gt;</s>
<s id="s783.1">CPMP/ 3478/ 03</s>
<s id="s784.1">21/ 22</s>
<s id="s785.1">©EMEA 2003</s>
</body>
</letsmt>
