<?xml version="1.0" encoding="utf-8"?>
<letsmt version="1.0">
<head></head>
<body>
<s id="s1.1">European Medicines Agency</s>
<s id="s2.1">EMEA/ V/ C/ 059</s>
<s id="s3.1">EVROPSKO JAVNO POROČILO O OCENI ZDRAVILA (EPAR)</s>
<s id="s4.1">EURICAN HERPES 205</s>
<s id="s5.1">Povzetek EPAR za javnost</s>
<s id="s6.1">Ta dokument je povzetek Evropskega javnega poročila o oceni zdravila (EPAR).</s>
<s id="s6.2">Njegov namen je pojasniti, kako je Odbor za zdravila za uporabo v veterinarski medicini (CVMP) ocenil predloženo dokumentacijo, na podlagi česar je oblikoval priporočila glede uporabe zdravila.</s>
<s id="s6.3">Ta dokument ne more nadomestiti osebnega pogovora z veterinarjem.</s>
<s id="s6.4">Če potrebujete več informacij o zdravstvenem stanju ali zdravljenju vaše živali, se posvetujte z veterinarjem.</s>
<s id="s6.5">Če želite več informacij o podlagi za priporočila CVMP, preberite znanstveno razpravo (ki je prav tako del EPAR).</s>
<s id="s7.1">Kaj je zdravilo Eurican Herpes 205?</s>
<s id="s7.2">Eurican Herpes 205 sestavljata prašek in vehikel za pripravo emulzije za injiciranje.</s>
<s id="s7.3">Eurican Herpes 205 vsebuje kot zdravilno učinkovino antigene pasjega herpesvirusa (sev F205) v odmerku od 0, 3 do 1, 75 µg.</s>
<s id="s8.1">Za kaj se zdravilo Eurican Herpes 205 uporablja?</s>
<s id="s8.2">Eurican Herpes 205 se uporablja za imunizacijo brejih psic, da bi tako preprečili smrtnost, klinične znake in lezije pri mladičih, ki jih povzroči okužba s pasjim herpesvirusom v prvih dneh življenja.</s>
<s id="s8.3">Eurican Herpes 205 damo kot dva 1 ml podkožna (subkutana) odmerka.</s>
<s id="s8.4">Prvo injekcijo damo bodisi v času, ko se psica goni, ali od 7 do 10 dni po datumu parjenja.</s>
<s id="s8.5">Drugo injekcijo damo 1 do 2 tedna pred pričakovanim dnevom kotitve.</s>
<s id="s8.6">Psico bi morali na enak način cepiti med vsako ponovno brejostjo.</s>
<s id="s9.1">Kako zdravilo Eurican Herpes 205 deluje?</s>
<s id="s9.2">Zdravilo Eurican Herpes 205 vsebuje majhno količino pasjega herpesvirusa.</s>
<s id="s9.3">Pri vbrizganju pride do šibke izpostavitve virusu, ki imunskemu sistemu pomaga pri tvorjenju protiteles proti pasjemu herpesvirusu in s tem tudi pri njegovi nevtralizaciji.</s>
<s id="s9.4">Po cepljenju bodo psice ta protitelesa preko svojega mleziva prenesle tudi na mladiče.</s>
<s id="s9.5">Pri izpostavitvi teh mladičev pasjemu herpesvirusu kasneje v življenju, se ti bodisi ne bodo okužili oziroma bo njihova okužba manj resna.</s>
<s id="s9.6">Zdravilo Eurican Herpes 205 je namenjeno za zaščito mladičev pred omenjeno okužbo v prvih dneh življenja.</s>
<s id="s10.1">Kako je bilo zdravilo Eurican Herpes 205 raziskano?</s>
<s id="s10.2">Zdravilo Eurican Herpes 205 so raziskali v treh laboratorijskih raziskavah in dveh terenskih preizkušanjih.</s>
<s id="s10.3">V enem izmed terenskih preizkušanj (tvorjenje protiteles) so merili serološke reakcije.</s>
<s id="s10.4">V drugem so raziskovali učinek cepljenja na sposobnost razplajanja psic v okuženem pesjaku.</s>
<s id="s10.5">V prvi laboratorijski raziskavi so testirali odmerek, ki je potreben za zagotovitev zaščite.</s>
<s id="s10.6">Drugo raziskavo so izvedli, da bi dokazali zaščito mladičev pred pasjim herpesvirusom zaradi cepljenja psic.</s>
<s id="s10.7">V tej raziskavi zdravila Eurican Herpes 205 niso primerjali z drugimi cepivi (kontrola).</s>
<s id="s10.8">Raziskava je pokazala, da je indukcija tvorjenja protiteles ustrezna, če se psice cepi na dan, ko se gonijo, ali od 7 do 10 dni po parjenju.</s>
<s id="s11.1">7 Westferry Circus, Canary Wharf, London E14 4HB, UK Tel.</s>
<s id="s11.2">(44- 20) 74 18 84 00 Fax (44- 20) 74 18 84 16 E- mail: mail@ emea. europa. eu http: // www. emea. europa. eu ©EMEA 2007 Reproduction and/ or distribution of this document is authorised for non commercial purposes only provided the EMEA is acknowledged Kakšne koristi je zdravilo Eurican Herpes 205 izkazalo med raziskavami?</s>
<s id="s11.3">Zdravilo Eurican Herpes 205 je pokazalo dobro sposobnost zaščite pred pasjim herpesvirusom.</s>
<s id="s11.4">V raziskavi, katere namen je bil pokazati zaščito mladičev (zaradi cepljenja psic) pred pasjim herpesvirusom, je preživelo več kot 80% mladičev cepljenih psic.</s>
<s id="s12.1">Kakšni so neželeni učinki zdravila Eurican Herpes 205?</s>
<s id="s12.2">Injekcija zdravila Eurican Herpes 205 lahko povzroči nastanek začasnega edema (zbiranje tekočine pod kožo) na mestu vbrizganja pri največ 10% živali.</s>
<s id="s12.3">Ta neželeni učinek navadno izgine v enem tednu.</s>
<s id="s12.4">Redko lahko pride do reakcij prekomerne občutljivosti (alergije), ki zahtevajo zdravljenje.</s>
<s id="s13.1">Kakšne previdnostne ukrepe mora upoštevati oseba, ki daje zdravilo ali pride v stik z živaljo?</s>
<s id="s13.2">Zdravilo Eurican Herpes 205 vsebuje mineralno olje.</s>
<s id="s13.3">Nenamerno vbrizganje lahko povzroči hudo bolečino in otekanje, predvsem če se zdravilo vbrizga v sklep ali prst – redko povzroči izgubo prsta.</s>
<s id="s13.4">Če je nekdo nenamerno prejel injekcijo tega zdravila, naj takoj poišče zdravniški nasvet, tudi če je bila vbrizgana zelo majhna količina.</s>
<s id="s13.5">K zdravniku nesite tudi Navodilo za uporabo.</s>
<s id="s13.6">Če bolečina vztraja več kot 12 ur po zdravniškem pregledu, je treba zdravnika ponovno obiskati.</s>
<s id="s14.1">Zakaj je bilo zdravilo Eurican Herpes 205 odobreno?</s>
<s id="s14.2">Odbor za zdravila za uporabo v veterinarski medicini (CVMP) je mnenja, da so koristi zdravila Eurican Herpes 205 večje od vseh tveganj pri imunizaciji zdravih psic na pasji herpesvirus.</s>
<s id="s14.3">Odbor je priporočil odobritev dovoljenja za promet z zdravilom Eurican Herpes 205.</s>
<s id="s14.4">Razmerje med koristmi in tveganji je v modulu 6 tega Evropskega javnega poročila o oceni zdravila (EPAR).</s>
<s id="s15.1">Druge informacije o zdravilu Eurican Herpes 205:</s>
<s id="s15.2">Evropska komisija je dovoljenje za promet z zdravilom Eurican Herpes 205, veljavno po vsej Evropski uniji, odobrila družbi Merial dne 26. marca 2001.</s>
<s id="s15.3">Podatki o statusu predpisovanja tega zdravila so odtisnjeni na škatli zdravila.</s>
<s id="s16.1">Ta povzetek je bil nazadnje posodobljen 11- 2006.</s>
<s id="s17.1">©EMEA 2007</s>
<s id="s18.1">2/ 2</s>
</body>
</letsmt>
