<?xml version="1.0" encoding="utf-8"?>
<letsmt version="1.0">
<head></head>
<body>
<s id="s1.1">DODATEK I</s>
<s id="s2.1">POVZETEK GLAVNIH ZNAČILNOSTI ZDRAVILA</s>
<s id="s3.1">1 1.</s>
<s id="s3.2">IME ZDRAVILA ZA UPORABO V VETERINARSKI MEDICINI</s>
<s id="s4.1">BTVPUR AlSap 8 suspenzija za injiciranje.</s>
<s id="s5.1">2.</s>
<s id="s5.2">KAKOVOSTNA IN KOLIČINSKA SESTAVA</s>
<s id="s6.1">Vsak odmerek (1 ml) cepiva vsebuje:</s>
<s id="s7.1">Zdravilna učinkovina:.</s>
<s id="s7.2">Virus modrega jezika, serotip 8, antigen ………………………………………………. ≥ 7. 1 CCID50 * (*) Ekvivalent titru pred inaktivacijo (log 10)</s>
<s id="s8.1">Dodatki:.</s>
<s id="s8.2">Aluminijev hidroksid ………………………………………………………………………… 2. 7 mg.</s>
<s id="s8.3">Saponin ……………………………………………………………………………………… 30 HU ** (**) Hemolizne enote</s>
<s id="s9.1">Pomožne snovi:</s>
<s id="s9.2">Za celoten seznam pomožnih snovi, glejte poglavje 6. 1.</s>
<s id="s10.1">3.</s>
<s id="s10.2">FARMACEVTSKA OBLIKA</s>
<s id="s11.1">Suspenzija za injiciranje.</s>
<s id="s12.1">4.</s>
<s id="s12.2">KLINIČNI PODATKI</s>
<s id="s13.1">4. 1 Ciljne živalske vrste</s>
<s id="s14.1">Ovce in govedo.</s>
<s id="s15.1">4. 2 Indikacije za uporabo pri ciljnih živalskih vrstah</s>
<s id="s16.1">Aktivna imunizacija ovac in goveda proti virusu modrega jezika, serotip 8, za preprečitev viremije * in zmanjšanje kliničnih znakov. * (pod stopnjo detekcije z validirano metodo RT- PCR pri 3. 14log10 RNA kopijah/ ml, ni prenosa virusa)</s>
<s id="s17.1">Imunost nastopi 3 tedne po osnovnem cepljenju.</s>
<s id="s17.2">Trajanje imunosti še ni dokončno ugotovljeno niti pri govedu niti pri ovcah, dosedanji rezultati študij, ki še potekajo pa dokazujejo, da traja imunost pri ovcah vsaj 6 mesecev po osnovnem cepljenju.</s>
<s id="s18.1">4. 3 Kontraindikacije</s>
<s id="s19.1">Jih ni.</s>
<s id="s20.1">4. 4.</s>
<s id="s20.2">Posebna opozorila za vsako ciljno živalsko vrsto</s>
<s id="s21.1">Ob uporabi cepiva pri drugih domačih in divjih vrstah prežvekovalcev, ki jih ogroža okužba, je potrebna previdnost; priporočljivo je testno cepljenje manjšega števila živali pred masovnim cepljenjem.</s>
<s id="s21.2">Učinkovitost pri drugih vrstah se lahko razlikuje od dokazane učinkovitosti pri ovcah in govedu.</s>
<s id="s22.1">2 4. 5 Posebni previdnostni ukrepi</s>
<s id="s23.1">Posebni previdnostni ukrepi za uporabo pri živalih</s>
<s id="s24.1">Cepite le zdrave živali.</s>
<s id="s25.1">Posebni previdnostni ukrepi, ki jih mora izvajati oseba, ki živalim daje zdravilo</s>
<s id="s26.1">Jih ni.</s>
<s id="s27.1">4. 6.</s>
<s id="s27.2">Neželeni učinki (pogostost in resnost)</s>
<s id="s28.1">Po cepljenju se lahko na mestu dajanja pojavi prehodna manjša lokalizirana oteklina (največ 32 cm2), ki hitro izgine (v največ 14 dneh).</s>
<s id="s28.2">Do 24 ur po cepljenju je možen pojav prehodnega povišanja telesne temperature, ki navadno ne preseže 1. 1 °C.</s>
<s id="s29.1">4. 7.</s>
<s id="s29.2">Uporaba v obdobju brejosti, laktacije ali nesnosti</s>
<s id="s30.1">Lahko se uporablja v obdobju brejosti pri ovcah.</s>
<s id="s30.2">Pri kravah varnost uporabe med brejostjo še ni bila dokončno potrjena, vendar vmesni rezultati študij, ki še potekajo, dokazujejo varnost vsaj v zadnjem trimesečju brejosti.</s>
<s id="s31.1">Varnost in učinkovitost cepiva nista bili ugotovljeni pri plemenjakih.</s>
<s id="s31.2">Pri tej kategoriji živali je potrebno cepivo uporabljati glede na presojo razmerja korist/ tveganje odgovornega veterinarja oziroma v skladu z veljavnimi smernicami pristojnih nacionalnih organov glede cepljenja proti bolezni modrega jezika (BTV).</s>
<s id="s32.1">4. 8 Medsebojno delovanje z drugimi zdravili in druge oblike interakcij</s>
<s id="s33.1">Ni podatkov o varnosti ter učinkovitosti cepiva ob istočasnem dajanju katerega koli drugega zdravila za uporabo v veterinarski medicini.</s>
<s id="s33.2">Zato se za uporabo tega cepiva pred ali po uporabi katerega koli drugega zdravila odločamo od primera od primera.</s>
<s id="s34.1">4. 9 Odmerjanje in pot uporabe</s>
<s id="s35.1">Ravnajte v skladu z običajnimi načeli asepse.</s>
<s id="s35.2">Pred uporabo rahlo pretresite.</s>
<s id="s35.3">Izogibajte se nastanku zračnih mehurčkov saj le- ti lahko povzročijo draženje na mestu dajanja.</s>
<s id="s35.4">Takoj po odpiranju porabite celotno vsebino stekleničke.</s>
<s id="s35.5">Izogibajte se večkratnemu prebadanju stekleničke.</s>
<s id="s35.6">Injicirajte 1 ml v podkožje po naslednjem razporedu:</s>
<s id="s36.1">• Osnovno cepljenje Ovce</s>
<s id="s37.1">- Prvi odmerek: od 1 meseca starosti pri predhodno necepljenih živalih (ali od 2. 5 meseca</s>
<s id="s38.1">starosti pri mladičih imunih ovc).</s>
<s id="s39.1">Govedo</s>
<s id="s40.1">- Prvi odmerek: od 1 meseca starosti pri predhodno necepljenih živalih (ali od 2. 5 meseca</s>
<s id="s41.1">starosti pri mladičih imunih krav).</s>
<s id="s42.1">- Drugi odmerek: po 3- 4 tednih</s>
<s id="s43.1">• Ponovno cepljenje Ker trajanje imunosti pri govedu in ovcah še ni dokončno ugotovljeno, se je potrebno za vsak program ponovnega cepljenja dogovoriti s pristojnimi nacionalnimi organi ali odgovornim veterinarjem, upoštevajoč pri tem epidemiološko situacijo.</s>
<s id="s44.1">3 4. 10 Preveliko odmerjanje (simptomi, nujni ukrepi, protistrupi) (če je potrebno)</s>
<s id="s45.1">Drugi učinki, razen tistih ki so navedeni v poglavju 4. 6, niso bili opaženi po dajanju dvakratnega odmerka cepiva.</s>
<s id="s46.1">4. 11 Karenca</s>
<s id="s47.1">Nič dni.</s>
<s id="s48.1">5.</s>
<s id="s48.2">IMUNOLOŠKE LASTNOSTI</s>
<s id="s49.1">Farmakoterapevtska skupina: cepivo proti virusu modrega jezika; oznaka ATC vet QI04AA02 (ovce) in QI02AA08 (govedo).</s>
<s id="s50.1">Cepivo vsebuje inaktiviran virus modrega jezika, serotip 8, z aluminijevim hidroksidom in saponini kot adjuvansi.</s>
<s id="s50.2">Pri cepljeni živali sproži nastanek aktivne in specifične imunosti proti virusu modrega jezika, serotip 8.</s>
<s id="s51.1">6.</s>
<s id="s51.2">FARMACEVTSKI PODATKI</s>
<s id="s52.1">6. 1.</s>
<s id="s52.2">Seznam pomožnih snovi</s>
<s id="s53.1">Silikon (proti penjenju) Fosfatni pufer Glicerinski pufer</s>
<s id="s54.1">6. 2 Inkompatibilnosti</s>
<s id="s55.1">Zaradi pomanjkanja študij kompatibilnosti tega zdravila ne smemo mešati z drugimi zdravili za uporabo v veterinarski medicini.</s>
<s id="s56.1">6. 3 Rok uporabnosti</s>
<s id="s57.1">Rok uporabnosti zdravila v pakiranju za prodajo:</s>
<s id="s57.2">12 mesecev.</s>
<s id="s57.3">Rok uporabnosti po prvem odpiranju stične ovojnine: takoj po prvem odpiranju</s>
<s id="s58.1">6. 4.</s>
<s id="s58.2">Posebna navodila za shranjevanje</s>
<s id="s59.1">Shranjujte in prevažajte v hladilniku (2 °C – 8 °C).</s>
<s id="s59.2">Zdravilo ne sme zmrzniti.</s>
<s id="s59.3">Zaščitite pred svetlobo.</s>
<s id="s60.1">6. 5 Vrsta ovojnine in vsebina</s>
<s id="s61.1">50 ali 100 ml polipropilenska plastenka z butil elastomerno zaporko.</s>
<s id="s61.2">Škatla z 1 plastenko s 100 odmerki (1 x 100 ml).</s>
<s id="s61.3">Škatla z 10 plastenkami s 100 odmerki (10 x 100 ml).</s>
<s id="s61.4">Škatla z 1 plastenko s 50 odmerki (1 x 50 ml).</s>
<s id="s61.5">Škatla z 10 plastenkami s 50 odmerki (10 x 50 ml).</s>
<s id="s62.1">10 ml steklenička (steklo tipa I) z butil elastomerno zaporko.</s>
<s id="s62.2">Škatlica z 1 stekleničko z 10 odmerki (1 x 10 ml).</s>
<s id="s63.1">Ni nujno, da so v prometu vsa navedena pakiranja.</s>
<s id="s64.1">4 6. 6 Posebni varnostni ukrepi za odstranjevanje neporabljenega zdravila ali odpadnih snovi</s>
<s id="s65.1">Vsako neporabljeno zdravilo za uporabo v veterinarski medicini ali odpadne snovi, ki nastanejo iz teh zdravil, je treba odstraniti v skladu z lokalnimi predpisi.</s>
<s id="s66.1">7.</s>
<s id="s66.2">IMETNIK( I) DOVOLJENJ( A) ZA PROMET</s>
<s id="s67.1">MERIAL 29, avenue Tony Garnier 69007 Lyon FRANCIJA</s>
<s id="s68.1">8.</s>
<s id="s68.2">ŠTEVILKA( E) DOVOLJENJ( A) ZA PROMET</s>
<s id="s69.1">EU/ 2/ 09/ 094/ 001 EU/ 2/ 09/ 094/ 002 EU/ 2/ 09/ 094/ 003 EU/ 2/ 09/ 094/ 004 EU/ 2/ 09/ 094/ 005</s>
<s id="s70.1">9.</s>
<s id="s70.2">DATUM PRIDOBITVE/ PODALJŠANJA DOVOLJENJA ZA PROMET</s>
<s id="s71.1">{DD/ MM/ LLLL}</s>
<s id="s72.1">10.</s>
<s id="s72.2">DATUM REVIZIJE BESEDILA</s>
<s id="s73.1">{MM/ LLLL}</s>
<s id="s74.1">PREPOVED PRODAJE, OSKRBE IN/ ALI UPORABE</s>
<s id="s75.1">Uvoz, prodaja, oskrba in/ ali uporaba BTVPUR AlSap 8 je ali je lahko prepovedana v nekaterih državah članicah na njihovem celotnem ozemlju ali delu ozemlja v skladu z nacionalnim programom zdravstvenega varstva živali.</s>
<s id="s75.2">Vsakdo, ki namerava uvažati, prodajati, oskrbovati in/ ali uporabljati BTVPUR AlSap 8, se mora posvetovati s pristojnimi organi posamezne države članice o veljavnih programih cepljenja še pred vnosom/ uvozom, prodajo, oskrbo in/ ali uporabo.</s>
<s id="s76.1">5 DODATEK II</s>
<s id="s77.1">A.</s>
<s id="s77.2">IZDELOVALEC( IZDELOVALCI) BIOLOŠKE ZDRAVILNE UČINKOVINE (ZDRAVILNIH UČINKOVIN) IN IMETNIK( I) DOVOLJENJ( A) ZA IZDELAVO ZDRAVILA, ODGOVOREN( ODGOVORNI) ZA SPROŠČANJE SERIJE</s>
<s id="s78.1">B.</s>
<s id="s78.2">POGOJI DOVOLJENJA ZA PROMET Z ZDRAVILOM TER OMEJITVE GLEDE OSKRBE IN UPORABE</s>
<s id="s79.1">C.</s>
<s id="s79.2">POGOJI DOVOLJENJA ZA PROMET Z ZDRAVILOM TER OMEJITVE GLEDE VARNE IN UČINKOVITE UPORABE</s>
<s id="s80.1">D.</s>
<s id="s80.2">NAVEDBA NAJVIŠJIH DOVOLJENIH KOLIČIN OSTANKOV ZDRAVILA (MRL)</s>
<s id="s81.1">E.</s>
<s id="s81.2">POSEBNE ZAHTEVE, KI JIH MORA IZPOLNITI IMETNIK DOVOLJENJA ZA PROMET Z ZDRAVILOM</s>
<s id="s82.1">6 A.</s>
<s id="s82.2">IZDELOVALEC BIOLOŠKE ZDRAVILNE UČINKOVINE IN IMETNIK DOVOLJENJA ZA IZDELAVO ZDRAVILA, ODGOVOREN ZA SPROSTITEV SERIJE</s>
<s id="s83.1">Ime in naslov izdelovalca biološke zdravilne učinkovine</s>
<s id="s84.1">MERIAL Animal Health Limited Biological Laboratory, Ash Road, Pirbright, Woking, Surrey GU24 0NQ Velika Britanija</s>
<s id="s85.1">Ime in naslov izdelovalca zdravila, odgovornega za sprostitev serije</s>
<s id="s86.1">MERIAL Laboratory of Lyon Porte des Alpes Rue de l’ Aviation, 69800 Saint- Priest Francija</s>
<s id="s87.1">B.</s>
<s id="s87.2">POGOJI DOVOLJENJA ZA PROMET Z ZDRAVILOM TER OMEJITVE GLEDE OSKRBE IN UPORABE</s>
<s id="s88.1">Skladno z 71. členom Direktive 2001/ 82/ ES Evropskega parlamenta in Sveta, države članice prepovejo ali lahko prepovejo uvoz, prodajo, oskrbo in/ ali uporabo zdravila za uporabo v veterinarski medicini na svojem celotnem ozemlju ali delu ozemlja, če se ugotovi da:</s>
<s id="s89.1">a) bi uporaba zdravila za uporabo v veterinarski medicini ovirala izvajanje nacionalnih programov za diagnozo, nadzor ali zatiranje živalskih bolezni ali da bi povzročila težave pri zagotavljanju odsotnosti okuženosti pri živih živalih ali živilih ali drugih proizvodih, pridobljenih iz zdravljenih živali.</s>
<s id="s90.1">b) bolezen, za katero se z zdravilom za uporabo v veterinarski medicini pridobi imunost, na območju skoraj ni prisotna.</s>
<s id="s91.1">Uporaba tega zdravila za uporabo v veterinarski medicini je dovoljena samo pod posebnimi pogoji, ki jih za nadzor nad boleznijo modrega jezika predpisuje zakonodaja Evropske skupnosti.</s>
<s id="s92.1">Imetnik tega dovoljenja za promet mora obvestiti Evropsko skupnost o marketinških aktivnostih vezanih na to zdravilo za uporabo v veterinarski medicini.</s>
<s id="s93.1">C.</s>
<s id="s93.2">POGOJI DOVOLJENJA ZA PROMET Z ZDRAVILOM TER OMEJITVE GLEDE VARNE IN UČINKOVITE UPORABE</s>
<s id="s94.1">Ni smiselno.</s>
<s id="s95.1">7 D.</s>
<s id="s95.2">NAVEDBA NAJVIŠJIH DOVOLJENIH KOLIČIN ZAOSTANKOV ZDRAVILA (MRL)</s>
<s id="s96.1">Naslednje substance so vključene v Dodatek II Uredbe Sveta (ES) No 2377/ 90 kot je navedeno v tabeli:</s>
<s id="s97.1">Farmakološko aktivna snov</s>
<s id="s98.1">Marker ostanek</s>
<s id="s99.1">Druge določbe</s>
<s id="s100.1">Aluminijev hidroksid</s>
<s id="s101.1">Vse</s>
<s id="s102.1">EC 2796/ 95</s>
<s id="s103.1">Saponin</s>
<s id="s104.1">Vse</s>
<s id="s105.1">EC1433/ 96</s>
<s id="s106.1">E.</s>
<s id="s106.2">POSEBNE ZAHTEVE, KI JIH MORA IZPOLNITI IMETNIK DOVOLJENJA ZA PROMET Z ZDRAVILOM</s>
<s id="s107.1">1.</s>
<s id="s107.2">Predlagatelj je dolžan v 6 mesecih po odobritvi dovoljenja za promet predložiti načrt ukrepov s časovnimi okvirji za vsa vprašanja, ki jih je še potrebno rešiti, da dobi dovoljenje za promet normalni status.</s>
<s id="s107.3">Predloženi podatki bodo ocenjeni in potrjeni s strani CVMP in bodo del letne ponovne ocene.</s>
<s id="s108.1">2.</s>
<s id="s108.2">Za prvo in nadaljnja letna ponovna ocenjevanja mora imetnik dovoljenja za promet letno predložiti posodobljeno oceno tveganja stalne uporabe cepiva, upoštevajoč pri tem nadaljnje potrebe po cepivu, uporabo cepiva v preteklih 12 mesecih in napredek pri razreševanju vprašanj, ki jih je še potrebno rešiti, da dobi dovoljenje za promet normalni status.</s>
<s id="s109.1">3.</s>
<s id="s109.2">Predlagatelj je dolžan, poleg izpolnjevanja vseh drugih zakonsko določenih zahtev glede poročanja o neželenih učinkih, predložiti 6 mesečnih PSUR, pričenši s časom pridobitve dovoljenja za promet.</s>
<s id="s109.3">Predlagatelj mora pri pripravi PSUR posebno pozorno spremljati in ocenjevati naslednje možne neželene učinke: abortuse, pogine, vplive na proizvodnjo mleka, lokalne reakcije, povišano telesno temperaturo, letargičnost in reakcije hipersenzitivnosti vključno z alergičnimi reakcijami.</s>
<s id="s109.4">Pogostnost predaje PSUR bo ocenjena ob letni ponovni oceni tega zdravila za uporabo v veterinarski medicini.</s>
<s id="s110.1">8 DODATEK III</s>
<s id="s111.1">OZNAČEVANJE IN NAVODILO ZA UPORABO</s>
<s id="s112.1">9 A.</s>
<s id="s112.2">OZNAČEVANJE</s>
<s id="s113.1">10 PODATKI NA ZUNANJI OVOJNINI PODATKI NA STIČNI OZ.</s>
<s id="s113.2">PRIMARNI OVOJNINI</s>
<s id="s114.1">Škatla z 1 stekleničko z 10 ml Škatla z 1 plastenko s 100 ml Škatla z 10 plastenkami po 100 ml Škatla z 1 plastenko s 50 ml Škatla z 10 plastenkami 50 ml</s>
<s id="s115.1">1.</s>
<s id="s115.2">IME ZDRAVILA ZA UPORABO V VETERINARSKI MEDICINI</s>
<s id="s116.1">BTVPUR AlSap 8 suspenzija za injiciranje</s>
<s id="s117.1">2.</s>
<s id="s117.2">NAVEDBA ZDRAVILNE( IH) UČINKOVIN( E) IN DRUGIH SNOVI</s>
<s id="s118.1">Vsak odmerek (1ml) cepiva vsebuje: antigen BTV8 ≥ 7. 1 CCID50 *</s>
<s id="s119.1">Aluminijev hidroksid, Saponin q. s.</s>
<s id="s119.2">1 odmerek (*) (*) glejte navodilo za uporabo</s>
<s id="s120.1">3.</s>
<s id="s120.2">FARMACEVTSKA OBLIKA</s>
<s id="s121.1">Suspenzija za injiciranje.</s>
<s id="s122.1">4.</s>
<s id="s122.2">VELIKOST PAKIRANJA</s>
<s id="s123.1">1 steklenička z 10 odmerki (1 x 10 ml) 1 plastenka s 50 odmerki (1 x 50 ml) 10 plastenk s 50 odmerki (1 x 50 ml) 1 plastenka s 100 odmerki (1 x 100 ml) 10 plastenka s 100 odmerki (1 x 100 ml)</s>
<s id="s124.1">5.</s>
<s id="s124.2">CILJNE ŽIVALSKE VRSTE</s>
<s id="s125.1">Ovce in govedo.</s>
<s id="s126.1">6.</s>
<s id="s126.2">INDIKACIJA( E)</s>
<s id="s127.1">Aktivna imunizacija ovc in goveda proti virusu modrega jezika, serotip 8, za preprečitev viremije in kliničnih znakov.</s>
<s id="s127.2">Pred uporabo preberite navodilo za uporabo.</s>
<s id="s128.1">7.</s>
<s id="s128.2">NAČIN IN POT( I) UPORABE</s>
<s id="s129.1">Subkutana uporaba.</s>
<s id="s129.2">Pred uporabo preberite navodilo za uporabo.</s>
<s id="s130.1">11 8.</s>
<s id="s130.2">KARENCA</s>
<s id="s131.1">Karenca:</s>
<s id="s131.2">Nič dni.</s>
<s id="s132.1">9.</s>
<s id="s132.2">POSEBNO( A) OPOZORILO( A), ČE JE/ SO POTREBNO( A)</s>
<s id="s133.1">Pred uporabo preberite navodilo za uporabo.</s>
<s id="s134.1">10.</s>
<s id="s134.2">DATUM IZTEKA ROKA UPORABNOSTI ZDRAVILA</s>
<s id="s135.1">EXP {mesec/ leto} Rok uporabnosti po prvem odpiranju stične ovojnine: takoj po prvem odpiranju.</s>
<s id="s136.1">11.</s>
<s id="s136.2">POSEBNA NAVODILA ZA SHRANJEVANJE</s>
<s id="s137.1">Shranjujte in prevažajte v hladilniku (2 °C – 8 °C).</s>
<s id="s137.2">Zdravilo ne sme zmrzniti.</s>
<s id="s137.3">Zaščitite pred svetlobo.</s>
<s id="s138.1">12.</s>
<s id="s138.2">POSEBNI VARNOSTNI UKREPI ZA ODSTRANJEVANJE NEPORABLJENEGA ZDRAVILA ALI ODPADNIH SNOVI, ČE OBSTAJAJO</s>
<s id="s139.1">Pred uporabo preberite navodilo za uporabo.</s>
<s id="s140.1">13.</s>
<s id="s140.2">BESEDILO “ SAMO ZA ŽIVALI ” IN POGOJI ALI OMEJITVE GLEDE OSKRBE IN UPORABE, če je smiselno</s>
<s id="s141.1">Samo za živali - na veterinarski recept.</s>
<s id="s142.1">14.</s>
<s id="s142.2">BESEDILO “ ZDRAVILO SHRANJUJTE NEDOSEGLJIVO OTROKOM ”</s>
<s id="s143.1">Zdravilo shranjujte nedosegljivo otrokom.</s>
<s id="s144.1">15.</s>
<s id="s144.2">IME IN NASLOV IMETNIKA DOVOLJENJA ZA PROMET Z ZDRAVILOM</s>
<s id="s145.1">MERIAL 29, avenue Tony Garnier 69007 Lyon FRANCIJA</s>
<s id="s146.1">16.</s>
<s id="s146.2">ŠTEVILKA( E) DOVOLJENJ( A) ZA PROMET</s>
<s id="s147.1">EU/ 2/ 09/ 094/ 001 EU/ 2/ 09/ 094/ 002 EU/ 2/ 09/ 094/ 003</s>
<s id="s148.1">12 EU/ 2/ 09/ 094/ 004 EU/ 2/ 09/ 094/ 005</s>
<s id="s149.1">17.</s>
<s id="s149.2">IZDELOVALČEVA ŠTEVILKA SERIJE</s>
<s id="s150.1">Lot {številka}</s>
<s id="s151.1">13 PODATKI, KI MORAJO BITI NAJMANJ NAVEDENI NA MANJŠIH STIČNIH OVOJNINAH</s>
<s id="s152.1">Steklenička z 10 in 50 ml</s>
<s id="s153.1">1.</s>
<s id="s153.2">IME ZDRAVILA ZA UPORABO V VETERINARSKI MEDICINI</s>
<s id="s154.1">BTVPUR AlSap 8 suspenzija za injiciranje</s>
<s id="s155.1">2.</s>
<s id="s155.2">KOLIČINA ZDRAVILNE( IH) UČINKOVIN( E)</s>
<s id="s156.1">Antigen BTV8 …………………………………………… ≥ 7. 1 CCID50</s>
<s id="s157.1">3.</s>
<s id="s157.2">VSEBINA, IZRAŽENA Z MASO, PROSTORNINO ALI ŠTEVILOM ODMERKOV</s>
<s id="s158.1">10 odmerkov (10 ml) 50 odmerkov (50 ml)</s>
<s id="s159.1">4.</s>
<s id="s159.2">POT( I) UPORABE ZDRAVILA</s>
<s id="s160.1">Subkutana uporaba.</s>
<s id="s161.1">5.</s>
<s id="s161.2">KARENCA</s>
<s id="s162.1">Karenca:</s>
<s id="s162.2">Nič dni.</s>
<s id="s163.1">6.</s>
<s id="s163.2">ŠTEVILKA SERIJE</s>
<s id="s164.1">Lot {številka}</s>
<s id="s165.1">7.</s>
<s id="s165.2">DATUM IZTEKA ROKA UPORABNOSTI ZDRAVILA</s>
<s id="s166.1">EXP {mesec/ leto} Po odprtju uporabite takoj.</s>
<s id="s167.1">8.</s>
<s id="s167.2">BESEDILO “ SAMO ZA ŽIVALI ”</s>
<s id="s168.1">Samo za živali.</s>
<s id="s169.1">14 PODATKI NA STIČNI OZ.</s>
<s id="s169.2">PRIMARNI OVOJNINI</s>
<s id="s170.1">Plastenka s 100 ml</s>
<s id="s171.1">1.</s>
<s id="s171.2">IME ZDRAVILA ZA UPORABO V VETERINARSKI MEDICINI</s>
<s id="s172.1">BTVPUR AlSap 8 suspenzija za injiciranje</s>
<s id="s173.1">2.</s>
<s id="s173.2">NAVEDBA ZDRAVILNE( IH) UČINKOVIN( E) IN DRUGIH SNOVI</s>
<s id="s174.1">Vsak odmerek (1ml) cepiva vsebuje: virus modrega jezika, serotip 8, antigen ……………………………………… ≥ 7. 1 CCID50</s>
<s id="s175.1">3.</s>
<s id="s175.2">FARMACEVTSKA OBLIKA</s>
<s id="s176.1">Pred uporabo preberite navodilo za uporabo.</s>
<s id="s177.1">4.</s>
<s id="s177.2">VELIKOST PAKIRANJA</s>
<s id="s178.1">100 odmerkov (100 ml)</s>
<s id="s179.1">5.</s>
<s id="s179.2">CILJNE ŽIVALSKE VRSTE</s>
<s id="s180.1">Ovce in govedo.</s>
<s id="s181.1">6.</s>
<s id="s181.2">INDIKACIJA( E)</s>
<s id="s182.1">Aktivna imunizacija ovc in goveda proti virusu modrega jezika, serotip 8, za preprečitev viremije in zmanjšanje kliničnih znakov.</s>
<s id="s183.1">7.</s>
<s id="s183.2">NAČIN IN POT( I) UPORABE</s>
<s id="s184.1">Subkutana uporaba.</s>
<s id="s184.2">Pred uporabo preberite navodilo za uporabo.</s>
<s id="s185.1">8.</s>
<s id="s185.2">KARENCA</s>
<s id="s186.1">Karenca:</s>
<s id="s186.2">Nič dni.</s>
<s id="s187.1">9.</s>
<s id="s187.2">POSEBNO( A) OPOZORILO( A), ČE JE/ SO POTREBNO( A)</s>
<s id="s188.1">Pred uporabo preberite navodilo za uporabo.</s>
<s id="s189.1">15 10.</s>
<s id="s189.2">DATUM IZTEKA ROKA UPORABNOSTI ZDRAVILA</s>
<s id="s190.1">EXP {mesec/ leto} Po odprtju uporabite takoj.</s>
<s id="s191.1">11.</s>
<s id="s191.2">POSEBNA NAVODILA ZA SHRANJEVANJE</s>
<s id="s192.1">Shranjujte in prevažajte v hladilniku (2 °C – 8 °C).</s>
<s id="s192.2">Zdravilo ne sme zmrzniti.</s>
<s id="s192.3">Zaščitite pred svetlobo.</s>
<s id="s193.1">12.</s>
<s id="s193.2">POSEBNI VARNOSTNI UKREPI ZA ODSTRANJEVANJE NEPORABLJENEGA ZDRAVILA ALI ODPADNIH SNOVI, ČE OBSTAJAJO</s>
<s id="s194.1">Pred uporabo preberite navodilo za uporabo.</s>
<s id="s195.1">13.</s>
<s id="s195.2">BESEDILO “ SAMO ZA ŽIVALI ” IN POGOJI ALI OMEJITVE GLEDE OSKRBE IN UPORABE, če je navedba smiselna</s>
<s id="s196.1">Samo za živali - na veterinarski recept.</s>
<s id="s197.1">14.</s>
<s id="s197.2">BESEDILO “ ZDRAVILO SHRANJUJTE NEDOSEGLJIVO OTROKOM ”</s>
<s id="s198.1">Zdravilo shranjujte nedosegljivo otrokom.</s>
<s id="s199.1">15.</s>
<s id="s199.2">IME IN NASLOV IMETNIKA DOVOLJENJA ZA PROMET Z ZDRAVILOM</s>
<s id="s200.1">MERIAL 29, avenue Tony Garnier 69007 Lyon FRANCIJA</s>
<s id="s201.1">16.</s>
<s id="s201.2">ŠTEVILKA( E) DOVOLJENJ( A) ZA PROMET</s>
<s id="s202.1">EU/ 2/ 09/ 094/ 001 EU/ 2/ 09/ 094/ 002</s>
<s id="s203.1">17.</s>
<s id="s203.2">IZDELOVALČEVA ŠTEVILKA SERIJE</s>
<s id="s204.1">Lot {številka}</s>
<s id="s205.1">16 B.</s>
<s id="s205.2">NAVODILO ZA UPORABO</s>
<s id="s206.1">17 NAVODILO ZA UPORABO</s>
<s id="s207.1">BTVPUR AlSap 8 suspenzija za injiciranje</s>
<s id="s208.1">1.</s>
<s id="s208.2">IME IN NASLOV IMETNIKA DOVOLJENJA ZA PROMET Z ZDRAVILOM TER IMETNIKA DOVOLJENJA ZA IZDELAVO ZDRAVILA, ODGOVORNEGA ZA SPROSTITEV SERIJE V EGP, ČE STA RAZLIČNA</s>
<s id="s209.1">Imetnik dovoljenja za promet z zdravilom:</s>
<s id="s209.2">MERIAL 29 avenue Tony Garnier 69007 Lyon, Francija</s>
<s id="s210.1">Izdelovalec, odgovoren za sprostitev serije:</s>
<s id="s210.2">MERIAL Laboratory of Lyon Porte des Alpes Rue de l’ Aviation, 69800 Saint- Priest Francija</s>
<s id="s211.1">2.</s>
<s id="s211.2">IME ZDRAVILA ZA UPORABO V VETERINARSKI MEDICINI</s>
<s id="s212.1">BTVPUR AlSap 8suspenzija za injiciranje</s>
<s id="s213.1">3.</s>
<s id="s213.2">NAVEDBA ZDRAVILNE( IH) UČINKOVIN( E) IN DRUGEIH SESTAVIN</s>
<s id="s214.1">Vsak odmerek (1ml) cepiva vsebuje:</s>
<s id="s214.2">Virus modrega jezika, serotip 8, antigen ……………………………………………... … ≥ 7. 1 CCID50 * Aluminijev hidroksid ……………………………………………………………………………... 2. 7 mg Saponin ………………………………………………………………………………………… 30 HU ** (*) Ekvivalent titru pred inaktivacijo (log10) (**) Hemolizne enote</s>
<s id="s215.1">4.</s>
<s id="s215.2">INDIKACIJA( E)</s>
<s id="s216.1">Aktivna imunizacija ovac in goveda proti virusu modrega jezika, serotip 8 (BTV8), za preprečitev viremije * in zmanjšanje kliničnih znakov. * pod stopnjo detekcije z validirano metodo RT- PCR pri 3. 14log10 RNA kopijah/ ml, ni prenosa virusa</s>
<s id="s217.1">Imunost nastopi 3 tedne po osnovnem cepljenju.</s>
<s id="s217.2">Trajanje imunosti še ni dokončno ugotovljeno niti pri govedu niti pri ovcah, dosedanji rezultati študij, ki še potekajo pa dokazujejo, da traja imunost pri ovcah vsaj 6 mesecev po osnovnem cepljenju.</s>
<s id="s218.1">5.</s>
<s id="s218.2">KONTRAINDIKACIJE</s>
<s id="s219.1">Jih ni.</s>
<s id="s220.1">6.</s>
<s id="s220.2">NEŽELENI UČINKI</s>
<s id="s221.1">Po cepljenju se lahko na mestu dajanja pojavi prehodna manjša lokalizirana oteklina (največ 32 cm2),</s>
<s id="s222.1">18 ki hitro izgine (v največ 14 dneh).</s>
<s id="s222.2">Do 24 ur po cepljenju je možen pojav prehodnega povišanja telesne temperature, ki navadno ne preseže 1. 1 °C.</s>
<s id="s222.3">Če opazite kakršne koli resne stranske učinke ali druge učinke, ki niso omenjeni v teh navodilih za uporabo, obvestite svojega veterinarja.</s>
<s id="s223.1">7.</s>
<s id="s223.2">CILJNE ŽIVALSKE VRSTE</s>
<s id="s224.1">Ovce in govedo.</s>
<s id="s225.1">8.</s>
<s id="s225.2">ODMERKI ZA POSAMEZNE ŽIVALSKE VRSTE TER POT( I) IN NAČIN UPORABE ZDRAVILA</s>
<s id="s226.1">Injicirajte 1 ml v podkožje po naslednjem razporedu:</s>
<s id="s227.1">• Osnovno cepljenje Ovce</s>
<s id="s228.1">- Prvi odmerek: od 1 meseca starosti pri predhodno necepljenih živalih (ali od 2. 5 meseca</s>
<s id="s229.1">starosti pri mladičih imunih ovc).</s>
<s id="s230.1">Govedo</s>
<s id="s231.1">- Prvi odmerek: od 1 meseca starosti pri predhodno necepljenih živalih (ali od 2. 5 meseca</s>
<s id="s232.1">starosti pri mladičih imunih krav).</s>
<s id="s233.1">- Drugi odmerek: po 3- 4 tednih</s>
<s id="s234.1">• Ponovno cepljenje</s>
<s id="s235.1">Ker trajanje imunosti pri govedu in ovcah še ni dokončno ugotovljeno, se je potrebno za vsak program ponovnega cepljenja dogovoriti s pristojnim nacionalnim organom ali odgovornim veterinarjem, upoštevajoč pri tem epidemiološko situacijo.</s>
<s id="s236.1">9.</s>
<s id="s236.2">NASVET O PRAVILNI UPORABI ZDRAVILA</s>
<s id="s237.1">Ravnajte v skladu z običajnimi načeli asepse.</s>
<s id="s237.2">Pred uporabo rahlo pretresite.</s>
<s id="s237.3">Izogibajte se nastanku zračnih mehurčkov saj le- ti lahko povzročijo draženje na mestu dajanja.</s>
<s id="s237.4">Takoj po odpiranju porabite celotno vsebino stekleničke.</s>
<s id="s237.5">Izogibajte se večkratnemu prebadanju stekleničke.</s>
<s id="s238.1">10.</s>
<s id="s238.2">KARENCA</s>
<s id="s239.1">Nič dni.</s>
<s id="s240.1">11.</s>
<s id="s240.2">POSEBNA NAVODILA ZA SHRANJEVANJE</s>
<s id="s241.1">Shranjujte nedosegljivo otrokom</s>
<s id="s242.1">Shranjujte v hladilniku (2 °C – 8 °C).</s>
<s id="s242.2">Zdravilo ne sme zmrzniti.</s>
<s id="s242.3">Zaščitite pred svetlobo.</s>
<s id="s243.1">Rok uporabnosti po prvem odpiranju vsebnika: tako po prvem odpiranju.</s>
<s id="s244.1">19 Zdravila ne smete uporabljati po datumu izteka roka uporabnosti, navedenega na ovojnini.</s>
<s id="s245.1">12.</s>
<s id="s245.2">POSEBNO( A) OPOZORILO( A)</s>
<s id="s246.1">Cepite le zdrave živali.</s>
<s id="s247.1">Lahko se uporablja v obdobju brejosti pri ovcah.</s>
<s id="s247.2">Pri kravah varnost uporabe v brejosti še ni bila dokončno potrjena, vendar vmesni rezultati študij, ki še potekajo, dokazujejo varnost vsaj v zadnjem trimesečju brejosti.</s>
<s id="s248.1">Varnost in učinkovitost cepiva nista bili ugotovljena pri plemenjakih.</s>
<s id="s248.2">Pri tej kategoriji živali je potrebno cepivo uporabljati glede na presojo razmerja korist/ tveganje odgovornega veterinarja oziroma v skladu z veljavnimi smernicami kompetentnih nacionalnih organov glede cepljenja proti bolezni modrega jezika (BTV).</s>
<s id="s249.1">Ni podatkov o varnosti ter učinkovitosti cepiva ob istočasnem dajanju katerega koli drugega zdravila za uporabo v veterinarski medicini.</s>
<s id="s249.2">Zato se za uporabo tega cepiva pred ali po uporabi katerega koli drugega zdravila odločamo od primera od primera.</s>
<s id="s250.1">Ne mešajte z nobenim drugim zdravilom za uporabo v veterinarski medicini.</s>
<s id="s251.1">Drugi učinki, razen tistih, ki so navedeni v poglavju neželeni učinki, niso bili opaženi po dajanju dvojnega odmerka cepiva.</s>
<s id="s252.1">Ob uporabi cepiva pri drugih domačih in divjih vrstah prežvekovalcev, ki jih ogroža okužba, je potrebna previdnost; priporočljivo je testno cepljenje manjšega števila živali pred masovnim cepljenjem.</s>
<s id="s252.2">Učinkovitost pri drugih vrstah se lahko razlikuje od dokazane učinkovitosti pri ovcah in govedu.</s>
<s id="s253.1">13.</s>
<s id="s253.2">POSEBNI VARNOSTNI UKREPI ZA ODSTRANJEVANJE NEPORABLJENEGA ZDRAVILA ALI ODPADNIH SNOVI, ČE OBSTAJAJO</s>
<s id="s254.1">Ne odvrzite zdravila v odpadno vodo ali v gospodinjske odpadke.</s>
<s id="s254.2">Glede odstranjevanja zdravil, ki jih ne uporabljate več, se posvetujte z veterinarjem.</s>
<s id="s254.3">Zdravilo odstranite na okolju prijazen način.</s>
<s id="s255.1">14.</s>
<s id="s255.2">DATUM ZADNJE ODOBRITVE NAVODIL ZA UPORABO</s>
<s id="s256.1">Podrobne informacije o tem zdravilu za uporabo v veterinarski medicini so na voljo na spletni strani Evropske agencije za zdravila (European Medicines Agency, EMEA) http: // www. emea. europa. eu /.</s>
<s id="s257.1">15.</s>
<s id="s257.2">DRUGE INFORMACIJE</s>
<s id="s258.1">Cepivo vsebuje inaktiviran virus modrega jezika, serotip 8, z aluminijevim hidroksidom in saponini kot adjuvansoma.</s>
<s id="s258.2">Pri cepljeni živali povzroči nastanek aktivne in specifične imunosti proti virusu modrega jezika, serotip 8.</s>
<s id="s259.1">Ni nujno, da so v prometu vsa navedena pakiranja.</s>
<s id="s259.2">Škatlica z 1 stekleničko z 10 odmerki (1 x 10 ml).</s>
<s id="s259.3">Škatla z 1 plastenko s 50 odmerki (1 x 50 ml).</s>
<s id="s260.1">20 Škatla z 10 plastenkami s 50 odmerki (1 x 50 ml).</s>
<s id="s260.2">Škatla z 1 plastenko s 100 odmerki (1 x 100 ml).</s>
<s id="s260.3">Škatla z 10 plastenkami s 100 odmerki (1 x 100 ml).</s>
<s id="s261.1">21</s>
</body>
</letsmt>
