<?xml version="1.0" encoding="utf-8"?>
<letsmt version="1.0">
<head></head>
<body>
<s id="s1.1">European Medicines Agency Evaluation of Medicines for Human Use</s>
<s id="s2.1">21 February 2006 EMEA/ CHMP/ 373061/ 2005</s>
<s id="s3.1">COMMITTEE FOR MEDICINAL PRODUCTS FOR HUMAN USE (CHMP)</s>
<s id="s4.1">OPINION FOLLOWING AN ARTICLE 29(2)1 REFERRAL FOR Lansoprazol-ratiopharm 15 mg and 30 mg International Non-Proprietary Name (INN):</s>
<s id="s4.2">Lansoprazole</s>
<s id="s5.1">BACKGROUND INFORMATION</s>
<s id="s6.1">Lansoprazol-ratiopharm (lansoprazole) is a proton pump inhibitor that inhibits gastric acid secretion and is used for treatment of duodenal and gastric ulcer, reflux oesophagitis, gastro-oesophageal reflux disease, treatment and prophylaxis of NSAID-associated gastric and duodenal ulcers, Zollinger-Ellison syndrome, and in combination with appropriate antibacterial therapeutic regimens for the eradication of Helicobacter pylori and prevention of relapse of peptic ulcers in patients with H. pylori associated ulcers.</s>
<s id="s7.1">A Marketing Authorisation for Lansoprazol-ratiopharm (15 mg and 30 mg) was previously granted to ratiopharm GmbH in Finland on 7 November 2003.</s>
<s id="s7.2">A Mutual Recognition Procedure was started on 16 September 2004.</s>
<s id="s7.3">The Reference Member State was Finland and the Concerned Member States were Austria, Belgium, Denmark, Germany, Italy, Luxembourg, the Netherlands, Portugal, Sweden and United Kingdom.</s>
<s id="s7.4">The Concerned Member States have not been able to reach an agreement in respect of the Mutual Recognition of the Marketing Authorisation granted by the Reference Member State.</s>
<s id="s7.5">The application was withdrawn in the Netherlands and United Kingdom.</s>
<s id="s7.6">Portugal and Germany referred the reasons for disagreement to the EMEA on 15 December 2004.</s>
<s id="s8.1">Significant differences in comparison to the reference product have been identified with regard to the indication section of the SPCs.</s>
<s id="s8.2">For the 15 mg dosage form the therapeutic indication “ Helicobacter pylori eradication” is not approved for the reference medicinal product marketed in Portugal.</s>
<s id="s8.3">The applicant should provide clinical data to support the use of 15 mg capsules for Helicobacter pylori eradication.</s>
<s id="s8.4">In particular, the data of the bioequivalence of the 2x15 mg capsules and the 30 mg capsules, and the possible need for a reduced dose of lansoprazole in this therapeutic indication.</s>
<s id="s9.1">Significant differences in comparison to the reference product have been identified with regard to the posology section of the SPCs.</s>
<s id="s9.2">The SPC of the reference product in Germany contains specific doses and dosing schedules for the combinations of lansoprazole and antibiotics recommended for eradication of Helicobacter pylori.</s>
<s id="s10.1">The arbitration procedure started on 20 January 2005.</s>
<s id="s10.2">The Rapporteur and Co-Rapporteur appointed were Sif Ormarsdottir/ Tomas Salmonson, Gottfried Kreutz/ Julia Dunne respectively.</s>
<s id="s10.3">The Marketing Authorisation Holder provided written explanations on 20 July 2005.</s>
<s id="s11.1">During its September 2005 meeting, the CHMP, in the light of the overall data submitted and the scientific discussion within the Committee, was of the opinion that the benefit/ risk ratio is favourable for Lansoprazol-ratiopharm.</s>
<s id="s11.2">Changes to the SPC section 4.2 (Posology and Methods of</s>
<s id="s12.1">1 Article 29(2) of Directive 2001/ 83/ EC, as amended.</s>
<s id="s12.2">7 Westferry Circus, Canary Wharf, London, E14 4HB, UK Tel.</s>
<s id="s12.3">(44-20) 74 18 84 00 Fax (44-20) 74 18 86 13 E-mail: mail@emea. eu. int http: / /www. emea. eu. int ©EMEA 2006 Reproduction and/ or distribution of this document is authorised for non commercial purposes only provided the EMEA is acknowledged Administration) giving a detailed dosing recommendation for antibiotics, in accordance with “ Points to consider on wording of Helicobacter pylori eradication therapy in selected SPC sections”, were agreed by CHMP and a positive opinion was adopted on 15 September 2005.</s>
<s id="s13.1">The list of product names concerned is given in Annex I.</s>
<s id="s13.2">The scientific conclusions are provided in Annex II, together with the Summary of Product Characteristics in Annex III.</s>
<s id="s14.1">The final opinion was converted into a Decision by the European Commission on 21 February 2006.</s>
<s id="s15.1">Page 2/ 2 ©EMEA 2006</s>
</body>
</letsmt>
