<?xml version="1.0" encoding="utf-8"?>
<letsmt version="1.0">
<head></head>
<body>
<s id="s1.1">ANNEX I</s>
<s id="s2.1">LIST OF THE NAMES, PHARMACEUTICAL FORM, STRENGTHS OF THE MEDICINAL PRODUCTS, ROUTE OF ADMINISTRATION, APPLICANT, MARKETING AUTHORISATION HOLDER IN THE MEMBER STATES</s>
<s id="s3.1">1 Member State</s>
<s id="s4.1">Marketing Authorisation Holder</s>
<s id="s5.1">Applicant</s>
<s id="s6.1">Invented name</s>
<s id="s7.1">Strength</s>
<s id="s8.1">Pharmaceutical Form</s>
<s id="s9.1">Route of administration</s>
<s id="s10.1">ratiopharm Arzneimittel</s>
<s id="s11.1">Lansoprazol &quot;ratiopharm&quot; 15 mg</s>
<s id="s12.1">Vertriebs -GmbH</s>
<s id="s13.1">Kapseln</s>
<s id="s14.1">15 mg</s>
<s id="s15.1">Gastro-resistant capsule, hard</s>
<s id="s16.1">Oral use</s>
<s id="s17.1">Austria</s>
<s id="s18.1">-</s>
<s id="s19.1">Albert-Schweitzer-G.</s>
<s id="s19.2">3 1140 Vienna</s>
<s id="s20.1">Lansoprazol &quot;ratiopharm&quot; 30 mg</s>
<s id="s21.1">Austria</s>
<s id="s22.1">Kapseln</s>
<s id="s23.1">30 mg</s>
<s id="s24.1">Gastro-resistant capsule, hard</s>
<s id="s25.1">Oral use</s>
<s id="s26.1">ratiopharm Belgium</s>
<s id="s27.1">Lansoprazol-ratiopharm 15 mg</s>
<s id="s28.1">Belgium</s>
<s id="s29.1">-</s>
<s id="s30.1">Rue Saint-Lambert 14 11200 Bruxelles</s>
<s id="s31.1">gelules gastro-résistante Lansoprazol-ratiopharm 30 mg</s>
<s id="s32.1">15 mg</s>
<s id="s33.1">Gastro-resistant capsule, hard</s>
<s id="s34.1">Oral use</s>
<s id="s35.1">Belgium</s>
<s id="s36.1">gelules gastro-résistante</s>
<s id="s37.1">30 mg</s>
<s id="s38.1">Gastro-resistant capsule, hard</s>
<s id="s39.1">Oral use</s>
<s id="s40.1">ratiopharm GmbH</s>
<s id="s41.1">Lantrolix 15 mg enterokapsler,</s>
<s id="s42.1">Denmark</s>
<s id="s43.1">-</s>
<s id="s44.1">Graf-Arco-Strasse 3 89079 Ulm</s>
<s id="s45.1">hårde Lantrolix 30 mg enterokapsler,</s>
<s id="s46.1">15 mg</s>
<s id="s47.1">Gastro-resistant capsule, hard</s>
<s id="s48.1">Oral use</s>
<s id="s49.1">Germany</s>
<s id="s50.1">hårde</s>
<s id="s51.1">30 mg</s>
<s id="s52.1">Gastro-resistant capsule, hard</s>
<s id="s53.1">Oral use</s>
<s id="s54.1">ratiopharm GmbH Graf-Arco-Strasse 3</s>
<s id="s55.1">Lansoprazol ratiopharm</s>
<s id="s56.1">15 mg 15 mg</s>
<s id="s57.1">Gastro-resistant capsule, hard</s>
<s id="s58.1">Oral use</s>
<s id="s59.1">Finland</s>
<s id="s60.1">89079 Ulm</s>
<s id="s61.1">-</s>
<s id="s62.1">Germany</s>
<s id="s63.1">Lansoprazol ratiopharm</s>
<s id="s64.1">30 mg 30 mg</s>
<s id="s65.1">Gastro-resistant capsule, hard</s>
<s id="s66.1">Oral use</s>
<s id="s67.1">ratiopharm GmbH</s>
<s id="s68.1">Lansoprazol-ratiopharm 15 mg</s>
<s id="s69.1">Germany</s>
<s id="s70.1">-</s>
<s id="s71.1">Graf-Arco-Strasse 3 89079 Ulm</s>
<s id="s72.1">Hartkapseln Lansoprazol-ratiopharm 30 mg</s>
<s id="s73.1">15 mg</s>
<s id="s74.1">Gastro-resistant capsule, hard</s>
<s id="s75.1">Oral use</s>
<s id="s76.1">Germany</s>
<s id="s77.1">Hartkapseln</s>
<s id="s78.1">30 mg</s>
<s id="s79.1">Gastro-resistant capsule, hard</s>
<s id="s80.1">Oral use</s>
<s id="s81.1">ratiopharm GmbH</s>
<s id="s82.1">Lansoprazolo ratiopharm 15 mg</s>
<s id="s83.1">Italy</s>
<s id="s84.1">-</s>
<s id="s85.1">Graf-Arco-Strasse 3 89079 Ulm</s>
<s id="s86.1">capsule di gelatina dura Lansoprazolo ratiopharm 30 mg</s>
<s id="s87.1">15 mg</s>
<s id="s88.1">Gastro-resistant capsule, hard</s>
<s id="s89.1">Oral use</s>
<s id="s90.1">Germany</s>
<s id="s91.1">capsule di gelatina dura</s>
<s id="s92.1">30 mg</s>
<s id="s93.1">Gastro-resistant capsule, hard</s>
<s id="s94.1">Oral use</s>
<s id="s95.1">2</s>
<s id="s96.1">ratiopharm GmbH</s>
<s id="s97.1">Lansoprazol-ratiopharm 15 mg</s>
<s id="s98.1">Luxembourg</s>
<s id="s99.1">-</s>
<s id="s100.1">Graf-Arco-Strasse 3 89079 Ulm</s>
<s id="s101.1">Hartkapseln Lansoprazol-ratiopharm 30 mg</s>
<s id="s102.1">15 mg</s>
<s id="s103.1">Gastro-resistant capsule, hard</s>
<s id="s104.1">Oral use</s>
<s id="s105.1">Germany</s>
<s id="s106.1">Hartkapseln</s>
<s id="s107.1">30 mg</s>
<s id="s108.1">Gastro-resistant capsule, hard</s>
<s id="s109.1">Oral use</s>
<s id="s110.1">Portugal</s>
<s id="s111.1">-</s>
<s id="s112.1">ratiopharm Lda, Portugal Edifício Tejo, 6º piso Rua Quinta do Pinheiro</s>
<s id="s113.1">Lansoprazol ratiopharm 15 mg cápsulas gastro-resistentes</s>
<s id="s114.1">15 mg</s>
<s id="s115.1">Gastro-resistant capsule, hard</s>
<s id="s116.1">Oral use</s>
<s id="s117.1">2790-143 Carnaxide</s>
<s id="s118.1">Lansoprazol ratiopharm 30 mg</s>
<s id="s119.1">Portugal</s>
<s id="s120.1">cápsulas gastro-resistentes</s>
<s id="s121.1">30 mg</s>
<s id="s122.1">Gastro-resistant capsule, hard</s>
<s id="s123.1">Oral use</s>
<s id="s124.1">Sweden</s>
<s id="s125.1">-</s>
<s id="s126.1">ratiopharm GmbH Graf-Arco-Strasse 3</s>
<s id="s127.1">Sopranix 15 mg, enterokapsler, hårda</s>
<s id="s128.1">15 mg</s>
<s id="s129.1">Gastro-resistant capsule, hard</s>
<s id="s130.1">Oral use</s>
<s id="s131.1">89079 Ulm</s>
<s id="s132.1">Sopranix 30 mg, enterokapsler,</s>
<s id="s133.1">Germany</s>
<s id="s134.1">hårda</s>
<s id="s135.1">30 mg</s>
<s id="s136.1">Gastro-resistant capsule, hard</s>
<s id="s137.1">Oral use</s>
<s id="s138.1">3 ANNEX II</s>
<s id="s139.1">SCIENTIFIC CONCLUSIONS AND GROUNDS FOR AMENDMENT OF THE SUMMARY OF PRODUCT CHARACTERISTICS, LABELLING AND PACKAGE LEAFLET PRESENTED BY THE EMEA</s>
<s id="s140.1">4 SCIENTIFIC CONCLUSIONS</s>
<s id="s141.1">OVERALL SUMMARY OF THE SCIENTIFIC EVALUATION OF LANSOPRAZOL RATIOPHARM 15 MG, 30 MG, GASTRO-RESISTANT CAPSULES, HARD (see Annex I) Lansoprazol ratiopharm 15 mg, 30 mg, gastro-resistant capsules, hard were referred for arbitration according to Article 29 of Council Directive 2001/ 83/ EC, as amended, following concerns raised by Germany and Portugal during a Mutual Recognition Procedure with Finland acting as Reference Member state.</s>
<s id="s141.2">The concerns rose referred to discrepancies in comparison to the reference products on posology triple therapy for H. pylori eradication and indication of the 15 mg dosage form.</s>
<s id="s142.1">Eradication of H. pylori and peptic ulcer healing (posology) In order to standardise the treatment regimens for H. pylori eradication guidelines on the management of Helicobacter pylori infection were published by the European Helicobacter pylori Study Group.</s>
<s id="s142.2">The Maastricht Consensus stated that treatment regimens for eradication of H. pylori should be simple, well tolerated and achieve an eradication rate of over 80% on an intention to treat basis.</s>
<s id="s142.3">The treatment regimens that have been shown to satisfy the criteria required above were following:</s>
<s id="s142.4">Standard dose proton pump inhibitor, twice daily, and: • metronidazole, 400 mg (tinidazole, 500 mg) twice daily, + clarithromycin, 250 mg twice daily; • amoxicillin, 1000 mg twice daily, + clarithomycin, 500 mg twice daily (advisable when metronidazole resistance is likely); • amoxicillin, 500 mg three times daily, + metronidazole, 400 mg three times daily (advisable when clarithomycin resistance is likely) Since then new data became available that necessitated an update of the original guidelines in order to provide practical management guidelines that would be acceptable across clinical practice, both in primary care and the specialist level.</s>
<s id="s142.5">The updated guidelines were established during the Maastricht 2- 2000 Consensus meeting.</s>
<s id="s142.6">It was pointed out that treatment should be thought of as a package, which considers first- and second-line eradication therapies together.</s>
<s id="s142.7">First line therapy should be with triple therapy using a proton pump inhibitor or ranitidine bismuth citrate, combined with clarithromycin (500 mg twice daily) and amoxicillin (1 g twice daily) or metronidazole (500 twice daily).</s>
<s id="s142.8">Metronidazole was originally considered as an alternative to amoxicillin but there is now tendency to reserve it for rescue therapy in the case of a first eradication failure.</s>
<s id="s142.9">Second-line therapy with quadruple therapy using proton pump inhibitor combined with bismuth subcitrate (subsalicylate) and metronidazole, and tertacycline for a minimum of 7 days has been recommended.</s>
<s id="s142.10">If bismuth is not available, PPI-based triple therapies should be used.</s>
<s id="s142.11">Subsequent failures should be handled on case- by-case basis.</s>
<s id="s142.12">Reduction of the clarithromycin dose in the clarithromycin-metronidazole combination is supported by clinical data as well as the Maastricht Consensus Report, stating that 250 mg dose is sufficient even if the recommended dose is 500 mg.</s>
<s id="s142.13">The reduction of clarithromycin to 250 mg in the triple combination therapy with amoxicillin 1000 mg, however, is not supported by the Maastricht 2-2000 Consensus Report.</s>
<s id="s142.14">The paper newly published by Bago et al in Wiener Klinische Wochenschrift 2004, indicates that 250 mg twice daily may be as effective as 500 mg twice daily in eradicating H. pylori in patients with dyspepsia, even if numerically, eradication rates were somewhat lower.</s>
<s id="s142.15">However, awaiting confirmation as well as the results of the Maastricht 3-2005 Consensus Report, it is recommended that the dose should be 500 mg clarithromycin twice daily.</s>
<s id="s143.1">Eradication of H. pylori and peptic ulcer healing (15 mg dosage form) According to the proposed SmPC (&gt; day 60), section 4.2, the recommended dose for H. pylori eradication is 30 mg twice daily.</s>
<s id="s144.1">5 This dosage recommendation for lansoprazole corresponds with the last available Consensus Report of the European Helicobacter Pylori Study Group.</s>
<s id="s144.2">There is no need and it is not planned to reduce the dosage to 15 mg 2 times daily.</s>
<s id="s144.3">The recommended dosage can be fulfilled by administering one capsule of 30 mg or two capsules of 15 mg twice daily, because the composition of the content of one capsule with 30 mg lansoprazole is exactly the same as the composition of the content of two capsules with 15 mg lansoprazole, as “ Description and Composition of the Drug Product” (3.2. P1) of both strengths show</s>
<s id="s145.1">Benefit/ Risk considerations Available data support the use of lansoprazole-amoxicillin-clarithromycin as a first-line treatment.</s>
<s id="s145.2">In case of clarithromycin resistance, or treatment failure, the combination of lansoprazole-amoxicillin- metronidazole may be used, and in case of beta-lactam allergy the combination of lansoprazole- clarithromycin-metronidazole is advisable.</s>
<s id="s145.3">However, in order to avoid treatment failure, local antibacterial resistance patterns and local guidelines should be considered.</s>
<s id="s145.4">The appropriate dosing will be possible with 30 mg capsules as well as with 15 mg capsules and therefore, a risk to public health with the use of the 15 mg strength for eradication therapy is not seen.</s>
<s id="s145.5">No further clinical data are needed to substantiate.</s>
<s id="s145.6">The risk/ benefit ratio of Lansoprazol ratiopharm 15 mg, 30 mg is considered to be favourable provided that appropriate information regarding H. pylori eradication therapy are included in the SPC.</s>
<s id="s146.1">GROUNDS FOR AMENDMENT OF THE SUMMARY OF PRODUCT CHARACTERISTICS, LABELLING AND PACKAGE LEAFLET Whereas, The scope of the referral was to agree on a harmonised the dosing schedule for triple therapy for eradication therapy for H. pylori.</s>
<s id="s146.2">The Summary of Products Characteristic, labelling and package leaflet proposed by the applicant has been assessed based on the documentation submitted and the scientific discussion within the Committee. the CHMP has recommended the granting of the Marketing Authorisations for which the Summary of Product Characteristics, labelling and package leaflet are set out in Annex III for Lansoprazol ratiopharm and associated names (see Annex I).</s>
<s id="s147.1">6 ANNEX III</s>
<s id="s148.1">SUMMARY OF PRODUCT CHARACTERISTICS, LABELLING AND PACKAGE LEAFLET</s>
<s id="s149.1">7 SUMMARY OF PRODUCT CHARACTERISTICS</s>
<s id="s150.1">8 1.</s>
<s id="s150.2">NAME OF THE MEDICINAL PRODUCT</s>
<s id="s151.1">&lt; Lansoprazol ratiopharm and associated names (see Annex I) 15 mg gastro-resistant hard capsules &gt; &lt; Lansoprazol ratiopharm and associated names (see Annex I) 30 mg gastro-resistant hard capsules &gt;</s>
<s id="s152.1">[see Annex I – to be completed nationally]</s>
<s id="s153.1">2.</s>
<s id="s153.2">QUALITATIVE AND QUANTITATIVE COMPOSITION</s>
<s id="s154.1">Each capsule contains 15 mg or 30 mg lansoprazole.</s>
<s id="s155.1">Also contains sucrose (sugar).</s>
<s id="s155.2">For a full list of excipients, see section 6.1.</s>
<s id="s156.1">3.</s>
<s id="s156.2">PHARMACEUTICAL FORM</s>
<s id="s157.1">Gastro-resistant hard capsule.</s>
<s id="s158.1">15 mg:</s>
<s id="s158.2">Opaque yellow cap and body.</s>
<s id="s159.1">30 mg:</s>
<s id="s159.2">Opaque white cap and body.</s>
<s id="s160.1">4.</s>
<s id="s160.2">CLINICAL PARTICULARS</s>
<s id="s161.1">4.1 Therapeutical indications</s>
<s id="s162.1">- Treatment of duodenal and gastric ulcer confirmed by endoscopy or radiography</s>
<s id="s163.1">- Treatment of reflux oesophagitis</s>
<s id="s164.1">- Long-term prophylaxis of reflux oesophagitis</s>
<s id="s165.1">- Eradication of Helicobacter pylori concurrently given with appropriate antibiotic therapy and</s>
<s id="s166.1">prevention of relapse of peptic ulcers in patients with H. pylori associated ulcers</s>
<s id="s167.1">- Zollinger-Ellison Syndrome</s>
<s id="s168.1">4.2 Posology and method of administration</s>
<s id="s169.1">Duodenal ulcer:</s>
<s id="s169.2">The recommended dose is 30 mg once daily for 2 weeks.</s>
<s id="s169.3">In patients not fully healed within this time, the medication should be continued at the same dose for another 2 weeks.</s>
<s id="s170.1">Gastric ulcer:</s>
<s id="s170.2">The recommended dose is 30 mg once daily for 4 weeks.</s>
<s id="s170.3">The ulcer usually heals within 4 weeks, but in patients not fully healed within this time, the medication should be continued at the same dose for another 4 weeks.</s>
<s id="s171.1">Reflux oesophagitis:</s>
<s id="s171.2">The recommended dose of lansoprazole is 30 mg once daily for 4 weeks.</s>
<s id="s171.3">In patients not fully healed within this time, the treatment may be continued at the same dose for another 4 weeks.</s>
<s id="s172.1">Long-term prophylaxis of reflux oesophagitis:</s>
<s id="s172.2">15 mg once daily.</s>
<s id="s172.3">The dose may be increased up to 30 mg daily as necessary.</s>
<s id="s173.1">9 Helicobacter pylori eradication:</s>
<s id="s173.2">The recommended dose is 30 mg lansoprazole 2 times daily for one week in combination with one of the following three combinations: a) amoxicillin 1 g twice daily + clarithromycin 500 mg twice daily, b) clarithromycin 250 mg twice daily + metronidazole 400-500 mg twice daily, c) amoxicillin 1 g twice daily + metronidazole 400-500 mg twice daily.</s>
<s id="s174.1">Consideration should be given to official local guidance (e. g. national recommendations) regarding bacterial resistance and the appropriate use and prescription of antibacterial agents.</s>
<s id="s175.1">Zollinger-Ellison Syndrome:</s>
<s id="s175.2">The recommended adult oral starting dose is 60 mg once a day.</s>
<s id="s175.3">Doses should be adjusted to individual patient needs and should continue for as long as clinically indicated.</s>
<s id="s175.4">Dosages up to 180 mg have been administered.</s>
<s id="s175.5">Daily dosages of greater than 120 mg should be administered in divided doses.</s>
<s id="s176.1">Patients with renal or hepatic impairment:</s>
<s id="s176.2">Dosage adjustment is not necessary in patients with renal insufficiency.</s>
<s id="s176.3">However the normal daily dose of 30 mg should not be exceeded.</s>
<s id="s176.4">Care should be exercised in the administration of lansoprazole in patients with mildly to moderately impaired hepatic function.</s>
<s id="s176.5">In mildly impaired patients, the dose should not exceed 30 mg.</s>
<s id="s176.6">In patients with moderately impaired hepatic function, the dose should be restricted to 15 mg daily.</s>
<s id="s176.7">Due to the lack of data in patients with severely impaired hepatic function, these patients should not be treated with lansoprazole.</s>
<s id="s176.8">Combination treatment with clarithromycine should not be used in patients with impaired hepatic function.</s>
<s id="s177.1">Children:</s>
<s id="s177.2">Lansoprazole is not recommended for use in children due to insufficient data on safety and efficacy.</s>
<s id="s178.1">Elderly:</s>
<s id="s178.2">Due to delayed elimination of lansoprazole in the elderly it may be necessary to administer the treatment in doses of 15-30 mg adjusted to individual requirements.</s>
<s id="s178.3">However, the daily dose in the elderly should not exceed 30 mg.</s>
<s id="s179.1">The capsules are swallowed whole with liquid.</s>
<s id="s179.2">The capsules may be emptied, but the contents may not be chewed or ground. Concomitantly taken food slows down and reduces the absorption of lansoprazole.</s>
<s id="s179.3">This medicine has the best effect when taken into empty stomach.</s>
<s id="s180.1">4.3 Contraindications</s>
<s id="s181.1">Hypersensitivity to the active substance or to any of the excipients.</s>
<s id="s182.1">4.4 Special warnings and precautions for use</s>
<s id="s183.1">The diagnosis of gastroduodenal ulcers and reflux oesophagitis should be confirmed by endoscopy or other appropriate diagnostic means.</s>
<s id="s183.2">Reflux oesophagitis may not present, as ulceration and/ or visual damage, therefore in certain cases endoscopy alone may not be sufficient.</s>
<s id="s184.1">The possibility of malignant gastric tumour should be excluded before initiating treatment of gastric ulcer with lansoprazole because lansoprazole can mask the symptoms and delay the diagnosis.</s>
<s id="s185.1">Lansoprazole should be used with caution in patients with hepatic dysfunction.</s>
<s id="s185.2">(See Section 4.2 Posology and Method of Administration)</s>
<s id="s186.1">Lansoprazole has similar mechanism of action to omeprazole and both increase gastric pH, the following statement is made by analogy to omeprazole.</s>
<s id="s186.2">Decreased gastric acidity due to lansoprazole</s>
<s id="s187.1">10 increases gastric counts of bacteria normally present in the gastrointestinal tract.</s>
<s id="s187.2">Treatment with lansoprazole may lead to a slightly increased risk of gastrointestinal infections such as Salmonella and Campylobacter.</s>
<s id="s188.1">Patients suffering from gastro-duodenal ulcers, the possibility of H. pylori infection as an etiological factor should be considered.</s>
<s id="s188.2">If lansoprazole, in combination with antibiotics, is used for eradication therapy of H. pylori, then also instructions for the use of these antibiotics should be followed.</s>
<s id="s189.1">Because of limited safety data for patients on maintenance treatment for longer than 1 year, regular review of the treatment and a thorough benefit risk assessment should regularly be performed in these patients.</s>
<s id="s190.1">If visual disturbances occur during long-term use (&gt; 1 year), intake of the medicine should immediately be stopped and an ophthalmologist should be consulted.</s>
<s id="s191.1">Since this product contains sucrose, patients with rare hereditary problems of fructose intolerance, glucose-galactose malabsorption or sucrase-isomaltase insufficiency should not take this medicine.</s>
<s id="s192.1">4.5 Interaction with other medicinal products and other forms of interaction</s>
<s id="s193.1">Active substances associated with cytochrome P450 As lansoprazole is metabolised via a drug metabolising enzyme system associated with cytochrome P450 (CYP2C19 and CYP3A4), interactions with active substances metabolised via the same enzyme system are possible.</s>
<s id="s194.1">The effects of other active substances on lansoprazole</s>
<s id="s195.1">Active substances, which inhibit CYP2C19 Active substances, which inhibit CYP2C19 may increase the plasma concentration of lansoprazole.</s>
<s id="s195.2">Fluvoxamine, an inhibitor of CYP2C19, increased the plasma concentrations of lansoprazole up to 4- fold.</s>
<s id="s196.1">Active substances, which inhibit CYP3A4 Active substances, which inhibit CYP3A4 such as ketokonazole, itraconazole, protease inhibitors, macrolides etc may markedly increase the plasma concentrations of lansoprazole.</s>
<s id="s197.1">Effects of lansoprazole on other active substances</s>
<s id="s198.1">Ketoconazole and itraconazole The absorption of ketoconazole and itraconazole from the gastrointestinal tract is enhanced by the presence of gastric acid.</s>
<s id="s198.2">This result in sub-therapeutic concentrations of ketokonazole and itrakonazole and the combination should be avoided.</s>
<s id="s198.3">The effect may also be present if lansoprazole is combined with other active substances with pH dependent absorption.</s>
<s id="s199.1">Digoxin Coadminitration of lansoprazole and digoxin may lead to increased digoxin plasma levels.</s>
<s id="s199.2">In patients receiving digoxin, the plasma levels should therefore be monitored and the dose of digoxin adjusted if necessary.</s>
<s id="s200.1">Active substances metabolised by CYP3A4 Lansoprazole may give rise to increased plasma concentrations of active substances metabolised by CYP3A4.</s>
<s id="s200.2">Caution is advised when combining lansoprazole with active substances, which are metabolised by this enzyme.</s>
<s id="s201.1">11 Tacrolimus Co-administration of lansoprazole increases the plasma concentrations of tacrolimus (a CYP3A and P- gp substrate).</s>
<s id="s201.2">Lansoprazole exposure increased the mean exposure of tacrolimus by up to 81%.</s>
<s id="s201.3">Monitoring of tacrolimus plasma concentrations is advised when concomitant treatment with lansoprazole is initiated or ended.</s>
<s id="s202.1">Carbamazepine Caution is advised during co-treatment with carbamazepine (a CYP3A substrate) and lansoprazole.</s>
<s id="s202.2">The drug combination may result in increased carbamazepine concentrations as well as reduced lansoprazole concentrations.</s>
<s id="s203.1">Phenytoin Studies have shown that the dose of phenytoin (a CYP2C19 and CYP2C9 substrate) may have to be reduced when administered concomitantly with lansoprazole.</s>
<s id="s203.2">Caution and monitoring of phenytoin plasma concentrations is advised when initiating and ending lansoprazole treatment.</s>
<s id="s204.1">Warfarin Caution and increased monitoring frequency is advised when initiating or ending lansoprazole co- treatment in patients treated with warfarin.</s>
<s id="s205.1">Theophyllin Lansoprazole gives a 14% reduction in the plasma concentrations of theophyllin.</s>
<s id="s205.2">Individual patients may receive a clinically relevant decrease.</s>
<s id="s205.3">Caution is advised when combining the two active substances.</s>
<s id="s206.1">Clinically significant interactions of lansoprazole with diazepam have not been demonstrated.</s>
<s id="s206.2">Antacids and sucralfate may decrease the bioavailabilty of lansoprazole.</s>
<s id="s206.3">The Lansoprazole dose should therefore be taken at least an hour prior or after.</s>
<s id="s207.1">Lansoprazole has been observed to inhibit the transport protein, P-glycoprotein (P-gp) in vitro.</s>
<s id="s207.2">It may not be excluded that lansoprazole may affect transport via this protein giving rise to increased plasma concentrations of P-gp substrates such as digoxin.</s>
<s id="s208.1">Caution should be exercised when combining lansoprazole with active substances which have a narrow therapeutic index, as the effect of lansoprazole on the metabolism of other active substances has not been extensively investigated.</s>
<s id="s209.1">Therapy of Helicobacter pylori infection is intended to be combined with concurrent administration of lansoprazole with two antibiotics.</s>
<s id="s209.2">The influence of this combined administration has not yet been investigated systemically.</s>
<s id="s209.3">For reasons of theoretical considerations, enhanced interactions with other medicinal products must be expected as a precaution.</s>
<s id="s209.4">Monitoring of the serum levels of other medicinal products taken during the 1-week eradication therapy is therefore recommended.</s>
<s id="s209.5">This concerns particularly such medicinal products also metabolized via the cytochrome P450 system.</s>
<s id="s210.1">The following interactions between lansoprazole and one/ two antibiotics used in eradication therapy have been found so far:</s>
<s id="s211.1">Co-administered medicinal products</s>
<s id="s212.1">Dosage and duration of combined administration</s>
<s id="s213.1">Effect*</s>
<s id="s214.1">lansoprazole + clarithromycin</s>
<s id="s215.1">30 mg + 500 mg 3 times/ day for 5 days</s>
<s id="s216.1">Increased plasma levels of a clarithromycin metabolite by 16%; increased bioaivalability of lansoprazole by 19% up to 32%</s>
<s id="s217.1">lansoprazole + amoxicillin</s>
<s id="s218.1">30 mg + 1000 mg 3 times/ day for 5 days</s>
<s id="s219.1">Decelerates uptake of amoxicillin</s>
<s id="s220.1">12 lansoprazole + metronidazole</s>
<s id="s221.1">Not yet investigated</s>
<s id="s222.1">lansoprazole + clarithromycin + amoxicillin</s>
<s id="s223.1">30 mg + 500 mg + 1000 mg twice daily for 5 days</s>
<s id="s224.1">Increase bioaivalability and half-life of lansoprazole by 30% each; increased plasma levels of a clarithromycin metabolite by 30%</s>
<s id="s225.1">* The effects of clarithromycine on the pharmacokinetics of lansoprazole are likely to be dependent on the patient’ s CYP2C19 genotype.</s>
<s id="s225.2">A poor metaboliser would have more marked effects than an extensive metaboliser.</s>
<s id="s226.1">The intake of food reduces the bioavailability of lansoprazole: it is recommended to take lansoprazole before the meal.</s>
<s id="s227.1">4.6 Pregnancy and lactation</s>
<s id="s228.1">For lansoprazole no clinical data on exposed pregnancies are available.</s>
<s id="s228.2">Animal studies do not indicate direct or indirect harmful effects with respect to pregnancy, embryonal/ fetal development, parturition or postnatal development.</s>
<s id="s229.1">The use of lansoprazole during pregnancy is not recommended.</s>
<s id="s230.1">It is not known whether lansoprazole is excreted in human breast milk.</s>
<s id="s230.2">Animal studies have shown excretion of lansoprazole in milk.</s>
<s id="s230.3">A decision on whether to continue/ discontinue breast-feeding or to continue/ discontinue therapy with lansoprazole should be made taking into account the benefit of breast-feeding to the child and the benefit of lansoprazole therapy to the woman.</s>
<s id="s231.1">4.7 Effects on ability to drive and use machines</s>
<s id="s232.1">Lansoprazol ratiopharm has minor or moderate influence on the ability to drive and use machines.</s>
<s id="s233.1">4.8 Undesirable effects</s>
<s id="s234.1">The following undesirable effects have been observed during treatment with lansoprazole with the following frequencies:</s>
<s id="s234.2">Common (&gt; 1/ 100 ,&lt; 1/10), uncommon (&gt; 1/ 1,000 ,&lt; 1/100), rare (&gt; 1/ 10,000, &lt; 1/ 1,000), very rare (&lt; 1/ 10,000) including isolated reports.</s>
<s id="s235.1">13</s>
<s id="s236.1">Common (1/ 100, &lt; 1/ 10)</s>
<s id="s237.1">Uncommon (&gt; 1/ 1000, &lt; 1/ 100)</s>
<s id="s238.1">Rare (&gt; 1/ 10000, &lt; 1/ 1000)</s>
<s id="s239.1">Very rare (&lt; 1/ 10000) including isolated reports</s>
<s id="s240.1">Gastrointestinal disorders</s>
<s id="s241.1">Vomiting, nausea, Dry mouth or diarrhea, stomach throat and ache, constipation, anorexia. flatulence and dyspepsia.</s>
<s id="s242.1">Pancreatitis, candidiasis of oesophagus and glossitis.</s>
<s id="s243.1">Colitis, stomatitis and black tongue.</s>
<s id="s244.1">Skin and subcutaneous tissue disorders</s>
<s id="s245.1">Eczema, urticaria and itching.</s>
<s id="s246.1">Erythema multiforme, Petechia, hair loss, hyperhidrosis and purpura.</s>
<s id="s247.1">Stevens-Johnson syndrome and toxic epidermal necrolysis.</s>
<s id="s248.1">Nervous system disorders</s>
<s id="s249.1">Headache and dizziness.</s>
<s id="s250.1">Depression, hallucination, confusion, insomnia, somnolence, drowsiness, vertigo, tremor and paresthesia, restlessness.</s>
<s id="s251.1">Hepatobiliary disorders Renal and urinary disorders</s>
<s id="s252.1">Increase in liver enzyme levels.</s>
<s id="s253.1">Hepatitis and icterus Interstitial nephritis.</s>
<s id="s254.1">Blood and lymphatic system disorders Cardiac disorders Vascular disorders</s>
<s id="s255.1">Thrombocytopenia, eosinophilia, pancytopenia, anemia and leucopenia.</s>
<s id="s255.2">Palpitation and chest pain.</s>
<s id="s255.3">Peripheral edema.</s>
<s id="s256.1">Agranulocytosis.</s>
<s id="s257.1">Musculoskeletal and connective tissue disorders</s>
<s id="s258.1">Muscle and joint pain.</s>
<s id="s259.1">Eye and taste disorders</s>
<s id="s260.1">Taste disturbances.</s>
<s id="s261.1">Visual disturbances.</s>
<s id="s262.1">Endocrine disorders</s>
<s id="s263.1">Gynecomastia and galactorrhoea.</s>
<s id="s264.1">General disorders</s>
<s id="s265.1">Fatigue</s>
<s id="s266.1">.</s>
<s id="s267.1">Angioedema, bronchial constriction, fever.</s>
<s id="s268.1">Anaphylactic shock, impotence and general malaise</s>
<s id="s269.1">Investigations</s>
<s id="s270.1">Increase in cholesterol and triglyceride levels.</s>
<s id="s271.1">Within each frequency grouping, undesirable effects are presented in order of decreasing seriousness.</s>
<s id="s272.1">4.9 Overdose</s>
<s id="s273.1">14 The effects of overdose of lansoprazole in humans are not known (although the acute toxicity is likely to be low) and, consequently, instructions for treatment cannot be given.</s>
<s id="s273.2">However, daily doses of up to 180 mg of lansoprazole have been administered in trials without significant undesirable effects.</s>
<s id="s273.3">Possible symptoms of lansoprazole overdose can be expected to be similar with adverse drug reactions listed in section 4.8.</s>
<s id="s273.4">Lansoprazole is not significantly eliminated by haemodialysis.</s>
<s id="s273.5">If necessary, gastric emptying, charcoal and symptomatic therapy is recommended.</s>
<s id="s274.1">5.</s>
<s id="s274.2">PHARMACOLOGICAL PROPERTIES</s>
<s id="s275.1">5.1 Pharmacodynamic properties</s>
<s id="s276.1">Pharmacotherapeutic group:</s>
<s id="s276.2">Proton pump inhibitors, ATC code:</s>
<s id="s276.3">A02BC03.</s>
<s id="s277.1">Lansoprazole is a gastric proton pump inhibitor.</s>
<s id="s277.2">It inhibits the final stage of gastric acid formation by inhibiting the activity of H+/ K+ ATPase of the parietal cells in the stomach.</s>
<s id="s277.3">The inhibition is dose- dependent and reversible, and the effect applies to both basal and stimulated secretion of gastric acid.</s>
<s id="s277.4">Lansoprazole is concentrated in the parietal cells and becomes active in their acidic environment, whereupon it reacts with the sulphydryl group of H+/ K+ATPase causing inhibition of the enzyme activity.</s>
<s id="s278.1">Effect on gastric acid secretion:</s>
<s id="s278.2">Lansoprazole is a specific inhibitor of the parietal cell proton pump.</s>
<s id="s278.3">A single oral dose of 30 mg inhibits pentagastrin-stimulated gastric acid secretion by about 80%.</s>
<s id="s278.4">After repeated daily administration for seven days, about 90% inhibition of gastric acid secretion is achieved.</s>
<s id="s278.5">It has a corresponding effect on the basal secretion of gastric acid.</s>
<s id="s278.6">A single oral dose of 30 mg reduces basal secretion by about 70%, and the patients' symptoms are consequently relieved starting from the very first dose.</s>
<s id="s278.7">After eight days of repeated administration the reduction is about 85%.</s>
<s id="s278.8">A rapid relief of symptoms is obtained by 30 mg daily, and most patients with duodenal ulcer recover within 2 weeks, patients with gastric ulcer and reflux oesophagitis within 4 weeks.</s>
<s id="s279.1">5.2 Pharmacokinetic properties</s>
<s id="s280.1">Absorption and distribution:</s>
<s id="s280.2">Lansoprazole is rapidly inactivated by gastric acid and consequently administered as enteric-coated granules in gelatin capsules.</s>
<s id="s280.3">Absorption from the duodenum is rapid and plasma peak concentration is achieved within 1.5-2.0 hours.</s>
<s id="s280.4">Bioavailability after a single dose of 30 mg and after repeated daily administration is 80-90%.</s>
<s id="s280.5">Intake of food slows the absorption rate of lansoprazole and reduces its bioavailability (AUC) by about 25%.</s>
<s id="s280.6">Antacids and sucralfate may reduce the bioavailability of lansoprazole.</s>
<s id="s280.7">The plasma protein binding of lansoprazole is about 95%, but this has not been found to have a significant effect on other protein bound active substances.</s>
<s id="s281.1">Metabolism and elimination:</s>
<s id="s281.2">The metabolism of lansoprazole is mainly catalysed by the enzyme CYP2C19.</s>
<s id="s281.3">The enzyme CYP3A4 also contributes to the metabolism.</s>
<s id="s281.4">CYP2C19 is subject to genetic polymorphism and 2-6% of the population, called poor metabolisers (PMs), are homozygote for a mutant CYP2C19 allele and therefore lacks a functional CYP2C19 enzyme.</s>
<s id="s281.5">The exposure of lansoprazole is several-fold higher in PMs than in extensive metabolisers (EMs).</s>
<s id="s282.1">The elimination half-life of lansoprazole is 1.0-2.0 hours.</s>
<s id="s282.2">There is no change in half-life during treatment.</s>
<s id="s282.3">A single dose of lansoprazole has an inhibitory effect on gastric acid secretion lasting more than 24 hours.</s>
<s id="s282.4">Since lansoprazole is activated in the parietal cells, its plasma concentration is not related to gastric acid inhibition.</s>
<s id="s282.5">Lansoprazole is mainly metabolised in the liver.</s>
<s id="s282.6">Three metabolites have been identified in the plasma: the sulphone, 5-hydroxy lansoprazole and the sulphide.</s>
<s id="s282.7">These metabolites have no significant effect on acid secretion.</s>
<s id="s282.8">About 15-50% of the metabolites are secreted in the urine and the remainder in the faeces.</s>
<s id="s282.9">Three metabolites have been identified in the urine:</s>
<s id="s282.10">5-</s>
<s id="s283.1">15 hydroxy sulphone, 5-hydroxy sulphide and 5-hydroxy lansoprazole.</s>
<s id="s283.2">In patients with cirrhosis the AUC of lansoprazole is significantly increased and the elimination half-life is prolonged, but no signs of accumulation of lansoprazole have been detected.</s>
<s id="s283.3">The bioavailability of lansoprazole is not significantly changed in renal insufficiency.</s>
<s id="s283.4">Elimination of lansoprazole in the elderly is slightly delayed.</s>
<s id="s284.1">5.3 Preclinical safety data</s>
<s id="s285.1">Non-clinical data reveal no special hazard for humans based on conventional studies of safety pharmacology, repeated dose toxicity, toxicity to reproduction or genotoxicity.</s>
<s id="s286.1">In two rat carcinogenicity studies, lansoprazole produced dose-related gastric ECL cell hyperplasia and ECL cell carcinoids associated with hypergastrinaemia due to inhibition of acid secretion.</s>
<s id="s286.2">Intestinal metaplasia was also observed, as were Leydig cell hyperplasia and bening Leydig cell tumours.</s>
<s id="s286.3">After 18 months of treatment retinal atrophy was observed.</s>
<s id="s286.4">This was not seen in monkeys, dogs or mice.</s>
<s id="s287.1">In mouse carcinogenicity studies dose-related gastric ECL cell hyperplasia developed as well as liver tumours and adenoma of rete testis.</s>
<s id="s288.1">The clinical relevance of these findings is unknown.</s>
<s id="s289.1">6.</s>
<s id="s289.2">PHARMACEUTICAL PARTICULARS</s>
<s id="s290.1">6.1 List of excipients</s>
<s id="s291.1">Sugar spheres(sucrose and maize starch) Sodium laurilsulphate Meglumine Mannitol Hypromellose Macrogol Talc Polysorbate 80 Titanium dioxide (E171) Methacrylic Acid-Ethyl Acrylate Copolymer, 1:1, Dispersion 30%</s>
<s id="s292.1">Capsule shell:</s>
<s id="s292.2">Gelatin Titanium dioxide (E171) Quinoline yellow (E104) – only 15 mg capsules</s>
<s id="s293.1">6.2 Incompatibilities</s>
<s id="s294.1">Not applicable</s>
<s id="s295.1">6.3 Shelf life</s>
<s id="s296.1">2 years</s>
<s id="s297.1">6.4 Special precautions for storage</s>
<s id="s298.1">Do not store above 30ºC.</s>
<s id="s298.2">Store in the original package in order to protect from moisture.</s>
<s id="s299.1">16 6.5 Nature and contents of container</s>
<s id="s300.1">Al/ Al (OPA/ Al/ PVC/ /PVC/ Al/ PET) blister</s>
<s id="s301.1">7, 10, 10x1, 14, 14x1, 20, 28, 28x1, 30, 30x1, 56, 56x1, 60, 98, 98x1, 100 and 100x1 capsules</s>
<s id="s302.1">Not all pack sizes may be marketed.</s>
<s id="s303.1">[to be completed nationally]</s>
<s id="s304.1">6.6 Special precautions for disposal</s>
<s id="s305.1">No special requirements.</s>
<s id="s306.1">7.</s>
<s id="s306.2">MARKETING AUTHORISATION HOLDER</s>
<s id="s307.1">ratiopharm GmbH Graf-Arco-Strasse 3 D-89079 Ulm Germany</s>
<s id="s308.1">[see Annex I - to be completed nationally]</s>
<s id="s309.1">8.</s>
<s id="s309.2">MARKETING AUTHORISATION NUMBER</s>
<s id="s310.1">[to be completed nationally]</s>
<s id="s311.1">9.</s>
<s id="s311.2">DATE OF FIRST AUTHRORISATION/ RENEWAL OF AUTHORISATION</s>
<s id="s312.1">[to be completed nationally]</s>
<s id="s313.1">10.</s>
<s id="s313.2">DATE OF REVISION OF THE TEXT</s>
<s id="s314.1">[to be completed nationally]</s>
<s id="s315.1">17 LABELLING</s>
<s id="s316.1">18 PARTICULARS TO APPEAR ON THE OUTER PACKAGING AND THE IMMEDIATE PACKAGING</s>
<s id="s317.1">OUTER CARTON</s>
<s id="s318.1">1.</s>
<s id="s318.2">NAME OF THE MEDICINAL PRODUCT</s>
<s id="s319.1">&lt; Lansoprazol-ratiopharm and associated names (see Annex I) 15 mg magensaftresistente Hartkapseln &gt; lansoprazole</s>
<s id="s320.1">[see Annex I - to be completed nationally]</s>
<s id="s321.1">2.</s>
<s id="s321.2">STATEMENT OF ACTIVE SUBSTANCE(S)</s>
<s id="s322.1">Each gastro-resistant capsule contains 15 mg lansoprazole</s>
<s id="s323.1">3.</s>
<s id="s323.2">LIST OF EXCIPIENTS</s>
<s id="s324.1">Also contains sucrose (sugar).</s>
<s id="s325.1">4.</s>
<s id="s325.2">PHARMACEUTICAL FORM AND CONTENTS</s>
<s id="s326.1">7 Gastro-resistant hard capsules 14 Gastro-resistant hard capsules 28 Gastro-resistant hard capsules 56 Gastro-resistant hard capsules 98 Gastro-resistant hard capsules</s>
<s id="s327.1">[to be completed nationally]</s>
<s id="s328.1">5.</s>
<s id="s328.2">METHOD AND ROUTE(S) OF ADMINISTRATION</s>
<s id="s329.1">Oral use.</s>
<s id="s329.2">Read the package leaflet before use.</s>
<s id="s330.1">6.</s>
<s id="s330.2">SPECIAL WARNING THAT THE MEDICINAL PRODUCT MUST BE STORED OUT OF THE REACH AND SIGHT OF CHILDREN</s>
<s id="s331.1">Keep out of the reach and sight of children.</s>
<s id="s332.1">7.</s>
<s id="s332.2">OTHER SPECIAL WARNING(S), IF NECESSARY</s>
<s id="s333.1">8.</s>
<s id="s333.2">EXPIRY DATE</s>
<s id="s334.1">EXP (MM/ YYYY)</s>
<s id="s335.1">19 9.</s>
<s id="s335.2">SPECIAL STORAGE CONDITIONS</s>
<s id="s336.1">Do not store above 30°C.</s>
<s id="s336.2">Store in the original package in order to protect from moisture.</s>
<s id="s337.1">10.</s>
<s id="s337.2">SPECIAL PRECAUTIONS FOR DISPOSAL OF UNUSED MEDICINAL PRODUCTS OR WASTE MATERIALS DERIVED FROM SUCH MEDICINAL PRODUCTS, IF APPROPRIATE</s>
<s id="s338.1">11.</s>
<s id="s338.2">NAME AND ADDRESS OF THE MARKETING AUTHORISATION HOLDER</s>
<s id="s339.1">ratiopharm GmbH Graf-Arco-Strasse 3 D-89070 Ulm Germany</s>
<s id="s340.1">[see Annex I - to be completed nationally]</s>
<s id="s341.1">12.</s>
<s id="s341.2">MARKETING AUTHORISATION NUMBER(S)</s>
<s id="s342.1">[to be completed nationally]</s>
<s id="s343.1">13.</s>
<s id="s343.2">BATCH NUMBER</s>
<s id="s344.1">BN</s>
<s id="s345.1">14.</s>
<s id="s345.2">GENERAL CLASSIFICATION FOR SUPPLY</s>
<s id="s346.1">[to be completed nationally]</s>
<s id="s347.1">15.</s>
<s id="s347.2">INSTRUCTIONS ON USE</s>
<s id="s348.1">Acid repressive gastrointestinal-therapeutic</s>
<s id="s349.1">16.</s>
<s id="s349.2">INFORMATION IN BRAILLE</s>
<s id="s350.1">&lt; Lansoprazol-ratiopharm 15 mg &gt;</s>
<s id="s351.1">[to be completed nationally]</s>
<s id="s352.1">20 MINIMUM PARTICULARS TO APPEAR ON BLISTERS OR STRIPS</s>
<s id="s353.1">BLISTER</s>
<s id="s354.1">1.</s>
<s id="s354.2">NAME OF THE MEDICINAL PRODUCT</s>
<s id="s355.1">&lt; Lansoprazol-ratiopharm and associated names (see Annex I) 15 mg magensaftresistente Hartkapseln &gt;</s>
<s id="s356.1">[see Annex I - to be completed nationally]</s>
<s id="s357.1">2.</s>
<s id="s357.2">NAME OF THE MARKETING AUTHORISATION HOLDER</s>
<s id="s358.1">ratiopharm GmbH</s>
<s id="s359.1">[see Annex I - to be completed nationally]</s>
<s id="s360.1">3.</s>
<s id="s360.2">EXPIRY DATE</s>
<s id="s361.1">EXP (MM/ YYYY)</s>
<s id="s362.1">4.</s>
<s id="s362.2">BATCH NUMBER</s>
<s id="s363.1">BN</s>
<s id="s364.1">5.</s>
<s id="s364.2">OTHER</s>
<s id="s365.1">21 PARTICULARS TO APPEAR ON THE OUTER PACKAGING AND THE IMMEDIATE PACKAGING</s>
<s id="s366.1">OUTER CARTON</s>
<s id="s367.1">1.</s>
<s id="s367.2">NAME OF THE MEDICINAL PRODUCT</s>
<s id="s368.1">&lt; Lansoprazol-ratiopharm and associated names (see Annex I) 30 mg magensaftresistente Hartkapseln &gt; lansoprazole</s>
<s id="s369.1">[see Annex I - to be completed nationally]</s>
<s id="s370.1">2.</s>
<s id="s370.2">STATEMENT OF ACTIVE SUBSTANCE(S)</s>
<s id="s371.1">Each gastro-resistant capsule contains 30 mg lansoprazole</s>
<s id="s372.1">3.</s>
<s id="s372.2">LIST OF EXCIPIENTS</s>
<s id="s373.1">Also contains sucrose (sugar).</s>
<s id="s374.1">4.</s>
<s id="s374.2">PHARMACEUTICAL FORM AND CONTENTS</s>
<s id="s375.1">7 Gastro-resistant hard capsules 14 Gastro-resistant hard capsules 28 Gastro-resistant hard capsules 56 Gastro-resistant hard capsules 98 Gastro-resistant hard capsules</s>
<s id="s376.1">[to be completed nationally]</s>
<s id="s377.1">5.</s>
<s id="s377.2">METHOD AND ROUTE(S) OF ADMINISTRATION</s>
<s id="s378.1">Oral use.</s>
<s id="s378.2">Read the package leaflet before use.</s>
<s id="s379.1">6.</s>
<s id="s379.2">SPECIAL WARNING THAT THE MEDICINAL PRODUCT MUST BE STORED OUT OF THE REACH AND SIGHT OF CHILDREN</s>
<s id="s380.1">Keep out of the reach and sight of children.</s>
<s id="s381.1">7.</s>
<s id="s381.2">OTHER SPECIAL WARNING(S), IF NECESSARY</s>
<s id="s382.1">8.</s>
<s id="s382.2">EXPIRY DATE</s>
<s id="s383.1">EXP (MM/ YYYY)</s>
<s id="s384.1">22 9.</s>
<s id="s384.2">SPECIAL STORAGE CONDITIONS</s>
<s id="s385.1">Do not store above 30°C.</s>
<s id="s385.2">Store in the original package in order to protect from moisture.</s>
<s id="s386.1">10.</s>
<s id="s386.2">SPECIAL PRECAUTIONS FOR DISPOSAL OF UNUSED MEDICINAL PRODUCTS OR WASTE MATERIALS DERIVED FROM SUCH MEDICINAL PRODUCTS, IF APPROPRIATE</s>
<s id="s387.1">11.</s>
<s id="s387.2">NAME AND ADDRESS OF THE MARKETING AUTHORISATION HOLDER</s>
<s id="s388.1">ratiopharm GmbH Graf-Arco-Strasse 3 D-89070 Ulm Germany</s>
<s id="s389.1">[see Annex I - to be completed nationally]</s>
<s id="s390.1">12.</s>
<s id="s390.2">MARKETING AUTHORISATION NUMBER(S)</s>
<s id="s391.1">[to be completed nationally]</s>
<s id="s392.1">13.</s>
<s id="s392.2">BATCH NUMBER</s>
<s id="s393.1">BN</s>
<s id="s394.1">14.</s>
<s id="s394.2">GENERAL CLASSIFICATION FOR SUPPLY</s>
<s id="s395.1">[to be completed nationally]</s>
<s id="s396.1">15.</s>
<s id="s396.2">INSTRUCTIONS ON USE</s>
<s id="s397.1">Acid repressive gastrointestinal-therapeutic</s>
<s id="s398.1">16.</s>
<s id="s398.2">INFORMATION IN BRAILLE</s>
<s id="s399.1">&lt; Lansoprazol-ratiopharm 30 mg &gt;</s>
<s id="s400.1">[to be completed nationally]</s>
<s id="s401.1">23 MINIMUM PARTICULARS TO APPEAR ON BLISTERS OR STRIPS</s>
<s id="s402.1">BLISTER</s>
<s id="s403.1">1.</s>
<s id="s403.2">NAME OF THE MEDICINAL PRODUCT</s>
<s id="s404.1">&lt; Lansoprazol-ratiopharm and associated names (see Annex I) 30 mg magensaftresistente Hartkapseln &gt;</s>
<s id="s405.1">2.</s>
<s id="s405.2">NAME OF THE MARKETING AUTHORISATION HOLDER</s>
<s id="s406.1">ratiopharm GmbH</s>
<s id="s407.1">[see Annex I - to be completed nationally]</s>
<s id="s408.1">3.</s>
<s id="s408.2">EXPIRY DATE</s>
<s id="s409.1">EXP (MM/ YYYY)</s>
<s id="s410.1">4.</s>
<s id="s410.2">BATCH NUMBER</s>
<s id="s411.1">BN</s>
<s id="s412.1">5.</s>
<s id="s412.2">OTHER</s>
<s id="s413.1">24 PACKAGE LEAFLET</s>
<s id="s414.1">25 PACKAGE LEAFLET:</s>
<s id="s414.2">INFORMATION FOR THE USER</s>
<s id="s415.1">&lt; Lansoprazol-ratiopharm and associated names (see Annex I) 15 mg magensaftresistente Hartkapseln &gt; Lansoprazol</s>
<s id="s416.1">[see Annex I - to be completed nationally]</s>
<s id="s417.1">Read all of this leaflet carefully before you start taking this medicine.</s>
<s id="s418.1">- Keep this leaflet.</s>
<s id="s418.2">You may need to read it again.</s>
<s id="s419.1">- If you have any further questions, ask your doctor or pharmacist.</s>
<s id="s420.1">- This medicine has been prescribed for you.</s>
<s id="s420.2">Do not pass it on to others.</s>
<s id="s420.3">It may harm them, even</s>
<s id="s421.1">if their symptoms are the same as yours.</s>
<s id="s422.1">- If any of the side effects gets serious, or if you notice any side effects not listed in this leaflet,</s>
<s id="s423.1">please tell your doctor or pharmacist.</s>
<s id="s424.1">In this leaflet:</s>
<s id="s425.1">1.</s>
<s id="s425.2">What Lansoprazol-ratiopharm is and what it is used for 2.</s>
<s id="s425.3">Before you take Lansoprazol-ratiopharm 3.</s>
<s id="s425.4">How to take Lansoprazol-ratiopharm 4.</s>
<s id="s425.5">Possible side effects 5.</s>
<s id="s425.6">How to store Lansoprazol-ratiopharm 6.</s>
<s id="s425.7">Further information</s>
<s id="s426.1">1.</s>
<s id="s426.2">WHAT Lansoprazol-ratiopharm IS AND WHAT IT IS USED FOR</s>
<s id="s427.1">Lansoprazol-ratiopharm is a medicine which reduces the amount of acid made by the stomach (selective proton pump inhibitor).</s>
<s id="s428.1">Lansoprazol-ratiopharm is given: − to treat ulcers in the duodenum and stomach (diagnosed through gastroscopy or X-ray) − to treat inflammation of the gullet caused by reflux of stomach acid into the gullet (reflux oesophagitis) − as long-term treatment to prevent a recurrence of inflammation of the gullet due to reflux of stomach acid − to remove the bacterium Helicobacter pylori together with suitable antibiotics in the treatment of ulcers in the stomach or duodenum (eradication therapy) and to prevent the recurrence of ulcers in patients with Helicobacter pylori-related ulcers in the stomach and intestines − in the treatment of Zollinger-Ellison syndrome (ulcer formation in the stomach and duodenum, due to increased production of a hormone which secrets stomach acid, caused by a certain type of tumour).</s>
<s id="s429.1">2.</s>
<s id="s429.2">BEFORE YOU TAKE Lansoprazol-ratiopharm</s>
<s id="s430.1">Do not take Lansoprazol-ratiopharm</s>
<s id="s431.1">- if you are allergic (hypersensitive) to Lansoprazol or any of the other ingredients of</s>
<s id="s432.1">Lansoprazol-ratiopharm.</s>
<s id="s433.1">26 Take special care with Lansoprazol-ratiopharm</s>
<s id="s434.1">- if you have impaired liver function (see section 3. “ How to take Lansoprazol-ratiopharm”)</s>
<s id="s435.1">- if you use Lansoprazol-ratiopharm in combination therapy with antibiotics to eradicate</s>
<s id="s436.1">Helicobacter pylori, you should carefully read the package leaflets of these antibiotics, too</s>
<s id="s437.1">- if you take Lansoprazol-ratiopharm for longer than 1 year, therapy should be regularly</s>
<s id="s438.1">monitored and the doctor should carefully consider the benefit versus risk ratio</s>
<s id="s439.1">- if you experience any problems with your eyesight following long-term use (longer than 1</s>
<s id="s440.1">year), treatment with Lansoprazol-ratiopharm should be promptly discontinued and you should consult an ophthalmologist.</s>
<s id="s441.1">- Before treatment with Lansoprazol-ratiopharm</s>
<s id="s442.1">- the diagnosis of ulcers of the duodenum or stomach and inflammation of the gullet due to</s>
<s id="s443.1">reflux of stomach acid should be confirmed by gastroscopy or other appropriate diagnostic measures (e. g.</s>
<s id="s443.2">X-ray with contrast media)</s>
<s id="s444.1">- a stomach ulcer with Lansoprazol-ratiopharm, the possibility of a malignant stomach tumour</s>
<s id="s445.1">should be excluded.</s>
<s id="s445.2">Intake of Lansoprazol-ratiopharm may mask the symptoms of a tumour and delay diagnosis of this condition</s>
<s id="s446.1">Lansoprazole reduces the acid content of the stomach.</s>
<s id="s446.2">This can lead to an increase in the number of natural bacteria present in the gastrointestinal tract.</s>
<s id="s446.3">Treatment with Lansoprazol-ratiopharm therefore leads to a slightly increased risk of infections in the gastrointestinal tract, such as with salmonella and Campylobacter.</s>
<s id="s447.1">Children Lansoprazol-ratiopharm is not recommendes for use in children, as its safety and efficacy have not been established in this patient group.</s>
<s id="s448.1">Elderly patients In elderly patients, a dose adjustment may be necessary due to the slower elimination of lansoprazole.</s>
<s id="s448.2">A daily dose of 30 mg should not be exceeded.</s>
<s id="s449.1">Using other medicines</s>
<s id="s450.1">Please tell your doctor or pharmacist if you are taking or have recently taken any other medicines, including medicines obtained without a prescription.</s>
<s id="s451.1">As lansoprazole is mainly broken down by certain enzymes in the liver, interactions with other medicines that are broken down by the same enzymes are possible.</s>
<s id="s452.1">The effect of Lansoprazol-ratiopharm may be influenced by the following medicines or drug groups:</s>
<s id="s453.1">Fluvoxamine (a medicine for the treatment of depression), ketoconazole and itraconazole (medicines for the treatment of fungal infections), protease inhibitors (active substances used in the treatment of the AIDS virus) and macrolides (certain types of antibiotics) may markedly raise the concentration of lansoprazole in the blood and thus increase the effect of Lansoprazol-ratiopharm.</s>
<s id="s454.1">The effect of the following medicines or drug groups may be influenced by Lansoprazol-ratiopharm if they are used at the same time:</s>
<s id="s455.1">Ketoconazole and itraconazole (medicines for the treatment of fungal infections) The combination of lansoprazole and ketoconazole or itraconazole should be avoided, as the reduction in stomach acid caused by intake of Lansoprazol-ratiopharm may impair the absorption of the other medicines into the blood, thus leading to an underdose.</s>
<s id="s456.1">Digoxin (cardiac glycoside)</s>
<s id="s457.1">27 Simultaneous administration of lansoprazole and digoxin can cause a rise in plasma digoxin concentrations.</s>
<s id="s457.2">For this reason, the plasma levels of patients being treated with digoxin should be monitored and a dose adjustment of digoxin made if necessary.</s>
<s id="s458.1">Tacrolimus (medicine used to prevent rejection of a transplant) Simultaneous use of lansoprazole causes a rise in the plasma concentrations of tacrolimus.</s>
<s id="s458.2">At the beginning or end of simultaneous use of Lansoprazol-ratiopharm, plasma tacrolimus concentrations should be monitored.</s>
<s id="s459.1">Carbamazepine (medicine used in the treatment of fits) Caution is urged if carbamazepine and lansoprazole are used simultaneously.</s>
<s id="s459.2">This combination of medicines could cause a rise in carbamazepine concentrations and a decrease in lansoprazole concentrations.</s>
<s id="s460.1">Phenytoin (medicine used in the treatment of fits and irregularities of heart rhythm) If there is simultaneous use of lansoprazole, a dose reduction of phenytoin may be necessary.</s>
<s id="s460.2">At the beginning or end of lansoprazole therapy, monitoring of plasma phenytoin concentrations is recommended.</s>
<s id="s461.1">Warfarin (medicine used to prevent blood clotting) At the beginning or end of lansoprazole therapy in patients who are already receiving warfarin therapy, caution is urged and more frequent monitoring is recommended.</s>
<s id="s462.1">Theophylline (asthma medicine) Lansoprazole reduces the theophylline concentration.</s>
<s id="s462.2">Caution is advised if the two medicines are administered in combination.</s>
<s id="s463.1">To date, no clinically relevant interactions have been demonstrated between lansoprazole and diazepam.</s>
<s id="s463.2">An interval of at least 1 hour before or after should be allowed between administration of lansoprazole and antacids and sucralfate.</s>
<s id="s464.1">Caution is urged if lansoprazole is combined with some potent medicines, as the influence of lansoprazole on other active substances has not yet been conclusively investigated.</s>
<s id="s465.1">The effect of simultaneous administration of lansoprazole and various antibiotics (particularly clarithromycin) has not been systematically investigated.</s>
<s id="s465.2">Increased interactions with other medicines are likely.</s>
<s id="s465.3">Monitoring of the plasma levels of other medicines administered during simultaneous treatment with lansoprazole and antibiotics is therefore recommended.</s>
<s id="s466.1">Interactions have been observed when lansoprazole was combined with certain antibiotics such as clarithromycin and amoxicillin and in a combination of all three medicines.</s>
<s id="s466.2">These affect the absorption, availability to the body, the breakdown and the elimination of these medicines.</s>
<s id="s466.3">The effect of clarithromycin on lansoprazole is increased if the patient is a so-called slow metaboliser.</s>
<s id="s467.1">Taking Lansoprazol-ratiopharm with food and drink:</s>
<s id="s467.2">It is recommended that you take Lansoprazol-ratiopharm before meals, as simultaneous food intake reduces the availability of lansoprazole to the body.</s>
<s id="s468.1">Pregnancy and breast-feeding Ask your doctor or pharmacist for advice before taking any medicine.</s>
<s id="s468.2">Use of Lansoprazol-ratiopharm is not recommended during pregnancy.</s>
<s id="s468.3">Limited experience to date with the use of lansoprazole in pregnant women has produced no evidence of any side effects on the unborn child or on the pregnancy itself.</s>
<s id="s468.4">You should avoid breastfeeding while taking Lansoprazol-ratiopharm, as there has been insufficient experience with its use during lactation.</s>
<s id="s468.5">Based on the results of animal studies, it is thought that lansoprazole crosses into the breast milk.</s>
<s id="s469.1">28 When making a decision as to whether breastfeeding or therapy with Lansoprazol-ratiopharm should be continued or discontinued, the benefits of breastfeeding for the child and the benefits of therapy with Lansoprazol-ratiopharm for the mother should be considered.</s>
<s id="s470.1">Driving and using machines During treatment with Lansoprazol-ratiopharm, side effects such as light-headedness and fatigue may occur (see section 4. “ Possible side effects”).</s>
<s id="s470.2">This can reduce your responsiveness when driving a vehicle or operating machinery.</s>
<s id="s471.1">Important information about some of the ingredients of Lansoprazol-ratiopharm This medicine contains sucrose.</s>
<s id="s471.2">Please consult your doctor before taking Lansoprazol-ratiopharm if you know that you are intolerant to certain sugars.</s>
<s id="s472.1">3.</s>
<s id="s472.2">HOW TO TAKE Lansoprazol-ratiopharm</s>
<s id="s473.1">Always take Lansoprazol-ratiopharm exactly as your doctor has told you.</s>
<s id="s473.2">You should check with your doctor or pharmacist if you are not sure.</s>
<s id="s474.1">Lansoprazol-ratiopharm capsules are swallowed whole with sufficient liquid (e. g. a glass of water).</s>
<s id="s474.2">The capsules may be opened but the minitablets inside may not be chewed or crushed.</s>
<s id="s474.3">Lansoprazol-ratiopharm should be taken on an empty stomach (before meals).</s>
<s id="s475.1">The usual dose is</s>
<s id="s476.1">Treatment of duodenal ulcers The recommended dose is 2 capsules once daily (equivalent to 30 mg lansoprazole) for 2 weeks.</s>
<s id="s476.2">If a two-week treatment period is not sufficient for healing to occur, treatment can be continued for a further 2 weeks at the same dose.</s>
<s id="s477.1">Treatment of stomach ulcers The recommended dose is 2 capsules once daily (equivalent to 30 mg lansoprazole) for 4 weeks.</s>
<s id="s477.2">The stomach ulcer usually heals within 4 weeks.</s>
<s id="s477.3">If a four-week treatment period is not sufficient for healing to occur, treatment can be continued for a further 4 weeks at the same dose.</s>
<s id="s478.1">Treatment of inflammation of the gullet due to reflux of stomach acid The recommended dose is 2 capsules once daily (equivalent to 30 mg lansoprazole) for 4 weeks.</s>
<s id="s478.2">If a four-week treatment period is not sufficient for healing to occur, treatment can be continued for a further 4 weeks at the same dose.</s>
<s id="s479.1">Prevention of a recurrence of inflammation of the gullet due to reflux of stomach acid The recommended dose is 1 capsule once daily (equivalent to 15 mg lansoprazole).</s>
<s id="s479.2">If required, the dose can be increased to 2 capsules once daily (equivalent to 30 mg lansoprazole).</s>
<s id="s480.1">Eradication of the Helicobacter pylori bacterium The recommended dose is 2 capsules twice daily (equivalent to 2 times 30 mg lansoprazole) for one week in combination with one of the following three combinations: a) amoxicillin 1 g twice daily + clarithromycin 500 mg twice daily, b) clarithromycin 250 mg twice daily + metronidazole 400-500 mg twice daily, c) amoxicillin 1 g twice daily + metronidazole 400-500 mg twice daily.</s>
<s id="s481.1">Please read the package leaflet of the antibacterial agents for further information.</s>
<s id="s482.1">Treatment of Zollinger-Ellison syndrome The dosage should be adjusted on an individual patient basis and continued for as long as required under specialist medical supervision.</s>
<s id="s482.2">The recommended initial dosage is 4 capsules once daily (equivalent to 60 mg lansoprazole).</s>
<s id="s482.3">29 Dosages up to 180 mg daily are possible.</s>
<s id="s482.4">At dosages of more than 120 mg daily, the dose should be given in 2 divided doses (every 12 hours).</s>
<s id="s483.1">Note:</s>
<s id="s483.2">For those therapeutic indications in which a daily dose exceeding 15 mg lansoprazole is specified, gastro-resistant hard capsules containing 30 mg of medically active ingredient are also available.</s>
<s id="s484.1">Dosage in patients with impaired kidney or liver function No dose adjustment is necessary in patients with impaired kidney function.</s>
<s id="s484.2">A daily dose of 30 mg lansoprazole should not, however, be exceeded.</s>
<s id="s484.3">In patients with mildly impaired liver function, a daily dose of 30 mg lansoprazole should not be exceeded.</s>
<s id="s484.4">In patients with moderately impaired liver function, a daily dose of 15 mg lansoprazole should not be exceeded.</s>
<s id="s484.5">Patients with severely impaired liver function should not take Lansoprazol-ratiopharm, nor should they be given combination therapy with clarithromycin.</s>
<s id="s485.1">If you have the impression that the effect of Lansoprazol-ratiopharm is too strong or too weak, please talk to your doctor.</s>
<s id="s486.1">If you take more Lansoprazol-ratiopharm than you should you should always consult a doctor.</s>
<s id="s486.2">There has been no experience with the effects of lansoprazole overdose in humans.</s>
<s id="s486.3">Daily doses of 180 mg were tolerated without any marked side effects.</s>
<s id="s486.4">The side effects listed in section 4 may occur in a more severe form.</s>
<s id="s487.1">If you forget to take Lansoprazol-ratiopharm Do not take a double dose to make up for a forgotten dose.</s>
<s id="s488.1">If you stop taking Lansoprazol-ratiopharm If you take too low a dose, if you take your medicine irregularly or if you stop your treatment prematurely, this may endanger the success of your treatment or may cause relapses which are more difficult to treat.</s>
<s id="s488.2">Please follow your doctor’ s recommendations</s>
<s id="s489.1">If you have any further questions on the use of this product, ask your doctor or pharmacist.</s>
<s id="s490.1">4.</s>
<s id="s490.2">POSSIBLE SIDE EFFECTS</s>
<s id="s491.1">Like all medicines, Lansoprazol-ratiopharm can cause side effects, although not everybody gets them.</s>
<s id="s492.1">The following frequency data are used in the evaluation of side effects:</s>
<s id="s493.1">Very common Common Uncommon Rare Very rare</s>
<s id="s494.1">more than 1 in 10 persons treated less than 1 in 10, but more than 1 in 100 treated patients less than 1 in 100, but more than 1 in 1,000 treated patients less than 1 in 1,000, but more than 1 in 10,000 treated patients less than 1 in 10,000 persons treated, including isolated reports</s>
<s id="s495.1">Gastrointestinal disorders Common:</s>
<s id="s496.1">nausea, vomiting, diarrhoea, stomach-ache, constipation, flatulence (sometimes accompanied by abdominal pain), upper abdominal pain.</s>
<s id="s497.1">Uncommon:</s>
<s id="s497.2">Rare:</s>
<s id="s498.1">dryness of the throat or mouth, loss of appetite. fungal infections of the gullet, inflammation of the pancreas, inflammation of the tongue.</s>
<s id="s499.1">Very rare:</s>
<s id="s500.1">inflammation of the large intestine, inflammation of the mucous membrane of the mouth, black discolouration of the tongue.</s>
<s id="s501.1">30</s>
<s id="s502.1">Skin and connective</s>
<s id="s503.1">tissue disorders</s>
<s id="s504.1">Common:</s>
<s id="s504.2">Rare:</s>
<s id="s505.1">skin rash, nettle rash, itching. skin bleeding (punctiform capillary bleeding and inflamed, mainly symmetrical skin bleeding), hair loss, excessive sweating, blood vessel inflammation with skin changes (erythema multiforme).</s>
<s id="s506.1">Very rare:</s>
<s id="s507.1">maplike rash on the mucous membranes/ skin (Stevens-Johnson syndrome), severe skin damage (toxic epidermal necrolysis).</s>
<s id="s508.1">Nervous system disorders Common:</s>
<s id="s508.2">Rare:</s>
<s id="s509.1">headache, dizziness restlessness, drowsiness, sleep disturbances, light-headedness, depression, hallucinations, confusion, dizziness, trembling, discomfort.</s>
<s id="s510.1">Disorders of the liver and gall bladder Uncommon:</s>
<s id="s510.2">Rare:</s>
<s id="s511.1">changes in liver enzyme values. inflammation of the liver, jaundice</s>
<s id="s512.1">Disorders of the kidneys and urinary tract Rare: inflammation of the kidneys (interstitial nephritis)</s>
<s id="s513.1">Blood and lymphatic system disorders Rare: changes in the blood count with a reduction in the blood platelet count, an increase in the number of certain white blood corpuscles (eosinophilia), a reduced production of all blood cells, anaemia or a reduction in the number of all white blood corpuscles.</s>
<s id="s513.2">Very rare:</s>
<s id="s514.1">severe reduction in certain white blood corpuscles (agranulocytosis).</s>
<s id="s515.1">Heart disorders</s>
<s id="s516.1">Rare:</s>
<s id="s517.1">palpitations, chest pain</s>
<s id="s518.1">Vascular disorders Rare: accumulation of water mainly in the legs (oedema)</s>
<s id="s519.1">Disorders of the skeletal muscle, connective tissue and bones Rare: muscle and joint pain</s>
<s id="s520.1">Eye disorders and changes in the sensation of taste Uncommon:</s>
<s id="s520.2">Rare:</s>
<s id="s521.1">disturbances in taste visual disturbances</s>
<s id="s522.1">Hormonal disorders Very rare:</s>
<s id="s523.1">enlargement of the male breast gland, milky secretions from the breast gland.</s>
<s id="s524.1">General disorders Common:</s>
<s id="s524.2">Rare:</s>
<s id="s524.3">Very rare:</s>
<s id="s525.1">fatigue fever, narrowing of the airways, swelling of tissue (angioedema). allergic shock, impotence, feeling unwell.</s>
<s id="s526.1">Investigations</s>
<s id="s527.1">Very rare:</s>
<s id="s528.1">increased cholesterol and blood lipid values.</s>
<s id="s529.1">If any of the side effects gets serious, or if you notice any side effects not listed in this leaflet, please tell your doctor or pharmacist.</s>
<s id="s530.1">5.</s>
<s id="s530.2">HOW TO STORE Lansoprazol-ratiopharm</s>
<s id="s531.1">31 Do not store above 30°C.</s>
<s id="s531.2">Store in the original package in order to protect from moisture.</s>
<s id="s532.1">Keep out of the reach and sight of children.</s>
<s id="s533.1">Do not use Lansoprazol-ratiopharm after the expiry date which is stated on the carton and the blister.</s>
<s id="s533.2">The expiry date refers to the last day of that month.</s>
<s id="s534.1">6.</s>
<s id="s534.2">FURTHER INFORMATION</s>
<s id="s535.1">What Lansoprazol-ratiopharm contains</s>
<s id="s536.1">- The active substance is lansoprazol.</s>
<s id="s536.2">Each gastro-resistant capsule contains 15 mg lansoprazole.</s>
<s id="s537.1">- The other ingredients are:</s>
<s id="s538.1">Capsule content:</s>
<s id="s538.2">Sugar spheres (sucrose and maize starch), Sodium laurilsulphate, Meglumine, Mannitol, Hypromellose, Macrogol, Talc, Polysorbate 80, Titanium dioxide (E171), Methacrylic Acid- Ethyl Acrylate Copolymer (1:1), Dispersion 30% Capsule shell:</s>
<s id="s538.3">Gelatin, Titanium dioxide (E171), Quinoline yellow (E104)</s>
<s id="s539.1">What Lansoprazol-ratiopharm looks like and contents of the pack</s>
<s id="s540.1">Gastro-resistant hard capsule (Gastro-resistant capsule)</s>
<s id="s541.1">Opaque yellow cap and body.</s>
<s id="s542.1">These gastro-resistant capsules are available in blister packs containing 7, 14, 28, 56 or 98 capsules.</s>
<s id="s543.1">[to be completed nationally]</s>
<s id="s544.1">Marketing Authorisation Holder and Manufacturer</s>
<s id="s545.1">Marketing Authorisation Holder: ratiopharm GmbH, Graf-Arco-Strasse 3, D-89070 Ulm, Germany</s>
<s id="s546.1">[see Annex I – to be completed nationally]</s>
<s id="s547.1">Manufacturer:</s>
<s id="s547.2">LICONSA, Liberación Controlada de Sustancias Activas, S. A.</s>
<s id="s547.3">Avda.</s>
<s id="s547.4">Miralcampo, Nº 7, Polígono Industrial Miralcampo, 19200 Azuqueca de Henares (Guadalajara), Spain</s>
<s id="s548.1">For any information about this medicinal product, please contact the local representative of the Marketing Authorisation Holder:</s>
<s id="s549.1">[to be completed nationally]</s>
<s id="s550.1">This leaflet was last approved in {MM/ YYYY}.</s>
<s id="s551.1">32 PACKAGE LEAFLET:</s>
<s id="s551.2">INFORMATION FOR THE USER</s>
<s id="s552.1">&lt; Lansoprazol-ratiopharm and associated names (see Annex I) 30 mg magensaftresistente Hartkapseln &gt; Lansoprazol</s>
<s id="s553.1">[see Annex I – to be completed nationally]</s>
<s id="s554.1">Read all of this leaflet carefully before you start taking this medicine.</s>
<s id="s555.1">- Keep this leaflet.</s>
<s id="s555.2">You may need to read it again.</s>
<s id="s556.1">- If you have any further questions, ask your doctor or pharmacist.</s>
<s id="s557.1">- This medicine has been prescribed for you.</s>
<s id="s557.2">Do not pass it on to others.</s>
<s id="s557.3">It may harm them, even</s>
<s id="s558.1">if their symptoms are the same as yours.</s>
<s id="s559.1">- If any of the side effects gets serious, or if you notice any side effects not listed in this leaflet,</s>
<s id="s560.1">please tell your doctor or pharmacist.</s>
<s id="s561.1">In this leaflet:</s>
<s id="s562.1">1.</s>
<s id="s562.2">What Lansoprazol-ratiopharm is and what it is used for 2.</s>
<s id="s562.3">Before you take Lansoprazol-ratiopharm 3.</s>
<s id="s562.4">How to take Lansoprazol-ratiopharm 4.</s>
<s id="s562.5">Possible side effects 5.</s>
<s id="s562.6">How to store Lansoprazol-ratiopharm 6.</s>
<s id="s562.7">Further information</s>
<s id="s563.1">1.</s>
<s id="s563.2">WHAT Lansoprazol-ratiopharm IS AND WHAT IT IS USED FOR</s>
<s id="s564.1">Lansoprazol-ratiopharm is a medicine which reduces the amount of acid made by the stomach (selective proton pump inhibitor).</s>
<s id="s565.1">Lansoprazol-ratiopharm is given: − to treat ulcers in the duodenum and stomach (diagnosed through gastroscopy or X-ray) − to treat inflammation of the gullet caused by reflux of stomach acid into the gullet (reflux oesophagitis) − as long-term treatment to prevent a recurrence of inflammation of the gullet due to reflux of stomach acid − to remove the bacterium Helicobacter pylori together with suitable antibiotics in the treatment of ulcers in the stomach or duodenum (eradication therapy) and to prevent the recurrence of ulcers in patients with Helicobacter pylori-related ulcers in the stomach and intestines − in the treatment of Zollinger-Ellison syndrome (ulcer formation in the stomach and duodenum, due to increased production of a hormone which secrets stomach acid, caused by a certain type of tumour).</s>
<s id="s566.1">2.</s>
<s id="s566.2">BEFORE YOU TAKE Lansoprazol-ratiopharm</s>
<s id="s567.1">Do not take Lansoprazol-ratiopharm</s>
<s id="s568.1">- if you are allergic (hypersensitive) to Lansoprazol or any of the other ingredients of</s>
<s id="s569.1">Lansoprazol-ratiopharm.</s>
<s id="s570.1">33 Take special care with Lansoprazol-ratiopharm</s>
<s id="s571.1">- if you have impaired liver function (see section 3. “ How to take Lansoprazol-ratiopharm”)</s>
<s id="s572.1">- if you use Lansoprazol-ratiopharm in combination therapy with antibiotics to eradicate</s>
<s id="s573.1">Helicobacter pylori, you should carefully read the package leaflets of these antibiotics, too</s>
<s id="s574.1">- if you take Lansoprazol-ratiopharm for longer than 1 year, therapy should be regularly</s>
<s id="s575.1">monitored and the doctor should carefully consider the benefit versus risk ratio</s>
<s id="s576.1">- if you experience any problems with your eyesight following long-term use (longer than 1</s>
<s id="s577.1">year), treatment with Lansoprazol-ratiopharm should be promptly discontinued and you should consult an ophthalmologist.</s>
<s id="s578.1">- Before treatment with Lansoprazol-ratiopharm</s>
<s id="s579.1">- the diagnosis of ulcers of the duodenum or stomach and inflammation of the gullet due to</s>
<s id="s580.1">reflux of stomach acid should be confirmed by gastroscopy or other appropriate diagnostic measures (e. g.</s>
<s id="s580.2">X-ray with contrast media)</s>
<s id="s581.1">- a stomach ulcer with Lansoprazol-ratiopharm, the possibility of a malignant stomach tumour</s>
<s id="s582.1">should be excluded.</s>
<s id="s582.2">Intake of Lansoprazol-ratiopharm may mask the symptoms of a tumour and delay diagnosis of this condition</s>
<s id="s583.1">Lansoprazole reduces the acid content of the stomach.</s>
<s id="s583.2">This can lead to an increase in the number of natural bacteria present in the gastrointestinal tract.</s>
<s id="s583.3">Treatment with Lansoprazol-ratiopharm therefore leads to a slightly increased risk of infections in the gastrointestinal tract, such as with salmonella and Campylobacter.</s>
<s id="s584.1">Children Lansoprazol-ratiopharm may not be used in children, as its safety and efficacy have not been established in this patient group.</s>
<s id="s585.1">Elderly patients In elderly patients, a dose adjustment may be necessary due to the slower elimination of lansoprazole.</s>
<s id="s585.2">A daily dose of 30 mg should not be exceeded.</s>
<s id="s586.1">Using other medicines</s>
<s id="s587.1">Please tell your doctor or pharmacist if you are taking or have recently taken any other medicines, including medicines obtained without a prescription.</s>
<s id="s588.1">As lansoprazole is mainly broken down by certain enzymes in the liver, interactions with other medicines that are broken down by the same enzymes are possible.</s>
<s id="s589.1">The effect of Lansoprazol-ratiopharm may be influenced by the following medicines or drug groups:</s>
<s id="s590.1">Fluvoxamine (a medicine for the treatment of depression), ketoconazole and itraconazole (medicines for the treatment of fungal infections), protease inhibitors (active substances used in the treatment of the AIDS virus) and macrolides (certain types of antibiotics) may markedly raise the concentration of lansoprazole in the blood and thus increase the effect of Lansoprazol-ratiopharm.</s>
<s id="s591.1">The effect of the following medicines or drug groups may be influenced by Lansoprazol-ratiopharm if they are used at the same time:</s>
<s id="s592.1">Ketoconazole and itraconazole (medicines for the treatment of fungal infections) The combination of lansoprazole and ketoconazole or itraconazole should be avoided, as the reduction in stomach acid caused by intake of Lansoprazol-ratiopharm may impair the absorption of the other medicines into the blood, thus leading to an underdose.</s>
<s id="s593.1">Digoxin (cardiac glycoside)</s>
<s id="s594.1">34 Simultaneous administration of lansoprazole and digoxin can cause a rise in plasma digoxin concentrations.</s>
<s id="s594.2">For this reason, the plasma levels of patients being treated with digoxin should be monitored and a dose adjustment of digoxin made if necessary.</s>
<s id="s595.1">Tacrolimus (medicine used to prevent rejection of a transplant) Simultaneous use of lansoprazole causes a rise in the plasma concentrations of tacrolimus.</s>
<s id="s595.2">At the beginning or end of simultaneous use of Lansoprazol-ratiopharm, plasma tacrolimus concentrations should be monitored.</s>
<s id="s596.1">Carbamazepine (medicine used in the treatment of fits) Caution is urged if carbamazepine and lansoprazole are used simultaneously.</s>
<s id="s596.2">This combination of medicines could cause a rise in carbamazepine concentrations and a decrease in lansoprazole concentrations.</s>
<s id="s597.1">Phenytoin (medicine used in the treatment of fits and irregularities of heart rhythm) If there is simultaneous use of lansoprazole, a dose reduction of phenytoin may be necessary.</s>
<s id="s597.2">At the beginning or end of lansoprazole therapy, monitoring of plasma phenytoin concentrations is recommended.</s>
<s id="s598.1">Warfarin (medicine used to prevent blood clotting) At the beginning or end of lansoprazole therapy in patients who are already receiving warfarin therapy, caution is urged and more frequent monitoring is recommended.</s>
<s id="s599.1">Theophylline (asthma medicine) Lansoprazole reduces the theophylline concentration.</s>
<s id="s599.2">Caution is advised if the two medicines are administered in combination.</s>
<s id="s600.1">To date, no clinically relevant interactions have been demonstrated between lansoprazole and diazepam.</s>
<s id="s600.2">An interval of at least 1 hour before or after should be allowed between administration of lansoprazole and antacids and sucralfate.</s>
<s id="s601.1">Caution is urged if lansoprazole is combined with some potent medicines, as the influence of lansoprazole on other active substances has not yet been conclusively investigated.</s>
<s id="s602.1">The effect of simultaneous administration of lansoprazole and various antibiotics (particularly clarithromycin) has not been systematically investigated.</s>
<s id="s602.2">Increased interactions with other medicines are likely.</s>
<s id="s602.3">Monitoring of the plasma levels of other medicines administered during simultaneous treatment with lansoprazole and antibiotics is therefore recommended.</s>
<s id="s603.1">Interactions have been observed when lansoprazole was combined with certain antibiotics such as clarithromycin and amoxicillin and in a combination of all three medicines.</s>
<s id="s603.2">These affect the absorption, availability to the body, the breakdown and the elimination of these medicines.</s>
<s id="s603.3">The effect of clarithromycin on lansoprazole is increased if the patient is a so-called slow metaboliser.</s>
<s id="s604.1">Taking Lansoprazol-ratiopharm with food and drink:</s>
<s id="s604.2">It is recommended that you take Lansoprazol-ratiopharm before meals, as simultaneous food intake reduces the availability of lansoprazole to the body.</s>
<s id="s605.1">Pregnancy and breast-feeding Ask your doctor or pharmacist for advice before taking any medicine.</s>
<s id="s605.2">Use of Lansoprazol-ratiopharm is not recommended during pregnancy.</s>
<s id="s605.3">Limited experience to date with the use of lansoprazole in pregnant women has produced no evidence of any side effects on the unborn child or on the pregnancy itself.</s>
<s id="s605.4">You should avoid breastfeeding while taking Lansoprazol-ratiopharm, as there has been insufficient experience with its use during lactation.</s>
<s id="s605.5">Based on the results of animal studies, it is thought that lansoprazole crosses into the breast milk.</s>
<s id="s606.1">35 When making a decision as to whether breastfeeding or therapy with Lansoprazol-ratiopharm should be continued or discontinued, the benefits of breastfeeding for the child and the benefits of therapy with Lansoprazol-ratiopharm for the mother should be considered.</s>
<s id="s607.1">Driving and using machines During treatment with Lansoprazol-ratiopharm, side effects such as light-headedness and fatigue may occur (see section 4. “ Possible side effects”).</s>
<s id="s607.2">This can reduce your responsiveness when driving a vehicle or operating machinery.</s>
<s id="s608.1">Important information about some of the ingredients of Lansoprazol-ratiopharm This medicine contains sucrose.</s>
<s id="s608.2">Please consult your doctor before taking Lansoprazol-ratiopharm if you know that you are intolerant to certain sugars.</s>
<s id="s609.1">3.</s>
<s id="s609.2">HOW TO TAKE Lansoprazol-ratiopharm</s>
<s id="s610.1">Always take Lansoprazol-ratiopharm exactly as your doctor has told you.</s>
<s id="s610.2">You should check with your doctor or pharmacist if you are not sure.</s>
<s id="s611.1">Lansoprazol-ratiopharm capsules are swallowed whole with sufficient liquid (e. g. a glass of water).</s>
<s id="s611.2">The capsules may be opened but the minitablets inside may not be chewed or crushed.</s>
<s id="s611.3">Lansoprazol-ratiopharm should be taken on an empty stomach (before meals).</s>
<s id="s612.1">The usual dose is</s>
<s id="s613.1">Treatment of duodenal ulcers The recommended dose is 1 capsule once daily (equivalent to 30 mg lansoprazole) for 2 weeks.</s>
<s id="s613.2">If a two-week treatment period is not sufficient for healing to occur, treatment can be continued for a further 2 weeks at the same dose.</s>
<s id="s614.1">Treatment of stomach ulcers The recommended dose is 1 capsule once daily (equivalent to 30 mg lansoprazole) for 4 weeks.</s>
<s id="s614.2">The stomach ulcer usually heals within 4 weeks.</s>
<s id="s614.3">If a four-week treatment period is not sufficient for healing to occur, treatment can be continued for a further 4 weeks at the same dose.</s>
<s id="s615.1">Treatment of inflammation of the gullet due to reflux of stomach acid The recommended dose is 1 capsule once daily (equivalent to 30 mg lansoprazole) for 4 weeks.</s>
<s id="s615.2">If a four-week treatment period is not sufficient for healing to occur, treatment can be continued for a further 4 weeks at the same dose.</s>
<s id="s616.1">Prevention of a recurrence of inflammation of the gullet due to reflux of stomach acid The recommended dose is 15 mg lansoprazole once daily.</s>
<s id="s616.2">If required, the dose can be increased to 1 capsule once daily (equivalent to 30 mg lansoprazole).</s>
<s id="s617.1">Eradication of the Helicobacter pylori bacterium The recommended dose is 1 capsule twice daily (equivalent to 2 times 30 mg lansoprazole) for one week in combination with one of the following three combinations: a) amoxicillin 1 g twice daily + clarithromycin 500 mg twice daily, b) clarithromycin 250 mg twice daily + metronidazole 400-500 mg twice daily, c) amoxicillin 1 g twice daily + metronidazole 400-500 mg twice daily.</s>
<s id="s618.1">Please read the package leaflet of the antibacterial agents for further information.</s>
<s id="s619.1">Treatment of Zollinger-Ellison syndrome The dosage should be adjusted on an individual patient basis and continued for as long as required under specialist medical supervision.</s>
<s id="s619.2">The recommended initial dosage is 2 capsules once daily (equivalent to 60 mg lansoprazole).</s>
<s id="s619.3">36 Dosages up to 180 mg daily are possible.</s>
<s id="s619.4">At dosages of more than 120 mg daily, the dose should be given in 2 divided doses (every 12 hours).</s>
<s id="s620.1">Note:</s>
<s id="s620.2">For those therapeutic indications in which a daily dose of 15 mg lansoprazole is specified, gastro- resistant hard capsules containing 15 mg of medically active ingredient are also available.</s>
<s id="s621.1">Dosage in patients with impaired kidney or liver function No dose adjustment is necessary in patients with impaired kidney function.</s>
<s id="s621.2">A daily dose of 30 mg lansoprazole should not, however, be exceeded.</s>
<s id="s621.3">In patients with mildly impaired liver function, a daily dose of 30 mg lansoprazole should not be exceeded.</s>
<s id="s621.4">In patients with moderately impaired liver function, a daily dose of 15 mg lansoprazole should not be exceeded.</s>
<s id="s621.5">Patients with severely impaired liver function should not take Lansoprazol-ratiopharm, nor should they be given combination therapy with clarithromycin.</s>
<s id="s622.1">If you have the impression that the effect of Lansoprazol-ratiopharm is too strong or too weak, please talk to your doctor.</s>
<s id="s623.1">If you take more Lansoprazol-ratiopharm than you should you should always consult a doctor.</s>
<s id="s623.2">There has been no experience with the effects of lansoprazole overdose in humans.</s>
<s id="s623.3">Daily doses of 180 mg were tolerated without any marked side effects.</s>
<s id="s623.4">The side effects listed in section 4 may occur in a more severe form.</s>
<s id="s624.1">If you forget to take Lansoprazol-ratiopharm Do not take a double dose to make up for a forgotten dose.</s>
<s id="s625.1">If you stop taking Lansoprazol-ratiopharm If you take too low a dose, if you take your medicine irregularly or if you stop your treatment prematurely, this may endanger the success of your treatment or may cause relapses which are more difficult to treat.</s>
<s id="s625.2">Please follow your doctor’ s recommendations</s>
<s id="s626.1">If you have any further questions on the use of this product, ask your doctor or pharmacist.</s>
<s id="s627.1">4.</s>
<s id="s627.2">POSSIBLE SIDE EFFECTS</s>
<s id="s628.1">Like all medicines, Lansoprazol-ratiopharm can cause side effects, although not everybody gets them.</s>
<s id="s629.1">The following frequency data are used in the evaluation of side effects:</s>
<s id="s630.1">Very common Common Uncommon Rare Very rare</s>
<s id="s631.1">more than 1 in 10 persons treated less than 1 in 10, but more than 1 in 100 treated patients less than 1 in 100, but more than 1 in 1,000 treated patients less than 1 in 1,000, but more than 1 in 10,000 treated patients less than 1 in 10,000 persons treated, including isolated reports</s>
<s id="s632.1">Gastrointestinal disorders Common:</s>
<s id="s633.1">nausea, vomiting, diarrhoea, stomach-ache, constipation, flatulence (sometimes accompanied by abdominal pain), upper abdominal pain.</s>
<s id="s634.1">Uncommon:</s>
<s id="s634.2">Rare:</s>
<s id="s635.1">dryness of the throat or mouth, loss of appetite. fungal infections of the gullet, inflammation of the pancreas, inflammation of the tongue.</s>
<s id="s636.1">Very rare:</s>
<s id="s637.1">inflammation of the large intestine, inflammation of the mucous membrane of the mouth, black discolouration of the tongue.</s>
<s id="s638.1">37</s>
<s id="s639.1">Skin and connective</s>
<s id="s640.1">tissue disorders</s>
<s id="s641.1">Common:</s>
<s id="s641.2">Rare:</s>
<s id="s642.1">skin rash, nettle rash, itching. skin bleeding (punctiform capillary bleeding and inflamed, mainly symmetrical skin bleeding), hair loss, excessive sweating, blood vessel inflammation with skin changes (erythema multiforme).</s>
<s id="s643.1">Very rare:</s>
<s id="s644.1">maplike rash on the mucous membranes/ skin (Stevens-Johnson syndrome), severe skin damage (toxic epidermal necrolysis).</s>
<s id="s645.1">Nervous system disorders Common:</s>
<s id="s645.2">Rare:</s>
<s id="s646.1">headache, dizziness restlessness, drowsiness, sleep disturbances, light-headedness, depression, hallucinations, confusion, dizziness, trembling, discomfort.</s>
<s id="s647.1">Disorders of the liver and gall bladder Uncommon:</s>
<s id="s647.2">Rare:</s>
<s id="s648.1">changes in liver enzyme values. inflammation of the liver, jaundice</s>
<s id="s649.1">Disorders of the kidneys and urinary tract Rare: inflammation of the kidneys (interstitial nephritis)</s>
<s id="s650.1">Blood and lymphatic system disorders Rare: changes in the blood count with a reduction in the blood platelet count, an increase in the number of certain white blood corpuscles (eosinophilia), a reduced production of all blood cells, anaemia or a reduction in the number of all white blood corpuscles.</s>
<s id="s650.2">Very rare:</s>
<s id="s651.1">severe reduction in certain white blood corpuscles (agranulocytosis).</s>
<s id="s652.1">Heart disorders</s>
<s id="s653.1">Rare:</s>
<s id="s654.1">palpitations, chest pain</s>
<s id="s655.1">Vascular disorders Rare: accumulation of water mainly in the legs (oedema)</s>
<s id="s656.1">Disorders of the skeletal muscle, connective tissue and bones Rare: muscle and joint pain</s>
<s id="s657.1">Eye disorders and changes in the sensation of taste Uncommon: disturbances in taste Rare: visual disturbances</s>
<s id="s658.1">Hormonal disorders Very rare:</s>
<s id="s659.1">enlargement of the male breast gland, milky secretions from the breast gland.</s>
<s id="s660.1">General disorders Common:</s>
<s id="s660.2">Rare:</s>
<s id="s660.3">Very rare:</s>
<s id="s661.1">fatigue fever, narrowing of the airways, swelling of tissue (angioedema). allergic shock, impotence, feeling unwell.</s>
<s id="s662.1">Investigations</s>
<s id="s663.1">Very rare:</s>
<s id="s664.1">increased cholesterol and blood lipid values.</s>
<s id="s665.1">If any of the side effects gets serious, or if you notice any side effects not listed in this leaflet, please tell your doctor or pharmacist.</s>
<s id="s666.1">5.</s>
<s id="s666.2">HOW TO STORE Lansoprazol-ratiopharm</s>
<s id="s667.1">38 Do not store above 30°C.</s>
<s id="s667.2">Store in the original package in order to protect from moisture.</s>
<s id="s668.1">Keep out of the reach and sight of children.</s>
<s id="s669.1">Do not use Lansoprazol-ratiopharm after the expiry date which is stated on the carton and the blister.</s>
<s id="s669.2">The expiry date refers to the last day of that month.</s>
<s id="s670.1">6.</s>
<s id="s670.2">FURTHER INFORMATION</s>
<s id="s671.1">What Lansoprazol-ratiopharm contains</s>
<s id="s672.1">- The active substance is lansoprazol.</s>
<s id="s672.2">Each gastro-resistant capsule contains 30 mg lansoprazole.</s>
<s id="s673.1">- The other ingredients are:</s>
<s id="s674.1">Capsule content:</s>
<s id="s674.2">Sugar spheres (sucrose and maize starch), Sodium laurilsulphate, Meglumine, Mannitol, Hypromellose, Macrogol, Talc, Polysorbate 80, Titanium dioxide (E171), Methacrylic Acid- Ethyl Acrylate Copolymer (1:1), Dispersion 30% Capsule shell:</s>
<s id="s674.3">Gelatin, Titanium dioxide (E171)</s>
<s id="s675.1">What Lansoprazol-ratiopharm looks like and contents of the pack</s>
<s id="s676.1">Gastro-resistant hard capsule (Gastro-resistant capsule) Hard gelatine capsules, with opaque yellow cap and body, containing pellets with enteric coating.</s>
<s id="s677.1">These gastro-resistant capsules are available in blister packs containing 7, 14, 28, 56 or 98 capsules.</s>
<s id="s678.1">Marketing Authorisation Holder and Manufacturer</s>
<s id="s679.1">Marketing Authorisation Holder: ratiopharm GmbH, Graf-Arco-Strasse 3, D-89079 Ulm, Germany</s>
<s id="s680.1">[see Annex I – to be completed nationally]</s>
<s id="s681.1">Manufacturer:</s>
<s id="s681.2">LICONSA, Liberación Controlada de Sustancias Activas, S. A.</s>
<s id="s681.3">Avda.</s>
<s id="s681.4">Miralcampo, Nº 7, Polígono Industrial Miralcampo, 19200 Azuqueca de Henares (Guadalajara), Spain</s>
<s id="s682.1">For any information about this medicinal product, please contact the local representative of the Marketing Authorisation Holder:</s>
<s id="s683.1">[to be completed nationally]</s>
<s id="s684.1">This leaflet was last approved in {MM/ YYYY}.</s>
<s id="s685.1">39</s>
</body>
</letsmt>
