<?xml version="1.0" encoding="utf-8"?>
<letsmt version="1.0">
<head></head>
<body>
<s id="s1.1">European Medicines Agency Veterinary Medicines</s>
<s id="s2.1">EMEA/ V/ C/ 075</s>
<s id="s3.1">EUROPEAN PUBLIC ASSESSMENT REPORT (EPAR)</s>
<s id="s4.1">GONAZON</s>
<s id="s5.1">EPAR summary for the public</s>
<s id="s6.1">This document is a summary of the European Public Assessment Report.</s>
<s id="s6.2">Its purpose is to explain how the assessment done by the Committee for Medicinal Products for Veterinary Use (CVMP) on the basis of the documentation provided, led to the recommendations on the conditions of use.</s>
<s id="s6.3">This document cannot replace a face-to-face discussion with your veterinarian.</s>
<s id="s6.4">If you need more information about your animal’ s medical condition or treatment, contact your veterinarian.</s>
<s id="s6.5">If you want more information on the basis of the CVMP recommendations, read the Scientific Discussion (also part of the EPAR).</s>
<s id="s7.1">What is Gonazon?</s>
<s id="s7.2">Gonazon contains the active substance azagly-nafarelin.</s>
<s id="s7.3">Gonazon is authorised as a concentrate that is made into a solution for injection for salmonid fish and also as an implant for dogs.</s>
<s id="s7.4">Gonazon implant is rectangular in shape, off white, with dimensions of 14x3x1 mm.</s>
<s id="s8.1">What is Gonazon used for?</s>
<s id="s8.2">In fish, Gonazon is used to induce and synchronise ovulation (egg production) in female salmonids such as Atlantic salmon, rainbow trout, brown trout and Arctic charr for the production of eyed-eggs and fry.</s>
<s id="s8.3">Following anaesthesia, the fish are injected intraperitoneally (into the area that contains the abdominal organs) along the central line, 1/ 2 to 1 fin length in front of the pelvic fin base.</s>
<s id="s8.4">The recommended dose is 32 µg/ kg bodyweight.</s>
<s id="s9.1">In bitches, Gonazon is also indicated for the prevention of gonadal function via long term blockade of gonadotrophin synthesis.</s>
<s id="s9.2">Gonazon is injected subcutaneously, in the region of the umbilicus.</s>
<s id="s9.3">The implant may be administered to bitches from the age of four months (blocking reproductive function for an average of 12 months) to 6 years (blocking reproductive function for an average of 11 months).</s>
<s id="s10.1">How does Gonazon work?</s>
<s id="s10.2">Gonazon contains azagly-nafarelin, which is an analogue of a natural hormone called gonadotrophin- releasing hormone (GnRH).</s>
<s id="s10.3">GnRH controls reproduction in fish by increasing the secretion of the gonadotrophins controlling egg production.</s>
<s id="s11.1">In dogs, administration of higher doses of GnRH agonists over a period of time desensitises the pituitary gland with the result that release of gonadotrophins is suppressed, leading to a suppression of reproductive function.</s>
<s id="s12.1">How has Gonazon been studied?</s>
<s id="s12.2">In fish, Gonazon has been studied in three studies of rainbow trout, two studies of Altlantic salmon, and one study of Arctic charr.</s>
<s id="s12.3">The main measure of effectiveness was the speed of response to treatment and the advance in time and synchronisation of the spawning period.</s>
<s id="s13.1">7 Westferry Circus, Canary Wharf, London E14 4HB, UK Tel.</s>
<s id="s13.2">(44-20) 74 18 84 00 Fax (44-20) 74 18 84 16 E-mail: mail@emea. europa. eu http: / /www. emea. europa. eu ©EMEA 2007 Reproduction and/ or distribution of this document is authorised for non commercial purposes only provided the EMEA is acknowledged In bitches, the results of two field studies with Gonazon implants were provided, one investigating a single administration, another one the repeated application over a second year.</s>
<s id="s13.3">Bitches treated with Gonazon generally failed to display heat during the study compared to bitches who did not receive the treatment.</s>
<s id="s13.4">Good efficacy has been demonstrated for the prevention of heat and ovulation in adult bitches aged up to 7 years during the one or two years of treatment.</s>
<s id="s13.5">Data on the return to oestrus, ovulatory oestrus and subsequent fertility once treatment has ended (i. e. once the implant had been removed) were limited, especially for repeated treatment.</s>
<s id="s14.1">What benefit has Gonazon shown during the studies?</s>
<s id="s14.2">In fish, the results of the trials showed that Gonazon was effective to induce and synchronise ovulation.</s>
<s id="s14.3">In most cases, an effect was induced within 6-11 days of treatment, and ovulation was generally advanced by 2-3 weeks.</s>
<s id="s14.4">The use of Gonazon while not necessarily improving reproductive performance over the course of the spawning season, by synchronising spawning will shorten the time span dedicated to eyed egg production.</s>
<s id="s14.5">This optimises organisation of the fish farm.</s>
<s id="s15.1">In bitches, it has been demonstrated that the insertion of a Gonazon implant will prevent heat and ovulation in adult bitches aged up to 7 years during the one or two years of treatment.</s>
<s id="s16.1">What is the risk associated with Gonazon?</s>
<s id="s16.2">In fish, the injection of Gonazon may be associated with a reduction in fecundity (ability to breed), egg quality and survival to the eyed-egg stage.</s>
<s id="s16.3">In some cases this can be caused by use of Gonazon too early in the spawning season.</s>
<s id="s17.1">In bitches, Gonazon works by inhibition of the production of sex steroids and may be associated with rare cases of vaginitis in prepubertal females.</s>
<s id="s18.1">What are the precautions for the person who gives the medicine or comes into contact with the animal?</s>
<s id="s18.2">Operators should wear gloves when mixing the concentrate solution or handling the implant and avoid self injection.</s>
<s id="s19.1">In case of accidental contact with either the skin or the eyes, rinse thoroughly with water.</s>
<s id="s19.2">If the concentrated solution or the diluted solution is spilled onto the skin or into the eyes, or the implant is accidentally self-injected, medical advice should be sought immediately.</s>
<s id="s19.3">The package leaflet or the label should be shown to the doctor.</s>
<s id="s19.4">Operators should wash their hands after use of the product.</s>
<s id="s20.1">Why has Gonazon been approved?</s>
<s id="s20.2">The Committee for Medicinal Products for Veterinary Use (CVMP) agreed that the benefits of Gonazon are greater than any risks for the induction and synchronisation of ovulation for the production of eyed-eggs and fry.</s>
<s id="s20.3">Gonazon implants are effective in prevention of gonadal function via long term blockade of gonadotrophin synthesis.</s>
<s id="s20.4">The CVMP recommended that Gonazon should be given a marketing authorisation.</s>
<s id="s20.5">The benefit-risk balance may be found in module 6 of this EPAR.</s>
<s id="s21.1">Other information about Gonazon:</s>
<s id="s21.2">The European Commission granted a marketing authorisation valid throughout the European Union, for Gonazon to Intervet International BV on 22 July 2003.</s>
<s id="s21.3">Gonazon implants were authorised by an extension application, granted by the European Commission in January 2007.</s>
<s id="s21.4">Information on the prescription status of this product may be found on the labelling.</s>
<s id="s22.1">This summary was last updated in December 2006.</s>
<s id="s23.1">©EMEA 2007</s>
<s id="s24.1">2/ 2</s>
</body>
</letsmt>
