<?xml version="1.0" encoding="utf-8"?>
<letsmt version="1.0">
<head></head>
<body>
<s id="s1.1">EU Number</s>
<s id="s2.1">Invented name</s>
<s id="s3.1">Strength</s>
<s id="s4.1">Pharmaceutical Form</s>
<s id="s5.1">Target Route of species administration</s>
<s id="s6.1">Packaging</s>
<s id="s7.1">Content</s>
<s id="s8.1">Package size</s>
<s id="s9.1">Withdrawal period</s>
<s id="s10.1">EU/ 2/ 96/ 002/ 001 Fevaxyn Pentofel</s>
<s id="s11.1">Inactivated Feline Panleukopenia Virus (CU4 strain):</s>
<s id="s11.2">R. P. ≥ 9.5-≤ 12.25 Inactivated Feline Calicivirus (255 strain):</s>
<s id="s11.3">R. P.≥ 1.65-≤ 2.15</s>
<s id="s12.1">Solution for injection</s>
<s id="s13.1">Cats</s>
<s id="s14.1">Subcutaneous use</s>
<s id="s15.1">3 ml disposable 1 ml polypropylene syringes sealed with rubber tips</s>
<s id="s16.1">10 pre-filled Not applicable syringes per cardboard box</s>
<s id="s17.1">Inactivated Feline Rhinotracheitis virus (605 strain):</s>
<s id="s17.2">R. P.≥ 1.60-≤ 2.10</s>
<s id="s18.1">Inactivated Chlamydophila felis (Cello strain):</s>
<s id="s18.2">R. P.≥ 2.00-≤ 2.30</s>
<s id="s19.1">Inactivated Feline Leukemia Virus (61E strain):</s>
<s id="s19.2">R. P.≥ 1.45- ≤ 2.0 EU/ 2/ 96/ 002/ 002 Fevaxyn Pentofel See above</s>
<s id="s20.1">Solution for injection</s>
<s id="s21.1">Cats</s>
<s id="s22.1">Subcutaneous use</s>
<s id="s23.1">3 ml disposable 1 ml polypropylene syringes sealed with rubber tips</s>
<s id="s24.1">20 pre-filled Not applicable syringes per cardboard box</s>
<s id="s25.1">EU/ 2/ 96/ 002/ 003 Fevaxyn Pentofel See above</s>
<s id="s26.1">Solution for injection</s>
<s id="s27.1">Cats</s>
<s id="s28.1">Subcutaneous use</s>
<s id="s29.1">3 ml disposable 1 ml polypropylene syringes sealed with rubber tips</s>
<s id="s30.1">25 pre-filled Not applicable syringes per cardboard box</s>
</body>
</letsmt>
