<?xml version="1.0" encoding="utf-8"?>
<letsmt version="1.0">
<head></head>
<body>
<s id="s1.1">ANNEX I</s>
<s id="s2.1">SUMMARY OF PRODUCT CHARACTERISTICS</s>
<s id="s3.1">1 1.</s>
<s id="s3.2">NAME OF THE VETERINARY MEDICINAL PRODUCT</s>
<s id="s4.1">MASIVET 50 mg film-coated tablets for dogs.</s>
<s id="s4.2">MASIVET 150 mg film-coated tablets for dogs.</s>
<s id="s5.1">2.</s>
<s id="s5.2">QUALITATIVE AND QUANTITATIVE COMPOSITION</s>
<s id="s6.1">Active substance:</s>
<s id="s6.2">Each film-coated tablet contains:</s>
<s id="s6.3">Masitinib 50 mg (equivalent to masitinib mesylate 59.6 mg).</s>
<s id="s6.4">Masitinib 150 mg (equivalent to masitinib mesylate 178.9 mg)</s>
<s id="s7.1">Excipients:</s>
<s id="s8.1">For a full list of excipients, see section 6.1</s>
<s id="s9.1">3.</s>
<s id="s9.2">PHARMACEUTICAL FORM</s>
<s id="s10.1">Film-coated tablet Light-orange, round shape, film-coated tablet embossed with “ 50” or “ 150” on one side and the company logo on the other side.</s>
<s id="s11.1">4.</s>
<s id="s11.2">CLINICAL PARTICULARS</s>
<s id="s12.1">4.1 Target species</s>
<s id="s13.1">Dogs.</s>
<s id="s14.1">4.2 Indications for use, specifying the target species</s>
<s id="s15.1">Treatment of non-resectable dog mast cell tumours (Grade 2 or 3) with confirmed mutated c-kit tyrosine kinase receptor.</s>
<s id="s16.1">4.3 Contraindications</s>
<s id="s17.1">Do not use in pregnant or lactating bitches (see section 4.7).</s>
<s id="s17.2">Do not use in dogs less than 6 months of age or less than 4 kg body weight.</s>
<s id="s17.3">Do not use in dogs suffering from liver impairment, defined as AST or ALT &gt; 3 x Upper Limit of Normal (ULN).</s>
<s id="s17.4">Do not use in dogs suffering from renal function impairment, defined as Urinary Protein Creatinine (UPC) ratio &gt; 2 or albumin &lt; 1 x Lower Limit of Normal (LLN).</s>
<s id="s17.5">Do not use in dogs with anaemia (haemoglobin &lt; 10 g/ dl).</s>
<s id="s17.6">Do not use in dogs with neutropenia defined as absolute neutrophil count &lt; 2000 / mm3.</s>
<s id="s17.7">Do not use in case of hypersensitivity to the active substance or to any of the excipients.</s>
<s id="s18.1">4.4 Special warnings</s>
<s id="s19.1">For any mast cell tumour treatable by surgery, surgery should be the first choice of treatment.</s>
<s id="s19.2">Masitinib treatment should only be used in dogs with non-resectable mast cell tumours and which express the mutated c-kit tyrosine kinase receptor.</s>
<s id="s19.3">The presence of a mutated tyrosine kinase c-kit receptor must be confirmed prior to treatment (see also 5.1).</s>
<s id="s20.1">2 4.5 Special precautions for use</s>
<s id="s21.1">Special precautions for use in animals</s>
<s id="s22.1">Dogs should be carefully monitored and treatment might need to be adjusted or discontinued, if necessary.</s>
<s id="s23.1">Monitoring of renal function Renal function should be adequately monitored every month using dipstick urine testing.</s>
<s id="s23.2">In case of positive semiquantitative dipstick results (protein &gt; 30 mg/ dl), urinalysis should be performed to determine urinary protein creatinine (UPC) ratio, and a blood sample to measure creatinine, albumin and BUN.</s>
<s id="s23.3">If UPC ratio &gt; 2, or creatinine &gt; 1.5 upper limit of normal (ULN), or albumin &lt; 0.75 lower limit of normal (LLN) or blood urea nitrogen (BUN) &gt; 1.5 ULN, discontinue treatment.</s>
<s id="s24.1">Monitoring of Protein loss syndrome Perform every month a dipstick urine test.</s>
<s id="s24.2">In case of positive semi-quantitative dipstick results (protein ≥ 30 mg/ dL), perform urinalysis to determine urinary protein creatinine (UPC) ratio.</s>
<s id="s24.3">Perform every month a blood measurement of albumin.</s>
<s id="s24.4">In case of UPC ratio &gt; 2 or albumin &lt; 0.75 lower limit of normal (LLN), treatment should be interrupted until albumin and UPC values have returned to limit value (UPC ratio &lt; 2 and albumin &gt; 0.75 LLN), treatment can then be continued at the same dose.</s>
<s id="s24.5">If of one of these events (UPC ratio &gt; 2 or albumin &lt; 0.75 LLN) occurs for a second time, treatment should be permanently discontinued.</s>
<s id="s25.1">Anaemia and / or haemolysis Dogs should be carefully monitored for signs of (haemolytic) anaemia.</s>
<s id="s25.2">In case of clinical signs of anaemia or haemolysis, haemoglobin, free bilirubin and haptoglobin should be measured and blood cell counts (including reticulocyte) should be performed.</s>
<s id="s25.3">Treatment should be discontinued in case of:</s>
<s id="s25.4">Haemolytic anaemia, i. e. haemoglobin&lt; 10 g/dL and haemolysis, i.e. free bilirubin &gt; 1.5 ULN and haptoglobin &lt; 0.1 g/dL, Anaemia due to lack of regeneration, i.e. haemoglobin&lt; 10 g/dL and reticulocytes &lt; 80,000/mm3.</s>
<s id="s26.1">Hepatic toxicity (ALT or AST elevation), neutropenia In case of an increase of ALT or AST &gt; 3 ULN, decrease of neutrophil count &lt; 2000/ mm3 or any other severe adverse events, treatment should be modified as follows:</s>
<s id="s26.2">At the first occurrence, treatment should be interrupted until resolution, then resumed at the same dose level; At the second occurrence of the same event, treatment should be interrupted until resolution; treatment should then be continued with a reduced dose of 9 mg/ kg bodyweight/ day; At the third occurrence of the same event, treatment should be interrupted until resolution; treatment should then be continued with a dose further reduced to 6 mg/ kg/ day; Treatment should be discontinued, if severe adverse reactions are still encountered at the 6 mg/ kg/ day dose.</s>
<s id="s27.1">Other precautions</s>
<s id="s28.1">Treatment should be permanently discontinued in case of renal toxicity, immune-mediated haemolytic anaemia (IMHA) and/ or anaemia due to lack of regeneration, and if severe neutropenia, and/ or severe diarrhoea and/ or severe vomiting persist after dose reduction.</s>
<s id="s29.1">Dogs should not be used for breeding while under treatment.</s>
<s id="s30.1">3 Summary of thresholds for laboratory evaluations resulting in contra-indication or treatment modification (interruption, dose reduction or discontinuation)</s>
<s id="s31.1">MANAGEMENT OF HEPATIC TOXICITY (ALT or AST) Contra-indication &gt; 3 ULN</s>
<s id="s32.1">Interruption &gt; 3ULN</s>
<s id="s33.1">Dose reduction &gt; 3 ULN</s>
<s id="s34.1">Discontinuation &gt; 3ULN</s>
<s id="s35.1">(1st time)</s>
<s id="s36.1">(2nd/ 3rd time)</s>
<s id="s37.1">(4th time)</s>
<s id="s38.1">MANAGEMENT OF NEUTROPENIA (Neutrophil counts) Contra-indication &lt; 2000 / mm3</s>
<s id="s39.1">Interruption &lt; 2000 / mm3</s>
<s id="s40.1">Dose reduction &lt; 2000 / mm3</s>
<s id="s41.1">Discontinuation &lt; 2000 / mm3</s>
<s id="s42.1">(1st time)</s>
<s id="s43.1">(2nd/ 3rd time)</s>
<s id="s44.1">(4th time)</s>
<s id="s45.1">MANAGEMENT OF PROTEIN-LOSS SYNDROME (Albuminemia and/ or UPC) Contra-indication</s>
<s id="s46.1">Interruption</s>
<s id="s47.1">Dose reduction</s>
<s id="s48.1">Discontinuation</s>
<s id="s49.1">Albumin &lt; 1 LLN</s>
<s id="s50.1">Albumin &lt; 0.75 LLN</s>
<s id="s51.1">Albumin &lt; 0.75 LLN</s>
<s id="s52.1">or UPC &gt; 2</s>
<s id="s53.1">or UPC &gt; 2</s>
<s id="s54.1">Not applicable</s>
<s id="s55.1">or UPC &gt; 2</s>
<s id="s56.1">(1st time)</s>
<s id="s57.1">(2nd time)</s>
<s id="s58.1">MANAGEMENT OF HAEMOLYTIC AND AREGENERATIVE ANAEMIA (haemoglobin, bilirubin, haptoglobin, reticulocytes) Contra-indication</s>
<s id="s59.1">Interruption</s>
<s id="s60.1">Dose reduction</s>
<s id="s61.1">Discontinuation</s>
<s id="s62.1">Haemoglobin &lt; 10 g/ dL and either</s>
<s id="s63.1">free bilirubin &gt; 1.5 ULN Haemoglobin &lt; 10g/ dL</s>
<s id="s64.1">Not applicable</s>
<s id="s65.1">Not applicable</s>
<s id="s66.1">and haptoglobin &lt; 0.1g/ dl or reticulocytes &lt; 80,000/ m m3</s>
<s id="s67.1">Special precautions to be taken by the person administering the veterinary medicinal product to animals</s>
<s id="s68.1">Repeated dermal contact with masitinib may impair female fertility and foetal development.</s>
<s id="s68.2">The active substance of Masivet can cause skin sensitisation. • Avoid skin contact with faeces, urine, and vomit of treated dogs. • Wear protective gloves while disposing of vomit, urine or faeces of treated dogs. • If broken tablets, vomit, urine or faeces of treated dogs come into contact with the skin, rinse immediately with plenty of water.</s>
<s id="s69.1">The active substance of Masivet can cause severe eye-irritation and serious damage to the eyes. • Avoid contact with the eyes. • Take care not to touch the eyes before gloves have been removed and disposed of and the hands have been thoroughly washed. • If the product comes into contact with the eyes, rinse immediately with plenty of water.</s>
<s id="s69.2">People with known hypersensitivity to masitinib should not handle the product.</s>
<s id="s70.1">4 In case of accidental ingestion, seek medical advice immediately and show the package leaflet or the label to the physician.</s>
<s id="s70.2">Do not eat, drink, or smoke when treating the dog.</s>
<s id="s70.3">Children should not have close contact to treated dogs, treated dog faeces or vomit.</s>
<s id="s71.1">4.6 Adverse reactions (frequency and seriousness)</s>
<s id="s72.1">Very common</s>
<s id="s73.1">Mild to moderate gastrointestinal reactions (diarrhoea and vomiting) with a mean duration of approximately 21 and 9 days, respectively.</s>
<s id="s73.2">Mild to moderate alopecia with a mean duration of approximately 26 days.</s>
<s id="s74.1">Common</s>
<s id="s75.1">Severe renal toxicity may occur in dogs suffering from renal disorders at the start of treatment (including high blood creatinine level or proteinuria).</s>
<s id="s75.2">Moderate to severe anaemia (aplastic/ haemolytic) with a mean duration of approximately 7 days.</s>
<s id="s75.3">Protein-loss syndrome (mainly due to a decrease in serum albumin).</s>
<s id="s75.4">Mild or moderate neutropenia with a mean duration of approximately 24 days.</s>
<s id="s75.5">Increase in aminotransferase (ALT or AST) with a mean duration of approximately 29 days.</s>
<s id="s75.6">Specific measures to be taken in case of the above reactions are described in section 4.5.</s>
<s id="s76.1">Other commonly observed adverse reactions were in most cases mild or moderate:</s>
<s id="s76.2">Lethargy and asthenia with a mean duration of approximately 8 and 40 days, respectively Decrease in appetite or anorexia with a mean duration of 45 days and 18 days, respectively.</s>
<s id="s76.3">Cough (mean duration 23 days).</s>
<s id="s76.4">Lymphadenopathy (mean duration 47 days).</s>
<s id="s76.5">Oedema (mean duration of oedema was 7 days).</s>
<s id="s76.6">Lipoma (mean duration 53 days).</s>
<s id="s77.1">4.7 Use during pregnancy, lactation or lay</s>
<s id="s78.1">Do not use in pregnant or lactating bitches.</s>
<s id="s78.2">Laboratory studies in rats have shown evidence of impaired female fertility at dose of 100 mg/ kg/ day, embryotoxicity and developmental toxicity at dose above 30 mg/ kg/ day.</s>
<s id="s78.3">Studies in rabbits did however not reveal embryotoxicity or developmental toxicity.</s>
<s id="s79.1">4.8 Interaction with other medicinal products and other forms of interaction</s>
<s id="s80.1">In vitro tests with human microsomes demonstrate that concomitant treatment with substances which are metabolised by CYP450 isoforms may result in higher or lower plasma levels of either masitinib or those substances.</s>
<s id="s80.2">No corresponding information is available for dogs.</s>
<s id="s80.3">Hence, caution is advised with the concurrent use of masitinib and other substances.</s>
<s id="s80.4">Concurrent use of other substances with a high degree of protein binding may compete with masitinib binding and thus cause adverse effects.</s>
<s id="s80.5">The efficacy of Masivet might be reduced in dogs previously treated with chemotherapy and/ or radiotherapy.</s>
<s id="s80.6">No information relating to potential cross-resistance with other cytostatic products is available.</s>
<s id="s81.1">5 4.9 Amounts to be administered and administration route</s>
<s id="s82.1">For oral use.</s>
<s id="s83.1">The recommended dose is 12.5 mg/ kg (with a dose range of 11-14 mg/ kg) once daily as presented in the table below.</s>
<s id="s84.1">In dogs with a bodyweight of less than 15 kg accurate dosing is not always possible.</s>
<s id="s84.2">These dogs may be treated with either 50, 100 or 150 mg, if it is feasible to achieve a target dose of 11-14 mg/ kg bw.</s>
<s id="s85.1">The tablets must be administered as a whole and should not be divided, broken or ground.</s>
<s id="s85.2">If a broken tablet is rejected by the dog after chewing, it should be disposed of.</s>
<s id="s85.3">Tablets should always be administered in the same manner, with food.</s>
<s id="s86.1">12.5 mg/ kg bw</s>
<s id="s87.1">Number of</s>
<s id="s88.1">tablets per day</s>
<s id="s89.1">Dose mg/ kg</s>
<s id="s90.1">Dog body-</s>
<s id="s91.1">50</s>
<s id="s92.1">150</s>
<s id="s93.1">lower</s>
<s id="s94.1">upper</s>
<s id="s95.1">weight in kg &gt; 15 18 &gt; 18 22 &gt; 22 26 &gt; 26 30 &gt; 30 34 &gt; 34 38 &gt; 38 42 &gt; 42 46 &gt; 46 50 &gt; 50 54 &gt; 54 58 &gt; 58 62 &gt; 62 66 &gt; 66 70 &gt; 70 74 &gt; 74 78 &gt; 78</s>
<s id="s96.1">mg mg 1 plus 1 2 plus 1 2 1 plus 2 2 plus 2 3 1 plus 3 2 plus 3 4 1 plus 4 2 plus 4 5 1 plus 5 2 plus 5 6 1 plus 6 2 plus 6</s>
<s id="s97.1">weight weight 13.7 11.1 13.9 11.4 13.6 11.5 13.5 11.7 13.3 11.8 13.2 11.8 13.2 11.9 13.1 12.0 13.0 12.0 13.0 12.0 13.0 12.1 12.9 12.1 12.9 12.1 12.9 12.1 12.9 12.2 12.8 12.2 12.8</s>
<s id="s98.1">If the tablet is regurgitated or vomited within 10 minutes following administration, treatment should be repeated.</s>
<s id="s98.2">If the tablet is regurgitated or vomited later than 10 minutes following administration, treatment should not be repeated.</s>
<s id="s99.1">The treatment should be reviewed after 4 to 6 weeks in order to assess the initial response.</s>
<s id="s99.2">Duration of treatment depends on the response to treatment.</s>
<s id="s99.3">Treatment should be maintained in the case of stable disease, i. e. static, partial or complete tumour response, provided that the product is sufficiently well tolerated.</s>
<s id="s99.4">In case of tumour progression, treatment is unlikely to be successful and the treatment should be reviewed.</s>
<s id="s100.1">Dose Reduction, treatment interruption and treatment discontinuation:</s>
<s id="s101.1">Dogs should be monitored carefully and professional judgement should be used to determine the need for dose reduction in the event of possible significant adverse reactions (see section 4.5).</s>
<s id="s101.2">Doses can be reduced to 9 mg/ kg bodyweight (range 7.5 – 10.5 mg/ kg) or 6 mg/ kg bw (range 4.5 – 7.5) according to the tables below.</s>
<s id="s101.3">During clinical studies, the daily dose was decreased due to adverse events in approximately 16% of treated dogs and mainly due to an increase in transaminases.</s>
<s id="s102.1">6 9 mg per kg bodyweight once daily as presented in the table below.</s>
<s id="s103.1">Number of tablets per day Dose mg/ kg</s>
<s id="s104.1">Dog body-</s>
<s id="s105.1">50</s>
<s id="s106.1">150 lower upper</s>
<s id="s107.1">weight in kg</s>
<s id="s108.1">mg</s>
<s id="s109.1">mg weight weight</s>
<s id="s110.1">&gt; &gt; &gt; &gt; &gt; &gt; &gt; &gt; &gt; &gt; &gt; &gt;</s>
<s id="s111.1">15.0 19.4 19.4 25.0 25.0 30.6 30.6 36.1 36.1 41.7 41.7 47.2 47.2 52.8 52.8 58.3 58.3 63.9 63.9 69.4 69.4 75.0 75.0 80.6</s>
<s id="s112.1">1 plus 1 2 plus 1 1 plus 2 2 plus 2 1 plus 3 2 plus 3 1 plus 4 2 plus 4</s>
<s id="s113.1">1 2 3 4</s>
<s id="s114.1">10.0 10.3 10.0 9.8 9.7 9.6 9.5 9.5 9.4 9.4 9.4 9.3</s>
<s id="s115.1">7.7 8.0 8.2 8.3 8.4 8.5 8.5 8.6 8.6 8.6 8.7 8.7</s>
<s id="s116.1">6 mg per kg bodyweight once daily as presented in the table below.</s>
<s id="s116.2">Number of tablets per day Dose mg/ kg</s>
<s id="s117.1">Dog body-</s>
<s id="s118.1">50</s>
<s id="s119.1">150 lower upper</s>
<s id="s120.1">weight in kg</s>
<s id="s121.1">mg</s>
<s id="s122.1">mg weight weight</s>
<s id="s123.1">&gt; 15.0 &gt; 20.8 &gt; 29.2 &gt; 37.5 &gt; 45.8 &gt; 54.2 &gt; 62.5 &gt; 70.8 &gt; 79.2</s>
<s id="s124.1">20.8 29.2 37.5 45.8 54.2 62.5 70.8 79.2</s>
<s id="s125.1">2 1 plus 1 2 plus 1 1 plus 2 2 plus 2 1 plus 3</s>
<s id="s126.1">1 2 3</s>
<s id="s127.1">6.6 7.2 6.9 6.7 6.5 6.5 6.4 6.4 6.3</s>
<s id="s128.1">4.8 5.1 5.3 5.5 5.5 5.6 5.6 5.7</s>
<s id="s129.1">4.10 Overdose (symptoms, emergency procedures, antidotes), if necessary</s>
<s id="s130.1">The recommended daily dose of 12.5 mg/ kg body weight corresponds to the Maximum Tolerated Dose (MTD) that was derived from repeat dose toxicity studies in healthy Beagle dogs.</s>
<s id="s131.1">Overdosing signs were observed in toxicity studies conducted in healthy dogs, treated for 39 weeks at doses of around 2 times the recommended dose (25 mg masitinib), treated for 13 weeks and 4 weeks at doses of around 3 times the recommended dose (41.7 mg masitinib), and treated for 4 weeks at doses of around 10 times the recommended dose (125 mg masitinib).</s>
<s id="s131.2">The main target organs of toxicity in dogs are the gastrointestinal tract, the haematopoetic system, the kidney and the liver.</s>
<s id="s132.1">In case of adverse events following overdose, treatment should be discontinued until resolution, and then resumed at the recommended therapeutic dose level.</s>
<s id="s133.1">4.11 Withdrawal period(s)</s>
<s id="s134.1">Not applicable.</s>
<s id="s135.1">7 5.</s>
<s id="s135.2">PHARMACOLOGICAL PROPERTIES</s>
<s id="s136.1">Pharmacotherapeutic group: protein-tyrosine kinase inhibitor, ATCvet code:</s>
<s id="s136.2">QL01XE90</s>
<s id="s137.1">5.1 Pharmacodynamic properties</s>
<s id="s138.1">Masitinib is a protein-tyrosine kinase inhibitor which, in vitro, potently and selectively inhibits the mutated form, in the juxtamembrane (JM) region, of the c-kit receptor.</s>
<s id="s138.2">It also inhibits the Platelet Derived Growth Factor (PDGF) receptor and the Fibroblast Growth Factor Receptor (FGFR3).</s>
<s id="s139.1">In the pivotal clinical field study, dogs of various breeds, ranging in age from two to seventeen years, were randomly treated with Masivet at a dose of 12.5 mg/ kg or with a placebo.</s>
<s id="s139.2">In dogs with non- resectable mast cell tumours, Grade 2 or 3, expressing a mutated tyrosine kinase c-kit receptor, treatment with Masivet showed a significantly longer Time-to-Tumour Progression (TTP) with a median of 241 days as compared to 83 days for placebo.</s>
<s id="s139.3">Response to treatment with masitinib was expressed as stable disease; i. e. static, partial or complete response.</s>
<s id="s140.1">Masitinib treatment should only be used in dogs with non-resectable mast cell tumours, which express the mutated c-kit tyrosine kinase receptor.</s>
<s id="s140.2">The presence of a mutated tyrosine kinase c-kit receptor must be confirmed prior to treatment.</s>
<s id="s141.1">5.2 Pharmacokinetic particulars</s>
<s id="s142.1">Following oral administration in dogs at a dose of 11.2 mg (0.5) per kg of bodyweight, masitinib is rapidly absorbed and the time to maximal concentration (Tmax) is approximately 2 hours.</s>
<s id="s142.2">The elimination half-life (t½) is approximately 3-6 hours.</s>
<s id="s142.3">Masitinib is approximately 93% bound to plasma proteins.</s>
<s id="s143.1">Masitinib is metabolised predominantly by N-dealkylation.</s>
<s id="s143.2">Excretion takes place in the bile.</s>
<s id="s144.1">6.</s>
<s id="s144.2">PHARMACEUTICAL PARTICULARS</s>
<s id="s145.1">6.1 List of excipients</s>
<s id="s146.1">Cellulose, microcrystalline Povidone K30 Pig Liver powder Crospovidone Magnesium stearate</s>
<s id="s147.1">Tablet coating:</s>
<s id="s147.2">Macrogol 3350 Polyvinyl alcohol Talc Titanium dioxide (E171) Sunset yellow (E110) aluminium lake.</s>
<s id="s148.1">6.2 Incompatibilities</s>
<s id="s149.1">Not applicable.</s>
<s id="s150.1">8 6.3 Shelf life</s>
<s id="s151.1">Shelf life of the veterinary medicinal product as packaged for sale:</s>
<s id="s151.2">1 year</s>
<s id="s152.1">6.4.</s>
<s id="s152.2">Special precautions for storage</s>
<s id="s153.1">This veterinary medicinal product does not require any special storage conditions.</s>
<s id="s154.1">6.5 Nature and composition of immediate packaging</s>
<s id="s155.1">White HDPE bottle closed with a thermosealable film and covered by a child-resistant closure cap.</s>
<s id="s155.2">30 ml bottle containing 30 Masivet 50 mg film-coated tablets.</s>
<s id="s155.3">60 ml bottle containing 30 Masivet 150 mg film-coated tablets.</s>
<s id="s156.1">6.6 Special precautions for the disposal of unused veterinary medicinal product or waste materials derived from the use of such products</s>
<s id="s157.1">Any unused veterinary medicinal product or waste materials derived from such veterinary medicinal products should be disposed of in accordance with local requirements.</s>
<s id="s158.1">7.</s>
<s id="s158.2">MARKETING AUTHORISATION HOLDER</s>
<s id="s159.1">AB Science S. A.</s>
<s id="s159.2">3 avenue George V 75008 Paris France +33 (0)1 47 20 00 14 +33 (0)1 47 20 24 11 MASIVET@ab-science. com</s>
<s id="s160.1">8.</s>
<s id="s160.2">MARKETING AUTHORISATION NUMBER(S)</s>
<s id="s161.1">EU/ 2/ 08/ 087/ 001 EU/ 2/ 08/ 087/ 002</s>
<s id="s162.1">9.</s>
<s id="s162.2">DATE OF FIRST AUTHORISATION/ RENEWAL OF THE AUTHORISATION</s>
<s id="s163.1">17.11.2008</s>
<s id="s164.1">10.</s>
<s id="s164.2">DATE OF REVISION OF THE TEXT</s>
<s id="s165.1">November 2008</s>
<s id="s166.1">PROHIBITION OF SALE, SUPPLY AND/ OR USE</s>
<s id="s167.1">Not applicable.</s>
<s id="s168.1">9 ANNEX II</s>
<s id="s169.1">A.</s>
<s id="s169.2">MANUFACTURING AUTHORISATION HOLDERS RESPONSIBLE FOR BATCH RELEASE</s>
<s id="s170.1">B.</s>
<s id="s170.2">CONDITIONS OR RESTRICTIONS OF THE MARKETING AUTHORISATION REGARDING SUPPLY OR USE</s>
<s id="s171.1">C.</s>
<s id="s171.2">CONDITIONS OR RESTRICTIONS OF THE MARKETING AUTHORISATION WITH REGARD TO SAFE AND EFFECTIVE USE</s>
<s id="s172.1">D.</s>
<s id="s172.2">STATEMENT OF THE MRLs</s>
<s id="s173.1">10 A.</s>
<s id="s173.2">MANUFACTURING AUTHORISATION HOLDERS RESPONSIBLE FOR BATCH RELEASE</s>
<s id="s174.1">Name and address of the manufacturer responsible for batch release</s>
<s id="s175.1">CRID PHARMA 17 parc des Vautes 34980 Saint Gély du Fesc France</s>
<s id="s176.1">Centre Spécialités Pharmaceutiques Avenue du Midi 63800 Cournon d’ Auvergne France</s>
<s id="s177.1">B.</s>
<s id="s177.2">CONDITIONS OR RESTRICTIONS OF THE MARKETING AUTHORISATION REGARDING SUPPLY OR USE</s>
<s id="s178.1">To be supplied only on veterinary prescription.</s>
<s id="s179.1">C.</s>
<s id="s179.2">CONDITIONS OR RESTRICTIONS OF THE MARKETING AUTHORISATION WITH REGARD TO THE SAFE AND EFFECTIVE USE OF THE PRODUCT</s>
<s id="s180.1">Not applicable.</s>
<s id="s181.1">D.</s>
<s id="s181.2">STATEMENT OF THE MRLs</s>
<s id="s182.1">Not applicable.</s>
<s id="s183.1">11 ANNEX III</s>
<s id="s184.1">LABELLING AND PACKAGE LEAFLET</s>
<s id="s185.1">12 A.</s>
<s id="s185.2">LABELLING</s>
<s id="s186.1">13 PARTICULARS TO APPEAR ON THE OUTER PACKAGE</s>
<s id="s187.1">Carton Box Labelling</s>
<s id="s188.1">1.</s>
<s id="s188.2">NAME OF THE VETERINARY MEDICINAL PRODUCT</s>
<s id="s189.1">MASIVET 50 mg film-coated tablets for dogs.</s>
<s id="s190.1">2.</s>
<s id="s190.2">STATEMENT OF ACTIVE AND OTHER SUBSTANCES</s>
<s id="s191.1">Masitinib 50 mg Colourants (E171, E 110)</s>
<s id="s192.1">3.</s>
<s id="s192.2">PHARMACEUTICAL FORM</s>
<s id="s193.1">Film coated tablet</s>
<s id="s194.1">4.</s>
<s id="s194.2">PACKAGE SIZE</s>
<s id="s195.1">30 tablets</s>
<s id="s196.1">5.</s>
<s id="s196.2">TARGET SPECIES</s>
<s id="s197.1">Dogs</s>
<s id="s198.1">6.</s>
<s id="s198.2">INDICATION(S)</s>
<s id="s199.1">Treatment of non-resectable dog mast cell tumours (Grade 2 or 3) with confirmed mutated c-kit tyrosine kinase receptor</s>
<s id="s200.1">7.</s>
<s id="s200.2">METHOD AND ROUTE(S) OF ADMINISTRATION</s>
<s id="s201.1">Read the package leaflet before use</s>
<s id="s202.1">8.</s>
<s id="s202.2">WITHDRAWAL PERIOD</s>
<s id="s203.1">Not applicable</s>
<s id="s204.1">14 9.</s>
<s id="s204.2">SPECIAL WARNING(S), IF NECESSARY</s>
<s id="s205.1">Avoid contact with eyes or skin.</s>
<s id="s205.2">Read the package leaflet before use</s>
<s id="s206.1">10.</s>
<s id="s206.2">EXPIRY DATE</s>
<s id="s207.1">EXP {month/ year} Once opened use by: ……</s>
<s id="s208.1">11.</s>
<s id="s208.2">SPECIAL STORAGE CONDITIONS</s>
<s id="s209.1">Not applicable</s>
<s id="s210.1">12.</s>
<s id="s210.2">SPECIAL PRECAUTIONS FOR THE DISPOSAL OF UNUSED PRODUCTS OR WASTE MATERIALS, IF ANY</s>
<s id="s211.1">Disposal: read package leaflet.</s>
<s id="s212.1">13.</s>
<s id="s212.2">THE WORDS “ FOR ANIMAL TREATMENT ONLY” AND CONDITIONS OR RESTRICTIONS REGARDING SUPPLY AND USE, if applicable</s>
<s id="s213.1">For animal treatment only - to be supplied only on veterinary prescription.</s>
<s id="s214.1">14.</s>
<s id="s214.2">THE WORDS “ KEEP OUT OF THE REACH AND SIGHT OF CHILDREN”</s>
<s id="s215.1">Keep out of the reach and sight of children.</s>
<s id="s216.1">15.</s>
<s id="s216.2">NAME AND ADDRESS OF THE MARKETING AUTHORISATION HOLDER</s>
<s id="s217.1">AB Science 3 avenue George V FR-75008 Paris France</s>
<s id="s218.1">16.</s>
<s id="s218.2">MARKETING AUTHORISATION NUMBER(S)</s>
<s id="s219.1">EU/ 2/ 08/ 087/ 001</s>
<s id="s220.1">17.</s>
<s id="s220.2">MANUFACTURER’ S BATCH NUMBER</s>
<s id="s221.1">Lot {number}</s>
<s id="s222.1">15 MINIMUM PARTICULARS TO APPEAR ON SMALL IMMEDIATE PACKAGE UNITS</s>
<s id="s223.1">Label</s>
<s id="s224.1">1.</s>
<s id="s224.2">NAME OF THE VETERINARY MEDICINAL PRODUCT</s>
<s id="s225.1">MASIVET 50 mg film-coated tablets for dogs.</s>
<s id="s226.1">2.</s>
<s id="s226.2">QUANTITY OF THE ACTIVE SUBSTANCE(S)</s>
<s id="s227.1">Masitinib 50 mg</s>
<s id="s228.1">3.</s>
<s id="s228.2">CONTENTS</s>
<s id="s229.1">30 tablets</s>
<s id="s230.1">4.</s>
<s id="s230.2">ROUTE(S) OF ADMINISTRATION</s>
<s id="s231.1">Read the package leaflet before use.</s>
<s id="s232.1">5.</s>
<s id="s232.2">BATCH NUMBER</s>
<s id="s233.1">Lot {number}</s>
<s id="s234.1">6.</s>
<s id="s234.2">EXPIRY DATE</s>
<s id="s235.1">EXP {month/ year}</s>
<s id="s236.1">7.</s>
<s id="s236.2">SPECIAL PRECAUTIONS FOR THE DISPOSAL OF UNUSED PRODUCTS OR WASTE MATERIALS, IF ANY</s>
<s id="s237.1">Disposal: read package leaflet.</s>
<s id="s238.1">8.</s>
<s id="s238.2">THE WORDS “ FOR ANIMAL TREATMENT ONLY” AND CONDITIONS OR RESTRICTIONS REGARDING SUPPLY AND USE, if applicable</s>
<s id="s239.1">For animal treatment only.</s>
<s id="s240.1">9.</s>
<s id="s240.2">THE WORDS “ KEEP OUT OF THE REACH AND SIGHT OF CHILDREN”</s>
<s id="s241.1">Keep out of the reach and sight of children.</s>
<s id="s242.1">16 10.</s>
<s id="s242.2">NAME AND ADDRESS OF THE MARKETING AUTHORISATION HOLDER</s>
<s id="s243.1">AB Science, 3 avenue George V FR-75008 Paris France</s>
<s id="s244.1">17 PARTICULARS TO APPEAR ON THE OUTER PACKAGE</s>
<s id="s245.1">Carton Box Labelling</s>
<s id="s246.1">1.</s>
<s id="s246.2">NAME OF THE VETERINARY MEDICINAL PRODUCT</s>
<s id="s247.1">MASIVET 150 mg film-coated tablets for dogs.</s>
<s id="s248.1">2.</s>
<s id="s248.2">STATEMENT OF ACTIVE AND OTHER SUBSTANCES</s>
<s id="s249.1">Masitinib 150 mg Colourants (E171, E 110)</s>
<s id="s250.1">3.</s>
<s id="s250.2">PHARMACEUTICAL FORM</s>
<s id="s251.1">Film coated tablet</s>
<s id="s252.1">4.</s>
<s id="s252.2">PACKAGE SIZE</s>
<s id="s253.1">30 tablets</s>
<s id="s254.1">5.</s>
<s id="s254.2">TARGET SPECIES</s>
<s id="s255.1">Dogs</s>
<s id="s256.1">6.</s>
<s id="s256.2">INDICATION(S)</s>
<s id="s257.1">Treatment of non-resectable dog mast cell tumours (Grade 2 or 3) with confirmed mutated c-kit tyrosine kinase receptor</s>
<s id="s258.1">7.</s>
<s id="s258.2">METHOD AND ROUTE(S) OF ADMINISTRATION</s>
<s id="s259.1">Read the package leaflet before use</s>
<s id="s260.1">8.</s>
<s id="s260.2">WITHDRAWAL PERIOD</s>
<s id="s261.1">Not applicable</s>
<s id="s262.1">18 9.</s>
<s id="s262.2">SPECIAL WARNING(S), IF NECESSARY</s>
<s id="s263.1">Avoid contact with eyes or skin.</s>
<s id="s263.2">Read the package leaflet before use</s>
<s id="s264.1">10.</s>
<s id="s264.2">EXPIRY DATE</s>
<s id="s265.1">EXP {month/ year} Once opened use by: ……</s>
<s id="s266.1">11.</s>
<s id="s266.2">SPECIAL STORAGE CONDITIONS</s>
<s id="s267.1">Not applicable</s>
<s id="s268.1">12.</s>
<s id="s268.2">SPECIAL PRECAUTIONS FOR THE DISPOSAL OF UNUSED PRODUCTS OR WASTE MATERIALS, IF ANY</s>
<s id="s269.1">Disposal: read package leaflet.</s>
<s id="s270.1">13.</s>
<s id="s270.2">THE WORDS “ FOR ANIMAL TREATMENT ONLY” AND CONDITIONS OR RESTRICTIONS REGARDING SUPPLY AND USE, if applicable</s>
<s id="s271.1">For animal treatment only - to be supplied only on veterinary prescription.</s>
<s id="s272.1">14.</s>
<s id="s272.2">THE WORDS “ KEEP OUT OF THE REACH AND SIGHT OF CHILDREN”</s>
<s id="s273.1">Keep out of the reach and sight of children.</s>
<s id="s274.1">15.</s>
<s id="s274.2">NAME AND ADDRESS OF THE MARKETING AUTHORISATION HOLDER</s>
<s id="s275.1">AB Science 3 avenue George V FR-75008 Paris France</s>
<s id="s276.1">16.</s>
<s id="s276.2">MARKETING AUTHORISATION NUMBER(S)</s>
<s id="s277.1">EU/ 2/ 08/ 087/ 002</s>
<s id="s278.1">17.</s>
<s id="s278.2">MANUFACTURER’ S BATCH NUMBER</s>
<s id="s279.1">Lot {number}</s>
<s id="s280.1">19 MINIMUM PARTICULARS TO APPEAR ON SMALL IMMEDIATE PACKAGE UNITS</s>
<s id="s281.1">Label</s>
<s id="s282.1">1.</s>
<s id="s282.2">NAME OF THE VETERINARY MEDICINAL PRODUCT</s>
<s id="s283.1">MASIVET 150 mg film-coated tablets for dogs.</s>
<s id="s284.1">2.</s>
<s id="s284.2">QUANTITY OF THE ACTIVE SUBSTANCE(S)</s>
<s id="s285.1">Masitinib 150 mg</s>
<s id="s286.1">3.</s>
<s id="s286.2">CONTENTS</s>
<s id="s287.1">30 tablets</s>
<s id="s288.1">4.</s>
<s id="s288.2">ROUTE(S) OF ADMINISTRATION</s>
<s id="s289.1">Read the package leaflet before use.</s>
<s id="s290.1">5.</s>
<s id="s290.2">BATCH NUMBER</s>
<s id="s291.1">Lot {number}</s>
<s id="s292.1">6.</s>
<s id="s292.2">EXPIRY DATE</s>
<s id="s293.1">EXP {month/ year}</s>
<s id="s294.1">7.</s>
<s id="s294.2">SPECIAL PRECAUTIONS FOR THE DISPOSAL OF UNUSED PRODUCTS OR WASTE MATERIALS, IF ANY</s>
<s id="s295.1">Disposal: read package leaflet.</s>
<s id="s296.1">8.</s>
<s id="s296.2">THE WORDS “ FOR ANIMAL TREATMENT ONLY” AND CONDITIONS OR RESTRICTIONS REGARDING SUPPLY AND USE, if applicable</s>
<s id="s297.1">For animal treatment only.</s>
<s id="s298.1">9.</s>
<s id="s298.2">THE WORDS “ KEEP OUT OF THE REACH AND SIGHT OF CHILDREN”</s>
<s id="s299.1">Keep out of the reach and sight of children.</s>
<s id="s300.1">20 10.</s>
<s id="s300.2">NAME AND ADDRESS OF THE MARKETING AUTHORISATION HOLDER</s>
<s id="s301.1">AB Science, 3 avenue George V FR-75008 Paris France</s>
<s id="s302.1">21 B.</s>
<s id="s302.2">PACKAGE LEAFLET</s>
<s id="s303.1">22 PACKAGE LEAFLET</s>
<s id="s304.1">MASIVET 50 mg film-coated tablets for dogs MASIVET 150 mg film-coated tablets for dogs</s>
<s id="s305.1">1.</s>
<s id="s305.2">NAME AND ADDRESS OF THE MARKETING AUTHORISATION HOLDER AND OF THE MANUFACTURING AUTHORISATION HOLDER RESPONSIBLE FOR BATCH RELEASE, IF DIFFERENT</s>
<s id="s306.1">Marketing authorisation holder:</s>
<s id="s307.1">AB Science S. A.</s>
<s id="s307.2">3 avenue George V FR-75008 Paris France</s>
<s id="s308.1">Manufacturer for batch release:</s>
<s id="s309.1">CRID PHARMA 17 parc des Vautes 34980 Saint Gély du Fesc France</s>
<s id="s310.1">Centre Spécialités Pharmaceutiques Avenue du Midi 63800 Cournon d’ Auvergne France</s>
<s id="s311.1">The printed package leaflet of the medicinal product must state the name and address of the manufacturer responsible for the release of the concerned batch.</s>
<s id="s312.1">2.</s>
<s id="s312.2">NAME OF THE VETERINARY MEDICINAL PRODUCT</s>
<s id="s313.1">MASIVET 50 mg film-coated tablets for dogs MASIVET 150 mg film-coated tablets for dogs</s>
<s id="s314.1">3.</s>
<s id="s314.2">STATEMENT OF THE ACTIVE SUBSTANCE(S) AND OTHER INGREDIENT(S)</s>
<s id="s315.1">MASIVET is a light-orange, round, film-coated tablet.</s>
<s id="s315.2">Each tablet contains either 50mg or 150 mg of masitinib, which is the active substance.</s>
<s id="s315.3">Each tablet also contains Sunset yellow FCF (E 110) aluminium lake and Titanium dioxide (E171) as colourants.</s>
<s id="s315.4">The tablets are market with “ 50” or “ 150” on one side, and with the company logo on the other side.</s>
<s id="s316.1">4.</s>
<s id="s316.2">INDICATION(S)</s>
<s id="s317.1">Masivet is for the treatment of dogs with non-resectable mast cell tumours (Grade 2 or 3) with a confirmed mutated c-kit tyrosine kinase receptor.</s>
<s id="s318.1">23 5.</s>
<s id="s318.2">CONTRAINDICATIONS</s>
<s id="s319.1">Your dog should not be given Masivet if it: • Is pregnant or nursing puppies, • Is less 6 months of age or weights less than 4 kg, • Is suffering from inadequate liver or renal function, • has an anaemia or low neutrophil count, • has an allergic reaction to masitinib, the active ingredient of Masivet or an excipient used in this medicine.</s>
<s id="s320.1">6.</s>
<s id="s320.2">ADVERSE REACTIONS</s>
<s id="s321.1">Should I expect side effects for my dog during Masivet therapy?</s>
<s id="s321.2">Masivet like any other medicine may cause adverse reactions.</s>
<s id="s321.3">Your veterinarian can best describe these for you.</s>
<s id="s322.1">Very common effects:</s>
<s id="s323.1">Mild to moderate gastrointestinal reactions (diarrhoea and vomiting) with a mean duration of approximately 21 and 9 days, respectively.</s>
<s id="s323.2">Mild to moderate hair loss with a mean duration of approximately 26 days.</s>
<s id="s324.1">Common effects:</s>
<s id="s325.1">Specific measures should be taken by your veterinarian in case of the following reactions (see section 15): • Severe renal toxicity may occur in dogs suffering from renal disorders at the start of treatment (including high blood creatinine level or proteinuria). • Moderate to severe anaemia (aplastic/ haemolytic) with a mean duration of approximately 7 days. • Protein-loss syndrome (mainly due to a decrease in serum albumin). • Mild or moderate neutropenia with a mean duration of approximately 24 days. • Increase in aminotransferase (ALT or AST) with a mean duration of approximately 29 days.</s>
<s id="s326.1">Other, commonly observed adverse reactions were in most cases mild or moderate:</s>
<s id="s327.1">• • • • • •</s>
<s id="s328.1">Lethargy and asthenia with a mean duration of approximately 8 and 40 days, respectively Decrease in appetite or anorexia with a mean duration of 45 days and 18 days, respectively.</s>
<s id="s328.2">Cough (mean duration 23 days).</s>
<s id="s328.3">Lymphadenopathy (mean duration 47 days).</s>
<s id="s328.4">Oedema (mean duration of oedema was 7 days).</s>
<s id="s328.5">Lipoma (mean duration 53 days).</s>
<s id="s329.1">What should I do if side effects occur in my dog during Masivet treatment?</s>
<s id="s329.2">If you notice any serious effects or other effects not mentioned in this leaflet, please inform your veterinarian.</s>
<s id="s329.3">In case of adverse reactions, your veterinarian may decide to reduce the dose or to discontinue treatment.</s>
<s id="s330.1">7.</s>
<s id="s330.2">TARGET SPECIES</s>
<s id="s331.1">Dogs</s>
<s id="s332.1">24 8.</s>
<s id="s332.2">DOSAGE FOR EACH SPECIES, ROUTE(S) AND METHOD OF ADMINISTRATION</s>
<s id="s333.1">Masivet is for oral use in dogs and should be given according to your veterinarian’s instructions.</s>
<s id="s333.2">Your veterinarian will tell you what amount is right for your dog.</s>
<s id="s334.1">The recommended dose is 12.5 mg/kg (with a dose range of 11-14 mg/kg) once daily as presented in the table below.</s>
<s id="s334.2">In dogs with a bodyweight of less than 15 kg, accurate dosing is not always possible.</s>
<s id="s334.3">These dogs may be treated with either 50, 100 or 150 mg, if it is feasible to achieve a target dose of 11-14 mg/kg bw.</s>
<s id="s335.1">12.5 mg/kg bw</s>
<s id="s336.1">Number of</s>
<s id="s337.1">tablets per day</s>
<s id="s338.1">Dose mg/kg</s>
<s id="s339.1">Dog body-</s>
<s id="s340.1">50</s>
<s id="s341.1">150</s>
<s id="s342.1">lower</s>
<s id="s343.1">upper</s>
<s id="s344.1">weight in kg &gt; 15 18 &gt; 18 22 &gt; 22 26 &gt; 26 30 &gt; 30 34 &gt; 34 38 &gt; 38 42 &gt; 42 46 &gt; 46 50 &gt; 50 54 &gt; 54 58 &gt; 58 62 &gt; 62 66 &gt; 66 70 &gt; 70 74 &gt; 74 78 &gt; 78</s>
<s id="s345.1">mg mg 1 plus 1 2 plus 1 2 1 plus 2 2 plus 2 3 1 plus 3 2 plus 3 4 1 plus 4 2 plus 4 5 1 plus 5 2 plus 5 6 1 plus 6 2 plus 6</s>
<s id="s346.1">weight weight 13.7 11.1 13.9 11.4 13.6 11.5 13.5 11.7 13.3 11.8 13.2 11.8 13.2 11.9 13.1 12.0 13.0 12.0 13.0 12.0 13.0 12.1 12.9 12.1 12.9 12.1 12.9 12.1 12.9 12.2 12.8 12.2 12.8</s>
<s id="s347.1">If the tablet is regurgitated or vomited within 10 minutes following administration, treatment should be repeated.</s>
<s id="s347.2">If the tablet is regurgitated or vomited later than 10 minutes following administration, treatment should not be repeated.</s>
<s id="s348.1">9.</s>
<s id="s348.2">ADVICE ON CORRECT ADMINISTRATION</s>
<s id="s349.1">How should I administer Masivet to my dog, and for how long?</s>
<s id="s350.1">Tablets should always be administered in the same manner, with food.</s>
<s id="s350.2">The tablets must be administered as a whole and should not be divided, broken or ground.</s>
<s id="s350.3">If a broken tablet is rejected by the dog after chewing, it should be disposed of.</s>
<s id="s350.4">If a dose is missed, the next schedule dose should be given as prescribed.</s>
<s id="s350.5">Do not increase or double the dose.</s>
<s id="s350.6">If more than the prescribed amount of tablets were given, contact your veterinarian.</s>
<s id="s350.7">Duration of treatment will be dependent on the response observed.</s>
<s id="s350.8">Treatment should be maintained in the case of stable disease, i.e. static, partial or complete tumour response, provided that the product is sufficiently well tolerated.</s>
<s id="s350.9">In case of tumour progression, efficacy of treatment is unlikely to be successful and the treatment should be reviewed.</s>
<s id="s350.10">The treatment should be reviewed after 4 to 6 weeks in order to assess the initial response.</s>
<s id="s350.11">Long term treatment should be under regular (at least monthly) veterinary control.</s>
<s id="s351.1">25 Can other medications be given while my dog is taking Masivet?</s>
<s id="s352.1">There are some medicines that you should not give to your dog during treatment because together, they might cause serious adverse effects.</s>
<s id="s352.2">Concurrent use of other substances with a high degree of protein binding may compete with masitinib binding and thus cause adverse effects.</s>
<s id="s352.3">Concurrent use of substances which are metabolised by CYP450 isoforms may result in higher or lower plasma levels of either masitinib or those substances.</s>
<s id="s352.4">Tell your veterinarian about all medicines, including over-the-counter products, that you intend to administer to your dog.</s>
<s id="s352.5">The efficacy of Masivet might be reduced in dogs previously treated with chemotherapy and/or radiotherapy.</s>
<s id="s352.6">No information relating to potential cross-resistance with other cytostatic products is available.</s>
<s id="s353.1">10.</s>
<s id="s353.2">WITHDRAWAL PERIOD</s>
<s id="s354.1">Not applicable</s>
<s id="s355.1">11.</s>
<s id="s355.2">SPECIAL STORAGE PRECAUTIONS</s>
<s id="s356.1">Keep out of reach and sight of children.</s>
<s id="s356.2">This veterinary medicinal product does not require any special storage conditions Do not use after the expiry date which is stated on the label after “EXP”.</s>
<s id="s357.1">12.</s>
<s id="s357.2">SPECIAL WARNING(S)</s>
<s id="s358.1">12.1 Special precautions for use:</s>
<s id="s359.1">What are the special precautions for my dog?</s>
<s id="s359.2">Dogs should be carefully monitored by your veterinarian (at least every month) and treatment might need to be adjusted or discontinued, if necessary.</s>
<s id="s359.3">The treatment should be discontinued if any of these signs are observed: anaemia, severe neutropenia, severe renal toxicity, hepatic toxicity and/or severe diarrhoea or vomiting persistent after dose reduction.</s>
<s id="s359.4">Dogs should not be used for breeding while under treatment.</s>
<s id="s360.1">What are the special precautions to be taken by the person administering Masivet?</s>
<s id="s360.2">Repeated dermal contact with masitinib may impair female fertility and foetal development.</s>
<s id="s360.3">The active substance of Masivet can cause skin sensitisation. • Avoid skin contact with faeces, urine, and vomit of treated dogs. • Wear protective gloves while disposing of vomit, urine or faeces of treated dogs. • If broken tablets, vomit, urine or faeces of treated dogs come into contact with the skin, rinse immediately with plenty of water.</s>
<s id="s360.4">The active substance of Masivet can cause severe eye-irritation and serious damage to the eyes. • Avoid contact with the eyes. • Take care not to touch the eyes before gloves have been removed and disposed of and the hands have been thoroughly washed. • If the product comes into contact with the eyes, rinse immediately with plenty of water.</s>
<s id="s360.5">People with known hypersensitivity to masitinib should not handle the product.</s>
<s id="s360.6">In case of accidental ingestion, seek medical advice immediately and show the package leaflet or the label to the physician.</s>
<s id="s360.7">Do not eat, drink, or smoke when treating the dog.</s>
<s id="s360.8">Children should not have close contact to treated dogs, treated dog faeces or vomit.</s>
<s id="s361.1">26 13.</s>
<s id="s361.2">SPECIAL PRECAUTIONS FOR THE DISPOSAL OF UNUSED PRODUCT OR WASTE MATERIALS, IF ANY</s>
<s id="s362.1">Medicines should not be disposed of via wastewater or household waste.</s>
<s id="s362.2">Ask your veterinarian how to dispose of medicines no longer required.</s>
<s id="s362.3">These measures should help to protect the environment.</s>
<s id="s363.1">14.</s>
<s id="s363.2">DATE ON WHICH THE PACKAGE LEAFLET WAS LAST APPROVED</s>
<s id="s364.1">17.11.2008</s>
<s id="s365.1">Detailed information on this product is available on the website of the European Medicines Agency (EMEA) http://www.emea.europa.eu</s>
<s id="s366.1">15.</s>
<s id="s366.2">OTHER INFORMATION</s>
<s id="s367.1">For animal treatment only.</s>
<s id="s367.2">The tablets are available in pack sizes of 30 tablets.</s>
<s id="s368.1">Masivet is a prescription medicine used to treat dog mast cell tumours.</s>
<s id="s368.2">Mast cell tumours are cancerous proliferations of mast cells.</s>
<s id="s368.3">It is a heterogeneous disease which can be relatively innocent or aggressively malignant.</s>
<s id="s368.4">In certain circumstances, mast cell tumours can be life threatening for your dog.</s>
<s id="s368.5">Masivet might extend the time before the tumours progress.</s>
<s id="s369.1">Special information for the veterinarian</s>
<s id="s370.1">Dogs should be monitored carefully and professional judgement should be used to determine the need for dose reduction in the event of possible significant adverse reactions.</s>
<s id="s371.1">Monitoring of renal function Renal function should be adequately monitored every month using dipstick urine testing.</s>
<s id="s371.2">In case of positive semiquantitative dipstick results (protein &gt; 30 mg/dl), urinalysis should be performed to determine urinary protein creatinine (UPC) ratio, and a blood sample to measure creatinine, albumin and BUN.</s>
<s id="s371.3">If UPC ratio &gt; 2, or creatinine &gt; 1.5 upper limit of normal (ULN), or albumin &lt; 0.75 lower limit of normal (LLN) or blood urea nitrogen (BUN) &gt; 1.5 ULN, discontinue treatment.</s>
<s id="s372.1">Monitoring of Protein loss syndrome Perform every month a dipstick urine test.</s>
<s id="s372.2">In case of positive semi-quantitative dipstick results (protein ≥ 30 mg/dL), perform urinalysis to determine urinary protein creatinine (UPC) ratio.</s>
<s id="s372.3">Perform every month a blood measurement of albumin.</s>
<s id="s372.4">In case of UPC ratio &gt; 2 or albumin &lt; 0.75 lower limit of normal (LLN), treatment should be interrupted until albumin and UPC values have returned to limit value (UPC ratio &lt; 2 and albumin &gt; 0.75 LLN), treatment can then be continued at the same dose.</s>
<s id="s372.5">If of one of these events (UPC ratio &gt; 2 or albumin &lt; 0.75 LLN) occurs for a second time, treatment should be permanently discontinued.</s>
<s id="s373.1">27 Anaemia and / or haemolysis Dogs should be carefully monitored for signs of (haemolytic) anaemia.</s>
<s id="s373.2">In case of clinical signs of anaemia or haemolysis, haemoglobin, free bilirubin and haptoglobin should be measured and blood cell counts (including reticulocyte) should be performed.</s>
<s id="s373.3">Treatment should be discontinued in case of:</s>
<s id="s373.4">Haemolytic anaemia, i.e. haemoglobin &lt; 10 g/dL and haemolysis, i.e. free bilirubin &gt; 1.5 ULN and haptoglobin &lt; 0.1 g/dL, Anaemia due to lack of regeneration, i.e. haemoglobin &lt; 10 g/dL and reticulocytes &lt; 80,000/mm3.</s>
<s id="s374.1">Hepatic toxicity (ALT or AST elevation), neutropenia In case of an increase of ALT or AST &gt; 3 ULN, decrease of neutrophil count &lt; 2000/mm3 or any other severe adverse events, treatment should be modified as follows:</s>
<s id="s374.2">At the first occurrence, treatment should be interrupted until resolution, then resumed at the same dose level; At the second occurrence of the same event, treatment should be interrupted until resolution; treatment should then be continued with a reduced dose of 9 mg/kg bodyweight/day; At the third occurrence of the same event, treatment should be interrupted until resolution; treatment should then be continued with a dose further reduced to 6 mg/kg/day; Treatment should be discontinued, if severe adverse reactions are still encountered at the 6 mg/kg/day dose.</s>
<s id="s375.1">Summary of thresholds for laboratory evaluations resulting in contra-indication or treatment modification (interruption, dose reduction or discontinuation)</s>
<s id="s376.1">CONTRA-</s>
<s id="s377.1">TREATMENT</s>
<s id="s378.1">DOSE REDUCTION</s>
<s id="s379.1">TREATMENT</s>
<s id="s380.1">INDICATION</s>
<s id="s381.1">INTERRUPTION</s>
<s id="s382.1">DISCONTINUATION</s>
<s id="s383.1">MANAGEMENT OF HEPATIC TOXICITY (ALT or AST)</s>
<s id="s384.1">&gt; 3 ULN</s>
<s id="s385.1">&gt; 3 ULN</s>
<s id="s386.1">&gt; 3 ULN</s>
<s id="s387.1">&gt; 3ULN</s>
<s id="s388.1">(1st time)</s>
<s id="s389.1">(2nd/3rd time)</s>
<s id="s390.1">(4th time)</s>
<s id="s391.1">MANAGEMENT OF NEUTROPENIA (Neutrophil counts)</s>
<s id="s392.1">&lt; 2000 /mm3</s>
<s id="s393.1">&lt;</s>
<s id="s394.1">2000 /mm3</s>
<s id="s395.1">&lt; 2000 /mm3</s>
<s id="s396.1">&lt;</s>
<s id="s397.1">2000 /mm3</s>
<s id="s398.1">(1st time)</s>
<s id="s399.1">(2nd/3rd time)</s>
<s id="s400.1">(4th time)</s>
<s id="s401.1">MANAGEMENT OF PROTEIN-LOSS SYNDROME (Albuminemia and/or UPC)</s>
<s id="s402.1">Albumin &lt; 1 LLN</s>
<s id="s403.1">Albumin &lt; 0.75 LLN</s>
<s id="s404.1">Albumin &lt; 0.75 LLN</s>
<s id="s405.1">or UPC &gt; 2</s>
<s id="s406.1">or UPC &gt; 2</s>
<s id="s407.1">Not applicable</s>
<s id="s408.1">or UPC &gt; 2</s>
<s id="s409.1">(1st time)</s>
<s id="s410.1">(2nd time)</s>
<s id="s411.1">MANAGEMENT OF HAEMOLYTIC AND AREGENERATIVE ANAEMIA (haemoglobin, bilirubin, haptoglobin, reticulocytes) Haemoglobin &lt; 10g/ dL and either</s>
<s id="s412.1">Haemoglobin &lt; 10g/dL</s>
<s id="s413.1">Not applicable Not applicable</s>
<s id="s414.1">free bilirubin &gt; 1.5 ULN and haptoglobin &lt; 0.1g/dl or reticulocytes &lt; 80,000/mm3</s>
<s id="s415.1">28 Dose adjustment</s>
<s id="s416.1">The recommended daily dose of 12.5 mg/kg body weight corresponds to the Maximum Tolerated Dose (MTD) that was derived from repeat dose toxicity studies in healthy Beagle dogs.</s>
<s id="s416.2">In the case of adverse reactions, doses might be reduced to once daily doses of 9 mg/kg bodyweight (range 7.5 – 10.5 mg/kg) or 6 mg/kg bw (range 4.5 – 7.5) according to the tables below.</s>
<s id="s417.1">9 mg per kg bodyweight</s>
<s id="s418.1">Number of tablets per day Dose mg/kg</s>
<s id="s419.1">Dog body-</s>
<s id="s420.1">50</s>
<s id="s421.1">150 lower upper</s>
<s id="s422.1">weight in kg</s>
<s id="s423.1">mg</s>
<s id="s424.1">mg weight weight</s>
<s id="s425.1">&gt; &gt; &gt; &gt; &gt; &gt; &gt; &gt; &gt; &gt; &gt; &gt;</s>
<s id="s426.1">15.0 19.4 19.4 25.0 25.0 30.6 30.6 36.1 36.1 41.7 41.7 47.2 47.2 52.8 52.8 58.3 58.3 63.9 63.9 69.4 69.4 75.0 75.0 80.6</s>
<s id="s427.1">1 plus 1 2 plus 1 1 plus 2 2 plus 2 1 plus 3 2 plus 3 1 plus 4 2 plus 4</s>
<s id="s428.1">1 2 3 4</s>
<s id="s429.1">10.0 10.3 10.0 9.8 9.7 9.6 9.5 9.5 9.4 9.4 9.4 9.3</s>
<s id="s430.1">7.7 8.0 8.2 8.3 8.4 8.5 8.5 8. 6 8.6 8.6 8.7 8.7</s>
<s id="s431.1">6 mg per kg bodyweight</s>
<s id="s432.1">Number of tablets per day Dose mg/kg</s>
<s id="s433.1">Dog body-</s>
<s id="s434.1">50</s>
<s id="s435.1">150 lower upper</s>
<s id="s436.1">weight in kg</s>
<s id="s437.1">mg</s>
<s id="s438.1">mg weight weight</s>
<s id="s439.1">&gt; 15.0 &gt; 20.8&gt; 29.2&gt; 37.5&gt; 45.8&gt; 54.2 62.5&gt; 70.8&gt; 79.2</s>
<s id="s440.1">20.8 29.2 37.5 45.8 54.2 62.5 70.8 79.2</s>
<s id="s441.1">2 1 plus 1 2 plus 1 1 plus 2 2 plus 2 1 plus 3</s>
<s id="s442.1">1 2 3</s>
<s id="s443.1">6.6 7.2 6.9 6.7 6.5 6.5 6.4 6.4 6.3</s>
<s id="s444.1">4.8 5.1 5.3 5.5 5.5 5.6 5.6 5.7</s>
<s id="s445.1">29</s>
</body>
</letsmt>
