<?xml version="1.0" encoding="utf-8"?>
<letsmt version="1.0">
<head></head>
<body>
<s id="s1.1">EU Number</s>
<s id="s2.1">Invented name</s>
<s id="s3.1">Strength</s>
<s id="s4.1">Pharmaceutical Form</s>
<s id="s5.1">Target Species</s>
<s id="s6.1">Route of Administration</s>
<s id="s7.1">Packaging</s>
<s id="s8.1">Content</s>
<s id="s9.1">Package size</s>
<s id="s10.1">Withdrawal period</s>
<s id="s11.1">EU/ 2/ 08/ 087/ 001</s>
<s id="s12.1">Masivet</s>
<s id="s13.1">50 mg</s>
<s id="s14.1">Film-coated tablet</s>
<s id="s15.1">Dogs</s>
<s id="s16.1">Oral use</s>
<s id="s17.1">30 tablets</s>
<s id="s18.1">1 bottle</s>
<s id="s19.1">N/ A</s>
<s id="s20.1">EU/ 2/ 08/ 087/ 002</s>
<s id="s21.1">Masivet</s>
<s id="s22.1">150 mg</s>
<s id="s23.1">Film-coated tablet</s>
<s id="s24.1">Dogs</s>
<s id="s25.1">Oral use</s>
<s id="s26.1">30 tablets</s>
<s id="s27.1">1 bottle</s>
<s id="s28.1">N/ A</s>
</body>
</letsmt>
