<?xml version="1.0" encoding="utf-8"?>
<text>
<p id="1">
<s id="s1.1">
 <w id="w1.1.1">The</w> 
 <w id="w1.1.2">European</w> 
 <w id="w1.1.3">Medicines</w> 
 <w id="w1.1.4">Agency</w>                                              
 <w id="w1.1.5">Pre-</w>
 <w id="w1.1.6">authorisation</w> 
 <w id="w1.1.7">Evaluation</w> 
 <w id="w1.1.8">of</w> 
 <w id="w1.1.9">Medicines</w> 
 <w id="w1.1.10">for</w> 
 <w id="w1.1.11">Human</w> 
 <w id="w1.1.12">Use</w>
</s></p>

<p id="2">
<s id="s2.1">
 <w id="w2.1.1">EMEA/</w>
 <w id="w2.1.2">H/</w>
 <w id="w2.1.3">C/</w>
 <w id="w2.1.4">665</w>
</s></p>

<p id="3">
<s id="s3.1">
 <w id="w3.1.1">EVROPSKO</w> 
 <w id="w3.1.2">JAVNO</w> 
 <w id="w3.1.3">POROČILO</w> 
 <w id="w3.1.4">O</w> 
 <w id="w3.1.5">OCENI</w> 
 <w id="w3.1.6">ZDRAVILA</w> 
 <w id="w3.1.7">(</w>
 <w id="w3.1.8">EPAR</w>
 <w id="w3.1.9">)</w>
</s></p>

<p id="4">
<s id="s4.1">
 <w id="w4.1.1">DUOTRAV</w>
</s></p>

<p id="5">
<s id="s5.1">
 <w id="w5.1.1">Povzetek</w> 
 <w id="w5.1.2">EPAR</w> 
 <w id="w5.1.3">za</w> 
 <w id="w5.1.4">javnost</w>
</s></p>

<p id="6">
<s id="s6.1">
 <w id="w6.1.1">Ta</w> 
 <w id="w6.1.2">dokument</w> 
 <w id="w6.1.3">je</w> 
 <w id="w6.1.4">povzetek</w> 
 <w id="w6.1.5">Evropskega</w> 
 <w id="w6.1.6">javnega</w> 
 <w id="w6.1.7">poročila</w> 
 <w id="w6.1.8">o</w> 
 <w id="w6.1.9">oceni</w> 
 <w id="w6.1.10">zdravila</w> 
 <w id="w6.1.11">(</w>
 <w id="w6.1.12">EPAR</w>
 <w id="w6.1.13">)</w>
 <w id="w6.1.14">.</w>
</s> 
 
<s id="s6.2">
 <w id="w6.2.1">Pojasnjuje</w>
 <w id="w6.2.2">,</w> 
 <w id="w6.2.3">kako</w> 
 <w id="w6.2.4">je</w>  
 <w id="w6.2.5">Odbor</w> 
 <w id="w6.2.6">za</w> 
 <w id="w6.2.7">zdravila</w> 
 <w id="w6.2.8">za</w> 
 <w id="w6.2.9">uporabo</w> 
 <w id="w6.2.10">v</w> 
 <w id="w6.2.11">humani</w> 
 <w id="w6.2.12">medicini</w> 
 <w id="w6.2.13">(</w>
 <w id="w6.2.14">CHMP</w>
 <w id="w6.2.15">)</w> 
 <w id="w6.2.16">ocenil</w> 
 <w id="w6.2.17">opravljene</w> 
 <w id="w6.2.18">raziskave</w>
 <w id="w6.2.19">,</w> 
 <w id="w6.2.20">na</w> 
 <w id="w6.2.21">podlagi</w>  
 <w id="w6.2.22">česar</w> 
 <w id="w6.2.23">je</w> 
 <w id="w6.2.24">oblikoval</w> 
 <w id="w6.2.25">priporočila</w> 
 <w id="w6.2.26">glede</w> 
 <w id="w6.2.27">uporabe</w> 
 <w id="w6.2.28">zdravila</w>
 <w id="w6.2.29">.</w>
</s>  
 
<s id="s6.3">
 <w id="w6.3.1">Če</w> 
 <w id="w6.3.2">potrebujete</w> 
 <w id="w6.3.3">več</w> 
 <w id="w6.3.4">informacij</w> 
 <w id="w6.3.5">o</w> 
 <w id="w6.3.6">vašem</w> 
 <w id="w6.3.7">zdravstvenem</w> 
 <w id="w6.3.8">stanju</w> 
 <w id="w6.3.9">ali</w> 
 <w id="w6.3.10">zdravljenju</w>
 <w id="w6.3.11">,</w> 
 <w id="w6.3.12">preberite</w> 
 <w id="w6.3.13">Navodila</w> 
 <w id="w6.3.14">za</w>  
 <w id="w6.3.15">uporabo</w> 
 <w id="w6.3.16">(</w>
 <w id="w6.3.17">ki</w> 
 <w id="w6.3.18">so</w> 
 <w id="w6.3.19">prav</w> 
 <w id="w6.3.20">tako</w> 
 <w id="w6.3.21">del</w> 
 <w id="w6.3.22">EPAR</w>
 <w id="w6.3.23">)</w> 
 <w id="w6.3.24">ali</w> 
 <w id="w6.3.25">se</w> 
 <w id="w6.3.26">posvetujte</w> 
 <w id="w6.3.27">s</w> 
 <w id="w6.3.28">svojim</w> 
 <w id="w6.3.29">zdravnikom</w> 
 <w id="w6.3.30">ali</w> 
 <w id="w6.3.31">farmacevtom</w>
 <w id="w6.3.32">.</w>
</s> 
 
<s id="s6.4">
 <w id="w6.4.1">Če</w> 
 <w id="w6.4.2">želite</w>  
 <w id="w6.4.3">več</w> 
 <w id="w6.4.4">informacij</w> 
 <w id="w6.4.5">o</w> 
 <w id="w6.4.6">podlagi</w> 
 <w id="w6.4.7">za</w> 
 <w id="w6.4.8">priporočila</w> 
 <w id="w6.4.9">CHMP</w>
 <w id="w6.4.10">,</w> 
 <w id="w6.4.11">preberite</w> 
 <w id="w6.4.12">znanstveno</w> 
 <w id="w6.4.13">razpravo</w> 
 <w id="w6.4.14">(</w>
 <w id="w6.4.15">ki</w> 
 <w id="w6.4.16">je</w> 
 <w id="w6.4.17">prav</w> 
 <w id="w6.4.18">tako</w> 
 <w id="w6.4.19">del</w>  
 <w id="w6.4.20">EPAR</w>
 <w id="w6.4.21">)</w>
 <w id="w6.4.22">.</w>
</s></p>

<p id="7">
<s id="s7.1">
 <w id="w7.1.1">Kaj</w> 
 <w id="w7.1.2">je</w> 
 <w id="w7.1.3">zdravilo</w> 
 <w id="w7.1.4">DuoTrav</w>
 <w id="w7.1.5">?</w>
</s> 
 
<s id="s7.2">
 <w id="w7.2.1">Zdravilo</w> 
 <w id="w7.2.2">DuoTrav</w> 
 <w id="w7.2.3">je</w> 
 <w id="w7.2.4">bistra</w> 
 <w id="w7.2.5">raztopina</w> 
 <w id="w7.2.6">za</w> 
 <w id="w7.2.7">kapljice</w> 
 <w id="w7.2.8">za</w> 
 <w id="w7.2.9">oči</w>
 <w id="w7.2.10">.</w>
</s> 
 
<s id="s7.3">
 <w id="w7.3.1">DuoTrav</w> 
 <w id="w7.3.2">vsebuje</w> 
 <w id="w7.3.3">dve</w> 
 <w id="w7.3.4">zdravilni</w> 
 <w id="w7.3.5">učinkovini</w>
 <w id="w7.3.6">:</w> 
 <w id="w7.3.7">travoprost</w> 
 <w id="w7.3.8">(</w>
 <w id="w7.3.9">40</w> 
 <w id="w7.3.10">mikrogramov/</w>
 <w id="w7.3.11">ml</w>
 <w id="w7.3.12">)</w> 
 <w id="w7.3.13">in</w> 
 <w id="w7.3.14">timolol</w> 
 <w id="w7.3.15">(</w>
 <w id="w7.3.16">5</w> 
 <w id="w7.3.17">mg/</w>
 <w id="w7.3.18">ml</w>
 <w id="w7.3.19">)</w>
 <w id="w7.3.20">.</w>
</s></p>

<p id="8">
<s id="s8.1">
 <w id="w8.1.1">Za</w> 
 <w id="w8.1.2">kaj</w> 
 <w id="w8.1.3">se</w> 
 <w id="w8.1.4">zdravilo</w> 
 <w id="w8.1.5">DuoTrav</w> 
 <w id="w8.1.6">uporablja</w>
 <w id="w8.1.7">?</w>
</s> 
 
<s id="s8.2">
 <w id="w8.2.1">DuoTrav</w> 
 <w id="w8.2.2">se</w> 
 <w id="w8.2.3">uporablja</w> 
 <w id="w8.2.4">za</w> 
 <w id="w8.2.5">zniževanje</w> 
 <w id="w8.2.6">intraokularnega</w> 
 <w id="w8.2.7">tlaka</w> 
 <w id="w8.2.8">(</w>
 <w id="w8.2.9">tlaka</w> 
 <w id="w8.2.10">znotraj</w> 
 <w id="w8.2.11">očesa</w>
 <w id="w8.2.12">)</w>
 <w id="w8.2.13">.</w>
</s> 
 
<s id="s8.3">
 <w id="w8.3.1">Uporablja</w> 
 <w id="w8.3.2">se</w> 
 <w id="w8.3.3">pri</w> 
 <w id="w8.3.4">bolnikih</w>
 <w id="w8.3.5">,</w> 
 <w id="w8.3.6">ki</w> 
 <w id="w8.3.7">imajo</w> 
 <w id="w8.3.8">glavkom</w> 
 <w id="w8.3.9">odprtega</w> 
 <w id="w8.3.10">zakotja</w> 
 <w id="w8.3.11">(</w>
 <w id="w8.3.12">bolezen</w>
 <w id="w8.3.13">,</w> 
 <w id="w8.3.14">pri</w> 
 <w id="w8.3.15">kateri</w> 
 <w id="w8.3.16">tlak</w> 
 <w id="w8.3.17">naraste</w>
 <w id="w8.3.18">,</w> 
 <w id="w8.3.19">ker</w> 
 <w id="w8.3.20">tekočina</w> 
 <w id="w8.3.21">ne</w> 
 <w id="w8.3.22">more</w> 
 <w id="w8.3.23">odtekati</w> 
 <w id="w8.3.24">iz</w> 
 <w id="w8.3.25">očesa</w>
 <w id="w8.3.26">)</w>
 <w id="w8.3.27">,</w> 
 <w id="w8.3.28">in</w> 
 <w id="w8.3.29">pri</w> 
 <w id="w8.3.30">bolnikih</w> 
 <w id="w8.3.31">z</w> 
 <w id="w8.3.32">okularno</w> 
 <w id="w8.3.33">hipertenzijo</w> 
 <w id="w8.3.34">(</w>
 <w id="w8.3.35">povišanim</w> 
 <w id="w8.3.36">očesnim</w> 
 <w id="w8.3.37">tlakom</w>
 <w id="w8.3.38">)</w>
 <w id="w8.3.39">.</w>
</s> 
 
<s id="s8.4">
 <w id="w8.4.1">DuoTrav</w> 
 <w id="w8.4.2">vsebuje</w> 
 <w id="w8.4.3">kombinacijo</w> 
 <w id="w8.4.4">dveh</w> 
 <w id="w8.4.5">učinkovin</w>
 <w id="w8.4.6">:</w> 
 <w id="w8.4.7">zaviralcev</w> 
 <w id="w8.4.8">receptorjev</w> 
 <w id="w8.4.9">beta</w> 
 <w id="w8.4.10">(</w>
 <w id="w8.4.11">timolol</w>
 <w id="w8.4.12">)</w> 
 <w id="w8.4.13">in</w> 
 <w id="w8.4.14">analogov</w> 
 <w id="w8.4.15">prostaglandina</w> 
 <w id="w8.4.16">(</w>
 <w id="w8.4.17">travoprost</w>
 <w id="w8.4.18">)</w>
 <w id="w8.4.19">.</w>
</s> 
 
<s id="s8.5">
 <w id="w8.5.1">Uporablja</w> 
 <w id="w8.5.2">se</w> 
 <w id="w8.5.3">pri</w> 
 <w id="w8.5.4">bolnikih</w>
 <w id="w8.5.5">,</w> 
 <w id="w8.5.6">ki</w> 
 <w id="w8.5.7">se</w> 
 <w id="w8.5.8">ne</w> 
 <w id="w8.5.9">odzivajo</w> 
 <w id="w8.5.10">dovolj</w> 
 <w id="w8.5.11">na</w> 
 <w id="w8.5.12">očesne</w> 
 <w id="w8.5.13">kapljice</w>
 <w id="w8.5.14">,</w> 
 <w id="w8.5.15">ki</w> 
 <w id="w8.5.16">vsebujejo</w> 
 <w id="w8.5.17">bodisi</w> 
 <w id="w8.5.18">samo</w> 
 <w id="w8.5.19">zaviralce</w> 
 <w id="w8.5.20">receptorjev</w> 
 <w id="w8.5.21">beta</w> 
 <w id="w8.5.22">ali</w> 
 <w id="w8.5.23">samo</w> 
 <w id="w8.5.24">analoge</w> 
 <w id="w8.5.25">prostaglandina</w>
 <w id="w8.5.26">.</w>
</s> 
 
<s id="s8.6">
 <w id="w8.6.1">Zdravilo</w> 
 <w id="w8.6.2">DuoTrav</w> 
 <w id="w8.6.3">se</w> 
 <w id="w8.6.4">dobi</w> 
 <w id="w8.6.5">samo</w> 
 <w id="w8.6.6">na</w> 
 <w id="w8.6.7">zdravniški</w> 
 <w id="w8.6.8">recept</w>
 <w id="w8.6.9">.</w>
</s></p>

<p id="9">
<s id="s9.1">
 <w id="w9.1.1">Kako</w> 
 <w id="w9.1.2">se</w> 
 <w id="w9.1.3">zdravilo</w> 
 <w id="w9.1.4">DuoTrav</w> 
 <w id="w9.1.5">uporablja</w>
 <w id="w9.1.6">?</w>
</s> 
 
<s id="s9.2">
 <w id="w9.2.1">Predpisani</w> 
 <w id="w9.2.2">odmerek</w> 
 <w id="w9.2.3">je</w> 
 <w id="w9.2.4">ena</w> 
 <w id="w9.2.5">kapljica</w> 
 <w id="w9.2.6">zdravila</w> 
 <w id="w9.2.7">DuoTrav</w> 
 <w id="w9.2.8">v</w> 
 <w id="w9.2.9">prizadeto</w> 
 <w id="w9.2.10">oko</w> 
 <w id="w9.2.11">enkrat</w> 
 <w id="w9.2.12">dnevno</w>
 <w id="w9.2.13">,</w> 
 <w id="w9.2.14">zvečer</w> 
 <w id="w9.2.15">ali</w> 
 <w id="w9.2.16">zjutraj</w>
 <w id="w9.2.17">.</w>
</s> 
 
<s id="s9.3">
 <w id="w9.3.1">Kapljice</w> 
 <w id="w9.3.2">je</w> 
 <w id="w9.3.3">treba</w> 
 <w id="w9.3.4">jemati</w> 
 <w id="w9.3.5">vsak</w> 
 <w id="w9.3.6">dan</w> 
 <w id="w9.3.7">ob</w> 
 <w id="w9.3.8">istem</w> 
 <w id="w9.3.9">času</w>
 <w id="w9.3.10">.</w>
</s> 
 
<s id="s9.4">
 <w id="w9.4.1">Zdravilo</w> 
 <w id="w9.4.2">DuoTrav</w> 
 <w id="w9.4.3">ni</w> 
 <w id="w9.4.4">priporočljivo</w> 
 <w id="w9.4.5">za</w> 
 <w id="w9.4.6">bolnike</w>
 <w id="w9.4.7">,</w> 
 <w id="w9.4.8">stare</w> 
 <w id="w9.4.9">manj</w> 
 <w id="w9.4.10">kot</w> 
 <w id="w9.4.11">18</w> 
 <w id="w9.4.12">let</w>
 <w id="w9.4.13">.</w>
</s></p>

<p id="10">
<s id="s10.1">
 <w id="w10.1.1">Kako</w> 
 <w id="w10.1.2">zdravilo</w> 
 <w id="w10.1.3">DuoTrav</w> 
 <w id="w10.1.4">deluje</w>
 <w id="w10.1.5">?</w>
</s> 
 
<s id="s10.2">
 <w id="w10.2.1">Povišani</w> 
 <w id="w10.2.2">intraokularni</w> 
 <w id="w10.2.3">tlak</w> 
 <w id="w10.2.4">povzroča</w> 
 <w id="w10.2.5">poškodbe</w> 
 <w id="w10.2.6">očesne</w> 
 <w id="w10.2.7">mrežnice</w> 
 <w id="w10.2.8">(</w>
 <w id="w10.2.9">na</w> 
 <w id="w10.2.10">svetlobo</w> 
 <w id="w10.2.11">občutljive</w> 
 <w id="w10.2.12">membrane</w>
 <w id="w10.2.13">,</w> 
 <w id="w10.2.14">ki</w> 
 <w id="w10.2.15">se</w> 
 <w id="w10.2.16">nahaja</w> 
 <w id="w10.2.17">v</w> 
 <w id="w10.2.18">ozadju</w> 
 <w id="w10.2.19">očesa</w>
 <w id="w10.2.20">)</w> 
 <w id="w10.2.21">in</w> 
 <w id="w10.2.22">optičnega</w> 
 <w id="w10.2.23">živca</w>
 <w id="w10.2.24">,</w> 
 <w id="w10.2.25">ki</w> 
 <w id="w10.2.26">pošilja</w> 
 <w id="w10.2.27">signale</w> 
 <w id="w10.2.28">od</w> 
 <w id="w10.2.29">oči</w> 
 <w id="w10.2.30">do</w> 
 <w id="w10.2.31">možganov</w>
 <w id="w10.2.32">.</w>
</s> 
 
<s id="s10.3">
 <w id="w10.3.1">Posledica</w> 
 <w id="w10.3.2">tega</w> 
 <w id="w10.3.3">je</w> 
 <w id="w10.3.4">lahko</w> 
 <w id="w10.3.5">resno</w> 
 <w id="w10.3.6">poslabšanje</w> 
 <w id="w10.3.7">vida</w> 
 <w id="w10.3.8">in</w> 
 <w id="w10.3.9">celo</w> 
 <w id="w10.3.10">slepota</w>
 <w id="w10.3.11">.</w>
</s> 
 
<s id="s10.4">
 <w id="w10.4.1">Zdravilo</w> 
 <w id="w10.4.2">DuoTrav</w> 
 <w id="w10.4.3">s</w> 
 <w id="w10.4.4">tem</w>
 <w id="w10.4.5">,</w> 
 <w id="w10.4.6">ko</w> 
 <w id="w10.4.7">znižuje</w> 
 <w id="w10.4.8">intraokularni</w> 
 <w id="w10.4.9">tlak</w>
 <w id="w10.4.10">,</w> 
 <w id="w10.4.11">posledično</w> 
 <w id="w10.4.12">zmanjša</w> 
 <w id="w10.4.13">tudi</w> 
 <w id="w10.4.14">tveganje</w> 
 <w id="w10.4.15">za</w> 
 <w id="w10.4.16">poškodbe</w>
 <w id="w10.4.17">.</w>
</s> 
 
<s id="s10.5">
 <w id="w10.5.1">Duo</w> 
 <w id="w10.5.2">Trav</w> 
 <w id="w10.5.3">vsebuje</w> 
 <w id="w10.5.4">dve</w> 
 <w id="w10.5.5">zdravilni</w> 
 <w id="w10.5.6">učinkovini</w>
 <w id="w10.5.7">:</w> 
 <w id="w10.5.8">travoprost</w> 
 <w id="w10.5.9">in</w> 
 <w id="w10.5.10">timolol</w>
 <w id="w10.5.11">.</w>
</s> 
 
<s id="s10.6">
 <w id="w10.6.1">Ti</w> 
 <w id="w10.6.2">dve</w> 
 <w id="w10.6.3">učinkovini</w> 
 <w id="w10.6.4">znižujeta</w> 
 <w id="w10.6.5">tlak</w> 
 <w id="w10.6.6">v</w> 
 <w id="w10.6.7">očesu</w> 
 <w id="w10.6.8">na</w> 
 <w id="w10.6.9">podlagi</w> 
 <w id="w10.6.10">različnih</w> 
 <w id="w10.6.11">mehanizmov</w>
 <w id="w10.6.12">.</w>
</s> 
 
<s id="s10.7">
 <w id="w10.7.1">Travoprost</w> 
 <w id="w10.7.2">je</w> 
 <w id="w10.7.3">analog</w> 
 <w id="w10.7.4">prostaglandina</w>
 <w id="w10.7.5">,</w> 
 <w id="w10.7.6">ki</w> 
 <w id="w10.7.7">deluje</w> 
 <w id="w10.7.8">tako</w>
 <w id="w10.7.9">,</w> 
 <w id="w10.7.10">da</w> 
 <w id="w10.7.11">poveča</w> 
 <w id="w10.7.12">odtok</w> 
 <w id="w10.7.13">tekočine</w> 
 <w id="w10.7.14">iz</w> 
 <w id="w10.7.15">očesa</w>
 <w id="w10.7.16">.</w>
</s> 
 
<s id="s10.8">
 <w id="w10.8.1">Travoprost</w> 
 <w id="w10.8.2">je</w> 
 <w id="w10.8.3">bil</w> 
 <w id="w10.8.4">kot</w> 
 <w id="w10.8.5">samostojna</w> 
 <w id="w10.8.6">učinkovina</w> 
 <w id="w10.8.7">že</w> 
 <w id="w10.8.8">odobren</w> 
 <w id="w10.8.9">v</w> 
 <w id="w10.8.10">Evropski</w> 
 <w id="w10.8.11">uniji</w> 
 <w id="w10.8.12">pod</w> 
 <w id="w10.8.13">imenom</w> 
 <w id="w10.8.14">TRAVATAN</w>
 <w id="w10.8.15">.</w>
</s> 
 
<s id="s10.9">
 <w id="w10.9.1">Timolol</w> 
 <w id="w10.9.2">je</w> 
 <w id="w10.9.3">zaviralec</w> 
 <w id="w10.9.4">receptorjev</w> 
 <w id="w10.9.5">beta</w>
 <w id="w10.9.6">,</w> 
 <w id="w10.9.7">ki</w> 
 <w id="w10.9.8">deluje</w> 
 <w id="w10.9.9">tako</w>
 <w id="w10.9.10">,</w> 
 <w id="w10.9.11">da</w> 
 <w id="w10.9.12">zmanjša</w> 
 <w id="w10.9.13">tvorbo</w> 
 <w id="w10.9.14">tekočine</w> 
 <w id="w10.9.15">v</w> 
 <w id="w10.9.16">očesu</w>
 <w id="w10.9.17">.</w>
</s> 
 
<s id="s10.10">
 <w id="w10.10.1">Timolol</w> 
 <w id="w10.10.2">se</w> 
 <w id="w10.10.3">uporablja</w> 
 <w id="w10.10.4">za</w> 
 <w id="w10.10.5">zdravljenje</w> 
 <w id="w10.10.6">glavkomov</w> 
 <w id="w10.10.7">že</w> 
 <w id="w10.10.8">od</w> 
 <w id="w10.10.9">1970-</w>
 <w id="w10.10.10">ih</w> 
 <w id="w10.10.11">dalje</w>
 <w id="w10.10.12">.</w>
</s> 
 
<s id="s10.11">
 <w id="w10.11.1">Kombinirani</w> 
 <w id="w10.11.2">učinek</w> 
 <w id="w10.11.3">obeh</w> 
 <w id="w10.11.4">zdravilnih</w> 
 <w id="w10.11.5">učinkovin</w> 
 <w id="w10.11.6">daje</w> 
 <w id="w10.11.7">boljše</w> 
 <w id="w10.11.8">rezultate</w> 
 <w id="w10.11.9">pri</w> 
 <w id="w10.11.10">zniževanju</w> 
 <w id="w10.11.11">intraokularnega</w> 
 <w id="w10.11.12">tlaka</w> 
 <w id="w10.11.13">kot</w> 
 <w id="w10.11.14">katerakoli</w> 
 <w id="w10.11.15">od</w> 
 <w id="w10.11.16">obeh</w> 
 <w id="w10.11.17">učinkovin</w> 
 <w id="w10.11.18">posamezno</w>
 <w id="w10.11.19">.</w>
</s></p>

<p id="11">
<s id="s11.1">
 <w id="w11.1.1">7</w> 
 <w id="w11.1.2">Westferry</w> 
 <w id="w11.1.3">Circus</w>
 <w id="w11.1.4">,</w> 
 <w id="w11.1.5">Canary</w> 
 <w id="w11.1.6">Wharf</w>
 <w id="w11.1.7">,</w> 
 <w id="w11.1.8">London</w>
 <w id="w11.1.9">,</w> 
 <w id="w11.1.10">E14</w> 
 <w id="w11.1.11">4HB</w>
 <w id="w11.1.12">,</w> 
 <w id="w11.1.13">UK</w>                                         
 <w id="w11.1.14">Tel</w>
 <w id="w11.1.15">.</w>
</s> 
 
<s id="s11.2">
 <w id="w11.2.1">(</w>
 <w id="w11.2.2">44-</w>
 <w id="w11.2.3">20</w>
 <w id="w11.2.4">)</w> 
 <w id="w11.2.5">74</w> 
 <w id="w11.2.6">18</w> 
 <w id="w11.2.7">84</w> 
 <w id="w11.2.8">00</w> 
 <w id="w11.2.9">Fax</w> 
 <w id="w11.2.10">(</w>
 <w id="w11.2.11">44-</w>
 <w id="w11.2.12">20</w>
 <w id="w11.2.13">)</w> 
 <w id="w11.2.14">74</w> 
 <w id="w11.2.15">18</w> 
 <w id="w11.2.16">86</w> 
 <w id="w11.2.17">13</w>                                       
 <w id="w11.2.18">E-</w>
 <w id="w11.2.19">mail</w>
 <w id="w11.2.20">:</w> 
 <w id="w11.2.21">mail@</w>
 <w id="w11.2.22">emea.</w>
 <w id="w11.2.23">eu.</w>
 <w id="w11.2.24">int</w> 
 <w id="w11.2.25">http</w>
 <w id="w11.2.26">:</w>
 <w id="w11.2.27">//</w>
 <w id="w11.2.28">www.</w>
 <w id="w11.2.29">emea.</w>
 <w id="w11.2.30">eu.</w>
 <w id="w11.2.31">int</w>      
 <w id="w11.2.32">©EMEA</w> 
 <w id="w11.2.33">2006</w> 
 <w id="w11.2.34">Reproduction</w> 
 <w id="w11.2.35">and/</w>
 <w id="w11.2.36">or</w> 
 <w id="w11.2.37">distribution</w> 
 <w id="w11.2.38">of</w> 
 <w id="w11.2.39">this</w> 
 <w id="w11.2.40">document</w> 
 <w id="w11.2.41">is</w> 
 <w id="w11.2.42">authorised</w> 
 <w id="w11.2.43">for</w> 
 <w id="w11.2.44">non</w> 
 <w id="w11.2.45">commercial</w> 
 <w id="w11.2.46">purposes</w> 
 <w id="w11.2.47">only</w> 
 <w id="w11.2.48">provided</w> 
 <w id="w11.2.49">the</w> 
 <w id="w11.2.50">EMEA</w> 
 <w id="w11.2.51">is</w>                                                               
 <w id="w11.2.52">acknowledged</w> 
 <w id="w11.2.53">Kako</w> 
 <w id="w11.2.54">je</w> 
 <w id="w11.2.55">bilo</w> 
 <w id="w11.2.56">zdravilo</w> 
 <w id="w11.2.57">DuoTrav</w> 
 <w id="w11.2.58">raziskano</w>
 <w id="w11.2.59">?</w>
</s> 
 
<s id="s11.3">
 <w id="w11.3.1">Izvedenih</w> 
 <w id="w11.3.2">je</w> 
 <w id="w11.3.3">bilo</w> 
 <w id="w11.3.4">pet</w> 
 <w id="w11.3.5">kliničnih</w> 
 <w id="w11.3.6">raziskav</w> 
 <w id="w11.3.7">na</w> 
 <w id="w11.3.8">1.</w>
 <w id="w11.3.9">499</w> 
 <w id="w11.3.10">bolnikih</w> 
 <w id="w11.3.11">s</w> 
 <w id="w11.3.12">povišanim</w> 
 <w id="w11.3.13">intraokularnim</w> 
 <w id="w11.3.14">tlakom</w>
 <w id="w11.3.15">,</w> 
 <w id="w11.3.16">katerega</w> 
 <w id="w11.3.17">vzrok</w> 
 <w id="w11.3.18">je</w> 
 <w id="w11.3.19">bil</w> 
 <w id="w11.3.20">glavkom</w> 
 <w id="w11.3.21">odprtega</w> 
 <w id="w11.3.22">zakotja</w> 
 <w id="w11.3.23">ali</w> 
 <w id="w11.3.24">očesna</w> 
 <w id="w11.3.25">hipertenzija</w>
 <w id="w11.3.26">.</w>
</s> 
 
<s id="s11.4">
 <w id="w11.4.1">Raziskave</w> 
 <w id="w11.4.2">so</w> 
 <w id="w11.4.3">vključevale</w> 
 <w id="w11.4.4">bolnike</w>
 <w id="w11.4.5">,</w> 
 <w id="w11.4.6">stare</w> 
 <w id="w11.4.7">med</w> 
 <w id="w11.4.8">18</w> 
 <w id="w11.4.9">in</w> 
 <w id="w11.4.10">91</w> 
 <w id="w11.4.11">let</w> 
 <w id="w11.4.12">(</w>
 <w id="w11.4.13">približno</w> 
 <w id="w11.4.14">polovica</w> 
 <w id="w11.4.15">od</w> 
 <w id="w11.4.16">teh</w> 
 <w id="w11.4.17">so</w> 
 <w id="w11.4.18">bili</w> 
 <w id="w11.4.19">starejši</w> 
 <w id="w11.4.20">bolniki</w>
 <w id="w11.4.21">)</w> 
 <w id="w11.4.22">in</w> 
 <w id="w11.4.23">so</w> 
 <w id="w11.4.24">trajale</w> 
 <w id="w11.4.25">od</w> 
 <w id="w11.4.26">6</w> 
 <w id="w11.4.27">tednov</w> 
 <w id="w11.4.28">do</w> 
 <w id="w11.4.29">12</w> 
 <w id="w11.4.30">mesecev</w>
 <w id="w11.4.31">.</w>
</s> 
 
<s id="s11.5">
 <w id="w11.5.1">Zdravilo</w> 
 <w id="w11.5.2">DuoTrav</w> 
 <w id="w11.5.3">so</w> 
 <w id="w11.5.4">preučevali</w> 
 <w id="w11.5.5">z</w> 
 <w id="w11.5.6">vidika</w> 
 <w id="w11.5.7">različnih</w> 
 <w id="w11.5.8">intervalov</w> 
 <w id="w11.5.9">odmerjanja</w> 
 <w id="w11.5.10">(</w>
 <w id="w11.5.11">zvečer</w> 
 <w id="w11.5.12">ali</w> 
 <w id="w11.5.13">zjutraj</w>
 <w id="w11.5.14">)</w> 
 <w id="w11.5.15">in</w> 
 <w id="w11.5.16">so</w> 
 <w id="w11.5.17">ga</w> 
 <w id="w11.5.18">primerjali</w> 
 <w id="w11.5.19">z</w> 
 <w id="w11.5.20">vsako</w> 
 <w id="w11.5.21">posamezno</w> 
 <w id="w11.5.22">sestavino</w> 
 <w id="w11.5.23">kot</w> 
 <w id="w11.5.24">samostojnim</w> 
 <w id="w11.5.25">zdravilom</w> 
 <w id="w11.5.26">in</w> 
 <w id="w11.5.27">sestavinami</w>
 <w id="w11.5.28">,</w> 
 <w id="w11.5.29">ki</w> 
 <w id="w11.5.30">so</w> 
 <w id="w11.5.31">bile</w> 
 <w id="w11.5.32">aplicirane</w> 
 <w id="w11.5.33">skupaj</w> 
 <w id="w11.5.34">vendar</w> 
 <w id="w11.5.35">kot</w> 
 <w id="w11.5.36">samostojne</w> 
 <w id="w11.5.37">kapljice</w> 
 <w id="w11.5.38">za</w> 
 <w id="w11.5.39">oči</w>
 <w id="w11.5.40">.</w>
</s> 
 
<s id="s11.6">
 <w id="w11.6.1">Dvanajstmesečna</w> 
 <w id="w11.6.2">raziskava</w> 
 <w id="w11.6.3">je</w> 
 <w id="w11.6.4">primerjala</w> 
 <w id="w11.6.5">zdravilo</w> 
 <w id="w11.6.6">DuoTrav</w> 
 <w id="w11.6.7">s</w> 
 <w id="w11.6.8">kapljicami</w> 
 <w id="w11.6.9">za</w> 
 <w id="w11.6.10">oči</w>
 <w id="w11.6.11">,</w> 
 <w id="w11.6.12">ki</w> 
 <w id="w11.6.13">so</w> 
 <w id="w11.6.14">vsebovale</w> 
 <w id="w11.6.15">kombinacijo</w> 
 <w id="w11.6.16">latanoprosta</w> 
 <w id="w11.6.17">(</w>
 <w id="w11.6.18">analog</w> 
 <w id="w11.6.19">prostaglandina</w>
 <w id="w11.6.20">)</w> 
 <w id="w11.6.21">in</w> 
 <w id="w11.6.22">timolola</w>
 <w id="w11.6.23">.</w>
</s> 
 
<s id="s11.7">
 <w id="w11.7.1">Glavno</w> 
 <w id="w11.7.2">merilo</w> 
 <w id="w11.7.3">učinkovitosti</w> 
 <w id="w11.7.4">je</w> 
 <w id="w11.7.5">bil</w> 
 <w id="w11.7.6">povprečni</w> 
 <w id="w11.7.7">intraokularni</w> 
 <w id="w11.7.8">tlak</w> 
 <w id="w11.7.9">v</w> 
 <w id="w11.7.10">različnih</w> 
 <w id="w11.7.11">časovnih</w> 
 <w id="w11.7.12">točkah</w> 
 <w id="w11.7.13">(</w>
 <w id="w11.7.14">intraokularni</w> 
 <w id="w11.7.15">tlak</w> 
 <w id="w11.7.16">se</w> 
 <w id="w11.7.17">meri</w> 
 <w id="w11.7.18">v</w> 
 <w id="w11.7.19">mmHg</w> 
 <w id="w11.7.20">–</w> 
 <w id="w11.7.21">pri</w> 
 <w id="w11.7.22">bolnikih</w> 
 <w id="w11.7.23">z</w> 
 <w id="w11.7.24">glavkomom</w> 
 <w id="w11.7.25">je</w> 
 <w id="w11.7.26">vrednost</w> 
 <w id="w11.7.27">ponavadi</w> 
 <w id="w11.7.28">višja</w> 
 <w id="w11.7.29">od</w> 
 <w id="w11.7.30">21</w> 
 <w id="w11.7.31">mmHg</w>
 <w id="w11.7.32">)</w>
 <w id="w11.7.33">.</w>
</s></p>

<p id="12">
<s id="s12.1">
 <w id="w12.1.1">Kakšne</w> 
 <w id="w12.1.2">koristi</w> 
 <w id="w12.1.3">je</w> 
 <w id="w12.1.4">zdravilo</w> 
 <w id="w12.1.5">DuoTrav</w> 
 <w id="w12.1.6">izkazalo</w> 
 <w id="w12.1.7">med</w> 
 <w id="w12.1.8">raziskavami</w>
 <w id="w12.1.9">?</w>
</s> 
 
<s id="s12.2">
 <w id="w12.2.1">V</w> 
 <w id="w12.2.2">vseh</w> 
 <w id="w12.2.3">raziskavah</w> 
 <w id="w12.2.4">je</w> 
 <w id="w12.2.5">zdravilo</w> 
 <w id="w12.2.6">DuoTrav</w> 
 <w id="w12.2.7">uspešno</w> 
 <w id="w12.2.8">znižalo</w> 
 <w id="w12.2.9">intraokularni</w> 
 <w id="w12.2.10">tlak</w>
 <w id="w12.2.11">:</w> 
 <w id="w12.2.12">povprečno</w> 
 <w id="w12.2.13">znižanje</w> 
 <w id="w12.2.14">je</w> 
 <w id="w12.2.15">bilo</w> 
 <w id="w12.2.16">približno</w> 
 <w id="w12.2.17">8-</w>
 <w id="w12.2.18">10</w> 
 <w id="w12.2.19">mmHg</w>
 <w id="w12.2.20">,</w> 
 <w id="w12.2.21">pri</w> 
 <w id="w12.2.22">čemer</w> 
 <w id="w12.2.23">je</w> 
 <w id="w12.2.24">intraokularni</w> 
 <w id="w12.2.25">tlak</w> 
 <w id="w12.2.26">od</w> 
 <w id="w12.2.27">začetka</w> 
 <w id="w12.2.28">zdravljenja</w> 
 <w id="w12.2.29">upadel</w> 
 <w id="w12.2.30">približno</w> 
 <w id="w12.2.31">za</w> 
 <w id="w12.2.32">tretjino</w>
 <w id="w12.2.33">.</w>
</s> 
 
<s id="s12.3">
 <w id="w12.3.1">DuoTrav</w> 
 <w id="w12.3.2">je</w> 
 <w id="w12.3.3">bil</w> 
 <w id="w12.3.4">pri</w> 
 <w id="w12.3.5">zniževanju</w> 
 <w id="w12.3.6">intraokularnega</w> 
 <w id="w12.3.7">tlaka</w> 
 <w id="w12.3.8">uspešnejši</w> 
 <w id="w12.3.9">od</w> 
 <w id="w12.3.10">timolola</w> 
 <w id="w12.3.11">kot</w> 
 <w id="w12.3.12">samostojnega</w> 
 <w id="w12.3.13">zdravila</w> 
 <w id="w12.3.14">ali</w> 
 <w id="w12.3.15">zdravila</w> 
 <w id="w12.3.16">TRAVATAN</w> 
 <w id="w12.3.17">kot</w> 
 <w id="w12.3.18">samostojnega</w> 
 <w id="w12.3.19">zdravila</w>
 <w id="w12.3.20">.</w>
</s> 
 
<s id="s12.4">
 <w id="w12.4.1">Bil</w> 
 <w id="w12.4.2">je</w> 
 <w id="w12.4.3">enako</w> 
 <w id="w12.4.4">učinkovit</w> 
 <w id="w12.4.5">kot</w> 
 <w id="w12.4.6">obe</w> 
 <w id="w12.4.7">zdravili</w>
 <w id="w12.4.8">,</w> 
 <w id="w12.4.9">aplicirani</w> 
 <w id="w12.4.10">skupaj</w> 
 <w id="w12.4.11">vendar</w> 
 <w id="w12.4.12">kot</w> 
 <w id="w12.4.13">samostojne</w> 
 <w id="w12.4.14">kapljice</w> 
 <w id="w12.4.15">za</w> 
 <w id="w12.4.16">oči</w>
 <w id="w12.4.17">,</w> 
 <w id="w12.4.18">in</w> 
 <w id="w12.4.19">enako</w> 
 <w id="w12.4.20">učinkovit</w> 
 <w id="w12.4.21">kot</w> 
 <w id="w12.4.22">kapljice</w> 
 <w id="w12.4.23">za</w> 
 <w id="w12.4.24">oči</w>
 <w id="w12.4.25">,</w> 
 <w id="w12.4.26">ki</w> 
 <w id="w12.4.27">vsebujejo</w> 
 <w id="w12.4.28">kombinacijo</w> 
 <w id="w12.4.29">latanoprosta</w> 
 <w id="w12.4.30">in</w> 
 <w id="w12.4.31">timolola</w>
 <w id="w12.4.32">.</w>
</s></p>

<p id="13">
<s id="s13.1">
 <w id="w13.1.1">Kakšna</w> 
 <w id="w13.1.2">tveganja</w> 
 <w id="w13.1.3">so</w> 
 <w id="w13.1.4">povezana</w> 
 <w id="w13.1.5">z</w> 
 <w id="w13.1.6">zdravilom</w> 
 <w id="w13.1.7">DuoTrav</w>
 <w id="w13.1.8">?</w>
</s> 
 
<s id="s13.2">
 <w id="w13.2.1">Najpogostejši</w> 
 <w id="w13.2.2">neželeni</w> 
 <w id="w13.2.3">učinek</w> 
 <w id="w13.2.4">(</w>
 <w id="w13.2.5">opažen</w> 
 <w id="w13.2.6">pri</w> 
 <w id="w13.2.7">15</w> 
 <w id="w13.2.8">%</w> 
 <w id="w13.2.9">bolnikov</w> 
 <w id="w13.2.10">v</w> 
 <w id="w13.2.11">kliničnih</w> 
 <w id="w13.2.12">raziskavah</w>
 <w id="w13.2.13">)</w> 
 <w id="w13.2.14">je</w> 
 <w id="w13.2.15">očesna</w> 
 <w id="w13.2.16">hiperemija</w> 
 <w id="w13.2.17">(</w>
 <w id="w13.2.18">povečan</w> 
 <w id="w13.2.19">dotok</w> 
 <w id="w13.2.20">krvi</w> 
 <w id="w13.2.21">v</w> 
 <w id="w13.2.22">oko</w>
 <w id="w13.2.23">,</w> 
 <w id="w13.2.24">kar</w> 
 <w id="w13.2.25">povzroča</w> 
 <w id="w13.2.26">draženje</w> 
 <w id="w13.2.27">in</w> 
 <w id="w13.2.28">pordečitev</w> 
 <w id="w13.2.29">očesa</w>
 <w id="w13.2.30">)</w>
 <w id="w13.2.31">.</w>
</s> 
 
<s id="s13.3">
 <w id="w13.3.1">Celovit</w> 
 <w id="w13.3.2">seznam</w> 
 <w id="w13.3.3">neželenih</w> 
 <w id="w13.3.4">učinkov</w>
 <w id="w13.3.5">,</w> 
 <w id="w13.3.6">o</w> 
 <w id="w13.3.7">katerih</w> 
 <w id="w13.3.8">so</w> 
 <w id="w13.3.9">poročali</w> 
 <w id="w13.3.10">pri</w> 
 <w id="w13.3.11">uporabi</w> 
 <w id="w13.3.12">zdravila</w> 
 <w id="w13.3.13">DuoTrav</w>
 <w id="w13.3.14">,</w> 
 <w id="w13.3.15">najdete</w> 
 <w id="w13.3.16">v</w> 
 <w id="w13.3.17">Navodilih</w> 
 <w id="w13.3.18">za</w> 
 <w id="w13.3.19">uporabo</w>
 <w id="w13.3.20">.</w>
</s> 
 
<s id="s13.4">
 <w id="w13.4.1">Zdravila</w> 
 <w id="w13.4.2">DuoTrav</w> 
 <w id="w13.4.3">ne</w> 
 <w id="w13.4.4">smejo</w> 
 <w id="w13.4.5">uporabljati</w> 
 <w id="w13.4.6">osebe</w>
 <w id="w13.4.7">,</w> 
 <w id="w13.4.8">ki</w> 
 <w id="w13.4.9">so</w> 
 <w id="w13.4.10">preobčutljive</w> 
 <w id="w13.4.11">za</w> 
 <w id="w13.4.12">(</w>
 <w id="w13.4.13">alergične</w> 
 <w id="w13.4.14">na</w>
 <w id="w13.4.15">)</w> 
 <w id="w13.4.16">travoprost</w>
 <w id="w13.4.17">,</w> 
 <w id="w13.4.18">timolol</w> 
 <w id="w13.4.19">(</w>
 <w id="w13.4.20">in</w> 
 <w id="w13.4.21">druge</w> 
 <w id="w13.4.22">zaviralce</w> 
 <w id="w13.4.23">receptorjev</w> 
 <w id="w13.4.24">beta</w>
 <w id="w13.4.25">)</w> 
 <w id="w13.4.26">ali</w> 
 <w id="w13.4.27">na</w> 
 <w id="w13.4.28">katerokoli</w> 
 <w id="w13.4.29">drugo</w> 
 <w id="w13.4.30">sestavino</w> 
 <w id="w13.4.31">zdravila</w>
 <w id="w13.4.32">.</w>
</s> 
 
<s id="s13.5">
 <w id="w13.5.1">Zdravila</w> 
 <w id="w13.5.2">DuoTrav</w> 
 <w id="w13.5.3">se</w> 
 <w id="w13.5.4">ne</w> 
 <w id="w13.5.5">sme</w> 
 <w id="w13.5.6">dajati</w> 
 <w id="w13.5.7">osebam</w> 
 <w id="w13.5.8">z</w> 
 <w id="w13.5.9">astmo</w>
 <w id="w13.5.10">,</w> 
 <w id="w13.5.11">hudim</w> 
 <w id="w13.5.12">pljučnim</w> 
 <w id="w13.5.13">obolenjem</w> 
 <w id="w13.5.14">ali</w> 
 <w id="w13.5.15">srčnimi</w> 
 <w id="w13.5.16">obolenji</w>
 <w id="w13.5.17">.</w>
</s> 
 
<s id="s13.6">
 <w id="w13.6.1">Celoten</w> 
 <w id="w13.6.2">seznam</w> 
 <w id="w13.6.3">omejitev</w> 
 <w id="w13.6.4">najdete</w> 
 <w id="w13.6.5">v</w> 
 <w id="w13.6.6">Navodilih</w> 
 <w id="w13.6.7">za</w> 
 <w id="w13.6.8">uporabo</w>
 <w id="w13.6.9">.</w>
</s> 
 
<s id="s13.7">
 <w id="w13.7.1">Zdravilo</w> 
 <w id="w13.7.2">DuoTrav</w> 
 <w id="w13.7.3">vsebuje</w> 
 <w id="w13.7.4">benzalkonijev</w> 
 <w id="w13.7.5">klorid</w>
 <w id="w13.7.6">,</w> 
 <w id="w13.7.7">ki</w> 
 <w id="w13.7.8">lahko</w> 
 <w id="w13.7.9">razbarva</w> 
 <w id="w13.7.10">mehke</w> 
 <w id="w13.7.11">kontaktne</w> 
 <w id="w13.7.12">leče</w>
 <w id="w13.7.13">.</w>
</s> 
 
<s id="s13.8">
 <w id="w13.8.1">Zaradi</w> 
 <w id="w13.8.2">tega</w> 
 <w id="w13.8.3">morajo</w> 
 <w id="w13.8.4">biti</w> 
 <w id="w13.8.5">uporabniki</w> 
 <w id="w13.8.6">mehkih</w> 
 <w id="w13.8.7">kontaktnih</w> 
 <w id="w13.8.8">leč</w> 
 <w id="w13.8.9">še</w> 
 <w id="w13.8.10">posebej</w> 
 <w id="w13.8.11">previdni</w>
 <w id="w13.8.12">.</w>
</s> 
 
<s id="s13.9">
 <w id="w13.9.1">DuoTrav</w> 
 <w id="w13.9.2">lahko</w> 
 <w id="w13.9.3">povzroči</w> 
 <w id="w13.9.4">spremembo</w> 
 <w id="w13.9.5">barve</w> 
 <w id="w13.9.6">(</w>
 <w id="w13.9.7">potemnitev</w>
 <w id="w13.9.8">)</w> 
 <w id="w13.9.9">šarenice</w> 
 <w id="w13.9.10">ter</w> 
 <w id="w13.9.11">odebelitev</w>
 <w id="w13.9.12">,</w> 
 <w id="w13.9.13">potemnitev</w> 
 <w id="w13.9.14">ali</w> 
 <w id="w13.9.15">podaljšanje</w> 
 <w id="w13.9.16">trepalnic</w>
 <w id="w13.9.17">.</w>
</s></p>

<p id="14">
<s id="s14.1">
 <w id="w14.1.1">Zakaj</w> 
 <w id="w14.1.2">je</w> 
 <w id="w14.1.3">bilo</w> 
 <w id="w14.1.4">zdravilo</w> 
 <w id="w14.1.5">DuoTrav</w> 
 <w id="w14.1.6">odobreno</w>
 <w id="w14.1.7">?</w>
</s> 
 
<s id="s14.2">
 <w id="w14.2.1">Zdravilo</w> 
 <w id="w14.2.2">DuoTrav</w> 
 <w id="w14.2.3">je</w> 
 <w id="w14.2.4">fiksna</w> 
 <w id="w14.2.5">kombinacija</w> 
 <w id="w14.2.6">odmerkov</w> 
 <w id="w14.2.7">travoprosta</w> 
 <w id="w14.2.8">in</w> 
 <w id="w14.2.9">timolola</w>
 <w id="w14.2.10">,</w> 
 <w id="w14.2.11">ki</w> 
 <w id="w14.2.12">lahko</w> 
 <w id="w14.2.13">izboljša</w> 
 <w id="w14.2.14">zavezanost</w> 
 <w id="w14.2.15">bolnikov</w> 
 <w id="w14.2.16">k</w> 
 <w id="w14.2.17">zdravljenju</w> 
 <w id="w14.2.18">za</w> 
 <w id="w14.2.19">uravnavo</w> 
 <w id="w14.2.20">intraokularnega</w> 
 <w id="w14.2.21">tlaka</w>
 <w id="w14.2.22">.</w>
</s> 
 
<s id="s14.3">
 <w id="w14.3.1">Njegova</w> 
 <w id="w14.3.2">učinkovitost</w> 
 <w id="w14.3.3">je</w> 
 <w id="w14.3.4">večja</w> 
 <w id="w14.3.5">od</w> 
 <w id="w14.3.6">učinkovitosti</w> 
 <w id="w14.3.7">vsake</w> 
 <w id="w14.3.8">posamezne</w> 
 <w id="w14.3.9">sestavine</w> 
 <w id="w14.3.10">in</w> 
 <w id="w14.3.11">je</w> 
 <w id="w14.3.12">enaka</w> 
 <w id="w14.3.13">učinkovitosti</w> 
 <w id="w14.3.14">obeh</w> 
 <w id="w14.3.15">sestavin</w>
 <w id="w14.3.16">,</w> 
 <w id="w14.3.17">ki</w> 
 <w id="w14.3.18">so</w> 
 <w id="w14.3.19">uporabljene</w> 
 <w id="w14.3.20">skupaj</w> 
 <w id="w14.3.21">vendar</w> 
 <w id="w14.3.22">kot</w> 
 <w id="w14.3.23">samostojne</w> 
 <w id="w14.3.24">kapljice</w> 
 <w id="w14.3.25">za</w> 
 <w id="w14.3.26">oči</w>
 <w id="w14.3.27">.</w>
</s> 
 
<s id="s14.4">
 <w id="w14.4.1">Odbor</w> 
 <w id="w14.4.2">za</w> 
 <w id="w14.4.3">zdravila</w> 
 <w id="w14.4.4">za</w> 
 <w id="w14.4.5">uporabo</w> 
 <w id="w14.4.6">v</w> 
 <w id="w14.4.7">humani</w> 
 <w id="w14.4.8">medicini</w> 
 <w id="w14.4.9">(</w>
 <w id="w14.4.10">CHMP</w>
 <w id="w14.4.11">)</w> 
 <w id="w14.4.12">je</w> 
 <w id="w14.4.13">odločil</w>
 <w id="w14.4.14">,</w> 
 <w id="w14.4.15">da</w> 
 <w id="w14.4.16">so</w> 
 <w id="w14.4.17">koristi</w> 
 <w id="w14.4.18">zdravila</w> 
 <w id="w14.4.19">DuoTrav</w> 
 <w id="w14.4.20">pri</w> 
 <w id="w14.4.21">zdravljenju</w> 
 <w id="w14.4.22">glavkoma</w> 
 <w id="w14.4.23">odprtega</w> 
 <w id="w14.4.24">zakotja</w> 
 <w id="w14.4.25">ali</w> 
 <w id="w14.4.26">očesne</w> 
 <w id="w14.4.27">hipertenzije</w> 
 <w id="w14.4.28">pri</w> 
 <w id="w14.4.29">bolnikih</w>
 <w id="w14.4.30">,</w> 
 <w id="w14.4.31">ki</w> 
 <w id="w14.4.32">se</w> 
 <w id="w14.4.33">ne</w> 
 <w id="w14.4.34">odzivajo</w> 
 <w id="w14.4.35">dovolj</w> 
 <w id="w14.4.36">na</w> 
 <w id="w14.4.37">lokalne</w> 
 <w id="w14.4.38">zaviralce</w> 
 <w id="w14.4.39">receptorjev</w> 
 <w id="w14.4.40">beta</w> 
 <w id="w14.4.41">ali</w> 
 <w id="w14.4.42">analoge</w> 
 <w id="w14.4.43">prostaglandina</w>
 <w id="w14.4.44">,</w> 
 <w id="w14.4.45">večje</w> 
 <w id="w14.4.46">od</w> 
 <w id="w14.4.47">z</w> 
 <w id="w14.4.48">njim</w> 
 <w id="w14.4.49">povezanih</w> 
 <w id="w14.4.50">tveganj</w>
 <w id="w14.4.51">.</w>
</s> 
 
<s id="s14.5">
 <w id="w14.5.1">Zato</w> 
 <w id="w14.5.2">je</w> 
 <w id="w14.5.3">za</w> 
 <w id="w14.5.4">zdravilo</w> 
 <w id="w14.5.5">DuoTrav</w> 
 <w id="w14.5.6">priporočil</w> 
 <w id="w14.5.7">odobritev</w> 
 <w id="w14.5.8">dovoljenja</w> 
 <w id="w14.5.9">za</w> 
 <w id="w14.5.10">promet</w> 
 <w id="w14.5.11">z</w> 
 <w id="w14.5.12">zdravilom</w>
 <w id="w14.5.13">.</w>
</s></p>

<p id="15">
<s id="s15.1">
 <w id="w15.1.1">Druge</w> 
 <w id="w15.1.2">informacije</w> 
 <w id="w15.1.3">o</w> 
 <w id="w15.1.4">zdravilu</w> 
 <w id="w15.1.5">DuoTrav</w>
 <w id="w15.1.6">:</w>
</s> 
 
<s id="s15.2">
 <w id="w15.2.1">Evropska</w> 
 <w id="w15.2.2">komisija</w> 
 <w id="w15.2.3">je</w> 
 <w id="w15.2.4">dovoljenje</w> 
 <w id="w15.2.5">za</w> 
 <w id="w15.2.6">promet</w> 
 <w id="w15.2.7">z</w> 
 <w id="w15.2.8">zdravilom</w> 
 <w id="w15.2.9">DuoTrav</w>
 <w id="w15.2.10">,</w> 
 <w id="w15.2.11">veljavno</w> 
 <w id="w15.2.12">po</w> 
 <w id="w15.2.13">vsej</w> 
 <w id="w15.2.14">Evropski</w> 
 <w id="w15.2.15">uniji</w>
 <w id="w15.2.16">,</w> 
 <w id="w15.2.17">odobrila</w> 
 <w id="w15.2.18">družbi</w> 
 <w id="w15.2.19">Alcon</w> 
 <w id="w15.2.20">Laboratories</w> 
 <w id="w15.2.21">(</w>
 <w id="w15.2.22">Združeno</w> 
 <w id="w15.2.23">kraljestvo</w>
 <w id="w15.2.24">)</w> 
 <w id="w15.2.25">dne</w> 
 <w id="w15.2.26">24</w>
 <w id="w15.2.27">.</w> 
 <w id="w15.2.28">aprila</w> 
 <w id="w15.2.29">2006</w>
 <w id="w15.2.30">.</w>
</s></p>

<p id="16">
<s id="s16.1">
 <w id="w16.1.1">Celotno</w> 
 <w id="w16.1.2">Evropsko</w> 
 <w id="w16.1.3">javno</w> 
 <w id="w16.1.4">poročilo</w> 
 <w id="w16.1.5">o</w> 
 <w id="w16.1.6">oceni</w> 
 <w id="w16.1.7">zdravila</w> 
 <w id="w16.1.8">(</w>
 <w id="w16.1.9">EPAR</w>
 <w id="w16.1.10">)</w> 
 <w id="w16.1.11">za</w> 
 <w id="w16.1.12">zdravilo</w> 
 <w id="w16.1.13">DuoTrav</w> 
 <w id="w16.1.14">je</w> 
 <w id="w16.1.15">na</w> 
 <w id="w16.1.16">voljo</w> 
 <w id="w16.1.17">tukaj</w>
 <w id="w16.1.18">.</w>
</s> 
 
<s id="s16.2">
 <w id="w16.2.1">Ta</w> 
 <w id="w16.2.2">povzetek</w> 
 <w id="w16.2.3">je</w> 
 <w id="w16.2.4">bil</w> 
 <w id="w16.2.5">nazadnje</w> 
 <w id="w16.2.6">posodobljen</w> 
 <w id="w16.2.7">marca</w> 
 <w id="w16.2.8">2006</w>
 <w id="w16.2.9">.</w>
</s></p>

<p id="17">
<s id="s17.1">
 <w id="w17.1.1">2/</w>
 <w id="w17.1.2">2</w>                                                
 <w id="w17.1.3">©EMEA</w> 
 <w id="w17.1.4">2006</w>
</s></p></text>
