<?xml version="1.0" encoding="utf-8"?>
<letsmt version="1.0">
<head></head>
<body>
<s id="s1.1">EU Številka</s>
<s id="s2.1">Izmišljeno ime</s>
<s id="s3.1">Jakost</s>
<s id="s4.1">Farmacvtska oblika</s>
<s id="s5.1">Ciljna živalska vrsta</s>
<s id="s6.1">Način uporabe zdravila</s>
<s id="s7.1">Ovojnina</s>
<s id="s8.1">Vsebina</s>
<s id="s9.1">Velikost pakiranja</s>
<s id="s10.1">Karenca</s>
<s id="s11.1">EU/ 2/ 03/ 038/ 005</s>
<s id="s12.1">ProteqFlu- Te</s>
<s id="s13.1">≥ 5. 3 log10 FAID50</s>
<s id="s14.1">Suspenzija za</s>
<s id="s15.1">Konji</s>
<s id="s16.1">intramus</s>
<s id="s17.1">Viala (steklo)</s>
<s id="s18.1">1 odmerek</s>
<s id="s19.1">10 vial</s>
<s id="s20.1">Nič dn</s>
<s id="s21.1">do 7. 6 log10 FAID50 za oba vCP2242 in vCP1533 v odmerku ≥30 IU/ ml za tetanus v odmerku</s>
<s id="s22.1">injiciranje</s>
<s id="s23.1">kularno</s>
<s id="s24.1">(1 ml)</s>
<s id="s25.1">1/ 1</s>
</body>
</letsmt>
