<?xml version="1.0" encoding="utf-8"?>
<letsmt version="1.0">
<head></head>
<body>
<s id="s1.1">European Medicines Agency Veterinary Medicines</s>
<s id="s2.1">EMEA/ V/ C/ 074</s>
<s id="s3.1">EVROPSKO JAVNO POROČILO O OCENI ZDRAVILA (EPAR)</s>
<s id="s4.1">PROTEQFLU- TE</s>
<s id="s5.1">Povzetek EPAR za javnost</s>
<s id="s6.1">Ta dokument je povzetek evropskega javnega poročila o oceni zdravila (EPAR).</s>
<s id="s6.2">Njegov namen je pojasniti, kako je Odbor za zdravila za uporabo v veterinarski medicini (CVMP) ocenil predloženo dokumentacijo, na podlagi česar je oblikoval priporočila glede uporabe zdravila.</s>
<s id="s6.3">Ta dokument ne more nadomestiti osebnega pogovora z veterinarjem.</s>
<s id="s6.4">Če potrebujete več informacij o zdravstvenem stanju ali zdravljenju svoje živali, se posvetujte z veterinarjem.</s>
<s id="s6.5">Če želite več informacij o podlagi za priporočila CVMP, preberite znanstveno razpravo (ki je prav tako del EPAR).</s>
<s id="s7.1">Kaj je zdravilo ProteqFlu- Te?</s>
<s id="s7.2">Zdravilo ProteqFlu- Te je cepivo, ki se uporablja pri konjih.</s>
<s id="s7.3">Vsebuje dele dveh sevov virusa konjske influence (gripe), vstavljenih v dva virusa vektorja (prenašalca) canarypox, in toksoid tetanusa (kemično oslabljene toksine iz bakterije tetanusa).</s>
<s id="s7.4">Zdravilo ProteqFlu- Te je na voljo v obliki suspenzije za injiciranje.</s>
<s id="s8.1">Za kaj se zdravilo ProteqFlu- Te uporablja?</s>
<s id="s8.2">Zdravilo ProteqFlu- Te se uporablja za cepljenje konjev, starih 4 mesece ali več, proti konjski influenci in tetanusu.</s>
<s id="s8.3">Cepivo blaži klinične znake konjske influence in izločanje virusa po okužbi.</s>
<s id="s8.4">Konjska influenca je zelo nalezljiva bolezen, ki je zelo pogosta pri konjih, vendar redko povzroči pogin.</s>
<s id="s8.5">Cepivo spodbuja tudi zaščito proti tetanusu za preprečitev mortalnosti.</s>
<s id="s8.6">Tetanus je akutna bolezen, ki ima pogosto smrten izid, povzroča pa jo nevrotoksin (živčni strup) bakterije Clostridium tetani.</s>
<s id="s8.7">Za bolezen, ki navadno izvira iz okuženih ran, so značilni rigidnost (otrdelost) celotnega telesa in sunkoviti krči mišic.</s>
<s id="s8.8">Otrdelost mišic se navadno pojavi ob čeljustih in vratu, nato pa prizadene celotno telo.</s>
<s id="s8.9">Konji so med živalskimi vrstami najbolj občutljivi na tetanus.</s>
<s id="s8.10">Cepivo se daje z intramuskularno injekcijo (vbrizga se v mišico).</s>
<s id="s8.11">Konji potrebujejo primarno cepljenje, ki vključuje dve injiciranji pri starosti 5– 6 mesecev in se ju izvede 4– 6 tednov narazen.</s>
<s id="s8.12">Temu mora slediti ponovno cepljenje po 5 mesecih in nato letna poživitvena cepljenja.</s>
<s id="s8.13">V primeru povečanega tveganja okužbe ali nezadostnega zaužitja kolostruma (prvega mleka), se lahko injicira dodatni začetni odmerek v starosti 4 mesecev, ki mu sledi popoln program cepljenja (primarno cepljenje, ki mu sledijo ponovitve).</s>
<s id="s9.1">Kako zdravilo ProteqFlu- Te deluje?</s>
<s id="s9.2">Zdravilo ProteqFlu je cepivo, ki je bilo izdelano z rekombinantno tehnologijo.</s>
<s id="s9.3">To pomeni, da je bil gen iz dveh različnih sevov virusa konjske influence (A/ equi- 2/ Ohio/ 03 in A/ equi - 2/ Newmarket/ 2/ 93) vstavljen v dva živa virusa vektorja canarypox, zaradi česar sta postala sposobna tvoriti dele teh sevov influence (določene proteine).</s>
<s id="s9.4">Cepivo vsebuje tudi toksoid tetanusa, ki je toksin tetanusa, obdelan tako, da je njegova strupenost manjša, vendar je pri tem ohranjeno antigensko delovanje.</s>
<s id="s9.5">7 Westferry Circus, Canary Wharf, London E14 4HB, UK Tel.</s>
<s id="s9.6">(44- 20) 74 18 84 00 Fax (44- 20) 74 18 84 47 E- mail: mail@ emea. europa. eu http: // www. emea. europa. eu © European Medicines Agency, 2008.</s>
<s id="s9.7">Reproduction is authorised provided the source is acknowledged.</s>
<s id="s9.8">Cepiva delujejo tako, da imunski sistem (naravni obrambni mehanizem telesa) „ naučijo “, kako naj se brani proti boleznim.</s>
<s id="s9.9">Kadar se zdravilo ProteqFlu- Te daje konjem, imunski sistem živali prepozna določene proteine iz sevov virusa konjske influence in toksoid tetanusa kot tujke ter začne proti njim tvoriti protitelesa.</s>
<s id="s9.10">Imunski sistem bo nato pri naravni izpostavitvi virusom konjske gripe in bakteriji tetanusa sposoben hitreje ustvarjati ta zaščitna protitelesa.</s>
<s id="s9.11">S tem pomagamo zaščititi živali proti konjski influenci in tetanusu.</s>
<s id="s9.12">Cepivo vsebuje tudi adjuvans, ki spodbudi boljši odziv.</s>
<s id="s10.1">Kako je bilo zdravilo ProteqFlu- Te raziskano?</s>
<s id="s10.2">Varnost zdravila ProteqFlu- Te so raziskovali z več študijami, izvedenimi pod laboratorijskimi pogoji in pogoji na terenu na številnih konjih vseh starosti (od 1 meseca do 40 let) v različnih fizioloških stanjih (žrebeta, nebreje in breje odrasle samice ter samci).</s>
<s id="s10.3">Sklenili so, da je zdravilo pri ciljni živalski vrsti, tudi pri brejih kobilah, ne glede na stopnjo brejosti, varno tudi v zelo velikih odmerkih.</s>
<s id="s10.4">Dokazano je bilo tudi, da se živi virusi v cepivu ob uporabi pri konjih ne prenašajo, ne širijo in ne razmnožujejo na mestu inokulacije ter se ne rekombinirajo z drugimi virusi.</s>
<s id="s10.5">Pri uporabi tega cepiva niso ugotovili nobenih tveganj za okolje.</s>
<s id="s11.1">Učinkovitost zdravila ProteqFlu- Te so raziskovali z več študijami, izvedenimi pod laboratorijskimi pogoji in pogoji na terenu.</s>
<s id="s11.2">V študijah pod laboratorijskimi pogoji so konje okužili z virusom konjske influence.</s>
<s id="s11.3">Klinične znake in izločanje virusa influence po okužbi so primerjali med cepljenimi in kontrolnimi živalmi (živali, ki jih niso cepili ali pa so jih cepili s konkurenčnim cepivom).</s>
<s id="s11.4">V vseh študijah so merili tvorjenje zaščitnih ravni protiteles proti dvema sevoma cepiva influence.</s>
<s id="s11.5">Iz etičnih razlogov za tetanus niso izvedli nobenega poskusa z izzivanjem okužbe.</s>
<s id="s11.6">Merilo učinkovitosti je bilo tvorjenje zaščitnih ravni protiteles proti tetanusnemu toksoidu po cepljenju.</s>
<s id="s12.1">Kakšne koristi je zdravilo ProteqFlu- Te izkazalo med študijami?</s>
<s id="s12.2">Študije so pokazale, da je zdravilo ProteqFlu učinkovito cepivo proti konjski influenci pri konjih, starih 4 mesece in več, za ublažitev kliničnih znakov in izločanja virusa po okužbi 14 dni po primernem cepljenju.</s>
<s id="s12.3">Trajanje zaščite je bilo 5 mesecev po primarnem cepljenju in eno leto po tretjem cepljenju.</s>
<s id="s13.1">Kakšna tveganja so povezana z zdravilom ProteqFlu- Te?</s>
<s id="s13.2">Pojavi se lahko oteklina (s premerom največ 5 cm), ki izgine v 4 dneh.</s>
<s id="s13.3">V redkih primerih se lahko pojavita bolečina in lokalna hipertermija (povišana telesna temperatura).</s>
<s id="s13.4">Rahlo povišanje temperature (največ 1, 5 °C) lahko traja en dan, izjemoma dva dni.</s>
<s id="s14.1">V izjemnih okoliščinah se lahko dan po cepljenju pojavita apatičnost in zmanjšan tek.</s>
<s id="s14.2">V izjemnih okoliščinah lahko pride tudi do preobčutljivostne reakcije, ki jo je treba ustrezno simptomatično zdraviti.</s>
<s id="s15.1">Kakšne previdnostne ukrepe mora upoštevati oseba, ki daje zdravilo ali pride v stik z živaljo?</s>
<s id="s15.2">V primeru nenamernega samoinjiciranja se takoj posvetujte z zdravnikom in mu pokažite navodilo za uporabo ali nalepko na zunanji ovojnini.</s>
<s id="s16.1">Stran 2/ 3 ©EMEA 2008 Koliko časa mora preteči, preden se lahko žival zakolje in meso uporabi za prehrano ljudi (obdobje karence)?</s>
<s id="s16.2">Obdobje karence je nič dni.</s>
<s id="s17.1">Koliko časa mora preteči, preden se lahko mleko uporabi za prehrano ljudi?</s>
<s id="s17.2">Nič dni.</s>
<s id="s18.1">Zakaj je bilo zdravilo ProteqFlu- Te odobreno?</s>
<s id="s18.2">Odbor za zdravila za uporabo v veterinarski medicini (CVMP) je zaključil, da so koristi zdravila ProteqFlu- Te pri aktivni imunizaciji konj, starih 4 mesece ali več, proti virusu konjske influence za ublažitev kliničnih znakov in izločanja virusa po okužbi in proti tetanusu za preprečevanje pogina večje od z njim povezanih tveganj.</s>
<s id="s18.3">Odbor je priporočil, da se za zdravilo ProteqFlu- Te odobri dovoljenje za promet.</s>
<s id="s18.4">Razmerje med koristmi in tveganji je opisano v modulu 6 tega evropskega javnega poročila o oceni zdravila (EPAR).</s>
<s id="s19.1">Druge informacije o zdravilu ProteqFlu- Te:</s>
<s id="s19.2">Evropska komisija je dovoljenje za promet z zdravilom ProteqFlu- Te, veljavno po vsej Evropski uniji, odobrila družbi Merial S. A. S. dne 6. marca 2003.</s>
<s id="s19.3">Podatki o predpisovanju tega zdravila se nahajajo na nalepki/ zunanji ovojnini zdravila.</s>
<s id="s20.1">Povzetek je bil nazadnje posodobljen 09- 2008.</s>
<s id="s21.1">Stran 3/ 3 ©EMEA 2008</s>
</body>
</letsmt>
