<?xml version="1.0" encoding="utf-8"?>
<letsmt version="1.0">
<head></head>
<body>
<s id="s1.1">DODATEK I</s>
<s id="s2.1">SEZNAM IMEN, FARMACEVTSKIH OBLIK, JAKOSTI ZDRAVILA, NAČINOV UPORABE ZDRAVILA, VLAGATELJEV, IMETNIKOV DOVOLJENJA ZA PROMET Z ZDRAVILOM V DRŽAVAH ČLANICAH</s>
<s id="s3.1">Opomba:</s>
<s id="s3.2">Ta Povzetek glavnih značilnosti zdravila, označevanje in navodila za uporabo so bili priloženi k odločbi Komisije v zvezi z napotitvenim postopkom, ki je bil sprožen v skladu z členom 29, za zdravila, ki vsebujejo doksazosinmezilat.</s>
<s id="s3.3">Besedilo je bilo takrat veljavno.</s>
<s id="s4.1">Pristojne oblasti držav članic bodo informacije o zdravilu posodobile v skladu z zahtevami, ko bo podana odločba Komisije.</s>
<s id="s4.2">Zaradi tega je možno, da ta Povzetek glavnih značilnosti zdravila, označevanje in navodila za uporabo ne predstavljajo trenutno veljavnega besedila.</s>
<s id="s5.1">1/ 25</s>
<s id="s6.1">Imetnik dovoljenja za promet</s>
<s id="s7.1">Farmacevtska</s>
<s id="s8.1">Način uporabe</s>
<s id="s9.1">Država članica</s>
<s id="s10.1">z zdravilom</s>
<s id="s11.1">Vlagatelj</s>
<s id="s12.1">Ime</s>
<s id="s13.1">Jakost</s>
<s id="s14.1">oblika</s>
<s id="s15.1">zdravila</s>
<s id="s16.1">Danska</s>
<s id="s17.1">Winthrop Pharmaceuticals UK Ltd 1 Onslow Street, Guildford, Surrey GU1 4YS Združeno kraljestvo Tel:</s>
<s id="s17.2">00 44 (0) 1483 55 4831 Faks:</s>
<s id="s17.3">00 44 (0) 1483 55 4831</s>
<s id="s18.1">Doxazosin ‘ Winthrop ’</s>
<s id="s19.1">4 mg</s>
<s id="s20.1">Tablete s podaljšanim sproščanjem</s>
<s id="s21.1">Peroralno</s>
<s id="s22.1">Nemčija</s>
<s id="s23.1">Winthrop Arzneimittel</s>
<s id="s24.1">Doxazosin</s>
<s id="s25.1">4 mg</s>
<s id="s26.1">Tablete s</s>
<s id="s27.1">Peroralno</s>
<s id="s28.1">GmbH Industriestrasse 10 Winthrop 4 mg 82256 Furstenfeldbruck Retardtabletten Nemčija Tel:</s>
<s id="s28.2">0049 (0) 81 41 3572 324 Faks:</s>
<s id="s28.3">0049 (0) 81 41 3572 329</s>
<s id="s29.1">podaljšanim sproščanjem</s>
<s id="s30.1">Madžarska</s>
<s id="s31.1">Chinoin Pharmaceuticals Doxazosin and Chemical Works Co Winthrop 4mg Ltd 1045 Budapest, To utca Tablets 1- 5 MADŽARSKA Tel:</s>
<s id="s31.2">0036 1 505 0000 Faks:</s>
<s id="s31.3">0036 1 505 0005</s>
<s id="s32.1">4 mg</s>
<s id="s33.1">Tablete s podaljšanim sproščanjem</s>
<s id="s34.1">Peroralno</s>
<s id="s35.1">Poljska</s>
<s id="s36.1">Winthrop Medicaments 1 - DOXAWIN XL 13, Bd Romain Rolland, 75014, Paris Francija Tel:</s>
<s id="s36.2">0033 (0) 1 57 63 33 33 Faks:</s>
<s id="s36.3">0033 (0) 1 57 63 33 30</s>
<s id="s37.1">4 mg</s>
<s id="s38.1">Tablete s podaljšanim sproščanjem</s>
<s id="s39.1">Peroralno</s>
<s id="s40.1">2/ 25</s>
<s id="s41.1">Imetnik dovoljenja za promet</s>
<s id="s42.1">Farmacevtska</s>
<s id="s43.1">Način uporabe</s>
<s id="s44.1">Država članica</s>
<s id="s45.1">z zdravilom</s>
<s id="s46.1">Vlagatelj</s>
<s id="s47.1">Ime</s>
<s id="s48.1">Jakost</s>
<s id="s49.1">oblika</s>
<s id="s50.1">zdravila</s>
<s id="s51.1">Slovaška</s>
<s id="s52.1">Winthrop Medicaments 1 - Doxazosin 13, Bd Romain Rolland, Winthrop XL 4 mg 75014, Paris Francija Tel:</s>
<s id="s52.2">0033 (0) 1 57 63 33 33 Faks:</s>
<s id="s52.3">0033 (0) 1 57 63 33 30</s>
<s id="s53.1">4 mg</s>
<s id="s54.1">Tablete s podaljšanim sproščanjem</s>
<s id="s55.1">Peroralno</s>
<s id="s56.1">Španija</s>
<s id="s57.1">Winthrop Pharmaceuticals Doxazosina 4 UK Ltd 1 Onslow Street, WINTHROP 4 mg Guildford, Surrey GU1 4YS comprimidos de Združeno kraljestvo liberación Tel:</s>
<s id="s57.2">00 44 (0) 1483 55 4831 prolongada EFG Faks:</s>
<s id="s57.3">00 44 (0) 1483 55 4831</s>
<s id="s58.1">mg</s>
<s id="s59.1">Tablete s podaljšanim sproščanjem</s>
<s id="s60.1">Peroralno</s>
<s id="s61.1">Združeno kraljestvo</s>
<s id="s62.1">Winthrop Pharmaceuticals Slocinx XL 4mg UK Ltd 1 Onslow Street, Tablets Guildford, Surrey GU1 4YS Združeno kraljestvo</s>
<s id="s63.1">4 mg</s>
<s id="s64.1">Tablete s podaljšanim sproščanjem</s>
<s id="s65.1">Peroralno</s>
<s id="s66.1">3/ 25 DODATEK II</s>
<s id="s67.1">ZNANSTVENI ZAKLJUČKI IN PODLAGA ZA DOPOLNILO POVZETKA( OV) GLAVNIH ZNAČILNOSTI ZDRAVILA, OZNAČEVANJA IN NAVODIL ZA UPORABO, KI JIH JE PREDSTAVILA EMEA</s>
<s id="s68.1">4/ 25 ZNANSTVENI ZAKLJUČKI</s>
<s id="s69.1">SPLOŠNI POVZETEK ZNANSTVENEGA VREDNOTENJA ZDRAVILA Doxazosin “ Winthrop ” 4 mg tablete s podaljšanim sproščanjem in z njim povezanih imen (glejte Dodatek I)</s>
<s id="s70.1">CHMP je menil, da je bila bioekvivalenca po uporabi enega odmerka zadostno dokazana v dveh različnih bioekvivalenčnih raziskavah (raziskavi 463/ 04- 05) in po uporabi večkratnega odmerka (raziskava 5208/ 02- 3) v skladu s smernicami CHMP.</s>
<s id="s70.2">Opažene razlike v Tmax so zmerne in Cmax testnih tablet ni višji kot v inovativnem zdravilu.</s>
<s id="s70.3">Ni pričakovati, da bi posledice teh razlik lahko bili klinično pomembni neželeni učinki.</s>
<s id="s70.4">Testni izdelek je pokazal konsistentne učinke pri enkratnem odmerjanju v vseh raziskavah, zagotovljena pa je bila zadostna gotovost, da so predloženi rezultati o stalnem stanju reprezentativni tudi za druge serije.</s>
<s id="s70.5">Raziskava o medsebojnem delovanju s hrano ni bila izvedena v skladu s smernicami CHMP.</s>
<s id="s70.6">Rezultati te raziskave pa so nakazali, da ni pomembnih kliničnih razlik med obema zdraviloma, če se jemljeta s hrano.</s>
<s id="s70.7">Od leta 2002 je bilo na trg danih več kot 44. 000. 000 generičnih tablet tega pripravka in tisoče uporabnikov je originatorjevo zdravilo zamenjalo z generičnim izdelkom.</s>
<s id="s70.8">Do sedaj niso poročali o neželenih učinkih, ki bi bili morebiti povezani s hitrejšim sproščanjem doksazosina.</s>
<s id="s70.9">Podjetje pa se je tudi zavezalo, da bo izvajalo postmarketinški nadzor.</s>
<s id="s70.10">Bistvena podobnost je bila na koncu zadostno dokazana.</s>
<s id="s70.11">Kakršnekoli dodatne dvome v zvezi z bistveno podobnostjo bo razrešila vlagateljeva zavezanost k postmarketinškemu nadzoru.</s>
<s id="s70.12">CHMP je mnenja, da se zdravilo, kar se tiče učinkovitosti in varnosti, ne razlikuje pomembno od originatorjevega zdravila.</s>
<s id="s71.1">PODLAGA ZA DOPOLNILO POVZETKA( OV) OZNAČEVANJA IN NAVODIL ZA UPORABO</s>
<s id="s72.1">GLAVNIH</s>
<s id="s73.1">ZNAČILNOSTI</s>
<s id="s74.1">ZDRAVILA,</s>
<s id="s75.1">Ob upoštevanju naslednjega</s>
<s id="s76.1">- Namen napotitve je bil doseči soglasje o tem, ali se zdravilo Doxazosin “ Winthrop ” 4 mg tablete s</s>
<s id="s77.1">podaljšanim sproščanjem, kar se tiče profila sproščanja, pomembno razlikuje od originatorjevega zdravila, in ali je možnost pojavov neželenih učinkov, kot so omotica in hipotenzija, morebiti povečana; nadalje ali so bile razlike v rezultatih iz študij 5208 in 1995 testnih serij pri enkratnem odmerjanju pomembne, ter končno ali se je vlagatelj oddaljil od smernic CHMP pri oblikovanju bioekvivalenčnih raziskav, zlasti kar se tiče učinka, ki bi ga lahko imela hrana na ustreznost občutljivosti za zaznavanje razlik med zdraviloma,</s>
<s id="s78.1">- Ni verjetno, da bi morebitne razlike, opažene med referenčnim zdravilom in generičnimi izdelki,</s>
<s id="s79.1">vplivale na informacije v Povzetku glavnih značilnosti zdravila (SPC),</s>
<s id="s80.1">- Povzetek glavnih značilnosti zdravila, označevanje in Navodila za uporabo, kot jih je predlagal</s>
<s id="s81.1">vlagatelj, so bili ovrednoteni na podlagi predložene dokumentacije, znanstvene razprave znotraj Odbora in novega besedila, predlaganega v posodobljenih smernicah o SPC iz oktobra 2005 ter zadnje predloge QRD,</s>
<s id="s82.1">je CHMP za Doksazosin “ Winthrop ” 4 mg tablete s podaljšanim sproščanjem in z njim povezana imena (glejte Dodatek I) priporočil odobritev dovoljenj za promet z zdravilom, za katere so Povzetki glavnih značilnosti zdravila, označevanje in Navodila za uporabo opredeljeni v Dodatku III.</s>
<s id="s83.1">5/ 25 DODATEK III</s>
<s id="s84.1">POVZETEK GLAVNIH ZNAČILNOSTI ZDRAVILA, OZNAČEVANJE IN NAVODILO ZA UPORABO</s>
<s id="s85.1">6/ 25 POVZETEK GLAVNIH ZNAČILNOSTI ZDRAVILA</s>
<s id="s86.1">7/ 25 1 IME ZDRAVILA</s>
<s id="s87.1">Doxazosin Winthrop 4 mg tablete s podaljšanim sproščanjem in povezana imena [glejte Dodatek I]</s>
<s id="s88.1">2 KAKOVOSTNA IN KOLIČINSKA SESTAVA</s>
<s id="s89.1">Vsaka tableta s podaljšanim sproščanjem vsebuje 4 mg doksazosina (v obliki mesilata).</s>
<s id="s90.1">Za celoten seznam pomožnih snovi glejte poglavje 6. 1.</s>
<s id="s91.1">3 FARMACEVTSKA OBLIKA</s>
<s id="s92.1">Tableta s podaljšanim sproščanjem.</s>
<s id="s92.2">Bele, okrogle, bikonveksne tablete z napisom &quot;DL&quot; na eni strani.</s>
<s id="s93.1">4 KLINIČNI PODATKI</s>
<s id="s94.1">4. 1 Terapevtske indikacije</s>
<s id="s95.1">Esencialna hipertenzija.</s>
<s id="s95.2">Simptomatsko zdravljenje benigne hiperplazije prostate.</s>
<s id="s96.1">4. 2 Odmerjanje in način uporabe</s>
<s id="s97.1">Zdravilo Doxazosin Winthrop 4 mg tablete s podaljšanim sproščanjem in povezana imena se lahko jemlje s hrano ali brez nje.</s>
<s id="s97.2">Tablete je treba pogoltniti cele z zadostno količino tekočine.</s>
<s id="s97.3">Tablete s podaljšanim sproščanjem se ne smejo žvečiti, prepoloviti ali zdrobiti.</s>
<s id="s98.1">Največji priporočeni odmerek je 8 mg doksazosina enkrat dnevno.</s>
<s id="s99.1">Esencialna hipertenzija:</s>
<s id="s99.2">Odrasli:</s>
<s id="s99.3">Običajno 4 mg doksazosina enkrat dnevno.</s>
<s id="s99.4">Po potrebi se lahko odmerek poveča na 8 mg doksazosina enkrat dnevno.</s>
<s id="s100.1">Zdravilo Doxazosin Winthrop 4 mg tablete s podaljšanim sproščanjem in povezana imena se lahko uporablja samostojno ali v kombinaciji z drugimi zdravili, npr. tiazidnimi diuretiki, blokatorji beta- adrenergičnih receptorjev, kalcijevimi antagonisti ali zaviralci ACE.</s>
<s id="s101.1">Simptomatsko zdravljenje hiperplazije prostate:</s>
<s id="s101.2">Odrasli:</s>
<s id="s101.3">Običajno 4 mg doksazosina enkrat dnevno.</s>
<s id="s101.4">Po potrebi se lahko odmerek poveča na 8 mg doksazosina enkrat dnevno.</s>
<s id="s102.1">Spremembe krvnega tlaka pri normotenzivnih bolnikih so klinično nepomembne, zato se lahko zdravilo Doxazosin Winthrop 4 mg tablete s podaljšanim sproščanjem in povezana imena uporablja pri hipertenzivnih</s>
<s id="s103.1">8/ 25 in tudi pri normotenzivnih bolnikih z benigno hiperplazijo prostate (BPH - benign prostatic hyperplasia).</s>
<s id="s103.2">Pri hipertenzivnih bolnikih obe bolezni zdravimo hkrati.</s>
<s id="s104.1">Starejši bolniki:</s>
<s id="s104.2">Isti odmerek kot za odrasle.</s>
<s id="s105.1">Bolniki z ledvično okvaro:</s>
<s id="s105.2">Pri bolnikih z ledvično okvaro ni sprememb farmakokinetike in ni znakov, da tablete doksazosina s podaljšanim sproščanjem poslabšajo obstoječo ledvično okvaro, zato se pri teh bolnikih lahko uporabi običajni odmerek.</s>
<s id="s106.1">Bolniki z jetrno okvaro:</s>
<s id="s106.2">Bolnikom z jetrno okvaro je treba zdravilo Doxazosin Winthrop 4 mg tablete s podaljšanim sproščanjem in povezana imena dajati posebno previdno.</s>
<s id="s106.3">Kliničnih izkušenj pri bolnikih s hudo jetrno okvaro ni, zato se uporaba tablet doksazosina s podaljšanim sproščanjem pri teh bolnikih ne priporoča (glejte poglavje 4. 4).</s>
<s id="s107.1">Otroci in mladostniki:</s>
<s id="s107.2">Uporaba zdravila Doxazosin Winthrop 4 mg tablete s podaljšanim sproščanjem in povezana imena se pri otrocih zaradi pomanjkanja kliničnih izkušenj ne priporoča.</s>
<s id="s108.1">4. 3 Kontraindikacije</s>
<s id="s109.1">• Preobčutljivost za zdravilno učinkovino, druge kinazoline (npr. prazosin, terazosin) ali katero koli pomožno snov; • benigna hiperplazija prostate in sočasna obstrukcija zgornjih sečil, kronična okužba sečil ali kamni v mehurju; • prelivna inkontinenca, anurija ali progresivna ledvična insufienca; • ezofagealna ali gastrointestinalna obstrukcija v anamnezi ali zmanjšan premer lumna prebavil. • dojenje.</s>
<s id="s110.1">4. 4 Posebna opozorila in previdnostni ukrepi</s>
<s id="s111.1">Bolniki z akutnimi srčnimi boleznimi:</s>
<s id="s111.2">Zdravilo Doxazosin Winthrop 4 mg tablete s podaljšanim sproščanjem in povezana imena je treba dajati posebno previdno bolnikom z naslednjimi akutnimi srčnimi boleznimi: pljučni edem, ki je posledica aortne ali mitralne stenoze, srčna odpoved pri velikem minutnem volumnu, desnostranska srčna odpoved, ki je posledica pljučne embolije ali perikardnega izliva, in levostranska ventrikularna srčna insuficienca z nizkim tlakom polnjenja srca.</s>
<s id="s112.1">Tablete doksazosina s podaljšanim sproščanjem se zaradi morebitnega povečanega tveganja za nastanek srčne odpovedi ne smejo uporabljati kot prvo zdravilo izbora za samostojno zdravljenje hipertenzije pri bolnikih s hipertenzijo in enim ali več dejavniki tveganja za nastanek kardiovaskularnih bolezni.</s>
<s id="s113.1">Na začetku zdravljenja ali ob povečanju odmerka je treba bolnika opazovati, da bi zmanjšali morebitno tveganje posturalnih učinkov, npr. hipotenzije in sinkope.</s>
<s id="s113.2">Pri bolnikih, ki se zdravijo zaradi benigne hiperplazije prostate in ki niso hipertenzivni, so spremembe srednje vrednosti krvnega tlaka majhne, vendar pri 10– 20% bolnikov pride do hipotenzije, vrtoglavice in utrujenosti, pri manj kot 5% pa do edema in dispneje.</s>
<s id="s113.3">Pri hipotenzivnih bolnikih ali bolnikih z znano ortostatsko disregulacijo, ki jemljejo tablete doksazosina s podaljšanim sproščanjem za zdravljenje benigne hiperplazije prostate (BPH), je treba biti posebno previden.</s>
<s id="s113.4">Treba jih je opozoriti na morebitno tveganje poškodb in obvestiti o ukrepih za zmanjševanje ortostatskih simptomov.</s>
<s id="s114.1">Bolniki z jetrno okvaro:</s>
<s id="s114.2">Pri bolnikih z manjšo do zmerno jetrno okvaro je treba zdravilo Doxazosin Winthrop 4 mg tablete s podaljšanim sproščanjem in povezana imena odmerjati previdno (glejte poglavje 5. 2).</s>
<s id="s114.3">Kliničnih izkušenj pri bolnikih s hudo jetrno okvaro ni, zato se uporaba pri teh bolnikih ne priporoča.</s>
<s id="s114.4">Previdnost je priporočljiva tudi, kadar se tablete doksazosina s podaljšanim sproščanjem uporablja hkrati z zdravili, ki vplivajo na presnovo v jetrih (npr. cimetidin).</s>
<s id="s114.5">9/ 25 Zdravilo Doxazosin Winthrop 4 mg tablete s podaljšanim sproščanjem in povezana imena je treba pri bolnikih z diabetično avtonomno nevropatijo uporabljati previdno.</s>
<s id="s115.1">Zdravilo Doxazosin Winthrop 4 mg tablete s podaljšanim sproščanjem in povezana imena lahko vpliva na aktivnost renina v plazmi in izločanje vanililmandljeve kisline z urinom.</s>
<s id="s115.2">To je treba upoštevati pri analizi laboratorijskih podatkov.</s>
<s id="s116.1">4. 5 Medsebojno delovanje z drugimi zdravili in druge oblike interakcij</s>
<s id="s117.1">Doksazosin se v veliki meri veže na beljakovine v plazmi (98%).</s>
<s id="s117.2">Podatki in vitro na človeški plazmi kažejo, da doksazosin ne vpliva na vezavo digoksina, varfarina, fenitoina ali indometacina na beljakovine.</s>
<s id="s117.3">Doksazosin so brez neželenih interakcij z zdravili uporabljali sočasno s tiazidnimi diuretiki, furosemidom, beta- blokatorji, antibiotiki, peroralnimi hipoglikemičnimi zdravili, urikozuriki in antikoagulanti.</s>
<s id="s117.4">Doksazosin okrepi učinek drugih antihipertenzivov na nižanje krvnega tlaka.</s>
<s id="s117.5">Nesteroidni antirevmatiki ali estrogeni lahko zmanjšajo antihipertenzivni učinek doksazosina.</s>
<s id="s117.6">Simpatikomimetiki lahko zmanjšajo antihipertenzivni učinek doksazosina, doksazosin lahko zniža krvni tlak in reakcije ožilja na dopamin, efedrin, epinefrin, metaraminol, metoksamin in fenilefrin.</s>
<s id="s118.1">Študij o interakcijah s snovmi, ki vplivajo na jetrno presnovo, niso opravili.</s>
<s id="s119.1">4. 6 Nosečnost in dojenje</s>
<s id="s120.1">Ni zadostnih podatkov o uporabi tablet doksazosina s podaljšanim sproščanjem pri nosečnicah.</s>
<s id="s120.2">Študije na živalih so pri visokih odmerkih pokazale zmanjšano preživetje fetusov (glejte poglavje 5. 3).</s>
<s id="s120.3">Zdravila Doxazosin Winthrop 4 mg tablete s podaljšanim sproščanjem in povezana imena ne smete uporabljati med nosečnostjo, razen če je nujno potrebno.</s>
<s id="s121.1">Zdravilo Doxazosin Winthrop 4 mg tablete s podaljšanim sproščanjem in povezana imena je med dojenjem kontraindicirano, ker se zdravilo kopiči v mleku doječih podgan (glejte poglavje 5. 3), o izločanju zdravila v mleko pri človeku pa ni podatkov.</s>
<s id="s121.2">Če je zdravljenje z zdravilom Doxazosin Winthrop 4 mg tablete s podaljšanim sproščanjem in povezana imena neizogibno, je treba dojenje prekiniti.</s>
<s id="s122.1">4. 7 Vpliv na sposobnost vožnje in upravljanja s stroji</s>
<s id="s123.1">Zdravilo Doxazosin Winthrop 4 mg tablete s podaljšanim sproščanjem in povezana imena ima zmeren vpliv na sposobnost vožnje in upravljanja s stroji.</s>
<s id="s124.1">4. 8 Neželeni učinki</s>
<s id="s125.1">Pojav neželenih učinkov je večinoma posledica farmakoloških lastnosti zdravila.</s>
<s id="s125.2">Večina neželenih učinkov je bilo prehodnih.</s>
<s id="s126.1">Profil neželenih učinkov v kliničnih preskušanjih pri bolnikih z benigno hiperplazijo prostate je bil podoben kot pri bolnikih s hipertenzijo.</s>
<s id="s127.1">Neželeni učinki, za katere menijo, da so vsaj morda povezani z zdravljenjem, so navedeni spodaj po organskih sistemih in absolutni pogostosti pojavljanja.</s>
<s id="s127.2">Pogostost je opredeljena kot: zelo pogosti (≥ 1/ 10), pogosti (&gt; 1/ 100 do &lt; 1/ 10), občasni (&gt; 1/ 1000 do &lt; 1/ 100), redki (&gt; 1/ 10. 000 do &lt; 1/ 1000), zelo redki (&lt; 1/ 10. 000).</s>
<s id="s128.1">Bolezni krvi in limfatičnega sistema:</s>
<s id="s129.1">10/ 25 Zelo redki: zmanjšanje števila eritrocitov, levkocitov in trombocitov</s>
<s id="s130.1">Presnovne in prehranske motnje:</s>
<s id="s130.2">Občasni: žeja, hipokaliemija, protin Redki: hipoglikemija Zelo redki: zvišane vrednosti uree v serumu</s>
<s id="s131.1">Psihiatrične motnje:</s>
<s id="s131.2">Pogosti: apatija Občasni: nočne more, amnezija, čustvena nestabilnost Redki: depresija, agitacija</s>
<s id="s132.1">Bolezni živčevja:</s>
<s id="s132.2">Pogosti: mišični krči, utrujenost, splošno slabo počutje, glavobol, somnolenca Občasni: tremor, otrdelost mišic Redki: parestezija</s>
<s id="s133.1">Očesne bolezni:</s>
<s id="s133.2">Pogosti: motnje akomodacije Občasni: solzenje, fotofobija Redki: zamegljen vid</s>
<s id="s134.1">Ušesne bolezni, vključno z motnjami labirinta:</s>
<s id="s134.2">Občasni: tinitus</s>
<s id="s135.1">Srčne bolezni:</s>
<s id="s135.2">Pogosti: palpitacije, bolečine v prsnem košu Občasni: aritmija, angina pektoris, bradikardija, tahikardija, miokardni infarkt</s>
<s id="s136.1">Žilne bolezni:</s>
<s id="s136.2">Pogosti: omotica, vrtoglavica, edem, ortostatska disregulacija Občasni: posturalna hipotenzija, periferna ishemija, sinkopa Redki: cerebrovaskularne motnje</s>
<s id="s137.1">Bolezni dihal, prsnega koša in mediastinalnega prostora:</s>
<s id="s137.2">Pogosti: dispneja, rinitis Občasni: epistaksa, bronhospazmi, kašelj, faringitis Redki: edem grla</s>
<s id="s138.1">Bolezni prebavil:</s>
<s id="s138.2">Pogosti: zaprtje, dispepsija Občasni: anoreksija, povečan apetit, motnje okušanja Redki: neprijeten občutek v trebuhu, driska, bruhanje</s>
<s id="s139.1">Bolezni jeter, žolčnika in žolčevodov:</s>
<s id="s139.2">Redki: ikterus, zvišane vrednosti jetrnih encimov</s>
<s id="s140.1">Bolezni kože in podkožja:</s>
<s id="s140.2">Občasni: alopecija, edem obraza/ splošni edem Redki: izpuščaj, pruritus, purpura</s>
<s id="s141.1">Bolezni mišično- skeletnega sistema, vezivnega tkiva in kosti:</s>
<s id="s141.2">Občasni: bolečine v mišicah, otekanje sklepov/ artralgija, šibkost mišic</s>
<s id="s142.1">Bolezni sečil:</s>
<s id="s143.1">11/ 25 Pogosti: pogost občutek potrebe po uriniranju, pogostejše uriniranje, zapoznela ejakulacija Občasni: inkontinenca, motnje uriniranja, disurija Redki: impotenca, priapizem Zelo redki: zvišane vrednosti kreatinina v serumu</s>
<s id="s144.1">Splošne težave in spremembe na mestu aplikacije:</s>
<s id="s144.2">Pogosti: astenija Občasni: vročinski oblivi, zvišana telesna temperatura/ mrzlica, bledost Redki: nizka telesna temperatura pri starejših bolnikih</s>
<s id="s145.1">Posebno opozorilo:</s>
<s id="s145.2">Na začetku zdravljenja lahko pride do posturalne hipotenzije in v redkih primerih do sinkope, zlasti pri zelo velikih odmerkih, vendar tudi pri ponovnem zdravljenju po premoru.</s>
<s id="s146.1">V razvrstitvah pogostnosti so neželeni učinki navedeni po padajoči resnosti.</s>
<s id="s147.1">4. 9 Preveliko odmerjanje</s>
<s id="s148.1">Simptomi:</s>
<s id="s148.2">Glavobol, vrtoglavica, izguba zavesti, sinkopa, dispneja, hipotenzija, palpitacije, tahikardija, aritmija.</s>
<s id="s148.3">Navzea, bruhanje.</s>
<s id="s148.4">Možna hipoglikemija, hipokaliemija.</s>
<s id="s149.1">Zdravljenje:</s>
<s id="s149.2">Simptomatsko zdravljenje.</s>
<s id="s149.3">Temeljit nadzor krvnega tlaka.</s>
<s id="s149.4">Doksazosin se močno veže na beljakovine v plazmi, zato dializa ni indicirana.</s>
<s id="s150.1">5 FARMAKOLOŠKE LASTNOSTI</s>
<s id="s151.1">5. 1 Farmakodinamične lastnosti</s>
<s id="s152.1">Farmakoterapevtska skupina: zaviralci alfa- adrenergičnih receptorjev.</s>
<s id="s152.2">Oznaka ATC:</s>
<s id="s152.3">C02CA04.</s>
<s id="s153.1">Hipertenzija:</s>
<s id="s153.2">Uporaba zdravila Doxazosin Winthrop 4 mg tablete s podaljšanim sproščanjem in povezana imena pri hipertenzivnih bolnikih povzroča klinično pomembno znižanje krvnega tlaka zaradi zmanjšanja sistemskega žilnega upora.</s>
<s id="s153.3">Menijo, da je ta učinek posledica selektivnega blokiranja alfa- adrenergičnih receptorjev v žilah.</s>
<s id="s153.4">Pri odmerjanju enkrat dnevno je klinično pomembno znižanje krvnega tlaka prisotno ves dan in 24 ur po odmerku.</s>
<s id="s153.5">Pri večini bolnikov za nadzor bolezni zadostuje začetni odmerek 4 mg zdravila Doxazosin Winthrop 4 mg tablete s podaljšanim sproščanjem in povezana imena.</s>
<s id="s153.6">Pri bolnikih s hipertenzijo je bilo med zdravljenjem z zdravilom Doxazosin Winthrop 4 mg tablete s podaljšanim sproščanjem in povezana imena znižanje krvnega tlaka v sedečem in stoječem položaju podobno.</s>
<s id="s154.1">Bolniki, ki jemljejo tablete doksazosina s takojšnjim sproščanjem lahko preidejo na zdravilo Doxazosin Winthrop 4 mg tablete s podaljšanim sproščanjem in povezana imena.</s>
<s id="s154.2">Odmerek se lahko poveča, pri tem pa se ohranita učinek in toleranca.</s>
<s id="s155.1">Pri dolgotrajnem zdravljenju s tabletami doksazosina niso opazili habituacije.</s>
<s id="s155.2">Pri dolgotrajnem zdravljenju so redko opazili povečanje aktivnosti renina v plazmi in tahikardijo.</s>
<s id="s156.1">12/ 25 Doksazosin ima ugoden učinek na lipide v krvi ter pomembno poveča razmerje holesterola HDL in skupnega holesterola (pribl.</s>
<s id="s156.2">4– 13% izhodiščne vrednosti), pomembno pa zmanjša količino skupnih gliceridov in skupnega holesterola.</s>
<s id="s156.3">Klinični pomen teh ugotovitev še ni znan.</s>
<s id="s157.1">Pokazali so, da zdravljenje z doksazosinom zmanjša hipertrofijo levega prekata, zavira agregacijo trombocitov in poveča zmogljivost tkivnega aktivatorja plazminogena.</s>
<s id="s157.2">Klinični pomen teh ugotovitev še ni znan.</s>
<s id="s157.3">Poleg tega doksazosin poveča občutljivost za insulin pri bolnikih z okvarjeno občutljivostjo za insulin, vendar tudi klinični pomen teh ugotovitev še ni znan.</s>
<s id="s158.1">Pokazali so, da doksazosin nima neželenih presnovnih učinkov in da je primeren za zdravljenje bolnikov, ki imajo hkrati astmo, diabetes, disfunkcijo levega prekata ali protin.</s>
<s id="s159.1">Hiperplazija prostate:</s>
<s id="s159.2">Uporaba zdravila Doxazosin Winthrop 4 mg tablete s podaljšanim sproščanjem in povezana imena pri bolnikih s hiperplazijo prostate pomembno izboljša urodinamiko in simptome zaradi selektivnega blokiranja alfa- adrenergičnih receptorjev v stromi prostate, kapsuli in vratu mehurja.</s>
<s id="s159.3">Pri večini bolnikov s hiperplazijo prostate za nadzor bolezni zadostuje začetni odmerek.</s>
<s id="s160.1">Doksazosin je učinkovit blokator podtipa 1A alfa- adrenergičnih receptorjev, ki tvorijo več kot 70% adrenergičnih podtipov v prostati.</s>
<s id="s161.1">Znotraj priporočenega intervala odmerkov ima zdravilo Doxazosin Winthrop 4 mg tablete s podaljšanim sproščanjem in povezana imena pri normotenzivnih bolnikih z benigno hiperplazijo prostate (BPH) le manjši učinek na krvni tlak ali pa ga sploh nima.</s>
<s id="s162.1">5. 2 Farmakokinetične lastnosti</s>
<s id="s163.1">Absorpcija:</s>
<s id="s163.2">Po peroralnem jemanju terapevtskih odmerkov se doksazosin v zdravilu Doxazosin Winthrop 4 mg tablete s podaljšanim sproščanjem in povezana imena dobro absorbira, najvišje koncentracije v plazmi pa so postopoma dosežene v 6 do 8 urah po odmerjanju.</s>
<s id="s163.3">Najvišje koncentracije v plazmi so približno ena tretjina koncentracij po uporabi enakega odmerka tablet doksazosina s takojšnjim sproščanjem.</s>
<s id="s163.4">Po 24 urah so koncentracije pred naslednjim odmerkom pri obeh formulacijah podobne.</s>
<s id="s163.5">Farmakokinetične lastnosti doksazosina v zdravilu Doxazosin Winthrop 4 mg tablete s podaljšanim sproščanjem in povezana imena so vzrok za manjše razlike pri koncentracijah v plazmi.</s>
<s id="s163.6">Razmerje najvišjih koncentracij in koncentracij pred naslednjim odmerkom pri zdravilu Doxazosin Winthrop 4 mg tablete s podaljšanim sproščanjem in povezana imena je manjše kot polovica razmerja pri tabletah doksazosina s takojšnjim sproščanjem.</s>
<s id="s163.7">V stanju dinamičnega ravnovesja je relativna biološka uporabnost doksazosina v zdravilu Doxazosin Winthrop 4 mg tablete s podaljšanim sproščanjem in povezana imena 54% relativne biološke uporabnosti doksazosina v tabletah s takojšnjim sproščanjem, pri odmerku 8 mg pa 59%.</s>
<s id="s164.1">Porazdelitev:</s>
<s id="s164.2">Približno 98% doksazosina se veže na beljakovine v plazmi.</s>
<s id="s165.1">Biološka transformacija:</s>
<s id="s165.2">V veliki meri se doksazosin presnavlja, v nespremenjeni obliki se ga izloči &lt; 5%.</s>
<s id="s165.3">Doksazosin se presnavlja predvsem z O- demetilacijo in hidroksilacijo.</s>
<s id="s166.1">Izločanje:</s>
<s id="s166.2">Izločanje iz plazme je dvofazno, končni razpolovni čas izločanja je 22 ur, kar omogoča odmerjanje enkrat dnevno.</s>
<s id="s167.1">Starejši bolniki:</s>
<s id="s167.2">Farmakokinetične študije doksazosina pri starejših bolnikih niso pokazale pomembnih razlik v primerjavi z mlajšimi bolniki.</s>
<s id="s167.3">13/ 25 Bolniki z ledvično okvaro:</s>
<s id="s167.4">Farmakokinetične študije tablet doksazosina pri bolnikih z ledvično okvaro niso pokazale pomembnih razlik v primerjavi z uporabo pri bolnikih z normalnim delovanjem ledvic.</s>
<s id="s168.1">Bolniki z jetrno okvaro:</s>
<s id="s168.2">Podatki o bolnikih z jetrno okvaro in učinku zdravil, ki vplivajo na presnovo v jetrih (npr. cimetidin), so omejeni.</s>
<s id="s168.3">V klinični študiji pri 12 bolnikih z zmerno jetrno okvaro je uporaba enega odmerka doksazosina povzročila povečanje vrednosti AUC za 43% in zmanjšanje peroralnega očistka za približno 40%.</s>
<s id="s168.4">Pri zdravljenju bolnikov z jetrno okvaro z doksazosinom je treba biti previden (glejte poglavje 4. 4).</s>
<s id="s169.1">5. 3 Predklinični podatki o varnosti</s>
<s id="s170.1">Predklinični podatki na osnovi običajnih študij farmakološke varnosti, toksičnosti pri ponavljajočih se odmerkih, genotoksičnosti in kancerogenega potenciala ne kažejo posebnega tveganja za človeka.</s>
<s id="s170.2">Študije na brejih kuncih in podganah, pri katerih so uporabili dnevne odmerke, ki so povzročili koncentracije v plazmi, pri katerih so bile vrednosti Cmax 4- krat, vrednosti AUC pa 10- krat večje od izpostavljenosti pri človeku, niso pokazale dokazov za poškodbe ploda.</s>
<s id="s170.3">Odmerki 82 mg/ kg/ dan (8- kratna izpostavljenost pri človeku) so bili povezani z zmanjšanim preživetjem fetusov.</s>
<s id="s171.1">V študijah na doječih podganah, ki so jim dali enkratni peroralni odmerek radioaktivnega doksazosina, so ugotovili kopičenje v mleku, kjer je bila najvišja koncentracija približno 20- krat višja od koncentracije v plazmi matere.</s>
<s id="s171.2">Ugotovili so, da po peroralni uporabi označenega doksazosina pri brejih podganah, radioaktivnost prehaja v placento.</s>
<s id="s172.1">6 FARMACEVTSKI PODATKI</s>
<s id="s173.1">6. 1 Seznam pomožnih snovi</s>
<s id="s174.1">Polietilenoksid Celuloza, mikrokristalna Povidon α- tokoferol Butilhidroksitoluen (E 321) Silicijev dioksid, koloidni, brezvodni Natrijev stearilfumarat Kopolimer metakrilne kisline (Eudragir L30 D- 55) Makrogol 1300- 1600 Titanov dioksid (E 171)</s>
<s id="s175.1">6. 2 Inkompatibilnosti</s>
<s id="s176.1">Navedba smiselno ni potrebna.</s>
<s id="s177.1">6. 3 Rok uporabnosti</s>
<s id="s178.1">3 leta.</s>
<s id="s179.1">14/ 25 6. 4 Posebna navodila za shranjevanje</s>
<s id="s180.1">Za shranjevanje zdravila niso potrebna posebna navodila.</s>
<s id="s181.1">6. 5 Vrsta ovojnine in vsebina</s>
<s id="s182.1">Pretisni omot iz PVC/ PVDC/ aluminija.</s>
<s id="s182.2">Velikosti pakiranj:</s>
<s id="s182.3">28, 30 in 100 tablet.</s>
<s id="s182.4">Na trgu ni vseh navedenih pakiranj.</s>
<s id="s183.1">6. 6 Posebni varnostni ukrepi za odstranjevanje</s>
<s id="s184.1">Ni posebnih zahtev.</s>
<s id="s185.1">7 IMETNIK DOVOLJENJA ZA PROMET</s>
<s id="s186.1">[Izpolni država članica]</s>
<s id="s187.1">8 ŠTEVILKA (ŠTEVILKE) DOVOLJENJA (DOVOLJENJ) ZA PROMET</s>
<s id="s188.1">[Izpolni država članica]</s>
<s id="s189.1">9 DATUM PRIDOBITVE/ PODALJŠANJA DOVOLJENJA ZA PROMET</s>
<s id="s190.1">[Izpolni država članica]</s>
<s id="s191.1">10 DATUM ZADNJE REVIZIJE BESEDILA</s>
<s id="s192.1">[Izpolni država članica]</s>
<s id="s193.1">15/ 25 OZNAČEVANJE</s>
<s id="s194.1">16/ 25 PODATKI NA ZUNANJI OVOJNINI</s>
<s id="s195.1">ŠKATLA</s>
<s id="s196.1">1.</s>
<s id="s196.2">IME ZDRAVILA</s>
<s id="s197.1">Doxazosin Winthrop 4 mg tablete s podaljšanim sproščanjem in povezana imena [glejte Dodatek I] doksazosin</s>
<s id="s198.1">2.</s>
<s id="s198.2">NAVEDBA ENE ALI VEČ ZDRAVILNIH UČINKOVIN</s>
<s id="s199.1">Vsaka tableta s podaljšanim sproščanjem vsebuje 4 mg doksazosina (v obliki mesilata).</s>
<s id="s200.1">3.</s>
<s id="s200.2">SEZNAM POMOŽNIH SNOVI</s>
<s id="s201.1">4.</s>
<s id="s201.2">FARMACEVTSKA OBLIKA IN VSEBINA</s>
<s id="s202.1">28 tablet s podaljšanim sproščanjem 30 tablet s podaljšanim sproščanjem 100 tablet s podaljšanim sproščanjem</s>
<s id="s203.1">5.</s>
<s id="s203.2">POSTOPEK IN POT( I) UPORABE ZDRAVILA</s>
<s id="s204.1">Peroralna uporaba.</s>
<s id="s204.2">Pred uporabo preberite priloženo navodilo.</s>
<s id="s205.1">6.</s>
<s id="s205.2">POSEBNO OPOZORILO O SHRANJEVANJU ZDRAVILA ZUNAJ DOSEGA IN POGLEDA OTROK</s>
<s id="s206.1">Zdravilo shranjujte nedosegljivo otrokom!</s>
<s id="s207.1">7.</s>
<s id="s207.2">DRUGA POSEBNA OPOZORILA, ČE SO POTREBNA</s>
<s id="s208.1">8.</s>
<s id="s208.2">DATUM IZTEKA ROKA UPORABNOSTI ZDRAVILA</s>
<s id="s209.1">Uporabno do:</s>
<s id="s210.1">9.</s>
<s id="s210.2">POSEBNA NAVODILA ZA SHRANJEVANJE</s>
<s id="s211.1">10.</s>
<s id="s211.2">POSEBNI VARNOSTNI UKREPI ZA ODSTRANJEVANJE NEUPORABLJENIH ZDRAVIL ALI IZ NJIH NASTALIH ODPADNIH SNOVI, KADAR SO POTREBNI</s>
<s id="s212.1">11.</s>
<s id="s212.2">IME IN NASLOV IMETNIKA DOVOLJENJA ZA PROMET Z ZDRAVILOM 17/ 25 [Izpolni država članica]</s>
<s id="s213.1">12.</s>
<s id="s213.2">ŠTEVILKA( E) DOVOLJENJA (DOVOLJENJ) ZA PROMET</s>
<s id="s214.1">[Izpolni država članica]</s>
<s id="s215.1">13.</s>
<s id="s215.2">ŠTEVILKA SERIJE</s>
<s id="s216.1">Serija</s>
<s id="s217.1">14.</s>
<s id="s217.2">NAČIN IZDAJANJA ZDRAVILA</s>
<s id="s218.1">[Izpolni država članica]</s>
<s id="s219.1">15.</s>
<s id="s219.2">NAVODILA ZA UPORABO</s>
<s id="s220.1">16.</s>
<s id="s220.2">PODATKI V BRAILLOVI PISAVI</s>
<s id="s221.1">[Izpolni država članica]</s>
<s id="s222.1">18/ 25 PODATKI, KI MORAJO BITI NAJMANJ NAVEDENI NA PRETISNEM OMOTU ALI DVOJNEM TRAKU</s>
<s id="s223.1">PRETISNI OMOT</s>
<s id="s224.1">1.</s>
<s id="s224.2">IME ZDRAVILA</s>
<s id="s225.1">Doxazosin Winthrop 4 mg tablete s podaljšanim sproščanjem in povezana imena [glejte Dodatek I] doksazosin</s>
<s id="s226.1">2.</s>
<s id="s226.2">IME IMETNIKA DOVOLJENJA ZA PROMET Z ZDRAVILOM</s>
<s id="s227.1">[Izpolni država članica]</s>
<s id="s228.1">3.</s>
<s id="s228.2">DATUM IZTEKA ROKA UPORABNOSTI ZDRAVILA</s>
<s id="s229.1">Uporabno do:</s>
<s id="s230.1">4.</s>
<s id="s230.2">ŠTEVILKA SERIJE</s>
<s id="s231.1">Serija</s>
<s id="s232.1">5.</s>
<s id="s232.2">DRUGI PODATKI</s>
<s id="s233.1">19/ 25 NAVODILO ZA UPORABO</s>
<s id="s234.1">20/ 25 NAVODILO ZA UPORABO</s>
<s id="s235.1">Doxazosin Winthrop 4 mg tablete s podaljšanim sproščanjem in povezana imena [glejte Dodatek I] (doksazosin)</s>
<s id="s236.1">Pred začetkom jemanja natančno preberite navodilo!</s>
<s id="s237.1">- Navodilo shranite.</s>
<s id="s237.2">Morda ga boste želeli ponovno prebrati.</s>
<s id="s238.1">- Če imate dodatna vprašanja, se posvetujte z zdravnikom ali s farmacevtom.</s>
<s id="s239.1">- Zdravilo je bilo predpisano vam osebno in ga NE smete dajati drugim.</s>
<s id="s239.2">Njim bi lahko celo škodovalo,</s>
<s id="s240.1">čeprav imajo znake bolezni, podobne vašim.</s>
<s id="s241.1">- Če kateri koli neželeni učinek postane resen ali če opazite kateri koli neželeni učinek, ki ni omenjen v</s>
<s id="s242.1">tem navodilu, obvestite svojega zdravnika ali farmacevta.</s>
<s id="s243.1">Navodilo vsebuje:</s>
<s id="s243.2">1.</s>
<s id="s243.3">Kaj je zdravilo Doxazosin Winthrop 4 mg tablete s podaljšanim sproščanjem in povezana imena in za kaj ga uporabljamo 2.</s>
<s id="s243.4">Kaj morate vedeti, preden boste vzeli zdravilo Doxazosin Winthrop 4 mg tablete s podaljšanim sproščanjem in povezana imena 3.</s>
<s id="s243.5">Kako jemati zdravilo Doxazosin Winthrop 4 mg tablete s podaljšanim sproščanjem in povezana imena 4.</s>
<s id="s243.6">Možni neželeni učinki 5.</s>
<s id="s243.7">Shranjevanje zdravila Doxazosin Winthrop 4 mg tablete s podaljšanim sproščanjem in povezana imena 6.</s>
<s id="s243.8">Dodatne informacije</s>
<s id="s244.1">1 KAJ JE ZDRAVILO DOXAZOSIN WINTHROP 4 MG TABLETE S PODALJŠANIM SPROŠČANJEM IN POVEZANA IMENA IN ZA KAJ GA UPORABLJAMO</s>
<s id="s245.1">Doksazosin spada v skupino zdravil, imenovanih alfa- blokatorji, lahko pa se uporablja za zdravljenje povišanega krvnega tlaka ali simptomov, ki jih povzroča povečanje prostate pri moških.</s>
<s id="s246.1">Pri bolnikih, ki jemljejo zdravilo Doxazosin Winthrop 4 mg tablete s podaljšanim sproščanjem in povezana imena za zdravljenje visokega krvnega tlaka (hipertenzije), doksazosin deluje tako, da sprošča krvne žile, kar olajša pretok krvi skoznje in zniža krvni tlak.</s>
<s id="s247.1">Pri bolnikih s povečano prostato je pogosti neželeni učinek šibko in/ ali pogosto uriniranje.</s>
<s id="s247.2">Zdravilo Doxazosin Winthrop 4 mg tablete s podaljšanim sproščanjem in povezana imena deluje tako, da sprošča mišice okoli izvodila mehurja in prostate, kar olajša uriniranje.</s>
<s id="s248.1">2 KAJ MORATE VEDETI, PREDEN BOSTE VZELI ZDRAVILO DOXAZOSIN WINTHROP 4 MG TABLETE S PODALJŠANIM SPROŠČANJEM IN POVEZANA IMENA</s>
<s id="s249.1">Ne jemljite zdravila Doxazosin Winthrop 4 mg tablete s podaljšanim sproščanjem in povezana imena:</s>
<s id="s250.1">21/ 25 • če ste kdaj imeli alergijsko reakcijo (npr. srbenje, rdečico kože ali težave pri dihanju) na zdravilno učinkovino doksazosin ali katero koli zgoraj navedeno sestavino zdravila Doxazosin Winthrop 4 mg tablete s podaljšanim sproščanjem in povezana imena; • če veste, da ste občutljivi za kinazoline (npr. prazosin, terazosin), kemijsko skupino zdravil, v katero spada doksazosin; • če dojite; • če imate kakršno koli obliko zastoja ali zapore sečil, kronično vnetje sečil ali kamne v mehurju; • če imate težave z ledvicami, prelivno inkontinenco (ne čutite potrebe po uriniranju) ali anurijo (vaše telo ne proizvaja urina); • če imate ali ste v preteklosti imeli kakršno koli obliko zapore prebavil.</s>
<s id="s251.1">Bodite posebno pozorni pri jemanju zdravila Doxazosin Winthrop 4 mg tablete s podaljšanim sproščanjem in povezana imena: • če imate bolezen srca; • če imate bolezen jeter; • če imate diabetično avtonomno nevropatijo, bolezen, povezano s sladkorno boleznijo, ki vpliva na živčevje.</s>
<s id="s252.1">Pred kirurškim posegom in anestezijo, tudi pri zobozdravniku, morate zdravniku ali zobozdravniku povedati, da jemljete zdravilo Doxazosin Winthrop 4 mg tablete s podaljšanim sproščanjem in povezana imena.</s>
<s id="s253.1">Uporaba zdravila Doxazosin Winthrop 4 mg tablete s podaljšanim sproščanjem in povezana imena pri otrocih zaradi pomanjkanja kliničnih izkušenj ni priporočena.</s>
<s id="s254.1">Jemanje drugih zdravil Povejte zdravniku, če že jemljete katero koli izmed naslednjih zdravil: • druga zdravila za znižanje krvnega tlaka; • zdravila proti bolečinam, imenovana protivnetna zdravila (nesteroidni antirevmatiki), npr. ibuprofen; • zdravila, ki vsebujejo estrogen; • zdravila, ki vsebujejo dopamin, metaraminol, metoksamin, adrenalin (epinefrin); zdravila proti kašlju in prehladu, ker lahko vsebujejo efedrin ali fenilefrin.</s>
<s id="s255.1">Obvestite svojega zdravnika ali farmacevta, če jemljete ali ste pred kratkim jemali katero koli zdravilo, tudi če ste ga dobili brez recepta.</s>
<s id="s256.1">Jemanje zdravila Doxazosin Winthrop 4 mg tablete s podaljšanim sproščanjem in povezana imena skupaj s hrano in pijačo Zdravilo Doxazosin Winthrop 4 mg tablete s podaljšanim sproščanjem in povezana imena lahko jemljete s hrano ali po obroku.</s>
<s id="s257.1">Nosečnost in dojenje Zdravila Doxazosin Winthrop 4 mg tablete s podaljšanim sproščanjem in povezana imena ne jemljite, če ste noseči ali če dojite.</s>
<s id="s257.2">Preden ga vzamete, se posvetujte z zdravnikom.</s>
<s id="s258.1">Vpliv na sposobnost upravljanja vozil in strojev Zdravilo Doxazosin Winthrop 4 mg tablete s podaljšanim sproščanjem in povezana imena lahko vpliva na sposobnost vožnje ali upravljanja strojev, zlasti na začetku jemanja tablet.</s>
<s id="s259.1">3 KAKO JEMATI ZDRAVILO DOXAZOSIN WINTHROP 4 MG TABLETE S PODALJŠANIM SPROŠČANJEM IN POVEZANA IMENA</s>
<s id="s260.1">Pri jemanju zdravila Doxazosin Winthrop 4 mg tablete s podaljšanim sproščanjem in povezana imena natančno upoštevajte zdravnikova navodila.</s>
<s id="s260.2">Če ste negotovi, se posvetujte z zdravnikom ali s farmacevtom.</s>
<s id="s260.3">Običajen odmerek zdravila Doxazosin Winthrop 4 mg tablete s podaljšanim sproščanjem in povezana imena</s>
<s id="s261.1">22/ 25 je ena tableta v obliki enega odmerka vsak dan.</s>
<s id="s261.2">Zdravnik bo morda povečal odmerek na 8 mg.</s>
<s id="s261.3">To je največji odmerek zdravila Doxazosin Winthrop 4 mg tablete s podaljšanim sproščanjem in povezana imena.</s>
<s id="s262.1">Tablete je treba pogoltniti cele.</s>
<s id="s262.2">Ne žvečite jih in jih ne zdrobite.</s>
<s id="s262.3">Zdravilo Doxazosin Winthrop 4 mg tablete s podaljšanim sproščanjem in povezana imena lahko jemljete kadar koli čez dan, s hrano ali po obroku.</s>
<s id="s262.4">Izberite si čas, ki vam ustreza, in jih jemljite ob tem času vsak dan.</s>
<s id="s262.5">Ne spremenite odmerka in ne prenehajte jemati tablet, dokler se ne posvetujete z zdravnikom.</s>
<s id="s263.1">Če ste vzeli večji odmerek zdravila Doxazosin Winthrop 4 mg tablete s podaljšanim sproščanjem in povezana imena, kot bi smeli.</s>
<s id="s263.2">Če vzamete preveč tablet hkrati, se boste mogoče počutili slabo.</s>
<s id="s263.3">Če vzamete preveč tablet, takoj povejte zdravniku ali obiščite najbližji bolnišnični nezgodni oddelek.</s>
<s id="s264.1">Če ste pozabili vzeti zdravilo Doxazosin Winthrop 4 mg tablete s podaljšanim sproščanjem in povezana imena:</s>
<s id="s264.2">Ne skrbite.</s>
<s id="s264.3">Če pozabite vzeti tableto, spustite odmerek v celoti.</s>
<s id="s264.4">Nato nadaljujte jemanje tako kot prej.</s>
<s id="s265.1">Če ste prenehali jemati zdravilo Doxazosin Winthrop 4 mg tablete s podaljšanim sproščanjem in povezana imena:</s>
<s id="s265.2">Tablete jemljite, dokler vam zdravnik ne naroči, da prenehate.</s>
<s id="s266.1">Če imate dodatna vprašanja o uporabi zdravila, se posvetujte z zdravnikom ali s farmacevtom.</s>
<s id="s267.1">4 MOŽNI NEŽELENI UČINKI</s>
<s id="s268.1">Kot vsa zdravila lahko tudi zdravilo Doxazosin Winthrop 4 mg tablete s podaljšanim sproščanjem in povezana imena povzroči neželene učinke, ki pa se ne pojavijo pri vseh bolnikih.</s>
<s id="s269.1">Poročali so o naslednjih neželenih učinkih:</s>
<s id="s270.1">Med pogostimi neželenimi učinki, ki so jih opazili pri več kot 1 bolniku od 100, vendar manj kot 1 bolniku od 10, so apatija, mišični krči, utrujenost, splošno slabo počutje ali šibkost, glavobol, zaspanost, težave z ostrino vida, razbijanje srca, bolečine v prsnem košu, vrtoglavica, omotica, otekanje, omedlevica ali vrtoglavica pri vstajanju iz sedečega ali ležečega položaja (ortostatska disregulacija), zasoplost, izcedek iz nosu (rinitis), zaprtje, prebavne motnje, povečana želja ali potreba po uriniranju in zapoznela ejakulacija, oslabelost (astenija).</s>
<s id="s271.1">Med občasnimi neželenimi učinki, ki so jih opazili pri več kot 1 bolniku od 1000, vendar manj kot 1 bolniku od 100, so nizke ravni kalija v krvi, protin, povečana žeja, nočne more, pozabljivost (amnezija), čustvena nestabilnost, tresenje, otrdelost mišic, povečano solzenje, nenavadna preobčutljivost za svetlobo, zvenenje v ušesih (tinitus), srčna undulacija (plapolanje), angina pektoris, pospešeno ali upočasnjeno bitje srca, srčna kap, nizek krvni pritisk, zlasti pri vstajanju iz sedečega ali ležečega položaja, zmanjšan dovod krvi v okončine, vrtoglavica ob vstajanju (sinkopa), krvavitve iz nosu, stiskanje v prsnem košu, kašelj, vnetje grla, zmanjšanje ali povečanje apetita, motnje okušanja, izguba las, otekanje obraza in sklepov, bolečine v mišicah, zatekanje in bolečina v sklepih (artralgija), mišična šibkost, inkontinenca, težave ali bolečine pri uriniranju, vročinski oblivi, zvišana telesna temperatura (mrzlica) in bledica.</s>
<s id="s272.1">Med redkimi neželenimi učinki, ki so jih opazili pri več kot 1 bolniku od 10. 000, vendar manj kot 1 bolniku od 1000, so nizke ravni sladkorja v krvi, depresija, nemir (agitacija), mravljinčenje, zamegljen vid, možganska kap (cerebrovaskularne motnje), otekanje grla, bolečina v trebuhu, driska, bruhanje, zlatenica, zvišane ravni jetrnih encimov v krvi, izpuščaj, srbenje ali rdečica kože, impotenca, boleča, vztrajna erekcija in nizka telesna temperatura (zlasti pri starejših bolnikih).</s>
<s id="s273.1">23/ 25 Med zelo redkimi neželenimi učinki, ki so jih opazili pri manj kot 1 bolniku od 10. 000, so zmanjšanje števila eritrocitov, levkocitov in trombocitov v krvi ter zvišanje ravni uree in kreatinina v krvi.</s>
<s id="s274.1">Morda boste čutili omedlevico ali vrtoglavico ob vstajanju iz sedečega ali ležečega položaja, zlasti na začetku zdravljenja ali po nadaljevanju zdravljenja po premoru.</s>
<s id="s274.2">Če se to zgodi, ne skrbite, vendar pa zagotovite, da ne boste vozili avtomobila, upravljali strojev ali opravljali dejavnosti, ki bi lahko bile nevarne, če bi čutili omedlevico.</s>
<s id="s274.3">Če ti simptomi ne izginejo ali postanejo težava, se posvetujte z zdravnikom.</s>
<s id="s275.1">Če kateri koli neželeni učinek postane resen ali če opazite kateri koli neželeni učinek, ki ni omenjen v tem navodilu, obvestite svojega zdravnika ali farmacevta.</s>
<s id="s276.1">5 SHRANJEVANJE ZDRAVILA DOXAZOSIN WINTHROP 4 MG TABLETE S PODALJŠANIM SPROŠČANJEM IN POVEZANA IMENA</s>
<s id="s277.1">Zdravilo shranjujte nedosegljivo otrokom!</s>
<s id="s278.1">Zdravila ne smete uporabljati po izteku roka uporabnosti, ki je naveden na škatli.</s>
<s id="s279.1">Za shranjevanje zdravila niso potrebna posebna navodila.</s>
<s id="s279.2">Zdravil ne smete odstraniti v odpadne vode ali gospodinjske odpadke.</s>
<s id="s279.3">O načinu odstranjevanja zdravila, ki ga ne potrebujete več, se posvetujte s farmacevtom.</s>
<s id="s279.4">Takšni ukrepi pomagajo varovati okolje.</s>
<s id="s280.1">6 DODATNE INFORMACIJE</s>
<s id="s281.1">Kaj vsebuje zdravilo Doxazosin Winthrop 4 mg tablete s podaljšanim sproščanjem in povezana imena:</s>
<s id="s282.1">- Zdravilna učinkovina je doksazosinijev mesilat.</s>
<s id="s282.2">Vsaka tableta vsebuje zdravilno učinkovino</s>
<s id="s283.1">doksazosinijev mesilat, ki ustreza 4 mg doksazosina.</s>
<s id="s284.1">- Pomožne snovi so: zmesi pripravkov iz polietilenoksida, ki vsebujejo butilhidroksitoluen (E 321),</s>
<s id="s285.1">mikrokristalna celuloza, povidon, α- tokoferol, koloidni brezvodni silicijev dioksid in natrijev stearilfumarat.</s>
<s id="s285.2">Obloga tablete vsebuje kopolimer metakrilne kisline, silicijev dioksid, koloidni, brezvodni, makrogol in titanov dioksid (E 171).</s>
<s id="s286.1">Izgled zdravila Doxazosin Winthrop 4 mg tablete s podaljšanim sproščanjem in povezana imena in vsebina pakiranja Vaše zdravilo je v obliki okroglih, bikonveksnih tablet s podaljšanim sproščanjem.</s>
<s id="s286.2">Zdravilo Doxazosin Winthrop 4 mg tablete s podaljšanim sproščanjem in povezana imena je na voljo v pretisnih omotih po 28, 30 in 100 tablet.</s>
<s id="s287.1">Imetnik dovoljenja za promet z zdravilom in izdelovalec:</s>
<s id="s287.2">Imetnik dovoljenja za promet z zdravilom:</s>
<s id="s287.3">[Izpolni država članica]</s>
<s id="s288.1">Izdelovalec:</s>
<s id="s288.2">Chapeltown Distribution Centre 51 Cart Road, Chapeltown, Sheffield, S35 2PF Velika Britanija</s>
<s id="s289.1">24/ 25 Zdravilo je pridobilo dovoljenje za promet v državah članicah EGP pod naslednjimi imeni:</s>
<s id="s289.2">[Podatke je treba dopolniti ob zaključku postopka]</s>
<s id="s290.1">Navodilo je bilo odobreno [Izpolni država članica].</s>
<s id="s291.1">25/ 25</s>
</body>
</letsmt>
