<?xml version="1.0" encoding="utf-8"?>
<letsmt version="1.0">
<head></head>
<body>
<s id="s1.1">ANNEX I</s>
<s id="s2.1">NAME, PHARMACEUTICAL FORM, STRENGTH OF THE MEDICINAL PRODUCT, ANIMAL SPECIES, ROUTES OF ADMINISTRATION, AND MARKETING AUTHORISATION HOLDER</s>
<s id="s3.1">1/ 7 Applicant or Marketing Authorisation Holder</s>
<s id="s4.1">Product invented name</s>
<s id="s5.1">Pharmaceutical form</s>
<s id="s6.1">Strength</s>
<s id="s7.1">Animal Frequency and species route of administration</s>
<s id="s8.1">Recommended dose</s>
<s id="s9.1">Eurovet animal Health B. V.</s>
<s id="s10.1">Solacyl 100% powder for oral solution</s>
<s id="s11.1">powder</s>
<s id="s12.1">100%</s>
<s id="s13.1">Calves oral and pigs</s>
<s id="s14.1">Calves:</s>
<s id="s14.2">20 mg sodium salicylate per kg bodyweight twice daily, for 1 to 3 days.</s>
<s id="s14.3">Administration: orally in drinking water or milk(replacer).</s>
<s id="s14.4">Pigs:</s>
<s id="s14.5">35 mg sodium salicylate per kg bodyweight per day, for 3 to 5 days.</s>
<s id="s14.6">Administration: orally in drinking water.</s>
<s id="s15.1">Alternatively Solacyl can also be administered with the drinking water as pulse medication.</s>
<s id="s15.2">Half of the calculated total daily amount of powder is mixed with 5-10 litres of clean water and stirred until evenly dispersed.</s>
<s id="s15.3">This solution is then added, whilst stirring, into an amount of drinking water that will be consumed within approximately 3-4 hours and administered twice daily.</s>
<s id="s16.1">2/ 7 ANNEX II</s>
<s id="s17.1">SCIENTIFIC CONCLUSIONS</s>
<s id="s18.1">3/ 7 SCIENTIFIC CONCLUSIONS</s>
<s id="s19.1">1.</s>
<s id="s19.2">Introduction and background</s>
<s id="s20.1">The Netherlands, reference member state in the decentralised procedure, notified the EMEA on 26 November 2007 that the Co-ordination Group for Mutual Recognition and Decentralised Procedures - Veterinary (CMD(v)) failed to reach an agreement for Solacyl 100% powder for oral solution.</s>
<s id="s20.2">Pursuant to Article 33(4) of Council Directive 2001/ 82/ EC, as amended, the matter was referred to the CVMP.</s>
<s id="s21.1">Ireland considers that, due to the absence of efficacy documentation it cannot be assumed that the product is efficacious and that this as such presents a potential serious risk to animal health.</s>
<s id="s22.1">CVMP noted that Solacyl 100% powder for oral solution is a generic of Natrium salicylaat (authorised in The Netherlands) and that the concerns raised by Ireland could only be addressed in the framework of this procedure, in case any differences between both products would justify different conclusions on the safety or efficacy.</s>
<s id="s23.1">CVMP started the referral procedure on 11 December 2007 and agreed on a 37 day time frame.</s>
<s id="s23.2">A List of Questions was adopted by CVMP and sent to the applicant on 12 December 2007.</s>
<s id="s23.3">The applicant submitted written responses to the List of Questions on 10 January 2008 and the clock was re-started.</s>
<s id="s24.1">On the basis of the grounds for referral CVMP considered any differences between Solacyl 100% powder and the reference product that could justify different conclusions on the efficacy for the two products.</s>
<s id="s25.1">The aim of the assessment is to establish whether marketing authorisations of veterinary medicinal products included in the referral procedure should be maintained, suspended, varied or revoked with view to the grounds for referral.</s>
<s id="s26.1">2.</s>
<s id="s26.2">Discussion</s>
<s id="s27.1">The applicant was requested to provide the following information:</s>
<s id="s28.1">1.</s>
<s id="s28.2">The application dossier and any data added to it up to Day 60 of the referral procedure in CMD(v) to be provided to all CVMP Members and the EMEA.</s>
<s id="s29.1">2.</s>
<s id="s29.2">To indicate and to substantiate where necessary, any differences between Solacyl 100% powder and the reference product that could justify different conclusions on the efficacy for the two products.</s>
<s id="s30.1">In response to question 1, the applicant provided a copy of the original dossier as submitted in support of the application of a decentralised procedure, and the supplementary data submitted during the decentralised procedure in response to the phase I and phase II assessment and the referral procedure in CMD(v) thereafter.</s>
<s id="s31.1">In response to question 2, the applicant answered that Solacyl 100% powder for oral solution is identical to the reference product and that there is no reason to reach different conclusions on the efficacy of the two products.</s>
<s id="s32.1">4/ 7 3.</s>
<s id="s32.2">Conclusions and Recommendations</s>
<s id="s33.1">Solacyl 100% powder for oral solution proved to be essentially similar to the reference product, Natrium salicylaat 100%.</s>
<s id="s33.2">Consequently, the same conclusions on efficacy and safety apply to both products.</s>
<s id="s33.3">The objections raised by Ireland should not prevent the granting of a marketing authorisation for Solacyl 100% powder for oral solution for calves and pigs.</s>
<s id="s34.1">It is recommended that Solacyl 100% powder for oral solution for calves and pigs should follow the outcome of the Community Referral according to Article 35(2) for sodium salicylate-containing oral soluble powders.</s>
<s id="s35.1">5/ 7 ANNEX III</s>
<s id="s36.1">SUMMARY OF PRODUCT CHARACTERISTICS, LABELLING AND PACKAGE INSERT</s>
<s id="s37.1">6/ 7 The valid Summary of Product Characteristics, labelling and package leaflet are the versions agreed by the Reference Member State and Concerned Member States (except Ireland) at day 210 of the decentralised procedure.</s>
<s id="s38.1">7/ 7</s>
</body>
</letsmt>
