<?xml version="1.0" encoding="utf-8"?>
<letsmt version="1.0">
<head></head>
<body>
<s id="s1.1">European Medicines Agency Evaluation of Medicines for Human Use</s>
<s id="s2.1">London, 23. oktober 2007 EMEA/ 331678/ 2007</s>
<s id="s3.1">ODBOR ZA ZDRAVILA ZA UPORABO V HUMANI MEDICINI (CHMP)</s>
<s id="s4.1">MNENJE V ZVEZI Z NAPOTITVIJO V SKLADU S ČLENOM 29( 4) 1 ZA Fentanyl- ratiopharm 25/ 50/ 75/ 100 µg/ h TTS in z njim povezana imena</s>
<s id="s5.1">Mednarodno nelastniško ime (INN): fentanil</s>
<s id="s6.1">OSNOVNE INFORMACIJE</s>
<s id="s7.1">Fentanyl- ratiopharm 25/ 50/ 75/ 100 µg/ h TTS in z njim povezana imena so opioidni analgetiki, indicirani za hude kronične bolečine, ki jih je mogoče primerno blažiti le z opioidnimi analgetiki.</s>
<s id="s8.1">Družba Ratiopharm GmbH je predložila vlogo za postopek medsebojnega priznavanja zdravila Fentanyl - ratiopharm 25/ 50/ 75/ 100 µg/ h TTS in z njim povezanih imen v obliki transdermalnega obliža na osnovi dovoljenja za promet z zdravilom, ki ga je Nemčija odobrila dne 4. aprila 2006.</s>
<s id="s8.2">Postopek medsebojnega priznavanja se je začel 6. julija 2006.</s>
<s id="s8.3">Referenčna država članica je bila Nemčija, zadevne države članice pa so bile Avstrija, Francija, Nizozemska, Španija in Združeno kraljestvo.</s>
<s id="s8.4">Te države članice niso mogle priti do sporazuma glede medsebojnega priznavanja dovoljenja za promet z zdravilom, ki ga je izdala referenčna država članica.</s>
<s id="s8.5">Nemčija je razloge za nesoglasje predložila agenciji EMEA dne 20. decembra 2006.</s>
<s id="s9.1">Glede predlagane indikacije, odmerjanja in kontraindikacij so bile v podatkih o zdravilu in pri dokazovanju biološke enakovrednosti odkrite znatne razlike, kar predstavlja resen zadržek glede javnega zdravja.</s>
<s id="s9.2">Ta se nanaša na razširitev indikacije na bolnike brez raka, izbiro pretvornih tabel, vprašanje, ali bi bilo treba podati v podatkih o zdravilu tudi kontraindikacije za doječe matere in za medsebojna delovanja z opioidi z delnim agonističnim delovanjem, ter študije, ki so potrebne za dokazovanje biološke enakovrednosti z referenčnim zdravilom.</s>
<s id="s10.1">Postopek arbitraže se je začel 24. januarja 2007 s sprejemom seznama vprašanj.</s>
<s id="s10.2">Poročevalec je bil dr.</s>
<s id="s10.3">Karl Broich, soporočevalec pa je bil dr.</s>
<s id="s10.4">Eric Abadie.</s>
<s id="s10.5">Imetnik dovoljenja za promet z zdravilom je predložil pisna pojasnila dne 13. aprila 2007.</s>
<s id="s11.1">Med svojim zasedanjem julija 2007 je bil CHMP na podlagi vseh predloženih podatkov in znanstvene razprave v okviru Odbora mnenja, da je razmerje med koristmi in tveganji za zdravilo Fentanyl- ratiopharm 25/ 50/ 75/ 100 µg/ h TTS in z njim povezana imena ugodno, da ugovori, ki jih je imela Francija, ne bi smeli preprečiti izdaje dovoljenja za promet z zdravilom in da je treba Povzetek glavnih značilnosti zdravila, označevanje in Navodila za uporabo dopolniti.</s>
<s id="s11.2">Odbor je dne 19. julija 2007 soglasno izdal pozitivno mnenje.</s>
<s id="s12.1">Seznam zadevnih imen zdravil je naveden v Dodatku I.</s>
<s id="s12.2">Znanstveni zaključki so na voljo v Dodatku II, skupaj s Povzetkom glavnih značilnosti zdravila v Dodatku III.</s>
<s id="s13.1">Evropska komisija je končno mnenje spremenila v odločbo dne 23. oktobra 2007.</s>
<s id="s14.1">1 Člen 29( 4) Direktive 2001/ 83/ ES, kakor je bila spremenjena.</s>
<s id="s14.2">7 Westferry Circus, Canary Wharf, London, E14 4HB, UK Tel.</s>
<s id="s14.3">(44- 20) 74 18 84 00 Fax (44- 20) 74 18 86 13 E- mail: mail@ emea. europa. eu http: // www. emea. europa. eu ©EMEA 2007 Reproduction and/ or distribution of this document is authorised for non commercial purposes only provided the EMEA is acknowledged</s>
</body>
</letsmt>
