<?xml version="1.0" encoding="utf-8"?>
<letsmt version="1.0">
<head></head>
<body>
<s id="s1.1">EU evidenčna št.</s>
<s id="s2.1">Zaščiteno ime</s>
<s id="s3.1">Sestava</s>
<s id="s4.1">Farmacevtska oblika</s>
<s id="s5.1">Ciljna živalska vrsta</s>
<s id="s6.1">Načina dajanja</s>
<s id="s7.1">Pakiranje</s>
<s id="s8.1">Vsebina</s>
<s id="s9.1">Pakiranje</s>
<s id="s10.1">Karenca</s>
<s id="s11.1">EU/ 2/ 00/ 019/ 005</s>
<s id="s12.1">Purevax FeLV</s>
<s id="s13.1">FeLV rekombinantni poxvirus kanarčkov (vCP97) ≥ 10 7. 2 CCID50</s>
<s id="s14.1">suspenzija za injiciranje</s>
<s id="s15.1">mačke</s>
<s id="s16.1">subkutano</s>
<s id="s17.1">10 odmerkov</s>
<s id="s18.1">suspenzija za injiciranje</s>
<s id="s19.1">škatla z 10 x 1 prebodnimi stekleničkami</s>
<s id="s20.1">Navedba ni smiselna</s>
<s id="s21.1">EU/ 2/ 00/ 019/ 006</s>
<s id="s22.1">Purevax FeLV</s>
<s id="s23.1">FeLV rekombinantni poxvirus kanarčkov (vCP97) ≥ 10 7. 2 CCID50</s>
<s id="s24.1">suspenzija za injiciranje</s>
<s id="s25.1">mačke</s>
<s id="s26.1">subkutano</s>
<s id="s27.1">20 odmerkov</s>
<s id="s28.1">suspenzija za injiciranje</s>
<s id="s29.1">škatla z 20 x 1 prebodnimi stekleničkami</s>
<s id="s30.1">Navedba ni smiselna</s>
<s id="s31.1">EU/ 2/ 00/ 019/ 007</s>
<s id="s32.1">Purevax FeLV</s>
<s id="s33.1">FeLV rekombinantni poxvirus kanarčkov (vCP97) ≥ 10 7. 2 CCID50</s>
<s id="s34.1">suspenzija za injiciranje</s>
<s id="s35.1">mačke</s>
<s id="s36.1">subkutano</s>
<s id="s37.1">50 odmerkov</s>
<s id="s38.1">suspenzija za injiciranje</s>
<s id="s39.1">škatla s 50 x 1 prebodnimi stekleničkami</s>
<s id="s40.1">Navedba ni smiselna</s>
</body>
</letsmt>
