<?xml version="1.0" encoding="utf-8"?>
<letsmt version="1.0">
<head></head>
<body>
<s id="s1.1">ANNEX I</s>
<s id="s2.1">LIST OF THE NAMES, PHARMACEUTICAL FORM, STRENGTHS OF THE MEDICINAL PRODUCTS, ROUTE OF ADMINISTRATION, MARKETING AUTHORISATION HOLDERS IN THE MEMBER STATES</s>
<s id="s3.1">EMEA/ CHMP/ 123464/ 2006/ΕΝ</s>
<s id="s4.1">1/ 41</s>
<s id="s5.1">© EMEA 2007</s>
<s id="s6.1">Member State</s>
<s id="s7.1">Marketing Authorisation Holder</s>
<s id="s8.1">Product Name</s>
<s id="s9.1">Strength</s>
<s id="s10.1">Pharmaceutical Form</s>
<s id="s11.1">Route of administration</s>
<s id="s12.1">Austria</s>
<s id="s13.1">Allen Pharmazeutika Pharma GmbH, Albert-Schweitzer-Gasse 6 A-1140 Wien Austria</s>
<s id="s14.1">Viani</s>
<s id="s15.1">Diskus forte</s>
<s id="s16.1">50/ 500</s>
<s id="s17.1">Inhalation powder, predispensed</s>
<s id="s18.1">Inhalation use</s>
<s id="s19.1">Austria</s>
<s id="s20.1">Allen Pharmazeutika Pharma GmbH, Albert-Schweitzer-Gasse 6 A-1140 Wien Austria</s>
<s id="s21.1">Viani</s>
<s id="s22.1">Diskus standard</s>
<s id="s23.1">50/ 250</s>
<s id="s24.1">Inhalation powder, predispensed</s>
<s id="s25.1">Inhalation use</s>
<s id="s26.1">Austria</s>
<s id="s27.1">Allen Pharmazeutika Pharma GmbH, Albert-Schweitzer-Gasse 6 A-1140 Wien Austria</s>
<s id="s28.1">Viani</s>
<s id="s29.1">Diskus junior</s>
<s id="s30.1">50/ 100</s>
<s id="s31.1">Inhalation powder, predispensed</s>
<s id="s32.1">Inhalation use</s>
<s id="s33.1">Belgium</s>
<s id="s34.1">GlaxoSmithKline s. a. / n. v.</s>
<s id="s34.2">Rue du Tilleul 13 B-1332 Genval Belgium</s>
<s id="s35.1">Viani</s>
<s id="s36.1">50/ 100 Diskus</s>
<s id="s37.1">50/ 100</s>
<s id="s38.1">Inhalation powder, predispensed</s>
<s id="s39.1">Inhalation use</s>
<s id="s40.1">Belgium</s>
<s id="s41.1">GlaxoSmithKline s. a. / n. v.</s>
<s id="s41.2">Rue du Tilleul 13 B-1332 Genval Belgium</s>
<s id="s42.1">Viani</s>
<s id="s43.1">50/ 250 Diskus</s>
<s id="s44.1">50/ 250</s>
<s id="s45.1">Inhalation powder, predispensed</s>
<s id="s46.1">Inhalation use</s>
<s id="s47.1">Belgium</s>
<s id="s48.1">GlaxoSmithKline s. a. / n. v.</s>
<s id="s48.2">Rue du Tilleul 13 B-1332 Genval Belgium</s>
<s id="s49.1">Viani</s>
<s id="s50.1">50/ 500 Diskus</s>
<s id="s51.1">50/ 500</s>
<s id="s52.1">Inhalation powder, predispensed</s>
<s id="s53.1">Inhalation use</s>
<s id="s54.1">Finland</s>
<s id="s55.1">GlaxoSmithKline Oy Piispansilta 9A, P. O.</s>
<s id="s55.2">Box 24 FIN-02231 Espoo Finland</s>
<s id="s56.1">Viani</s>
<s id="s57.1">Diskus</s>
<s id="s58.1">50/ 100</s>
<s id="s59.1">Inhalation powder, predispensed</s>
<s id="s60.1">Inhalation use</s>
<s id="s61.1">Finland</s>
<s id="s62.1">GlaxoSmithKline Oy Piispansilta 9A, P. O.</s>
<s id="s62.2">Box 24 FIN-02231 Espoo Finland</s>
<s id="s63.1">Viani</s>
<s id="s64.1">Diskus</s>
<s id="s65.1">50/ 250</s>
<s id="s66.1">Inhalation powder, predispensed</s>
<s id="s67.1">Inhalation use</s>
<s id="s68.1">EMEA/ CHMP/ 123464/ 2006/ΕΝ</s>
<s id="s69.1">2/ 41</s>
<s id="s70.1">© EMEA 2007</s>
<s id="s71.1">Finland GlaxoSmithKline Oy Piispansilta 9A, P. O.</s>
<s id="s71.2">Box 24 FIN-02231 Espoo Finland</s>
<s id="s72.1">Viani Diskus</s>
<s id="s73.1">50/ 500</s>
<s id="s74.1">Inhalation powder, predispensed</s>
<s id="s75.1">Inhalation use</s>
<s id="s76.1">France Laboratoire GlaxoSmithKline 100 route de Versailles 78163 Marly-le-roi Cedex France</s>
<s id="s77.1">Viani Diskus</s>
<s id="s78.1">50/ 100</s>
<s id="s79.1">Inhalation powder, predispensed</s>
<s id="s80.1">Inhalation use</s>
<s id="s81.1">France Laboratoire GlaxoSmithKline 100 route de Versailles 78163 Marly- le- roi Cedex France</s>
<s id="s82.1">Viani Diskus</s>
<s id="s83.1">50/ 250</s>
<s id="s84.1">Inhalation powder, predispensed</s>
<s id="s85.1">Inhalation use</s>
<s id="s86.1">France Laboratoire GlaxoSmithKline 100 route de Versailles 78163 Marly-le-roi Cedex France</s>
<s id="s87.1">Viani Diskus</s>
<s id="s88.1">50/ 500</s>
<s id="s89.1">Inhalation powder, predispensed</s>
<s id="s90.1">Inhalation use</s>
<s id="s91.1">Germany</s>
<s id="s92.1">GlaxoSmithKline GmbH &amp; Co KG Theresienhoehe 11 D-80339 Muenchen Germany</s>
<s id="s93.1">Viani Mite 50 µg/ 100 µg Diskus</s>
<s id="s94.1">50/ 100</s>
<s id="s95.1">Inhalation powder, predispensed</s>
<s id="s96.1">Inhalation use</s>
<s id="s97.1">Germany</s>
<s id="s98.1">GlaxoSmithKline GmbH &amp; Co KG Theresienhoehe 11 D-80339 Muenchen Germany</s>
<s id="s99.1">Viani 50 µg/ 250 µg Diskus</s>
<s id="s100.1">50/ 250</s>
<s id="s101.1">Inhalation powder, predispensed</s>
<s id="s102.1">Inhalation use</s>
<s id="s103.1">Germany</s>
<s id="s104.1">GlaxoSmithKline GmbH &amp; Co KG Theresienhoehe 11 D-80339 Muenchen Germany</s>
<s id="s105.1">Viani Forte 50 µg/ 500 µg Diskus</s>
<s id="s106.1">50/ 500</s>
<s id="s107.1">Inhalation powder, predispensed</s>
<s id="s108.1">Inhalation use</s>
<s id="s109.1">Ireland</s>
<s id="s110.1">GlaxoSmithKline (Ireland) Limited Stonemasons Way Rathfarnham Dublin 16 Ireland</s>
<s id="s111.1">Viani Diskus</s>
<s id="s112.1">50/ 100</s>
<s id="s113.1">Inhalation powder, predispensed</s>
<s id="s114.1">Inhalation use</s>
<s id="s115.1">EMEA/ CHMP/ 123464/ 2006/ΕΝ</s>
<s id="s116.1">3/ 41</s>
<s id="s117.1">© EMEA 2007</s>
<s id="s118.1">Ireland GlaxoSmithKline (Ireland) Limited Stonemasons Way Rathfarnham Dublin 16 Ireland</s>
<s id="s119.1">Viani Diskus</s>
<s id="s120.1">50/ 250</s>
<s id="s121.1">Inhalation powder, predispensed</s>
<s id="s122.1">Inhalation use</s>
<s id="s123.1">Ireland GlaxoSmithKline (Ireland) Limited Stonemasons Way Rathfarnham Dublin 16 Ireland</s>
<s id="s124.1">Viani Diskus</s>
<s id="s125.1">50/ 500</s>
<s id="s126.1">Inhalation powder, predispensed</s>
<s id="s127.1">Inhalation use</s>
<s id="s128.1">Italy Menarini International Operations Luxembourg S. A.</s>
<s id="s128.2">1, Avenue de la Gare L-1611 Luxembourg</s>
<s id="s129.1">Aliflus Diskus</s>
<s id="s130.1">50/ 100</s>
<s id="s131.1">Inhalation powder, predispensed</s>
<s id="s132.1">Inhalation use</s>
<s id="s133.1">Italy Menarini International Operations Luxembourg S. A.</s>
<s id="s133.2">1, Avenue de la Gare L-1611 Luxembourg</s>
<s id="s134.1">Aliflus Diskus</s>
<s id="s135.1">50/ 250</s>
<s id="s136.1">Inhalation powder, predispensed</s>
<s id="s137.1">Inhalation use</s>
<s id="s138.1">Italy Menarini International Operations Luxembourg S. A.</s>
<s id="s138.2">1, Avenue de la Gare L-1611 Luxembourg</s>
<s id="s139.1">Aliflus Diskus</s>
<s id="s140.1">50/ 500</s>
<s id="s141.1">Inhalation powder, predispensed</s>
<s id="s142.1">Inhalation use</s>
<s id="s143.1">Luxembourg GlaxoSmithKline s. a. / n. v.</s>
<s id="s143.2">Rue du Tilleul 13, B-1332 Genval, Belgium</s>
<s id="s144.1">Viani 50/ 100 Diskus</s>
<s id="s145.1">50/ 100</s>
<s id="s146.1">Inhalation powder, predispensed</s>
<s id="s147.1">Inhalation use</s>
<s id="s148.1">Luxembourg GlaxoSmithKline s. a. / n. v.</s>
<s id="s148.2">Rue du Tilleul 13 B-1332 Genval Belgium</s>
<s id="s149.1">Viani 50/ 250 Diskus</s>
<s id="s150.1">50/ 250</s>
<s id="s151.1">Inhalation powder, predispensed</s>
<s id="s152.1">Inhalation use</s>
<s id="s153.1">EMEA/ CHMP/ 123464/ 2006/ΕΝ</s>
<s id="s154.1">4/ 41</s>
<s id="s155.1">© EMEA 2007</s>
<s id="s156.1">Luxembourg GlaxoSmithKline s. a. / n. v.</s>
<s id="s156.2">Rue du Tilleul 13 B-1332 Genval Belgium</s>
<s id="s157.1">Viani</s>
<s id="s158.1">50/ 500 Diskus</s>
<s id="s159.1">50/ 500</s>
<s id="s160.1">Inhalation powder, predispensed</s>
<s id="s161.1">Inhalation use</s>
<s id="s162.1">Portugal</s>
<s id="s163.1">Alodial Farmacêutica, Lda.</s>
<s id="s163.2">Estrada Marco do Grilo Zemouto, 2830 Coina Portugal</s>
<s id="s164.1">Veraspir Diskus</s>
<s id="s165.1">50/ 100</s>
<s id="s166.1">Inhalation powder, predispensed</s>
<s id="s167.1">Inhalation use</s>
<s id="s168.1">Portugal</s>
<s id="s169.1">Alodial Farmacêutica, Lda.</s>
<s id="s169.2">Estrada Marco do Grilo Zemouto, 2830 Coina Portugal</s>
<s id="s170.1">Veraspir Diskus</s>
<s id="s171.1">50/ 250</s>
<s id="s172.1">Inhalation powder, predispensed</s>
<s id="s173.1">Inhalation use</s>
<s id="s174.1">Portugal</s>
<s id="s175.1">Alodial Farmacêutica, Lda.</s>
<s id="s175.2">Estrada Marco do Grilo Zemouto, 2830 Coina Portugal</s>
<s id="s176.1">Veraspir Diskus</s>
<s id="s177.1">50/ 500</s>
<s id="s178.1">Inhalation powder, predispensed</s>
<s id="s179.1">Inhalation use</s>
<s id="s180.1">Spain</s>
<s id="s181.1">GlaxoSmithKline SA Parque Tecnologico de Madrid Calle Severo Ochoa 2, 28760 Tres Cantos, Madrid Spain</s>
<s id="s182.1">Brisair Accuhaler</s>
<s id="s183.1">50/ 100</s>
<s id="s184.1">Inhalation powder, predispensed</s>
<s id="s185.1">Inhalation use</s>
<s id="s186.1">Spain</s>
<s id="s187.1">GlaxoSmithKline SA Parque Tecnologico de Madrid Calle Severo Ochoa 2, 28760 Tres Cantos, Madrid Spain</s>
<s id="s188.1">Brisair Accuhaler</s>
<s id="s189.1">50/ 250</s>
<s id="s190.1">Inhalation powder, predispensed</s>
<s id="s191.1">Inhalation use</s>
<s id="s192.1">Spain</s>
<s id="s193.1">GlaxoSmithKline SA Parque Tecnologico de Madrid Calle Severo Ochoa 2, 28760 Tres Cantos, Madrid Spain</s>
<s id="s194.1">Brisair Accuhaler 50</s>
<s id="s195.1">50/ 500</s>
<s id="s196.1">Inhalation powder, predispensed</s>
<s id="s197.1">Inhalation use</s>
<s id="s198.1">EMEA/ CHMP/ 123464/ 2006/ΕΝ</s>
<s id="s199.1">5/ 41</s>
<s id="s200.1">© EMEA 2007</s>
<s id="s201.1">Sweden GlaxoSmithKline AB Box 516, SE-169 29 Solna Sweden</s>
<s id="s202.1">Viani Diskus mite</s>
<s id="s203.1">50/ 100</s>
<s id="s204.1">Inhalation powder, predispensed</s>
<s id="s205.1">Inhalation use</s>
<s id="s206.1">Sweden GlaxoSmithKline AB Box 516, SE-169 29 Solna Sweden</s>
<s id="s207.1">Viani Diskus</s>
<s id="s208.1">50/ 250</s>
<s id="s209.1">Inhalation powder, predispensed</s>
<s id="s210.1">Inhalation use</s>
<s id="s211.1">Sweden GlaxoSmithKline AB Box 516, SE-169 29 Solna Sweden</s>
<s id="s212.1">Viani Diskus forte</s>
<s id="s213.1">50/ 500</s>
<s id="s214.1">Inhalation powder, predispensed</s>
<s id="s215.1">Inhalation use</s>
<s id="s216.1">United Kingdom Glaxo Wellcome UK Limited Stockley Park West, Uxbridge Middlesex UB11 1BT United Kingdom</s>
<s id="s217.1">Viani 100 Accuhaler</s>
<s id="s218.1">50/ 100</s>
<s id="s219.1">Inhalation powder, predispensed</s>
<s id="s220.1">Inhalation use</s>
<s id="s221.1">United Kingdom Glaxo Wellcome UK Limited, Stockley Park West, Uxbridge Middlesex UB11 1BT United Kingdom</s>
<s id="s222.1">Viani 250 Accuhaler</s>
<s id="s223.1">50/ 250</s>
<s id="s224.1">Inhalation powder, predispensed</s>
<s id="s225.1">Inhalation use</s>
<s id="s226.1">United Kingdom Glaxo Wellcome UK Limited Stockley Park West, Uxbridge Middlesex UB11 1BT United Kingdom</s>
<s id="s227.1">Viani 500 Accuhaler</s>
<s id="s228.1">50/ 500</s>
<s id="s229.1">Inhalation powder, predispensed</s>
<s id="s230.1">Inhalation use</s>
<s id="s231.1">EMEA/ CHMP/ 123464/ 2006/ΕΝ</s>
<s id="s232.1">ANNEX II</s>
<s id="s233.1">6/ 41</s>
<s id="s234.1">© EMEA 2007</s>
<s id="s235.1">SCIENTIFIC CONCLUSIONS AND</s>
<s id="s236.1">GROUNDS FOR AMENDMENT OF THE SUMMARY</s>
<s id="s237.1">OF PRODUCT CHARACTERISTICS, LABELLING AND PACKAGE LEAFLET PRESENTED BY THE EMEA</s>
<s id="s238.1">EMEA/ CHMP/ 123464/ 2006/ΕΝ SCIENTIFIC CONCLUSIONS</s>
<s id="s239.1">7/ 41</s>
<s id="s240.1">© EMEA 2007</s>
<s id="s241.1">OVERALL SUMMARY OF THE SCIENTIFIC EVALUATION OF VIANI DISKUS AND ASSOCIATED NAMES (SEE ANNEX I)</s>
<s id="s242.1">Viani Diskus and associated names (see Annex I of Opinion) contain salmeterol and fluticasone propionate, a fixed dose combination of the long acting β -agonist (LABA) salmeterol and the inhaled corticosteroid (ICS) fluticasone propionate (FP) indicated in the regular treatment of asthma where use of a combination product (long-acting beta-2-agonist and inhaled corticosteroid) is appropriate: - patients not adequately controlled with inhaled corticosteroids and ‘ as needed’ inhaled short acting beta-2-agonist or - patients already adequately controlled on both inhaled corticosteroid and long- acting beta-2-agonist.</s>
<s id="s243.1">In several EU Member States Viani Diskus and associated names (see Annex I) are approved through the Mutual Recognition Procedure (MRP).</s>
<s id="s243.2">In the MRP Sweden is the Reference Member State and Austria, Belgium, Finland, France, Germany, Italy, Ireland, Luxembourg, Portugal, Spain and the United Kingdom are the Concerned Member States.</s>
<s id="s244.1">The MAHs applied for a type II variation subject to MRP to extend the current approved indications to include initial maintenance therapy (IMT) with the fixed dose combination in patients with chronic persistent asthma.</s>
<s id="s244.2">The Reference and Concerned Member States rejected the variation to extend the indication on 3 August 2005.</s>
<s id="s244.3">The main objection relating to the identification of the patient population especially those patients who would respond to inhaled corticosteroids alone had not been adequately identified.</s>
<s id="s245.1">The MAHs were of the opinion that the issues identified during the MRP were issues of clinical management and as such cannot be addressed by conducting further clinical trials.</s>
<s id="s245.2">On 12 August 2005, the MAHs presented to the EMEA a referral under Article 6(13) of Commission Regulation (EC) No 1084/ 2003.</s>
<s id="s245.3">The issue to be considered by CHMP was whether it is appropriate to introduce initial maintenance therapy with the fixed dose combination of salmeterol and fluticasone propionate in all patients with chronic persistent asthma.</s>
<s id="s246.1">The CHMP performed a re-evaluation of the type II variation application data.</s>
<s id="s246.2">A discussion on the appropriateness of initial maintenance therapy with the fixed dose combination took place in CHMP based on the Rapporteur’ s and Co-Rapporteur’ s Assessment Reports and the data presented by the Marketing Authorisation Holders (MAHs).</s>
<s id="s247.1">EFFICACY</s>
<s id="s248.1">The MAHs have demonstrated in a series of substantial and well conducted clinical studies that in patients with moderate chronic persistent asthma poorly controlled on a short acting β -agonist alone the introduction of combination therapy with salmeterol and fluticasone is more effective in improving disease control than the introduction of salmeterol or fluticasone alone.</s>
<s id="s249.1">A subpopulation from the GOAL study (Gaining Optimal Asthma ControL study) i. e. stratum 1, addendum, step 1 (patients without ICS at entry who fulfilled the criteria for moderate persistent asthma and who are randomised to Viani 50/ 100 or FP 100 mcg), can be considered as an adequate target population to assess the adequacy of Viani as IMT.</s>
<s id="s249.2">Patients with mild persistent asthma are not considered to be candidates for a combination therapy as IMT and patients with a more severe disease would deserve more intensive therapeutic approaches.</s>
<s id="s250.1">The primary endpoint in the GOAL study was the proportion of patients reaching asthma control (well-control of asthma).</s>
<s id="s250.2">The CHMP considered the use of “ Control of Asthma” as the primary efficacy variable a reliable parameter of the patient clinical status and, as such, clinically meaningful.</s>
<s id="s251.1">EMEA/ CHMP/ 123464/ 2006/ΕΝ</s>
<s id="s252.1">8/ 41</s>
<s id="s253.1">© EMEA 2007</s>
<s id="s254.1">The CHMP had a concern that a general recommendation i. e. the therapeutic indication in the Summary of Product Characteristics (SPC), will result in over treatment particularly in patients who would have responded to inhaled corticosteroids alone.</s>
<s id="s254.2">The MAH’ s proposed therapeutic indication to include “ patients with persistent asthma not adequately controlled on &quot;as needed&quot; inhaled short- acting beta-2-agonists alone who exhibit a combination of at least two of the following clinical features of asthma: airflow limitation, daily use of rescue medication, daily symptoms (day-time and/ or night-time )” was not considered acceptable as it does not effectively identify a population in need of combination therapy.</s>
<s id="s255.1">Nevertheless the CHMP acknowledged that current clinical guidelines (e. g. the Global Initiative for Asthma (GINA) guidelines) describe circumstances which could lead to the initiation of maintenance therapy with the combination.</s>
<s id="s255.2">Therefore the CHMP considered it acceptable to give guidance to physicians as to the most appropriate dose strategy for initiating maintenance therapy with the fixed dose combination.</s>
<s id="s255.3">A recommendation in section 4.2 “ Posology and method of administration” was considered acceptable.</s>
<s id="s256.1">The recommendation included in section 4.2 allows a short term trial of Viani Diskus in adults and adolescents with moderate persistent asthma for whom rapid control of asthma is essential.</s>
<s id="s256.2">The initial starting dose is 1 inhalation of 50 mcg salmeterol/ 100 mcg FP twice daily.</s>
<s id="s256.3">The wording also indicates the importance for stepping down to inhaled corticosteroids alone once asthma control is attained.</s>
<s id="s256.4">It is also highlighted that Viani is not appropriate as IMT in patients with mild and severe asthma and that in general inhaled corticosteroids remain the first line treatment for most patients.</s>
<s id="s257.1">In addition to the update in section 4.2 of the SPC, some factual data from the GOAL study in particular the timing of reaching more rapidly control with Viani than with ICS alone have been included in section 5.1 “ Pharmacodynamic properties” of the SPC.</s>
<s id="s257.2">The information currently in section 5.1 of the SPC have also been amended in line with the recommendation in section 4.2.</s>
<s id="s258.1">SAFETY</s>
<s id="s259.1">Data from six pivotal studies and two supporting studies have been presented to confirm the safety profile of salmeterol/ FP when initiated as maintenance treatment.</s>
<s id="s259.2">Although the safety profile of salmeterol/ fluticasone propionate is well known, the CHMP considered it not justified to expose the whole intended target population to an increased incidence of beta-agonists related adverse events.</s>
<s id="s259.3">In line with above arguments, the CHMP was not in agreement with a general recommendation for IMT of the fixed dose combination in section 4.1. but considered it acceptable to include guidance for a short term trial of initial maintenance therapy with Viani in section 4.2.</s>
<s id="s260.1">GROUNDS FOR AMENDMENT OF THE SUMMARY OF PRODUCT CHARACTERISTICS, LABELLING AND PACKAGE LEAFLET</s>
<s id="s261.1">Whereas</s>
<s id="s262.1">• the CHMP considered the referral made under Article 6(13) of Commission Regulation (EC) N 1084/ 2003 for Viani Diskus and associated names (see Annex I)</s>
<s id="s263.1">• the CHMP considered that an initial maintenance therapy indication with the fixed dose combination of salmeterol and fluticasone propionate in patients with moderate persistent asthma in section 4.1 of the SPC is not acceptable as it could result in overtreatment particularly in patients who would have responded to inhaled corticosteroids alone.</s>
<s id="s263.2">CHMP considered it not acceptable to expose the whole target population to beta-agonists related adverse events.</s>
<s id="s264.1">• the CHMP agreed, however, that a recommendation for a short term trial with the fixed dose combination of salmeterol and fluticasone propionate as initial maintenance therapy in adults</s>
<s id="s265.1">EMEA/ CHMP/ 123464/ 2006/ΕΝ</s>
<s id="s266.1">9/ 41</s>
<s id="s267.1">© EMEA 2007</s>
<s id="s268.1">and adolescents with moderate persistent asthma for whom rapid control of asthma is essential, in section 4.2 of the SPC is acceptable.</s>
<s id="s269.1">• the CHMP agreed that factual data from the GOAL study in particular the timing of reaching more rapidly control with Viani than with ICS alone should be included in section 5.1 of the SPC and that some amendments in this section were necessary in line with the agreed recommendation in section 4.2.</s>
<s id="s270.1">The CHMP has recommended the granting of the variation of the Marketing Authorisations for which the Summary of Product Characteristics, labelling and package leaflet are set out in Annex III.</s>
<s id="s271.1">EMEA/ CHMP/ 123464/ 2006/ΕΝ</s>
<s id="s272.1">ANNEX</s>
<s id="s273.1">10/ 41 III</s>
<s id="s274.1">© EMEA 2007</s>
<s id="s275.1">Note:</s>
<s id="s275.2">This Annex III (Summary of Product Characteristics, Labelling and Package Leaflet) is the one that was Annexed to the Commission Decision on this Article 6(13) referral for Viani Diskus and associated names.</s>
<s id="s275.3">The text was valid at that time.</s>
<s id="s276.1">After the Commission Decision, the Member State competent authorities will update Annex III as required.</s>
<s id="s276.2">Therefore, Annex III may not necessarily represent the current text.</s>
<s id="s277.1">EMEA/ CHMP/ 123464/ 2006/ΕΝ</s>
<s id="s278.1">11/ 41</s>
<s id="s279.1">© EMEA 2007</s>
<s id="s280.1">SUMMARY OF PRODUCT CHARACTERISTICS</s>
<s id="s281.1">EMEA/ CHMP/ 123464/ 2006/ΕΝ</s>
<s id="s282.1">12/ 41</s>
<s id="s283.1">© EMEA 2007</s>
<s id="s284.1">1.</s>
<s id="s284.2">NAME OF THE MEDICINAL PRODUCT</s>
<s id="s285.1">Viani Diskus and associated names (see Annex I) 50/ 100 microgram/ dose inhalation powder, pre- dispensed.</s>
<s id="s286.1">Viani Diskus and associated names (see Annex I) 50/ 250 microgram/ dose inhalation powder, pre- dispensed.</s>
<s id="s287.1">Viani Diskus and associated names (see Annex I) 50/ 500 microgram/ dose inhalation powder, pre- dispensed.</s>
<s id="s288.1">[See Annex I - To be completed nationally]</s>
<s id="s289.1">2.</s>
<s id="s289.2">QUALITATIVE AND QUANTITATIVE COMPOSITION</s>
<s id="s290.1">Each single dose of Viani provides:</s>
<s id="s290.2">50 micrograms of salmeterol (as salmeterol xinafoate) and 100, 250 or 500 micrograms of fluticasone propionate.</s>
<s id="s291.1">For a full list of excipients, see section 6.1.</s>
<s id="s292.1">3.</s>
<s id="s292.2">PHARMACEUTICAL FORM</s>
<s id="s293.1">Inhalation powder, pre-dispensed.</s>
<s id="s294.1">4.</s>
<s id="s294.2">CLINICAL PARTICULARS</s>
<s id="s295.1">4.1 Therapeutic indications</s>
<s id="s296.1">Asthma</s>
<s id="s297.1">Viani is indicated in the regular treatment of asthma where use of a combination product (long-acting beta-2-agonist and inhaled corticosteroid) is appropriate:</s>
<s id="s298.1">or</s>
<s id="s299.1">-</s>
<s id="s300.1">patients not adequately controlled with inhaled corticosteroids and ‘ as needed’ inhaled short acting beta-2-agonist</s>
<s id="s301.1">-</s>
<s id="s302.1">patients already adequately controlled on both inhaled corticosteroid and long-acting beta- 2-agonist.</s>
<s id="s303.1">Note:</s>
<s id="s303.2">Viani 50/ 100 microgram strength is not appropriate in adults and children with severe asthma.</s>
<s id="s304.1">Chronic Obstructive Pulmonary Disease (COPD)</s>
<s id="s305.1">Viani is indicated for the symptomatic treatment of patients with severe COPD (FEV1 &lt; 50% predicted normal) and a history of repeated exacerbations, who have significant symptoms despite regular bronchodilator therapy.</s>
<s id="s306.1">4.2 Posology and method of administration</s>
<s id="s307.1">Viani Diskus is for inhalation use only.</s>
<s id="s308.1">EMEA/ CHMP/ 123464/ 2006/ΕΝ</s>
<s id="s309.1">13/ 41</s>
<s id="s310.1">© EMEA 2007</s>
<s id="s311.1">Patients should be made aware that Viani Diskus must be used daily for optimum benefit, even when asymptomatic.</s>
<s id="s312.1">Patients should be regularly reassessed by a doctor, so that the strength of Viani they are receiving remains optimal and is only changed on medical advice.</s>
<s id="s312.2">The dose should be titrated to the lowest dose at which effective control of symptoms is maintained.</s>
<s id="s312.3">Where the control of symptoms is maintained with the lowest strength of the combination given twice daily then the next step could include a test of inhaled corticosteroid alone.</s>
<s id="s312.4">As an alternative, patients requiring a long acting beta-2-agonist could be titrated to Viani given once daily if, in the opinion of the prescriber, it would be adequate to maintain disease control.</s>
<s id="s312.5">In the event of once daily dosing when the patient has a history of nocturnal symptoms the dose should be given at night and when the patient has a history of mainly day-time symptoms the dose should be given in the morning.</s>
<s id="s312.6">Patients should be given the strength of Viani containing the appropriate fluticasone propionate dosage for the severity of their disease.</s>
<s id="s312.7">Prescribers should be aware that, in patients with asthma, fluticasone propionate is as effective as other inhaled steroids at approximately half the microgram daily dose.</s>
<s id="s312.8">For example, 100mcg of fluticasone propionate is approximately equivalent to 200mcg of beclomethasone dipropionate (CFC containing) or budesonide.</s>
<s id="s312.9">If an individual patient should require dosages outside the recommended regimen, appropriate doses of beta-agonist and/ or corticosteroid should be prescribed.</s>
<s id="s312.10">Recommended Doses:</s>
<s id="s313.1">Asthma</s>
<s id="s314.1">Adults and adolescents 12 years and older:</s>
<s id="s315.1">One inhalation of 50 micrograms salmeterol and 100 micrograms fluticasone propionate twice daily. or One inhalation of 50 micrograms salmeterol and 250 micrograms fluticasone propionate twice daily. or One inhalation of 50 micrograms salmeterol and 500 micrograms fluticasone propionate twice daily.</s>
<s id="s316.1">A short term trial of Viani may be considered as initial maintenance therapy in patients adults or adolescents with moderate persistent asthma (defined as patients with daily symptoms, daily rescue use and moderate to severe airflow limitation) for whom rapid control of asthma is essential.</s>
<s id="s316.2">In these cases, the recommended initial dose is one inhalation of 50 micrograms salmeterol and 100 micrograms fluticasone propionate twice daily.</s>
<s id="s316.3">Once control of asthma is attained treatment should be reviewed and consideration given as to whether patients should be stepped down to an inhaled corticosteroid alone.</s>
<s id="s317.1">A clear benefit has not been shown as compared to inhaled fluticasone propionate alone used as initial maintenance therapy when one or two of the criteria of severity are missing.</s>
<s id="s317.2">In general inhaled corticosteroids remain the first line treatment for most patients.</s>
<s id="s317.3">Viani is not intended for the initial management of mild asthma.</s>
<s id="s317.4">Viani 50/ 100 micrograms strength is not appropriate in adults and children with severe asthma; it is recommended to establish the appropriate dosage of inhaled corticosteroid before any fixed combination can be used in patients with severe asthma.</s>
<s id="s318.1">Children 4 years and older:</s>
<s id="s319.1">One inhalation of 50 micrograms salmeterol and 100 micrograms fluticasone propionate twice daily.</s>
<s id="s320.1">EMEA/ CHMP/ 123464/ 2006/ΕΝ</s>
<s id="s321.1">14/ 41</s>
<s id="s322.1">© EMEA 2007</s>
<s id="s323.1">The maximum licensed dose of fluticasone propionate delivered by Viani Diskus in children is 100mcg twice daily.</s>
<s id="s324.1">There are no data available for use of Viani in children aged under 4 years.</s>
<s id="s325.1">COPD</s>
<s id="s326.1">Adults:</s>
<s id="s327.1">One inhalation of 50 micrograms salmeterol and 500 micrograms fluticasone propionate twice daily.</s>
<s id="s328.1">Special patient groups:</s>
<s id="s329.1">There is no need to adjust the dose in elderly patients or in those with renal impairment.</s>
<s id="s329.2">There are no data available for use of Viani in patients with hepatic impairment.</s>
<s id="s330.1">Using the Diskus:</s>
<s id="s331.1">The device is opened and primed by sliding the lever.</s>
<s id="s331.2">The mouthpiece is then placed in the mouth and the lips closed round it.</s>
<s id="s331.3">The dose can then be inhaled and the device closed.</s>
<s id="s332.1">4.3 Contraindications</s>
<s id="s333.1">Viani is contraindicated in patients with hypersensitivity (allergy) to any of the active substances or to the excipient (see 6.1 List of Excipients).</s>
<s id="s334.1">4.4 Special warnings and precautions for use</s>
<s id="s335.1">The management of asthma should normally follow a stepwise programme and patient response should be monitored clinically and by lung function tests.</s>
<s id="s336.1">Viani Diskus should not be used to treat acute asthma symptoms for which a fast and short acting bronchodilator is required.</s>
<s id="s336.2">Patients should be advised to have their medicinal product to be used for relief in an acute asthma attack available at all times.</s>
<s id="s337.1">Increasing use of short-acting bronchodilators to relieve symptoms indicates deterioration of control and patients should be reviewed by a physician.</s>
<s id="s338.1">Sudden and progressive deterioration in control of asthma is potentially life threatening and the patient should undergo urgent medical assessment.</s>
<s id="s338.2">Consideration should be given to increasing corticosteroid therapy.</s>
<s id="s338.3">The patient should also be medically reviewed where the current dosage of Viani has failed to give adequate control of asthma.</s>
<s id="s338.4">For patients with asthma or COPD, consideration should be given to additional corticosteroid therapies.</s>
<s id="s339.1">Treatment with Viani should not be stopped abruptly in patients with asthma due to risk of exacerbation.</s>
<s id="s339.2">Therapy should be down-titrated under physician supervision.</s>
<s id="s339.3">For patients with COPD cessation of therapy may also be associated with symptomatic decompensation and should be supervised by a physician.</s>
<s id="s340.1">As with all inhaled medication containing corticosteroids, Viani should be administered with caution in patients with pulmonary tuberculosis.</s>
<s id="s341.1">Viani should be administered with caution in patients with severe cardiovascular disorders, including heart rhythm abnormalities, diabetes mellitus, untreated hypokalaemia or thyrotoxicosis.</s>
<s id="s342.1">EMEA/ CHMP/ 123464/ 2006/ΕΝ</s>
<s id="s343.1">15/ 41</s>
<s id="s344.1">© EMEA 2007</s>
<s id="s345.1">There have been very rare reports of increases in blood glucose levels (see 4.8 Undesirable Effects) and this should be considered when prescribing to patients with a history of diabetes mellitus.</s>
<s id="s346.1">Potentially serious hypokalaemia may result from systemic beta-2-agonist therapy but following inhalation at therapeutic doses plasma levels of salmeterol are very low.</s>
<s id="s347.1">As with other inhalation therapy paradoxical bronchospasm may occur with an immediate increase in wheezing after dosing.</s>
<s id="s347.2">Viani Diskus should be discontinued immediately, the patient assessed and alternative therapy instituted if necessary.</s>
<s id="s348.1">Viani contains lactose up to 12.5 milligram / dose.</s>
<s id="s348.2">This amount does not normally cause problems in lactose intolerant people.</s>
<s id="s349.1">Care should be taken when transferring patients to Viani therapy, particularly if there is any reason to suppose that adrenal function is impaired from previous systemic steroid therapy.</s>
<s id="s350.1">Systemic effects may occur with any inhaled corticosteroid, particularly at high doses prescribed for long periods.</s>
<s id="s350.2">These effects are much less likely to occur than with oral corticosteroids.</s>
<s id="s350.3">Possible systemic effects include Cushing’ s syndrome, Cushingoid features, adrenal suppression, growth retardation in children and adolescents, decrease in bone mineral density, cataract and glaucoma.</s>
<s id="s350.4">It is important, therefore, that the patient is reviewed regularly and the dose of inhaled corticosteroid is reduced to the lowest dose at which effective control of asthma is maintained.</s>
<s id="s351.1">It is recommended that the height of children receiving prolonged treatment with inhaled corticosteroid is regularly monitored.</s>
<s id="s352.1">Prolonged treatment of patients with high doses of inhaled corticosteroids may result in adrenal suppression and acute adrenal crisis.</s>
<s id="s352.2">Children and adolescents &lt; 16years taking high doses of fluticasone propionate (typically ≥ 1000mcg/ day) may be at particular risk.</s>
<s id="s352.3">Very rare cases of adrenal suppression and acute adrenal crisis have also been described with doses of fluticasone propionate between 500 and less than 1000mcg.</s>
<s id="s352.4">Situations, which could potentially trigger acute adrenal crisis include trauma, surgery, infection or any rapid reduction in dosage.</s>
<s id="s352.5">Presenting symptoms are typically vague and may include anorexia, abdominal pain, weight loss, tiredness, headache, nausea, vomiting, hypotension, decreased level of consciousness, hypoglycaemia, and seizures.</s>
<s id="s352.6">Additional systemic corticosteroid cover should be considered during periods of stress or elective surgery.</s>
<s id="s353.1">The benefits of inhaled fluticasone propionate therapy should minimise the need for oral steroids, but patients transferring from oral steroids may remain at risk of impaired adrenal reserve for a considerable time.</s>
<s id="s353.2">Patients who have required high dose emergency corticosteroid therapy in the past may also be at risk.</s>
<s id="s353.3">This possibility of residual impairment should always be borne in mind in emergency and elective situations likely to produce stress, and appropriate corticosteroid treatment must be considered.</s>
<s id="s353.4">The extent of the adrenal impairment may require specialist advice before elective procedures.</s>
<s id="s354.1">Ritonavir can greatly increase the concentration of fluticasone propionate in plasma.</s>
<s id="s354.2">Therefore, concomitant use should be avoided, unless the potential benefit to the patient outweighs the risk of systemic corticosteroid side-effects.</s>
<s id="s354.3">There is also an increased risk of systemic side effects when combining fluticasone propionate with other potent CYP3A inhibitors (see 4.5 Interaction with Other Medicinal Products and Other Forms of Interaction).</s>
<s id="s355.1">4.5 Interaction with other medicinal products and other forms of interaction</s>
<s id="s356.1">Both non-selective and selective beta-blockers should be avoided unless there are compelling reasons for their use.</s>
<s id="s357.1">EMEA/ CHMP/ 123464/ 2006/ΕΝ</s>
<s id="s358.1">16/ 41</s>
<s id="s359.1">© EMEA 2007</s>
<s id="s360.1">Concomitant use of other beta-adrenergic containing drugs can have a potentially additive effect.</s>
<s id="s360.2">Under normal circumstances, low plasma concentrations of fluticasone propionate are achieved after inhaled dosing, due to extensive first pass metabolism and high systemic clearance mediated by cytochrome P450 3A4 in the gut and liver.</s>
<s id="s360.3">Hence, clinically significant drug interactions mediated by fluticasone propionate are unlikely.</s>
<s id="s361.1">In an interaction study in healthy subjects with intranasal fluticasone propionate, ritonavir (a highly potent cytochrome P450 3A4 inhibitor) 100 mg b. i. d. increased the fluticasone propionate plasma concentrations several hundred fold, resulting in markedly reduced serum cortisol concentrations.</s>
<s id="s361.2">Information about this interaction is lacking for inhaled fluticasone propionate, but a marked increase in fluticasone propionate plasma levels is expected.</s>
<s id="s361.3">Cases of Cushing’ s syndrome and adrenal suppression have been reported.</s>
<s id="s361.4">The combination should be avoided unless the benefit outweighs the increased risk of systemic glucocorticoid side-effects.</s>
<s id="s362.1">In a small study in healthy volunteers, the slightly less potent CYP3A inhibitor ketoconazole increased the exposure of fluticasone propionate after a single inhalation by 150%.</s>
<s id="s362.2">This resulted in a greater reduction of plasma cortisol as compared with fluticasone propionate alone.</s>
<s id="s362.3">Co-treatment with other potent CYP3A inhibitors, such as itraconazole, is also expected to increase the systemic fluticasone propionate exposure and the risk of systemic side-effects.</s>
<s id="s362.4">Caution is recommended and long-term treatment with such drugs should if possible be avoided.</s>
<s id="s363.1">4.6 Pregnancy and lactation</s>
<s id="s364.1">There are insufficient data on the use of salmeterol and fluticasone propionate during pregnancy and lactation in man to assess the possible harmful effects.</s>
<s id="s364.2">In animal studies foetal abnormalities occur after administration of beta-2-adrenoreceptor agonists and glucocorticosteroids (see 5.3 Preclinical Safety Data).</s>
<s id="s365.1">Administration of Viani to pregnant women should only be considered if the expected benefit to the mother is greater than any possible risk to the foetus.</s>
<s id="s366.1">The lowest effective dose of fluticasone propionate needed to maintain adequate asthma control should be used in the treatment of pregnant women.</s>
<s id="s367.1">There are no data available for human breast milk.</s>
<s id="s367.2">Both salmeterol and fluticasone propionate are excreted into breast milk in rats.</s>
<s id="s367.3">Administration of Viani to women who are breastfeeding should only be considered if the expected benefit to the mother is greater than any possible risk to the child.</s>
<s id="s368.1">4.7 Effects on ability to drive and use machines</s>
<s id="s369.1">No studies of the effect on the ability to drive and use machines have been performed.</s>
<s id="s370.1">4.8 Undesirable effects</s>
<s id="s371.1">As Viani contains salmeterol and fluticasone propionate, the type and severity of adverse reactions associated with each of the compounds may be expected.</s>
<s id="s371.2">There is no incidence of additional adverse events following concurrent administration of the two compounds.</s>
<s id="s372.1">Adverse events which have been associated with salmeterol fluticasone propionate are given below, listed by system organ class and frequency.</s>
<s id="s372.2">Frequencies are defined as: very common (≥ 1/ 10), common (≥ 1/ 100 and &lt; 1/ 10), uncommon (≥ 1/ 1000 and &lt; 1/ 100), and very rare (&lt; 1/ 10,000) including isolated reports.</s>
<s id="s372.3">Very common, common and uncommon events were derived from clinical trial data.</s>
<s id="s372.4">The incidence in placebo was not taken into account.</s>
<s id="s372.5">Very rare events were derived from post- marketing spontaneous data.</s>
<s id="s373.1">EMEA/ CHMP/ 123464/ 2006/ΕΝ System Organ Class Adverse Event</s>
<s id="s374.1">17/ 41</s>
<s id="s375.1">Frequency</s>
<s id="s376.1">© EMEA 2007</s>
<s id="s377.1">Infections &amp; Candidiasis of the mouth Infestations</s>
<s id="s378.1">and throat</s>
<s id="s379.1">Common</s>
<s id="s380.1">Immune System Disorders</s>
<s id="s381.1">Hypersensitivity reactions with the following manifestations:</s>
<s id="s382.1">Cutaneous hypersensitivity reactions</s>
<s id="s383.1">Uncommon</s>
<s id="s384.1">Angioedema (mainly facial and oropharyngeal oedema), Respiratory symptoms (dyspnoea and/ or bronchospasm), Anaphylactic reactions</s>
<s id="s385.1">Very Rare</s>
<s id="s386.1">Endocrine Disorders</s>
<s id="s387.1">Cushing’ s syndrome, Cushingoid features, Adrenal suppression, Growth retardation in children and adolescents, Decreased bone mineral density, Cataract, Glaucoma</s>
<s id="s388.1">Very Rare</s>
<s id="s389.1">Metabolism &amp; Nutrition Disorders</s>
<s id="s390.1">Hyperglycaemia</s>
<s id="s391.1">Very Rare</s>
<s id="s392.1">Psychiatric Disorders</s>
<s id="s393.1">Anxiety, sleep disorders and behavioural changes, including hyperactivity and irritability (predominantly in children)</s>
<s id="s394.1">Very Rare</s>
<s id="s395.1">Nervous System Disorders</s>
<s id="s396.1">Headache</s>
<s id="s397.1">*Very Common</s>
<s id="s398.1">Tremor</s>
<s id="s399.1">Common</s>
<s id="s400.1">Cardiac Disorders</s>
<s id="s401.1">Palpitations</s>
<s id="s402.1">Common</s>
<s id="s403.1">Tachycardia</s>
<s id="s404.1">Uncommon</s>
<s id="s405.1">Cardiac arrhythmias (including atrial fibrillation, supraventricular tachycardia and extrasystoles).</s>
<s id="s406.1">Very Rare</s>
<s id="s407.1">Respiratory, Thoracic &amp; Mediastinal</s>
<s id="s408.1">Throat irritation</s>
<s id="s409.1">Common</s>
<s id="s410.1">Disorders</s>
<s id="s411.1">Hoarseness/ dysphonia</s>
<s id="s412.1">Common</s>
<s id="s413.1">Paradoxical bronchospasm</s>
<s id="s414.1">Very Rare</s>
<s id="s415.1">Musculoskeletal &amp; Connective Tissue</s>
<s id="s416.1">Muscle cramps</s>
<s id="s417.1">Common</s>
<s id="s418.1">Disorders</s>
<s id="s419.1">Arthralgia</s>
<s id="s420.1">Very Rare</s>
<s id="s421.1">*Reported commonly in</s>
<s id="s422.1">Myalgia placebo</s>
<s id="s423.1">Very Rare</s>
<s id="s424.1">The pharmacological side effects of beta-2-agonist treatment, such as tremor, palpitations and headache, have been reported, but tend to be transient and reduce with regular therapy.</s>
<s id="s425.1">Due to the fluticasone propionate component, hoarseness and candidiasis (thrush) of the mouth and throat can occur in some patients.</s>
<s id="s425.2">Both hoarseness and incidence of candidiasis may be relieved by gargling with water after using the product.</s>
<s id="s425.3">Symptomatic candidiasis can be treated with topical anti- fungal therapy whilst still continuing with the Viani Diskus.</s>
<s id="s426.1">Possible systemic effects include Cushing’ s syndrome, Cushingoid features, adrenal suppression, growth retardation in children and adolescents, decrease in bone mineral density, cataract and glaucoma (see 4.4 Special Warnings and Precautions For Use).</s>
<s id="s427.1">EMEA/ CHMP/ 123464/ 2006/ΕΝ</s>
<s id="s428.1">18/ 41</s>
<s id="s429.1">© EMEA 2007</s>
<s id="s430.1">There have been very rare reports of hyperglycaemia (see 4.4 Special Warnings and Precautions for Use).</s>
<s id="s431.1">As with other inhalation therapy, paradoxical bronchospasm may occur (see 4.4 Special Warnings and Precautions for Use).</s>
<s id="s432.1">4.9 Overdose</s>
<s id="s433.1">There are no data available from clinical trials on overdose with Viani, however data on overdose with both drugs are given below:</s>
<s id="s434.1">The signs and symptoms of salmeterol overdose are tremor, headache and tachycardia.</s>
<s id="s434.2">The preferred antidotes are cardioselective beta-blocking agents, which should be used with caution in patients with a history of bronchospasm.</s>
<s id="s434.3">If Viani therapy has to be withdrawn due to overdose of the beta agonist component of the drug, provision of appropriate replacement steroid therapy should be considered.</s>
<s id="s434.4">Additionally, hypokalaemia can occur and potassium replacement should be considered.</s>
<s id="s435.1">Acute:</s>
<s id="s435.2">Acute inhalation of fluticasone propionate doses in excess of those recommended may lead to temporary suppression of adrenal function.</s>
<s id="s435.3">This does not need emergency action as adrenal function is recovered in a few days, as verified by plasma cortisol measurements.</s>
<s id="s436.1">Chronic overdose of inhaled fluticasone propionate:</s>
<s id="s436.2">Refer to section 4.4: risk of adrenal suppression:</s>
<s id="s436.3">Monitoring of adrenal reserve may be necessary.</s>
<s id="s436.4">In cases of fluticasone propionate overdose Viani therapy may still be continued at a suitable dosage for symptom control.</s>
<s id="s437.1">5.</s>
<s id="s437.2">PHARMACOLOGICAL PROPERTIES</s>
<s id="s438.1">5.1 Pharmacodynamic properties</s>
<s id="s439.1">Pharmacotherapeutic Group:</s>
<s id="s440.1">Adrenergics and other anti-asthmatics.</s>
<s id="s441.1">ATC Code:</s>
<s id="s442.1">R03AK06</s>
<s id="s443.1">Viani Asthma clinical trials</s>
<s id="s444.1">A twelve month study (Gaining Optimal Asthma ControL, GOAL), in 3416 adult and adolescent patients with persistent asthma, compared the safety and efficacy of Viani versus inhaled corticosteroid (Fluticasone Propionate) alone to determine whether the goals of asthma management were achievable.</s>
<s id="s444.2">Treatment was stepped up every 12 weeks until **Total control was achieved or the highest dose of study drug was reached.</s>
<s id="s444.3">GOAL showed more patients treated with Viani achieved asthma control than patients treated with ICS alone and this control was attained at a lower corticosteroid dose.</s>
<s id="s445.1">Well Controlled asthma was achieved more rapidly with Viani than with ICS alone.</s>
<s id="s445.2">The time on treatment for 50% of subjects to achieve a first individual Well Controlled week was 16 days for Viani compared to 37 days for the ICS group.</s>
<s id="s445.3">In the subset of steroid naive asthmatics the time to an individual Well Controlled week was 16 days in the Viani treatment compared to 23 days following treatment with ICS.</s>
<s id="s446.1">The overall study results showed:</s>
<s id="s447.1">EMEA/ CHMP/ 123464/ 2006/ΕΝ</s>
<s id="s448.1">19/ 41</s>
<s id="s449.1">© EMEA 2007</s>
<s id="s450.1">Percentage of Patients Attaining *Well Controlled (WC) and **Totally Controlled (TC) Asthma over 12 months</s>
<s id="s451.1">Salmeterol/ FP</s>
<s id="s452.1">FP</s>
<s id="s453.1">Pre-Study Treatment</s>
<s id="s454.1">WC</s>
<s id="s455.1">TC W</s>
<s id="s456.1">WC TC WC</s>
<s id="s457.1">TC</s>
<s id="s458.1">No ICS (SABA alone) Low dose ICS (≤ 500mcg BDP or equivalent/ day)</s>
<s id="s459.1">78% 75%</s>
<s id="s460.1">50% 44%</s>
<s id="s461.1">70% 60%</s>
<s id="s462.1">40% 28%</s>
<s id="s463.1">Medium dose ICS (&gt; 500-1000mcg BDP or equivalent/ day)</s>
<s id="s464.1">62%</s>
<s id="s465.1">29%</s>
<s id="s466.1">47%</s>
<s id="s467.1">16%</s>
<s id="s468.1">Pooled results across the 3 treatment levels</s>
<s id="s469.1">71%</s>
<s id="s470.1">41%</s>
<s id="s471.1">59%</s>
<s id="s472.1">28%</s>
<s id="s473.1">*Well controlled asthma; occasional symptoms or SABA use or less than 80% predicted lung function plus no night-time awakenings, no exacerbations and no side effects enforcing a change in therapy **Total control of asthma; no symptoms, no SABA use, greater than or equal to 80% predicted lung function, no night-time awakenings, no exacerbations and no side effects enforcing a change in therapy</s>
<s id="s474.1">The results of this study suggest that Viani 50/ 100mcg bd may be considered as initial maintenance therapy in patients with moderate persistent asthma for whom rapid control of asthma is deemed essential (see section 4.2).</s>
<s id="s475.1">Viani COPD clinical trials</s>
<s id="s476.1">Placebo-controlled clinical trials, over 6 and 12 months, have shown that regular use of Viani 50/ 500 micrograms improves lung function and reduces breathlessness and the use of relief medication.</s>
<s id="s476.2">Over a 12 month period the risk of COPD exacerbations was reduced from 1.42 per year to 0.99 per year compared with placebo and the risk of exacerbations requiring oral corticosteroids was significantly reduced from 0.81 to 0.47 per year compared with placebo.</s>
<s id="s477.1">Mechanism of action:</s>
<s id="s478.1">Viani contains salmeterol and fluticasone propionate which have differing modes of action.</s>
<s id="s478.2">The respective mechanisms of action of both drugs are discussed below:</s>
<s id="s479.1">Salmeterol:</s>
<s id="s480.1">Salmeterol is a selective long-acting (12 hour) beta-2-adrenoceptor agonist with a long side chain which binds to the exo-site of the receptor.</s>
<s id="s481.1">Salmeterol produces a longer duration of bronchodilation, lasting for at least 12 hours, than recommended doses of conventional short-acting beta-2-agonists.</s>
<s id="s482.1">Fluticasone propionate:</s>
<s id="s483.1">Fluticasone propionate given by inhalation at recommended doses has a glucocorticoid anti- inflammatory action within the lungs, resulting in reduced symptoms and exacerbations of asthma, without the adverse effects observed when corticosteroids are administered systemically.</s>
<s id="s484.1">5.2 Pharmacokinetic properties</s>
<s id="s485.1">When salmeterol and fluticasone propionate were administered in combination by the inhaled route, the pharmacokinetics of each component were similar to those observed when the drugs were administered separately.</s>
<s id="s485.2">For pharmacokinetic purposes therefore each component can be considered separately.</s>
<s id="s485.3">EMEA/ CHMP/ 123464/ 2006/ΕΝ Salmeterol:</s>
<s id="s486.1">20/ 41</s>
<s id="s487.1">© EMEA 2007</s>
<s id="s488.1">Salmeterol acts locally in the lung therefore plasma levels are not an indication of therapeutic effects.</s>
<s id="s488.2">In addition there are only limited data available on the pharmacokinetics of salmeterol because of the technical difficulty of assaying the drug in plasma due to the low plasma concentrations at therapeutic doses (approximately 200 picogram / ml or less) achieved after inhaled dosing.</s>
<s id="s489.1">Fluticasone propionate:</s>
<s id="s490.1">The absolute bioavailability of inhaled fluticasone propionate in healthy subjects varies between approximately 10-30% of the nominal dose depending on the inhalation device used.</s>
<s id="s490.2">In patients with asthma or COPD a lesser degree of systemic exposure to inhaled fluticasone propionate has been observed.</s>
<s id="s491.1">Systemic absorption occurs mainly through the lungs and is initially rapid then prolonged.</s>
<s id="s491.2">The remainder of the inhaled dose may be swallowed but contributes minimally to systemic exposure due to the low aqueous solubility and pre-systemic metabolism, resulting in oral availability of less than 1%.</s>
<s id="s491.3">There is a linear increase in systemic exposure with increasing inhaled dose.</s>
<s id="s492.1">The disposition of fluticasone propionate is characterised by high plasma clearance (1150ml/ min), a large volume of distribution at steady-state (approximately 300l) and a terminal half-life of approximately 8 hours.</s>
<s id="s493.1">Plasma protein binding is 91%.</s>
<s id="s494.1">Fluticasone propionate is cleared very rapidly from the systemic circulation.</s>
<s id="s494.2">The main pathway is metabolism to an inactive carboxylic acid metabolite, by the cytochrome P450 enzyme CYP3A4.</s>
<s id="s494.3">Other unidentified metabolites are also found in the faeces.</s>
<s id="s495.1">The renal clearance of fluticasone propionate is negligible.</s>
<s id="s495.2">Less than 5% of the dose is excreted in urine, mainly as metabolites.</s>
<s id="s495.3">The main part of the dose is excreted in faeces as metabolites and unchanged drug.</s>
<s id="s496.1">5.3 Preclinical safety data</s>
<s id="s497.1">The only safety concerns for human use derived from animal studies of salmeterol xinafoate and fluticasone propionate given separately were effects associated with exaggerated pharmacological actions.</s>
<s id="s498.1">In animal reproduction studies, glucocorticosteroids have been shown to induce malformations (cleft palate, skeletal malformations).</s>
<s id="s498.2">However, these animal experimental results do not seem to be relevant for man given recommended doses.</s>
<s id="s498.3">Animal studies with salmeterol xinafoate have shown embryofoetal toxicity only at high exposure levels.</s>
<s id="s498.4">Following co-administration, increased incidences of transposed umbilical artery and incomplete ossification of occipital bone were found in rats at doses associated with known glucocorticoid-induced abnormalities.</s>
<s id="s499.1">6.</s>
<s id="s499.2">PHARMACEUTICAL PARTICULARS</s>
<s id="s500.1">6.1 List of excipients</s>
<s id="s501.1">Lactose monohydrate (which contains milk proteins).</s>
<s id="s502.1">EMEA/ CHMP/ 123464/ 2006/ΕΝ 6.2 Incompatibilities</s>
<s id="s503.1">21/ 41</s>
<s id="s504.1">© EMEA 2007</s>
<s id="s505.1">Not applicable.</s>
<s id="s506.1">6.3 Shelf life</s>
<s id="s507.1">18 months.</s>
<s id="s508.1">6.4 Special precautions for storage</s>
<s id="s509.1">Do not store above 30°C.</s>
<s id="s510.1">6.5 Nature and contents of container</s>
<s id="s511.1">The inhalation powder is contained in blisters held on a formed PVC coated base, with a peelable foil laminate lid.</s>
<s id="s511.2">The strip is contained in a moulded plastic device.</s>
<s id="s512.1">The plastic devices are available in cardboard containers, which hold</s>
<s id="s513.1">1 x 28 dose Diskus or 1 x 60 dose Diskus or 2 x 60 dose Diskus or 3 x 60 dose Diskus or 10 x 60 dose Diskus</s>
<s id="s514.1">Not all pack sizes may be marketed.</s>
<s id="s515.1">6.6 Special precautions for disposal</s>
<s id="s516.1">The Diskus releases a powder which is inhaled into the lungs.</s>
<s id="s517.1">A dose indicator on the Diskus indicates the number of doses left.</s>
<s id="s518.1">For detailed instructions for use see the Patient Information Leaflet.</s>
<s id="s519.1">7.</s>
<s id="s519.2">MARKETING AUTHORISATION HOLDER</s>
<s id="s520.1">[See Annex I - To be completed nationally]</s>
<s id="s521.1">8.</s>
<s id="s521.2">MARKETING AUTHORISATION NUMBER(S)</s>
<s id="s522.1">[To be completed nationally]</s>
<s id="s523.1">9.</s>
<s id="s523.2">DATE OF FIRST AUTHORISATION/ RENEWAL OF THE AUTHORISATION</s>
<s id="s524.1">[To be completed nationally]</s>
<s id="s525.1">10.</s>
<s id="s525.2">DATE OF REVISION OF THE TEXT</s>
<s id="s526.1">[To be completed nationally]</s>
<s id="s527.1">EMEA/ CHMP/ 123464/ 2006/ΕΝ</s>
<s id="s528.1">22/ 41</s>
<s id="s529.1">© EMEA 2007</s>
<s id="s530.1">LABELLING AND PACKAGE LEAFLET</s>
<s id="s531.1">EMEA/ CHMP/ 123464/ 2006/ΕΝ</s>
<s id="s532.1">LABELLING</s>
<s id="s533.1">23/ 41</s>
<s id="s534.1">© EMEA 2007</s>
<s id="s535.1">EMEA/ CHMP/ 123464/ 2006/ΕΝ</s>
<s id="s536.1">24/ 41</s>
<s id="s537.1">© EMEA 2007</s>
<s id="s538.1">PARTICULARS TO APPEAR ON THE OUTER PACKAGING</s>
<s id="s539.1">OUTER CARTON</s>
<s id="s540.1">1.</s>
<s id="s540.2">NAME OF THE MEDICINAL PRODUCT</s>
<s id="s541.1">Viani Diskus and associated names (see Annex I) 50/ 100 microgram/ dose inhalation powder, pre- dispensed [See Annex I – To be completed nationally]</s>
<s id="s542.1">Salmeterol xinafoate and fluticasone propionate</s>
<s id="s543.1">2.</s>
<s id="s543.2">STATEMENT OF ACTIVE SUBSTANCE(S)</s>
<s id="s544.1">50 micrograms of salmeterol (as xinafoate) and 100 micrograms of fluticasone propionate per actuation</s>
<s id="s545.1">3.</s>
<s id="s545.2">LIST OF EXCIPIENTS</s>
<s id="s546.1">Lactose monohydrate</s>
<s id="s547.1">4.</s>
<s id="s547.2">PHARMACEUTICAL FORM AND CONTENTS</s>
<s id="s548.1">Inhalation powder, pre-dispensed</s>
<s id="s549.1">1 x 28 inhalations</s>
<s id="s550.1">1 x 60 inhalations</s>
<s id="s551.1">2 x 60 inhalations</s>
<s id="s552.1">3 x 60 inhalations</s>
<s id="s553.1">10 x 60 inhalations</s>
<s id="s554.1">5.</s>
<s id="s554.2">METHOD AND ROUTE(S) OF ADMINISTRATION</s>
<s id="s555.1">Read the package leaflet before use</s>
<s id="s556.1">Inhalation use</s>
<s id="s557.1">6.</s>
<s id="s557.2">SPECIAL WARNING THAT THE MEDICINAL PRODUCT MUST BE STORED OUT OF THE REACH AND SIGHT OF CHILDREN</s>
<s id="s558.1">Keep out of the reach and sight of children</s>
<s id="s559.1">EMEA/ CHMP/ 123464/ 2006/ΕΝ 7.</s>
<s id="s559.2">OTHER SPECIAL WARNING(S), IF NECESSARY</s>
<s id="s560.1">25/ 41</s>
<s id="s561.1">© EMEA 2007</s>
<s id="s562.1">8.</s>
<s id="s562.2">EXPIRY DATE</s>
<s id="s563.1">EXP</s>
<s id="s564.1">9.</s>
<s id="s564.2">SPECIAL STORAGE CONDITIONS</s>
<s id="s565.1">Do not store above 30°C</s>
<s id="s566.1">10.</s>
<s id="s566.2">SPECIAL PRECAUTIONS FOR DISPOSAL OF UNUSED MEDICINAL PRODUCTS OR WASTE MATERIALS DERIVED FROM SUCH MEDICINAL PRODUCTS, IF APPROPRIATE</s>
<s id="s567.1">11.</s>
<s id="s567.2">NAME AND ADDRESS OF THE MARKETING AUTHORISATION HOLDER</s>
<s id="s568.1">[See Annex I - To be completed nationally]</s>
<s id="s569.1">12.</s>
<s id="s569.2">MARKETING AUTHORISATION NUMBER(S)</s>
<s id="s570.1">[To be completed nationally]</s>
<s id="s571.1">13.</s>
<s id="s571.2">BATCH NUMBER</s>
<s id="s572.1">Lot</s>
<s id="s573.1">14.</s>
<s id="s573.2">GENERAL CLASSIFICATION FOR SUPPLY</s>
<s id="s574.1">[To be completed nationally]</s>
<s id="s575.1">15.</s>
<s id="s575.2">INSTRUCTIONS ON USE</s>
<s id="s576.1">16.</s>
<s id="s576.2">INFORMATION IN BRAILLE</s>
<s id="s577.1">[To be completed nationally]</s>
<s id="s578.1">EMEA/ CHMP/ 123464/ 2006/ΕΝ</s>
<s id="s579.1">26/ 41</s>
<s id="s580.1">© EMEA 2007</s>
<s id="s581.1">MINIMUM PARTICULARS TO APPEAR ON SMALL IMMEDIATE PACKAGING UNITS</s>
<s id="s582.1">DISKUS LABEL</s>
<s id="s583.1">1.</s>
<s id="s583.2">NAME OF THE MEDICINAL PRODUCT AND ROUTE(S) OF ADMINISTRATION</s>
<s id="s584.1">Viani Diskus and associated names (see Annex I) 50/ 100 microgram/ dose inhalation powder, pre- dispensed [See Annex I – To be completed nationally]</s>
<s id="s585.1">Salmeterol xinafoate and fluticasone propionate</s>
<s id="s586.1">Inhalation use</s>
<s id="s587.1">2.</s>
<s id="s587.2">METHOD OF ADMINISTRATION</s>
<s id="s588.1">Read the package leaflet before use</s>
<s id="s589.1">3.</s>
<s id="s589.2">EXPIRY DATE</s>
<s id="s590.1">EXP</s>
<s id="s591.1">4.</s>
<s id="s591.2">BATCH NUMBER</s>
<s id="s592.1">Lot</s>
<s id="s593.1">5.</s>
<s id="s593.2">CONTENTS BY WEIGHT, BY VOLUME OR BY UNIT</s>
<s id="s594.1">28 doses 60 doses</s>
<s id="s595.1">6.</s>
<s id="s595.2">OTHER</s>
<s id="s596.1">EMEA/ CHMP/ 123464/ 2006/ΕΝ PARTICULARS TO APPEAR ON THE OUTER PACKAGING</s>
<s id="s597.1">27/ 41</s>
<s id="s598.1">© EMEA 2007</s>
<s id="s599.1">OUTER CARTON</s>
<s id="s600.1">1.</s>
<s id="s600.2">NAME OF THE MEDICINAL PRODUCT</s>
<s id="s601.1">Viani Diskus and associated names (see Annex I) 50/ 250 microgram/ dose inhalation powder, pre- dispensed [See Annex I – To be completed nationally]</s>
<s id="s602.1">Salmeterol xinafoate and fluticasone propionate</s>
<s id="s603.1">2.</s>
<s id="s603.2">STATEMENT OF ACTIVE SUBSTANCE(S)</s>
<s id="s604.1">50 micrograms of salmeterol (as xinafoate) and 250 micrograms of fluticasone propionate per actuation</s>
<s id="s605.1">3.</s>
<s id="s605.2">LIST OF EXCIPIENTS</s>
<s id="s606.1">Lactose monohydrate</s>
<s id="s607.1">4.</s>
<s id="s607.2">PHARMACEUTICAL FORM AND CONTENTS</s>
<s id="s608.1">Inhalation powder, pre-dispensed</s>
<s id="s609.1">1 x 28 inhalations</s>
<s id="s610.1">1 x 60 inhalations</s>
<s id="s611.1">2 x 60 inhalations</s>
<s id="s612.1">3 x 60 inhalations</s>
<s id="s613.1">10 x 60 inhalations</s>
<s id="s614.1">5.</s>
<s id="s614.2">METHOD AND ROUTE(S) OF ADMINISTRATION</s>
<s id="s615.1">Read the package leaflet before use</s>
<s id="s616.1">Inhalation use</s>
<s id="s617.1">6.</s>
<s id="s617.2">SPECIAL WARNING THAT THE MEDICINAL PRODUCT MUST BE STORED OUT OF THE REACH AND SIGHT OF CHILDREN</s>
<s id="s618.1">Keep out of the reach and sight of children</s>
<s id="s619.1">EMEA/ CHMP/ 123464/ 2006/ΕΝ 7.</s>
<s id="s619.2">OTHER SPECIAL WARNING(S), IF NECESSARY</s>
<s id="s620.1">28/ 41</s>
<s id="s621.1">© EMEA 2007</s>
<s id="s622.1">8.</s>
<s id="s622.2">EXPIRY DATE</s>
<s id="s623.1">EXP</s>
<s id="s624.1">9.</s>
<s id="s624.2">SPECIAL STORAGE CONDITIONS</s>
<s id="s625.1">Do not store above 30°C</s>
<s id="s626.1">10.</s>
<s id="s626.2">SPECIAL PRECAUTIONS FOR DISPOSAL OF UNUSED MEDICINAL PRODUCTS OR WASTE MATERIALS DERIVED FROM SUCH MEDICINAL PRODUCTS, IF APPROPRIATE</s>
<s id="s627.1">11.</s>
<s id="s627.2">NAME AND ADDRESS OF THE MARKETING AUTHORISATION HOLDER</s>
<s id="s628.1">[See Annex I - To be completed nationally]</s>
<s id="s629.1">12.</s>
<s id="s629.2">MARKETING AUTHORISATION NUMBER(S)</s>
<s id="s630.1">[To be completed nationally]</s>
<s id="s631.1">13.</s>
<s id="s631.2">BATCH NUMBER</s>
<s id="s632.1">Lot</s>
<s id="s633.1">14.</s>
<s id="s633.2">GENERAL CLASSIFICATION FOR SUPPLY</s>
<s id="s634.1">[To be completed nationally]</s>
<s id="s635.1">15.</s>
<s id="s635.2">INSTRUCTIONS ON USE</s>
<s id="s636.1">16.</s>
<s id="s636.2">INFORMATION IN BRAILLE</s>
<s id="s637.1">[To be completed nationally]</s>
<s id="s638.1">EMEA/ CHMP/ 123464/ 2006/ΕΝ</s>
<s id="s639.1">29/ 41</s>
<s id="s640.1">© EMEA 2007</s>
<s id="s641.1">MINIMUM PARTICULARS TO APPEAR ON SMALL IMMEDIATE PACKAGING UNITS</s>
<s id="s642.1">DISKUS LABEL</s>
<s id="s643.1">1.</s>
<s id="s643.2">NAME OF THE MEDICINAL PRODUCT AND ROUTE(S) OF ADMINISTRATION</s>
<s id="s644.1">Viani Diskus and associated names (see Annex I) 50/ 250 microgram/ dose inhalation powder, pre- dispensed [See Annex I – To be completed nationally]</s>
<s id="s645.1">Salmeterol xinafoate and fluticasone propionate</s>
<s id="s646.1">Inhalation use</s>
<s id="s647.1">2.</s>
<s id="s647.2">METHOD OF ADMINISTRATION</s>
<s id="s648.1">Read the package leaflet before use</s>
<s id="s649.1">3.</s>
<s id="s649.2">EXPIRY DATE</s>
<s id="s650.1">EXP</s>
<s id="s651.1">4.</s>
<s id="s651.2">BATCH NUMBER</s>
<s id="s652.1">Lot</s>
<s id="s653.1">5.</s>
<s id="s653.2">CONTENTS BY WEIGHT, BY VOLUME OR BY UNIT</s>
<s id="s654.1">28 doses 60 doses</s>
<s id="s655.1">6.</s>
<s id="s655.2">OTHER</s>
<s id="s656.1">EMEA/ CHMP/ 123464/ 2006/ΕΝ PARTICULARS TO APPEAR ON THE OUTER PACKAGING</s>
<s id="s657.1">30/ 41</s>
<s id="s658.1">© EMEA 2007</s>
<s id="s659.1">OUTER CARTON</s>
<s id="s660.1">1.</s>
<s id="s660.2">NAME OF THE MEDICINAL PRODUCT</s>
<s id="s661.1">Viani Diskus and associated names (see Annex I) 50/ 500 microgram/ dose inhalation powder, pre- dispensed [See Annex I – To be completed nationally]</s>
<s id="s662.1">Salmeterol xinafoate and fluticasone propionate</s>
<s id="s663.1">2.</s>
<s id="s663.2">STATEMENT OF ACTIVE SUBSTANCE(S)</s>
<s id="s664.1">50 micrograms of salmeterol (as xinafoate) and 500 micrograms of fluticasone propionate per actuation</s>
<s id="s665.1">3.</s>
<s id="s665.2">LIST OF EXCIPIENTS</s>
<s id="s666.1">Lactose monohydrate</s>
<s id="s667.1">4.</s>
<s id="s667.2">PHARMACEUTICAL FORM AND CONTENTS</s>
<s id="s668.1">Inhalation powder, pre-dispensed</s>
<s id="s669.1">1 x 28 inhalations</s>
<s id="s670.1">1 x 60 inhalations</s>
<s id="s671.1">2 x 60 inhalations</s>
<s id="s672.1">3 x 60 inhalations</s>
<s id="s673.1">10 x 60 inhalations</s>
<s id="s674.1">5.</s>
<s id="s674.2">METHOD AND ROUTE(S) OF ADMINISTRATION</s>
<s id="s675.1">Read the package leaflet before use</s>
<s id="s676.1">Inhalation use</s>
<s id="s677.1">6.</s>
<s id="s677.2">SPECIAL WARNING THAT THE MEDICINAL PRODUCT MUST BE STORED OUT OF THE REACH AND SIGHT OF CHILDREN</s>
<s id="s678.1">Keep out of the reach and sight of children</s>
<s id="s679.1">EMEA/ CHMP/ 123464/ 2006/ΕΝ 7.</s>
<s id="s679.2">OTHER SPECIAL WARNING(S), IF NECESSARY</s>
<s id="s680.1">31/ 41</s>
<s id="s681.1">© EMEA 2007</s>
<s id="s682.1">8.</s>
<s id="s682.2">EXPIRY DATE</s>
<s id="s683.1">EXP</s>
<s id="s684.1">9.</s>
<s id="s684.2">SPECIAL STORAGE CONDITIONS</s>
<s id="s685.1">Do not store above 30°C</s>
<s id="s686.1">10.</s>
<s id="s686.2">SPECIAL PRECAUTIONS FOR DISPOSAL OF UNUSED MEDICINAL PRODUCTS OR WASTE MATERIALS DERIVED FROM SUCH MEDICINAL PRODUCTS, IF APPROPRIATE</s>
<s id="s687.1">11.</s>
<s id="s687.2">NAME AND ADDRESS OF THE MARKETING AUTHORISATION HOLDER</s>
<s id="s688.1">[See Annex I - To be completed nationally]</s>
<s id="s689.1">12.</s>
<s id="s689.2">MARKETING AUTHORISATION NUMBER(S)</s>
<s id="s690.1">[To be completed nationally]</s>
<s id="s691.1">13.</s>
<s id="s691.2">BATCH NUMBER</s>
<s id="s692.1">Lot</s>
<s id="s693.1">14.</s>
<s id="s693.2">GENERAL CLASSIFICATION FOR SUPPLY</s>
<s id="s694.1">[To be completed nationally]</s>
<s id="s695.1">15.</s>
<s id="s695.2">INSTRUCTIONS ON USE</s>
<s id="s696.1">16.</s>
<s id="s696.2">INFORMATION IN BRAILLE</s>
<s id="s697.1">[To be completed nationally]</s>
<s id="s698.1">EMEA/ CHMP/ 123464/ 2006/ΕΝ</s>
<s id="s699.1">32/ 41</s>
<s id="s700.1">© EMEA 2007</s>
<s id="s701.1">MINIMUM PARTICULARS TO APPEAR ON SMALL IMMEDIATE PACKAGING UNITS</s>
<s id="s702.1">DISKUS LABEL</s>
<s id="s703.1">1.</s>
<s id="s703.2">NAME OF THE MEDICINAL PRODUCT AND ROUTE(S) OF ADMINISTRATION</s>
<s id="s704.1">Viani Diskus and associated names (see Annex I) 50/ 500 microgram/ dose inhalation powder, pre- dispensed [See Annex I – To be completed nationally]</s>
<s id="s705.1">Salmeterol xinafoate and fluticasone propionate</s>
<s id="s706.1">Inhalation use</s>
<s id="s707.1">2.</s>
<s id="s707.2">METHOD OF ADMINISTRATION</s>
<s id="s708.1">Read the package leaflet before use</s>
<s id="s709.1">3.</s>
<s id="s709.2">EXPIRY DATE</s>
<s id="s710.1">EXP</s>
<s id="s711.1">4.</s>
<s id="s711.2">BATCH NUMBER</s>
<s id="s712.1">Lot</s>
<s id="s713.1">5.</s>
<s id="s713.2">CONTENTS BY WEIGHT, BY VOLUME OR BY UNIT</s>
<s id="s714.1">28 doses 60 doses</s>
<s id="s715.1">6.</s>
<s id="s715.2">OTHER</s>
<s id="s716.1">EMEA/ CHMP/ 123464/ 2006/ΕΝ</s>
<s id="s717.1">PACKAGE LEAFLET</s>
<s id="s718.1">33/ 41</s>
<s id="s719.1">© EMEA 2007</s>
<s id="s720.1">EMEA/ CHMP/ 123464/ 2006/ΕΝ</s>
<s id="s721.1">34/ 41</s>
<s id="s722.1">© EMEA 2007</s>
<s id="s723.1">PACKAGE LEAFLET:</s>
<s id="s723.2">INFORMATION FOR THE USER</s>
<s id="s724.1">Viani Diskus and associated names (see Annex I) 50/ 100 microgram/ dose inhalation powder, pre- dispensed Viani Diskus and associated names (see Annex I) 50/ 250 microgram/ dose inhalation powder, pre- dispensed Viani Diskus and associated names (see Annex I) 50/ 500 microgram/ dose inhalation powder, pre- dispensed [See Annex I – To be completed nationally]</s>
<s id="s725.1">Salmeterol xinafoate and fluticasone propionate</s>
<s id="s726.1">Read all of this leaflet carefully before you start taking this medicine.</s>
<s id="s727.1">- Keep this leaflet.</s>
<s id="s727.2">You may need to read it again.</s>
<s id="s728.1">- If you have any further questions, ask your doctor or pharmacist.</s>
<s id="s729.1">- This medicine has been prescribed for you.</s>
<s id="s729.2">Do not pass it on to others.</s>
<s id="s729.3">It may harm them, even</s>
<s id="s730.1">if their symptoms are the same as yours.</s>
<s id="s731.1">- If any of the side effects gets serious, or if you notice any side effects not listed in this leaflet,</s>
<s id="s732.1">please tell your doctor or pharmacist.</s>
<s id="s733.1">In this leaflet:</s>
<s id="s733.2">1.</s>
<s id="s733.3">What Viani is and what it is used for 2.</s>
<s id="s733.4">Before you take Viani 3.</s>
<s id="s733.5">How to take Viani 4.</s>
<s id="s733.6">Possible side effects 5.</s>
<s id="s733.7">How to store Viani 6.</s>
<s id="s733.8">Further information</s>
<s id="s734.1">1.</s>
<s id="s734.2">WHAT VIANI IS AND WHAT IT IS USED FOR</s>
<s id="s735.1">Viani is supplied to you in an inhaler device which contains a foil strip.</s>
<s id="s735.2">The foil protects the powder for inhalation from the effects of the atmosphere.</s>
<s id="s735.3">Each dose contains 50 micrograms of salmeterol (as xinafoate) together with either 100, 250 or 500 micrograms of fluticasone propionate.</s>
<s id="s736.1">Salmeterol is one of a group of medicines called long-acting bronchodilators (effect lasting for at least 12 hours).</s>
<s id="s736.2">It helps the airways in the lung to stay open making it easier for air to get in and out.</s>
<s id="s736.3">Fluticasone propionate is one of a group of medicines called corticosteroids which reduces swelling and irritation in the lungs.</s>
<s id="s736.4">This combination of salmeterol and fluticasone propionate when used regularly prevents asthma attacks occurring.</s>
<s id="s736.5">Viani does not work in controlling sudden attacks of breathlessness and wheezing where you would need to use your fast acting ‘ rescue’ medication.</s>
<s id="s736.6">Viani Diskus is also used for the regular treatment of the symptoms of severe Chronic Obstructive Pulmonary Disease (COPD).</s>
<s id="s736.7">To work properly in controlling asthma and treating COPD symptoms, Viani must be taken every day as directed by your doctor.</s>
<s id="s737.1">2.</s>
<s id="s737.2">BEFORE YOU TAKE VIANI</s>
<s id="s738.1">Do not take Viani If you are allergic (hypersensitive) to salmeterol xinafoate, fluticasone propionate or to the other ingredient lactose monohydrate.</s>
<s id="s739.1">Take special care with Viani Your doctor will supervise your treatment more closely if you have medical conditions such as heart disease including an irregular or fast heart beat, overactive thyroid gland, high blood pressure, diabetes mellitus (Viani may increase your blood sugar), low potassium in your blood or if you are being, or have been treated for tuberculosis (TB).</s>
<s id="s739.2">EMEA/ CHMP/ 123464/ 2006/ΕΝ</s>
<s id="s740.1">35/ 41</s>
<s id="s741.1">© EMEA 2007</s>
<s id="s742.1">Viani Diskus contains up to 12.5 milligrams of lactose in each dose.</s>
<s id="s742.2">However, the amount of lactose in this medicine does not normally cause problems in lactose intolerant people.</s>
<s id="s743.1">If you are using high doses of Viani for a long time, one of the active ingredients, fluticasone propionate, may stop the natural production of steroid hormones by the adrenal gland.</s>
<s id="s743.2">This may cause thinning of the bones, cataract, glaucoma, weight gain, rounded (moon shaped) face, high blood pressure and slowing of growth in children and adolescents.</s>
<s id="s743.3">Your doctor will check you regularly for any of these side effects and to make sure you are taking the lowest dose of Viani to control your asthma.</s>
<s id="s744.1">Very rarely side effects may occur if you have taken high doses of Viani for a long time and you stop or reduce your dose suddenly.</s>
<s id="s744.2">Side effects may also occur if you get an infection or at times of extreme stress (such as after a serious accident or if you have surgery).</s>
<s id="s744.3">These effects include stomach pain, tiredness, loss of appetite, sickness, diarrhoea, weight loss, headache or drowsiness, low levels of potassium in your blood, low blood pressure and seizures.</s>
<s id="s744.4">To prevent these symptoms occurring, your doctor may prescribe extra corticosteroids during this time.</s>
<s id="s745.1">Taking other medicines Please tell your doctor if you are taking or have recently taken any other medicines, including those for asthma or any medicines obtained without a prescription.</s>
<s id="s745.2">In some cases, Viani may not be suitable to be taken with other medicines.</s>
<s id="s746.1">Your doctor will need to know if you have recently been treated with corticosteroids (orally or by injection).</s>
<s id="s746.2">This is to reduce the risk of affecting the function of your adrenal gland.</s>
<s id="s747.1">Viani should not be taken with medicines called β -blockers (such as atenolol, propranolol, sotalol), unless your doctor tells you to do so.</s>
<s id="s747.2">Some types of antiviral and antifungal medication (such as ritonavir, ketoconazole and itraconazole) may increase the amount of fluticasone propionate in your body and therefore increase your risk of having side effects.</s>
<s id="s747.3">Only take these medicines whilst on Viani, if told to do so by your doctor.</s>
<s id="s748.1">Pregnancy and breast-feeding You should ask your doctor for advice before taking Viani whilst you are pregnant or breastfeeding.</s>
<s id="s748.2">The doctor will assess whether you can take Viani during this time.</s>
<s id="s749.1">Driving and using machines The possible side effects associated with Viani are unlikely to affect your ability to drive or use machines.</s>
<s id="s750.1">3.</s>
<s id="s750.2">HOW TO TAKE VIANI</s>
<s id="s751.1">Dosage It is very important that you take your Viani every day as directed, until you are advised to stop by your doctor.</s>
<s id="s752.1">Viani Diskus is for inhalation by mouth only.</s>
<s id="s753.1">EMEA/ CHMP/ 123464/ 2006/ΕΝ Asthma</s>
<s id="s754.1">36/ 41</s>
<s id="s755.1">© EMEA 2007</s>
<s id="s756.1">Adults and adolescents 12 years and over</s>
<s id="s757.1">Viani 50/ 100 Diskus Viani 50/ 250 Diskus Viani 50/ 500 Diskus</s>
<s id="s758.1">One inhalation twice a day One inhalation twice a day One inhalation twice a day</s>
<s id="s759.1">Children 4 to 12 years of age</s>
<s id="s760.1">Viani 50/ 100 Diskus</s>
<s id="s761.1">One inhalation twice a day</s>
<s id="s762.1">This medicine if not recommended</s>
<s id="s763.1">for use in children below 4 years of age.</s>
<s id="s764.1">COPD</s>
<s id="s765.1">Adults</s>
<s id="s766.1">Viani 50/ 500 Diskus</s>
<s id="s767.1">One inhalation twice a day</s>
<s id="s768.1">The doctor will prescribe the lowest strength of Viani Diskus that will best control your symptoms.</s>
<s id="s768.2">If your symptoms are well controlled using Viani Diskus twice daily, your doctor may decide to reduce your dose to once daily.</s>
<s id="s768.3">This may be either once at night if you have night-time symptoms or once in the morning if you have daytime symptoms.</s>
<s id="s768.4">It is very important to follow your doctor’ s instructions as to how many inhalations to take and how often to take your medicine.</s>
<s id="s769.1">If you find it difficult to breathe or your wheezing gets worse after taking Viani, stop using it immediately and tell your doctor straightaway so they can assess your treatment.</s>
<s id="s770.1">If your asthma gets worse or is not well controlled (you will feel wheezy and need more of your fast acting ‘ rescue’ medicine), do not increase the number of inhalations of Viani you take.</s>
<s id="s770.2">See your doctor immediately so they can review your condition and assess the medication you need to take.</s>
<s id="s771.1">Do not use Viani to treat a sudden attack of breathlessness or wheezing as it will not help you immediately.</s>
<s id="s771.2">You must use your fast acting ‘ rescue’ medicine (such as salbutamol) for this purpose which you should carry with you at all times.</s>
<s id="s771.3">Be careful not to confuse your Viani inhaler with your ‘ rescue’ inhaler.</s>
<s id="s772.1">Instructions for proper use Your doctor, nurse or pharmacist should instruct you in the proper use of your inhaler.</s>
<s id="s773.1">When you first take Viani Diskus out of the box, it will be in the closed position.</s>
<s id="s774.1">The Diskus device holds blisters containing Viani in powder form.</s>
<s id="s774.2">There is a counter on top of the Diskus which tells you how many doses are left.</s>
<s id="s774.3">It counts down to 0 and numbers 5 to 0 will appear in red to warn you when there are only a few doses left.</s>
<s id="s774.4">Once the counter shows 0, your inhaler is empty.</s>
<s id="s775.1">Use of the inhaler</s>
<s id="s776.1">Sliding the lever of the Diskus opens a small hole in the mouthpiece and opens a blister in a foil strip, ready for you to inhale the powder.</s>
<s id="s776.2">When you close the Diskus, the lever automatically moves back to the original position, with the outer casing protecting the Diskus when not in use.</s>
<s id="s776.3">When you need to use it, follow these steps:</s>
<s id="s777.1">EMEA/ CHMP/ 123464/ 2006/ΕΝ</s>
<s id="s778.1">37/ 41</s>
<s id="s779.1">© EMEA 2007</s>
<s id="s780.1">1.</s>
<s id="s780.2">OPEN: to open your Diskus, hold the outer case in one hand and put the thumb of your other hand on the thumbgrip.</s>
<s id="s780.3">Push your thumb away from you as far as it will go and you hear a click.</s>
<s id="s781.1">2.</s>
<s id="s781.2">SLIDE:</s>
<s id="s781.3">Hold your Diskus with the mouthpiece towards you.</s>
<s id="s781.4">You can hold it in either your right or left hand.</s>
<s id="s781.5">Slide the lever away from you as far as it will go until it clicks.</s>
<s id="s781.6">Your Diskus is now ready for you to use.</s>
<s id="s781.7">Every time the lever is pulled back a blister is opened and the powder made ready for you to inhale.</s>
<s id="s781.8">Do not play with the lever as this opens the blisters and wastes medicine.</s>
<s id="s782.1">3.</s>
<s id="s782.2">INHALE:</s>
<s id="s782.3">Read this section carefully before taking your medicine.</s>
<s id="s783.1">-</s>
<s id="s784.1">Hold the Diskus away from your mouth, breathe out as far as is comfortable.</s>
<s id="s784.2">Do not breathe into your Diskus inhaler.</s>
<s id="s785.1">-</s>
<s id="s786.1">Put the mouthpiece to your lips; breathe in steadily and deeply through the Diskus, not through your nose.</s>
<s id="s787.1">-</s>
<s id="s788.1">Remove the Diskus from your mouth.</s>
<s id="s789.1">-</s>
<s id="s790.1">Hold your breath for about 10 seconds or for as long as is comfortable.</s>
<s id="s791.1">-</s>
<s id="s792.1">Breathe out slowly.</s>
<s id="s793.1">-</s>
<s id="s794.1">Rinse your mouth with water and spit it out as this may help prevent the occurrence of thrush and hoarseness.</s>
<s id="s795.1">4.</s>
<s id="s795.2">CLOSE:</s>
<s id="s796.1">- To close the Diskus, slide the thumbgrip back towards you, as far as it will go.</s>
<s id="s797.1">EMEA/ CHMP/ 123464/ 2006/ΕΝ</s>
<s id="s798.1">38/ 41</s>
<s id="s799.1">© EMEA 2007</s>
<s id="s800.1">- When you close the Diskus, it clicks shut.</s>
<s id="s800.2">The lever will return to its original position</s>
<s id="s801.1">and is reset.</s>
<s id="s801.2">Your Diskus is now ready for you to use again.</s>
<s id="s802.1">Cleaning your inhaler</s>
<s id="s803.1">Wipe the mouthpiece of the Diskus with a dry tissue to clean it.</s>
<s id="s804.1">If you take more Viani than you should It is important to take Viani as your doctor recommended.</s>
<s id="s804.2">If you accidentally take a larger dose, you may develop side effects such as your heart beating faster than usual, feeling shaky, headache, muscle weakness, aching joints and also a reduction of steroid hormones produced by the adrenal gland.</s>
<s id="s804.3">These effects usually wear off with continued treatment, however, if you have used larger doses for a long period of time, you should contact your doctor or pharmacist for advice.</s>
<s id="s805.1">If you forget to take Viani If you forget to take your medicine, take your next dose when it is due.</s>
<s id="s805.2">Do not take a double dose to make up for a forgotten dose.</s>
<s id="s806.1">If you stop taking Viani It is very important that you take your Viani every day as directed, until you are advised to stop by your doctor.</s>
<s id="s806.2">Do not stop taking Viani suddenly as this could make your symptoms worse and could cause problems with the body’ s hormones.</s>
<s id="s807.1">If you have any further questions on the use of this product, ask your doctor or pharmacist.</s>
<s id="s808.1">4.</s>
<s id="s808.2">POSSIBLE SIDE EFFECTS</s>
<s id="s809.1">Like all medicines, Viani can cause side effects, although not everybody gets them.</s>
<s id="s809.2">To help prevent side effects occurring, your doctor will make sure you are on the lowest dose of Viani that will control your asthma.</s>
<s id="s809.3">These are the side effects reported by people taking Viani.</s>
<s id="s810.1">Very Common effects: this means that more than 1 in 10 people taking the medicine are affected.</s>
<s id="s811.1">- Headache, although this side effect usually lessens as treatment continues.</s>
<s id="s812.1">Common effects: means that between 1 in 10 and 1 in 100 people taking the medicine are affected.</s>
<s id="s813.1">- Thrush (sore, creamy-yellow, raised patches) in the mouth and throat.</s>
<s id="s813.2">Soreness of the tongue,</s>
<s id="s814.1">throat and hoarseness of the voice.</s>
<s id="s814.2">Rinsing the mouth out with water and spitting it out immediately after taking each puff may help.</s>
<s id="s814.3">Your doctor may prescribe additional anti fungal medication to treat the thrush.</s>
<s id="s815.1">- Feeling shaky and fast or irregular heartbeat (palpitations).</s>
<s id="s815.2">These side effects are usually</s>
<s id="s816.1">harmless and lessen as treatment continues.</s>
<s id="s817.1">- Muscle cramps.</s>
<s id="s818.1">EMEA/ CHMP/ 123464/ 2006/ΕΝ Uncommon effects: means that between 1 in 100 and 1 affected. - Rash</s>
<s id="s819.1">39/ 41 in 1000 people taking the medicine are</s>
<s id="s820.1">© EMEA 2007</s>
<s id="s821.1">- Very fast heart rate (tachycardia).</s>
<s id="s822.1">Very rare: means that fewer than 1 in 10,000 people taking the medicine are affected.</s>
<s id="s823.1">- Signs of allergy, such as itching, swelling (usually of the face, lips, tongue or throat), difficulty</s>
<s id="s824.1">in breathing, wheezing or coughing (bronchospasm).</s>
<s id="s824.2">If you notice these symptoms or they appear suddenly after taking Viani, tell your doctor immediately as you could be allergic to Viani.</s>
<s id="s825.1">- Viani may affect the normal production of steroid hormones in the body, particularly if you</s>
<s id="s826.1">have taken high doses for long periods of time.</s>
<s id="s826.2">The effects are slowing of growth in children and adolescents, thinning of the bones, cataract, glaucoma, weight gain, high blood pressure and rounded (moon shaped) face (Cushing’ s Syndrome).</s>
<s id="s827.1">- Uneven heartbeat or heart gives an extra beat (arrhythmias).</s>
<s id="s827.2">Tell your doctor, but do not stop</s>
<s id="s828.1">taking Viani unless they tell you to do so.</s>
<s id="s829.1">- Increases in the amount of sugar (glucose) in your blood (hyperglycaemia).</s>
<s id="s829.2">If you have</s>
<s id="s830.1">diabetes, more frequent blood sugar monitoring and possibly adjustment of your usual diabetic treatment may be required.</s>
<s id="s831.1">- Feeling anxious, disturbed sleep and behavioural changes, such as being unusually active and</s>
<s id="s832.1">irritable (mainly in children).</s>
<s id="s833.1">- Breathing difficulties or wheezing (bronchospasm) worsens immediately after taking Viani.</s>
<s id="s834.1">- Aching, swollen joints and muscle pain.</s>
<s id="s835.1">If any of the side effects become serious, or if you notice any side effects not listed in this leaflet, please tell your doctor or pharmacist.</s>
<s id="s836.1">5.</s>
<s id="s836.2">HOW TO STORE VIANI</s>
<s id="s837.1">Keep out of the reach and sight of children.</s>
<s id="s838.1">Do not store above 30°C.</s>
<s id="s839.1">Do not use Viani after the expiry date which is stated on the label and carton.</s>
<s id="s840.1">Medicines should not be disposed of via wastewater or household waste.</s>
<s id="s840.2">Ask your pharmacist how to dispose of medicines no longer required.</s>
<s id="s840.3">These measures will help to protect the environment.</s>
<s id="s841.1">6.</s>
<s id="s841.2">FURTHER INFORMATION</s>
<s id="s842.1">What Viani contains</s>
<s id="s843.1">- The active substance(s) are 50 micrograms salmeterol (as xinafoate) and 100, 250 or 500</s>
<s id="s844.1">micrograms fluticasone propionate.</s>
<s id="s845.1">- The other ingredient is lactose monohydrate (which contains milk proteins).</s>
<s id="s846.1">EMEA/ CHMP/ 123464/ 2006/ΕΝ What Viani looks like and contents of the pack</s>
<s id="s847.1">40/ 41</s>
<s id="s848.1">© EMEA 2007</s>
<s id="s849.1">Inhalation powder, pre-dispensed.</s>
<s id="s850.1">The devices are packed in cartons which hold:</s>
<s id="s851.1">1 x Diskus 28 inhalations</s>
<s id="s852.1">or 1, 2, 3 or 10 x Diskus each containing 60 inhalations</s>
<s id="s853.1">Not all pack sizes may be marketed.</s>
<s id="s854.1">Marketing Authorisation Holder and Manufacturer</s>
<s id="s855.1">Marketing Authorisation Holder:</s>
<s id="s855.2">[See Annex I - To be completed nationally]</s>
<s id="s856.1">Manufacturer:</s>
<s id="s856.2">Glaxo Operations UK Ltd (trading as Glaxo Wellcome Operations), Priory Street, Ware, Hertfordshire SG12 ODJ, United Kingdom.</s>
<s id="s856.3">Tel: +44 (0)1920 463993 Fax: +44 (0)1920 864000</s>
<s id="s857.1">This medicinal product is authorised in the Member States of the EEA under the following names:</s>
<s id="s858.1">Austria Belgium Finland France Germany Ireland Italy Luxembourg Portugal Spain Sweden United Kingdom</s>
<s id="s859.1">Viani Diskus Viani Diskus Viani Diskus Viani Diskus Viani Diskus Viani Diskus Aliflus Diskus Viani Diskus Vesaspir Diskus Brisair Accuhaler Viani Diskus Viani Accuhaler</s>
<s id="s860.1">This leaflet was last approved in {MM/ YYYY}.</s>
<s id="s861.1">[To be completed nationally]</s>
<s id="s862.1">&lt; Detailed information on this medicine is available on the web site of {MA/Agency} &gt;</s>
<s id="s863.1">EMEA/ CHMP/ 123464/ 2006/ΕΝ</s>
<s id="s864.1">41/ 41</s>
<s id="s865.1">© EMEA 2007</s>
</body>
</letsmt>
