<?xml version="1.0" encoding="utf-8"?>
<letsmt version="1.0">
<head></head>
<body>
<s id="s1.1">European Medicines Agency</s>
<s id="s2.1">4 July 2006 EMEA/ 306421/ 2006</s>
<s id="s3.1">COMMITTEE FOR MEDICINAL PRODUCTS FOR HUMAN USE (CHMP)</s>
<s id="s4.1">SUMMARY INFORMATION ON REFERRAL OPINION PERSUANT TO ARTICLE 6(13) OF COMMISSSION REGULATION (EC) No 1084/ 2003 FOR</s>
<s id="s5.1">VIANI DISKUS and associated names (See Annex I)</s>
<s id="s6.1">International Non-Proprietary Name (INN): salmeterol / fluticasone</s>
<s id="s7.1">BACKGROUND INFORMATION Viani Diskus and associated names (see Annex I) contain salmeterol and fluticasone propionate, a fixed dose combination of the long acting β -agonist salmeterol and the inhaled corticosteroid fluticasone propionate and is indicated for the regular treatment of asthma where use of a combination product (long-acting beta-2-agonist and inhaled corticosteroid) is appropriate: - patients not adequately controlled with inhaled corticosteroids and ‘ as needed’ inhaled short acting beta-2-agonist or - patients already adequately controlled on both inhaled corticosteroid and long-acting beta-2-agonist.</s>
<s id="s8.1">In several EU Member States Viani Diskus and associated names are approved through the Mutual Recognition Procedure (MRP).</s>
<s id="s8.2">In the MRP Sweden is the Reference Member State (RMS) and Austria, Belgium, Finland, France, Germany, Italy, Ireland, Luxembourg, Portugal, Spain and the United Kingdom are Concerned Member States (CMS).</s>
<s id="s8.3">The Marketing Authorisation Holders submitted a type II variation subject to the MRP in July 2004 to extend the indication to include initial maintenance therapy with the fixed dose combination in patients with chronic persistent asthma.</s>
<s id="s8.4">The RMS and CMSs rejected the type II variation based on the grounds that the overall risk/ benefit was unfavourable for the initial maintenance therapy indication.</s>
<s id="s8.5">On 12 August 2005 the Marketing Authorisation Holders presented to the EMEA a referral under article 6(13) of Commission Regulation (EC) No 1084/ 2003.</s>
<s id="s8.6">On the basis of the grounds for referral, the point considered by the CHMP was whether it is appropriate to introduce initial maintenance therapy with the fixed dose combination of salmeterol and fluticasone propionate in all patients with chronic persistent asthma.</s>
<s id="s8.7">The referral procedure started on 19 September 2005.</s>
<s id="s8.8">The Rapporteur and Co-Rapporteur appointed were Dr D Lyons and Dr G Calvo Rojas, respectively.</s>
<s id="s8.9">Supplementary information was provided by the Marketing Authorisation Holders on 3 February 2006 and written explanations were given on 30 March 2006.</s>
<s id="s8.10">Based on evaluation of the available data and the Rapporteur’ s assessment reports, the CHMP adopted an opinion on 27 April 2006 recommending the variation to the terms of the Marketing Authorisations with amendments to the Summary of Product Characteristics, Labelling and Package leaflet.</s>
<s id="s8.11">The list of product names concerned is given in the Annex I.</s>
<s id="s8.12">The scientific conclusions are provided in the Annex II, together with the amended Summary of Product Characteristics, Labelling and Package Leaflet in the Annex III.</s>
<s id="s8.13">The final opinion was converted into a Decision by the European Commission on 4 July 2006.</s>
<s id="s9.1">7 Westferry Circus, Canary Wharf, London, E14 4HB, UK Tel.</s>
<s id="s9.2">(44-20) 74 18 84 00 Fax (44-20) 74 18 86 68 E-mail: mail@emea. europa. eu http: / /www. emea. europa. eu EMEA 2007 Reproduction and/ or distribution of this document is authorised for non commercial purposes only provided the EMEA is acknowledged *Note: the information given in this document and Annexes reflect only the CHMP Opinion dated 27 April 2006.</s>
<s id="s9.3">The Member States competent authorities will continue to keep the product under regular review.</s>
<s id="s10.1">EMEA/ 306421/ 2006</s>
<s id="s11.1">Page 2/ 2</s>
<s id="s12.1">©EMEA 2007</s>
</body>
</letsmt>
