<?xml version="1.0" encoding="utf-8"?>
<letsmt version="1.0">
<head></head>
<body>
<s id="s1.1">ANNEX I</s>
<s id="s2.1">LIST OF THE NAMES, PHARMACEUTICAL FORM, STRENGTH OF THE MEDICINAL PRODUCTS, ROUTE OF ADMINISTRATION, APPLICANTS AND MARKETING AUTHORISATION HOLDER IN THE MEMBER STATE</s>
<s id="s3.1">1 Member State EU/ EEA</s>
<s id="s4.1">Marketing Authorisation Holder</s>
<s id="s5.1">Applicant</s>
<s id="s6.1">(Invented) Name Strength</s>
<s id="s7.1">Pharmaceutical Form</s>
<s id="s8.1">Route of administration</s>
<s id="s9.1">Content (concentration)</s>
<s id="s10.1">Austria</s>
<s id="s11.1">Kedrion S. p. A.</s>
<s id="s11.2">Loc Ai Conti 55051 Castelvecchio Pascoli, Barga (Lucca) - ITALY</s>
<s id="s12.1">UMAN BIG 180 180 IU/ ml I. E. / ml Injektionslösung</s>
<s id="s13.1">Solution for injection</s>
<s id="s14.1">Intramuscular use</s>
<s id="s15.1">180 IU/ ml 540IU/ 3ml</s>
<s id="s16.1">Denmark</s>
<s id="s17.1">Kedrion S. p. A.</s>
<s id="s17.2">Loc Ai Conti 55051 Castelvecchio Pascoli, Barga (Lucca) - ITALY</s>
<s id="s18.1">UMAN BIG 180 IU/ ml</s>
<s id="s19.1">Solution for injection</s>
<s id="s20.1">Intramuscular use</s>
<s id="s21.1">180 IU/ ml 540IU/ 3ml</s>
<s id="s22.1">Germany</s>
<s id="s23.1">Kedrion S. p. A.</s>
<s id="s23.2">Loc Ai Conti 55051 Castelvecchio Pascoli, Barga (Lucca) - ITALY</s>
<s id="s24.1">UMAN BIG</s>
<s id="s25.1">180 IU/ ml</s>
<s id="s26.1">Solution for injection</s>
<s id="s27.1">Intramuscular use</s>
<s id="s28.1">180 IU/ ml 540IU/ 3ml</s>
<s id="s29.1">Hungary</s>
<s id="s30.1">Kedrion S. p. A.</s>
<s id="s30.2">Loc Ai Conti 55051 Castelvecchio Pascoli, Barga (Lucca) - ITALY</s>
<s id="s31.1">Umanbig 180 NE/ ml</s>
<s id="s32.1">180 IU/ ml</s>
<s id="s33.1">Solution for injection</s>
<s id="s34.1">Intramuscular use</s>
<s id="s35.1">180 IU/ ml 540IU/ 3ml</s>
<s id="s36.1">Italy</s>
<s id="s37.1">Kedrion S. p. A.</s>
<s id="s37.2">Loc Ai Conti 55051 Castelvecchio Pascoli, Barga (Lucca) - ITALY</s>
<s id="s38.1">UMAN BIG</s>
<s id="s39.1">180 IU/ ml</s>
<s id="s40.1">Solution for injection</s>
<s id="s41.1">Intramuscular use</s>
<s id="s42.1">180 IU/ ml 540IU/ 3ml</s>
<s id="s43.1">Poland</s>
<s id="s44.1">Kedrion S. p. A.</s>
<s id="s44.2">Loc Ai Conti 55051 Castelvecchio Pascoli, Barga (Lucca) - ITALY</s>
<s id="s45.1">UMAN BIG</s>
<s id="s46.1">180 IU/ ml</s>
<s id="s47.1">Solution for injection</s>
<s id="s48.1">Intramuscular use</s>
<s id="s49.1">180 IU/ ml 540IU/ 3ml</s>
<s id="s50.1">2 Member State EU/ EEA</s>
<s id="s51.1">Marketing Authorisation Holder</s>
<s id="s52.1">Applicant</s>
<s id="s53.1">(Invented) Name Strength</s>
<s id="s54.1">Pharmaceutical Form</s>
<s id="s55.1">Route of administration</s>
<s id="s56.1">Content (concentration)</s>
<s id="s57.1">Portugal</s>
<s id="s58.1">Kedrion S. p. A.</s>
<s id="s58.2">Loc Ai Conti 55051 Castelvecchio Pascoli, Barga (Lucca) - ITALY</s>
<s id="s59.1">UMAN BIG</s>
<s id="s60.1">180 IU/ ml</s>
<s id="s61.1">Solution for injection</s>
<s id="s62.1">Intramuscular use</s>
<s id="s63.1">180 IU/ ml 540IU/ 3ml</s>
<s id="s64.1">Sweden</s>
<s id="s65.1">Kedrion S. p. A.</s>
<s id="s66.1">Umanbig 180</s>
<s id="s67.1">180 IU/ ml</s>
<s id="s68.1">Solution for</s>
<s id="s69.1">Intramuscular use</s>
<s id="s70.1">180 IU/ ml</s>
<s id="s71.1">Loc Ai Conti 55051 Castelvecchio Pascoli, Barga (Lucca) - ITALY</s>
<s id="s72.1">IU/ ml solution for injection</s>
<s id="s73.1">injection</s>
<s id="s74.1">540IU/ 3ml</s>
<s id="s75.1">3 ANNEX II</s>
<s id="s76.1">SCIENTIFIC CONCLUSIONS</s>
<s id="s77.1">4 SCIENTIFIC CONCLUSIONS</s>
<s id="s78.1">OVERALL SUMMARY OF THE SCIENTIFIC EVALUATION OF UMAN BIG</s>
<s id="s79.1">UMAN BIG is a plasma derived medicinal product preparation of immunoglobulins (mainly IgG) with a specifically high content of antibodies against the hepatitis B virus surface antigen (HBsAg).</s>
<s id="s79.2">UMAN BIG belongs to the pharmacological class of immune sera and human specific immunoglobulins for intramuscular administration and contains 100-180 g/ l of plasma proteins with at least 90% of them representing Immunoglobulin G (IgG).</s>
<s id="s79.3">Specific neutralizing antibodies against the Hepatitis B virus are present at a concentration of not less than 180 IU/ ml.</s>
<s id="s79.4">It has been marketed since 1979, for intramuscular use.</s>
<s id="s79.5">UMAN BIG is manufactured from large pools of human plasma, through a consolidated and validated industrial process that ensures compliance with Ph.</s>
<s id="s79.6">Eur. requirements, as well as reproducibility of quality characteristics, hence consistency of the biological response.</s>
<s id="s79.7">The application for UMAN BIG 180 IU/ ml solution for injection was submitted through the Mutual Recognition Procedure, on the basis of the marketing authorisation granted by the RMS (Italy) on the 2nd of June 1979.</s>
<s id="s80.1">The objecting member state Greece raised a potentially serious risk to public health related to the design of the submitted PK study designed to support the initial application, since the population enrolled in the PK study represents a different patient population from the population intended for the use of UMAN BIG and because the dosage administered was different from the posology indicated in the SPC.</s>
<s id="s80.2">Greece considered that a change in liver function is a common cause of altered drug pharmacokinetics and that the dosage in the PK study was much higher than that recommended in the relevant core SPC and proposed SPC.</s>
<s id="s80.3">Therefore the results of the study can not be extrapolated to the population intended for use and consequently, the protective anti-HBs level in the population intended for use is not known and neither whether the recommended dose in the core SPC could guarantee an appropriate antibody level to prevent hepatitis B in adults and hemodialysed patients as well as newborns of a hepatitis B virus carrier-mother.</s>
<s id="s80.4">During the RMS procedure, the Applicant committed to carry out an observational study on newborns with mothers carrying the hepatitis B virus.</s>
<s id="s80.5">The study protocol was submitted to the RMS and all CMSs.</s>
<s id="s81.1">Although the Reference Member State concluded that the objections raised had been resolved, the Objecting Concerned Member State was still of the opinion that a potential serious risk to public health was identified for this particular product, with regards to safety and efficacy.</s>
<s id="s81.2">The procedure was therefore referred to the CHMP in October 2008.</s>
<s id="s81.3">Following the referral to the CHMP, the Committee noted the position of the RMS and the objecting CMS and decided to adopt a List of Questions addressed to the Blood Products Working Party (BPWP), in order to receive the view of the working party, on both specific issues related to this specific product and on issues related to immunoglobulins in general.</s>
<s id="s82.1">Summary of the report from the BPWP and CHMP position:</s>
<s id="s83.1">1.</s>
<s id="s83.2">Is a single PK study conducted in a population and dose regimen different from the one intended for the Marketing Authorisation adequate and sufficient to support efficacy in all indications foreseen in the European core SPC for immunoglobulins, with no specific efficacy clinical trial?</s>
<s id="s84.1">The Applicant stated that the only relevant measure of efficacy for this kind of product is the level of protective anti-HBs achieved in the plasma, since after the introduction of vaccination it is no longer feasible to assess the efficacy of the product on the basis of the incidence of new infections.</s>
<s id="s84.2">In addition, the Applicant submitted several clinical studies conducted in populations that are representative of the populations indicated in the SPC as bibliographic reference, which confirm the efficacy of UMAN BIG in the claimed indications.</s>
<s id="s84.3">The Applicant also demonstrated the impossibility to perform any clinical study in any of the populations included in the indication, apart from newborns, after the introduction of the vaccination.</s>
<s id="s85.1">The Applicant submitted data from study PK KB-036, which evaluates the PK profile of Hepatitis B</s>
<s id="s86.1">5 immunoglobulins in HBs-Ag-Negative patients who have received liver transplantation (OLT patients) in order to support the efficacy of the product.</s>
<s id="s86.2">The study was performed in different populations and in much higher posology than recommended in the relevant core SPC because the Applicant considered that the indications, posology and pharmacokinetic information reported in the core SPC are not product specific, but rather that they apply to products complying with the relative European Pharmacopoeia monograph, such as UMAN BIG.</s>
<s id="s86.3">The Applicant provided bibliographic data showing that the pharmacokinetics of UMAN BIG in the population in which the PK study was carried out is super-imposable to that of healthy volunteers; therefore the population of study KB 036, although representing a specific subset of patients, did not influence the results obtained.</s>
<s id="s86.4">Literature references show also that the pharmacokinetic profile of UMAN BIG is comparable to that of other intramuscular Hepatitis B immunoglobulin products.</s>
<s id="s87.1">The Applicant provided comprehensive published data on the use of UMAN BIG in the prophylaxis of hepatitis B in newborns from HBsAg carrier mothers, demonstrating its efficacy in this particular subset of population.</s>
<s id="s87.2">More than 1,000 Italian newborns included in the studies (published between 1983 and 2001) received UMAN BIG and the dose regimen and protective threshold (10 mIU/ ml) are consistent with the provisions of the current core SPC and proposed SPC.</s>
<s id="s87.3">There are enough data regarding the safety and PK of UMAN BIG in newborns, administered for the prevention of HBV transmission from HBsAg infected mothers.</s>
<s id="s87.4">There is also convincing evidence that UMAN BIG, along with active anti-HBV immunization, prevented transmission of HBV to newborns from anti- HBe+ mothers.</s>
<s id="s87.5">Finally, the papers quoted by the Applicant indicate that UMAN BIG prevented newborns from HBeAg infected mothers from becoming chronic HBsAg carriers.</s>
<s id="s88.1">The BPWP considered that UMAN BIG adheres to the Ph.</s>
<s id="s88.2">Eur.</s>
<s id="s88.3">Monograph (0722) and has shown a PK and safety profile within the expected ranges of an immunoglobulin, in a study in stabilized HBsAg/ HBeAg negative post-liver transplant patients.</s>
<s id="s88.4">Levels of antibodies of ≥ 100IU/ ml were achieved.</s>
<s id="s88.5">Furthermore, published data from non-sponsor driven studies using UMAN BIG in the prophylaxis of hepatitis B in approximately 1000 newborns of HBsAg carrier mothers was submitted.</s>
<s id="s88.6">The dose regimen and protective threshold were consistent with the current core SPC.</s>
<s id="s88.7">Based on the proof-of-principle applied to all immunoglobulins, the BPWP considered that submitting a single PK study is acceptable.</s>
<s id="s89.1">The CHMP noted that UMAN BIG is manufactured from large pools of human plasma, through a consolidated and validated industrial process and that the conformity of UMAN BIG to Ph.</s>
<s id="s89.2">Eur.</s>
<s id="s89.3">Monographs is well established.</s>
<s id="s89.4">The PK KB-036 study demonstrates that the anti-HBsAg antibodies in UMAN BIG maintain the kinetic profile of the natural antibodies and that the entire production process does not affect their characteristics or the integrity of the immunoglobulin molecule and therefore does not alter the biological response.</s>
<s id="s89.5">The PK behaviour, especially in terms of half life of the anti HB antibodies and maintenance of a protective antibody level titre can be considered as an acceptable surrogate marker of efficacy.</s>
<s id="s89.6">The CHMP also noted the commitment to carry out an observational study on newborns with mothers carrying the hepatitis B virus.</s>
<s id="s89.7">Therefore, the CHMP considered that these findings, together with the compliance with the Ph.</s>
<s id="s89.8">Eur. requirements in terms of potency and the long lasting experience in clinical use, support the efficacy of the product and the indications applied for in the SPC and considered that submitting a single PK study is acceptable.</s>
<s id="s90.1">2.</s>
<s id="s90.2">Are Post Marketing Safety (PMS) data generated in only one EU country adequate to define the safety profile of the product?</s>
<s id="s91.1">The Applicant provided a summary of the available post-marketing experience data for both UMAN BIG and IMMUNOHBs (a different brand name an identical product with the same pack sizes and concentration, produced by the same manufacturing sites, using the same manufacturing process), indicating that approximately 143,381,160 IU of IMMUNOHBs and approximately 11,695,680 IU of UMAN BIG have been sold worldwide between June 1995 and December 2007.</s>
<s id="s91.2">The Applicant also provided exposure data, stating that a total of about 143,589 injections were given to patients.</s>
<s id="s91.3">During this period, no notification of any adverse reaction related to the products IMMUNOHBs and UMAN BIG was received by the Applicant, either through the literature or the Regulatory Authorities,</s>
<s id="s92.1">6 Doctors, Pharmacists or Patients.</s>
<s id="s92.2">A literature search on specific immunoglobulins for intramuscular administration has shown, in general, a satisfactory profile of tolerability and safety, even if mild to moderate adverse events have been observed.</s>
<s id="s92.3">Limited cases of nausea, vomiting, hypotension, tachycardia, allergic or anaphylactic reactions have also been reported.</s>
<s id="s92.4">Moreover, the potential risk of transmitting infective agents through administration of anti hepatitis B immunoglobulins is only theoretical due to the state of the art knowledge and procedures for quality control.</s>
<s id="s93.1">The Applicant concluded that no new information on tolerability is available to suggest a modification of the safety profile of UMAN BIG.</s>
<s id="s93.2">According to the Applicant, the characteristics of the product, the available safety data, and the overall safety system in place do not warrant any recommendations for further risk minimisation activities.</s>
<s id="s94.1">The BPWP considered that post marketing safety data generated in only one EU member state can be adequate to define the safety profile of the product provided that the quality of the data and the Pharmacovigilance system is sufficient.</s>
<s id="s95.1">The CHMP noted that an active pharmacovigilance system is in place in Italy since 1975 guaranteeing a strict control of the adverse events linked to medicinal products and that the Italian pharmacovigilance database does not contain a single suspected adverse reaction signal related to UMAN BIG, which is consistent with the statement of the Applicant of the safety of UMAN BIG.</s>
<s id="s95.2">Therefore, the CHMP was of the opinion that the submitted post marketing safety data are adequate to assess the safety profile of the product, even if they originate from a single EU member state.</s>
<s id="s96.1">3.</s>
<s id="s96.2">Should non-clinical product-specific safety data be submitted for this product, in line with point 5.3 the Core SPC for human Immunoglobulin for IV administration?</s>
<s id="s96.3">And if yes, what kind of non-clinical studies shall be performed?</s>
<s id="s97.1">The BPWP considered that data from pre-clinical studies do not provide any additional information concerning the actual immunoglobulin and that often, data on the excipients are necessary.</s>
<s id="s97.2">UMAN BIG contains glycine as the excipient, a natural amino acid and therefore not expected to cause any problems.</s>
<s id="s98.1">The CHMP considered that based on the 28 years of clinical experience with the existing formulation of UMAN BIG, the safety in humans can be considered to have been extensively assessed.</s>
<s id="s98.2">The CHMP was also of the opinion that a new pre-clinical investigation would not be justified at the moment, based on the extensive clinical use and the supporting pharmacovigilance data.</s>
<s id="s99.1">4.</s>
<s id="s99.2">Does the BPWP consider necessary the development of a specific Note for Guidance on the Clinical Investigation of Human Plasma derived Hepatitis-B Immunoglobulins to outline requirements particularly with regard to the design of the clinical studies and the required safety data for the claimed indications?</s>
<s id="s100.1">The BPWP noted that a guideline would not be helpful for currently ongoing applications but that a combined Guideline on the data expected to support applications for specific immunoglobulins against hepatitis B, varicella, tetanus, tick-borne encephalitis and rabies, for which there is currently only a core SPC.</s>
<s id="s101.1">The CHMP fully endorses the development of a combined Guideline on specific immunoglobulins, in order to harmonise the requirements for granting marketing authorization.</s>
<s id="s102.1">In conclusion, the CHMP sought advice from the Blood Products Working Party on the four questions raised for discussion and noted the positive recommendation in favour of UMAN BIG expressed by the BPWP in a report dated 27 November 2008.</s>
<s id="s102.2">The CHMP noted that no safety issues were raised in over 28 years of extensive clinical practice, following extensive use in the pre-and-post vaccination era and that the Italian pharmacovigilance database does not contain a single signal of any suspect</s>
<s id="s103.1">7 adverse reaction related to UMAN BIG.</s>
<s id="s103.2">The CHMP also noted the commitment to carry out an observational study on newborns with mothers carrying the hepatitis B virus.</s>
<s id="s103.3">The CHMP considered that efficacy in the sought indications has been demonstrated, based on the submitted PK study and the literature data.</s>
<s id="s103.4">Therefore, the CHMP is of the opinion that the benefit/ risk balance of the product can be considered to be positive and that the product is approvable.</s>
<s id="s104.1">GROUNDS FOR OPINION</s>
<s id="s105.1">Whereas</s>
<s id="s106.1">- the CHMP considered that the post marketing safety data submitted are adequate to establish the</s>
<s id="s107.1">positive safety profile of UMAN BIG,</s>
<s id="s108.1">- the CHMP considered the efficacy profile of UMAN BIG to be satisfactory for the indications</s>
<s id="s109.1">applied for in the SPC,</s>
<s id="s110.1">- the CHMP considered that the benefit/ risk of UMAN BIG is positive,</s>
<s id="s111.1">the CHMP has recommended the granting of the Marketing Authorisations for which the Summary of Product Characteristics, labelling and package leaflet remain as per the final versions achieved during the Coordination Group procedure as mentioned in Annex III for UMAN BIG.</s>
<s id="s112.1">8 ANNEX III</s>
<s id="s113.1">SUMMARY OF PRODUCT CHARACTERISTICS, LABELLING AND PACKAGE LEAFLET</s>
<s id="s114.1">9 The valid Summary of Product Characteristics, labelling and package leaflet are the final versions achieved during the Coordination group procedure.</s>
<s id="s115.1">10</s>
</body>
</letsmt>
