<?xml version="1.0" encoding="utf-8"?>
<letsmt version="1.0">
<head></head>
<body>
<s id="s1.1">European Medicines Agency Veterinary Medicines</s>
<s id="s2.1">EMEA/ V/ C/ 134</s>
<s id="s3.1">EUROPEAN PUBLIC ASSESSMENT REPORT (EPAR)</s>
<s id="s4.1">NETVAX</s>
<s id="s5.1">EPAR summary for the public</s>
<s id="s6.1">This document is a summary of the European Public Assessment Report.</s>
<s id="s6.2">Its purpose is to explain how the assessment done by the Committee for Medicinal Products for Veterinary Use (CVMP) on the basis of the documentation provided, led to the recommendations on the conditions of use.</s>
<s id="s6.3">This document cannot replace a face-to-face discussion with your veterinarian.</s>
<s id="s6.4">If you need more information about your animal’ s medical condition or treatment, contact your veterinarian.</s>
<s id="s6.5">If you want more information on the basis of the CVMP recommendations, read the Scientific Discussion (also part of the EPAR).</s>
<s id="s7.1">What is Netvax?</s>
<s id="s7.2">Netvax is a vaccine that contains a toxoid (a weakened toxin) from the bacterium Clostridium perfringens (C. perfringens) type A.</s>
<s id="s7.3">The vaccine is an emulsion (a mixture of oil- and water-based liquids) for injection.</s>
<s id="s8.1">What is Netvax used for?</s>
<s id="s8.2">Netvax is used to vaccinate chickens against necrotic enteritis caused by C. perfringens type A, so that they pass their immunity against the disease on to their chicks.</s>
<s id="s8.3">Necrotising enteritis is a disease that causes damage to the gut.</s>
<s id="s8.4">Birds with the disease fail to thrive.</s>
<s id="s8.5">Netvax is used to reduce the number of deaths, and the incidence and severity of the disease.</s>
<s id="s8.6">Netvax is given by injection into the breast muscle.</s>
<s id="s8.7">The vaccination schedule consists of two doses: the first dose is given at 10 to 14 weeks of age, and then a second dose is given four to 10 weeks after the first.</s>
<s id="s8.8">This second dose should be given at least six weeks before the hen will start to lay eggs.</s>
<s id="s8.9">The hen can continue to pass on immunity to her chicks for almost a year after the end of vaccination.</s>
<s id="s9.1">How does Netvax work?</s>
<s id="s9.2">Netvax is a vaccine.</s>
<s id="s9.3">Vaccines work by ‘ teaching’ the immune system (the body’ s natural defences) how to defend itself against diseases.</s>
<s id="s9.4">Netvax contains small amounts of a toxoid from C. perfringens type A.</s>
<s id="s9.5">When it is given to a chicken, its immune system recognises the toxoid as ‘ foreign’ and makes antibodies against it.</s>
<s id="s9.6">The antibodies are transferred from the chicken to the chicks via the eggs.</s>
<s id="s9.7">These antibodies help the chicks to fight necrotic enteritis caused by C. perfringens type A if they are exposed to the bacterium after they have hatched.</s>
<s id="s9.8">Netvax contains one type of the toxoid from C. perfringens called the alpha toxoid.</s>
<s id="s9.9">The vaccine also contains an ‘ adjuvant’ (mineral oil) to stimulate a better response.</s>
<s id="s10.1">How has Netvax been studied?</s>
<s id="s10.2">The effectiveness of Netvax has been studied in several trials under laboratory and field conditions in chickens and their chicks.</s>
<s id="s10.3">The main measure of effectiveness was the production of protective antibodies against C. perfringens type A in the chickens’ blood and in their eggs.</s>
<s id="s10.4">The studies compared chickens vaccinated with Netvax with birds that did not receive the vaccine.</s>
<s id="s10.5">The studies also looked at death rates in the chicks hatched by vaccinated hens, and at the incidence and the severity of lesions caused by necrotic enteritis in the gut after the chicks were deliberately infected with the bacterium at three weeks of age.</s>
<s id="s10.6">7 Westferry Circus, Canary Wharf, London E14 4HB, UK Tel.</s>
<s id="s10.7">(44-20) 74 18 84 00 Fax (44-20) 74 18 84 47 E-mail: mail@emea. europa. eu http: / /www. emea. europa. eu</s>
<s id="s11.1">© European Medicines Agency, 2009.</s>
<s id="s11.2">Reproduction is authorised provided the source is acknowledged.</s>
<s id="s11.3">What benefit has Netvax shown during the studies?</s>
<s id="s11.4">The studies showed that the vaccine is effective in stimulating the production of antibodies in chickens and in their eggs.</s>
<s id="s11.5">The vaccine was well tolerated by the chickens, with no effect on the production of eggs or chicks.</s>
<s id="s11.6">In chicks hatched from vaccinated hens, the vaccine reduced the number of deaths, and the incidence and the severity of lesions caused by necrotic enteritis.</s>
<s id="s11.7">The vaccine protected the chicks during the early period of life, when they are at greatest risk of the disease.</s>
<s id="s12.1">What is the risk associated with Netvax?</s>
<s id="s12.2">Vaccination causes swelling at the site of injection.</s>
<s id="s12.3">Swelling after the first vaccination normally resolves within 30 days, and may last at least 35 days following the second vaccination.</s>
<s id="s13.1">What are the precautions for the person who gives the medicine or comes into contact with the animal?</s>
<s id="s13.2">This product contains mineral oil.</s>
<s id="s13.3">Accidental injection of Netvax can cause severe pain and swelling, particularly if it is accidentally injected into a joint or finger.</s>
<s id="s13.4">If accidental injection happens, seek prompt medical advice and show the package leaflet to the doctor.</s>
<s id="s13.5">If pain persists for more than 12 hours after examination, seek medical advice again.</s>
<s id="s14.1">What is the time to allow before the animal can be slaughtered and the meat used for human consumption (withdrawal period)?</s>
<s id="s14.2">The withdrawal period is zero days.</s>
<s id="s15.1">Why has Netvax been approved?</s>
<s id="s15.2">The Committee for Medicinal Products for Veterinary Use (CVMP) concluded that the benefits of Netvax exceed the risks for the active immunisation of chickens, to provide passive immunisation against necrotic enteritis to their progeny, during the laying period, to reduce mortality and the incidence and severity of lesions caused by C. perfringens type A-induced necrotic enteritis.</s>
<s id="s15.3">The CVMP recommended that Netvax should be given a marketing authorisation.</s>
<s id="s15.4">The benefit-risk balance may be found in module 6 of this EPAR.</s>
<s id="s16.1">Other information about Netvax:</s>
<s id="s16.2">The European Commission granted a marketing authorisation valid throughout the European Union for Netvax to Intervet International B. V. on 16 April 2009.</s>
<s id="s16.3">Information on the prescription status of this product may be found on the label/ outer package.</s>
<s id="s17.1">This summary was last updated on 16 April 2009.</s>
<s id="s18.1">2/ 2</s>
</body>
</letsmt>
