<?xml version="1.0" encoding="utf-8"?>
<letsmt version="1.0">
<head></head>
<body>
<s id="s1.1">European Medicines Agency Evaluation of Medicines for Human Use</s>
<s id="s2.1">London, 3. aprila 2006 EMEA/ CHMP/ 416317/ 2005</s>
<s id="s3.1">ODBOR ZA ZDRAVILA ZA UPORABO V HUMANI MEDICINI (CHMP) MNENJE V ZVEZI Z NAPOTITVIJO IZ ČLENA 29( 2) Adartrel Mednarodno nelastniško ime (INN):</s>
<s id="s3.2">Ropinirol</s>
<s id="s4.1">OSNOVNE INFORMACIJE</s>
<s id="s5.1">Adartrel je selektivni agonist dopamina na podvrstah dopaminskih receptorjev D2 - in D3 in deluje centralno in periferno.</s>
<s id="s5.2">Dovoljenje za promet z zdravilom Adartrel je Francija odobrila družbi GlaxoSmithKline dne 30. junija 2004.</s>
<s id="s5.3">Prošnja za medsebojno priznanje za Adartrel je bila predložena Avstriji, Belgiji, Cipru, Češki republiki, Danski, Estoniji, Finski, Nemčiji, Grčiji, Madžarski, Irski, Italiji, Latviji, Litvi, Luksemburgu, Malti, Nizozemski, Norveški, Poljski, Portugalski, Slovaški republiki, Sloveniji, Španiji, Švedski in Združenem kraljestvu.</s>
<s id="s5.4">Postopek medsebojnega priznavanja se je začel septembra 2004.</s>
<s id="s5.5">Napotitveni postopek sta sprožili Španija in Nizozemska, ki sta menili da bi lahko to zdravilo pomenilo tveganje za javno zdravje, saj varnost in učinkovitost ropinirola pri dolgotrajnem zdravljenju sindroma nemirnih nog nista bili dokazani.</s>
<s id="s5.6">Arbitražni postopek se je začel 15. decembra 2004.</s>
<s id="s5.7">Dodatne informacije je imetnik dovoljenja za promet z zdravilom predložil dne 18. marca 2005.</s>
<s id="s5.8">Na svojem zasedanju od 12. do 15. septembra 2005 je CHMP glede na celotne predložene podatke in znanstveno razpravo znotraj Odbora menil, da se dovoljenje za promet z zdravilom lahko podeli pod posebnimi pogoji, za katere je mnenja, da so bistvenega pomena za varno in učinkovito rabo zdravila.</s>
<s id="s5.9">Pozitivno mnenje je bilo tako sprejeto 15. septembra 2005.</s>
<s id="s5.10">Seznam zadevnih imen proizvodov je naveden v Dodatku I.</s>
<s id="s5.11">Znanstveni zaključki so podani v Dodatku II, skupaj s Povzetkom glavnih značilnosti zdravila v Dodatku III.</s>
<s id="s5.12">Pogoji dovoljenja za promet z zdravilom so navedeni v Dodatku IV.</s>
<s id="s5.13">Končno mnenje je bilo v Odločbo Evropske komisije spremenjeno dne 3. aprila 2006.</s>
<s id="s6.1">7 Westferry Circus, Canary Wharf, London, E14 4HB, UK Tel.</s>
<s id="s6.2">(44- 20) 74 18 84 00 Fax (44- 20) 74 18 86 13 E- mail: mail@ emea. eu. int http: // www. emea. eu. int ©EMEA 2006 Reproduction and/ or distribution of this document is authorised for non commercial purposes only provided the EMEA is acknowledged</s>
</body>
</letsmt>
