<?xml version="1.0" encoding="utf-8"?>
<letsmt version="1.0">
<head></head>
<body>
<s id="s1.1">European Medicines Agency</s>
<s id="s2.1">9 August 2005 EMEA/ CHMP/ 289490/ 2005</s>
<s id="s3.1">COMMITTEE FOR MEDICINAL PRODUCTS FOR HUMAN USE (CHMP)</s>
<s id="s4.1">SUMMARY INFORMATION ON REFERRAL OPINION FOLLOWING ARBITRATION PURSUANT TO ARTICLE 30 OF COUNCIL DIRECTIVE 2001/ 83/ EC FOR Calcium Sandoz and associated names International Non-Proprietary Name (INN):</s>
<s id="s4.2">Calcium lactate gluconate, Calcium carbonate</s>
<s id="s5.1">BACKGROUND INFORMATION</s>
<s id="s6.1">Calcium is an essential mineral, necessary for bone formation and maintenance, for electrolyte equilibrium in the body and for the proper functioning of numerous regulatory mechanisms.</s>
<s id="s7.1">Medicinal products containing calcium lactate gluconate and calcium carbonate have been nationally authorised in EU Member States, resulting in different Summaries of Product Characteristics based on individual national decisions.</s>
<s id="s7.2">Novartis Consumer Health SA presented to the EMEA a referral under Article 30 of Directive 2001/ 83/ EC, in order to harmonise the national SPCs of the medicinal product Calcium Sandoz Effervescent tablets, 500/ 1000 mg and associated names and additionally to harmonise the pharmaceutical documentation.</s>
<s id="s7.3">A dossier in CTD format and a proposal for a harmonised SPC were submitted by the MAH on 22 September 2004.</s>
<s id="s7.4">The referral procedure started on 21 October 2004 The CHMP having considered the Rapporteur and the Co-Rapporteur assessment reports, and scientific discussion within the Committee was of the opinion that the benefit/ risk ratio of Calcium Sandoz Effervescent tablets, 500/ 1000 mg and associated names is considered to be favourable.</s>
<s id="s7.5">The CHMP issued a positive opinion, on 21 April 2005, recommending the harmonisation of the SPC for Calcium Sandoz Effervescent tablets, 500/ 1000 mg and associated names for the following agreed therapeutic indications: -Prevention and treatment of calcium deficiency -Calcium supplement as an adjunct to specific therapy in the prevention and treatment of osteoporosis -Rickets and osteomalacia, in addition to vitamin D3 therapy</s>
<s id="s8.1">An overall summary of the scientific evaluation is provided in Annex II together with the harmonised summary of product characteristics in Annex III.</s>
<s id="s8.2">A Decision was issued by the European Commission on 9 August 2005.</s>
<s id="s9.1">7 Westferry Circus, Canary Wharf, London, E14 4HB, UK Tel.</s>
<s id="s9.2">(44-20) 74 18 84 00 Fax (44-20) 74 18 86 13 E-mail: mail@emea. eu. int http: / /www. emea. eu. int EMEA 2005 Reproduction and/ or distribution of this document is authorised for non commercial purposes only provided the EMEA is acknowledged </s>
</body>
</letsmt>
