<?xml version="1.0" encoding="utf-8"?>
<letsmt version="1.0">
<head></head>
<body>
<s id="s1.1">Številka EU</s>
<s id="s2.1">Izmišljeno ime</s>
<s id="s3.1">Jakost</s>
<s id="s4.1">Farmacevtska oblika</s>
<s id="s5.1">Ciljna Pot uporabe živalska vrsta</s>
<s id="s6.1">Ovojnina Vsebina</s>
<s id="s7.1">Velikost Karenca pakiranja</s>
<s id="s8.1">EU/ 2/ 00/ 026/ 001 Porcilis AR- T DF</s>
<s id="s9.1">≥ 5, 9 log2 toksin nevtralizirajočega titra proteina dO ≥ 4, 2 log2 aglutinacijskega titra inaktiviranih celic bakterije Bordetella bronchiseptica</s>
<s id="s10.1">suspenzija za injiciranje</s>
<s id="s11.1">prašiči intramuskularno (svinje, mladice)</s>
<s id="s12.1">viala (steklo)</s>
<s id="s13.1">20 ml (10 odmerkov)</s>
<s id="s14.1">1 viala v zloženki</s>
<s id="s15.1">0 dni</s>
<s id="s16.1">EU/ 2/ 00/ 026/ 002 Porcilis AR- T DF</s>
<s id="s17.1">≥ 5, 9 log2 toksin nevtralizirajočega titra proteina dO ≥ 4, 2 log2 aglutinacijskega titra inaktiviranih celic bakterije Bordetella bronchiseptica</s>
<s id="s18.1">suspenzija za injiciranje</s>
<s id="s19.1">prašiči intramuskularno (svinje, mladice)</s>
<s id="s20.1">viala (steklo)</s>
<s id="s21.1">50 ml (25 odmerkov)</s>
<s id="s22.1">1 viala v zloženki</s>
<s id="s23.1">0 dni</s>
<s id="s24.1">EU/ 2/ 00/ 026/ 003 Porcilis AR- T DF</s>
<s id="s25.1">≥ 5, 9 log2 toksin nevtralizirajočega titra proteina dO</s>
<s id="s26.1">suspenzija za injiciranje</s>
<s id="s27.1">prašiči intramuskularno (svinje,</s>
<s id="s28.1">viala (polietilen</s>
<s id="s29.1">20 ml (10 odmerkov)</s>
<s id="s30.1">1 viala v zloženki</s>
<s id="s31.1">0 dni</s>
<s id="s32.1">≥ 4, 2 log2 aglutinacijskega titra inaktiviranih celic bakterije Bordetella bronchiseptica</s>
<s id="s33.1">mladice)</s>
<s id="s34.1">tereftalat [PET])</s>
<s id="s35.1">EU/ 2/ 00/ 026/ 004 Porcilis AR- T DF</s>
<s id="s36.1">≥ 5, 9 log2 toksin nevtralizirajočega titra proteina dO</s>
<s id="s37.1">suspenzija za injiciranje</s>
<s id="s38.1">prašiči intramuskularno (svinje,</s>
<s id="s39.1">viala (polietilen</s>
<s id="s40.1">50 ml (25 odmerkov)</s>
<s id="s41.1">1 viala v zloženki</s>
<s id="s42.1">0 dni</s>
<s id="s43.1">≥ 4, 2 log2 aglutinacijskega titra inaktiviranih celic bakterije Bordetella bronchiseptica</s>
<s id="s44.1">mladice)</s>
<s id="s45.1">tereftalat [PET])</s>
<s id="s46.1">©EMEA 2006</s>
<s id="s47.1">CVMP/ 670/ 00</s>
<s id="s48.1">1/ 1</s>
</body>
</letsmt>
