<?xml version="1.0" encoding="utf-8"?>
<letsmt version="1.0">
<head></head>
<body>
<s id="s1.1">DODATEK I</s>
<s id="s2.1">POVZETEK GLAVNIH ZNAČILNOSTI ZDRAVILA</s>
<s id="s3.1">1/ 17 1.</s>
<s id="s3.2">IME ZDRAVILA ZA UPORABO V VETERINARSKI MEDICINI</s>
<s id="s4.1">Porcilis AR- T DF, suspenzija za injiciranje</s>
<s id="s5.1">2.</s>
<s id="s5.2">KAKOVOSTNA IN KOLIČINSKA SESTAVA</s>
<s id="s6.1">Zdravilne učinkovine:</s>
<s id="s6.2">V odmerku po 2 ml</s>
<s id="s7.1">- protein dO (netoksični delecijski derivat dermonekrotičnega</s>
<s id="s8.1">≥ 5, 9 log2 toksin nevtralizirajočega titra1 toksina bakterije Pasteurella multocida) ≥ 4, 2 log2 aglutinacijskega titra2</s>
<s id="s9.1">- inaktivirane celice bakterije Bordetella bronchiseptica</s>
<s id="s10.1">1 Srednji toksin nevtralizirajoči titer je določen po ponovljeni vakcinaciji s polovičnim odmerkom pri kuncih.</s>
<s id="s10.2">2 Srednji aglutinacijski titer je določen po enkratni vakcinaciji s polovičnim odmerkom pri kuncih.</s>
<s id="s11.1">Adjuvans:</s>
<s id="s11.2">V odmerku po 2 ml</s>
<s id="s12.1">- 150 mg dl- alfa- tokoferol acetata</s>
<s id="s13.1">Pomožne snovi:</s>
<s id="s13.2">V odmerku po 2 ml največ 1, 0 mg prostega formaldehida</s>
<s id="s14.1">3.</s>
<s id="s14.2">FARMACEVTSKA OBLIKA</s>
<s id="s15.1">Suspenzija za injiciranje</s>
<s id="s16.1">4.</s>
<s id="s16.2">KLINIČNI PODATKI</s>
<s id="s17.1">4. 1 Ciljna živalska vrsta</s>
<s id="s18.1">Prašiči (svinje in mladice)</s>
<s id="s19.1">4. 2 Indikacije za uporabo, opredelitev ciljne živalske vrste</s>
<s id="s20.1">Zmanjšanje kliničnih znakov progresivnega atrofičnega rinitisa pujskov s pasivno peroralno imunizacijo prek kolostruma aktivno imuniziranih mater.</s>
<s id="s21.1">4. 3 Kontraindikacije</s>
<s id="s22.1">Niso znane.</s>
<s id="s23.1">4. 4 Posebna opozorila za vsako ciljno živalsko vrsto</s>
<s id="s24.1">Jih ni.</s>
<s id="s25.1">4. 5 Posebni previdnostni ukrepi</s>
<s id="s26.1">Cepivo pred uporabo ogrejte na sobno temperaturo (15 do 25 ºC) in ga dobro pretresite.</s>
<s id="s26.2">Cepite samo zdrave živali.</s>
<s id="s26.3">Pazite, da ne bi prišlo do kontaminacije.</s>
<s id="s27.1">2/ 17 Posebni previdnostni ukrepi, ki jih mora izvajati oseba, ki živalim daje zdravilo</s>
<s id="s28.1">V primeru nenamernega samoinjiciranja se takoj posvetujte z zdravnikom in mu pokažite navodila za uporabo ali nalepko na zunanji ovojnini.</s>
<s id="s29.1">4. 6 Stranski učinki (pogostost in resnost)</s>
<s id="s30.1">Na splošno se lahko pri nekaterih prašičih na dan cepljenja ali naslednji dan prehodno povprečno za 1, 5 °C, pri nekaterih prašičih do 3 °C, poveča telesna temperatura.</s>
<s id="s30.2">Na dan cepljenja se lahko zmanjšata aktivnost in tek pri 10 do 20% živali in se pojavi prehodna oteklina na mestu injiciranja (največji premer je 10 cm), ki traja do dveh tednov.</s>
<s id="s31.1">4. 7 Uporaba v obdobju brejosti, laktacije ali nesnosti</s>
<s id="s32.1">Lahko se uporablja v obdobju brejosti.</s>
<s id="s33.1">4. 8 Medsebojno delovanje z drugimi zdravili in druge oblike interakcij</s>
<s id="s34.1">Ni podatkov o varnosti ter učinkovitosti ob sočasni uporabi tega cepiva s katerim koli drugim.</s>
<s id="s34.2">Zato odsvetujemo uporabo katerega koli cepiva v obdobju 14 dni pred ali po cepljenju s tem izdelkom.</s>
<s id="s35.1">4. 9 Odmerjanje in način uporabe</s>
<s id="s36.1">En odmerek po 2 ml intramuskularno prašičem, starim 18 tednov in starejšim.</s>
<s id="s36.2">Cepivo je najbolje dajati za uho.</s>
<s id="s37.1">Shema cepljenja:</s>
<s id="s38.1">Osnovno cepljenje: en odmerek za enega prašiča, nato drugi odmerek 4 tedne po prvem.</s>
<s id="s38.2">Prvi odmerek je treba dati 6 tednov pred pričakovano prasitvijo.</s>
<s id="s39.1">Revakcinacija: en odmerek 2 do 4 tedne pred vsako naslednjo prasitvijo.</s>
<s id="s40.1">4. 10 Preveliko odmerjanje (simptomi, nujni ukrepi, protistrupi) (če so potrebni)</s>
<s id="s41.1">Razen večjega povprečnega porasta telesne temperature na dan cepljenja ali naslednji dan ni pričakovati drugih neželenih učinkov kot tistih, opisanih v 4. 6.</s>
<s id="s42.1">4. 11 Karenca</s>
<s id="s43.1">Nič dni.</s>
<s id="s44.1">5.</s>
<s id="s44.2">IMUNOLOŠKE LASTNOSTI</s>
<s id="s45.1">Farmakoterapevtska skupina: inaktivirano bakterijsko cepivo</s>
<s id="s46.1">Oznaka ATCvet:</s>
<s id="s46.2">QI09AB04</s>
<s id="s47.1">Spodbujanje aktivne imunosti za razvoj pasivne imunosti pri potomcih proti progresivnemu atrofičnemu rinitisu</s>
<s id="s48.1">Pasteurella multocida, ki izloča dermonekrotični toksin, povzroča atrofijo nosnih školjk pri progresivnem atrofičnem rinitisu.</s>
<s id="s48.2">Kolonizacijo površine nosne sluznice s Pasteurello multocido najpogosteje pospeši okužba z Bordetello bronchiseptico.</s>
<s id="s48.3">Cepivo vsebuje netoksični rekombinantni derivat toksina Pasteurelle multocide in inaktivirane celice Bordetelle bronchiseptice.</s>
<s id="s48.4">Imunogeni so vgrajeni v adjuvans na osnovi dl- alfa- tokoferola.</s>
<s id="s48.5">Novorojeni pujski pridobijo pasivno imunost s kolostrumom cepljenih svinj/ mladic.</s>
<s id="s49.1">3/ 17 6.</s>
<s id="s49.2">FARMACEVTSKI PODATKI</s>
<s id="s50.1">6. 1 Glavne inkompatibilnosti</s>
<s id="s51.1">Ne mešajte z nobenim drugim cepivom ali imunološkim izdelkom.</s>
<s id="s52.1">6. 2 Rok uporabnosti</s>
<s id="s53.1">5 let</s>
<s id="s54.1">Rok uporabnosti po prvem odpiranju viale:</s>
<s id="s54.2">10 ur.</s>
<s id="s55.1">6. 3 Posebna navodila za shranjevanje</s>
<s id="s56.1">Shranjujte v hladilniku (2 °C – 8 °C).</s>
<s id="s56.2">Zdravilo ne sme zmrzniti.</s>
<s id="s57.1">6. 4 Vrsta in vsebina vsebnika</s>
<s id="s58.1">Zloženka z eno večodmerno vialo po 20 ali 50 ml iz stekla 1. hidrolitične skupine ali iz polietilen tereftalata [PET], zaprto z zamaškom iz sintetične gume in aluminijasto zaporko.</s>
<s id="s59.1">Ni nujno, da so v prometu vsa navedena pakiranja.</s>
<s id="s60.1">6. 5 Posebni varnostni ukrepi za odstranjevanje neporabljenega zdravila ali odpadnih snovi, če obstajajo</s>
<s id="s61.1">Vsako neporabljeno zdravilo za uporabo v veterinarski medicini ali odpadne snovi, ki nastanejo iz teh zdravil, je treba odstraniti v skladu z nacionalnimi zahtevami.</s>
<s id="s62.1">7.</s>
<s id="s62.2">IMETNIK DOVOLJENJA ZA PROMET</s>
<s id="s63.1">Intervet International B. V.</s>
<s id="s63.2">Wim de Körverstraat 35 5831 AN Boxmeer Nizozemska</s>
<s id="s64.1">8.</s>
<s id="s64.2">ŠTEVILKE DOVOLJENJA ZA PROMET</s>
<s id="s65.1">EU/ 2/ 00/ 026/ 001- 004</s>
<s id="s66.1">9.</s>
<s id="s66.2">DATUM PRIDOBITVE/ PODALJŠANJA DOVOLJENJA ZA PROMET</s>
<s id="s67.1">Datum odobritve:</s>
<s id="s67.2">16. november 2000 Datum zadnjega podaljšanja:</s>
<s id="s67.3">8. februar 2006</s>
<s id="s68.1">10.</s>
<s id="s68.2">DATUM REVIZIJE BESEDILA</s>
<s id="s69.1">02/ 2006</s>
<s id="s70.1">4/ 17 PREPOVED PRODAJE, OSKRBE IN/ ALI UPORABE</s>
<s id="s71.1">Uvoz, prodaja, oskrba in/ ali uporaba Porcilisa AR- T DF je ali je lahko prepovedana v nekaterih državah članicah na njihovem celotnem ozemlju ali delu ozemlja v skladu z nacionalnim programom zdravstvenega varstva živali.</s>
<s id="s71.2">Vsakdo, ki namerava uvažati, prodajati, oskrbovati in/ ali uporabljati Porcilis AR- T DF, se mora posvetovati s pristojnimi organi posamezne države članice o veljavnih programih cepljenja še pred uvozom, prodajo, oskrbo in/ ali uporabo.</s>
<s id="s72.1">5/ 17 DODATEK II</s>
<s id="s73.1">A.</s>
<s id="s73.2">IZDELOVALEC BIOLOŠKIH ZDRAVILNIH UČINKOVIN IN IMETNIK DOVOLJENJA ZA IZDELAVO ZDRAVILA, ODGOVOREN ZA SPROSTITEV SERIJE</s>
<s id="s74.1">B.</s>
<s id="s74.2">POGOJI DOVOLJENJA ZA PROMET Z ZDRAVILOM TER OMEJITVE GLEDEOSKRBE IN UPORABE</s>
<s id="s75.1">C.</s>
<s id="s75.2">POGOJI DOVOLJENJA ZA PROMET Z ZDRAVILOM TER OMEJITVE GLEDE VARNE IN UČINKOVITE UPORABE</s>
<s id="s76.1">D.</s>
<s id="s76.2">NAVEDBA NAJVIŠJIH DOVOLJENIH KOLIČIN ZAOSTANKOV ZDRAVILA (MRL)</s>
<s id="s77.1">6/ 17 A.</s>
<s id="s77.2">IZDELOVALEC BIOLOŠKIH ZDRAVILNIH UČINKOVIN IN IMETNIK DOVOLJENJA ZA IZDELAVO ZDRAVILA, ODGOVOREN ZA SPROSTITEV SERIJE</s>
<s id="s78.1">Ime in naslov izdelovalca bioloških zdravilnih učinkovin:</s>
<s id="s79.1">Intervet International B. V.</s>
<s id="s79.2">Wim de Körverstraat 35 NL- 5831 AN Boxmeer Nizozemska</s>
<s id="s80.1">Ime in naslov izdelovalca zdravila, odgovornega za sprostitev serije:</s>
<s id="s81.1">Intervet International B. V.</s>
<s id="s81.2">Wim de Körverstraat 35 NL- 5831 AN Boxmeer Nizozemska</s>
<s id="s82.1">B.</s>
<s id="s82.2">POGOJI DOVOLJENJA ZA PROMET Z ZDRAVILOM TER OMEJITVE GLEDE OSKRBE IN UPORABE</s>
<s id="s83.1">Izdaja zdravila za uporabo v veterinarski medicini je le na recept..</s>
<s id="s84.1">C.</s>
<s id="s84.2">POGOJI DOVOLJENJA ZA PROMET Z ZDRAVILOM TER OMEJITVE GLEDE VARNE IN UČINKOVITE UPORABE</s>
<s id="s85.1">Skladno s členom 71 Direktive 2001/ 82/ ES Evropskega parlamenta in Sveta države članice prepovejo ali lahko prepovejo uvoz, prodajo, oskrbo in/ ali uporabo zdravila za uporabo v veterinarski medicini na svojem celotnem ozemlju ali delu ozemlja, če se ugotovi da:</s>
<s id="s86.1">a) bi uporaba zdravila za uporabo v veterinarski medicini ovirala izvajanje nacionalnih programov za diagnozo, nadzor ali zatiranje živalskih bolezni ali da bi povzročila težave pri zagotavljanju odsotnosti okuženosti pri živih živalih ali živilih ali drugih proizvodih, pridobljenih iz zdravljenih živali.</s>
<s id="s87.1">b) bolezen, za katero se z zdravilom za uporabo v veterinarski medicini pridobi imunost, na območju skoraj ni prisotna.</s>
<s id="s88.1">D.</s>
<s id="s88.2">NAVEDBA NAJVIŠJIH DOVOLJENIH KOLIČIN ZAOSTANKOV ZDRAVILA (MRL)</s>
<s id="s89.1">Zdravilna učinkovina je učinkovina biološkega izvora, namenjena za vzbujanje aktivne imunosti, in ni zajeta v Uredbi Sveta (EGS) 2377/ 90.</s>
<s id="s90.1">7/ 17 Status pomožnih snovi glede na MRL:</s>
<s id="s91.1">Dodatek II Uredbe Sveta (EGS) št.</s>
<s id="s91.2">2377/ 90</s>
<s id="s92.1">Snov</s>
<s id="s93.1">Status glede na MRL Vse živali, namenjene za proizvodnjo živil</s>
<s id="s94.1">Opombe</s>
<s id="s95.1">natrijev klorid formaldehid dl- alfa- tokoferol acetat simetikon (dimetikon)</s>
<s id="s96.1">UL št.</s>
<s id="s96.2">L 290 z dne 05. 12. 95 UL št.</s>
<s id="s96.3">L 290 z dne 05. 12. 95 UL št.</s>
<s id="s96.4">L 122 z dne 12. 05. 99 UL št.</s>
<s id="s96.5">L 290 z dne 05. 12. 95</s>
<s id="s97.1">natrijev hidrogenfosfat dihidrat kalijev dihidrogenfosfat polisorbat 80</s>
<s id="s98.1">UL št.</s>
<s id="s98.2">L 272 z dne 25. 10. 96 UL št.</s>
<s id="s98.3">L 272 z dne 25. 10. 96 UL št.</s>
<s id="s98.4">L 290 z dne 05. 12. 95</s>
<s id="s99.1">8/ 17 DODATEK III</s>
<s id="s100.1">OZNAČEVANJE IN NAVODILO ZA UPORABO</s>
<s id="s101.1">9/ 17 A.</s>
<s id="s101.2">OZNAČEVANJE</s>
<s id="s102.1">10/ 17 PODATKI NA ZUNANJI OVOJNINI</s>
<s id="s103.1">1.</s>
<s id="s103.2">IME ZDRAVILA ZA UPORABO V VETERINARSKI MEDICINI</s>
<s id="s104.1">Porcilis AR- T DF, suspenzija za injiciranje</s>
<s id="s105.1">2.</s>
<s id="s105.2">NAVEDBA ZDRAVILNE UČINKOVINE IN DRUGIH SNOVI</s>
<s id="s106.1">V odmerku po 2 ml:</s>
<s id="s107.1">- ≥ 5, 9 log2 toksin nevtralizirajočega titra1 proteina dO</s>
<s id="s108.1">- ≥ 4, 2 log2 aglutinacijskega titra1 inaktiviranih celic bakterije Bordetella bronchiseptica</s>
<s id="s109.1">1 Glejte navodila za uporabo.</s>
<s id="s110.1">150 mg dl- alfa- tokoferol acetata</s>
<s id="s111.1">3.</s>
<s id="s111.2">FARMACEVTSKA OBLIKA</s>
<s id="s112.1">Suspenzija za injiciranje</s>
<s id="s113.1">4.</s>
<s id="s113.2">VELIKOST PAKIRANJA</s>
<s id="s114.1">20 ml (10 odmerkov), steklena viala 50 ml (25 odmerkov) steklena viala 20 ml (10 odmerkov), viala iz PET 50 ml (25 odmerkov), viala iz PET</s>
<s id="s115.1">5.</s>
<s id="s115.2">CILJNA ŽIVALSKA VRSTA</s>
<s id="s116.1">Prašiči (svinje in mladice)</s>
<s id="s117.1">6.</s>
<s id="s117.2">INDIKACIJE</s>
<s id="s118.1">Cepivo proti progresivnemu atrofičnemu rinitisu</s>
<s id="s119.1">7.</s>
<s id="s119.2">NAČIN UPORABE IN DAJANJA</s>
<s id="s120.1">En odmerek po 2 ml i. m.</s>
<s id="s120.2">Pred uporabo preberite navodila za uporabo.</s>
<s id="s121.1">8.</s>
<s id="s121.2">KARENCA</s>
<s id="s122.1">Nič dni</s>
<s id="s123.1">11/ 17 9.</s>
<s id="s123.2">POSEBNO( A) OPOZORILO( A), ČE JE( SO) POTREBNA</s>
<s id="s124.1">10.</s>
<s id="s124.2">DATUM IZTEKA ROKA UPORABNOSTI ZDRAVILA</s>
<s id="s125.1">EXP {mesec/ leto} Načeto/ odprto zdravilo uporabite v 10 urah.</s>
<s id="s126.1">11.</s>
<s id="s126.2">POSEBNA NAVODILA ZA SHRANJEVANJE</s>
<s id="s127.1">Shranjujte v hladilniku.</s>
<s id="s127.2">Zdravilo ne sme zmrzniti.</s>
<s id="s128.1">12.</s>
<s id="s128.2">POSEBNI VARNOSTNI UKREPI ZA ODSTRANJEVANJE NEPORABLJENEGA ZDRAVILA ALI ODPADNIH SNOVI, ČE OBSTAJAJO</s>
<s id="s129.1">13.</s>
<s id="s129.2">BESEDILO ''SAMO ZA ŽIVALI'' TER POGOJI ALI OMEJITVE GLEDE OSKRBE IN UPORABE</s>
<s id="s130.1">Samo za živali - uporablja se le na osnovi recepta veterinarja.</s>
<s id="s131.1">14.</s>
<s id="s131.2">BESEDILO ''ZDRAVILO SHRANJUJTE IZVEN DOSEGA IN POGLEDA OTROK''</s>
<s id="s132.1">Zdravilo shranjujte izven dosega in pogleda otrok.</s>
<s id="s133.1">15.</s>
<s id="s133.2">IME IN NASLOV IMETNIKA DOVOLJENJA ZA PROMET Z ZDRAVILOM</s>
<s id="s134.1">Intervet International B. V.</s>
<s id="s134.2">NL- 5831 AN Boxmeer</s>
<s id="s135.1">16.</s>
<s id="s135.2">ŠTEVILKA( E) DOVOLJENJA ZA PROMET</s>
<s id="s136.1">EU/ 2/ 00/ 026/ 001 EU/ 2/ 00/ 026/ 002 EU/ 2/ 00/ 026/ 003 EU/ 2/ 00/ 026/ 004</s>
<s id="s137.1">17.</s>
<s id="s137.2">IZDELOVALČEVA ŠTEVILKA SERIJE IZDELAVE ZDRAVILA</s>
<s id="s138.1">Lot</s>
<s id="s139.1">12/ 17 PODATKI, KI MORAJO BITI NAJMANJ NAVEDENI NA MANJŠIH STIČNIH OVOJNINAH</s>
<s id="s140.1">1.</s>
<s id="s140.2">IME ZDRAVILA ZA UPORABO V VETERINARSKI MEDICINI</s>
<s id="s141.1">Porcilis AR- T DF</s>
<s id="s142.1">2.</s>
<s id="s142.2">KOLIČINA ZDRAVILNE( IH) UČINKOVIN( E)</s>
<s id="s143.1">Pred uporabo preberite navodila za uporabo.</s>
<s id="s144.1">3.</s>
<s id="s144.2">VSEBINA, IZRAŽENA Z MASO, PROSTORNINO ALI ŠTEVILOM ODMERKOV</s>
<s id="s145.1">20 ml (10 odmerkov po 2 ml) 50 ml (25 odmerkov po 2 ml)</s>
<s id="s146.1">4.</s>
<s id="s146.2">NAČIN( I) UPORABE ZDRAVILA</s>
<s id="s147.1">i. m.</s>
<s id="s148.1">5.</s>
<s id="s148.2">KARENCA</s>
<s id="s149.1">Karenca: nič dni.</s>
<s id="s150.1">6.</s>
<s id="s150.2">ŠTEVILKA SERIJE</s>
<s id="s151.1">Lot</s>
<s id="s152.1">7.</s>
<s id="s152.2">DATUM IZTEKA ROKA UPORABNOSTI ZDRAVILA</s>
<s id="s153.1">EXP {mesec/ leto} Načeto/ odprto zdravilo uporabite v 10 urah.</s>
<s id="s154.1">8.</s>
<s id="s154.2">BESEDILO ''SAMO ZA ŽIVALI''</s>
<s id="s155.1">Samo za živali.</s>
<s id="s156.1">13/ 17 B.</s>
<s id="s156.2">NAVODILO ZA UPORABO</s>
<s id="s157.1">14/ 17 NAVODILO ZA UPORABO</s>
<s id="s158.1">Porcilis AR- T DF, suspenzija za injiciranje za prašiče</s>
<s id="s159.1">1.</s>
<s id="s159.2">IME IN NASLOV IMETNIKA DOVOLJENJA ZA PROMET Z ZDRAVILOM TER IMETNIKA DOVOLJENJA ZA PROIZVODNJO ZDRAVILA, ODGOVORNEGA ZA SPROSTITEV SERIJ, ČE STA RAZLIČNA</s>
<s id="s160.1">Intervet International B. V.</s>
<s id="s160.2">Wim de Körverstraat 35 5831 AN Boxmeer Nizozemska</s>
<s id="s161.1">2.</s>
<s id="s161.2">IME ZDRAVILA ZA UPORABO V VETERINARSKI MEDICINI</s>
<s id="s162.1">Porcilis AR- T DF, suspenzija za injiciranje</s>
<s id="s163.1">3.</s>
<s id="s163.2">NAVEDBA ZDRAVILNE( IH) UČINKOVIN( E) IN DRUGE( IH) SESTAVIN( E)</s>
<s id="s164.1">Zdravilne učinkovine:</s>
<s id="s164.2">V odmerku po 2 ml</s>
<s id="s165.1">- protein dO (netoksični delecijski derivat dermonekrotičnega</s>
<s id="s166.1">≥ 5, 9 log2 toksin nevtralizirajočega titra1 toksina bakterije Pasteurella multocida) ≥ 4, 2 log2 aglutinacijskega titra2</s>
<s id="s167.1">- inaktivirane celice bakterije Bordetella bronchiseptica</s>
<s id="s168.1">1 Srednji toksin nevtralizirajoči titer je določen po ponovljeni vakcinaciji s polovičnim odmerkom pri kuncih.</s>
<s id="s168.2">2 Srednji aglutinacijski titer je določen po enkratni vakcinaciji s polovičnim odmerkom pri kuncih.</s>
<s id="s169.1">Adjuvans V odmerku po 2 ml</s>
<s id="s170.1">- 150 mg dl- alfa- tokoferol acetata</s>
<s id="s171.1">Konzervansi V odmerku po 2 ml Največ 1, 0 mg prostega formaldehida</s>
<s id="s172.1">4.</s>
<s id="s172.2">INDIKACIJE</s>
<s id="s173.1">Zmanjšanje kliničnih znakov progresivnega atrofičnega rinitisa pujskov s pasivno peroralno imunizacijo prek kolostruma aktivno imuniziranih mater</s>
<s id="s174.1">5.</s>
<s id="s174.2">KONTRAINDIKACIJE</s>
<s id="s175.1">Jih ni.</s>
<s id="s176.1">6.</s>
<s id="s176.2">NEŽELENI UČINKI</s>
<s id="s177.1">Na splošno se lahko pri nekaterih prašičih na dan cepljenja ali naslednji dan prehodno povprečno za 1, 5 °C, pri nekaterih prašičih do 3 °C, poveča telesna temperatura.</s>
<s id="s177.2">Na dan cepljenja se lahko</s>
<s id="s178.1">15/ 17 zmanjšata aktivnost in tek pri 10 do 20% živali in se pojavi prehodna oteklina na mestu injiciranja (največji premer je 10 cm), ki traja do dveh tednov.</s>
<s id="s179.1">Če opazite kakršne koli resne stranske učinke ali druge učinke, ki niso omenjeni v teh navodilih za uporabo, obvestite svojega veterinarja.</s>
<s id="s180.1">7.</s>
<s id="s180.2">CILJNA ŽIVALSKA VRSTA</s>
<s id="s181.1">Prašiči (svinje in mladice)</s>
<s id="s182.1">8.</s>
<s id="s182.2">ODMEREK ZA POSAMEZNE ŽIVALSKE VRSTE TER NAČIN UPORABE IN DAJANJA ZDRAVILA</s>
<s id="s183.1">En odmerek po 2 ml intramuskularno prašičem, starim 18 tednov in starejšim.</s>
<s id="s183.2">Cepivo je najbolje dajati za uho.</s>
<s id="s184.1">Shema cepljenja:</s>
<s id="s185.1">Osnovno cepljenje: en odmerek za enega prašiča, nato drugi odmerek 4 tedne po prvem.</s>
<s id="s185.2">Prvi odmerek je treba dati 6 tednov pred pričakovano prasitvijo.</s>
<s id="s186.1">Revakcinacija: en odmerek 2 do 4 tedne pred vsako naslednjo prasitvijo.</s>
<s id="s187.1">9.</s>
<s id="s187.2">NASVET O PRAVILNI UPORABI ZDRAVILA</s>
<s id="s188.1">- Cepivo pred uporabo ogrejte na sobno temperaturo (15 ºC do 25 ºC).</s>
<s id="s189.1">- Pred uporabo in občasno med njo dobro pretresite.</s>
<s id="s190.1">- Pazite, da ne bi prišlo do kontaminacije.</s>
<s id="s191.1">- Cepite samo zdrave živali.</s>
<s id="s192.1">10.</s>
<s id="s192.2">KARENCA</s>
<s id="s193.1">Nič dni.</s>
<s id="s194.1">11.</s>
<s id="s194.2">POSEBNA NAVODILA ZA SHRANJEVANJE</s>
<s id="s195.1">Shranjujte izven dosega in pogleda otrok.</s>
<s id="s196.1">Shranjujte v hladilniku (2 °C – 8 °C).</s>
<s id="s196.2">Zdravilo ne sme zmrzniti.</s>
<s id="s196.3">Vsebnik shranjujte v zunanji ovojnini.</s>
<s id="s197.1">Zdravila ne smete uporabljati po datumu izteka roka uporabnosti, navedenega na zunanji ovojni.</s>
<s id="s198.1">Rok uporabnosti po prvem odpiranju vsebnika:</s>
<s id="s198.2">10 ur.</s>
<s id="s199.1">12.</s>
<s id="s199.2">POSEBNO( A) OPOZORIL( O) A</s>
<s id="s200.1">Ni podatkov o varnosti ter učinkovitosti ob sočasni uporabi tega cepiva s katerim koli drugim.</s>
<s id="s200.2">Zato odsvetujemo uporabo katerega koli cepiva v obdobju 14 dni pred ali po cepljenju s tem izdelkom.</s>
<s id="s201.1">16/ 17 Ne mešajte z drugimi zdravili za uporabo v veterinarski medicini.</s>
<s id="s202.1">V primeru nenamernega samoinjiciranja se takoj posvetujte z zdravnikom in mu pokažite navodila za uporabo ali nalepko na zunanji ovojnini.</s>
<s id="s203.1">Uvoz, prodaja, oskrba in/ ali uporaba tega zdravila za uporabo v veterinarski medicini je ali je lahko prepovedana v nekaterih državah članicah na njihovem celotnem ozemlju ali delu ozemlja v skladu z nacionalnim programom zdravstvenega varstva živali.</s>
<s id="s203.2">Vsakdo, ki namerava uvažati, prodajati, oskrbovati in/ ali uporabljati to zdravilo za uporabo v veterinarski medicini, se mora posvetovati s pristojnimi organi posamezne države članice o veljavnih programih cepljenja še pred uvozom, prodajo, oskrbo in/ ali uporabo.</s>
<s id="s204.1">13.</s>
<s id="s204.2">POSEBNI VARNOSTNI UKREPI ZA ODSTRANJEVANJE NEPORABLJENEGA ZDRAVILA ALI ODPADNIH SNOVI, ČE OBSTAJAJO</s>
<s id="s205.1">Vsako neporabljeno zdravilo za uporabo v veterinarski medicini ali odpadne snovi, ki nastanejo iz teh zdravil, je treba odstraniti v skladu z nacionalnimi zahtevami.</s>
<s id="s206.1">14.</s>
<s id="s206.2">DATUM ZADNJE ODOBRITVE NAVODIL ZA UPORABO</s>
<s id="s207.1">02/ 2006</s>
<s id="s208.1">15.</s>
<s id="s208.2">DRUGE INFORMACIJE</s>
<s id="s209.1">Pasteurella multocida, ki izloča dermonekrotični toksin, povzroča atrofijo nosnih školjk pri progresivnem atrofičnem rinitisu.</s>
<s id="s209.2">Kolonizacijo površine nosne sluznice s Pasteurello multocido najpogosteje pospeši okužba z Bordetello bronchiseptico.</s>
<s id="s209.3">Cepivo vsebuje netoksični rekombinantni derivat toksina Pasteurelle multocide in inaktivirane celice Bordetelle bronchiseptice.</s>
<s id="s209.4">Imunogeni so vgrajeni v adjuvans na osnovi dl- alfa- tokoferola.</s>
<s id="s209.5">Novorojeni pujski pridobijo pasivno imunost s kolostrumom cepljenih svinj ali mladic.</s>
<s id="s210.1">Samo za živali.</s>
<s id="s211.1">Ni nujno, da so v prometu vsa navedena pakiranja.</s>
<s id="s212.1">17/ 17</s>
</body>
</letsmt>
