<?xml version="1.0" encoding="utf-8"?>
<letsmt version="1.0">
<head></head>
<body>
<s id="s1.1">European Medicines Agency</s>
<s id="s2.1">EMEA/ CVMP/ 487721/ 2006</s>
<s id="s3.1">EVROPSKO JAVNO POROČILO O OCENI ZDRAVILA (EPAR)</s>
<s id="s4.1">PORCILIS AR- T DF</s>
<s id="s5.1">Povzetek EPAR za javnost</s>
<s id="s6.1">Ta dokument je povzetek Evropskega javnega poročila o oceni zdravila (EPAR).</s>
<s id="s6.2">Njegov namen je pojasniti, kako je Odbor za zdravila za uporabo v veterinarski medicini (CVMP) ocenil predloženo dokumentacijo, na podlagi česar je oblikoval priporočila glede uporabe zdravila.</s>
<s id="s6.3">Ta dokument ne more nadomestiti neposrednega pogovora z veterinarjem.</s>
<s id="s6.4">Če potrebujete več informacij o zdravstvenem stanju ali zdravljenju vaše živali, se posvetujte z veterinarjem.</s>
<s id="s6.5">Če želite več informacij o podlagi za priporočila CVMP, preberite znanstveno razpravo (ki je prav tako del EPAR).</s>
<s id="s7.1">Kaj je zdravilo Porcilis AR- T DF?</s>
<s id="s7.2">Zdravilo Porcilis AR- T DF je cepivo, ki se uporablja pri prašičih.</s>
<s id="s7.3">Gre za vialo, ki vsebuje suspenzijo za injiciranje.</s>
<s id="s7.4">Zdravilo Porcilis AR- T DF vsebuje netoksični rekombinantni derivat (glejte » Kako zdravilo Porcilis AR- T DF deluje? «) toksina Pasteurella multocida in inaktiviranih celic Bordetella bronchiseptica.</s>
<s id="s8.1">Za kaj se zdravilo Porcilis AR- T DF uporablja?</s>
<s id="s8.2">Zdravilo Porcilis AR- T DF se uporablja za zmanjšanje kliničnih znakov progresivnega atrofičnega rinitisa (bolezni, pri kateri pride do okužbe nosnih tkiv, ki nato odmre).</s>
<s id="s8.3">Cepivo se daje le svinjam (samicam).</s>
<s id="s8.4">Njihovi pujski postanejo s pitjem kolostruma (prvega mleka) imuni.</s>
<s id="s8.5">Zdravilo Porcilis AR- T DF se daje svinjam (samicam), starim 18 tednov in starejšim, v odmerku 2 ml z intramuskularno (v mišico) injekcijo.</s>
<s id="s8.6">Cepivo se daje za uho.</s>
<s id="s8.7">Prvo injekcijo je treba dati 6 tednov pred pričakovano prasitvijo (rojevanjem pujskov).</s>
<s id="s8.8">Prvemu odmerku sledi drugi 4 tedne kasneje.</s>
<s id="s8.9">Za vzdrževanje imunosti je potrebna ena injekcija (en odmerek) 2 do 4 tedne pred vsako naslednjo prasitvijo.</s>
<s id="s9.1">Kako zdravilo Porcilis AR- T DF deluje?</s>
<s id="s9.2">Progresivni atrofični rinitis povzročajo toksini bakterije Pasteurella multocida.</s>
<s id="s9.3">Zdravilo Porcilis AR- T DF vsebuje netoksični rekombinantni derivat (glejte spodaj) toksina bakterije Pasteurella multocida in tudi inaktivirane celice bakterije Bordetella bronchiseptica.</s>
<s id="s9.4">Ta bakterija se pogosto pojavlja skupaj z bakterijo Pasteurella multocida in otežuje bolezen.</s>
<s id="s9.5">Ko svinja prejme injekcijo, ta majhna izpostavitev pripomore, da njen imunski sistem prepozna in napade bakterijo.</s>
<s id="s9.6">Če bo kasneje v življenju prašič izpostavljen tem sevom, se ne bo okužil oziroma bo imel bistveno manj resno okužbo.</s>
<s id="s9.7">Imunost se preko kolostruma prenaša s svinje na pujske.</s>
<s id="s9.8">Zdravilna učinkovina zdravila Porcilis AR- T DF, toksin Pasteurella multocida, se proizvaja po metodi, imenovani » rekombinantna tehnologija «.</s>
<s id="s9.9">Toksin Pasteurella multocida proizvaja celica bakterije, ki je prejela gen (DNK), ki ji omogoča tvorjenje toksoida Pasteurella multocida, t. j. genetsko modificirane oblike toksina, ki ima zadostno imunogenost, vendar pa nima toksičnih lastnosti.</s>
<s id="s10.1">7 Westferry Circus, Canary Wharf, London E14 4HB, UK Tel.</s>
<s id="s10.2">(44- 20) 74 18 84 00 Fax (44- 20) 74 18 84 16 E- mail: mail@ emea. europa. eu http: // www. emea. europa. eu ©EMEA 2007 Reproduction and/ or distribution of this document is authorised for non commercial purposes only provided the EMEA is acknowledged Kako je bila raziskana učinkovitost zdravila Porcilis AR- T DF?</s>
<s id="s10.3">Zdravilo Porcilis AR- T DF so preučevali pri svinjah, pri katerih so ga primerjali z drugim cepivom za progresivni atrofični rinitis.</s>
<s id="s10.4">Pri tej raziskavi so pujskom iz vsakega legla vsake svinje odvzeli kri in jo testirali glede protiteles za toksin bakterije Pasteurella multocida in bakterijo Bordetella bronchiseptica.</s>
<s id="s10.5">Prav tako so preučili čas trajanja učinkovitosti zdravila Porcilis AR- T DF.</s>
<s id="s10.6">Glavno merilo učinkovitosti je bila količina protiteles za bakterijo Bordetella bronchiseptica in tudi za toksin bakterije Pasteurella multocida.</s>
<s id="s11.1">Kakšne koristi je zdravilo Porcilis AR- T DF izkazalo med raziskavami?</s>
<s id="s11.2">Raziskave so pokazale dobro zaščito proti kliničnim znakom progresivnega atrofičnega rinitisa.</s>
<s id="s11.3">Pujski so imeli primerljive ravni protiteles proti progresivnemu atrofičnemu rinitisu kot so bile dosežene z drugim odobrenim cepivom.</s>
<s id="s11.4">V okviru raziskave trajanja učinkovanja, temelječi na ravni protiteles, je bilo prikazano, da je revakcinacija z enim odmerkom privedla do okrepljenega odziva (to pomeni, da so bile nato ravni protiteles celo višje kot po prvem cepljenju).</s>
<s id="s12.1">Kakšni so neželeni učinki zdravila Porcilis AR- T DF?</s>
<s id="s12.2">Zdravilo Porcilis AR- T DF utegne povzročiti prehodno povišanje telesne temperature za 1, 5 °C, pri nekaterih prašičih pa tudi za do 3 °C, na dan cepljenja ali naslednji dan.</s>
<s id="s12.3">Drugi neželeni učinki so zmanjšana aktivnost in tek pri 10 do 20% prašičev na dan cepljenja in/ ali prehodna oteklina na mestu injiciranja (največji premer:</s>
<s id="s12.4">10 cm), ki traja do dveh tednov.</s>
<s id="s13.1">Kakšne previdnostne ukrepe mora upoštevati oseba, ki daje zdravilo ali pride v stik z živaljo?</s>
<s id="s13.2">Zdravilo Porcilis AR- T DF vsebuje tekoči parafin.</s>
<s id="s13.3">Nenamerno injiciranje lahko povzroči hudo bolečino in otekanje, še posebej če je bilo injiciranje izvedeno v sklep ali prst, kar lahko v redkih primerih privede do izgube prsta.</s>
<s id="s13.4">Če pride do nehotenega injiciranja s tem proizvodom, mora oseba nemudoma poiskati zdravniško pomoč, četudi je bila injicirana le majhna količina.</s>
<s id="s13.5">K zdravniku je treba odnesti tudi Navodila za uporabo.</s>
<s id="s13.6">Če bolečina traja več kot 12 ur po zdravniškem pregledu, se je potrebno ponovno zglasiti pri zdravniku.</s>
<s id="s14.1">Zakaj je bilo zdravilo Porcilis AR- T DF odobreno?</s>
<s id="s14.2">Odbor za zdravila za uporabo v veterinarski medicini (CVMP) je sklenil, da so koristi zdravila Porcilis AR- T DF pri zmanjševanju kliničnih znakov progresivnega atrofičnega rinitisa večje od morebitnih tveganj.</s>
<s id="s14.3">Zato so priporočili, da se za zdravilo Porcilis AR- T DF podeli dovoljenje za promet.</s>
<s id="s14.4">Razmerje med koristmi in tveganji najdete v modulu 6 tega Evropskega javnega poročila o oceni zdravila (EPAR).</s>
<s id="s15.1">Druge informacije o zdravilu Porcilis AR- T DF:</s>
<s id="s15.2">Evropska komisija je dovoljenje za promet z zdravilom Porcilis AR- T DF, veljavno po vsej Evropski uniji, odobrila družbi Intervet International B. V dne 16. novembra 2000.</s>
<s id="s15.3">Podatki o predpisovanju tega zdravila so navedeni na ovojnini.</s>
<s id="s16.1">Ta povzetek je bil nazadnje posodobljen 11- 2006.</s>
<s id="s17.1">2/ 2</s>
</body>
</letsmt>
