<?xml version="1.0" encoding="utf-8"?>
<text>
<p id="1">
<s id="s1.1">
 <w id="w1.1.1">European</w> 
 <w id="w1.1.2">Medicines</w> 
 <w id="w1.1.3">Agency</w>
</s></p>

<p id="2">
<s id="s2.1">
 <w id="w2.1.1">EMEA/</w>
 <w id="w2.1.2">H/</w>
 <w id="w2.1.3">C/</w>
 <w id="w2.1.4">826</w>
</s></p>

<p id="3">
<s id="s3.1">
 <w id="w3.1.1">EVROPSKO</w> 
 <w id="w3.1.2">JAVNO</w> 
 <w id="w3.1.3">POROČILO</w> 
 <w id="w3.1.4">O</w> 
 <w id="w3.1.5">OCENI</w> 
 <w id="w3.1.6">ZDRAVILA</w> 
 <w id="w3.1.7">(</w>
 <w id="w3.1.8">EPAR</w>
 <w id="w3.1.9">)</w>
</s></p>

<p id="4">
<s id="s4.1">
 <w id="w4.1.1">BIOGRASTIM</w>
</s></p>

<p id="5">
<s id="s5.1">
 <w id="w5.1.1">Povzetek</w> 
 <w id="w5.1.2">EPAR</w> 
 <w id="w5.1.3">za</w> 
 <w id="w5.1.4">javnost</w>
</s></p>

<p id="6">
<s id="s6.1">
 <w id="w6.1.1">Ta</w> 
 <w id="w6.1.2">dokument</w> 
 <w id="w6.1.3">je</w> 
 <w id="w6.1.4">povzetek</w> 
 <w id="w6.1.5">evropskega</w> 
 <w id="w6.1.6">javnega</w> 
 <w id="w6.1.7">poročila</w> 
 <w id="w6.1.8">o</w> 
 <w id="w6.1.9">oceni</w> 
 <w id="w6.1.10">zdravila</w> 
 <w id="w6.1.11">(</w>
 <w id="w6.1.12">EPAR</w>
 <w id="w6.1.13">)</w>
 <w id="w6.1.14">.</w>
</s> 
 
<s id="s6.2">
 <w id="w6.2.1">Pojasnjuje</w>
 <w id="w6.2.2">,</w> 
 <w id="w6.2.3">kako</w> 
 <w id="w6.2.4">je</w> 
 <w id="w6.2.5">Odbor</w> 
 <w id="w6.2.6">za</w> 
 <w id="w6.2.7">zdravila</w> 
 <w id="w6.2.8">za</w> 
 <w id="w6.2.9">uporabo</w> 
 <w id="w6.2.10">v</w> 
 <w id="w6.2.11">humani</w> 
 <w id="w6.2.12">medicini</w> 
 <w id="w6.2.13">(</w>
 <w id="w6.2.14">CHMP</w>
 <w id="w6.2.15">)</w> 
 <w id="w6.2.16">ocenil</w> 
 <w id="w6.2.17">opravljene</w> 
 <w id="w6.2.18">študije</w>
 <w id="w6.2.19">,</w> 
 <w id="w6.2.20">na</w> 
 <w id="w6.2.21">podlagi</w> 
 <w id="w6.2.22">katerih</w> 
 <w id="w6.2.23">je</w> 
 <w id="w6.2.24">oblikoval</w> 
 <w id="w6.2.25">priporočila</w> 
 <w id="w6.2.26">glede</w> 
 <w id="w6.2.27">uporabe</w> 
 <w id="w6.2.28">zdravila</w>
 <w id="w6.2.29">.</w>
</s> 
 
<s id="s6.3">
 <w id="w6.3.1">Če</w> 
 <w id="w6.3.2">potrebujete</w> 
 <w id="w6.3.3">več</w> 
 <w id="w6.3.4">informacij</w> 
 <w id="w6.3.5">o</w> 
 <w id="w6.3.6">svojem</w> 
 <w id="w6.3.7">zdravstvenem</w> 
 <w id="w6.3.8">stanju</w> 
 <w id="w6.3.9">ali</w> 
 <w id="w6.3.10">zdravljenju</w>
 <w id="w6.3.11">,</w> 
 <w id="w6.3.12">preberite</w> 
 <w id="w6.3.13">navodilo</w> 
 <w id="w6.3.14">za</w> 
 <w id="w6.3.15">uporabo</w> 
 <w id="w6.3.16">(</w>
 <w id="w6.3.17">ki</w> 
 <w id="w6.3.18">je</w> 
 <w id="w6.3.19">prav</w> 
 <w id="w6.3.20">tako</w> 
 <w id="w6.3.21">del</w> 
 <w id="w6.3.22">EPAR</w>
 <w id="w6.3.23">)</w> 
 <w id="w6.3.24">ali</w> 
 <w id="w6.3.25">se</w> 
 <w id="w6.3.26">posvetujte</w> 
 <w id="w6.3.27">s</w> 
 <w id="w6.3.28">svojim</w> 
 <w id="w6.3.29">zdravnikom</w> 
 <w id="w6.3.30">ali</w> 
 <w id="w6.3.31">farmacevtom</w>
 <w id="w6.3.32">.</w>
</s> 
 
<s id="s6.4">
 <w id="w6.4.1">Če</w> 
 <w id="w6.4.2">želite</w> 
 <w id="w6.4.3">več</w> 
 <w id="w6.4.4">informacij</w>
 <w id="w6.4.5">,</w> 
 <w id="w6.4.6">ki</w> 
 <w id="w6.4.7">temeljijo</w> 
 <w id="w6.4.8">na</w> 
 <w id="w6.4.9">priporočilih</w> 
 <w id="w6.4.10">CHMP</w>
 <w id="w6.4.11">,</w> 
 <w id="w6.4.12">preberite</w> 
 <w id="w6.4.13">znanstveno</w> 
 <w id="w6.4.14">razpravo</w> 
 <w id="w6.4.15">(</w>
 <w id="w6.4.16">ki</w> 
 <w id="w6.4.17">je</w> 
 <w id="w6.4.18">prav</w> 
 <w id="w6.4.19">tako</w> 
 <w id="w6.4.20">del</w> 
 <w id="w6.4.21">EPAR</w>
 <w id="w6.4.22">)</w>
 <w id="w6.4.23">.</w>
</s></p>

<p id="7">
<s id="s7.1">
 <w id="w7.1.1">Kaj</w> 
 <w id="w7.1.2">je</w> 
 <w id="w7.1.3">zdravilo</w> 
 <w id="w7.1.4">Biograstim</w>
 <w id="w7.1.5">?</w>
</s> 
 
<s id="s7.2">
 <w id="w7.2.1">Zdravilo</w> 
 <w id="w7.2.2">Biograstim</w> 
 <w id="w7.2.3">je</w> 
 <w id="w7.2.4">raztopina</w> 
 <w id="w7.2.5">za</w> 
 <w id="w7.2.6">injiciranje</w> 
 <w id="w7.2.7">ali</w> 
 <w id="w7.2.8">infundiranje</w> 
 <w id="w7.2.9">(</w>
 <w id="w7.2.10">dajanje</w> 
 <w id="w7.2.11">v</w> 
 <w id="w7.2.12">veno</w>
 <w id="w7.2.13">)</w>
 <w id="w7.2.14">.</w>
</s> 
 
<s id="s7.3">
 <w id="w7.3.1">Vsebuje</w> 
 <w id="w7.3.2">zdravilno</w> 
 <w id="w7.3.3">učinkovino</w> 
 <w id="w7.3.4">filgrastim</w>
 <w id="w7.3.5">.</w>
</s> 
 
<s id="s7.4">
 <w id="w7.4.1">Zdravilo</w> 
 <w id="w7.4.2">Biograstim</w> 
 <w id="w7.4.3">je</w> 
 <w id="w7.4.4">podobno</w> 
 <w id="w7.4.5">biološko</w> 
 <w id="w7.4.6">zdravilo</w>
 <w id="w7.4.7">.</w>
</s> 
 
<s id="s7.5">
 <w id="w7.5.1">To</w> 
 <w id="w7.5.2">pomeni</w>
 <w id="w7.5.3">,</w> 
 <w id="w7.5.4">da</w> 
 <w id="w7.5.5">je</w> 
 <w id="w7.5.6">zdravilo</w> 
 <w id="w7.5.7">Biograstim</w> 
 <w id="w7.5.8">podobno</w> 
 <w id="w7.5.9">biološkemu</w> 
 <w id="w7.5.10">zdravilu</w>
 <w id="w7.5.11">,</w> 
 <w id="w7.5.12">ki</w> 
 <w id="w7.5.13">je</w> 
 <w id="w7.5.14">že</w> 
 <w id="w7.5.15">odobreno</w> 
 <w id="w7.5.16">v</w> 
 <w id="w7.5.17">Evropski</w> 
 <w id="w7.5.18">uniji</w> 
 <w id="w7.5.19">(</w>
 <w id="w7.5.20">EU</w>
 <w id="w7.5.21">)</w> 
 <w id="w7.5.22">in</w> 
 <w id="w7.5.23">vsebujejo</w> 
 <w id="w7.5.24">enako</w> 
 <w id="w7.5.25">zdravilno</w> 
 <w id="w7.5.26">učinkovino</w> 
 <w id="w7.5.27">(</w>
 <w id="w7.5.28">t.</w>
 <w id="w7.5.29">i</w>
 <w id="w7.5.30">.</w>
</s> 
 
<s id="s7.6">
 <w id="w7.6.1">„</w>
 <w id="w7.6.2">referenčno</w> 
 <w id="w7.6.3">zdravilo</w>
 <w id="w7.6.4">“</w>
 <w id="w7.6.5">)</w>
 <w id="w7.6.6">.</w>
</s> 
 
<s id="s7.7">
 <w id="w7.7.1">Referenčno</w> 
 <w id="w7.7.2">zdravilo</w> 
 <w id="w7.7.3">za</w> 
 <w id="w7.7.4">zdravilo</w> 
 <w id="w7.7.5">Biograstim</w> 
 <w id="w7.7.6">je</w> 
 <w id="w7.7.7">zdravilo</w> 
 <w id="w7.7.8">Neupogen</w>
 <w id="w7.7.9">.</w>
</s> 
 
<s id="s7.8">
 <w id="w7.8.1">Za</w> 
 <w id="w7.8.2">več</w> 
 <w id="w7.8.3">informacij</w> 
 <w id="w7.8.4">o</w> 
 <w id="w7.8.5">podobnih</w> 
 <w id="w7.8.6">bioloških</w> 
 <w id="w7.8.7">zdravilih</w> 
 <w id="w7.8.8">si</w> 
 <w id="w7.8.9">oglejte</w> 
 <w id="w7.8.10">dokument</w> 
 <w id="w7.8.11">z</w> 
 <w id="w7.8.12">vprašanji</w> 
 <w id="w7.8.13">in</w> 
 <w id="w7.8.14">odgovori</w>
 <w id="w7.8.15">,</w> 
 <w id="w7.8.16">ki</w> 
 <w id="w7.8.17">je</w> 
 <w id="w7.8.18">na</w> 
 <w id="w7.8.19">voljo</w> 
 <w id="w7.8.20">tukaj</w>
 <w id="w7.8.21">.</w>
</s></p>

<p id="8">
<s id="s8.1">
 <w id="w8.1.1">Za</w> 
 <w id="w8.1.2">kaj</w> 
 <w id="w8.1.3">se</w> 
 <w id="w8.1.4">zdravilo</w> 
 <w id="w8.1.5">Biograstim</w> 
 <w id="w8.1.6">uporablja</w>
 <w id="w8.1.7">?</w>
</s> 
 
<s id="s8.2">
 <w id="w8.2.1">Zdravilo</w> 
 <w id="w8.2.2">Biograstim</w> 
 <w id="w8.2.3">se</w> 
 <w id="w8.2.4">uporablja</w> 
 <w id="w8.2.5">za</w> 
 <w id="w8.2.6">spodbujanje</w> 
 <w id="w8.2.7">tvorbe</w> 
 <w id="w8.2.8">belih</w> 
 <w id="w8.2.9">krvničk</w> 
 <w id="w8.2.10">v</w> 
 <w id="w8.2.11">naslednjih</w> 
 <w id="w8.2.12">primerih</w>
 <w id="w8.2.13">:</w> 
 <w id="w8.2.14">•</w> 
 <w id="w8.2.15">za</w> 
 <w id="w8.2.16">skrajšanje</w> 
 <w id="w8.2.17">trajanja</w> 
 <w id="w8.2.18">nevtropenije</w> 
 <w id="w8.2.19">(</w>
 <w id="w8.2.20">nizke</w> 
 <w id="w8.2.21">ravni</w> 
 <w id="w8.2.22">nevtrofilcev</w>
 <w id="w8.2.23">,</w> 
 <w id="w8.2.24">vrste</w> 
 <w id="w8.2.25">belih</w> 
 <w id="w8.2.26">krvničk</w>
 <w id="w8.2.27">)</w> 
 <w id="w8.2.28">in</w> 
 <w id="w8.2.29">zmanjšanje</w>     
 <w id="w8.2.30">pojava</w> 
 <w id="w8.2.31">febrilne</w> 
 <w id="w8.2.32">nevtropenije</w> 
 <w id="w8.2.33">(</w>
 <w id="w8.2.34">nevtropenije</w> 
 <w id="w8.2.35">s</w> 
 <w id="w8.2.36">povišano</w> 
 <w id="w8.2.37">telesno</w> 
 <w id="w8.2.38">temperaturo</w>
 <w id="w8.2.39">)</w> 
 <w id="w8.2.40">pri</w> 
 <w id="w8.2.41">bolnikih</w>
 <w id="w8.2.42">,</w> 
 <w id="w8.2.43">ki</w>     
 <w id="w8.2.44">prejemajo</w> 
 <w id="w8.2.45">kemoterapijo</w> 
 <w id="w8.2.46">(</w>
 <w id="w8.2.47">zdravljenje</w> 
 <w id="w8.2.48">proti</w> 
 <w id="w8.2.49">raku</w>
 <w id="w8.2.50">)</w>
 <w id="w8.2.51">,</w> 
 <w id="w8.2.52">ki</w> 
 <w id="w8.2.53">je</w> 
 <w id="w8.2.54">citotoksična</w> 
 <w id="w8.2.55">(</w>
 <w id="w8.2.56">ubija</w> 
 <w id="w8.2.57">celice</w>
 <w id="w8.2.58">)</w>
 <w id="w8.2.59">;</w> 
 <w id="w8.2.60">•</w> 
 <w id="w8.2.61">za</w> 
 <w id="w8.2.62">skrajšanje</w> 
 <w id="w8.2.63">trajanja</w> 
 <w id="w8.2.64">nevtropenije</w> 
 <w id="w8.2.65">pri</w> 
 <w id="w8.2.66">bolnikih</w>
 <w id="w8.2.67">,</w> 
 <w id="w8.2.68">ki</w> 
 <w id="w8.2.69">se</w> 
 <w id="w8.2.70">zdravijo</w> 
 <w id="w8.2.71">s</w> 
 <w id="w8.2.72">terapijo</w>
 <w id="w8.2.73">,</w> 
 <w id="w8.2.74">katere</w> 
 <w id="w8.2.75">cilj</w> 
 <w id="w8.2.76">je</w> 
 <w id="w8.2.77">uničenje</w>     
 <w id="w8.2.78">celic</w> 
 <w id="w8.2.79">kostnega</w> 
 <w id="w8.2.80">mozga</w> 
 <w id="w8.2.81">pred</w> 
 <w id="w8.2.82">presaditvijo</w> 
 <w id="w8.2.83">kostnega</w> 
 <w id="w8.2.84">mozga</w> 
 <w id="w8.2.85">(</w>
 <w id="w8.2.86">kot</w> 
 <w id="w8.2.87">npr</w>
 <w id="w8.2.88">.</w> 
 <w id="w8.2.89">pri</w> 
 <w id="w8.2.90">bolnikih</w> 
 <w id="w8.2.91">z</w> 
 <w id="w8.2.92">levkemijo</w>
 <w id="w8.2.93">)</w>
 <w id="w8.2.94">,</w> 
 <w id="w8.2.95">pri</w>     
 <w id="w8.2.96">katerih</w> 
 <w id="w8.2.97">obstaja</w> 
 <w id="w8.2.98">tveganje</w> 
 <w id="w8.2.99">za</w> 
 <w id="w8.2.100">dlje</w> 
 <w id="w8.2.101">trajajočo</w> 
 <w id="w8.2.102">hudo</w> 
 <w id="w8.2.103">nevtropenijo</w>
 <w id="w8.2.104">;</w> 
 <w id="w8.2.105">•</w> 
 <w id="w8.2.106">za</w> 
 <w id="w8.2.107">povečanje</w> 
 <w id="w8.2.108">števila</w> 
 <w id="w8.2.109">nevtrofilcev</w> 
 <w id="w8.2.110">in</w> 
 <w id="w8.2.111">zmanjšanje</w> 
 <w id="w8.2.112">tveganja</w> 
 <w id="w8.2.113">za</w> 
 <w id="w8.2.114">okužbe</w> 
 <w id="w8.2.115">pri</w> 
 <w id="w8.2.116">bolnikih</w> 
 <w id="w8.2.117">z</w> 
 <w id="w8.2.118">nevtropenijo</w>
 <w id="w8.2.119">,</w> 
 <w id="w8.2.120">ki</w>     
 <w id="w8.2.121">so</w> 
 <w id="w8.2.122">imeli</w> 
 <w id="w8.2.123">v</w> 
 <w id="w8.2.124">preteklosti</w> 
 <w id="w8.2.125">hujše</w>
 <w id="w8.2.126">,</w> 
 <w id="w8.2.127">ponavljajoče</w> 
 <w id="w8.2.128">se</w> 
 <w id="w8.2.129">okužbe</w>
 <w id="w8.2.130">;</w> 
 <w id="w8.2.131">•</w> 
 <w id="w8.2.132">za</w> 
 <w id="w8.2.133">zdravljenje</w> 
 <w id="w8.2.134">netropenije</w> 
 <w id="w8.2.135">pri</w> 
 <w id="w8.2.136">bolnikih</w> 
 <w id="w8.2.137">z</w> 
 <w id="w8.2.138">napredovalo</w> 
 <w id="w8.2.139">okužbo</w> 
 <w id="w8.2.140">z</w> 
 <w id="w8.2.141">virusom</w> 
 <w id="w8.2.142">humane</w> 
 <w id="w8.2.143">imunske</w>     
 <w id="w8.2.144">pomanjkljivosti</w> 
 <w id="w8.2.145">(</w>
 <w id="w8.2.146">HIV</w>
 <w id="w8.2.147">)</w>
 <w id="w8.2.148">,</w> 
 <w id="w8.2.149">z</w> 
 <w id="w8.2.150">namenom</w> 
 <w id="w8.2.151">zmanjšanja</w> 
 <w id="w8.2.152">tveganja</w> 
 <w id="w8.2.153">za</w> 
 <w id="w8.2.154">bakterijske</w> 
 <w id="w8.2.155">okužbe</w>
 <w id="w8.2.156">,</w> 
 <w id="w8.2.157">ko</w> 
 <w id="w8.2.158">druge</w> 
 <w id="w8.2.159">oblike</w>     
 <w id="w8.2.160">zdravljenja</w> 
 <w id="w8.2.161">niso</w> 
 <w id="w8.2.162">primerne</w>
 <w id="w8.2.163">.</w>
</s> 
 
<s id="s8.3">
 <w id="w8.3.1">Zdravilo</w> 
 <w id="w8.3.2">Biograstim</w> 
 <w id="w8.3.3">se</w> 
 <w id="w8.3.4">lahko</w> 
 <w id="w8.3.5">uporablja</w> 
 <w id="w8.3.6">tudi</w> 
 <w id="w8.3.7">pri</w> 
 <w id="w8.3.8">bolnikih</w>
 <w id="w8.3.9">,</w> 
 <w id="w8.3.10">ki</w> 
 <w id="w8.3.11">bi</w> 
 <w id="w8.3.12">naj</w> 
 <w id="w8.3.13">darovali</w> 
 <w id="w8.3.14">matične</w> 
 <w id="w8.3.15">celice</w> 
 <w id="w8.3.16">za</w> 
 <w id="w8.3.17">presaditev</w>
 <w id="w8.3.18">,</w> 
 <w id="w8.3.19">za</w> 
 <w id="w8.3.20">sproščanje</w> 
 <w id="w8.3.21">teh</w> 
 <w id="w8.3.22">celic</w> 
 <w id="w8.3.23">iz</w> 
 <w id="w8.3.24">kostnega</w> 
 <w id="w8.3.25">mozga</w>
 <w id="w8.3.26">.</w>
</s> 
 
<s id="s8.4">
 <w id="w8.4.1">Zdravilo</w> 
 <w id="w8.4.2">se</w> 
 <w id="w8.4.3">dobi</w> 
 <w id="w8.4.4">samo</w> 
 <w id="w8.4.5">na</w> 
 <w id="w8.4.6">recept</w>
 <w id="w8.4.7">.</w>
</s></p>

<p id="9">
<s id="s9.1">
 <w id="w9.1.1">Kako</w> 
 <w id="w9.1.2">se</w> 
 <w id="w9.1.3">zdravilo</w> 
 <w id="w9.1.4">Biograstim</w> 
 <w id="w9.1.5">uporablja</w>
 <w id="w9.1.6">?</w>
</s> 
 
<s id="s9.2">
 <w id="w9.2.1">Zdravilo</w> 
 <w id="w9.2.2">Cepivo</w> 
 <w id="w9.2.3">Biograstim</w> 
 <w id="w9.2.4">se</w> 
 <w id="w9.2.5">daje</w> 
 <w id="w9.2.6">z</w> 
 <w id="w9.2.7">injekcijo</w> 
 <w id="w9.2.8">pod</w> 
 <w id="w9.2.9">kožo</w> 
 <w id="w9.2.10">ali</w> 
 <w id="w9.2.11">infuzijo</w> 
 <w id="w9.2.12">v</w> 
 <w id="w9.2.13">veno</w>
 <w id="w9.2.14">.</w>
</s> 
 
<s id="s9.3">
 <w id="w9.3.1">Način</w> 
 <w id="w9.3.2">dajanja</w>
 <w id="w9.3.3">,</w> 
 <w id="w9.3.4">odmerek</w> 
 <w id="w9.3.5">in</w> 
 <w id="w9.3.6">trajanje</w> 
 <w id="w9.3.7">zdravljenja</w> 
 <w id="w9.3.8">so</w> 
 <w id="w9.3.9">odvisni</w> 
 <w id="w9.3.10">od</w> 
 <w id="w9.3.11">namena</w> 
 <w id="w9.3.12">uporabe</w>
 <w id="w9.3.13">,</w> 
 <w id="w9.3.14">telesne</w> 
 <w id="w9.3.15">mase</w> 
 <w id="w9.3.16">bolnika</w> 
 <w id="w9.3.17">in</w> 
 <w id="w9.3.18">odziva</w> 
 <w id="w9.3.19">na</w> 
 <w id="w9.3.20">zdravljenje</w>
 <w id="w9.3.21">.</w>
</s> 
 
<s id="s9.4">
 <w id="w9.4.1">Zdravilo</w> 
 <w id="w9.4.2">Biograstim</w> 
 <w id="w9.4.3">se</w> 
 <w id="w9.4.4">običajno</w> 
 <w id="w9.4.5">daje</w> 
 <w id="w9.4.6">v</w> 
 <w id="w9.4.7">specializiranem</w> 
 <w id="w9.4.8">zdravstvenem</w> 
 <w id="w9.4.9">centru</w>
 <w id="w9.4.10">,</w> 
 <w id="w9.4.11">vendar</w> 
 <w id="w9.4.12">pa</w> 
 <w id="w9.4.13">si</w> 
 <w id="w9.4.14">ga</w> 
 <w id="w9.4.15">lahko</w> 
 <w id="w9.4.16">bolniki</w>
 <w id="w9.4.17">,</w> 
 <w id="w9.4.18">ki</w> 
 <w id="w9.4.19">ga</w> 
 <w id="w9.4.20">prejemajo</w> 
 <w id="w9.4.21">s</w> 
 <w id="w9.4.22">podkožno</w> 
 <w id="w9.4.23">injekcijo</w>
 <w id="w9.4.24">,</w> 
 <w id="w9.4.25">dajejo</w> 
 <w id="w9.4.26">tudi</w> 
 <w id="w9.4.27">sami</w>
 <w id="w9.4.28">,</w> 
 <w id="w9.4.29">pod</w> 
 <w id="w9.4.30">pogojem</w>
 <w id="w9.4.31">,</w> 
 <w id="w9.4.32">da</w> 
 <w id="w9.4.33">so</w> 
 <w id="w9.4.34">bili</w> 
 <w id="w9.4.35">ustrezno</w> 
 <w id="w9.4.36">usposobljeni</w>
 <w id="w9.4.37">.</w>
</s> 
 
<s id="s9.5">
 <w id="w9.5.1">Za</w> 
 <w id="w9.5.2">več</w> 
 <w id="w9.5.3">informacij</w> 
 <w id="w9.5.4">glejte</w> 
 <w id="w9.5.5">navodilo</w> 
 <w id="w9.5.6">za</w> 
 <w id="w9.5.7">uporabo</w>
 <w id="w9.5.8">.</w>
</s>                               
 
<s id="s9.6">
 <w id="w9.6.1">7</w> 
 <w id="w9.6.2">Westferry</w> 
 <w id="w9.6.3">Circus</w>
 <w id="w9.6.4">,</w> 
 <w id="w9.6.5">Canary</w> 
 <w id="w9.6.6">Wharf</w>
 <w id="w9.6.7">,</w> 
 <w id="w9.6.8">London</w> 
 <w id="w9.6.9">E14</w> 
 <w id="w9.6.10">4HB</w>
 <w id="w9.6.11">,</w> 
 <w id="w9.6.12">UK</w>                                   
 <w id="w9.6.13">Tel</w>
 <w id="w9.6.14">.</w>
</s> 
 
<s id="s9.7">
 <w id="w9.7.1">(</w>
 <w id="w9.7.2">44-</w>
 <w id="w9.7.3">20</w>
 <w id="w9.7.4">)</w> 
 <w id="w9.7.5">74</w> 
 <w id="w9.7.6">18</w> 
 <w id="w9.7.7">84</w> 
 <w id="w9.7.8">00</w> 
 <w id="w9.7.9">Fax</w> 
 <w id="w9.7.10">(</w>
 <w id="w9.7.11">44-</w>
 <w id="w9.7.12">20</w>
 <w id="w9.7.13">)</w> 
 <w id="w9.7.14">74</w> 
 <w id="w9.7.15">18</w> 
 <w id="w9.7.16">84</w> 
 <w id="w9.7.17">16</w>                              
 <w id="w9.7.18">E-</w>
 <w id="w9.7.19">mail</w>
 <w id="w9.7.20">:</w> 
 <w id="w9.7.21">mail@</w>
 <w id="w9.7.22">emea.</w>
 <w id="w9.7.23">europa.</w>
 <w id="w9.7.24">eu</w> 
 <w id="w9.7.25">http</w>
 <w id="w9.7.26">:</w>
 <w id="w9.7.27">//</w>
 <w id="w9.7.28">www.</w>
 <w id="w9.7.29">emea.</w>
 <w id="w9.7.30">europa.</w>
 <w id="w9.7.31">eu</w>
</s></p>

<p id="10">
<s id="s10.1">
 <w id="w10.1.1">©</w> 
 <w id="w10.1.2">European</w> 
 <w id="w10.1.3">Medicines</w> 
 <w id="w10.1.4">Agency</w>
 <w id="w10.1.5">,</w> 
 <w id="w10.1.6">2008</w>
 <w id="w10.1.7">.</w>
</s> 
 
<s id="s10.2">
 <w id="w10.2.1">Reproduction</w> 
 <w id="w10.2.2">is</w> 
 <w id="w10.2.3">authorised</w> 
 <w id="w10.2.4">provided</w> 
 <w id="w10.2.5">the</w> 
 <w id="w10.2.6">source</w> 
 <w id="w10.2.7">is</w> 
 <w id="w10.2.8">acknowledged</w>
 <w id="w10.2.9">.</w>
</s> 
 
<s id="s10.3">
 <w id="w10.3.1">Kako</w> 
 <w id="w10.3.2">zdravilo</w> 
 <w id="w10.3.3">Biograstim</w> 
 <w id="w10.3.4">deluje</w>
 <w id="w10.3.5">?</w>
</s> 
 
<s id="s10.4">
 <w id="w10.4.1">Učinkovina</w> 
 <w id="w10.4.2">v</w> 
 <w id="w10.4.3">zdravilu</w> 
 <w id="w10.4.4">Biograstim</w>
 <w id="w10.4.5">,</w> 
 <w id="w10.4.6">filgrastim</w>
 <w id="w10.4.7">,</w> 
 <w id="w10.4.8">je</w> 
 <w id="w10.4.9">zelo</w> 
 <w id="w10.4.10">podobna</w> 
 <w id="w10.4.11">človeški</w> 
 <w id="w10.4.12">beljakovini</w>
 <w id="w10.4.13">,</w> 
 <w id="w10.4.14">imenovani</w> 
 <w id="w10.4.15">granulocitne</w> 
 <w id="w10.4.16">kolonije</w> 
 <w id="w10.4.17">stimulirajoči</w> 
 <w id="w10.4.18">faktor</w> 
 <w id="w10.4.19">(</w>
 <w id="w10.4.20">granulocyte</w> 
 <w id="w10.4.21">colony</w> 
 <w id="w10.4.22">stimulating</w> 
 <w id="w10.4.23">factor</w> 
 <w id="w10.4.24">-</w> 
 <w id="w10.4.25">G-</w>
 <w id="w10.4.26">CSF</w>
 <w id="w10.4.27">)</w>
 <w id="w10.4.28">.</w>
</s> 
 
<s id="s10.5">
 <w id="w10.5.1">Filgrastim</w> 
 <w id="w10.5.2">se</w> 
 <w id="w10.5.3">izdeluje</w> 
 <w id="w10.5.4">z</w> 
 <w id="w10.5.5">metodo</w>
 <w id="w10.5.6">,</w> 
 <w id="w10.5.7">imenovano</w> 
 <w id="w10.5.8">„</w>
 <w id="w10.5.9">tehnologija</w> 
 <w id="w10.5.10">rekombinantne</w> 
 <w id="w10.5.11">DNK</w>
 <w id="w10.5.12">“</w>
 <w id="w10.5.13">:</w> 
 <w id="w10.5.14">proizvaja</w> 
 <w id="w10.5.15">ga</w> 
 <w id="w10.5.16">bakterija</w>
 <w id="w10.5.17">,</w> 
 <w id="w10.5.18">ki</w> 
 <w id="w10.5.19">je</w> 
 <w id="w10.5.20">prejela</w> 
 <w id="w10.5.21">gen</w> 
 <w id="w10.5.22">(</w>
 <w id="w10.5.23">DNK</w>
 <w id="w10.5.24">)</w>
 <w id="w10.5.25">,</w> 
 <w id="w10.5.26">s</w> 
 <w id="w10.5.27">pomočjo</w> 
 <w id="w10.5.28">katerega</w> 
 <w id="w10.5.29">postane</w> 
 <w id="w10.5.30">sposobna</w> 
 <w id="w10.5.31">tvoriti</w> 
 <w id="w10.5.32">filgrastim</w>
 <w id="w10.5.33">.</w>
</s> 
 
<s id="s10.6">
 <w id="w10.6.1">Nadomestek</w> 
 <w id="w10.6.2">deluje</w> 
 <w id="w10.6.3">na</w> 
 <w id="w10.6.4">enak</w> 
 <w id="w10.6.5">način</w> 
 <w id="w10.6.6">kot</w> 
 <w id="w10.6.7">naravni</w> 
 <w id="w10.6.8">granulocitne</w> 
 <w id="w10.6.9">kolonije</w> 
 <w id="w10.6.10">stimulirajoči</w> 
 <w id="w10.6.11">faktor</w>
 <w id="w10.6.12">,</w> 
 <w id="w10.6.13">in</w> 
 <w id="w10.6.14">sicer</w> 
 <w id="w10.6.15">tako</w>
 <w id="w10.6.16">,</w> 
 <w id="w10.6.17">da</w> 
 <w id="w10.6.18">spodbudi</w> 
 <w id="w10.6.19">kostni</w> 
 <w id="w10.6.20">mozeg</w>
 <w id="w10.6.21">,</w> 
 <w id="w10.6.22">da</w> 
 <w id="w10.6.23">tvori</w> 
 <w id="w10.6.24">več</w> 
 <w id="w10.6.25">belih</w> 
 <w id="w10.6.26">krvničk</w>
 <w id="w10.6.27">.</w>
</s></p>

<p id="11">
<s id="s11.1">
 <w id="w11.1.1">Kako</w> 
 <w id="w11.1.2">je</w> 
 <w id="w11.1.3">bilo</w> 
 <w id="w11.1.4">zdravilo</w> 
 <w id="w11.1.5">Biograstim</w> 
 <w id="w11.1.6">raziskano</w>
 <w id="w11.1.7">?</w>
</s> 
 
<s id="s11.2">
 <w id="w11.2.1">Zdravilo</w> 
 <w id="w11.2.2">Biograstim</w> 
 <w id="w11.2.3">so</w> 
 <w id="w11.2.4">preučevali</w>
 <w id="w11.2.5">,</w> 
 <w id="w11.2.6">da</w> 
 <w id="w11.2.7">bi</w> 
 <w id="w11.2.8">dokazali</w>
 <w id="w11.2.9">,</w> 
 <w id="w11.2.10">da</w> 
 <w id="w11.2.11">je</w> 
 <w id="w11.2.12">podobno</w> 
 <w id="w11.2.13">referenčnemu</w> 
 <w id="w11.2.14">zdravilu</w> 
 <w id="w11.2.15">Neupogen</w>
 <w id="w11.2.16">.</w>
</s> 
 
<s id="s11.3">
 <w id="w11.3.1">Zdravilo</w> 
 <w id="w11.3.2">Biograstim</w> 
 <w id="w11.3.3">so</w> 
 <w id="w11.3.4">primerjali</w> 
 <w id="w11.3.5">z</w> 
 <w id="w11.3.6">zdravilom</w> 
 <w id="w11.3.7">Neupogen</w> 
 <w id="w11.3.8">in</w> 
 <w id="w11.3.9">placebom</w> 
 <w id="w11.3.10">v</w> 
 <w id="w11.3.11">eni</w> 
 <w id="w11.3.12">glavni</w> 
 <w id="w11.3.13">študiji</w>
 <w id="w11.3.14">,</w> 
 <w id="w11.3.15">ki</w> 
 <w id="w11.3.16">je</w> 
 <w id="w11.3.17">vključevala</w> 
 <w id="w11.3.18">348</w> 
 <w id="w11.3.19">bolnikov</w> 
 <w id="w11.3.20">z</w> 
 <w id="w11.3.21">rakom</w> 
 <w id="w11.3.22">dojke</w>
 <w id="w11.3.23">.</w>
</s> 
 
<s id="s11.4">
 <w id="w11.4.1">Študija</w> 
 <w id="w11.4.2">je</w> 
 <w id="w11.4.3">preučevala</w> 
 <w id="w11.4.4">trajanje</w> 
 <w id="w11.4.5">hude</w> 
 <w id="w11.4.6">nevtropenije</w> 
 <w id="w11.4.7">med</w> 
 <w id="w11.4.8">prvim</w> 
 <w id="w11.4.9">ciklom</w> 
 <w id="w11.4.10">citotoksične</w> 
 <w id="w11.4.11">kemoterapije</w>
 <w id="w11.4.12">,</w> 
 <w id="w11.4.13">ki</w> 
 <w id="w11.4.14">ga</w> 
 <w id="w11.4.15">je</w> 
 <w id="w11.4.16">prejel</w> 
 <w id="w11.4.17">bolnik</w>
 <w id="w11.4.18">.</w>
</s> 
 
<s id="s11.5">
 <w id="w11.5.1">Za</w> 
 <w id="w11.5.2">preučitev</w> 
 <w id="w11.5.3">varnosti</w> 
 <w id="w11.5.4">zdravila</w> 
 <w id="w11.5.5">Biograstim</w> 
 <w id="w11.5.6">sta</w> 
 <w id="w11.5.7">bili</w> 
 <w id="w11.5.8">izvedeni</w> 
 <w id="w11.5.9">še</w> 
 <w id="w11.5.10">dve</w> 
 <w id="w11.5.11">študiji</w> 
 <w id="w11.5.12">z</w> 
 <w id="w11.5.13">bolniki</w> 
 <w id="w11.5.14">s</w> 
 <w id="w11.5.15">pljučnim</w> 
 <w id="w11.5.16">rakom</w> 
 <w id="w11.5.17">in</w> 
 <w id="w11.5.18">z</w> 
 <w id="w11.5.19">neHodgkinovim</w> 
 <w id="w11.5.20">limfomom</w>
 <w id="w11.5.21">.</w>
</s></p>

<p id="12">
<s id="s12.1">
 <w id="w12.1.1">Kakšne</w> 
 <w id="w12.1.2">koristi</w> 
 <w id="w12.1.3">je</w> 
 <w id="w12.1.4">zdravilo</w> 
 <w id="w12.1.5">Biograstim</w> 
 <w id="w12.1.6">izkazalo</w> 
 <w id="w12.1.7">med</w> 
 <w id="w12.1.8">študijami</w>
 <w id="w12.1.9">?</w>
</s> 
 
<s id="s12.2">
 <w id="w12.2.1">Zdravljenje</w> 
 <w id="w12.2.2">z</w> 
 <w id="w12.2.3">zdraviloma</w> 
 <w id="w12.2.4">Biograstim</w> 
 <w id="w12.2.5">in</w> 
 <w id="w12.2.6">Neupogen</w> 
 <w id="w12.2.7">je</w> 
 <w id="w12.2.8">privedlo</w> 
 <w id="w12.2.9">do</w> 
 <w id="w12.2.10">podobnega</w> 
 <w id="w12.2.11">skrajšanja</w> 
 <w id="w12.2.12">trajanja</w> 
 <w id="w12.2.13">hude</w> 
 <w id="w12.2.14">nevtropenije</w>
 <w id="w12.2.15">.</w>
</s> 
 
<s id="s12.3">
 <w id="w12.3.1">Med</w> 
 <w id="w12.3.2">prvim</w> 
 <w id="w12.3.3">21</w> 
 <w id="w12.3.4">dnevnim</w> 
 <w id="w12.3.5">ciklom</w> 
 <w id="w12.3.6">kemoterapije</w> 
 <w id="w12.3.7">so</w> 
 <w id="w12.3.8">imeli</w> 
 <w id="w12.3.9">bolniki</w>
 <w id="w12.3.10">,</w> 
 <w id="w12.3.11">zdravljeni</w> 
 <w id="w12.3.12">bodisi</w> 
 <w id="w12.3.13">z</w> 
 <w id="w12.3.14">zdravilom</w> 
 <w id="w12.3.15">Biograstim</w> 
 <w id="w12.3.16">ali</w> 
 <w id="w12.3.17">Neupogen</w>
 <w id="w12.3.18">,</w> 
 <w id="w12.3.19">hudo</w> 
 <w id="w12.3.20">netropenijo</w> 
 <w id="w12.3.21">v</w> 
 <w id="w12.3.22">povprečju</w> 
 <w id="w12.3.23">1,</w>
 <w id="w12.3.24">1</w> 
 <w id="w12.3.25">dan</w>
 <w id="w12.3.26">,</w> 
 <w id="w12.3.27">v</w> 
 <w id="w12.3.28">primerjavi</w> 
 <w id="w12.3.29">s</w> 
 <w id="w12.3.30">3,</w>
 <w id="w12.3.31">8</w> 
 <w id="w12.3.32">dnevi</w> 
 <w id="w12.3.33">pri</w> 
 <w id="w12.3.34">tistih</w>
 <w id="w12.3.35">,</w> 
 <w id="w12.3.36">ki</w> 
 <w id="w12.3.37">so</w> 
 <w id="w12.3.38">prejemali</w> 
 <w id="w12.3.39">placebo</w>
 <w id="w12.3.40">.</w>
</s> 
 
<s id="s12.4">
 <w id="w12.4.1">Tako</w> 
 <w id="w12.4.2">je</w> 
 <w id="w12.4.3">bilo</w> 
 <w id="w12.4.4">dokazano</w>
 <w id="w12.4.5">,</w> 
 <w id="w12.4.6">da</w> 
 <w id="w12.4.7">je</w> 
 <w id="w12.4.8">učinkovitost</w> 
 <w id="w12.4.9">zdravila</w> 
 <w id="w12.4.10">Biograstim</w> 
 <w id="w12.4.11">ekvivalentna</w> 
 <w id="w12.4.12">učinkovitosti</w> 
 <w id="w12.4.13">zdravila</w> 
 <w id="w12.4.14">Neupogen</w>
 <w id="w12.4.15">.</w>
</s></p>

<p id="13">
<s id="s13.1">
 <w id="w13.1.1">Kakšna</w> 
 <w id="w13.1.2">tveganja</w> 
 <w id="w13.1.3">so</w> 
 <w id="w13.1.4">povezana</w> 
 <w id="w13.1.5">z</w> 
 <w id="w13.1.6">zdravilom</w> 
 <w id="w13.1.7">Biograstim</w>
 <w id="w13.1.8">?</w>
</s> 
 
<s id="s13.2">
 <w id="w13.2.1">Najpogostejši</w> 
 <w id="w13.2.2">neželeni</w> 
 <w id="w13.2.3">učinek</w> 
 <w id="w13.2.4">zdravila</w> 
 <w id="w13.2.5">Biograstim</w> 
 <w id="w13.2.6">(</w>
 <w id="w13.2.7">opažen</w> 
 <w id="w13.2.8">pri</w> 
 <w id="w13.2.9">več</w> 
 <w id="w13.2.10">kot</w> 
 <w id="w13.2.11">1</w> 
 <w id="w13.2.12">bolniku</w> 
 <w id="w13.2.13">izmed</w> 
 <w id="w13.2.14">10</w>
 <w id="w13.2.15">)</w> 
 <w id="w13.2.16">je</w> 
 <w id="w13.2.17">mišičnoskeletna</w> 
 <w id="w13.2.18">bolečina</w> 
 <w id="w13.2.19">(</w>
 <w id="w13.2.20">bolečina</w> 
 <w id="w13.2.21">v</w> 
 <w id="w13.2.22">mišicah</w> 
 <w id="w13.2.23">in</w> 
 <w id="w13.2.24">kosteh</w>
 <w id="w13.2.25">)</w>
 <w id="w13.2.26">.</w>
</s> 
 
<s id="s13.3">
 <w id="w13.3.1">Pri</w> 
 <w id="w13.3.2">več</w> 
 <w id="w13.3.3">kot</w> 
 <w id="w13.3.4">1</w> 
 <w id="w13.3.5">bolniku</w> 
 <w id="w13.3.6">izmed</w> 
 <w id="w13.3.7">10</w> 
 <w id="w13.3.8">se</w> 
 <w id="w13.3.9">lahko</w> 
 <w id="w13.3.10">pojavijo</w> 
 <w id="w13.3.11">tudi</w> 
 <w id="w13.3.12">drugi</w> 
 <w id="w13.3.13">neželeni</w> 
 <w id="w13.3.14">učinki</w>
 <w id="w13.3.15">,</w> 
 <w id="w13.3.16">v</w> 
 <w id="w13.3.17">odvisnosti</w> 
 <w id="w13.3.18">od</w> 
 <w id="w13.3.19">stanja</w>
 <w id="w13.3.20">,</w> 
 <w id="w13.3.21">zaradi</w> 
 <w id="w13.3.22">katerega</w> 
 <w id="w13.3.23">se</w> 
 <w id="w13.3.24">zdravilo</w> 
 <w id="w13.3.25">Biograstim</w> 
 <w id="w13.3.26">uporablja</w>
 <w id="w13.3.27">.</w>
</s> 
 
<s id="s13.4">
 <w id="w13.4.1">Za</w> 
 <w id="w13.4.2">celoten</w> 
 <w id="w13.4.3">seznam</w> 
 <w id="w13.4.4">neželenih</w> 
 <w id="w13.4.5">učinkov</w>
 <w id="w13.4.6">,</w> 
 <w id="w13.4.7">o</w> 
 <w id="w13.4.8">katerih</w> 
 <w id="w13.4.9">so</w> 
 <w id="w13.4.10">poročali</w> 
 <w id="w13.4.11">pri</w> 
 <w id="w13.4.12">uporabi</w> 
 <w id="w13.4.13">zdravila</w> 
 <w id="w13.4.14">Biograstim</w>
 <w id="w13.4.15">,</w> 
 <w id="w13.4.16">glejte</w> 
 <w id="w13.4.17">navodilo</w> 
 <w id="w13.4.18">za</w> 
 <w id="w13.4.19">uporabo</w>
 <w id="w13.4.20">.</w>
</s> 
 
<s id="s13.5">
 <w id="w13.5.1">Zdravila</w> 
 <w id="w13.5.2">Rebetol</w> 
 <w id="w13.5.3">se</w> 
 <w id="w13.5.4">ne</w> 
 <w id="w13.5.5">sme</w> 
 <w id="w13.5.6">uporabljati</w> 
 <w id="w13.5.7">pri</w> 
 <w id="w13.5.8">ljudeh</w>
 <w id="w13.5.9">,</w> 
 <w id="w13.5.10">ki</w> 
 <w id="w13.5.11">utegnejo</w> 
 <w id="w13.5.12">biti</w> 
 <w id="w13.5.13">preobčutljivi</w> 
 <w id="w13.5.14">za</w> 
 <w id="w13.5.15">(</w>
 <w id="w13.5.16">alergični</w> 
 <w id="w13.5.17">na</w>
 <w id="w13.5.18">)</w> 
 <w id="w13.5.19">filgrastim</w> 
 <w id="w13.5.20">ali</w> 
 <w id="w13.5.21">katero</w> 
 <w id="w13.5.22">koli</w> 
 <w id="w13.5.23">drugo</w> 
 <w id="w13.5.24">sestavino</w> 
 <w id="w13.5.25">zdravila</w>
 <w id="w13.5.26">.</w>
</s></p>

<p id="14">
<s id="s14.1">
 <w id="w14.1.1">Zakaj</w> 
 <w id="w14.1.2">je</w> 
 <w id="w14.1.3">bilo</w> 
 <w id="w14.1.4">zdravilo</w> 
 <w id="w14.1.5">Biograstim</w> 
 <w id="w14.1.6">odobreno</w>
 <w id="w14.1.7">?</w>
</s> 
 
<s id="s14.2">
 <w id="w14.2.1">Odbor</w> 
 <w id="w14.2.2">za</w> 
 <w id="w14.2.3">zdravila</w> 
 <w id="w14.2.4">za</w> 
 <w id="w14.2.5">uporabo</w> 
 <w id="w14.2.6">v</w> 
 <w id="w14.2.7">humani</w> 
 <w id="w14.2.8">medicini</w> 
 <w id="w14.2.9">(</w>
 <w id="w14.2.10">CHMP</w>
 <w id="w14.2.11">)</w> 
 <w id="w14.2.12">je</w> 
 <w id="w14.2.13">odločil</w>
 <w id="w14.2.14">,</w> 
 <w id="w14.2.15">da</w> 
 <w id="w14.2.16">je</w> 
 <w id="w14.2.17">bilo</w> 
 <w id="w14.2.18">v</w> 
 <w id="w14.2.19">skladu</w> 
 <w id="w14.2.20">z</w> 
 <w id="w14.2.21">zahtevami</w> 
 <w id="w14.2.22">Evropske</w> 
 <w id="w14.2.23">unije</w> 
 <w id="w14.2.24">dokazano</w>
 <w id="w14.2.25">,</w> 
 <w id="w14.2.26">da</w> 
 <w id="w14.2.27">ima</w> 
 <w id="w14.2.28">zdravilo</w> 
 <w id="w14.2.29">Biograstim</w> 
 <w id="w14.2.30">podoben</w> 
 <w id="w14.2.31">profil</w> 
 <w id="w14.2.32">kakovosti</w>
 <w id="w14.2.33">,</w> 
 <w id="w14.2.34">varnosti</w> 
 <w id="w14.2.35">in</w> 
 <w id="w14.2.36">učinkovitosti</w> 
 <w id="w14.2.37">kot</w> 
 <w id="w14.2.38">zdravilo</w> 
 <w id="w14.2.39">Neupogen</w>
 <w id="w14.2.40">.</w>
</s> 
 
<s id="s14.3">
 <w id="w14.3.1">Zaradi</w> 
 <w id="w14.3.2">tega</w> 
 <w id="w14.3.3">je</w> 
 <w id="w14.3.4">CHMP</w> 
 <w id="w14.3.5">menil</w>
 <w id="w14.3.6">,</w> 
 <w id="w14.3.7">da</w> 
 <w id="w14.3.8">so</w> 
 <w id="w14.3.9">koristi</w> 
 <w id="w14.3.10">zdravila</w> 
 <w id="w14.3.11">Biograstim</w>
 <w id="w14.3.12">,</w> 
 <w id="w14.3.13">tako</w> 
 <w id="w14.3.14">kot</w> 
 <w id="w14.3.15">pri</w> 
 <w id="w14.3.16">zdravilu</w> 
 <w id="w14.3.17">Neupogen</w>
 <w id="w14.3.18">,</w> 
 <w id="w14.3.19">večje</w> 
 <w id="w14.3.20">od</w> 
 <w id="w14.3.21">znanih</w> 
 <w id="w14.3.22">tveganj</w>
 <w id="w14.3.23">.</w>
</s> 
 
<s id="s14.4">
 <w id="w14.4.1">Odbor</w> 
 <w id="w14.4.2">je</w> 
 <w id="w14.4.3">priporočil</w>
 <w id="w14.4.4">,</w> 
 <w id="w14.4.5">da</w> 
 <w id="w14.4.6">se</w> 
 <w id="w14.4.7">za</w> 
 <w id="w14.4.8">zdravilo</w> 
 <w id="w14.4.9">Biograstim</w> 
 <w id="w14.4.10">odobri</w> 
 <w id="w14.4.11">dovoljenje</w> 
 <w id="w14.4.12">za</w> 
 <w id="w14.4.13">promet</w>
 <w id="w14.4.14">.</w>
</s></p>

<p id="15">
<s id="s15.1">
 <w id="w15.1.1">Druge</w> 
 <w id="w15.1.2">informacije</w> 
 <w id="w15.1.3">o</w> 
 <w id="w15.1.4">zdravilu</w> 
 <w id="w15.1.5">Biograstim</w>
 <w id="w15.1.6">:</w>
</s> 
 
<s id="s15.2">
 <w id="w15.2.1">Evropska</w> 
 <w id="w15.2.2">komisija</w> 
 <w id="w15.2.3">je</w> 
 <w id="w15.2.4">dovoljenje</w> 
 <w id="w15.2.5">za</w> 
 <w id="w15.2.6">promet</w> 
 <w id="w15.2.7">z</w> 
 <w id="w15.2.8">zdravilom</w> 
 <w id="w15.2.9">Biograstim</w>
 <w id="w15.2.10">,</w> 
 <w id="w15.2.11">veljavno</w> 
 <w id="w15.2.12">po</w> 
 <w id="w15.2.13">vsej</w> 
 <w id="w15.2.14">Evropski</w> 
 <w id="w15.2.15">uniji</w>
 <w id="w15.2.16">,</w> 
 <w id="w15.2.17">odobrila</w> 
 <w id="w15.2.18">družbi</w> 
 <w id="w15.2.19">CT</w> 
 <w id="w15.2.20">Arzneimittel</w> 
 <w id="w15.2.21">GmbH</w> 
 <w id="w15.2.22">dne</w> 
 <w id="w15.2.23">15</w>
 <w id="w15.2.24">.</w> 
 <w id="w15.2.25">septembra</w> 
 <w id="w15.2.26">2008</w>
 <w id="w15.2.27">.</w>
</s></p>

<p id="16">
<s id="s16.1">
 <w id="w16.1.1">Celotno</w> 
 <w id="w16.1.2">evropsko</w> 
 <w id="w16.1.3">javno</w> 
 <w id="w16.1.4">poročilo</w> 
 <w id="w16.1.5">o</w> 
 <w id="w16.1.6">oceni</w> 
 <w id="w16.1.7">zdravila</w> 
 <w id="w16.1.8">(</w>
 <w id="w16.1.9">EPAR</w>
 <w id="w16.1.10">)</w> 
 <w id="w16.1.11">za</w> 
 <w id="w16.1.12">zdravilo</w> 
 <w id="w16.1.13">Biograstim</w> 
 <w id="w16.1.14">je</w> 
 <w id="w16.1.15">na</w> 
 <w id="w16.1.16">voljo</w> 
 <w id="w16.1.17">tukaj</w>
 <w id="w16.1.18">.</w>
</s></p>

<p id="17">
<s id="s17.1">
 <w id="w17.1.1">Povzetek</w> 
 <w id="w17.1.2">je</w> 
 <w id="w17.1.3">bil</w> 
 <w id="w17.1.4">nazadnje</w> 
 <w id="w17.1.5">posodobljen</w> 
 <w id="w17.1.6">09-</w>
 <w id="w17.1.7">2008</w>
 <w id="w17.1.8">.</w>
</s></p>

<p id="18">
<s id="s18.1">
 <w id="w18.1.1">2/</w>
 <w id="w18.1.2">2</w>
</s></p></text>
