<?xml version="1.0" encoding="utf-8"?>
<text>
<p id="1">
<s id="s1.1">
 <w id="w1.1.1">European</w> 
 <w id="w1.1.2">Medicines</w> 
 <w id="w1.1.3">Agency</w>
</s></p>

<p id="2">
<s id="s2.1">
 <w id="w2.1.1">EMEA/</w>
 <w id="w2.1.2">H/</w>
 <w id="w2.1.3">C/</w>
 <w id="w2.1.4">332</w>
</s></p>

<p id="3">
<s id="s3.1">
 <w id="w3.1.1">EVROPSKO</w> 
 <w id="w3.1.2">JAVNO</w> 
 <w id="w3.1.3">POROČILO</w> 
 <w id="w3.1.4">O</w> 
 <w id="w3.1.5">OCENI</w> 
 <w id="w3.1.6">ZDRAVILA</w> 
 <w id="w3.1.7">(</w>
 <w id="w3.1.8">EPAR</w>
 <w id="w3.1.9">)</w>
</s></p>

<p id="4">
<s id="s4.1">
 <w id="w4.1.1">ARANESP</w>
</s></p>

<p id="5">
<s id="s5.1">
 <w id="w5.1.1">Povzetek</w> 
 <w id="w5.1.2">EPAR</w> 
 <w id="w5.1.3">za</w> 
 <w id="w5.1.4">javnost</w>
</s></p>

<p id="6">
<s id="s6.1">
 <w id="w6.1.1">Ta</w> 
 <w id="w6.1.2">dokument</w> 
 <w id="w6.1.3">je</w> 
 <w id="w6.1.4">povzetek</w> 
 <w id="w6.1.5">Evropskega</w> 
 <w id="w6.1.6">javnega</w> 
 <w id="w6.1.7">poročila</w> 
 <w id="w6.1.8">o</w> 
 <w id="w6.1.9">oceni</w> 
 <w id="w6.1.10">zdravila</w> 
 <w id="w6.1.11">(</w>
 <w id="w6.1.12">EPAR</w>
 <w id="w6.1.13">)</w>
 <w id="w6.1.14">.</w>
</s> 
 
<s id="s6.2">
 <w id="w6.2.1">Pojasnjuje</w>
 <w id="w6.2.2">,</w> 
 <w id="w6.2.3">kako</w>   
 <w id="w6.2.4">je</w> 
 <w id="w6.2.5">Odbor</w> 
 <w id="w6.2.6">za</w> 
 <w id="w6.2.7">zdravila</w> 
 <w id="w6.2.8">za</w> 
 <w id="w6.2.9">uporabo</w> 
 <w id="w6.2.10">v</w> 
 <w id="w6.2.11">humani</w> 
 <w id="w6.2.12">medicini</w> 
 <w id="w6.2.13">(</w>
 <w id="w6.2.14">CHMP</w>
 <w id="w6.2.15">)</w> 
 <w id="w6.2.16">ocenil</w> 
 <w id="w6.2.17">opravljene</w> 
 <w id="w6.2.18">študije</w>
 <w id="w6.2.19">,</w> 
 <w id="w6.2.20">na</w> 
 <w id="w6.2.21">podlagi</w>   
 <w id="w6.2.22">katerih</w> 
 <w id="w6.2.23">je</w> 
 <w id="w6.2.24">oblikoval</w> 
 <w id="w6.2.25">priporočila</w> 
 <w id="w6.2.26">glede</w> 
 <w id="w6.2.27">uporabe</w> 
 <w id="w6.2.28">zdravila</w>
 <w id="w6.2.29">.</w>
</s>   
 
<s id="s6.3">
 <w id="w6.3.1">Če</w> 
 <w id="w6.3.2">potrebujete</w> 
 <w id="w6.3.3">več</w> 
 <w id="w6.3.4">informacij</w> 
 <w id="w6.3.5">o</w> 
 <w id="w6.3.6">vašem</w> 
 <w id="w6.3.7">zdravstvenem</w> 
 <w id="w6.3.8">stanju</w> 
 <w id="w6.3.9">ali</w> 
 <w id="w6.3.10">zdravljenju</w>
 <w id="w6.3.11">,</w> 
 <w id="w6.3.12">preberite</w> 
 <w id="w6.3.13">Navodilo</w> 
 <w id="w6.3.14">za</w>   
 <w id="w6.3.15">uporabo</w> 
 <w id="w6.3.16">(</w>
 <w id="w6.3.17">ki</w> 
 <w id="w6.3.18">je</w> 
 <w id="w6.3.19">prav</w> 
 <w id="w6.3.20">tako</w> 
 <w id="w6.3.21">del</w> 
 <w id="w6.3.22">EPAR</w>
 <w id="w6.3.23">)</w> 
 <w id="w6.3.24">ali</w> 
 <w id="w6.3.25">se</w> 
 <w id="w6.3.26">posvetujte</w> 
 <w id="w6.3.27">s</w> 
 <w id="w6.3.28">svojim</w> 
 <w id="w6.3.29">zdravnikom</w> 
 <w id="w6.3.30">ali</w> 
 <w id="w6.3.31">s</w> 
 <w id="w6.3.32">farmacevtom</w>
 <w id="w6.3.33">.</w>
</s> 
 
<s id="s6.4">
 <w id="w6.4.1">Če</w>   
 <w id="w6.4.2">želite</w> 
 <w id="w6.4.3">več</w> 
 <w id="w6.4.4">informacij</w>
 <w id="w6.4.5">,</w> 
 <w id="w6.4.6">ki</w> 
 <w id="w6.4.7">temeljijo</w> 
 <w id="w6.4.8">na</w> 
 <w id="w6.4.9">priporočilih</w> 
 <w id="w6.4.10">CHMP</w>
 <w id="w6.4.11">,</w> 
 <w id="w6.4.12">preberite</w> 
 <w id="w6.4.13">znanstveno</w> 
 <w id="w6.4.14">razpravo</w> 
 <w id="w6.4.15">(</w>
 <w id="w6.4.16">ki</w> 
 <w id="w6.4.17">je</w>   
 <w id="w6.4.18">prav</w> 
 <w id="w6.4.19">tako</w> 
 <w id="w6.4.20">del</w> 
 <w id="w6.4.21">EPAR</w>
 <w id="w6.4.22">)</w>
 <w id="w6.4.23">.</w>
</s></p>

<p id="7">
<s id="s7.1">
 <w id="w7.1.1">Kaj</w> 
 <w id="w7.1.2">je</w> 
 <w id="w7.1.3">zdravilo</w> 
 <w id="w7.1.4">Aranesp</w>
 <w id="w7.1.5">?</w>
</s>   
 
<s id="s7.2">
 <w id="w7.2.1">Zdravilo</w> 
 <w id="w7.2.2">Aranesp</w> 
 <w id="w7.2.3">je</w> 
 <w id="w7.2.4">raztopina</w> 
 <w id="w7.2.5">za</w> 
 <w id="w7.2.6">injiciranje</w> 
 <w id="w7.2.7">v</w> 
 <w id="w7.2.8">viali</w>
 <w id="w7.2.9">,</w> 
 <w id="w7.2.10">v</w> 
 <w id="w7.2.11">napolnjeni</w> 
 <w id="w7.2.12">injekcijski</w> 
 <w id="w7.2.13">brizgi</w> 
 <w id="w7.2.14">ali</w> 
 <w id="w7.2.15">v</w> 
 <w id="w7.2.16">napolnjenem</w>   
 <w id="w7.2.17">injekcijskem</w> 
 <w id="w7.2.18">peresniku</w>
 <w id="w7.2.19">.</w>
</s> 
 
<s id="s7.3">
 <w id="w7.3.1">Vsebuje</w> 
 <w id="w7.3.2">zdravilno</w> 
 <w id="w7.3.3">učinkovino</w> 
 <w id="w7.3.4">darbepoetin</w> 
 <w id="w7.3.5">alfa</w>
 <w id="w7.3.6">.</w>
</s> 
 
<s id="s7.4">
 <w id="w7.4.1">Zdravilo</w> 
 <w id="w7.4.2">Aranesp</w> 
 <w id="w7.4.3">je</w> 
 <w id="w7.4.4">na</w> 
 <w id="w7.4.5">voljo</w>   
 <w id="w7.4.6">v</w> 
 <w id="w7.4.7">različnih</w> 
 <w id="w7.4.8">jakostih</w>
 <w id="w7.4.9">,</w> 
 <w id="w7.4.10">od</w> 
 <w id="w7.4.11">10</w> 
 <w id="w7.4.12">do</w> 
 <w id="w7.4.13">500</w> 
 <w id="w7.4.14">mikrogramov</w> 
 <w id="w7.4.15">na</w> 
 <w id="w7.4.16">mililiter</w>
 <w id="w7.4.17">.</w>
</s> 
 
<s id="s7.5">
 <w id="w7.5.1">Za</w> 
 <w id="w7.5.2">več</w> 
 <w id="w7.5.3">informacij</w> 
 <w id="w7.5.4">glejte</w> 
 <w id="w7.5.5">Navodilo</w> 
 <w id="w7.5.6">za</w>   
 <w id="w7.5.7">uporabo</w>
 <w id="w7.5.8">.</w>
</s></p>

<p id="8">
<s id="s8.1">
 <w id="w8.1.1">Za</w> 
 <w id="w8.1.2">kaj</w> 
 <w id="w8.1.3">se</w> 
 <w id="w8.1.4">zdravilo</w> 
 <w id="w8.1.5">Aranesp</w> 
 <w id="w8.1.6">uporablja</w>
 <w id="w8.1.7">?</w>
</s>   
 
<s id="s8.2">
 <w id="w8.2.1">Zdravilo</w> 
 <w id="w8.2.2">Aranesp</w> 
 <w id="w8.2.3">se</w> 
 <w id="w8.2.4">uporablja</w> 
 <w id="w8.2.5">za</w> 
 <w id="w8.2.6">zdravljenje</w> 
 <w id="w8.2.7">anemije</w> 
 <w id="w8.2.8">(</w>
 <w id="w8.2.9">v</w> 
 <w id="w8.2.10">krvi</w> 
 <w id="w8.2.11">je</w> 
 <w id="w8.2.12">manj</w> 
 <w id="w8.2.13">eritrocitov</w> 
 <w id="w8.2.14">kot</w> 
 <w id="w8.2.15">normalno</w>
 <w id="w8.2.16">)</w> 
 <w id="w8.2.17">pri</w>   
 <w id="w8.2.18">dveh</w> 
 <w id="w8.2.19">skupinah</w> 
 <w id="w8.2.20">bolnikov</w>
 <w id="w8.2.21">:</w>   
 <w id="w8.2.22">•</w> 
 <w id="w8.2.23">odraslih</w> 
 <w id="w8.2.24">in</w> 
 <w id="w8.2.25">otrocih</w>
 <w id="w8.2.26">,</w> 
 <w id="w8.2.27">starih</w> 
 <w id="w8.2.28">več</w> 
 <w id="w8.2.29">kot</w> 
 <w id="w8.2.30">eno</w> 
 <w id="w8.2.31">leto</w>
 <w id="w8.2.32">,</w> 
 <w id="w8.2.33">z</w> 
 <w id="w8.2.34">anemijo</w>
 <w id="w8.2.35">,</w> 
 <w id="w8.2.36">ki</w> 
 <w id="w8.2.37">je</w> 
 <w id="w8.2.38">nastala</w> 
 <w id="w8.2.39">zaradi</w> 
 <w id="w8.2.40">dolgotrajne</w> 
 <w id="w8.2.41">ledvične</w>      
 <w id="w8.2.42">odpovedi</w>
 <w id="w8.2.43">,</w> 
 <w id="w8.2.44">kadar</w> 
 <w id="w8.2.45">telo</w> 
 <w id="w8.2.46">ne</w> 
 <w id="w8.2.47">tvori</w> 
 <w id="w8.2.48">dovolj</w> 
 <w id="w8.2.49">naravnega</w> 
 <w id="w8.2.50">hormona</w> 
 <w id="w8.2.51">eritropoetina</w>
 <w id="w8.2.52">.</w>   
 <w id="w8.2.53">•</w> 
 <w id="w8.2.54">odraslih</w> 
 <w id="w8.2.55">z</w> 
 <w id="w8.2.56">določeno</w> 
 <w id="w8.2.57">vrsto</w> 
 <w id="w8.2.58">raka</w>
 <w id="w8.2.59">,</w> 
 <w id="w8.2.60">ki</w> 
 <w id="w8.2.61">prejemajo</w> 
 <w id="w8.2.62">kemoterapijo</w> 
 <w id="w8.2.63">(</w>
 <w id="w8.2.64">zdravila</w> 
 <w id="w8.2.65">za</w> 
 <w id="w8.2.66">zdravljenje</w> 
 <w id="w8.2.67">raka</w>
 <w id="w8.2.68">)</w>
 <w id="w8.2.69">,</w> 
 <w id="w8.2.70">ko</w>      
 <w id="w8.2.71">kemoterapija</w> 
 <w id="w8.2.72">prepreči</w> 
 <w id="w8.2.73">zadostno</w> 
 <w id="w8.2.74">proizvodnjo</w> 
 <w id="w8.2.75">krvnih</w> 
 <w id="w8.2.76">celic</w> 
 <w id="w8.2.77">v</w> 
 <w id="w8.2.78">kostnem</w> 
 <w id="w8.2.79">mozgu</w>
 <w id="w8.2.80">.</w>
</s> 
 
<s id="s8.3">
 <w id="w8.3.1">Zdravilo</w> 
 <w id="w8.3.2">Aranesp</w> 
 <w id="w8.3.3">se</w>      
 <w id="w8.3.4">lahko</w> 
 <w id="w8.3.5">uporablja</w> 
 <w id="w8.3.6">za</w> 
 <w id="w8.3.7">„</w>
 <w id="w8.3.8">nemieloidne</w>
 <w id="w8.3.9">“</w> 
 <w id="w8.3.10">vrste</w> 
 <w id="w8.3.11">rake</w> 
 <w id="w8.3.12">(</w>
 <w id="w8.3.13">tiste</w>
 <w id="w8.3.14">,</w> 
 <w id="w8.3.15">ki</w> 
 <w id="w8.3.16">ne</w> 
 <w id="w8.3.17">prizadenejo</w> 
 <w id="w8.3.18">kostnega</w> 
 <w id="w8.3.19">mozga</w>
 <w id="w8.3.20">)</w>
 <w id="w8.3.21">.</w>
</s>   
 
<s id="s8.4">
 <w id="w8.4.1">Zdravilo</w> 
 <w id="w8.4.2">se</w> 
 <w id="w8.4.3">dobi</w> 
 <w id="w8.4.4">samo</w> 
 <w id="w8.4.5">na</w> 
 <w id="w8.4.6">recept</w>
 <w id="w8.4.7">.</w>
</s></p>

<p id="9">
<s id="s9.1">
 <w id="w9.1.1">Kako</w> 
 <w id="w9.1.2">se</w> 
 <w id="w9.1.3">zdravilo</w> 
 <w id="w9.1.4">Aranesp</w> 
 <w id="w9.1.5">uporablja</w>
 <w id="w9.1.6">?</w>
</s>   
 
<s id="s9.2">
 <w id="w9.2.1">Zdravljenje</w> 
 <w id="w9.2.2">z</w> 
 <w id="w9.2.3">zdravilom</w> 
 <w id="w9.2.4">Aranesp</w> 
 <w id="w9.2.5">mora</w> 
 <w id="w9.2.6">uvesti</w> 
 <w id="w9.2.7">zdravnik</w>
 <w id="w9.2.8">,</w> 
 <w id="w9.2.9">ki</w> 
 <w id="w9.2.10">ima</w> 
 <w id="w9.2.11">izkušnje</w> 
 <w id="w9.2.12">z</w> 
 <w id="w9.2.13">zdravljenjem</w> 
 <w id="w9.2.14">katere</w> 
 <w id="w9.2.15">koli</w>   
 <w id="w9.2.16">izmed</w> 
 <w id="w9.2.17">zgoraj</w> 
 <w id="w9.2.18">navedenih</w> 
 <w id="w9.2.19">anemij</w>
 <w id="w9.2.20">.</w>
</s> 
 
<s id="s9.3">
 <w id="w9.3.1">Zdravilo</w> 
 <w id="w9.3.2">Aranesp</w> 
 <w id="w9.3.3">se</w> 
 <w id="w9.3.4">vbrizga</w> 
 <w id="w9.3.5">intravensko</w> 
 <w id="w9.3.6">(</w>
 <w id="w9.3.7">v</w> 
 <w id="w9.3.8">žilo</w>
 <w id="w9.3.9">)</w> 
 <w id="w9.3.10">ali</w> 
 <w id="w9.3.11">subkutano</w> 
 <w id="w9.3.12">(</w>
 <w id="w9.3.13">pod</w>   
 <w id="w9.3.14">kožo</w>
 <w id="w9.3.15">)</w>
 <w id="w9.3.16">.</w>
</s> 
 
<s id="s9.4">
 <w id="w9.4.1">Uporabljeni</w> 
 <w id="w9.4.2">odmerek</w> 
 <w id="w9.4.3">je</w> 
 <w id="w9.4.4">odvisen</w> 
 <w id="w9.4.5">od</w> 
 <w id="w9.4.6">namena</w> 
 <w id="w9.4.7">uporabe</w> 
 <w id="w9.4.8">zdravila</w> 
 <w id="w9.4.9">Aranesp</w> 
 <w id="w9.4.10">in</w> 
 <w id="w9.4.11">znaša</w> 
 <w id="w9.4.12">od</w>   
 <w id="w9.4.13">0,</w>
 <w id="w9.4.14">45</w> 
 <w id="w9.4.15">mikrogramov</w> 
 <w id="w9.4.16">na</w> 
 <w id="w9.4.17">kilogram</w> 
 <w id="w9.4.18">vsak</w> 
 <w id="w9.4.19">teden</w> 
 <w id="w9.4.20">(</w>
 <w id="w9.4.21">ali</w> 
 <w id="w9.4.22">0,</w>
 <w id="w9.4.23">75</w> 
 <w id="w9.4.24">mikrogramov/</w>
 <w id="w9.4.25">kg</w> 
 <w id="w9.4.26">vsak</w> 
 <w id="w9.4.27">drugi</w> 
 <w id="w9.4.28">teden</w>
 <w id="w9.4.29">)</w> 
 <w id="w9.4.30">pri</w> 
 <w id="w9.4.31">ledvični</w>   
 <w id="w9.4.32">odpovedi</w> 
 <w id="w9.4.33">pri</w> 
 <w id="w9.4.34">odraslih</w> 
 <w id="w9.4.35">in</w> 
 <w id="w9.4.36">otrocih</w>
 <w id="w9.4.37">,</w> 
 <w id="w9.4.38">starih</w> 
 <w id="w9.4.39">11</w> 
 <w id="w9.4.40">let</w> 
 <w id="w9.4.41">ali</w> 
 <w id="w9.4.42">več</w>
 <w id="w9.4.43">,</w> 
 <w id="w9.4.44">do</w> 
 <w id="w9.4.45">6,</w>
 <w id="w9.4.46">75</w> 
 <w id="w9.4.47">mikrogramov/</w>
 <w id="w9.4.48">kg</w> 
 <w id="w9.4.49">vsake</w> 
 <w id="w9.4.50">tri</w> 
 <w id="w9.4.51">tedne</w> 
 <w id="w9.4.52">pri</w>   
 <w id="w9.4.53">bolnikih</w> 
 <w id="w9.4.54">z</w> 
 <w id="w9.4.55">rakom</w>
 <w id="w9.4.56">.</w>
</s> 
 
<s id="s9.5">
 <w id="w9.5.1">Pri</w> 
 <w id="w9.5.2">otrocih</w> 
 <w id="w9.5.3">z</w> 
 <w id="w9.5.4">ledvično</w> 
 <w id="w9.5.5">odpovedjo</w>
 <w id="w9.5.6">,</w> 
 <w id="w9.5.7">starih</w> 
 <w id="w9.5.8">10</w> 
 <w id="w9.5.9">let</w> 
 <w id="w9.5.10">ali</w> 
 <w id="w9.5.11">manj</w>
 <w id="w9.5.12">,</w> 
 <w id="w9.5.13">bo</w> 
 <w id="w9.5.14">morda</w> 
 <w id="w9.5.15">potrebno</w> 
 <w id="w9.5.16">uporabiti</w>   
 <w id="w9.5.17">nižje</w> 
 <w id="w9.5.18">odmerke</w>
 <w id="w9.5.19">.</w>
</s> 
 
<s id="s9.6">
 <w id="w9.6.1">V</w> 
 <w id="w9.6.2">vseh</w> 
 <w id="w9.6.3">primerih</w> 
 <w id="w9.6.4">so</w> 
 <w id="w9.6.5">odmerki</w> 
 <w id="w9.6.6">prilagojeni</w> 
 <w id="w9.6.7">tako</w>
 <w id="w9.6.8">,</w> 
 <w id="w9.6.9">da</w> 
 <w id="w9.6.10">vzdržujejo</w> 
 <w id="w9.6.11">koncentracijo</w> 
 <w id="w9.6.12">hemoglobina</w>   
 <w id="w9.6.13">v</w> 
 <w id="w9.6.14">priporočljivih</w> 
 <w id="w9.6.15">vrednostih</w>
 <w id="w9.6.16">.</w>
</s> 
 
<s id="s9.7">
 <w id="w9.7.1">Hemoglobin</w> 
 <w id="w9.7.2">je</w> 
 <w id="w9.7.3">beljakovina</w> 
 <w id="w9.7.4">v</w> 
 <w id="w9.7.5">rdečih</w> 
 <w id="w9.7.6">krvnih</w> 
 <w id="w9.7.7">celicah</w>
 <w id="w9.7.8">,</w> 
 <w id="w9.7.9">ki</w> 
 <w id="w9.7.10">prenaša</w> 
 <w id="w9.7.11">kisik</w> 
 <w id="w9.7.12">po</w>   
 <w id="w9.7.13">telesu</w>
 <w id="w9.7.14">.</w>
</s>   
 
<s id="s9.8">
 <w id="w9.8.1">Odmerki</w> 
 <w id="w9.8.2">in</w> 
 <w id="w9.8.3">frekvenca</w> 
 <w id="w9.8.4">odmerjanja</w> 
 <w id="w9.8.5">(</w>
 <w id="w9.8.6">pogostost</w> 
 <w id="w9.8.7">uporabe</w> 
 <w id="w9.8.8">zdravila</w> 
 <w id="w9.8.9">Aranesp</w>
 <w id="w9.8.10">)</w> 
 <w id="w9.8.11">so</w> 
 <w id="w9.8.12">prilagojeni</w> 
 <w id="w9.8.13">odzivu</w>   
 <w id="w9.8.14">organizma</w>
 <w id="w9.8.15">.</w>
</s> 
 
<s id="s9.9">
 <w id="w9.9.1">Zdravilo</w> 
 <w id="w9.9.2">Aranesp</w> 
 <w id="w9.9.3">je</w> 
 <w id="w9.9.4">na</w> 
 <w id="w9.9.5">voljo</w> 
 <w id="w9.9.6">za</w> 
 <w id="w9.9.7">uporabo</w> 
 <w id="w9.9.8">v</w> 
 <w id="w9.9.9">napolnjeni</w> 
 <w id="w9.9.10">injekcijski</w> 
 <w id="w9.9.11">brizgi</w> 
 <w id="w9.9.12">ali</w> 
 <w id="w9.9.13">napolnjenem</w>   
 <w id="w9.9.14">injekcijskem</w> 
 <w id="w9.9.15">peresniku</w>
 <w id="w9.9.16">,</w> 
 <w id="w9.9.17">ki</w> 
 <w id="w9.9.18">ju</w> 
 <w id="w9.9.19">lahko</w> 
 <w id="w9.9.20">uporabi</w> 
 <w id="w9.9.21">bolnik</w> 
 <w id="w9.9.22">ali</w> 
 <w id="w9.9.23">njegov</w> 
 <w id="w9.9.24">negovalec</w>
 <w id="w9.9.25">.</w>
</s> 
 
<s id="s9.10">
 <w id="w9.10.1">Za</w> 
 <w id="w9.10.2">podrobnejša</w> 
 <w id="w9.10.3">navodila</w> 
 <w id="w9.10.4">o</w>   
 <w id="w9.10.5">uporabi</w> 
 <w id="w9.10.6">zdravila</w> 
 <w id="w9.10.7">glejte</w> 
 <w id="w9.10.8">Navodilo</w> 
 <w id="w9.10.9">za</w> 
 <w id="w9.10.10">uporabo</w>
 <w id="w9.10.11">.</w>
</s></p>

<p id="10">
<s id="s10.1">
 <w id="w10.1.1">Kako</w> 
 <w id="w10.1.2">zdravilo</w> 
 <w id="w10.1.3">Aranesp</w> 
 <w id="w10.1.4">deluje</w>
 <w id="w10.1.5">?</w>
</s>   
 
<s id="s10.2">
 <w id="w10.2.1">Hormon</w>
 <w id="w10.2.2">,</w> 
 <w id="w10.2.3">imenovan</w> 
 <w id="w10.2.4">eritropoetin</w>
 <w id="w10.2.5">,</w> 
 <w id="w10.2.6">stimulira</w> 
 <w id="w10.2.7">sintezo</w> 
 <w id="w10.2.8">eritrocitov</w> 
 <w id="w10.2.9">v</w> 
 <w id="w10.2.10">kostnem</w> 
 <w id="w10.2.11">mozgu</w>
 <w id="w10.2.12">.</w>
</s> 
 
<s id="s10.3">
 <w id="w10.3.1">Darbepoetin</w> 
 <w id="w10.3.2">alfa</w>
 <w id="w10.3.3">,</w>   
 <w id="w10.3.4">zdravilna</w> 
 <w id="w10.3.5">učinkovina</w> 
 <w id="w10.3.6">zdravila</w> 
 <w id="w10.3.7">Aranesp</w>
 <w id="w10.3.8">,</w> 
 <w id="w10.3.9">deluje</w> 
 <w id="w10.3.10">natanko</w> 
 <w id="w10.3.11">tako</w> 
 <w id="w10.3.12">kot</w> 
 <w id="w10.3.13">naravni</w> 
 <w id="w10.3.14">eritropoetin</w>
 <w id="w10.3.15">,</w> 
 <w id="w10.3.16">ki</w> 
 <w id="w10.3.17">ga</w> 
 <w id="w10.3.18">proizvaja</w>                                        
 <w id="w10.3.19">7</w> 
 <w id="w10.3.20">Westferry</w> 
 <w id="w10.3.21">Circus</w>
 <w id="w10.3.22">,</w> 
 <w id="w10.3.23">Canary</w> 
 <w id="w10.3.24">Wharf</w>
 <w id="w10.3.25">,</w> 
 <w id="w10.3.26">London</w> 
 <w id="w10.3.27">E14</w> 
 <w id="w10.3.28">4HB</w>
 <w id="w10.3.29">,</w> 
 <w id="w10.3.30">UK</w>                                            
 <w id="w10.3.31">Tel</w>
 <w id="w10.3.32">.</w>
</s> 
 
<s id="s10.4">
 <w id="w10.4.1">(</w>
 <w id="w10.4.2">44-</w>
 <w id="w10.4.3">20</w>
 <w id="w10.4.4">)</w> 
 <w id="w10.4.5">74</w> 
 <w id="w10.4.6">18</w> 
 <w id="w10.4.7">84</w> 
 <w id="w10.4.8">00</w> 
 <w id="w10.4.9">Fax</w> 
 <w id="w10.4.10">(</w>
 <w id="w10.4.11">44-</w>
 <w id="w10.4.12">20</w>
 <w id="w10.4.13">)</w> 
 <w id="w10.4.14">74</w> 
 <w id="w10.4.15">18</w> 
 <w id="w10.4.16">84</w> 
 <w id="w10.4.17">16</w>                                       
 <w id="w10.4.18">E-</w>
 <w id="w10.4.19">mail</w>
 <w id="w10.4.20">:</w> 
 <w id="w10.4.21">mail@</w>
 <w id="w10.4.22">emea.</w>
 <w id="w10.4.23">europa.</w>
 <w id="w10.4.24">eu</w> 
 <w id="w10.4.25">http</w>
 <w id="w10.4.26">:</w>
 <w id="w10.4.27">//</w>
 <w id="w10.4.28">www.</w>
 <w id="w10.4.29">emea.</w>
 <w id="w10.4.30">europa.</w>
 <w id="w10.4.31">eu</w> 
 <w id="w10.4.32">©EMEA</w> 
 <w id="w10.4.33">2007</w> 
 <w id="w10.4.34">Reproduction</w> 
 <w id="w10.4.35">and/</w>
 <w id="w10.4.36">or</w> 
 <w id="w10.4.37">distribution</w> 
 <w id="w10.4.38">of</w> 
 <w id="w10.4.39">this</w> 
 <w id="w10.4.40">document</w> 
 <w id="w10.4.41">is</w> 
 <w id="w10.4.42">authorised</w> 
 <w id="w10.4.43">for</w> 
 <w id="w10.4.44">non</w> 
 <w id="w10.4.45">commercial</w> 
 <w id="w10.4.46">purposes</w> 
 <w id="w10.4.47">only</w> 
 <w id="w10.4.48">provided</w> 
 <w id="w10.4.49">the</w> 
 <w id="w10.4.50">EMEA</w> 
 <w id="w10.4.51">is</w> 
 <w id="w10.4.52">acknowledged</w> 
 <w id="w10.4.53">telo</w>
 <w id="w10.4.54">,</w> 
 <w id="w10.4.55">vendar</w> 
 <w id="w10.4.56">pa</w> 
 <w id="w10.4.57">majhna</w> 
 <w id="w10.4.58">razlika</w> 
 <w id="w10.4.59">v</w> 
 <w id="w10.4.60">njegovi</w> 
 <w id="w10.4.61">strukturi</w> 
 <w id="w10.4.62">pomeni</w>
 <w id="w10.4.63">,</w> 
 <w id="w10.4.64">da</w> 
 <w id="w10.4.65">darbepoetin</w> 
 <w id="w10.4.66">alfa</w> 
 <w id="w10.4.67">učinkuje</w> 
 <w id="w10.4.68">dlje</w> 
 <w id="w10.4.69">in</w> 
 <w id="w10.4.70">se</w> 
 <w id="w10.4.71">tako</w> 
 <w id="w10.4.72">lahko</w> 
 <w id="w10.4.73">daje</w> 
 <w id="w10.4.74">manj</w> 
 <w id="w10.4.75">pogosto</w> 
 <w id="w10.4.76">kot</w> 
 <w id="w10.4.77">naravni</w> 
 <w id="w10.4.78">eritropoetin</w>
 <w id="w10.4.79">.</w>
</s> 
 
<s id="s10.5">
 <w id="w10.5.1">Darbepoetin</w> 
 <w id="w10.5.2">alfa</w> 
 <w id="w10.5.3">je</w> 
 <w id="w10.5.4">izdelan</w> 
 <w id="w10.5.5">z</w> 
 <w id="w10.5.6">metodo</w>
 <w id="w10.5.7">,</w> 
 <w id="w10.5.8">imenovano</w> 
 <w id="w10.5.9">„</w>
 <w id="w10.5.10">rekombinantna</w> 
 <w id="w10.5.11">DNA</w> 
 <w id="w10.5.12">tehnologija</w>
 <w id="w10.5.13">“</w>
 <w id="w10.5.14">:</w> 
 <w id="w10.5.15">proizvede</w> 
 <w id="w10.5.16">ga</w> 
 <w id="w10.5.17">celica</w>
 <w id="w10.5.18">,</w> 
 <w id="w10.5.19">ki</w> 
 <w id="w10.5.20">je</w> 
 <w id="w10.5.21">prejela</w> 
 <w id="w10.5.22">gen</w> 
 <w id="w10.5.23">(</w>
 <w id="w10.5.24">DNA</w>
 <w id="w10.5.25">)</w>
 <w id="w10.5.26">,</w> 
 <w id="w10.5.27">ki</w> 
 <w id="w10.5.28">ji</w> 
 <w id="w10.5.29">omogoča</w> 
 <w id="w10.5.30">tvorbo</w> 
 <w id="w10.5.31">darbepoetina</w> 
 <w id="w10.5.32">alfa</w>
 <w id="w10.5.33">.</w>
</s> 
 
<s id="s10.6">
 <w id="w10.6.1">Pri</w> 
 <w id="w10.6.2">bolnikih</w> 
 <w id="w10.6.3">z</w> 
 <w id="w10.6.4">dolgotrajno</w> 
 <w id="w10.6.5">ledvično</w> 
 <w id="w10.6.6">odpovedjo</w> 
 <w id="w10.6.7">je</w> 
 <w id="w10.6.8">glavni</w> 
 <w id="w10.6.9">vzrok</w> 
 <w id="w10.6.10">za</w> 
 <w id="w10.6.11">anemijo</w> 
 <w id="w10.6.12">pomanjkanje</w> 
 <w id="w10.6.13">naravnega</w> 
 <w id="w10.6.14">eritropoetina</w>
 <w id="w10.6.15">.</w>
</s> 
 
<s id="s10.7">
 <w id="w10.7.1">Prav</w> 
 <w id="w10.7.2">tako</w> 
 <w id="w10.7.3">je</w> 
 <w id="w10.7.4">pomanjkanje</w> 
 <w id="w10.7.5">naravnega</w> 
 <w id="w10.7.6">eritropoetina</w> 
 <w id="w10.7.7">eden</w> 
 <w id="w10.7.8">od</w> 
 <w id="w10.7.9">vzrokov</w> 
 <w id="w10.7.10">za</w> 
 <w id="w10.7.11">anemijo</w> 
 <w id="w10.7.12">pri</w> 
 <w id="w10.7.13">bolnikih</w>
 <w id="w10.7.14">,</w> 
 <w id="w10.7.15">ki</w> 
 <w id="w10.7.16">prejemajo</w> 
 <w id="w10.7.17">kemoterapijo</w>
 <w id="w10.7.18">.</w>
</s> 
 
<s id="s10.8">
 <w id="w10.8.1">Zdravilo</w> 
 <w id="w10.8.2">Aranesp</w> 
 <w id="w10.8.3">deluje</w> 
 <w id="w10.8.4">tako</w>
 <w id="w10.8.5">,</w> 
 <w id="w10.8.6">da</w> 
 <w id="w10.8.7">stimulira</w> 
 <w id="w10.8.8">tvorbo</w> 
 <w id="w10.8.9">eritrocitov</w> 
 <w id="w10.8.10">na</w> 
 <w id="w10.8.11">enak</w> 
 <w id="w10.8.12">način</w> 
 <w id="w10.8.13">kot</w> 
 <w id="w10.8.14">naravni</w> 
 <w id="w10.8.15">eritropoetin</w>
 <w id="w10.8.16">.</w>
</s></p>

<p id="11">
<s id="s11.1">
 <w id="w11.1.1">Kako</w> 
 <w id="w11.1.2">je</w> 
 <w id="w11.1.3">bilo</w> 
 <w id="w11.1.4">zdravilo</w> 
 <w id="w11.1.5">Aranesp</w> 
 <w id="w11.1.6">raziskano</w>
 <w id="w11.1.7">?</w>
</s> 
 
<s id="s11.2">
 <w id="w11.2.1">Učinek</w> 
 <w id="w11.2.2">zdravila</w> 
 <w id="w11.2.3">Aranesp</w> 
 <w id="w11.2.4">so</w> 
 <w id="w11.2.5">preučevali</w> 
 <w id="w11.2.6">pri</w> 
 <w id="w11.2.7">bolnikih</w> 
 <w id="w11.2.8">z</w> 
 <w id="w11.2.9">dolgotrajnim</w> 
 <w id="w11.2.10">ledvičnim</w> 
 <w id="w11.2.11">obolenjem</w>
 <w id="w11.2.12">,</w> 
 <w id="w11.2.13">kjer</w> 
 <w id="w11.2.14">so</w> 
 <w id="w11.2.15">ga</w> 
 <w id="w11.2.16">v</w> 
 <w id="w11.2.17">štirih</w> 
 <w id="w11.2.18">študijah</w>
 <w id="w11.2.19">,</w> 
 <w id="w11.2.20">ki</w> 
 <w id="w11.2.21">so</w> 
 <w id="w11.2.22">vključevale</w> 
 <w id="w11.2.23">več</w> 
 <w id="w11.2.24">kot</w> 
 <w id="w11.2.25">1200</w> 
 <w id="w11.2.26">bolnikov</w>
 <w id="w11.2.27">,</w> 
 <w id="w11.2.28">primerjali</w> 
 <w id="w11.2.29">z</w> 
 <w id="w11.2.30">rekombinantnim</w> 
 <w id="w11.2.31">humanim</w> 
 <w id="w11.2.32">eritropoetinom</w>
 <w id="w11.2.33">,</w> 
 <w id="w11.2.34">preučevali</w> 
 <w id="w11.2.35">pa</w> 
 <w id="w11.2.36">so</w> 
 <w id="w11.2.37">ga</w> 
 <w id="w11.2.38">tudi</w> 
 <w id="w11.2.39">pri</w> 
 <w id="w11.2.40">bolnikih</w>
 <w id="w11.2.41">,</w> 
 <w id="w11.2.42">ki</w> 
 <w id="w11.2.43">prejemajo</w> 
 <w id="w11.2.44">kemoterapijo</w> 
 <w id="w11.2.45">za</w> 
 <w id="w11.2.46">zdravljenje</w> 
 <w id="w11.2.47">raka</w>
 <w id="w11.2.48">,</w> 
 <w id="w11.2.49">kot</w> 
 <w id="w11.2.50">je</w> 
 <w id="w11.2.51">rak</w> 
 <w id="w11.2.52">na</w> 
 <w id="w11.2.53">pljučih</w>
 <w id="w11.2.54">,</w> 
 <w id="w11.2.55">mielom</w> 
 <w id="w11.2.56">ali</w> 
 <w id="w11.2.57">limfom</w>
 <w id="w11.2.58">,</w> 
 <w id="w11.2.59">kjer</w> 
 <w id="w11.2.60">so</w> 
 <w id="w11.2.61">ga</w> 
 <w id="w11.2.62">v</w> 
 <w id="w11.2.63">dveh</w> 
 <w id="w11.2.64">študijah</w>
 <w id="w11.2.65">,</w> 
 <w id="w11.2.66">ki</w> 
 <w id="w11.2.67">sta</w> 
 <w id="w11.2.68">vključevali</w> 
 <w id="w11.2.69">669</w> 
 <w id="w11.2.70">bolnikov</w>
 <w id="w11.2.71">,</w> 
 <w id="w11.2.72">primerjali</w> 
 <w id="w11.2.73">s</w> 
 <w id="w11.2.74">placebom</w> 
 <w id="w11.2.75">(</w>
 <w id="w11.2.76">zdravilom</w> 
 <w id="w11.2.77">brez</w> 
 <w id="w11.2.78">zdravilne</w> 
 <w id="w11.2.79">učinkovine</w>
 <w id="w11.2.80">)</w>
 <w id="w11.2.81">.</w>
</s> 
 
<s id="s11.3">
 <w id="w11.3.1">Glavno</w> 
 <w id="w11.3.2">merilo</w> 
 <w id="w11.3.3">učinkovitosti</w> 
 <w id="w11.3.4">pri</w> 
 <w id="w11.3.5">bolnikih</w> 
 <w id="w11.3.6">z</w> 
 <w id="w11.3.7">ledvičnim</w> 
 <w id="w11.3.8">obolenjem</w> 
 <w id="w11.3.9">je</w> 
 <w id="w11.3.10">bil</w> 
 <w id="w11.3.11">porast</w> 
 <w id="w11.3.12">koncentracije</w> 
 <w id="w11.3.13">hemoglobina</w>
 <w id="w11.3.14">.</w>
</s> 
 
<s id="s11.4">
 <w id="w11.4.1">Pri</w> 
 <w id="w11.4.2">bolnikih</w>
 <w id="w11.4.3">,</w> 
 <w id="w11.4.4">ki</w> 
 <w id="w11.4.5">so</w> 
 <w id="w11.4.6">prejemali</w> 
 <w id="w11.4.7">kemoterapijo</w>
 <w id="w11.4.8">,</w> 
 <w id="w11.4.9">je</w> 
 <w id="w11.4.10">bilo</w> 
 <w id="w11.4.11">glavno</w> 
 <w id="w11.4.12">merilo</w> 
 <w id="w11.4.13">učinkovitosti</w> 
 <w id="w11.4.14">zmanjšanje</w> 
 <w id="w11.4.15">števila</w> 
 <w id="w11.4.16">bolnikov</w>
 <w id="w11.4.17">,</w> 
 <w id="w11.4.18">ki</w> 
 <w id="w11.4.19">so</w> 
 <w id="w11.4.20">potrebovali</w> 
 <w id="w11.4.21">transfuzijo</w> 
 <w id="w11.4.22">krvi</w>
 <w id="w11.4.23">.</w>
</s> 
 
<s id="s11.5">
 <w id="w11.5.1">Zdravilo</w> 
 <w id="w11.5.2">Aranesp</w> 
 <w id="w11.5.3">so</w> 
 <w id="w11.5.4">preučevali</w> 
 <w id="w11.5.5">tudi</w> 
 <w id="w11.5.6">pri</w> 
 <w id="w11.5.7">124</w> 
 <w id="w11.5.8">otrocih</w> 
 <w id="w11.5.9">z</w> 
 <w id="w11.5.10">dolgotrajnim</w> 
 <w id="w11.5.11">ledvičnim</w> 
 <w id="w11.5.12">obolenjem</w>
 <w id="w11.5.13">,</w> 
 <w id="w11.5.14">kjer</w> 
 <w id="w11.5.15">so</w> 
 <w id="w11.5.16">ugotavljali</w>
 <w id="w11.5.17">,</w> 
 <w id="w11.5.18">ali</w> 
 <w id="w11.5.19">se</w> 
 <w id="w11.5.20">absorbira</w> 
 <w id="w11.5.21">na</w> 
 <w id="w11.5.22">enak</w> 
 <w id="w11.5.23">način</w> 
 <w id="w11.5.24">kot</w> 
 <w id="w11.5.25">pri</w> 
 <w id="w11.5.26">odraslih</w>
 <w id="w11.5.27">.</w>
</s></p>

<p id="12">
<s id="s12.1">
 <w id="w12.1.1">Kakšne</w> 
 <w id="w12.1.2">koristi</w> 
 <w id="w12.1.3">je</w> 
 <w id="w12.1.4">zdravilo</w> 
 <w id="w12.1.5">Aranesp</w> 
 <w id="w12.1.6">izkazalo</w> 
 <w id="w12.1.7">med</w> 
 <w id="w12.1.8">raziskavami</w>
 <w id="w12.1.9">?</w>
</s> 
 
<s id="s12.2">
 <w id="w12.2.1">Tako</w> 
 <w id="w12.2.2">pri</w> 
 <w id="w12.2.3">intravenskem</w> 
 <w id="w12.2.4">kot</w> 
 <w id="w12.2.5">pri</w> 
 <w id="w12.2.6">subkutanem</w> 
 <w id="w12.2.7">dajanju</w> 
 <w id="w12.2.8">je</w> 
 <w id="w12.2.9">bilo</w> 
 <w id="w12.2.10">zdravilo</w> 
 <w id="w12.2.11">Aranesp</w> 
 <w id="w12.2.12">pri</w> 
 <w id="w12.2.13">zviševanju</w> 
 <w id="w12.2.14">koncentracije</w> 
 <w id="w12.2.15">hemoglobina</w> 
 <w id="w12.2.16">pri</w> 
 <w id="w12.2.17">bolnikih</w> 
 <w id="w12.2.18">z</w> 
 <w id="w12.2.19">obolenjem</w> 
 <w id="w12.2.20">ledvic</w> 
 <w id="w12.2.21">in</w> 
 <w id="w12.2.22">pri</w> 
 <w id="w12.2.23">ohranjanju</w> 
 <w id="w12.2.24">dosežene</w> 
 <w id="w12.2.25">koncentracije</w> 
 <w id="w12.2.26">tako</w> 
 <w id="w12.2.27">učinkovito</w> 
 <w id="w12.2.28">kot</w> 
 <w id="w12.2.29">humani</w> 
 <w id="w12.2.30">rekombinantni</w> 
 <w id="w12.2.31">eritropoetin</w>
 <w id="w12.2.32">.</w>
</s> 
 
<s id="s12.3">
 <w id="w12.3.1">Pri</w> 
 <w id="w12.3.2">bolnikih</w> 
 <w id="w12.3.3">z</w> 
 <w id="w12.3.4">rakom</w>
 <w id="w12.3.5">,</w> 
 <w id="w12.3.6">ki</w> 
 <w id="w12.3.7">so</w> 
 <w id="w12.3.8">prejemali</w> 
 <w id="w12.3.9">kemoterapijo</w>
 <w id="w12.3.10">,</w> 
 <w id="w12.3.11">je</w> 
 <w id="w12.3.12">transfuzijo</w> 
 <w id="w12.3.13">krvi</w> 
 <w id="w12.3.14">potrebovalo</w> 
 <w id="w12.3.15">manj</w> 
 <w id="w12.3.16">bolnikov</w>
 <w id="w12.3.17">,</w> 
 <w id="w12.3.18">zdravljenih</w> 
 <w id="w12.3.19">z</w> 
 <w id="w12.3.20">zdravilom</w> 
 <w id="w12.3.21">Aranesp</w>
 <w id="w12.3.22">,</w> 
 <w id="w12.3.23">v</w> 
 <w id="w12.3.24">primerjavi</w> 
 <w id="w12.3.25">s</w> 
 <w id="w12.3.26">tistimi</w> 
 <w id="w12.3.27">bolniki</w>
 <w id="w12.3.28">,</w> 
 <w id="w12.3.29">ki</w> 
 <w id="w12.3.30">so</w> 
 <w id="w12.3.31">prejemali</w> 
 <w id="w12.3.32">placebo</w>
 <w id="w12.3.33">.</w>
</s></p>

<p id="13">
<s id="s13.1">
 <w id="w13.1.1">Kakšna</w> 
 <w id="w13.1.2">tveganja</w> 
 <w id="w13.1.3">so</w> 
 <w id="w13.1.4">povezana</w> 
 <w id="w13.1.5">z</w> 
 <w id="w13.1.6">zdravilom</w> 
 <w id="w13.1.7">Aranesp</w>
 <w id="w13.1.8">?</w>
</s> 
 
<s id="s13.2">
 <w id="w13.2.1">Najpogostejši</w> 
 <w id="w13.2.2">neželeni</w> 
 <w id="w13.2.3">učinki</w> 
 <w id="w13.2.4">zdravila</w> 
 <w id="w13.2.5">Aranesp</w> 
 <w id="w13.2.6">(</w>
 <w id="w13.2.7">opaženi</w> 
 <w id="w13.2.8">pri</w> 
 <w id="w13.2.9">1</w> 
 <w id="w13.2.10">do</w> 
 <w id="w13.2.11">10</w> 
 <w id="w13.2.12">bolnikih</w> 
 <w id="w13.2.13">izmed</w> 
 <w id="w13.2.14">100</w>
 <w id="w13.2.15">)</w> 
 <w id="w13.2.16">so</w> 
 <w id="w13.2.17">glavobol</w>
 <w id="w13.2.18">,</w> 
 <w id="w13.2.19">hipertenzija</w> 
 <w id="w13.2.20">(</w>
 <w id="w13.2.21">visok</w> 
 <w id="w13.2.22">krvni</w> 
 <w id="w13.2.23">tlak</w>
 <w id="w13.2.24">)</w>
 <w id="w13.2.25">,</w> 
 <w id="w13.2.26">tromboza</w> 
 <w id="w13.2.27">(</w>
 <w id="w13.2.28">krvni</w> 
 <w id="w13.2.29">strdki</w>
 <w id="w13.2.30">)</w>
 <w id="w13.2.31">,</w> 
 <w id="w13.2.32">bolečina</w> 
 <w id="w13.2.33">na</w> 
 <w id="w13.2.34">mestu</w> 
 <w id="w13.2.35">vboda</w>
 <w id="w13.2.36">,</w> 
 <w id="w13.2.37">artralgija</w> 
 <w id="w13.2.38">(</w>
 <w id="w13.2.39">bolečina</w> 
 <w id="w13.2.40">v</w> 
 <w id="w13.2.41">sklepih</w>
 <w id="w13.2.42">)</w> 
 <w id="w13.2.43">in</w> 
 <w id="w13.2.44">periferni</w> 
 <w id="w13.2.45">edem</w> 
 <w id="w13.2.46">(</w>
 <w id="w13.2.47">zastajanje</w> 
 <w id="w13.2.48">tekočine</w>
 <w id="w13.2.49">)</w>
 <w id="w13.2.50">.</w>
</s> 
 
<s id="s13.3">
 <w id="w13.3.1">Za</w> 
 <w id="w13.3.2">celoten</w> 
 <w id="w13.3.3">seznam</w> 
 <w id="w13.3.4">neželenih</w> 
 <w id="w13.3.5">učinkov</w>
 <w id="w13.3.6">,</w> 
 <w id="w13.3.7">o</w> 
 <w id="w13.3.8">katerih</w> 
 <w id="w13.3.9">so</w> 
 <w id="w13.3.10">poročali</w> 
 <w id="w13.3.11">pri</w> 
 <w id="w13.3.12">uporabi</w> 
 <w id="w13.3.13">zdravila</w> 
 <w id="w13.3.14">Aranesp</w>
 <w id="w13.3.15">,</w> 
 <w id="w13.3.16">glejte</w> 
 <w id="w13.3.17">Navodilo</w> 
 <w id="w13.3.18">za</w> 
 <w id="w13.3.19">uporabo</w>
 <w id="w13.3.20">.</w>
</s> 
 
<s id="s13.4">
 <w id="w13.4.1">Zdravila</w> 
 <w id="w13.4.2">Aranesp</w> 
 <w id="w13.4.3">se</w> 
 <w id="w13.4.4">ne</w> 
 <w id="w13.4.5">sme</w> 
 <w id="w13.4.6">uporabljati</w> 
 <w id="w13.4.7">pri</w> 
 <w id="w13.4.8">osebah</w>
 <w id="w13.4.9">,</w> 
 <w id="w13.4.10">ki</w> 
 <w id="w13.4.11">utegnejo</w> 
 <w id="w13.4.12">biti</w> 
 <w id="w13.4.13">preobčutljive</w> 
 <w id="w13.4.14">za</w> 
 <w id="w13.4.15">(</w>
 <w id="w13.4.16">alergične</w> 
 <w id="w13.4.17">na</w>
 <w id="w13.4.18">)</w> 
 <w id="w13.4.19">darbepoetin</w> 
 <w id="w13.4.20">alfa</w> 
 <w id="w13.4.21">ali</w> 
 <w id="w13.4.22">na</w> 
 <w id="w13.4.23">katerokoli</w> 
 <w id="w13.4.24">drugo</w> 
 <w id="w13.4.25">sestavino</w> 
 <w id="w13.4.26">zdravila</w> 
 <w id="w13.4.27">ali</w> 
 <w id="w13.4.28">pri</w> 
 <w id="w13.4.29">bolnikih</w> 
 <w id="w13.4.30">s</w> 
 <w id="w13.4.31">slabo</w> 
 <w id="w13.4.32">nadzorovanim</w> 
 <w id="w13.4.33">visokim</w> 
 <w id="w13.4.34">krvnim</w> 
 <w id="w13.4.35">pritiskom</w>
 <w id="w13.4.36">.</w>
</s></p>

<p id="14">
<s id="s14.1">
 <w id="w14.1.1">Zakaj</w> 
 <w id="w14.1.2">je</w> 
 <w id="w14.1.3">bilo</w> 
 <w id="w14.1.4">zdravilo</w> 
 <w id="w14.1.5">Aranesp</w> 
 <w id="w14.1.6">odobreno</w>
 <w id="w14.1.7">?</w>
</s> 
 
<s id="s14.2">
 <w id="w14.2.1">Odbor</w> 
 <w id="w14.2.2">za</w> 
 <w id="w14.2.3">zdravila</w> 
 <w id="w14.2.4">za</w> 
 <w id="w14.2.5">uporabo</w> 
 <w id="w14.2.6">v</w> 
 <w id="w14.2.7">humani</w> 
 <w id="w14.2.8">medicini</w> 
 <w id="w14.2.9">(</w>
 <w id="w14.2.10">CHMP</w>
 <w id="w14.2.11">)</w> 
 <w id="w14.2.12">je</w> 
 <w id="w14.2.13">odločil</w>
 <w id="w14.2.14">,</w> 
 <w id="w14.2.15">da</w> 
 <w id="w14.2.16">so</w> 
 <w id="w14.2.17">koristi</w> 
 <w id="w14.2.18">zdravila</w> 
 <w id="w14.2.19">Aranesp</w> 
 <w id="w14.2.20">pri</w> 
 <w id="w14.2.21">zdravljenju</w> 
 <w id="w14.2.22">anemije</w>
 <w id="w14.2.23">,</w> 
 <w id="w14.2.24">povezane</w> 
 <w id="w14.2.25">s</w> 
 <w id="w14.2.26">kronično</w> 
 <w id="w14.2.27">odpovedjo</w> 
 <w id="w14.2.28">ledvic</w> 
 <w id="w14.2.29">pri</w> 
 <w id="w14.2.30">odraslih</w> 
 <w id="w14.2.31">in</w> 
 <w id="w14.2.32">pediatričnih</w> 
 <w id="w14.2.33">bolnikih</w>
 <w id="w14.2.34">,</w> 
 <w id="w14.2.35">in</w> 
 <w id="w14.2.36">simptomatske</w> 
 <w id="w14.2.37">anemije</w> 
 <w id="w14.2.38">pri</w> 
 <w id="w14.2.39">odraslih</w> 
 <w id="w14.2.40">onkoloških</w> 
 <w id="w14.2.41">bolnikih</w> 
 <w id="w14.2.42">z</w> 
 <w id="w14.2.43">nemieloidnimi</w> 
 <w id="w14.2.44">malignomi</w>
 <w id="w14.2.45">,</w> 
 <w id="w14.2.46">ki</w> 
 <w id="w14.2.47">prejemajo</w> 
 <w id="w14.2.48">kemoterapijo</w>
 <w id="w14.2.49">,</w> 
 <w id="w14.2.50">večje</w> 
 <w id="w14.2.51">od</w> 
 <w id="w14.2.52">z</w> 
 <w id="w14.2.53">njim</w> 
 <w id="w14.2.54">povezanih</w> 
 <w id="w14.2.55">tveganj</w>
 <w id="w14.2.56">.</w>
</s> 
 
<s id="s14.3">
 <w id="w14.3.1">Odbor</w> 
 <w id="w14.3.2">je</w> 
 <w id="w14.3.3">zato</w> 
 <w id="w14.3.4">je</w> 
 <w id="w14.3.5">priporočil</w>
 <w id="w14.3.6">,</w> 
 <w id="w14.3.7">da</w> 
 <w id="w14.3.8">se</w> 
 <w id="w14.3.9">za</w> 
 <w id="w14.3.10">zdravilo</w> 
 <w id="w14.3.11">Aranesp</w> 
 <w id="w14.3.12">odobri</w> 
 <w id="w14.3.13">dovoljenje</w> 
 <w id="w14.3.14">za</w> 
 <w id="w14.3.15">promet</w>
 <w id="w14.3.16">.</w>
</s></p>

<p id="15">
<s id="s15.1">
 <w id="w15.1.1">Druge</w> 
 <w id="w15.1.2">informacije</w> 
 <w id="w15.1.3">o</w> 
 <w id="w15.1.4">zdravilu</w> 
 <w id="w15.1.5">Aranesp</w>
 <w id="w15.1.6">:</w>
</s> 
 
<s id="s15.2">
 <w id="w15.2.1">Evropska</w> 
 <w id="w15.2.2">komisija</w> 
 <w id="w15.2.3">je</w> 
 <w id="w15.2.4">dovoljenje</w> 
 <w id="w15.2.5">za</w> 
 <w id="w15.2.6">promet</w> 
 <w id="w15.2.7">z</w> 
 <w id="w15.2.8">zdravilom</w> 
 <w id="w15.2.9">Aranesp</w>
 <w id="w15.2.10">,</w> 
 <w id="w15.2.11">veljavno</w> 
 <w id="w15.2.12">po</w> 
 <w id="w15.2.13">vsej</w> 
 <w id="w15.2.14">Evropski</w> 
 <w id="w15.2.15">uniji</w>
 <w id="w15.2.16">,</w> 
 <w id="w15.2.17">odobrila</w> 
 <w id="w15.2.18">družbi</w> 
 <w id="w15.2.19">Dompé</w> 
 <w id="w15.2.20">Biotec</w> 
 <w id="w15.2.21">S.</w>
 <w id="w15.2.22">p.</w>
 <w id="w15.2.23">A</w>
 <w id="w15.2.24">.</w> 
 <w id="w15.2.25">dne</w> 
 <w id="w15.2.26">8</w>
 <w id="w15.2.27">.</w> 
 <w id="w15.2.28">junija</w> 
 <w id="w15.2.29">2001</w>
 <w id="w15.2.30">.</w>
</s> 
 
<s id="s15.3">
 <w id="w15.3.1">Dovoljenje</w> 
 <w id="w15.3.2">za</w> 
 <w id="w15.3.3">promet</w> 
 <w id="w15.3.4">z</w> 
 <w id="w15.3.5">zdravilom</w> 
 <w id="w15.3.6">je</w> 
 <w id="w15.3.7">bilo</w> 
 <w id="w15.3.8">podaljšano</w> 
 <w id="w15.3.9">8</w>
 <w id="w15.3.10">.</w> 
 <w id="w15.3.11">junija</w> 
 <w id="w15.3.12">2006</w>
 <w id="w15.3.13">.</w>
</s></p>

<p id="16">
<s id="s16.1">
 <w id="w16.1.1">Celotno</w> 
 <w id="w16.1.2">Evropsko</w> 
 <w id="w16.1.3">javno</w> 
 <w id="w16.1.4">poročilo</w> 
 <w id="w16.1.5">o</w> 
 <w id="w16.1.6">oceni</w> 
 <w id="w16.1.7">zdravila</w> 
 <w id="w16.1.8">(</w>
 <w id="w16.1.9">EPAR</w>
 <w id="w16.1.10">)</w> 
 <w id="w16.1.11">za</w> 
 <w id="w16.1.12">zdravilo</w> 
 <w id="w16.1.13">Aranesp</w> 
 <w id="w16.1.14">je</w> 
 <w id="w16.1.15">na</w> 
 <w id="w16.1.16">voljo</w> 
 <w id="w16.1.17">tukaj</w>
 <w id="w16.1.18">.</w>
</s></p>

<p id="17">
<s id="s17.1">
 <w id="w17.1.1">Povzetek</w> 
 <w id="w17.1.2">je</w> 
 <w id="w17.1.3">bil</w> 
 <w id="w17.1.4">nazadnje</w> 
 <w id="w17.1.5">posodobljen</w> 
 <w id="w17.1.6">09-</w>
 <w id="w17.1.7">2007</w>
 <w id="w17.1.8">.</w>
</s></p>

<p id="18">
<s id="s18.1">
 <w id="w18.1.1">©EMEA</w> 
 <w id="w18.1.2">2007</w>
</s></p>

<head id="19">
<s id="s19.1">
 <w id="w19.1.1">2/</w>
 <w id="w19.1.2">2</w>
</s></head></text>
