<?xml version="1.0" encoding="utf-8"?>
<text>
<head id="1">
<s id="s1.1">
 <w id="w1.1.1">Številka</w> 
 <w id="w1.1.2">EU</w>
</s></head>

<head id="2">
<s id="s2.1">
 <w id="w2.1.1">Zaščiteno</w>   
 <w id="w2.1.2">ime</w>
</s></head>

<head id="3">
<s id="s3.1">
 <w id="w3.1.1">Jakost</w>
</s></head>

<head id="4">
<s id="s4.1">
 <w id="w4.1.1">Farmacevtska</w>   
 <w id="w4.1.2">oblika</w>
</s></head>

<head id="5">
<s id="s5.1">
 <w id="w5.1.1">Pot</w> 
 <w id="w5.1.2">uporabe</w>       
 <w id="w5.1.3">zdravila</w>
</s></head>

<head id="6">
<s id="s6.1">
 <w id="w6.1.1">Ovojnina</w>
</s></head>

<head id="7">
<s id="s7.1">
 <w id="w7.1.1">Vsebnost</w>
</s></head>

<head id="8">
<s id="s8.1">
 <w id="w8.1.1">Velikost</w> 
 <w id="w8.1.2">pakiranja</w>
</s></head>

<head id="9">
<s id="s9.1">
 <w id="w9.1.1">EU/</w>
 <w id="w9.1.2">1/</w>
 <w id="w9.1.3">01/</w>
 <w id="w9.1.4">185/</w>
 <w id="w9.1.5">001</w>
</s></head>

<head id="10">
<s id="s10.1">
 <w id="w10.1.1">Aranesp</w>
</s></head>

<head id="11">
<s id="s11.1">
 <w id="w11.1.1">10</w> 
 <w id="w11.1.2">µg</w>
</s></head>

<head id="12">
<s id="s12.1">
 <w id="w12.1.1">Raztopina</w> 
 <w id="w12.1.2">za</w>   
 <w id="w12.1.3">injiciranje</w>
</s></head>

<p id="13">
<s id="s13.1">
 <w id="w13.1.1">Za</w> 
 <w id="w13.1.2">subkutano</w>      
 <w id="w13.1.3">ali</w> 
 <w id="w13.1.4">intravensko</w> 
 <w id="w13.1.5">uporabo</w>
</s></p>

<p id="14">
<s id="s14.1">
 <w id="w14.1.1">(</w>
 <w id="w14.1.2">steklena</w>
 <w id="w14.1.3">)</w> 
 <w id="w14.1.4">napolnjena</w> 
 <w id="w14.1.5">brizga</w>
</s></p>

<head id="15">
<s id="s15.1">
 <w id="w15.1.1">0,</w>
 <w id="w15.1.2">4</w> 
 <w id="w15.1.3">ml</w> 
 <w id="w15.1.4">(</w>
 <w id="w15.1.5">25</w> 
 <w id="w15.1.6">µg/</w>
 <w id="w15.1.7">ml</w>
 <w id="w15.1.8">)</w>
</s></head>

<head id="16">
<s id="s16.1">
 <w id="w16.1.1">1</w> 
 <w id="w16.1.2">napolnjena</w> 
 <w id="w16.1.3">brizga</w>
</s></head>

<head id="17">
<s id="s17.1">
 <w id="w17.1.1">EU/</w>
 <w id="w17.1.2">1/</w>
 <w id="w17.1.3">01/</w>
 <w id="w17.1.4">185/</w>
 <w id="w17.1.5">002</w>
</s></head>

<head id="18">
<s id="s18.1">
 <w id="w18.1.1">Aranesp</w>
</s></head>

<head id="19">
<s id="s19.1">
 <w id="w19.1.1">10</w> 
 <w id="w19.1.2">µg</w>
</s></head>

<head id="20">
<s id="s20.1">
 <w id="w20.1.1">Raztopina</w> 
 <w id="w20.1.2">za</w>   
 <w id="w20.1.3">injiciranje</w>
</s></head>

<p id="21">
<s id="s21.1">
 <w id="w21.1.1">Za</w> 
 <w id="w21.1.2">subkutano</w>      
 <w id="w21.1.3">ali</w> 
 <w id="w21.1.4">intravensko</w> 
 <w id="w21.1.5">uporabo</w>
</s></p>

<p id="22">
<s id="s22.1">
 <w id="w22.1.1">(</w>
 <w id="w22.1.2">steklena</w>
 <w id="w22.1.3">)</w> 
 <w id="w22.1.4">napolnjena</w> 
 <w id="w22.1.5">brizga</w>
</s></p>

<head id="23">
<s id="s23.1">
 <w id="w23.1.1">0,</w>
 <w id="w23.1.2">4</w> 
 <w id="w23.1.3">ml</w> 
 <w id="w23.1.4">(</w>
 <w id="w23.1.5">25</w> 
 <w id="w23.1.6">µg/</w>
 <w id="w23.1.7">ml</w>
 <w id="w23.1.8">)</w>
</s></head>

<head id="24">
<s id="s24.1">
 <w id="w24.1.1">4</w> 
 <w id="w24.1.2">napolnjene</w> 
 <w id="w24.1.3">brizge</w>
</s></head>

<head id="25">
<s id="s25.1">
 <w id="w25.1.1">EU/</w>
 <w id="w25.1.2">1/</w>
 <w id="w25.1.3">01/</w>
 <w id="w25.1.4">185/</w>
 <w id="w25.1.5">003</w>
</s></head>

<head id="26">
<s id="s26.1">
 <w id="w26.1.1">Aranesp</w>
</s></head>

<head id="27">
<s id="s27.1">
 <w id="w27.1.1">15</w> 
 <w id="w27.1.2">µg</w>
</s></head>

<head id="28">
<s id="s28.1">
 <w id="w28.1.1">Raztopina</w> 
 <w id="w28.1.2">za</w>   
 <w id="w28.1.3">injiciranje</w>
</s></head>

<p id="29">
<s id="s29.1">
 <w id="w29.1.1">Za</w> 
 <w id="w29.1.2">subkutano</w>      
 <w id="w29.1.3">ali</w> 
 <w id="w29.1.4">intravensko</w>   
 <w id="w29.1.5">uporabo</w>
</s></p>

<p id="30">
<s id="s30.1">
 <w id="w30.1.1">(</w>
 <w id="w30.1.2">steklena</w>
 <w id="w30.1.3">)</w> 
 <w id="w30.1.4">napolnjena</w> 
 <w id="w30.1.5">brizga</w>
</s></p>

<head id="31">
<s id="s31.1">
 <w id="w31.1.1">0,</w>
 <w id="w31.1.2">375</w> 
 <w id="w31.1.3">ml</w> 
 <w id="w31.1.4">(</w>
 <w id="w31.1.5">40</w>         
 <w id="w31.1.6">µg/</w>
 <w id="w31.1.7">ml</w>
 <w id="w31.1.8">)</w>
</s></head>

<head id="32">
<s id="s32.1">
 <w id="w32.1.1">1</w> 
 <w id="w32.1.2">napolnjena</w> 
 <w id="w32.1.3">brizga</w>
</s></head>

<head id="33">
<s id="s33.1">
 <w id="w33.1.1">EU/</w>
 <w id="w33.1.2">1/</w>
 <w id="w33.1.3">01/</w>
 <w id="w33.1.4">185/</w>
 <w id="w33.1.5">004</w>
</s></head>

<head id="34">
<s id="s34.1">
 <w id="w34.1.1">Aranesp</w>
</s></head>

<head id="35">
<s id="s35.1">
 <w id="w35.1.1">15</w> 
 <w id="w35.1.2">µg</w>
</s></head>

<head id="36">
<s id="s36.1">
 <w id="w36.1.1">Raztopina</w> 
 <w id="w36.1.2">za</w>   
 <w id="w36.1.3">injiciranje</w>
</s></head>

<p id="37">
<s id="s37.1">
 <w id="w37.1.1">Za</w> 
 <w id="w37.1.2">subkutano</w>      
 <w id="w37.1.3">ali</w> 
 <w id="w37.1.4">intravensko</w>   
 <w id="w37.1.5">uporabo</w>
</s></p>

<p id="38">
<s id="s38.1">
 <w id="w38.1.1">(</w>
 <w id="w38.1.2">steklena</w>
 <w id="w38.1.3">)</w> 
 <w id="w38.1.4">napolnjena</w> 
 <w id="w38.1.5">brizga</w>
</s></p>

<head id="39">
<s id="s39.1">
 <w id="w39.1.1">0,</w>
 <w id="w39.1.2">375</w> 
 <w id="w39.1.3">ml</w> 
 <w id="w39.1.4">(</w>
 <w id="w39.1.5">40</w>         
 <w id="w39.1.6">µg/</w>
 <w id="w39.1.7">ml</w>
 <w id="w39.1.8">)</w>
</s></head>

<head id="40">
<s id="s40.1">
 <w id="w40.1.1">4</w> 
 <w id="w40.1.2">napolnjene</w> 
 <w id="w40.1.3">brizge</w>
</s></head>

<head id="41">
<s id="s41.1">
 <w id="w41.1.1">EU/</w>
 <w id="w41.1.2">1/</w>
 <w id="w41.1.3">01/</w>
 <w id="w41.1.4">185/</w>
 <w id="w41.1.5">005</w>
</s></head>

<head id="42">
<s id="s42.1">
 <w id="w42.1.1">Aranesp</w>
</s></head>

<head id="43">
<s id="s43.1">
 <w id="w43.1.1">20</w> 
 <w id="w43.1.2">µg</w>
</s></head>

<head id="44">
<s id="s44.1">
 <w id="w44.1.1">Raztopina</w> 
 <w id="w44.1.2">za</w>   
 <w id="w44.1.3">injiciranje</w>
</s></head>

<p id="45">
<s id="s45.1">
 <w id="w45.1.1">Za</w> 
 <w id="w45.1.2">subkutano</w>      
 <w id="w45.1.3">ali</w> 
 <w id="w45.1.4">intravensko</w> 
 <w id="w45.1.5">uporabo</w>
</s></p>

<p id="46">
<s id="s46.1">
 <w id="w46.1.1">(</w>
 <w id="w46.1.2">steklena</w>
 <w id="w46.1.3">)</w> 
 <w id="w46.1.4">napolnjena</w> 
 <w id="w46.1.5">brizga</w>
</s></p>

<head id="47">
<s id="s47.1">
 <w id="w47.1.1">0,</w>
 <w id="w47.1.2">5</w> 
 <w id="w47.1.3">ml</w> 
 <w id="w47.1.4">(</w>
 <w id="w47.1.5">40</w> 
 <w id="w47.1.6">µg/</w>
 <w id="w47.1.7">ml</w>
 <w id="w47.1.8">)</w>
</s></head>

<head id="48">
<s id="s48.1">
 <w id="w48.1.1">1</w> 
 <w id="w48.1.2">napolnjena</w> 
 <w id="w48.1.3">brizga</w>
</s></head>

<head id="49">
<s id="s49.1">
 <w id="w49.1.1">EU/</w>
 <w id="w49.1.2">1/</w>
 <w id="w49.1.3">01/</w>
 <w id="w49.1.4">185/</w>
 <w id="w49.1.5">006</w>
</s></head>

<head id="50">
<s id="s50.1">
 <w id="w50.1.1">Aranesp</w>
</s></head>

<head id="51">
<s id="s51.1">
 <w id="w51.1.1">20</w> 
 <w id="w51.1.2">µg</w>
</s></head>

<head id="52">
<s id="s52.1">
 <w id="w52.1.1">Raztopina</w> 
 <w id="w52.1.2">za</w>   
 <w id="w52.1.3">injiciranje</w>
</s></head>

<p id="53">
<s id="s53.1">
 <w id="w53.1.1">Za</w> 
 <w id="w53.1.2">subkutano</w>      
 <w id="w53.1.3">ali</w> 
 <w id="w53.1.4">intravensko</w> 
 <w id="w53.1.5">uporabo</w>
</s></p>

<p id="54">
<s id="s54.1">
 <w id="w54.1.1">(</w>
 <w id="w54.1.2">steklena</w>
 <w id="w54.1.3">)</w> 
 <w id="w54.1.4">napolnjena</w> 
 <w id="w54.1.5">brizga</w>
</s></p>

<head id="55">
<s id="s55.1">
 <w id="w55.1.1">0,</w>
 <w id="w55.1.2">5</w> 
 <w id="w55.1.3">ml</w> 
 <w id="w55.1.4">(</w>
 <w id="w55.1.5">40</w> 
 <w id="w55.1.6">µg/</w>
 <w id="w55.1.7">ml</w>
 <w id="w55.1.8">)</w>
</s></head>

<head id="56">
<s id="s56.1">
 <w id="w56.1.1">4</w> 
 <w id="w56.1.2">napolnjene</w> 
 <w id="w56.1.3">brizge</w>
</s></head>

<head id="57">
<s id="s57.1">
 <w id="w57.1.1">EU/</w>
 <w id="w57.1.2">1/</w>
 <w id="w57.1.3">01/</w>
 <w id="w57.1.4">185/</w>
 <w id="w57.1.5">007</w>
</s></head>

<head id="58">
<s id="s58.1">
 <w id="w58.1.1">Aranesp</w>
</s></head>

<head id="59">
<s id="s59.1">
 <w id="w59.1.1">30</w> 
 <w id="w59.1.2">µg</w>
</s></head>

<head id="60">
<s id="s60.1">
 <w id="w60.1.1">Raztopina</w> 
 <w id="w60.1.2">za</w>   
 <w id="w60.1.3">injiciranje</w>
</s></head>

<p id="61">
<s id="s61.1">
 <w id="w61.1.1">Za</w> 
 <w id="w61.1.2">subkutano</w>      
 <w id="w61.1.3">ali</w> 
 <w id="w61.1.4">intravensko</w> 
 <w id="w61.1.5">uporabo</w>
</s></p>

<p id="62">
<s id="s62.1">
 <w id="w62.1.1">(</w>
 <w id="w62.1.2">steklena</w>
 <w id="w62.1.3">)</w> 
 <w id="w62.1.4">napolnjena</w> 
 <w id="w62.1.5">brizga</w>
</s></p>

<head id="63">
<s id="s63.1">
 <w id="w63.1.1">0,</w>
 <w id="w63.1.2">3</w> 
 <w id="w63.1.3">ml</w> 
 <w id="w63.1.4">(</w>
 <w id="w63.1.5">100</w> 
 <w id="w63.1.6">µg/</w>
 <w id="w63.1.7">ml</w>
 <w id="w63.1.8">)</w>
</s></head>

<head id="64">
<s id="s64.1">
 <w id="w64.1.1">1</w> 
 <w id="w64.1.2">napolnjena</w> 
 <w id="w64.1.3">brizga</w>
</s></head>

<head id="65">
<s id="s65.1">
 <w id="w65.1.1">EU/</w>
 <w id="w65.1.2">1/</w>
 <w id="w65.1.3">01/</w>
 <w id="w65.1.4">185/</w>
 <w id="w65.1.5">008</w>
</s></head>

<head id="66">
<s id="s66.1">
 <w id="w66.1.1">Aranesp</w>
</s></head>

<head id="67">
<s id="s67.1">
 <w id="w67.1.1">30</w> 
 <w id="w67.1.2">µg</w>
</s></head>

<head id="68">
<s id="s68.1">
 <w id="w68.1.1">Raztopina</w> 
 <w id="w68.1.2">za</w>   
 <w id="w68.1.3">injiciranje</w>
</s></head>

<p id="69">
<s id="s69.1">
 <w id="w69.1.1">Za</w> 
 <w id="w69.1.2">subkutano</w>      
 <w id="w69.1.3">ali</w> 
 <w id="w69.1.4">intravensko</w> 
 <w id="w69.1.5">uporabo</w>
</s></p>

<p id="70">
<s id="s70.1">
 <w id="w70.1.1">(</w>
 <w id="w70.1.2">steklena</w>
 <w id="w70.1.3">)</w> 
 <w id="w70.1.4">napolnjena</w> 
 <w id="w70.1.5">brizga</w>
</s></p>

<head id="71">
<s id="s71.1">
 <w id="w71.1.1">0,</w>
 <w id="w71.1.2">3</w> 
 <w id="w71.1.3">ml</w> 
 <w id="w71.1.4">(</w>
 <w id="w71.1.5">100</w> 
 <w id="w71.1.6">µg/</w>
 <w id="w71.1.7">ml</w>
 <w id="w71.1.8">)</w>
</s></head>

<head id="72">
<s id="s72.1">
 <w id="w72.1.1">4</w> 
 <w id="w72.1.2">napolnjene</w> 
 <w id="w72.1.3">brizge</w>
</s></head>

<head id="73">
<s id="s73.1">
 <w id="w73.1.1">EU/</w>
 <w id="w73.1.2">1/</w>
 <w id="w73.1.3">01/</w>
 <w id="w73.1.4">185/</w>
 <w id="w73.1.5">009</w>
</s></head>

<head id="74">
<s id="s74.1">
 <w id="w74.1.1">Aranesp</w>
</s></head>

<head id="75">
<s id="s75.1">
 <w id="w75.1.1">40</w> 
 <w id="w75.1.2">µg</w>
</s></head>

<head id="76">
<s id="s76.1">
 <w id="w76.1.1">Raztopina</w> 
 <w id="w76.1.2">za</w>   
 <w id="w76.1.3">injiciranje</w>
</s></head>

<p id="77">
<s id="s77.1">
 <w id="w77.1.1">Za</w> 
 <w id="w77.1.2">subkutano</w>      
 <w id="w77.1.3">ali</w> 
 <w id="w77.1.4">intravensko</w> 
 <w id="w77.1.5">uporabo</w>
</s></p>

<p id="78">
<s id="s78.1">
 <w id="w78.1.1">(</w>
 <w id="w78.1.2">steklena</w>
 <w id="w78.1.3">)</w> 
 <w id="w78.1.4">napolnjena</w> 
 <w id="w78.1.5">brizga</w>
</s></p>

<head id="79">
<s id="s79.1">
 <w id="w79.1.1">0,</w>
 <w id="w79.1.2">4</w> 
 <w id="w79.1.3">ml</w> 
 <w id="w79.1.4">(</w>
 <w id="w79.1.5">100</w> 
 <w id="w79.1.6">µg/</w>
 <w id="w79.1.7">ml</w>
 <w id="w79.1.8">)</w>
</s></head>

<head id="80">
<s id="s80.1">
 <w id="w80.1.1">1</w> 
 <w id="w80.1.2">napolnjena</w> 
 <w id="w80.1.3">brizga</w>
</s></head>

<head id="81">
<s id="s81.1">
 <w id="w81.1.1">EU/</w>
 <w id="w81.1.2">1/</w>
 <w id="w81.1.3">01/</w>
 <w id="w81.1.4">185/</w>
 <w id="w81.1.5">010</w>
</s></head>

<head id="82">
<s id="s82.1">
 <w id="w82.1.1">Aranesp</w>
</s></head>

<head id="83">
<s id="s83.1">
 <w id="w83.1.1">40</w> 
 <w id="w83.1.2">µg</w>
</s></head>

<head id="84">
<s id="s84.1">
 <w id="w84.1.1">Raztopina</w> 
 <w id="w84.1.2">za</w>   
 <w id="w84.1.3">injiciranje</w>
</s></head>

<p id="85">
<s id="s85.1">
 <w id="w85.1.1">Za</w> 
 <w id="w85.1.2">subkutano</w>      
 <w id="w85.1.3">ali</w> 
 <w id="w85.1.4">intravensko</w> 
 <w id="w85.1.5">uporabo</w>
</s></p>

<p id="86">
<s id="s86.1">
 <w id="w86.1.1">(</w>
 <w id="w86.1.2">steklena</w>
 <w id="w86.1.3">)</w> 
 <w id="w86.1.4">napolnjena</w> 
 <w id="w86.1.5">brizga</w>
</s></p>

<head id="87">
<s id="s87.1">
 <w id="w87.1.1">0,</w>
 <w id="w87.1.2">4</w> 
 <w id="w87.1.3">ml</w> 
 <w id="w87.1.4">(</w>
 <w id="w87.1.5">100</w> 
 <w id="w87.1.6">µg/</w>
 <w id="w87.1.7">ml</w>
 <w id="w87.1.8">)</w>
</s></head>

<head id="88">
<s id="s88.1">
 <w id="w88.1.1">4</w> 
 <w id="w88.1.2">napolnjene</w> 
 <w id="w88.1.3">brizge</w>
</s></head>

<p id="89">
<s id="s89.1">
 <w id="w89.1.1">1/</w>
 <w id="w89.1.2">7</w> 
 <w id="w89.1.3">Številka</w> 
 <w id="w89.1.4">EU</w>
</s></p>

<head id="90">
<s id="s90.1">
 <w id="w90.1.1">Zaščiteno</w>   
 <w id="w90.1.2">ime</w>
</s></head>

<head id="91">
<s id="s91.1">
 <w id="w91.1.1">Jakost</w>
</s></head>

<head id="92">
<s id="s92.1">
 <w id="w92.1.1">Farmacevtska</w>   
 <w id="w92.1.2">oblika</w>
</s></head>

<head id="93">
<s id="s93.1">
 <w id="w93.1.1">Pot</w> 
 <w id="w93.1.2">uporabe</w>       
 <w id="w93.1.3">zdravila</w>
</s></head>

<head id="94">
<s id="s94.1">
 <w id="w94.1.1">Ovojnina</w>
</s></head>

<head id="95">
<s id="s95.1">
 <w id="w95.1.1">Vsebnost</w>
</s></head>

<head id="96">
<s id="s96.1">
 <w id="w96.1.1">Velikost</w> 
 <w id="w96.1.2">pakiranja</w>
</s></head>

<head id="97">
<s id="s97.1">
 <w id="w97.1.1">EU/</w>
 <w id="w97.1.2">1/</w>
 <w id="w97.1.3">01/</w>
 <w id="w97.1.4">185/</w>
 <w id="w97.1.5">011</w>
</s></head>

<head id="98">
<s id="s98.1">
 <w id="w98.1.1">Aranesp</w>
</s></head>

<head id="99">
<s id="s99.1">
 <w id="w99.1.1">50</w> 
 <w id="w99.1.2">µg</w>
</s></head>

<head id="100">
<s id="s100.1">
 <w id="w100.1.1">Raztopina</w> 
 <w id="w100.1.2">za</w>   
 <w id="w100.1.3">injiciranje</w>
</s></head>

<p id="101">
<s id="s101.1">
 <w id="w101.1.1">Za</w> 
 <w id="w101.1.2">subkutano</w>      
 <w id="w101.1.3">ali</w> 
 <w id="w101.1.4">intravensko</w> 
 <w id="w101.1.5">uporabo</w>
</s></p>

<p id="102">
<s id="s102.1">
 <w id="w102.1.1">(</w>
 <w id="w102.1.2">steklena</w>
 <w id="w102.1.3">)</w> 
 <w id="w102.1.4">napolnjena</w> 
 <w id="w102.1.5">brizga</w>
</s></p>

<head id="103">
<s id="s103.1">
 <w id="w103.1.1">0,</w>
 <w id="w103.1.2">5</w> 
 <w id="w103.1.3">ml</w> 
 <w id="w103.1.4">(</w>
 <w id="w103.1.5">100</w> 
 <w id="w103.1.6">µg/</w>
 <w id="w103.1.7">ml</w>
 <w id="w103.1.8">)</w>
</s></head>

<head id="104">
<s id="s104.1">
 <w id="w104.1.1">1</w> 
 <w id="w104.1.2">napolnjena</w> 
 <w id="w104.1.3">brizga</w>
</s></head>

<head id="105">
<s id="s105.1">
 <w id="w105.1.1">EU/</w>
 <w id="w105.1.2">1/</w>
 <w id="w105.1.3">01/</w>
 <w id="w105.1.4">185/</w>
 <w id="w105.1.5">012</w>
</s></head>

<head id="106">
<s id="s106.1">
 <w id="w106.1.1">Aranesp</w>
</s></head>

<head id="107">
<s id="s107.1">
 <w id="w107.1.1">50</w> 
 <w id="w107.1.2">µg</w>
</s></head>

<head id="108">
<s id="s108.1">
 <w id="w108.1.1">Raztopina</w> 
 <w id="w108.1.2">za</w>   
 <w id="w108.1.3">injiciranje</w>
</s></head>

<p id="109">
<s id="s109.1">
 <w id="w109.1.1">Za</w> 
 <w id="w109.1.2">subkutano</w>      
 <w id="w109.1.3">ali</w> 
 <w id="w109.1.4">intravensko</w> 
 <w id="w109.1.5">uporabo</w>
</s></p>

<p id="110">
<s id="s110.1">
 <w id="w110.1.1">(</w>
 <w id="w110.1.2">steklena</w>
 <w id="w110.1.3">)</w> 
 <w id="w110.1.4">napolnjena</w> 
 <w id="w110.1.5">brizga</w>
</s></p>

<head id="111">
<s id="s111.1">
 <w id="w111.1.1">0,</w>
 <w id="w111.1.2">5</w> 
 <w id="w111.1.3">ml</w> 
 <w id="w111.1.4">(</w>
 <w id="w111.1.5">100</w> 
 <w id="w111.1.6">µg/</w>
 <w id="w111.1.7">ml</w>
 <w id="w111.1.8">)</w>
</s></head>

<head id="112">
<s id="s112.1">
 <w id="w112.1.1">4</w> 
 <w id="w112.1.2">napolnjene</w> 
 <w id="w112.1.3">brizge</w>
</s></head>

<head id="113">
<s id="s113.1">
 <w id="w113.1.1">EU/</w>
 <w id="w113.1.2">1/</w>
 <w id="w113.1.3">01/</w>
 <w id="w113.1.4">185/</w>
 <w id="w113.1.5">013</w>
</s></head>

<head id="114">
<s id="s114.1">
 <w id="w114.1.1">Aranesp</w>
</s></head>

<head id="115">
<s id="s115.1">
 <w id="w115.1.1">60</w> 
 <w id="w115.1.2">µg</w>
</s></head>

<head id="116">
<s id="s116.1">
 <w id="w116.1.1">Raztopina</w> 
 <w id="w116.1.2">za</w>   
 <w id="w116.1.3">injiciranje</w>
</s></head>

<p id="117">
<s id="s117.1">
 <w id="w117.1.1">Za</w> 
 <w id="w117.1.2">subkutano</w>      
 <w id="w117.1.3">ali</w> 
 <w id="w117.1.4">intravensko</w> 
 <w id="w117.1.5">uporabo</w>
</s></p>

<p id="118">
<s id="s118.1">
 <w id="w118.1.1">(</w>
 <w id="w118.1.2">steklena</w>
 <w id="w118.1.3">)</w> 
 <w id="w118.1.4">napolnjena</w> 
 <w id="w118.1.5">brizga</w>
</s></p>

<head id="119">
<s id="s119.1">
 <w id="w119.1.1">0,</w>
 <w id="w119.1.2">3</w> 
 <w id="w119.1.3">ml</w> 
 <w id="w119.1.4">(</w>
 <w id="w119.1.5">200</w> 
 <w id="w119.1.6">µg/</w>
 <w id="w119.1.7">ml</w>
 <w id="w119.1.8">)</w>
</s></head>

<head id="120">
<s id="s120.1">
 <w id="w120.1.1">1</w> 
 <w id="w120.1.2">napolnjena</w> 
 <w id="w120.1.3">brizga</w>
</s></head>

<head id="121">
<s id="s121.1">
 <w id="w121.1.1">EU/</w>
 <w id="w121.1.2">1/</w>
 <w id="w121.1.3">01/</w>
 <w id="w121.1.4">185/</w>
 <w id="w121.1.5">014</w>
</s></head>

<head id="122">
<s id="s122.1">
 <w id="w122.1.1">Aranesp</w>
</s></head>

<head id="123">
<s id="s123.1">
 <w id="w123.1.1">60</w> 
 <w id="w123.1.2">µg</w>
</s></head>

<head id="124">
<s id="s124.1">
 <w id="w124.1.1">Raztopina</w> 
 <w id="w124.1.2">za</w>   
 <w id="w124.1.3">injiciranje</w>
</s></head>

<p id="125">
<s id="s125.1">
 <w id="w125.1.1">Za</w> 
 <w id="w125.1.2">subkutano</w>      
 <w id="w125.1.3">ali</w> 
 <w id="w125.1.4">intravensko</w> 
 <w id="w125.1.5">uporabo</w>
</s></p>

<p id="126">
<s id="s126.1">
 <w id="w126.1.1">(</w>
 <w id="w126.1.2">steklena</w>
 <w id="w126.1.3">)</w> 
 <w id="w126.1.4">napolnjena</w> 
 <w id="w126.1.5">brizga</w>
</s></p>

<head id="127">
<s id="s127.1">
 <w id="w127.1.1">0,</w>
 <w id="w127.1.2">3</w> 
 <w id="w127.1.3">ml</w> 
 <w id="w127.1.4">(</w>
 <w id="w127.1.5">200</w> 
 <w id="w127.1.6">µg/</w>
 <w id="w127.1.7">ml</w>
 <w id="w127.1.8">)</w>
</s></head>

<head id="128">
<s id="s128.1">
 <w id="w128.1.1">4</w> 
 <w id="w128.1.2">napolnjene</w> 
 <w id="w128.1.3">brizge</w>
</s></head>

<head id="129">
<s id="s129.1">
 <w id="w129.1.1">EU/</w>
 <w id="w129.1.2">1/</w>
 <w id="w129.1.3">01/</w>
 <w id="w129.1.4">185/</w>
 <w id="w129.1.5">015</w>
</s></head>

<head id="130">
<s id="s130.1">
 <w id="w130.1.1">Aranesp</w>
</s></head>

<head id="131">
<s id="s131.1">
 <w id="w131.1.1">80</w> 
 <w id="w131.1.2">µg</w>
</s></head>

<head id="132">
<s id="s132.1">
 <w id="w132.1.1">Raztopina</w> 
 <w id="w132.1.2">za</w>   
 <w id="w132.1.3">injiciranje</w>
</s></head>

<p id="133">
<s id="s133.1">
 <w id="w133.1.1">Za</w> 
 <w id="w133.1.2">subkutano</w>      
 <w id="w133.1.3">ali</w> 
 <w id="w133.1.4">intravensko</w> 
 <w id="w133.1.5">uporabo</w>
</s></p>

<p id="134">
<s id="s134.1">
 <w id="w134.1.1">(</w>
 <w id="w134.1.2">steklena</w>
 <w id="w134.1.3">)</w> 
 <w id="w134.1.4">napolnjena</w> 
 <w id="w134.1.5">brizga</w>
</s></p>

<head id="135">
<s id="s135.1">
 <w id="w135.1.1">0,</w>
 <w id="w135.1.2">4</w> 
 <w id="w135.1.3">ml</w> 
 <w id="w135.1.4">(</w>
 <w id="w135.1.5">200</w> 
 <w id="w135.1.6">µg/</w>
 <w id="w135.1.7">ml</w>
 <w id="w135.1.8">)</w>
</s></head>

<head id="136">
<s id="s136.1">
 <w id="w136.1.1">1</w> 
 <w id="w136.1.2">napolnjena</w> 
 <w id="w136.1.3">brizga</w>
</s></head>

<head id="137">
<s id="s137.1">
 <w id="w137.1.1">EU/</w>
 <w id="w137.1.2">1/</w>
 <w id="w137.1.3">01/</w>
 <w id="w137.1.4">185/</w>
 <w id="w137.1.5">016</w>
</s></head>

<head id="138">
<s id="s138.1">
 <w id="w138.1.1">Aranesp</w>
</s></head>

<head id="139">
<s id="s139.1">
 <w id="w139.1.1">80</w> 
 <w id="w139.1.2">µg</w>
</s></head>

<head id="140">
<s id="s140.1">
 <w id="w140.1.1">Raztopina</w> 
 <w id="w140.1.2">za</w>   
 <w id="w140.1.3">injiciranje</w>
</s></head>

<p id="141">
<s id="s141.1">
 <w id="w141.1.1">Za</w> 
 <w id="w141.1.2">subkutano</w>      
 <w id="w141.1.3">ali</w> 
 <w id="w141.1.4">intravensko</w> 
 <w id="w141.1.5">uporabo</w>
</s></p>

<p id="142">
<s id="s142.1">
 <w id="w142.1.1">(</w>
 <w id="w142.1.2">steklena</w>
 <w id="w142.1.3">)</w> 
 <w id="w142.1.4">napolnjena</w> 
 <w id="w142.1.5">brizga</w>
</s></p>

<head id="143">
<s id="s143.1">
 <w id="w143.1.1">0,</w>
 <w id="w143.1.2">4</w> 
 <w id="w143.1.3">ml</w> 
 <w id="w143.1.4">(</w>
 <w id="w143.1.5">200</w> 
 <w id="w143.1.6">µg/</w>
 <w id="w143.1.7">ml</w>
 <w id="w143.1.8">)</w>
</s></head>

<head id="144">
<s id="s144.1">
 <w id="w144.1.1">4</w> 
 <w id="w144.1.2">napolnjene</w> 
 <w id="w144.1.3">brizge</w>
</s></head>

<head id="145">
<s id="s145.1">
 <w id="w145.1.1">EU/</w>
 <w id="w145.1.2">1/</w>
 <w id="w145.1.3">01/</w>
 <w id="w145.1.4">185/</w>
 <w id="w145.1.5">017</w>
</s></head>

<head id="146">
<s id="s146.1">
 <w id="w146.1.1">Aranesp</w>
</s></head>

<head id="147">
<s id="s147.1">
 <w id="w147.1.1">100</w> 
 <w id="w147.1.2">µg</w>
</s></head>

<head id="148">
<s id="s148.1">
 <w id="w148.1.1">Raztopina</w> 
 <w id="w148.1.2">za</w>   
 <w id="w148.1.3">injiciranje</w>
</s></head>

<p id="149">
<s id="s149.1">
 <w id="w149.1.1">Za</w> 
 <w id="w149.1.2">subkutano</w>      
 <w id="w149.1.3">ali</w> 
 <w id="w149.1.4">intravensko</w> 
 <w id="w149.1.5">uporabo</w>
</s></p>

<p id="150">
<s id="s150.1">
 <w id="w150.1.1">(</w>
 <w id="w150.1.2">steklena</w>
 <w id="w150.1.3">)</w> 
 <w id="w150.1.4">napolnjena</w> 
 <w id="w150.1.5">brizga</w>
</s></p>

<head id="151">
<s id="s151.1">
 <w id="w151.1.1">0,</w>
 <w id="w151.1.2">5</w> 
 <w id="w151.1.3">ml</w> 
 <w id="w151.1.4">(</w>
 <w id="w151.1.5">200</w> 
 <w id="w151.1.6">µg/</w>
 <w id="w151.1.7">ml</w>
 <w id="w151.1.8">)</w>
</s></head>

<head id="152">
<s id="s152.1">
 <w id="w152.1.1">1</w> 
 <w id="w152.1.2">napolnjena</w> 
 <w id="w152.1.3">brizga</w>
</s></head>

<head id="153">
<s id="s153.1">
 <w id="w153.1.1">EU/</w>
 <w id="w153.1.2">1/</w>
 <w id="w153.1.3">01/</w>
 <w id="w153.1.4">185/</w>
 <w id="w153.1.5">018</w>
</s></head>

<head id="154">
<s id="s154.1">
 <w id="w154.1.1">Aranesp</w>
</s></head>

<head id="155">
<s id="s155.1">
 <w id="w155.1.1">100</w> 
 <w id="w155.1.2">µg</w>
</s></head>

<head id="156">
<s id="s156.1">
 <w id="w156.1.1">Raztopina</w> 
 <w id="w156.1.2">za</w>   
 <w id="w156.1.3">injiciranje</w>
</s></head>

<p id="157">
<s id="s157.1">
 <w id="w157.1.1">Za</w> 
 <w id="w157.1.2">subkutano</w>      
 <w id="w157.1.3">ali</w> 
 <w id="w157.1.4">intravensko</w> 
 <w id="w157.1.5">uporabo</w>
</s></p>

<p id="158">
<s id="s158.1">
 <w id="w158.1.1">(</w>
 <w id="w158.1.2">steklena</w>
 <w id="w158.1.3">)</w> 
 <w id="w158.1.4">napolnjena</w> 
 <w id="w158.1.5">brizga</w>
</s></p>

<head id="159">
<s id="s159.1">
 <w id="w159.1.1">0,</w>
 <w id="w159.1.2">5</w> 
 <w id="w159.1.3">ml</w> 
 <w id="w159.1.4">(</w>
 <w id="w159.1.5">200</w> 
 <w id="w159.1.6">µg/</w>
 <w id="w159.1.7">ml</w>
 <w id="w159.1.8">)</w>
</s></head>

<head id="160">
<s id="s160.1">
 <w id="w160.1.1">4</w> 
 <w id="w160.1.2">napolnjene</w> 
 <w id="w160.1.3">brizge</w>
</s></head>

<head id="161">
<s id="s161.1">
 <w id="w161.1.1">EU/</w>
 <w id="w161.1.2">1/</w>
 <w id="w161.1.3">01/</w>
 <w id="w161.1.4">185/</w>
 <w id="w161.1.5">019</w>
</s></head>

<head id="162">
<s id="s162.1">
 <w id="w162.1.1">Aranesp</w>
</s></head>

<head id="163">
<s id="s163.1">
 <w id="w163.1.1">150</w> 
 <w id="w163.1.2">µg</w>
</s></head>

<head id="164">
<s id="s164.1">
 <w id="w164.1.1">Raztopina</w> 
 <w id="w164.1.2">za</w>   
 <w id="w164.1.3">injiciranje</w>
</s></head>

<p id="165">
<s id="s165.1">
 <w id="w165.1.1">Za</w> 
 <w id="w165.1.2">subkutano</w>      
 <w id="w165.1.3">ali</w> 
 <w id="w165.1.4">intravensko</w> 
 <w id="w165.1.5">uporabo</w>
</s></p>

<p id="166">
<s id="s166.1">
 <w id="w166.1.1">(</w>
 <w id="w166.1.2">steklena</w>
 <w id="w166.1.3">)</w> 
 <w id="w166.1.4">napolnjena</w> 
 <w id="w166.1.5">brizga</w>
</s></p>

<head id="167">
<s id="s167.1">
 <w id="w167.1.1">0,</w>
 <w id="w167.1.2">3</w> 
 <w id="w167.1.3">ml</w> 
 <w id="w167.1.4">(</w>
 <w id="w167.1.5">500</w> 
 <w id="w167.1.6">µg/</w>
 <w id="w167.1.7">ml</w>
 <w id="w167.1.8">)</w>
</s></head>

<head id="168">
<s id="s168.1">
 <w id="w168.1.1">1</w> 
 <w id="w168.1.2">napolnjena</w> 
 <w id="w168.1.3">brizga</w>
</s></head>

<head id="169">
<s id="s169.1">
 <w id="w169.1.1">EU/</w>
 <w id="w169.1.2">1/</w>
 <w id="w169.1.3">01/</w>
 <w id="w169.1.4">185/</w>
 <w id="w169.1.5">020</w>
</s></head>

<head id="170">
<s id="s170.1">
 <w id="w170.1.1">Aranesp</w>
</s></head>

<head id="171">
<s id="s171.1">
 <w id="w171.1.1">150</w> 
 <w id="w171.1.2">µg</w>
</s></head>

<head id="172">
<s id="s172.1">
 <w id="w172.1.1">Raztopina</w> 
 <w id="w172.1.2">za</w>   
 <w id="w172.1.3">injiciranje</w>
</s></head>

<p id="173">
<s id="s173.1">
 <w id="w173.1.1">Za</w> 
 <w id="w173.1.2">subkutano</w>      
 <w id="w173.1.3">ali</w> 
 <w id="w173.1.4">intravensko</w> 
 <w id="w173.1.5">uporabo</w>
</s></p>

<p id="174">
<s id="s174.1">
 <w id="w174.1.1">(</w>
 <w id="w174.1.2">steklena</w>
 <w id="w174.1.3">)</w> 
 <w id="w174.1.4">napolnjena</w> 
 <w id="w174.1.5">brizga</w>
</s></p>

<head id="175">
<s id="s175.1">
 <w id="w175.1.1">0,</w>
 <w id="w175.1.2">3</w> 
 <w id="w175.1.3">ml</w> 
 <w id="w175.1.4">(</w>
 <w id="w175.1.5">500</w> 
 <w id="w175.1.6">µg/</w>
 <w id="w175.1.7">ml</w>
 <w id="w175.1.8">)</w>
</s></head>

<head id="176">
<s id="s176.1">
 <w id="w176.1.1">4</w> 
 <w id="w176.1.2">napolnjene</w> 
 <w id="w176.1.3">brizge</w>
</s></head>

<head id="177">
<s id="s177.1">
 <w id="w177.1.1">EU/</w>
 <w id="w177.1.2">1/</w>
 <w id="w177.1.3">01/</w>
 <w id="w177.1.4">185/</w>
 <w id="w177.1.5">021</w>
</s></head>

<head id="178">
<s id="s178.1">
 <w id="w178.1.1">Aranesp</w>
</s></head>

<head id="179">
<s id="s179.1">
 <w id="w179.1.1">300</w> 
 <w id="w179.1.2">µg</w>
</s></head>

<head id="180">
<s id="s180.1">
 <w id="w180.1.1">Raztopina</w> 
 <w id="w180.1.2">za</w>   
 <w id="w180.1.3">injiciranje</w>
</s></head>

<p id="181">
<s id="s181.1">
 <w id="w181.1.1">Za</w> 
 <w id="w181.1.2">subkutano</w>      
 <w id="w181.1.3">ali</w> 
 <w id="w181.1.4">intravensko</w> 
 <w id="w181.1.5">uporabo</w>
</s></p>

<p id="182">
<s id="s182.1">
 <w id="w182.1.1">(</w>
 <w id="w182.1.2">steklena</w>
 <w id="w182.1.3">)</w> 
 <w id="w182.1.4">napolnjena</w> 
 <w id="w182.1.5">brizga</w>
</s></p>

<head id="183">
<s id="s183.1">
 <w id="w183.1.1">0,</w>
 <w id="w183.1.2">6</w> 
 <w id="w183.1.3">ml</w> 
 <w id="w183.1.4">(</w>
 <w id="w183.1.5">500</w> 
 <w id="w183.1.6">µg/</w>
 <w id="w183.1.7">ml</w>
 <w id="w183.1.8">)</w>
</s></head>

<head id="184">
<s id="s184.1">
 <w id="w184.1.1">1</w> 
 <w id="w184.1.2">napolnjena</w> 
 <w id="w184.1.3">brizga</w>
</s></head>

<p id="185">
<s id="s185.1">
 <w id="w185.1.1">2/</w>
 <w id="w185.1.2">7</w> 
 <w id="w185.1.3">Številka</w> 
 <w id="w185.1.4">EU</w>
</s></p>

<head id="186">
<s id="s186.1">
 <w id="w186.1.1">Zaščiteno</w>   
 <w id="w186.1.2">ime</w>
</s></head>

<head id="187">
<s id="s187.1">
 <w id="w187.1.1">Jakost</w>
</s></head>

<head id="188">
<s id="s188.1">
 <w id="w188.1.1">Farmacevtska</w>   
 <w id="w188.1.2">oblika</w>
</s></head>

<head id="189">
<s id="s189.1">
 <w id="w189.1.1">Pot</w> 
 <w id="w189.1.2">uporabe</w>       
 <w id="w189.1.3">zdravila</w>
</s></head>

<head id="190">
<s id="s190.1">
 <w id="w190.1.1">Ovojnina</w>
</s></head>

<head id="191">
<s id="s191.1">
 <w id="w191.1.1">Vsebnost</w>
</s></head>

<head id="192">
<s id="s192.1">
 <w id="w192.1.1">Velikost</w> 
 <w id="w192.1.2">pakiranja</w>
</s></head>

<head id="193">
<s id="s193.1">
 <w id="w193.1.1">EU/</w>
 <w id="w193.1.2">1/</w>
 <w id="w193.1.3">01/</w>
 <w id="w193.1.4">185/</w>
 <w id="w193.1.5">022</w>
</s></head>

<head id="194">
<s id="s194.1">
 <w id="w194.1.1">Aranesp</w>
</s></head>

<head id="195">
<s id="s195.1">
 <w id="w195.1.1">300</w> 
 <w id="w195.1.2">µg</w>
</s></head>

<head id="196">
<s id="s196.1">
 <w id="w196.1.1">Raztopina</w> 
 <w id="w196.1.2">za</w>   
 <w id="w196.1.3">injiciranje</w>
</s></head>

<p id="197">
<s id="s197.1">
 <w id="w197.1.1">Za</w> 
 <w id="w197.1.2">subkutano</w>      
 <w id="w197.1.3">ali</w> 
 <w id="w197.1.4">intravensko</w> 
 <w id="w197.1.5">uporabo</w>
</s></p>

<p id="198">
<s id="s198.1">
 <w id="w198.1.1">(</w>
 <w id="w198.1.2">steklena</w>
 <w id="w198.1.3">)</w> 
 <w id="w198.1.4">napolnjena</w> 
 <w id="w198.1.5">brizga</w>
</s></p>

<head id="199">
<s id="s199.1">
 <w id="w199.1.1">0,</w>
 <w id="w199.1.2">6</w> 
 <w id="w199.1.3">ml</w> 
 <w id="w199.1.4">(</w>
 <w id="w199.1.5">500</w> 
 <w id="w199.1.6">µg/</w>
 <w id="w199.1.7">ml</w>
 <w id="w199.1.8">)</w>
</s></head>

<head id="200">
<s id="s200.1">
 <w id="w200.1.1">4</w> 
 <w id="w200.1.2">napolnjene</w> 
 <w id="w200.1.3">brizge</w>
</s></head>

<head id="201">
<s id="s201.1">
 <w id="w201.1.1">EU/</w>
 <w id="w201.1.2">1/</w>
 <w id="w201.1.3">01/</w>
 <w id="w201.1.4">185/</w>
 <w id="w201.1.5">031</w>
</s></head>

<head id="202">
<s id="s202.1">
 <w id="w202.1.1">Aranesp</w>
</s></head>

<head id="203">
<s id="s203.1">
 <w id="w203.1.1">500</w> 
 <w id="w203.1.2">µg</w>
</s></head>

<head id="204">
<s id="s204.1">
 <w id="w204.1.1">Raztopina</w> 
 <w id="w204.1.2">za</w>   
 <w id="w204.1.3">injiciranje</w>
</s></head>

<p id="205">
<s id="s205.1">
 <w id="w205.1.1">Za</w> 
 <w id="w205.1.2">subkutano</w>      
 <w id="w205.1.3">ali</w> 
 <w id="w205.1.4">intravensko</w> 
 <w id="w205.1.5">uporabo</w>
</s></p>

<p id="206">
<s id="s206.1">
 <w id="w206.1.1">(</w>
 <w id="w206.1.2">steklena</w>
 <w id="w206.1.3">)</w> 
 <w id="w206.1.4">napolnjena</w> 
 <w id="w206.1.5">brizga</w>
</s></p>

<head id="207">
<s id="s207.1">
 <w id="w207.1.1">1</w> 
 <w id="w207.1.2">ml</w> 
 <w id="w207.1.3">(</w>
 <w id="w207.1.4">500</w> 
 <w id="w207.1.5">µg/</w>
 <w id="w207.1.6">ml</w>
 <w id="w207.1.7">)</w>
</s></head>

<head id="208">
<s id="s208.1">
 <w id="w208.1.1">1</w> 
 <w id="w208.1.2">napolnjena</w> 
 <w id="w208.1.3">brizga</w>
</s></head>

<head id="209">
<s id="s209.1">
 <w id="w209.1.1">EU/</w>
 <w id="w209.1.2">1/</w>
 <w id="w209.1.3">01/</w>
 <w id="w209.1.4">185/</w>
 <w id="w209.1.5">032</w>
</s></head>

<head id="210">
<s id="s210.1">
 <w id="w210.1.1">Aranesp</w>
</s></head>

<head id="211">
<s id="s211.1">
 <w id="w211.1.1">500</w> 
 <w id="w211.1.2">µg</w>
</s></head>

<head id="212">
<s id="s212.1">
 <w id="w212.1.1">Raztopina</w> 
 <w id="w212.1.2">za</w>   
 <w id="w212.1.3">injiciranje</w>
</s></head>

<p id="213">
<s id="s213.1">
 <w id="w213.1.1">Za</w> 
 <w id="w213.1.2">subkutano</w>      
 <w id="w213.1.3">ali</w> 
 <w id="w213.1.4">intravensko</w> 
 <w id="w213.1.5">uporabo</w>
</s></p>

<p id="214">
<s id="s214.1">
 <w id="w214.1.1">(</w>
 <w id="w214.1.2">steklena</w>
 <w id="w214.1.3">)</w> 
 <w id="w214.1.4">napolnjena</w> 
 <w id="w214.1.5">brizga</w>
</s></p>

<head id="215">
<s id="s215.1">
 <w id="w215.1.1">1</w> 
 <w id="w215.1.2">ml</w> 
 <w id="w215.1.3">(</w>
 <w id="w215.1.4">500</w> 
 <w id="w215.1.5">µg/</w>
 <w id="w215.1.6">ml</w>
 <w id="w215.1.7">)</w>
</s></head>

<head id="216">
<s id="s216.1">
 <w id="w216.1.1">4</w> 
 <w id="w216.1.2">napolnjene</w> 
 <w id="w216.1.3">brizge</w>
</s></head>

<head id="217">
<s id="s217.1">
 <w id="w217.1.1">EU/</w>
 <w id="w217.1.2">1/</w>
 <w id="w217.1.3">01/</w>
 <w id="w217.1.4">185/</w>
 <w id="w217.1.5">033</w>
</s></head>

<head id="218">
<s id="s218.1">
 <w id="w218.1.1">Aranesp</w>
</s></head>

<head id="219">
<s id="s219.1">
 <w id="w219.1.1">10</w> 
 <w id="w219.1.2">µg</w>
</s></head>

<head id="220">
<s id="s220.1">
 <w id="w220.1.1">Raztopina</w> 
 <w id="w220.1.2">za</w>   
 <w id="w220.1.3">injiciranje</w>
</s></head>

<p id="221">
<s id="s221.1">
 <w id="w221.1.1">Za</w> 
 <w id="w221.1.2">subkutano</w>      
 <w id="w221.1.3">ali</w> 
 <w id="w221.1.4">intravensko</w>   
 <w id="w221.1.5">uporabo</w>
</s></p>

<p id="222">
<s id="s222.1">
 <w id="w222.1.1">(</w>
 <w id="w222.1.2">steklena</w>
 <w id="w222.1.3">)</w> 
 <w id="w222.1.4">napolnjena</w> 
 <w id="w222.1.5">brizga</w>
</s></p>

<head id="223">
<s id="s223.1">
 <w id="w223.1.1">0,</w>
 <w id="w223.1.2">4</w> 
 <w id="w223.1.3">ml</w> 
 <w id="w223.1.4">(</w>
 <w id="w223.1.5">25</w> 
 <w id="w223.1.6">µg/</w>
 <w id="w223.1.7">ml</w>
 <w id="w223.1.8">)</w>
</s></head>

<p id="224">
<s id="s224.1">
 <w id="w224.1.1">1</w> 
 <w id="w224.1.2">napolnjena</w> 
 <w id="w224.1.3">brizga</w> 
 <w id="w224.1.4">(</w>
 <w id="w224.1.5">v</w> 
 <w id="w224.1.6">nepretisni</w> 
 <w id="w224.1.7">ovojnini</w>
 <w id="w224.1.8">)</w>
</s></p>

<head id="225">
<s id="s225.1">
 <w id="w225.1.1">EU/</w>
 <w id="w225.1.2">1/</w>
 <w id="w225.1.3">01/</w>
 <w id="w225.1.4">185/</w>
 <w id="w225.1.5">034</w>
</s></head>

<head id="226">
<s id="s226.1">
 <w id="w226.1.1">Aranesp</w>
</s></head>

<head id="227">
<s id="s227.1">
 <w id="w227.1.1">15</w> 
 <w id="w227.1.2">µg</w>
</s></head>

<head id="228">
<s id="s228.1">
 <w id="w228.1.1">Raztopina</w> 
 <w id="w228.1.2">za</w>   
 <w id="w228.1.3">injiciranje</w>
</s></head>

<p id="229">
<s id="s229.1">
 <w id="w229.1.1">Za</w> 
 <w id="w229.1.2">subkutano</w>      
 <w id="w229.1.3">ali</w> 
 <w id="w229.1.4">intravensko</w>   
 <w id="w229.1.5">uporabo</w>
</s></p>

<p id="230">
<s id="s230.1">
 <w id="w230.1.1">(</w>
 <w id="w230.1.2">steklena</w>
 <w id="w230.1.3">)</w> 
 <w id="w230.1.4">napolnjena</w> 
 <w id="w230.1.5">brizga</w>
</s></p>

<head id="231">
<s id="s231.1">
 <w id="w231.1.1">0,</w>
 <w id="w231.1.2">375</w> 
 <w id="w231.1.3">ml</w> 
 <w id="w231.1.4">(</w>
 <w id="w231.1.5">40</w>         
 <w id="w231.1.6">µg/</w>
 <w id="w231.1.7">ml</w>
 <w id="w231.1.8">)</w>
</s></head>

<p id="232">
<s id="s232.1">
 <w id="w232.1.1">1</w> 
 <w id="w232.1.2">napolnjena</w> 
 <w id="w232.1.3">brizga</w> 
 <w id="w232.1.4">(</w>
 <w id="w232.1.5">v</w> 
 <w id="w232.1.6">nepretisni</w> 
 <w id="w232.1.7">ovojnini</w>
 <w id="w232.1.8">)</w>
</s></p>

<head id="233">
<s id="s233.1">
 <w id="w233.1.1">EU/</w>
 <w id="w233.1.2">1/</w>
 <w id="w233.1.3">01/</w>
 <w id="w233.1.4">185/</w>
 <w id="w233.1.5">035</w>
</s></head>

<head id="234">
<s id="s234.1">
 <w id="w234.1.1">Aranesp</w>
</s></head>

<head id="235">
<s id="s235.1">
 <w id="w235.1.1">20</w> 
 <w id="w235.1.2">µg</w>
</s></head>

<head id="236">
<s id="s236.1">
 <w id="w236.1.1">Raztopina</w> 
 <w id="w236.1.2">za</w>   
 <w id="w236.1.3">injiciranje</w>
</s></head>

<p id="237">
<s id="s237.1">
 <w id="w237.1.1">Za</w> 
 <w id="w237.1.2">subkutano</w>      
 <w id="w237.1.3">ali</w> 
 <w id="w237.1.4">intravensko</w>   
 <w id="w237.1.5">uporabo</w>
</s></p>

<p id="238">
<s id="s238.1">
 <w id="w238.1.1">(</w>
 <w id="w238.1.2">steklena</w>
 <w id="w238.1.3">)</w> 
 <w id="w238.1.4">napolnjena</w> 
 <w id="w238.1.5">brizga</w>
</s></p>

<head id="239">
<s id="s239.1">
 <w id="w239.1.1">0,</w>
 <w id="w239.1.2">5</w> 
 <w id="w239.1.3">ml</w> 
 <w id="w239.1.4">(</w>
 <w id="w239.1.5">40</w> 
 <w id="w239.1.6">µg/</w>
 <w id="w239.1.7">ml</w>
 <w id="w239.1.8">)</w>
</s></head>

<p id="240">
<s id="s240.1">
 <w id="w240.1.1">1</w> 
 <w id="w240.1.2">napolnjena</w> 
 <w id="w240.1.3">brizga</w> 
 <w id="w240.1.4">(</w>
 <w id="w240.1.5">v</w> 
 <w id="w240.1.6">nepretisni</w> 
 <w id="w240.1.7">ovojnini</w>
 <w id="w240.1.8">)</w>
</s></p>

<head id="241">
<s id="s241.1">
 <w id="w241.1.1">EU/</w>
 <w id="w241.1.2">1/</w>
 <w id="w241.1.3">01/</w>
 <w id="w241.1.4">185/</w>
 <w id="w241.1.5">036</w>
</s></head>

<head id="242">
<s id="s242.1">
 <w id="w242.1.1">Aranesp</w>
</s></head>

<head id="243">
<s id="s243.1">
 <w id="w243.1.1">30</w> 
 <w id="w243.1.2">µg</w>
</s></head>

<head id="244">
<s id="s244.1">
 <w id="w244.1.1">Raztopina</w> 
 <w id="w244.1.2">za</w>   
 <w id="w244.1.3">injiciranje</w>
</s></head>

<p id="245">
<s id="s245.1">
 <w id="w245.1.1">Za</w> 
 <w id="w245.1.2">subkutano</w>      
 <w id="w245.1.3">ali</w> 
 <w id="w245.1.4">intravensko</w>   
 <w id="w245.1.5">uporabo</w>
</s></p>

<p id="246">
<s id="s246.1">
 <w id="w246.1.1">(</w>
 <w id="w246.1.2">steklena</w>
 <w id="w246.1.3">)</w> 
 <w id="w246.1.4">napolnjena</w> 
 <w id="w246.1.5">brizga</w>
</s></p>

<head id="247">
<s id="s247.1">
 <w id="w247.1.1">0,</w>
 <w id="w247.1.2">3</w> 
 <w id="w247.1.3">ml</w> 
 <w id="w247.1.4">(</w>
 <w id="w247.1.5">100</w> 
 <w id="w247.1.6">µg/</w>
 <w id="w247.1.7">ml</w>
 <w id="w247.1.8">)</w>
</s></head>

<p id="248">
<s id="s248.1">
 <w id="w248.1.1">1</w> 
 <w id="w248.1.2">napolnjena</w> 
 <w id="w248.1.3">brizga</w> 
 <w id="w248.1.4">(</w>
 <w id="w248.1.5">v</w> 
 <w id="w248.1.6">nepretisni</w> 
 <w id="w248.1.7">ovojnini</w>
 <w id="w248.1.8">)</w>
</s></p>

<head id="249">
<s id="s249.1">
 <w id="w249.1.1">EU/</w>
 <w id="w249.1.2">1/</w>
 <w id="w249.1.3">01/</w>
 <w id="w249.1.4">185/</w>
 <w id="w249.1.5">037</w>
</s></head>

<head id="250">
<s id="s250.1">
 <w id="w250.1.1">Aranesp</w>
</s></head>

<head id="251">
<s id="s251.1">
 <w id="w251.1.1">40</w> 
 <w id="w251.1.2">µg</w>
</s></head>

<head id="252">
<s id="s252.1">
 <w id="w252.1.1">Raztopina</w> 
 <w id="w252.1.2">za</w>   
 <w id="w252.1.3">injiciranje</w>
</s></head>

<p id="253">
<s id="s253.1">
 <w id="w253.1.1">Za</w> 
 <w id="w253.1.2">subkutano</w>      
 <w id="w253.1.3">ali</w> 
 <w id="w253.1.4">intravensko</w>   
 <w id="w253.1.5">uporabo</w>
</s></p>

<p id="254">
<s id="s254.1">
 <w id="w254.1.1">(</w>
 <w id="w254.1.2">steklena</w>
 <w id="w254.1.3">)</w> 
 <w id="w254.1.4">napolnjena</w> 
 <w id="w254.1.5">brizga</w>
</s></p>

<head id="255">
<s id="s255.1">
 <w id="w255.1.1">0,</w>
 <w id="w255.1.2">4</w> 
 <w id="w255.1.3">ml</w> 
 <w id="w255.1.4">(</w>
 <w id="w255.1.5">100</w> 
 <w id="w255.1.6">µg/</w>
 <w id="w255.1.7">ml</w>
 <w id="w255.1.8">)</w>
</s></head>

<p id="256">
<s id="s256.1">
 <w id="w256.1.1">1</w> 
 <w id="w256.1.2">napolnjena</w> 
 <w id="w256.1.3">brizga</w> 
 <w id="w256.1.4">(</w>
 <w id="w256.1.5">v</w> 
 <w id="w256.1.6">nepretisni</w> 
 <w id="w256.1.7">ovojnini</w>
 <w id="w256.1.8">)</w>
</s></p>

<head id="257">
<s id="s257.1">
 <w id="w257.1.1">EU/</w>
 <w id="w257.1.2">1/</w>
 <w id="w257.1.3">01/</w>
 <w id="w257.1.4">185/</w>
 <w id="w257.1.5">038</w>
</s></head>

<head id="258">
<s id="s258.1">
 <w id="w258.1.1">Aranesp</w>
</s></head>

<head id="259">
<s id="s259.1">
 <w id="w259.1.1">50</w> 
 <w id="w259.1.2">µg</w>
</s></head>

<head id="260">
<s id="s260.1">
 <w id="w260.1.1">Raztopina</w> 
 <w id="w260.1.2">za</w>   
 <w id="w260.1.3">injiciranje</w>
</s></head>

<p id="261">
<s id="s261.1">
 <w id="w261.1.1">Za</w> 
 <w id="w261.1.2">subkutano</w>      
 <w id="w261.1.3">ali</w> 
 <w id="w261.1.4">intravensko</w>   
 <w id="w261.1.5">uporabo</w>
</s></p>

<p id="262">
<s id="s262.1">
 <w id="w262.1.1">(</w>
 <w id="w262.1.2">steklena</w>
 <w id="w262.1.3">)</w> 
 <w id="w262.1.4">napolnjena</w> 
 <w id="w262.1.5">brizga</w>
</s></p>

<head id="263">
<s id="s263.1">
 <w id="w263.1.1">0,</w>
 <w id="w263.1.2">5</w> 
 <w id="w263.1.3">ml</w> 
 <w id="w263.1.4">(</w>
 <w id="w263.1.5">100</w> 
 <w id="w263.1.6">µg/</w>
 <w id="w263.1.7">ml</w>
 <w id="w263.1.8">)</w>
</s></head>

<p id="264">
<s id="s264.1">
 <w id="w264.1.1">1</w> 
 <w id="w264.1.2">napolnjena</w> 
 <w id="w264.1.3">brizga</w> 
 <w id="w264.1.4">(</w>
 <w id="w264.1.5">v</w> 
 <w id="w264.1.6">nepretisni</w> 
 <w id="w264.1.7">ovojnini</w>
 <w id="w264.1.8">)</w>
</s></p>

<head id="265">
<s id="s265.1">
 <w id="w265.1.1">EU/</w>
 <w id="w265.1.2">1/</w>
 <w id="w265.1.3">01/</w>
 <w id="w265.1.4">185/</w>
 <w id="w265.1.5">039</w>
</s></head>

<head id="266">
<s id="s266.1">
 <w id="w266.1.1">Aranesp</w>
</s></head>

<head id="267">
<s id="s267.1">
 <w id="w267.1.1">60</w> 
 <w id="w267.1.2">µg</w>
</s></head>

<head id="268">
<s id="s268.1">
 <w id="w268.1.1">Raztopina</w> 
 <w id="w268.1.2">za</w>   
 <w id="w268.1.3">injiciranje</w>
</s></head>

<p id="269">
<s id="s269.1">
 <w id="w269.1.1">Za</w> 
 <w id="w269.1.2">subkutano</w>      
 <w id="w269.1.3">ali</w> 
 <w id="w269.1.4">intravensko</w>   
 <w id="w269.1.5">uporabo</w>
</s></p>

<p id="270">
<s id="s270.1">
 <w id="w270.1.1">(</w>
 <w id="w270.1.2">steklena</w>
 <w id="w270.1.3">)</w> 
 <w id="w270.1.4">napolnjena</w> 
 <w id="w270.1.5">brizga</w>
</s></p>

<head id="271">
<s id="s271.1">
 <w id="w271.1.1">0,</w>
 <w id="w271.1.2">3</w> 
 <w id="w271.1.3">ml</w> 
 <w id="w271.1.4">(</w>
 <w id="w271.1.5">200</w> 
 <w id="w271.1.6">µg/</w>
 <w id="w271.1.7">ml</w>
 <w id="w271.1.8">)</w>
</s></head>

<p id="272">
<s id="s272.1">
 <w id="w272.1.1">1</w> 
 <w id="w272.1.2">napolnjena</w> 
 <w id="w272.1.3">brizga</w> 
 <w id="w272.1.4">(</w>
 <w id="w272.1.5">v</w> 
 <w id="w272.1.6">nepretisni</w> 
 <w id="w272.1.7">ovojnini</w>
 <w id="w272.1.8">)</w>
</s></p>

<head id="273">
<s id="s273.1">
 <w id="w273.1.1">EU/</w>
 <w id="w273.1.2">1/</w>
 <w id="w273.1.3">01/</w>
 <w id="w273.1.4">185/</w>
 <w id="w273.1.5">040</w>
</s></head>

<head id="274">
<s id="s274.1">
 <w id="w274.1.1">Aranesp</w>
</s></head>

<head id="275">
<s id="s275.1">
 <w id="w275.1.1">80</w> 
 <w id="w275.1.2">µg</w>
</s></head>

<head id="276">
<s id="s276.1">
 <w id="w276.1.1">Raztopina</w> 
 <w id="w276.1.2">za</w>   
 <w id="w276.1.3">injiciranje</w>
</s></head>

<p id="277">
<s id="s277.1">
 <w id="w277.1.1">Za</w> 
 <w id="w277.1.2">subkutano</w>      
 <w id="w277.1.3">ali</w> 
 <w id="w277.1.4">intravensko</w>   
 <w id="w277.1.5">uporabo</w>
</s></p>

<p id="278">
<s id="s278.1">
 <w id="w278.1.1">(</w>
 <w id="w278.1.2">steklena</w>
 <w id="w278.1.3">)</w> 
 <w id="w278.1.4">napolnjena</w> 
 <w id="w278.1.5">brizga</w>
</s></p>

<head id="279">
<s id="s279.1">
 <w id="w279.1.1">0,</w>
 <w id="w279.1.2">4</w> 
 <w id="w279.1.3">ml</w> 
 <w id="w279.1.4">(</w>
 <w id="w279.1.5">200</w> 
 <w id="w279.1.6">µg/</w>
 <w id="w279.1.7">ml</w>
 <w id="w279.1.8">)</w>
</s></head>

<p id="280">
<s id="s280.1">
 <w id="w280.1.1">1</w> 
 <w id="w280.1.2">napolnjena</w> 
 <w id="w280.1.3">brizga</w> 
 <w id="w280.1.4">(</w>
 <w id="w280.1.5">v</w> 
 <w id="w280.1.6">nepretisni</w> 
 <w id="w280.1.7">ovojnini</w>
 <w id="w280.1.8">)</w>
</s></p>

<p id="281">
<s id="s281.1">
 <w id="w281.1.1">3/</w>
 <w id="w281.1.2">7</w> 
 <w id="w281.1.3">Številka</w> 
 <w id="w281.1.4">EU</w>
</s></p>

<head id="282">
<s id="s282.1">
 <w id="w282.1.1">Zaščiteno</w>   
 <w id="w282.1.2">ime</w>
</s></head>

<head id="283">
<s id="s283.1">
 <w id="w283.1.1">Jakost</w>
</s></head>

<head id="284">
<s id="s284.1">
 <w id="w284.1.1">Farmacevtska</w>   
 <w id="w284.1.2">oblika</w>
</s></head>

<head id="285">
<s id="s285.1">
 <w id="w285.1.1">Pot</w> 
 <w id="w285.1.2">uporabe</w>       
 <w id="w285.1.3">zdravila</w>
</s></head>

<head id="286">
<s id="s286.1">
 <w id="w286.1.1">Ovojnina</w>
</s></head>

<head id="287">
<s id="s287.1">
 <w id="w287.1.1">Vsebnost</w>
</s></head>

<head id="288">
<s id="s288.1">
 <w id="w288.1.1">Velikost</w> 
 <w id="w288.1.2">pakiranja</w>
</s></head>

<head id="289">
<s id="s289.1">
 <w id="w289.1.1">EU/</w>
 <w id="w289.1.2">1/</w>
 <w id="w289.1.3">01/</w>
 <w id="w289.1.4">185/</w>
 <w id="w289.1.5">041</w>
</s></head>

<head id="290">
<s id="s290.1">
 <w id="w290.1.1">Aranesp</w>
</s></head>

<head id="291">
<s id="s291.1">
 <w id="w291.1.1">100</w> 
 <w id="w291.1.2">µg</w>
</s></head>

<head id="292">
<s id="s292.1">
 <w id="w292.1.1">Raztopina</w> 
 <w id="w292.1.2">za</w>   
 <w id="w292.1.3">injiciranje</w>
</s></head>

<p id="293">
<s id="s293.1">
 <w id="w293.1.1">Za</w> 
 <w id="w293.1.2">subkutano</w>      
 <w id="w293.1.3">ali</w> 
 <w id="w293.1.4">intravensko</w>   
 <w id="w293.1.5">uporabo</w>
</s></p>

<p id="294">
<s id="s294.1">
 <w id="w294.1.1">(</w>
 <w id="w294.1.2">steklena</w>
 <w id="w294.1.3">)</w> 
 <w id="w294.1.4">napolnjena</w> 
 <w id="w294.1.5">brizga</w>
</s></p>

<head id="295">
<s id="s295.1">
 <w id="w295.1.1">0,</w>
 <w id="w295.1.2">5</w> 
 <w id="w295.1.3">ml</w> 
 <w id="w295.1.4">(</w>
 <w id="w295.1.5">200</w> 
 <w id="w295.1.6">µg/</w>
 <w id="w295.1.7">ml</w>
 <w id="w295.1.8">)</w>
</s></head>

<p id="296">
<s id="s296.1">
 <w id="w296.1.1">1</w> 
 <w id="w296.1.2">napolnjena</w> 
 <w id="w296.1.3">brizga</w> 
 <w id="w296.1.4">(</w>
 <w id="w296.1.5">v</w> 
 <w id="w296.1.6">nepretisni</w> 
 <w id="w296.1.7">ovojnini</w>
 <w id="w296.1.8">)</w>
</s></p>

<head id="297">
<s id="s297.1">
 <w id="w297.1.1">EU/</w>
 <w id="w297.1.2">1/</w>
 <w id="w297.1.3">01/</w>
 <w id="w297.1.4">185/</w>
 <w id="w297.1.5">042</w>
</s></head>

<head id="298">
<s id="s298.1">
 <w id="w298.1.1">Aranesp</w>
</s></head>

<head id="299">
<s id="s299.1">
 <w id="w299.1.1">150</w> 
 <w id="w299.1.2">µg</w>
</s></head>

<head id="300">
<s id="s300.1">
 <w id="w300.1.1">Raztopina</w> 
 <w id="w300.1.2">za</w>   
 <w id="w300.1.3">injiciranje</w>
</s></head>

<p id="301">
<s id="s301.1">
 <w id="w301.1.1">Za</w> 
 <w id="w301.1.2">subkutano</w>      
 <w id="w301.1.3">ali</w> 
 <w id="w301.1.4">intravensko</w>   
 <w id="w301.1.5">uporabo</w>
</s></p>

<p id="302">
<s id="s302.1">
 <w id="w302.1.1">(</w>
 <w id="w302.1.2">steklena</w>
 <w id="w302.1.3">)</w> 
 <w id="w302.1.4">napolnjena</w> 
 <w id="w302.1.5">brizga</w>
</s></p>

<head id="303">
<s id="s303.1">
 <w id="w303.1.1">0,</w>
 <w id="w303.1.2">3</w> 
 <w id="w303.1.3">ml</w> 
 <w id="w303.1.4">(</w>
 <w id="w303.1.5">500</w> 
 <w id="w303.1.6">µg/</w>
 <w id="w303.1.7">ml</w>
 <w id="w303.1.8">)</w>
</s></head>

<p id="304">
<s id="s304.1">
 <w id="w304.1.1">1</w> 
 <w id="w304.1.2">napolnjena</w> 
 <w id="w304.1.3">brizga</w> 
 <w id="w304.1.4">(</w>
 <w id="w304.1.5">v</w> 
 <w id="w304.1.6">nepretisni</w> 
 <w id="w304.1.7">ovojnini</w>
 <w id="w304.1.8">)</w>
</s></p>

<head id="305">
<s id="s305.1">
 <w id="w305.1.1">EU/</w>
 <w id="w305.1.2">1/</w>
 <w id="w305.1.3">01/</w>
 <w id="w305.1.4">185/</w>
 <w id="w305.1.5">043</w>
</s></head>

<head id="306">
<s id="s306.1">
 <w id="w306.1.1">Aranesp</w>
</s></head>

<head id="307">
<s id="s307.1">
 <w id="w307.1.1">300</w> 
 <w id="w307.1.2">µg</w>
</s></head>

<head id="308">
<s id="s308.1">
 <w id="w308.1.1">Raztopina</w> 
 <w id="w308.1.2">za</w>   
 <w id="w308.1.3">injiciranje</w>
</s></head>

<p id="309">
<s id="s309.1">
 <w id="w309.1.1">Za</w> 
 <w id="w309.1.2">subkutano</w>      
 <w id="w309.1.3">ali</w> 
 <w id="w309.1.4">intravensko</w>   
 <w id="w309.1.5">uporabo</w>
</s></p>

<p id="310">
<s id="s310.1">
 <w id="w310.1.1">(</w>
 <w id="w310.1.2">steklena</w>
 <w id="w310.1.3">)</w> 
 <w id="w310.1.4">napolnjena</w> 
 <w id="w310.1.5">brizga</w>
</s></p>

<head id="311">
<s id="s311.1">
 <w id="w311.1.1">0,</w>
 <w id="w311.1.2">6</w> 
 <w id="w311.1.3">ml</w> 
 <w id="w311.1.4">(</w>
 <w id="w311.1.5">500</w> 
 <w id="w311.1.6">µg/</w>
 <w id="w311.1.7">ml</w>
 <w id="w311.1.8">)</w>
</s></head>

<p id="312">
<s id="s312.1">
 <w id="w312.1.1">1</w> 
 <w id="w312.1.2">napolnjena</w> 
 <w id="w312.1.3">brizga</w> 
 <w id="w312.1.4">(</w>
 <w id="w312.1.5">v</w> 
 <w id="w312.1.6">nepretisni</w> 
 <w id="w312.1.7">ovojnini</w>
 <w id="w312.1.8">)</w>
</s></p>

<head id="313">
<s id="s313.1">
 <w id="w313.1.1">EU/</w>
 <w id="w313.1.2">1/</w>
 <w id="w313.1.3">01/</w>
 <w id="w313.1.4">185/</w>
 <w id="w313.1.5">044</w>
</s></head>

<head id="314">
<s id="s314.1">
 <w id="w314.1.1">Aranesp</w>
</s></head>

<head id="315">
<s id="s315.1">
 <w id="w315.1.1">500</w> 
 <w id="w315.1.2">µg</w>
</s></head>

<head id="316">
<s id="s316.1">
 <w id="w316.1.1">Raztopina</w> 
 <w id="w316.1.2">za</w>   
 <w id="w316.1.3">injiciranje</w>
</s></head>

<p id="317">
<s id="s317.1">
 <w id="w317.1.1">Za</w> 
 <w id="w317.1.2">subkutano</w>      
 <w id="w317.1.3">ali</w> 
 <w id="w317.1.4">intravensko</w>   
 <w id="w317.1.5">uporabo</w>
</s></p>

<p id="318">
<s id="s318.1">
 <w id="w318.1.1">(</w>
 <w id="w318.1.2">steklena</w>
 <w id="w318.1.3">)</w> 
 <w id="w318.1.4">napolnjena</w> 
 <w id="w318.1.5">brizga</w>
</s></p>

<head id="319">
<s id="s319.1">
 <w id="w319.1.1">1</w> 
 <w id="w319.1.2">ml</w> 
 <w id="w319.1.3">(</w>
 <w id="w319.1.4">500</w> 
 <w id="w319.1.5">µg/</w>
 <w id="w319.1.6">ml</w>
 <w id="w319.1.7">)</w>
</s></head>

<p id="320">
<s id="s320.1">
 <w id="w320.1.1">1</w> 
 <w id="w320.1.2">napolnjena</w> 
 <w id="w320.1.3">brizga</w> 
 <w id="w320.1.4">(</w>
 <w id="w320.1.5">v</w> 
 <w id="w320.1.6">nepretisni</w> 
 <w id="w320.1.7">ovojnini</w>
 <w id="w320.1.8">)</w>
</s></p>

<head id="321">
<s id="s321.1">
 <w id="w321.1.1">EU/</w>
 <w id="w321.1.2">1/</w>
 <w id="w321.1.3">01/</w>
 <w id="w321.1.4">185/</w>
 <w id="w321.1.5">045</w>
</s></head>

<head id="322">
<s id="s322.1">
 <w id="w322.1.1">Aranesp</w>
</s></head>

<head id="323">
<s id="s323.1">
 <w id="w323.1.1">10</w> 
 <w id="w323.1.2">µg</w>
</s></head>

<head id="324">
<s id="s324.1">
 <w id="w324.1.1">Raztopina</w> 
 <w id="w324.1.2">za</w>   
 <w id="w324.1.3">injiciranje</w>
</s></head>

<head id="325">
<s id="s325.1">
 <w id="w325.1.1">Za</w> 
 <w id="w325.1.2">subkutano</w>      
 <w id="w325.1.3">uporabo</w>
</s></head>

<p id="326">
<s id="s326.1">
 <w id="w326.1.1">(</w>
 <w id="w326.1.2">stekleni</w>
 <w id="w326.1.3">)</w> 
 <w id="w326.1.4">napolnjeni</w>          
 <w id="w326.1.5">injekcijski</w> 
 <w id="w326.1.6">peresnik</w>           
 <w id="w326.1.7">(</w>
 <w id="w326.1.8">SureClick</w>
 <w id="w326.1.9">)</w>
</s></p>

<head id="327">
<s id="s327.1">
 <w id="w327.1.1">0,</w>
 <w id="w327.1.2">4</w> 
 <w id="w327.1.3">ml</w> 
 <w id="w327.1.4">(</w>
 <w id="w327.1.5">25</w> 
 <w id="w327.1.6">µg/</w>
 <w id="w327.1.7">ml</w>
 <w id="w327.1.8">)</w>
</s></head>

<head id="328">
<s id="s328.1">
 <w id="w328.1.1">1</w> 
 <w id="w328.1.2">napolnjeni</w> 
 <w id="w328.1.3">injekcijski</w> 
 <w id="w328.1.4">peresnik</w>
</s></head>

<head id="329">
<s id="s329.1">
 <w id="w329.1.1">EU/</w>
 <w id="w329.1.2">1/</w>
 <w id="w329.1.3">01/</w>
 <w id="w329.1.4">185/</w>
 <w id="w329.1.5">046</w>
</s></head>

<head id="330">
<s id="s330.1">
 <w id="w330.1.1">Aranesp</w>
</s></head>

<head id="331">
<s id="s331.1">
 <w id="w331.1.1">15</w> 
 <w id="w331.1.2">µg</w>
</s></head>

<head id="332">
<s id="s332.1">
 <w id="w332.1.1">Raztopina</w> 
 <w id="w332.1.2">za</w>   
 <w id="w332.1.3">injiciranje</w>
</s></head>

<head id="333">
<s id="s333.1">
 <w id="w333.1.1">Za</w> 
 <w id="w333.1.2">subkutano</w>      
 <w id="w333.1.3">uporabo</w>
</s></head>

<p id="334">
<s id="s334.1">
 <w id="w334.1.1">(</w>
 <w id="w334.1.2">stekleni</w>
 <w id="w334.1.3">)</w> 
 <w id="w334.1.4">napolnjeni</w>          
 <w id="w334.1.5">injekcijski</w> 
 <w id="w334.1.6">peresnik</w>           
 <w id="w334.1.7">(</w>
 <w id="w334.1.8">SureClick</w>
 <w id="w334.1.9">)</w>
</s></p>

<head id="335">
<s id="s335.1">
 <w id="w335.1.1">0,</w>
 <w id="w335.1.2">375</w> 
 <w id="w335.1.3">ml</w> 
 <w id="w335.1.4">(</w>
 <w id="w335.1.5">40</w>         
 <w id="w335.1.6">µg/</w>
 <w id="w335.1.7">ml</w>
 <w id="w335.1.8">)</w>
</s></head>

<head id="336">
<s id="s336.1">
 <w id="w336.1.1">1</w> 
 <w id="w336.1.2">napolnjeni</w> 
 <w id="w336.1.3">injekcijski</w> 
 <w id="w336.1.4">peresnik</w>
</s></head>

<head id="337">
<s id="s337.1">
 <w id="w337.1.1">EU/</w>
 <w id="w337.1.2">1/</w>
 <w id="w337.1.3">01/</w>
 <w id="w337.1.4">185/</w>
 <w id="w337.1.5">047</w>
</s></head>

<head id="338">
<s id="s338.1">
 <w id="w338.1.1">Aranesp</w>
</s></head>

<head id="339">
<s id="s339.1">
 <w id="w339.1.1">20</w> 
 <w id="w339.1.2">µg</w>
</s></head>

<head id="340">
<s id="s340.1">
 <w id="w340.1.1">Raztopina</w> 
 <w id="w340.1.2">za</w>   
 <w id="w340.1.3">injiciranje</w>
</s></head>

<head id="341">
<s id="s341.1">
 <w id="w341.1.1">Za</w> 
 <w id="w341.1.2">subkutano</w>      
 <w id="w341.1.3">uporabo</w>
</s></head>

<p id="342">
<s id="s342.1">
 <w id="w342.1.1">(</w>
 <w id="w342.1.2">stekleni</w>
 <w id="w342.1.3">)</w> 
 <w id="w342.1.4">napolnjeni</w>          
 <w id="w342.1.5">injekcijski</w> 
 <w id="w342.1.6">peresnik</w>           
 <w id="w342.1.7">(</w>
 <w id="w342.1.8">SureClick</w>
 <w id="w342.1.9">)</w>
</s></p>

<head id="343">
<s id="s343.1">
 <w id="w343.1.1">0,</w>
 <w id="w343.1.2">5</w> 
 <w id="w343.1.3">ml</w> 
 <w id="w343.1.4">(</w>
 <w id="w343.1.5">40</w> 
 <w id="w343.1.6">µg/</w>
 <w id="w343.1.7">ml</w>
 <w id="w343.1.8">)</w>
</s></head>

<head id="344">
<s id="s344.1">
 <w id="w344.1.1">1</w> 
 <w id="w344.1.2">napolnjeni</w> 
 <w id="w344.1.3">injekcijski</w> 
 <w id="w344.1.4">peresnik</w>
</s></head>

<head id="345">
<s id="s345.1">
 <w id="w345.1.1">EU/</w>
 <w id="w345.1.2">1/</w>
 <w id="w345.1.3">01/</w>
 <w id="w345.1.4">185/</w>
 <w id="w345.1.5">048</w>
</s></head>

<head id="346">
<s id="s346.1">
 <w id="w346.1.1">Aranesp</w>
</s></head>

<head id="347">
<s id="s347.1">
 <w id="w347.1.1">30</w> 
 <w id="w347.1.2">µg</w>
</s></head>

<head id="348">
<s id="s348.1">
 <w id="w348.1.1">Raztopina</w> 
 <w id="w348.1.2">za</w>   
 <w id="w348.1.3">injiciranje</w>
</s></head>

<head id="349">
<s id="s349.1">
 <w id="w349.1.1">Za</w> 
 <w id="w349.1.2">subkutano</w>      
 <w id="w349.1.3">uporabo</w>
</s></head>

<p id="350">
<s id="s350.1">
 <w id="w350.1.1">(</w>
 <w id="w350.1.2">stekleni</w>
 <w id="w350.1.3">)</w> 
 <w id="w350.1.4">napolnjeni</w>          
 <w id="w350.1.5">injekcijski</w> 
 <w id="w350.1.6">peresnik</w>           
 <w id="w350.1.7">(</w>
 <w id="w350.1.8">SureClick</w>
 <w id="w350.1.9">)</w>
</s></p>

<head id="351">
<s id="s351.1">
 <w id="w351.1.1">0,</w>
 <w id="w351.1.2">3</w> 
 <w id="w351.1.3">ml</w> 
 <w id="w351.1.4">(</w>
 <w id="w351.1.5">100</w> 
 <w id="w351.1.6">µg/</w>
 <w id="w351.1.7">ml</w>
 <w id="w351.1.8">)</w>
</s></head>

<head id="352">
<s id="s352.1">
 <w id="w352.1.1">1</w> 
 <w id="w352.1.2">napolnjeni</w> 
 <w id="w352.1.3">injekcijski</w> 
 <w id="w352.1.4">peresnik</w>
</s></head>

<head id="353">
<s id="s353.1">
 <w id="w353.1.1">EU/</w>
 <w id="w353.1.2">1/</w>
 <w id="w353.1.3">01/</w>
 <w id="w353.1.4">185/</w>
 <w id="w353.1.5">049</w>
</s></head>

<head id="354">
<s id="s354.1">
 <w id="w354.1.1">Aranesp</w>
</s></head>

<head id="355">
<s id="s355.1">
 <w id="w355.1.1">40</w> 
 <w id="w355.1.2">µg</w>
</s></head>

<head id="356">
<s id="s356.1">
 <w id="w356.1.1">Raztopina</w> 
 <w id="w356.1.2">za</w>   
 <w id="w356.1.3">injiciranje</w>
</s></head>

<head id="357">
<s id="s357.1">
 <w id="w357.1.1">Za</w> 
 <w id="w357.1.2">subkutano</w>      
 <w id="w357.1.3">uporabo</w>
</s></head>

<p id="358">
<s id="s358.1">
 <w id="w358.1.1">(</w>
 <w id="w358.1.2">stekleni</w>
 <w id="w358.1.3">)</w> 
 <w id="w358.1.4">napolnjeni</w>          
 <w id="w358.1.5">injekcijski</w> 
 <w id="w358.1.6">peresnik</w>           
 <w id="w358.1.7">(</w>
 <w id="w358.1.8">SureClick</w>
 <w id="w358.1.9">)</w>
</s></p>

<head id="359">
<s id="s359.1">
 <w id="w359.1.1">0,</w>
 <w id="w359.1.2">4</w> 
 <w id="w359.1.3">ml</w> 
 <w id="w359.1.4">(</w>
 <w id="w359.1.5">100</w> 
 <w id="w359.1.6">µg/</w>
 <w id="w359.1.7">ml</w>
 <w id="w359.1.8">)</w>
</s></head>

<head id="360">
<s id="s360.1">
 <w id="w360.1.1">1</w> 
 <w id="w360.1.2">napolnjeni</w> 
 <w id="w360.1.3">injekcijski</w> 
 <w id="w360.1.4">peresnik</w>
</s></head>

<head id="361">
<s id="s361.1">
 <w id="w361.1.1">EU/</w>
 <w id="w361.1.2">1/</w>
 <w id="w361.1.3">01/</w>
 <w id="w361.1.4">185/</w>
 <w id="w361.1.5">050</w>
</s></head>

<head id="362">
<s id="s362.1">
 <w id="w362.1.1">Aranesp</w>
</s></head>

<head id="363">
<s id="s363.1">
 <w id="w363.1.1">50</w> 
 <w id="w363.1.2">µg</w>
</s></head>

<head id="364">
<s id="s364.1">
 <w id="w364.1.1">Raztopina</w> 
 <w id="w364.1.2">za</w>   
 <w id="w364.1.3">injiciranje</w>
</s></head>

<head id="365">
<s id="s365.1">
 <w id="w365.1.1">Za</w> 
 <w id="w365.1.2">subkutano</w>      
 <w id="w365.1.3">uporabo</w>
</s></head>

<p id="366">
<s id="s366.1">
 <w id="w366.1.1">(</w>
 <w id="w366.1.2">stekleni</w>
 <w id="w366.1.3">)</w> 
 <w id="w366.1.4">napolnjeni</w>          
 <w id="w366.1.5">injekcijski</w> 
 <w id="w366.1.6">peresnik</w>           
 <w id="w366.1.7">(</w>
 <w id="w366.1.8">SureClick</w>
 <w id="w366.1.9">)</w>
</s></p>

<head id="367">
<s id="s367.1">
 <w id="w367.1.1">0,</w>
 <w id="w367.1.2">5</w> 
 <w id="w367.1.3">ml</w> 
 <w id="w367.1.4">(</w>
 <w id="w367.1.5">100</w> 
 <w id="w367.1.6">µg/</w>
 <w id="w367.1.7">ml</w>
 <w id="w367.1.8">)</w>
</s></head>

<head id="368">
<s id="s368.1">
 <w id="w368.1.1">1</w> 
 <w id="w368.1.2">napolnjeni</w> 
 <w id="w368.1.3">injekcijski</w> 
 <w id="w368.1.4">peresnik</w>
</s></head>

<head id="369">
<s id="s369.1">
 <w id="w369.1.1">EU/</w>
 <w id="w369.1.2">1/</w>
 <w id="w369.1.3">01/</w>
 <w id="w369.1.4">185/</w>
 <w id="w369.1.5">051</w>
</s></head>

<head id="370">
<s id="s370.1">
 <w id="w370.1.1">Aranesp</w>
</s></head>

<head id="371">
<s id="s371.1">
 <w id="w371.1.1">60</w> 
 <w id="w371.1.2">µg</w>
</s></head>

<head id="372">
<s id="s372.1">
 <w id="w372.1.1">Raztopina</w> 
 <w id="w372.1.2">za</w>   
 <w id="w372.1.3">injiciranje</w>
</s></head>

<head id="373">
<s id="s373.1">
 <w id="w373.1.1">Za</w> 
 <w id="w373.1.2">subkutano</w>      
 <w id="w373.1.3">uporabo</w>
</s></head>

<p id="374">
<s id="s374.1">
 <w id="w374.1.1">(</w>
 <w id="w374.1.2">stekleni</w>
 <w id="w374.1.3">)</w> 
 <w id="w374.1.4">napolnjeni</w>          
 <w id="w374.1.5">injekcijski</w> 
 <w id="w374.1.6">peresnik</w>           
 <w id="w374.1.7">(</w>
 <w id="w374.1.8">SureClick</w>
 <w id="w374.1.9">)</w>
</s></p>

<head id="375">
<s id="s375.1">
 <w id="w375.1.1">0,</w>
 <w id="w375.1.2">3</w> 
 <w id="w375.1.3">ml</w> 
 <w id="w375.1.4">(</w>
 <w id="w375.1.5">200</w> 
 <w id="w375.1.6">µg/</w>
 <w id="w375.1.7">ml</w>
 <w id="w375.1.8">)</w>
</s></head>

<head id="376">
<s id="s376.1">
 <w id="w376.1.1">1</w> 
 <w id="w376.1.2">napolnjeni</w> 
 <w id="w376.1.3">injekcijski</w> 
 <w id="w376.1.4">peresnik</w>
</s></head>

<p id="377">
<s id="s377.1">
 <w id="w377.1.1">4/</w>
 <w id="w377.1.2">7</w> 
 <w id="w377.1.3">Številka</w> 
 <w id="w377.1.4">EU</w>
</s></p>

<head id="378">
<s id="s378.1">
 <w id="w378.1.1">Zaščiteno</w>   
 <w id="w378.1.2">ime</w>
</s></head>

<head id="379">
<s id="s379.1">
 <w id="w379.1.1">Jakost</w>
</s></head>

<head id="380">
<s id="s380.1">
 <w id="w380.1.1">Farmacevtska</w>   
 <w id="w380.1.2">oblika</w>
</s></head>

<head id="381">
<s id="s381.1">
 <w id="w381.1.1">Pot</w> 
 <w id="w381.1.2">uporabe</w>    
 <w id="w381.1.3">zdravila</w>
</s></head>

<head id="382">
<s id="s382.1">
 <w id="w382.1.1">Ovojnina</w>
</s></head>

<head id="383">
<s id="s383.1">
 <w id="w383.1.1">Vsebnost</w>
</s></head>

<head id="384">
<s id="s384.1">
 <w id="w384.1.1">Velikost</w> 
 <w id="w384.1.2">pakiranja</w>
</s></head>

<head id="385">
<s id="s385.1">
 <w id="w385.1.1">EU/</w>
 <w id="w385.1.2">1/</w>
 <w id="w385.1.3">01/</w>
 <w id="w385.1.4">185/</w>
 <w id="w385.1.5">052</w>
</s></head>

<head id="386">
<s id="s386.1">
 <w id="w386.1.1">Aranesp</w>
</s></head>

<head id="387">
<s id="s387.1">
 <w id="w387.1.1">80</w> 
 <w id="w387.1.2">µg</w>
</s></head>

<head id="388">
<s id="s388.1">
 <w id="w388.1.1">Raztopina</w> 
 <w id="w388.1.2">za</w>   
 <w id="w388.1.3">injiciranje</w>
</s></head>

<head id="389">
<s id="s389.1">
 <w id="w389.1.1">Za</w> 
 <w id="w389.1.2">subkutano</w>   
 <w id="w389.1.3">uporabo</w>
</s></head>

<p id="390">
<s id="s390.1">
 <w id="w390.1.1">(</w>
 <w id="w390.1.2">stekleni</w>
 <w id="w390.1.3">)</w> 
 <w id="w390.1.4">napolnjeni</w>   
 <w id="w390.1.5">injekcijski</w> 
 <w id="w390.1.6">peresnik</w>    
 <w id="w390.1.7">(</w>
 <w id="w390.1.8">SureClick</w>
 <w id="w390.1.9">)</w>
</s></p>

<head id="391">
<s id="s391.1">
 <w id="w391.1.1">0,</w>
 <w id="w391.1.2">4</w> 
 <w id="w391.1.3">ml</w> 
 <w id="w391.1.4">(</w>
 <w id="w391.1.5">200</w> 
 <w id="w391.1.6">µg/</w>
 <w id="w391.1.7">ml</w>
 <w id="w391.1.8">)</w>
</s></head>

<head id="392">
<s id="s392.1">
 <w id="w392.1.1">1</w> 
 <w id="w392.1.2">napolnjeni</w> 
 <w id="w392.1.3">injekcijski</w> 
 <w id="w392.1.4">peresnik</w>
</s></head>

<head id="393">
<s id="s393.1">
 <w id="w393.1.1">EU/</w>
 <w id="w393.1.2">1/</w>
 <w id="w393.1.3">01/</w>
 <w id="w393.1.4">185/</w>
 <w id="w393.1.5">053</w>
</s></head>

<head id="394">
<s id="s394.1">
 <w id="w394.1.1">Aranesp</w>
</s></head>

<head id="395">
<s id="s395.1">
 <w id="w395.1.1">100</w> 
 <w id="w395.1.2">µg</w>
</s></head>

<head id="396">
<s id="s396.1">
 <w id="w396.1.1">Raztopina</w> 
 <w id="w396.1.2">za</w>   
 <w id="w396.1.3">injiciranje</w>
</s></head>

<head id="397">
<s id="s397.1">
 <w id="w397.1.1">Za</w> 
 <w id="w397.1.2">subkutano</w>   
 <w id="w397.1.3">uporabo</w>
</s></head>

<p id="398">
<s id="s398.1">
 <w id="w398.1.1">(</w>
 <w id="w398.1.2">stekleni</w>
 <w id="w398.1.3">)</w> 
 <w id="w398.1.4">napolnjeni</w>   
 <w id="w398.1.5">injekcijski</w> 
 <w id="w398.1.6">peresnik</w>    
 <w id="w398.1.7">(</w>
 <w id="w398.1.8">SureClick</w>
 <w id="w398.1.9">)</w>
</s></p>

<head id="399">
<s id="s399.1">
 <w id="w399.1.1">0,</w>
 <w id="w399.1.2">5</w> 
 <w id="w399.1.3">ml</w> 
 <w id="w399.1.4">(</w>
 <w id="w399.1.5">200</w> 
 <w id="w399.1.6">µg/</w>
 <w id="w399.1.7">ml</w>
 <w id="w399.1.8">)</w>
</s></head>

<head id="400">
<s id="s400.1">
 <w id="w400.1.1">1</w> 
 <w id="w400.1.2">napolnjeni</w> 
 <w id="w400.1.3">injekcijski</w> 
 <w id="w400.1.4">peresnik</w>
</s></head>

<head id="401">
<s id="s401.1">
 <w id="w401.1.1">EU/</w>
 <w id="w401.1.2">1/</w>
 <w id="w401.1.3">01/</w>
 <w id="w401.1.4">185/</w>
 <w id="w401.1.5">054</w>
</s></head>

<head id="402">
<s id="s402.1">
 <w id="w402.1.1">Aranesp</w>
</s></head>

<head id="403">
<s id="s403.1">
 <w id="w403.1.1">150</w> 
 <w id="w403.1.2">µg</w>
</s></head>

<head id="404">
<s id="s404.1">
 <w id="w404.1.1">Raztopina</w> 
 <w id="w404.1.2">za</w>   
 <w id="w404.1.3">injiciranje</w>
</s></head>

<head id="405">
<s id="s405.1">
 <w id="w405.1.1">Za</w> 
 <w id="w405.1.2">subkutano</w>   
 <w id="w405.1.3">uporabo</w>
</s></head>

<p id="406">
<s id="s406.1">
 <w id="w406.1.1">(</w>
 <w id="w406.1.2">stekleni</w>
 <w id="w406.1.3">)</w> 
 <w id="w406.1.4">napolnjeni</w>   
 <w id="w406.1.5">injekcijski</w> 
 <w id="w406.1.6">peresnik</w>    
 <w id="w406.1.7">(</w>
 <w id="w406.1.8">SureClick</w>
 <w id="w406.1.9">)</w>
</s></p>

<head id="407">
<s id="s407.1">
 <w id="w407.1.1">0,</w>
 <w id="w407.1.2">3</w> 
 <w id="w407.1.3">ml</w> 
 <w id="w407.1.4">(</w>
 <w id="w407.1.5">500</w> 
 <w id="w407.1.6">µg/</w>
 <w id="w407.1.7">ml</w>
 <w id="w407.1.8">)</w>
</s></head>

<head id="408">
<s id="s408.1">
 <w id="w408.1.1">1</w> 
 <w id="w408.1.2">napolnjeni</w> 
 <w id="w408.1.3">injekcijski</w> 
 <w id="w408.1.4">peresnik</w>
</s></head>

<head id="409">
<s id="s409.1">
 <w id="w409.1.1">EU/</w>
 <w id="w409.1.2">1/</w>
 <w id="w409.1.3">01/</w>
 <w id="w409.1.4">185/</w>
 <w id="w409.1.5">055</w>
</s></head>

<head id="410">
<s id="s410.1">
 <w id="w410.1.1">Aranesp</w>
</s></head>

<head id="411">
<s id="s411.1">
 <w id="w411.1.1">300</w> 
 <w id="w411.1.2">µg</w>
</s></head>

<head id="412">
<s id="s412.1">
 <w id="w412.1.1">Raztopina</w> 
 <w id="w412.1.2">za</w>   
 <w id="w412.1.3">injiciranje</w>
</s></head>

<head id="413">
<s id="s413.1">
 <w id="w413.1.1">Za</w> 
 <w id="w413.1.2">subkutano</w>   
 <w id="w413.1.3">uporabo</w>
</s></head>

<p id="414">
<s id="s414.1">
 <w id="w414.1.1">(</w>
 <w id="w414.1.2">stekleni</w>
 <w id="w414.1.3">)</w> 
 <w id="w414.1.4">napolnjeni</w>   
 <w id="w414.1.5">injekcijski</w> 
 <w id="w414.1.6">peresnik</w>    
 <w id="w414.1.7">(</w>
 <w id="w414.1.8">SureClick</w>
 <w id="w414.1.9">)</w>
</s></p>

<head id="415">
<s id="s415.1">
 <w id="w415.1.1">0,</w>
 <w id="w415.1.2">6</w> 
 <w id="w415.1.3">ml</w> 
 <w id="w415.1.4">(</w>
 <w id="w415.1.5">500</w> 
 <w id="w415.1.6">µg/</w>
 <w id="w415.1.7">ml</w>
 <w id="w415.1.8">)</w>
</s></head>

<head id="416">
<s id="s416.1">
 <w id="w416.1.1">1</w> 
 <w id="w416.1.2">napolnjeni</w> 
 <w id="w416.1.3">injekcijski</w> 
 <w id="w416.1.4">peresnik</w>
</s></head>

<head id="417">
<s id="s417.1">
 <w id="w417.1.1">EU/</w>
 <w id="w417.1.2">1/</w>
 <w id="w417.1.3">01/</w>
 <w id="w417.1.4">185/</w>
 <w id="w417.1.5">056</w>
</s></head>

<head id="418">
<s id="s418.1">
 <w id="w418.1.1">Aranesp</w>
</s></head>

<head id="419">
<s id="s419.1">
 <w id="w419.1.1">500</w> 
 <w id="w419.1.2">µg</w>
</s></head>

<head id="420">
<s id="s420.1">
 <w id="w420.1.1">Raztopina</w> 
 <w id="w420.1.2">za</w>   
 <w id="w420.1.3">injiciranje</w>
</s></head>

<head id="421">
<s id="s421.1">
 <w id="w421.1.1">Za</w> 
 <w id="w421.1.2">subkutano</w>   
 <w id="w421.1.3">uporabo</w>
</s></head>

<p id="422">
<s id="s422.1">
 <w id="w422.1.1">(</w>
 <w id="w422.1.2">stekleni</w>
 <w id="w422.1.3">)</w> 
 <w id="w422.1.4">napolnjeni</w>   
 <w id="w422.1.5">injekcijski</w> 
 <w id="w422.1.6">peresnik</w>    
 <w id="w422.1.7">(</w>
 <w id="w422.1.8">SureClick</w>
 <w id="w422.1.9">)</w>
</s></p>

<head id="423">
<s id="s423.1">
 <w id="w423.1.1">1</w> 
 <w id="w423.1.2">ml</w> 
 <w id="w423.1.3">(</w>
 <w id="w423.1.4">500</w> 
 <w id="w423.1.5">µg/</w>
 <w id="w423.1.6">ml</w>
 <w id="w423.1.7">)</w>
</s></head>

<head id="424">
<s id="s424.1">
 <w id="w424.1.1">1</w> 
 <w id="w424.1.2">napolnjeni</w> 
 <w id="w424.1.3">injekcijski</w> 
 <w id="w424.1.4">peresnik</w>
</s></head>

<head id="425">
<s id="s425.1">
 <w id="w425.1.1">EU/</w>
 <w id="w425.1.2">1/</w>
 <w id="w425.1.3">01/</w>
 <w id="w425.1.4">185/</w>
 <w id="w425.1.5">057</w>
</s></head>

<head id="426">
<s id="s426.1">
 <w id="w426.1.1">Aranesp</w>
</s></head>

<head id="427">
<s id="s427.1">
 <w id="w427.1.1">10</w> 
 <w id="w427.1.2">µg</w>
</s></head>

<head id="428">
<s id="s428.1">
 <w id="w428.1.1">Raztopina</w> 
 <w id="w428.1.2">za</w>   
 <w id="w428.1.3">injiciranje</w>
</s></head>

<head id="429">
<s id="s429.1">
 <w id="w429.1.1">Za</w> 
 <w id="w429.1.2">subkutano</w>   
 <w id="w429.1.3">uporabo</w>
</s></head>

<p id="430">
<s id="s430.1">
 <w id="w430.1.1">(</w>
 <w id="w430.1.2">stekleni</w>
 <w id="w430.1.3">)</w> 
 <w id="w430.1.4">napolnjeni</w>   
 <w id="w430.1.5">injekcijski</w> 
 <w id="w430.1.6">peresnik</w>    
 <w id="w430.1.7">(</w>
 <w id="w430.1.8">SureClick</w>
 <w id="w430.1.9">)</w>
</s></p>

<head id="431">
<s id="s431.1">
 <w id="w431.1.1">0,</w>
 <w id="w431.1.2">4</w> 
 <w id="w431.1.3">ml</w> 
 <w id="w431.1.4">(</w>
 <w id="w431.1.5">25</w> 
 <w id="w431.1.6">µg/</w>
 <w id="w431.1.7">ml</w>
 <w id="w431.1.8">)</w>
</s></head>

<head id="432">
<s id="s432.1">
 <w id="w432.1.1">4</w> 
 <w id="w432.1.2">napolnjeni</w> 
 <w id="w432.1.3">injekcijski</w> 
 <w id="w432.1.4">peresniki</w>
</s></head>

<head id="433">
<s id="s433.1">
 <w id="w433.1.1">EU/</w>
 <w id="w433.1.2">1/</w>
 <w id="w433.1.3">01/</w>
 <w id="w433.1.4">185/</w>
 <w id="w433.1.5">058</w>
</s></head>

<head id="434">
<s id="s434.1">
 <w id="w434.1.1">Aranesp</w>
</s></head>

<head id="435">
<s id="s435.1">
 <w id="w435.1.1">15</w> 
 <w id="w435.1.2">µg</w>
</s></head>

<head id="436">
<s id="s436.1">
 <w id="w436.1.1">Raztopina</w> 
 <w id="w436.1.2">za</w>   
 <w id="w436.1.3">injiciranje</w>
</s></head>

<head id="437">
<s id="s437.1">
 <w id="w437.1.1">Za</w> 
 <w id="w437.1.2">subkutano</w>   
 <w id="w437.1.3">uporabo</w>
</s></head>

<p id="438">
<s id="s438.1">
 <w id="w438.1.1">(</w>
 <w id="w438.1.2">stekleni</w>
 <w id="w438.1.3">)</w> 
 <w id="w438.1.4">napolnjeni</w>   
 <w id="w438.1.5">injekcijski</w> 
 <w id="w438.1.6">peresnik</w>    
 <w id="w438.1.7">(</w>
 <w id="w438.1.8">SureClick</w>
 <w id="w438.1.9">)</w>
</s></p>

<head id="439">
<s id="s439.1">
 <w id="w439.1.1">0,</w>
 <w id="w439.1.2">375</w> 
 <w id="w439.1.3">ml</w> 
 <w id="w439.1.4">(</w>
 <w id="w439.1.5">40</w>         
 <w id="w439.1.6">µg/</w>
 <w id="w439.1.7">ml</w>
 <w id="w439.1.8">)</w>
</s></head>

<head id="440">
<s id="s440.1">
 <w id="w440.1.1">4</w> 
 <w id="w440.1.2">napolnjeni</w> 
 <w id="w440.1.3">injekcijski</w> 
 <w id="w440.1.4">peresniki</w>
</s></head>

<head id="441">
<s id="s441.1">
 <w id="w441.1.1">EU/</w>
 <w id="w441.1.2">1/</w>
 <w id="w441.1.3">01/</w>
 <w id="w441.1.4">185/</w>
 <w id="w441.1.5">059</w>
</s></head>

<head id="442">
<s id="s442.1">
 <w id="w442.1.1">Aranesp</w>
</s></head>

<head id="443">
<s id="s443.1">
 <w id="w443.1.1">20</w> 
 <w id="w443.1.2">µg</w>
</s></head>

<head id="444">
<s id="s444.1">
 <w id="w444.1.1">Raztopina</w> 
 <w id="w444.1.2">za</w>   
 <w id="w444.1.3">injiciranje</w>
</s></head>

<head id="445">
<s id="s445.1">
 <w id="w445.1.1">Za</w> 
 <w id="w445.1.2">subkutano</w>   
 <w id="w445.1.3">uporabo</w>
</s></head>

<p id="446">
<s id="s446.1">
 <w id="w446.1.1">(</w>
 <w id="w446.1.2">stekleni</w>
 <w id="w446.1.3">)</w> 
 <w id="w446.1.4">napolnjeni</w>   
 <w id="w446.1.5">injekcijski</w> 
 <w id="w446.1.6">peresnik</w>    
 <w id="w446.1.7">(</w>
 <w id="w446.1.8">SureClick</w>
 <w id="w446.1.9">)</w>
</s></p>

<head id="447">
<s id="s447.1">
 <w id="w447.1.1">0,</w>
 <w id="w447.1.2">5</w> 
 <w id="w447.1.3">ml</w> 
 <w id="w447.1.4">(</w>
 <w id="w447.1.5">40</w> 
 <w id="w447.1.6">µg/</w>
 <w id="w447.1.7">ml</w>
 <w id="w447.1.8">)</w>
</s></head>

<head id="448">
<s id="s448.1">
 <w id="w448.1.1">4</w> 
 <w id="w448.1.2">napolnjeni</w> 
 <w id="w448.1.3">injekcijski</w> 
 <w id="w448.1.4">peresniki</w>
</s></head>

<head id="449">
<s id="s449.1">
 <w id="w449.1.1">EU/</w>
 <w id="w449.1.2">1/</w>
 <w id="w449.1.3">01/</w>
 <w id="w449.1.4">185/</w>
 <w id="w449.1.5">060</w>
</s></head>

<head id="450">
<s id="s450.1">
 <w id="w450.1.1">Aranesp</w>
</s></head>

<head id="451">
<s id="s451.1">
 <w id="w451.1.1">30</w> 
 <w id="w451.1.2">µg</w>
</s></head>

<head id="452">
<s id="s452.1">
 <w id="w452.1.1">Raztopina</w> 
 <w id="w452.1.2">za</w>   
 <w id="w452.1.3">injiciranje</w>
</s></head>

<head id="453">
<s id="s453.1">
 <w id="w453.1.1">Za</w> 
 <w id="w453.1.2">subkutano</w>   
 <w id="w453.1.3">uporabo</w>
</s></head>

<p id="454">
<s id="s454.1">
 <w id="w454.1.1">(</w>
 <w id="w454.1.2">stekleni</w>
 <w id="w454.1.3">)</w> 
 <w id="w454.1.4">napolnjeni</w>   
 <w id="w454.1.5">injekcijski</w> 
 <w id="w454.1.6">peresnik</w>    
 <w id="w454.1.7">(</w>
 <w id="w454.1.8">SureClick</w>
 <w id="w454.1.9">)</w>
</s></p>

<head id="455">
<s id="s455.1">
 <w id="w455.1.1">0,</w>
 <w id="w455.1.2">3</w> 
 <w id="w455.1.3">ml</w> 
 <w id="w455.1.4">(</w>
 <w id="w455.1.5">100</w> 
 <w id="w455.1.6">µg/</w>
 <w id="w455.1.7">ml</w>
 <w id="w455.1.8">)</w>
</s></head>

<head id="456">
<s id="s456.1">
 <w id="w456.1.1">4</w> 
 <w id="w456.1.2">napolnjeni</w> 
 <w id="w456.1.3">injekcijski</w> 
 <w id="w456.1.4">peresniki</w>
</s></head>

<head id="457">
<s id="s457.1">
 <w id="w457.1.1">EU/</w>
 <w id="w457.1.2">1/</w>
 <w id="w457.1.3">01/</w>
 <w id="w457.1.4">185/</w>
 <w id="w457.1.5">061</w>
</s></head>

<head id="458">
<s id="s458.1">
 <w id="w458.1.1">Aranesp</w>
</s></head>

<head id="459">
<s id="s459.1">
 <w id="w459.1.1">40</w> 
 <w id="w459.1.2">µg</w>
</s></head>

<head id="460">
<s id="s460.1">
 <w id="w460.1.1">Raztopina</w> 
 <w id="w460.1.2">za</w>   
 <w id="w460.1.3">injiciranje</w>
</s></head>

<head id="461">
<s id="s461.1">
 <w id="w461.1.1">Za</w> 
 <w id="w461.1.2">subkutano</w>   
 <w id="w461.1.3">uporabo</w>
</s></head>

<p id="462">
<s id="s462.1">
 <w id="w462.1.1">(</w>
 <w id="w462.1.2">stekleni</w>
 <w id="w462.1.3">)</w> 
 <w id="w462.1.4">napolnjeni</w>   
 <w id="w462.1.5">injekcijski</w> 
 <w id="w462.1.6">peresnik</w>    
 <w id="w462.1.7">(</w>
 <w id="w462.1.8">SureClick</w>
 <w id="w462.1.9">)</w>
</s></p>

<head id="463">
<s id="s463.1">
 <w id="w463.1.1">0,</w>
 <w id="w463.1.2">4</w> 
 <w id="w463.1.3">ml</w> 
 <w id="w463.1.4">(</w>
 <w id="w463.1.5">100</w> 
 <w id="w463.1.6">µg/</w>
 <w id="w463.1.7">ml</w>
 <w id="w463.1.8">)</w>
</s></head>

<head id="464">
<s id="s464.1">
 <w id="w464.1.1">4</w> 
 <w id="w464.1.2">napolnjeni</w> 
 <w id="w464.1.3">injekcijski</w> 
 <w id="w464.1.4">peresniki</w>
</s></head>

<head id="465">
<s id="s465.1">
 <w id="w465.1.1">EU/</w>
 <w id="w465.1.2">1/</w>
 <w id="w465.1.3">01/</w>
 <w id="w465.1.4">185/</w>
 <w id="w465.1.5">062</w>
</s></head>

<head id="466">
<s id="s466.1">
 <w id="w466.1.1">Aranesp</w>
</s></head>

<head id="467">
<s id="s467.1">
 <w id="w467.1.1">50</w> 
 <w id="w467.1.2">µg</w>
</s></head>

<head id="468">
<s id="s468.1">
 <w id="w468.1.1">Raztopina</w> 
 <w id="w468.1.2">za</w>   
 <w id="w468.1.3">injiciranje</w>
</s></head>

<head id="469">
<s id="s469.1">
 <w id="w469.1.1">Za</w> 
 <w id="w469.1.2">subkutano</w>   
 <w id="w469.1.3">uporabo</w>
</s></head>

<p id="470">
<s id="s470.1">
 <w id="w470.1.1">(</w>
 <w id="w470.1.2">stekleni</w>
 <w id="w470.1.3">)</w> 
 <w id="w470.1.4">napolnjeni</w>   
 <w id="w470.1.5">injekcijski</w> 
 <w id="w470.1.6">peresnik</w>    
 <w id="w470.1.7">(</w>
 <w id="w470.1.8">SureClick</w>
 <w id="w470.1.9">)</w>
</s></p>

<head id="471">
<s id="s471.1">
 <w id="w471.1.1">0,</w>
 <w id="w471.1.2">5</w> 
 <w id="w471.1.3">ml</w> 
 <w id="w471.1.4">(</w>
 <w id="w471.1.5">100</w> 
 <w id="w471.1.6">µg/</w>
 <w id="w471.1.7">ml</w>
 <w id="w471.1.8">)</w>
</s></head>

<head id="472">
<s id="s472.1">
 <w id="w472.1.1">4</w> 
 <w id="w472.1.2">napolnjeni</w> 
 <w id="w472.1.3">injekcijski</w> 
 <w id="w472.1.4">peresniki</w>
</s></head>

<p id="473">
<s id="s473.1">
 <w id="w473.1.1">5/</w>
 <w id="w473.1.2">7</w> 
 <w id="w473.1.3">Številka</w> 
 <w id="w473.1.4">EU</w>
</s></p>

<head id="474">
<s id="s474.1">
 <w id="w474.1.1">Zaščiteno</w>   
 <w id="w474.1.2">ime</w>
</s></head>

<head id="475">
<s id="s475.1">
 <w id="w475.1.1">Jakost</w>
</s></head>

<head id="476">
<s id="s476.1">
 <w id="w476.1.1">Farmacevtska</w>   
 <w id="w476.1.2">oblika</w>
</s></head>

<head id="477">
<s id="s477.1">
 <w id="w477.1.1">Pot</w> 
 <w id="w477.1.2">uporabe</w>       
 <w id="w477.1.3">zdravila</w>
</s></head>

<head id="478">
<s id="s478.1">
 <w id="w478.1.1">Ovojnina</w>
</s></head>

<head id="479">
<s id="s479.1">
 <w id="w479.1.1">Vsebnost</w>
</s></head>

<head id="480">
<s id="s480.1">
 <w id="w480.1.1">Velikost</w> 
 <w id="w480.1.2">pakiranja</w>
</s></head>

<head id="481">
<s id="s481.1">
 <w id="w481.1.1">EU/</w>
 <w id="w481.1.2">1/</w>
 <w id="w481.1.3">01/</w>
 <w id="w481.1.4">185/</w>
 <w id="w481.1.5">063</w>
</s></head>

<head id="482">
<s id="s482.1">
 <w id="w482.1.1">Aranesp</w>
</s></head>

<head id="483">
<s id="s483.1">
 <w id="w483.1.1">60</w> 
 <w id="w483.1.2">µg</w>
</s></head>

<head id="484">
<s id="s484.1">
 <w id="w484.1.1">Raztopina</w> 
 <w id="w484.1.2">za</w>   
 <w id="w484.1.3">injiciranje</w>
</s></head>

<head id="485">
<s id="s485.1">
 <w id="w485.1.1">Za</w> 
 <w id="w485.1.2">subkutano</w>      
 <w id="w485.1.3">uporabo</w>
</s></head>

<p id="486">
<s id="s486.1">
 <w id="w486.1.1">(</w>
 <w id="w486.1.2">stekleni</w>
 <w id="w486.1.3">)</w> 
 <w id="w486.1.4">napolnjeni</w>          
 <w id="w486.1.5">injekcijski</w> 
 <w id="w486.1.6">peresnik</w>           
 <w id="w486.1.7">(</w>
 <w id="w486.1.8">SureClick</w>
 <w id="w486.1.9">)</w>
</s></p>

<head id="487">
<s id="s487.1">
 <w id="w487.1.1">0,</w>
 <w id="w487.1.2">3</w> 
 <w id="w487.1.3">ml</w> 
 <w id="w487.1.4">(</w>
 <w id="w487.1.5">200</w> 
 <w id="w487.1.6">µg/</w>
 <w id="w487.1.7">ml</w>
 <w id="w487.1.8">)</w>
</s></head>

<head id="488">
<s id="s488.1">
 <w id="w488.1.1">4</w> 
 <w id="w488.1.2">napolnjeni</w> 
 <w id="w488.1.3">injekcijski</w> 
 <w id="w488.1.4">peresniki</w>
</s></head>

<head id="489">
<s id="s489.1">
 <w id="w489.1.1">EU/</w>
 <w id="w489.1.2">1/</w>
 <w id="w489.1.3">01/</w>
 <w id="w489.1.4">185/</w>
 <w id="w489.1.5">064</w>
</s></head>

<head id="490">
<s id="s490.1">
 <w id="w490.1.1">Aranesp</w>
</s></head>

<head id="491">
<s id="s491.1">
 <w id="w491.1.1">80</w> 
 <w id="w491.1.2">µg</w>
</s></head>

<head id="492">
<s id="s492.1">
 <w id="w492.1.1">Raztopina</w> 
 <w id="w492.1.2">za</w>   
 <w id="w492.1.3">injiciranje</w>
</s></head>

<head id="493">
<s id="s493.1">
 <w id="w493.1.1">Za</w> 
 <w id="w493.1.2">subkutano</w>      
 <w id="w493.1.3">uporabo</w>
</s></head>

<p id="494">
<s id="s494.1">
 <w id="w494.1.1">(</w>
 <w id="w494.1.2">stekleni</w>
 <w id="w494.1.3">)</w> 
 <w id="w494.1.4">napolnjeni</w>          
 <w id="w494.1.5">injekcijski</w> 
 <w id="w494.1.6">peresnik</w>           
 <w id="w494.1.7">(</w>
 <w id="w494.1.8">SureClick</w>
 <w id="w494.1.9">)</w>
</s></p>

<head id="495">
<s id="s495.1">
 <w id="w495.1.1">0,</w>
 <w id="w495.1.2">4</w> 
 <w id="w495.1.3">ml</w> 
 <w id="w495.1.4">(</w>
 <w id="w495.1.5">200</w> 
 <w id="w495.1.6">µg/</w>
 <w id="w495.1.7">ml</w>
 <w id="w495.1.8">)</w>
</s></head>

<head id="496">
<s id="s496.1">
 <w id="w496.1.1">4</w> 
 <w id="w496.1.2">napolnjeni</w> 
 <w id="w496.1.3">injekcijski</w> 
 <w id="w496.1.4">peresniki</w>
</s></head>

<head id="497">
<s id="s497.1">
 <w id="w497.1.1">EU/</w>
 <w id="w497.1.2">1/</w>
 <w id="w497.1.3">01/</w>
 <w id="w497.1.4">185/</w>
 <w id="w497.1.5">065</w>
</s></head>

<head id="498">
<s id="s498.1">
 <w id="w498.1.1">Aranesp</w>
</s></head>

<head id="499">
<s id="s499.1">
 <w id="w499.1.1">100</w> 
 <w id="w499.1.2">µg</w>
</s></head>

<head id="500">
<s id="s500.1">
 <w id="w500.1.1">Raztopina</w> 
 <w id="w500.1.2">za</w>   
 <w id="w500.1.3">injiciranje</w>
</s></head>

<head id="501">
<s id="s501.1">
 <w id="w501.1.1">Za</w> 
 <w id="w501.1.2">subkutano</w>      
 <w id="w501.1.3">uporabo</w>
</s></head>

<p id="502">
<s id="s502.1">
 <w id="w502.1.1">(</w>
 <w id="w502.1.2">stekleni</w>
 <w id="w502.1.3">)</w> 
 <w id="w502.1.4">napolnjeni</w>          
 <w id="w502.1.5">injekcijski</w> 
 <w id="w502.1.6">peresnik</w>           
 <w id="w502.1.7">(</w>
 <w id="w502.1.8">SureClick</w>
 <w id="w502.1.9">)</w>
</s></p>

<head id="503">
<s id="s503.1">
 <w id="w503.1.1">0,</w>
 <w id="w503.1.2">5</w> 
 <w id="w503.1.3">ml</w> 
 <w id="w503.1.4">(</w>
 <w id="w503.1.5">200</w> 
 <w id="w503.1.6">µg/</w>
 <w id="w503.1.7">ml</w>
 <w id="w503.1.8">)</w>
</s></head>

<head id="504">
<s id="s504.1">
 <w id="w504.1.1">4</w> 
 <w id="w504.1.2">napolnjeni</w> 
 <w id="w504.1.3">injekcijski</w> 
 <w id="w504.1.4">peresniki</w>
</s></head>

<head id="505">
<s id="s505.1">
 <w id="w505.1.1">EU/</w>
 <w id="w505.1.2">1/</w>
 <w id="w505.1.3">01/</w>
 <w id="w505.1.4">185/</w>
 <w id="w505.1.5">066</w>
</s></head>

<head id="506">
<s id="s506.1">
 <w id="w506.1.1">Aranesp</w>
</s></head>

<head id="507">
<s id="s507.1">
 <w id="w507.1.1">150</w> 
 <w id="w507.1.2">µg</w>
</s></head>

<head id="508">
<s id="s508.1">
 <w id="w508.1.1">Raztopina</w> 
 <w id="w508.1.2">za</w>   
 <w id="w508.1.3">injiciranje</w>
</s></head>

<head id="509">
<s id="s509.1">
 <w id="w509.1.1">Za</w> 
 <w id="w509.1.2">subkutano</w>      
 <w id="w509.1.3">uporabo</w>
</s></head>

<p id="510">
<s id="s510.1">
 <w id="w510.1.1">(</w>
 <w id="w510.1.2">stekleni</w>
 <w id="w510.1.3">)</w> 
 <w id="w510.1.4">napolnjeni</w>          
 <w id="w510.1.5">injekcijski</w> 
 <w id="w510.1.6">peresnik</w>           
 <w id="w510.1.7">(</w>
 <w id="w510.1.8">SureClick</w>
 <w id="w510.1.9">)</w>
</s></p>

<head id="511">
<s id="s511.1">
 <w id="w511.1.1">0,</w>
 <w id="w511.1.2">3</w> 
 <w id="w511.1.3">ml</w> 
 <w id="w511.1.4">(</w>
 <w id="w511.1.5">500</w> 
 <w id="w511.1.6">µg/</w>
 <w id="w511.1.7">ml</w>
 <w id="w511.1.8">)</w>
</s></head>

<head id="512">
<s id="s512.1">
 <w id="w512.1.1">4</w> 
 <w id="w512.1.2">napolnjeni</w> 
 <w id="w512.1.3">injekcijski</w> 
 <w id="w512.1.4">peresniki</w>
</s></head>

<head id="513">
<s id="s513.1">
 <w id="w513.1.1">EU/</w>
 <w id="w513.1.2">1/</w>
 <w id="w513.1.3">01/</w>
 <w id="w513.1.4">185/</w>
 <w id="w513.1.5">067</w>
</s></head>

<head id="514">
<s id="s514.1">
 <w id="w514.1.1">Aranesp</w>
</s></head>

<head id="515">
<s id="s515.1">
 <w id="w515.1.1">300</w> 
 <w id="w515.1.2">µg</w>
</s></head>

<head id="516">
<s id="s516.1">
 <w id="w516.1.1">Raztopina</w> 
 <w id="w516.1.2">za</w>   
 <w id="w516.1.3">injiciranje</w>
</s></head>

<head id="517">
<s id="s517.1">
 <w id="w517.1.1">Za</w> 
 <w id="w517.1.2">subkutano</w>      
 <w id="w517.1.3">uporabo</w>
</s></head>

<p id="518">
<s id="s518.1">
 <w id="w518.1.1">(</w>
 <w id="w518.1.2">stekleni</w>
 <w id="w518.1.3">)</w> 
 <w id="w518.1.4">napolnjeni</w>          
 <w id="w518.1.5">injekcijski</w> 
 <w id="w518.1.6">peresnik</w>           
 <w id="w518.1.7">(</w>
 <w id="w518.1.8">SureClick</w>
 <w id="w518.1.9">)</w>
</s></p>

<head id="519">
<s id="s519.1">
 <w id="w519.1.1">0,</w>
 <w id="w519.1.2">6</w> 
 <w id="w519.1.3">ml</w> 
 <w id="w519.1.4">(</w>
 <w id="w519.1.5">500</w> 
 <w id="w519.1.6">µg/</w>
 <w id="w519.1.7">ml</w>
 <w id="w519.1.8">)</w>
</s></head>

<head id="520">
<s id="s520.1">
 <w id="w520.1.1">4</w> 
 <w id="w520.1.2">napolnjeni</w> 
 <w id="w520.1.3">injekcijski</w> 
 <w id="w520.1.4">peresniki</w>
</s></head>

<head id="521">
<s id="s521.1">
 <w id="w521.1.1">EU/</w>
 <w id="w521.1.2">1/</w>
 <w id="w521.1.3">01/</w>
 <w id="w521.1.4">185/</w>
 <w id="w521.1.5">068</w>
</s></head>

<head id="522">
<s id="s522.1">
 <w id="w522.1.1">Aranesp</w>
</s></head>

<head id="523">
<s id="s523.1">
 <w id="w523.1.1">500</w> 
 <w id="w523.1.2">µg</w>
</s></head>

<head id="524">
<s id="s524.1">
 <w id="w524.1.1">Raztopina</w> 
 <w id="w524.1.2">za</w>   
 <w id="w524.1.3">injiciranje</w>
</s></head>

<head id="525">
<s id="s525.1">
 <w id="w525.1.1">Za</w> 
 <w id="w525.1.2">subkutano</w>      
 <w id="w525.1.3">uporabo</w>
</s></head>

<p id="526">
<s id="s526.1">
 <w id="w526.1.1">(</w>
 <w id="w526.1.2">stekleni</w>
 <w id="w526.1.3">)</w> 
 <w id="w526.1.4">napolnjeni</w>          
 <w id="w526.1.5">injekcijski</w> 
 <w id="w526.1.6">peresnik</w>           
 <w id="w526.1.7">(</w>
 <w id="w526.1.8">SureClick</w>
 <w id="w526.1.9">)</w>
</s></p>

<head id="527">
<s id="s527.1">
 <w id="w527.1.1">1</w> 
 <w id="w527.1.2">ml</w> 
 <w id="w527.1.3">(</w>
 <w id="w527.1.4">500</w> 
 <w id="w527.1.5">µg/</w>
 <w id="w527.1.6">ml</w>
 <w id="w527.1.7">)</w>
</s></head>

<head id="528">
<s id="s528.1">
 <w id="w528.1.1">4</w> 
 <w id="w528.1.2">napolnjeni</w> 
 <w id="w528.1.3">injekcijski</w> 
 <w id="w528.1.4">peresniki</w>
</s></head>

<head id="529">
<s id="s529.1">
 <w id="w529.1.1">EU/</w>
 <w id="w529.1.2">1/</w>
 <w id="w529.1.3">01/</w>
 <w id="w529.1.4">185/</w>
 <w id="w529.1.5">069</w>
</s></head>

<head id="530">
<s id="s530.1">
 <w id="w530.1.1">Aranesp</w>
</s></head>

<head id="531">
<s id="s531.1">
 <w id="w531.1.1">130</w> 
 <w id="w531.1.2">µg</w>
</s></head>

<head id="532">
<s id="s532.1">
 <w id="w532.1.1">Raztopina</w> 
 <w id="w532.1.2">za</w>   
 <w id="w532.1.3">injiciranje</w>
</s></head>

<p id="533">
<s id="s533.1">
 <w id="w533.1.1">Za</w> 
 <w id="w533.1.2">subkutano</w>      
 <w id="w533.1.3">ali</w> 
 <w id="w533.1.4">intravensko</w>   
 <w id="w533.1.5">uporabo</w>
</s></p>

<p id="534">
<s id="s534.1">
 <w id="w534.1.1">(</w>
 <w id="w534.1.2">steklena</w>
 <w id="w534.1.3">)</w> 
 <w id="w534.1.4">napolnjena</w> 
 <w id="w534.1.5">brizga</w>
</s></p>

<head id="535">
<s id="s535.1">
 <w id="w535.1.1">0,</w>
 <w id="w535.1.2">65</w> 
 <w id="w535.1.3">ml</w>              
 <w id="w535.1.4">(</w>
 <w id="w535.1.5">200</w> 
 <w id="w535.1.6">µg/</w>
 <w id="w535.1.7">ml</w>
 <w id="w535.1.8">)</w>
</s></head>

<head id="536">
<s id="s536.1">
 <w id="w536.1.1">1</w> 
 <w id="w536.1.2">napolnjena</w> 
 <w id="w536.1.3">brizga</w>
</s></head>

<head id="537">
<s id="s537.1">
 <w id="w537.1.1">EU/</w>
 <w id="w537.1.2">1/</w>
 <w id="w537.1.3">01/</w>
 <w id="w537.1.4">185/</w>
 <w id="w537.1.5">070</w>
</s></head>

<head id="538">
<s id="s538.1">
 <w id="w538.1.1">Aranesp</w>
</s></head>

<head id="539">
<s id="s539.1">
 <w id="w539.1.1">130</w> 
 <w id="w539.1.2">µg</w>
</s></head>

<head id="540">
<s id="s540.1">
 <w id="w540.1.1">Raztopina</w> 
 <w id="w540.1.2">za</w>   
 <w id="w540.1.3">injiciranje</w>
</s></head>

<p id="541">
<s id="s541.1">
 <w id="w541.1.1">Za</w> 
 <w id="w541.1.2">subkutano</w>      
 <w id="w541.1.3">ali</w> 
 <w id="w541.1.4">intravensko</w>   
 <w id="w541.1.5">uporabo</w>
</s></p>

<p id="542">
<s id="s542.1">
 <w id="w542.1.1">(</w>
 <w id="w542.1.2">steklena</w>
 <w id="w542.1.3">)</w> 
 <w id="w542.1.4">napolnjena</w> 
 <w id="w542.1.5">brizga</w>
</s></p>

<head id="543">
<s id="s543.1">
 <w id="w543.1.1">0,</w>
 <w id="w543.1.2">65</w> 
 <w id="w543.1.3">ml</w>              
 <w id="w543.1.4">(</w>
 <w id="w543.1.5">200</w> 
 <w id="w543.1.6">µg/</w>
 <w id="w543.1.7">ml</w>
 <w id="w543.1.8">)</w>
</s></head>

<head id="544">
<s id="s544.1">
 <w id="w544.1.1">4</w> 
 <w id="w544.1.2">napolnjene</w> 
 <w id="w544.1.3">brizge</w>
</s></head>

<head id="545">
<s id="s545.1">
 <w id="w545.1.1">EU/</w>
 <w id="w545.1.2">1/</w>
 <w id="w545.1.3">01/</w>
 <w id="w545.1.4">185/</w>
 <w id="w545.1.5">071</w>
</s></head>

<head id="546">
<s id="s546.1">
 <w id="w546.1.1">Aranesp</w>
</s></head>

<head id="547">
<s id="s547.1">
 <w id="w547.1.1">130</w> 
 <w id="w547.1.2">µg</w>
</s></head>

<head id="548">
<s id="s548.1">
 <w id="w548.1.1">Raztopina</w> 
 <w id="w548.1.2">za</w>   
 <w id="w548.1.3">injiciranje</w>
</s></head>

<p id="549">
<s id="s549.1">
 <w id="w549.1.1">Za</w> 
 <w id="w549.1.2">subkutano</w>      
 <w id="w549.1.3">ali</w> 
 <w id="w549.1.4">intravensko</w>   
 <w id="w549.1.5">uporabo</w>
</s></p>

<p id="550">
<s id="s550.1">
 <w id="w550.1.1">(</w>
 <w id="w550.1.2">steklena</w>
 <w id="w550.1.3">)</w> 
 <w id="w550.1.4">napolnjena</w> 
 <w id="w550.1.5">brizga</w>
</s></p>

<head id="551">
<s id="s551.1">
 <w id="w551.1.1">0,</w>
 <w id="w551.1.2">65</w> 
 <w id="w551.1.3">ml</w>              
 <w id="w551.1.4">(</w>
 <w id="w551.1.5">200</w> 
 <w id="w551.1.6">µg/</w>
 <w id="w551.1.7">ml</w>
 <w id="w551.1.8">)</w>
</s></head>

<p id="552">
<s id="s552.1">
 <w id="w552.1.1">1</w> 
 <w id="w552.1.2">napolnjena</w> 
 <w id="w552.1.3">brizga</w> 
 <w id="w552.1.4">(</w>
 <w id="w552.1.5">v</w> 
 <w id="w552.1.6">nepretisni</w> 
 <w id="w552.1.7">ovojnini</w>
 <w id="w552.1.8">)</w>
</s></p>

<head id="553">
<s id="s553.1">
 <w id="w553.1.1">EU/</w>
 <w id="w553.1.2">1/</w>
 <w id="w553.1.3">01/</w>
 <w id="w553.1.4">185/</w>
 <w id="w553.1.5">072</w>
</s></head>

<head id="554">
<s id="s554.1">
 <w id="w554.1.1">Aranesp</w>
</s></head>

<head id="555">
<s id="s555.1">
 <w id="w555.1.1">130</w> 
 <w id="w555.1.2">µg</w>
</s></head>

<head id="556">
<s id="s556.1">
 <w id="w556.1.1">Raztopina</w> 
 <w id="w556.1.2">za</w>   
 <w id="w556.1.3">injiciranje</w>
</s></head>

<head id="557">
<s id="s557.1">
 <w id="w557.1.1">Za</w> 
 <w id="w557.1.2">subkutano</w>      
 <w id="w557.1.3">uporabo</w>
</s></head>

<p id="558">
<s id="s558.1">
 <w id="w558.1.1">(</w>
 <w id="w558.1.2">stekleni</w>
 <w id="w558.1.3">)</w> 
 <w id="w558.1.4">napolnjeni</w>          
 <w id="w558.1.5">injekcijski</w> 
 <w id="w558.1.6">peresnik</w>           
 <w id="w558.1.7">(</w>
 <w id="w558.1.8">SureClick</w>
 <w id="w558.1.9">)</w>
</s></p>

<head id="559">
<s id="s559.1">
 <w id="w559.1.1">0,</w>
 <w id="w559.1.2">65</w> 
 <w id="w559.1.3">ml</w>              
 <w id="w559.1.4">(</w>
 <w id="w559.1.5">200</w> 
 <w id="w559.1.6">µg/</w>
 <w id="w559.1.7">ml</w>
 <w id="w559.1.8">)</w>
</s></head>

<head id="560">
<s id="s560.1">
 <w id="w560.1.1">1</w> 
 <w id="w560.1.2">napolnjeni</w> 
 <w id="w560.1.3">injekcijski</w> 
 <w id="w560.1.4">peresnik</w>
</s></head>

<head id="561">
<s id="s561.1">
 <w id="w561.1.1">EU/</w>
 <w id="w561.1.2">1/</w>
 <w id="w561.1.3">01/</w>
 <w id="w561.1.4">185/</w>
 <w id="w561.1.5">073</w>
</s></head>

<head id="562">
<s id="s562.1">
 <w id="w562.1.1">Aranesp</w>
</s></head>

<head id="563">
<s id="s563.1">
 <w id="w563.1.1">130</w> 
 <w id="w563.1.2">µg</w>
</s></head>

<head id="564">
<s id="s564.1">
 <w id="w564.1.1">Raztopina</w> 
 <w id="w564.1.2">za</w>   
 <w id="w564.1.3">injiciranje</w>
</s></head>

<head id="565">
<s id="s565.1">
 <w id="w565.1.1">Za</w> 
 <w id="w565.1.2">subkutano</w>      
 <w id="w565.1.3">uporabo</w>
</s></head>

<p id="566">
<s id="s566.1">
 <w id="w566.1.1">(</w>
 <w id="w566.1.2">stekleni</w>
 <w id="w566.1.3">)</w> 
 <w id="w566.1.4">napolnjeni</w>          
 <w id="w566.1.5">injekcijski</w> 
 <w id="w566.1.6">peresnik</w>           
 <w id="w566.1.7">(</w>
 <w id="w566.1.8">SureClick</w>
 <w id="w566.1.9">)</w>
</s></p>

<head id="567">
<s id="s567.1">
 <w id="w567.1.1">0,</w>
 <w id="w567.1.2">65</w> 
 <w id="w567.1.3">ml</w>              
 <w id="w567.1.4">(</w>
 <w id="w567.1.5">200</w> 
 <w id="w567.1.6">µg/</w>
 <w id="w567.1.7">ml</w>
 <w id="w567.1.8">)</w>
</s></head>

<head id="568">
<s id="s568.1">
 <w id="w568.1.1">4</w> 
 <w id="w568.1.2">napolnjeni</w> 
 <w id="w568.1.3">injekcijski</w> 
 <w id="w568.1.4">peresniki</w>
</s></head>

<p id="569">
<s id="s569.1">
 <w id="w569.1.1">6/</w>
 <w id="w569.1.2">7</w> 
 <w id="w569.1.3">7/</w>
 <w id="w569.1.4">7</w>
</s></p></text>
