<?xml version="1.0" encoding="utf-8"?>
<text>
<p id="1">
<s id="s1.1">
 <w id="w1.1.1">European</w> 
 <w id="w1.1.2">Medicines</w> 
 <w id="w1.1.3">Agency</w>
</s></p>

<p id="2">
<s id="s2.1">
 <w id="w2.1.1">EMEA/</w>
 <w id="w2.1.2">H/</w>
 <w id="w2.1.3">C/</w>
 <w id="w2.1.4">285</w>
</s></p>

<p id="3">
<s id="s3.1">
 <w id="w3.1.1">EVROPSKO</w> 
 <w id="w3.1.2">JAVNO</w> 
 <w id="w3.1.3">POROČILO</w> 
 <w id="w3.1.4">O</w> 
 <w id="w3.1.5">OCENI</w> 
 <w id="w3.1.6">ZDRAVILA</w> 
 <w id="w3.1.7">(</w>
 <w id="w3.1.8">EPAR</w>
 <w id="w3.1.9">)</w>
</s></p>

<p id="4">
<s id="s4.1">
 <w id="w4.1.1">ACTOS</w>
</s></p>

<p id="5">
<s id="s5.1">
 <w id="w5.1.1">Povzetek</w> 
 <w id="w5.1.2">EPAR</w> 
 <w id="w5.1.3">za</w> 
 <w id="w5.1.4">javnost</w>
</s></p>

<p id="6">
<s id="s6.1">
 <w id="w6.1.1">Ta</w> 
 <w id="w6.1.2">dokument</w> 
 <w id="w6.1.3">je</w> 
 <w id="w6.1.4">povzetek</w> 
 <w id="w6.1.5">Evropskega</w> 
 <w id="w6.1.6">javnega</w> 
 <w id="w6.1.7">poročila</w> 
 <w id="w6.1.8">o</w> 
 <w id="w6.1.9">oceni</w> 
 <w id="w6.1.10">zdravila</w> 
 <w id="w6.1.11">(</w>
 <w id="w6.1.12">EPAR</w>
 <w id="w6.1.13">)</w>
 <w id="w6.1.14">.</w>
</s> 
 
<s id="s6.2">
 <w id="w6.2.1">Pojasnjuje</w>
 <w id="w6.2.2">,</w> 
 <w id="w6.2.3">kako</w>   
 <w id="w6.2.4">je</w> 
 <w id="w6.2.5">Odbor</w> 
 <w id="w6.2.6">za</w> 
 <w id="w6.2.7">zdravila</w> 
 <w id="w6.2.8">za</w> 
 <w id="w6.2.9">uporabo</w> 
 <w id="w6.2.10">v</w> 
 <w id="w6.2.11">humani</w> 
 <w id="w6.2.12">medicini</w> 
 <w id="w6.2.13">(</w>
 <w id="w6.2.14">CHMP</w>
 <w id="w6.2.15">)</w> 
 <w id="w6.2.16">ocenil</w> 
 <w id="w6.2.17">opravljene</w> 
 <w id="w6.2.18">študije</w>
 <w id="w6.2.19">,</w> 
 <w id="w6.2.20">na</w> 
 <w id="w6.2.21">podlagi</w>   
 <w id="w6.2.22">katerih</w> 
 <w id="w6.2.23">je</w> 
 <w id="w6.2.24">oblikoval</w> 
 <w id="w6.2.25">priporočila</w> 
 <w id="w6.2.26">glede</w> 
 <w id="w6.2.27">uporabe</w> 
 <w id="w6.2.28">zdravila</w>
 <w id="w6.2.29">.</w>
</s>   
 
<s id="s6.3">
 <w id="w6.3.1">Če</w> 
 <w id="w6.3.2">potrebujete</w> 
 <w id="w6.3.3">več</w> 
 <w id="w6.3.4">informacij</w> 
 <w id="w6.3.5">o</w> 
 <w id="w6.3.6">vašem</w> 
 <w id="w6.3.7">zdravstvenem</w> 
 <w id="w6.3.8">stanju</w> 
 <w id="w6.3.9">ali</w> 
 <w id="w6.3.10">zdravljenju</w>
 <w id="w6.3.11">,</w> 
 <w id="w6.3.12">preberite</w> 
 <w id="w6.3.13">Navodilo</w> 
 <w id="w6.3.14">za</w>   
 <w id="w6.3.15">uporabo</w> 
 <w id="w6.3.16">(</w>
 <w id="w6.3.17">ki</w> 
 <w id="w6.3.18">je</w> 
 <w id="w6.3.19">prav</w> 
 <w id="w6.3.20">tako</w> 
 <w id="w6.3.21">sestavni</w> 
 <w id="w6.3.22">del</w> 
 <w id="w6.3.23">EPAR</w>
 <w id="w6.3.24">)</w> 
 <w id="w6.3.25">ali</w> 
 <w id="w6.3.26">se</w> 
 <w id="w6.3.27">posvetujte</w> 
 <w id="w6.3.28">s</w> 
 <w id="w6.3.29">svojim</w> 
 <w id="w6.3.30">zdravnikom</w> 
 <w id="w6.3.31">ali</w> 
 <w id="w6.3.32">s</w>   
 <w id="w6.3.33">farmacevtom</w>
 <w id="w6.3.34">.</w>
</s> 
 
<s id="s6.4">
 <w id="w6.4.1">Če</w> 
 <w id="w6.4.2">želite</w> 
 <w id="w6.4.3">več</w> 
 <w id="w6.4.4">informacij</w>
 <w id="w6.4.5">,</w> 
 <w id="w6.4.6">ki</w> 
 <w id="w6.4.7">temeljijo</w> 
 <w id="w6.4.8">na</w> 
 <w id="w6.4.9">priporočilih</w> 
 <w id="w6.4.10">CHMP</w>
 <w id="w6.4.11">,</w> 
 <w id="w6.4.12">preberite</w> 
 <w id="w6.4.13">znanstveno</w>   
 <w id="w6.4.14">razpravo</w> 
 <w id="w6.4.15">(</w>
 <w id="w6.4.16">ki</w> 
 <w id="w6.4.17">je</w> 
 <w id="w6.4.18">prav</w> 
 <w id="w6.4.19">tako</w> 
 <w id="w6.4.20">del</w> 
 <w id="w6.4.21">EPAR</w>
 <w id="w6.4.22">)</w>
 <w id="w6.4.23">.</w>
</s></p>

<p id="7">
<s id="s7.1">
 <w id="w7.1.1">Kaj</w> 
 <w id="w7.1.2">je</w> 
 <w id="w7.1.3">zdravilo</w> 
 <w id="w7.1.4">Actos</w>
 <w id="w7.1.5">?</w>
</s>   
 
<s id="s7.2">
 <w id="w7.2.1">Actos</w> 
 <w id="w7.2.2">je</w> 
 <w id="w7.2.3">zdravilo</w>
 <w id="w7.2.4">,</w> 
 <w id="w7.2.5">ki</w> 
 <w id="w7.2.6">vsebuje</w> 
 <w id="w7.2.7">zdravilno</w> 
 <w id="w7.2.8">učinkovino</w> 
 <w id="w7.2.9">pioglitazon</w>
 <w id="w7.2.10">.</w>
</s> 
 
<s id="s7.3">
 <w id="w7.3.1">Bele</w> 
 <w id="w7.3.2">okrogle</w> 
 <w id="w7.3.3">tablete</w> 
 <w id="w7.3.4">vsebujejo</w> 
 <w id="w7.3.5">15</w>
 <w id="w7.3.6">,</w> 
 <w id="w7.3.7">30</w>   
 <w id="w7.3.8">ali</w> 
 <w id="w7.3.9">45</w> 
 <w id="w7.3.10">mg</w> 
 <w id="w7.3.11">pioglitazona</w>
 <w id="w7.3.12">.</w>
</s></p>

<p id="8">
<s id="s8.1">
 <w id="w8.1.1">Za</w> 
 <w id="w8.1.2">kaj</w> 
 <w id="w8.1.3">se</w> 
 <w id="w8.1.4">zdravilo</w> 
 <w id="w8.1.5">Actos</w> 
 <w id="w8.1.6">uporablja</w>
 <w id="w8.1.7">?</w>
</s>   
 
<s id="s8.2">
 <w id="w8.2.1">Zdravilo</w> 
 <w id="w8.2.2">Actos</w> 
 <w id="w8.2.3">se</w> 
 <w id="w8.2.4">uporablja</w> 
 <w id="w8.2.5">za</w> 
 <w id="w8.2.6">zdravljenje</w> 
 <w id="w8.2.7">sladkorne</w> 
 <w id="w8.2.8">bolezni</w> 
 <w id="w8.2.9">tipa</w> 
 <w id="w8.2.10">2</w> 
 <w id="w8.2.11">(</w>
 <w id="w8.2.12">znane</w> 
 <w id="w8.2.13">tudi</w> 
 <w id="w8.2.14">kot</w> 
 <w id="w8.2.15">od</w> 
 <w id="w8.2.16">insulina</w>   
 <w id="w8.2.17">neodvisna</w> 
 <w id="w8.2.18">sladkorna</w> 
 <w id="w8.2.19">bolezen</w>
 <w id="w8.2.20">)</w>
 <w id="w8.2.21">.</w>       
 <w id="w8.2.22">•</w> 
 <w id="w8.2.23">Lahko</w> 
 <w id="w8.2.24">se</w> 
 <w id="w8.2.25">uporablja</w> 
 <w id="w8.2.26">kot</w> 
 <w id="w8.2.27">samostojno</w> 
 <w id="w8.2.28">zdravilo</w> 
 <w id="w8.2.29">(</w>
 <w id="w8.2.30">monoterapija</w>
 <w id="w8.2.31">)</w> 
 <w id="w8.2.32">pri</w> 
 <w id="w8.2.33">bolnikih</w> 
 <w id="w8.2.34">(</w>
 <w id="w8.2.35">zlasti</w> 
 <w id="w8.2.36">tistih</w> 
 <w id="w8.2.37">s</w>           
 <w id="w8.2.38">čezmerno</w> 
 <w id="w8.2.39">telesno</w> 
 <w id="w8.2.40">maso</w>
 <w id="w8.2.41">)</w>
 <w id="w8.2.42">,</w> 
 <w id="w8.2.43">ki</w> 
 <w id="w8.2.44">ne</w> 
 <w id="w8.2.45">morejo</w> 
 <w id="w8.2.46">uporabljati</w> 
 <w id="w8.2.47">metformina</w> 
 <w id="w8.2.48">(</w>
 <w id="w8.2.49">zdravila</w> 
 <w id="w8.2.50">za</w> 
 <w id="w8.2.51">sladkorno</w>           
 <w id="w8.2.52">bolezen</w>
 <w id="w8.2.53">)</w>
 <w id="w8.2.54">.</w>       
 <w id="w8.2.55">•</w> 
 <w id="w8.2.56">Lahko</w> 
 <w id="w8.2.57">se</w> 
 <w id="w8.2.58">uporablja</w> 
 <w id="w8.2.59">tudi</w> 
 <w id="w8.2.60">v</w> 
 <w id="w8.2.61">kombinaciji</w> 
 <w id="w8.2.62">z</w> 
 <w id="w8.2.63">enim</w> 
 <w id="w8.2.64">drugim</w> 
 <w id="w8.2.65">zdravilom</w> 
 <w id="w8.2.66">za</w> 
 <w id="w8.2.67">sladkorno</w> 
 <w id="w8.2.68">bolezen</w>           
 <w id="w8.2.69">(</w>
 <w id="w8.2.70">zdravljenje</w> 
 <w id="w8.2.71">z</w> 
 <w id="w8.2.72">dvema</w> 
 <w id="w8.2.73">zdraviloma</w> 
 <w id="w8.2.74">hkrati</w>
 <w id="w8.2.75">)</w>
 <w id="w8.2.76">.</w>
</s> 
 
<s id="s8.3">
 <w id="w8.3.1">Actos</w> 
 <w id="w8.3.2">se</w> 
 <w id="w8.3.3">lahko</w> 
 <w id="w8.3.4">uporablja</w> 
 <w id="w8.3.5">kot</w> 
 <w id="w8.3.6">dodatek</w> 
 <w id="w8.3.7">k</w> 
 <w id="w8.3.8">metforminu</w>           
 <w id="w8.3.9">pri</w> 
 <w id="w8.3.10">bolnikih</w> 
 <w id="w8.3.11">(</w>
 <w id="w8.3.12">zlasti</w> 
 <w id="w8.3.13">tistih</w> 
 <w id="w8.3.14">s</w> 
 <w id="w8.3.15">čezmerno</w> 
 <w id="w8.3.16">telesno</w> 
 <w id="w8.3.17">maso</w>
 <w id="w8.3.18">)</w>
 <w id="w8.3.19">,</w> 
 <w id="w8.3.20">ki</w> 
 <w id="w8.3.21">z</w> 
 <w id="w8.3.22">jemanjem</w> 
 <w id="w8.3.23">samo</w> 
 <w id="w8.3.24">metformina</w> 
 <w id="w8.3.25">v</w>           
 <w id="w8.3.26">največjem</w> 
 <w id="w8.3.27">možnem</w> 
 <w id="w8.3.28">odmerku</w>
 <w id="w8.3.29">,</w> 
 <w id="w8.3.30">ki</w> 
 <w id="w8.3.31">ga</w> 
 <w id="w8.3.32">bolnik</w> 
 <w id="w8.3.33">lahko</w> 
 <w id="w8.3.34">prenaša</w>
 <w id="w8.3.35">,</w> 
 <w id="w8.3.36">nimajo</w> 
 <w id="w8.3.37">zadovoljivo</w> 
 <w id="w8.3.38">uravnanih</w>           
 <w id="w8.3.39">vrednosti</w> 
 <w id="w8.3.40">krvnega</w> 
 <w id="w8.3.41">sladkorja</w>
 <w id="w8.3.42">.</w>
</s> 
 
<s id="s8.4">
 <w id="w8.4.1">Druga</w> 
 <w id="w8.4.2">možnost</w> 
 <w id="w8.4.3">je</w>
 <w id="w8.4.4">,</w> 
 <w id="w8.4.5">da</w> 
 <w id="w8.4.6">se</w> 
 <w id="w8.4.7">Actos</w> 
 <w id="w8.4.8">uporablja</w> 
 <w id="w8.4.9">kot</w> 
 <w id="w8.4.10">dodatek</w> 
 <w id="w8.4.11">k</w>           
 <w id="w8.4.12">sulfonilsečnini</w> 
 <w id="w8.4.13">(</w>
 <w id="w8.4.14">drugo</w> 
 <w id="w8.4.15">zdravilo</w> 
 <w id="w8.4.16">za</w> 
 <w id="w8.4.17">sladkorno</w> 
 <w id="w8.4.18">bolezen</w>
 <w id="w8.4.19">)</w> 
 <w id="w8.4.20">pri</w> 
 <w id="w8.4.21">bolnikih</w>
 <w id="w8.4.22">,</w> 
 <w id="w8.4.23">za</w> 
 <w id="w8.4.24">katere</w> 
 <w id="w8.4.25">metformin</w> 
 <w id="w8.4.26">ni</w>           
 <w id="w8.4.27">ustrezen</w> 
 <w id="w8.4.28">in</w> 
 <w id="w8.4.29">ki</w> 
 <w id="w8.4.30">z</w> 
 <w id="w8.4.31">jemanjem</w> 
 <w id="w8.4.32">samo</w> 
 <w id="w8.4.33">sulfonilsečnine</w> 
 <w id="w8.4.34">v</w> 
 <w id="w8.4.35">največjem</w> 
 <w id="w8.4.36">možnem</w> 
 <w id="w8.4.37">odmerku</w>
 <w id="w8.4.38">,</w> 
 <w id="w8.4.39">ki</w> 
 <w id="w8.4.40">ga</w> 
 <w id="w8.4.41">bolnik</w>           
 <w id="w8.4.42">lahko</w> 
 <w id="w8.4.43">prenaša</w>
 <w id="w8.4.44">,</w> 
 <w id="w8.4.45">nimajo</w> 
 <w id="w8.4.46">zadovoljivo</w> 
 <w id="w8.4.47">uravnanih</w> 
 <w id="w8.4.48">vrednosti</w> 
 <w id="w8.4.49">krvnega</w> 
 <w id="w8.4.50">sladkorja</w>
 <w id="w8.4.51">.</w>       
 <w id="w8.4.52">•</w> 
 <w id="w8.4.53">Lahko</w> 
 <w id="w8.4.54">se</w> 
 <w id="w8.4.55">uporablja</w> 
 <w id="w8.4.56">v</w> 
 <w id="w8.4.57">kombinaciji</w> 
 <w id="w8.4.58">z</w> 
 <w id="w8.4.59">dvema</w> 
 <w id="w8.4.60">drugima</w> 
 <w id="w8.4.61">zdraviloma</w> 
 <w id="w8.4.62">za</w> 
 <w id="w8.4.63">sladkorno</w> 
 <w id="w8.4.64">bolezen</w>
 <w id="w8.4.65">,</w>           
 <w id="w8.4.66">metforminom</w> 
 <w id="w8.4.67">in</w> 
 <w id="w8.4.68">sulfonilsečnino</w>
 <w id="w8.4.69">,</w> 
 <w id="w8.4.70">v</w> 
 <w id="w8.4.71">okviru</w> 
 <w id="w8.4.72">zdravljenja</w> 
 <w id="w8.4.73">s</w> 
 <w id="w8.4.74">tremi</w> 
 <w id="w8.4.75">zdravili</w> 
 <w id="w8.4.76">hkrati</w> 
 <w id="w8.4.77">pri</w> 
 <w id="w8.4.78">bolnikih</w>           
 <w id="w8.4.79">(</w>
 <w id="w8.4.80">zlasti</w> 
 <w id="w8.4.81">tistih</w> 
 <w id="w8.4.82">s</w> 
 <w id="w8.4.83">čezmerno</w> 
 <w id="w8.4.84">telesno</w> 
 <w id="w8.4.85">maso</w>
 <w id="w8.4.86">)</w>
 <w id="w8.4.87">,</w> 
 <w id="w8.4.88">pri</w> 
 <w id="w8.4.89">katerih</w> 
 <w id="w8.4.90">z</w> 
 <w id="w8.4.91">uporabo</w> 
 <w id="w8.4.92">teh</w> 
 <w id="w8.4.93">dveh</w> 
 <w id="w8.4.94">zdravil</w> 
 <w id="w8.4.95">ne</w> 
 <w id="w8.4.96">moremo</w>           
 <w id="w8.4.97">doseči</w> 
 <w id="w8.4.98">zadovoljivega</w> 
 <w id="w8.4.99">nadzora</w>
 <w id="w8.4.100">.</w>       
 <w id="w8.4.101">•</w> 
 <w id="w8.4.102">Lahko</w> 
 <w id="w8.4.103">se</w> 
 <w id="w8.4.104">uporablja</w> 
 <w id="w8.4.105">v</w> 
 <w id="w8.4.106">kombinaciji</w> 
 <w id="w8.4.107">z</w> 
 <w id="w8.4.108">insulinom</w> 
 <w id="w8.4.109">pri</w> 
 <w id="w8.4.110">bolnikih</w>
 <w id="w8.4.111">,</w> 
 <w id="w8.4.112">pri</w> 
 <w id="w8.4.113">katerih</w> 
 <w id="w8.4.114">z</w> 
 <w id="w8.4.115">jemanjem</w> 
 <w id="w8.4.116">samo</w>           
 <w id="w8.4.117">insulina</w> 
 <w id="w8.4.118">ne</w> 
 <w id="w8.4.119">moremo</w> 
 <w id="w8.4.120">doseči</w> 
 <w id="w8.4.121">zadovoljivega</w> 
 <w id="w8.4.122">nadzora</w> 
 <w id="w8.4.123">in</w> 
 <w id="w8.4.124">ki</w> 
 <w id="w8.4.125">ne</w> 
 <w id="w8.4.126">morejo</w> 
 <w id="w8.4.127">jemati</w> 
 <w id="w8.4.128">metformina</w>
 <w id="w8.4.129">.</w>
</s></p>

<p id="9">
<s id="s9.1">
 <w id="w9.1.1">Kako</w> 
 <w id="w9.1.2">se</w> 
 <w id="w9.1.3">zdravilo</w> 
 <w id="w9.1.4">Actos</w> 
 <w id="w9.1.5">uporablja</w>
 <w id="w9.1.6">?</w>
</s>   
 
<s id="s9.2">
 <w id="w9.2.1">Zdravilo</w> 
 <w id="w9.2.2">Actos</w> 
 <w id="w9.2.3">se</w> 
 <w id="w9.2.4">jemlje</w> 
 <w id="w9.2.5">enkrat</w> 
 <w id="w9.2.6">dnevno</w> 
 <w id="w9.2.7">s</w> 
 <w id="w9.2.8">hrano</w> 
 <w id="w9.2.9">ali</w> 
 <w id="w9.2.10">brez</w> 
 <w id="w9.2.11">nje</w>
 <w id="w9.2.12">.</w>
</s> 
 
<s id="s9.3">
 <w id="w9.3.1">Odmerek</w> 
 <w id="w9.3.2">je</w> 
 <w id="w9.3.3">prilagojen</w> 
 <w id="w9.3.4">tako</w>
 <w id="w9.3.5">,</w> 
 <w id="w9.3.6">da</w> 
 <w id="w9.3.7">omogoča</w>   
 <w id="w9.3.8">najboljši</w> 
 <w id="w9.3.9">nadzor</w> 
 <w id="w9.3.10">ravni</w> 
 <w id="w9.3.11">glukoze</w> 
 <w id="w9.3.12">v</w> 
 <w id="w9.3.13">krvi</w>
 <w id="w9.3.14">.</w>
</s> 
 
<s id="s9.4">
 <w id="w9.4.1">Priporočeni</w> 
 <w id="w9.4.2">začetni</w> 
 <w id="w9.4.3">odmerek</w> 
 <w id="w9.4.4">je</w> 
 <w id="w9.4.5">15</w> 
 <w id="w9.4.6">mg</w> 
 <w id="w9.4.7">ali</w> 
 <w id="w9.4.8">30</w> 
 <w id="w9.4.9">mg</w> 
 <w id="w9.4.10">enkrat</w> 
 <w id="w9.4.11">na</w> 
 <w id="w9.4.12">dan</w>
 <w id="w9.4.13">.</w>
</s>   
 
<s id="s9.5">
 <w id="w9.5.1">Po</w> 
 <w id="w9.5.2">enem</w> 
 <w id="w9.5.3">ali</w> 
 <w id="w9.5.4">dveh</w> 
 <w id="w9.5.5">tednih</w> 
 <w id="w9.5.6">bo</w> 
 <w id="w9.5.7">morda</w> 
 <w id="w9.5.8">treba</w> 
 <w id="w9.5.9">ta</w> 
 <w id="w9.5.10">odmerek</w> 
 <w id="w9.5.11">povišati</w> 
 <w id="w9.5.12">na</w> 
 <w id="w9.5.13">45</w> 
 <w id="w9.5.14">mg</w> 
 <w id="w9.5.15">enkrat</w> 
 <w id="w9.5.16">na</w> 
 <w id="w9.5.17">dan</w>
 <w id="w9.5.18">.</w>
</s> 
 
<s id="s9.6">
 <w id="w9.6.1">Pri</w> 
 <w id="w9.6.2">uvedbi</w>   
 <w id="w9.6.3">zdravila</w> 
 <w id="w9.6.4">Actos</w> 
 <w id="w9.6.5">v</w> 
 <w id="w9.6.6">kombinaciji</w> 
 <w id="w9.6.7">z</w> 
 <w id="w9.6.8">metforminom</w> 
 <w id="w9.6.9">lahko</w> 
 <w id="w9.6.10">nadaljujemo</w> 
 <w id="w9.6.11">z</w> 
 <w id="w9.6.12">dotedanjim</w> 
 <w id="w9.6.13">odmerkom</w> 
 <w id="w9.6.14">metformina</w>
 <w id="w9.6.15">.</w>
</s>   
 
<s id="s9.7">
 <w id="w9.7.1">Pri</w> 
 <w id="w9.7.2">uvedbi</w> 
 <w id="w9.7.3">zdravila</w> 
 <w id="w9.7.4">Actos</w> 
 <w id="w9.7.5">v</w> 
 <w id="w9.7.6">kombinaciji</w> 
 <w id="w9.7.7">s</w> 
 <w id="w9.7.8">sulfonilsečnino</w> 
 <w id="w9.7.9">ali</w> 
 <w id="w9.7.10">insulinom</w> 
 <w id="w9.7.11">lahko</w> 
 <w id="w9.7.12">nadaljujemo</w> 
 <w id="w9.7.13">z</w>   
 <w id="w9.7.14">dotedanjim</w> 
 <w id="w9.7.15">odmerkom</w> 
 <w id="w9.7.16">sulfonilsečnine</w> 
 <w id="w9.7.17">ali</w> 
 <w id="w9.7.18">insulina</w>
 <w id="w9.7.19">,</w> 
 <w id="w9.7.20">v</w> 
 <w id="w9.7.21">kolikor</w> 
 <w id="w9.7.22">bolnik</w> 
 <w id="w9.7.23">nima</w> 
 <w id="w9.7.24">hipoglikemije</w> 
 <w id="w9.7.25">(</w>
 <w id="w9.7.26">nizke</w> 
 <w id="w9.7.27">ravni</w>   
 <w id="w9.7.28">glukoze</w> 
 <w id="w9.7.29">v</w> 
 <w id="w9.7.30">krvi</w>
 <w id="w9.7.31">)</w>
 <w id="w9.7.32">,</w> 
 <w id="w9.7.33">v</w> 
 <w id="w9.7.34">tem</w> 
 <w id="w9.7.35">primeru</w> 
 <w id="w9.7.36">je</w> 
 <w id="w9.7.37">treba</w> 
 <w id="w9.7.38">odmerek</w> 
 <w id="w9.7.39">sulfonilsečnine</w> 
 <w id="w9.7.40">ali</w> 
 <w id="w9.7.41">insulina</w> 
 <w id="w9.7.42">znižati</w>
 <w id="w9.7.43">.</w>
</s></p>

<p id="10">
<s id="s10.1">
 <w id="w10.1.1">7</w> 
 <w id="w10.1.2">Westferry</w> 
 <w id="w10.1.3">Circus</w>
 <w id="w10.1.4">,</w> 
 <w id="w10.1.5">Canary</w> 
 <w id="w10.1.6">Wharf</w>
 <w id="w10.1.7">,</w> 
 <w id="w10.1.8">London</w> 
 <w id="w10.1.9">E14</w> 
 <w id="w10.1.10">4HB</w>
 <w id="w10.1.11">,</w> 
 <w id="w10.1.12">UK</w>                                            
 <w id="w10.1.13">Tel</w>
 <w id="w10.1.14">.</w>
</s> 
 
<s id="s10.2">
 <w id="w10.2.1">(</w>
 <w id="w10.2.2">44-</w>
 <w id="w10.2.3">20</w>
 <w id="w10.2.4">)</w> 
 <w id="w10.2.5">74</w> 
 <w id="w10.2.6">18</w> 
 <w id="w10.2.7">84</w> 
 <w id="w10.2.8">00</w> 
 <w id="w10.2.9">Fax</w> 
 <w id="w10.2.10">(</w>
 <w id="w10.2.11">44-</w>
 <w id="w10.2.12">20</w>
 <w id="w10.2.13">)</w> 
 <w id="w10.2.14">74</w> 
 <w id="w10.2.15">18</w> 
 <w id="w10.2.16">84</w> 
 <w id="w10.2.17">16</w>                                       
 <w id="w10.2.18">E-</w>
 <w id="w10.2.19">mail</w>
 <w id="w10.2.20">:</w> 
 <w id="w10.2.21">mail@</w>
 <w id="w10.2.22">emea.</w>
 <w id="w10.2.23">europa.</w>
 <w id="w10.2.24">eu</w> 
 <w id="w10.2.25">http</w>
 <w id="w10.2.26">:</w>
 <w id="w10.2.27">//</w>
 <w id="w10.2.28">www.</w>
 <w id="w10.2.29">emea.</w>
 <w id="w10.2.30">europa.</w>
 <w id="w10.2.31">eu</w> 
 <w id="w10.2.32">©EMEA</w> 
 <w id="w10.2.33">2007</w> 
 <w id="w10.2.34">Reproduction</w> 
 <w id="w10.2.35">and/</w>
 <w id="w10.2.36">or</w> 
 <w id="w10.2.37">distribution</w> 
 <w id="w10.2.38">of</w> 
 <w id="w10.2.39">this</w> 
 <w id="w10.2.40">document</w> 
 <w id="w10.2.41">is</w> 
 <w id="w10.2.42">authorised</w> 
 <w id="w10.2.43">for</w> 
 <w id="w10.2.44">non</w> 
 <w id="w10.2.45">commercial</w> 
 <w id="w10.2.46">purposes</w> 
 <w id="w10.2.47">only</w> 
 <w id="w10.2.48">provided</w> 
 <w id="w10.2.49">the</w> 
 <w id="w10.2.50">EMEA</w> 
 <w id="w10.2.51">is</w> 
 <w id="w10.2.52">acknowledged</w> 
 <w id="w10.2.53">Kako</w> 
 <w id="w10.2.54">zdravilo</w> 
 <w id="w10.2.55">Actos</w> 
 <w id="w10.2.56">deluje</w>
 <w id="w10.2.57">?</w>
</s> 
 
<s id="s10.3">
 <w id="w10.3.1">Sladkorna</w> 
 <w id="w10.3.2">bolezen</w> 
 <w id="w10.3.3">tipa</w> 
 <w id="w10.3.4">2</w> 
 <w id="w10.3.5">je</w> 
 <w id="w10.3.6">bolezen</w>
 <w id="w10.3.7">,</w> 
 <w id="w10.3.8">pri</w> 
 <w id="w10.3.9">kateri</w> 
 <w id="w10.3.10">trebušna</w> 
 <w id="w10.3.11">slinavka</w> 
 <w id="w10.3.12">ne</w> 
 <w id="w10.3.13">izdeluje</w> 
 <w id="w10.3.14">dovolj</w> 
 <w id="w10.3.15">insulina</w> 
 <w id="w10.3.16">za</w> 
 <w id="w10.3.17">nadzor</w> 
 <w id="w10.3.18">ravni</w> 
 <w id="w10.3.19">glukoze</w> 
 <w id="w10.3.20">v</w> 
 <w id="w10.3.21">krvi</w>
 <w id="w10.3.22">.</w>
</s> 
 
<s id="s10.4">
 <w id="w10.4.1">Pioglitazon</w>
 <w id="w10.4.2">,</w> 
 <w id="w10.4.3">zdravilna</w> 
 <w id="w10.4.4">učinkovina</w> 
 <w id="w10.4.5">v</w> 
 <w id="w10.4.6">zdravilu</w> 
 <w id="w10.4.7">Actos</w>
 <w id="w10.4.8">,</w> 
 <w id="w10.4.9">naredi</w> 
 <w id="w10.4.10">celice</w> 
 <w id="w10.4.11">bolj</w> 
 <w id="w10.4.12">občutljive</w> 
 <w id="w10.4.13">za</w> 
 <w id="w10.4.14">insulin</w>
 <w id="w10.4.15">,</w> 
 <w id="w10.4.16">kar</w> 
 <w id="w10.4.17">pomeni</w>
 <w id="w10.4.18">,</w> 
 <w id="w10.4.19">da</w> 
 <w id="w10.4.20">telo</w> 
 <w id="w10.4.21">insulin</w>
 <w id="w10.4.22">,</w> 
 <w id="w10.4.23">ki</w> 
 <w id="w10.4.24">ga</w> 
 <w id="w10.4.25">izdela</w>
 <w id="w10.4.26">,</w> 
 <w id="w10.4.27">boljše</w> 
 <w id="w10.4.28">porabi</w>
 <w id="w10.4.29">,</w> 
 <w id="w10.4.30">raven</w> 
 <w id="w10.4.31">glukoze</w> 
 <w id="w10.4.32">v</w> 
 <w id="w10.4.33">krvi</w> 
 <w id="w10.4.34">je</w> 
 <w id="w10.4.35">nižja</w>
 <w id="w10.4.36">,</w> 
 <w id="w10.4.37">to</w> 
 <w id="w10.4.38">pa</w> 
 <w id="w10.4.39">pomaga</w> 
 <w id="w10.4.40">nadzorovati</w> 
 <w id="w10.4.41">sladkorno</w> 
 <w id="w10.4.42">bolezen</w> 
 <w id="w10.4.43">tipa</w> 
 <w id="w10.4.44">2</w>
 <w id="w10.4.45">.</w>
</s></p>

<p id="11">
<s id="s11.1">
 <w id="w11.1.1">Kako</w> 
 <w id="w11.1.2">je</w> 
 <w id="w11.1.3">bilo</w> 
 <w id="w11.1.4">zdravilo</w> 
 <w id="w11.1.5">Actos</w> 
 <w id="w11.1.6">raziskano</w>
 <w id="w11.1.7">?</w>
</s> 
 
<s id="s11.2">
 <w id="w11.2.1">Zdravilo</w> 
 <w id="w11.2.2">Actos</w> 
 <w id="w11.2.3">so</w> 
 <w id="w11.2.4">preučevali</w> 
 <w id="w11.2.5">v</w> 
 <w id="w11.2.6">raziskavah</w> 
 <w id="w11.2.7">klinične</w> 
 <w id="w11.2.8">farmakologije</w> 
 <w id="w11.2.9">in</w> 
 <w id="w11.2.10">v</w> 
 <w id="w11.2.11">kliničnih</w> 
 <w id="w11.2.12">preskušanjih</w>
 <w id="w11.2.13">.</w>
</s> 
 
<s id="s11.3">
 <w id="w11.3.1">V</w> 
 <w id="w11.3.2">vseh</w> 
 <w id="w11.3.3">preskušanjih</w> 
 <w id="w11.3.4">skupaj</w> 
 <w id="w11.3.5">je</w> 
 <w id="w11.3.6">zdravilo</w> 
 <w id="w11.3.7">Actos</w> 
 <w id="w11.3.8">prejemalo</w> 
 <w id="w11.3.9">skoraj</w> 
 <w id="w11.3.10">7000</w> 
 <w id="w11.3.11">bolnikov</w>
 <w id="w11.3.12">.</w>
</s> 
 
<s id="s11.4">
 <w id="w11.4.1">V</w> 
 <w id="w11.4.2">raziskavah</w> 
 <w id="w11.4.3">so</w> 
 <w id="w11.4.4">primerjali</w> 
 <w id="w11.4.5">zdravilo</w> 
 <w id="w11.4.6">Actos</w> 
 <w id="w11.4.7">s</w> 
 <w id="w11.4.8">placebom</w> 
 <w id="w11.4.9">(</w>
 <w id="w11.4.10">zdravilom</w> 
 <w id="w11.4.11">brez</w> 
 <w id="w11.4.12">zdravilne</w> 
 <w id="w11.4.13">učinkovine</w>
 <w id="w11.4.14">)</w> 
 <w id="w11.4.15">ali</w> 
 <w id="w11.4.16">z</w> 
 <w id="w11.4.17">drugimi</w> 
 <w id="w11.4.18">zdravili</w> 
 <w id="w11.4.19">za</w> 
 <w id="w11.4.20">sladkorno</w> 
 <w id="w11.4.21">bolezen</w> 
 <w id="w11.4.22">(</w>
 <w id="w11.4.23">metformin</w>
 <w id="w11.4.24">,</w> 
 <w id="w11.4.25">gliklazid</w>
 <w id="w11.4.26">)</w>
 <w id="w11.4.27">.</w>
</s> 
 
<s id="s11.5">
 <w id="w11.5.1">V</w> 
 <w id="w11.5.2">nekaterih</w> 
 <w id="w11.5.3">raziskavah</w> 
 <w id="w11.5.4">so</w> 
 <w id="w11.5.5">preučevali</w> 
 <w id="w11.5.6">tudi</w> 
 <w id="w11.5.7">kombiniranje</w> 
 <w id="w11.5.8">zdravila</w> 
 <w id="w11.5.9">Actos</w> 
 <w id="w11.5.10">z</w> 
 <w id="w11.5.11">drugimi</w> 
 <w id="w11.5.12">zdravili</w> 
 <w id="w11.5.13">za</w> 
 <w id="w11.5.14">sladkorno</w> 
 <w id="w11.5.15">bolezen</w> 
 <w id="w11.5.16">(</w>
 <w id="w11.5.17">sulfonilsečnino</w>
 <w id="w11.5.18">,</w> 
 <w id="w11.5.19">insulinom</w>
 <w id="w11.5.20">,</w> 
 <w id="w11.5.21">metforminom</w>
 <w id="w11.5.22">)</w>
 <w id="w11.5.23">.</w>
</s> 
 
<s id="s11.6">
 <w id="w11.6.1">V</w> 
 <w id="w11.6.2">nadaljnjih</w> 
 <w id="w11.6.3">raziskavah</w> 
 <w id="w11.6.4">so</w> 
 <w id="w11.6.5">preučevali</w> 
 <w id="w11.6.6">tudi</w> 
 <w id="w11.6.7">dolgoročno</w> 
 <w id="w11.6.8">uporabo</w> 
 <w id="w11.6.9">zdravila</w> 
 <w id="w11.6.10">Actos</w>
 <w id="w11.6.11">.</w>
</s> 
 
<s id="s11.7">
 <w id="w11.7.1">Učinkovitost</w> 
 <w id="w11.7.2">zdravila</w> 
 <w id="w11.7.3">Actos</w> 
 <w id="w11.7.4">v</w> 
 <w id="w11.7.5">okviru</w> 
 <w id="w11.7.6">zdravljenja</w> 
 <w id="w11.7.7">s</w> 
 <w id="w11.7.8">tremi</w> 
 <w id="w11.7.9">zdravili</w> 
 <w id="w11.7.10">hkrati</w> 
 <w id="w11.7.11">so</w> 
 <w id="w11.7.12">preučevali</w> 
 <w id="w11.7.13">pri</w> 
 <w id="w11.7.14">več</w> 
 <w id="w11.7.15">kot</w> 
 <w id="w11.7.16">1400</w> 
 <w id="w11.7.17">bolnikih</w>
 <w id="w11.7.18">,</w> 
 <w id="w11.7.19">ki</w> 
 <w id="w11.7.20">so</w> 
 <w id="w11.7.21">v</w> 
 <w id="w11.7.22">obdobju</w> 
 <w id="w11.7.23">do</w> 
 <w id="w11.7.24">treh</w> 
 <w id="w11.7.25">let</w> 
 <w id="w11.7.26">in</w> 
 <w id="w11.7.27">pol</w> 
 <w id="w11.7.28">prejemali</w> 
 <w id="w11.7.29">kombinacijo</w> 
 <w id="w11.7.30">metformina</w> 
 <w id="w11.7.31">in</w> 
 <w id="w11.7.32">sulfonilsečnine</w>
 <w id="w11.7.33">,</w> 
 <w id="w11.7.34">kateri</w> 
 <w id="w11.7.35">se</w> 
 <w id="w11.7.36">je</w> 
 <w id="w11.7.37">dodajalo</w> 
 <w id="w11.7.38">bodisi</w> 
 <w id="w11.7.39">zdravilo</w> 
 <w id="w11.7.40">Actos</w> 
 <w id="w11.7.41">ali</w> 
 <w id="w11.7.42">pa</w> 
 <w id="w11.7.43">placebo</w>
 <w id="w11.7.44">.</w>
</s> 
 
<s id="s11.8">
 <w id="w11.8.1">V</w> 
 <w id="w11.8.2">raziskavah</w> 
 <w id="w11.8.3">so</w> 
 <w id="w11.8.4">merili</w> 
 <w id="w11.8.5">raven</w> 
 <w id="w11.8.6">tiste</w> 
 <w id="w11.8.7">snovi</w> 
 <w id="w11.8.8">(</w>
 <w id="w11.8.9">glikoziliranega</w> 
 <w id="w11.8.10">hemoglobina</w>
 <w id="w11.8.11">,</w> 
 <w id="w11.8.12">HbA1c</w>
 <w id="w11.8.13">)</w> 
 <w id="w11.8.14">v</w> 
 <w id="w11.8.15">krvi</w>
 <w id="w11.8.16">,</w> 
 <w id="w11.8.17">ki</w> 
 <w id="w11.8.18">nam</w> 
 <w id="w11.8.19">pokaže</w>
 <w id="w11.8.20">,</w> 
 <w id="w11.8.21">kako</w> 
 <w id="w11.8.22">dobro</w> 
 <w id="w11.8.23">je</w> 
 <w id="w11.8.24">raven</w> 
 <w id="w11.8.25">glukoze</w> 
 <w id="w11.8.26">v</w> 
 <w id="w11.8.27">krvi</w> 
 <w id="w11.8.28">nadzorovana</w>
 <w id="w11.8.29">.</w>
</s></p>

<p id="12">
<s id="s12.1">
 <w id="w12.1.1">Kakšne</w> 
 <w id="w12.1.2">koristi</w> 
 <w id="w12.1.3">je</w> 
 <w id="w12.1.4">zdravilo</w> 
 <w id="w12.1.5">Actos</w> 
 <w id="w12.1.6">izkazalo</w> 
 <w id="w12.1.7">med</w> 
 <w id="w12.1.8">raziskavami</w>
 <w id="w12.1.9">?</w>
</s> 
 
<s id="s12.2">
 <w id="w12.2.1">Zdravilo</w> 
 <w id="w12.2.2">Actos</w> 
 <w id="w12.2.3">je</w> 
 <w id="w12.2.4">povzročilo</w> 
 <w id="w12.2.5">zmanjšanje</w> 
 <w id="w12.2.6">ravni</w> 
 <w id="w12.2.7">HbA1c</w>
 <w id="w12.2.8">,</w> 
 <w id="w12.2.9">kar</w> 
 <w id="w12.2.10">kaže</w>
 <w id="w12.2.11">,</w> 
 <w id="w12.2.12">da</w> 
 <w id="w12.2.13">so</w> 
 <w id="w12.2.14">se</w> 
 <w id="w12.2.15">ravni</w> 
 <w id="w12.2.16">glukoze</w> 
 <w id="w12.2.17">v</w> 
 <w id="w12.2.18">krvi</w> 
 <w id="w12.2.19">pri</w> 
 <w id="w12.2.20">odmerkih</w> 
 <w id="w12.2.21">15</w> 
 <w id="w12.2.22">mg</w>
 <w id="w12.2.23">,</w> 
 <w id="w12.2.24">30</w> 
 <w id="w12.2.25">mg</w> 
 <w id="w12.2.26">in</w> 
 <w id="w12.2.27">45</w> 
 <w id="w12.2.28">mg</w> 
 <w id="w12.2.29">znižale</w>
 <w id="w12.2.30">.</w>
</s> 
 
<s id="s12.3">
 <w id="w12.3.1">Odmerki</w>
 <w id="w12.3.2">,</w> 
 <w id="w12.3.3">nižji</w> 
 <w id="w12.3.4">od</w> 
 <w id="w12.3.5">15</w> 
 <w id="w12.3.6">mg</w>
 <w id="w12.3.7">,</w> 
 <w id="w12.3.8">niso</w> 
 <w id="w12.3.9">bili</w> 
 <w id="w12.3.10">učinkoviti</w>
 <w id="w12.3.11">,</w> 
 <w id="w12.3.12">odmerki</w>
 <w id="w12.3.13">,</w> 
 <w id="w12.3.14">višji</w> 
 <w id="w12.3.15">od</w> 
 <w id="w12.3.16">45</w> 
 <w id="w12.3.17">mg</w> 
 <w id="w12.3.18">(</w>
 <w id="w12.3.19">enkrat</w> 
 <w id="w12.3.20">dnevno</w>
 <w id="w12.3.21">)</w>
 <w id="w12.3.22">,</w> 
 <w id="w12.3.23">pa</w> 
 <w id="w12.3.24">niso</w> 
 <w id="w12.3.25">izkazali</w> 
 <w id="w12.3.26">dodatne</w> 
 <w id="w12.3.27">koristi</w>
 <w id="w12.3.28">.</w>
</s> 
 
<s id="s12.4">
 <w id="w12.4.1">Zdravilo</w> 
 <w id="w12.4.2">Actos</w> 
 <w id="w12.4.3">kot</w> 
 <w id="w12.4.4">samostojno</w> 
 <w id="w12.4.5">zdravilo</w> 
 <w id="w12.4.6">se</w> 
 <w id="w12.4.7">je</w> 
 <w id="w12.4.8">izkazalo</w> 
 <w id="w12.4.9">kot</w> 
 <w id="w12.4.10">vsaj</w> 
 <w id="w12.4.11">toliko</w> 
 <w id="w12.4.12">učinkovito</w> 
 <w id="w12.4.13">kot</w> 
 <w id="w12.4.14">metformin</w> 
 <w id="w12.4.15">in</w> 
 <w id="w12.4.16">gliklazid</w>
 <w id="w12.4.17">.</w>
</s> 
 
<s id="s12.5">
 <w id="w12.5.1">Pokazalo</w> 
 <w id="w12.5.2">se</w> 
 <w id="w12.5.3">je</w>
 <w id="w12.5.4">,</w> 
 <w id="w12.5.5">da</w> 
 <w id="w12.5.6">zdravilo</w> 
 <w id="w12.5.7">Actos</w> 
 <w id="w12.5.8">izboljša</w> 
 <w id="w12.5.9">nadzor</w>
 <w id="w12.5.10">,</w> 
 <w id="w12.5.11">dosežen</w> 
 <w id="w12.5.12">pri</w> 
 <w id="w12.5.13">sladkorni</w> 
 <w id="w12.5.14">bolezni</w> 
 <w id="w12.5.15">tipa</w> 
 <w id="w12.5.16">2</w>
 <w id="w12.5.17">,</w> 
 <w id="w12.5.18">če</w> 
 <w id="w12.5.19">ga</w> 
 <w id="w12.5.20">dodamo</w> 
 <w id="w12.5.21">obstoječemu</w> 
 <w id="w12.5.22">zdravljenju</w>
 <w id="w12.5.23">.</w>
</s> 
 
<s id="s12.6">
 <w id="w12.6.1">Ob</w> 
 <w id="w12.6.2">koncu</w> 
 <w id="w12.6.3">raziskave</w> 
 <w id="w12.6.4">zdravljenja</w> 
 <w id="w12.6.5">s</w> 
 <w id="w12.6.6">tremi</w> 
 <w id="w12.6.7">zdravili</w> 
 <w id="w12.6.8">hkrati</w>
 <w id="w12.6.9">,</w> 
 <w id="w12.6.10">je</w> 
 <w id="w12.6.11">bil</w> 
 <w id="w12.6.12">učinek</w> 
 <w id="w12.6.13">dodajanja</w> 
 <w id="w12.6.14">zdravila</w> 
 <w id="w12.6.15">Actos</w> 
 <w id="w12.6.16">obstoječemu</w> 
 <w id="w12.6.17">zdravljenju</w> 
 <w id="w12.6.18">z</w> 
 <w id="w12.6.19">metforminom</w> 
 <w id="w12.6.20">in</w> 
 <w id="w12.6.21">sulfonilsečnino</w> 
 <w id="w12.6.22">0,</w>
 <w id="w12.6.23">94</w> 
 <w id="w12.6.24">%</w> 
 <w id="w12.6.25">znižanje</w> 
 <w id="w12.6.26">ravni</w> 
 <w id="w12.6.27">HbA1c</w>
 <w id="w12.6.28">,</w> 
 <w id="w12.6.29">medtem</w> 
 <w id="w12.6.30">ko</w> 
 <w id="w12.6.31">je</w> 
 <w id="w12.6.32">pri</w> 
 <w id="w12.6.33">dodajanju</w> 
 <w id="w12.6.34">placeba</w> 
 <w id="w12.6.35">prišlo</w> 
 <w id="w12.6.36">do</w> 
 <w id="w12.6.37">0,</w>
 <w id="w12.6.38">35</w> 
 <w id="w12.6.39">%</w> 
 <w id="w12.6.40">znižanja</w>
 <w id="w12.6.41">.</w>
</s> 
 
<s id="s12.7">
 <w id="w12.7.1">V</w> 
 <w id="w12.7.2">manjši</w> 
 <w id="w12.7.3">študiji</w>
 <w id="w12.7.4">,</w> 
 <w id="w12.7.5">ki</w> 
 <w id="w12.7.6">je</w> 
 <w id="w12.7.7">preučevala</w> 
 <w id="w12.7.8">kombinacijo</w> 
 <w id="w12.7.9">zdravila</w> 
 <w id="w12.7.10">Actos</w> 
 <w id="w12.7.11">in</w> 
 <w id="w12.7.12">insulina</w> 
 <w id="w12.7.13">pri</w> 
 <w id="w12.7.14">289</w> 
 <w id="w12.7.15">bolnikih</w>
 <w id="w12.7.16">,</w> 
 <w id="w12.7.17">je</w> 
 <w id="w12.7.18">pri</w> 
 <w id="w12.7.19">bolnikih</w>
 <w id="w12.7.20">,</w> 
 <w id="w12.7.21">pri</w> 
 <w id="w12.7.22">katerih</w> 
 <w id="w12.7.23">so</w> 
 <w id="w12.7.24">dodajali</w> 
 <w id="w12.7.25">zdravilo</w> 
 <w id="w12.7.26">Actos</w> 
 <w id="w12.7.27">k</w> 
 <w id="w12.7.28">insulinu</w>
 <w id="w12.7.29">,</w> 
 <w id="w12.7.30">po</w> 
 <w id="w12.7.31">6</w> 
 <w id="w12.7.32">mesecih</w> 
 <w id="w12.7.33">prišlo</w> 
 <w id="w12.7.34">do</w> 
 <w id="w12.7.35">0,</w>
 <w id="w12.7.36">69</w> 
 <w id="w12.7.37">%</w> 
 <w id="w12.7.38">znižanja</w> 
 <w id="w12.7.39">ravni</w> 
 <w id="w12.7.40">HbA1c</w> 
 <w id="w12.7.41">v</w> 
 <w id="w12.7.42">primerjavi</w> 
 <w id="w12.7.43">z</w> 
 <w id="w12.7.44">0,</w>
 <w id="w12.7.45">14</w> 
 <w id="w12.7.46">%</w> 
 <w id="w12.7.47">znižanjem</w> 
 <w id="w12.7.48">teh</w> 
 <w id="w12.7.49">ravni</w> 
 <w id="w12.7.50">pri</w> 
 <w id="w12.7.51">bolnikih</w>
 <w id="w12.7.52">,</w> 
 <w id="w12.7.53">katerim</w> 
 <w id="w12.7.54">so</w> 
 <w id="w12.7.55">dodajali</w> 
 <w id="w12.7.56">placebo</w>
 <w id="w12.7.57">.</w>
</s></p>

<p id="13">
<s id="s13.1">
 <w id="w13.1.1">Kakšna</w> 
 <w id="w13.1.2">tveganja</w> 
 <w id="w13.1.3">so</w> 
 <w id="w13.1.4">povezana</w> 
 <w id="w13.1.5">z</w> 
 <w id="w13.1.6">zdravilom</w> 
 <w id="w13.1.7">Actos</w>
 <w id="w13.1.8">?</w>
</s> 
 
<s id="s13.2">
 <w id="w13.2.1">Najpogostejši</w> 
 <w id="w13.2.2">neželeni</w> 
 <w id="w13.2.3">učinki</w> 
 <w id="w13.2.4">pri</w> 
 <w id="w13.2.5">uporabi</w> 
 <w id="w13.2.6">zdravila</w> 
 <w id="w13.2.7">Actos</w> 
 <w id="w13.2.8">so</w> 
 <w id="w13.2.9">motnje</w> 
 <w id="w13.2.10">vida</w>
 <w id="w13.2.11">,</w> 
 <w id="w13.2.12">okužbe</w> 
 <w id="w13.2.13">zgornjih</w> 
 <w id="w13.2.14">dihal</w> 
 <w id="w13.2.15">(</w>
 <w id="w13.2.16">prehladi</w>
 <w id="w13.2.17">)</w>
 <w id="w13.2.18">,</w> 
 <w id="w13.2.19">povečanje</w> 
 <w id="w13.2.20">telesne</w> 
 <w id="w13.2.21">mase</w> 
 <w id="w13.2.22">in</w> 
 <w id="w13.2.23">hipostezija</w> 
 <w id="w13.2.24">(</w>
 <w id="w13.2.25">zmanjšana</w> 
 <w id="w13.2.26">občutljivost</w> 
 <w id="w13.2.27">za</w> 
 <w id="w13.2.28">dražljaje</w>
 <w id="w13.2.29">)</w>
 <w id="w13.2.30">.</w>
</s> 
 
<s id="s13.3">
 <w id="w13.3.1">Za</w> 
 <w id="w13.3.2">celoten</w> 
 <w id="w13.3.3">seznam</w> 
 <w id="w13.3.4">neželenih</w> 
 <w id="w13.3.5">učinkov</w>
 <w id="w13.3.6">,</w> 
 <w id="w13.3.7">o</w> 
 <w id="w13.3.8">katerih</w> 
 <w id="w13.3.9">so</w> 
 <w id="w13.3.10">poročali</w> 
 <w id="w13.3.11">pri</w> 
 <w id="w13.3.12">uporabi</w> 
 <w id="w13.3.13">zdravila</w> 
 <w id="w13.3.14">Actos</w>
 <w id="w13.3.15">,</w> 
 <w id="w13.3.16">glejte</w> 
 <w id="w13.3.17">Navodilo</w> 
 <w id="w13.3.18">za</w> 
 <w id="w13.3.19">uporabo</w>
 <w id="w13.3.20">.</w>
</s> 
 
<s id="s13.4">
 <w id="w13.4.1">Zdravila</w> 
 <w id="w13.4.2">Actos</w> 
 <w id="w13.4.3">ne</w> 
 <w id="w13.4.4">smejo</w> 
 <w id="w13.4.5">uporabljati</w> 
 <w id="w13.4.6">osebe</w>
 <w id="w13.4.7">,</w> 
 <w id="w13.4.8">ki</w> 
 <w id="w13.4.9">bi</w> 
 <w id="w13.4.10">utegnile</w> 
 <w id="w13.4.11">biti</w> 
 <w id="w13.4.12">preobčutljive</w> 
 <w id="w13.4.13">za</w> 
 <w id="w13.4.14">(</w>
 <w id="w13.4.15">alergične</w> 
 <w id="w13.4.16">na</w>
 <w id="w13.4.17">)</w> 
 <w id="w13.4.18">pioglitazon</w> 
 <w id="w13.4.19">ali</w> 
 <w id="w13.4.20">katero</w> 
 <w id="w13.4.21">od</w> 
 <w id="w13.4.22">drugih</w> 
 <w id="w13.4.23">sestavin</w>
 <w id="w13.4.24">,</w> 
 <w id="w13.4.25">ali</w> 
 <w id="w13.4.26">bolniki</w> 
 <w id="w13.4.27">z</w> 
 <w id="w13.4.28">obolenji</w> 
 <w id="w13.4.29">jeter</w>
 <w id="w13.4.30">,</w> 
 <w id="w13.4.31">srčnim</w> 
 <w id="w13.4.32">popuščanjem</w> 
 <w id="w13.4.33">ali</w> 
 <w id="w13.4.34">diabetično</w> 
 <w id="w13.4.35">ketoacidozo</w> 
 <w id="w13.4.36">(</w>
 <w id="w13.4.37">visokimi</w> 
 <w id="w13.4.38">ravnmi</w> 
 <w id="w13.4.39">ketonov</w> 
 <w id="w13.4.40">[</w>
 <w id="w13.4.41">kislin</w>
 <w id="w13.4.42">]</w> 
 <w id="w13.4.43">v</w> 
 <w id="w13.4.44">krvi</w>
 <w id="w13.4.45">)</w>
 <w id="w13.4.46">.</w>
</s></p>

<p id="14">
<s id="s14.1">
 <w id="w14.1.1">Zakaj</w> 
 <w id="w14.1.2">je</w> 
 <w id="w14.1.3">bilo</w> 
 <w id="w14.1.4">zdravilo</w> 
 <w id="w14.1.5">Actos</w> 
 <w id="w14.1.6">odobreno</w>
 <w id="w14.1.7">?</w>
</s> 
 
<s id="s14.2">
 <w id="w14.2.1">Odbor</w> 
 <w id="w14.2.2">za</w> 
 <w id="w14.2.3">zdravila</w> 
 <w id="w14.2.4">za</w> 
 <w id="w14.2.5">uporabo</w> 
 <w id="w14.2.6">v</w> 
 <w id="w14.2.7">humani</w> 
 <w id="w14.2.8">medicini</w> 
 <w id="w14.2.9">(</w>
 <w id="w14.2.10">CHMP</w>
 <w id="w14.2.11">)</w> 
 <w id="w14.2.12">je</w> 
 <w id="w14.2.13">odločil</w>
 <w id="w14.2.14">,</w> 
 <w id="w14.2.15">da</w> 
 <w id="w14.2.16">so</w> 
 <w id="w14.2.17">koristi</w> 
 <w id="w14.2.18">zdravila</w> 
 <w id="w14.2.19">Actos</w> 
 <w id="w14.2.20">pri</w> 
 <w id="w14.2.21">zdravljenju</w> 
 <w id="w14.2.22">sladkorne</w> 
 <w id="w14.2.23">bolezni</w> 
 <w id="w14.2.24">tipa</w> 
 <w id="w14.2.25">2</w> 
 <w id="w14.2.26">večje</w> 
 <w id="w14.2.27">od</w> 
 <w id="w14.2.28">z</w> 
 <w id="w14.2.29">njim</w> 
 <w id="w14.2.30">povezanih</w> 
 <w id="w14.2.31">tveganj</w>
 <w id="w14.2.32">.</w>
</s> 
 
<s id="s14.3">
 <w id="w14.3.1">Zato</w> 
 <w id="w14.3.2">je</w> 
 <w id="w14.3.3">priporočil</w>
 <w id="w14.3.4">,</w> 
 <w id="w14.3.5">da</w> 
 <w id="w14.3.6">se</w> 
 <w id="w14.3.7">za</w> 
 <w id="w14.3.8">zdravilo</w> 
 <w id="w14.3.9">Actos</w> 
 <w id="w14.3.10">podeli</w> 
 <w id="w14.3.11">dovoljenje</w> 
 <w id="w14.3.12">za</w> 
 <w id="w14.3.13">promet</w> 
 <w id="w14.3.14">z</w> 
 <w id="w14.3.15">zdravilom</w>
 <w id="w14.3.16">.</w>
</s> 
 
<s id="s14.4">
 <w id="w14.4.1">Pri</w> 
 <w id="w14.4.2">monoterapiji</w> 
 <w id="w14.4.3">(</w>
 <w id="w14.4.4">uporabi</w> 
 <w id="w14.4.5">tega</w> 
 <w id="w14.4.6">zdravila</w> 
 <w id="w14.4.7">kot</w> 
 <w id="w14.4.8">samostojnega</w> 
 <w id="w14.4.9">zdravila</w>
 <w id="w14.4.10">)</w> 
 <w id="w14.4.11">je</w> 
 <w id="w14.4.12">odbor</w> 
 <w id="w14.4.13">odločil</w>
 <w id="w14.4.14">,</w> 
 <w id="w14.4.15">da</w> 
 <w id="w14.4.16">bo</w> 
 <w id="w14.4.17">zdravilo</w> 
 <w id="w14.4.18">Actos</w> 
 <w id="w14.4.19">alternativa</w> 
 <w id="w14.4.20">standardnemu</w> 
 <w id="w14.4.21">zdravljenju</w> 
 <w id="w14.4.22">z</w> 
 <w id="w14.4.23">metforminom</w> 
 <w id="w14.4.24">in</w> 
 <w id="w14.4.25">se</w> 
 <w id="w14.4.26">bo</w> 
 <w id="w14.4.27">uporabljalo</w> 
 <w id="w14.4.28">pri</w> 
 <w id="w14.4.29">bolnikih</w>
 <w id="w14.4.30">,</w> 
 <w id="w14.4.31">ki</w> 
 <w id="w14.4.32">metformina</w> 
 <w id="w14.4.33">ne</w> 
 <w id="w14.4.34">morejo</w> 
 <w id="w14.4.35">jemati</w>
 <w id="w14.4.36">.</w>
</s></p>

<p id="15">
<s id="s15.1">
 <w id="w15.1.1">Druge</w> 
 <w id="w15.1.2">informacije</w> 
 <w id="w15.1.3">o</w> 
 <w id="w15.1.4">zdravilu</w> 
 <w id="w15.1.5">Actos</w>
 <w id="w15.1.6">:</w>
</s> 
 
<s id="s15.2">
 <w id="w15.2.1">Evropska</w> 
 <w id="w15.2.2">komisija</w> 
 <w id="w15.2.3">je</w> 
 <w id="w15.2.4">dovoljenje</w> 
 <w id="w15.2.5">za</w> 
 <w id="w15.2.6">promet</w> 
 <w id="w15.2.7">z</w> 
 <w id="w15.2.8">zdravilom</w> 
 <w id="w15.2.9">Actos</w>
 <w id="w15.2.10">,</w> 
 <w id="w15.2.11">veljavno</w> 
 <w id="w15.2.12">po</w> 
 <w id="w15.2.13">vsej</w> 
 <w id="w15.2.14">Evropski</w> 
 <w id="w15.2.15">uniji</w>
 <w id="w15.2.16">,</w> 
 <w id="w15.2.17">odobrila</w> 
 <w id="w15.2.18">družbi</w> 
 <w id="w15.2.19">Takeda</w> 
 <w id="w15.2.20">Europe</w> 
 <w id="w15.2.21">R</w>   
 <w id="w15.2.22">&amp;</w>   
 <w id="w15.2.23">D</w> 
 <w id="w15.2.24">Centre</w> 
 <w id="w15.2.25">Limited</w> 
 <w id="w15.2.26">dne</w> 
 <w id="w15.2.27">13</w>
 <w id="w15.2.28">.</w> 
 <w id="w15.2.29">oktobra</w> 
 <w id="w15.2.30">2000</w>
 <w id="w15.2.31">.</w>
</s> 
 
<s id="s15.3">
 <w id="w15.3.1">Dovoljenje</w> 
 <w id="w15.3.2">za</w> 
 <w id="w15.3.3">promet</w> 
 <w id="w15.3.4">z</w> 
 <w id="w15.3.5">zdravilom</w> 
 <w id="w15.3.6">je</w> 
 <w id="w15.3.7">bilo</w> 
 <w id="w15.3.8">podaljšano</w> 
 <w id="w15.3.9">13</w>
 <w id="w15.3.10">.</w> 
 <w id="w15.3.11">oktobra</w> 
 <w id="w15.3.12">2005</w>
 <w id="w15.3.13">.</w>
</s></p>

<p id="16">
<s id="s16.1">
 <w id="w16.1.1">Celotno</w> 
 <w id="w16.1.2">Evropsko</w> 
 <w id="w16.1.3">javno</w> 
 <w id="w16.1.4">poročilo</w> 
 <w id="w16.1.5">o</w> 
 <w id="w16.1.6">oceni</w> 
 <w id="w16.1.7">zdravila</w> 
 <w id="w16.1.8">(</w>
 <w id="w16.1.9">EPAR</w>
 <w id="w16.1.10">)</w> 
 <w id="w16.1.11">za</w> 
 <w id="w16.1.12">zdravilo</w> 
 <w id="w16.1.13">Actos</w> 
 <w id="w16.1.14">je</w> 
 <w id="w16.1.15">na</w> 
 <w id="w16.1.16">voljo</w> 
 <w id="w16.1.17">tukaj</w>
 <w id="w16.1.18">.</w>
</s> 
 
<s id="s16.2">
 <w id="w16.2.1">Ta</w> 
 <w id="w16.2.2">povzetek</w> 
 <w id="w16.2.3">je</w> 
 <w id="w16.2.4">bil</w> 
 <w id="w16.2.5">nazadnje</w> 
 <w id="w16.2.6">posodobljen</w> 
 <w id="w16.2.7">01-</w>
 <w id="w16.2.8">2007</w>
 <w id="w16.2.9">.</w>
</s></p>

<p id="17">
<s id="s17.1">
 <w id="w17.1.1">©EMEA</w> 
 <w id="w17.1.2">2007</w>
</s></p>

<head id="18">
<s id="s18.1">
 <w id="w18.1.1">2/</w>
 <w id="w18.1.2">2</w>
</s></head></text>
