<?xml version="1.0" encoding="utf-8"?>
<letsmt version="1.0">
<head></head>
<body>
<s id="s1.1">European Medicines Agency</s>
<s id="s2.1">28. november 2005 EMEA/ CHMP/ 383179/ 2005 MNENJE ODBORA ZA ZDRAVILA ZA UPORABO V HUMANI MEDICINI (CHMP) V ZVEZI Z NAPOTITVIJO IZ ČLENA 31</s>
<s id="s3.1">ZA VSA ZDRAVILA, KI VSEBUJEJO CELEKOKSIB, ETORIKOKSIB, LUMIRAKOKSIB, PAREKOKSIB IN VALDEKOKSIB</s>
<s id="s4.1">Mednarodno nelastniško ime (INN):</s>
<s id="s4.2">LUMIRAKOKSIB</s>
<s id="s5.1">OSNOVNE INFORMACIJE</s>
<s id="s6.1">Zaviralci COX- 2, celekoksib, etorikoksib, lumirakoksib, parekoksib, rofekoksib in valdekoksib sestavljajo relativno novo skupino snovi, katerih skupno farmakološko delovanje je selektivno zaviranje ciklooksigenaze- 2.</s>
<s id="s6.2">Zaviralci COX- 2 so bili v zdravniško prakso uvedeni za zdravljenje bolnikov s kroničnimi vnetnimi boleznimi kot so revmatoidni artritis in osteoartritis.</s>
<s id="s7.1">Septembra 2004 je imetnik dovoljenja za promet z rofekoksibom obvestil EMEA, da so podatki iz novega kliničnega preizkušanja (APPROVe) učinkovine rofekoksib pokazali tveganje za trombotične kardiovaskularne dogodke.</s>
<s id="s7.2">Zaradi teh podatkov je imetnik dovoljenja za promet dne 30. septembra 2004 z vseh svetovnih tržišč umaknil rofekoksib (Vioxx), pojavila pa so se tudi vprašanja o kardiovaskularni varnosti drugih zaviralcev Cox- 2.</s>
<s id="s8.1">Po razpravi Odbora za zdravila za uporabo v humani medicini (CHMP) na plenarni seji oktobra 2004 je Evropska komisija priporočila, da se za to vprašanje javnega zdravja o vseh vidikih kardiovaskularne varnosti, vključno s trombotičnimi dogodki in kardiorenalnimi dogodki, mora sprožiti napotitveni postopek Skupnosti v skladu s členom 31 dopolnjene Direktive 2001/ 83/ ESv zvezi z zdravili, odobrenimi po decentraliziranem postopku, ki vsebujejo celekoksib, etorikoksib in lumirakoksib ter revizijski postopek v skladu s členom 18 Uredbe Sveta (EGS) št.</s>
<s id="s8.2">2309/ 93, kot je bila spremenjena, v zvezi z zdravili, odobrenimi po centraliziranem postopku, ki vsebujejo celekoksib (Onsenal), parekoksib (Dynastat/ Rayzon) in valdekoksib (Bextra/ Valdyn).</s>
<s id="s8.3">Ti revizijski postopki so se začeli novembra 2004.</s>
<s id="s9.1">Dne 18. novembra 2004 je CHMP za ta zdravila zahteval obsežnejše podatke o kardiovaskularni varnosti.</s>
<s id="s10.1">Dne 7. aprila 2005 sta FDA (Food and Drug Administration) in EMEA prosila podjetje Pfizer naj prostovoljno umakne zdravilo Bextra (valdekoksib) iz prometa.</s>
<s id="s10.2">Pfizer je soglašal, da zaradi podatkov o hudih kožnih reakcijah po vsem svetu ustavi prodajo in trženje zdravila Bextra do nadaljnje razprave o neugodnem razmerju med tveganji in koristmi.</s>
<s id="s11.1">Dne 20. aprila 2005 je Pfizer med zaslišanjem predstavil podatke o hudih kožnih reakcijah pri uporabi valdekoksiba.</s>
<s id="s12.1">CHMP je zato na zahtevo ES dne 20. aprila 2005 postopek iz člena 31 Direktive 2001/ 83/ ES, kot je bila spremenjena, ter revizijski postopek v skladu s členom 18 Uredbe Sveta (EGS) št.</s>
<s id="s12.2">2309/ 93, razširil tako, da se v revizijo razreda zdravil v teku poleg vidikov kardiovaskularne varnosti vključi tudi vrednotenje hudih kožnih reakcij.</s>
<s id="s13.1">Imetnik dovoljenja za promet z lumirakoksibom je pisna pojasnila predložil do 10. januarja in 10. maja 2005.</s>
<s id="s13.2">Ustno obrazložitev je imetnik dovoljenja za promet podal 18. januarja 2005.</s>
<s id="s14.1">7 Westferry Circus, Canary Wharf, London, E14 4HB, UK Tel.</s>
<s id="s14.2">(44- 20) 74 18 84 00 Fax (44- 20) 74 18 86 68 E- mail: mail@ emea. eu. int http: // www. emea. eu. int EMEA 2005 Reproduction and/ or distribution of this document is authorised for non commercial purposes only provided the EMEA is acknowledged Po upoštevanju vseh razpoložljivih podatkov je CHMP dne 23. junija 2005 sprejel mnenje za lumirakoksib, v katerem priporoča ohranitev dovoljenj za promet za zdravila, ki vsebujejo lumirakoksib, za indikacije, navedene v Povzetku glavnih značilnosti zdravila, kot je opredeljeno v Dodatku III.</s>
<s id="s15.1">Seznam zadevnih imen proizvodov je naveden v Dodatku I.</s>
<s id="s15.2">Znanstveni zaključki so podani v Dodatku II, skupaj s spremenjenim Povzetkom glavnih značilnosti zdravila v Dodatku III.</s>
<s id="s16.1">Na podlagi mnenja CHMP je Evropska komisija izdala odločbo dne 28. novembra 2005.</s>
<s id="s17.1">* Opombe:</s>
<s id="s17.2">Informacije, podane v tem dokumentu in Dodatkih odražajo samo mnenje CHMP z dne 23. junija 2005.</s>
<s id="s17.3">Pristojne oblasti držav članic bodo zdravilo še naprej redno nadzorovale.</s>
<s id="s18.1">2/ 2 EMEA 2005</s>
</body>
</letsmt>
