<?xml version="1.0" encoding="utf-8"?>
<letsmt version="1.0">
<head></head>
<body>
<s id="s1.1">EU Number</s>
<s id="s2.1">Invented Name</s>
<s id="s3.1">Strength</s>
<s id="s4.1">Pharmaceutical Form</s>
<s id="s5.1">Target Route of Species Administration</s>
<s id="s6.1">Packaging</s>
<s id="s7.1">Content Package Size</s>
<s id="s8.1">Withdrawal Period</s>
<s id="s9.1">EU/ 2/ 00/ 022/ 001a Ibaflin tablets</s>
<s id="s10.1">150mg Tablets</s>
<s id="s11.1">Dogs</s>
<s id="s12.1">Oral use</s>
<s id="s13.1">PVC/ aluminium blisters</s>
<s id="s14.1">10 tablets Carton box with 2 per blister blisters (20 tablets)</s>
<s id="s15.1">N/ A</s>
<s id="s16.1">EU/ 2/ 00/ 022/ 001b Ibaflin tablets</s>
<s id="s17.1">150mg Tablets</s>
<s id="s18.1">Dogs</s>
<s id="s19.1">Oral use</s>
<s id="s20.1">PVC/ PVDC/ aluminium 10 tablets Carton box with 2 blisters per blister blisters (20 tablets)</s>
<s id="s21.1">N/ A</s>
<s id="s22.1">EU/ 2/ 00/ 022/ 002a Ibaflin tablets</s>
<s id="s23.1">150mg Tablets</s>
<s id="s24.1">Dogs</s>
<s id="s25.1">Oral use</s>
<s id="s26.1">PVC/ aluminium blisters 10 tablets Carton box with 10 per blister blisters (100 tablets)</s>
<s id="s27.1">N/ A</s>
<s id="s28.1">EU/ 2/ 00/ 022/ 002b Ibaflin tablets</s>
<s id="s29.1">150mg Tablets</s>
<s id="s30.1">Dogs</s>
<s id="s31.1">Oral use</s>
<s id="s32.1">PVC/ PVDC/ aluminium 10 tablets Carton box with 10 blisters per blister blisters (100 tablets)</s>
<s id="s33.1">N/ A</s>
<s id="s34.1">EU/ 2/ 00/ 022/ 003a Ibaflin tablets</s>
<s id="s35.1">300mg Tablets</s>
<s id="s36.1">Dogs</s>
<s id="s37.1">Oral use</s>
<s id="s38.1">PVC/ aluminium blisters 8 tablets Carton box with 2 per blister blisters (16 tablets)</s>
<s id="s39.1">N/ A</s>
<s id="s40.1">EU/ 2/ 00/ 022/ 003b Ibaflin tablets</s>
<s id="s41.1">300mg Tablets</s>
<s id="s42.1">Dogs</s>
<s id="s43.1">Oral use</s>
<s id="s44.1">PVC/ PVDC/ aluminium 8 tablets Carton box with 2 blisters per blister blisters (16 tablets)</s>
<s id="s45.1">N/ A</s>
<s id="s46.1">EU/ 2/ 00/ 022/ 004a Ibaflin tablets</s>
<s id="s47.1">300mg Tablets</s>
<s id="s48.1">Dogs</s>
<s id="s49.1">Oral use</s>
<s id="s50.1">PVC/ aluminium blisters 8 tablets Carton box with 10 per blister blisters (80 tablets)</s>
<s id="s51.1">N/ A</s>
<s id="s52.1">EU/ 2/ 00/ 022/ 004b Ibaflin tablets</s>
<s id="s53.1">300mg Tablets</s>
<s id="s54.1">Dogs</s>
<s id="s55.1">Oral use</s>
<s id="s56.1">PVC/ PVDC/ aluminium 8 tablets Carton box with 10 blisters per blister blisters (80 tablets)</s>
<s id="s57.1">N/ A</s>
<s id="s58.1">EU/ 2/ 00/ 022/ 005 Ibaflin tablets</s>
<s id="s59.1">150mg Tablets</s>
<s id="s60.1">Dogs</s>
<s id="s61.1">Oral use</s>
<s id="s62.1">PVC/ aluminium blisters 10 tablets Carton box with 1 per blister blister (10 tablets)</s>
<s id="s63.1">N/ A</s>
<s id="s64.1">EU/ 2/ 00/ 022/ 006 Ibaflin tablets</s>
<s id="s65.1">150mg Tablets</s>
<s id="s66.1">Dogs</s>
<s id="s67.1">Oral use</s>
<s id="s68.1">PVC/ PVDC/ aluminium 10 tablets Carton box with 1 blisters per blister blister (10 tablets)</s>
<s id="s69.1">N/ A</s>
<s id="s70.1">EU/ 2/ 00/ 022/ 007 Ibaflin tablets</s>
<s id="s71.1">300mg Tablets</s>
<s id="s72.1">Dogs</s>
<s id="s73.1">Oral use</s>
<s id="s74.1">PVC/ aluminium blisters 8 tablets Carton box with 1 per blister blister</s>
<s id="s75.1">N/ A</s>
<s id="s76.1">EU Number</s>
<s id="s77.1">Invented Name</s>
<s id="s78.1">Strength</s>
<s id="s79.1">Pharmaceutical Form</s>
<s id="s80.1">Target Route of Species Administration</s>
<s id="s81.1">Packaging</s>
<s id="s82.1">Content</s>
<s id="s83.1">Package Size (8 tablets)</s>
<s id="s84.1">Withdrawal Period</s>
<s id="s85.1">EU/ 2/ 00/ 022/ 008</s>
<s id="s86.1">Ibaflin tablets</s>
<s id="s87.1">300mg</s>
<s id="s88.1">Tablets</s>
<s id="s89.1">Dogs</s>
<s id="s90.1">Oral use</s>
<s id="s91.1">PVC/ PVDC/ aluminium blisters</s>
<s id="s92.1">8 tablets Carton box with 1 per blister blister (8 tablets)</s>
<s id="s93.1">N/ A</s>
<s id="s94.1">EU/ 2/ 00/ 022/ 009</s>
<s id="s95.1">Ibaflin Gel</s>
<s id="s96.1">3% w/ w Oral gel</s>
<s id="s97.1">Cats, Dogs</s>
<s id="s98.1">Oral use</s>
<s id="s99.1">Pre-filled syringe 15 ml (HDPE)</s>
<s id="s100.1">1 syringe</s>
<s id="s101.1">N/ A</s>
<s id="s102.1">EU/ 2/ 00/ 022/ 010</s>
<s id="s103.1">Ibaflin Gel</s>
<s id="s104.1">3% w/ w Oral gel</s>
<s id="s105.1">Cats, Dogs</s>
<s id="s106.1">Oral use</s>
<s id="s107.1">Pre-filled syringe 15 ml (HDPE)</s>
<s id="s108.1">5 syringes</s>
<s id="s109.1">N/ A</s>
<s id="s110.1">EU/ 2/ 00/ 022/ 011</s>
<s id="s111.1">Ibaflin Gel</s>
<s id="s112.1">7.5% w/ w</s>
<s id="s113.1">Oral gel</s>
<s id="s114.1">Dogs</s>
<s id="s115.1">Oral use</s>
<s id="s116.1">Pre-filled syringe (HDPE)</s>
<s id="s117.1">30 ml</s>
<s id="s118.1">1 syringe</s>
<s id="s119.1">N/ A</s>
<s id="s120.1">EU/ 2/ 00/ 022/ 012</s>
<s id="s121.1">Ibaflin Gel</s>
<s id="s122.1">7.5% w/ w</s>
<s id="s123.1">Oral gel</s>
<s id="s124.1">Dogs</s>
<s id="s125.1">Oral use</s>
<s id="s126.1">Pre-filled syringe (HDPE)</s>
<s id="s127.1">30 ml</s>
<s id="s128.1">5 syringes</s>
<s id="s129.1">N/ A</s>
<s id="s130.1">EU/ 2/ 00/ 022/ 013</s>
<s id="s131.1">Ibafllin tablets 30 mg</s>
<s id="s132.1">Tablets</s>
<s id="s133.1">Dogs</s>
<s id="s134.1">Oral use</s>
<s id="s135.1">PVC/ aluminium blisters</s>
<s id="s136.1">20 tablets Carton box with 1 per blister blister (20 tablets)</s>
<s id="s137.1">N/ A</s>
<s id="s138.1">EU/ 2/ 00/ 022/ 014</s>
<s id="s139.1">Ibaflin tablets 30 mg</s>
<s id="s140.1">Tablets</s>
<s id="s141.1">Dogs</s>
<s id="s142.1">Oral use</s>
<s id="s143.1">PVC/ aluminium blisters</s>
<s id="s144.1">20 tablets Carton box with 5 per blister blister (100 tablets)</s>
<s id="s145.1">N/ A</s>
<s id="s146.1">EU/ 2/ 00/ 022/ 015</s>
<s id="s147.1">Ibaflin tablets 900 mg</s>
<s id="s148.1">Tablets</s>
<s id="s149.1">Dogs</s>
<s id="s150.1">Oral use</s>
<s id="s151.1">PVC/ aluminium blisters</s>
<s id="s152.1">5 tablets Carton box with 1 per blister blister (5 tablets)</s>
<s id="s153.1">N/ A</s>
<s id="s154.1">EU/ 2/ 00/ 022/ 016</s>
<s id="s155.1">Ibaflin tablets 900 mg</s>
<s id="s156.1">Tablets</s>
<s id="s157.1">Dogs</s>
<s id="s158.1">Oral use</s>
<s id="s159.1">PVC/ aluminium blisters</s>
<s id="s160.1">5 tablets Carton box with 5 per blister blister (25 tablets)</s>
<s id="s161.1">N/ A</s>
<s id="s162.1">EU Number</s>
<s id="s163.1">Invented Name</s>
<s id="s164.1">Strength</s>
<s id="s165.1">Pharmaceutical Form</s>
<s id="s166.1">Target Route of Species Administration</s>
<s id="s167.1">Packaging</s>
<s id="s168.1">Content</s>
<s id="s169.1">Package Size</s>
<s id="s170.1">Withdrawal Period</s>
<s id="s171.1">EU/ 2/ 00/ 022/ 017</s>
<s id="s172.1">Ibaflin tablets</s>
<s id="s173.1">900 mg Tablets</s>
<s id="s174.1">Dogs</s>
<s id="s175.1">Oral use</s>
<s id="s176.1">PVC/ aluminium blisters</s>
<s id="s177.1">5 tablets per blister</s>
<s id="s178.1">Carton box with 10 blister (50 tablets)</s>
<s id="s179.1">N/ A</s>
</body>
</letsmt>
