<?xml version="1.0" encoding="utf-8"?>
<text>
<head id="1">
<s id="s1.1">
 <w id="w1.1.1">Številka</w> 
 <w id="w1.1.2">EU</w>
</s></head>

<head id="2">
<s id="s2.1">
 <w id="w2.1.1">Zaščiteno</w> 
 <w id="w2.1.2">ime</w>
</s></head>

<head id="3">
<s id="s3.1">
 <w id="w3.1.1">Jakost</w>
</s></head>

<head id="4">
<s id="s4.1">
 <w id="w4.1.1">Farmacevtska</w> 
 <w id="w4.1.2">oblika</w> 
 <w id="w4.1.3">Način</w> 
 <w id="w4.1.4">uporabe</w>
</s></head>

<head id="5">
<s id="s5.1">
 <w id="w5.1.1">Ovojnina</w>
</s></head>

<p id="6">
<s id="s6.1">
 <w id="w6.1.1">Vsebnost</w> 
 <w id="w6.1.2">(</w>
 <w id="w6.1.3">koncentracija</w>
 <w id="w6.1.4">)</w> 
 <w id="w6.1.5">Velikost</w> 
 <w id="w6.1.6">pakiranja</w>
</s></p>

<head id="7">
<s id="s7.1">
 <w id="w7.1.1">EU/</w>
 <w id="w7.1.2">1/</w>
 <w id="w7.1.3">00/</w>
 <w id="w7.1.4">148/</w>
 <w id="w7.1.5">001</w>
</s></head>

<head id="8">
<s id="s8.1">
 <w id="w8.1.1">AGENERASE</w>
</s></head>

<head id="9">
<s id="s9.1">
 <w id="w9.1.1">50</w> 
 <w id="w9.1.2">mg</w>
</s></head>

<head id="10">
<s id="s10.1">
 <w id="w10.1.1">Mehke</w> 
 <w id="w10.1.2">kapsule</w>
</s></head>

<head id="11">
<s id="s11.1">
 <w id="w11.1.1">Peroralna</w> 
 <w id="w11.1.2">uporaba</w> 
 <w id="w11.1.3">Plastenka</w> 
 <w id="w11.1.4">(</w>
 <w id="w11.1.5">HDPE</w>
 <w id="w11.1.6">)</w>
</s></head>

<head id="12">
<s id="s12.1">
 <w id="w12.1.1">480</w>
</s></head>

<head id="13">
<s id="s13.1">
 <w id="w13.1.1">EU/</w>
 <w id="w13.1.2">1/</w>
 <w id="w13.1.3">00/</w>
 <w id="w13.1.4">148/</w>
 <w id="w13.1.5">002</w>
</s></head>

<head id="14">
<s id="s14.1">
 <w id="w14.1.1">AGENERASE</w>
</s></head>

<head id="15">
<s id="s15.1">
 <w id="w15.1.1">150</w> 
 <w id="w15.1.2">mg</w>
</s></head>

<head id="16">
<s id="s16.1">
 <w id="w16.1.1">Mehke</w> 
 <w id="w16.1.2">kapsule</w>
</s></head>

<head id="17">
<s id="s17.1">
 <w id="w17.1.1">Peroralna</w> 
 <w id="w17.1.2">uporaba</w> 
 <w id="w17.1.3">Plastenka</w> 
 <w id="w17.1.4">(</w>
 <w id="w17.1.5">HDPE</w>
 <w id="w17.1.6">)</w>
</s></head>

<head id="18">
<s id="s18.1">
 <w id="w18.1.1">240</w>
</s></head>

<head id="19">
<s id="s19.1">
 <w id="w19.1.1">EU/</w>
 <w id="w19.1.2">1/</w>
 <w id="w19.1.3">00/</w>
 <w id="w19.1.4">148/</w>
 <w id="w19.1.5">003</w>
</s></head>

<head id="20">
<s id="s20.1">
 <w id="w20.1.1">AGENERASE</w>
</s></head>

<head id="21">
<s id="s21.1">
 <w id="w21.1.1">150</w> 
 <w id="w21.1.2">mg</w>
</s></head>

<head id="22">
<s id="s22.1">
 <w id="w22.1.1">Mehke</w> 
 <w id="w22.1.2">kapsule</w>
</s></head>

<head id="23">
<s id="s23.1">
 <w id="w23.1.1">Peroralna</w> 
 <w id="w23.1.2">uporaba</w> 
 <w id="w23.1.3">Plastenka</w> 
 <w id="w23.1.4">(</w>
 <w id="w23.1.5">HDPE</w>
 <w id="w23.1.6">)</w>
</s></head>

<head id="24">
<s id="s24.1">
 <w id="w24.1.1">2</w> 
 <w id="w24.1.2">plastenki</w> 
 <w id="w24.1.3">po</w> 
 <w id="w24.1.4">240</w>
</s></head>

<head id="25">
<s id="s25.1">
 <w id="w25.1.1">EU/</w>
 <w id="w25.1.2">1/</w>
 <w id="w25.1.3">00/</w>
 <w id="w25.1.4">148/</w>
 <w id="w25.1.5">004</w>
</s></head>

<head id="26">
<s id="s26.1">
 <w id="w26.1.1">AGENERASE</w>
</s></head>

<head id="27">
<s id="s27.1">
 <w id="w27.1.1">15</w> 
 <w id="w27.1.2">mg/</w>
 <w id="w27.1.3">ml</w>
</s></head>

<head id="28">
<s id="s28.1">
 <w id="w28.1.1">Peroralna</w> 
 <w id="w28.1.2">raztopina</w>
</s></head>

<p id="29">
<s id="s29.1">
 <w id="w29.1.1">Peroralna</w> 
 <w id="w29.1.2">uporaba</w> 
 <w id="w29.1.3">Plastenka</w> 
 <w id="w29.1.4">(</w>
 <w id="w29.1.5">HDPE</w>
 <w id="w29.1.6">)</w> 
 <w id="w29.1.7">240</w> 
 <w id="w29.1.8">ml</w> 
 <w id="w29.1.9">(</w>
 <w id="w29.1.10">15</w> 
 <w id="w29.1.11">mg/</w>
 <w id="w29.1.12">ml</w>
 <w id="w29.1.13">)</w>
</s></p>

<head id="30">
<s id="s30.1">
 <w id="w30.1.1">1</w> 
 <w id="w30.1.2">plastenka</w> 
 <w id="w30.1.3">+</w> 
 <w id="w30.1.4">20</w> 
 <w id="w30.1.5">ml</w> 
 <w id="w30.1.6">odmerni</w> 
 <w id="w30.1.7">lonček</w>
</s></head>

<p id="31">
<s id="s31.1">
 <w id="w31.1.1">1</w>
</s></p></text>
