<?xml version="1.0" encoding="utf-8"?>
<text>
<head id="1">
<s id="s1.1">
 <w id="w1.1.1">Številka</w> 
 <w id="w1.1.2">EU</w>
</s></head>

<head id="2">
<s id="s2.1">
 <w id="w2.1.1">Zaščiteno</w> 
 <w id="w2.1.2">ime</w>
</s></head>

<head id="3">
<s id="s3.1">
 <w id="w3.1.1">Jakost</w>              
 <w id="w3.1.2">1</w>
</s></head>

<head id="4">
<s id="s4.1">
 <w id="w4.1.1">Farmacevtska</w> 
 <w id="w4.1.2">oblika</w>
</s></head>

<head id="5">
<s id="s5.1">
 <w id="w5.1.1">Pot</w> 
 <w id="w5.1.2">uporabe</w>
</s></head>

<head id="6">
<s id="s6.1">
 <w id="w6.1.1">Ovojnina</w>
</s></head>

<head id="7">
<s id="s7.1">
 <w id="w7.1.1">Vsebina</w>
</s></head>

<head id="8">
<s id="s8.1">
 <w id="w8.1.1">Velikost</w> 
 <w id="w8.1.2">pakiranja</w>
 <w id="w8.1.3">:</w>
</s></head>

<head id="9">
<s id="s9.1">
 <w id="w9.1.1">EU/</w>
 <w id="w9.1.2">1/</w>
 <w id="w9.1.3">03/</w>
 <w id="w9.1.4">263/</w>
 <w id="w9.1.5">001</w> 
 <w id="w9.1.6">Dukoral</w>
</s></head>

<head id="10">
<s id="s10.1">
 <w id="w10.1.1">1</w>
</s></head>

<p id="11">
<s id="s11.1">
 <w id="w11.1.1">Suspenzija</w> 
 <w id="w11.1.2">cepiva</w> 
 <w id="w11.1.3">in</w> 
 <w id="w11.1.4">šumečih</w>        
 <w id="w11.1.5">zrnc</w> 
 <w id="w11.1.6">za</w> 
 <w id="w11.1.7">peroralno</w> 
 <w id="w11.1.8">raztopino</w>
</s></p>

<head id="12">
<s id="s12.1">
 <w id="w12.1.1">Peroralna</w> 
 <w id="w12.1.2">uporaba</w>
</s></head>

<p id="13">
<s id="s13.1">
 <w id="w13.1.1">Cepivo</w>
 <w id="w13.1.2">:</w> 
 <w id="w13.1.3">viala</w> 
 <w id="w13.1.4">(</w>
 <w id="w13.1.5">steklena</w>
 <w id="w13.1.6">)</w>    
 <w id="w13.1.7">zrnca</w>
 <w id="w13.1.8">:</w> 
 <w id="w13.1.9">blazinica</w> 
 <w id="w13.1.10">(</w>
 <w id="w13.1.11">PE/</w>
 <w id="w13.1.12">alu</w>
 <w id="w13.1.13">)</w>
</s></p>

<head id="14">
<s id="s14.1">
 <w id="w14.1.1">Cepivo</w>
 <w id="w14.1.2">:</w>
</s> 
 
<s id="s14.2">
 <w id="w14.2.1">3</w> 
 <w id="w14.2.2">ml</w>
 <w id="w14.2.3">;</w>      
 <w id="w14.2.4">Blazinica</w>
 <w id="w14.2.5">:</w>
</s> 
 
<s id="s14.3">
 <w id="w14.3.1">5,</w>
 <w id="w14.3.2">6</w> 
 <w id="w14.3.3">g</w>
</s></head>

<head id="15">
<s id="s15.1">
 <w id="w15.1.1">1</w> 
 <w id="w15.1.2">x</w> 
 <w id="w15.1.3">1</w> 
 <w id="w15.1.4">odmerek</w>
</s></head>

<head id="16">
<s id="s16.1">
 <w id="w16.1.1">EU/</w>
 <w id="w16.1.2">1/</w>
 <w id="w16.1.3">03/</w>
 <w id="w16.1.4">263/</w>
 <w id="w16.1.5">002</w> 
 <w id="w16.1.6">Dukoral</w>
</s></head>

<head id="17">
<s id="s17.1">
 <w id="w17.1.1">1</w>
</s></head>

<p id="18">
<s id="s18.1">
 <w id="w18.1.1">Suspenzija</w> 
 <w id="w18.1.2">cepiva</w> 
 <w id="w18.1.3">in</w> 
 <w id="w18.1.4">šumečih</w>        
 <w id="w18.1.5">zrnc</w> 
 <w id="w18.1.6">za</w> 
 <w id="w18.1.7">peroralno</w> 
 <w id="w18.1.8">raztopino</w>
</s></p>

<head id="19">
<s id="s19.1">
 <w id="w19.1.1">Peroralna</w> 
 <w id="w19.1.2">uporaba</w>
</s></head>

<p id="20">
<s id="s20.1">
 <w id="w20.1.1">Cepivo</w>
 <w id="w20.1.2">:</w> 
 <w id="w20.1.3">viala</w> 
 <w id="w20.1.4">(</w>
 <w id="w20.1.5">steklena</w>
 <w id="w20.1.6">)</w>    
 <w id="w20.1.7">zrnca</w>
 <w id="w20.1.8">:</w> 
 <w id="w20.1.9">blazinica</w> 
 <w id="w20.1.10">(</w>
 <w id="w20.1.11">PE/</w>
 <w id="w20.1.12">alu</w>
 <w id="w20.1.13">)</w>
</s></p>

<head id="21">
<s id="s21.1">
 <w id="w21.1.1">Cepivo</w>
 <w id="w21.1.2">:</w>
</s> 
 
<s id="s21.2">
 <w id="w21.2.1">3</w> 
 <w id="w21.2.2">ml</w>
 <w id="w21.2.3">;</w>      
 <w id="w21.2.4">Blazinica</w>
 <w id="w21.2.5">:</w>
</s> 
 
<s id="s21.3">
 <w id="w21.3.1">5,</w>
 <w id="w21.3.2">6</w> 
 <w id="w21.3.3">g</w>
</s></head>

<head id="22">
<s id="s22.1">
 <w id="w22.1.1">2</w> 
 <w id="w22.1.2">x</w> 
 <w id="w22.1.3">1</w> 
 <w id="w22.1.4">odmerek</w>
</s></head>

<head id="23">
<s id="s23.1">
 <w id="w23.1.1">EU/</w>
 <w id="w23.1.2">1/</w>
 <w id="w23.1.3">03/</w>
 <w id="w23.1.4">263/</w>
 <w id="w23.1.5">003</w> 
 <w id="w23.1.6">Dukoral</w>
</s></head>

<p id="24">
<s id="s24.1">
 <w id="w24.1.1">Suspenzija</w> 
 <w id="w24.1.2">cepiva</w> 
 <w id="w24.1.3">in</w> 
 <w id="w24.1.4">šumečih</w>        
 <w id="w24.1.5">zrnc</w> 
 <w id="w24.1.6">za</w> 
 <w id="w24.1.7">peroralno</w> 
 <w id="w24.1.8">raztopino</w>
</s></p>

<head id="25">
<s id="s25.1">
 <w id="w25.1.1">Peroralna</w> 
 <w id="w25.1.2">uporaba</w>
</s></head>

<p id="26">
<s id="s26.1">
 <w id="w26.1.1">Cepivo</w>
 <w id="w26.1.2">:</w> 
 <w id="w26.1.3">viala</w> 
 <w id="w26.1.4">(</w>
 <w id="w26.1.5">steklena</w>
 <w id="w26.1.6">)</w>    
 <w id="w26.1.7">zrnca</w>
 <w id="w26.1.8">:</w> 
 <w id="w26.1.9">blazinica</w> 
 <w id="w26.1.10">(</w>
 <w id="w26.1.11">PE/</w>
 <w id="w26.1.12">alu</w>
 <w id="w26.1.13">)</w>
</s></p>

<head id="27">
<s id="s27.1">
 <w id="w27.1.1">Cepivo</w>
 <w id="w27.1.2">:</w>
</s> 
 
<s id="s27.2">
 <w id="w27.2.1">3</w> 
 <w id="w27.2.2">ml</w>
 <w id="w27.2.3">;</w>      
 <w id="w27.2.4">Blazinica</w>
 <w id="w27.2.5">:</w>
</s> 
 
<s id="s27.3">
 <w id="w27.3.1">5,</w>
 <w id="w27.3.2">6</w> 
 <w id="w27.3.3">g</w>
</s></head>

<head id="28">
<s id="s28.1">
 <w id="w28.1.1">20</w> 
 <w id="w28.1.2">x</w> 
 <w id="w28.1.3">1</w> 
 <w id="w28.1.4">odmerek</w>
</s></head>

<p id="29">
<s id="s29.1">
 <w id="w29.1.1">1</w>           
 <w id="w29.1.2">Vsak</w> 
 <w id="w29.1.3">odmerek</w> 
 <w id="w29.1.4">suspenzije</w> 
 <w id="w29.1.5">za</w> 
 <w id="w29.1.6">cepljenje</w> 
 <w id="w29.1.7">(</w>
 <w id="w29.1.8">3</w> 
 <w id="w29.1.9">ml</w>
 <w id="w29.1.10">)</w> 
 <w id="w29.1.11">vsebuje</w>
 <w id="w29.1.12">:</w>
</s></p>

<p id="30">
<s id="s30.1">
 <w id="w30.1.1">skupaj</w> 
 <w id="w30.1.2">1x1011</w> 
 <w id="w30.1.3">bakterij</w> 
 <w id="w30.1.4">naslednjih</w> 
 <w id="w30.1.5">sevov</w>
 <w id="w30.1.6">:</w>       
 <w id="w30.1.7">−</w>                                                                                                     
 <w id="w30.1.8">25x109</w> 
 <w id="w30.1.9">bakterij</w>                 
 <w id="w30.1.10">Vibrio</w> 
 <w id="w30.1.11">cholerae</w> 
 <w id="w30.1.12">O1</w> 
 <w id="w30.1.13">Inaba</w>
 <w id="w30.1.14">,</w> 
 <w id="w30.1.15">klasični</w> 
 <w id="w30.1.16">biotip</w> 
 <w id="w30.1.17">(</w>
 <w id="w30.1.18">inaktiviran</w> 
 <w id="w30.1.19">s</w> 
 <w id="w30.1.20">toploto</w>
 <w id="w30.1.21">)</w>                                                                                                     
 <w id="w30.1.22">25x109</w> 
 <w id="w30.1.23">bakterij</w>                  
 <w id="w30.1.24">Vibrio</w> 
 <w id="w30.1.25">cholerae</w> 
 <w id="w30.1.26">O1</w> 
 <w id="w30.1.27">Inaba</w>
 <w id="w30.1.28">,</w> 
 <w id="w30.1.29">biotip</w> 
 <w id="w30.1.30">El</w> 
 <w id="w30.1.31">Tor</w> 
 <w id="w30.1.32">(</w>
 <w id="w30.1.33">inaktiviran</w> 
 <w id="w30.1.34">s</w> 
 <w id="w30.1.35">formalinom</w>
 <w id="w30.1.36">)</w>                                                                                                     
 <w id="w30.1.37">25x109</w> 
 <w id="w30.1.38">bakterij</w>                  
 <w id="w30.1.39">Vibrio</w> 
 <w id="w30.1.40">cholerae</w> 
 <w id="w30.1.41">O1</w> 
 <w id="w30.1.42">Ogawa</w>
 <w id="w30.1.43">,</w> 
 <w id="w30.1.44">klasični</w> 
 <w id="w30.1.45">biotip</w> 
 <w id="w30.1.46">(</w>
 <w id="w30.1.47">inaktiviran</w> 
 <w id="w30.1.48">s</w> 
 <w id="w30.1.49">toploto</w>
 <w id="w30.1.50">)</w>                                                                                                     
 <w id="w30.1.51">25x109</w> 
 <w id="w30.1.52">bakterij</w>                  
 <w id="w30.1.53">Vibrio</w> 
 <w id="w30.1.54">cholerae</w> 
 <w id="w30.1.55">O1</w> 
 <w id="w30.1.56">Ogawa</w>
 <w id="w30.1.57">,</w> 
 <w id="w30.1.58">klasični</w> 
 <w id="w30.1.59">biotip</w> 
 <w id="w30.1.60">(</w>
 <w id="w30.1.61">inaktiviran</w> 
 <w id="w30.1.62">s</w> 
 <w id="w30.1.63">formalinom</w>
 <w id="w30.1.64">)</w>
</s></p>

<p id="31">
<s id="s31.1">
 <w id="w31.1.1">−</w> 
 <w id="w31.1.2">Rekombinantna</w> 
 <w id="w31.1.3">podenota</w> 
 <w id="w31.1.4">toksina</w> 
 <w id="w31.1.5">kolera</w> 
 <w id="w31.1.6">B</w> 
 <w id="w31.1.7">(</w>
 <w id="w31.1.8">rCTB</w>
 <w id="w31.1.9">)</w>
</s></p>

<head id="32">
<s id="s32.1">
 <w id="w32.1.1">1</w> 
 <w id="w32.1.2">mg</w>
</s></head>

<p id="33">
<s id="s33.1">
 <w id="w33.1.1">1/</w>
 <w id="w33.1.2">1</w>
</s></p></text>
