<?xml version="1.0" encoding="utf-8"?>
<letsmt version="1.0">
<head></head>
<body>
<s id="s1.1">ANNEX I</s>
<s id="s2.1">LIST OF THE INVENTED NAMES OF THE MEDICINAL PRODUCTS, MARKETING AUTHORISATION HOLDERS, STRENGTHS, PHARMACEUTICAL FORMS, ROUTE OF ADMINISTRATION, PACKAGING AND PACKAGE SIZE</s>
<s id="s3.1">EMEA/ CPMP/ 32703/ 03</s>
<s id="s4.1">1/ 20</s>
<s id="s5.1"> EMEA 2003</s>
<s id="s6.1">Marketing Authorisation</s>
<s id="s7.1">Marketing</s>
<s id="s8.1">Member</s>
<s id="s9.1">Authorisation Holder</s>
<s id="s10.1">Pharmaceutical</s>
<s id="s11.1">Route of</s>
<s id="s12.1">Holder</s>
<s id="s13.1">Invented name</s>
<s id="s14.1">Strength</s>
<s id="s15.1">Packaging</s>
<s id="s16.1">Package sizes</s>
<s id="s17.1">State</s>
<s id="s18.1">Address</s>
<s id="s19.1">Tel and Fax</s>
<s id="s20.1">COVERSUM</s>
<s id="s21.1">form</s>
<s id="s22.1">administration</s>
<s id="s23.1">Servier Austria GmbH</s>
<s id="s24.1">Tel:</s>
<s id="s24.2">43 1 524 39 99</s>
<s id="s25.1">2 mg</s>
<s id="s26.1">2 mg</s>
<s id="s27.1">Tablets</s>
<s id="s28.1">Oral use</s>
<s id="s29.1">PVC/ aluminium</s>
<s id="s30.1">30 tablets</s>
<s id="s31.1">Austria</s>
<s id="s32.1">Mariahilfer Strasse N°20/ 5</s>
<s id="s33.1">Fax:</s>
<s id="s33.2">43 1 524 39 99</s>
<s id="s34.1">COVERSUM</s>
<s id="s35.1">blister strip in carton</s>
<s id="s36.1">1070 Wien - Austria</s>
<s id="s37.1">4 mg COVERSYL</s>
<s id="s38.1">4 mg</s>
<s id="s39.1">Tablets</s>
<s id="s40.1">Oral use</s>
<s id="s41.1">box</s>
<s id="s42.1">30 tablets</s>
<s id="s43.1">Servier Benelux S. A.</s>
<s id="s44.1">2 mg</s>
<s id="s45.1">2 mg</s>
<s id="s46.1">Tablets</s>
<s id="s47.1">Oral use</s>
<s id="s48.1">NOT MARKETED</s>
<s id="s49.1">30 tablets &amp;</s>
<s id="s50.1">Tel:</s>
<s id="s50.2">32 2 529 43 11</s>
<s id="s51.1">30 tablets (unit</s>
<s id="s52.1">Belgium</s>
<s id="s53.1">Bvd International, 57</s>
<s id="s54.1">Fax:</s>
<s id="s54.2">32 2 529 43 15</s>
<s id="s55.1">COVERSYL</s>
<s id="s56.1">PVC/ aluminium</s>
<s id="s57.1">dose)</s>
<s id="s58.1">1070 Bruxelles - Belgium</s>
<s id="s59.1">4 mg</s>
<s id="s60.1">4 mg</s>
<s id="s61.1">Tablets</s>
<s id="s62.1">Oral use</s>
<s id="s63.1">blister strip in carton box</s>
<s id="s64.1">(Only packages of 30 tablets are marketed)</s>
<s id="s65.1">Les Laboratoires Servier</s>
<s id="s66.1">COVERSYL</s>
<s id="s67.1">2 mg</s>
<s id="s68.1">Tablets</s>
<s id="s69.1">Oral use</s>
<s id="s70.1">PVC/ aluminium</s>
<s id="s71.1">30 tablets</s>
<s id="s72.1">Denmark</s>
<s id="s73.1">22, rue Garnier 92200 Neuilly-sur-Seine</s>
<s id="s74.1">Tel:</s>
<s id="s74.2">33 1 55 72 60 00 Fax:</s>
<s id="s74.3">33 1 55 72 60 11</s>
<s id="s75.1">blister strip in carton</s>
<s id="s76.1">France</s>
<s id="s77.1">COVERSYL COVERSYL</s>
<s id="s78.1">4 mg</s>
<s id="s79.1">Tablets</s>
<s id="s80.1">Oral use</s>
<s id="s81.1">box</s>
<s id="s82.1">30 &amp; 90 tablets</s>
<s id="s83.1">2 mg</s>
<s id="s84.1">2 mg</s>
<s id="s85.1">Tablets</s>
<s id="s86.1">Oral use</s>
<s id="s87.1">NOT MARKETED, blister 30 &amp; 90 PVC/ aluminium</s>
<s id="s88.1">Les Laboratoires Servier</s>
<s id="s89.1">COVERSYL</s>
<s id="s90.1">Finland</s>
<s id="s91.1">22, rue Garnier 92200 Neuilly-sur-Seine</s>
<s id="s92.1">Tel:</s>
<s id="s92.2">33 1 55 72 60 00 Fax:</s>
<s id="s92.3">33 1 55 72 60 11</s>
<s id="s93.1">4 mg ACERTIL</s>
<s id="s94.1">4 mg</s>
<s id="s95.1">Tablets</s>
<s id="s96.1">Oral use</s>
<s id="s97.1">blister strip in carton 30 &amp; 90 tablets box</s>
<s id="s98.1">France</s>
<s id="s99.1">2 mg ACERTIL</s>
<s id="s100.1">2 mg</s>
<s id="s101.1">Tablets</s>
<s id="s102.1">Oral use</s>
<s id="s103.1">NOT MARKETED, blister 30 &amp; 90</s>
<s id="s104.1">4 mg COVERSYL</s>
<s id="s105.1">4 mg</s>
<s id="s106.1">Tablets</s>
<s id="s107.1">Oral use</s>
<s id="s108.1">NOT MARKETED, blister 30 &amp; 90 30 tablets &amp;</s>
<s id="s109.1">2 mg</s>
<s id="s110.1">2 mg</s>
<s id="s111.1">Tablets</s>
<s id="s112.1">Oral use</s>
<s id="s113.1">100 tablets PVC/ aluminium (unit dose)</s>
<s id="s114.1">Les Laboratoires Servier</s>
<s id="s115.1">blister strip in carton 30 tablets &amp;</s>
<s id="s116.1">22, rue Garnier</s>
<s id="s117.1">Tel:</s>
<s id="s117.2">33 1 55 72 60 00</s>
<s id="s118.1">COVERSYL</s>
<s id="s119.1">box</s>
<s id="s120.1">France</s>
<s id="s121.1">92200 Neuilly-sur-Seine France</s>
<s id="s122.1">Fax:</s>
<s id="s122.2">33 1 55 72 60 11</s>
<s id="s123.1">4 mg</s>
<s id="s124.1">4 mg</s>
<s id="s125.1">Tablets</s>
<s id="s126.1">Oral use</s>
<s id="s127.1">100 tablets (unit dose)</s>
<s id="s128.1">ELECTAN 2 mg</s>
<s id="s129.1">2 mg</s>
<s id="s130.1">Tablets</s>
<s id="s131.1">Oral use</s>
<s id="s132.1">NOT MARKETED</s>
<s id="s133.1">ELECTAN 4 mg</s>
<s id="s134.1">4 mg</s>
<s id="s135.1">Tablets</s>
<s id="s136.1">Oral use</s>
<s id="s137.1">NOT MARKETED</s>
<s id="s138.1">EMEA/ CPMP/ 32703/ 03</s>
<s id="s139.1">PROCAPTAN</s>
<s id="s140.1">2/ 20</s>
<s id="s141.1"> EMEA 2003</s>
<s id="s142.1">2 mg PROCAPTAN</s>
<s id="s143.1">2 mg</s>
<s id="s144.1">Tablets</s>
<s id="s145.1">Oral use</s>
<s id="s146.1">NOT MARKETED</s>
<s id="s147.1">2 mg COVERSUM</s>
<s id="s148.1">4 mg</s>
<s id="s149.1">Tablets</s>
<s id="s150.1">Oral use</s>
<s id="s151.1">NOT MARKETED</s>
<s id="s152.1">30, 50 &amp; 100</s>
<s id="s153.1">COR</s>
<s id="s154.1">2 mg</s>
<s id="s155.1">Tablets</s>
<s id="s156.1">Oral use</s>
<s id="s157.1">PVC/ aluminium</s>
<s id="s158.1">tablets</s>
<s id="s159.1">Les Laboratoires Servier</s>
<s id="s160.1">2 mg</s>
<s id="s161.1">blister strip in carton</s>
<s id="s162.1">COVERSUM</s>
<s id="s163.1">box</s>
<s id="s164.1">30, 50 &amp; 100</s>
<s id="s165.1">22, rue Garnier Germany 92200 Neuilly-sur-Seine France</s>
<s id="s166.1">Tel:</s>
<s id="s166.2">33 1 55 72 60 00 Fax:</s>
<s id="s166.3">33 1 55 72 60 11</s>
<s id="s167.1">4 mg COVERAX COR</s>
<s id="s168.1">4 mg</s>
<s id="s169.1">Tablets</s>
<s id="s170.1">Oral use</s>
<s id="s171.1">tablets</s>
<s id="s172.1">2 mg</s>
<s id="s173.1">2 mg</s>
<s id="s174.1">Tablets</s>
<s id="s175.1">Oral use</s>
<s id="s176.1">NOT MARKETED</s>
<s id="s177.1">COVERAX</s>
<s id="s178.1">4 mg 4 mg</s>
<s id="s179.1">Tablets</s>
<s id="s180.1">Oral use</s>
<s id="s181.1">NOT MARKETED</s>
<s id="s182.1">Servier Hellas</s>
<s id="s183.1">COVERSYL</s>
<s id="s184.1">2 mg</s>
<s id="s185.1">Tablets</s>
<s id="s186.1">Oral use</s>
<s id="s187.1">PVC/ aluminium</s>
<s id="s188.1">30 tablets</s>
<s id="s189.1">Greece</s>
<s id="s190.1">Pharmaceuticals S. A.</s>
<s id="s190.2">181 Syngrou Ave.</s>
<s id="s191.1">Tel.:</s>
<s id="s191.2">30 210 93 91 000 Fax:</s>
<s id="s191.3">30 210 93 91 001</s>
<s id="s192.1">blister strip in</s>
<s id="s193.1">171 21 N.</s>
<s id="s193.2">Smyrni - Greece</s>
<s id="s194.1">COVERSYL COVERSYL</s>
<s id="s195.1">4 mg</s>
<s id="s196.1">Tablets</s>
<s id="s197.1">Oral use</s>
<s id="s198.1">carton box</s>
<s id="s199.1">30 tablets</s>
<s id="s200.1">tablets 2 mg COVERSYL</s>
<s id="s201.1">2 mg</s>
<s id="s202.1">Tablets</s>
<s id="s203.1">Oral use</s>
<s id="s204.1">NOT MARKETED PVC/ aluminium</s>
<s id="s205.1">tablets 4 mg Perindopril 2 mg</s>
<s id="s206.1">4 mg</s>
<s id="s207.1">Tablets</s>
<s id="s208.1">Oral use</s>
<s id="s209.1">blister strip in carton box</s>
<s id="s210.1">30 tablets</s>
<s id="s211.1">Les Laboratoires Servier</s>
<s id="s212.1">tablets</s>
<s id="s213.1">2 mg</s>
<s id="s214.1">Tablets</s>
<s id="s215.1">Oral use</s>
<s id="s216.1">NOT MARKETED</s>
<s id="s217.1">Ireland</s>
<s id="s218.1">22, rue Garnier</s>
<s id="s219.1">Tel:</s>
<s id="s219.2">33 1 55 72 60 00</s>
<s id="s220.1">Perindopril 4 mg</s>
<s id="s221.1">92200 Neuilly-sur-Seine France</s>
<s id="s222.1">Fax:</s>
<s id="s222.2">33 1 55 72 60 11</s>
<s id="s223.1">tablets Perindopril</s>
<s id="s224.1">4 mg</s>
<s id="s225.1">Tablets</s>
<s id="s226.1">Oral use</s>
<s id="s227.1">NOT MARKETED</s>
<s id="s228.1">Servier 2 mg tablets Perindopril</s>
<s id="s229.1">2 mg</s>
<s id="s230.1">Tablets</s>
<s id="s231.1">Oral use</s>
<s id="s232.1">NOT MARKETED</s>
<s id="s233.1">Servier 4 mg tablets</s>
<s id="s234.1">4 mg</s>
<s id="s235.1">Tablets</s>
<s id="s236.1">Oral use</s>
<s id="s237.1">NOT MARKETED</s>
<s id="s238.1">Les Laboratoires Servier</s>
<s id="s239.1">4 mg</s>
<s id="s240.1">Tablets</s>
<s id="s241.1">Oral use</s>
<s id="s242.1">PVC/ aluminium</s>
<s id="s243.1">22, rue Garnier</s>
<s id="s244.1">Tel:</s>
<s id="s244.2">33 1 55 72 60 00</s>
<s id="s245.1">Italy</s>
<s id="s246.1">92200 Neuilly-sur-Seine France</s>
<s id="s247.1">Fax:</s>
<s id="s247.2">33 1 55 72 60 11</s>
<s id="s248.1">COVERSYL</s>
<s id="s249.1">blister strip in carton box</s>
<s id="s250.1">14 tablets</s>
<s id="s251.1">Servier Benelux S. A.</s>
<s id="s252.1">Tel:</s>
<s id="s252.2">32 2 529 43 11</s>
<s id="s253.1">COVERSYL</s>
<s id="s254.1">Luxembourg</s>
<s id="s255.1">Bvd International, 57</s>
<s id="s256.1">Fax:</s>
<s id="s256.2">32 2 529 43 15</s>
<s id="s257.1">2 mg</s>
<s id="s258.1">2 mg</s>
<s id="s259.1">Tablets</s>
<s id="s260.1">Oral use</s>
<s id="s261.1">NOT MARKETED</s>
<s id="s262.1">EMEA/ CPMP/ 32703/ 03 1070 Bruxelles - Belgium</s>
<s id="s263.1">COVERSYL</s>
<s id="s264.1">3/ 20</s>
<s id="s265.1">PVC/ aluminium</s>
<s id="s266.1"> EMEA 2003</s>
<s id="s267.1">4 mg</s>
<s id="s268.1">4 mg</s>
<s id="s269.1">Tablets</s>
<s id="s270.1">Oral use</s>
<s id="s271.1">blister strip in carton box</s>
<s id="s272.1">30 tablets</s>
<s id="s273.1">Les Laboratoires Servier</s>
<s id="s274.1">COVERSYL</s>
<s id="s275.1">22, rue Garnier Netherlands</s>
<s id="s276.1">Tel:</s>
<s id="s276.2">33 1 55 72 60 00</s>
<s id="s277.1">2 mg</s>
<s id="s278.1">2 mg</s>
<s id="s279.1">Tablets</s>
<s id="s280.1">Oral use</s>
<s id="s281.1">PVC/ aluminium blister strip in</s>
<s id="s282.1">14 &amp; 50 tablets</s>
<s id="s283.1">92200 Neuilly-sur-Seine</s>
<s id="s284.1">Fax:</s>
<s id="s284.2">33 1 55 72 60 11</s>
<s id="s285.1">COVERSYL</s>
<s id="s286.1">France Servier Portugal -</s>
<s id="s287.1">4 mg COVERSYL</s>
<s id="s288.1">4 mg</s>
<s id="s289.1">Tablets</s>
<s id="s290.1">Oral use</s>
<s id="s291.1">carton box</s>
<s id="s292.1">30 &amp; 50 tablets</s>
<s id="s293.1">Especialidades</s>
<s id="s294.1">2 mg</s>
<s id="s295.1">Tablets</s>
<s id="s296.1">Oral use</s>
<s id="s297.1">NOT MARKETED</s>
<s id="s298.1">Farmacêuticas, Lda Portugal</s>
<s id="s299.1">Tel.: +35 1 21 3122000</s>
<s id="s300.1">PVC/ aluminium</s>
<s id="s301.1">Av.</s>
<s id="s301.2">Antonio Augusto Aguiar, 128 – 1069-133 Lisboa Portugal Les Laboratoires Servier</s>
<s id="s302.1">Fax: +35 1 21 3122090</s>
<s id="s303.1">COVERSYL</s>
<s id="s304.1">4 mg</s>
<s id="s305.1">Tablets</s>
<s id="s306.1">Oral use</s>
<s id="s307.1">blister strip in carton box PVC/ aluminium</s>
<s id="s308.1">14, 30, 60 tablets</s>
<s id="s309.1">22, rue Garnier</s>
<s id="s310.1">Tel:</s>
<s id="s310.2">33 1 55 72 60 00</s>
<s id="s311.1">COVERSYL</s>
<s id="s312.1">Spain 92200 Neuilly-sur-Seine – France</s>
<s id="s313.1">Fax:</s>
<s id="s313.2">33 1 55 72 60 11</s>
<s id="s314.1">4 mg</s>
<s id="s315.1">4 mg</s>
<s id="s316.1">Tablets</s>
<s id="s317.1">Oral use</s>
<s id="s318.1">blister strip in carton box</s>
<s id="s319.1">30 &amp; 500 tablets</s>
<s id="s320.1">NOT MARKETED, PVC/ aluminium</s>
<s id="s321.1">Les Laboratoires Servier</s>
<s id="s322.1">COVERSYL</s>
<s id="s323.1">2 mg</s>
<s id="s324.1">Tablets</s>
<s id="s325.1">Oral use</s>
<s id="s326.1">blister strip in carton box 30 tablets</s>
<s id="s327.1">Sweden</s>
<s id="s328.1">22, rue Garnier 92200 Neuilly-sur-Seine</s>
<s id="s329.1">Tel:</s>
<s id="s329.2">33 1 55 72 60 00 Fax:</s>
<s id="s329.3">33 1 55 72 60 11</s>
<s id="s330.1">NOT MARKETED, PVC/ aluminium</s>
<s id="s331.1">France</s>
<s id="s332.1">COVERSYL</s>
<s id="s333.1">4 mg</s>
<s id="s334.1">Tablets</s>
<s id="s335.1">Oral use</s>
<s id="s336.1">blister strip in carton box 30 &amp; 90 tablets</s>
<s id="s337.1">COVERSYL 2 mg 2 mg</s>
<s id="s338.1">Tablets</s>
<s id="s339.1">Oral use</s>
<s id="s340.1">United-</s>
<s id="s341.1">Les Laboratoires Servier 22, rue Garnier</s>
<s id="s342.1">Tel:</s>
<s id="s342.2">33 1 55 72 60 00</s>
<s id="s343.1">COVERSYL 4 mg 4 mg</s>
<s id="s344.1">Tablets</s>
<s id="s345.1">Oral use</s>
<s id="s346.1">PVC/ aluminium 7, 14 ,28, 30, 56,</s>
<s id="s347.1">Perindopril tablets</s>
<s id="s348.1">blister strip in</s>
<s id="s349.1">Kingdom</s>
<s id="s350.1">92200 Neuilly-sur-Seine France</s>
<s id="s351.1">Fax:</s>
<s id="s351.2">33 1 55 72 60 11</s>
<s id="s352.1">2mg Perindopril tablets</s>
<s id="s353.1">2 mg</s>
<s id="s354.1">Tablet</s>
<s id="s355.1">Oral use</s>
<s id="s356.1">carton box</s>
<s id="s357.1">112 tablets</s>
<s id="s358.1">4mg</s>
<s id="s359.1">4 mg</s>
<s id="s360.1">Tablet</s>
<s id="s361.1">Oral use</s>
<s id="s362.1">EMEA/ CPMP/ 32703/ 03</s>
<s id="s363.1">4/ 20</s>
<s id="s364.1"> EMEA 2003</s>
<s id="s365.1">Les Laboratoires Servier</s>
<s id="s366.1">COVERSYL</s>
<s id="s367.1">2 mg</s>
<s id="s368.1">Tablets</s>
<s id="s369.1">Oral use</s>
<s id="s370.1">PVC/ aluminium</s>
<s id="s371.1">30 tablets</s>
<s id="s372.1">22, rue Garnier Iceland 92200 Neuilly-sur-Seine</s>
<s id="s373.1">Tel:</s>
<s id="s373.2">33 1 55 72 60 00 Fax:</s>
<s id="s373.3">33 1 55 72 60 11</s>
<s id="s374.1">blister strip in</s>
<s id="s375.1">France</s>
<s id="s376.1">COVERSYL</s>
<s id="s377.1">4 mg</s>
<s id="s378.1">Tablets</s>
<s id="s379.1">Oral use</s>
<s id="s380.1">carton box</s>
<s id="s381.1">30 &amp; 90 tablets</s>
<s id="s382.1">Les Laboratoires Servier</s>
<s id="s383.1">COVERSYL</s>
<s id="s384.1">2 mg</s>
<s id="s385.1">Tablets</s>
<s id="s386.1">Oral use</s>
<s id="s387.1">NOT MARKETED YET -30 tablets</s>
<s id="s388.1">Norway</s>
<s id="s389.1">22, rue Garnier</s>
<s id="s390.1">Tel:</s>
<s id="s390.2">33 1 55 72 60 00</s>
<s id="s391.1">2 mg</s>
<s id="s392.1">(blister)</s>
<s id="s393.1">92200 Neuilly-sur-Seine France</s>
<s id="s394.1">Fax:</s>
<s id="s394.2">33 1 55 72 60 11</s>
<s id="s395.1">COVERSYL 4 mg</s>
<s id="s396.1">4 mg</s>
<s id="s397.1">Tablets</s>
<s id="s398.1">Oral use</s>
<s id="s399.1">NOT MARKETED YET -30 &amp; 90 tablets (blister)</s>
<s id="s400.1">EMEA/ CPMP/ 32703/ 03</s>
<s id="s401.1">ANNEX II</s>
<s id="s402.1">5/ 20</s>
<s id="s403.1"> EMEA 2003</s>
<s id="s404.1">SCIENTIFIC CONCLUSIONS AND</s>
<s id="s405.1">GROUNDS FOR AMENDMENT OF THE SUMMARY</s>
<s id="s406.1">OF PRODUCT CHARACTERISTICS PRESENTED BY THE EMEA</s>
<s id="s407.1">EMEA/ CPMP/ 32703/ 03 SCIENTIFIC CONCLUSIONS</s>
<s id="s408.1">6/ 20</s>
<s id="s409.1"> EMEA 2003</s>
<s id="s410.1">OVERALL SUMMARY OF THE SCIENTIFIC EVALUATION OF COVERSYL AND ASSOCIATED NAMES</s>
<s id="s411.1">- Quality issues</s>
<s id="s412.1">No significant issues relating to Quality were identified.</s>
<s id="s412.2">The pharmaceutical particulars of the SPC were harmonised, except the sections, which need to be introduced nationally by the Member States when implementing the harmonised SPC (section 6).</s>
<s id="s413.1">- Efficacy issues</s>
<s id="s414.1">The divergences that previously existed across the SPCs of EU Member States included:</s>
<s id="s415.1">Section 4.1 Therapeutic indications The MAH was requested to propose and scientifically justify a common EU wide approach as there were divergencies between national approvals regarding the wording and therefore the precise meaning of the indication in the Member States: • Hypertension (essential hypertension, arterial hypertension, hypertension, hypertension with more or less details regarding the type of hypertension.</s>
<s id="s415.2">One MS has also the following precision: treatment of essential hypertension as monotherapy or combined with thiazides type diuretics.) • Heart failure (heart failure, congestive heart failure, mild to moderate congestive heart failure, congestive heart failure as adjunctive/ in combination with diuretics and/ or digitalis, left ventricular heart insufficiency.</s>
<s id="s415.3">In one MS a difference between congestive heart failure and severe heart failure has been made.)</s>
<s id="s416.1">After an assessment of the documentation provided by the MAH and an evaluation of the current EU- wide clinical practices relating to the use of COVERSYL, the following was considered to be the most suitable harmonised Section 4.1 indications text:</s>
<s id="s417.1">“ Hypertension</s>
<s id="s418.1">Treatment of hypertension</s>
<s id="s419.1">Heart Failure</s>
<s id="s420.1">Treatment of symptomatic heart failure”</s>
<s id="s421.1">Section 4.2 Posology and method of administration</s>
<s id="s422.1">The 1 mg strength is available in 3 Member States in the following indication: severe heart failure, in elderly patients with diuretic treatment and severe heart insufficiency.</s>
<s id="s422.2">In these Member States, the initial dose is 1mg/ day.</s>
<s id="s422.3">The 4 mg starting dose has been approved in 14 of the 17 Member States.</s>
<s id="s422.4">The one-month duration of titration (strictly one month or 3 to 4 weeks) has been approved in 14 of the 17 Member States.</s>
<s id="s422.5">Only 2 Member States have longer duration of titration (6 to 8 weeks) and 1 Member States has no proposal.</s>
<s id="s422.6">However, considering usual clinical practice, the duration of titration should be not be limited to a spcific interval e. g.</s>
<s id="s422.7">4 weeks.</s>
<s id="s423.1">Patients already treated with diuretics, as well as patients with renovascular hypertension or elderly, have been identified as being associated with a higher hypotensive risk related to ACE inhibitors use.</s>
<s id="s423.2">They may thus require a lower perindopril starting-dose of 2 mg as proposed in most of the SPCs.</s>
<s id="s424.1">EMEA/ CPMP/ 32703/ 03</s>
<s id="s425.1">7/ 20</s>
<s id="s426.1"> EMEA 2003</s>
<s id="s427.1">As the 2 mg starting dose was shown to be well tolerated with respect to blood pressure reduction, the heart failure treatment should be started with the 2 mg dose, whatever the conditions.</s>
<s id="s427.2">Regarding time of administration, the morning dose regimen reduces blood pressure over 24 hours whereas this control is not achieved with the evening dose (no significant fall in blood pressure in the interval between 18 and 24 hours after the dose).</s>
<s id="s427.3">Since food and time affect absorption of perindoprilat, the tablets may be administered orally in a single daily dose in the morning before meals.</s>
<s id="s428.1">In patients with renal impairment dose adjustment should be based on creatinine clearance values but these are not identical in all Member States as well as the recommended dose.</s>
<s id="s428.2">Overall, it is considered that there is no clinical experience concerning the effects of perindopril on renal haemodynamics and tubular function in cyclosporine-treated hypertensive renal allograft recipients.</s>
<s id="s428.3">Based on the provided data, the SPC should state that no dosage adjustment is necessary in patients with hepatic impairment.</s>
<s id="s428.4">However, as for the other ACE inhibitors, a cross-reference to sections 4.4. “ Special warnings and special precautions for use” and 5.2 “ Pharmacokinetic properties” should be added, detailing results of the studies performed in these patients.</s>
<s id="s428.5">In elderly, dosage adjustment should be done according to blood pressure response and to renal function.</s>
<s id="s428.6">Efficacy and safety of use in children has not been established.</s>
<s id="s428.7">Therefore, use in children is not recommended.</s>
<s id="s429.1">After an assessment of the documentation provided by the MAH to substantiate scientifically the divergent information across member states and justify a proposed common wording, especially with regard to the recommended starting dose in hypertension, and the recommendations on dosage in renal impairment and paediatric use, and following an evaluation of the current EU-wide clinical practices relating to the use of COVERSYL, the wording considered to be the most suitable harmonised text for Section 4.2 Posology was agreed with the MAH (see Annex III).</s>
<s id="s430.1">- Safety issues</s>
<s id="s431.1">The divergencies that previously existed across the SPCs of EU Member States included:</s>
<s id="s432.1">Section 4.3 Contraindications Different contra-indications have been approved in the EU Member States.</s>
<s id="s432.2">Currently, the following contra-indications have been included in the SPCs in some but not all Member States:</s>
<s id="s433.1">- hypersensitivity to perindopril or to any other ACE inhibitor;</s>
<s id="s434.1">- history of angioneurotic oedema;</s>
<s id="s435.1">- oedema related to previous treatment with an ACE inhibitor;</s>
<s id="s436.1">- hereditary idiopathic angioneurotic oedema;</s>
<s id="s437.1">- bilateral renal artery stenosis or single functioning kidney;</s>
<s id="s438.1">- children;</s>
<s id="s439.1">- pregnancy, lactation.</s>
<s id="s440.1">Some of them are commonly mentioned in most SPCs like the following:</s>
<s id="s441.1">- Hypersensitivity to perindopril or to any other ACE inhibitor,</s>
<s id="s442.1">- History of angioedema related to previous treatment with an ACE inhibitor,</s>
<s id="s443.1">- Second and third trimesters of pregnancy (see 4.6“ Pregnancy and lactation”), lactation.</s>
<s id="s444.1">The below listed contra-indications are less frequently mentioned, only in a few SPCs:</s>
<s id="s445.1">- Hypersensitivity to any component of COVERSYL,</s>
<s id="s446.1">- Hereditary idiopathic angioedema,</s>
<s id="s447.1">- Bilateral renal artery stenosis or single functioning kidney,</s>
<s id="s448.1">- Status post-renal transplantation,</s>
<s id="s449.1">- Severe renal function disorders,</s>
<s id="s450.1">- Dialysis,</s>
<s id="s451.1">- Aortic or mitral valve stenosis or hypertrophic cardiomyopathy</s>
<s id="s452.1">- Primary hyperaldosteronism,</s>
<s id="s453.1">EMEA/ CPMP/ 32703/ 03 - Primary liver disease or liver failure,</s>
<s id="s454.1">8/ 20</s>
<s id="s455.1"> EMEA 2003</s>
<s id="s456.1">- Untreated, decompensated congestive heart failure,</s>
<s id="s457.1">- Hyperkaliemia,</s>
<s id="s458.1">- Children,</s>
<s id="s459.1">- Combination with potassium sparing diuretics, potassium salts, lithium.</s>
<s id="s460.1">After an assessment of the documentation provided by the MAH and an evaluation of the current EU- wide clinical practices relating to the use of COVERSYL, the following was considered to be the most suitable harmonised Section 4.3 Contraindications text: • Hypersensitivity to perindopril, to any of the excipients or to any other ACE inhibitor; • History of angioedema associated with previous ACE inhibitor therapy; • Hereditary or idiopathic angioedema; • Second and third trimesters of pregnancy (see 4.6 “ Pregnancy and lactation”).</s>
<s id="s461.1">Section 4.4.</s>
<s id="s461.2">Special warnings and precautions for use</s>
<s id="s462.1">After assessment of the documentation provided by the MAH to substantiate scientifically the divergent information across member states and justify a proposed common wording and following an evaluation of the current EU-wide clinical practices relating to the use of COVERSYL, the most suitable harmonised Section 4.4 Special Warnings and Precautions for Use text was approved (See Annex III).</s>
<s id="s463.1">All other sections of the SPC were harmonised as a result of the referral procedure (except see below; Administrative Issues).</s>
<s id="s464.1">- Administrative issues</s>
<s id="s465.1">Other sections of the SPC which were not harmonised and which need to be introduced nationally by the Member States when implementing the harmonised SPC are the following:</s>
<s id="s465.2">MAH, MA number, date of first authorisation/ renewal of authorisation, Date of revision of the text.</s>
<s id="s466.1">Benefit/ Risk considerations</s>
<s id="s467.1">Based on the documentation submitted by the MAH and the scientific discussion within the Committee, the CPMP considered that the benefit/ risk ratio of COVERSYL is favourable for use relating to treatment of hypertension and symptomatic heart failure.</s>
<s id="s468.1">GROUNDS FOR AMENDMENT OF THE SUMMARIES OF PRODUCT CHARACTERISTICS</s>
<s id="s469.1">Whereas,</s>
<s id="s470.1">• the scope of the referral was the harmonisation of the Summaries of Products Characteristics, • the Summary of Products Characteristic proposed by the Marketing Authorisation Holders has been assessed based on the documentation submitted and the scientific discussion within the Committee,</s>
<s id="s471.1">the CPMP has recommended the amendment of the Marketing Authorisations for which the Summary of Product Characteristics is set out in Annex III of the Opinion.</s>
<s id="s471.2">The major divergences identified at the start of the referral have been resolved.</s>
<s id="s472.1">EMEA/ CPMP/ 32703/ 03</s>
<s id="s473.1">ANNEX III</s>
<s id="s474.1">9/ 20</s>
<s id="s475.1"> EMEA 2003</s>
<s id="s476.1">SUMMARY OF PRODUCT CHARACTERISTICS</s>
<s id="s477.1">NOTE:</s>
<s id="s477.2">THIS SPC IS THE ONE THAT WAS ANNEXED TO THE COMMISSION DECISION CONCERNING THIS REFERRAL; THE TEXT WAS VALID AT THAT TIME.</s>
<s id="s478.1">IT IS NOT SUBSEQUENTLY MAINTAINED OR UPDATED BY THE EMEA, AND THEREFORE MAY NOT NECESSARILY REPRESENT THE CURRENT TEXT.</s>
<s id="s479.1">EMEA/ CPMP/ 32703/ 03 1.</s>
<s id="s479.2">NAME OF THE MEDICINAL PRODUCT</s>
<s id="s480.1">10/ 20</s>
<s id="s481.1"> EMEA 2003</s>
<s id="s482.1">&lt; COVERSYL and associated names (see annex I) &gt; ,&lt; strength &gt;, tablets [To be implemented nationally]</s>
<s id="s483.1">2.</s>
<s id="s483.2">QUALITATIVE AND QUANTITATIVE COMPOSITION</s>
<s id="s484.1">&lt; COVERSYL and associated names &gt; 2 mg:</s>
<s id="s484.2">2 mg perindopril tert-butylamine salt, equivalent to 1.669 mg perindopril</s>
<s id="s485.1">&lt; COVERSYL and associated names) &gt; 4 mg:</s>
<s id="s485.2">4 mg perindopril tert-butylamine salt, equivalent to 3.338 mg perindopril</s>
<s id="s486.1">Each tablet contains:</s>
<s id="s486.2">2 mg perindopril tert-butylamine salt, equivalent to 1.669 mg perindopril 4 mg perindopril tert-butylamine salt, equivalent to 3.338 mg perindopril [To be implemented nationally] For excipients, see Section 6.1.</s>
<s id="s487.1">3.</s>
<s id="s487.2">PHARMACEUTICAL FORM</s>
<s id="s488.1">Tablets.</s>
<s id="s488.2">[To be implemented nationally]</s>
<s id="s489.1">4.</s>
<s id="s489.2">CLINICAL PARTICULARS</s>
<s id="s490.1">4.1 Therapeutic indications Hypertension Treatment of hypertension Heart Failure Treatment of symptomatic heart failure</s>
<s id="s491.1">4.2 Posology and method of administration It is recommended that&lt; COVERSYL and associated names &gt; is taken once daily in the morning before a meal.</s>
<s id="s491.2">The dose should be individualised according to the patient profile (see 4.4 “ Special warnings and special precautions for use”) and blood pressure response.</s>
<s id="s491.3">Hypertension&lt; COVERSYL and associated names &gt; may be used in monotherapy or in combination with other classes of antihypertensive therapy.</s>
<s id="s491.4">The recommended starting dose is 4 mg given once daily in the morning.</s>
<s id="s491.5">Patients with a strongly activated renin-angiotensin-aldosterone system (in particular, renovascular hypertension, salt and/ or volume depletion, cardiac decompensation or severe hypertension) may experience an excessive drop in blood pressure following the initial dose.</s>
<s id="s491.6">A starting dose of 2 mg is recommended in such patients and the initiation of treatment should take place under medical supervision.</s>
<s id="s491.7">The dose may be increased to 8 mg once daily after one month of treatment.</s>
<s id="s492.1">EMEA/ CPMP/ 32703/ 03</s>
<s id="s493.1">11/ 20</s>
<s id="s494.1"> EMEA 2003</s>
<s id="s495.1">Symptomatic hypotension may occur following initiation of therapy with&lt; COVERSYL and associated names &gt;; this is more likely in patients who are being treated concurrently with diuretics.</s>
<s id="s495.2">Caution is therefore recommended since these patients may be volume and/ or salt depleted.</s>
<s id="s495.3">If possible, the diuretic should be discontinued 2 to 3 days before beginning therapy with&lt; COVERSYL and associated names &gt; (see section 4.4 “Special warnings and special precautions for use”).</s>
<s id="s495.4">In hypertensive patients in whom the diuretic cannot be discontinued, therapy with&lt; COVERSYL and associated names &gt; should be initiated with a 2 mg dose.</s>
<s id="s495.5">Renal function and serum potassium should be monitored.</s>
<s id="s495.6">The subsequent dosage of&lt; COVERSYL and associated names &gt; should be adjusted according to blood pressure response.</s>
<s id="s495.7">If required, diuretic therapy may be resumed.</s>
<s id="s495.8">In elderly patients treatment should be initiated at a dose of 2 mg which may be progressively increased to 4 mg after one month then to 8 mg if necessary depending on renal function (see table below).</s>
<s id="s495.9">Symptomatic heart failure It is recommended that&lt; COVERSYL and associated names &gt;, generally associated with a non- potassium-sparing diuretic and/or digoxin and/or a beta blocker, be introduced under close medical supervision with a recommended starting dose of 2 mg taken in the morning.</s>
<s id="s495.10">This dose may be increased by increments of 2 mg at intervals of no less than 2 weeks to 4 mg once daily if tolerated.</s>
<s id="s495.11">The dose adjustment should be based on the clinical response of the individual patient.</s>
<s id="s495.12">In severe heart failure and in other patients considered to be at high risk (patients with impaired renal function and a tendency to have electrolyte disturbances, patients receiving simultaneous treatment with diuretics and/ or treatment with vasodilating agents), treatment should be initiated under careful supervision (see 4.4 “ Special warnings and special precautions for use”).</s>
<s id="s495.13">Patients at high risk of symptomatic hypotension e. g. patients with salt depletion with or without hyponatraemia, patients with hypovolaemia or patients who have been receiving vigorous diuretic therapy should have these conditions corrected, if possible, prior to therapy with&lt; COVERSYL and associated names &gt;.</s>
<s id="s495.14">Blood pressure, renal function and serum potassium should be monitored closely, both before and during treatment with&lt; COVERSYL and associated names &gt; (see section 4.4 “Special warnings and special precautions for use”).</s>
<s id="s496.1">Dosage adjustment in renal impairment Dosage in patients with renal impairment should be based on creatinine clearance as outlined in table 1 below:</s>
<s id="s496.2">Table 1: dosage adjustment in renal impairment</s>
<s id="s497.1">creatinine clearance (ml/ min) ClCR ≥ 60 30 &lt; ClCR &lt; 60</s>
<s id="s498.1">recommended dose 4 mg per day 2 mg per day</s>
<s id="s499.1">15 &lt; ClCR &lt; 30</s>
<s id="s500.1">2 mg every other day</s>
<s id="s501.1">Haemodialysed patients *</s>
<s id="s502.1">ClCR &lt; 15</s>
<s id="s503.1">2 mg on the day of dialysis</s>
<s id="s504.1">* Dialysis clearance of perindoprilat is 70 ml/ min.</s>
<s id="s504.2">For patients on haemodialysis, the dose should be taken after dialysis.</s>
<s id="s504.3">Dosage adjustment in hepatic impairment No dosage adjustment is necessary in patients with hepatic impairment (see sections 4.4 “ Special warnings and special precautions for use” and 5.2 “ Pharmacokinetic properties”) Paediatric use Efficacy and safety of use in children has not been established.</s>
<s id="s504.4">Therefore, use in children is not recommended.</s>
<s id="s505.1">EMEA/ CPMP/ 32703/ 03 4.3 Contraindications</s>
<s id="s506.1">12/ 20</s>
<s id="s507.1"> EMEA 2003</s>
<s id="s508.1">• Hypersensitivity to perindopril, to any of the excipients or to any other ACE inhibitor; • History of angioedema associated with previous ACE inhibitor therapy; • Hereditary or idiopathic angioedema; • Second and third trimesters of pregnancy (see 4.6 “ Pregnancy and lactation”).</s>
<s id="s509.1">4.4 Special warnings and special precautions for use Hypotension ACE inhibitors may cause a fall in blood pressure.</s>
<s id="s509.2">Symptomatic hypotension is seen rarely in uncomplicated hypertensive patients and is more likely to occur in patients who have been volume- depleted e. g. by diuretic therapy, dietary salt restriction, dialysis, diarrhoea or vomiting, or who have severe renin-dependent hypertension (see sections 4.5 “ Interaction with other medicaments and other forms of interaction” and 4.8 “ Undesirable effects”).</s>
<s id="s509.3">In patients with symptomatic heart failure, with or without associated renal insufficiency, symptomatic hypotension has been observed.</s>
<s id="s509.4">This is most likely to occur in those patients with more severe degrees of heart failure, as reflected by the use of high doses of loop diuretics, hyponatraemia or functional renal impairment.</s>
<s id="s509.5">In patients at increased risk of symptomatic hypotension, initiation of therapy and dose adjustment should be closely monitored (see 4.2 “ Posology and method of administration” and 4.8 “ Undesirable effects”).</s>
<s id="s509.6">Similar considerations apply to patients with ischaemic heart or cerebrovascular disease in whom an excessive fall in blood pressure could result in a myocardial infarction or cerebrovascular accident.</s>
<s id="s509.7">If hypotension occurs, the patient should be placed in the supine position and, if necessary, should receive an intravenous infusion of normal saline.</s>
<s id="s509.8">A transient hypotensive response is not a contraindication to further doses, which can be given usually without difficulty once the blood pressure has increased after volume expansion.</s>
<s id="s509.9">In some patients with congestive heart failure who have normal or low blood pressure, additional lowering of systemic blood pressure may occur with&lt; COVERSYL and associated names &gt;.</s>
<s id="s509.10">This effect is anticipated and is usually not a reason to discontinue treatment.</s>
<s id="s509.11">If hypotension becomes symptomatic, a reduction of dose or discontinuation of&lt; COVERSYL and associated names &gt; may be necessary.</s>
<s id="s509.12">Aortic and mitral valve stenosis / hypertrophic cardiomyopathy</s>
<s id="s510.1">As with other ACE inhibitors ,&lt; COVERSYL and associated names &gt; should be given with caution to patients with mitral valve stenosis and obstruction in the outflow of the left ventricle such as aortic stenosis or hypertrophic cardiomyopathy.</s>
<s id="s510.2">Renal impairment</s>
<s id="s511.1">In cases of renal impairment (creatinine clearance &lt; 60 ml/ min) the initial perindopril dosage should be adjusted according to the patient’ s creatinine clearance (see 4.2 “ Posology and method of administration”) and then as a function of the patient’ s response to treatment.</s>
<s id="s511.2">Routine monitoring of potassium and creatinine are part of normal medical practice for these patients (see 4.8 “ Undesirable effects”).</s>
<s id="s511.3">In patients with symptomatic heart failure, hypotension following the initiation of therapy with ACE inhibitors may lead to some further impairment in renal function.</s>
<s id="s511.4">Acute renal failure, usually reversible, has been reported in this situation.</s>
<s id="s511.5">In some patients with bilateral renal artery stenosis or stenosis of the artery to a solitary kidney, who have been treated with ACE inhibitors, increases in blood urea and serum creatinine, usually reversible upon discontinuation of therapy, have been seen.</s>
<s id="s511.6">This is especially likely in patients with renal insufficiency.</s>
<s id="s511.7">If renovascular hypertension is also present there is an increased risk of severe hypotension and renal insufficiency.</s>
<s id="s511.8">In these patients, treatment should be started under close medical supervision with low doses and careful dose titration.</s>
<s id="s511.9">Since treatment with diuretics may be a contributory factor to the above, they should be discontinued and renal function should be monitored during the first weeks of&lt; COVERSYL and associated names &gt; therapy.</s>
<s id="s512.1">EMEA/ CPMP/ 32703/ 03</s>
<s id="s513.1">13/ 20</s>
<s id="s514.1"> EMEA 2003</s>
<s id="s515.1">Some hypertensive patients with no apparent pre-existing renal vascular disease have developed increases in blood urea and serum creatinine, usually minor and transient, especially when COVERSYL has been given concomitantly with a diuretic.</s>
<s id="s515.2">This is more likely to occur in patients with pre-existing renal impairment.</s>
<s id="s515.3">Dosage reduction and/ or discontinuation of the diuretic and/ or COVERSYL may be required.</s>
<s id="s515.4">Haemodialysis patients</s>
<s id="s516.1">Anaphylactoid reactions have been reported in patients dialysed with high flux membranes, and treated concomitantly with an ACE inhibitor.</s>
<s id="s516.2">In these patients consideration should be given to using a different type of dialysis membrane or different class of antihypertensive agent.</s>
<s id="s516.3">Kidney transplantation There is no experience regarding the administration of&lt; COVERSYL and associated names &gt; in patients with a recent kidney transplantation.</s>
<s id="s516.4">Hypersensitivity/ Angioedema Angioedema of the face, extremities, lips, mucous membranes, tongue, glottis and/ or larynx has been reported rarely in patients treated with ACE inhibitors, including&lt; COVERSYL and associated names &gt; (see 4.8 Undesirable effects).</s>
<s id="s516.5">This may occur at any time during therapy.</s>
<s id="s516.6">In such cases ,&lt; COVERSYL and associated names &gt; should promptly be discontinued and appropriate monitoring should be initiated and continued until complete resolution of symptoms has occurred.</s>
<s id="s516.7">In those instances where swelling was confined to the face and lips the condition generally resolved without treatment, although antihistamines have been useful in relieving symptoms.</s>
<s id="s516.8">Angioedema associated with laryngeal oedema may be fatal.</s>
<s id="s516.9">Where there is involvement of the tongue, glottis or larynx, likely to cause airway obstruction, emergency therapy should be administered promptly.</s>
<s id="s516.10">This may include the administration of adrenaline and/ or the maintenance of a patent airway.</s>
<s id="s516.11">The patient should be under close medical supervision until complete and sustained resolution of symptoms has occurred.</s>
<s id="s516.12">Angiotensin converting enzyme inhibitors cause a higher rate of angioedema in black patients than in non-black patients.</s>
<s id="s516.13">Patients with a history of angioedema unrelated to ACE inhibitor therapy may be at increased risk of angioedema while receiving an ACE inhibitor (See 4.3 Contraindications).</s>
<s id="s516.14">Anaphylactoid reactions during low-density lipoproteins (LDL) apheresis Rarely, patients receiving ACE inhibitors during low-density lipoprotein (LDL) apheresis with dextran sulphate have experienced life-threatening anaphylactoid reactions.</s>
<s id="s516.15">These reactions were avoided by temporarily withholding ACEinhibitor therapy prior to each apheresis.</s>
<s id="s516.16">Anaphylactic reactions during desensitisation Patients receiving ACE inhibitors during desensitisation treatment (e. g. hymenoptera venom) have experienced anaphylactoid reactions.</s>
<s id="s516.17">In the same patients, these reactions have been avoided when the ACE inhibitors were temporarily withheld, but they reappeared upon inadvertent rechallenge.</s>
<s id="s516.18">Hepatic failure Rarely, ACE inhibitors have been associated with a syndrome that starts with cholestatic jaundice and progresses to fulminant hepatic necrosis and (sometimes) death.</s>
<s id="s516.19">The mechanism of this syndrome is not understood.</s>
<s id="s516.20">Patients receiving ACE inhibitors who develop jaundice or marked elevations of hepatic enzymes should discontinue the ACE inhibitor and receive appropriate medical follow-up (4.8 Undesirable effects).</s>
<s id="s516.21">Neutropenia/ Agranulocytosis/ Thrombocytopenia/ Anaemia Neutropenia/ agranulocytosis, thrombocytopenia and anaemia have been reported in patients receiving ACE inhibitors.</s>
<s id="s516.22">In patients with normal renal function and no other complicating factors, neutropenia occurs rarely.</s>
<s id="s516.23">Perindopril should be used with extreme caution in patients with collagen vascular disease, immunosuppressant therapy, treatment with allopurinol or procainamide, or a combination of these complicating factors, especially if there is pre-existing impaired renal function.</s>
<s id="s516.24">Some of these</s>
<s id="s517.1">EMEA/ CPMP/ 32703/ 03</s>
<s id="s518.1">14/ 20</s>
<s id="s519.1"> EMEA 2003</s>
<s id="s520.1">patients developed serious infections, which in a few instances did not respond to intensive antibiotic therapy.</s>
<s id="s520.2">If perindopril is used in such patients, periodic monitoring of white blood cell counts is advised and patients should be instructed to report any sign of infection.</s>
<s id="s520.3">Race ACE inhibitors cause a higher rate of angioedema in black patients than in non-black patients.</s>
<s id="s520.4">As with other ACE inhibitors, perindopril may be less effective in lowering blood pressure in black people than in non-blacks, possibly because of a higher prevalence of low-renin states in the black hypertensive population.</s>
<s id="s520.5">Cough Cough has been reported with the use of ACE inhibitors.</s>
<s id="s520.6">Characteristically, the cough is non- productive, persistent and resolves after discontinuation of therapy.</s>
<s id="s520.7">ACE inhibitor-induced cough should be considered as part of the differential diagnosis of cough.</s>
<s id="s520.8">Surgery/ Anaesthesia In patients undergoing major surgery or during anaesthesia with agents that produce hypotension ,&lt; COVERSYL and associated names &gt; may block angiotensin II formation secondary to compensatory renin release.</s>
<s id="s520.9">The treatment should be discontinued one day prior to the surgery.</s>
<s id="s520.10">If hypotension occurs and is considered to be due to this mechanism, it can be corrected by volume expansion.</s>
<s id="s520.11">Hyperkalaemia</s>
<s id="s521.1">Elevations in serum potassium have been observed in some patients treated with ACE inhibitors, including perindopril.</s>
<s id="s521.2">Patients at risk for the development of hyperkalaemia include those with renal insufficiency, uncontrolled diabetes mellitus, or those using concomitant potassium-sparing diuretics, potassium supplements or potassium-containing salt substitutes; or those patients taking other drugs associated with increases in serum potassium (e. g. heparin).</s>
<s id="s521.3">If concomitant use of the above- mentioned agents is deemed appropriate, regular monitoring of serum potassium is recommended.</s>
<s id="s521.4">Diabetic patients In diabetic patients treated with oral antidiabetic agents or insulin, glycaemic control should be closely monitored during the first month of treatment with an ACE inhibitor.</s>
<s id="s521.5">(See 4.5 Interaction with other medicinal products and other forms of interaction, Antidiabetics.) Lithium The combination of lithium and perindopril is generally not recommended (see 4.5 Interaction with other medicinal products and other forms of interaction).</s>
<s id="s521.6">Potassium sparing diuretics, potassium supplements or potassium-containing salt substitutes The combination of perindopril and potassium sparing diuretics, potassium supplements or potassium- containing salt substitutes is generally not recommended (see 4.5 Interaction with other medicinal products and other forms of interaction).</s>
<s id="s521.7">Pregnancy and lactation (See section 4.3 “ Contraindications” and section 4.6 “ Pregnancy and lactation”).</s>
<s id="s522.1">4.5 Interaction with other medicinal products and other forms of interaction Diuretics Patients on diuretics, and especially those who are volume and/ or salt depleted, may experience excessive reduction in blood pressure after initiation of therapy with an ACE inhibitor.</s>
<s id="s522.2">The possibility of hypotensive effects can be reduced by discontinuation of the diuretic, by increasing volume or salt intake prior to initiating therapy with low and progressive doses of perindopril.</s>
<s id="s522.3">Potassium sparing diuretics, potassium supplements or potassium-containing salt substitutes Although serum potassium usually remains within normal limits, hyperkalaemia may occur in some patients treated with perindopril.</s>
<s id="s522.4">Potassium sparing diuretics (e. g. spironolactone, triamterene, or</s>
<s id="s523.1">EMEA/ CPMP/ 32703/ 03</s>
<s id="s524.1">15/ 20</s>
<s id="s525.1"> EMEA 2003</s>
<s id="s526.1">amiloride), potassium supplements, or potassium-containing salt substitutes may lead to significant increases in serum potassium.</s>
<s id="s526.2">Therefore the combination of perindopril with the above-mentioned drugs is not recommended (see section 4.4).</s>
<s id="s526.3">If concomitant use is indicated because of demonstrated hypokalaemia they should be used with caution and with frequent monitoring of serum potassium.</s>
<s id="s526.4">Lithium Reversible increases in serum lithium concentrations and toxicity have been reported during concomitant administration of lithium with ACE inhibitors.</s>
<s id="s526.5">Concomitant use of thiazide diuretics may increase the risk of lithium toxicity and enhance the already increased risk of lithium toxicity with ACE inhibitors.</s>
<s id="s526.6">Use of perindopril with lithium is not recommended, but if the combination proves necessary, careful monitoring of serum lithium levels should be performed (see section 4.4).</s>
<s id="s526.7">Non-steroidal anti-inflammatory drugs (NSAIDs) including aspirin ≥ 3 g/ day The administration of a non-steroidal anti-inflammatory drugs may reduce the antihypertensive effect of ACE inhibitors.</s>
<s id="s526.8">Additionally, NSAIDs and ACE inhibitors exert an additive effect on the increase in serum potassium and may result in a deterioration of renal function.</s>
<s id="s526.9">These effects are usually reversible.</s>
<s id="s526.10">Rarely, acute renal failure may occur, especially in patients with compromised renal function such as those who are elderly or dehydrated.</s>
<s id="s526.11">Antihypertensive agents and vasodilators Concomitant use of these agents may increase the hypotensive effects of perindopril.</s>
<s id="s526.12">Concomitant use with nitroglycerin and other nitrates, or other vasodilators, may further reduce blood pressure.</s>
<s id="s526.13">Antidiabetic agents Epidemiological studies have suggested that concomitant administration of ACE inhibitors and antidiabetic medicines (insulins, oral hypoglycaemic agents) may cause an increased blood-glucose lowering effect with risk of hypoglycaemia.</s>
<s id="s526.14">This phenomenon appeared to be more likely to occur during the first weeks of combined treatment and in patients with renal impairment.</s>
<s id="s526.15">Acetylsalicylic acid, thrombolytics, beta-blockers, nitrates Perindopril may be used concomitantly with acetylsalicylic acid (when used as a thrombolytic), thrombolytics, beta-blockers and/ or nitrates.</s>
<s id="s526.16">Tricyclic antidepressants/ Antipsychotics/ Anesthetics Concomitant use of certain anaesthetic medicinal products, tricyclic antidepressants and antipsychotics with ACE inhibitors may result in further reduction of blood pressure (see section 4.4).</s>
<s id="s526.17">Sympathomimetics Sympathomimetics may reduce the antihypertensive effects of ACE inhibitors.</s>
<s id="s527.1">4.6 Pregnancy and lactation Pregnancy&lt; COVERSYL and associated names &gt; should not be used during the first trimester of pregnancy.</s>
<s id="s527.2">When a pregnancy is planned or confirmed, the switch to an alternative treatment should be initiated as soon as possible.</s>
<s id="s527.3">Controlled studies with ACE inhibitors have not been done in humans, but in a limited number of cases with first trimester exposure there do not appear to have been any malformations consistent with human foetotoxicity as described below.</s>
<s id="s527.4">Perindopril is contraindicated during the second and third trimesters of pregnancy.</s>
<s id="s527.5">Prolonged ACE inhibitor exposure during the second and third trimesters is known to induce human foetotoxicity (decreased renal function, oligohydramnios, skull ossification retardation) and neonatal toxicity (renal failure, hypotension, hyperkalaemia).</s>
<s id="s527.6">(see 5.3 “ Preclinical safety data”) Should exposure to perindopril have occurred from the second trimester of pregnancy, ultrasound check of renal function and skull is recommended.</s>
<s id="s528.1">EMEA/ CPMP/ 32703/ 03 Lactation</s>
<s id="s529.1">16/ 20</s>
<s id="s530.1"> EMEA 2003</s>
<s id="s531.1">It is not known whether perindopril is excreted into human breast milk.</s>
<s id="s531.2">Therefore the use of&lt; COVERSYL and associated names &gt; is not recommended in women who are breast-feeding.</s>
<s id="s532.1">4.7 Effects on ability to drive and use machines When driving vehicles or operating machines it should be taken into account that occasionally dizziness or weariness may occur.</s>
<s id="s533.1">4.8 Undesirable effects The following undesirable effects have been observed during treatment with perindopril and ranked under the following frequency:</s>
<s id="s533.2">Very common (&gt; 1/ 10); common (&gt; 1/ 100 ,&lt; 1/10); uncommon (&gt; 1/1000 ,&lt; 1/100); rare (&gt; 1/ 10000 ,&lt; 1/1000); very rare (&lt; 1/10000), including isolated reports.</s>
<s id="s533.3">Psychiatric disorders:</s>
<s id="s533.4">Uncommon: mood or sleep disturbances Nervous system disorders:</s>
<s id="s533.5">Common: headache, dizziness, vertigo, paresthaesia Very rare: confusion Eye disorders:</s>
<s id="s533.6">Common: vision disturbance Ear and labyrinth disorders:</s>
<s id="s533.7">Common: tinnitus Cardio-vascular disorders:</s>
<s id="s533.8">Common: hypotension and effects related to hypotension Very rare: arrhythmia, angina pectoris, myocardial infarction and stroke, possibly secondary to excessive hypotension in high risk patients (see 4.4 Special warnings and special precautions for use).</s>
<s id="s533.9">Respiratory, thoracic and mediastinal disorders:</s>
<s id="s533.10">Common: cough, dyspnoea Uncommon: bronchospasm Very rare: eosinophilic pneumonia, rhinitis Gastro-intestinal disorders:</s>
<s id="s533.11">Common: nausea, vomiting, abdominal pain, dysgeusia, dyspepsia, diarrhoea, constipation Uncommon: dry mouth Very rare: pancreatitis Hepato-biliary disorders:</s>
<s id="s533.12">Very rare: hepatitis either cytolytic or cholestatic (see section 4.4 Special warnings and special precautions for use) Skin and subcutaneous tissue disorders:</s>
<s id="s533.13">Common: rash, pruritus Uncommon: angioedema of face, extremities, lips, mucous membranes, tongue, glottis and/ or larynx, urticaria (see 4.4 Special warnings and special precautions for use).</s>
<s id="s533.14">Very rare: erythema multiforme Musculoskeletal, connective tissue and bone disorders:</s>
<s id="s533.15">Common: muscle cramps</s>
<s id="s534.1">EMEA/ CPMP/ 32703/ 03 Renal and urinary disorders:</s>
<s id="s534.2">Uncommon: renal insufficiency Very rare: acute renal failure Reproductive system and breast disorders:</s>
<s id="s534.3">Uncommon: impotence General disorders:</s>
<s id="s534.4">Common: asthenia Uncommon: sweating Blood and the lymphatic system disorders:</s>
<s id="s535.1">17/ 20</s>
<s id="s536.1"> EMEA 2003</s>
<s id="s537.1">Decreases in haemoglobin and haematocrit, thrombocytopenia, leucopenia/ neutropenia, and cases of agranulocytosis or pancytopenia, have been reported very rarely.</s>
<s id="s537.2">In patients with a congenital deficiency of G-6PDH, very rare cases of haemolytic anaemia have been reported (see section 4.4 Special warnings and special precautions for use).</s>
<s id="s537.3">Investigations:</s>
<s id="s537.4">Increases in blood urea and plasma creatinine, hyperkalaemia reversible on discontinuation may occur, especially in the presence of renal insufficiency, severe heart failure and renovascular hypertension.</s>
<s id="s537.5">Elevation of liver enzymes and serum bilirubin have been reported rarely.</s>
<s id="s538.1">4.9 Overdose Limited data are available for overdosage in humans.</s>
<s id="s538.2">Symptoms associated with overdosage of ACE inhibitors may include hypotension, circulatory shock, electrolyte disturbances, renal failure, hyperventilation, tachycardia, palpitations, bradycardia, dizziness, anxiety, and cough.</s>
<s id="s538.3">The recommended treatment of overdosage is intravenous infusion of normal saline solution.</s>
<s id="s538.4">If hypotension occurs, the patient should be placed in the shock position.</s>
<s id="s538.5">If available, treatment with angiotensin II infusion and/ or intravenous catecholamines may also be considered.</s>
<s id="s538.6">Perindopril may be removed from the general circulation by haemodialysis.</s>
<s id="s538.7">(See 4.4 Special warnings and special precautions for use, Haemodialysis Patients.) Pacemaker therapy is indicated for therapy-resistant bradycardia.</s>
<s id="s538.8">Vital signs, serum electrolytes and creatinine concentrations should be monitored continuously.</s>
<s id="s539.1">5.</s>
<s id="s539.2">PHARMACOLOGICAL PROPERTIES</s>
<s id="s540.1">5.1 Pharmacodynamic properties ATC code:</s>
<s id="s540.2">C09A A04 Perindopril is an inhibitor of the enzyme that converts angiotensin I into angiotensin II (Angiotensin Converting Enzyme ACE).</s>
<s id="s540.3">The converting enzyme, or kinase, is an exopeptidase that allows conversion of angiotensin I into the vasoconstrictor angiotensin II as well as causing the degradation of the vasodilator bradykinin into an inactive heptapeptide.</s>
<s id="s540.4">Inhibition of ACE results in a reduction of angiotensin II in the plasma, which leads to increased plasma renin activity (by inhibition of the negative feedback of renin release) and reduced secretion of aldosterone.</s>
<s id="s540.5">Since ACE inactivates bradykinin, inhibition of ACE also results in an increased activity of circulating and local kallikrein- kinin systems (and thus also activation of the prostaglandin system).</s>
<s id="s540.6">It is possible that this mechanism contributes to the blood pressure-lowering action of ACE inhibitors and is partially responsible for certain of their side effects (e. g. cough).</s>
<s id="s540.7">Perindopril acts through its active metabolite, perindoprilat.</s>
<s id="s540.8">The other metabolites show no inhibition of ACE activity in vitro.</s>
<s id="s540.9">Hypertension Perindopril is active in all grades of hypertension: mild, moderate, severe; a reduction in systolic and diastolic blood pressures in both supine and standing positions is observed.</s>
<s id="s540.10">EMEA/ CPMP/ 32703/ 03</s>
<s id="s541.1">18/ 20</s>
<s id="s542.1"> EMEA 2003</s>
<s id="s543.1">Perindopril reduces peripheral vascular resistance, leading to blood pressure reduction.</s>
<s id="s543.2">As a consequence, peripheral blood flow increases, with no effect on heart rate.</s>
<s id="s543.3">Renal blood flow increases as a rule, while the glomerular filtration rate (GFR) is usually unchanged.</s>
<s id="s543.4">The antihypertensive activity is maximal between 4 and 6 hours after a single dose and is sustained for at least 24 hours: trough effects are about 87-100% of peak effects.</s>
<s id="s543.5">The decrease in blood pressure occurs rapidly.</s>
<s id="s543.6">In responding patients, normalisation is achieved within a month and persists without the occurrence of tachyphylaxis.</s>
<s id="s543.7">Discontinuation of treatment does not lead to a rebound effect.</s>
<s id="s543.8">Perindopril reduces left ventricular hypertrophy.</s>
<s id="s543.9">In man, perindopril has been confirmed to demonstrate vasodilatory properties.</s>
<s id="s543.10">It improves large artery elasticity and decreases the media: lumen ratio of small arteries.</s>
<s id="s543.11">An adjunctive therapy with a thiazide diuretic produces an additive-type of synergy.</s>
<s id="s543.12">The combination of an ACE inhibitor and a thiazide also decreases the risk of hypokalaemia induced by the diuretic treatment.</s>
<s id="s543.13">Heart failure&lt; COVERSYL and associated names &gt; reduces cardiac work by a decrease in pre-load and after-load.</s>
<s id="s543.14">Studies in patients with heart failure have demonstrated:</s>
<s id="s544.1">- decreased left and right ventricular filling pressures,</s>
<s id="s545.1">- reduced total peripheral vascular resistance,</s>
<s id="s546.1">- increased cardiac output and improved cardiac index.</s>
<s id="s547.1">In comparative studies, the first administration of 2 mg of&lt; COVERSYL and associated names &gt; to patients with mild to moderate heart failure was not associated with any significant reduction of blood pressure as compared to placebo.</s>
<s id="s548.1">5.2 Pharmacokinetic properties After oral administration, the absorption of perindopril is rapid and the peak concentration complete within 1 hour.</s>
<s id="s548.2">Bioavailability is 65 to 70%.</s>
<s id="s548.3">About 20% of the total quantity of perindopril absorbed is converted into perindoprilat, the active metabolite.</s>
<s id="s548.4">In addition to active perindoprilat, perindopril yields five metabolites, all inactive.</s>
<s id="s548.5">The plasma half-life of perindopril is equal to 1 hour.</s>
<s id="s548.6">The peak plasma concentration of perindoprilat is achieved within 3 to 4 hours.</s>
<s id="s548.7">As ingestion of food decreases conversion to perindoprilat, hence bioavailability ,&lt; COVERSYL and associated names &gt; should be administered orally in a single daily dose in the morning before a meal.</s>
<s id="s548.8">The volume of distribution is approximately 0.2 l/ kg for unbound perindoprilat.</s>
<s id="s548.9">Protein binding is slight (binding of perindoprilat to angiotensin converting enzyme is less than 30%), but is concentration-dependent.</s>
<s id="s548.10">Perindoprilat is eliminated in the urine and the half-life of the unbound fraction is approximately 3 to 5 hours.</s>
<s id="s548.11">Dissociation of perindoprilat bound to angiotensin converting enzyme leads to an “ effective” elimination half-life of 25 hours, resulting in steady-state within 4 days.</s>
<s id="s548.12">After repeated administration, no accumulation of perindopril is observed.</s>
<s id="s548.13">Elimination of perindoprilat is decreased in the elderly, and also in patients with heart or renal failure.</s>
<s id="s548.14">Dosage adjustment in renal insufficiency is desirable depending on the degree of impairment (creatinine clearance).</s>
<s id="s548.15">Dialysis clearance of perindoprilat is equal to 70 ml/ min.</s>
<s id="s548.16">Perindopril kinetics are modified in patients with cirrhosis: hepatic clearance of the parent molecule is reduced by half.</s>
<s id="s548.17">However, the quantity of perindoprilat formed is not reduced and therefore no dosage adjustment is required (see also sections 4.2 “ Posology and method of administration” and 4.4 “ Special warnings and special precautions for use”).</s>
<s id="s549.1">EMEA/ CPMP/ 32703/ 03 5.3 Preclinical safety data</s>
<s id="s550.1">19/ 20</s>
<s id="s551.1"> EMEA 2003</s>
<s id="s552.1">In the chronic oral toxicity studies (rats and monkeys), the target organ is the kidney, with reversible damage.</s>
<s id="s552.2">No mutagenicity has been observed in in vitro or in vivo studies.</s>
<s id="s552.3">Reproduction toxicology studies (rats, mice, rabbits and monkeys) showed no sign of embryotoxicity or teratogenicity.</s>
<s id="s552.4">However, angiotensin converting enzyme inhibitors, as a class, have been shown to induce adverse effects on late foetal development, resulting in foetal death and congenital effects in rodents and rabbits: renal lesions and an increase in peri- and postnatal mortality have been observed.</s>
<s id="s552.5">No carcinogenicity has been observed in long term studies in rats and mice.</s>
<s id="s553.1">6.</s>
<s id="s553.2">PHARMACEUTICAL PARTICULARS</s>
<s id="s554.1">6.1 List of excipients&lt; [To be implemented nationally] &gt;</s>
<s id="s555.1">6.2 Incompatibilities&lt; [To be implemented nationally] &gt;</s>
<s id="s556.1">6.3 Shelf life&lt; [To be implemented nationally] &gt;</s>
<s id="s557.1">6.4 Special precautions for storage&lt; [To be implemented nationally] &gt;</s>
<s id="s558.1">6.5 Nature and contents of container&lt; [To be implemented nationally] &gt;</s>
<s id="s559.1">6.6 Instructions for use and handling&lt; [To be implemented nationally] &gt;</s>
<s id="s560.1">7.</s>
<s id="s560.2">MARKETING AUTHORISATION HOLDER</s>
<s id="s561.1">&lt; [See Annex 1 - to be implemented nationally] &gt;</s>
<s id="s562.1">8.</s>
<s id="s562.2">MARKETING AUTHORISATION NUMBER</s>
<s id="s563.1">&lt; [To be implemented nationally] &gt;</s>
<s id="s564.1">9.</s>
<s id="s564.2">DATE OF FIRST AUTHORISATION/ RENEWAL OF AUTHORISATION</s>
<s id="s565.1">&lt; [To be implemented nationally] &gt;</s>
<s id="s566.1">10.</s>
<s id="s566.2">DATE OF (PARTIAL) REVISION OF THE TEXT</s>
<s id="s567.1">EMEA/ CPMP/ 32703/ 03</s>
<s id="s568.1">20/ 20</s>
<s id="s569.1"> EMEA 2003</s>
</body>
</letsmt>
