<?xml version="1.0" encoding="utf-8"?>
<letsmt version="1.0">
<head></head>
<body>
<s id="s1.1">EU Number</s>
<s id="s2.1">Name</s>
<s id="s3.1">Strength</s>
<s id="s4.1">Pharmaceutical form</s>
<s id="s5.1">Target species</s>
<s id="s6.1">Route of administration</s>
<s id="s7.1">Packaging</s>
<s id="s8.1">Content</s>
<s id="s9.1">Package size</s>
<s id="s10.1">Withdrawal period</s>
<s id="s11.1">EU/ 2/ 04/ 045/ 001</s>
<s id="s12.1">Previcox</s>
<s id="s13.1">57 mg</s>
<s id="s14.1">Chewable tablets</s>
<s id="s15.1">Dogs</s>
<s id="s16.1">Oral use</s>
<s id="s17.1">Blister (PVC/ Alu)</s>
<s id="s18.1">1 blister of 10 tablets</s>
<s id="s19.1">10 tablets</s>
<s id="s20.1">Not applicable</s>
<s id="s21.1">EU/ 2/ 04/ 045/ 002</s>
<s id="s22.1">Previcox</s>
<s id="s23.1">57 mg</s>
<s id="s24.1">Chewable tablets</s>
<s id="s25.1">Dogs</s>
<s id="s26.1">Oral use</s>
<s id="s27.1">Blister (PVC/ Alu)</s>
<s id="s28.1">3 blisters of 10 tablets</s>
<s id="s29.1">30 tablets</s>
<s id="s30.1">Not applicable</s>
<s id="s31.1">EU/ 2/ 04/ 045/ 003</s>
<s id="s32.1">Previcox</s>
<s id="s33.1">227 mg</s>
<s id="s34.1">Chewable tablets</s>
<s id="s35.1">Dogs</s>
<s id="s36.1">Oral use</s>
<s id="s37.1">Blister (PVC/ Alu)</s>
<s id="s38.1">1 blister of 10 tablets</s>
<s id="s39.1">10 tablets</s>
<s id="s40.1">Not applicable</s>
<s id="s41.1">EU/ 2/ 04/ 045/ 004</s>
<s id="s42.1">Previcox</s>
<s id="s43.1">227 mg</s>
<s id="s44.1">Chewable tablets</s>
<s id="s45.1">Dogs</s>
<s id="s46.1">Oral use</s>
<s id="s47.1">Blister (PVC/ Alu)</s>
<s id="s48.1">3 blisters of 10 tablets</s>
<s id="s49.1">30 tablets</s>
<s id="s50.1">Not applicable</s>
<s id="s51.1">EU/ 2/ 04/ 045/ 005</s>
<s id="s52.1">Previcox</s>
<s id="s53.1">57 mg</s>
<s id="s54.1">Chewable tablets</s>
<s id="s55.1">Dogs</s>
<s id="s56.1">Oral use</s>
<s id="s57.1">Blister (PVC/ Alu)</s>
<s id="s58.1">18 blisters of 180 tablets 10 tablets</s>
<s id="s59.1">Not applicable</s>
<s id="s60.1">EU/ 2/ 04/ 045/ 006</s>
<s id="s61.1">Previcox</s>
<s id="s62.1">227 mg</s>
<s id="s63.1">Chewable tablets</s>
<s id="s64.1">Dogs</s>
<s id="s65.1">Oral use</s>
<s id="s66.1">Blister (PVC/ Alu)</s>
<s id="s67.1">18 blisters of 180 tablets 10 tablets</s>
<s id="s68.1">Not applicable</s>
<s id="s69.1">EU/ 2/ 04/ 045/ 007</s>
<s id="s70.1">Previcox</s>
<s id="s71.1">8,2 mg/ g</s>
<s id="s72.1">Oral paste</s>
<s id="s73.1">Horses</s>
<s id="s74.1">Oral use</s>
<s id="s75.1">Pre-filled syringe (PP)</s>
<s id="s76.1">7.32 g</s>
<s id="s77.1">1 pre-filled syringe</s>
<s id="s78.1">Meat and offal:</s>
<s id="s78.2">26 days</s>
<s id="s79.1">1/ 1</s>
</body>
</letsmt>
