<?xml version="1.0" encoding="utf-8"?>
<letsmt version="1.0">
<head></head>
<body>
<s id="s1.1">DODATEK I</s>
<s id="s2.1">SEZNAM IMEN, FARMACEVTSKIH OBLIK, JAKOSTI ZDRAVILA, POTI UPORABE ZDRAVILA, IMETNIKOV DOVOLJENJ A ZA PROMET Z ZDRAVILOM V DRŽAVAH ČLANICAH</s>
<s id="s3.1">1 Država članica</s>
<s id="s4.1">Imetnik dovoljenja za promet</s>
<s id="s5.1">Izmišljeno ime</s>
<s id="s6.1">Jakost</s>
<s id="s7.1">Farmacevtska oblika</s>
<s id="s8.1">Pot uporabe</s>
<s id="s9.1">Avstrija</s>
<s id="s10.1">Bayer Austria GmbH (Schering Austria GmbH) Herbststr.</s>
<s id="s10.2">6 - 10 1160 Wien, Austria</s>
<s id="s11.1">Aliane</s>
<s id="s12.1">0. 02 mg / 3 mg</s>
<s id="s13.1">filmsko obložene tablete</s>
<s id="s14.1">Oral use</s>
<s id="s15.1">Belgija</s>
<s id="s16.1">Bayer S. A. / N. V.</s>
<s id="s16.2">143, Avenue Louise 1050 Brussel, Belgium</s>
<s id="s17.1">Liofora</s>
<s id="s18.1">0. 02 mg / 3 mg</s>
<s id="s19.1">filmsko obložene tablete</s>
<s id="s20.1">Oral use</s>
<s id="s21.1">Ciper</s>
<s id="s22.1">Bayer Hellas AG 18- 20 Sorou Str 15125 Amaroussion Athens, Greece</s>
<s id="s23.1">Liofora</s>
<s id="s24.1">0. 02 mg / 3 mg</s>
<s id="s25.1">filmsko obložene tablete</s>
<s id="s26.1">Oral use</s>
<s id="s27.1">Češka Republika</s>
<s id="s28.1">Bayer Schering Pharma AG D- 13342 Berlin Germany</s>
<s id="s29.1">Belanette</s>
<s id="s30.1">0. 02 mg / 3 mg</s>
<s id="s31.1">filmsko obložene tablete</s>
<s id="s32.1">Oral use</s>
<s id="s33.1">Danska</s>
<s id="s34.1">Bayer Schering Pharma AG D- 13342 Berlin Germany</s>
<s id="s35.1">Liofora</s>
<s id="s36.1">0. 02 mg / 3 mg</s>
<s id="s37.1">filmsko obložene tablete</s>
<s id="s38.1">Oral use</s>
<s id="s39.1">Estonija</s>
<s id="s40.1">Bayer Schering Pharma AG D- 13342 Berlin Germany</s>
<s id="s41.1">Aliane</s>
<s id="s42.1">0. 02 mg / 3 mg</s>
<s id="s43.1">filmsko obložene tablete</s>
<s id="s44.1">Oral use</s>
<s id="s45.1">Finska</s>
<s id="s46.1">Bayer Schering Pharma Oy Pansiontie 47, FI- 20210 Turku Finland</s>
<s id="s47.1">Liofora</s>
<s id="s48.1">0. 02 mg / 3 mg</s>
<s id="s49.1">filmsko obložene tablete</s>
<s id="s50.1">Oral use</s>
<s id="s51.1">Francija</s>
<s id="s52.1">Bayer Santé 13, Rue Jean Jaurès 92807 Puteaux Cedex France</s>
<s id="s53.1">Belanette</s>
<s id="s54.1">0. 02 mg / 3 mg</s>
<s id="s55.1">filmsko obložene tablete</s>
<s id="s56.1">Oral use</s>
<s id="s57.1">2 Država članica</s>
<s id="s58.1">Imetnik dovoljenja za promet</s>
<s id="s59.1">Izmišljeno ime</s>
<s id="s60.1">Jakost</s>
<s id="s61.1">Farmacevtska oblika</s>
<s id="s62.1">Pot uporabe</s>
<s id="s63.1">Nemčija</s>
<s id="s64.1">Jenapharm GmbH &amp; Co.</s>
<s id="s64.2">KG Otto - Schott - Str.</s>
<s id="s64.3">15 D- 07745 Jena Germany</s>
<s id="s65.1">aida</s>
<s id="s66.1">0. 02 mg / 3 mg</s>
<s id="s67.1">filmsko obložene tablete</s>
<s id="s68.1">peroralna uporaba</s>
<s id="s69.1">Grčija</s>
<s id="s70.1">Bayer Hellas AG 18- 20 Sorou Str 15125 Amaroussion Athens Greece</s>
<s id="s71.1">Liofora</s>
<s id="s72.1">0. 02 mg / 3 mg</s>
<s id="s73.1">filmsko obložene tablete</s>
<s id="s74.1">peroralna uporaba</s>
<s id="s75.1">Madžarska</s>
<s id="s76.1">Bayer Schering Pharma AG D- 13342 Berlin Germany</s>
<s id="s77.1">Aliane</s>
<s id="s78.1">0. 02 mg / 3 mg</s>
<s id="s79.1">filmsko obložene tablete</s>
<s id="s80.1">peroralna uporab</s>
<s id="s81.1">Irska</s>
<s id="s82.1">Bayer Ltd.</s>
<s id="s82.2">The Atrium, Blackthorn Road Dublin 18 Ireland</s>
<s id="s83.1">Liofora</s>
<s id="s84.1">0. 02 mg / 3 mg</s>
<s id="s85.1">filmsko obložene tablete</s>
<s id="s86.1">peroralna uporaba</s>
<s id="s87.1">Italija</s>
<s id="s88.1">Bayer S. P. A.</s>
<s id="s88.2">Viale Certosa 130 20156 Milano Italy</s>
<s id="s89.1">Aliane</s>
<s id="s90.1">0. 02 mg / 3 mg</s>
<s id="s91.1">filmsko obložene tablete</s>
<s id="s92.1">peroralna uporaba</s>
<s id="s93.1">Latvija</s>
<s id="s94.1">Bayer Schering Pharma AG D- 13342 Berlin Germany</s>
<s id="s95.1">Aliane</s>
<s id="s96.1">0. 02 mg / 3 mg</s>
<s id="s97.1">filmsko obložene tablete</s>
<s id="s98.1">peroralna uporaba</s>
<s id="s99.1">Litva</s>
<s id="s100.1">Bayer Schering Pharma AG D- 13342 Berlin Germany</s>
<s id="s101.1">Aliane</s>
<s id="s102.1">0. 02 mg / 3 mg</s>
<s id="s103.1">filmsko obložene tablete</s>
<s id="s104.1">peroralna uporaba</s>
<s id="s105.1">3 Država članica</s>
<s id="s106.1">Imetnik dovoljenja za promet</s>
<s id="s107.1">Izmišljeno ime</s>
<s id="s108.1">Jakost</s>
<s id="s109.1">Farmacevtska oblika</s>
<s id="s110.1">Pot uporabe</s>
<s id="s111.1">Luksembourg</s>
<s id="s112.1">Bayer S. A. / N. V.</s>
<s id="s112.2">143, Avenue Louise 1050 Brussel Belgium</s>
<s id="s113.1">Liofora</s>
<s id="s114.1">0. 02 mg / 3 mg</s>
<s id="s115.1">filmsko obložene tablete</s>
<s id="s116.1">peroralna uporaba</s>
<s id="s117.1">Malta</s>
<s id="s118.1">Bayer Schering Pharma AG D- 13342 Berlin Germany</s>
<s id="s119.1">Aliane</s>
<s id="s120.1">0. 02 mg / 3 mg</s>
<s id="s121.1">filmsko obložene tablete</s>
<s id="s122.1">peroralna uporaba</s>
<s id="s123.1">Nizozemska</s>
<s id="s124.1">Bayer B. V.</s>
<s id="s124.2">Energieweg 1 3641 RT Mijdrecht The Netherlands</s>
<s id="s125.1">Belanette</s>
<s id="s126.1">0. 02 mg / 3 mg</s>
<s id="s127.1">filmsko obložene tablete</s>
<s id="s128.1">peroralna uporaba</s>
<s id="s129.1">Norveška</s>
<s id="s130.1">Bayer Schering Pharma AG D- 13342 Berlin Germany</s>
<s id="s131.1">Liofora</s>
<s id="s132.1">0. 02 mg / 3 mg</s>
<s id="s133.1">filmsko obložene tablete</s>
<s id="s134.1">peroralna uporaba</s>
<s id="s135.1">Polska</s>
<s id="s136.1">Bayer Schering Pharma AG D- 13353 Berlin Germany</s>
<s id="s137.1">Aliane</s>
<s id="s138.1">0. 02 mg / 3 mg</s>
<s id="s139.1">filmsko obložene tablete</s>
<s id="s140.1">peroralna uporaba</s>
<s id="s141.1">Portugalska</s>
<s id="s142.1">Lusal, Produção Químico- Farmacêutica Luso- Alemã, Lda.</s>
<s id="s142.2">Estrada Nacional 249, Km 15 2725- 397 Mem Martins Portugal</s>
<s id="s143.1">Aliane</s>
<s id="s144.1">0. 02 mg / 3 mg</s>
<s id="s145.1">filmsko obložene tablete</s>
<s id="s146.1">peroralna uporaba</s>
<s id="s147.1">Slovaška</s>
<s id="s148.1">Bayer Schering Pharma AG D- 13342 Berlin Germany</s>
<s id="s149.1">Aliane</s>
<s id="s150.1">0. 02 mg / 3 mg</s>
<s id="s151.1">filmsko obložene tablete</s>
<s id="s152.1">peroralna uporaba</s>
<s id="s153.1">4 Država članica</s>
<s id="s154.1">Imetnik dovoljenja za promet</s>
<s id="s155.1">Izmišljeno ime</s>
<s id="s156.1">Jakost</s>
<s id="s157.1">Farmacevtska oblika</s>
<s id="s158.1">Pot uporabe</s>
<s id="s159.1">Slovenija</s>
<s id="s160.1">Bayer Schering Pharma AG D- 13342 Berlin Germany</s>
<s id="s161.1">Liofora</s>
<s id="s162.1">0. 02 mg / 3 mg</s>
<s id="s163.1">filmsko obložene tablete</s>
<s id="s164.1">peroralna uporaba</s>
<s id="s165.1">Španija</s>
<s id="s166.1">Química Farmacéutica Bayer, S. L.</s>
<s id="s166.2">Av.</s>
<s id="s166.3">Baix Llobregat, 3- 5 08970 Sant Joan Despí, Barcelona Spain</s>
<s id="s167.1">Liofora</s>
<s id="s168.1">0. 02 mg / 3 mg</s>
<s id="s169.1">filmsko obložene tablete</s>
<s id="s170.1">peroralna uporaba</s>
<s id="s171.1">Švedska</s>
<s id="s172.1">Bayer Schering Pharma AG D- 13342 Berlin Germany</s>
<s id="s173.1">Liofora</s>
<s id="s174.1">0. 02 mg / 3 mg</s>
<s id="s175.1">filmsko obložene tablete</s>
<s id="s176.1">peroralna uporaba</s>
<s id="s177.1">5 DODATEK II</s>
<s id="s178.1">ZNANSTVENI ZAKLJUČKI</s>
<s id="s179.1">6 ZNANSTVENI ZAKLJUČKI</s>
<s id="s180.1">Pretisni omot zdravila Belanette je prilepljen na lepenko, ki je zložena v obliko, podobno denarnici.</s>
<s id="s180.2">Zloženka z vstavljenim pretisnim omotom vsebuje navodilo za uporabo, vsi sestavni deli pa so povezani s čistim in prozornim celofanskim ovojem, ki oblikuje enoto ovojnine, ki preprečuje, da bi se posamezni sestavni deli izgubili.</s>
<s id="s180.3">Zdravilo se trži v velikostih pakiranj po 3 x 21 filmsko obloženih tablet.</s>
<s id="s181.1">ZAKLJUČNI POVZETEK ZNANSTVENEGA VREDNOTENJA ZDRAVILA BELANETTE IN POVEZANIH IMEN (glejte Dodatek I)</s>
<s id="s182.1">Zahtevani osnovni podatki (kako uporabljati zdravilo, kaj narediti v primeru, če pozabite vzeti odmerek zdravila itd.), ki zagotavljajo varno uporabo zdravila, so navedeni na zloženkah iz lepenke in so vidni skozi celofanski ovoj.</s>
<s id="s182.2">Ko celofanski ovoj odstranite, je varna uporaba zdravila še vedno zagotovljena, ker so zahtevani podatki navedeni na stenah zloženke iz lepenke.</s>
<s id="s182.3">Poleg tega pretisnega omota ni mogoče ločiti od zloženke iz lepenke, zaradi česar imajo uporabniki vedno dostop do zahtevanih podatkov.</s>
<s id="s182.4">Poleg tega zloženka iz lepenke ščiti pretisne omote pred poškodbami.</s>
<s id="s182.5">Tveganje, ki bi nastalo, če bi se navodilo za uporabo ločilo od zloženke iz lepenke, je primerljivo s tveganjem, do katerega pride, če ločite pretisne omote od pripadajočih običajnih zunanjih ovojnin (škatle iz lepenke).</s>
<s id="s183.1">Čeprav so imeli slepi uporabniki glede čitljivosti Braillove pisave preko celofanskega ovoja različne pripombe, se predvideva, da bodo celofanski ovoj pred uporabo odstranili, tako da bodo slepe osebe lahko prepoznale zdravilo.</s>
<s id="s183.2">Slepe osebe so potrdile tudi, da je Braillova pisava na lepenki tipljiva in čitljiva.</s>
<s id="s183.3">Ker gre za zdravilo, ki se izdaja samo na recept, bodo slepe osebe vedno poznale ime zdravila, saj zdravniki med obiski pri njih predstavijo zdravilo, ki ga predpisujejo, vključno z imenom zdravila.</s>
<s id="s183.4">Zato bodo slepi uporabniki lahko dodatno primerjali podatke, ki so zapisani na zloženkah iz lepenke (Braillova pisava) s podatki, ki so jih dobili od zdravnika (med obiskom).</s>
<s id="s183.5">Če na koncu upoštevamo dejstvo, da je zdravilo namenjeno za dolgotrajno uporabo, je možnost napak in zlorabe še manjša.</s>
<s id="s184.1">7 DODATEK III</s>
<s id="s185.1">POVZETEK GLAVNIH ZNAČILNOSTI ZDRAVILA, OZNAČEVANJE IN NAVODILO ZA UPORABO</s>
<s id="s186.1">8 Veljavni povzetek glavnih značilnosti zdravila, ovojnina in navodilo za uporabo so končne verzije besedil, sprejete med postopkom Koordinacijske skupine..</s>
<s id="s187.1">9</s>
</body>
</letsmt>
