<?xml version="1.0" encoding="utf-8"?>
<letsmt version="1.0">
<head></head>
<body>
<s id="s1.1">European Medicines Agency Evaluation of Medicines for Human Use</s>
<s id="s2.1">London, 11/ 10/ 2006 EMEA/ CHMP/ 422351/ 2006</s>
<s id="s3.1">COMMITTEE FOR MEDICINAL PRODUCTS FOR HUMAN USE (CHMP)</s>
<s id="s4.1">OPINION FOLLOWING AN ARTICLE 29(2)1 REFERRAL FOR Cardoreg 4 mg prolonged release tablets and associated names International Non-Proprietary Name (INN):</s>
<s id="s4.2">Doxazosin</s>
<s id="s5.1">BACKGROUND INFORMATION</s>
<s id="s6.1">Cardoreg 4 mg prolonged release tablets and associated names (doxazosin) is a receptor alfa blocking agent used in the treatment of patients with essential hypertension and in the symptomatic treatment of patients with benign prostatic hyperplasia.</s>
<s id="s6.2">Pharmcom OY submitted applications for mutual recognition of Cardoreg 4 mg prolonged release tablets and associated names on the basis of the marketing authorisation granted by the Denmark on 30 September 2002.</s>
<s id="s6.3">The Mutual Recognition Procedure started on 25 May 2005.</s>
<s id="s6.4">The Reference Member State was Denmark and the Concerned Member States were:</s>
<s id="s6.5">Czech Republic, Hungary, Poland, Slovakia, and United Kingdom.</s>
<s id="s6.6">These Member States were not been able to reach an agreement in respect of the Mutual Recognition of the Marketing Authorisation granted by the Reference Member State.</s>
<s id="s6.7">The Denmark referred the reasons for disagreement to the EMEA on 3 March 2006.</s>
<s id="s6.8">The scope of the referral was to agree whether Cardoreg 4mg prolonged release tablets differ significantly with regards to the release profile from the originator product with potential for increased incidence of adverse events such as dizziness and hypotension, whether there were significant differences in performance of test batches in the single dose phase of studies 5208 and 1995 and whether the applicant has deviated from CHMP guidelines on the design of the bioequivalence studies, particularly in relation to the effect of food.</s>
<s id="s6.9">The arbitration procedure started on 23 March 2006.</s>
<s id="s6.10">The CHMP appointed Dr.</s>
<s id="s6.11">J. F. F.</s>
<s id="s6.12">Lekkerkerker (Netherlands) as Rapporteur and Dr.</s>
<s id="s6.13">Hudson (United Kingdom) as Co-rapporteur.</s>
<s id="s6.14">The Marketing Authorisation Holder provided written explanations on 08 April 2006.</s>
<s id="s6.15">Oral explanations were given by the Marketing Authorisation Holder on 27 June 2006.</s>
<s id="s6.16">During the June 2006 meeting, the CHMP, in the light of the overall data submitted and the scientific discussion within the Committee, was of the opinion that the benefit/ risk ratio is favourable for Cardoreg 4 mg prolonged release tablets and associated names, that the objections raised should not prevent the granting of a Marketing Authorisation and that the Summary of Product Characteristics, labelling and package leaflet of the Reference Member State should be amended.</s>
<s id="s6.17">A positive opinion was adopted 28 June 2006.</s>
<s id="s6.18">The list of the product names concerned is given in Annex I.</s>
<s id="s6.19">The scientific conclusions are provided in Annex II, together with the Summary of Product Characteristics in Annex III.</s>
<s id="s6.20">The final opinion was converted into a Decision by the European Commission on 11/ 10/ 2006.</s>
<s id="s7.1">1 Article 29(2) of Directive 2001/ 83/ EC, as amended.</s>
<s id="s7.2">7 Westferry Circus, Canary Wharf, London, E14 4HB, UK Tel.</s>
<s id="s7.3">(44-20) 74 18 84 00 Fax (44-20) 74 18 86 13 E-mail: mail@emea. europa. eu http: / /www. emea. europa. eu ©EMEA 2006 Reproduction and/ or distribution of this document is authorised for non commercial purposes only provided the EMEA is acknowledged</s>
</body>
</letsmt>
