<?xml version="1.0" encoding="utf-8"?>
<letsmt version="1.0">
<head></head>
<body>
<s id="s1.1">European Medicines Agency Evaluation of Medicines for Human Use</s>
<s id="s2.1">London, 2. decembra 2008 Sklic na dok.</s>
<s id="s2.2">EMEA/ CHMP/ 674034/ 2008</s>
<s id="s3.1">ODBOR ZA ZDRAVILA ZA UPORABO V HUMANI MEDICINI (CHMP)</s>
<s id="s4.1">MNENJE V ZVEZI Z NAPOTITVIJO V SKLADU S ČLENOM 30 ZA ZDRAVILO Efexor in z njim povezana imena Mednarodno nelastniško ime (INN): venlafaksin</s>
<s id="s5.1">OSNOVNE INFORMACIJE</s>
<s id="s6.1">Zdravilo Efexor, 25 mg, 37, 5 mg, 50 mg, 75 mg, je antidepresiv, namenjen za zdravljenje hudih epizod depresije in za preprečevanje njihovega ponovnega pojava.</s>
<s id="s7.1">Evropska komisija je dne 3. maja 2007 agenciji EMEA predložila napotitev v skladu s členom 30 Direktive 2001/ 83/ ES, kakor je bila spremenjena, da bi uskladila na nacionalni ravni odobrene povzetke glavnih značilnosti zdravila (SPC), označevanja in navodila za uporabo zdravila Efexor.</s>
<s id="s8.1">Podlaga za napotitev so bila razhajanja med povzetki glavnih značilnosti zdravila (SPC) Efexor, ki so bili odobreni v državah članicah EU v zvezi z zdravljenjem hudih epizod depresije in preprečevanjem njihovega ponovnega pojava.</s>
<s id="s9.1">Zdravilo spada na seznam zdravil iz leta 2007, katerih povzetke glavnih značilnosti zdravila je treba uskladiti.</s>
<s id="s10.1">Postopek se je začel dne 24. maja 2007.</s>
<s id="s10.2">Imetnik dovoljenja za promet z zdravilom je dne 26. septembra 2007 priskrbel dodatne informacije.</s>
<s id="s11.1">Med svojim zasedanjem julija 2008 je CHMP na osnovi vseh predloženih podatkov in znanstvene razprave v Odboru menil, da je predlog za uskladitev povzetkov glavnih značilnosti zdravila, označevanja in navodila za uporabo sprejemljiv in da bi bilo treba navedene dokumente dopolniti.</s>
<s id="s12.1">CHMP je dne 24. julija 2008 izdal pozitivno mnenje, temu pa je dne 25. septembra 2008 sledila revizija, na podlagi katere se priporoča 2008 uskladitev povzetkov glavnih značilnosti zdravila (SPC), označevanj in navodil za uporabo zdravila Efexor.</s>
<s id="s13.1">Seznam zadevnih imen zdravil je naveden v Dodatku I.</s>
<s id="s13.2">Znanstveni zaključki so na voljo v Dodatku II, spremenjeni povzetki glavnih značilnosti zdravila, označevanje in navodilo za uporabo pa v Dodatku III.</s>
<s id="s14.1">Evropska komisija je odločbo izdala 28. novembra 2008.</s>
<s id="s15.1">7 Westferry Circus, Canary Wharf, London, E14 4HB, UK Tel.</s>
<s id="s15.2">(44- 20) 74 18 84 00 Fax (44- 20) 74 18 86 13 E- mail: mail@ emea. europa. eu http: // www. emea. europa. eu © European Medicines Agency, 2008.</s>
<s id="s15.3">Reproduction is authorised provided the source is acknowledged.</s>
</body>
</letsmt>
