<?xml version="1.0" encoding="utf-8"?>
<letsmt version="1.0">
<head></head>
<body>
<s id="s1.1">ANNEX I</s>
<s id="s2.1">SUMMARY OF PRODUCT CHARACTERISTICS</s>
<s id="s3.1">1/ 32 1.</s>
<s id="s3.2">NAME OF THE VETERINARY MEDICINAL PRODUCT</s>
<s id="s4.1">Trocoxil 6 mg chewable tablets for dogs Trocoxil 20 mg chewable tablets for dogs Trocoxil 30 mg chewable tablets for dogs Trocoxil 75 mg chewable tablets for dogs Trocoxil 95 mg chewable tablets for dogs</s>
<s id="s5.1">2.</s>
<s id="s5.2">QUALITATIVE AND QUANTITATIVE COMPOSITION</s>
<s id="s6.1">Active substance:</s>
<s id="s6.2">Mavacoxib Mavacoxib Mavacoxib Mavacoxib Mavacoxib</s>
<s id="s7.1">6 mg 20 mg 30 mg.</s>
<s id="s7.2">75 mg 95 mg</s>
<s id="s8.1">For a full list of excipients, see section 6.1.</s>
<s id="s9.1">3.</s>
<s id="s9.2">PHARMACEUTICAL FORM</s>
<s id="s10.1">Chewable tablets</s>
<s id="s11.1">Triangular tablet with mottled brown appearance embossed with the tablet strength on one side and the word “ Pfizer ” on the other.</s>
<s id="s12.1">4.</s>
<s id="s12.2">CLINICAL PARTICULARS</s>
<s id="s13.1">4.1 Target species</s>
<s id="s14.1">Dogs aged 12 months or more.</s>
<s id="s15.1">4.2 Indications for use, specifying the target species</s>
<s id="s16.1">For the treatment of pain and inflammation associated with degenerative joint disease in dogs in cases where continuous treatment exceeding one month is indicated.</s>
<s id="s17.1">4.3 Contraindications</s>
<s id="s18.1">Do not use in dogs less than 12 months of age and/ or less than 5 kg body weight Do not use in dogs suffering from gastro-intestinal disorders including ulceration and bleeding.</s>
<s id="s18.2">Do not use where there is evidence of a haemorrhagic disorder.</s>
<s id="s18.3">Do not use in cases of impaired renal or hepatic function Do not use in cases of cardiac insufficiency Do not use in pregnant, breeding or lactating animals.</s>
<s id="s18.4">Do not use in case of hypersensitivity to the active substance or to any of the excipients Do not use in case of known hypersensitivity to sulphonamides.</s>
<s id="s18.5">Do not use concomitantly with glucocorticoids or other NSAIDs (see section 4.8).</s>
<s id="s19.1">4.4 Special warnings</s>
<s id="s20.1">Do not administer other NSAIDs within 1 month of the last administration of Trocoxil.</s>
<s id="s21.1">2/ 32 4.5 Special precautions for use</s>
<s id="s22.1">Special precautions for use in animals</s>
<s id="s23.1">Mavacoxib exhibits an extended plasma half life (up to &gt; 80 days, see Section 5.2) due to its low rate of elimination.</s>
<s id="s23.2">This corresponds to a duration of effect of 1-2 months after administration of the second dose (and following doses).</s>
<s id="s23.3">Care should be taken to avoid treatment of animals that might not tolerate prolonged NSAID exposure.</s>
<s id="s23.4">A maximum treatment administration of 6.5 months continuous therapy is recommended so as to manage plasma levels of mavacoxib in animals which exhibit reduced elimination</s>
<s id="s24.1">Animals should undergo a thorough clinical examination before commencing treatment with Trocoxil.</s>
<s id="s24.2">Animals with evidence of impaired renal or hepatic function, or with evidence of a protein or blood losing enteropathy are not suitable for treatment with Trocoxil.</s>
<s id="s24.3">It is recommended to repeat the clinical examination one month after commencing treatment with Trocoxil and prior to administration of the third dose.</s>
<s id="s25.1">Mavacoxib is excreted via bile and in dogs with hepatic disorders reduced elimination and thus excessive accumulation could occur.</s>
<s id="s25.2">For this reason dogs with hepatic disorders should not be treated.</s>
<s id="s26.1">Avoid use in any dehydrated, hypovolaemic or hypotensive animal, as there is a potential risk of increased renal toxicity.</s>
<s id="s26.2">Concurrent administration of potentially nephrotoxic medicinal products should be avoided.</s>
<s id="s27.1">Ensure appropriate hydration and haemodynamic status when animals receiving Trocoxil undergo anaesthesia and/ or surgical procedures or develop conditions which may result in dehydration or compromised haemodynamic status.</s>
<s id="s27.2">The key aim of intervention is to maintain renal perfusion.</s>
<s id="s27.3">(See also section 4.6)</s>
<s id="s28.1">Special precautions to be taken by the person administering the veterinary medicinal product to animals</s>
<s id="s29.1">In case of accidental self-administration, seek medical advice immediately and show the package leaflet or the label to the physician.</s>
<s id="s29.2">Ingestion of Trocoxil may be harmful for children, and prolonged pharmacological effects leading to e. g. gastrointestinal disorders may be observed.</s>
<s id="s29.3">To avoid accidental ingestion administer the tablet to the dog immediately after removal from the blister packaging.</s>
<s id="s29.4">People with known hypersensitivity to NSAIDs should avoid contact with the veterinary medicinal product.</s>
<s id="s29.5">Do not eat, drink, or smoke when handling the product.</s>
<s id="s29.6">Wash hands after handling the product.</s>
<s id="s30.1">4.6 Adverse reactions (frequency and seriousness)</s>
<s id="s31.1">Adverse reactions of NSAIDs such as loss of appetite, diarrhoea, vomiting, apathy and degradation of renal biochemistry parameters and impaired renal function have occasionally been reported.</s>
<s id="s31.2">In rare cases these may be fatal.</s>
<s id="s32.1">If an adverse reaction to the administration of Trocoxil occurs, no further tablets should be administered and general supportive therapy, as applied to clinical overdosage with NSAIDs, should be applied.</s>
<s id="s32.2">Particular attention should be paid to maintaining haemodynamic status.</s>
<s id="s32.3">Veterinarians should be aware that clinical signs of adverse reactions may continue when supportive therapy (such as gastro protectants) is discontinued.</s>
<s id="s33.1">4.7 Use during pregnancy, lactation or lay</s>
<s id="s34.1">Do not use in pregnant, breeding, or lactating animals.</s>
<s id="s34.2">The safety of Trocoxil has not been established during pregnancy and lactation.</s>
<s id="s34.3">However, studies in laboratory animals administered other NSAIDs have shown increased pre- and post-implantation loss, embryo-foetal lethality, and malformations.</s>
<s id="s35.1">3/ 32 4.8 Interaction with other medicinal products and other forms of interaction</s>
<s id="s36.1">No drug interaction studies have been performed.</s>
<s id="s36.2">In common with other NSAIDs, Trocoxil should not be administered simultaneously with other NSAIDs or glucocorticosteroids.</s>
<s id="s36.3">Risks for interactions have to be accounted for throughout the effect period i. e.</s>
<s id="s36.4">1-2 months after administration of Trocoxil.</s>
<s id="s36.5">Dogs should be carefully monitored if Trocoxil is administered simultaneously with an anticoagulant.</s>
<s id="s37.1">NSAIDs are highly bound to plasma proteins and may compete with other highly bound substances, such that concomitant administration may result in toxic effects.</s>
<s id="s38.1">Pre-treatment with other anti-inflammatory substances may result in additional or increased adverse effects.</s>
<s id="s38.2">To avoid such effects when Trocoxil is to be administered in replacement of another NSAID, ensure an appropriate treatment-free period of at least 24 hours before administering the first dose of Trocoxil.</s>
<s id="s38.3">The treatment-free period should however, take into account the pharmacology of the medicinal products used previously.</s>
<s id="s38.4">Should another NSAID be administered after Trocoxil treatment, a treatment-free period of at least ONE MONTH should be ensured to avoid adverse effects.</s>
<s id="s39.1">4.9 Amounts to be administered and administration route</s>
<s id="s40.1">Oral use.</s>
<s id="s41.1">THIS IS NOT A DAILY NSAID.</s>
<s id="s41.2">The dose is 2 mg mavacoxib per kg body weight given immediately before or with the dog’ s main meal.</s>
<s id="s41.3">Care should be taken to ensure that the tablet is ingested.</s>
<s id="s41.4">The treatment should be repeated 14 days later, thereafter the dosing interval is ONE MONTH.</s>
<s id="s41.5">A treatment cycle should not exceed 7 consecutive doses (6.5 months).</s>
<s id="s42.1">Number and Strength of Tablets to be Administered Bodyweight</s>
<s id="s43.1">(kg) 5-6 7-10</s>
<s id="s44.1">6</s>
<s id="s45.1">mg 2</s>
<s id="s46.1">20 mg 1</s>
<s id="s47.1">30 mg</s>
<s id="s48.1">75 mg</s>
<s id="s49.1">95 mg</s>
<s id="s50.1">11-15 16-20</s>
<s id="s51.1">2</s>
<s id="s52.1">1</s>
<s id="s53.1">21-23 24-30 31-37 38-47</s>
<s id="s54.1">1</s>
<s id="s55.1">1 2</s>
<s id="s56.1">1</s>
<s id="s57.1">1</s>
<s id="s58.1">48-52 53-62 63-75</s>
<s id="s59.1">1 1</s>
<s id="s60.1">1 2</s>
<s id="s61.1">1</s>
<s id="s62.1">4.10 Overdose (symptoms, emergency procedures, antidotes), if necessary</s>
<s id="s63.1">In the overdose studies, in common with other NSAIDs, adverse pharmacodynamic events occur affecting the gastrointestinal system.</s>
<s id="s63.2">Similarly adverse reactions occurring at the use dose in the animal population principally involved the gastrointestinal system.</s>
<s id="s64.1">In overdose safety studies, repeated doses of 5 mg/ kg and 10 mg/ kg were not associated with adverse clinical events, abnormal clinical chemistry or significant histological abnormalities.</s>
<s id="s64.2">At 15 mg/ kg there</s>
<s id="s65.1">4/ 32 was evidence of vomiting, and softened/ mucoid faeces and an increase in clinical chemistry parameters reflecting renal function.</s>
<s id="s65.2">At 25 mg/ kg there was evidence of gastrointestinal ulceration.</s>
<s id="s66.1">There is no specific antidote for mavacoxib overdosage, but general supportive therapy, as applied to clinical overdosage with NSAID’ s, should be given.</s>
<s id="s67.1">4.11 Withdrawal period</s>
<s id="s68.1">Not applicable</s>
<s id="s69.1">5.</s>
<s id="s69.2">PHARMACOLOGICAL PROPERTIES</s>
<s id="s70.1">Pharmacotherapeutic group:</s>
<s id="s70.2">Anti-inflammatory and anti-rheumatic products, non-steroids, Coxibs, ATCvet code:</s>
<s id="s70.3">QM01AH92</s>
<s id="s71.1">5.1 Pharmacodynamic properties</s>
<s id="s72.1">Mavacoxib is a non-steroidal anti-inflammatory drug (NSAID) of the coxib class.</s>
<s id="s72.2">Mavacoxib is 4-[5-(4-fluorophenyl)-3-(trifluoromethyl)-1H-pyrazol-1-yl]-benzenesulfonamide.</s>
<s id="s73.1">It</s>
<s id="s74.1">is a</s>
<s id="s75.1">diarylsubstituted pyrazole.</s>
<s id="s75.2">The principal mode of action is inhibition of cyclooxygenase (COX).</s>
<s id="s76.1">COX is a key enzyme in pathways of arachidonic acid metabolism.</s>
<s id="s76.2">Its activity culminates in the synthesis of local hormones and inflammatory mediators, termed eicosanoids, which include several prostaglandins.</s>
<s id="s76.3">There are two isoforms of COX, COX-1, and COX-2.</s>
<s id="s76.4">COX-1 is a widely distributed constitutive enzyme, primarily involved in maintaining organ and tissue function, whilst COX-2 is inducible at sites of tissue damage but in some organs it is also constitutive.</s>
<s id="s76.5">COX-2 exerts the major role in synthesising prostaglandins which have pivotal roles as mediators of pain, inflammation and fever.</s>
<s id="s76.6">Mavacoxib acts by preferential inhibition of COX-2-mediated prostaglandin synthesis.</s>
<s id="s76.7">It therefore possesses analgesic and anti-inflammatory properties.</s>
<s id="s76.8">The products of COX-2 metabolism are also involved in ovulation, implantation and closure of the ductus arteriosus.</s>
<s id="s76.9">Both COX-1 and COX-2 are present constitutively in the kidney and are assumed to possess protective roles in adverse physiological circumstances.</s>
<s id="s77.1">Based on the results of canine whole blood assays, plasma concentrations producing 20% COX-1 inhibition and 80% COX-2 inhibition were 2.46 µg/ mL and 1.28 µg/ mL, respectively, so that the IC20COX-1: IC80COX-2 potency ratio is approximately 2:1, whilst the IC80COX-1: IC80COX-2 potency ratio is approximately 40:1.</s>
<s id="s77.2">These IC concentrations may be compared with mean trough concentrations of mavacoxib in plasma in clinical subjects of 0.52 and 1.11 µg/ mL, respectively, after the first and fifth doses.</s>
<s id="s77.3">Therefore, clinical doses are predicted to produce low level inhibition of COX-1 and high level inhibition of COX-2.</s>
<s id="s78.1">5.2 Pharmacokinetic particulars</s>
<s id="s79.1">Mavacoxib is well absorbed after oral administration; bioavailability was 87% in fed dogs and 46% in fasted conditions and the recommended dose is based on administration with food.</s>
<s id="s79.2">Therapeutic concentrations in fed dogs are reached rapidly and peak concentrations are obtained in less than 24 hours after administering a dose.</s>
<s id="s79.3">Mavacoxib is approximately 98% bound to plasma proteins.</s>
<s id="s79.4">It is extensively distributed throughout the body and almost all the mavacoxib-related residues in plasma comprise parent drug.</s>
<s id="s79.5">The rate of body clearance of mavacoxib is slow and the major route of elimination is by biliary excretion of the parent drug.</s>
<s id="s80.1">Multiple-dose pharmacokinetic studies provided no evidence that mavacoxib produces autoinhibition or autoinductive changes in its clearance, and it exhibits linear pharmacokinetics with oral doses ranging from 2 to 50 mg/ kg.</s>
<s id="s80.2">In laboratory studies with young adult dogs, mean elimination half-life values ranged from 13.8 to 19.3 days.</s>
<s id="s80.3">Mavacoxib possessed a longer elimination half-life in client- owned animals.</s>
<s id="s80.4">Population pharmacokinetic data derived from studies in dogs with a predominately</s>
<s id="s81.1">5/ 32 older population with heavier dogs as compared to the experimental studies (mean 9 years of age) showed that the mean elimination half-life was 39 days with a small sub-population (&lt; 5%) having a elimination half-life of more than 80 days and correspondingly an increased exposure was recorded in these individuals.</s>
<s id="s81.2">The reason for this longer half-life is unknown.</s>
<s id="s81.3">Steady state pharmacokinetics was attained by the fourth treatment in most animals.</s>
<s id="s82.1">6.</s>
<s id="s82.2">PHARMACEUTICAL PARTICULARS</s>
<s id="s83.1">6.1 List of excipients</s>
<s id="s84.1">Sucrose Silicified microcrystalline cellulose Artificial powdered beef flavour Croscarmellose sodium Sodium laurilsulfate Magnesium stearate</s>
<s id="s85.1">6.2 Incompatibilities</s>
<s id="s86.1">Not applicable.</s>
<s id="s87.1">6.3 Shelf life</s>
<s id="s88.1">Shelf-life of the veterinary medicinal product as packaged for sale:</s>
<s id="s88.2">2 years</s>
<s id="s89.1">6.4 Special precautions for storage</s>
<s id="s90.1">The veterinary medicinal product does not require any special storage conditions.</s>
<s id="s90.2">Store in the original package.</s>
<s id="s91.1">6.5 Nature and composition of immediate packaging</s>
<s id="s92.1">Carton boxes containing one blister.</s>
<s id="s92.2">Each blister contains two tablets of 6 mg, 20 mg, 30 mg, 75 mg or 95 mg mavacoxib, respectively. -Blister foil base:</s>
<s id="s92.3">PVC film / aluminium foil/ nylon -Blister backing: vinyl heat seal coating / aluminium foil/ polyester film/ printable paper Not all pack sizes may be marketed.</s>
<s id="s93.1">6.6 Special precautions for the disposal of unused veterinary medicinal product or waste materials derived from the use of such products</s>
<s id="s94.1">Any unused veterinary medicinal product or waste materials derived from such veterinary medicinal products should be disposed of in accordance with local requirements.</s>
<s id="s95.1">7.</s>
<s id="s95.2">MARKETING AUTHORISATION HOLDER</s>
<s id="s96.1">Pfizer Limited Ramsgate Road Sandwich Kent CT13 9NJ United Kingdom</s>
<s id="s97.1">6/ 32 8.</s>
<s id="s97.2">MARKETING AUTHORISATION NUMBER(S)</s>
<s id="s98.1">EU/ 2/ 08/ 084/ 001 6 mg EU/ 2/ 08/ 084/ 002 20 mg EU/ 2/ 08/ 084/ 003 30 mg EU/ 2/ 08/ 084/ 004 75 mg EU/ 2/ 08/ 084/ 005 95 mg</s>
<s id="s99.1">9.</s>
<s id="s99.2">DATE OF FIRST AUTHORISATION/ RENEWAL OF THE AUTHORISATION</s>
<s id="s100.1">09/ 09/ 2008</s>
<s id="s101.1">10.</s>
<s id="s101.2">DATE OF REVISION OF THE TEXT</s>
<s id="s102.1">09/ 2008</s>
<s id="s103.1">Detailed information on this veterinary medicinal product is available on the website of the European Medicines Agency (EMEA) http: / /www. emea. europa. eu/</s>
<s id="s104.1">PROHIBITION OF SALE, SUPPLY AND/ OR USE</s>
<s id="s105.1">Not applicable.</s>
<s id="s106.1">7/ 32 ANNEX II</s>
<s id="s107.1">A.</s>
<s id="s107.2">MANUFACTURING AUTHORISATION HOLDER(S) RESPONSIBLE FOR BATCH RELEASE</s>
<s id="s108.1">B.</s>
<s id="s108.2">CONDITIONS OR RESTRICTIONS OF THE MARKETING AUTHORISATION REGARDING SUPPLY OR USE</s>
<s id="s109.1">C.</s>
<s id="s109.2">CONDITIONS OR RESTRICTIONS OF THE MARKETING AUTHORISATION WITH REGARD TO SAFE AND EFFECTIVE USE</s>
<s id="s110.1">D.</s>
<s id="s110.2">STATEMENT OF THE MRLs</s>
<s id="s111.1">8/ 32 A.</s>
<s id="s111.2">MANUFACTURING AUTHORISATION HOLDER(S) RESPONSIBLE FOR BATCH RELEASE</s>
<s id="s112.1">Name and address of the manufacturer(s) responsible for batch release</s>
<s id="s113.1">Pfizer (Heinrich Mack Nachf) Heinrich-Mack-Str.</s>
<s id="s113.2">35, Illertissen Germany</s>
<s id="s114.1">Alternate site</s>
<s id="s115.1">Pfizer Italia SPA Via del Commercio, Localita Marino del Tronto, Ascoli Piceno Italy</s>
<s id="s116.1">B.</s>
<s id="s116.2">CONDITIONS OR RESTRICTIONS OF THE MARKETING AUTHORISATION REGARDING SUPPLY OR USE</s>
<s id="s117.1">To be supplied only on veterinary prescription.</s>
<s id="s118.1">C.</s>
<s id="s118.2">CONDITIONS OR RESTRICTIONS OF THE MARKETING AUTHORISATION WITH REGARD TO THE SAFE AND EFFECTIVE USE OF THE PRODUCT</s>
<s id="s119.1">Risk Management Plan</s>
<s id="s120.1">Pfizer Ltd commits to performing the studies and additional pharmacovigilance activities detailed in version 1 of the Risk Management Plan (RMP) presented in the Marketing Authorisation and any subsequent updates of the RMP agreed by the CVMP.</s>
<s id="s121.1">The updated RMP should be submitted at the same time as the next Periodic Safety Update Report (PSUR) or at the request of EMEA.</s>
<s id="s122.1">D.</s>
<s id="s122.2">STATEMENT OF THE MRLs</s>
<s id="s123.1">Not applicable.</s>
<s id="s124.1">9/ 32 ANNEX III</s>
<s id="s125.1">LABELLING AND PACKAGE LEAFLET</s>
<s id="s126.1">10/ 32 A.</s>
<s id="s126.2">LABELLING</s>
<s id="s127.1">11/ 32 PARTICULARS TO APPEAR ON THE OUTER PACKAGE</s>
<s id="s128.1">Carton</s>
<s id="s129.1">1.</s>
<s id="s129.2">NAME OF THE VETERINARY MEDICINAL PRODUCT</s>
<s id="s130.1">Trocoxil 6 mg chewable tablets for dogs Mavacoxib</s>
<s id="s131.1">2.</s>
<s id="s131.2">STATEMENT OF ACTIVE AND OTHER SUBSTANCES</s>
<s id="s132.1">1 tablet contains 6 mg of mavacoxib.</s>
<s id="s133.1">3.</s>
<s id="s133.2">PHARMACEUTICAL FORM</s>
<s id="s134.1">Chewable tablets</s>
<s id="s135.1">4.</s>
<s id="s135.2">PACKAGE SIZE</s>
<s id="s136.1">2 tablets</s>
<s id="s137.1">5.</s>
<s id="s137.2">TARGET SPECIES</s>
<s id="s138.1">Dogs</s>
<s id="s139.1">6.</s>
<s id="s139.2">INDICATION(S)</s>
<s id="s140.1">7.</s>
<s id="s140.2">METHOD AND ROUTE(S) OF ADMINISTRATION</s>
<s id="s141.1">Oral use.</s>
<s id="s141.2">Read the package leaflet before use.</s>
<s id="s142.1">8.</s>
<s id="s142.2">WITHDRAWAL PERIOD</s>
<s id="s143.1">Not applicable</s>
<s id="s144.1">9.</s>
<s id="s144.2">SPECIAL WARNING(S), IF NECESSARY</s>
<s id="s145.1">10.</s>
<s id="s145.2">EXPIRY DATE</s>
<s id="s146.1">EXP {month/ year}</s>
<s id="s147.1">12/ 32 11.</s>
<s id="s147.2">SPECIAL STORAGE CONDITIONS</s>
<s id="s148.1">Store in the original package</s>
<s id="s149.1">12.</s>
<s id="s149.2">SPECIAL PRECAUTIONS FOR THE DISPOSAL OF UNUSED PRODUCTS OR WASTE MATERIALS, IF ANY</s>
<s id="s150.1">Dispose of in accordance with local requirements.</s>
<s id="s151.1">13.</s>
<s id="s151.2">THE WORDS “ FOR ANIMAL TREATMENT ONLY” AND CONDITIONS OR RESTRICTIONS REGARDING SUPPLY AND USE, if applicable</s>
<s id="s152.1">For animal treatment only- to be supplied only on veterinary prescription.</s>
<s id="s153.1">14.</s>
<s id="s153.2">THE WORDS “ KEEP OUT OF THE REACH AND SIGHT OF CHILDREN”</s>
<s id="s154.1">Keep out of the reach and sight of children.</s>
<s id="s155.1">15.</s>
<s id="s155.2">NAME AND ADDRESS OF THE MARKETING AUTHORISATION HOLDER</s>
<s id="s156.1">Pfizer Limited Ramsgate Road Sandwich Kent CT13 9NJ United Kingdom</s>
<s id="s157.1">16.</s>
<s id="s157.2">MARKETING AUTHORISATION NUMBER(S)</s>
<s id="s158.1">EU/ 2/ 08/ 084/ 001</s>
<s id="s159.1">17.</s>
<s id="s159.2">MANUFACTURER’ S BATCH NUMBER</s>
<s id="s160.1">Lot</s>
<s id="s161.1">13/ 32 PARTICULARS TO APPEAR ON THE OUTER PACKAGE</s>
<s id="s162.1">Carton</s>
<s id="s163.1">1.</s>
<s id="s163.2">NAME OF THE VETERINARY MEDICINAL PRODUCT</s>
<s id="s164.1">Trocoxil 20 mg chewable tablets for dogs Mavacoxib</s>
<s id="s165.1">2.</s>
<s id="s165.2">STATEMENT OF ACTIVE AND OTHER SUBSTANCES</s>
<s id="s166.1">1 tablet contains 20 mg of mavacoxib.</s>
<s id="s167.1">3.</s>
<s id="s167.2">PHARMACEUTICAL FORM</s>
<s id="s168.1">Chewable tablets</s>
<s id="s169.1">4.</s>
<s id="s169.2">PACKAGE SIZE</s>
<s id="s170.1">2 tablets</s>
<s id="s171.1">5.</s>
<s id="s171.2">TARGET SPECIES</s>
<s id="s172.1">Dogs</s>
<s id="s173.1">6.</s>
<s id="s173.2">INDICATION(S)</s>
<s id="s174.1">7.</s>
<s id="s174.2">METHOD AND ROUTE(S) OF ADMINISTRATION</s>
<s id="s175.1">Oral use.</s>
<s id="s175.2">Read the package leaflet before use.</s>
<s id="s176.1">8.</s>
<s id="s176.2">WITHDRAWAL PERIOD</s>
<s id="s177.1">Not applicable</s>
<s id="s178.1">9.</s>
<s id="s178.2">SPECIAL WARNING(S), IF NECESSARY</s>
<s id="s179.1">10.</s>
<s id="s179.2">EXPIRY DATE</s>
<s id="s180.1">EXP {month/ year}</s>
<s id="s181.1">14/ 32 11.</s>
<s id="s181.2">SPECIAL STORAGE CONDITIONS</s>
<s id="s182.1">Store in the original package</s>
<s id="s183.1">12.</s>
<s id="s183.2">SPECIAL PRECAUTIONS FOR THE DISPOSAL OF UNUSED PRODUCTS OR WASTE MATERIALS, IF ANY</s>
<s id="s184.1">Dispose of in accordance with local requirements.</s>
<s id="s185.1">13.</s>
<s id="s185.2">THE WORDS “ FOR ANIMAL TREATMENT ONLY” AND CONDITIONS OR RESTRICTIONS REGARDING SUPPLY AND USE, if applicable</s>
<s id="s186.1">For animal treatment only- to be supplied only on veterinary prescription.</s>
<s id="s187.1">14.</s>
<s id="s187.2">THE WORDS “ KEEP OUT OF THE REACH AND SIGHT OF CHILDREN”</s>
<s id="s188.1">Keep out of the reach and sight of children.</s>
<s id="s189.1">15.</s>
<s id="s189.2">NAME AND ADDRESS OF THE MARKETING AUTHORISATION HOLDER</s>
<s id="s190.1">Pfizer Limited Ramsgate Road Sandwich Kent CT13 9NJ United Kingdom</s>
<s id="s191.1">16.</s>
<s id="s191.2">MARKETING AUTHORISATION NUMBER(S)</s>
<s id="s192.1">EU/ 2/ 08/ 084/ 002</s>
<s id="s193.1">17.</s>
<s id="s193.2">MANUFACTURER’ S BATCH NUMBER</s>
<s id="s194.1">Lot</s>
<s id="s195.1">15/ 32 PARTICULARS TO APPEAR ON THE OUTER PACKAGE</s>
<s id="s196.1">Carton</s>
<s id="s197.1">1.</s>
<s id="s197.2">NAME OF THE VETERINARY MEDICINAL PRODUCT</s>
<s id="s198.1">Trocoxil 30 mg chewable tablets for dogs Mavacoxib</s>
<s id="s199.1">2.</s>
<s id="s199.2">STATEMENT OF ACTIVE AND OTHER SUBSTANCES</s>
<s id="s200.1">1 tablet contains 30 mg of mavacoxib.</s>
<s id="s201.1">3.</s>
<s id="s201.2">PHARMACEUTICAL FORM</s>
<s id="s202.1">Chewable tablets</s>
<s id="s203.1">4.</s>
<s id="s203.2">PACKAGE SIZE</s>
<s id="s204.1">2 tablets</s>
<s id="s205.1">5.</s>
<s id="s205.2">TARGET SPECIES</s>
<s id="s206.1">Dogs</s>
<s id="s207.1">6.</s>
<s id="s207.2">INDICATION(S)</s>
<s id="s208.1">7.</s>
<s id="s208.2">METHOD AND ROUTE(S) OF ADMINISTRATION</s>
<s id="s209.1">Oral use.</s>
<s id="s209.2">Read the package leaflet before use.</s>
<s id="s210.1">8.</s>
<s id="s210.2">WITHDRAWAL PERIOD</s>
<s id="s211.1">Not applicable</s>
<s id="s212.1">9.</s>
<s id="s212.2">SPECIAL WARNING(S), IF NECESSARY</s>
<s id="s213.1">10.</s>
<s id="s213.2">EXPIRY DATE</s>
<s id="s214.1">EXP {month/ year}</s>
<s id="s215.1">16/ 32 11.</s>
<s id="s215.2">SPECIAL STORAGE CONDITIONS</s>
<s id="s216.1">Store in the original package</s>
<s id="s217.1">12.</s>
<s id="s217.2">SPECIAL PRECAUTIONS FOR THE DISPOSAL OF UNUSED PRODUCTS OR WASTE MATERIALS, IF ANY</s>
<s id="s218.1">Dispose of in accordance with local requirements.</s>
<s id="s219.1">13.</s>
<s id="s219.2">THE WORDS “ FOR ANIMAL TREATMENT ONLY” AND CONDITIONS OR RESTRICTIONS REGARDING SUPPLY AND USE, if applicable</s>
<s id="s220.1">For animal treatment only- to be supplied only on veterinary prescription.</s>
<s id="s221.1">14.</s>
<s id="s221.2">THE WORDS “ KEEP OUT OF THE REACH AND SIGHT OF CHILDREN”</s>
<s id="s222.1">Keep out of the reach and sight of children.</s>
<s id="s223.1">15.</s>
<s id="s223.2">NAME AND ADDRESS OF THE MARKETING AUTHORISATION HOLDER</s>
<s id="s224.1">Pfizer Limited Ramsgate Road Sandwich Kent CT13 9NJ United Kingdom</s>
<s id="s225.1">16.</s>
<s id="s225.2">MARKETING AUTHORISATION NUMBER(S)</s>
<s id="s226.1">EU/ 2/ 08/ 084/ 003</s>
<s id="s227.1">17.</s>
<s id="s227.2">MANUFACTURER’ S BATCH NUMBER</s>
<s id="s228.1">Lot</s>
<s id="s229.1">17/ 32 PARTICULARS TO APPEAR ON THE OUTER PACKAGE</s>
<s id="s230.1">Carton</s>
<s id="s231.1">1.</s>
<s id="s231.2">NAME OF THE VETERINARY MEDICINAL PRODUCT</s>
<s id="s232.1">Trocoxil 75 mg chewable tablets for dogs Mavacoxib</s>
<s id="s233.1">2.</s>
<s id="s233.2">STATEMENT OF ACTIVE AND OTHER SUBSTANCES</s>
<s id="s234.1">1 tablet contains 75 mg of mavacoxib.</s>
<s id="s235.1">3.</s>
<s id="s235.2">PHARMACEUTICAL FORM</s>
<s id="s236.1">Chewable tablets</s>
<s id="s237.1">4.</s>
<s id="s237.2">PACKAGE SIZE</s>
<s id="s238.1">2 tablets</s>
<s id="s239.1">5.</s>
<s id="s239.2">TARGET SPECIES</s>
<s id="s240.1">Dogs</s>
<s id="s241.1">6.</s>
<s id="s241.2">INDICATION(S)</s>
<s id="s242.1">7.</s>
<s id="s242.2">METHOD AND ROUTE(S) OF ADMINISTRATION</s>
<s id="s243.1">Oral use.</s>
<s id="s243.2">Read the package leaflet before use.</s>
<s id="s244.1">8.</s>
<s id="s244.2">WITHDRAWAL PERIOD</s>
<s id="s245.1">Not applicable</s>
<s id="s246.1">9.</s>
<s id="s246.2">SPECIAL WARNING(S), IF NECESSARY</s>
<s id="s247.1">10.</s>
<s id="s247.2">EXPIRY DATE</s>
<s id="s248.1">EXP {month/ year}</s>
<s id="s249.1">18/ 32 11.</s>
<s id="s249.2">SPECIAL STORAGE CONDITIONS</s>
<s id="s250.1">Store in the original package</s>
<s id="s251.1">12.</s>
<s id="s251.2">SPECIAL PRECAUTIONS FOR THE DISPOSAL OF UNUSED PRODUCTS OR WASTE MATERIALS, IF ANY</s>
<s id="s252.1">Dispose of in accordance with local requirements.</s>
<s id="s253.1">13.</s>
<s id="s253.2">THE WORDS “ FOR ANIMAL TREATMENT ONLY” AND CONDITIONS OR RESTRICTIONS REGARDING SUPPLY AND USE, if applicable</s>
<s id="s254.1">For animal treatment only- to be supplied only on veterinary prescription.</s>
<s id="s255.1">14.</s>
<s id="s255.2">THE WORDS “ KEEP OUT OF THE REACH AND SIGHT OF CHILDREN”</s>
<s id="s256.1">Keep out of the reach and sight of children.</s>
<s id="s257.1">15.</s>
<s id="s257.2">NAME AND ADDRESS OF THE MARKETING AUTHORISATION HOLDER</s>
<s id="s258.1">Pfizer Limited Ramsgate Road Sandwich Kent CT13 9NJ United Kingdom</s>
<s id="s259.1">16.</s>
<s id="s259.2">MARKETING AUTHORISATION NUMBER(S)</s>
<s id="s260.1">EU/ 2/ 08/ 084/ 004</s>
<s id="s261.1">17.</s>
<s id="s261.2">MANUFACTURER’ S BATCH NUMBER</s>
<s id="s262.1">Lot</s>
<s id="s263.1">19/ 32 PARTICULARS TO APPEAR ON THE OUTER PACKAGE</s>
<s id="s264.1">Carton</s>
<s id="s265.1">1.</s>
<s id="s265.2">NAME OF THE VETERINARY MEDICINAL PRODUCT</s>
<s id="s266.1">Trocoxil 95 mg chewable tablets for dogs Mavacoxib</s>
<s id="s267.1">2.</s>
<s id="s267.2">STATEMENT OF ACTIVE AND OTHER SUBSTANCES</s>
<s id="s268.1">1 tablet contains 95 mg of mavacoxib.</s>
<s id="s269.1">3.</s>
<s id="s269.2">PHARMACEUTICAL FORM</s>
<s id="s270.1">Chewable tablets</s>
<s id="s271.1">4.</s>
<s id="s271.2">PACKAGE SIZE</s>
<s id="s272.1">2 tablets</s>
<s id="s273.1">5.</s>
<s id="s273.2">TARGET SPECIES</s>
<s id="s274.1">Dogs</s>
<s id="s275.1">6.</s>
<s id="s275.2">INDICATION(S)</s>
<s id="s276.1">7.</s>
<s id="s276.2">METHOD AND ROUTE(S) OF ADMINISTRATION</s>
<s id="s277.1">Oral use.</s>
<s id="s277.2">Read the package leaflet before use.</s>
<s id="s278.1">8.</s>
<s id="s278.2">WITHDRAWAL PERIOD</s>
<s id="s279.1">Not applicable</s>
<s id="s280.1">9.</s>
<s id="s280.2">SPECIAL WARNING(S), IF NECESSARY</s>
<s id="s281.1">10.</s>
<s id="s281.2">EXPIRY DATE</s>
<s id="s282.1">EXP {month/ year}</s>
<s id="s283.1">20/ 32 11.</s>
<s id="s283.2">SPECIAL STORAGE CONDITIONS</s>
<s id="s284.1">Store in the original package</s>
<s id="s285.1">12.</s>
<s id="s285.2">SPECIAL PRECAUTIONS FOR THE DISPOSAL OF UNUSED PRODUCTS OR WASTE MATERIALS, IF ANY</s>
<s id="s286.1">Dispose of in accordance with local requirements.</s>
<s id="s287.1">13.</s>
<s id="s287.2">THE WORDS “ FOR ANIMAL TREATMENT ONLY” AND CONDITIONS OR RESTRICTIONS REGARDING SUPPLY AND USE, if applicable</s>
<s id="s288.1">For animal treatment only- to be supplied only on veterinary prescription.</s>
<s id="s289.1">14.</s>
<s id="s289.2">THE WORDS “ KEEP OUT OF THE REACH AND SIGHT OF CHILDREN”</s>
<s id="s290.1">Keep out of the reach and sight of children.</s>
<s id="s291.1">15.</s>
<s id="s291.2">NAME AND ADDRESS OF THE MARKETING AUTHORISATION HOLDER</s>
<s id="s292.1">Pfizer Limited Ramsgate Road Sandwich Kent CT13 9NJ United Kingdom</s>
<s id="s293.1">16.</s>
<s id="s293.2">MARKETING AUTHORISATION NUMBER(S)</s>
<s id="s294.1">EU/ 2/ 08/ 084/ 005</s>
<s id="s295.1">17.</s>
<s id="s295.2">MANUFACTURER’ S BATCH NUMBER</s>
<s id="s296.1">Lot</s>
<s id="s297.1">21/ 32 MINIMUM PARTICULARS TO APPEAR ON BLISTERS OR STRIPS</s>
<s id="s298.1">Blister</s>
<s id="s299.1">1.</s>
<s id="s299.2">NAME OF THE VETERINARY MEDICINAL PRODUCT</s>
<s id="s300.1">Trocoxil 6 mg chewable tablets for dogs Mavacoxib</s>
<s id="s301.1">2.</s>
<s id="s301.2">NAME OF THE MARKETING AUTHORISATION HOLDER</s>
<s id="s302.1">Pfizer</s>
<s id="s303.1">3.</s>
<s id="s303.2">EXPIRY DATE</s>
<s id="s304.1">&lt; EXP {month/year} &gt;</s>
<s id="s305.1">4.</s>
<s id="s305.2">BATCH NUMBER</s>
<s id="s306.1">Lot</s>
<s id="s307.1">5.</s>
<s id="s307.2">THE WORDS “ FOR ANIMAL TREATMENT ONLY”</s>
<s id="s308.1">For animal treatment only.</s>
<s id="s309.1">22/ 32 MINIMUM PARTICULARS TO APPEAR ON BLISTERS OR STRIPS</s>
<s id="s310.1">Blister</s>
<s id="s311.1">1.</s>
<s id="s311.2">NAME OF THE VETERINARY MEDICINAL PRODUCT</s>
<s id="s312.1">Trocoxil 20 mg chewable tablets for dogs Mavacoxib</s>
<s id="s313.1">2.</s>
<s id="s313.2">NAME OF THE MARKETING AUTHORISATION HOLDER</s>
<s id="s314.1">Pfizer</s>
<s id="s315.1">3.</s>
<s id="s315.2">EXPIRY DATE</s>
<s id="s316.1">&lt; EXP {month/year} &gt;</s>
<s id="s317.1">4.</s>
<s id="s317.2">BATCH NUMBER</s>
<s id="s318.1">Lot</s>
<s id="s319.1">5.</s>
<s id="s319.2">THE WORDS “ FOR ANIMAL TREATMENT ONLY”</s>
<s id="s320.1">For animal treatment only.</s>
<s id="s321.1">23/ 32 MINIMUM PARTICULARS TO APPEAR ON BLISTERS OR STRIPS</s>
<s id="s322.1">Blister</s>
<s id="s323.1">1.</s>
<s id="s323.2">NAME OF THE VETERINARY MEDICINAL PRODUCT</s>
<s id="s324.1">Trocoxil 30 mg chewable tablets for dogs Mavacoxib</s>
<s id="s325.1">2.</s>
<s id="s325.2">NAME OF THE MARKETING AUTHORISATION HOLDER</s>
<s id="s326.1">Pfizer</s>
<s id="s327.1">3.</s>
<s id="s327.2">EXPIRY DATE</s>
<s id="s328.1">&lt; EXP {month/year} &gt;</s>
<s id="s329.1">4.</s>
<s id="s329.2">BATCH NUMBER</s>
<s id="s330.1">Lot</s>
<s id="s331.1">5.</s>
<s id="s331.2">THE WORDS “ FOR ANIMAL TREATMENT ONLY”</s>
<s id="s332.1">For animal treatment only.</s>
<s id="s333.1">24/ 32 MINIMUM PARTICULARS TO APPEAR ON BLISTERS OR STRIPS</s>
<s id="s334.1">Blister</s>
<s id="s335.1">1.</s>
<s id="s335.2">NAME OF THE VETERINARY MEDICINAL PRODUCT</s>
<s id="s336.1">Trocoxil 75 mg chewable tablets for dogs Mavacoxib</s>
<s id="s337.1">2.</s>
<s id="s337.2">NAME OF THE MARKETING AUTHORISATION HOLDER</s>
<s id="s338.1">Pfizer</s>
<s id="s339.1">3.</s>
<s id="s339.2">EXPIRY DATE</s>
<s id="s340.1">&lt; EXP {month/year} &gt;</s>
<s id="s341.1">4.</s>
<s id="s341.2">BATCH NUMBER</s>
<s id="s342.1">Lot</s>
<s id="s343.1">5.</s>
<s id="s343.2">THE WORDS “ FOR ANIMAL TREATMENT ONLY”</s>
<s id="s344.1">For animal treatment only.</s>
<s id="s345.1">25/ 32 MINIMUM PARTICULARS TO APPEAR ON BLISTERS OR STRIPS</s>
<s id="s346.1">Blister</s>
<s id="s347.1">1.</s>
<s id="s347.2">NAME OF THE VETERINARY MEDICINAL PRODUCT</s>
<s id="s348.1">Trocoxil 95 mg chewable tablets for dogs Mavacoxib</s>
<s id="s349.1">2.</s>
<s id="s349.2">NAME OF THE MARKETING AUTHORISATION HOLDER</s>
<s id="s350.1">Pfizer</s>
<s id="s351.1">3.</s>
<s id="s351.2">EXPIRY DATE</s>
<s id="s352.1">&lt; EXP {month/year} &gt;</s>
<s id="s353.1">4.</s>
<s id="s353.2">BATCH NUMBER</s>
<s id="s354.1">Lot</s>
<s id="s355.1">5.</s>
<s id="s355.2">THE WORDS “ FOR ANIMAL TREATMENT ONLY”</s>
<s id="s356.1">For animal treatment only.</s>
<s id="s357.1">26/ 32 B.</s>
<s id="s357.2">PACKAGE LEAFLET</s>
<s id="s358.1">27/ 32 PACKAGE LEAFLET</s>
<s id="s359.1">Trocoxil 6 mg chewable tablets for dogs Trocoxil 20 mg chewable tablets for dogs Trocoxil 30 mg chewable tablets for dogs Trocoxil 75 mg chewable tablets for dogs Trocoxil 95 mg chewable tablets for dogs</s>
<s id="s360.1">1.</s>
<s id="s360.2">NAME AND ADDRESS OF THE MARKETING AUTHORISATION HOLDER AND OF THE MANUFACTURING AUTHORISATION HOLDER RESPONSIBLE FOR BATCH RELEASE, IF DIFFERENT</s>
<s id="s361.1">Marketing authorisation holder:</s>
<s id="s361.2">Pfizer Limited Ramsgate Road Sandwich Kent CT13 9NJ United Kingdom</s>
<s id="s362.1">Manufacturer for the batch release:</s>
<s id="s362.2">Pfizer (Heinrich Mack Nachf) Heinrich-Mack-Str.</s>
<s id="s362.3">35, Illertissen Germany</s>
<s id="s363.1">Alternate site Pfizer Italia SPA Via del Commercio, Localita Marino del Tronto, Ascoli Piceno Italy</s>
<s id="s364.1">2.</s>
<s id="s364.2">NAME OF THE VETERINARY MEDICINAL PRODUCT</s>
<s id="s365.1">Trocoxil 6 mg chewable tablets for dogs Trocoxil 20 mg chewable tablets for dogs Trocoxil 30 mg chewable tablets for dogs Trocoxil 75 mg chewable tablets for dogs Trocoxil 95 mg chewable tablets for dogs</s>
<s id="s366.1">3.</s>
<s id="s366.2">STATEMENT OF THE ACTIVE SUBSTANCE(S) AND OTHER INGREDIENT(S)</s>
<s id="s367.1">Active substance:</s>
<s id="s367.2">Mavacoxib Mavacoxib Mavacoxib Mavacoxib Mavacoxib</s>
<s id="s368.1">6 mg 20 mg 30 mg 75 mg 95 mg</s>
<s id="s369.1">Tablets also contain the</s>
<s id="s370.1">following ingredients</s>
<s id="s371.1">Sucrose Silicified microcrystalline cellulose Artificial powdered beef flavour Croscarmellose sodium</s>
<s id="s372.1">28/ 32 Sodium laurilsulfate Magnesium stearate</s>
<s id="s373.1">Triangular tablet with mottled brown appearance embossed with the tablet strength on one side and the word “ Pfizer ” on the other.</s>
<s id="s374.1">4.</s>
<s id="s374.2">INDICATION(S)</s>
<s id="s375.1">Trocoxil chewable tablets are indicated for the treatment of pain and inflammation associated with degenerative joint disease in dogs where treatment for more than one month is needed.</s>
<s id="s376.1">Trocoxil belongs to a group of medicines called Non-steroidal Anti-inflammatory drugs (NSAIDs) which are used to treat pain and inflammation.</s>
<s id="s377.1">5.</s>
<s id="s377.2">CONTRAINDICATIONS</s>
<s id="s378.1">Do not use in dogs less than 12 months of age and/ or less than 5 kg body weight Do not use in dogs suffering from gastro-intestinal disorders including ulceration and bleeding.</s>
<s id="s378.2">Do not use where there is evidence of a haemorrhagic disorder.</s>
<s id="s378.3">Do not use in cases of impaired kidney or liver function Do not use in cases of heart insufficiency Do not use in pregnant, breeding or lactating animals.</s>
<s id="s378.4">Do not use in case of hypersensitivity to the active substance or to any of the excipients Do not use in case of known hypersensitivity to sulphonamides.</s>
<s id="s378.5">Do not use concomitantly with glucocorticoids or other NSAIDs</s>
<s id="s379.1">6.</s>
<s id="s379.2">ADVERSE REACTIONS</s>
<s id="s380.1">Typical adverse drug reactions of NSAIDs such as loss of appetite, diarrhoea, vomiting, apathy and a change in kidney biochemistry parameters and impaired kidney function have occasionally been reported.</s>
<s id="s380.2">In rare cases these may be fatal.</s>
<s id="s380.3">If these reactions occur, stop using the product and contact your veterinarian.</s>
<s id="s380.4">Note that Trocoxil has an extended effect of duration (up to 2 months after administration of the second dose and following doses).</s>
<s id="s380.5">Adverse reactions could occur at any timepoint during this period.</s>
<s id="s381.1">If you notice any serious effects or other effect not mentioned in this leaflet, please inform your veterinary surgeon.</s>
<s id="s382.1">7.</s>
<s id="s382.2">TARGET SPECIES</s>
<s id="s383.1">Dogs aged 12 months or more.</s>
<s id="s384.1">8.</s>
<s id="s384.2">DOSAGE FOR EACH SPECIES, ROUTE(S) AND METHOD OF ADMINISTRATION</s>
<s id="s385.1">Oral use</s>
<s id="s386.1">Use the dose prescribed by the veterinarian.</s>
<s id="s386.2">The dose of Trocoxil chewable tablets is 2 mg/ kg of body weight (see table below).</s>
<s id="s387.1">THIS IS NOT A DAILY TREATMENT.</s>
<s id="s388.1">29/ 32 The initial treatment should be repeated 14 days later, thereafter the dosing interval is one month.</s>
<s id="s388.2">A treatment cycle with Trocoxil should not exceed 7 consecutive doses (6.5 months).</s>
<s id="s389.1">Number and Strength of Tablets to be Administered Bodyweight</s>
<s id="s390.1">(kg) 5-6 7-10</s>
<s id="s391.1">6</s>
<s id="s392.1">mg 2</s>
<s id="s393.1">20</s>
<s id="s394.1">mg 1</s>
<s id="s395.1">30 mg</s>
<s id="s396.1">75 mg</s>
<s id="s397.1">95 mg</s>
<s id="s398.1">11-15 16-20</s>
<s id="s399.1">2</s>
<s id="s400.1">1</s>
<s id="s401.1">21-23 24-30 31-37 38-47</s>
<s id="s402.1">1</s>
<s id="s403.1">1 2</s>
<s id="s404.1">1</s>
<s id="s405.1">1</s>
<s id="s406.1">48-52 53-62 63-75</s>
<s id="s407.1">1 1</s>
<s id="s408.1">1 2</s>
<s id="s409.1">1</s>
<s id="s410.1">9.</s>
<s id="s410.2">ADVICE ON CORRECT ADMINISTRATION</s>
<s id="s411.1">Trocoxil should be given immediately before or during the animal’ s main meal.</s>
<s id="s411.2">Care should be taken to ensure that the tablet is ingested.</s>
<s id="s412.1">10.</s>
<s id="s412.2">WITHDRAWAL PERIOD</s>
<s id="s413.1">Not applicable</s>
<s id="s414.1">11.</s>
<s id="s414.2">SPECIAL STORAGE PRECAUTIONS</s>
<s id="s415.1">The veterinary medicinal product does not require any special storage conditions.</s>
<s id="s415.2">Store in the original package.</s>
<s id="s415.3">Keep out of the reach and sight of children.</s>
<s id="s415.4">Do not use after the expiry date which is stated on the carton and blister after Exp.</s>
<s id="s416.1">12.</s>
<s id="s416.2">SPECIAL WARNING(S)</s>
<s id="s417.1">Advice for dog owner</s>
<s id="s418.1">Before prescribing Trocoxil and during treatment with Trocoxil, your veterinarian will check your dog for kidney and liver problems as well as for diseases of the intestines.</s>
<s id="s419.1">Trocoxil should not be used in dehydrated dogs.</s>
<s id="s420.1">If your dog needs surgery, inform the surgeon that the dog is using Trocoxil.</s>
<s id="s421.1">30/ 32 Do not administer other NSAIDs or glucocorticoids concurrently or within at least 1 month of the last administration of Trocoxil.</s>
<s id="s422.1">Trocoxil has an extended effect duration (up to 2 months after administration of the second dose and following doses).</s>
<s id="s422.2">Adverse reactions could occur at any timepoint during this period.</s>
<s id="s423.1">If an adverse reaction to the administration of Trocoxil occurs, stop using the product, and seek medical advice from your veterinarian immediately.</s>
<s id="s424.1">Trocoxil must not be used in pregnant, breeding or lactating animals.</s>
<s id="s425.1">Tell your veterinarian if your dog is using a blood-thinning agent.</s>
<s id="s426.1">Do not exceed the stated dose prescribed by your veterinarian.</s>
<s id="s427.1">In case of accidental self-administration, seek medical advice immediately and show the package leaflet or the label to the physician.</s>
<s id="s428.1">If you have a known hypersensitivity to NSAIDs you should avoid contact with the veterinary medicinal product.</s>
<s id="s429.1">Ingestion of Trocoxil may be harmful for children, and prolonged pharmacological effects leading to e. g. gastrointestinal disorders may be observed.</s>
<s id="s429.2">To avoid accidental ingestion administer the tablet to the dog immediately after removal from the blister packaging.</s>
<s id="s430.1">Do not eat, drink, or smoke when handling the product.</s>
<s id="s430.2">Wash hands after handling the product</s>
<s id="s431.1">13.</s>
<s id="s431.2">SPECIAL PRECAUTIONS FOR THE DISPOSAL OF UNUSED PRODUCT OR WASTE MATERIALS, IF ANY</s>
<s id="s432.1">Medicines should not be disposed of via wastewater or household waste.</s>
<s id="s432.2">Ask your veterinary surgeon how to dispose of medicines no longer required.</s>
<s id="s432.3">These measures should help to protect the environment.</s>
<s id="s433.1">14.</s>
<s id="s433.2">DATE ON WHICH THE PACKAGE LEAFLET WAS LAST APPROVED</s>
<s id="s434.1">09/ 2008</s>
<s id="s435.1">Detailed information on this product is available on the website of the European Medicines Agency (EMEA) http: / /www. emea. europa. eu/.</s>
<s id="s436.1">15.</s>
<s id="s436.2">OTHER INFORMATION</s>
<s id="s437.1">Blister packs containing two tablets of the same strength per pack, each tablet containing 6 mg, 20 mg, 30 mg, 75 mg or 95 mg of mavacoxib.</s>
<s id="s437.2">Not all pack sizes may be marketed.</s>
<s id="s438.1">For any information about this veterinary medicinal product, please contact the local representative of the marketing authorisation holder.</s>
<s id="s439.1">België/ Belgique/ Belgien Pfizer Animal Health s. a., Tel. / Tél.: +32 (0)2 554 62 11</s>
<s id="s440.1">Luxembourg/ Luxemburg Pfizer Animal Health s. a., Tél.: + 32 (0)2 554 62 11</s>
<s id="s441.1">31/ 32 Č eská republika Pfizer Animal Health Tel: +420 283 004 111</s>
<s id="s442.1">Magyarország Pfizer Kft Tel: +361 488 3695</s>
<s id="s443.1">Danmark Orion Pharma Animal Health Tlf: +45 49 12 67 65</s>
<s id="s444.1">Malta Agrimed Limited Tel: +356 21 465 797</s>
<s id="s445.1">Deutschland Pfizer GmbH, Tel: +49 (0)721 6101 438</s>
<s id="s446.1">Nederland Pfizer Animal Health B. V., Tel: +31 (0)10 4064 600</s>
<s id="s447.1">Eesti Pfizer Animal Health Tel: +370 5 269 17 96</s>
<s id="s448.1">Norge Orion Pharma Animal Health Tlf: +47 22 88 7320</s>
<s id="s449.1">Ελλάδα Pfizer Hellas A. E.</s>
<s id="s449.2">Τηλ.: +30 2 10 75 17 981</s>
<s id="s450.1">Österreich Pfizer Corporation Austria G. m. b. H, Tel: +43 (0)1 52 11 57 20</s>
<s id="s451.1">España Pfizer S. A.</s>
<s id="s451.2">Teléfono: +34 91 4909900</s>
<s id="s452.1">Polska Pfizer Polska sp. z. o. o.</s>
<s id="s452.2">Tel: +48 22 549 38 99</s>
<s id="s453.1">France Pfizer Téléphone: +33 (0)1 58 07 46 00</s>
<s id="s454.1">Portugal Laboratorios Pfizer, LDA.</s>
<s id="s454.2">Telefone: +351 21 423 55 00</s>
<s id="s455.1">Ireland Pfizer Healthcare Ireland, trading as:</s>
<s id="s455.2">Pfizer Animal Health Telephone: + 353 (0)1 467 6500</s>
<s id="s456.1">Slovenija Pfizer Animal Health Pfizer Luxembourg SARL Tel: +386 (0) 1 52 11 670</s>
<s id="s457.1">Ìsland Icepharma Ltd Tel: +354 540 80 80</s>
<s id="s458.1">Slovenská republika Pfizer Animal Health Tel: +421 2 5930 1818</s>
<s id="s459.1">Italia Pfizer Italia S. r. l., Telefono: +39 06 3318 2933</s>
<s id="s460.1">Suomi/ Finland Pfizer Oy Animal Health, Telephone: +358 (0)9 4300 40</s>
<s id="s461.1">Kύπρος Pfizer Hellas A. E.</s>
<s id="s461.2">Τηλ.: +30 2 10 75 17 981</s>
<s id="s462.1">Sverige Orion Pharma AB Tel: +46 (0)8 623 64 40</s>
<s id="s463.1">Latvija Pfizer Animal Health Tel: +370 5 269 17 96</s>
<s id="s464.1">United Kingdom Pfizer Ltd Telephone: +44 (0) 1304 616161</s>
<s id="s465.1">Lietuva Pfizer Animal Health Tel: +370 5 269 17 96</s>
<s id="s466.1">32/ 32</s>
</body>
</letsmt>
