<?xml version="1.0" encoding="utf-8"?>
<text>
<p id="1">
<s id="s1.1">
 <w id="w1.1.1">Številka</w> 
 <w id="w1.1.2">EU</w>       
 <w id="w1.1.3">EU/</w>
 <w id="w1.1.4">1/</w>
 <w id="w1.1.5">06/</w>
 <w id="w1.1.6">349/</w>
 <w id="w1.1.7">001</w>   
 <w id="w1.1.8">EU/</w>
 <w id="w1.1.9">1/</w>
 <w id="w1.1.10">06/</w>
 <w id="w1.1.11">349/</w>
 <w id="w1.1.12">002</w>   
 <w id="w1.1.13">EU/</w>
 <w id="w1.1.14">1/</w>
 <w id="w1.1.15">06/</w>
 <w id="w1.1.16">349/</w>
 <w id="w1.1.17">003</w>   
 <w id="w1.1.18">EU/</w>
 <w id="w1.1.19">1/</w>
 <w id="w1.1.20">06/</w>
 <w id="w1.1.21">349/</w>
 <w id="w1.1.22">004</w>   
 <w id="w1.1.23">EU/</w>
 <w id="w1.1.24">1/</w>
 <w id="w1.1.25">06/</w>
 <w id="w1.1.26">349/</w>
 <w id="w1.1.27">005</w>   
 <w id="w1.1.28">EU/</w>
 <w id="w1.1.29">1/</w>
 <w id="w1.1.30">06/</w>
 <w id="w1.1.31">349/</w>
 <w id="w1.1.32">006</w>   
 <w id="w1.1.33">EU/</w>
 <w id="w1.1.34">1/</w>
 <w id="w1.1.35">06/</w>
 <w id="w1.1.36">349/</w>
 <w id="w1.1.37">007</w>                     
 <w id="w1.1.38">EU/</w>
 <w id="w1.1.39">1/</w>
 <w id="w1.1.40">06/</w>
 <w id="w1.1.41">349/</w>
 <w id="w1.1.42">008</w>
</s></p>

<p id="2">
<s id="s2.1">
 <w id="w2.1.1">Zaščiteno</w> 
 <w id="w2.1.2">ime</w>   
 <w id="w2.1.3">Avaglim</w>         
 <w id="w2.1.4">Avaglim</w>         
 <w id="w2.1.5">Avaglim</w>         
 <w id="w2.1.6">Avaglim</w>         
 <w id="w2.1.7">Avaglim</w>         
 <w id="w2.1.8">Avaglim</w>         
 <w id="w2.1.9">Avaglim</w>         
 <w id="w2.1.10">Avaglim</w>
</s></p>

<p id="3">
<s id="s3.1">
 <w id="w3.1.1">jakost</w>      
 <w id="w3.1.2">4</w> 
 <w id="w3.1.3">mg/</w>
 <w id="w3.1.4">4</w> 
 <w id="w3.1.5">mg</w>   
 <w id="w3.1.6">4</w> 
 <w id="w3.1.7">mg/</w>
 <w id="w3.1.8">4</w> 
 <w id="w3.1.9">mg</w>   
 <w id="w3.1.10">4</w> 
 <w id="w3.1.11">mg/</w>
 <w id="w3.1.12">4</w> 
 <w id="w3.1.13">mg</w>   
 <w id="w3.1.14">4</w> 
 <w id="w3.1.15">mg/</w>
 <w id="w3.1.16">4</w> 
 <w id="w3.1.17">mg</w>   
 <w id="w3.1.18">8</w> 
 <w id="w3.1.19">mg/</w>
 <w id="w3.1.20">4</w> 
 <w id="w3.1.21">mg</w>   
 <w id="w3.1.22">8</w> 
 <w id="w3.1.23">mg/</w>
 <w id="w3.1.24">4</w> 
 <w id="w3.1.25">mg</w>   
 <w id="w3.1.26">8</w> 
 <w id="w3.1.27">mg/</w>
 <w id="w3.1.28">4</w> 
 <w id="w3.1.29">mg</w>   
 <w id="w3.1.30">8</w> 
 <w id="w3.1.31">mg/</w>
 <w id="w3.1.32">4</w> 
 <w id="w3.1.33">mg</w>
</s></p>

<p id="4">
<s id="s4.1">
 <w id="w4.1.1">farmacevtska</w> 
 <w id="w4.1.2">oblika</w>         
 <w id="w4.1.3">Filmsko</w> 
 <w id="w4.1.4">obložena</w> 
 <w id="w4.1.5">tableta</w>    
 <w id="w4.1.6">Filmsko</w> 
 <w id="w4.1.7">obložena</w> 
 <w id="w4.1.8">tableta</w>    
 <w id="w4.1.9">Filmsko</w> 
 <w id="w4.1.10">obložena</w> 
 <w id="w4.1.11">tableta</w>    
 <w id="w4.1.12">Filmsko</w> 
 <w id="w4.1.13">obložena</w> 
 <w id="w4.1.14">tableta</w>    
 <w id="w4.1.15">Filmsko</w> 
 <w id="w4.1.16">obložena</w> 
 <w id="w4.1.17">tableta</w>    
 <w id="w4.1.18">Filmsko</w> 
 <w id="w4.1.19">obložena</w> 
 <w id="w4.1.20">tableta</w>    
 <w id="w4.1.21">Filmsko</w> 
 <w id="w4.1.22">obložena</w> 
 <w id="w4.1.23">tableta</w>    
 <w id="w4.1.24">Filmsko</w> 
 <w id="w4.1.25">obložena</w> 
 <w id="w4.1.26">tableta</w>
</s></p>

<p id="5">
<s id="s5.1">
 <w id="w5.1.1">pot</w> 
 <w id="w5.1.2">uporabe</w>         
 <w id="w5.1.3">Peroralna</w> 
 <w id="w5.1.4">uporaba</w>   
 <w id="w5.1.5">Peroralna</w> 
 <w id="w5.1.6">uporaba</w>   
 <w id="w5.1.7">Peroralna</w> 
 <w id="w5.1.8">uporaba</w>   
 <w id="w5.1.9">Peroralna</w> 
 <w id="w5.1.10">uporaba</w>   
 <w id="w5.1.11">Peroralna</w> 
 <w id="w5.1.12">uporaba</w>   
 <w id="w5.1.13">Peroralna</w> 
 <w id="w5.1.14">uporaba</w>   
 <w id="w5.1.15">Peroralna</w> 
 <w id="w5.1.16">uporaba</w>   
 <w id="w5.1.17">Peroralna</w> 
 <w id="w5.1.18">uporaba</w>
</s></p>

<p id="6">
<s id="s6.1">
 <w id="w6.1.1">ovojnina</w>                            
 <w id="w6.1.2">Pretisni</w> 
 <w id="w6.1.3">omot</w> 
 <w id="w6.1.4">(</w>
 <w id="w6.1.5">PVC/</w>
 <w id="w6.1.6">PVDC/</w>
 <w id="w6.1.7">aluminij</w>
 <w id="w6.1.8">)</w>   
 <w id="w6.1.9">Pretisni</w> 
 <w id="w6.1.10">omot</w> 
 <w id="w6.1.11">(</w>
 <w id="w6.1.12">PVC/</w>
 <w id="w6.1.13">PVDC/</w>
 <w id="w6.1.14">aluminij</w>
 <w id="w6.1.15">)</w>   
 <w id="w6.1.16">Pretisni</w> 
 <w id="w6.1.17">omot</w> 
 <w id="w6.1.18">(</w>
 <w id="w6.1.19">PVC/</w>
 <w id="w6.1.20">PVDC/</w>
 <w id="w6.1.21">aluminij</w>
 <w id="w6.1.22">)</w>   
 <w id="w6.1.23">Pretisni</w> 
 <w id="w6.1.24">omot</w> 
 <w id="w6.1.25">(</w>
 <w id="w6.1.26">PVC/</w>
 <w id="w6.1.27">PVDC/</w>
 <w id="w6.1.28">aluminij</w>
 <w id="w6.1.29">)</w>   
 <w id="w6.1.30">Pretisni</w> 
 <w id="w6.1.31">omot</w> 
 <w id="w6.1.32">(</w>
 <w id="w6.1.33">PVC/</w>
 <w id="w6.1.34">PVDC/</w>
 <w id="w6.1.35">aluminij</w>
 <w id="w6.1.36">)</w>   
 <w id="w6.1.37">Pretisni</w> 
 <w id="w6.1.38">omot</w> 
 <w id="w6.1.39">(</w>
 <w id="w6.1.40">PVC/</w>
 <w id="w6.1.41">PVDC/</w>
 <w id="w6.1.42">aluminij</w>
 <w id="w6.1.43">)</w>   
 <w id="w6.1.44">Pretisni</w> 
 <w id="w6.1.45">omot</w> 
 <w id="w6.1.46">(</w>
 <w id="w6.1.47">PVC/</w>
 <w id="w6.1.48">PVDC/</w>
 <w id="w6.1.49">aluminij</w>
 <w id="w6.1.50">)</w>   
 <w id="w6.1.51">Pretisni</w> 
 <w id="w6.1.52">omot</w> 
 <w id="w6.1.53">(</w>
 <w id="w6.1.54">PVC/</w>
 <w id="w6.1.55">PVDC/</w>
 <w id="w6.1.56">aluminij</w>
 <w id="w6.1.57">)</w>
</s></p>

<p id="7">
<s id="s7.1">
 <w id="w7.1.1">velikost</w> 
 <w id="w7.1.2">pakiranja</w> 
 <w id="w7.1.3">14</w> 
 <w id="w7.1.4">28</w> 
 <w id="w7.1.5">56</w> 
 <w id="w7.1.6">112</w> 
 <w id="w7.1.7">14</w> 
 <w id="w7.1.8">28</w> 
 <w id="w7.1.9">56</w> 
 <w id="w7.1.10">112</w>
</s></p>

<head id="8">
<s id="s8.1">
 <w id="w8.1.1">EU/</w>
 <w id="w8.1.2">1/</w>
 <w id="w8.1.3">06/</w>
 <w id="w8.1.4">349/</w>
 <w id="w8.1.5">009</w>
</s></head>

<head id="9">
<s id="s9.1">
 <w id="w9.1.1">Avaglim</w>
</s></head>

<head id="10">
<s id="s10.1">
 <w id="w10.1.1">4</w> 
 <w id="w10.1.2">mg/</w>
 <w id="w10.1.3">4</w> 
 <w id="w10.1.4">mg</w>
</s></head>

<head id="11">
<s id="s11.1">
 <w id="w11.1.1">Filmsko</w> 
 <w id="w11.1.2">obložena</w> 
 <w id="w11.1.3">tableta</w>
</s></head>

<head id="12">
<s id="s12.1">
 <w id="w12.1.1">Peroralna</w> 
 <w id="w12.1.2">uporaba</w>
</s></head>

<head id="13">
<s id="s13.1">
 <w id="w13.1.1">Pretisni</w> 
 <w id="w13.1.2">omot</w> 
 <w id="w13.1.3">(</w>
 <w id="w13.1.4">PVC/</w>
 <w id="w13.1.5">PVDC/</w>
 <w id="w13.1.6">aluminij</w>
 <w id="w13.1.7">)</w>
</s></head>

<head id="14">
<s id="s14.1">
 <w id="w14.1.1">84</w>
</s></head>

<head id="15">
<s id="s15.1">
 <w id="w15.1.1">EU/</w>
 <w id="w15.1.2">1/</w>
 <w id="w15.1.3">06/</w>
 <w id="w15.1.4">349/</w>
 <w id="w15.1.5">010</w>
</s></head>

<head id="16">
<s id="s16.1">
 <w id="w16.1.1">Avaglim</w>
</s></head>

<head id="17">
<s id="s17.1">
 <w id="w17.1.1">8</w> 
 <w id="w17.1.2">mg/</w>
 <w id="w17.1.3">4</w> 
 <w id="w17.1.4">mg</w>
</s></head>

<head id="18">
<s id="s18.1">
 <w id="w18.1.1">Filmsko</w> 
 <w id="w18.1.2">obložena</w> 
 <w id="w18.1.3">tableta</w>
</s></head>

<head id="19">
<s id="s19.1">
 <w id="w19.1.1">Peroralna</w> 
 <w id="w19.1.2">uporaba</w>
</s></head>

<head id="20">
<s id="s20.1">
 <w id="w20.1.1">Pretisni</w> 
 <w id="w20.1.2">omot</w> 
 <w id="w20.1.3">(</w>
 <w id="w20.1.4">PVC/</w>
 <w id="w20.1.5">PVDC/</w>
 <w id="w20.1.6">aluminij</w>
 <w id="w20.1.7">)</w>
</s></head>

<head id="21">
<s id="s21.1">
 <w id="w21.1.1">84</w>
</s></head>

<p id="22">
<s id="s22.1">
 <w id="w22.1.1">1/</w>
 <w id="w22.1.2">1</w>
</s></p></text>
