<?xml version="1.0" encoding="utf-8"?>
<text>
<p id="1">
<s id="s1.1">
 <w id="w1.1.1">Številka</w> 
 <w id="w1.1.2">EU</w>       
 <w id="w1.1.3">EU/</w>
 <w id="w1.1.4">1/</w>
 <w id="w1.1.5">01/</w>
 <w id="w1.1.6">188/</w>
 <w id="w1.1.7">001</w>   
 <w id="w1.1.8">EU/</w>
 <w id="w1.1.9">1/</w>
 <w id="w1.1.10">01/</w>
 <w id="w1.1.11">188/</w>
 <w id="w1.1.12">002</w>   
 <w id="w1.1.13">EU/</w>
 <w id="w1.1.14">1/</w>
 <w id="w1.1.15">01/</w>
 <w id="w1.1.16">188/</w>
 <w id="w1.1.17">003</w>   
 <w id="w1.1.18">EU/</w>
 <w id="w1.1.19">1/</w>
 <w id="w1.1.20">01/</w>
 <w id="w1.1.21">188/</w>
 <w id="w1.1.22">004</w>   
 <w id="w1.1.23">EU/</w>
 <w id="w1.1.24">1/</w>
 <w id="w1.1.25">01/</w>
 <w id="w1.1.26">188/</w>
 <w id="w1.1.27">005</w>   
 <w id="w1.1.28">EU/</w>
 <w id="w1.1.29">1/</w>
 <w id="w1.1.30">01/</w>
 <w id="w1.1.31">188/</w>
 <w id="w1.1.32">006</w>
</s></p>

<p id="2">
<s id="s2.1">
 <w id="w2.1.1">Izmišljeno</w> 
 <w id="w2.1.2">ime</w>   
 <w id="w2.1.3">Fabrazyme</w>        
 <w id="w2.1.4">Fabrazyme</w>        
 <w id="w2.1.5">Fabrazyme</w>        
 <w id="w2.1.6">Fabrazyme</w>        
 <w id="w2.1.7">Fabrazyme</w>        
 <w id="w2.1.8">Fabrazyme</w>
</s></p>

<p id="3">
<s id="s3.1">
 <w id="w3.1.1">Jakost</w>   
 <w id="w3.1.2">35</w> 
 <w id="w3.1.3">mg</w>    
 <w id="w3.1.4">35</w> 
 <w id="w3.1.5">mg</w>    
 <w id="w3.1.6">35</w> 
 <w id="w3.1.7">mg</w>     
 <w id="w3.1.8">5</w> 
 <w id="w3.1.9">mg</w>     
 <w id="w3.1.10">5</w> 
 <w id="w3.1.11">mg</w>     
 <w id="w3.1.12">5</w> 
 <w id="w3.1.13">mg</w>
</s></p>

<p id="4">
<s id="s4.1">
 <w id="w4.1.1">Farmacevtska</w> 
 <w id="w4.1.2">oblika</w>                                 
 <w id="w4.1.3">Prašek</w> 
 <w id="w4.1.4">za</w> 
 <w id="w4.1.5">koncentrat</w> 
 <w id="w4.1.6">za</w> 
 <w id="w4.1.7">raztopino</w> 
 <w id="w4.1.8">za</w> 
 <w id="w4.1.9">infundiranje</w>   
 <w id="w4.1.10">Prašek</w> 
 <w id="w4.1.11">za</w> 
 <w id="w4.1.12">koncentrat</w> 
 <w id="w4.1.13">za</w> 
 <w id="w4.1.14">raztopino</w> 
 <w id="w4.1.15">za</w> 
 <w id="w4.1.16">infundiranje</w>   
 <w id="w4.1.17">Prašek</w> 
 <w id="w4.1.18">za</w> 
 <w id="w4.1.19">koncentrat</w> 
 <w id="w4.1.20">za</w> 
 <w id="w4.1.21">raztopino</w> 
 <w id="w4.1.22">za</w> 
 <w id="w4.1.23">infundiranje</w>   
 <w id="w4.1.24">Prašek</w> 
 <w id="w4.1.25">za</w> 
 <w id="w4.1.26">koncentrat</w> 
 <w id="w4.1.27">za</w> 
 <w id="w4.1.28">raztopino</w> 
 <w id="w4.1.29">za</w> 
 <w id="w4.1.30">infundiranje</w>   
 <w id="w4.1.31">Prašek</w> 
 <w id="w4.1.32">za</w> 
 <w id="w4.1.33">koncentrat</w> 
 <w id="w4.1.34">za</w> 
 <w id="w4.1.35">raztopino</w> 
 <w id="w4.1.36">za</w> 
 <w id="w4.1.37">infundiranje</w>   
 <w id="w4.1.38">Prašek</w> 
 <w id="w4.1.39">za</w> 
 <w id="w4.1.40">koncentrat</w> 
 <w id="w4.1.41">za</w> 
 <w id="w4.1.42">raztopino</w> 
 <w id="w4.1.43">za</w> 
 <w id="w4.1.44">infundiranje</w>
</s></p>

<p id="5">
<s id="s5.1">
 <w id="w5.1.1">Pot</w> 
 <w id="w5.1.2">uporabe</w>              
 <w id="w5.1.3">Za</w> 
 <w id="w5.1.4">intravensko</w> 
 <w id="w5.1.5">uporabo</w>   
 <w id="w5.1.6">Za</w> 
 <w id="w5.1.7">intravensko</w> 
 <w id="w5.1.8">uporabo</w>   
 <w id="w5.1.9">Za</w> 
 <w id="w5.1.10">intravensko</w> 
 <w id="w5.1.11">uporabo</w>   
 <w id="w5.1.12">Za</w> 
 <w id="w5.1.13">intravensko</w> 
 <w id="w5.1.14">uporabo</w>   
 <w id="w5.1.15">Za</w> 
 <w id="w5.1.16">intravensko</w> 
 <w id="w5.1.17">uporabo</w>   
 <w id="w5.1.18">Za</w> 
 <w id="w5.1.19">intravensko</w> 
 <w id="w5.1.20">uporabo</w>
</s></p>

<p id="6">
<s id="s6.1">
 <w id="w6.1.1">Ovojnina</w>           
 <w id="w6.1.2">Viala</w> 
 <w id="w6.1.3">(</w>
 <w id="w6.1.4">steklena</w>
 <w id="w6.1.5">)</w>   
 <w id="w6.1.6">Viala</w> 
 <w id="w6.1.7">(</w>
 <w id="w6.1.8">steklena</w>
 <w id="w6.1.9">)</w>   
 <w id="w6.1.10">Viala</w> 
 <w id="w6.1.11">(</w>
 <w id="w6.1.12">steklena</w>
 <w id="w6.1.13">)</w>   
 <w id="w6.1.14">Viala</w> 
 <w id="w6.1.15">(</w>
 <w id="w6.1.16">steklena</w>
 <w id="w6.1.17">)</w>   
 <w id="w6.1.18">Viala</w> 
 <w id="w6.1.19">(</w>
 <w id="w6.1.20">steklena</w>
 <w id="w6.1.21">)</w>   
 <w id="w6.1.22">Viala</w> 
 <w id="w6.1.23">(</w>
 <w id="w6.1.24">steklena</w>
 <w id="w6.1.25">)</w>
</s></p>

<p id="7">
<s id="s7.1">
 <w id="w7.1.1">Velikost</w> 
 <w id="w7.1.2">pakiranja</w> 
 <w id="w7.1.3">1</w> 
 <w id="w7.1.4">viala</w> 
 <w id="w7.1.5">5</w> 
 <w id="w7.1.6">vial</w> 
 <w id="w7.1.7">10</w> 
 <w id="w7.1.8">vial</w> 
 <w id="w7.1.9">1</w> 
 <w id="w7.1.10">viala</w> 
 <w id="w7.1.11">5</w> 
 <w id="w7.1.12">vial</w> 
 <w id="w7.1.13">10</w> 
 <w id="w7.1.14">vial</w>
</s></p>

<p id="8">
<s id="s8.1">
 <w id="w8.1.1">1</w>
</s></p></text>
