<?xml version="1.0" encoding="utf-8"?>
<text>
<p id="1">
<s id="s1.1">
 <w id="w1.1.1">European</w> 
 <w id="w1.1.2">Medicines</w> 
 <w id="w1.1.3">Agency</w>
</s></p>

<p id="2">
<s id="s2.1">
 <w id="w2.1.1">EMEA/</w>
 <w id="w2.1.2">H/</w>
 <w id="w2.1.3">C/</w>
 <w id="w2.1.4">885</w>
</s></p>

<p id="3">
<s id="s3.1">
 <w id="w3.1.1">EVROPSKO</w> 
 <w id="w3.1.2">JAVNO</w> 
 <w id="w3.1.3">POROČILO</w> 
 <w id="w3.1.4">O</w> 
 <w id="w3.1.5">OCENI</w> 
 <w id="w3.1.6">ZDRAVILA</w> 
 <w id="w3.1.7">(</w>
 <w id="w3.1.8">EPAR</w>
 <w id="w3.1.9">)</w>
</s></p>

<p id="4">
<s id="s4.1">
 <w id="w4.1.1">BRIDION</w>
</s></p>

<p id="5">
<s id="s5.1">
 <w id="w5.1.1">Povzetek</w> 
 <w id="w5.1.2">EPAR</w> 
 <w id="w5.1.3">za</w> 
 <w id="w5.1.4">javnost</w>
</s></p>

<p id="6">
<s id="s6.1">
 <w id="w6.1.1">Ta</w> 
 <w id="w6.1.2">dokument</w> 
 <w id="w6.1.3">je</w> 
 <w id="w6.1.4">povzetek</w> 
 <w id="w6.1.5">evropskega</w> 
 <w id="w6.1.6">javnega</w> 
 <w id="w6.1.7">poročila</w> 
 <w id="w6.1.8">o</w> 
 <w id="w6.1.9">oceni</w> 
 <w id="w6.1.10">zdravila</w> 
 <w id="w6.1.11">(</w>
 <w id="w6.1.12">EPAR</w>
 <w id="w6.1.13">)</w>
 <w id="w6.1.14">.</w>
</s> 
 
<s id="s6.2">
 <w id="w6.2.1">Pojasnjuje</w>
 <w id="w6.2.2">,</w> 
 <w id="w6.2.3">kako</w> 
 <w id="w6.2.4">je</w> 
 <w id="w6.2.5">Odbor</w> 
 <w id="w6.2.6">za</w> 
 <w id="w6.2.7">zdravila</w> 
 <w id="w6.2.8">za</w> 
 <w id="w6.2.9">uporabo</w> 
 <w id="w6.2.10">v</w> 
 <w id="w6.2.11">humani</w> 
 <w id="w6.2.12">medicini</w> 
 <w id="w6.2.13">(</w>
 <w id="w6.2.14">CHMP</w>
 <w id="w6.2.15">)</w> 
 <w id="w6.2.16">ocenil</w> 
 <w id="w6.2.17">opravljene</w> 
 <w id="w6.2.18">študije</w>
 <w id="w6.2.19">,</w> 
 <w id="w6.2.20">na</w> 
 <w id="w6.2.21">podlagi</w> 
 <w id="w6.2.22">katerih</w> 
 <w id="w6.2.23">je</w> 
 <w id="w6.2.24">oblikoval</w> 
 <w id="w6.2.25">priporočila</w> 
 <w id="w6.2.26">glede</w> 
 <w id="w6.2.27">uporabe</w> 
 <w id="w6.2.28">zdravila</w>
 <w id="w6.2.29">.</w>
</s> 
 
<s id="s6.3">
 <w id="w6.3.1">Če</w> 
 <w id="w6.3.2">potrebujete</w> 
 <w id="w6.3.3">več</w> 
 <w id="w6.3.4">informacij</w> 
 <w id="w6.3.5">o</w> 
 <w id="w6.3.6">svojem</w> 
 <w id="w6.3.7">zdravstvenem</w> 
 <w id="w6.3.8">stanju</w> 
 <w id="w6.3.9">ali</w> 
 <w id="w6.3.10">zdravljenju</w>
 <w id="w6.3.11">,</w> 
 <w id="w6.3.12">preberite</w> 
 <w id="w6.3.13">navodilo</w> 
 <w id="w6.3.14">za</w> 
 <w id="w6.3.15">uporabo</w> 
 <w id="w6.3.16">(</w>
 <w id="w6.3.17">ki</w> 
 <w id="w6.3.18">je</w> 
 <w id="w6.3.19">prav</w> 
 <w id="w6.3.20">tako</w> 
 <w id="w6.3.21">del</w> 
 <w id="w6.3.22">EPAR</w>
 <w id="w6.3.23">)</w> 
 <w id="w6.3.24">ali</w> 
 <w id="w6.3.25">se</w> 
 <w id="w6.3.26">posvetujte</w> 
 <w id="w6.3.27">s</w> 
 <w id="w6.3.28">svojim</w> 
 <w id="w6.3.29">zdravnikom</w> 
 <w id="w6.3.30">ali</w> 
 <w id="w6.3.31">farmacevtom</w>
 <w id="w6.3.32">.</w>
</s> 
 
<s id="s6.4">
 <w id="w6.4.1">Če</w> 
 <w id="w6.4.2">želite</w> 
 <w id="w6.4.3">več</w> 
 <w id="w6.4.4">informacij</w>
 <w id="w6.4.5">,</w> 
 <w id="w6.4.6">ki</w> 
 <w id="w6.4.7">temeljijo</w> 
 <w id="w6.4.8">na</w> 
 <w id="w6.4.9">priporočilih</w> 
 <w id="w6.4.10">CHMP</w>
 <w id="w6.4.11">,</w> 
 <w id="w6.4.12">preberite</w> 
 <w id="w6.4.13">znanstveno</w> 
 <w id="w6.4.14">razpravo</w> 
 <w id="w6.4.15">(</w>
 <w id="w6.4.16">ki</w> 
 <w id="w6.4.17">je</w> 
 <w id="w6.4.18">prav</w> 
 <w id="w6.4.19">tako</w> 
 <w id="w6.4.20">del</w> 
 <w id="w6.4.21">EPAR</w>
 <w id="w6.4.22">)</w>
 <w id="w6.4.23">.</w>
</s></p>

<p id="7">
<s id="s7.1">
 <w id="w7.1.1">Kaj</w> 
 <w id="w7.1.2">je</w> 
 <w id="w7.1.3">zdravilo</w> 
 <w id="w7.1.4">Bridion</w>
 <w id="w7.1.5">?</w>
</s> 
 
<s id="s7.2">
 <w id="w7.2.1">Zdravilo</w> 
 <w id="w7.2.2">Bridion</w> 
 <w id="w7.2.3">je</w> 
 <w id="w7.2.4">raztopina</w> 
 <w id="w7.2.5">za</w> 
 <w id="w7.2.6">injiciranje</w>
 <w id="w7.2.7">,</w> 
 <w id="w7.2.8">ki</w> 
 <w id="w7.2.9">vsebuje</w> 
 <w id="w7.2.10">zdravilno</w> 
 <w id="w7.2.11">učinkovino</w> 
 <w id="w7.2.12">sugamadeks</w> 
 <w id="w7.2.13">(</w>
 <w id="w7.2.14">100</w> 
 <w id="w7.2.15">mg/</w>
 <w id="w7.2.16">ml</w>
 <w id="w7.2.17">)</w>
 <w id="w7.2.18">.</w>
</s></p>

<p id="8">
<s id="s8.1">
 <w id="w8.1.1">Za</w> 
 <w id="w8.1.2">kaj</w> 
 <w id="w8.1.3">se</w> 
 <w id="w8.1.4">zdravilo</w> 
 <w id="w8.1.5">Bridion</w> 
 <w id="w8.1.6">uporablja</w>
 <w id="w8.1.7">?</w>
</s> 
 
<s id="s8.2">
 <w id="w8.2.1">Zdravilo</w> 
 <w id="w8.2.2">Bridion</w> 
 <w id="w8.2.3">se</w> 
 <w id="w8.2.4">uporablja</w> 
 <w id="w8.2.5">za</w> 
 <w id="w8.2.6">odpravljanje</w> 
 <w id="w8.2.7">učinkov</w> 
 <w id="w8.2.8">mišičnih</w> 
 <w id="w8.2.9">relaksantov</w> 
 <w id="w8.2.10">rokuronija</w> 
 <w id="w8.2.11">in</w> 
 <w id="w8.2.12">vekuronija</w>
 <w id="w8.2.13">.</w>
</s> 
 
<s id="s8.3">
 <w id="w8.3.1">Mišični</w> 
 <w id="w8.3.2">relaksanti</w> 
 <w id="w8.3.3">so</w> 
 <w id="w8.3.4">zdravila</w>
 <w id="w8.3.5">,</w> 
 <w id="w8.3.6">ki</w> 
 <w id="w8.3.7">se</w> 
 <w id="w8.3.8">uporabljajo</w> 
 <w id="w8.3.9">pri</w> 
 <w id="w8.3.10">nekaterih</w> 
 <w id="w8.3.11">vrstah</w> 
 <w id="w8.3.12">operacij</w>
 <w id="w8.3.13">,</w> 
 <w id="w8.3.14">da</w> 
 <w id="w8.3.15">bi</w> 
 <w id="w8.3.16">z</w> 
 <w id="w8.3.17">njimi</w> 
 <w id="w8.3.18">sprostili</w> 
 <w id="w8.3.19">mišice</w>
 <w id="w8.3.20">,</w> 
 <w id="w8.3.21">vključno</w> 
 <w id="w8.3.22">z</w> 
 <w id="w8.3.23">mišičjem</w>
 <w id="w8.3.24">,</w> 
 <w id="w8.3.25">ki</w> 
 <w id="w8.3.26">bolniku</w> 
 <w id="w8.3.27">omogoča</w> 
 <w id="w8.3.28">dihanje</w>
 <w id="w8.3.29">.</w>
</s> 
 
<s id="s8.4">
 <w id="w8.4.1">Kirurg</w> 
 <w id="w8.4.2">zaradi</w> 
 <w id="w8.4.3">mišičnih</w> 
 <w id="w8.4.4">relaksantov</w> 
 <w id="w8.4.5">lažje</w> 
 <w id="w8.4.6">izvede</w> 
 <w id="w8.4.7">operacijo</w>
 <w id="w8.4.8">.</w>
</s> 
 
<s id="s8.5">
 <w id="w8.5.1">Zdravilo</w> 
 <w id="w8.5.2">Bridion</w> 
 <w id="w8.5.3">se</w> 
 <w id="w8.5.4">uporablja</w> 
 <w id="w8.5.5">za</w> 
 <w id="w8.5.6">pospeševanje</w> 
 <w id="w8.5.7">okrevanja</w> 
 <w id="w8.5.8">po</w> 
 <w id="w8.5.9">uporabi</w> 
 <w id="w8.5.10">mišičnih</w> 
 <w id="w8.5.11">relaksantov</w>
 <w id="w8.5.12">,</w> 
 <w id="w8.5.13">ponavadi</w> 
 <w id="w8.5.14">ob</w> 
 <w id="w8.5.15">koncu</w> 
 <w id="w8.5.16">operacije</w>
 <w id="w8.5.17">.</w>
</s> 
 
<s id="s8.6">
 <w id="w8.6.1">Zdravilo</w> 
 <w id="w8.6.2">Bridion</w> 
 <w id="w8.6.3">lahko</w> 
 <w id="w8.6.4">uporabljamo</w> 
 <w id="w8.6.5">pri</w> 
 <w id="w8.6.6">odraslih</w>
 <w id="w8.6.7">,</w> 
 <w id="w8.6.8">ki</w> 
 <w id="w8.6.9">so</w> 
 <w id="w8.6.10">prejeli</w> 
 <w id="w8.6.11">rokuronij</w> 
 <w id="w8.6.12">ali</w> 
 <w id="w8.6.13">vekuronij</w> 
 <w id="w8.6.14">in</w> 
 <w id="w8.6.15">pri</w> 
 <w id="w8.6.16">otrocih</w> 
 <w id="w8.6.17">ter</w> 
 <w id="w8.6.18">mladostnikih</w>
 <w id="w8.6.19">,</w> 
 <w id="w8.6.20">ki</w> 
 <w id="w8.6.21">so</w> 
 <w id="w8.6.22">prejeli</w> 
 <w id="w8.6.23">rokuronij</w>
 <w id="w8.6.24">.</w>
</s> 
 
<s id="s8.7">
 <w id="w8.7.1">Zdravilo</w> 
 <w id="w8.7.2">se</w> 
 <w id="w8.7.3">dobi</w> 
 <w id="w8.7.4">samo</w> 
 <w id="w8.7.5">na</w> 
 <w id="w8.7.6">recept</w>
 <w id="w8.7.7">.</w>
</s></p>

<p id="9">
<s id="s9.1">
 <w id="w9.1.1">Kako</w> 
 <w id="w9.1.2">se</w> 
 <w id="w9.1.3">zdravilo</w> 
 <w id="w9.1.4">Bridion</w> 
 <w id="w9.1.5">uporablja</w>
 <w id="w9.1.6">?</w>
</s> 
 
<s id="s9.2">
 <w id="w9.2.1">Zdravilo</w> 
 <w id="w9.2.2">Bridion</w> 
 <w id="w9.2.3">se</w> 
 <w id="w9.2.4">lahko</w> 
 <w id="w9.2.5">daje</w> 
 <w id="w9.2.6">le</w> 
 <w id="w9.2.7">pod</w> 
 <w id="w9.2.8">nadzorom</w> 
 <w id="w9.2.9">anestezista</w> 
 <w id="w9.2.10">(</w>
 <w id="w9.2.11">zdravnika</w>
 <w id="w9.2.12">,</w> 
 <w id="w9.2.13">ki</w> 
 <w id="w9.2.14">je</w> 
 <w id="w9.2.15">specializiran</w> 
 <w id="w9.2.16">za</w> 
 <w id="w9.2.17">anestezijo</w>
 <w id="w9.2.18">)</w>
 <w id="w9.2.19">.</w>
</s> 
 
<s id="s9.3">
 <w id="w9.3.1">Zdravilo</w> 
 <w id="w9.3.2">se</w> 
 <w id="w9.3.3">daje</w> 
 <w id="w9.3.4">v</w> 
 <w id="w9.3.5">obliki</w> 
 <w id="w9.3.6">ene</w> 
 <w id="w9.3.7">same</w> 
 <w id="w9.3.8">intravenske</w> 
 <w id="w9.3.9">„</w>
 <w id="w9.3.10">bolusne</w>
 <w id="w9.3.11">“</w> 
 <w id="w9.3.12">injekcije</w> 
 <w id="w9.3.13">(</w>
 <w id="w9.3.14">injekcije</w>
 <w id="w9.3.15">,</w> 
 <w id="w9.3.16">ki</w> 
 <w id="w9.3.17">se</w> 
 <w id="w9.3.18">daje</w> 
 <w id="w9.3.19">v</w> 
 <w id="w9.3.20">veno</w> 
 <w id="w9.3.21">cela</w> 
 <w id="w9.3.22">naenkrat</w>
 <w id="w9.3.23">)</w>
 <w id="w9.3.24">.</w>
</s> 
 
<s id="s9.4">
 <w id="w9.4.1">Običajni</w> 
 <w id="w9.4.2">odmerek</w> 
 <w id="w9.4.3">zdravila</w> 
 <w id="w9.4.4">Bridion</w> 
 <w id="w9.4.5">znaša</w> 
 <w id="w9.4.6">od</w> 
 <w id="w9.4.7">2</w> 
 <w id="w9.4.8">do</w> 
 <w id="w9.4.9">4</w> 
 <w id="w9.4.10">mg</w> 
 <w id="w9.4.11">na</w> 
 <w id="w9.4.12">kilogram</w> 
 <w id="w9.4.13">telesne</w> 
 <w id="w9.4.14">mase</w>
 <w id="w9.4.15">,</w> 
 <w id="w9.4.16">odvisno</w> 
 <w id="w9.4.17">od</w> 
 <w id="w9.4.18">velikosti</w> 
 <w id="w9.4.19">učinka</w> 
 <w id="w9.4.20">relaksanta</w> 
 <w id="w9.4.21">na</w> 
 <w id="w9.4.22">mišice</w>
 <w id="w9.4.23">.</w>
</s> 
 
<s id="s9.5">
 <w id="w9.5.1">Če</w> 
 <w id="w9.5.2">je</w> 
 <w id="w9.5.3">potrebno</w> 
 <w id="w9.5.4">mišice</w> 
 <w id="w9.5.5">hitro</w> 
 <w id="w9.5.6">vrniti</w> 
 <w id="w9.5.7">iz</w> 
 <w id="w9.5.8">sproščenega</w> 
 <w id="w9.5.9">v</w> 
 <w id="w9.5.10">prvotno</w> 
 <w id="w9.5.11">stanje</w>
 <w id="w9.5.12">,</w> 
 <w id="w9.5.13">lahko</w> 
 <w id="w9.5.14">uporabimo</w> 
 <w id="w9.5.15">odmerek</w> 
 <w id="w9.5.16">16</w> 
 <w id="w9.5.17">mg/</w>
 <w id="w9.5.18">kg</w>
 <w id="w9.5.19">.</w>
</s> 
 
<s id="s9.6">
 <w id="w9.6.1">To</w> 
 <w id="w9.6.2">je</w> 
 <w id="w9.6.3">lahko</w> 
 <w id="w9.6.4">potrebno</w> 
 <w id="w9.6.5">pri</w> 
 <w id="w9.6.6">bolnikih</w>
 <w id="w9.6.7">,</w> 
 <w id="w9.6.8">ki</w> 
 <w id="w9.6.9">morajo</w> 
 <w id="w9.6.10">med</w> 
 <w id="w9.6.11">operacijo</w> 
 <w id="w9.6.12">začeti</w> 
 <w id="w9.6.13">znova</w> 
 <w id="w9.6.14">dihati</w> 
 <w id="w9.6.15">samostojno</w>
 <w id="w9.6.16">.</w>
</s> 
 
<s id="s9.7">
 <w id="w9.7.1">Pričakuje</w> 
 <w id="w9.7.2">se</w>
 <w id="w9.7.3">,</w> 
 <w id="w9.7.4">da</w> 
 <w id="w9.7.5">bo</w> 
 <w id="w9.7.6">ta</w> 
 <w id="w9.7.7">odmerek</w> 
 <w id="w9.7.8">uporabljen</w> 
 <w id="w9.7.9">le</w> 
 <w id="w9.7.10">pri</w> 
 <w id="w9.7.11">omejenemu</w> 
 <w id="w9.7.12">številu</w> 
 <w id="w9.7.13">zdravljenj</w> 
 <w id="w9.7.14">(</w>
 <w id="w9.7.15">manj</w> 
 <w id="w9.7.16">kot</w> 
 <w id="w9.7.17">1</w> 
 <w id="w9.7.18">%</w>
 <w id="w9.7.19">)</w>
 <w id="w9.7.20">.</w>
</s> 
 
<s id="s9.8">
 <w id="w9.8.1">Priporočeni</w> 
 <w id="w9.8.2">odmerek</w> 
 <w id="w9.8.3">pri</w> 
 <w id="w9.8.4">otrocih</w> 
 <w id="w9.8.5">in</w> 
 <w id="w9.8.6">mladostnikih</w> 
 <w id="w9.8.7">je</w> 
 <w id="w9.8.8">2</w> 
 <w id="w9.8.9">mg/</w>
 <w id="w9.8.10">kg</w> 
 <w id="w9.8.11">telesne</w> 
 <w id="w9.8.12">mase</w>
 <w id="w9.8.13">.</w>
</s> 
 
<s id="s9.9">
 <w id="w9.9.1">Uporaba</w> 
 <w id="w9.9.2">zdravila</w> 
 <w id="w9.9.3">Bridion</w> 
 <w id="w9.9.4">pri</w> 
 <w id="w9.9.5">otrocih</w> 
 <w id="w9.9.6">in</w> 
 <w id="w9.9.7">mladostnikih</w> 
 <w id="w9.9.8">ni</w> 
 <w id="w9.9.9">priporočena</w> 
 <w id="w9.9.10">za</w> 
 <w id="w9.9.11">okrevanje</w> 
 <w id="w9.9.12">po</w> 
 <w id="w9.9.13">uporabi</w> 
 <w id="w9.9.14">vekuronija</w> 
 <w id="w9.9.15">ali</w> 
 <w id="w9.9.16">za</w> 
 <w id="w9.9.17">hitro</w> 
 <w id="w9.9.18">okrevanje</w> 
 <w id="w9.9.19">po</w> 
 <w id="w9.9.20">uporabi</w> 
 <w id="w9.9.21">katerega</w> 
 <w id="w9.9.22">koli</w> 
 <w id="w9.9.23">relaksanta</w> 
 <w id="w9.9.24">mišic</w>
 <w id="w9.9.25">,</w> 
 <w id="w9.9.26">ker</w> 
 <w id="w9.9.27">njegova</w> 
 <w id="w9.9.28">uporaba</w> 
 <w id="w9.9.29">v</w> 
 <w id="w9.9.30">teh</w> 
 <w id="w9.9.31">primerih</w> 
 <w id="w9.9.32">ni</w> 
 <w id="w9.9.33">bila</w> 
 <w id="w9.9.34">raziskana</w>
 <w id="w9.9.35">.</w>
</s> 
 
<s id="s9.10">
 <w id="w9.10.1">Zdravilo</w> 
 <w id="w9.10.2">Bridion</w> 
 <w id="w9.10.3">ni</w> 
 <w id="w9.10.4">priporočeno</w> 
 <w id="w9.10.5">za</w> 
 <w id="w9.10.6">otroke</w> 
 <w id="w9.10.7">do</w> 
 <w id="w9.10.8">drugega</w> 
 <w id="w9.10.9">leta</w> 
 <w id="w9.10.10">starosti</w>
 <w id="w9.10.11">,</w> 
 <w id="w9.10.12">ker</w> 
 <w id="w9.10.13">ni</w> 
 <w id="w9.10.14">dovolj</w> 
 <w id="w9.10.15">informacij</w> 
 <w id="w9.10.16">o</w> 
 <w id="w9.10.17">varnosti</w> 
 <w id="w9.10.18">in</w> 
 <w id="w9.10.19">učinkovitosti</w> 
 <w id="w9.10.20">zdravila</w> 
 <w id="w9.10.21">v</w> 
 <w id="w9.10.22">tej</w> 
 <w id="w9.10.23">starostni</w> 
 <w id="w9.10.24">skupini</w>
 <w id="w9.10.25">.</w>
</s> 
 
<s id="s9.11">
 <w id="w9.11.1">Zdravilo</w> 
 <w id="w9.11.2">Bridion</w> 
 <w id="w9.11.3">ni</w> 
 <w id="w9.11.4">priporočeno</w> 
 <w id="w9.11.5">za</w> 
 <w id="w9.11.6">bolnike</w>
 <w id="w9.11.7">,</w> 
 <w id="w9.11.8">ki</w> 
 <w id="w9.11.9">imajo</w> 
 <w id="w9.11.10">hude</w> 
 <w id="w9.11.11">težave</w> 
 <w id="w9.11.12">z</w> 
 <w id="w9.11.13">ledvicami</w>
 <w id="w9.11.14">.</w>
</s> 
 
<s id="s9.12">
 <w id="w9.12.1">Zdravilo</w> 
 <w id="w9.12.2">je</w> 
 <w id="w9.12.3">treba</w> 
 <w id="w9.12.4">uporabljati</w> 
 <w id="w9.12.5">zelo</w> 
 <w id="w9.12.6">previdno</w> 
 <w id="w9.12.7">pri</w> 
 <w id="w9.12.8">bolnikih</w> 
 <w id="w9.12.9">s</w> 
 <w id="w9.12.10">hudimi</w> 
 <w id="w9.12.11">težavami</w> 
 <w id="w9.12.12">z</w> 
 <w id="w9.12.13">jetri</w>
 <w id="w9.12.14">.</w>
</s></p>

<p id="10">
<s id="s10.1">
 <w id="w10.1.1">Kako</w> 
 <w id="w10.1.2">zdravilo</w> 
 <w id="w10.1.3">Bridion</w> 
 <w id="w10.1.4">deluje</w>
 <w id="w10.1.5">?</w>
</s> 
 
<s id="s10.2">
 <w id="w10.2.1">Zdravilna</w> 
 <w id="w10.2.2">učinkovina</w> 
 <w id="w10.2.3">zdravila</w> 
 <w id="w10.2.4">Bridion</w>
 <w id="w10.2.5">,</w> 
 <w id="w10.2.6">sugamadeks</w>
 <w id="w10.2.7">,</w> 
 <w id="w10.2.8">je</w> 
 <w id="w10.2.9">„</w>
 <w id="w10.2.10">selektivno</w> 
 <w id="w10.2.11">vezalno</w> 
 <w id="w10.2.12">sredstvo</w> 
 <w id="w10.2.13">mišičnih</w> 
 <w id="w10.2.14">relaksantov</w>
 <w id="w10.2.15">“</w>
 <w id="w10.2.16">.</w>
</s> 
 
<s id="s10.3">
 <w id="w10.3.1">To</w> 
 <w id="w10.3.2">pomeni</w>
 <w id="w10.3.3">,</w> 
 <w id="w10.3.4">da</w> 
 <w id="w10.3.5">se</w> 
 <w id="w10.3.6">veže</w> 
 <w id="w10.3.7">na</w> 
 <w id="w10.3.8">mišična</w> 
 <w id="w10.3.9">relaksanta</w> 
 <w id="w10.3.10">rokuronij</w> 
 <w id="w10.3.11">in</w> 
 <w id="w10.3.12">vekuronij</w> 
 <w id="w10.3.13">ter</w> 
 <w id="w10.3.14">tako</w> 
 <w id="w10.3.15">tvori</w>                               
 <w id="w10.3.16">7</w> 
 <w id="w10.3.17">Westferry</w> 
 <w id="w10.3.18">Circus</w>
 <w id="w10.3.19">,</w> 
 <w id="w10.3.20">Canary</w> 
 <w id="w10.3.21">Wharf</w>
 <w id="w10.3.22">,</w> 
 <w id="w10.3.23">London</w> 
 <w id="w10.3.24">E14</w> 
 <w id="w10.3.25">4HB</w>
 <w id="w10.3.26">,</w> 
 <w id="w10.3.27">UK</w>                                   
 <w id="w10.3.28">Tel</w>
 <w id="w10.3.29">.</w>
</s> 
 
<s id="s10.4">
 <w id="w10.4.1">(</w>
 <w id="w10.4.2">44-</w>
 <w id="w10.4.3">20</w>
 <w id="w10.4.4">)</w> 
 <w id="w10.4.5">74</w> 
 <w id="w10.4.6">18</w> 
 <w id="w10.4.7">84</w> 
 <w id="w10.4.8">00</w> 
 <w id="w10.4.9">Fax</w> 
 <w id="w10.4.10">(</w>
 <w id="w10.4.11">44-</w>
 <w id="w10.4.12">20</w>
 <w id="w10.4.13">)</w> 
 <w id="w10.4.14">74</w> 
 <w id="w10.4.15">18</w> 
 <w id="w10.4.16">84</w> 
 <w id="w10.4.17">16</w>                              
 <w id="w10.4.18">E-</w>
 <w id="w10.4.19">mail</w>
 <w id="w10.4.20">:</w> 
 <w id="w10.4.21">mail@</w>
 <w id="w10.4.22">emea.</w>
 <w id="w10.4.23">europa.</w>
 <w id="w10.4.24">eu</w> 
 <w id="w10.4.25">http</w>
 <w id="w10.4.26">:</w>
 <w id="w10.4.27">//</w>
 <w id="w10.4.28">www.</w>
 <w id="w10.4.29">emea.</w>
 <w id="w10.4.30">europa.</w>
 <w id="w10.4.31">eu</w>
</s></p>

<p id="11">
<s id="s11.1">
 <w id="w11.1.1">©</w> 
 <w id="w11.1.2">European</w> 
 <w id="w11.1.3">Medicines</w> 
 <w id="w11.1.4">Agency</w>
 <w id="w11.1.5">,</w> 
 <w id="w11.1.6">2008</w>
 <w id="w11.1.7">.</w>
</s> 
 
<s id="s11.2">
 <w id="w11.2.1">Reproduction</w> 
 <w id="w11.2.2">is</w> 
 <w id="w11.2.3">authorised</w> 
 <w id="w11.2.4">provided</w> 
 <w id="w11.2.5">the</w> 
 <w id="w11.2.6">source</w> 
 <w id="w11.2.7">is</w> 
 <w id="w11.2.8">acknowledged</w>
 <w id="w11.2.9">.</w>
</s> 
 
<s id="s11.3">
 <w id="w11.3.1">„</w>
 <w id="w11.3.2">kompleks</w>
 <w id="w11.3.3">“</w>
 <w id="w11.3.4">,</w> 
 <w id="w11.3.5">ki</w> 
 <w id="w11.3.6">inaktivira</w> 
 <w id="w11.3.7">mišične</w> 
 <w id="w11.3.8">relaksante</w> 
 <w id="w11.3.9">in</w> 
 <w id="w11.3.10">jim</w> 
 <w id="w11.3.11">prepreči</w>
 <w id="w11.3.12">,</w> 
 <w id="w11.3.13">da</w> 
 <w id="w11.3.14">bi</w> 
 <w id="w11.3.15">učinkovali</w> 
 <w id="w11.3.16">še</w> 
 <w id="w11.3.17">naprej</w>
 <w id="w11.3.18">.</w>
</s> 
 
<s id="s11.4">
 <w id="w11.4.1">Posledično</w> 
 <w id="w11.4.2">učinek</w> 
 <w id="w11.4.3">blokade</w> 
 <w id="w11.4.4">mišic</w> 
 <w id="w11.4.5">zaradi</w> 
 <w id="w11.4.6">učinkovanja</w> 
 <w id="w11.4.7">rokuronija</w> 
 <w id="w11.4.8">in</w> 
 <w id="w11.4.9">vekuronija</w> 
 <w id="w11.4.10">na</w> 
 <w id="w11.4.11">mišice</w> 
 <w id="w11.4.12">popusti</w>
 <w id="w11.4.13">,</w> 
 <w id="w11.4.14">tako</w> 
 <w id="w11.4.15">da</w> 
 <w id="w11.4.16">začnejo</w> 
 <w id="w11.4.17">mišice</w> 
 <w id="w11.4.18">zopet</w> 
 <w id="w11.4.19">delovati</w> 
 <w id="w11.4.20">normalno</w>
 <w id="w11.4.21">,</w> 
 <w id="w11.4.22">kar</w> 
 <w id="w11.4.23">vključuje</w> 
 <w id="w11.4.24">tudi</w> 
 <w id="w11.4.25">mišice</w>
 <w id="w11.4.26">,</w> 
 <w id="w11.4.27">ki</w> 
 <w id="w11.4.28">bolniku</w> 
 <w id="w11.4.29">omogočajo</w> 
 <w id="w11.4.30">dihanje</w>
 <w id="w11.4.31">.</w>
</s></p>

<p id="12">
<s id="s12.1">
 <w id="w12.1.1">Kako</w> 
 <w id="w12.1.2">je</w> 
 <w id="w12.1.3">bilo</w> 
 <w id="w12.1.4">zdravilo</w> 
 <w id="w12.1.5">Bridion</w> 
 <w id="w12.1.6">raziskano</w>
 <w id="w12.1.7">?</w>
</s> 
 
<s id="s12.2">
 <w id="w12.2.1">Učinki</w> 
 <w id="w12.2.2">zdravila</w> 
 <w id="w12.2.3">Bridion</w> 
 <w id="w12.2.4">so</w> 
 <w id="w12.2.5">bili</w> 
 <w id="w12.2.6">najprej</w> 
 <w id="w12.2.7">preizkušeni</w> 
 <w id="w12.2.8">na</w> 
 <w id="w12.2.9">poskusnih</w> 
 <w id="w12.2.10">modelih</w>
 <w id="w12.2.11">,</w> 
 <w id="w12.2.12">nato</w> 
 <w id="w12.2.13">pa</w> 
 <w id="w12.2.14">so</w> 
 <w id="w12.2.15">jih</w> 
 <w id="w12.2.16">raziskali</w> 
 <w id="w12.2.17">pri</w> 
 <w id="w12.2.18">ljudeh</w>
 <w id="w12.2.19">.</w>
</s> 
 
<s id="s12.3">
 <w id="w12.3.1">Zdravilo</w> 
 <w id="w12.3.2">Bridion</w> 
 <w id="w12.3.3">so</w> 
 <w id="w12.3.4">raziskovali</w> 
 <w id="w12.3.5">v</w> 
 <w id="w12.3.6">štirih</w> 
 <w id="w12.3.7">glavnih</w> 
 <w id="w12.3.8">študijah</w> 
 <w id="w12.3.9">pri</w> 
 <w id="w12.3.10">skupno</w> 
 <w id="w12.3.11">579</w> 
 <w id="w12.3.12">odraslih</w>
 <w id="w12.3.13">,</w> 
 <w id="w12.3.14">ki</w> 
 <w id="w12.3.15">so</w> 
 <w id="w12.3.16">imeli</w> 
 <w id="w12.3.17">operacijo</w>
 <w id="w12.3.18">,</w> 
 <w id="w12.3.19">pri</w> 
 <w id="w12.3.20">kateri</w> 
 <w id="w12.3.21">so</w> 
 <w id="w12.3.22">uporabili</w> 
 <w id="w12.3.23">mišične</w> 
 <w id="w12.3.24">relaksante</w>
 <w id="w12.3.25">.</w>
</s> 
 
<s id="s12.4">
 <w id="w12.4.1">Dve</w> 
 <w id="w12.4.2">od</w> 
 <w id="w12.4.3">teh</w> 
 <w id="w12.4.4">študij</w>
 <w id="w12.4.5">,</w> 
 <w id="w12.4.6">ki</w> 
 <w id="w12.4.7">sta</w> 
 <w id="w12.4.8">vključevali</w> 
 <w id="w12.4.9">vsega</w> 
 <w id="w12.4.10">skupaj</w> 
 <w id="w12.4.11">282</w> 
 <w id="w12.4.12">bolnikov</w>
 <w id="w12.4.13">,</w> 
 <w id="w12.4.14">sta</w> 
 <w id="w12.4.15">preučevali</w> 
 <w id="w12.4.16">učinkovitost</w> 
 <w id="w12.4.17">odmerka</w> 
 <w id="w12.4.18">2</w> 
 <w id="w12.4.19">mg/</w>
 <w id="w12.4.20">kg</w> 
 <w id="w12.4.21">zdravila</w> 
 <w id="w12.4.22">Bridion</w> 
 <w id="w12.4.23">pri</w> 
 <w id="w12.4.24">popuščanju</w> 
 <w id="w12.4.25">zmerne</w> 
 <w id="w12.4.26">sprostitve</w> 
 <w id="w12.4.27">mišic</w> 
 <w id="w12.4.28">zaradi</w> 
 <w id="w12.4.29">uporabe</w> 
 <w id="w12.4.30">rokuronija</w> 
 <w id="w12.4.31">ali</w> 
 <w id="w12.4.32">vekuronija</w>
 <w id="w12.4.33">.</w>
</s> 
 
<s id="s12.5">
 <w id="w12.5.1">Zdravilo</w> 
 <w id="w12.5.2">Bridion</w> 
 <w id="w12.5.3">so</w> 
 <w id="w12.5.4">primerjali</w> 
 <w id="w12.5.5">z</w> 
 <w id="w12.5.6">neostigminom</w> 
 <w id="w12.5.7">(</w>
 <w id="w12.5.8">drugim</w> 
 <w id="w12.5.9">zdravilom</w> 
 <w id="w12.5.10">za</w> 
 <w id="w12.5.11">zaustavljanje</w> 
 <w id="w12.5.12">učinkov</w> 
 <w id="w12.5.13">mišičnih</w> 
 <w id="w12.5.14">relaksantov</w>
 <w id="w12.5.15">)</w>
 <w id="w12.5.16">,</w> 
 <w id="w12.5.17">ki</w> 
 <w id="w12.5.18">so</w> 
 <w id="w12.5.19">ga</w> 
 <w id="w12.5.20">bolnikom</w> 
 <w id="w12.5.21">dali</w> 
 <w id="w12.5.22">za</w> 
 <w id="w12.5.23">rokuronijem</w> 
 <w id="w12.5.24">in</w> 
 <w id="w12.5.25">vekuronijem</w> 
 <w id="w12.5.26">v</w> 
 <w id="w12.5.27">prvi</w> 
 <w id="w12.5.28">študiji</w> 
 <w id="w12.5.29">in</w> 
 <w id="w12.5.30">za</w> 
 <w id="w12.5.31">cisatrakurijem</w> 
 <w id="w12.5.32">(</w>
 <w id="w12.5.33">drugim</w> 
 <w id="w12.5.34">mišičnim</w> 
 <w id="w12.5.35">relaksantom</w>
 <w id="w12.5.36">)</w> 
 <w id="w12.5.37">v</w> 
 <w id="w12.5.38">drugi</w> 
 <w id="w12.5.39">študiji</w>
 <w id="w12.5.40">.</w>
</s> 
 
<s id="s12.6">
 <w id="w12.6.1">V</w> 
 <w id="w12.6.2">tretji</w> 
 <w id="w12.6.3">študiji</w> 
 <w id="w12.6.4">so</w> 
 <w id="w12.6.5">primerjali</w> 
 <w id="w12.6.6">učinkovitost</w> 
 <w id="w12.6.7">odmerka</w> 
 <w id="w12.6.8">4</w> 
 <w id="w12.6.9">mg/</w>
 <w id="w12.6.10">kg</w> 
 <w id="w12.6.11">zdravila</w> 
 <w id="w12.6.12">Bridion</w> 
 <w id="w12.6.13">z</w> 
 <w id="w12.6.14">učinkovitostjo</w> 
 <w id="w12.6.15">neostigmina</w> 
 <w id="w12.6.16">po</w> 
 <w id="w12.6.17">globoki</w> 
 <w id="w12.6.18">relaksaciji</w> 
 <w id="w12.6.19">mišic</w>
 <w id="w12.6.20">,</w> 
 <w id="w12.6.21">doseženi</w> 
 <w id="w12.6.22">z</w> 
 <w id="w12.6.23">uporabo</w> 
 <w id="w12.6.24">rokuronija</w> 
 <w id="w12.6.25">ali</w> 
 <w id="w12.6.26">vekuronija</w> 
 <w id="w12.6.27">pri</w> 
 <w id="w12.6.28">182</w> 
 <w id="w12.6.29">bolnikih</w>
 <w id="w12.6.30">.</w>
</s> 
 
<s id="s12.7">
 <w id="w12.7.1">V</w> 
 <w id="w12.7.2">četrti</w> 
 <w id="w12.7.3">študiji</w>
 <w id="w12.7.4">,</w> 
 <w id="w12.7.5">v</w> 
 <w id="w12.7.6">katero</w> 
 <w id="w12.7.7">je</w> 
 <w id="w12.7.8">bilo</w> 
 <w id="w12.7.9">vključenih</w> 
 <w id="w12.7.10">115</w> 
 <w id="w12.7.11">bolnikov</w>
 <w id="w12.7.12">,</w> 
 <w id="w12.7.13">so</w> 
 <w id="w12.7.14">opazovali</w> 
 <w id="w12.7.15">učinkovitost</w> 
 <w id="w12.7.16">odmerka</w> 
 <w id="w12.7.17">16</w> 
 <w id="w12.7.18">mg/</w>
 <w id="w12.7.19">kg</w> 
 <w id="w12.7.20">zdravila</w> 
 <w id="w12.7.21">Bridion</w> 
 <w id="w12.7.22">pri</w> 
 <w id="w12.7.23">hitrem</w> 
 <w id="w12.7.24">odpravljanju</w> 
 <w id="w12.7.25">mišične</w> 
 <w id="w12.7.26">sprostitve</w>
 <w id="w12.7.27">,</w> 
 <w id="w12.7.28">ki</w> 
 <w id="w12.7.29">so</w> 
 <w id="w12.7.30">jo</w> 
 <w id="w12.7.31">sprožili</w> 
 <w id="w12.7.32">z</w> 
 <w id="w12.7.33">uporabo</w> 
 <w id="w12.7.34">rokuronija</w>
 <w id="w12.7.35">.</w>
</s> 
 
<s id="s12.8">
 <w id="w12.8.1">To</w> 
 <w id="w12.8.2">so</w> 
 <w id="w12.8.3">primerjali</w> 
 <w id="w12.8.4">s</w> 
 <w id="w12.8.5">spontanim</w> 
 <w id="w12.8.6">okrevanjem</w> 
 <w id="w12.8.7">po</w> 
 <w id="w12.8.8">relaksaciji</w> 
 <w id="w12.8.9">mišic</w>
 <w id="w12.8.10">,</w> 
 <w id="w12.8.11">sproženi</w> 
 <w id="w12.8.12">s</w> 
 <w id="w12.8.13">sukcinilholinom</w> 
 <w id="w12.8.14">(</w>
 <w id="w12.8.15">drugo</w> 
 <w id="w12.8.16">vrsto</w> 
 <w id="w12.8.17">mišičnega</w> 
 <w id="w12.8.18">relaksanta</w>
 <w id="w12.8.19">)</w>
 <w id="w12.8.20">.</w>
</s> 
 
<s id="s12.9">
 <w id="w12.9.1">V</w> 
 <w id="w12.9.2">dodatni</w> 
 <w id="w12.9.3">študiji</w> 
 <w id="w12.9.4">so</w> 
 <w id="w12.9.5">primerjali</w> 
 <w id="w12.9.6">učinkovitost</w> 
 <w id="w12.9.7">zdravila</w> 
 <w id="w12.9.8">Bridion</w>
 <w id="w12.9.9">,</w> 
 <w id="w12.9.10">ki</w> 
 <w id="w12.9.11">so</w> 
 <w id="w12.9.12">ga</w> 
 <w id="w12.9.13">dali</w> 
 <w id="w12.9.14">za</w> 
 <w id="w12.9.15">rokuronijem</w> 
 <w id="w12.9.16">pri</w> 
 <w id="w12.9.17">90</w> 
 <w id="w12.9.18">otrocih</w> 
 <w id="w12.9.19">in</w> 
 <w id="w12.9.20">mladostnikih</w>
 <w id="w12.9.21">.</w>
</s> 
 
<s id="s12.10">
 <w id="w12.10.1">Glavno</w> 
 <w id="w12.10.2">merilo</w> 
 <w id="w12.10.3">učinkovitosti</w> 
 <w id="w12.10.4">v</w> 
 <w id="w12.10.5">vseh</w> 
 <w id="w12.10.6">študijah</w> 
 <w id="w12.10.7">je</w> 
 <w id="w12.10.8">bil</w> 
 <w id="w12.10.9">čas</w>
 <w id="w12.10.10">,</w> 
 <w id="w12.10.11">ki</w> 
 <w id="w12.10.12">je</w> 
 <w id="w12.10.13">bil</w> 
 <w id="w12.10.14">potreben</w>
 <w id="w12.10.15">,</w> 
 <w id="w12.10.16">da</w> 
 <w id="w12.10.17">si</w> 
 <w id="w12.10.18">mišice</w> 
 <w id="w12.10.19">opomorejo</w>
 <w id="w12.10.20">.</w>
</s></p>

<p id="13">
<s id="s13.1">
 <w id="w13.1.1">Kakšne</w> 
 <w id="w13.1.2">koristi</w> 
 <w id="w13.1.3">je</w> 
 <w id="w13.1.4">zdravilo</w> 
 <w id="w13.1.5">Bridion</w> 
 <w id="w13.1.6">izkazalo</w> 
 <w id="w13.1.7">med</w> 
 <w id="w13.1.8">študijami</w>
 <w id="w13.1.9">?</w>
</s> 
 
<s id="s13.2">
 <w id="w13.2.1">Zdravilo</w> 
 <w id="w13.2.2">Bridion</w> 
 <w id="w13.2.3">je</w> 
 <w id="w13.2.4">bilo</w> 
 <w id="w13.2.5">pri</w> 
 <w id="w13.2.6">skrajšanju</w> 
 <w id="w13.2.7">časa</w>
 <w id="w13.2.8">,</w> 
 <w id="w13.2.9">ki</w> 
 <w id="w13.2.10">je</w> 
 <w id="w13.2.11">bil</w> 
 <w id="w13.2.12">potreben</w>
 <w id="w13.2.13">,</w> 
 <w id="w13.2.14">da</w> 
 <w id="w13.2.15">si</w> 
 <w id="w13.2.16">mišice</w> 
 <w id="w13.2.17">opomorejo</w> 
 <w id="w13.2.18">po</w> 
 <w id="w13.2.19">zmerni</w> 
 <w id="w13.2.20">in</w> 
 <w id="w13.2.21">globoki</w> 
 <w id="w13.2.22">relaksaciji</w> 
 <w id="w13.2.23">mišic</w>
 <w id="w13.2.24">,</w> 
 <w id="w13.2.25">ki</w> 
 <w id="w13.2.26">so</w> 
 <w id="w13.2.27">jo</w> 
 <w id="w13.2.28">dosegli</w> 
 <w id="w13.2.29">z</w> 
 <w id="w13.2.30">rokuronijem</w> 
 <w id="w13.2.31">ali</w> 
 <w id="w13.2.32">vekuronijem</w>
 <w id="w13.2.33">,</w> 
 <w id="w13.2.34">učinkovitejše</w> 
 <w id="w13.2.35">od</w> 
 <w id="w13.2.36">neostigmina</w>
 <w id="w13.2.37">.</w>
</s> 
 
<s id="s13.3">
 <w id="w13.3.1">Po</w> 
 <w id="w13.3.2">zmerni</w> 
 <w id="w13.3.3">sprostitvi</w> 
 <w id="w13.3.4">mišic</w> 
 <w id="w13.3.5">je</w> 
 <w id="w13.3.6">povprečen</w> 
 <w id="w13.3.7">čas</w>
 <w id="w13.3.8">,</w> 
 <w id="w13.3.9">potreben</w> 
 <w id="w13.3.10">za</w> 
 <w id="w13.3.11">okrevanje</w>
 <w id="w13.3.12">,</w> 
 <w id="w13.3.13">znašal</w> 
 <w id="w13.3.14">od</w> 
 <w id="w13.3.15">1,</w>
 <w id="w13.3.16">4</w> 
 <w id="w13.3.17">do</w> 
 <w id="w13.3.18">2,</w>
 <w id="w13.3.19">1</w> 
 <w id="w13.3.20">minute</w> 
 <w id="w13.3.21">pri</w> 
 <w id="w13.3.22">odmerku</w> 
 <w id="w13.3.23">2</w> 
 <w id="w13.3.24">mg/</w>
 <w id="w13.3.25">kg</w> 
 <w id="w13.3.26">zdravila</w> 
 <w id="w13.3.27">Bridion</w>
 <w id="w13.3.28">,</w> 
 <w id="w13.3.29">v</w> 
 <w id="w13.3.30">primerjavi</w> 
 <w id="w13.3.31">s</w> 
 <w id="w13.3.32">17,</w>
 <w id="w13.3.33">6</w> 
 <w id="w13.3.34">do</w> 
 <w id="w13.3.35">18,</w>
 <w id="w13.3.36">9</w> 
 <w id="w13.3.37">minutami</w>
 <w id="w13.3.38">,</w> 
 <w id="w13.3.39">potrebnimi</w> 
 <w id="w13.3.40">pri</w> 
 <w id="w13.3.41">uporabi</w> 
 <w id="w13.3.42">neostigmina</w>
 <w id="w13.3.43">.</w>
</s> 
 
<s id="s13.4">
 <w id="w13.4.1">Po</w> 
 <w id="w13.4.2">globoki</w> 
 <w id="w13.4.3">relaksaciji</w> 
 <w id="w13.4.4">mišic</w> 
 <w id="w13.4.5">je</w> 
 <w id="w13.4.6">bilo</w> 
 <w id="w13.4.7">za</w> 
 <w id="w13.4.8">okrevanje</w> 
 <w id="w13.4.9">potrebnih</w> 
 <w id="w13.4.10">približno</w> 
 <w id="w13.4.11">3,</w>
 <w id="w13.4.12">0</w> 
 <w id="w13.4.13">minute</w> 
 <w id="w13.4.14">časa</w> 
 <w id="w13.4.15">z</w> 
 <w id="w13.4.16">odmerkom</w> 
 <w id="w13.4.17">4</w> 
 <w id="w13.4.18">mg/</w>
 <w id="w13.4.19">kg</w> 
 <w id="w13.4.20">zdravila</w> 
 <w id="w13.4.21">Bridion</w>
 <w id="w13.4.22">,</w> 
 <w id="w13.4.23">v</w> 
 <w id="w13.4.24">primerjavi</w> 
 <w id="w13.4.25">z</w> 
 <w id="w13.4.26">49,</w>
 <w id="w13.4.27">5</w> 
 <w id="w13.4.28">minutami</w>
 <w id="w13.4.29">,</w> 
 <w id="w13.4.30">potrebnimi</w> 
 <w id="w13.4.31">pri</w> 
 <w id="w13.4.32">uporabi</w> 
 <w id="w13.4.33">neostigmina</w>
 <w id="w13.4.34">.</w>
</s> 
 
<s id="s13.5">
 <w id="w13.5.1">Kadar</w> 
 <w id="w13.5.2">se</w> 
 <w id="w13.5.3">zdravilo</w> 
 <w id="w13.5.4">uporablja</w> 
 <w id="w13.5.5">za</w> 
 <w id="w13.5.6">hitro</w> 
 <w id="w13.5.7">okrevanje</w>
 <w id="w13.5.8">,</w> 
 <w id="w13.5.9">so</w> 
 <w id="w13.5.10">si</w> 
 <w id="w13.5.11">bolniki</w>
 <w id="w13.5.12">,</w> 
 <w id="w13.5.13">ki</w> 
 <w id="w13.5.14">so</w> 
 <w id="w13.5.15">prejeli</w> 
 <w id="w13.5.16">16</w> 
 <w id="w13.5.17">mg/</w>
 <w id="w13.5.18">kg</w> 
 <w id="w13.5.19">zdravila</w> 
 <w id="w13.5.20">Bridion</w>
 <w id="w13.5.21">,</w> 
 <w id="w13.5.22">opomogli</w> 
 <w id="w13.5.23">po</w> 
 <w id="w13.5.24">4,</w>
 <w id="w13.5.25">2</w> 
 <w id="w13.5.26">minutah</w>
 <w id="w13.5.27">.</w>
</s> 
 
<s id="s13.6">
 <w id="w13.6.1">V</w> 
 <w id="w13.6.2">nasprotju</w> 
 <w id="w13.6.3">s</w> 
 <w id="w13.6.4">tem</w> 
 <w id="w13.6.5">so</w> 
 <w id="w13.6.6">si</w> 
 <w id="w13.6.7">bolniki</w> 
 <w id="w13.6.8">spontano</w> 
 <w id="w13.6.9">opomogli</w> 
 <w id="w13.6.10">po</w> 
 <w id="w13.6.11">7,</w>
 <w id="w13.6.12">1</w> 
 <w id="w13.6.13">minutah</w>
 <w id="w13.6.14">.</w>
</s> 
 
<s id="s13.7">
 <w id="w13.7.1">Učinek</w> 
 <w id="w13.7.2">zdravila</w> 
 <w id="w13.7.3">Bridion</w>
 <w id="w13.7.4">,</w> 
 <w id="w13.7.5">ki</w> 
 <w id="w13.7.6">so</w> 
 <w id="w13.7.7">ga</w> 
 <w id="w13.7.8">opazili</w> 
 <w id="w13.7.9">pri</w> 
 <w id="w13.7.10">odraslih</w>
 <w id="w13.7.11">,</w> 
 <w id="w13.7.12">je</w> 
 <w id="w13.7.13">bil</w> 
 <w id="w13.7.14">podoben</w> 
 <w id="w13.7.15">pri</w> 
 <w id="w13.7.16">mladostnikih</w> 
 <w id="w13.7.17">in</w> 
 <w id="w13.7.18">otrocih</w>
 <w id="w13.7.19">,</w> 
 <w id="w13.7.20">starejših</w> 
 <w id="w13.7.21">od</w> 
 <w id="w13.7.22">dveh</w> 
 <w id="w13.7.23">let</w>
 <w id="w13.7.24">.</w>
</s> 
 
<s id="s13.8">
 <w id="w13.8.1">Otrok</w>
 <w id="w13.8.2">,</w> 
 <w id="w13.8.3">ki</w> 
 <w id="w13.8.4">bi</w> 
 <w id="w13.8.5">bili</w> 
 <w id="w13.8.6">mlajši</w> 
 <w id="w13.8.7">od</w> 
 <w id="w13.8.8">dveh</w> 
 <w id="w13.8.9">let</w>
 <w id="w13.8.10">,</w> 
 <w id="w13.8.11">je</w> 
 <w id="w13.8.12">bilo</w> 
 <w id="w13.8.13">v</w> 
 <w id="w13.8.14">tej</w> 
 <w id="w13.8.15">starostni</w> 
 <w id="w13.8.16">skupini</w> 
 <w id="w13.8.17">premalo</w> 
 <w id="w13.8.18">za</w> 
 <w id="w13.8.19">določitev</w> 
 <w id="w13.8.20">varnosti</w> 
 <w id="w13.8.21">in</w> 
 <w id="w13.8.22">učinkovitosti</w> 
 <w id="w13.8.23">zdravila</w> 
 <w id="w13.8.24">Bridion</w>
 <w id="w13.8.25">.</w>
</s></p>

<p id="14">
<s id="s14.1">
 <w id="w14.1.1">Kakšna</w> 
 <w id="w14.1.2">tveganja</w> 
 <w id="w14.1.3">so</w> 
 <w id="w14.1.4">povezana</w> 
 <w id="w14.1.5">z</w> 
 <w id="w14.1.6">zdravilom</w> 
 <w id="w14.1.7">Bridion</w>
 <w id="w14.1.8">?</w>
</s> 
 
<s id="s14.2">
 <w id="w14.2.1">Najpogostejši</w> 
 <w id="w14.2.2">neželeni</w> 
 <w id="w14.2.3">učinek</w> 
 <w id="w14.2.4">zdravila</w> 
 <w id="w14.2.5">Bridion</w> 
 <w id="w14.2.6">(</w>
 <w id="w14.2.7">opažen</w> 
 <w id="w14.2.8">pri</w> 
 <w id="w14.2.9">več</w> 
 <w id="w14.2.10">kot</w> 
 <w id="w14.2.11">1</w> 
 <w id="w14.2.12">bolniku</w> 
 <w id="w14.2.13">od</w> 
 <w id="w14.2.14">10</w>
 <w id="w14.2.15">)</w> 
 <w id="w14.2.16">je</w> 
 <w id="w14.2.17">disgevzija</w> 
 <w id="w14.2.18">(</w>
 <w id="w14.2.19">grenak</w> 
 <w id="w14.2.20">ali</w> 
 <w id="w14.2.21">nenavaden</w> 
 <w id="w14.2.22">okus</w> 
 <w id="w14.2.23">v</w> 
 <w id="w14.2.24">ustih</w>
 <w id="w14.2.25">)</w>
 <w id="w14.2.26">.</w>
</s> 
 
<s id="s14.3">
 <w id="w14.3.1">Za</w> 
 <w id="w14.3.2">celoten</w> 
 <w id="w14.3.3">seznam</w> 
 <w id="w14.3.4">neželenih</w> 
 <w id="w14.3.5">učinkov</w>
 <w id="w14.3.6">,</w> 
 <w id="w14.3.7">o</w> 
 <w id="w14.3.8">katerih</w> 
 <w id="w14.3.9">so</w> 
 <w id="w14.3.10">poročali</w> 
 <w id="w14.3.11">pri</w> 
 <w id="w14.3.12">uporabi</w> 
 <w id="w14.3.13">zdravila</w> 
 <w id="w14.3.14">Bridion</w>
 <w id="w14.3.15">,</w> 
 <w id="w14.3.16">glejte</w> 
 <w id="w14.3.17">navodilo</w> 
 <w id="w14.3.18">za</w> 
 <w id="w14.3.19">uporabo</w>
 <w id="w14.3.20">.</w>
</s> 
 
<s id="s14.4">
 <w id="w14.4.1">Zdravila</w> 
 <w id="w14.4.2">Bridion</w> 
 <w id="w14.4.3">ne</w> 
 <w id="w14.4.4">smejo</w> 
 <w id="w14.4.5">uporabljati</w> 
 <w id="w14.4.6">osebe</w>
 <w id="w14.4.7">,</w> 
 <w id="w14.4.8">ki</w> 
 <w id="w14.4.9">so</w> 
 <w id="w14.4.10">preobčutljive</w> 
 <w id="w14.4.11">za</w> 
 <w id="w14.4.12">(</w>
 <w id="w14.4.13">alergične</w> 
 <w id="w14.4.14">na</w>
 <w id="w14.4.15">)</w> 
 <w id="w14.4.16">sugamadeks</w> 
 <w id="w14.4.17">ali</w> 
 <w id="w14.4.18">katero</w> 
 <w id="w14.4.19">koli</w> 
 <w id="w14.4.20">drugo</w> 
 <w id="w14.4.21">sestavino</w> 
 <w id="w14.4.22">zdravila</w>
 <w id="w14.4.23">.</w>
</s></p>

<p id="15">
<s id="s15.1">
 <w id="w15.1.1">Zakaj</w> 
 <w id="w15.1.2">je</w> 
 <w id="w15.1.3">bilo</w> 
 <w id="w15.1.4">zdravilo</w> 
 <w id="w15.1.5">Bridion</w> 
 <w id="w15.1.6">odobreno</w>
 <w id="w15.1.7">?</w>
</s> 
 
<s id="s15.2">
 <w id="w15.2.1">Odbor</w> 
 <w id="w15.2.2">za</w> 
 <w id="w15.2.3">zdravila</w> 
 <w id="w15.2.4">za</w> 
 <w id="w15.2.5">uporabo</w> 
 <w id="w15.2.6">v</w> 
 <w id="w15.2.7">humani</w> 
 <w id="w15.2.8">medicini</w> 
 <w id="w15.2.9">(</w>
 <w id="w15.2.10">CHMP</w>
 <w id="w15.2.11">)</w> 
 <w id="w15.2.12">je</w> 
 <w id="w15.2.13">zaključil</w>
 <w id="w15.2.14">,</w> 
 <w id="w15.2.15">da</w> 
 <w id="w15.2.16">so</w> 
 <w id="w15.2.17">koristi</w> 
 <w id="w15.2.18">zdravila</w> 
 <w id="w15.2.19">Bridion</w> 
 <w id="w15.2.20">pri</w> 
 <w id="w15.2.21">odpravljanju</w> 
 <w id="w15.2.22">živčno-</w>
 <w id="w15.2.23">mišične</w> 
 <w id="w15.2.24">blokade</w>
 <w id="w15.2.25">,</w> 
 <w id="w15.2.26">ki</w> 
 <w id="w15.2.27">se</w> 
 <w id="w15.2.28">jo</w> 
 <w id="w15.2.29">sproži</w> 
 <w id="w15.2.30">z</w> 
 <w id="w15.2.31">rokuronijem</w> 
 <w id="w15.2.32">ali</w> 
 <w id="w15.2.33">vekuronijem</w>
 <w id="w15.2.34">,</w> 
 <w id="w15.2.35">večje</w> 
 <w id="w15.2.36">od</w> 
 <w id="w15.2.37">z</w> 
 <w id="w15.2.38">njim</w> 
 <w id="w15.2.39">povezanih</w> 
 <w id="w15.2.40">tveganj</w>
 <w id="w15.2.41">.</w>
</s> 
 
<s id="s15.3">
 <w id="w15.3.1">Odbor</w> 
 <w id="w15.3.2">je</w> 
 <w id="w15.3.3">priporočil</w>
 <w id="w15.3.4">,</w> 
 <w id="w15.3.5">da</w> 
 <w id="w15.3.6">se</w> 
 <w id="w15.3.7">za</w> 
 <w id="w15.3.8">zdravilo</w> 
 <w id="w15.3.9">Bridion</w> 
 <w id="w15.3.10">odobri</w> 
 <w id="w15.3.11">dovoljenje</w> 
 <w id="w15.3.12">za</w> 
 <w id="w15.3.13">promet</w>
 <w id="w15.3.14">.</w>
</s></p>

<p id="16">
<s id="s16.1">
 <w id="w16.1.1">Druge</w> 
 <w id="w16.1.2">informacije</w> 
 <w id="w16.1.3">o</w> 
 <w id="w16.1.4">zdravilu</w> 
 <w id="w16.1.5">Bridion</w>
 <w id="w16.1.6">:</w>
</s> 
 
<s id="s16.2">
 <w id="w16.2.1">Evropska</w> 
 <w id="w16.2.2">komisija</w> 
 <w id="w16.2.3">je</w> 
 <w id="w16.2.4">dovoljenje</w> 
 <w id="w16.2.5">za</w> 
 <w id="w16.2.6">promet</w> 
 <w id="w16.2.7">z</w> 
 <w id="w16.2.8">zdravilom</w> 
 <w id="w16.2.9">Bridion</w>
 <w id="w16.2.10">,</w> 
 <w id="w16.2.11">veljavno</w> 
 <w id="w16.2.12">po</w> 
 <w id="w16.2.13">vsej</w> 
 <w id="w16.2.14">Evropski</w> 
 <w id="w16.2.15">uniji</w>
 <w id="w16.2.16">,</w> 
 <w id="w16.2.17">odobrila</w> 
 <w id="w16.2.18">družbi</w> 
 <w id="w16.2.19">N.</w>
 <w id="w16.2.20">V</w>
 <w id="w16.2.21">.</w>
</s> 
 
<s id="s16.3">
 <w id="w16.3.1">Organon</w> 
 <w id="w16.3.2">dne</w> 
 <w id="w16.3.3">25</w>
 <w id="w16.3.4">.</w> 
 <w id="w16.3.5">juliju</w> 
 <w id="w16.3.6">2008</w>
 <w id="w16.3.7">.</w>
</s></p>

<p id="17">
<s id="s17.1">
 <w id="w17.1.1">Celotno</w> 
 <w id="w17.1.2">evropsko</w> 
 <w id="w17.1.3">javno</w> 
 <w id="w17.1.4">poročilo</w> 
 <w id="w17.1.5">o</w> 
 <w id="w17.1.6">oceni</w> 
 <w id="w17.1.7">zdravila</w> 
 <w id="w17.1.8">(</w>
 <w id="w17.1.9">EPAR</w>
 <w id="w17.1.10">)</w> 
 <w id="w17.1.11">za</w> 
 <w id="w17.1.12">zdravilo</w> 
 <w id="w17.1.13">Bridion</w> 
 <w id="w17.1.14">je</w> 
 <w id="w17.1.15">na</w> 
 <w id="w17.1.16">voljo</w> 
 <w id="w17.1.17">tukaj</w>
 <w id="w17.1.18">.</w>
</s></p>

<p id="18">
<s id="s18.1">
 <w id="w18.1.1">2/</w>
 <w id="w18.1.2">3</w> 
 <w id="w18.1.3">Povzetek</w> 
 <w id="w18.1.4">je</w> 
 <w id="w18.1.5">bil</w> 
 <w id="w18.1.6">nazadnje</w> 
 <w id="w18.1.7">posodobljen</w> 
 <w id="w18.1.8">07-</w>
 <w id="w18.1.9">2008</w>
 <w id="w18.1.10">.</w>
</s></p>

<p id="19">
<s id="s19.1">
 <w id="w19.1.1">3/</w>
 <w id="w19.1.2">3</w>
</s></p></text>
