<?xml version="1.0" encoding="utf-8"?>
<text>
<p id="1">
<s id="s1.1">
 <w id="w1.1.1">European</w> 
 <w id="w1.1.2">Medicines</w> 
 <w id="w1.1.3">Agency</w>
</s></p>

<p id="2">
<s id="s2.1">
 <w id="w2.1.1">EMEA/</w>
 <w id="w2.1.2">H/</w>
 <w id="w2.1.3">C/</w>
 <w id="w2.1.4">557</w>
</s></p>

<p id="3">
<s id="s3.1">
 <w id="w3.1.1">EVROPSKO</w> 
 <w id="w3.1.2">JAVNO</w> 
 <w id="w3.1.3">POROČILO</w> 
 <w id="w3.1.4">O</w> 
 <w id="w3.1.5">OCENI</w> 
 <w id="w3.1.6">ZDRAVILA</w> 
 <w id="w3.1.7">(</w>
 <w id="w3.1.8">EPAR</w>
 <w id="w3.1.9">)</w>
</s></p>

<p id="4">
<s id="s4.1">
 <w id="w4.1.1">APIDRA</w>
</s></p>

<p id="5">
<s id="s5.1">
 <w id="w5.1.1">Povzetek</w> 
 <w id="w5.1.2">EPAR</w> 
 <w id="w5.1.3">za</w> 
 <w id="w5.1.4">javnost</w>
</s></p>

<p id="6">
<s id="s6.1">
 <w id="w6.1.1">Ta</w> 
 <w id="w6.1.2">dokument</w> 
 <w id="w6.1.3">je</w> 
 <w id="w6.1.4">povzetek</w> 
 <w id="w6.1.5">evropskega</w> 
 <w id="w6.1.6">javnega</w> 
 <w id="w6.1.7">poročila</w> 
 <w id="w6.1.8">o</w> 
 <w id="w6.1.9">oceni</w> 
 <w id="w6.1.10">zdravila</w> 
 <w id="w6.1.11">(</w>
 <w id="w6.1.12">EPAR</w>
 <w id="w6.1.13">)</w>
 <w id="w6.1.14">.</w>
</s> 
 
<s id="s6.2">
 <w id="w6.2.1">Pojasnjuje</w>
 <w id="w6.2.2">,</w> 
 <w id="w6.2.3">kako</w> 
 <w id="w6.2.4">je</w> 
 <w id="w6.2.5">Odbor</w> 
 <w id="w6.2.6">za</w> 
 <w id="w6.2.7">zdravila</w> 
 <w id="w6.2.8">za</w> 
 <w id="w6.2.9">uporabo</w> 
 <w id="w6.2.10">v</w> 
 <w id="w6.2.11">humani</w> 
 <w id="w6.2.12">medicini</w> 
 <w id="w6.2.13">(</w>
 <w id="w6.2.14">CHMP</w>
 <w id="w6.2.15">)</w> 
 <w id="w6.2.16">ocenil</w> 
 <w id="w6.2.17">opravljene</w> 
 <w id="w6.2.18">študije</w>
 <w id="w6.2.19">,</w> 
 <w id="w6.2.20">na</w> 
 <w id="w6.2.21">podlagi</w> 
 <w id="w6.2.22">katerih</w> 
 <w id="w6.2.23">je</w> 
 <w id="w6.2.24">oblikoval</w> 
 <w id="w6.2.25">priporočila</w> 
 <w id="w6.2.26">glede</w> 
 <w id="w6.2.27">uporabe</w> 
 <w id="w6.2.28">zdravila</w>
 <w id="w6.2.29">.</w>
</s> 
 
<s id="s6.3">
 <w id="w6.3.1">Če</w> 
 <w id="w6.3.2">potrebujete</w> 
 <w id="w6.3.3">več</w> 
 <w id="w6.3.4">informacij</w> 
 <w id="w6.3.5">o</w> 
 <w id="w6.3.6">svojem</w> 
 <w id="w6.3.7">zdravstvenem</w> 
 <w id="w6.3.8">stanju</w> 
 <w id="w6.3.9">ali</w> 
 <w id="w6.3.10">zdravljenju</w>
 <w id="w6.3.11">,</w> 
 <w id="w6.3.12">preberite</w> 
 <w id="w6.3.13">navodilo</w> 
 <w id="w6.3.14">za</w> 
 <w id="w6.3.15">uporabo</w> 
 <w id="w6.3.16">(</w>
 <w id="w6.3.17">ki</w> 
 <w id="w6.3.18">je</w> 
 <w id="w6.3.19">prav</w> 
 <w id="w6.3.20">tako</w> 
 <w id="w6.3.21">del</w> 
 <w id="w6.3.22">EPAR</w>
 <w id="w6.3.23">)</w> 
 <w id="w6.3.24">ali</w> 
 <w id="w6.3.25">se</w> 
 <w id="w6.3.26">posvetujte</w> 
 <w id="w6.3.27">s</w> 
 <w id="w6.3.28">svojim</w> 
 <w id="w6.3.29">zdravnikom</w> 
 <w id="w6.3.30">ali</w> 
 <w id="w6.3.31">farmacevtom</w>
 <w id="w6.3.32">.</w>
</s> 
 
<s id="s6.4">
 <w id="w6.4.1">Če</w> 
 <w id="w6.4.2">želite</w> 
 <w id="w6.4.3">več</w> 
 <w id="w6.4.4">informacij</w>
 <w id="w6.4.5">,</w> 
 <w id="w6.4.6">ki</w> 
 <w id="w6.4.7">temeljijo</w> 
 <w id="w6.4.8">na</w> 
 <w id="w6.4.9">priporočilih</w> 
 <w id="w6.4.10">CHMP</w>
 <w id="w6.4.11">,</w> 
 <w id="w6.4.12">preberite</w> 
 <w id="w6.4.13">znanstveno</w> 
 <w id="w6.4.14">razpravo</w> 
 <w id="w6.4.15">(</w>
 <w id="w6.4.16">ki</w> 
 <w id="w6.4.17">je</w> 
 <w id="w6.4.18">prav</w> 
 <w id="w6.4.19">tako</w> 
 <w id="w6.4.20">del</w> 
 <w id="w6.4.21">EPAR</w>
 <w id="w6.4.22">)</w>
 <w id="w6.4.23">.</w>
</s></p>

<p id="7">
<s id="s7.1">
 <w id="w7.1.1">Kaj</w> 
 <w id="w7.1.2">je</w> 
 <w id="w7.1.3">zdravilo</w> 
 <w id="w7.1.4">Apidra</w>
 <w id="w7.1.5">?</w>
</s> 
 
<s id="s7.2">
 <w id="w7.2.1">Zdravilo</w> 
 <w id="w7.2.2">Apidra</w> 
 <w id="w7.2.3">je</w> 
 <w id="w7.2.4">raztopina</w> 
 <w id="w7.2.5">za</w> 
 <w id="w7.2.6">injiciranje</w>
 <w id="w7.2.7">.</w>
</s> 
 
<s id="s7.3">
 <w id="w7.3.1">Na</w> 
 <w id="w7.3.2">voljo</w> 
 <w id="w7.3.3">je</w> 
 <w id="w7.3.4">v</w> 
 <w id="w7.3.5">vialah</w>
 <w id="w7.3.6">,</w> 
 <w id="w7.3.7">vložkih</w> 
 <w id="w7.3.8">(</w>
 <w id="w7.3.9">standardni</w> 
 <w id="w7.3.10">vložek</w> 
 <w id="w7.3.11">ali</w> 
 <w id="w7.3.12">OptiClick</w>
 <w id="w7.3.13">)</w> 
 <w id="w7.3.14">ali</w> 
 <w id="w7.3.15">predhodno</w> 
 <w id="w7.3.16">napolnjenih</w> 
 <w id="w7.3.17">injekcijskih</w> 
 <w id="w7.3.18">peresnikih</w> 
 <w id="w7.3.19">(</w>
 <w id="w7.3.20">OptiSet</w> 
 <w id="w7.3.21">ali</w> 
 <w id="w7.3.22">SoloStar</w>
 <w id="w7.3.23">)</w>
 <w id="w7.3.24">.</w>
</s> 
 
<s id="s7.4">
 <w id="w7.4.1">Zdravilo</w> 
 <w id="w7.4.2">Apidra</w> 
 <w id="w7.4.3">vsebuje</w> 
 <w id="w7.4.4">zdravilno</w> 
 <w id="w7.4.5">učinkovino</w> 
 <w id="w7.4.6">insulin</w> 
 <w id="w7.4.7">glulisin</w>
 <w id="w7.4.8">.</w>
</s></p>

<p id="8">
<s id="s8.1">
 <w id="w8.1.1">Za</w> 
 <w id="w8.1.2">kaj</w> 
 <w id="w8.1.3">se</w> 
 <w id="w8.1.4">zdravilo</w> 
 <w id="w8.1.5">Apidra</w> 
 <w id="w8.1.6">uporablja</w>
 <w id="w8.1.7">?</w>
</s> 
 
<s id="s8.2">
 <w id="w8.2.1">Zdravilo</w> 
 <w id="w8.2.2">Apidra</w> 
 <w id="w8.2.3">se</w> 
 <w id="w8.2.4">uporablja</w> 
 <w id="w8.2.5">za</w> 
 <w id="w8.2.6">zdravljenje</w> 
 <w id="w8.2.7">odraslih</w>
 <w id="w8.2.8">,</w> 
 <w id="w8.2.9">mladostnikov</w> 
 <w id="w8.2.10">in</w> 
 <w id="w8.2.11">otrok</w>
 <w id="w8.2.12">,</w> 
 <w id="w8.2.13">starejših</w> 
 <w id="w8.2.14">od</w> 
 <w id="w8.2.15">šest</w> 
 <w id="w8.2.16">let</w>
 <w id="w8.2.17">,</w> 
 <w id="w8.2.18">ki</w> 
 <w id="w8.2.19">imajo</w> 
 <w id="w8.2.20">sladkorno</w> 
 <w id="w8.2.21">bolezen</w> 
 <w id="w8.2.22">in</w> 
 <w id="w8.2.23">potrebujejo</w> 
 <w id="w8.2.24">zdravljenje</w> 
 <w id="w8.2.25">z</w> 
 <w id="w8.2.26">insulinom</w>
 <w id="w8.2.27">.</w>
</s></p>

<p id="9">
<s id="s9.1">
 <w id="w9.1.1">Kako</w> 
 <w id="w9.1.2">se</w> 
 <w id="w9.1.3">zdravilo</w> 
 <w id="w9.1.4">Apidra</w> 
 <w id="w9.1.5">uporablja</w>
 <w id="w9.1.6">?</w>
</s> 
 
<s id="s9.2">
 <w id="w9.2.1">Zdravilo</w> 
 <w id="w9.2.2">Apidra</w> 
 <w id="w9.2.3">se</w> 
 <w id="w9.2.4">daje</w> 
 <w id="w9.2.5">subkutano</w> 
 <w id="w9.2.6">(</w>
 <w id="w9.2.7">pod</w> 
 <w id="w9.2.8">kožo</w>
 <w id="w9.2.9">)</w> 
 <w id="w9.2.10">z</w> 
 <w id="w9.2.11">injekcijo</w> 
 <w id="w9.2.12">v</w> 
 <w id="w9.2.13">trebušno</w> 
 <w id="w9.2.14">steno</w>
 <w id="w9.2.15">,</w> 
 <w id="w9.2.16">stegno</w> 
 <w id="w9.2.17">ali</w> 
 <w id="w9.2.18">nadlaht</w> 
 <w id="w9.2.19">ali</w> 
 <w id="w9.2.20">s</w> 
 <w id="w9.2.21">kontinuirano</w> 
 <w id="w9.2.22">infuzijo</w> 
 <w id="w9.2.23">z</w> 
 <w id="w9.2.24">insulinsko</w> 
 <w id="w9.2.25">črpalko</w>
 <w id="w9.2.26">.</w>
</s> 
 
<s id="s9.3">
 <w id="w9.3.1">Raven</w> 
 <w id="w9.3.2">glukoze</w> 
 <w id="w9.3.3">(</w>
 <w id="w9.3.4">sladkorja</w>
 <w id="w9.3.5">)</w> 
 <w id="w9.3.6">v</w> 
 <w id="w9.3.7">krvi</w> 
 <w id="w9.3.8">bolnika</w> 
 <w id="w9.3.9">je</w> 
 <w id="w9.3.10">treba</w> 
 <w id="w9.3.11">redno</w> 
 <w id="w9.3.12">preverjati</w>
 <w id="w9.3.13">,</w> 
 <w id="w9.3.14">da</w> 
 <w id="w9.3.15">določimo</w> 
 <w id="w9.3.16">najmanjši</w> 
 <w id="w9.3.17">učinkovit</w> 
 <w id="w9.3.18">odmerek</w>
 <w id="w9.3.19">.</w>
</s> 
 
<s id="s9.4">
 <w id="w9.4.1">Zdravilo</w> 
 <w id="w9.4.2">Apidra</w> 
 <w id="w9.4.3">je</w> 
 <w id="w9.4.4">treba</w> 
 <w id="w9.4.5">uporabiti</w> 
 <w id="w9.4.6">do</w> 
 <w id="w9.4.7">15</w> 
 <w id="w9.4.8">minut</w> 
 <w id="w9.4.9">pred</w> 
 <w id="w9.4.10">obrokom</w> 
 <w id="w9.4.11">ali</w> 
 <w id="w9.4.12">takoj</w> 
 <w id="w9.4.13">po</w> 
 <w id="w9.4.14">njem</w>
 <w id="w9.4.15">.</w>
</s> 
 
<s id="s9.5">
 <w id="w9.5.1">Zdravilo</w> 
 <w id="w9.5.2">Apidra</w> 
 <w id="w9.5.3">je</w> 
 <w id="w9.5.4">insulin</w> 
 <w id="w9.5.5">s</w> 
 <w id="w9.5.6">kratkotrajnim</w> 
 <w id="w9.5.7">delovanjem</w>
 <w id="w9.5.8">,</w> 
 <w id="w9.5.9">ki</w> 
 <w id="w9.5.10">se</w> 
 <w id="w9.5.11">ga</w> 
 <w id="w9.5.12">uporablja</w> 
 <w id="w9.5.13">v</w> 
 <w id="w9.5.14">kombinaciji</w> 
 <w id="w9.5.15">z</w> 
 <w id="w9.5.16">insulini</w> 
 <w id="w9.5.17">s</w> 
 <w id="w9.5.18">srednjedolgim</w> 
 <w id="w9.5.19">ali</w> 
 <w id="w9.5.20">dolgotrajnim</w> 
 <w id="w9.5.21">delovanjem</w> 
 <w id="w9.5.22">ali</w> 
 <w id="w9.5.23">analogi</w> 
 <w id="w9.5.24">insulina</w> 
 <w id="w9.5.25">(</w>
 <w id="w9.5.26">spremenjenimi</w> 
 <w id="w9.5.27">oblikami</w> 
 <w id="w9.5.28">insulina</w>
 <w id="w9.5.29">)</w>
 <w id="w9.5.30">.</w>
</s> 
 
<s id="s9.6">
 <w id="w9.6.1">Lahko</w> 
 <w id="w9.6.2">se</w> 
 <w id="w9.6.3">uporablja</w> 
 <w id="w9.6.4">tudi</w> 
 <w id="w9.6.5">v</w> 
 <w id="w9.6.6">kombinaciji</w> 
 <w id="w9.6.7">z</w> 
 <w id="w9.6.8">antidiabetičnimi</w> 
 <w id="w9.6.9">zdravili</w>
 <w id="w9.6.10">,</w> 
 <w id="w9.6.11">ki</w> 
 <w id="w9.6.12">se</w> 
 <w id="w9.6.13">zaužijejo</w> 
 <w id="w9.6.14">peroralno</w>
 <w id="w9.6.15">.</w>
</s> 
 
<s id="s9.7">
 <w id="w9.7.1">Zdravilo</w> 
 <w id="w9.7.2">se</w> 
 <w id="w9.7.3">dobi</w> 
 <w id="w9.7.4">samo</w> 
 <w id="w9.7.5">na</w> 
 <w id="w9.7.6">recept</w>
 <w id="w9.7.7">.</w>
</s></p>

<p id="10">
<s id="s10.1">
 <w id="w10.1.1">Kako</w> 
 <w id="w10.1.2">zdravilo</w> 
 <w id="w10.1.3">Apidra</w> 
 <w id="w10.1.4">deluje</w>
 <w id="w10.1.5">?</w>
</s> 
 
<s id="s10.2">
 <w id="w10.2.1">Sladkorna</w> 
 <w id="w10.2.2">bolezen</w> 
 <w id="w10.2.3">je</w> 
 <w id="w10.2.4">bolezen</w>
 <w id="w10.2.5">,</w> 
 <w id="w10.2.6">pri</w> 
 <w id="w10.2.7">kateri</w> 
 <w id="w10.2.8">v</w> 
 <w id="w10.2.9">telesu</w> 
 <w id="w10.2.10">ne</w> 
 <w id="w10.2.11">nastaja</w> 
 <w id="w10.2.12">dovolj</w> 
 <w id="w10.2.13">insulina</w> 
 <w id="w10.2.14">za</w> 
 <w id="w10.2.15">uravnavanje</w> 
 <w id="w10.2.16">ravni</w> 
 <w id="w10.2.17">glukoze</w> 
 <w id="w10.2.18">v</w> 
 <w id="w10.2.19">krvi</w> 
 <w id="w10.2.20">ali</w> 
 <w id="w10.2.21">pri</w> 
 <w id="w10.2.22">kateri</w> 
 <w id="w10.2.23">telo</w> 
 <w id="w10.2.24">ne</w> 
 <w id="w10.2.25">more</w> 
 <w id="w10.2.26">učinkovito</w> 
 <w id="w10.2.27">izrabiti</w> 
 <w id="w10.2.28">insulina</w>
 <w id="w10.2.29">.</w>
</s> 
 
<s id="s10.3">
 <w id="w10.3.1">Zdravilo</w> 
 <w id="w10.3.2">Apidra</w> 
 <w id="w10.3.3">je</w> 
 <w id="w10.3.4">nadomestni</w> 
 <w id="w10.3.5">insulin</w>
 <w id="w10.3.6">,</w> 
 <w id="w10.3.7">ki</w> 
 <w id="w10.3.8">je</w> 
 <w id="w10.3.9">zelo</w> 
 <w id="w10.3.10">podoben</w> 
 <w id="w10.3.11">insulinu</w>
 <w id="w10.3.12">,</w> 
 <w id="w10.3.13">ki</w> 
 <w id="w10.3.14">ga</w> 
 <w id="w10.3.15">proizvaja</w> 
 <w id="w10.3.16">telo</w>
 <w id="w10.3.17">.</w>
</s> 
 
<s id="s10.4">
 <w id="w10.4.1">Zdravilna</w> 
 <w id="w10.4.2">učinkovina</w> 
 <w id="w10.4.3">zdravila</w> 
 <w id="w10.4.4">Apidra</w>
 <w id="w10.4.5">,</w> 
 <w id="w10.4.6">insulin</w> 
 <w id="w10.4.7">glulisin</w>
 <w id="w10.4.8">,</w> 
 <w id="w10.4.9">proizvajajo</w> 
 <w id="w10.4.10">z</w> 
 <w id="w10.4.11">metodo</w>
 <w id="w10.4.12">,</w> 
 <w id="w10.4.13">imenovano</w> 
 <w id="w10.4.14">„</w>
 <w id="w10.4.15">tehnologija</w> 
 <w id="w10.4.16">rekombinantne</w> 
 <w id="w10.4.17">DNK</w>
 <w id="w10.4.18">“</w>
 <w id="w10.4.19">:</w> 
 <w id="w10.4.20">izdela</w> 
 <w id="w10.4.21">ga</w> 
 <w id="w10.4.22">bakterija</w>
 <w id="w10.4.23">,</w> 
 <w id="w10.4.24">ki</w> 
 <w id="w10.4.25">prejme</w> 
 <w id="w10.4.26">gen</w> 
 <w id="w10.4.27">(</w>
 <w id="w10.4.28">DNK</w>
 <w id="w10.4.29">)</w>
 <w id="w10.4.30">,</w> 
 <w id="w10.4.31">s</w> 
 <w id="w10.4.32">katerim</w> 
 <w id="w10.4.33">lahko</w> 
 <w id="w10.4.34">tvori</w> 
 <w id="w10.4.35">insulin</w> 
 <w id="w10.4.36">glulisin</w>
 <w id="w10.4.37">.</w>
</s> 
 
<s id="s10.5">
 <w id="w10.5.1">Insulin</w> 
 <w id="w10.5.2">glulisin</w> 
 <w id="w10.5.3">se</w> 
 <w id="w10.5.4">zelo</w> 
 <w id="w10.5.5">malo</w> 
 <w id="w10.5.6">razlikuje</w> 
 <w id="w10.5.7">od</w> 
 <w id="w10.5.8">humanega</w> 
 <w id="w10.5.9">insulina</w>
 <w id="w10.5.10">.</w>
</s> 
 
<s id="s10.6">
 <w id="w10.6.1">Ta</w> 
 <w id="w10.6.2">razlika</w> 
 <w id="w10.6.3">pa</w> 
 <w id="w10.6.4">pomeni</w>
 <w id="w10.6.5">,</w> 
 <w id="w10.6.6">da</w> 
 <w id="w10.6.7">insulin</w> 
 <w id="w10.6.8">glulisin</w> 
 <w id="w10.6.9">deluje</w> 
 <w id="w10.6.10">hitreje</w> 
 <w id="w10.6.11">in</w> 
 <w id="w10.6.12">ima</w> 
 <w id="w10.6.13">krajši</w> 
 <w id="w10.6.14">čas</w> 
 <w id="w10.6.15">učinkovanja</w> 
 <w id="w10.6.16">kot</w> 
 <w id="w10.6.17">humani</w> 
 <w id="w10.6.18">insulin</w> 
 <w id="w10.6.19">s</w> 
 <w id="w10.6.20">kratkotrajnim</w> 
 <w id="w10.6.21">delovanjem</w>
 <w id="w10.6.22">.</w>
</s> 
 
<s id="s10.7">
 <w id="w10.7.1">Nadomestni</w> 
 <w id="w10.7.2">insulin</w> 
 <w id="w10.7.3">deluje</w> 
 <w id="w10.7.4">enako</w> 
 <w id="w10.7.5">kot</w> 
 <w id="w10.7.6">naravno</w> 
 <w id="w10.7.7">proizveden</w> 
 <w id="w10.7.8">insulin</w> 
 <w id="w10.7.9">in</w> 
 <w id="w10.7.10">omogoča</w>
 <w id="w10.7.11">,</w> 
 <w id="w10.7.12">da</w> 
 <w id="w10.7.13">lahko</w> 
 <w id="w10.7.14">glukoza</w> 
 <w id="w10.7.15">vstopi</w> 
 <w id="w10.7.16">iz</w> 
 <w id="w10.7.17">krvi</w> 
 <w id="w10.7.18">v</w> 
 <w id="w10.7.19">celico</w>
 <w id="w10.7.20">.</w>
</s> 
 
<s id="s10.8">
 <w id="w10.8.1">To</w> 
 <w id="w10.8.2">pomaga</w> 
 <w id="w10.8.3">uravnavati</w> 
 <w id="w10.8.4">ravni</w> 
 <w id="w10.8.5">glukoze</w> 
 <w id="w10.8.6">v</w> 
 <w id="w10.8.7">krvi</w> 
 <w id="w10.8.8">in</w> 
 <w id="w10.8.9">zmanjšati</w> 
 <w id="w10.8.10">simptome</w> 
 <w id="w10.8.11">in</w> 
 <w id="w10.8.12">zaplete</w>
 <w id="w10.8.13">,</w> 
 <w id="w10.8.14">povezane</w> 
 <w id="w10.8.15">s</w> 
 <w id="w10.8.16">sladkorno</w> 
 <w id="w10.8.17">boleznijo</w>
 <w id="w10.8.18">.</w>
</s></p>

<p id="11">
<s id="s11.1">
 <w id="w11.1.1">7</w> 
 <w id="w11.1.2">Westferry</w> 
 <w id="w11.1.3">Circus</w>
 <w id="w11.1.4">,</w> 
 <w id="w11.1.5">Canary</w> 
 <w id="w11.1.6">Wharf</w>
 <w id="w11.1.7">,</w> 
 <w id="w11.1.8">London</w>
 <w id="w11.1.9">,</w> 
 <w id="w11.1.10">E14</w> 
 <w id="w11.1.11">4HB</w>
 <w id="w11.1.12">,</w> 
 <w id="w11.1.13">UK</w>                                   
 <w id="w11.1.14">Tel</w>
 <w id="w11.1.15">.</w>
</s> 
 
<s id="s11.2">
 <w id="w11.2.1">(</w>
 <w id="w11.2.2">44-</w>
 <w id="w11.2.3">20</w>
 <w id="w11.2.4">)</w> 
 <w id="w11.2.5">74</w> 
 <w id="w11.2.6">18</w> 
 <w id="w11.2.7">84</w> 
 <w id="w11.2.8">00</w> 
 <w id="w11.2.9">Fax</w> 
 <w id="w11.2.10">(</w>
 <w id="w11.2.11">44-</w>
 <w id="w11.2.12">20</w>
 <w id="w11.2.13">)</w> 
 <w id="w11.2.14">74</w> 
 <w id="w11.2.15">18</w> 
 <w id="w11.2.16">84</w> 
 <w id="w11.2.17">16</w>                              
 <w id="w11.2.18">E-</w>
 <w id="w11.2.19">mail</w>
 <w id="w11.2.20">:</w> 
 <w id="w11.2.21">mail@</w>
 <w id="w11.2.22">emea.</w>
 <w id="w11.2.23">europa.</w>
 <w id="w11.2.24">eu</w> 
 <w id="w11.2.25">http</w>
 <w id="w11.2.26">:</w>
 <w id="w11.2.27">//</w>
 <w id="w11.2.28">www.</w>
 <w id="w11.2.29">emea.</w>
 <w id="w11.2.30">europa.</w>
 <w id="w11.2.31">eu</w>
</s></p>

<p id="12">
<s id="s12.1">
 <w id="w12.1.1">©</w> 
 <w id="w12.1.2">European</w> 
 <w id="w12.1.3">Medicines</w> 
 <w id="w12.1.4">Agency</w>
 <w id="w12.1.5">,</w> 
 <w id="w12.1.6">2008</w>
 <w id="w12.1.7">.</w>
</s> 
 
<s id="s12.2">
 <w id="w12.2.1">Reproduction</w> 
 <w id="w12.2.2">is</w> 
 <w id="w12.2.3">authorised</w> 
 <w id="w12.2.4">provided</w> 
 <w id="w12.2.5">the</w> 
 <w id="w12.2.6">source</w> 
 <w id="w12.2.7">is</w> 
 <w id="w12.2.8">acknowledged</w>
 <w id="w12.2.9">.</w>
</s> 
 
<s id="s12.3">
 <w id="w12.3.1">Kako</w> 
 <w id="w12.3.2">je</w> 
 <w id="w12.3.3">bilo</w> 
 <w id="w12.3.4">zdravilo</w> 
 <w id="w12.3.5">Apidra</w> 
 <w id="w12.3.6">raziskano</w>
 <w id="w12.3.7">?</w>
</s> 
 
<s id="s12.4">
 <w id="w12.4.1">Zdravilo</w> 
 <w id="w12.4.2">Apidra</w>
 <w id="w12.4.3">,</w> 
 <w id="w12.4.4">uporabljeno</w> 
 <w id="w12.4.5">v</w> 
 <w id="w12.4.6">kombinaciji</w> 
 <w id="w12.4.7">z</w> 
 <w id="w12.4.8">insulinom</w> 
 <w id="w12.4.9">z</w> 
 <w id="w12.4.10">dolgotrajnim</w> 
 <w id="w12.4.11">delovanjem</w>
 <w id="w12.4.12">,</w> 
 <w id="w12.4.13">so</w> 
 <w id="w12.4.14">preučevali</w> 
 <w id="w12.4.15">pri</w> 
 <w id="w12.4.16">bolnikih</w> 
 <w id="w12.4.17">s</w> 
 <w id="w12.4.18">sladkorno</w> 
 <w id="w12.4.19">boleznijo</w> 
 <w id="w12.4.20">tipa</w> 
 <w id="w12.4.21">1</w> 
 <w id="w12.4.22">(</w>
 <w id="w12.4.23">telo</w> 
 <w id="w12.4.24">ne</w> 
 <w id="w12.4.25">more</w> 
 <w id="w12.4.26">tvoriti</w> 
 <w id="w12.4.27">insulina</w>
 <w id="w12.4.28">)</w> 
 <w id="w12.4.29">v</w> 
 <w id="w12.4.30">dveh</w> 
 <w id="w12.4.31">študijah</w>
 <w id="w12.4.32">,</w> 
 <w id="w12.4.33">ki</w> 
 <w id="w12.4.34">sta</w> 
 <w id="w12.4.35">vključevali</w> 
 <w id="w12.4.36">skupaj</w> 
 <w id="w12.4.37">1549</w> 
 <w id="w12.4.38">bolnikov</w>
 <w id="w12.4.39">,</w> 
 <w id="w12.4.40">in</w> 
 <w id="w12.4.41">v</w> 
 <w id="w12.4.42">eni</w> 
 <w id="w12.4.43">študiji</w>
 <w id="w12.4.44">,</w> 
 <w id="w12.4.45">v</w> 
 <w id="w12.4.46">katero</w> 
 <w id="w12.4.47">je</w> 
 <w id="w12.4.48">bilo</w> 
 <w id="w12.4.49">vključenih</w> 
 <w id="w12.4.50">572</w> 
 <w id="w12.4.51">otrok</w>
 <w id="w12.4.52">,</w> 
 <w id="w12.4.53">starih</w> 
 <w id="w12.4.54">med</w> 
 <w id="w12.4.55">štiri</w> 
 <w id="w12.4.56">in</w> 
 <w id="w12.4.57">17</w> 
 <w id="w12.4.58">let</w>
 <w id="w12.4.59">.</w>
</s> 
 
<s id="s12.5">
 <w id="w12.5.1">Pri</w> 
 <w id="w12.5.2">bolnikih</w> 
 <w id="w12.5.3">s</w> 
 <w id="w12.5.4">sladkorno</w> 
 <w id="w12.5.5">boleznijo</w> 
 <w id="w12.5.6">tipa</w> 
 <w id="w12.5.7">2</w> 
 <w id="w12.5.8">(</w>
 <w id="w12.5.9">kadar</w> 
 <w id="w12.5.10">telo</w> 
 <w id="w12.5.11">ne</w> 
 <w id="w12.5.12">more</w> 
 <w id="w12.5.13">učinkovito</w> 
 <w id="w12.5.14">izrabiti</w> 
 <w id="w12.5.15">insulina</w>
 <w id="w12.5.16">)</w> 
 <w id="w12.5.17">so</w> 
 <w id="w12.5.18">zdravilo</w> 
 <w id="w12.5.19">Apidra</w> 
 <w id="w12.5.20">uporabili</w> 
 <w id="w12.5.21">v</w> 
 <w id="w12.5.22">kombinaciji</w> 
 <w id="w12.5.23">z</w> 
 <w id="w12.5.24">insulinom</w> 
 <w id="w12.5.25">s</w> 
 <w id="w12.5.26">srednjedolgim</w> 
 <w id="w12.5.27">delovanjem</w> 
 <w id="w12.5.28">in</w> 
 <w id="w12.5.29">zdravili</w> 
 <w id="w12.5.30">proti</w> 
 <w id="w12.5.31">sladkorni</w> 
 <w id="w12.5.32">bolezni</w>
 <w id="w12.5.33">,</w> 
 <w id="w12.5.34">ki</w> 
 <w id="w12.5.35">se</w> 
 <w id="w12.5.36">jemljejo</w> 
 <w id="w12.5.37">peroralno</w>
 <w id="w12.5.38">.</w>
</s> 
 
<s id="s12.6">
 <w id="w12.6.1">V</w> 
 <w id="w12.6.2">vseh</w> 
 <w id="w12.6.3">štirih</w> 
 <w id="w12.6.4">študijah</w> 
 <w id="w12.6.5">so</w> 
 <w id="w12.6.6">zdravilo</w> 
 <w id="w12.6.7">Apidra</w> 
 <w id="w12.6.8">primerjali</w> 
 <w id="w12.6.9">z</w> 
 <w id="w12.6.10">drugimi</w> 
 <w id="w12.6.11">insulini</w> 
 <w id="w12.6.12">ali</w> 
 <w id="w12.6.13">analogi</w> 
 <w id="w12.6.14">insulina</w> 
 <w id="w12.6.15">(</w>
 <w id="w12.6.16">običajni</w> 
 <w id="w12.6.17">humani</w> 
 <w id="w12.6.18">insulin</w> 
 <w id="w12.6.19">ali</w> 
 <w id="w12.6.20">insulin</w> 
 <w id="w12.6.21">lispro</w>
 <w id="w12.6.22">)</w>
 <w id="w12.6.23">.</w>
</s> 
 
<s id="s12.7">
 <w id="w12.7.1">Glavno</w> 
 <w id="w12.7.2">merilo</w> 
 <w id="w12.7.3">učinkovitosti</w> 
 <w id="w12.7.4">je</w> 
 <w id="w12.7.5">bila</w> 
 <w id="w12.7.6">sprememba</w> 
 <w id="w12.7.7">ravni</w> 
 <w id="w12.7.8">snovi</w>
 <w id="w12.7.9">,</w> 
 <w id="w12.7.10">imenovane</w> 
 <w id="w12.7.11">glikozilirani</w> 
 <w id="w12.7.12">hemoglobin</w> 
 <w id="w12.7.13">(</w>
 <w id="w12.7.14">HbA1c</w>
 <w id="w12.7.15">)</w>
 <w id="w12.7.16">,</w> 
 <w id="w12.7.17">v</w> 
 <w id="w12.7.18">krvi</w>
 <w id="w12.7.19">,</w> 
 <w id="w12.7.20">kar</w> 
 <w id="w12.7.21">kaže</w>
 <w id="w12.7.22">,</w> 
 <w id="w12.7.23">kako</w> 
 <w id="w12.7.24">dobro</w> 
 <w id="w12.7.25">je</w> 
 <w id="w12.7.26">glukoza</w> 
 <w id="w12.7.27">v</w> 
 <w id="w12.7.28">krvi</w> 
 <w id="w12.7.29">nadzorovana</w>
 <w id="w12.7.30">.</w>
</s></p>

<p id="13">
<s id="s13.1">
 <w id="w13.1.1">Kakšne</w> 
 <w id="w13.1.2">koristi</w> 
 <w id="w13.1.3">je</w> 
 <w id="w13.1.4">zdravilo</w> 
 <w id="w13.1.5">Apidra</w> 
 <w id="w13.1.6">izkazalo</w> 
 <w id="w13.1.7">med</w> 
 <w id="w13.1.8">študijami</w>
 <w id="w13.1.9">?</w>
</s> 
 
<s id="s13.2">
 <w id="w13.2.1">Nadzor</w> 
 <w id="w13.2.2">glukoze</w> 
 <w id="w13.2.3">v</w> 
 <w id="w13.2.4">krvi</w> 
 <w id="w13.2.5">z</w> 
 <w id="w13.2.6">zdravilom</w> 
 <w id="w13.2.7">Apidra</w> 
 <w id="w13.2.8">je</w> 
 <w id="w13.2.9">bilo</w> 
 <w id="w13.2.10">vsaj</w> 
 <w id="w13.2.11">tako</w> 
 <w id="w13.2.12">učinkovito</w> 
 <w id="w13.2.13">kot</w> 
 <w id="w13.2.14">s</w> 
 <w id="w13.2.15">primerjalnimi</w> 
 <w id="w13.2.16">insulini</w>
 <w id="w13.2.17">.</w>
</s> 
 
<s id="s13.3">
 <w id="w13.3.1">V</w> 
 <w id="w13.3.2">vseh</w> 
 <w id="w13.3.3">študijah</w> 
 <w id="w13.3.4">je</w> 
 <w id="w13.3.5">bila</w> 
 <w id="w13.3.6">sprememba</w> 
 <w id="w13.3.7">ravni</w> 
 <w id="w13.3.8">HbA1c</w>
 <w id="w13.3.9">,</w> 
 <w id="w13.3.10">ki</w> 
 <w id="w13.3.11">so</w> 
 <w id="w13.3.12">jo</w> 
 <w id="w13.3.13">opazili</w> 
 <w id="w13.3.14">ob</w> 
 <w id="w13.3.15">uporabi</w> 
 <w id="w13.3.16">zdravila</w> 
 <w id="w13.3.17">Apidra</w>
 <w id="w13.3.18">,</w> 
 <w id="w13.3.19">podobna</w> 
 <w id="w13.3.20">z</w> 
 <w id="w13.3.21">ravnmi</w>
 <w id="w13.3.22">,</w> 
 <w id="w13.3.23">opaženimi</w> 
 <w id="w13.3.24">pri</w> 
 <w id="w13.3.25">primerjalnih</w> 
 <w id="w13.3.26">insulinih</w>
 <w id="w13.3.27">.</w>
</s> 
 
<s id="s13.4">
 <w id="w13.4.1">V</w> 
 <w id="w13.4.2">prvi</w> 
 <w id="w13.4.3">študiji</w>
 <w id="w13.4.4">,</w> 
 <w id="w13.4.5">ki</w> 
 <w id="w13.4.6">je</w> 
 <w id="w13.4.7">vključevala</w> 
 <w id="w13.4.8">odrasle</w> 
 <w id="w13.4.9">s</w> 
 <w id="w13.4.10">sladkorno</w> 
 <w id="w13.4.11">boleznijo</w> 
 <w id="w13.4.12">tipa</w> 
 <w id="w13.4.13">1</w>
 <w id="w13.4.14">,</w> 
 <w id="w13.4.15">se</w> 
 <w id="w13.4.16">je</w> 
 <w id="w13.4.17">raven</w> 
 <w id="w13.4.18">po</w> 
 <w id="w13.4.19">šestih</w> 
 <w id="w13.4.20">mesecih</w> 
 <w id="w13.4.21">znižala</w> 
 <w id="w13.4.22">za</w> 
 <w id="w13.4.23">0,</w>
 <w id="w13.4.24">14</w> 
 <w id="w13.4.25">%</w> 
 <w id="w13.4.26">(</w>
 <w id="w13.4.27">s</w> 
 <w id="w13.4.28">7,</w>
 <w id="w13.4.29">60</w> 
 <w id="w13.4.30">%</w> 
 <w id="w13.4.31">na</w> 
 <w id="w13.4.32">7,</w>
 <w id="w13.4.33">46</w> 
 <w id="w13.4.34">%</w>
 <w id="w13.4.35">)</w> 
 <w id="w13.4.36">v</w> 
 <w id="w13.4.37">primerjavi</w> 
 <w id="w13.4.38">z</w> 
 <w id="w13.4.39">znižanjem</w> 
 <w id="w13.4.40">za</w> 
 <w id="w13.4.41">0,</w>
 <w id="w13.4.42">14</w> 
 <w id="w13.4.43">%</w>
 <w id="w13.4.44">,</w> 
 <w id="w13.4.45">doseženim</w> 
 <w id="w13.4.46">z</w> 
 <w id="w13.4.47">insulinom</w> 
 <w id="w13.4.48">lispro</w>
 <w id="w13.4.49">.</w>
</s> 
 
<s id="s13.5">
 <w id="w13.5.1">Podobna</w> 
 <w id="w13.5.2">znižanja</w> 
 <w id="w13.5.3">so</w> 
 <w id="w13.5.4">bila</w> 
 <w id="w13.5.5">opažena</w> 
 <w id="w13.5.6">v</w> 
 <w id="w13.5.7">drugi</w> 
 <w id="w13.5.8">študiji</w> 
 <w id="w13.5.9">z</w> 
 <w id="w13.5.10">odraslimi</w>
 <w id="w13.5.11">,</w> 
 <w id="w13.5.12">v</w> 
 <w id="w13.5.13">kateri</w> 
 <w id="w13.5.14">so</w> 
 <w id="w13.5.15">zdravilo</w> 
 <w id="w13.5.16">Apidra</w> 
 <w id="w13.5.17">primerjali</w> 
 <w id="w13.5.18">z</w> 
 <w id="w13.5.19">običajnim</w> 
 <w id="w13.5.20">humanim</w> 
 <w id="w13.5.21">insulinom</w>
 <w id="w13.5.22">.</w>
</s> 
 
<s id="s13.6">
 <w id="w13.6.1">V</w> 
 <w id="w13.6.2">študiji</w> 
 <w id="w13.6.3">z</w> 
 <w id="w13.6.4">otroki</w> 
 <w id="w13.6.5">sta</w> 
 <w id="w13.6.6">zdravilo</w> 
 <w id="w13.6.7">Apidra</w> 
 <w id="w13.6.8">in</w> 
 <w id="w13.6.9">insulin</w> 
 <w id="w13.6.10">lispro</w> 
 <w id="w13.6.11">po</w> 
 <w id="w13.6.12">šestih</w> 
 <w id="w13.6.13">mesecih</w> 
 <w id="w13.6.14">povzročila</w> 
 <w id="w13.6.15">podobne</w> 
 <w id="w13.6.16">spremembe</w> 
 <w id="w13.6.17">v</w> 
 <w id="w13.6.18">ravneh</w> 
 <w id="w13.6.19">HbA1c</w>
 <w id="w13.6.20">.</w>
</s> 
 
<s id="s13.7">
 <w id="w13.7.1">Vendar</w> 
 <w id="w13.7.2">pa</w> 
 <w id="w13.7.3">ni</w> 
 <w id="w13.7.4">bilo</w> 
 <w id="w13.7.5">zadostnih</w> 
 <w id="w13.7.6">informacij</w>
 <w id="w13.7.7">,</w> 
 <w id="w13.7.8">ki</w> 
 <w id="w13.7.9">bi</w> 
 <w id="w13.7.10">potrdili</w>
 <w id="w13.7.11">,</w> 
 <w id="w13.7.12">ali</w> 
 <w id="w13.7.13">je</w> 
 <w id="w13.7.14">zdravilo</w> 
 <w id="w13.7.15">Apidra</w> 
 <w id="w13.7.16">učinkovito</w> 
 <w id="w13.7.17">pri</w> 
 <w id="w13.7.18">otrocih</w>
 <w id="w13.7.19">,</w> 
 <w id="w13.7.20">mlajših</w> 
 <w id="w13.7.21">od</w> 
 <w id="w13.7.22">šest</w> 
 <w id="w13.7.23">let</w>
 <w id="w13.7.24">.</w>
</s> 
 
<s id="s13.8">
 <w id="w13.8.1">Pri</w> 
 <w id="w13.8.2">odraslih</w> 
 <w id="w13.8.3">bolnikih</w> 
 <w id="w13.8.4">s</w> 
 <w id="w13.8.5">sladkorno</w> 
 <w id="w13.8.6">boleznijo</w> 
 <w id="w13.8.7">tipa</w> 
 <w id="w13.8.8">2</w> 
 <w id="w13.8.9">je</w> 
 <w id="w13.8.10">znižanje</w> 
 <w id="w13.8.11">ravni</w> 
 <w id="w13.8.12">HbA1c</w> 
 <w id="w13.8.13">po</w> 
 <w id="w13.8.14">šestih</w> 
 <w id="w13.8.15">mesecih</w> 
 <w id="w13.8.16">jemanja</w> 
 <w id="w13.8.17">zdravila</w> 
 <w id="w13.8.18">Apidra</w> 
 <w id="w13.8.19">znašalo</w> 
 <w id="w13.8.20">0,</w>
 <w id="w13.8.21">46</w> 
 <w id="w13.8.22">%</w> 
 <w id="w13.8.23">v</w> 
 <w id="w13.8.24">primerjavi</w> 
 <w id="w13.8.25">z</w> 
 <w id="w13.8.26">znižanjem</w> 
 <w id="w13.8.27">za</w> 
 <w id="w13.8.28">0,</w>
 <w id="w13.8.29">30</w> 
 <w id="w13.8.30">%</w>
 <w id="w13.8.31">,</w> 
 <w id="w13.8.32">doseženim</w> 
 <w id="w13.8.33">z</w> 
 <w id="w13.8.34">običajnim</w> 
 <w id="w13.8.35">humanim</w> 
 <w id="w13.8.36">insulinom</w>
 <w id="w13.8.37">.</w>
</s></p>

<p id="14">
<s id="s14.1">
 <w id="w14.1.1">Kakšna</w> 
 <w id="w14.1.2">tveganja</w> 
 <w id="w14.1.3">so</w> 
 <w id="w14.1.4">povezana</w> 
 <w id="w14.1.5">z</w> 
 <w id="w14.1.6">zdravilom</w> 
 <w id="w14.1.7">Apidra</w>
 <w id="w14.1.8">?</w>
</s> 
 
<s id="s14.2">
 <w id="w14.2.1">Najpogostejši</w> 
 <w id="w14.2.2">neželeni</w> 
 <w id="w14.2.3">učinek</w> 
 <w id="w14.2.4">zdravila</w> 
 <w id="w14.2.5">Apidra</w> 
 <w id="w14.2.6">(</w>
 <w id="w14.2.7">opažen</w> 
 <w id="w14.2.8">pri</w> 
 <w id="w14.2.9">več</w> 
 <w id="w14.2.10">kot</w> 
 <w id="w14.2.11">1</w> 
 <w id="w14.2.12">bolniku</w> 
 <w id="w14.2.13">od</w> 
 <w id="w14.2.14">10</w>
 <w id="w14.2.15">)</w> 
 <w id="w14.2.16">je</w> 
 <w id="w14.2.17">hipoglikemija</w> 
 <w id="w14.2.18">(</w>
 <w id="w14.2.19">nizke</w> 
 <w id="w14.2.20">ravni</w> 
 <w id="w14.2.21">glukoze</w> 
 <w id="w14.2.22">v</w> 
 <w id="w14.2.23">krvi</w>
 <w id="w14.2.24">)</w>
 <w id="w14.2.25">.</w>
</s> 
 
<s id="s14.3">
 <w id="w14.3.1">Za</w> 
 <w id="w14.3.2">celoten</w> 
 <w id="w14.3.3">seznam</w> 
 <w id="w14.3.4">neželenih</w> 
 <w id="w14.3.5">učinkov</w>
 <w id="w14.3.6">,</w> 
 <w id="w14.3.7">o</w> 
 <w id="w14.3.8">katerih</w> 
 <w id="w14.3.9">so</w> 
 <w id="w14.3.10">poročali</w> 
 <w id="w14.3.11">pri</w> 
 <w id="w14.3.12">uporabi</w> 
 <w id="w14.3.13">zdravila</w> 
 <w id="w14.3.14">Apidra</w>
 <w id="w14.3.15">,</w> 
 <w id="w14.3.16">glejte</w> 
 <w id="w14.3.17">navodilo</w> 
 <w id="w14.3.18">za</w> 
 <w id="w14.3.19">uporabo</w>
 <w id="w14.3.20">.</w>
</s> 
 
<s id="s14.4">
 <w id="w14.4.1">Zdravila</w> 
 <w id="w14.4.2">Apidra</w> 
 <w id="w14.4.3">ne</w> 
 <w id="w14.4.4">smejo</w> 
 <w id="w14.4.5">uporabljati</w> 
 <w id="w14.4.6">osebe</w>
 <w id="w14.4.7">,</w> 
 <w id="w14.4.8">ki</w> 
 <w id="w14.4.9">utegnejo</w> 
 <w id="w14.4.10">biti</w> 
 <w id="w14.4.11">preobčutljive</w> 
 <w id="w14.4.12">za</w> 
 <w id="w14.4.13">(</w>
 <w id="w14.4.14">alergične</w> 
 <w id="w14.4.15">na</w>
 <w id="w14.4.16">)</w> 
 <w id="w14.4.17">insulin</w> 
 <w id="w14.4.18">glulisin</w> 
 <w id="w14.4.19">ali</w> 
 <w id="w14.4.20">katero</w> 
 <w id="w14.4.21">koli</w> 
 <w id="w14.4.22">drugo</w> 
 <w id="w14.4.23">sestavino</w> 
 <w id="w14.4.24">zdravila</w>
 <w id="w14.4.25">,</w> 
 <w id="w14.4.26">ali</w> 
 <w id="w14.4.27">bolniki</w>
 <w id="w14.4.28">,</w> 
 <w id="w14.4.29">ki</w> 
 <w id="w14.4.30">že</w> 
 <w id="w14.4.31">imajo</w> 
 <w id="w14.4.32">hipoglikemijo</w>
 <w id="w14.4.33">.</w>
</s> 
 
<s id="s14.5">
 <w id="w14.5.1">Odmerke</w> 
 <w id="w14.5.2">zdravila</w> 
 <w id="w14.5.3">Apidra</w> 
 <w id="w14.5.4">bo</w> 
 <w id="w14.5.5">morda</w> 
 <w id="w14.5.6">treba</w> 
 <w id="w14.5.7">prilagoditi</w>
 <w id="w14.5.8">,</w> 
 <w id="w14.5.9">če</w> 
 <w id="w14.5.10">se</w> 
 <w id="w14.5.11">zdravilo</w> 
 <w id="w14.5.12">jemlje</w> 
 <w id="w14.5.13">sočasno</w> 
 <w id="w14.5.14">z</w> 
 <w id="w14.5.15">nekaterimi</w> 
 <w id="w14.5.16">drugimi</w> 
 <w id="w14.5.17">zdravili</w>
 <w id="w14.5.18">,</w> 
 <w id="w14.5.19">ki</w> 
 <w id="w14.5.20">lahko</w> 
 <w id="w14.5.21">vplivajo</w> 
 <w id="w14.5.22">na</w> 
 <w id="w14.5.23">ravni</w> 
 <w id="w14.5.24">glukoze</w> 
 <w id="w14.5.25">v</w> 
 <w id="w14.5.26">krvi</w>
 <w id="w14.5.27">.</w>
</s> 
 
<s id="s14.6">
 <w id="w14.6.1">Za</w> 
 <w id="w14.6.2">celoten</w> 
 <w id="w14.6.3">seznam</w> 
 <w id="w14.6.4">teh</w> 
 <w id="w14.6.5">zdravil</w> 
 <w id="w14.6.6">glejte</w> 
 <w id="w14.6.7">navodilo</w> 
 <w id="w14.6.8">za</w> 
 <w id="w14.6.9">uporabo</w>
 <w id="w14.6.10">.</w>
</s></p>

<p id="15">
<s id="s15.1">
 <w id="w15.1.1">Zakaj</w> 
 <w id="w15.1.2">je</w> 
 <w id="w15.1.3">bilo</w> 
 <w id="w15.1.4">zdravilo</w> 
 <w id="w15.1.5">Apidra</w> 
 <w id="w15.1.6">odobreno</w>
 <w id="w15.1.7">?</w>
</s> 
 
<s id="s15.2">
 <w id="w15.2.1">Odbor</w> 
 <w id="w15.2.2">za</w> 
 <w id="w15.2.3">zdravila</w> 
 <w id="w15.2.4">za</w> 
 <w id="w15.2.5">uporabo</w> 
 <w id="w15.2.6">v</w> 
 <w id="w15.2.7">humani</w> 
 <w id="w15.2.8">medicini</w> 
 <w id="w15.2.9">(</w>
 <w id="w15.2.10">CHMP</w>
 <w id="w15.2.11">)</w> 
 <w id="w15.2.12">je</w> 
 <w id="w15.2.13">zaključil</w>
 <w id="w15.2.14">,</w> 
 <w id="w15.2.15">da</w> 
 <w id="w15.2.16">so</w> 
 <w id="w15.2.17">koristi</w> 
 <w id="w15.2.18">zdravila</w> 
 <w id="w15.2.19">Apidra</w> 
 <w id="w15.2.20">pri</w> 
 <w id="w15.2.21">zdravljenju</w> 
 <w id="w15.2.22">odraslih</w>
 <w id="w15.2.23">,</w> 
 <w id="w15.2.24">mladostnikov</w> 
 <w id="w15.2.25">in</w> 
 <w id="w15.2.26">otrok</w>
 <w id="w15.2.27">,</w> 
 <w id="w15.2.28">starih</w> 
 <w id="w15.2.29">šest</w> 
 <w id="w15.2.30">let</w> 
 <w id="w15.2.31">ali</w> 
 <w id="w15.2.32">več</w>
 <w id="w15.2.33">,</w> 
 <w id="w15.2.34">s</w> 
 <w id="w15.2.35">sladkorno</w> 
 <w id="w15.2.36">boleznijo</w>
 <w id="w15.2.37">,</w> 
 <w id="w15.2.38">pri</w> 
 <w id="w15.2.39">katerih</w> 
 <w id="w15.2.40">je</w> 
 <w id="w15.2.41">potrebno</w> 
 <w id="w15.2.42">zdravljenje</w> 
 <w id="w15.2.43">z</w> 
 <w id="w15.2.44">insulinom</w>
 <w id="w15.2.45">,</w> 
 <w id="w15.2.46">večje</w> 
 <w id="w15.2.47">od</w> 
 <w id="w15.2.48">z</w> 
 <w id="w15.2.49">njim</w> 
 <w id="w15.2.50">povezanih</w> 
 <w id="w15.2.51">tveganj</w>
 <w id="w15.2.52">.</w>
</s> 
 
<s id="s15.3">
 <w id="w15.3.1">Odbor</w> 
 <w id="w15.3.2">je</w> 
 <w id="w15.3.3">priporočil</w>
 <w id="w15.3.4">,</w> 
 <w id="w15.3.5">da</w> 
 <w id="w15.3.6">se</w> 
 <w id="w15.3.7">za</w> 
 <w id="w15.3.8">zdravilo</w> 
 <w id="w15.3.9">Apidra</w> 
 <w id="w15.3.10">odobri</w> 
 <w id="w15.3.11">dovoljenje</w> 
 <w id="w15.3.12">za</w> 
 <w id="w15.3.13">promet</w>
 <w id="w15.3.14">.</w>
</s></p>

<p id="16">
<s id="s16.1">
 <w id="w16.1.1">Druge</w> 
 <w id="w16.1.2">informacije</w> 
 <w id="w16.1.3">o</w> 
 <w id="w16.1.4">zdravilu</w> 
 <w id="w16.1.5">Apidra</w>
 <w id="w16.1.6">:</w>
</s> 
 
<s id="s16.2">
 <w id="w16.2.1">Evropska</w> 
 <w id="w16.2.2">Komisija</w> 
 <w id="w16.2.3">je</w> 
 <w id="w16.2.4">dovoljenje</w> 
 <w id="w16.2.5">za</w> 
 <w id="w16.2.6">promet</w> 
 <w id="w16.2.7">z</w> 
 <w id="w16.2.8">zdravilom</w> 
 <w id="w16.2.9">Apidra</w>
 <w id="w16.2.10">,</w> 
 <w id="w16.2.11">veljavno</w> 
 <w id="w16.2.12">po</w> 
 <w id="w16.2.13">vsej</w> 
 <w id="w16.2.14">Evropski</w> 
 <w id="w16.2.15">uniji</w>
 <w id="w16.2.16">,</w> 
 <w id="w16.2.17">odobrila</w> 
 <w id="w16.2.18">družbi</w> 
 <w id="w16.2.19">Sanofi-</w>
 <w id="w16.2.20">Aventis</w> 
 <w id="w16.2.21">Deutschland</w> 
 <w id="w16.2.22">GmbH</w> 
 <w id="w16.2.23">dne</w> 
 <w id="w16.2.24">27</w>
 <w id="w16.2.25">.</w> 
 <w id="w16.2.26">septembra</w> 
 <w id="w16.2.27">2004</w>
 <w id="w16.2.28">.</w>
</s></p>

<p id="17">
<s id="s17.1">
 <w id="w17.1.1">Celotno</w> 
 <w id="w17.1.2">evropsko</w> 
 <w id="w17.1.3">javno</w> 
 <w id="w17.1.4">poročilo</w> 
 <w id="w17.1.5">o</w> 
 <w id="w17.1.6">oceni</w> 
 <w id="w17.1.7">zdravila</w> 
 <w id="w17.1.8">(</w>
 <w id="w17.1.9">EPAR</w>
 <w id="w17.1.10">)</w> 
 <w id="w17.1.11">za</w> 
 <w id="w17.1.12">zdravilo</w> 
 <w id="w17.1.13">Apidra</w> 
 <w id="w17.1.14">je</w> 
 <w id="w17.1.15">na</w> 
 <w id="w17.1.16">voljo</w> 
 <w id="w17.1.17">tukaj</w>
 <w id="w17.1.18">.</w>
</s></p>

<p id="18">
<s id="s18.1">
 <w id="w18.1.1">Povzetek</w> 
 <w id="w18.1.2">je</w> 
 <w id="w18.1.3">bil</w> 
 <w id="w18.1.4">nazadnje</w> 
 <w id="w18.1.5">posodobljen</w> 
 <w id="w18.1.6">06-</w>
 <w id="w18.1.7">2008</w>
 <w id="w18.1.8">.</w>
</s></p>

<p id="19">
<s id="s19.1">
 <w id="w19.1.1">2/</w>
 <w id="w19.1.2">2</w>
</s></p></text>
