<?xml version="1.0" encoding="utf-8"?>
<letsmt version="1.0">
<head></head>
<body>
<s id="s1.1">DODATEK I</s>
<s id="s2.1">POVZETEK GLAVNIH ZNAČILNOSTI ZDRAVILA</s>
<s id="s3.1">1 1.</s>
<s id="s3.2">IME ZDRAVILA ZA UPORABO V VETERINARSKI MEDICINI</s>
<s id="s4.1">Nobilis OR inac, emulzija za injiciranje za piščance</s>
<s id="s5.1">2.</s>
<s id="s5.2">KAKOVOSTNA IN KOLIČINSKA SESTAVA</s>
<s id="s6.1">V odmerku po 0, 25 ml:</s>
<s id="s7.1">Zdravilna učinkovina Inaktivirana suspenzija celic bakterije Ornithobacterium rhinotracheale, serotip A, sev B3263/ 91 1 x 107 celic *</s>
<s id="s8.1">* pri preizkusu učinkovitosti pri piščancih spodbudi nastanek srednjega titra, ki je najmanj 11, 2 (log2)</s>
<s id="s9.1">Dodatek Redko tekoči parafin:</s>
<s id="s10.1">107, 21 mg</s>
<s id="s11.1">Pomožne snovi Sledi formaldehida</s>
<s id="s12.1">Za seznam pomožnih snovi glejte poglavje 6. 1.</s>
<s id="s13.1">3.</s>
<s id="s13.2">FARMACEVTSKA OBLIKA</s>
<s id="s14.1">Emulzija za injiciranje</s>
<s id="s15.1">4.</s>
<s id="s15.2">KLINIČNI PODATKI</s>
<s id="s16.1">4. 1 Ciljne živalske vrste</s>
<s id="s17.1">Piščanci</s>
<s id="s18.1">4. 2 Indikacije za uporabo pri ciljnih živalskih vrstah</s>
<s id="s19.1">Pasivna imunizacija brojlerjev z aktivno imunizacijo živali ženskega spola v brojlerskih matičnih jatah za zmanjšanje okužbe z Ornithobacterium rhinotracheale serotipa A, kadar je ta bakterija prisotna.</s>
<s id="s20.1">V razmerah na farmi se pasivna imunost prenaša v obdobju valjenja 43 tednov po zadnjem cepljenju brojlerskih matičnih jat, tako da traja pasivna imunost brojlerjev najmanj 14 dni po izvalitvi.</s>
<s id="s21.1">4. 3 Kontraindikacije</s>
<s id="s22.1">Izdelka ne smemo dajati v obdobju valjenja.</s>
<s id="s23.1">4. 4 Posebna opozorila</s>
<s id="s24.1">Jih ni.</s>
<s id="s25.1">4. 5 Posebni previdnostni ukrepi</s>
<s id="s26.1">Posebni previdnostni ukrepi za uporabo pri živalih</s>
<s id="s27.1">Cepivo pred uporabo ogrejemo na sobno temperaturo (15- 25 °C).</s>
<s id="s27.2">Pred uporabo dobro pretresite.</s>
<s id="s28.1">2 Posebni previdnostni ukrepi, ki jih mora izvajati oseba, ki živalim daje zdravilo</s>
<s id="s29.1">Namenjeno uporabniku:</s>
<s id="s29.2">Ta izdelek vsebuje mineralno olje.</s>
<s id="s29.3">Nenamerno injiciranje/ samoinjiciranje lahko povzroči hude bolečine in otekline, zlasti ob injiciranju v sklep ali prst, in lahko v izjemnih primerih, če ni zagotovljena takojšnja zdravniška oskrba, privede do izgube prizadetega prsta.</s>
<s id="s29.4">Če vam je bil ta izdelek nenamerno injiciran, se takoj posvetujte z zdravnikom, čeprav je bila injicirana le majhna količina, in mu pokažite navodila za uporabo.</s>
<s id="s29.5">Če bolečina ne popusti po 12 urah po zdravniškem pregledu, se ponovno posvetujte z zdravnikom.</s>
<s id="s30.1">Namenjeno zdravniku:</s>
<s id="s30.2">Ta izdelek vsebuje mineralno olje.</s>
<s id="s30.3">Čeprav je bila injicirana le majhna količina, lahko nenamerno injiciranje tega izdelka povzroči močno oteklino, ki lahko na primer privede do ishemične nekroze ter celo do izgube prsta.</s>
<s id="s30.4">Potreben je strokoven, TAKOJŠEN, kirurški poseg ter morda tudi takojšnja incizija in izpiranje injiciranega mesta, zlasti če so prizadete tudi kite ali mehka tkiva prsta.</s>
<s id="s31.1">4. 6 Neželeni učinki (pogostost in resnost)</s>
<s id="s32.1">Pri laboratorijskih preskusih so pri posmrtni preiskavi zasledili prehodno lokalno oteklino pri 40% živali, ki je trajala najmanj 14 dni po subkutanem cepljenju.</s>
<s id="s32.2">V razmerah na farmi so poročali o sporadičnih lokalnih in sistemskih kliničnih reakcijah.</s>
<s id="s33.1">4. 7 Uporaba v obdobju brejosti, laktacije ali nesnosti</s>
<s id="s34.1">Izdelka ne smemo uporabljati v obdobju valjenja (glejte poglavje 4. 3).</s>
<s id="s35.1">4. 8 Medsebojno delovanje z drugimi zdravili in druge oblike interakcij</s>
<s id="s36.1">O kompatibilnosti tega cepiva z drugimi cepivi ni podatkov.</s>
<s id="s36.2">Zato njegova varnost in učinkovitost pri sočasni uporabi z drugimi cepivi (isti dan ali ob drugem času) ni dokazana.</s>
<s id="s37.1">4. 9 Odmerjanje in pot uporabe</s>
<s id="s38.1">Shema cepljenja je dve injekciji z odmerkom po 0, 25 ml subkutano na vratu ali intramuskularno v prsni predel.</s>
<s id="s38.2">Prvi odmerek lahko dajemo pri starosti 6 do 12 tednov.</s>
<s id="s38.3">Drugega odmerka ne smemo dati prej kot najmanj 6 tednov po prvem, pri starosti 14 do 18 tednov.</s>
<s id="s39.1">4. 10 Preveliko odmerjanje (simptomi, nujni ukrepi, protistrupi) (če je potrebno)</s>
<s id="s40.1">Dvojni odmerek v primerjavi z enojnim odmerkom cepiva ni povzročil dodatnih neželenih učinkov.</s>
<s id="s40.2">Občasno so zasledili manjše otekline v obliki zatrdlin (0, 5 do 2, 0 cm), ki so minile v 21 dneh po cepljenju.</s>
<s id="s41.1">4. 11 Karenca</s>
<s id="s42.1">Nič dni.</s>
<s id="s43.1">5.</s>
<s id="s43.2">IMUNOLOŠKE LASTNOSTI</s>
<s id="s44.1">Farmakoterapevtska skupina: inaktivirano bakterijsko cepivo Oznaka ATCvet:</s>
<s id="s44.2">QI01AB07 Cepivo uporabljamo za spodbujanje aktivne imunosti pri brojlerskih matičnih jatah, da bi vzbudili pasivno imunost potomcev proti Ornithobacterium rhinotracheale, serotip A.</s>
<s id="s45.1">3 6.</s>
<s id="s45.2">FARMACEVTSKI PODATKI</s>
<s id="s46.1">6. 1 Seznam pomožnih snovi</s>
<s id="s47.1">Redko tekoči parafin, polisorbat 80, sorbitan oleat, vodna raztopina s sulfatnim pufrom</s>
<s id="s48.1">6. 2 Inkompatibilnosti</s>
<s id="s49.1">Izdelka ne smemo mešati z drugimi cepivi ali imunološkimi pripravki.</s>
<s id="s50.1">6. 3 Rok uporabnosti</s>
<s id="s51.1">15 mesecev Rok uporabnosti po prvem odpiranju vsebnika: uporabite takoj po odpiranju.</s>
<s id="s52.1">6. 4 Posebna navodila za shranjevanje</s>
<s id="s53.1">Shranjujte in prevažajte pri temperaturi 2- 8 ºC.</s>
<s id="s53.2">Cepivo ne sme zmrzniti.</s>
<s id="s54.1">6. 5 Vrsta ovojnine in vsebina</s>
<s id="s55.1">Zloženka z eno vialo iz polietilen tereftalata (PET) po 250 ml (1000 odmerkov) ali po 500 ml (2000 odmerkov), zaprto z zamaškom iz sintetične gume in aluminijasto zaporko s šifro.</s>
<s id="s56.1">6. 6 Posebni varnostni ukrepi za odstranjevanje neporabljenega zdravila ali odpadnih snovi</s>
<s id="s57.1">Vsako neporabljeno zdravilo ali odpadne snovi, ki nastanejo iz teh zdravil, je treba odstraniti v skladu z lokalnimi predpisi.</s>
<s id="s58.1">7.</s>
<s id="s58.2">IMETNIK DOVOLJENJA ZA PROMET</s>
<s id="s59.1">Intervet International Wim de Körverstraat 35 NL- 5831 AN Boxmeer Nizozemska</s>
<s id="s60.1">8.</s>
<s id="s60.2">ŠTEVILKA( E) DOVOLJENJ( A) ZA PROMET</s>
<s id="s61.1">EU/ 2/ 02/ 036/ 001- 002</s>
<s id="s62.1">9.</s>
<s id="s62.2">DATUM PRIDOBITVE/ PODALJŠANJA DOVOLJENJA ZA PROMET</s>
<s id="s63.1">10. 01. 2008</s>
<s id="s64.1">4 10.</s>
<s id="s64.2">DATUM REVIZIJE BESEDILA</s>
<s id="s65.1">10. 01. 2008</s>
<s id="s66.1">PREPOVED PRODAJE, OSKRBE IN/ ALI UPORABE</s>
<s id="s67.1">Uvoz, prodaja, oskrba in/ ali uporaba izdelka je ali je lahko prepovedana v nekaterih državah članicah na njihovem celotnem ozemlju ali delu ozemlja v skladu z nacionalnim programom zdravstvenega varstva živali.</s>
<s id="s67.2">Vsakdo, ki namerava uvažati, prodajati, oskrbovati in/ ali uporabljati izdelek, se mora posvetovati s pristojnimi organi posamezne države članice o veljavnih programih cepljenja še pred uvozom, prodajo, oskrbo in/ ali uporabo.</s>
<s id="s68.1">5 DODATEK II</s>
<s id="s69.1">A.</s>
<s id="s69.2">IZDELOVALEC( IZDELOVALCI) BIOLOŠKE ZDRAVILNE UČINKOVINE (ZDRAVILNIH UČINKOVIN) IN IMETNIK( I) DOVOLJENJ( A) ZA IZDELAVO ZDRAVILA, ODGOVOREN( ODGOVORNI) ZA SPROŠČANJE SERIJE</s>
<s id="s70.1">B.</s>
<s id="s70.2">POGOJI DOVOLJENJA ZA PROMET Z ZDRAVILOM TER OMEJITVE GLEDE OSKRBE IN UPORABE</s>
<s id="s71.1">C.</s>
<s id="s71.2">POGOJI DOVOLJENJA ZA PROMET Z ZDRAVILOM TER OMEJITVE GLEDE VARNE IN UČINKOVITE UPORABE</s>
<s id="s72.1">D.</s>
<s id="s72.2">NAVEDBA NAJVIŠJIH DOVOLJENIH KOLIČIN ZAOSTANKOV ZDRAVILA (MRL)</s>
<s id="s73.1">6 A.</s>
<s id="s73.2">IZDELOVALEC( IZDELOVALCI) BIOLOŠKE ZDRAVILNE UČINKOVINE (ZDRAVILNIH UČINKOVIN) IN IMETNIK( I) DOVOLJENJ( A) ZA IZDELAVO ZDRAVILA, ODGOVOREN( ODGOVORNI) ZA SPROŠČANJE SERIJE</s>
<s id="s74.1">Ime in naslov izdelovalca biološke zdravilne učinkovine</s>
<s id="s75.1">Intervet International Wim de Körverstraat 35 5831 AN Boxmeer Nizozemska</s>
<s id="s76.1">Ime in naslov izdelovalca zdravila, odgovornega za sproščanje serije</s>
<s id="s77.1">Intervet International Wim de Körverstraat 35 5831 AN Boxmeer Nizozemska</s>
<s id="s78.1">B POGOJI DOVOLJENJA ZA PROMET Z ZDRAVILOM TER OMEJITVE GLEDE OSKRBE IN UPORABE</s>
<s id="s79.1">Izdaja zdravila je le na veterinarski recept.</s>
<s id="s80.1">Skladno z 71. členom Direktive 2001/ 82/ ES Evropskega parlamenta in Sveta, države članice prepovejo ali lahko prepovejo uvoz, prodajo, oskrbo in/ ali uporabo zdravila za uporabo v veterinarski medicini na svojem celotnem ozemlju ali delu ozemlja, če se ugotovi da:</s>
<s id="s81.1">a) bi uporaba zdravila za uporabo v veterinarski medicini ovirala izvajanje nacionalnih programov za diagnozo, nadzor ali zatiranje živalskih bolezni ali da bi povzročila težave pri zagotavljanju odsotnosti okuženosti pri živih živalih ali živilih ali drugih proizvodih, pridobljenih iz zdravljenih živali.</s>
<s id="s82.1">b) bolezen, za katero se z zdravilom za uporabo v veterinarski medicini pridobi imunost, na območju skoraj ni prisotna.</s>
<s id="s83.1">C.</s>
<s id="s83.2">POGOJI DOVOLJENJA ZA PROMET Z ZDRAVILOM TER OMEJITVE GLEDE VARNE IN UČINKOVITE UPORABE</s>
<s id="s84.1">Navedba ni smiselna.</s>
<s id="s85.1">D.</s>
<s id="s85.2">NAVEDBA NAJVIŠJIH DOVOLJENIH KOLIČIN ZAOSTANKOV ZDRAVILA (MRL)</s>
<s id="s86.1">• Za zdravilno učinkovino biološkega izvora, namenjeno za vzbujanje imunosti, Uredba Sveta (EGS) št.</s>
<s id="s86.2">2377/ 90 ne velja.</s>
<s id="s87.1">• Naštete dodatke in pomožne snovi vsebuje Dodatek II Uredbe Sveta (EGS) št.</s>
<s id="s87.2">2377/ 90.</s>
<s id="s88.1">7 Farmakološko aktivna snov Mineralni ogljikovodiki, majhne do velike viskoznosti: mikrokristalni voski, približno C10– C60; alifatske, razvejane alifatske in aliciklične spojine</s>
<s id="s89.1">Živalska vrsta vse živalske vrste, namenjene za prehrano ljudi</s>
<s id="s90.1">Druge določbe Ne vsebuje aromatskih in nenasičenih spojin.</s>
<s id="s91.1">Polisorbat 80</s>
<s id="s92.1">vse živalske vrste, namenjene za prehrano ljudi</s>
<s id="s93.1">Natrijev klorid</s>
<s id="s94.1">vse živalske vrste, namenjene za prehrano ljudi</s>
<s id="s95.1">• Sorbitan oleat (E 494), kalijev dihidrogenfosfat (E 340), natrijev dihidrogenfosfat (E 339) in kalijev klorid (E 508) so odobreni prehrambeni dodatki, zato jih ureja Dodatek II Uredbe Sveta (EGS) št.</s>
<s id="s95.2">2377/ 90 za substance s številom E1 (razen konzervansov, naštetih v delu C Dodatka III Uredbe Sveta 95/ 2/ ES2).</s>
<s id="s96.1">1 OJ št.</s>
<s id="s96.2">L 272 z dne 25. 10. 1996, str.</s>
<s id="s96.3">2 1 OJ št.</s>
<s id="s96.4">L 61 z dne 18. 3. 1995, str.</s>
<s id="s96.5">1</s>
<s id="s97.1">8 DODATEK III</s>
<s id="s98.1">OZNAČEVANJE IN NAVODILO ZA UPORABO</s>
<s id="s99.1">9 A.</s>
<s id="s99.2">OZNAČEVANJE</s>
<s id="s100.1">10 PODATKI NA ZUNANJI OVOJNINI</s>
<s id="s101.1">1.</s>
<s id="s101.2">IME ZDRAVILA ZA UPORABO V VETERINARSKI MEDICINI</s>
<s id="s102.1">Nobilis OR inac, emulzija za injiciranje za piščance</s>
<s id="s103.1">2.</s>
<s id="s103.2">NAVEDBA ZDRAVILNE UČIKOVINE IN DRUGIH SNOVI</s>
<s id="s104.1">V odmerku po 0, 25 ml:</s>
<s id="s104.2">Inaktivirana suspenzija celic bakterije Ornithobacterium rhinotracheale, serotip A, sev B3263/ 91 1 x 107 celic * * pri preizkusu učinkovitosti pri piščancih spodbudi nastanek srednjega titra, ki je najmanj 11, 2 (log2) Redko tekoči parafin:</s>
<s id="s104.3">107, 21 mg Sledi formaldehida</s>
<s id="s105.1">3.</s>
<s id="s105.2">FARMACEVTSKA OBLIKA</s>
<s id="s106.1">Emulzija za injiciranje</s>
<s id="s107.1">4.</s>
<s id="s107.2">VELIKOST PAKIRANJA</s>
<s id="s108.1">1 viala iz polietilen tereftalata (PET) po 250 ml (1000 odmerkov) 1 viala iz polietilen tereftalata (PET) po 500 ml (2000 odmerkov)</s>
<s id="s109.1">5.</s>
<s id="s109.2">CILJNA ŽIVALSKA VRSTA</s>
<s id="s110.1">6.</s>
<s id="s110.2">INDIKACIJE</s>
<s id="s111.1">Pasivna imunizacija brojlerjev z aktivno imunizacijo živali ženskega spola v brojlerskih matičnih jatah za zmanjšanje okužbe z Ornithobacterium rhinotracheale serotipa A, kadar je ta bakterija prisotna.</s>
<s id="s111.2">V razmerah na farmi se pasivna imunost prenaša v obdobju valjenja 43 tednov po zadnjem cepljenju brojlerskih matičnih jat, tako da traja pasivna imunost brojlerjev najmanj 14 dni po izvalitvi.</s>
<s id="s112.1">7.</s>
<s id="s112.2">NAČIN IN POT( I) UPORABE</s>
<s id="s113.1">En odmerek po 0, 25 ml subkutano na vratu ali intramuskularno v prsni predel</s>
<s id="s114.1">8.</s>
<s id="s114.2">KARENCA</s>
<s id="s115.1">Nič dni</s>
<s id="s116.1">11 9.</s>
<s id="s116.2">POSEBNA OPOZORILA, ČE SO POTREBNA</s>
<s id="s117.1">Cepivo z oljnim adjuvansom Ne uporabljajte v obdobju valjenja.</s>
<s id="s117.2">Nenamerno injiciranje je nevarno – pred uporabo preberite priloženo navodilo.</s>
<s id="s118.1">10.</s>
<s id="s118.2">DATUM IZTEKA ROKA UPORABNOSTI ZDRAVILA</s>
<s id="s119.1">EXP:</s>
<s id="s119.2">(mesec/ leto) ……. / ……… Rok uporabnosti po prvem odpiranju vsebnika:</s>
<s id="s119.3">Uporabite takoj po pripravi.</s>
<s id="s120.1">11.</s>
<s id="s120.2">POSEBNA NAVODILA ZA SHRANJEVANJE</s>
<s id="s121.1">Shranjujte in prevažajte pri temperaturi 2- 8 °C.</s>
<s id="s121.2">Cepivo ne sme zmrzniti.</s>
<s id="s122.1">12.</s>
<s id="s122.2">POSEBNI VARNOSTNI UKREPI ZA ODSTRANJEVANJE NEPORABLJENEGA ZDRAVILA ALI ODPADNIH SNOVI, ČE OBSTAJAJO</s>
<s id="s123.1">Vsako neporabljeno zdravilo ali odpadne snovi, ki nastanejo iz teh zdravil, je treba odstraniti v skladu z lokalnimi predpisi.</s>
<s id="s124.1">13.</s>
<s id="s124.2">BESEDILO “ SAMO ZA ŽIVALI ” IN POGOJI ALI OMEJITVE GLEDE OSKRBE IN UPORABE, če je navedba smiselna</s>
<s id="s125.1">Samo za živali - oskrba le na podlagi veterinarskega recepta.</s>
<s id="s126.1">14.</s>
<s id="s126.2">BESEDILO ''ZDRAVILO SHRANJUJTE NEDOSEGLJIVO OTROKOM''</s>
<s id="s127.1">Zdravilo shranjujte nedosegljivo otrokom.</s>
<s id="s128.1">15.</s>
<s id="s128.2">IME IN NASLOV IMETNIKA DOVOLJENJA ZA PROMET Z ZDRAVILOM</s>
<s id="s129.1">Intervet International Wim de Körverstraat 35 5831 AN Boxmeer Nizozemska</s>
<s id="s130.1">16.</s>
<s id="s130.2">ŠTEVILKA( E) DOVOLJENJ( A) ZA PROMET</s>
<s id="s131.1">EU/ 2/ 02/ 036/ 001 (250 ml) EU/ 2/ 02/ 036/ 002 (500 ml)</s>
<s id="s132.1">17.</s>
<s id="s132.2">IZDELOVALČEVA ŠTEVILKA SERIJE</s>
<s id="s133.1">Serija: ………</s>
<s id="s134.1">12 PODATKI NA STIČNI OVOJNINI</s>
<s id="s135.1">1.</s>
<s id="s135.2">IME ZDRAVILA ZA UPORABO V VETERINARSKI MEDICINI</s>
<s id="s136.1">Nobilis OR inac, emulzija za injiciranje za piščance</s>
<s id="s137.1">2.</s>
<s id="s137.2">KOLIČINA ZDRAVILNE UČINKOVINE</s>
<s id="s138.1">Inaktivirana suspenzija celic bakterije O. rhinotracheale Redko tekoči parafin</s>
<s id="s139.1">3.</s>
<s id="s139.2">VSEBINA, IZRAŽENA Z MASO, PROSTORNINO ALI ŠTEVILOM ODMERKOV</s>
<s id="s140.1">250 ml (1000 odmerkov) 500 ml (2000 odmerkov)</s>
<s id="s141.1">4.</s>
<s id="s141.2">CILJNE ŽIVALSKE VRSTE</s>
<s id="s142.1">5.</s>
<s id="s142.2">POTI UPORABE</s>
<s id="s143.1">En odmerek po 0, 25 ml s. c. ali i. m.</s>
<s id="s144.1">6.</s>
<s id="s144.2">KARENCA</s>
<s id="s145.1">Karenca: nič dni</s>
<s id="s146.1">7.</s>
<s id="s146.2">POSEBNA OPOZORILA</s>
<s id="s147.1">Ne uporabljajte v obdobju valjenja.</s>
<s id="s147.2">Nenamerno injiciranje je nevarno – preberite priloženo navodilo.</s>
<s id="s148.1">8.</s>
<s id="s148.2">DATUM IZTEKA ROKA UPORABNOSTI</s>
<s id="s149.1">(Mesec/ leto) ……. / …… Po prvem odpiranju:</s>
<s id="s149.2">Uporabite takoj.</s>
<s id="s150.1">9.</s>
<s id="s150.2">POSEBNA NAVODILA ZA SHRANJEVANJE</s>
<s id="s151.1">Shranjujte in prevažajte pri temperaturi 2- 8 °C.</s>
<s id="s151.2">Cepivo ne sme zmrzniti.</s>
<s id="s152.1">13 10.</s>
<s id="s152.2">BESEDILO SAMO ZA ŽIVALI</s>
<s id="s153.1">Samo za živali.</s>
<s id="s154.1">11.</s>
<s id="s154.2">IME IN NASLOV IMETNIKA DOVOLJENJA ZA PROMET Z ZDRAVILOM TER IMETNIKA DOVOLJENJA ZA PROIZVODNJO ZDRAVILA, ODGOVORNEGA ZA SPROŠČANJE SERIJ V EGP, ČE STA RAZLIČNA</s>
<s id="s155.1">Intervet International</s>
<s id="s156.1">12.</s>
<s id="s156.2">IZDELOVALČEVA ŠTEVILKA</s>
<s id="s157.1">Serija: ………</s>
<s id="s158.1">13.</s>
<s id="s158.2">Številka EU</s>
<s id="s159.1">EU/ 2/ 02/ 036/ 001 (250 ml) EU/ 2/ 02/ 036/ 002 (500 ml)</s>
<s id="s160.1">14 B.</s>
<s id="s160.2">NAVODILO ZA UPORABO</s>
<s id="s161.1">15 NAVODILO ZA UPORABO</s>
<s id="s162.1">Nobilis OR inac, emulzija za injiciranje za piščance</s>
<s id="s163.1">1.</s>
<s id="s163.2">IME IN NASLOV IMETNIKA DOVOLJENJA ZA PROMET Z ZDRAVILOM TER IMETNIKA DOVOLJENJA ZA PROIZVODNJO ZDRAVILA, ODGOVORNEGA ZA SPROSTITEV SERIJ V EGP</s>
<s id="s164.1">Imetnik dovoljenja za promet z zdravilom in izdelovalec:</s>
<s id="s165.1">Intervet International Wim de Körverstraat 35 5831 AN Boxmeer Nizozemska</s>
<s id="s166.1">2.</s>
<s id="s166.2">IME ZDRAVILA ZA UPORABO V VETERINARSKI MEDICINI</s>
<s id="s167.1">Nobilis OR inac, emulzija za injiciranje za piščance</s>
<s id="s168.1">3.</s>
<s id="s168.2">NAVEDBA ZDRAVILNE( IH) UČINKOVIN( E) IN DRUGE( IH) SESTAVIN</s>
<s id="s169.1">V odmerku po 0, 25 ml:</s>
<s id="s170.1">Inaktivirana suspenzija celic bakterije Ornithobacterium rhinotracheale, serotip A, sev B3263/ 91 1 x 107 celic *</s>
<s id="s171.1">* pri preizkusu potentnosti pri piščancih spodbudi nastanek srednjega titra, ki je najmanj 11, 2 (log2)</s>
<s id="s172.1">Redko tekoči parafin:</s>
<s id="s172.2">Sledi formaldehida</s>
<s id="s173.1">107, 21 mg</s>
<s id="s174.1">4.</s>
<s id="s174.2">INDIKACIJE</s>
<s id="s175.1">Pasivna imunizacija brojlerjev z aktivno imunizacijo živali ženskega spola v brojlerskih matičnih jatah za zmanjšanje okužbe z Ornithobacterium rhinotracheale serotipa A, kadar je ta bakterija prisotna.</s>
<s id="s175.2">V razmerah na farmi se pasivna imunost prenaša v obdobju valjenja 43 tednov po zadnjem cepljenju brojlerskih matičnih jat, tako da traja pasivna imunost brojlerjev najmanj 14 dni po izvalitvi.</s>
<s id="s176.1">5.</s>
<s id="s176.2">KONTRAINDIKACIJE</s>
<s id="s177.1">Ne uporabite v obdobju valjenja.</s>
<s id="s178.1">6.</s>
<s id="s178.2">NEŽELENI UČINKI</s>
<s id="s179.1">Pri laboratorijskih preskusih so pri posmrtni preiskavi zasledili prehodno lokalno oteklino pri 40% živali, ki je trajala najmanj 14 dni po subkutanem cepljenju.</s>
<s id="s179.2">V razmerah na farmi so poročali o sporadičnih lokalnih in sistemskih kliničnih reakcijah.</s>
<s id="s179.3">Če opazite kakršne koli resne stranske učinke ali druge učinke, ki niso omenjeni v teh navodilih za uporabo, obvestite svojega veterinarja.</s>
<s id="s180.1">16 7.</s>
<s id="s180.2">CILJNE ŽIVALSKE VRSTE</s>
<s id="s181.1">Piščanci</s>
<s id="s182.1">8.</s>
<s id="s182.2">ODMERKI ZA POSAMEZNE ŽIVALSKE VRSTE TER POT( I) IN NAČIN UPORABE ZDRAVILA</s>
<s id="s183.1">Enkratni odmerek po 0, 25 ml.</s>
<s id="s184.1">Subkutano na vratu ali intramuskularno v prsni predel.</s>
<s id="s185.1">9.</s>
<s id="s185.2">NASVET O PRAVILNI UPORABI ZDRAVILA</s>
<s id="s186.1">Cepivo pred uporabo ogrejte na sobno temperaturo (15- 25 °C).</s>
<s id="s186.2">Pred uporabo dobro pretresite.</s>
<s id="s186.3">Uporabite sterilno opremo za cepljenje.</s>
<s id="s187.1">Shema cepljenja:</s>
<s id="s187.2">Shema cepljenja je dve injekciji z odmerkom po 0, 25 ml subkutano na vratu ali intramuskularno v prsni predel.</s>
<s id="s187.3">Prvi odmerek lahko dajemo pri starosti 6 do 12 tednov.</s>
<s id="s187.4">Drugega odmerka ne smemo dati prej kot najmanj 6 tednov po prvem, pri starosti 14 do 18 tednov.</s>
<s id="s188.1">10.</s>
<s id="s188.2">KARENCA</s>
<s id="s189.1">Nič dni.</s>
<s id="s190.1">11.</s>
<s id="s190.2">POSEBNA NAVODILA ZA SHRANJEVANJE</s>
<s id="s191.1">Shranjujte nedosegljivo otrokom.</s>
<s id="s191.2">Shranjujte in prevažajte pri temperaturi 2- 8 ºC.</s>
<s id="s191.3">Cepivo ne sme zmrzniti.</s>
<s id="s191.4">Zdravila ne smete uporabljati po datumu izteka roka uporabnosti, navedenega na nalepki.</s>
<s id="s192.1">12.</s>
<s id="s192.2">POSEBNA OPOZORILA</s>
<s id="s193.1">O kompatibilnosti tega cepiva z drugimi cepivi ni podatkov.</s>
<s id="s193.2">Zato njegova varnost in učinkovitost pri sočasni uporabi z drugimi cepivi (isti dan ali ob drugem času) ni dokazana.</s>
<s id="s194.1">Namenjeno uporabniku:</s>
<s id="s194.2">Ta izdelek vsebuje mineralno olje.</s>
<s id="s194.3">Nenamerno injiciranje/ samoinjiciranje lahko povzroči hude bolečine in otekline, zlasti ob injiciranju v sklep ali prst, in lahko v izjemnih primerih, če ni zagotovljena takojšnja zdravniška oskrba, privede do izgube prizadetega prsta.</s>
<s id="s194.4">Če vam je bil ta izdelek nenamerno injiciran, se takoj posvetujte z zdravnikom, čeprav je bila injicirana le majhna količina, in mu pokažite navodila za uporabo.</s>
<s id="s194.5">Če bolečina ne popusti po 12 urah po zdravniškem pregledu, se ponovno posvetujte z zdravnikom.</s>
<s id="s195.1">17 Namenjeno zdravniku:</s>
<s id="s195.2">Ta izdelek vsebuje mineralno olje.</s>
<s id="s195.3">Čeprav je bila injicirana le majhna količina, lahko nenamerno injiciranje tega izdelka povzroči močno oteklino, ki lahko na primer privede do ishemične nekroze ter celo do izgube prsta.</s>
<s id="s195.4">Potreben je strokoven, TAKOJŠEN, kirurški poseg ter morda tudi takojšnja incizija in izpiranje injiciranega mesta, zlasti če so prizadete tudi kite ali mehka tkiva prsta.</s>
<s id="s196.1">Dvojni odmerek v primerjavi z enojnim odmerkom cepiva ni povzročil dodatnih neželenih učinkov.</s>
<s id="s196.2">Občasno so zasledili manjše otekline v obliki zatrdlin (0, 5 do 2, 0 cm), ki so minile v 21 dneh po cepljenju.</s>
<s id="s197.1">Ne mešajte z nobenim drugim cepivom ali imunološkim izdelkom.</s>
<s id="s198.1">13.</s>
<s id="s198.2">POSEBNI VARNOSTNI UKREPI ZA ODSTRANJEVANJE NEPORABLJENEGA ZDRAVILA ALI ODPADNIH SNOVI, ČE OBSTAJAJO</s>
<s id="s199.1">Vsako neporabljeno zdravilo ali odpadne snovi, ki nastanejo iz teh zdravil, je treba odstraniti v skladu z lokalnimi predpisi.</s>
<s id="s200.1">14.</s>
<s id="s200.2">DATUM ZADNJE ODOBRITVE NAVODIL ZA UPORABO</s>
<s id="s201.1">10. 01. 2008</s>
<s id="s202.1">15.</s>
<s id="s202.2">DRUGE INFORMACIJE</s>
<s id="s203.1">Samo za živali.</s>
<s id="s204.1">Izdelek vsebuje inaktivirane celice bakterije Ornithobacterium rhinotracheale, serotip A, sev B3263/ 91 v obliki mešanice z oljnim adjuvansom.</s>
<s id="s204.2">Cepivo uporabljamo za spodbujanje aktivne imunosti pri brojlerskih matičnih jatah, povzroči pasivno imunost potomcev proti Ornithobacterium rhinotracheale, serotip A.</s>
<s id="s205.1">18</s>
</body>
</letsmt>
