<?xml version="1.0" encoding="utf-8"?>
<letsmt version="1.0">
<head></head>
<body>
<s id="s1.1">European Medicines Agency Veterinary Medicines</s>
<s id="s2.1">EMEA/ V/ C/ 129</s>
<s id="s3.1">EVROPSKO JAVNO POROČILO O OCENI ZDRAVILA (EPAR)</s>
<s id="s4.1">ZACTRAN</s>
<s id="s5.1">Povzetek EPAR za javnost</s>
<s id="s6.1">Ta dokument je povzetek evropskega javnega poročila o oceni zdravila (EPAR).</s>
<s id="s6.2">Njegov namen je pojasniti, kako je Odbor za zdravila za uporabo v veterinarski medicini (CVMP) ocenil predloženo dokumentacijo, na podlagi katere je oblikoval priporočila glede uporabe zdravila.</s>
<s id="s6.3">Ta dokument ne more nadomestiti osebnega pogovora z veterinarjem.</s>
<s id="s6.4">Če potrebujete več informacij o zdravstvenem stanju ali zdravljenju vaše živali, se posvetujte z veterinarjem.</s>
<s id="s6.5">Če želite več informacij, ki temeljijo na priporočilih CVMP, preberite znanstveno razpravo (ki je prav tako del EPAR).</s>
<s id="s7.1">Kaj je zdravilo Zactran?</s>
<s id="s7.2">Zdravilo Zactran je raztopina za injiciranje za govedo, ki vsebuje zdravilno učinkovino gamitromicin (150 mg/ ml).</s>
<s id="s8.1">Za kaj se zdravilo Zactran uporablja?</s>
<s id="s8.2">Zdravilo Zactran je antibiotic.</s>
<s id="s8.3">Uporablja se za zdravljenje ali preventivno zdravljenje respiratorne bolezni govedi (BRD), ki jo povzročajo bakterije Mannheimia haemolytica, Pasteurella multocida in Histophilus somni.</s>
<s id="s8.4">Kadar se zdravilo Zactran uporablja za preventivno zdravljenje respiratorne bolezni govedi, je treba najprej ugotoviti, ali je bolezen v čredi prisotna.</s>
<s id="s8.5">Zdravilo Zactran se injicira subkutano (pod kožo).</s>
<s id="s8.6">Odmerek se izračuna na podlagi telesne mase zdravljene živali.</s>
<s id="s8.7">Živalim, ki tehtajo več kot 250 kg, bo treba zdravilo injicirati na več mestih.</s>
<s id="s9.1">Kako zdravilo Zactran deluje?</s>
<s id="s9.2">Zdravilna učinkovina zdravila Zactran, gamitromicin, je antibiotik iz skupine makrolidov.</s>
<s id="s9.3">Deluje tako, da blokira ribosome bakterij, t. j. dele celice, kjer se tvorijo beljakovine, in s tem preprečuje rast bakterij.</s>
<s id="s10.1">Kako je bilo zdravilo Zactran raziskano?</s>
<s id="s10.2">Učinkovitost zdravila Zactran pri govedu so dokazali v ustreznih študijah.</s>
<s id="s10.3">Glavne klinične študije so bile izvedene na kmetijah v številnih evropskih državah in zunaj EU.</s>
<s id="s10.4">Učinkovitost zdravila Zactran pri zdravljenju respiratorne bolezni govedi so preučevali tako, da so njegovo uporabo pri že okuženem govedu primerjali z drugim makrolidnim antibiotikom (tulatromicinom), ki je že odobren v EU.</s>
<s id="s10.5">Učinkovitost zdravila Zactran pri preventivnem zdravljenju respiratorne bolezni govedi so preučevali tako, da so ga primerjali s placebom (zdravilom brez zdravilne učinkovine) pri govedu, ki je bilo v stiku z okuženimi živalmi na isti kmetiji in pri katerem posledično obstaja večja verjetnost, da zbolijo za to boleznijo.</s>
<s id="s10.6">7 Westferry Circus, Canary Wharf, London E14 4HB, UK Tel.</s>
<s id="s10.7">(44- 20) 74 18 84 00 Fax (44- 20) 74 18 84 47 E- mail: mail@ emea. europa. eu http: // www. emea. europa. eu</s>
<s id="s11.1">© European Medicines Agency, 2008.</s>
<s id="s11.2">Reproduction is authorised provided the source is acknowledged.</s>
<s id="s11.3">Kakšne koristi je zdravilo Zactran izkazalo med študijami?</s>
<s id="s11.4">Zdravilo Zactran se je izkazalo kot učinkovito pri zdravljenju in preventivnem zdravljenju respiratorne bolezni govedi, povezane z okužbo z bakterijami Mannheimia haemolytica, Pasteurella multocida in Histophilus somni.</s>
<s id="s11.5">Pri zdravljenju respiratorne bolezni govedi se je zdravilo Zactran izkazalo za enako učinkovito kot tulatromicin.</s>
<s id="s12.1">Kakšna tveganja so povezana z zdravilom Zactran?</s>
<s id="s12.2">Pri 45% živali se po injiciranju zdravila Zactran pojavi oteklina na mestu injiciranja.</s>
<s id="s12.3">Pojavijo se lahko tudi znaki blažje bolečine, ki pa ne trajajo več kot en dan.</s>
<s id="s12.4">Oteklina se običajno zmanjša v 3 do 14 dneh, pri posameznih živalih pa lahko izjemoma traja do 35 dni po uporabi zdravila.</s>
<s id="s13.1">Kakšne previdnostne ukrepe mora upoštevati oseba, ki daje zdravilo ali pride v stik z živaljo?</s>
<s id="s13.2">Osebe z znano preobčutljivostjo za (alergijo na) sorodne antibiotike (iz skupine makrolidov) naj se izogibajo stiku z zdravilom Zactran.</s>
<s id="s13.3">Zdravilo Zactran lahko draži oči ali kožo, zato se izogibajte stiku zdravila s temi deli telesa.</s>
<s id="s13.4">Če pride do stika zdravila Zactran z očmi, jih takoj sperite s čisto vodo.</s>
<s id="s13.5">Če pride do stika zdravila s kožo, takoj umijte izpostavljene dele s čisto vodo.</s>
<s id="s13.6">V primeru nenamernega samoinjiciranja se takoj posvetujte z zdravnikom in mu pokažite navodilo za uporabo ali ovojnino.</s>
<s id="s14.1">Koliko časa mora preteči, preden se lahko žival zakolje in meso porabi za prehrano ljudi (obdobje karence)?</s>
<s id="s14.2">Goveda se ne sme zaklati 64 dni po uporabi zdravila Zactran.</s>
<s id="s15.1">Koliko časa je treba počakati, preden se mleko živali lahko uporabi za prehrano ljudi?</s>
<s id="s15.2">Varnost uporabe zdravila Zactran pri živalih, namenjenih za razplod, ni bila raziskana, zato se zdravila ne sme uporabljati pri kravah v obdobju laktacije ali telicah, ki dajejo mleko za prehrano ljudi.</s>
<s id="s15.3">Zdravila ne dajemo brejim kravam ali telicam, katerih mleko je namenjeno prehrani ljudi, v obdobju dveh mesecev pred pričakovanim porodom.</s>
<s id="s16.1">Zakaj je bilo zdravilo Zactran odobreno?</s>
<s id="s16.2">Odbor za zdravila za uporabo v veterinarski medicini (CVMP) je zaključil, da koristi zdravila Zactran presegajo z njim povezana tveganja pri zdravljenju in preventivnem zdravljenju respiratorne bolezni govedi, povezane z okužbo z bakterijami Mannheimia haemolytica, Pasteurella multocida in Histophilus somni (pred preventivnim zdravljenjem je treba oceniti prisotnost bolezni v čredi), in priporočil, da se za zdravilo Zactran odobri dovoljenje za promet.</s>
<s id="s16.3">Razmerje med koristmi in tveganji najdete v modulu 6 tega evropskega javnega poročila o oceni zdravila (EPAR).</s>
<s id="s17.1">stran 2/ 3 Druge informacije o zdravilu Zactran:</s>
<s id="s17.2">Evropska komisija je dovoljenje za promet z zdravilom Zactran, veljavno po vsej Evropski uniji, odobrila družbi Merial dne 24/ 07/ 2008.</s>
<s id="s17.3">Podatki o predpisovanju tega zdravila so navedeni na nalepki/ zunanji ovojnini.</s>
<s id="s18.1">Povzetek je bil nazadnje posodobljen julija 2008.</s>
<s id="s19.1">stran 3/ 3</s>
</body>
</letsmt>
