<?xml version="1.0" encoding="utf-8"?>
<letsmt version="1.0">
<head></head>
<body>
<s id="s1.1">European Medicines Agency Veterinary Medicines</s>
<s id="s2.1">EMEA/ V/ C/ 092</s>
<s id="s3.1">EVROPSKO JAVNO POROČILO O OCENI ZDRAVILA (EPAR)</s>
<s id="s4.1">PUREVAX RCCH</s>
<s id="s5.1">Povzetek EPAR za javnost</s>
<s id="s6.1">Ta dokument je povzetek Evropskega javnega poročila o oceni zdravila (EPAR).</s>
<s id="s6.2">Njegov namen je pojasniti, kako je Odbor za zdravila za uporabo v veterinarski medicini (CVMP) ocenil predloženo dokumentacijo, na podlagi katere je oblikoval priporočila glede uporabe zdravila.</s>
<s id="s6.3">Ta dokument ne more nadomestiti osebnega pogovora z veterinarjem.</s>
<s id="s6.4">Če potrebujete več informacij o zdravstvenem stanju ali zdravljenju vaše živali, se posvetujte z veterinarjem.</s>
<s id="s6.5">Če želite več informacij, ki temeljijo na priporočilih CVMP, preberite znanstveno razpravo (ki je prav tako del EPAR).</s>
<s id="s7.1">Kaj je zdravilo Purevax RCCh?</s>
<s id="s8.1">Zdravilo Purevax RCCh je cepivo, ki vsebuje naslednje zdravilne učinkovine: • atenuirani (oslabljeni) herpesvirus rinotraheitisa mačk (sev FHV F2), • inaktivirane (uničene) antigene kalicivirusa mačk (seva FCV 431 in G1), • atenuirano bakterijo Chlamydophila felis (sev 905).</s>
<s id="s9.1">Zdravilo Purevax RCCh je v obliki liofilizata (pelete, posušene v zamrznjenem stanju) in vehikla, iz katerih se pripravi suspenzija za injiciranje.</s>
<s id="s10.1">Za kaj se zdravilo Purevax RCCh uporablja?</s>
<s id="s11.1">Zdravilo Purevax RCCh se uporablja za cepljenje mačk od 8. tedna starosti naprej proti naslednjim boleznim: • virusnemu rinotraheitisu mačk (gripi podobni bolezni, ki jo povzroča herpesvirus), • kalicivirozi mačk (gripi podobni bolezni z vnetjem ust, ki jo povzroča kalicivirus), • klamidiozi (gripi podobni bolezni, ki jo povzroča bakterija C. felis).</s>
<s id="s12.1">Cepivo pripomore k zmanjšanju simptomov bolezni.</s>
<s id="s12.2">Cepivo tudi zmanjša izločanje virusov pri kalicivirozi.</s>
<s id="s13.1">Ko zdravilo Purevax RCCh pripravimo, ga 1 ml injiciramo pod kožo.</s>
<s id="s13.2">Prva injekcija se daje mačkam od osmega tedna starosti naprej, druga injekcija pa 3 do 4 tedne pozneje.</s>
<s id="s13.3">Če ima mačka večjo količino protiteles, ki jih je podedovala od matere, je treba prvo cepljenje začeti pri 12. tednih starosti.</s>
<s id="s13.4">Mačko je treba ponovno cepiti za vse sestavine cepiva eno leto po prvem cepljenju in nato vsako leto za rinotraheitis, kalicivirozo in klamidiozo.</s>
<s id="s14.1">7 Westferry Circus, Canary Wharf, London E14 4HB, UK Tel.</s>
<s id="s14.2">(44- 20) 74 18 84 00 Fax (44- 20) 74 18 84 16 E- mail: mail@ emea. europa. eu http: // www. emea. europa. eu ©EMEA 2008 Reproduction and/ or distribution of this document is authorised provided the source is acknowledged Kako zdravilo Purevax RCCh deluje?</s>
<s id="s15.1">Zdravilo Purevax RCCh je cepivo.</s>
<s id="s15.2">Cepiva delujejo tako, da imunski sistem (naravne obrambne mehanizme telesa) „ naučijo “ obrambe pred boleznimi.</s>
<s id="s15.3">Zdravilo Purevax RCCh vsebuje majhne količine oslabljenih oblik ali uničenih virusov in bakterij, ki povzročajo zgoraj navedene bolezni.</s>
<s id="s16.1">Ko mačko cepimo, imunski sistem prepozna oslabljene ali uničene viruse in oslabljene bakterije kot „ tuje “ ter proti njim tvori protitelesa.</s>
<s id="s16.2">Ob ponovni izpostavitvi virusom ali bakterijam v prihodnosti bo imunski sistem hitreje izdelal protitelesa.</s>
<s id="s16.3">Protitelesa mu bodo pomagala pri zaščiti pred boleznimi, ki jih povzročajo ti virusi in bakterije.</s>
<s id="s16.4">Pri izpostavljenosti kateremu koli od teh virusov pozneje v življenju se mačka ne bo okužila ali pa bo okužba blažja.</s>
<s id="s17.1">Kako je bilo zdravilo Purevax RCCh raziskano?</s>
<s id="s18.1">Učinkovitost zdravila Purevax RCCh so proučili v več preskušanjih v laboratorijih, kjer so mačke cepili in okužili z virulentnim herpesvirusom, kalicivirusom ali C. felis.</s>
<s id="s18.2">V študijah zdravila Purevax RCCh na terenu so preverili osnovni cepilni program (2 injekciji 3– 4 tedne narazen) in obnovitveno cepljenje (samo ena injekcija).</s>
<s id="s18.3">V študije so vključili mlade in odrasle mačke različnih pasem, ne pa muck.</s>
<s id="s18.4">Glavno merilo učinkovitosti je bila raven protiteles v krvi proti virusoma in bakteriji iz cepiva.</s>
<s id="s19.1">Kakšne koristi je zdravilo Purevax RCCh izkazalo med študijami?</s>
<s id="s20.1">V laboratorijskih pogojih je zdravilo Purevax RCCh dokazalo, da nudi zaščito proti zgoraj navedenim boleznim.</s>
<s id="s20.2">V terenski študiji osnovnega cepljenja so ugotovili zvišanje ravni protiteles proti herpesvirusu rinotraheitisa mačk in kalicivirusu mačk.</s>
<s id="s20.3">Porasta ravni protiteles proti C. felis ni bilo mogoče zaznati zaradi visokih ravni protiteles pri mačkah na začetku študije.</s>
<s id="s20.4">V študiji obnovitvenega cepljenja so ugotovili, da so ravni protiteles proti herpesvirusu rinotraheitisa mačk, kalicivirusu mačk in C. felis ostale stabilne na visoki vrednosti ali pa so se zvišale.</s>
<s id="s21.1">Kakšna tveganja so povezana z zdravilom Purevax RCCh?</s>
<s id="s22.1">Občasno se lahko pri mački pojavi začasna apatija (izguba interesa za okolico) in anoreksija (izguba apetita) ter hipertermija (zvišana telesna temperatura), ki traja en dan ali dva.</s>
<s id="s22.2">Na mestu injiciranja se lahko pojavi lokalna reakcija z rahlimi bolečinami ob dotiku, srbečico ali edemom (oteklino), ki ponavadi izgine v enem do dveh tednih.</s>
<s id="s22.3">Za celoten seznam neželenih učinkov, o katerih so poročali pri uporabi zdravila Purevax RCCh, glejte navodilo za uporabo.</s>
<s id="s22.4">Zdravilo Purevax RCCh se ne sme uporabljati za breje mačke.</s>
<s id="s23.1">Kakšne previdnostne ukrepe mora upoštevati oseba, ki daje zdravilo ali pride v stik z živaljo?</s>
<s id="s24.1">Če ste si to zdravilo nenamerno injicirali, nemudoma poiščite zdravniško pomoč in zdravniku pokažite navodilo za uporabo ali ovojnino.</s>
<s id="s24.2">S cepivom ne smejo ravnati osebe z oslabljenim imunskim sistemom.</s>
<s id="s24.3">Če si takšna oseba zdravilo nenamerno injicira, morate zdravniku povedati, da je prišlo do nenamernega injiciranja živega klamidijskega cepiva.</s>
<s id="s25.1">©EMEA 2008</s>
<s id="s26.1">2/ 3</s>
<s id="s27.1">Zakaj je bilo zdravilo Purevax RCCh odobreno?</s>
<s id="s28.1">Odbor za zdravila za uporabo v veterinarski medicini (CVMP) je zaključil, da so koristi zdravila Purevax RCCh za aktivno imunizacijo mačk, starejših od osem tednov, proti zgoraj navedenim boleznim večje od tveganj, in priporočil odobritev dovoljenja za promet z zdravilom Purevax RCCh.</s>
<s id="s28.2">Razmerje med koristmi in tveganji najdete v modulu 6 tega evropskega javnega poročila o oceni zdravila (EPAR).</s>
<s id="s29.1">Druge informacije o zdravilu Purevax RCCh:</s>
<s id="s30.1">Evropska komisija je dovoljenje za promet z zdravilom Purevax RCCh, veljavno po vsej Evropski uniji, odobrila družbi MERIAL dne 23. februarja 2005.</s>
<s id="s31.1">Povzetek je bil nazadnje posodobljen 25. januarja 2008.</s>
<s id="s32.1">©EMEA 2008</s>
<s id="s33.1">3/ 3</s>
</body>
</letsmt>
