<?xml version="1.0" encoding="utf-8"?>
<letsmt version="1.0">
<head></head>
<body>
<s id="s1.1">DODATEK I</s>
<s id="s2.1">POVZETEK GLAVNIH ZNAČILNOSTI ZDRAVILA</s>
<s id="s3.1">1/ 17 1.</s>
<s id="s3.2">IME ZDRAVILA ZA UPORABO V VETERINARSKI MEDICINI</s>
<s id="s4.1">Purevax RCCh</s>
<s id="s5.1">2.</s>
<s id="s5.2">KAKOVOSTNA IN KOLIČINSKA SESTAVA</s>
<s id="s6.1">Zdravilne učinkovine:</s>
<s id="s6.2">V odmerku po 1 ml:</s>
<s id="s6.3">Liofilizat:</s>
<s id="s6.4">Atenuirani herpes virus rinotraheitisa mačk (sev FHV F2)............................................. ≥ 104, 9 CCID501 Inaktivirani antigeni kalici virusa mačk (sev FCV 431 in G1)......................... ≥ 2, 0 enot v testu ELISA Atenuirana Chlamydophila felis (sev 905)......................................................................... ≥ 103, 0 EID502 Pomožna snov:</s>
<s id="s6.5">Gentamicin, največ...........................................................................................................................</s>
<s id="s6.6">28 µg Vehikel:</s>
<s id="s6.7">Voda za injiciranje........................................................................................................................ q. s.</s>
<s id="s6.8">1 ml 1:</s>
<s id="s6.9">50% infektivni odmerek za celično kulturo 2:</s>
<s id="s6.10">50% infektivni odmerek za embrionirana kokošja jajca</s>
<s id="s7.1">Za celoten seznam pomožnih snovi, glejte poglavje 6. 1.</s>
<s id="s8.1">3.</s>
<s id="s8.2">FARMACEVTSKA OBLIKA</s>
<s id="s9.1">Liofilizat in vehikel za suspenzijo za injiciranje.</s>
<s id="s10.1">4.</s>
<s id="s10.2">KLINIČNI PODATKI</s>
<s id="s11.1">4. 1 Ciljne živalske vrste</s>
<s id="s12.1">Mačke.</s>
<s id="s13.1">4. 2 Indikacije za uporabo</s>
<s id="s14.1">Aktivna imunizacija 8 tednov starih mačk in starejših:</s>
<s id="s15.1">- Proti kužnemu rinotraheitisu mačk, za ublažitev kliničnih znamenj,</s>
<s id="s16.1">- Proti okužbam s kalicivirusi, za ublažitev kliničnih znamenj in zmanjšanje izločanja virusov,</s>
<s id="s17.1">- Proti okužbam s Chlamydophila felis, za ublažitev kliničnih znamenj.</s>
<s id="s18.1">Imunost proti kužnemu rinotraheitisu, kalicivirusu mačk in Chlamydophila felis nastopi 1 teden po osnovnem cepljenju.</s>
<s id="s18.2">Živali so odporne eno leto po zadnjem cepljenju.</s>
<s id="s19.1">4. 3 Kontraindikacije</s>
<s id="s20.1">Ne uporabite v obdobju brejosti.</s>
<s id="s20.2">Uporaba ni priporočljiva v obdobju laktacije.</s>
<s id="s21.1">4. 4 Posebna opozorila</s>
<s id="s22.1">Jih ni.</s>
<s id="s23.1">2/ 17 4. 5 Posebni previdnostni ukrepi</s>
<s id="s24.1">Posebni previdnostni ukrepi za uporabo pri živalih</s>
<s id="s25.1">Cepite le zdrave živali.</s>
<s id="s26.1">Posebni previdnostni ukrepi, ki jih mora izvajati oseba, ki živalim daje zdravilo</s>
<s id="s27.1">V primeru nenamernega samo- injiciranja se takoj posvetujte z zdravnikom in mu pokažite navodila za uporabo ali nalepko na zunanji ovojnini.</s>
<s id="s27.2">Oseba, ki daje zdravilo živalim, ne sme imeti oslabljenega imunskega sistema ali uživati zdravila, ki slabijo imunski sistem.</s>
<s id="s27.3">V primeru samo- injiciranja se takoj posvetujte z zdravnikom in mu povejte, da je prišlo do samo- injiciranja z živim cepivom, ki vsebuje klamidijo.</s>
<s id="s28.1">4. 6 Neželeni učinki (pogostost in resnost)</s>
<s id="s29.1">Pri normalnih pogojih uporabe se lahko občasno pojavijo prehodna apatija in neješčnost.</s>
<s id="s29.2">Lahko se pojavi tudi povišana telesna temperatura (običajno traja 1 do 2 dni).</s>
<s id="s29.3">Lahko se pojavi lokalna reakcija (šibka bolečina, srbež ali omejena oteklina), ki mine v največ 1 do 2 tednih.</s>
<s id="s29.4">Izjemoma se lahko pojavi preobčutljivostna reakcija na mestu vnosa cepiva, ki jo je treba ustrezno simptomatsko zdraviti.</s>
<s id="s29.5">V zelo redkih primerih sta se en teden do tri tedne po ponovnem cepljenju pri odraslih mačkah pojavili prehodna hipertermija in letargičnost, včasih tudi v povezavi s šepanjem.</s>
<s id="s30.1">4. 7 Uporaba v obdobju brejosti, laktacije ali nesnosti</s>
<s id="s31.1">Ne uporabite v obdobju brejosti.</s>
<s id="s31.2">Uporaba ni priporočljiva v obdobju laktacije.</s>
<s id="s32.1">4. 8 Medsebojno delovanje z drugimi zdravili in druge oblike interakcij</s>
<s id="s33.1">Podatki o varnosti in učinkovitosti dokazujejo, da se lahko cepivo uporablja sočasno z Merialovim neadjuviranim cepivom proti mačji levkemiji in/ ali se ga lahko uporabi isti dan kot Merialovo adjuvirano cepivo proti steklini, vendar se ga ne sme mešati z omenjenim cepivom.</s>
<s id="s34.1">4. 9 Odmerjanje in pot uporabe</s>
<s id="s35.1">Po rekonstituciji liofilizirane sestavine z vehiklom injicirajte 1- ml odmerek cepiva v podkožje, po naslednjem razporedu:</s>
<s id="s36.1">Osnovno cepljenje:</s>
<s id="s37.1">- prva injekcija od osmega tedna starosti naprej,</s>
<s id="s38.1">- druga injekcija 3 do 4 tedne pozneje.</s>
<s id="s39.1">V primeru večjih količin maternalnih specifičnih protiteles, je treba osnovno cepljenje začeti pri 12 tednih starosti.</s>
<s id="s40.1">Ponovno cepljenje: enkrat letno.</s>
<s id="s41.1">4. 10 Preveliko odmerjanje (simptomi, nujni ukrepi, protistrupi), če je potrebno</s>
<s id="s42.1">Drugi učinki, razen tistih ki so navedeni v poglavju » Neželeni učinki «, niso znani.</s>
<s id="s42.2">Izjemoma lahko povišana temperatura traja pet dni.</s>
<s id="s43.1">3/ 17 4. 11 Karenca( e)</s>
<s id="s44.1">Navedba ni smiselna.</s>
<s id="s45.1">5.</s>
<s id="s45.2">IMUNOLOŠKE LASTNOSTI</s>
<s id="s46.1">Oznaka ATC vet: QI06AJ02</s>
<s id="s47.1">Cepivo proti virusnemu rinotraheitisu, kalicivirusu in klamidiozi.</s>
<s id="s47.2">Vzpodbuja aktivno imunost proti herpesvirusu kužnega rinotraheitisa, kalicivirusu in Chlamydophila felis.</s>
<s id="s48.1">6.</s>
<s id="s48.2">FARMACEVTSKI PODATKI</s>
<s id="s49.1">6. 1.</s>
<s id="s49.2">Seznam pomožnih snovi</s>
<s id="s50.1">Sukroza Sorbitol Dextran 40 Hidrolizat kazeina Hidrolizat kolagena Soli</s>
<s id="s51.1">6. 2 Inkompatibilnosti</s>
<s id="s52.1">Ne mešajte z nobenim drugim cepivom ali imunološkim izdelkom, razen s tistimi, ki so omenjeni v poglavju » Medsebojno delovanje «.</s>
<s id="s53.1">6. 3 Rok uporabnosti</s>
<s id="s54.1">18 mesecev.</s>
<s id="s54.2">Uporabite takoj po rekonstituciji</s>
<s id="s55.1">6. 4 Posebna navodila za shranjevanje</s>
<s id="s56.1">Shranjujte in prevažajte pri temperaturi 2°C – 8°C.</s>
<s id="s56.2">Zaščitite pred svetlobo.</s>
<s id="s56.3">Zdravilo ne sme zmrzniti.</s>
<s id="s57.1">6. 5 Vrsta ovojnine in vsebina</s>
<s id="s58.1">Prebodna steklenička iz stekla tipa 1, ki vsebuje 1 odmerek liofilizata, in prebodna steklenička iz stekla tipa I, ki vsebuje vehikel; obe zaprti z gumijastim zamaškom in zaščiteni z aluminijasto zaporko.</s>
<s id="s58.2">Vsebnik z10 stekleničkami z 1 odmerkom liofilizata in 10 stekleničkami po 1 ml vehikla Vsebnik s 50 stekleničkami z 1 odmerkom liofilizata in 50 stekleničkami po 1 ml vehikla Ni nujno, da so v prometu vsa navedena pakiranja.</s>
<s id="s59.1">6. 6 Posebni varnostni ukrepi za odstranjevanje neporabljenega zdravila ali odpadnih snovi</s>
<s id="s60.1">Odpadne snovi odstranite s prekuhavanjem, sežigom ali potopitvijo v ustreznem dezinfekcijskem sredstvu, katerega uporabo odobrijo pristojni organi.</s>
<s id="s61.1">4/ 17 7.</s>
<s id="s61.2">IMETNIK( I) DOVOLJENJ( A) ZA PROMET</s>
<s id="s62.1">MERIAL 29 avenue Tony Garnier 69007 LYON FRANCIJA</s>
<s id="s63.1">8.</s>
<s id="s63.2">ŠTEVILKA( E) DOVOLJENJ( A) ZA PROMET</s>
<s id="s64.1">EU/ 2/ 04/ 049/ 001- 002</s>
<s id="s65.1">9.</s>
<s id="s65.2">DATUM PRIDOBITVE/ PODALJŠANJA DOVOLJENJA ZA PROMET</s>
<s id="s66.1">23/ 02/ 2005</s>
<s id="s67.1">10.</s>
<s id="s67.2">DATUM REVIZIJE BESEDILA</s>
<s id="s68.1">12/ 02/ 2009</s>
<s id="s69.1">Podrobne informacije o tem zdravilu za uporabo v veterinarski medicini so na voljo na spletni strani Evropske agencije za zdravila (European Medicines Agency, EMEA) http: // www. emea. europa. eu /.</s>
<s id="s70.1">PREPOVED PRODAJE, OSKRBE IN/ ALI UPORABE</s>
<s id="s71.1">Navedba ni smiselna.</s>
<s id="s72.1">5/ 17 DODATEK II</s>
<s id="s73.1">A.</s>
<s id="s73.2">IZDELOVALEC BIOLOŠKE ZDRAVILNE UČINKOVINE (ZDRAVILNIH UČINKOVIN) IN IMETNIK DOVOLJENJA ZA IZDELAVO ZDRAVILA, ODGOVOREN ZA SPROSTITEV SERIJE</s>
<s id="s74.1">B.</s>
<s id="s74.2">POGOJI TER OMEJITVE GLEDE OSKRBE IN UPORABE</s>
<s id="s75.1">C.</s>
<s id="s75.2">PREPOVED PRODAJE, OSKRBE IN/ ALI UPORABE</s>
<s id="s76.1">D.</s>
<s id="s76.2">NAVEDBA NAJVIŠJIH DOVOLJENIH KOLIČIN ZAOSTANKOV ZDRAVILA (MRL)</s>
<s id="s77.1">6/ 17 A IZDELOVALEC BIOLOŠKE ZDRAVILNE UČINKOVINE (ZDRAVILNIH UČINKOVIN) IN IMETNIK DOVOLJENJA ZA IZDELAVO ZDRAVILA, ODGOVOREN ZA SPROSTITEV SERIJE</s>
<s id="s78.1">Ime in naslov izdelovalcev biološke zdravilne učinkovine (zdravilnih učinkovin).</s>
<s id="s79.1">Merial Laboratory of Lyon Porte des Alpes Rue de l’ aviation 69800 SAINT- PRIEST France</s>
<s id="s80.1">Merial Laboratory of Lyon Gerland 254, Avenue Marcel Mérieux 69007 LYON France</s>
<s id="s81.1">Ime in naslov izdelovalca zdravila, odgovornega za sprostitev serije</s>
<s id="s82.1">Merial Laboratory of Lyon Porte des Alpes Rue de l’ aviation 69800 SAINT- PRIEST Francija</s>
<s id="s83.1">B POGOJI DOVOLJENJA ZA PROMET Z ZDRAVILOM TER OMEJITVE GLEDE OSKRBE IN UPORABE</s>
<s id="s84.1">Izdaja zdravila je le na veterinarski recept.</s>
<s id="s85.1">C.</s>
<s id="s85.2">PREPOVED PRODAJE, OSKRBE IN/ ALI UPORABE</s>
<s id="s86.1">Navedba ni smiselna</s>
<s id="s87.1">D.</s>
<s id="s87.2">NAVEDBA NAJVIŠJIH DOVOLJENIH KOLIČIN ZAOSTANKOV ZDRAVILA (MRL)</s>
<s id="s88.1">Navedba ni smiselna.</s>
<s id="s89.1">7/ 17 DODATEK III</s>
<s id="s90.1">OZNAČEVANJE IN NAVODILO ZA UPORABO</s>
<s id="s91.1">8/ 17 A.</s>
<s id="s91.2">OZNAČEVANJE</s>
<s id="s92.1">9/ 17 PODATKI NA ZUNANJI OVOJNINI</s>
<s id="s93.1">1.</s>
<s id="s93.2">IME ZDRAVILA ZA UPORABO V VETERINARSKI MEDICINI</s>
<s id="s94.1">Purevax RCCh</s>
<s id="s95.1">2.</s>
<s id="s95.2">NAVEDBA ZDRAVILNE UČINKOVINE IN DRUGIH SNOVI</s>
<s id="s96.1">V odmerku po 1 ml:</s>
<s id="s96.2">FHV (sev F2)..................................................................................................................... ≥ 104, 9 CCID50 FCV (seva 431 in G1)....................................................................................... ≥ 2, 0 enot v testu ELISA Chlamydophila felis.............................................................................................................. ≥ 103, 0 EID50 Gentamicin, največ...........................................................................................................................</s>
<s id="s96.3">28 µg</s>
<s id="s97.1">3.</s>
<s id="s97.2">FARMACEVTSKA OBLIKA</s>
<s id="s98.1">Liofilizat in vehikel za suspenzijo za injiciranje.</s>
<s id="s99.1">4.</s>
<s id="s99.2">VELIKOST PAKIRANJA</s>
<s id="s100.1">Liofilizat (10 stekleničk z 1 odmerkom) in vehikel (10 stekleničk po 1 ml) Liofilizat (50 stekleničk z 1 odmerkom) in vehikel (50 stekleničk po 1 ml)</s>
<s id="s101.1">5.</s>
<s id="s101.2">CILJNE ŽIVALSKE VRSTE</s>
<s id="s102.1">Mačke.</s>
<s id="s103.1">6.</s>
<s id="s103.2">INDIKACIJA( E)</s>
<s id="s104.1">Pred uporabo preberite navodilo za uporabo.</s>
<s id="s105.1">7.</s>
<s id="s105.2">NAČIN IN POT( I) UPORABE</s>
<s id="s106.1">Subkutana uporaba.</s>
<s id="s107.1">8.</s>
<s id="s107.2">KARENCA</s>
<s id="s108.1">Navedba ni smiselna.</s>
<s id="s109.1">10/ 17 9.</s>
<s id="s109.2">POSEBNO( A) OPOZORILO( A), ČE JE/ SO POTREBNO( A)</s>
<s id="s110.1">Pred uporabo preberite navodilo za uporabo.</s>
<s id="s111.1">10.</s>
<s id="s111.2">DATUM IZTEKA ROKA UPORABNOSTI ZDRAVILA</s>
<s id="s112.1">EXP {mesec/ leto} Uporabite takoj po rekonstituciji.</s>
<s id="s113.1">11.</s>
<s id="s113.2">POSEBNA NAVODILA ZA SHRANJEVANJE</s>
<s id="s114.1">Shranjujte in prevažajte pri temperaturi 2°C – 8°C (v hladilniku).</s>
<s id="s114.2">Zaščitite pred svetlobo.</s>
<s id="s114.3">Zdravilo ne sme zmrzniti.</s>
<s id="s115.1">12.</s>
<s id="s115.2">POSEBNI VARNOSTNI UKREPI ZA ODSTRANJEVANJE NEPORABLJENEGA ZDRAVILA ALI ODPADNIH SNOVI, ČE OBSTAJAJO</s>
<s id="s116.1">Pred uporabo preberite navodilo za uporabo.</s>
<s id="s117.1">13.</s>
<s id="s117.2">BESEDILO “ SAMO ZA ŽIVALI ” IN POGOJI ALI OMEJITVE GLEDE OSKRBE IN UPORABE, če je navedba smiselna</s>
<s id="s118.1">Samo za živali - oskrba le na podlagi veterinarskega recepta</s>
<s id="s119.1">14.</s>
<s id="s119.2">BESEDILO “ ZDRAVILO SHRANJUJTE NEDOSEGLJIVO OTROKOM ”</s>
<s id="s120.1">Zdravilo shranjujte nedosegljivo otrokom.</s>
<s id="s121.1">15.</s>
<s id="s121.2">IME IN NASLOV IMETNIKA DOVOLJENJA ZA PROMET Z ZDRAVILOM</s>
<s id="s122.1">MERIAL 29 avenue Tony Garnier F- 69007 LYON FRANCIJA</s>
<s id="s123.1">16.</s>
<s id="s123.2">ŠTEVILKA( E) DOVOLJENJ( A) ZA PROMET</s>
<s id="s124.1">EU/ 2/ 04/ 049/ 001 Liofilizat (10 stekleničk z 1 odmerkom) in vehikel (10 stekleničk po 1 ml) EU/ 2/ 04/ 049/ 002 Liofilizat (50 stekleničk z 1 odmerkom) in vehikel (50 stekleničk po 1 ml)</s>
<s id="s125.1">17.</s>
<s id="s125.2">IZDELOVALČEVA ŠTEVILKA SERIJE IZDELAVE ZDRAVILA</s>
<s id="s126.1">Serija</s>
<s id="s127.1">11/ 17 PODATKI, KI MORAJO BITI NAJMANJ NAVEDENI NA MANJŠIH STIČNIH OVOJNINAH</s>
<s id="s128.1">1.</s>
<s id="s128.2">IME ZDRAVILA ZA UPORABO V VETERINARSKI MEDICINI</s>
<s id="s129.1">Purevax RCCh liofilizat za injiciranje.</s>
<s id="s130.1">2.</s>
<s id="s130.2">KOLIČINA ZDRAVILNE( IH) UČINKOVIN( E)</s>
<s id="s131.1">Pred uporabo preberite navodilo za uporabo.</s>
<s id="s132.1">3.</s>
<s id="s132.2">VSEBINA, IZRAŽENA Z MASO, PROSTORNINO ALI ŠTEVILOM ODMERKOV</s>
<s id="s133.1">1 odmerek</s>
<s id="s134.1">4.</s>
<s id="s134.2">POT( I) UPORABE ZDRAVILA</s>
<s id="s135.1">Subkutana pot</s>
<s id="s136.1">5.</s>
<s id="s136.2">KARENCA</s>
<s id="s137.1">6.</s>
<s id="s137.2">ŠTEVILKA SERIJE</s>
<s id="s138.1">Serija</s>
<s id="s139.1">7.</s>
<s id="s139.2">DATUM IZTEKA ROKA UPORABNOSTI ZDRAVILA</s>
<s id="s140.1">EXP (mesec/ leto)</s>
<s id="s141.1">8.</s>
<s id="s141.2">BESEDILO “ SAMO ZA ŽIVALI ”</s>
<s id="s142.1">Samo za živali.</s>
<s id="s143.1">12/ 17 PODATKI, KI MORAJO BITI NAJMANJ NAVEDENI NA MANJŠIH STIČNIH OVOJNINAH</s>
<s id="s144.1">1.</s>
<s id="s144.2">IME ZDRAVILA ZA UPORABO V VETERINARSKI MEDICINI</s>
<s id="s145.1">Purevax RCCh vehikel</s>
<s id="s146.1">2.</s>
<s id="s146.2">KOLIČINA ZDRAVILNE( IH) UČINKOVIN( E)</s>
<s id="s147.1">Pred uporabo preberite navodilo za uporabo.</s>
<s id="s148.1">3.</s>
<s id="s148.2">VSEBINA, IZRAŽENA Z MASO, PROSTORNINO ALI ŠTEVILOM ODMERKOV</s>
<s id="s149.1">1 odmerek</s>
<s id="s150.1">4.</s>
<s id="s150.2">POT( I) UPORABE ZDRAVILA</s>
<s id="s151.1">Subkutana pot</s>
<s id="s152.1">5.</s>
<s id="s152.2">KARENCA</s>
<s id="s153.1">6.</s>
<s id="s153.2">ŠTEVILKA SERIJE</s>
<s id="s154.1">Serija</s>
<s id="s155.1">7.</s>
<s id="s155.2">DATUM IZTEKA ROKA UPORABNOSTI ZDRAVILA</s>
<s id="s156.1">EXP (mesec/ leto)</s>
<s id="s157.1">8.</s>
<s id="s157.2">BESEDILO “ SAMO ZA ŽIVALI ”</s>
<s id="s158.1">Samo za živali.</s>
<s id="s159.1">13/ 17 B.</s>
<s id="s159.2">NAVODILO ZA UPORABO</s>
<s id="s160.1">14/ 17 NAVODILO ZA UPORABO</s>
<s id="s161.1">Purevax RCCh Liofilizat in vehikel za suspenzijo za injiciranje</s>
<s id="s162.1">1.</s>
<s id="s162.2">IME IN NASLOV IMETNIKA DOVOLJENJA ZA PROMET Z ZDRAVILOM TER IMETNIKA DOVOLJENJA ZA PROIZVODNJO ZDRAVILA, ODGOVORNEGA ZA SPROSTITEV SERIJ V EGP, ČE STA RAZLIČNA</s>
<s id="s163.1">Imetnik dovoljenja za promet z zdravilom MERIAL 29, avenue Tony Garnier F- 69007 Lyon Francija</s>
<s id="s164.1">Imetnik dovoljenja za proizvodnjo zdravila, odgovoren za sprostitev serije MERIAL Laboratoire Porte des Alpes Rue de l' Aviation F- 69800 Saint Priest Francija</s>
<s id="s165.1">2.</s>
<s id="s165.2">IME ZDRAVILA ZA UPORABO V VETERINARSKI MEDICINI</s>
<s id="s166.1">Purevax RCCh Liofilizat in vehikel za suspenzijo za injiciranje</s>
<s id="s167.1">3.</s>
<s id="s167.2">NAVEDBA ZDRAVILNE( IH) UČINKOVIN( E) IN DRUGEIH SESTAVIN</s>
<s id="s168.1">V odmerku po 1 ml:</s>
<s id="s168.2">Liofilizat:</s>
<s id="s168.3">Atenuirani herpes virus rinotraheitisa mačk (sev FHV F2)............................................. ≥ 104, 9 CCID501 Inaktivirani antigeni kalici virusa mačk (seva FCV 431 in G1)....................... ≥ 2, 0 enot v testu ELISA Atenuirana Chlamydophila felis (sev 905)......................................................................... ≥ 103, 0 EID502 Pomožna snov:</s>
<s id="s168.4">Gentamicin, največ...........................................................................................................................</s>
<s id="s168.5">18 µg Vehikel:</s>
<s id="s168.6">Voda za injiciranje......................................................................................................................... q. s.</s>
<s id="s168.7">1ml 1:</s>
<s id="s168.8">50% infektivni odmerek za celično kulturo 2:</s>
<s id="s168.9">50% infektivni odmerek za embrionirana kokošja jajca</s>
<s id="s169.1">4.</s>
<s id="s169.2">INDIKACIJA( E)</s>
<s id="s170.1">Aktivna imunizacija 8 tednov starih mačk in starejših:</s>
<s id="s171.1">- Proti kužnemu rinotraheitisu mačk, za ublažitev kliničnih znamenj</s>
<s id="s172.1">- Proti okužbam s kalicivirusi, za ublažitev kliničnih znamenj in zmanjšanje izločanja virusov,</s>
<s id="s173.1">- Proti okužbam s Chlamydophila felis, za ublažitev kliničnih znamenj.</s>
<s id="s174.1">Imunost proti kužnemu rinotraheitisu, kalicivirozi mačk in Chlamydophila felis nastopi 1 teden po osnovnem cepljenju.</s>
<s id="s175.1">Živali so odporne eno leto po zadnjem cepljenju</s>
<s id="s176.1">15/ 17 5.</s>
<s id="s176.2">KONTRAINDIKACIJE</s>
<s id="s177.1">Ne uporabite v obdobju brejosti.</s>
<s id="s178.1">6.</s>
<s id="s178.2">NEŽELENI UČINKI</s>
<s id="s179.1">Pri normalnih pogojih uporabe se lahko občasno pojavijo prehodna apatija in neješčnost.</s>
<s id="s179.2">Lahko se pojavi tudi povišana telesna temperatura (običajno traja 1 do 2 dni).</s>
<s id="s179.3">Lahko se pojavi lokalna reakcija (šibka bolečina, srbež ali omejena oteklina), ki mine v največ 1 do 2 tednih.</s>
<s id="s179.4">Izjemoma se lahko pojavi preobčutljivostna reakcija na mestu vnosa cepiva, ki jo je treba ustrezno simptomatsko zdraviti.</s>
<s id="s179.5">V zelo redkih primerih sta se en teden do tri tedne po ponovnem cepljenju pri odraslih mačkah pojavili prehodna hipertermija in letargičnost, včasih tudi v povezavi s šepanjem.</s>
<s id="s179.6">Če opazite kakršne koli resne stranske učinke ali druge učinke, ki niso omenjeni v teh navodilih za uporabo, obvestite svojega veterinarja.</s>
<s id="s180.1">7.</s>
<s id="s180.2">CILJNE ŽIVALSKE VRSTE</s>
<s id="s181.1">Mačke.</s>
<s id="s182.1">8.</s>
<s id="s182.2">ODMERKI ZA POSAMEZNE ŽIVALSKE VRSTE TER POT( I) IN NAČIN UPORABE ZDRAVILA</s>
<s id="s183.1">Po rekonstituciji liofilizirane sestavine z vehiklom injicirajte 1 ml odmerek cepiva v podkožje, po naslednjem razporedu:</s>
<s id="s183.2">Osnovno cepljenje:</s>
<s id="s184.1">- prva injekcija od osmega tedna starosti naprej,</s>
<s id="s185.1">- druga injekcija 3 do 4 tedne pozneje.</s>
<s id="s186.1">V primeru večjih količine maternalnih specifičnih protiteles, je treba osnovno cepljenje začeti pri 12 tednih starosti.</s>
<s id="s187.1">Ponovno cepljenje: enkrat letno.</s>
<s id="s188.1">9.</s>
<s id="s188.2">NASVET O PRAVILNI UPORABI ZDRAVILA</s>
<s id="s189.1">Uporabite takoj po rekonstituciji.</s>
<s id="s189.2">Ne mešajte z drugimi cepivi ali imunološkimi proizvodi, razen s spodaj navedenimi.</s>
<s id="s189.3">Podatki o varnosti in učinkovitosti dokazujejo, da se lahko cepivo uporablja sočasno z Merialovim neadjuviranim cepivom proti mačji levkemiji in/ ali se ga lahko uporabi isti dan kot Merialovo adjuvirano cepivo proti steklini, vendar se ga ne sme mešati z omenjenim cepivom.</s>
<s id="s190.1">10.</s>
<s id="s190.2">KARENCA</s>
<s id="s191.1">Navedba ni smiselna.</s>
<s id="s192.1">16/ 17 11.</s>
<s id="s192.2">POSEBNA NAVODILA ZA SHRANJEVANJE</s>
<s id="s193.1">Shranjujte nedosegljivo otrokom.</s>
<s id="s193.2">Shranjujte in prevažajte pri temperaturi 2°C – 8°C (v hladilniku).</s>
<s id="s193.3">Zaščitite pred svetlobo.</s>
<s id="s193.4">Zdravilo ne sme zmrzniti.</s>
<s id="s194.1">12.</s>
<s id="s194.2">POSEBNO( A) OPOZORILO( A)</s>
<s id="s195.1">Cepite le zdrave živali.</s>
<s id="s196.1">V primeru nenamernega samo- injiciranja se takoj posvetujte z zdravnikom in mu pokažite navodila za uporabo ali nalepko na zunanji ovojnini.</s>
<s id="s196.2">Oseba, ki daje zdravilo živalim, ne sme imeti oslabljenega imunskega sistema ali uživati zdravila, ki slabijo imunski sistem.</s>
<s id="s196.3">V primeru samo- injiciranja se takoj posvetujte z zdravnikom in mu povejte, da je prišlo do samo- injiciranja z živim cepivom, ki vsebuje klamidijo.</s>
<s id="s197.1">Ne uporabite v obdobju brejosti.</s>
<s id="s197.2">Uporaba ni priporočljiva v obdobju laktacije.</s>
<s id="s197.3">Po večkratnem dajanju drugi učinki, razen tistih ki so navedeni v poglavju » Neželeni učinki «, niso znani.</s>
<s id="s197.4">Izjemoma lahko povišana temperatura traja pet dni.</s>
<s id="s198.1">13.</s>
<s id="s198.2">POSEBNI VARNOSTNI UKREPI ZA ODSTRANJEVANJE NEPORABLJENEGA ZDRAVILA ALI ODPADNIH SNOVI, ČE OBSTAJAJO</s>
<s id="s199.1">Odpadne snovi odstranite s prekuhavanjem, sežigom ali potopitvijo v ustreznem dezinfekcijskem sredstvu, katerega uporabo odobrijo pristojni organi.</s>
<s id="s200.1">14.</s>
<s id="s200.2">DATUM ZADNJE ODOBRITVE NAVODIL ZA UPORABO</s>
<s id="s201.1">12/ 02/ 2009</s>
<s id="s202.1">Podrobne informacije o tem zdravilu za uporabo v veterinarski medicini so na voljo na spletni strani Evropske agencije za zdravila (European Medicines Agency, EMEA) http: // www. emea. europa. eu /.</s>
<s id="s203.1">15.</s>
<s id="s203.2">DRUGE INFORMACIJE</s>
<s id="s204.1">Vsebnik z10 stekleničkami z 1 odmerkom liofilizata in 10 stekleničkami po 1 ml vehikla Vsebnik s 50 stekleničkami z 1 odmerkom liofilizata in 50 stekleničkami po 1 ml vehikla Ni nujno, da so v prometu vsa navedena pakiranja.</s>
<s id="s205.1">Oskrba le na podlagi veterinarskega recepta.</s>
<s id="s206.1">17/ 17</s>
</body>
</letsmt>
