<?xml version="1.0" encoding="utf-8"?>
<letsmt version="1.0">
<head></head>
<body>
<s id="s1.1">European Medicines Agency</s>
<s id="s2.1">4. julij 2006 Sklic dok.</s>
<s id="s2.2">EMEA/ 306421/ 2006</s>
<s id="s3.1">ODBOR ZA ZDRAVILA ZA UPORABO V HUMANI MEDICINI (CHMP)</s>
<s id="s4.1">POVZETEK INFORMACIJ O MNENJU V ZVEZI Z NAPOTITVIJO, PREDLOŽENO V SKLADU S ČLENOM 6( 13) UREDBE KOMISIJE (ES) št.</s>
<s id="s4.2">1084/ 2003, ZA</s>
<s id="s5.1">VIANI DISKUS in z njim povezana imena (glejte Dodatek I)</s>
<s id="s6.1">Mednarodno nelastniško ime (INN): salmeterol / flutikazon</s>
<s id="s7.1">OSNOVNE INFORMACIJE Zdravilo Viani Diskus in z njim povezana imena (glejte Dodatek I), ki vsebuje salmeterol in flutikazon propionat, kombinacijo fiksnih odmerkov dolgo delujočega β- agonista (LABA) salmeterola in inhalacijskega kortikosteroida (ICS) flutikazon propionata (FP), je indicirano za običajno zdravljenje astme, kadar je uporaba kombiniranega zdravila (dolgo delujočega beta- 2- agonista in inhalacijskega kortikosteroida) ustrezna: pri bolnikih, pri katerih z inhalacijskimi kortikosteroidi in » po potrebi « z inhalacijskim kratko delujočim beta- 2- agonistom ni mogoče doseči zadostnega nadzora bolezni, ali pri bolnikih, pri katerih je bilo mogoče že z inhalacijskimi kortikosteroidi in dolgo delujočim beta- 2 - agonistom vzpostaviti zadosten nadzor bolezni.</s>
<s id="s8.1">V številnih državah članicah EU je bilo zdravilo Viani Diskus in z njim povezana imena odobreno s postopkom medsebojnega priznavanja (MRP).</s>
<s id="s8.2">V postopku medsebojnega priznavanja je bila Švedska referenčna država članica, medtem ko so bile Avstrija, Belgija, Finska, Francija, Nemčija, Italija, Irska, Luksemburg, Portugalska, Španija in Združeno kraljestvo zadevne države članice.</s>
<s id="s8.3">Imetniki dovoljenja za promet z zdravilom so predložili vlogo za variacijo tipa II, ki je bila obravnavana v postopku medsebojnega priznavanja julija 2004, z namenom razširiti indikacijo, tako da bo vključevala začetno vzdrževalno zdravljenje s kombinacijo fiksnih odmerkov pri bolnikih s kronično perzistentno astmo.</s>
<s id="s8.4">Referenčna država članica in zadevne države članice so zavrnile variacijo tipa II, ker je bilo splošno razmerje med tveganji in koristmi zdravila neugodno za indikacijo začetnega vzdrževalnega zdravljenja.</s>
<s id="s8.5">Dne 12. avgusta 2005 so imetniki dovoljenja za promet z zdravilom zadevo napotili na agencijo EMEA v skladu s členom 6( 13) Uredbe Komisije (ES) št.</s>
<s id="s8.6">1084/ 2003.</s>
<s id="s8.7">V skladu z razlogi za napotitev je CHMP obravnaval vprašanje, ali je primerno uvesti začetno vzdrževalno zdravljenje s kombinacijo fiksnih odmerkov salmeterola in flutikazon propionata pri vseh bolnikih s kronično perzistentno astmo.</s>
<s id="s8.8">Napotitveni postopek se je pričel 19. septembra 2005.</s>
<s id="s8.9">Poročevalec je bil dr.</s>
<s id="s8.10">D.</s>
<s id="s8.11">Lyons, soporočevalec pa dr.</s>
<s id="s8.12">G.</s>
<s id="s8.13">Calvo Rojas.</s>
<s id="s8.14">Imetniki dovoljenja za promet z zdravilom so 3. februarja 2006 predložili dodatne informacije, 30. marca 2006 pa še pisna pojasnila.</s>
<s id="s8.15">Na podlagi ocene razpoložljivih podatkov in ocenjevalnih poročil poročevalca je CHMP dne 27. aprila 2006 sprejel mnenje, v katerem priporoča variacijo pogojev dovoljenj za promet z zdravilom ter spremembo Povzetka glavnih značilnosti zdravila, označevanja in Navodila za uporabo.</s>
<s id="s8.16">Seznam zadevnih imen zdravil je naveden v Dodatku I.</s>
<s id="s8.17">Znanstveni zaključki so podani v Dodatku II, Dodatek III pa vsebuje spremenjeni Povzetek glavnih značilnosti zdravila, označevanje in Navodilo za uporabo.</s>
<s id="s8.18">Končno mnenje je bilo spremenjeno v odločbo Evropske komisije dne 4. julija 2006. * Opomba: informacije, podane v tem dokumentu in v dodatkih, odražajo zgolj mnenje CHMP z dne 27. aprila 2006.</s>
<s id="s8.19">Pristojni organi držav članic bodo zdravilo še naprej redno nadzorovali.</s>
<s id="s8.20">7 Westferry Circus, Canary Wharf, London, E14 4HB, UK Tel.</s>
<s id="s8.21">(44- 20) 74 18 84 00 Fax (44- 20) 74 18 86 68 E- mail: mail@ emea. europa. eu http: // www. emea. europa. eu EMEA 2007 Reproduction and/ or distribution of this document is authorised for non commercial purposes only provided the EMEA is acknowledged ©EMEA 2007 EMEA/ 306421/ 2006</s>
<s id="s9.1">stran 2/ 2</s>
</body>
</letsmt>
