<?xml version="1.0" encoding="utf-8"?>
<letsmt version="1.0">
<head></head>
<body>
<s id="s1.1">ANNEX I</s>
<s id="s2.1">LIST OF THE NAMES, PHARMACEUTICAL FORM, STRENGTH OF THE MEDICINAL PRODUCT, ROUTE OF ADMINISTRATION, APPLICANT, MARKETING AUTHORISATION HOLDER IN THE MEMBER STATES</s>
<s id="s3.1">1</s>
<s id="s4.1">Marketing Authorisation</s>
<s id="s5.1">Invented name</s>
<s id="s6.1">Pharmaceutical</s>
<s id="s7.1">Route of</s>
<s id="s8.1">Content</s>
<s id="s9.1">Member State</s>
<s id="s10.1">Holder</s>
<s id="s11.1">Applicant</s>
<s id="s12.1">Name</s>
<s id="s13.1">Strength</s>
<s id="s14.1">Form</s>
<s id="s15.1">administration</s>
<s id="s16.1">(concentration)</s>
<s id="s17.1">Sweden</s>
<s id="s18.1">HEXAL A/ S Kanalholmen 8-12, 2650 Hvidovre, Denmark</s>
<s id="s19.1">Alendronat HEXAL</s>
<s id="s20.1">10mg</s>
<s id="s21.1">Tablets</s>
<s id="s22.1">Oral use</s>
<s id="s23.1">10 mg per tablet</s>
<s id="s24.1">Belgium</s>
<s id="s25.1">HEXAL A/ S Kanalholmen 8-12, 2650 Hvidovre, Denmark</s>
<s id="s26.1">Alendronate Sandoz 10mg tabletten</s>
<s id="s27.1">10mg</s>
<s id="s28.1">Tablets</s>
<s id="s29.1">Oral use</s>
<s id="s30.1">10 mg per tablet</s>
<s id="s31.1">Denmark</s>
<s id="s32.1">HEXAL A/ S Kanalholmen 8-12, 2650 Hvidovre, Denmark</s>
<s id="s33.1">Alendonicht</s>
<s id="s34.1">10mg</s>
<s id="s35.1">Tablets</s>
<s id="s36.1">Oral use</s>
<s id="s37.1">10 mg per tablet</s>
<s id="s38.1">Greece</s>
<s id="s39.1">HEXAL A/ S Kanalholmen 8-12, 2650 Hvidovre, Denmark</s>
<s id="s40.1">Forosa</s>
<s id="s41.1">10mg</s>
<s id="s42.1">Tablets</s>
<s id="s43.1">Oral use</s>
<s id="s44.1">10 mg per tablet</s>
<s id="s45.1">2 ANNEX II</s>
<s id="s46.1">SCIENTIFIC CONCLUSIONS AND GROUNDS FOR AMENDMENT OF THE SUMMARY OF PRODUCT CHARACTERISTICS, LABELLING AND PACKAGE LEAFLET PRESENTED BY THE EMEA</s>
<s id="s47.1">3 SCIENTIFIC CONCLUSIONS</s>
<s id="s48.1">OVERALL SUMMARY OF THE SCIENTIFIC EVALUATION OF ALENDRONATE HEXAL AND ASSOCIATED NAMES (see Annex I)</s>
<s id="s49.1">The active substance in Alendronate HEXAL 10 mg tablets, alendronic acid as sodium alendronate trihydrate, is a bisphosphonate that inhibits osteoclastic bone resorption without any direct effect on bone formation.</s>
<s id="s50.1">Osteoporosis is defined as bone mineral density (BMD) of the spine or hip 2.5 standard deviations below the mean value of a normal young population or as a previous fragility fracture, irrespective of bone mineral density.</s>
<s id="s50.2">The applicant was asked to further justify the broad indication “ treatment of osteoporosis in men” for Alendronate HEXAL.</s>
<s id="s50.3">The Applicant submitted an extensive review of the literature concerning the treatment of osteoporosis in men.</s>
<s id="s51.1">The studies indicated that alendronate 10 mg daily could increase bone mineral density both at vertebral as well as non vertebral level in men with primary osteoporosis.</s>
<s id="s51.2">Two studies from Orwell and Ringe demonstrated that compared respectively with placebo or alfacalcidol, alendronate treatment reduced the incidence of vertebral fractures in men with osteoporosis.</s>
<s id="s51.3">An effect on non- vertebral fractures has nonetheless not been demonstrated in this population.</s>
<s id="s52.1">GROUNDS FOR AMENDMENT OF THE SUMMARY(IES) OF PRODUCT CHARACTERISTICS, LABELLING AND PACKAGE LEAFLET</s>
<s id="s53.1">Whereas</s>
<s id="s54.1">- the literature provided by the applicant provide evidence that 10 mg daily could increase bone</s>
<s id="s55.1">mineral density both at vertebral as well as non vertebral level in men with primary osteoporosis,</s>
<s id="s56.1">- an effect on non-vertebral fractures has nonetheless not been demonstrated in this population.</s>
<s id="s57.1">The CHMP has recommended the following indication, which is in accordance with the guideline on the evaluation of medicinal products in the treatment of primary osteoporosis (CHMP/ EWP/ 552/ 95 Rev.2)</s>
<s id="s58.1">“ Treatment of osteoporosis in men at increased risk of fracture.</s>
<s id="s58.2">A reduction in the incidence of vertebral, but not of non-vertebral fractures has been demonstrated .”</s>
<s id="s59.1">In addition, other amendments to the Summary of Product Characteristics, labelling and package leaflet not in relation with the outcome of the referral procedure were included in accordance with the Guideline on Summary of Product Characteristics, excipient guideline and the latest Quality Review of Document templates.</s>
<s id="s60.1">The CHMP has recommended the granting of the Marketing Authorisation and the amendment of the Summary of Product Characteristics, labelling, package leaflet of the Reference Member State accordingly for Alendronate HEXAL and associated names (see Annex I) 10 mg tablets.</s>
<s id="s61.1">4 ANNEX III</s>
<s id="s62.1">SUMMARY OF PRODUCT CHARACTERISTICS, LABELLING AND PACKAGE LEAFLET</s>
<s id="s63.1">5 SUMMARY OF PRODUCT CHARACTERISTICS</s>
<s id="s64.1">6 1.</s>
<s id="s64.2">NAME OF THE MEDICINAL PRODUCT</s>
<s id="s65.1">Alendronate HEXAL and associated names (see Annex I) 10 mg tablets</s>
<s id="s66.1">[See Annex I - To be completed nationally]</s>
<s id="s67.1">2.</s>
<s id="s67.2">QUALITATIVE AND QUANTITATIVE COMPOSITION</s>
<s id="s68.1">Each tablet contains 10mg alendronic acid (as sodium alendronate trihydrate).</s>
<s id="s69.1">Excipient:</s>
<s id="s69.2">103.95 mg lactose monohydrate per tablet</s>
<s id="s70.1">For a full list of excipients see section 6.1.</s>
<s id="s71.1">3.</s>
<s id="s71.2">PHARMACEUTICAL FORM</s>
<s id="s72.1">Tablet White to off-white, capsule-shaped tablet, embossed &quot;AN 10&quot; on one side and &quot;Arrow logo&quot; on the other.</s>
<s id="s73.1">4.</s>
<s id="s73.2">CLINICAL PARTICULARS</s>
<s id="s74.1">4.1 Therapeutic indications</s>
<s id="s75.1">Treatment of post-menopausal osteoporosis.</s>
<s id="s75.2">Alendronate reduces the risk of vertebral and hip fractures.</s>
<s id="s75.3">Treatment of osteoporosis in men at increased risk of fracture.</s>
<s id="s75.4">A reduction in the incidence of vertebral, but not of non-vertebral fractures has been demonstrated.</s>
<s id="s76.1">Prophylaxis of glucocorticoid-induced osteoporosis.</s>
<s id="s76.2">(see section 5.1).</s>
<s id="s77.1">4.2 Posology and method of administration</s>
<s id="s78.1">For oral use only.</s>
<s id="s78.2">Post-menopausal osteoporosis:</s>
<s id="s78.3">The recommended dosage is 10 mg once daily.</s>
<s id="s79.1">Osteoporosis in men:</s>
<s id="s79.2">The recommended dosage is 10 mg once daily.</s>
<s id="s80.1">Glucocorticoid-induced osteoporosis:</s>
<s id="s80.2">For post-menopausal women who are not receiving oestrogen treatment the recommended dose is one 10 mg tablet daily.</s>
<s id="s80.3">For other populations, see summary of product characteristics for preparations that contain 5 mg alendronate.</s>
<s id="s81.1">To obtain satisfactory absorption of alendronate Alendronate HEXAL tablets must be taken on an empty stomach immediately on rising in the morning, with plain water only, at least 30 minutes before the first food, drink or other medication of the day.</s>
<s id="s81.2">Other drinks (including mineral water), food and some medicines are likely to reduce the absorption of alendronate (see section 4.5).</s>
<s id="s82.1">7 To assist delivery to the stomach and thus reduce the risk of irritation/ side effects locally and in the oesophagus (see section 4.4) • Alendronate HEXAL tablets should only be swallowed on rising for the day with a whole glass of water (not less than 200 ml or 7 fl. oz). • Alendronate HEXAL tablets should be swallowed whole.</s>
<s id="s82.2">The tablets should not be chewed, sucked or allowed to dissolve in the mouth on account of the risk of oropharyngeal ulceration. • Patients should not lie down until after the first meal of the day, which must be at least 30 minutes after taking the tablet. • Patients should not lie down within 30 minutes of taking Alendronate HEXAL tablets. • Alendronate HEXAL tablets should not be taken at bedtime or before arising for the day.</s>
<s id="s83.1">Patients should be given a calcium and vitamin D supplement if the diet is inadequate (see section 4.4).</s>
<s id="s84.1">Use in elderly patients:</s>
<s id="s84.2">In clinical trials there was no age-related difference with regard to efficacy or safety profiles of alendronate.</s>
<s id="s84.3">Therefore no adjustment of the dose is necessary for elderly patients.</s>
<s id="s85.1">Use in impaired renal function No dose adjustment is necessary in patients with a glomerular filtration rate (GFR) greater than 35 ml/ min.</s>
<s id="s85.2">Alendronate is not recommended for patients with impaired renal function if the GFR is less than 35 ml/ min, as there is no experience of this.</s>
<s id="s86.1">Use in impaired hepatic function No dose adjustment is necessary.</s>
<s id="s87.1">Use in children Alendronate HEXAL is not recommended for use in children due to a lack of data on safety and efficacy.</s>
<s id="s88.1">4.3 Contraindications</s>
<s id="s89.1">• Hypersensitivity to the active substance or to any of the excipients. • Oesophageal abnormalities and other factors that delay oesophageal emptying, such as stricture or achalasia. • Inability to stand or sit upright for at least 30 minutes. • Hypocalcaemia.</s>
<s id="s90.1">See also section 4.4.</s>
<s id="s91.1">4.4 Special warnings and precautions for use</s>
<s id="s92.1">Alendronate can cause local irritation to the upper gastrointestinal mucosa.</s>
<s id="s92.2">As there is a risk of worsening of the underlying disease, caution should be observed if alendronate is given to patients with active upper gastrointestinal tract problems, such as dysphagia, oesophageal disease, gastritis, duodenitis or ulcers, or in cases of recent (during the last year) severe gastrointestinal disease such as gastric ulcer, active gastrointestinal bleeding or surgery in the upper gastrointestinal tract other than pyloroplasty (see section 4.3).</s>
<s id="s93.1">Oesophageal side effects (in some cases severe and requiring hospitalisation) such as oesophagitis, oesophageal ulcers or oesophageal erosions, in rare cases followed by oesophageal stricture, have been reported in patients receiving treatment with alendronate.</s>
<s id="s93.2">The physician should therefore be alert to any signs or symptoms of possible oesophageal reaction.</s>
<s id="s93.3">The patients should be instructed to discontinue alendronate and seek medical attention if they develop symptoms of oesophageal irritation such as dysphagia, pain on swallowing, retrosternal pain or new/ worsened heartburn.</s>
<s id="s94.1">8 The risk of severe oesophageal side effects is thought to be greater in patients who do not take alendronate correctly and/ or continue to take alendronate after developing symptoms indicative of oesophageal irritation.</s>
<s id="s94.2">It is very important that complete administration instructions are given to, and understood, by the patient (see section 4.2).</s>
<s id="s94.3">Patients should be informed that the risk of oesophageal problems may increase if they do not follow these instructions.</s>
<s id="s95.1">Despite no increased risk having been observed in extensive clinical trials, following marketing of the original preparation there have been reports of rare cases of gastric and duodenal ulcers, some of them severe and with complications.</s>
<s id="s95.2">A causal relationship cannot be excluded (see section 4.8).</s>
<s id="s96.1">Alendronate is not recommended for patients with impaired renal function if the GFR is less than 35 ml/ min (see section 4.2).</s>
<s id="s97.1">Causes of osteoporosis other than oestrogen deficiency, ageing and glucocorticoid use should be considered.</s>
<s id="s98.1">Hypocalcaemia must be corrected before treatment with alendronate is initiated (see section 4.3).</s>
<s id="s98.2">Other disorders of mineral metabolism (such as vitamin D deficiency and hypoparathyroidism) should also be effectively treated before starting alendronate.</s>
<s id="s98.3">In patients with these conditions, serum calcium and symptoms of hypocalcaemia should be monitored during treatment with alendronate.</s>
<s id="s99.1">On account of the positive effects of alendronate on the increase in bone mineralisation, reductions in serum calcium and serum phosphate may occur.</s>
<s id="s99.2">These are usually slight and asymptomatic.</s>
<s id="s99.3">However, in rare cases, symptomatic hypocalcaemia has been reported which occasionally has been severe and often occurred in patients with predisposing conditions (e. g. hypoparathyroidism, vitamin D deficiency and in cases of calcium malabsorption).</s>
<s id="s99.4">It is therefore particularly important to ensure that patients taking glucocorticoids have an adequate calcium and vitamin D intake.</s>
<s id="s100.1">Osteonecrosis of the jaw, generally associated with tooth extraction and/ or local infection (including osteomyelitis) has been reported in patients with cancer receiving treatment regimens including primarily intravenously administered bisphosphonates.</s>
<s id="s100.2">Many of these patients were also receiving chemotherapy and corticosteroids.</s>
<s id="s100.3">Osteonecrosis of the jaw has also been reported in patients with osteoporosis receiving oral bisphosphonates.</s>
<s id="s101.1">A dental examination with appropriate preventive dentistry should be considered prior to treatment with bisphosphonates in patients with concomitant risk factors (e. g. cancer, chemotherapy, radiotherapy, corticosteroids, poor oral hygiene).</s>
<s id="s102.1">While on treatment, these patients should avoid invasive dental procedures if possible.</s>
<s id="s102.2">For patients who develop osteonecrosis of the jaw while on bisphosphonate therapy, dental surgery may exacerbate the condition.</s>
<s id="s102.3">For patients requiring dental procedures, there are no data available to suggest whether discontinuation of bisphosphonate treatment reduces the risk of osteonecrosis of the jaw.</s>
<s id="s103.1">Clinical judgement of the treating physician should guide the management plan of each patient based on individual benefit/ risk assessment.</s>
<s id="s104.1">Bone, joint, and/ or muscle pain has been reported in patients taking bisphosphonates.</s>
<s id="s104.2">In post- marketing experience, these symptoms have rarely been seen and/ or incapacitating (see section 4.8).</s>
<s id="s104.3">The time to onset of symptoms varied from one day to several months after starting treatment.</s>
<s id="s104.4">Most patients had relief of symptoms after stopping treatment.</s>
<s id="s104.5">A subset had recurrence of symptoms when rechallenged with the same medicinal product or another bisphosphonate.</s>
<s id="s104.6">Alendronate HEXAL tablets contain lactose.</s>
<s id="s104.7">Patients with rare hereditary problems of galactose intolerance, the Lapp lactase deficiency or glucose-galactose malabsorption should not take this medicine.</s>
<s id="s104.8">9 4.5 Interaction with other medicinal products and other forms of interaction</s>
<s id="s105.1">If taken at the same time, it is likely that foods and drinks (including mineral water), calcium supplements, antacids and some oral medicines will affect the absorption of alendronate.</s>
<s id="s105.2">Patients must therefore wait for at least 30 minutes after taking alendronate before taking any other oral medicine (see section 4.2).</s>
<s id="s106.1">No other clinically significant active substance interactions are expected.</s>
<s id="s106.2">A number of patients in the clinical trials received oestrogen (intravaginally, transdermally or orally) concomitantly with alendronate.</s>
<s id="s106.3">No undesirable effects could be related to the combination treatment.</s>
<s id="s107.1">No specific interaction studies have been carried out, but alendronate was used in clinical trials concomitantly with a number of other commonly prescribed medicines without any evidence of clinically unfavourable interactions.</s>
<s id="s108.1">4.6 Pregnancy and lactation</s>
<s id="s109.1">There are insufficient data regarding the use of alendronate in pregnant women.</s>
<s id="s109.2">Animal studies revealed effects on foetal bone formation at high doses.</s>
<s id="s109.3">Alendronate given to pregnant rats caused hypocalcaemia-related dystocia (see section 5.3).</s>
<s id="s109.4">In view of the indication, alendronate should not be used during pregnancy.</s>
<s id="s110.1">It is not known whether alendronate is excreted into breast milk in humans.</s>
<s id="s110.2">In view of the indication, alendronate should not be used by breast-feeding women.</s>
<s id="s111.1">4.7 Effects on ability to drive and use machines</s>
<s id="s112.1">Alendronate has no influence on the ability to drive and use machines.</s>
<s id="s113.1">4.8 Undesirable effects</s>
<s id="s114.1">In two three-year studies of almost identical design, with post-menopausal women (alendronate 10 mg: n=196; placebo: n=397) the overall safety profiles for alendronate 10 mg daily and placebo were similar.</s>
<s id="s115.1">Adverse reactions reported by the investigators as possibly, probably or definitely related to the active substance are presented below if they occurred in ≥ 1% of any in the treatment groups in the one-year study or in ≥ 1% of the patients who were treated with alendronate 10 mg per day and with an incidence higher than in patients who were treated with placebo in three-year studies.</s>
<s id="s116.1">Three-year studies Gastrointestinal</s>
<s id="s117.1">Alendronate10 mg daily (n=196)%</s>
<s id="s118.1">Placebo (n=397)%</s>
<s id="s119.1">Abdominal pain Dyspepsia Acid regurgitation Nausea Abdominal distension Constipation Diarrhoea Dysphagia Flatulence</s>
<s id="s120.1">6.6 3.6 2.0 3.6 1.0 3.1 3.1 1.0 2.6</s>
<s id="s121.1">4.8 3.5 4.3 4.0 0.8 1.8 1.8 0.0 0.5</s>
<s id="s122.1">10 Three-year studies</s>
<s id="s123.1">Alendronate10 mg daily (n=196)%</s>
<s id="s124.1">Placebo (n=397)%</s>
<s id="s125.1">Gastritis Gastric ulcer Oesophageal ulcer Musculoskeletal</s>
<s id="s126.1">0.5 0.0 1.5</s>
<s id="s127.1">1.3 0.0 0.0</s>
<s id="s128.1">Musculoskeletal pain (bone, muscle or joints)</s>
<s id="s129.1">4.1</s>
<s id="s130.1">2.5</s>
<s id="s131.1">Muscle cramps Neurological</s>
<s id="s132.1">0.0</s>
<s id="s133.1">1.0</s>
<s id="s134.1">Headache</s>
<s id="s135.1">2.6</s>
<s id="s136.1">1.5</s>
<s id="s137.1">The following undesirable effects have also been reported in clinical trials and/ or post marketing:</s>
<s id="s138.1">Very common: ≥ 1/ 10 Common: ≥ 1/ 100 - &lt; 1/ 10 Uncommon: ≥ 1/ 1,000 - &lt; 1/ 100 Rare: ≥ 1/ 10,000 - &lt; 1/ 1,000 Very rare: &lt; 1/ 10,000, not known (cannot be estimated from the available data)</s>
<s id="s139.1">Nervous system disorders:</s>
<s id="s139.2">Common (≥ 1/ 100, &lt; 1/ 10):</s>
<s id="s139.3">Headache</s>
<s id="s140.1">Eye disorders:</s>
<s id="s140.2">Rare (≥ 1/ 10,000, &lt; 1/ 1000):</s>
<s id="s140.3">Uveitis, scleritis, episcleritis</s>
<s id="s141.1">Gastrointestinal disorders:</s>
<s id="s141.2">Common (≥ 1/ 100, &lt; 1/ 10):</s>
<s id="s141.3">Abdominal pain, dyspepsia, constipation, diarrhoea, flatulence, oesophageal ulcers*, dysphagia*, abdominal distension, acid regurgitation.</s>
<s id="s141.4">Uncommon (≥ 1/ 1000, &lt; 1/ 100):</s>
<s id="s141.5">Nausea, vomiting, gastritis, oesophagitis* oesophageal erosions*, melaena.</s>
<s id="s141.6">Rare (≥ 1/ 10,000, &lt; 1/ 1000):</s>
<s id="s141.7">Oesophageal stricture*, oropharyngeal ulceration*, upper gastrointestinal PUB (perforations, ulcers, bleeding), a causal relationship cannot be ruled out.</s>
<s id="s141.8">Very rare, not known: perforation of the oesophagus was reported in isolated cases</s>
<s id="s142.1">*See section 4.2 and 4.4.</s>
<s id="s143.1">Skin and subcutaneous tissue disorders:</s>
<s id="s143.2">Very rare (≤ 1/ 10,000):</s>
<s id="s143.3">Isolated cases of severe skin reactions including Stevens-Johnson syndrome and toxic epidermal necrolysis have been reported.</s>
<s id="s144.1">Musculoskeletal and connective tissue disorders:</s>
<s id="s144.2">Common (≥ 1/ 100, &lt; 1/ 10):</s>
<s id="s144.3">Musculoskeletal pain (bones, muscles or joints) Rare (≥ 1/ 10,000, &lt; 1/ 1000):</s>
<s id="s144.4">Severe musculoskeletal (bone, muscle or joint pain) (see section 4.4) Unknown frequency:</s>
<s id="s144.5">Osteonecrosis</s>
<s id="s145.1">General disorders and administration site conditions:</s>
<s id="s145.2">Uncommon (≥ 1/ 1000, &lt; 1/ 100):</s>
<s id="s145.3">Rash, pruritus, erythema.</s>
<s id="s145.4">Rare (≥ 1/ 10,000, &lt; 1/ 1000):</s>
<s id="s145.5">Hypersensitivity reactions including urticaria and angioedema.</s>
<s id="s145.6">Transient symptoms as in an acute phase reaction (myalgia, malaise and in rare cases fever) usually in connection with the start of treatment.</s>
<s id="s145.7">Skin rash with photosensitivity.</s>
<s id="s145.8">Symptomatic hypocalcaemia, generally in connection with predisposing conditions (see.</s>
<s id="s145.9">Section 4.4).</s>
<s id="s146.1">11 During post-marketing experience the following reactions have been reported (frequency unknown):</s>
<s id="s147.1">Nervous system disorders: dizziness</s>
<s id="s148.1">Ear and labyrinth disorders: vertigo</s>
<s id="s149.1">General disorders and administration site conditions: asthenia, peripheral oedema</s>
<s id="s150.1">Musculoskeletal and connective tissue disorders: Osteonecrosis of the jaw has been reported in patients treated by bisphosphonates.</s>
<s id="s150.2">The majority of the reports refer to cancer patients, but such cases have also been reported in patients treated for osteoporosis.</s>
<s id="s150.3">Osteonecrosis of the jaw is generally associated with tooth extraction and/ or local infection (including osteomyelistis).</s>
<s id="s150.4">Diagnosis of cancer, chemotherapy, radiotherapy, corticosteroids and poor oral hygiene are also deemed as risk factors (see section 4.4). joint swelling</s>
<s id="s151.1">Laboratory values:</s>
<s id="s151.2">In clinical trials, asymptomatic, slight and transient decreases in serum calcium and serum phosphate were observed in approx.</s>
<s id="s151.3">18 and 10% respectively of the patients taking alendronate 10 mg/ day versus 12 and 3% respectively of those taking placebo.</s>
<s id="s151.4">However, the incidence of reductions in serum calcium to &lt; 2.0 mmol/ l and serum phosphate to ≤ 0.65 mmol/ l was comparable in the two groups.</s>
<s id="s152.1">4.9 Overdose</s>
<s id="s153.1">Hypocalcaemia, hypophosphataemia and upper gastrointestinal side effects such as upset stomach, heartburn, oesophagitis, gastritis or ulcer can occur on oral overdosage.</s>
<s id="s153.2">There is no specific information available with regard to overdosage with alendronate.</s>
<s id="s153.3">Milk or antacids should be given in order to bind alendronate.</s>
<s id="s153.4">On account of the risk of oesophageal irritation, vomiting should not be induced and the patient should be kept in an upright position.</s>
<s id="s154.1">5.</s>
<s id="s154.2">PHARMACOLOGICAL PROPERTIES</s>
<s id="s155.1">5.1 Pharmacodynamic properties</s>
<s id="s156.1">Pharmacotherapeutic group:</s>
<s id="s156.2">Drugs for treatment of bone diseases, bisphosphonates.</s>
<s id="s156.3">ATC code:</s>
<s id="s156.4">M05BA04</s>
<s id="s157.1">The active substance in Alendronate HEXAL tablets, sodium alendronate trihydrate, is a bisphosphonate that inhibits osteoclastic bone resorption without any direct effect on bone formation.</s>
<s id="s157.2">Preclinical studies have demonstrated a preference for localisation of alendronate to sites where active resorption takes place.</s>
<s id="s157.3">Osteoclastic activity is inhibited, but formation and binding of the osteoclasts is not affected.</s>
<s id="s157.4">Bone formed during treatment with alendronate is of normal quality.</s>
<s id="s158.1">Treatment of post-menopausal osteoporosis</s>
<s id="s159.1">Osteoporosis is defined as bone mineral density (BMD) of the spine or hip 2.5 standard deviations below the mean value of a normal young population or as a previous fragility fracture, irrespective of bone mineral density.</s>
<s id="s160.1">The effects of alendronate on BMD and fracture incidence in post-menopausal women were studied in two initial efficacy studies of identical design (n=994), and in the Fracture Intervention Trial (FIT: n=6459).</s>
<s id="s161.1">12 In the initial efficacy studies, the increases in BMD with alendronate 10 mg daily relative to placebo after three years were 8.8%, 5.9% and 7.8% at the spine, femoral neck and trochanter respectively.</s>
<s id="s161.2">Total BMD also increased significantly.</s>
<s id="s161.3">In the patients treated with alendronate, the proportion of patients who suffered one or more vertebral fractures was reduced by 48% (alendronate 3.2% versus placebo 6.2%).</s>
<s id="s161.4">In the two-year extensions of these studies the BMD in the spine and trochanter continued to increase.</s>
<s id="s161.5">In addition, BMD at the femoral neck and total body was maintained.</s>
<s id="s162.1">The FIT study included two placebo-controlled trials in which alendronate was given daily (5 mg daily for two years and 10 mg daily for a further one or two years). • FIT 1:</s>
<s id="s162.2">A three-year study with 2027 patients who had had at least one baseline vertebral (compression) fracture.</s>
<s id="s162.3">In this study alendronate daily reduced the incidence of ≥ 1 new vertebral fracture by 47% (alendronate 7.9% versus placebo 15.0%).</s>
<s id="s162.4">In addition, a statistically significant reduction in the incidence of hip fractures was confirmed (1.1% versus 2.2%, a reduction of 51%). • FIT 2:</s>
<s id="s162.5">A four-year study with 4432 patients who had a low bone mass but had not had any vertebral fracture at the start of the study.</s>
<s id="s162.6">In this study, in a subgroup analysis of osteoporotic women (37% of the total population who fulfilled the definition of osteoporosis given above) a significant difference was seen in the incidence of hip fractures (alendronate 1.0% versus placebo 2.2%, a reduction of 56%) and in the incidence of ≥ 1 vertebral fracture (2.9% versus 5.8%, a reduction of 50%).</s>
<s id="s163.1">Osteoporosis in men with increased risk of fracture The efficacy of alendronate 10 mg once daily in men (31-87 years, mean age 63 years, n=241) with osteoporosis was evaluated in a two-year study.</s>
<s id="s163.2">After two years of treatment with alendronate 10 mg/ day, BMD increased on average by 5.3% in the spine, by 2.6% in the femoral neck, by 3.1% in the trochanter, and by 1.6% for the skeleton as a whole, relative to placebo (p &lt; 0.001 for all measurement points).</s>
<s id="s163.3">The effect of alendronate on BMD was independent of age, race, gonadal function, baseline BMD or baseline bone turnover.</s>
<s id="s163.4">The incidence of new vertebral fractures was evaluated as a safety variable.</s>
<s id="s163.5">In a retrospective analysis (assessed by quantitative radiography) one new fracture (0.8%) was documented among patients treated with alendronate, compared with 6 new fractures (7.1%) for placebo (p=0.017).</s>
<s id="s163.6">The reduction in height was less after treatment with alendronate, relative to placebo (-0.6 mm and -2.4 mm respectively, p=0.02).</s>
<s id="s163.7">No effect on non- vertebral fractures was seen.</s>
<s id="s164.1">Glucocorticoid-induced osteoporosis Long-term use of steroids is often associated with the development of osteoporosis accompanied by fractures.</s>
<s id="s164.2">This occurs in both men and women of all ages.</s>
<s id="s164.3">The efficacy of alendronate 10 mg and alendronate 5 mg once daily in men and women treated with steroids (at least 7.5 mg/ day of prednisone or equivalent, median dose 10 mg/ day) was demonstrated in two one-year studies of practically identical design.</s>
<s id="s164.4">These studies involved a total of 560 patients aged 17-83 years.</s>
<s id="s164.5">The patients received calcium and vitamin D supplements.</s>
<s id="s164.6">Relative to placebo, BMD increased significantly in the spine (2.41%), femoral neck (2.19%) and trochanter (1.65%) in patients who were treated with alendronate 5 mg once daily.</s>
<s id="s164.7">The increases in BMD with alendronate 10 mg once daily were the same as for alendronate 5 mg once daily in all patients, with the exception of post- menopausal women who were not being treated with oestrogen.</s>
<s id="s164.8">In these women the increases (relative to placebo) with alendronate 10 mg once daily were greater than for alendronate 5 mg once daily in the spine (4.11% versus 1.56%) and trochanter (2.84% versus 1.67%).</s>
<s id="s164.9">The fracture-preventing effect of increasing bone density with alendronate 10 mg or alendronate 5 mg in corticosteroid- induced osteoporosis has not been established.</s>
<s id="s165.1">Alendronate 10 mg and 5 mg were effective irrespective of the dose or duration of steroid use.</s>
<s id="s165.2">In addition, alendronate 10 mg and alendronate 5 mg were effective irrespective of age (&lt; 65 years as against ≥ 65 years), gender, baseline BMD, baseline bone turnover and concomitant use of a number of common medicines.</s>
<s id="s165.3">In the patients who received alendronate in doses up to 10 mg daily and in whom</s>
<s id="s166.1">13 biopsy was performed after one year no signs of a disturbance of the bone mineralisation process were seen.</s>
<s id="s167.1">5.2 Pharmacokinetic properties</s>
<s id="s168.1">Absorption Compared with an intravenous reference dose, the mean oral bioavailability of alendronate in women was 0.64% for doses ranging from 5 to 70 mg given after an overnight fast and two hours before a standardised breakfast.</s>
<s id="s168.2">Bioavailability decreased to an estimated 0.46% and 0.39% when alendronate was given an hour or half an hour before a standardised breakfast.</s>
<s id="s168.3">In osteoporosis studies alendronate was effective when it was given at least 30 minutes before the first meal or drink of the day.</s>
<s id="s168.4">Bioavailability was negligible irrespective of whether alendronate was given together with or up to two hours after a standardised breakfast.</s>
<s id="s168.5">Concomitant administration of alendronate with coffee or orange juice reduced bioavailability by approx.</s>
<s id="s168.6">60%.</s>
<s id="s168.7">In healthy persons, oral prednisolone (20 mg three times daily for five days) did not result in any clinically meaningful change in the oral bioavailability of alendronate (a mean increase ranging from 20% to 44%).</s>
<s id="s169.1">Distribution Studies in rats show that alendronate is initially distributed to soft tissues after intravenous administration of 1 mg/ kg, but is then rapidly redistributed to the skeleton or excreted in the urine.</s>
<s id="s169.2">The mean steady-state volume of distribution, exclusive of bone, is at least 28 litres in humans.</s>
<s id="s169.3">Concentrations of active substance in plasma following therapeutic oral doses are too low for analytical detection (&lt; 5 ng/ ml).</s>
<s id="s169.4">Protein binding in human plasma is approximately 78%.</s>
<s id="s170.1">Biotransformation There is no evidence that alendronate is metabolised in animals or humans.</s>
<s id="s171.1">Elimination Following a single intravenous dose of (14C) alendronate, approximately 50% of the radioactivity was excreted in the urine within 72 hours and little or no radioactivity was recovered in the faeces.</s>
<s id="s171.2">Following a single intravenous dose of 10 mg, the renal clearance of alendronate was 71 ml/ min, and systemic clearance did not exceed 200 ml/ min.</s>
<s id="s171.3">Plasma concentrations fell by more than 95% within 6 hours following intravenous administration.</s>
<s id="s171.4">The terminal half-life in humans is estimated to exceed ten years, reflecting release of alendronate from the skeleton.</s>
<s id="s171.5">Alendronate is not excreted through the acidic or basic transport systems of the kidney in rats, and thus it is not thought to interfere with the excretion of other active substances by those systems in humans.</s>
<s id="s172.1">Characteristics in patients Preclinical studies show that the active substance that is not deposited in bone is rapidly excreted in the urine.</s>
<s id="s172.2">No evidence of saturation of bone uptake was found after chronic dosing with cumulative intravenous doses up to 35 mg/ kg in animals.</s>
<s id="s172.3">Although no clinical information is available, it is likely that, as in animals, elimination of alendronate via the kidney will be reduced in patients with impaired renal function.</s>
<s id="s172.4">Therefore, somewhat greater accumulation of alendronate in bone might be expected in patients with impaired renal function (see section 4.2).</s>
<s id="s173.1">5.3 Preclinical safety data</s>
<s id="s174.1">Conventional studies of general toxicity, genotoxicity and carcinogenicity did not reveal any special risks for humans.</s>
<s id="s174.2">Studies in female rats showed that treatment with alendronate during pregnancy was associated with dystocia during parturition, which was related to hypocalcaemia.</s>
<s id="s174.3">Studies in which rats were given high doses showed an increased incidence of incomplete foetal bone formation.</s>
<s id="s174.4">The relevance for humans is unknown.</s>
<s id="s175.1">14 6.</s>
<s id="s175.2">PHARMACEUTICAL PARTICULARS</s>
<s id="s176.1">6.1 List of excipients</s>
<s id="s177.1">Microcrystalline cellulose Lactose monohydrate Croscarmellose sodium Magnesium stearate</s>
<s id="s178.1">6.2 Incompatibilities</s>
<s id="s179.1">Not applicable.</s>
<s id="s180.1">6.3 Shelf life</s>
<s id="s181.1">2 years</s>
<s id="s182.1">6.4 Special precautions for storage</s>
<s id="s183.1">Do not store above 25 °C.</s>
<s id="s183.2">Store in the original package in order to protect from moisture.</s>
<s id="s184.1">6.5 Nature and contents of container</s>
<s id="s185.1">The tablets are supplied in triplex blister (PVC/ PE/ PVDC/ AL) packaging.</s>
<s id="s185.2">14, 28, 56, 98, 112 and 50 x 1 (unit dose).</s>
<s id="s185.3">Not all pack sizes may be marketed.</s>
<s id="s186.1">6.6 Special precautions for disposal</s>
<s id="s187.1">No special requirements.</s>
<s id="s188.1">7.</s>
<s id="s188.2">MARKETING AUTHORISATION HOLDER</s>
<s id="s189.1">&lt; [See Annex I - To be completed nationally]</s>
<s id="s190.1">8.</s>
<s id="s190.2">MARKETING AUTHORISATION NUMBER(S)</s>
<s id="s191.1">&lt; [To be completed nationally] &gt;</s>
<s id="s192.1">9.</s>
<s id="s192.2">DATE OF FIRST AUTHORISATION/ RENEWAL OF THE AUTHORISATION</s>
<s id="s193.1">&lt; {DD/MM/YYYY} &gt; &lt; {DD month YYYY} &gt;</s>
<s id="s194.1">&lt; [To be completed nationally] &gt;</s>
<s id="s195.1">10.</s>
<s id="s195.2">DATE OF REVISION OF THE TEXT</s>
<s id="s196.1">&lt; {MM/YYYY} &gt;</s>
<s id="s197.1">&lt; [To be completed nationally] &gt;</s>
<s id="s198.1">15 LABELLING</s>
<s id="s199.1">16 PARTICULARS TO APPEAR ON THE OUTER PACKAGING CARTON BOX</s>
<s id="s200.1">1.</s>
<s id="s200.2">NAME OF THE MEDICINAL PRODUCT</s>
<s id="s201.1">Alendronate HEXAL and associated names (see Annex I) 10 mg tablets</s>
<s id="s202.1">[See Annex I - To be completed nationally]</s>
<s id="s203.1">Alendronic acid</s>
<s id="s204.1">2.</s>
<s id="s204.2">STATEMENT OF ACTIVE SUBSTANCE</s>
<s id="s205.1">One tablet contains 10 mg alendronic acid (as sodium alendronate trihydrate).</s>
<s id="s206.1">3.</s>
<s id="s206.2">LIST OF EXCIPIENTS</s>
<s id="s207.1">Also contains lactose.</s>
<s id="s207.2">Please see package leaflet for further information.</s>
<s id="s208.1">4.</s>
<s id="s208.2">PHARMACEUTICAL FORM AND CONTENTS</s>
<s id="s209.1">14 tablets 28 tablets 56 tablets 98 tablets 112 tablets 50 x 1 (unit dose) tablet</s>
<s id="s210.1">5.</s>
<s id="s210.2">METHOD AND ROUTE OF ADMINISTRATION</s>
<s id="s211.1">For oral use.</s>
<s id="s211.2">Please read the package leaflet before use.</s>
<s id="s212.1">6.</s>
<s id="s212.2">SPECIAL WARNING THAT THE MEDICINAL PRODUCT MUST BE STORED OUT OF THE REACH AND SIGHT OF CHILDREN</s>
<s id="s213.1">Keep out of the reach and sight of children.</s>
<s id="s214.1">7.</s>
<s id="s214.2">OTHER SPECIAL WARNINGS, IF NECESSARY</s>
<s id="s215.1">Alendronate HEXAL should be swallowed whole Alendronate HEXAL must be taken on an empty stomach immediately on rising in the morning, with plain water only, at least 30 minutes before the first food, drink or other medication of the day!</s>
<s id="s215.2">Do not lie down within 30 minutes of taking Alendronat HEXAL</s>
<s id="s216.1">17 8.</s>
<s id="s216.2">EXPIRY DATE</s>
<s id="s217.1">EXP</s>
<s id="s218.1">9.</s>
<s id="s218.2">SPECIAL STORAGE CONDITIONS</s>
<s id="s219.1">Do not store above 25 °C.</s>
<s id="s219.2">Please store in the original package in order to protect from moisture.</s>
<s id="s220.1">10.</s>
<s id="s220.2">SPECIAL PRECAUTIONS FOR DISPOSAL OF UNUSED MEDICINAL PRODUCTS OR WASTE MATERIALS DERIVED FROM SUCH MEDICINAL PRODUCTS, IF APPROPRIATE</s>
<s id="s221.1">11.</s>
<s id="s221.2">NAME AND ADDRESS OF THE MARKETING AUTHORISATION HOLDER</s>
<s id="s222.1">[See Annex I - To be completed nationally]</s>
<s id="s223.1">12.</s>
<s id="s223.2">MARKETING AUTHORISATION NUMBER(S)</s>
<s id="s224.1">[To be completed nationally]</s>
<s id="s225.1">13.</s>
<s id="s225.2">BATCH NUMBER</s>
<s id="s226.1">Batch</s>
<s id="s227.1">14.</s>
<s id="s227.2">GENERAL CLASSIFICATION FOR SUPPLY</s>
<s id="s228.1">[To be completed nationally]</s>
<s id="s229.1">15.</s>
<s id="s229.2">INSTRUCTIONS ON USE</s>
<s id="s230.1">[To be completed nationally]</s>
<s id="s231.1">16.</s>
<s id="s231.2">INFORMATION IN BRAILLE</s>
<s id="s232.1">Alendronate HEXAL</s>
<s id="s233.1">[To be completed nationally]</s>
<s id="s234.1">18 MINIMUM PARTICULARS TO APPEAR ON BLISTERS</s>
<s id="s235.1">PVC/ PE/ PVDC/ AL</s>
<s id="s236.1">1.</s>
<s id="s236.2">NAME OF THE MEDICINAL PRODUCT</s>
<s id="s237.1">Alendronate HEXAL and associated names (see Annex I) 10 mg tablets [See Annex I - To be completed nationally]</s>
<s id="s238.1">Alendronic acid</s>
<s id="s239.1">2.</s>
<s id="s239.2">NAME OF THE MARKETING AUTHORISATION HOLDER</s>
<s id="s240.1">[See Annex I - To be completed nationally]</s>
<s id="s241.1">3.</s>
<s id="s241.2">EXPIRY DATE</s>
<s id="s242.1">EXP</s>
<s id="s243.1">4.</s>
<s id="s243.2">BATCH NUMBER</s>
<s id="s244.1">Batch</s>
<s id="s245.1">5.</s>
<s id="s245.2">OTHER</s>
<s id="s246.1">19 PACKAGE LEAFLET</s>
<s id="s247.1">20 PACKAGE LEAFLET:</s>
<s id="s247.2">INFORMATION FOR THE USER</s>
<s id="s248.1">Alendronate HEXAL and associated names (see Annex I) 10 mg tablets [See Annex I - To be completed nationally]</s>
<s id="s249.1">Alendronic acid</s>
<s id="s250.1">Read all of this leaflet carefully before you start taking this medicine.</s>
<s id="s251.1">- Keep this leaflet.</s>
<s id="s251.2">You may need to read it again.</s>
<s id="s252.1">- If you have any further questions, ask your doctor or pharmacist.</s>
<s id="s253.1">- This medicine has been prescribed for you.</s>
<s id="s253.2">Do not pass it on to others.</s>
<s id="s253.3">It may harm them, even if</s>
<s id="s254.1">their symptoms are the same as yours.</s>
<s id="s255.1">- If any of the side effects gets serious, or if you notice any side effects not listed in this leaflet,</s>
<s id="s256.1">please tell your doctor or pharmacist.</s>
<s id="s257.1">In this leaflet:</s>
<s id="s257.2">1.</s>
<s id="s257.3">What is Alendronate HEXAL and what is it used for 2.</s>
<s id="s257.4">Before you take Alendronate HEXAL 3.</s>
<s id="s257.5">How to take Alendronate HEXAL 4.</s>
<s id="s257.6">Possible side effects 5.</s>
<s id="s257.7">How to store Alendronate HEXAL 6.</s>
<s id="s257.8">Further information</s>
<s id="s258.1">1.</s>
<s id="s258.2">WHAT IS ALENDRONATE HEXAL AND WHAT IT IS USED FOR</s>
<s id="s259.1">Alendronate belongs to a group of non-hormonal medicines called bisphosphonates.</s>
<s id="s259.2">Alendronate prevents the loss of bone, and helps to rebuild bone.</s>
<s id="s259.3">It reduces the risk of spine and hip fractures.</s>
<s id="s260.1">Your doctor has prescribed Alendronate HEXAL to treat your osteoporosis.</s>
<s id="s260.2">Alendronate HEXAL has been shown to reduce the risk of spine and hip fractures in women and spine fractures in men.</s>
<s id="s261.1">Osteoporosis is a thinning and weakening of the bones.</s>
<s id="s261.2">Early on, osteoporosis usually has no symptoms.</s>
<s id="s261.3">If left untreated, however, it can result in broken bones.</s>
<s id="s261.4">Although these usually hurt, breaks in the bones of the spine may go unnoticed until they cause height loss.</s>
<s id="s261.5">Broken bones can happen during normal, everyday activity, such as lifting, or from minor injury that would not generally break normal bone.</s>
<s id="s261.6">Broken bones usually occur at the hip, spine, or wrist and can lead not only to pain but also to considerable problems like stooped posture (‘ dowager’ s hump’) and loss of mobility.</s>
<s id="s262.1">As well as your treatment with Alendronate HEXAL, your doctor may suggest you make changes to your lifestyle to help your condition, such as:</s>
<s id="s263.1">Stopping smoking Smoking appears to increase the rate at which you lose bone and, therefore, may increase your risk of broken bones.</s>
<s id="s264.1">Exercise Like muscles, bones need exercise to stay strong and healthy.</s>
<s id="s264.2">Consult your doctor before you begin any exercise programme.</s>
<s id="s265.1">Eating a balanced diet Your doctor can advise you about your diet or whether you should take any dietary supplements.</s>
<s id="s266.1">2.</s>
<s id="s266.2">BEFORE YOU TAKE ALENDRONATE HEXAL</s>
<s id="s267.1">21 Do not take Alendronate HEXAL</s>
<s id="s268.1">- if you are allergic (hypersensitive) to alendronate sodium trihydrate or any of the other</s>
<s id="s269.1">ingredients of Alendronate HEXAL</s>
<s id="s270.1">- if you have certain problems with your gullet (oesophagus - the tube that connects your</s>
<s id="s271.1">mouth with your stomach) such as narrowing or difficulty swallowing</s>
<s id="s272.1">- if you cannot stand or sit upright for at least 30 minutes</s>
<s id="s273.1">- if your doctor has told you that you have low blood calcium</s>
<s id="s274.1">If you think any of these apply to you, do not take the tablets.</s>
<s id="s274.2">Talk to your doctor first and follow the advice given.</s>
<s id="s275.1">Take special care with Alendronate HEXAL Tell your doctor</s>
<s id="s276.1">- if you suffer from kidney problems</s>
<s id="s277.1">- if you have any swallowing or digestive problems</s>
<s id="s278.1">- if you have low blood calcium levels.</s>
<s id="s279.1">Irritation, inflammation or ulceration of the gullet (oesophagus - the tube that connects your mouth with your stomach) often with symptoms of chest pain, heartburn, or difficulty or pain upon swallowing may occur, especially if patients do not drink a full glass of water and/ or if they lie down less than 30 minutes after taking Alendronate HEXAL.</s>
<s id="s279.2">These side effects may worsen if patients continue to take Alendronate HEXAL after developing these symptoms.</s>
<s id="s280.1">Talk to your doctor before you take Alendronate HEXAL if you have or have had pain or swelling of your gums and/ or jaw, numbness of the jaw, if the jaw feels heavy or if you have lost a tooth.</s>
<s id="s280.2">This might be a symptom of osteonecrosis (death of bone tissue).</s>
<s id="s280.3">Talk to your doctor if you suffer from cancer or if your teeth are in bad condition as this is a risk factor.</s>
<s id="s280.4">If you are being treated by a dentist or if you are going to have dental surgery, tell your dentist that you are taking Alendronate HEXAL.</s>
<s id="s281.1">Alendronate HEXAL should not be given to children and adolescents.</s>
<s id="s282.1">Taking other medicines It is likely that calcium supplements, antacids, and some oral medicines will interfere with the absorption of Alendronate HEXAL if taken at the same time.</s>
<s id="s282.2">Therefore, it is important that you follow the advice given in section 3. “ How to take Alendronate HEXAL”.</s>
<s id="s283.1">Please tell your doctor or pharmacist if you are taking or have recently taken any other medicines, including medicines obtained without a prescription.</s>
<s id="s284.1">Taking Alendronate HEXAL with food and drink It is likely that food and beverages (including mineral water) will make Alendronate HEXAL less effective if taken at the same time.</s>
<s id="s284.2">Therefore, it is important that you follow the advice given in section 3. “ How to take Alendronate HEXAL”.</s>
<s id="s285.1">Pregnancy and breast-feeding You should not take Alendronate HEXAL if you are or think you may be pregnant.</s>
<s id="s286.1">You should not take Alendronate HEXAL if you are breast-feeding.</s>
<s id="s287.1">Driving and using machines Alendronate HEXAL should not affect your ability to drive or operate machines.</s>
<s id="s288.1">Important information about some of the ingredients of Alendronate HEXAL Alendronate HEXAL contains lactose.</s>
<s id="s288.2">If you have been told by your doctor that you have an intolerance to some sugars (for example lactose), contact your doctor before taking this medicine.</s>
<s id="s289.1">22 3.</s>
<s id="s289.2">HOW TO TAKE ALENDRONATE HEXAL</s>
<s id="s290.1">Always take Alendronate HEXAL exactly as your doctor has told you.</s>
<s id="s290.2">You should check with your doctor or pharmacist if you are not sure.</s>
<s id="s291.1">Take one Alendronate 10 mg tablet once daily.</s>
<s id="s292.1">Follow these instructions carefully to make sure you will benefit from Alendronate HEXAL.</s>
<s id="s293.1">It is very important to follow instructions 1), 2), 3) and 4) to help the Alendronate HEXAL reach your stomach quickly and help reduce the chance of irritating your gullet (oesophagus - the tube that connects your mouth with your stomach).</s>
<s id="s294.1">1) After getting up for the day and before taking any food, drink, or other medicine, swallow your Alendronate HEXAL with a full glass of water only (not mineral water) (not less than 200 ml or 7 fl. oz.).</s>
<s id="s295.1">- Do not take with mineral water (still or sparkling).</s>
<s id="s296.1">- Do not take with coffee or tea.</s>
<s id="s297.1">- Do not take with juice or milk.</s>
<s id="s298.1">2) Do not chew the tablet or allow it to dissolve in your mouth.</s>
<s id="s299.1">3) Do not lie down - stay fully upright (sitting, standing or walking) - for at least 30 minutes after swallowing the tablet.</s>
<s id="s299.2">Do not lie down until after your first food of the day.</s>
<s id="s300.1">4) Do not take Alendronate HEXAL at bedtime or before getting up for the day.</s>
<s id="s301.1">5) If you develop difficulty or pain upon swallowing, chest pain, or new or worsening heartburn, stop taking Alendronate HEXAL and contact your doctor.</s>
<s id="s302.1">6) After swallowing your Alendronate HEXAL, wait at least 30 minutes before taking your first food, drink, or other medicine of the day, including antacids, calcium supplements and vitamins.</s>
<s id="s302.2">Alendronate HEXAL is effective only if taken when your stomach is empty.</s>
<s id="s303.1">7) It is important that you continue taking Alendronate HEXAL for as long as your doctor prescribes the medicine.</s>
<s id="s303.2">Alendronate HEXAL can treat your osteoporosis only if you continue to take the tablets.</s>
<s id="s304.1">If you take more Alendronate HEXAL than you should If you take too many tablets by mistake, drink a full glass of milk and contact your doctor immediately.</s>
<s id="s304.2">Do not make yourself vomit, and do not lie down.</s>
<s id="s305.1">If you forget to take Alendronate HEXAL If you miss a dose, just take one tablet on the morning after you remember.</s>
<s id="s305.2">Do not take two tablets on the same day.</s>
<s id="s305.3">Return to taking one tablet daily.</s>
<s id="s306.1">If you have any further questions on the use of this product, ask your doctor or pharmacist.</s>
<s id="s307.1">4.</s>
<s id="s307.2">POSSIBLE SIDE EFFECTS</s>
<s id="s308.1">Like all medicines, Alendronate HEXAL can have side effects, although not everybody gets them.</s>
<s id="s309.1">The following terms are used to describe how often side effects have been reported.</s>
<s id="s310.1">23 Very common: ≥ 1/ 10 Common: ≥ 1/ 100 - &lt; 1/ 10 Uncommon: ≥ 1/ 1,000 - &lt; 1/ 100 Rare: ≥ 1/ 10,000 - &lt; 1/ 1,000 Very rare: &lt; 1/ 10,000, not known (cannot be estimated from the available data)</s>
<s id="s311.1">Common: headache abdominal pain uncomfortable feeling in the stomach or belching after eating constipation full or bloated feeling in the stomach diarrhoea flatulence heartburn difficulty swallowing pain upon swallowing ulceration of the gullet (oesophagus - the tube that connects your mouth with your stomach) which can cause chest pain, heartburn or difficulty or pain upon swallowing bone, muscle and/ or joint pain</s>
<s id="s312.1">Uncommon Nausea Vomiting irritation or inflammation of the gullet (oesophagus - the tube that connects your mouth with your stomach) or stomach black or tarlike stools rash itching redness of the skin</s>
<s id="s313.1">Rare: blurred vision, pain or redness in the eye narrowing of the gullet (oesophagus - the tube that connects your mouth with your stomach) mouth ulcers when the tablets have been chewed or sucked stomach or peptic ulcers (sometimes severe or with bleeding) but it is not sure whether these were caused by Alendronate HEXAL.</s>
<s id="s313.2">Severe bone, muscle and/ or joint pain rash made worse by sunlight, transient flu-like symptoms, such as aching muscles, generally feeling unwell and sometimes with fever usually at the start of treatment hypersensitivity reactions including nettle rash and angio-oedema symptoms of low blood calcium levels including muscle cramps or spasms and/ or tingling sensation in the fingers or around the mouth</s>
<s id="s314.1">Very rare: severe skin reactions perforation of the gullet (oesophagus - the tube that connects your mouth with your stomach) was reported in isolated cases</s>
<s id="s315.1">During post-marketing experience the following side effects have been reported (frequency unknown):</s>
<s id="s316.1">dizziness swelling in the hands or legs lack or loss of strength osteonecrosis (death of bone tissue) 24 joint swelling</s>
<s id="s317.1">It will help if you make a note of what you experienced, when it started and how long it lasted.</s>
<s id="s318.1">If any of the side effects gets serious, or if you notice any side effects not listed in this leaflet, please tell your doctor or pharmacist.</s>
<s id="s319.1">5.</s>
<s id="s319.2">HOW TO STORE ALENDRONATE HEXAL</s>
<s id="s320.1">Keep out of the reach and sight of children.</s>
<s id="s321.1">Do not take the tablets after the expiry date stated on the blister and the carton.</s>
<s id="s321.2">The expiry date refers to the last day of that month.</s>
<s id="s322.1">Do not store above 25 °C.</s>
<s id="s322.2">Store in the original package in order to protect from moisture.</s>
<s id="s323.1">6.</s>
<s id="s323.2">FURTHER INFORMATION</s>
<s id="s324.1">What Alendronate HEXAL contains The active substance is alendronate sodium trihydrate.</s>
<s id="s324.2">Each tablet contains 10 mg alendronic acid as alendronate sodium trihydrate.</s>
<s id="s325.1">The other ingredients are microcrystalline cellulose, lactose monohydrate, croscarmellose sodium, magnesium stearate.</s>
<s id="s326.1">What Alendronate HEXAL looks like and contents of the pack Alendronate HEXAL are available as white to off-white, capsule-shaped tablet, embossed &quot;AN 10&quot; on one side and &quot;Arrow logo&quot; on the other.</s>
<s id="s327.1">The tablets are supplied in triplex blister (PVC/ PE/ PVDC/ AL) packs containing 14, 28, 56, 98, 112 and 50 x 1 (unit dose).</s>
<s id="s327.2">Not all pack sizes may be marketed.</s>
<s id="s328.1">Marketing Authorisation Holder and Manufacturer&lt; [See Annex I - To be completed nationally] &gt;</s>
<s id="s329.1">This medicinal product is authorised in the Member States of the EEA under the following names: &gt;</s>
<s id="s330.1">Sweden - Alendronat HEXAL Germany - Alendron-HEXAL Poland - AlendroHEXAL 10 Belgium - Alendronate Sandoz Denmark - Alendonicht Greece - Forosa This leaflet was last approved in {MM/ YYYY} .&lt; [To be completed nationally] &gt;</s>
<s id="s331.1">25</s>
</body>
</letsmt>
