<?xml version="1.0" encoding="utf-8"?>
<letsmt version="1.0">
<head></head>
<body>
<s id="s1.1">DODATEK I</s>
<s id="s2.1">POVZETEK GLAVNIH ZNAČILNOSTI ZDRAVILA</s>
<s id="s3.1">1 1.</s>
<s id="s3.2">IME ZDRAVILA ZA UPORABO V VETERINARSKI MEDICINI</s>
<s id="s4.1">CORTAVANCE 0, 584 mg/ ml dermalno pršilo raztopina za pse</s>
<s id="s5.1">2.</s>
<s id="s5.2">KAKOVOSTNA IN KOLIČINSKA SESTAVA</s>
<s id="s6.1">Zdravilna učinkovina:</s>
<s id="s6.2">Hidrokortizon aceponat 0, 584 mg/ ml</s>
<s id="s7.1">Za celoten seznam pomožnih snovi, glejte poglavje 6. 1.</s>
<s id="s8.1">3.</s>
<s id="s8.2">FARMACEVTSKA OBLIKA</s>
<s id="s9.1">Dermalno pršilo, raztopina.</s>
<s id="s10.1">4.</s>
<s id="s10.2">KLINIČNI PODATKI</s>
<s id="s11.1">4. 1 Ciljne živalske vrste</s>
<s id="s12.1">Psi</s>
<s id="s13.1">4. 2 Indikacije za uporabo pri ciljnih živalskih vrstah</s>
<s id="s14.1">Za simptomatsko zdravljenje vnetne in pruritične dermatoze pri psih.</s>
<s id="s15.1">4. 3 Kontraindikacije</s>
<s id="s16.1">Ne uporabljajte za zdravljanje razjed na koži.</s>
<s id="s17.1">4. 4.</s>
<s id="s17.2">Posebna opozorila za vsako ciljno živalsko vrsto</s>
<s id="s18.1">Skupna površina telesa, ki jo zdravite, ne sme presegati površine, ki, na primer, ustreza zdravljenju obeh bočnih strani, od hrbtenice do verige prsnih žlez, vključno s pleči in bedroma.</s>
<s id="s18.2">Drugače se mora zdravilo uporabljati samo v skladu z oceno razmerja korist/ tveganje psa pa je treba redno klinično ocenjevati.</s>
<s id="s19.1">4. 5 Posebni previdnostni ukrepi</s>
<s id="s20.1">Posebni previdnostni ukrepi za uporabo pri živalih</s>
<s id="s21.1">V primeru, da sočasno pride do mikrobne bolezni ali parazitske infestacije, je treba psa na ustrezen način proti tej bolezni zdraviti.</s>
<s id="s21.2">Če ne razpolagamo s specifičnimi podatki, se živali, ki imajo Cushingov sindrom, Zdravi v skladu z oceno razmerja korist/ tveganje.</s>
<s id="s21.3">Ker je znano, da glukokortikosteroidi upočasnjujejo rast, se mora pri mladih živalih (ki še nimajo 7 mesecev) zdravilo uporabljati v skladu z oceno razmerja korist/ tveganje in odvisno od rednega kliničnega ocenjevanja.</s>
<s id="s22.1">Posebni previdnostni ukrepi, ki jih mora izvajati oseba, ki živalim daje zdravilo</s>
<s id="s23.1">V primeru nenamernega stika s kožo, temeljito izperite z vodo.</s>
<s id="s23.2">Po uporabi si umijte roke.</s>
<s id="s24.1">2 Zdravilo ne sme priti v stik z očmi.</s>
<s id="s24.2">V primeru, da zdravilo pride v stik z očmi, si oči izperite z večjo količino vode.</s>
<s id="s24.3">Če pride do draženja očesa, se posvetujte z zdravnikom.</s>
<s id="s24.4">V primeru nenamernega zaužitja se takoj posvetujte z zdravnikom in mu pokažite navodila za uporabo ali pa ovojnino.</s>
<s id="s25.1">Pršilo po možnosti uporabljajte v dobro prezračenem prostoru.</s>
<s id="s25.2">Vnetljivo.</s>
<s id="s25.3">Ne pršite na odrpti ogenj ali na žareče snovi.</s>
<s id="s25.4">Pri ravnanju z zdravilom ne kadite.</s>
<s id="s26.1">4. 6.</s>
<s id="s26.2">Neželeni učinki (pogostost in resnost)</s>
<s id="s27.1">Jih ni.</s>
<s id="s28.1">4. 7.</s>
<s id="s28.2">Uporaba v obdobju brejosti, laktacije ali nesnosti</s>
<s id="s29.1">Varnost zdravila v obdobju brejosti in laktacije ni bila ugotovljena.</s>
<s id="s29.2">Sistemska absorpcija hidrokortizon aceponata je zanemarljiva; ob uporabi priporočenih odmerkov za zdravljenje psov ni verjetnosti, da se pojavijo teratogeni in fetotoksični učinki ter toksični učinki na mater.</s>
<s id="s29.3">Uporabite le v skladu z oceno razmerja korist/ tveganje odgovornega veterinarja</s>
<s id="s30.1">4. 8 Medsebojno delovanje z drugimi zdravili in druge oblike interakcij</s>
<s id="s31.1">Ker podatkov o tem ni, odsvetujemo sočasno uporabljanje tega zdravila in drugih zdravil za lokalno uporabo za zdravljenje istih poškodb.</s>
<s id="s32.1">4. 9 Odmerjanje in pot uporabe</s>
<s id="s33.1">Dermalna uporoba.</s>
<s id="s33.2">Pred uporoba na vsebnik privijte zaporko z mehanskim pršilnikom.</s>
<s id="s33.3">Nato z aktiviranjem zaporke z mehanskim pršilnikom zdravilo nanašajte iz oddaljenosti približno 10 cm od mesta na koži, ki ga je potrebno zdraviti.</s>
<s id="s33.4">Priporočen odmerek je 1, 52 µg hidrokortizon aceponata/ cm2 prizadete kože na dan.</s>
<s id="s33.5">Ta odmerek se lahko doseže z dvakratnim aktivranjem zaporke z mehanskim pršilnikom nad tistim delom kože, ki ga je treba zdraviti in ki ustreza kvadratu 10 cm x 10 cm.</s>
<s id="s33.6">Zdravljenje ponavljajte 7 zaporednih dni.</s>
<s id="s34.1">Pri uporabi razpršila je treba paziti, da zdravilo ne pride živali v oči.</s>
<s id="s34.2">Ker je zdravilo v obliki lahko hlapljivega pršila, po uporabi masaža ni potrebna.</s>
<s id="s35.1">V primeru, da stanje zahteva podaljšano zdravljenje, mora odgovorni veterinar o uporabi zdravila presojati v skladu z oceno razmerja korist/ tveganje.</s>
<s id="s35.2">Če po 7 dneh ni nobenih znakov izboljšanja, mora veterinar ponovno oceniti zdravljenje.</s>
<s id="s36.1">4. 10 Preveliko odmerjanje (simptomi, nujni ukrepi, protistrupi) (če je potrebno)</s>
<s id="s37.1">Potem, ko se zdravilo na koži uporabi v priporočenih odmerkih in v obdobju, ki traja dvakrat dlje od priporočenega, na površini telesa, ki ustreza obema bočnima stranema, od hrbtenice do verige prsnih žlez, vključno s pleči in bedroma, niso zaznavni nobeni sistemski učinki.</s>
<s id="s38.1">Študije tolerance, pri katerih so uporabljali odmerke 3 in 5 krat večje od priporočenih, v obdobju zdravljenja, ki je trajalo dvakrat dlje od priporočenega, so pokazale zmanjšano sposobnost proizvajanja kortizola, ki pa je bila v obdobju 7 do 9 tednov po končanem zdravljenju popolnoma reverzibilna.</s>
<s id="s39.1">4. 11 Karenca</s>
<s id="s40.1">Navedba ni smiselna.</s>
<s id="s41.1">3 5.</s>
<s id="s41.2">FARMAKOLOŠKE LASTNOSTI</s>
<s id="s42.1">Farmakoterapevtska skupina: glukortikosteroidi, dermatiki Oznaka ATC vet QD07AC.</s>
<s id="s43.1">5. 1 Farmakodinamične lastnosti</s>
<s id="s44.1">Zdravilo vsebuje učinkovino hidrokortizon aceponat.</s>
<s id="s44.2">Hidrokortizon aceponat (HCA) je dermokortikoid z močnim intrinzičnim glukokortikoidnim delovanjem, ki pomeni olajšanje tako vnetja kot pruritisa, in pripelje do hitrega celjenje kožnih poškodb, ki so zaznavnepri vnetljivh in pruritičnih dermatozah.</s>
<s id="s45.1">5. 2 Farmakokinetični podatki</s>
<s id="s46.1">HCA spada v diestre iz razreda glukokortikosteroidov.</s>
<s id="s46.2">Diestri so lipofilne komponente, ki zagotavljajo uspešnejšo penetracijo v kožo, povezano z nizko vsebnostjo v plazmi.</s>
<s id="s46.3">Na ta način se HCA v koži psa akumulira in pri nizkih odmerkih omogoča lokalno učinkovitost.</s>
<s id="s46.4">Diestri se transformirajo znotraj kožnih struktur.</s>
<s id="s46.5">Ta transformacija je odgovorna za učinkovitost terapevtskega razreda.</s>
<s id="s46.6">Pri laboratorijskih živalih se hidrokortizon aceponat izloča na enak način kot hidrokortizon (drugo ime za endogeni kortizol) s sečem in blatom.</s>
<s id="s46.7">Rezultat lokalne uporabe diestrov je visoki terapevtski indeks: visoko lokalno delovanje z reduciranimi sekundarnimi sistemskimi učinki.</s>
<s id="s47.1">6.</s>
<s id="s47.2">FARMACEVTSKI PODATKI</s>
<s id="s48.1">6. 1.</s>
<s id="s48.2">Seznam pomožnih snovi</s>
<s id="s49.1">Propilenglikol metileter</s>
<s id="s50.1">6. 2 Inkompatibilnosti</s>
<s id="s51.1">Niso znane</s>
<s id="s52.1">6. 3 Rok uporabnosti</s>
<s id="s53.1">Rok uporabnosti zdravila v pakiranju za prodajo:</s>
<s id="s53.2">2 leta.</s>
<s id="s53.3">Rok uporabnosti po prvem odpiranju stične ovojnine:</s>
<s id="s53.4">6 mesecev.</s>
<s id="s54.1">6. 4.</s>
<s id="s54.2">Posebna navodila za shranjevanje</s>
<s id="s55.1">Za shranjevanje tega zdravila ni posebnih navodil.</s>
<s id="s56.1">6. 5 Vrsta ovojnine in vsebina</s>
<s id="s57.1">V škatli sta plastenka iz polietilen tereftalata (PET), ki vsebuje 76 ml raztopine, zaprt z aluminijskim navojnim zamaškom ali pa z belim plastičnim pokrovčkom z navojem in razpršilec.</s>
<s id="s58.1">6. 6 Posebni varnostni ukrepi za odstranjevanje neporabljenega zdravila ali odpadnih snovi</s>
<s id="s59.1">Vsako neporabljeno zdravilo za uporabo v veterinarski medicini ali odpadne snovi, ki nastanejo iz teh zdravil, je treba odstraniti v skladu z lokalnimi predpisi.</s>
<s id="s60.1">4 7.</s>
<s id="s60.2">IMETNIK DOVOLJENJA ZA PROMET</s>
<s id="s61.1">VIRBAC S. A.</s>
<s id="s61.2">1ère avenue 2065 m L. I. D.</s>
<s id="s61.3">06516 Carros FRANCIJA Tel:</s>
<s id="s61.4">0033/ 4. 92. 08. 73. 00 Faks:</s>
<s id="s61.5">0033/ 4. 92. 08. 73. 48 e- pošta: dar@ virbac. fr</s>
<s id="s62.1">8.</s>
<s id="s62.2">ŠTEVILKA DOVOLJENJA ZA PROMET</s>
<s id="s63.1">EU/ 2/ 06/ 069/ 001</s>
<s id="s64.1">9.</s>
<s id="s64.2">DATUM PRIDOBITVE/ PODALJŠANJA DOVOLJENJA ZA PROMET</s>
<s id="s65.1">10.</s>
<s id="s65.2">DATUM REVIZIJE BESEDILA</s>
<s id="s66.1">27 October 2005</s>
<s id="s67.1">PREPOVED PRODAJE, OSKRBE IN/ ALI UPORABE</s>
<s id="s68.1">Navedba ni smiselna.</s>
<s id="s69.1">5 DODATEK II</s>
<s id="s70.1">A.</s>
<s id="s70.2">IZDELOVALEC( IZDELOVALCI) BIOLOŠKE ZDRAVILNE UČINKOVINE (ZDRAVILNIH UČINKOVIN) IN IMETNIK( I) DOVOLJENJ( A) ZA IZDELAVO ZDRAVILA, ODGOVOREN( ODGOVORNI) ZA SPROŠČANJE SERIJE</s>
<s id="s71.1">B.</s>
<s id="s71.2">POGOJI DOVOLJENJA ZA PROMET Z ZDRAVILOM TER OMEJITVE GLEDE OSKRBE IN UPORABE</s>
<s id="s72.1">C.</s>
<s id="s72.2">POGOJI DOVOLJENJA ZA PROMET Z ZDRAVILOM TER OMEJITVE GLEDE VARNE IN UČINKOVITE UPORABE</s>
<s id="s73.1">D.</s>
<s id="s73.2">NAVEDBA NAJVIŠJIH DOVOLJENIH KOLIČIN ZAOSTANKOV ZDRAVILA (MRL)</s>
<s id="s74.1">6 A.</s>
<s id="s74.2">IMETNIK( I) DOVOLJENJ( A) ZA IZDELAVO ZDRAVILA, ODGOVOREN( ODGOVORNI) ZA SPROŠČANJE SERIJE</s>
<s id="s75.1">Ime in naslov izdelovalca( izdelovalcev) zdravila, odgovornega za sproščanje serije</s>
<s id="s76.1">VIRBAC SA 1ère Avenue - 2065 m – L. I. D 06516 Carros, Francija</s>
<s id="s77.1">B POGOJI DOVOLJENJA ZA PROMET Z ZDRAVILOM TER OMEJITVE GLEDE OSKRBE IN UPORABE</s>
<s id="s78.1">Izdaja zdravila je le na veterinarski recept.</s>
<s id="s79.1">C.</s>
<s id="s79.2">POGOJI DOVOLJENJA ZA PROMET Z ZDRAVILOM TER OMEJITVE GLEDE VARNE IN UČINKOVITE UPORABE</s>
<s id="s80.1">Navedba ni smiselna.</s>
<s id="s81.1">D.</s>
<s id="s81.2">NAVEDBA NAJVIŠJIH DOVOLJENIH KOLIČIN ZAOSTANKOV ZDRAVILA (MRL)</s>
<s id="s82.1">Navedba ni smiselna.</s>
<s id="s83.1">7 DODATEK III</s>
<s id="s84.1">OZNAČEVANJE IN NAVODILO ZA UPORABO</s>
<s id="s85.1">8 A.</s>
<s id="s85.2">OZNAČEVANJE</s>
<s id="s86.1">9 PODATKI NA ZUNANJI OVOJNINI</s>
<s id="s87.1">Škatla iz lepenke</s>
<s id="s88.1">1.</s>
<s id="s88.2">IME ZDRAVILA ZA UPORABO V VETERINARSKI MEDICINI</s>
<s id="s89.1">CORTAVANCE 0, 584 mg/ ml raztopina (razpršilo) za kozo za pse.</s>
<s id="s90.1">2.</s>
<s id="s90.2">NAVEDBA ZDRAVILNIH UČINKOVIN IN DRUGIH SNOVI</s>
<s id="s91.1">Hidrokortizon aceponat</s>
<s id="s92.1">0, 584 mg/ ml</s>
<s id="s93.1">Ne vsebuje konzervansov.</s>
<s id="s94.1">3.</s>
<s id="s94.2">FARMACEVTSKA OBLIKA</s>
<s id="s95.1">Razpršilo za kožo, raztopina.</s>
<s id="s96.1">4.</s>
<s id="s96.2">VELIKOST PAKIRANJA</s>
<s id="s97.1">Plastenka s 76 ml raztopine.</s>
<s id="s98.1">5.</s>
<s id="s98.2">CILJNE ŽIVALSKE VRSTE</s>
<s id="s99.1">Psi.</s>
<s id="s100.1">6.</s>
<s id="s100.2">INDIKACIJA( E)</s>
<s id="s101.1">Za simptomatsko zdravljenje inflamatornih in pruritičnih dermatoz pri psih.</s>
<s id="s102.1">7.</s>
<s id="s102.2">NAČIN IN POT( I) UPORABE</s>
<s id="s103.1">Za porabo na koži.</s>
<s id="s103.2">Pred uporabo preberite navodilo za uporabo.</s>
<s id="s104.1">8.</s>
<s id="s104.2">KARENCA</s>
<s id="s105.1">Navedba ni smiselna.</s>
<s id="s106.1">10 9.</s>
<s id="s106.2">POSEBNO( A) OPOZORILO( A), ČE JE/ SO POTREBNO( A)</s>
<s id="s107.1">Skupna površina telesa, ki jo zdravimo, ne sme presegati površine, ki, na primer, ustreza zdravljenju Obeh bočnih strani, od hrbtenice do verig prsnih žlez, vključno z ramenoma in bedroma.</s>
<s id="s107.2">Drugače pa Zdravilo uporabljajte le v skladu z oceno razmerja korist/ tveganje, ki jo bo dal odgovorni veterinar, in Odvisno od rednega kliničnega ocenjevanja živali.</s>
<s id="s108.1">10.</s>
<s id="s108.2">DATUM IZTEKA ROKA UPORABNOSTI ZDRAVILA</s>
<s id="s109.1">EXP {mesec/ leto} Rok uporabnosti po prvem odpiranju:</s>
<s id="s109.2">6 mesecev.</s>
<s id="s110.1">11.</s>
<s id="s110.2">POSEBNA NAVODILA ZA SHRANJEVANJE</s>
<s id="s111.1">Za shranjevanje tega zdravila ni posebnih navodil.</s>
<s id="s112.1">12.</s>
<s id="s112.2">POSEBNI VARNOSTNI UKREPI ZA ODSTRANJEVANJE NEPORABLJENEGA ZDRAVILA ALI ODPADNIH SNOVI, ČE OBSTAJAJO</s>
<s id="s113.1">Neuporabljeni preparat in odpadne snovi, ki nastanejo iz teh zdravil, je treba odstraniti v skladu z nacionalnimi predpisi.</s>
<s id="s114.1">13.</s>
<s id="s114.2">BESEDILO “ SAMO ZA ŽIVALI ” IN POGOJI ALI OMEJITVE GLEDE OSKRBE IN UPORABE, če je navedba smiselna</s>
<s id="s115.1">Samo za živali - oskrba le na podlagi veterinarskega recepta.</s>
<s id="s116.1">14.</s>
<s id="s116.2">BESEDILO “ ZDRAVILO SHRANJUJTE NEDOSEGLJIVO OTROKOM ”</s>
<s id="s117.1">Zdravilo shranjujte nedosegljivo otrokom.</s>
<s id="s118.1">15.</s>
<s id="s118.2">IME IN NASLOV IMETNIKA DOVOLJENJA ZA PROMET Z ZDRAVILOM</s>
<s id="s119.1">VIRBAC S. A.</s>
<s id="s119.2">1ère avenue 2065 m L. I. D.</s>
<s id="s119.3">06516 Carros FRANCIJA</s>
<s id="s120.1">16.</s>
<s id="s120.2">ŠTEVILKA( E) DOVOLJENJ( A) ZA PROMET</s>
<s id="s121.1">EU/ 2/ 06/ 069/ 001</s>
<s id="s122.1">17.</s>
<s id="s122.2">IZDELOVALČEVA ŠTEVILKA SERIJE</s>
<s id="s123.1">Številka serije{ številka}</s>
<s id="s124.1">11 PODATKI, KI MORAJO BITI NAVEDENI NA ZUNANJI OVOJNINI</s>
<s id="s125.1">Vsebnik</s>
<s id="s126.1">1.</s>
<s id="s126.2">IME ZDRAVILA ZA UPORABO V VETERINARSKI MEDICINI</s>
<s id="s127.1">CORTAVANCE 0, 584 mg/ ml raztopina (razpršilo) za kozo za pse.</s>
<s id="s128.1">2.</s>
<s id="s128.2">NAVEDBA ZDRAVILNIH UČINKOVIN IN DRUGIH SNOVI</s>
<s id="s129.1">Hidrokortizon aceponat</s>
<s id="s130.1">0, 584 mg/ ml</s>
<s id="s131.1">Ne vsebuje konzervansov.</s>
<s id="s132.1">3.</s>
<s id="s132.2">FARMACEVTSKA OBLIKA</s>
<s id="s133.1">Razpršilo za kožo, raztopina.</s>
<s id="s134.1">4.</s>
<s id="s134.2">VELIKOST PAKIRANJA</s>
<s id="s135.1">Plastenka s 76 ml raztopine.</s>
<s id="s136.1">5.</s>
<s id="s136.2">CILJNE ŽIVALSKE VRSTE</s>
<s id="s137.1">Psi.</s>
<s id="s138.1">6.</s>
<s id="s138.2">INDIKACIJA( E)</s>
<s id="s139.1">Za simptomatsko zdravljenje inflamatornih in pruritičnih dermatoz pri psih.</s>
<s id="s140.1">7.</s>
<s id="s140.2">NAČIN IN POT( I) UPORABE</s>
<s id="s141.1">Za porabo na koži.</s>
<s id="s141.2">Pred uporabo preberite navodilo za uporabo.</s>
<s id="s142.1">8.</s>
<s id="s142.2">KARENCA</s>
<s id="s143.1">Navedba ni smiselna.</s>
<s id="s144.1">12 9.</s>
<s id="s144.2">POSEBNO( A) OPOZORILO( A), ČE JE/ SO POTREBNO( A)</s>
<s id="s145.1">Skupna površina telesa, ki jo zdravimo, ne sme presegati površine, ki, na primer, ustreza zdravljenju Obeh bočnih strani, od hrbtenice do verig prsnih žlez, vključno z ramenoma in bedroma.</s>
<s id="s145.2">Drugače pa Zdravilo uporabljajte le v skladu z oceno razmerja korist/ tveganje, ki jo bo dal odgovorni veterinar, in Odvisno od rednega kliničnega ocenjevanja živali.</s>
<s id="s146.1">10.</s>
<s id="s146.2">DATUM IZTEKA ROKA UPORABNOSTI ZDRAVILA</s>
<s id="s147.1">EXP {mesec/ leto} Rok uporabnosti po prvem odpiranju:</s>
<s id="s147.2">6 mesecev.</s>
<s id="s148.1">11.</s>
<s id="s148.2">POSEBNA NAVODILA ZA SHRANJEVANJE</s>
<s id="s149.1">Za shranjevanje tega zdravila ni posebnih navodil.</s>
<s id="s150.1">12.</s>
<s id="s150.2">POSEBNI VARNOSTNI UKREPI ZA ODSTRANJEVANJE NEPORABLJENEGA ZDRAVILA ALI ODPADNIH SNOVI, ČE OBSTAJAJO</s>
<s id="s151.1">Neuporabljeni preparat in odpadne snovi, ki nastanejo iz teh zdravil, je treba odstraniti v skladu z nacionalnimi predpisi.</s>
<s id="s152.1">13.</s>
<s id="s152.2">BESEDILO “ SAMO ZA ŽIVALI ” IN POGOJI ALI OMEJITVE GLEDE OSKRBE IN UPORABE, če je navedba smiselna</s>
<s id="s153.1">Samo za živali - oskrba le na podlagi veterinarskega recepta.</s>
<s id="s154.1">14.</s>
<s id="s154.2">BESEDILO “ ZDRAVILO SHRANJUJTE NEDOSEGLJIVO OTROKOM ”</s>
<s id="s155.1">Zdravilo shranjujte nedosegljivo otrokom.</s>
<s id="s156.1">15.</s>
<s id="s156.2">IME IN NASLOV IMETNIKA DOVOLJENJA ZA PROMET Z ZDRAVILOM</s>
<s id="s157.1">VIRBAC S. A.</s>
<s id="s157.2">1ère avenue 2065 m L. I. D.</s>
<s id="s157.3">06516 Carros FRANCIJA</s>
<s id="s158.1">16.</s>
<s id="s158.2">ŠTEVILKA( E) DOVOLJENJ( A) ZA PROMET</s>
<s id="s159.1">EU/ 2/ 06/ 069/ 001</s>
<s id="s160.1">17.</s>
<s id="s160.2">IZDELOVALČEVA ŠTEVILKA SERIJE</s>
<s id="s161.1">Številka serije{ številka}</s>
<s id="s162.1">13 B.</s>
<s id="s162.2">NAVODILO ZA UPORABO</s>
<s id="s163.1">14 NAVODILO ZA UPORABO</s>
<s id="s164.1">CORTAVANCE 0, 584 mg/ ml raztopina (razpršilo) za kožo za pse</s>
<s id="s165.1">1.</s>
<s id="s165.2">IME IN NASLOV IMETNIKA DOVOLJENJA ZA PROMET Z ZDRAVILOM TER IMETNIKA DOVOLJENJA ZA PROIZVODNJO ZDRAVILA, ODGOVORNEGA ZA SPROSTITEV SERIJ, ČE STA RAZLIČNA</s>
<s id="s166.1">Imetnik dovoljenja za promet z zdravilom in izdelovalec:</s>
<s id="s167.1">VIRBAC S. A.</s>
<s id="s167.2">1ère avenue 2065 m L. I. D 06516 Carros FRANCIJA</s>
<s id="s168.1">2.</s>
<s id="s168.2">IME ZDRAVILA ZA UPORABO V VETERINARSKI MEDICINI</s>
<s id="s169.1">CORTAVANCE 0, 584 mg/ ml raztopina (razpršilo) za kožo za pse</s>
<s id="s170.1">3.</s>
<s id="s170.2">NAVEDBA ZDRAVILNE( IH) UČINKOVIN( E) IN DRUGIH SESTAVIN</s>
<s id="s171.1">Hidrokortizon- aceponat</s>
<s id="s172.1">0, 584 mg/ ml</s>
<s id="s173.1">Ne vsebuje ohranjevalnih snovi.</s>
<s id="s174.1">4.</s>
<s id="s174.2">INDIKACIJE</s>
<s id="s175.1">Za simptomsko zdravljenje vnetnih in pruritičnih dermatoz pri psih.</s>
<s id="s176.1">5.</s>
<s id="s176.2">KONTRAINDIKACIJE</s>
<s id="s177.1">Ne uporabljati za zdravljenje razjed na koži.</s>
<s id="s178.1">6.</s>
<s id="s178.2">NEZAŽELENI UČINKI</s>
<s id="s179.1">Niso znani.</s>
<s id="s179.2">Če opazite kakršne koli resne stranske učinke ali druge učinke, ki niso omenjeni v teh navodilih za uporabo, obvestite svojega veterinarja.</s>
<s id="s180.1">7.</s>
<s id="s180.2">CILJNE ŽIVALSKE VRSTE</s>
<s id="s181.1">Psi</s>
<s id="s182.1">8.</s>
<s id="s182.2">ODMERKI ZA POSAMEZNE ŽIVALSKE VRSTE TER POT( I) IN NAČIN UPORABE ZDRAVILA</s>
<s id="s183.1">Uporaba na koži.</s>
<s id="s183.2">Preden razpršilec uporabite privijte pumpico na vsebnik.</s>
<s id="s183.3">Nato z aktiviranjem razpršilca zdravilo nanašajte z oddaljenosti, ki je približno 10 cm od tistega mesta na koži, ki ga je potrebno zdraviti.</s>
<s id="s184.1">15 Za zdravljenje prizadetega dela kože se priporoča odmerek z 1, 52 µg hidrokortizon- aceponata/ cm2 na dan.</s>
<s id="s184.2">Ta odmerek se lahko doseže z dvakratnim aktiviranjem razpršilca nad tistim delom kože, ki ga je treba zdraviti in ki ustreza kvadratni površini 10 cm x 10 cm.</s>
<s id="s184.3">V naslednjih 7 dneh postopek vsak dan ponovite.</s>
<s id="s184.4">Pri uporabi razpršila je treba paziti, da zdravilo ne pride živali v oči.</s>
<s id="s184.5">Ker je omenjena snov zelo hlapljiva, po uporabi razpršila masaža ni potrebna.</s>
<s id="s185.1">V primeru, da stanje zahteva podaljšano zdravljenje, odgovorni veterinar mora o uporabi izdelka presojati v skladu z oceno razmerja korist/ tveganje.</s>
<s id="s186.1">Če po 7 dneh ni nobenih znakov izboljšanja, mora veterinar podati novo oceno stanja.</s>
<s id="s187.1">9.</s>
<s id="s187.2">NASVET O PRAVILNI UPORABI ZDRAVILA</s>
<s id="s188.1">Razpršilo po možnosti uporabljajte v dobro prezračenem prostoru.</s>
<s id="s188.2">Izdelek je vnetljiv.</s>
<s id="s188.3">Ne razpršujte ga na odrpti ogenj ali na žarečo tvar.</s>
<s id="s188.4">Pri ravnanju z izdelkom kajenje ni dovoljeno.</s>
<s id="s189.1">10.</s>
<s id="s189.2">KARENCA</s>
<s id="s190.1">Navedba ni smiselna.</s>
<s id="s191.1">11.</s>
<s id="s191.2">POSEBNA NAVODILA ZA SHRANJEVANJE</s>
<s id="s192.1">Shranjujte nedosegljivo otrokom.</s>
<s id="s192.2">Za shranjevanje tega zdravila ni posebnih navodil.</s>
<s id="s192.3">Po izteku datuma uporabnosti navedenega na ovojnini, zdravila ne smete uporabljati.</s>
<s id="s192.4">Rok uporabnosti po prvem odpiranju vsebnika:</s>
<s id="s192.5">6 mesecev.</s>
<s id="s193.1">12.</s>
<s id="s193.2">POSEBNO( A) OPOZORILO( A)</s>
<s id="s194.1">Posebni previdnostni ukrepi za uporabo pri živalih</s>
<s id="s195.1">V primeru, da sočasno pride do mikrobne bolezni ali parazitskega okuženja, je treba psa na ustrezen način proti tej bolezni zdraviti.</s>
<s id="s195.2">Če ne razpolagamo s specifičnimi podatki, se zdravljenje tistih živali, ki imajo Cushingov sindrom, izvaja v skladu z oceno razmerja korist/ tveganje.</s>
<s id="s195.3">Ker je znano, da glukokortikosteroidi upočasnjujejo rast, se pri mladih živalih (ki še nimajo 7 mesecev) zdravilo mora uporabljati v skladu z oceno razmerja korist/ tveganje in odvisno od rednega kliničnega ocenjevanja.</s>
<s id="s196.1">Skupna površina telesa, ki jo zdravimo, ne sme presegati površine, ki, na primer, ustreza zdravljenju obeh bočnih strani od hrbtenice do verige prsnih žlez, vključno z ramenoma in bedroma.</s>
<s id="s196.2">Drugače pa zdravilo uporabljajte le v skladu z oceno razmerja korist/ tveganje in odvisno od rednega kliničnega ocenjevanja.</s>
<s id="s197.1">Varnost zdravila v obdobju brejosti in laktacije ni bila ugotovljena.</s>
<s id="s197.2">Sistemska absorpcija hidrokortizon- aceponata je zanemarljiva; ob uporabi priporočenih doz pri zdravljenju psov ni verjetnosti, da se pojavijo teratogeni učinki ter toksični učinki na fetus ali pa na mater.</s>
<s id="s198.1">Uporabite le v skladu z oceno razmerja korist/ tveganje odgovornega veterinarja.</s>
<s id="s199.1">16 Posebni previdnostni ukrepi, ki jih mora izvajati oseba, ki zdravilo odmerja in ga daje živalim</s>
<s id="s200.1">V primeru nenamernega kontakta s kožo se priporoča temeljito izpiranje z vodo.</s>
<s id="s200.2">Po uporabi si roke umijte.</s>
<s id="s201.1">Zdravilo ne sme priti v stik z očmi.</s>
<s id="s201.2">V primeru, da zdravilo pride v stik z očmi, si oči izperite z večjo količino vode.</s>
<s id="s201.3">Če pride do iritacije očesa, se posvetujte z zdravnikom.</s>
<s id="s201.4">V primeru slučajnega zavžitja se takoj posvetujte z zdravnikom in mu pokažite navodila za uporabo ali pa ovojnino.</s>
<s id="s202.1">Ker podatkov o tem ni, sočasno uporabljanje tega in drugih površinskih preparatov za zdravljenje istih ran odsvetujemo.</s>
<s id="s203.1">13.</s>
<s id="s203.2">POSEBNI VARNOSTNI UKREPI ZA ODSTRANJEVANJE NEPORABLJENEGA ZDRAVILA ALI ODPADNIH SNOVI, ČE OBSTAJAJO</s>
<s id="s204.1">Neuporabljeni preparat in odpadne snovi, ki nastanejo iz teh zdravil, je treba odstraniti v skladu z nacionalnimi predpisi.</s>
<s id="s205.1">14.</s>
<s id="s205.2">DATUM ZADNJE ODOBRITVE NAVODIL ZA UPORABO</s>
<s id="s206.1">15.</s>
<s id="s206.2">DRUGE INFORMACIJE</s>
<s id="s207.1">Kot je možno zaključiti iz študije o distribuciji radioaktivnosti in iz farmakokinetičnih podatkov, se po nanašanju na kožo hidrokortizon aceponat (HCA) v koži akumulira in presnavlja in ga zaradi tega v krvotok pride le minimalna količina.</s>
<s id="s207.2">Ta posebnost poveča razmerje med želenim lokalnim protivnetnim učinkom v koži in neželenimi sistemskimi učinki.</s>
<s id="s208.1">Nanos HCA na kožne poškodbe zagotavlja hitro zmanjšanje kožne rdečine, draženja in praskanja, ob enem pa so splošni učinki minimalni.</s>
<s id="s209.1">Škatla s plastenko.</s>
<s id="s210.1">Za vse nadaljnje informacije o tem zdravilu se obrnite na krajevno predstavništvo imetnika dovoljenja za promet z zdravilom.</s>
<s id="s211.1">België/ Belgique/ Belgien VIRBAC BELGIUM S. A.</s>
<s id="s211.2">Rue de la station 17 B- 1300 WAVRE Tel:</s>
<s id="s211.3">32 (0) 10 47 06 35 Česká republika VIRBAC S. A.</s>
<s id="s211.4">1ère avenue 2065 m – L. I. D F- 06516 Carros Tel:</s>
<s id="s211.5">33 (0) 4 92 08 73 00 Danmark VIRBAC S. A.</s>
<s id="s211.6">1ère avenue 2065 m – L. I. D F- 06516 Carros Tel:</s>
<s id="s211.7">33 (0) 4 92 08 73 00</s>
<s id="s212.1">Luxembourg/ Luxemburg VIRBAC BELGIUM S. A.</s>
<s id="s212.2">Rue de la station 17 B- 1300 WAVRE Tel:</s>
<s id="s212.3">32 (0) 10 47 06 35 Magyarország VIRBAC S. A.</s>
<s id="s212.4">1ère avenue 2065 m – L. I. D F- 06516 Carros Tel:</s>
<s id="s212.5">33 (0) 4 92 08 73 00 Malta VIRBAC S. A.</s>
<s id="s212.6">1ère avenue 2065 m – L. I. D F- 06516 Carros Tel:</s>
<s id="s212.7">33 (0) 4 92 08 73 00</s>
<s id="s213.1">17 Deutschland VIRBAC Tierarzneimittel GmbH West Rögen 20 D- 23843 Bad Oldesloe Tel:</s>
<s id="s213.2">49 (4531) 805 555 Eesti OÜ ZOOVETVARU Pärnasalu 31</s>
<s id="s214.1">Nederland VIRBAC NEDERLAND BV Hermesweg 15 NL- 3771 ND- Barneveld Tel:</s>
<s id="s214.2">31 (0) 342 427 100 Norge VIRBAC S. A.</s>
<s id="s214.3">1ère avenue 2065 m – L. I. D</s>
<s id="s215.1">ET - 76505 Saue/ Harjumaa, ESTONIA Tel: + 372 6 709 006 Ελλάδα VIRBAC HELLAS A. E.</s>
<s id="s215.2">23 rd Klm National Road Athens- Lamia 145 65 Agios Stefanos Athens GREECE</s>
<s id="s216.1">F- 06516 Carros Tel:</s>
<s id="s216.2">33 (0) 4 92 08 73 00 Österreich VIRBAC Österreich GmbH Hildebrandgasse 27 A- 1180 Wien Tel:</s>
<s id="s216.3">43 (0) 1 21 834 260</s>
<s id="s217.1">Espana VIRBAC ESPANA S. A.</s>
<s id="s217.2">C/ Angel Guimera</s>
<s id="s218.1">Polska VIRBAC S. A.</s>
<s id="s218.2">1ère avenue 2065 m – L. I. D</s>
<s id="s219.1">179- 181 – 08950 – Esplugues de Llobregat E- Barcelona Tel: + 34 93 470 79 40</s>
<s id="s220.1">F- 06516 Carros Tel:</s>
<s id="s220.2">33 (0) 4 92 08 73 00</s>
<s id="s221.1">France VIRBAC S. A.</s>
<s id="s221.2">1ère avenue 2065 m – L. I. D F- 06516 Carros Tel:</s>
<s id="s221.3">33 (0) 4 92 08 73 00 Ireland C &amp; M Veterinary Distributors Limited IE- Limerick</s>
<s id="s222.1">Portugal VIRBAC DE Portugal LABORATÓRIOS LDA P- 2080 Almeirim Tel:</s>
<s id="s222.2">(351) 243 570 500 Slovenija VIRBAC S. A.</s>
<s id="s222.3">1ère avenue 2065 m – L. I. D</s>
<s id="s223.1">Tel:</s>
<s id="s223.2">353 61 314 933</s>
<s id="s224.1">F- 06516 Carros Tel:</s>
<s id="s224.2">33 (0) 4 92 08 73 00</s>
<s id="s225.1">Ísland VIRBAC S. A.</s>
<s id="s225.2">1ère avenue 2065 m – L. I. D F- 06516 Carros Tel:</s>
<s id="s225.3">33 (0) 4 92 08 73 00 Italia VIRBAC SRL Via dei Gracchi 30</s>
<s id="s226.1">Slovenská republika VIRBAC S. A.</s>
<s id="s226.2">1ère avenue 2065 m – L. I. D F- 06516 Carros Tel:</s>
<s id="s226.3">33 (0) 4 92 08 73 00 Suomi/ Finland VIRBAC S. A.</s>
<s id="s226.4">1ère avenue 2065 m – L. I. D</s>
<s id="s227.1">I- 20146 Milano Tel:</s>
<s id="s227.2">39 02 48 53 541 Κύpρος GEO.</s>
<s id="s227.3">PAVLIDES &amp; ARAOUZOS LTD 25- 27 Dimostheni Severi, 1080 CY- 1080 Nicosia - CYPRUS Τηλ: + 357 22456117</s>
<s id="s228.1">F- 06516 Carros Tel:</s>
<s id="s228.2">33 (0) 4 92 08 73 00 Sverige VIRBAC S. A.</s>
<s id="s228.3">1ère avenue 2065 m – L. I. D F- 06516 Carros Tel:</s>
<s id="s228.4">33 (0) 4 92 08 73 00</s>
<s id="s229.1">Latvija OÜ ZOOVETVARU Pärnasalu 31 ET - 76505 Saue/ Harjumaa, ESTONIA Tel: + 372 6 709 006</s>
<s id="s230.1">United Kingdom VIRBAC Ltd UK- Suffolk IP30 9 UP Tel:</s>
<s id="s230.2">44 (0) 1359 243243</s>
<s id="s231.1">18 Lietuva OÜ ZOOVETVARU Pärnasalu 31</s>
<s id="s232.1">Република България VIRBAC S. A.</s>
<s id="s232.2">1ère avenue 2065 m – L. I. D</s>
<s id="s233.1">ET - 76505 Saue/ Harjumaa, ESTONIA Tel: + 372 6 709 006 România VIRBAC S. A.</s>
<s id="s233.2">1ère avenue 2065 m – L. I. D F- 06516 Carros Tel:</s>
<s id="s233.3">33 (0) 4 92 08 73 00</s>
<s id="s234.1">F- 06516 Carros Tel:</s>
<s id="s234.2">33 (0) 4 92 08 73 00</s>
<s id="s235.1">19</s>
</body>
</letsmt>
