<?xml version="1.0" encoding="utf-8"?>
<letsmt version="1.0">
<head></head>
<body>
<s id="s1.1">EU Number</s>
<s id="s2.1">Invented name</s>
<s id="s3.1">Strength</s>
<s id="s4.1">Pharmaceutical form</s>
<s id="s5.1">Target species</s>
<s id="s6.1">Route of administration</s>
<s id="s7.1">Packaging</s>
<s id="s8.1">Content</s>
<s id="s9.1">Package size</s>
<s id="s10.1">Withdrawal period</s>
<s id="s11.1">EU/ 2/ 00/ 026/ 001 Porcilis AR-T DF</s>
<s id="s12.1">≥ 5.9 log2 TN titre protein dO ≥ 4.2 log2 Agglutination titre Inactivated Bordetella bronchiseptica cells</s>
<s id="s13.1">Suspension for injection</s>
<s id="s14.1">Pigs (sows, gilts)</s>
<s id="s15.1">Intramuscular use</s>
<s id="s16.1">Vial (glass)</s>
<s id="s17.1">20 ml (10 doses)</s>
<s id="s18.1">1 vial per cardboard box</s>
<s id="s19.1">0 days</s>
<s id="s20.1">EU/ 2/ 00/ 026/ 002 Porcilis AR-T DF</s>
<s id="s21.1">≥ 5.9 log2 TN titre protein dO ≥ 4.2 log2 Agglutination titre Inactivated Bordetella bronchiseptica cells</s>
<s id="s22.1">Suspension for injection</s>
<s id="s23.1">Pigs (sows, gilts)</s>
<s id="s24.1">Intramuscular use</s>
<s id="s25.1">Vial (glass)</s>
<s id="s26.1">50 ml (25 doses)</s>
<s id="s27.1">1 vial per cardboard box</s>
<s id="s28.1">0 days</s>
<s id="s29.1">EU/ 2/ 00/ 026/ 003 Porcilis AR-T DF</s>
<s id="s30.1">≥ 5.9 log2 TN titre protein dO ≥ 4.2 log2 Agglutination titre Inactivated Bordetella bronchiseptica cells</s>
<s id="s31.1">Suspension for injection</s>
<s id="s32.1">Pigs (sows, gilts)</s>
<s id="s33.1">Intramuscular use</s>
<s id="s34.1">Vial (polyethylene terephthalate [PET])</s>
<s id="s35.1">20 ml (10 doses)</s>
<s id="s36.1">1 vial per cardboard box</s>
<s id="s37.1">0 days</s>
<s id="s38.1">EU/ 2/ 00/ 026/ 004 Porcilis AR-T DF</s>
<s id="s39.1">≥ 5.9 log2 TN titre protein dO ≥ 4.2 log2 Agglutination titre Inactivated Bordetella bronchiseptica cells</s>
<s id="s40.1">Suspension for injection</s>
<s id="s41.1">Pigs (sows, gilts)</s>
<s id="s42.1">Intramuscular use</s>
<s id="s43.1">Vial (polyethylene terephthalate [PET])</s>
<s id="s44.1">50 ml (25 doses)</s>
<s id="s45.1">1 vial per cardboard box</s>
<s id="s46.1">0 days</s>
<s id="s47.1">CVMP/ 670/ 00</s>
<s id="s48.1">1/ 1</s>
<s id="s49.1">©EMEA 2006</s>
</body>
</letsmt>
