<?xml version="1.0" encoding="utf-8"?>
<text>
<head id="1">
<s id="s1.1">
 <w id="w1.1.1">Številka</w> 
 <w id="w1.1.2">EU</w>       
 <w id="w1.1.3">EU/</w>
 <w id="w1.1.4">1/</w>
 <w id="w1.1.5">06/</w>
 <w id="w1.1.6">360/</w>
 <w id="w1.1.7">001</w>
</s></head>

<head id="2">
<s id="s2.1">
 <w id="w2.1.1">Izmišljeno</w> 
 <w id="w2.1.2">ime</w> 
 <w id="w2.1.3">Champix</w>
</s></head>

<head id="3">
<s id="s3.1">
 <w id="w3.1.1">Jakost</w>      
 <w id="w3.1.2">0,</w>
 <w id="w3.1.3">5</w> 
 <w id="w3.1.4">mg</w>
</s></head>

<p id="4">
<s id="s4.1">
 <w id="w4.1.1">Farmacevtska</w> 
 <w id="w4.1.2">oblika</w>        
 <w id="w4.1.3">filmsko</w> 
 <w id="w4.1.4">obložena</w> 
 <w id="w4.1.5">tableta</w>
</s></p>

<head id="5">
<s id="s5.1">
 <w id="w5.1.1">Pot</w> 
 <w id="w5.1.2">uporabe</w>         
 <w id="w5.1.3">peroralna</w> 
 <w id="w5.1.4">uporaba</w>
</s></head>

<p id="6">
<s id="s6.1">
 <w id="w6.1.1">Ovojnina</w>                          
 <w id="w6.1.2">plastenka</w> 
 <w id="w6.1.3">(</w>
 <w id="w6.1.4">HDPE</w>
 <w id="w6.1.5">)</w>
</s></p>

<head id="7">
<s id="s7.1">
 <w id="w7.1.1">Velikost</w> 
 <w id="w7.1.2">pakiranja</w> 
 <w id="w7.1.3">56</w> 
 <w id="w7.1.4">tablet</w>
</s></head>

<head id="8">
<s id="s8.1">
 <w id="w8.1.1">EU/</w>
 <w id="w8.1.2">1/</w>
 <w id="w8.1.3">06/</w>
 <w id="w8.1.4">360/</w>
 <w id="w8.1.5">002</w>
</s></head>

<head id="9">
<s id="s9.1">
 <w id="w9.1.1">Champix</w>
</s></head>

<head id="10">
<s id="s10.1">
 <w id="w10.1.1">1</w> 
 <w id="w10.1.2">mg</w>
</s></head>

<p id="11">
<s id="s11.1">
 <w id="w11.1.1">filmsko</w> 
 <w id="w11.1.2">obložena</w> 
 <w id="w11.1.3">tableta</w>
</s></p>

<p id="12">
<s id="s12.1">
 <w id="w12.1.1">peroralna</w> 
 <w id="w12.1.2">uporaba</w>
</s></p>

<p id="13">
<s id="s13.1">
 <w id="w13.1.1">plastenka</w> 
 <w id="w13.1.2">(</w>
 <w id="w13.1.3">HDPE</w>
 <w id="w13.1.4">)</w>
</s></p>

<head id="14">
<s id="s14.1">
 <w id="w14.1.1">56</w> 
 <w id="w14.1.2">tablet</w>
</s></head>

<head id="15">
<s id="s15.1">
 <w id="w15.1.1">EU/</w>
 <w id="w15.1.2">1/</w>
 <w id="w15.1.3">06/</w>
 <w id="w15.1.4">360/</w>
 <w id="w15.1.5">003</w>
</s></head>

<head id="16">
<s id="s16.1">
 <w id="w16.1.1">Champix</w>
</s></head>

<head id="17">
<s id="s17.1">
 <w id="w17.1.1">0,</w>
 <w id="w17.1.2">5</w> 
 <w id="w17.1.3">mg</w> 
 <w id="w17.1.4">in</w>
</s></head>

<p id="18">
<s id="s18.1">
 <w id="w18.1.1">filmsko</w> 
 <w id="w18.1.2">obložena</w> 
 <w id="w18.1.3">tableta</w>
</s></p>

<p id="19">
<s id="s19.1">
 <w id="w19.1.1">peroralna</w> 
 <w id="w19.1.2">uporaba</w>
</s></p>

<p id="20">
<s id="s20.1">
 <w id="w20.1.1">pretisni</w> 
 <w id="w20.1.2">omot</w> 
 <w id="w20.1.3">(</w>
 <w id="w20.1.4">Aclar/</w>
 <w id="w20.1.5">PVC/</w>
 <w id="w20.1.6">alu</w>
 <w id="w20.1.7">)</w> 
 <w id="w20.1.8">v</w>
</s></p>

<head id="21">
<s id="s21.1">
 <w id="w21.1.1">11</w> 
 <w id="w21.1.2">x</w> 
 <w id="w21.1.3">0,</w>
 <w id="w21.1.4">5</w> 
 <w id="w21.1.5">mg</w> 
 <w id="w21.1.6">+</w> 
 <w id="w21.1.7">14</w> 
 <w id="w21.1.8">x</w> 
 <w id="w21.1.9">1mg</w>
</s></head>

<head id="22">
<s id="s22.1">
 <w id="w22.1.1">1</w> 
 <w id="w22.1.2">mg</w>
</s></head>

<p id="23">
<s id="s23.1">
 <w id="w23.1.1">zavarjenem</w> 
 <w id="w23.1.2">kartonskem</w> 
 <w id="w23.1.3">pakiranju</w>
</s></p>

<p id="24">
<s id="s24.1">
 <w id="w24.1.1">tablet</w>
</s></p>

<head id="25">
<s id="s25.1">
 <w id="w25.1.1">EU/</w>
 <w id="w25.1.2">1/</w>
 <w id="w25.1.3">06/</w>
 <w id="w25.1.4">360/</w>
 <w id="w25.1.5">004</w>
</s></head>

<head id="26">
<s id="s26.1">
 <w id="w26.1.1">Champix</w>
</s></head>

<head id="27">
<s id="s27.1">
 <w id="w27.1.1">1</w> 
 <w id="w27.1.2">mg</w>
</s></head>

<p id="28">
<s id="s28.1">
 <w id="w28.1.1">filmsko</w> 
 <w id="w28.1.2">obložena</w> 
 <w id="w28.1.3">tableta</w>
</s></p>

<p id="29">
<s id="s29.1">
 <w id="w29.1.1">peroralna</w> 
 <w id="w29.1.2">uporaba</w>
</s></p>

<p id="30">
<s id="s30.1">
 <w id="w30.1.1">pretisni</w> 
 <w id="w30.1.2">omot</w> 
 <w id="w30.1.3">(</w>
 <w id="w30.1.4">Aclar/</w>
 <w id="w30.1.5">PVC/</w>
 <w id="w30.1.6">alu</w>
 <w id="w30.1.7">)</w> 
 <w id="w30.1.8">v</w>   
 <w id="w30.1.9">zavarjenem</w> 
 <w id="w30.1.10">kartonskem</w> 
 <w id="w30.1.11">pakiranju</w>
</s></p>

<head id="31">
<s id="s31.1">
 <w id="w31.1.1">28</w> 
 <w id="w31.1.2">tablet</w>
</s></head>

<head id="32">
<s id="s32.1">
 <w id="w32.1.1">EU/</w>
 <w id="w32.1.2">1/</w>
 <w id="w32.1.3">06/</w>
 <w id="w32.1.4">360/</w>
 <w id="w32.1.5">005</w>
</s></head>

<head id="33">
<s id="s33.1">
 <w id="w33.1.1">Champix</w>
</s></head>

<head id="34">
<s id="s34.1">
 <w id="w34.1.1">1</w> 
 <w id="w34.1.2">mg</w>
</s></head>

<p id="35">
<s id="s35.1">
 <w id="w35.1.1">filmsko</w> 
 <w id="w35.1.2">obložena</w> 
 <w id="w35.1.3">tableta</w>
</s></p>

<p id="36">
<s id="s36.1">
 <w id="w36.1.1">peroralna</w> 
 <w id="w36.1.2">uporaba</w>
</s></p>

<p id="37">
<s id="s37.1">
 <w id="w37.1.1">pretisni</w> 
 <w id="w37.1.2">omot</w> 
 <w id="w37.1.3">(</w>
 <w id="w37.1.4">Aclar/</w>
 <w id="w37.1.5">PVC/</w>
 <w id="w37.1.6">alu</w>
 <w id="w37.1.7">)</w> 
 <w id="w37.1.8">v</w>   
 <w id="w37.1.9">zavarjenem</w> 
 <w id="w37.1.10">kartonskem</w> 
 <w id="w37.1.11">pakiranju</w>
</s></p>

<head id="38">
<s id="s38.1">
 <w id="w38.1.1">56</w> 
 <w id="w38.1.2">tablet</w>
</s></head>

<head id="39">
<s id="s39.1">
 <w id="w39.1.1">EU/</w>
 <w id="w39.1.2">1/</w>
 <w id="w39.1.3">06/</w>
 <w id="w39.1.4">360/</w>
 <w id="w39.1.5">006</w>
</s></head>

<head id="40">
<s id="s40.1">
 <w id="w40.1.1">Champix</w>
</s></head>

<head id="41">
<s id="s41.1">
 <w id="w41.1.1">0,</w>
 <w id="w41.1.2">5</w> 
 <w id="w41.1.3">mg</w>
</s></head>

<p id="42">
<s id="s42.1">
 <w id="w42.1.1">filmsko</w> 
 <w id="w42.1.2">obložena</w> 
 <w id="w42.1.3">tableta</w>
</s></p>

<p id="43">
<s id="s43.1">
 <w id="w43.1.1">peroralna</w> 
 <w id="w43.1.2">uporaba</w>
</s></p>

<p id="44">
<s id="s44.1">
 <w id="w44.1.1">pretisni</w> 
 <w id="w44.1.2">omot</w> 
 <w id="w44.1.3">(</w>
 <w id="w44.1.4">Aclar/</w>
 <w id="w44.1.5">PVC/</w>
 <w id="w44.1.6">alu</w>
 <w id="w44.1.7">)</w> 
 <w id="w44.1.8">v</w>   
 <w id="w44.1.9">zavarjenem</w> 
 <w id="w44.1.10">kartonskem</w> 
 <w id="w44.1.11">pakiranju</w>
</s></p>

<head id="45">
<s id="s45.1">
 <w id="w45.1.1">28</w> 
 <w id="w45.1.2">tablet</w>
</s></head>

<head id="46">
<s id="s46.1">
 <w id="w46.1.1">EU/</w>
 <w id="w46.1.2">1/</w>
 <w id="w46.1.3">06/</w>
 <w id="w46.1.4">360/</w>
 <w id="w46.1.5">007</w>
</s></head>

<head id="47">
<s id="s47.1">
 <w id="w47.1.1">Champix</w>
</s></head>

<head id="48">
<s id="s48.1">
 <w id="w48.1.1">0,</w>
 <w id="w48.1.2">5</w> 
 <w id="w48.1.3">mg</w>
</s></head>

<p id="49">
<s id="s49.1">
 <w id="w49.1.1">filmsko</w> 
 <w id="w49.1.2">obložena</w> 
 <w id="w49.1.3">tableta</w>
</s></p>

<p id="50">
<s id="s50.1">
 <w id="w50.1.1">peroralna</w> 
 <w id="w50.1.2">uporaba</w>
</s></p>

<p id="51">
<s id="s51.1">
 <w id="w51.1.1">pretisni</w> 
 <w id="w51.1.2">omot</w> 
 <w id="w51.1.3">(</w>
 <w id="w51.1.4">Aclar/</w>
 <w id="w51.1.5">PVC/</w>
 <w id="w51.1.6">alu</w>
 <w id="w51.1.7">)</w> 
 <w id="w51.1.8">v</w>   
 <w id="w51.1.9">zavarjenem</w> 
 <w id="w51.1.10">kartonskem</w> 
 <w id="w51.1.11">pakiranju</w>
</s></p>

<head id="52">
<s id="s52.1">
 <w id="w52.1.1">56</w> 
 <w id="w52.1.2">tablet</w>
</s></head>

<head id="53">
<s id="s53.1">
 <w id="w53.1.1">EU/</w>
 <w id="w53.1.2">1/</w>
 <w id="w53.1.3">06/</w>
 <w id="w53.1.4">360/</w>
 <w id="w53.1.5">008</w>
</s></head>

<head id="54">
<s id="s54.1">
 <w id="w54.1.1">Champix</w>
</s></head>

<head id="55">
<s id="s55.1">
 <w id="w55.1.1">0,</w>
 <w id="w55.1.2">5</w> 
 <w id="w55.1.3">mg</w> 
 <w id="w55.1.4">in</w>   
 <w id="w55.1.5">1</w> 
 <w id="w55.1.6">mg</w>
</s></head>

<p id="56">
<s id="s56.1">
 <w id="w56.1.1">filmsko</w> 
 <w id="w56.1.2">obložena</w> 
 <w id="w56.1.3">tableta</w>
</s></p>

<p id="57">
<s id="s57.1">
 <w id="w57.1.1">peroralna</w> 
 <w id="w57.1.2">uporaba</w>
</s></p>

<p id="58">
<s id="s58.1">
 <w id="w58.1.1">pretisni</w> 
 <w id="w58.1.2">omot</w> 
 <w id="w58.1.3">(</w>
 <w id="w58.1.4">Aclar/</w>
 <w id="w58.1.5">PVC/</w>
 <w id="w58.1.6">alu</w>
 <w id="w58.1.7">)</w> 
 <w id="w58.1.8">v</w>   
 <w id="w58.1.9">škatli</w>
</s></p>

<head id="59">
<s id="s59.1">
 <w id="w59.1.1">11</w> 
 <w id="w59.1.2">x</w> 
 <w id="w59.1.3">0.</w>
 <w id="w59.1.4">5</w> 
 <w id="w59.1.5">mg</w> 
 <w id="w59.1.6">+</w> 
 <w id="w59.1.7">14</w> 
 <w id="w59.1.8">x</w> 
 <w id="w59.1.9">1mg</w> 
 <w id="w59.1.10">tablet</w>
</s></head>

<head id="60">
<s id="s60.1">
 <w id="w60.1.1">EU/</w>
 <w id="w60.1.2">1/</w>
 <w id="w60.1.3">06/</w>
 <w id="w60.1.4">360/</w>
 <w id="w60.1.5">009</w>
</s></head>

<head id="61">
<s id="s61.1">
 <w id="w61.1.1">Champix</w>
</s></head>

<head id="62">
<s id="s62.1">
 <w id="w62.1.1">1</w> 
 <w id="w62.1.2">mg</w>
</s></head>

<p id="63">
<s id="s63.1">
 <w id="w63.1.1">filmsko</w> 
 <w id="w63.1.2">obložena</w> 
 <w id="w63.1.3">tableta</w>
</s></p>

<p id="64">
<s id="s64.1">
 <w id="w64.1.1">peroralna</w> 
 <w id="w64.1.2">uporaba</w>
</s></p>

<p id="65">
<s id="s65.1">
 <w id="w65.1.1">pretisni</w> 
 <w id="w65.1.2">omot</w> 
 <w id="w65.1.3">(</w>
 <w id="w65.1.4">Aclar/</w>
 <w id="w65.1.5">PVC/</w>
 <w id="w65.1.6">alu</w>
 <w id="w65.1.7">)</w> 
 <w id="w65.1.8">v</w>   
 <w id="w65.1.9">škatli</w>
</s></p>

<head id="66">
<s id="s66.1">
 <w id="w66.1.1">28</w> 
 <w id="w66.1.2">tablet</w>
</s></head>

<head id="67">
<s id="s67.1">
 <w id="w67.1.1">EU/</w>
 <w id="w67.1.2">1/</w>
 <w id="w67.1.3">06/</w>
 <w id="w67.1.4">360/</w>
 <w id="w67.1.5">010</w>
</s></head>

<head id="68">
<s id="s68.1">
 <w id="w68.1.1">Champix</w>
</s></head>

<head id="69">
<s id="s69.1">
 <w id="w69.1.1">1</w> 
 <w id="w69.1.2">mg</w>
</s></head>

<p id="70">
<s id="s70.1">
 <w id="w70.1.1">filmsko</w> 
 <w id="w70.1.2">obložena</w> 
 <w id="w70.1.3">tableta</w>
</s></p>

<p id="71">
<s id="s71.1">
 <w id="w71.1.1">peroralna</w> 
 <w id="w71.1.2">uporaba</w>
</s></p>

<p id="72">
<s id="s72.1">
 <w id="w72.1.1">pretisni</w> 
 <w id="w72.1.2">omot</w> 
 <w id="w72.1.3">(</w>
 <w id="w72.1.4">Aclar/</w>
 <w id="w72.1.5">PVC/</w>
 <w id="w72.1.6">alu</w>
 <w id="w72.1.7">)</w> 
 <w id="w72.1.8">v</w>   
 <w id="w72.1.9">škatli</w>
</s></p>

<head id="73">
<s id="s73.1">
 <w id="w73.1.1">56</w> 
 <w id="w73.1.2">tablet</w>
</s></head>

<head id="74">
<s id="s74.1">
 <w id="w74.1.1">EU/</w>
 <w id="w74.1.2">1/</w>
 <w id="w74.1.3">06/</w>
 <w id="w74.1.4">360/</w>
 <w id="w74.1.5">011</w>
</s></head>

<head id="75">
<s id="s75.1">
 <w id="w75.1.1">Champix</w>
</s></head>

<head id="76">
<s id="s76.1">
 <w id="w76.1.1">1</w> 
 <w id="w76.1.2">mg</w>
</s></head>

<p id="77">
<s id="s77.1">
 <w id="w77.1.1">filmsko</w> 
 <w id="w77.1.2">obložena</w> 
 <w id="w77.1.3">tableta</w>
</s></p>

<p id="78">
<s id="s78.1">
 <w id="w78.1.1">peroralna</w> 
 <w id="w78.1.2">uporaba</w>
</s></p>

<p id="79">
<s id="s79.1">
 <w id="w79.1.1">pretisni</w> 
 <w id="w79.1.2">omot</w> 
 <w id="w79.1.3">(</w>
 <w id="w79.1.4">Aclar/</w>
 <w id="w79.1.5">PVC/</w>
 <w id="w79.1.6">alu</w>
 <w id="w79.1.7">)</w> 
 <w id="w79.1.8">v</w>   
 <w id="w79.1.9">škatli</w>
</s></p>

<head id="80">
<s id="s80.1">
 <w id="w80.1.1">112</w> 
 <w id="w80.1.2">tablet</w>
</s></head>

<head id="81">
<s id="s81.1">
 <w id="w81.1.1">EU/</w>
 <w id="w81.1.2">1/</w>
 <w id="w81.1.3">06/</w>
 <w id="w81.1.4">360/</w>
 <w id="w81.1.5">012</w>
</s></head>

<head id="82">
<s id="s82.1">
 <w id="w82.1.1">Champix</w>
</s></head>

<head id="83">
<s id="s83.1">
 <w id="w83.1.1">0,</w>
 <w id="w83.1.2">5</w> 
 <w id="w83.1.3">mg</w> 
 <w id="w83.1.4">in</w>   
 <w id="w83.1.5">1</w> 
 <w id="w83.1.6">mg</w>
</s></head>

<p id="84">
<s id="s84.1">
 <w id="w84.1.1">filmsko</w> 
 <w id="w84.1.2">obložena</w> 
 <w id="w84.1.3">tableta</w>
</s></p>

<p id="85">
<s id="s85.1">
 <w id="w85.1.1">peroralna</w> 
 <w id="w85.1.2">uporaba</w>
</s></p>

<p id="86">
<s id="s86.1">
 <w id="w86.1.1">pretisni</w> 
 <w id="w86.1.2">omot</w> 
 <w id="w86.1.3">(</w>
 <w id="w86.1.4">Aclar/</w>
 <w id="w86.1.5">PVC/</w>
 <w id="w86.1.6">alu</w>
 <w id="w86.1.7">)</w> 
 <w id="w86.1.8">v</w>   
 <w id="w86.1.9">zavarjenem</w> 
 <w id="w86.1.10">kartonskem</w> 
 <w id="w86.1.11">pakiranju</w>
</s></p>

<p id="87">
<s id="s87.1">
 <w id="w87.1.1">11</w> 
 <w id="w87.1.2">x</w> 
 <w id="w87.1.3">0.</w>
 <w id="w87.1.4">5</w> 
 <w id="w87.1.5">mg</w> 
 <w id="w87.1.6">+</w> 
 <w id="w87.1.7">14</w> 
 <w id="w87.1.8">x</w> 
 <w id="w87.1.9">1mg</w> 
 <w id="w87.1.10">tablet</w> 
 <w id="w87.1.11">plus</w> 
 <w id="w87.1.12">28</w> 
 <w id="w87.1.13">x</w> 
 <w id="w87.1.14">1</w> 
 <w id="w87.1.15">mg</w> 
 <w id="w87.1.16">tablet</w>
</s></p>

<p id="88">
<s id="s88.1">
 <w id="w88.1.1">1/</w>
 <w id="w88.1.2">1</w>
</s></p></text>
