<?xml version="1.0" encoding="utf-8"?>
<letsmt version="1.0">
<head></head>
<body>
<s id="s1.1">European Medicines Agency Evaluation of Medicines for Human Use</s>
<s id="s2.1">London, 11 July 2007 EMEA/ CHMP/ 75066/ 2007</s>
<s id="s3.1">COMMITTEE FOR MEDICINAL PRODUCTS FOR HUMAN USE (CHMP)</s>
<s id="s4.1">OPINION FOLLOWING AN ARTICLE 29(4)1 REFERRAL FOR Ciprofloxacin Hikma and associated names</s>
<s id="s5.1">International Non-Proprietary Name (INN):</s>
<s id="s5.2">Ciprofloxacin</s>
<s id="s6.1">BACKGROUND INFORMATION</s>
<s id="s7.1">Ciprofloxacin Hikma and associated names, 2 mg/ ml solution for infusion, is an antibiotic belonging to the quinolone family, effective in vitro against a large number of Gram-negative aerobic bacteria as well as against some Gram-positive organisms.</s>
<s id="s8.1">Hikma Farmaceutica Lda. submitted applications for mutual recognition of Ciprofloxacin Hikma and associated names, 2 mg/ ml solution for infusion on the basis of the marketing authorisation granted by the Netherlands on 12 April 2005.</s>
<s id="s8.2">The Mutual Recognition Procedure started on 28 January 2006.</s>
<s id="s8.3">The Reference Member State was the Netherlands and the Concerned Member States were Austria, Germany, Ireland, Italy, and United Kingdom.</s>
<s id="s8.4">These Member States were not able to reach an agreement in respect of the Mutual Recognition of the Marketing Authorisation granted by the Reference Member State.</s>
<s id="s8.5">The Netherlands referred the reasons for disagreement to the EMEA on 7 July 2006.</s>
<s id="s8.6">Significant differences have been identified with regard to dose in urinary tract infections and of the maximum adult daily dose.</s>
<s id="s8.7">In addition, it was considered that the applicant should include in the Summary of Product Characteristics (point 5.1) the organisms listed in the breakpoints and susceptibility table relevant to the indications, as per the Note for Guidance on Evaluation of medicinal products indicated for treatment of bacterial infections (CPMP/ EWP/ 558/ 95 rev.1).</s>
<s id="s9.1">The arbitration procedure started on 27 July 2006 with the adoption of a list of questions.</s>
<s id="s9.2">The Rapporteur was Dr Ian Hudson and Co-Rapporteur was Dr Bengt Ljungberg.</s>
<s id="s9.3">The Marketing Authorisation Holder provided written explanations on 20 October 2006.</s>
<s id="s10.1">During their January 2007 meeting, the CHMP, in the light of the overall data submitted and the scientific discussion within the Committee, was of the opinion that the benefit/ risk ratio is favourable for Ciprofloxacin Hikma and associated names, that the objections raised should not prevent the granting of a Marketing Authorisation and that the Summary of Product Characteristics, labelling and package leaflet of the Reference Member State should be amended.</s>
<s id="s10.2">A positive opinion was adopted by on 24 January 2007.</s>
<s id="s11.1">The list of the product names concerned is given in Annex I.</s>
<s id="s11.2">The scientific conclusions are provided in Annex II, together with the Summary of Product Characteristics in Annex III.</s>
<s id="s12.1">The final opinion was converted into a Decision by the European Commission on 11 July 2007.</s>
<s id="s13.1">1 Article 29(4) of Directive 2001/ 83/ EC, as amended.</s>
<s id="s13.2">7 Westferry Circus, Canary Wharf, London, E14 4HB, UK Tel.</s>
<s id="s13.3">(44-20) 74 18 84 00 Fax (44-20) 74 18 86 13 E-mail: mail@emea. europa. eu http: / /www. emea. europa. eu ©EMEA 2007 Reproduction and/ or distribution of this document is authorised for non commercial purposes only provided the EMEA is acknowledged</s>
</body>
</letsmt>
