<?xml version="1.0" encoding="utf-8"?>
<text>
<p id="1">
<s id="s1.1">
 <w id="w1.1.1">European</w> 
 <w id="w1.1.2">Medicines</w> 
 <w id="w1.1.3">Agency</w>
</s></p>

<p id="2">
<s id="s2.1">
 <w id="w2.1.1">EMEA/</w>
 <w id="w2.1.2">H/</w>
 <w id="w2.1.3">C/</w>
 <w id="w2.1.4">461</w>
</s></p>

<p id="3">
<s id="s3.1">
 <w id="w3.1.1">EVROPSKO</w> 
 <w id="w3.1.2">JAVNO</w> 
 <w id="w3.1.3">POROČILO</w> 
 <w id="w3.1.4">O</w> 
 <w id="w3.1.5">OCENI</w> 
 <w id="w3.1.6">ZDRAVILA</w> 
 <w id="w3.1.7">(</w>
 <w id="w3.1.8">EPAR</w>
 <w id="w3.1.9">)</w>
</s></p>

<p id="4">
<s id="s4.1">
 <w id="w4.1.1">CARBAGLU</w>
</s></p>

<p id="5">
<s id="s5.1">
 <w id="w5.1.1">Povzetek</w> 
 <w id="w5.1.2">EPAR</w> 
 <w id="w5.1.3">za</w> 
 <w id="w5.1.4">javnost</w>
</s></p>

<p id="6">
<s id="s6.1">
 <w id="w6.1.1">Ta</w> 
 <w id="w6.1.2">dokument</w> 
 <w id="w6.1.3">je</w> 
 <w id="w6.1.4">povzetek</w> 
 <w id="w6.1.5">evropskega</w> 
 <w id="w6.1.6">javnega</w> 
 <w id="w6.1.7">poročila</w> 
 <w id="w6.1.8">o</w> 
 <w id="w6.1.9">oceni</w> 
 <w id="w6.1.10">zdravila</w> 
 <w id="w6.1.11">(</w>
 <w id="w6.1.12">EPAR</w>
 <w id="w6.1.13">)</w>
 <w id="w6.1.14">.</w>
</s> 
 
<s id="s6.2">
 <w id="w6.2.1">Pojasnjuje</w>
 <w id="w6.2.2">,</w> 
 <w id="w6.2.3">kako</w> 
 <w id="w6.2.4">je</w> 
 <w id="w6.2.5">Odbor</w> 
 <w id="w6.2.6">za</w> 
 <w id="w6.2.7">zdravila</w> 
 <w id="w6.2.8">za</w> 
 <w id="w6.2.9">uporabo</w> 
 <w id="w6.2.10">v</w> 
 <w id="w6.2.11">humani</w> 
 <w id="w6.2.12">medicini</w> 
 <w id="w6.2.13">(</w>
 <w id="w6.2.14">CHMP</w>
 <w id="w6.2.15">)</w> 
 <w id="w6.2.16">ocenil</w> 
 <w id="w6.2.17">opravljene</w> 
 <w id="w6.2.18">študije</w>
 <w id="w6.2.19">,</w> 
 <w id="w6.2.20">na</w> 
 <w id="w6.2.21">podlagi</w> 
 <w id="w6.2.22">katerih</w> 
 <w id="w6.2.23">je</w> 
 <w id="w6.2.24">oblikoval</w> 
 <w id="w6.2.25">priporočila</w> 
 <w id="w6.2.26">glede</w> 
 <w id="w6.2.27">uporabe</w> 
 <w id="w6.2.28">zdravila</w>
 <w id="w6.2.29">.</w>
</s> 
 
<s id="s6.3">
 <w id="w6.3.1">Če</w> 
 <w id="w6.3.2">potrebujete</w> 
 <w id="w6.3.3">več</w> 
 <w id="w6.3.4">informacij</w> 
 <w id="w6.3.5">o</w> 
 <w id="w6.3.6">svojem</w> 
 <w id="w6.3.7">zdravstvenem</w> 
 <w id="w6.3.8">stanju</w> 
 <w id="w6.3.9">ali</w> 
 <w id="w6.3.10">zdravljenju</w>
 <w id="w6.3.11">,</w> 
 <w id="w6.3.12">preberite</w> 
 <w id="w6.3.13">navodilo</w> 
 <w id="w6.3.14">za</w> 
 <w id="w6.3.15">uporabo</w> 
 <w id="w6.3.16">(</w>
 <w id="w6.3.17">ki</w> 
 <w id="w6.3.18">je</w> 
 <w id="w6.3.19">prav</w> 
 <w id="w6.3.20">tako</w> 
 <w id="w6.3.21">del</w> 
 <w id="w6.3.22">EPAR</w>
 <w id="w6.3.23">)</w> 
 <w id="w6.3.24">ali</w> 
 <w id="w6.3.25">se</w> 
 <w id="w6.3.26">posvetujte</w> 
 <w id="w6.3.27">s</w> 
 <w id="w6.3.28">svojim</w> 
 <w id="w6.3.29">zdravnikom</w> 
 <w id="w6.3.30">ali</w> 
 <w id="w6.3.31">farmacevtom</w>
 <w id="w6.3.32">.</w>
</s> 
 
<s id="s6.4">
 <w id="w6.4.1">Če</w> 
 <w id="w6.4.2">želite</w> 
 <w id="w6.4.3">več</w> 
 <w id="w6.4.4">informacij</w>
 <w id="w6.4.5">,</w> 
 <w id="w6.4.6">ki</w> 
 <w id="w6.4.7">temeljijo</w> 
 <w id="w6.4.8">na</w> 
 <w id="w6.4.9">priporočilih</w> 
 <w id="w6.4.10">CHMP</w>
 <w id="w6.4.11">,</w> 
 <w id="w6.4.12">preberite</w> 
 <w id="w6.4.13">znanstveno</w> 
 <w id="w6.4.14">razpravo</w> 
 <w id="w6.4.15">(</w>
 <w id="w6.4.16">ki</w> 
 <w id="w6.4.17">je</w> 
 <w id="w6.4.18">prav</w> 
 <w id="w6.4.19">tako</w> 
 <w id="w6.4.20">del</w> 
 <w id="w6.4.21">EPAR</w>
 <w id="w6.4.22">)</w>
 <w id="w6.4.23">.</w>
</s></p>

<p id="7">
<s id="s7.1">
 <w id="w7.1.1">Kaj</w> 
 <w id="w7.1.2">je</w> 
 <w id="w7.1.3">zdravilo</w> 
 <w id="w7.1.4">Carbaglu</w>
 <w id="w7.1.5">?</w>
</s> 
 
<s id="s7.2">
 <w id="w7.2.1">Carbaglu</w> 
 <w id="w7.2.2">je</w> 
 <w id="w7.2.3">zdravilo</w>
 <w id="w7.2.4">,</w> 
 <w id="w7.2.5">ki</w> 
 <w id="w7.2.6">vsebuje</w> 
 <w id="w7.2.7">zdravilno</w> 
 <w id="w7.2.8">učinkovino</w> 
 <w id="w7.2.9">kargluminska</w> 
 <w id="w7.2.10">kislina</w>
 <w id="w7.2.11">.</w>
</s> 
 
<s id="s7.3">
 <w id="w7.3.1">Na</w> 
 <w id="w7.3.2">voljo</w> 
 <w id="w7.3.3">je</w> 
 <w id="w7.3.4">v</w> 
 <w id="w7.3.5">obliki</w> 
 <w id="w7.3.6">disperzibilnih</w> 
 <w id="w7.3.7">tablet</w>
 <w id="w7.3.8">.</w>
</s> 
 
<s id="s7.4">
 <w id="w7.4.1">„</w>
 <w id="w7.4.2">Disperzibilen</w>
 <w id="w7.4.3">“</w> 
 <w id="w7.4.4">pomeni</w>
 <w id="w7.4.5">,</w> 
 <w id="w7.4.6">da</w> 
 <w id="w7.4.7">se</w> 
 <w id="w7.4.8">lahko</w> 
 <w id="w7.4.9">tablete</w> 
 <w id="w7.4.10">raztopijo</w> 
 <w id="w7.4.11">(</w>
 <w id="w7.4.12">zmešajo</w>
 <w id="w7.4.13">)</w> 
 <w id="w7.4.14">v</w> 
 <w id="w7.4.15">vodi</w>
 <w id="w7.4.16">.</w>
</s></p>

<p id="8">
<s id="s8.1">
 <w id="w8.1.1">Za</w> 
 <w id="w8.1.2">kaj</w> 
 <w id="w8.1.3">se</w> 
 <w id="w8.1.4">zdravilo</w> 
 <w id="w8.1.5">Carbaglu</w> 
 <w id="w8.1.6">uporablja</w>
 <w id="w8.1.7">?</w>
</s> 
 
<s id="s8.2">
 <w id="w8.2.1">Zdravilo</w> 
 <w id="w8.2.2">Carbaglu</w> 
 <w id="w8.2.3">se</w> 
 <w id="w8.2.4">uporablja</w> 
 <w id="w8.2.5">za</w> 
 <w id="w8.2.6">zdravljenje</w> 
 <w id="w8.2.7">hiperamonemije</w> 
 <w id="w8.2.8">(</w>
 <w id="w8.2.9">povečane</w> 
 <w id="w8.2.10">koncentracije</w> 
 <w id="w8.2.11">amoniaka</w> 
 <w id="w8.2.12">v</w> 
 <w id="w8.2.13">krvi</w>
 <w id="w8.2.14">)</w> 
 <w id="w8.2.15">pri</w> 
 <w id="w8.2.16">bolnikih</w> 
 <w id="w8.2.17">s</w> 
 <w id="w8.2.18">pomanjkanjem</w> 
 <w id="w8.2.19">encima</w> 
 <w id="w8.2.20">(</w>
 <w id="w8.2.21">N-</w>
 <w id="w8.2.22">acetilglutamat</w> 
 <w id="w8.2.23">sintaze</w>
 <w id="w8.2.24">,</w> 
 <w id="w8.2.25">NAGS</w>
 <w id="w8.2.26">)</w>
 <w id="w8.2.27">.</w>
</s> 
 
<s id="s8.3">
 <w id="w8.3.1">Ta</w> 
 <w id="w8.3.2">encim</w> 
 <w id="w8.3.3">običajno</w> 
 <w id="w8.3.4">sodeluje</w> 
 <w id="w8.3.5">pri</w> 
 <w id="w8.3.6">razgradnji</w> 
 <w id="w8.3.7">amoniaka</w>
 <w id="w8.3.8">.</w>
</s> 
 
<s id="s8.4">
 <w id="w8.4.1">Če</w> 
 <w id="w8.4.2">encim</w> 
 <w id="w8.4.3">ni</w> 
 <w id="w8.4.4">prisoten</w>
 <w id="w8.4.5">,</w> 
 <w id="w8.4.6">amoniaka</w> 
 <w id="w8.4.7">ni</w> 
 <w id="w8.4.8">mogoče</w> 
 <w id="w8.4.9">razgraditi</w>
 <w id="w8.4.10">,</w> 
 <w id="w8.4.11">zato</w> 
 <w id="w8.4.12">se</w> 
 <w id="w8.4.13">kopiči</w> 
 <w id="w8.4.14">v</w> 
 <w id="w8.4.15">krvi</w>
 <w id="w8.4.16">.</w>
</s> 
 
<s id="s8.5">
 <w id="w8.5.1">Bolezen</w> 
 <w id="w8.5.2">je</w> 
 <w id="w8.5.3">izredno</w> 
 <w id="w8.5.4">redka</w>
 <w id="w8.5.5">.</w>
</s> 
 
<s id="s8.6">
 <w id="w8.6.1">Pri</w> 
 <w id="w8.6.2">bolnikih</w> 
 <w id="w8.6.3">s</w> 
 <w id="w8.6.4">hudim</w> 
 <w id="w8.6.5">popolnim</w> 
 <w id="w8.6.6">pomanjkanjem</w> 
 <w id="w8.6.7">encima</w> 
 <w id="w8.6.8">NAGS</w> 
 <w id="w8.6.9">se</w> 
 <w id="w8.6.10">hitro</w>
 <w id="w8.6.11">,</w> 
 <w id="w8.6.12">že</w> 
 <w id="w8.6.13">kmalu</w> 
 <w id="w8.6.14">po</w> 
 <w id="w8.6.15">rojstvu</w>
 <w id="w8.6.16">,</w> 
 <w id="w8.6.17">vzpostavi</w> 
 <w id="w8.6.18">visoka</w> 
 <w id="w8.6.19">raven</w> 
 <w id="w8.6.20">amoniaka</w> 
 <w id="w8.6.21">v</w> 
 <w id="w8.6.22">krvi</w>
 <w id="w8.6.23">.</w>
</s> 
 
<s id="s8.7">
 <w id="w8.7.1">Pri</w> 
 <w id="w8.7.2">bolnikih</w> 
 <w id="w8.7.3">z</w> 
 <w id="w8.7.4">delnim</w> 
 <w id="w8.7.5">pomanjkanjem</w> 
 <w id="w8.7.6">encima</w> 
 <w id="w8.7.7">NAGS</w> 
 <w id="w8.7.8">(</w>
 <w id="w8.7.9">blažja</w> 
 <w id="w8.7.10">oblika</w> 
 <w id="w8.7.11">bolezni</w>
 <w id="w8.7.12">)</w> 
 <w id="w8.7.13">se</w> 
 <w id="w8.7.14">simptomi</w> 
 <w id="w8.7.15">lahko</w> 
 <w id="w8.7.16">pojavijo</w> 
 <w id="w8.7.17">skorajda</w> 
 <w id="w8.7.18">kadar</w> 
 <w id="w8.7.19">koli</w> 
 <w id="w8.7.20">v</w> 
 <w id="w8.7.21">življenju</w> 
 <w id="w8.7.22">po</w> 
 <w id="w8.7.23">stresnemu</w> 
 <w id="w8.7.24">dogodku</w>
 <w id="w8.7.25">,</w> 
 <w id="w8.7.26">npr</w>
 <w id="w8.7.27">.</w> 
 <w id="w8.7.28">okužbi</w> 
 <w id="w8.7.29">ali</w> 
 <w id="w8.7.30">virusni</w> 
 <w id="w8.7.31">bolezni</w>
 <w id="w8.7.32">.</w>
</s> 
 
<s id="s8.8">
 <w id="w8.8.1">Ker</w> 
 <w id="w8.8.2">je</w> 
 <w id="w8.8.3">število</w> 
 <w id="w8.8.4">bolnikov</w> 
 <w id="w8.8.5">s</w> 
 <w id="w8.8.6">pomanjkanjem</w> 
 <w id="w8.8.7">encima</w> 
 <w id="w8.8.8">NAGS</w> 
 <w id="w8.8.9">majhno</w>
 <w id="w8.8.10">,</w> 
 <w id="w8.8.11">velja</w> 
 <w id="w8.8.12">ta</w> 
 <w id="w8.8.13">bolezen</w> 
 <w id="w8.8.14">za</w> 
 <w id="w8.8.15">redko</w>
 <w id="w8.8.16">,</w> 
 <w id="w8.8.17">zato</w> 
 <w id="w8.8.18">je</w> 
 <w id="w8.8.19">bilo</w> 
 <w id="w8.8.20">zdravilo</w> 
 <w id="w8.8.21">Carbaglu</w> 
 <w id="w8.8.22">18</w>
 <w id="w8.8.23">.</w> 
 <w id="w8.8.24">oktobra</w> 
 <w id="w8.8.25">2000</w> 
 <w id="w8.8.26">določeno</w> 
 <w id="w8.8.27">kot</w> 
 <w id="w8.8.28">„</w>
 <w id="w8.8.29">zdravilo</w> 
 <w id="w8.8.30">sirota</w>
 <w id="w8.8.31">“</w> 
 <w id="w8.8.32">(</w>
 <w id="w8.8.33">zdravilo</w>
 <w id="w8.8.34">,</w> 
 <w id="w8.8.35">ki</w> 
 <w id="w8.8.36">se</w> 
 <w id="w8.8.37">uporablja</w> 
 <w id="w8.8.38">pri</w> 
 <w id="w8.8.39">redkih</w> 
 <w id="w8.8.40">boleznih</w>
 <w id="w8.8.41">)</w>
 <w id="w8.8.42">.</w>
</s> 
 
<s id="s8.9">
 <w id="w8.9.1">Zdravilo</w> 
 <w id="w8.9.2">se</w> 
 <w id="w8.9.3">dobi</w> 
 <w id="w8.9.4">samo</w> 
 <w id="w8.9.5">na</w> 
 <w id="w8.9.6">recept</w>
 <w id="w8.9.7">.</w>
</s></p>

<p id="9">
<s id="s9.1">
 <w id="w9.1.1">Kako</w> 
 <w id="w9.1.2">se</w> 
 <w id="w9.1.3">zdravilo</w> 
 <w id="w9.1.4">Carbaglu</w> 
 <w id="w9.1.5">uporablja</w>
 <w id="w9.1.6">?</w>
</s> 
 
<s id="s9.2">
 <w id="w9.2.1">Zdravljenje</w> 
 <w id="w9.2.2">z</w> 
 <w id="w9.2.3">zdravilom</w> 
 <w id="w9.2.4">Carbaglu</w> 
 <w id="w9.2.5">mora</w> 
 <w id="w9.2.6">uvesti</w> 
 <w id="w9.2.7">zdravnik</w> 
 <w id="w9.2.8">z</w> 
 <w id="w9.2.9">izkušnjami</w> 
 <w id="w9.2.10">z</w> 
 <w id="w9.2.11">zdravljenjem</w> 
 <w id="w9.2.12">bolnikov</w> 
 <w id="w9.2.13">s</w> 
 <w id="w9.2.14">presnovnimi</w> 
 <w id="w9.2.15">boleznimi</w>
 <w id="w9.2.16">.</w>
</s> 
 
<s id="s9.3">
 <w id="w9.3.1">Zdravljenje</w> 
 <w id="w9.3.2">se</w> 
 <w id="w9.3.3">lahko</w> 
 <w id="w9.3.4">začne</w> 
 <w id="w9.3.5">že</w> 
 <w id="w9.3.6">prvi</w> 
 <w id="w9.3.7">dan</w> 
 <w id="w9.3.8">po</w> 
 <w id="w9.3.9">rojstvu</w>
 <w id="w9.3.10">.</w>
</s> 
 
<s id="s9.4">
 <w id="w9.4.1">Začetni</w> 
 <w id="w9.4.2">dnevni</w> 
 <w id="w9.4.3">odmerek</w> 
 <w id="w9.4.4">mora</w> 
 <w id="w9.4.5">znašati</w> 
 <w id="w9.4.6">100</w> 
 <w id="w9.4.7">mg</w> 
 <w id="w9.4.8">na</w> 
 <w id="w9.4.9">kilogram</w> 
 <w id="w9.4.10">telesne</w> 
 <w id="w9.4.11">mase</w>
 <w id="w9.4.12">,</w> 
 <w id="w9.4.13">po</w> 
 <w id="w9.4.14">potrebi</w> 
 <w id="w9.4.15">pa</w> 
 <w id="w9.4.16">do</w> 
 <w id="w9.4.17">250</w> 
 <w id="w9.4.18">mg/</w>
 <w id="w9.4.19">kg</w>
 <w id="w9.4.20">.</w>
</s> 
 
<s id="s9.5">
 <w id="w9.5.1">Za</w> 
 <w id="w9.5.2">vzdrževanje</w> 
 <w id="w9.5.3">normalne</w> 
 <w id="w9.5.4">ravni</w> 
 <w id="w9.5.5">amoniaka</w> 
 <w id="w9.5.6">v</w> 
 <w id="w9.5.7">krvi</w> 
 <w id="w9.5.8">je</w> 
 <w id="w9.5.9">treba</w> 
 <w id="w9.5.10">odmerek</w> 
 <w id="w9.5.11">nato</w> 
 <w id="w9.5.12">ustrezno</w> 
 <w id="w9.5.13">prilagajati</w>
 <w id="w9.5.14">:</w> 
 <w id="w9.5.15">dnevni</w> 
 <w id="w9.5.16">odmerki</w> 
 <w id="w9.5.17">običajno</w> 
 <w id="w9.5.18">znašajo</w> 
 <w id="w9.5.19">od</w> 
 <w id="w9.5.20">10</w> 
 <w id="w9.5.21">do</w> 
 <w id="w9.5.22">100</w> 
 <w id="w9.5.23">mg/</w>
 <w id="w9.5.24">kg</w>
 <w id="w9.5.25">.</w>
</s> 
 
<s id="s9.6">
 <w id="w9.6.1">Tablete</w> 
 <w id="w9.6.2">je</w> 
 <w id="w9.6.3">treba</w> 
 <w id="w9.6.4">raztopiti</w> 
 <w id="w9.6.5">(</w>
 <w id="w9.6.6">zmešati</w>
 <w id="w9.6.7">)</w> 
 <w id="w9.6.8">v</w> 
 <w id="w9.6.9">manjši</w> 
 <w id="w9.6.10">količini</w> 
 <w id="w9.6.11">vode</w>
 <w id="w9.6.12">,</w> 
 <w id="w9.6.13">preden</w> 
 <w id="w9.6.14">se</w> 
 <w id="w9.6.15">dajo</w> 
 <w id="w9.6.16">bolniku</w>
 <w id="w9.6.17">.</w>
</s> 
 
<s id="s9.7">
 <w id="w9.7.1">Brez</w> 
 <w id="w9.7.2">težav</w> 
 <w id="w9.7.3">jih</w> 
 <w id="w9.7.4">je</w> 
 <w id="w9.7.5">mogoče</w> 
 <w id="w9.7.6">razpoloviti</w> 
 <w id="w9.7.7">na</w> 
 <w id="w9.7.8">dve</w> 
 <w id="w9.7.9">enaki</w> 
 <w id="w9.7.10">polovici</w>
 <w id="w9.7.11">.</w>
</s> 
 
<s id="s9.8">
 <w id="w9.8.1">Bolnik</w> 
 <w id="w9.8.2">uporablja</w> 
 <w id="w9.8.3">zdravilo</w> 
 <w id="w9.8.4">doživljenjsko</w>
 <w id="w9.8.5">.</w>
</s></p>

<p id="10">
<s id="s10.1">
 <w id="w10.1.1">Kako</w> 
 <w id="w10.1.2">zdravilo</w> 
 <w id="w10.1.3">Carbaglu</w> 
 <w id="w10.1.4">deluje</w>
 <w id="w10.1.5">?</w>
</s> 
 
<s id="s10.2">
 <w id="w10.2.1">Ljudje</w> 
 <w id="w10.2.2">s</w> 
 <w id="w10.2.3">pomanjkanjem</w> 
 <w id="w10.2.4">encima</w> 
 <w id="w10.2.5">NAGS</w> 
 <w id="w10.2.6">ne</w> 
 <w id="w10.2.7">morejo</w> 
 <w id="w10.2.8">razgraditi</w> 
 <w id="w10.2.9">in</w> 
 <w id="w10.2.10">izločati</w> 
 <w id="w10.2.11">amoniaka</w>
 <w id="w10.2.12">.</w>
</s> 
 
<s id="s10.3">
 <w id="w10.3.1">V</w> 
 <w id="w10.3.2">tem</w> 
 <w id="w10.3.3">primeru</w> 
 <w id="w10.3.4">se</w> 
 <w id="w10.3.5">amoniak</w> 
 <w id="w10.3.6">kopiči</w> 
 <w id="w10.3.7">v</w> 
 <w id="w10.3.8">krvi</w>
 <w id="w10.3.9">.</w>
</s> 
 
<s id="s10.4">
 <w id="w10.4.1">To</w> 
 <w id="w10.4.2">je</w> 
 <w id="w10.4.3">toksično</w> 
 <w id="w10.4.4">za</w> 
 <w id="w10.4.5">telo</w>
 <w id="w10.4.6">,</w> 
 <w id="w10.4.7">še</w> 
 <w id="w10.4.8">zlasti</w> 
 <w id="w10.4.9">za</w> 
 <w id="w10.4.10">možgane</w>
 <w id="w10.4.11">.</w>
</s> 
 
<s id="s10.5">
 <w id="w10.5.1">Zdravilo</w> 
 <w id="w10.5.2">Carbaglu</w> 
 <w id="w10.5.3">je</w> 
 <w id="w10.5.4">po</w> 
 <w id="w10.5.5">strukturi</w> 
 <w id="w10.5.6">zelo</w> 
 <w id="w10.5.7">podobno</w> 
 <w id="w10.5.8">N-</w>
 <w id="w10.5.9">acetilglutamatu</w>
 <w id="w10.5.10">,</w> 
 <w id="w10.5.11">ki</w> 
 <w id="w10.5.12">aktivira</w> 
 <w id="w10.5.13">encim</w> 
 <w id="w10.5.14">za</w> 
 <w id="w10.5.15">razgradnjo</w> 
 <w id="w10.5.16">amoniaka</w>
 <w id="w10.5.17">.</w>
</s> 
 
<s id="s10.6">
 <w id="w10.6.1">Zdravilo</w> 
 <w id="w10.6.2">Carbaglu</w> 
 <w id="w10.6.3">torej</w> 
 <w id="w10.6.4">prispeva</w> 
 <w id="w10.6.5">k</w> 
 <w id="w10.6.6">razgradnji</w> 
 <w id="w10.6.7">amoniaka</w> 
 <w id="w10.6.8">in</w> 
 <w id="w10.6.9">znižuje</w> 
 <w id="w10.6.10">njegovo</w> 
 <w id="w10.6.11">raven</w> 
 <w id="w10.6.12">v</w> 
 <w id="w10.6.13">krvi</w> 
 <w id="w10.6.14">ter</w> 
 <w id="w10.6.15">tako</w> 
 <w id="w10.6.16">zmanjšuje</w> 
 <w id="w10.6.17">toksičnost</w>
 <w id="w10.6.18">.</w>
</s></p>

<p id="11">
<s id="s11.1">
 <w id="w11.1.1">7</w> 
 <w id="w11.1.2">Westferry</w> 
 <w id="w11.1.3">Circus</w>
 <w id="w11.1.4">,</w> 
 <w id="w11.1.5">Canary</w> 
 <w id="w11.1.6">Wharf</w>
 <w id="w11.1.7">,</w> 
 <w id="w11.1.8">London</w>
 <w id="w11.1.9">,</w> 
 <w id="w11.1.10">E14</w> 
 <w id="w11.1.11">4HB</w>
 <w id="w11.1.12">,</w> 
 <w id="w11.1.13">UK</w>                                   
 <w id="w11.1.14">Tel</w>
 <w id="w11.1.15">.</w>
</s> 
 
<s id="s11.2">
 <w id="w11.2.1">(</w>
 <w id="w11.2.2">44-</w>
 <w id="w11.2.3">20</w>
 <w id="w11.2.4">)</w> 
 <w id="w11.2.5">74</w> 
 <w id="w11.2.6">18</w> 
 <w id="w11.2.7">84</w> 
 <w id="w11.2.8">00</w> 
 <w id="w11.2.9">Fax</w> 
 <w id="w11.2.10">(</w>
 <w id="w11.2.11">44-</w>
 <w id="w11.2.12">20</w>
 <w id="w11.2.13">)</w> 
 <w id="w11.2.14">74</w> 
 <w id="w11.2.15">18</w> 
 <w id="w11.2.16">86</w> 
 <w id="w11.2.17">68</w>                              
 <w id="w11.2.18">E-</w>
 <w id="w11.2.19">mail</w>
 <w id="w11.2.20">:</w> 
 <w id="w11.2.21">mail@</w>
 <w id="w11.2.22">emea.</w>
 <w id="w11.2.23">europa.</w>
 <w id="w11.2.24">eu</w> 
 <w id="w11.2.25">http</w>
 <w id="w11.2.26">:</w>
 <w id="w11.2.27">//</w>
 <w id="w11.2.28">www.</w>
 <w id="w11.2.29">emea.</w>
 <w id="w11.2.30">europa.</w>
 <w id="w11.2.31">eu</w>
</s></p>

<p id="12">
<s id="s12.1">
 <w id="w12.1.1">©</w> 
 <w id="w12.1.2">European</w> 
 <w id="w12.1.3">Medicines</w> 
 <w id="w12.1.4">Agency</w>
 <w id="w12.1.5">,</w> 
 <w id="w12.1.6">2008</w>
 <w id="w12.1.7">.</w>
</s> 
 
<s id="s12.2">
 <w id="w12.2.1">Reproduction</w> 
 <w id="w12.2.2">is</w> 
 <w id="w12.2.3">authorised</w> 
 <w id="w12.2.4">provided</w> 
 <w id="w12.2.5">the</w> 
 <w id="w12.2.6">source</w> 
 <w id="w12.2.7">is</w> 
 <w id="w12.2.8">acknowledged</w>
 <w id="w12.2.9">.</w>
</s> 
 
<s id="s12.3">
 <w id="w12.3.1">Kako</w> 
 <w id="w12.3.2">je</w> 
 <w id="w12.3.3">bilo</w> 
 <w id="w12.3.4">zdravilo</w> 
 <w id="w12.3.5">Carbaglu</w> 
 <w id="w12.3.6">raziskano</w>
 <w id="w12.3.7">?</w>
</s> 
 
<s id="s12.4">
 <w id="w12.4.1">Zdravilo</w> 
 <w id="w12.4.2">Carbaglu</w> 
 <w id="w12.4.3">so</w> 
 <w id="w12.4.4">preučevali</w> 
 <w id="w12.4.5">pri</w> 
 <w id="w12.4.6">20</w> 
 <w id="w12.4.7">bolnikih</w>
 <w id="w12.4.8">,</w> 
 <w id="w12.4.9">izmed</w> 
 <w id="w12.4.10">katerih</w> 
 <w id="w12.4.11">je</w> 
 <w id="w12.4.12">12</w> 
 <w id="w12.4.13">bolnikom</w> 
 <w id="w12.4.14">primanjkovalo</w> 
 <w id="w12.4.15">encima</w> 
 <w id="w12.4.16">NAGS</w> 
 <w id="w12.4.17">in</w> 
 <w id="w12.4.18">so</w> 
 <w id="w12.4.19">bili</w> 
 <w id="w12.4.20">zdravljeni</w> 
 <w id="w12.4.21">povprečno</w> 
 <w id="w12.4.22">približno</w> 
 <w id="w12.4.23">tri</w> 
 <w id="w12.4.24">leta</w>
 <w id="w12.4.25">.</w>
</s> 
 
<s id="s12.5">
 <w id="w12.5.1">Preostalih</w> 
 <w id="w12.5.2">8</w> 
 <w id="w12.5.3">bolnikov</w> 
 <w id="w12.5.4">je</w> 
 <w id="w12.5.5">bilo</w> 
 <w id="w12.5.6">zdravljenih</w> 
 <w id="w12.5.7">zaradi</w> 
 <w id="w12.5.8">hiperamonemije</w>
 <w id="w12.5.9">,</w> 
 <w id="w12.5.10">ki</w> 
 <w id="w12.5.11">je</w> 
 <w id="w12.5.12">bila</w> 
 <w id="w12.5.13">posledica</w> 
 <w id="w12.5.14">drugačnega</w> 
 <w id="w12.5.15">vzroka</w>
 <w id="w12.5.16">.</w>
</s> 
 
<s id="s12.6">
 <w id="w12.6.1">Družba</w> 
 <w id="w12.6.2">je</w> 
 <w id="w12.6.3">tudi</w> 
 <w id="w12.6.4">predložila</w> 
 <w id="w12.6.5">informacije</w> 
 <w id="w12.6.6">iz</w> 
 <w id="w12.6.7">objavljene</w> 
 <w id="w12.6.8">literature</w> 
 <w id="w12.6.9">o</w> 
 <w id="w12.6.10">dodatnih</w> 
 <w id="w12.6.11">štirih</w> 
 <w id="w12.6.12">bolnikih</w>
 <w id="w12.6.13">,</w> 
 <w id="w12.6.14">ki</w> 
 <w id="w12.6.15">so</w> 
 <w id="w12.6.16">bili</w> 
 <w id="w12.6.17">zdravljeni</w> 
 <w id="w12.6.18">z</w> 
 <w id="w12.6.19">zdravilno</w> 
 <w id="w12.6.20">učinkovino</w> 
 <w id="w12.6.21">v</w> 
 <w id="w12.6.22">zdravilu</w> 
 <w id="w12.6.23">Carbaglu</w>
 <w id="w12.6.24">.</w>
</s></p>

<p id="13">
<s id="s13.1">
 <w id="w13.1.1">Kakšne</w> 
 <w id="w13.1.2">koristi</w> 
 <w id="w13.1.3">je</w> 
 <w id="w13.1.4">zdravilo</w> 
 <w id="w13.1.5">Carbaglu</w> 
 <w id="w13.1.6">izkazalo</w> 
 <w id="w13.1.7">med</w> 
 <w id="w13.1.8">študijami</w>
 <w id="w13.1.9">?</w>
</s> 
 
<s id="s13.2">
 <w id="w13.2.1">Pri</w> 
 <w id="w13.2.2">večini</w> 
 <w id="w13.2.3">bolnikov</w> 
 <w id="w13.2.4">so</w> 
 <w id="w13.2.5">je</w> 
 <w id="w13.2.6">po</w> 
 <w id="w13.2.7">zdravljenju</w> 
 <w id="w13.2.8">z</w> 
 <w id="w13.2.9">zdravilom</w> 
 <w id="w13.2.10">Carbaglu</w> 
 <w id="w13.2.11">raven</w> 
 <w id="w13.2.12">amoniaka</w> 
 <w id="w13.2.13">vrnila</w> 
 <w id="w13.2.14">na</w> 
 <w id="w13.2.15">normalno</w> 
 <w id="w13.2.16">raven</w>
 <w id="w13.2.17">.</w>
</s> 
 
<s id="s13.3">
 <w id="w13.3.1">Pri</w> 
 <w id="w13.3.2">bolnikih</w>
 <w id="w13.3.3">,</w> 
 <w id="w13.3.4">zdravljenih</w> 
 <w id="w13.3.5">z</w> 
 <w id="w13.3.6">zdravilom</w> 
 <w id="w13.3.7">Carbaglu</w>
 <w id="w13.3.8">,</w> 
 <w id="w13.3.9">je</w> 
 <w id="w13.3.10">bilo</w> 
 <w id="w13.3.11">mogoče</w> 
 <w id="w13.3.12">vzdrževati</w> 
 <w id="w13.3.13">stabilno</w> 
 <w id="w13.3.14">stanje</w> 
 <w id="w13.3.15">brez</w> 
 <w id="w13.3.16">posebnih</w> 
 <w id="w13.3.17">prehranskih</w> 
 <w id="w13.3.18">omejitev</w> 
 <w id="w13.3.19">ali</w> 
 <w id="w13.3.20">potrebe</w> 
 <w id="w13.3.21">po</w> 
 <w id="w13.3.22">jemanju</w> 
 <w id="w13.3.23">drugih</w> 
 <w id="w13.3.24">zdravil</w>
 <w id="w13.3.25">.</w>
</s></p>

<p id="14">
<s id="s14.1">
 <w id="w14.1.1">Kakšna</w> 
 <w id="w14.1.2">tveganja</w> 
 <w id="w14.1.3">so</w> 
 <w id="w14.1.4">povezana</w> 
 <w id="w14.1.5">z</w> 
 <w id="w14.1.6">zdravilom</w> 
 <w id="w14.1.7">Carbaglu</w>
 <w id="w14.1.8">?</w>
</s> 
 
<s id="s14.2">
 <w id="w14.2.1">Najpogostejši</w> 
 <w id="w14.2.2">neželeni</w> 
 <w id="w14.2.3">učinek</w> 
 <w id="w14.2.4">(</w>
 <w id="w14.2.5">opažen</w> 
 <w id="w14.2.6">pri</w> 
 <w id="w14.2.7">1</w> 
 <w id="w14.2.8">do</w> 
 <w id="w14.2.9">10</w> 
 <w id="w14.2.10">bolnikih</w> 
 <w id="w14.2.11">izmed</w> 
 <w id="w14.2.12">100</w>
 <w id="w14.2.13">)</w> 
 <w id="w14.2.14">je</w> 
 <w id="w14.2.15">povečano</w> 
 <w id="w14.2.16">znojenje</w>
 <w id="w14.2.17">.</w>
</s> 
 
<s id="s14.3">
 <w id="w14.3.1">Za</w> 
 <w id="w14.3.2">celoten</w> 
 <w id="w14.3.3">seznam</w> 
 <w id="w14.3.4">neželenih</w> 
 <w id="w14.3.5">učinkov</w>
 <w id="w14.3.6">,</w> 
 <w id="w14.3.7">o</w> 
 <w id="w14.3.8">katerih</w> 
 <w id="w14.3.9">so</w> 
 <w id="w14.3.10">poročali</w> 
 <w id="w14.3.11">pri</w> 
 <w id="w14.3.12">uporabi</w> 
 <w id="w14.3.13">zdravila</w> 
 <w id="w14.3.14">Carbaglu</w>
 <w id="w14.3.15">,</w> 
 <w id="w14.3.16">glejte</w> 
 <w id="w14.3.17">navodilo</w> 
 <w id="w14.3.18">za</w> 
 <w id="w14.3.19">uporabo</w>
 <w id="w14.3.20">.</w>
</s> 
 
<s id="s14.4">
 <w id="w14.4.1">Zdravila</w> 
 <w id="w14.4.2">Carbaglu</w> 
 <w id="w14.4.3">ne</w> 
 <w id="w14.4.4">smejo</w> 
 <w id="w14.4.5">uporabljati</w> 
 <w id="w14.4.6">osebe</w>
 <w id="w14.4.7">,</w> 
 <w id="w14.4.8">ki</w> 
 <w id="w14.4.9">utegnejo</w> 
 <w id="w14.4.10">biti</w> 
 <w id="w14.4.11">preobčutljivi</w> 
 <w id="w14.4.12">za</w> 
 <w id="w14.4.13">(</w>
 <w id="w14.4.14">alergični</w> 
 <w id="w14.4.15">na</w>
 <w id="w14.4.16">)</w> 
 <w id="w14.4.17">kargluminsko</w> 
 <w id="w14.4.18">kislino</w> 
 <w id="w14.4.19">ali</w> 
 <w id="w14.4.20">katero</w> 
 <w id="w14.4.21">koli</w> 
 <w id="w14.4.22">drugo</w> 
 <w id="w14.4.23">sestavino</w> 
 <w id="w14.4.24">zdravila</w>
 <w id="w14.4.25">.</w>
</s></p>

<p id="15">
<s id="s15.1">
 <w id="w15.1.1">Zakaj</w> 
 <w id="w15.1.2">je</w> 
 <w id="w15.1.3">bilo</w> 
 <w id="w15.1.4">zdravilo</w> 
 <w id="w15.1.5">Carbaglu</w> 
 <w id="w15.1.6">odobreno</w>
 <w id="w15.1.7">?</w>
</s> 
 
<s id="s15.2">
 <w id="w15.2.1">Pomanjkanje</w> 
 <w id="w15.2.2">encima</w> 
 <w id="w15.2.3">NAGS</w> 
 <w id="w15.2.4">je</w> 
 <w id="w15.2.5">redka</w> 
 <w id="w15.2.6">in</w> 
 <w id="w15.2.7">resna</w> 
 <w id="w15.2.8">bolezen</w> 
 <w id="w15.2.9">s</w> 
 <w id="w15.2.10">potencialno</w> 
 <w id="w15.2.11">uničujočimi</w> 
 <w id="w15.2.12">posledicami</w>
 <w id="w15.2.13">,</w> 
 <w id="w15.2.14">na</w> 
 <w id="w15.2.15">voljo</w> 
 <w id="w15.2.16">pa</w> 
 <w id="w15.2.17">ni</w> 
 <w id="w15.2.18">nobenega</w> 
 <w id="w15.2.19">drugega</w> 
 <w id="w15.2.20">podobnega</w> 
 <w id="w15.2.21">zdravljenja</w>
 <w id="w15.2.22">.</w>
</s> 
 
<s id="s15.3">
 <w id="w15.3.1">Na</w> 
 <w id="w15.3.2">podlagi</w> 
 <w id="w15.3.3">omejenih</w> 
 <w id="w15.3.4">predloženih</w> 
 <w id="w15.3.5">podatkov</w> 
 <w id="w15.3.6">o</w> 
 <w id="w15.3.7">učinkovitosti</w> 
 <w id="w15.3.8">in</w> 
 <w id="w15.3.9">varnosti</w> 
 <w id="w15.3.10">je</w> 
 <w id="w15.3.11">Odbor</w> 
 <w id="w15.3.12">za</w> 
 <w id="w15.3.13">zdravila</w> 
 <w id="w15.3.14">za</w> 
 <w id="w15.3.15">uporabo</w> 
 <w id="w15.3.16">v</w> 
 <w id="w15.3.17">humani</w> 
 <w id="w15.3.18">medicini</w> 
 <w id="w15.3.19">(</w>
 <w id="w15.3.20">CHMP</w>
 <w id="w15.3.21">)</w> 
 <w id="w15.3.22">zaključil</w>
 <w id="w15.3.23">,</w> 
 <w id="w15.3.24">da</w> 
 <w id="w15.3.25">je</w> 
 <w id="w15.3.26">zdravilo</w> 
 <w id="w15.3.27">Carbaglu</w> 
 <w id="w15.3.28">učinkovito</w> 
 <w id="w15.3.29">pri</w> 
 <w id="w15.3.30">zniževanju</w> 
 <w id="w15.3.31">ravni</w> 
 <w id="w15.3.32">amoniaka</w> 
 <w id="w15.3.33">v</w> 
 <w id="w15.3.34">krvi</w> 
 <w id="w15.3.35">na</w> 
 <w id="w15.3.36">normalno</w> 
 <w id="w15.3.37">raven</w>
 <w id="w15.3.38">.</w>
</s> 
 
<s id="s15.4">
 <w id="w15.4.1">Odbor</w> 
 <w id="w15.4.2">je</w> 
 <w id="w15.4.3">odločil</w>
 <w id="w15.4.4">,</w> 
 <w id="w15.4.5">da</w> 
 <w id="w15.4.6">so</w> 
 <w id="w15.4.7">koristi</w> 
 <w id="w15.4.8">zdravila</w> 
 <w id="w15.4.9">Carbaglu</w> 
 <w id="w15.4.10">za</w> 
 <w id="w15.4.11">zdravljenje</w> 
 <w id="w15.4.12">hiperamonemije</w> 
 <w id="w15.4.13">zaradi</w> 
 <w id="w15.4.14">pomanjkanja</w> 
 <w id="w15.4.15">encima</w> 
 <w id="w15.4.16">NAGS</w> 
 <w id="w15.4.17">večje</w> 
 <w id="w15.4.18">od</w> 
 <w id="w15.4.19">z</w> 
 <w id="w15.4.20">njim</w> 
 <w id="w15.4.21">povezanih</w> 
 <w id="w15.4.22">tveganj</w>
 <w id="w15.4.23">.</w>
</s> 
 
<s id="s15.5">
 <w id="w15.5.1">Odbor</w> 
 <w id="w15.5.2">je</w> 
 <w id="w15.5.3">priporočil</w>
 <w id="w15.5.4">,</w> 
 <w id="w15.5.5">da</w> 
 <w id="w15.5.6">se</w> 
 <w id="w15.5.7">za</w> 
 <w id="w15.5.8">zdravilo</w> 
 <w id="w15.5.9">Carbaglu</w> 
 <w id="w15.5.10">odobri</w> 
 <w id="w15.5.11">dovoljenje</w> 
 <w id="w15.5.12">za</w> 
 <w id="w15.5.13">promet</w>
 <w id="w15.5.14">.</w>
</s> 
 
<s id="s15.6">
 <w id="w15.6.1">Zdravilo</w> 
 <w id="w15.6.2">Carbaglu</w> 
 <w id="w15.6.3">je</w> 
 <w id="w15.6.4">bilo</w> 
 <w id="w15.6.5">prvotno</w> 
 <w id="w15.6.6">odobreno</w> 
 <w id="w15.6.7">„</w>
 <w id="w15.6.8">v</w> 
 <w id="w15.6.9">izjemnih</w> 
 <w id="w15.6.10">okoliščinah</w>
 <w id="w15.6.11">“</w>
 <w id="w15.6.12">,</w> 
 <w id="w15.6.13">ker</w> 
 <w id="w15.6.14">zaradi</w> 
 <w id="w15.6.15">redkosti</w> 
 <w id="w15.6.16">bolezni</w> 
 <w id="w15.6.17">ni</w> 
 <w id="w15.6.18">bilo</w> 
 <w id="w15.6.19">mogoče</w> 
 <w id="w15.6.20">pridobiti</w> 
 <w id="w15.6.21">vseh</w> 
 <w id="w15.6.22">informacij</w> 
 <w id="w15.6.23">o</w> 
 <w id="w15.6.24">zdravilu</w>
 <w id="w15.6.25">.</w>
</s> 
 
<s id="s15.7">
 <w id="w15.7.1">Ker</w> 
 <w id="w15.7.2">je</w> 
 <w id="w15.7.3">družba</w> 
 <w id="w15.7.4">predložila</w> 
 <w id="w15.7.5">dodatne</w> 
 <w id="w15.7.6">zahtevane</w> 
 <w id="w15.7.7">podatke</w>
 <w id="w15.7.8">,</w> 
 <w id="w15.7.9">so</w> 
 <w id="w15.7.10">bile</w> 
 <w id="w15.7.11">„</w>
 <w id="w15.7.12">izjemne</w> 
 <w id="w15.7.13">okoliščine</w>
 <w id="w15.7.14">“</w> 
 <w id="w15.7.15">razveljavljene</w> 
 <w id="w15.7.16">26</w>
 <w id="w15.7.17">.</w> 
 <w id="w15.7.18">junija</w> 
 <w id="w15.7.19">2006</w>
 <w id="w15.7.20">.</w>
</s></p>

<p id="16">
<s id="s16.1">
 <w id="w16.1.1">Druge</w> 
 <w id="w16.1.2">informacije</w> 
 <w id="w16.1.3">o</w> 
 <w id="w16.1.4">zdravilu</w> 
 <w id="w16.1.5">Carbaglu</w>
 <w id="w16.1.6">:</w>
</s> 
 
<s id="s16.2">
 <w id="w16.2.1">Evropska</w> 
 <w id="w16.2.2">komisija</w> 
 <w id="w16.2.3">je</w> 
 <w id="w16.2.4">dovoljenje</w> 
 <w id="w16.2.5">za</w> 
 <w id="w16.2.6">promet</w> 
 <w id="w16.2.7">z</w> 
 <w id="w16.2.8">zdravilom</w> 
 <w id="w16.2.9">Carbaglu</w>
 <w id="w16.2.10">,</w> 
 <w id="w16.2.11">veljavno</w> 
 <w id="w16.2.12">po</w> 
 <w id="w16.2.13">vsej</w> 
 <w id="w16.2.14">Evropski</w> 
 <w id="w16.2.15">uniji</w>
 <w id="w16.2.16">,</w> 
 <w id="w16.2.17">odobrila</w> 
 <w id="w16.2.18">družbi</w> 
 <w id="w16.2.19">Orphan</w> 
 <w id="w16.2.20">Europe</w> 
 <w id="w16.2.21">dne</w> 
 <w id="w16.2.22">24</w>
 <w id="w16.2.23">.</w> 
 <w id="w16.2.24">januarja</w> 
 <w id="w16.2.25">2003</w>
 <w id="w16.2.26">.</w>
</s> 
 
<s id="s16.3">
 <w id="w16.3.1">Dovoljenje</w> 
 <w id="w16.3.2">za</w> 
 <w id="w16.3.3">promet</w> 
 <w id="w16.3.4">je</w> 
 <w id="w16.3.5">bilo</w> 
 <w id="w16.3.6">podaljšano</w> 
 <w id="w16.3.7">dne</w> 
 <w id="w16.3.8">24</w>
 <w id="w16.3.9">.</w> 
 <w id="w16.3.10">januarja</w> 
 <w id="w16.3.11">2008</w>
 <w id="w16.3.12">.</w>
</s></p>

<p id="17">
<s id="s17.1">
 <w id="w17.1.1">Dopis</w> 
 <w id="w17.1.2">o</w> 
 <w id="w17.1.3">določitvi</w> 
 <w id="w17.1.4">zdravila</w> 
 <w id="w17.1.5">Carbaglu</w> 
 <w id="w17.1.6">kot</w> 
 <w id="w17.1.7">zdravila</w> 
 <w id="w17.1.8">sirote</w> 
 <w id="w17.1.9">je</w> 
 <w id="w17.1.10">na</w> 
 <w id="w17.1.11">voljo</w> 
 <w id="w17.1.12">tukaj</w>
 <w id="w17.1.13">.</w>
</s> 
 
<s id="s17.2">
 <w id="w17.2.1">Celotno</w> 
 <w id="w17.2.2">evropsko</w> 
 <w id="w17.2.3">javno</w> 
 <w id="w17.2.4">poročilo</w> 
 <w id="w17.2.5">o</w> 
 <w id="w17.2.6">oceni</w> 
 <w id="w17.2.7">zdravila</w> 
 <w id="w17.2.8">(</w>
 <w id="w17.2.9">EPAR</w>
 <w id="w17.2.10">)</w> 
 <w id="w17.2.11">za</w> 
 <w id="w17.2.12">zdravilo</w> 
 <w id="w17.2.13">Carbaglu</w> 
 <w id="w17.2.14">je</w> 
 <w id="w17.2.15">na</w> 
 <w id="w17.2.16">voljo</w> 
 <w id="w17.2.17">tukaj</w>
 <w id="w17.2.18">.</w>
</s></p>

<p id="18">
<s id="s18.1">
 <w id="w18.1.1">Povzetek</w> 
 <w id="w18.1.2">je</w> 
 <w id="w18.1.3">bil</w> 
 <w id="w18.1.4">nazadnje</w> 
 <w id="w18.1.5">posodobljen</w> 
 <w id="w18.1.6">04-</w>
 <w id="w18.1.7">2008</w>
 <w id="w18.1.8">.</w>
</s></p>

<p id="19">
<s id="s19.1">
 <w id="w19.1.1">2/</w>
 <w id="w19.1.2">2</w>
</s></p></text>
