<?xml version="1.0" encoding="utf-8"?>
<letsmt version="1.0">
<head></head>
<body>
<s id="s1.1">Številka postopka EU</s>
<s id="s2.1">Izmišljeno Jakost ime</s>
<s id="s3.1">Farmacevtska oblika</s>
<s id="s4.1">Ciljne živalske vrste</s>
<s id="s5.1">Pot uporabe</s>
<s id="s6.1">Ovojnina</s>
<s id="s7.1">Vsebina</s>
<s id="s8.1">Velikost pakiranja</s>
<s id="s9.1">Karenca</s>
<s id="s10.1">EU/ 2/ 08/ 089/ 001</s>
<s id="s11.1">Onsior 6 mg</s>
<s id="s12.1">Tableta</s>
<s id="s13.1">Mačka</s>
<s id="s14.1">Peroralna uporaba</s>
<s id="s15.1">Pretisni omot (Aluminijasto/ aluminijasti)</s>
<s id="s16.1">7 tablet</s>
<s id="s17.1">Navedba ni smiselna</s>
<s id="s18.1">EU/ 2/ 08/ 089/ 002</s>
<s id="s19.1">Onsior</s>
<s id="s20.1">6 mg</s>
<s id="s21.1">Tableta</s>
<s id="s22.1">Mačka</s>
<s id="s23.1">Peroralna uporaba</s>
<s id="s24.1">Pretisni omot (Aluminijasto/ aluminijasti)</s>
<s id="s25.1">14 tablet</s>
<s id="s26.1">Navedba ni smiselna</s>
<s id="s27.1">EU/ 2/ 08/ 089/ 003</s>
<s id="s28.1">Onsior</s>
<s id="s29.1">6 mg</s>
<s id="s30.1">Tableta</s>
<s id="s31.1">Mačka</s>
<s id="s32.1">Peroralna uporaba</s>
<s id="s33.1">Pretisni omot (Aluminijasto/ aluminijasti)</s>
<s id="s34.1">70 tablet</s>
<s id="s35.1">Navedba ni smiselna</s>
<s id="s36.1">EU/ 2/ 08/ 089/ 004</s>
<s id="s37.1">Onsior</s>
<s id="s38.1">5 mg</s>
<s id="s39.1">Tableta</s>
<s id="s40.1">Pes</s>
<s id="s41.1">Peroralna uporaba</s>
<s id="s42.1">Pretisni omot (Aluminijasto/ aluminijasti)</s>
<s id="s43.1">7 tablet</s>
<s id="s44.1">Navedba ni smiselna</s>
<s id="s45.1">EU/ 2/ 08/ 089/ 005</s>
<s id="s46.1">Onsior</s>
<s id="s47.1">5 mg</s>
<s id="s48.1">Tableta</s>
<s id="s49.1">Pes</s>
<s id="s50.1">Peroralna uporaba</s>
<s id="s51.1">Pretisni omot (Aluminijasto/ aluminijasti)</s>
<s id="s52.1">14 tablet</s>
<s id="s53.1">Navedba ni smiselna</s>
<s id="s54.1">EU/ 2/ 08/ 089/ 006</s>
<s id="s55.1">Onsior</s>
<s id="s56.1">5 mg</s>
<s id="s57.1">Tableta</s>
<s id="s58.1">Pes</s>
<s id="s59.1">Peroralna uporaba</s>
<s id="s60.1">Pretisni omot (Aluminijasto/ aluminijasti)</s>
<s id="s61.1">28 tablet</s>
<s id="s62.1">Navedba ni smiselna</s>
<s id="s63.1">EU/ 2/ 08/ 089/ 007</s>
<s id="s64.1">Onsior</s>
<s id="s65.1">5 mg</s>
<s id="s66.1">Tableta</s>
<s id="s67.1">Pes</s>
<s id="s68.1">Peroralna uporaba</s>
<s id="s69.1">Pretisni omot (Aluminijasto/ aluminijasti)</s>
<s id="s70.1">70 tablet</s>
<s id="s71.1">Navedba ni smiselna</s>
<s id="s72.1">EU/ 2/ 08/ 089/ 008</s>
<s id="s73.1">Onsior</s>
<s id="s74.1">10 mg</s>
<s id="s75.1">Tableta</s>
<s id="s76.1">Pes</s>
<s id="s77.1">Peroralna uporaba</s>
<s id="s78.1">Pretisni omot (Aluminijasto/ aluminijasti)</s>
<s id="s79.1">7 tablet</s>
<s id="s80.1">Navedba ni smiselna</s>
<s id="s81.1">EU/ 2/ 08/ 089/ 009</s>
<s id="s82.1">Onsior</s>
<s id="s83.1">10 mg</s>
<s id="s84.1">Tableta</s>
<s id="s85.1">Pes</s>
<s id="s86.1">Peroralna uporaba</s>
<s id="s87.1">Pretisni omot (Aluminijasto/ aluminijasti)</s>
<s id="s88.1">14 tablet</s>
<s id="s89.1">Navedba ni smiselna</s>
<s id="s90.1">EU/ 2/ 08/ 089/ 010</s>
<s id="s91.1">Onsior</s>
<s id="s92.1">10 mg</s>
<s id="s93.1">Tableta</s>
<s id="s94.1">Pes</s>
<s id="s95.1">Peroralna uporaba</s>
<s id="s96.1">Pretisni omot (Aluminijasto/ aluminijasti)</s>
<s id="s97.1">28 tablet</s>
<s id="s98.1">Navedba ni smiselna</s>
<s id="s99.1">EU/ 2/ 08/ 089/ 011</s>
<s id="s100.1">Onsior</s>
<s id="s101.1">10 mg</s>
<s id="s102.1">Tableta</s>
<s id="s103.1">Pes</s>
<s id="s104.1">Peroralna uporaba</s>
<s id="s105.1">Pretisni omot (Aluminijasto/ aluminijasti)</s>
<s id="s106.1">70 tablet</s>
<s id="s107.1">Navedba ni smiselna</s>
<s id="s108.1">Številka postopka EU</s>
<s id="s109.1">Izmišljeno Jakost ime</s>
<s id="s110.1">Farmacevtska oblika</s>
<s id="s111.1">Ciljne živalske vrste</s>
<s id="s112.1">Pot uporabe</s>
<s id="s113.1">Ovojnina</s>
<s id="s114.1">Vsebina</s>
<s id="s115.1">Velikost pakiranja</s>
<s id="s116.1">Karenca</s>
<s id="s117.1">EU/ 2/ 08/ 089/ 012</s>
<s id="s118.1">Onsior 20 mg</s>
<s id="s119.1">Tableta</s>
<s id="s120.1">Pes</s>
<s id="s121.1">Peroralna uporaba</s>
<s id="s122.1">Pretisni omot (Aluminijasto/ aluminijasti)</s>
<s id="s123.1">7 tablet</s>
<s id="s124.1">Navedba ni smiselna</s>
<s id="s125.1">EU/ 2/ 08/ 089/ 013</s>
<s id="s126.1">Onsior 20 mg</s>
<s id="s127.1">Tableta</s>
<s id="s128.1">Pes</s>
<s id="s129.1">Peroralna</s>
<s id="s130.1">Pretisni omot</s>
<s id="s131.1">14 tablet</s>
<s id="s132.1">Navedba ni</s>
<s id="s133.1">uporaba</s>
<s id="s134.1">(Aluminijasto/ aluminijasti)</s>
<s id="s135.1">smiselna</s>
<s id="s136.1">EU/ 2/ 08/ 089/ 014</s>
<s id="s137.1">Onsior</s>
<s id="s138.1">20 mg</s>
<s id="s139.1">Tableta</s>
<s id="s140.1">Pes</s>
<s id="s141.1">Peroralna uporaba</s>
<s id="s142.1">Pretisni omot (Aluminijasto/ aluminijasti)</s>
<s id="s143.1">28 tablet</s>
<s id="s144.1">Navedba ni smiselna</s>
<s id="s145.1">EU/ 2/ 08/ 089/ 015</s>
<s id="s146.1">Onsior</s>
<s id="s147.1">20 mg</s>
<s id="s148.1">Tableta</s>
<s id="s149.1">Pes</s>
<s id="s150.1">Peroralna uporaba</s>
<s id="s151.1">Pretisni omot (Aluminijasto/ aluminijasti)</s>
<s id="s152.1">70 tablet</s>
<s id="s153.1">Navedba ni smiselna</s>
<s id="s154.1">EU/ 2/ 08/ 089/ 016</s>
<s id="s155.1">Onsior</s>
<s id="s156.1">40 mg</s>
<s id="s157.1">Tableta</s>
<s id="s158.1">Pes</s>
<s id="s159.1">Peroralna uporaba</s>
<s id="s160.1">Pretisni omot (Aluminijasto/ aluminijasti)</s>
<s id="s161.1">7 tablet</s>
<s id="s162.1">Navedba ni smiselna</s>
<s id="s163.1">EU/ 2/ 08/ 089/ 017</s>
<s id="s164.1">Onsior</s>
<s id="s165.1">40 mg</s>
<s id="s166.1">Tableta</s>
<s id="s167.1">Pes</s>
<s id="s168.1">Peroralna uporaba</s>
<s id="s169.1">Pretisni omot (Aluminijasto/ aluminijasti)</s>
<s id="s170.1">14 tablet</s>
<s id="s171.1">Navedba ni smiselna</s>
<s id="s172.1">EU/ 2/ 08/ 089/ 018</s>
<s id="s173.1">Onsior</s>
<s id="s174.1">40 mg</s>
<s id="s175.1">Tableta</s>
<s id="s176.1">Pes</s>
<s id="s177.1">Peroralna uporaba</s>
<s id="s178.1">Pretisni omot (Aluminijasto/ aluminijasti)</s>
<s id="s179.1">28 tablet</s>
<s id="s180.1">Navedba ni smiselna</s>
<s id="s181.1">EU/ 2/ 08/ 089/ 019</s>
<s id="s182.1">Onsior</s>
<s id="s183.1">40 mg</s>
<s id="s184.1">Tableta</s>
<s id="s185.1">Pes</s>
<s id="s186.1">Peroralna uporaba</s>
<s id="s187.1">Pretisni omot (Aluminijasto/ aluminijasti)</s>
<s id="s188.1">70 tablet</s>
<s id="s189.1">Navedba ni smiselna</s>
<s id="s190.1">EU/ 2/ 08/ 089/ 020</s>
<s id="s191.1">Onsior</s>
<s id="s192.1">20 mg/ ml</s>
<s id="s193.1">Raztopina za injiciranje</s>
<s id="s194.1">Mačke in psi</s>
<s id="s195.1">Subkutana uporaba</s>
<s id="s196.1">Viala (steklo)</s>
<s id="s197.1">20 ml</s>
<s id="s198.1">1 viala</s>
<s id="s199.1">Navedba ni smiselna</s>
</body>
</letsmt>
