<?xml version="1.0" encoding="utf-8"?>
<letsmt version="1.0">
<head></head>
<body>
<s id="s1.1">ANNEX I</s>
<s id="s2.1">SUMMARY OF PRODUCT CHARACTERISTICS</s>
<s id="s3.1">1/ 22 1.</s>
<s id="s3.2">NAME OF THE VETERINARY MEDICINAL PRODUCT</s>
<s id="s4.1">Rabigen SAG2 oral suspension, for red foxes and raccoon dogs.</s>
<s id="s5.1">2.</s>
<s id="s5.2">QUALITATIVE AND QUANTITATIVE COMPOSITION</s>
<s id="s6.1">Active substance:</s>
<s id="s7.1">Live attenuated rabies virus, SAG2 strain</s>
<s id="s8.1">minimum 8 log10 CCID50*/ dose</s>
<s id="s9.1">* CCID50:</s>
<s id="s9.2">Cell Culture Infective Dose 50%</s>
<s id="s10.1">Excipients:</s>
<s id="s11.1">For a full list of excipients, see section 6.1.</s>
<s id="s12.1">3.</s>
<s id="s12.2">PHARMACEUTICAL FORM</s>
<s id="s13.1">Oral suspension</s>
<s id="s14.1">4.</s>
<s id="s14.2">CLINICAL PARTICULARS</s>
<s id="s15.1">4.1 Target species</s>
<s id="s16.1">Red foxes (Vulpes vulpes) and raccoon dogs (Nyctereutes procyonoides).</s>
<s id="s17.1">4.2 Indications for use, specifying the target species</s>
<s id="s18.1">For the active immunisation of red foxes and raccoon dogs to prevent infection by rabies virus.</s>
<s id="s18.2">The duration of protection is of at least 6 months.</s>
<s id="s19.1">4.3 Contraindications</s>
<s id="s20.1">None.</s>
<s id="s21.1">4.4 Special warnings for each target species</s>
<s id="s22.1">Not applicable.</s>
<s id="s23.1">4.5 Special precautions for use</s>
<s id="s24.1">Special precautions for use in animals</s>
<s id="s25.1">Baits shall not be distributed in inhabited areas, roads and watery areas.</s>
<s id="s26.1">Special precautions to be taken by the person administering the veterinary medicinal product to animals</s>
<s id="s27.1">It is recommended to wear rubber gloves.</s>
<s id="s27.2">People handling and distributing this vaccine should be vaccinated against rabies.</s>
<s id="s27.3">Immunocompromised/ immunosuppressed individuals must not be allowed to handle this vaccine.</s>
<s id="s27.4">In the event of human exposure to the active ingredient of the vaccine, seek medical advice immediately and show the package leaflet or the label to the physician.</s>
<s id="s28.1">2/ 22 4.6 Adverse reactions (frequency and seriousness)</s>
<s id="s29.1">No undesirable effects have been shown for Rabigen SAG2.</s>
<s id="s29.2">As this vaccine presentation contains traces of gentamicin and contains tetracycline as biomarker, occasional hypersensitivity reactions may be observed in domestic animals that have accidentally ingested the bait.</s>
<s id="s30.1">4.7 Use during pregnancy, lactation or lay</s>
<s id="s31.1">The safety of the vaccine in pregnant and lactating animals has not been investigated.</s>
<s id="s31.2">However rabies virus and attenuated rabies vaccine viruses do not usually accumulate in reproductive organs and are not known to directly affect reproductive functions.</s>
<s id="s32.1">4.8 Interaction with other medicinal products and other forms of interaction</s>
<s id="s33.1">None known.</s>
<s id="s34.1">4.9 Amounts to be administered and administration route</s>
<s id="s35.1">The baits are distributed by land or by air within the framework of vaccination campaigns against rabies.</s>
<s id="s35.2">They are intended to be eaten by foxes / raccoon dogs.</s>
<s id="s35.3">The intake of a single bait is sufficient to ensure active immunisation to prevent infection by rabies virus.</s>
<s id="s36.1">The distribution rate depends on the topography and on the population of the target species.</s>
<s id="s37.1">The minimum distribution rate is:</s>
<s id="s38.1">- 13 baits per square km over the areas where fox / raccoon dog density indexes were equal or less</s>
<s id="s39.1">than 3 foxes / raccoon dogs seen per 10 km.</s>
<s id="s40.1">- 20 baits per square km over the areas where fox / raccoon dog density indexes were more than 3</s>
<s id="s41.1">foxes / raccoon dogs seen per 10 km.</s>
<s id="s42.1">4.10 Overdose (symptoms, emergency procedures, antidotes), if necessary</s>
<s id="s43.1">The administration of the vaccine at 10 times the recommended dosage induced no undesirable effects.</s>
<s id="s44.1">4.11 Withdrawal period</s>
<s id="s45.1">Not applicable.</s>
<s id="s46.1">5.</s>
<s id="s46.2">IMMUNOLOGICAL PROPERTIES</s>
<s id="s47.1">Pharmacotherapeutic group:</s>
<s id="s47.2">Live viral vaccines ATCvet code:</s>
<s id="s47.3">QI07BD.</s>
<s id="s48.1">Rabigen SAG2 is a live modified rabies vaccine for oral administration to red foxes (Vulpes vulpes) and raccoon dogs (Nyctereutes procyonoides).</s>
<s id="s49.1">The active ingredient is a double low virulence mutant isolated from the SAD Bern strain of rabies virus by two successive selection steps in order to avoid natural reversion to the parental strain.</s>
<s id="s50.1">It is used for the active immunisation of foxes and raccoon dogs characterised by the induction of rabies specific antibodies.</s>
<s id="s51.1">3/ 22 6.</s>
<s id="s51.2">PHARMACEUTICAL PARTICULARS</s>
<s id="s52.1">6.1 List of excipients</s>
<s id="s53.1">Vaccine:</s>
<s id="s53.2">Disodium phosphate - Potassium dihydrogen phosphate - Glutamic acid – Saccharose – Gelatin – Tryptone - Lactalbumin hydrolysate - Sodium chloride - Water for injection</s>
<s id="s54.1">Appetent matrix (bait):</s>
<s id="s54.2">Rhodor 7046R antifoam - Tetracycline (Hcl) HD - EVA (Ethyl Vinyl Acetate) - White soft paraffin - Paraffin 50/ 52° C - Seah Saur - Natural fish aroma</s>
<s id="s55.1">6.2 Incompatibilities</s>
<s id="s56.1">Not applicable.</s>
<s id="s57.1">6.3 Shelf life</s>
<s id="s58.1">2 years at -20°C and 2 days at +25°C.</s>
<s id="s59.1">6.4 Special precautions for storage</s>
<s id="s60.1">Store in a freezer at -40°C to -20°C.</s>
<s id="s60.2">Protect from light.</s>
<s id="s60.3">Keep the boxes tightly closed.</s>
<s id="s61.1">6.5 Nature and composition of immediate packaging</s>
<s id="s62.1">Liquid vaccine contained within an aluminium/ PVC sachet coated with an appetising matrix.</s>
<s id="s62.2">The baits are successively packed in boxes of:</s>
<s id="s63.1">- 200 units (4x50)</s>
<s id="s64.1">- 400 units (2x200)</s>
<s id="s65.1">6.6 Special precautions for the disposal of unused veterinary medicinal product or waste materials derived from the use of such products</s>
<s id="s66.1">Dispose of waste material and any unplaced baits at the end of the day of distribution by boiling or incineration or immersion in an appropriate disinfectant approved for use by the competent authorities.</s>
<s id="s67.1">7.</s>
<s id="s67.2">MARKETING AUTHORISATION HOLDER</s>
<s id="s68.1">VIRBAC S. A.</s>
<s id="s68.2">1ère Avenue 2065m L. I. D.</s>
<s id="s68.3">06516 Carros - France tel: + 33 4 92 08 73 04 fax: + 33 4 92 08 73 48 e-mail: dar@virbac. fr</s>
<s id="s69.1">8.</s>
<s id="s69.2">MARKETING AUTHORISATION NUMBERS</s>
<s id="s70.1">EU/ 2/ 00/ 021/ 001 EU/ 2/ 00/ 021/ 002</s>
<s id="s71.1">4/ 22 9.</s>
<s id="s71.2">DATE OF FIRST AUTHORISATION/ RENEWAL OF THE AUTHORISATION</s>
<s id="s72.1">06/ 04/ 2000 / 11/ 04/ 2005</s>
<s id="s73.1">10 DATE OF REVISION OF THE TEXT</s>
<s id="s74.1">16/ 04/ 2008</s>
<s id="s75.1">Detailed information on this veterinary medicinal product is available on the website of the European Medicines Agency (EMEA) http: / /www. emea. europa. eu</s>
<s id="s76.1">PROHIBITION OF SALE, SUPPLY AND/ OR USE</s>
<s id="s77.1">The import, sale, supply and/ or use of this veterinary medicinal product is or may be prohibited in certain Member States on the whole or part of their territory pursuant to national animal health policy.</s>
<s id="s77.2">Any person intending to import, sell, supply and/ or use the veterinary medicinal product must consult the relevant Member State’ s Competent Authority on the current vaccination policies prior to the import, sale, supply and/ or use.</s>
<s id="s78.1">Restricted to duly designated competent administrative authorities.</s>
<s id="s79.1">5/ 22 ANNEX II</s>
<s id="s80.1">A.</s>
<s id="s80.2">MANUFACTURER OF THE BIOLOGICAL ACTIVE SUBSTANCE AND MANUFACTURING AUTHORISATION HOLDER RESPONSIBLE FOR BATCH RELEASE</s>
<s id="s81.1">B.</s>
<s id="s81.2">CONDITIONS OR RESTRICTIONS OF THE MARKETING AUTHORISATION REGARDING SUPPLY OR USE</s>
<s id="s82.1">C.</s>
<s id="s82.2">CONDITIONS OR RESTRICTIONS OF THE MARKETING AUTHORISATION WITH REGARD TO SAFE AND EFFECTIVE USE</s>
<s id="s83.1">D.</s>
<s id="s83.2">STATEMENT OF THE MRLs</s>
<s id="s84.1">6/ 22 A.</s>
<s id="s84.2">MANUFACTURER OF THE BIOLOGICAL ACTIVE SUBSTANCE AND MANUFACTURING AUTHORISATION HOLDER RESPONSIBLE FOR BATCH RELEASE</s>
<s id="s85.1">Name and address of the manufacturer of the biological active substance</s>
<s id="s86.1">VIRBAC SA L. I. D.</s>
<s id="s86.2">1ère Avenue - 2065 m 06516 Carros, France</s>
<s id="s87.1">Manufacturing Authorisation issued on December 22nd 1997 by the Ministère de la solidarité, de la santé et de la protection sociale – Direction de la Pharmacie et du médicament – République Française.</s>
<s id="s88.1">Name and address of the manufacturer responsible for batch release</s>
<s id="s89.1">VIRBAC SA L. I. D.</s>
<s id="s89.2">1ère Avenue - 2065 m 06516 Carros, France</s>
<s id="s90.1">B.</s>
<s id="s90.2">CONDITIONS OR RESTRICTIONS OF THE MARKETING AUTHORISATION REGARDING SUPPLY OR USE</s>
<s id="s91.1">Veterinary medicinal product subject to prescription.</s>
<s id="s92.1">The import, sale, supply and/ or use of this veterinary medicinal product is or may be prohibited in certain Member States on the whole or part of their territory pursuant to national animal health policy.</s>
<s id="s92.2">Any person intending to import, sell, supply and/ or use the veterinary medicinal product must consult the relevant Member State’ s Competent Authority on the current vaccination policies prior to the import, sale, supply and/ or use.</s>
<s id="s93.1">Restricted to duly designated competent administrative authorities.</s>
<s id="s94.1">C.</s>
<s id="s94.2">CONDITIONS OR RESTRICTIONS OF THE MARKETING AUTHORISATION WITH REGARD TO THE SAFE AND EFFECTIVE USE OF THE PRODUCT</s>
<s id="s95.1">Not applicable.</s>
<s id="s96.1">D.</s>
<s id="s96.2">STATEMENT OF THE MRLs</s>
<s id="s97.1">Not applicable.</s>
<s id="s98.1">7/ 22 ANNEX III</s>
<s id="s99.1">LABELLING AND PACKAGE LEAFLET</s>
<s id="s100.1">8/ 22 A.</s>
<s id="s100.2">LABELLING</s>
<s id="s101.1">9/ 22 PARTICULARS TO APPEAR ON THE OUTER PACKAGE</s>
<s id="s102.1">200 unit box</s>
<s id="s103.1">1.</s>
<s id="s103.2">NAME OF THE VETERINARY MEDICINAL PRODUCT</s>
<s id="s104.1">Rabigen SAG2 oral suspension, for red foxes and raccoon dogs.</s>
<s id="s105.1">2.</s>
<s id="s105.2">STATEMENT OF ACTIVE AND OTHER SUBSTANCES</s>
<s id="s106.1">Active substance:</s>
<s id="s106.2">Live attenuated rabies virus, SAG2 strain</s>
<s id="s107.1">8 log10 - CCID50*/ dose</s>
<s id="s108.1">* CCID50:</s>
<s id="s108.2">Cell Culture Infective Dose 50%</s>
<s id="s109.1">Excipients:</s>
<s id="s109.2">Palatable matrix (bait) containing a tetracycline biomarker</s>
<s id="s110.1">3.</s>
<s id="s110.2">PHARMACEUTICAL FORM</s>
<s id="s111.1">Oral suspension.</s>
<s id="s112.1">4.</s>
<s id="s112.2">PACKAGE SIZE</s>
<s id="s113.1">200 (4 x 50) vaccinal baits.</s>
<s id="s114.1">5.</s>
<s id="s114.2">TARGET SPECIES</s>
<s id="s115.1">Red foxes (Vulpes vulpes) and raccoon dogs (Nyctereutes procyonoides).</s>
<s id="s116.1">6.</s>
<s id="s116.2">INDICATION</s>
<s id="s117.1">For the active immunisation of red foxes and raccoon dogs to prevent infection by rabies virus.</s>
<s id="s117.2">The duration of protection is of at least 6 months.</s>
<s id="s118.1">7.</s>
<s id="s118.2">METHOD AND ROUTE OF ADMINISTRATION</s>
<s id="s119.1">The baits are distributed by land or by air within the framework of vaccination campaigns against rabies.</s>
<s id="s119.2">They are intended to be eaten by foxes and raccoon dogs.</s>
<s id="s119.3">The intake of a single bait is sufficient to ensure active immunisation to prevent infection by rabies virus.</s>
<s id="s120.1">The distribution rate depends on the topography and on the population of the target species.</s>
<s id="s120.2">This minimum distribution rate is:</s>
<s id="s121.1">- 13 baits per square km over the areas where fox / raccoon dog density indexes were equal or</s>
<s id="s122.1">less than 3 foxes / raccoon dogs seen per 10 km.</s>
<s id="s123.1">- 20 baits per square km over the areas where fox / raccoon dog density indexes were more than 3</s>
<s id="s124.1">foxes / raccoon dogs seen per 10 km.</s>
<s id="s125.1">10/ 22 Read the package leaflet before use.</s>
<s id="s126.1">8.</s>
<s id="s126.2">SPECIAL WARNINGS, IF NECESSARY</s>
<s id="s127.1">It is recommended to wear rubber gloves.</s>
<s id="s128.1">People handling and distributing this vaccine should be vaccinated against rabies.</s>
<s id="s129.1">Immunocompromised/ immunosuppressed individuals must not be allowed to handle this vaccine.</s>
<s id="s129.2">In the event of human exposure to the active ingredient of the vaccine, seek medical advice immediately and show the package leaflet i or the label to the physician.</s>
<s id="s130.1">As this vaccine presentation contains traces of gentamicin and contains tetracycline as biomarker, occasional hypersensitivity reactions may be observed in domestic animals that have accidentally ingested the bait.</s>
<s id="s131.1">9.</s>
<s id="s131.2">EXPIRY DATE</s>
<s id="s132.1">EXP:</s>
<s id="s132.2">{month/ year}</s>
<s id="s133.1">10.</s>
<s id="s133.2">SPECIAL STORAGE CONDITIONS</s>
<s id="s134.1">Store in a freezer at -40°C to -20°C.</s>
<s id="s134.2">Protect from light.</s>
<s id="s134.3">Keep the boxes tightly closed.</s>
<s id="s135.1">11.</s>
<s id="s135.2">SPECIAL PRECAUTIONS FOR THE DISPOSAL OF UNUSED PRODUCTS OR WASTE MATERIALS, IF ANY</s>
<s id="s136.1">Dispose of waste material and any unplaced baits at the end of the day of distribution by boiling or incineration or immersion in an appropriate disinfectant approved for use by the competent authorities.</s>
<s id="s137.1">12.</s>
<s id="s137.2">THE WORDS “ FOR ANIMAL TREATMENT ONLY” AND CONDITIONS OR RESTRICTIONS REGARDING SUPPLY AND USE, if applicable</s>
<s id="s138.1">For animal treatment only - to be supplied only on veterinary prescription.</s>
<s id="s138.2">Restricted to duly designated competent administrative authorities.</s>
<s id="s138.3">The import, sale, supply and/ or use of this veterinary medicinal product is or may be prohibited in certain Member States on the whole or part of their territory, see package insert for further information.</s>
<s id="s139.1">13.</s>
<s id="s139.2">THE WORDS “ KEEP OUT OF THE REACH AND SIGHT OF CHILDREN”</s>
<s id="s140.1">Keep out of the reach and sight of children.</s>
<s id="s141.1">11/ 22 14.</s>
<s id="s141.2">NAME AND ADDRESS OF THE MARKETING AUTHORISATION HOLDER</s>
<s id="s142.1">VIRBAC S. A.</s>
<s id="s142.2">1ère Avenue 2065m L. I. D.</s>
<s id="s142.3">06516 Carros - France</s>
<s id="s143.1">15.</s>
<s id="s143.2">MARKETING AUTHORISATION NUMBER</s>
<s id="s144.1">EU/ 2/ 00/ 021/ 001</s>
<s id="s145.1">16.</s>
<s id="s145.2">MANUFACTURER’ S BATCH NUMBER</s>
<s id="s146.1">BN:</s>
<s id="s146.2">{number}</s>
<s id="s147.1">12/ 22 PARTICULARS TO APPEAR ON THE OUTER PACKAGE</s>
<s id="s148.1">400 unit box</s>
<s id="s149.1">1.</s>
<s id="s149.2">NAME OF THE VETERINARY MEDICINAL PRODUCT</s>
<s id="s150.1">Rabigen SAG2 oral suspension, for red foxes and raccoon dogs.</s>
<s id="s151.1">2.</s>
<s id="s151.2">STATEMENT OF ACTIVE AND OTHER SUBSTANCES</s>
<s id="s152.1">Active substance:</s>
<s id="s152.2">Live attenuated rabies virus, SAG2 strain</s>
<s id="s153.1">8 log10 - CCID50*/ dose</s>
<s id="s154.1">* CCID50:</s>
<s id="s154.2">Cell Culture Infective Dose 50%</s>
<s id="s155.1">Excipients:</s>
<s id="s155.2">Palatable matrix (bait) containing a tetracycline biomarker</s>
<s id="s156.1">3.</s>
<s id="s156.2">PHARMACEUTICAL FORM</s>
<s id="s157.1">Oral suspension.</s>
<s id="s158.1">4.</s>
<s id="s158.2">PACKAGE SIZE</s>
<s id="s159.1">400 (2 x 200) vaccinal baits</s>
<s id="s160.1">5.</s>
<s id="s160.2">TARGET SPECIES</s>
<s id="s161.1">Red foxes (Vulpes vulpes) and raccoon dogs (Nyctereutes procyonoides).</s>
<s id="s162.1">6.</s>
<s id="s162.2">INDICATION</s>
<s id="s163.1">For the active immunisation of red foxes and raccoon dogs to prevent infection by rabies virus.</s>
<s id="s163.2">The duration of protection is of at least 6 months.</s>
<s id="s164.1">7.</s>
<s id="s164.2">METHOD AND ROUTE OF ADMINISTRATION</s>
<s id="s165.1">The baits are distributed by land or by air within the framework of vaccination campaigns against rabies.</s>
<s id="s165.2">They are intended to be eaten by foxes / raccoon dogs.</s>
<s id="s165.3">The intake of a single bait is sufficient to ensure active immunisation to prevent infection by rabies virus.</s>
<s id="s166.1">The distribution rate depends on the topography and on the population of the target species.</s>
<s id="s166.2">This minimum distribution rate is:</s>
<s id="s167.1">- 13 baits per square km over the areas where fox / raccoon dog density indexes were equal or</s>
<s id="s168.1">less than 3 foxes / raccoon dogs seen per 10 km.</s>
<s id="s169.1">- 20 baits per square km over the areas where fox / raccoon dog density indexes were more than 3</s>
<s id="s170.1">foxes / raccoon dogs seen per 10 km.</s>
<s id="s171.1">13/ 22 Read the package leaflet before use.</s>
<s id="s172.1">8.</s>
<s id="s172.2">SPECIAL WARNINGS, IF NECESSARY</s>
<s id="s173.1">It is recommended to wear rubber gloves.</s>
<s id="s174.1">People handling and distributing this vaccine should be vaccinated against rabies.</s>
<s id="s175.1">Immunocompromised/ immunosuppressed individuals must not be allowed to handle this vaccine.</s>
<s id="s175.2">In the event of human exposure to the active ingredient of the vaccine, seek medical advice immediately and show the package leaflet or the label to the physician.</s>
<s id="s176.1">As this vaccine presentation contains traces of gentamicin and contains tetracycline as biomarker, occasional hypersensitivity reactions may be observed in domestic animals that have accidentally ingested the bait.</s>
<s id="s177.1">9.</s>
<s id="s177.2">EXPIRY DATE</s>
<s id="s178.1">EXP:</s>
<s id="s178.2">{month/ year}</s>
<s id="s179.1">10.</s>
<s id="s179.2">SPECIAL STORAGE CONDITIONS</s>
<s id="s180.1">Store in a freezer at -40°C to -20°C.</s>
<s id="s180.2">Protect from light.</s>
<s id="s180.3">Keep the boxes tightly closed.</s>
<s id="s181.1">11.</s>
<s id="s181.2">SPECIAL PRECAUTIONS FOR THE DISPOSAL OF UNUSED PRODUCTS OR WASTE MATERIALS, IF ANY</s>
<s id="s182.1">Dispose of waste material and any unplaced baits at the end of the day of distribution by boiling or incineration or immersion in an appropriate disinfectant approved for use by the competent authorities.</s>
<s id="s183.1">12.</s>
<s id="s183.2">THE WORDS “ FOR ANIMAL TREATMENT ONLY” AND CONDITIONS OR RESTRICTIONS REGARDING SUPPLY AND USE, if applicable</s>
<s id="s184.1">For animal treatment only - to be supplied only on veterinary prescription.</s>
<s id="s184.2">Restricted to duly designated competent administrative authorities.</s>
<s id="s184.3">The import, sale, supply and/ or use of this veterinary medicinal product is or may be prohibited in certain Member States on the whole or part of their territory, see package insert for further information.</s>
<s id="s185.1">13.</s>
<s id="s185.2">THE WORDS “ KEEP OUT OF THE REACH AND SIGHT OF CHILDREN”</s>
<s id="s186.1">Keep out of the reach and sight of children.</s>
<s id="s187.1">14/ 22 14.</s>
<s id="s187.2">NAME AND ADDRESS OF THE MARKETING AUTHORISATION HOLDER</s>
<s id="s188.1">VIRBAC S. A.</s>
<s id="s188.2">1ère Avenue 2065m L. I. D.</s>
<s id="s188.3">06516 Carros - France</s>
<s id="s189.1">15.</s>
<s id="s189.2">MARKETING AUTHORISATION NUMBER</s>
<s id="s190.1">EU/ 2/ 00/ 021/ 002</s>
<s id="s191.1">16.</s>
<s id="s191.2">MANUFACTURER’ S BATCH NUMBER</s>
<s id="s192.1">BN:</s>
<s id="s192.2">{number}</s>
<s id="s193.1">15/ 22 MINIMUM PARTICULARS TO APPEAR ON SACHETS</s>
<s id="s194.1">1.</s>
<s id="s194.2">NAME OF THE VETERINARY MEDICINAL PRODUCT</s>
<s id="s195.1">Rabigen SAG2 oral suspension, for red foxes and raccoon dogs.</s>
<s id="s196.1">2.</s>
<s id="s196.2">BATCH NUMBER</s>
<s id="s197.1">BN:</s>
<s id="s197.2">{number}</s>
<s id="s198.1">3.</s>
<s id="s198.2">EXPIRY DATE</s>
<s id="s199.1">EXP:</s>
<s id="s199.2">{month/ year}</s>
<s id="s200.1">4.</s>
<s id="s200.2">THE WORDS “ FOR ANIMAL TREATMENT ONLY”</s>
<s id="s201.1">For animal treatment only.</s>
<s id="s202.1">RABIES VACCINE DO NOT TOUCH</s>
<s id="s203.1">Informative phone number: + 33 4 92 08 73 04</s>
<s id="s204.1">16/ 22 PARTICULARS TO APPEAR ON BAITS</s>
<s id="s205.1">1.</s>
<s id="s205.2">NAME OF THE VETERINARY MEDICINAL PRODUCT</s>
<s id="s206.1">Rabigen SAG2 oral suspension, for red foxes and raccoon dogs.</s>
<s id="s207.1">2.</s>
<s id="s207.2">NAME OF THE MARKETING AUTHORISATION HOLDER</s>
<s id="s208.1">VIRBAC S. A.</s>
<s id="s208.2">1ère Avenue 2065 M L. I. D 06516 Carros France</s>
<s id="s209.1">3.</s>
<s id="s209.2">EXPIRY DATE</s>
<s id="s210.1">EXP:</s>
<s id="s210.2">{month/ year}</s>
<s id="s211.1">4.</s>
<s id="s211.2">BATCH NUMBER</s>
<s id="s212.1">BN:</s>
<s id="s212.2">{number}</s>
<s id="s213.1">5.</s>
<s id="s213.2">THE WORDS “ FOR ANIMAL TREATMENT ONLY”</s>
<s id="s214.1">For animal treatment only.</s>
<s id="s215.1">RABIES VACCINE DO NOT TOUCH</s>
<s id="s216.1">Informative phone number: + 33 4 92 08 73 04</s>
<s id="s217.1">17/ 22 B.</s>
<s id="s217.2">PACKAGE LEAFLET</s>
<s id="s218.1">18/ 22 PACKAGE LEAFLET Rabigen SAG2 oral suspension, for red foxes and raccoon dogs.</s>
<s id="s219.1">1.</s>
<s id="s219.2">NAME AND ADDRESS OF THE MARKETING AUTHORISATION HOLDER AND OF THE MANUFACTURING AUTHORISATION HOLDER RESPONSIBLE FOR BATCH RELEASE</s>
<s id="s220.1">VIRBAC S. A.</s>
<s id="s220.2">1ère Avenue 2065m L. I. D.</s>
<s id="s220.3">06516 Carros France</s>
<s id="s221.1">2.</s>
<s id="s221.2">NAME OF THE VETERINARY MEDICINAL PRODUCT</s>
<s id="s222.1">Rabigen SAG2 oral suspension, for red foxes and raccoon dogs.</s>
<s id="s223.1">3.</s>
<s id="s223.2">STATEMENT OF THE ACTIVE SUBSTANCE AND OTHER INGREDIENTS</s>
<s id="s224.1">Active substance:</s>
<s id="s224.2">Live attenuated rabies virus, SAG2 strain</s>
<s id="s225.1">8 log10 CCID50*/ dose</s>
<s id="s226.1">* CCID50:</s>
<s id="s226.2">Cell Culture Infective Dose 50%</s>
<s id="s227.1">Excipients:</s>
<s id="s227.2">Palatable matrix (bait) containing a tetracycline biomarker</s>
<s id="s228.1">4.</s>
<s id="s228.2">INDICATION</s>
<s id="s229.1">For the active immunisation of red foxes and raccoon dogs to prevent infection by rabies virus.</s>
<s id="s229.2">The duration of protection is of at least 6 months.</s>
<s id="s230.1">5.</s>
<s id="s230.2">CONTRAINDICATIONS</s>
<s id="s231.1">None.</s>
<s id="s232.1">6.</s>
<s id="s232.2">ADVERSE REACTIONS</s>
<s id="s233.1">No undesirable effects have been shown for Rabigen SAG2.</s>
<s id="s233.2">As this vaccine presentation contains traces of gentamicin and contains tetracycline as biomarker, occasional hypersensitivity reactions may be observed in domestic animals that have accidentally ingested the bait.</s>
<s id="s234.1">7.</s>
<s id="s234.2">TARGET SPECIES</s>
<s id="s235.1">Red foxes (Vulpes vulpes) and raccoon dogs (Nyctereutes procyonoides).</s>
<s id="s236.1">19/ 22 8.</s>
<s id="s236.2">DOSAGE FOR EACH SPECIES, ROUTE AND METHOD OF ADMINISTRATION</s>
<s id="s237.1">The intake of a single bait is sufficient to ensure active immunisation to prevent infection by rabies virus.</s>
<s id="s238.1">The baits are distributed by land or by air within the framework of vaccination campaigns against rabies.</s>
<s id="s238.2">They are intended to be eaten by foxes / raccoon dogs.</s>
<s id="s239.1">The distribution rate depends on the topography and on the population of the target species.</s>
<s id="s240.1">This minimum distribution rate is:</s>
<s id="s241.1">- 13 baits per square km over the areas where fox / raccoon dog density indexes were equal or</s>
<s id="s242.1">less than 3 foxes / raccoon dogs seen per 10 km.</s>
<s id="s243.1">- 20 baits per square km over the areas where fox / raccoon dog density indexes were more than 3</s>
<s id="s244.1">foxes / raccoon dogs seen per 10 km.</s>
<s id="s245.1">9.</s>
<s id="s245.2">ADVICE ON CORRECT ADMINISTRATION</s>
<s id="s246.1">Baits shall not be distributed in inhabited areas, roads and watery areas.</s>
<s id="s247.1">10.</s>
<s id="s247.2">WITHDRAWAL PERIOD</s>
<s id="s248.1">Not applicable.</s>
<s id="s249.1">11.</s>
<s id="s249.2">SPECIAL STORAGE PRECAUTIONS</s>
<s id="s250.1">Keep out of the reach and sight of children Store in a freezer at -40°C to -20°C.</s>
<s id="s250.2">Protect from light.</s>
<s id="s250.3">Keep the boxes tightly closed.</s>
<s id="s251.1">12.</s>
<s id="s251.2">SPECIAL WARNINGS</s>
<s id="s252.1">For animal treatment only.</s>
<s id="s253.1">It is recommended to wear rubber gloves.</s>
<s id="s254.1">People handling and distributing this vaccine should be vaccinated against rabies.</s>
<s id="s255.1">The safety of the vaccine in pregnant and lactating animals has not been investigated.</s>
<s id="s255.2">However rabies virus and attenuated rabies vaccine viruses do not usually accumulate in reproductive organs and are not known to directly affect reproductive functions.</s>
<s id="s256.1">Immunocompromised/ immunosuppressed individuals must not be allowed to handle this vaccine.</s>
<s id="s256.2">In the event of human exposure to the active ingredient of the vaccine, seek medical advice immediately and show the package leaflet or the label to the physician.</s>
<s id="s257.1">The import, sale, supply and/ or use of this veterinary medicinal product is or may be prohibited in certain Member States on the whole or part of their territory pursuant to national animal health policy.</s>
<s id="s257.2">Any person intending to import, sell, supply and/ or use the veterinary medicinal product must consult the relevant Member State’ s Competent Authority on the current vaccination policies prior to the import, sale, supply and/ or use.</s>
<s id="s258.1">Restricted to duly designated competent administrative authorities.</s>
<s id="s259.1">20/ 22 13.</s>
<s id="s259.2">SPECIAL PRECAUTIONS FOR THE DISPOSAL OF UNUSED PRODUCT OR WASTE MATERIALS, IF ANY</s>
<s id="s260.1">Dispose of waste material and any unplaced baits at the end of the day of distribution by boiling or incineration or immersion in an appropriate disinfectant approved for use by the competent authorities.</s>
<s id="s261.1">14.</s>
<s id="s261.2">DATE ON WHICH THE PACKAGE LEAFLET WAS LAST APPROVED</s>
<s id="s262.1">16/ 04/ 2008</s>
<s id="s263.1">Detailed information on this product is available on the website of the European Medicines Agency (EMEA) http: / /www. emea. europa. eu</s>
<s id="s264.1">15.</s>
<s id="s264.2">OTHER INFORMATION</s>
<s id="s265.1">Not all pack sizes may be marketed.</s>
<s id="s266.1">For any information about this veterinary medicinal product, please contact the local representative of the marketing authorisation holder.</s>
<s id="s267.1">België/ Belgique/ Belgien VIRBAC BELGIUM S. A.</s>
<s id="s267.2">Rue de la station 17 B-1300 WAVRE Tel:</s>
<s id="s267.3">32 (0) 10 47 06 35 Република България VIRBAC S. A.</s>
<s id="s267.4">1ère avenue 2065 m – L. I. D F-06516 Carros Tel:</s>
<s id="s267.5">33 (0) 4 92 08 73 00 Č eská republika VIRBAC S. A.</s>
<s id="s267.6">1ère avenue 2065 m – L. I. D F-06516 Carros Tel:</s>
<s id="s267.7">33 (0) 4 92 08 73 00 Danmark VIRBAC S. A.</s>
<s id="s267.8">1ère avenue 2065 m – L. I. D F-06516 Carros Tel:</s>
<s id="s267.9">33 (0) 4 92 08 73 00 Deutschland VIRBAC Tierarzneimittel GmbH West Rögen 20 D-23843 Bad Oldesloe Tel:</s>
<s id="s267.10">49 (4531) 805 555 Eesti OÜ ZOOVETVARU Pärnasalu 31 ET -76505 Saue/ Harjumaa, ESTONIA Tel: + 372 6 709 006 E-mail: margus@zoovet. ee</s>
<s id="s268.1">Luxembourg/ Luxemburg VIRBAC BELGIUM S. A.</s>
<s id="s268.2">Rue de la station 17 B-1300 WAVRE Tel:</s>
<s id="s268.3">32 (0) 10 47 06 35 Magyarország VIRBAC S. A.</s>
<s id="s268.4">1ère avenue 2065 m – L. I. D F-06516 Carros Tel:</s>
<s id="s268.5">33 (0) 4 92 08 73 00 Malta VIRBAC S. A.</s>
<s id="s268.6">1ère avenue 2065 m – L. I. D F-06516 Carros Tel:</s>
<s id="s268.7">33 (0) 4 92 08 73 00 Nederland VIRBAC NEDERLAND BV Hermesweg 15 NL-3771 ND-Barneveld Tel:</s>
<s id="s268.8">31 (0) 342 427 100 Norge VIRBAC S. A.</s>
<s id="s268.9">1ère avenue 2065 m – L. I. D F-06516 Carros Tel:</s>
<s id="s268.10">33 (0) 4 92 08 73 00 Österreich VIRBAC Österreich GmbH Hildebrandgasse 27 A-1180 Wien Tel:</s>
<s id="s268.11">43 (0) 1 21 834 260</s>
<s id="s269.1">21/ 22 Ελλάδα VIRBAC HELLAS A. E.</s>
<s id="s269.2">23 rd Klm National Road Athens-Lamia 145 65 Agios Stefanos Athens - GREECE Tel: +30 210 6219520 E-mail: info@virbac. gr</s>
<s id="s270.1">Polska VIRBAC S. A.</s>
<s id="s270.2">1ère avenue 2065 m – L. I. D F-06516 Carros Tel:</s>
<s id="s270.3">33 (0) 4 92 08 73 00</s>
<s id="s271.1">España VIRBAC ESPAÑA S. A.</s>
<s id="s271.2">ES-8950 Esplugues de Llobregat (Barcelona).</s>
<s id="s271.3">Tél.: + 34 93 470 79 40</s>
<s id="s272.1">Portugal VIRBAC DE Portugal LABORATÓRIOS LDA P-2080 Almeirim Tel:</s>
<s id="s272.2">(351) 243 570 500</s>
<s id="s273.1">France VIRBAC S. A.</s>
<s id="s273.2">1ère avenue 2065 m – L. I. D F-06516 Carros Tel:</s>
<s id="s273.3">33 (0) 4 92 08 73 00 E-mail: dar@virbac. fr</s>
<s id="s274.1">România VIRBAC S. A.</s>
<s id="s274.2">1ère avenue 2065 m – L. I. D F-06516 Carros Tel:</s>
<s id="s274.3">33 (0) 4 92 08 73 00</s>
<s id="s275.1">Ireland C &amp; M Veterinary Distributors Limited IE-Limerick Tel:</s>
<s id="s275.2">353 61 314 933</s>
<s id="s276.1">Slovenija VIRBAC S. A.</s>
<s id="s276.2">1ère avenue 2065 m – L. I. D F-06516 Carros Tel:</s>
<s id="s276.3">33 (0) 4 92 08 73 00</s>
<s id="s277.1">Ísland VIRBAC S. A.</s>
<s id="s277.2">1ère avenue 2065 m – L. I. D F-06516 Carros Tel:</s>
<s id="s277.3">33 (0) 4 92 08 73 00 Italia VIRBAC SRL Via dei Gracchi 30 I-20146 Milano Tel:</s>
<s id="s277.4">39 02 48 53 541 Κύπρος PANCHRIS FEEDS VETERINARY LTD Industrial Area Aradippou, 6302 Larnaca, Cyprus Tel: +357 24813333 Fax: +357 24813377 E-Mail: markita@panchris. com</s>
<s id="s278.1">Slovenská republika VIRBAC S. A.</s>
<s id="s278.2">1ère avenue 2065 m – L. I. D F-06516 Carros Tel:</s>
<s id="s278.3">33 (0) 4 92 08 73 00 Suomi/ Finland VIRBAC S. A.</s>
<s id="s278.4">1ère avenue 2065 m – L. I. D F-06516 Carros Tel:</s>
<s id="s278.5">33 (0) 4 92 08 73 00 Sverige VIRBAC S. A.</s>
<s id="s278.6">1ère avenue 2065 m – L. I. D F-06516 Carros Tel:</s>
<s id="s278.7">33 (0) 4 92 08 73 00</s>
<s id="s279.1">Latvija OÜ ZOOVETVARU Pärnasalu 31 ET - 76505 Saue/ Harjumaa, ESTONIA Tel: + 372 6 709 006 E-mail: margus@zoovet. ee Lietuva OÜ ZOOVETVARU Pärnasalu 31 ET - 76505 Saue/ Harjumaa, ESTONIA Tel: + 372 6 709 006 E-mail: margus@zoovet. ee</s>
<s id="s280.1">United Kingdom VIRBAC Ltd UK-Suffolk IP30 9 UP Tel:</s>
<s id="s280.2">44 (0) 1359 243243</s>
<s id="s281.1">22/ 22</s>
</body>
</letsmt>
