<?xml version="1.0" encoding="utf-8"?>
<letsmt version="1.0">
<head></head>
<body>
<s id="s1.1">European Medicines Agency Veterinary Medicines</s>
<s id="s2.1">EMEA/ V/ C/ 043</s>
<s id="s3.1">EUROPEAN PUBLIC ASSESSMENT REPORT (EPAR)</s>
<s id="s4.1">RABIGEN SAG2</s>
<s id="s5.1">EPAR summary for the public</s>
<s id="s6.1">This document is a summary of the European Public Assessment Report.</s>
<s id="s6.2">Its purpose is to explain how the assessment done by the Committee for Medicinal Products for Veterinary Use (CVMP) on the basis of the documentation provided, led to the recommendations on the conditions of use.</s>
<s id="s6.3">This document cannot replace a face-to-face discussion with your veterinarian.</s>
<s id="s6.4">If you need more information about your animal’ s medical condition or treatment, contact your veterinarian.</s>
<s id="s6.5">If you want more information on the basis of the CVMP recommendations, read the Scientific Discussion (also part of the EPAR).</s>
<s id="s7.1">What is Rabigen SAG2?</s>
<s id="s8.1">Rabigen SAG2 is a vaccine againts rabies.</s>
<s id="s8.2">It is presented as baits.</s>
<s id="s9.1">What is Rabigen SAG2 used for?</s>
<s id="s10.1">Rabigen SAG2 is used for the active immunisation of red foxes (Vulpes vulpes) and raccoon dogs (Nyctereutes procyonoides) to prevent infection by rabies virus.</s>
<s id="s10.2">The baits are distributed by land or by air.</s>
<s id="s10.3">The number of baits distributed depends on the number of foxes or raccoon dogs and varies between 13 and 20 per square kilometre.</s>
<s id="s10.4">Rabigen SAG2 can only be used by authorised personnel within the framework of vaccination campaigns against rabies.</s>
<s id="s11.1">How does Rabigen SAG2 work?</s>
<s id="s12.1">Rabigen SAG2 is a vaccine.</s>
<s id="s12.2">Vaccines work by ‘ teaching’ the immune system (the body’ s natural defences) how to defend itself against a disease.</s>
<s id="s12.3">Rabigen contains live rabies viruses.</s>
<s id="s12.4">The viruses have been selected because of their ‘ low virulence’ (limited ability to cause the disease).</s>
<s id="s12.5">The viruses are contained in a sachet within a bait matrix.</s>
<s id="s12.6">As the foxes or raccoon dogs eat the bait, they get exposed to the viruses and make antibodies against them.</s>
<s id="s12.7">If the foxes or racoon dogs are then exposed to the rabies virus later in life, they do not become infected.</s>
<s id="s13.1">How has Rabigen SAG2 been studied?</s>
<s id="s14.1">Foxes The distribution of almost four million baits of the product during the field trials over four years have been followed by an intensive surveillance of the vaccination areas.</s>
<s id="s15.1">Raccoon dogs As raccoon dogs are considered a minor species, no field trials were carried out.</s>
<s id="s15.2">Efficacy was based on the efficacy results from laboratory studies and the extensive use of the vaccine in the field for foxes.</s>
<s id="s16.1">7 Westferry Circus, Canary Wharf, London E14 4HB, UK Tel.</s>
<s id="s16.2">(44-20) 74 18 84 00 Fax (44-20) 74 18 84 47 E-mail: mail@emea. europa. eu http: / /www. emea. europa. eu</s>
<s id="s17.1">© European Medicines Agency, 2008.</s>
<s id="s17.2">Reproduction is authorised provided the source is acknowledged.</s>
<s id="s17.3">What benefit has Rabigen SAG2 shown during the studies?</s>
<s id="s18.1">When distributed in the wild, the SAG2 rabies vaccine bait was readily taken by free ranging foxes and raccoon dogs.</s>
<s id="s18.2">Following bait uptake, adult and fox cubs and raccoon dogs showed significant antibody response.</s>
<s id="s18.3">As a result, rabies decreased significantly in the vaccinated areas until its complete elimination.</s>
<s id="s18.4">Moreover, the use of this vaccine has been efficiently preventing the vaccinated area from re-infection from still contaminated neighbouring areas.</s>
<s id="s18.5">No case of vaccine induced rabies was reported, confirming the safety of the vaccine in the field.</s>
<s id="s18.6">The vaccine confers 6-month protection against rabies.</s>
<s id="s19.1">What is the risk associated with Rabigen SAG2?</s>
<s id="s20.1">No undesirable effects have been shown for Rabigen SAG2.</s>
<s id="s21.1">What are the precautions for the person who gives the medicine or comes into contact with the animal?</s>
<s id="s22.1">It is recommended to wear rubber gloves when handling the bait.</s>
<s id="s22.2">People handling and distributing this vaccine should be vaccinated against rabies.</s>
<s id="s22.3">People whose immune system is weakened must not be allowed to handle this vaccine.</s>
<s id="s23.1">In the event of human exposure to the active substance of the vaccine, seek medical advice immediately and show the package leaflet or the label to the doctor.</s>
<s id="s24.1">Why has Rabigen SAG2 been approved?</s>
<s id="s25.1">The Committee for Medicinal Products for Veterinary Use (CVMP) concluded that the benefits of Rabigen SAG2 exceed the risks for its use in red foxes and raccoon dogs to prevent infection by rabies virus and recommended that Rabigen SAG2 be given a marketing authorisation.</s>
<s id="s25.2">The benefit-risk balance may be found in module 6 of this EPAR.</s>
<s id="s26.1">Other information about Rabigen SAG2:</s>
<s id="s27.1">The European Commission granted a marketing authorisation valid throughout the European Union, for Rabigen SAG2 to Virbac S. A. on 6 April 2000.</s>
<s id="s27.2">The marketing authorisation was subsequently renewed in 2005 and varied in April 2008 to include raccoon dogs as a new target species.</s>
<s id="s27.3">Information on the prescription status of this product may be found on the label/ outer package.</s>
<s id="s28.1">This summary was last updated in May 2008.</s>
<s id="s29.1">2/ 2</s>
</body>
</letsmt>
