<?xml version="1.0" encoding="utf-8"?>
<letsmt version="1.0">
<head></head>
<body>
<s id="s1.1">EU številka</s>
<s id="s2.1">Izmišljeno ime</s>
<s id="s3.1">Jakost</s>
<s id="s4.1">Farmacevtska oblika</s>
<s id="s5.1">Ciljna živalska vrsta</s>
<s id="s6.1">Pot uporabe Ovojnina zdravila</s>
<s id="s7.1">Vsebina</s>
<s id="s8.1">Velikost pakiranja</s>
<s id="s9.1">Karenca</s>
<s id="s10.1">EU/ 2/ 06/ 060/ 001</s>
<s id="s11.1">Poulvac FluFend H5N3 RG</s>
<s id="s12.1">&gt; 1: 40 HI enot / odmerek</s>
<s id="s13.1">emulzija za injiciranje</s>
<s id="s14.1">Piščanci in race.</s>
<s id="s15.1">Intramuskular - na / subkutana</s>
<s id="s16.1">plastenke iz polietilena visoke gostote, z nitrilnim gumijastim zamaškom in aluminijasto zaporko</s>
<s id="s17.1">500 ml 1 cepiva</s>
<s id="s18.1">Nič dni.</s>
<s id="s19.1">EU/ 2/ 06/ 060/ 002</s>
<s id="s20.1">Poulvac FluFend H5N3 RG</s>
<s id="s21.1">&gt; 1: 40 HI enot / odmerek</s>
<s id="s22.1">emulzija za injiciranje</s>
<s id="s23.1">Piščanci in race.</s>
<s id="s24.1">Intramuskular - na / subkutana</s>
<s id="s25.1">plastenke iz polietilena visoke gostote, z nitrilnim gumijastim zamaškom in aluminijasto zaporko</s>
<s id="s26.1">500 ml 10 cepiva Nič dni.</s>
</body>
</letsmt>
