<?xml version="1.0" encoding="utf-8"?>
<letsmt version="1.0">
<head></head>
<body>
<s id="s1.1">EU evidenčna št.</s>
<s id="s2.1">Zaščiteno ime</s>
<s id="s3.1">Sestava</s>
<s id="s4.1">Farmacevts Ciljna ka oblika živalska vrsta</s>
<s id="s5.1">Načina dajanja Pakiranje</s>
<s id="s6.1">Vsebina</s>
<s id="s7.1">Vsebina vsebnika</s>
<s id="s8.1">Karenca</s>
<s id="s9.1">EU/ 2/ 98/ 008/ 001 Neocolipor</s>
<s id="s10.1">adhezini F4 (F4ab, F4ac, F4ad), najmanj 2. 1 SA. U * adhezin F5, najmanj 1. 7 SA. U * adhezin F6, najmanj 1. 4 SA. U * adhezin F41, najmanj 1. 7 SA. U *</s>
<s id="s11.1">Suspenzija za injiciranje</s>
<s id="s12.1">Prašiči (svinje in mladice)</s>
<s id="s13.1">Intramuskularno</s>
<s id="s14.1">Steklenička tipa I z butilnim gumijastim zamaškom</s>
<s id="s15.1">Škatla s 5 odmerki, 10 ml steklenička</s>
<s id="s16.1">10 ml steklenička</s>
<s id="s17.1">Nič dni</s>
<s id="s18.1">EU/ 2/ 98/ 008/ 002 Neocolipor</s>
<s id="s19.1">adhezini F4 (F4ab, F4ac, F4ad), najmanj 2. 1 SA. U * adhezin F5, najmanj 1. 7 SA. U * adhezin F6, najmanj 1. 4 SA. U * adhezin F41, najmanj 1. 7 SA. U *</s>
<s id="s20.1">Suspenzija za injiciranje</s>
<s id="s21.1">Prašiči (svinje in mladice)</s>
<s id="s22.1">Intramuskularno</s>
<s id="s23.1">Steklenička tipa I z butilnim gumijastim zamaškom</s>
<s id="s24.1">Škatla z 10 odmerki, 20 ml steklenička</s>
<s id="s25.1">20 ml steklenička</s>
<s id="s26.1">Nič dni</s>
<s id="s27.1">EU/ 2/ 98/ 008/ 003 Neocolipor</s>
<s id="s28.1">adhezini F4 (F4ab, F4ac, F4ad), najmanj 2. 1 SA. U * adhezin F5, najmanj 1. 7 SA. U * adhezin F6, najmanj 1. 4 SA. U * adhezin F41, najmanj 1. 7 SA. U *</s>
<s id="s29.1">Suspenzija za injiciranje</s>
<s id="s30.1">Prašiči (svinje in mladice)</s>
<s id="s31.1">Intramuskularno</s>
<s id="s32.1">Steklenička tipa I z butilnim gumijastim zamaškom</s>
<s id="s33.1">Škatla s 25 odmerki, 50 ml steklenička</s>
<s id="s34.1">50 ml steklenička</s>
<s id="s35.1">Nič dni</s>
<s id="s36.1">EU/ 2/ 98/ 008/ 004 Neocolipor</s>
<s id="s37.1">adhezini F4 (F4ab, F4ac, F4ad),</s>
<s id="s38.1">Suspenzija</s>
<s id="s39.1">Prašiči</s>
<s id="s40.1">Intramuskularno</s>
<s id="s41.1">Steklenička tipa I z</s>
<s id="s42.1">Škatla s 50</s>
<s id="s43.1">100 ml</s>
<s id="s44.1">Nič dni</s>
<s id="s45.1">najmanj 2. 1 SA. U * adhezin F5, najmanj 1. 7 SA. U * adhezin F6, najmanj 1. 4 SA. U * adhezin F41, najmanj 1. 7 SA. U *</s>
<s id="s46.1">za injiciranje</s>
<s id="s47.1">(svinje in mladice)</s>
<s id="s48.1">butilnim gumijastim zamaškom</s>
<s id="s49.1">odmerki, 100 ml steklenička</s>
<s id="s50.1">steklenička</s>
</body>
</letsmt>
