<?xml version="1.0" encoding="utf-8"?>
<letsmt version="1.0">
<head></head>
<body>
<s id="s1.1">DODATEK I</s>
<s id="s2.1">POVZETEK GLAVNIH ZNAČILNOSTI ZDRAVILA</s>
<s id="s3.1">1/ 17 1.</s>
<s id="s3.2">IME ZDRAVILA ZA UPORABO V VETERINARSKI MEDICINI</s>
<s id="s4.1">Neocolipor suspenzija za injiciranje</s>
<s id="s5.1">2.</s>
<s id="s5.2">KAKOVOSTNA IN KOLIČINSKA SESTAVA</s>
<s id="s6.1">Zdravilne učinkovine:</s>
<s id="s7.1">V 2 ml odmerku:</s>
<s id="s7.2">E. coli adhezin F4 (F4ab, F4ac, F4ad), najmanj</s>
<s id="s8.1">2, 1SA. U* E. coli adhezin F5, najmanj 1, 7 SA. U *</s>
<s id="s9.1">E. coli adhezin F6, najmanj E. coli adhezin F41, najmanj</s>
<s id="s10.1">1, 4 SA. U * 1, 7 SA. U *</s>
<s id="s11.1">*:</s>
<s id="s11.2">1 SA. U: količina, ki zadošča za doseganje aglutinacijskega titra protiteles 1 log10 pri morskem prašičku</s>
<s id="s12.1">Dodatek:</s>
<s id="s12.2">Aluminij (v hidroksidni obliki)</s>
<s id="s13.1">1, 4 mg</s>
<s id="s14.1">Pomožne snovi</s>
<s id="s15.1">Tiomersal</s>
<s id="s16.1">0, 2 mg</s>
<s id="s17.1">Za celoten seznam pomožnih snovi, glejte poglavje 6. 1.</s>
<s id="s18.1">3.</s>
<s id="s18.2">FARMACEVTSKA OBLIKA</s>
<s id="s19.1">Suspenzija za injiciranje.</s>
<s id="s20.1">4.</s>
<s id="s20.2">KLINIČNI PODATKI</s>
<s id="s21.1">4. 1 Ciljne živalske vrste</s>
<s id="s22.1">Prašiči (svinje in mladice)</s>
<s id="s23.1">4. 2 Indikacije za uporabo pri ciljnih živalskih vrstah</s>
<s id="s24.1">Zmanjšanje pojava poporodne enterotoksemije pujskov v obdobju prvih nekaj dni po porodu, ki jo povzročajo sevi bakterije E. coli, ki izločajo adhezine F4ab, F4ac, F4ad, F5, F6 in F41.</s>
<s id="s25.1">4. 3 Kontraindikacije</s>
<s id="s26.1">Jih ni.</s>
<s id="s27.1">4. 4 Posebna opozorila za vsako ciljno živalsko vrsto</s>
<s id="s28.1">Jih ni.</s>
<s id="s29.1">4. 5 Posebni previdnostni ukrepi</s>
<s id="s30.1">Posebni previdnostni ukrepi za uporabo pri živalih</s>
<s id="s31.1">- Ker zaščito pujskov zagotavlja zaužitje kolostruma, bi moral vsak pujsek zaužiti zadostno količino</s>
<s id="s32.1">kolostruma v prvih šestih urah po rojstvu.</s>
<s id="s33.1">2/ 17</s>
<s id="s34.1">- Cepite le zdrave živali.</s>
<s id="s35.1">- Ne uporabljajte sočasno z drugimi zdravili.</s>
<s id="s36.1">Posebni varnostni ukrepi, ki jih mora izvajati oseba, ki živalim daje zdravilo</s>
<s id="s37.1">V primeru nenamernega samo- injiciranja se takoj posvetujte z zdravnikom in mu pokažite navodila za uporabo ali nalepko na zunanji ovojnini.</s>
<s id="s38.1">Po uporabi si umijte in razkužite roke.</s>
<s id="s39.1">4. 6 Neželeni učinki (pogostost in resnost)</s>
<s id="s40.1">Cepljenje lahko povzroči rahlo povišanje telesne temperature (manj kot 1, 5o C v obdobju do največ 24 ur).</s>
<s id="s41.1">4. 7 Uporaba v obdobju brejosti, laktacije ali nesnosti</s>
<s id="s42.1">Ni posebnih previdnostnih ukrepov.</s>
<s id="s43.1">4. 8 Medsebojno delovanje z drugimi zdravili in druge oblike interakcij</s>
<s id="s44.1">Ni podatkov o sočasni uporabi tega cepiva s katerim koli drugim cepivom.</s>
<s id="s44.2">Tako varnost in učinkovitost tega cepiva ob sočasni uporabi s katerikoli drugim cepivom (uporabljenim isti dan ali ob drugem času) nista potrjeni.</s>
<s id="s45.1">4. 9 Odmerjanje in pot uporabe</s>
<s id="s46.1">Vialo pred uporabo dobro pretresite.</s>
<s id="s46.2">Uporabljajte sterilne brizge in igle.</s>
<s id="s46.3">Injicirajte v skladu z aseptičnimi pravili.</s>
<s id="s47.1">En 2 ml odmerek intramuskularno v področje vratu za ušesom po naslednjem razporedu:</s>
<s id="s48.1">Primarno cepljenje:</s>
<s id="s49.1">Prvi odmerek:</s>
<s id="s49.2">Drugi odmerek:</s>
<s id="s50.1">5- 7 tednov pred prasitvijo 2 tedna pred prasitvijo</s>
<s id="s51.1">Revakcinacija:</s>
<s id="s52.1">1 odmerek dva tedna pred vsako naslednjo prasitvijo.</s>
<s id="s53.1">4. 10 Preveliko odmerjanje (simptomi, nujni ukrepi, protistrupi)</s>
<s id="s54.1">Po vnosu dvakratnega priporočenega odmerka se niso pojavili nobeni neželeni učinki.</s>
<s id="s55.1">4. 11 Karenca( e)</s>
<s id="s56.1">Nič dni.</s>
<s id="s57.1">5.</s>
<s id="s57.2">IMUNOLOŠKE LASTNOSTI</s>
<s id="s58.1">Oznaka ATCvet:</s>
<s id="s58.2">QI09AB02</s>
<s id="s59.1">Cepivo vsebuje inaktivirane seve bakterije E. coli, na nosilcu iz aluminijevega hidroksida.</s>
<s id="s59.2">Ti sevi bakterije E. coli izločajo adhezine F4ab, F4ac, F4ad, F5, F6 in F41, ki povzročajo poporodno enterotoksemijo pujskov.</s>
<s id="s59.3">Pri svinjah in mladicah cepivo sproži specifično serokonverzijo cepljenih</s>
<s id="s60.1">3/ 17 živali; pujski se pasivno imunizirajo z zaužitjem kolostruma in mleka, ki vsebuje specifična protitelesa proti adhezinom.</s>
<s id="s61.1">6.</s>
<s id="s61.2">FARMACEVTSKI PODATKI</s>
<s id="s62.1">6. 1 Seznam pomožnih snovi</s>
<s id="s63.1">Tiomersal Aluminijev hidroksid Natrijev hidroksid</s>
<s id="s64.1">6. 2 Inkompatibilnosti</s>
<s id="s65.1">Ne mešajte z nobenim drugim cepivom.</s>
<s id="s66.1">6. 3 Rok uporabnosti</s>
<s id="s67.1">Rok uporabnosti:</s>
<s id="s67.2">18 mesecev pri temperaturi 2 - 8 oC Načeta viala:</s>
<s id="s67.3">3 ure</s>
<s id="s68.1">6. 4.</s>
<s id="s68.2">Posebna navodila za shranjevanje</s>
<s id="s69.1">Shranjujte in prevažajte pri temperaturi 2°C – 8°C zaščiteno pred svetlobo.</s>
<s id="s69.2">Cepivo ne sme zmrzniti.</s>
<s id="s70.1">6. 5 Vrsta ovojnine in vsebina</s>
<s id="s71.1">Škatla z vialo z 10 ml - pet odmerkov (steklo tipa I z butil gumenim zamaškom) Škatla z vialo z 20 ml - deset odmerkov (steklo tipa I z butil gumenim zamaškom) Škatla z vialo s 50 ml - petindvajset odmerkov (steklo tipa I z butil gumenim zamaškom) Škatla z vialo s 100 ml - petdeset odmerkov (steklo tipa I z butil gumenim zamaškom)</s>
<s id="s72.1">Ni nujno, da so v prometu vsa navedena pakiranja.</s>
<s id="s73.1">6. 6 Posebni varnostni ukrepi za odstranjevanje neporabljenega zdravila ali odpadnih snovi, če obstajajo</s>
<s id="s74.1">Vsako neporabljeno zdravilo ali odpadne snovi, ki nastanejo iz teh zdravil, je treba odstraniti v skladu z nacionalnimi zahtevami.</s>
<s id="s75.1">7.</s>
<s id="s75.2">IMETNIK( I) DOVOLJENJ( A) ZA PROMET</s>
<s id="s76.1">MERIAL 29 avenue Tony Granier 69007 Lyon FRANCIJA</s>
<s id="s77.1">8.</s>
<s id="s77.2">ŠTEVILKA( E) DOVOLJENJ( A) ZA PROMET</s>
<s id="s78.1">EU/ 2/ 98/ 008/ 001- 004</s>
<s id="s79.1">9.</s>
<s id="s79.2">DATUM PRIDOBITVE/ PODALJŠANJA DOVOLJENJA ZA PROMET</s>
<s id="s80.1">03/ 2008</s>
<s id="s81.1">4/ 17 10.</s>
<s id="s81.2">DATUM REVIZIJE BESEDILA</s>
<s id="s82.1">03/ 2008</s>
<s id="s83.1">Podrobne informacije o tem zdravilu za uporabo v veterinarski medicini so na voljo na spletni strani Evropske agencije za zdravila (European Medicines Agency, EMEA) http: // emea. europa. eu.</s>
<s id="s84.1">PREPOVED PRODAJE, OSKRBE IN/ ALI UPORABE</s>
<s id="s85.1">Navedba ni smiselna.</s>
<s id="s86.1">5/ 17 DODATEK II</s>
<s id="s87.1">A.</s>
<s id="s87.2">IZDELOVALEC BIOLOŠKE UČINKOVINE (ZDRAVILNIH UČINKOVIN) IN IMETNIK DOVOLJENJA ZA IZDELAVO ZDRAVILA, ODGOVOREN ZA SPROSTITEV SERIJE</s>
<s id="s88.1">B.</s>
<s id="s88.2">POGOJI TER OMEJITVE GLEDE OSKRBE IN UPORABE</s>
<s id="s89.1">C.</s>
<s id="s89.2">PREPOVED PRODAJE, OSKRBE IN/ ALI UPORABE</s>
<s id="s90.1">D.</s>
<s id="s90.2">NAVEDBA NAJVIŠJIH DOVOLJENIH KOLIČIN ZAOSTANKOV ZDRAVILA (MRL)</s>
<s id="s91.1">6/ 17 A.</s>
<s id="s91.2">PROIZVAJALEC BIOLOŠKE UČINKOVINE IN IMETNIK( I) DOVOLJENJA ZA PROIZVODNJO ZDRAVILA, ODGOVOREN ZA SPROSTITEV SERIJE</s>
<s id="s92.1">Ime in naslov proizvajalca biološko aktivne učinkovine</s>
<s id="s93.1">MERIAL Laboratoire de Toulouse 4 Chemin de Calquet 31300 TOULOUSE FRANCIJA</s>
<s id="s94.1">Proizvajalec odgovoren za sprostitev serije</s>
<s id="s95.1">MERIAL Laboratoire Porte des Alpes Rue de l’ Aviation F- 69800 SAINT PRIEST FRANCIJA</s>
<s id="s96.1">Dovoljenje za proizvodnjo je izdalo francosko Ministère des Affaires Sociales (Ministrstvo za socialne zadeve), Ministère délégué à la Santé (Ministrstvo pristojno za zdravstvo) in Ministère de l' Agriculture et de la Forêt (Ministrstvo za kmetijstvo in gozdarstvo) 31. marca 1992.</s>
<s id="s97.1">B.</s>
<s id="s97.2">POGOJI DOVOLJENJA ZA PROMET Z ZDRAVILOM TER OMEJITVE GLEDE OSKRBE IN UPORABE</s>
<s id="s98.1">Zdravilo se izda le na veterinarski recept.</s>
<s id="s99.1">C.</s>
<s id="s99.2">POGOJI DOVOLJENJA ZA PROMET Z ZDRAVILOM TER OMEJITVE GLEDE VARNE IN UČINKOVITE UPORABE</s>
<s id="s100.1">Navedba ni smiselna.</s>
<s id="s101.1">D.</s>
<s id="s101.2">NAVEDBA NAJVIŠJIH DOVOLJENIH KOLIČIN ZAOSTANKOV ZDRAVILA (MRL)</s>
<s id="s102.1">Dodatek II k Uredbi Sveta (EGS) Št.</s>
<s id="s102.2">2377/ 90</s>
<s id="s103.1">Farmakološko aktivna( e) učinkovina( e)</s>
<s id="s104.1">Živalska vrsta</s>
<s id="s105.1">Druga določila</s>
<s id="s106.1">Aluminijev hidroksid1</s>
<s id="s107.1">Vse živali za proizvodnjo živil</s>
<s id="s108.1">Tiomersal2</s>
<s id="s109.1">Vse živali za proizvodnjo živil</s>
<s id="s110.1">Uporablja se le kot zaščitno sredstvo za večodmerna cepiva, koncentracija ne sme preseči 0, 02%</s>
<s id="s111.1">Natrijev hidroksid3 Natrijev klorid3</s>
<s id="s112.1">Vse živali za proizvodnjo živil Vse živali za proizvodnjo živil</s>
<s id="s113.1">Klorovodikova kislina5 1 UL št L 290 z dne 05. 12. 95 2 UL št L 110 z dne 26. 04. 97 3 UL št L 272 z dne 25. 10. 96 4 UL št L 290 z dne 05. 12. 95 5 UL št L 143 z dne 27. 06. 95</s>
<s id="s114.1">Vse živali za proizvodnjo živil</s>
<s id="s115.1">Uporablja se kot pomožna snov</s>
<s id="s116.1">DODATEK III</s>
<s id="s117.1">7/ 17</s>
<s id="s118.1">OZNAČEVANJE IN NAVODILO ZA UPORABO</s>
<s id="s119.1">8/ 17 A.</s>
<s id="s119.2">OZNAČEVANJE</s>
<s id="s120.1">9/ 17 PODATKI NA ZUNANJI OVOJNINI</s>
<s id="s121.1">1.</s>
<s id="s121.2">IME ZDRAVILA ZA UPORABO V VETERINARSKI MEDICINI</s>
<s id="s122.1">Neocolipor suspenzija za injiciranje</s>
<s id="s123.1">2.</s>
<s id="s123.2">NAVEDBA ZDRAVILNE UČINKOVINE IN DRUGIH SNOVI</s>
<s id="s124.1">V 2 ml odmerku:</s>
<s id="s124.2">E. coli adhezin F4 (F4ab, F4ac, F4ad), najmanj E. coli adhezin F5, najmanj E. coli dhezin F6, najmanj E. coli adhezin F41, najmanj</s>
<s id="s125.1">2, 1 SA. U * 1, 7 SA. U * 1, 4 SA. U * 1, 7 SA. U *</s>
<s id="s126.1">*:</s>
<s id="s126.2">1 SA. U: količina, ki zadošča za doseganje aglutinacijskega titra protiteles 1 log10 pri morskem prašičku</s>
<s id="s127.1">Dodatek:</s>
<s id="s127.2">Aluminij (v obliki hidroksida)</s>
<s id="s128.1">1, 4 mg</s>
<s id="s129.1">3.</s>
<s id="s129.2">FARMACEVTSKA OBLIKA</s>
<s id="s130.1">Suspenzija za injiciranje</s>
<s id="s131.1">4.</s>
<s id="s131.2">VELIKOST PAKIRANJA</s>
<s id="s132.1">5 odmerkov = 10 ml steklena viala.</s>
<s id="s132.2">2 ml= 1 odmerek, 10 odmerkov = 20 ml steklena viala.</s>
<s id="s132.3">2 ml = 1 odmerek, 25 odmerkov = 50 ml steklena viala.</s>
<s id="s132.4">50 odmerkov = 100 ml steklena viala.</s>
<s id="s133.1">5.</s>
<s id="s133.2">CILJNE ŽIVALSKE VRSTE</s>
<s id="s134.1">Prašiči (svinje in mladice)</s>
<s id="s135.1">6.</s>
<s id="s135.2">INDIKACIJA( E)</s>
<s id="s136.1">Pred uporabo preberite navodilo za uporabo.</s>
<s id="s137.1">7.</s>
<s id="s137.2">NAČIN IN POT( I) UPORABE</s>
<s id="s138.1">Intramuskularno injiciranje</s>
<s id="s139.1">10/ 17 8.</s>
<s id="s139.2">KARENCA</s>
<s id="s140.1">Karenca:</s>
<s id="s140.2">Nič dni.</s>
<s id="s141.1">9.</s>
<s id="s141.2">POSEBNO( A) OPOZORILO( A), ČE JE/ SO POTREBNO( A)</s>
<s id="s142.1">Pred uporabo dobro pretresite vialo.</s>
<s id="s143.1">10.</s>
<s id="s143.2">DATUM IZTEKA ROKA UPORABNOSTI ZDRAVILA</s>
<s id="s144.1">EXP</s>
<s id="s145.1">11.</s>
<s id="s145.2">POSEBNA NAVODILA ZA SHRANJEVANJE</s>
<s id="s146.1">Shranjujte in prevažajte pri temperaturi 2°C – 8°C, zaščiteno pred svetlobo.</s>
<s id="s146.2">Cepivo ne sme zmrzniti.</s>
<s id="s146.3">Rok uporabnosti za načeto vialo:</s>
<s id="s146.4">3 ure.</s>
<s id="s147.1">12.</s>
<s id="s147.2">POSEBNI VARNOSTNI UKREPI ZA ODSTRANJEVANJE NEPORABLJENEGA ZDRAVILA ALI ODPADNIH SNOVI, ČE OBSTAJAJO</s>
<s id="s148.1">Pred uporabo preberite navodilo za uporabo.</s>
<s id="s149.1">13.</s>
<s id="s149.2">BESEDILO “ SAMO ZA ŽIVALI ” IN POGOJI ALI OMEJITVE GLEDE OSKRBE IN UPORABE, če je navedba smiselna</s>
<s id="s150.1">Samo za živali - oskrba le na podlagi veterinarskega recepta.</s>
<s id="s151.1">14.</s>
<s id="s151.2">BESEDILO “ ZDRAVILO SHRANJUJTE NEDOSEGLJIVO OTROKOM ”</s>
<s id="s152.1">Zdravilo shranjujte nedosegljivo otrokom.</s>
<s id="s153.1">15.</s>
<s id="s153.2">IME IN NASLOV IMETNIKA DOVOLJENJA ZA PROMET Z ZDRAVILOM</s>
<s id="s154.1">MERIAL 29 avenue Tony Garnier 69007 LYON FRANCIJA</s>
<s id="s155.1">16.</s>
<s id="s155.2">ŠTEVILKA( E) DOVOLJENJ( A) ZA PROMET</s>
<s id="s156.1">EU/ 2/ 98/ 008/ 001 10 ml steklena viala.</s>
<s id="s156.2">EU/ 2/ 98/ 008/ 002 20 ml steklena viala.</s>
<s id="s156.3">EU/ 2/ 98/ 008/ 003</s>
<s id="s157.1">50 ml steklena viala.</s>
<s id="s158.1">EU/ 2/ 98/ 008/ 004</s>
<s id="s159.1">100 ml steklena viala.</s>
<s id="s160.1">17.</s>
<s id="s160.2">IZDELOVALČEVA ŠTEVILKA SERIJE</s>
<s id="s161.1">Serija</s>
<s id="s162.1">11/ 17 PODATKI, KI MORAJO BITI NAJMANJ NAVEDENI NA MANJŠIH STIČNIH OVOJNINAH</s>
<s id="s163.1">1.</s>
<s id="s163.2">IME ZDRAVILA ZA UPORABO V VETERINARSKI MEDICINI</s>
<s id="s164.1">Neocolipor Suspenzija za injiciranje Prašiči (svinje in mladice)</s>
<s id="s165.1">2.</s>
<s id="s165.2">KOLIČINA ZDRAVILNE( IH) UČINKOVIN( E)</s>
<s id="s166.1">adhezini F4 (F4ab, F4ac, F4ad), F5, F6, F41</s>
<s id="s167.1">Aluminijski adjuvant</s>
<s id="s168.1">3.</s>
<s id="s168.2">VSEBINA, IZRAŽENA Z MASO, PROSTORNINO ALI ŠTEVILOM ODMERKOV</s>
<s id="s169.1">2 ml =1 odmerek, 5 odmerkov 2 ml= 1 odmerek, 10 odmerkov 2 ml = 1 odmerek, 25 odmerkov</s>
<s id="s170.1">10 ml steklena viala.</s>
<s id="s170.2">20 ml steklena viala.</s>
<s id="s170.3">50 ml steklena viala.</s>
<s id="s171.1">4.</s>
<s id="s171.2">POT( I) UPORABE ZDRAVILA</s>
<s id="s172.1">Intramuskularno injiciranje</s>
<s id="s173.1">5.</s>
<s id="s173.2">KARENCA</s>
<s id="s174.1">6.</s>
<s id="s174.2">ŠTEVILKA SERIJE</s>
<s id="s175.1">Serija</s>
<s id="s176.1">7.</s>
<s id="s176.2">DATUM IZTEKA ROKA UPORABNOSTI ZDRAVILA</s>
<s id="s177.1">EXP {mesec/ leto}</s>
<s id="s178.1">8.</s>
<s id="s178.2">BESEDILO “ SAMO ZA ŽIVALI ”</s>
<s id="s179.1">Samo za živali.</s>
<s id="s180.1">Natančno preberite navodilo za uporabo.</s>
<s id="s181.1">12/ 17 PODATKI, KI MORAJO BITI NAJMANJ NAVEDENI NA MANJŠIH STIČNIH OVOJNINAH</s>
<s id="s182.1">1.</s>
<s id="s182.2">IME ZDRAVILA ZA UPORABO V VETERINARSKI MEDICINI</s>
<s id="s183.1">Neocolipor Suspenzija za injiciranje Prašiči (svinje in mladice)</s>
<s id="s184.1">2.</s>
<s id="s184.2">KOLIČINA ZDRAVILNE( IH) UČINKOVIN( E)</s>
<s id="s185.1">V 2 ml odmerku:</s>
<s id="s185.2">F4 (F4ab, F4ac, F4ad), najmanj F5, najmanj F6, najmanj F41, najmanj</s>
<s id="s186.1">2, 1 SA. U * 1, 7 SA. U * 1, 4 SA. U * 1, 7 SA. U *</s>
<s id="s187.1">*:</s>
<s id="s187.2">1 SA. U: količina, ki zadošča za doseganje aglutinacijskega titra protiteles 1 log10 pri morskem prašičku Dodatek:</s>
<s id="s187.3">Aluminij (v hidroksidni obliki)</s>
<s id="s188.1">1, 4 mg</s>
<s id="s189.1">3.</s>
<s id="s189.2">VSEBINA, IZRAŽENA Z MASO, PROSTORNINO ALI ŠTEVILOM ODMERKOV</s>
<s id="s190.1">50 odmerkov</s>
<s id="s191.1">100 ml steklena viala.</s>
<s id="s192.1">4.</s>
<s id="s192.2">POT( I) UPORABE ZDRAVILA</s>
<s id="s193.1">Intramuskularno injiciranje</s>
<s id="s194.1">5.</s>
<s id="s194.2">KARENCA</s>
<s id="s195.1">6.</s>
<s id="s195.2">ŠTEVILKA SERIJE</s>
<s id="s196.1">Serija</s>
<s id="s197.1">7.</s>
<s id="s197.2">DATUM IZTEKA ROKA UPORABNOSTI ZDRAVILA</s>
<s id="s198.1">EXP {mesec/ leto}</s>
<s id="s199.1">8.</s>
<s id="s199.2">BESEDILO “ SAMO ZA ŽIVALI ”</s>
<s id="s200.1">Samo za živali.</s>
<s id="s201.1">Pred uporabo dobro pretresite.</s>
<s id="s201.2">Natančno preberite navodilo za uporabo.</s>
<s id="s202.1">13/ 17 B.</s>
<s id="s202.2">NAVODILO ZA UPORABO</s>
<s id="s203.1">14/ 17 NAVODILO ZA UPORABO Neocolipor</s>
<s id="s204.1">1.</s>
<s id="s204.2">IME IN NASLOV IMETNIKA DOVOLJENJA ZA PROMET Z ZDRAVILOM TER IMETNIKA DOVOLJENJA ZA PROIZVODNJO ZDRAVILA, ODGOVORNEGA ZA SPROSTITEV SERIJ V EGP, ČE STA RAZLIČNA</s>
<s id="s205.1">IMETNIK DOVOLJENJA ZA PROMET Z ZDRAVILOM MERIAL 29 avenue Tony Garnier 69007 LYON FRANCIJA</s>
<s id="s206.1">PROIZVAJALEC ZA SPROSTITEV SERIJ MERIAL Laboratoire Porte des Alpes Rue de l’ Aviation F- 69800 SAINT PRIEST FRANCIJA</s>
<s id="s207.1">2.</s>
<s id="s207.2">IME ZDRAVILA ZA UPORABO V VETERINARSKI MEDICINI</s>
<s id="s208.1">Neocolipor suspenzija za injiciranje</s>
<s id="s209.1">3.</s>
<s id="s209.2">NAVEDBA ZDRAVILNE( IH) UČINKOVINE IN DRUGE( IH) SNOVI</s>
<s id="s210.1">V 2 ml odmerku:</s>
<s id="s210.2">E. coli adhezin F4 (F4ab, F4ac, F4ad), najmanj E. coli adhezin F5, najmanj E. coli adhezin F6, najmanj E. coli adhezin F41, najmanj</s>
<s id="s211.1">2, 1 SA. U * 1, 7 SA. U * 1, 4 SA. U * 1, 7 SA. U *</s>
<s id="s212.1">*:</s>
<s id="s212.2">1 SA. U: količina, ki zadošča za doseganje aglutinacijskega titra protiteles 1 log10 pri morskem prašičku</s>
<s id="s213.1">Dodatek:</s>
<s id="s213.2">Aluminij (v obliki hidroksida)</s>
<s id="s214.1">1, 4 mg</s>
<s id="s215.1">4.</s>
<s id="s215.2">INDIKACIJA( E)</s>
<s id="s216.1">Inaktivirano cepivo z dodatkom (adjuvansom) za zmanjšanje pojava poporodne enterotoksemije pri pujskih, ki jo povzročajo sevi bakterije E. coli, ki izločajo adhezine F4ab, F4ac, F4ad, F5, F6 in F41.</s>
<s id="s217.1">5.</s>
<s id="s217.2">KONTRAINDIKACIJE</s>
<s id="s218.1">Jih ni.</s>
<s id="s219.1">6.</s>
<s id="s219.2">NEŽELENI UČINKI</s>
<s id="s220.1">Cepljenje lahko povzroči rahel dvig telesne temperature (manj kot 1, 5oC v obdobju do največ 24 ur).</s>
<s id="s221.1">15/ 17 Če opazite kakršne koli resne stranske učinke ali druge učinke, ki niso omenjeni v teh navodilih za uporabo, obvestite svojega veterinarja.</s>
<s id="s222.1">7.</s>
<s id="s222.2">CILJNE ŽIVALSKE VRSTE</s>
<s id="s223.1">Prašiči (svinje in mladice)</s>
<s id="s224.1">8.</s>
<s id="s224.2">ODMERKI ZA POSAMEZNE ŽIVALSKE VRSTE TER POT( I) IN NAČIN UPORABE ZDRAVILA</s>
<s id="s225.1">En 2 ml odmerek po naslednjem razporedu:</s>
<s id="s226.1">Primarno cepljenje:</s>
<s id="s227.1">Prvi odmerek:</s>
<s id="s227.2">Drugi odmerek:</s>
<s id="s228.1">5- 7 tednov pred prasitvijo 2 tedna pred prasitvijo</s>
<s id="s229.1">Revakcinacija:</s>
<s id="s230.1">1 odmerek dva tedna pred vsako naslednjo prasitvijo</s>
<s id="s231.1">9.</s>
<s id="s231.2">NASVET O PRAVILNI UPORABI ZDRAVILA</s>
<s id="s232.1">Intramuskularno injiciranje v področje vratu za ušesom</s>
<s id="s233.1">Pred uporabo dobro pretresite vialo.</s>
<s id="s233.2">Uporabljate sterilne brizge in igle.</s>
<s id="s233.3">Pri vnosu cepiva se ravnajte v skladu s pravili asepse.</s>
<s id="s234.1">10.</s>
<s id="s234.2">KARENCA</s>
<s id="s235.1">Nič dni.</s>
<s id="s236.1">11.</s>
<s id="s236.2">POSEBNA NAVODILA ZA SHRANJEVANJE</s>
<s id="s237.1">Shranjujte in prevažajte pri temperaturi 2°C – 8°C, zaščiteno pred svetlobo.</s>
<s id="s237.2">Cepivo ne sme zmrzniti..</s>
<s id="s237.3">Rok uporabe načete viale:</s>
<s id="s237.4">3 ure</s>
<s id="s238.1">12.</s>
<s id="s238.2">POSEBNO( A) OPOZORILO( A)</s>
<s id="s239.1">Ker zaščito pujskov zagotavlja zaužitje kolostruma, bi moral vsak pujsek zaužiti zadostno količino kolostruma v prvih šestih urah po rojstvu.</s>
<s id="s239.2">Cepite le zdrave živali.</s>
<s id="s239.3">Ne uporabljajte skupaj z drugimi zdravili.</s>
<s id="s239.4">Ni podatkov o sočasni uporabi tega cepiva s katerim koli drugim cepivom.</s>
<s id="s239.5">Tako varnost in učinkovitost tega cepiva ob sočasni uporabi s katerikoli drugim cepivom (uporabljenim isti dan ali ob drugem času) nista potrjeni.</s>
<s id="s240.1">V primeru nenamernega samo- injiciranja se takoj posvetujte z zdravnikom in mu pokažite navodila za uporabo ali nalepko na zunanji ovojnini.</s>
<s id="s241.1">Po uporabi si umijte in razkužite roke.</s>
<s id="s242.1">16/ 17 Po vnosu dvakratnega priporočenega odmerka se niso pojavili nobeni neželeni učinki.</s>
<s id="s243.1">Ne mešajte z nobenim drugim cepivom.</s>
<s id="s244.1">13.</s>
<s id="s244.2">POSEBNI VARNOSTNI UKREPI ZA ODSTRANJEVANJE NEPORABLJENEGA ZDRAVILA ALI ODPADNIH SNOVI, ČE OBSTAJAJO</s>
<s id="s245.1">Vsako neporabljeno zdravilo ali odpadne snovi, ki nastanejo iz teh zdravil, je treba odstraniti v skladu z nacionalnimi zahtevami.</s>
<s id="s246.1">14.</s>
<s id="s246.2">DATUM ZADNJE REVIZIJE NAVODIL ZA UPORABO</s>
<s id="s247.1">03/ 2008</s>
<s id="s248.1">Podrobne informacije o tem zdravilu za uporabo v veterinarski medicini so na voljo na spletni strani Evropske agencije za zdravila (European Medicines Agency, EMEA) http: // emea. europa. eu</s>
<s id="s249.1">15.</s>
<s id="s249.2">DRUGE INFORMACIJE</s>
<s id="s250.1">Cepivo vsebuje inaktivirane seve bakterije E. coli, na nosilcu iz aluminijevega hidroksida.</s>
<s id="s250.2">Ti sevi bakterije E. coli izločajo adhezine F4ab, F4ac, F4ad, F5, F6 in F41, ki povzročajo poporodno enterotoksemijo pujskov.</s>
<s id="s250.3">Pri svinjah in mladicah cepivo sproži specifično serokonverzijo cepljenih živali; pujski se pasivno imunizirajo z zaužitjem kolostruma in mleka, ki vsebuje specifična protitelesa proti adhezinom.</s>
<s id="s251.1">Škatla z vialo z 10 ml - pet odmerkov (steklo tipa I z butil gumenim zamaškom) Škatla z vialo z 20 ml - deset odmerkov (steklo tipa I z butil gumenim zamaškom) Škatla z vialo s 50 ml - petindvajset odmerkov (steklo tipa I z butil gumenim zamaškom) Škatla z vialo s 100 ml - petdeset odmerkov (steklo tipa I z butil gumenim zamaškom)</s>
<s id="s252.1">Ni nujno, da so v prometu vsa navedena pakiranja.</s>
<s id="s253.1">Oskrba le na podlagi veterinarskega recepta.</s>
<s id="s254.1">17/ 17</s>
</body>
</letsmt>
