<?xml version="1.0" encoding="utf-8"?>
<letsmt version="1.0">
<head></head>
<body>
<s id="s1.1">EU - Number</s>
<s id="s2.1">Invented name</s>
<s id="s3.1">Strength</s>
<s id="s4.1">Pharmaceutical Form</s>
<s id="s5.1">Target Species</s>
<s id="s6.1">Route of administration</s>
<s id="s7.1">Packaging</s>
<s id="s8.1">Content</s>
<s id="s9.1">Package size</s>
<s id="s10.1">Withdrawal period</s>
<s id="s11.1">EU/ 2/ 07/ 079/ 001</s>
<s id="s12.1">Ingelvac CircoFLEX</s>
<s id="s13.1">Porcine circovirus type 2 ORF2 protein Minimum RP 1.0, Maximum RP 3.75</s>
<s id="s14.1">Suspension for injection</s>
<s id="s15.1">Pigs</s>
<s id="s16.1">Intramuscular use</s>
<s id="s17.1">Bottle (HDPE)</s>
<s id="s18.1">10 ml</s>
<s id="s19.1">1 bottle</s>
<s id="s20.1">Zero days</s>
<s id="s21.1">EU/ 2/ 07/ 079/ 002</s>
<s id="s22.1">Ingelvac CircoFLEX</s>
<s id="s23.1">Porcine circovirus type 2 ORF2 protein Minimum RP 1.0, Maximum RP 3.75</s>
<s id="s24.1">Suspension for injection</s>
<s id="s25.1">Pigs</s>
<s id="s26.1">Intramuscular use</s>
<s id="s27.1">Bottle (HDPE)</s>
<s id="s28.1">50 ml</s>
<s id="s29.1">1 bottle</s>
<s id="s30.1">Zero days</s>
<s id="s31.1">EU/ 2/ 07/ 079/ 003</s>
<s id="s32.1">Ingelvac CircoFLEX</s>
<s id="s33.1">Porcine circovirus type 2 ORF2 protein Minimum RP 1.0, Maximum RP 3.75</s>
<s id="s34.1">Suspension for injection</s>
<s id="s35.1">Pigs</s>
<s id="s36.1">Intramuscular use</s>
<s id="s37.1">Bottle (HDPE)</s>
<s id="s38.1">100 ml</s>
<s id="s39.1">1 bottle</s>
<s id="s40.1">Zero days</s>
<s id="s41.1">EU/ 2/ 07/ 079/ 004</s>
<s id="s42.1">Ingelvac CircoFLEX</s>
<s id="s43.1">Porcine circovirus type 2 ORF2 protein Minimum RP 1.0, Maximum RP 3.75</s>
<s id="s44.1">Suspension for injection</s>
<s id="s45.1">Pigs</s>
<s id="s46.1">Intramuscular use</s>
<s id="s47.1">Bottle (HDPE)</s>
<s id="s48.1">250 ml</s>
<s id="s49.1">1 bottle</s>
<s id="s50.1">Zero days</s>
<s id="s51.1">1</s>
</body>
</letsmt>
