<?xml version="1.0" encoding="utf-8"?>
<letsmt version="1.0">
<head></head>
<body>
<s id="s1.1">ANNEX I</s>
<s id="s2.1">LIST OF THE NAMES, PHARMACEUTICAL FORMS, STRENGTHS OF THE MEDICINAL PRODUCT, ROUTE OF ADMINISTRATION, MARKETING AUTHORISATION HOLDERS, IN THE MEMBER STATES</s>
<s id="s3.1">CHMP/ 1268/ 04</s>
<s id="s4.1">1/ 22</s>
<s id="s5.1"> EMEA 2004</s>
<s id="s6.1">Member State</s>
<s id="s7.1">Marketing Authorisation Holder</s>
<s id="s8.1">Invented name</s>
<s id="s9.1">Strength</s>
<s id="s10.1">Pharmaceutical Form</s>
<s id="s11.1">Route of administration</s>
<s id="s12.1">Austria</s>
<s id="s13.1">Pfizer Corporation Austria Ges. m. b. H Seidengasse 33 - 35 A – 1070 Wien</s>
<s id="s14.1">Gevillon</s>
<s id="s15.1">450 mg</s>
<s id="s16.1">Film coated tablets</s>
<s id="s17.1">Oral use</s>
<s id="s18.1">Austria</s>
<s id="s19.1">Pfizer Corporation Austria Ges. m. b. H Seidengasse 33 - 35 A – 1070 Wien</s>
<s id="s20.1">Gevillon</s>
<s id="s21.1">900 mg</s>
<s id="s22.1">Film coated tablets</s>
<s id="s23.1">Oral use</s>
<s id="s24.1">Belgium</s>
<s id="s25.1">Pfizer S. A.</s>
<s id="s25.2">Rue Léon Theodor 102 B – 1090 Bruxelles</s>
<s id="s26.1">Lopid</s>
<s id="s27.1">300 mg</s>
<s id="s28.1">Capsules</s>
<s id="s29.1">Oral use</s>
<s id="s30.1">Belgium</s>
<s id="s31.1">Pfizer S. A.</s>
<s id="s31.2">Rue Léon Theodor 102 B – 1090 Bruxelles</s>
<s id="s32.1">Lopid</s>
<s id="s33.1">600 mg</s>
<s id="s34.1">Film-coated tablets</s>
<s id="s35.1">Oral use</s>
<s id="s36.1">Belgium</s>
<s id="s37.1">Pfizer S. A.</s>
<s id="s37.2">Rue Léon Theodor 102 B – 1090 Bruxelles</s>
<s id="s38.1">Lopid</s>
<s id="s39.1">900 mg</s>
<s id="s40.1">Film-coated tablets</s>
<s id="s41.1">Oral use</s>
<s id="s42.1">Denmark</s>
<s id="s43.1">Pfizer ApS Lautrupvang 8 DK – 2750 Ballerup</s>
<s id="s44.1">Lopid</s>
<s id="s45.1">300 mg</s>
<s id="s46.1">Capsules</s>
<s id="s47.1">Oral use</s>
<s id="s48.1">Denmark</s>
<s id="s49.1">Pfizer ApS Lautrupvang 8 DK – 2750 Ballerup</s>
<s id="s50.1">Lopid</s>
<s id="s51.1">450 mg</s>
<s id="s52.1">Film-coated tablets</s>
<s id="s53.1">Oral use</s>
<s id="s54.1">Denmark</s>
<s id="s55.1">Pfizer ApS</s>
<s id="s56.1">Lopid</s>
<s id="s57.1">600 mg</s>
<s id="s58.1">Film-coated tablets</s>
<s id="s59.1">Oral use</s>
<s id="s60.1">CHMP/ 1268/ 04</s>
<s id="s61.1">2/ 22</s>
<s id="s62.1"> EMEA 2004</s>
<s id="s63.1">Member State</s>
<s id="s64.1">Marketing Authorisation Holder</s>
<s id="s65.1">Invented name</s>
<s id="s66.1">Strength</s>
<s id="s67.1">Pharmaceutical Form</s>
<s id="s68.1">Route of administration</s>
<s id="s69.1">Lautrupvang 8 DK – 2750 Ballerup</s>
<s id="s70.1">Finland</s>
<s id="s71.1">Pfizer Oy P. O.</s>
<s id="s71.2">Box 45 FIN – 02601 Espoo</s>
<s id="s72.1">Lopid</s>
<s id="s73.1">300 mg</s>
<s id="s74.1">Capsules</s>
<s id="s75.1">Oral use</s>
<s id="s76.1">Finland</s>
<s id="s77.1">Pfizer Oy P. O.</s>
<s id="s77.2">Box 45 FIN – 02601 Espoo</s>
<s id="s78.1">Lopid</s>
<s id="s79.1">600 mg</s>
<s id="s80.1">Film-coated tablets</s>
<s id="s81.1">Oral use</s>
<s id="s82.1">France</s>
<s id="s83.1">Pfizer 23-25 Avenue Du Dr.</s>
<s id="s83.2">Lannelongue F – 75014 Paris</s>
<s id="s84.1">Lipur</s>
<s id="s85.1">450 mg</s>
<s id="s86.1">Film-coated tablets</s>
<s id="s87.1">Oral use</s>
<s id="s88.1">Germany</s>
<s id="s89.1">Parke-Davis GmbH Pfizerstrasse 1 D – 76139 Karlsruhe</s>
<s id="s90.1">Gevilon</s>
<s id="s91.1">450 mg</s>
<s id="s92.1">Film-coated tablets</s>
<s id="s93.1">Oral use</s>
<s id="s94.1">Germany</s>
<s id="s95.1">Parke-Davis GmbH Pfizerstrasse 1 D – 76139 Karlsruhe</s>
<s id="s96.1">Gevilon</s>
<s id="s97.1">600 mg</s>
<s id="s98.1">Film-coated tablets</s>
<s id="s99.1">Oral use</s>
<s id="s100.1">Germany</s>
<s id="s101.1">Parke-Davis GmbH Pfizerstrasse 1 D – 76139 Karlsruhe</s>
<s id="s102.1">Gevilon uno</s>
<s id="s103.1">900 mg</s>
<s id="s104.1">Film-coated tablets</s>
<s id="s105.1">Oral use</s>
<s id="s106.1">Germany</s>
<s id="s107.1">Parke-Davis GmbH Pfizerstrasse 1 D – 76139 Karlsruhe</s>
<s id="s108.1">Continulipid</s>
<s id="s109.1">450 mg</s>
<s id="s110.1">Film-coated tablets</s>
<s id="s111.1">Oral use</s>
<s id="s112.1">Germany</s>
<s id="s113.1">Parke-Davis GmbH Pfizerstrasse 1</s>
<s id="s114.1">Continulipid</s>
<s id="s115.1">600 mg</s>
<s id="s116.1">Film-coated tablets</s>
<s id="s117.1">Oral use</s>
<s id="s118.1">CHMP/ 1268/ 04</s>
<s id="s119.1">3/ 22</s>
<s id="s120.1"> EMEA 2004</s>
<s id="s121.1">Member State</s>
<s id="s122.1">Marketing Authorisation Holder</s>
<s id="s123.1">Invented name</s>
<s id="s124.1">Strength</s>
<s id="s125.1">Pharmaceutical Form</s>
<s id="s126.1">Route of administration</s>
<s id="s127.1">D – 76139 Karlsruhe</s>
<s id="s128.1">Greece</s>
<s id="s129.1">Pfizer Hellas A. E.</s>
<s id="s129.2">Alketou Street 5 116-33 Athens</s>
<s id="s130.1">Lopid</s>
<s id="s131.1">600 mg</s>
<s id="s132.1">Film-coated tablets</s>
<s id="s133.1">Oral use</s>
<s id="s134.1">Greece</s>
<s id="s135.1">Pfizer Hellas A. E.</s>
<s id="s135.2">Alketou Street 5 116-33 Athens</s>
<s id="s136.1">Lopid</s>
<s id="s137.1">900 mg</s>
<s id="s138.1">Film-coated tablets</s>
<s id="s139.1">Oral use</s>
<s id="s140.1">Iceland</s>
<s id="s141.1">Pfizer ApS Lautrupvang 8 DK – 2750 Ballerup</s>
<s id="s142.1">Lopid</s>
<s id="s143.1">300 mg</s>
<s id="s144.1">Capsules</s>
<s id="s145.1">Oral use</s>
<s id="s146.1">Iceland</s>
<s id="s147.1">Pfizer ApS Lautrupvang 8 DK – 2750 Ballerup</s>
<s id="s148.1">Lopid</s>
<s id="s149.1">450 mg</s>
<s id="s150.1">Film-coated tablets</s>
<s id="s151.1">Oral use</s>
<s id="s152.1">Iceland</s>
<s id="s153.1">Pfizer ApS Lautrupvang 8 DK – 2750 Ballerup</s>
<s id="s154.1">Lopid</s>
<s id="s155.1">600 mg</s>
<s id="s156.1">Film-coated tablets</s>
<s id="s157.1">Oral use</s>
<s id="s158.1">Ireland</s>
<s id="s159.1">Warner Lambert UK Ltd trading as:</s>
<s id="s159.2">Lopid Parke Davis Lambert Court Chestnut Avenue Eastleigh Hampshire SO53 3ZQ United Kingdom</s>
<s id="s160.1">300 mg</s>
<s id="s161.1">Capsules</s>
<s id="s162.1">Oral use</s>
<s id="s163.1">CHMP/ 1268/ 04</s>
<s id="s164.1">4/ 22</s>
<s id="s165.1"> EMEA 2004</s>
<s id="s166.1">Member State</s>
<s id="s167.1">Marketing Authorisation Holder</s>
<s id="s168.1">Invented name</s>
<s id="s169.1">Strength</s>
<s id="s170.1">Pharmaceutical Form</s>
<s id="s171.1">Route of administration</s>
<s id="s172.1">Ireland</s>
<s id="s173.1">Warner Lambert UK Ltd trading as:</s>
<s id="s173.2">Lopid Parke Davis Lambert Court Chestnut Avenue Eastleigh Hampshire SO53 3ZQ United Kingdom</s>
<s id="s174.1">600 mg</s>
<s id="s175.1">Film coated tablets</s>
<s id="s176.1">Oral use</s>
<s id="s177.1">Italy</s>
<s id="s178.1">Pfizer Italia S. r. l.</s>
<s id="s178.2">Lopid Via Valbondione 113 I – 00188 Roma</s>
<s id="s179.1">600 mg</s>
<s id="s180.1">Tablets</s>
<s id="s181.1">Oral use</s>
<s id="s182.1">Italy</s>
<s id="s183.1">Pfizer Italia S. r. l.</s>
<s id="s183.2">Via Valbondione 113 I – 00188 Roma</s>
<s id="s184.1">Lopid</s>
<s id="s185.1">900 mg</s>
<s id="s186.1">Tablets</s>
<s id="s187.1">Oral use</s>
<s id="s188.1">Italy</s>
<s id="s189.1">Pfizer Italia S. r. l.</s>
<s id="s189.2">Via Valbondione 113 I – 00188 Roma</s>
<s id="s190.1">Lopid TC</s>
<s id="s191.1">900 mg</s>
<s id="s192.1">Granules</s>
<s id="s193.1">Oral use</s>
<s id="s194.1">Italy</s>
<s id="s195.1">Pfizer Italia S. r. l.</s>
<s id="s195.2">Via Valbondione 113 I – 00188 Roma</s>
<s id="s196.1">Lopid TC</s>
<s id="s197.1">1200 mg</s>
<s id="s198.1">Granules</s>
<s id="s199.1">Oral use</s>
<s id="s200.1">Luxembourg</s>
<s id="s201.1">Pfizer S. A.</s>
<s id="s201.2">Rue Léon Theodor 102 B – 1090 Bruxelles</s>
<s id="s202.1">Lopid</s>
<s id="s203.1">300 mg</s>
<s id="s204.1">Capsules</s>
<s id="s205.1">Oral use</s>
<s id="s206.1">Luxembourg</s>
<s id="s207.1">Pfizer S. A.</s>
<s id="s207.2">Rue Léon Theodor 102 B – 1090 Bruxelles</s>
<s id="s208.1">Lopid</s>
<s id="s209.1">600 mg</s>
<s id="s210.1">Film-coated tablets</s>
<s id="s211.1">Oral use</s>
<s id="s212.1">CHMP/ 1268/ 04</s>
<s id="s213.1">5/ 22</s>
<s id="s214.1"> EMEA 2004</s>
<s id="s215.1">Member State</s>
<s id="s216.1">Marketing Authorisation Holder</s>
<s id="s217.1">Invented name</s>
<s id="s218.1">Strength</s>
<s id="s219.1">Pharmaceutical Form</s>
<s id="s220.1">Route of administration</s>
<s id="s221.1">Luxembourg</s>
<s id="s222.1">Pfizer S. A.</s>
<s id="s222.2">Rue Léon Theodor 102 B – 1090 Bruxelles</s>
<s id="s223.1">Lopid</s>
<s id="s224.1">900 mg</s>
<s id="s225.1">Film-coated tablets</s>
<s id="s226.1">Oral use</s>
<s id="s227.1">Netherlands</s>
<s id="s228.1">Pfizer BV Postbus 37 NL – 2900 AA Capelle a/ d Ijssel</s>
<s id="s229.1">Lopid</s>
<s id="s230.1">600 mg</s>
<s id="s231.1">Coated tablets</s>
<s id="s232.1">Oral use</s>
<s id="s233.1">Netherlands</s>
<s id="s234.1">Pfizer BV Postbus 37 NL – 2900 AA Capelle a/ d Ijssel</s>
<s id="s235.1">Lopid</s>
<s id="s236.1">900 mg</s>
<s id="s237.1">Coated tablets</s>
<s id="s238.1">Oral use</s>
<s id="s239.1">Portugal</s>
<s id="s240.1">Laboratórios Pfizer, Lda., Lagoas Park - Edifício nº 10 2740-244 Porto Salvo</s>
<s id="s241.1">Lopid</s>
<s id="s242.1">300 mg</s>
<s id="s243.1">Capsules</s>
<s id="s244.1">Oral use</s>
<s id="s245.1">Portugal</s>
<s id="s246.1">Laboratórios Pfizer, Lda., Lagoas Park - Edifício nº 10 2740-244 Porto Salvo</s>
<s id="s247.1">Lopid</s>
<s id="s248.1">600 mg</s>
<s id="s249.1">Coated tablets</s>
<s id="s250.1">Oral use</s>
<s id="s251.1">Portugal</s>
<s id="s252.1">Laboratórios Pfizer, Lda., Lagoas Park - Edifício nº 10 2740-244 Porto Salvo</s>
<s id="s253.1">Lopid</s>
<s id="s254.1">900 mg</s>
<s id="s255.1">Coated tablets</s>
<s id="s256.1">Oral use</s>
<s id="s257.1">Spain</s>
<s id="s258.1">Parke-Davis, S. L.</s>
<s id="s258.2">(Pfizer Group) Av. de Europa 20-B Parque Empresarial La Moraleja 28108 Alcobendas (Madrid)</s>
<s id="s259.1">Lopid</s>
<s id="s260.1">600 mg</s>
<s id="s261.1">Tablets</s>
<s id="s262.1">Oral use</s>
<s id="s263.1">Spain</s>
<s id="s264.1">Parke-Davis, S. L.</s>
<s id="s264.2">(Pfizer Group) Av. de Europa 20-B</s>
<s id="s265.1">Lopid</s>
<s id="s266.1">900 mg</s>
<s id="s267.1">Tablets</s>
<s id="s268.1">Oral use</s>
<s id="s269.1">CHMP/ 1268/ 04</s>
<s id="s270.1">6/ 22</s>
<s id="s271.1"> EMEA 2004</s>
<s id="s272.1">Member State</s>
<s id="s273.1">Marketing Authorisation Holder</s>
<s id="s274.1">Invented name</s>
<s id="s275.1">Strength</s>
<s id="s276.1">Pharmaceutical Form</s>
<s id="s277.1">Route of administration</s>
<s id="s278.1">Parque Empresarial La Moraleja 28108 Alcobendas (Madrid)</s>
<s id="s279.1">Sweden</s>
<s id="s280.1">Pfizer AB Nytorpsvägen 36 Box 501 S – 183 25 Täby</s>
<s id="s281.1">Lopid</s>
<s id="s282.1">300 mg</s>
<s id="s283.1">Capsules</s>
<s id="s284.1">Oral use</s>
<s id="s285.1">Sweden</s>
<s id="s286.1">Pfizer AB Nytorpsvägen 36 Box 501 S – 183 25 Täby</s>
<s id="s287.1">Lopid</s>
<s id="s288.1">450 mg</s>
<s id="s289.1">Film coated tablets</s>
<s id="s290.1">Oral use</s>
<s id="s291.1">Sweden</s>
<s id="s292.1">Pfizer AB Nytorpsvägen 36 Box 501 S – 183 25 Täby</s>
<s id="s293.1">Lopid</s>
<s id="s294.1">600 mg</s>
<s id="s295.1">Film coated tablets</s>
<s id="s296.1">Oral use</s>
<s id="s297.1">United Kingdom</s>
<s id="s298.1">Warner Lambert UK Ltd trading as:</s>
<s id="s298.2">Lopid Parke Davis Lambert Court Chestnut Avenue Eastleigh, Hampshire SO53 3ZQ United Kingdom</s>
<s id="s299.1">300 mg</s>
<s id="s300.1">Capsules</s>
<s id="s301.1">Oral use</s>
<s id="s302.1">United Kingdom</s>
<s id="s303.1">Warner Lambert UK Ltd trading as:</s>
<s id="s303.2">Lopid Parke Davis Lambert Court Chestnut Avenue Eastleigh, Hampshire SO53 3ZQ United Kingdom</s>
<s id="s304.1">600 mg</s>
<s id="s305.1">Film coated tablets</s>
<s id="s306.1">Oral use</s>
<s id="s307.1">CHMP/ 1268/ 04</s>
<s id="s308.1">ANNEX II</s>
<s id="s309.1">7/ 22</s>
<s id="s310.1"> EMEA 2004</s>
<s id="s311.1">SCIENTIFIC CONCLUSIONS AND GROUNDS FOR AMENDMENT OF THE SUMMARIES OF PRODUCT CHARACTERISTICS PRESENTED BY THE EMEA</s>
<s id="s312.1">CHMP/ 1268/ 04 SCIENTIFIC CONCLUSIONS</s>
<s id="s313.1">9/ 22</s>
<s id="s314.1"> EMEA 2004</s>
<s id="s315.1">OVERALL SUMMARY OF THE SCIENTIFIC EVALUATION OF LOPID AND ASSOCIATED NAMES (see Annex I)</s>
<s id="s316.1">- Quality issues</s>
<s id="s317.1">No significant issues relating to Quality were identified.</s>
<s id="s318.1">The pharmaceutical particulars of the SPC were harmonised, except the sections, which need to be introduced nationally by the Member States when implementing the harmonised SPC (section 6).</s>
<s id="s319.1">- Efficacy issues</s>
<s id="s320.1">The divergences that previously existed across the SPCs of EU Member States included:</s>
<s id="s321.1">Section 4.1 Therapeutic Indications</s>
<s id="s322.1">The MAH was requested to propose and scientifically justify a common EU wide approach as there were divergences between national approvals regarding the use of Lopid in:</s>
<s id="s323.1">• The treatment of hyperlipoproteinaemia, • The primary prevention of cardiovascular morbidity.</s>
<s id="s324.1">After an assessment of the documentation provided by the MAH and an evaluation of the current EU- wide clinical practices relating to the use of Lopid, the following was considered to be the most suitable harmonised Section 4.1 indications text:</s>
<s id="s325.1">Currently, statins are the first-line treatment for patients with lipid abnormalities where pharmacological intervention has been definitely associated with a beneficial outcome.</s>
<s id="s325.2">The statins have shown convincing efficacy regarding both primary and secondary prevention of cardiac mortality and morbidity.</s>
<s id="s325.3">Treatment with gemfibrozil should be considered mainly in situations were statins may not be used such as intolerance to statins or in patients with particular lipid disorders.</s>
<s id="s325.4">In addition, the unrestricted recommendation to use a product which is not a statin to treat patients with dyslipoproteinaemia of Fredrickson types II a and b (and probably also type III) does not reflect the current practice.</s>
<s id="s326.1">The inclusion of the Fredrickson classification in the wording of the indication was questioned by the CPMP, partly due to the fact that this classification is becoming obsolete.</s>
<s id="s327.1">Finally, the harmonized indication is in line with European and US guidelines for the management of lipid disorders, which requires both confirmation of diagnosis by laboratory testing and lifestyle modification before initiating lipid-lowering treatment.</s>
<s id="s328.1">• Treatment of dyslipidaemia</s>
<s id="s329.1">The mechanism of action of gemfibrozil has not been definitively established.</s>
<s id="s329.2">In man, gemfibrozil stimulates the peripheral lipolysis of triglyceride rich lipoproteins such as very low-density lipoproteins (VLDL) and chylomicrons (by stimulation of the lipoprotein lipase, LPL).</s>
<s id="s329.3">Gemfibrozil also inhibits synthesis of VLDL in the liver.</s>
<s id="s329.4">Gemfibrozil increases the high-density lipoproteins HDL2 and HDL3 subfractions as well as apolipoprotein A-I and A-II.</s>
<s id="s330.1">The statins are now the primary choice in patients with hypercholesterolemia due to the superior low- density lipoproteins (LDL)-cholesterol lowering properties and the demonstrated benefit in outcome.</s>
<s id="s330.2">Due to the increased risk of muscular disorders, combined use of gemfibrozil and statins is no longer CHMP/ 1268/ 04</s>
<s id="s331.1">10/ 22</s>
<s id="s332.1"> EMEA 2004</s>
<s id="s333.1">recommended and therefore the use of gemfibrozil is primary reserved for those patients with dyslipidaemia characterised by high triglyceride levels and/ or low HDL cholesterol levels.</s>
<s id="s333.2">This was shown by two outcome-studies conducted with gemfibrozil (known as the Helsinki Heart and the Veterans Affairs HDL Intervention Trial [denoted by VA-HIT] studies).</s>
<s id="s333.3">The Helsinki Heart study was published by Frick MH, Elo O, Haapa K et al.</s>
<s id="s333.4">Helsinki Heart Study: primary prevention with gemfibrozil in middle aged men with dyslipidemia.</s>
<s id="s333.5">N Engl J Med 1987; 317:1237-1245.</s>
<s id="s333.6">The VA-HIT study was published by Rubins HB, Robins SJ, Collins D et al.</s>
<s id="s333.7">Gemfibrozil for the secondary prevention of coronary heart disease in men with low levels of high-density lipoprotein cholesterol.</s>
<s id="s333.8">N Engl J Med 1999; 341:410-418.</s>
<s id="s334.1">In a subgroup analysis of the Helsinki Heart Study it was found that gemfibrozil was particularly effective in preventing heart disease in patients with high serum triglyceride concentrations, plus either low HDL-cholesterol or a high LDL/ HDL cholesterol ratio (Circulation 1992; 85:</s>
<s id="s334.2">37).</s>
<s id="s334.3">In the second outcome study, the VA-HIT study, gemfibrozil resulted in a significant reduction in the risk of major cardiovascular events in patients with coronary heart disease whose primary lipid abnormality was a low HDL cholesterol, with LDL-cholesterol levels considered normal (≤ 3.6 mmol/ l).</s>
<s id="s335.1">Gemfibrozil is therefore particularly indicated for patients with high triglycerides and/ or low HDL- cholesterol.</s>
<s id="s335.2">Hypercholesterolemia still is an indication, but mainly in combination with such dyslipidaemia.</s>
<s id="s336.1">• Primary prevention (Reduction of cardiovascular morbidity)</s>
<s id="s337.1">This indication is mainly based on the Helsinki Heart Study, which was a large placebo-controlled study with 4081 male subjects, 40 to 55 years of age, with primary dyslipidaemia (predominantly raised non-HDL cholesterol +/ - hypertriglyceridaemia), but no previous history of coronary heart disease, gemfibrozil 600 mg twice daily, produced a significant reduction in total plasma triglycerides, total and low density lipoprotein cholesterol and a significant increase in high density lipoprotein cholesterol.</s>
<s id="s337.2">The cumulative rate of cardiac end-points (cardiac death and non-fatal myocardial infarction) during a 5 year follow-up was 27.3/ 1000 in the gemfibrozil group (56 subjects) and 41.4/ 1000 in the placebo group (84 subjects) showing a relative risk reduction of 34.0% (95% confidence interval 8.2 to 52.6, p &lt; 0.02) and an absolute risk reduction of 1.4% in the gemfibrozil group compared to placebo.</s>
<s id="s337.3">There was a 37% reduction in non-fatal myocardial infarction and a 26% reduction in cardiac deaths.</s>
<s id="s337.4">The number of deaths from all causes was, however, not different (44 in the gemfibrozil group and 43 in the placebo group).</s>
<s id="s337.5">Diabetes patients and patients with severe lipid fraction deviations showed a 68% and 71% reduction of CHD endpoints, respectively.</s>
<s id="s338.1">The study is only carried out in men between 40 and 55 years of age in a Finland, where at that time men were at particularly high risk for ischemic heart disease.</s>
<s id="s338.2">This hampers the external validity to the general population.</s>
<s id="s339.1">Patients were selected on the basis of non-HDL cholesterol with an acceptance level ≥ 5.2 mmol/ l without specifying levels of LDL- and HDL-cholesterol and triglycerides), Subgroup analysis showed that benefit was most pronounced in the patients who probably fitted more in the patients with hypertriglyceridaemia and mixed dyslipidaemia than in those with hypercholesterolemia.</s>
<s id="s339.2">Statins are the products of choice to treat patients with isolated hypercholesterolemia.</s>
<s id="s340.1">4.1 Therapeutic indications</s>
<s id="s341.1">Lopid is indicated as an adjunct to diet and other non-pharmacological treatment (e. g. exercise, weight reduction) for the following:</s>
<s id="s342.1">CHMP/ 1268/ 04 Treatment of dyslipidemia</s>
<s id="s343.1">11/ 22</s>
<s id="s344.1"> EMEA 2004</s>
<s id="s345.1">Mixed dyslipidaemia characterised by hypertriglyceridaemia and/ or low HDL-cholesterol.</s>
<s id="s345.2">Primary hypercholesterolaemia, particularly when a statin is considered inappropriate or is not tolerated.</s>
<s id="s346.1">Primary prevention Reduction of cardiovascular morbidity in males with increased non-HDL cholesterol and at high risk for a first cardiovascular event, particularly when a statin is considered inappropriate or is not tolerated (see section 5.1).</s>
<s id="s347.1">Section 4.2.</s>
<s id="s347.2">Posology and method of administration</s>
<s id="s348.1">Not all strengths were authorised in all Member States.</s>
<s id="s348.2">Little divergences were identified between dose recommendations.</s>
<s id="s348.3">More importantly, no Member States recommended a maximum dose &lt; 1,200 mg/ day (the dose used in Helsinki Heart Trial).</s>
<s id="s348.4">Where a maximum dose was recommended, it was consistently 1,500 mg.</s>
<s id="s349.1">The MAH was requested to substantiate scientifically the divergent information across member states and justify a proposed common wording, especially with regard to therapeutic daily dose range.</s>
<s id="s350.1">It was proposed to rationalise the authorised strengths of Lopid.</s>
<s id="s350.2">The 1200mg tablet and sachet formulations have already been and will be removed from the market.</s>
<s id="s350.3">Therefore the 300 mg capsule and 450 mg, 600 mg and 900 mg tablets will still be authorised.</s>
<s id="s350.4">The recommended dosage is 1200 mg per day with a 900 mg minimum dose and a maximum recommended dose of 1500 mg.</s>
<s id="s350.5">Medical practice over the years has established the use of combinations of the smaller dosage sizes to achieve the recommended daily dose even though higher strengths have been approved.</s>
<s id="s351.1">The proposed posology fits into the current recommendations.</s>
<s id="s351.2">In addition to the recommended maintenance dose, the CPMP considered it appropriate to recommend both a minimum and a maximum dose as well.</s>
<s id="s351.3">As the two major clinical outcome studies, Helsinki Heart Study and the VA- HIT study have been carried out with a 1200 mg daily dose (2x600 mg), the CPMP considered that 1200 mg should be the recommended daily dose.</s>
<s id="s351.4">Some recommendations were introduced for patients with patients with mild to moderate renal impairment.</s>
<s id="s352.1">After an assessment of the documentation provided by the MAH and an evaluation of the current EU- wide clinical practices relating to the use of Lopid the following was considered to be the most suitable harmonised Section 4.2 Posology and method of administration text:</s>
<s id="s353.1">4.2 Posology and method of administration</s>
<s id="s354.1">Prior to initiating gemfibrozil, other medical problems such as hypothyroidism and diabetes mellitus must be controlled as best as possible and patients should be placed on a standard lipid-lowering diet, which should be continued during treatment.</s>
<s id="s354.2">Lopid should be taken orally.</s>
<s id="s355.1">Adult The dose range is 900 mg to 1200 mg daily.</s>
<s id="s355.2">The only dose with documented effect on morbidity is 1200 mg daily.</s>
<s id="s356.1">The 1200 mg dose is taken as 600 mg twice daily, half an hour before breakfast and half an hour before the evening meal.</s>
<s id="s357.1">The 900 mg dose is taken as a single dose half an hour before the evening meal.</s>
<s id="s358.1">Elderly (over 65 years old) As for adults</s>
<s id="s359.1">CHMP/ 1268/ 04 Children and adolescents</s>
<s id="s360.1">12/ 22</s>
<s id="s361.1"> EMEA 2004</s>
<s id="s362.1">Gemfibrozil therapy has not been investigated in children.</s>
<s id="s362.2">Due to the lack of data the use of Lopid in children is not recommended.</s>
<s id="s363.1">Renal impairment In patients with mild to moderate renal impairment (Glomerular filtration rate 50 - 80 and 30 - &lt; 50 ml/ min/ 1.73 m2, respectively), start treatment at 900 mg daily and assess renal function before increasing dose.</s>
<s id="s363.2">Lopid should not be used in patients with severely impaired renal function (see section 4.3).</s>
<s id="s364.1">Hepatic impairment Gemfibrozil is contraindicated in hepatic impairment (see section 4.3).</s>
<s id="s365.1">- Safety issues</s>
<s id="s366.1">Section 4.3 Contraindications</s>
<s id="s367.1">The MAH was requested to propose and scientifically justify a common EU wide approach as the contraindications text was nor harmonised between Member States especially relating to the use in patients with: • (severe) liver and renal disease and gallbladder disease.</s>
<s id="s368.1">A recently reported drug interaction with repaglinide has been added to the contraindications.</s>
<s id="s368.2">The combination of gemfibrozil with repaglinide resulted in an 8-fold increased exposure of repaglinide, resulting in hypoglycaemia.</s>
<s id="s369.1">After an assessment of the documentation provided by the MAH and an evaluation of the current EU- wide clinical practices relating to the use of Lopid, the following was considered to be the most suitable harmonised Section 4.3 Contraindications:</s>
<s id="s370.1">4.3 Contraindications</s>
<s id="s371.1">Hypersensitivity to gemfibrozil or any of the excipients.</s>
<s id="s371.2">Hepatic impairment.</s>
<s id="s371.3">Severe renal impairment.</s>
<s id="s371.4">History of/ or pre-existing gall bladder or biliary tract disease, including gallstones Concomitant use of repaglinide (see section 4.5).</s>
<s id="s371.5">Patients with previous history of photoallergy or phototoxic reaction during treatment with fibrates.</s>
<s id="s372.1">Section 4.4.</s>
<s id="s372.2">Special warnings and precautions for use After an assessment of the documentation provided by the MAH and an evaluation of the current EU- wide clinical practices relating to the use of Lopid, the most suitable harmonised Section 4.4 Special Warnings and Precautions for Use text was approved (See Annex III).</s>
<s id="s372.3">The risk of muscle disorders (myopathy/ rhabdomyolysis) and the special warnings and special precautions for use in case of concomitant administration of HMG CoA reductase inhibitors were further emphasised in the harmonised SPC.</s>
<s id="s372.4">In addition, recently reported interactions with other medicinal products have been added to the SPC for Lopid.</s>
<s id="s373.1">Section 4.5.</s>
<s id="s373.2">Interaction with other medicinal products and other forms of interaction After an assessment of the documentation provided by the MAH and an evaluation of the current EU- wide clinical practices relating to the use of Lopid, the most suitable harmonised Section 4.5 Interaction with other medicinal products and other forms of interaction (See Annex III).</s>
<s id="s373.3">In addition, CHMP/ 1268/ 04</s>
<s id="s374.1">13/ 22</s>
<s id="s375.1"> EMEA 2004</s>
<s id="s376.1">recently reported interactions with other medicinal products have been added to the SPC for Lopid.</s>
<s id="s376.2">The risk of interaction with other medicinal products (esp. with those products metabolised through CYP2C9 and CYP2C8) was further emphasised in the harmonised SPC.</s>
<s id="s377.1">All other sections of the SPC were harmonised as a result of the referral procedure (except See Below; Administrative Issues).</s>
<s id="s378.1">Finally, the CPMP considered that all presentations may be useful to treat the patients in the approved indications.</s>
<s id="s379.1">Benefit/ Risk considerations Based on the documentation submitted by the MAH and the scientific discussion within the Committee, the CPMP considered that the benefit/ risk ratio of Lopid is favourable for use relating to:</s>
<s id="s380.1">Lopid as an adjunct to diet and other non-pharmacological treatment (e. g. exercise, weight reduction) for the following:</s>
<s id="s381.1">Treatment of dyslipidemia Mixed dyslipidaemia characterised by hypertriglyceridaemia and/ or low HDL-cholesterol.</s>
<s id="s381.2">Primary hypercholesterolaemia, particularly when a statin is considered inappropriate or is not tolerated.</s>
<s id="s382.1">Primary prevention Reduction of cardiovascular morbidity in males with increased non-HDL cholesterol and at high risk for a first cardiovascular event, particularly when a statin is considered inappropriate or is not tolerated (see section 5.1).</s>
<s id="s383.1">GROUNDS FOR AMENDMENT CHARACTERISTICS</s>
<s id="s384.1">OF</s>
<s id="s385.1">THE</s>
<s id="s386.1">SUMMARY(IES) OF</s>
<s id="s387.1">PRODUCT</s>
<s id="s388.1">Whereas,</s>
<s id="s389.1">• the scope of the referral was the harmonisation of the Summaries of Products Characteristics, • the Summary of Products Characteristic proposed by the Marketing Authorisation Holders has been assessed based on the documentation submitted and the scientific discussion within the Committee, • Important new information on interactions with several medicinal products was included in the SPC,</s>
<s id="s390.1">the CPMP has recommended the amendment of the Marketing Authorisations for which the Summary of Product Characteristics is set out in Annex III of the Opinion for Lopid and associated names (see Annex I).</s>
<s id="s390.2">The divergences identified at the start of the referral have been resolved.</s>
<s id="s391.1">CHMP/ 1268/ 04</s>
<s id="s392.1">ANNEX III</s>
<s id="s393.1">14/ 22</s>
<s id="s394.1"> EMEA 2004</s>
<s id="s395.1">SUMMARY OF PRODUCT CHARACTERISTICS</s>
<s id="s396.1">Note:</s>
<s id="s396.2">This SPC is the one that was Annexed to the Commission Decision on this Article 30 referral for gemfibrozil containing medicinal products.</s>
<s id="s396.3">The text was valid at that time.</s>
<s id="s397.1">After the Commission Decision, the Member State competent authorities will update the product information as required.</s>
<s id="s397.2">Therefore, this SPC may not necessarily represent the current text.</s>
<s id="s398.1">CHMP/ 1268/ 04 1.</s>
<s id="s398.2">NAME OF THE MEDICINAL PRODUCT</s>
<s id="s399.1">15/ 22</s>
<s id="s400.1"> EMEA 2004</s>
<s id="s401.1">&lt; (LOPID and associated names) &gt; &lt; (strength) &gt; mg&lt; tablets &gt; &lt; capsules &gt; &lt; granules &gt; &lt; film-coated tablets &gt; &lt; coated tablets &gt;</s>
<s id="s402.1">[See Annex I.</s>
<s id="s402.2">To be implemented nationally]</s>
<s id="s403.1">2.</s>
<s id="s403.2">QUALITATIVE AND QUANTITATIVE COMPOSITION</s>
<s id="s404.1">Each capsule contains 300 mg gemfibrozil.</s>
<s id="s404.2">Each film-coated tablet contains 450 mg, 600 mg or 900 mg gemfibrozil.</s>
<s id="s404.3">For excipients, see 6.1.</s>
<s id="s405.1">[See Annex I.</s>
<s id="s405.2">To be implemented nationally]</s>
<s id="s406.1">3.</s>
<s id="s406.2">PHARMACEUTICAL FORM</s>
<s id="s407.1">&lt; Capsule &gt; &lt; Film-coated tablet &gt; &lt; Tablet &gt; &lt; Granules &gt; &lt; Coated tablet &gt;</s>
<s id="s408.1">[See Annex I.</s>
<s id="s408.2">To be implemented nationally]</s>
<s id="s409.1">4.</s>
<s id="s409.2">CLINICAL PARTICULARS</s>
<s id="s410.1">4.1.</s>
<s id="s410.2">Therapeutic indications</s>
<s id="s411.1">Lopid is indicated as an adjunct to diet and other non-pharmacological treatment (e. g. exercise, weight reduction) for the following:</s>
<s id="s412.1">Treatment of dyslipidemia Mixed dyslipidaemia characterised by hypertriglyceridaemia and/ or low HDL-cholesterol.</s>
<s id="s412.2">Primary hypercholesterolaemia, particularly when a statin is considered inappropriate or is not tolerated.</s>
<s id="s413.1">Primary prevention Reduction of cardiovascular morbidity in males with increased non-HDL cholesterol and at high risk for a first cardiovascular event, particularly when a statin is considered inappropriate or is not tolerated (see section 5.1).</s>
<s id="s414.1">4.2.</s>
<s id="s414.2">Posology and method of administration</s>
<s id="s415.1">Prior to initiating gemfibrozil, other medical problems such as hypothyroidism and diabetes mellitus must be controlled as best as possible and patients should be placed on a standard lipid-lowering diet, which should be continued during treatment.</s>
<s id="s415.2">Lopid should be taken orally.</s>
<s id="s416.1">Adult The dose range is 900 mg to 1200 mg daily.</s>
<s id="s416.2">The only dose with documented effect on morbidity is 1200 mg daily.</s>
<s id="s417.1">The 1200 mg dose is taken as 600 mg twice daily, half an hour before breakfast and half an hour before the evening meal.</s>
<s id="s418.1">The 900 mg dose is taken as a single dose half an hour before the evening meal.</s>
<s id="s419.1">CHMP/ 1268/ 04 Elderly (over 65 years old) As for adults</s>
<s id="s420.1">16/ 22</s>
<s id="s421.1"> EMEA 2004</s>
<s id="s422.1">Children and adolescents</s>
<s id="s423.1">Gemfibrozil therapy has not been investigated in children.</s>
<s id="s423.2">Due to the lack of data the use of Lopid in children is not recommended.</s>
<s id="s424.1">Renal impairment In patients with mild to moderate renal impairment (Glomerular filtration rate 50 - 80 and 30 - &lt; 50 ml/ min/ 1.73 m2, respectively), start treatment at 900 mg daily and assess renal function before increasing dose.</s>
<s id="s424.2">Lopid should not be used in patients with severely impaired renal function (see section 4.3).</s>
<s id="s425.1">Hepatic impairment Gemfibrozil is contraindicated in hepatic impairment (see section 4.3).</s>
<s id="s426.1">4.3.</s>
<s id="s426.2">Contraindications</s>
<s id="s427.1">Hypersensitivity to gemfibrozil or any of the excipients.</s>
<s id="s427.2">Hepatic impairment.</s>
<s id="s427.3">Severe renal impairment.</s>
<s id="s427.4">History of/ or pre-existing gall bladder or biliary tract disease, including gallstones Concomitant use of repaglinide (see section 4.5).</s>
<s id="s427.5">Patients with previous history of photoallergy or phototoxic reaction during treatment with fibrates.</s>
<s id="s428.1">4.4.</s>
<s id="s428.2">Special warnings and special precautions for use</s>
<s id="s429.1">Muscle disorders (myopathy/ rhabdomyolysis) There have been reports of myositis, myopathy and markedly elevated creatine phosphokinase associated with gemfibrozil.</s>
<s id="s429.2">Rhabdomyolysis has also been reported rarely.</s>
<s id="s429.3">Muscle damage must be considered in any patient presenting with diffuse myalgia, muscle tenderness and/ or marked increase in muscle CPK levels (&gt; 5x ULN); under these conditions treatment must be discontinued.</s>
<s id="s430.1">Concomitant HMG CoA reductase inhibitors The risk of muscle damage may be increased in the event of combination with an HMG-CoA reductase inhibitor.</s>
<s id="s430.2">Pharmacokinetic interactions may also be present (see also section 4.5) and dosage adjustments may be necessary.</s>
<s id="s431.1">The benefit of further alterations in lipid levels by the combined use of gemfibrozil and HMG-CoA reductase inhibitors should be carefully weighed against the potential risks of such combinations and clinical monitoring is recommended.</s>
<s id="s431.2">A creatine phosphokinase (CPK) level should be measured before starting such a combination in patients with pre-disposing factors for rhabdomyolysis as follows: • renal impairment • hypothyroidism • alcohol abuse • age &gt; 70 years • personal or family history of hereditary muscular disorders • previous history of muscular toxicity with another fibrate or HMG-CoA reductase inhibitor</s>
<s id="s432.1">Use in patients with gallstone formation Gemfibrozil may increase cholesterol excretion into the bile raising the potential for gallstone formation.</s>
<s id="s432.2">Cases of cholelithiasis have been reported with gemfibrozil therapy.</s>
<s id="s432.3">If cholelithiasis is</s>
<s id="s433.1">CHMP/ 1268/ 04</s>
<s id="s434.1">17/ 22</s>
<s id="s435.1"> EMEA 2004</s>
<s id="s436.1">suspected, gallbladder studies are indicated.</s>
<s id="s436.2">Gemfibrozil therapy should be discontinued if gallstones are found.</s>
<s id="s437.1">Monitoring serum lipids Periodic determinations of serum lipids are necessary during treatment with gemfibrozil.</s>
<s id="s437.2">Sometimes a paradoxical increase of (total and LDL) cholesterol can occur in patients with hypertriglyceridaemia.</s>
<s id="s437.3">If the response is insufficient after 3 months of therapy at recommended doses treatment should be discontinued and alternative treatment methods considered.</s>
<s id="s438.1">Monitoring liver function Elevated levels of ALAT, ASAT, alkaline phosphatase, LDH, CK and bilirubin have been reported.</s>
<s id="s438.2">These are usually reversible when gemfibrozil is discontinued.</s>
<s id="s438.3">Therefore liver function tests should be performed periodically.</s>
<s id="s438.4">Gemfibrozil therapy should be terminated if abnormalities persist.</s>
<s id="s439.1">Monitoring blood counts Periodic blood count determinations are recommended during the first 12 months of gemfibrozil administration.</s>
<s id="s439.2">Anaemia, leucopenia, thrombocytopenia, eosinophilia and bone marrow hypoplasia have been reported rarely (see section 4.8).</s>
<s id="s440.1">Interactions with other medicinal products (see also sections 4.3 and 4.5).</s>
<s id="s441.1">Concomitant use with CYP2C8, CYP2C9, CYP2C19, CYP1A2, UGTA1 and UGTA3 substrates.</s>
<s id="s441.2">The interaction profile of gemfibrozil is complex resulting in increased exposure of many medicinal products if administered concomitantly with gemfibrozil.</s>
<s id="s441.3">Gemfibrozil potently inhibits CYP2C8, CYP2C9, CYP2C19, CYP1A2, UGTA1 and UGTA3 enzymes (see section 4.5)</s>
<s id="s442.1">Concomitant use with hypoglycaemic agents There have been reports of hypoglycaemic reactions after concomitant use with gemfibrozil and hypoglycaemic agents (oral agents and insulin).</s>
<s id="s442.2">Monitoring of glucose levels is recommended.</s>
<s id="s443.1">Concomitant oral anticoagulants Gemfibrozil may potentiate the effects of oral anticoagulants, which necessitates careful monitoring of the anticoaglant dosing.</s>
<s id="s443.2">Caution should be exercised when anticoagulants are given in conjunction with gemfibrozil.</s>
<s id="s443.3">The dosage of the anticoagulant may need to be reduced to maintain desired prothrombin time levels (see Section 4.5.)</s>
<s id="s444.1">4.5.</s>
<s id="s444.2">Interaction with other medicinal products and other forms of interaction</s>
<s id="s445.1">The interaction profile of gemfibrozil is complex.</s>
<s id="s445.2">In vivo studies indicate that gemfibrozil is a potent inhibitor of CYP2C8 (an enzyme important for the metabolism of e. g. repaglinide, rosiglitazone and paclitaxel).</s>
<s id="s445.3">In vitro studies have shown that gemfibrozil is a strong inhibitor of CYP2C9 (an enzyme involved in the metabolism of e. g. warfarin and glimepiride), but also of CYP 2C19, CYP1A2 and UGTA1 and UGTA3 (see Section 4.4).</s>
<s id="s446.1">Repaglinide The combination of gemfibrozil with repaglinide is contra-indicated (see Section 4.3).</s>
<s id="s446.2">Concomitant administration has resulted in 8-fold increase in repaglinide plasma concentration probably by inhibition of the CYP2C8 enzyme, resulting in hypoglycaemic reactions.</s>
<s id="s447.1">Rosiglitazone The combination of gemfibrozil with rosiglitazone should be approached with caution.</s>
<s id="s447.2">Co- administration with rosiglitazone has resulted in 2.3-fold increase in rosiglitazone systemic exposure, probably by inhibition of the CYP2C8 isozyme (see section 4.4).</s>
<s id="s448.1">CHMP/ 1268/ 04 HMG CoA reductase inhibitors</s>
<s id="s449.1">18/ 22</s>
<s id="s450.1"> EMEA 2004</s>
<s id="s451.1">The combined use of gemfibrozil and a statin should generally be avoided (see section 4.4).</s>
<s id="s451.2">The use of fibrates alone is occasionally associated with myopathy.</s>
<s id="s451.3">An increased risk of muscle related adverse events, including rhabdomyolysis, has been reported when fibrates are co-administered with statins.</s>
<s id="s452.1">Gemfibrozil has also been reported to influence the pharmacokinetics of simvaststin, lovastatin, pravastatin and rosuvastatin.</s>
<s id="s452.2">Gemfibrozil caused an almost 3-fold increased in AUC of simvastatin acid possibly due to inhibition of glucoronidation via UGTA1 and UGTA3, and a 3-fold increase in pravastatin AUC which may be due to interference with transport proteins.</s>
<s id="s452.3">One study indicated that the co-administration of a single rosuvastatin dose of 80 mg to healthy volunteers on gemfibrozil (600 mg twice daily) resulted in a 2.2-fold increase in mean Cmax and a 1.9-fold increase in mean AUC of rosuvastatin.</s>
<s id="s453.1">Oral anticoagulants Gemfibrozil may potentiate the effects of oral anticoagulants, which necessitates careful monitoring of the anticoagulant dosing (see section 4.4).</s>
<s id="s454.1">Bexarotene Concomitant administration of gemfibrozil with bexarotene is not recommended.</s>
<s id="s454.2">A population analysis of plasma bexarotene concentrations in patients with cutaneous T-cell lymphoma (CTCL) indicated that concomitant administration of gemfibrozil resulted in substantial increases in plasma concentrations of bexarotene.</s>
<s id="s455.1">Bile Acid – Binding Resins Reduced bioavailability of gemfibrozil may result when given simultaneously with resin-granule drugs such as colestipol.</s>
<s id="s455.2">Administration of the products two hours or more apart is recommended.</s>
<s id="s456.1">4.6.</s>
<s id="s456.2">Pregnancy and lactation</s>
<s id="s457.1">Pregnancy There are no adequate data on use of Lopid in pregnant women.</s>
<s id="s457.2">Animal studies are insufficiently clear to allow conclusions to be drawn on pregnancy and foetal development (see section 5.3).</s>
<s id="s457.3">The potential risk for humans is unknown.</s>
<s id="s457.4">Lopid should not be used during pregnancy unless it is clearly necessary.</s>
<s id="s458.1">Lactation There are no data on excretion of gemfibrozil in milk.</s>
<s id="s458.2">Lopid should not be used when breast feeding.</s>
<s id="s459.1">4.7 Effects on ability to drive and use machines</s>
<s id="s460.1">No studies on the effects on the ability to drive and use machines have been performed.</s>
<s id="s460.2">In isolated cases dizziness and visual disturbances can occur which may negatively influence driving.</s>
<s id="s461.1">4.8 Undesirable effects</s>
<s id="s462.1">Most commonly reported adverse reactions are of gastrointestinal character and are seen in approximately 7% of the patients.</s>
<s id="s462.2">These adverse reactions do not usually lead to discontinuation of the treatment.</s>
<s id="s463.1">Adverse reactions are ranked according to frequency using the following convention:</s>
<s id="s463.2">Very common (&gt; 1/ 10), Common (&gt; 1/ 100 ,&lt; 1/10), Uncommon (&gt; 1/ 1,000 ,&lt; 1/100), Rare (&gt; 1/ 10,000, &lt; 1/ 1,000), Very rare (&lt; 1/ 10,000), including isolated reports:</s>
<s id="s464.1">Platelet, bleeding and clotting disorders Rare: thrombocytopenia.</s>
<s id="s465.1">CHMP/ 1268/ 04 Red blood cell disorders</s>
<s id="s466.1">19/ 22</s>
<s id="s467.1"> EMEA 2004</s>
<s id="s468.1">Rare: severe anaemia.</s>
<s id="s468.2">Self-limiting, mild haemoglobin and haematocrit decrease have been observed on initiating gemfibrozil therapy.</s>
<s id="s469.1">White cell and reticuloendothelial system disorders Rare: leucopoenia, eosinophilia, bone marrow hypoplasia.</s>
<s id="s469.2">Self-limiting, white cell decrease has been observed on initiating gemfibrozil therapy.</s>
<s id="s470.1">Central and peripheral nervous system Common: vertigo, headache.</s>
<s id="s470.2">Rare: dizziness, somnolence, paresthesia, peripheral neuritis, decreased libido.</s>
<s id="s471.1">Vision disorders Rare: blurred vision.</s>
<s id="s472.1">Heart rate and rhythm disorders Uncommon: atrial fibrillation.</s>
<s id="s473.1">Gastro-intestinal system disorders Very common: dyspepsia.</s>
<s id="s473.2">Common: abdominal pain, diarrhoea, flatulence, nausea, vomiting, constipation.</s>
<s id="s473.3">Rare: pancreatitis, acute appendicitis.</s>
<s id="s474.1">Liver and biliary system disorders Rare: cholestatic jaundice, disturbed liver function, hepatitis, cholelithiasis, cholecystitis.</s>
<s id="s475.1">Skin and appendages disorders Common: eczema, rash.</s>
<s id="s475.2">Rare: exfoliative dermatitis, dermatitis, pruritus, alopecia.</s>
<s id="s476.1">Musculoskeletal disorders Rare: arthralgia, synovitis, myalgia, myopathy, myasthenia, painful extremities and myositis accompanied by increase in creatine kinase (CK), rhabdomyolysis.</s>
<s id="s477.1">Urinary system disorders Rare: impotence.</s>
<s id="s478.1">Body as a whole-general disorders Common: fatigue.</s>
<s id="s478.2">Rare: photosensitivity, angioedema, laryngeal edema, urticaria.</s>
<s id="s479.1">4.9 Overdose</s>
<s id="s480.1">Overdose has been reported.</s>
<s id="s480.2">Non-specific symptoms reported were nausea and vomiting.</s>
<s id="s480.3">The patients fully recovered.</s>
<s id="s480.4">Symptomatic supportive measures should be taken if overdose occurs.</s>
<s id="s481.1">5.</s>
<s id="s481.2">PHARMACOLOGICAL PROPERTIES</s>
<s id="s482.1">5.1.</s>
<s id="s482.2">Pharmacodynamic properties</s>
<s id="s483.1">Pharmacotherapeutic group:</s>
<s id="s483.2">Serum-lipid lowering agent Chemical subgroup:</s>
<s id="s483.3">Fibrates ATC code:</s>
<s id="s483.4">C10A B04</s>
<s id="s484.1">CHMP/ 1268/ 04</s>
<s id="s485.1">20/ 22</s>
<s id="s486.1"> EMEA 2004</s>
<s id="s487.1">Gemfibrozil is a non-halogenated phenoxypentanoic acid.</s>
<s id="s487.2">Gemfibrozil is a lipid regulating agent which regulates lipid fractions.</s>
<s id="s488.1">Gemfibrozil's mechanism of action has not been definitively established.</s>
<s id="s488.2">In man, gemfibrozil stimulates the peripheral lipolysis of triglyceride rich lipoproteins such as VLDL and cholymicrons (by stimulation of LPL).</s>
<s id="s488.3">Gemfibrozil also inhibits synthesis of VLDL in the liver.</s>
<s id="s488.4">Gemfibrozil increases the HDL2 and HDL3 subfractions as well as apolipoprotein A-I and A-II.</s>
<s id="s489.1">Animal studies suggest that the turnover and removal of cholesterol from the liver is increased by gemfibrozil.</s>
<s id="s490.1">In the Helsinki Heart Study, which was a large placebo-controlled study with 4081 male subjects, 40 to 55 years of age, with primary dyslipidaemia (predominantly raised non-HDL cholesterol +/ - hypertriglyceridaemia), but no previous history of coronary heart disease, gemfibrozil 600 mg twice daily, produced a significant reduction in total plasma triglycerides, total and low density lipoprotein cholesterol and a significant increase in high density lipoprotein cholesterol.</s>
<s id="s490.2">The cumulative rate of cardiac end-points (cardiac death and non-fatal myocardial infarction) during a 5 year follow-up was 27.3/ 1000 in the gemfibrozil group (56 subjects) and 41.4/ 1000 in the placebo group (84 subjects) showing a relative risk reduction of 34.0% (95% confidence interval 8.2 to 52.6, p &lt; 0.02) and an absolute risk reduction of 1.4% in the gemfibrozil group compared to placebo.</s>
<s id="s490.3">There was a 37% reduction in non-fatal myocardial infarction and a 26% reduction in cardiac deaths.</s>
<s id="s490.4">The number of deaths from all causes was, however, not different (44 in the gemfibrozil group and 43 in the placebo group).</s>
<s id="s490.5">Diabetes patients and patients with severe lipid fraction deviations showed a 68% and 71% reduction of CHD endpoints, respectively.</s>
<s id="s491.1">5.2.</s>
<s id="s491.2">Pharmacokinetic properties</s>
<s id="s492.1">Absorption Gemfibrozil is well absorbed from the gastro-intestinal tract after oral administration with a bioavailability close to 100%.</s>
<s id="s492.2">As the presence of food alters the bioavailability slightly gemfibrozil should be taken 30 minutes before a meal.</s>
<s id="s492.3">Peak plasma levels occur in one to two hours.</s>
<s id="s492.4">After administration of 600 mg twice daily a Cmax in the range 15 to 25 mg/ ml is obtained.</s>
<s id="s493.1">Distribution Volume of distribution at steady state is 9-13 l.</s>
<s id="s493.2">The plasma protein binding of gemfibrozil and its main metabolite are at least 97%.</s>
<s id="s494.1">Biotransformation Gemfibrozil undergoes oxidation of a ring methyl group to form successively a hydroxymethyl and a carboxyl metabolite (the main metabolite).</s>
<s id="s494.2">This metabolite has a low activity compared to the mother compound gemfibrozil and an elimination half-life of approximately 20 hours.</s>
<s id="s494.3">The enzymes involved in the metabolism of gemfibrozil are not known.</s>
<s id="s494.4">The interaction profile of gemfibrozil is complex (see sections 4.3, 4.4 and 4.5).</s>
<s id="s494.5">In vitro and in vivo studies have shown that gemfibrozil inhibits CYP2C8, CYP2C9, CYP2C19, CYP1A2, UGTA1 and UGTA3.</s>
<s id="s495.1">Elimination Gemfibrozil is eliminated mainly by metabolism.</s>
<s id="s495.2">Approximately 70% of the administered human dose is excreted in the urine, mainly as conjugates of gemfibrozil and its metabolites.</s>
<s id="s495.3">Less than 6% of the dose is excreteed unchanged in the urine.</s>
<s id="s495.4">Six percent of the dose is found in faeces.</s>
<s id="s495.5">The total clearance of gemfibrozil is in the range 100 to 160 ml/ min, and the elimination half-life is in the range 1.3 to 1.5 hours.</s>
<s id="s495.6">The pharmacokinetics is linear within the therapeutic dose range.</s>
<s id="s496.1">Special patient groups No pharmacokinetic studies have been performed in patients with impaired hepatic function.</s>
<s id="s497.1">CHMP/ 1268/ 04</s>
<s id="s498.1">21/ 22</s>
<s id="s499.1"> EMEA 2004</s>
<s id="s500.1">There are limited data on patients with mild, moderate and non-dialysed severe renal impairment.</s>
<s id="s500.2">The limited data support the use of up to 1200 mg a day in patients with mild to moderate renal failure not receiving another lipid lowering drug.</s>
<s id="s501.1">5.3 Preclinical safety data</s>
<s id="s502.1">In a 2-year study of gemfibrozil, subcapsular bilateral cataracts occurred in 10%, and unilateral in 6.3%, of male rats treated at 10 times the human dose.</s>
<s id="s503.1">In a mouse carcinogenicity study at dosages corresponding to 0.1 and 0.7 times the clinical exposure (based on AUC), there were no significant differences from controls in the incidence of tumors.</s>
<s id="s503.2">In a rat carcinogenicity study at dosages corresponding to 0.2 and 1.3 times the clinical exposure (based on AUC), the incidence of benign liver nodules and liver carcinomas was significantly increased in high dose males, and the incidence of liver carcinomas increased also in the low dose males, but this increase was not statistically significant.</s>
<s id="s504.1">Liver tumours induced by gemfibrozil and other fibrates in small rodents are generally considered to be related to the extensive proliferation of peroxisomes in these species and, consequently, of minor clinical relevance.</s>
<s id="s504.2">In the male rat, gemfibrozil also induced benign Leydig cell tumors.</s>
<s id="s504.3">The clinical relevance of this finding is minimal.</s>
<s id="s505.1">In reproductive toxicity studies, administration of gemfibrozil at approximately 2 times the human dose (based on body surface area) to male rats for 10 weeks resulted in decreased fertility.</s>
<s id="s505.2">Fertility was restored after a drug-free period of 8 weeks.</s>
<s id="s505.3">Gemfibrozil was not teratogenic in either rats or rabbits.</s>
<s id="s505.4">Administration of 1 and 3 times the human dose (based on body surface area) of gemfibrozil to female rabbits during organogenesis caused a dose-related decrease in litter size.</s>
<s id="s505.5">Administration of 0.6 and 2 times the human dose (based on body surface area) of gemfibrozil to female rats from gestation Day 15 through weaning caused dose-related decreases in birth weight and suppression of pup growth during lactation.</s>
<s id="s505.6">Maternal toxicity was observed in both species and the clinical relevance of decreases in rabbit litter size and rat pup weight is uncertain.</s>
<s id="s506.1">6.</s>
<s id="s506.2">PHARMACEUTICAL PARTICULARS</s>
<s id="s507.1">6.1 List of excipients</s>
<s id="s508.1">[To be implemented nationally]</s>
<s id="s509.1">6.2 Incompatibilities</s>
<s id="s510.1">[To be implemented nationally]</s>
<s id="s511.1">6.3 Shelf life</s>
<s id="s512.1">[To be implemented nationally]</s>
<s id="s513.1">6.4 Special precautions for storage</s>
<s id="s514.1">[To be implemented nationally]</s>
<s id="s515.1">6.5 Nature and contents of container</s>
<s id="s516.1">Not all pack sizes may be marketed [To be implemented nationally]</s>
<s id="s517.1">CHMP/ 1268/ 04 6.6 Instructions for use and handling</s>
<s id="s518.1">22/ 22</s>
<s id="s519.1"> EMEA 2004</s>
<s id="s520.1">[To be implemented nationally]</s>
<s id="s521.1">7.</s>
<s id="s521.2">MARKETING AUTHORIZATION HOLDER</s>
<s id="s522.1">[To be implemented nationally]</s>
<s id="s523.1">8.</s>
<s id="s523.2">MARKETING AUTHORIZATION NUMBER</s>
<s id="s524.1">[To be implemented nationally]</s>
<s id="s525.1">9.</s>
<s id="s525.2">DATE OF FIRST AUTHORIZATION/ RENEWAL OF AUTHORIZATION</s>
<s id="s526.1">[To be implemented nationally]</s>
<s id="s527.1">10.</s>
<s id="s527.2">DATE OF (PARTIAL) REVISION OF THE TEXT</s>
<s id="s528.1">CHMP/ 1268/ 04</s>
<s id="s529.1">23/ 22</s>
<s id="s530.1"> EMEA 2004</s>
</body>
</letsmt>
