<?xml version="1.0" encoding="utf-8"?>
<letsmt version="1.0">
<head></head>
<body>
<s id="s1.1">The European Agency for the Evaluation of Medicinal Products</s>
<s id="s2.1">CPMP/ 1001/ 97-EN</s>
<s id="s3.1">OPINION OF THE COMMITTEE FOR PROPRIETARY MEDICINAL PRODUCTS PURSUANT TO ARTICLE 12 OF COUNCIL DIRECTIVE 75/ 319/ EEC AS AMENDED FOR</s>
<s id="s4.1">Medicinal products</s>
<s id="s5.1">International non-proprietary names:</s>
<s id="s5.2">Names:</s>
<s id="s5.3">Pharmaceutical forms:</s>
<s id="s6.1">Terfenadine and Pseudoephedrine hydrochloride see Annex A tablet (including coated tablet and film coated tablet)</s>
<s id="s7.1">Strength:</s>
<s id="s8.1">terfenadine:</s>
<s id="s8.2">60 mg pseudoephedrine hydrochloride:</s>
<s id="s8.3">120 mg</s>
<s id="s9.1">Route of administration:</s>
<s id="s10.1">oral use</s>
<s id="s11.1">Basis for opinion</s>
<s id="s12.1">On 10 February 1997 France presented to the EMEA a referral under Article 12 of Council Directive 75/ 319/ EEC as amended.</s>
<s id="s12.2">The grounds for referral were submitted on 10 February 1997 and are appended to this opinion.</s>
<s id="s12.3">The question referred by France to the CPMP was:</s>
<s id="s13.1">“ to give an opinion on whether there is an unfavourable benefit/ risk ratio for terfenadine in relation to its arrhythmogenic potential and to its serious cardiac adverse effects.</s>
<s id="s13.2">The opinion should take into account the global safety profile of terfenadine in comparison with existing alternative non sedative anti- histaminic drugs available for the same indications in the European Union .”</s>
<s id="s14.1">The matter was referred to the CPMP on 19 February 1997.</s>
<s id="s15.1">The above mentioned referral has been administered as outlined below.</s>
<s id="s16.1">The initial time frame agreed by the CPMP on 19 February 1997 was 90 days, extended by an extra period of 90 days on 14 May 1997.</s>
<s id="s17.1">On the basis of the grounds for referral, the following questions were forwarded to the Marketing Authorisation Holders:</s>
<s id="s18.1">1.</s>
<s id="s18.2">Please provide information on your terfenadine containing product(s) available on the EU market (indications, recommended doses, duration, sales figures and legal status).</s>
<s id="s18.3">2.</s>
<s id="s18.4">Please provide information on the profile and incidence of adverse reactions to terfenadine in comparison with other non sedative anti-histamines on the EU market used to alleviate the same pathological conditions, with particular reference to serious adverse events (with respect to cardiotoxicity and other effects), outcome and risk factors.</s>
<s id="s18.5">3.</s>
<s id="s18.6">Please provide evidence of efficacy of terfenadine in its indications, in comparison with other non sedative anti-histamines already available on the EU market (comparative study design, patient population, efficacy end points).</s>
<s id="s18.7">4.</s>
<s id="s18.8">What previous measures have been taken in order to minimise the risk of cardiac adverse reactions, especially as to the information provided in the SPC, and what has been the effect of it?</s>
<s id="s18.9">5.</s>
<s id="s18.10">What new measures and information could be taken in order to improve the control, the occurrence and consequences of serious cardiac reactions?</s>
<s id="s19.1">7 Westferry Circus, Canary Wharf, London E14 4HB, UK Tel:</s>
<s id="s19.2">(+44-171) 418 84 00 Fax:</s>
<s id="s19.3">(+44-171) 418 85 51</s>
<s id="s20.1">E_Mail: mail@emea. eudra. org</s>
<s id="s21.1">http: / /www. eudra. org/ emea. html</s>
<s id="s22.1">© EMEA 1998 Reproduction and/ or distribution of this document is authorised for non commercial purposes only provided the EMEA is acknowledged Written explanations were provided by the Marketing Authorisation Holders by 9 July 1997.</s>
<s id="s22.2">Oral explanations were given by Marketing Authorisation Holders on 23 July 1997.</s>
<s id="s22.3">Supplementary written information was provided by Marketing Authorisation Holders during the period 15 August 1997 to 30 October 1997.</s>
<s id="s23.1">Opinion The CPMP, having considered the matter as set out in the appended Assessment Report, recommends the withdrawal of the Marketing Authorisations for all medicinal products referred to in Annex A.</s>
<s id="s24.1">The Scientific Conclusions and the grounds for withdrawal are set out in Annex B.</s>
<s id="s25.1">This opinion is forwarded to the European Commission, to Member States and to the Marketing Authorisation Holders together with its annexes and appendices.</s>
<s id="s26.1">London, 19 November 1997.</s>
<s id="s27.1">On behalf of the CPMP Prof.</s>
<s id="s27.2">J. -M.</s>
<s id="s27.3">Alexandre, Chairman</s>
<s id="s28.1">CPMP/ 1001/ 97-EN</s>
<s id="s29.1">ANNEX A</s>
<s id="s30.1">2/ 7</s>
<s id="s31.1">© EMEA 1998</s>
<s id="s32.1">LIST OF THE NAMES OF THE MEDICINAL PRODUCTS AND OF THE MARKETING AUTHORISATION HOLDERS IN THE MEMBER STATES</s>
<s id="s33.1">CPMP/ 1001/ 97-EN</s>
<s id="s34.1">3/ 7</s>
<s id="s35.1">© EMEA 1998</s>
<s id="s36.1">Member State</s>
<s id="s37.1">Marketing Authorisation Holder</s>
<s id="s38.1">Product Name</s>
<s id="s39.1">Pack Size (tablets)</s>
<s id="s40.1">Austria</s>
<s id="s41.1">Albert Roussel Pharma Altmansdorferstr.</s>
<s id="s41.2">104 1121 Wien</s>
<s id="s42.1">Teldafed- Manteltabletten</s>
<s id="s43.1">10 30</s>
<s id="s44.1">Belgium</s>
<s id="s45.1">Hoechst Marion Roussel Rue Colonel Bourt, 155 1140 Brussels</s>
<s id="s46.1">Teldafen</s>
<s id="s47.1">20</s>
<s id="s48.1">Italy</s>
<s id="s49.1">Lepetit Via R.</s>
<s id="s49.2">Lepetit 8 20020 Lainate (MI)</s>
<s id="s50.1">Teldane D</s>
<s id="s51.1">20</s>
<s id="s52.1">Luxembourg</s>
<s id="s53.1">Hoechst Marion Roussel Rue Colonel Bourt, 155 1140 Brussels Belgium</s>
<s id="s54.1">Teldafen</s>
<s id="s55.1">20</s>
<s id="s56.1">Portugal</s>
<s id="s57.1">Hoechst Marion Roussel, Lda Estrada Nacional 249, Km 15 Apartado 39 2726 Mem Martins Codex</s>
<s id="s58.1">Trilufen</s>
<s id="s59.1">20</s>
<s id="s60.1">CPMP/ 1001/ 97-EN</s>
<s id="s61.1">ANNEX B</s>
<s id="s62.1">4/ 7</s>
<s id="s63.1">© EMEA 1998</s>
<s id="s64.1">SCIENTIFIC CONCLUSIONS PRESENTED BY THE EMEA ON THE BASIS OF THE OPINION OF THE CPMP FORMULATED UNDER ARTICLE 12 OF COUNCIL DIRECTIVE 75/ 319/ EEC</s>
<s id="s65.1">CPMP/ 1001/ 97-EN</s>
<s id="s66.1">5/ 7</s>
<s id="s67.1">© EMEA 1998</s>
<s id="s68.1">SCIENTIFIC CONCLUSIONS PRESENTED BY THE EMEA ON THE BASIS OF THE OPINION OF THE CPMP FORMULATED UNDER ARTICLE 12 OF COUNCIL DIRECTIVE 75/ 319/ EEC</s>
<s id="s69.1">OVERALL SUMMARY OF THE SCIENTIFIC EVALUATION OF TERFENADINE- PSEUDOEPHEDRINE HYDROCHLORIDE TABLET FORMULATIONS (referred as terfenadine-pseudoephedrine tablet formulations)</s>
<s id="s70.1">On 10 February 1997 France requested that the CPMP, under Article 12 of Council Directive 75/ 319/ EEC as amended, give an opinion on whether there is an unfavourable benefit/ risk ratio for terfenadine in relation to its arrhythmogenic potential and to its serious cardiac adverse effects.</s>
<s id="s70.2">The opinion should take into account the global safety profile of terfenadine in comparison with existing alternative non sedative anti-histamines (NSAHs) drugs available for the same indications in the European Union.</s>
<s id="s71.1">The CPMP at their meeting of 17-19 November 1997 considered the matter and reached the following conclusions, based on the evaluation of the Ad Hoc Expert Group and on the assessment reports distributed by the Rapporteur and the Co-Rapporteur:</s>
<s id="s72.1">SAFETY</s>
<s id="s73.1">Pharmacological data</s>
<s id="s74.1">Terfenadine is a potent inhibitor of several cardiac potassium channels.</s>
<s id="s74.2">In animals and in humans, the effect of terfenadine on QTc is dose dependent.</s>
<s id="s74.3">The effect is more marked in cardiac patients.</s>
<s id="s74.4">Statistically significant prolongation of QTc has been observed after concomitant administration of terfenadine with grapefruit juice, azole antifungals and macrolide antibiotics.</s>
<s id="s75.1">Terfenadine is rapidly transformed to metabolites which apparently do not affect cardiac action potential duration.</s>
<s id="s75.2">However, overdosage or disregarding contraindications may result in increased plasma levels and consequent cardiotoxicity.</s>
<s id="s76.1">From the electrophysiological viewpoint, some alternative NSAHs might be more favourable but some others, for which either the parent substance or the metabolite is cardiotoxic, seem to bear a similar cardiotoxic potential.</s>
<s id="s77.1">Spontaneous ADR reporting</s>
<s id="s78.1">As far as can be assessed from spontaneous reports, serious ADRs in relation to terfenadine are rare.</s>
<s id="s78.2">The number of spontaneous reports of serious cardiac ADRs, including fatal cases, are relatively higher for terfenadine than for other NSAHs.</s>
<s id="s78.3">The increase in some MS, since 1992, of spontaneous ADR- reports related to terfenadine (absolute and relative to sales figures) has not been seen with other NSAHs and is likely to indicate a reporting bias.</s>
<s id="s79.1">A considerable number of the cases of spontaneously reported serious cardiac terfenadine-related ADRs was apparently caused by improper use of that drug.</s>
<s id="s79.2">Several risk factors have been recognised which appear to predispose to cardiotoxicity with terfenadine.</s>
<s id="s80.1">Pharmacoepidemiological data</s>
<s id="s81.1">Seven cohort studies, with a size of study population between 23,949 and 1,007,467 patients, were taken in account (five published studies:</s>
<s id="s81.2">Herings (1993), Pratt (1994), Hanrahan (1995), Staffa (1995), Brandebourg (abstract 1996) and two unpublished studies:</s>
<s id="s81.3">Martinez and Suissa and Garcia Rodriguez).</s>
<s id="s82.1">CPMP/ 1001/ 97-EN</s>
<s id="s83.1">6/ 7</s>
<s id="s84.1">© EMEA 1998</s>
<s id="s85.1">Taking all of the epidemiological data together the evidence indicated that the risk of cardiotoxicity for all non-sedating antihistamines was low but was higher than in non users.</s>
<s id="s85.2">There was no evidence of a difference in risk between the NSAHs evaluated.</s>
<s id="s85.3">Despite the inevitable limitations of epidemiological studies it was considered that the studies conducted had shown that the cardiotoxic risk could be identified.</s>
<s id="s85.4">The Pratt study indicated that the risk of cardiotoxicity associated with terfenadine could be substantially increased in the presence of risk factors such as concomitant treatment with cytochrome P450 3A4 inhibitors (RR 23.6, CI 7.3-75.9).</s>
<s id="s85.5">The epidemiological studies also showed a level of concomitant use of those inhibitors studied with NSAHs of 0.5-1%.</s>
<s id="s86.1">EFFICACY</s>
<s id="s87.1">The main indications were seasonal allergic rhinitis, perennial allergic rhinitis, chronic urticaria, and other skin disorders with chronic itching.</s>
<s id="s87.2">When used for the approved indications, the efficacy of terfenadine containing medicinal products is considered similar to other NSAHs.</s>
<s id="s88.1">RISK-BENEFIT ANALYSIS</s>
<s id="s89.1">Pharmacoepidemiological evidence and spontaneous reports suggest that in spite of restrictions and repeated provision of information on the risks associated with terfenadine, coprescription with contraindicated drugs and misuse in the form of overdose occur.</s>
<s id="s89.2">Misuse of terfenadine (including ingestion with grapefruit juice, or taking 2-3 times the daily dose) may lead to serious consequences.</s>
<s id="s90.1">Pseudoephedrine is a sympathomimetic agent with both direct and indirect effects on adrenergic receptors.</s>
<s id="s90.2">Its use is contraindicated in patients with cardiovascular disease.</s>
<s id="s90.3">There are well known proarrhythmic effects of pseudoephedrine which, in addition to those of terfenadine, have the potential of precipitating serious cardiac arrhythmia disease.</s>
<s id="s91.1">Therefore the combination product of terfenadine-pseudoephedrine has an unacceptable risk/ benefit balance.</s>
<s id="s92.1">GROUNDS FOR THE WITHDRAWAL OF THE MARKETING AUTHORISATIONS</s>
<s id="s93.1">Whereas</s>
<s id="s94.1">-the Committee considered the referral made under Article 12 of Council Directive 75/ 319/ EEC for terfenadine.</s>
<s id="s95.1">-the Committee agreed that there was particular concern related to the safety of terfenadine containing medicinal products in relation to its arrhythmogenic potential and to its serious cardiac adverse effects for which various risk factors (including concomitant use of arrhythmogenic drugs) have been identified.</s>
<s id="s96.1">-the Committee considered that the addition of pseudoephedrine to terfenadine does not increase the efficacy of terfenadine alone.</s>
<s id="s97.1">-the Committee considered the risk/ benefit balance of terfenadine containing medicinal products.</s>
<s id="s97.2">It considered that the addition of pseudoephedrine to terfenadine can increase its arrhythmogenic potential, therefore the risk/ benefit balance of terfenadine-pseudoephedrine tablet formulations was considered to be unfavourable.</s>
<s id="s97.3">It concluded that terfenadine-pseudoephedrine tablet formulations should not be maintained on the market.</s>
<s id="s98.1">the EMEA has recommended the withdrawal of the Marketing Authorisations for terfenadine- pseudoephedrine tablet formulations.</s>
<s id="s99.1">CPMP/ 1001/ 97-EN</s>
<s id="s100.1">7/ 7</s>
<s id="s101.1">© EMEA 1998</s>
</body>
</letsmt>
