<?xml version="1.0" encoding="utf-8"?>
<text>
<head id="1">
<s id="s1.1">
 <w id="w1.1.1">Številka</w> 
 <w id="w1.1.2">EU</w>       
 <w id="w1.1.3">EU/</w>
 <w id="w1.1.4">1/</w>
 <w id="w1.1.5">04/</w>
 <w id="w1.1.6">294/</w>
 <w id="w1.1.7">001</w>
</s></head>

<p id="2">
<s id="s2.1">
 <w id="w2.1.1">zaščiteno</w> 
 <w id="w2.1.2">ime</w>   
 <w id="w2.1.3">Emselex</w>
</s></p>

<p id="3">
<s id="s3.1">
 <w id="w3.1.1">jakost</w>   
 <w id="w3.1.2">7,</w>
 <w id="w3.1.3">5</w> 
 <w id="w3.1.4">mg</w>
</s></p>

<p id="4">
<s id="s4.1">
 <w id="w4.1.1">farmacevtska</w> 
 <w id="w4.1.2">oblika</w>                 
 <w id="w4.1.3">tablete</w> 
 <w id="w4.1.4">s</w> 
 <w id="w4.1.5">podaljšanim</w> 
 <w id="w4.1.6">sproščanjem</w>
</s></p>

<p id="5">
<s id="s5.1">
 <w id="w5.1.1">pot</w> 
 <w id="w5.1.2">uporabe</w>       
 <w id="w5.1.3">peroralna</w> 
 <w id="w5.1.4">uporaba</w>
</s></p>

<p id="6">
<s id="s6.1">
 <w id="w6.1.1">ovojnina</w>         
 <w id="w6.1.2">pretisni</w> 
 <w id="w6.1.3">omoti</w>   
 <w id="w6.1.4">(</w>
 <w id="w6.1.5">PVC/</w>
 <w id="w6.1.6">CTFE/</w>
 <w id="w6.1.7">ALU</w>
 <w id="w6.1.8">)</w>
</s></p>

<p id="7">
<s id="s7.1">
 <w id="w7.1.1">velikost</w> 
 <w id="w7.1.2">pakiranja</w> 
 <w id="w7.1.3">7</w> 
 <w id="w7.1.4">tablet</w>
</s></p>

<head id="8">
<s id="s8.1">
 <w id="w8.1.1">EU/</w>
 <w id="w8.1.2">1/</w>
 <w id="w8.1.3">04/</w>
 <w id="w8.1.4">294/</w>
 <w id="w8.1.5">002</w>
</s></head>

<head id="9">
<s id="s9.1">
 <w id="w9.1.1">Emselex</w>
</s></head>

<head id="10">
<s id="s10.1">
 <w id="w10.1.1">7,</w>
 <w id="w10.1.2">5</w> 
 <w id="w10.1.3">mg</w>
</s></head>

<p id="11">
<s id="s11.1">
 <w id="w11.1.1">tablete</w> 
 <w id="w11.1.2">s</w> 
 <w id="w11.1.3">podaljšanim</w> 
 <w id="w11.1.4">sproščanjem</w>
</s></p>

<p id="12">
<s id="s12.1">
 <w id="w12.1.1">peroralna</w> 
 <w id="w12.1.2">uporaba</w>
</s></p>

<p id="13">
<s id="s13.1">
 <w id="w13.1.1">pretisni</w> 
 <w id="w13.1.2">omoti</w>   
 <w id="w13.1.3">(</w>
 <w id="w13.1.4">PVC/</w>
 <w id="w13.1.5">CTFE/</w>
 <w id="w13.1.6">ALU</w>
 <w id="w13.1.7">)</w>
</s></p>

<head id="14">
<s id="s14.1">
 <w id="w14.1.1">14</w> 
 <w id="w14.1.2">tablet</w>
</s></head>

<head id="15">
<s id="s15.1">
 <w id="w15.1.1">EU/</w>
 <w id="w15.1.2">1/</w>
 <w id="w15.1.3">04/</w>
 <w id="w15.1.4">294/</w>
 <w id="w15.1.5">003</w>
</s></head>

<head id="16">
<s id="s16.1">
 <w id="w16.1.1">Emselex</w>
</s></head>

<head id="17">
<s id="s17.1">
 <w id="w17.1.1">7,</w>
 <w id="w17.1.2">5</w> 
 <w id="w17.1.3">mg</w>
</s></head>

<p id="18">
<s id="s18.1">
 <w id="w18.1.1">tablete</w> 
 <w id="w18.1.2">s</w> 
 <w id="w18.1.3">podaljšanim</w> 
 <w id="w18.1.4">sproščanjem</w>
</s></p>

<p id="19">
<s id="s19.1">
 <w id="w19.1.1">peroralna</w> 
 <w id="w19.1.2">uporaba</w>
</s></p>

<p id="20">
<s id="s20.1">
 <w id="w20.1.1">pretisni</w> 
 <w id="w20.1.2">omoti</w>   
 <w id="w20.1.3">(</w>
 <w id="w20.1.4">PVC/</w>
 <w id="w20.1.5">CTFE/</w>
 <w id="w20.1.6">ALU</w>
 <w id="w20.1.7">)</w>
</s></p>

<head id="21">
<s id="s21.1">
 <w id="w21.1.1">28</w> 
 <w id="w21.1.2">tablet</w>
</s></head>

<head id="22">
<s id="s22.1">
 <w id="w22.1.1">EU/</w>
 <w id="w22.1.2">1/</w>
 <w id="w22.1.3">04/</w>
 <w id="w22.1.4">294/</w>
 <w id="w22.1.5">004</w>
</s></head>

<head id="23">
<s id="s23.1">
 <w id="w23.1.1">Emselex</w>
</s></head>

<head id="24">
<s id="s24.1">
 <w id="w24.1.1">7,</w>
 <w id="w24.1.2">5</w> 
 <w id="w24.1.3">mg</w>
</s></head>

<p id="25">
<s id="s25.1">
 <w id="w25.1.1">tablete</w> 
 <w id="w25.1.2">s</w> 
 <w id="w25.1.3">podaljšanim</w> 
 <w id="w25.1.4">sproščanjem</w>
</s></p>

<p id="26">
<s id="s26.1">
 <w id="w26.1.1">peroralna</w> 
 <w id="w26.1.2">uporaba</w>
</s></p>

<p id="27">
<s id="s27.1">
 <w id="w27.1.1">pretisni</w> 
 <w id="w27.1.2">omoti</w>   
 <w id="w27.1.3">(</w>
 <w id="w27.1.4">PVC/</w>
 <w id="w27.1.5">CTFE/</w>
 <w id="w27.1.6">ALU</w>
 <w id="w27.1.7">)</w>
</s></p>

<head id="28">
<s id="s28.1">
 <w id="w28.1.1">49</w> 
 <w id="w28.1.2">tablet</w>
</s></head>

<head id="29">
<s id="s29.1">
 <w id="w29.1.1">EU/</w>
 <w id="w29.1.2">1/</w>
 <w id="w29.1.3">04/</w>
 <w id="w29.1.4">294/</w>
 <w id="w29.1.5">005</w>
</s></head>

<head id="30">
<s id="s30.1">
 <w id="w30.1.1">Emselex</w>
</s></head>

<head id="31">
<s id="s31.1">
 <w id="w31.1.1">7,</w>
 <w id="w31.1.2">5</w> 
 <w id="w31.1.3">mg</w>
</s></head>

<p id="32">
<s id="s32.1">
 <w id="w32.1.1">tablete</w> 
 <w id="w32.1.2">s</w> 
 <w id="w32.1.3">podaljšanim</w> 
 <w id="w32.1.4">sproščanjem</w>
</s></p>

<p id="33">
<s id="s33.1">
 <w id="w33.1.1">peroralna</w> 
 <w id="w33.1.2">uporaba</w>
</s></p>

<p id="34">
<s id="s34.1">
 <w id="w34.1.1">pretisni</w> 
 <w id="w34.1.2">omoti</w>   
 <w id="w34.1.3">(</w>
 <w id="w34.1.4">PVC/</w>
 <w id="w34.1.5">CTFE/</w>
 <w id="w34.1.6">ALU</w>
 <w id="w34.1.7">)</w>
</s></p>

<head id="35">
<s id="s35.1">
 <w id="w35.1.1">56</w> 
 <w id="w35.1.2">tablet</w>
</s></head>

<head id="36">
<s id="s36.1">
 <w id="w36.1.1">EU/</w>
 <w id="w36.1.2">1/</w>
 <w id="w36.1.3">04/</w>
 <w id="w36.1.4">294/</w>
 <w id="w36.1.5">006</w>
</s></head>

<head id="37">
<s id="s37.1">
 <w id="w37.1.1">Emselex</w>
</s></head>

<head id="38">
<s id="s38.1">
 <w id="w38.1.1">7,</w>
 <w id="w38.1.2">5</w> 
 <w id="w38.1.3">mg</w>
</s></head>

<p id="39">
<s id="s39.1">
 <w id="w39.1.1">tablete</w> 
 <w id="w39.1.2">s</w> 
 <w id="w39.1.3">podaljšanim</w> 
 <w id="w39.1.4">sproščanjem</w>
</s></p>

<p id="40">
<s id="s40.1">
 <w id="w40.1.1">peroralna</w> 
 <w id="w40.1.2">uporaba</w>
</s></p>

<p id="41">
<s id="s41.1">
 <w id="w41.1.1">pretisni</w> 
 <w id="w41.1.2">omoti</w>   
 <w id="w41.1.3">(</w>
 <w id="w41.1.4">PVC/</w>
 <w id="w41.1.5">CTFE/</w>
 <w id="w41.1.6">ALU</w>
 <w id="w41.1.7">)</w>
</s></p>

<head id="42">
<s id="s42.1">
 <w id="w42.1.1">98</w> 
 <w id="w42.1.2">tablet</w>
</s></head>

<head id="43">
<s id="s43.1">
 <w id="w43.1.1">EU/</w>
 <w id="w43.1.2">1/</w>
 <w id="w43.1.3">04/</w>
 <w id="w43.1.4">294/</w>
 <w id="w43.1.5">007</w>
</s></head>

<head id="44">
<s id="s44.1">
 <w id="w44.1.1">Emselex</w>
</s></head>

<head id="45">
<s id="s45.1">
 <w id="w45.1.1">15</w> 
 <w id="w45.1.2">mg</w>
</s></head>

<p id="46">
<s id="s46.1">
 <w id="w46.1.1">tablete</w> 
 <w id="w46.1.2">s</w> 
 <w id="w46.1.3">podaljšanim</w> 
 <w id="w46.1.4">sproščanjem</w>
</s></p>

<p id="47">
<s id="s47.1">
 <w id="w47.1.1">peroralna</w> 
 <w id="w47.1.2">uporaba</w>
</s></p>

<p id="48">
<s id="s48.1">
 <w id="w48.1.1">pretisni</w> 
 <w id="w48.1.2">omoti</w>   
 <w id="w48.1.3">(</w>
 <w id="w48.1.4">PVC/</w>
 <w id="w48.1.5">CTFE/</w>
 <w id="w48.1.6">ALU</w>
 <w id="w48.1.7">)</w>
</s></p>

<head id="49">
<s id="s49.1">
 <w id="w49.1.1">7</w> 
 <w id="w49.1.2">tablet</w>
</s></head>

<head id="50">
<s id="s50.1">
 <w id="w50.1.1">EU/</w>
 <w id="w50.1.2">1/</w>
 <w id="w50.1.3">04/</w>
 <w id="w50.1.4">294/</w>
 <w id="w50.1.5">008</w>
</s></head>

<head id="51">
<s id="s51.1">
 <w id="w51.1.1">Emselex</w>
</s></head>

<head id="52">
<s id="s52.1">
 <w id="w52.1.1">15</w> 
 <w id="w52.1.2">mg</w>
</s></head>

<p id="53">
<s id="s53.1">
 <w id="w53.1.1">tablete</w> 
 <w id="w53.1.2">s</w> 
 <w id="w53.1.3">podaljšanim</w> 
 <w id="w53.1.4">sproščanjem</w>
</s></p>

<p id="54">
<s id="s54.1">
 <w id="w54.1.1">peroralna</w> 
 <w id="w54.1.2">uporaba</w>
</s></p>

<p id="55">
<s id="s55.1">
 <w id="w55.1.1">pretisni</w> 
 <w id="w55.1.2">omoti</w>   
 <w id="w55.1.3">(</w>
 <w id="w55.1.4">PVC/</w>
 <w id="w55.1.5">CTFE/</w>
 <w id="w55.1.6">ALU</w>
 <w id="w55.1.7">)</w>
</s></p>

<head id="56">
<s id="s56.1">
 <w id="w56.1.1">14</w> 
 <w id="w56.1.2">tablet</w>
</s></head>

<head id="57">
<s id="s57.1">
 <w id="w57.1.1">EU/</w>
 <w id="w57.1.2">1/</w>
 <w id="w57.1.3">04/</w>
 <w id="w57.1.4">294/</w>
 <w id="w57.1.5">009</w>
</s></head>

<head id="58">
<s id="s58.1">
 <w id="w58.1.1">Emselex</w>
</s></head>

<head id="59">
<s id="s59.1">
 <w id="w59.1.1">15</w> 
 <w id="w59.1.2">mg</w>
</s></head>

<p id="60">
<s id="s60.1">
 <w id="w60.1.1">tablete</w> 
 <w id="w60.1.2">s</w> 
 <w id="w60.1.3">podaljšanim</w> 
 <w id="w60.1.4">sproščanjem</w>
</s></p>

<p id="61">
<s id="s61.1">
 <w id="w61.1.1">peroralna</w> 
 <w id="w61.1.2">uporaba</w>
</s></p>

<p id="62">
<s id="s62.1">
 <w id="w62.1.1">pretisni</w> 
 <w id="w62.1.2">omoti</w>   
 <w id="w62.1.3">(</w>
 <w id="w62.1.4">PVC/</w>
 <w id="w62.1.5">CTFE/</w>
 <w id="w62.1.6">ALU</w>
 <w id="w62.1.7">)</w>
</s></p>

<head id="63">
<s id="s63.1">
 <w id="w63.1.1">28</w> 
 <w id="w63.1.2">tablet</w>
</s></head>

<head id="64">
<s id="s64.1">
 <w id="w64.1.1">EU/</w>
 <w id="w64.1.2">1/</w>
 <w id="w64.1.3">04/</w>
 <w id="w64.1.4">294/</w>
 <w id="w64.1.5">010</w>
</s></head>

<head id="65">
<s id="s65.1">
 <w id="w65.1.1">Emselex</w>
</s></head>

<head id="66">
<s id="s66.1">
 <w id="w66.1.1">15</w> 
 <w id="w66.1.2">mg</w>
</s></head>

<p id="67">
<s id="s67.1">
 <w id="w67.1.1">tablete</w> 
 <w id="w67.1.2">s</w> 
 <w id="w67.1.3">podaljšanim</w> 
 <w id="w67.1.4">sproščanjem</w>
</s></p>

<p id="68">
<s id="s68.1">
 <w id="w68.1.1">peroralna</w> 
 <w id="w68.1.2">uporaba</w>
</s></p>

<p id="69">
<s id="s69.1">
 <w id="w69.1.1">pretisni</w> 
 <w id="w69.1.2">omoti</w>   
 <w id="w69.1.3">(</w>
 <w id="w69.1.4">PVC/</w>
 <w id="w69.1.5">CTFE/</w>
 <w id="w69.1.6">ALU</w>
 <w id="w69.1.7">)</w>
</s></p>

<head id="70">
<s id="s70.1">
 <w id="w70.1.1">49</w> 
 <w id="w70.1.2">tablet</w>
</s></head>

<head id="71">
<s id="s71.1">
 <w id="w71.1.1">EU/</w>
 <w id="w71.1.2">1/</w>
 <w id="w71.1.3">04/</w>
 <w id="w71.1.4">294/</w>
 <w id="w71.1.5">011</w>
</s></head>

<head id="72">
<s id="s72.1">
 <w id="w72.1.1">Emselex</w>
</s></head>

<head id="73">
<s id="s73.1">
 <w id="w73.1.1">15</w> 
 <w id="w73.1.2">mg</w>
</s></head>

<p id="74">
<s id="s74.1">
 <w id="w74.1.1">tablete</w> 
 <w id="w74.1.2">s</w> 
 <w id="w74.1.3">podaljšanim</w> 
 <w id="w74.1.4">sproščanjem</w>
</s></p>

<p id="75">
<s id="s75.1">
 <w id="w75.1.1">peroralna</w> 
 <w id="w75.1.2">uporaba</w>
</s></p>

<p id="76">
<s id="s76.1">
 <w id="w76.1.1">pretisni</w> 
 <w id="w76.1.2">omoti</w>   
 <w id="w76.1.3">(</w>
 <w id="w76.1.4">PVC/</w>
 <w id="w76.1.5">CTFE/</w>
 <w id="w76.1.6">ALU</w>
 <w id="w76.1.7">)</w>
</s></p>

<head id="77">
<s id="s77.1">
 <w id="w77.1.1">56</w> 
 <w id="w77.1.2">tablet</w>
</s></head>

<head id="78">
<s id="s78.1">
 <w id="w78.1.1">EU/</w>
 <w id="w78.1.2">1/</w>
 <w id="w78.1.3">04/</w>
 <w id="w78.1.4">294/</w>
 <w id="w78.1.5">012</w>
</s></head>

<head id="79">
<s id="s79.1">
 <w id="w79.1.1">Emselex</w>
</s></head>

<head id="80">
<s id="s80.1">
 <w id="w80.1.1">15</w> 
 <w id="w80.1.2">mg</w>
</s></head>

<p id="81">
<s id="s81.1">
 <w id="w81.1.1">tablete</w> 
 <w id="w81.1.2">s</w> 
 <w id="w81.1.3">podaljšanim</w> 
 <w id="w81.1.4">sproščanjem</w>
</s></p>

<p id="82">
<s id="s82.1">
 <w id="w82.1.1">peroralna</w> 
 <w id="w82.1.2">uporaba</w>
</s></p>

<p id="83">
<s id="s83.1">
 <w id="w83.1.1">pretisni</w> 
 <w id="w83.1.2">omoti</w>   
 <w id="w83.1.3">(</w>
 <w id="w83.1.4">PVC/</w>
 <w id="w83.1.5">CTFE/</w>
 <w id="w83.1.6">ALU</w>
 <w id="w83.1.7">)</w>
</s></p>

<head id="84">
<s id="s84.1">
 <w id="w84.1.1">98</w> 
 <w id="w84.1.2">tablet</w>
</s></head>

<head id="85">
<s id="s85.1">
 <w id="w85.1.1">EU/</w>
 <w id="w85.1.2">1/</w>
 <w id="w85.1.3">04/</w>
 <w id="w85.1.4">294/</w>
 <w id="w85.1.5">013</w>
</s></head>

<head id="86">
<s id="s86.1">
 <w id="w86.1.1">Emselex</w>
</s></head>

<head id="87">
<s id="s87.1">
 <w id="w87.1.1">7,</w>
 <w id="w87.1.2">5</w> 
 <w id="w87.1.3">mg</w>
</s></head>

<p id="88">
<s id="s88.1">
 <w id="w88.1.1">tablete</w> 
 <w id="w88.1.2">s</w> 
 <w id="w88.1.3">podaljšanim</w> 
 <w id="w88.1.4">sproščanjem</w>
</s></p>

<p id="89">
<s id="s89.1">
 <w id="w89.1.1">peroralna</w> 
 <w id="w89.1.2">uporaba</w>
</s></p>

<p id="90">
<s id="s90.1">
 <w id="w90.1.1">pretisni</w> 
 <w id="w90.1.2">omoti</w>   
 <w id="w90.1.3">(</w>
 <w id="w90.1.4">PVC/</w>
 <w id="w90.1.5">CTFE/</w>
 <w id="w90.1.6">ALU</w>
 <w id="w90.1.7">)</w>
</s></p>

<head id="91">
<s id="s91.1">
 <w id="w91.1.1">14</w> 
 <w id="w91.1.2">x</w> 
 <w id="w91.1.3">10</w> 
 <w id="w91.1.4">tablet</w> 
 <w id="w91.1.5">(</w>
 <w id="w91.1.6">skupno</w> 
 <w id="w91.1.7">pakiranje</w>
 <w id="w91.1.8">)</w>
</s></head>

<head id="92">
<s id="s92.1">
 <w id="w92.1.1">EU/</w>
 <w id="w92.1.2">1/</w>
 <w id="w92.1.3">04/</w>
 <w id="w92.1.4">294/</w>
 <w id="w92.1.5">014</w>
</s></head>

<head id="93">
<s id="s93.1">
 <w id="w93.1.1">Emselex</w>
</s></head>

<head id="94">
<s id="s94.1">
 <w id="w94.1.1">15</w> 
 <w id="w94.1.2">mg</w>
</s></head>

<p id="95">
<s id="s95.1">
 <w id="w95.1.1">tablete</w> 
 <w id="w95.1.2">s</w> 
 <w id="w95.1.3">podaljšanim</w> 
 <w id="w95.1.4">sproščanjem</w>
</s></p>

<p id="96">
<s id="s96.1">
 <w id="w96.1.1">peroralna</w> 
 <w id="w96.1.2">uporaba</w>
</s></p>

<p id="97">
<s id="s97.1">
 <w id="w97.1.1">pretisni</w> 
 <w id="w97.1.2">omoti</w>   
 <w id="w97.1.3">(</w>
 <w id="w97.1.4">PVC/</w>
 <w id="w97.1.5">CTFE/</w>
 <w id="w97.1.6">ALU</w>
 <w id="w97.1.7">)</w>
</s></p>

<head id="98">
<s id="s98.1">
 <w id="w98.1.1">14</w> 
 <w id="w98.1.2">x</w> 
 <w id="w98.1.3">10</w> 
 <w id="w98.1.4">tablet</w> 
 <w id="w98.1.5">(</w>
 <w id="w98.1.6">skupno</w> 
 <w id="w98.1.7">pakiranje</w>
 <w id="w98.1.8">)</w>
</s></head>

<head id="99">
<s id="s99.1">
 <w id="w99.1.1">EU/</w>
 <w id="w99.1.2">1/</w>
 <w id="w99.1.3">04/</w>
 <w id="w99.1.4">294/</w>
 <w id="w99.1.5">015</w>
</s></head>

<head id="100">
<s id="s100.1">
 <w id="w100.1.1">Emselex</w>
</s></head>

<head id="101">
<s id="s101.1">
 <w id="w101.1.1">7,</w>
 <w id="w101.1.2">5</w> 
 <w id="w101.1.3">mg</w>
</s></head>

<p id="102">
<s id="s102.1">
 <w id="w102.1.1">tablete</w> 
 <w id="w102.1.2">s</w> 
 <w id="w102.1.3">podaljšanim</w> 
 <w id="w102.1.4">sproščanjem</w>
</s></p>

<p id="103">
<s id="s103.1">
 <w id="w103.1.1">peroralna</w> 
 <w id="w103.1.2">uporaba</w>
</s></p>

<p id="104">
<s id="s104.1">
 <w id="w104.1.1">pretisni</w> 
 <w id="w104.1.2">omoti</w>   
 <w id="w104.1.3">(</w>
 <w id="w104.1.4">PVC/</w>
 <w id="w104.1.5">PVDC/</w>
 <w id="w104.1.6">ALU</w>
 <w id="w104.1.7">)</w>
</s></p>

<head id="105">
<s id="s105.1">
 <w id="w105.1.1">7</w> 
 <w id="w105.1.2">tablet</w>
</s></head>

<head id="106">
<s id="s106.1">
 <w id="w106.1.1">EU/</w>
 <w id="w106.1.2">1/</w>
 <w id="w106.1.3">04/</w>
 <w id="w106.1.4">294/</w>
 <w id="w106.1.5">016</w>
</s></head>

<head id="107">
<s id="s107.1">
 <w id="w107.1.1">Emselex</w>
</s></head>

<head id="108">
<s id="s108.1">
 <w id="w108.1.1">7,</w>
 <w id="w108.1.2">5</w> 
 <w id="w108.1.3">mg</w>
</s></head>

<p id="109">
<s id="s109.1">
 <w id="w109.1.1">tablete</w> 
 <w id="w109.1.2">s</w> 
 <w id="w109.1.3">podaljšanim</w> 
 <w id="w109.1.4">sproščanjem</w>
</s></p>

<p id="110">
<s id="s110.1">
 <w id="w110.1.1">peroralna</w> 
 <w id="w110.1.2">uporaba</w>
</s></p>

<p id="111">
<s id="s111.1">
 <w id="w111.1.1">pretisni</w> 
 <w id="w111.1.2">omoti</w>   
 <w id="w111.1.3">(</w>
 <w id="w111.1.4">PVC/</w>
 <w id="w111.1.5">PVDC/</w>
 <w id="w111.1.6">ALU</w>
 <w id="w111.1.7">)</w>
</s></p>

<head id="112">
<s id="s112.1">
 <w id="w112.1.1">14</w> 
 <w id="w112.1.2">tablet</w>
</s></head>

<head id="113">
<s id="s113.1">
 <w id="w113.1.1">EU/</w>
 <w id="w113.1.2">1/</w>
 <w id="w113.1.3">04/</w>
 <w id="w113.1.4">294/</w>
 <w id="w113.1.5">017</w>
</s></head>

<head id="114">
<s id="s114.1">
 <w id="w114.1.1">Emselex</w>
</s></head>

<head id="115">
<s id="s115.1">
 <w id="w115.1.1">7,</w>
 <w id="w115.1.2">5</w> 
 <w id="w115.1.3">mg</w>
</s></head>

<p id="116">
<s id="s116.1">
 <w id="w116.1.1">tablete</w> 
 <w id="w116.1.2">s</w> 
 <w id="w116.1.3">podaljšanim</w> 
 <w id="w116.1.4">sproščanjem</w>
</s></p>

<p id="117">
<s id="s117.1">
 <w id="w117.1.1">peroralna</w> 
 <w id="w117.1.2">uporaba</w>
</s></p>

<p id="118">
<s id="s118.1">
 <w id="w118.1.1">pretisni</w> 
 <w id="w118.1.2">omoti</w>   
 <w id="w118.1.3">(</w>
 <w id="w118.1.4">PVC/</w>
 <w id="w118.1.5">PVDC/</w>
 <w id="w118.1.6">ALU</w>
 <w id="w118.1.7">)</w>
</s></p>

<head id="119">
<s id="s119.1">
 <w id="w119.1.1">28</w> 
 <w id="w119.1.2">tablet</w>
</s></head>

<head id="120">
<s id="s120.1">
 <w id="w120.1.1">EU/</w>
 <w id="w120.1.2">1/</w>
 <w id="w120.1.3">04/</w>
 <w id="w120.1.4">294/</w>
 <w id="w120.1.5">018</w>
</s></head>

<head id="121">
<s id="s121.1">
 <w id="w121.1.1">Emselex</w>
</s></head>

<head id="122">
<s id="s122.1">
 <w id="w122.1.1">7,</w>
 <w id="w122.1.2">5</w> 
 <w id="w122.1.3">mg</w>
</s></head>

<p id="123">
<s id="s123.1">
 <w id="w123.1.1">tablete</w> 
 <w id="w123.1.2">s</w> 
 <w id="w123.1.3">podaljšanim</w> 
 <w id="w123.1.4">sproščanjem</w>
</s></p>

<p id="124">
<s id="s124.1">
 <w id="w124.1.1">peroralna</w> 
 <w id="w124.1.2">uporaba</w>
</s></p>

<p id="125">
<s id="s125.1">
 <w id="w125.1.1">pretisni</w> 
 <w id="w125.1.2">omoti</w>   
 <w id="w125.1.3">(</w>
 <w id="w125.1.4">PVC/</w>
 <w id="w125.1.5">PVDC/</w>
 <w id="w125.1.6">ALU</w>
 <w id="w125.1.7">)</w>
</s></p>

<head id="126">
<s id="s126.1">
 <w id="w126.1.1">49</w> 
 <w id="w126.1.2">tablet</w>
</s></head>

<p id="127">
<s id="s127.1">
 <w id="w127.1.1">1/</w>
 <w id="w127.1.2">2</w> 
 <w id="w127.1.3">EU/</w>
 <w id="w127.1.4">1/</w>
 <w id="w127.1.5">04/</w>
 <w id="w127.1.6">294/</w>
 <w id="w127.1.7">019</w>
</s></p>

<head id="128">
<s id="s128.1">
 <w id="w128.1.1">Emselex</w>
</s></head>

<head id="129">
<s id="s129.1">
 <w id="w129.1.1">7,</w>
 <w id="w129.1.2">5</w> 
 <w id="w129.1.3">mg</w>
</s></head>

<p id="130">
<s id="s130.1">
 <w id="w130.1.1">tablete</w> 
 <w id="w130.1.2">s</w> 
 <w id="w130.1.3">podaljšanim</w> 
 <w id="w130.1.4">sproščanjem</w>
</s></p>

<p id="131">
<s id="s131.1">
 <w id="w131.1.1">peroralna</w> 
 <w id="w131.1.2">uporaba</w>
</s></p>

<p id="132">
<s id="s132.1">
 <w id="w132.1.1">pretisni</w> 
 <w id="w132.1.2">omoti</w>   
 <w id="w132.1.3">(</w>
 <w id="w132.1.4">PVC/</w>
 <w id="w132.1.5">PVDC/</w>
 <w id="w132.1.6">ALU</w>
 <w id="w132.1.7">)</w>
</s></p>

<head id="133">
<s id="s133.1">
 <w id="w133.1.1">56</w> 
 <w id="w133.1.2">tablet</w>
</s></head>

<head id="134">
<s id="s134.1">
 <w id="w134.1.1">EU/</w>
 <w id="w134.1.2">1/</w>
 <w id="w134.1.3">04/</w>
 <w id="w134.1.4">294/</w>
 <w id="w134.1.5">020</w>
</s></head>

<head id="135">
<s id="s135.1">
 <w id="w135.1.1">Emselex</w>
</s></head>

<head id="136">
<s id="s136.1">
 <w id="w136.1.1">7,</w>
 <w id="w136.1.2">5</w> 
 <w id="w136.1.3">mg</w>
</s></head>

<p id="137">
<s id="s137.1">
 <w id="w137.1.1">tablete</w> 
 <w id="w137.1.2">s</w> 
 <w id="w137.1.3">podaljšanim</w> 
 <w id="w137.1.4">sproščanjem</w>
</s></p>

<p id="138">
<s id="s138.1">
 <w id="w138.1.1">peroralna</w> 
 <w id="w138.1.2">uporaba</w>
</s></p>

<p id="139">
<s id="s139.1">
 <w id="w139.1.1">pretisni</w> 
 <w id="w139.1.2">omoti</w>   
 <w id="w139.1.3">(</w>
 <w id="w139.1.4">PVC/</w>
 <w id="w139.1.5">PVDC/</w>
 <w id="w139.1.6">ALU</w>
 <w id="w139.1.7">)</w>
</s></p>

<head id="140">
<s id="s140.1">
 <w id="w140.1.1">98</w> 
 <w id="w140.1.2">tablet</w>
</s></head>

<head id="141">
<s id="s141.1">
 <w id="w141.1.1">EU/</w>
 <w id="w141.1.2">1/</w>
 <w id="w141.1.3">04/</w>
 <w id="w141.1.4">294/</w>
 <w id="w141.1.5">021</w>
</s></head>

<head id="142">
<s id="s142.1">
 <w id="w142.1.1">Emselex</w>
</s></head>

<head id="143">
<s id="s143.1">
 <w id="w143.1.1">15</w> 
 <w id="w143.1.2">mg</w>
</s></head>

<p id="144">
<s id="s144.1">
 <w id="w144.1.1">tablete</w> 
 <w id="w144.1.2">s</w> 
 <w id="w144.1.3">podaljšanim</w> 
 <w id="w144.1.4">sproščanjem</w>
</s></p>

<p id="145">
<s id="s145.1">
 <w id="w145.1.1">peroralna</w> 
 <w id="w145.1.2">uporaba</w>
</s></p>

<p id="146">
<s id="s146.1">
 <w id="w146.1.1">pretisni</w> 
 <w id="w146.1.2">omoti</w>   
 <w id="w146.1.3">(</w>
 <w id="w146.1.4">PVC/</w>
 <w id="w146.1.5">PVDC/</w>
 <w id="w146.1.6">ALU</w>
 <w id="w146.1.7">)</w>
</s></p>

<head id="147">
<s id="s147.1">
 <w id="w147.1.1">7</w> 
 <w id="w147.1.2">tablet</w>
</s></head>

<head id="148">
<s id="s148.1">
 <w id="w148.1.1">EU/</w>
 <w id="w148.1.2">1/</w>
 <w id="w148.1.3">04/</w>
 <w id="w148.1.4">294/</w>
 <w id="w148.1.5">022</w>
</s></head>

<head id="149">
<s id="s149.1">
 <w id="w149.1.1">Emselex</w>
</s></head>

<head id="150">
<s id="s150.1">
 <w id="w150.1.1">15</w> 
 <w id="w150.1.2">mg</w>
</s></head>

<p id="151">
<s id="s151.1">
 <w id="w151.1.1">tablete</w> 
 <w id="w151.1.2">s</w> 
 <w id="w151.1.3">podaljšanim</w> 
 <w id="w151.1.4">sproščanjem</w>
</s></p>

<p id="152">
<s id="s152.1">
 <w id="w152.1.1">peroralna</w> 
 <w id="w152.1.2">uporaba</w>
</s></p>

<p id="153">
<s id="s153.1">
 <w id="w153.1.1">pretisni</w> 
 <w id="w153.1.2">omoti</w>   
 <w id="w153.1.3">(</w>
 <w id="w153.1.4">PVC/</w>
 <w id="w153.1.5">PVDC/</w>
 <w id="w153.1.6">ALU</w>
 <w id="w153.1.7">)</w>
</s></p>

<head id="154">
<s id="s154.1">
 <w id="w154.1.1">14</w> 
 <w id="w154.1.2">tablet</w>
</s></head>

<head id="155">
<s id="s155.1">
 <w id="w155.1.1">EU/</w>
 <w id="w155.1.2">1/</w>
 <w id="w155.1.3">04/</w>
 <w id="w155.1.4">294/</w>
 <w id="w155.1.5">023</w>
</s></head>

<head id="156">
<s id="s156.1">
 <w id="w156.1.1">Emselex</w>
</s></head>

<head id="157">
<s id="s157.1">
 <w id="w157.1.1">15</w> 
 <w id="w157.1.2">mg</w>
</s></head>

<p id="158">
<s id="s158.1">
 <w id="w158.1.1">tablete</w> 
 <w id="w158.1.2">s</w> 
 <w id="w158.1.3">podaljšanim</w> 
 <w id="w158.1.4">sproščanjem</w>
</s></p>

<p id="159">
<s id="s159.1">
 <w id="w159.1.1">peroralna</w> 
 <w id="w159.1.2">uporaba</w>
</s></p>

<p id="160">
<s id="s160.1">
 <w id="w160.1.1">pretisni</w> 
 <w id="w160.1.2">omoti</w>   
 <w id="w160.1.3">(</w>
 <w id="w160.1.4">PVC/</w>
 <w id="w160.1.5">PVDC/</w>
 <w id="w160.1.6">ALU</w>
 <w id="w160.1.7">)</w>
</s></p>

<head id="161">
<s id="s161.1">
 <w id="w161.1.1">28</w> 
 <w id="w161.1.2">tablet</w>
</s></head>

<head id="162">
<s id="s162.1">
 <w id="w162.1.1">EU/</w>
 <w id="w162.1.2">1/</w>
 <w id="w162.1.3">04/</w>
 <w id="w162.1.4">294/</w>
 <w id="w162.1.5">024</w>
</s></head>

<head id="163">
<s id="s163.1">
 <w id="w163.1.1">Emselex</w>
</s></head>

<head id="164">
<s id="s164.1">
 <w id="w164.1.1">15</w> 
 <w id="w164.1.2">mg</w>
</s></head>

<p id="165">
<s id="s165.1">
 <w id="w165.1.1">tablete</w> 
 <w id="w165.1.2">s</w> 
 <w id="w165.1.3">podaljšanim</w> 
 <w id="w165.1.4">sproščanjem</w>
</s></p>

<p id="166">
<s id="s166.1">
 <w id="w166.1.1">peroralna</w> 
 <w id="w166.1.2">uporaba</w>
</s></p>

<p id="167">
<s id="s167.1">
 <w id="w167.1.1">pretisni</w> 
 <w id="w167.1.2">omoti</w>   
 <w id="w167.1.3">(</w>
 <w id="w167.1.4">PVC/</w>
 <w id="w167.1.5">PVDC/</w>
 <w id="w167.1.6">ALU</w>
 <w id="w167.1.7">)</w>
</s></p>

<head id="168">
<s id="s168.1">
 <w id="w168.1.1">49</w> 
 <w id="w168.1.2">tablet</w>
</s></head>

<head id="169">
<s id="s169.1">
 <w id="w169.1.1">EU/</w>
 <w id="w169.1.2">1/</w>
 <w id="w169.1.3">04/</w>
 <w id="w169.1.4">294/</w>
 <w id="w169.1.5">025</w>
</s></head>

<head id="170">
<s id="s170.1">
 <w id="w170.1.1">Emselex</w>
</s></head>

<head id="171">
<s id="s171.1">
 <w id="w171.1.1">15</w> 
 <w id="w171.1.2">mg</w>
</s></head>

<p id="172">
<s id="s172.1">
 <w id="w172.1.1">tablete</w> 
 <w id="w172.1.2">s</w> 
 <w id="w172.1.3">podaljšanim</w> 
 <w id="w172.1.4">sproščanjem</w>
</s></p>

<p id="173">
<s id="s173.1">
 <w id="w173.1.1">peroralna</w> 
 <w id="w173.1.2">uporaba</w>
</s></p>

<p id="174">
<s id="s174.1">
 <w id="w174.1.1">pretisni</w> 
 <w id="w174.1.2">omoti</w>   
 <w id="w174.1.3">(</w>
 <w id="w174.1.4">PVC/</w>
 <w id="w174.1.5">PVDC/</w>
 <w id="w174.1.6">ALU</w>
 <w id="w174.1.7">)</w>
</s></p>

<head id="175">
<s id="s175.1">
 <w id="w175.1.1">56</w> 
 <w id="w175.1.2">tablet</w>
</s></head>

<head id="176">
<s id="s176.1">
 <w id="w176.1.1">EU/</w>
 <w id="w176.1.2">1/</w>
 <w id="w176.1.3">04/</w>
 <w id="w176.1.4">294/</w>
 <w id="w176.1.5">026</w>
</s></head>

<head id="177">
<s id="s177.1">
 <w id="w177.1.1">Emselex</w>
</s></head>

<head id="178">
<s id="s178.1">
 <w id="w178.1.1">15</w> 
 <w id="w178.1.2">mg</w>
</s></head>

<p id="179">
<s id="s179.1">
 <w id="w179.1.1">tablete</w> 
 <w id="w179.1.2">s</w> 
 <w id="w179.1.3">podaljšanim</w> 
 <w id="w179.1.4">sproščanjem</w>
</s></p>

<p id="180">
<s id="s180.1">
 <w id="w180.1.1">peroralna</w> 
 <w id="w180.1.2">uporaba</w>
</s></p>

<p id="181">
<s id="s181.1">
 <w id="w181.1.1">pretisni</w> 
 <w id="w181.1.2">omoti</w>   
 <w id="w181.1.3">(</w>
 <w id="w181.1.4">PVC/</w>
 <w id="w181.1.5">PVDC/</w>
 <w id="w181.1.6">ALU</w>
 <w id="w181.1.7">)</w>
</s></p>

<head id="182">
<s id="s182.1">
 <w id="w182.1.1">98</w> 
 <w id="w182.1.2">tablet</w>
</s></head>

<head id="183">
<s id="s183.1">
 <w id="w183.1.1">EU/</w>
 <w id="w183.1.2">1/</w>
 <w id="w183.1.3">04/</w>
 <w id="w183.1.4">294/</w>
 <w id="w183.1.5">027</w>
</s></head>

<head id="184">
<s id="s184.1">
 <w id="w184.1.1">Emselex</w>
</s></head>

<head id="185">
<s id="s185.1">
 <w id="w185.1.1">7,</w>
 <w id="w185.1.2">5</w> 
 <w id="w185.1.3">mg</w>
</s></head>

<p id="186">
<s id="s186.1">
 <w id="w186.1.1">tablete</w> 
 <w id="w186.1.2">s</w> 
 <w id="w186.1.3">podaljšanim</w> 
 <w id="w186.1.4">sproščanjem</w>
</s></p>

<p id="187">
<s id="s187.1">
 <w id="w187.1.1">peroralna</w> 
 <w id="w187.1.2">uporaba</w>
</s></p>

<p id="188">
<s id="s188.1">
 <w id="w188.1.1">pretisni</w> 
 <w id="w188.1.2">omoti</w>   
 <w id="w188.1.3">(</w>
 <w id="w188.1.4">PVC/</w>
 <w id="w188.1.5">PVDC/</w>
 <w id="w188.1.6">ALU</w>
 <w id="w188.1.7">)</w>
</s></p>

<head id="189">
<s id="s189.1">
 <w id="w189.1.1">14</w> 
 <w id="w189.1.2">x</w> 
 <w id="w189.1.3">10</w> 
 <w id="w189.1.4">tablet</w> 
 <w id="w189.1.5">(</w>
 <w id="w189.1.6">skupno</w> 
 <w id="w189.1.7">pakiranje</w>
 <w id="w189.1.8">)</w>
</s></head>

<head id="190">
<s id="s190.1">
 <w id="w190.1.1">EU/</w>
 <w id="w190.1.2">1/</w>
 <w id="w190.1.3">04/</w>
 <w id="w190.1.4">294/</w>
 <w id="w190.1.5">028</w>
</s></head>

<head id="191">
<s id="s191.1">
 <w id="w191.1.1">Emselex</w>
</s></head>

<head id="192">
<s id="s192.1">
 <w id="w192.1.1">15</w> 
 <w id="w192.1.2">mg</w>
</s></head>

<p id="193">
<s id="s193.1">
 <w id="w193.1.1">tablete</w> 
 <w id="w193.1.2">s</w> 
 <w id="w193.1.3">podaljšanim</w> 
 <w id="w193.1.4">sproščanjem</w>
</s></p>

<p id="194">
<s id="s194.1">
 <w id="w194.1.1">peroralna</w> 
 <w id="w194.1.2">uporaba</w>
</s></p>

<p id="195">
<s id="s195.1">
 <w id="w195.1.1">pretisni</w> 
 <w id="w195.1.2">omoti</w>   
 <w id="w195.1.3">(</w>
 <w id="w195.1.4">PVC/</w>
 <w id="w195.1.5">PVDC/</w>
 <w id="w195.1.6">ALU</w>
 <w id="w195.1.7">)</w>
</s></p>

<head id="196">
<s id="s196.1">
 <w id="w196.1.1">14</w> 
 <w id="w196.1.2">x</w> 
 <w id="w196.1.3">10</w> 
 <w id="w196.1.4">tablet</w> 
 <w id="w196.1.5">(</w>
 <w id="w196.1.6">skupno</w> 
 <w id="w196.1.7">pakiranje</w>
 <w id="w196.1.8">)</w>
</s></head>

<p id="197">
<s id="s197.1">
 <w id="w197.1.1">2/</w>
 <w id="w197.1.2">2</w>
</s></p></text>
