<?xml version="1.0" encoding="utf-8"?>
<letsmt version="1.0">
<head></head>
<body>
<s id="s1.1">EU Number</s>
<s id="s2.1">Tradename Strength</s>
<s id="s3.1">Pharmaceutical Form</s>
<s id="s4.1">Target Route of species administration</s>
<s id="s5.1">Packaging</s>
<s id="s6.1">Content Package size</s>
<s id="s7.1">Withdrawal period</s>
<s id="s8.1">EU/ 2/ 98/ 009/ 001</s>
<s id="s9.1">Suvaxyn</s>
<s id="s10.1">Live attenuated</s>
<s id="s11.1">Emulsion for</s>
<s id="s12.1">Pigs</s>
<s id="s13.1">Intramuscular</s>
<s id="s14.1">7 ml glass vial (freeze- 1 x 10</s>
<s id="s15.1">1 vial of 10</s>
<s id="s16.1">0 days</s>
<s id="s17.1">Aujeszky 783 O/ W</s>
<s id="s18.1">Aujeszky’ s Disease Virus, strain NIA3- 783: ≥ 105.2 CCID50* per dose.</s>
<s id="s19.1">injection after reconstitution</s>
<s id="s20.1">use</s>
<s id="s21.1">dried component) &amp; doses 22 ml glass bottle (liquid component)</s>
<s id="s22.1">doses and 1 bottle for reconstitution</s>
<s id="s23.1">EU/ 2/ 98/ 009/ 002</s>
<s id="s24.1">Suvaxyn</s>
<s id="s25.1">Live attenuated</s>
<s id="s26.1">Emulsion for</s>
<s id="s27.1">Pigs</s>
<s id="s28.1">Intramuscular</s>
<s id="s29.1">7 ml glass vial (freeze- 1 x 50</s>
<s id="s30.1">1 vial of 50</s>
<s id="s31.1">0 days</s>
<s id="s32.1">Aujeszky 783 O/ W</s>
<s id="s33.1">Aujeszky’ s Disease Virus, strain NIA3- 783: ≥ 105.2 CCID50* per dose.</s>
<s id="s34.1">injection after reconstitution</s>
<s id="s35.1">use</s>
<s id="s36.1">dried component) &amp; doses 105 ml glass bottle (liquid component)</s>
<s id="s37.1">doses and 1 bottle for reconstitution</s>
<s id="s38.1">EU/ 2/ 98/ 009/ 003</s>
<s id="s39.1">Suvaxyn</s>
<s id="s40.1">Live attenuated</s>
<s id="s41.1">Emulsion for</s>
<s id="s42.1">Pigs</s>
<s id="s43.1">Intramuscular</s>
<s id="s44.1">7 ml glass vial (freeze-</s>
<s id="s45.1">1 x 100</s>
<s id="s46.1">1 vial of 100 0 days</s>
<s id="s47.1">Aujeszky 783 O/ W</s>
<s id="s48.1">Aujeszky’ s Disease Virus, strain NIA3- 783: ≥ 105.2 CCID50* per dose.</s>
<s id="s49.1">injection after reconstitution</s>
<s id="s50.1">use</s>
<s id="s51.1">dried component) &amp; doses 210 ml glass bottle (liquid component)</s>
<s id="s52.1">doses and 1 bottle for reconstitution</s>
<s id="s53.1">EU/ 2/ 98/ 009/ 004</s>
<s id="s54.1">Suvaxyn</s>
<s id="s55.1">Live attenuated</s>
<s id="s56.1">Emulsion for</s>
<s id="s57.1">Pigs</s>
<s id="s58.1">Intramuscular</s>
<s id="s59.1">7 ml glass vial (freeze-</s>
<s id="s60.1">10 x 10</s>
<s id="s61.1">10 vials of 10 0 days</s>
<s id="s62.1">Aujeszky 783 O/ W</s>
<s id="s63.1">Aujeszky’ s Disease Virus, strain NIA3- 783: ≥ 105.2 CCID50* per dose.</s>
<s id="s64.1">injection after reconstitution</s>
<s id="s65.1">use</s>
<s id="s66.1">dried component) &amp; doses 22 ml glass bottle (liquid component)</s>
<s id="s67.1">doses and 10 bottles for reconstitution</s>
<s id="s68.1">EU/ 2/ 98/ 009/ 005</s>
<s id="s69.1">Suvaxyn</s>
<s id="s70.1">Live attenuated</s>
<s id="s71.1">Emulsion for</s>
<s id="s72.1">Pigs</s>
<s id="s73.1">Intramuscular</s>
<s id="s74.1">7 ml glass vial (freeze-</s>
<s id="s75.1">10 x 50</s>
<s id="s76.1">10 vials of 50 0 days</s>
<s id="s77.1">Aujeszky 783 O/ W</s>
<s id="s78.1">Aujeszky’ s Disease Virus, strain NIA3- 783: ≥ 105.2 CCID50* per dose.</s>
<s id="s79.1">injection after reconstitution</s>
<s id="s80.1">use</s>
<s id="s81.1">dried component) &amp; doses 105 ml glass bottle (liquid component)</s>
<s id="s82.1">doses and 10 bottles for reconstitution</s>
<s id="s83.1">EU/ 2/ 98/ 009/ 006</s>
<s id="s84.1">Suvaxyn</s>
<s id="s85.1">Live attenuated</s>
<s id="s86.1">Emulsion for</s>
<s id="s87.1">Pigs</s>
<s id="s88.1">Intramuscular</s>
<s id="s89.1">7 ml glass vial (freeze-</s>
<s id="s90.1">10 x</s>
<s id="s91.1">10 vials of 100 0 days</s>
<s id="s92.1">Aujeszky 783 O/ W</s>
<s id="s93.1">Aujeszky’ s Disease Virus, strain NIA3- 783: ≥ 105.2 CCID50* per dose.</s>
<s id="s94.1">injection after reconstitution</s>
<s id="s95.1">use</s>
<s id="s96.1">dried component) &amp; 100 210 ml glass bottle (liquid component)</s>
<s id="s97.1">doses</s>
<s id="s98.1">doses and 10 bottles for reconstitution</s>
<s id="s99.1">* CCID50 = the quantity of virus, which infects 50% of the cell cultures inoculated.</s>
</body>
</letsmt>
