<?xml version="1.0" encoding="utf-8"?>
<text>
<p id="1">
<s id="s1.1">
 <w id="w1.1.1">European</w> 
 <w id="w1.1.2">Medicines</w> 
 <w id="w1.1.3">Agency</w>
</s></p>

<p id="2">
<s id="s2.1">
 <w id="w2.1.1">EMEA/</w>
 <w id="w2.1.2">H/</w>
 <w id="w2.1.3">C/</w>
 <w id="w2.1.4">706</w>
</s></p>

<p id="3">
<s id="s3.1">
 <w id="w3.1.1">EVROPSKO</w> 
 <w id="w3.1.2">JAVNO</w> 
 <w id="w3.1.3">POROČILO</w> 
 <w id="w3.1.4">O</w> 
 <w id="w3.1.5">OCENI</w> 
 <w id="w3.1.6">ZDRAVILA</w> 
 <w id="w3.1.7">(</w>
 <w id="w3.1.8">EPAR</w>
 <w id="w3.1.9">)</w>
</s></p>

<p id="4">
<s id="s4.1">
 <w id="w4.1.1">DARONRIX</w>
</s></p>

<p id="5">
<s id="s5.1">
 <w id="w5.1.1">Povzetek</w> 
 <w id="w5.1.2">EPAR</w> 
 <w id="w5.1.3">za</w> 
 <w id="w5.1.4">javnost</w>
</s></p>

<p id="6">
<s id="s6.1">
 <w id="w6.1.1">Ta</w> 
 <w id="w6.1.2">dokument</w> 
 <w id="w6.1.3">je</w> 
 <w id="w6.1.4">povzetek</w> 
 <w id="w6.1.5">Evropskega</w> 
 <w id="w6.1.6">javnega</w> 
 <w id="w6.1.7">poročila</w> 
 <w id="w6.1.8">o</w> 
 <w id="w6.1.9">oceni</w> 
 <w id="w6.1.10">zdravila</w> 
 <w id="w6.1.11">(</w>
 <w id="w6.1.12">EPAR</w>
 <w id="w6.1.13">)</w>
 <w id="w6.1.14">.</w>
</s> 
 
<s id="s6.2">
 <w id="w6.2.1">Pojasnjuje</w>
 <w id="w6.2.2">,</w> 
 <w id="w6.2.3">kako</w>   
 <w id="w6.2.4">je</w> 
 <w id="w6.2.5">Odbor</w> 
 <w id="w6.2.6">za</w> 
 <w id="w6.2.7">zdravila</w> 
 <w id="w6.2.8">za</w> 
 <w id="w6.2.9">uporabo</w> 
 <w id="w6.2.10">v</w> 
 <w id="w6.2.11">humani</w> 
 <w id="w6.2.12">medicini</w> 
 <w id="w6.2.13">(</w>
 <w id="w6.2.14">CHMP</w>
 <w id="w6.2.15">)</w> 
 <w id="w6.2.16">ocenil</w> 
 <w id="w6.2.17">opravljene</w> 
 <w id="w6.2.18">študije</w>
 <w id="w6.2.19">,</w> 
 <w id="w6.2.20">na</w> 
 <w id="w6.2.21">podlagi</w>   
 <w id="w6.2.22">katerih</w> 
 <w id="w6.2.23">je</w> 
 <w id="w6.2.24">oblikoval</w> 
 <w id="w6.2.25">priporočila</w> 
 <w id="w6.2.26">glede</w> 
 <w id="w6.2.27">uporabe</w> 
 <w id="w6.2.28">zdravila</w>
 <w id="w6.2.29">.</w>
</s>   
 
<s id="s6.3">
 <w id="w6.3.1">Če</w> 
 <w id="w6.3.2">potrebujete</w> 
 <w id="w6.3.3">več</w> 
 <w id="w6.3.4">informacij</w> 
 <w id="w6.3.5">o</w> 
 <w id="w6.3.6">vašem</w> 
 <w id="w6.3.7">zdravstvenem</w> 
 <w id="w6.3.8">stanju</w> 
 <w id="w6.3.9">ali</w> 
 <w id="w6.3.10">zdravljenju</w>
 <w id="w6.3.11">,</w> 
 <w id="w6.3.12">preberite</w> 
 <w id="w6.3.13">Navodilo</w> 
 <w id="w6.3.14">za</w>   
 <w id="w6.3.15">uporabo</w> 
 <w id="w6.3.16">(</w>
 <w id="w6.3.17">ki</w> 
 <w id="w6.3.18">je</w> 
 <w id="w6.3.19">prav</w> 
 <w id="w6.3.20">tako</w> 
 <w id="w6.3.21">del</w> 
 <w id="w6.3.22">EPAR</w>
 <w id="w6.3.23">)</w> 
 <w id="w6.3.24">ali</w> 
 <w id="w6.3.25">se</w> 
 <w id="w6.3.26">posvetujte</w> 
 <w id="w6.3.27">s</w> 
 <w id="w6.3.28">svojim</w> 
 <w id="w6.3.29">zdravnikom</w> 
 <w id="w6.3.30">ali</w> 
 <w id="w6.3.31">s</w> 
 <w id="w6.3.32">farmacevtom</w>
 <w id="w6.3.33">.</w>
</s> 
 
<s id="s6.4">
 <w id="w6.4.1">Če</w>   
 <w id="w6.4.2">želite</w> 
 <w id="w6.4.3">več</w> 
 <w id="w6.4.4">informacij</w>
 <w id="w6.4.5">,</w> 
 <w id="w6.4.6">ki</w> 
 <w id="w6.4.7">temeljijo</w> 
 <w id="w6.4.8">na</w> 
 <w id="w6.4.9">priporočilih</w> 
 <w id="w6.4.10">CHMP</w>
 <w id="w6.4.11">,</w> 
 <w id="w6.4.12">preberite</w> 
 <w id="w6.4.13">znanstveno</w> 
 <w id="w6.4.14">razpravo</w> 
 <w id="w6.4.15">(</w>
 <w id="w6.4.16">ki</w> 
 <w id="w6.4.17">je</w>   
 <w id="w6.4.18">prav</w> 
 <w id="w6.4.19">tako</w> 
 <w id="w6.4.20">del</w> 
 <w id="w6.4.21">EPAR</w>
 <w id="w6.4.22">)</w>
 <w id="w6.4.23">.</w>
</s></p>

<p id="7">
<s id="s7.1">
 <w id="w7.1.1">Kaj</w> 
 <w id="w7.1.2">je</w> 
 <w id="w7.1.3">zdravilo</w> 
 <w id="w7.1.4">Daronrix</w>
 <w id="w7.1.5">?</w>
</s>   
 
<s id="s7.2">
 <w id="w7.2.1">Zdravilo</w> 
 <w id="w7.2.2">Daronrix</w> 
 <w id="w7.2.3">je</w> 
 <w id="w7.2.4">cepivo</w>
 <w id="w7.2.5">.</w>
</s> 
 
<s id="s7.3">
 <w id="w7.3.1">Je</w> 
 <w id="w7.3.2">suspenzija</w> 
 <w id="w7.3.3">za</w> 
 <w id="w7.3.4">injiciranje</w>
 <w id="w7.3.5">,</w> 
 <w id="w7.3.6">ki</w> 
 <w id="w7.3.7">vsebuje</w> 
 <w id="w7.3.8">inaktivirane</w> 
 <w id="w7.3.9">(</w>
 <w id="w7.3.10">ubite</w>
 <w id="w7.3.11">)</w> 
 <w id="w7.3.12">viruse</w> 
 <w id="w7.3.13">gripe</w>
 <w id="w7.3.14">.</w>
</s>   
 
<s id="s7.4">
 <w id="w7.4.1">Vsebuje</w> 
 <w id="w7.4.2">sev</w> 
 <w id="w7.4.3">gripe</w>
 <w id="w7.4.4">,</w> 
 <w id="w7.4.5">imenovan</w> 
 <w id="w7.4.6">A/</w>
 <w id="w7.4.7">Viet</w> 
 <w id="w7.4.8">Nam/</w>
 <w id="w7.4.9">1194/</w>
 <w id="w7.4.10">2004</w> 
 <w id="w7.4.11">(</w>
 <w id="w7.4.12">H5N1</w>
 <w id="w7.4.13">)</w>
 <w id="w7.4.14">.</w>
</s></p>

<p id="8">
<s id="s8.1">
 <w id="w8.1.1">Za</w> 
 <w id="w8.1.2">kaj</w> 
 <w id="w8.1.3">se</w> 
 <w id="w8.1.4">zdravilo</w> 
 <w id="w8.1.5">Daronix</w> 
 <w id="w8.1.6">uporablja</w>
 <w id="w8.1.7">?</w>
</s>   
 
<s id="s8.2">
 <w id="w8.2.1">Zdravilo</w> 
 <w id="w8.2.2">Daronix</w> 
 <w id="w8.2.3">je</w> 
 <w id="w8.2.4">cepivo</w>
 <w id="w8.2.5">,</w> 
 <w id="w8.2.6">ki</w> 
 <w id="w8.2.7">se</w> 
 <w id="w8.2.8">lahko</w> 
 <w id="w8.2.9">uporablja</w> 
 <w id="w8.2.10">šele</w> 
 <w id="w8.2.11">potem</w>
 <w id="w8.2.12">,</w> 
 <w id="w8.2.13">ko</w> 
 <w id="w8.2.14">Svetovna</w> 
 <w id="w8.2.15">zdravstvena</w> 
 <w id="w8.2.16">organizacija</w>   
 <w id="w8.2.17">(</w>
 <w id="w8.2.18">WHO</w>
 <w id="w8.2.19">)</w> 
 <w id="w8.2.20">ali</w> 
 <w id="w8.2.21">Evropska</w> 
 <w id="w8.2.22">unija</w> 
 <w id="w8.2.23">(</w>
 <w id="w8.2.24">EU</w>
 <w id="w8.2.25">)</w> 
 <w id="w8.2.26">uradno</w> 
 <w id="w8.2.27">razglasi</w> 
 <w id="w8.2.28">pandemijo</w> 
 <w id="w8.2.29">gripe</w>
 <w id="w8.2.30">.</w>
</s> 
 
<s id="s8.3">
 <w id="w8.3.1">Pandemija</w> 
 <w id="w8.3.2">gripe</w> 
 <w id="w8.3.3">nastopi</w>
 <w id="w8.3.4">,</w> 
 <w id="w8.3.5">ko</w> 
 <w id="w8.3.6">se</w>   
 <w id="w8.3.7">pojavi</w> 
 <w id="w8.3.8">nova</w> 
 <w id="w8.3.9">vrsta</w> 
 <w id="w8.3.10">(</w>
 <w id="w8.3.11">sev</w>
 <w id="w8.3.12">)</w> 
 <w id="w8.3.13">virusa</w> 
 <w id="w8.3.14">gripe</w>
 <w id="w8.3.15">,</w> 
 <w id="w8.3.16">ki</w> 
 <w id="w8.3.17">se</w> 
 <w id="w8.3.18">lahko</w> 
 <w id="w8.3.19">enostavno</w> 
 <w id="w8.3.20">širi</w> 
 <w id="w8.3.21">od</w> 
 <w id="w8.3.22">človeka</w> 
 <w id="w8.3.23">do</w> 
 <w id="w8.3.24">človeka</w>
 <w id="w8.3.25">,</w> 
 <w id="w8.3.26">ker</w> 
 <w id="w8.3.27">ljudje</w> 
 <w id="w8.3.28">nanj</w>   
 <w id="w8.3.29">niso</w> 
 <w id="w8.3.30">imuni</w> 
 <w id="w8.3.31">(</w>
 <w id="w8.3.32">zaščiteni</w> 
 <w id="w8.3.33">proti</w> 
 <w id="w8.3.34">njemu</w>
 <w id="w8.3.35">)</w>
 <w id="w8.3.36">.</w>
</s> 
 
<s id="s8.4">
 <w id="w8.4.1">Pandemija</w> 
 <w id="w8.4.2">lahko</w> 
 <w id="w8.4.3">prizadene</w> 
 <w id="w8.4.4">večino</w> 
 <w id="w8.4.5">držav</w> 
 <w id="w8.4.6">in</w> 
 <w id="w8.4.7">regij</w> 
 <w id="w8.4.8">po</w> 
 <w id="w8.4.9">vsem</w> 
 <w id="w8.4.10">svetu</w>
 <w id="w8.4.11">.</w>
</s>   
 
<s id="s8.5">
 <w id="w8.5.1">Zdravilo</w> 
 <w id="w8.5.2">Daronrix</w> 
 <w id="w8.5.3">se</w> 
 <w id="w8.5.4">daje</w> 
 <w id="w8.5.5">v</w> 
 <w id="w8.5.6">skladu</w> 
 <w id="w8.5.7">z</w> 
 <w id="w8.5.8">uradnimi</w> 
 <w id="w8.5.9">priporočili</w>
 <w id="w8.5.10">.</w>
</s>   
 
<s id="s8.6">
 <w id="w8.6.1">Cepivo</w> 
 <w id="w8.6.2">se</w> 
 <w id="w8.6.3">dobi</w> 
 <w id="w8.6.4">samo</w> 
 <w id="w8.6.5">na</w> 
 <w id="w8.6.6">recept</w>
 <w id="w8.6.7">.</w>
</s></p>

<p id="9">
<s id="s9.1">
 <w id="w9.1.1">Kako</w> 
 <w id="w9.1.2">se</w> 
 <w id="w9.1.3">zdravilo</w> 
 <w id="w9.1.4">Daronrix</w> 
 <w id="w9.1.5">uporablja</w>
 <w id="w9.1.6">?</w>
</s>   
 
<s id="s9.2">
 <w id="w9.2.1">Zdravilo</w> 
 <w id="w9.2.2">Daronrix</w> 
 <w id="w9.2.3">se</w> 
 <w id="w9.2.4">daje</w> 
 <w id="w9.2.5">v</w> 
 <w id="w9.2.6">dveh</w> 
 <w id="w9.2.7">odmerkih</w> 
 <w id="w9.2.8">v</w> 
 <w id="w9.2.9">razmaku</w> 
 <w id="w9.2.10">najmanj</w> 
 <w id="w9.2.11">treh</w> 
 <w id="w9.2.12">tednov</w>
 <w id="w9.2.13">.</w>
</s> 
 
<s id="s9.3">
 <w id="w9.3.1">Daje</w> 
 <w id="w9.3.2">se</w> 
 <w id="w9.3.3">z</w> 
 <w id="w9.3.4">injekcijo</w> 
 <w id="w9.3.5">v</w>   
 <w id="w9.3.6">mišico</w> 
 <w id="w9.3.7">nadlakti</w>
 <w id="w9.3.8">.</w>
</s></p>

<p id="10">
<s id="s10.1">
 <w id="w10.1.1">Kako</w> 
 <w id="w10.1.2">zdravilo</w> 
 <w id="w10.1.3">Daronrix</w> 
 <w id="w10.1.4">deluje</w>
 <w id="w10.1.5">?</w>
</s>   
 
<s id="s10.2">
 <w id="w10.2.1">Zdravilo</w> 
 <w id="w10.2.2">Daronrix</w> 
 <w id="w10.2.3">je</w> 
 <w id="w10.2.4">»</w>
 <w id="w10.2.5">modelno</w>
 <w id="w10.2.6">«</w> 
 <w id="w10.2.7">cepivo</w>
 <w id="w10.2.8">.</w>
</s> 
 
<s id="s10.3">
 <w id="w10.3.1">To</w> 
 <w id="w10.3.2">je</w> 
 <w id="w10.3.3">posebna</w> 
 <w id="w10.3.4">vrsta</w> 
 <w id="w10.3.5">cepiva</w>
 <w id="w10.3.6">,</w> 
 <w id="w10.3.7">ki</w> 
 <w id="w10.3.8">ga</w> 
 <w id="w10.3.9">je</w> 
 <w id="w10.3.10">mogoče</w> 
 <w id="w10.3.11">razviti</w> 
 <w id="w10.3.12">za</w> 
 <w id="w10.3.13">pomoč</w>   
 <w id="w10.3.14">pri</w> 
 <w id="w10.3.15">nadzorovanju</w> 
 <w id="w10.3.16">pandemije</w>
 <w id="w10.3.17">.</w>
</s>   
 
<s id="s10.4">
 <w id="w10.4.1">Pred</w> 
 <w id="w10.4.2">začetkom</w> 
 <w id="w10.4.3">pandemije</w> 
 <w id="w10.4.4">ni</w> 
 <w id="w10.4.5">znano</w>
 <w id="w10.4.6">,</w> 
 <w id="w10.4.7">kateri</w> 
 <w id="w10.4.8">sev</w> 
 <w id="w10.4.9">virusa</w> 
 <w id="w10.4.10">gripe</w> 
 <w id="w10.4.11">bo</w> 
 <w id="w10.4.12">razsajal</w>
 <w id="w10.4.13">,</w> 
 <w id="w10.4.14">zato</w> 
 <w id="w10.4.15">podjetja</w> 
 <w id="w10.4.16">ne</w> 
 <w id="w10.4.17">morejo</w> 
 <w id="w10.4.18">vnaprej</w>   
 <w id="w10.4.19">pripraviti</w> 
 <w id="w10.4.20">pravega</w> 
 <w id="w10.4.21">cepiva</w>
 <w id="w10.4.22">.</w>
</s> 
 
<s id="s10.5">
 <w id="w10.5.1">Lahko</w> 
 <w id="w10.5.2">pa</w> 
 <w id="w10.5.3">pripravijo</w> 
 <w id="w10.5.4">cepivo</w>
 <w id="w10.5.5">,</w> 
 <w id="w10.5.6">ki</w> 
 <w id="w10.5.7">vsebuje</w> 
 <w id="w10.5.8">posebej</w> 
 <w id="w10.5.9">izbran</w> 
 <w id="w10.5.10">sev</w> 
 <w id="w10.5.11">virusa</w> 
 <w id="w10.5.12">gripe</w>
 <w id="w10.5.13">,</w> 
 <w id="w10.5.14">ki</w>   
 <w id="w10.5.15">mu</w> 
 <w id="w10.5.16">ni</w> 
 <w id="w10.5.17">bil</w> 
 <w id="w10.5.18">še</w> 
 <w id="w10.5.19">nihče</w> 
 <w id="w10.5.20">izpostavljen</w> 
 <w id="w10.5.21">in</w> 
 <w id="w10.5.22">na</w> 
 <w id="w10.5.23">katerega</w> 
 <w id="w10.5.24">ni</w> 
 <w id="w10.5.25">nihče</w> 
 <w id="w10.5.26">imun</w>
 <w id="w10.5.27">.</w>
</s> 
 
<s id="s10.6">
 <w id="w10.6.1">To</w> 
 <w id="w10.6.2">cepivo</w> 
 <w id="w10.6.3">lahko</w> 
 <w id="w10.6.4">preizkusijo</w>
 <w id="w10.6.5">,</w> 
 <w id="w10.6.6">da</w> 
 <w id="w10.6.7">bi</w>   
 <w id="w10.6.8">preverili</w>
 <w id="w10.6.9">,</w> 
 <w id="w10.6.10">kako</w> 
 <w id="w10.6.11">se</w> 
 <w id="w10.6.12">ljudje</w> 
 <w id="w10.6.13">nanj</w> 
 <w id="w10.6.14">odzivajo</w>
 <w id="w10.6.15">,</w> 
 <w id="w10.6.16">na</w> 
 <w id="w10.6.17">podlagi</w> 
 <w id="w10.6.18">česar</w> 
 <w id="w10.6.19">lahko</w> 
 <w id="w10.6.20">predvidevajo</w>
 <w id="w10.6.21">,</w> 
 <w id="w10.6.22">kako</w> 
 <w id="w10.6.23">se</w> 
 <w id="w10.6.24">bodo</w> 
 <w id="w10.6.25">ljudje</w>   
 <w id="w10.6.26">odzivali</w>
 <w id="w10.6.27">,</w> 
 <w id="w10.6.28">ko</w> 
 <w id="w10.6.29">se</w> 
 <w id="w10.6.30">bo</w> 
 <w id="w10.6.31">pojavil</w> 
 <w id="w10.6.32">sev</w> 
 <w id="w10.6.33">gripe</w>
 <w id="w10.6.34">,</w> 
 <w id="w10.6.35">ki</w> 
 <w id="w10.6.36">povzroča</w> 
 <w id="w10.6.37">pandemijo</w>
 <w id="w10.6.38">.</w>
</s>   
 
<s id="s10.7">
 <w id="w10.7.1">Cepiva</w> 
 <w id="w10.7.2">delujejo</w> 
 <w id="w10.7.3">tako</w>
 <w id="w10.7.4">,</w> 
 <w id="w10.7.5">da</w> 
 <w id="w10.7.6">imunski</w> 
 <w id="w10.7.7">sistem</w> 
 <w id="w10.7.8">(</w>
 <w id="w10.7.9">naravno</w> 
 <w id="w10.7.10">obrambo</w> 
 <w id="w10.7.11">telesa</w>
 <w id="w10.7.12">)</w> 
 <w id="w10.7.13">»</w>
 <w id="w10.7.14">naučijo</w>
 <w id="w10.7.15">«</w>
 <w id="w10.7.16">,</w> 
 <w id="w10.7.17">kako</w> 
 <w id="w10.7.18">naj</w> 
 <w id="w10.7.19">se</w> 
 <w id="w10.7.20">brani</w> 
 <w id="w10.7.21">pred</w>   
 <w id="w10.7.22">boleznijo</w>
 <w id="w10.7.23">.</w>
</s> 
 
<s id="s10.8">
 <w id="w10.8.1">Zdravilo</w> 
 <w id="w10.8.2">Daronrix</w> 
 <w id="w10.8.3">vsebuje</w> 
 <w id="w10.8.4">majhne</w> 
 <w id="w10.8.5">količine</w> 
 <w id="w10.8.6">virusa</w>
 <w id="w10.8.7">,</w> 
 <w id="w10.8.8">imenovanega</w> 
 <w id="w10.8.9">H5N1</w>
 <w id="w10.8.10">.</w>
</s> 
 
<s id="s10.9">
 <w id="w10.9.1">Virus</w> 
 <w id="w10.9.2">je</w> 
 <w id="w10.9.3">cel</w>
 <w id="w10.9.4">,</w> 
 <w id="w10.9.5">vendar</w>   
 <w id="w10.9.6">inaktiviran</w> 
 <w id="w10.9.7">(</w>
 <w id="w10.9.8">ubit</w>
 <w id="w10.9.9">)</w>
 <w id="w10.9.10">,</w> 
 <w id="w10.9.11">tako</w> 
 <w id="w10.9.12">da</w> 
 <w id="w10.9.13">ne</w> 
 <w id="w10.9.14">povzroča</w> 
 <w id="w10.9.15">bolezni</w>
 <w id="w10.9.16">.</w>
</s> 
 
<s id="s10.10">
 <w id="w10.10.1">V</w> 
 <w id="w10.10.2">primeru</w> 
 <w id="w10.10.3">izbruha</w> 
 <w id="w10.10.4">pandemije</w> 
 <w id="w10.10.5">bo</w> 
 <w id="w10.10.6">sev</w> 
 <w id="w10.10.7">virusa</w> 
 <w id="w10.10.8">v</w> 
 <w id="w10.10.9">zdravilu</w>   
 <w id="w10.10.10">Daronrix</w> 
 <w id="w10.10.11">nadomeščen</w> 
 <w id="w10.10.12">s</w> 
 <w id="w10.10.13">sevom</w>
 <w id="w10.10.14">,</w> 
 <w id="w10.10.15">ki</w> 
 <w id="w10.10.16">povzroča</w> 
 <w id="w10.10.17">pandemijo</w>
 <w id="w10.10.18">,</w> 
 <w id="w10.10.19">preden</w> 
 <w id="w10.10.20">bo</w> 
 <w id="w10.10.21">cepivo</w> 
 <w id="w10.10.22">mogoče</w> 
 <w id="w10.10.23">uporabljati</w>
 <w id="w10.10.24">.</w>
</s>   
 
<s id="s10.11">
 <w id="w10.11.1">Ko</w> 
 <w id="w10.11.2">oseba</w> 
 <w id="w10.11.3">prejme</w> 
 <w id="w10.11.4">cepivo</w>
 <w id="w10.11.5">,</w> 
 <w id="w10.11.6">imunski</w> 
 <w id="w10.11.7">sistem</w> 
 <w id="w10.11.8">prepozna</w> 
 <w id="w10.11.9">inaktiviran</w> 
 <w id="w10.11.10">virus</w> 
 <w id="w10.11.11">kot</w> 
 <w id="w10.11.12">tujek</w> 
 <w id="w10.11.13">in</w> 
 <w id="w10.11.14">proti</w> 
 <w id="w10.11.15">njemu</w> 
 <w id="w10.11.16">razvije</w>   
 <w id="w10.11.17">protitelesa</w>
 <w id="w10.11.18">.</w>
</s> 
 
<s id="s10.12">
 <w id="w10.12.1">V</w> 
 <w id="w10.12.2">tem</w> 
 <w id="w10.12.3">primeru</w> 
 <w id="w10.12.4">lahko</w> 
 <w id="w10.12.5">imunski</w> 
 <w id="w10.12.6">sistem</w>
 <w id="w10.12.7">,</w> 
 <w id="w10.12.8">če</w> 
 <w id="w10.12.9">je</w> 
 <w id="w10.12.10">ponovno</w> 
 <w id="w10.12.11">izpostavljen</w> 
 <w id="w10.12.12">virusu</w>
 <w id="w10.12.13">,</w> 
 <w id="w10.12.14">hitreje</w> 
 <w id="w10.12.15">tvori</w>   
 <w id="w10.12.16">protitelesa</w>
 <w id="w10.12.17">.</w>
</s> 
 
<s id="s10.13">
 <w id="w10.13.1">To</w> 
 <w id="w10.13.2">pomaga</w> 
 <w id="w10.13.3">pri</w> 
 <w id="w10.13.4">zaščiti</w> 
 <w id="w10.13.5">pred</w> 
 <w id="w10.13.6">boleznijo</w>
 <w id="w10.13.7">.</w>
</s>   
 
<s id="s10.14">
 <w id="w10.14.1">Cepivo</w> 
 <w id="w10.14.2">vsebuje</w> 
 <w id="w10.14.3">tudi</w> 
 <w id="w10.14.4">„</w>
 <w id="w10.14.5">adjuvans</w>
 <w id="w10.14.6">“</w> 
 <w id="w10.14.7">(</w>
 <w id="w10.14.8">spojino</w>
 <w id="w10.14.9">,</w> 
 <w id="w10.14.10">ki</w> 
 <w id="w10.14.11">vsebuje</w> 
 <w id="w10.14.12">aluminij</w>
 <w id="w10.14.13">)</w> 
 <w id="w10.14.14">za</w> 
 <w id="w10.14.15">stimulacijo</w> 
 <w id="w10.14.16">boljšega</w> 
 <w id="w10.14.17">odziva</w>
 <w id="w10.14.18">.</w>
</s></p>

<p id="11">
<s id="s11.1">
 <w id="w11.1.1">7</w> 
 <w id="w11.1.2">Westferry</w> 
 <w id="w11.1.3">Circus</w>
 <w id="w11.1.4">,</w> 
 <w id="w11.1.5">Canary</w> 
 <w id="w11.1.6">Wharf</w>
 <w id="w11.1.7">,</w> 
 <w id="w11.1.8">London</w> 
 <w id="w11.1.9">E14</w> 
 <w id="w11.1.10">4HB</w>
 <w id="w11.1.11">,</w> 
 <w id="w11.1.12">UK</w>                                            
 <w id="w11.1.13">Tel</w>
 <w id="w11.1.14">.</w>
</s> 
 
<s id="s11.2">
 <w id="w11.2.1">(</w>
 <w id="w11.2.2">44-</w>
 <w id="w11.2.3">20</w>
 <w id="w11.2.4">)</w> 
 <w id="w11.2.5">74</w> 
 <w id="w11.2.6">18</w> 
 <w id="w11.2.7">84</w> 
 <w id="w11.2.8">00</w> 
 <w id="w11.2.9">Fax</w> 
 <w id="w11.2.10">(</w>
 <w id="w11.2.11">44-</w>
 <w id="w11.2.12">20</w>
 <w id="w11.2.13">)</w> 
 <w id="w11.2.14">74</w> 
 <w id="w11.2.15">18</w> 
 <w id="w11.2.16">84</w> 
 <w id="w11.2.17">16</w>                                       
 <w id="w11.2.18">E-</w>
 <w id="w11.2.19">mail</w>
 <w id="w11.2.20">:</w> 
 <w id="w11.2.21">mail@</w>
 <w id="w11.2.22">emea.</w>
 <w id="w11.2.23">europa.</w>
 <w id="w11.2.24">eu</w> 
 <w id="w11.2.25">http</w>
 <w id="w11.2.26">:</w>
 <w id="w11.2.27">//</w>
 <w id="w11.2.28">www.</w>
 <w id="w11.2.29">emea.</w>
 <w id="w11.2.30">europa.</w>
 <w id="w11.2.31">eu</w> 
 <w id="w11.2.32">©EMEA</w> 
 <w id="w11.2.33">2007</w> 
 <w id="w11.2.34">Reproduction</w> 
 <w id="w11.2.35">and/</w>
 <w id="w11.2.36">or</w> 
 <w id="w11.2.37">distribution</w> 
 <w id="w11.2.38">of</w> 
 <w id="w11.2.39">this</w> 
 <w id="w11.2.40">document</w> 
 <w id="w11.2.41">is</w> 
 <w id="w11.2.42">authorised</w> 
 <w id="w11.2.43">for</w> 
 <w id="w11.2.44">non</w> 
 <w id="w11.2.45">commercial</w> 
 <w id="w11.2.46">purposes</w> 
 <w id="w11.2.47">only</w> 
 <w id="w11.2.48">provided</w> 
 <w id="w11.2.49">the</w> 
 <w id="w11.2.50">EMEA</w> 
 <w id="w11.2.51">is</w> 
 <w id="w11.2.52">acknowledged</w> 
 <w id="w11.2.53">Kako</w> 
 <w id="w11.2.54">je</w> 
 <w id="w11.2.55">bilo</w> 
 <w id="w11.2.56">zdravilo</w> 
 <w id="w11.2.57">Daronrix</w> 
 <w id="w11.2.58">raziskano</w>
 <w id="w11.2.59">?</w>
</s> 
 
<s id="s11.3">
 <w id="w11.3.1">Učinki</w> 
 <w id="w11.3.2">zdravila</w> 
 <w id="w11.3.3">Daronrix</w> 
 <w id="w11.3.4">so</w> 
 <w id="w11.3.5">bili</w> 
 <w id="w11.3.6">najprej</w> 
 <w id="w11.3.7">preizkušeni</w> 
 <w id="w11.3.8">na</w> 
 <w id="w11.3.9">poskusnih</w> 
 <w id="w11.3.10">modelih</w>
 <w id="w11.3.11">,</w> 
 <w id="w11.3.12">nato</w> 
 <w id="w11.3.13">pa</w> 
 <w id="w11.3.14">so</w> 
 <w id="w11.3.15">jih</w> 
 <w id="w11.3.16">raziskali</w> 
 <w id="w11.3.17">pri</w> 
 <w id="w11.3.18">ljudeh</w>
 <w id="w11.3.19">.</w>
</s> 
 
<s id="s11.4">
 <w id="w11.4.1">V</w> 
 <w id="w11.4.2">glavno</w> 
 <w id="w11.4.3">študijo</w> 
 <w id="w11.4.4">zdravila</w> 
 <w id="w11.4.5">Daronrix</w> 
 <w id="w11.4.6">je</w> 
 <w id="w11.4.7">bilo</w> 
 <w id="w11.4.8">vključenih</w> 
 <w id="w11.4.9">387</w> 
 <w id="w11.4.10">zdravih</w> 
 <w id="w11.4.11">odraslih</w>
 <w id="w11.4.12">.</w>
</s> 
 
<s id="s11.5">
 <w id="w11.5.1">V</w> 
 <w id="w11.5.2">njej</w> 
 <w id="w11.5.3">so</w> 
 <w id="w11.5.4">preučevali</w> 
 <w id="w11.5.5">učinkovitost</w> 
 <w id="w11.5.6">različnih</w> 
 <w id="w11.5.7">odmerkov</w> 
 <w id="w11.5.8">zdravila</w> 
 <w id="w11.5.9">Daronrix</w> 
 <w id="w11.5.10">z</w> 
 <w id="w11.5.11">adjuvansom</w> 
 <w id="w11.5.12">ali</w> 
 <w id="w11.5.13">brez</w> 
 <w id="w11.5.14">njega</w> 
 <w id="w11.5.15">pri</w> 
 <w id="w11.5.16">sprožanju</w> 
 <w id="w11.5.17">nastajanja</w> 
 <w id="w11.5.18">protiteles</w> 
 <w id="w11.5.19">(</w>
 <w id="w11.5.20">imunogenosti</w>
 <w id="w11.5.21">)</w>
 <w id="w11.5.22">.</w>
</s> 
 
<s id="s11.6">
 <w id="w11.6.1">Udeleženci</w> 
 <w id="w11.6.2">so</w> 
 <w id="w11.6.3">prejeli</w> 
 <w id="w11.6.4">dve</w> 
 <w id="w11.6.5">injekciji</w> 
 <w id="w11.6.6">zdravila</w> 
 <w id="w11.6.7">Daronrix</w>
 <w id="w11.6.8">,</w> 
 <w id="w11.6.9">ki</w> 
 <w id="w11.6.10">sta</w> 
 <w id="w11.6.11">vsebovali</w> 
 <w id="w11.6.12">eno</w> 
 <w id="w11.6.13">od</w> 
 <w id="w11.6.14">štirih</w> 
 <w id="w11.6.15">različnih</w> 
 <w id="w11.6.16">količin</w> 
 <w id="w11.6.17">hemaglutinina</w> 
 <w id="w11.6.18">(</w>
 <w id="w11.6.19">beljakovine</w>
 <w id="w11.6.20">,</w> 
 <w id="w11.6.21">ki</w> 
 <w id="w11.6.22">se</w> 
 <w id="w11.6.23">nahaja</w> 
 <w id="w11.6.24">v</w> 
 <w id="w11.6.25">virusih</w> 
 <w id="w11.6.26">gripe</w>
 <w id="w11.6.27">)</w> 
 <w id="w11.6.28">z</w> 
 <w id="w11.6.29">adjuvansom</w> 
 <w id="w11.6.30">ali</w> 
 <w id="w11.6.31">brez</w> 
 <w id="w11.6.32">njega</w> 
 <w id="w11.6.33">v</w> 
 <w id="w11.6.34">razmaku</w> 
 <w id="w11.6.35">21</w> 
 <w id="w11.6.36">dni</w>
 <w id="w11.6.37">.</w>
</s> 
 
<s id="s11.7">
 <w id="w11.7.1">Glavna</w> 
 <w id="w11.7.2">merila</w> 
 <w id="w11.7.3">učinkovitosti</w> 
 <w id="w11.7.4">so</w> 
 <w id="w11.7.5">bile</w> 
 <w id="w11.7.6">koncentracije</w> 
 <w id="w11.7.7">protiteles</w> 
 <w id="w11.7.8">proti</w> 
 <w id="w11.7.9">virusu</w> 
 <w id="w11.7.10">gripe</w> 
 <w id="w11.7.11">v</w> 
 <w id="w11.7.12">krvi</w> 
 <w id="w11.7.13">bolnika</w> 
 <w id="w11.7.14">pred</w> 
 <w id="w11.7.15">cepljenjem</w>
 <w id="w11.7.16">,</w> 
 <w id="w11.7.17">na</w> 
 <w id="w11.7.18">dan</w> 
 <w id="w11.7.19">drugega</w> 
 <w id="w11.7.20">cepljenja</w> 
 <w id="w11.7.21">(</w>
 <w id="w11.7.22">21</w>
 <w id="w11.7.23">.</w> 
 <w id="w11.7.24">dan</w>
 <w id="w11.7.25">)</w> 
 <w id="w11.7.26">in</w> 
 <w id="w11.7.27">21</w> 
 <w id="w11.7.28">dni</w> 
 <w id="w11.7.29">kasneje</w> 
 <w id="w11.7.30">(</w>
 <w id="w11.7.31">na</w> 
 <w id="w11.7.32">42</w>
 <w id="w11.7.33">.</w> 
 <w id="w11.7.34">dan</w>
 <w id="w11.7.35">)</w>
 <w id="w11.7.36">.</w>
</s></p>

<p id="12">
<s id="s12.1">
 <w id="w12.1.1">Kakšne</w> 
 <w id="w12.1.2">koristi</w> 
 <w id="w12.1.3">je</w> 
 <w id="w12.1.4">zdravilo</w> 
 <w id="w12.1.5">Daronrix</w> 
 <w id="w12.1.6">izkazalo</w> 
 <w id="w12.1.7">med</w> 
 <w id="w12.1.8">raziskavami</w>
 <w id="w12.1.9">?</w>
</s> 
 
<s id="s12.2">
 <w id="w12.2.1">V</w> 
 <w id="w12.2.2">skladu</w> 
 <w id="w12.2.3">z</w> 
 <w id="w12.2.4">merili</w>
 <w id="w12.2.5">,</w> 
 <w id="w12.2.6">ki</w> 
 <w id="w12.2.7">jih</w> 
 <w id="w12.2.8">je</w> 
 <w id="w12.2.9">določil</w> 
 <w id="w12.2.10">Odbor</w> 
 <w id="w12.2.11">za</w> 
 <w id="w12.2.12">zdravila</w> 
 <w id="w12.2.13">za</w> 
 <w id="w12.2.14">uporabo</w> 
 <w id="w12.2.15">v</w> 
 <w id="w12.2.16">humani</w> 
 <w id="w12.2.17">medicini</w> 
 <w id="w12.2.18">(</w>
 <w id="w12.2.19">CHMP</w>
 <w id="w12.2.20">)</w>
 <w id="w12.2.21">,</w> 
 <w id="w12.2.22">morajo</w> 
 <w id="w12.2.23">modelna</w> 
 <w id="w12.2.24">cepiva</w>
 <w id="w12.2.25">,</w> 
 <w id="w12.2.26">da</w> 
 <w id="w12.2.27">lahko</w> 
 <w id="w12.2.28">veljajo</w> 
 <w id="w12.2.29">kot</w> 
 <w id="w12.2.30">primerna</w>
 <w id="w12.2.31">,</w> 
 <w id="w12.2.32">zagotoviti</w> 
 <w id="w12.2.33">zaščitno</w> 
 <w id="w12.2.34">koncentracijo</w> 
 <w id="w12.2.35">protiteles</w> 
 <w id="w12.2.36">pri</w> 
 <w id="w12.2.37">vsaj</w> 
 <w id="w12.2.38">70</w> 
 <w id="w12.2.39">%</w> 
 <w id="w12.2.40">ljudi</w>
 <w id="w12.2.41">.</w>
</s> 
 
<s id="s12.3">
 <w id="w12.3.1">Raziskava</w> 
 <w id="w12.3.2">je</w> 
 <w id="w12.3.3">pokazala</w>
 <w id="w12.3.4">,</w> 
 <w id="w12.3.5">da</w> 
 <w id="w12.3.6">zdravilo</w> 
 <w id="w12.3.7">Daronrix</w>
 <w id="w12.3.8">,</w> 
 <w id="w12.3.9">vsebujoče</w> 
 <w id="w12.3.10">15</w> 
 <w id="w12.3.11">mikrogramov</w> 
 <w id="w12.3.12">hemaglutinina</w> 
 <w id="w12.3.13">in</w> 
 <w id="w12.3.14">adjuvans</w>
 <w id="w12.3.15">,</w> 
 <w id="w12.3.16">izzove</w> 
 <w id="w12.3.17">odziv</w> 
 <w id="w12.3.18">protiteles</w>
 <w id="w12.3.19">,</w> 
 <w id="w12.3.20">ki</w> 
 <w id="w12.3.21">zadovolji</w> 
 <w id="w12.3.22">to</w> 
 <w id="w12.3.23">merilo</w>
 <w id="w12.3.24">.</w>
</s> 
 
<s id="s12.4">
 <w id="w12.4.1">Enaindvajset</w> 
 <w id="w12.4.2">dni</w> 
 <w id="w12.4.3">po</w> 
 <w id="w12.4.4">drugem</w> 
 <w id="w12.4.5">injiciranju</w> 
 <w id="w12.4.6">je</w> 
 <w id="w12.4.7">imelo</w> 
 <w id="w12.4.8">70,</w>
 <w id="w12.4.9">8</w> 
 <w id="w12.4.10">%</w> 
 <w id="w12.4.11">ljudi</w>
 <w id="w12.4.12">,</w> 
 <w id="w12.4.13">ki</w> 
 <w id="w12.4.14">so</w> 
 <w id="w12.4.15">prejeli</w> 
 <w id="w12.4.16">cepivo</w>
 <w id="w12.4.17">,</w> 
 <w id="w12.4.18">koncentracijo</w> 
 <w id="w12.4.19">protiteles</w>
 <w id="w12.4.20">,</w> 
 <w id="w12.4.21">ki</w> 
 <w id="w12.4.22">bi</w> 
 <w id="w12.4.23">jih</w> 
 <w id="w12.4.24">lahko</w> 
 <w id="w12.4.25">zaščitila</w> 
 <w id="w12.4.26">proti</w> 
 <w id="w12.4.27">H5N1</w>
 <w id="w12.4.28">.</w>
</s></p>

<p id="13">
<s id="s13.1">
 <w id="w13.1.1">Kakšna</w> 
 <w id="w13.1.2">tveganja</w> 
 <w id="w13.1.3">so</w> 
 <w id="w13.1.4">povezana</w> 
 <w id="w13.1.5">z</w> 
 <w id="w13.1.6">zdravilom</w> 
 <w id="w13.1.7">Daronrix</w>
 <w id="w13.1.8">?</w>
</s> 
 
<s id="s13.2">
 <w id="w13.2.1">Najpogostejši</w> 
 <w id="w13.2.2">neželeni</w> 
 <w id="w13.2.3">učinki</w> 
 <w id="w13.2.4">zdravila</w> 
 <w id="w13.2.5">Daronrix</w> 
 <w id="w13.2.6">(</w>
 <w id="w13.2.7">opaženi</w> 
 <w id="w13.2.8">pri</w> 
 <w id="w13.2.9">več</w> 
 <w id="w13.2.10">kot</w> 
 <w id="w13.2.11">1</w> 
 <w id="w13.2.12">bolniku</w> 
 <w id="w13.2.13">izmed</w> 
 <w id="w13.2.14">10</w>
 <w id="w13.2.15">)</w> 
 <w id="w13.2.16">so</w> 
 <w id="w13.2.17">glavobol</w>
 <w id="w13.2.18">,</w> 
 <w id="w13.2.19">bolečina</w> 
 <w id="w13.2.20">in</w> 
 <w id="w13.2.21">rdečina</w> 
 <w id="w13.2.22">na</w> 
 <w id="w13.2.23">mestu</w> 
 <w id="w13.2.24">injiciranja</w> 
 <w id="w13.2.25">ter</w> 
 <w id="w13.2.26">utrujenost</w>
 <w id="w13.2.27">.</w>
</s> 
 
<s id="s13.3">
 <w id="w13.3.1">Ti</w> 
 <w id="w13.3.2">neželeni</w> 
 <w id="w13.3.3">učinki</w> 
 <w id="w13.3.4">običajno</w> 
 <w id="w13.3.5">minejo</w> 
 <w id="w13.3.6">brez</w> 
 <w id="w13.3.7">zdravljenja</w> 
 <w id="w13.3.8">v</w> 
 <w id="w13.3.9">1-</w>
 <w id="w13.3.10">2</w> 
 <w id="w13.3.11">dneh</w>
 <w id="w13.3.12">.</w>
</s> 
 
<s id="s13.4">
 <w id="w13.4.1">Za</w> 
 <w id="w13.4.2">celoten</w> 
 <w id="w13.4.3">seznam</w> 
 <w id="w13.4.4">neželenih</w> 
 <w id="w13.4.5">učinkov</w>
 <w id="w13.4.6">,</w> 
 <w id="w13.4.7">o</w> 
 <w id="w13.4.8">katerih</w> 
 <w id="w13.4.9">so</w> 
 <w id="w13.4.10">poročali</w> 
 <w id="w13.4.11">pri</w> 
 <w id="w13.4.12">uporabi</w> 
 <w id="w13.4.13">zdravila</w> 
 <w id="w13.4.14">Daronrix</w>
 <w id="w13.4.15">,</w> 
 <w id="w13.4.16">glejte</w> 
 <w id="w13.4.17">Navodilo</w> 
 <w id="w13.4.18">za</w> 
 <w id="w13.4.19">uporabo</w>
 <w id="w13.4.20">.</w>
</s> 
 
<s id="s13.5">
 <w id="w13.5.1">Zdravila</w> 
 <w id="w13.5.2">Daronrix</w> 
 <w id="w13.5.3">se</w> 
 <w id="w13.5.4">ne</w> 
 <w id="w13.5.5">sme</w> 
 <w id="w13.5.6">dajati</w> 
 <w id="w13.5.7">bolnikom</w>
 <w id="w13.5.8">,</w> 
 <w id="w13.5.9">ki</w> 
 <w id="w13.5.10">so</w> 
 <w id="w13.5.11">imeli</w> 
 <w id="w13.5.12">v</w> 
 <w id="w13.5.13">preteklosti</w> 
 <w id="w13.5.14">anafilaktično</w> 
 <w id="w13.5.15">reakcijo</w> 
 <w id="w13.5.16">(</w>
 <w id="w13.5.17">hudo</w> 
 <w id="w13.5.18">alergijsko</w> 
 <w id="w13.5.19">reakcijo</w>
 <w id="w13.5.20">)</w> 
 <w id="w13.5.21">na</w> 
 <w id="w13.5.22">katero</w> 
 <w id="w13.5.23">koli</w> 
 <w id="w13.5.24">izmed</w> 
 <w id="w13.5.25">sestavin</w> 
 <w id="w13.5.26">cepiva</w> 
 <w id="w13.5.27">ali</w> 
 <w id="w13.5.28">na</w> 
 <w id="w13.5.29">katero</w> 
 <w id="w13.5.30">koli</w> 
 <w id="w13.5.31">od</w> 
 <w id="w13.5.32">snovi</w>
 <w id="w13.5.33">,</w> 
 <w id="w13.5.34">ki</w> 
 <w id="w13.5.35">se</w> 
 <w id="w13.5.36">v</w> 
 <w id="w13.5.37">sledeh</w> 
 <w id="w13.5.38">nahajajo</w> 
 <w id="w13.5.39">v</w> 
 <w id="w13.5.40">cepivu</w>
 <w id="w13.5.41">,</w> 
 <w id="w13.5.42">kot</w> 
 <w id="w13.5.43">npr</w>
 <w id="w13.5.44">.</w> 
 <w id="w13.5.45">na</w> 
 <w id="w13.5.46">jajca</w>
 <w id="w13.5.47">,</w> 
 <w id="w13.5.48">piščančje</w> 
 <w id="w13.5.49">beljakovine</w> 
 <w id="w13.5.50">ali</w> 
 <w id="w13.5.51">gentamicinijev</w> 
 <w id="w13.5.52">sulfat</w> 
 <w id="w13.5.53">(</w>
 <w id="w13.5.54">antibiotik</w>
 <w id="w13.5.55">)</w>
 <w id="w13.5.56">.</w>
</s> 
 
<s id="s13.6">
 <w id="w13.6.1">Vendar</w> 
 <w id="w13.6.2">pa</w> 
 <w id="w13.6.3">bo</w> 
 <w id="w13.6.4">v</w> 
 <w id="w13.6.5">pandemičnih</w> 
 <w id="w13.6.6">razmerah</w> 
 <w id="w13.6.7">cepljenje</w> 
 <w id="w13.6.8">takih</w> 
 <w id="w13.6.9">bolnikov</w> 
 <w id="w13.6.10">morda</w> 
 <w id="w13.6.11">vseeno</w> 
 <w id="w13.6.12">upravičeno</w>
 <w id="w13.6.13">,</w> 
 <w id="w13.6.14">če</w> 
 <w id="w13.6.15">bo</w> 
 <w id="w13.6.16">na</w> 
 <w id="w13.6.17">voljo</w> 
 <w id="w13.6.18">oprema</w> 
 <w id="w13.6.19">za</w> 
 <w id="w13.6.20">oživljanje</w>
 <w id="w13.6.21">.</w>
</s></p>

<p id="14">
<s id="s14.1">
 <w id="w14.1.1">Zakaj</w> 
 <w id="w14.1.2">je</w> 
 <w id="w14.1.3">bilo</w> 
 <w id="w14.1.4">zdravilo</w> 
 <w id="w14.1.5">Daronrix</w> 
 <w id="w14.1.6">odobreno</w>
 <w id="w14.1.7">?</w>
</s> 
 
<s id="s14.2">
 <w id="w14.2.1">CHMP</w> 
 <w id="w14.2.2">je</w> 
 <w id="w14.2.3">zaključil</w>
 <w id="w14.2.4">,</w> 
 <w id="w14.2.5">da</w> 
 <w id="w14.2.6">prednosti</w> 
 <w id="w14.2.7">zdravila</w> 
 <w id="w14.2.8">Daronrix</w> 
 <w id="w14.2.9">presegajo</w> 
 <w id="w14.2.10">z</w> 
 <w id="w14.2.11">njim</w> 
 <w id="w14.2.12">povezana</w> 
 <w id="w14.2.13">tveganja</w> 
 <w id="w14.2.14">ter</w> 
 <w id="w14.2.15">da</w> 
 <w id="w14.2.16">se</w> 
 <w id="w14.2.17">je</w> 
 <w id="w14.2.18">zdravilo</w> 
 <w id="w14.2.19">izkazalo</w> 
 <w id="w14.2.20">kot</w> 
 <w id="w14.2.21">ustrezno</w> 
 <w id="w14.2.22">za</w> 
 <w id="w14.2.23">modelno</w> 
 <w id="w14.2.24">cepivo</w> 
 <w id="w14.2.25">za</w> 
 <w id="w14.2.26">primer</w> 
 <w id="w14.2.27">izbruha</w> 
 <w id="w14.2.28">pandemične</w> 
 <w id="w14.2.29">gripe</w>
 <w id="w14.2.30">.</w>
</s> 
 
<s id="s14.3">
 <w id="w14.3.1">Odbor</w> 
 <w id="w14.3.2">je</w> 
 <w id="w14.3.3">zato</w> 
 <w id="w14.3.4">priporočil</w>
 <w id="w14.3.5">,</w> 
 <w id="w14.3.6">da</w> 
 <w id="w14.3.7">se</w> 
 <w id="w14.3.8">za</w> 
 <w id="w14.3.9">zdravilo</w> 
 <w id="w14.3.10">Daronrix</w> 
 <w id="w14.3.11">podeli</w> 
 <w id="w14.3.12">dovoljenje</w> 
 <w id="w14.3.13">za</w> 
 <w id="w14.3.14">promet</w>
 <w id="w14.3.15">.</w>
</s> 
 
<s id="s14.4">
 <w id="w14.4.1">Zdravilo</w> 
 <w id="w14.4.2">Daronrix</w> 
 <w id="w14.4.3">je</w> 
 <w id="w14.4.4">bilo</w> 
 <w id="w14.4.5">odobreno</w> 
 <w id="w14.4.6">v</w> 
 <w id="w14.4.7">»</w>
 <w id="w14.4.8">izjemnih</w> 
 <w id="w14.4.9">okoliščinah</w>
 <w id="w14.4.10">«</w>
 <w id="w14.4.11">.</w>
</s> 
 
<s id="s14.5">
 <w id="w14.5.1">To</w> 
 <w id="w14.5.2">pomeni</w>
 <w id="w14.5.3">,</w> 
 <w id="w14.5.4">da</w> 
 <w id="w14.5.5">zaradi</w> 
 <w id="w14.5.6">tega</w>
 <w id="w14.5.7">,</w> 
 <w id="w14.5.8">ker</w> 
 <w id="w14.5.9">sev</w> 
 <w id="w14.5.10">virusa</w>
 <w id="w14.5.11">,</w> 
 <w id="w14.5.12">ki</w> 
 <w id="w14.5.13">utegne</w> 
 <w id="w14.5.14">povzročiti</w> 
 <w id="w14.5.15">pandemijo</w>
 <w id="w14.5.16">,</w> 
 <w id="w14.5.17">ni</w> 
 <w id="w14.5.18">znan</w>
 <w id="w14.5.19">,</w> 
 <w id="w14.5.20">ni</w> 
 <w id="w14.5.21">bilo</w> 
 <w id="w14.5.22">mogoče</w> 
 <w id="w14.5.23">pridobiti</w> 
 <w id="w14.5.24">celovitih</w> 
 <w id="w14.5.25">informacij</w> 
 <w id="w14.5.26">o</w> 
 <w id="w14.5.27">cepivu</w> 
 <w id="w14.5.28">za</w> 
 <w id="w14.5.29">bodočo</w> 
 <w id="w14.5.30">pandemijo</w>
 <w id="w14.5.31">.</w>
</s> 
 
<s id="s14.6">
 <w id="w14.6.1">Evropska</w> 
 <w id="w14.6.2">agencija</w> 
 <w id="w14.6.3">za</w> 
 <w id="w14.6.4">zdravila</w> 
 <w id="w14.6.5">(</w>
 <w id="w14.6.6">EMEA</w>
 <w id="w14.6.7">)</w> 
 <w id="w14.6.8">bo</w> 
 <w id="w14.6.9">vsako</w> 
 <w id="w14.6.10">leto</w> 
 <w id="w14.6.11">pregledala</w> 
 <w id="w14.6.12">nove</w> 
 <w id="w14.6.13">informacije</w>
 <w id="w14.6.14">,</w> 
 <w id="w14.6.15">ki</w> 
 <w id="w14.6.16">bodo</w> 
 <w id="w14.6.17">morda</w> 
 <w id="w14.6.18">postale</w> 
 <w id="w14.6.19">razpoložljive</w>
 <w id="w14.6.20">,</w> 
 <w id="w14.6.21">in</w> 
 <w id="w14.6.22">po</w> 
 <w id="w14.6.23">potrebi</w> 
 <w id="w14.6.24">posodobila</w> 
 <w id="w14.6.25">ta</w> 
 <w id="w14.6.26">povzetek</w>
 <w id="w14.6.27">.</w>
</s></p>

<p id="15">
<s id="s15.1">
 <w id="w15.1.1">Katere</w> 
 <w id="w15.1.2">informacije</w> 
 <w id="w15.1.3">o</w> 
 <w id="w15.1.4">zdravilu</w> 
 <w id="w15.1.5">Daronrix</w> 
 <w id="w15.1.6">še</w> 
 <w id="w15.1.7">pričakujemo</w>
 <w id="w15.1.8">?</w>
</s> 
 
<s id="s15.2">
 <w id="w15.2.1">V</w> 
 <w id="w15.2.2">primeru</w> 
 <w id="w15.2.3">razglasitve</w> 
 <w id="w15.2.4">pandemije</w> 
 <w id="w15.2.5">in</w> 
 <w id="w15.2.6">če</w> 
 <w id="w15.2.7">se</w> 
 <w id="w15.2.8">bo</w> 
 <w id="w15.2.9">podjetje</w>
 <w id="w15.2.10">,</w> 
 <w id="w15.2.11">ki</w> 
 <w id="w15.2.12">izdeluje</w> 
 <w id="w15.2.13">zdravilo</w> 
 <w id="w15.2.14">Daronrix</w>
 <w id="w15.2.15">,</w> 
 <w id="w15.2.16">odločilo</w> 
 <w id="w15.2.17">za</w> 
 <w id="w15.2.18">njegovo</w> 
 <w id="w15.2.19">trženje</w>
 <w id="w15.2.20">,</w> 
 <w id="w15.2.21">bodo</w> 
 <w id="w15.2.22">v</w> 
 <w id="w15.2.23">cepivo</w> 
 <w id="w15.2.24">vključili</w> 
 <w id="w15.2.25">pandemični</w> 
 <w id="w15.2.26">sev</w> 
 <w id="w15.2.27">virusa</w> 
 <w id="w15.2.28">gripe</w>
 <w id="w15.2.29">.</w>
</s> 
 
<s id="s15.3">
 <w id="w15.3.1">Tedaj</w> 
 <w id="w15.3.2">bodo</w> 
 <w id="w15.3.3">zbrali</w> 
 <w id="w15.3.4">informacije</w> 
 <w id="w15.3.5">o</w> 
 <w id="w15.3.6">varnosti</w> 
 <w id="w15.3.7">in</w> 
 <w id="w15.3.8">učinkovitosti</w> 
 <w id="w15.3.9">končnega</w> 
 <w id="w15.3.10">pandemičnega</w> 
 <w id="w15.3.11">cepiva</w> 
 <w id="w15.3.12">in</w> 
 <w id="w15.3.13">jih</w> 
 <w id="w15.3.14">posredovali</w> 
 <w id="w15.3.15">v</w> 
 <w id="w15.3.16">oceno</w> 
 <w id="w15.3.17">CHMP</w>
 <w id="w15.3.18">.</w>
</s></p>

<p id="16">
<s id="s16.1">
 <w id="w16.1.1">Kateri</w> 
 <w id="w16.1.2">ukrepi</w> 
 <w id="w16.1.3">se</w> 
 <w id="w16.1.4">izvajajo</w> 
 <w id="w16.1.5">za</w> 
 <w id="w16.1.6">zagotavljanje</w> 
 <w id="w16.1.7">varne</w> 
 <w id="w16.1.8">uporabe</w> 
 <w id="w16.1.9">zdravila</w> 
 <w id="w16.1.10">Daronrix</w>
 <w id="w16.1.11">?</w>
</s> 
 
<s id="s16.2">
 <w id="w16.2.1">Če</w> 
 <w id="w16.2.2">se</w> 
 <w id="w16.2.3">bo</w> 
 <w id="w16.2.4">zdravilo</w> 
 <w id="w16.2.5">Daronrix</w> 
 <w id="w16.2.6">uporabljalo</w> 
 <w id="w16.2.7">med</w> 
 <w id="w16.2.8">pandemijo</w>
 <w id="w16.2.9">,</w> 
 <w id="w16.2.10">bo</w> 
 <w id="w16.2.11">podjetje</w>
 <w id="w16.2.12">,</w> 
 <w id="w16.2.13">ki</w> 
 <w id="w16.2.14">ga</w> 
 <w id="w16.2.15">izdeluje</w>
 <w id="w16.2.16">,</w> 
 <w id="w16.2.17">zbralo</w> 
 <w id="w16.2.18">informacije</w> 
 <w id="w16.2.19">o</w> 
 <w id="w16.2.20">varnosti</w> 
 <w id="w16.2.21">cepiva</w> 
 <w id="w16.2.22">med</w> 
 <w id="w16.2.23">njegovo</w> 
 <w id="w16.2.24">uporabo</w>
 <w id="w16.2.25">.</w>
</s> 
 
<s id="s16.3">
 <w id="w16.3.1">Te</w> 
 <w id="w16.3.2">informacije</w> 
 <w id="w16.3.3">bodo</w> 
 <w id="w16.3.4">vključevale</w> 
 <w id="w16.3.5">podatke</w> 
 <w id="w16.3.6">o</w> 
 <w id="w16.3.7">njegovih</w> 
 <w id="w16.3.8">neželenih</w> 
 <w id="w16.3.9">učinkih</w> 
 <w id="w16.3.10">ter</w> 
 <w id="w16.3.11">njegovi</w> 
 <w id="w16.3.12">varnosti</w> 
 <w id="w16.3.13">pri</w> 
 <w id="w16.3.14">otrocih</w>
 <w id="w16.3.15">,</w> 
 <w id="w16.3.16">nosečnicah</w>
 <w id="w16.3.17">,</w> 
 <w id="w16.3.18">resno</w> 
 <w id="w16.3.19">bolnih</w> 
 <w id="w16.3.20">bolnikih</w> 
 <w id="w16.3.21">in</w> 
 <w id="w16.3.22">ljudeh</w>
 <w id="w16.3.23">,</w> 
 <w id="w16.3.24">ki</w> 
 <w id="w16.3.25">imajo</w> 
 <w id="w16.3.26">težave</w> 
 <w id="w16.3.27">z</w> 
 <w id="w16.3.28">imunskim</w> 
 <w id="w16.3.29">sistemom</w>
 <w id="w16.3.30">.</w>
</s></p>

<p id="17">
<s id="s17.1">
 <w id="w17.1.1">Druge</w> 
 <w id="w17.1.2">informacije</w> 
 <w id="w17.1.3">o</w> 
 <w id="w17.1.4">zdravilu</w> 
 <w id="w17.1.5">Daronrix</w>
 <w id="w17.1.6">:</w>
</s> 
 
<s id="s17.2">
 <w id="w17.2.1">Evropska</w> 
 <w id="w17.2.2">komisija</w> 
 <w id="w17.2.3">je</w> 
 <w id="w17.2.4">dovoljenje</w> 
 <w id="w17.2.5">za</w> 
 <w id="w17.2.6">promet</w> 
 <w id="w17.2.7">z</w> 
 <w id="w17.2.8">zdravilom</w> 
 <w id="w17.2.9">Daronrix</w>
 <w id="w17.2.10">,</w> 
 <w id="w17.2.11">veljavno</w> 
 <w id="w17.2.12">po</w> 
 <w id="w17.2.13">vsej</w> 
 <w id="w17.2.14">Evropski</w> 
 <w id="w17.2.15">uniji</w>
 <w id="w17.2.16">,</w> 
 <w id="w17.2.17">odobrila</w> 
 <w id="w17.2.18">družbi</w> 
 <w id="w17.2.19">GlaxoSmithKline</w> 
 <w id="w17.2.20">Biologicals</w> 
 <w id="w17.2.21">s.</w>
 <w id="w17.2.22">a</w>
 <w id="w17.2.23">.</w> 
 <w id="w17.2.24">dne</w> 
 <w id="w17.2.25">21</w>
 <w id="w17.2.26">.</w> 
 <w id="w17.2.27">marca</w> 
 <w id="w17.2.28">2007</w>
 <w id="w17.2.29">.</w>
</s></p>

<p id="18">
<s id="s18.1">
 <w id="w18.1.1">Celotno</w> 
 <w id="w18.1.2">javno</w> 
 <w id="w18.1.3">poročilo</w> 
 <w id="w18.1.4">o</w> 
 <w id="w18.1.5">oceni</w> 
 <w id="w18.1.6">zdravila</w> 
 <w id="w18.1.7">(</w>
 <w id="w18.1.8">EPAR</w>
 <w id="w18.1.9">)</w> 
 <w id="w18.1.10">za</w> 
 <w id="w18.1.11">zdravilo</w> 
 <w id="w18.1.12">Daronrix</w> 
 <w id="w18.1.13">je</w> 
 <w id="w18.1.14">na</w> 
 <w id="w18.1.15">voljo</w> 
 <w id="w18.1.16">tukaj</w>
 <w id="w18.1.17">.</w>
</s></p>

<p id="19">
<s id="s19.1">
 <w id="w19.1.1">Ta</w> 
 <w id="w19.1.2">povzetek</w> 
 <w id="w19.1.3">je</w> 
 <w id="w19.1.4">bil</w> 
 <w id="w19.1.5">nazadnje</w> 
 <w id="w19.1.6">posodobljen</w> 
 <w id="w19.1.7">03-</w>
 <w id="w19.1.8">2007</w>
 <w id="w19.1.9">.</w>
</s></p>

<p id="20">
<s id="s20.1">
 <w id="w20.1.1">©EMEA</w> 
 <w id="w20.1.2">2007</w>
</s></p>

<head id="21">
<s id="s21.1">
 <w id="w21.1.1">2/</w>
 <w id="w21.1.2">2</w>
</s></head></text>
