<?xml version="1.0" encoding="utf-8"?>
<letsmt version="1.0">
<head></head>
<body>
<s id="s1.1">EU številka</s>
<s id="s2.1">Izmišljeno ime</s>
<s id="s3.1">Jakost</s>
<s id="s4.1">Farmacevtska oblika</s>
<s id="s5.1">Ciljna živalska vrsta</s>
<s id="s6.1">Način uporabe</s>
<s id="s7.1">Pakiranje</s>
<s id="s8.1">Vsebina</s>
<s id="s9.1">Velikost pakiranja</s>
<s id="s10.1">Karenca</s>
<s id="s11.1">EU/ 2/ 06/ 059/ 001 Convenia</s>
<s id="s12.1">80 mg/ ml</s>
<s id="s13.1">Prašek in topilo za raztopino za injiciranje</s>
<s id="s14.1">Psi in mačke</s>
<s id="s15.1">Subkutana aplikacija</s>
<s id="s16.1">Prašek:</s>
<s id="s16.2">20 ml viala (steklo) Topilo:</s>
<s id="s16.3">15 ml viala (steklo)</s>
<s id="s17.1">Liofiliziran prašek:</s>
<s id="s17.2">852 mg Topilo:</s>
<s id="s17.3">10 ml</s>
<s id="s18.1">1 viala + 1 viala</s>
<s id="s19.1">Navedba ni smiselna.</s>
<s id="s20.1">©EMEA 2006 EMEA/ CVMP/ 215997/ 2006</s>
<s id="s21.1">1/ 1</s>
</body>
</letsmt>
