<?xml version="1.0" encoding="utf-8"?>
<letsmt version="1.0">
<head></head>
<body>
<s id="s1.1">DODATEK I</s>
<s id="s2.1">POVZETEK GLAVNIH ZNAČILNOSTI ZDRAVILA</s>
<s id="s3.1">1/ 15 1.</s>
<s id="s3.2">IME ZDRAVILA ZA UPORABO V VETERINARSKI MEDICINI</s>
<s id="s4.1">Pruban 0, 1%, krema za pse</s>
<s id="s5.1">2.</s>
<s id="s5.2">KAKOVOSTNA IN KOLIČINSKA SESTAVA</s>
<s id="s6.1">Zdravilna( e) učinkovina( e)</s>
<s id="s7.1">Resokortol butirat</s>
<s id="s8.1">1 mg/ g</s>
<s id="s9.1">3.</s>
<s id="s9.2">FARMACEVTSKA OBLIKA</s>
<s id="s10.1">Bela do skoraj bela krema</s>
<s id="s11.1">4.</s>
<s id="s11.2">KLINIČNI PODATKI</s>
<s id="s12.1">4. 1 Ciljna živalska vrsta</s>
<s id="s13.1">Psi</s>
<s id="s14.1">4. 2 Indikacije za uporabo</s>
<s id="s15.1">Zdravljenje akutnega, lokaliziranega vlažnega dermatitisa</s>
<s id="s16.1">4. 3 Kontraindikacije</s>
<s id="s17.1">Ne uporabite pri psih z obsežnimi poškodbami.</s>
<s id="s17.2">Ne uporabite pri psih z okužbami poškodb bakterijskega, virusnega, glivičnega ali parazitskega izvora, ali razjedami.</s>
<s id="s17.3">Ne uporabite pri živalih, ki imajo Cushingov sindrom.</s>
<s id="s17.4">Ne uporabite pri mladičih, mlajših od 6 mesecev.</s>
<s id="s18.1">4. 4 Posebna opozorila za vsako ciljno živalsko vrsto</s>
<s id="s19.1">Ker lahko glukokortikosteroidi upočasnijo rast, moramo njihovo uporabo pri mladih živalih, ki še rastejo, skrbno nadzorovati, in jih ne smemo uporabljati za zdravljenje velikih poškodb.</s>
<s id="s20.1">4. 5 Posebni previdnostni ukrepi</s>
<s id="s21.1">Posebni previdnostni ukrepi za uporabo pri živalih</s>
<s id="s22.1">Poškodbe je treba skrbno opazovati, da bi odkrili znake okužbe.</s>
<s id="s22.2">Pri živalih z diabetesom mellitusom lahko morebitni sistemski učinki zdravila vplivajo na glikemijo.</s>
<s id="s23.1">Posebni previdnostni ukrepi, ki jih mora izvajati oseba, ki živalim daje zdravilo</s>
<s id="s24.1">Zdravilo sodi v skupino dermokortikoidov.</s>
<s id="s24.2">Pri terapevtski uporabi teh snovi pri ljudeh so ugotovili, da imajo lokalne neželene učinke, kot so na primer tanjšanje kože, ohlapnost kože, upočasnjeno celjenje in sekundarne okužbe.</s>
<s id="s24.3">Izogibajte se stiku z izdelkom.</s>
<s id="s24.4">Ko izdelek nanašate, nosite rokavice za enkratno uporabo.</s>
<s id="s24.5">Po uporabi si umijte roke.</s>
<s id="s25.1">2/ 15 4. 6 Neželeni učinki (pogostnost in resnost)</s>
<s id="s26.1">Redko so na zdravljenem predelu zapazili hiperemijo.</s>
<s id="s27.1">4. 7 Uporaba v obdobju brejosti in laktacije</s>
<s id="s28.1">Ne uporabite pri vzrejnih psih in pri psicah v obdobju laktacije ali brejosti.</s>
<s id="s29.1">4. 8 Medsebojno delovanje z drugimi zdravili in druge oblike interakcij</s>
<s id="s30.1">Na poškodbe sočasno ne nanašajte drugih pripravkov za lokalno uporabo.</s>
<s id="s31.1">4. 9 Odmerjanje in način uporabe</s>
<s id="s32.1">Na začetku zdravljenja nanašajte kremo dvakrat na dan.</s>
<s id="s32.2">Uporabite 1 cm kreme (0, 2 g) za 10 cm2 veliko površino.</s>
<s id="s32.3">Zdravite 7 do 14 dni.</s>
<s id="s32.4">Zdravljenje ne sme trajati dlje kot 14 dni.</s>
<s id="s32.5">Pred uporabo prizadete predele očistite in postrizite dlako.</s>
<s id="s32.6">Nadenite si rokavice za enkratno uporabo in kremo nežno nanesite na prizadeto mesto.</s>
<s id="s32.7">Žival je nekaj minut po nanašanju priporočljivo zamotiti, da se ne liže (peroralna absorpcija kreme psu ne škoduje, vendar pa se zmanjša njena učinkovitost, če jo odstrani takoj po nanašanju).</s>
<s id="s33.1">Psa mora veterinar ponovno pregledati, če se poškodba po 14 dneh zdravljenja ne zaceli.</s>
<s id="s34.1">4. 10 Preveliko odmerjanje</s>
<s id="s35.1">Največja skupna površina zdravljenih poškodb (v cm2) ne sme biti večja kot 10- kratna telesna masa (v kg).</s>
<s id="s35.2">Na primer: skupna zdravljena površina pri psu, ki tehta 5 kg, ne sme prekoračiti 50 cm2).</s>
<s id="s36.1">Preveliko odmerjanje, t. j. pogostejša uporaba kot dvakrat na dan ali podaljšanje zdravljenja, poveča nevarnost glukokortikoidnih sistemskih učinkov, zlasti kadar zdravilo uporabljamo na večjem prizadetem predelu.</s>
<s id="s37.1">4. 11 Karenca</s>
<s id="s38.1">Navedba ni smiselna.</s>
<s id="s39.1">5.</s>
<s id="s39.2">FARMAKOLOŠKE LASTNOSTI</s>
<s id="s40.1">Farmakoterapevtska skupina: glukokortikosteroid, oznaka ATCvet:</s>
<s id="s40.2">QD07AC90.</s>
<s id="s41.1">Pruban vsebuje zdravilno učinkovino resokortol butirat.</s>
<s id="s41.2">Resokortol butirat je kortikosteroid z visoko intrinzično glukokortikoidno aktivnostjo.</s>
<s id="s41.3">Njegov mineralokortikoidni in progestacijski učinek je zelo šibak.</s>
<s id="s41.4">Resokortol butirat ima lokalne in sistemske glukokortikoidne učinke.</s>
<s id="s41.5">Izrazitost teh učinkov je odvisna od načina dajanja in velikosti odmerka.</s>
<s id="s41.6">Po nanašanju na kožo ima lokalni protivnetni učinek, ki ga pri uporabi večjih odmerkov spremlja zmerna in reverzibilna supresija nadledvične žleze.</s>
<s id="s41.7">Po peroralnem dajanju so pri psih zasledili malo sistemskih učinkov.</s>
<s id="s42.1">6.</s>
<s id="s42.2">FARMACEVTSKEI PODATKI</s>
<s id="s43.1">6. 1 Glavne inkompatibilnosti</s>
<s id="s44.1">Niso znane.</s>
<s id="s45.1">3/ 15 6. 2 Rok uporabnosti</s>
<s id="s46.1">24 mesecev</s>
<s id="s47.1">Rok uporabnosti po prvem odpiranju vsebnika:</s>
<s id="s47.2">8 tednov</s>
<s id="s48.1">6. 3 Posebna navodila za shranjevanje</s>
<s id="s49.1">Ne shranjujte pri temperaturi nad 25 ºC.</s>
<s id="s50.1">6. 4 Vrsta in vsebina vsebnika</s>
<s id="s51.1">1 zložljiva aluminijasta tuba s 15 g kreme, zatesnjena z aluminijasto zaporko in zaprta z navojno zaporko iz polietilena; zloženke z eno tubo.</s>
<s id="s52.1">6. 5 Posebni varnostni ukrepi za odstranjevanje neporabljenega zdravila ali odpadnih snovi, ki nastanejo iz teh zdravil</s>
<s id="s53.1">Vsako neporabljeno zdravilo ali odpadne snovi, ki nastanejo iz teh zdravil, je treba odstraniti v skladu z nacionalnimi zahtevami.</s>
<s id="s54.1">7.</s>
<s id="s54.2">IME IN NASLOV IMETNIKA DOVOLJENJA ZA PROMET Z ZDRAVILOM</s>
<s id="s55.1">Intervet International B. V.</s>
<s id="s55.2">Wim de Körverstraat 35 5831 AN Boxmeer Nizozemska</s>
<s id="s56.1">8.</s>
<s id="s56.2">ŠTEVILKA( E) DOVOLJENJ( A) ZA PROMET</s>
<s id="s57.1">EU/ 2/ 00/ 024/ 001</s>
<s id="s58.1">9.</s>
<s id="s58.2">DATUM PRIDOBITVE/ PODALJŠANJA DOVOLJENJA ZA PROMET</s>
<s id="s59.1">16. 11. 2000</s>
<s id="s60.1">10.</s>
<s id="s60.2">DATUM REVIZIJE BESEDILA</s>
<s id="s61.1">11.</s>
<s id="s61.2">PREPOVED PRODAJE, OSKRBE IN/ ALI UPORABE</s>
<s id="s62.1">Navedba ni smiselna.</s>
<s id="s63.1">4/ 15 DODATEK II</s>
<s id="s64.1">A.</s>
<s id="s64.2">IMETNIK( I) DOVOLJENJ( A) ZA IZDELAVO ZDRAVILA, ODGOVOREN ZA SPROSTITEV SERIJE</s>
<s id="s65.1">B.</s>
<s id="s65.2">POGOJI DOVOLJENJA ZA PROMET Z ZDRAVILOM TER OMEJITVE GLEDE OSKRBE IN UPORABE</s>
<s id="s66.1">C.</s>
<s id="s66.2">PREPOVED PRODAJE, OSKRBE IN/ ALI UPORABE</s>
<s id="s67.1">D.</s>
<s id="s67.2">NAVEDBA NAJVIŠJIH DOVOLJENIH KOLIČIN ZAOSTANKOV ZDRAVILA (MRL)</s>
<s id="s68.1">5/ 15 A.</s>
<s id="s68.2">IMETNIK( I) DOVOLJENJ( A) ZA IZDELAVO ZDRAVILA, ODGOVOREN ZA SPROSTITEV SERIJE</s>
<s id="s69.1">Intervet International B. V.</s>
<s id="s69.2">Wim de Körverstraat 35 5831 AN Boxmeer Nizozemska</s>
<s id="s70.1">The Ministerie van Landbouw, Natuurbeheer en Visserij je potrdilo, da je kraj izdelave registriran pod številko 324- BVEAK za farmacevtske izdelke.</s>
<s id="s71.1">B.</s>
<s id="s71.2">POGOJI DOVOLJENJA ZA PROMET Z ZDRAVILOM TER OMEJITVE GLEDE OSKRBE IN UPORABE</s>
<s id="s72.1">Izdaja zdravila za uporabo v veterinarski medicini je le na recept.</s>
<s id="s73.1">C.</s>
<s id="s73.2">PREPOVED PRODAJE, OSKRBE IN/ ALI UPORABE</s>
<s id="s74.1">Navedba ni smiselna.</s>
<s id="s75.1">D.</s>
<s id="s75.2">NAVEDBA NAJVIŠJIH DOVOLJENIH KOLIČIN ZAOSTANKOV ZDRAVILA (MRL)</s>
<s id="s76.1">Navedba ni smiselna.</s>
<s id="s77.1">6/ 15 DODATEK III</s>
<s id="s78.1">OZNAČEVANJE IN NAVODILO ZA UPORABO</s>
<s id="s79.1">7/ 15 A.</s>
<s id="s79.2">OZNAČEVANJE</s>
<s id="s80.1">8/ 15 PODATKI NA ZUNANJI OVOJNINI PODATKI NA STIČNI OZ.</s>
<s id="s80.2">PRIMARNI OVOJNINI</s>
<s id="s81.1">1.</s>
<s id="s81.2">IME ZDRAVILA ZA UPORABO V VETERINARSKI MEDICINI</s>
<s id="s82.1">Pruban 0, 1%, krema za pse</s>
<s id="s83.1">2.</s>
<s id="s83.2">NAVEDBA ZDRAVILNE UČINKOVINE IN DRUGIH SNOVI</s>
<s id="s84.1">Resokortol butirat, 1 mg/ g</s>
<s id="s85.1">3.</s>
<s id="s85.2">FARMACEVTSKA OBLIKA</s>
<s id="s86.1">Krema</s>
<s id="s87.1">4.</s>
<s id="s87.2">VELIKOST PAKIRANJA</s>
<s id="s88.1">Tuba s 15 g kreme</s>
<s id="s89.1">5.</s>
<s id="s89.2">CILJNA ŽIVALSKA VRSTA</s>
<s id="s90.1">Pes</s>
<s id="s91.1">6.</s>
<s id="s91.2">INDIKACIJE</s>
<s id="s92.1">Zdravljenje akutnega, lokaliziranega vlažnega dermatitisa.</s>
<s id="s93.1">7.</s>
<s id="s93.2">NAČIN UPORABE IN DAJANJA</s>
<s id="s94.1">Dajanje na kožo in kožne tvorbe.</s>
<s id="s94.2">Nežno nanesite na prizadeti predel kože.</s>
<s id="s95.1">8.</s>
<s id="s95.2">KARENCA</s>
<s id="s96.1">Navedba ni smiselna.</s>
<s id="s97.1">9.</s>
<s id="s97.2">POSEBNO( A) OPOZORIL( O) A, ČE JE/ SO POTREBNO( A)</s>
<s id="s98.1">Zdravilo sodi v skupino dermokortikoidov.</s>
<s id="s98.2">Pri terapevtski uporabi teh snovi pri ljudeh so ugotovili, da imajo lokalne neželene učinke, kot so na primer tanjšanje kože, ohlapnost kože, upočasnjeno celjenje in sekundarne okužbe.</s>
<s id="s99.1">Izogibajte se stiku z izdelkom.</s>
<s id="s99.2">Ko izdelek nanašate, nosite rokavice za enkratno uporabo.</s>
<s id="s99.3">Po uporabi si umijte roke.</s>
<s id="s100.1">9/ 15 Ne uporabljajte pri psih z obsežnimi poškodbami.</s>
<s id="s100.2">Največja skupna površina zdravljenih poškodb (v cm2) ne sme biti večja kot 10- kratna telesna masa (v kg).</s>
<s id="s100.3">Na primer: skupna zdravljena površina pri psu, ki tehta 5 kg, ne sme prekoračiti 50 cm2).</s>
<s id="s101.1">Ne uporabite pri psih z okužbami poškodb, bakterijskega, virusnega, glivičnega ali parazitskega izvora, ali razjedami.</s>
<s id="s101.2">Ne uporabite pri živalih, ki imajo Cushingov sindrom.</s>
<s id="s101.3">Ne uporabite pri psih, ki so namenjeni vzreji, in pri doječih ali brejih psicah.</s>
<s id="s101.4">Ne uporabite pri mladičih, mlajših od 6 mesecev.</s>
<s id="s102.1">10.</s>
<s id="s102.2">DATUM IZTEKA ROKA UPORABNOSTI ZDRAVILA</s>
<s id="s103.1">Mesec/ leto Načeto/ odprto zdravilo uporabite v 8 tednih.</s>
<s id="s104.1">11.</s>
<s id="s104.2">POSEBNA NAVODILA ZA SHRANJEVANJE</s>
<s id="s105.1">Ne shranjujte pri temperaturi nad 25 ºC.</s>
<s id="s106.1">12.</s>
<s id="s106.2">POSEBNI VARNOSTNI UKREPI ZA ODSTRANJEVANJE NEPORABLJENEGA ZDRAVILA ALI ODPADNIH SNOVI, ČE OBSTAJAJO</s>
<s id="s107.1">Vsako neporabljeno zdravilo ali odpadne snovi, ki nastanejo iz teh zdravil, je treba odstraniti v skladu z nacionalnimi zahtevami.</s>
<s id="s108.1">13.</s>
<s id="s108.2">BESEDILO ''SAMO ZA ŽIVALI'' TER POGOJI ALI OMEJITVE GLEDE OSKRBE IN UPORABE, če je smiselno</s>
<s id="s109.1">Samo za živali.</s>
<s id="s109.2">Uporablja se le na osnovi veterinarskega recepta..</s>
<s id="s110.1">14.</s>
<s id="s110.2">BESEDILO “ ZDRAVILO SHRANJUJTE NEDOSEGLJIVO OTROKOM ”</s>
<s id="s111.1">Zdravilo shranjujte nedosegljivo otrokom.</s>
<s id="s112.1">15.</s>
<s id="s112.2">IME IN NASLOV IMETNIKA DOVOLJENJA ZA PROMET Z ZDRAVILOM</s>
<s id="s113.1">Intervet International B. V.</s>
<s id="s113.2">Wim de Körverstraat 35 5831 AN Boxmeer Nizozemska</s>
<s id="s114.1">16.</s>
<s id="s114.2">ŠTEVILKA( E) V REGISTRU ZDRAVIL SKUPNOSTI</s>
<s id="s115.1">17.</s>
<s id="s115.2">IZDELOVALČEVA ŠTEVILKA SERIJE IZDELAVE ZDRAVILA</s>
<s id="s116.1">10/ 15 PODATKI NA MANJŠIH STIČNIH OVOJNINAH</s>
<s id="s117.1">1.</s>
<s id="s117.2">IME ZDRAVILA ZA UPORABO V VETERINARSKI MEDICINI</s>
<s id="s118.1">Pruban 0, 1%, krema za pse</s>
<s id="s119.1">2.</s>
<s id="s119.2">KOLIČINA ZDRAVILNE UČINKOVINE</s>
<s id="s120.1">Resokortol butirat, 1 mg/ g</s>
<s id="s121.1">3.</s>
<s id="s121.2">VSEBINA, IZRAŽENA Z MASO, PROSTORNINO ALI ŠTEVILOM ODMERKOV</s>
<s id="s122.1">15 g</s>
<s id="s123.1">4.</s>
<s id="s123.2">NAČIN( I) UPORABE ZDRAVILA</s>
<s id="s124.1">Dajanje na kožo in kožne tvorbe.</s>
<s id="s125.1">5.</s>
<s id="s125.2">ŠTEVILKA SERIJE</s>
<s id="s126.1">6.</s>
<s id="s126.2">DATUM IZTEKA ROKA UPORABNOSTI</s>
<s id="s127.1">Mesec/ leto Načeto/ odprto zdravilo uporabite v 8 tednih.</s>
<s id="s128.1">7.</s>
<s id="s128.2">BESEDILO ''SAMO ZA ŽIVALI''</s>
<s id="s129.1">Samo za živali</s>
<s id="s130.1">11/ 15 B.</s>
<s id="s130.2">NAVODILO ZA UPORABO</s>
<s id="s131.1">12/ 15 NAVODILO ZA UPORABO</s>
<s id="s132.1">1.</s>
<s id="s132.2">IME IN NASLOV IMETNIKA DOVOLJENJA ZA PROMET Z ZDRAVILOM TER IMETNIKA DOVOLJENJA ZA PROIZVODNJO ZDRAVILA, ODGOVORNEGA ZA SPROSTITEV SERIJ V EGP, ČE STA RAZLIČNA</s>
<s id="s133.1">Intervet International B. V.</s>
<s id="s133.2">Wim de Körverstraat 35 5831 AN Boxmeer Nizozemska</s>
<s id="s134.1">2.</s>
<s id="s134.2">IME ZDRAVILA ZA UPORABO V VETERINARSKI MEDICINI</s>
<s id="s135.1">Pruban 0, 1%, krema za pse</s>
<s id="s136.1">3.</s>
<s id="s136.2">NAVEDBA UČINKOVINE</s>
<s id="s137.1">Resokortol butirat:</s>
<s id="s137.2">1 mg/ g</s>
<s id="s138.1">4.</s>
<s id="s138.2">INDIKACIJA</s>
<s id="s139.1">Zdravljenje akutnega, lokaliziranega vlažnega dermatitisa.</s>
<s id="s140.1">5.</s>
<s id="s140.2">KONTRAINDIKACIJE</s>
<s id="s141.1">Ne uporabite pri psih z obsežnimi poškodbami.</s>
<s id="s141.2">Največja skupna površina zdravljenih poškodb (v cm2) ne sme biti večja kot 10- kratna telesna masa (v kg).</s>
<s id="s141.3">Na primer: skupna zdravljena površina pri psu, ki tehta 5 kg, ne sme prekoračiti 50 cm2).</s>
<s id="s142.1">Ne uporabite pri psih z okužbami poškodb, bakterijskega, virusnega, glivičnega ali parazitskega izvora, ali razjedami.</s>
<s id="s142.2">Ne uporabite pri živalih, ki imajo Cushingov sindrom.</s>
<s id="s142.3">Ne uporabite pri psih, ki so namenjeni vzreji, in pri doječih ali brejih psicah.</s>
<s id="s142.4">Ne uporabite pri mladičih, mlajših od 6 mesecev.</s>
<s id="s143.1">6.</s>
<s id="s143.2">NEŽELENI UČINKI</s>
<s id="s144.1">Redko so na zdravljenem predelu zapazili hiperemijo.</s>
<s id="s144.2">Poškodbe je treba skrbno opazovati, da bi odkrili znake okužbe.</s>
<s id="s144.3">Pri živalih s sladkorno boleznijo (diabetes mellitus) lahko morebitni sistemski učinki zdravila vplivajo na glikemijo.</s>
<s id="s145.1">Preveliko odmerjanje, t. j. pogostnejša uporaba kot 2- krat na dan ali podaljšanje zdravljenja, poveča nevarnost glukokortikoidnih sistemskih učinkov, zlasti kadar zdravilo uporabljamo na večjem predelu.</s>
<s id="s146.1">7.</s>
<s id="s146.2">CILJNA ŽIVALSKA VRSTA</s>
<s id="s147.1">Psi.</s>
<s id="s148.1">13/ 15 8.</s>
<s id="s148.2">ODMERJANJE ZA POSAMEZNE ŽIVALSKE VRSTE TER NAČIN UPORABE IN DAJANJA ZDRAVILA</s>
<s id="s149.1">Za lokalno uporabo na koži.</s>
<s id="s149.2">Nanesite 1 cm (0, 2 g) kreme na 10 cm2 poškodbe.</s>
<s id="s150.1">9.</s>
<s id="s150.2">NASVET O PRAVILNI UPORABI ZDRAVILA</s>
<s id="s151.1">Na začetku zdravljenja nanašajte kremo dvakrat na dan.</s>
<s id="s151.2">Zdravite 7 do 14 dni.</s>
<s id="s151.3">Zdravljenje ne sme trajati dlje kot 14 dni.</s>
<s id="s151.4">Pred uporabo prizadete predele očistite in odstrizite dlako.</s>
<s id="s151.5">Nadenite si rokavice za enkratno uporabo in kremo narahlo nanesite na prizadeto mesto.</s>
<s id="s151.6">Žival je nekaj minut po nanašanju priporočljivo zamotiti, da se ne liže (peroralna absorpcija kreme psu ne škoduje, vendar pa se zmanjša njena učinkovitost, če kremo odstrani takoj po nanašanju).</s>
<s id="s152.1">Psa mora veterinar ponovno pregledati, če se poškodba po 14 dneh zdravljenja ne zaceli.</s>
<s id="s153.1">10.</s>
<s id="s153.2">KARENCA</s>
<s id="s154.1">Navedba ni smiselna.</s>
<s id="s155.1">11.</s>
<s id="s155.2">POSEBNA NAVODILA ZA SHRANJEVANJE</s>
<s id="s156.1">Zdravilo shranjujte nedosegljivo otrokom.</s>
<s id="s156.2">Ne shranjujte pri temperaturi nad 25 °C.</s>
<s id="s156.3">Rok uporabnosti po prvem odpiranju vsebnika:</s>
<s id="s156.4">8 tednov</s>
<s id="s157.1">12.</s>
<s id="s157.2">POSEBNA OPOZORILA</s>
<s id="s158.1">Po nanašanju na kožo ima zdravilo lokalni protivnetni učinek, ki ga pri uporabi večjih odmerkov spremlja zmerna in reverzibilna supresija nadledvične žleze.</s>
<s id="s158.2">Po peroralnem dajanju so pri psih zasledili malo sistemskih učinkov.</s>
<s id="s159.1">Ker lahko glukokortikosteroidi upočasnijo rast, moramo njihovo uporabo pri mladih živalih, ki še rastejo, skrbno nadzorovati in jih ne uporabljati za zdravljenje velikih poškodb.</s>
<s id="s160.1">Zdravilo sodi v skupino dermokortikoidov.</s>
<s id="s160.2">Pri terapevtski uporabi teh snovi pri ljudeh so ugotovili, da imajo lokalne neželene učinke, kot so na primer tanjšanje kože, ohlapnost kože, upočasnjeno celjenje in sekundarne okužbe.</s>
<s id="s161.1">Izogibajte se stiku z izdelkom.</s>
<s id="s161.2">Ko izdelek nanašate, nosite rokavice za enkratno uporabo.</s>
<s id="s161.3">Po uporabi si umijte roke.</s>
<s id="s162.1">13.</s>
<s id="s162.2">POSEBNI VARNOSTNI UKREPI ZA ODSTRANJEVANJE NEPORABLJENEGA ZDRAVILA ALI ODPADNIH SNOVI, ČE OBSTAJAJO</s>
<s id="s163.1">Vsako neporabljeno zdravilo ali odpadne snovi, ki nastanejo iz teh zdravil, je treba odstraniti v skladu z nacionalnimi zahtevami.</s>
<s id="s164.1">14.</s>
<s id="s164.2">DATUM ZADNJE ODOBRITVE NAVODIL ZA UPORABO</s>
<s id="s165.1">14/ 15 15.</s>
<s id="s165.2">DRUGE INFORMACIJE</s>
<s id="s166.1">Resokortol butirat je kortikosteroid z visoko intrinzično glukokortikoidno aktivnostjo.</s>
<s id="s166.2">Njegov mineralokortikoidni in progestacijski učinek je zelo šibak.</s>
<s id="s166.3">Resokortol butirat ima lokalne in sistemske glukokortikoidne učinke.</s>
<s id="s166.4">Izrazitost teh učinkov je odvisna od načina dajanja in velikosti odmerka.</s>
<s id="s167.1">15/ 15</s>
</body>
</letsmt>
