<?xml version="1.0" encoding="utf-8"?>
<text>
<p id="1">
<s id="s1.1">
 <w id="w1.1.1">European</w> 
 <w id="w1.1.2">Medicines</w> 
 <w id="w1.1.3">Agency</w>
</s></p>

<p id="2">
<s id="s2.1">
 <w id="w2.1.1">EMEA/</w>
 <w id="w2.1.2">H/</w>
 <w id="w2.1.3">C/</w>
 <w id="w2.1.4">512</w>
</s></p>

<p id="3">
<s id="s3.1">
 <w id="w3.1.1">EVROPSKO</w> 
 <w id="w3.1.2">JAVNO</w> 
 <w id="w3.1.3">POROČILO</w> 
 <w id="w3.1.4">O</w> 
 <w id="w3.1.5">OCENI</w> 
 <w id="w3.1.6">ZDRAVILA</w> 
 <w id="w3.1.7">(</w>
 <w id="w3.1.8">EPAR</w>
 <w id="w3.1.9">)</w>
</s></p>

<p id="4">
<s id="s4.1">
 <w id="w4.1.1">CHOLESTAGEL</w>
</s></p>

<p id="5">
<s id="s5.1">
 <w id="w5.1.1">Povzetek</w> 
 <w id="w5.1.2">EPAR</w> 
 <w id="w5.1.3">za</w> 
 <w id="w5.1.4">javnost</w>
</s></p>

<p id="6">
<s id="s6.1">
 <w id="w6.1.1">Ta</w> 
 <w id="w6.1.2">dokument</w> 
 <w id="w6.1.3">je</w> 
 <w id="w6.1.4">povzetek</w> 
 <w id="w6.1.5">evropskega</w> 
 <w id="w6.1.6">javnega</w> 
 <w id="w6.1.7">poročila</w> 
 <w id="w6.1.8">o</w> 
 <w id="w6.1.9">oceni</w> 
 <w id="w6.1.10">zdravila</w> 
 <w id="w6.1.11">(</w>
 <w id="w6.1.12">EPAR</w>
 <w id="w6.1.13">)</w>
 <w id="w6.1.14">.</w>
</s> 
 
<s id="s6.2">
 <w id="w6.2.1">Pojasnjuje</w>
 <w id="w6.2.2">,</w> 
 <w id="w6.2.3">kako</w> 
 <w id="w6.2.4">je</w> 
 <w id="w6.2.5">Odbor</w> 
 <w id="w6.2.6">za</w> 
 <w id="w6.2.7">zdravila</w> 
 <w id="w6.2.8">za</w> 
 <w id="w6.2.9">uporabo</w> 
 <w id="w6.2.10">v</w> 
 <w id="w6.2.11">humani</w> 
 <w id="w6.2.12">medicini</w> 
 <w id="w6.2.13">(</w>
 <w id="w6.2.14">CHMP</w>
 <w id="w6.2.15">)</w> 
 <w id="w6.2.16">ocenil</w> 
 <w id="w6.2.17">opravljene</w> 
 <w id="w6.2.18">študije</w>
 <w id="w6.2.19">,</w> 
 <w id="w6.2.20">na</w> 
 <w id="w6.2.21">podlagi</w> 
 <w id="w6.2.22">katerih</w> 
 <w id="w6.2.23">je</w> 
 <w id="w6.2.24">oblikoval</w> 
 <w id="w6.2.25">priporočila</w> 
 <w id="w6.2.26">glede</w> 
 <w id="w6.2.27">uporabe</w> 
 <w id="w6.2.28">zdravila</w>
 <w id="w6.2.29">.</w>
</s> 
 
<s id="s6.3">
 <w id="w6.3.1">Če</w> 
 <w id="w6.3.2">potrebujete</w> 
 <w id="w6.3.3">več</w> 
 <w id="w6.3.4">informacij</w> 
 <w id="w6.3.5">o</w> 
 <w id="w6.3.6">svojem</w> 
 <w id="w6.3.7">zdravstvenem</w> 
 <w id="w6.3.8">stanju</w> 
 <w id="w6.3.9">ali</w> 
 <w id="w6.3.10">zdravljenju</w>
 <w id="w6.3.11">,</w> 
 <w id="w6.3.12">preberite</w> 
 <w id="w6.3.13">navodilo</w> 
 <w id="w6.3.14">za</w> 
 <w id="w6.3.15">uporabo</w> 
 <w id="w6.3.16">(</w>
 <w id="w6.3.17">ki</w> 
 <w id="w6.3.18">je</w> 
 <w id="w6.3.19">prav</w> 
 <w id="w6.3.20">tako</w> 
 <w id="w6.3.21">del</w> 
 <w id="w6.3.22">EPAR</w>
 <w id="w6.3.23">)</w> 
 <w id="w6.3.24">ali</w> 
 <w id="w6.3.25">se</w> 
 <w id="w6.3.26">posvetujte</w> 
 <w id="w6.3.27">s</w> 
 <w id="w6.3.28">svojim</w> 
 <w id="w6.3.29">zdravnikom</w> 
 <w id="w6.3.30">ali</w> 
 <w id="w6.3.31">farmacevtom</w>
 <w id="w6.3.32">.</w>
</s> 
 
<s id="s6.4">
 <w id="w6.4.1">Če</w> 
 <w id="w6.4.2">želite</w> 
 <w id="w6.4.3">več</w> 
 <w id="w6.4.4">informacij</w>
 <w id="w6.4.5">,</w> 
 <w id="w6.4.6">ki</w> 
 <w id="w6.4.7">temeljijo</w> 
 <w id="w6.4.8">na</w> 
 <w id="w6.4.9">priporočilih</w> 
 <w id="w6.4.10">CHMP</w>
 <w id="w6.4.11">,</w> 
 <w id="w6.4.12">preberite</w> 
 <w id="w6.4.13">znanstveno</w> 
 <w id="w6.4.14">razpravo</w> 
 <w id="w6.4.15">(</w>
 <w id="w6.4.16">ki</w> 
 <w id="w6.4.17">je</w> 
 <w id="w6.4.18">prav</w> 
 <w id="w6.4.19">tako</w> 
 <w id="w6.4.20">del</w> 
 <w id="w6.4.21">EPAR</w>
 <w id="w6.4.22">)</w>
 <w id="w6.4.23">.</w>
</s></p>

<p id="7">
<s id="s7.1">
 <w id="w7.1.1">Kaj</w> 
 <w id="w7.1.2">je</w> 
 <w id="w7.1.3">zdravilo</w> 
 <w id="w7.1.4">Cholestagel</w>
 <w id="w7.1.5">?</w>
</s> 
 
<s id="s7.2">
 <w id="w7.2.1">Cholestagel</w> 
 <w id="w7.2.2">je</w> 
 <w id="w7.2.3">zdravilo</w>
 <w id="w7.2.4">,</w> 
 <w id="w7.2.5">ki</w> 
 <w id="w7.2.6">vsebuje</w> 
 <w id="w7.2.7">zdravilno</w> 
 <w id="w7.2.8">učinkovino</w> 
 <w id="w7.2.9">kolesevelam</w>
 <w id="w7.2.10">.</w>
</s> 
 
<s id="s7.3">
 <w id="w7.3.1">Na</w> 
 <w id="w7.3.2">voljo</w> 
 <w id="w7.3.3">je</w> 
 <w id="w7.3.4">v</w> 
 <w id="w7.3.5">obliki</w> 
 <w id="w7.3.6">tablet</w> 
 <w id="w7.3.7">bele</w> 
 <w id="w7.3.8">barve</w> 
 <w id="w7.3.9">(</w>
 <w id="w7.3.10">625</w> 
 <w id="w7.3.11">mg</w>
 <w id="w7.3.12">)</w>
 <w id="w7.3.13">.</w>
</s></p>

<p id="8">
<s id="s8.1">
 <w id="w8.1.1">Za</w> 
 <w id="w8.1.2">kaj</w> 
 <w id="w8.1.3">se</w> 
 <w id="w8.1.4">zdravilo</w> 
 <w id="w8.1.5">Cholestagel</w> 
 <w id="w8.1.6">uporablja</w>
 <w id="w8.1.7">?</w>
</s> 
 
<s id="s8.2">
 <w id="w8.2.1">Zdravilo</w> 
 <w id="w8.2.2">Cholestagel</w> 
 <w id="w8.2.3">se</w> 
 <w id="w8.2.4">uporablja</w> 
 <w id="w8.2.5">za</w> 
 <w id="w8.2.6">zmanjšanje</w> 
 <w id="w8.2.7">ravni</w> 
 <w id="w8.2.8">holesterola</w> 
 <w id="w8.2.9">pri</w> 
 <w id="w8.2.10">odraslih</w> 
 <w id="w8.2.11">s</w> 
 <w id="w8.2.12">primarno</w> 
 <w id="w8.2.13">hiperholesterolemijo</w> 
 <w id="w8.2.14">(</w>
 <w id="w8.2.15">visokimi</w> 
 <w id="w8.2.16">ravnmi</w> 
 <w id="w8.2.17">holesterola</w> 
 <w id="w8.2.18">v</w> 
 <w id="w8.2.19">krvi</w>
 <w id="w8.2.20">)</w>
 <w id="w8.2.21">.</w>
</s> 
 
<s id="s8.3">
 <w id="w8.3.1">„</w>
 <w id="w8.3.2">Primarna</w>
 <w id="w8.3.3">“</w> 
 <w id="w8.3.4">pomeni</w>
 <w id="w8.3.5">,</w> 
 <w id="w8.3.6">da</w> 
 <w id="w8.3.7">visokih</w> 
 <w id="w8.3.8">ravni</w> 
 <w id="w8.3.9">holesterola</w> 
 <w id="w8.3.10">ne</w> 
 <w id="w8.3.11">povzroča</w> 
 <w id="w8.3.12">nobena</w> 
 <w id="w8.3.13">bolezen</w>
 <w id="w8.3.14">.</w> 
 <w id="w8.3.15">•</w> 
 <w id="w8.3.16">Zdravilo</w> 
 <w id="w8.3.17">Cholestagel</w> 
 <w id="w8.3.18">se</w> 
 <w id="w8.3.19">uporablja</w> 
 <w id="w8.3.20">kot</w> 
 <w id="w8.3.21">dopolnilo</w> 
 <w id="w8.3.22">k</w> 
 <w id="w8.3.23">dieti</w> 
 <w id="w8.3.24">za</w> 
 <w id="w8.3.25">zniževanje</w> 
 <w id="w8.3.26">ravni</w> 
 <w id="w8.3.27">holesterola</w> 
 <w id="w8.3.28">za</w>     
 <w id="w8.3.29">zniževanje</w> 
 <w id="w8.3.30">ravni</w> 
 <w id="w8.3.31">celotnega</w> 
 <w id="w8.3.32">holesterola</w> 
 <w id="w8.3.33">in</w> 
 <w id="w8.3.34">ravni</w> 
 <w id="w8.3.35">holesterola</w> 
 <w id="w8.3.36">„</w>
 <w id="w8.3.37">lipoprotein</w> 
 <w id="w8.3.38">nizke</w> 
 <w id="w8.3.39">gostote</w>
 <w id="w8.3.40">“</w> 
 <w id="w8.3.41">(</w>
 <w id="w8.3.42">LDL</w> 
 <w id="w8.3.43">ali</w>     
 <w id="w8.3.44">„</w>
 <w id="w8.3.45">slabega</w>
 <w id="w8.3.46">“</w> 
 <w id="w8.3.47">holesterola</w>
 <w id="w8.3.48">)</w> 
 <w id="w8.3.49">pri</w> 
 <w id="w8.3.50">bolnikih</w>
 <w id="w8.3.51">,</w> 
 <w id="w8.3.52">pri</w> 
 <w id="w8.3.53">katerih</w> 
 <w id="w8.3.54">statin</w> 
 <w id="w8.3.55">(</w>
 <w id="w8.3.56">drugo</w> 
 <w id="w8.3.57">zdravillo</w> 
 <w id="w8.3.58">za</w> 
 <w id="w8.3.59">zniževanje</w> 
 <w id="w8.3.60">ravni</w>     
 <w id="w8.3.61">holesterola</w>
 <w id="w8.3.62">)</w> 
 <w id="w8.3.63">ni</w> 
 <w id="w8.3.64">primerno</w> 
 <w id="w8.3.65">ali</w> 
 <w id="w8.3.66">ga</w> 
 <w id="w8.3.67">ti</w> 
 <w id="w8.3.68">ne</w> 
 <w id="w8.3.69">prenašajo</w> 
 <w id="w8.3.70">dobro</w>
 <w id="w8.3.71">;</w> 
 <w id="w8.3.72">•</w> 
 <w id="w8.3.73">Zdravilo</w> 
 <w id="w8.3.74">Cholestagel</w> 
 <w id="w8.3.75">se</w> 
 <w id="w8.3.76">uporablja</w> 
 <w id="w8.3.77">tudi</w> 
 <w id="w8.3.78">kot</w> 
 <w id="w8.3.79">dopolnilo</w> 
 <w id="w8.3.80">statinu</w> 
 <w id="w8.3.81">in</w> 
 <w id="w8.3.82">dieti</w> 
 <w id="w8.3.83">za</w> 
 <w id="w8.3.84">zniževanje</w> 
 <w id="w8.3.85">ravni</w> 
 <w id="w8.3.86">holesterola</w>     
 <w id="w8.3.87">za</w> 
 <w id="w8.3.88">nadaljnje</w> 
 <w id="w8.3.89">znižanje</w> 
 <w id="w8.3.90">ravni</w> 
 <w id="w8.3.91">holesterola</w> 
 <w id="w8.3.92">LDL</w> 
 <w id="w8.3.93">pri</w> 
 <w id="w8.3.94">bolnikih</w>
 <w id="w8.3.95">,</w> 
 <w id="w8.3.96">ki</w> 
 <w id="w8.3.97">jih</w> 
 <w id="w8.3.98">samo</w> 
 <w id="w8.3.99">s</w> 
 <w id="w8.3.100">statinom</w> 
 <w id="w8.3.101">ni</w> 
 <w id="w8.3.102">mogoče</w>     
 <w id="w8.3.103">ustrezno</w> 
 <w id="w8.3.104">nadzorovati</w>
 <w id="w8.3.105">.</w>
</s> 
 
<s id="s8.4">
 <w id="w8.4.1">Zdravilo</w> 
 <w id="w8.4.2">se</w> 
 <w id="w8.4.3">dobi</w> 
 <w id="w8.4.4">samo</w> 
 <w id="w8.4.5">na</w> 
 <w id="w8.4.6">recept</w>
 <w id="w8.4.7">.</w>
</s></p>

<p id="9">
<s id="s9.1">
 <w id="w9.1.1">Kako</w> 
 <w id="w9.1.2">se</w> 
 <w id="w9.1.3">zdravilo</w> 
 <w id="w9.1.4">Cholestagel</w> 
 <w id="w9.1.5">uporablja</w>
 <w id="w9.1.6">?</w>
</s> 
 
<s id="s9.2">
 <w id="w9.2.1">Priporočeni</w> 
 <w id="w9.2.2">odmerek</w> 
 <w id="w9.2.3">zdravila</w> 
 <w id="w9.2.4">Cholestagel</w> 
 <w id="w9.2.5">je</w> 
 <w id="w9.2.6">štiri</w> 
 <w id="w9.2.7">do</w> 
 <w id="w9.2.8">šest</w> 
 <w id="w9.2.9">tablet</w> 
 <w id="w9.2.10">na</w> 
 <w id="w9.2.11">dan</w>
 <w id="w9.2.12">,</w> 
 <w id="w9.2.13">ki</w> 
 <w id="w9.2.14">se</w> 
 <w id="w9.2.15">vzamejo</w> 
 <w id="w9.2.16">s</w> 
 <w id="w9.2.17">hrano</w> 
 <w id="w9.2.18">in</w> 
 <w id="w9.2.19">vodo</w>
 <w id="w9.2.20">.</w>
</s> 
 
<s id="s9.3">
 <w id="w9.3.1">Tablete</w> 
 <w id="w9.3.2">se</w> 
 <w id="w9.3.3">vzamejo</w> 
 <w id="w9.3.4">bodisi</w> 
 <w id="w9.3.5">istočasno</w> 
 <w id="w9.3.6">ali</w> 
 <w id="w9.3.7">v</w> 
 <w id="w9.3.8">dveh</w> 
 <w id="w9.3.9">odmerkih</w> 
 <w id="w9.3.10">na</w> 
 <w id="w9.3.11">dan</w>
 <w id="w9.3.12">.</w>
</s> 
 
<s id="s9.4">
 <w id="w9.4.1">Največji</w> 
 <w id="w9.4.2">odmerek</w> 
 <w id="w9.4.3">je</w> 
 <w id="w9.4.4">sedem</w> 
 <w id="w9.4.5">tablet</w> 
 <w id="w9.4.6">na</w> 
 <w id="w9.4.7">dan</w>
 <w id="w9.4.8">,</w> 
 <w id="w9.4.9">če</w> 
 <w id="w9.4.10">se</w> 
 <w id="w9.4.11">te</w> 
 <w id="w9.4.12">jemljejo</w> 
 <w id="w9.4.13">samostojno</w>
 <w id="w9.4.14">,</w> 
 <w id="w9.4.15">in</w> 
 <w id="w9.4.16">šest</w> 
 <w id="w9.4.17">tablet</w> 
 <w id="w9.4.18">na</w> 
 <w id="w9.4.19">dan</w>
 <w id="w9.4.20">,</w> 
 <w id="w9.4.21">če</w> 
 <w id="w9.4.22">se</w> 
 <w id="w9.4.23">te</w> 
 <w id="w9.4.24">jemljejo</w> 
 <w id="w9.4.25">s</w> 
 <w id="w9.4.26">statinom</w>
 <w id="w9.4.27">.</w>
</s> 
 
<s id="s9.5">
 <w id="w9.5.1">Bolniki</w> 
 <w id="w9.5.2">bi</w> 
 <w id="w9.5.3">morali</w> 
 <w id="w9.5.4">začeti</w> 
 <w id="w9.5.5">dieto</w> 
 <w id="w9.5.6">za</w> 
 <w id="w9.5.7">zniževanje</w> 
 <w id="w9.5.8">ravni</w> 
 <w id="w9.5.9">holesterola</w> 
 <w id="w9.5.10">pred</w> 
 <w id="w9.5.11">zdravljenjem</w> 
 <w id="w9.5.12">in</w> 
 <w id="w9.5.13">jo</w> 
 <w id="w9.5.14">nadaljevati</w> 
 <w id="w9.5.15">med</w> 
 <w id="w9.5.16">njim</w>
 <w id="w9.5.17">.</w>
</s> 
 
<s id="s9.6">
 <w id="w9.6.1">Za</w> 
 <w id="w9.6.2">preverjanje</w> 
 <w id="w9.6.3">odziva</w> 
 <w id="w9.6.4">bolnika</w> 
 <w id="w9.6.5">bi</w> 
 <w id="w9.6.6">morali</w> 
 <w id="w9.6.7">pred</w> 
 <w id="w9.6.8">zdravljenjem</w> 
 <w id="w9.6.9">in</w> 
 <w id="w9.6.10">po</w> 
 <w id="w9.6.11">njem</w> 
 <w id="w9.6.12">meriti</w> 
 <w id="w9.6.13">tudi</w> 
 <w id="w9.6.14">ravni</w> 
 <w id="w9.6.15">holesterola</w> 
 <w id="w9.6.16">v</w> 
 <w id="w9.6.17">krvi</w>
 <w id="w9.6.18">.</w>
</s></p>

<p id="10">
<s id="s10.1">
 <w id="w10.1.1">Kako</w> 
 <w id="w10.1.2">zdravilo</w> 
 <w id="w10.1.3">Cholestagel</w> 
 <w id="w10.1.4">deluje</w>
 <w id="w10.1.5">?</w>
</s> 
 
<s id="s10.2">
 <w id="w10.2.1">Zdravilne</w> 
 <w id="w10.2.2">učinkovine</w> 
 <w id="w10.2.3">zdravila</w> 
 <w id="w10.2.4">Cholestagel</w>
 <w id="w10.2.5">,</w> 
 <w id="w10.2.6">kolesevelama</w>
 <w id="w10.2.7">,</w> 
 <w id="w10.2.8">telo</w> 
 <w id="w10.2.9">ne</w> 
 <w id="w10.2.10">absorbira</w>
 <w id="w10.2.11">,</w> 
 <w id="w10.2.12">ampak</w> 
 <w id="w10.2.13">ostane</w> 
 <w id="w10.2.14">v</w> 
 <w id="w10.2.15">prebavnem</w> 
 <w id="w10.2.16">sistemu</w>
 <w id="w10.2.17">,</w> 
 <w id="w10.2.18">kjer</w> 
 <w id="w10.2.19">se</w> 
 <w id="w10.2.20">veže</w> 
 <w id="w10.2.21">na</w> 
 <w id="w10.2.22">snovi</w>
 <w id="w10.2.23">,</w> 
 <w id="w10.2.24">imenovane</w> 
 <w id="w10.2.25">žolčne</w> 
 <w id="w10.2.26">kisline</w>
 <w id="w10.2.27">,</w> 
 <w id="w10.2.28">ki</w> 
 <w id="w10.2.29">se</w> 
 <w id="w10.2.30">z</w> 
 <w id="w10.2.31">blatom</w> 
 <w id="w10.2.32">izločijo</w> 
 <w id="w10.2.33">iz</w> 
 <w id="w10.2.34">telesa</w>
 <w id="w10.2.35">.</w>
</s> 
 
<s id="s10.3">
 <w id="w10.3.1">Absorpcija</w> 
 <w id="w10.3.2">žolčnih</w> 
 <w id="w10.3.3">kislin</w> 
 <w id="w10.3.4">v</w> 
 <w id="w10.3.5">krvni</w> 
 <w id="w10.3.6">obtok</w> 
 <w id="w10.3.7">je</w> 
 <w id="w10.3.8">preprečena</w>
 <w id="w10.3.9">,</w> 
 <w id="w10.3.10">zato</w> 
 <w id="w10.3.11">morajo</w> 
 <w id="w10.3.12">jetra</w> 
 <w id="w10.3.13">tvoriti</w> 
 <w id="w10.3.14">več</w> 
 <w id="w10.3.15">želodčnih</w> 
 <w id="w10.3.16">kislin</w>
 <w id="w10.3.17">.</w>
</s> 
 
<s id="s10.4">
 <w id="w10.4.1">Ker</w> 
 <w id="w10.4.2">jetra</w> 
 <w id="w10.4.3">porabijo</w> 
 <w id="w10.4.4">holesterol</w> 
 <w id="w10.4.5">za</w> 
 <w id="w10.4.6">tvorjenje</w> 
 <w id="w10.4.7">žolčnih</w> 
 <w id="w10.4.8">kislin</w>
 <w id="w10.4.9">,</w> 
 <w id="w10.4.10">se</w> 
 <w id="w10.4.11">zmanjšajo</w> 
 <w id="w10.4.12">ravni</w> 
 <w id="w10.4.13">holesterola</w> 
 <w id="w10.4.14">v</w> 
 <w id="w10.4.15">krvi</w>
 <w id="w10.4.16">.</w>
</s> 
 
<s id="s10.5">
 <w id="w10.5.1">Znižanje</w> 
 <w id="w10.5.2">holesterola</w>
 <w id="w10.5.3">,</w> 
 <w id="w10.5.4">zlasti</w> 
 <w id="w10.5.5">LDL-</w>
 <w id="w10.5.6">holesterola</w>
 <w id="w10.5.7">,</w> 
 <w id="w10.5.8">lahko</w> 
 <w id="w10.5.9">zmanjša</w> 
 <w id="w10.5.10">tveganje</w> 
 <w id="w10.5.11">za</w> 
 <w id="w10.5.12">srčno</w> 
 <w id="w10.5.13">obolenje</w>
 <w id="w10.5.14">.</w>
</s></p>

<p id="11">
<s id="s11.1">
 <w id="w11.1.1">7</w> 
 <w id="w11.1.2">Westferry</w> 
 <w id="w11.1.3">Circus</w>
 <w id="w11.1.4">,</w> 
 <w id="w11.1.5">Canary</w> 
 <w id="w11.1.6">Wharf</w>
 <w id="w11.1.7">,</w> 
 <w id="w11.1.8">London</w> 
 <w id="w11.1.9">E14</w> 
 <w id="w11.1.10">4HB</w>
 <w id="w11.1.11">,</w> 
 <w id="w11.1.12">UK</w>                                   
 <w id="w11.1.13">Tel</w>
 <w id="w11.1.14">.</w>
</s> 
 
<s id="s11.2">
 <w id="w11.2.1">(</w>
 <w id="w11.2.2">44-</w>
 <w id="w11.2.3">20</w>
 <w id="w11.2.4">)</w> 
 <w id="w11.2.5">74</w> 
 <w id="w11.2.6">18</w> 
 <w id="w11.2.7">84</w> 
 <w id="w11.2.8">00</w> 
 <w id="w11.2.9">Fax</w> 
 <w id="w11.2.10">(</w>
 <w id="w11.2.11">44-</w>
 <w id="w11.2.12">20</w>
 <w id="w11.2.13">)</w> 
 <w id="w11.2.14">74</w> 
 <w id="w11.2.15">18</w> 
 <w id="w11.2.16">84</w> 
 <w id="w11.2.17">16</w>                              
 <w id="w11.2.18">E-</w>
 <w id="w11.2.19">mail</w>
 <w id="w11.2.20">:</w> 
 <w id="w11.2.21">mail@</w>
 <w id="w11.2.22">emea.</w>
 <w id="w11.2.23">europa.</w>
 <w id="w11.2.24">eu</w> 
 <w id="w11.2.25">http</w>
 <w id="w11.2.26">:</w>
 <w id="w11.2.27">//</w>
 <w id="w11.2.28">www.</w>
 <w id="w11.2.29">emea.</w>
 <w id="w11.2.30">europa.</w>
 <w id="w11.2.31">eu</w>
</s></p>

<p id="12">
<s id="s12.1">
 <w id="w12.1.1">©</w> 
 <w id="w12.1.2">European</w> 
 <w id="w12.1.3">Medicines</w> 
 <w id="w12.1.4">Agency</w>
 <w id="w12.1.5">,</w> 
 <w id="w12.1.6">2009</w>
 <w id="w12.1.7">.</w>
</s> 
 
<s id="s12.2">
 <w id="w12.2.1">Reproduction</w> 
 <w id="w12.2.2">is</w> 
 <w id="w12.2.3">authorised</w> 
 <w id="w12.2.4">provided</w> 
 <w id="w12.2.5">the</w> 
 <w id="w12.2.6">source</w> 
 <w id="w12.2.7">is</w> 
 <w id="w12.2.8">acknowledged</w>
 <w id="w12.2.9">.</w>
</s> 
 
<s id="s12.3">
 <w id="w12.3.1">Kako</w> 
 <w id="w12.3.2">je</w> 
 <w id="w12.3.3">bilo</w> 
 <w id="w12.3.4">zdravilo</w> 
 <w id="w12.3.5">Cholestagel</w> 
 <w id="w12.3.6">raziskano</w>
 <w id="w12.3.7">?</w>
</s> 
 
<s id="s12.4">
 <w id="w12.4.1">Zdravilo</w> 
 <w id="w12.4.2">Cholestagel</w> 
 <w id="w12.4.3">so</w> 
 <w id="w12.4.4">primerjali</w> 
 <w id="w12.4.5">s</w> 
 <w id="w12.4.6">placebom</w> 
 <w id="w12.4.7">(</w>
 <w id="w12.4.8">zdravilom</w> 
 <w id="w12.4.9">brez</w> 
 <w id="w12.4.10">zdravilne</w> 
 <w id="w12.4.11">učinkovine</w>
 <w id="w12.4.12">)</w> 
 <w id="w12.4.13">v</w> 
 <w id="w12.4.14">petih</w> 
 <w id="w12.4.15">glavnih</w> 
 <w id="w12.4.16">študijah</w>
 <w id="w12.4.17">.</w>
</s> 
 
<s id="s12.5">
 <w id="w12.5.1">Dve</w> 
 <w id="w12.5.2">od</w> 
 <w id="w12.5.3">teh</w> 
 <w id="w12.5.4">študij</w> 
 <w id="w12.5.5">sta</w> 
 <w id="w12.5.6">proučevali</w> 
 <w id="w12.5.7">samostojno</w> 
 <w id="w12.5.8">jemanje</w> 
 <w id="w12.5.9">zdravila</w> 
 <w id="w12.5.10">Cholestagel</w> 
 <w id="w12.5.11">pri</w> 
 <w id="w12.5.12">592</w> 
 <w id="w12.5.13">odraslih</w>
 <w id="w12.5.14">,</w> 
 <w id="w12.5.15">tri</w> 
 <w id="w12.5.16">pa</w> 
 <w id="w12.5.17">so</w> 
 <w id="w12.5.18">proučevale</w> 
 <w id="w12.5.19">zdravilo</w> 
 <w id="w12.5.20">Cholestagel</w>
 <w id="w12.5.21">,</w> 
 <w id="w12.5.22">ki</w> 
 <w id="w12.5.23">so</w> 
 <w id="w12.5.24">ga</w> 
 <w id="w12.5.25">bolniki</w> 
 <w id="w12.5.26">jemali</w> 
 <w id="w12.5.27">v</w> 
 <w id="w12.5.28">kombinaciji</w> 
 <w id="w12.5.29">s</w> 
 <w id="w12.5.30">statinom</w> 
 <w id="w12.5.31">(</w>
 <w id="w12.5.32">lovastatinom</w>
 <w id="w12.5.33">,</w> 
 <w id="w12.5.34">simvastatinom</w> 
 <w id="w12.5.35">ali</w> 
 <w id="w12.5.36">atorvastatinom</w>
 <w id="w12.5.37">)</w> 
 <w id="w12.5.38">pri</w> 
 <w id="w12.5.39">491</w> 
 <w id="w12.5.40">odraslih</w>
 <w id="w12.5.41">.</w>
</s> 
 
<s id="s12.6">
 <w id="w12.6.1">Glavno</w> 
 <w id="w12.6.2">merilo</w> 
 <w id="w12.6.3">učinkovitosti</w> 
 <w id="w12.6.4">je</w> 
 <w id="w12.6.5">bilo</w> 
 <w id="w12.6.6">znižanje</w> 
 <w id="w12.6.7">ravni</w> 
 <w id="w12.6.8">LDL-</w>
 <w id="w12.6.9">holesterola</w> 
 <w id="w12.6.10">ob</w> 
 <w id="w12.6.11">koncu</w> 
 <w id="w12.6.12">študij</w>
 <w id="w12.6.13">.</w>
</s> 
 
<s id="s12.7">
 <w id="w12.7.1">Vse</w> 
 <w id="w12.7.2">študije</w> 
 <w id="w12.7.3">so</w> 
 <w id="w12.7.4">trajale</w> 
 <w id="w12.7.5">od</w> 
 <w id="w12.7.6">štiri</w> 
 <w id="w12.7.7">do</w> 
 <w id="w12.7.8">šest</w> 
 <w id="w12.7.9">tednov</w>
 <w id="w12.7.10">,</w> 
 <w id="w12.7.11">razen</w> 
 <w id="w12.7.12">ene</w> 
 <w id="w12.7.13">študije</w>
 <w id="w12.7.14">,</w> 
 <w id="w12.7.15">pri</w> 
 <w id="w12.7.16">kateri</w> 
 <w id="w12.7.17">so</w> 
 <w id="w12.7.18">zdravilo</w> 
 <w id="w12.7.19">Cholestagel</w>
 <w id="w12.7.20">,</w> 
 <w id="w12.7.21">ki</w> 
 <w id="w12.7.22">so</w> 
 <w id="w12.7.23">ga</w> 
 <w id="w12.7.24">bolniki</w> 
 <w id="w12.7.25">jemali</w> 
 <w id="w12.7.26">samostojno</w>
 <w id="w12.7.27">,</w> 
 <w id="w12.7.28">proučevali</w> 
 <w id="w12.7.29">šest</w> 
 <w id="w12.7.30">mesecev</w>
</s></p>

<p id="13">
<s id="s13.1">
 <w id="w13.1.1">Kakšne</w> 
 <w id="w13.1.2">koristi</w> 
 <w id="w13.1.3">je</w> 
 <w id="w13.1.4">zdravilo</w> 
 <w id="w13.1.5">Cholestagel</w> 
 <w id="w13.1.6">izkazalo</w> 
 <w id="w13.1.7">med</w> 
 <w id="w13.1.8">študijami</w>
 <w id="w13.1.9">?</w>
</s> 
 
<s id="s13.2">
 <w id="w13.2.1">V</w> 
 <w id="w13.2.2">študijah</w>
 <w id="w13.2.3">,</w> 
 <w id="w13.2.4">s</w> 
 <w id="w13.2.5">katerimi</w> 
 <w id="w13.2.6">so</w> 
 <w id="w13.2.7">proučevali</w> 
 <w id="w13.2.8">samostojno</w> 
 <w id="w13.2.9">jemanje</w> 
 <w id="w13.2.10">zdravila</w> 
 <w id="w13.2.11">Cholestagel</w>
 <w id="w13.2.12">,</w> 
 <w id="w13.2.13">so</w> 
 <w id="w13.2.14">se</w> 
 <w id="w13.2.15">ravni</w> 
 <w id="w13.2.16">LDL</w>
 <w id="w13.2.17">-</w> 
 <w id="w13.2.18">holesterola</w> 
 <w id="w13.2.19">po</w> 
 <w id="w13.2.20">šestih</w> 
 <w id="w13.2.21">tednih</w> 
 <w id="w13.2.22">pri</w> 
 <w id="w13.2.23">več</w> 
 <w id="w13.2.24">kot</w> 
 <w id="w13.2.25">polovici</w> 
 <w id="w13.2.26">bolnikov</w>
 <w id="w13.2.27">,</w> 
 <w id="w13.2.28">ki</w> 
 <w id="w13.2.29">so</w> 
 <w id="w13.2.30">prejemali</w> 
 <w id="w13.2.31">3,</w>
 <w id="w13.2.32">8</w> 
 <w id="w13.2.33">ali</w> 
 <w id="w13.2.34">4,</w>
 <w id="w13.2.35">5</w> 
 <w id="w13.2.36">gramov</w> 
 <w id="w13.2.37">zdravila</w> 
 <w id="w13.2.38">Cholestagel</w>
 <w id="w13.2.39">,</w> 
 <w id="w13.2.40">zmanjšale</w> 
 <w id="w13.2.41">za</w> 
 <w id="w13.2.42">15</w> 
 <w id="w13.2.43">do</w> 
 <w id="w13.2.44">18</w> 
 <w id="w13.2.45">%</w>
 <w id="w13.2.46">.</w>
</s> 
 
<s id="s13.3">
 <w id="w13.3.1">V</w> 
 <w id="w13.3.2">šestmesečni</w> 
 <w id="w13.3.3">študiji</w> 
 <w id="w13.3.4">se</w> 
 <w id="w13.3.5">je</w> 
 <w id="w13.3.6">zmanjšanje</w>
 <w id="w13.3.7">,</w> 
 <w id="w13.3.8">opaženo</w> 
 <w id="w13.3.9">po</w> 
 <w id="w13.3.10">šestih</w> 
 <w id="w13.3.11">tednih</w> 
 <w id="w13.3.12">zdravljenja</w> 
 <w id="w13.3.13">s</w> 
 <w id="w13.3.14">3,</w>
 <w id="w13.3.15">8</w> 
 <w id="w13.3.16">g</w> 
 <w id="w13.3.17">zdravila</w> 
 <w id="w13.3.18">Cholestagel</w> 
 <w id="w13.3.19">(</w>
 <w id="w13.3.20">približno</w> 
 <w id="w13.3.21">šest</w> 
 <w id="w13.3.22">tablet</w>
 <w id="w13.3.23">)</w>
 <w id="w13.3.24">,</w> 
 <w id="w13.3.25">ohranilo</w> 
 <w id="w13.3.26">šest</w> 
 <w id="w13.3.27">mesecev</w>
 <w id="w13.3.28">.</w>
</s> 
 
<s id="s13.4">
 <w id="w13.4.1">V</w> 
 <w id="w13.4.2">primerjavi</w> 
 <w id="w13.4.3">s</w> 
 <w id="w13.4.4">tem</w> 
 <w id="w13.4.5">pri</w> 
 <w id="w13.4.6">bolnikih</w>
 <w id="w13.4.7">,</w> 
 <w id="w13.4.8">ki</w> 
 <w id="w13.4.9">so</w> 
 <w id="w13.4.10">jemali</w> 
 <w id="w13.4.11">placebo</w>
 <w id="w13.4.12">,</w> 
 <w id="w13.4.13">ni</w> 
 <w id="w13.4.14">bilo</w> 
 <w id="w13.4.15">nobenih</w> 
 <w id="w13.4.16">sprememb</w> 
 <w id="w13.4.17">ravni</w> 
 <w id="w13.4.18">LDL-</w>
 <w id="w13.4.19">holesterola</w>
 <w id="w13.4.20">.</w>
</s> 
 
<s id="s13.5">
 <w id="w13.5.1">Zdravilo</w> 
 <w id="w13.5.2">Cholestagel</w> 
 <w id="w13.5.3">je</w> 
 <w id="w13.5.4">bilo</w> 
 <w id="w13.5.5">enako</w> 
 <w id="w13.5.6">učinkovito</w>
 <w id="w13.5.7">,</w> 
 <w id="w13.5.8">če</w> 
 <w id="w13.5.9">so</w> 
 <w id="w13.5.10">ga</w> 
 <w id="w13.5.11">bolniki</w> 
 <w id="w13.5.12">jemali</w> 
 <w id="w13.5.13">zjutraj</w>
 <w id="w13.5.14">,</w> 
 <w id="w13.5.15">zvečer</w> 
 <w id="w13.5.16">ali</w> 
 <w id="w13.5.17">dvakrat</w> 
 <w id="w13.5.18">na</w> 
 <w id="w13.5.19">dan</w>
 <w id="w13.5.20">.</w>
</s> 
 
<s id="s13.6">
 <w id="w13.6.1">Glede</w> 
 <w id="w13.6.2">na</w> 
 <w id="w13.6.3">rezultate</w> 
 <w id="w13.6.4">treh</w> 
 <w id="w13.6.5">študij</w>
 <w id="w13.6.6">,</w> 
 <w id="w13.6.7">v</w> 
 <w id="w13.6.8">katerih</w> 
 <w id="w13.6.9">je</w> 
 <w id="w13.6.10">bilo</w> 
 <w id="w13.6.11">zdravilo</w> 
 <w id="w13.6.12">Cholestagel</w> 
 <w id="w13.6.13">uporabljeno</w> 
 <w id="w13.6.14">s</w> 
 <w id="w13.6.15">statinom</w>
 <w id="w13.6.16">,</w> 
 <w id="w13.6.17">so</w> 
 <w id="w13.6.18">se</w> 
 <w id="w13.6.19">ravni</w> 
 <w id="w13.6.20">LDL-</w>
 <w id="w13.6.21">holesterola</w> 
 <w id="w13.6.22">pri</w> 
 <w id="w13.6.23">jemanju</w> 
 <w id="w13.6.24">2,</w>
 <w id="w13.6.25">3</w> 
 <w id="w13.6.26">g</w> 
 <w id="w13.6.27">zdravila</w> 
 <w id="w13.6.28">Cholestagel</w> 
 <w id="w13.6.29">(</w>
 <w id="w13.6.30">približno</w> 
 <w id="w13.6.31">štirih</w> 
 <w id="w13.6.32">tablet</w>
 <w id="w13.6.33">)</w> 
 <w id="w13.6.34">zmanjšale</w> 
 <w id="w13.6.35">za</w> 
 <w id="w13.6.36">dodatnih</w> 
 <w id="w13.6.37">8</w> 
 <w id="w13.6.38">%</w>
 <w id="w13.6.39">,</w> 
 <w id="w13.6.40">pri</w> 
 <w id="w13.6.41">jemanju</w> 
 <w id="w13.6.42">3,</w>
 <w id="w13.6.43">8</w> 
 <w id="w13.6.44">g</w> 
 <w id="w13.6.45">zdravila</w> 
 <w id="w13.6.46">Cholestagel</w> 
 <w id="w13.6.47">(</w>
 <w id="w13.6.48">približno</w> 
 <w id="w13.6.49">šestih</w> 
 <w id="w13.6.50">tablet</w>
 <w id="w13.6.51">)</w> 
 <w id="w13.6.52">pa</w> 
 <w id="w13.6.53">za</w> 
 <w id="w13.6.54">dodatnih</w> 
 <w id="w13.6.55">16</w> 
 <w id="w13.6.56">%</w>
 <w id="w13.6.57">.</w>
</s></p>

<p id="14">
<s id="s14.1">
 <w id="w14.1.1">Kakšna</w> 
 <w id="w14.1.2">tveganja</w> 
 <w id="w14.1.3">so</w> 
 <w id="w14.1.4">povezana</w> 
 <w id="w14.1.5">z</w> 
 <w id="w14.1.6">zdravilom</w> 
 <w id="w14.1.7">Cholestagel</w>
 <w id="w14.1.8">?</w>
</s> 
 
<s id="s14.2">
 <w id="w14.2.1">V</w> 
 <w id="w14.2.2">študijah</w> 
 <w id="w14.2.3">sta</w> 
 <w id="w14.2.4">bila</w> 
 <w id="w14.2.5">najpogostejša</w> 
 <w id="w14.2.6">neželena</w> 
 <w id="w14.2.7">učinka</w> 
 <w id="w14.2.8">(</w>
 <w id="w14.2.9">opažena</w> 
 <w id="w14.2.10">pri</w> 
 <w id="w14.2.11">več</w> 
 <w id="w14.2.12">kot</w> 
 <w id="w14.2.13">1</w> 
 <w id="w14.2.14">bolniku</w> 
 <w id="w14.2.15">izmed</w> 
 <w id="w14.2.16">10</w>
 <w id="w14.2.17">)</w> 
 <w id="w14.2.18">napenjanje</w> 
 <w id="w14.2.19">(</w>
 <w id="w14.2.20">vetrovi</w>
 <w id="w14.2.21">)</w> 
 <w id="w14.2.22">in</w> 
 <w id="w14.2.23">zaprtje</w>
 <w id="w14.2.24">.</w>
</s> 
 
<s id="s14.3">
 <w id="w14.3.1">Za</w> 
 <w id="w14.3.2">celoten</w> 
 <w id="w14.3.3">seznam</w> 
 <w id="w14.3.4">neželenih</w> 
 <w id="w14.3.5">učinkov</w>
 <w id="w14.3.6">,</w> 
 <w id="w14.3.7">o</w> 
 <w id="w14.3.8">katerih</w> 
 <w id="w14.3.9">so</w> 
 <w id="w14.3.10">poročali</w> 
 <w id="w14.3.11">pri</w> 
 <w id="w14.3.12">uporabi</w> 
 <w id="w14.3.13">zdravila</w> 
 <w id="w14.3.14">Cholestagel</w>
 <w id="w14.3.15">,</w> 
 <w id="w14.3.16">glejte</w> 
 <w id="w14.3.17">navodilo</w> 
 <w id="w14.3.18">za</w> 
 <w id="w14.3.19">uporabo</w>
 <w id="w14.3.20">.</w>
</s> 
 
<s id="s14.4">
 <w id="w14.4.1">Zdravila</w> 
 <w id="w14.4.2">Cholestagel</w> 
 <w id="w14.4.3">ne</w> 
 <w id="w14.4.4">smejo</w> 
 <w id="w14.4.5">uporabljati</w> 
 <w id="w14.4.6">osebe</w>
 <w id="w14.4.7">,</w> 
 <w id="w14.4.8">ki</w> 
 <w id="w14.4.9">utegnejo</w> 
 <w id="w14.4.10">biti</w> 
 <w id="w14.4.11">preobčutljive</w> 
 <w id="w14.4.12">za</w> 
 <w id="w14.4.13">(</w>
 <w id="w14.4.14">alergične</w> 
 <w id="w14.4.15">na</w>
 <w id="w14.4.16">)</w> 
 <w id="w14.4.17">kolesevelam</w> 
 <w id="w14.4.18">ali</w> 
 <w id="w14.4.19">katero</w> 
 <w id="w14.4.20">koli</w> 
 <w id="w14.4.21">drugo</w> 
 <w id="w14.4.22">sestavino</w> 
 <w id="w14.4.23">zdravila</w>
 <w id="w14.4.24">.</w>
</s> 
 
<s id="s14.5">
 <w id="w14.5.1">Ne</w> 
 <w id="w14.5.2">sme</w> 
 <w id="w14.5.3">se</w> 
 <w id="w14.5.4">uporabljati</w> 
 <w id="w14.5.5">pri</w> 
 <w id="w14.5.6">osebah</w> 
 <w id="w14.5.7">z</w> 
 <w id="w14.5.8">zaprtjem</w> 
 <w id="w14.5.9">žolčnega</w> 
 <w id="w14.5.10">kanala</w>
 <w id="w14.5.11">.</w>
</s></p>

<p id="15">
<s id="s15.1">
 <w id="w15.1.1">Zakaj</w> 
 <w id="w15.1.2">je</w> 
 <w id="w15.1.3">bilo</w> 
 <w id="w15.1.4">zdravilo</w> 
 <w id="w15.1.5">Cholestagel</w> 
 <w id="w15.1.6">odobreno</w>
 <w id="w15.1.7">?</w>
</s> 
 
<s id="s15.2">
 <w id="w15.2.1">Odbor</w> 
 <w id="w15.2.2">za</w> 
 <w id="w15.2.3">zdravila</w> 
 <w id="w15.2.4">za</w> 
 <w id="w15.2.5">uporabo</w> 
 <w id="w15.2.6">v</w> 
 <w id="w15.2.7">humani</w> 
 <w id="w15.2.8">medicini</w> 
 <w id="w15.2.9">(</w>
 <w id="w15.2.10">CHMP</w>
 <w id="w15.2.11">)</w> 
 <w id="w15.2.12">je</w> 
 <w id="w15.2.13">zaključil</w>
 <w id="w15.2.14">,</w> 
 <w id="w15.2.15">da</w> 
 <w id="w15.2.16">so</w> 
 <w id="w15.2.17">koristi</w> 
 <w id="w15.2.18">zdravila</w> 
 <w id="w15.2.19">Cholestagel</w> 
 <w id="w15.2.20">kot</w> 
 <w id="w15.2.21">dopolnilnega</w> 
 <w id="w15.2.22">zdravljenja</w> 
 <w id="w15.2.23">k</w> 
 <w id="w15.2.24">dieti</w>
 <w id="w15.2.25">,</w> 
 <w id="w15.2.26">da</w> 
 <w id="w15.2.27">se</w> 
 <w id="w15.2.28">zagotovi</w> 
 <w id="w15.2.29">dodatno</w> 
 <w id="w15.2.30">znižanje</w> 
 <w id="w15.2.31">ravni</w> 
 <w id="w15.2.32">LDL</w>
 <w id="w15.2.33">-</w> 
 <w id="w15.2.34">holesterola</w> 
 <w id="w15.2.35">pri</w> 
 <w id="w15.2.36">odraslih</w> 
 <w id="w15.2.37">bolnikih</w> 
 <w id="w15.2.38">s</w> 
 <w id="w15.2.39">primarno</w> 
 <w id="w15.2.40">hiperholesterolemijo</w>
 <w id="w15.2.41">,</w> 
 <w id="w15.2.42">ki</w> 
 <w id="w15.2.43">niso</w> 
 <w id="w15.2.44">ustrezno</w> 
 <w id="w15.2.45">nadzorovani</w> 
 <w id="w15.2.46">samo</w> 
 <w id="w15.2.47">z</w> 
 <w id="w15.2.48">jemanjem</w> 
 <w id="w15.2.49">statina</w>
 <w id="w15.2.50">,</w> 
 <w id="w15.2.51">in</w> 
 <w id="w15.2.52">kot</w> 
 <w id="w15.2.53">dopolnilnega</w> 
 <w id="w15.2.54">zdravljenja</w> 
 <w id="w15.2.55">k</w> 
 <w id="w15.2.56">dieti</w> 
 <w id="w15.2.57">za</w> 
 <w id="w15.2.58">znižanje</w> 
 <w id="w15.2.59">povišanega</w> 
 <w id="w15.2.60">skupnega</w> 
 <w id="w15.2.61">holesterola</w> 
 <w id="w15.2.62">in</w> 
 <w id="w15.2.63">LDL-</w>
 <w id="w15.2.64">holesterola</w> 
 <w id="w15.2.65">pri</w> 
 <w id="w15.2.66">odraslih</w> 
 <w id="w15.2.67">bolnikih</w> 
 <w id="w15.2.68">z</w> 
 <w id="w15.2.69">izolirano</w> 
 <w id="w15.2.70">primarno</w> 
 <w id="w15.2.71">hiperholesterolemijo</w>
 <w id="w15.2.72">,</w> 
 <w id="w15.2.73">pri</w> 
 <w id="w15.2.74">katerih</w> 
 <w id="w15.2.75">statin</w> 
 <w id="w15.2.76">velja</w> 
 <w id="w15.2.77">za</w> 
 <w id="w15.2.78">neprimernega</w> 
 <w id="w15.2.79">ali</w> 
 <w id="w15.2.80">pa</w> 
 <w id="w15.2.81">ga</w> 
 <w id="w15.2.82">ti</w> 
 <w id="w15.2.83">ne</w> 
 <w id="w15.2.84">prenašajo</w> 
 <w id="w15.2.85">dobro</w>
 <w id="w15.2.86">,</w> 
 <w id="w15.2.87">večje</w> 
 <w id="w15.2.88">od</w> 
 <w id="w15.2.89">z</w> 
 <w id="w15.2.90">njim</w> 
 <w id="w15.2.91">povezanih</w> 
 <w id="w15.2.92">tveganj</w>
 <w id="w15.2.93">.</w>
</s> 
 
<s id="s15.3">
 <w id="w15.3.1">Odbor</w> 
 <w id="w15.3.2">je</w> 
 <w id="w15.3.3">priporočil</w>
 <w id="w15.3.4">,</w> 
 <w id="w15.3.5">da</w> 
 <w id="w15.3.6">se</w> 
 <w id="w15.3.7">za</w> 
 <w id="w15.3.8">zdravilo</w> 
 <w id="w15.3.9">Cholestagel</w> 
 <w id="w15.3.10">odobri</w> 
 <w id="w15.3.11">dovoljenje</w> 
 <w id="w15.3.12">za</w> 
 <w id="w15.3.13">promet</w>
 <w id="w15.3.14">.</w>
</s></p>

<p id="16">
<s id="s16.1">
 <w id="w16.1.1">Druge</w> 
 <w id="w16.1.2">informacije</w> 
 <w id="w16.1.3">o</w> 
 <w id="w16.1.4">zdravilu</w> 
 <w id="w16.1.5">Cholestagel</w>
 <w id="w16.1.6">:</w>
</s> 
 
<s id="s16.2">
 <w id="w16.2.1">Evropska</w> 
 <w id="w16.2.2">komisija</w> 
 <w id="w16.2.3">je</w> 
 <w id="w16.2.4">dovoljenje</w> 
 <w id="w16.2.5">za</w> 
 <w id="w16.2.6">promet</w> 
 <w id="w16.2.7">z</w> 
 <w id="w16.2.8">zdravilom</w> 
 <w id="w16.2.9">Cholestagel</w>
 <w id="w16.2.10">,</w> 
 <w id="w16.2.11">veljavno</w> 
 <w id="w16.2.12">po</w> 
 <w id="w16.2.13">vsej</w> 
 <w id="w16.2.14">Evropski</w> 
 <w id="w16.2.15">uniji</w>
 <w id="w16.2.16">,</w> 
 <w id="w16.2.17">odobrila</w> 
 <w id="w16.2.18">družbi</w> 
 <w id="w16.2.19">to</w> 
 <w id="w16.2.20">Cholestagel</w> 
 <w id="w16.2.21">to</w> 
 <w id="w16.2.22">Genzyme</w> 
 <w id="w16.2.23">Europe</w> 
 <w id="w16.2.24">B.</w>
 <w id="w16.2.25">V</w>
 <w id="w16.2.26">.</w> 
 <w id="w16.2.27">dne</w> 
 <w id="w16.2.28">10</w>
 <w id="w16.2.29">.</w> 
 <w id="w16.2.30">marca</w> 
 <w id="w16.2.31">2004</w>
 <w id="w16.2.32">.</w>
</s> 
 
<s id="s16.3">
 <w id="w16.3.1">Dovoljenje</w> 
 <w id="w16.3.2">za</w> 
 <w id="w16.3.3">promet</w> 
 <w id="w16.3.4">je</w> 
 <w id="w16.3.5">bilo</w> 
 <w id="w16.3.6">podaljšano</w> 
 <w id="w16.3.7">dne</w> 
 <w id="w16.3.8">10</w>
 <w id="w16.3.9">.</w> 
 <w id="w16.3.10">marca</w> 
 <w id="w16.3.11">2009</w>
 <w id="w16.3.12">.</w>
</s></p>

<p id="17">
<s id="s17.1">
 <w id="w17.1.1">Celotno</w> 
 <w id="w17.1.2">evropsko</w> 
 <w id="w17.1.3">javno</w> 
 <w id="w17.1.4">poročilo</w> 
 <w id="w17.1.5">o</w> 
 <w id="w17.1.6">oceni</w> 
 <w id="w17.1.7">zdravila</w> 
 <w id="w17.1.8">(</w>
 <w id="w17.1.9">EPAR</w>
 <w id="w17.1.10">)</w> 
 <w id="w17.1.11">za</w> 
 <w id="w17.1.12">zdravilo</w> 
 <w id="w17.1.13">Cholestagel</w> 
 <w id="w17.1.14">je</w> 
 <w id="w17.1.15">na</w> 
 <w id="w17.1.16">voljo</w> 
 <w id="w17.1.17">tukaj</w>
 <w id="w17.1.18">.</w>
</s></p>

<p id="18">
<s id="s18.1">
 <w id="w18.1.1">Povzetek</w> 
 <w id="w18.1.2">je</w> 
 <w id="w18.1.3">bil</w> 
 <w id="w18.1.4">nazadnje</w> 
 <w id="w18.1.5">posodobljen</w> 
 <w id="w18.1.6">03-</w>
 <w id="w18.1.7">2009</w>
 <w id="w18.1.8">.</w>
</s></p>

<p id="19">
<s id="s19.1">
 <w id="w19.1.1">2/</w>
 <w id="w19.1.2">2</w>
</s></p></text>
