<?xml version="1.0" encoding="utf-8"?>
<letsmt version="1.0">
<head></head>
<body>
<s id="s1.1">DODATEK I</s>
<s id="s2.1">SEZNAM IMEN, FARMACEVTSKIH OBLIK, JAKOSTI ZDRAVILA, POTI UPORABE, PREDLAGATELJEV, IMETNIKOV DOVOLJENJA ZA PROMET Z ZDRAVILOM V DRŽAVAH ČLANICAH Država članica</s>
<s id="s3.1">Imetnik dovoljenja za Promet z zdravilom</s>
<s id="s4.1">Predlagatelj</s>
<s id="s5.1">Ime</s>
<s id="s6.1">Jakost</s>
<s id="s7.1">Farmacevtska Pot oblika</s>
<s id="s8.1">uporabe</s>
<s id="s9.1">Avstrija</s>
<s id="s10.1">Teva Pharma B. V.</s>
<s id="s10.2">Industrieweg 23, P. O.</s>
<s id="s10.3">Box 217 3640 AE Mijdrecht Nizozemska</s>
<s id="s11.1">Bicalutamid- TEVA 150 mg- Filmtabletten</s>
<s id="s12.1">150 mg</s>
<s id="s13.1">Filmsko obložena tableta</s>
<s id="s14.1">Peroralna uporaba</s>
<s id="s15.1">Češka</s>
<s id="s16.1">Ingers Industrial Solutions s. r. o.</s>
<s id="s16.2">Jeneweinova 51a 617 00 Brno Češka</s>
<s id="s17.1">Bicaluplex 150 mg</s>
<s id="s18.1">150 mg</s>
<s id="s19.1">Filmsko obložena tableta</s>
<s id="s20.1">Peroralna uporaba</s>
<s id="s21.1">Nemčija</s>
<s id="s22.1">Ingers Industrial Solutions s. r. o.</s>
<s id="s22.2">Jeneweinova 51a 617 00 Brno Češka</s>
<s id="s23.1">Bicamid- GRY 150 mg 150 Filmtabletten</s>
<s id="s24.1">mg</s>
<s id="s25.1">Filmsko obložena tableta</s>
<s id="s26.1">Peroralna uporaba</s>
<s id="s27.1">Danska</s>
<s id="s28.1">TEVA Sweden AB PO Box 1070 SE - 25110 Helsingborg Švedska</s>
<s id="s29.1">Bicalutamid TEVA</s>
<s id="s30.1">150 mg</s>
<s id="s31.1">Filmsko obložena tableta</s>
<s id="s32.1">Peroralna uporaba</s>
<s id="s33.1">Estonija</s>
<s id="s34.1">Teva Pharma B. V.</s>
<s id="s34.2">Industrieweg 23, P. O.</s>
<s id="s34.3">Box 217 3640 AE Mijdrecht Nizozemska</s>
<s id="s35.1">Bicalutamide- TEVA</s>
<s id="s36.1">150 mg</s>
<s id="s37.1">Filmsko obložena tableta</s>
<s id="s38.1">Peroralna uporaba</s>
<s id="s39.1">Francija</s>
<s id="s40.1">TEVA Classics S. A.</s>
<s id="s40.2">1, cours du Triangle, Immeuble Palatin 1, 92936 Paris La Défense cedex 12 Francija</s>
<s id="s41.1">Bicalutamide Teva 150 mg, comprimés pelliculés</s>
<s id="s42.1">150 mg</s>
<s id="s43.1">Filmsko obložena tableta</s>
<s id="s44.1">Peroralna uporaba</s>
<s id="s45.1">Grčija</s>
<s id="s46.1">Teva Pharma B. V.</s>
<s id="s46.2">Industrieweg 23, P. O.</s>
<s id="s46.3">Box 217 3640 AE Mijdrecht Nizozemska</s>
<s id="s47.1">Bicalutamide Teva 150 mg Εpικaλυµµένa µe λeptό υµένιο dιsκίa</s>
<s id="s48.1">150 mg</s>
<s id="s49.1">Filmsko obložena tableta</s>
<s id="s50.1">Peroralna uporaba</s>
<s id="s51.1">Madžarska</s>
<s id="s52.1">TEVA Magyarország Rt Rákóczi út 70- 72 Budapest, H- 1074 Madžarska</s>
<s id="s53.1">Bicalutamid- Teva</s>
<s id="s54.1">150 mg</s>
<s id="s55.1">Filmsko obložena tableta</s>
<s id="s56.1">Peroralna uporaba</s>
<s id="s57.1">2 Država članica</s>
<s id="s58.1">Imetnik dovoljenja za Promet z zdravilom</s>
<s id="s59.1">Predlagatelj</s>
<s id="s60.1">Ime</s>
<s id="s61.1">Jakost</s>
<s id="s62.1">Farmacevtska Pot oblika</s>
<s id="s63.1">uporabe</s>
<s id="s64.1">Italija</s>
<s id="s65.1">TEVA Pharma Italia S. R. L.</s>
<s id="s65.2">Viale G.</s>
<s id="s65.3">Richard 7, 20143 Milano Italija</s>
<s id="s66.1">Bicalutamide TEVA 150 mg compresse rivestite con film</s>
<s id="s67.1">150 mg</s>
<s id="s68.1">Filmsko obložena tableta</s>
<s id="s69.1">Peroralna uporaba</s>
<s id="s70.1">Latvija</s>
<s id="s71.1">Teva Pharma B. V.</s>
<s id="s71.2">Industrieweg 23, P. O.</s>
<s id="s71.3">Box 217 3640 AE Mijdrecht Nizozemska</s>
<s id="s72.1">Bicalutamide- TEVA</s>
<s id="s73.1">150 mg</s>
<s id="s74.1">Filmsko obložena tableta</s>
<s id="s75.1">Peroralna uporaba</s>
<s id="s76.1">Litva</s>
<s id="s77.1">Teva Pharma B. V.</s>
<s id="s78.1">Bicalutamide - Teva</s>
<s id="s79.1">150 mg</s>
<s id="s80.1">Filmsko</s>
<s id="s81.1">Peroralna uporaba</s>
<s id="s82.1">Industrieweg 23, P. O.</s>
<s id="s82.2">Box 217 3640 AE Mijdrecht Nizozemska</s>
<s id="s83.1">150 mg plėvele dengtos tabletės</s>
<s id="s84.1">obložena tableta</s>
<s id="s85.1">Nizozemska</s>
<s id="s86.1">Pharmachemie B. V.</s>
<s id="s86.2">Swensweg 5, Postbus 552 2003 RN Haarlem Nizozemska</s>
<s id="s87.1">Bicalutamide 150 PCH, 150 mg filmomhulde tabletten 150 mg</s>
<s id="s88.1">Filmsko obložena tableta</s>
<s id="s89.1">Peroralna uporaba</s>
<s id="s90.1">Norveška</s>
<s id="s91.1">TEVA Sweden AB PO Box 1070 SE - 25110 Helsingborg Švedska</s>
<s id="s92.1">Bicalutamid TEVA 150 mg 150 mg tabletter, filmdrasjerte</s>
<s id="s93.1">Filmsko obložena tableta</s>
<s id="s94.1">Peroralna uporaba</s>
<s id="s95.1">Poljska</s>
<s id="s96.1">Ingers Industrial Solutions s. r. o.</s>
<s id="s96.2">Jeneweinova 51a 617 00 Brno Češka</s>
<s id="s97.1">Bicalutamide Ingers 150 mg 150 mg tabletki powlekane</s>
<s id="s98.1">Filmsko obložena tableta</s>
<s id="s99.1">Peroralna uporaba</s>
<s id="s100.1">Portugalska</s>
<s id="s101.1">TEVA Pharma - Produtos Farmacêuticos Lda Lagoas Park, Edifício 1, Piso 3, 2740- 264 Porto Salvo Portugalska</s>
<s id="s102.1">Bicalutamida Teva 150 mg</s>
<s id="s103.1">Filmsko obložena tableta</s>
<s id="s104.1">Peroralna uporaba</s>
<s id="s105.1">Slovaška</s>
<s id="s106.1">Ingers Industrial Solutions s. r. o.</s>
<s id="s106.2">Jeneweinova 51a 617 00 Brno Češka</s>
<s id="s107.1">Bicalutamid- Teva 150 mg 150 mg</s>
<s id="s108.1">Filmsko obložena tableta</s>
<s id="s109.1">Peroralna uporaba</s>
<s id="s110.1">3 Država članica</s>
<s id="s111.1">Imetnik dovoljenja za Promet z zdravilom</s>
<s id="s112.1">Predlagatelj</s>
<s id="s113.1">Ime</s>
<s id="s114.1">Jakost</s>
<s id="s115.1">Farmacevtska Pot oblika</s>
<s id="s116.1">uporabe</s>
<s id="s117.1">Slovenije</s>
<s id="s118.1">Teva Pharma B. V.</s>
<s id="s118.2">Industrieweg 23, P. O.</s>
<s id="s118.3">Box 217 3640 AE Mijdrecht Nizozemska</s>
<s id="s119.1">Bikalutamid TEVA 150 mg filmsko obložene tablete</s>
<s id="s120.1">150 mg</s>
<s id="s121.1">Filmsko obložena tableta</s>
<s id="s122.1">Peroralna uporaba</s>
<s id="s123.1">Švedska</s>
<s id="s124.1">Ingers Industrial Solutions s. r. o.</s>
<s id="s124.2">Jeneweinova 51a 617 00 Brno Češka</s>
<s id="s125.1">Bicalutamide Teva 150 mg filmdragerade tabletter</s>
<s id="s126.1">150 mg</s>
<s id="s127.1">Filmsko obložena tableta</s>
<s id="s128.1">Peroralna uporaba</s>
<s id="s129.1">Velika Britanija</s>
<s id="s130.1">Ingers Industrial Solutions s. r. o.</s>
<s id="s130.2">Jeneweinova 51a 617 00 Brno Češka</s>
<s id="s131.1">Bicalutamide 150 mg Film- coated Tablets</s>
<s id="s132.1">150 mg</s>
<s id="s133.1">Filmsko obložena tableta</s>
<s id="s134.1">Peroralna uporaba</s>
<s id="s135.1">4 DODATEK II</s>
<s id="s136.1">ZNANSTVENI ZAKLJUČKI</s>
<s id="s137.1">5 ZNANSTVENI ZAKLJUČKI</s>
<s id="s138.1">SPLOŠNI POVZETEK ZNANSTVENEGA VREDNOTENJA ZDRAVIL, KI VSEBUJEJO BIKALUTAMID 150 mg</s>
<s id="s139.1">Bikalutamid 150 mg filmsko obložene tablete (Ingers Industrial Solutions s. r. o.) je generično zdravilo, ki vsebuje zdravilno učinkovino bikalutamid.</s>
<s id="s139.2">Bikalutamid je peroralni antiandrogen, ki se uporablja pri zdravljenju lokalno napredovalega raka prostate, in sicer kot takojšnje samostojno zdravljenje ali kot dodatek k zdravljenju z radikalno prostatektomijo ali radioterapijo.</s>
<s id="s140.1">Predlagatelj je predložil vlogo za izdajo dovoljenja za promet v več državah članicah po postopku medsebojnega priznavanja s Češko republiko kot referenčno državo članico.</s>
<s id="s140.2">Postopek napotitve v skladu s členom 29 je bil sprožen zaradi pomislekov Nemčije glede potencialnega tveganja za javno zdravje, in sicer zaradi razmerja med tveganji in koristmi tega zdravila.</s>
<s id="s140.3">Bioekvivalenca med referenčnim in testnim zdravilom je bila v zadostni meri dokazana in v tem postopku napotitve ni bila vprašljiva.</s>
<s id="s141.1">Predmet postopka napotitve v skladu s členom 29 za zdravilo Bicaluplex se nanaša na razmerje med tveganji in koristmi pri obeh indikacijah: zdravljenje lokalno napredovalega raka prostate v obliki monoterapije pri zgodnjem zdravljenju ali kot dodatek k zdravljenju z radioterapijo ali radikalno prostatektomijo pri bolnikih z rakom prostate.</s>
<s id="s141.2">Odbor je ob upoštevanju postopka napotitve za zdravilo Casodex (bikalutamid 150 mg), sproženem v skladu s členom 31 Direktive 2001/ 83/ ES za zdravila, ki vsebujejo bikalutamid, sklenil, da je bikalutamid 150 mg učinkovit pri zdravljenju lokalno napredovalega raka prostate, vendar pa je treba terapevtsko indikacijo omejiti na:</s>
<s id="s141.3">„ Bikalutamid 150 mg je indiciran bodisi samostojno ali kot dodatek k radikalni prostatektomiji ali radioterapiji pri bolnikih z lokalno napredovalim rakom prostate, pri katerih obstaja veliko tveganje za napredovanje bolezni “.</s>
<s id="s141.4">CHMP je nadalje ugotovil, da potencialne povezave med uporabo bikalutamida 150 mg in srčno odpovedjo ni mogoče izključiti, ter zato meni, da so potrebne nadaljnje študije kardiovaskularne obolevnosti in smrtnosti.</s>
<s id="s141.5">CHMP je zaključil, da je razmerje med koristmi in tveganji za zdravila, ki vsebujejo bikalutamid 150 mg, pri usklajeni omejeni indikaciji ugodno.</s>
<s id="s142.1">Na podlagi teh zaključkov je CHMP sklenil, da so generične Bikalutamid 150 mg filmsko obložene tablete (Ingers Industrial Solutions s. r. o.) primerne za registracijo zaradi pozitivnega razmerja med tveganji in koristmi zdravil, ki vsebujejo bikalutamid 150 mg, kot je bilo nedavno ugotovljeno v postopku napotitve v skladu s členom 31 za zdravilo Casodex.</s>
<s id="s143.1">CHMP je zato priporočil ohranitev dovoljenj za promet za vsa zdravila in podelitev dovoljenj za promet za vse vloge iz Dodatka I Mnenja, skladno s spremembami ustreznih poglavij Povzetka glavnih značilnosti zdravila in Navodila za uporabo, kot so navedene v Dodatku III Mnenja.</s>
<s id="s144.1">6 DODATEK III</s>
<s id="s145.1">7 POVZETEK GLAVNIH ZNAČILNOSTI ZDRAVILA, OZNAČEVANJE IN NAVODILO ZA UPORABO</s>
<s id="s146.1">8 POVZETEK GLAVNIH ZNAČILNOSTI ZDRAVILA</s>
<s id="s147.1">9 Veljavno Povzetek glavnih značilnosti zdravila je zadnja različica, ki je bila pripravljena v postopku koordinacijske skupine z naslednjimi dopolnili.</s>
<s id="s148.1">4.</s>
<s id="s148.2">KLINIČNI PODATKI</s>
<s id="s149.1">4. 1 Terapevtske indikacije</s>
<s id="s150.1">Zdravilo Bicaluplex 150 mg tablete je indicirano bodisi kot monoterapija ali kot adjuvantna terapija poleg radikalne prostatektomije ali radioterapije pri bolnikih z lokalno napredovalim rakom prostate z visokim tveganjem napredovanja bolezni (glejte poglavje 5. 1).</s>
<s id="s151.1">5. 1 Farmakodinamične lastnosti</s>
<s id="s152.1">Farmakoterapevtska skupina: antiandrogeni, ATC koda:</s>
<s id="s152.2">L02BB03.</s>
<s id="s152.3">Bikalutamid je nesteroidni antiandrogen brez drugih endokrinih učinkov.</s>
<s id="s152.4">Veže se na androgene receptorje, ne da bi aktiviral gensko ekspresijo, in tako zavira androgeno stimulacijo.</s>
<s id="s152.5">Posledica tega zaviranja je regresija tumorjev prostate.</s>
<s id="s152.6">Prenehanje zdravljenja lahko pri nekaterih bolnikih povzroči „ antiandrogen odtegnitveni sindrom “.</s>
<s id="s153.1">Bikalutamid je racemat, katerega antiandrogeno delovanje je skoraj izključno omejeno na (R) - enantiomer.</s>
<s id="s154.1">Bikalutamid v odmerku 150 mg je bil proučevan kot terapija za bolnike z lokaliziranim (T1- T2, N0 ali NX, M0) ali lokalno napredovalim (T3- T4, katerikoli N, M0; T1- T2, N+, M0) nemetastatskim rakom prostate v kombinirani analizi treh s placebom kontroliranih, dvojno slepih študij pri 8113 bolnikih.</s>
<s id="s154.2">Bikalutamid je bil uporabljen kot takojšnja hormonska terapija ali kot adjuvantna terapija poleg radikalne prostatektomije ali radioterapije (v prvi vrsti z zunanjim obsevanjem).</s>
<s id="s154.3">Po mediano 7, 4 leta spremljanja se je objektivno napredovanje bolezni pojavilo pri 27, 4% vseh bolnikov, ki so prejemali bikalutamid, in pri 30, 7% vseh bolnikov, ki so prejemali placebo.</s>
<s id="s155.1">Tveganje za objektivno napredovanje bolezni se je zmanjšalo v večini skupin bolnikov, najočitneje pa pri bolnikih z najvišjim tveganjem za napredovanje bolezni.</s>
<s id="s155.2">Zato se lahko zdravniki odločijo, da je optimalna medicinska strategija pri bolniku z majhnim tveganjem za napredovanje bolezni, zlasti v adjuvantnih okoliščinah po radikalni prostatektomiji, odložitev hormonskega zdravljenja, dokler se ne pojavijo znaki napredovanja bolezni.</s>
<s id="s156.1">Po mediano 7, 4 leta spremljanja ni bilo razlik v preživetju; umrljivost je bila 22, 9%, (koeficient tveganja[ J1] = 0, 99; 95% interval zaupanja 0, 91 do 1, 09).</s>
<s id="s156.2">Vendar so eksplorativne analize pokazale nekatere trende.</s>
<s id="s157.1">Podatki o preživetju brez napredovanja in celotnem preživetju bolnikov z lokalno napredovalo boleznijo so povzeti v naslednjih dveh preglednicah:</s>
<s id="s158.1">Preglednica 1 Preživetje brez napredovanja pri lokalno napredovali bolezni po terapevtskih podskupinah</s>
<s id="s159.1">Analizirana populacija</s>
<s id="s160.1">Dogodki (%) pri bolnikih, ki so prejemali bikalutamid</s>
<s id="s161.1">Dogodki (%) pri bolnikih, ki so prejemali placebo</s>
<s id="s162.1">Koeficient tveganja (95% IZ)</s>
<s id="s163.1">Nadzorovano opazovanje</s>
<s id="s164.1">193/ 335 (57, 6)</s>
<s id="s165.1">222/ 322 (68, 9)</s>
<s id="s166.1">0, 60 (0, 49 do 0, 73)</s>
<s id="s167.1">Radioterapija Radikalna prostatektomija</s>
<s id="s168.1">66/ 161 (41, 0) 179/ 870 (20, 6)</s>
<s id="s169.1">86/ 144 (59, 7) 213/ 849 (25, 1)</s>
<s id="s170.1">0, 56 (0. 40 do 0, 78) 0, 75 (0, 61 do 0, 91)</s>
<s id="s171.1">Preglednica 2</s>
<s id="s172.1">10</s>
<s id="s173.1">Celotno preživetje pri lokalno napredovali bolezni po terapevtskih podskupinah</s>
<s id="s174.1">Analizirana populacija</s>
<s id="s175.1">Smrti (%) pri bolnikih, ki so prejemali bikalutamid</s>
<s id="s176.1">Smrti (%) pri bolnikih, ki so prejemali placebo</s>
<s id="s177.1">Koeficient tveganja (95% IZ)</s>
<s id="s178.1">Nadzorovano opazovanje</s>
<s id="s179.1">164/ 335 (49, 0)</s>
<s id="s180.1">183/ 322 (56, 8)</s>
<s id="s181.1">0, 81 (0, 66 do 1, 01)</s>
<s id="s182.1">Radioterapija Radikalna prostatektomija</s>
<s id="s183.1">49/ 161 (30, 4) 137/ 870 (15, 7)</s>
<s id="s184.1">61/ 144 (42, 4) 122/ 849 (14, 4)</s>
<s id="s185.1">0, 65 (0, 44 do 0, 95) 1, 09 (0, 85 do 1, 39)</s>
<s id="s186.1">Pri bolnikih z lokalizirano boleznijo, ki so dobivali samo bikalutamid, ni bilo bistvenih razlik pri preživetju brez napredovanja.</s>
<s id="s186.2">Pri teh bolnikih je bil opazen tudi trend zmanjšanega preživetja v primerjavi z bolniki, ki so dobivali placebo (koeficient tveganja=1, 16, 95% IZ 0, 99 do 1, 37).</s>
<s id="s186.3">Glede na to, velja razmerje med koristjo in tveganjem pri tej skupini bolnikov za neugodno.</s>
<s id="s187.1">Učinkovitost 150 mg bikalutamida za zdravljenje lokalno napredovalega karcinoma prostate brez metastaz, za kar je bilo hormonsko zdravljenje primarno indicirano, je bila ovrednotena posebej z uporabo meta analize dveh študij, ki sta zajeli 480 predhodno nezdravljenih bolnikov s karcinomom prostate brez metastaz (M0).</s>
<s id="s187.2">Med skupino, ki je bila zdravljena s 150 mg biklautamidom, in skupino, ki je bila zdravljena s kastracijo, v preživetju (koeficient tveganja=1, 05, (IZ=0, 81- 1, 36), p=0, 669) ali v obdobju do napredovanja (koeficient tveganja=1, 20, (IZ=0, 96- 1, 51), p=0, 107) ni bilo bistvenih razlik.</s>
<s id="s187.3">Glede kvalitete življenja je bil opažen splošni trend v prid bikalutamidu 150 mg v primerjavi s kastracijo.</s>
<s id="s187.4">Podskupine, na katerih so bili podatki pridobljeni, so pokazale značilno večje spolno poželenje (p=0, 029) in boljše zdravstveno stanje (p=0, 046).</s>
<s id="s188.1">Kombinirana analiza dveh kliničnih študij, ki sta zajeli 805 predhodno nezdravljenih bolnikov s karcinomom prostate z zasevki, s pričakovano smrtnostjo 43%, je pokazala, da je zdravljenje s 150 mg bikalutamidom glede preživetja manj učinkovito kot kastracija (koeficient tveganja = 1, 30 [interval zaupanja 1, 04- 1, 65]). Ocenjena razlika je 42 dni, medtem ko je srednji čas preživetja 2 leti.</s>
<s id="s189.1">11 OZNAČEVANJE</s>
<s id="s190.1">12 Veljavno označevanje je zadnja različica, ki je bila pripravljena v postopku koordinacijske skupine.</s>
<s id="s191.1">13 NAVODILO ZA UPORABO</s>
<s id="s192.1">14 Veljavno navodilo za uporabo je zadnja različica, ki je bila pripravljena v postopku koordinacijske skupine z naslednjimi dopolnili.</s>
<s id="s193.1">1.</s>
<s id="s193.2">KAJ JE ZDRAVILO BIKALUTAMID IN ZAKAJ GA UPORABLJAMO</s>
<s id="s194.1">Bikalutamid spada v skupino zdravil, imenovani antiandrogeni.</s>
<s id="s194.2">Antiandrogeni delujejo proti androgenom (moškim spolnim hormonom).</s>
<s id="s195.1">Bikalutamid uporabljamo za zdravljenje odraslih moških z rakom prostate brez zasevkov, kadar kastracija ali drugi načini zdravljenja niso primerni ali sprejemljivi.</s>
<s id="s196.1">V programih zgodnjega zdravljenja se lahko se uporablja v kombinaciji z radioterapijo ali kirurškim posegom na prostati.</s>
<s id="s197.1">15 DODATEK IV</s>
<s id="s198.1">POGOJI DOVOLJENJA ZA PROMET Z ZDRAVILOM</s>
<s id="s199.1">16 POGOJI DOVOLJENJA ZA PROMET Z ZDRAVILOM</s>
<s id="s200.1">Pristojni nacionalni organi, ki jih koordinira referenčna država članica, morajo zagotoviti, da imetniki dovoljenj za promet z zdravilom izpolnijo naslednje pogoje:</s>
<s id="s201.1">- Poleg rutinskih farmakovigilančnih aktivnosti je treba med ugotovljena in potencialna tveganja,</s>
<s id="s202.1">izbrana za podroben nadzor in spremljanje, vključiti odpoved srca, odpoved jeter, intersticijsko pljučno bolezen, rak dojke ter poročila, ki obravnavajo nosečnost pri partnerjih bolnikov, ki jemljejo bikalutamid.</s>
<s id="s203.1">17</s>
</body>
</letsmt>
