<?xml version="1.0" encoding="utf-8"?>
<letsmt version="1.0">
<head></head>
<body>
<s id="s1.1">EU številka</s>
<s id="s2.1">Trgovsko ime</s>
<s id="s3.1">Jakost</s>
<s id="s4.1">Farmacevtska oblika</s>
<s id="s5.1">Ciljna živalska vrsta</s>
<s id="s6.1">Način uporabe zdravila</s>
<s id="s7.1">Ovojnina</s>
<s id="s8.1">Vsebina</s>
<s id="s9.1">Velikost pakiranja</s>
<s id="s10.1">3 ml steklene viale tipa I</s>
<s id="s11.1">EU/ 02/ 04/ 046/ 001</s>
<s id="s12.1">Nobivac</s>
<s id="s13.1">606 (301 -</s>
<s id="s14.1">Liofilizirani</s>
<s id="s15.1">Psi</s>
<s id="s16.1">Podkožna</s>
<s id="s17.1">Kartonasta</s>
<s id="s18.1">1 viala</s>
<s id="s19.1">(Ph. Eur.) nepredušno</s>
<s id="s20.1">Piro</s>
<s id="s21.1">911) skupne</s>
<s id="s22.1">prašek + vehikel</s>
<s id="s23.1">uporaba</s>
<s id="s24.1">škatla</s>
<s id="s25.1">liofiliziranega</s>
<s id="s26.1">zaprto z gumijastim</s>
<s id="s27.1">enote</s>
<s id="s28.1">za suspenzijo za</s>
<s id="s29.1">antigena in 1 viala</s>
<s id="s30.1">zamaškom in</s>
<s id="s31.1">antigene</s>
<s id="s32.1">injiciranje</s>
<s id="s33.1">adjuvansa na</s>
<s id="s34.1">aluminijsko zaporko</s>
<s id="s35.1">mase</s>
<s id="s36.1">vodni osnovi</s>
<s id="s37.1">EU/ 02/ 04/ 046/ 002</s>
<s id="s38.1">Nobivac Piro</s>
<s id="s39.1">606 (301 - 911) skupne enote antigene mase</s>
<s id="s40.1">Liofilizirani prašek + vehikel za suspenzijo za injiciranje</s>
<s id="s41.1">Psi</s>
<s id="s42.1">Podkožna uporaba</s>
<s id="s43.1">Kartonasta škatla</s>
<s id="s44.1">5 vial liofiliziranega antigena in 5 vial adjuvansa na vodni osnovi</s>
<s id="s45.1">3 ml steklene viale tipa I (Ph. Eur.) nepredušno zaprto z gumijastim zamaškom in aluminijsko zaporko</s>
<s id="s46.1">EU/ 02/ 04/ 046/ 003</s>
<s id="s47.1">Nobivac Piro</s>
<s id="s48.1">606 (301 - 911) skupne enote antigene mase</s>
<s id="s49.1">Liofilizirani prašek + vehikel za suspenzijo za injiciranje</s>
<s id="s50.1">Psi</s>
<s id="s51.1">Podkožna uporaba</s>
<s id="s52.1">Kartonasta škatla</s>
<s id="s53.1">10 vial liofiliziranega antigena in 10 vial adjuvansa na vodni osnovi</s>
<s id="s54.1">3 ml steklene viale tipa I (Ph. Eur.) nepredušno zaprto z gumijastim zamaškom in aluminijsko zaporko</s>
<s id="s55.1">CVMP/ 590/ 04</s>
<s id="s56.1">1/ 1</s>
<s id="s57.1">EMEA 2004</s>
</body>
</letsmt>
