<?xml version="1.0" encoding="utf-8"?>
<letsmt version="1.0">
<head></head>
<body>
<s id="s1.1">ANNEX I</s>
<s id="s2.1">LIST OF THE NAMES, PHARMACEUTICAL FORMS, STRENGTHS, ANIMAL SPECIES, FREQUENCY AND ROUTES OF ADMINISTRATION, RECOMMENDED DOSES, WITHDRAWAL PERIODS AND MARKETING AUTHORISATION HOLDERS IN THE MEMBER STATES CONCERNED BY THE REFERRAL</s>
<s id="s3.1">EN 1/ 8 Member</s>
<s id="s4.1">Marketing</s>
<s id="s5.1">Invented</s>
<s id="s6.1">Pharmaceutical</s>
<s id="s7.1">Strength</s>
<s id="s8.1">Animal species</s>
<s id="s9.1">Frequency and</s>
<s id="s10.1">Recommended dose</s>
<s id="s11.1">Withdrawal period</s>
<s id="s12.1">State</s>
<s id="s13.1">Authorisation</s>
<s id="s14.1">name</s>
<s id="s15.1">form</s>
<s id="s16.1">route of</s>
<s id="s17.1">(meat and milk)</s>
<s id="s18.1">Holder</s>
<s id="s19.1">administration</s>
<s id="s20.1">Czech Republic</s>
<s id="s21.1">Virbac S. A.</s>
<s id="s21.2">1ere Avenue 2056 M Lid 06516 Carros Cedex France</s>
<s id="s22.1">Suramox 15% LA</s>
<s id="s23.1">Suspension for injection</s>
<s id="s24.1">150 mg/ ml</s>
<s id="s25.1">Cattle, pigs</s>
<s id="s26.1">Two intramuscular injections at 48 hours interval</s>
<s id="s27.1">15 mg amoxicillin/ kg bw (equivalent to 1ml/ 10 kg)</s>
<s id="s28.1">Meat and offal:</s>
<s id="s28.2">Cattle:</s>
<s id="s28.3">58 days Pigs:</s>
<s id="s28.4">35 days Milk:</s>
<s id="s28.5">2.5 days</s>
<s id="s29.1">Spain1</s>
<s id="s30.1">Virbac S. A.</s>
<s id="s30.2">1ere Avenue 2056 M Lid 06516 Carros Cedex France</s>
<s id="s31.1">Stabox 15% LA</s>
<s id="s32.1">Suspension for injection</s>
<s id="s33.1">150 mg/ ml</s>
<s id="s34.1">Cattle, pigs</s>
<s id="s35.1">Two intramuscular injections at 48 hours interval</s>
<s id="s36.1">15 mg amoxicillin/ kg bw (equivalent to 1ml/ 10 kg)</s>
<s id="s37.1">Meat and offal:</s>
<s id="s37.2">Cattle:</s>
<s id="s37.3">58 days Pigs:</s>
<s id="s37.4">35 days Milk:</s>
<s id="s37.5">2.5 days</s>
<s id="s38.1">Italy</s>
<s id="s39.1">Virbac S. A.</s>
<s id="s39.2">1ere Avenue 2056 M Lid 06516 Carros Cedex France</s>
<s id="s40.1">Stabox 15% LA</s>
<s id="s41.1">Suspension for injection</s>
<s id="s42.1">150 mg/ ml</s>
<s id="s43.1">Cattle, pigs</s>
<s id="s44.1">Two intramuscular injections at 48 hours interval</s>
<s id="s45.1">15 mg amoxicillin/ kg bw (equivalent to 1ml/ 10 kg)</s>
<s id="s46.1">Meat and offal:</s>
<s id="s46.2">Cattle:</s>
<s id="s46.3">58 days Pigs:</s>
<s id="s46.4">35 days Milk:</s>
<s id="s46.5">2.5 days</s>
<s id="s47.1">France2</s>
<s id="s48.1">Virbac S. A.</s>
<s id="s48.2">1ere Avenue 2056 M Lid 06516 Carros Cedex France</s>
<s id="s49.1">Suramox 15% LA</s>
<s id="s50.1">Suspension for injection</s>
<s id="s51.1">150 mg/ ml</s>
<s id="s52.1">Cattle, pigs</s>
<s id="s53.1">Two intramuscular injections at 48 hours interval</s>
<s id="s54.1">15 mg amoxicillin/ kg bw (equivalent to 1ml/ 10 kg)</s>
<s id="s55.1">Meat and offal:</s>
<s id="s55.2">Cattle:</s>
<s id="s55.3">58 days Pigs:</s>
<s id="s55.4">35 days Milk:</s>
<s id="s55.5">2.5 days</s>
<s id="s56.1">1 Marketing Authorisation pending 2 Reference Member State for the Mutual recognition Procedure</s>
<s id="s57.1">EN</s>
<s id="s58.1">ANNEX II</s>
<s id="s59.1">2/ 8</s>
<s id="s60.1">SCIENTIFIC CONCLUSIONS AND GROUNDS FOR SUSPENSION OF THE MARKETING AUTHORISATIONS</s>
<s id="s61.1">EN 3/ 8 SCIENTIFIC CONCLUSIONS</s>
<s id="s62.1">OVERALL SUMMARY OF THE SCIENTIFIC EVALUATION OF SURAMOX 15% LA3</s>
<s id="s63.1">1.</s>
<s id="s63.2">Introduction Suramox 15% LA contains amoxicillin which is a beta lactam antibiotic belonging to the group of penicillins.</s>
<s id="s63.3">Amoxicillin was previously evaluated by the CVMP together with other penicillins, in order to establish maximum residue limits (MRLs).</s>
<s id="s63.4">However an ADI for penicillins was not established.</s>
<s id="s63.5">Benzylpenicillin was considered by the Joint FAO/ WHO Expert Committee on Food Additives (JECFA) at its 36th meeting in 1990.</s>
<s id="s63.6">Several cases of allergic reactions in humans following the ingestion of food containing penicillin residues were reviewed.</s>
<s id="s63.7">Reports of further cases, which were not available to JECFA, had also been reported in the published literature.</s>
<s id="s63.8">It was evident that penicillin residues have caused allergic reactions in consumers and that some of these reactions have been serious.</s>
<s id="s63.9">In setting maximum residue limits (MRLs) for the penicillins, the CVMP adopted the same approach as the Joint FAO/ WHO Expert Committee on Food Additives (JECFA).</s>
<s id="s63.10">Being aware of cases of allergic reactions at very low doses, JECFA recommended that the daily intake of benzylpenicillin from food be kept as low as practicable, and in any case below 30 µg parent drug per person.</s>
<s id="s63.11">The CVMP set MRLs such that consumer intake from all foods would not exceed this 30 µg threshold.</s>
<s id="s63.12">Thus, the MRLs established by the CVMP for benzylpenicillin were 50 µg/ kg for edible tissues.</s>
<s id="s63.13">On this basis MRLs for amoxicillin and other penicillins were proposed by the CVMP, and amoxicillin is currently entered in Annex I of Council Regulation (EEC) No 2377/ 90, in accordance with the following table:</s>
<s id="s64.1">Pharmacologically</s>
<s id="s65.1">Marker</s>
<s id="s66.1">Animal</s>
<s id="s67.1">MRLs</s>
<s id="s68.1">Target</s>
<s id="s69.1">Other</s>
<s id="s70.1">active substance</s>
<s id="s71.1">residue</s>
<s id="s72.1">species</s>
<s id="s73.1">tissue</s>
<s id="s74.1">provisions</s>
<s id="s75.1">Amoxicillin Amoxicillin</s>
<s id="s76.1">All food producing species</s>
<s id="s77.1">50 µg/ kg 50 µg/ kg 50 µg/ kg 50 µg/ kg 4 µg/ kg</s>
<s id="s78.1">Muscle Fat Liver Kidney Milk</s>
<s id="s79.1">2.</s>
<s id="s79.2">Assessment of residue depletion studies initially submitted For the referral procedure, the MAH presented one residue study in cattle and one in pigs.</s>
<s id="s79.3">In cattle ten male and ten female (body weight:</s>
<s id="s79.4">184 ± 24 kg) were given two intramuscular injections with Suramox 15% LA at a dose of 15 mg/ kg bw (1 ml per 10 kg).</s>
<s id="s79.5">The first injection was given in the muscles of the left side of the neck, the second injection was given 48 hours later in the right side of the neck.</s>
<s id="s79.6">Injection volumes ranged from 15.0 to 25.9 ml.</s>
<s id="s79.7">Groups of 4 animals (2 male and 2 female) were slaughtered at 1, 7, 14, 21, and 36 days after the final injection.</s>
<s id="s79.8">At slaughter, the left (first) injection site was taken for local tolerance assessment.</s>
<s id="s79.9">In addition, samples were taken from muscle (mixed sample of hindquarter/ forequarter muscle), fat (mixed sample of perirenal/ omental fat), the entire liver, both kidneys, and the right (final) injection site (approximate dimensions of 10 cm diameter and 6 cm depth).</s>
<s id="s79.10">These samples were chilled, homogenised and stored at -80°C until analysis 4 to 6 months later (storage stability confirmed).</s>
<s id="s79.11">All samples were analysed for amoxicillin concentrations using an HPLC-UV method with a claimed limit of quantification of 25 µg/ kg for all tissues.</s>
<s id="s80.1">3 Or variations of that name as referred to in Annex I</s>
<s id="s81.1">EN</s>
<s id="s82.1">4/ 8</s>
<s id="s83.1">The injection sites contained the highest residue concentrations followed by kidney.</s>
<s id="s83.2">In the injection sites, the amoxicillin concentrations were 5822 to 149831 µg/ kg at day 1, below the limit of quantification to 21724 µg/ kg at day 7, below the limit of quantification to 1651 µg/ kg at day 14, below the limit of quantification to 472 µg/ kg at day 21 and below the limit of quantification to 162 µg/ kg at day 36.</s>
<s id="s83.3">In pigs ten male and ten female (bw 42 ± 7 kg) were given two intramuscular injections with Suramox 15% LA at a dose of 15 mg/ kg bw (1 ml per 10 kg).</s>
<s id="s83.4">The first injection was given in the muscles of the left side of the neck, the second injection was given 48 hours later in the right side of the neck.</s>
<s id="s83.5">Injection volumes ranged from 2.88 to 5.52 ml.</s>
<s id="s83.6">Groups of 4 animals (2 male, 2 female) were slaughtered at 1, 7, 14, 21, and 27 days after the final injection.</s>
<s id="s83.7">At slaughter, the left (first) injection site was taken for local tolerance assessment.</s>
<s id="s83.8">In addition, samples were taken from muscle (mixed sample of hindquarter/ forequarter muscle), skin+fat in natural proportions, the entire liver, both kidneys, and the right (final) injection site (approximate dimensions of 10 cm diameter and 6 cm depth).</s>
<s id="s83.9">These samples were chilled, homogenized and stored at -80°C until analysis 4 to 6 months later; the storage stability was confirmed.</s>
<s id="s83.10">All samples were analysed for amoxicillin concentrations using an HPLC-UV method (HPLC-fluorescence for liver) with a claimed limit of quantification of 25 µg/ kg for all tissues.</s>
<s id="s83.11">The injection sites contained the highest residue concentrations followed by kidney.</s>
<s id="s83.12">However, the residue depletion profile in kidney indicated a non-regular profile.</s>
<s id="s83.13">In the injection sites, the amoxicillin concentrations were 14209 to 109535 µg/ kg at day 1, 358 to 5429 µg/ kg at day 7, 182 to 2816 µg/ kg at day 14, below the limit of quantification to 211 µg/ kg at day 21 and below the limit of quantification to 38 µg/ kg at day 27.</s>
<s id="s83.14">In kidney, amoxicillin concentrations were 5446 to 9896 µg/ kg at day 1, 45 to 811 µg/ kg at day 7, below the limit of quantification at day 14, below the limit of quantification to 180 µg/ kg at day 21 and below the limit of quantification to 62 µg/ kg at day 27.</s>
<s id="s83.15">2.1 Calculation of withdrawal periods for Suramox 15% LA The MAH initially provided residue data in cattle and pigs using the product under consideration at the recommended dose treatment.</s>
<s id="s83.16">The data generated from these studies however, did not allow, at that stage, to establish withdrawal periods for cattle or pigs with the desired level of reliability.</s>
<s id="s83.17">For cattle the injection site was the withdrawal time determining tissue and the residue concentrations of amoxicillin in the injection sites were still above the MRL at the last slaughter time point.</s>
<s id="s83.18">Neither the statistical (large extrapolation) nor the alternative approach (values above the MRL at the last time point) could be applied to the data provided, and therefore a withdrawal period could not be set according to the “ Note for guidance:</s>
<s id="s83.19">Approach towards harmonisation of withdrawal periods ” (EMEA/ CVMP/ 036/ 95-FINAL).</s>
<s id="s83.20">In addition the data were derived from animals weighting approximately 200 kg and receiving only one injection per dose administration, which are not necessarily representative of heavier animals requiring multiple injections.</s>
<s id="s83.21">In addition the analytical method for the determination of the residues was not sufficiently validated.</s>
<s id="s83.22">For pigs of 40-50 kg, it was possible to derive a withdrawal period of 35 days based on injection site residues.</s>
<s id="s83.23">However, the residues in kidney showed an irregular depletion profile and concentrations above the MRL were still observed at the last slaughter time point.</s>
<s id="s83.24">Therefore kidney was considered the tissue determining the withdrawal period.</s>
<s id="s83.25">The data available did not allow establishing a reliable withdrawal period based on residues in kidney by either the statistical or the alternative method.</s>
<s id="s84.1">3.</s>
<s id="s84.2">Re-examination of the opinion In the detailed grounds for the re-examination of the opinion the MAH argued that the three out of eight kidney samples with amoxicillin concentrations higher than the MRL at 21 and 27 days after the last administration should be considered artefacts because of the abnormal kinetic depletion residue profile.</s>
<s id="s85.1">EN 5/ 8 Whilst the finding of amoxicillin concentrations above the MRL at two time points following the apparent clear result at 14 days could be an artefact, it could equally be argued that it was the results at 14 days that proved unreliable.</s>
<s id="s85.2">Considering that the study was GLP-compliant, the CVMP cannot lightly dismiss the results in question, especially as there were a total of three ‘ positive’ samples found.</s>
<s id="s85.3">The MAH further argued that the method used was probably not robust enough and cited a recent publication that mentions the need for deproteinization steps to improve method recovery.</s>
<s id="s85.4">Assuming the MAH has a valid scientific point, and thus the method should have included an additional clean-up step to improve recovery, the weakness of this argument was that all sample results could therefore be understated.</s>
<s id="s85.5">Furthermore, the method provided was validated over a range using fortified samples.</s>
<s id="s85.6">As the validation data fell within accepted specifications, the CVMP could not agree that it was appropriate to simply dismiss the findings above the MRL as artefacts.</s>
<s id="s85.7">The MAH finally argued that the fluorimetric method used was capable of detecting residues of amoxicillin degradation products, and thus, the concentrations reported may have been overestimated.</s>
<s id="s85.8">As a validated method was used with appropriate controls, the CVMP did not consider it appropriate to invalidate the method whilst arguing for its validity for all other results.</s>
<s id="s86.1">4.</s>
<s id="s86.2">Assessment of new data further to the request for re-consideration by the European Commission One new GLP-study in cattle and two complementary GLP-residue studies in pigs were submitted during the procedure for the reconsideration of the opinion.</s>
<s id="s86.3">Sixteen cattle were slaughtered at 7, 14, 46 and 57 days after treatment with Suramox.</s>
<s id="s86.4">Residues in muscle, fat, liver and kidney were below the MRL at all time points.</s>
<s id="s86.5">Residues in the injection sites were high and still up to 5 times above the muscle MRL at the latest time point.</s>
<s id="s86.6">Sixteen pigs were slaughtered at 7, 14, 21 and 27 days after treatment with Suramox.</s>
<s id="s86.7">Residues in muscle, fat and liver were below the MRL at all time points.</s>
<s id="s86.8">Residues in kidney ranged from below the limit of quantification to 150 µg/ kg at 7 days and were below the limit of quantification at later time points.</s>
<s id="s86.9">Residues at the injection sites were high and still up to 5 times above the muscle MRL at the latest time point.</s>
<s id="s86.10">In a complementary study, eight pigs were slaughtered at 30 and 36 days after treatment with Suramox.</s>
<s id="s86.11">Only residues at the injection sites were investigated.</s>
<s id="s86.12">The results reported indicated residue values below the muscle MRL at all time points except for 1 animal at the last time point, which had a concentration of 6 times above the muscle MRL.</s>
<s id="s86.13">For one animal the result at 30 days was not reported.</s>
<s id="s87.1">5.</s>
<s id="s87.2">Establishment of the withdrawal period following consideration of all residue studies for pigs and cattle available With the submission of the new residue study for cattle the MAH proposed a withdrawal period of 96 days based on the statistical method.</s>
<s id="s87.3">When providing oral explanations to the Committee concerning the new data submitted the MAH agreed however that withdrawal periods for cattle could not be set on the basis of the data available.</s>
<s id="s87.4">The CVMP concluded that the statistical method could not be used based on the data of the new study provided.</s>
<s id="s87.5">An alternative method could not be used because at the last time point residue concentrations at the injection site were up to 5 times the MRL for muscle.</s>
<s id="s87.6">With the submission of the new residue studies for pigs the MAH proposed a withdrawal period of 38 days based on the two studies provided.</s>
<s id="s88.1">EN 6/ 8 The CVMP noted that the MAH excluded two observations as being outliers when calculating the withdrawal period.</s>
<s id="s88.2">The CVMP concluded that this was not scientifically justified.</s>
<s id="s88.3">The statistical nor the alternative method could be used as at the last time point residues at the injection site were up to 6 times the MRL for muscle.</s>
<s id="s88.4">From the original residue depletion study in pigs, the CVMP concluded that the kidney was the limiting tissue for the establishment of a withdrawal period.</s>
<s id="s88.5">However, taking into account also the two new residue depletion studies in pigs, the CVMP concludes that the totality of the data indicates that the residue depletion at the injection site will determine the withdrawal period.</s>
<s id="s88.6">Therefore withdrawal periods for cattle and pigs could not be recommended.</s>
<s id="s89.1">EN 7/ 8 GROUNDS FOR SUSPENSION OF THE MARKETING AUTHORISATIONS</s>
<s id="s90.1">Whereas:</s>
<s id="s91.1">- the CVMP considered the referral made under Article 35 of Directive 2001/ 82/ EC in the interest of</s>
<s id="s92.1">the Community regarding consumer safety for national marketing authorisations for Suramox 15% LA or variations of that name as referred to in Annex I;</s>
<s id="s93.1">- the CVMP assessed the information provided by the Marketing Authorisation Holder in response</s>
<s id="s94.1">to the list of questions agreed by the CVMP, the argumentation provided by the Marketing Authorisation Holder in support of the request for the re-examination of the opinion and new residue data made available by the Marketing Authorisation Holder during the re-consideration of the opinion requested by the European Commission;</s>
<s id="s95.1">- the CVMP considered that based on the residue depletion data provided concerning the depletion</s>
<s id="s96.1">of residues of amoxicillin when administered by injection it was not possible to establish a withdrawal period for cattle and pigs as:</s>
<s id="s97.1">o in cattle, residue concentration at the injection site were still above the MRL at the last slaughter time point; o in pigs, residue concentrations in kidneys were still above the MRL at the last slaughter time point;</s>
<s id="s98.1">- the CVMP, having considered the data provided concluded that the currently established</s>
<s id="s99.1">withdrawal periods for cattle and pigs are inadequate to ensure that foodstuffs obtained from the treated animals do not contain residues which might constitute a health hazard to the consumer; the CVMP recommends the suspension of the marketing authorisations for Suramox 15% LA or variations of that name as referred in Annex I, presented as injectable suspension for pigs and cattle.</s>
<s id="s99.2">In order to consider lifting the suspension of the marketing authorisations residue depletion data on later time points allowing to establish withdrawal periods for both cattle and pigs meat and offal would be necessary.</s>
<s id="s99.3">In order to ensure a harmonised conclusion on the establishment of the withdrawal periods, it is highly recommended that any new residue depletion studies intended for the lifting of the suspensions of the marketing authorisations are submitted to the CVMP for assessment.</s>
<s id="s100.1">EN 8/ 8</s>
</body>
</letsmt>
