<?xml version="1.0" encoding="utf-8"?>
<letsmt version="1.0">
<head></head>
<body>
<s id="s1.1">European Medicines Agency Veterinary Medicines</s>
<s id="s2.1">EMEA/ V/ C/ 047</s>
<s id="s3.1">EUROPEAN PUBLIC ASSESSMENT REPORT (EPAR)</s>
<s id="s4.1">INCURIN</s>
<s id="s5.1">EPAR summary for the public</s>
<s id="s6.1">This document is a summary of the European Public Assessment Report.</s>
<s id="s6.2">Its purpose is to explain how the assessment done by the Committee for Medicinal Products for Veterinary Use (CVMP) on the basis of the documentation provided, led to the recommendations on the conditions of use.</s>
<s id="s6.3">This document cannot replace a face-to-face discussion with your veterinarian.</s>
<s id="s6.4">If you need more information about your animal’ s medical condition or treatment, contact your veterinarian.</s>
<s id="s6.5">If you want more information on the basis of the CVMP recommendations, read the Scientific Discussion (also part of the EPAR).</s>
<s id="s7.1">What is Incurin?</s>
<s id="s7.2">Incurin is a tablet containing the natural hormone estriol as active substance.</s>
<s id="s8.1">What is Incurin used for?</s>
<s id="s8.2">Incurin is used for the treatment of hormone-dependent urinary incontinence resulting from sphincter mechanism incompetence (SMI) in ovariohysterectomised bitches (i. e. in dogs having had the ovaries and uterus removed surgically).</s>
<s id="s9.1">As the sensitivity of incontinent dogs to estriol is variable, the dose has to be determined on an individual basis.</s>
<s id="s9.2">For advise on dosing please see the Package Leaflet.</s>
<s id="s10.1">How does Incurin work?</s>
<s id="s10.2">Estriol contained in Incurin is a short-acting natural oestrogen which binds to the oestrogen receptor.</s>
<s id="s10.3">The term urinary incontinence is used to describe the condition of involuntary leakage of urine.</s>
<s id="s10.4">It is known to occur in bitches, with the incidence being highest after ovariectomy.</s>
<s id="s10.5">This condition is accompanied with a decrease of the endogenous oestrogen production.</s>
<s id="s10.6">Scientific findings strongly suggest a relationship between the incidence of urinary incontinence and oestrogen depletion.</s>
<s id="s10.7">Oestrogen receptors can be found in the urethral sphincter, where oestrogens induce a full response, this way improving urethral closure and bladder storage.</s>
<s id="s11.1">How has Incurin been studied?</s>
<s id="s11.2">Incurin has been studied in bitches in three large field trials.</s>
<s id="s11.3">During the studies repeated administration of up to 2mg estriol per dog produced beneficial effects in bitches showing involuntary leakage of urine.</s>
<s id="s11.4">The studies also established that there is no apparent relationship between the dosage and the body weight of the dog – therefore the dosing has to be decided on an individual basis.</s>
<s id="s12.1">7 Westferry Circus, Canary Wharf, London E14 4HB, UK Tel.</s>
<s id="s12.2">(44-20) 74 18 84 00 Fax (44-20) 74 18 84 47 E-mail: mail@emea. europa. eu http: / /www. emea. europa. eu © European Medicines Agency, 2008.</s>
<s id="s12.3">Reproduction is authorised provided the source is acknowledged.</s>
<s id="s12.4">What benefit has Incurin shown during the studies?</s>
<s id="s12.5">The majority of bitches involved in the studies responded positively: they became continent, and remained that way in the long term.</s>
<s id="s12.6">The results show that Incurin is efficient and safe to use against urinary incontinence due to SMI in ovariohysterectomised dogs.</s>
<s id="s13.1">What is the risk associated with Incurin?</s>
<s id="s13.2">Incurin is not to be used in intact bitches, as the efficacy has only been established in ovariohysterectomised bitches.</s>
<s id="s13.3">Animals showing a polyuria-polydipsia (excessive water intake and consequent excretion of a large volume of urine) should also not be treated with this product.</s>
<s id="s13.4">Effects typical to oestrogens such as swollen vulva, swollen mammary glands and/ or attractiveness to males and vomiting have been observed at the highest recommended dose of 2 mg per dog.</s>
<s id="s13.5">The incidence is about 5-9%.</s>
<s id="s13.6">These effects are reversible after lowering the dose.</s>
<s id="s13.7">In rare cases vaginal bleeding occurred.</s>
<s id="s13.8">In very rare cases development of alopecia (loss of hair) has also been observed.</s>
<s id="s14.1">What are the precautions for the person who gives the medicine or comes into contact with the animal?</s>
<s id="s14.2">No special precautions are necessary when administering Incurin.</s>
<s id="s15.1">Why has Incurin been approved?</s>
<s id="s15.2">The Committee for Medicinal Products for Veterinary Use (CVMP) concluded that the benefits of Incurin excede the risks for the treatment of hormone-dependent urinary incontinence due to sphincter mechanism incompetence in ovariohysterectomised bitches, and recommended that Incurin be given a marketing authorisation.</s>
<s id="s15.3">The benefit-risk balance may be found in module 6 of this EPAR.</s>
<s id="s16.1">Other information about Incurin:</s>
<s id="s16.2">The European Commission granted a marketing authorisation valid throughout the European Union for Incurin to Intervet International B. V. on 24 March 2000 and renewed in it 2005.</s>
<s id="s16.3">Information on the prescription status of this product may be found on the label/ outer package.</s>
<s id="s17.1">This summary was last updated in April 2008.</s>
<s id="s18.1">Page 2/ 2 ©EMEA 2008</s>
</body>
</letsmt>
