<?xml version="1.0" encoding="utf-8"?>
<text>
<p id="1">
<s id="s1.1">
 <w id="w1.1.1">European</w> 
 <w id="w1.1.2">Medicines</w> 
 <w id="w1.1.3">Agency</w>
</s></p>

<p id="2">
<s id="s2.1">
 <w id="w2.1.1">EMEA/</w>
 <w id="w2.1.2">H/</w>
 <w id="w2.1.3">C/</w>
 <w id="w2.1.4">564</w>
</s></p>

<p id="3">
<s id="s3.1">
 <w id="w3.1.1">EVROPSKO</w> 
 <w id="w3.1.2">JAVNO</w> 
 <w id="w3.1.3">POROČILO</w> 
 <w id="w3.1.4">O</w> 
 <w id="w3.1.5">OCENI</w> 
 <w id="w3.1.6">ZDRAVILA</w> 
 <w id="w3.1.7">(</w>
 <w id="w3.1.8">EPAR</w>
 <w id="w3.1.9">)</w>
</s></p>

<p id="4">
<s id="s4.1">
 <w id="w4.1.1">ALIMTA</w>
</s></p>

<p id="5">
<s id="s5.1">
 <w id="w5.1.1">Povzetek</w> 
 <w id="w5.1.2">EPAR</w> 
 <w id="w5.1.3">za</w> 
 <w id="w5.1.4">javnost</w>
</s></p>

<p id="6">
<s id="s6.1">
 <w id="w6.1.1">Ta</w> 
 <w id="w6.1.2">dokument</w> 
 <w id="w6.1.3">je</w> 
 <w id="w6.1.4">povzetek</w> 
 <w id="w6.1.5">evropskega</w> 
 <w id="w6.1.6">javnega</w> 
 <w id="w6.1.7">poročila</w> 
 <w id="w6.1.8">o</w> 
 <w id="w6.1.9">oceni</w> 
 <w id="w6.1.10">zdravila</w> 
 <w id="w6.1.11">(</w>
 <w id="w6.1.12">EPAR</w>
 <w id="w6.1.13">)</w>
 <w id="w6.1.14">.</w>
</s> 
 
<s id="s6.2">
 <w id="w6.2.1">Pojasnjuje</w>
 <w id="w6.2.2">,</w> 
 <w id="w6.2.3">kako</w> 
 <w id="w6.2.4">je</w> 
 <w id="w6.2.5">Odbor</w> 
 <w id="w6.2.6">za</w> 
 <w id="w6.2.7">zdravila</w> 
 <w id="w6.2.8">za</w> 
 <w id="w6.2.9">uporabo</w> 
 <w id="w6.2.10">v</w> 
 <w id="w6.2.11">humani</w> 
 <w id="w6.2.12">medicini</w> 
 <w id="w6.2.13">(</w>
 <w id="w6.2.14">CHMP</w>
 <w id="w6.2.15">)</w> 
 <w id="w6.2.16">ocenil</w> 
 <w id="w6.2.17">opravljene</w> 
 <w id="w6.2.18">študije</w>
 <w id="w6.2.19">,</w> 
 <w id="w6.2.20">na</w> 
 <w id="w6.2.21">podlagi</w> 
 <w id="w6.2.22">katerih</w> 
 <w id="w6.2.23">je</w> 
 <w id="w6.2.24">oblikoval</w> 
 <w id="w6.2.25">priporočila</w> 
 <w id="w6.2.26">glede</w> 
 <w id="w6.2.27">uporabe</w> 
 <w id="w6.2.28">zdravila</w>
 <w id="w6.2.29">.</w>
</s> 
 
<s id="s6.3">
 <w id="w6.3.1">Če</w> 
 <w id="w6.3.2">potrebujete</w> 
 <w id="w6.3.3">več</w> 
 <w id="w6.3.4">informacij</w> 
 <w id="w6.3.5">o</w> 
 <w id="w6.3.6">svojem</w> 
 <w id="w6.3.7">zdravstvenem</w> 
 <w id="w6.3.8">stanju</w> 
 <w id="w6.3.9">ali</w> 
 <w id="w6.3.10">zdravljenju</w>
 <w id="w6.3.11">,</w> 
 <w id="w6.3.12">preberite</w> 
 <w id="w6.3.13">navodilo</w> 
 <w id="w6.3.14">za</w> 
 <w id="w6.3.15">uporabo</w> 
 <w id="w6.3.16">(</w>
 <w id="w6.3.17">ki</w> 
 <w id="w6.3.18">je</w> 
 <w id="w6.3.19">prav</w> 
 <w id="w6.3.20">tako</w> 
 <w id="w6.3.21">del</w> 
 <w id="w6.3.22">EPAR</w>
 <w id="w6.3.23">)</w> 
 <w id="w6.3.24">ali</w> 
 <w id="w6.3.25">se</w> 
 <w id="w6.3.26">posvetujte</w> 
 <w id="w6.3.27">s</w> 
 <w id="w6.3.28">svojim</w> 
 <w id="w6.3.29">zdravnikom</w> 
 <w id="w6.3.30">ali</w> 
 <w id="w6.3.31">farmacevtom</w>
 <w id="w6.3.32">.</w>
</s> 
 
<s id="s6.4">
 <w id="w6.4.1">Če</w> 
 <w id="w6.4.2">želite</w> 
 <w id="w6.4.3">več</w> 
 <w id="w6.4.4">informacij</w>
 <w id="w6.4.5">,</w> 
 <w id="w6.4.6">ki</w> 
 <w id="w6.4.7">temeljijo</w> 
 <w id="w6.4.8">na</w> 
 <w id="w6.4.9">priporočilih</w> 
 <w id="w6.4.10">CHMP</w>
 <w id="w6.4.11">,</w> 
 <w id="w6.4.12">preberite</w> 
 <w id="w6.4.13">znanstveno</w> 
 <w id="w6.4.14">razpravo</w> 
 <w id="w6.4.15">(</w>
 <w id="w6.4.16">ki</w> 
 <w id="w6.4.17">je</w> 
 <w id="w6.4.18">prav</w> 
 <w id="w6.4.19">tako</w> 
 <w id="w6.4.20">del</w> 
 <w id="w6.4.21">EPAR</w>
 <w id="w6.4.22">)</w>
 <w id="w6.4.23">.</w>
</s></p>

<p id="7">
<s id="s7.1">
 <w id="w7.1.1">Kaj</w> 
 <w id="w7.1.2">je</w> 
 <w id="w7.1.3">zdravilo</w> 
 <w id="w7.1.4">Alimta</w>
 <w id="w7.1.5">?</w>
</s> 
 
<s id="s7.2">
 <w id="w7.2.1">Zdravilo</w> 
 <w id="w7.2.2">Alimta</w> 
 <w id="w7.2.3">je</w> 
 <w id="w7.2.4">prašek</w> 
 <w id="w7.2.5">za</w> 
 <w id="w7.2.6">pripravo</w> 
 <w id="w7.2.7">raztopine</w> 
 <w id="w7.2.8">za</w> 
 <w id="w7.2.9">infundiranje</w> 
 <w id="w7.2.10">(</w>
 <w id="w7.2.11">dajanje</w> 
 <w id="w7.2.12">v</w> 
 <w id="w7.2.13">veno</w>
 <w id="w7.2.14">)</w>
 <w id="w7.2.15">.</w>
</s> 
 
<s id="s7.3">
 <w id="w7.3.1">Vsebuje</w> 
 <w id="w7.3.2">zdravilno</w> 
 <w id="w7.3.3">učinkovino</w> 
 <w id="w7.3.4">pemetreksed</w>
 <w id="w7.3.5">.</w>
</s></p>

<p id="8">
<s id="s8.1">
 <w id="w8.1.1">Za</w> 
 <w id="w8.1.2">kaj</w> 
 <w id="w8.1.3">se</w> 
 <w id="w8.1.4">zdravilo</w> 
 <w id="w8.1.5">Alimta</w> 
 <w id="w8.1.6">uporablja</w>
 <w id="w8.1.7">?</w>
</s> 
 
<s id="s8.2">
 <w id="w8.2.1">Zdravilo</w> 
 <w id="w8.2.2">Alimta</w> 
 <w id="w8.2.3">se</w> 
 <w id="w8.2.4">uporablja</w> 
 <w id="w8.2.5">za</w> 
 <w id="w8.2.6">zdravljenje</w> 
 <w id="w8.2.7">dveh</w> 
 <w id="w8.2.8">vrst</w> 
 <w id="w8.2.9">raka</w>
 <w id="w8.2.10">:</w> 
 <w id="w8.2.11">•</w> 
 <w id="w8.2.12">plevralnega</w> 
 <w id="w8.2.13">mezotelioma</w> 
 <w id="w8.2.14">(</w>
 <w id="w8.2.15">raka</w> 
 <w id="w8.2.16">pljučne</w> 
 <w id="w8.2.17">mrene</w>
 <w id="w8.2.18">,</w> 
 <w id="w8.2.19">ki</w> 
 <w id="w8.2.20">jo</w> 
 <w id="w8.2.21">običajno</w> 
 <w id="w8.2.22">povzroča</w> 
 <w id="w8.2.23">izpostavljenost</w> 
 <w id="w8.2.24">azbestu</w>
 <w id="w8.2.25">)</w>
 <w id="w8.2.26">.</w>
</s>    
 
<s id="s8.3">
 <w id="w8.3.1">Zdravilo</w> 
 <w id="w8.3.2">Alimta</w> 
 <w id="w8.3.3">se</w> 
 <w id="w8.3.4">uporablja</w> 
 <w id="w8.3.5">v</w> 
 <w id="w8.3.6">kombinaciji</w> 
 <w id="w8.3.7">s</w> 
 <w id="w8.3.8">cisplatinom</w> 
 <w id="w8.3.9">(</w>
 <w id="w8.3.10">drugim</w> 
 <w id="w8.3.11">zdravilom</w> 
 <w id="w8.3.12">proti</w> 
 <w id="w8.3.13">raku</w>
 <w id="w8.3.14">)</w>
 <w id="w8.3.15">,</w> 
 <w id="w8.3.16">kadar</w> 
 <w id="w8.3.17">je</w>    
 <w id="w8.3.18">rak</w> 
 <w id="w8.3.19">„</w>
 <w id="w8.3.20">neresektabilen</w>
 <w id="w8.3.21">“</w> 
 <w id="w8.3.22">(</w>
 <w id="w8.3.23">ki</w> 
 <w id="w8.3.24">ga</w> 
 <w id="w8.3.25">ni</w> 
 <w id="w8.3.26">mogoče</w> 
 <w id="w8.3.27">odstraniti</w> 
 <w id="w8.3.28">s</w> 
 <w id="w8.3.29">samo</w> 
 <w id="w8.3.30">operacijo</w>
 <w id="w8.3.31">)</w> 
 <w id="w8.3.32">in</w> 
 <w id="w8.3.33">maligen</w> 
 <w id="w8.3.34">(</w>
 <w id="w8.3.35">ki</w> 
 <w id="w8.3.36">se</w> 
 <w id="w8.3.37">je</w> 
 <w id="w8.3.38">ali</w> 
 <w id="w8.3.39">se</w>    
 <w id="w8.3.40">verjetno</w> 
 <w id="w8.3.41">bo</w> 
 <w id="w8.3.42">zlahka</w> 
 <w id="w8.3.43">razširil</w> 
 <w id="w8.3.44">na</w> 
 <w id="w8.3.45">druge</w> 
 <w id="w8.3.46">dele</w> 
 <w id="w8.3.47">telesa</w>
 <w id="w8.3.48">)</w>
 <w id="w8.3.49">,</w> 
 <w id="w8.3.50">in</w> 
 <w id="w8.3.51">sicer</w> 
 <w id="w8.3.52">pri</w> 
 <w id="w8.3.53">bolnikih</w>
 <w id="w8.3.54">,</w> 
 <w id="w8.3.55">ki</w> 
 <w id="w8.3.56">predhodno</w> 
 <w id="w8.3.57">niso</w> 
 <w id="w8.3.58">bili</w>    
 <w id="w8.3.59">zdravljeni</w> 
 <w id="w8.3.60">s</w> 
 <w id="w8.3.61">kemoterapijo</w> 
 <w id="w8.3.62">(</w>
 <w id="w8.3.63">zdravili</w> 
 <w id="w8.3.64">proti</w> 
 <w id="w8.3.65">raku</w>
 <w id="w8.3.66">)</w>
 <w id="w8.3.67">.</w> 
 <w id="w8.3.68">•</w> 
 <w id="w8.3.69">napredovalega</w> 
 <w id="w8.3.70">ali</w> 
 <w id="w8.3.71">metastatskega</w> 
 <w id="w8.3.72">nedrobnoceličnega</w> 
 <w id="w8.3.73">pljučnega</w> 
 <w id="w8.3.74">raka</w>
 <w id="w8.3.75">,</w> 
 <w id="w8.3.76">ki</w> 
 <w id="w8.3.77">ni</w> 
 <w id="w8.3.78">prizadel</w> 
 <w id="w8.3.79">skvamoznih</w>    
 <w id="w8.3.80">celic</w>
 <w id="w8.3.81">.</w>
</s> 
 
<s id="s8.4">
 <w id="w8.4.1">Zdravilo</w> 
 <w id="w8.4.2">Alimta</w> 
 <w id="w8.4.3">se</w> 
 <w id="w8.4.4">uporablja</w> 
 <w id="w8.4.5">v</w> 
 <w id="w8.4.6">kombinaciji</w> 
 <w id="w8.4.7">s</w> 
 <w id="w8.4.8">cisplatinom</w> 
 <w id="w8.4.9">pri</w> 
 <w id="w8.4.10">bolnikih</w>
 <w id="w8.4.11">,</w> 
 <w id="w8.4.12">ki</w> 
 <w id="w8.4.13">predhodno</w> 
 <w id="w8.4.14">še</w> 
 <w id="w8.4.15">niso</w>    
 <w id="w8.4.16">bili</w> 
 <w id="w8.4.17">zdravljeni</w>
 <w id="w8.4.18">,</w> 
 <w id="w8.4.19">ter</w> 
 <w id="w8.4.20">samostojno</w> 
 <w id="w8.4.21">pri</w> 
 <w id="w8.4.22">bolnikih</w>
 <w id="w8.4.23">,</w> 
 <w id="w8.4.24">ki</w> 
 <w id="w8.4.25">so</w> 
 <w id="w8.4.26">že</w> 
 <w id="w8.4.27">bili</w> 
 <w id="w8.4.28">zdravljeni</w> 
 <w id="w8.4.29">z</w> 
 <w id="w8.4.30">drugimi</w> 
 <w id="w8.4.31">vrstami</w> 
 <w id="w8.4.32">kemoterapije</w>
 <w id="w8.4.33">.</w>
</s> 
 
<s id="s8.5">
 <w id="w8.5.1">Zdravilo</w> 
 <w id="w8.5.2">se</w> 
 <w id="w8.5.3">dobi</w> 
 <w id="w8.5.4">samo</w> 
 <w id="w8.5.5">na</w> 
 <w id="w8.5.6">recept</w>
 <w id="w8.5.7">.</w>
</s></p>

<p id="9">
<s id="s9.1">
 <w id="w9.1.1">Kako</w> 
 <w id="w9.1.2">se</w> 
 <w id="w9.1.3">zdravilo</w> 
 <w id="w9.1.4">Alimta</w> 
 <w id="w9.1.5">uporablja</w>
 <w id="w9.1.6">?</w>
</s> 
 
<s id="s9.2">
 <w id="w9.2.1">Zdravilo</w> 
 <w id="w9.2.2">Alimta</w> 
 <w id="w9.2.3">se</w> 
 <w id="w9.2.4">sme</w> 
 <w id="w9.2.5">dajati</w> 
 <w id="w9.2.6">le</w> 
 <w id="w9.2.7">pod</w> 
 <w id="w9.2.8">nadzorom</w> 
 <w id="w9.2.9">zdravnika</w>
 <w id="w9.2.10">,</w> 
 <w id="w9.2.11">usposobljenega</w> 
 <w id="w9.2.12">za</w> 
 <w id="w9.2.13">uporabo</w> 
 <w id="w9.2.14">kemoterapije</w> 
 <w id="w9.2.15">za</w> 
 <w id="w9.2.16">zdravljenje</w> 
 <w id="w9.2.17">raka</w>
 <w id="w9.2.18">.</w>
</s> 
 
<s id="s9.3">
 <w id="w9.3.1">Priporočen</w> 
 <w id="w9.3.2">odmerek</w> 
 <w id="w9.3.3">zdravila</w> 
 <w id="w9.3.4">Alimta</w> 
 <w id="w9.3.5">je</w> 
 <w id="w9.3.6">500</w> 
 <w id="w9.3.7">mg</w> 
 <w id="w9.3.8">na</w> 
 <w id="w9.3.9">kvadratni</w> 
 <w id="w9.3.10">meter</w> 
 <w id="w9.3.11">površine</w> 
 <w id="w9.3.12">telesa</w> 
 <w id="w9.3.13">(</w>
 <w id="w9.3.14">izračunane</w> 
 <w id="w9.3.15">na</w> 
 <w id="w9.3.16">podlagi</w> 
 <w id="w9.3.17">bolnikove</w> 
 <w id="w9.3.18">višine</w> 
 <w id="w9.3.19">in</w> 
 <w id="w9.3.20">mase</w>
 <w id="w9.3.21">)</w>
 <w id="w9.3.22">.</w>
</s> 
 
<s id="s9.4">
 <w id="w9.4.1">Daje</w> 
 <w id="w9.4.2">se</w> 
 <w id="w9.4.3">enkrat</w> 
 <w id="w9.4.4">na</w> 
 <w id="w9.4.5">tri</w> 
 <w id="w9.4.6">tedne</w> 
 <w id="w9.4.7">kot</w> 
 <w id="w9.4.8">intravenska</w> 
 <w id="w9.4.9">infuzija</w>
 <w id="w9.4.10">,</w> 
 <w id="w9.4.11">ki</w> 
 <w id="w9.4.12">traja</w> 
 <w id="w9.4.13">10</w> 
 <w id="w9.4.14">minut</w>
 <w id="w9.4.15">.</w>
</s> 
 
<s id="s9.5">
 <w id="w9.5.1">Da</w> 
 <w id="w9.5.2">bi</w> 
 <w id="w9.5.3">zmanjšali</w> 
 <w id="w9.5.4">neželene</w> 
 <w id="w9.5.5">učinke</w>
 <w id="w9.5.6">,</w> 
 <w id="w9.5.7">morajo</w> 
 <w id="w9.5.8">bolniki</w> 
 <w id="w9.5.9">med</w> 
 <w id="w9.5.10">zdravljenjem</w> 
 <w id="w9.5.11">z</w> 
 <w id="w9.5.12">zdravilom</w> 
 <w id="w9.5.13">Alimta</w> 
 <w id="w9.5.14">jemati</w> 
 <w id="w9.5.15">kortikosteroid</w> 
 <w id="w9.5.16">in</w> 
 <w id="w9.5.17">folno</w> 
 <w id="w9.5.18">kislino</w> 
 <w id="w9.5.19">(</w>
 <w id="w9.5.20">vrsto</w> 
 <w id="w9.5.21">vitamina</w>
 <w id="w9.5.22">)</w> 
 <w id="w9.5.23">ter</w> 
 <w id="w9.5.24">dobivati</w> 
 <w id="w9.5.25">injekcije</w> 
 <w id="w9.5.26">vitamina</w> 
 <w id="w9.5.27">B12</w>
 <w id="w9.5.28">.</w>
</s> 
 
<s id="s9.6">
 <w id="w9.6.1">Kadar</w> 
 <w id="w9.6.2">se</w> 
 <w id="w9.6.3">zdravilo</w> 
 <w id="w9.6.4">Alimta</w> 
 <w id="w9.6.5">daje</w> 
 <w id="w9.6.6">v</w> 
 <w id="w9.6.7">kombinaciji</w> 
 <w id="w9.6.8">s</w> 
 <w id="w9.6.9">cisplatinom</w>
 <w id="w9.6.10">,</w> 
 <w id="w9.6.11">je</w> 
 <w id="w9.6.12">treba</w> 
 <w id="w9.6.13">pred</w> 
 <w id="w9.6.14">odmerkom</w> 
 <w id="w9.6.15">cisplatina</w> 
 <w id="w9.6.16">ali</w> 
 <w id="w9.6.17">po</w> 
 <w id="w9.6.18">njem</w> 
 <w id="w9.6.19">vzeti</w> 
 <w id="w9.6.20">tudi</w> 
 <w id="w9.6.21">antiemetično</w> 
 <w id="w9.6.22">zdravilo</w> 
 <w id="w9.6.23">(</w>
 <w id="w9.6.24">za</w> 
 <w id="w9.6.25">preprečevanje</w> 
 <w id="w9.6.26">bruhanja</w>
 <w id="w9.6.27">)</w> 
 <w id="w9.6.28">in</w> 
 <w id="w9.6.29">zaužiti</w> 
 <w id="w9.6.30">tekočino</w> 
 <w id="w9.6.31">(</w>
 <w id="w9.6.32">za</w> 
 <w id="w9.6.33">preprečevanje</w> 
 <w id="w9.6.34">dehidracije</w>
 <w id="w9.6.35">)</w>
 <w id="w9.6.36">.</w>
</s> 
 
<s id="s9.7">
 <w id="w9.7.1">Pri</w> 
 <w id="w9.7.2">bolnikih</w> 
 <w id="w9.7.3">z</w> 
 <w id="w9.7.4">nenormalno</w> 
 <w id="w9.7.5">krvno</w> 
 <w id="w9.7.6">sliko</w> 
 <w id="w9.7.7">ali</w> 
 <w id="w9.7.8">z</w> 
 <w id="w9.7.9">nekaterimi</w> 
 <w id="w9.7.10">drugimi</w> 
 <w id="w9.7.11">neželenimi</w> 
 <w id="w9.7.12">učinki</w> 
 <w id="w9.7.13">je</w> 
 <w id="w9.7.14">treba</w> 
 <w id="w9.7.15">zdravljenje</w> 
 <w id="w9.7.16">odložiti</w> 
 <w id="w9.7.17">ali</w> 
 <w id="w9.7.18">prekiniti</w> 
 <w id="w9.7.19">oziroma</w> 
 <w id="w9.7.20">zmanjšati</w> 
 <w id="w9.7.21">odmerek</w>
 <w id="w9.7.22">.</w>
</s> 
 
<s id="s9.8">
 <w id="w9.8.1">Uporaba</w> 
 <w id="w9.8.2">zdravila</w> 
 <w id="w9.8.3">Alimta</w> 
 <w id="w9.8.4">pri</w> 
 <w id="w9.8.5">bolnikih</w> 
 <w id="w9.8.6">z</w> 
 <w id="w9.8.7">zmernimi</w> 
 <w id="w9.8.8">ali</w> 
 <w id="w9.8.9">hudimi</w> 
 <w id="w9.8.10">težavami</w> 
 <w id="w9.8.11">z</w> 
 <w id="w9.8.12">ledvicami</w> 
 <w id="w9.8.13">ni</w> 
 <w id="w9.8.14">priporočljiva</w>
 <w id="w9.8.15">.</w>
</s> 
 
<s id="s9.9">
 <w id="w9.9.1">Za</w> 
 <w id="w9.9.2">več</w> 
 <w id="w9.9.3">informacij</w> 
 <w id="w9.9.4">glejte</w> 
 <w id="w9.9.5">povzetek</w> 
 <w id="w9.9.6">glavnih</w> 
 <w id="w9.9.7">značilnosti</w> 
 <w id="w9.9.8">zdravila</w> 
 <w id="w9.9.9">(</w>
 <w id="w9.9.10">prav</w> 
 <w id="w9.9.11">tako</w> 
 <w id="w9.9.12">del</w> 
 <w id="w9.9.13">EPAR</w>
 <w id="w9.9.14">)</w>
 <w id="w9.9.15">.</w>
</s></p>

<p id="10">
<s id="s10.1">
 <w id="w10.1.1">7</w> 
 <w id="w10.1.2">Westferry</w> 
 <w id="w10.1.3">Circus</w>
 <w id="w10.1.4">,</w> 
 <w id="w10.1.5">Canary</w> 
 <w id="w10.1.6">Wharf</w>
 <w id="w10.1.7">,</w> 
 <w id="w10.1.8">London</w> 
 <w id="w10.1.9">E14</w> 
 <w id="w10.1.10">4HB</w>
 <w id="w10.1.11">,</w> 
 <w id="w10.1.12">UK</w>                                   
 <w id="w10.1.13">Tel</w>
 <w id="w10.1.14">.</w>
</s> 
 
<s id="s10.2">
 <w id="w10.2.1">(</w>
 <w id="w10.2.2">44-</w>
 <w id="w10.2.3">20</w>
 <w id="w10.2.4">)</w> 
 <w id="w10.2.5">74</w> 
 <w id="w10.2.6">18</w> 
 <w id="w10.2.7">84</w> 
 <w id="w10.2.8">00</w> 
 <w id="w10.2.9">Fax</w> 
 <w id="w10.2.10">(</w>
 <w id="w10.2.11">44-</w>
 <w id="w10.2.12">20</w>
 <w id="w10.2.13">)</w> 
 <w id="w10.2.14">74</w> 
 <w id="w10.2.15">18</w> 
 <w id="w10.2.16">84</w> 
 <w id="w10.2.17">16</w>                              
 <w id="w10.2.18">E-</w>
 <w id="w10.2.19">mail</w>
 <w id="w10.2.20">:</w> 
 <w id="w10.2.21">mail@</w>
 <w id="w10.2.22">emea.</w>
 <w id="w10.2.23">europa.</w>
 <w id="w10.2.24">eu</w> 
 <w id="w10.2.25">http</w>
 <w id="w10.2.26">:</w>
 <w id="w10.2.27">//</w>
 <w id="w10.2.28">www.</w>
 <w id="w10.2.29">emea.</w>
 <w id="w10.2.30">europa.</w>
 <w id="w10.2.31">eu</w>
</s></p>

<p id="11">
<s id="s11.1">
 <w id="w11.1.1">©</w> 
 <w id="w11.1.2">European</w> 
 <w id="w11.1.3">Medicines</w> 
 <w id="w11.1.4">Agency</w>
 <w id="w11.1.5">,</w> 
 <w id="w11.1.6">2008</w>
 <w id="w11.1.7">.</w>
</s> 
 
<s id="s11.2">
 <w id="w11.2.1">Reproduction</w> 
 <w id="w11.2.2">is</w> 
 <w id="w11.2.3">authorised</w> 
 <w id="w11.2.4">provided</w> 
 <w id="w11.2.5">the</w> 
 <w id="w11.2.6">source</w> 
 <w id="w11.2.7">is</w> 
 <w id="w11.2.8">acknowledged</w>
 <w id="w11.2.9">.</w>
</s> 
 
<s id="s11.3">
 <w id="w11.3.1">Kako</w> 
 <w id="w11.3.2">zdravilo</w> 
 <w id="w11.3.3">Alimta</w> 
 <w id="w11.3.4">deluje</w>
 <w id="w11.3.5">?</w>
</s> 
 
<s id="s11.4">
 <w id="w11.4.1">Zdravilna</w> 
 <w id="w11.4.2">učinkovina</w> 
 <w id="w11.4.3">zdravila</w> 
 <w id="w11.4.4">Alimta</w>
 <w id="w11.4.5">,</w> 
 <w id="w11.4.6">pemetreksed</w>
 <w id="w11.4.7">,</w> 
 <w id="w11.4.8">je</w> 
 <w id="w11.4.9">citotoksično</w> 
 <w id="w11.4.10">zdravilo</w> 
 <w id="w11.4.11">(</w>
 <w id="w11.4.12">zdravilo</w>
 <w id="w11.4.13">,</w> 
 <w id="w11.4.14">ki</w> 
 <w id="w11.4.15">ubija</w> 
 <w id="w11.4.16">celice</w>
 <w id="w11.4.17">,</w> 
 <w id="w11.4.18">ki</w> 
 <w id="w11.4.19">se</w> 
 <w id="w11.4.20">množijo</w>
 <w id="w11.4.21">,</w> 
 <w id="w11.4.22">kot</w> 
 <w id="w11.4.23">so</w> 
 <w id="w11.4.24">na</w> 
 <w id="w11.4.25">primer</w> 
 <w id="w11.4.26">rakave</w> 
 <w id="w11.4.27">celice</w>
 <w id="w11.4.28">)</w> 
 <w id="w11.4.29">iz</w> 
 <w id="w11.4.30">skupine</w> 
 <w id="w11.4.31">antimetabolitov</w>
 <w id="w11.4.32">.</w>
</s> 
 
<s id="s11.5">
 <w id="w11.5.1">V</w> 
 <w id="w11.5.2">telesu</w> 
 <w id="w11.5.3">se</w> 
 <w id="w11.5.4">pemetreksed</w> 
 <w id="w11.5.5">pretvori</w> 
 <w id="w11.5.6">v</w> 
 <w id="w11.5.7">aktivno</w> 
 <w id="w11.5.8">obliko</w>
 <w id="w11.5.9">,</w> 
 <w id="w11.5.10">ki</w> 
 <w id="w11.5.11">zavira</w> 
 <w id="w11.5.12">aktivnost</w> 
 <w id="w11.5.13">encimov</w>
 <w id="w11.5.14">,</w> 
 <w id="w11.5.15">vključenih</w> 
 <w id="w11.5.16">v</w> 
 <w id="w11.5.17">tvorbo</w> 
 <w id="w11.5.18">nukleotidov</w> 
 <w id="w11.5.19">(</w>
 <w id="w11.5.20">gradnikov</w> 
 <w id="w11.5.21">DNK</w> 
 <w id="w11.5.22">in</w> 
 <w id="w11.5.23">RNK</w>
 <w id="w11.5.24">,</w> 
 <w id="w11.5.25">genskega</w> 
 <w id="w11.5.26">materiala</w> 
 <w id="w11.5.27">celic</w>
 <w id="w11.5.28">)</w>
 <w id="w11.5.29">.</w>
</s> 
 
<s id="s11.6">
 <w id="w11.6.1">Posledično</w> 
 <w id="w11.6.2">aktivna</w> 
 <w id="w11.6.3">oblika</w> 
 <w id="w11.6.4">pemetrekseda</w> 
 <w id="w11.6.5">upočasni</w> 
 <w id="w11.6.6">tvorjenje</w> 
 <w id="w11.6.7">DNK</w> 
 <w id="w11.6.8">in</w> 
 <w id="w11.6.9">RNK</w> 
 <w id="w11.6.10">ter</w> 
 <w id="w11.6.11">preprečuje</w>
 <w id="w11.6.12">,</w> 
 <w id="w11.6.13">da</w> 
 <w id="w11.6.14">bi</w> 
 <w id="w11.6.15">se</w> 
 <w id="w11.6.16">celice</w> 
 <w id="w11.6.17">množile</w>
 <w id="w11.6.18">.</w>
</s> 
 
<s id="s11.7">
 <w id="w11.7.1">Pretvorba</w> 
 <w id="w11.7.2">pemetrekseda</w> 
 <w id="w11.7.3">v</w> 
 <w id="w11.7.4">njegovo</w> 
 <w id="w11.7.5">aktivno</w> 
 <w id="w11.7.6">obliko</w> 
 <w id="w11.7.7">lažje</w> 
 <w id="w11.7.8">poteka</w> 
 <w id="w11.7.9">v</w> 
 <w id="w11.7.10">rakavih</w> 
 <w id="w11.7.11">celicah</w> 
 <w id="w11.7.12">kot</w> 
 <w id="w11.7.13">v</w> 
 <w id="w11.7.14">normalnih</w> 
 <w id="w11.7.15">celicah</w>
 <w id="w11.7.16">,</w> 
 <w id="w11.7.17">kar</w> 
 <w id="w11.7.18">privede</w> 
 <w id="w11.7.19">do</w> 
 <w id="w11.7.20">višje</w> 
 <w id="w11.7.21">koncentracije</w> 
 <w id="w11.7.22">aktivne</w> 
 <w id="w11.7.23">oblike</w> 
 <w id="w11.7.24">zdravila</w> 
 <w id="w11.7.25">in</w> 
 <w id="w11.7.26">njegovega</w> 
 <w id="w11.7.27">daljšega</w> 
 <w id="w11.7.28">učinkovanja</w> 
 <w id="w11.7.29">v</w> 
 <w id="w11.7.30">rakavih</w> 
 <w id="w11.7.31">celicah</w>
 <w id="w11.7.32">.</w>
</s> 
 
<s id="s11.8">
 <w id="w11.8.1">Množenje</w> 
 <w id="w11.8.2">rakavih</w> 
 <w id="w11.8.3">celic</w> 
 <w id="w11.8.4">se</w> 
 <w id="w11.8.5">zmanjša</w>
 <w id="w11.8.6">,</w> 
 <w id="w11.8.7">medtem</w> 
 <w id="w11.8.8">ko</w> 
 <w id="w11.8.9">je</w> 
 <w id="w11.8.10">vpliv</w> 
 <w id="w11.8.11">na</w> 
 <w id="w11.8.12">normalne</w> 
 <w id="w11.8.13">celice</w> 
 <w id="w11.8.14">zelo</w> 
 <w id="w11.8.15">majhen</w>
 <w id="w11.8.16">.</w>
</s></p>

<p id="12">
<s id="s12.1">
 <w id="w12.1.1">Kako</w> 
 <w id="w12.1.2">je</w> 
 <w id="w12.1.3">bilo</w> 
 <w id="w12.1.4">zdravilo</w> 
 <w id="w12.1.5">Alimta</w> 
 <w id="w12.1.6">raziskano</w>
 <w id="w12.1.7">?</w>
</s> 
 
<s id="s12.2">
 <w id="w12.2.1">Za</w> 
 <w id="w12.2.2">zdravljenje</w> 
 <w id="w12.2.3">malignega</w> 
 <w id="w12.2.4">plevralnega</w> 
 <w id="w12.2.5">mezotelioma</w> 
 <w id="w12.2.6">so</w> 
 <w id="w12.2.7">zdravilo</w> 
 <w id="w12.2.8">Alimta</w> 
 <w id="w12.2.9">preučevali</w> 
 <w id="w12.2.10">v</w> 
 <w id="w12.2.11">eni</w> 
 <w id="w12.2.12">glavni</w> 
 <w id="w12.2.13">študiji</w> 
 <w id="w12.2.14">s</w> 
 <w id="w12.2.15">456</w> 
 <w id="w12.2.16">bolniki</w>
 <w id="w12.2.17">,</w> 
 <w id="w12.2.18">pri</w> 
 <w id="w12.2.19">katerih</w> 
 <w id="w12.2.20">bolezen</w> 
 <w id="w12.2.21">predhodno</w> 
 <w id="w12.2.22">ni</w> 
 <w id="w12.2.23">bila</w> 
 <w id="w12.2.24">zdravljena</w> 
 <w id="w12.2.25">s</w> 
 <w id="w12.2.26">kemoterapijo</w>
 <w id="w12.2.27">.</w>
</s> 
 
<s id="s12.3">
 <w id="w12.3.1">Učinke</w> 
 <w id="w12.3.2">zdravila</w> 
 <w id="w12.3.3">Alimta</w> 
 <w id="w12.3.4">v</w> 
 <w id="w12.3.5">kombinaciji</w> 
 <w id="w12.3.6">s</w> 
 <w id="w12.3.7">cisplatinom</w> 
 <w id="w12.3.8">so</w> 
 <w id="w12.3.9">primerjali</w> 
 <w id="w12.3.10">z</w> 
 <w id="w12.3.11">učinki</w> 
 <w id="w12.3.12">cisplatina</w>
 <w id="w12.3.13">,</w> 
 <w id="w12.3.14">dajanega</w> 
 <w id="w12.3.15">samostojno</w>
 <w id="w12.3.16">.</w>
</s> 
 
<s id="s12.4">
 <w id="w12.4.1">Za</w> 
 <w id="w12.4.2">zdravljenje</w> 
 <w id="w12.4.3">nedrobnoceličnega</w> 
 <w id="w12.4.4">pljučnega</w> 
 <w id="w12.4.5">raka</w> 
 <w id="w12.4.6">so</w> 
 <w id="w12.4.7">v</w> 
 <w id="w12.4.8">eni</w> 
 <w id="w12.4.9">študiji</w> 
 <w id="w12.4.10">s</w> 
 <w id="w12.4.11">571</w> 
 <w id="w12.4.12">bolniki</w> 
 <w id="w12.4.13">z</w> 
 <w id="w12.4.14">lokalno</w> 
 <w id="w12.4.15">napredovalo</w> 
 <w id="w12.4.16">ali</w> 
 <w id="w12.4.17">metastatsko</w> 
 <w id="w12.4.18">boleznijo</w>
 <w id="w12.4.19">,</w> 
 <w id="w12.4.20">ki</w> 
 <w id="w12.4.21">predhodno</w> 
 <w id="w12.4.22">niso</w> 
 <w id="w12.4.23">bili</w> 
 <w id="w12.4.24">zdravljeni</w> 
 <w id="w12.4.25">s</w> 
 <w id="w12.4.26">kemoterapijo</w>
 <w id="w12.4.27">,</w> 
 <w id="w12.4.28">učinke</w> 
 <w id="w12.4.29">zdravila</w> 
 <w id="w12.4.30">Alimta</w> 
 <w id="w12.4.31">primerjali</w> 
 <w id="w12.4.32">z</w> 
 <w id="w12.4.33">učinki</w> 
 <w id="w12.4.34">docetaksela</w> 
 <w id="w12.4.35">(</w>
 <w id="w12.4.36">drugega</w> 
 <w id="w12.4.37">zdravila</w> 
 <w id="w12.4.38">proti</w> 
 <w id="w12.4.39">raku</w>
 <w id="w12.4.40">)</w>
 <w id="w12.4.41">.</w>
</s> 
 
<s id="s12.5">
 <w id="w12.5.1">Zdravilo</w> 
 <w id="w12.5.2">Alimta</w> 
 <w id="w12.5.3">so</w> 
 <w id="w12.5.4">primerjali</w> 
 <w id="w12.5.5">tudi</w> 
 <w id="w12.5.6">z</w> 
 <w id="w12.5.7">gemcitabinom</w> 
 <w id="w12.5.8">(</w>
 <w id="w12.5.9">drugo</w> 
 <w id="w12.5.10">vrsto</w> 
 <w id="w12.5.11">zdravila</w> 
 <w id="w12.5.12">proti</w> 
 <w id="w12.5.13">raku</w>
 <w id="w12.5.14">)</w>
 <w id="w12.5.15">,</w> 
 <w id="w12.5.16">oba</w> 
 <w id="w12.5.17">v</w> 
 <w id="w12.5.18">kombinaciji</w> 
 <w id="w12.5.19">s</w> 
 <w id="w12.5.20">cisplatinom</w>
 <w id="w12.5.21">,</w> 
 <w id="w12.5.22">v</w> 
 <w id="w12.5.23">študiji</w>
 <w id="w12.5.24">,</w> 
 <w id="w12.5.25">v</w> 
 <w id="w12.5.26">katero</w> 
 <w id="w12.5.27">je</w> 
 <w id="w12.5.28">bilo</w> 
 <w id="w12.5.29">vključenih</w> 
 <w id="w12.5.30">1725</w> 
 <w id="w12.5.31">bolnikov</w>
 <w id="w12.5.32">,</w> 
 <w id="w12.5.33">katerih</w> 
 <w id="w12.5.34">pljučni</w> 
 <w id="w12.5.35">rak</w> 
 <w id="w12.5.36">v</w> 
 <w id="w12.5.37">preteklosti</w> 
 <w id="w12.5.38">še</w> 
 <w id="w12.5.39">ni</w> 
 <w id="w12.5.40">bil</w> 
 <w id="w12.5.41">zdravljen</w> 
 <w id="w12.5.42">s</w> 
 <w id="w12.5.43">kemoterapijo</w>
 <w id="w12.5.44">.</w>
</s> 
 
<s id="s12.6">
 <w id="w12.6.1">V</w> 
 <w id="w12.6.2">vseh</w> 
 <w id="w12.6.3">treh</w> 
 <w id="w12.6.4">študijah</w> 
 <w id="w12.6.5">je</w> 
 <w id="w12.6.6">bilo</w> 
 <w id="w12.6.7">glavno</w> 
 <w id="w12.6.8">merilo</w> 
 <w id="w12.6.9">učinkovitosti</w> 
 <w id="w12.6.10">čas</w> 
 <w id="w12.6.11">preživetja</w> 
 <w id="w12.6.12">bolnikov</w>
 <w id="w12.6.13">.</w>
</s></p>

<p id="13">
<s id="s13.1">
 <w id="w13.1.1">Kakšne</w> 
 <w id="w13.1.2">koristi</w> 
 <w id="w13.1.3">je</w> 
 <w id="w13.1.4">zdravilo</w> 
 <w id="w13.1.5">Alimta</w> 
 <w id="w13.1.6">izkazalo</w> 
 <w id="w13.1.7">med</w> 
 <w id="w13.1.8">študijami</w>
 <w id="w13.1.9">?</w>
</s> 
 
<s id="s13.2">
 <w id="w13.2.1">Zdravilo</w> 
 <w id="w13.2.2">Alimta</w> 
 <w id="w13.2.3">je</w> 
 <w id="w13.2.4">povečalo</w> 
 <w id="w13.2.5">čas</w> 
 <w id="w13.2.6">preživetja</w> 
 <w id="w13.2.7">bolnikov</w> 
 <w id="w13.2.8">z</w> 
 <w id="w13.2.9">malignim</w> 
 <w id="w13.2.10">plevralnim</w> 
 <w id="w13.2.11">mezoteliomom</w>
 <w id="w13.2.12">.</w>
</s> 
 
<s id="s13.3">
 <w id="w13.3.1">Pri</w> 
 <w id="w13.3.2">bolnikih</w>
 <w id="w13.3.3">,</w> 
 <w id="w13.3.4">ki</w> 
 <w id="w13.3.5">so</w> 
 <w id="w13.3.6">prejemali</w> 
 <w id="w13.3.7">zdravilo</w> 
 <w id="w13.3.8">Alimta</w> 
 <w id="w13.3.9">in</w> 
 <w id="w13.3.10">cisplatin</w>
 <w id="w13.3.11">,</w> 
 <w id="w13.3.12">je</w> 
 <w id="w13.3.13">bil</w> 
 <w id="w13.3.14">čas</w> 
 <w id="w13.3.15">preživetja</w> 
 <w id="w13.3.16">v</w> 
 <w id="w13.3.17">povprečju</w> 
 <w id="w13.3.18">12,</w>
 <w id="w13.3.19">1</w> 
 <w id="w13.3.20">meseca</w>
 <w id="w13.3.21">,</w> 
 <w id="w13.3.22">pri</w> 
 <w id="w13.3.23">bolnikih</w>
 <w id="w13.3.24">,</w> 
 <w id="w13.3.25">ki</w> 
 <w id="w13.3.26">so</w> 
 <w id="w13.3.27">prejemali</w> 
 <w id="w13.3.28">samo</w> 
 <w id="w13.3.29">cisplatin</w>
 <w id="w13.3.30">,</w> 
 <w id="w13.3.31">pa</w> 
 <w id="w13.3.32">9,</w>
 <w id="w13.3.33">3</w> 
 <w id="w13.3.34">mesece</w>
 <w id="w13.3.35">.</w>
</s> 
 
<s id="s13.4">
 <w id="w13.4.1">Pri</w> 
 <w id="w13.4.2">zdravljenju</w> 
 <w id="w13.4.3">nedrobnoceličnega</w> 
 <w id="w13.4.4">pljučnega</w> 
 <w id="w13.4.5">raka</w> 
 <w id="w13.4.6">je</w> 
 <w id="w13.4.7">bilo</w> 
 <w id="w13.4.8">zdravilo</w> 
 <w id="w13.4.9">Alimta</w> 
 <w id="w13.4.10">tako</w> 
 <w id="w13.4.11">učinkovito</w> 
 <w id="w13.4.12">kot</w> 
 <w id="w13.4.13">primerjalna</w> 
 <w id="w13.4.14">zdravila</w>
 <w id="w13.4.15">.</w>
</s> 
 
<s id="s13.5">
 <w id="w13.5.1">Pri</w> 
 <w id="w13.5.2">bolnikih</w>
 <w id="w13.5.3">,</w> 
 <w id="w13.5.4">ki</w> 
 <w id="w13.5.5">so</w> 
 <w id="w13.5.6">v</w> 
 <w id="w13.5.7">preteklosti</w> 
 <w id="w13.5.8">že</w> 
 <w id="w13.5.9">prejemali</w> 
 <w id="w13.5.10">kemoterapijo</w>
 <w id="w13.5.11">,</w> 
 <w id="w13.5.12">je</w> 
 <w id="w13.5.13">bil</w> 
 <w id="w13.5.14">čas</w> 
 <w id="w13.5.15">preživetja</w> 
 <w id="w13.5.16">8,</w>
 <w id="w13.5.17">3</w> 
 <w id="w13.5.18">meseca</w> 
 <w id="w13.5.19">z</w> 
 <w id="w13.5.20">zdravilom</w> 
 <w id="w13.5.21">Alimta</w>
 <w id="w13.5.22">,</w> 
 <w id="w13.5.23">in</w> 
 <w id="w13.5.24">7,</w>
 <w id="w13.5.25">9</w> 
 <w id="w13.5.26">meseca</w> 
 <w id="w13.5.27">z</w> 
 <w id="w13.5.28">docetakselom</w>
 <w id="w13.5.29">.</w>
</s> 
 
<s id="s13.6">
 <w id="w13.6.1">Pri</w> 
 <w id="w13.6.2">bolnikih</w>
 <w id="w13.6.3">,</w> 
 <w id="w13.6.4">ki</w> 
 <w id="w13.6.5">še</w> 
 <w id="w13.6.6">niso</w> 
 <w id="w13.6.7">bili</w> 
 <w id="w13.6.8">zdravljeni</w> 
 <w id="w13.6.9">s</w> 
 <w id="w13.6.10">kemoterapijo</w>
 <w id="w13.6.11">,</w> 
 <w id="w13.6.12">je</w> 
 <w id="w13.6.13">bil</w> 
 <w id="w13.6.14">v</w> 
 <w id="w13.6.15">obeh</w> 
 <w id="w13.6.16">skupinah</w> 
 <w id="w13.6.17">povprečni</w> 
 <w id="w13.6.18">čas</w> 
 <w id="w13.6.19">preživetja</w> 
 <w id="w13.6.20">10,</w>
 <w id="w13.6.21">3</w> 
 <w id="w13.6.22">meseca</w>
 <w id="w13.6.23">.</w>
</s> 
 
<s id="s13.7">
 <w id="w13.7.1">Vendar</w> 
 <w id="w13.7.2">pa</w> 
 <w id="w13.7.3">je</w> 
 <w id="w13.7.4">bil</w> 
 <w id="w13.7.5">čas</w> 
 <w id="w13.7.6">preživetja</w> 
 <w id="w13.7.7">v</w> 
 <w id="w13.7.8">obeh</w> 
 <w id="w13.7.9">študijah</w> 
 <w id="w13.7.10">pri</w> 
 <w id="w13.7.11">bolnikih</w>
 <w id="w13.7.12">,</w> 
 <w id="w13.7.13">pri</w> 
 <w id="w13.7.14">katerih</w> 
 <w id="w13.7.15">rak</w> 
 <w id="w13.7.16">ni</w> 
 <w id="w13.7.17">prizadel</w> 
 <w id="w13.7.18">skvamoznih</w> 
 <w id="w13.7.19">celic</w>
 <w id="w13.7.20">,</w> 
 <w id="w13.7.21">daljši</w>
 <w id="w13.7.22">,</w> 
 <w id="w13.7.23">če</w> 
 <w id="w13.7.24">so</w> 
 <w id="w13.7.25">prejemali</w> 
 <w id="w13.7.26">zdravilo</w> 
 <w id="w13.7.27">Alimta</w>
 <w id="w13.7.28">,</w> 
 <w id="w13.7.29">kot</w> 
 <w id="w13.7.30">če</w> 
 <w id="w13.7.31">so</w> 
 <w id="w13.7.32">prejemali</w> 
 <w id="w13.7.33">katero</w> 
 <w id="w13.7.34">od</w> 
 <w id="w13.7.35">primerjalnih</w> 
 <w id="w13.7.36">zdravil</w>
 <w id="w13.7.37">.</w>
</s> 
 
<s id="s13.8">
 <w id="w13.8.1">Nasprotno</w> 
 <w id="w13.8.2">pa</w> 
 <w id="w13.8.3">je</w> 
 <w id="w13.8.4">bil</w> 
 <w id="w13.8.5">čas</w> 
 <w id="w13.8.6">preživetja</w> 
 <w id="w13.8.7">pri</w> 
 <w id="w13.8.8">bolnikih</w>
 <w id="w13.8.9">,</w> 
 <w id="w13.8.10">pri</w> 
 <w id="w13.8.11">katerih</w> 
 <w id="w13.8.12">je</w> 
 <w id="w13.8.13">rak</w> 
 <w id="w13.8.14">prizadel</w> 
 <w id="w13.8.15">skvamozne</w> 
 <w id="w13.8.16">celice</w>
 <w id="w13.8.17">,</w> 
 <w id="w13.8.18">krajši</w>
 <w id="w13.8.19">,</w> 
 <w id="w13.8.20">če</w> 
 <w id="w13.8.21">so</w> 
 <w id="w13.8.22">prejemali</w> 
 <w id="w13.8.23">zdravilo</w> 
 <w id="w13.8.24">Alimta</w>
 <w id="w13.8.25">.</w>
</s></p>

<p id="14">
<s id="s14.1">
 <w id="w14.1.1">Kakšna</w> 
 <w id="w14.1.2">tveganja</w> 
 <w id="w14.1.3">so</w> 
 <w id="w14.1.4">povezana</w> 
 <w id="w14.1.5">z</w> 
 <w id="w14.1.6">zdravilom</w> 
 <w id="w14.1.7">Alimta</w>
 <w id="w14.1.8">?</w>
</s> 
 
<s id="s14.2">
 <w id="w14.2.1">Najpogostejši</w> 
 <w id="w14.2.2">neželeni</w> 
 <w id="w14.2.3">učinki</w> 
 <w id="w14.2.4">pri</w> 
 <w id="w14.2.5">jemanju</w> 
 <w id="w14.2.6">zdravila</w> 
 <w id="w14.2.7">Alimta</w> 
 <w id="w14.2.8">(</w>
 <w id="w14.2.9">opaženi</w> 
 <w id="w14.2.10">pri</w> 
 <w id="w14.2.11">več</w> 
 <w id="w14.2.12">kot</w> 
 <w id="w14.2.13">1</w> 
 <w id="w14.2.14">bolniku</w> 
 <w id="w14.2.15">izmed</w> 
 <w id="w14.2.16">10</w>
 <w id="w14.2.17">)</w> 
 <w id="w14.2.18">so</w> 
 <w id="w14.2.19">znižani</w> 
 <w id="w14.2.20">nevtrofilci</w> 
 <w id="w14.2.21">ali</w> 
 <w id="w14.2.22">granulociti</w> 
 <w id="w14.2.23">in</w> 
 <w id="w14.2.24">levkociti</w> 
 <w id="w14.2.25">(</w>
 <w id="w14.2.26">vrste</w> 
 <w id="w14.2.27">belih</w> 
 <w id="w14.2.28">krvničk</w>
 <w id="w14.2.29">)</w>
 <w id="w14.2.30">,</w> 
 <w id="w14.2.31">znižan</w> 
 <w id="w14.2.32">hemoglobin</w> 
 <w id="w14.2.33">(</w>
 <w id="w14.2.34">beljakovina</w> 
 <w id="w14.2.35">v</w> 
 <w id="w14.2.36">rdečih</w> 
 <w id="w14.2.37">krvničkah</w>
 <w id="w14.2.38">,</w> 
 <w id="w14.2.39">ki</w> 
 <w id="w14.2.40">nosi</w> 
 <w id="w14.2.41">kisik</w> 
 <w id="w14.2.42">po</w> 
 <w id="w14.2.43">telesu</w>
 <w id="w14.2.44">)</w>
 <w id="w14.2.45">,</w> 
 <w id="w14.2.46">driska</w>
 <w id="w14.2.47">,</w> 
 <w id="w14.2.48">bruhanje</w>
 <w id="w14.2.49">,</w> 
 <w id="w14.2.50">stomatitis</w> 
 <w id="w14.2.51">ali</w> 
 <w id="w14.2.52">faringitis</w> 
 <w id="w14.2.53">(</w>
 <w id="w14.2.54">vnetje</w> 
 <w id="w14.2.55">sluznice</w> 
 <w id="w14.2.56">ust</w> 
 <w id="w14.2.57">ali</w> 
 <w id="w14.2.58">grla</w>
 <w id="w14.2.59">)</w>
 <w id="w14.2.60">,</w> 
 <w id="w14.2.61">navzeja</w> 
 <w id="w14.2.62">(</w>
 <w id="w14.2.63">slabost</w>
 <w id="w14.2.64">)</w>
 <w id="w14.2.65">,</w> 
 <w id="w14.2.66">anoreksija</w> 
 <w id="w14.2.67">(</w>
 <w id="w14.2.68">izguba</w> 
 <w id="w14.2.69">teka</w>
 <w id="w14.2.70">)</w>
 <w id="w14.2.71">,</w> 
 <w id="w14.2.72">utrujenost</w> 
 <w id="w14.2.73">ter</w> 
 <w id="w14.2.74">izpuščaji</w> 
 <w id="w14.2.75">ali</w> 
 <w id="w14.2.76">luščenje</w> 
 <w id="w14.2.77">(</w>
 <w id="w14.2.78">ločevanje</w> 
 <w id="w14.2.79">zgornjih</w> 
 <w id="w14.2.80">plasti</w> 
 <w id="w14.2.81">kože</w>
 <w id="w14.2.82">)</w>
 <w id="w14.2.83">.</w>
</s> 
 
<s id="s14.3">
 <w id="w14.3.1">Za</w> 
 <w id="w14.3.2">celoten</w> 
 <w id="w14.3.3">seznam</w> 
 <w id="w14.3.4">neželenih</w> 
 <w id="w14.3.5">učinkov</w>
 <w id="w14.3.6">,</w> 
 <w id="w14.3.7">o</w> 
 <w id="w14.3.8">katerih</w> 
 <w id="w14.3.9">so</w> 
 <w id="w14.3.10">poročali</w> 
 <w id="w14.3.11">pri</w> 
 <w id="w14.3.12">uporabi</w> 
 <w id="w14.3.13">zdravila</w> 
 <w id="w14.3.14">Alimta</w>
 <w id="w14.3.15">,</w> 
 <w id="w14.3.16">glejte</w> 
 <w id="w14.3.17">navodilo</w> 
 <w id="w14.3.18">za</w> 
 <w id="w14.3.19">uporabo</w>
 <w id="w14.3.20">.</w>
</s> 
 
<s id="s14.4">
 <w id="w14.4.1">Zdravila</w> 
 <w id="w14.4.2">Alimta</w> 
 <w id="w14.4.3">ne</w> 
 <w id="w14.4.4">smejo</w> 
 <w id="w14.4.5">uporabljati</w> 
 <w id="w14.4.6">osebe</w>
 <w id="w14.4.7">,</w> 
 <w id="w14.4.8">ki</w> 
 <w id="w14.4.9">utegnejo</w> 
 <w id="w14.4.10">biti</w> 
 <w id="w14.4.11">preobčutljive</w> 
 <w id="w14.4.12">za</w> 
 <w id="w14.4.13">(</w>
 <w id="w14.4.14">alergične</w> 
 <w id="w14.4.15">na</w>
 <w id="w14.4.16">)</w> 
 <w id="w14.4.17">pematreksed</w> 
 <w id="w14.4.18">ali</w> 
 <w id="w14.4.19">katero</w> 
 <w id="w14.4.20">koli</w> 
 <w id="w14.4.21">drugo</w> 
 <w id="w14.4.22">sestavino</w> 
 <w id="w14.4.23">zdravila</w>
 <w id="w14.4.24">.</w>
</s> 
 
<s id="s14.5">
 <w id="w14.5.1">Zdravilo</w> 
 <w id="w14.5.2">se</w> 
 <w id="w14.5.3">ne</w> 
 <w id="w14.5.4">sme</w> 
 <w id="w14.5.5">uporabljati</w> 
 <w id="w14.5.6">med</w> 
 <w id="w14.5.7">dojenjem</w> 
 <w id="w14.5.8">ali</w> 
 <w id="w14.5.9">hkrati</w> 
 <w id="w14.5.10">s</w> 
 <w id="w14.5.11">cepivom</w> 
 <w id="w14.5.12">proti</w> 
 <w id="w14.5.13">rumeni</w> 
 <w id="w14.5.14">mrzlici</w>
 <w id="w14.5.15">.</w>
</s> 
 
<s id="s14.6">
 <w id="w14.6.1">Zdravilo</w> 
 <w id="w14.6.2">Alimta</w> 
 <w id="w14.6.3">zmanjšuje</w> 
 <w id="w14.6.4">plodnost</w>
 <w id="w14.6.5">,</w> 
 <w id="w14.6.6">zato</w> 
 <w id="w14.6.7">je</w> 
 <w id="w14.6.8">treba</w> 
 <w id="w14.6.9">moške</w> 
 <w id="w14.6.10">in</w> 
 <w id="w14.6.11">ženske</w>
 <w id="w14.6.12">,</w> 
 <w id="w14.6.13">ki</w> 
 <w id="w14.6.14">ga</w> 
 <w id="w14.6.15">prejemajo</w>
 <w id="w14.6.16">,</w> 
 <w id="w14.6.17">o</w> 
 <w id="w14.6.18">tem</w> 
 <w id="w14.6.19">poučiti</w>
 <w id="w14.6.20">.</w>
</s></p>

<p id="15">
<s id="s15.1">
 <w id="w15.1.1">Zakaj</w> 
 <w id="w15.1.2">je</w> 
 <w id="w15.1.3">bilo</w> 
 <w id="w15.1.4">zdravilo</w> 
 <w id="w15.1.5">Alimta</w> 
 <w id="w15.1.6">odobreno</w>
 <w id="w15.1.7">?</w>
</s> 
 
<s id="s15.2">
 <w id="w15.2.1">Odbor</w> 
 <w id="w15.2.2">za</w> 
 <w id="w15.2.3">zdravila</w> 
 <w id="w15.2.4">za</w> 
 <w id="w15.2.5">uporabo</w> 
 <w id="w15.2.6">v</w> 
 <w id="w15.2.7">humani</w> 
 <w id="w15.2.8">medicini</w> 
 <w id="w15.2.9">(</w>
 <w id="w15.2.10">CHMP</w>
 <w id="w15.2.11">)</w> 
 <w id="w15.2.12">je</w> 
 <w id="w15.2.13">odločil</w>
 <w id="w15.2.14">,</w> 
 <w id="w15.2.15">da</w> 
 <w id="w15.2.16">so</w> 
 <w id="w15.2.17">koristi</w> 
 <w id="w15.2.18">zdravila</w> 
 <w id="w15.2.19">Alimta</w>
 <w id="w15.2.20">,</w> 
 <w id="w15.2.21">uporabljenega</w> 
 <w id="w15.2.22">v</w> 
 <w id="w15.2.23">kombinaciji</w> 
 <w id="w15.2.24">s</w> 
 <w id="w15.2.25">cisplatinom</w> 
 <w id="w15.2.26">pri</w> 
 <w id="w15.2.27">zdravljenju</w> 
 <w id="w15.2.28">bolnikov</w> 
 <w id="w15.2.29">z</w> 
 <w id="w15.2.30">neresektabilnim</w> 
 <w id="w15.2.31">malignim</w> 
 <w id="w15.2.32">plevralnim</w> 
 <w id="w15.2.33">mezoteliomom</w>
 <w id="w15.2.34">,</w> 
 <w id="w15.2.35">ki</w> 
 <w id="w15.2.36">predhodno</w> 
 <w id="w15.2.37">niso</w> 
 <w id="w15.2.38">bili</w> 
 <w id="w15.2.39">zdravljeni</w> 
 <w id="w15.2.40">s</w> 
 <w id="w15.2.41">kemoterapijo</w>
 <w id="w15.2.42">,</w> 
 <w id="w15.2.43">in</w> 
 <w id="w15.2.44">uporabljenega</w> 
 <w id="w15.2.45">v</w> 
 <w id="w15.2.46">kombinaciji</w> 
 <w id="w15.2.47">s</w> 
 <w id="w15.2.48">cisplantinom</w> 
 <w id="w15.2.49">za</w> 
 <w id="w15.2.50">zdravljenje</w> 
 <w id="w15.2.51">prve</w> 
 <w id="w15.2.52">izbire</w> 
 <w id="w15.2.53">ter</w> 
 <w id="w15.2.54">kot</w> 
 <w id="w15.2.55">samostojnega</w> 
 <w id="w15.2.56">zdravila</w> 
 <w id="w15.2.57">za</w> 
 <w id="w15.2.58">zdravljenje</w> 
 <w id="w15.2.59">druge</w> 
 <w id="w15.2.60">izbire</w> 
 <w id="w15.2.61">pri</w> 
 <w id="w15.2.62">bolnikih</w> 
 <w id="w15.2.63">z</w> 
 <w id="w15.2.64">lokalno</w> 
 <w id="w15.2.65">napredovalim</w> 
 <w id="w15.2.66">ali</w> 
 <w id="w15.2.67">metastatskim</w> 
 <w id="w15.2.68">nedrobnoceličnim</w> 
 <w id="w15.2.69">pljučnim</w> 
 <w id="w15.2.70">rakom</w>
 <w id="w15.2.71">,</w> 
 <w id="w15.2.72">ki</w> 
 <w id="w15.2.73">ni</w> 
 <w id="w15.2.74">prizadel</w> 
 <w id="w15.2.75">skvamoznih</w> 
 <w id="w15.2.76">celic</w>
 <w id="w15.2.77">,</w> 
 <w id="w15.2.78">večje</w> 
 <w id="w15.2.79">od</w> 
 <w id="w15.2.80">z</w> 
 <w id="w15.2.81">njim</w> 
 <w id="w15.2.82">povezanih</w> 
 <w id="w15.2.83">tveganj</w>
 <w id="w15.2.84">.</w>
</s> 
 
<s id="s15.3">
 <w id="w15.3.1">Odbor</w> 
 <w id="w15.3.2">je</w> 
 <w id="w15.3.3">zato</w> 
 <w id="w15.3.4">priporočil</w>
 <w id="w15.3.5">,</w> 
 <w id="w15.3.6">da</w> 
 <w id="w15.3.7">se</w> 
 <w id="w15.3.8">za</w> 
 <w id="w15.3.9">zdravilo</w> 
 <w id="w15.3.10">Alimta</w> 
 <w id="w15.3.11">odobri</w> 
 <w id="w15.3.12">dovoljenje</w> 
 <w id="w15.3.13">za</w> 
 <w id="w15.3.14">promet</w>
 <w id="w15.3.15">.</w>
</s></p>

<p id="16">
<s id="s16.1">
 <w id="w16.1.1">2/</w>
 <w id="w16.1.2">3</w> 
 <w id="w16.1.3">Druge</w> 
 <w id="w16.1.4">informacije</w> 
 <w id="w16.1.5">o</w> 
 <w id="w16.1.6">zdravilu</w> 
 <w id="w16.1.7">Alimta</w>
 <w id="w16.1.8">:</w>
</s> 
 
<s id="s16.2">
 <w id="w16.2.1">Evropska</w> 
 <w id="w16.2.2">komisija</w> 
 <w id="w16.2.3">je</w> 
 <w id="w16.2.4">dovoljenje</w> 
 <w id="w16.2.5">za</w> 
 <w id="w16.2.6">promet</w> 
 <w id="w16.2.7">z</w> 
 <w id="w16.2.8">zdravilom</w> 
 <w id="w16.2.9">Alimta</w>
 <w id="w16.2.10">,</w> 
 <w id="w16.2.11">veljavno</w> 
 <w id="w16.2.12">po</w> 
 <w id="w16.2.13">vsej</w> 
 <w id="w16.2.14">Evropski</w> 
 <w id="w16.2.15">uniji</w>
 <w id="w16.2.16">,</w> 
 <w id="w16.2.17">odobrila</w> 
 <w id="w16.2.18">družbi</w> 
 <w id="w16.2.19">Eli</w> 
 <w id="w16.2.20">Lilly</w> 
 <w id="w16.2.21">Nederland</w> 
 <w id="w16.2.22">B.</w>
 <w id="w16.2.23">V</w>
 <w id="w16.2.24">.</w> 
 <w id="w16.2.25">dne</w> 
 <w id="w16.2.26">20</w>
 <w id="w16.2.27">.</w> 
 <w id="w16.2.28">septembra</w> 
 <w id="w16.2.29">2004</w>
 <w id="w16.2.30">.</w>
</s></p>

<p id="17">
<s id="s17.1">
 <w id="w17.1.1">Celotno</w> 
 <w id="w17.1.2">evropsko</w> 
 <w id="w17.1.3">javno</w> 
 <w id="w17.1.4">poročilo</w> 
 <w id="w17.1.5">o</w> 
 <w id="w17.1.6">oceni</w> 
 <w id="w17.1.7">zdravila</w> 
 <w id="w17.1.8">(</w>
 <w id="w17.1.9">EPAR</w>
 <w id="w17.1.10">)</w> 
 <w id="w17.1.11">za</w> 
 <w id="w17.1.12">zdravilo</w> 
 <w id="w17.1.13">Alimta</w> 
 <w id="w17.1.14">je</w> 
 <w id="w17.1.15">na</w> 
 <w id="w17.1.16">voljo</w> 
 <w id="w17.1.17">tukaj</w>
 <w id="w17.1.18">.</w>
</s></p>

<p id="18">
<s id="s18.1">
 <w id="w18.1.1">Povzetek</w> 
 <w id="w18.1.2">je</w> 
 <w id="w18.1.3">bil</w> 
 <w id="w18.1.4">nazadnje</w> 
 <w id="w18.1.5">posodobljen</w> 
 <w id="w18.1.6">04-</w>
 <w id="w18.1.7">2008</w>
 <w id="w18.1.8">.</w>
</s></p>

<p id="19">
<s id="s19.1">
 <w id="w19.1.1">3/</w>
 <w id="w19.1.2">3</w>
</s></p></text>
