<?xml version="1.0" encoding="utf-8"?>
<letsmt version="1.0">
<head></head>
<body>
<s id="s1.1">European Medicines Agency</s>
<s id="s2.1">EMEA/ V/ C/ 077</s>
<s id="s3.1">EVROPSKO JAVNO POROČILO O OCENI ZDRAVILA (EPAR)</s>
<s id="s4.1">DRAXXIN</s>
<s id="s5.1">Povzetek EPAR za javnost</s>
<s id="s6.1">Ta dokument je povzetek Evropskega javnega poročila o oceni zdravila (EPAR).</s>
<s id="s6.2">Njegov namen je pojasniti, kako je Odbor za zdravila za uporabo v veterinarski medicini (CVMP) ocenil predloženo dokumentacijo, na podlagi katere je oblikoval priporočila glede uporabe zdravila.</s>
<s id="s6.3">Če potrebujete več informacij o uporabi tega izdelka, se posvetujte z vašim nacionalnim veterinarskim organom.</s>
<s id="s6.4">Če želite več informacij o podlagi za priporočila CHMP, preberite znanstveno razpravo (ki je prav tako del EPAR).</s>
<s id="s7.1">Kaj je zdravilo DRAXXIN?</s>
<s id="s7.2">DRAXXIN vsebuje tulatromicin, ki spada v skupino zdravil z antibiotičnim delovanjem.</s>
<s id="s7.3">DRAXXIN je raztopina za injiciranje (100 mg/ ml).</s>
<s id="s8.1">Za kaj se zdravilo DRAXXIN uporablja?</s>
<s id="s8.2">Zdravilo DRAXXIN se uporablja za zdravljenje naslednjih bolezni, če jih povzročajo bakterije, ki so občutljive na tulatromicin:</s>
<s id="s9.1">•</s>
<s id="s10.1">dihalnih obolenj goveda (BRD), ki ga povzročajo Mannheimia haemolytica, Pasteurella multocida, Histophilus somni ali Mycoplasma bovis,</s>
<s id="s11.1">•</s>
<s id="s12.1">infekcioznega govejega keratokonjuktivitisa (IBK) pri govedu, obolenja oči, ki ga povzroča Moraxella bovis,</s>
<s id="s13.1">•</s>
<s id="s14.1">dihalnih obolenj prašičev (SRD), ki ga povzročajo Actinobacillus pleuropneumoniae, Pasteurella multocida, Mycoplasma hyopneumoniae ali Haemophilus parasuis.</s>
<s id="s15.1">Zdravilo DRAXXIN se lahko uporablja tudi za preprečevanje dihalnih obolenj goveda in dihalnih obolenj prašičev.</s>
<s id="s15.2">Zdravilo se lahko za preprečevanje obolenja pri govedu in prašičih uporablja šele potem, ko je bila v čredi ugotovljena prisotnost bolezni, pri prašičih pa, če se pričakuje, da se bo pri njih v dveh do treh dneh razvila bolezen.</s>
<s id="s16.1">Zdravilo DRAXXIN se daje kot enkratna injekcija v odmerku 2, 5 mg na kilogram telesne mase.</s>
<s id="s16.2">Pri govedu se injicira pod kožo, pri govedu s telesno težo več kot 300 kg pa se odmerek razdeli tako, da se na enem mestu ne injicira več kot 7, 5 ml.</s>
<s id="s16.3">Pri prašičih se injicira v mišico, pri prašičih s telesno težo več kot 80 kg pa se odmerek razdeli tako, da se na enem mestu ne injicirata več kot 2 ml zdravila.</s>
<s id="s16.4">Priporočljivo je, da se živali zdravi v zgodnjih fazah bolezni, njihov odziv na zdravljenje pa se oceni v 48 urah.</s>
<s id="s16.5">Če so simptomi še vedno prisotni, se poslabšujejo ali pa se ponovno pojavijo, je treba preiti na zdravljenje z drugim antibiotikom.</s>
<s id="s17.1">7 Westferry Circus, Canary Wharf, London E14 4HB, UK Tel.</s>
<s id="s17.2">(44- 20) 74 18 84 00 Fax (44- 20) 74 18 84 46 E- mail: mail@ emea. europa. eu http: // www. emea. europa. eu © EMEA European Medicines Agency, 2008.</s>
<s id="s17.3">Reproduction is authorised provided the source is acknowledged Kako zdravilo DRAXXIN deluje?</s>
<s id="s17.4">Zdravilna učinkovina v zdravilu DRAXXIN, tulatromicin, je antibiotik, ki spada v skupino „ makrolidov “.</s>
<s id="s17.5">Deluje s pripojitvijo na RNA (molekule, ki celici dajejo navodila, kako tvoriti beljakovine) v celicah bakterij.</s>
<s id="s17.6">To bakterijam preprečuje, da bi lahko tvorile življenjsko pomembne beljakovine ter zaustavi njihovo rast in razmnoževanje.</s>
<s id="s17.7">Zdravilo DRAXXIN je učinkovito proti bakterijam, ki najpogosteje povzročajo dihalna obolenja goveda, dihalna obolenja prašičev in infekciozni goveji keratokonjuktivitis.</s>
<s id="s17.8">Vendar pa se pri nekaterih bakterijah lahko razvije odpornost na tulatromicin, kar zmanjša njegovo učinkovitost.</s>
<s id="s18.1">Kako je bilo zdravilo DRAXXIN raziskano?</s>
<s id="s18.2">Učinkovitost zdravila DRAXXIN pri zdravljenju ali preprečevanju dihalnih obolenj goveda so raziskovali v devetih glavnih študijah, v katere so bila vključena teleta, izvedene pa so bile med izbruhom bolezni.</s>
<s id="s18.3">V študijah zdravljenja so bile živali okužene z bakterijami, ki povzročajo dihalna obolenja goveda, živali, vključene v študije preprečevanja bolezni, pa niso imele nobenih simptomov bolezni.</s>
<s id="s18.4">Zdravilo DRAXXIN so primerjali z zdravilom tilmikozin ali zdravilom florfenikol (drugima antibiotikoma), v študijah preprečevanja bolezni pa tudi s placebom (zdravilom brez zdravilne učinkovine).</s>
<s id="s18.5">Najpomembnejše merilo učinkovitosti je bila sprememba simptomov, vključno s telesno temperaturo, dihanjem in okrevanjem v obdobju od dveh tednov do dveh mesecev.</s>
<s id="s18.6">Pri zdravljenju infekcioznega govejega keratokonjuktivitisa so učinkovitost zdravila DRAXXIN raziskovali v treh glavnih študijah, v katere so bila vključena teleta.</s>
<s id="s18.7">V dveh študijah so ga primerjali z učinkovitostjo placeba, v tretji pa so ga primerjali tudi z oksitetraciklinom (drugim antibiotikom).</s>
<s id="s18.8">Najpomembnejše merilo učinkovitosti je bil delež telet, pri katerih je do ozdravitve bolezni prišlo po treh tednih.</s>
<s id="s18.9">Učinkovitost zdravila DRAXXIN pri zdravljenju dihalnih obolenj prašičev so raziskovali pri prašičih v dveh glavnih študijah, v katerih so ga primerjali z zdravilom tilmikozin ali zdravilom florfenikol.</s>
<s id="s18.10">Najpomembnejše merilo učinkovitosti je bila sprememba simptomov v 10 dneh.</s>
<s id="s18.11">Pri preprečevanju dihalnih obolenj prašičev so učinkovitost zdravila DRAXXIN raziskovali v šestih glavnih študijah, v katerih so ga primerjali s placebom.</s>
<s id="s18.12">Najpomembnejše merilo učinkovitosti je bil delež prašičev, ki so zaključili celotno obdobje treh ali šestih tednov trajanja vsake študije, ne da bi jih bilo treba izločiti iz študije zaradi dihalnih obolenj prašičev.</s>
<s id="s19.1">Kakšne koristi je zdravilo DRAXXIN izkazalo v raziskavah?</s>
<s id="s19.2">Enkratni odmerek v višini 2, 5 mg/ kg zdravila DRAXXIN je bil učinkovit pri zdravljenju in preprečevanju dihalnih obolenj goveda in dihalnih obolenj prašičev.</s>
<s id="s19.3">V vseh študijah je bilo zdravilo DRAXXIN vsaj tako učinkovito kot primerjalna zdravila.</s>
<s id="s19.4">Ob presojanju vseh študij skupaj je bilo učinkovitejše kot placebo.</s>
<s id="s20.1">V dveh izmed treh študij infekcioznega govejega keratokonjuktivitisa je bilo zdravilo DRAXXIN učinkovitejše kot placebo pri ozdravljenju bolezni.</s>
<s id="s20.2">Vendar pa v tretji študiji niso ugotovili nobene razlike med učinkovitostjo zdravila DRAXXIN, oksitetraciklina in placeba.</s>
<s id="s20.3">Vzroki za to niso povsem jasni.</s>
<s id="s21.1">Kakšna tveganja so povezana z dajanjem zdravila DRAXXIN?</s>
<s id="s21.2">Podkožno injiciranje zdravila DRAXXIN govedu pogosto povzroča začasno bolečino in oteklino na mestu injiciranja, ki lahko traja do 30 dni.</s>
<s id="s21.3">Teh reakcij pri prašičih po intramuskularnem injiciranju niso opazili.</s>
<s id="s21.4">Druge vrste reakcij na injekcijo so pri govedu in prašičih prisotne v obdobju približno 30 dni po injiciranju.</s>
<s id="s22.1">Zdravila DRAXXIN se ne sme uporabljati pri živalih, ki so preobčutljive za (alergične na) makrolidne antibiotike.</s>
<s id="s22.2">Prav tako se ga ne sme uporabljati ob istem času kot druge makrolidne antibiotike ali linkozamide (druge vrste antibiotičnega zdravila) pri govedu, ki daje mleko za prehrano ljudi, ali pri brejih kravah, namenjenih pridobivanju mleka za prehrano ljudi, v obdobju dveh mesecev pred pričakovanim datumom telitve.</s>
<s id="s23.1">stran 2/ 3 ©EMEA 2008 Kakšne previdnostne ukrepe mora upoštevati oseba, ki daje zdravilo ali pride v stik z živaljo?</s>
<s id="s23.2">Zdravilo DRAXXIN lahko draži oči.</s>
<s id="s23.3">Če zdravilo DRAXXIN po naključju zaide v oči, jih je treba takoj sprati s čisto vodo.</s>
<s id="s23.4">Zdravilo DRAXXIN lahko povzroči tudi senzibilizacijo (rdečico, srbenje in oteklino), če pride v stik s kožo.</s>
<s id="s23.5">V primeru nenamernega stika s kožo, kožo takoj sperite z milom in vodo.</s>
<s id="s23.6">Po uporabi si umijte roke.</s>
<s id="s23.7">V primeru nenamernega samoinjiciranja se takoj posvetujte z zdravnikom in mu pokažite navodilo za uporabo ali nalepko na zunanji ovojnini.</s>
<s id="s24.1">Koliko časa je potrebno počakati, preden se žival lahko zakolje in meso uporabi za prehrano ljudi?</s>
<s id="s24.2">Pri govedu, namenjenem za uporabo bodisi mesa ali drobovine, mora preteči 49 dni, preden se žival lahko zakolje.</s>
<s id="s24.3">Pri prašičih, namenjenih za uporabo bodisi mesa ali drobovine, mora preteči 33 dni.</s>
<s id="s25.1">Koliko časa mora preteči preden se lahko od živali pridobiva mleko za prehrano ljudi?</s>
<s id="s25.2">Zdravila DRAXXIN se ne sme uporabljati pri govedu, ki daje mleko za prehrano ljudi, niti pri brejih kravah, namenjenih pridobivanju mleka za prehrano ljudi, v obdobju dveh mesecev pred pričakovanim datumom telitve.</s>
<s id="s26.1">Zakaj je bilo zdravilo DRAXXIN odobreno?</s>
<s id="s26.2">Odbor za zdravila za uporabo v veterinarski medicini (CVMP) je zaključil, da so koristi zdravila DRAXXIN pri zdravljenju in preprečevanju dihalnih obolenj goveda in zdravljenju infekcioznega govejega keratokonjuktivitisa pri govedu in pri zdravljenju in preprečevanju dihalnih obolenj prašičev, večje od z njim povezanih tveganj, zato je priporočil odobritev dovoljenja za promet z zdravilom DRAXXIN.</s>
<s id="s26.3">Ocena razmerja med koristmi in tveganji je na voljo v modulu 6 tega evropskega javnega poročila o oceni zdravila (EPAR).</s>
<s id="s27.1">Druge informacije o zdravilu DRAXXIN:</s>
<s id="s27.2">Evropska komisija je dovoljenje za promet z zdravilom DRAXXIN, veljavno po vsej Evropski uniji, odobrila družbi Pfizer Limited dne 23. julija 2003.</s>
<s id="s27.3">Podatki o predpisovanju tega zdravila so navedeni na nalepki/ zunanji ovojnini.</s>
<s id="s28.1">Ta povzetek je bil nazadnje posodobljen 3. oktobra 2007.</s>
<s id="s29.1">stran 3/ 3 ©EMEA 2008</s>
</body>
</letsmt>
