<?xml version="1.0" encoding="utf-8"?>
<letsmt version="1.0">
<head></head>
<body>
<s id="s1.1">DODATEK I</s>
<s id="s2.1">POVZETEK GLAVNIH ZNAČILNOSTI ZDRAVILA</s>
<s id="s3.1">1 1.</s>
<s id="s3.2">IME ZDRAVILA ZA UPORABO V VETERINARSKI MEDICINI</s>
<s id="s4.1">Quadrisol 100 mg/ ml, peroralni gel za konje</s>
<s id="s5.1">2.</s>
<s id="s5.2">KAKOVOSTNA IN KOLIČINSKA SESTAVA</s>
<s id="s6.1">1 ml peroralnega gela Quadrisol vsebuje:</s>
<s id="s7.1">Zdravilna učinkovina:</s>
<s id="s7.2">Vedaprofen</s>
<s id="s8.1">100 mg</s>
<s id="s9.1">Pomožne snovi:</s>
<s id="s10.1">Propilenglikol</s>
<s id="s11.1">130 mg</s>
<s id="s12.1">Za celoten seznam pomožnih snovi, glejte poglavje 6. 1.</s>
<s id="s13.1">3.</s>
<s id="s13.2">FARMACEVTSKA OBLIKA</s>
<s id="s14.1">Peroralni gel</s>
<s id="s15.1">4.</s>
<s id="s15.2">KLINIČNI PODATKI</s>
<s id="s16.1">4. 1 Ciljne živalske vrste</s>
<s id="s17.1">Konj</s>
<s id="s18.1">4. 2 Indikacije za uporabo pri ciljnih živalskih vrstah</s>
<s id="s19.1">Zmanjšanje vnetja in bolečine pri mišično- skeletnih obolenjih in poškodbah mehkega tkiva (travmatskih poškodbah in kirurških travmah).</s>
<s id="s19.2">Če je kirurška travma pričakovana, lahko dajemo Quadrisol profilaktično najmanj 3 ure pred operativnim posegom.</s>
<s id="s20.1">4. 3 Kontraindikacije</s>
<s id="s21.1">Ne uporabite pri živalih, ki imajo obolenja prebavil ali srčne, jetrne ali ledvične okvare.</s>
<s id="s21.2">Ne uporabite pri žrebičkih, mlajših od 6 mesecev.</s>
<s id="s21.3">Ne uporabljajte pri kobilah v obdobju laktacije.</s>
<s id="s21.4">Ne uporabite v primeru preobčutljivosti na zdravilno učinkovino ali na katero koli pomožno snov.</s>
<s id="s22.1">4. 4 Posebna opozorila za vsako ciljno živalsko vrsto</s>
<s id="s23.1">Dirkalne in tekmovalne konje je treba zdraviti v skladu z nacionalnimi zahtevami.</s>
<s id="s23.2">Pri teh konjih je treba paziti, da je zdravljenje v skladu s tekmovalnimi predpisi.</s>
<s id="s23.3">V primeru dvoma je priporočljiva preiskava urina.</s>
<s id="s24.1">4. 5 Posebni previdnostni ukrepi</s>
<s id="s25.1">Posebni previdnostni ukrepi za uporabo pri živalih</s>
<s id="s26.1">Če se pojavijo neželeni učinki, je treba zdravljenje prekiniti.</s>
<s id="s26.2">Pri konjih s poškodbami v ustni votlini je treba stanje klinično oceniti, veterinar pa mora odločiti o nadaljevanju zdravljenja.</s>
<s id="s26.3">Če trajajo poškodbe v ustni votlini dlje časa, je treba zdravljenje prekiniti.</s>
<s id="s26.4">Konje je treba med zdravljenjem opazovati, da bi odkrili morebitne poškodbe v ustni votlini.</s>
<s id="s26.5">Uporabi zdravila se je treba izogibati pri dehidriranih, hipovolemičnih ali hipotenzivnih živalih, ker se pri njih lahko poveča nevarnost toksičnih učinkov na ledvice.</s>
<s id="s27.1">2 Posebni previdnostni ukrepi, ki jih mora izvajati oseba, ki živalim daje zdravilo</s>
<s id="s28.1">V primeru nenamernega zaužitja se takoj posvetujte z zdravnikom in mu pokažite navodila za uporabo ali ovojnino.</s>
<s id="s29.1">4. 6 Neželeni učinki (pogostnost in resnost)</s>
<s id="s30.1">Zasledili so značilne neželene učinke nesteroidnih protivnetnih zdravil (NSAID), kot so poškodbe v prebavilih, mehko blato, urtikarija in letargija.</s>
<s id="s30.2">Neželeni učinki so reverzibilni.</s>
<s id="s31.1">4. 7 Uporaba v obdobju brejosti, laktacije ali nesnosti</s>
<s id="s32.1">Lahko se uporablja v obdobju brejosti.</s>
<s id="s32.2">Varnost zdravila med laktacijo ni raziskana.</s>
<s id="s33.1">4. 8 Medsebojno delovanje z drugimi zdravili in druge oblike interakcij</s>
<s id="s34.1">Druga nesteroidna protivnetna zdravila (NSAID), diuretiki in snovi z veliko vezavo na beljakovine lahko tekmujejo za vezna mesta, zaradi česar lahko pride do toksičnih učinkov.</s>
<s id="s34.2">Quadrisola ne smemo dajati hkrati z drugimi nesteroidnimi protivnetnimi zdravili (NSAID) ali glukokortikosteroidi.</s>
<s id="s35.1">4. 9 Odmerjanje in pot uporabe</s>
<s id="s36.1">Za peroralno dajanje Zdravilo dajemo 2- krat na dan.</s>
<s id="s36.2">Začetni odmerek je 2 mg/ kg (2, 0 ml/ 100 kg), nato dajemo vzdrževalni odmerek po 1 mg/ kg (1, 0 ml/ 100 kg) vsakih 12 ur.</s>
<s id="s36.3">Zdravljenje lahko traja največ 14 zaporednih dni.</s>
<s id="s36.4">Pri profilaktičnem zdravljenju zadošča zdravljenje 7 zaporednih dni.</s>
<s id="s37.1">Da bi se izognili prevelikemu odmerjanju, je treba natančno določiti telesno maso.</s>
<s id="s38.1">Gel dajemo peroralno, tako da konico brizge potisnemo skozi medzobni prostor in potrebno količino gela iztisnemo na zadnjo stran jezika.</s>
<s id="s38.2">Pred dajanjem s pomikom objemke na batu brizgo nastavimo na izračunani odmerek.</s>
<s id="s39.1">Zdravilo je priporočljivo dajati pred krmljenjem.</s>
<s id="s40.1">Če je kirurška travma pričakovana, lahko dajemo Quadrisol profilaktično najmanj 3 ure pred kirurškim posegom.</s>
<s id="s41.1">4. 10 Preveliko odmerjanje (simptomi, nujni ukrepi, protistrupi) (če je potrebno)</s>
<s id="s42.1">Pojavijo se lahko poškodbe in krvavitve v prebavilih, driska, urtikarija, letargija in zmanjšan tek.</s>
<s id="s42.2">Če se pojavijo ti simptomi, je treba zdravljenje prekiniti.</s>
<s id="s42.3">Simptomi so reverzibilni.</s>
<s id="s42.4">Preveliki odmerki lahko povzročijo smrt zdravljenih živali.</s>
<s id="s43.1">4. 11 Karenca</s>
<s id="s44.1">Meso in organi:</s>
<s id="s44.2">12 dni Zdravila ne smemo dajati živalim v obdobju laktacije, katerih mleko je namenjeno za prehrano človeka.</s>
<s id="s45.1">5.</s>
<s id="s45.2">FARMAKOLOŠKE LASTNOSTI</s>
<s id="s46.1">Farmakoterapevtska skupina: nesteroidno protivnetno zdravilo Oznaka ATCvet:</s>
<s id="s46.2">QM01AE90</s>
<s id="s47.1">3 5. 1 Farmakodinamične lastnosti</s>
<s id="s48.1">Vedaprofen je nesteroidno protivnetno zdravilo (NSAID) iz skupine derivatov aril- propionske kisline.</s>
<s id="s48.2">Vedaprofen zavira encim sinteze prostaglandinov (ciklooksigenazo) in deluje protivnetno, antipiretično in analgetično.</s>
<s id="s48.3">Raziskave pri konjih so pokazale, da močno zavira sintezo prostaglandina E2 (Pg E2) v eksudatu in sintezo tromboksana B2 v serumu in eksudatu. Vsebuje nesimetrični ogljikov atom in je zato racemna zmes (+) enantiomera in (-) enantiomera.</s>
<s id="s48.4">Oba enantiomera prispevata k terapevtskim učinkom racemata.</s>
<s id="s48.5">(+) enantiomer močneje zavira sintezo prostaglandinov.</s>
<s id="s48.6">Oba enantiomera sta enako močna antagonista PGF2 α</s>
<s id="s49.1">5. 2 Farmakokinetični podatki</s>
<s id="s50.1">Vedaprofen se po peroralnem dajanju hitro absorbira.</s>
<s id="s50.2">Njegova biološka uporabnost po peroralnem dajanju je 80 do 90% vendar pa je znatno manjša, če zdravilo dajemo ob obroku hrane.</s>
<s id="s50.3">Končna razpolovna doba je po peroralnem dajanju 350 do 500 minut, po večkratnem peroralnem dajanju ne prihaja do kopičenja.</s>
<s id="s50.4">Ravnovesno stanje doseže hitro po začetku zdravljenja.</s>
<s id="s50.5">Vedaprofen se obsežno veže na beljakovine v plazmi in v veliki količini presnavlja.</s>
<s id="s50.6">Presnovek, ki nastaja v največji količini, je monohidroksilirani derivat.</s>
<s id="s50.7">Vsi presnovki vedaprofena so manj učinkoviti kot matična spojina, kar je pokazal preizkus zaviranja nastajanja tromboksana B2.</s>
<s id="s50.8">Približno 70% peroralno vnesenega odmerka se izloči z urinom.</s>
<s id="s51.1">6.</s>
<s id="s51.2">FARMACEVTSKI PODATKI</s>
<s id="s52.1">6. 1.</s>
<s id="s52.2">Seznam pomožnih snovi</s>
<s id="s53.1">voda (najmanj prečiščene kakovosti) propilenglikol hidroksietilceluloza kalijev hidroksid (E525) klorovodikova kislina čokoladna aroma</s>
<s id="s54.1">6. 2 Inkompatibilnosti</s>
<s id="s55.1">Niso znane.</s>
<s id="s56.1">6. 3 Rok uporabnosti</s>
<s id="s57.1">Rok uporabnosti zdravila v pakiranju za prodajo:</s>
<s id="s57.2">3 leta Rok uporabnosti po prvem odpiranju stične ovojnine:</s>
<s id="s57.3">2 meseca</s>
<s id="s58.1">6. 4 Posebna navodila za shranjevanje</s>
<s id="s59.1">Za shranjevanje ni posebnih navodil</s>
<s id="s60.1">6. 5 Vrsta ovojnine in vsebina</s>
<s id="s61.1">Nastavljiva večodmerna brizga po 30 ml, izdelana iz polietilena visoke gostote (bele barve) in polietilena nizke gostote (bele in naravne barve).</s>
<s id="s61.2">Brizga ima oznake po 1 ml in je opremljena z nastavkom za različne odmerke, ki jih lahko prilagajamo v stopnjah po 0, 5 ml.</s>
<s id="s61.3">Na voljo so zloženke z eno brizgo ali tremi brizgami.</s>
<s id="s62.1">6. 6 Posebni varnostni ukrepi za odstranjevanje neporabljenega zdravila ali odpadnih snovi</s>
<s id="s63.1">Vsako neporabljeno zdravilo za uporabo v veterinarski medicini ali odpadne snovi, ki nastanejo iz teh zdravil, je treba odstraniti v skladu z lokalnimi predpisi.</s>
<s id="s64.1">4 7.</s>
<s id="s64.2">IMETNIK DOVOLJENJA ZA PROMET</s>
<s id="s65.1">Intervet International B. V.</s>
<s id="s65.2">Wim de Körverstraat 35 5831 AN Boxmeer Nizozemska</s>
<s id="s66.1">8.</s>
<s id="s66.2">ŠTEVILKE DOVOLJENJ ZA PROMET</s>
<s id="s67.1">EU/ 2/ 97/ 005/ 001 EU/ 2/ 97/ 005/ 005</s>
<s id="s68.1">9.</s>
<s id="s68.2">DATUM PRIDOBITVE/ PODALJŠANJA DOVOLJENJA ZA PROMET</s>
<s id="s69.1">4. december 1997 / 13. november 2007</s>
<s id="s70.1">10.</s>
<s id="s70.2">DATUM REVIZIJE BESEDILA</s>
<s id="s71.1">PREPOVED PRODAJE, OSKRBE IN/ ALI UPORABE</s>
<s id="s72.1">Navedba ni smiselna.</s>
<s id="s73.1">5 DODATEK II</s>
<s id="s74.1">A.</s>
<s id="s74.2">IMETNIK( I) DOVOLJENJ( A) ZA IZDELAVO ZDRAVILA, ODGOVOREN( ODGOVORNI) ZA SPROŠČANJE SERIJE</s>
<s id="s75.1">B.</s>
<s id="s75.2">POGOJI DOVOLJENJA ZA PROMET Z ZDRAVILOM TER OMEJITVE GLEDE OSKRBE IN UPORABE</s>
<s id="s76.1">C.</s>
<s id="s76.2">POGOJI DOVOLJENJA ZA PROMET Z ZDRAVILOM TER OMEJITVE GLEDE VARNE IN UČINKOVITE UPORABE</s>
<s id="s77.1">D.</s>
<s id="s77.2">NAVEDBA NAJVIŠJIH DOVOLJENIH KOLIČIN ZAOSTANKOV ZDRAVILA (MRL)</s>
<s id="s78.1">6 A.</s>
<s id="s78.2">IMETNIK( I) DOVOLJENJ( A) ZA IZDELAVO ZDRAVILA, ODGOVOREN( ODGOVORNI) ZA SPROŠČANJE SERIJE</s>
<s id="s79.1">Ime in naslov izdelovalca, odgovornega za sproščanje serije</s>
<s id="s80.1">Intervet International B. V.</s>
<s id="s80.2">Wim de Körverstraat 35 5831 AN Boxmeer Nizozemska</s>
<s id="s81.1">Intervet Productions S. A.</s>
<s id="s81.2">Rue de Lyons F – 27460 Igoville Francija</s>
<s id="s82.1">V natisnjenem navodilu za uporabo zdravila mora biti navedeno ime in naslov izdelovalca, odgovornega za sprostitev zadevne serije.</s>
<s id="s83.1">B POGOJI DOVOLJENJA ZA PROMET Z ZDRAVILOM TER OMEJITVE GLEDE OSKRBE IN UPORABE</s>
<s id="s84.1">Izdaja zdravila je le na veterinarski recept.</s>
<s id="s85.1">C.</s>
<s id="s85.2">POGOJI DOVOLJENJA ZA PROMET Z ZDRAVILOM TER OMEJITVE GLEDE VARNE IN UČINKOVITE UPORABE</s>
<s id="s86.1">Navedba ni smiselna..</s>
<s id="s87.1">D.</s>
<s id="s87.2">NAVEDBA NAJVIŠJIH DOVOLJENIH KOLIČIN ZAOSTANKOV ZDRAVILA (MRL)</s>
<s id="s88.1">Vedaprofen je vključen v Dodatek I Uredbe Sveta (ES) št.</s>
<s id="s88.2">2377/ 90, kot je navedeno v tabeli:</s>
<s id="s88.3">Farmakološko aktivna snov</s>
<s id="s89.1">Marker zaostanek</s>
<s id="s90.1">Živalska vrsta</s>
<s id="s91.1">Najvišje dovoljene količine Ciljna tkiva zaostankov (MRL)</s>
<s id="s92.1">Druge določbe</s>
<s id="s93.1">vedaprofen</s>
<s id="s94.1">vedaprofen kopitarji</s>
<s id="s95.1">1000 µg/ kg ledvice 100 µg/ kg jetra 50 µg/ kg mišice 20 µg/ kg maščevje</s>
<s id="s96.1">Pomožne snovi so vključene v Dodatek II Uredbe Sveta (ES) št.</s>
<s id="s96.2">2377/ 90 kot je navedeno v tabeli:</s>
<s id="s96.3">Farmakološko aktivna snov</s>
<s id="s97.1">Živalska vrsta</s>
<s id="s98.1">Druge določbe</s>
<s id="s99.1">kalijev hidroksid (E525) 1</s>
<s id="s100.1">vse vrste, namenjene za prehrano ljudi klorovodikova kislina propilenglikol2</s>
<s id="s101.1">Hidroksietilceluloza in čokoladna aroma niso vključeni v Uredbo Sveta 2377/ 90. __________________________ 1 OJ No.</s>
<s id="s101.2">L 272 of 25. 10. 96 2 OJ No.</s>
<s id="s101.3">L 045 of 15. 02. 97</s>
<s id="s102.1">7 DODATEK III</s>
<s id="s103.1">OZNAČEVANJE IN NAVODILO ZA UPORABO</s>
<s id="s104.1">8 A.</s>
<s id="s104.2">OZNAČEVANJE</s>
<s id="s105.1">9 PODATKI NA ZUNANJI OVOJNINI</s>
<s id="s106.1">100 mg/ ml, peroralni gel za konje</s>
<s id="s107.1">1.</s>
<s id="s107.2">IME ZDRAVILA ZA UPORABO V VETERINARSKI MEDICINI</s>
<s id="s108.1">Quadrisol 100 mg/ ml, peroralni gel za konje</s>
<s id="s109.1">2.</s>
<s id="s109.2">NAVEDBA ZDRAVILNE UČINKOVINE IN DRUGIH SESTAVIN</s>
<s id="s110.1">Vedaprofen</s>
<s id="s111.1">100 mg/ ml</s>
<s id="s112.1">3.</s>
<s id="s112.2">FARMACEVTSKA OBLIKA</s>
<s id="s113.1">Peroralni gel</s>
<s id="s114.1">4.</s>
<s id="s114.2">VELIKOST PAKIRANJA</s>
<s id="s115.1">Brizga z nastavljivo velikostjo odmerka po 30 ml gela (EU/ 2/ 97/ 005/ 001) 3 brizge z nastavljivo velikostjo odmerka po 30 ml gela (EU/ 2/ 97/ 005/ 005)</s>
<s id="s116.1">5.</s>
<s id="s116.2">CILJNAE ŽIVALSKE VRSTE</s>
<s id="s117.1">Konji</s>
<s id="s118.1">6.</s>
<s id="s118.2">INDIKACIJA</s>
<s id="s119.1">Zmanjšanje vnetja in bolečine</s>
<s id="s120.1">7.</s>
<s id="s120.2">NAČIN IN POT( I) UPORABE</s>
<s id="s121.1">Za peroralno dajanje</s>
<s id="s122.1">8.</s>
<s id="s122.2">KARENCA</s>
<s id="s123.1">Meso in organi:</s>
<s id="s123.2">12 dni Zdravila ne smemo dajati kobilam v obdobju laktacije, katerih mleko je namenjeno za prehrano človeka.</s>
<s id="s124.1">9.</s>
<s id="s124.2">POSEBNA OPOZORILA</s>
<s id="s125.1">Če se pojavijo stranski učinki, moramo zdravljenje prekiniti.</s>
<s id="s125.2">Ne uporabite v obdobju laktacije.</s>
<s id="s125.3">Podrobni podatki o kontraindikacijah so v priloženem navodilu.</s>
<s id="s126.1">10 10.</s>
<s id="s126.2">DATUM IZTEKA ROKA UPORABNOSTI ZDRAVILA</s>
<s id="s127.1">EXP {mesec/ leto}</s>
<s id="s128.1">11.</s>
<s id="s128.2">POSEBNA NAVODILA ZA SHRANJEVANJE</s>
<s id="s129.1">Za shranjevanje ni posebnih navodil.</s>
<s id="s129.2">Rok uporabnosti po prvem odpiranju stične ovojnine:</s>
<s id="s129.3">2 meseca</s>
<s id="s130.1">12.</s>
<s id="s130.2">POSEBNI VARNOSTNI UKREPI ZA ODSTRANJEVANJE NEPORABLJENEGA ZDRAVILA ALI ODPADNIH SNOVI, ČE OBSTAJAJO</s>
<s id="s131.1">Vsako neporabljeno zdravilo za uporabo v veterinarski medicini ali odpadne snovi, ki nastanejo iz teh zdravil, je treba odstraniti v skladu z lokalnimi predpisi..</s>
<s id="s132.1">13.</s>
<s id="s132.2">BESEDILO “ SAMO ZA ŽIVALI ” IN POGOJI ALI OMEJITVE GLEDE OSKRBE IN UPORABE, če je navedba smiselna</s>
<s id="s133.1">Samo za živali - oskrba le na podlagi veterinarskega recepta</s>
<s id="s134.1">14.</s>
<s id="s134.2">BESEDILO ''ZDRAVILO SHRANJUJTE NEDOSEGLJIVO OTROKOM''</s>
<s id="s135.1">Zdravilo shranjujte nedosegljivo otrokom.</s>
<s id="s136.1">15.</s>
<s id="s136.2">IME IN NASLOV IMETNIKA DOVOLJENJA ZA PROMET Z ZDRAVILOM</s>
<s id="s137.1">Intervet International B. V.</s>
<s id="s137.2">Wim de Körverstraat 35 5831 AN Boxmeer Nizozemska</s>
<s id="s138.1">16.</s>
<s id="s138.2">ŠTEVILKA( E) DOVOLJENJ( A) ZA PROMET</s>
<s id="s139.1">EU/ 2/ 97/ 005/ 001 (1 x 30 ml) (EU/ 2/ 97/ 005/ 005 (3 x 30 ml)</s>
<s id="s140.1">17.</s>
<s id="s140.2">IZDELOVALČEVA ŠTEVILKA SERIJE</s>
<s id="s141.1">&lt; Serija &gt; &lt; lot &gt; &lt; številka serije &gt; {številka}</s>
<s id="s142.1">11 PODATKI, KI MORAJO BITI NAJMANJ NAVEDENI NA MANJŠIH STIČNIH OVOJNINAH</s>
<s id="s143.1">{nalepka na injektorju}</s>
<s id="s144.1">1.</s>
<s id="s144.2">IME ZDRAVILA ZA UPORABO V VETERINARSKI MEDICINI</s>
<s id="s145.1">Quadrisol 100 mg/ ml, peroralni gel za konje</s>
<s id="s146.1">2.</s>
<s id="s146.2">KOLIČINA ZDRAVILNE( IH) UČINKOVIN( E)</s>
<s id="s147.1">Vedaprofen Propilenglikol</s>
<s id="s148.1">100 mg/ ml 130 mg/ ml</s>
<s id="s149.1">3.</s>
<s id="s149.2">VSEBINA, IZRAŽENA Z MASO, PROSTORNINO ALI ŠTEVILOM ODMERKOV</s>
<s id="s150.1">30 ml</s>
<s id="s151.1">4.</s>
<s id="s151.2">POT( I) UPORABE ZDRAVILA</s>
<s id="s152.1">Za peroralno uporabo.</s>
<s id="s153.1">5.</s>
<s id="s153.2">KARENCA</s>
<s id="s154.1">Meso in organi:</s>
<s id="s154.2">12 dni</s>
<s id="s155.1">6.</s>
<s id="s155.2">ŠTEVILKA SERIJE</s>
<s id="s156.1">&lt; Serija &gt; &lt; lot &gt; &lt; številka serije &gt; {številka}</s>
<s id="s157.1">7.</s>
<s id="s157.2">DATUM IZTEKA ROKA UPORABNOSTI</s>
<s id="s158.1">EXP {mesec/ leto}</s>
<s id="s159.1">8.</s>
<s id="s159.2">BESEDILO “ SAMO ZA ŽIVALI ”</s>
<s id="s160.1">Samo za živali.</s>
<s id="s161.1">12 B.</s>
<s id="s161.2">NAVODILO ZA UPORABO</s>
<s id="s162.1">13 NAVODILO ZA UPORABO</s>
<s id="s163.1">Quadrisol 100 mg/ ml, peroralni gel za konje</s>
<s id="s164.1">1.</s>
<s id="s164.2">IME IN NASLOV IMETNIKA DOVOLJENJA ZA PROMET Z ZDRAVILOM TER IMETNIKA DOVOLJENJA ZA PROIZVODNJO ZDRAVILA, ODGOVORNEGA ZA SPROSTITEV SERIJ, ČE STA RAZLIČNA</s>
<s id="s165.1">Imetnik dovoljenja za promet z zdravilom:</s>
<s id="s166.1">Intervet International B. V.</s>
<s id="s166.2">Wim de Körverstraat 35 5831 AN Boxmeer Nizozemska</s>
<s id="s167.1">Izdelovalci, odgovorni za sproščanje serije:</s>
<s id="s168.1">Intervet International B. V.</s>
<s id="s168.2">Wim de Körverstraat 35 5831 AN Boxmeer Nizozemska</s>
<s id="s169.1">Intervet Productions S. A.</s>
<s id="s169.2">Rue de lyons F - 27460 Igoville Francija</s>
<s id="s170.1">V natisnjenem navodilu za uporabo zdravila mora biti navedeno ime in naslov izdelovalca, odgovornega za sprostitev zadevne serije.</s>
<s id="s171.1">2.</s>
<s id="s171.2">IME ZDRAVILA ZA UPORABO V VETERINARSKI MEDICINI</s>
<s id="s172.1">Quadrisol 100 mg/ ml, peroralni gel za konje</s>
<s id="s173.1">3.</s>
<s id="s173.2">NAVEDBA ZDRAVILNE UČINKOVINE IN DRUGIH SESTAVIN</s>
<s id="s174.1">Vedaprofen Propilenglikol</s>
<s id="s175.1">100 mg/ ml 130 mg/ ml</s>
<s id="s176.1">4.</s>
<s id="s176.2">INDIKACIJA</s>
<s id="s177.1">Zmanjšanje vnetja in bolečine pri mišično- skeletnih obolenjih in poškodbah mehkega tkiva (travmatskih poškodbah in kirurških travmah).</s>
<s id="s177.2">Če je kirurška travma pričakovana, lahko dajemo Quadrisol profilaktično najmanj 3 ure pred operativnim posegom.</s>
<s id="s178.1">5.</s>
<s id="s178.2">KONTRAINDIKACIJE</s>
<s id="s179.1">Ne uporabite pri živalih, ki imajo obolenja prebavil ali srčne, jetrne ali ledvične okvare.</s>
<s id="s179.2">Ne uporabljajte pri žrebičkih, mlajših od 6 mesecev.</s>
<s id="s179.3">Ne uporabite v obdobju laktacije.</s>
<s id="s179.4">Quadrisola ne smete dajati hkrati z drugimi nesteroidnimi protivnetnimi zdravili (NSAID) ali glukokortikosteroidi.</s>
<s id="s179.5">Ne uporabite v primeru preobčutljivosti na zdravilno učinkovino ali na katerokoli pomožno snov.</s>
<s id="s180.1">14 6.</s>
<s id="s180.2">NEŽELENI UČINKI</s>
<s id="s181.1">Zasledili so značilne neželene učinke nesteroidnih protivnetnih zdravil (NSAID), kot so poškodbe in krvavitve v prebavilih, driska, urtikarija, letargija in zmanjšan tek.</s>
<s id="s181.2">Če se ti simptomi pojavijo, je treba zdravljenje prekiniti.</s>
<s id="s181.3">Simptomi so reverzibilni.</s>
<s id="s181.4">Preveliko odmerjanje lahko povzroči smrt živali.</s>
<s id="s181.5">Če opazite kakršnekoli druge stranske učinke, obvestite svojega veterinarja.</s>
<s id="s182.1">7.</s>
<s id="s182.2">CILJNE ŽIVALSKE VRSTE</s>
<s id="s183.1">Konj</s>
<s id="s184.1">8.</s>
<s id="s184.2">ODMERKI ZA POSAMEZNE ŽIVALSKE VRSTE TER POT( I) IN NAČIN UPORABE</s>
<s id="s185.1">Quadrisol dajemo 2- krat na dan.</s>
<s id="s185.2">Priporočeno odmerjanje je začetni odmerek po 2 mg/ kg (2, 0 ml/ 100 kg), nato zdravljenje nadaljujemo z vzdrževalnim odmerkom po 1 mg/ kg (1, 0 ml/ 100 kg) vsakih 12 ur.</s>
<s id="s186.1">Za peroralno dajanje.</s>
<s id="s187.1">9.</s>
<s id="s187.2">NASVET O PRAVILNI UPORABI ZDRAVILA</s>
<s id="s188.1">Zdravljenje lahko traja največ 14 zaporednih dni.</s>
<s id="s188.2">Da bi se izognili prevelikemu odmerjanje, je treba natančno določiti telesno maso in odmerjanje.</s>
<s id="s188.3">Pri profilaktičnem zdravljenju zadošča 7- dnevno dajanje zdravila.</s>
<s id="s188.4">Gel dajemo peroralno, tako da konico brizge potisnemo skozi medzobni prostor in potrebno količino gela iztisnemo na zadnjo stran jezika.</s>
<s id="s188.5">Pred dajanjem s pomikom objemke na batu brizgo nastavimo na izračunani odmerek.</s>
<s id="s188.6">Zdravilo je priporočljivo dajati pred krmljenjem.</s>
<s id="s189.1">10.</s>
<s id="s189.2">KARENCA</s>
<s id="s190.1">Meso in organi:</s>
<s id="s190.2">12 dni Zdravila ne dajemo živalim v obdobju laktacije, katerih mleko je namenjeno za prehrano človeka.</s>
<s id="s191.1">11.</s>
<s id="s191.2">POSEBNA NAVODILA ZA SHRANJEVANJE</s>
<s id="s192.1">Zdravilo shranjujte nedosegljivo otrokom.</s>
<s id="s192.2">Za shranjevanje ni posebnih navodil.</s>
<s id="s192.3">Rok uporabnosti po prvem odpiranju vsebnika:</s>
<s id="s192.4">2 meseca Zdravila ne smete uporabljati po datumu izteka roka uporabnosti, navedenega na ovojnini.</s>
<s id="s193.1">12.</s>
<s id="s193.2">POSEBNA OPOZORILA</s>
<s id="s194.1">Varnost zdravila ni dokazana med laktacijo.</s>
<s id="s194.2">Quadrisol po 100 mg/ ml se sme dajati v obdobju brejosti.</s>
<s id="s195.1">Pri konjih s poškodbami v ustni votlini je treba stanje klinično oceniti, lečeči veterinar pa mora odločiti o nadaljevanju zdravljenja.</s>
<s id="s195.2">Če trajajo poškodbe v ustni votlini dlje časa, je treba zdravljenje prekiniti.</s>
<s id="s196.1">Konje je treba med zdravljenjem opazovati, da bi odkrili morebitne poškodbe v ustni votlini.</s>
<s id="s196.2">Uporabi zdravila se je treba izogibati pri dehidriranih, hipovolemičnih ali hipotenzivnih živalih, ker se pri njih lahko poveča nevarnost toksičnih učinkov na ledvice.</s>
<s id="s197.1">15 Dirkalne in tekmovalne konje je treba zdraviti v skladu z nacionalnimi zahtevami.</s>
<s id="s197.2">Pri teh konjih je treba paziti, da je zdravljenje v skladu s tekmovalnimi predpisi.</s>
<s id="s197.3">V primeru dvoma je priporočljiva preiskava urina.</s>
<s id="s198.1">V primeru nenamernega zaužitja se takoj posvetujte z zdravnikom in mu pokažite navodila za uporabo ali ovojnino.</s>
<s id="s199.1">13.</s>
<s id="s199.2">POSEBNI VARNOSTNI UKREPI ZA ODSTRANJEVANJE NEPORABLJENEGA ZDRAVILA ALI ODPADNIH SNOVI, ČE OBSTAJAJO</s>
<s id="s200.1">Vsako neporabljeno zdravilo ali odpadne snovi, ki nastanejo iz teh zdravil, je treba odstraniti v skladu z nacionalnimi zahtevami.</s>
<s id="s201.1">14.</s>
<s id="s201.2">DATUM ZADNJE ODOBRITVE NAVODIL ZA UPORABO</s>
<s id="s202.1">15.</s>
<s id="s202.2">DRUGE INFORMACIJE</s>
<s id="s203.1">Samo za živali.</s>
<s id="s204.1">16</s>
</body>
</letsmt>
