<?xml version="1.0" encoding="utf-8"?>
<letsmt version="1.0">
<head></head>
<body>
<s id="s1.1">European Medicines Agency Evaluation of Medicines for Human Use</s>
<s id="s2.1">London, 21 August 2006 EMEA/ CHMP/ 212746/ 2006</s>
<s id="s3.1">COMMITTEE FOR MEDICINAL PRODUCTS FOR HUMAN USE (CHMP)</s>
<s id="s4.1">OPINION FOLLOWING AN ARTICLE 29(2)1 REFERRAL FOR Ceftriaxone Tyrol Pharma and associated names International Non-Proprietary Name (INN):</s>
<s id="s4.2">Ceftriaxone</s>
<s id="s5.1">BACKGROUND INFORMATION</s>
<s id="s6.1">Ceftriaxone Tyrol Pharma and associated names, 1g and 2 g powder for solution for injection/ infusion, is an antibiotic, being a third generation cephalosporin.</s>
<s id="s6.2">It is indicated for the treatment of the following infections when caused by micro-organisms that are susceptible to ceftriaxone and if parenteral treatment is necessary: • sepsis • bacterial meningitis • infections of bones or joints • infections of skin or soft tissues • pneumonia Ceftriaxone is indicated for perioperative prophylaxis in patients with a certain risk of severe postoperative infections.</s>
<s id="s6.3">Depending on the mode of surgery and the expected spectrum of pathogens ceftriaxone should be combined with an appropriate antimicrobial agent with additional anaerobic coverage.</s>
<s id="s7.1">Sandoz GmbH submitted applications for mutual recognition of Ceftriaxone Tyrol Pharma and associated names, 1g and 2g, solution for injection/ infusion on the basis of the marketing authorisation granted by Germany on 13 August 2002.</s>
<s id="s7.2">The Mutual Recognition Procedure started on 24 March 2005.</s>
<s id="s7.3">The Reference Member State was Germany and the Concerned Member States were Finland and the United Kingdom.</s>
<s id="s7.4">These Member States were not been able to reach an agreement in respect of the Mutual Recognition of the Marketing Authorisation granted by the Reference Member State.</s>
<s id="s7.5">The United Kingdom referred the reasons for disagreement to the EMEA on 16 August 2005.</s>
<s id="s8.1">Significant difference has been identified with regard to the proposed SPC compared to the SPC of the reference product in the UK.</s>
<s id="s8.2">This refers to the dosing recommendation for the newborn and this was considered to be of serious public health concern.</s>
<s id="s8.3">The posology in neonates where higher doses were proposed for neonates aged 15-27 days (80 mg/ kg) while the standard dose is 20-50mg/ kg in the UK for neonates 0-28 days.</s>
<s id="s9.1">The arbitration procedure started on 15 September 2005 with the adoption of a list of questions.</s>
<s id="s9.2">The Rapporteur was Dr.</s>
<s id="s9.3">Broich and Co-Rapporteurs were Dr.</s>
<s id="s9.4">Hudson and Dr.</s>
<s id="s9.5">Kuitunen.</s>
<s id="s9.6">The Marketing Authorisation Holder provided written explanations on 28 November 2005.</s>
<s id="s10.1">During their May 2006 meeting, the CHMP, in the light of the overall data submitted and the scientific discussion within the Committee, was of the opinion that the benefit/ risk ratio is favourable for Ceftriaxone Tyrol Pharma and associated names, that the objections raised by United Kingdom should</s>
<s id="s11.1">1 Article 29(2) of Directive 2001/ 83/ EC, as amended.</s>
<s id="s11.2">7 Westferry Circus, Canary Wharf, London, E14 4HB, UK Tel.</s>
<s id="s11.3">(44-20) 74 18 84 00 Fax (44-20) 74 18 86 13 E-mail: mail@emea. eu. int http: / /www. emea. eu. int ©EMEA 2006 Reproduction and/ or distribution of this document is authorised for non commercial purposes only provided the EMEA is acknowledged not prevent the granting of a Marketing Authorisation and that the Summary of Product Characteristics, labelling and package leaflet of the Reference Member State should be amended.</s>
<s id="s11.4">A positive opinion was adopted by majority on 1 June 2006.</s>
<s id="s12.1">The list of the product names concerned is given in Annex I.</s>
<s id="s12.2">The scientific conclusions are provided in Annex II, together with the Summary of Product Characteristics in Annex III.</s>
<s id="s13.1">The final opinion was converted into a Decision by the European Commission on 21 August 2006.</s>
<s id="s14.1">©EMEA 2006</s>
<s id="s15.1">2/ 2</s>
</body>
</letsmt>
