<?xml version="1.0" encoding="utf-8"?>
<letsmt version="1.0">
<head></head>
<body>
<s id="s1.1">European Medicines Agency Evaluation of Medicines for Human Use</s>
<s id="s2.1">London, 02 December 2008 Doc.</s>
<s id="s2.2">Ref.</s>
<s id="s2.3">EMEA/ CHMP/ 384875/ 2008</s>
<s id="s3.1">COMMITTEE FOR MEDICINAL PRODUCTS FOR HUMAN USE (CHMP)</s>
<s id="s4.1">OPINION FOLLOWING AN ARTICLE 30 REFERRAL FOR Efexor and associated names International Non-Proprietary Name (INN): venlafaxine</s>
<s id="s5.1">BACKGROUND INFORMATION</s>
<s id="s6.1">Efexor, 25 mg, 37.5 mg, 50 mg, 75 mg, tablets, is an antidepressant indicated for the treatment of major depressive episodes and for the prevention of recurrence of major depressive episodes.</s>
<s id="s7.1">On 3 May 2007, the European Commission presented to the EMEA a referral under Article 30 of Directive 2001/ 83/ EC, as amended, in order to harmonise the nationally authorised Summaries of Product Characteristics (SPC), Labelling and Package Leaflet of the medicinal product Efexor.</s>
<s id="s8.1">The basis for referral was that there were divergences in the Summaries of Product Characteristics (SPC) of Efexor approved across EU Member States, with respect to the treatment of major depressive episodes and for the prevention of recurrence of major depressive episodes.</s>
<s id="s9.1">This medicinal product belongs to the 2007 list of products identified for SPC harmonisation.</s>
<s id="s10.1">The procedure started on 24 May 2007.</s>
<s id="s10.2">The Marketing Authorisation Holder provided supplementary information on 26 September 2007.</s>
<s id="s11.1">During its July 2008 meeting, the CHMP, in the light of the overall submitted data and the scientific discussion within the Committee, was of the opinion that the proposal for the harmonisation of the SPC, Labelling and Package Leaflet was acceptable and that they should be amended.</s>
<s id="s12.1">The CHMP gave a positive opinion on 24 July 2008 with a subsequent revision on 25 September 2008 recommending the harmonisation of the SPC, Labelling and Package Leaflet for Efexor.</s>
<s id="s13.1">The list of product names concerned is given in Annex I.</s>
<s id="s13.2">The scientific conclusions are provided in Annex II together with the amended SPC, Labelling and Package Leaflet in Annex III.</s>
<s id="s14.1">A Decision was issued by the European Commission on 28 November 2008.</s>
<s id="s15.1">7 Westferry Circus, Canary Wharf, London, E14 4HB, UK Tel.</s>
<s id="s15.2">(44-20) 74 18 84 00 Fax (44-20) 74 18 86 13 E-mail: mail@emea. europa. eu http: / /www. emea. europa. eu © European Medicines Agency, 2008.</s>
<s id="s15.3">Reproduction is authorised provided the source is acknowledged.</s>
</body>
</letsmt>
