<?xml version="1.0" encoding="utf-8"?>
<letsmt version="1.0">
<head></head>
<body>
<s id="s1.1">EU številka</s>
<s id="s2.1">Izmišljeno ime</s>
<s id="s3.1">Jakost</s>
<s id="s4.1">Farmacevtska oblika</s>
<s id="s5.1">Ciljna živalska vrsta</s>
<s id="s6.1">Način uporabe zdravila</s>
<s id="s7.1">Ovojnina</s>
<s id="s8.1">Vsebina</s>
<s id="s9.1">Velikost pakiranja</s>
<s id="s10.1">Karenca</s>
<s id="s11.1">EU/ 2/ 09/ 093/ 001 Netvax</s>
<s id="s12.1">ne manj kot 6, 8 i. e. * v odmerku</s>
<s id="s13.1">emulzija za injiciranje</s>
<s id="s14.1">piščanci</s>
<s id="s15.1">intramuskularna uporaba</s>
<s id="s16.1">plastenka iz polietilena visoke gostote z zamaškom iz klorobutilne gume in aluminijasto zaporko</s>
<s id="s17.1">500 ml</s>
<s id="s18.1">1 plastenka</s>
<s id="s19.1">nič dni</s>
<s id="s20.1">EU/ 2/ 09/ 093/ 002 Netvax</s>
<s id="s21.1">ne manj kot emulzija za 6, 8 i. e. * v injiciranje odmerku</s>
<s id="s22.1">piščanci</s>
<s id="s23.1">intramuskularna uporaba</s>
<s id="s24.1">plastenka iz polietilena visoke gostote z zamaškom iz klorobutilne gume in aluminijasto zaporko</s>
<s id="s25.1">500 ml</s>
<s id="s26.1">6 plastenk</s>
<s id="s27.1">nič dni</s>
<s id="s28.1">* mednarodne enote na ml kunčjega seruma, določeno s preizkusom zaviranja hemolize</s>
<s id="s29.1">1/ 1</s>
</body>
</letsmt>
