<?xml version="1.0" encoding="utf-8"?>
<letsmt version="1.0">
<head></head>
<body>
<s id="s1.1">DODATEK I</s>
<s id="s2.1">POVZETEK GLAVNIH ZNAČILNOSTI ZDRAVILA</s>
<s id="s3.1">1 1.</s>
<s id="s3.2">IME ZDRAVILA ZA UPORABO V VETERINARSKI MEDICINI</s>
<s id="s4.1">Netvax, emulzija za injiciranje za piščance</s>
<s id="s5.1">2.</s>
<s id="s5.2">KAKOVOSTNA IN KOLIČINSKA SESTAVA</s>
<s id="s6.1">En odmerek (0, 5ml) vsebuje:</s>
<s id="s7.1">Zdravilna učinkovina:</s>
<s id="s8.1">Clostridium perfringens tipa A, toksoid alfa</s>
<s id="s9.1">ne manj kot 6, 8 i. e. *</s>
<s id="s10.1">Dodatek</s>
<s id="s11.1">lahko mineralno olje</s>
<s id="s12.1">0, 31 ml</s>
<s id="s13.1">Pomožne snovi</s>
<s id="s14.1">tiomersal</s>
<s id="s15.1">0, 035- 0, 05 mg</s>
<s id="s16.1">* mednarodne enote na ml kunčjega seruma, določeno s preizkusom zaviranja hemolize</s>
<s id="s17.1">Za celoten seznam pomožnih snovi glejte poglavje 6. 1.</s>
<s id="s18.1">3.</s>
<s id="s18.2">FARMACEVTSKA OBLIKA</s>
<s id="s19.1">Emulzija za injiciranje Skoraj bela oljna emulzija</s>
<s id="s20.1">4.</s>
<s id="s20.2">KLINIČNI PODATKI</s>
<s id="s21.1">4. 1 Ciljne živalske vrste</s>
<s id="s22.1">Piščanci</s>
<s id="s23.1">4. 2 Indikacije za uporabo pri ciljnih živalskih vrstah</s>
<s id="s24.1">Za aktivno imunizacijo piščancev proti nekrotičnemu enteritisu v času nesnosti in prenos pasivne zaščite na njihove potomce.</s>
<s id="s25.1">Za zmanjšanje pogina ter pojavnosti in resnosti okvar pri nekrotičnem enteritisu, ki jih povzroča bakterija Clostridium perfringens tipa A.</s>
<s id="s25.2">Učinkovitost je dokazana z izzivnim preizkusom pri piščancih približno tri tedne po izvalitvi.</s>
<s id="s26.1">Prenos pasivne imunosti:</s>
<s id="s26.2">6 tednov po končanem postopku cepljenja.</s>
<s id="s27.1">Trajanje prenesene pasivne imunosti:</s>
<s id="s27.2">51 tednov po končanem postopku cepljenja.</s>
<s id="s28.1">4. 3 Kontraindikacije</s>
<s id="s29.1">Niso znane.</s>
<s id="s30.1">4. 4 Posebna opozorila</s>
<s id="s31.1">Jih ni.</s>
<s id="s32.1">2 4. 5 Posebni previdnostni ukrepi</s>
<s id="s33.1">Jih ni.</s>
<s id="s34.1">Posebni previdnostni ukrepi za uporabo pri živalih</s>
<s id="s35.1">Jih ni.</s>
<s id="s36.1">Posebni previdnostni ukrepi, ki jih mora izvajati oseba, ki živalim daje zdravilo</s>
<s id="s37.1">Namenjeno uporabniku:</s>
<s id="s37.2">Zdravilo vsebuje mineralno olje.</s>
<s id="s37.3">Nenamerno injiciranje/ samo- injiciranje lahko povzroči hude bolečine in otekline, zlasti ob injiciranju v sklep ali prst, in lahko v izjemnih primerih, če ni zagotovljena takojšnja zdravniška oskrba, privede do izgube prizadetega prsta.</s>
<s id="s37.4">Če vam je bil ta proizvod nenamerno injiciran, se takoj posvetujte z zdravnikom, čeprav je bila injicirana le majhna količina, in mu pokažite navodilo za uporabo.</s>
<s id="s37.5">Če bolečina ne popusti po 12 urah po zdravniškem pregledu, se ponovno posvetujte z zdravnikom.</s>
<s id="s38.1">Namenjeno zdravniku:</s>
<s id="s38.2">Zdravilo vsebuje mineralno olje.</s>
<s id="s38.3">Čeprav je bila injicirana le majhna količina, lahko nenamerno injiciranje tega zdravila povzroči močno oteklino, ki lahko na primer privede do ishemične nekroze ter celo do izgube prsta.</s>
<s id="s38.4">Potreben je strokoven, TAKOJŠEN, kirurški poseg ter morda tudi takojšnja incizija in izpiranje injiciranega mesta, zlasti če so prizadete tudi kite ali mehka tkiva prsta.</s>
<s id="s39.1">4. 6 Neželeni učinki (pogostost in resnost)</s>
<s id="s40.1">Po intramuskularnem cepljenju niso bile opažene nikakršne sistemske spremembe.</s>
<s id="s40.2">Cepljenje lahko povzroči zmerno oteklino tkiva na prsih, ki v 30 dneh mine.</s>
<s id="s40.3">Po drugem cepljenju lahko takšna oteklina traja najmanj 35 dni.</s>
<s id="s40.4">Oteklina je bila zelo pogosta.</s>
<s id="s41.1">4. 7 Uporaba v obdobju brejosti, laktacije ali nesnosti</s>
<s id="s42.1">Uporaba cepiva je varna pri pticah v obdobju nesnosti in pri vzrejnih pticah.</s>
<s id="s43.1">4. 8 Medsebojno delovanje z drugimi zdravili in druge oblike interakcij</s>
<s id="s44.1">Ni podatkov o varnosti ter učinkovitosti ob uporabi tega cepiva s katerim koli drugim zdravilom za uporabo v veterinarski medicini.</s>
<s id="s44.2">Zato se za uporabo tega cepiva pred ali po uporabi katerega koli drugega zdravila odločamo od primera od primera.</s>
<s id="s45.1">4. 9 Odmerjanje in pot uporabe</s>
<s id="s46.1">Piščance cepite intramuskularno v prsno mišico.</s>
<s id="s46.2">En odmerek po 0, 5 ml dajemo pri starosti 10 do 14 tednov.</s>
<s id="s46.3">Drugi odmerek po 0, 5 ml dajemo 4 do 10 tednov po prvem.</s>
<s id="s46.4">Drugega odmerka ne smemo dati pozneje kot 6 tednov pred začetkom obdobja nesnosti.</s>
<s id="s46.5">Pred uporabo dobro pretresite.</s>
<s id="s46.6">Uporabljajte sterilne brizge in igle.</s>
<s id="s46.7">Upoštevajte običajna merila aseptičnega dajanja.</s>
<s id="s47.1">4. 10 Preveliko odmerjanje (simptomi, nujni ukrepi, protistrupi) (če je potrebno)</s>
<s id="s48.1">Po dajanju dvojnega odmerka se lahko nekoliko povečajo lokalne reakcije (glejte poglavje 4. 6).</s>
<s id="s49.1">3 4. 11 Karenca</s>
<s id="s50.1">Nič dni.</s>
<s id="s51.1">5.</s>
<s id="s51.2">IMUNOLOŠKE LASTNOSTI</s>
<s id="s52.1">Farmakoterapevtska skupina: imunološka zdravila za ptice, oznaka ATCvet:</s>
<s id="s52.2">QI01AB08</s>
<s id="s53.1">Za aktivno imunizacijo piščancev proti nekrotičnemu enteritisu v času nesnosti in prenos pasivne zaščite na njihove potomce.</s>
<s id="s54.1">6.</s>
<s id="s54.2">FARMACEVTSKI PODATKI</s>
<s id="s55.1">6. 1 Seznam pomožnih snovi</s>
<s id="s56.1">lahko mineralno olje tiomersal formaldehid sorbitan oleat polisorbat 80 benzilalkohol trietanolamin EDTA natrijev klorid</s>
<s id="s57.1">6. 2 Inkompatibilnosti</s>
<s id="s58.1">Ne mešajte z nobenim drugim zdravilom za uporabo v veterinarski medicini.</s>
<s id="s59.1">6. 3 Rok uporabnosti</s>
<s id="s60.1">Rok uporabnosti zdravila v pakiranju za prodajo:</s>
<s id="s60.2">18 mesecev.</s>
<s id="s60.3">Rok uporabnosti po prvem odpiranju stične ovojnine: uporabite takoj.</s>
<s id="s61.1">6. 4.</s>
<s id="s61.2">Posebna navodila za shranjevanje</s>
<s id="s62.1">Shranjujte in prevažajte v hladilniku (2 °C – 8 °C).</s>
<s id="s62.2">Zdravilo ne sme zmrzniti.</s>
<s id="s62.3">Zaščitite pred svetlobo.</s>
<s id="s63.1">6. 5 Vrsta ovojnine in vsebina</s>
<s id="s64.1">Steklenička iz polietilena velike gostote (HDPE) s klorobutilnim gumijastim zamaškom in aluminijasto zaporko z odprtino v sredini.</s>
<s id="s65.1">Velikost pakiranja 1 x 500 ml 6 x 500 ml Ni nujno, da so v prometu vsa navedena pakiranja.</s>
<s id="s66.1">6. 6 Posebni varnostni ukrepi za odstranjevanje neporabljenega zdravila ali odpadnih snovi</s>
<s id="s67.1">Vsako neporabljeno zdravilo za uporabo v veterinarski medicini ali odpadne snovi, ki nastanejo iz teh zdravil, je treba odstraniti v skladu z lokalnimi predpisi.</s>
<s id="s68.1">4 7.</s>
<s id="s68.2">IMETNIK DOVOLJENJA ZA PROMET</s>
<s id="s69.1">Intervet International B. V.</s>
<s id="s69.2">Wim de Körverstraat 35 5831AN Boxmeer Nizozemska</s>
<s id="s70.1">8.</s>
<s id="s70.2">ŠTEVILKA( E) DOVOLJENJ( A) ZA PROMET</s>
<s id="s71.1">EU/ 2/ 09/ 093/ 001 EU/ 2/ 09/ 093/ 002</s>
<s id="s72.1">9.</s>
<s id="s72.2">DATUM PRIDOBITVE/ PODALJŠANJA DOVOLJENJA ZA PROMET</s>
<s id="s73.1">16/ 04/ 2009</s>
<s id="s74.1">10.</s>
<s id="s74.2">DATUM REVIZIJE BESEDILA</s>
<s id="s75.1">16/ 04/ 2009</s>
<s id="s76.1">PREPOVED PRODAJE, OSKRBE IN/ ALI UPORABE</s>
<s id="s77.1">Ni smiselno.</s>
<s id="s78.1">5 DODATEK II</s>
<s id="s79.1">A.</s>
<s id="s79.2">IZDELOVALEC( IZDELOVALCI) BIOLOŠKE ZDRAVILNE UČINKOVINE (ZDRAVILNIH UČINKOVIN) IN IMETNIK( I) DOVOLJENJ( A) ZA IZDELAVO ZDRAVILA, ODGOVOREN( ODGOVORNI) ZA SPROŠČANJE SERIJE</s>
<s id="s80.1">B.</s>
<s id="s80.2">POGOJI DOVOLJENJA ZA PROMET Z ZDRAVILOM TER OMEJITVE GLEDE OSKRBE IN UPORABE</s>
<s id="s81.1">C.</s>
<s id="s81.2">POGOJI DOVOLJENJA ZA PROMET Z ZDRAVILOM TER OMEJITVE GLEDE VARNE IN UČINKOVITE UPORABE</s>
<s id="s82.1">D.</s>
<s id="s82.2">NAVEDBA NAJVIŠJIH DOVOLJENIH KOLIČIN OSTANKOV ZDRAVILA (MRL)</s>
<s id="s83.1">6 A.</s>
<s id="s83.2">IZDELOVALEC( IZDELOVALCI) BIOLOŠKE ZDRAVILNE UČINKOVINE (ZDRAVILNIH UČINKOVIN) IN IMETNIK( I) DOVOLJENJ( A) ZA IZDELAVO ZDRAVILA, ODGOVOREN( ODGOVORNI) ZA SPROSTITEV SERIJE</s>
<s id="s84.1">Ime in naslov izdelovalca( izdelovalcev) biološke zdravilne učinkovine (zdravilnih učinkovin)</s>
<s id="s85.1">Schering- Plough Animal Health 33 Whakatiki Street Upper Hutt Nova Zelandija</s>
<s id="s86.1">Ime in naslov izdelovalca zdravila, odgovornega za sprostitev serije</s>
<s id="s87.1">S- P Veterinary Ltd Breakspear Road South Harefield Uxbridge UB9 6LS Združeno kraljestvo</s>
<s id="s88.1">B.</s>
<s id="s88.2">POGOJI DOVOLJENJA ZA PROMET Z ZDRAVILOM TER OMEJITVE GLEDE OSKRBE IN UPORABE</s>
<s id="s89.1">Na veterinarski recept.</s>
<s id="s90.1">C.</s>
<s id="s90.2">POGOJI DOVOLJENJA ZA PROMET Z ZDRAVILOM TER OMEJITVE GLEDE VARNE IN UČINKOVITE UPORABE</s>
<s id="s91.1">Skladno z 71. členom Direktive 2001/ 82/ ES Evropskega parlamenta in Sveta, države članice prepovejo ali lahko prepovejo uvoz, prodajo, oskrbo in/ ali uporabo zdravila za uporabo v veterinarski medicini na svojem celotnem ozemlju ali delu ozemlja, če se ugotovi da:</s>
<s id="s92.1">a) bi uporaba zdravila za uporabo v veterinarski medicini ovirala izvajanje nacionalnih programov za diagnozo, nadzor ali zatiranje živalskih bolezni ali da bi povzročila težave pri zagotavljanju odsotnosti okuženosti pri živih živalih ali živilih ali drugih proizvodih, pridobljenih iz zdravljenih živali. b) bolezen, za katero se z zdravilom za uporabo v veterinarski medicini pridobi imunost, na območju skoraj ni prisotna.</s>
<s id="s93.1">7 D.</s>
<s id="s93.2">NAVEDBA NAJVIŠJIH DOVOLJENIH KOLIČIN OSTANKOV ZDRAVILA (MRL)</s>
<s id="s94.1">Farmakološko aktivna snov</s>
<s id="s95.1">Živalska vrsta</s>
<s id="s96.1">Druge določbe</s>
<s id="s97.1">Tiomersal</s>
<s id="s98.1">vse živalske vrsta za proizvodnjo živil</s>
<s id="s99.1">Dodatek II Uredbe Sveta (EGS) št.</s>
<s id="s99.2">2377/ 90</s>
<s id="s100.1">EDTA</s>
<s id="s101.1">vse živalske vrsta za proizvodnjo živil</s>
<s id="s102.1">Dodatek II Uredbe Sveta (EGS) št.</s>
<s id="s102.2">2377/ 90</s>
<s id="s103.1">Formaldehid</s>
<s id="s104.1">vse živalske vrsta za proizvodnjo živil</s>
<s id="s105.1">Dodatek II Uredbe Sveta (EGS) št.</s>
<s id="s105.2">2377/ 90</s>
<s id="s106.1">Mineralno olje</s>
<s id="s107.1">vse živalske vrsta za proizvodnjo živil</s>
<s id="s108.1">Dodatek II Uredbe Sveta (EGS) št.</s>
<s id="s108.2">2377/ 90</s>
<s id="s109.1">Benzilalkohol</s>
<s id="s110.1">vse živalske vrsta za proizvodnjo živil</s>
<s id="s111.1">Dodatek II Uredbe Sveta (EGS) št.</s>
<s id="s111.2">2377/ 90</s>
<s id="s112.1">Trietanolamin (v odmerkih do 0, 25 mg/ kg telesne mase) ni vključen v Uredbo Sveta (EGS) št.</s>
<s id="s112.2">2377/ 90.</s>
<s id="s113.1">8 DODATEK III</s>
<s id="s114.1">OZNAČEVANJE IN NAVODILO ZA UPORABO</s>
<s id="s115.1">9 A.</s>
<s id="s115.2">OZNAČEVANJE</s>
<s id="s116.1">10 PODATKI NA ZUNANJI OVOJNINI</s>
<s id="s117.1">Škatla</s>
<s id="s118.1">1.</s>
<s id="s118.2">IME ZDRAVILA ZA UPORABO V VETERINARSKI MEDICINI</s>
<s id="s119.1">Netvax Emulzija za injiciranje za piščance</s>
<s id="s120.1">2.</s>
<s id="s120.2">NAVEDBA ZDRAVILNE UČINKOVINE IN DRUGIH SNOVI</s>
<s id="s121.1">V odmerku po 0, 5 ml:</s>
<s id="s121.2">Clostridium perfringens tipa A, toksoid alfa: ≥ 6, 8 i. e. * Lahko mineralno olje:</s>
<s id="s121.3">0, 31 ml Tiomersal:</s>
<s id="s121.4">0, 035- 0, 05 mg</s>
<s id="s122.1">* mednarodne enote na ml kunčjega seruma, določeno s preizkusom zaviranja hemolize</s>
<s id="s123.1">3.</s>
<s id="s123.2">FARMACEVTSKA OBLIKA</s>
<s id="s124.1">4.</s>
<s id="s124.2">VELIKOST PAKIRANJA</s>
<s id="s125.1">1 x 500 ml 6 x 500 ml</s>
<s id="s126.1">5.</s>
<s id="s126.2">CILJNE ŽIVALSKE VRSTE</s>
<s id="s127.1">Piščanci</s>
<s id="s128.1">6.</s>
<s id="s128.2">INDIKACIJA( E)</s>
<s id="s129.1">Cepivo proti nekrotičnemu enteritisu</s>
<s id="s130.1">7.</s>
<s id="s130.2">NAČIN IN POT( I) UPORABE</s>
<s id="s131.1">Intramuskularna uporaba.</s>
<s id="s131.2">Pred uporabo dobro pretresite.</s>
<s id="s131.3">Pred uporabo preberite navodilo za uporabo.</s>
<s id="s132.1">8.</s>
<s id="s132.2">KARENCA</s>
<s id="s133.1">Karenca: nič dni.</s>
<s id="s134.1">11 9.</s>
<s id="s134.2">POSEBNO( A) OPOZORILO( A), ČE JE/ SO POTREBNO( A)</s>
<s id="s135.1">Nenamerno injiciranje je nevarno – pred uporabo preberite navodilo za uporabo.</s>
<s id="s136.1">10.</s>
<s id="s136.2">DATUM IZTEKA ROKA UPORABNOSTI ZDRAVILA</s>
<s id="s137.1">EXP mesec/ leto Odprto zdravilo takoj uporabite.</s>
<s id="s138.1">11.</s>
<s id="s138.2">POSEBNA NAVODILA ZA SHRANJEVANJE</s>
<s id="s139.1">Shranjujte in prevažajte v hladilniku (2 °C – 8 °C).</s>
<s id="s139.2">Zdravilo ne sme zmrzniti.</s>
<s id="s139.3">Zaščitite pred svetlobo.</s>
<s id="s140.1">12.</s>
<s id="s140.2">POSEBNI VARNOSTNI UKREPI ZA ODSTRANJEVANJE NEPORABLJENEGA ZDRAVILA ALI ODPADNIH SNOVI, ČE OBSTAJAJO</s>
<s id="s141.1">Odlaganje: preberite navodilo za uporabo.</s>
<s id="s142.1">13.</s>
<s id="s142.2">BESEDILO “ SAMO ZA ŽIVALI ” IN POGOJI ALI OMEJITVE GLEDE OSKRBE IN UPORABE, če je smiselno</s>
<s id="s143.1">Samo za živali.</s>
<s id="s143.2">Na veterinarski recept.</s>
<s id="s144.1">14.</s>
<s id="s144.2">BESEDILO “ ZDRAVILO SHRANJUJTE NEDOSEGLJIVO OTROKOM ”</s>
<s id="s145.1">Zdravilo shranjujte nedosegljivo otrokom.</s>
<s id="s146.1">15.</s>
<s id="s146.2">IME IN NASLOV IMETNIKA DOVOLJENJA ZA PROMET Z ZDRAVILOM</s>
<s id="s147.1">Intervet International B. V.</s>
<s id="s147.2">Wim de Körverstraat 35 5831 AN Boxmeer Nizozemska</s>
<s id="s148.1">16.</s>
<s id="s148.2">ŠTEVILKA( E) DOVOLJENJ( A) ZA PROMET</s>
<s id="s149.1">EU/ 2/ 09/ 093/ 001 EU/ 2/ 09/ 093/ 002</s>
<s id="s150.1">17.</s>
<s id="s150.2">IZDELOVALČEVA ŠTEVILKA SERIJE</s>
<s id="s151.1">Serija {številka}</s>
<s id="s152.1">12 PODATKI, KI MORAJO BITI NAJMANJ NAVEDENI NA MANJŠIH STIČNIH OVOJNINAH</s>
<s id="s153.1">Nalepka</s>
<s id="s154.1">1.</s>
<s id="s154.2">IME ZDRAVILA ZA UPORABO V VETERINARSKI MEDICINI</s>
<s id="s155.1">Netvax Emulzija za injiciranje za piščance</s>
<s id="s156.1">2.</s>
<s id="s156.2">NAVEDBA ZDRAVILNE UČINKOVINE IN DRUGIH SNOVI</s>
<s id="s157.1">V odmerku po 0, 5 ml:</s>
<s id="s157.2">Clostridium perfringens tipa A, toksoid alfa: ≥ 6, 8 i. e. * Lahko mineralno olje:</s>
<s id="s157.3">0, 31 ml Tiomersal:</s>
<s id="s157.4">0, 035- 0, 05 mg</s>
<s id="s158.1">* mednarodne enote na ml kunčjega seruma, določeno s preizkusom zaviranja hemolize</s>
<s id="s159.1">3.</s>
<s id="s159.2">FARMACEVTSKA OBLIKA</s>
<s id="s160.1">4.</s>
<s id="s160.2">VELIKOST PAKIRANJA</s>
<s id="s161.1">1 x 500 ml 6 x 500 ml</s>
<s id="s162.1">5.</s>
<s id="s162.2">CILJNE ŽIVALSKE VRSTE</s>
<s id="s163.1">Piščanci</s>
<s id="s164.1">6.</s>
<s id="s164.2">INDIKACIJE</s>
<s id="s165.1">Cepivo proti nekrotičnemu enteritisu.</s>
<s id="s166.1">7.</s>
<s id="s166.2">NAČIN IN POT( I) UPORABE</s>
<s id="s167.1">Intramuskularna uporaba.</s>
<s id="s167.2">Pred uporabo dobro pretresite.</s>
<s id="s167.3">Pred uporabo preberite navodilo za uporabo.</s>
<s id="s168.1">8.</s>
<s id="s168.2">KARENCA</s>
<s id="s169.1">Karenca: nič dni.</s>
<s id="s170.1">13 9.</s>
<s id="s170.2">POSEBNO( A) OPOZORILO( A), ČE JE/ SO POTREBNO( A)</s>
<s id="s171.1">Nenamerno injiciranje je nevarno – pred uporabo preberite navodilo za uporabo.</s>
<s id="s172.1">10.</s>
<s id="s172.2">DATUM IZTEKA ROKA UPORABNOSTI ZDRAVILA</s>
<s id="s173.1">EXP mesec/ leto Odprto zdravilo takoj uporabite.</s>
<s id="s174.1">11.</s>
<s id="s174.2">POSEBNA NAVODILA ZA SHRANJEVANJE</s>
<s id="s175.1">Shranjujte in prevažajte v hladilniku (2 °C – 8 °C).</s>
<s id="s175.2">Zdravilo ne sme zmrzniti.</s>
<s id="s175.3">Zaščitite pred svetlobo.</s>
<s id="s176.1">12.</s>
<s id="s176.2">POSEBNI VARNOSTNI UKREPI ZA ODSTRANJEVANJE NEPORABLJENEGA ZDRAVILA ALI ODPADNIH SNOVI, ČE OBSTAJAJO</s>
<s id="s177.1">13.</s>
<s id="s177.2">BESEDILO “ SAMO ZA ŽIVALI ” IN POGOJI ALI OMEJITVE GLEDE OSKRBE IN UPORABE, če je smiselno</s>
<s id="s178.1">Samo za živali.</s>
<s id="s178.2">Na veterinarski recept.</s>
<s id="s179.1">14.</s>
<s id="s179.2">BESEDILO “ ZDRAVILO SHRANJUJTE NEDOSEGLJIVO OTROKOM ”</s>
<s id="s180.1">Zdravilo shranjujte nedosegljivo otrokom.</s>
<s id="s181.1">15.</s>
<s id="s181.2">IME IN NASLOV IMETNIKA DOVOLJENJA ZA PROMET Z ZDRAVILOM</s>
<s id="s182.1">Intervet International B. V.</s>
<s id="s182.2">Wim de Körverstraat 35 5831 AN Boxmeer Nizozemska</s>
<s id="s183.1">16.</s>
<s id="s183.2">ŠTEVILKA( E) DOVOLJENJ( A) ZA PROMET</s>
<s id="s184.1">EU/ 2/ 09/ 093/ 001 EU/ 2/ 09/ 093/ 002</s>
<s id="s185.1">17.</s>
<s id="s185.2">IZDELOVALČEVA ŠTEVILKA SERIJE</s>
<s id="s186.1">Serija {številka}</s>
<s id="s187.1">14 B.</s>
<s id="s187.2">NAVODILO ZA UPORABO</s>
<s id="s188.1">15 NAVODILO ZA UPORABO</s>
<s id="s189.1">Netvax, emulzija za injiciranje za piščance</s>
<s id="s190.1">1.</s>
<s id="s190.2">IME IN NASLOV IMETNIKA DOVOLJENJA ZA PROMET Z ZDRAVILOM TER IMETNIKA DOVOLJENJA ZA IZDELAVO ZDRAVILA, ODGOVORNEGA ZA SPROSTITEV SERIJE V EGP, ČE STA RAZLIČNA</s>
<s id="s191.1">Imetnik dovoljenja za promet z zdravilom:</s>
<s id="s192.1">Intervet International B. V.</s>
<s id="s192.2">Wim de Körverstraat 35 5831AN Boxmeer Nizozemska</s>
<s id="s193.1">Izdelovalec, odgovoren za sprostitev serije:</s>
<s id="s194.1">S- P Veterinary Ltd Breakspear Road South Harefield Uxbridge Middlesex, UB9 6LS Združeno kraljestvo</s>
<s id="s195.1">2.</s>
<s id="s195.2">IME ZDRAVILA ZA UPORABO V VETERINARSKI MEDICINI</s>
<s id="s196.1">Netvax, emulzija za injiciranje za piščance</s>
<s id="s197.1">3.</s>
<s id="s197.2">NAVEDBA ZDRAVILNE( IH) UČINKOVIN( E) IN DRUGEIH SESTAVIN</s>
<s id="s198.1">En odmerek (0, 5ml) vsebuje:</s>
<s id="s198.2">Zdravilna učinkovina:</s>
<s id="s199.1">Clostridium perfringens tipa A, toksoid alfa Dodatek</s>
<s id="s200.1">ne manj kot 6, 8 i. e. *</s>
<s id="s201.1">lahko mineralno olje Pomožne snovi</s>
<s id="s202.1">0, 31 ml</s>
<s id="s203.1">tiomersal</s>
<s id="s204.1">0, 035- 0, 05 mg</s>
<s id="s205.1">* mednarodne enote na ml kunčjega seruma, določeno s preizkusom zaviranja hemolize</s>
<s id="s206.1">4.</s>
<s id="s206.2">INDIKACIJA( E)</s>
<s id="s207.1">Za aktivno imunizacijo piščancev proti nekrotičnemu enteritisu v času nesnosti in prenos pasivne zaščite na njihove potomce.</s>
<s id="s208.1">Za zmanjšanje pogina ter pojavnosti in resnosti okvar pri nekrotičnem enteritisu, ki jih povzroča bakterija Clostridium perfringens tipa A.</s>
<s id="s208.2">Učinkovitost je dokazana z izzivnim preizkusom pri piščancih približno tri tedne po izvalitvi.</s>
<s id="s209.1">Prenos pasivne imunosti:</s>
<s id="s209.2">6 tednov po končanem postopku cepljenja.</s>
<s id="s210.1">Trajanje prenesene pasivne imunosti:</s>
<s id="s210.2">51 tednov po končanem postopku cepljenja.</s>
<s id="s211.1">16 5.</s>
<s id="s211.2">KONTRAINDIKACIJE</s>
<s id="s212.1">Niso znane.</s>
<s id="s213.1">6.</s>
<s id="s213.2">NEŽELENI UČINKI</s>
<s id="s214.1">Po intramuskularnem cepljenju niso bile opažene nikakršne sistemske spremembe.</s>
<s id="s214.2">Cepljenje lahko povzroči zmerno oteklino tkiva na prsih, ki v 30 dneh mine.</s>
<s id="s214.3">Po drugem cepljenju lahko takšna oteklina traja najmanj 35 dni.</s>
<s id="s214.4">Oteklina je bila zelo pogosta.</s>
<s id="s214.5">Po dajanju dvojnega odmerka se lahko nekoliko povečajo lokalne reakcije (glejte poglavje 4. 6).</s>
<s id="s215.1">Če opazite kakršne koli resne stranske učinke ali druge učinke, ki niso omenjeni v teh navodilih za uporabo, obvestite svojega veterinarja.</s>
<s id="s216.1">7.</s>
<s id="s216.2">CILJNE ŽIVALSKE VRSTE</s>
<s id="s217.1">Piščanci</s>
<s id="s218.1">8.</s>
<s id="s218.2">ODMERKI ZA POSAMEZNE ŽIVALSKE VRSTE TER POT( I) IN NAČIN UPORABE ZDRAVILA</s>
<s id="s219.1">Piščance cepite intramuskularno v prsno mišico.</s>
<s id="s219.2">En odmerek po 0, 5 ml dajemo pri starosti 10 do 14 tednov.</s>
<s id="s219.3">Drugi odmerek po 0, 5 ml dajemo 4 do 10 tednov po prvem.</s>
<s id="s219.4">Drugega odmerka ne smemo dati pozneje kot 6 tednov pred začetkom obdobja nesnosti.</s>
<s id="s220.1">9.</s>
<s id="s220.2">NASVET O PRAVILNI UPORABI ZDRAVILA</s>
<s id="s221.1">Pred uporabo dobro pretresite.</s>
<s id="s221.2">Uporabljajte sterilne brizge in igle.</s>
<s id="s221.3">Upoštevajte običajna merila aseptičnega dajanja.</s>
<s id="s222.1">10.</s>
<s id="s222.2">KARENCA</s>
<s id="s223.1">Je ni.</s>
<s id="s224.1">11.</s>
<s id="s224.2">POSEBNA NAVODILA ZA SHRANJEVANJE</s>
<s id="s225.1">Shranjujte nedosegljivo otrokom Shranjujte in prevažajte v hladilniku (2 °C – 8 °C).</s>
<s id="s225.2">Zdravilo ne sme zmrzniti.</s>
<s id="s225.3">Zaščitite pred svetlobo.</s>
<s id="s225.4">Zdravila ne smete uporabljati po datumu izteka roka uporabnosti, navedenega na škatli.</s>
<s id="s225.5">Rok uporabnosti po prvem odpiranju vsebnika: takoj uporabite.</s>
<s id="s226.1">17 12.</s>
<s id="s226.2">POSEBNO( A) OPOZORILO( A)</s>
<s id="s227.1">Posebni previdnostni ukrepi, ki jih mora izvajati oseba, ki živalim daje zdravilo</s>
<s id="s228.1">Namenjeno uporabniku:</s>
<s id="s228.2">Zdravilo vsebuje mineralno olje.</s>
<s id="s228.3">Nenamerno injiciranje/ samo- injiciranje lahko povzroči hude bolečine in otekline, zlasti ob injiciranju v sklep ali prst, in lahko v izjemnih primerih, če ni zagotovljena takojšnja zdravniška oskrba, privede do izgube prizadetega prsta.</s>
<s id="s228.4">Če vam je bil ta proizvod nenamerno injiciran, se takoj posvetujte z zdravnikom, čeprav je bila injicirana le majhna količina, in mu pokažite navodilo za uporabo.</s>
<s id="s228.5">Če bolečina ne popusti po 12 urah po zdravniškem pregledu, se ponovno posvetujte z zdravnikom.</s>
<s id="s229.1">Namenjeno zdravniku:</s>
<s id="s229.2">Zdravilo vsebuje mineralno olje.</s>
<s id="s229.3">Čeprav je bila injicirana le majhna količina, lahko nenamerno injiciranje tega zdravila povzroči močno oteklino, ki lahko na primer privede do ishemične nekroze ter celo do izgube prsta.</s>
<s id="s229.4">Potreben je strokoven, TAKOJŠEN, kirurški poseg ter morda tudi takojšnja incizija in izpiranje injiciranega mesta, zlasti če so prizadete tudi kite ali mehka tkiva prsta.</s>
<s id="s230.1">Ni podatkov o varnosti ter učinkovitosti ob uporabi tega cepiva s katerim koli drugim zdravilom za uporabo v veterinarski medicini.</s>
<s id="s230.2">Zato se za uporabo tega cepiva pred ali po uporabi katerega koli drugega zdravila odločamo od primera od primera.</s>
<s id="s231.1">13.</s>
<s id="s231.2">POSEBNI VARNOSTNI UKREPI ZA ODSTRANJEVANJE NEPORABLJENEGA ZDRAVILA ALI ODPADNIH SNOVI, ČE OBSTAJAJO</s>
<s id="s232.1">Vsako neporabljeno zdravilo za uporabo v veterinarski medicini ali odpadne snovi, ki nastanejo iz teh zdravil, je treba odstraniti v skladu z lokalnimi predpisi.</s>
<s id="s233.1">14.</s>
<s id="s233.2">DATUM ZADNJE ODOBRITVE NAVODIL ZA UPORABO</s>
<s id="s234.1">16/ 04/ 2009</s>
<s id="s235.1">15.</s>
<s id="s235.2">DRUGE INFORMACIJE</s>
<s id="s236.1">Za aktivno imunizacijo piščancev proti nekrotičnemu enteritisu, ki ga povzroča bakterija Clostridium perfringens tipa A, v času nesnosti in prenos pasivne zaščite na njihove potomce.</s>
<s id="s236.2">Velikost pakiranja:</s>
<s id="s236.3">1 x 500 ml 6 x 500 ml Ni nujno, da so v prometu vsa navedena pakiranja.</s>
<s id="s237.1">Za vse nadaljnje informacije o tem zdravilu se obrnite na krajevno predstavništvo imetnika dovoljenja za promet z zdravilom.</s>
<s id="s238.1">18</s>
</body>
</letsmt>
