<?xml version="1.0" encoding="utf-8"?>
<letsmt version="1.0">
<head></head>
<body>
<s id="s1.1">European Medicines Agency Evaluation of Medicines for Human Use</s>
<s id="s2.1">London, 3. aprila 2006 EMEA/ CHMP/ 106563/ 2006</s>
<s id="s3.1">ODBOR ZA ZDRAVILA ZA UPORABO V HUMANI MEDICINI (CHMP)</s>
<s id="s4.1">MNENJE V ZVEZI Z NAPOTITVIJO IZ ČLENA 29( 2) 1 ZA Nifedipine Pharmamatch 30 in 60 mg Mednarodno nelastniško ime (INN): nifedipin</s>
<s id="s5.1">OSNOVNE INFORMACIJE</s>
<s id="s6.1">Zdravilo Nifedipine Pharmamatch retard 30 mg in 60 mg tablete s podaljšanim sproščanjem (nifedipin) je 1, 4- dihidropiridinski zaviralec kalcijevih kanalčkov, namenjen za simptomatsko zdravljenje kronične stabilne angine pektoris v monoterapiji ali v kombinaciji z zaviralcem beta ter za zdravljenje bolnikov z blago do zmerno esencialno hipertenzijo.</s>
<s id="s7.1">Podjetje Pharmamatch BV je predložilo vloge za medsebojno priznavanje dovoljenja za promet, ki ga je 29. novembra 2004 Nizozemska podelila za zdravilo Nifedipine Pharmamatch retard 30 mg in 60 mg tablete.</s>
<s id="s7.2">Postopek medsebojnega priznavanja se je pričel 25. maja 2005.</s>
<s id="s7.3">Referenčna država članica je bila Nizozemska, zadevni državi članici pa Belgija in Združeno kraljestvo.</s>
<s id="s7.4">Te države članice niso uspele doseči soglasja v zvezi z medsebojnim priznavanjem dovoljenja za promet z zdravilom, podeljenega s strani referenčne države članice.</s>
<s id="s7.5">Združeno kraljestvo je agenciji EMEA posredovalo razloge za nesoglasje dne 23. avgusta 2005.</s>
<s id="s8.1">V zvezi s predlaganim Povzetkom glavnih značilnosti zdravila (SPC) so bile prepoznane pomembne razlike v primerjavi s SPC referenčnega izdelka v Združenem kraljestvu.</s>
<s id="s8.2">Ocenjeno je bilo, da razlike v poglavjih 4. 3 in 4. 6 razlog vzbujajo resne pomisleke v zvezi z javnim zdravjem.</s>
<s id="s8.3">Poglavji 4. 3 in 4. 6 SPC referenčnega izdelka v Združenem kraljestvu vsebujeta informacijo, da je izdelek kontraindiciran v nosečnosti, za ženske v rodni dobi ali za doječe matere.</s>
<s id="s9.1">Postopek arbitraže se je pričel 15. septembra 2005.</s>
<s id="s9.2">Poročevalec oz. soporočevalec sta bila Tomas Salmonson oz.</s>
<s id="s9.3">Eric Abadie.</s>
<s id="s9.4">Imetnik dovoljenja za promet z zdravilom je posredoval pisna pojasnila 13. oktobra 2005.</s>
<s id="s10.1">Med svojim zasedanjem januarja 2006 je CHMP z ozirom na vse posredovane podatke in znanstveno razpravo v okviru Odbora, sprejel mnenje, da je razmerje med tveganji in koristmi za zdravilo Nifedipine Pharmamatch retard 30 mg in 60 mg tablete ugodno, da naj ugovori, podani s strani Združenega kraljestva, ne preprečijo podelitve dovoljenja za promet z zdravilom, ter da je treba Povzetek glavnih značilnosti zdravila, Označevanje in Navodilo za uporabo referenčne države članice dopolniti.</s>
<s id="s10.2">Pozitivno mnenje je bilo sprejeto 26. januarja 2006.</s>
<s id="s11.1">Seznam zadevnih imen izdelkov je podan v Dodatku I.</s>
<s id="s11.2">Znanstveni zaključki so podani v Dodatku II, skupaj z dopolnjenim Povzetkom glavnih značilnosti zdravila v Dodatku III.</s>
<s id="s12.1">Končno mnenje je bilo spremenjeno v odločbo Evropske komisije dne 3. aprila 2006.</s>
<s id="s13.1">1 Člen 29( 2) Direktive 2001/ 83/ ES, kot je bila spremenjena.</s>
<s id="s13.2">7 Westferry Circus, Canary Wharf, London, E14 4HB, UK Tel.</s>
<s id="s13.3">(44- 20) 74 18 84 00 Fax (44- 20) 74 18 86 13 E- mail: mail@ emea. eu. int http: // www. emea. eu. int ©EMEA 2006 Reproduction and/ or distribution of this document is authorised for non commercial purposes only provided the EMEA is acknowledged</s>
</body>
</letsmt>
