<?xml version="1.0" encoding="utf-8"?>
<text>
<p id="1">
<s id="s1.1">
 <w id="w1.1.1">European</w> 
 <w id="w1.1.2">Medicines</w> 
 <w id="w1.1.3">Agency</w>
</s></p>

<p id="2">
<s id="s2.1">
 <w id="w2.1.1">EMEA/</w>
 <w id="w2.1.2">H/</w>
 <w id="w2.1.3">C/</w>
 <w id="w2.1.4">598</w>
</s></p>

<p id="3">
<s id="s3.1">
 <w id="w3.1.1">EVROPSKO</w> 
 <w id="w3.1.2">JAVNO</w> 
 <w id="w3.1.3">POROČILO</w> 
 <w id="w3.1.4">O</w> 
 <w id="w3.1.5">OCENI</w> 
 <w id="w3.1.6">ZDRAVILA</w> 
 <w id="w3.1.7">(</w>
 <w id="w3.1.8">EPAR</w>
 <w id="w3.1.9">)</w>
</s></p>

<p id="4">
<s id="s4.1">
 <w id="w4.1.1">CORLENTOR</w>
</s></p>

<p id="5">
<s id="s5.1">
 <w id="w5.1.1">Povzetek</w> 
 <w id="w5.1.2">EPAR</w> 
 <w id="w5.1.3">za</w> 
 <w id="w5.1.4">javnost</w>
</s></p>

<p id="6">
<s id="s6.1">
 <w id="w6.1.1">Ta</w> 
 <w id="w6.1.2">dokument</w> 
 <w id="w6.1.3">je</w> 
 <w id="w6.1.4">povzetek</w> 
 <w id="w6.1.5">Evropskega</w> 
 <w id="w6.1.6">javnega</w> 
 <w id="w6.1.7">poročila</w> 
 <w id="w6.1.8">o</w> 
 <w id="w6.1.9">oceni</w> 
 <w id="w6.1.10">zdravila</w> 
 <w id="w6.1.11">(</w>
 <w id="w6.1.12">EPAR</w>
 <w id="w6.1.13">)</w>
 <w id="w6.1.14">.</w>
</s> 
 
<s id="s6.2">
 <w id="w6.2.1">Pojasnjuje</w>
 <w id="w6.2.2">,</w> 
 <w id="w6.2.3">kako</w>   
 <w id="w6.2.4">je</w> 
 <w id="w6.2.5">Odbor</w> 
 <w id="w6.2.6">za</w> 
 <w id="w6.2.7">zdravila</w> 
 <w id="w6.2.8">za</w> 
 <w id="w6.2.9">uporabo</w> 
 <w id="w6.2.10">v</w> 
 <w id="w6.2.11">humani</w> 
 <w id="w6.2.12">medicini</w> 
 <w id="w6.2.13">(</w>
 <w id="w6.2.14">CHMP</w>
 <w id="w6.2.15">)</w> 
 <w id="w6.2.16">ocenil</w> 
 <w id="w6.2.17">opravljene</w> 
 <w id="w6.2.18">raziskave</w>
 <w id="w6.2.19">,</w> 
 <w id="w6.2.20">na</w>   
 <w id="w6.2.21">podlagi</w> 
 <w id="w6.2.22">česar</w> 
 <w id="w6.2.23">je</w> 
 <w id="w6.2.24">oblikoval</w> 
 <w id="w6.2.25">priporočila</w> 
 <w id="w6.2.26">glede</w> 
 <w id="w6.2.27">uporabe</w> 
 <w id="w6.2.28">zdravila</w>
 <w id="w6.2.29">.</w>
</s>   
 
<s id="s6.3">
 <w id="w6.3.1">Če</w> 
 <w id="w6.3.2">potrebujete</w> 
 <w id="w6.3.3">več</w> 
 <w id="w6.3.4">informacij</w> 
 <w id="w6.3.5">o</w> 
 <w id="w6.3.6">vašem</w> 
 <w id="w6.3.7">zdravstvenem</w> 
 <w id="w6.3.8">stanju</w> 
 <w id="w6.3.9">ali</w> 
 <w id="w6.3.10">zdravljenju</w>
 <w id="w6.3.11">,</w> 
 <w id="w6.3.12">preberite</w> 
 <w id="w6.3.13">Navodila</w> 
 <w id="w6.3.14">za</w>   
 <w id="w6.3.15">uporabo</w> 
 <w id="w6.3.16">(</w>
 <w id="w6.3.17">ki</w> 
 <w id="w6.3.18">so</w> 
 <w id="w6.3.19">prav</w> 
 <w id="w6.3.20">tako</w> 
 <w id="w6.3.21">del</w> 
 <w id="w6.3.22">EPAR</w>
 <w id="w6.3.23">)</w> 
 <w id="w6.3.24">ali</w> 
 <w id="w6.3.25">se</w> 
 <w id="w6.3.26">posvetujte</w> 
 <w id="w6.3.27">s</w> 
 <w id="w6.3.28">svojim</w> 
 <w id="w6.3.29">zdravnikom</w> 
 <w id="w6.3.30">ali</w> 
 <w id="w6.3.31">farmacevtom</w>
 <w id="w6.3.32">.</w>
</s> 
 
<s id="s6.4">
 <w id="w6.4.1">Če</w>   
 <w id="w6.4.2">želite</w> 
 <w id="w6.4.3">več</w> 
 <w id="w6.4.4">informacij</w> 
 <w id="w6.4.5">o</w> 
 <w id="w6.4.6">podlagi</w> 
 <w id="w6.4.7">za</w> 
 <w id="w6.4.8">priporočila</w> 
 <w id="w6.4.9">CHMP</w>
 <w id="w6.4.10">,</w> 
 <w id="w6.4.11">preberite</w> 
 <w id="w6.4.12">znanstveno</w> 
 <w id="w6.4.13">razpravo</w> 
 <w id="w6.4.14">(</w>
 <w id="w6.4.15">ki</w> 
 <w id="w6.4.16">je</w> 
 <w id="w6.4.17">prav</w>   
 <w id="w6.4.18">tako</w> 
 <w id="w6.4.19">del</w> 
 <w id="w6.4.20">EPAR</w>
 <w id="w6.4.21">)</w>
 <w id="w6.4.22">.</w>
</s></p>

<p id="7">
<s id="s7.1">
 <w id="w7.1.1">Kaj</w> 
 <w id="w7.1.2">je</w> 
 <w id="w7.1.3">zdravilo</w> 
 <w id="w7.1.4">Corlentor</w>
 <w id="w7.1.5">?</w>
</s>   
 
<s id="s7.2">
 <w id="w7.2.1">Zdravilo</w> 
 <w id="w7.2.2">Corlentor</w> 
 <w id="w7.2.3">so</w> 
 <w id="w7.2.4">tablete</w> 
 <w id="w7.2.5">lososove</w> 
 <w id="w7.2.6">barve</w> 
 <w id="w7.2.7">(</w>
 <w id="w7.2.8">podolgovate</w> 
 <w id="w7.2.9">5</w> 
 <w id="w7.2.10">mg</w>
 <w id="w7.2.11">;</w> 
 <w id="w7.2.12">trikotne</w> 
 <w id="w7.2.13">7,</w>
 <w id="w7.2.14">5</w> 
 <w id="w7.2.15">mg</w>
 <w id="w7.2.16">)</w> 
 <w id="w7.2.17">za</w> 
 <w id="w7.2.18">peroralno</w>   
 <w id="w7.2.19">uporabo</w>
 <w id="w7.2.20">.</w>
</s> 
 
<s id="s7.3">
 <w id="w7.3.1">Zdravilo</w> 
 <w id="w7.3.2">Corlentor</w> 
 <w id="w7.3.3">vsebuje</w> 
 <w id="w7.3.4">zdravilno</w> 
 <w id="w7.3.5">učinkovino</w> 
 <w id="w7.3.6">ivabradin</w> 
 <w id="w7.3.7">z</w> 
 <w id="w7.3.8">jakostjo</w> 
 <w id="w7.3.9">5</w> 
 <w id="w7.3.10">mg</w> 
 <w id="w7.3.11">ali</w> 
 <w id="w7.3.12">7,</w>
 <w id="w7.3.13">5</w> 
 <w id="w7.3.14">mg</w>
 <w id="w7.3.15">.</w>
</s></p>

<p id="8">
<s id="s8.1">
 <w id="w8.1.1">Za</w> 
 <w id="w8.1.2">kaj</w> 
 <w id="w8.1.3">se</w> 
 <w id="w8.1.4">zdravilo</w> 
 <w id="w8.1.5">Corlentor</w> 
 <w id="w8.1.6">uporablja</w>
 <w id="w8.1.7">?</w>
</s>   
 
<s id="s8.2">
 <w id="w8.2.1">Zdravilo</w> 
 <w id="w8.2.2">Corlentor</w> 
 <w id="w8.2.3">se</w> 
 <w id="w8.2.4">uporablja</w> 
 <w id="w8.2.5">za</w> 
 <w id="w8.2.6">zdravljenje</w> 
 <w id="w8.2.7">simptomov</w> 
 <w id="w8.2.8">kronične</w> 
 <w id="w8.2.9">stabilne</w> 
 <w id="w8.2.10">angine</w> 
 <w id="w8.2.11">pektoris</w> 
 <w id="w8.2.12">(</w>
 <w id="w8.2.13">bolečin</w> 
 <w id="w8.2.14">v</w>   
 <w id="w8.2.15">prsih</w>
 <w id="w8.2.16">,</w> 
 <w id="w8.2.17">čeljusti</w>
 <w id="w8.2.18">,</w> 
 <w id="w8.2.19">hrbtu</w> 
 <w id="w8.2.20">zaradi</w> 
 <w id="w8.2.21">telesnega</w> 
 <w id="w8.2.22">napora</w> 
 <w id="w8.2.23">in</w> 
 <w id="w8.2.24">težav</w> 
 <w id="w8.2.25">z</w> 
 <w id="w8.2.26">dotokom</w> 
 <w id="w8.2.27">krvi</w> 
 <w id="w8.2.28">v</w> 
 <w id="w8.2.29">srce</w>
 <w id="w8.2.30">)</w>
 <w id="w8.2.31">.</w>
</s> 
 
<s id="s8.3">
 <w id="w8.3.1">Zdravilo</w> 
 <w id="w8.3.2">Corlentor</w> 
 <w id="w8.3.3">se</w>   
 <w id="w8.3.4">uporablja</w> 
 <w id="w8.3.5">pri</w> 
 <w id="w8.3.6">bolnikih</w> 
 <w id="w8.3.7">z</w> 
 <w id="w8.3.8">normalnim</w> 
 <w id="w8.3.9">sinusnim</w> 
 <w id="w8.3.10">ritmom</w> 
 <w id="w8.3.11">(</w>
 <w id="w8.3.12">srčnim</w> 
 <w id="w8.3.13">utripom</w>
 <w id="w8.3.14">)</w>
 <w id="w8.3.15">,</w> 
 <w id="w8.3.16">ki</w> 
 <w id="w8.3.17">ne</w> 
 <w id="w8.3.18">morejo</w> 
 <w id="w8.3.19">jemati</w>   
 <w id="w8.3.20">blokatorjev</w> 
 <w id="w8.3.21">receptorjev</w> 
 <w id="w8.3.22">beta</w> 
 <w id="w8.3.23">(</w>
 <w id="w8.3.24">druge</w> 
 <w id="w8.3.25">vrste</w> 
 <w id="w8.3.26">zdravila</w> 
 <w id="w8.3.27">za</w> 
 <w id="w8.3.28">angino</w>
 <w id="w8.3.29">)</w> 
 <w id="w8.3.30">ali</w> 
 <w id="w8.3.31">jih</w> 
 <w id="w8.3.32">ne</w> 
 <w id="w8.3.33">prenašajo</w>
 <w id="w8.3.34">.</w>
</s>   
 
<s id="s8.4">
 <w id="w8.4.1">Zdravilo</w> 
 <w id="w8.4.2">se</w> 
 <w id="w8.4.3">dobi</w> 
 <w id="w8.4.4">samo</w> 
 <w id="w8.4.5">na</w> 
 <w id="w8.4.6">recept</w>
 <w id="w8.4.7">.</w>
</s></p>

<p id="9">
<s id="s9.1">
 <w id="w9.1.1">Kako</w> 
 <w id="w9.1.2">se</w> 
 <w id="w9.1.3">zdravilo</w> 
 <w id="w9.1.4">Corlentor</w> 
 <w id="w9.1.5">uporablja</w>
 <w id="w9.1.6">?</w>
</s>   
 
<s id="s9.2">
 <w id="w9.2.1">Zdravilo</w> 
 <w id="w9.2.2">Corlentor</w> 
 <w id="w9.2.3">morajo</w> 
 <w id="w9.2.4">bolniki</w> 
 <w id="w9.2.5">jemati</w> 
 <w id="w9.2.6">peroralno</w> 
 <w id="w9.2.7">dvakrat</w> 
 <w id="w9.2.8">dnevno</w>
 <w id="w9.2.9">,</w> 
 <w id="w9.2.10">to</w> 
 <w id="w9.2.11">je</w> 
 <w id="w9.2.12">enkrat</w> 
 <w id="w9.2.13">zjutraj</w> 
 <w id="w9.2.14">in</w> 
 <w id="w9.2.15">enkrat</w>   
 <w id="w9.2.16">zvečer</w> 
 <w id="w9.2.17">med</w> 
 <w id="w9.2.18">obroki</w>
 <w id="w9.2.19">.</w>
</s>   
 
<s id="s9.3">
 <w id="w9.3.1">Običajni</w> 
 <w id="w9.3.2">priporočeni</w> 
 <w id="w9.3.3">začetni</w> 
 <w id="w9.3.4">odmerek</w> 
 <w id="w9.3.5">zdravila</w> 
 <w id="w9.3.6">Corlentor</w> 
 <w id="w9.3.7">je</w> 
 <w id="w9.3.8">5</w> 
 <w id="w9.3.9">mg</w> 
 <w id="w9.3.10">dvakrat</w> 
 <w id="w9.3.11">dnevno</w>
 <w id="w9.3.12">.</w>
</s> 
 
<s id="s9.4">
 <w id="w9.4.1">Pri</w> 
 <w id="w9.4.2">bolnikih</w>
 <w id="w9.4.3">,</w>   
 <w id="w9.4.4">starejših</w> 
 <w id="w9.4.5">od</w> 
 <w id="w9.4.6">75</w> 
 <w id="w9.4.7">let</w>
 <w id="w9.4.8">,</w> 
 <w id="w9.4.9">se</w> 
 <w id="w9.4.10">lahko</w> 
 <w id="w9.4.11">uporabi</w> 
 <w id="w9.4.12">začetni</w> 
 <w id="w9.4.13">odmerek</w> 
 <w id="w9.4.14">2,</w>
 <w id="w9.4.15">5</w> 
 <w id="w9.4.16">mg</w> 
 <w id="w9.4.17">pred</w> 
 <w id="w9.4.18">uporabo</w> 
 <w id="w9.4.19">5-</w>
 <w id="w9.4.20">mg</w> 
 <w id="w9.4.21">odmerka</w>
 <w id="w9.4.22">.</w>
</s> 
 
<s id="s9.5">
 <w id="w9.5.1">Po</w> 
 <w id="w9.5.2">treh</w> 
 <w id="w9.5.3">do</w>   
 <w id="w9.5.4">štirih</w> 
 <w id="w9.5.5">tednih</w> 
 <w id="w9.5.6">zdravljenja</w> 
 <w id="w9.5.7">se</w> 
 <w id="w9.5.8">lahko</w> 
 <w id="w9.5.9">odmerek</w> 
 <w id="w9.5.10">poveča</w> 
 <w id="w9.5.11">na</w> 
 <w id="w9.5.12">7,</w>
 <w id="w9.5.13">5</w> 
 <w id="w9.5.14">mg</w> 
 <w id="w9.5.15">dvakrat</w> 
 <w id="w9.5.16">dnevno</w> 
 <w id="w9.5.17">glede</w> 
 <w id="w9.5.18">na</w> 
 <w id="w9.5.19">terapevtski</w>   
 <w id="w9.5.20">odziv</w>
 <w id="w9.5.21">.</w>
</s></p>

<p id="10">
<s id="s10.1">
 <w id="w10.1.1">Kako</w> 
 <w id="w10.1.2">zdravilo</w> 
 <w id="w10.1.3">Corlentor</w> 
 <w id="w10.1.4">deluje</w>
 <w id="w10.1.5">?</w>
</s>   
 
<s id="s10.2">
 <w id="w10.2.1">Simptome</w> 
 <w id="w10.2.2">angine</w> 
 <w id="w10.2.3">(</w>
 <w id="w10.2.4">bolečine</w> 
 <w id="w10.2.5">v</w> 
 <w id="w10.2.6">prsih</w>
 <w id="w10.2.7">,</w> 
 <w id="w10.2.8">roki</w> 
 <w id="w10.2.9">ali</w> 
 <w id="w10.2.10">čeljusti</w>
 <w id="w10.2.11">)</w> 
 <w id="w10.2.12">povzroča</w> 
 <w id="w10.2.13">premajhen</w> 
 <w id="w10.2.14">dotok</w> 
 <w id="w10.2.15">krvi</w> 
 <w id="w10.2.16">s</w> 
 <w id="w10.2.17">kisikom</w> 
 <w id="w10.2.18">v</w> 
 <w id="w10.2.19">srce</w>
 <w id="w10.2.20">.</w>
</s>   
 
<s id="s10.3">
 <w id="w10.3.1">Pri</w> 
 <w id="w10.3.2">kronični</w> 
 <w id="w10.3.3">stabilni</w> 
 <w id="w10.3.4">angini</w> 
 <w id="w10.3.5">se</w> 
 <w id="w10.3.6">ti</w> 
 <w id="w10.3.7">simptomi</w> 
 <w id="w10.3.8">pojavijo</w> 
 <w id="w10.3.9">med</w> 
 <w id="w10.3.10">telesnim</w> 
 <w id="w10.3.11">naporom</w>
 <w id="w10.3.12">.</w>
</s> 
 
<s id="s10.4">
 <w id="w10.4.1">Zdravilo</w> 
 <w id="w10.4.2">Corlentor</w> 
 <w id="w10.4.3">je</w>   
 <w id="w10.4.4">specifično</w> 
 <w id="w10.4.5">zdravilo</w> 
 <w id="w10.4.6">za</w> 
 <w id="w10.4.7">zniževanje</w> 
 <w id="w10.4.8">srčne</w> 
 <w id="w10.4.9">frekvence</w>
 <w id="w10.4.10">.</w>
</s> 
 
<s id="s10.5">
 <w id="w10.5.1">Ivabradin</w>
 <w id="w10.5.2">,</w> 
 <w id="w10.5.3">zdravilna</w> 
 <w id="w10.5.4">učinkovina</w> 
 <w id="w10.5.5">zdravila</w> 
 <w id="w10.5.6">Corlentor</w>
 <w id="w10.5.7">,</w>   
 <w id="w10.5.8">deluje</w> 
 <w id="w10.5.9">z</w> 
 <w id="w10.5.10">zaviranjem</w> 
 <w id="w10.5.11">kanalov</w> 
 <w id="w10.5.12">lf</w>
 <w id="w10.5.13">:</w> 
 <w id="w10.5.14">to</w> 
 <w id="w10.5.15">so</w> 
 <w id="w10.5.16">specializirane</w> 
 <w id="w10.5.17">celice</w> 
 <w id="w10.5.18">v</w> 
 <w id="w10.5.19">sinusnem</w> 
 <w id="w10.5.20">vozlu</w>
 <w id="w10.5.21">,</w> 
 <w id="w10.5.22">„</w>
 <w id="w10.5.23">spodbujevalnik</w>
 <w id="w10.5.24">“</w> 
 <w id="w10.5.25">srca</w>
 <w id="w10.5.26">,</w> 
 <w id="w10.5.27">ki</w>   
 <w id="w10.5.28">nadzoruje</w> 
 <w id="w10.5.29">krčenje</w> 
 <w id="w10.5.30">srca</w> 
 <w id="w10.5.31">in</w> 
 <w id="w10.5.32">uravnava</w> 
 <w id="w10.5.33">srčno</w> 
 <w id="w10.5.34">frekvenco</w>
 <w id="w10.5.35">.</w>
</s> 
 
<s id="s10.6">
 <w id="w10.6.1">Ko</w> 
 <w id="w10.6.2">so</w> 
 <w id="w10.6.3">kanali</w> 
 <w id="w10.6.4">blokirani</w>
 <w id="w10.6.5">,</w> 
 <w id="w10.6.6">se</w> 
 <w id="w10.6.7">srčna</w> 
 <w id="w10.6.8">frekvenca</w> 
 <w id="w10.6.9">zniža</w>
 <w id="w10.6.10">,</w>   
 <w id="w10.6.11">srca</w> 
 <w id="w10.6.12">ima</w> 
 <w id="w10.6.13">manj</w> 
 <w id="w10.6.14">dela</w> 
 <w id="w10.6.15">in</w> 
 <w id="w10.6.16">potrebuje</w> 
 <w id="w10.6.17">manj</w> 
 <w id="w10.6.18">krvi</w> 
 <w id="w10.6.19">s</w> 
 <w id="w10.6.20">kisikom</w>
 <w id="w10.6.21">.</w>
</s> 
 
<s id="s10.7">
 <w id="w10.7.1">Zdravilo</w> 
 <w id="w10.7.2">Corlentor</w> 
 <w id="w10.7.3">tako</w> 
 <w id="w10.7.4">zmanjša</w> 
 <w id="w10.7.5">ali</w> 
 <w id="w10.7.6">prepreči</w>   
 <w id="w10.7.7">simptome</w> 
 <w id="w10.7.8">angine</w>
 <w id="w10.7.9">.</w>
</s></p>

<p id="11">
<s id="s11.1">
 <w id="w11.1.1">Kako</w> 
 <w id="w11.1.2">je</w> 
 <w id="w11.1.3">bilo</w> 
 <w id="w11.1.4">zdravilo</w> 
 <w id="w11.1.5">Corlentor</w> 
 <w id="w11.1.6">raziskano</w>
 <w id="w11.1.7">?</w>
</s>   
 
<s id="s11.2">
 <w id="w11.2.1">Zdravilo</w> 
 <w id="w11.2.2">Corlentor</w> 
 <w id="w11.2.3">je</w> 
 <w id="w11.2.4">bilo</w> 
 <w id="w11.2.5">preučeno</w> 
 <w id="w11.2.6">v</w> 
 <w id="w11.2.7">štirih</w> 
 <w id="w11.2.8">kliničnih</w> 
 <w id="w11.2.9">preizkušanjih</w>
 <w id="w11.2.10">,</w> 
 <w id="w11.2.11">ki</w> 
 <w id="w11.2.12">so</w> 
 <w id="w11.2.13">trajala</w> 
 <w id="w11.2.14">3</w> 
 <w id="w11.2.15">oz</w>
 <w id="w11.2.16">.</w>
</s> 
 
<s id="s11.3">
 <w id="w11.3.1">4</w> 
 <w id="w11.3.2">mesece</w>
 <w id="w11.3.3">.</w>
</s> 
 
<s id="s11.4">
 <w id="w11.4.1">Vanje</w>   
 <w id="w11.4.2">je</w> 
 <w id="w11.4.3">bilo</w> 
 <w id="w11.4.4">vključenih</w> 
 <w id="w11.4.5">3222</w> 
 <w id="w11.4.6">bolnikov</w>
 <w id="w11.4.7">,</w> 
 <w id="w11.4.8">od</w> 
 <w id="w11.4.9">katerih</w> 
 <w id="w11.4.10">jih</w> 
 <w id="w11.4.11">je</w> 
 <w id="w11.4.12">2168</w> 
 <w id="w11.4.13">prejelo</w> 
 <w id="w11.4.14">zdravilo</w> 
 <w id="w11.4.15">Corlentor</w>
 <w id="w11.4.16">.</w>
</s> 
 
<s id="s11.5">
 <w id="w11.5.1">Zdravilo</w> 
 <w id="w11.5.2">Corlentor</w>   
 <w id="w11.5.3">so</w> 
 <w id="w11.5.4">primerjali</w> 
 <w id="w11.5.5">s</w> 
 <w id="w11.5.6">placebom</w> 
 <w id="w11.5.7">(</w>
 <w id="w11.5.8">zdravilom</w> 
 <w id="w11.5.9">brez</w> 
 <w id="w11.5.10">zdravilne</w> 
 <w id="w11.5.11">učinkovine</w>
 <w id="w11.5.12">)</w>
 <w id="w11.5.13">,</w> 
 <w id="w11.5.14">atenololom</w> 
 <w id="w11.5.15">ali</w> 
 <w id="w11.5.16">amlodipinom</w>   
 <w id="w11.5.17">(</w>
 <w id="w11.5.18">drugima</w> 
 <w id="w11.5.19">zdraviloma</w> 
 <w id="w11.5.20">za</w> 
 <w id="w11.5.21">zdravljenje</w> 
 <w id="w11.5.22">angine</w>
 <w id="w11.5.23">)</w>
 <w id="w11.5.24">.</w>
</s> 
 
<s id="s11.6">
 <w id="w11.6.1">Preučili</w> 
 <w id="w11.6.2">so</w> 
 <w id="w11.6.3">tudi</w> 
 <w id="w11.6.4">dodajanje</w> 
 <w id="w11.6.5">zdravila</w> 
 <w id="w11.6.6">Corlentor</w> 
 <w id="w11.6.7">k</w>                                         
 <w id="w11.6.8">7</w> 
 <w id="w11.6.9">Westferry</w> 
 <w id="w11.6.10">Circus</w>
 <w id="w11.6.11">,</w> 
 <w id="w11.6.12">Canary</w> 
 <w id="w11.6.13">Wharf</w>
 <w id="w11.6.14">,</w> 
 <w id="w11.6.15">London</w> 
 <w id="w11.6.16">E14</w> 
 <w id="w11.6.17">4HB</w>
 <w id="w11.6.18">,</w> 
 <w id="w11.6.19">UK</w>                                            
 <w id="w11.6.20">Tel</w>
 <w id="w11.6.21">.</w>
</s> 
 
<s id="s11.7">
 <w id="w11.7.1">(</w>
 <w id="w11.7.2">44-</w>
 <w id="w11.7.3">20</w>
 <w id="w11.7.4">)</w> 
 <w id="w11.7.5">74</w> 
 <w id="w11.7.6">18</w> 
 <w id="w11.7.7">84</w> 
 <w id="w11.7.8">00</w> 
 <w id="w11.7.9">Fax</w> 
 <w id="w11.7.10">(</w>
 <w id="w11.7.11">44-</w>
 <w id="w11.7.12">20</w>
 <w id="w11.7.13">)</w> 
 <w id="w11.7.14">74</w> 
 <w id="w11.7.15">18</w> 
 <w id="w11.7.16">84</w> 
 <w id="w11.7.17">16</w>                                           
 <w id="w11.7.18">E-</w>
 <w id="w11.7.19">mail</w>
 <w id="w11.7.20">:</w> 
 <w id="w11.7.21">mail@</w>
 <w id="w11.7.22">emea.</w>
 <w id="w11.7.23">eu.</w>
 <w id="w11.7.24">int</w> 
 <w id="w11.7.25">http</w>
 <w id="w11.7.26">:</w>
 <w id="w11.7.27">//</w>
 <w id="w11.7.28">www.</w>
 <w id="w11.7.29">emea.</w>
 <w id="w11.7.30">eu.</w>
 <w id="w11.7.31">int</w> 
 <w id="w11.7.32">EMEA</w> 
 <w id="w11.7.33">2006</w> 
 <w id="w11.7.34">Reproduction</w> 
 <w id="w11.7.35">and/</w>
 <w id="w11.7.36">or</w> 
 <w id="w11.7.37">distribution</w> 
 <w id="w11.7.38">of</w> 
 <w id="w11.7.39">this</w> 
 <w id="w11.7.40">document</w> 
 <w id="w11.7.41">is</w> 
 <w id="w11.7.42">authorised</w> 
 <w id="w11.7.43">for</w> 
 <w id="w11.7.44">non</w> 
 <w id="w11.7.45">commercial</w> 
 <w id="w11.7.46">purposes</w> 
 <w id="w11.7.47">only</w> 
 <w id="w11.7.48">provided</w> 
 <w id="w11.7.49">the</w> 
 <w id="w11.7.50">EMEA</w> 
 <w id="w11.7.51">is</w> 
 <w id="w11.7.52">acknowledged</w> 
 <w id="w11.7.53">obstoječemu</w> 
 <w id="w11.7.54">zdravljenju</w> 
 <w id="w11.7.55">pri</w> 
 <w id="w11.7.56">bolnikih</w>
 <w id="w11.7.57">,</w> 
 <w id="w11.7.58">ki</w> 
 <w id="w11.7.59">so</w> 
 <w id="w11.7.60">sočasno</w> 
 <w id="w11.7.61">prejemali</w> 
 <w id="w11.7.62">amlodipin</w>
 <w id="w11.7.63">.</w>
</s> 
 
<s id="s11.8">
 <w id="w11.8.1">Glavno</w> 
 <w id="w11.8.2">merilo</w> 
 <w id="w11.8.3">učinkovitosti</w> 
 <w id="w11.8.4">so</w> 
 <w id="w11.8.5">bili</w> 
 <w id="w11.8.6">obremenitveni</w> 
 <w id="w11.8.7">testi</w>
 <w id="w11.8.8">,</w> 
 <w id="w11.8.9">npr</w>
 <w id="w11.8.10">.</w> 
 <w id="w11.8.11">koliko</w> 
 <w id="w11.8.12">vaj</w> 
 <w id="w11.8.13">je</w> 
 <w id="w11.8.14">lahko</w> 
 <w id="w11.8.15">bolnik</w> 
 <w id="w11.8.16">opravil</w> 
 <w id="w11.8.17">pred</w> 
 <w id="w11.8.18">angino</w>
 <w id="w11.8.19">.</w>
</s></p>

<p id="12">
<s id="s12.1">
 <w id="w12.1.1">Kakšne</w> 
 <w id="w12.1.2">koristi</w> 
 <w id="w12.1.3">je</w> 
 <w id="w12.1.4">zdravilo</w> 
 <w id="w12.1.5">Corlentor</w> 
 <w id="w12.1.6">izkazalo</w> 
 <w id="w12.1.7">med</w> 
 <w id="w12.1.8">raziskavami</w>
 <w id="w12.1.9">?</w>
</s> 
 
<s id="s12.2">
 <w id="w12.2.1">Zdravilo</w> 
 <w id="w12.2.2">Corlentor</w> 
 <w id="w12.2.3">je</w> 
 <w id="w12.2.4">bilo</w> 
 <w id="w12.2.5">statistično</w> 
 <w id="w12.2.6">značilno</w> 
 <w id="w12.2.7">boljše</w> 
 <w id="w12.2.8">od</w> 
 <w id="w12.2.9">placeba</w> 
 <w id="w12.2.10">pri</w> 
 <w id="w12.2.11">izboljšanju</w> 
 <w id="w12.2.12">vadbene</w> 
 <w id="w12.2.13">zmogljivosti</w> 
 <w id="w12.2.14">in</w> 
 <w id="w12.2.15">enako</w> 
 <w id="w12.2.16">učinkovito</w> 
 <w id="w12.2.17">kot</w> 
 <w id="w12.2.18">atenolol</w> 
 <w id="w12.2.19">in</w> 
 <w id="w12.2.20">amlodipin</w>
 <w id="w12.2.21">.</w>
</s> 
 
<s id="s12.3">
 <w id="w12.3.1">Zdravilo</w> 
 <w id="w12.3.2">Corlentor</w> 
 <w id="w12.3.3">kot</w> 
 <w id="w12.3.4">dodatek</w> 
 <w id="w12.3.5">amlodipinu</w> 
 <w id="w12.3.6">ni</w> 
 <w id="w12.3.7">pokazalo</w> 
 <w id="w12.3.8">dodatnih</w> 
 <w id="w12.3.9">koristnih</w> 
 <w id="w12.3.10">učinkov</w>
 <w id="w12.3.11">.</w>
</s></p>

<p id="13">
<s id="s13.1">
 <w id="w13.1.1">Kakšna</w> 
 <w id="w13.1.2">tveganja</w> 
 <w id="w13.1.3">so</w> 
 <w id="w13.1.4">povezana</w> 
 <w id="w13.1.5">z</w> 
 <w id="w13.1.6">zdravilom</w> 
 <w id="w13.1.7">Corlentor</w>
 <w id="w13.1.8">?</w>
</s> 
 
<s id="s13.2">
 <w id="w13.2.1">Najpogostejši</w> 
 <w id="w13.2.2">neželeni</w> 
 <w id="w13.2.3">učinek</w> 
 <w id="w13.2.4">(</w>
 <w id="w13.2.5">opažen</w> 
 <w id="w13.2.6">pri</w> 
 <w id="w13.2.7">več</w> 
 <w id="w13.2.8">kot</w> 
 <w id="w13.2.9">1</w> 
 <w id="w13.2.10">bolniku</w> 
 <w id="w13.2.11">od</w> 
 <w id="w13.2.12">10</w>
 <w id="w13.2.13">)</w> 
 <w id="w13.2.14">je</w> 
 <w id="w13.2.15">pojav</w> 
 <w id="w13.2.16">svetlikanja</w> 
 <w id="w13.2.17">(</w>
 <w id="w13.2.18">prehodno</w> 
 <w id="w13.2.19">povečanje</w> 
 <w id="w13.2.20">svetlosti</w> 
 <w id="w13.2.21">v</w> 
 <w id="w13.2.22">vidnem</w> 
 <w id="w13.2.23">polju</w>
 <w id="w13.2.24">)</w>
 <w id="w13.2.25">.</w>
</s> 
 
<s id="s13.3">
 <w id="w13.3.1">Drugi</w> 
 <w id="w13.3.2">pogosti</w> 
 <w id="w13.3.3">neželeni</w> 
 <w id="w13.3.4">učinki</w> 
 <w id="w13.3.5">so</w> 
 <w id="w13.3.6">zamegljen</w> 
 <w id="w13.3.7">vid</w>
 <w id="w13.3.8">,</w> 
 <w id="w13.3.9">bradikardija</w> 
 <w id="w13.3.10">(</w>
 <w id="w13.3.11">zelo</w> 
 <w id="w13.3.12">počasen</w> 
 <w id="w13.3.13">srčni</w> 
 <w id="w13.3.14">utrip</w>
 <w id="w13.3.15">)</w>
 <w id="w13.3.16">,</w> 
 <w id="w13.3.17">nepravilen</w> 
 <w id="w13.3.18">srčni</w> 
 <w id="w13.3.19">utrip</w>
 <w id="w13.3.20">,</w> 
 <w id="w13.3.21">glavobol</w> 
 <w id="w13.3.22">(</w>
 <w id="w13.3.23">običajno</w> 
 <w id="w13.3.24">v</w> 
 <w id="w13.3.25">prvem</w> 
 <w id="w13.3.26">mesecu</w> 
 <w id="w13.3.27">zdravljenja</w>
 <w id="w13.3.28">)</w> 
 <w id="w13.3.29">in</w> 
 <w id="w13.3.30">omotica</w>
 <w id="w13.3.31">.</w>
</s> 
 
<s id="s13.4">
 <w id="w13.4.1">Celovit</w> 
 <w id="w13.4.2">opis</w> 
 <w id="w13.4.3">neželenih</w> 
 <w id="w13.4.4">učinkov</w>
 <w id="w13.4.5">,</w> 
 <w id="w13.4.6">o</w> 
 <w id="w13.4.7">katerih</w> 
 <w id="w13.4.8">so</w> 
 <w id="w13.4.9">poročali</w> 
 <w id="w13.4.10">pri</w> 
 <w id="w13.4.11">uporabi</w> 
 <w id="w13.4.12">zdravila</w> 
 <w id="w13.4.13">Corlentor</w>
 <w id="w13.4.14">,</w> 
 <w id="w13.4.15">najdete</w> 
 <w id="w13.4.16">v</w> 
 <w id="w13.4.17">Navodilih</w> 
 <w id="w13.4.18">za</w> 
 <w id="w13.4.19">uporabo</w>
 <w id="w13.4.20">.</w>
</s> 
 
<s id="s13.5">
 <w id="w13.5.1">Zdravila</w> 
 <w id="w13.5.2">Corlentor</w> 
 <w id="w13.5.3">ne</w> 
 <w id="w13.5.4">smejo</w> 
 <w id="w13.5.5">jemati</w> 
 <w id="w13.5.6">osebe</w>
 <w id="w13.5.7">,</w> 
 <w id="w13.5.8">ki</w> 
 <w id="w13.5.9">utegnejo</w> 
 <w id="w13.5.10">biti</w> 
 <w id="w13.5.11">preobčutljive</w> 
 <w id="w13.5.12">za</w> 
 <w id="w13.5.13">(</w>
 <w id="w13.5.14">alergične</w> 
 <w id="w13.5.15">na</w>
 <w id="w13.5.16">)</w> 
 <w id="w13.5.17">ivabradin</w> 
 <w id="w13.5.18">ali</w> 
 <w id="w13.5.19">katerokoli</w> 
 <w id="w13.5.20">drugo</w> 
 <w id="w13.5.21">sestavino</w> 
 <w id="w13.5.22">zdravila</w>
 <w id="w13.5.23">,</w> 
 <w id="w13.5.24">ali</w> 
 <w id="w13.5.25">osebe</w>
 <w id="w13.5.26">,</w> 
 <w id="w13.5.27">ki</w> 
 <w id="w13.5.28">imajo</w> 
 <w id="w13.5.29">srčno</w> 
 <w id="w13.5.30">frekvenco</w> 
 <w id="w13.5.31">med</w> 
 <w id="w13.5.32">mirovanjem</w> 
 <w id="w13.5.33">pod</w> 
 <w id="w13.5.34">60</w> 
 <w id="w13.5.35">utripov/</w>
 <w id="w13.5.36">minuto</w>
 <w id="w13.5.37">)</w>
 <w id="w13.5.38">,</w> 
 <w id="w13.5.39">zelo</w> 
 <w id="w13.5.40">nizek</w> 
 <w id="w13.5.41">krvni</w> 
 <w id="w13.5.42">tlak</w>
 <w id="w13.5.43">,</w> 
 <w id="w13.5.44">razne</w> 
 <w id="w13.5.45">vrste</w> 
 <w id="w13.5.46">bolezni</w> 
 <w id="w13.5.47">srca</w> 
 <w id="w13.5.48">(</w>
 <w id="w13.5.49">kardiogeni</w> 
 <w id="w13.5.50">šok</w>
 <w id="w13.5.51">,</w> 
 <w id="w13.5.52">motnje</w> 
 <w id="w13.5.53">ritma</w>
 <w id="w13.5.54">,</w> 
 <w id="w13.5.55">srčni</w> 
 <w id="w13.5.56">napad</w>
 <w id="w13.5.57">,</w> 
 <w id="w13.5.58">srčno</w> 
 <w id="w13.5.59">popuščanje</w>
 <w id="w13.5.60">)</w>
 <w id="w13.5.61">,</w> 
 <w id="w13.5.62">hude</w> 
 <w id="w13.5.63">težave</w> 
 <w id="w13.5.64">z</w> 
 <w id="w13.5.65">jetri</w>
 <w id="w13.5.66">,</w> 
 <w id="w13.5.67">ali</w> 
 <w id="w13.5.68">nosečnice</w> 
 <w id="w13.5.69">ali</w> 
 <w id="w13.5.70">doječe</w> 
 <w id="w13.5.71">matere</w>
 <w id="w13.5.72">.</w>
</s> 
 
<s id="s13.6">
 <w id="w13.6.1">Celoten</w> 
 <w id="w13.6.2">seznam</w> 
 <w id="w13.6.3">omejitev</w> 
 <w id="w13.6.4">najdete</w> 
 <w id="w13.6.5">v</w> 
 <w id="w13.6.6">Navodilih</w> 
 <w id="w13.6.7">za</w> 
 <w id="w13.6.8">uporabo</w>
 <w id="w13.6.9">.</w>
</s></p>

<p id="14">
<s id="s14.1">
 <w id="w14.1.1">Zakaj</w> 
 <w id="w14.1.2">je</w> 
 <w id="w14.1.3">bilo</w> 
 <w id="w14.1.4">zdravilo</w> 
 <w id="w14.1.5">Corlentor</w> 
 <w id="w14.1.6">odobreno</w>
 <w id="w14.1.7">?</w>
</s> 
 
<s id="s14.2">
 <w id="w14.2.1">Odbor</w> 
 <w id="w14.2.2">za</w> 
 <w id="w14.2.3">zdravila</w> 
 <w id="w14.2.4">za</w> 
 <w id="w14.2.5">uporabo</w> 
 <w id="w14.2.6">v</w> 
 <w id="w14.2.7">humani</w> 
 <w id="w14.2.8">medicini</w> 
 <w id="w14.2.9">(</w>
 <w id="w14.2.10">CHMP</w>
 <w id="w14.2.11">)</w> 
 <w id="w14.2.12">meni</w>
 <w id="w14.2.13">,</w> 
 <w id="w14.2.14">da</w> 
 <w id="w14.2.15">je</w> 
 <w id="w14.2.16">zdravilo</w> 
 <w id="w14.2.17">Corlentor</w> 
 <w id="w14.2.18">dovolj</w> 
 <w id="w14.2.19">učinkovito</w> 
 <w id="w14.2.20">proti</w> 
 <w id="w14.2.21">angini</w> 
 <w id="w14.2.22">in</w> 
 <w id="w14.2.23">ima</w> 
 <w id="w14.2.24">zadosten</w> 
 <w id="w14.2.25">varnostni</w> 
 <w id="w14.2.26">profil</w> 
 <w id="w14.2.27">za</w> 
 <w id="w14.2.28">alternativno</w> 
 <w id="w14.2.29">zdravljenje</w> 
 <w id="w14.2.30">bolnikov</w> 
 <w id="w14.2.31">s</w> 
 <w id="w14.2.32">kronično</w> 
 <w id="w14.2.33">angino</w> 
 <w id="w14.2.34">pektoris</w> 
 <w id="w14.2.35">in</w> 
 <w id="w14.2.36">normalnim</w> 
 <w id="w14.2.37">sinusnim</w> 
 <w id="w14.2.38">ritmom</w>
 <w id="w14.2.39">,</w> 
 <w id="w14.2.40">ki</w> 
 <w id="w14.2.41">ne</w> 
 <w id="w14.2.42">morejo</w> 
 <w id="w14.2.43">jemati</w> 
 <w id="w14.2.44">blokatorjev</w> 
 <w id="w14.2.45">receptorjev</w> 
 <w id="w14.2.46">beta</w>
 <w id="w14.2.47">.</w>
</s> 
 
<s id="s14.3">
 <w id="w14.3.1">Odbor</w> 
 <w id="w14.3.2">je</w> 
 <w id="w14.3.3">mnenja</w>
 <w id="w14.3.4">,</w> 
 <w id="w14.3.5">da</w> 
 <w id="w14.3.6">so</w> 
 <w id="w14.3.7">koristi</w> 
 <w id="w14.3.8">zdravila</w> 
 <w id="w14.3.9">Corlentor</w> 
 <w id="w14.3.10">večji</w> 
 <w id="w14.3.11">od</w> 
 <w id="w14.3.12">z</w> 
 <w id="w14.3.13">njim</w> 
 <w id="w14.3.14">povezanih</w> 
 <w id="w14.3.15">tveganj</w>
 <w id="w14.3.16">,</w> 
 <w id="w14.3.17">zato</w> 
 <w id="w14.3.18">je</w> 
 <w id="w14.3.19">priporočil</w> 
 <w id="w14.3.20">odobritev</w> 
 <w id="w14.3.21">dovoljenja</w> 
 <w id="w14.3.22">za</w> 
 <w id="w14.3.23">promet</w> 
 <w id="w14.3.24">z</w> 
 <w id="w14.3.25">zdravilom</w> 
 <w id="w14.3.26">Corlentor</w>
 <w id="w14.3.27">.</w>
</s></p>

<p id="15">
<s id="s15.1">
 <w id="w15.1.1">Druge</w> 
 <w id="w15.1.2">informacije</w> 
 <w id="w15.1.3">o</w> 
 <w id="w15.1.4">zdravilu</w> 
 <w id="w15.1.5">Corlentor</w>
 <w id="w15.1.6">:</w>
</s> 
 
<s id="s15.2">
 <w id="w15.2.1">Evropska</w> 
 <w id="w15.2.2">Komisija</w> 
 <w id="w15.2.3">je</w> 
 <w id="w15.2.4">dovoljenje</w> 
 <w id="w15.2.5">za</w> 
 <w id="w15.2.6">promet</w> 
 <w id="w15.2.7">z</w> 
 <w id="w15.2.8">zdravilom</w> 
 <w id="w15.2.9">Corlentor</w>
 <w id="w15.2.10">,</w> 
 <w id="w15.2.11">veljavno</w> 
 <w id="w15.2.12">po</w> 
 <w id="w15.2.13">vsej</w> 
 <w id="w15.2.14">Evropski</w> 
 <w id="w15.2.15">uniji</w>
 <w id="w15.2.16">,</w> 
 <w id="w15.2.17">odobrila</w> 
 <w id="w15.2.18">družbi</w> 
 <w id="w15.2.19">Les</w> 
 <w id="w15.2.20">Laboratoires</w> 
 <w id="w15.2.21">Servier</w> 
 <w id="w15.2.22">dne</w> 
 <w id="w15.2.23">25</w>
 <w id="w15.2.24">.</w> 
 <w id="w15.2.25">oktobra</w> 
 <w id="w15.2.26">2005</w>
 <w id="w15.2.27">.</w>
</s></p>

<p id="16">
<s id="s16.1">
 <w id="w16.1.1">Celotno</w> 
 <w id="w16.1.2">Evropsko</w> 
 <w id="w16.1.3">javno</w> 
 <w id="w16.1.4">poročilo</w> 
 <w id="w16.1.5">o</w> 
 <w id="w16.1.6">oceni</w> 
 <w id="w16.1.7">zdravila</w> 
 <w id="w16.1.8">(</w>
 <w id="w16.1.9">EPAR</w>
 <w id="w16.1.10">)</w> 
 <w id="w16.1.11">za</w> 
 <w id="w16.1.12">zdravilo</w> 
 <w id="w16.1.13">Corlentor</w> 
 <w id="w16.1.14">je</w> 
 <w id="w16.1.15">na</w> 
 <w id="w16.1.16">voljo</w> 
 <w id="w16.1.17">tukaj</w>
 <w id="w16.1.18">.</w>
</s></p>

<p id="17">
<s id="s17.1">
 <w id="w17.1.1">Ta</w> 
 <w id="w17.1.2">povzetek</w> 
 <w id="w17.1.3">je</w> 
 <w id="w17.1.4">bil</w> 
 <w id="w17.1.5">nazadnje</w> 
 <w id="w17.1.6">posodobljen</w> 
 <w id="w17.1.7">03-</w>
 <w id="w17.1.8">2006</w>
 <w id="w17.1.9">.</w>
</s></p>

<p id="18">
<s id="s18.1">
 <w id="w18.1.1">EMEA</w> 
 <w id="w18.1.2">2006</w>
</s></p>

<head id="19">
<s id="s19.1">
 <w id="w19.1.1">2/</w>
 <w id="w19.1.2">2</w>
</s></head></text>
