<?xml version="1.0" encoding="utf-8"?>
<text>
<head id="1">
<s id="s1.1">
 <w id="w1.1.1">Številka</w> 
 <w id="w1.1.2">postopka</w> 
 <w id="w1.1.3">EMEA</w>
</s></head>

<head id="2">
<s id="s2.1">
 <w id="w2.1.1">Izmišljeno</w> 
 <w id="w2.1.2">ime</w>
</s></head>

<head id="3">
<s id="s3.1">
 <w id="w3.1.1">Jakost</w>
</s></head>

<head id="4">
<s id="s4.1">
 <w id="w4.1.1">Farmacevtska</w> 
 <w id="w4.1.2">oblika</w>
</s></head>

<head id="5">
<s id="s5.1">
 <w id="w5.1.1">Način</w> 
 <w id="w5.1.2">uporabe</w>       
 <w id="w5.1.3">zdravila</w>
</s></head>

<head id="6">
<s id="s6.1">
 <w id="w6.1.1">Ovojnina</w>
</s></head>

<head id="7">
<s id="s7.1">
 <w id="w7.1.1">Velikost</w> 
 <w id="w7.1.2">pakiranja</w>
</s></head>

<p id="8">
<s id="s8.1">
 <w id="w8.1.1">EU/</w>
 <w id="w8.1.2">1/</w>
 <w id="w8.1.3">04/</w>
 <w id="w8.1.4">296/</w>
 <w id="w8.1.5">001</w>        
 <w id="w8.1.6">EU/</w>
 <w id="w8.1.7">1/</w>
 <w id="w8.1.8">04/</w>
 <w id="w8.1.9">296/</w>
 <w id="w8.1.10">002</w>        
 <w id="w8.1.11">EU/</w>
 <w id="w8.1.12">1/</w>
 <w id="w8.1.13">04/</w>
 <w id="w8.1.14">296/</w>
 <w id="w8.1.15">003</w>        
 <w id="w8.1.16">EU/</w>
 <w id="w8.1.17">1/</w>
 <w id="w8.1.18">04/</w>
 <w id="w8.1.19">296/</w>
 <w id="w8.1.20">004</w>        
 <w id="w8.1.21">EU/</w>
 <w id="w8.1.22">1/</w>
 <w id="w8.1.23">04/</w>
 <w id="w8.1.24">296/</w>
 <w id="w8.1.25">005</w>        
 <w id="w8.1.26">EU/</w>
 <w id="w8.1.27">1/</w>
 <w id="w8.1.28">04/</w>
 <w id="w8.1.29">296/</w>
 <w id="w8.1.30">006</w>        
 <w id="w8.1.31">EU/</w>
 <w id="w8.1.32">1/</w>
 <w id="w8.1.33">04/</w>
 <w id="w8.1.34">296/</w>
 <w id="w8.1.35">007</w>        
 <w id="w8.1.36">EU/</w>
 <w id="w8.1.37">1/</w>
 <w id="w8.1.38">04/</w>
 <w id="w8.1.39">296/</w>
 <w id="w8.1.40">008</w>        
 <w id="w8.1.41">EU/</w>
 <w id="w8.1.42">1/</w>
 <w id="w8.1.43">04/</w>
 <w id="w8.1.44">296/</w>
 <w id="w8.1.45">009</w>
</s></p>

<p id="9">
<s id="s9.1">
 <w id="w9.1.1">CYMBALTA</w>       
 <w id="w9.1.2">CYMBALTA</w>       
 <w id="w9.1.3">CYMBALTA</w>       
 <w id="w9.1.4">CYMBALTA</w>       
 <w id="w9.1.5">CYMBALTA</w>       
 <w id="w9.1.6">CYMBALTA</w>       
 <w id="w9.1.7">CYMBALTA</w>       
 <w id="w9.1.8">CYMBALTA</w>       
 <w id="w9.1.9">CYMBALTA</w>
</s></p>

<p id="10">
<s id="s10.1">
 <w id="w10.1.1">30</w> 
 <w id="w10.1.2">mg</w>    
 <w id="w10.1.3">60</w> 
 <w id="w10.1.4">mg</w>    
 <w id="w10.1.5">60</w> 
 <w id="w10.1.6">mg</w>    
 <w id="w10.1.7">60</w> 
 <w id="w10.1.8">mg</w>    
 <w id="w10.1.9">60</w> 
 <w id="w10.1.10">mg</w>    
 <w id="w10.1.11">30</w> 
 <w id="w10.1.12">mg</w>    
 <w id="w10.1.13">60</w> 
 <w id="w10.1.14">mg</w>    
 <w id="w10.1.15">60</w> 
 <w id="w10.1.16">mg</w>    
 <w id="w10.1.17">30</w> 
 <w id="w10.1.18">mg</w>
</s></p>

<p id="11">
<s id="s11.1">
 <w id="w11.1.1">Gastrorezistentna</w> 
 <w id="w11.1.2">kapsula</w>
 <w id="w11.1.3">,</w> 
 <w id="w11.1.4">trda</w>     
 <w id="w11.1.5">Gastrorezistentna</w> 
 <w id="w11.1.6">kapsula</w>
 <w id="w11.1.7">,</w> 
 <w id="w11.1.8">trda</w>     
 <w id="w11.1.9">Gastrorezistentna</w> 
 <w id="w11.1.10">kapsula</w>
 <w id="w11.1.11">,</w> 
 <w id="w11.1.12">trda</w>     
 <w id="w11.1.13">Gastrorezistentna</w> 
 <w id="w11.1.14">kapsula</w>
 <w id="w11.1.15">,</w> 
 <w id="w11.1.16">trda</w>     
 <w id="w11.1.17">Gastrorezistentna</w> 
 <w id="w11.1.18">kapsula</w>
 <w id="w11.1.19">,</w> 
 <w id="w11.1.20">trda</w>     
 <w id="w11.1.21">Gastrorezistentna</w> 
 <w id="w11.1.22">kapsula</w>
 <w id="w11.1.23">,</w> 
 <w id="w11.1.24">trda</w>     
 <w id="w11.1.25">Gastrorezistentna</w> 
 <w id="w11.1.26">kapsula</w>
 <w id="w11.1.27">,</w> 
 <w id="w11.1.28">trda</w>     
 <w id="w11.1.29">Gastrorezistentna</w> 
 <w id="w11.1.30">kapsula</w>
 <w id="w11.1.31">,</w> 
 <w id="w11.1.32">trda</w>     
 <w id="w11.1.33">Gastrorezistentna</w> 
 <w id="w11.1.34">kapsula</w>
 <w id="w11.1.35">,</w> 
 <w id="w11.1.36">trda</w>
</s></p>

<p id="12">
<s id="s12.1">
 <w id="w12.1.1">Peroralno</w> 
 <w id="w12.1.2">dajanje</w>   
 <w id="w12.1.3">Peroralno</w> 
 <w id="w12.1.4">dajanje</w>   
 <w id="w12.1.5">Peroralno</w> 
 <w id="w12.1.6">dajanje</w>   
 <w id="w12.1.7">Peroralno</w> 
 <w id="w12.1.8">dajanje</w>   
 <w id="w12.1.9">Peroralno</w> 
 <w id="w12.1.10">dajanje</w>   
 <w id="w12.1.11">Peroralno</w> 
 <w id="w12.1.12">dajanje</w>   
 <w id="w12.1.13">Peroralno</w> 
 <w id="w12.1.14">dajanje</w>   
 <w id="w12.1.15">Peroralno</w> 
 <w id="w12.1.16">dajanje</w>   
 <w id="w12.1.17">Peroralno</w> 
 <w id="w12.1.18">dajanje</w>
</s></p>

<p id="13">
<s id="s13.1">
 <w id="w13.1.1">Pretisni</w> 
 <w id="w13.1.2">omoti</w> 
 <w id="w13.1.3">(</w>
 <w id="w13.1.4">PVC/</w>
 <w id="w13.1.5">PE/</w>
 <w id="w13.1.6">PCTFE</w> 
 <w id="w13.1.7">Alu</w>
 <w id="w13.1.8">)</w>   
 <w id="w13.1.9">Pretisni</w> 
 <w id="w13.1.10">omoti</w> 
 <w id="w13.1.11">(</w>
 <w id="w13.1.12">PVC/</w>
 <w id="w13.1.13">PE/</w>
 <w id="w13.1.14">PCTFE</w> 
 <w id="w13.1.15">Alu</w>
 <w id="w13.1.16">)</w>   
 <w id="w13.1.17">Pretisni</w> 
 <w id="w13.1.18">omoti</w> 
 <w id="w13.1.19">(</w>
 <w id="w13.1.20">PVC/</w>
 <w id="w13.1.21">PE/</w>
 <w id="w13.1.22">PCTFE</w> 
 <w id="w13.1.23">Alu</w>
 <w id="w13.1.24">)</w>   
 <w id="w13.1.25">Pretisni</w> 
 <w id="w13.1.26">omoti</w> 
 <w id="w13.1.27">(</w>
 <w id="w13.1.28">PVC/</w>
 <w id="w13.1.29">PE/</w>
 <w id="w13.1.30">PCTFE</w> 
 <w id="w13.1.31">Alu</w>
 <w id="w13.1.32">)</w>   
 <w id="w13.1.33">Pretisni</w> 
 <w id="w13.1.34">omoti</w> 
 <w id="w13.1.35">(</w>
 <w id="w13.1.36">PVC/</w>
 <w id="w13.1.37">PE/</w>
 <w id="w13.1.38">PCTFE</w> 
 <w id="w13.1.39">Alu</w>
 <w id="w13.1.40">)</w>   
 <w id="w13.1.41">Pretisni</w> 
 <w id="w13.1.42">omoti</w> 
 <w id="w13.1.43">(</w>
 <w id="w13.1.44">PVC/</w>
 <w id="w13.1.45">PE/</w>
 <w id="w13.1.46">PCTFE</w> 
 <w id="w13.1.47">Alu</w>
 <w id="w13.1.48">)</w>   
 <w id="w13.1.49">Pretisni</w> 
 <w id="w13.1.50">omoti</w> 
 <w id="w13.1.51">(</w>
 <w id="w13.1.52">PVC/</w>
 <w id="w13.1.53">PE/</w>
 <w id="w13.1.54">PCTFE</w> 
 <w id="w13.1.55">Alu</w>
 <w id="w13.1.56">)</w>   
 <w id="w13.1.57">Pretisni</w> 
 <w id="w13.1.58">omoti</w> 
 <w id="w13.1.59">(</w>
 <w id="w13.1.60">PVC/</w>
 <w id="w13.1.61">PE/</w>
 <w id="w13.1.62">PCTFE</w> 
 <w id="w13.1.63">Alu</w>
 <w id="w13.1.64">)</w>   
 <w id="w13.1.65">Pretisni</w> 
 <w id="w13.1.66">omoti</w> 
 <w id="w13.1.67">(</w>
 <w id="w13.1.68">PVC/</w>
 <w id="w13.1.69">PE/</w>
 <w id="w13.1.70">PCTFE</w> 
 <w id="w13.1.71">Alu</w>
 <w id="w13.1.72">)</w>
</s></p>

<p id="14">
<s id="s14.1">
 <w id="w14.1.1">28</w> 
 <w id="w14.1.2">kapsul</w> 
 <w id="w14.1.3">28</w> 
 <w id="w14.1.4">kapsul</w> 
 <w id="w14.1.5">84</w> 
 <w id="w14.1.6">kapsul</w> 
 <w id="w14.1.7">98</w> 
 <w id="w14.1.8">kapsul</w> 
 <w id="w14.1.9">56</w> 
 <w id="w14.1.10">kapsul</w> 
 <w id="w14.1.11">7</w> 
 <w id="w14.1.12">kapsul</w> 
 <w id="w14.1.13">500</w> 
 <w id="w14.1.14">kapsul</w> 
 <w id="w14.1.15">100</w> 
 <w id="w14.1.16">kapsul</w> 
 <w id="w14.1.17">98</w> 
 <w id="w14.1.18">kapsul</w>
</s></p>

<p id="15">
<s id="s15.1">
 <w id="w15.1.1">1/</w>
 <w id="w15.1.2">1</w>
</s></p></text>
