<?xml version="1.0" encoding="utf-8"?>
<letsmt version="1.0">
<head></head>
<body>
<s id="s1.1">ANNEX III</s>
<s id="s2.1">SUMMARY OF PRODUCT CHARACTERISTICS</s>
<s id="s3.1">Note:</s>
<s id="s3.2">This SPC is the one that was annexed to the Commission Decision on this Article 31 referral for nimesulide containing medicinal products.</s>
<s id="s3.3">The text was valid at that time.</s>
<s id="s4.1">After the Commission Decision, the Member State competent authorities will update the product information as required.</s>
<s id="s4.2">Therefore, this SPC may not necessarily represent the current text.</s>
<s id="s5.1">CPMP/ 3086/ 03-REV.</s>
<s id="s6.1">1</s>
<s id="s7.1">1 SUMMARY OF PRODUCT CHARACTERISTICS</s>
<s id="s8.1"> EMEA 2004</s>
<s id="s9.1">NIMESULIDE 100 MG TABLETS, SOLUBLE TABLETS, EFFERVESCENT TABLETS, COATED TABLETS, CAPSULES, HARD CAPSULES, NIMESULIDE 50/ 100 MG GRANULES OR POWDER FOR ORAL SUSPENSION NIMESULIDE 1%, 2% OR 5% ORAL SUSPENSION</s>
<s id="s10.1">CPMP/ 3086/ 03-REV.1 1.</s>
<s id="s10.2">NAME OF THE MEDICINAL PRODUCT</s>
<s id="s11.1">2</s>
<s id="s12.1"> EMEA 2004</s>
<s id="s13.1">&lt; TRADENAME &gt;</s>
<s id="s14.1">2.</s>
<s id="s14.2">QUALITATIVE AND QUANTITATIVE COMPOSITION</s>
<s id="s15.1">Each tablet, soluble tablet, effervescent tablet, coated tablet, capsule, hard capsule contains 100mg nimesulide.</s>
<s id="s15.2">Each sachet contains 50 or 100mg nimesulide.</s>
<s id="s15.3">Oral suspension containing 10mg, 20mg or 50mg per ml.</s>
<s id="s16.1">For excipients, see section 6.1</s>
<s id="s17.1">3.</s>
<s id="s17.2">PHARMACEUTICAL FORM</s>
<s id="s18.1">Tablet, soluble tablet, effervescent tablet or coated tablet :&lt; Company-specific &gt; Granules or powder for oral suspension :&lt; Company-specific &gt; Capsule, hard capsule: &lt; Company-specific &gt; Oral suspension: &lt; Company-specific &gt;</s>
<s id="s19.1">4.</s>
<s id="s19.2">CLINICAL PARTICULARS</s>
<s id="s20.1">4.1 Therapeutic indications</s>
<s id="s21.1">Treatment of acute pain.</s>
<s id="s21.2">Symptomatic treatment of painful osteoarthritis.</s>
<s id="s21.3">Primary dysmenorrhoea.</s>
<s id="s22.1">4.2 Posology and method of administration</s>
<s id="s23.1">&lt; Nimesulide-containing medicinal products &gt; should be used for the shortest possible duration, as required by the clinical situation.</s>
<s id="s24.1">Adults:</s>
<s id="s24.2">100mg nimesulide tablets, soluble tablets, effervescent tablets, coated tablets, capsules, hard capsules, 50mg and 100mg granules or powder, 1%, 2% and 5% oral suspension:</s>
<s id="s24.3">100mg bid after meal</s>
<s id="s25.1">Elderly: in elderly patients there is no need to reduce the daily dosage (see section 5.2).</s>
<s id="s26.1">Children (&lt; 12 years) :&lt; Nimesulide containing medicinal products &gt; are contraindicated in these patients (see also section 4.3).</s>
<s id="s27.1">Adolescents (from 12 to 18 years): on the basis of the kinetic profile in adults and on the pharmacodynamic characteristics of nimesulide, no dosage adjustment in these patients is necessary.</s>
<s id="s28.1">Impaired renal function: on the basis of pharmacokinetics, no dosage adjustment is necessary in patients with mild to moderate renal impairment (creatinine clearance of 30-80 ml/ min), while&lt; Nimesulide containing medicinal products &gt; are contraindicated in case of severe renal impairement (creatinine clearance &lt; 30ml/min) (see sections 4.3 and 5.2).</s>
<s id="s29.1">Hepatic impairment: the use of&lt; Nimesulide containing medicinal products &gt; is contraindicated in patients with hepatic impairment (see section 5.2).</s>
<s id="s30.1">CPMP/ 4.3</s>
<s id="s31.1">3086/ 03-REV.1 3 Contraindications</s>
<s id="s32.1"> EMEA 2004</s>
<s id="s33.1">Known hypersensitivity to nimesulide or to any of the excipients of the products.</s>
<s id="s33.2">History of hypersensitivity reactions (e. g. bronchospasm, rhinitis, urticaria) in response to acetylsalicylic acid or other non-steroidal anti-inflammatory drugs.</s>
<s id="s33.3">History of hepatotoxic reactions to nimesulide Active gastric or duodenal ulcer, a history of recurrent ulceration or gastrointestinal bleeding, cerebrovascular bleeding or other active bleeding or bleeding disorders.</s>
<s id="s33.4">Severe coagulation disorders.</s>
<s id="s33.5">Severe heart failure Severe renal impairment.</s>
<s id="s33.6">Hepatic impairment.</s>
<s id="s33.7">Children under 12 years.</s>
<s id="s33.8">The third trimester of pregnancy and breastfeeding (see sections 4.6 and 5.3).</s>
<s id="s34.1">4.4 Special warnings and special precautions for use</s>
<s id="s35.1">The risk of undesirable effects may be reduced by using&lt; Nimesulide- containing medicinal products &gt; for the shortest possible duration.</s>
<s id="s35.2">Treatment should be discontinued if no benefit is seen.</s>
<s id="s36.1">Rarely&lt; Nimesulide-containing medicinal products &gt; have been reported to be associated with serious hepatic reactions, including very rare fatal cases (see also section 4.8).</s>
<s id="s36.2">Patients who experience symptoms compatible with hepatic injury during treatment with&lt; Nimesulide-containing medicinal products &gt; (e.g. anorexia, nausea, vomiting, abdominal pain, fatigue, dark urine) or patients who develop abnormal liver function tests should have treatment discontinued.</s>
<s id="s36.3">These patients should not be rechallenged with nimesulide.</s>
<s id="s36.4">Liver damage, in most cases reversible, has been reported following short exposure to the drug.</s>
<s id="s37.1">Concomitant administration with known hepatotoxic drugs, and alcohol abuse must be avoided during treatment with&lt; Nimesulide-containing medicinal products &gt; treatment, since either may increase the risk of hepatic reactions.</s>
<s id="s38.1">During therapy with&lt; Nimesulide-containing medicinal products &gt;, patients should be advised to refrain from other analgesics.</s>
<s id="s38.2">Simultaneous use of different NSAIDs is not recommended.</s>
<s id="s39.1">Gastrointestinal bleeding or ulceration / perforation can occur at any time during treatment with or without warning symptoms or a previous history of gastrointestinal events.</s>
<s id="s39.2">If gastrointestinal bleeding or ulceration occurs, nimesulide should be discontinued.</s>
<s id="s39.3">Nimesulide should be used with caution in patients with gastrointestinal disorders, including history of peptic ulceration, history of gastrointestinal haemorrhage, ulcerative colitis or Crohn’ s disease.</s>
<s id="s40.1">In patients with renal or cardiac impairment, caution is required since the use of&lt; Nimesulide- containing medicinal products &gt; may result in deterioration of renal function.</s>
<s id="s40.2">In the event of deterioration, the treatment should be discontinued (see also section 4.5).</s>
<s id="s41.1">Elderly patients are particularly susceptible to the adverse effects of NSAIDs, including gastrointestinal haemorrhage and perforation, impaired renal, cardiac and hepatic function.</s>
<s id="s41.2">Therefore, appropriate clinical monitoring is advisable.</s>
<s id="s42.1">As nimesulide can interfere with platelet function, it should be used with caution in patients with bleeding diathesis (see also section 4.3).</s>
<s id="s42.2">However ,&lt; Nimesulide-containing medicinal products &gt; is not a substitute for acetylsalicylic acid for cardiovascular prophylaxis.</s>
<s id="s43.1">NSAIDs may mask the fever related to an underlying bacterial infection.</s>
<s id="s44.1">CPMP/ 3086/ 03-REV.1</s>
<s id="s45.1">4</s>
<s id="s46.1"> EMEA 2004</s>
<s id="s47.1">The use of&lt; Nimesulide-containing medicinal products &gt; may impair female fertility and is not recommended in women attempting to conceive.</s>
<s id="s47.2">In women who have difficulties conceiving or who are undergoing investigation of infertility, withdrawal of&lt; Nimesulide-containing medicinal products &gt; should be considered (see section 4.6).</s>
<s id="s48.1">4.5 Interaction with other medicinal products and other forms of interaction</s>
<s id="s49.1">Pharmacodynamic interactions Patients receiving warfarin or similar anticoagulant agents or acetylsalicylic acid have an increased risk of bleeding complications, when treated with&lt; Nimesulide-containing medicinal products &gt;.</s>
<s id="s49.2">Therefore this combination is not recommended (see also section 4.4.) and is contraindicated in patients with severe coagulation disorders (see also section 4.3).</s>
<s id="s49.3">If the combination cannot be avoided, anticoagulant activity should be monitored closely.</s>
<s id="s50.1">Pharmacodynamic/ pharmacokinetic interactions with diuretics In healthy subjects, nimesulide transiently decreases the effect of furosemide on sodium excretion and, to a lesser extent, on potassium excretion and reduces the diuretic response.</s>
<s id="s50.2">Co-administration of nimesulide and furosemide results in a decrease (of about 20%) of the AUC and cumulative excretion of furosemide, without affecting its renal clearance.</s>
<s id="s50.3">The concomitant use of furosemide and&lt; Nimesulide containing medicinal products &gt; requires caution in susceptible renal or cardiac patients, as described under section 4.4.</s>
<s id="s51.1">Pharmacokinetic interactions with other drugs:</s>
<s id="s51.2">Non-steroidal anti-inflammatory drugs have been reported to reduce the clearance of lithium, resulting in elevated plasma levels and lithium toxicity.</s>
<s id="s51.3">If&lt; Nimesulide containing medicinal products &gt; are prescribed for a patient receiving lithium therapy, lithium levels should be monitored closely.</s>
<s id="s52.1">Potential pharmacokinetic interactions with glibenclamide, theophylline, warfarin, digoxin, cimetidine and an antacid preparation (i. e. a combination of aluminium and magnesium hydroxide) were also studied in vivo.</s>
<s id="s52.2">No clinically significant interactions were observed.</s>
<s id="s53.1">Nimesulide inhibits CYP2C9.</s>
<s id="s53.2">The plasma concentrations of drugs that are substrates of this enzyme may be increased when&lt; Nimesulide containing medicinal products &gt; are used concomitantly.</s>
<s id="s54.1">Caution is required if nimesulide is used less than 24 hours before or after treatment with methotrexate because the serum level of methotrexate might increase and therefore, the toxicity of this drug might increase.</s>
<s id="s54.2">Due to their effect on renal prostaglandines, prostaglandin synthetase inhibitors like nimesulide may increase the nephrotoxicity of cyclosporines.</s>
<s id="s55.1">Effects of other drugs on nimesulide:</s>
<s id="s55.2">In vitro studies have shown displacement of nimesulide from binding sites by tolbutamide, salicylic acid and valproic acid.</s>
<s id="s55.3">However, despite a possible effect on plasma levels, these interactions have not demonstrated clinical significance.</s>
<s id="s56.1">4.6 Pregnancy and lactation</s>
<s id="s57.1">The use of&lt; Nimesulide containing medicinal products &gt; is contraindicated in the third trimester of pregnancy (see section 4.3).</s>
<s id="s57.2">Like other NSAIDs&lt; Nimesulide containing medicinal products &gt; is not recommended in women attempting to conceive (see section 4.4).</s>
<s id="s58.1">As with other NSAIDs,</s>
<s id="s59.1">known to inhibit prostaglandin synthesis, nimesulide may cause premature closure of the ductus arteriosus, pulmonary hypertension, oliguria, oligoamnios, increased risk of bleeding, uterine inertia and peripheral oedema.</s>
<s id="s59.2">There have been isolated reports of renal failure in neonates born to women taking nimesulide in late pregnancy.</s>
<s id="s60.1">CPMP/ 3086/ 03-REV.1</s>
<s id="s61.1">5</s>
<s id="s62.1"> EMEA 2004</s>
<s id="s63.1">Studies in rabbits have shown an atypical reproductive toxicity (see section 5.3) and no adequate data from the use of nimesulide-containing medicinal products in pregnant women are available.</s>
<s id="s63.2">Therefore, the potential risk for humans is unknown and prescribing the drug during the first two trimesters of pregnancy is not recommended.</s>
<s id="s64.1">Lactation:</s>
<s id="s64.2">It is not known whether nimesulide is excreted in human milk .&lt; Nimesulide containing medicinal products &gt; are contraindicated when breastfeeding (see sections 4 .3 and 5.3).</s>
<s id="s65.1">4.7 Effects on ability to drive and use machines</s>
<s id="s66.1">No studies on the effect of&lt; Nimesulide containing medicinal products &gt; on the ability to drive or use machines have been performed.</s>
<s id="s66.2">However, patients who experience dizziness, vertigo or somnolence after receiving&lt; Nimesulide containing medicinal products &gt; should refrain from driving or operating machines.</s>
<s id="s67.1">4.8 Undesirable effects</s>
<s id="s68.1">The following listing of undesirable effects is based on data from controlled clinical trials* (approximately 7,800 patients) and from post marketing surveillance with reporting rates classified as: very common (&gt; 1/ 10); common (&gt; 1/ 100 ,&lt; 1/10), uncommon (&gt; 1/ 1,000 ,&lt; 1/100); rare (&gt; 1/10 ,000, &lt; 1/1,000); very rare (&lt; 1/ 10,000), including isolated cases.</s>
<s id="s69.1">Blood disorders</s>
<s id="s70.1">Rare</s>
<s id="s71.1">Anaemia* Eosinophilia*</s>
<s id="s72.1">Very rare</s>
<s id="s73.1">Thrombocytopenia Pancytopenia Purpura</s>
<s id="s74.1">Immune system disorders</s>
<s id="s75.1">Rare Very rare</s>
<s id="s76.1">Hypersensitivity* Anaphylaxis</s>
<s id="s77.1">Metabolism and nutrition disorders Psychiatric disorders</s>
<s id="s78.1">Rare Rare</s>
<s id="s79.1">Hyperkalaemia* Anxiety* Nervousness* Nightmare*</s>
<s id="s80.1">Nervous system disorders</s>
<s id="s81.1">Uncommon Very rare</s>
<s id="s82.1">Dizziness* Headache Somnolence Encephalopathy (Reye’ s syndrome)</s>
<s id="s83.1">Eye disorders</s>
<s id="s84.1">Rare Very rare</s>
<s id="s85.1">Vision blurred* Visual disturbance</s>
<s id="s86.1">Ear and labyrinth disorders Cardiac disorders Vascular disorders</s>
<s id="s87.1">Very rare Rare Uncommon Rare</s>
<s id="s88.1">Vertigo Tachycardia* Hypertension* Haemorrhage* Blood pressure fluctuation* Hot flushes*</s>
<s id="s89.1">Respiratory disorders</s>
<s id="s90.1">Uncommon Very rare</s>
<s id="s91.1">Dyspnoea* Asthma Bronchospasm</s>
<s id="s92.1">Gastrointestinal disorders</s>
<s id="s93.1">Common</s>
<s id="s94.1">Diarrhoea* Nausea* Vomiting*</s>
<s id="s95.1">Uncommon</s>
<s id="s96.1">Constipation* Flatulence* Gastritis*</s>
<s id="s97.1">CPMP/ 3086/ 03-REV.1</s>
<s id="s98.1">6 Very rare</s>
<s id="s99.1"> EMEA 2004 Abdominal pain Dyspepsia Stomatitis Melaena Gastrointestinal bleeding Duodenal ulcer and perforation Gastric ulcer and perforation</s>
<s id="s100.1">Hepato-biliary disorders (see section 4.4 .” Special warnings and special precautions for use”)</s>
<s id="s101.1">Very rare</s>
<s id="s102.1">Hepatitis Fulminant hepatitis (including fatal cases) Jaundice Cholestasis</s>
<s id="s103.1">Skin and subcutaneous tissue disorders</s>
<s id="s104.1">Uncommon</s>
<s id="s105.1">Pruritus* Rash* Sweating increased*</s>
<s id="s106.1">Rare</s>
<s id="s107.1">Erythema* Dermatitis*</s>
<s id="s108.1">Very rare</s>
<s id="s109.1">Urticaria Angioneurotic oedema Face oedema Erythema multiforme Stevens Johnson syndrome Toxic epidermal necrolysis</s>
<s id="s110.1">Renal and urinary disorders</s>
<s id="s111.1">Rare</s>
<s id="s112.1">Dysuria* Haematuria* Urinary retention*</s>
<s id="s113.1">Very rare</s>
<s id="s114.1">Renal failure Oliguria Interstitial nephritis</s>
<s id="s115.1">General disorders</s>
<s id="s116.1">Uncommon Rare</s>
<s id="s117.1">Oedema* Malaise* Asthenia*</s>
<s id="s118.1">Very rare</s>
<s id="s119.1">Hypothermia</s>
<s id="s120.1">Investigations *frequency based on clinical trial</s>
<s id="s121.1">Common</s>
<s id="s122.1">Hepatic enzymes increased*</s>
<s id="s123.1">4.9 Overdose</s>
<s id="s124.1">Symptoms following acute NSAID overdoses are usually limited to lethargy, drowsiness, nausea, vomiting and epigastric pain, which are generally reversible with supportive care.</s>
<s id="s124.2">Gastrointestinal bleeding can occur.</s>
<s id="s124.3">Hypertension, acute renal failure, respiratory depression and coma may occur, but are rare.</s>
<s id="s124.4">Anaphylactoid reactions have been reported with therapeutic ingestion of NSAIDs, and may occur following an overdose.</s>
<s id="s124.5">Patients should be managed by symptomatic and supportive care following an NSAID overdose.</s>
<s id="s124.6">There are no specific antidotes.</s>
<s id="s124.7">No information is available regarding the removal of nimesulide by haemodialysis, but based on its high degree of plasma protein binding (up to 97.5%) dialysis is unlikely to be useful in overdose.</s>
<s id="s124.8">Emesis and/ or activated charcoal (60 to 100 g in adults) and/ or osmotic cathartic may be indicated in patients seen within 4 hours of ingestion with symptoms or following a large overdose.</s>
<s id="s124.9">Forced diuresis, alkalinization of urine, haemodialysis, or haemoperfusion may not be useful due to high protein binding.</s>
<s id="s124.10">Renal and hepatic function should be monitored.</s>
<s id="s125.1">CPMP/ 3086/ 03-REV.1</s>
<s id="s126.1">7</s>
<s id="s127.1"> EMEA 2004</s>
<s id="s128.1">5.</s>
<s id="s128.2">PHARMACOLOGICAL PROPERTIES</s>
<s id="s129.1">5.1 Pharmacodynamic properties</s>
<s id="s130.1">Pharmacotherapeutic group:</s>
<s id="s130.2">ATC code:</s>
<s id="s130.3">M01AX17</s>
<s id="s131.1">Nimesulide is a non-steroidal anti-inflammatory drug with analgesic and antipyretic properties which acts as an inhibitor of prostaglandin synthesis enzyme cyclo-oxygenase.</s>
<s id="s132.1">5.2 Pharmacokinetic properties</s>
<s id="s133.1">Nimesulide is well absorbed when given by mouth.</s>
<s id="s133.2">After a single dose of 100mg nimesulide a peak plasma level of 3-4 mg/ l is reached in adults after 2-3 hours.</s>
<s id="s133.3">AUC = 20 - 35 mg h/ l.</s>
<s id="s133.4">No statistically significant difference has been found between these figures and those seen after 100mg given twice daily for 7 days.</s>
<s id="s134.1">Up to 97.5% binds to plasma proteins.</s>
<s id="s135.1">Nimesulide is extensively metabolised in the liver following multiple pathways, including cytochrome P450 (CYP) 2C9 isoenzymes.</s>
<s id="s135.2">Therefore, there is the potential for a drug interaction with concomitant administration of drugs which are metabolised by CYP2C9 (see under section 4.5).</s>
<s id="s135.3">The main metabolite is the para-hydroxy derivative which is also pharmacologically active.</s>
<s id="s135.4">The lag time before the appearance of this metabolite in the circulation is short (about 0.8 hour) but its formation constant is not high and is considerably lower than the absorption constant of nimesulide.</s>
<s id="s135.5">Hydroxynimesulide is the only metabolite found in plasma and it is almost completely conjugated.</s>
<s id="s135.6">T½ is between 3.2 and 6 hours.</s>
<s id="s136.1">Nimesulide is excreted mainly in the urine (approximately 50% of the administered dose).</s>
<s id="s136.2">Only 1-3% is excreted as the unmodified compound.</s>
<s id="s136.3">Hydroxynimesulide, the main metabolite is found only as a glucuronate.</s>
<s id="s136.4">Approximately 29% of the dose is excreted after metabolism in the faeces.</s>
<s id="s137.1">The kinetic profile of nimesulide was unchanged in the elderly after acute and repeated doses.</s>
<s id="s138.1">In an acute experimental study carried out in patients with mild to moderate renal impairment (creatinine clearance 30-80 ml/ min) versus healthy volunteers, peak plasma levels of nimesulide and its main metabolite were not higher than in healthy volunteers.</s>
<s id="s138.2">AUC and t1/ 2 beta were 50% higher, but where always within the range of kinetic values observed with nimesulide in healthy volunteers.</s>
<s id="s138.3">Repeated administration did not cause accumulation.</s>
<s id="s138.4">Nimesulide is contra-indicated in patients with hepatic impairment (see section 4.3).</s>
<s id="s139.1">5.3 Preclinical safety data</s>
<s id="s140.1">Preclinical data reveal no special hazards for humans based on conventional studies of safety pharmacology, repeated dose toxicity, genotoxicity and carcinogenic potential.</s>
<s id="s140.2">In repeated dose toxicity studies, nimesulide showed gastrointestinal, renal and hepatic toxicity.</s>
<s id="s140.3">In reproductive toxicity studies, embryotoxic and teratogenic effects (skeletal malformations, dilatation of cerebral ventricles) were observed in rabbits, but not in rats, at maternally non-toxic dose levels.</s>
<s id="s140.4">In rats, increased mortality of offspring was observed in the early postnatal period and nimesulide showed adverse effects on fertility.</s>
<s id="s141.1">6.</s>
<s id="s141.2">PHARMACEUTICAL PARTICULARS</s>
<s id="s142.1">6.1 List of excipients 6.2 Incompatibilities CPMP/ 30</s>
<s id="s143.1">86/ 03-REV.1 8</s>
<s id="s144.1"> EMEA 2004</s>
<s id="s145.1">6.3 Shelf life</s>
<s id="s146.1">6.4 Special precautions for storage</s>
<s id="s147.1">6.5 Nature and contents of the container</s>
<s id="s148.1">6.6 Instructions for use/ handling</s>
<s id="s149.1">7.</s>
<s id="s149.2">MARKETING AUTHORISATION HOLDER</s>
<s id="s150.1">8.</s>
<s id="s150.2">MARKETING AUTORISATION NUMBER</s>
<s id="s151.1">9.</s>
<s id="s151.2">DATE OF FIRST AUTHORISATION / RENEWAL OF AUTHORISATION</s>
<s id="s152.1">10.</s>
<s id="s152.2">DATE OF (PARTIAL) REVISION OF THE TEXT</s>
<s id="s153.1">CPMP/ 3086/ 03-REV.1</s>
<s id="s154.1">9</s>
<s id="s155.1"> EMEA 2004</s>
<s id="s156.1">SUMMARY OF PRODUCT CHARACTERISTICS</s>
<s id="s157.1">NIMESULIDE-β -CYCLODEXTRIN 400 MG TABLETS AND GRANULES FOR ORAL SUSPENSION</s>
<s id="s158.1">CPMP/ 3086/ 03-REV.1 1.</s>
<s id="s158.2">NAME OF THE MEDICINAL PRODUCT</s>
<s id="s159.1">10</s>
<s id="s160.1"> EMEA 2004</s>
<s id="s161.1">&lt; TRADENAME &gt;</s>
<s id="s162.1">2.</s>
<s id="s162.2">QUALITATIVE AND QUANTITATIVE COMPOSITION</s>
<s id="s163.1">Each sachet and tablet contains 400mg nimesulide-β -cyclodextrin, corresponding to 100mg nimesulide.</s>
<s id="s164.1">For excipients, see section 6.1</s>
<s id="s165.1">3.</s>
<s id="s165.2">PHARMACEUTICAL FORM</s>
<s id="s166.1">Tablet :&lt; Company-specific &gt; Granules for oral suspension :&lt; Company-specific &gt;.</s>
<s id="s167.1">4.</s>
<s id="s167.2">CLINICAL PARTICULARS</s>
<s id="s168.1">4.1 Therapeutic indications</s>
<s id="s169.1">Treatment of acute pain.</s>
<s id="s169.2">Symptomatic treatment of painful osteoarthritis.</s>
<s id="s169.3">Primary dysmenorrhoea.</s>
<s id="s170.1">4.2 Posology and method of administration</s>
<s id="s171.1">&lt; Nimesulide-containing medicinal products &gt; should be used for the shortest possible duration, as required by the clinical situation.</s>
<s id="s172.1">Adults:</s>
<s id="s172.2">400mg nimesulide-β -cyclodextrin sachet and tablet (=100mg nimesulide) bid after meal.</s>
<s id="s173.1">Elderly: in elderly patients there is no need to reduce the daily dosage (see section 5.2).</s>
<s id="s174.1">Children (&lt; 12 years) :&lt; Nimesulide containing medicinal products &gt; are contraindicated in these patients (see also section 4.3).</s>
<s id="s175.1">Adolescents (from 12 to 18 years): on the basis of the kinetic profile in adults and on the pharmacodynamic characteristics of nimesulide, no dosage adjustment in these patients is necessary.</s>
<s id="s176.1">Impaired renal function: on the basis of pharmacokinetics, no dosage adjustment is necessary in patients with mild to moderate renal impairment (creatinine clearance of 30-80 ml/ min), while&lt; Nimesulide containing medicinal products &gt; are contraindicated in case of severe renal impairement (creatinine clearance &lt; 30ml/min) (see sections 4.3 and 5.2).</s>
<s id="s177.1">Hepatic impairment: the use of&lt; Nimesulide containing medicinal products &gt; is contraindicated in patients with hepatic impairment (see section 5.2).</s>
<s id="s178.1">4.3 Contraindications</s>
<s id="s179.1">Known hypersensitivity to nimesulide or to any of the excipients of the products.</s>
<s id="s179.2">History of hypersensitivity reactions (e. g. bronchospasm, rhinitis, urticaria) in response to acetylsalicylic acid or other non-steroidal anti-inflammatory drugs.</s>
<s id="s179.3">CPMP/ 3086/ 03-REV.1 History of hepatotoxic reactions to nimesulide</s>
<s id="s180.1">11</s>
<s id="s181.1"> EMEA 2004</s>
<s id="s182.1">Active gastric or duodenal ulcer, a history of recurrent ulceration or gastrointestinal bleeding, cerebrovascular bleeding or other active bleeding or bleeding disorders.</s>
<s id="s182.2">Severe coagulation disorders.</s>
<s id="s182.3">Severe heart failure Severe renal impairment.</s>
<s id="s182.4">Hepatic impairment.</s>
<s id="s182.5">Children under 12 years.</s>
<s id="s182.6">The third trimester of pregnancy and breastfeeding (see sections 4.6 and 5.3).</s>
<s id="s183.1">4.4 Special warnings and special precautions for use</s>
<s id="s184.1">The risk of undesirable effects may be reduced by using&lt; Nimesulide- containing medicinal products &gt; for the shortest possible duration.</s>
<s id="s184.2">Treatment should be discontinued if no benefit is seen.</s>
<s id="s185.1">Rarely&lt; Nimesulide-containing medicinal products &gt; have been reported to be associated with serious hepatic reactions, including very rare fatal cases (see also section 4.8).</s>
<s id="s185.2">Patients who experience symptoms compatible with hepatic injury during treatment with&lt; Nimesulide-containing medicinal products &gt; (e.g. anorexia, nausea, vomiting, abdominal pain, fatigue, dark urine) or patients who develop abnormal liver function tests should have treatment discontinued.</s>
<s id="s185.3">These patients should not be rechallenged with nimesulide.</s>
<s id="s185.4">Liver damage, in most cases reversible, has been reported following short exposure to the drug.</s>
<s id="s186.1">Concomitant administration with known hepatotoxic drugs, and alcohol abuse must be avoided during treatment with&lt; Nimesulide-containing medicinal products &gt;, since either may increase the risk of hepatic reactions.</s>
<s id="s187.1">During therapy with&lt; Nimesulide-containing medicinal products &gt;, patients should be advised to refrain from other analgesics.</s>
<s id="s187.2">Simultaneous use of different NSAIDs is not recommended.</s>
<s id="s188.1">Gastrointestinal bleeding or ulceration / perforation can occur at any time during treatment with or without warning symptoms or a previous history of gastrointestinal events.</s>
<s id="s188.2">If gastrointestinal bleeding or ulceration occurs, nimesulide should be discontinued.</s>
<s id="s188.3">Nimesulide should be used with caution in patients with gastrointestinal disorders, including history of peptic ulceration, history of gastrointestinal haemorrhage, ulcerative colitis or Crohn’ s disease.</s>
<s id="s189.1">In patients with renal or cardiac impairment, caution is required since the use of&lt; Nimesulide- containing medicinal products &gt; may result in deterioration of renal function.</s>
<s id="s189.2">In the event of deterioration, the treatment should be discontinued (see also section 4.5).</s>
<s id="s190.1">Elderly patients are particularly susceptible to the adverse effects of NSAIDs, including gastrointestinal haemorrhage and perforation, impaired renal, cardiac and hepatic function.</s>
<s id="s190.2">Therefore, appropriate clinical monitoring is advisable.</s>
<s id="s191.1">As nimesulide can interfere with platelet function, it should be used with caution in patients with bleeding diathesis (see also section 4.3).</s>
<s id="s191.2">However ,&lt; Nimesulide-containing medicinal products &gt; is not a substitute for acetylsalicylic acid for cardiovascular prophylaxis.</s>
<s id="s192.1">NSAIDs may mask the fever related to an underlying bacterial infection.</s>
<s id="s193.1">The use of&lt; Nimesulide-containing medicinal products &gt; may impair female fertility and is not recommended in women attempting to conceive.</s>
<s id="s193.2">In women who have difficulties conceiving or who are undergoing investigation of infertility, withdrawal of&lt; Nimesulide-containing medicinal products &gt; should be considered (see section 4.6).</s>
<s id="s194.1">CPMP/ 3086/ 03-REV.1 4.5 Interaction with other medicinal products and</s>
<s id="s195.1">12 other forms of interaction</s>
<s id="s196.1"> EMEA 2004</s>
<s id="s197.1">Pharmacodynamic interactions</s>
<s id="s198.1">Patients receiving warfarin or similar anticoagulant agents or acetylsalicylic acid have an increased risk of bleeding complications, when treated with&lt; Nimesulide-containing medicinal products &gt;.</s>
<s id="s198.2">Therefore this combination is not recommended (see also section 4.4.) and is contraindicated in patients with severe coagulation disorders (see also section 4.3).</s>
<s id="s198.3">If the combination cannot be avoided, anticoagulant activity should be monitored closely.</s>
<s id="s199.1">Pharmacodynamic/ pharmacokinetic interactions with diuretics In healthy subjects, nimesulide transiently decreases the effect of furosemide on sodium excretion and, to a lesser extent, on potassium excretion and reduces the diuretic response.</s>
<s id="s199.2">Co-administration of nimesulide and furosemide results in a decrease (of about 20%) of the AUC and cumulative excretion of furosemide, without affecting its renal clearance.</s>
<s id="s199.3">The concomitant use of furosemide and&lt; Nimesulide containing medicinal products &gt; requires caution in susceptible renal or cardiac patients, as described under section 4.4.</s>
<s id="s200.1">Pharmacokinetic interactions with other drugs:</s>
<s id="s200.2">Non-steroidal anti-inflammatory drugs have been reported to reduce the clearance of lithium, resulting in elevated plasma levels and lithium toxicity.</s>
<s id="s200.3">If&lt; Nimesulide containing medicinal products &gt; are prescribed for a patient receiving lithium therapy, lithium levels should be monitored closely.</s>
<s id="s201.1">Potential pharmacokinetic interactions with glibenclamide, theophylline, warfarin, digoxin, cimetidine and an antacid preparation (i. e. a combination of aluminium and magnesium hydroxide) were also studied in vivo.</s>
<s id="s201.2">No clinically significant interactions were observed.</s>
<s id="s202.1">Nimesulide inhibits CYP2C9.</s>
<s id="s202.2">The plasma concentrations of drugs that are substrates of this enzyme may be increased when&lt; Nimesulide containing medicinal products &gt; are used concomitantly.</s>
<s id="s203.1">Caution is required if nimesulide is used less than 24 hours before or after treatment with methotrexate because the serum level of methotrexate might increase and therefore, the toxicity of this drug might increase.</s>
<s id="s203.2">Due to their effect on renal prostaglandines, prostaglandin synthetase inhibitors like nimesulide may increase the nephrotoxicity of cyclosporines.</s>
<s id="s204.1">Effects of other drugs on nimesulide:</s>
<s id="s204.2">In vitro studies have shown displacement of nimesulide from binding sites by tolbutamide, salicylic acid and valproic acid.</s>
<s id="s204.3">However, despite a possible effect on plasma levels, these interactions have not demonstrated clinical significance.</s>
<s id="s205.1">4.6 Pregnancy and lactation</s>
<s id="s206.1">The use of&lt; Nimesulide containing medicinal products &gt; is contraindicated in the third trimester of pregnancy (see section 4.3).</s>
<s id="s206.2">Like other NSAIDs ,&lt; Nimesulide containing medicinal products &gt; is not recommended in women attempting to conceive (see section 4.4).</s>
<s id="s207.1">As with other NSAIDs</s>
<s id="s208.1">known to inhibit prostaglandin synthesis, nimesulide may cause premature closure of the ductus arteriosus, pulmonary hypertension, oliguria, oligoamnios, increased risk of bleeding, uterine inertia and peripheral oedema.</s>
<s id="s208.2">There have been isolated reports of renal failure in neonates born to women taking nimesulide in late pregnancy.</s>
<s id="s209.1">Studies in rabbits have shown an atypical reproductive toxicity (see section 5.3) and no adequate data from the use of nimesulide-containing medicinal products in pregnant women are available.</s>
<s id="s209.2">Therefore, the potential risk for humans is unknown and prescribing the drug during the first two trimesters of pregnancy is not recommended.</s>
<s id="s209.3">CPMP/ 3086/ 03-REV.1 Lactation:</s>
<s id="s210.1">13</s>
<s id="s211.1"> EMEA 2004</s>
<s id="s212.1">It is not known whether nimesulide is excreted in human milk .&lt; Nimesulide containing medicinal products &gt; are contraindicated when breastfeeding (see sections 4 .3 and 5.3).</s>
<s id="s213.1">4.7 Effects on ability to drive and use machines</s>
<s id="s214.1">No studies on the effect of&lt; Nimesulide containing medicinal products &gt; on the ability to drive or use machines have been performed.</s>
<s id="s214.2">However, patients who experience dizziness, vertigo or somnolence after receiving&lt; Nimesulide containing medicinal products &gt; should refrain from driving or operating machines.</s>
<s id="s215.1">4.8 Undesirable effects</s>
<s id="s216.1">The following listing of undesirable effects is based on data from controlled clinical trials* (approximately 7,800 patients) and from post marketing surveillance with reporting rates classified as very common (&gt; 1/ 10); common (&gt; 1/ 100 ,&lt; 1/10), uncommon (&gt; 1/ 1,000 ,&lt; 1/100); rare (&gt; 1/10 ,000, &lt; 1/1,000); very rare (&lt; 1/ 10,000), including isolated cases.</s>
<s id="s217.1">Blood disorders</s>
<s id="s218.1">Rare</s>
<s id="s219.1">Anaemia* Eosinophilia*</s>
<s id="s220.1">Very rare</s>
<s id="s221.1">Thrombocytopenia Pancytopenia Purpura</s>
<s id="s222.1">Immune system disorders</s>
<s id="s223.1">Rare Very rare</s>
<s id="s224.1">Hypersensitivity* Anaphylaxis</s>
<s id="s225.1">Metabolism and nutrition disorders Psychiatric disorders</s>
<s id="s226.1">Rare Rare</s>
<s id="s227.1">Hyperkalaemia* Anxiety* Nervousness* Nightmare*</s>
<s id="s228.1">Nervous system disorders</s>
<s id="s229.1">Uncommon Very rare</s>
<s id="s230.1">Dizziness* Headache Somnolence Encephalopathy (Reye’ s syndrome)</s>
<s id="s231.1">Eye disorders</s>
<s id="s232.1">Rare Very rare</s>
<s id="s233.1">Vision blurred* Visual disturbance</s>
<s id="s234.1">Ear and labyrinth disorders Cardiac disorders Vascular disorders</s>
<s id="s235.1">Very rare Rare Uncommon Rare</s>
<s id="s236.1">Vertigo Tachycardia* Hypertension* Haemorrhage* Blood pressure fluctuation* Hot flushes*</s>
<s id="s237.1">Respiratory disorders</s>
<s id="s238.1">Uncommon Very rare</s>
<s id="s239.1">Dyspnoea* Asthma Bronchospasm</s>
<s id="s240.1">Gastrointestinal disorders</s>
<s id="s241.1">Common</s>
<s id="s242.1">Diarrhoea* Nausea* Vomiting*</s>
<s id="s243.1">Uncommon</s>
<s id="s244.1">Constipation* Flatulence* Gastritis*</s>
<s id="s245.1">CPMP/ 3086/ 03-REV.1</s>
<s id="s246.1">14</s>
<s id="s247.1"> EMEA 2004</s>
<s id="s248.1">Very rare</s>
<s id="s249.1">Abdominal pain Dyspepsia Stomatitis Melaena Gastrointestinal bleeding Duodenal ulcer and perforation Gastric ulcer and perforation</s>
<s id="s250.1">Hepato-biliary disorders (see section 4.4 .” Special warnings and special precautions for use”)</s>
<s id="s251.1">Very rare</s>
<s id="s252.1">Hepatitis Fulminant hepatitis (including fatal cases) Jaundice Cholestasis</s>
<s id="s253.1">Skin and subcutaneous tissue disorders</s>
<s id="s254.1">Uncommon</s>
<s id="s255.1">Pruritus* Rash* Sweating increased*</s>
<s id="s256.1">Rare</s>
<s id="s257.1">Erythema* Dermatitis*</s>
<s id="s258.1">Very rare</s>
<s id="s259.1">Urticaria Angioneurotic oedema Face oedema Erythema multiforme Stevens Johnson syndrome Toxic epidermal necrolysis</s>
<s id="s260.1">Renal and urinary disorders</s>
<s id="s261.1">Rare</s>
<s id="s262.1">Dysuria* Haematuria* Urinary retention*</s>
<s id="s263.1">Very rare</s>
<s id="s264.1">Renal failure Oliguria Interstitial nephritis</s>
<s id="s265.1">General disorders</s>
<s id="s266.1">Uncommon Rare</s>
<s id="s267.1">Oedema* Malaise* Asthenia*</s>
<s id="s268.1">Very rare</s>
<s id="s269.1">Hypothermia</s>
<s id="s270.1">Investigations *frequency based on clinical trial</s>
<s id="s271.1">Common</s>
<s id="s272.1">Hepatic enzymes increased*</s>
<s id="s273.1">4.9 Overdose</s>
<s id="s274.1">Symptoms following acute NSAID overdoses are usually limited to lethargy, drowsiness, nausea, vomiting and epigastric pain, which are generally reversible with supportive care.</s>
<s id="s274.2">Gastrointestinal bleeding can occur.</s>
<s id="s274.3">Hypertension, acute renal failure, respiratory depression and coma may occur, but are rare.</s>
<s id="s274.4">Anaphylactoid reactions have been reported with therapeutic ingestion of NSAIDs, and may occur following an overdose.</s>
<s id="s274.5">Patients should be managed by symptomatic and supportive care following an NSAID overdose.</s>
<s id="s274.6">There are no specific antidotes.</s>
<s id="s274.7">No information is available regarding the removal of nimesulide by haemodialysis, but based on its high degree of plasma protein binding (up to 97.5%) dialysis is unlikely to be useful in overdose.</s>
<s id="s274.8">Emesis and/ or activated charcoal (60 to 100 g in adults) and/ or osmotic cathartic may be indicated in patients seen within 4 hours of ingestion with symptoms or following a large overdose.</s>
<s id="s274.9">Forced diuresis, alkalinization of urine, haemodialysis, or haemoperfusion may not be useful due to high protein binding.</s>
<s id="s274.10">Renal and hepatic function should be monitored.</s>
<s id="s275.1">CPMP/ 3086/ 03-REV.1</s>
<s id="s276.1">15</s>
<s id="s277.1"> EMEA 2004</s>
<s id="s278.1">5.</s>
<s id="s278.2">PHARMACOLOGICAL PROPERTIES</s>
<s id="s279.1">5.1 Pharmacodynamic properties</s>
<s id="s280.1">Pharmacotherapeutic group:</s>
<s id="s280.2">ATC code:</s>
<s id="s280.3">M01AX17</s>
<s id="s281.1">Nimesulide is a non-steroidal anti-inflammatory drug with analgesic and antipyretic properties which acts as an inhibitor of prostaglandin synthesis enzyme cyclo-oxygenase.</s>
<s id="s282.1">5.2 Pharmacokinetic properties</s>
<s id="s283.1">Nimesulide is well absorbed when given by mouth.</s>
<s id="s283.2">After a single dose of 100mg nimesulide a peak plasma level of 3-4 mg/ l is reached in adults after 2-3 hours.</s>
<s id="s283.3">AUC = 20 - 35 mg h/ l.</s>
<s id="s283.4">No statistically significant difference has been found between these figures and those seen after 100mg given twice daily for 7 days.</s>
<s id="s284.1">After single doses, nimesulide β -cyclodextrin 400 mg sachets were found bioequivalent to&lt; Nimesulide containing medicinal products &gt; 100 mg sachets, with respect to AUC and Cmax. parameters.</s>
<s id="s284.2">Moreover t½ was nearly identical for both formulations, while the Tmax was about 1.5 and 2.5 hrs. respectively for nimesulide β -cyclodextrin sachets and&lt; Nimesulide containing medicinal products &gt; sachets, showing a more rapid absorption of the former.</s>
<s id="s285.1">Up to 97.5% binds to plasma proteins.</s>
<s id="s286.1">Nimesulide is extensively metabolised in the liver following multiple pathways, including cytochrome P450 (CYP) 2C9 isoenzymes.</s>
<s id="s286.2">Therefore, there is the potential for a drug interaction with concomitant administration of drugs which are metabolised by CYP2C9 (see under section 4.5).</s>
<s id="s286.3">The main metabolite is the para-hydroxy derivative which is also pharmacologically active.</s>
<s id="s286.4">The lag time before the appearance of this metabolite in the circulation is short (about 0.8 hour) but its formation constant is not high and is considerably lower than the absorption constant of nimesulide.</s>
<s id="s286.5">Hydroxynimesulide is the only metabolite found in plasma and it is almost completely conjugated.</s>
<s id="s286.6">T½ is between 3.2 and 6 hours.</s>
<s id="s287.1">Nimesulide is excreted mainly in the urine (approximately 50% of the administered dose).</s>
<s id="s287.2">Only 1-3% is excreted as the unmodified compound.</s>
<s id="s287.3">Hydroxynimesulide, the main metabolite is found only as a glucuronate.</s>
<s id="s287.4">Approximately 29% of the dose is excreted after metabolism in the faeces.</s>
<s id="s288.1">The kinetic profile of nimesulide was unchanged in the elderly after acute and repeated doses.</s>
<s id="s289.1">In an acute experimental study carried out in patients with mild to moderate renal impairment (creatinine clearance 30-80 ml/ min) versus healthy volunteers, peak plasma levels of nimesulide and its main metabolite were not higher than in healthy volunteers.</s>
<s id="s289.2">AUC and t1/ 2 beta were 50% higher, but were always within the range of kinetic values observed with nimesulide in healthy volunteers.</s>
<s id="s289.3">Repeated administration did not cause accumulation.</s>
<s id="s289.4">Nimesulide is contra-indicated in patients with hepatic impairment (see section 4.3).</s>
<s id="s290.1">5.3 Preclinical safety data</s>
<s id="s291.1">Preclinical data reveal no special hazards for humans based on conventional studies of safety pharmacology, repeated dose toxicity, genotoxicity and carcinogenic potential.</s>
<s id="s291.2">In repeated dose toxicity studies, nimesulide showed gastrointestinal, renal and hepatic toxicity.</s>
<s id="s291.3">In reproductive toxicity studies, embryotoxic and teratogenic effects (skeletal malformations, dilatation of cerebral ventricles) were observed in rabbits, but not in rats, at maternally non-toxic dose</s>
<s id="s292.1">CPMP/ 3086/ 03-REV.1</s>
<s id="s293.1">16</s>
<s id="s294.1"> EMEA 2004</s>
<s id="s295.1">levels.</s>
<s id="s295.2">In rats, increased mortality of offspring was observed in the early postnatal period and nimesulide showed adverse effects on fertility.</s>
<s id="s296.1">6.</s>
<s id="s296.2">PHARMACEUTICAL PARTICULARS</s>
<s id="s297.1">6.1 List of excipients</s>
<s id="s298.1">6.2 Incompatibilities</s>
<s id="s299.1">6.3 Shelf life</s>
<s id="s300.1">6.4 Special precautions for storage</s>
<s id="s301.1">6.5 Nature and contents of the container</s>
<s id="s302.1">6.6 Instructions for use/ handling</s>
<s id="s303.1">7.</s>
<s id="s303.2">MARKETING AUTHORISATION HOLDER</s>
<s id="s304.1">8.</s>
<s id="s304.2">MARKETING AUTORISATION NUMBER</s>
<s id="s305.1">9.</s>
<s id="s305.2">DATE OF FIRST AUTHORISATION / RENEWAL OF AUTHORISATION</s>
<s id="s306.1">10.</s>
<s id="s306.2">DATE OF (PARTIAL) REVISION OF THE TEXT</s>
<s id="s307.1">CPMP/ 3086/ 03-REV.1</s>
<s id="s308.1">17</s>
<s id="s309.1"> EMEA 2004</s>
<s id="s310.1">SUMMARY OF PRODUCT CHARACTERISTICS</s>
<s id="s311.1">NIMESULIDE 100 MG OR 200 MG SUPPOSITORIES</s>
<s id="s312.1">CPMP/ 3086/ 03-REV.1 1.</s>
<s id="s312.2">NAME OF THE MEDICINAL PRODUCT</s>
<s id="s313.1">18</s>
<s id="s314.1"> EMEA 2004</s>
<s id="s315.1">&lt; TRADENAME &gt;</s>
<s id="s316.1">2.</s>
<s id="s316.2">QUALITATIVE AND QUANTITATIVE COMPOSITION Each suppository contains 100mg or 200mg nimesulide.</s>
<s id="s317.1">For excipients, see section 6.1</s>
<s id="s318.1">3.</s>
<s id="s318.2">PHARMACEUTICAL FORM</s>
<s id="s319.1">Suppository :&lt; Company-specific &gt;.</s>
<s id="s320.1">4.</s>
<s id="s320.2">CLINICAL PARTICULARS</s>
<s id="s321.1">4.1 Therapeutic indications</s>
<s id="s322.1">Treatment of acute pain.</s>
<s id="s322.2">Symptomatic treatment of painful osteoarthritis.</s>
<s id="s322.3">Primary dysmenorrhoea.</s>
<s id="s323.1">4.2 Posology and method of administration</s>
<s id="s324.1">&lt; Nimesulide-containing medicinal products &gt; should be used for the shortest possible duration, as required by the clinical situation.</s>
<s id="s325.1">Adults:</s>
<s id="s325.2">100mg or 200mg nimesulide suppositories:</s>
<s id="s325.3">200mg twice daily</s>
<s id="s326.1">Elderly: in elderly patients there is no need to reduce the daily dosage (see section 5.2).</s>
<s id="s327.1">Children (&lt; 12 years) :&lt; Nimesulide containing medicinal products &gt; are contraindicated in these patients (see also section 4.3).</s>
<s id="s328.1">Adolescents (from 12 to 18 years): on the basis of the kinetic profile in adults and on the pharmacodynamic characteristics of nimesulide, no dosage adjustment in these patients is necessary.</s>
<s id="s329.1">Impaired renal function: on the basis of pharmacokinetics, no dosage adjustment is necessary in patients with mild to moderate renal impairment (creatinine clearance of 30-80 ml/ min), while&lt; Nimesulide containing medicinal products &gt; are contraindicated in case of severe renal impairement (creatinine clearance &lt; 30ml/min) (see sections 4.3 and 5.2).</s>
<s id="s330.1">Hepatic impairment: the use of&lt; Nimesulide containing medicinal products &gt; is contraindicated in patients with hepatic impairment (see section 5.2).</s>
<s id="s331.1">4.3 Contraindications</s>
<s id="s332.1">Known hypersensitivity to nimesulide or to any of the excipients of the products.</s>
<s id="s332.2">History of hypersensitivity reactions (e. g. bronchospasm, rhinitis, urticaria) in response to acetylsalicylic acid or other non-steroidal anti-inflammatory drugs.</s>
<s id="s332.3">History of hepatotoxic reactions to nimesulide Active gastric or duodenal ulcer, a history of recurrent ulceration or gastrointestinal bleeding, cerebrovascular bleeding or other active bleeding or bleeding disorders.</s>
<s id="s332.4">Severe coagulation disorders.</s>
<s id="s332.5">Severe heart failure Severe renal impairment.</s>
<s id="s332.6">CPMP/ 3086/ 03-REV.1 Hepatic impairment.</s>
<s id="s332.7">Children under 12 years.</s>
<s id="s333.1">19</s>
<s id="s334.1"> EMEA 2004</s>
<s id="s335.1">The third trimester of pregnancy and breastfeeding (see sections 4.6 and 5.3).</s>
<s id="s336.1">4.4 Special warnings and special precautions for use</s>
<s id="s337.1">The risk of undesirable effects may be reduced by using&lt; Nimesulide- containing medicinal products &gt; for the shortest possible duration.</s>
<s id="s337.2">Treatment should be discontinued if no benefit is seen.</s>
<s id="s338.1">Rarely&lt; Nimesulide-containing medicinal products &gt; have been reported to be associated with serious hepatic reactions, including very rare fatal cases (see also section 4.8).</s>
<s id="s338.2">Patients who experience symptoms compatible with hepatic injury during treatment with&lt; Nimesulide-containing medicinal products &gt; (e.g. anorexia, nausea, vomiting, abdominal pain, fatigue, dark urine) or patients who develop abnormal liver function tests should have treatment discontinued.</s>
<s id="s338.3">These patients should not be rechallenged with nimesulide.</s>
<s id="s338.4">Liver damage, in most cases reversible, has been reported following short exposure to the drug.</s>
<s id="s339.1">Concomitant administration with known hepatotoxic drugs, and alcohol abuse must be avoided during treatment with&lt; Nimesulide-containing medicinal products &gt;, since they either increase the risk of hepatic reactions.</s>
<s id="s340.1">During therapy with&lt; Nimesulide-containing medicinal products &gt;, patients should be advised to refrain from other analgesics.</s>
<s id="s340.2">Simultaneous use of different NSAIDs is not recommended.</s>
<s id="s341.1">Gastrointestinal bleeding or ulceration / perforation can occur at any time during treatment with or without warning symptoms or a previous history of gastrointestinal events.</s>
<s id="s341.2">If gastrointestinal bleeding or ulceration occurs, nimesulide should be discontinued.</s>
<s id="s341.3">Nimesulide should be used with caution in patients with gastrointestinal disorders, including history of peptic ulceration, history of gastrointestinal haemorrhage, ulcerative colitis or Crohn’ s disease.</s>
<s id="s342.1">In patients with renal or cardiac impairment, caution is required since the use of&lt; Nimesulide- containing medicinal products &gt; may result in deterioration of renal function.</s>
<s id="s342.2">In the event of deterioration, the treatment should be discontinued (see also section 4.5).</s>
<s id="s343.1">Elderly patients are particularly susceptible to the adverse effects of NSAIDs, including gastrointestinal haemorrhage and perforation, impaired renal, cardiac and hepatic function.</s>
<s id="s343.2">Therefore, appropriate clinical monitoring is advisable.</s>
<s id="s344.1">As nimesulide can interfere with platelet function, it should be used with caution in patients with bleeding diathesis (see also section 4.3).</s>
<s id="s344.2">However ,&lt; Nimesulide-containing medicinal products &gt; is not a substitute for acetylsalicylic acid for cardiovascular prophylaxis.</s>
<s id="s345.1">NSAIDs may mask the fever related to an underlying bacterial infection.</s>
<s id="s346.1">The use of&lt; Nimesulide-containing medicinal products &gt; may impair female fertility and is not recommended in women attempting to conceive.</s>
<s id="s346.2">In women who have difficulties conceiving or who are undergoing investigation of infertility, withdrawal of&lt; Nimesulide-containing medicinal products &gt; should be considered (see section 4.6).</s>
<s id="s347.1">4.5 Interaction with other medicinal products and other forms of interaction</s>
<s id="s348.1">Pharmacodynamic interactions Patients receiving warfarin or similar anticoagulant agents or acetylsalicylic acid have an increased risk of bleeding complications, when treated with&lt; Nimesulide-containing medicinal products &gt;.</s>
<s id="s348.2">Therefore this combination is not recommended (see also section 4.4.) and is contraindicated in CPMP/ 3086/ 03-REV.1</s>
<s id="s349.1">20</s>
<s id="s350.1"> EMEA 2004</s>
<s id="s351.1">patients with severe coagulation disorders (see also section 4.3).</s>
<s id="s351.2">If the combination cannot be avoided, anticoagulant activity should be monitored closely.</s>
<s id="s352.1">Pharmacodynamic/ pharmacokinetic interactions with diuretics In healthy subjects, nimesulide transiently decreases the effect of furosemide on sodium excretion and, to a lesser extent, on potassium excretion and reduces the diuretic response.</s>
<s id="s352.2">Co-administration of nimesulide and furosemide results in a decrease (of about 20%) of the AUC and cumulative excretion of furosemide, without affecting its renal clearance.</s>
<s id="s352.3">The concomitant use of furosemide and&lt; Nimesulide containing medicinal products &gt; requires caution in susceptible renal or cardiac patients, as described under section 4.4.</s>
<s id="s353.1">Pharmacokinetic interactions with other drugs:</s>
<s id="s353.2">Non-steroidal anti-inflammatory drugs have been reported to reduce the clearance of lithium, resulting in elevated plasma levels and lithium toxicity.</s>
<s id="s353.3">If&lt; Nimesulide containing medicinal products &gt; are prescribed for a patient receiving lithium therapy, lithium levels should be monitored closely.</s>
<s id="s354.1">Potential pharmacokinetic interactions with glibenclamide, theophylline, warfarin, digoxin, cimetidine and an antacid preparation (i. e. a combination of aluminium and magnesium hydroxide) were also studied in vivo.</s>
<s id="s354.2">No clinically significant interactions were observed.</s>
<s id="s355.1">Nimesulide inhibits CYP2C9.</s>
<s id="s355.2">The plasma concentrations of drugs that are substrates of this enzyme may be increased when&lt; Nimesulide containing medicinal products &gt; are used concomitantly.</s>
<s id="s356.1">Caution is required if nimesulide is used less than 24 hours before or after treatment with methotrexate because the serum level of methotrexate might increase and therefore, the toxicity of this drug might increase.</s>
<s id="s356.2">Due to their effect on renal prostaglandines, prostaglandin synthetase inhibitors like nimesulide may increase the nephrotoxicity of cyclosporines.</s>
<s id="s357.1">Effects of other drugs on nimesulide:</s>
<s id="s357.2">In vitro studies have shown displacement of nimesulide from binding sites by tolbutamide, salicylic acid and valproic acid.</s>
<s id="s357.3">However, despite a possible effect on plasma levels, these interactions have not demonstrated clinical significance.</s>
<s id="s358.1">4.6 Pregnancy and lactation</s>
<s id="s359.1">The use of&lt; Nimesulide containing medicinal products &gt; is contraindicated in the third trimester of pregnancy (see section 4.3).</s>
<s id="s359.2">Like other NSAIDs ,&lt; Nimesulide containing medicinal products &gt; is not recommended in women attempting to conceive (see section 4.4).</s>
<s id="s359.3">As with other NSAIDs known to inhibit prostaglandin synthesis, nimesulide may cause premature closure of the ductus arteriosus, pulmonary hypertension, oliguria, oligoamnios, increased risk of bleeding, uterine inertia and peripheral oedema.</s>
<s id="s359.4">There have been isolated reports of renal failure in neonates born to women taking nimesulide in late pregnancy.</s>
<s id="s360.1">Studies in rabbits have shown an atypical reproductive toxicity (see section 5.3) and no adequate data from the use of nimesulide-containing medicinal products in pregnant women are available.</s>
<s id="s360.2">Therefore, the potential risk for humans is unknown and prescribing the drug during the first two trimesters of pregnancy is not recommended.</s>
<s id="s361.1">Lactation:</s>
<s id="s361.2">It is not known whether nimesulide is excreted in human milk .&lt; Nimesulide containing medicinal products &gt; are contraindicated when breastfeeding (see sections 4 .3 and 5.3).</s>
<s id="s362.1">CPMP/ 3086/ 03-REV.1</s>
<s id="s363.1">21</s>
<s id="s364.1"> EMEA 2004</s>
<s id="s365.1">4.7 Effects on ability to drive and use machines</s>
<s id="s366.1">No studies on the effect of&lt; Nimesulide containing medicinal products &gt; on the ability to drive or use machines have been performed.</s>
<s id="s366.2">However, patients who experience dizziness, vertigo or somnolence after receiving&lt; Nimesulide containing medicinal products &gt; should refrain from driving or operating machines.</s>
<s id="s367.1">4.8 Undesirable effects</s>
<s id="s368.1">The following listing of undesirable effects is based on data from controlled clinical trials* (approximately 7,800 patients) and from post marketing surveillance with reporting rates classified as: very common (&gt; 1/ 10); common (&gt; 1/ 100 ,&lt; 1/10), uncommon (&gt; 1/ 1,000 ,&lt; 1/100); rare (&gt; 1/10 ,000, &lt; 1/1,000); very rare (&lt; 1/ 10,000), including isolated cases.</s>
<s id="s369.1">Blood disorders</s>
<s id="s370.1">Rare</s>
<s id="s371.1">Anaemia* Eosinophilia*</s>
<s id="s372.1">Very rare</s>
<s id="s373.1">Thrombocytopenia Pancytopenia Purpura</s>
<s id="s374.1">Immune system disorders</s>
<s id="s375.1">Rare Very rare</s>
<s id="s376.1">Hypersensitivity* Anaphylaxis</s>
<s id="s377.1">Metabolism and nutrition disorders Psychiatric disorders</s>
<s id="s378.1">Rare Rare</s>
<s id="s379.1">Hyperkalaemia* Anxiety* Nervousness* Nightmare*</s>
<s id="s380.1">Nervous system disorders</s>
<s id="s381.1">Uncommon Very rare</s>
<s id="s382.1">Dizziness* Headache Somnolence Encephalopathy (Reye’ s syndrome)</s>
<s id="s383.1">Eye disorders</s>
<s id="s384.1">Rare Very rare</s>
<s id="s385.1">Vision blurred* Visual disturbance</s>
<s id="s386.1">Ear and labyrinth disorders Cardiac disorders Vascular disorders</s>
<s id="s387.1">Very rare Rare Uncommon Rare</s>
<s id="s388.1">Vertigo Tachycardia* Hypertension* Haemorrhage* Blood pressure fluctuation* Hot flushes*</s>
<s id="s389.1">Respiratory disorders</s>
<s id="s390.1">Uncommon Very rare</s>
<s id="s391.1">Dyspnoea* Asthma Bronchospasm</s>
<s id="s392.1">Gastrointestinal disorders</s>
<s id="s393.1">Common</s>
<s id="s394.1">Diarrhoea* Nausea* Vomiting*</s>
<s id="s395.1">Uncommon</s>
<s id="s396.1">Constipation* Flatulence* Gastritis*</s>
<s id="s397.1">Very rare</s>
<s id="s398.1">Abdominal pain Dyspepsia Stomatitis Melaena Gastrointestinal bleeding Duodenal ulcer and perforation Gastric ulcer and perforation</s>
<s id="s399.1">CPMP/ 3086/ 03-REV.1</s>
<s id="s400.1">22</s>
<s id="s401.1"> EMEA 2004</s>
<s id="s402.1">Hepato-biliary disorders (see section 4.4 .” Special warnings and special precautions for use”)</s>
<s id="s403.1">Very rare</s>
<s id="s404.1">Hepatitis Fulminant hepatitis (including fatal cases) Jaundice Cholestasis</s>
<s id="s405.1">Skin and subcutaneous tissue disorders</s>
<s id="s406.1">Uncommon</s>
<s id="s407.1">Pruritus* Rash* Sweating increased*</s>
<s id="s408.1">Rare</s>
<s id="s409.1">Erythema* Dermatitis*</s>
<s id="s410.1">Very rare</s>
<s id="s411.1">Urticaria Angioneurotic oedema Face oedema Erythema multiforme Stevens Johnson syndrome Toxic epidermal necrolysis</s>
<s id="s412.1">Renal and urinary disorders</s>
<s id="s413.1">Rare</s>
<s id="s414.1">Dysuria* Haematuria* Urinary retention*</s>
<s id="s415.1">Very rare</s>
<s id="s416.1">Renal failure Oliguria Interstitial nephritis</s>
<s id="s417.1">General disorders</s>
<s id="s418.1">Uncommon Rare</s>
<s id="s419.1">Oedema* Malaise* Asthenia*</s>
<s id="s420.1">Very rare</s>
<s id="s421.1">Hypothermia</s>
<s id="s422.1">Investigations *frequency based on clinical trial</s>
<s id="s423.1">Common</s>
<s id="s424.1">Hepatic enzymes increased*</s>
<s id="s425.1">4.9 Overdose</s>
<s id="s426.1">Symptoms following acute NSAID overdoses are usually limited to lethargy, drowsiness, nausea, vomiting and epigastric pain, which are generally reversible with supportive care.</s>
<s id="s426.2">Gastrointestinal bleeding can occur.</s>
<s id="s426.3">Hypertension, acute renal failure, respiratory depression and coma may occur, but are rare.</s>
<s id="s426.4">Anaphylactoid reactions have been reported with therapeutic ingestion of NSAIDs, and may occur following an overdose.</s>
<s id="s426.5">Patients should be managed by symptomatic and supportive care following an NSAID overdose.</s>
<s id="s426.6">There are no specific antidotes.</s>
<s id="s426.7">No information is available regarding the removal of nimesulide by haemodialysis, but based on its high degree of plasma protein binding (up to 97.5%) dialysis is unlikely to be useful in overdose.</s>
<s id="s426.8">Emesis and/ or activated charcoal (60 to 100 g in adults) and/ or osmotic cathartic may be indicated in patients seen within 4 hours of ingestion with symptoms or following a large overdose.</s>
<s id="s426.9">Forced diuresis, alkalinization of urine, haemodialysis, or haemoperfusion may not be useful due to high protein binding.</s>
<s id="s426.10">Renal and hepatic function should be monitored.</s>
<s id="s427.1">CPMP/ 3086/ 03-REV.1</s>
<s id="s428.1">23</s>
<s id="s429.1"> EMEA 2004</s>
<s id="s430.1">5.</s>
<s id="s430.2">PHARMACOLOGICAL PROPERTIES</s>
<s id="s431.1">5.1 Pharmacodynamic properties</s>
<s id="s432.1">Pharmacotherapeutic group:</s>
<s id="s432.2">ATC code:</s>
<s id="s432.3">M01AX17</s>
<s id="s433.1">Nimesulide is a non-steroidal anti-inflammatory drug with analgesic and antipyretic properties which acts as an inhibitor of prostaglandin synthesis enzyme cyclo-oxygenase.</s>
<s id="s434.1">5.2 Pharmacokinetic properties</s>
<s id="s435.1">After a single administration of&lt; Nimesulide containing medicinal products &gt; 200 mg suppository, a peak plasma level of about 2 mg/l is reached in 4 hours, with mean AUC of 27 mg h/l.</s>
<s id="s435.2">The corresponding values at the steady state were Cmax about 3 mg/ l; Tmax = 4 hours and AUC of 25 mg h/ l.</s>
<s id="s435.3">Moreover ,&lt; Nimesulide containing medicinal products &gt; 200 mg suppositories were found bioequivalent to &lt; Nimesulide containing medicinal products &gt; 100 mg tablets, despite a longer Tmax and a reduced Cmax.</s>
<s id="s436.1">Up to 97.5% binds to plasma proteins.</s>
<s id="s437.1">Nimesulide is extensively metabolised in the liver following multiple pathways, including cytochrome P450 (CYP) 2C9 isoenzymes.</s>
<s id="s437.2">Therefore, there is the potential for a drug interaction with concomitant administration of drugs which are metabolised by CYP2C9 (see under section 4.5).</s>
<s id="s437.3">The main metabolite is the para-hydroxy derivative which is also pharmacologically active.</s>
<s id="s437.4">The lag time before the appearance of this metabolite in the circulation is short (about 0.8 hour) but its formation constant is not high and is considerably lower than the absorption constant of nimesulide.</s>
<s id="s437.5">Hydroxynimesulide is the only metabolite found in plasma and it is almost completely conjugated.</s>
<s id="s437.6">T½ is between 3.2 and 6 hours.</s>
<s id="s438.1">Nimesulide is excreted mainly in the urine (approximately 50% of the administered dose).</s>
<s id="s438.2">Only 1-3% is excreted as the unmodified compound.</s>
<s id="s438.3">Hydroxynimesulide, the main metabolite is found only as a glucuronate.</s>
<s id="s438.4">Approximately 29% of the dose is excreted after metabolism in the faeces.</s>
<s id="s438.5">The kinetic profile of nimesulide was unchanged in the elderly after acute and repeated doses.</s>
<s id="s439.1">In an acute experimental study carried out in patients with mild to moderate renal impairment (creatinine clearance 30-80 ml/ min) versus healthy volunteers, peak plasma levels of nimesulide and its main metabolite were not higher than in healthy volunteers.</s>
<s id="s439.2">AUC and t1/ 2 beta were 50% higher, but were always within the range of kinetic values observed with nimesulide in healthy volunteers.</s>
<s id="s439.3">Repeated administration did not cause accumulation.</s>
<s id="s439.4">Nimesulide is contra-indicated in patients with hepatic impairment (see section 4.3).</s>
<s id="s440.1">5.3 Preclinical safety data</s>
<s id="s441.1">Preclinical data reveal no special hazards for humans based on conventional studies of safety pharmacology, repeated dose toxicity, genotoxicity and carcinogenic potential.</s>
<s id="s441.2">In repeated dose toxicity studies, nimesulide showed gastrointestinal, renal and hepatic toxicity.</s>
<s id="s441.3">In reproductive toxicity studies, embryotoxic and teratogenic effects (skeletal malformations, dilatation of cerebral ventricles) were observed in rabbits, but not in rats, at maternally non-toxic dose levels.</s>
<s id="s441.4">In rats, increased mortality of offspring was observed in the early postnatal period and nimesulide showed adverse effects on fertility.</s>
<s id="s442.1">CPMP/ 3086/ 03-REV.1 6.</s>
<s id="s442.2">PHARMACEUTICAL PARTICULARS</s>
<s id="s443.1">24</s>
<s id="s444.1"> EMEA 2004</s>
<s id="s445.1">6.1 List of excipients</s>
<s id="s446.1">6.2 Incompatibilities</s>
<s id="s447.1">6.3 Shelf life</s>
<s id="s448.1">6.4 Special precautions for storage</s>
<s id="s449.1">6.5 Nature and contents of the container</s>
<s id="s450.1">6.6 Instructions for use/ handling</s>
<s id="s451.1">7.</s>
<s id="s451.2">MARKETING AUTHORISATION HOLDER</s>
<s id="s452.1">8.</s>
<s id="s452.2">MARKETING AUTORISATION NUMBER</s>
<s id="s453.1">9.</s>
<s id="s453.2">DATE OF FIRST AUTHORISATION / RENEWAL OF AUTHORISATION</s>
<s id="s454.1">10.</s>
<s id="s454.2">DATE OF (PARTIAL) REVISION OF THE TEXT</s>
<s id="s455.1">CPMP/ 3086/ 03-REV.1</s>
<s id="s456.1">25</s>
<s id="s457.1"> EMEA 2004</s>
<s id="s458.1">SUMMARY OF PRODUCT CHARACTERISTICS</s>
<s id="s459.1">NIMESULIDE 3% GEL / CREAM</s>
<s id="s460.1">CPMP/ 3086/ 03-REV.1 1.</s>
<s id="s460.2">NAME OF THE MEDICINAL PRODUCT</s>
<s id="s461.1">26</s>
<s id="s462.1"> EMEA 2004</s>
<s id="s463.1">&lt; TRADENAME &gt;</s>
<s id="s464.1">2.</s>
<s id="s464.2">QUALITATIVE AND QUANTITATIVE COMPOSITION</s>
<s id="s465.1">Nimesulide 3% gel / cream contains 3% w/ w nimesulide (1 g of gel / cream contains 30 mg of nimesulide) For excipients, see section 6.1</s>
<s id="s466.1">3.</s>
<s id="s466.2">PHARMACEUTICAL FORM</s>
<s id="s467.1">Gel :&lt; Company-specific &gt; Cream :&lt; Company-specific &gt;</s>
<s id="s468.1">4.</s>
<s id="s468.2">CLINICAL PARTICULARS</s>
<s id="s469.1">4.1 Therapeutic indications</s>
<s id="s470.1">Symptomatic relief of pain associated with sprains and acute traumatic tendinitis.</s>
<s id="s471.1">4.2 Posology and method of administration</s>
<s id="s472.1">Adults:</s>
<s id="s472.2">Nimesulide 3% gel / cream (usually 3 g, corresponding to a line 6-7 cm long) should be applied in a thin layer to the affected area 2-3 times daily and massaged until it is completely absorbed.</s>
<s id="s472.3">Duration of treatment:</s>
<s id="s472.4">7 – 15 days.</s>
<s id="s472.5">Children under 12 years:</s>
<s id="s472.6">Nimesulide 3% gel / cream has not been studied in children.</s>
<s id="s472.7">Therefore, safety and efficacy have not been established and the product should not be used in children (see section 4.3).</s>
<s id="s473.1">4.3 Contraindications</s>
<s id="s474.1">Known hypersensitivity to nimesulide or to any other excipients in the gel / cream.</s>
<s id="s474.2">Use in patients in whom aspirin, or other medicinal products inhibiting prostaglandin synthesis, induced allergic reactions such as rhinitis, urticaria or bronchospasm.</s>
<s id="s474.3">Use on broken or denuded skin or in the presence of local infection.</s>
<s id="s474.4">Simultaneous use with other topical creams.</s>
<s id="s474.5">Use in children under 12 years.</s>
<s id="s475.1">4.4 Special warnings and special precautions for use</s>
<s id="s476.1">Nimesulide 3% gel / cream should not be applied to skin wounds or open injuries.</s>
<s id="s476.2">Nimesulide 3% gel / cream should not be allowed to come into contact with the eyes or mucous membranes; in case of accidental contact, wash immediately with water.</s>
<s id="s476.3">The product should never be taken by mouth.</s>
<s id="s476.4">Hands should be washed after applying the product.</s>
<s id="s476.5">Nimesulide 3% gel / cream should not be used with occlusive dressings.</s>
<s id="s476.6">Nimesulide 3% gel / cream is not recommended for use in children under 12 years (see section 4.3).</s>
<s id="s476.7">Undesirable effects may be reduced by using the minimum effective dose for the shortest possible duration.</s>
<s id="s477.1">Patients with gastro-intestinal bleeding, active or suspected peptic ulcer, severe renal or hepatic dysfunction, severe coagulation disorders or severe/ non controlled heart failure should be treated with caution.</s>
<s id="s477.2">CPMP/ 3086/ 03-REV.1</s>
<s id="s478.1">27</s>
<s id="s479.1"> EMEA 2004</s>
<s id="s480.1">Since nimesulide gel 3% / cream has not been studied in hypersensitive subjects, particular caution should be used when treating patients with known hypersensitivity to other NSAIDs.</s>
<s id="s480.2">The possibility of developing hypersensitivity in the course of therapy cannot be excluded.</s>
<s id="s480.3">Since with other topical NSAIDs burning sensation and exceptionally photodermatitis can occur, care should be taken during treatment with Nimesulide 3% gel / cream.</s>
<s id="s480.4">To reduce the risk of photosensitivity, patients should be warned against exposure to direct and solarium sunlight.</s>
<s id="s481.1">If symptoms persist or the condition is aggravated medical advice should be sought.</s>
<s id="s482.1">4.5 Interaction with other medicinal products and other forms of interaction</s>
<s id="s483.1">No interactions of Nimesulide 3% gel / cream with other medicinal products are known or to be expected via the topical route.</s>
<s id="s484.1">4.6 Pregnancy and lactation</s>
<s id="s485.1">There are no data relevant to the topical use of&lt; nimesulide containing medicinal product &gt; in pregnant women or during breastfeeding.</s>
<s id="s485.2">Therefore, nimesulide 3% gel / cream should not be used during pregnancy or lactation unless clearly necessary.</s>
<s id="s486.1">4.7 Effects on ability to drive and use machines</s>
<s id="s487.1">No studies on the effect of nimesulide 3% gel / cream on the ability to drive and use machines have been performed.</s>
<s id="s488.1">4.8 Undesirable effects</s>
<s id="s489.1">The following side effects listing is based on reports from clinical studies, in a limited numbers of patients, where mild local reactions have been reported.</s>
<s id="s489.2">The reporting rates are classified as: very common (&gt; 1/ 10); common (&gt; 1/ 100 ,&lt; 1/10), uncommon (&gt; 1/ 1,000 ,&lt; 1/100); rare (&gt; 1/10 ,000, &lt; 1/1,000); very rare (&lt; 1/ 10,000), including isolated cases.</s>
<s id="s490.1">Skin (see</s>
<s id="s491.1">and subcutaneous tissue disorders also section 4.4)</s>
<s id="s492.1">Common</s>
<s id="s493.1">Itching Erythema</s>
<s id="s494.1">4.9</s>
<s id="s495.1">Overdose</s>
<s id="s496.1">Intoxication with nimesulide as a result of topical application of Nimesulide 3% gel or cream is not to be expected since the highest plasma levels of nimesulide following application of Nimesulide 3% gel / cream are far below those found following systemic administration.</s>
<s id="s497.1">5.</s>
<s id="s497.2">PHARMACOLOGICAL PROPERTIES</s>
<s id="s498.1">5.1 Pharmacodynamic properties</s>
<s id="s499.1">Pharmacotherapeutic group:</s>
<s id="s499.2">ATC code:</s>
<s id="s499.3">M02AA.</s>
<s id="s499.4">Non-steroidal anti-inflammatory drug (NSAID) for topical use.</s>
<s id="s499.5">Nimesulide is an inhibitor of the prostaglandin synthesis enzyme cyclo-oxygenase.</s>
<s id="s500.1">Cyclo-oxygenase produces prostaglandins, some of them being implicated in the development and maintenance of inflammation.</s>
<s id="s501.1">CPMP/ 3086/ 03-REV.1 5.2 Pharmacokinetic properties</s>
<s id="s502.1">28</s>
<s id="s503.1"> EMEA 2004</s>
<s id="s504.1">When Nimesulide 3% is applied topically, plasma concentrations of nimesulide are very low in comparison with those achieved following oral intake.</s>
<s id="s504.2">After a single application of 200mg of nimesulide, in the gel form, the highest plasma level of 9.77 ng/ ml was noted after 24 hours.</s>
<s id="s504.3">No trace of the main metabolite 4-hydroxy-nimesulide, was detected.</s>
<s id="s504.4">At steady-state (day 8) peak plasma concentrations were higher (37.25 ± 13.25 ng/ ml, but almost 100 times lower than those measured following repeated oral administration.</s>
<s id="s505.1">5.3 Preclinical safety data</s>
<s id="s506.1">The local tolerance and the irritation and sensitisation potential of Nimesulide 3% have been tested in several recognised animal models.</s>
<s id="s506.2">The results of these studies indicate that Nimesulide 3% is well tolerated.</s>
<s id="s507.1">Preclinical data for systemically administered nimesulide reveal no special hazards for humans based on conventional studies of safety pharmacology, repeated dose toxicity, genotoxicity and carcinogenic potential.</s>
<s id="s507.2">In repeated dose toxicity studies, nimesulide showed gastrointestinal, renal and hepatic toxicity.</s>
<s id="s507.3">In reproductive toxicity studies, embryotoxic and teratogenic effects (skeletal malformations, dilatation of cerebral ventricles) were observed in rabbits, but not in rats, at maternally non-toxic dose levels.</s>
<s id="s507.4">In rats, increased mortality of offspring was observed in the early postnatal period and nimesulide showed adverse effects on fertility.</s>
<s id="s508.1">6.</s>
<s id="s508.2">PHARMACEUTICAL PARTICULARS</s>
<s id="s509.1">6.1 List of excipients</s>
<s id="s510.1">6.2 Incompatibilities</s>
<s id="s511.1">6.3 Shelf life</s>
<s id="s512.1">6.4 Special precautions for storage</s>
<s id="s513.1">6.5 Nature and contents of the container</s>
<s id="s514.1">6.6 Instructions for use/ handling</s>
<s id="s515.1">7.</s>
<s id="s515.2">MARKETING AUTHORISATION HOLDER</s>
<s id="s516.1">8.</s>
<s id="s516.2">MARKETING AUTORISATION NUMBER</s>
<s id="s517.1">9.</s>
<s id="s517.2">DATE OF FIRST AUTHORISATION / RENEWAL OF AUTHORISATION</s>
<s id="s518.1">10.</s>
<s id="s518.2">DATE OF (PARTIAL) REVISION OF THE TEXT</s>
<s id="s519.1">CPMP/ 3086/ 03-REV.1</s>
<s id="s520.1">29</s>
<s id="s521.1"> EMEA 2004</s>
</body>
</letsmt>
