<?xml version="1.0" encoding="utf-8"?>
<letsmt version="1.0">
<head></head>
<body>
<s id="s1.1">EU Number</s>
<s id="s2.1">Invented name</s>
<s id="s3.1">Strength</s>
<s id="s4.1">Pharmaceutical Target Species form</s>
<s id="s5.1">Route of administration</s>
<s id="s6.1">Packaging</s>
<s id="s7.1">Content</s>
<s id="s8.1">Package size</s>
<s id="s9.1">Withdrawal period</s>
<s id="s10.1">EU/ 2/ 98/ 007/ 001 Clomicalm</s>
<s id="s11.1">5 mg</s>
<s id="s12.1">Tablet</s>
<s id="s13.1">Dogs</s>
<s id="s14.1">Oral use</s>
<s id="s15.1">HDPE bottle with child resistant closure</s>
<s id="s16.1">30 tablets and a 1 bottle in a desiccant sachet cardboard box</s>
<s id="s17.1">N/ A</s>
<s id="s18.1">EU/ 2/ 98/ 007/ 002 Clomicalm</s>
<s id="s19.1">20 mg</s>
<s id="s20.1">Tablet</s>
<s id="s21.1">Dogs</s>
<s id="s22.1">Oral use</s>
<s id="s23.1">HDPE bottle with child resistant closure</s>
<s id="s24.1">30 tablets and a 1 bottle in a desiccant sachet cardboard box</s>
<s id="s25.1">N/ A</s>
<s id="s26.1">EU/ 2/ 98/ 007/ 003 Clomicalm</s>
<s id="s27.1">80 mg</s>
<s id="s28.1">Tablet</s>
<s id="s29.1">Dogs</s>
<s id="s30.1">Oral use</s>
<s id="s31.1">HDPE bottle with child resistant closure</s>
<s id="s32.1">30 tablets and a 1 bottle in a desiccant sachet cardboard box</s>
<s id="s33.1">N/ A</s>
<s id="s34.1">EMEA/ CVMP/ 064/ 97</s>
<s id="s35.1">1/ 1</s>
<s id="s36.1">©EMEA 2006</s>
</body>
</letsmt>
