<?xml version="1.0" encoding="utf-8"?>
<text>
<p id="1">
<s id="s1.1">
 <w id="w1.1.1">European</w> 
 <w id="w1.1.2">Medicines</w> 
 <w id="w1.1.3">Agency</w>
</s></p>

<p id="2">
<s id="s2.1">
 <w id="w2.1.1">EMEA/</w>
 <w id="w2.1.2">H/</w>
 <w id="w2.1.3">C/</w>
 <w id="w2.1.4">157</w>
</s></p>

<p id="3">
<s id="s3.1">
 <w id="w3.1.1">EVROPSKO</w> 
 <w id="w3.1.2">JAVNO</w> 
 <w id="w3.1.3">POROČILO</w> 
 <w id="w3.1.4">O</w> 
 <w id="w3.1.5">OCENI</w> 
 <w id="w3.1.6">ZDRAVILA</w> 
 <w id="w3.1.7">(</w>
 <w id="w3.1.8">EPAR</w>
 <w id="w3.1.9">)</w>
</s></p>

<p id="4">
<s id="s4.1">
 <w id="w4.1.1">CEREZYME</w>
</s></p>

<p id="5">
<s id="s5.1">
 <w id="w5.1.1">Povzetek</w> 
 <w id="w5.1.2">EPAR</w> 
 <w id="w5.1.3">za</w> 
 <w id="w5.1.4">javnost</w>
</s></p>

<p id="6">
<s id="s6.1">
 <w id="w6.1.1">Ta</w> 
 <w id="w6.1.2">dokument</w> 
 <w id="w6.1.3">je</w> 
 <w id="w6.1.4">povzetek</w> 
 <w id="w6.1.5">Evropskega</w> 
 <w id="w6.1.6">javnega</w> 
 <w id="w6.1.7">poročila</w> 
 <w id="w6.1.8">o</w> 
 <w id="w6.1.9">oceni</w> 
 <w id="w6.1.10">zdravila</w> 
 <w id="w6.1.11">(</w>
 <w id="w6.1.12">EPAR</w>
 <w id="w6.1.13">)</w>
 <w id="w6.1.14">.</w>
</s> 
 
<s id="s6.2">
 <w id="w6.2.1">Pojasnjuje</w>
 <w id="w6.2.2">,</w> 
 <w id="w6.2.3">kako</w>   
 <w id="w6.2.4">je</w> 
 <w id="w6.2.5">Odbor</w> 
 <w id="w6.2.6">za</w> 
 <w id="w6.2.7">zdravila</w> 
 <w id="w6.2.8">za</w> 
 <w id="w6.2.9">uporabo</w> 
 <w id="w6.2.10">v</w> 
 <w id="w6.2.11">humani</w> 
 <w id="w6.2.12">medicini</w> 
 <w id="w6.2.13">(</w>
 <w id="w6.2.14">CHMP</w>
 <w id="w6.2.15">)</w> 
 <w id="w6.2.16">ocenil</w> 
 <w id="w6.2.17">opravljene</w> 
 <w id="w6.2.18">študije</w>
 <w id="w6.2.19">,</w> 
 <w id="w6.2.20">na</w> 
 <w id="w6.2.21">podlagi</w>   
 <w id="w6.2.22">katerih</w> 
 <w id="w6.2.23">je</w> 
 <w id="w6.2.24">oblikoval</w> 
 <w id="w6.2.25">priporočila</w> 
 <w id="w6.2.26">glede</w> 
 <w id="w6.2.27">uporabe</w> 
 <w id="w6.2.28">zdravila</w>
 <w id="w6.2.29">.</w>
</s>   
 
<s id="s6.3">
 <w id="w6.3.1">Če</w> 
 <w id="w6.3.2">potrebujete</w> 
 <w id="w6.3.3">več</w> 
 <w id="w6.3.4">informacij</w> 
 <w id="w6.3.5">o</w> 
 <w id="w6.3.6">vašem</w> 
 <w id="w6.3.7">zdravstvenem</w> 
 <w id="w6.3.8">stanju</w> 
 <w id="w6.3.9">ali</w> 
 <w id="w6.3.10">zdravljenju</w>
 <w id="w6.3.11">,</w> 
 <w id="w6.3.12">preberite</w> 
 <w id="w6.3.13">Navodilo</w> 
 <w id="w6.3.14">za</w>   
 <w id="w6.3.15">uporabo</w> 
 <w id="w6.3.16">(</w>
 <w id="w6.3.17">ki</w> 
 <w id="w6.3.18">je</w> 
 <w id="w6.3.19">prav</w> 
 <w id="w6.3.20">tako</w> 
 <w id="w6.3.21">del</w> 
 <w id="w6.3.22">EPAR</w>
 <w id="w6.3.23">)</w> 
 <w id="w6.3.24">ali</w> 
 <w id="w6.3.25">se</w> 
 <w id="w6.3.26">posvetujte</w> 
 <w id="w6.3.27">s</w> 
 <w id="w6.3.28">svojim</w> 
 <w id="w6.3.29">zdravnikom</w> 
 <w id="w6.3.30">ali</w> 
 <w id="w6.3.31">farmacevtom</w>
 <w id="w6.3.32">.</w>
</s> 
 
<s id="s6.4">
 <w id="w6.4.1">Če</w>   
 <w id="w6.4.2">želite</w> 
 <w id="w6.4.3">več</w> 
 <w id="w6.4.4">informacij</w>
 <w id="w6.4.5">,</w> 
 <w id="w6.4.6">ki</w> 
 <w id="w6.4.7">temeljijo</w> 
 <w id="w6.4.8">na</w> 
 <w id="w6.4.9">priporočilih</w> 
 <w id="w6.4.10">CHMP</w>
 <w id="w6.4.11">,</w> 
 <w id="w6.4.12">preberite</w> 
 <w id="w6.4.13">znanstveno</w> 
 <w id="w6.4.14">razpravo</w> 
 <w id="w6.4.15">(</w>
 <w id="w6.4.16">ki</w> 
 <w id="w6.4.17">je</w>   
 <w id="w6.4.18">prav</w> 
 <w id="w6.4.19">tako</w> 
 <w id="w6.4.20">del</w> 
 <w id="w6.4.21">EPAR</w>
 <w id="w6.4.22">)</w>
 <w id="w6.4.23">.</w>
</s></p>

<p id="7">
<s id="s7.1">
 <w id="w7.1.1">Kaj</w> 
 <w id="w7.1.2">je</w> 
 <w id="w7.1.3">zdravilo</w> 
 <w id="w7.1.4">Cerezyme</w>
 <w id="w7.1.5">?</w>
</s>   
 
<s id="s7.2">
 <w id="w7.2.1">Zdravilo</w> 
 <w id="w7.2.2">Cerezyme</w> 
 <w id="w7.2.3">je</w> 
 <w id="w7.2.4">prašek</w> 
 <w id="w7.2.5">za</w> 
 <w id="w7.2.6">pripravo</w> 
 <w id="w7.2.7">raztopine</w> 
 <w id="w7.2.8">za</w> 
 <w id="w7.2.9">infundiranje</w> 
 <w id="w7.2.10">(</w>
 <w id="w7.2.11">kapalna</w> 
 <w id="w7.2.12">infuzija</w> 
 <w id="w7.2.13">v</w> 
 <w id="w7.2.14">veno</w>
 <w id="w7.2.15">)</w>
 <w id="w7.2.16">.</w>
</s> 
 
<s id="s7.3">
 <w id="w7.3.1">Zdravilo</w>   
 <w id="w7.3.2">Cerezyme</w> 
 <w id="w7.3.3">vsebuje</w> 
 <w id="w7.3.4">zdravilno</w> 
 <w id="w7.3.5">učinkovino</w> 
 <w id="w7.3.6">imiglucerazo</w>
 <w id="w7.3.7">.</w>
</s></p>

<p id="8">
<s id="s8.1">
 <w id="w8.1.1">Za</w> 
 <w id="w8.1.2">kaj</w> 
 <w id="w8.1.3">se</w> 
 <w id="w8.1.4">zdravilo</w> 
 <w id="w8.1.5">Cerezyme</w> 
 <w id="w8.1.6">uporablja</w>
 <w id="w8.1.7">?</w>
</s>   
 
<s id="s8.2">
 <w id="w8.2.1">Zdravilo</w> 
 <w id="w8.2.2">Cerezyme</w> 
 <w id="w8.2.3">se</w> 
 <w id="w8.2.4">uporablja</w> 
 <w id="w8.2.5">za</w> 
 <w id="w8.2.6">dolgotrajno</w> 
 <w id="w8.2.7">encimsko</w> 
 <w id="w8.2.8">nadomestno</w> 
 <w id="w8.2.9">zdravljenje</w> 
 <w id="w8.2.10">bolnikov</w> 
 <w id="w8.2.11">z</w>   
 <w id="w8.2.12">Gaucherjevo</w> 
 <w id="w8.2.13">boleznijo</w>
 <w id="w8.2.14">.</w>
</s> 
 
<s id="s8.3">
 <w id="w8.3.1">Gaucherjeva</w> 
 <w id="w8.3.2">bolezen</w> 
 <w id="w8.3.3">je</w> 
 <w id="w8.3.4">redka</w> 
 <w id="w8.3.5">dedna</w> 
 <w id="w8.3.6">napaka</w>
 <w id="w8.3.7">.</w>
</s> 
 
<s id="s8.4">
 <w id="w8.4.1">Ljudje</w> 
 <w id="w8.4.2">s</w> 
 <w id="w8.4.3">to</w> 
 <w id="w8.4.4">boleznijo</w> 
 <w id="w8.4.5">nimajo</w>   
 <w id="w8.4.6">dovolj</w> 
 <w id="w8.4.7">encima</w> 
 <w id="w8.4.8">glukocerebrozidaze</w>
 <w id="w8.4.9">.</w>
</s> 
 
<s id="s8.5">
 <w id="w8.5.1">Ta</w> 
 <w id="w8.5.2">encim</w> 
 <w id="w8.5.3">razgrajuje</w> 
 <w id="w8.5.4">maščobni</w> 
 <w id="w8.5.5">odpadni</w> 
 <w id="w8.5.6">produkt</w>
 <w id="w8.5.7">,</w> 
 <w id="w8.5.8">imenovan</w>   
 <w id="w8.5.9">glukocerebrozid</w>
 <w id="w8.5.10">.</w>
</s> 
 
<s id="s8.6">
 <w id="w8.6.1">Ob</w> 
 <w id="w8.6.2">odsotnosti</w> 
 <w id="w8.6.3">encima</w> 
 <w id="w8.6.4">se</w> 
 <w id="w8.6.5">glukocerebrozid</w> 
 <w id="w8.6.6">kopiči</w> 
 <w id="w8.6.7">v</w> 
 <w id="w8.6.8">telesu</w>
 <w id="w8.6.9">,</w> 
 <w id="w8.6.10">običajno</w> 
 <w id="w8.6.11">v</w> 
 <w id="w8.6.12">jetrih</w>
 <w id="w8.6.13">,</w> 
 <w id="w8.6.14">vranici</w> 
 <w id="w8.6.15">in</w>   
 <w id="w8.6.16">kostnem</w> 
 <w id="w8.6.17">mozgu</w>
 <w id="w8.6.18">,</w> 
 <w id="w8.6.19">to</w> 
 <w id="w8.6.20">pa</w> 
 <w id="w8.6.21">vodi</w> 
 <w id="w8.6.22">do</w> 
 <w id="w8.6.23">nastanka</w> 
 <w id="w8.6.24">simptomov</w> 
 <w id="w8.6.25">bolezni</w>
 <w id="w8.6.26">:</w> 
 <w id="w8.6.27">anemije</w> 
 <w id="w8.6.28">(</w>
 <w id="w8.6.29">znižane</w> 
 <w id="w8.6.30">koncentracije</w> 
 <w id="w8.6.31">rdečih</w>   
 <w id="w8.6.32">krvničk</w>
 <w id="w8.6.33">)</w>
 <w id="w8.6.34">,</w> 
 <w id="w8.6.35">utrujenosti</w>
 <w id="w8.6.36">,</w> 
 <w id="w8.6.37">povečane</w> 
 <w id="w8.6.38">verjetnosti</w> 
 <w id="w8.6.39">za</w> 
 <w id="w8.6.40">nastanek</w> 
 <w id="w8.6.41">hematomov</w> 
 <w id="w8.6.42">in</w> 
 <w id="w8.6.43">nagnjenosti</w> 
 <w id="w8.6.44">h</w> 
 <w id="w8.6.45">krvavitvam</w>
 <w id="w8.6.46">,</w>   
 <w id="w8.6.47">povečane</w> 
 <w id="w8.6.48">vranice</w> 
 <w id="w8.6.49">in</w> 
 <w id="w8.6.50">povečanih</w> 
 <w id="w8.6.51">jeter</w> 
 <w id="w8.6.52">ter</w> 
 <w id="w8.6.53">bolečin</w> 
 <w id="w8.6.54">v</w> 
 <w id="w8.6.55">kosteh</w> 
 <w id="w8.6.56">in</w> 
 <w id="w8.6.57">zlomov</w>
 <w id="w8.6.58">.</w>
</s>   
 
<s id="s8.7">
 <w id="w8.7.1">Zdravilo</w> 
 <w id="w8.7.2">Cerezyme</w> 
 <w id="w8.7.3">se</w> 
 <w id="w8.7.4">uporablja</w> 
 <w id="w8.7.5">pri</w> 
 <w id="w8.7.6">bolnikih</w>
 <w id="w8.7.7">,</w> 
 <w id="w8.7.8">ki</w> 
 <w id="w8.7.9">imajo</w> 
 <w id="w8.7.10">Gaucherjevo</w> 
 <w id="w8.7.11">bolezen</w> 
 <w id="w8.7.12">tipa</w> 
 <w id="w8.7.13">1</w> 
 <w id="w8.7.14">(</w>
 <w id="w8.7.15">ne-</w>
 <w id="w8.7.16">nevropatsko</w>
 <w id="w8.7.17">)</w> 
 <w id="w8.7.18">ali</w>   
 <w id="w8.7.19">tipa</w> 
 <w id="w8.7.20">3</w> 
 <w id="w8.7.21">(</w>
 <w id="w8.7.22">kronično</w> 
 <w id="w8.7.23">nevropatsko</w>
 <w id="w8.7.24">)</w> 
 <w id="w8.7.25">ter</w> 
 <w id="w8.7.26">imajo</w> 
 <w id="w8.7.27">eno</w> 
 <w id="w8.7.28">ali</w> 
 <w id="w8.7.29">več</w> 
 <w id="w8.7.30">izmed</w> 
 <w id="w8.7.31">naslednjih</w> 
 <w id="w8.7.32">stanj</w>
 <w id="w8.7.33">,</w> 
 <w id="w8.7.34">pogojenih</w> 
 <w id="w8.7.35">z</w> 
 <w id="w8.7.36">boleznijo</w>
 <w id="w8.7.37">:</w>        
 <w id="w8.7.38">•</w> 
 <w id="w8.7.39">anemijo</w> 
 <w id="w8.7.40">(</w>
 <w id="w8.7.41">znižano</w> 
 <w id="w8.7.42">število</w> 
 <w id="w8.7.43">rdečih</w> 
 <w id="w8.7.44">krvničk</w>
 <w id="w8.7.45">)</w>
 <w id="w8.7.46">,</w>        
 <w id="w8.7.47">•</w> 
 <w id="w8.7.48">trombocitopenijo</w> 
 <w id="w8.7.49">(</w>
 <w id="w8.7.50">znižano</w> 
 <w id="w8.7.51">število</w> 
 <w id="w8.7.52">trombocitov</w> 
 <w id="w8.7.53">v</w> 
 <w id="w8.7.54">krvi</w>
 <w id="w8.7.55">)</w>
 <w id="w8.7.56">,</w>        
 <w id="w8.7.57">•</w> 
 <w id="w8.7.58">bolezen</w> 
 <w id="w8.7.59">kosti</w>
 <w id="w8.7.60">,</w>        
 <w id="w8.7.61">•</w> 
 <w id="w8.7.62">hepatomegalijo</w> 
 <w id="w8.7.63">(</w>
 <w id="w8.7.64">povečana</w> 
 <w id="w8.7.65">jetra</w>
 <w id="w8.7.66">)</w> 
 <w id="w8.7.67">ali</w> 
 <w id="w8.7.68">splenomegalijo</w> 
 <w id="w8.7.69">(</w>
 <w id="w8.7.70">povečano</w> 
 <w id="w8.7.71">vranico</w>
 <w id="w8.7.72">)</w>
 <w id="w8.7.73">.</w>
</s>   
 
<s id="s8.8">
 <w id="w8.8.1">Zdravilo</w> 
 <w id="w8.8.2">se</w> 
 <w id="w8.8.3">dobi</w> 
 <w id="w8.8.4">samo</w> 
 <w id="w8.8.5">na</w> 
 <w id="w8.8.6">recept</w>
 <w id="w8.8.7">.</w>
</s></p>

<p id="9">
<s id="s9.1">
 <w id="w9.1.1">Kako</w> 
 <w id="w9.1.2">se</w> 
 <w id="w9.1.3">zdravilo</w> 
 <w id="w9.1.4">Cerezyme</w> 
 <w id="w9.1.5">uporablja</w>
 <w id="w9.1.6">?</w>
</s>   
 
<s id="s9.2">
 <w id="w9.2.1">Zdravljenje</w> 
 <w id="w9.2.2">z</w> 
 <w id="w9.2.3">zdravilom</w> 
 <w id="w9.2.4">Cerezyme</w> 
 <w id="w9.2.5">mora</w> 
 <w id="w9.2.6">uvesti</w>
 <w id="w9.2.7">,</w> 
 <w id="w9.2.8">ki</w> 
 <w id="w9.2.9">ima</w> 
 <w id="w9.2.10">izkušnje</w> 
 <w id="w9.2.11">z</w> 
 <w id="w9.2.12">zdravljenjem</w> 
 <w id="w9.2.13">bolnikov</w> 
 <w id="w9.2.14">z</w>   
 <w id="w9.2.15">Gaucherjevo</w> 
 <w id="w9.2.16">boleznijo</w>
 <w id="w9.2.17">.</w>
</s> 
 
<s id="s9.3">
 <w id="w9.3.1">Zdravilo</w> 
 <w id="w9.3.2">se</w> 
 <w id="w9.3.3">daje</w> 
 <w id="w9.3.4">z</w> 
 <w id="w9.3.5">1</w> 
 <w id="w9.3.6">do</w> 
 <w id="w9.3.7">2</w> 
 <w id="w9.3.8">uri</w> 
 <w id="w9.3.9">trajajočo</w> 
 <w id="w9.3.10">infuzijo</w> 
 <w id="w9.3.11">vsaka</w> 
 <w id="w9.3.12">dva</w> 
 <w id="w9.3.13">tedna</w>
 <w id="w9.3.14">,</w> 
 <w id="w9.3.15">pri</w> 
 <w id="w9.3.16">čemer</w> 
 <w id="w9.3.17">so</w>   
 <w id="w9.3.18">odmerki</w> 
 <w id="w9.3.19">na</w> 
 <w id="w9.3.20">začetku</w> 
 <w id="w9.3.21">zdravljenja</w> 
 <w id="w9.3.22">večji</w>
 <w id="w9.3.23">.</w>
</s> 
 
<s id="s9.4">
 <w id="w9.4.1">Odmerke</w> 
 <w id="w9.4.2">se</w> 
 <w id="w9.4.3">zatem</w> 
 <w id="w9.4.4">prilagodi</w> 
 <w id="w9.4.5">v</w> 
 <w id="w9.4.6">skladu</w> 
 <w id="w9.4.7">z</w> 
 <w id="w9.4.8">odzivom</w> 
 <w id="w9.4.9">bolnika</w> 
 <w id="w9.4.10">na</w>   
 <w id="w9.4.11">zdravljenje</w>
 <w id="w9.4.12">.</w>
</s>   
 
<s id="s9.5">
 <w id="w9.5.1">Zdravilo</w> 
 <w id="w9.5.2">Cerezyme</w> 
 <w id="w9.5.3">je</w> 
 <w id="w9.5.4">predvideno</w> 
 <w id="w9.5.5">za</w> 
 <w id="w9.5.6">dolgotrajno</w> 
 <w id="w9.5.7">uporabo</w>
 <w id="w9.5.8">.</w>
</s></p>

<p id="10">
<s id="s10.1">
 <w id="w10.1.1">Kako</w> 
 <w id="w10.1.2">zdravilo</w> 
 <w id="w10.1.3">Cerezyme</w> 
 <w id="w10.1.4">deluje</w>
 <w id="w10.1.5">?</w>
</s>   
 
<s id="s10.2">
 <w id="w10.2.1">Gaucherjevo</w> 
 <w id="w10.2.2">bolezen</w> 
 <w id="w10.2.3">s</w> 
 <w id="w10.2.4">v</w> 
 <w id="w10.2.5">preteklosti</w> 
 <w id="w10.2.6">zdravili</w> 
 <w id="w10.2.7">z</w> 
 <w id="w10.2.8">encimom</w> 
 <w id="w10.2.9">alglucerazo</w>
 <w id="w10.2.10">,</w> 
 <w id="w10.2.11">pridobljenim</w> 
 <w id="w10.2.12">iz</w> 
 <w id="w10.2.13">človeške</w>   
 <w id="w10.2.14">posteljice</w>
 <w id="w10.2.15">.</w>
</s> 
 
<s id="s10.3">
 <w id="w10.3.1">Imigluceraza</w>
 <w id="w10.3.2">,</w> 
 <w id="w10.3.3">zdravilna</w> 
 <w id="w10.3.4">učinkovina</w> 
 <w id="w10.3.5">zdravila</w> 
 <w id="w10.3.6">Cerezyme</w>
 <w id="w10.3.7">,</w> 
 <w id="w10.3.8">je</w> 
 <w id="w10.3.9">kopija</w> 
 <w id="w10.3.10">tega</w> 
 <w id="w10.3.11">encima</w>
 <w id="w10.3.12">,</w> 
 <w id="w10.3.13">proizvedena</w>   
 <w id="w10.3.14">po</w> 
 <w id="w10.3.15">metodi</w>
 <w id="w10.3.16">,</w> 
 <w id="w10.3.17">imenovani</w> 
 <w id="w10.3.18">„</w>
 <w id="w10.3.19">rekombinantna</w> 
 <w id="w10.3.20">DNA</w> 
 <w id="w10.3.21">tehnologija</w>
 <w id="w10.3.22">“</w>
 <w id="w10.3.23">,</w> 
 <w id="w10.3.24">kar</w> 
 <w id="w10.3.25">pomeni</w>
 <w id="w10.3.26">,</w> 
 <w id="w10.3.27">da</w> 
 <w id="w10.3.28">encim</w> 
 <w id="w10.3.29">tvori</w> 
 <w id="w10.3.30">celica</w>
 <w id="w10.3.31">,</w> 
 <w id="w10.3.32">ki</w> 
 <w id="w10.3.33">je</w>   
 <w id="w10.3.34">prejela</w> 
 <w id="w10.3.35">gen</w> 
 <w id="w10.3.36">(</w>
 <w id="w10.3.37">DNA</w>
 <w id="w10.3.38">)</w>
 <w id="w10.3.39">,</w> 
 <w id="w10.3.40">s</w> 
 <w id="w10.3.41">katerim</w> 
 <w id="w10.3.42">postane</w> 
 <w id="w10.3.43">sposobna</w> 
 <w id="w10.3.44">tvoriti</w> 
 <w id="w10.3.45">encim</w>
 <w id="w10.3.46">.</w>
</s> 
 
<s id="s10.4">
 <w id="w10.4.1">Imigluceraza</w> 
 <w id="w10.4.2">prispeva</w> 
 <w id="w10.4.3">k</w> 
 <w id="w10.4.4">(</w>
 <w id="w10.4.5">katalizira</w>
 <w id="w10.4.6">)</w>   
 <w id="w10.4.7">razgradnji</w> 
 <w id="w10.4.8">glukocerebrozida</w> 
 <w id="w10.4.9">ter</w> 
 <w id="w10.4.10">zaustavi</w> 
 <w id="w10.4.11">njegovo</w> 
 <w id="w10.4.12">kopičenje</w> 
 <w id="w10.4.13">v</w> 
 <w id="w10.4.14">telesu</w>
 <w id="w10.4.15">.</w>
</s>                                        
 
<s id="s10.5">
 <w id="w10.5.1">7</w> 
 <w id="w10.5.2">Westferry</w> 
 <w id="w10.5.3">Circus</w>
 <w id="w10.5.4">,</w> 
 <w id="w10.5.5">Canary</w> 
 <w id="w10.5.6">Wharf</w>
 <w id="w10.5.7">,</w> 
 <w id="w10.5.8">London</w> 
 <w id="w10.5.9">E14</w> 
 <w id="w10.5.10">4HB</w>
 <w id="w10.5.11">,</w> 
 <w id="w10.5.12">UK</w>                                            
 <w id="w10.5.13">Tel</w>
 <w id="w10.5.14">.</w>
</s> 
 
<s id="s10.6">
 <w id="w10.6.1">(</w>
 <w id="w10.6.2">44-</w>
 <w id="w10.6.3">20</w>
 <w id="w10.6.4">)</w> 
 <w id="w10.6.5">74</w> 
 <w id="w10.6.6">18</w> 
 <w id="w10.6.7">84</w> 
 <w id="w10.6.8">00</w> 
 <w id="w10.6.9">Fax</w> 
 <w id="w10.6.10">(</w>
 <w id="w10.6.11">44-</w>
 <w id="w10.6.12">20</w>
 <w id="w10.6.13">)</w> 
 <w id="w10.6.14">74</w> 
 <w id="w10.6.15">18</w> 
 <w id="w10.6.16">84</w> 
 <w id="w10.6.17">16</w>                                       
 <w id="w10.6.18">E-</w>
 <w id="w10.6.19">mail</w>
 <w id="w10.6.20">:</w> 
 <w id="w10.6.21">mail@</w>
 <w id="w10.6.22">emea.</w>
 <w id="w10.6.23">europa.</w>
 <w id="w10.6.24">eu</w> 
 <w id="w10.6.25">http</w>
 <w id="w10.6.26">:</w>
 <w id="w10.6.27">//</w>
 <w id="w10.6.28">www.</w>
 <w id="w10.6.29">emea.</w>
 <w id="w10.6.30">europa.</w>
 <w id="w10.6.31">eu</w> 
 <w id="w10.6.32">©EMEA</w> 
 <w id="w10.6.33">2007</w> 
 <w id="w10.6.34">Reproduction</w> 
 <w id="w10.6.35">and/</w>
 <w id="w10.6.36">or</w> 
 <w id="w10.6.37">distribution</w> 
 <w id="w10.6.38">of</w> 
 <w id="w10.6.39">this</w> 
 <w id="w10.6.40">document</w> 
 <w id="w10.6.41">is</w> 
 <w id="w10.6.42">authorised</w> 
 <w id="w10.6.43">for</w> 
 <w id="w10.6.44">non</w> 
 <w id="w10.6.45">commercial</w> 
 <w id="w10.6.46">purposes</w> 
 <w id="w10.6.47">only</w> 
 <w id="w10.6.48">provided</w> 
 <w id="w10.6.49">the</w> 
 <w id="w10.6.50">EMEA</w> 
 <w id="w10.6.51">is</w> 
 <w id="w10.6.52">acknowledged</w> 
 <w id="w10.6.53">Kako</w> 
 <w id="w10.6.54">je</w> 
 <w id="w10.6.55">bilo</w> 
 <w id="w10.6.56">zdravilo</w> 
 <w id="w10.6.57">Cerezyme</w> 
 <w id="w10.6.58">raziskano</w>
 <w id="w10.6.59">?</w>
</s> 
 
<s id="s10.7">
 <w id="w10.7.1">Za</w> 
 <w id="w10.7.2">uporabo</w> 
 <w id="w10.7.3">pri</w> 
 <w id="w10.7.4">Gaucherjevi</w> 
 <w id="w10.7.5">bolezni</w> 
 <w id="w10.7.6">tipa</w> 
 <w id="w10.7.7">1</w> 
 <w id="w10.7.8">so</w> 
 <w id="w10.7.9">zdravilo</w> 
 <w id="w10.7.10">Cerezyme</w> 
 <w id="w10.7.11">preučevali</w> 
 <w id="w10.7.12">v</w> 
 <w id="w10.7.13">okviru</w> 
 <w id="w10.7.14">treh</w> 
 <w id="w10.7.15">študij</w> 
 <w id="w10.7.16">ter</w> 
 <w id="w10.7.17">pri</w> 
 <w id="w10.7.18">skupno</w> 
 <w id="w10.7.19">40</w> 
 <w id="w10.7.20">bolnikih</w> 
 <w id="w10.7.21">(</w>
 <w id="w10.7.22">to</w> 
 <w id="w10.7.23">število</w> 
 <w id="w10.7.24">je</w> 
 <w id="w10.7.25">sprejemljivo</w>
 <w id="w10.7.26">,</w> 
 <w id="w10.7.27">saj</w> 
 <w id="w10.7.28">gre</w> 
 <w id="w10.7.29">za</w> 
 <w id="w10.7.30">zelo</w> 
 <w id="w10.7.31">redko</w> 
 <w id="w10.7.32">bolezen</w>
 <w id="w10.7.33">)</w>
 <w id="w10.7.34">.</w>
</s> 
 
<s id="s10.8">
 <w id="w10.8.1">V</w> 
 <w id="w10.8.2">študijah</w> 
 <w id="w10.8.3">so</w> 
 <w id="w10.8.4">preučili</w> 
 <w id="w10.8.5">učinkovitost</w> 
 <w id="w10.8.6">zdravila</w> 
 <w id="w10.8.7">Cerezyme</w> 
 <w id="w10.8.8">pri</w> 
 <w id="w10.8.9">nadzoru</w> 
 <w id="w10.8.10">simptomov</w> 
 <w id="w10.8.11">Gaucherjeve</w> 
 <w id="w10.8.12">bolezni</w>
 <w id="w10.8.13">,</w> 
 <w id="w10.8.14">kot</w> 
 <w id="w10.8.15">je</w> 
 <w id="w10.8.16">normaliziranje</w> 
 <w id="w10.8.17">(</w>
 <w id="w10.8.18">povečanje</w>
 <w id="w10.8.19">)</w> 
 <w id="w10.8.20">števila</w> 
 <w id="w10.8.21">rdečih</w> 
 <w id="w10.8.22">krvničk</w> 
 <w id="w10.8.23">in</w> 
 <w id="w10.8.24">krvnih</w> 
 <w id="w10.8.25">ploščic</w> 
 <w id="w10.8.26">v</w> 
 <w id="w10.8.27">krvi</w> 
 <w id="w10.8.28">ter</w> 
 <w id="w10.8.29">normaliziranje</w> 
 <w id="w10.8.30">(</w>
 <w id="w10.8.31">zmanjšanje</w>
 <w id="w10.8.32">)</w> 
 <w id="w10.8.33">velikosti</w> 
 <w id="w10.8.34">jeter</w> 
 <w id="w10.8.35">in</w> 
 <w id="w10.8.36">vranice</w>
 <w id="w10.8.37">.</w>
</s> 
 
<s id="s10.9">
 <w id="w10.9.1">Zdravilo</w> 
 <w id="w10.9.2">Cerezyme</w> 
 <w id="w10.9.3">so</w> 
 <w id="w10.9.4">primerjali</w> 
 <w id="w10.9.5">z</w> 
 <w id="w10.9.6">alglucerazo</w>
 <w id="w10.9.7">.</w>
</s> 
 
<s id="s10.10">
 <w id="w10.10.1">Za</w> 
 <w id="w10.10.2">uporabo</w> 
 <w id="w10.10.3">zdravila</w> 
 <w id="w10.10.4">pri</w> 
 <w id="w10.10.5">Gaucherjevi</w> 
 <w id="w10.10.6">bolezni</w> 
 <w id="w10.10.7">tipa</w> 
 <w id="w10.10.8">3</w> 
 <w id="w10.10.9">(</w>
 <w id="w10.10.10">ki</w> 
 <w id="w10.10.11">je</w> 
 <w id="w10.10.12">izredno</w> 
 <w id="w10.10.13">redka</w> 
 <w id="w10.10.14">oblika</w> 
 <w id="w10.10.15">bolezni</w>
 <w id="w10.10.16">)</w> 
 <w id="w10.10.17">so</w> 
 <w id="w10.10.18">bili</w> 
 <w id="w10.10.19">uporabljeni</w> 
 <w id="w10.10.20">podatki</w> 
 <w id="w10.10.21">iz</w> 
 <w id="w10.10.22">objavljenih</w> 
 <w id="w10.10.23">člankov</w> 
 <w id="w10.10.24">in</w> 
 <w id="w10.10.25">iz</w> 
 <w id="w10.10.26">posebnega</w> 
 <w id="w10.10.27">registra</w> 
 <w id="w10.10.28">bolnikov</w> 
 <w id="w10.10.29">z</w> 
 <w id="w10.10.30">Gaucherjevo</w> 
 <w id="w10.10.31">boleznijo</w>
 <w id="w10.10.32">.</w>
</s></p>

<p id="11">
<s id="s11.1">
 <w id="w11.1.1">Kakšne</w> 
 <w id="w11.1.2">koristi</w> 
 <w id="w11.1.3">je</w> 
 <w id="w11.1.4">zdravilo</w> 
 <w id="w11.1.5">Cerezyme</w> 
 <w id="w11.1.6">izkazalo</w> 
 <w id="w11.1.7">med</w> 
 <w id="w11.1.8">raziskavami</w>
 <w id="w11.1.9">?</w>
</s> 
 
<s id="s11.2">
 <w id="w11.2.1">Študije</w> 
 <w id="w11.2.2">so</w> 
 <w id="w11.2.3">pokazale</w>
 <w id="w11.2.4">,</w> 
 <w id="w11.2.5">da</w> 
 <w id="w11.2.6">je</w> 
 <w id="w11.2.7">zdravilo</w> 
 <w id="w11.2.8">Cerezyme</w> 
 <w id="w11.2.9">enako</w> 
 <w id="w11.2.10">varno</w> 
 <w id="w11.2.11">in</w> 
 <w id="w11.2.12">učinkovito</w> 
 <w id="w11.2.13">pri</w> 
 <w id="w11.2.14">nadzoru</w> 
 <w id="w11.2.15">simptomov</w> 
 <w id="w11.2.16">Gaucherjeve</w> 
 <w id="w11.2.17">bolezni</w> 
 <w id="w11.2.18">kot</w> 
 <w id="w11.2.19">algluceraza</w>
 <w id="w11.2.20">.</w>
</s> 
 
<s id="s11.3">
 <w id="w11.3.1">Ravno</w> 
 <w id="w11.3.2">tako</w> 
 <w id="w11.3.3">je</w> 
 <w id="w11.3.4">bilo</w> 
 <w id="w11.3.5">dokazano</w>
 <w id="w11.3.6">,</w> 
 <w id="w11.3.7">da</w> 
 <w id="w11.3.8">lahko</w> 
 <w id="w11.3.9">bolniki</w> 
 <w id="w11.3.10">varno</w> 
 <w id="w11.3.11">preidejo</w> 
 <w id="w11.3.12">z</w> 
 <w id="w11.3.13">zdravljenja</w> 
 <w id="w11.3.14">z</w> 
 <w id="w11.3.15">alglucerazo</w> 
 <w id="w11.3.16">na</w> 
 <w id="w11.3.17">zdravljenje</w> 
 <w id="w11.3.18">z</w> 
 <w id="w11.3.19">imiglucerazo</w>
 <w id="w11.3.20">.</w>
</s></p>

<p id="12">
<s id="s12.1">
 <w id="w12.1.1">Kakšna</w> 
 <w id="w12.1.2">tveganja</w> 
 <w id="w12.1.3">so</w> 
 <w id="w12.1.4">povezana</w> 
 <w id="w12.1.5">z</w> 
 <w id="w12.1.6">zdravilom</w> 
 <w id="w12.1.7">Cerezyme</w>
 <w id="w12.1.8">?</w>
</s> 
 
<s id="s12.2">
 <w id="w12.2.1">Najpogostejši</w> 
 <w id="w12.2.2">neželeni</w> 
 <w id="w12.2.3">učinki</w> 
 <w id="w12.2.4">zdravila</w> 
 <w id="w12.2.5">Cerezyme</w> 
 <w id="w12.2.6">(</w>
 <w id="w12.2.7">opaženi</w> 
 <w id="w12.2.8">pri</w> 
 <w id="w12.2.9">1</w> 
 <w id="w12.2.10">do</w> 
 <w id="w12.2.11">10</w> 
 <w id="w12.2.12">bolnikov</w> 
 <w id="w12.2.13">izmed</w> 
 <w id="w12.2.14">100</w>
 <w id="w12.2.15">)</w> 
 <w id="w12.2.16">so</w> 
 <w id="w12.2.17">respiratorni</w> 
 <w id="w12.2.18">simptomi</w>
 <w id="w12.2.19">,</w> 
 <w id="w12.2.20">urtikarija</w> 
 <w id="w12.2.21">ali</w> 
 <w id="w12.2.22">angioedem</w> 
 <w id="w12.2.23">(</w>
 <w id="w12.2.24">koprivnica</w>
 <w id="w12.2.25">)</w>
 <w id="w12.2.26">,</w> 
 <w id="w12.2.27">pruritus</w> 
 <w id="w12.2.28">(</w>
 <w id="w12.2.29">srbenje</w>
 <w id="w12.2.30">)</w> 
 <w id="w12.2.31">in</w> 
 <w id="w12.2.32">izpuščaji</w>
 <w id="w12.2.33">.</w>
</s> 
 
<s id="s12.3">
 <w id="w12.3.1">Bolniki</w> 
 <w id="w12.3.2">lahko</w> 
 <w id="w12.3.3">razvijejo</w> 
 <w id="w12.3.4">protitelesa</w> 
 <w id="w12.3.5">(</w>
 <w id="w12.3.6">beljakovine</w>
 <w id="w12.3.7">,</w> 
 <w id="w12.3.8">ki</w> 
 <w id="w12.3.9">se</w> 
 <w id="w12.3.10">tvorijo</w> 
 <w id="w12.3.11">kot</w> 
 <w id="w12.3.12">odziv</w> 
 <w id="w12.3.13">na</w> 
 <w id="w12.3.14">zdravilo</w> 
 <w id="w12.3.15">Cerezyme</w> 
 <w id="w12.3.16">in</w> 
 <w id="w12.3.17">ki</w> 
 <w id="w12.3.18">lahko</w> 
 <w id="w12.3.19">vplivajo</w> 
 <w id="w12.3.20">na</w> 
 <w id="w12.3.21">zdravljenje</w>
 <w id="w12.3.22">)</w>
 <w id="w12.3.23">,</w> 
 <w id="w12.3.24">tako</w> 
 <w id="w12.3.25">da</w> 
 <w id="w12.3.26">je</w> 
 <w id="w12.3.27">v</w> 
 <w id="w12.3.28">teku</w> 
 <w id="w12.3.29">prvega</w> 
 <w id="w12.3.30">leta</w> 
 <w id="w12.3.31">zdravljenja</w> 
 <w id="w12.3.32">potrebno</w> 
 <w id="w12.3.33">nadzorovati</w> 
 <w id="w12.3.34">ali</w> 
 <w id="w12.3.35">prihaja</w> 
 <w id="w12.3.36">do</w> 
 <w id="w12.3.37">morebitnih</w> 
 <w id="w12.3.38">alergičnih</w> 
 <w id="w12.3.39">reakcij</w> 
 <w id="w12.3.40">na</w> 
 <w id="w12.3.41">zdravilo</w> 
 <w id="w12.3.42">Cerezyme</w>
 <w id="w12.3.43">.</w>
</s> 
 
<s id="s12.4">
 <w id="w12.4.1">Zdravilo</w> 
 <w id="w12.4.2">Cerezyme</w> 
 <w id="w12.4.3">je</w> 
 <w id="w12.4.4">potrebno</w> 
 <w id="w12.4.5">uporabljati</w> 
 <w id="w12.4.6">posebej</w> 
 <w id="w12.4.7">previdno</w> 
 <w id="w12.4.8">pri</w> 
 <w id="w12.4.9">ljudeh</w>
 <w id="w12.4.10">,</w> 
 <w id="w12.4.11">ki</w> 
 <w id="w12.4.12">utegnejo</w> 
 <w id="w12.4.13">biti</w> 
 <w id="w12.4.14">preobčutljivi</w> 
 <w id="w12.4.15">za</w> 
 <w id="w12.4.16">(</w>
 <w id="w12.4.17">alergični</w> 
 <w id="w12.4.18">na</w>
 <w id="w12.4.19">)</w> 
 <w id="w12.4.20">imiglucerazo</w> 
 <w id="w12.4.21">ali</w> 
 <w id="w12.4.22">katero</w> 
 <w id="w12.4.23">koli</w> 
 <w id="w12.4.24">drugo</w> 
 <w id="w12.4.25">sestavino</w> 
 <w id="w12.4.26">zdravila</w>
 <w id="w12.4.27">.</w>
</s></p>

<p id="13">
<s id="s13.1">
 <w id="w13.1.1">Zakaj</w> 
 <w id="w13.1.2">je</w> 
 <w id="w13.1.3">bilo</w> 
 <w id="w13.1.4">zdravilo</w> 
 <w id="w13.1.5">Cerezyme</w> 
 <w id="w13.1.6">odobreno</w>
 <w id="w13.1.7">?</w>
</s> 
 
<s id="s13.2">
 <w id="w13.2.1">Odbor</w> 
 <w id="w13.2.2">za</w> 
 <w id="w13.2.3">zdravila</w> 
 <w id="w13.2.4">za</w> 
 <w id="w13.2.5">uporabo</w> 
 <w id="w13.2.6">v</w> 
 <w id="w13.2.7">humani</w> 
 <w id="w13.2.8">medicini</w> 
 <w id="w13.2.9">(</w>
 <w id="w13.2.10">CHMP</w>
 <w id="w13.2.11">)</w> 
 <w id="w13.2.12">je</w> 
 <w id="w13.2.13">odločil</w>
 <w id="w13.2.14">,</w> 
 <w id="w13.2.15">da</w> 
 <w id="w13.2.16">zdravilo</w> 
 <w id="w13.2.17">Cerezyme</w> 
 <w id="w13.2.18">zagotavlja</w> 
 <w id="w13.2.19">učinkovit</w> 
 <w id="w13.2.20">nadzor</w> 
 <w id="w13.2.21">nad</w> 
 <w id="w13.2.22">simptomi</w> 
 <w id="w13.2.23">Gaucherjeve</w> 
 <w id="w13.2.24">bolezni</w> 
 <w id="w13.2.25">tipa</w> 
 <w id="w13.2.26">1</w> 
 <w id="w13.2.27">in</w> 
 <w id="w13.2.28">3</w>
 <w id="w13.2.29">.</w>
</s> 
 
<s id="s13.3">
 <w id="w13.3.1">Odbor</w> 
 <w id="w13.3.2">je</w> 
 <w id="w13.3.3">odločil</w>
 <w id="w13.3.4">,</w> 
 <w id="w13.3.5">da</w> 
 <w id="w13.3.6">so</w> 
 <w id="w13.3.7">koristi</w> 
 <w id="w13.3.8">zdravila</w> 
 <w id="w13.3.9">Cerezyme</w> 
 <w id="w13.3.10">večje</w> 
 <w id="w13.3.11">od</w> 
 <w id="w13.3.12">z</w> 
 <w id="w13.3.13">njim</w> 
 <w id="w13.3.14">povezanih</w> 
 <w id="w13.3.15">tveganj</w>
 <w id="w13.3.16">,</w> 
 <w id="w13.3.17">zato</w> 
 <w id="w13.3.18">je</w> 
 <w id="w13.3.19">za</w> 
 <w id="w13.3.20">zdravilo</w> 
 <w id="w13.3.21">Cerezyme</w> 
 <w id="w13.3.22">priporočil</w> 
 <w id="w13.3.23">odobritev</w> 
 <w id="w13.3.24">dovoljenja</w> 
 <w id="w13.3.25">za</w> 
 <w id="w13.3.26">promet</w>
 <w id="w13.3.27">.</w>
</s></p>

<p id="14">
<s id="s14.1">
 <w id="w14.1.1">Druge</w> 
 <w id="w14.1.2">informacije</w> 
 <w id="w14.1.3">o</w> 
 <w id="w14.1.4">zdravilu</w> 
 <w id="w14.1.5">Cerezyme</w>
 <w id="w14.1.6">:</w>
</s> 
 
<s id="s14.2">
 <w id="w14.2.1">Evropska</w> 
 <w id="w14.2.2">komisija</w> 
 <w id="w14.2.3">je</w> 
 <w id="w14.2.4">dovoljenje</w> 
 <w id="w14.2.5">za</w> 
 <w id="w14.2.6">promet</w> 
 <w id="w14.2.7">z</w> 
 <w id="w14.2.8">zdravilom</w> 
 <w id="w14.2.9">Cerezyme</w>
 <w id="w14.2.10">,</w> 
 <w id="w14.2.11">veljavno</w> 
 <w id="w14.2.12">po</w> 
 <w id="w14.2.13">vsej</w> 
 <w id="w14.2.14">Evropski</w> 
 <w id="w14.2.15">uniji</w>
 <w id="w14.2.16">,</w> 
 <w id="w14.2.17">odobrila</w> 
 <w id="w14.2.18">družbi</w> 
 <w id="w14.2.19">Genzyme</w> 
 <w id="w14.2.20">Europe</w> 
 <w id="w14.2.21">B.</w>
 <w id="w14.2.22">V</w>
 <w id="w14.2.23">.</w> 
 <w id="w14.2.24">dne</w> 
 <w id="w14.2.25">17</w>
 <w id="w14.2.26">.</w> 
 <w id="w14.2.27">novembra</w> 
 <w id="w14.2.28">1997</w>
 <w id="w14.2.29">.</w>
</s> 
 
<s id="s14.3">
 <w id="w14.3.1">Dovoljenje</w> 
 <w id="w14.3.2">za</w> 
 <w id="w14.3.3">promet</w> 
 <w id="w14.3.4">z</w> 
 <w id="w14.3.5">zdravilom</w> 
 <w id="w14.3.6">je</w> 
 <w id="w14.3.7">bilo</w> 
 <w id="w14.3.8">podaljšano</w> 
 <w id="w14.3.9">17</w>
 <w id="w14.3.10">.</w> 
 <w id="w14.3.11">novembra</w> 
 <w id="w14.3.12">2002</w> 
 <w id="w14.3.13">in</w> 
 <w id="w14.3.14">17</w>
 <w id="w14.3.15">.</w> 
 <w id="w14.3.16">novembra</w> 
 <w id="w14.3.17">2007</w>
 <w id="w14.3.18">.</w>
</s></p>

<p id="15">
<s id="s15.1">
 <w id="w15.1.1">Celotno</w> 
 <w id="w15.1.2">Evropsko</w> 
 <w id="w15.1.3">javno</w> 
 <w id="w15.1.4">poročilo</w> 
 <w id="w15.1.5">o</w> 
 <w id="w15.1.6">oceni</w> 
 <w id="w15.1.7">zdravila</w> 
 <w id="w15.1.8">(</w>
 <w id="w15.1.9">EPAR</w>
 <w id="w15.1.10">)</w> 
 <w id="w15.1.11">za</w> 
 <w id="w15.1.12">zdravilo</w> 
 <w id="w15.1.13">Cerezyme</w> 
 <w id="w15.1.14">je</w> 
 <w id="w15.1.15">na</w> 
 <w id="w15.1.16">voljo</w> 
 <w id="w15.1.17">tukaj</w>
 <w id="w15.1.18">.</w>
</s></p>

<p id="16">
<s id="s16.1">
 <w id="w16.1.1">Povzetek</w> 
 <w id="w16.1.2">je</w> 
 <w id="w16.1.3">bil</w> 
 <w id="w16.1.4">nazadnje</w> 
 <w id="w16.1.5">posodobljen</w> 
 <w id="w16.1.6">11-</w>
 <w id="w16.1.7">2007</w>
 <w id="w16.1.8">.</w>
</s></p>

<p id="17">
<s id="s17.1">
 <w id="w17.1.1">©EMEA</w> 
 <w id="w17.1.2">2007</w>
</s></p>

<head id="18">
<s id="s18.1">
 <w id="w18.1.1">2/</w>
 <w id="w18.1.2">2</w>
</s></head></text>
