<?xml version="1.0" encoding="utf-8"?>
<text>
<head id="1">
<s id="s1.1">
 <w id="w1.1.1">Številka</w> 
 <w id="w1.1.2">EU</w>
</s></head>

<head id="2">
<s id="s2.1">
 <w id="w2.1.1">Zaščiteno</w> 
 <w id="w2.1.2">ime</w>
</s></head>

<head id="3">
<s id="s3.1">
 <w id="w3.1.1">Jakost</w>
</s></head>

<head id="4">
<s id="s4.1">
 <w id="w4.1.1">Farmacevtska</w>          
 <w id="w4.1.2">oblika</w>
</s></head>

<head id="5">
<s id="s5.1">
 <w id="w5.1.1">Pot</w> 
 <w id="w5.1.2">uporabe</w>
</s></head>

<head id="6">
<s id="s6.1">
 <w id="w6.1.1">Ovojnina</w>
</s></head>

<head id="7">
<s id="s7.1">
 <w id="w7.1.1">Koncentracija</w>
</s></head>

<head id="8">
<s id="s8.1">
 <w id="w8.1.1">Velikost</w> 
 <w id="w8.1.2">pakiranja</w>
</s></head>

<head id="9">
<s id="s9.1">
 <w id="w9.1.1">EU/</w>
 <w id="w9.1.2">1/</w>
 <w id="w9.1.3">03/</w>
 <w id="w9.1.4">261/</w>
 <w id="w9.1.5">001</w>
</s></head>

<head id="10">
<s id="s10.1">
 <w id="w10.1.1">Emtriva</w>
</s></head>

<head id="11">
<s id="s11.1">
 <w id="w11.1.1">200</w> 
 <w id="w11.1.2">mg</w>
</s></head>

<head id="12">
<s id="s12.1">
 <w id="w12.1.1">Kapsula</w>
 <w id="w12.1.2">,</w> 
 <w id="w12.1.3">trda</w>
</s></head>

<head id="13">
<s id="s13.1">
 <w id="w13.1.1">Peroralna</w> 
 <w id="w13.1.2">uporaba</w>
</s></head>

<head id="14">
<s id="s14.1">
 <w id="w14.1.1">Steklenica</w>        
 <w id="w14.1.2">(</w>
 <w id="w14.1.3">HDPE</w>
 <w id="w14.1.4">)</w>
</s></head>

<head id="15">
<s id="s15.1">
 <w id="w15.1.1">30</w> 
 <w id="w15.1.2">kapsul</w>
</s></head>

<head id="16">
<s id="s16.1">
 <w id="w16.1.1">EU/</w>
 <w id="w16.1.2">1/</w>
 <w id="w16.1.3">03/</w>
 <w id="w16.1.4">261/</w>
 <w id="w16.1.5">002</w>
</s></head>

<head id="17">
<s id="s17.1">
 <w id="w17.1.1">Emtriva</w>
</s></head>

<head id="18">
<s id="s18.1">
 <w id="w18.1.1">200</w> 
 <w id="w18.1.2">mg</w>
</s></head>

<head id="19">
<s id="s19.1">
 <w id="w19.1.1">Kapsula</w>
 <w id="w19.1.2">,</w> 
 <w id="w19.1.3">trda</w>
</s></head>

<head id="20">
<s id="s20.1">
 <w id="w20.1.1">Peroralna</w> 
 <w id="w20.1.2">uporaba</w>
</s></head>

<head id="21">
<s id="s21.1">
 <w id="w21.1.1">Pretisni</w> 
 <w id="w21.1.2">omot</w>
</s></head>

<head id="22">
<s id="s22.1">
 <w id="w22.1.1">30</w> 
 <w id="w22.1.2">kapsul</w>
</s></head>

<p id="23">
<s id="s23.1">
 <w id="w23.1.1">(</w>
 <w id="w23.1.2">Aclar/</w>
 <w id="w23.1.3">polietilen</w>
 <w id="w23.1.4">/</w>                                                                                      
 <w id="w23.1.5">PVC</w>
 <w id="w23.1.6">)</w> 
 <w id="w23.1.7">EU/</w>
 <w id="w23.1.8">1/</w>
 <w id="w23.1.9">03/</w>
 <w id="w23.1.10">261/</w>
 <w id="w23.1.11">003</w>
</s></p>

<head id="24">
<s id="s24.1">
 <w id="w24.1.1">Emtriva</w>
</s></head>

<head id="25">
<s id="s25.1">
 <w id="w25.1.1">10</w> 
 <w id="w25.1.2">mg/</w>
 <w id="w25.1.3">ml</w>
</s></head>

<head id="26">
<s id="s26.1">
 <w id="w26.1.1">Peroralna</w> 
 <w id="w26.1.2">raztopina</w>
</s></head>

<head id="27">
<s id="s27.1">
 <w id="w27.1.1">Peroralna</w> 
 <w id="w27.1.2">uporaba</w>
</s></head>

<p id="28">
<s id="s28.1">
 <w id="w28.1.1">Steklenica</w>         
 <w id="w28.1.2">10</w> 
 <w id="w28.1.3">mg/</w>
 <w id="w28.1.4">ml</w>       
 <w id="w28.1.5">(</w>
 <w id="w28.1.6">polietilen</w> 
 <w id="w28.1.7">tereftalat</w>
 <w id="w28.1.8">)</w>
</s></p>

<head id="29">
<s id="s29.1">
 <w id="w29.1.1">1</w> 
 <w id="w29.1.2">steklenica</w>
</s></head>

<p id="30">
<s id="s30.1">
 <w id="w30.1.1">1/</w>
 <w id="w30.1.2">1</w>
</s></p></text>
