<?xml version="1.0" encoding="utf-8"?>
<letsmt version="1.0">
<head></head>
<body>
<s id="s1.1">European Medicines Agency</s>
<s id="s2.1">EMEA/ H/ C/ 785</s>
<s id="s3.1">EVROPSKO JAVNO POROČILO O OCENI ZDRAVILA (EPAR)</s>
<s id="s4.1">IRBESARTAN WINTHROP</s>
<s id="s5.1">Povzetek EPAR za javnost</s>
<s id="s6.1">Ta dokument je povzetek evropskega javnega poročila o oceni zdravila (EPAR).</s>
<s id="s6.2">Pojasnjuje, kako je Odbor za zdravila za uporabo v humani medicini (CHMP) ocenil opravljene študije, na podlagi katerih je oblikoval priporočila glede uporabe zdravila.</s>
<s id="s6.3">Če potrebujete več informacij o svojem zdravstvenem stanju ali zdravljenju, preberite navodilo za uporabo (ki je prav tako del EPAR) ali se posvetujte s svojim zdravnikom ali farmacevtom.</s>
<s id="s6.4">Če želite več informacij, ki temeljijo na priporočilih CHMP, preberite znanstveno razpravo (ki je prav tako del EPAR).</s>
<s id="s7.1">Kaj je zdravilo Irbesartan Winthrop?</s>
<s id="s7.2">Irbesartan Winthrop je zdravilo, ki vsebuje zdravilno učinkovino irbesartan.</s>
<s id="s7.3">Na voljo je v obliki belih ovalnih tablet (75, 150 in 300 mg).</s>
<s id="s7.4">To zdravilo je enako zdravilu Aprovel, ki je že odobreno v Evropski uniji (EU).</s>
<s id="s7.5">Družba, ki proizvaja zdravilo Aprovel, se strinja, da se lahko znanstveni podatki o tem zdravilu uporabijo tudi za zdravilo Irbesartan Winthrop.</s>
<s id="s8.1">Za kaj se zdravilo Irbesartan Winthrop uporablja?</s>
<s id="s8.2">Zdravilo Irbesartan Winthrop se uporablja pri bolnikih, ki imajo esencialno hipertenzijo (visok krvni tlak).</s>
<s id="s8.3">„ Esencialna “ pomeni, da visok krvni tlak ni posledica nobenega drugega bolezenskega stanja.</s>
<s id="s8.4">Zdravilo Irbesartan Winthrop se uporablja tudi za zdravljenje renalne (ledvične) bolezni pri bolnikih s hipertenzijo in sladkorno boleznijo tipa 2 (sladkorno boleznijo, ki je neodvisna od insulina).</s>
<s id="s8.5">Uporaba zdravila Irbesartan Winthrop pri bolnikih, mlajših od 18 let, ni priporočena.</s>
<s id="s8.6">Zdravilo se dobi samo na recept.</s>
<s id="s9.1">Kako se zdravilo Irbesartan Winthrop uporablja?</s>
<s id="s9.2">Zdravilo Irbesartan Winthrop se zaužije peroralno, s hrano ali brez nje.</s>
<s id="s9.3">Običajni priporočeni odmerek znaša 150 mg enkrat dnevno.</s>
<s id="s9.4">Če krvni tlak ni zadostno nadzorovan, se odmerek lahko poveča na 300 mg dnevno ali se doda drugo zdravilo za zdravljenje povišanega krvnega tlaka, kot je denimo hidroklorotiazid.</s>
<s id="s9.5">Pri bolnikih na hemodializi (postopku čiščenja krvi) ali pri bolnikih, starejših od 75 let, se lahko uporabi začetni odmerek 75 mg.</s>
<s id="s9.6">Pri bolnikih z visokim krvnim tlakom in sladkorno boleznijo tipa 2 se zdravilo Irbesartan Winthrop uvede poleg drugih načinov zdravljenja hipertenzije.</s>
<s id="s9.7">Zdravljenje se začne z odmerkom 150 mg enkrat dnevno, ki ga običajno povečamo na 300 mg enkrat dnevno.</s>
<s id="s10.1">Kako zdravilo Irbesartan Winthrop deluje?</s>
<s id="s10.2">Zdravilna učinkovina v zdravilu Irbesartan Winthrop, irbesartan, je „ antagonist receptorjev angiotenzina II “, kar pomeni, da v telesu preprečuje delovanje hormona, imenovanega angiotenzin II.</s>
<s id="s10.3">Angiotenzin II je učinkovit vazokonstriktor (snov, ki zožuje krvne žile).</s>
<s id="s10.4">Irbesartan z blokiranjem receptorjev, na katere se angiotenzin II običajno veže, zavira delovanje tega hormona, kar privede do razširitve krvnih žil.</s>
<s id="s10.5">Posledica tega je znižanje krvnega tlaka, kar posledično zmanjša tveganje za poškodbe, ki jih povzroča visok krvni tlak, kot je denimo kap.</s>
<s id="s10.6">7 Westferry Circus, Canary Wharf, London E14 4HB, UK Tel.</s>
<s id="s10.7">(44- 20) 74 18 84 00 Fax (44- 20) 74 18 84 16 E- mail: mail@ emea. europa. eu http: // www. emea. europa. eu</s>
<s id="s11.1">© European Medicines Agency, 2008.</s>
<s id="s11.2">Reproduction is authorised provided the source is acknowledged.</s>
<s id="s11.3">Kako je bilo zdravilo Irbesartan Winthrop raziskano?</s>
<s id="s11.4">Učinke zdravila Irbesartan Winthrop na krvni tlak so prvotno preučevali v 11 preskušanjih.</s>
<s id="s11.5">Zdravilo Irbesartan Winthrop so primerjali s placebom (zdravilom brez zdravilne učinkovine) pri 712 bolnikih in drugimi zdravili za zdravljenje visokega krvnega tlaka (atenolol, enalapril ali amlodipin) pri 823 bolnikih.</s>
<s id="s11.6">Preučevali so tudi njegovo uporabo v kombinaciji s hidroklorotiazidom pri 1736 bolnikih.</s>
<s id="s11.7">Glavno merilo učinkovitosti je bilo znižanje diastoličnega krvnega tlaka (krvnega tlaka, merjenega med dvema srčnima utripoma).</s>
<s id="s11.8">Zdravilo Irbesartan Winthrop so glede zdravljenja ledvične bolezni preučevali v okviru dveh velikih študij, ki sta vključevali skupno 2326 bolnikov s sladkorno boleznijo tipa 2.</s>
<s id="s11.9">Zdravilo Irbesartan Winthrop so bolniki jemali dve leti ali več.</s>
<s id="s11.10">Prva študija je preučevala označevalce poškodb ledvic, in sicer na podlagi merjenja, ali ledvice izločajo v urin beljakovino albumin.</s>
<s id="s11.11">Druga študija je preučevala, ali Irbesartan Winthrop podaljša čas, v katerem se raven kreatinina v krvi (označevalca ledvične bolezni) pri bolnikih podvoji, ali čas do pojava potrebe po presaditvi ali dializi oziroma do nastopa smrti.</s>
<s id="s11.12">V tej študiji so zdravilo Irbesartan Winthrop primerjali s placebom in amlodipinom.</s>
<s id="s12.1">Kakšne koristi je zdravilo Irbesartan Winthrop izkazalo med študijami?</s>
<s id="s12.2">V študijah krvnega tlaka je bilo zdravilo Irbesartan Winthrop pri zniževanju diastoličnega krvnega tlaka učinkovitejše od placeba in je imelo podobne učinke kot druga zdravila za zdravljenje povišanega krvnega tlaka.</s>
<s id="s12.3">Pri njegovi sočasni uporabi s hidroklorotiazidom se učinka obeh zdravil seštevata.</s>
<s id="s12.4">V prvi študiji ledvične bolezni je bilo zdravilo Irbesartan Winthrop učinkovitejše od placeba pri zmanjševanju tveganja za razvoj poškodbe ledvic, merjene na podlagi izločanja beljakovin.</s>
<s id="s12.5">V drugi študiji ledvične bolezni je zdravilo Irbesartan Winthrop v primerjavi s placebom za 20% zmanjšalo relativno tveganje za podvojitev ravni kreatinina v krvi, za pojav potrebe po presaditvi ledvic ali dializi ali za nastop smrti med študijo.</s>
<s id="s12.6">V primerjavi z amlodipinom je bilo ugotovljeno 23- odstotno zmanjšanje relativnega tveganja.</s>
<s id="s12.7">Glavna korist je bila v učinku na ravni kreatinina v krvi.</s>
<s id="s13.1">Kakšna tveganja so povezana z zdravilom Irbesartan Winthrop?</s>
<s id="s13.2">Najpogostejši neželeni učinki zdravila Irbesartan Winthrop (opaženi pri 1 do 10 bolnikih izmed 100) so omotica, navzeja (občutek slabosti) ali bruhanje, utrujenost in povečane ravni kreatin kinaze v krvi (encima, ki ga najdemo v mišicah).</s>
<s id="s13.3">Poleg tega je pri več kot 1 bolniku od 100, ki so imeli sladkorno bolezen tipa 2 in ledvično bolezen, prišlo do naslednjih neželenih učinkov: hiperkaliemije (visokih ravni kalija v krvi), ortostatske omotice (omotice v stoječem položaju), ortostatske hipotenzije (nizkega krvnega tlaka v stoječem položaju) in mišičnoskeletnih bolečin (bolečin v sklepih).</s>
<s id="s13.4">Za celoten seznam neželenih učinkov, o katerih so poročali pri uporabi zdravila Irbesartan Winthrop, glejte navodilo za uporabo.</s>
<s id="s13.5">Zdravila Irbesartan Winthrop ne smejo uporabljati osebe, ki utegnejo biti preobčutljive za (alergične na) irbesartan ali katero koli drugo sestavino zdravila.</s>
<s id="s13.6">Ne smejo ga uporabljati ženske, ki so noseče več kot tri mesece ali dojijo.</s>
<s id="s13.7">Uporaba zdravila v prvih treh mesecih nosečnosti ni priporočena.</s>
<s id="s14.1">Zakaj je bilo zdravilo Irbesartan Winthrop odobreno?</s>
<s id="s14.2">Odbor za zdravila za uporabo v humani medicini (CHMP) je zaključil, da so koristi zdravila Irbesartan Winthrop pri zdravljenju esencialne hipertenzije in ledvične bolezni pri bolnikih z visokim krvnim tlakom in sladkorno boleznijo tipa 2 večje od z njim povezanih tveganj.</s>
<s id="s14.3">Odbor je priporočil, da se za zdravilo Irbesartan Winthrop odobri dovoljenje za promet.</s>
<s id="s15.1">Druge informacije o zdravilu Irbesartan Winthrop:</s>
<s id="s15.2">Evropska komisija je dovoljenje za promet z zdravilom Irbesartan Winthrop, veljavno po vsej Evropski uniji, odobrila družbi Sanofi Pharma Bristol- Myers Squibb SNC dne 19. januarja 2007.</s>
<s id="s16.1">Celotno evropsko javno poročilo o oceni zdravila (EPAR) za zdravilo Irbesartan Winthrop je na voljo tukaj.</s>
<s id="s17.1">Povzetek je bil nazadnje posodobljen 06- 2008.</s>
<s id="s18.1">2/ 2</s>
</body>
</letsmt>
