<?xml version="1.0" encoding="utf-8"?>
<letsmt version="1.0">
<head></head>
<body>
<s id="s1.1">ANNEX I</s>
<s id="s2.1">LIST OF THE NAMES, PHARMACEUTICAL FORM, STRENGTHS OF THE MEDICINAL PRODUCTS, ROUTE OF ADMINISTRATION, APPLICANT, MARKETING AUTHORISATION HOLDERS IN THE MEMBER STATES</s>
<s id="s3.1">1 Member State</s>
<s id="s4.1">Marketing Authorisation Holder</s>
<s id="s5.1">Applicant</s>
<s id="s6.1">Invented name Lansoprazole BEXAL 15 mg</s>
<s id="s7.1">Strength</s>
<s id="s8.1">Pharmaceutical Form</s>
<s id="s9.1">Route of administration</s>
<s id="s10.1">HEXAL AG</s>
<s id="s11.1">gélules gastro-resistantes</s>
<s id="s12.1">15 mg</s>
<s id="s13.1">Gastro-resistant capsule, hard</s>
<s id="s14.1">Oral use</s>
<s id="s15.1">Belgium</s>
<s id="s16.1">-</s>
<s id="s17.1">Industriestraße 25 D-83607 Holzkirchen</s>
<s id="s18.1">Lansoprazole BEXAL 30 mg gélules gastro-resistantes</s>
<s id="s19.1">30 mg</s>
<s id="s20.1">Gastro-resistant capsule, hard</s>
<s id="s21.1">Oral use</s>
<s id="s22.1">Lansoprazol HEXAL</s>
<s id="s23.1">30 mg</s>
<s id="s24.1">Gastro-resistant capsule, hard</s>
<s id="s25.1">Oral use</s>
<s id="s26.1">Lansoprazol HEXAL 15 mg</s>
<s id="s27.1">HEXAL AG</s>
<s id="s28.1">Hartkapseln</s>
<s id="s29.1">15 mg</s>
<s id="s30.1">Gastro-resistant capsule, hard</s>
<s id="s31.1">Oral use</s>
<s id="s32.1">Germany</s>
<s id="s33.1">-</s>
<s id="s34.1">Industriestraße 25</s>
<s id="s35.1">Lansoprazol HEXAL 30 mg</s>
<s id="s36.1">D-83607 Holzkirchen</s>
<s id="s37.1">Hartkapseln</s>
<s id="s38.1">30 mg</s>
<s id="s39.1">Gastro-resistant capsule, hard</s>
<s id="s40.1">Oral use</s>
<s id="s41.1">Finland</s>
<s id="s42.1">HEXAL AG Industriestraße 25</s>
<s id="s43.1">-</s>
<s id="s44.1">Lansopon</s>
<s id="s45.1">15mg</s>
<s id="s46.1">15 mg</s>
<s id="s47.1">Gastro-resistant capsule, hard</s>
<s id="s48.1">Oral use</s>
<s id="s49.1">D-83607 Holzkirchen</s>
<s id="s50.1">Lansopon</s>
<s id="s51.1">30 mg</s>
<s id="s52.1">30 mg</s>
<s id="s53.1">Gastro-resistant capsule, hard</s>
<s id="s54.1">Oral use</s>
<s id="s55.1">Lansoprazol HEXAL 15 mg</s>
<s id="s56.1">HEXAL AG</s>
<s id="s57.1">Hartkapseln</s>
<s id="s58.1">15 mg</s>
<s id="s59.1">Gastro-resistant capsule, hard</s>
<s id="s60.1">Oral use</s>
<s id="s61.1">Luxembourg</s>
<s id="s62.1">-</s>
<s id="s63.1">Industriestraße 25</s>
<s id="s64.1">Lansoprazol HEXAL 30 mg</s>
<s id="s65.1">D-83607 Holzkirchen</s>
<s id="s66.1">Hartkapseln</s>
<s id="s67.1">30 mg</s>
<s id="s68.1">Gastro-resistant capsule, hard</s>
<s id="s69.1">Oral use</s>
<s id="s70.1">2 ANNEX II</s>
<s id="s71.1">SCIENTIFIC CONCLUSIONS AND GROUNDS FOR AMENDMENT OF THE SUMMARY OF PRODUCT CHARACTERISTICS PRESENTED BY THE EMEA</s>
<s id="s72.1">3 SCIENTIFIC CONCLUSIONS</s>
<s id="s73.1">OVERALL SUMMARY OF THE SCIENTIFIC EVALUATION OF LANSOPON 15 MG, 30 MG, GASTRO-RESISTANT CAPSULES, HARD (see Annex I)</s>
<s id="s74.1">Lansopon 15 mg, 30 mg, gastro-resistant capsules, hard were referred for arbitration according to Article 29 of Council Directive 2001/ 83/ EC, as amended, following concerns raised by Germany during a Mutual Recognition Procedure with Finland acting as Reference Member state.</s>
<s id="s74.2">The concerns rose referred to discrepancies in comparison to the reference products on posology.</s>
<s id="s75.1">Eradication of H. pyolori and peptic ulcer healing</s>
<s id="s76.1">Eradication of H. pylori has been shown to be a definitive cure for duodenum ulcer and most gastric ulcers.</s>
<s id="s76.2">It has also been proven that eradication prevents ulcer recurrence without any maintenance antisecretory therapy.</s>
<s id="s77.1">Lansoprazole 30 mg combined with amoxicillin 1g, clarithromycin 250 or 500 mg, or metronidazole 400 mg twice daily was associated with eradication rates ranging from 71 to 94%, and ulcer healing rates were generally &gt; 80% in well designed studies.</s>
<s id="s77.2">Preliminary data suggest that lansoprazole-based eradication therapy is effective in children and the elderly.</s>
<s id="s77.3">Triple therapies with a proton pump inhibitor, clarithromycin and either amoxycillin or metronidazole are the most widely accepted treatment for Helicobacter pylori infection.</s>
<s id="s77.4">Combinations of lansoprazole with one or two antibiotics produced equivalent eradication of H. pylori.</s>
<s id="s77.5">Fourteen-day, proton pump inhibitor-based triple therapy achieves better results than 7-day schedules.</s>
<s id="s78.1">A meta-analysis of studies comparing twice daily, one-week triple therapy with a proton pump inhibitor, clarithromycin (C) and amoxycillin (A) (PCA) vs. those using proton pump inhibitor, clarithromycin and a nitroimidazole (N) (PCN) for H. pylori eradication provided evidence in support of similar H. pylori eradication efficacy.</s>
<s id="s79.1">The combination of lansoprazole with antibiotics either as double or triple therapy has demonstrated an H. pylori eradication rate of between 80 and 90%.</s>
<s id="s79.2">Triple therapy allows the eradication of H. pylori in more than 85% of cases in patients with peptic ulcer.</s>
<s id="s80.1">Benefit/ Risk considerations</s>
<s id="s81.1">Available data support the use of lansoprazole-amoxicillin-clarithromycin as a first-line treatment.</s>
<s id="s81.2">In case of clarithromycin resistance, or treatment failure, the combination of lansoprazole-amoxicillin- metronidazole may be used, and in case of beta-lactam allergy the combination of lansoprazole- clarithromycin-metronidazole is advisable.</s>
<s id="s81.3">However, in order to avoid treatment failure, local antibacterial resistance patterns and local guidelines should be considered.</s>
<s id="s82.1">The risk/ benefit ratio of Lansopon 15 mg, 30 mg is considered to be favourable provided that appropriate information regarding H. pylori eradication therapy are included in the SPC.</s>
<s id="s83.1">GROUNDS FOR AMENDMENT OF THE SUMMARY OF PRODUCT CHARACTERISTICS Whereas, The scope of the referral was to agree on a Summary of Products Characteristics in view of the posology for eradication therapy for H. pylori The Summary of Products Characteristic proposed by the applicant has been assessed based on the documentation submitted and the scientific discussion within the Committee.</s>
<s id="s84.1">4 the CHMP has recommended the granting of the Marketing Authorisations with amendments of the Summary of Product Characteristics as set out in Annex III for Lansopon and associated names (see Annex I).</s>
<s id="s85.1">5 ANNEX III</s>
<s id="s86.1">AMENDED SUMMARY OF PRODUCT CHARACTERISTICS OF THE REFERENCE MEMBER STATE</s>
<s id="s87.1">Note:</s>
<s id="s87.2">This SPC is the one that was Annexed to the Commission Decision on this Article 29 referral for lansoprazole containing medicinal products.</s>
<s id="s87.3">The text was valid at that time.</s>
<s id="s88.1">After the Commission Decision, the Member State competent authorities will update the product information as required.</s>
<s id="s88.2">Therefore, this SPC may not necessarily represent the current text.</s>
<s id="s89.1">6 1.</s>
<s id="s89.2">NAME OF THE MEDICINAL PRODUCT Lansoprazole and associated names (see Annex I), 15 mg gastro-resistant capsule, hard Lansoprazole and associated names (see Annex I), 30 mg gastro-resistant capsule, hard</s>
<s id="s90.1">2.</s>
<s id="s90.2">QUALITATIVE AND QUANTITATIVE COMPOSITION</s>
<s id="s91.1">Each hard capsule contains 15 or 30 mg lansoprazole.</s>
<s id="s92.1">[To be completed nationally]</s>
<s id="s93.1">For excipients, see 6.1.</s>
<s id="s94.1">3.</s>
<s id="s94.2">PHARMACEUTICAL FORM</s>
<s id="s95.1">Gastro-resistant capsule, hard</s>
<s id="s96.1">15 mg:</s>
<s id="s96.2">Opaque, yellow hard gelatine capsule, containing pellets with enteric coating.</s>
<s id="s97.1">30 mg:</s>
<s id="s97.2">Opaque, white hard gelatine capsule, containing pellets with enteric coating.</s>
<s id="s98.1">[To be completed nationally]</s>
<s id="s99.1">4.</s>
<s id="s99.2">CLINICAL PARTICULARS</s>
<s id="s100.1">4.1 Therapeutic Indications</s>
<s id="s101.1">• Treatment of duodenal and gastric ulcer confirmed by endoscopy or radiography. • Treatment of reflux oesophagitis. • Long-term prophylaxis of reflux oesophagitis. • Eradication of Helicobacter pylori concurrently given with appropriate antibiotic therapy and prevention of relapse of peptic ulcers in patients with H. pylori associated ulcers.. • Zollinger-Ellison syndrome.</s>
<s id="s102.1">4.2.</s>
<s id="s102.2">Posology and Method of Administration</s>
<s id="s103.1">Treatment of duodenal ulcer:</s>
<s id="s103.2">The recommended dose is 30 mg once daily for 2 weeks.</s>
<s id="s103.3">In patients not fully healed within this time, the medication should be continued at the same dose for another two weeks.</s>
<s id="s104.1">Treatment of gastric ulcer:</s>
<s id="s104.2">The recommended dose is 30 mg once daily for 4 weeks.</s>
<s id="s104.3">The ulcer usually heals within 4 weeks, but in patients not fully healed within this time, the medication should be continued at the same dose for another 4 weeks.</s>
<s id="s105.1">Treatment of reflux oesophagitis:</s>
<s id="s105.2">The recommended dose of lansoprazole is 30 mg once daily for 4 weeks.</s>
<s id="s105.3">In patients not fully healed within this time, the treatment may be continued at the same dose for another 4 weeks.</s>
<s id="s106.1">Prophylaxis of reflux oesophagitis:</s>
<s id="s106.2">15 mg once daily.</s>
<s id="s106.3">The dose may be increased up to 30 mg daily as necessary.</s>
<s id="s107.1">7 Eradication of Helicobacter pylori:</s>
<s id="s108.1">30 mg lansoprazole 2 times daily for one week in combination with one of the following three combinations: a) amoxicillin 1 g twice daily + clarithromycin 500 mg twice daily, b) clarithromycin 250 mg twice daily + metronidazole 400-500 mg twice daily, c) amoxicillin 1 g twice daily + metronidazole 400-500 mg twice daily.</s>
<s id="s109.1">Consideration should be given to official local guidance (e. g. national recommendations) regarding bacterial resistance and the appropriate use and prescription of antibacterial agents.</s>
<s id="s110.1">Zollinger-Ellison syndrome:</s>
<s id="s110.2">The recommended initial dose is 60 mg once daily.</s>
<s id="s110.3">The dose should be individually adjusted and the treatment should be continued for as long as necessary.</s>
<s id="s110.4">Daily doses of up to 180 mg have been used.</s>
<s id="s110.5">If the required daily dose exceeds 120 mg, it should be given in two divided doses.</s>
<s id="s111.1">Impaired hepatic or renal function:</s>
<s id="s111.2">There is no need to change the dose in patients with impaired renal function.</s>
<s id="s111.3">The normal daily dose of 30 mg should not be exceeded in these patients, however.</s>
<s id="s111.4">Care should be exercised in the administration of lansoprazole in patients with mildly to moderately impaired hepatic function.</s>
<s id="s111.5">In mildly impaired patients, the dose should not exceed 30 mg.</s>
<s id="s111.6">In patients with moderately impaired hepatic function, the dose should be restricted to 15 mg daily.</s>
<s id="s111.7">Due to the lack of data in patients with severely impaired hepatic function, these patients should not be treated with lansoprazole (see section 4.4 “ Special warnings and precautions for use”).</s>
<s id="s112.1">Children:</s>
<s id="s112.2">Lansoprazole is not recommended in children as safety and efficacy have not been established in this population.</s>
<s id="s113.1">Elderly:</s>
<s id="s113.2">Due to delayed elimination of lansoprazole in the elderly it may be necessary to administer the treatment in doses of 15-30 mg adjusted to individual requirements.</s>
<s id="s113.3">However, the daily dose in the elderly should not exceed 30 mg.</s>
<s id="s114.1">The capsules are swallowed whole with liquid.</s>
<s id="s114.2">The capsules may be emptied, but the contents may not be chewed or ground.</s>
<s id="s114.3">Concomitantly taken food slows down and reduces the absorption of lansoprazole.</s>
<s id="s114.4">This medicine has the best effect when taken into empty stomach.</s>
<s id="s115.1">4.3.</s>
<s id="s115.2">Contraindications</s>
<s id="s116.1">Hypersensitivity to lansoprazole or any of the excipients of the product.</s>
<s id="s117.1">4.4.</s>
<s id="s117.2">Special Warning and Precautions for Use</s>
<s id="s118.1">The diagnosis of gastroduodenal ulcers and reflux oesophagitis should be confirmed by endoscopy or other appropriate diagnostic means.</s>
<s id="s118.2">Reflux oesophagitis may not present as ulceration and/ or visual damage, therefore in certain cases endoscopy alone may not be sufficient.</s>
<s id="s119.1">The possibility of malignant gastric tumour should be excluded before initiating treatment of gastric ulcer with lansoprazole, because lansoprazole can mask the symptoms and delay the diagnosis.</s>
<s id="s120.1">Lansoprazole should be used with caution in patients with severe hepatic dysfunction.</s>
<s id="s120.2">(See Section 4.2 “ Posology and method of administration“)</s>
<s id="s121.1">Lansoprazole has a similar mechanism of action to omeprazole and both increase gastric pH, the following statement is made by analogy to omeprazole.</s>
<s id="s121.2">Decreased gastric acidity due to lansoprazole</s>
<s id="s122.1">8 increases gastric counts of bacteria normally present in the gastrointestinal tract.</s>
<s id="s122.2">Treatment with lansoprazole may lead to a slightly increased risk of gastrointestinal infections such as Salmonella and Campylobacter.</s>
<s id="s123.1">Patients suffering from gastro-duodenal ulcers, the possibility of H. pylori infection as an etiological factor should be considered.</s>
<s id="s124.1">Because of limited safety data for patients on maintenance treatment for longer than 1 year, regular review of the treatment and a thorough benefit risk assessment should regularly be performed in these patients (see “ 5.3 Preclinical safety data”).</s>
<s id="s125.1">If visual disturbances occur during long-term use (&gt; 1 year), an ophthalmologist should be consulted.</s>
<s id="s126.1">Patients with rare hereditary problems of fructose intolerance, glucose-galactose malabsorption or sucrase-isomaltase insufficiency should not take this medicine.</s>
<s id="s127.1">4.5.</s>
<s id="s127.2">Interaction with Other Medicinal Products and Other Forms of Interaction</s>
<s id="s128.1">Drugs associated with cytochrome P450 As lansoprazole is metabolised via a drug metabolising enzyme system associated with cytochrome P450 (CYP2C19 and CYP3A4), interactions with drugs metabolised via the same enzyme system are possible.</s>
<s id="s129.1">The effects of other drugs on lansoprazole</s>
<s id="s130.1">Drugs which inhibits CYP2C19 Drugs which inhibit CYP2C19 may increase the plasma concentration of lansoprazole.</s>
<s id="s130.2">Fluvoxamine, an inhibitor of CYP2C19, increased the plasma concentrations of lansoprazole up to 4-fold.</s>
<s id="s131.1">Drugs which inhibits CYP3A4 Drugs which inhibit CYP3A4 such as ketokonazole, itraconazole, protease inhibitors, macrolides etc may markedly increase the plasma concentrations of lansoprazole.</s>
<s id="s132.1">Effects of lansoprazole on other drugs</s>
<s id="s133.1">Ketoconazole and itraconazole The absorption of ketoconazole and itraconazole from the gastrointestinal tract is enhanced by the presence of gastric acid.</s>
<s id="s133.2">Administration of lansoprazole may result in subtherapeutic concentrations of ketoconazol and itraconazol and the combination should be avoided.</s>
<s id="s133.3">The effect may also be present if lansoprazole is combined with other drugs with pH dependent absorption.</s>
<s id="s134.1">Digoxin Coadminitration of lansoprazole and digoxin may lead to increased digoxin plasma levels.</s>
<s id="s134.2">In patients receiving digoxin, the plasma levels should therefore be monitored and the dose of digoxin adjusted if necessary.</s>
<s id="s135.1">Drugs metabolised by CYP3A4 Lansoprazole may give rise to increased plasma concentrations of drugs metabolised by CYP3A4.</s>
<s id="s135.2">Caution is advised when combining lansoprazole with drugs which are metabolised by this enzyme.</s>
<s id="s136.1">Tacrolimus Coadministration of lansoprazole increases the plasma concentrations of tacrolimus (a CYP3A and P-gp substrate).</s>
<s id="s136.2">Lansoprazole exposure increased the mean exposure of tacrolimus by up to 81%.</s>
<s id="s136.3">Monitoring of tacrolimus plasma concentrations is advised when concomitant treatment with lanzoprazole is initiated or ended.</s>
<s id="s137.1">9 Carbamazepine Caution is adviced during cotreatment with carbamazepin (a CYP3A substrate) and lansoprazole.</s>
<s id="s137.2">The drug combination may result in increased carbamazepin concentrations as well as reduced lansoprazole concentrations.</s>
<s id="s138.1">Phenytoin Studies have shown that the dosage of phenytoin (CYP2C19 and CYP2C9 substrate) may have to be reduced when administered concomitantly with lansoprazole.</s>
<s id="s138.2">Caution and monitoring of phenytoin plasma concentrations is advised when initiating and ending lansoprazole treatment.</s>
<s id="s139.1">Warfarin Caution and increased monitoring frequency is advised when initiating or ending lansoprazole co- treatment in patients treated with warfarin.</s>
<s id="s140.1">Theophyllin Lansoprazol gives a 14% reduction in the plasma concentrations of theophyllin.</s>
<s id="s140.2">Individual patients may receive a clinically relevant decrease.</s>
<s id="s140.3">Caution is advised when combining the two drugs.</s>
<s id="s141.1">Clinically significant interactions of lansoprazole with nonsteroidal anti-inflammatory drugs or diazepam have not been demonstrated, though formal interaction studies with lansoprazole and NSAIDs have not been conducted.</s>
<s id="s142.1">Antacids and sucralfate may decrease the bioavailabilty of lansoprazole.</s>
<s id="s142.2">The lansoprazole dose should therefore be taken at least an hour prior or after.</s>
<s id="s143.1">Lansoprazole has been observed to inhibit the transport protein, P-glycoprotein (Pgp) in vitro.</s>
<s id="s143.2">It may not be excluded that lanzoprazole may affect transport via this protein giving rise to increased plasma concentrations of P-gp substrates such as digoxin.</s>
<s id="s144.1">Caution should be exercised when combining lansoprazole with drugs which have a narrow therapeutic index, as the effect of lansoprazole on the metabolism of other drugs has not been extensively investigated.</s>
<s id="s145.1">Therapy of Helicobacter pyloti infection is intended to be combined with concurrent administration of lansoprazole, clarithromycin and a further antibiotic.</s>
<s id="s145.2">The influence of this combined administration has not yet been investigated systemically.</s>
<s id="s145.3">For reasons of theoretical considerations, enhanced interactions with other medicinal products must be expected as a precaution.</s>
<s id="s145.4">Monitoring of the serum levels of other medicinal products taken during the 1-week eradication therapy is therefore recommended.</s>
<s id="s145.5">This concerns particularly such medicinal products also metabolized via the cytochrome P450 system.</s>
<s id="s146.1">The following interactions between lansoprazole and one/ two antibiotics used in eradication therapy have been found so far:</s>
<s id="s147.1">Co-administered medicinal products</s>
<s id="s148.1">Dosage and duration of combined administration</s>
<s id="s149.1">Effect*</s>
<s id="s150.1">lansoprazole + clarithromycin</s>
<s id="s151.1">30 mg + 500 mg 3 times/ day for 5 days</s>
<s id="s152.1">Increased plasma levels of a clarithromycin metabolite by 16%; increased bioaivalability of lansoprazole by 19% up to 32%</s>
<s id="s153.1">lansoprazole + amoxicillin lansoprazole + metronidazole</s>
<s id="s154.1">30 mg + 1000 mg 3 times/ day for 5 days Not yet investigated</s>
<s id="s155.1">Decelerates uptake of amoxicillin</s>
<s id="s156.1">lansoprazole + clarithromycin +</s>
<s id="s157.1">30 mg + 500 mg + 1000 mg twice daily for 5 days</s>
<s id="s158.1">Increase bioaivalability and half-life of lansoprazole by 30% each; increased plasma</s>
<s id="s159.1">10 amoxicillin</s>
<s id="s160.1">levels of a clarithromycin metabolite by 30%</s>
<s id="s161.1">*The effects of clarithromycin on the pharmacokinetics of lansoprazole are likely to be dependent on the patient’ s CYP2C19 genotype.</s>
<s id="s161.2">A poor metaboliser would have more marked effects than an extensive metaboliser.</s>
<s id="s162.1">The intake of food reduces the bioavailability of lansoprazole: it is recommended to take lansoprazole before the meal.</s>
<s id="s163.1">4.6.</s>
<s id="s163.2">Pregnancy and Lactation</s>
<s id="s164.1">For lansoprazole no clinical data on exposed pregnancies are available.</s>
<s id="s164.2">Animal studies do not indicate direct or indirect harmful effects with respect to pregnancy, embryonal/ foetal development, parturition or postnatal development.</s>
<s id="s165.1">Therefore, the use of lansoprazole during pregnancy is not recommended.</s>
<s id="s166.1">It is not known whether lansoprazole is excreted in human breast milk.</s>
<s id="s166.2">Animal studies have shown excretion of lansoprazole in milk.</s>
<s id="s166.3">A decision on whether to continue/ discontinue breast-feeding or to continue/ discontinue therapy with lansoprazole should be made taking into account the benefit of breast- feeding to the child and the benefit of lansoprazole therapy to the woman.</s>
<s id="s167.1">4.6.</s>
<s id="s167.2">Effects on Ability to Drive and Use Machines</s>
<s id="s168.1">Adverse drug reactions such as dizziness and fatigue may occur (see section 4.8 undesirable effects).</s>
<s id="s168.2">Under these conditions the ability to react may be decreased.</s>
<s id="s168.3">This should be taken into account when driving or using machines.</s>
<s id="s168.4">(see section 4.8 Undesirable effects).</s>
<s id="s169.1">4.8.</s>
<s id="s169.2">Undesirable Effects</s>
<s id="s170.1">Common (&gt; 1%)</s>
<s id="s171.1">Uncommon (0.1-1%)</s>
<s id="s172.1">Rare (0.01-0.1%)</s>
<s id="s173.1">Very Rare (&lt; 0.01%)</s>
<s id="s174.1">Gastrointestinal</s>
<s id="s175.1">nausea, diarrhoea, stomach ache, constipation, vomiting, flatulence and dyspepsia.</s>
<s id="s176.1">dry mouth or throat, glossitis, candidiasis of oesophagus, pancreatitis</s>
<s id="s177.1">colitis, stomatitis and black tongue.</s>
<s id="s178.1">Skin and hair</s>
<s id="s179.1">eczema, urticaria and itching.</s>
<s id="s180.1">petechia, purpura, hair loss, erythema multiforme, stevens- Johnson syndrome and toxic epidermal necrolysis.</s>
<s id="s181.1">Nervous system</s>
<s id="s182.1">headache, dizziness</s>
<s id="s183.1">restlessness, insomnia, drowsiness, depression, hallucination, confusion, vertigo and paresthesia, somnolence, tremor.</s>
<s id="s184.1">Liver and kidneys</s>
<s id="s185.1">Increase in liver enzyme levels.</s>
<s id="s186.1">hepatitis, icterus and interstitial nephritis.</s>
<s id="s187.1">11 Blood</s>
<s id="s188.1">thrombocytopenia, eosinophilia, pancytopenia and agranulocytosis, anemia, leucopenia.</s>
<s id="s189.1">agranulocytosis</s>
<s id="s190.1">Cardiovascular</s>
<s id="s191.1">peripheral edema, palpitation and chest pain.</s>
<s id="s192.1">Musculoskeletal and connective tissue disorders</s>
<s id="s193.1">muscle and joint pain</s>
<s id="s194.1">Senses</s>
<s id="s195.1">zaste disturbances and visual disturbances.</s>
<s id="s196.1">Endocrine disorders</s>
<s id="s197.1">gynecomastia, galactorrhoea.</s>
<s id="s198.1">General</s>
<s id="s199.1">fatigue.</s>
<s id="s200.1">fever, hyperhidrosis, bronchial constriction, impotence and angioedema.</s>
<s id="s201.1">anaphylactic shock, general malaise</s>
<s id="s202.1">Investigations</s>
<s id="s203.1">Increase in cholesterol and triglyceride levels.</s>
<s id="s204.1">4.9.</s>
<s id="s204.2">Overdose</s>
<s id="s205.1">The effects of overdose of lansoprazole in humans are not known (although the acute toxicity is likely to be low) and, consequently, instructions for treatment cannot be given.</s>
<s id="s205.2">However, daily doses of up to 180 mg of lansoprazole have been administered in trials without significant undesirable effects.</s>
<s id="s205.3">Please refer to section 4.8.</s>
<s id="s205.4">Undesirable effects for possible symptoms of lansoprazole overdose.</s>
<s id="s205.5">Lansoprazole is not significantly eliminated by haemodialysis.</s>
<s id="s205.6">If necessary, gastric emptying, charcoal and symptomatic therapy is recommended.</s>
<s id="s206.1">5.</s>
<s id="s206.2">PHARMACOLOGICAL PROPERTIES</s>
<s id="s207.1">5.1.</s>
<s id="s207.2">Pharmacodynamic Properties</s>
<s id="s208.1">Pharmacotherapeutic group:</s>
<s id="s208.2">Proton pump inhibitors, ATC code:</s>
<s id="s208.3">A02BC03.</s>
<s id="s209.1">Lansoprazole is a gastric proton pump inhibitor.</s>
<s id="s209.2">It inhibits the final stage of gastric acid formation by inhibiting the activity of H+/ K+ ATPase of the parietal cells in the stomach.</s>
<s id="s209.3">The inhibition is dose- dependent and reversible, and the effect applies to both basal and stimulated secretion of gastric acid.</s>
<s id="s209.4">Lansoprazole is concentrated in the parietal cells and becomes active in their acidic environment, whereupon it reacts with the sulphydryl group of H+/ K+ATPase causing inhibition of the enzyme activity.</s>
<s id="s210.1">Effect on gastric acid secretion:</s>
<s id="s210.2">Lansoprazole is a specific inhibitor of the parietal cell proton pump.</s>
<s id="s210.3">A single oral dose of lansoprazole 30 mg inhibits pentagastrin-stimulated gastric acid secretion by about 80%.</s>
<s id="s210.4">After repeated daily administration for seven days, about 90% inhibition of gastric acid secretion is achieved.</s>
<s id="s210.5">It has a corresponding effect on the basal secretion of gastric acid.</s>
<s id="s210.6">A single oral dose of 30 mg reduces basal secretion by about 70%, and the patients' symptoms are consequently relieved starting from the very first dose.</s>
<s id="s210.7">After eight days of repeated administration the reduction is about 85%.</s>
<s id="s210.8">A rapid relief of symptoms</s>
<s id="s211.1">12 is obtained by 30 mg daily, and most patients with duodenal ulcer recover within 2 weeks, patients with gastric ulcer and reflux oesophagitis within 4 weeks.</s>
<s id="s212.1">5.2.</s>
<s id="s212.2">Pharmacokinetic Properties</s>
<s id="s213.1">Absorption and distribution:</s>
<s id="s213.2">Lansoprazole is rapidly inactivated by gastric acid and lansoprazole is consequently administered as enteric coated granules in gelatin capsules.</s>
<s id="s213.3">Absorption from the duodenum is rapid and plasma peak concentration is achieved within 1.5-2.0 hours.</s>
<s id="s213.4">Bioavailability after a single dose of 30 mg and after repeated daily administration is 80-90%.</s>
<s id="s213.5">Intake of food slows the absorption rate of lansoprazole and reduces its bioavailability (AUC) by about 25%.</s>
<s id="s213.6">Antacids and sucralfate may reduce the bioavailability of lansoprazole.</s>
<s id="s213.7">The plasma protein binding of lansoprazole is about 95%, but this has not been found to have a significant effect on other protein bound drugs.</s>
<s id="s214.1">Metabolism and elimination:</s>
<s id="s214.2">The metabolism of lansoprazole is mainly catalysed by the enzyme CYP2C19.</s>
<s id="s214.3">The enzyme CYUP3A4 also contributes to the metabolism.</s>
<s id="s214.4">CYP2C19 is subject to genetic polymorphism and 2-6% of the population, called poor metabolisers (PMs), are homozygote for a mutant CYP2C19 allele and therefore lacks a functional CYP2C19 enzyme.</s>
<s id="s214.5">The exposure of lansoprazole is several-fold higher in PMs than in extensive metabolisers (EMs).</s>
<s id="s215.1">The elimination half-life of lansoprazole is 1.0-2.0 hours.</s>
<s id="s215.2">There is no change in half-life during treatment.</s>
<s id="s215.3">A single dose of lansoprazole has an inhibitory effect on gastric acid secretion lasting more than 24 hours.</s>
<s id="s215.4">Since lansoprazole is activated in the parietal cells, its plasma concentration is not related to gastric acid inhibition.</s>
<s id="s215.5">Lansoprazole is mainly metabolised in the liver.</s>
<s id="s215.6">Three metabolites have been identified in the plasma: the sulphone, 5-hydroxy lansoprazole and the sulphide.</s>
<s id="s215.7">These metabolites have no significant effect on acid secretion.</s>
<s id="s215.8">About 15-50% of the metabolites are secreted in the urine and the remainder in the faeces.</s>
<s id="s215.9">Three metabolites have been identified in the urine:</s>
<s id="s215.10">5-hydroxy sulphone, 5- hydroxy sulphide and 5-hydroxy lansoprazole.</s>
<s id="s215.11">In patients with cirrhosis the AUC of lansoprazole is significantly increased and the elimination half-life is prolonged, but no signs of accumulation of lansoprazole have been detected.</s>
<s id="s215.12">The bioavailability of lansoprazole is not significantly changed in renal insufficiency.</s>
<s id="s215.13">Elimination of lansoprazole in the elderly is slightly delayed.</s>
<s id="s216.1">5.3.</s>
<s id="s216.2">Preclinical Safety Data</s>
<s id="s217.1">Preclinical data reveal no special hazard for humans based on conventional studies of safety pharmacology, repeated dose toxicity, toxicity to reproduction or genotoxicity.</s>
<s id="s218.1">In two rat carcinogenicity studies, lansoprazole produced dose-related gastric ECL cell hyperplasia and ECL cell carcinoids associated with hypergastrinaemia due to inhibition of acid secretion and retinal atrophy.</s>
<s id="s218.2">Retinal atrophy occurred not until 18 months of treatment.</s>
<s id="s218.3">This was not seen in monkeys, dogs or mice.</s>
<s id="s218.4">In mice dose-related gastric ECL cell hyperplasia developed as well as liver tumours and adenoma of rete testis.</s>
<s id="s218.5">The clinical relevance of these findings is unknown.</s>
<s id="s219.1">Results of studies on carcinogenic potential show that lansoprazole therapy is associated with Leydig cell hyperplasia and benign Leydig cell tumours in rats.</s>
<s id="s220.1">Intestinal metaplasia has been found in animal studies on rats.</s>
<s id="s220.2">The clinical relevance of these findings is unknown.</s>
<s id="s221.1">13 6.</s>
<s id="s221.2">PHARMACEUTICAL PARTICULARS</s>
<s id="s222.1">6.1.</s>
<s id="s222.2">List of Excipients</s>
<s id="s223.1">Sugar spheres (sucrose and maize starch) Sodium laurilsulphate Meglumine Mannitol Hypromellose Macrogol 6000 Talc Polysorbate 80 Titanium dioxide (E 171) methacrylic acid ethyl acrylate copolymer, 1:1, dispersion 30%</s>
<s id="s224.1">Capsule shell:</s>
<s id="s224.2">Gelatin Titanium dioxide (E 171)</s>
<s id="s225.1">In addition for Lansoprazole 15 mg:</s>
<s id="s225.2">Quinoline yellow (E 104)</s>
<s id="s226.1">[To be completed nationally]</s>
<s id="s227.1">6.2.</s>
<s id="s227.2">Incompatibilities</s>
<s id="s228.1">Not applicable</s>
<s id="s229.1">6.3.</s>
<s id="s229.2">Shelf life</s>
<s id="s230.1">3 years</s>
<s id="s231.1">6.4.</s>
<s id="s231.2">Special Precautions for Storage</s>
<s id="s232.1">Do not store above 25ºC.</s>
<s id="s232.2">Store in the original package in order to protect from moisture.</s>
<s id="s233.1">6.5.</s>
<s id="s233.2">Nature and Contents of Container</s>
<s id="s234.1">Aluminium/ Aluminium blister (Alu/ OPA/ PVC/ PE)</s>
<s id="s235.1">Lansoprazole 15 mg:</s>
<s id="s235.2">7, 10, 14, 15, 20, 28, 30, 35, 50, 56, 60, 84, 98, 100 and 250 capsules</s>
<s id="s236.1">Lansoprazole 30 mg:</s>
<s id="s236.2">2, 7, 10, 14, 15, 20, 28, 30, 35, 42, 50, 56, 60, 98, 100 and 250 capsules</s>
<s id="s237.1">Not all pack sizes may be marketed.</s>
<s id="s238.1">[To be completed nationally]</s>
<s id="s239.1">6.6.</s>
<s id="s239.2">Instructions for Use and Handling</s>
<s id="s240.1">No special requirements.</s>
<s id="s241.1">14 7.</s>
<s id="s241.2">MARKETING AUTHORISATION HOLDER</s>
<s id="s242.1">[To be completed nationally]</s>
<s id="s243.1">8.</s>
<s id="s243.2">MARKETING AUTHORISATION NUMBER</s>
<s id="s244.1">[To be completed nationally]</s>
<s id="s245.1">9.</s>
<s id="s245.2">DATE OF FIRST AUTHORISATION / RENEWAL OF AUTHORISATION</s>
<s id="s246.1">[To be completed nationally]</s>
<s id="s247.1">10.</s>
<s id="s247.2">DATE OF REVISION OF THE TEXT</s>
<s id="s248.1">15</s>
</body>
</letsmt>
