<?xml version="1.0" encoding="utf-8"?>
<letsmt version="1.0">
<head></head>
<body>
<s id="s1.1">European Medicines Agency Veterinary Medicines EMEA/ V/ C/ 091</s>
<s id="s2.1">EVROPSKO JAVNO POROČILO O OCENI ZDRAVILA (EPAR)</s>
<s id="s3.1">PUREVAX RC</s>
<s id="s4.1">Povzetek EPAR za javnost Ta dokument je povzetek Evropskega javnega poročila o oceni zdravila (EPAR).</s>
<s id="s4.2">Njegov namen je pojasniti, kako je Odbor za zdravila za uporabo v veterinarski medicini (CVMP) ocenil predloženo dokumentacijo, na podlagi katere je oblikoval priporočila glede uporabe zdravila.</s>
<s id="s4.3">Ta dokument ne more nadomestiti osebnega pogovora z veterinarjem.</s>
<s id="s4.4">Če potrebujete več informacij o zdravstvenem stanju ali zdravljenju vaše živali, se posvetujte z veterinarjem.</s>
<s id="s4.5">Če želite več informacij, ki temeljijo na priporočilih CVMP, preberite znanstveno razpravo (ki je prav tako del EPAR).</s>
<s id="s5.1">Kaj je zdravilo Purevax RC?</s>
<s id="s6.1">Zdravilo Purevax RC je cepivo, ki vsebuje naslednje zdravilne učinkovine: • atenuirani (oslabljeni) herpesvirus rinotraheitisa mačk (sev FHV F2), • inaktivirane (uničene) antigene kalicivirusa mačk (seva FCV 431 in G1).</s>
<s id="s7.1">Zdravilo Purevax RC je v obliki liofilizata (pelete, posušene v zamrznjenem stanju) in vehikla, iz katerih se pripravi suspenzija za injiciranje.</s>
<s id="s8.1">Za kaj se zdravilo Purevax RC uporablja?</s>
<s id="s9.1">Zdravilo Purevax RC se uporablja za cepljenje mačk od 8. tedna starosti naprej proti naslednjima boleznima: • virusnemu rinotraheitisu mačk (gripi podobni bolezni, ki jo povzroča herpesvirus), • kalicivirozi mačk (gripi podobni bolezni z vnetjem ust, ki jo povzroča kalicivirus).</s>
<s id="s10.1">Cepivo zmanjša simptome bolezni in zmanjša izločanje virusov pri kalicivirozi.</s>
<s id="s11.1">Ko zdravilo Purevax RC pripravimo, ga 1 ml injiciramo pod kožo.</s>
<s id="s11.2">Prva injekcija se daje mačkam od osmega tedna starosti naprej, druga injekcija pa 3 do 4 tedne pozneje.</s>
<s id="s11.3">Če ima mačka večjo količino protiteles, ki jih je podedovala od matere, je treba prvo cepljenje začeti pri 12. tednih starosti.</s>
<s id="s11.4">Mačko je treba ponovno cepiti za vse sestavine cepiva eno leto po prvem cepljenju in nato vsako leto.</s>
<s id="s12.1">Kako zdravilo Purevax RC deluje?</s>
<s id="s13.1">Zdravilo Purevax RC je cepivo.</s>
<s id="s13.2">Cepiva delujejo tako, da imunski sistem (naravne obrambne mehanizme telesa) „ naučijo “ obrambe pred boleznimi.</s>
<s id="s13.3">Zdravilo Purevax RC vsebuje majhne količine oslabljenih oblik ali uničenih virusov, ki povzročajo zgoraj navedeni bolezni.</s>
<s id="s14.1">Ko mačko cepimo, imunski sistem prepozna oslabljene ali uničene viruse kot „ tuje “ in proti njim tvori protitelesa.</s>
<s id="s14.2">Ob ponovni izpostavitvi virusom v prihodnosti bo imunski sistem hitreje izdelal protitelesa.</s>
<s id="s14.3">Protitelesa mu bodo pomagala pri zaščiti pred boleznim, ki jih povzročajo ti virusi.</s>
<s id="s14.4">Pri izpostavljenosti kateremu koli od teh virusov pozneje v življenju se mačka ne bo okužila ali pa bo okužba blažja.</s>
<s id="s15.1">7 Westferry Circus, Canary Wharf, London E14 4HB, UK Tel.</s>
<s id="s15.2">(44- 20) 74 18 84 00 Fax (44- 20) 74 18 84 16 E- mail: mail@ emea. europa. eu http: // www. emea. europa. eu ©EMEA 2008 Reproduction and/ or distribution of this document is authorised provided the source is acknowledged Kako je bilo zdravilo Purevax RC raziskano?</s>
<s id="s16.1">Učinkovitost zdravila Purevax RC so proučili v več preskušanjih v laboratorijih, kjer so mačke cepili in okužili z virulentnim herpesvirusom in kalicivirusom.</s>
<s id="s16.2">V študijah zdravila Purevax RC na terenu so preverili osnovni cepilni program (2 injekciji 3– 4 tedne narazen) in obnovitveno cepljenje (samo ena injekcija).</s>
<s id="s16.3">V študije so vključili mlade in odrasle mačke različnih pasem, ne pa muck.</s>
<s id="s16.4">Glavno merilo učinkovitosti je bila raven protiteles v krvi proti virusoma iz cepiva.</s>
<s id="s17.1">Kakšne koristi je zdravilo Purevax RC izkazalo med študijami?</s>
<s id="s18.1">V laboratorijskih pogojih je zdravilo Purevax RC dokazalo, da nudi zaščito proti zgoraj navedenima boleznima.</s>
<s id="s18.2">V terenski študiji osnovnega cepljenja so ugotovili zvišanje ravni protiteles proti herpesvirusu rinotraheitisa mačk in kalicivirusu mačk.</s>
<s id="s18.3">V študiji obnovitvenega cepljenja so ugotovili, da so ravni protiteles proti herpesvirusu rinotraheitisa mačk in kalicivirusu mačk ostale stabilne na visoki vrednosti ali pa so se zvišale.</s>
<s id="s19.1">Kakšna tveganja so povezana z zdravilom Purevax RC?</s>
<s id="s20.1">Občasno se lahko pri mački pojavi začasna apatija (izguba interesa za okolico) in anoreksija (izguba apetita) ter hipertermija (zvišana telesna temperatura), ki traja en dan ali dva.</s>
<s id="s20.2">Na mestu injiciranja se lahko pojavi lokalna reakcija z rahlimi bolečinami ob dotiku, srbečico ali edemom (oteklino), ki ponavadi izgine v enem do dveh tednih.</s>
<s id="s20.3">Za celoten seznam neželenih učinkov, o katerih so poročali pri uporabi zdravila Purevax RC, glejte navodilo za uporabo.</s>
<s id="s20.4">Zdravilo Purevax RC se ne sme uporabljati za breje mačke.</s>
<s id="s21.1">Kakšne previdnostne ukrepe mora upoštevati oseba, ki daje zdravilo ali pride v stik z živaljo?</s>
<s id="s22.1">Če ste si to zdravilo nenamerno injicirali, nemudoma poiščite zdravniško pomoč in zdravniku pokažite navodilo za uporabo ali ovojnino.</s>
<s id="s23.1">Zakaj je bilo zdravilo Purevax RC odobreno?</s>
<s id="s24.1">Odbor za zdravila za uporabo v veterinarski medicini (CVMP) je zaključil, da so koristi zdravila Purevax RC za aktivno imunizacijo mačk, starejših od osem tednov, proti zgoraj navedenima boleznima večje od tveganj, in priporočil odobritev dovoljenja za promet z zdravilom Purevax RC.</s>
<s id="s24.2">Razmerje med koristmi in tveganji najdete v modulu 6 tega evropskega javnega poročila o oceni zdravila (EPAR).</s>
<s id="s25.1">Druge informacije o zdravilu Purevax RC:</s>
<s id="s26.1">Evropska komisija je dovoljenje za promet z zdravilom Purevax RC, veljavno po vsej Evropski uniji, odobrila družbi MERIAL dne 23. februarja 2005.</s>
<s id="s27.1">Povzetek je bil nazadnje posodobljen 25. januarja 2008.</s>
<s id="s28.1">©EMEA 2008</s>
<s id="s29.1">2/ 2</s>
</body>
</letsmt>
