<?xml version="1.0" encoding="utf-8"?>
<letsmt version="1.0">
<head></head>
<body>
<s id="s1.1">EU številka</s>
<s id="s2.1">Izmišljen o ime</s>
<s id="s3.1">Jakost</s>
<s id="s4.1">Farmacevtska oblika</s>
<s id="s5.1">Ciljna živalska vrsta</s>
<s id="s6.1">Način uporabe zdravila</s>
<s id="s7.1">Ovojnina</s>
<s id="s8.1">Vsebina (koncentracija)</s>
<s id="s9.1">Velikost pakiranja</s>
<s id="s10.1">Karenca</s>
<s id="s11.1">EU/ 2/ 04/ 051/ 001</s>
<s id="s12.1">Purevax RC</s>
<s id="s13.1">Atenuirani herpes virus rinotraheitisa mačk (sev</s>
<s id="s14.1">Liofilizat in vehikel za</s>
<s id="s15.1">Mačke</s>
<s id="s16.1">Subkutano</s>
<s id="s17.1">Prebodna steklenička</s>
<s id="s18.1">10 stekleničk z 1 odmerkom</s>
<s id="s19.1">1 odmerek liofilizata</s>
<s id="s20.1">Navedba ni</s>
<s id="s21.1">FHV F2): ≥ 104, 9 CCID50 na odmerek Inaktivirani antigeni kalici virusa mačk (sev FCV 431 in sev FCV G1): ≥ 2, 0 enot v testu ELISA na odmerek</s>
<s id="s22.1">suspenzijo za injiciranje</s>
<s id="s23.1">iz stekla tipa 1, zaprta z gumijastim zamaškom in zaščitena z aluminijasto zaporko</s>
<s id="s24.1">(liofilizata) in 10 stekleničk po 1 ml (vehikla)</s>
<s id="s25.1">in 1 ml vehikla</s>
<s id="s26.1">smiselna</s>
<s id="s27.1">EU/ 2/ 04/ 051/ 002</s>
<s id="s28.1">Purevax RC</s>
<s id="s29.1">Atenuirani herpes virus rinotraheitisa mačk (sev FHV F2): ≥ 104, 9 CCID50 na odmerek Inaktivirani antigeni kalici virusa mačk (sev FCV 431 in sev FCV G1): ≥ 2, 0 enot v testu ELISA na odmerek</s>
<s id="s30.1">Liofilizat in vehikel za suspenzijo za injiciranje</s>
<s id="s31.1">Mačke</s>
<s id="s32.1">Subkutano</s>
<s id="s33.1">Prebodna steklenička iz stekla tipa 1, zaprta z gumijastim zamaškom in zaščitena z aluminijasto zaporko</s>
<s id="s34.1">50 stekleničk z 1 odmerkom (liofilizata) in 50 stekleničk po 1 ml (vehikla)</s>
<s id="s35.1">1 odmerek liofilizata in 1 ml vehikla</s>
<s id="s36.1">Navedba ni smiselna</s>
</body>
</letsmt>
