<?xml version="1.0" encoding="utf-8"?>
<letsmt version="1.0">
<head></head>
<body>
<s id="s1.1">DODATEK I</s>
<s id="s2.1">SEZNAM IMEN, FARMACEVTSKIH OBLIK TER JAKOSTI ZDRAVILA, POT UPORABE IN IMETNIKOV DOVOLJENJA ZA PROMET V DRŽAVAH ČLANICAH TER NORVEŠKA IN ISLANDIJA</s>
<s id="s3.1">1 Država članica</s>
<s id="s4.1">Imetnik dovoljenja za promet z zdravilom</s>
<s id="s5.1">Zaščiteno ime</s>
<s id="s6.1">Jakost</s>
<s id="s7.1">Farmacevtska oblika</s>
<s id="s8.1">Pot uporabe</s>
<s id="s9.1">Avstrija</s>
<s id="s10.1">Merck Sharp &amp; Dohme GmbH Donau- City- Straße 6 A- 1220 Wien Avstrija</s>
<s id="s11.1">Arcoxia</s>
<s id="s12.1">60 mg</s>
<s id="s13.1">Filmsko obložena tableta</s>
<s id="s14.1">Peroralna uporaba</s>
<s id="s15.1">Avstrija</s>
<s id="s16.1">Merck Sharp &amp; Dohme GmbH Donau- City- Straße 6 A- 1220 Wien Avstrija</s>
<s id="s17.1">Arcoxia</s>
<s id="s18.1">90 mg</s>
<s id="s19.1">Filmsko obložena tableta</s>
<s id="s20.1">Peroralna uporaba</s>
<s id="s21.1">Avstrija</s>
<s id="s22.1">Merck Sharp &amp; Dohme GmbH Donau- City- Straße 6 A- 1220 Wien Avstrija</s>
<s id="s23.1">Arcoxia</s>
<s id="s24.1">120 mg</s>
<s id="s25.1">Filmsko obložena tableta</s>
<s id="s26.1">Peroralna uporaba</s>
<s id="s27.1">Avstrija</s>
<s id="s28.1">Merck Sharp &amp; Dohme GmbH Donau- City- Straße 6 A- 1220 Wien Avstrija</s>
<s id="s29.1">Auxib</s>
<s id="s30.1">60 mg</s>
<s id="s31.1">Filmsko obložena tableta</s>
<s id="s32.1">Peroralna uporaba</s>
<s id="s33.1">Avstrija</s>
<s id="s34.1">Merck Sharp &amp; Dohme GmbH Donau- City- Straße 6 A- 1220 Wien Avstrija</s>
<s id="s35.1">Auxib</s>
<s id="s36.1">90 mg</s>
<s id="s37.1">Filmsko obložena tableta</s>
<s id="s38.1">Peroralna uporaba</s>
<s id="s39.1">Avstrija</s>
<s id="s40.1">Merck Sharp &amp; Dohme GmbH Donau- City- Straße 6 A- 1220 Wien Avstrija</s>
<s id="s41.1">Auxib</s>
<s id="s42.1">120 mg</s>
<s id="s43.1">Filmsko obložena tableta</s>
<s id="s44.1">Peroralna uporaba</s>
<s id="s45.1">Belgija</s>
<s id="s46.1">Merck Sharp &amp; Dohme B. V.</s>
<s id="s46.2">Chaussée de Waterloo 1135 B- 1180 Brussels Belgija</s>
<s id="s47.1">Arcoxia</s>
<s id="s48.1">60 mg</s>
<s id="s49.1">Filmsko obložena tableta</s>
<s id="s50.1">Peroralna uporaba</s>
<s id="s51.1">Belgija</s>
<s id="s52.1">Merck Sharp &amp; Dohme B. V.</s>
<s id="s52.2">Chaussée de Waterloo 1135 B- 1180 Brussels Belgija</s>
<s id="s53.1">Arcoxia</s>
<s id="s54.1">90 mg</s>
<s id="s55.1">Filmsko obložena tableta</s>
<s id="s56.1">Peroralna uporaba</s>
<s id="s57.1">2 Država članica</s>
<s id="s58.1">Imetnik dovoljenja za promet z zdravilom</s>
<s id="s59.1">Zaščiteno ime</s>
<s id="s60.1">Jakost</s>
<s id="s61.1">Farmacevtska oblika</s>
<s id="s62.1">Pot uporabe</s>
<s id="s63.1">Belgija</s>
<s id="s64.1">Merck Sharp &amp; Dohme B. V.</s>
<s id="s64.2">Chaussée de Waterloo 1135 B- 1180 Brussels Belgija</s>
<s id="s65.1">Arcoxia</s>
<s id="s66.1">120 mg</s>
<s id="s67.1">Filmsko obložena tableta</s>
<s id="s68.1">Peroralna uporaba</s>
<s id="s69.1">Belgija</s>
<s id="s70.1">Merck Sharp &amp; Dohme B. V.</s>
<s id="s70.2">Chaussée de Waterloo 1135 B- 1180 Brussels Belgija</s>
<s id="s71.1">Ranacox</s>
<s id="s72.1">60 mg</s>
<s id="s73.1">Filmsko obložena tableta</s>
<s id="s74.1">Peroralna uporaba</s>
<s id="s75.1">Belgija</s>
<s id="s76.1">Merck Sharp &amp; Dohme B. V.</s>
<s id="s76.2">Chaussée de Waterloo 1135 B- 1180 Brussels Belgija</s>
<s id="s77.1">Ranacox</s>
<s id="s78.1">90 mg</s>
<s id="s79.1">Filmsko obložena tableta</s>
<s id="s80.1">Peroralna uporaba</s>
<s id="s81.1">Belgija</s>
<s id="s82.1">Merck Sharp &amp; Dohme B. V.</s>
<s id="s82.2">Chaussée de Waterloo 1135 B- 1180 Brussels Belgija</s>
<s id="s83.1">Ranacox</s>
<s id="s84.1">120 mg</s>
<s id="s85.1">Filmsko obložena tableta</s>
<s id="s86.1">Peroralna uporaba</s>
<s id="s87.1">Ciper</s>
<s id="s88.1">Merck Sharp &amp; Dohme B. V Waarderweg 39 Post Bus 581 2003 PC Haarlem Nizozemska</s>
<s id="s89.1">Arcoxia</s>
<s id="s90.1">60 mg</s>
<s id="s91.1">Filmsko obložena tableta</s>
<s id="s92.1">Peroralna uporaba</s>
<s id="s93.1">Ciper</s>
<s id="s94.1">Merck Sharp &amp; Dohme B. V Waarderweg 39 Post Bus 581 2003 PC Haarlem Nizozemska</s>
<s id="s95.1">Arcoxia</s>
<s id="s96.1">90 mg</s>
<s id="s97.1">Filmsko obložena tableta</s>
<s id="s98.1">Peroralna uporaba</s>
<s id="s99.1">Ciper</s>
<s id="s100.1">Merck Sharp &amp; Dohme B. V Waarderweg 39 Post Bus 581 2003 PC Haarlem Nizozemska</s>
<s id="s101.1">Arcoxia</s>
<s id="s102.1">120 mg</s>
<s id="s103.1">Filmsko obložena tableta</s>
<s id="s104.1">Peroralna uporaba</s>
<s id="s105.1">3 Država članica</s>
<s id="s106.1">Imetnik dovoljenja za promet z zdravilom</s>
<s id="s107.1">Zaščiteno ime</s>
<s id="s108.1">Jakost</s>
<s id="s109.1">Farmacevtska oblika</s>
<s id="s110.1">Pot uporabe</s>
<s id="s111.1">Češka</s>
<s id="s112.1">Merck Sharp &amp; Dohme B. V Waarderweg 39 Post Bus 581 2003 PC Haarlem Nizozemska</s>
<s id="s113.1">Arcoxia</s>
<s id="s114.1">60 mg</s>
<s id="s115.1">Filmsko obložena tableta</s>
<s id="s116.1">Peroralna uporaba</s>
<s id="s117.1">Češka</s>
<s id="s118.1">Merck Sharp &amp; Dohme B. V Waarderweg 39 Post Bus 581 2003 PC Haarlem Nizozemska</s>
<s id="s119.1">Arcoxia</s>
<s id="s120.1">90 mg</s>
<s id="s121.1">Filmsko obložena tableta</s>
<s id="s122.1">Peroralna uporaba</s>
<s id="s123.1">Češka</s>
<s id="s124.1">Merck Sharp &amp; Dohme B. V Waarderweg 39 Post Bus 581 2003 PC Haarlem Nizozemska</s>
<s id="s125.1">Arcoxia</s>
<s id="s126.1">120 mg</s>
<s id="s127.1">Filmsko obložena tableta</s>
<s id="s128.1">Peroralna uporaba</s>
<s id="s129.1">Danska</s>
<s id="s130.1">Merck Sharp &amp; Dohme B. V Waarderweg 39 Post Bus 581 2003 PC Haarlem Nizozemska</s>
<s id="s131.1">Arcoxia</s>
<s id="s132.1">60 mg</s>
<s id="s133.1">Filmsko obložena tableta</s>
<s id="s134.1">Peroralna uporaba</s>
<s id="s135.1">Danska</s>
<s id="s136.1">Merck Sharp &amp; Dohme B. V Waarderweg 39 Post Bus 581 2003 PC Haarlem Nizozemska</s>
<s id="s137.1">Arcoxia</s>
<s id="s138.1">90 mg</s>
<s id="s139.1">Filmsko obložena tableta</s>
<s id="s140.1">Peroralna uporaba</s>
<s id="s141.1">Danska</s>
<s id="s142.1">Merck Sharp &amp; Dohme B. V Waarderweg 39 Post Bus 581 2003 PC Haarlem Nizozemska</s>
<s id="s143.1">Arcoxia</s>
<s id="s144.1">120 mg</s>
<s id="s145.1">Filmsko obložena tableta</s>
<s id="s146.1">Peroralna uporaba</s>
<s id="s147.1">Estonija</s>
<s id="s148.1">Merck Sharp &amp; Dohme OÜ Peterburi tee 46 11415 Tallinn Estonija</s>
<s id="s149.1">Arcoxia</s>
<s id="s150.1">60 mg</s>
<s id="s151.1">Filmsko obložena tableta</s>
<s id="s152.1">Peroralna uporaba</s>
<s id="s153.1">4 Država članica</s>
<s id="s154.1">Imetnik dovoljenja za promet z zdravilom</s>
<s id="s155.1">Zaščiteno ime</s>
<s id="s156.1">Jakost</s>
<s id="s157.1">Farmacevtska oblika</s>
<s id="s158.1">Pot uporabe</s>
<s id="s159.1">Estonija</s>
<s id="s160.1">Merck Sharp &amp; Dohme OÜ Peterburi tee 46 11415 Tallinn Estonija</s>
<s id="s161.1">Arcoxia</s>
<s id="s162.1">90 mg</s>
<s id="s163.1">Filmsko obložena tableta</s>
<s id="s164.1">Peroralna uporaba</s>
<s id="s165.1">Estonija</s>
<s id="s166.1">Merck Sharp &amp; Dohme OÜ Peterburi tee 46 11415 Tallinn Estonija</s>
<s id="s167.1">Arcoxia</s>
<s id="s168.1">120 mg</s>
<s id="s169.1">Filmsko obložena tableta</s>
<s id="s170.1">Peroralna uporaba</s>
<s id="s171.1">Finska</s>
<s id="s172.1">Merck Sharp &amp; Dohme B. V Waarderweg 39 Post Bus 581 2003 PC Haarlem Nizozemska</s>
<s id="s173.1">Arcoxia</s>
<s id="s174.1">60 mg</s>
<s id="s175.1">Filmsko obložena tableta</s>
<s id="s176.1">Peroralna uporaba</s>
<s id="s177.1">Finska</s>
<s id="s178.1">Merck Sharp &amp; Dohme B. V Waarderweg 39 Post Bus 581 2003 PC Haarlem Nizozemska</s>
<s id="s179.1">Arcoxia</s>
<s id="s180.1">90 mg</s>
<s id="s181.1">Filmsko obložena tableta</s>
<s id="s182.1">Peroralna uporaba</s>
<s id="s183.1">Finska</s>
<s id="s184.1">Merck Sharp &amp; Dohme B. V Waarderweg 39 Post Bus 581 2003 PC Haarlem Nizozemska</s>
<s id="s185.1">Arcoxia</s>
<s id="s186.1">120 mg</s>
<s id="s187.1">Filmsko obložena tableta</s>
<s id="s188.1">Peroralna uporaba</s>
<s id="s189.1">Finska</s>
<s id="s190.1">Merck Sharp &amp; Dohme B. V Waarderweg 39 Post Bus 581 2003 PC Haarlem Nizozemska</s>
<s id="s191.1">Turox</s>
<s id="s192.1">60 mg</s>
<s id="s193.1">Filmsko obložena tableta</s>
<s id="s194.1">Peroralna uporaba</s>
<s id="s195.1">Finska</s>
<s id="s196.1">Merck Sharp &amp; Dohme B. V Waarderweg 39 Post Bus 581 2003 PC Haarlem Nizozemska</s>
<s id="s197.1">Turox</s>
<s id="s198.1">90 mg</s>
<s id="s199.1">Filmsko obložena tableta</s>
<s id="s200.1">Peroralna uporaba</s>
<s id="s201.1">5 Država članica</s>
<s id="s202.1">Imetnik dovoljenja za promet z zdravilom</s>
<s id="s203.1">Zaščiteno ime</s>
<s id="s204.1">Jakost</s>
<s id="s205.1">Farmacevtska oblika</s>
<s id="s206.1">Pot uporabe</s>
<s id="s207.1">Finska</s>
<s id="s208.1">Merck Sharp &amp; Dohme B. V Waarderweg 39 Post Bus 581 2003 PC Haarlem Nizozemska</s>
<s id="s209.1">Turox</s>
<s id="s210.1">120 mg</s>
<s id="s211.1">Filmsko obložena tableta</s>
<s id="s212.1">Peroralna uporaba</s>
<s id="s213.1">Nemčija</s>
<s id="s214.1">MSD Sharp &amp; Dohme GmbH Lindenplatz 1 85540 Haar Nemčija</s>
<s id="s215.1">Etoricoxib MSD</s>
<s id="s216.1">120 mg</s>
<s id="s217.1">Filmsko obložena tableta</s>
<s id="s218.1">Peroralna uporaba</s>
<s id="s219.1">Nemčija</s>
<s id="s220.1">MSD Sharp &amp; Dohme GmbH Lindenplatz 1 85540 Haar Nemčija</s>
<s id="s221.1">Etoricoxib MSD</s>
<s id="s222.1">90 mg</s>
<s id="s223.1">Filmsko obložena tableta</s>
<s id="s224.1">Peroralna uporaba</s>
<s id="s225.1">Nemčija</s>
<s id="s226.1">MSD Sharp &amp; Dohme GmbH Lindenplatz 1 85540 Haar Nemčija</s>
<s id="s227.1">Etoricoxib MSD</s>
<s id="s228.1">60 mg</s>
<s id="s229.1">Filmsko obložena tableta</s>
<s id="s230.1">Peroralna uporaba</s>
<s id="s231.1">Nemčija</s>
<s id="s232.1">MSD Sharp &amp; Dohme GmbH Lindenplatz 1 85540 Haar Nemčija</s>
<s id="s233.1">Auxib</s>
<s id="s234.1">120 mg</s>
<s id="s235.1">Filmsko obložena tableta</s>
<s id="s236.1">Peroralna uporaba</s>
<s id="s237.1">Nemčija</s>
<s id="s238.1">MSD Sharp &amp; Dohme GmbH Lindenplatz 1 85540 Haar Nemčija</s>
<s id="s239.1">Auxib</s>
<s id="s240.1">90 mg</s>
<s id="s241.1">Filmsko obložena tableta</s>
<s id="s242.1">Peroralna uporaba</s>
<s id="s243.1">Nemčija</s>
<s id="s244.1">MSD Sharp &amp; Dohme GmbH Lindenplatz 1 85540 Haar Nemčija</s>
<s id="s245.1">Auxib</s>
<s id="s246.1">60 mg</s>
<s id="s247.1">Filmsko obložena tableta</s>
<s id="s248.1">Peroralna uporaba</s>
<s id="s249.1">Nemčija</s>
<s id="s250.1">MSD Sharp &amp; Dohme GmbH Lindenplatz 1 85540 Haar Nemčija</s>
<s id="s251.1">Arcoxia</s>
<s id="s252.1">120 mg</s>
<s id="s253.1">Filmsko obložena tableta</s>
<s id="s254.1">Peroralna uporaba</s>
<s id="s255.1">Nemčija</s>
<s id="s256.1">MSD Sharp &amp; Dohme GmbH Lindenplatz 1 85540 Haar Nemčija</s>
<s id="s257.1">Arcoxia</s>
<s id="s258.1">90 mg</s>
<s id="s259.1">Filmsko obložena tableta</s>
<s id="s260.1">Peroralna uporaba</s>
<s id="s261.1">6 Država članica</s>
<s id="s262.1">Imetnik dovoljenja za promet z zdravilom</s>
<s id="s263.1">Zaščiteno ime</s>
<s id="s264.1">Jakost</s>
<s id="s265.1">Farmacevtska oblika</s>
<s id="s266.1">Pot uporabe</s>
<s id="s267.1">Nemčija</s>
<s id="s268.1">MSD Sharp &amp; Dohme GmbH Lindenplatz 1 85540 Haar Nemčija</s>
<s id="s269.1">Arcoxia</s>
<s id="s270.1">60 mg</s>
<s id="s271.1">Filmsko obložena tableta</s>
<s id="s272.1">Peroralna uporaba</s>
<s id="s273.1">Grčija</s>
<s id="s274.1">Vianex S. A Tatoiou Street 18 Km Athens- Lamia National Road 14671 Nea Erythrea Athens Grčija</s>
<s id="s275.1">Arcoxia</s>
<s id="s276.1">60 mg</s>
<s id="s277.1">Filmsko obložena tableta</s>
<s id="s278.1">Peroralna uporaba</s>
<s id="s279.1">Grčija</s>
<s id="s280.1">Vianex S. A Tatoiou Street 18 Km Athens- Lamia National Road 14671 Nea Erythrea Athens Grčija</s>
<s id="s281.1">Arcoxia</s>
<s id="s282.1">90 mg</s>
<s id="s283.1">Filmsko obložena tableta</s>
<s id="s284.1">Peroralna uporaba</s>
<s id="s285.1">Grčija</s>
<s id="s286.1">Vianex S. A Tatoiou Street 18 Km Athens- Lamia National Road 14671 Nea Erythrea Athens Grčija</s>
<s id="s287.1">Arcoxia</s>
<s id="s288.1">120 mg</s>
<s id="s289.1">Filmsko obložena tableta</s>
<s id="s290.1">Peroralna uporaba</s>
<s id="s291.1">Grčija</s>
<s id="s292.1">Vianex S. A Tatoiou Street 18 Km Athens- Lamia National Road 14671 Nea Erythrea Athens Grčija</s>
<s id="s293.1">Turox</s>
<s id="s294.1">60 mg</s>
<s id="s295.1">Filmsko obložena tableta</s>
<s id="s296.1">Peroralna uporaba</s>
<s id="s297.1">Grčija</s>
<s id="s298.1">Vianex S. A Tatoiou Street 18 Km Athens- Lamia National Road 14671 Nea Erythrea Athens Grčija</s>
<s id="s299.1">Turox</s>
<s id="s300.1">90 mg</s>
<s id="s301.1">Filmsko obložena tableta</s>
<s id="s302.1">Peroralna uporaba</s>
<s id="s303.1">7 Država članica</s>
<s id="s304.1">Imetnik dovoljenja za promet z zdravilom</s>
<s id="s305.1">Zaščiteno ime</s>
<s id="s306.1">Jakost</s>
<s id="s307.1">Farmacevtska oblika</s>
<s id="s308.1">Pot uporabe</s>
<s id="s309.1">Grčija</s>
<s id="s310.1">Vianex S. A Tatoiou Street 18 Km Athens- Lamia National Road 14671 Nea Erythrea Athens Grčija</s>
<s id="s311.1">Turox</s>
<s id="s312.1">120 mg</s>
<s id="s313.1">Filmsko obložena tableta</s>
<s id="s314.1">Peroralna uporaba</s>
<s id="s315.1">Madžarska</s>
<s id="s316.1">MSD Hungary Ltd.</s>
<s id="s316.2">Alkotás utca 50 H- 1123 Budapest Madžarska</s>
<s id="s317.1">Arcoxia</s>
<s id="s318.1">60 mg</s>
<s id="s319.1">Filmsko obložena tableta</s>
<s id="s320.1">Peroralna uporaba</s>
<s id="s321.1">Madžarska</s>
<s id="s322.1">MSD Hungary Ltd.</s>
<s id="s322.2">Alkotás utca 50 H- 1123 Budapest Madžarska</s>
<s id="s323.1">Arcoxia</s>
<s id="s324.1">90 mg</s>
<s id="s325.1">Filmsko obložena tableta</s>
<s id="s326.1">Peroralna uporaba</s>
<s id="s327.1">Madžarska</s>
<s id="s328.1">MSD Hungary Ltd.</s>
<s id="s328.2">Alkotás utca 50 H- 1123 Budapest Madžarska</s>
<s id="s329.1">Arcoxia</s>
<s id="s330.1">120 mg</s>
<s id="s331.1">Filmsko obložena tableta</s>
<s id="s332.1">Peroralna uporaba</s>
<s id="s333.1">Islandija</s>
<s id="s334.1">Merck Sharp &amp; Dohme B. V Waarderweg 39 Post Bus 581 2003 PC Haarlem Nizozemska</s>
<s id="s335.1">Arcoxia</s>
<s id="s336.1">60 mg</s>
<s id="s337.1">Filmsko obložena tableta</s>
<s id="s338.1">Peroralna uporaba</s>
<s id="s339.1">Islandija</s>
<s id="s340.1">Merck Sharp &amp; Dohme B. V Waarderweg 39 Post Bus 581 2003 PC Haarlem Nizozemska</s>
<s id="s341.1">Arcoxia</s>
<s id="s342.1">90 mg</s>
<s id="s343.1">Filmsko obložena tableta</s>
<s id="s344.1">Peroralna uporaba</s>
<s id="s345.1">Islandija</s>
<s id="s346.1">Merck Sharp &amp; Dohme B. V Waarderweg 39 Post Bus 581 2003 PC Haarlem Nizozemska</s>
<s id="s347.1">Arcoxia</s>
<s id="s348.1">120 mg</s>
<s id="s349.1">Filmsko obložena tableta</s>
<s id="s350.1">Peroralna uporaba</s>
<s id="s351.1">8 Država članica</s>
<s id="s352.1">Imetnik dovoljenja za promet z zdravilom</s>
<s id="s353.1">Zaščiteno ime</s>
<s id="s354.1">Jakost</s>
<s id="s355.1">Farmacevtska oblika</s>
<s id="s356.1">Pot uporabe</s>
<s id="s357.1">Irska</s>
<s id="s358.1">Merck Sharp &amp; Dohme Limited Hertford Road Hoddesdon Hertfordshire EN11 9BU Velika Britanija</s>
<s id="s359.1">Arcoxia</s>
<s id="s360.1">60 mg</s>
<s id="s361.1">Filmsko obložena tableta</s>
<s id="s362.1">Peroralna uporaba</s>
<s id="s363.1">Irska</s>
<s id="s364.1">Merck Sharp &amp; Dohme Limited Hertford Road Hoddesdon Hertfordshire EN11 9BU Velika Britanija</s>
<s id="s365.1">Arcoxia</s>
<s id="s366.1">90 mg</s>
<s id="s367.1">Tableta</s>
<s id="s368.1">Peroralna uporaba</s>
<s id="s369.1">Irska</s>
<s id="s370.1">Merck Sharp &amp; Dohme Limited Hertford Road Hoddesdon Hertfordshire EN11 9BU Velika Britanija</s>
<s id="s371.1">Arcoxia</s>
<s id="s372.1">120 mg</s>
<s id="s373.1">Tableta</s>
<s id="s374.1">Peroralna uporaba</s>
<s id="s375.1">Italija</s>
<s id="s376.1">Merck Sharp E Dohme Italia S. p. A Via G.</s>
<s id="s376.2">Fabbroni, 6 I- 00191 Roma Italija</s>
<s id="s377.1">Arcoxia</s>
<s id="s378.1">60 mg</s>
<s id="s379.1">Filmsko obložena tableta</s>
<s id="s380.1">Peroralna uporaba</s>
<s id="s381.1">Italija</s>
<s id="s382.1">Merck Sharp E Dohme Italia S. p. A Via G.</s>
<s id="s382.2">Fabbroni, 6 I- 00191 Roma Italija</s>
<s id="s383.1">Arcoxia</s>
<s id="s384.1">90 mg</s>
<s id="s385.1">Filmsko obložena tableta</s>
<s id="s386.1">Peroralna uporaba</s>
<s id="s387.1">Italija</s>
<s id="s388.1">Merck Sharp E Dohme Italia S. p. A Via G.</s>
<s id="s388.2">Fabbroni, 6 I- 00191 Roma Italija</s>
<s id="s389.1">Arcoxia</s>
<s id="s390.1">120 mg</s>
<s id="s391.1">Filmsko obložena tableta</s>
<s id="s392.1">Peroralna uporaba</s>
<s id="s393.1">Italija</s>
<s id="s394.1">Istituto Gentili S. p. A.</s>
<s id="s394.2">Via Benedetto Croce, 37 I- 56125 Pisa Italija</s>
<s id="s395.1">Algix</s>
<s id="s396.1">60 mg</s>
<s id="s397.1">Filmsko obložena tableta</s>
<s id="s398.1">Peroralna uporaba</s>
<s id="s399.1">Italija</s>
<s id="s400.1">Istituto Gentili S. p. A.</s>
<s id="s400.2">Via Benedetto Croce, 37 I- 56125 Pisa Italija</s>
<s id="s401.1">Algix</s>
<s id="s402.1">90 mg</s>
<s id="s403.1">Filmsko obložena tableta</s>
<s id="s404.1">Peroralna uporaba</s>
<s id="s405.1">9 Država članica</s>
<s id="s406.1">Imetnik dovoljenja za promet z zdravilom</s>
<s id="s407.1">Zaščiteno ime</s>
<s id="s408.1">Jakost</s>
<s id="s409.1">Farmacevtska oblika</s>
<s id="s410.1">Pot uporabe</s>
<s id="s411.1">Italija</s>
<s id="s412.1">Istituto Gentili S. p. A.</s>
<s id="s412.2">Via Benedetto Croce, 37 I- 56125 Pisa Italija</s>
<s id="s413.1">Algix</s>
<s id="s414.1">120 mg</s>
<s id="s415.1">Filmsko obložena tableta</s>
<s id="s416.1">Peroralna uporaba</s>
<s id="s417.1">Italija</s>
<s id="s418.1">Neopharmed S. p. A.</s>
<s id="s418.2">Via G.</s>
<s id="s418.3">Fabbroni, 6 I- 00191 Roma Italija</s>
<s id="s419.1">Recoxib</s>
<s id="s420.1">60 mg</s>
<s id="s421.1">Filmsko obložena tableta</s>
<s id="s422.1">Peroralna uporaba</s>
<s id="s423.1">Italija</s>
<s id="s424.1">Neopharmed S. p. A.</s>
<s id="s424.2">Via G.</s>
<s id="s424.3">Fabbroni, 6 I- 00191 Roma Italija</s>
<s id="s425.1">Recoxib</s>
<s id="s426.1">90 mg</s>
<s id="s427.1">Filmsko obložena tableta</s>
<s id="s428.1">Peroralna uporaba</s>
<s id="s429.1">Italija</s>
<s id="s430.1">Neopharmed S. p. A.</s>
<s id="s430.2">Via G.</s>
<s id="s430.3">Fabbroni, 6 I- 00191 Roma Italija</s>
<s id="s431.1">Recoxib</s>
<s id="s432.1">120 mg</s>
<s id="s433.1">Filmsko obložena tableta</s>
<s id="s434.1">Peroralna uporaba</s>
<s id="s435.1">Italija</s>
<s id="s436.1">Addenda Pharma S. r. l.</s>
<s id="s436.2">Via dei Santi Pietro e Paolo, 30 00144 Roma Italija</s>
<s id="s437.1">Tauxib</s>
<s id="s438.1">60 mg</s>
<s id="s439.1">Filmsko obložena tableta</s>
<s id="s440.1">Peroralna uporaba</s>
<s id="s441.1">Italija</s>
<s id="s442.1">Addenda Pharma S. r. l.</s>
<s id="s442.2">Via dei Santi Pietro e Paolo, 30 00144 Roma Italija</s>
<s id="s443.1">Tauxib</s>
<s id="s444.1">90 mg</s>
<s id="s445.1">Filmsko obložena tableta</s>
<s id="s446.1">Peroralna uporaba</s>
<s id="s447.1">Italija</s>
<s id="s448.1">Addenda Pharma S. r. l.</s>
<s id="s448.2">Via dei Santi Pietro e Paolo, 30 00144 Roma Italija</s>
<s id="s449.1">Tauxib</s>
<s id="s450.1">120 mg</s>
<s id="s451.1">Filmsko obložena tableta</s>
<s id="s452.1">Peroralna uporaba</s>
<s id="s453.1">Latvija</s>
<s id="s454.1">SIA ” Merck Sharp &amp; Dohme Latvija ” Skanstes iela 13 LV- 1013 Riga Latvija</s>
<s id="s455.1">Arcoxia</s>
<s id="s456.1">60 mg</s>
<s id="s457.1">Filmsko obložena tableta</s>
<s id="s458.1">Peroralna uporaba</s>
<s id="s459.1">Latvija</s>
<s id="s460.1">SIA ” Merck Sharp &amp; Dohme Latvija ” Skanstes iela 13 LV- 1013 Riga Latvija</s>
<s id="s461.1">Arcoxia</s>
<s id="s462.1">90 mg</s>
<s id="s463.1">Filmsko obložena tableta</s>
<s id="s464.1">Peroralna uporaba</s>
<s id="s465.1">10 Država članica</s>
<s id="s466.1">Imetnik dovoljenja za promet z zdravilom</s>
<s id="s467.1">Zaščiteno ime</s>
<s id="s468.1">Jakost</s>
<s id="s469.1">Farmacevtska oblika</s>
<s id="s470.1">Pot uporabe</s>
<s id="s471.1">Latvija</s>
<s id="s472.1">SIA ” Merck Sharp &amp; Dohme Latvija ” Skanstes iela 13 LV- 1013 Riga Latvija</s>
<s id="s473.1">Arcoxia</s>
<s id="s474.1">120 mg</s>
<s id="s475.1">Filmsko obložena tableta</s>
<s id="s476.1">Peroralna uporaba</s>
<s id="s477.1">Litva</s>
<s id="s478.1">Merck Sharp &amp; Dohme UAB, Lithuania Gelezinio Vilko 18A 01112 Vilnius Litva</s>
<s id="s479.1">Arcoxia</s>
<s id="s480.1">60 mg</s>
<s id="s481.1">Filmsko obložena tableta</s>
<s id="s482.1">Peroralna uporaba</s>
<s id="s483.1">Litva</s>
<s id="s484.1">Merck Sharp &amp; Dohme UAB, Lithuania Gelezinio Vilko 18A 01112 Vilnius Litva</s>
<s id="s485.1">Arcoxia</s>
<s id="s486.1">90 mg</s>
<s id="s487.1">Filmsko obložena tableta</s>
<s id="s488.1">Peroralna uporaba</s>
<s id="s489.1">Litva</s>
<s id="s490.1">Merck Sharp &amp; Dohme UAB, Lithuania Gelezinio Vilko 18A 01112 Vilnius Litva</s>
<s id="s491.1">Arcoxia</s>
<s id="s492.1">120 mg</s>
<s id="s493.1">Filmsko obložena tableta</s>
<s id="s494.1">Peroralna uporaba</s>
<s id="s495.1">Luksemburg</s>
<s id="s496.1">Merck Sharp &amp; Dohme s. a.</s>
<s id="s496.2">1180, Chaussée de Waterloo B- 1135 Bruxelles Belgija</s>
<s id="s497.1">Arcoxia</s>
<s id="s498.1">60 mg</s>
<s id="s499.1">Filmsko obložena tableta</s>
<s id="s500.1">Peroralna uporaba</s>
<s id="s501.1">Luksemburg</s>
<s id="s502.1">Merck Sharp &amp; Dohme s. a.</s>
<s id="s502.2">1180, Chaussée de Waterloo B- 1135 Bruxelles Belgija</s>
<s id="s503.1">Arcoxia</s>
<s id="s504.1">90 mg</s>
<s id="s505.1">Filmsko obložena tableta</s>
<s id="s506.1">Peroralna uporaba</s>
<s id="s507.1">Luksemburg</s>
<s id="s508.1">Merck Sharp &amp; Dohme s. a.</s>
<s id="s508.2">1180, Chaussée de Waterloo B- 1135 Bruxelles Belgija</s>
<s id="s509.1">Arcoxia</s>
<s id="s510.1">120 mg</s>
<s id="s511.1">Filmsko obložena tableta</s>
<s id="s512.1">Peroralna uporaba</s>
<s id="s513.1">Luksemburg</s>
<s id="s514.1">Merck Sharp &amp; Dohme s. a.</s>
<s id="s514.2">1180, Chaussée de Waterloo B- 1135 Bruxelles Belgija</s>
<s id="s515.1">Ranacox</s>
<s id="s516.1">60 mg</s>
<s id="s517.1">Filmsko obložena tableta</s>
<s id="s518.1">Peroralna uporaba</s>
<s id="s519.1">Luksemburg</s>
<s id="s520.1">Merck Sharp &amp; Dohme s. a.</s>
<s id="s520.2">1180, Chaussée de Waterloo B- 1135 Bruxelles Belgija</s>
<s id="s521.1">Ranacox</s>
<s id="s522.1">90 mg</s>
<s id="s523.1">Filmsko obložena tableta</s>
<s id="s524.1">Peroralna uporaba</s>
<s id="s525.1">11 Država članica</s>
<s id="s526.1">Imetnik dovoljenja za promet z zdravilom</s>
<s id="s527.1">Zaščiteno ime</s>
<s id="s528.1">Jakost</s>
<s id="s529.1">Farmacevtska oblika</s>
<s id="s530.1">Pot uporabe</s>
<s id="s531.1">Luksemburg</s>
<s id="s532.1">Merck Sharp &amp; Dohme s. a.</s>
<s id="s532.2">1180, Chaussée de Waterloo B- 1135 Bruxelles Belgija</s>
<s id="s533.1">Ranacox</s>
<s id="s534.1">120 mg</s>
<s id="s535.1">Filmsko obložena tableta</s>
<s id="s536.1">Peroralna uporaba</s>
<s id="s537.1">Malta</s>
<s id="s538.1">Merck Sharp &amp; Dohme Limited Hertford Road Hoddesdon Hertfordshire EN11 9BU Velika Britanija</s>
<s id="s539.1">Arcoxia</s>
<s id="s540.1">60 mg</s>
<s id="s541.1">Tableta</s>
<s id="s542.1">Peroralna uporaba</s>
<s id="s543.1">Malta</s>
<s id="s544.1">Merck Sharp &amp; Dohme Limited Hertford Road Hoddesdon Hertfordshire EN11 9BU Velika Britanija</s>
<s id="s545.1">Arcoxia</s>
<s id="s546.1">90 mg</s>
<s id="s547.1">Tableta</s>
<s id="s548.1">Peroralna uporaba</s>
<s id="s549.1">Malta</s>
<s id="s550.1">Merck Sharp &amp; Dohme Limited Hertford Road Hoddesdon Hertfordshire EN11 9BU Velika Britanija</s>
<s id="s551.1">Arcoxia</s>
<s id="s552.1">120 mg</s>
<s id="s553.1">Tableta</s>
<s id="s554.1">Peroralna uporaba</s>
<s id="s555.1">Nizozemska</s>
<s id="s556.1">Merck Sharp &amp; Dohme B. V Waarderweg 39 Post Bus 581 2003 PC Haarlem Nizozemska</s>
<s id="s557.1">Arcoxia</s>
<s id="s558.1">60 mg</s>
<s id="s559.1">Filmsko obložena tableta</s>
<s id="s560.1">Peroralna uporaba</s>
<s id="s561.1">Nizozemska</s>
<s id="s562.1">Merck Sharp &amp; Dohme B. V Waarderweg 39 Post Bus 581 2003 PC Haarlem Nizozemska</s>
<s id="s563.1">Arcoxia</s>
<s id="s564.1">90 mg</s>
<s id="s565.1">Filmsko obložena tableta</s>
<s id="s566.1">Peroralna uporaba</s>
<s id="s567.1">Nizozemska</s>
<s id="s568.1">Merck Sharp &amp; Dohme B. V Waarderweg 39 Post Bus 581 2003 PC Haarlem Nizozemska</s>
<s id="s569.1">Arcoxia</s>
<s id="s570.1">120 mg</s>
<s id="s571.1">Filmsko obložena tableta</s>
<s id="s572.1">Peroralna uporaba</s>
<s id="s573.1">12 Država članica</s>
<s id="s574.1">Imetnik dovoljenja za promet z zdravilom</s>
<s id="s575.1">Zaščiteno ime</s>
<s id="s576.1">Jakost</s>
<s id="s577.1">Farmacevtska oblika</s>
<s id="s578.1">Pot uporabe</s>
<s id="s579.1">Nizozemska</s>
<s id="s580.1">Merck Sharp &amp; Dohme B. V Waarderweg 39 Post Bus 581 2003 PC Haarlem Nizozemska</s>
<s id="s581.1">Auxib</s>
<s id="s582.1">60 mg</s>
<s id="s583.1">Filmsko obložena tableta</s>
<s id="s584.1">Peroralna uporaba</s>
<s id="s585.1">Nizozemska</s>
<s id="s586.1">Merck Sharp &amp; Dohme B. V Waarderweg 39 Post Bus 581 2003 PC Haarlem Nizozemska</s>
<s id="s587.1">Auxib</s>
<s id="s588.1">90 mg</s>
<s id="s589.1">Filmsko obložena tableta</s>
<s id="s590.1">Peroralna uporaba</s>
<s id="s591.1">Nizozemska</s>
<s id="s592.1">Merck Sharp &amp; Dohme B. V Waarderweg 39 Post Bus 581 2003 PC Haarlem Nizozemska</s>
<s id="s593.1">Auxib</s>
<s id="s594.1">120 mg</s>
<s id="s595.1">Filmsko obložena tableta</s>
<s id="s596.1">Peroralna uporaba</s>
<s id="s597.1">Norveška</s>
<s id="s598.1">Merck Sharp &amp; Dohme B. V Waarderweg 39 Post Bus 581 2003 PC Haarlem Nizozemska</s>
<s id="s599.1">Arcoxia</s>
<s id="s600.1">60 mg</s>
<s id="s601.1">Filmsko obložena tableta</s>
<s id="s602.1">Peroralna uporaba</s>
<s id="s603.1">Norveška</s>
<s id="s604.1">Merck Sharp &amp; Dohme B. V Waarderweg 39 Post Bus 581 2003 PC Haarlem Nizozemska</s>
<s id="s605.1">Arcoxia</s>
<s id="s606.1">90 mg</s>
<s id="s607.1">Filmsko obložena tableta</s>
<s id="s608.1">Peroralna uporaba</s>
<s id="s609.1">Norveška</s>
<s id="s610.1">Merck Sharp &amp; Dohme B. V Waarderweg 39 Post Bus 581 2003 PC Haarlem Nizozemska</s>
<s id="s611.1">Arcoxia</s>
<s id="s612.1">120 mg</s>
<s id="s613.1">Filmsko obložena tableta</s>
<s id="s614.1">Peroralna uporaba</s>
<s id="s615.1">Poljska</s>
<s id="s616.1">MSD Polska Sp. z o. o. ul.</s>
<s id="s616.2">Puławska 303 02- 785 Warszawa Poljska</s>
<s id="s617.1">Arcoxia</s>
<s id="s618.1">60 mg</s>
<s id="s619.1">Filmsko obložena tableta</s>
<s id="s620.1">Peroralna uporaba</s>
<s id="s621.1">13 Država članica</s>
<s id="s622.1">Imetnik dovoljenja za promet z zdravilom</s>
<s id="s623.1">Zaščiteno ime</s>
<s id="s624.1">Jakost</s>
<s id="s625.1">Farmacevtska oblika</s>
<s id="s626.1">Pot uporabe</s>
<s id="s627.1">Poljska</s>
<s id="s628.1">MSD Polska Sp. z o. o. ul.</s>
<s id="s628.2">Puławska 303 02- 785 Warszawa Poljska</s>
<s id="s629.1">Arcoxia</s>
<s id="s630.1">90 mg</s>
<s id="s631.1">Filmsko obložena tableta</s>
<s id="s632.1">Peroralna uporaba</s>
<s id="s633.1">Poljska</s>
<s id="s634.1">MSD Polska Sp. z o. o. ul.</s>
<s id="s634.2">Puławska 303 02- 785 Warszawa Poljska</s>
<s id="s635.1">Arcoxia</s>
<s id="s636.1">120 mg</s>
<s id="s637.1">Filmsko obložena tableta</s>
<s id="s638.1">Peroralna uporaba</s>
<s id="s639.1">Portugalska</s>
<s id="s640.1">Merck Sharp &amp; Dohme, Lda Quinta Da Fonte Edificio Vasco da Gama, nº19, Porto Salvo 2770- 192 Paço d´Arcos Portugalska</s>
<s id="s641.1">Arcoxia</s>
<s id="s642.1">60 mg</s>
<s id="s643.1">Filmsko obložena tableta</s>
<s id="s644.1">Peroralna uporaba</s>
<s id="s645.1">Portugalska</s>
<s id="s646.1">Merck Sharp &amp; Dohme, Lda Quinta Da Fonte Edificio Vasco da Gama, nº19, Porto Salvo 2770- 192 Paço d´Arcos Portugalska</s>
<s id="s647.1">Arcoxia</s>
<s id="s648.1">90 mg</s>
<s id="s649.1">Filmsko obložena tableta</s>
<s id="s650.1">Peroralna uporaba</s>
<s id="s651.1">Portugalska</s>
<s id="s652.1">Merck Sharp &amp; Dohme, Lda Quinta Da Fonte Edificio Vasco da Gama, nº19, Porto Salvo 2770- 192 Paço d´Arcos Portugalska</s>
<s id="s653.1">Arcoxia</s>
<s id="s654.1">120 mg</s>
<s id="s655.1">Filmsko obložena tableta</s>
<s id="s656.1">Peroralna uporaba</s>
<s id="s657.1">Portugalska</s>
<s id="s658.1">Bial- Portela &amp; Ca., S. A.</s>
<s id="s658.2">Av.</s>
<s id="s658.3">Da Siderurgia Nacional 4745- 457 S.</s>
<s id="s658.4">Mamede do Coronado Portugalska</s>
<s id="s659.1">Exxiv</s>
<s id="s660.1">60 mg</s>
<s id="s661.1">Filmsko obložena tableta</s>
<s id="s662.1">Peroralna uporaba</s>
<s id="s663.1">Portugalska</s>
<s id="s664.1">Bial- Portela &amp; Ca., S. A.</s>
<s id="s664.2">Av.</s>
<s id="s664.3">Da Siderurgia Nacional 4745- 457 S.</s>
<s id="s664.4">Mamede do Coronado Portugalska</s>
<s id="s665.1">Exxiv</s>
<s id="s666.1">90 mg</s>
<s id="s667.1">Filmsko obložena tableta</s>
<s id="s668.1">Peroralna uporaba</s>
<s id="s669.1">Portugalska</s>
<s id="s670.1">Bial- Portela &amp; Ca., S. A.</s>
<s id="s670.2">Av.</s>
<s id="s670.3">Da Siderurgia Nacional 4745- 457 S.</s>
<s id="s670.4">Mamede do Coronado Portugalska</s>
<s id="s671.1">Exxiv</s>
<s id="s672.1">120 mg</s>
<s id="s673.1">Filmsko obložena tableta</s>
<s id="s674.1">Peroralna uporaba</s>
<s id="s675.1">14 Država članica</s>
<s id="s676.1">Imetnik dovoljenja za promet z zdravilom</s>
<s id="s677.1">Zaščiteno ime</s>
<s id="s678.1">Jakost</s>
<s id="s679.1">Farmacevtska oblika</s>
<s id="s680.1">Pot uporabe</s>
<s id="s681.1">Portugalska</s>
<s id="s682.1">Farmacox- Companhia Farmacêutica, Lda.</s>
<s id="s682.2">Quinta Da Fonte Edificio Vasco da Gama, nº19, Porto Salvo 2770- 192 Paço d´Arcos Portugalska</s>
<s id="s683.1">Turox</s>
<s id="s684.1">60 mg</s>
<s id="s685.1">Filmsko obložena tableta</s>
<s id="s686.1">Peroralna uporaba</s>
<s id="s687.1">Portugalska</s>
<s id="s688.1">Farmacox- Companhia Farmacêutica, Lda.</s>
<s id="s688.2">Quinta Da Fonte Edificio Vasco da Gama, nº19, Porto Salvo 2770- 192 Paço d´Arcos Portugalska</s>
<s id="s689.1">Turox</s>
<s id="s690.1">90 mg</s>
<s id="s691.1">Filmsko obložena tableta</s>
<s id="s692.1">Peroralna uporaba</s>
<s id="s693.1">Portugalska</s>
<s id="s694.1">Farmacox- Companhia Farmacêutica, Lda.</s>
<s id="s694.2">Quinta Da Fonte Edificio Vasco da Gama, nº19, Porto Salvo 2770- 192 Paço d´Arcos Portugalska</s>
<s id="s695.1">Turox</s>
<s id="s696.1">120 mg</s>
<s id="s697.1">Filmsko obložena tableta</s>
<s id="s698.1">Peroralna uporaba</s>
<s id="s699.1">Slovaška</s>
<s id="s700.1">Merck Sharp &amp; Dohme B. V Waarderweg 39 Post Bus 581 2003 PC Haarlem Nizozemska</s>
<s id="s701.1">Arcoxia</s>
<s id="s702.1">60 mg</s>
<s id="s703.1">Filmsko obložena tableta</s>
<s id="s704.1">Peroralna uporaba</s>
<s id="s705.1">Slovaška</s>
<s id="s706.1">Merck Sharp &amp; Dohme B. V Waarderweg 39 Post Bus 581 2003 PC Haarlem Nizozemska</s>
<s id="s707.1">Arcoxia</s>
<s id="s708.1">90 mg</s>
<s id="s709.1">Filmsko obložena tableta</s>
<s id="s710.1">Peroralna uporaba</s>
<s id="s711.1">Slovaška</s>
<s id="s712.1">Merck Sharp &amp; Dohme B. V Waarderweg 39 Post Bus 581 2003 PC Haarlem Nizozemska</s>
<s id="s713.1">Arcoxia</s>
<s id="s714.1">120 mg</s>
<s id="s715.1">Filmsko obložena tableta</s>
<s id="s716.1">Peroralna uporaba</s>
<s id="s717.1">Slovenija</s>
<s id="s718.1">Merck Sharp &amp; Dohme Ltd.</s>
<s id="s718.2">Šmartinska cesta 140 SI- 1000 Ljubljana Slovenija</s>
<s id="s719.1">Arcoxia</s>
<s id="s720.1">60 mg</s>
<s id="s721.1">Filmsko obložena tableta</s>
<s id="s722.1">Peroralna uporaba</s>
<s id="s723.1">15 Država članica</s>
<s id="s724.1">Imetnik dovoljenja za promet z zdravilom</s>
<s id="s725.1">Zaščiteno ime</s>
<s id="s726.1">Jakost</s>
<s id="s727.1">Farmacevtska oblika</s>
<s id="s728.1">Pot uporabe</s>
<s id="s729.1">Slovenija</s>
<s id="s730.1">Merck Sharp &amp; Dohme Ltd.</s>
<s id="s730.2">Šmartinska cesta 140 SI- 1000 Ljubljana Slovenija</s>
<s id="s731.1">Arcoxia</s>
<s id="s732.1">90 mg</s>
<s id="s733.1">Filmsko obložena tableta</s>
<s id="s734.1">Peroralna uporaba</s>
<s id="s735.1">Slovenija</s>
<s id="s736.1">Merck Sharp &amp; Dohme Ltd.</s>
<s id="s736.2">Šmartinska cesta 140 SI- 1000 Ljubljana Slovenija</s>
<s id="s737.1">Arcoxia</s>
<s id="s738.1">120 mg</s>
<s id="s739.1">Filmsko obložena tableta</s>
<s id="s740.1">Peroralna uporaba</s>
<s id="s741.1">Španija</s>
<s id="s742.1">Merck Sharp &amp; Dohme de España S. A.</s>
<s id="s742.2">Josefa Valcárcel 38 Madrid 28027 Španija</s>
<s id="s743.1">Arcoxia</s>
<s id="s744.1">60 mg</s>
<s id="s745.1">Filmsko obložena tableta</s>
<s id="s746.1">Peroralna uporaba</s>
<s id="s747.1">Španija</s>
<s id="s748.1">Merck Sharp &amp; Dohme de España S. A.</s>
<s id="s748.2">Josefa Valcárcel 38 Madrid 28027 Španija</s>
<s id="s749.1">Arcoxia</s>
<s id="s750.1">90 mg</s>
<s id="s751.1">Filmsko obložena tableta</s>
<s id="s752.1">Peroralna uporaba</s>
<s id="s753.1">Španija</s>
<s id="s754.1">Merck Sharp &amp; Dohme de España S. A.</s>
<s id="s754.2">Josefa Valcárcel 38 Madrid 28027 Španija</s>
<s id="s755.1">Arcoxia</s>
<s id="s756.1">120 mg</s>
<s id="s757.1">Filmsko obložena tableta</s>
<s id="s758.1">Peroralna uporaba</s>
<s id="s759.1">Španija</s>
<s id="s760.1">Laboratorios Abelló S. A.</s>
<s id="s760.2">Josefa Valcárcel 38 Madrid 28027 Španija</s>
<s id="s761.1">Exxiv</s>
<s id="s762.1">60 mg</s>
<s id="s763.1">Filmsko obložena tableta</s>
<s id="s764.1">Peroralna uporaba</s>
<s id="s765.1">Španija</s>
<s id="s766.1">Laboratorios Abelló S. A.</s>
<s id="s766.2">Josefa Valcárcel 38 Madrid 28027 Španija</s>
<s id="s767.1">Exxiv</s>
<s id="s768.1">90 mg</s>
<s id="s769.1">Filmsko obložena tableta</s>
<s id="s770.1">Peroralna uporaba</s>
<s id="s771.1">Španija</s>
<s id="s772.1">Laboratorios Abelló S. A.</s>
<s id="s772.2">Josefa Valcárcel 38 Madrid 28027 Španija</s>
<s id="s773.1">Exxiv</s>
<s id="s774.1">120 mg</s>
<s id="s775.1">Filmsko obložena tableta</s>
<s id="s776.1">Peroralna uporaba</s>
<s id="s777.1">Švedska</s>
<s id="s778.1">Merck Sharp &amp; Dohme B. V Waarderweg 39 Post Bus 581 2003 PC Haarlem Nizozemska</s>
<s id="s779.1">Arcoxia</s>
<s id="s780.1">60 mg</s>
<s id="s781.1">Filmsko obložena tableta</s>
<s id="s782.1">Peroralna uporaba</s>
<s id="s783.1">16 Država članica</s>
<s id="s784.1">Imetnik dovoljenja za promet z zdravilom</s>
<s id="s785.1">Zaščiteno ime</s>
<s id="s786.1">Jakost</s>
<s id="s787.1">Farmacevtska oblika</s>
<s id="s788.1">Pot uporabe</s>
<s id="s789.1">Švedska</s>
<s id="s790.1">Merck Sharp &amp; Dohme B. V Waarderweg 39 Post Bus 581 2003 PC Haarlem Nizozemska</s>
<s id="s791.1">Arcoxia</s>
<s id="s792.1">90 mg</s>
<s id="s793.1">Filmsko obložena tableta</s>
<s id="s794.1">Peroralna uporaba</s>
<s id="s795.1">Švedska</s>
<s id="s796.1">Merck Sharp &amp; Dohme B. V Waarderweg 39 Post Bus 581 2003 PC Haarlem Nizozemska</s>
<s id="s797.1">Arcoxia</s>
<s id="s798.1">120 mg</s>
<s id="s799.1">Filmsko obložena tableta</s>
<s id="s800.1">Peroralna uporaba</s>
<s id="s801.1">Švedska</s>
<s id="s802.1">Merck Sharp &amp; Dohme B. V Waarderweg 39 Post Bus 581 2003 PC Haarlem Nizozemska</s>
<s id="s803.1">Turox</s>
<s id="s804.1">60 mg</s>
<s id="s805.1">Filmsko obložena tableta</s>
<s id="s806.1">Peroralna uporaba</s>
<s id="s807.1">Švedska</s>
<s id="s808.1">Merck Sharp &amp; Dohme B. V Waarderweg 39 Post Bus 581 2003 PC Haarlem Nizozemska</s>
<s id="s809.1">Turox</s>
<s id="s810.1">90 mg</s>
<s id="s811.1">Filmsko obložena tableta</s>
<s id="s812.1">Peroralna uporaba</s>
<s id="s813.1">Švedska</s>
<s id="s814.1">Merck Sharp &amp; Dohme B. V Waarderweg 39 Post Bus 581 2003 PC Haarlem Nizozemska</s>
<s id="s815.1">Turox</s>
<s id="s816.1">120 mg</s>
<s id="s817.1">Filmsko obložena tableta</s>
<s id="s818.1">Peroralna uporaba</s>
<s id="s819.1">Velika Britanija</s>
<s id="s820.1">Merck Sharp &amp; Dohme Limited Hertford Road Hoddesdon Hertfordshire EN11 9BU Velika Britanija</s>
<s id="s821.1">Arcoxia</s>
<s id="s822.1">60 mg</s>
<s id="s823.1">Tableta</s>
<s id="s824.1">Peroralna uporaba</s>
<s id="s825.1">Velika Britanija</s>
<s id="s826.1">Merck Sharp &amp; Dohme Limited Hertford Road Hoddesdon Hertfordshire EN11 9BU Velika Britanija</s>
<s id="s827.1">Arcoxia</s>
<s id="s828.1">90 mg</s>
<s id="s829.1">Tableta</s>
<s id="s830.1">Peroralna uporaba</s>
<s id="s831.1">17 Država članica</s>
<s id="s832.1">Imetnik dovoljenja za promet z zdravilom</s>
<s id="s833.1">Zaščiteno ime</s>
<s id="s834.1">Jakost</s>
<s id="s835.1">Farmacevtska oblika</s>
<s id="s836.1">Pot uporabe</s>
<s id="s837.1">Velika Britanija</s>
<s id="s838.1">Merck Sharp &amp; Dohme Limited Hertford Road Hoddesdon Hertfordshire EN11 9BU Velika Britanija</s>
<s id="s839.1">Arcoxia</s>
<s id="s840.1">120 mg</s>
<s id="s841.1">Tableta</s>
<s id="s842.1">Peroralna uporaba</s>
<s id="s843.1">Velika Britanija</s>
<s id="s844.1">Merck Sharp &amp; Dohme Limited Hertford Road Hoddesdon Hertfordshire EN11 9BU Velika Britanija</s>
<s id="s845.1">Auxib</s>
<s id="s846.1">60 mg</s>
<s id="s847.1">Tableta</s>
<s id="s848.1">Peroralna uporaba</s>
<s id="s849.1">Velika Britanija</s>
<s id="s850.1">Merck Sharp &amp; Dohme Limited Hertford Road Hoddesdon Hertfordshire EN11 9BU Velika Britanija</s>
<s id="s851.1">Auxib</s>
<s id="s852.1">90 mg</s>
<s id="s853.1">Tableta</s>
<s id="s854.1">Peroralna uporaba</s>
<s id="s855.1">Velika Britanija</s>
<s id="s856.1">Merck Sharp &amp; Dohme Limited Hertford Road Hoddesdon Hertfordshire EN11 9BU Velika Britanija</s>
<s id="s857.1">Auxib</s>
<s id="s858.1">120 mg</s>
<s id="s859.1">Tableta</s>
<s id="s860.1">Peroralna uporaba</s>
<s id="s861.1">Velika Britanija</s>
<s id="s862.1">Merck Sharp &amp; Dohme Limited Hertford Road Hoddesdon Hertfordshire EN11 9BU Velika Britanija</s>
<s id="s863.1">Exxiv</s>
<s id="s864.1">60 mg</s>
<s id="s865.1">Tableta</s>
<s id="s866.1">Peroralna uporaba</s>
<s id="s867.1">Velika Britanija</s>
<s id="s868.1">Merck Sharp &amp; Dohme Limited Hertford Road Hoddesdon Hertfordshire EN11 9BU Velika Britanija</s>
<s id="s869.1">Exxiv</s>
<s id="s870.1">90 mg</s>
<s id="s871.1">Tableta</s>
<s id="s872.1">Peroralna uporaba</s>
<s id="s873.1">Velika Britanija</s>
<s id="s874.1">Merck Sharp &amp; Dohme Limited Hertford Road Hoddesdon Hertfordshire EN11 9BU Velika Britanija</s>
<s id="s875.1">Exxiv</s>
<s id="s876.1">120 mg</s>
<s id="s877.1">Tableta</s>
<s id="s878.1">Peroralna uporaba</s>
<s id="s879.1">18 Država članica</s>
<s id="s880.1">Imetnik dovoljenja za promet z zdravilom</s>
<s id="s881.1">Zaščiteno ime</s>
<s id="s882.1">Jakost</s>
<s id="s883.1">Farmacevtska oblika</s>
<s id="s884.1">Pot uporabe</s>
<s id="s885.1">Velika Britanija</s>
<s id="s886.1">Merck Sharp &amp; Dohme Limited Hertford Road Hoddesdon Hertfordshire EN11 9BU Velika Britanija</s>
<s id="s887.1">Turox</s>
<s id="s888.1">60 mg</s>
<s id="s889.1">Tableta</s>
<s id="s890.1">Peroralna uporaba</s>
<s id="s891.1">Velika Britanija</s>
<s id="s892.1">Merck Sharp &amp; Dohme Limited Hertford Road Hoddesdon Hertfordshire EN11 9BU Velika Britanija</s>
<s id="s893.1">Turox</s>
<s id="s894.1">90 mg</s>
<s id="s895.1">Tableta</s>
<s id="s896.1">Peroralna uporaba</s>
<s id="s897.1">Velika Britanija</s>
<s id="s898.1">Merck Sharp &amp; Dohme Limited Hertford Road Hoddesdon Hertfordshire EN11 9BU Velika Britanija</s>
<s id="s899.1">Turox</s>
<s id="s900.1">120 mg</s>
<s id="s901.1">Tableta</s>
<s id="s902.1">Peroralna uporaba</s>
<s id="s903.1">19 DODATEK II</s>
<s id="s904.1">ZNANSTVENI ZAKLJUČKI IN PODLAGA ZA DOPOLNILO POVZETKA GLAVNIH ZNAČILNOSTI ZDRAVILA, PREDSTAVLJENI S STRANI EVROPSKE AGENCIJE ZA ZDRAVILA</s>
<s id="s905.1">20 ZNANSTVENI ZAKLJUČKI ZA DOPOLNILO DOVOLJENJA ZA PROMET</s>
<s id="s906.1">Septembra 2004 je imetnik dovoljenja za promet z rofekoksibom (selektivnim zaviralcem Cox- 2) obvestil Evropsko agencijo za zdravila, da so podatki iz novega kliničnega preizkušanja (APPROVe) rofekoksiba pokazali tveganje za trombotične kardiovaskularne dogodke.</s>
<s id="s906.2">Zaradi teh podatkov je imetnik dovoljenja za promet dne 30. septembra 2004 z vseh svetovnih tržišč umaknil zdravilo Vioxx (rofekoksib), pojavila pa so se tudi vprašanja glede kardiovaskularne varnosti drugih zaviralcev Cox- 2.</s>
<s id="s907.1">V zvezi z razpravo Odbora za zdravila za uporabo v humani medicini (CHMP) na plenarni seji oktobra 2004 je Evropska komisija priporočila, da se za to javno zdravstveno vprašanje o vseh vidikih kardiovaskularne varnosti, vključno s trombotičnimi dogodki in kardiorenalnimi dogodki, sproži napotitveni postopek Skupnosti v skladu z 31. členom Direktive 2001/ 83/ ES z vsemi dodatki za zdravila, odobrena po decentraliziranem postopku, in vsebujejo celekoksib, etorikoksib in lumirakoksib ter revizijski postopek v skladu z 18. členom Uredbe Sveta (EGS) št.</s>
<s id="s907.2">2309/ 93 z vsemi dodatki za zdravila, odobrena po centraliziranem postopku, in vsebujejo celekoksib (Onsenal), parekoksib (Dynastat/ Rayzon) in valdekoksib (Bextra/ Valdyn).</s>
<s id="s907.3">Postopka sta se začela novembra 2004.</s>
<s id="s908.1">CHMP je o kardiovaskularni varnosti razpravljal na svoji seji februarja 2005.</s>
<s id="s908.2">CHMP je soglasno ugotovil, da je potreben nujen varnostni ukrep (Urgent Safety Restriction, USR) v zvezi s kardiovaskularno varnostjo, da se dodajo nove kontraindikacije in okrepijo opozorila in podatki o neželenih učinkih v Povzetku glavnih značilnosti zdravila (SPC).</s>
<s id="s908.3">Nujen varnostni ukrep se je začel 16. februarja 2005 in zaključil 17. februarja 2005.</s>
<s id="s909.1">Dne 7. aprila 2005 sta FDA (Food and Drug Administration) in EMEA zaradi podatkov o hudih kožnih reakcijah zahtevali, da podjetje Pfizer prostovoljno umakne zdravilo Bextra (valdekoksib) iz prometa.</s>
<s id="s909.2">Podjetje je soglašalo tudi, da po vsem svetu ustavi prodajo in trženje zdravila Bextra do nadaljnje razprave o neugodnem razmerju med tveganjem in koristjo v zvezi s podatki o hudih kožnih reakcijah.</s>
<s id="s910.1">Dne 20. aprila 2005 je Pfizer med zaslišanjem predstavil podatke o hudih kožnih reakcijah pri uporabi valdekoksiba.</s>
<s id="s911.1">Na zahtevo Evropske komisije se je obseg revizije skupine zdravil v teku še razširil, tako da poleg vidikov kardiovaskularne varnosti zajema tudi vrednotenje hudih kožnih reakcij.</s>
<s id="s912.1">Med novembrom 2004 in junijem 2005 je imetnik dovoljenja za promet 18. januarja in 15. februarja 2005 pred CHMP ustno obrazložil kardiovaskularne in kožne varnostne vidike za etorikoksib.</s>
<s id="s913.1">Dne 23. junija je CHMP zaključil da:</s>
<s id="s914.1">po vrednotenju:</s>
<s id="s915.1">-</s>
<s id="s916.1">novih podatkov, ki jih je za rofekoksib prispevala klinična raziskava APPROVe in ki kažejo tveganje za trombotične kardiovaskularne dogodke,</s>
<s id="s917.1">-</s>
<s id="s918.1">podatkov za celekoksib iz raziskave APC, ki so nakazali povečanje tveganja hudih kardiovaskularnih dogodkov, ki so odvisni od odmerka,</s>
<s id="s919.1">-</s>
<s id="s920.1">podatkov za valdekoksib in parekoksib iz raziskav CABG (Coronary Artery Bypass Graft) in CABG II, ki kažejo višjo stopnjo hudih kardiovaskularnih tromboembolijskih dogodkov v skupinah bolnikov, ki so se zdravili s parekoksibom/ valdekoksibom, v primerjavi s skupino bolnikov, ki je prejemala placebo,</s>
<s id="s921.1">-</s>
<s id="s922.1">podatkov za etorikoksib iz raziskave EDGE ter analiz združenih podatkov iz drugih kliničnih preizkušanj, ki nakazujejo povezavo z večjim tveganjem za trombotične dogodke v primerjavi z naproksenom;</s>
<s id="s923.1">-</s>
<s id="s924.1">podatkov za lumirakoksib iz raziskave Target, ki nakazujejo majhno povečanje trombotičnih dogodkov (zlasti miokardnega infarkta) v primerjavi z naproksenom,</s>
<s id="s925.1">21 vsi dostopni podatki kažejo povečano tveganje neželenih kardiovaskularnih reakcij pri skupini zaviralcev Cox- 2 in soglašal, da obstaja povezava med trajanjem jemanja in odmerki ter verjetnostjo pojava kardiovaskularne reakcije.</s>
<s id="s926.1">Po vrednotenju podatkov o hudih kožnih reakcijah etorikoksib kaže relativno nizko stopnjo pojavnosti takšnih reakcij.</s>
<s id="s926.2">Vendarle pa sedanje ocene temeljijo na omejenih podatkih in pomanjkanja podatkov ni mogoče količinsko oceniti.</s>
<s id="s927.1">CHMP je potrdil spremembe informacij o zdravilu, že vnešene z variacijo tipa II, sprejeto aprila 2005 po februarskem nujnem varnostnem ukrepu in zahteval še nadaljnje spremembe.</s>
<s id="s928.1">Spremembe informacij o zdravilu v zvezi s kardiovaskularnim sistemom lahko povzamemo kot sledi:</s>
<s id="s929.1">- Dodana je izjava, da mora odločitev da se predpiše selektivni zaviralec COX- 2 temeljiti na</s>
<s id="s930.1">oceni vseh tveganj za vsakega posameznega bolnika.</s>
<s id="s931.1">- Dodana je izjava, da naj bo trajanje zdravljenja čim krajše, dnevni odmerek pa najmanjši, ki je</s>
<s id="s932.1">še učinkovit, potrebo za lajšanje bolečin pa je potrebno občasno ponovno oceniti.</s>
<s id="s933.1">- Dodani sta kontraindikaciji Potrjena ishemična srčna bolezen in/ ali cerebrovaskularno</s>
<s id="s934.1">obolenje ter Periferna arterijska bolezen.</s>
<s id="s935.1">- Dodano je opozorilo v zvezi z kliničnimi raziskavami, ki navaja, da je selektivni zaviralec</s>
<s id="s936.1">COX- 2 (v primerjavi s placebom in nekaterimi nestereoidnimi protivnetnimi zdravili) lahko povezan s tveganjem za trombotiče dogodke (posebno za, miokardn infarktom in možgansko kap).</s>
<s id="s937.1">- Dodano je opozorilo za bolnike z dejavniki tveganja za srčne bolezni, kot so hipertenzija,</s>
<s id="s938.1">hiperlipidemija (visoke ravni holesterola), sladkorna bolezen in kajenje.</s>
<s id="s939.1">- Dodano je opozorilo za predpisovalce zdravila, naj preučijo možnost prekinitve zdravljenja, če</s>
<s id="s940.1">se med zdravljenjem bolniku poslabša katerakoli opisana funkcija organskih sistemov.</s>
<s id="s941.1">- Dodano je opozorilo v zvezi s hipertenzijo in spremljanjem krvnega tlaka med zdravljenjem z</s>
<s id="s942.1">etorikoksibom.</s>
<s id="s942.2">Če se krni tlak pomembno zviša, je treba razmisliti o nadomestnem zdravljenju.</s>
<s id="s943.1">- Dodano je opozorilo, da je potrebna previdnost pri predpisovanju nesteroidnih antirevmatikov</s>
<s id="s944.1">v kombinaciji z zaviralci ACE ali antagonisti receptorjev angiotensina II.</s>
<s id="s945.1">Spremembe informacij o zdravilu, povezanih s hudimi kožnimi neželenimi reakcijami (Severe Cutaneous Adverse Reaction, SCAR), lahko povzamemo, kot sledi:</s>
<s id="s946.1">- Dodano je opozorilo k poročilu, da se kožne reakcije v večini primerov pojavijo v prvem</s>
<s id="s947.1">mesecu zdravljenja.</s>
<s id="s948.1">- Dodano je opozorilo za bolnike z anamnezo alergije na katerokoli zdravilo.</s>
<s id="s949.1">- Okrepljeno je opozorilo, ki poudarja, da so se pri uporabi zaviralcev COX- 2 pojavile usodno</s>
<s id="s950.1">hude kožne reakcije.</s>
<s id="s951.1">- Dodan je podrobnejši opis začetnih znakov kožnih reakcij, zaradi katerih se zdravljenje</s>
<s id="s952.1">prekine.</s>
<s id="s953.1">PODLAGA ZA DOPOLNILO DOVOLJENJA ZA PROMET</s>
<s id="s954.1">Ob upoštevanju, da je CHMP</s>
<s id="s955.1">- mnenja, da razmerje med koristjo in tveganjem za zdravila, ki vsebujejo etorikoksib, za</s>
<s id="s956.1">dogovorjene indikacije ostaja ugodno in da se dovoljenja za promet ohranijo v skladu s popravljenimi Povzetki glavnih značilnosti zdravil (priloženimi mnenju CHMP v Dodatku III),</s>
<s id="s957.1">- zaključil, da je treba kardiovaskularno varnost in hude kožne reakcije neprekinjeno in</s>
<s id="s958.1">natančno spremljati in vrednotiti,</s>
<s id="s959.1">- in priporočil nadaljnje ukrepe z namenom dodatnega raziskovanja varnosti etorikoksiba.</s>
<s id="s960.1">22 DODATEK III</s>
<s id="s961.1">EU POVZETEK GLAVNIH ZNAČILNOSTI ZDRAVILA</s>
<s id="s962.1">Opomba:</s>
<s id="s962.2">Ta Povzetek glavnih značilnosti zdravila je bil priložen k odločbi Komisije v zvezi s tem postopkom, ki je bil sprožen v skladu s členom 31, za zdravila, ki vsebujejo etorikoksib.</s>
<s id="s962.3">Besedilo je bilo takrat veljavno.</s>
<s id="s963.1">Pristojne oblasti držav članic bodo podatke o izdelku posodobile v skladu z zahtevami, ko bo podana odločba Komisije.</s>
<s id="s963.2">Zaradi tega ta Povzetek glavnih značilnosti zdravila ne predstavlja nujno sedanjega besedila.</s>
<s id="s964.1">23 1.</s>
<s id="s964.2">IME ZDRAVILA</s>
<s id="s965.1">&lt; IZMIŠLJENO IME (glejte Priloga 1) &gt; 60 mg filmsko obložene tablete &lt; IZMIŠLJENO IME (glejte Priloga 1) &gt; 90 mg filmsko obložene tablete &lt; IZMIŠLJENO IME (glejte Priloga 1) &gt; 120 mg filmsko obložene tablete</s>
<s id="s966.1">2.</s>
<s id="s966.2">KAKOVOSTNA IN KOLIČINSKA SESTAVA</s>
<s id="s967.1">Ena filmsko obložena tableta vsebuje 60 mg, 90 mg ali 120 mg etorikoksiba.</s>
<s id="s967.2">Za pomožne snovi glejte poglavje 6. 1.</s>
<s id="s968.1">3.</s>
<s id="s968.2">FARMACEVTSKA OBLIKA</s>
<s id="s969.1">Filmsko obložena tableta.</s>
<s id="s970.1">60 mg tablete:</s>
<s id="s970.2">Zelene, bikonveksne tablete v obliki jabolka, z oznako &quot;447&quot; na eni strani ter &quot;MSD&quot; na drugi strani.</s>
<s id="s971.1">90 mg tablete:</s>
<s id="s971.2">Bele, bikonveksne tablete v obliki jabolka, z oznako &quot;454&quot; na eni strani ter &quot;MSD&quot; na drugi strani.</s>
<s id="s972.1">120 mg tablete:</s>
<s id="s972.2">Svetlo zelene, bikonveksne tablete v obliki jabolka, z oznako &quot;541&quot; na eni strani ter &quot;MSD&quot; na drugi strani.</s>
<s id="s973.1">4.</s>
<s id="s973.2">KLINIČNI PODATKI</s>
<s id="s974.1">4. 1 Terapevtske indikacije</s>
<s id="s975.1">Simptomatsko lajšanje bolečine pri zdravljenju osteoartroze (OA), revmatoidnega artritisa (RA) ter bolečine in znakov vnetja, povezanih z akutnim uričnim artritisom.</s>
<s id="s976.1">Odločitev da se predpiše selektivni zaviralec COX- 2, mora temeljiti na oceni vseh tveganj za vsakega posameznega bolnika (glejte poglavji 4. 3, 4. 4).</s>
<s id="s977.1">4. 2 Odmerjanje in način uporabe</s>
<s id="s978.1">&lt; IZMIŠLJENO IME &gt; je za peroralno uporabo in se lahko jemlje s hrano ali brez nje.</s>
<s id="s978.2">Učinek lahko nastopi hitreje, če &lt; IZMIŠLJENO IME &gt; vzamemo brez hrane.</s>
<s id="s978.3">To moramo upoštevati, kadar je potrebno hitro lajšanje simptomov.</s>
<s id="s979.1">Osteoartroza Priporočeni odmerek je 60 mg enkrat na dan.</s>
<s id="s980.1">Revmatoidni artritis Priporočeni odmerek je 90 mg enkrat na dan.</s>
<s id="s981.1">Akutni urični artritis (napad protina) Priporočeni odmerek je 120 mg enkrat na dan.</s>
<s id="s981.2">Etorikoksib v odmerku 120 mg se sme uporabljati samo v obdobju akutnih simptomov.</s>
<s id="s981.3">V kliničnih raziskavah akutnega uričnega artritisa so bolniki etorikoksib prejemali 8 dni.</s>
<s id="s982.1">24 Odmerki, večji od priporočenih za posamezno indikacijo, niso pokazali dodatne učinkovitosti ali pa njihove uporabe niso raziskali.</s>
<s id="s982.2">Zato odmerek za posamezno indikacijo predstavlja maksimalni priporočeni odmerek:</s>
<s id="s983.1">Odmerek za osteoartrozo ne sme preseči 60 mg na dan.</s>
<s id="s983.2">Odmerek za revmatoidni artritis ne sme preseči 90 mg na dan.</s>
<s id="s983.3">Odmerek za akutni urični artritis ne sme preseči 120 mg na dan in mora biti omejen na največ 8 dni zdravljenja.</s>
<s id="s984.1">Ker se tveganje za srčno- žilna obolenja pri večjih odmerkih etorikoksiba in daljši izpostavljenosti zdravilu lahko poveča, naj bo trajanje zdravljenja čim krajše, dnevni odmerek pa najmanjši, ki je še učinkovit.</s>
<s id="s984.2">Občasno je treba ponovno oceniti potrebo bolnika po lajšanju simptomov in njegov odziv na zdravljenje, še posebej to velja pri bolnikih z osteoartrozo (glejte poglavja 4. 3, 4. 4., 4. 8 in 5. 1).</s>
<s id="s985.1">Starejši bolniki:</s>
<s id="s985.2">Pri starejših bolnikih prilagajanje odmerkov ni potrebno.</s>
<s id="s986.1">Jetrna okvara:</s>
<s id="s986.2">Pri bolnikih z blago motnjo delovanja jeter (lestvica po Child- Pughu 5– 6) ne smemo prekoračiti odmerka 60 mg enkrat na dan.</s>
<s id="s986.3">Pri bolnikih z zmerno motnjo delovanja jeter (lestvica po Child- Pughu 7– 9) ne smemo prekoračiti priporočenega odmerka 60 mg vsak drugi dan.</s>
<s id="s987.1">Klinične izkušnje so še posebej omejene pri bolnikih z zmerno motnjo delovanja jeter, zato svetujemo previdnost.</s>
<s id="s987.2">Kliničnih izkušenj pri bolnikih s hudo motnjo delovanja jeter (lestvica po Child- Pughu ≥ 10) nimamo, zato je pri teh bolnikih uporaba kontraindicirana (glejte 4. 3, 4. 4 in 5. 2).</s>
<s id="s988.1">Ledvična okvara:</s>
<s id="s988.2">Pri bolnikih s kreatininskim očistkom ≥ 30 ml/ min prilagajanje odmerkov ni potrebno (glejte 5. 2).</s>
<s id="s988.3">Uporaba etorikoksiba pri bolnikih s kreatininskim očistkom &lt; 30 ml / min je kontraindicirana (glejte 4. 3 in 4. 4).</s>
<s id="s989.1">Pediatrični bolniki:</s>
<s id="s989.2">Etorikoksib je kontraindiciran pri otrocih in mladostnikih, mlajših od 16 let.</s>
<s id="s990.1">4. 3 Kontraindikacije</s>
<s id="s991.1">Preobčutljivost za zdravilno učinkovino ali katerokoli pomožno snov (glejte 6. 1) v preteklosti.</s>
<s id="s992.1">Aktivna razjeda želodca ali aktivna krvavitev v prebavilih.</s>
<s id="s993.1">Bolniki, pri katerih so se po jemanju acetilsalicilne kisline ali NSAR- ov, vključno z zaviralci COX- 2 (ciklooksigenaze- 2), pojavili bronhospazem, akutni rinitis, nosni polipi, angionevrotični edem, urtikarija ali alergijske reakcije.</s>
<s id="s994.1">Nosečnost in dojenje (glejte 4. 6 in 5. 3).</s>
<s id="s995.1">Huda motnja delovanja jeter (serumski albumin &lt; 25 g/ l ali lestvica po Child- Pughu ≥ 10).</s>
<s id="s996.1">Kreatininski očistek ocenjen &lt; 30 ml/ min.</s>
<s id="s997.1">Otroci in mladostniki, mlajši od 16 let.</s>
<s id="s998.1">Vnetna bolezen črevesa.</s>
<s id="s999.1">Kongestivno srčno popuščanje (NYHA II- IV).</s>
<s id="s1000.1">Bolniki z visokim krvnim tlakom, ki ni zadostno nadzorovan.</s>
<s id="s1001.1">Potrjena ishemična srčna bolezen, bolezen perifernih arterij in/ ali cerebrovaskularna bolezen.</s>
<s id="s1002.1">25 4. 4 Posebna opozorila in previdnostni ukrepi</s>
<s id="s1003.1">Učinki na prebavila Pri bolnikih, ki so jemali etorikoksib, so se pojavili zapleti v zgornjih prebavilih [perforacije, ulkusi in krvavitve (PUK)]; nekateri so imeli smrtni izid.</s>
<s id="s1004.1">Previdnost priporočamo pri zdravljenju bolnikov z največjim tveganjem za nastanek zapletov v prebavilih pri NSAR- ih: starejših bolnikih, bolnikih, ki sočasno jemljejo katerikoli drug NSAR ali acetilsalicilno kislino ali bolnikih, ki so kdaj imeli bolezni prebavil, kot je razjeda ali krvavitev v prebavilih.</s>
<s id="s1005.1">Tveganje za neželene učinke v prebavilih (razjede ali drugi zapleti v prebavilih) se dodatno poveča pri jemanju etorikoksiba sočasno z acetilsalicilno kislino (celo v majhnih odmerkih).</s>
<s id="s1005.2">Pomembne razlike v varnosti za prebavila med zdravljenjem s selektivnimi COX- 2 zaviralci in acetilsalicilno kislino ter zdravljenjem z NSAR- i in acetilsalicilno kislino v dolgoročnih kliničnih raziskavah niso dokazali (glejte poglavje 5. 1).</s>
<s id="s1006.1">Srčno- žilni učinki Klinične raziskave kažejo, da je razred zdravil selektivnih zaviralcev COX- 2 lahko povezan s tveganjem za trombotične dogodke (posebno za miokardni infarkt in možgansko kap) glede na placebo in nekatere NSAR- e.</s>
<s id="s1006.2">Ker se tveganje za srčno- žilna obolenja pri večjih odmerkih etorikoksiba in daljši izpostavljenosti zdravilu lahko poveča, naj bo trajanje zdravljenja čim krajše, dnevni odmerek pa najmanjši, ki je še učinkovit.</s>
<s id="s1006.3">Občasno je treba ponovno oceniti potrebo bolnika po lajšanju simptomov in njegov odziv na zdravljenje, še posebej to velja pri bolnikih z osteoartrozo (glejte poglavja 4. 2, 4. 3, 4. 8 in 5. 1).</s>
<s id="s1007.1">Bolnike s pomembnimi dejavniki tveganja srčno- žilnih dogodkov (npr. visok krvni tlak, hiperlipidemija, sladkorna bolezen, kajenje) lahko z etorikoksibom zdravimo le po skrbnem premisleku (glejte poglavje 5. 1).</s>
<s id="s1008.1">Selektivni zaviralci COX- 2 pri preprečevanju srčno- žilnih tromboembolijskih bolezni niso nadomestilo za acetilsalicilno kislino, ker nimajo antiagregacijskega učinka.</s>
<s id="s1008.2">Zato antiagregacijskega zdravljenja ne smemo ukiniti (glejte zgoraj in poglavji 4. 5 in 5. 1).</s>
<s id="s1009.1">Učinki na ledvice Ledvični prostaglandini imajo lahko kompenzatorno vlogo pri vzdrževanju prekrvavitve ledvic.</s>
<s id="s1009.2">Zato lahko pri stanjih z zmanjšano prekrvavitvijo ledvic jemanje etorikoksiba zmanjša tvorbo prostaglandinov ter posledično zmanjša pretok krvi skozi ledvice in tako okvari ledvično funkcijo.</s>
<s id="s1009.3">Največje tveganje za tak odziv imajo bolniki z že obstoječo pomembno okvaro ledvične funkcije, dekompenziranim srčnim popuščanjem ali cirozo.</s>
<s id="s1009.4">Pri teh bolnikih moramo razmisliti o spremljanju ledvične funkcije.</s>
<s id="s1010.1">Zadrževanje tekočine, edemi in hipertenzija Tako kot pri drugih zdravilih, ki zavirajo tvorbo prostaglandinov, so tudi pri bolnikih, ki so dobivali etorikoksib, opazili zadrževanje tekočine, edeme in hipertenzijo.</s>
<s id="s1010.2">Previdnost je potrebna pri bolnikih, ki so kdaj imeli srčno popuščanje, disfunkcijo levega prekata ali visok krvni tlak, ter pri bolnikih z obstoječimi edemi zaradi kateregakoli vzroka.</s>
<s id="s1010.3">Če se pri teh bolnikih pojavijo klinični znaki poslabšanja, je treba ustrezno ukrepati, vključno s prenehanjem zdravljenja z etorikoksibom.</s>
<s id="s1011.1">Etorikoksib je lahko povezan s pogostejšo in hujšo hipertenzijo kot nekateri drugi NSAR- i in selektivni zaviralci COX- 2, še posebej v velikih odmerkih.</s>
<s id="s1011.2">Zato mora biti med zdravljenjem z etorikoksibom posebna pozornost namenjena kontroli krvnega tlaka.</s>
<s id="s1011.3">Če se krvni tlak pomembno zviša, je treba razmisliti o nadomestnem zdravljenju.</s>
<s id="s1012.1">Učinki na jetra</s>
<s id="s1013.1">26 V kliničnih raziskavah so pri približno 1% bolnikov, ki so se do enega leta zdravili s 60 in 90 mg etorikoksiba dnevno, poročali o dvigu alanin aminotransferaze (ALT) in/ ali aspartat aminotransferaze (AST) (približno tri - ali več- kratna zgornja meja normalne vrednosti).</s>
<s id="s1014.1">Spremljati moramo vsakega bolnika, ki ima simptome in/ ali znake, ki kažejo na moteno delovanje jeter, ali nenormalne teste jetrne funkcije.</s>
<s id="s1014.2">Če se pojavijo znaki jetrne okvare ali če trajno merimo nenormalne vrednosti jetrnih testov (trikratna zgornja meja normalne vrednosti), moramo zdravljenje z etorikoksibom ukiniti.</s>
<s id="s1015.1">Splošno Če se med zdravljenjem poslabša delovanje kateregakoli organskega sistema opisanega zgoraj, je treba uvesti ustrezne ukrepe in razmisliti o ukinitvi zdravljenja z etorikoksibom.</s>
<s id="s1015.2">Pri uporabi etorikoksiba pri starejših bolnikih in pri bolnikih z okvaro funkcije ledvic, jeter ali srca moramo te bolnike ustrezno nadzorovati.</s>
<s id="s1016.1">Pazljivi moramo biti, kadar z etorikoksibom začnemo zdraviti bolnike z dehidracijo.</s>
<s id="s1016.2">Pred začetkom zdravljenja z etorikoksibom je bolnike priporočljivo rehidrirati.</s>
<s id="s1017.1">O hudih reakcijah na koži, tudi s smrtnim izidom, vključno z eksfoliativnim dermatitisom, Stevens - Johnson- ovim sindromom in toksično epidermalno nekrolizo, so med postmarketinškimi raziskavami poročali zelo redko v povezavi z uporabo NSAR- ov in nekaterih selektivnih zaviralcev COX- 2 (glejte 4. 8).</s>
<s id="s1017.2">Kaže, da je tveganje za te reakcije največje kmalu po začetku zdravljenja, v večini primerov z nastopom v prvem mesecu zdravljenja.</s>
<s id="s1017.3">Pri bolnikih, ki so prejemali etorikoksib, so poročali o hudih preobčutljivostnih reakcijah (kot na primer anafilaksija in angioedem) (glejte 4. 8).</s>
<s id="s1017.4">Nekateri selektivni zaviralci COX- 2 so bili povezani s povečanim tveganjem za neželene učinke na koži pri bolnikih, ki so v preteklosti imeli alergijo na katerokoli zdravilo.</s>
<s id="s1017.5">Etorikoksib moramo ukiniti ob prvem pojavu kožnega izpuščaja, lezij na sluznicah ali kakršnegakoli drugega znaka preobčutljivosti.</s>
<s id="s1018.1">Etorikoksib lahko prikrije zvišano telesno temperaturo in druge znake vnetja.</s>
<s id="s1019.1">Previdnost je potrebna pri sočasni uporabi etorikoksiba z varfarinom ali drugimi peroralnimi antikoagulanti (glejte 4. 5).</s>
<s id="s1020.1">Pri ženskah, ki nameravajo zanositi, uporabe etorikoksiba kot tudi drugih učinkovin, ki zavirajo ciklooksigenazo / sintezo prostaglandinov, ne priporočamo (glejte 4. 6, 5. 1 in 5. 3).</s>
<s id="s1021.1">Tablete &lt; IZMIŠLJENO IME &gt; vsebujejo laktozo.</s>
<s id="s1021.2">Bolniki z redkimi dednimi težavami intolerance za galaktozo, laponskim pomanjkanjem laktaze ali malabsorpcijo glukoze- galaktoze zdravila ne smejo jemati.</s>
<s id="s1022.1">4. 5 Medsebojno delovanje z drugimi zdravili in druge oblike interakcij</s>
<s id="s1023.1">Farmakodinamske interakcije</s>
<s id="s1024.1">Peroralni antikoagulanti:</s>
<s id="s1024.2">Pri bolnikih, stabiliziranih na kronični terapiji z varfarinom, je bila uporaba etorikoksiba v odmerku 120 mg dnevno povezana s približno 13% povišanjem protrombinskega časa, izraženega z INR (International Normalised Ratio).</s>
<s id="s1024.3">Zato je potrebno pri bolnikih, ki prejemajo peroralne antikoagulante, skrbno spremljati protrombinski čas, izražen z INR, še posebej prvih nekaj dni po začetku zdravljenja ali po spremembi odmerka etorikoksiba (glejte 4. 4).</s>
<s id="s1025.1">Diuretik, zaviralci ACE in zaviralci receptorjev angiotenzina:</s>
<s id="s1025.2">NSAR- i lahko zmanjšajo učinek diuretikov in drugih antihipertenzivnih zdravil.</s>
<s id="s1025.3">Pri nekaterih bolnikih z zmanjšano ledvično funkcijo (npr. dehidriranih bolnikih ali starejših bolnikih z zmanjšano ledvično funkcijo) lahko sočasno jemanje zaviralca ACE ali zaviralca receptorjev angiotenzina II in učinkovin, ki zavirajo ciklooksigenazo, povzroči nadaljnje poslabšanje ledvične funkcije, vključno z možno akutno ledvično odpovedjo, kar pa je ponavadi reverzibilno.</s>
<s id="s1025.4">Te interakcije je treba upoštevati pri bolnikih, ki jemljejo etorikoksib sočasno z zaviralci ACE ali zaviralci receptorjev angiotenzina II.</s>
<s id="s1025.5">Zato je treba kombinacijo uporabljati</s>
<s id="s1026.1">27 previdno, še posebej pri starejših bolnikih.</s>
<s id="s1026.2">Bolniki morajo biti ustrezno hidrirani.</s>
<s id="s1026.3">Razmisliti je treba o spremljanju ledvične funkcije po začetku kombiniranega zdravljenja in periodično potem.</s>
<s id="s1027.1">Acetilsalicilna kislina:</s>
<s id="s1027.2">V raziskavi pri zdravih preiskovancih v stanju dinamičnega ravnovesja etorikoksib v odmerku 120 mg enkrat na dan ni vplival na antiagregacijski učinek acetilsalicilne kisline (81 mg dnevno).</s>
<s id="s1027.3">Etorikoksib se sme jemati sočasno z acetilsalicilno kislino v odmerkih, ki se uporabljajo za preprečevanje srčno- žilnih bolezni (majhni odmerki acetilsalicilne kisline).</s>
<s id="s1027.4">Vendar se lahko pri sočasni uporabi majhnih odmerkov acetilsalicilne kisline in etorikoksiba pojavi večje število ulceracij v prebavilih in drugih zapletov kot pri zdravljenju z etorikoksibom samim.</s>
<s id="s1027.5">Sočasnega zdravljenja z etorikoksibom in acetilsalicilno kislino v odmerkih, večjih od tistih za preprečevanje srčno- žilnih bolezni, ali z drugimi NSAR- i ne priporočamo.</s>
<s id="s1027.6">(Glejte poglavji 5. 1 in 4. 4.)</s>
<s id="s1028.1">Ciklosporin in takrolimus:</s>
<s id="s1028.2">Čeprav te interakcije z etorikoksibom niso preučevali, lahko sočasna uporaba ciklosporina ali takrolimusa in kateregakoli NSAR- a poveča nefrotoksični učinek ciklosporina ali takrolimusa.</s>
<s id="s1028.3">Pri sočasnem zdravljenju z etorikoksibom in katero od teh dveh učinkovin je treba spremljati ledvično funkcijo.</s>
<s id="s1029.1">Farmakokinetične interakcije</s>
<s id="s1030.1">Vpliv etorikoksiba na farmakokinetiko drugih učinkovin</s>
<s id="s1031.1">Litij:</s>
<s id="s1031.2">NSAR- i zmanjšajo izločanje litija preko ledvic in tako povečajo plazemsko koncentracijo litija.</s>
<s id="s1031.3">Pri uporabi kombinacije in pri ukinitvi NSAR- a po potrebi skrbno spremljajte količino litija v krvi in prilagodite odmerek litija.</s>
<s id="s1032.1">Metotreksat:</s>
<s id="s1032.2">V dveh raziskavah so preučili učinke etorikoksiba v odmerkih 60, 90 ali 120 mg, ki so jih enkrat na dan sedem dni jemali bolniki, ki so za zdravljenje revmatoidnega artritisa enkrat tedensko dobivali metotreksat v odmerkih 7, 5 do 20 mg.</s>
<s id="s1032.3">Etorikoksib v odmerkih 60 in 90 mg ni vplival na plazemsko koncentracijo metotreksata ali ledvični očistek.</s>
<s id="s1032.4">V eni od raziskav etorikoksib v odmerku 120 mg ni vplival na plazemske koncentracije metotreksata ali ledvični očistek, v drugi raziskavi pa je povečal plazemske koncentracije metotreksata za 28% in zmanjšal ledvični očistek metotreksata za 13%.</s>
<s id="s1032.5">Pri sočasni uporabi etorikoksiba in metotreksata je priporočljivo ustrezno spremljati z metotreksatom povezano toksičnost.</s>
<s id="s1033.1">Peroralni kontraceptivi:</s>
<s id="s1033.2">21 dnevna uporaba etorikoksiba v odmerku 60 mg skupaj s peroralnim kontraceptivom, ki vsebuje 35 µg etinilestradiola (EE) in 0, 5 do 1 mg noretindrona, je povečala AUC0 – 24 ur EE v stanju dinamičnega ravnovesja za 37%.</s>
<s id="s1033.3">Etorikoksib 120 mg skupaj z istim peroralnim kontraceptivom, sočasno ali z 12- urnim razmikom, je povečal AUC0– 24 ur EE v stanju dinamičnega ravnovesja za 50 do 60%.</s>
<s id="s1033.4">Pri izboru primernega peroralnega kontraceptiva za uporabo z etorikoksibom je treba upoštevati to povečanje koncentracije EE.</s>
<s id="s1033.5">Povečana izpostavitev EE lahko poveča pojavnost neželenih učinkov, povezanih s peroralnimi kontraceptivi (npr. venske tromboembolije pri ženskah s tveganjem).</s>
<s id="s1034.1">Hormonsko nadomestno zdravljenje:</s>
<s id="s1034.2">Jemanje etorikoksiba 120 mg skupaj z 28- dnevnim hormonskim nadomestnim zdravljenjem, ki je vsebovalo konjugirane estrogene (0, 625 mg zdravila PREMARIN™ &lt; ali lokalna BLAGOVNA ZNAMKA &gt;), je povečalo AUC0– 24 ur v stanju dinamičnega ravnovesja pri nekonjugiranem estronu (41%), ekvilinu (76%) ter pri 17- β- estradiolu (22%).</s>
<s id="s1034.3">Učinka priporočenih odmerkov etorikoksiba za dolgotrajno zdravljenje (60 in 90 mg) niso preučili.</s>
<s id="s1034.4">Učinki etorikoksiba 120 mg na izpostavitev (AUC0- 24hr) tem estrogenskim sestavinam zdravila PREMARIN &lt; ali lokalna BLAGOVNA ZNAMKA &gt; so bili manj kot polovični v primerjavi z učinki pri jemanju samo zdravila PREMARIN &lt; ali lokalna BLAGOVNA ZNAMKA &gt;, če so odmerek povečali z 0, 625 mg na 1, 25 mg.</s>
<s id="s1034.5">Klinični pomen teh povečanj ni znan.</s>
<s id="s1034.6">Večjih odmerkov zdravila PREMARIN &lt; ali lokalna BLAGOVNA ZNAMKA &gt; v kombinaciji z etorikoksibom niso preučili.</s>
<s id="s1034.7">Ta povečanja koncentracije estrogena je treba upoštevati pri izboru pomenopavzalnega hormonskega zdravljenja pri bolnicah, ki jemljejo etorikoksib, saj večja izpostavljenost estrogenu poveča tveganje neželenih učinkov, povezanih s hormonskim nadomestnim zdravljenjem.</s>
<s id="s1035.1">28 Prednizon/ prednizolon:</s>
<s id="s1035.2">V raziskavah interakcij med učinkovinami etorikoksib ni imel klinično pomembnih učinkov na farmakokinetiko prednizona/ prednizolona.</s>
<s id="s1036.1">Digoksin:</s>
<s id="s1036.2">Etorikoksib v odmerku 120 mg, ki so ga 10 dni enkrat na dan jemali zdravi prostovoljci, ni spremenil plazemske AUC0– 24 ur digoksina v stanju dinamičnega ravnovesja ali izločanja digoksina skozi ledvice.</s>
<s id="s1036.3">Prišlo je do povečanja Cmax digoksina (približno 33%).</s>
<s id="s1036.4">To povečanje pri večini bolnikov večinoma ni pomembno.</s>
<s id="s1036.5">Vendar pa je treba to spremljati pri bolnikih z velikim tveganjem za toksične učinke digoksina, če se sočasno zdravijo z etorikoksibom in digoksinom.</s>
<s id="s1037.1">Vpliv etorikoksiba na zdravila, ki jih presnavljajo sulfotransferaze</s>
<s id="s1038.1">Etorikoksib je zaviralec aktivnosti človeške sulfotransferaze, zlasti SULT1E1, in pokazalo se je, da poveča serumske koncentracije etinilestradiola.</s>
<s id="s1038.2">Ker je znanje o učinkih različnih sulfotransferaz še omejeno in ker klinične posledice velikega števila zdravil še preučujejo, je umestna previdnost pri sočasni uporabi etorikoksiba in drugih zdravil, ki jih primarno presnavljajo človeške sulfotransferaze (npr. peroralni salbutamol in minoksidil).</s>
<s id="s1039.1">Vpliv etorikoksiba na zdravila, ki jih presnavljajo izoencimi CYP</s>
<s id="s1040.1">Na podlagi raziskav in vitro ne pričakujemo, da bi etorikoksib zaviral citokrome P450 (CYP) 1A2, 2C9, 2C19, 2D6, 2E1 ali 3A4.</s>
<s id="s1040.2">V raziskavi pri zdravih preiskovancih, ki so dnevno dobivali 120 mg etorikoksiba, se aktivnost jetrnega CYP3A4, ocenjena z eritromicinskim dihalnim testom, ni spremenila.</s>
<s id="s1041.1">Vpliv drugih učinkovin na farmakokinetiko etorikoksiba</s>
<s id="s1042.1">Glavna pot presnove etorikoksiba je odvisna od encimov CYP.</s>
<s id="s1042.2">Kaže, da in vivo k metabolizmu etorikoksiba prispeva CYP3A4.</s>
<s id="s1042.3">Podatki, pridobljeni in vitro kažejo, da CYP2D6, CYP2C9, CYP1A2 in CYP2C19 tudi lahko katalizirajo glavno metabolno pot, vendar njihova kvantitativna vloga in vivo ni bila preučena.</s>
<s id="s1043.1">Ketokonazol:</s>
<s id="s1043.2">Ketokonazol, močan zaviralec CYP3A4, ki so ga v odmerku 400 mg enkrat na dan 11 dni jemali zdravi prostovoljci, ni imel nobenega klinično pomembnega učinka na farmakokinetiko enkratnega 60 mg odmerka etorikoksiba (43% povečanje AUC).</s>
<s id="s1044.1">Rifampicin:</s>
<s id="s1044.2">Pri sočasnem jemanju etorikoksiba in rifampicina, močnega induktorja encimov CYP, se je plazemska koncentracija etorikoksiba zmanjšala za 65%.</s>
<s id="s1044.3">Ta interakcija lahko povzroči ponovni pojav simptomov pri sočasni uporabi etorikoksiba in rifampicina.</s>
<s id="s1044.4">Čeprav to lahko nakazuje povečanje odmerka, odmerkov etorikoksiba, večjih od tistih, navedenih za posamezno indikacijo, v kombinaciji z rifampicinom niso preučevali in jih zato ne priporočamo (glejte 4. 2).</s>
<s id="s1045.1">Antacidi:</s>
<s id="s1045.2">Antacidi ne vplivajo klinično pomembno na farmakokinetiko etorikoksiba.</s>
<s id="s1046.1">4. 6 Nosečnost in dojenje</s>
<s id="s1047.1">Nosečnost</s>
<s id="s1048.1">Uporabe etorikoksiba, tako kot uporabe drugih zdravil, ki zavirajo COX- 2, pri ženskah, ki nameravajo zanositi, ne priporočamo.</s>
<s id="s1049.1">Med obdobjem nosečnosti za etorikoksib ni na voljo nobenih kliničnih podatkov.</s>
<s id="s1049.2">Raziskave pri živalih so pokazale toksičnost za reprodukcijo (glejte 5. 3).</s>
<s id="s1049.3">Možnost za tveganje pri človeku v nosečnosti ni znana.</s>
<s id="s1049.4">Etorikoksib, tako kot druga zdravila, ki zavirajo tvorbo prostaglandinov, lahko povzroči inertnost maternice in prezgodnje zaprtje Botallovega voda (ductus arteriosus) v zadnjem tromesečju.</s>
<s id="s1049.5">Etorikoksib je kontraindiciran v nosečnosti (glejte 4. 3).</s>
<s id="s1049.6">Če ženska zanosi tekom zdravljenja, je treba etorikoksib ukiniti.</s>
<s id="s1050.1">29 Dojenje</s>
<s id="s1051.1">Ni znano, ali se etorikoksib izloča v materino mleko.</s>
<s id="s1051.2">Etorikoksib se izloča v mleko doječih podgan.</s>
<s id="s1051.3">Ženske, ki jemljejo etorikoksib, ne smejo dojiti.</s>
<s id="s1051.4">(Glejte 4. 3 in 5. 3.)</s>
<s id="s1052.1">4. 7 Vpliv na sposobnost vožnje in upravljanja s stroji</s>
<s id="s1053.1">Raziskave o vplivu etorikoksiba na sposobnost vožnje ali upravljanja s stroji niso bile izvedene.</s>
<s id="s1053.2">Bolniki, ki med jemanjem etorikoksiba občutijo omotico, vrtoglavico ali zaspanost, morajo opustiti vožnjo ali upravljanje strojev.</s>
<s id="s1054.1">4. 8 Neželeni učinki</s>
<s id="s1055.1">V kliničnih raziskavah so varnost etorikoksiba ovrednotili pri približno 4800 posameznikih, vključno s približno 3400 bolniki z OA, RA ali kronično bolečino v križu (približno 600 bolnikov z OA ali RA se je zdravilo eno leto ali več).</s>
<s id="s1056.1">V kliničnih raziskavah je bil profil neželenih učinkov podoben pri bolnikih z OA ali RA, ki so jih z etorikoksibom zdravili leto dni ali več.</s>
<s id="s1057.1">V klinični raziskavi akutnega uričnega artritisa so bolnike 8 dni zdravili s 120 mg etorikoksiba enkrat na dan.</s>
<s id="s1057.2">Profil neželenih učinkov v tej raziskavi je bil na splošno podoben kot v kombinaciji raziskav OA, RA in kronične bolečine v križu.</s>
<s id="s1058.1">O naslednjih neželenih učinkih, katerih pojavnost je bila večja kot pri placebu, so poročali v kliničnih raziskavah pri bolnikih z OA, RA ali kronično bolečino v križu, ki so se z etorikoksibom v odmerkih 60 mg ali 90 mg zdravili do 12 tednov:</s>
<s id="s1059.1">[Zelo pogosti (&gt; 1/ 10), pogosti (&gt; 1/ 100, &lt; 1/ 10), občasni (&gt; 1/ 1000, &lt; 1/ 100), redki (&gt; 1/ 10. 000, &lt; 1/ 1. 000), zelo redki (&lt; 1/ 10. 000 vključno s posameznimi primeri)]</s>
<s id="s1060.1">Infekcijske in parazitske bolezni:</s>
<s id="s1060.2">Občasne: gastroenteritis, okužbe zgornjih dihal, okužbe urinarnih poti.</s>
<s id="s1061.1">Bolezni imunskega sistema:</s>
<s id="s1061.2">Zelo redke: preobčutljivostne reakcije, vključno z angioedemom, anafilaktičnimi/ anafilaktoidnimi reakcijami.</s>
<s id="s1062.1">Presnovne in prehranske motnje:</s>
<s id="s1062.2">Pogoste: edemi/ zadrževanje tekočine.</s>
<s id="s1062.3">Občasne: sprememba teka, pridobivanje telesne teže.</s>
<s id="s1062.4">Psihiatrične motnje:</s>
<s id="s1062.5">Občasne: tesnoba, depresija, zmanjšana sposobnost jasnega mišljenja.</s>
<s id="s1062.6">Zelo redke: zmedenost, halucinacije</s>
<s id="s1063.1">Bolezni živčevja:</s>
<s id="s1063.2">Pogoste: omotica, glavobol.</s>
<s id="s1063.3">Občasne: motnje okušanja, nespečnost, parestezija/ hipestezija, zaspanost.</s>
<s id="s1064.1">Očesne bolezni:</s>
<s id="s1064.2">Občasne: zamegljen vid.</s>
<s id="s1065.1">Ušesne bolezni, vključno z motnjami labirinta:</s>
<s id="s1065.2">Občasne: tinitus.</s>
<s id="s1066.1">30 Srčne bolezni:</s>
<s id="s1066.2">Občasne: kongestivno srčno popuščanje, nespecifične spremembe EKG, miokardni infarkt *.</s>
<s id="s1067.1">Žilne bolezni:</s>
<s id="s1067.2">Pogoste: visok krvni tlak.</s>
<s id="s1067.3">Občasne: zardevanje, cerebrovaskularni dogodek *.</s>
<s id="s1067.4">Zelo redke: hipertenzivna kriza.</s>
<s id="s1068.1">Bolezni dihal, prsnega koša in mediastinalnega prostora:</s>
<s id="s1068.2">Občasne: kašelj, dispneja, epistaksa.</s>
<s id="s1068.3">Zelo redke: bronhospazem.</s>
<s id="s1069.1">Bolezni prebavil:</s>
<s id="s1069.2">Pogoste: prebavne motnje (npr. bolečina v trebuhu, vetrovi, zgaga), diareja, dispepsija, nelagodje v epigastriju, navzeja.</s>
<s id="s1069.3">Občasne: napihnjen trebuh, refluks kisline, spremenjen vzorec iztrebljanja, zaprtje, suha usta, razjeda želodca in dvanajstnika, sindrom iritabilnega kolona, ezofagitis, razjeda v ustih, bruhanje.</s>
<s id="s1069.4">Zelo redke: razjede v želodcu, vključno s perforacijami in krvavitvami v prebavilih (večinoma pri starejših bolnikih).</s>
<s id="s1070.1">Bolezni jeter, žolčnika in žolčevodov Zelo redke: hepatitis.</s>
<s id="s1071.1">Bolezni kože in podkožja:</s>
<s id="s1071.2">Občasne: ekhimoza, edemi obraza, pruritus, izpuščaj.</s>
<s id="s1071.3">Zelo redke: urtikarija, Stevens- Johnson- ov sindrom, toksična epidermalna nekroliza.</s>
<s id="s1072.1">Bolezni mišično- skeletnega sistema in vezivnega tkiva:</s>
<s id="s1072.2">Občasne: mišični krč/ spazem, mišično- skeletna bolečina/ okorelost.</s>
<s id="s1073.1">Bolezni sečil:</s>
<s id="s1073.2">Občasne: proteinurija.</s>
<s id="s1073.3">Zelo redke: ledvična okvara, vključno z ledvično odpovedjo, običajno reverzibilno po ukinitvi zdravljenja (glejte poglavje 4. 4).</s>
<s id="s1074.1">Splošne težave in spremembe na mestu aplikacije:</s>
<s id="s1074.2">Pogoste: splošna oslabelost/ utrujenost, gripi podobna bolezen.</s>
<s id="s1074.3">Občasne: bolečina v prsih.</s>
<s id="s1075.1">Preiskave:</s>
<s id="s1075.2">Pogoste: porast ALT, porast AST.</s>
<s id="s1075.3">Občasne: povečana sečnina v krvi, povečana kreatinfosfokinaza, zmanjšan hematokrit, zmanjšan hemoglobin, hiperkalemija, zmanjšano število levkocitov, zmanjšano število trombocitov, povečan serumski kreatinin, povečana sečna kislina.</s>
<s id="s1076.1">V povezavi z NSAR- i so poročali o naslednjih resnih neželenih učinkih, ki jih pri etorikoksibu ne moremo izključiti: nefrotoksičnost, vključno z intersticijskim nefritisom in nefrotskim sindromom; hepatotoksičnost, vključno z jetrno odpovedjo, zlatenico in pankreatitisom.</s>
<s id="s1077.1">* Glede na rezultate dolgoročnih, s placebom in drugim zdravilom primerjanih kliničnih raziskav so bili nekateri selektivni zaviralci COX- 2 povezani s povečanim tveganjem za resne trombotične dogodke v arterijah, vključno z miokardnim infarktom in možgansko kapjo.</s>
<s id="s1077.2">Glede na obstoječe podatke je malo verjetno, da absolutno povečanje tveganja teh dogodkov preseže 1% na leto (občasni).</s>
<s id="s1078.1">31 4. 9 Preveliko odmerjanje</s>
<s id="s1079.1">V kliničnih raziskavah niso poročali o primerih prevelikega odmerjanja.</s>
<s id="s1080.1">V kliničnih raziskavah enkratni odmerki etorikoksiba do 500 mg in večkratni odmerki do 150 mg dnevno 21 dni niso imeli pomembnih toksičnih učinkov.</s>
<s id="s1081.1">Če pride do zaužitja prevelikega odmerka, so primerni običajni podporni ukrepi, npr. odstranitev neabsorbiranega zdravila iz prebavil ter uvedba kliničnega nadzora in podpornega zdravljenja, če je to potrebno.</s>
<s id="s1082.1">Etorikoksiba se ne da odstraniti s hemodializo; ni znano, ali se etorikoksib dializira s peritonealno dializo.</s>
<s id="s1083.1">5.</s>
<s id="s1083.2">FARMAKOLOŠKE LASTNOSTI</s>
<s id="s1084.1">5. 1 Farmakodinamične lastnosti</s>
<s id="s1085.1">Farmakoterapevtska skupina:</s>
<s id="s1085.2">Nesteroidni protivnetni in protirevmatični pripravki, koksibi</s>
<s id="s1086.1">Oznaka ATC:</s>
<s id="s1086.2">M01 AH05</s>
<s id="s1087.1">Etorikoksib je znotraj območja kliničnih odmerkov peroralni selektivni zaviralec ciklooksigenaze- 2 (COX- 2).</s>
<s id="s1088.1">V kliničnih farmakoloških raziskavah je imela &lt; IZMIŠLJENO IME &gt; v odmerkih do 150 mg dnevno od odmerka odvisen zaviralni učinek na COX- 2, ne da bi zavirala COX- 1.</s>
<s id="s1088.2">Etorikoksib ni zaviral tvorbe prostaglandinov v želodcu in ni vplival na delovanje trombocitov.</s>
<s id="s1089.1">Ciklooksigenaza je odgovorna za tvorbo prostaglandinov.</s>
<s id="s1089.2">Poznamo dve izoobliki, COX- 1 in COX- 2.</s>
<s id="s1089.3">COX- 2 predstavlja izoobliko encima, za katero se je pokazalo, da jo inducirajo provnetni dražljaji in za katerega domnevajo, da je odgovoren predvsem za sintezo prostanoidnih mediatorjev bolečine, vnetja in vročine.</s>
<s id="s1089.4">COX- 2 ima vlogo tudi pri ovulaciji, vgnezdenju zarodka in zaprtju arterioznega duktusa, regulaciji ledvične funfcije ter funkcije v centralnem živčnem sistemu (indukcija vročine, dojemanje bolečine in kognitivna funkcija).</s>
<s id="s1089.5">Lahko igra vlogo tudi pri celjenju razjed.</s>
<s id="s1089.6">COX- 2 so odkrili v tkivu okoli želodčnih razjed pri človeku, vendar njenega pomena pri celjenju razjed še niso dokazali.</s>
<s id="s1090.1">Približno 3100 bolnikov so zdravili z etorikoksibom ≥ 60 mg dnevno 12 tednov ali več.</s>
<s id="s1090.2">Deleži resnih trombotičnih srčno- žilnih zapletov se pri bolnikih, ki so dobivali etorikoksib ≥ 60 mg, placebo ali NSAR- e, razen naproksena, niso opazno razlikovali.</s>
<s id="s1090.3">Vendar je bil delež teh zapletov večji pri bolnikih, ki so dobivali etorikoksib, kot pri tistih, ki so jemali naproksen 500 mg dvakrat na dan.</s>
<s id="s1090.4">Razlika v antitrombotičnem delovanju med nekaterimi NSAR- i, ki zavirajo COX- 1, in selektivnimi zaviralci COX- 2 je lahko klinično pomembna pri bolnikih s tveganjem za tromboembolične dogodke.</s>
<s id="s1090.5">Zaviralci COX- 2 zmanjšajo tvorbo sistemskega (in zato možno tudi endotelijskega) prostaciklina, ne da bi vplivali na tromboksan.</s>
<s id="s1090.6">Klinične pomembnosti tega odkritja niso dokazali.</s>
<s id="s1091.1">V raziskavi s približno 7. 100 bolniki z osteoartrozo so primerjali prenašanje etorikoksiba 90 mg (1, 5 - kratni priporočeni odmerek pri OA) in diklofenaka 150 mg v prebavilih.</s>
<s id="s1091.2">Bolniki so se zdravili povprečno 11 mesecev.</s>
<s id="s1091.3">Uporaba gastroprotektivnih zdravil in majhnih odmerkov acetilsalicilne kisline je bila v raziskavi dovoljena.</s>
<s id="s1091.4">Podatki o varnosti za prebavila in podatki o srčno- žilni varnosti so zbrani spodaj.</s>
<s id="s1092.1">Prenašanje in varnost v prebavilih:</s>
<s id="s1092.2">Etorikoksib je bil v primerjavi z diklofenakom povezan s statistično pomembno manjšo pojavnostjo prekinitev zdravljenja pri bolnikih zaradi vnaprej opredeljenega sestavljenega končnega dogodka: kliničnih neželenih učinkov v prebavilih in</s>
<s id="s1093.1">32 laboratorijskih neželenih učinkov v povezavi s povišanimi vrednostmi testov jetrne funkcije.</s>
<s id="s1093.2">Pojavnost kliničnih dogodkov v prebavilih, ki so pripeljali do prekinitve zdravljenja, je bila statistično pomembno manjša pri etorikoksibu kot pri diklofenaku (7, 1% proti 9, 1%).</s>
<s id="s1093.3">Deleži potrjenih perforacij, razjed in krvavitev zgornjih prebavil so bili pri etorikoksibu in diklofenaku enaki (1, 11 dogodka na 100 bolnikov- let).</s>
<s id="s1094.1">V raziskavi so prišli še do naslednjih ugotovitev v zvezi z varnostjo:</s>
<s id="s1095.1">Srčno- žilni podatki:</s>
<s id="s1095.2">Deleža resnih trombotičnih dogodkov sta bila: pri etorikoksibu 1, 25 dogodka na 100 bolnikov- let, pri diklofenaku pa 1, 15 dogodka na 100 bolnikov- let (relativno tveganje 1, 07, 95% interval zaupanja:</s>
<s id="s1095.3">0, 65%, 1, 74%).</s>
<s id="s1095.4">Deleža miokardnih infarktov sta bila 0, 68 proti 0, 42 na 100 bolnikov- let za etorikoksib oz. diklofenak.</s>
<s id="s1095.5">Deleža ishemičnih možganskih kapi sta bila 0, 14 proti 0, 23 na 100 bonikov- let za etorikoksib oz. diklofenak.</s>
<s id="s1096.1">Srčno- ledvični dogodki:</s>
<s id="s1096.2">Pri bolnikih, zdravljenih z etorikoksibom, je v primerjavi z diklofenakom prišlo do pomembno več neželenih učinkov, povezanih s hipertenzijo (11, 7% proti 5, 9%) in edemi (7, 5% proti 5, 9%).</s>
<s id="s1096.3">Opazili so večji delež prekinitev zaradi hipertenzije (2, 3% proti 0, 7%), ki je bil tudi statistično značilen.</s>
<s id="s1096.4">Pojavnost prekinitev zaradi edemov pa je bila 0, 9% za etorikoksib, za diklofenak pa 0, 7%.</s>
<s id="s1096.5">Pojavnost kongestivnega srčnega popuščanja je bila 0, 4% za etorikoksib, za diklofenak pa 0, 2%.</s>
<s id="s1097.1">Neželeni učinki v jetrih:</s>
<s id="s1097.2">Etorikoksib je bil v primerjavi z diklofenakom povezan s statistično pomembno manjšim deležem prekinitev zdravljenja predvsem zaradi povišanj vrednosti testov jetrne funkcije (0, 3% proti 5, 2%).</s>
<s id="s1097.3">Večina povišanj vrednosti testov jetrne funkcije, ki so privedle do prekinitve zdravljenja, je bilo več kot 3- kratna zgornja meja normale vrednosti.</s>
<s id="s1098.1">Pri bolnikih z osteoartrozo (OA) je etorikoksib 60 mg enkrat na dan pomembno olajšal bolečino in izboljšal bolnikovo oceno stanja bolezni.</s>
<s id="s1098.2">Ti koristni učinki so se pojavili že drugi dan zdravljenja in so vztrajali do 52 tednov.</s>
<s id="s1099.1">Pri bolnikih z revmatoidnim artritisom (RA) je etorikoksib 90 mg enkrat na dan pomembno olajšal bolečino in vnetje ter izboljšal gibljivost.</s>
<s id="s1099.2">Ti koristni učinki so trajali celotno 12- tedensko obdobje zdravljenja.</s>
<s id="s1100.1">Pri bolnikih z napadi akutnega uričnega artritisa je etorikoksib 120 mg enkrat na dan med osemdnevnim zdravljenjem olajšal zmerno do zelo hudo bolečino in vnetje v sklepih, primerljivo z indometacinom 50 mg trikrat na dan.</s>
<s id="s1100.2">Olajšanje bolečine so opazili že 4 ure po začetku zdravljenja.</s>
<s id="s1101.1">V raziskavah, ki so jih zasnovali posebej za določitev nastopa delovanja etorikoksiba, je delovanje nastopilo že 24 minut po odmerjanju.</s>
<s id="s1102.1">V dveh 12- tedenskih dvojno slepih endoskopskih raziskavah je bila kumulativna pojavnost razjed želodca in dvanajstnika pomembno manjša pri bolnikih, zdravljenih z etorikoksibom 120 mg enkrat na dan, kot pri bolnikih, zdravljenih z naproksenom 500 mg dvakrat na dan ali ibuprofenom 800 mg trikrat na dan.</s>
<s id="s1102.2">Pojavnost razjed je bila pri etorikoksibu večja kot pri placebu.</s>
<s id="s1103.1">V vnaprej opredeljeni, kombinirani analizi osmih kliničnih raziskav, ki je zajela približno 4000 bolnikov z OA, RA ali kronično bolečino v križu, so ocenjevali pojavnost naslednjih opazovanih dogodkov:</s>
<s id="s1103.2">1) prekinitev zdravljenja zaradi simptomov v zgornjih prebavilih, 2) prekinitev zdravljenja zaradi kakršnihkoli prebavnih neželenih učinkov, 3) uvedba zdravljenja z gastroprotektivnimi pripravki in 4) uvedba zdravljenja s katerimkoli zdravilom za zdravljenje bolezni prebavil.</s>
<s id="s1103.3">Tveganje za te opazovane dogodke je bilo približno za 50% manjše pri bolnikih, ki so se zdravili z etorikoksibom (60, 90 ali 120 mg dnevno), v primerjavi z bolniki, ki so dobivali naproksen 500 mg dvakrat na dan ali diklofenak 50 mg trikrat na dan.</s>
<s id="s1103.4">Med etorikoksibom in placebom ni bilo statistično značilne razlike.</s>
<s id="s1104.1">33 V randomizirani, dvojno slepi, s placebom primerjani, vzporedni raziskavi so ocenjevali učinek 15 - dnevnega zdravljenja z etorikoksibom (90 mg), celekoksibom (200 mg dvakrat na dan), naproksenom (500 mg dvakrat na dan) in placebom na izločanje natrija v urinu, krvni tlak in druge kazalce delovanja ledvic pri preiskovancih, starih 60 do 85 let, na dieti z 200 mEq natrija na dan.</s>
<s id="s1104.2">Vpliv etorikoksiba, celekoksiba in naproksena na izločanje natrija v urinu je bil v 2 tednih zdravljenja podoben.</s>
<s id="s1104.3">Vsa preučevana zdravila so v primerjavi s placebom zvišala sistolični krvni tlak, pri tem pa je bil etorikoksib v primerjavi s celekoksibom in naproksenom povezan s statistično pomembnim zvišanjem krvnega tlaka 14. dan zdravljenja (povprečna sprememba glede na izhodiščno vrednost sistoličnega krvnega tlaka: etorikoksib 7, 7 mmHg, celekoksib 2, 4 mmHg, naproksen 3, 6 mmHg).</s>
<s id="s1105.1">5. 2 Farmakokinetične lastnosti</s>
<s id="s1106.1">Absorpcija Peroralno zaužiti etorikoksib se dobro absorbira.</s>
<s id="s1106.2">Absolutna biološka uporabnost je približno 100%.</s>
<s id="s1106.3">Po odmerjanju 120 mg enkrat na dan do stanja dinamičnega ravnovesja so maksimalno plazemsko koncentracijo (geometrična sredina Cmax = 3, 6 µg/ ml) pri odraslem izmerili približno eno uro (Tmax) po zaužitju na tešče.</s>
<s id="s1106.4">Geometrična sredina površine pod krivuljo (AUC0– 24 ur) je znašala 37, 8 µg• h/ ml.</s>
<s id="s1106.5">Farmakokinetika etorikoksiba je v območju kliničnih odmerkov linearna.</s>
<s id="s1107.1">Jemanje s hrano (obrok z veliko maščobami) ni vplivalo na obseg absorbcije etorikoksiba po zaužitju 120 mg odmerka.</s>
<s id="s1107.2">Vplivalo je na hitrost absorpcije in povzročilo 36% zmanjšanje Cmax in podaljšanje tmax za 2 uri.</s>
<s id="s1107.3">Ti podatki ne veljajo za klinično pomembne.</s>
<s id="s1107.4">V kliničnih raziskavah se je etorikoksib uporabljal ne glede na vnos hrane.</s>
<s id="s1108.1">Porazdelitev Približno 92% etorikoksiba se pri ljudeh v koncentracijah 0, 05 do 5 µg/ ml veže na plazemske beljakovine.</s>
<s id="s1108.2">Volumen porazdelitve v stanju dinamičnega ravnovesja (Vdss) je bil pri ljudeh približno 120 l.</s>
<s id="s1109.1">Etorikoksib pri podganah in kuncih prehaja skozi posteljico.</s>
<s id="s1109.2">Pri podganah prehaja krvno- možgansko pregrado.</s>
<s id="s1110.1">Presnova Etorikoksib se močno presnavlja, &lt; 1% odmerka se pojavi v urinu v obliki prvotne učinkovine.</s>
<s id="s1110.2">Glavna presnovna pot je tvorba 6 '- hidroksimetil presnovka, ki jo katalizirajo encimi CYP.</s>
<s id="s1110.3">Pokazalo se je, da CYP3A4 sodeluje pri presnovi etorikoksiba in vivo.</s>
<s id="s1110.4">In vitro raziskave nakazujejo, da lahko tudi CYP2D6, CYP2C9, CYP1A2 in CYP2C19 katalizirajo glavno presnovno pot, vendar njihove kvantitativne vloge niso preučevali in vivo.</s>
<s id="s1111.1">Pri človeku so ugotovili pet presnovkov.</s>
<s id="s1111.2">Glavni presnovek je 6 '- karboksilni derivat etorikoksiba, ki nastane z nadaljnjo oksidacijo 6' - hidroksimetil presnovka.</s>
<s id="s1111.3">Ta glavna presnovka nimata merljive aktivnosti ali le šibko zavirata COX- 2.</s>
<s id="s1111.4">Noben od teh presnovkov ne zavira COX- 1.</s>
<s id="s1112.1">Izločanje Po enkratnem intravenskem odmerku 25 mg radioaktivno označenega etorikoksiba, ki so ga dobili zdravi preiskovanci, se je 70% radioaktivnosti izločilo v urinu in 20% v blatu, večinoma v obliki presnovkov.</s>
<s id="s1112.2">Manj kot 2% sta se izločila v obliki nespremenjene učinkovine.</s>
<s id="s1113.1">Izločanje etorikoksiba poteka skoraj izključno s presnavljanjem, ki mu sledi izločanje skozi ledvice.</s>
<s id="s1113.2">Ravnotežne koncentracije se dosežejo v sedmih dneh po odmerjanju 120 mg dnevno.</s>
<s id="s1113.3">Akumulacijsko razmerje je približno 2, kar ustreza razpolovnemu času približno 22 ur.</s>
<s id="s1113.4">Ocenjujejo, da znaša plazemski očistek približno 50 ml/ min.</s>
<s id="s1114.1">34 Značilnosti pri bolnikih</s>
<s id="s1115.1">Starejši bolniki: farmakokinetika pri starejših bolnikih (starih 65 let ali več) je podobna kot pri mlajših bolnikih.</s>
<s id="s1116.1">Spol: farmakokinetika etorikoksiba je pri moških in ženskah podobna.</s>
<s id="s1117.1">Jetrna okvara: pri bolnikih z blago motnjo delovanja jeter (lestvica po Child- Pughu 5– 6), ki so dobivali 60 mg etorikoksiba enkrat na dan, je bila povprečna AUC za približno 16% večja kot pri zdravih preiskovancih, ki so dobivali enak odmerek.</s>
<s id="s1117.2">Bolniki z zmerno motnjo delovanja jeter (lestvica po Child- Pughu 7– 9), ki so dobivali 60 mg etorikoksiba vsak drugi dan, so imeli povprečno AUC podobno kot zdravi preiskovanci, ki so jemali etorikoksib 60 mg enkrat na dan.</s>
<s id="s1117.3">Kliničnih ali farmakokinetičnih podatkov za bolnike s hudo motnjo delovanja jeter (lestvica po Child- Pughu ≥ 10) nimamo.</s>
<s id="s1117.4">(Glejte 4. 2 in 4. 3.)</s>
<s id="s1118.1">Ledvična okvara:</s>
<s id="s1118.2">Farmakokinetika enkratnega odmerka 120 mg etorikoksiba pri bolnikih z zmerno do hudo ledvično okvaro ter pri bolnikih s končno ledvično odpovedjo na hemodializi, se ni pomembno razlikovala od farmakokinetike pri zdravih preiskovancih.</s>
<s id="s1118.3">Hemodializa je k izločanju prispevala le neznatno (očistek dialize približno 50 ml/ min).</s>
<s id="s1118.4">(Glejte 4. 3 in 4. 4.)</s>
<s id="s1119.1">Pediatrični bolniki: farmakokinetike etorikoksiba pri pediatričnih bolnikih (&lt; 12 let) niso preučevali.</s>
<s id="s1120.1">V farmakokinetični raziskavi (n = 16) pri mladostnikih (starih 12 do 17 let) je bila farmakokinetika pri mladostnikih s telesno težo 40 do 60 kg, ki so dobivali etorikoksib 60 mg enkrat na dan, in mladostnikih s telesno težo &gt; 60 kg, ki so dobivali etorikoksib 90 mg enkrat na dan, podobna farmakokinetiki pri odraslih, ki so dobivali 90 mg etorikoksiba enkrat na dan.</s>
<s id="s1120.2">Varnosti in učinkovitosti etorikoksiba pri pediatričnih bolnikih niso ugotavljali.</s>
<s id="s1120.3">(Glejte 4. 2 Pediatrični bolniki.)</s>
<s id="s1121.1">5. 3 Predklinični podatki o varnosti</s>
<s id="s1122.1">V predkliničnih raziskavah se je pokazalo, da etorikoksib ni genotoksičen.</s>
<s id="s1122.2">Etorikoksib ni deloval karcinogeno pri miših.</s>
<s id="s1122.3">Pri podganah so se pojavili hepatocelularni adenomi in folikularni adenomi ščitnice pri &gt; 2- kratnem dnevnem odmerku za človeka (90 mg) glede na sistemsko izpostavitev pri dnevnem odmerjanju približno dve leti.</s>
<s id="s1122.4">Hepatocelularni adenomi in folikularni adenomi ščitnice, ki so jih opazili pri podganah, so posledica za podgane specifičnega mehanizma, povezanega z jetrno indukcijo encimov CYP.</s>
<s id="s1122.5">Ni se pokazalo, da bi etorikoksib pri ljudeh induciral jetrne encime CYP3A.</s>
<s id="s1123.1">Pri podganah se je toksičnost za prebavila povečala z odmerkom in časom izpostavitve.</s>
<s id="s1123.2">V 14- tedenski raziskavi toksičnosti je etorikoksib povzročil razjede v prebavilih pri izpostavitvah, večjih od tistih pri človeku pri terapevtskem odmerku.</s>
<s id="s1123.3">V 53 - in 106- tedenskih raziskavah toksičnosti so razjede v prebavilih opazili tudi pri izpostavitvah, ki so bile primerljive s tistimi pri človeku pri terapevtskem odmerku.</s>
<s id="s1123.4">Pri psih so nenormalnosti ledvic in prebavil opazili pri velikih izpostavitvah.</s>
<s id="s1124.1">Etorikoksib ni deloval teratogeno v raziskavah reproduktivne toksičnosti pri podganah, ki so dobivale odmerek 15 mg/ kg/ dan (kar predstavlja glede na sistemsko izpostavitev približno 1, 5- kratni priporočeni dnevni odmerek pri človeku (90 mg)).</s>
<s id="s1124.2">Pri kuncih niso opazili nobenih z zdravljenjem povezanih zunanjih ali skeletnih malformacij ploda.</s>
<s id="s1124.3">Pri kuncih, ki so dobivali etorikoksib, so opazili majhno od odmerka neodvisno pojavnost kardiovaskularnih malformacij.</s>
<s id="s1124.4">Povezava z zdravljenjem ni bila dokazana.</s>
<s id="s1124.5">Pri podganah in kuncih niso ugotovili vpliva na zarodek/ plod pri sistemski izpostavitvi, enaki ali manjši od priporočenega dnevnega odmerka pri človeku (90 mg).</s>
<s id="s1124.6">Vendar pa se je preživetje zarodka/ ploda zmanjšalo pri izpostavitvi, enaki ali večji od 1, 5- kratne izpostavitve pri človeku (glejte 4. 3 in 4. 6).</s>
<s id="s1125.1">Etorikoksib se izloča v materino mleko podgan v koncentracijah, ki so približno dvakratnik koncentracij v plazmi.</s>
<s id="s1125.2">Mladičem samic, ki so v obdobju dojenja dobivale etorikoksib, se je zaradi izpostavitve mleku zmanjšala njihova telesna teža.</s>
<s id="s1126.1">35 6.</s>
<s id="s1126.2">FARMACEVTSKI PODATKI</s>
<s id="s1127.1">6. 1 Seznam pomožnih snovi</s>
<s id="s1128.1">Jedro: kalcijev hidrogenfosfat (brezvoden), premrežen natrijev karmelozat, magnezijev stearat, mikrokristalna celuloza.</s>
<s id="s1129.1">Obloga tablete: karnauba vosek, laktoza monohidrat, hipromeloza, titanov dioksid (E 171), gliceriltriacetat.</s>
<s id="s1129.2">60 mg in 120 mg tablete vsebujejo še indigo karmin (E 132) in rumeni železov oksid (E 172).</s>
<s id="s1130.1">6. 2 Inkompatibilnosti</s>
<s id="s1131.1">Navedba smiselno ni potrebna.</s>
<s id="s1132.1">6. 3 Rok uporabnosti</s>
<s id="s1133.1">2 leti.</s>
<s id="s1134.1">6. 4 Posebna navodila za shranjevanje</s>
<s id="s1135.1">Plastenke:</s>
<s id="s1135.2">Vsebnik shranjujte tesno zaprt.</s>
<s id="s1136.1">Pretisni omoti:</s>
<s id="s1136.2">Shranjujte v originalni ovojnini.</s>
<s id="s1137.1">6. 5 Vrsta ovojnine in vsebina</s>
<s id="s1138.1">Aluminij/ aluminij pretisni omoti v škatlah, ki vsebujejo 2, 5, 7, 10, 14, 20, 28, 30, 50, 84, 98 ali 100 tablet.</s>
<s id="s1139.1">Aluminij/ aluminij pretisni omoti (enoodemrni) v škatlah po 50 ali 100 tablet.</s>
<s id="s1140.1">Bele, okrogle HDPE plastenke z belim polipropilenskim zamaškom s 30 ali 90 tabletami.</s>
<s id="s1141.1">Na trgu ni vseh navedenih pakiranj.</s>
<s id="s1142.1">6. 6 Navodila za uporabo in ravnanje z zdravilom</s>
<s id="s1143.1">Ni posebnih zahtev.</s>
<s id="s1144.1">7.</s>
<s id="s1144.2">IMETNIK DOVOLJENJA ZA PROMET</s>
<s id="s1145.1">Merck Sharp &amp; Dohme, inovativna zdravila d. o. o.</s>
<s id="s1145.2">Šmartinska cesta 140 1000 Ljubljana Slovenija</s>
<s id="s1146.1">8.</s>
<s id="s1146.2">ŠTEVILKA (ŠTEVILKE) DOVOLJENJA (DOVOLJENJ) ZA PROMET</s>
<s id="s1147.1">60 mg: zloženke po 7 tablet:</s>
<s id="s1147.2">5363- I- 646/ 02 zloženke po 14 tablet:</s>
<s id="s1147.3">5363- I- 647/ 02 zloženke po 28 tablet:</s>
<s id="s1147.4">5363- I- 648/ 02 90 mg:</s>
<s id="s1148.1">36 zloženke po 7 tablet:</s>
<s id="s1148.2">5363- I- 649/ 02 zloženke po 14 tablet:</s>
<s id="s1148.3">5363- I- 650/ 02 zloženke po 28 tablet:</s>
<s id="s1148.4">5363- I- 651/ 02 120 mg: zloženke po 7 tablet:</s>
<s id="s1148.5">5363- I- 652/ 02 zloženke po 14 tablet:</s>
<s id="s1148.6">5363- I- 653/ 02 zloženke po 28 tablet:</s>
<s id="s1148.7">5363- I- 654/ 02</s>
<s id="s1149.1">9.</s>
<s id="s1149.2">DATUM PRIDOBITVE/ PODALJŠANJA DOVOLJENJA ZA PROMET</s>
<s id="s1150.1">20. 11. 2002</s>
<s id="s1151.1">10.</s>
<s id="s1151.2">DATUM ZADNJE REVIZIJE BESEDILA</s>
<s id="s1152.1">37 DODATEK IV</s>
<s id="s1153.1">POGOJI DOVOLJENJA ZA PROMET Z ZDRAVILOM</s>
<s id="s1154.1">38 Nadaljnji ukrepi imetnika dovoljenja za promet z zdravilom</s>
<s id="s1155.1">Glede na zahteve CHMP- ja se je imetnik dovoljenja za promet strinjal, da bo izvedel nadaljnje ukrepe kot so navedeni spodaj</s>
<s id="s1156.1">Področje Klinični vidik 1</s>
<s id="s1157.1">Opis Imetnik dovoljenja za promet se zavezuje, da bo obvestil CHMP o izidu študij MEDAL in EDGE II o kardiovaskularni in gastrointestinalni varnosti po njunem zaključku in ustrezno predložil potrebne posodobljene podatke.</s>
<s id="s1158.1">Klinični vidik 2</s>
<s id="s1159.1">Da bo v GPRD (General Practice Research Database) še naprej spremljal izpostavljenost bolnikov etorikoksibu ter ocenil možen prispevek opazovalne/ ih študije/ ij.</s>
<s id="s1159.2">Da bo CHMP- ju predložil opisni protokol študije.</s>
<s id="s1160.1">Klinični vidik 3</s>
<s id="s1161.1">Nadaljnje revizije SPC- ja se nemudoma sporočijo poklicnim zdravstvenim delavcem (Health Care Professionals, HCP) in se takoj vnesejo v vse tiskano gradivo in objave na spletnih straneh.</s>
<s id="s1162.1">Klinični vidik 4</s>
<s id="s1163.1">Da bo izvedel svoj načrt o obvladovanju tveganj, kot ga je sporočil CHMP- ju na sestanku maja 2005 in kot je opisan v odgovoru na poročilo o oceni z dne 10. maja 2005.</s>
<s id="s1164.1">39</s>
</body>
</letsmt>
