<?xml version="1.0" encoding="utf-8"?>
<letsmt version="1.0">
<head></head>
<body>
<s id="s1.1">European Medicines Agency Veterinary Medicines</s>
<s id="s2.1">EMEA/ V/ C/ 138</s>
<s id="s3.1">EVROPSKO JAVNO POROČILO O OCENI ZDRAVILA (EPAR)</s>
<s id="s4.1">ACTICAM</s>
<s id="s5.1">Povzetek EPAR za javnost</s>
<s id="s6.1">Ta dokument je povzetek evropskega javnega poročila o oceni zdravila (EPAR).</s>
<s id="s6.2">Njegov namen je pojasniti, kako je Odbor za zdravila za uporabo v veterinarski medicini (CVMP) ocenil predloženo dokumentacijo, na podlagi katere je oblikoval priporočila glede uporabe zdravila.</s>
<s id="s6.3">Ta dokument ne more nadomestiti osebnega pogovora z veterinarjem.</s>
<s id="s6.4">Če potrebujete več informacij o zdravstvenem stanju ali zdravljenju svoje živali, se posvetujte z veterinarjem.</s>
<s id="s6.5">Če želite več informacij, ki temeljijo na priporočilih CVMP, preberite znanstveno razpravo (ki je prav tako del EPAR).</s>
<s id="s7.1">Kaj je zdravilo Acticam?</s>
<s id="s7.2">Zdravilo Acticam vsebuje meloksikam, ki spada v skupino zdravil s protivnetnim delovanjem.</s>
<s id="s7.3">Zdravilo Acticam je na voljo v obliki peroralne suspenzije za pse v odmerku 1, 5 mg/ ml (ki se zmeša s hrano) in raztopine za injiciranje v odmerku 5 mg/ ml.</s>
<s id="s8.1">Zdravilo Acticam je „ generično “ zdravilo.</s>
<s id="s8.2">To pomeni, da je podobno „ referenčnemu veterinarskemu zdravilu “, ki je že bilo odobreno v EU (zdravilu Metacam 1, 5 mg/ ml peroralna</s>
<s id="s9.1">suspenzija).</s>
<s id="s10.1">Študije</s>
<s id="s11.1">so</s>
<s id="s12.1">pokazale,</s>
<s id="s13.1">da je zdrav</s>
<s id="s14.1">je so pokazale, da je</s>
<s id="s15.1">zdravilo</s>
<s id="s16.1">Acticam</s>
<s id="s17.1">„ biološko</s>
<s id="s18.1">enakovredno “ referenčnemu veterinarskemu zdravilu, to pomeni, da je zdravilo Acticam enako zdravilu Metacam 1, 5 mg/ ml peroralna suspenzija glede načina, kako ga telo absorbira in uporabi.</s>
<s id="s19.1">Za kaj se zdravilo Acticam uporablja?</s>
<s id="s19.2">Psi:</s>
<s id="s19.3">Umirjanje vnetja in lajšanje bolečine pri akutnih in kroničnih mišično- skeletnih obolenjih ter lajšanje pooperativne bolečine in zmanjšanje vnetja po ortopedskih operacijah in operacijah mehkega tkiva.</s>
<s id="s20.1">Mačke:</s>
<s id="s20.2">Lajšanje pooperativne bolečine po ovariohisterektomiji in manjših operacijah mehkega tkiva.</s>
<s id="s21.1">Kako zdravilo Acticam deluje?</s>
<s id="s21.2">Zdravilo Acticam vsebuje meloksikam, ki spada v skupino zdravil, ki jim pravimo nesteroidna protivnetna zdravila (NSPVZ).</s>
<s id="s21.3">Meloksikam učinkuje tako, da zavira sintezo prostaglandinov.</s>
<s id="s21.4">Prostaglandini so snovi, ki povzročajo vnetje, bolečino, izločanje tekočine in zvišano telesno temperaturo, meloksikam pa zmanjšuje obseg teh odzivov.</s>
<s id="s22.1">Kako je bilo zdravilo Acticam raziskano?</s>
<s id="s22.2">Zdravilo Actican so proučevali v primerjavi z zdravilom Metacam, ki že ima dovoljenje za promet v EU.</s>
<s id="s22.3">V študiji so proučevali absorbiranje zdravila Acticam ter njegove učinke na telo v primerjavi z zdravilom Metacam 1, 5 mg/ ml peroralna suspenzija.</s>
<s id="s23.1">7 Westferry Circus, Canary Wharf, London E14 4HB, UK Tel.</s>
<s id="s23.2">(44- 20) 74 18 84 00 Fax (44- 20) 74 18 84 47 E- mail: mail@ emea. europa. eu http: // www. emea. europa. eu © European Medicines Agency, 2008.</s>
<s id="s23.3">Reproduction is authorised provided the source is acknowledged.</s>
<s id="s23.4">Kakšne koristi je zdravilo Acticam izkazalo med študijami?</s>
<s id="s23.5">Zdravilo Acticam je učinkovito pri umirjanju vnetja in lajšanju bolečine pri akutnih in kroničnih mišično- skeletnih obolenjih ter lajšanju pooperativne bolečine po ortopedskih operacijah in operacijah mehkega tkiva pri psih ter lajšanju pooperativne bolečine po ovariohisterektomiji in manjših operacijah mehkega tkiva pri mačkah.</s>
<s id="s24.1">Kakšna tveganja so povezana z zdravilom Acticam?</s>
<s id="s24.2">Občasni neželeni učinki zdravila Acticam so enaki kot pri drugih nesteroidnih protivnetnih zdravilih in vključujejo izgubo teka, bruhanje, drisko, kri v blatu in apatijo (pomanjkanje vitalnosti).</s>
<s id="s24.3">Običajno se pojavijo v prvem tednu zdravljenja in so ponavadi začasni.</s>
<s id="s24.4">Po prekinitvi zdravljenja izzvenijo.</s>
<s id="s24.5">V zelo redkih primerih so lahko resni ali povzročijo smrtni izid.</s>
<s id="s25.1">Zdravilo Acticam se ne sme uporabljati pri brejih živalih ali živalih v obdobju laktacije, ker varnost zdravila v teh primerih ni bila ugotovljena.</s>
<s id="s25.2">Zdravilo Acticam se ne sme uporabljati pri živalih z obolenji prebavil ali hemoragičnih obolenjih ter pri motnjah jetrne ali ledvične funkcije, živalih z ugotovljeno preobčutljivostjo na nesteroidna protivnetna zdravila ter živalih, mlajših od 6 tednov, ali mačkah, lažjih od 2 kg.</s>
<s id="s26.1">Pri mačkah zdravljenja ne smete nadaljevati s peroralno obliko meloksikama ali drugega nesteroidnega protivnetnega zdravila, ker pri njih še ni določen varen odmerek za takšno nadaljevalno peroralno zdravljenje.</s>
<s id="s27.1">Kakšne previdnostne ukrepe mora upoštevati oseba, ki daje zdravilo ali pride v stik z živaljo?</s>
<s id="s27.2">Osebe z znano preobčutljivostjo (alergijo) za nesteroidna protivnetna zdravila naj se izogibajo stiku z zdravilom.</s>
<s id="s27.3">Nenamerno samoinjiciranje lahko povzroči bolečino.</s>
<s id="s27.4">V primeru, da zdravilo nenamerno zaužije človek, se je treba nemudoma posvetovati z zdravnikom.</s>
<s id="s27.5">V primeru nenamernega samoinjiciranja se takoj posvetujte z zdravnikom in mu pokažite navodilo za uporabo ali ovojnino.</s>
<s id="s28.1">Zakaj je bilo zdravilo Acticam odobreno?</s>
<s id="s28.2">Odbor za zdravila za uporabo v veterinarski medicini (CVMP) je menil, da se je zdravilo Acticam v skladu z zahtevami Evropske unije izkazalo kot biološko enakovredno zdravilu Metacam 1, 5 mg/ ml peroralna suspenzija.</s>
<s id="s28.3">Odbor za zdravila za uporabo v veterinarski medicini (CVMP) je zaključil, da so koristi zdravila Acticam pri umirjanju vnetja in lajšanju bolečine pri akutnih in kroničnih mišično- skeletnih obolenjih, lajšanju pooperativne bolečine in vnetja po ortopedskih operacijah in operacijah mehkega tkiva pri psih ter lajšanju pooperativne bolečine po ovariohisterektomiji in manjših operacijah mehkega tkiva pri mačkah večje od z njim povezanih tveganj, in priporočil, da se za zdravilo Acticam odobri dovoljenje za promet.</s>
<s id="s28.4">Razmerje med koristmi in tveganji najdete v modulu 6 tega evropskega javnega poročila o oceni zdravila (EPAR).</s>
<s id="s29.1">Druge informacije o zdravilu Acticam:</s>
<s id="s29.2">Evropska komisija je dovoljenje za promet z zdravilom Acticam, veljavno po vsej Evropski uniji, odobrila družbi Omnipharm Ltd dne 9. decembra 2008.</s>
<s id="s29.3">Podatki o predpisovanju tega zdravila so navedeni na nalepki/ zunanji ovojnini.</s>
<s id="s30.1">Povzetek je bil nazadnje posodobljen 12- 2008.</s>
<s id="s31.1">Stran2/ 2 ©EMEA 2008</s>
</body>
</letsmt>
