<?xml version="1.0" encoding="utf-8"?>
<letsmt version="1.0">
<head></head>
<body>
<s id="s1.1">EU številka</s>
<s id="s2.1">Izmišljeno ime Jakost</s>
<s id="s3.1">Farmacevtska oblika</s>
<s id="s4.1">Ciljna živalska vrsta</s>
<s id="s5.1">Način uporabe Ovojnina zdravila</s>
<s id="s6.1">Vsebina</s>
<s id="s7.1">Velikost pakiranja</s>
<s id="s8.1">Karenca</s>
<s id="s9.1">EU/ 2/ 08/ 088/ 00</s>
<s id="s10.1">1 Acticam</s>
<s id="s11.1">1, 5 mg/ ml</s>
<s id="s12.1">oralna suspenzija</s>
<s id="s13.1">psi</s>
<s id="s14.1">peroralna</s>
<s id="s15.1">polietilenska steklenička</s>
<s id="s16.1">10 ml 1</s>
<s id="s17.1">Navedba ni smiselna.</s>
<s id="s18.1">polietilenska EU/ 2/ 08/ 088/ 002 Acticam</s>
<s id="s19.1">1, 5 mg/ ml</s>
<s id="s20.1">oralna suspenzija</s>
<s id="s21.1">psi</s>
<s id="s22.1">peroralna</s>
<s id="s23.1">steklenička</s>
<s id="s24.1">32 ml 1</s>
<s id="s25.1">Navedba ni smiselna.</s>
<s id="s26.1">polietilenska</s>
<s id="s27.1">EU/ 2/ 08/ 088/ 003 Acticam</s>
<s id="s28.1">1, 5 mg/ ml</s>
<s id="s29.1">oralna suspenzija</s>
<s id="s30.1">psi</s>
<s id="s31.1">peroralna</s>
<s id="s32.1">steklenička</s>
<s id="s33.1">100 ml 1</s>
<s id="s34.1">Navedba ni smiselna.</s>
<s id="s35.1">EU/ 2/ 08/ 088/ 004 Acticam</s>
<s id="s36.1">5 mg/ ml</s>
<s id="s37.1">raztopina</s>
<s id="s38.1">psi in</s>
<s id="s39.1">podkožno ali</s>
<s id="s40.1">injekcijska</s>
<s id="s41.1">10 ml 1</s>
<s id="s42.1">Navedba ni smiselna.</s>
<s id="s43.1">za injiciranje</s>
<s id="s44.1">mačke</s>
<s id="s45.1">intravensko</s>
<s id="s46.1">viala (steklena)</s>
<s id="s47.1">1/ 1</s>
</body>
</letsmt>
