<?xml version="1.0" encoding="utf-8"?>
<text>
<head id="1">
<s id="s1.1">
 <w id="w1.1.1">Številka</w> 
 <w id="w1.1.2">EU</w>
</s></head>

<head id="2">
<s id="s2.1">
 <w id="w2.1.1">Izmišljeno</w> 
 <w id="w2.1.2">ime</w>
</s></head>

<head id="3">
<s id="s3.1">
 <w id="w3.1.1">Jakost</w>
</s></head>

<head id="4">
<s id="s4.1">
 <w id="w4.1.1">Farmacevtska</w>      
 <w id="w4.1.2">oblika</w>
</s></head>

<head id="5">
<s id="s5.1">
 <w id="w5.1.1">Pot</w> 
 <w id="w5.1.2">uporabe</w>
</s></head>

<head id="6">
<s id="s6.1">
 <w id="w6.1.1">Ovojnina</w>
</s></head>

<head id="7">
<s id="s7.1">
 <w id="w7.1.1">Velikost</w> 
 <w id="w7.1.2">pakiranja</w>
</s></head>

<p id="8">
<s id="s8.1">
 <w id="w8.1.1">EU/</w>
 <w id="w8.1.2">1/</w>
 <w id="w8.1.3">03/</w>
 <w id="w8.1.4">262/</w>
 <w id="w8.1.5">001</w>   
 <w id="w8.1.6">EU/</w>
 <w id="w8.1.7">1/</w>
 <w id="w8.1.8">03/</w>
 <w id="w8.1.9">262/</w>
 <w id="w8.1.10">002</w>   
 <w id="w8.1.11">EU/</w>
 <w id="w8.1.12">1/</w>
 <w id="w8.1.13">03/</w>
 <w id="w8.1.14">262/</w>
 <w id="w8.1.15">003</w>   
 <w id="w8.1.16">EU/</w>
 <w id="w8.1.17">1/</w>
 <w id="w8.1.18">03/</w>
 <w id="w8.1.19">262/</w>
 <w id="w8.1.20">004</w>   
 <w id="w8.1.21">EU/</w>
 <w id="w8.1.22">1/</w>
 <w id="w8.1.23">03/</w>
 <w id="w8.1.24">262/</w>
 <w id="w8.1.25">005</w>   
 <w id="w8.1.26">EU/</w>
 <w id="w8.1.27">1/</w>
 <w id="w8.1.28">03/</w>
 <w id="w8.1.29">262/</w>
 <w id="w8.1.30">006</w>
</s></p>

<p id="9">
<s id="s9.1">
 <w id="w9.1.1">EMEND</w>            
 <w id="w9.1.2">EMEND</w>            
 <w id="w9.1.3">EMEND</w>            
 <w id="w9.1.4">EMEND</w>            
 <w id="w9.1.5">EMEND</w>            
 <w id="w9.1.6">EMEND</w>
</s></p>

<p id="10">
<s id="s10.1">
 <w id="w10.1.1">80</w> 
 <w id="w10.1.2">mg</w>            
 <w id="w10.1.3">80</w> 
 <w id="w10.1.4">mg</w>            
 <w id="w10.1.5">80</w> 
 <w id="w10.1.6">mg</w>            
 <w id="w10.1.7">125</w> 
 <w id="w10.1.8">mg</w>           
 <w id="w10.1.9">125</w> 
 <w id="w10.1.10">mg</w>           
 <w id="w10.1.11">125</w> 
 <w id="w10.1.12">mg</w> 
 <w id="w10.1.13">+</w> 
 <w id="w10.1.14">80</w> 
 <w id="w10.1.15">mg</w>
</s></p>

<p id="11">
<s id="s11.1">
 <w id="w11.1.1">Kapsula</w>
 <w id="w11.1.2">,</w> 
 <w id="w11.1.3">trda</w>     
 <w id="w11.1.4">Kapsula</w>
 <w id="w11.1.5">,</w> 
 <w id="w11.1.6">trda</w>     
 <w id="w11.1.7">Kapsula</w>
 <w id="w11.1.8">,</w> 
 <w id="w11.1.9">trda</w>     
 <w id="w11.1.10">Kapsula</w>
 <w id="w11.1.11">,</w> 
 <w id="w11.1.12">trda</w>     
 <w id="w11.1.13">Kapsula</w>
 <w id="w11.1.14">,</w> 
 <w id="w11.1.15">trda</w>     
 <w id="w11.1.16">Kapsula</w>
 <w id="w11.1.17">,</w> 
 <w id="w11.1.18">trda</w>
</s></p>

<p id="12">
<s id="s12.1">
 <w id="w12.1.1">Peroralna</w> 
 <w id="w12.1.2">uporaba</w>   
 <w id="w12.1.3">Peroralna</w> 
 <w id="w12.1.4">uporaba</w>   
 <w id="w12.1.5">Peroralna</w> 
 <w id="w12.1.6">uporaba</w>   
 <w id="w12.1.7">Peroralna</w> 
 <w id="w12.1.8">uporaba</w>   
 <w id="w12.1.9">Peroralna</w> 
 <w id="w12.1.10">uporaba</w>   
 <w id="w12.1.11">Peroralna</w> 
 <w id="w12.1.12">uporaba</w>
</s></p>

<p id="13">
<s id="s13.1">
 <w id="w13.1.1">aluminijev</w> 
 <w id="w13.1.2">pretisni</w> 
 <w id="w13.1.3">omot</w>   
 <w id="w13.1.4">aluminijev</w> 
 <w id="w13.1.5">pretisni</w> 
 <w id="w13.1.6">omot</w>   
 <w id="w13.1.7">aluminijev</w> 
 <w id="w13.1.8">pretisni</w> 
 <w id="w13.1.9">omot</w>   
 <w id="w13.1.10">aluminijev</w> 
 <w id="w13.1.11">pretisni</w> 
 <w id="w13.1.12">omot</w>   
 <w id="w13.1.13">aluminijev</w> 
 <w id="w13.1.14">pretisni</w> 
 <w id="w13.1.15">omot</w>   
 <w id="w13.1.16">aluminijev</w> 
 <w id="w13.1.17">pretisni</w> 
 <w id="w13.1.18">omot</w>
</s></p>

<p id="14">
<s id="s14.1">
 <w id="w14.1.1">1</w> 
 <w id="w14.1.2">kapsula</w> 
 <w id="w14.1.3">2</w> 
 <w id="w14.1.4">kapsuli</w> 
 <w id="w14.1.5">5</w> 
 <w id="w14.1.6">x</w> 
 <w id="w14.1.7">1</w> 
 <w id="w14.1.8">kapsula</w> 
 <w id="w14.1.9">1</w> 
 <w id="w14.1.10">kapsula</w> 
 <w id="w14.1.11">5</w> 
 <w id="w14.1.12">x</w> 
 <w id="w14.1.13">1</w> 
 <w id="w14.1.14">kapsula</w> 
 <w id="w14.1.15">1</w> 
 <w id="w14.1.16">kapsula</w> 
 <w id="w14.1.17">(</w>
 <w id="w14.1.18">125</w> 
 <w id="w14.1.19">mg</w>
 <w id="w14.1.20">)</w> 
 <w id="w14.1.21">+</w> 
 <w id="w14.1.22">2</w> 
 <w id="w14.1.23">kapsuli</w> 
 <w id="w14.1.24">(</w>
 <w id="w14.1.25">80</w> 
 <w id="w14.1.26">mg</w>
 <w id="w14.1.27">)</w>
</s></p>

<head id="15">
<s id="s15.1">
 <w id="w15.1.1">EU/</w>
 <w id="w15.1.2">1/</w>
 <w id="w15.1.3">03/</w>
 <w id="w15.1.4">262/</w>
 <w id="w15.1.5">007</w>   
 <w id="w15.1.6">EU/</w>
 <w id="w15.1.7">1/</w>
 <w id="w15.1.8">03/</w>
 <w id="w15.1.9">262/</w>
 <w id="w15.1.10">008</w>
</s></head>

<head id="16">
<s id="s16.1">
 <w id="w16.1.1">EMEND</w>            
 <w id="w16.1.2">EMEND</w>
</s></head>

<head id="17">
<s id="s17.1">
 <w id="w17.1.1">40</w> 
 <w id="w17.1.2">mg</w>            
 <w id="w17.1.3">40</w> 
 <w id="w17.1.4">mg</w>
</s></head>

<head id="18">
<s id="s18.1">
 <w id="w18.1.1">Kapsula</w>
 <w id="w18.1.2">,</w> 
 <w id="w18.1.3">trda</w>     
 <w id="w18.1.4">Kapsula</w>
 <w id="w18.1.5">,</w> 
 <w id="w18.1.6">trda</w>
</s></head>

<head id="19">
<s id="s19.1">
 <w id="w19.1.1">Peroralna</w> 
 <w id="w19.1.2">uporaba</w>   
 <w id="w19.1.3">Peroralna</w> 
 <w id="w19.1.4">uporaba</w>
</s></head>

<p id="20">
<s id="s20.1">
 <w id="w20.1.1">aluminijev</w> 
 <w id="w20.1.2">pretisni</w> 
 <w id="w20.1.3">omot</w>   
 <w id="w20.1.4">aluminijev</w> 
 <w id="w20.1.5">pretisni</w> 
 <w id="w20.1.6">omot</w>
</s></p>

<head id="21">
<s id="s21.1">
 <w id="w21.1.1">1</w> 
 <w id="w21.1.2">kapsula</w> 
 <w id="w21.1.3">5</w> 
 <w id="w21.1.4">x</w> 
 <w id="w21.1.5">1</w> 
 <w id="w21.1.6">kapsula</w>
</s></head>

<p id="22">
<s id="s22.1">
 <w id="w22.1.1">1/</w>
 <w id="w22.1.2">1</w>
</s></p></text>
