<?xml version="1.0" encoding="utf-8"?>
<text>
<p id="1">
<s id="s1.1">
 <w id="w1.1.1">European</w> 
 <w id="w1.1.2">Medicines</w> 
 <w id="w1.1.3">Agency</w>
</s></p>

<p id="2">
<s id="s2.1">
 <w id="w2.1.1">EMEA/</w>
 <w id="w2.1.2">H/</w>
 <w id="w2.1.3">C/</w>
 <w id="w2.1.4">666</w>
</s></p>

<p id="3">
<s id="s3.1">
 <w id="w3.1.1">EVROPSKO</w> 
 <w id="w3.1.2">JAVNO</w> 
 <w id="w3.1.3">POROČILO</w> 
 <w id="w3.1.4">O</w> 
 <w id="w3.1.5">OCENI</w> 
 <w id="w3.1.6">ZDRAVILA</w> 
 <w id="w3.1.7">(</w>
 <w id="w3.1.8">EPAR</w>
 <w id="w3.1.9">)</w>
</s></p>

<p id="4">
<s id="s4.1">
 <w id="w4.1.1">et</w>                                                              
 <w id="w4.1.2">ACOMPLIA</w>
</s></p>

<p id="5">
<s id="s5.1">
 <w id="w5.1.1">m</w>                                                    
 <w id="w5.1.2">Povzetek</w> 
 <w id="w5.1.3">EPAR</w> 
 <w id="w5.1.4">za</w> 
 <w id="w5.1.5">javnost</w>
</s></p>

<p id="6">
<s id="s6.1">
 <w id="w6.1.1">pro</w> 
 <w id="w6.1.2">Ta</w> 
 <w id="w6.1.3">dokument</w> 
 <w id="w6.1.4">je</w> 
 <w id="w6.1.5">povzetek</w> 
 <w id="w6.1.6">Evropskega</w> 
 <w id="w6.1.7">javnega</w> 
 <w id="w6.1.8">poročila</w> 
 <w id="w6.1.9">o</w> 
 <w id="w6.1.10">oceni</w> 
 <w id="w6.1.11">zdravila</w> 
 <w id="w6.1.12">(</w>
 <w id="w6.1.13">EPAR</w>
 <w id="w6.1.14">)</w>
 <w id="w6.1.15">.</w>
</s> 
 
<s id="s6.2">
 <w id="w6.2.1">Pojasnjuje</w>
 <w id="w6.2.2">,</w> 
 <w id="w6.2.3">kako</w> 
 <w id="w6.2.4">je</w> 
 <w id="w6.2.5">Odbor</w> 
 <w id="w6.2.6">za</w> 
 <w id="w6.2.7">zdravila</w> 
 <w id="w6.2.8">za</w> 
 <w id="w6.2.9">uporabo</w> 
 <w id="w6.2.10">v</w> 
 <w id="w6.2.11">humani</w> 
 <w id="w6.2.12">medicini</w> 
 <w id="w6.2.13">(</w>
 <w id="w6.2.14">CHMP</w>
 <w id="w6.2.15">)</w> 
 <w id="w6.2.16">ocenil</w> 
 <w id="w6.2.17">opravljene</w> 
 <w id="w6.2.18">študije</w>
 <w id="w6.2.19">,</w> 
 <w id="w6.2.20">na</w> 
 <w id="w6.2.21">podlagi</w> 
 <w id="w6.2.22">katerih</w> 
 <w id="w6.2.23">je</w> 
 <w id="w6.2.24">oblikoval</w> 
 <w id="w6.2.25">priporočila</w> 
 <w id="w6.2.26">glede</w> 
 <w id="w6.2.27">uporabe</w> 
 <w id="w6.2.28">zdravila</w>
 <w id="w6.2.29">.</w>
</s></p>

<p id="7">
<s id="s7.1">
 <w id="w7.1.1">za</w> 
 <w id="w7.1.2">Če</w> 
 <w id="w7.1.3">potrebujete</w> 
 <w id="w7.1.4">več</w> 
 <w id="w7.1.5">informacij</w> 
 <w id="w7.1.6">o</w> 
 <w id="w7.1.7">vašem</w> 
 <w id="w7.1.8">zdravstvenem</w> 
 <w id="w7.1.9">stanju</w> 
 <w id="w7.1.10">ali</w> 
 <w id="w7.1.11">zdravljenju</w>
 <w id="w7.1.12">,</w> 
 <w id="w7.1.13">preberite</w> 
 <w id="w7.1.14">Navodilo</w> 
 <w id="w7.1.15">za</w> 
 <w id="w7.1.16">uporabo</w> 
 <w id="w7.1.17">(</w>
 <w id="w7.1.18">ki</w> 
 <w id="w7.1.19">je</w> 
 <w id="w7.1.20">prav</w> 
 <w id="w7.1.21">tako</w> 
 <w id="w7.1.22">del</w> 
 <w id="w7.1.23">EPAR</w>
 <w id="w7.1.24">)</w> 
 <w id="w7.1.25">ali</w> 
 <w id="w7.1.26">se</w> 
 <w id="w7.1.27">posvetujte</w> 
 <w id="w7.1.28">s</w> 
 <w id="w7.1.29">svojim</w> 
 <w id="w7.1.30">zdravnikom</w> 
 <w id="w7.1.31">ali</w> 
 <w id="w7.1.32">s</w> 
 <w id="w7.1.33">farmacevtom</w>
 <w id="w7.1.34">.</w>
</s> 
 
<s id="s7.2">
 <w id="w7.2.1">Če</w> 
 <w id="w7.2.2">želite</w> 
 <w id="w7.2.3">več</w> 
 <w id="w7.2.4">informacij</w>
 <w id="w7.2.5">,</w> 
 <w id="w7.2.6">ki</w> 
 <w id="w7.2.7">temeljijo</w> 
 <w id="w7.2.8">na</w> 
 <w id="w7.2.9">priporočilih</w> 
 <w id="w7.2.10">CHMP</w>
 <w id="w7.2.11">,</w> 
 <w id="w7.2.12">preberite</w> 
 <w id="w7.2.13">znanstveno</w> 
 <w id="w7.2.14">razpravo</w> 
 <w id="w7.2.15">(</w>
 <w id="w7.2.16">ki</w> 
 <w id="w7.2.17">je</w> 
 <w id="w7.2.18">prav</w> 
 <w id="w7.2.19">tako</w> 
 <w id="w7.2.20">del</w> 
 <w id="w7.2.21">EPAR</w>
 <w id="w7.2.22">)</w>
 <w id="w7.2.23">.</w>
</s></p>

<p id="8">
<s id="s8.1">
 <w id="w8.1.1">nja</w> 
 <w id="w8.1.2">Kaj</w> 
 <w id="w8.1.3">je</w> 
 <w id="w8.1.4">zdravilo</w> 
 <w id="w8.1.5">ACOMPLIA</w>
 <w id="w8.1.6">?</w>
</s> 
 
<s id="s8.2">
 <w id="w8.2.1">ACOMPLIA</w> 
 <w id="w8.2.2">je</w> 
 <w id="w8.2.3">zdravilo</w>
 <w id="w8.2.4">,</w> 
 <w id="w8.2.5">ki</w> 
 <w id="w8.2.6">vsebuje</w> 
 <w id="w8.2.7">zdravilno</w> 
 <w id="w8.2.8">učinkovino</w> 
 <w id="w8.2.9">rimonabant</w>
 <w id="w8.2.10">.</w>
</s> 
 
<s id="s8.3">
 <w id="w8.3.1">Na</w> 
 <w id="w8.3.2">voljo</w> 
 <w id="w8.3.3">je</w> 
 <w id="w8.3.4">v</w> 
 <w id="w8.3.5">obliki</w> 
 <w id="w8.3.6">tablet</w> 
 <w id="w8.3.7">bele</w> 
 <w id="w8.3.8">barve</w>
 <w id="w8.3.9">,</w> 
 <w id="w8.3.10">ki</w> 
 <w id="w8.3.11">imajo</w> 
 <w id="w8.3.12">obliko</w> 
 <w id="w8.3.13">solze</w>
 <w id="w8.3.14">.</w>                                                                        
 <w id="w8.3.15">lje</w> 
 <w id="w8.3.16">Za</w> 
 <w id="w8.3.17">kaj</w> 
 <w id="w8.3.18">se</w> 
 <w id="w8.3.19">zdravilo</w> 
 <w id="w8.3.20">ACOMPLIA</w> 
 <w id="w8.3.21">uporablja</w>
 <w id="w8.3.22">?</w>                                                                  
 <w id="w8.3.23">vo</w> 
 <w id="w8.3.24">ACOMPLIA</w> 
 <w id="w8.3.25">se</w> 
 <w id="w8.3.26">kot</w> 
 <w id="w8.3.27">dodatek</w> 
 <w id="w8.3.28">k</w> 
 <w id="w8.3.29">dieti</w> 
 <w id="w8.3.30">in</w> 
 <w id="w8.3.31">telesni</w> 
 <w id="w8.3.32">dejavnosti</w> 
 <w id="w8.3.33">uporablja</w> 
 <w id="w8.3.34">za</w> 
 <w id="w8.3.35">zdravljenje</w> 
 <w id="w8.3.36">odraslih</w> 
 <w id="w8.3.37">bolnikov</w>
 <w id="w8.3.38">,</w> 
 <w id="w8.3.39">ki</w>
 <w id="w8.3.40">:</w> 
 <w id="w8.3.41">•</w> 
 <w id="w8.3.42">so</w> 
 <w id="w8.3.43">debeli</w> 
 <w id="w8.3.44">(</w>
 <w id="w8.3.45">z</w> 
 <w id="w8.3.46">zelo</w> 
 <w id="w8.3.47">prekomerno</w> 
 <w id="w8.3.48">telesno</w> 
 <w id="w8.3.49">maso</w>
 <w id="w8.3.50">)</w> 
 <w id="w8.3.51">s</w> 
 <w id="w8.3.52">indeksom</w> 
 <w id="w8.3.53">telesne</w> 
 <w id="w8.3.54">mase</w> 
 <w id="w8.3.55">(</w>
 <w id="w8.3.56">BMI</w>
 <w id="w8.3.57">)</w> 
 <w id="w8.3.58">večjim</w> 
 <w id="w8.3.59">ali</w> 
 <w id="w8.3.60">enakim</w> 
 <w id="w8.3.61">30</w>     
 <w id="w8.3.62">kg/</w>
 <w id="w8.3.63">m²</w>
 <w id="w8.3.64">,</w> 
 <w id="w8.3.65">ali</w>                                                            
 <w id="w8.3.66">do</w>
</s></p>

<p id="9">
<s id="s9.1">
 <w id="w9.1.1">•</w> 
 <w id="w9.1.2">imajo</w> 
 <w id="w9.1.3">čezmerno</w> 
 <w id="w9.1.4">telesno</w> 
 <w id="w9.1.5">maso</w> 
 <w id="w9.1.6">(</w>
 <w id="w9.1.7">imajo</w> 
 <w id="w9.1.8">BMI</w> 
 <w id="w9.1.9">večji</w> 
 <w id="w9.1.10">ali</w> 
 <w id="w9.1.11">enak</w> 
 <w id="w9.1.12">27</w> 
 <w id="w9.1.13">kg/</w>
 <w id="w9.1.14">m²</w>
 <w id="w9.1.15">)</w> 
 <w id="w9.1.16">in</w> 
 <w id="w9.1.17">pri</w> 
 <w id="w9.1.18">katerih</w> 
 <w id="w9.1.19">obstajajo</w> 
 <w id="w9.1.20">dodatni</w>     
 <w id="w9.1.21">dejavniki</w> 
 <w id="w9.1.22">tveganja</w>
 <w id="w9.1.23">,</w> 
 <w id="w9.1.24">kot</w> 
 <w id="w9.1.25">so</w> 
 <w id="w9.1.26">na</w> 
 <w id="w9.1.27">primer</w> 
 <w id="w9.1.28">diabetes</w> 
 <w id="w9.1.29">tipa</w> 
 <w id="w9.1.30">2</w> 
 <w id="w9.1.31">ali</w> 
 <w id="w9.1.32">dislipidemija</w> 
 <w id="w9.1.33">(</w>
 <w id="w9.1.34">nenormalne</w> 
 <w id="w9.1.35">ravni</w> 
 <w id="w9.1.36">maščobe</w> 
 <w id="w9.1.37">v</w>     
 <w id="w9.1.38">krvi</w>
 <w id="w9.1.39">)</w>
 <w id="w9.1.40">.</w>                                                    
 <w id="w9.1.41">eā</w>
</s></p>

<head id="10">
<s id="s10.1">
 <w id="w10.1.1">Zdravilo</w> 
 <w id="w10.1.2">se</w> 
 <w id="w10.1.3">dobi</w> 
 <w id="w10.1.4">samo</w> 
 <w id="w10.1.5">na</w> 
 <w id="w10.1.6">recept</w>
 <w id="w10.1.7">.</w>
</s></head>

<p id="11">
<s id="s11.1">
 <w id="w11.1.1">Kako</w> 
 <w id="w11.1.2">se</w> 
 <w id="w11.1.3">zdravilo</w> 
 <w id="w11.1.4">ACOMPLIA</w> 
 <w id="w11.1.5">uporablja</w>
 <w id="w11.1.6">?</w>                                            
 <w id="w11.1.7">av</w>
</s></p>

<p id="12">
<s id="s12.1">
 <w id="w12.1.1">Zdravilo</w> 
 <w id="w12.1.2">ACOMPLIA</w> 
 <w id="w12.1.3">se</w> 
 <w id="w12.1.4">jemlje</w> 
 <w id="w12.1.5">kot</w> 
 <w id="w12.1.6">ena</w> 
 <w id="w12.1.7">tableta</w> 
 <w id="w12.1.8">enkrat</w> 
 <w id="w12.1.9">dnevno</w> 
 <w id="w12.1.10">pred</w> 
 <w id="w12.1.11">zajtrkom</w>
 <w id="w12.1.12">.</w>
</s> 
 
<s id="s12.2">
 <w id="w12.2.1">Poleg</w> 
 <w id="w12.2.2">tega</w> 
 <w id="w12.2.3">morajo</w> 
 <w id="w12.2.4">bolniki</w> 
 <w id="w12.2.5">slediti</w> 
 <w id="w12.2.6">dieti</w> 
 <w id="w12.2.7">z</w> 
 <w id="w12.2.8">zmanjšano</w> 
 <w id="w12.2.9">vsebnostjo</w> 
 <w id="w12.2.10">kalorij</w> 
 <w id="w12.2.11">in</w> 
 <w id="w12.2.12">povečati</w> 
 <w id="w12.2.13">fizično</w> 
 <w id="w12.2.14">aktivnost</w>
 <w id="w12.2.15">.</w>
</s> 
 
<s id="s12.3">
 <w id="w12.3.1">Zdravila</w> 
 <w id="w12.3.2">ne</w> 
 <w id="w12.3.3">smejo</w> 
 <w id="w12.3.4">jemati</w> 
 <w id="w12.3.5">osebe</w>
 <w id="w12.3.6">,</w> 
 <w id="w12.3.7">ki</w> 
 <w id="w12.3.8">imajo</w> 
 <w id="w12.3.9">hude</w> 
 <w id="w12.3.10">težave</w> 
 <w id="w12.3.11">z</w> 
 <w id="w12.3.12">jetri</w> 
 <w id="w12.3.13">ali</w> 
 <w id="w12.3.14">ledvicami</w>
 <w id="w12.3.15">.</w>                                   
 <w id="w12.3.16">nim</w>
</s></p>

<p id="13">
<s id="s13.1">
 <w id="w13.1.1">Kako</w> 
 <w id="w13.1.2">zdravilo</w> 
 <w id="w13.1.3">ACOMPLIA</w> 
 <w id="w13.1.4">deluje</w>
 <w id="w13.1.5">?</w>
</s> 
 
<s id="s13.2">
 <w id="w13.2.1">Zdravilna</w> 
 <w id="w13.2.2">učinkovina</w> 
 <w id="w13.2.3">v</w> 
 <w id="w13.2.4">zdravilu</w> 
 <w id="w13.2.5">ACOMPLIA</w>
 <w id="w13.2.6">,</w> 
 <w id="w13.2.7">rimonabant</w>
 <w id="w13.2.8">,</w> 
 <w id="w13.2.9">je</w> 
 <w id="w13.2.10">antagonist</w> 
 <w id="w13.2.11">kanabinoidnih</w> 
 <w id="w13.2.12">receptorjev</w>
 <w id="w13.2.13">.</w>
</s> 
 
<s id="s13.3">
 <w id="w13.3.1">Deluje</w> 
 <w id="w13.3.2">tako</w>
 <w id="w13.3.3">,</w> 
 <w id="w13.3.4">da</w> 
 <w id="w13.3.5">blokira</w> 
 <w id="w13.3.6">specifično</w> 
 <w id="w13.3.7">vrsto</w> 
 <w id="w13.3.8">receptorjev</w>
 <w id="w13.3.9">,</w> 
 <w id="w13.3.10">kanabinoidne</w> 
 <w id="w13.3.11">receptorje</w> 
 <w id="w13.3.12">tipa</w> 
 <w id="w13.3.13">1</w> 
 <w id="w13.3.14">(</w>
 <w id="w13.3.15">CB1</w>
 <w id="w13.3.16">)</w>
 <w id="w13.3.17">.</w>
</s> 
 
<s id="s13.4">
 <w id="w13.4.1">Ti</w> 
 <w id="w13.4.2">receptorji</w> 
 <w id="w13.4.3">se</w> 
 <w id="w13.4.4">nahajajo</w> 
 <w id="w13.4.5">v</w> 
 <w id="w13.4.6">živčnem</w> 
 <w id="w13.4.7">sistemu</w> 
 <w id="w13.4.8">in</w> 
 <w id="w13.4.9">so</w> 
 <w id="w13.4.10">del</w> 
 <w id="w13.4.11">sistema</w>
 <w id="w13.4.12">,</w> 
 <w id="w13.4.13">ki</w> 
 <w id="w13.4.14">ga</w> 
 <w id="w13.4.15">telo</w> 
 <w id="w13.4.16">uporablja</w> 
 <w id="w13.4.17">za</w> 
 <w id="w13.4.18">nadzor</w> 
 <w id="w13.4.19">vnosa</w> 
 <w id="w13.4.20">hrane</w>
 <w id="w13.4.21">.</w>
</s> 
 
<s id="s13.5">
 <w id="w13.5.1">Receptorji</w> 
 <w id="w13.5.2">se</w>                           
 <w id="w13.5.3">ilo</w>
</s></p>

<p id="14">
<s id="s14.1">
 <w id="w14.1.1">nahajajo</w> 
 <w id="w14.1.2">tudi</w> 
 <w id="w14.1.3">v</w> 
 <w id="w14.1.4">adipocitih</w> 
 <w id="w14.1.5">(</w>
 <w id="w14.1.6">maščobnem</w> 
 <w id="w14.1.7">tkivu</w>
 <w id="w14.1.8">)</w>
 <w id="w14.1.9">.</w>
</s></p>

<p id="15">
<s id="s15.1">
 <w id="w15.1.1">Kako</w> 
 <w id="w15.1.2">je</w> 
 <w id="w15.1.3">bilo</w> 
 <w id="w15.1.4">zdravilo</w> 
 <w id="w15.1.5">ACOMPLIA</w> 
 <w id="w15.1.6">raziskano</w>
 <w id="w15.1.7">?</w>                   
 <w id="w15.1.8">rav</w>
</s></p>

<p id="16">
<s id="s16.1">
 <w id="w16.1.1">Učinki</w> 
 <w id="w16.1.2">zdravila</w> 
 <w id="w16.1.3">ACOMPLIA</w> 
 <w id="w16.1.4">so</w> 
 <w id="w16.1.5">bili</w> 
 <w id="w16.1.6">najprej</w> 
 <w id="w16.1.7">preizkušeni</w> 
 <w id="w16.1.8">na</w> 
 <w id="w16.1.9">poskusnih</w> 
 <w id="w16.1.10">modelih</w>
 <w id="w16.1.11">,</w> 
 <w id="w16.1.12">nato</w> 
 <w id="w16.1.13">pa</w> 
 <w id="w16.1.14">so</w> 
 <w id="w16.1.15">jih</w> 
 <w id="w16.1.16">raziskali</w> 
 <w id="w16.1.17">pri</w> 
 <w id="w16.1.18">ljudeh</w>
 <w id="w16.1.19">.</w>
</s> 
 
<s id="s16.2">
 <w id="w16.2.1">Zdravilo</w> 
 <w id="w16.2.2">ACOMPLIA</w> 
 <w id="w16.2.3">je</w> 
 <w id="w16.2.4">bilo</w> 
 <w id="w16.2.5">raziskano</w> 
 <w id="w16.2.6">v</w> 
 <w id="w16.2.7">štirih</w> 
 <w id="w16.2.8">študijah</w>
 <w id="w16.2.9">,</w> 
 <w id="w16.2.10">v</w> 
 <w id="w16.2.11">katerih</w> 
 <w id="w16.2.12">je</w> 
 <w id="w16.2.13">sodelovalo</w> 
 <w id="w16.2.14">skoraj</w> 
 <w id="w16.2.15">7000</w> 
 <w id="w16.2.16">debelih</w>            
 <w id="w16.2.17">Zd</w>
</s></p>

<p id="17">
<s id="s17.1">
 <w id="w17.1.1">bolnikov</w> 
 <w id="w17.1.2">in</w> 
 <w id="w17.1.3">bolnikov</w> 
 <w id="w17.1.4">s</w> 
 <w id="w17.1.5">čezmerno</w> 
 <w id="w17.1.6">telesno</w> 
 <w id="w17.1.7">maso</w>
 <w id="w17.1.8">,</w> 
 <w id="w17.1.9">katerih</w> 
 <w id="w17.1.10">teža</w> 
 <w id="w17.1.11">je</w> 
 <w id="w17.1.12">bila</w> 
 <w id="w17.1.13">na</w> 
 <w id="w17.1.14">začetku</w> 
 <w id="w17.1.15">študij</w> 
 <w id="w17.1.16">povprečno</w> 
 <w id="w17.1.17">med</w> 
 <w id="w17.1.18">94</w> 
 <w id="w17.1.19">in</w> 
 <w id="w17.1.20">104</w> 
 <w id="w17.1.21">kg</w>
 <w id="w17.1.22">.</w>
</s> 
 
<s id="s17.2">
 <w id="w17.2.1">V</w> 
 <w id="w17.2.2">eni</w> 
 <w id="w17.2.3">študiji</w> 
 <w id="w17.2.4">so</w> 
 <w id="w17.2.5">podrobneje</w> 
 <w id="w17.2.6">preučevali</w> 
 <w id="w17.2.7">bolnike</w> 
 <w id="w17.2.8">z</w> 
 <w id="w17.2.9">nenormalnimi</w> 
 <w id="w17.2.10">ravnmi</w> 
 <w id="w17.2.11">maščob</w> 
 <w id="w17.2.12">v</w> 
 <w id="w17.2.13">krvi</w>
 <w id="w17.2.14">,</w> 
 <w id="w17.2.15">v</w> 
 <w id="w17.2.16">eni</w> 
 <w id="w17.2.17">pa</w> 
 <w id="w17.2.18">bolnike</w> 
 <w id="w17.2.19">z</w> 
 <w id="w17.2.20">diabetesom</w> 
 <w id="w17.2.21">tipa</w> 
 <w id="w17.2.22">2</w>
 <w id="w17.2.23">.</w>
</s> 
 
<s id="s17.3">
 <w id="w17.3.1">V</w> 
 <w id="w17.3.2">študijah</w> 
 <w id="w17.3.3">so</w> 
 <w id="w17.3.4">primerjali</w> 
 <w id="w17.3.5">učinek</w> 
 <w id="w17.3.6">zdravila</w> 
 <w id="w17.3.7">ACOMPLIA</w> 
 <w id="w17.3.8">z</w> 
 <w id="w17.3.9">učinkom</w> 
 <w id="w17.3.10">placeba</w> 
 <w id="w17.3.11">(</w>
 <w id="w17.3.12">zdravila</w> 
 <w id="w17.3.13">brez</w> 
 <w id="w17.3.14">zdravilne</w> 
 <w id="w17.3.15">učinkovine</w>
 <w id="w17.3.16">)</w> 
 <w id="w17.3.17">na</w> 
 <w id="w17.3.18">zmanjšanje</w> 
 <w id="w17.3.19">telesne</w> 
 <w id="w17.3.20">mase</w> 
 <w id="w17.3.21">v</w> 
 <w id="w17.3.22">enem</w> 
 <w id="w17.3.23">do</w> 
 <w id="w17.3.24">dveh</w> 
 <w id="w17.3.25">let</w>
 <w id="w17.3.26">.</w>
</s> 
 
<s id="s17.4">
 <w id="w17.4.1">Ena</w> 
 <w id="w17.4.2">študija</w> 
 <w id="w17.4.3">je</w> 
 <w id="w17.4.4">preučevala</w> 
 <w id="w17.4.5">tudi</w>
 <w id="w17.4.6">,</w> 
 <w id="w17.4.7">kako</w> 
 <w id="w17.4.8">doseženo</w> 
 <w id="w17.4.9">zmanjšanje</w> 
 <w id="w17.4.10">telesne</w> 
 <w id="w17.4.11">mase</w> 
 <w id="w17.4.12">obdržati</w> 
 <w id="w17.4.13">tekom</w> 
 <w id="w17.4.14">drugega</w> 
 <w id="w17.4.15">leta</w>
 <w id="w17.4.16">.</w>
</s> 
 
<s id="s17.5">
 <w id="w17.5.1">V</w> 
 <w id="w17.5.2">štirih</w> 
 <w id="w17.5.3">študijah</w>
 <w id="w17.5.4">,</w> 
 <w id="w17.5.5">v</w>                                        
 <w id="w17.5.6">7</w> 
 <w id="w17.5.7">Westferry</w> 
 <w id="w17.5.8">Circus</w>
 <w id="w17.5.9">,</w> 
 <w id="w17.5.10">Canary</w> 
 <w id="w17.5.11">Wharf</w>
 <w id="w17.5.12">,</w> 
 <w id="w17.5.13">London</w>
 <w id="w17.5.14">,</w> 
 <w id="w17.5.15">E14</w> 
 <w id="w17.5.16">4HB</w>
 <w id="w17.5.17">,</w> 
 <w id="w17.5.18">UK</w>                                           
 <w id="w17.5.19">Tel</w>
 <w id="w17.5.20">.</w>
</s> 
 
<s id="s17.6">
 <w id="w17.6.1">(</w>
 <w id="w17.6.2">44-</w>
 <w id="w17.6.3">20</w>
 <w id="w17.6.4">)</w> 
 <w id="w17.6.5">74</w> 
 <w id="w17.6.6">18</w> 
 <w id="w17.6.7">84</w> 
 <w id="w17.6.8">00</w>
 <w id="w17.6.9">,</w> 
 <w id="w17.6.10">Fax</w> 
 <w id="w17.6.11">(</w>
 <w id="w17.6.12">44-</w>
 <w id="w17.6.13">20</w>
 <w id="w17.6.14">)</w> 
 <w id="w17.6.15">74</w> 
 <w id="w17.6.16">18</w> 
 <w id="w17.6.17">84</w> 
 <w id="w17.6.18">16</w>
</s></p>

<head id="18">
<s id="s18.1">
 <w id="w18.1.1">E-</w>
 <w id="w18.1.2">mail</w>
 <w id="w18.1.3">:</w> 
 <w id="w18.1.4">mail@</w>
 <w id="w18.1.5">emea.</w>
 <w id="w18.1.6">europa.</w>
 <w id="w18.1.7">eu</w>
</s></head>

<p id="19">
<s id="s19.1">
 <w id="w19.1.1">http</w>
 <w id="w19.1.2">:</w>
 <w id="w19.1.3">//</w>
 <w id="w19.1.4">www.</w>
 <w id="w19.1.5">emea.</w>
 <w id="w19.1.6">europa.</w>
 <w id="w19.1.7">eu</w>
</s></p>

<p id="20">
<s id="s20.1">
 <w id="w20.1.1">©EMEA</w> 
 <w id="w20.1.2">2007</w> 
 <w id="w20.1.3">Reproduction</w> 
 <w id="w20.1.4">and/</w>
 <w id="w20.1.5">or</w> 
 <w id="w20.1.6">distribution</w> 
 <w id="w20.1.7">of</w> 
 <w id="w20.1.8">this</w> 
 <w id="w20.1.9">document</w> 
 <w id="w20.1.10">is</w> 
 <w id="w20.1.11">authorised</w> 
 <w id="w20.1.12">for</w> 
 <w id="w20.1.13">non</w> 
 <w id="w20.1.14">commercial</w> 
 <w id="w20.1.15">purposes</w> 
 <w id="w20.1.16">only</w> 
 <w id="w20.1.17">provided</w> 
 <w id="w20.1.18">the</w> 
 <w id="w20.1.19">EMEA</w> 
 <w id="w20.1.20">is</w> 
 <w id="w20.1.21">acknowledged</w>
 <w id="w20.1.22">.</w> 
 <w id="w20.1.23">katerih</w> 
 <w id="w20.1.24">so</w> 
 <w id="w20.1.25">preučevali</w> 
 <w id="w20.1.26">zdravilo</w> 
 <w id="w20.1.27">ACOMPLIA</w> 
 <w id="w20.1.28">kot</w> 
 <w id="w20.1.29">pomoč</w> 
 <w id="w20.1.30">pri</w> 
 <w id="w20.1.31">prenehanju</w> 
 <w id="w20.1.32">kajenja</w>
 <w id="w20.1.33">,</w> 
 <w id="w20.1.34">je</w> 
 <w id="w20.1.35">sodelovalo</w> 
 <w id="w20.1.36">preko</w> 
 <w id="w20.1.37">7000</w> 
 <w id="w20.1.38">bolnikov</w>
 <w id="w20.1.39">.</w>
</s> 
 
<s id="s20.2">
 <w id="w20.2.1">Zdravilo</w> 
 <w id="w20.2.2">so</w> 
 <w id="w20.2.3">primerjali</w> 
 <w id="w20.2.4">s</w> 
 <w id="w20.2.5">placebom</w> 
 <w id="w20.2.6">in</w> 
 <w id="w20.2.7">merili</w> 
 <w id="w20.2.8">učinek</w> 
 <w id="w20.2.9">zdravila</w>
 <w id="w20.2.10">,</w> 
 <w id="w20.2.11">uporabljanega</w> 
 <w id="w20.2.12">10</w> 
 <w id="w20.2.13">tednov</w> 
 <w id="w20.2.14">(</w>
 <w id="w20.2.15">eno</w> 
 <w id="w20.2.16">leto</w> 
 <w id="w20.2.17">v</w> 
 <w id="w20.2.18">eni</w> 
 <w id="w20.2.19">od</w> 
 <w id="w20.2.20">študij</w>
 <w id="w20.2.21">)</w>
 <w id="w20.2.22">,</w> 
 <w id="w20.2.23">na</w> 
 <w id="w20.2.24">prenehanje</w> 
 <w id="w20.2.25">kajenja</w> 
 <w id="w20.2.26">ter</w> 
 <w id="w20.2.27">na</w> 
 <w id="w20.2.28">ponoven</w> 
 <w id="w20.2.29">začetek</w> 
 <w id="w20.2.30">kajenja</w> 
 <w id="w20.2.31">v</w> 
 <w id="w20.2.32">naslednjem</w> 
 <w id="w20.2.33">letu</w>
 <w id="w20.2.34">.</w>
</s></p>

<p id="21">
<s id="s21.1">
 <w id="w21.1.1">Kakšne</w> 
 <w id="w21.1.2">koristi</w> 
 <w id="w21.1.3">je</w> 
 <w id="w21.1.4">zdravilo</w> 
 <w id="w21.1.5">ACOMPLIA</w> 
 <w id="w21.1.6">izkazalo</w> 
 <w id="w21.1.7">med</w> 
 <w id="w21.1.8">raziskavami</w>
 <w id="w21.1.9">?</w>
</s> 
 
<s id="s21.2">
 <w id="w21.2.1">Po</w> 
 <w id="w21.2.2">enem</w> 
 <w id="w21.2.3">letu</w> 
 <w id="w21.2.4">se</w> 
 <w id="w21.2.5">je</w> 
 <w id="w21.2.6">pri</w> 
 <w id="w21.2.7">bolnikih</w>
 <w id="w21.2.8">,</w> 
 <w id="w21.2.9">ki</w> 
 <w id="w21.2.10">so</w> 
 <w id="w21.2.11">prejemali</w> 
 <w id="w21.2.12">zdravilo</w> 
 <w id="w21.2.13">ACOMPLIA</w> 
 <w id="w21.2.14">telesna</w> 
 <w id="w21.2.15">masa</w> 
 <w id="w21.2.16">zmanjšala</w> 
 <w id="w21.2.17">bolj</w> 
 <w id="w21.2.18">kot</w> 
 <w id="w21.2.19">pri</w>
</s></p>

<p id="22">
<s id="s22.1">
 <w id="w22.1.1">et</w> 
 <w id="w22.1.2">tistih</w>
 <w id="w22.1.3">,</w> 
 <w id="w22.1.4">ki</w> 
 <w id="w22.1.5">so</w> 
 <w id="w22.1.6">prejemali</w> 
 <w id="w22.1.7">placebo</w>
 <w id="w22.1.8">:</w> 
 <w id="w22.1.9">povprečno</w> 
 <w id="w22.1.10">so</w> 
 <w id="w22.1.11">izgubili</w> 
 <w id="w22.1.12">4,</w>
 <w id="w22.1.13">9</w> 
 <w id="w22.1.14">kg</w> 
 <w id="w22.1.15">več</w> 
 <w id="w22.1.16">kot</w> 
 <w id="w22.1.17">s</w> 
 <w id="w22.1.18">placebom</w>
 <w id="w22.1.19">,</w> 
 <w id="w22.1.20">razen</w> 
 <w id="w22.1.21">v</w> 
 <w id="w22.1.22">študiji</w> 
 <w id="w22.1.23">z</w> 
 <w id="w22.1.24">diabetičnimi</w> 
 <w id="w22.1.25">bolniki</w>
 <w id="w22.1.26">,</w> 
 <w id="w22.1.27">kjer</w> 
 <w id="w22.1.28">je</w> 
 <w id="w22.1.29">bila</w> 
 <w id="w22.1.30">razlika</w> 
 <w id="w22.1.31">v</w> 
 <w id="w22.1.32">zmanjšanju</w> 
 <w id="w22.1.33">telesne</w> 
 <w id="w22.1.34">mase</w> 
 <w id="w22.1.35">3,</w>
 <w id="w22.1.36">9</w> 
 <w id="w22.1.37">kg</w>
 <w id="w22.1.38">.</w>
</s> 
 
<s id="s22.2">
 <w id="w22.2.1">Zdravilo</w> 
 <w id="w22.2.2">je</w> 
 <w id="w22.2.3">tudi</w> 
 <w id="w22.2.4">zmanjšalo</w>
</s></p>

<p id="23">
<s id="s23.1">
 <w id="w23.1.1">m</w> 
 <w id="w23.1.2">tveganje</w> 
 <w id="w23.1.3">za</w> 
 <w id="w23.1.4">ponovno</w> 
 <w id="w23.1.5">povečanje</w> 
 <w id="w23.1.6">telesne</w> 
 <w id="w23.1.7">mase</w>
 <w id="w23.1.8">.</w>
</s> 
 
<s id="s23.2">
 <w id="w23.2.1">Študije</w> 
 <w id="w23.2.2">v</w> 
 <w id="w23.2.3">zvezi</w> 
 <w id="w23.2.4">s</w> 
 <w id="w23.2.5">prenehanjem</w> 
 <w id="w23.2.6">kajenja</w> 
 <w id="w23.2.7">niso</w> 
 <w id="w23.2.8">pokazale</w> 
 <w id="w23.2.9">konsistentnih</w> 
 <w id="w23.2.10">rezultatov</w>
 <w id="w23.2.11">,</w> 
 <w id="w23.2.12">učinek</w> 
 <w id="w23.2.13">zdravila</w>
</s></p>

<p id="24">
<s id="s24.1">
 <w id="w24.1.1">pro</w> 
 <w id="w24.1.2">ACOMPLIA</w> 
 <w id="w24.1.3">na</w> 
 <w id="w24.1.4">tem</w> 
 <w id="w24.1.5">področju</w> 
 <w id="w24.1.6">pa</w> 
 <w id="w24.1.7">je</w> 
 <w id="w24.1.8">bilo</w> 
 <w id="w24.1.9">težko</w> 
 <w id="w24.1.10">oceniti</w>
 <w id="w24.1.11">.</w>
</s> 
 
<s id="s24.2">
 <w id="w24.2.1">Podjetje</w> 
 <w id="w24.2.2">se</w> 
 <w id="w24.2.3">je</w> 
 <w id="w24.2.4">odločilo</w>
 <w id="w24.2.5">,</w> 
 <w id="w24.2.6">da</w> 
 <w id="w24.2.7">umakne</w> 
 <w id="w24.2.8">svojo</w> 
 <w id="w24.2.9">vlogo</w> 
 <w id="w24.2.10">za</w> 
 <w id="w24.2.11">uporabo</w> 
 <w id="w24.2.12">zdravila</w> 
 <w id="w24.2.13">pri</w> 
 <w id="w24.2.14">prenehanju</w> 
 <w id="w24.2.15">kajenja</w>
 <w id="w24.2.16">.</w>
</s> 
 
<s id="s24.3">
 <w id="w24.3.1">Zdravila</w> 
 <w id="w24.3.2">ACOMPLIA</w> 
 <w id="w24.3.3">torej</w> 
 <w id="w24.3.4">ni</w> 
 <w id="w24.3.5">moč</w> 
 <w id="w24.3.6">priporočiti</w> 
 <w id="w24.3.7">kot</w> 
 <w id="w24.3.8">pomoč</w> 
 <w id="w24.3.9">pri</w> 
 <w id="w24.3.10">prenehanju</w> 
 <w id="w24.3.11">kajenja</w>
 <w id="w24.3.12">.</w>
</s></p>

<p id="25">
<s id="s25.1">
 <w id="w25.1.1">za</w> 
 <w id="w25.1.2">Kakšna</w> 
 <w id="w25.1.3">tveganja</w> 
 <w id="w25.1.4">so</w> 
 <w id="w25.1.5">povezana</w> 
 <w id="w25.1.6">z</w> 
 <w id="w25.1.7">zdravilom</w> 
 <w id="w25.1.8">ACOMPLIA</w>
 <w id="w25.1.9">?</w>
</s> 
 
<s id="s25.2">
 <w id="w25.2.1">Neželeni</w> 
 <w id="w25.2.2">učinki</w> 
 <w id="w25.2.3">zdravila</w> 
 <w id="w25.2.4">ACOMPLIA</w>
 <w id="w25.2.5">,</w> 
 <w id="w25.2.6">ki</w> 
 <w id="w25.2.7">so</w> 
 <w id="w25.2.8">bili</w> 
 <w id="w25.2.9">med</w> 
 <w id="w25.2.10">študijami</w> 
 <w id="w25.2.11">najpogosteje</w> 
 <w id="w25.2.12">opaženi</w> 
 <w id="w25.2.13">(</w>
 <w id="w25.2.14">pri</w> 
 <w id="w25.2.15">več</w> 
 <w id="w25.2.16">kot</w> 
 <w id="w25.2.17">1</w> 
 <w id="w25.2.18">od</w> 
 <w id="w25.2.19">10</w> 
 <w id="w25.2.20">bolnikov</w>
 <w id="w25.2.21">)</w> 
 <w id="w25.2.22">so</w> 
 <w id="w25.2.23">bili</w> 
 <w id="w25.2.24">navzeja</w> 
 <w id="w25.2.25">(</w>
 <w id="w25.2.26">občutek</w> 
 <w id="w25.2.27">slabosti</w>
 <w id="w25.2.28">)</w> 
 <w id="w25.2.29">in</w> 
 <w id="w25.2.30">okužbe</w> 
 <w id="w25.2.31">zgornjih</w> 
 <w id="w25.2.32">dihal</w>
 <w id="w25.2.33">.</w>
</s> 
 
<s id="s25.3">
 <w id="w25.3.1">Za</w> 
 <w id="w25.3.2">celoten</w> 
 <w id="w25.3.3">seznam</w> 
 <w id="w25.3.4">neželenih</w> 
 <w id="w25.3.5">učinkov</w>
 <w id="w25.3.6">,</w> 
 <w id="w25.3.7">o</w> 
 <w id="w25.3.8">katerih</w> 
 <w id="w25.3.9">so</w> 
 <w id="w25.3.10">poročali</w> 
 <w id="w25.3.11">pri</w> 
 <w id="w25.3.12">uporabi</w> 
 <w id="w25.3.13">zdravila</w> 
 <w id="w25.3.14">ACOMPLIA</w>
 <w id="w25.3.15">,</w> 
 <w id="w25.3.16">glejte</w> 
 <w id="w25.3.17">Navodilo</w> 
 <w id="w25.3.18">za</w> 
 <w id="w25.3.19">uporabo</w>
 <w id="w25.3.20">.</w>
</s></p>

<p id="26">
<s id="s26.1">
 <w id="w26.1.1">nja</w> 
 <w id="w26.1.2">Zdravila</w> 
 <w id="w26.1.3">ACOMPLIA</w> 
 <w id="w26.1.4">ne</w> 
 <w id="w26.1.5">smejo</w> 
 <w id="w26.1.6">uporabljati</w> 
 <w id="w26.1.7">osebe</w>
 <w id="w26.1.8">,</w> 
 <w id="w26.1.9">ki</w> 
 <w id="w26.1.10">utegnejo</w> 
 <w id="w26.1.11">biti</w> 
 <w id="w26.1.12">preobčutljive</w> 
 <w id="w26.1.13">za</w> 
 <w id="w26.1.14">(</w>
 <w id="w26.1.15">alergične</w> 
 <w id="w26.1.16">na</w>
 <w id="w26.1.17">)</w> 
 <w id="w26.1.18">rimonabant</w> 
 <w id="w26.1.19">ali</w> 
 <w id="w26.1.20">katero</w> 
 <w id="w26.1.21">koli</w> 
 <w id="w26.1.22">drugo</w> 
 <w id="w26.1.23">sestavino</w> 
 <w id="w26.1.24">zdravila</w> 
 <w id="w26.1.25">ter</w> 
 <w id="w26.1.26">ženske</w>
 <w id="w26.1.27">,</w> 
 <w id="w26.1.28">ki</w> 
 <w id="w26.1.29">dojijo</w>
 <w id="w26.1.30">.</w>
</s> 
 
<s id="s26.2">
 <w id="w26.2.1">Zdravilo</w> 
 <w id="w26.2.2">lahko</w> 
 <w id="w26.2.3">poveča</w> 
 <w id="w26.2.4">tveganje</w> 
 <w id="w26.2.5">za</w> 
 <w id="w26.2.6">depresijo</w> 
 <w id="w26.2.7">in</w> 
 <w id="w26.2.8">pri</w> 
 <w id="w26.2.9">majhnem</w> 
 <w id="w26.2.10">številu</w> 
 <w id="w26.2.11">bolnikov</w> 
 <w id="w26.2.12">povzroči</w> 
 <w id="w26.2.13">samomorilne</w> 
 <w id="w26.2.14">misli</w>
 <w id="w26.2.15">,</w> 
 <w id="w26.2.16">zato</w> 
 <w id="w26.2.17">se</w> 
 <w id="w26.2.18">ne</w> 
 <w id="w26.2.19">sme</w> 
 <w id="w26.2.20">uporabljati</w> 
 <w id="w26.2.21">pri</w>                                                        
 <w id="w26.2.22">lje</w> 
 <w id="w26.2.23">bolnikih</w> 
 <w id="w26.2.24">s</w> 
 <w id="w26.2.25">trenutno</w> 
 <w id="w26.2.26">potekajočo</w> 
 <w id="w26.2.27">veliko</w> 
 <w id="w26.2.28">depresivno</w> 
 <w id="w26.2.29">motnjo</w> 
 <w id="w26.2.30">ali</w> 
 <w id="w26.2.31">bolnikih</w>
 <w id="w26.2.32">,</w> 
 <w id="w26.2.33">ki</w> 
 <w id="w26.2.34">se</w> 
 <w id="w26.2.35">zdravijo</w> 
 <w id="w26.2.36">z</w> 
 <w id="w26.2.37">antidepresivi</w>
 <w id="w26.2.38">.</w>
</s> 
 
<s id="s26.3">
 <w id="w26.3.1">Bolniki</w>
 <w id="w26.3.2">,</w> 
 <w id="w26.3.3">pri</w> 
 <w id="w26.3.4">katerih</w> 
 <w id="w26.3.5">se</w> 
 <w id="w26.3.6">pojavi</w> 
 <w id="w26.3.7">depresija</w>
 <w id="w26.3.8">,</w> 
 <w id="w26.3.9">se</w> 
 <w id="w26.3.10">morajo</w> 
 <w id="w26.3.11">pogovoriti</w> 
 <w id="w26.3.12">z</w> 
 <w id="w26.3.13">zdravnikom</w>
 <w id="w26.3.14">,</w> 
 <w id="w26.3.15">zdravljenje</w> 
 <w id="w26.3.16">pa</w> 
 <w id="w26.3.17">bo</w> 
 <w id="w26.3.18">morda</w>                                                   
 <w id="w26.3.19">vo</w> 
 <w id="w26.3.20">potrebno</w> 
 <w id="w26.3.21">prekiniti</w>
 <w id="w26.3.22">.</w>
</s> 
 
<s id="s26.4">
 <w id="w26.4.1">Pri</w> 
 <w id="w26.4.2">sočasnem</w> 
 <w id="w26.4.3">jemanju</w> 
 <w id="w26.4.4">zdravila</w> 
 <w id="w26.4.5">ACOMPLIA</w> 
 <w id="w26.4.6">in</w> 
 <w id="w26.4.7">nekaterih</w> 
 <w id="w26.4.8">drugih</w> 
 <w id="w26.4.9">zdravil</w>
 <w id="w26.4.10">,</w> 
 <w id="w26.4.11">kot</w> 
 <w id="w26.4.12">so</w> 
 <w id="w26.4.13">ketokonazol</w> 
 <w id="w26.4.14">ali</w> 
 <w id="w26.4.15">itrakonazol</w> 
 <w id="w26.4.16">(</w>
 <w id="w26.4.17">zdravili</w> 
 <w id="w26.4.18">proti</w> 
 <w id="w26.4.19">glivicam</w>
 <w id="w26.4.20">)</w>
 <w id="w26.4.21">,</w> 
 <w id="w26.4.22">ritonavir</w> 
 <w id="w26.4.23">(</w>
 <w id="w26.4.24">ki</w> 
 <w id="w26.4.25">se</w> 
 <w id="w26.4.26">uporablja</w> 
 <w id="w26.4.27">pri</w> 
 <w id="w26.4.28">okužbi</w> 
 <w id="w26.4.29">s</w> 
 <w id="w26.4.30">HIV</w>
 <w id="w26.4.31">)</w>
 <w id="w26.4.32">,</w> 
 <w id="w26.4.33">telitromicin</w> 
 <w id="w26.4.34">ali</w> 
 <w id="w26.4.35">klaritromicin</w> 
 <w id="w26.4.36">(</w>
 <w id="w26.4.37">antibiotika</w>
 <w id="w26.4.38">)</w> 
 <w id="w26.4.39">je</w> 
 <w id="w26.4.40">potrebna</w> 
 <w id="w26.4.41">previdnost</w>
 <w id="w26.4.42">.</w>                                              
 <w id="w26.4.43">do</w>
</s></p>

<p id="27">
<s id="s27.1">
 <w id="w27.1.1">Zakaj</w> 
 <w id="w27.1.2">je</w> 
 <w id="w27.1.3">bilo</w> 
 <w id="w27.1.4">zdravilo</w> 
 <w id="w27.1.5">ACOMPLIA</w> 
 <w id="w27.1.6">odobreno</w>
 <w id="w27.1.7">?</w>
</s> 
 
<s id="s27.2">
 <w id="w27.2.1">Odbor</w> 
 <w id="w27.2.2">za</w> 
 <w id="w27.2.3">zdravila</w> 
 <w id="w27.2.4">za</w> 
 <w id="w27.2.5">uporabo</w> 
 <w id="w27.2.6">v</w> 
 <w id="w27.2.7">humani</w> 
 <w id="w27.2.8">medicini</w> 
 <w id="w27.2.9">(</w>
 <w id="w27.2.10">CHMP</w>
 <w id="w27.2.11">)</w> 
 <w id="w27.2.12">je</w> 
 <w id="w27.2.13">sklenil</w>
 <w id="w27.2.14">,</w> 
 <w id="w27.2.15">da</w> 
 <w id="w27.2.16">je</w> 
 <w id="w27.2.17">zdravilo</w> 
 <w id="w27.2.18">ACOMPLIA</w> 
 <w id="w27.2.19">izkazalo</w> 
 <w id="w27.2.20">učinkovitost</w> 
 <w id="w27.2.21">pri</w> 
 <w id="w27.2.22">zmanjšanju</w> 
 <w id="w27.2.23">telesne</w> 
 <w id="w27.2.24">mase</w> 
 <w id="w27.2.25">pri</w> 
 <w id="w27.2.26">debelih</w> 
 <w id="w27.2.27">bolnikih</w> 
 <w id="w27.2.28">in</w> 
 <w id="w27.2.29">bolnikih</w> 
 <w id="w27.2.30">s</w> 
 <w id="w27.2.31">čezmerno</w> 
 <w id="w27.2.32">telesno</w> 
 <w id="w27.2.33">maso</w>
 <w id="w27.2.34">,</w> 
 <w id="w27.2.35">pri</w>                                        
 <w id="w27.2.36">eā</w>
</s></p>

<p id="28">
<s id="s28.1">
 <w id="w28.1.1">katerih</w> 
 <w id="w28.1.2">obstajajo</w> 
 <w id="w28.1.3">dodatni</w> 
 <w id="w28.1.4">dejavniki</w> 
 <w id="w28.1.5">tveganja</w>
 <w id="w28.1.6">.</w>
</s> 
 
<s id="s28.2">
 <w id="w28.2.1">Odločil</w> 
 <w id="w28.2.2">je</w>
 <w id="w28.2.3">,</w> 
 <w id="w28.2.4">da</w> 
 <w id="w28.2.5">so</w> 
 <w id="w28.2.6">koristi</w> 
 <w id="w28.2.7">zdravila</w> 
 <w id="w28.2.8">ACOMPLIA</w>
 <w id="w28.2.9">,</w> 
 <w id="w28.2.10">kadar</w> 
 <w id="w28.2.11">se</w> 
 <w id="w28.2.12">uporablja</w> 
 <w id="w28.2.13">kot</w> 
 <w id="w28.2.14">dodatek</w> 
 <w id="w28.2.15">k</w> 
 <w id="w28.2.16">dieti</w> 
 <w id="w28.2.17">in</w> 
 <w id="w28.2.18">telesni</w> 
 <w id="w28.2.19">dejavnosti</w> 
 <w id="w28.2.20">pri</w> 
 <w id="w28.2.21">zdravljenju</w> 
 <w id="w28.2.22">debelih</w> 
 <w id="w28.2.23">bolnikov</w> 
 <w id="w28.2.24">in</w> 
 <w id="w28.2.25">bolnikov</w> 
 <w id="w28.2.26">s</w> 
 <w id="w28.2.27">čezmerno</w>                                  
 <w id="w28.2.28">av</w>
</s></p>

<p id="29">
<s id="s29.1">
 <w id="w29.1.1">telesno</w> 
 <w id="w29.1.2">maso</w> 
 <w id="w29.1.3">z</w> 
 <w id="w29.1.4">dodatnimi</w> 
 <w id="w29.1.5">dejavniki</w> 
 <w id="w29.1.6">tveganja</w> 
 <w id="w29.1.7">kot</w> 
 <w id="w29.1.8">so</w> 
 <w id="w29.1.9">diabetes</w> 
 <w id="w29.1.10">tipa</w> 
 <w id="w29.1.11">2</w> 
 <w id="w29.1.12">ali</w> 
 <w id="w29.1.13">dislipidemija</w>
 <w id="w29.1.14">,</w> 
 <w id="w29.1.15">večje</w> 
 <w id="w29.1.16">od</w> 
 <w id="w29.1.17">z</w> 
 <w id="w29.1.18">njim</w> 
 <w id="w29.1.19">povezanih</w> 
 <w id="w29.1.20">tveganj</w>
 <w id="w29.1.21">.</w>
</s> 
 
<s id="s29.2">
 <w id="w29.2.1">Odbor</w> 
 <w id="w29.2.2">je</w> 
 <w id="w29.2.3">priporočil</w> 
 <w id="w29.2.4">odobritev</w> 
 <w id="w29.2.5">dovoljenja</w> 
 <w id="w29.2.6">za</w> 
 <w id="w29.2.7">promet</w> 
 <w id="w29.2.8">z</w> 
 <w id="w29.2.9">zdravilom</w> 
 <w id="w29.2.10">ACOMPLIA</w>
 <w id="w29.2.11">.</w>
</s></p>

<p id="30">
<s id="s30.1">
 <w id="w30.1.1">Kateri</w> 
 <w id="w30.1.2">ukrepi</w> 
 <w id="w30.1.3">se</w> 
 <w id="w30.1.4">izvajajo</w> 
 <w id="w30.1.5">za</w> 
 <w id="w30.1.6">zagotovitev</w> 
 <w id="w30.1.7">varne</w> 
 <w id="w30.1.8">uporabe</w> 
 <w id="w30.1.9">zdravila</w> 
 <w id="w30.1.10">ACOMPLIA</w>
 <w id="w30.1.11">?</w>                           
 <w id="w30.1.12">nim</w>
</s></p>

<p id="31">
<s id="s31.1">
 <w id="w31.1.1">Podjetje</w>
 <w id="w31.1.2">,</w> 
 <w id="w31.1.3">ki</w> 
 <w id="w31.1.4">izdeluje</w> 
 <w id="w31.1.5">zdravilo</w> 
 <w id="w31.1.6">ACOMPLIA</w>
 <w id="w31.1.7">,</w> 
 <w id="w31.1.8">bo</w> 
 <w id="w31.1.9">pripravilo</w> 
 <w id="w31.1.10">program</w> 
 <w id="w31.1.11">z</w> 
 <w id="w31.1.12">izobraževalnim</w> 
 <w id="w31.1.13">gradivom</w> 
 <w id="w31.1.14">za</w> 
 <w id="w31.1.15">bolnike</w> 
 <w id="w31.1.16">in</w> 
 <w id="w31.1.17">zdravnike</w> 
 <w id="w31.1.18">za</w> 
 <w id="w31.1.19">zagotovitev</w>
 <w id="w31.1.20">,</w> 
 <w id="w31.1.21">da</w> 
 <w id="w31.1.22">se</w> 
 <w id="w31.1.23">zdravilo</w> 
 <w id="w31.1.24">uporablja</w> 
 <w id="w31.1.25">pri</w> 
 <w id="w31.1.26">bolnikih</w>
 <w id="w31.1.27">,</w> 
 <w id="w31.1.28">ki</w> 
 <w id="w31.1.29">ga</w> 
 <w id="w31.1.30">potrebujejo</w> 
 <w id="w31.1.31">zaradi</w> 
 <w id="w31.1.32">zdravja</w> 
 <w id="w31.1.33">in</w> 
 <w id="w31.1.34">ne</w> 
 <w id="w31.1.35">iz</w> 
 <w id="w31.1.36">kozmetičnih</w> 
 <w id="w31.1.37">razlogov</w> 
 <w id="w31.1.38">ter</w> 
 <w id="w31.1.39">bo</w> 
 <w id="w31.1.40">nadzorovalo</w> 
 <w id="w31.1.41">njegovo</w> 
 <w id="w31.1.42">uporabo</w>
 <w id="w31.1.43">.</w>
</s> 
 
<s id="s31.2">
 <w id="w31.2.1">Podjetje</w> 
 <w id="w31.2.2">bo</w> 
 <w id="w31.2.3">uporabilo</w> 
 <w id="w31.2.4">specifične</w> 
 <w id="w31.2.5">zbirke</w> 
 <w id="w31.2.6">podatkov</w> 
 <w id="w31.2.7">za</w> 
 <w id="w31.2.8">spremljanje</w> 
 <w id="w31.2.9">neželenih</w> 
 <w id="w31.2.10">učinkov</w> 
 <w id="w31.2.11">zdravila</w> 
 <w id="w31.2.12">ACOMPLIA</w>
 <w id="w31.2.13">,</w> 
 <w id="w31.2.14">zlasti</w> 
 <w id="w31.2.15">tistih</w>
 <w id="w31.2.16">,</w> 
 <w id="w31.2.17">povezanih</w> 
 <w id="w31.2.18">z</w> 
 <w id="w31.2.19">živčnim</w>                     
 <w id="w31.2.20">ilo</w>
</s></p>

<p id="32">
<s id="s32.1">
 <w id="w32.1.1">sistemom</w>
 <w id="w32.1.2">.</w>
</s></p>

<p id="33">
<s id="s33.1">
 <w id="w33.1.1">Druge</w> 
 <w id="w33.1.2">informacije</w> 
 <w id="w33.1.3">o</w> 
 <w id="w33.1.4">zdravilu</w> 
 <w id="w33.1.5">ACOMPLIA</w>
 <w id="w33.1.6">:</w>               
 <w id="w33.1.7">rav</w>
</s></p>

<p id="34">
<s id="s34.1">
 <w id="w34.1.1">Evropska</w> 
 <w id="w34.1.2">komisija</w> 
 <w id="w34.1.3">je</w> 
 <w id="w34.1.4">dovoljenje</w> 
 <w id="w34.1.5">za</w> 
 <w id="w34.1.6">promet</w> 
 <w id="w34.1.7">z</w> 
 <w id="w34.1.8">zdravilom</w> 
 <w id="w34.1.9">ACOMPLIA</w>
 <w id="w34.1.10">,</w> 
 <w id="w34.1.11">veljavno</w> 
 <w id="w34.1.12">po</w> 
 <w id="w34.1.13">vsej</w> 
 <w id="w34.1.14">Evropski</w> 
 <w id="w34.1.15">uniji</w>
 <w id="w34.1.16">,</w> 
 <w id="w34.1.17">odobrila</w> 
 <w id="w34.1.18">družbi</w> 
 <w id="w34.1.19">sanofi-</w>
 <w id="w34.1.20">aventis</w> 
 <w id="w34.1.21">dne</w> 
 <w id="w34.1.22">19</w>
 <w id="w34.1.23">.</w> 
 <w id="w34.1.24">junija</w> 
 <w id="w34.1.25">2006</w>
 <w id="w34.1.26">.</w>
</s>          
 
<s id="s34.2">
 <w id="w34.2.1">Zd</w>
</s></p>

<p id="35">
<s id="s35.1">
 <w id="w35.1.1">Celotno</w> 
 <w id="w35.1.2">Evropsko</w> 
 <w id="w35.1.3">javno</w> 
 <w id="w35.1.4">poročilo</w> 
 <w id="w35.1.5">o</w> 
 <w id="w35.1.6">oceni</w> 
 <w id="w35.1.7">zdravila</w> 
 <w id="w35.1.8">(</w>
 <w id="w35.1.9">EPAR</w>
 <w id="w35.1.10">)</w> 
 <w id="w35.1.11">za</w> 
 <w id="w35.1.12">zdravilo</w> 
 <w id="w35.1.13">ACOMPLIA</w> 
 <w id="w35.1.14">je</w> 
 <w id="w35.1.15">na</w> 
 <w id="w35.1.16">voljo</w> 
 <w id="w35.1.17">tukaj</w>
 <w id="w35.1.18">.</w>
</s></p>

<p id="36">
<s id="s36.1">
 <w id="w36.1.1">Povzetek</w> 
 <w id="w36.1.2">je</w> 
 <w id="w36.1.3">bil</w> 
 <w id="w36.1.4">nazadnje</w> 
 <w id="w36.1.5">posodobljen</w> 
 <w id="w36.1.6">10-</w>
 <w id="w36.1.7">2007</w>
 <w id="w36.1.8">.</w>
</s></p>

<p id="37">
<s id="s37.1">
 <w id="w37.1.1">©EMEA</w> 
 <w id="w37.1.2">2007</w>
</s></p>

<head id="38">
<s id="s38.1">
 <w id="w38.1.1">2/</w>
 <w id="w38.1.2">2</w>
</s></head></text>
