<?xml version="1.0" encoding="utf-8"?>
<letsmt version="1.0">
<head></head>
<body>
<s id="s1.1">ANNEX I</s>
<s id="s2.1">SUMMARY OF PRODUCT CHARACTERISTICS</s>
<s id="s3.1">1/ 17 1.</s>
<s id="s3.2">NAME OF THE VETERINARY MEDICINAL PRODUCT</s>
<s id="s4.1">ProteqFlu Suspension for injection for horses</s>
<s id="s5.1">2.</s>
<s id="s5.2">QUALITATIVE AND QUANTITATIVE COMPOSITION</s>
<s id="s6.1">One dose contains:</s>
<s id="s7.1">Active substances:</s>
<s id="s7.2">Influenza A/ equi-2/ Ohio/ 03 [H3N8] recombinant Canarypox virus (vCP2242)......... ...≥ 5.3 log10 FAID*50 Influenza A/ equi-2/ Newmarket/ 2/ 93 [H3N8] recombinant Canarypox virus (vCP1533) ≥ 5.3 log10 FAID*50 * Fluorescent assay infectious dose 50% Adjuvant:</s>
<s id="s7.3">Carbomer................................................................................................................................................ .4 mg</s>
<s id="s8.1">For a full list of excipients, see section 6.1.</s>
<s id="s9.1">3.</s>
<s id="s9.2">PHARMACEUTICAL FORM</s>
<s id="s10.1">Suspension for injection.</s>
<s id="s11.1">4.</s>
<s id="s11.2">CLINICAL PARTICULARS</s>
<s id="s12.1">4.1 Target species</s>
<s id="s13.1">Horses</s>
<s id="s14.1">4.2 Indications for use, specifying the target species</s>
<s id="s15.1">Active immunisation of horses of 4 months of age or older against equine influenza to reduce clinical signs and virus excretion after infection.</s>
<s id="s15.2">Onset of immunity:</s>
<s id="s15.3">14 days after primary vaccination course.</s>
<s id="s15.4">Duration of immunity induced by the vaccination scheme:</s>
<s id="s15.5">5 months after primary vaccination course and 1 year after the third vaccination.</s>
<s id="s16.1">4.3 Contraindications</s>
<s id="s17.1">None.</s>
<s id="s18.1">4.4 Special warnings</s>
<s id="s19.1">None.</s>
<s id="s20.1">4.5 Special precautions for use</s>
<s id="s21.1">Special precautions for use in animals</s>
<s id="s22.1">Only healthy animals should be vaccinated.</s>
<s id="s23.1">2/ 17 Special precautions to be taken by the person administering the veterinary medicinal product to animals</s>
<s id="s24.1">In case of accidental self-injection, seek medical advice immediately and show the package leaflet or the label to the physician.</s>
<s id="s25.1">4.6 Adverse reactions (frequency and seriousness)</s>
<s id="s26.1">• A transient swelling (max. diameter 5 cm) which regresses within 4 days may appear at the injection site. • Pain and local hyperthermia can occur in rare cases. • A slight increase in temperature (max.</s>
<s id="s26.2">1.5 °C) may occur for 1 day, exceptionally 2 days. • In exceptional circumstances, apathy and reduced appetite may be observed the day after vaccination. • In exceptional circumstances a hypersensitivity reaction may occur, which may require appropriate symptomatic treatment.</s>
<s id="s27.1">4.7 Use during pregnancy, lactation or lay</s>
<s id="s28.1">Can be used during pregnancy and lactation.</s>
<s id="s29.1">4.8 Interaction with other medicinal products and other forms of interaction</s>
<s id="s30.1">No interaction has been observed when the vaccine was administered simultaneously, but at a separate site, with MERIAL’ s inactivated vaccine against rabies.</s>
<s id="s31.1">4.9 Amounts to be administered and administration route</s>
<s id="s32.1">For intramuscular use.</s>
<s id="s32.2">For the administration of the vaccine, use sterile and antiseptic-free and/ or disinfectant-free material.</s>
<s id="s32.3">Shake the vaccine gently before use.</s>
<s id="s33.1">Administer one dose (1ml), by intramuscular injection, preferably in the neck region, according to the following schedule: • Primary vaccination course: first injection from 5-6 months of age, second injection 4-6 weeks later • Revaccination:</s>
<s id="s33.2">5 months after primary vaccination course followed by annual booster injections In case of increased infection risk or insufficient colostrum intake, an additional initial injection can be given at the age of 4 months followed by the full vaccination programme (primary vaccination course at 5-6 months of age and 4-6 weeks later followed by revaccination).</s>
<s id="s34.1">4.10 Overdose (symptoms, emergency procedures, antidotes), if necessary</s>
<s id="s35.1">Following the administration of overdoses of vaccine, no side-effects other than those described under 4.6 have been observed.</s>
<s id="s36.1">4.11 Withdrawal period(s)</s>
<s id="s37.1">Zero days.</s>
<s id="s38.1">3/ 17 5.</s>
<s id="s38.2">IMMUNOLOGICAL PROPERTIES</s>
<s id="s39.1">ATCvet code:</s>
<s id="s39.2">QI05AD02</s>
<s id="s40.1">The vaccine stimulates active immunity against equine influenza.</s>
<s id="s41.1">The vaccine strains vCP2242 and vCP1533 are recombinant canarypox viruses expressing the haemagglutinin HA gene from the equine influenza virus strains A/ equi-2/ Ohio/ 03 (American strain) and A/ equi-2/ Newmarket/ 2/ 93 (European strain), respectively.</s>
<s id="s41.2">After inoculation, the viruses do not multiply in the horse but express the protective proteins.</s>
<s id="s41.3">As a consequence, these components induce immunity against equine influenza virus (H3N8).</s>
<s id="s42.1">6.</s>
<s id="s42.2">PHARMACEUTICAL PARTICULARS</s>
<s id="s43.1">6.1 List of excipients</s>
<s id="s44.1">None</s>
<s id="s45.1">6.2 Incompatibilities</s>
<s id="s46.1">Do not mix with any veterinary medicinal product.</s>
<s id="s47.1">6.3 Shelf life</s>
<s id="s48.1">27 months.</s>
<s id="s48.2">Use immediately after opening.</s>
<s id="s49.1">6.4.</s>
<s id="s49.2">Special precautions for storage</s>
<s id="s50.1">Store and transport refrigerated (2°C – 8°C).</s>
<s id="s50.2">Do not freeze.</s>
<s id="s50.3">Protect from light.</s>
<s id="s51.1">6.5 Nature and composition of immediate packaging</s>
<s id="s52.1">Type I glass vial Butyl elastomer closure and aluminium cap</s>
<s id="s53.1">Box of 10 vials of 1 dose.</s>
<s id="s54.1">6.6 Special precautions for the disposal of unused veterinary medicinal product or waste materials derived from the use of such products</s>
<s id="s55.1">Dispose of waste material by boiling, incineration or immersion in an appropriate disinfectant approved for use by the competent authorities.</s>
<s id="s56.1">7.</s>
<s id="s56.2">MARKETING AUTHORISATION HOLDER</s>
<s id="s57.1">MERIAL 29 Avenue Tony Garnier F-69007 Lyon France</s>
<s id="s58.1">4/ 17 8.</s>
<s id="s58.2">MARKETING AUTHORISATION NUMBER(S)</s>
<s id="s59.1">EU/ 2/ 03/ 037/ 005</s>
<s id="s60.1">9.</s>
<s id="s60.2">DATE OF FIRST AUTHORISATION/ RENEWAL OF THE AUTHORISATION</s>
<s id="s61.1">06/ 03/ 2003/ 14/ 01/ 2008</s>
<s id="s62.1">10 DATE OF REVISION OF THE TEXT</s>
<s id="s63.1">25.04.2008</s>
<s id="s64.1">Detailed information on this veterinary medicinal product is available on the website of the European Medicines Agency (EMEA) http: / /www. emea. europa. eu</s>
<s id="s65.1">PROHIBITION OF SALE, SUPPLY AND/ OR USE</s>
<s id="s66.1">Not applicable.</s>
<s id="s67.1">5/ 17 ANNEX II</s>
<s id="s68.1">A.</s>
<s id="s68.2">MANUFACTURER(S) OF THE BIOLOGICAL ACTIVE SUBSTANCE(S) AND MANUFACTURING AUTHORISATION HOLDER(S) RESPONSIBLE FOR BATCH RELEASE</s>
<s id="s69.1">B.</s>
<s id="s69.2">CONDITIONS OR RESTRICTIONS OF THE MARKETING AUTHORISATION REGARDING SUPPLY OR USE</s>
<s id="s70.1">C.</s>
<s id="s70.2">CONDITIONS OR RESTRICTIONS OF THE MARKETING AUTHORISATION WITH REGARD TO SAFE AND EFFECTIVE USE</s>
<s id="s71.1">D.</s>
<s id="s71.2">STATEMENT OF THE MRLs</s>
<s id="s72.1">6/ 17 A.</s>
<s id="s72.2">MANUFACTURER(S) OF THE BIOLOGICAL ACTIVE SUBSTANCE(S) AND MANUFACTURING AUTHORISATION HOLDER(S) RESPONSIBLE FOR BATCH RELEASE</s>
<s id="s73.1">Name and address of the manufacturer(s) of the biological active substance(s)</s>
<s id="s74.1">MERIAL Laboratoire Porte des Alpes Rue de l'Aviation F-69800 Saint Priest France</s>
<s id="s75.1">Manufacturing Authorisation issued on 14 August 1997 by the National Agency for Veterinary Medicinal Products, France.</s>
<s id="s76.1">Merial, Laboratory of Lyon Gerland 254, Avenue Marcel Mérieux, 69007 Lyon, France</s>
<s id="s77.1">Manufacturing Authorisation issued on 14 August 1997 by the National Agency for Veterinary Medicinal Products, France.</s>
<s id="s78.1">Name and address of the manufacturer(s) responsible for batch release</s>
<s id="s79.1">MERIAL Laboratoire Porte des Alpes Rue de l'Aviation F-69800 Saint Priest France</s>
<s id="s80.1">Manufacturing Authorisation issued on 14 August 1997 by the National Agency for Veterinary Medicinal Products, France.</s>
<s id="s81.1">B.</s>
<s id="s81.2">CONDITIONS OR RESTRICTIONS OF THE MARKETING AUTHORISATION REGARDING SUPPLY OR USE</s>
<s id="s82.1">Veterinary medicinal product subject to prescription.</s>
<s id="s83.1">The holder of this marketing authorisation must inform the European Commission about the marketing plans for the medicinal product authorised by this decision.</s>
<s id="s84.1">C.</s>
<s id="s84.2">CONDITIONS OR RESTRICTIONS OF THE MARKETING AUTHORISATION WITH REGARD TO THE SAFE AND EFFECTIVE USE OF THE PRODUCT</s>
<s id="s85.1">Not applicable</s>
<s id="s86.1">D.</s>
<s id="s86.2">STATEMENT OF THE MRLs</s>
<s id="s87.1">The following substances contained in the final product are included in Annex II of Council Regulation (EEC) No 2377/ 90:</s>
<s id="s88.1">7/ 17 Pharmacologically active substance(s)</s>
<s id="s89.1">Animal Species</s>
<s id="s90.1">Other provisions</s>
<s id="s91.1">Comments</s>
<s id="s92.1">Sodium chloride</s>
<s id="s93.1">All food producing species</s>
<s id="s94.1">CR No.</s>
<s id="s94.2">2796/ 95</s>
<s id="s95.1">Disodium phosphate</s>
<s id="s96.1">All food producing species</s>
<s id="s97.1">Approved food additive (E339), CR No 2034/ 96</s>
<s id="s98.1">Monopotassium phosphate</s>
<s id="s99.1">All food producing species</s>
<s id="s100.1">Approved food additive (E340), CR No 2034/ 96</s>
<s id="s101.1">Other substances contained in the</s>
<s id="s102.1">final product:</s>
<s id="s103.1">Substance(s) Water for injections</s>
<s id="s104.1">MRL status Not falling within scope of CR No 2377/ 90</s>
<s id="s105.1">Comments</s>
<s id="s106.1">Carbomer</s>
<s id="s107.1">Not falling within scope of CR No 2377/ 90</s>
<s id="s108.1">Gentamicin</s>
<s id="s109.1">Included in Annex I of CR 2377/ 90 for bovine and porcine species</s>
<s id="s110.1">Not considered pharmacologically active at the doses administered to the animals</s>
<s id="s111.1">8/ 17 ANNEX III</s>
<s id="s112.1">LABELLING AND PACKAGE LEAFLET</s>
<s id="s113.1">9/ 17 A.</s>
<s id="s113.2">LABELLING</s>
<s id="s114.1">10/ 17 PARTICULARS TO APPEAR ON THE OUTER PACKAGE</s>
<s id="s115.1">Outer package for 10 doses:</s>
<s id="s115.2">10 vials of 1 dose</s>
<s id="s116.1">1.</s>
<s id="s116.2">NAME OF THE VETERINARY MEDICINAL PRODUCT</s>
<s id="s117.1">ProteqFlu Suspension for injection for horses</s>
<s id="s118.1">2.</s>
<s id="s118.2">STATEMENT OF ACTIVE AND OTHER SUBSTANCES</s>
<s id="s119.1">One dose contains:</s>
<s id="s119.2">Active substances:</s>
<s id="s119.3">Influenza A/ equi-2/ Ohio/ 03 [H3N8] (vCP2242)............................................................. .≥ 5.3 log10 FAID50 Influenza A/ equi-2/ Newmarket/ 2/ 93 [H3N8] (vCP1533)............................................. ...≥ 5.3 log10 FAID50</s>
<s id="s120.1">Adjuvant:</s>
<s id="s120.2">Carbomer................................................................................................................................................ .4 mg</s>
<s id="s121.1">3.</s>
<s id="s121.2">PHARMACEUTICAL FORM</s>
<s id="s122.1">Suspension for injection</s>
<s id="s123.1">4.</s>
<s id="s123.2">PACKAGE SIZE</s>
<s id="s124.1">10 doses:</s>
<s id="s124.2">10 vials of 1 dose</s>
<s id="s125.1">5.</s>
<s id="s125.2">TARGET SPECIES</s>
<s id="s126.1">Horses</s>
<s id="s127.1">6.</s>
<s id="s127.2">INDICATION(S)</s>
<s id="s128.1">Read the package leaflet before use.</s>
<s id="s129.1">7.</s>
<s id="s129.2">METHOD AND ROUTE(S) OF ADMINISTRATION</s>
<s id="s130.1">Intramuscular use.</s>
<s id="s130.2">Read the package leaflet before use.</s>
<s id="s131.1">8.</s>
<s id="s131.2">WITHDRAWAL PERIOD</s>
<s id="s132.1">Withdrawal period: zero days.</s>
<s id="s133.1">11/ 17 9.</s>
<s id="s133.2">SPECIAL WARNING(S), IF NECESSARY</s>
<s id="s134.1">10.</s>
<s id="s134.2">EXPIRY DATE</s>
<s id="s135.1">EXP Use immediately after opening.</s>
<s id="s136.1">11.</s>
<s id="s136.2">SPECIAL STORAGE CONDITIONS</s>
<s id="s137.1">Store and transport refrigerated 2°C – 8°C.</s>
<s id="s137.2">Do not freeze.</s>
<s id="s137.3">Protect from light.</s>
<s id="s138.1">12.</s>
<s id="s138.2">SPECIAL PRECAUTIONS FOR THE DISPOSAL OF UNUSED PRODUCTS OR WASTE MATERIALS, IF ANY</s>
<s id="s139.1">See section 7.</s>
<s id="s140.1">13.</s>
<s id="s140.2">THE WORDS “ FOR ANIMAL TREATMENT ONLY” AND CONDITIONS OR RESTRICTIONS REGARDING SUPPLY AND USE, if applicable</s>
<s id="s141.1">For animal treatment only to be supplied only on veterinary prescription</s>
<s id="s142.1">14.</s>
<s id="s142.2">THE WORDS “ KEEP OUT OF THE REACH AND SIGHT OF CHILDREN”</s>
<s id="s143.1">Keep out of the reach and sight of children.</s>
<s id="s144.1">15.</s>
<s id="s144.2">NAME AND ADDRESS OF THE MARKETING AUTHORISATION HOLDER</s>
<s id="s145.1">MERIAL 29 Avenue Tony Garnier F-69007 Lyon France</s>
<s id="s146.1">16.</s>
<s id="s146.2">MARKETING AUTHORISATION NUMBER(S)</s>
<s id="s147.1">EU/ 2/ 03/ 037/ 005</s>
<s id="s148.1">17.</s>
<s id="s148.2">MANUFACTURER’ S BATCH NUMBER</s>
<s id="s149.1">Lot</s>
<s id="s150.1">12/ 17 MINIMUM PARTICULARS TO APPEAR ON SMALL IMMEDIATE PACKAGING UNITS</s>
<s id="s151.1">{vial}</s>
<s id="s152.1">1.</s>
<s id="s152.2">NAME OF THE VETERINARY MEDICINAL PRODUCT</s>
<s id="s153.1">ProteqFlu</s>
<s id="s154.1">2.</s>
<s id="s154.2">QUANTITY OF THE ACTIVE SUBSTANCE(S)</s>
<s id="s155.1">Read the package leaflet before use.</s>
<s id="s156.1">3.</s>
<s id="s156.2">CONTENTS BY WEIGHT, BY VOLUME OR BY NUMBER OF DOSES</s>
<s id="s157.1">1 dose</s>
<s id="s158.1">4.</s>
<s id="s158.2">ROUTE(S) OF ADMINISTRATION</s>
<s id="s159.1">Intramuscular use</s>
<s id="s160.1">5.</s>
<s id="s160.2">WITHDRAWAL PERIOD</s>
<s id="s161.1">Zero days.</s>
<s id="s162.1">6.</s>
<s id="s162.2">BATCH NUMBER</s>
<s id="s163.1">Lot</s>
<s id="s164.1">7.</s>
<s id="s164.2">EXPIRY DATE</s>
<s id="s165.1">EXP</s>
<s id="s166.1">8.</s>
<s id="s166.2">THE WORDS “ FOR ANIMAL TREATMENT ONLY”</s>
<s id="s167.1">For animal treatment only.</s>
<s id="s168.1">13/ 17 B.</s>
<s id="s168.2">PACKAGE LEAFLET</s>
<s id="s169.1">14/ 17 PACKAGE LEAFLET FOR:</s>
<s id="s170.1">ProteqFlu Suspension for injection for horses</s>
<s id="s171.1">1.</s>
<s id="s171.2">NAME AND ADDRESS OF THE MARKETING AUTHORISATION HOLDER AND OF THE MANUFACTURING AUTHORISATION HOLDER RESPONSIBLE FOR BATCH RELEASE, IF DIFFERENT</s>
<s id="s172.1">Marketing authorisation holder:</s>
<s id="s172.2">MERIAL, 29 Avenue Tony Garnier, F-69007 Lyon, France</s>
<s id="s173.1">Manufacturer for the batch release:</s>
<s id="s173.2">MERIAL, Laboratoire Porte des Alpes, Rue de l'Aviation, F-69800 Saint Priest, France</s>
<s id="s174.1">2.</s>
<s id="s174.2">NAME OF THE VETERINARY MEDICINAL PRODUCT</s>
<s id="s175.1">ProteqFlu Suspension for injection for horses</s>
<s id="s176.1">3.</s>
<s id="s176.2">STATEMENT OF THE ACTIVE SUBSTANCE(S) AND OTHER INGREDIENT(S)</s>
<s id="s177.1">One dose contains:</s>
<s id="s177.2">Active substances:</s>
<s id="s177.3">Influenza A/ equi-2/ Ohio/ 03 [H3N8] recombinant Canarypox virus (vCP2242)......... ...≥ 5.3 log10 FAID*50 Influenza A/ equi-2/ Newmarket/ 2/ 93 [H3N8] recombinant Canarypox virus (vCP1533) ≥ 5.3 log10 FAID*50 * Fluorescent assay infectious dose 50% Adjuvant:</s>
<s id="s177.4">Carbomer................................................................................................................................................ .4 mg</s>
<s id="s178.1">4.</s>
<s id="s178.2">INDICATION(S)</s>
<s id="s179.1">Active immunisation of horses of 4 months of age or older against equine influenza to reduce clinical signs and virus excretion after infection.</s>
<s id="s179.2">Onset of immunity:</s>
<s id="s179.3">14 days after primary vaccination course.</s>
<s id="s179.4">Duration of immunity induced by the vaccination scheme:</s>
<s id="s179.5">5 months after primary vaccination course and 1 year after the third vaccination.</s>
<s id="s180.1">5.</s>
<s id="s180.2">CONTRAINDICATIONS</s>
<s id="s181.1">None.</s>
<s id="s182.1">6.</s>
<s id="s182.2">ADVERSE REACTIONS</s>
<s id="s183.1">• A transient swelling (max. diameter 5 cm) which regresses within 4 days may appear at the injection site. • Pain and local hyperthermia can occur in rare cases. • A slight increase in temperature (max.</s>
<s id="s183.2">1.5 °C) may occur for 1 day, exceptionally 2 days. • In exceptional circumstances, apathy and reduced appetite may be observed the day after vaccination.</s>
<s id="s184.1">15/ 17 • In exceptional circumstances a hypersensitivity reaction may occur, which may require appropriate symptomatic treatment.</s>
<s id="s184.2">If you notice any serious effects or other effects not mentioned in this leaflet, please inform your veterinary surgeon.</s>
<s id="s185.1">7.</s>
<s id="s185.2">TARGET SPECIES</s>
<s id="s186.1">Horses</s>
<s id="s187.1">8.</s>
<s id="s187.2">DOSAGE FOR EACH SPECIES, ROUTE(S) AND METHOD OF ADMINISTRATION</s>
<s id="s188.1">Administer one dose (1ml), by intramuscular injection, preferably in the neck region, according to the following schedule: • Primary vaccination course: first injection from 5-6 months of age, second injection 4-6 weeks later • Revaccination:</s>
<s id="s188.2">5 months after primary vaccination course followed by annual booster injections In case of increased infection risk or insufficient colostrum intake, an additional initial injection can be given at the age of 4 months followed by the full vaccination programme (primary vaccination course at 5-6 months of age and 4-6 weeks later followed by revaccination).</s>
<s id="s189.1">9.</s>
<s id="s189.2">ADVICE ON CORRECT ADMINISTRATION</s>
<s id="s190.1">For the administration of the vaccine, use sterile and antiseptic-free and/ or disinfectant-free material.</s>
<s id="s190.2">Shake the vaccine gently before use.</s>
<s id="s190.3">Intramuscular use (preferably in the neck region).</s>
<s id="s191.1">10.</s>
<s id="s191.2">WITHDRAWAL PERIOD</s>
<s id="s192.1">Zero days</s>
<s id="s193.1">11.</s>
<s id="s193.2">SPECIAL STORAGE PRECAUTIONS</s>
<s id="s194.1">• Keep out of the reach and sight of children. • Store and transport refrigerated 2°C – 8°C.</s>
<s id="s194.2">Do not freeze.</s>
<s id="s194.3">Protect from light. • Use immediately after opening. • Do not use after the expiry date stated on the label.</s>
<s id="s195.1">12.</s>
<s id="s195.2">SPECIAL WARNING(S)</s>
<s id="s196.1">• Only healthy animals should be vaccinated. • Do not mix with any veterinary medicinal product. • In case of accidental self-injection, seek medical advice immediately and show the package leaflet or the label to the physician. • Can be used during pregnancy and lactation. • No interaction has been observed when the vaccine was administered simultaneously, but at a separate site, with MERIAL ’ s inactivated vaccine against rabies. • Following the administration of overdoses of vaccine, no side-effects other than those described under “ Adverse reactions” have been observed.</s>
<s id="s197.1">16/ 17 13.</s>
<s id="s197.2">SPECIAL PRECAUTIONS FOR THE DISPOSAL OF UNUSED PRODUCT OR WASTE MATERIALS, IF ANY</s>
<s id="s198.1">Dispose of waste material by boiling, incineration or immersion in an appropriate disinfectant approved for use by the competent authorities.</s>
<s id="s199.1">14.</s>
<s id="s199.2">DATE ON WHICH THE PACKAGE LEAFLET WAS LAST APPROVED</s>
<s id="s200.1">25.04.2008</s>
<s id="s201.1">Detailed information on this product is available on the website of the European Medicines Agency (EMEA) http: / /www. emea. europa. eu</s>
<s id="s202.1">15.</s>
<s id="s202.2">OTHER INFORMATION</s>
<s id="s203.1">The vaccine stimulates active immunity against equine influenza.</s>
<s id="s204.1">The vaccine strains vCP2242 and vCP1533 are recombinant canarypox viruses expressing the haemagglutinin HA gene from the equine influenza virus strains A/ equi-2/ Ohio/ 03 (American strain) and A/ equi-2/ Newmarket/ 2/ 93 (European strain), respectively.</s>
<s id="s204.2">After inoculation, the viruses do not multiply in the horse but express the protective proteins.</s>
<s id="s204.3">As a consequence, these components induce immunity against equine influenza virus (H3N8).</s>
<s id="s205.1">Box of 10 vials of 1 dose.</s>
<s id="s206.1">Veterinary medicinal product subject to prescription.</s>
<s id="s207.1">17/ 17</s>
</body>
</letsmt>
