<?xml version="1.0" encoding="utf-8"?>
<letsmt version="1.0">
<head></head>
<body>
<s id="s1.1">European Medicines Agency</s>
<s id="s2.1">London, 17. marca 2009 Sklic dok.:</s>
<s id="s2.2">EMEA/ 189590/ 2009 EMEA/ H/ A- 29/ 1096</s>
<s id="s3.1">Vprašanja in odgovori v zvezi z napotitvijo za zdravilo Bleomycin, prašek za raztopino za injiciranje, 15 e/ vialo, družbe Pharmachemie BV</s>
<s id="s4.1">Evropska agencija za zdravila (EMEA) je končala napotitveni postopek, do katerega je prišlo po nesoglasju med državami članicami Evropske unije glede odobritve zdravila Bleomycin, injekcija, družbe Pharmachemie BV.</s>
<s id="s4.2">Odbor za zdravila za uporabo v humani medicini (CHMP) pri agenciji EMEA je zaključil, da koristi zdravila Bleomycin, injekcija, družbe Pharmachemie BV odtehtajo njegova tveganja in da se dovoljenje za promet z zdravilom lahko odobri v državah članicah Evropske unije in Evropskega gospodarskega prostora.</s>
<s id="s4.3">Pregled se je opravil v okviru napotitvenega postopka v skladu s členom 291.</s>
<s id="s5.1">Kaj je zdravilo Bleomycin?</s>
<s id="s5.2">Bleomycin je zdravilo proti raku, ki se uporablja za zdravljenje določenih oblik raka glave ali vratu, cerviksa (materničnega vratu) in zunanjih spolovil, nekaterih oblik limfoma (raka limfnega sistema), kot je Hodgkinova bolezen, ter raka testisov.</s>
<s id="s5.3">Zdravilo Bleomycin se lahko injicira neposredno v prsno votlino za zdravljenje pojava tekočine, ki se v pljučih nabira kot posledica raka.</s>
<s id="s5.4">Zdravilo Bleomycin se skoraj vedno uporablja v kombinaciji z zdravili proti raku ali z obsevanjem.</s>
<s id="s5.5">Zdravilo Bleomycin je citostatična spojina.</s>
<s id="s5.6">To pomeni, da zaustavlja rast celic.</s>
<s id="s5.7">Zdravilo Bleomycin se vrine v verige DNK, tj. genetsko gradivo celice, ki se začne zaradi zdravila trgati.</s>
<s id="s5.8">Celice se posledično ne morejo več deliti.</s>
<s id="s6.1">Zakaj je bilo zdravilo Bleomycin pregledano?</s>
<s id="s6.2">Družba Pharmachemie BV je vlogo za pridobitev dovoljenja za promet z zdravilom Bleomycin, prašek za raztopino za injiciranje, 15 e/ vialo, predložila po decentraliziranem postopku dne 10. julija 2007, pri tem pa je Nizozemska prevzela vlogo referenčne države članice.</s>
<s id="s6.3">Družba je želela, da se dovoljenje odobri v Avstriji, Belgiji, Bolgariji, Češki republiki, na Danskem, v Estoniji, Franciji, Nemčiji, Italiji, Latviji, Litvi, Luksemburgu, na Norveškem, Poljskem, Portugalskem, Slovaškem, v Sloveniji in Španiji (zadevne države članice).</s>
<s id="s6.4">Te države članice niso mogle doseči soglasja.</s>
<s id="s6.5">Nizozemska regulatorna agencija za zdravila, Odbor za vrednotenje zdravil, je 3. novembra 2008 zadevo napotila na CHMP.</s>
<s id="s7.1">Razlogi za napotitev so bili, ker Nemčija ni mogla sprejeti nekaterih indikacij proti raku, saj jih ne priznava kot sprejemljive za bleomicin.</s>
<s id="s7.2">Indikaciji „ karcinom glave in vratu “ ter „ epidermoidni karcinom zunanjih spolovil, kot je karcinom penisa ali cerviksa “, sta bili v Nemčiji izbrisani iz odobrenih indikacij za vsa zdravila, ki vsebujejo bleomicin, ker se je menilo, da je razmerje med koristmi in tveganji za bleomicin pri teh indikacijah negativno.</s>
<s id="s7.3">Nemčija je menila, da predloženi podatki niso bili zadostni za odobritev dovoljenja za promet z zdravilom za predlagane indikacije.</s>
<s id="s7.4">Referenčna država članica in druge pozitivne zadevne države članice so naklonjene ohranitvi teh indikacij.</s>
<s id="s7.5">Postopek je bil napoten na odbor CHMP, ker ni bilo mogoče doseči soglasja.</s>
<s id="s7.6">Odbor CHMP je ovrednotil razpoložljive podatke, da bi ugotovil, ali je mogoče zadevni indikaciji podpreti.</s>
<s id="s8.1">1 Člen 29 Direktive 2001/ 83/ ES, kot je bila spremenjena, o napotitvi na podlagi možnega resnega tveganja za javno zdravje.</s>
<s id="s8.2">7 Westferry Circus, Canary Wharf, London E14 4HB, UK Tel.</s>
<s id="s8.3">(44- 20) 74 18 84 00 Fax (44- 20) 74 18 84 16 E- mail: mail@ emea. europa. eu http: // www. emea. europa. eu</s>
<s id="s9.1">© European Medicines Agency, 2009.</s>
<s id="s9.2">Reproduction is authorised provided the source is acknowledged.</s>
<s id="s9.3">Do kakšnih zaključkov je prišel CHMP?</s>
<s id="s9.4">Na podlagi vrednotenja trenutno razpoložljivih podatkov, vključno z objavljeno literaturo in trenutno veljavnimi smernicami za zdravljenje, ter znanstvene razprave znotraj CHMP je ta zaključil, da koristi zdravila Bleomycin, injekcija, družbe Pharmachemie BV odtehtajo njegova tveganja ter da je zato treba dovoljenje za promet z zdravilom Bleomycin odobriti v vseh zadevnih državah članicah.</s>
<s id="s10.1">Evropska komisija je odločbo izdala dne 12. marca 2009.</s>
<s id="s11.1">Poročevalka:</s>
<s id="s11.2">Soporočevalec:</s>
<s id="s12.1">Barbara van Zwieten- Boot (NL) Harald Enzmann (DE)</s>
<s id="s13.1">Datum začetka postopka napotitve:</s>
<s id="s13.2">20. november 2008 Datum izdaje mnenja:</s>
<s id="s14.1">18. december 2008</s>
<s id="s15.1">Stran 2/ 2</s>
</body>
</letsmt>
