<?xml version="1.0" encoding="utf-8"?>
<letsmt version="1.0">
<head></head>
<body>
<s id="s1.1">European Medicines Agency Evaluation of Medicines for Human Use</s>
<s id="s2.1">London, 13. december 2006 EMEA/ 405628/ 2006</s>
<s id="s3.1">ODBOR ZA ZDRAVILA ZA UPORABO V HUMANI MEDICINI (CHMP)</s>
<s id="s4.1">MNENJE V ZVEZI Z NAPOTITVIJO IZ ČLENA 29( 4) 1 za Glucomed in z njim povezana imena Mednarodno nelastniško ime (INN): glukozaminijev hidroklorid</s>
<s id="s5.1">OSNOVNE INFORMACIJE</s>
<s id="s6.1">Zdravilo Glucomed in z njim povezana imena, 625 mg tablete, vsebujejo glukozamin, ki je endogena snov in je običajen gradnik polisaharidnih verig v hrustančnem matriksu in glikozaminoglikanov v sinovijski tekočini.</s>
<s id="s6.2">Glukozamin so začeli tržiti po vsem svetu kot prehransko dopolnilo, vendar z namenom lajšanja simptomov pri bolnikih z osteoartritisom ali bolečin v sklepih ali z namenom izboljšanja funkcije sklepov.</s>
<s id="s7.1">Na podlagi dovoljenja za promet z zdravilom, izdanega na Švedskem 4. avgusta 2005, je družba Navamedic ASA podala vloge za medsebojno priznavanje zdravila Glucomed in z njim povezanih imen, 625 mg tablete.</s>
<s id="s7.2">Postopek medsebojnega priznavanja se je začel 18. oktobra 2005.</s>
<s id="s7.3">Referenčna država članica je bila Švedska, zadevne države članice pa Avstrija, Belgija, Ciper, Češka republika, Danska, Estonija, Nemčija, Grčija, Španija, Finska, Francija, Madžarska, Irska, Italija, Latvija, Litva, Luksemburg, Nizozemska, Poljska, Portugalska, Slovaška in Združeno kraljestvo ter Norveška in Islandija.</s>
<s id="s7.4">Omenjene države članice niso mogle doseči soglasja glede medsebojnega priznavanja dovoljenja za promet z zdravilom, ki ga je izdala referenčna država članica.</s>
<s id="s7.5">Švedska je svoje razloge za nestrinjanje posredovala agenciji EMEA dne 31. marca 2006.</s>
<s id="s8.1">Od predlagatelja so zahtevali, da dokaže učinkovitost glukozamina pri predvideni indikaciji “ lajšanje simptomov blagega do zmernega osteoartritisa kolena ”.</s>
<s id="s8.2">Poleg tega so predlagatelja tudi zaprosili, da utemelji predlagani odmerek in način odmerjanja, opredeli varnostni profil zdravila, vključno z razpravo o opaženih neželenih učinkih zdravila, utemelji relevantnost literature, ker formulacije glukozaminijevega sulfata (v obliki kompleksa z natrijevim kloridom), uporabljene v citirani literaturi, niso enake zadevni formulaciji za uporabo zdravila ter navede, ali bodo razlike v formulaciji vplivale na učinkovitost in varnost zdravila, opredeli možnost interakcij z drugimi zdravili in končno tudi dokaže pozitivno razmerje med koristmi in tveganji uporabe glukozaminijevega hidroklorida pri predvideni indikaciji.</s>
<s id="s9.1">Arbitražni postopek se je začel dne 27. aprila 2006 s sprejetjem seznama vprašanj.</s>
<s id="s9.2">Poročevalec je bil dr.</s>
<s id="s9.3">Salmonson, soporočevalec pa dr.</s>
<s id="s9.4">Abadie.</s>
<s id="s9.5">Imetnik dovoljenja za promet je podal svoja pisna pojasnila 21. julija 2006.</s>
<s id="s10.1">Na sestanku v septembru 2006 je bil CHMP ob upoštevanju vseh predloženih podatkov in znanstvene razprave v okviru Odbora mnenja, da je razmerje med koristmi in tveganji za zdravilo Glucomed in z njim povezana imena za lajšanje simptomov blagega do zmernega osteoartritisa kolena ugodno, da ni nikakršnih zadržkov za izdajo dovoljenja za promet z zdravilom in da je treba Povzetek glavnih</s>
<s id="s11.1">1 Člen 29( 4) Direktive 2001/ 83/ ES, kot je bila spremenjena.</s>
<s id="s11.2">7 Westferry Circus, Canary Wharf, London, E14 4HB, UK Tel.</s>
<s id="s11.3">(44- 20) 74 18 84 00 Fax (44- 20) 74 18 86 13 E- mail: mail@ emea. europa. eu http: // www. emea. europa. eu ©EMEA 2006 Reproduction and/ or distribution of this document is authorised for non commercial purposes only provided the EMEA is acknowledged. značilnosti zdravila, označevanje in navodila za uporabo referenčne države članice dopolniti.</s>
<s id="s11.4">Dne 21. septembra 2006 je bilo tako z večino 19 glasov od skupaj 27 sprejeto pozitivno mnenje.</s>
<s id="s12.1">Seznam zadevnih imen tega zdravila je podan v Dodatku I, znanstveni zaključki pa v Dodatku II, skupaj s Povzetkom glavnih značilnosti zdravila, označevanjem in navodili za uporabo v Dodatku III.</s>
<s id="s13.1">Končno mnenje je bilo spremenjeno v Odločbo Evropske komisije dne 13. decembra 2006.</s>
<s id="s14.1">©EMEA 2006</s>
<s id="s15.1">2/ 2</s>
</body>
</letsmt>
