<?xml version="1.0" encoding="utf-8"?>
<letsmt version="1.0">
<head></head>
<body>
<s id="s1.1">Poročilo o prihodkih in odhodkih Evropske agencije za zdravila za proračunsko leto 2009</s>
<s id="s2.1">© European Medicines Agency, 2009.</s>
<s id="s2.2">Reproduction is authorised provided the source is acknowledged PRIHODKI Naslov Poglavje</s>
<s id="s3.1">Člen</s>
<s id="s4.1">Postavka</s>
<s id="s5.1">Proračunsko leto 2009 Proračunsko leto 2008 Proračunsko leto 2007</s>
<s id="s6.1">Opombe</s>
<s id="s7.1">Postavka 1 PRIHODKI OD OPRAVLJENIH STORITEV 10 PRIHODKI OD OPRAVLJENIH 100</s>
<s id="s8.1">Pobrane pristojbine</s>
<s id="s9.1">138, 966, 000</s>
<s id="s10.1">126, 318, 000</s>
<s id="s11.1">111, 752, 775. 75</s>
<s id="s12.1">Uredba Sveta (ES) št.</s>
<s id="s12.2">297/ 95 z dne 10. februarja 1995 (UL L 35, 15. 2. 1995, str.</s>
<s id="s12.3">1), kakor je bila spremenjena z Uredbo Sveta (ES) št.</s>
<s id="s12.4">1905/ 2005 (UL L 304, 23. 11. 2005, str.</s>
<s id="s12.5">1) o pristojbinah, ki se plačujejo Evropski agenciji za zdravila.</s>
<s id="s13.1">2 20</s>
<s id="s14.1">POGLAVJE 1 0 – SKUPAJ Naslov 1 – Skupaj PRISPEVKI EVROPSKE SKUPNOSTI PRISPEVKI EVROPSKE SKUPNOSTI</s>
<s id="s15.1">138, 966, 000 138, 966, 000</s>
<s id="s16.1">126, 318, 000 126, 318, 000</s>
<s id="s17.1">111, 752, 775. 75 111, 752, 775. 75</s>
<s id="s18.1">200</s>
<s id="s19.1">Prispevek Evropske skupnosti</s>
<s id="s20.1">36, 390, 000</s>
<s id="s21.1">39, 997, 000</s>
<s id="s22.1">39, 749, 991. 52</s>
<s id="s23.1">Prispevek za Agencijo se vnese v splošni proračun za Evropsko unijo.</s>
<s id="s23.2">Vneseni prihodki so zagotovljeni prispevek (Člen B5- 3 1 2 poročila o odhodkih iz razdelka III „ Komisija “ splošnega proračuna).</s>
<s id="s23.3">V ta prispevek so zajeti tudi stroški določitvenega postopka za zdravila sirote.</s>
<s id="s24.1">201</s>
<s id="s25.1">Poseben prispevek za zdravila sirote</s>
<s id="s26.1">5, 500, 000</s>
<s id="s27.1">6, 000, 000</s>
<s id="s28.1">4, 892, 000. 00</s>
<s id="s29.1">Uredba Sveta (ES) št.</s>
<s id="s29.2">141/ 2000 z dne 16. decembra 1999, člen 7. 2, predvideva poseben prispevek Skupnosti za Evropsko Agencijo za zdravila, ki je drugačen od vseh drugih subvencij Evropske unije in ga je treba uporabiti izključno za nadomestila Agenciji za zdravila sirote, za katera ni treba plačati pristojbin.</s>
<s id="s30.1">3</s>
<s id="s31.1">POGLAVJE 2 0 – SKUPAJ Naslov 2 – Skupaj UDELEŽBA TRETJIH DRŽAV PRI DEJAVNOSTIH EMEA</s>
<s id="s32.1">41, 890, 000 41, 890, 000</s>
<s id="s33.1">45, 997, 000 45, 997, 000</s>
<s id="s34.1">44, 641, 991. 52 44, 641, 991. 52</s>
<s id="s35.1">30</s>
<s id="s36.1">UDELEŽBA TRETJIH DRŽAV PRI DEJAVNOSTIH EMEA</s>
<s id="s37.1">300</s>
<s id="s38.1">Prispevek EGP</s>
<s id="s39.1">888, 000</s>
<s id="s40.1">956, 000</s>
<s id="s41.1">798, 000. 00</s>
<s id="s42.1">Ta člen vključuje prispevke držav EFTA na podlagi Sporazuma o evropskem gospodarskem prostoru v skladu s členom 82 ter protokoloma 31 in 32 Sporazuma.</s>
<s id="s43.1">5</s>
<s id="s44.1">POGLAVJE 3 0 – SKUPAJ Naslov 3 – Skupaj PRIHODKI ADMINISTRATIVNEGA POSLOVANJA INSTITUCIJE</s>
<s id="s45.1">888, 000 888, 000</s>
<s id="s46.1">956, 000 956, 000</s>
<s id="s47.1">798, 000. 00 798, 000. 00</s>
<s id="s48.1">52</s>
<s id="s49.1">PRIHODKI ADMINISTRATIVNEGA POSLOVANJA</s>
<s id="s50.1">520</s>
<s id="s51.1">Prihodki od bančnih obresti</s>
<s id="s52.1">1, 400, 000</s>
<s id="s53.1">1, 550, 000</s>
<s id="s54.1">1, 234, 620. 38</s>
<s id="s55.1">521</s>
<s id="s56.1">Prihodki od izvoznih spričeval, vzporedne distribucije in drugih podobnih upravnih dajatev</s>
<s id="s57.1">4, 835, 000</s>
<s id="s58.1">5, 244, 000</s>
<s id="s59.1">5, 065, 361. 10</s>
<s id="s60.1">Ta člen zajema prihodke od certifikatov, izdaje dovoljenj za vzporedno distribucijo in drugih podobnih upravnih dajatev.</s>
<s id="s61.1">522</s>
<s id="s62.1">Prihodki od prodaje publikacij</s>
<s id="s63.1">p. m.</s>
<s id="s64.1">30, 000</s>
<s id="s65.1">0. —</s>
<s id="s66.1">Ta člen zajema prihodke od prodaje kakršnih koli publikacij EMEA in avtorskih pravic.</s>
<s id="s67.1">523</s>
<s id="s68.1">Prihodki od organiziranja seminarjev</s>
<s id="s69.1">p. m.</s>
<s id="s70.1">p. m.</s>
<s id="s71.1">0. —</s>
<s id="s72.1">Ta člen zajema prihodke EMEA, ki izhajajo iz organiziranja seminarjev.</s>
<s id="s73.1">524</s>
<s id="s74.1">Prihodki od prodaje licenc za programsko opremo in prihodki od dostopa do podatkovnih zbirk, ki jih upravlja EMEA, zaradi informacij o zdravilih</s>
<s id="s75.1">p. m.</s>
<s id="s76.1">p. m.</s>
<s id="s77.1">0. —</s>
<s id="s78.1">Ta člen zajema prihodke od prodaje lastniške programske opreme Agencije in prihodke od dostopov do zbirk podatkov o zdravilih, ki jih ureja EMEA.</s>
<s id="s79.1">6</s>
<s id="s80.1">POGLAVJE 5 2 – SKUPAJ Naslov 5 – Skupaj PRISPEVKI IZ PROGRAMA SKUPNOSTI IN PRIHODKI OD STORITEV</s>
<s id="s81.1">6, 235, 000 6, 235, 000</s>
<s id="s82.1">6, 824, 000 6, 824, 000</s>
<s id="s83.1">6, 299, 981. 48 6, 299, 981. 48</s>
<s id="s84.1">60</s>
<s id="s85.1">PRISPEVKI IZ PROGRAMA SKUPNOSTI IN PRIHODKI OD</s>
<s id="s86.1">600</s>
<s id="s87.1">Prispevki za programe Skupnosti in prihodki od storitev</s>
<s id="s88.1">300, 000</s>
<s id="s89.1">600, 000</s>
<s id="s90.1">582, 833. 55</s>
<s id="s91.1">Ta člen zajema prihodke od posebnih dejavnosti, ki jih prevzame EMEA na zahtevo Evropske komisije, od drugih institucij Evropske unije ali od mednarodnih organizacij, potrdi pa jih upravni odbor agencije.</s>
<s id="s92.1">601</s>
<s id="s93.1">Prispevki za skupne programe s strani drugih regulatornih organov in zainteresiranih strani iz industrije</s>
<s id="s94.1">60, 000 p. m.</s>
<s id="s95.1">0. — Ta člen zajema prihodke iz programov, ki jih izvaja skupaj z drugimi regulatornimi organi (v EU in zunaj nje), farmacevtskimi družbami in drugimi organi, in jih potrdi upravni odbor EMEA.</s>
<s id="s96.1">POGLAVJE 6 0 – SKUPAJ Naslov 6 – Skupaj</s>
<s id="s97.1">360, 000 360, 000</s>
<s id="s98.1">600, 000 600, 000</s>
<s id="s99.1">582, 833. 55 582, 833. 55</s>
<s id="s100.1">7 POPRAVEK NEURAVNOTEŽENOSTI PRORAČUNA 70 POPRAVEK NEURAVNOTEŽENOSTI PRORAČUNA 700</s>
<s id="s101.1">Bilanca izkaza poslovnega izida za predhodno leto</s>
<s id="s102.1">p. m. p. m.</s>
<s id="s103.1">0. —</s>
<s id="s104.1">Ta člen zajema bilanco izkazov poslovnih izidov za predhodna leta v skladu s členom 16 Finančne uredbe Agencije.</s>
<s id="s105.1">POGLAVJE 7 0 – SKUPAJ p. m.</s>
<s id="s106.1">p. m.</s>
<s id="s107.1">0. —</s>
<s id="s108.1">9 90</s>
<s id="s109.1">RAZNI PRIHODKI RAZNI PRIHODKI</s>
<s id="s110.1">Naslov 7 – Skupaj</s>
<s id="s111.1">p. m. p. m.</s>
<s id="s112.1">0. —</s>
<s id="s113.1">900</s>
<s id="s114.1">Razni prihodki</s>
<s id="s115.1">350, 000</s>
<s id="s116.1">2, 200, 000</s>
<s id="s117.1">1, 213, 869. 99</s>
<s id="s118.1">Ta člen vključuje prihodke iz različnih virov, npr. povračila, kompenzacije, odobritve.</s>
<s id="s119.1">POGLAVJE 9 0 – SKUPAJ Naslov 9 – Skupaj</s>
<s id="s120.1">350, 000 350, 000</s>
<s id="s121.1">2, 200, 000 2, 200, 000</s>
<s id="s122.1">1, 213, 869. 99 1, 213, 869. 99</s>
<s id="s123.1">SKUPAJ ODHODKI</s>
<s id="s124.1">188, 689, 000</s>
<s id="s125.1">182, 895, 000</s>
<s id="s126.1">165, 289, 452. 29</s>
<s id="s127.1">2 of 13 ODHODKI Naslov Poglavje</s>
<s id="s128.1">Odobrena sredstva Odobrena sredstva</s>
<s id="s129.1">Člen Postavka</s>
<s id="s130.1">Postavka</s>
<s id="s131.1">2009 2008</s>
<s id="s132.1">Izvedba 2007</s>
<s id="s133.1">Opombe</s>
<s id="s134.1">1</s>
<s id="s135.1">OSEBJE</s>
<s id="s136.1">11 AKTIVNO ZAPOSLENO OSEBJE 110 Osebje, zaposleno na delovnih mestih, ki jih predvideva seznam delovnih mest 1100</s>
<s id="s137.1">Osnovne plače</s>
<s id="s138.1">30, 766, 000</s>
<s id="s139.1">26, 635, 000</s>
<s id="s140.1">24, 176, 789. 61</s>
<s id="s141.1">Kadrovski predpisi za uradnike Evropskih skupnosti, zlasti člena 62 in 66, ki se uporabljata v skladu z Uredbo Sveta (EGS) št.</s>
<s id="s141.2">2309/ 93 z dne 22. julija 1993 ali Uredbo Evropskega parlamenta in Sveta (ES) št.</s>
<s id="s141.3">726/ 2004 z dne 31. marca 2004, kot je ustrezno, o določitvi postopkov Skupnosti za odobritev in nadzor zdravil za humano in veterinarsko uporabo ter o ustanovitvi Evropske agencije za vrednotenje zdravil (UL L 214, 24.</s>
<s id="s141.4">8.</s>
<s id="s141.5">1993, str.</s>
<s id="s141.6">1).</s>
<s id="s141.7">Iz teh sredstev se krijejo pokritje osnovnih plač uradnikov in začasno zaposlenega osebja, ki so zaposleni na podlagi kadrovskega načrta.</s>
<s id="s142.1">1101</s>
<s id="s143.1">Družinski dodatki</s>
<s id="s144.1">3, 300, 000</s>
<s id="s145.1">3, 154, 000</s>
<s id="s146.1">1, 933, 868. 44</s>
<s id="s147.1">Kadrovski predpisi za uradnike Evropskih skupnosti, zlasti členi 42a, 42b, 62, 67 in 68a ter člen 3. 2 njihove Priloge VII.</s>
<s id="s147.2">Iz teh sredstev se krijejo družinski dodatki: gospodinjski dodatek, dodatek za vzdrževanega otroka, dodatek za predšolskega otroka, dodatek za izobraževanje (vključno s posebnimi dotacijami, katerih višino letno določi izvršni direktor) in dodatek za starševski dopust za zadevno osebje.</s>
<s id="s147.3">Poleg tega se iz teh sredstev krije prispevek za izobraževanje v zvezi s šolskimi pristojbinami v skladu z določbami izvršnega direktorja.</s>
<s id="s148.1">1102</s>
<s id="s149.1">Nadomestila za izselitev in bivanje v tujini</s>
<s id="s150.1">4, 142, 000</s>
<s id="s151.1">3, 577, 000</s>
<s id="s152.1">3, 193, 914. 49</s>
<s id="s153.1">Kadrovski predpisi za uradnike Evropskih skupnosti, zlasti člena 62 in 69 ter člen 4 priloge VII.</s>
<s id="s153.2">Iz teh sredstev se krijejo nadomestila za izselitev in bivanje v tujini za ustrezno osebje.</s>
<s id="s154.1">1103</s>
<s id="s155.1">Stalni dodatki</s>
<s id="s156.1">115, 000</s>
<s id="s157.1">106, 000</s>
<s id="s158.1">95, 515. 52</s>
<s id="s159.1">Kadrovski predpisi za uradnike Evropskih skupnosti, zlasti člen 4a Priloge VII.</s>
<s id="s159.2">Iz teh sredstev se krijejo stalni dodatki za ustrezno osebje.</s>
<s id="s160.1">111</s>
<s id="s161.1">Drugo osebje</s>
<s id="s162.1">Člen 1 1 0 – Skupaj</s>
<s id="s163.1">38, 323, 000</s>
<s id="s164.1">33, 472, 000</s>
<s id="s165.1">29, 400, 088. 06</s>
<s id="s166.1">1110</s>
<s id="s167.1">Pomožno osebje</s>
<s id="s168.1">izbrisan</s>
<s id="s169.1">64, 934. 72</s>
<s id="s170.1">Pogoji za zaposlitev drugih uslužbencev Evropskih skupnosti, zlasti člen 3 in naslov III.</s>
<s id="s170.2">Iz teh sredstev se krijejo osebni prejemki vsega pomožnega osebja in prispevki Agencije za socialno varnost, kar ne vključuje plačanih zneskov za korekcijske količnike, ki so zajeti v postavki 1 1 9 0.</s>
<s id="s171.1">1113</s>
<s id="s172.1">Posebni svetovalci</s>
<s id="s173.1">p. m.</s>
<s id="s174.1">0. — Pogoji za zaposlitev drugih uslužbencev Evropskih skupnosti, zlasti členi 5, 82 in 83.</s>
<s id="s174.2">Iz teh sredstev se krijejo osebni prejemk posebnih svetovalcev, stroški njihovih službenih potovanj in drugi stroški.</s>
<s id="s175.1">1114</s>
<s id="s176.1">Pogodbeni uslužbenci</s>
<s id="s177.1">3, 573, 000</s>
<s id="s178.1">2, 400, 000</s>
<s id="s179.1">1, 633, 466. 61</s>
<s id="s180.1">Pogoji za zaposlitev drugih uslužbencev Evropske unije, zlasti člen 3a in naslov IV teh pogojev.</s>
<s id="s180.2">Iz teh sredstev se krijejo osebni prejemki pogodbenih uslužbencev, ne krijejo pa se zneski, plačani zaradi korekcijskih količnikov, ki so vključeni v postavko 1 1 9 0.</s>
<s id="s180.3">Prispevki za socialno varstvo so vključeni v člen 1 8 3.</s>
<s id="s181.1">Člen 1 1 1 – Skupaj</s>
<s id="s182.1">3, 573, 000</s>
<s id="s183.1">2, 400, 000</s>
<s id="s184.1">1, 698, 401. 33</s>
<s id="s185.1">112 Dodatno usposabljanje, jezikovni tečaji in preusposabljanje osebja 1120</s>
<s id="s186.1">Dodatno usposabljanje, jezikovni tečaji in prekvalifikacije osebja</s>
<s id="s187.1">1, 100, 000</s>
<s id="s188.1">1, 143, 000</s>
<s id="s189.1">801, 847. 23</s>
<s id="s190.1">Kadrovski predpisi za uradnike Evropskih skupnosti, zlasti člen 24( a) teh predpisov.</s>
<s id="s190.2">Iz teh sredstev se krijejo uvajalni tečaji za nove sodelavce, tečaji za razvoj osebja, ponovna usposabljanja, tečaji o uporabi modernih tehnik, seminarji, informativni sestanki o zadevah EU itd.</s>
<s id="s190.3">Iz teh sredstev se krije tudi nakup opreme in dokumentacije ter najem svetovalcev za organizacijo.</s>
<s id="s191.1">114</s>
<s id="s192.1">Člen 1 1 2 – Skupaj Drugi dodatki in dotacije</s>
<s id="s193.1">1, 100, 000</s>
<s id="s194.1">1, 143, 000</s>
<s id="s195.1">801, 847. 23</s>
<s id="s196.1">3 of 13 ODHODKI Naslov Poglavje</s>
<s id="s197.1">Odobrena sredstva Odobrena sredstva</s>
<s id="s198.1">Člen Postavka</s>
<s id="s199.1">Postavka</s>
<s id="s200.1">2009 2008</s>
<s id="s201.1">Izvedba 2007</s>
<s id="s202.1">Opombe</s>
<s id="s203.1">1140</s>
<s id="s204.1">Dotacije ob rojstvu in smrti</s>
<s id="s205.1">7, 000</s>
<s id="s206.1">9, 000</s>
<s id="s207.1">5, 552. 68</s>
<s id="s208.1">Kadrovski predpisi za uradnike Evropskih skupnosti, zlasti členi 70, 74 in 75.</s>
<s id="s208.2">Iz teh sredstev se krijejo dotacije ob rojstvu ter dotacije ob smrti uradnika: — za pokojnikove osebne prejemke v celoti do konca tromesečja, — ki sledi tromesečju, — — ko je nastopila smrt, — — za stroške prevoza pokojnika do njegovega matičnega kraja.</s>
<s id="s209.1">1141</s>
<s id="s210.1">Potni stroški od kraja zaposlitve do matičnega kraja</s>
<s id="s211.1">663, 000</s>
<s id="s212.1">629, 000</s>
<s id="s213.1">539, 752. 40</s>
<s id="s214.1">Kadrovski predpisi za uradnike Evropskih skupnosti, zlasti člen 8 Priloge VII.</s>
<s id="s214.2">Iz teh sredstev se krijejo pavšalna plačila potnih stroškov za ustrezno osebje, zakonske partnerje in vzdrževane člane iz kraja zaposlitve v matični kraj.</s>
<s id="s215.1">1143</s>
<s id="s216.1">Stalni dodatki za razvedrilo</s>
<s id="s217.1">2, 000</s>
<s id="s218.1">2, 000</s>
<s id="s219.1">1, 189. 92</s>
<s id="s220.1">Kadrovski predpisi za uradnike Evropskih skupnosti, zlasti člen 14 Priloge VII.</s>
<s id="s221.1">1144</s>
<s id="s222.1">Stalni dodatki za lokalne potne stroške</s>
<s id="s223.1">1, 000</s>
<s id="s224.1">1, 000</s>
<s id="s225.1">892. 44</s>
<s id="s226.1">Kadrovski predpisi za uradnike Evropskih skupnosti, zlasti člen 15 njihove priloge VII.</s>
<s id="s227.1">1149</s>
<s id="s228.1">Drugi dodatki in povračila</s>
<s id="s229.1">10, 000</s>
<s id="s230.1">10, 000</s>
<s id="s231.1">40, 862. 81</s>
<s id="s232.1">Kadrovski predpisi za uradnike Evropskih skupnosti, zlasti člen 34.</s>
<s id="s232.2">Iz teh sredstev se krijejo: — dodatki v primeru razrešitve z delovnega mesta uradnika v poskusni dobi zaradi očitne neprimernosti; — dodatki, če Agencija prekliče pogodbo z ustreznim članom osebja.</s>
<s id="s233.1">Člen 1 1 4 – Skupaj</s>
<s id="s234.1">683, 000</s>
<s id="s235.1">651, 000</s>
<s id="s236.1">588, 250. 25</s>
<s id="s237.1">115</s>
<s id="s238.1">Nadurno delo</s>
<s id="s239.1">p. m.</s>
<s id="s240.1">p. m.</s>
<s id="s241.1">0. — Kadrovski predpisi za uradnike Evropskih skupnosti, zlasti člen 56 in Priloga VI.</s>
<s id="s241.2">Ta člen krije pavšalne dodatke in plačila po urah za nadurno delo za ustrezno osebje, ki se mu ne more dati kompenzacijskega dopusta v skladu z določenimi postopki.</s>
<s id="s242.1">117</s>
<s id="s243.1">Dopolnilne storitve</s>
<s id="s244.1">1170</s>
<s id="s245.1">Storitve samostojnih tolmačev ter skupne storitve tolmačenja in konferenčnih storitev tolmačev</s>
<s id="s246.1">10, 000 10, 000</s>
<s id="s247.1">0. — Iz teh sredstev se krijejo honorarji in potni stroški samostojnih in konferenčnih tolmačev, vključno s povračilom stroškov za storitve, ki jih opravijo tolmači Komisije, za vse sestanke, ki niso neposredno povezani z izvajanjem delovnega programa Agencije.</s>
<s id="s248.1">1173</s>
<s id="s249.1">Prevajalski center, Luxembourg</s>
<s id="s250.1">10, 000 10, 000</s>
<s id="s251.1">0. — Iz teh sredstev se krijejo stroški prevodov, vključno s plačili Prevajalskemu centru v Luxembourgu, za vsa besedila, ki niso neposredno povezana z izvajanjem delovnega programa Agencije.</s>
<s id="s252.1">1174</s>
<s id="s253.1">Plačilo za administrativno pomoč iz</s>
<s id="s254.1">320, 000</s>
<s id="s255.1">260, 000</s>
<s id="s256.1">233, 628. 00</s>
<s id="s257.1">Iz teh sredstev se krijejo izdatki, ki jih ima</s>
<s id="s258.1">institucij Skupnosti</s>
<s id="s259.1">Komisija z zagotavljanjem administrativne pomoči Agenciji, npr. računalniško obračunavanje plač.</s>
<s id="s260.1">1175</s>
<s id="s261.1">Začasne storitve</s>
<s id="s262.1">1, 900, 000 1, 900, 000</s>
<s id="s263.1">1, 558, 869. 41</s>
<s id="s264.1">Iz teh sredstev se krijejo: — zaposlovanje začasno zaposlenega osebja osebja, zlasti telefonistov, administrativnega in tajniškega osebja; — stroški za začasno zaposleno osebje, s katerim se pokrivajo ad hoc potrebe; — fotokopiranje in tipkanje, ki se odda zunanjim sodelavcem, ker ju Agencija ne zmore; — stroški računalniške stave obrazložitvenih in podpornih dokumentov za potrebe Agencije in za predložitev proračunskemu organu; — dotacija, ki se izplača otrokom članov osebja na podlagi usposabljanja za pridobivanje delovnih izkušenj.</s>
<s id="s265.1">Člen 1 1 7 – Skupaj</s>
<s id="s266.1">2, 240, 000</s>
<s id="s267.1">2, 180, 000</s>
<s id="s268.1">1, 792, 497. 41</s>
<s id="s269.1">118 Dodatki in izdatki ob nastopu službe, odhodu iz nje ali ob premestitvi</s>
<s id="s270.1">1180</s>
<s id="s271.1">Razni izdatki ob zaposlitvi</s>
<s id="s272.1">250, 000</s>
<s id="s273.1">294, 000</s>
<s id="s274.1">161, 541. 81</s>
<s id="s275.1">Kadrovski predpisi za uradnike Evropskih skupnosti, zlasti členi 27 do 31 in 33 ter Priloga III.</s>
<s id="s275.2">Iz teh sredstev se krijejo izdatki: ki izhajajo iz zaposlitvenih postopkov, vključno s stroški objavljanja, potnimi stroški in nezgodnim zavarovanjem za kandidate, ki se jih pokliče na preverjanje in razgovor; stroški, neposredno povezanimi s spodbujanjem in organiziranjem skupinskih zaposlitvenih preizkusov (najem prostorov, pohištva, strojne in druge opreme, honorarji za pripravo in pregled testov itd.); stroški zdravniških pregledov pred zaposlitvijo.</s>
<s id="s276.1">4 of 13 ODHODKI Naslov Poglavje</s>
<s id="s277.1">Odobrena sredstva Odobrena sredstva</s>
<s id="s278.1">Člen Postavka</s>
<s id="s279.1">Postavka</s>
<s id="s280.1">2009 2008</s>
<s id="s281.1">Izvedba 2007</s>
<s id="s282.1">Opombe</s>
<s id="s283.1">1181</s>
<s id="s284.1">Potni stroški (vključno za družinske člane)</s>
<s id="s285.1">17, 000</s>
<s id="s286.1">15, 000</s>
<s id="s287.1">10, 401. 59</s>
<s id="s288.1">Kadrovski predpisi za uradnike Evropskih skupnosti, zlasti člena 20 in 71 ter člen 7 Priloge VII.</s>
<s id="s288.2">Iz teh sredstev se krijejo potni stroški, ki pripadajo ustreznemu osebju (vključno njihovim družinam) ob nastopu službe ali ob odhodu iz institucije oziroma ob premestitvi v drug kraj zaposlitve.</s>
<s id="s289.1">1182</s>
<s id="s290.1">Dodatki za namestitev, preselitev ali premestitev</s>
<s id="s291.1">150, 000</s>
<s id="s292.1">170, 000</s>
<s id="s293.1">177, 755. 94</s>
<s id="s294.1">Kadrovski predpisi za uradnike Evropskih skupnosti, zlasti člena 5 in 6 Priloge VII.</s>
<s id="s294.2">Iz teh sredstev se krijejo dodatki za namestitev in preselitev, ki pripadajo ustreznemu osebju, ki mora zamenjati kraj stalnega bivališča ob nastopu službe, ob premestitvi v nov kraj zaposlitve in ob dokončnem odhodu iz institucije in preselitvi drugam.</s>
<s id="s295.1">1183</s>
<s id="s296.1">Stroški selitve</s>
<s id="s297.1">65, 000</s>
<s id="s298.1">85, 000</s>
<s id="s299.1">56, 120. 04</s>
<s id="s300.1">Kadrovski predpisi za uradnike Evropskih skupnosti, zlasti člena 20 in 71 ter člen 9 Priloge VII.</s>
<s id="s300.2">Iz teh sredstev se krijejo stroški selitev, katerih povračilo pripada ustreznemu osebju, ki mora zamenjati svoj kraj stalnega prebivališča ob nastopu službe, ob premestitvi v nov kraj zaposlitve in ob dokončnem odhodu iz institucije in preselitvi drugam.</s>
<s id="s301.1">1184</s>
<s id="s302.1">Začasne dnevnice</s>
<s id="s303.1">205, 000</s>
<s id="s304.1">180, 000</s>
<s id="s305.1">181, 495. 77</s>
<s id="s306.1">Kadrovski predpisi za uradnike Evropskih skupnosti, zlasti člena 20 in 71 ter člen 10 Priloge VII.</s>
<s id="s306.2">Iz teh sredstev se krijejo začasne dnevnice za ustrezno osebje, ki predloži dokazilo, da mora zamenjati kraj svojega stalnega prebivališča ob nastopu službe ali premestitvi v nov kraj zaposlitve.</s>
<s id="s307.1">119</s>
<s id="s308.1">Korekcijski količniki</s>
<s id="s309.1">Člen 1 1 8 – Skupaj</s>
<s id="s310.1">687, 000</s>
<s id="s311.1">744, 000</s>
<s id="s312.1">587, 315. 15</s>
<s id="s313.1">1190</s>
<s id="s314.1">Korekcijski količniki</s>
<s id="s315.1">10, 055, 000</s>
<s id="s316.1">13, 591, 000</s>
<s id="s317.1">11, 383, 523. 47</s>
<s id="s318.1">Kadrovski predpisi za uradnike Evropskih skupnosti, zlasti člena 64 in 65 ter člen 17 (3) Priloge VII.</s>
<s id="s318.2">Iz teh sredstev se krijejo stroški korekcijskih količnikov, ki se uporabljajo za osebne prejemke za ustrezno osebje.</s>
<s id="s318.3">Krijejo tudi stroške korekcijskih količnikov, ki se uporabljajo pri prenosu dela honorarja v državo, ki ni država zaposlitve.</s>
<s id="s319.1">1191</s>
<s id="s320.1">Začasna proračunska sredstva</s>
<s id="s321.1">p. m. p. m.</s>
<s id="s322.1">0. — Kadrovski predpisi za uradnike Evropskih skupnosti, in zlasti člena 65 and 65a ter Priloga XI.</s>
<s id="s322.2">Finančna uredba z dne 25. junija 2002, ki se uporablja za splošni proračun Evropskih skupnosti (UL L 248, 16. 09. 2002, str.</s>
<s id="s322.3">1).</s>
<s id="s322.4">Iz teh sredstev se krijejo stroški vseh prilagoditev osebnih prejemkov, ki jih odobri Svet med proračunskim letom.</s>
<s id="s322.5">Ta sredstva so popolnoma začasna in se lahko uporabijo le po prenosu v druge člene ali postavke tega poglavja, v skladu s Finančno uredbo.</s>
<s id="s323.1">Člen 1 1 9 – Skupaj</s>
<s id="s324.1">10, 055, 000</s>
<s id="s325.1">13, 591, 000</s>
<s id="s326.1">11, 383, 523. 47</s>
<s id="s327.1">POGLAVJE 1 1 – SKUPAJ</s>
<s id="s328.1">56, 661, 000</s>
<s id="s329.1">54, 181, 000</s>
<s id="s330.1">46, 251, 922. 90</s>
<s id="s331.1">13 SLUŽBENA POTOVANJA 130 Stroški službenih potovanj, potni stroški in dodatni izdatki 1300</s>
<s id="s332.1">Stroški službenih potovanj, potni stroški in dodatni izdatki</s>
<s id="s333.1">789, 000</s>
<s id="s334.1">819, 000</s>
<s id="s335.1">582, 989. 33</s>
<s id="s336.1">Kadrovski predpisi za uradnike Evropskih skupnosti, zlasti členi 11 do 13 Priloge VII.</s>
<s id="s336.2">Iz teh sredstev se krijejo potni stroški, plačila dnevnic in drugi zadevni stroški ali izredni stroški pri izvajanju službenih potovanj, vključno sestanki v drugem kraju, osebja Agencije, kot to urejajo Kadrovski predpisi ter nacionalnih ali mednarodnih strokovnjakov ali uradnikov, dodeljeni Agenciji.</s>
<s id="s337.1">14</s>
<s id="s338.1">Člen 1 3 0 – Skupaj POGLAVJE 1 3 – SKUPAJ SOCIALNOZDRAVSTVENA INFRASTRUKTURA</s>
<s id="s339.1">789, 000 789, 000</s>
<s id="s340.1">819, 000 819, 000</s>
<s id="s341.1">582, 989. 33 582, 989. 33</s>
<s id="s342.1">140</s>
<s id="s343.1">Restavracije in menze</s>
<s id="s344.1">390, 000</s>
<s id="s345.1">443, 000</s>
<s id="s346.1">280, 909. 51</s>
<s id="s347.1">Iz teh sredstev se krijejo stroški vodenja restavracij, kavarn in menz, vključno za vzdrževanje prostorov.</s>
<s id="s347.2">Iz teh sredstev se krijejo redni izdatki za nadomestilo obstoječe opreme in za nakup nove, ki niso primerni za vključitev v tekoče izdatke, ter stroški honorarjev za svetovalce.</s>
<s id="s348.1">5 of 13 ODHODKI Naslov Poglavje</s>
<s id="s349.1">Odobrena sredstva Odobrena sredstva</s>
<s id="s350.1">Člen Postavka</s>
<s id="s351.1">Postavka</s>
<s id="s352.1">2009 2008</s>
<s id="s353.1">Izvedba 2007</s>
<s id="s354.1">Opombe</s>
<s id="s355.1">141</s>
<s id="s356.1">Zdravstvene storitve</s>
<s id="s357.1">160, 000 160, 000</s>
<s id="s358.1">63, 775. 42</s>
<s id="s359.1">Kadrovski predpisi za uradnike Evropskih skupnosti, zlasti člen 59 in člen 8 Priloge II.</s>
<s id="s359.2">Razen za honorarje za zdravnike so proračunska sredstva po tem členu namenjena za kritje stroškov pregledov (posebne preiskovalne analize itd.), potrošnega blaga (oblačil, zdravil itd.), posebne opreme in pribora ter upravnih stroškov invalidskega odbora.</s>
<s id="s360.1">POGLAVJE 1 4 – SKUPAJ</s>
<s id="s361.1">550, 000</s>
<s id="s362.1">603, 000</s>
<s id="s363.1">344, 684. 93</s>
<s id="s364.1">15 IZMENJAVE DRŽAVNIH URADNIKOV IN STROKOVNJAKOV 152</s>
<s id="s365.1">Izmenjave osebja med institucijami Skupnosti ter javnim in zasebnim sektorjem, gostujočih strokovnjakov</s>
<s id="s366.1">3, 840, 000</s>
<s id="s367.1">1, 896, 000</s>
<s id="s368.1">735, 110. 59</s>
<s id="s369.1">Iz teh sredstev se krijejo stroški gostujočih strokovnjakov iz javnih institucij in drugih organov iz Evropske unije in zunaj nje.</s>
<s id="s370.1">153</s>
<s id="s371.1">Stroški organiziranja pripravništva za diplomante pri Agenciji</s>
<s id="s372.1">510, 000</s>
<s id="s373.1">541, 000</s>
<s id="s374.1">447, 214. 38</s>
<s id="s375.1">Iz teh sredstev se krijejo izdatki, ki nastanejo pri praktičnem upravnem usposabljanju mladih diplomantov.</s>
<s id="s375.2">Med temi izdatki so dodatki in prispevki za socialno varnost pripravnikov, potni stroški na začetku in koncu tečajev, potni stroški za potovanja, povezana s programom usposabljanja, in stroški sprejema, prehrane in dokumentacije.</s>
<s id="s376.1">POGLAVJE 1 5 – SKUPAJ</s>
<s id="s377.1">4, 350, 000</s>
<s id="s378.1">2, 437, 000</s>
<s id="s379.1">1, 182, 324. 97</s>
<s id="s380.1">16 SOCIALNO SKRBSTVO 160</s>
<s id="s381.1">Posebne dotacije za pomoč</s>
<s id="s382.1">2, 000 p. m.</s>
<s id="s383.1">0. — Kadrovski predpisi za uradnike Evropskih skupnosti, zlasti člen 76.</s>
<s id="s383.2">Iz teh sredstev se krijejo izdatki za darila, posojila ali akontacije, ki se lahko dajo uradniku, bivšemu uradniku ali preživelim družinskim članom uradnika, ki so v posebno težkih razmerah.</s>
<s id="s384.1">163</s>
<s id="s385.1">Vrtci in otroške jasli</s>
<s id="s386.1">100, 000</s>
<s id="s387.1">105, 000</s>
<s id="s388.1">46, 500. 70</s>
<s id="s389.1">Iz teh sredstev se krijejo izdatki za vrtce in otroške jasli.</s>
<s id="s390.1">164</s>
<s id="s391.1">Dodatna pomoč za osebe s posebnimi potrebami</s>
<s id="s392.1">3, 000 p. m.</s>
<s id="s393.1">0. — Iz teh sredstev se kot sestavni del politike za pomoč osebam s posebnimi potrebami krijejo naslednje skupine oseb s posebnimi potrebami: - zadevno aktivno zaposleno osebje; - zakonski partnerji zadevnega aktivno zaposlenega osebja, pod pogojem da sami niso redno zaposleni ali da ne prejemajo dohodkov ali pokojnine iz prejšnjih zaposlitev; - otroci, za katere se dodatek za vzdrževanega otroka izplačuje v skladu s pogoji iz členov 2( 2), (3) in (5) Priloge VII Kadrovskih predpisov; - otroci, starejši od 26 let, ki niso več upravičeni do izplačila dodatka za vzdrževanega otroka, omenjenega zgoraj, za katere pa velja davčna olajšava v skladu z Uredbo (EGS, Euratom, ECSC) št 260/ 68 o pogojih in postopku obdavčevanja v korist Evropskih skupnosti; - sirote, ki so izgubile oba starša in ki prejemajo pokojnino po starših v smislu člena 21 Priloge VIII Kadrovskih predpisov</s>
<s id="s394.1">POGLAVJE 1 6 – SKUPAJ</s>
<s id="s395.1">105, 000 105, 000</s>
<s id="s396.1">46, 500. 70</s>
<s id="s397.1">17 IZDATKI ZA RAZVEDRILO IN REPREZENTANCO 170 Izdatki za razvedrilo in reprezentanco</s>
<s id="s398.1">1700</s>
<s id="s399.1">Izdatki za razvedrilo in reprezentanco</s>
<s id="s400.1">38, 000 38, 000</s>
<s id="s401.1">35, 965. 04</s>
<s id="s402.1">Iz teh sredstev se krijejo izdatki, ki jih ima Agencija za obveznosti v zvezi z razvedrilom in reprezentanco.</s>
<s id="s402.2">Te izdatke lahko povzroči pooblaščeno osebje posamično pri izvajanju svojih nalog ali kot sestavni del dejavnosti Agencije.</s>
<s id="s403.1">18</s>
<s id="s404.1">Člen 1 7 0 – Skupaj POGLAVJE 1 7 – SKUPAJ ZDRAVSTVENO IN NEZGODNO ZAVAROVANJE TER ZAVAROVANJE ZA PRIMER POKLICNE BOLEZNI ALI BREZPOSELNOSTI IN ZA OHRANITEV POKOJNINSKIH PRAVIC</s>
<s id="s405.1">38, 000 38, 000 38, 000 38, 000</s>
<s id="s406.1">35, 965. 04 35, 965. 04</s>
<s id="s407.1">182</s>
<s id="s408.1">Socialni stiki med osebjem</s>
<s id="s409.1">6 of 13 ODHODKI Naslov Poglavje</s>
<s id="s410.1">Odobrena sredstva Odobrena sredstva</s>
<s id="s411.1">Člen Postavka</s>
<s id="s412.1">Postavka</s>
<s id="s413.1">2009 2008</s>
<s id="s414.1">Izvedba 2007</s>
<s id="s415.1">Opombe</s>
<s id="s416.1">1820</s>
<s id="s417.1">Družabni stiki med osebjem</s>
<s id="s418.1">25, 000 25, 000</s>
<s id="s419.1">19, 528. 99</s>
<s id="s420.1">Iz teh sredstev se krijejo del stroškov za rekreacijski center, kulturne dejavnosti, subvencije za društva zaposlenih, upravljanja športnih centrov in posebne opreme zanje ter projekti za krepitev družabnih stikov med osebjem različne narodnosti.</s>
<s id="s421.1">183</s>
<s id="s422.1">Člen 1 8 2 – Skupaj Zdravstveno in nezgodno zavarovanje ter zavarovanje za primer poklicne bolezni ali brezposelnosti in za ohranitev pokojninskih pravic</s>
<s id="s423.1">25, 000 25, 000</s>
<s id="s424.1">19, 528. 99</s>
<s id="s425.1">1830</s>
<s id="s426.1">Zdravstveno zavarovanje</s>
<s id="s427.1">1, 158, 000</s>
<s id="s428.1">1, 022, 000</s>
<s id="s429.1">892, 188. 66</s>
<s id="s430.1">Kadrovski predpisi za uradnike Evropskih skupnosti, in zlasti člen 72.</s>
<s id="s430.2">Pravilnik o zdravstvenem zavarovanju uradnikov Evropskih skupnosti, in zlasti člen 23.</s>
<s id="s430.3">Iz teh sredstev se krijejo prispevki Agencije za zdravstveno zavarovanje.</s>
<s id="s431.1">1831</s>
<s id="s432.1">Nezgodno zavarovanje in zavarovanje za primer poklicne bolezni</s>
<s id="s433.1">241, 000</s>
<s id="s434.1">213, 000</s>
<s id="s435.1">185, 213. 47</s>
<s id="s436.1">Kadrovski predpisi za uradnike Evropskih skupnosti, zlasti člen 73 in člen 15 Priloge VIII.</s>
<s id="s436.2">Iz teh sredstev se krije prispevek Agencije za nezgodno zavarovanje in zavarovanje za primer poklicne bolezni ter dodatni izdatki, ki izhajajo iz uporabe zakonskih predpisov na tem področju.</s>
<s id="s437.1">1832</s>
<s id="s438.1">Zavarovanje osebja za primer brezposelnosti</s>
<s id="s439.1">423, 000</s>
<s id="s440.1">377, 000</s>
<s id="s441.1">329, 732. 62</s>
<s id="s442.1">Pogoji za zaposlitev drugih uslužbencev Evropske unije, zlasti člena 28 a in 96 teh pogojev.</s>
<s id="s442.2">Iz teh sredstev se krijejo stroški zavarovanja za primer brezposelnosti zadevnega osebja.</s>
<s id="s443.1">1833</s>
<s id="s444.1">Zbiranje ali ohranitev pokojninskih pravic</s>
<s id="s445.1">20, 000 20, 000</s>
<s id="s446.1">0. — Pogoji za zaposlitev drugih uslužbencev Evropskih skupnosti, zlasti člen 42.</s>
<s id="s446.2">Iz teh sredstev se krijejo plačila Agencije za zbiranje in ohranitev pokojninskih pravic za ustrezno osebje v njegovi matični državi.</s>
<s id="s447.1">Člen 1 8 3 – Skupaj</s>
<s id="s448.1">1, 842, 000</s>
<s id="s449.1">1, 632, 000</s>
<s id="s450.1">1, 407, 134. 75</s>
<s id="s451.1">POGLAVJE 1 8 – SKUPAJ</s>
<s id="s452.1">1, 867, 000</s>
<s id="s453.1">1, 657, 000</s>
<s id="s454.1">1, 426, 663. 74</s>
<s id="s455.1">Naslov 1 – Skupaj</s>
<s id="s456.1">64, 360, 000</s>
<s id="s457.1">59, 840, 000</s>
<s id="s458.1">49, 871, 051. 61</s>
<s id="s459.1">2 STAVBE, OPREMA IN RAZNI ODHODKI IZ POSLOVANJA 20 NALOŽBE V NEPREMIČNINE, NAJEM STAVB IN S TEM POVEZANI STROŠKI 200</s>
<s id="s460.1">Najemnina</s>
<s id="s461.1">8, 868, 000</s>
<s id="s462.1">7, 145, 000</s>
<s id="s463.1">8, 351, 000. 00</s>
<s id="s464.1">Iz teh sredstev se krijejo plačila najemnin za stavbe ali dele stavb, ki jih uporablja Agencija, in najemnin za skladiščne prostore, garaže in parkirne površine.</s>
<s id="s465.1">201</s>
<s id="s466.1">Zavarovanje</s>
<s id="s467.1">350, 000</s>
<s id="s468.1">400, 000</s>
<s id="s469.1">120, 164. 35</s>
<s id="s470.1">Iz teh sredstev se krijejo plačila zavarovalnih premij za stavbe ali dele stavb, ki jih uporablja Agencija, za vsebino ter za civilno in poklicno odgovornost.</s>
<s id="s471.1">202</s>
<s id="s472.1">Voda, plin, elektrika in ogrevanje</s>
<s id="s473.1">513, 000</s>
<s id="s474.1">490, 000</s>
<s id="s475.1">461, 116. 36</s>
<s id="s476.1">Iz teh sredstev se krijejo stroški za vodo, plin, elektriko in ogrevanje.</s>
<s id="s477.1">203</s>
<s id="s478.1">Vzdrževanje in čiščenje</s>
<s id="s479.1">655, 000</s>
<s id="s480.1">588, 000</s>
<s id="s481.1">433, 370. 46</s>
<s id="s482.1">Iz teh sredstev se krijejo stroški vzdrževanja prostorov, dvigal, centralnega ogrevanja, klimatizacije itd.; stroški za redno čiščenje, nakup izdelkov za vzdrževanje, umivanje, pranje, kemično čiščenje itd. ter za stroške ponovnega barvanja, popravil in material.</s>
<s id="s482.2">Krijejo tudi nakup, izposojo in vzdrževanje rastlin.</s>
<s id="s483.1">204</s>
<s id="s484.1">Oprema prostorov</s>
<s id="s485.1">1, 575, 000</s>
<s id="s486.1">5, 541, 000</s>
<s id="s487.1">2, 267, 085. 79</s>
<s id="s488.1">Iz teh sredstev se krije opremljanje stavb, npr. predelava zaradi pregraditve, predelava zaradi tehničnih napeljav in drugo strokovno delo na ključavnicah, električni opremi, vodovodni napeljavi, pleskanje, talne obloge itd.</s>
<s id="s488.2">Krijejo tudi potrebno opremo.</s>
<s id="s489.1">205</s>
<s id="s490.1">Varovanje in nadzor stavb</s>
<s id="s491.1">270, 000</s>
<s id="s492.1">241, 000</s>
<s id="s493.1">343, 071. 36</s>
<s id="s494.1">Iz teh sredstev se krijejo različni stroški, ki se nanašajo na varnost oseb in stavb, zlasti pogodb za varovanje objektov, nakup, najem ali vzdrževanje varnostne in protipožarne opreme, nadomestilo opreme za gašenje in stroške z zakonom določenega pregleda, vključno s ponavljajočimi se stroški za priponke, kartice za vstop itd.</s>
<s id="s494.2">Krijejo tudi tehnično pomoč.</s>
<s id="s495.1">208</s>
<s id="s496.1">Drugi izdatki pred gradnjo in opremljanjem stavb</s>
<s id="s497.1">650, 000</s>
<s id="s498.1">893, 000</s>
<s id="s499.1">100, 107. 56</s>
<s id="s500.1">Ta člen je namenjen za kritje stroškov finančnega in tehničnega svetovanja pred nakupom in gradnjo stavb.</s>
<s id="s500.2">Krije tudi tehnično pomoč pri večjih posegih v zvezi z opremljanjem prostorov.</s>
<s id="s501.1">7 of 13 ODHODKI Naslov Poglavje</s>
<s id="s502.1">Odobrena sredstva Odobrena sredstva</s>
<s id="s503.1">Člen Postavka</s>
<s id="s504.1">Postavka</s>
<s id="s505.1">2009 2008</s>
<s id="s506.1">Izvedba 2007</s>
<s id="s507.1">Opombe</s>
<s id="s508.1">209</s>
<s id="s509.1">Drugi izdatki za stavbe</s>
<s id="s510.1">4, 200, 000</s>
<s id="s511.1">4, 170, 000</s>
<s id="s512.1">3, 486, 089. 28</s>
<s id="s513.1">Iz teh sredstev se krijejo stroški za stavbe, ki niso posebej predvideni v drugih členih tega poglavja, zlasti pristojbine za upravljanje stavb z več najemniki, stroški nadziranja prostorov in stroški v zvezi s poslovnimi prostori.</s>
<s id="s513.2">Ta sredstva krijejo tudi stroške tehnične pomoči.</s>
<s id="s514.1">POGLAVJE 2 0 – SKUPAJ</s>
<s id="s515.1">17, 081, 000</s>
<s id="s516.1">19, 468, 000</s>
<s id="s517.1">15, 562, 005. 16</s>
<s id="s518.1">21 IZDATKI ZA INFORMATIKO 211 Vzdrževanje računalniških omrežij in opreme 2110</s>
<s id="s519.1">Nakup nove strojne opreme za delovanje Agencije</s>
<s id="s520.1">500, 000</s>
<s id="s521.1">865, 000</s>
<s id="s522.1">2, 441, 362. 87</s>
<s id="s523.1">Iz teh sredstev se krijejo stroški nabave računalniške ter druge podobne elektronske pisarniške opreme in strojne opreme, vključno začetno opremo s programsko opremo po standardu EMEA, potrebno za običajno delovanje Agencije.</s>
<s id="s524.1">2111</s>
<s id="s525.1">Nakup nove programske opreme za delovanje Agencije</s>
<s id="s526.1">73, 000</s>
<s id="s527.1">1, 850, 000</s>
<s id="s528.1">900, 667. 73</s>
<s id="s529.1">Iz teh sredstev se krije nakup programskih paketov in programske opreme, potrebnih za običajno delovanje Agencije.</s>
<s id="s530.1">2112</s>
<s id="s531.1">Nadomestilo strojne in programske opreme za delovanje Agencije</s>
<s id="s532.1">p. m.</s>
<s id="s533.1">171, 000</s>
<s id="s534.1">0. — Iz teh sredstev se krijejo stroški nadomestitve obstoječe strojne opreme, programskih paketov in programske opreme, potrebnih za običajno delovanje Agencije.</s>
<s id="s535.1">2113</s>
<s id="s536.1">Najem strojne in programske opreme za delovanje Agencije</s>
<s id="s537.1">p. m. p. m.</s>
<s id="s538.1">0. — Iz teh sredstev se krijeta najem ali zakup strojne in programske opreme, potrebne za običajno delovanje Agencije, kadar je nakup neekonomičen ali otežen zaradi proračunskih omejitev.</s>
<s id="s539.1">2114</s>
<s id="s540.1">Vzdrževanje in popravilo strojne in programske opreme za delovanje Agencije</s>
<s id="s541.1">5, 037, 000</s>
<s id="s542.1">4, 398, 000</s>
<s id="s543.1">2, 889, 840. 88</s>
<s id="s544.1">Iz teh sredstev se krijejo izdatki za vzdrževanje in popravila strojne in programske opreme iz postavk 2 1 1 0 do 2 1 1 3, vključno s storitvami pomoči uporabnikom za delovanje Agencije.</s>
<s id="s545.1">2115</s>
<s id="s546.1">Analiziranje, programiranje in tehnična pomoč za delovanje Agencije</s>
<s id="s547.1">4, 627, 000</s>
<s id="s548.1">3, 569, 000</s>
<s id="s549.1">2, 552, 349. 21</s>
<s id="s550.1">Iz teh sredstev se krijejo stroški za zunanje sodelavce in storitve, za analiziranje, programiranje in tehnično pomoč, potrebno za običajno delovanje Agencije.</s>
<s id="s551.1">212</s>
<s id="s552.1">Računalniška omrežja določene projekte</s>
<s id="s553.1">Člen 2 1 1 – Skupaj in oprema za</s>
<s id="s554.1">10, 237, 000</s>
<s id="s555.1">10, 853, 000</s>
<s id="s556.1">8, 784, 220. 69</s>
<s id="s557.1">2120</s>
<s id="s558.1">Nakup nove strojne opreme za določene p. m. projekte</s>
<s id="s559.1">650, 000</s>
<s id="s560.1">591, 667. 52</s>
<s id="s561.1">Iz teh sredstev se krijejo stroški nakupa računalniške in druge podobne elektronske pisarniške opreme ter strojne opreme, vključno začetno opremo s programsko opremo po standardu EMEA za določene projekte.</s>
<s id="s562.1">2121</s>
<s id="s563.1">Nakup nove programske opreme za določene projekte</s>
<s id="s564.1">200, 000</s>
<s id="s565.1">441, 000</s>
<s id="s566.1">1, 079, 991. 49</s>
<s id="s567.1">Iz teh sredstev se krijejo stroški nakupa programskih paketov in programske opreme za določene projekte.</s>
<s id="s568.1">2122</s>
<s id="s569.1">Nadomestilo strojne in programske opreme za določene projekte</s>
<s id="s570.1">p. m.</s>
<s id="s571.1">140, 000</s>
<s id="s572.1">133, 275. 63</s>
<s id="s573.1">Iz teh sredstev se krijejo stroški nadomestitve obstoječe strojne opreme, programskih paketov in programske opreme za določene projekte.</s>
<s id="s574.1">2123</s>
<s id="s575.1">Najem strojne in programske opreme za določene projekte</s>
<s id="s576.1">p. m.</s>
<s id="s577.1">p. m.</s>
<s id="s578.1">0. —</s>
<s id="s579.1">Iz teh sredstev se krijejo kritje stroškov najema ali zakupa strojne in programske opreme za določene projekte, kjer je nakup neekonomičen ali otežen zaradi proračunskih omejitev.</s>
<s id="s580.1">2124</s>
<s id="s581.1">Vzdrževanje in popravilo strojne in programske opreme za določene projekte</s>
<s id="s582.1">5, 246, 000</s>
<s id="s583.1">4, 571, 000</s>
<s id="s584.1">3, 022, 204. 87</s>
<s id="s585.1">Iz teh sredstev se krijejo izdatki za vzdrževanje in popravila strojne in programske opreme iz postavk 2 1 2 0 do 2 1 2 3, vključno s storitvami pomoči uporabnikom za določene projekte.</s>
<s id="s586.1">2125</s>
<s id="s587.1">Analiziranje, programiranje in tehnična pomoč za določene projekte</s>
<s id="s588.1">6, 416, 000</s>
<s id="s589.1">8, 027, 000</s>
<s id="s590.1">11, 534, 208. 55</s>
<s id="s591.1">Iz teh sredstev se krijejo kritje stroškov za zunanje sodelavce in storitve, za analiziranje, programiranje in tehnično pomoč za določene projekte.</s>
<s id="s592.1">Člen 2 1 2 – Skupaj</s>
<s id="s593.1">11, 862, 000</s>
<s id="s594.1">13, 829, 000</s>
<s id="s595.1">16, 361, 348. 06</s>
<s id="s596.1">POGLAVJE 2 1 – SKUPAJ</s>
<s id="s597.1">22, 099, 000</s>
<s id="s598.1">24, 682, 000</s>
<s id="s599.1">25, 145, 568. 75</s>
<s id="s600.1">22 PREMIČNINE IN Z NJIMI POVEZANI STROŠKI 220 Tehnična oprema in naprave 2200</s>
<s id="s601.1">Novi nakupi tehnične opreme in naprav</s>
<s id="s602.1">230, 000</s>
<s id="s603.1">147, 000</s>
<s id="s604.1">1, 213, 062. 73</s>
<s id="s605.1">Iz teh sredstev se krijejo stroški avdiovizualne opreme ter opreme za fotokopiranje, opreme za arhiviranje, knjižnične in prevajalske opreme.</s>
<s id="s605.2">Krijejo tudi naprave in opremo za osebe s posebnimi potrebami.</s>
<s id="s606.1">8 of 13 ODHODKI Naslov Poglavje</s>
<s id="s607.1">Odobrena sredstva Odobrena sredstva</s>
<s id="s608.1">Člen Postavka</s>
<s id="s609.1">Postavka</s>
<s id="s610.1">2009 2008</s>
<s id="s611.1">Izvedba 2007</s>
<s id="s612.1">Opombe</s>
<s id="s613.1">2201</s>
<s id="s614.1">Nadomestilo tehnične opreme in naprav</s>
<s id="s615.1">511, 000</s>
<s id="s616.1">450, 000</s>
<s id="s617.1">2, 978. 02</s>
<s id="s618.1">Iz teh sredstev se krijejo stroški nadomestitve, zlasti avdiovizualne opreme, opreme za fotokopiranje, opreme za arhiviranje in knjižnične ter prevajalske opreme, in sicer kabin, slušalk in preklopnih enot za zmogljivosti simultanega prevajanja.</s>
<s id="s618.2">Krijejo tudi nadomestilo naprav in opreme za osebe s posebnimi potrebami.</s>
<s id="s619.1">2202</s>
<s id="s620.1">Najem tehnične opreme in naprav</s>
<s id="s621.1">1, 000 1, 000</s>
<s id="s622.1">0. — Iz teh sredstev se krijejo stroški najema opreme, katere nakup je neekonomičen ali otežen zaradi proračunskih omejitev.</s>
<s id="s622.2">Krijejo tudi najem naprav in opreme za osebe s posebnimi potrebami.</s>
<s id="s623.1">2203</s>
<s id="s624.1">Zakup, vzdrževanje in popravilo tehnične opreme in naprav</s>
<s id="s625.1">831, 000</s>
<s id="s626.1">717, 000</s>
<s id="s627.1">543, 885. 05</s>
<s id="s628.1">Iz teh sredstev se krijejo stroški vzdrževanja in popravila opreme iz postavk 2200 do 2201 in obenem, na primer, stroški zakupnih pogodb za fotokopirno in drugo tehnično opremo, kot tudi stroški za tehnično pomoč in stroški nudenja pogodbenih storitev.</s>
<s id="s628.2">Ta sredstva krijejo tudi stroške vzdrževanja in popravila naprav in opreme za osebe s posebnimi potrebami.</s>
<s id="s629.1">221</s>
<s id="s630.1">Pohištvo</s>
<s id="s631.1">Člen 2 2 0 – Skupaj</s>
<s id="s632.1">1, 573, 000</s>
<s id="s633.1">1, 315, 000</s>
<s id="s634.1">1, 759, 925. 80</s>
<s id="s635.1">2210</s>
<s id="s636.1">Novi nakupi pohištva</s>
<s id="s637.1">642, 000</s>
<s id="s638.1">215, 000</s>
<s id="s639.1">452, 726. 27 Iz teh sredstev se krijejo nakup pisarniškega pohištva in posebnega pohištva, vključno z ergonomičnim pohištvom, namestitvijo polic za arhive itd.</s>
<s id="s640.1">2211</s>
<s id="s641.1">Nadomestilo pohištva</s>
<s id="s642.1">108, 000</s>
<s id="s643.1">5, 000</s>
<s id="s644.1">49, 352. 50 Iz teh sredstev se krijejo nadomestila izrabljenega in zastarelega pohištva.</s>
<s id="s645.1">2212</s>
<s id="s646.1">Najem pohištva</s>
<s id="s647.1">p. m.</s>
<s id="s648.1">p. m.</s>
<s id="s649.1">0. — Iz teh sredstev se krijejo stroški najema pohištva.</s>
<s id="s650.1">2213</s>
<s id="s651.1">Vzdrževanje, uporaba in popravilo pohištva</s>
<s id="s652.1">izbrisan</s>
<s id="s653.1">p. m.</s>
<s id="s654.1">0. — Iz teh sredstev se krijejo stroški vzdrževanja in popravil pohištva.</s>
<s id="s655.1">223</s>
<s id="s656.1">Vozila</s>
<s id="s657.1">Člen 2 2 1 – Skupaj</s>
<s id="s658.1">750, 000</s>
<s id="s659.1">220, 000</s>
<s id="s660.1">502, 078. 77</s>
<s id="s661.1">2230 2231</s>
<s id="s662.1">Novi nakupi vozil Zamenjava vozil</s>
<s id="s663.1">izbrisan izbrisan</s>
<s id="s664.1">p. m. p. m.</s>
<s id="s665.1">0. — 0. —</s>
<s id="s666.1">Iz teh sredstev se krijejo novi nakupi vozil.</s>
<s id="s666.2">Iz teh sredstev se krijejo zamenjave tistih vozil, ki med letom dosežejo takšno skupno število prevoženih kilometrov, ki upravičujejo njihove zamenjave.</s>
<s id="s667.1">2232</s>
<s id="s668.1">Najem vozil</s>
<s id="s669.1">1, 000</s>
<s id="s670.1">1, 000</s>
<s id="s671.1">0. —</s>
<s id="s672.1">Iz teh sredstev se krijejo stroški kratkoročnega ali dolgoročnega najema osebnih avtomobilov.</s>
<s id="s673.1">2233</s>
<s id="s674.1">Vzdrževanje, uporaba in popravilo vozil</s>
<s id="s675.1">p. m.</s>
<s id="s676.1">p. m.</s>
<s id="s677.1">0. —</s>
<s id="s678.1">Iz teh sredstev se krijejo stroški vzdrževanja, popravila in zavarovanja uradnih vozil (gorivo, maziva, gume, zračnice, razni material, nadomestni deli, orodje itd.).</s>
<s id="s679.1">225</s>
<s id="s680.1">Člen 2 2 3 – Skupaj Izdatki za dokumentacijo in knjižnico</s>
<s id="s681.1">1, 000 1, 000</s>
<s id="s682.1">—</s>
<s id="s683.1">2250</s>
<s id="s684.1">Knjižni skladi, nakup knjig</s>
<s id="s685.1">86, 000</s>
<s id="s686.1">106, 000</s>
<s id="s687.1">33, 439. 69</s>
<s id="s688.1">Iz teh sredstev se krijejo nakup knjig, dokumentov in drugih neperiodičnih publikacij ter dopolnjevanje obstoječega obsega, ki ga zahtevajo oddelki Agencije.</s>
<s id="s689.1">2251</s>
<s id="s690.1">Posebna oprema za knjižnice, dokumentiranje in razmnoževanje</s>
<s id="s691.1">izbrisan</s>
<s id="s692.1">p. m.</s>
<s id="s693.1">0. — Iz teh sredstev se krije posebna knjižnična oprema (kartoteke, police, katalogi).</s>
<s id="s694.1">2252</s>
<s id="s695.1">Naročnine na časopise in revije</s>
<s id="s696.1">444, 000</s>
<s id="s697.1">490, 000</s>
<s id="s698.1">243, 414. 76</s>
<s id="s699.1">Iz teh sredstev se krijejo stroški naročnin na časopise, revije, uradne liste, parlamentarne liste, statistične podatke o zunanji trgovini, različne biltene, internetnih podatkovnih baz ter druge strokovne publikacije in knjižnične storitve.</s>
<s id="s700.1">Člen 2 2 5 – Skupaj</s>
<s id="s701.1">530, 000</s>
<s id="s702.1">596, 000</s>
<s id="s703.1">276, 854. 45</s>
<s id="s704.1">POGLAVJE 2 2 – SKUPAJ</s>
<s id="s705.1">2, 854, 000</s>
<s id="s706.1">2, 132, 000</s>
<s id="s707.1">2, 538, 859. 02</s>
<s id="s708.1">23 TEKOČI ADMINISTRATIVNI IZDATKI 230 Pisarniški material 2300</s>
<s id="s709.1">Pisarniški material</s>
<s id="s710.1">270, 000</s>
<s id="s711.1">225, 000</s>
<s id="s712.1">213, 892. 23</s>
<s id="s713.1">Iz teh sredstev se krijejo stroški nakupa papirja, kuvert, pisarniškega materiala in materiala za reprografiko in zunanje tiskanje.</s>
<s id="s714.1">232</s>
<s id="s715.1">Finančni stroški</s>
<s id="s716.1">Člen 2 3 0 – Skupaj</s>
<s id="s717.1">270, 000</s>
<s id="s718.1">225, 000</s>
<s id="s719.1">213, 892. 23</s>
<s id="s720.1">2320</s>
<s id="s721.1">Bančni stroški</s>
<s id="s722.1">70, 000</s>
<s id="s723.1">72, 000</s>
<s id="s724.1">70, 000. 00</s>
<s id="s725.1">Iz teh sredstev se krijejo bančni stroški (provizije, ažio, razni izdatki).</s>
<s id="s726.1">2329 233</s>
<s id="s727.1">Druge finančne dajatve Člen 2 3 2 – Skupaj Pravni stroški</s>
<s id="s728.1">p. m.</s>
<s id="s729.1">p. m.</s>
<s id="s729.2">70, 000</s>
<s id="s730.1">72, 000</s>
<s id="s731.1">0. — 70, 000. 00</s>
<s id="s732.1">2330</s>
<s id="s733.1">Pravni stroški</s>
<s id="s734.1">80, 000</s>
<s id="s735.1">90, 000</s>
<s id="s736.1">96, 628. 00</s>
<s id="s737.1">Iz teh sredstev se krijejo predhodni pravni stroški ter storitve pravnikov in drugih strokovnjakov, ki jih Agencija povabi k svetovanju.</s>
<s id="s737.2">Krijejo tudi stroške, ki jih Agenciji dodeli Sodišče Evropskih skupnosti ali drugo sodišče.</s>
<s id="s738.1">9 of 13 ODHODKI Naslov Poglavje</s>
<s id="s739.1">Odobrena sredstva Odobrena sredstva</s>
<s id="s740.1">Člen Postavka</s>
<s id="s741.1">Postavka</s>
<s id="s742.1">2009 2008</s>
<s id="s743.1">Izvedba 2007</s>
<s id="s744.1">Opombe</s>
<s id="s745.1">234</s>
<s id="s746.1">Odškodnine</s>
<s id="s747.1">Člen 2 3 3 – Skupaj</s>
<s id="s748.1">80, 000 90, 000</s>
<s id="s749.1">96, 628. 00</s>
<s id="s750.1">2340</s>
<s id="s751.1">Odškodnine</s>
<s id="s752.1">20, 000</s>
<s id="s753.1">5, 000</s>
<s id="s754.1">0. — Iz teh sredstev se krijejo denarne odškodnine.</s>
<s id="s755.1">Člen 2 3 4 – Skupaj</s>
<s id="s756.1">20, 000</s>
<s id="s757.1">5, 000</s>
<s id="s758.1">0. —</s>
<s id="s759.1">235 Drugi izdatki za delovanje 2350</s>
<s id="s760.1">Razna zavarovanja</s>
<s id="s761.1">4, 000 4, 000</s>
<s id="s762.1">3, 137. 00</s>
<s id="s763.1">Iz teh sredstev se krijejo različne vrste zavarovanj (zavarovanje službenih potovanj, zavarovanje odgovornosti računovodij itd.)</s>
<s id="s764.1">2353</s>
<s id="s765.1">Selitve oddelkov in s tem povezano delo</s>
<s id="s766.1">57, 000</s>
<s id="s767.1">163, 000</s>
<s id="s768.1">33, 159. 21</s>
<s id="s769.1">Iz teh sredstev se krijejo selitve in prerazporeditve oddelkov ter manipulativni stroški (sprejem, skladiščenje, postavitev) za opremo, pohištvo in pisarniški material.</s>
<s id="s770.1">2354</s>
<s id="s771.1">Arhiviranje dokumentov</s>
<s id="s772.1">204, 000</s>
<s id="s773.1">152, 000</s>
<s id="s774.1">141, 851. 58</s>
<s id="s775.1">Iz teh sredstev se krijejo stroški za uskladiščenje dokumentov na skladišnih površinah, ki niso v okviru Agencije, in njihovo ponovno pridobitev ter stroški skladiščenja.</s>
<s id="s776.1">2358</s>
<s id="s777.1">Neprekinjenost poslovanja</s>
<s id="s778.1">216, 000</s>
<s id="s779.1">163, 000</s>
<s id="s780.1">106, 939. 23</s>
<s id="s781.1">Iz teh sredstev se krijejo vsi stroški, ki se nanašajo na neprekinjenost poslovanja, kot so stroški obnovitve pogodb centra, načrtovanja in svetovanja neprekinjenosti poslovanja, preverjanja in posodabljanja načrta neprekinjenosti poslovanja.</s>
<s id="s782.1">2359</s>
<s id="s783.1">Drugi izdatki za delovanje</s>
<s id="s784.1">10, 000</s>
<s id="s785.1">7, 000</s>
<s id="s786.1">1, 550. 42</s>
<s id="s787.1">Iz teh sredstev se krijejo drugi izdatki za delovanje, ki niso posebej predvideni v drugih postavkah.</s>
<s id="s788.1">239</s>
<s id="s789.1">Člen 2 3 5 – Skupaj Publikacije</s>
<s id="s790.1">491, 000</s>
<s id="s791.1">489, 000</s>
<s id="s792.1">286, 637. 44</s>
<s id="s793.1">2390</s>
<s id="s794.1">Publikacije</s>
<s id="s795.1">15, 000</s>
<s id="s796.1">15, 000</s>
<s id="s797.1">15, 000. 00</s>
<s id="s798.1">Iz teh sredstev se krijejo stroški objavljanja, ki niso zajeti v naslovu 3, zlasti stroški za objavo proračuna Agencije in njegovih sprememb v Uradnem listu Evropske unije v skladu s členom 26 Finančne uredbe Agencije.</s>
<s id="s799.1">Člen 2 3 9 – Skupaj</s>
<s id="s800.1">15, 000 15, 000</s>
<s id="s801.1">15, 000. 00</s>
<s id="s802.1">POGLAVJE 2 3 – SKUPAJ</s>
<s id="s803.1">946, 000</s>
<s id="s804.1">896, 000</s>
<s id="s805.1">682, 157. 67</s>
<s id="s806.1">24 POŠTNINE IN STROŠKI TELEKOMUNIKACIJ 240 Poštnine in stroški dostave 2400</s>
<s id="s807.1">Poštnine in stroški dostave</s>
<s id="s808.1">250, 000</s>
<s id="s809.1">250, 000</s>
<s id="s810.1">206, 106. 36</s>
<s id="s811.1">Iz teh sredstev se krijejo poštnine in stroški dostave za redno pošto, za poročila in publikacije, za poštne in druge pakete, ki se pošljejo po zraku, po morju ali po železnici, in za notranje poštne pošiljke Agencije.</s>
<s id="s812.1">241</s>
<s id="s813.1">Člen 2 4 0 – Skupaj Telekomunikacije</s>
<s id="s814.1">250, 000</s>
<s id="s815.1">250, 000</s>
<s id="s816.1">206, 106. 36</s>
<s id="s817.1">2410</s>
<s id="s818.1">Telekomunikacijski stroški</s>
<s id="s819.1">664, 000</s>
<s id="s820.1">707, 000</s>
<s id="s821.1">552, 025. 08</s>
<s id="s822.1">Iz teh sredstev se krijejo stroški stalnih najemnin, stroški klicev in sporočil, vzdrževalnine, stroški popravil in vzdrževanja opreme, stroški naročnin, stroški komunikacij (telefon, teleks, telegraf, televizija, avdio - in videokonference, vključno s prenosom podatkov), stroški tehnične pomoči in stroški nudenja pogodbenih storitev v zvezi s telekomunikacijami, telefonskimi centralami in sprejemnimi prostori.</s>
<s id="s822.2">Ta sredstva krijejo tudi nakup imenikov.</s>
<s id="s823.1">2411</s>
<s id="s824.1">Telekomunikacijska oprema</s>
<s id="s825.1">64, 000</s>
<s id="s826.1">91, 000</s>
<s id="s827.1">9, 256. 92</s>
<s id="s828.1">Iz teh sredstev se krijejo stroški za opremljanje objektov s telekomunikacijami, zlasti nakup, najem, postavitev in vzdrževanje napeljav.</s>
<s id="s828.2">Krijejo tudi nakup mobilnih telefonov in pomožne opreme, kakor tudi stroške tehnične pomoči.</s>
<s id="s829.1">Člen 2 4 1 – Skupaj</s>
<s id="s830.1">728, 000</s>
<s id="s831.1">798, 000</s>
<s id="s832.1">561, 282. 00</s>
<s id="s833.1">POGLAVJE 2 4 – SKUPAJ</s>
<s id="s834.1">978, 000</s>
<s id="s835.1">1, 048, 000</s>
<s id="s836.1">767, 388. 36</s>
<s id="s837.1">25 IZDATKI ZA URADNE IN DRUGE SESTANKE 250 Splošni sestanki 2500</s>
<s id="s838.1">Splošni sestanki</s>
<s id="s839.1">10, 000 10, 000</s>
<s id="s840.1">0. —</s>
<s id="s841.1">Iz teh sredstev se krijejo potni stroški, dnevnice in dodatni stroški zunanjih strokovnjakov, povabljenih na sestanke, ki niso neposredno povezani z izvajanjem delovnega programa Agencije.</s>
<s id="s841.2">Krijejo tudi ustrezne stroške organiziranja teh sestankov, kadar niso vključeni v infrastrukturo.</s>
<s id="s842.1">2501</s>
<s id="s843.1">Članstvo v forumih</s>
<s id="s844.1">80, 000</s>
<s id="s845.1">69, 000</s>
<s id="s846.1">61, 839. 69</s>
<s id="s847.1">Iz teh sredstev se krijejo članarine za članstvo v forumih za izmenjavo izkušenj</s>
<s id="s848.1">Člen 2 5 0 – Skupaj</s>
<s id="s849.1">90, 000</s>
<s id="s850.1">79, 000</s>
<s id="s851.1">61, 839. 69</s>
<s id="s852.1">POGLAVJE 2 5 – SKUPAJ</s>
<s id="s853.1">90, 000</s>
<s id="s854.1">79, 000</s>
<s id="s855.1">61, 839. 69</s>
<s id="s856.1">10 of 13 ODHODKI Naslov Poglavje</s>
<s id="s857.1">Odobrena sredstva Odobrena sredstva</s>
<s id="s858.1">Člen Postavka</s>
<s id="s859.1">Postavka</s>
<s id="s860.1">2009 2008</s>
<s id="s861.1">Izvedba 2007</s>
<s id="s862.1">Opombe</s>
<s id="s863.1">Naslov 2 – Skupaj</s>
<s id="s864.1">44, 048, 000 48, 305, 000</s>
<s id="s865.1">44, 757, 818. 65</s>
<s id="s866.1">3 ODHODKI IZ POSLOVANJA 30 IZDATKI IZ POSLOVANJA 300 Sestanki 3000</s>
<s id="s867.1">Povračilo stroškov udeležencem sestankov</s>
<s id="s868.1">8, 699, 000</s>
<s id="s869.1">7, 901, 000</s>
<s id="s870.1">6, 953, 000. 00</s>
<s id="s871.1">Iz teh sredstev se krijejo potni stroškI, dnevnice in dodatni stroški članov upravnega odbora, znanstvenih odborov in njihovih delovnih skupin ter strokovnjakov, povabljenih v te odbore in delovne skupine.</s>
<s id="s871.2">Krijejo tudi ustrezne stroške organiziranja teh sestankov, kadar niso vključeni v obstoječo infrastrukturo.</s>
<s id="s872.1">3001</s>
<s id="s873.1">Tolmačenje</s>
<s id="s874.1">21, 000</s>
<s id="s875.1">25, 000</s>
<s id="s876.1">31, 000. 00</s>
<s id="s877.1">Iz teh sredstev se krijejo honorarji in potni stroški samostojnih in konferenčnih tolmačev, vključno povračilo stroškov za storitve, ki jih opravijo tolmači Komisije za vse sestanke, povezane z izvajanjem delovnega programa.</s>
<s id="s878.1">3002</s>
<s id="s879.1">Priprava in dostava hrane</s>
<s id="s880.1">214, 000</s>
<s id="s881.1">205, 000</s>
<s id="s882.1">159, 690. 27</s>
<s id="s883.1">Iz teh sredstev se krijejo stroški priprave in dostave hrane za sestanke.</s>
<s id="s884.1">3003</s>
<s id="s885.1">Drugi izdatki</s>
<s id="s886.1">5, 000</s>
<s id="s887.1">15, 000</s>
<s id="s888.1">0. — Iz teh sredstev se krijejo izdatki, povezani s sestanki, med drugim za reprografske storitve, pisarniški material in poštne storitve.</s>
<s id="s889.1">301</s>
<s id="s890.1">Vrednotenje zdravil</s>
<s id="s891.1">Člen 3 0 0 – Skupaj</s>
<s id="s892.1">8, 939, 000</s>
<s id="s893.1">8, 146, 000</s>
<s id="s894.1">7, 143, 690. 27</s>
<s id="s895.1">3010</s>
<s id="s896.1">Vrednotenje zdravil</s>
<s id="s897.1">66, 419, 000</s>
<s id="s898.1">60, 406, 000</s>
<s id="s899.1">50, 473, 857. 50</s>
<s id="s900.1">Iz teh sredstev se krijejo: - izdatki za poročevalce in soporočevalce za posebne študije in svetovanja, ki jih na podlagi pogodbenega razmerja izvedejo visoko usposobljeni strokovnjaki (posamezniki ali družbe), kot je predvideno v členu 62( 3) Uredbe (ES) št.</s>
<s id="s900.2">726/ 2004; - izdatki za svetovalne storitve, če Agencija nima na razpolago ustreznega osebja za opravljanje znanstvenega vrednotenja vlog; - že opravljene študije ali naročila pri specializiranih raziskovalnih institucijah; - plačila za testiranje in vzorčenje, ki ju izvede uradni laboratorij za nadzor nad zdravili pod okriljem Evropskega oddelka za kakovost zdravil Evropske farmakopeje</s>
<s id="s901.1">3011</s>
<s id="s902.1">Vrednotenje določenih zdravil sirot</s>
<s id="s903.1">izbrisan</s>
<s id="s904.1">izbrisan</s>
<s id="s905.1">3, 016, 310. 00</s>
<s id="s906.1">Iz teh sredstev se krijejo stroški za ovrednotenje določenih zdravil sirot s posebnimi študijami in svetovanji, ki se oddajo visoko usposobljenim strokovnjakom (posameznikom ali podjetjem), če Agencija nima na voljo ustreznega osebja, ki bi opravilo takšne študije, kot predvidevata člen 53( 3) Uredbe Sveta (EGS) št.</s>
<s id="s906.2">2309/ 93 ali člen 62( 3) Uredbe Evropskega parlamenta in Sveta (ES) št.</s>
<s id="s906.3">726/ 2004, če je primerno.</s>
<s id="s906.4">Za zdravila sirote krijejo tudi nakup že opravljenih študij ali naročilo pri specializiranih raziskovalnih ustanovah ter plačilo za testiranje in vzorčenje, ki ju opravi uradni laboratorij za nadzor nad zdravili pod okriljem Evropskega oddelka za kakovost zdravil iz Evropske farmakopeje.</s>
<s id="s907.1">3012</s>
<s id="s908.1">Posebne dejavnosti</s>
<s id="s909.1">izbrisan izbrisan</s>
<s id="s910.1">0. — Iz teh sredstev se krijejo stroški posebnih dejavnosti v skladu z ustreznim sklepom upravnega odbora.</s>
<s id="s911.1">302</s>
<s id="s912.1">Stroški tolmačenja</s>
<s id="s913.1">Člen 3 0 1 – Skupaj</s>
<s id="s914.1">66, 419, 000</s>
<s id="s915.1">60, 406, 000</s>
<s id="s916.1">53, 490, 167. 50</s>
<s id="s917.1">3020</s>
<s id="s918.1">Prevajalski center, Luxembourg</s>
<s id="s919.1">2, 700, 000</s>
<s id="s920.1">2, 801, 000</s>
<s id="s921.1">2, 339, 247. 00</s>
<s id="s922.1">Iz teh sredstev se krijejo stroški prevodov, poslanih v Prevajalski center v Luxembourg, za vsa besedila, neposredno povezana z izvajanjem delovnega programa Agencije.</s>
<s id="s923.1">3021</s>
<s id="s924.1">Drugi prevodi</s>
<s id="s925.1">1, 545, 000</s>
<s id="s926.1">1, 200, 000</s>
<s id="s927.1">843, 000. 00</s>
<s id="s928.1">Iz teh sredstev se krijejo stroški preverjanja prevodov informacij o zdravilu, ki se opravijo v državah članicah.</s>
<s id="s929.1">Člen 3 0 2 – Skupaj</s>
<s id="s930.1">4, 245, 000</s>
<s id="s931.1">4, 001, 000</s>
<s id="s932.1">3, 182, 247. 00</s>
<s id="s933.1">303</s>
<s id="s934.1">Študije in svetovalci</s>
<s id="s935.1">3030</s>
<s id="s936.1">Študije in svetovalci</s>
<s id="s937.1">80, 000</s>
<s id="s938.1">90, 000</s>
<s id="s939.1">81, 040. 02</s>
<s id="s940.1">Iz teh sredstev se krijejo stroški sklenitev pogodb za strokovne storitve in ocenjevalne študije v zvezi z dejavnostjo Agencije.</s>
<s id="s941.1">304</s>
<s id="s942.1">Člen 3 0 3 – Skupaj Informiranje in objavljanje</s>
<s id="s943.1">80, 000</s>
<s id="s944.1">90, 000</s>
<s id="s945.1">81, 040. 02</s>
<s id="s946.1">11 of 13 ODHODKI Naslov Poglavje</s>
<s id="s947.1">Odobrena sredstva Odobrena sredstva</s>
<s id="s948.1">Člen Postavka</s>
<s id="s949.1">Postavka</s>
<s id="s950.1">2009 2008</s>
<s id="s951.1">Izvedba 2007</s>
<s id="s952.1">Opombe</s>
<s id="s953.1">3040</s>
<s id="s954.1">Informiranje in objavljanje</s>
<s id="s955.1">298, 000</s>
<s id="s956.1">499, 000</s>
<s id="s957.1">69, 039. 54</s>
<s id="s958.1">Iz teh sredstev se krijejo stroški za pripravo, urejanje in objavo, v kateri koli obliki, poročila o dejavnostih in drugih publikacij Agencije, vključno s stroški za papir, tipkanje, fotokopiranje ali tiskanje, razmnoževanje diapozitivov, fotografij, plakatov, razdeljevanje in druge dejavnosti zunanjih sodelavcev, ter stroški, ki nastanejo v zvezi z osveščanjem o Agenciji in njenih dejavnostih, kot tudi objave v zvezi s postopki naročil.</s>
<s id="s959.1">305</s>
<s id="s960.1">Člen 3 0 4 – Skupaj Programi Skupnosti</s>
<s id="s961.1">298, 000</s>
<s id="s962.1">499, 000</s>
<s id="s963.1">69, 039. 54</s>
<s id="s964.1">3050</s>
<s id="s965.1">Programi Skupnosti</s>
<s id="s966.1">300, 000</s>
<s id="s967.1">600, 000</s>
<s id="s968.1">531, 021. 94</s>
<s id="s969.1">Iz teh sredstev se krijejo stroški, potrebnih za izvajanje programov skupnosti, kot so Vseevropski regulativni forum ali drugi programi, ki jih prevzame EMEA na zahtevo Evropske komisije ali drugih institucij Evropske unije in jih potrdi upravni odbor Agencije.</s>
<s id="s969.2">Iz teh sredstev se krijejo tudi potni stroški in dnevnice članov upravnega odbora, znanstvenih odborov in njihovih delovnih skupin ter delegatov držav Srednje in Vzhodne Evrope in strokovnjakov.</s>
<s id="s969.3">Iz teh sredstev se krijejo tudi stroški organiziranja sestankov, honorarji in potni stroški tolmačev ali konferenčnih tolmačev, stroški prevodov, kjer je ustrezno, stroški osebja EMEA, ki se udeleži takšnih sestankov, začasnega zaposlenega in drugega osebja, ki pomaga pri izvedbi programa, stroški informacijske tehnologije in drugi stroški v zvezi s temi dejavnostmi.</s>
<s id="s970.1">Člen 3 0 5 – Skupaj</s>
<s id="s971.1">300, 000</s>
<s id="s972.1">600, 000</s>
<s id="s973.1">531, 021. 94</s>
<s id="s974.1">POGLAVJE 3 0 – SKUPAJ Naslov 3 – Skupaj</s>
<s id="s975.1">80, 281, 000 80, 281, 000</s>
<s id="s976.1">73, 742, 000 73, 742, 000</s>
<s id="s977.1">64, 497, 206. 27 64, 497, 206. 27</s>
<s id="s978.1">9 DRUGI ODHODKI 90 ZAČASNO ODOBRENA PRORAČUNSKA SREDSTVA 900</s>
<s id="s979.1">Začasno odobrena proračunska sredstva</s>
<s id="s980.1">p. m.</s>
<s id="s981.1">1, 008, 000</s>
<s id="s982.1">0. —</s>
<s id="s983.1">POGLAVJE 9 0 – SKUPAJ p. m.</s>
<s id="s983.2">Naslov 9 – Skupaj p. m.</s>
<s id="s984.1">1, 008, 000 1, 008, 000</s>
<s id="s985.1">0. — 0. —</s>
<s id="s986.1">SKUPAJ ODHODKI</s>
<s id="s987.1">188, 689, 000</s>
<s id="s988.1">182, 895, 000</s>
<s id="s989.1">159, 126, 076. 53</s>
<s id="s990.1">12 of 13 Kadrovski načrt</s>
<s id="s991.1">Začasna delovna mesta Kategorija in razred</s>
<s id="s992.1">2007</s>
<s id="s993.1">2008</s>
<s id="s994.1">2009</s>
<s id="s995.1">AD AD AD AD AD AD AD AD AD AD AD AD</s>
<s id="s996.1">16 15 14 13 12 11 10 9 8 7 6 5</s>
<s id="s997.1">1 3 4 4 34 33 34 13 36 43 12 10 227</s>
<s id="s998.1">1 3 4 5 34 33 33 20 41 43 22 9 248</s>
<s id="s999.1">1 3 4 6 36 34 34 35 40 38 34 17 282</s>
<s id="s1000.1">Skupaj AD</s>
<s id="s1001.1">AST 11</s>
<s id="s1002.1">- -</s>
<s id="s1003.1">-</s>
<s id="s1004.1">AST 10 AST 9 AST 8 AST 7 AST 6 AST 5 AST 4 AST 3 AST 2 AST 1</s>
<s id="s1005.1">6 2 10 14 30 32 54 24 10 32</s>
<s id="s1006.1">6 2 11 14 33 34 56 26 19 26</s>
<s id="s1007.1">6 5 12 15 38 39 46 30 25 32</s>
<s id="s1008.1">Skupaj AST</s>
<s id="s1009.1">214</s>
<s id="s1010.1">227</s>
<s id="s1011.1">248</s>
<s id="s1012.1">Skupaj osebje</s>
<s id="s1013.1">441</s>
<s id="s1014.1">475</s>
<s id="s1015.1">530</s>
<s id="s1016.1">POGODBENI USLUŽBENCI</s>
<s id="s1017.1">Dejansko število na dan</s>
<s id="s1018.1">Načrtovano število ekvivalentov polne zaposlitve</s>
<s id="s1019.1">Načrtovano število ekvivalentov polne zaposlitve</s>
<s id="s1020.1">Kategorija</s>
<s id="s1021.1">31.</s>
<s id="s1021.2">12.</s>
<s id="s1021.3">2007</s>
<s id="s1022.1">2008</s>
<s id="s1023.1">Predlog proračuna 2009</s>
<s id="s1024.1">IV</s>
<s id="s1025.1">23</s>
<s id="s1026.1">31</s>
<s id="s1027.1">35</s>
<s id="s1028.1">III</s>
<s id="s1029.1">6</s>
<s id="s1030.1">9</s>
<s id="s1031.1">10</s>
<s id="s1032.1">II</s>
<s id="s1033.1">25</s>
<s id="s1034.1">34</s>
<s id="s1035.1">39</s>
<s id="s1036.1">I</s>
<s id="s1037.1">1</s>
<s id="s1038.1">1</s>
<s id="s1039.1">1</s>
<s id="s1040.1">Skupaj</s>
<s id="s1041.1">55</s>
<s id="s1042.1">75</s>
<s id="s1043.1">85</s>
<s id="s1044.1">Načrtovano število ekvivalentov DODELJENI NACIONALNI</s>
<s id="s1045.1">Dejansko število na dan</s>
<s id="s1046.1">Načrtovano število ekvivalentov</s>
<s id="s1047.1">polne zaposlitve</s>
<s id="s1048.1">polne zaposlitve</s>
<s id="s1049.1">STROKOVNJAKI</s>
<s id="s1050.1">Skupaj</s>
<s id="s1051.1">31.</s>
<s id="s1051.2">12.</s>
<s id="s1051.3">2007 9</s>
<s id="s1052.1">2008 17</s>
<s id="s1053.1">Predlog proračuna 2009 28</s>
<s id="s1054.1">13 of 13</s>
</body>
</letsmt>
