<?xml version="1.0" encoding="utf-8"?>
<letsmt version="1.0">
<head></head>
<body>
<s id="s1.1">European Medicines Agency</s>
<s id="s2.1">London, 4 August 2006 EMEA/ CHMP/ 142335/ 2006</s>
<s id="s3.1">COMMITTEE FOR MEDICINAL PRODUCTS FOR HUMAN USE (CHMP)</s>
<s id="s4.1">SUMMARY INFORMATION ON REFERRAL OPINION</s>
<s id="s5.1">PURSUANT TO ARTICLE 30 OF COUNCIL DIRECTIVE 2001/ 83/ EC FOR</s>
<s id="s6.1">Neurontin and associated names (See Annex I)</s>
<s id="s7.1">International Non-Proprietary Name (INN):</s>
<s id="s7.2">Gabapentin</s>
<s id="s8.1">BACKGROUND INFORMATION</s>
<s id="s9.1">Gabapentin (Neurontin and associated names) has been approved in several Member States for the treatment of epileptic syndromes and several types of neuropathic pain.</s>
<s id="s9.2">The precise mechanism of action of gabapentin is not known.</s>
<s id="s9.3">Gabapentin is structurally related to the neurotransmitter GABA (gamma- aminobutyric acid) and interacts with GABA synapses.</s>
<s id="s10.1">On 2nd September 2004, Italy (Agencizia Italiana del Farmaco) presented to the EMEA a referral under Article 30 of Directive 2001/ 83/ EC, in order to harmonise the nationally authorised summaries of product characteristics, PL and labelling of the medicinal product Neurontin and associated names.</s>
<s id="s10.2">The basis for referral was that there were divergences in the Summaries of Product Characteristics (SPC) of Neurontin (and associated names) approved across EU Member States, Iceland and Norway, in particular with respect to indications, posology, contra-indications, undesirable effects and sections dealing with the recommendations for use due to divergent national decisions.</s>
<s id="s11.1">The procedure started on 21 October 2004.</s>
<s id="s11.2">The Marketing Authorisation Holder provided supplementary information on 20 April 2005, 20 December 2005, 27 March 2006 and 9 May 2006.</s>
<s id="s12.1">During its 29 May – 1 June 2006 meeting, the CHMP, in the light of the overall submitted data and the scientific discussion within the Committee, was of the opinion that the proposal for the harmonisation of the SPC, Labelling and Package leaflet was acceptable and that they should be amended.</s>
<s id="s13.1">The CHMP gave a positive opinion on 1 June 2006 recommending the harmonisation of the SPC, labelling and package leaflet for Neurontin and associated names.</s>
<s id="s14.1">The list of product names concerned is given in Annex I.</s>
<s id="s14.2">The scientific conclusions are provided in Annex II together with the amended SPC, labelling and package leaflet in Annex III.</s>
<s id="s15.1">A Decision was issued by the European Commission on 4 August 2006.</s>
<s id="s16.1">7 Westferry Circus, Canary Wharf, London, E14 4HB, UK Tel.</s>
<s id="s16.2">(44-20) 74 18 84 00 Fax (44-20) 74 18 84 16 E-mail: mail@emea. eu. int http: / /www. emea. eu. int ©EMEA 2006 Reproduction and/ or distribution of this document is authorised for non commercial purposes only provided the EMEA is acknowledged</s>
</body>
</letsmt>
