<?xml version="1.0" encoding="utf-8"?>
<text>
<p id="1">
<s id="s1.1">
 <w id="w1.1.1">European</w> 
 <w id="w1.1.2">Medicines</w> 
 <w id="w1.1.3">Agency</w>
</s></p>

<p id="2">
<s id="s2.1">
 <w id="w2.1.1">EMEA/</w>
 <w id="w2.1.2">H/</w>
 <w id="w2.1.3">C/</w>
 <w id="w2.1.4">372</w>
</s></p>

<p id="3">
<s id="s3.1">
 <w id="w3.1.1">EVROPSKO</w> 
 <w id="w3.1.2">JAVNO</w> 
 <w id="w3.1.3">POROČILO</w> 
 <w id="w3.1.4">O</w> 
 <w id="w3.1.5">OCENI</w> 
 <w id="w3.1.6">ZDRAVILA</w> 
 <w id="w3.1.7">(</w>
 <w id="w3.1.8">EPAR</w>
 <w id="w3.1.9">)</w>
</s></p>

<p id="4">
<s id="s4.1">
 <w id="w4.1.1">DYNEPO</w>
</s></p>

<p id="5">
<s id="s5.1">
 <w id="w5.1.1">et</w>                                                      
 <w id="w5.1.2">Povzetek</w> 
 <w id="w5.1.3">EPAR</w> 
 <w id="w5.1.4">za</w> 
 <w id="w5.1.5">javnost</w>
</s></p>

<p id="6">
<s id="s6.1">
 <w id="w6.1.1">m</w>    
 <w id="w6.1.2">Ta</w> 
 <w id="w6.1.3">dokument</w> 
 <w id="w6.1.4">je</w> 
 <w id="w6.1.5">povzetek</w> 
 <w id="w6.1.6">Evropskega</w> 
 <w id="w6.1.7">javnega</w> 
 <w id="w6.1.8">poročila</w> 
 <w id="w6.1.9">o</w> 
 <w id="w6.1.10">oceni</w> 
 <w id="w6.1.11">zdravila</w> 
 <w id="w6.1.12">(</w>
 <w id="w6.1.13">EPAR</w>
 <w id="w6.1.14">)</w>
 <w id="w6.1.15">.</w>
</s> 
 
<s id="s6.2">
 <w id="w6.2.1">Pojasnjuje</w>
 <w id="w6.2.2">,</w> 
 <w id="w6.2.3">kako</w>
</s></p>

<p id="7">
<s id="s7.1">
 <w id="w7.1.1">o</w>    
 <w id="w7.1.2">je</w> 
 <w id="w7.1.3">Odbor</w> 
 <w id="w7.1.4">za</w> 
 <w id="w7.1.5">zdravila</w> 
 <w id="w7.1.6">za</w> 
 <w id="w7.1.7">uporabo</w> 
 <w id="w7.1.8">v</w> 
 <w id="w7.1.9">humani</w> 
 <w id="w7.1.10">medicini</w> 
 <w id="w7.1.11">(</w>
 <w id="w7.1.12">CHMP</w>
 <w id="w7.1.13">)</w> 
 <w id="w7.1.14">ocenil</w> 
 <w id="w7.1.15">opravljene</w> 
 <w id="w7.1.16">študije</w>
 <w id="w7.1.17">,</w> 
 <w id="w7.1.18">na</w> 
 <w id="w7.1.19">podlagi</w>
</s></p>

<p id="8">
<s id="s8.1">
 <w id="w8.1.1">pr</w>    
 <w id="w8.1.2">katerih</w> 
 <w id="w8.1.3">je</w> 
 <w id="w8.1.4">oblikoval</w> 
 <w id="w8.1.5">priporočila</w> 
 <w id="w8.1.6">glede</w> 
 <w id="w8.1.7">uporabe</w> 
 <w id="w8.1.8">zdravila</w>
 <w id="w8.1.9">.</w>
</s>    
 
<s id="s8.2">
 <w id="w8.2.1">Če</w> 
 <w id="w8.2.2">potrebujete</w> 
 <w id="w8.2.3">več</w> 
 <w id="w8.2.4">informacij</w> 
 <w id="w8.2.5">o</w> 
 <w id="w8.2.6">vašem</w> 
 <w id="w8.2.7">zdravstvenem</w> 
 <w id="w8.2.8">stanju</w> 
 <w id="w8.2.9">ali</w> 
 <w id="w8.2.10">zdravljenju</w>
 <w id="w8.2.11">,</w> 
 <w id="w8.2.12">preberite</w> 
 <w id="w8.2.13">Navodilo</w> 
 <w id="w8.2.14">za</w>    
 <w id="w8.2.15">uporabo</w> 
 <w id="w8.2.16">(</w>
 <w id="w8.2.17">ki</w> 
 <w id="w8.2.18">je</w> 
 <w id="w8.2.19">prav</w> 
 <w id="w8.2.20">tako</w> 
 <w id="w8.2.21">del</w> 
 <w id="w8.2.22">EPAR</w>
 <w id="w8.2.23">)</w> 
 <w id="w8.2.24">ali</w> 
 <w id="w8.2.25">se</w> 
 <w id="w8.2.26">posvetujte</w> 
 <w id="w8.2.27">s</w> 
 <w id="w8.2.28">svojim</w> 
 <w id="w8.2.29">zdravnikom</w> 
 <w id="w8.2.30">ali</w> 
 <w id="w8.2.31">s</w> 
 <w id="w8.2.32">farmacevtom</w>
 <w id="w8.2.33">.</w>
</s> 
 
<s id="s8.3">
 <w id="w8.3.1">Če</w>
</s></p>

<p id="9">
<s id="s9.1">
 <w id="w9.1.1">za</w>    
 <w id="w9.1.2">želite</w> 
 <w id="w9.1.3">več</w> 
 <w id="w9.1.4">informacij</w>
 <w id="w9.1.5">,</w> 
 <w id="w9.1.6">ki</w> 
 <w id="w9.1.7">temeljijo</w> 
 <w id="w9.1.8">na</w> 
 <w id="w9.1.9">priporočilih</w> 
 <w id="w9.1.10">CHMP</w>
 <w id="w9.1.11">,</w> 
 <w id="w9.1.12">preberite</w> 
 <w id="w9.1.13">znanstveno</w> 
 <w id="w9.1.14">razpravo</w> 
 <w id="w9.1.15">(</w>
 <w id="w9.1.16">ki</w> 
 <w id="w9.1.17">je</w>    
 <w id="w9.1.18">prav</w> 
 <w id="w9.1.19">tako</w> 
 <w id="w9.1.20">del</w> 
 <w id="w9.1.21">EPAR</w>
 <w id="w9.1.22">)</w>
 <w id="w9.1.23">.</w>
</s></p>

<p id="10">
<s id="s10.1">
 <w id="w10.1.1">a</w>                                                                                      
 <w id="w10.1.2">nj</w>
</s></p>

<head id="11">
<s id="s11.1">
 <w id="w11.1.1">Kaj</w> 
 <w id="w11.1.2">je</w> 
 <w id="w11.1.3">zdravilo</w> 
 <w id="w11.1.4">Dynepo</w>
 <w id="w11.1.5">?</w>
</s></head>

<p id="12">
<s id="s12.1">
 <w id="w12.1.1">lje</w>
</s></p>

<p id="13">
<s id="s13.1">
 <w id="w13.1.1">Zdravilo</w> 
 <w id="w13.1.2">Dynepo</w> 
 <w id="w13.1.3">je</w> 
 <w id="w13.1.4">raztopina</w> 
 <w id="w13.1.5">za</w> 
 <w id="w13.1.6">injiciranje</w> 
 <w id="w13.1.7">v</w> 
 <w id="w13.1.8">napolnjeni</w> 
 <w id="w13.1.9">injekcijski</w> 
 <w id="w13.1.10">brizgi</w>
 <w id="w13.1.11">.</w>
</s> 
 
<s id="s13.2">
 <w id="w13.2.1">Na</w> 
 <w id="w13.2.2">voljo</w> 
 <w id="w13.2.3">je</w> 
 <w id="w13.2.4">v</w> 
 <w id="w13.2.5">jakostih</w> 
 <w id="w13.2.6">od</w>    
 <w id="w13.2.7">2.</w>
 <w id="w13.2.8">000</w> 
 <w id="w13.2.9">i.</w>
 <w id="w13.2.10">e</w>
 <w id="w13.2.11">.</w>
 <w id="w13.2.12">/</w>
 <w id="w13.2.13">ml</w> 
 <w id="w13.2.14">do</w> 
 <w id="w13.2.15">20.</w>
 <w id="w13.2.16">000</w> 
 <w id="w13.2.17">i.</w>
 <w id="w13.2.18">e</w>
 <w id="w13.2.19">.</w>
 <w id="w13.2.20">/</w>
 <w id="w13.2.21">ml</w>
 <w id="w13.2.22">.</w>
</s> 
 
<s id="s13.3">
 <w id="w13.3.1">Dynepo</w> 
 <w id="w13.3.2">vsebuje</w> 
 <w id="w13.3.3">zdravilno</w> 
 <w id="w13.3.4">učinkovino</w> 
 <w id="w13.3.5">epoetin</w> 
 <w id="w13.3.6">delta</w>
 <w id="w13.3.7">.</w>                                                                    
 <w id="w13.3.8">vo</w>
</s></p>

<p id="14">
<s id="s14.1">
 <w id="w14.1.1">Za</w> 
 <w id="w14.1.2">kaj</w> 
 <w id="w14.1.3">se</w> 
 <w id="w14.1.4">zdravilo</w> 
 <w id="w14.1.5">Dynepo</w> 
 <w id="w14.1.6">uporablja</w>
 <w id="w14.1.7">?</w>
</s>    
 
<s id="s14.2">
 <w id="w14.2.1">Dynepo</w> 
 <w id="w14.2.2">se</w> 
 <w id="w14.2.3">uporablja</w> 
 <w id="w14.2.4">za</w> 
 <w id="w14.2.5">zdravljenje</w> 
 <w id="w14.2.6">slabokrvnosti</w> 
 <w id="w14.2.7">(</w>
 <w id="w14.2.8">pri</w> 
 <w id="w14.2.9">kateri</w> 
 <w id="w14.2.10">je</w> 
 <w id="w14.2.11">število</w> 
 <w id="w14.2.12">rdečih</w> 
 <w id="w14.2.13">krvnih</w> 
 <w id="w14.2.14">celic</w> 
 <w id="w14.2.15">v</w> 
 <w id="w14.2.16">krvi</w> 
 <w id="w14.2.17">nižje</w>                                                          
 <w id="w14.2.18">do</w>
</s></p>

<p id="15">
<s id="s15.1">
 <w id="w15.1.1">od</w> 
 <w id="w15.1.2">normalnega</w>
 <w id="w15.1.3">)</w> 
 <w id="w15.1.4">pri</w> 
 <w id="w15.1.5">odraslih</w> 
 <w id="w15.1.6">bolnikih</w> 
 <w id="w15.1.7">s</w> 
 <w id="w15.1.8">kronično</w> 
 <w id="w15.1.9">odpovedjo</w> 
 <w id="w15.1.10">ledvic</w> 
 <w id="w15.1.11">(</w>
 <w id="w15.1.12">dolgotrajno</w> 
 <w id="w15.1.13">ledvično</w> 
 <w id="w15.1.14">obolenje</w>
 <w id="w15.1.15">)</w>
 <w id="w15.1.16">.</w>
</s>    
 
<s id="s15.2">
 <w id="w15.2.1">Uporablja</w> 
 <w id="w15.2.2">se</w> 
 <w id="w15.2.3">lahko</w> 
 <w id="w15.2.4">pri</w> 
 <w id="w15.2.5">bolnikih</w>
 <w id="w15.2.6">,</w> 
 <w id="w15.2.7">ki</w> 
 <w id="w15.2.8">so</w> 
 <w id="w15.2.9">na</w> 
 <w id="w15.2.10">dializi</w> 
 <w id="w15.2.11">(</w>
 <w id="w15.2.12">postopek</w> 
 <w id="w15.2.13">za</w> 
 <w id="w15.2.14">čiščenje</w> 
 <w id="w15.2.15">krvi</w>
 <w id="w15.2.16">)</w>
 <w id="w15.2.17">,</w> 
 <w id="w15.2.18">in</w> 
 <w id="w15.2.19">pri</w> 
 <w id="w15.2.20">tistih</w>
 <w id="w15.2.21">,</w> 
 <w id="w15.2.22">ki</w> 
 <w id="w15.2.23">niso</w>
 <w id="w15.2.24">.</w>
</s>    
 
<s id="s15.3">
 <w id="w15.3.1">Zdravilo</w> 
 <w id="w15.3.2">se</w> 
 <w id="w15.3.3">dobi</w> 
 <w id="w15.3.4">samo</w> 
 <w id="w15.3.5">na</w> 
 <w id="w15.3.6">recept</w>
 <w id="w15.3.7">.</w>                                             
 <w id="w15.3.8">ā</w>                                          
 <w id="w15.3.9">ve</w>
</s></p>

<p id="16">
<s id="s16.1">
 <w id="w16.1.1">Kako</w> 
 <w id="w16.1.2">se</w> 
 <w id="w16.1.3">zdravilo</w> 
 <w id="w16.1.4">Dynepo</w> 
 <w id="w16.1.5">uporablja</w>
 <w id="w16.1.6">?</w>
</s>    
 
<s id="s16.2">
 <w id="w16.2.1">Zdravljenje</w> 
 <w id="w16.2.2">z</w> 
 <w id="w16.2.3">zdravilom</w> 
 <w id="w16.2.4">Dynepo</w> 
 <w id="w16.2.5">mora</w> 
 <w id="w16.2.6">začeti</w> 
 <w id="w16.2.7">zdravnik</w>
 <w id="w16.2.8">,</w> 
 <w id="w16.2.9">ki</w> 
 <w id="w16.2.10">ima</w> 
 <w id="w16.2.11">izkušnje</w> 
 <w id="w16.2.12">z</w> 
 <w id="w16.2.13">zdravljenjem</w> 
 <w id="w16.2.14">bolnikov</w> 
 <w id="w16.2.15">z</w>    
 <w id="w16.2.16">odpovedjo</w> 
 <w id="w16.2.17">ledvic</w>
 <w id="w16.2.18">.</w>
</s> 
 
<s id="s16.3">
 <w id="w16.3.1">Dynepo</w> 
 <w id="w16.3.2">se</w> 
 <w id="w16.3.3">lahko</w> 
 <w id="w16.3.4">daje</w> 
 <w id="w16.3.5">intravensko</w> 
 <w id="w16.3.6">(</w>
 <w id="w16.3.7">z</w> 
 <w id="w16.3.8">injiciranjem</w> 
 <w id="w16.3.9">v</w> 
 <w id="w16.3.10">žilo</w>
 <w id="w16.3.11">)</w> 
 <w id="w16.3.12">ali</w> 
 <w id="w16.3.13">subkutano</w> 
 <w id="w16.3.14">(</w>
 <w id="w16.3.15">z</w>                                   
 <w id="w16.3.16">a</w>
</s></p>

<p id="17">
<s id="s17.1">
 <w id="w17.1.1">injiciranjem</w> 
 <w id="w17.1.2">pod</w> 
 <w id="w17.1.3">kožo</w>
 <w id="w17.1.4">)</w>
 <w id="w17.1.5">.</w>
</s> 
 
<s id="s17.2">
 <w id="w17.2.1">Začetni</w> 
 <w id="w17.2.2">odmerki</w> 
 <w id="w17.2.3">so</w> 
 <w id="w17.2.4">50</w> 
 <w id="w17.2.5">i.</w>
 <w id="w17.2.6">e</w>
 <w id="w17.2.7">.</w>
 <w id="w17.2.8">/</w>
 <w id="w17.2.9">kg</w> 
 <w id="w17.2.10">trikrat</w> 
 <w id="w17.2.11">tedensko</w>
 <w id="w17.2.12">,</w> 
 <w id="w17.2.13">če</w> 
 <w id="w17.2.14">se</w> 
 <w id="w17.2.15">zdravilo</w> 
 <w id="w17.2.16">daje</w> 
 <w id="w17.2.17">intravensko</w>
 <w id="w17.2.18">,</w>    
 <w id="w17.2.19">oziroma</w> 
 <w id="w17.2.20">dvakrat</w> 
 <w id="w17.2.21">tedensko</w>
 <w id="w17.2.22">,</w> 
 <w id="w17.2.23">če</w> 
 <w id="w17.2.24">se</w> 
 <w id="w17.2.25">daje</w> 
 <w id="w17.2.26">subkutano</w>
 <w id="w17.2.27">.</w>
</s> 
 
<s id="s17.3">
 <w id="w17.3.1">Odmerke</w> 
 <w id="w17.3.2">je</w> 
 <w id="w17.3.3">potrebno</w> 
 <w id="w17.3.4">prilagoditi</w> 
 <w id="w17.3.5">glede</w> 
 <w id="w17.3.6">na</w> 
 <w id="w17.3.7">odziv</w>                            
 <w id="w17.3.8">m</w>
</s></p>

<p id="18">
<s id="s18.1">
 <w id="w18.1.1">organizma</w>
 <w id="w18.1.2">.</w>                     
 <w id="w18.1.3">ni</w>
</s></p>

<p id="19">
<s id="s19.1">
 <w id="w19.1.1">Kako</w> 
 <w id="w19.1.2">zdravilo</w> 
 <w id="w19.1.3">Dynepo</w> 
 <w id="w19.1.4">deluje</w>
 <w id="w19.1.5">?</w>
</s>    
 
<s id="s19.2">
 <w id="w19.2.1">Hormon</w>
 <w id="w19.2.2">,</w> 
 <w id="w19.2.3">imenovan</w> 
 <w id="w19.2.4">eritropoetin</w>
 <w id="w19.2.5">,</w> 
 <w id="w19.2.6">spodbuja</w> 
 <w id="w19.2.7">sintezo</w> 
 <w id="w19.2.8">rdečih</w> 
 <w id="w19.2.9">krvnih</w> 
 <w id="w19.2.10">celic</w> 
 <w id="w19.2.11">v</w> 
 <w id="w19.2.12">kostnem</w> 
 <w id="w19.2.13">mozgu</w>
 <w id="w19.2.14">.</w>
</s> 
 
<s id="s19.3">
 <w id="w19.3.1">Zdravilna</w>          
 <w id="w19.3.2">ilo</w>
</s></p>

<p id="20">
<s id="s20.1">
 <w id="w20.1.1">učinkovina</w> 
 <w id="w20.1.2">zdravila</w> 
 <w id="w20.1.3">Dynepo</w>
 <w id="w20.1.4">,</w> 
 <w id="w20.1.5">epoetin</w> 
 <w id="w20.1.6">delta</w>
 <w id="w20.1.7">,</w> 
 <w id="w20.1.8">ki</w> 
 <w id="w20.1.9">je</w> 
 <w id="w20.1.10">kopija</w> 
 <w id="w20.1.11">človeškega</w> 
 <w id="w20.1.12">encima</w>
 <w id="w20.1.13">,</w> 
 <w id="w20.1.14">je</w> 
 <w id="w20.1.15">izdelana</w> 
 <w id="w20.1.16">po</w> 
 <w id="w20.1.17">metodi</w>    
 <w id="w20.1.18">‘‘</w>
 <w id="w20.1.19">genskega</w> 
 <w id="w20.1.20">inženiringa</w>
 <w id="w20.1.21">’’</w>
 <w id="w20.1.22">:</w> 
 <w id="w20.1.23">encim</w> 
 <w id="w20.1.24">izdela</w> 
 <w id="w20.1.25">celica</w>
 <w id="w20.1.26">,</w> 
 <w id="w20.1.27">v</w> 
 <w id="w20.1.28">kateri</w> 
 <w id="w20.1.29">se</w> 
 <w id="w20.1.30">aktivira</w> 
 <w id="w20.1.31">gen</w> 
 <w id="w20.1.32">(</w>
 <w id="w20.1.33">koda</w>
 <w id="w20.1.34">)</w> 
 <w id="w20.1.35">za</w> 
 <w id="w20.1.36">encim</w>
 <w id="w20.1.37">,</w> 
 <w id="w20.1.38">zaradi</w> 
 <w id="w20.1.39">česar</w>    
 <w id="w20.1.40">v</w>
</s></p>

<p id="21">
<s id="s21.1">
 <w id="w21.1.1">celica</w> 
 <w id="w21.1.2">tvori</w> 
 <w id="w21.1.3">več</w> 
 <w id="w21.1.4">encima</w>
 <w id="w21.1.5">,</w> 
 <w id="w21.1.6">ki</w> 
 <w id="w21.1.7">se</w> 
 <w id="w21.1.8">nato</w> 
 <w id="w21.1.9">izloči</w> 
 <w id="w21.1.10">iz</w> 
 <w id="w21.1.11">nje</w> 
 <w id="w21.1.12">in</w> 
 <w id="w21.1.13">uporabi</w> 
 <w id="w21.1.14">pri</w> 
 <w id="w21.1.15">izdelavi</w> 
 <w id="w21.1.16">zdravila</w> 
 <w id="w21.1.17">Dynepo</w>
 <w id="w21.1.18">.</w>
</s> 
 
<s id="s21.2">
 <w id="w21.2.1">Pri</w> 
 <w id="w21.2.2">bolnikih</w> 
 <w id="w21.2.3">z</w> 
 <w id="w21.2.4">ra</w>
</s></p>

<p id="22">
<s id="s22.1">
 <w id="w22.1.1">dolgotrajno</w> 
 <w id="w22.1.2">odpovedjo</w> 
 <w id="w22.1.3">ledvic</w> 
 <w id="w22.1.4">je</w> 
 <w id="w22.1.5">lahko</w> 
 <w id="w22.1.6">vzrok</w> 
 <w id="w22.1.7">za</w> 
 <w id="w22.1.8">slabokrvnost</w> 
 <w id="w22.1.9">pomanjkanje</w> 
 <w id="w22.1.10">eritropoetina</w>
 <w id="w22.1.11">.</w>
</s> 
 
<s id="s22.2">
 <w id="w22.2.1">Zdravilo</w>    
 <w id="w22.2.2">Dynepo</w> 
 <w id="w22.2.3">učinkuje</w> 
 <w id="w22.2.4">tako</w>
 <w id="w22.2.5">,</w> 
 <w id="w22.2.6">da</w> 
 <w id="w22.2.7">spodbuja</w> 
 <w id="w22.2.8">tvorbo</w> 
 <w id="w22.2.9">rdečih</w> 
 <w id="w22.2.10">krvnih</w> 
 <w id="w22.2.11">celic</w> 
 <w id="w22.2.12">na</w> 
 <w id="w22.2.13">enak</w> 
 <w id="w22.2.14">način</w> 
 <w id="w22.2.15">kot</w> 
 <w id="w22.2.16">eritropoetin</w>
 <w id="w22.2.17">.</w>
</s> 
 
<s id="s22.3">
 <w id="w22.3.1">Zd</w>
</s></p>

<p id="23">
<s id="s23.1">
 <w id="w23.1.1">Kako</w> 
 <w id="w23.1.2">je</w> 
 <w id="w23.1.3">bilo</w> 
 <w id="w23.1.4">zdravilo</w> 
 <w id="w23.1.5">Dynepo</w> 
 <w id="w23.1.6">raziskano</w>
 <w id="w23.1.7">?</w>
</s>    
 
<s id="s23.2">
 <w id="w23.2.1">Učinkovitost</w> 
 <w id="w23.2.2">zdravila</w> 
 <w id="w23.2.3">Dynepo</w> 
 <w id="w23.2.4">pri</w> 
 <w id="w23.2.5">zdravljenju</w> 
 <w id="w23.2.6">slabokrvnosti</w> 
 <w id="w23.2.7">je</w> 
 <w id="w23.2.8">bila</w> 
 <w id="w23.2.9">raziskana</w> 
 <w id="w23.2.10">pri</w> 
 <w id="w23.2.11">1.</w>
 <w id="w23.2.12">308</w> 
 <w id="w23.2.13">bolnikih</w> 
 <w id="w23.2.14">s</w>    
 <w id="w23.2.15">kronično</w> 
 <w id="w23.2.16">odpovedjo</w> 
 <w id="w23.2.17">ledvic</w>
 <w id="w23.2.18">,</w> 
 <w id="w23.2.19">med</w> 
 <w id="w23.2.20">drugim</w> 
 <w id="w23.2.21">v</w> 
 <w id="w23.2.22">dveh</w> 
 <w id="w23.2.23">večjih</w> 
 <w id="w23.2.24">kliničnih</w> 
 <w id="w23.2.25">študijah</w>
 <w id="w23.2.26">.</w>
</s> 
 
<s id="s23.3">
 <w id="w23.3.1">V</w> 
 <w id="w23.3.2">eni</w> 
 <w id="w23.3.3">izmed</w> 
 <w id="w23.3.4">njih</w> 
 <w id="w23.3.5">so</w>    
 <w id="w23.3.6">primerjali</w> 
 <w id="w23.3.7">učinek</w> 
 <w id="w23.3.8">zdravila</w> 
 <w id="w23.3.9">Dynepo</w>
 <w id="w23.3.10">,</w> 
 <w id="w23.3.11">ki</w> 
 <w id="w23.3.12">so</w> 
 <w id="w23.3.13">ga</w> 
 <w id="w23.3.14">dajali</w> 
 <w id="w23.3.15">intravensko</w>
 <w id="w23.3.16">,</w> 
 <w id="w23.3.17">z</w> 
 <w id="w23.3.18">učinkom</w> 
 <w id="w23.3.19">epoetina</w> 
 <w id="w23.3.20">alfa</w> 
 <w id="w23.3.21">(</w>
 <w id="w23.3.22">podobna</w> 
 <w id="w23.3.23">vrsta</w>    
 <w id="w23.3.24">zdravila</w>
 <w id="w23.3.25">)</w>
 <w id="w23.3.26">.</w>
</s> 
 
<s id="s23.4">
 <w id="w23.4.1">V</w> 
 <w id="w23.4.2">drugi</w> 
 <w id="w23.4.3">študiji</w> 
 <w id="w23.4.4">pa</w> 
 <w id="w23.4.5">so</w> 
 <w id="w23.4.6">primerjali</w> 
 <w id="w23.4.7">tri</w> 
 <w id="w23.4.8">različne</w> 
 <w id="w23.4.9">sheme</w> 
 <w id="w23.4.10">odmerjanja</w> 
 <w id="w23.4.11">zdravila</w> 
 <w id="w23.4.12">Dynepo</w>
 <w id="w23.4.13">,</w> 
 <w id="w23.4.14">ki</w> 
 <w id="w23.4.15">so</w> 
 <w id="w23.4.16">ga</w>    
 <w id="w23.4.17">dajali</w> 
 <w id="w23.4.18">subkutano</w>
 <w id="w23.4.19">.</w>
</s> 
 
<s id="s23.5">
 <w id="w23.5.1">V</w> 
 <w id="w23.5.2">kliničnih</w> 
 <w id="w23.5.3">študijah</w> 
 <w id="w23.5.4">je</w> 
 <w id="w23.5.5">bil</w> 
 <w id="w23.5.6">glavni</w> 
 <w id="w23.5.7">pokazatelj</w> 
 <w id="w23.5.8">učinkovitosti</w> 
 <w id="w23.5.9">zdravila</w> 
 <w id="w23.5.10">Dynepo</w> 
 <w id="w23.5.11">dvig</w> 
 <w id="w23.5.12">ravni</w>    
 <w id="w23.5.13">hemoglobina</w> 
 <w id="w23.5.14">(</w>
 <w id="w23.5.15">beljakovine</w> 
 <w id="w23.5.16">v</w> 
 <w id="w23.5.17">rdečih</w> 
 <w id="w23.5.18">krvnih</w> 
 <w id="w23.5.19">celicah</w>
 <w id="w23.5.20">,</w> 
 <w id="w23.5.21">ki</w> 
 <w id="w23.5.22">prenaša</w> 
 <w id="w23.5.23">kisik</w> 
 <w id="w23.5.24">po</w> 
 <w id="w23.5.25">telesu</w>
 <w id="w23.5.26">)</w>
 <w id="w23.5.27">.</w>
</s></p>

<p id="24">
<s id="s24.1">
 <w id="w24.1.1">7</w> 
 <w id="w24.1.2">Westferry</w> 
 <w id="w24.1.3">Circus</w>
 <w id="w24.1.4">,</w> 
 <w id="w24.1.5">Canary</w> 
 <w id="w24.1.6">Wharf</w>
 <w id="w24.1.7">,</w> 
 <w id="w24.1.8">London</w> 
 <w id="w24.1.9">E14</w> 
 <w id="w24.1.10">4HB</w>
 <w id="w24.1.11">,</w> 
 <w id="w24.1.12">UK</w>                                             
 <w id="w24.1.13">Tel</w>
 <w id="w24.1.14">.</w>
</s> 
 
<s id="s24.2">
 <w id="w24.2.1">(</w>
 <w id="w24.2.2">44-</w>
 <w id="w24.2.3">20</w>
 <w id="w24.2.4">)</w> 
 <w id="w24.2.5">74</w> 
 <w id="w24.2.6">18</w> 
 <w id="w24.2.7">84</w> 
 <w id="w24.2.8">00</w> 
 <w id="w24.2.9">Fax</w> 
 <w id="w24.2.10">(</w>
 <w id="w24.2.11">44-</w>
 <w id="w24.2.12">20</w>
 <w id="w24.2.13">)</w> 
 <w id="w24.2.14">74</w> 
 <w id="w24.2.15">18</w> 
 <w id="w24.2.16">84</w> 
 <w id="w24.2.17">16</w>                                        
 <w id="w24.2.18">E-</w>
 <w id="w24.2.19">mail</w>
 <w id="w24.2.20">:</w> 
 <w id="w24.2.21">mail@</w>
 <w id="w24.2.22">emea.</w>
 <w id="w24.2.23">europa.</w>
 <w id="w24.2.24">eu</w> 
 <w id="w24.2.25">http</w>
 <w id="w24.2.26">:</w>
 <w id="w24.2.27">//</w>
 <w id="w24.2.28">www.</w>
 <w id="w24.2.29">emea.</w>
 <w id="w24.2.30">europa.</w>
 <w id="w24.2.31">eu</w>  
 <w id="w24.2.32">©EMEA</w> 
 <w id="w24.2.33">2007</w> 
 <w id="w24.2.34">Reproduction</w> 
 <w id="w24.2.35">and/</w>
 <w id="w24.2.36">or</w> 
 <w id="w24.2.37">distribution</w> 
 <w id="w24.2.38">of</w> 
 <w id="w24.2.39">this</w> 
 <w id="w24.2.40">document</w> 
 <w id="w24.2.41">is</w> 
 <w id="w24.2.42">authorised</w> 
 <w id="w24.2.43">for</w> 
 <w id="w24.2.44">non</w> 
 <w id="w24.2.45">commercial</w> 
 <w id="w24.2.46">purposes</w> 
 <w id="w24.2.47">only</w> 
 <w id="w24.2.48">provided</w> 
 <w id="w24.2.49">the</w> 
 <w id="w24.2.50">EMEA</w> 
 <w id="w24.2.51">is</w> 
 <w id="w24.2.52">acknowledged</w>  
 <w id="w24.2.53">Kakšne</w> 
 <w id="w24.2.54">koristi</w> 
 <w id="w24.2.55">je</w> 
 <w id="w24.2.56">zdravilo</w> 
 <w id="w24.2.57">Dynepo</w> 
 <w id="w24.2.58">izkazalo</w> 
 <w id="w24.2.59">med</w> 
 <w id="w24.2.60">raziskavami</w>
 <w id="w24.2.61">?</w>
</s>  
 
<s id="s24.3">
 <w id="w24.3.1">Zdravilo</w> 
 <w id="w24.3.2">Dynepo</w> 
 <w id="w24.3.3">je</w> 
 <w id="w24.3.4">bilo</w> 
 <w id="w24.3.5">pri</w> 
 <w id="w24.3.6">dviganju</w> 
 <w id="w24.3.7">ravni</w> 
 <w id="w24.3.8">hemoglobina</w> 
 <w id="w24.3.9">pri</w> 
 <w id="w24.3.10">bolnikih</w> 
 <w id="w24.3.11">enako</w> 
 <w id="w24.3.12">učinkovito</w> 
 <w id="w24.3.13">kot</w> 
 <w id="w24.3.14">epoetin</w>  
 <w id="w24.3.15">alfa</w>
 <w id="w24.3.16">.</w>
</s> 
 
<s id="s24.4">
 <w id="w24.4.1">Učinkovitost</w> 
 <w id="w24.4.2">zdravila</w> 
 <w id="w24.4.3">je</w> 
 <w id="w24.4.4">bila</w> 
 <w id="w24.4.5">enaka</w> 
 <w id="w24.4.6">pri</w> 
 <w id="w24.4.7">intravenskem</w> 
 <w id="w24.4.8">in</w> 
 <w id="w24.4.9">subkutanem</w> 
 <w id="w24.4.10">dajanju</w>
 <w id="w24.4.11">.</w>
</s></p>

<p id="25">
<s id="s25.1">
 <w id="w25.1.1">Kakšna</w> 
 <w id="w25.1.2">tveganja</w> 
 <w id="w25.1.3">so</w> 
 <w id="w25.1.4">povezana</w> 
 <w id="w25.1.5">z</w> 
 <w id="w25.1.6">zdravilom</w> 
 <w id="w25.1.7">Dynepo</w>
 <w id="w25.1.8">?</w>
</s>  
 
<s id="s25.2">
 <w id="w25.2.1">Najbolj</w> 
 <w id="w25.2.2">pogosti</w> 
 <w id="w25.2.3">neželeni</w> 
 <w id="w25.2.4">učinki</w> 
 <w id="w25.2.5">so</w> 
 <w id="w25.2.6">hipertenzija</w> 
 <w id="w25.2.7">(</w>
 <w id="w25.2.8">povišan</w> 
 <w id="w25.2.9">krvni</w> 
 <w id="w25.2.10">tlak</w>
 <w id="w25.2.11">)</w>
 <w id="w25.2.12">,</w> 
 <w id="w25.2.13">glavobol</w>
 <w id="w25.2.14">,</w> 
 <w id="w25.2.15">pri</w> 
 <w id="w25.2.16">bolnikih</w>
 <w id="w25.2.17">,</w> 
 <w id="w25.2.18">ki</w> 
 <w id="w25.2.19">so</w> 
 <w id="w25.2.20">na</w>  
 <w id="w25.2.21">dializi</w>
 <w id="w25.2.22">,</w> 
 <w id="w25.2.23">pa</w> 
 <w id="w25.2.24">težave</w> 
 <w id="w25.2.25">z</w> 
 <w id="w25.2.26">dializnimi</w> 
 <w id="w25.2.27">cevkami</w>
 <w id="w25.2.28">.</w>
</s> 
 
<s id="s25.3">
 <w id="w25.3.1">Celovit</w> 
 <w id="w25.3.2">opis</w> 
 <w id="w25.3.3">neželenih</w> 
 <w id="w25.3.4">učinkov</w>
 <w id="w25.3.5">,</w> 
 <w id="w25.3.6">o</w> 
 <w id="w25.3.7">katerih</w> 
 <w id="w25.3.8">so</w> 
 <w id="w25.3.9">poročali</w> 
 <w id="w25.3.10">pri</w>  
 <w id="w25.3.11">uporabi</w> 
 <w id="w25.3.12">zdravila</w> 
 <w id="w25.3.13">Dynepo</w>
 <w id="w25.3.14">,</w> 
 <w id="w25.3.15">najdete</w> 
 <w id="w25.3.16">v</w> 
 <w id="w25.3.17">Navodilu</w> 
 <w id="w25.3.18">za</w> 
 <w id="w25.3.19">uporabo</w>
 <w id="w25.3.20">.</w>
</s>  
 
<s id="s25.4">
 <w id="w25.4.1">Zdravila</w> 
 <w id="w25.4.2">Dynepo</w> 
 <w id="w25.4.3">ne</w> 
 <w id="w25.4.4">smejo</w> 
 <w id="w25.4.5">uporabljati</w> 
 <w id="w25.4.6">osebe</w>
 <w id="w25.4.7">,</w> 
 <w id="w25.4.8">ki</w> 
 <w id="w25.4.9">utegnejo</w> 
 <w id="w25.4.10">biti</w> 
 <w id="w25.4.11">preobčutljive</w> 
 <w id="w25.4.12">za</w> 
 <w id="w25.4.13">(</w>
 <w id="w25.4.14">alergične</w> 
 <w id="w25.4.15">na</w>
 <w id="w25.4.16">)</w> 
 <w id="w25.4.17">epoetin</w>  
 <w id="w25.4.18">delta</w> 
 <w id="w25.4.19">ali</w> 
 <w id="w25.4.20">na</w> 
 <w id="w25.4.21">katero</w> 
 <w id="w25.4.22">koli</w> 
 <w id="w25.4.23">drugo</w> 
 <w id="w25.4.24">sestavino</w>
 <w id="w25.4.25">,</w> 
 <w id="w25.4.26">ter</w> 
 <w id="w25.4.27">bolniki</w> 
 <w id="w25.4.28">s</w> 
 <w id="w25.4.29">slabo</w> 
 <w id="w25.4.30">nadzorovanim</w> 
 <w id="w25.4.31">visokim</w> 
 <w id="w25.4.32">krvnim</w> 
 <w id="w25.4.33">tlakom</w>
 <w id="w25.4.34">.</w>
</s> 
 
<s id="s25.5">
 <w id="w25.5.1">Ker</w>  
 <w id="w25.5.2">je</w> 
 <w id="w25.5.3">bil</w> 
 <w id="w25.5.4">v</w> 
 <w id="w25.5.5">redkih</w> 
 <w id="w25.5.6">primerih</w> 
 <w id="w25.5.7">opažen</w> 
 <w id="w25.5.8">pojav</w> 
 <w id="w25.5.9">alergijskih</w> 
 <w id="w25.5.10">reakcij</w>
 <w id="w25.5.11">,</w> 
 <w id="w25.5.12">je</w> 
 <w id="w25.5.13">priporočeno</w>
 <w id="w25.5.14">,</w> 
 <w id="w25.5.15">da</w> 
 <w id="w25.5.16">se</w> 
 <w id="w25.5.17">prvi</w> 
 <w id="w25.5.18">odmerek</w> 
 <w id="w25.5.19">daje</w> 
 <w id="w25.5.20">pod</w>
</s></p>

<p id="26">
<s id="s26.1">
 <w id="w26.1.1">et</w>  
 <w id="w26.1.2">zdravniškim</w> 
 <w id="w26.1.3">nadzorom</w>
 <w id="w26.1.4">.</w>
</s></p>

<p id="27">
<s id="s27.1">
 <w id="w27.1.1">m</w>  
 <w id="w27.1.2">Zakaj</w> 
 <w id="w27.1.3">je</w> 
 <w id="w27.1.4">bilo</w> 
 <w id="w27.1.5">zdravilo</w> 
 <w id="w27.1.6">Dynepo</w> 
 <w id="w27.1.7">odobreno</w>
 <w id="w27.1.8">?</w>
</s></p>

<p id="28">
<s id="s28.1">
 <w id="w28.1.1">o</w>  
 <w id="w28.1.2">Odbor</w> 
 <w id="w28.1.3">za</w> 
 <w id="w28.1.4">zdravila</w> 
 <w id="w28.1.5">za</w> 
 <w id="w28.1.6">uporabo</w> 
 <w id="w28.1.7">v</w> 
 <w id="w28.1.8">humani</w> 
 <w id="w28.1.9">medicini</w> 
 <w id="w28.1.10">(</w>
 <w id="w28.1.11">CHMP</w>
 <w id="w28.1.12">)</w> 
 <w id="w28.1.13">je</w> 
 <w id="w28.1.14">odločil</w>
 <w id="w28.1.15">,</w> 
 <w id="w28.1.16">da</w> 
 <w id="w28.1.17">so</w> 
 <w id="w28.1.18">koristi</w> 
 <w id="w28.1.19">zdravila</w> 
 <w id="w28.1.20">Dynepo</w> 
 <w id="w28.1.21">pri</w>  
 <w id="w28.1.22">zdravljenju</w> 
 <w id="w28.1.23">slabokrvnosti</w> 
 <w id="w28.1.24">pri</w> 
 <w id="w28.1.25">bolnikih</w> 
 <w id="w28.1.26">s</w> 
 <w id="w28.1.27">kronično</w> 
 <w id="w28.1.28">odpovedjo</w> 
 <w id="w28.1.29">ledvic</w> 
 <w id="w28.1.30">večje</w> 
 <w id="w28.1.31">od</w> 
 <w id="w28.1.32">z</w> 
 <w id="w28.1.33">njim</w> 
 <w id="w28.1.34">povezanih</w> 
 <w id="w28.1.35">tveganj</w>
 <w id="w28.1.36">.</w>
</s></p>

<p id="29">
<s id="s29.1">
 <w id="w29.1.1">pr</w>  
 <w id="w29.1.2">Zato</w> 
 <w id="w29.1.3">je</w> 
 <w id="w29.1.4">priporočil</w>
 <w id="w29.1.5">,</w> 
 <w id="w29.1.6">da</w> 
 <w id="w29.1.7">se</w> 
 <w id="w29.1.8">za</w> 
 <w id="w29.1.9">zdravilo</w> 
 <w id="w29.1.10">Dynepo</w> 
 <w id="w29.1.11">odobri</w> 
 <w id="w29.1.12">dovoljenje</w> 
 <w id="w29.1.13">za</w> 
 <w id="w29.1.14">promet</w> 
 <w id="w29.1.15">z</w> 
 <w id="w29.1.16">zdravilom</w>
 <w id="w29.1.17">.</w>
</s></p>

<p id="30">
<s id="s30.1">
 <w id="w30.1.1">za</w>  
 <w id="w30.1.2">Druge</w> 
 <w id="w30.1.3">informacije</w> 
 <w id="w30.1.4">o</w> 
 <w id="w30.1.5">zdravilu</w> 
 <w id="w30.1.6">Dynepo</w>
 <w id="w30.1.7">:</w>
</s>  
 
<s id="s30.2">
 <w id="w30.2.1">Evropska</w> 
 <w id="w30.2.2">komisija</w> 
 <w id="w30.2.3">je</w> 
 <w id="w30.2.4">dovoljenje</w> 
 <w id="w30.2.5">za</w> 
 <w id="w30.2.6">promet</w> 
 <w id="w30.2.7">z</w> 
 <w id="w30.2.8">zdravilom</w> 
 <w id="w30.2.9">Dynepo</w>
 <w id="w30.2.10">,</w> 
 <w id="w30.2.11">veljavno</w> 
 <w id="w30.2.12">po</w> 
 <w id="w30.2.13">vsej</w> 
 <w id="w30.2.14">Evropski</w> 
 <w id="w30.2.15">uniji</w>
 <w id="w30.2.16">,</w>  
 <w id="w30.2.17">odobrila</w> 
 <w id="w30.2.18">družbi</w> 
 <w id="w30.2.19">Shire</w> 
 <w id="w30.2.20">Pharmaceutical</w> 
 <w id="w30.2.21">Contracts</w> 
 <w id="w30.2.22">Ltd</w> 
 <w id="w30.2.23">dne</w> 
 <w id="w30.2.24">18</w>
 <w id="w30.2.25">.</w> 
 <w id="w30.2.26">marca</w> 
 <w id="w30.2.27">2002</w>
 <w id="w30.2.28">.</w>
</s> 
 
<s id="s30.3">
 <w id="w30.3.1">Dovoljenje</w> 
 <w id="w30.3.2">za</w> 
 <w id="w30.3.3">promet</w> 
 <w id="w30.3.4">je</w> 
 <w id="w30.3.5">bilo</w>
</s></p>

<p id="31">
<s id="s31.1">
 <w id="w31.1.1">a</w>  
 <w id="w31.1.2">podaljšano</w> 
 <w id="w31.1.3">18</w>
 <w id="w31.1.4">.</w> 
 <w id="w31.1.5">marca</w> 
 <w id="w31.1.6">2007</w>
 <w id="w31.1.7">.</w>
</s></p>

<p id="32">
<s id="s32.1">
 <w id="w32.1.1">nj</w>  
 <w id="w32.1.2">Celotno</w> 
 <w id="w32.1.3">Evropsko</w> 
 <w id="w32.1.4">javno</w> 
 <w id="w32.1.5">poročilo</w> 
 <w id="w32.1.6">o</w> 
 <w id="w32.1.7">oceni</w> 
 <w id="w32.1.8">zdravila</w> 
 <w id="w32.1.9">(</w>
 <w id="w32.1.10">EPAR</w>
 <w id="w32.1.11">)</w> 
 <w id="w32.1.12">za</w> 
 <w id="w32.1.13">zdravilo</w> 
 <w id="w32.1.14">Dynepo</w> 
 <w id="w32.1.15">je</w> 
 <w id="w32.1.16">na</w> 
 <w id="w32.1.17">voljo</w> 
 <w id="w32.1.18">tukaj</w>
 <w id="w32.1.19">.</w>                                                        
 <w id="w32.1.20">lje</w>                                                 
 <w id="w32.1.21">vo</w>  
 <w id="w32.1.22">Povzetek</w> 
 <w id="w32.1.23">je</w> 
 <w id="w32.1.24">bil</w> 
 <w id="w32.1.25">nazadnje</w> 
 <w id="w32.1.26">posodobljen</w> 
 <w id="w32.1.27">03-</w>
 <w id="w32.1.28">2007</w>
 <w id="w32.1.29">.</w>                                          
 <w id="w32.1.30">do</w>                                 
 <w id="w32.1.31">ā</w>                              
 <w id="w32.1.32">ve</w>                         
 <w id="w32.1.33">a</w>                   
 <w id="w32.1.34">m</w>              
 <w id="w32.1.35">ni</w>      
 <w id="w32.1.36">ilo</w>    
 <w id="w32.1.37">v</w> 
 <w id="w32.1.38">ra</w> 
 <w id="w32.1.39">Zd</w>
</s></p>

<p id="33">
<s id="s33.1">
 <w id="w33.1.1">©EMEA</w> 
 <w id="w33.1.2">2007</w>
</s></p>

<head id="34">
<s id="s34.1">
 <w id="w34.1.1">2/</w>
 <w id="w34.1.2">2</w>
</s></head></text>
