<?xml version="1.0" encoding="utf-8"?>
<letsmt version="1.0">
<head></head>
<body>
<s id="s1.1">EU Number</s>
<s id="s2.1">Ime</s>
<s id="s3.1">Jakost</s>
<s id="s4.1">Farmacevtska oblika</s>
<s id="s5.1">Ciljna živalska vrsta</s>
<s id="s6.1">Način dajanja</s>
<s id="s7.1">Pakiranje</s>
<s id="s8.1">Vsebina</s>
<s id="s9.1">Način pakiranja</s>
<s id="s10.1">Karenca</s>
<s id="s11.1">EU/ 2/ 06/ 066/ 001 Prac- tic</s>
<s id="s12.1">56, 25 mg</s>
<s id="s13.1">Kožne kapljice, raztopina</s>
<s id="s14.1">psi</s>
<s id="s15.1">Nanos na zatilje</s>
<s id="s16.1">1 alu/ PVC pretisni omot</s>
<s id="s17.1">0, 45 ml</s>
<s id="s18.1">3 merilne kapalke</s>
<s id="s19.1">Navedba ni smiselna</s>
<s id="s20.1">EU/ 2/ 06/ 066/ 002 Prac- tic</s>
<s id="s21.1">56, 25 mg</s>
<s id="s22.1">Kožne kapljice, raztopina</s>
<s id="s23.1">psi</s>
<s id="s24.1">Nanos na zatilje</s>
<s id="s25.1">2 alu/ PVC pretisni omot</s>
<s id="s26.1">0, 45 ml</s>
<s id="s27.1">6 merilnih kapalk</s>
<s id="s28.1">Navedba ni smiselna</s>
<s id="s29.1">EU/ 2/ 06/ 066/ 003 Prac- tic</s>
<s id="s30.1">56, 25 mg</s>
<s id="s31.1">Kožne kapljice, raztopina</s>
<s id="s32.1">psi</s>
<s id="s33.1">Nanos na zatilje</s>
<s id="s34.1">10 alu/ PVC pretisni omot</s>
<s id="s35.1">0, 45 ml</s>
<s id="s36.1">30 merilnih kapalk</s>
<s id="s37.1">Navedba ni smiselna</s>
<s id="s38.1">EU/ 2/ 06/ 066/ 004 Prac- tic</s>
<s id="s39.1">137, 5 mg</s>
<s id="s40.1">Kožne kapljice, raztopina</s>
<s id="s41.1">psi</s>
<s id="s42.1">Nanos na zatilje</s>
<s id="s43.1">1 alu/ PVC pretisni omot</s>
<s id="s44.1">1, 1 ml</s>
<s id="s45.1">3 merilne kapalke</s>
<s id="s46.1">Navedba ni smiselna</s>
<s id="s47.1">EU/ 2/ 06/ 066/ 005 Prac- tic</s>
<s id="s48.1">137, 5 mg</s>
<s id="s49.1">Kožne kapljice, raztopina</s>
<s id="s50.1">psi</s>
<s id="s51.1">Nanos na zatilje</s>
<s id="s52.1">2 alu/ PVC pretisni omot</s>
<s id="s53.1">1, 1 ml</s>
<s id="s54.1">6 merilnih kapalk</s>
<s id="s55.1">Navedba ni smiselna</s>
<s id="s56.1">EU/ 2/ 06/ 066/ 006 Prac- tic</s>
<s id="s57.1">137, 5 mg</s>
<s id="s58.1">Kožne kapljice, raztopina</s>
<s id="s59.1">psi</s>
<s id="s60.1">Nanos na zatilje</s>
<s id="s61.1">10 alu/ PVC pretisni omot</s>
<s id="s62.1">1, 1 ml</s>
<s id="s63.1">30 merilnih kapalk</s>
<s id="s64.1">Navedba ni smiselna</s>
<s id="s65.1">EU/ 2/ 06/ 066/ 007 Prac- tic</s>
<s id="s66.1">275 mg Kožne kapljice, raztopina</s>
<s id="s67.1">psi</s>
<s id="s68.1">Nanos na zatilje</s>
<s id="s69.1">1 alu/ PVC pretisni omot</s>
<s id="s70.1">2, 2 ml</s>
<s id="s71.1">3 merilne kapalke</s>
<s id="s72.1">Navedba ni smiselna</s>
<s id="s73.1">EU/ 2/ 06/ 066/ 008 Prac- tic</s>
<s id="s74.1">275 mg Kožne kapljice, raztopina</s>
<s id="s75.1">psi</s>
<s id="s76.1">Nanos na zatilje</s>
<s id="s77.1">2 alu/ PVC pretisni omot</s>
<s id="s78.1">2, 2 ml</s>
<s id="s79.1">6 merilnih kapalk</s>
<s id="s80.1">Navedba ni smiselna</s>
<s id="s81.1">EU/ 2/ 06/ 066/ 009 Prac- tic</s>
<s id="s82.1">275 mg Kožne kapljice, raztopina</s>
<s id="s83.1">psi</s>
<s id="s84.1">Nanos na zatilje</s>
<s id="s85.1">10 alu/ PVC pretisni omot</s>
<s id="s86.1">2, 2 ml</s>
<s id="s87.1">30 merilnih kapalk</s>
<s id="s88.1">Navedba ni smiselna</s>
<s id="s89.1">EU/ 2/ 06/ 066/ 010 Prac- tic</s>
<s id="s90.1">625 mg Kožne kapljice, raztopina</s>
<s id="s91.1">psi</s>
<s id="s92.1">Nanos na zatilje</s>
<s id="s93.1">1 alu/ PVC pretisni omot</s>
<s id="s94.1">5, 0 ml</s>
<s id="s95.1">3 merilne kapalke</s>
<s id="s96.1">Navedba ni smiselna</s>
<s id="s97.1">EU/ 2/ 06/ 066/ 011 Prac- tic</s>
<s id="s98.1">625 mg Kožne kapljice, raztopina</s>
<s id="s99.1">psi</s>
<s id="s100.1">Nanos na zatilje</s>
<s id="s101.1">2 alu/ PVC pretisni omot</s>
<s id="s102.1">5, 0 ml</s>
<s id="s103.1">6 merilnih kapalk</s>
<s id="s104.1">Navedba ni smiselna</s>
<s id="s105.1">EU/ 2/ 06/ 066/ 012 Prac- tic</s>
<s id="s106.1">625 mg Kožne kapljice, raztopina</s>
<s id="s107.1">psi</s>
<s id="s108.1">Nanos na zatilje</s>
<s id="s109.1">10 alu / PVC pretisni omot</s>
<s id="s110.1">5, 0 ml</s>
<s id="s111.1">30 merilnih kapalk</s>
<s id="s112.1">Navedba ni smiselna</s>
</body>
</letsmt>
