<?xml version="1.0" encoding="utf-8"?>
<letsmt version="1.0">
<head></head>
<body>
<s id="s1.1">DODATEK I</s>
<s id="s2.1">POVZETEK GLAVNIH ZNAČILNOSTI ZDRAVILA</s>
<s id="s3.1">1/ 23 1.</s>
<s id="s3.2">IME ZDRAVILA ZA UPORABO V VETERINARSKI MEDICINI</s>
<s id="s4.1">Equilis StrepE, liofilizat za suspenzijo za injiciranje, za konje</s>
<s id="s5.1">2.</s>
<s id="s5.2">KAKOVOSTNA IN KOLIČINSKA SESTAVA</s>
<s id="s6.1">V odmerku po 0, 2 ml cepiva:</s>
<s id="s7.1">Zdravilna učinkovina</s>
<s id="s8.1">Živi delecijski mutant seva Streptococcus equi TW928 109, 0 do 109, 4 CFU1</s>
<s id="s9.1">Vehikel</s>
<s id="s10.1">Voda za injekcije</s>
<s id="s11.1">Pomožne snovi</s>
<s id="s12.1">Za celoten seznam pomožnih snovi glejte poglavje 6. 1.</s>
<s id="s13.1">3.</s>
<s id="s13.2">FARMACEVTSKA OBLIKA</s>
<s id="s14.1">Liofilizat za suspenzijo za injiciranje</s>
<s id="s15.1">4.</s>
<s id="s15.2">KLINIČNI PODATKI</s>
<s id="s16.1">4. 1 Ciljne živalske vrste</s>
<s id="s17.1">Konji</s>
<s id="s18.1">4. 2 Indikacije za uporabo pri ciljnih živalskih vrstah</s>
<s id="s19.1">Imunizacija konjev proti Streptococcusu equi za zmanjšanje kliničnih znakov in nastanka abscesov limfnih vozlov.</s>
<s id="s20.1">Začetek imunosti:</s>
<s id="s20.2">Imunost se razvije 2 tedna po osnovnem cepljenju.</s>
<s id="s21.1">Trajanje imunosti:</s>
<s id="s21.2">Imunost traja do 3 mesece.</s>
<s id="s22.1">Cepivo je namenjeno za uporabo pri konjih, pri katerih je nevarnost okužbe s Streptococcusom equi jasno razpoznana, ker so bili v stiku s konji iz območij, za katera je znano, da je na njih prisoten ta povzročitelj, npr. hlevi s konji, ki jih vozijo na razstave ali tekmovanja na takšna območja, ali hlevi, kjer sprejemajo ali imajo v oskrbi konje s takšnih območij.</s>
<s id="s23.1">4. 3 Kontraindikacije</s>
<s id="s24.1">Jih ni.</s>
<s id="s25.1">1 Colony forming units – kolonijske enote</s>
<s id="s26.1">2/ 23 4. 4 Posebna opozorila</s>
<s id="s27.1">Cepni sev se lahko izloča iz mesta vboda štiri dni po cepljenju.</s>
<s id="s27.2">Iz literature je znano, da se lahko pri zelo majhnem številu konjev razvije hemoragična purpura, če jih cepimo kmalu po okužbi.</s>
<s id="s27.3">Hemoragične purpure niso zasledili v nobeni študiji varnosti, izvedeni med razvojem Equilisa StrepE.</s>
<s id="s27.4">Ker pa je hemoragična purpura zelo redka, njenega pojava ne moremo povsem izključiti.</s>
<s id="s28.1">4. 5 Posebni previdnostni ukrepi</s>
<s id="s29.1">Posebni previdnostni ukrepi za uporabo pri živalih</s>
<s id="s30.1">Cepimo samo zdrave konje.</s>
<s id="s31.1">Pred uporabo preverite, ali je liofilizat povsem rekonstituiran.</s>
<s id="s32.1">Osnovno cepljenje med izbruhom okužbe ni učinkovito, ker je imunost nezadostna, dokler osnovno cepljenje ni zaključeno.</s>
<s id="s33.1">Posebni varnostni ukrepi, ki jih mora izvajati oseba, ki živalim daje zdravilo</s>
<s id="s34.1">Posebna previdnost je potrebna pri nameščanju aplikatorja na iglo, da bi se izognili poškodbam zaradi vboda z iglo.</s>
<s id="s34.2">V primeru nenamernega samo- injiciranja se takoj posvetujte z zdravnikom in mu pokažite navodila za uporabo ali ovojnino.</s>
<s id="s35.1">Namenjeno uporabniku:</s>
<s id="s35.2">Zdravilo vsebuje živi bakterijski delecijski mutant z omejenim potencialom za rast v tkivu sesalcev.</s>
<s id="s35.3">Nenamerno samoinjiciranje lahko povzroči vnetno reakcijo s hudo bolečino in oteklino.</s>
<s id="s35.4">Če vam je bil ta proizvod nenamerno injiciran, se takoj posvetujte z zdravnikom, čeprav je bila injicirana le zelo majhna količina, in mu pokažite navodilo za uporabo.</s>
<s id="s36.1">Namenjeno zdravniku:</s>
<s id="s36.2">Zdravilo vsebuje živi avksotrofni delecijski mutant cepnega seva Streptococcusa equi z oslabljeno virulenco.</s>
<s id="s36.3">Toda bakterijske spojine v proizvodu lahko v primeru nenamernega injiciranja povzročijo vnetno reakcijo z močno in bolečo oteklino.</s>
<s id="s36.4">Čeprav je bila injicirana le zelo majhna količina proizvoda, je indicirana protivnetna terapija.</s>
<s id="s36.5">Iz varnostnih razlogov je treba presoditi o dodatnem antibiotičnem zdravljenju.</s>
<s id="s36.6">Občutljivost cepnega seva za antibiotike je navedena spodaj (v poglavju 4. 8).</s>
<s id="s37.1">4. 6 Neželeni učinki (pogostost in resnost)</s>
<s id="s38.1">Po cepljenju se na mestu vboda v 4 urah pojavi reakcija v obliki difuzne otekline, ki je lahko topla ali boleča.</s>
<s id="s38.2">Reakcija je največja 2 do 3 dni po cepljenju in ima največjo površino 3 krat 8 cm.</s>
<s id="s38.3">V 3 tednih povsem mine in običajno ne vpliva na apetit cepljene živali niti ne povzroča vidnega nelagodja.</s>
<s id="s38.4">Na mestu vboda lahko cepni mikroorganizem povzroči manjše lokalno gnojno vnetje, zaradi katerega lahko pride do razkroja sluznice ustnice nad mestom vboda ter izločanja tekočine in vnetnih celic.</s>
<s id="s38.5">Običajno se 3 do 4 dni po cepljenju na mestu vboda pojavi blag moten izcedek.</s>
<s id="s39.1">Nekaj dni po cepljenju so lahko blago povečani retrofaringealni in mandibularni limfni vozli, kar spremlja prehodna bolečina.</s>
<s id="s39.2">Zelo redko se lahko na mestu vboda ali v regionalnih limfnih vozlih razvije absces.</s>
<s id="s40.1">Na dan cepljenja se lahko za največ 2 °C poveča rektalna temperatura.</s>
<s id="s40.2">Redko lahko opazimo anoreksijo, vročino in tresenje.</s>
<s id="s40.3">Zelo redko se lahko razvije depresija.</s>
<s id="s41.1">3/ 23 4. 7 Uporaba v obdobju brejosti, laktacije ali nesnosti</s>
<s id="s42.1">Ne uporabite pri brejih kobilah ali kobilah v obdobju laktacije.</s>
<s id="s43.1">4. 8 Medsebojno delovanje z drugimi zdravili in druge oblike interakcij</s>
<s id="s44.1">Na voljo je malo podatkov o varnosti in učinkovitosti ob sočasni uporabi tega cepiva s katerim koli drugim cepivom.</s>
<s id="s44.2">Zato odsvetujemo sočasno ali hkratno uporabo katerega koli cepiva.</s>
<s id="s45.1">En teden po cepljenju ne uporabljajte antibiotikov.</s>
<s id="s46.1">Cepni sev je odporen proti aminoglikozidom, sulfonamidom, flumekvinu in kombinacijam trimetoprima in sulfametoksazola.</s>
<s id="s47.1">Cepni sev je občutljiv za peniciline, tetracikline, makrolide in linkomicin.</s>
<s id="s48.1">4. 9 Odmerjanje in pot uporabe</s>
<s id="s49.1">Submukozno cepljenje z 0, 2 ml rekonstituiranega cepiva.</s>
<s id="s50.1">Počakajte, da se vehikel ogreje na sobno temperaturo (15– 25 °C).</s>
<s id="s50.2">Liofilizat aseptično rekonstituirajte z 0, 3 ml priloženega sterilnega vehikla.</s>
<s id="s50.3">NE stresajte in po dodajanju vehikla počakajte 1 minuto.</s>
<s id="s50.4">S priloženo brizgo odvzemite 0, 2 ml rekonstituiranega cepiva (glejte sliko 1) in na iglo namestite aplikator (glejte sliko 2).</s>
<s id="s50.5">Konju zadržite glavo, dvignite zgornjo ustnico in iglo vbodite na notranji strani zgornje ustnice tako globoko, da se aplikator dotakne njene površine.</s>
<s id="s50.6">Izbrizgajte vso vsebino brizge (glejte sliko 3).</s>
<s id="s51.1">Slika 1</s>
<s id="s52.1">Slika 2</s>
<s id="s53.1">4/ 23 Slika 3</s>
<s id="s54.1">Shema cepljenja:</s>
<s id="s54.2">Osnovno cepljenje:</s>
<s id="s54.3">Konje po 4. mesecu starosti cepimo dvakrat s po enim odmerkom cepiva v razmaku 4 tednov.</s>
<s id="s55.1">Revakcinacija:</s>
<s id="s55.2">Revakciniramo vsake tri mesece, da ohranimo imunost.</s>
<s id="s56.1">Imunski odziv na osnovno cepljenje se ohrani do šest mesecev, zato je za obnovitev imunosti potreben samo en odmerek cepiva.</s>
<s id="s57.1">Priporočljivo je cepiti vse konje, ki so skupaj uhlevljeni.</s>
<s id="s58.1">4. 10 Preveliko odmerjanje (simptomi, nujni ukrepi, protistrupi) (če je potrebno)</s>
<s id="s59.1">Poleg kliničnih znakov, ki so opisani v poglavju 4. 6, lahko cepljenje z 10- krat prevelikim odmerkom povzroči tudi absces submandibularnega limfnega vozla.</s>
<s id="s59.2">Iz abscesa se 2 tedna po cepljenju izloča gnojen izcedek, nato se v enem mesecu brez intervencije zaceli.</s>
<s id="s59.3">Na dan cepljenja se lahko za največ 2, 5 °C poveča rektalna temperatura.</s>
<s id="s59.4">Občasno se lahko naslednji dan po cepljenju pojavi blaga apatija.</s>
<s id="s60.1">4. 11 Karenca</s>
<s id="s61.1">Nič dni.</s>
<s id="s62.1">5.</s>
<s id="s62.2">IMUNOLOŠKE LASTNOSTI</s>
<s id="s63.1">Oznaka ATCvet:</s>
<s id="s63.2">QI05AE živo bakterijsko cepivo</s>
<s id="s64.1">Za vzbujanje imunosti proti Streptococcusu equi</s>
<s id="s65.1">Cepni sev je delecijski mutant z omejeno potencialno rastjo v tkivu sesalcev.</s>
<s id="s65.2">Na mestu submukoznega injiciranja se lahko krajši čas lokalno razmnožuje in nekaj dni širi v ustno in nosno votlino, vendar na sluznici ustne in nosne votline ne preživi in se pri uporabi priporočenega odmerka ne širi v organizem.</s>
<s id="s66.1">V provokacijskih preskusih, ki jih je izvedlo podjetje Intervet, so nezadostno zaščito zasledili pri približno eni četrtini konjev, ki so bili cepljeni s priporočenim odmerkom.</s>
<s id="s67.1">6.</s>
<s id="s67.2">FARMACEVTSKI PODATKI</s>
<s id="s68.1">6. 1 Seznam pomožnih snovi</s>
<s id="s69.1">stabilizator NAO- 1</s>
<s id="s70.1">5/ 23 voda za injekcije</s>
<s id="s71.1">6. 2 Inkompatibilnosti</s>
<s id="s72.1">Ne mešajte z nobenim drugim zdravilom za uporabo v veterinarski medicini, razen z vehiklom, ki je priložen cepivu.</s>
<s id="s73.1">6. 3 Rok uporabnosti</s>
<s id="s74.1">Liofilizat in vehikel:</s>
<s id="s74.2">18 mesecev.</s>
<s id="s75.1">Rekonstituirano cepivo je treba uporabiti v 4 urah.</s>
<s id="s76.1">6. 4 Posebna navodila za shranjevanje</s>
<s id="s77.1">Liofilizat:</s>
<s id="s77.2">Shranjujte v hladilniku (2 °C– 8 °C).</s>
<s id="s77.3">Zaščitite pred svetlobo.</s>
<s id="s77.4">Vehikel:</s>
<s id="s77.5">Posebne razmere za shranjevanje niso potrebne.</s>
<s id="s78.1">6. 5 Vrsta ovojnine in vsebina</s>
<s id="s79.1">Eno pakiranje Equilisa StrepE vsebuje:</s>
<s id="s79.2">10 vial z liofilizatom in 10 vial z 0, 5 ml vehikla v 3 - mililitrskih vialah iz stekla tipa I, zaprtih z zamaški iz umetne gume in tesnili iz aluminija s šifro; 10 aplikatorjev in 10 brizg z iglo.</s>
<s id="s80.1">6. 6 Posebni varnostni ukrepi za odstranjevanje neporabljenega zdravila ali odpadnih snovi</s>
<s id="s81.1">Odpadne snovi odstranite s prekuhavanjem, sežigom ali potopitvijo v ustreznem dezinfekcijskem sredstvu, katerega uporabo odobrijo pristojni organi.</s>
<s id="s82.1">7.</s>
<s id="s82.2">IMETNIK DOVOLJENJA ZA PROMET</s>
<s id="s83.1">Intervet International B. V.</s>
<s id="s83.2">Wim de Körverstraat 35 NL - 5831 AN Boxmeer Nizozemska</s>
<s id="s84.1">8.</s>
<s id="s84.2">ŠTEVILKA DOVOLJENJA ZA PROMET</s>
<s id="s85.1">EU/ 2/ 04/ 043/ 001</s>
<s id="s86.1">9.</s>
<s id="s86.2">DATUM PRIDOBITVE DOVOLJENJA ZA PROMET</s>
<s id="s87.1">7. maj 2004</s>
<s id="s88.1">10.</s>
<s id="s88.2">DATUM REVIZIJE BESEDILA</s>
<s id="s89.1">12/ 2008</s>
<s id="s90.1">PREPOVED PRODAJE, OSKRBE IN/ ALI UPORABE</s>
<s id="s91.1">Navedba ni smiselna.</s>
<s id="s92.1">6/ 23 DODATEK II</s>
<s id="s93.1">A.</s>
<s id="s93.2">IMETNIK DOVOLJENJA ZA IZDELAVO ZDRAVILA, ODGOVOREN ZA SPROŠČANJE SERIJE</s>
<s id="s94.1">B.</s>
<s id="s94.2">POGOJI DOVOLJENJA ZA PROMET Z ZDRAVILOM TER OMEJITVE GLEDE OSKRBE ALI UPORABE</s>
<s id="s95.1">C.</s>
<s id="s95.2">POGOJI DOVOLJENJA ZA PROMET Z ZDRAVILOM TER OMEJITVE GLEDE VARNE IN UČINKOVITE UPORABE</s>
<s id="s96.1">D.</s>
<s id="s96.2">NAVEDBA NAJVIŠJIH DOVOLJENIH KOLIČIN ZAOSTANKOV ZDRAVILA (MRL)</s>
<s id="s97.1">7/ 23 A.</s>
<s id="s97.2">IMETNIK DOVOLJENJA ZA IZDELAVO ZDRAVILA, ODGOVOREN ZA SPROŠČANJE SERIJE</s>
<s id="s98.1">Intervet International B. V.</s>
<s id="s98.2">Wim de Körverstraat 35 NL - 5831 AN Boxmeer Nizozemska</s>
<s id="s99.1">B.</s>
<s id="s99.2">POGOJI DOVOLJENJA ZA PROMET Z ZDRAVILOM TER OMEJITVE GLEDE OSKRBE ALI UPORABE</s>
<s id="s100.1">Izdaja zdravila je le na veterinarski recept.</s>
<s id="s101.1">C.</s>
<s id="s101.2">POGOJI DOVOLJENJA ZA PROMET Z ZDRAVILOM TER OMEJITVE GLEDE VARNE IN UČINKOVITE UPORABE</s>
<s id="s102.1">Navedba ni smiselna.</s>
<s id="s103.1">D.</s>
<s id="s103.2">NAVEDBA NAJVIŠJIH DOVOLJENIH KOLIČIN ZAOSTANKOV ZDRAVILA (MRL)</s>
<s id="s104.1">Učinkovina</s>
<s id="s105.1">Status MRL</s>
<s id="s106.1">Opombe</s>
<s id="s107.1">Sev Streptococcus equi</s>
<s id="s108.1">Ne spada na področje Uredbe Sveta (ES) 2377/ 90</s>
<s id="s109.1">Zdravilna učinkovina biološkega izvora, ki ustvarja aktivno ali pasivno imunost, ne spada na področje Uredbe.</s>
<s id="s110.1">Voda za injekcije</s>
<s id="s111.1">Ne spada na področje Uredbe Sveta (ES) 2377/ 90</s>
<s id="s112.1">8/ 23 DODATEK III</s>
<s id="s113.1">OZNAČEVANJE IN NAVODILO ZA UPORABO</s>
<s id="s114.1">9/ 23 A.</s>
<s id="s114.2">OZNAČEVANJE</s>
<s id="s115.1">10/ 23 PODATKI NA ZUNANJI OVOJNINI</s>
<s id="s116.1">1.</s>
<s id="s116.2">IME ZDRAVILA ZA UPORABO V VETERINARSKI MEDICINI</s>
<s id="s117.1">Equilis StrepE, liofilizat za suspenzijo za injiciranje, za konje</s>
<s id="s118.1">2.</s>
<s id="s118.2">NAVEDBA ZDRAVILNE UČINKOVINE IN DRUGIH SNOVI</s>
<s id="s119.1">V odmerku po 0, 2 ml cepiva:</s>
<s id="s119.2">Živi delecijski mutant seva Streptococcus equi TW928 109, 0 do 109, 4 CFU</s>
<s id="s120.1">3.</s>
<s id="s120.2">FARMACEVTSKA OBLIKA</s>
<s id="s121.1">Liofilizat za suspenzijo za injiciranje</s>
<s id="s122.1">4.</s>
<s id="s122.2">VELIKOST PAKIRANJA</s>
<s id="s123.1">10 x 1 odmerek cepiva 10 x 1 odmerek vehikla 10 aplikatorjev 10 brizg z iglo</s>
<s id="s124.1">5.</s>
<s id="s124.2">CILJNE ŽIVALSKE VRSTE</s>
<s id="s125.1">Konji.</s>
<s id="s126.1">6.</s>
<s id="s126.2">INDIKACIJA</s>
<s id="s127.1">Imunizacija konjev proti Streptococcusu equi za zmanjšanje kliničnih znakov in nastanka abscesov limfnih vozlov</s>
<s id="s128.1">7.</s>
<s id="s128.2">NAČIN IN POT UPORABE</s>
<s id="s129.1">Po rekonstituciji 0, 2 ml submukozno na notranjo stran zgornje ustnice Pred uporabo preberite navodilo za uporabo.</s>
<s id="s130.1">8.</s>
<s id="s130.2">KARENCA</s>
<s id="s131.1">Nič dni.</s>
<s id="s132.1">9.</s>
<s id="s132.2">POSEBNA OPOZORILA, ČE SO POTREBNA</s>
<s id="s133.1">Navedba ni smiselna.</s>
<s id="s134.1">11/ 23 10.</s>
<s id="s134.2">DATUM IZTEKA ROKA UPORABNOSTI ZDRAVILA</s>
<s id="s135.1">EXP vehikel {mesec/ leto} EXP cepivo {mesec/ leto}</s>
<s id="s136.1">11.</s>
<s id="s136.2">POSEBNA NAVODILA ZA SHRANJEVANJE</s>
<s id="s137.1">Liofilizat:</s>
<s id="s137.2">Shranjujte v hladilniku (2 °C– 8 °C).</s>
<s id="s137.3">Zaščitite pred svetlobo.</s>
<s id="s137.4">Vehikel:</s>
<s id="s137.5">Za shranjevanje ni posebnih navodil.</s>
<s id="s137.6">Viale z rekonstituiranim cepivom uporabite v 4 urah.</s>
<s id="s138.1">12.</s>
<s id="s138.2">POSEBNI VARNOSTNI UKREPI ZA ODSTRANJEVANJE NEPORABLJENEGA ZDRAVILA ALI ODPADNIH SNOVI</s>
<s id="s139.1">Odpadne snovi odstranite s prekuhavanjem, sežigom ali potopitvijo v ustreznem dezinfekcijskem sredstvu, katerega uporabo odobrijo pristojni organi.</s>
<s id="s140.1">13.</s>
<s id="s140.2">BESEDILO ''SAMO ZA ŽIVALI''</s>
<s id="s141.1">Samo za živali.</s>
<s id="s142.1">14.</s>
<s id="s142.2">BESEDILO ''ZDRAVILO SHRANJUJTE NEDOSEGLJIVO OTROKOM''</s>
<s id="s143.1">Zdravilo shranjujte nedosegljivo otrokom.</s>
<s id="s144.1">15.</s>
<s id="s144.2">IME IN NASLOV IMETNIKA DOVOLJENJA ZA PROMET Z ZDRAVILOM</s>
<s id="s145.1">Intervet International B. V.</s>
<s id="s145.2">Wim de Körverstraat 35 NL - 5831 AN Boxmeer</s>
<s id="s146.1">16.</s>
<s id="s146.2">ŠTEVILKA DOVOLJENJA ZA PROMET</s>
<s id="s147.1">EU/ 2/ 04/ 043/ 001</s>
<s id="s148.1">17.</s>
<s id="s148.2">IZDELOVALČEVA ŠTEVILKA SERIJE</s>
<s id="s149.1">&lt; serija &gt; {številka}</s>
<s id="s150.1">12/ 23 PODATKI NA STIČNI OZ.</s>
<s id="s150.2">PRIMARNI OVOJNINI S CEPIVOM</s>
<s id="s151.1">1.</s>
<s id="s151.2">IME ZDRAVILA ZA UPORABO V VETERINARSKI MEDICINI</s>
<s id="s152.1">Equilis StrepE, liofilizat za suspenzijo za injiciranje, za konje</s>
<s id="s153.1">2.</s>
<s id="s153.2">NAVEDBA ZDRAVILNE UČINKOVINE IN DRUGIH SNOVI</s>
<s id="s154.1">V odmerku po 0, 2 ml cepiva:</s>
<s id="s154.2">Živi delecijski mutant seva Streptococcus equi TW928 109, 0 do 109, 4 CFU</s>
<s id="s155.1">3.</s>
<s id="s155.2">FARMACEVTSKA OBLIKA</s>
<s id="s156.1">Liofilizat za suspenzijo za injiciranje</s>
<s id="s157.1">4.</s>
<s id="s157.2">VELIKOST PAKIRANJA</s>
<s id="s158.1">10 x 1 odmerek</s>
<s id="s159.1">5.</s>
<s id="s159.2">CILJNE ŽIVALSKE VRSTE</s>
<s id="s160.1">Konji</s>
<s id="s161.1">6.</s>
<s id="s161.2">INDIKACIJA</s>
<s id="s162.1">Imunizacija proti Streptococcusu equi</s>
<s id="s163.1">7.</s>
<s id="s163.2">NAČIN IN POT UPORABE</s>
<s id="s164.1">Za submukozno injiciranje po rekonstituciji</s>
<s id="s165.1">8.</s>
<s id="s165.2">KARENCA</s>
<s id="s166.1">Nič dni.</s>
<s id="s167.1">9.</s>
<s id="s167.2">POSEBNA OPOZORILA</s>
<s id="s168.1">Navedba ni smiselna.</s>
<s id="s169.1">10.</s>
<s id="s169.2">DATUM IZTEKA ROKA UPORABNOSTI ZDRAVILA</s>
<s id="s170.1">EXP{ mesec/ leto}</s>
<s id="s171.1">13/ 23 11.</s>
<s id="s171.2">POSEBNA NAVODILA ZA SHRANJEVANJE</s>
<s id="s172.1">Shranjujte v hladilniku (2 °C– 8 °C).</s>
<s id="s172.2">Zaščitite pred svetlobo.</s>
<s id="s172.3">Viale z rekonstituiranim cepivom uporabite v 4 urah.</s>
<s id="s173.1">12.</s>
<s id="s173.2">POSEBNI VARNOSTNI UKREPI ZA ODSTRANJEVANJE NEPORABLJENEGA ZDRAVILA ALI ODPADNIH SNOVI</s>
<s id="s174.1">Odpadne snovi odstranite s prekuhavanjem, sežigom ali potopitvijo v ustreznem dezinfekcijskem sredstvu, katerega uporabo odobrijo pristojni organi.</s>
<s id="s175.1">13.</s>
<s id="s175.2">BESEDILO ''SAMO ZA ŽIVALI''</s>
<s id="s176.1">Samo za živali.</s>
<s id="s177.1">14.</s>
<s id="s177.2">BESEDILO ''ZDRAVILO SHRANJUJTE NEDOSEGLJIVO OTROKOM''</s>
<s id="s178.1">Zdravilo shranjujte nedosegljivo otrokom.</s>
<s id="s179.1">15.</s>
<s id="s179.2">IME IN NASLOV IMETNIKA DOVOLJENJA ZA PROMET Z ZDRAVILOM</s>
<s id="s180.1">Intervet International B. V.</s>
<s id="s180.2">Wim de Körverstraat 35 NL - 5831 AN Boxmeer</s>
<s id="s181.1">16.</s>
<s id="s181.2">ŠTEVILKA DOVOLJENJA ZA PROMET</s>
<s id="s182.1">EU/ 2/ 04/ 043/ 001</s>
<s id="s183.1">17.</s>
<s id="s183.2">IZDELOVALČEVA ŠTEVILKA SERIJE</s>
<s id="s184.1">&lt; serija &gt; {številka}</s>
<s id="s185.1">14/ 23 PODATKI NA STIČNI OZ.</s>
<s id="s185.2">PRIMARNI OVOJNINI Z VEHIKLOM</s>
<s id="s186.1">1.</s>
<s id="s186.2">IME ZDRAVILA ZA UPORABO V VETERINARSKI MEDICINI</s>
<s id="s187.1">Equilis StrepE - vehikel</s>
<s id="s188.1">2.</s>
<s id="s188.2">VELIKOST PAKIRANJA</s>
<s id="s189.1">10 x 1 odmerek</s>
<s id="s190.1">3.</s>
<s id="s190.2">CILJNE ŽIVALSKE VRSTE</s>
<s id="s191.1">Konji</s>
<s id="s192.1">4.</s>
<s id="s192.2">POT UPORABE ZDRAVILA</s>
<s id="s193.1">Glejte priloženo navodilo.</s>
<s id="s194.1">5.</s>
<s id="s194.2">KARENCA</s>
<s id="s195.1">Nič dni.</s>
<s id="s196.1">6.</s>
<s id="s196.2">DATUM IZTEKA ROKA UPORABNOSTI</s>
<s id="s197.1">EXP:</s>
<s id="s197.2">{mesec/ leto}</s>
<s id="s198.1">7.</s>
<s id="s198.2">POSEBNA NAVODILA ZA SHRANJEVANJE</s>
<s id="s199.1">Za shranjevanje ni posebnih navodil.</s>
<s id="s199.2">Viale z rekonstituiranim cepivom uporabite v 4 urah.</s>
<s id="s200.1">8.</s>
<s id="s200.2">BESEDILO ''SAMO ZA ŽIVALI''</s>
<s id="s201.1">Samo za živali.</s>
<s id="s202.1">9.</s>
<s id="s202.2">BESEDILO ''ZDRAVILO SHRANJUJTE NEDOSEGLJIVO OTROKOM''</s>
<s id="s203.1">Zdravilo shranjujte nedosegljivo otrokom.</s>
<s id="s204.1">15/ 23 10.</s>
<s id="s204.2">IME IN NASLOV IMETNIKA DOVOLJENJA ZA PROMET Z ZDRAVILOM</s>
<s id="s205.1">Intervet International B. V.</s>
<s id="s205.2">Wim de Körverstraat 35 NL - 5831 AN Boxmeer</s>
<s id="s206.1">11.</s>
<s id="s206.2">ŠTEVILKA DOVOLJENJA ZA PROMET</s>
<s id="s207.1">EU/ 2/ 04/ 043/ 001</s>
<s id="s208.1">12.</s>
<s id="s208.2">IZDELOVALČEVA ŠTEVILKA SERIJE</s>
<s id="s209.1">&lt; lot &gt; {številka}</s>
<s id="s210.1">16/ 23 PODATKI, KI MORAJO BITI NAJMANJ NAVEDENI NA MANJŠIH STIČNIH OVOJNINAH</s>
<s id="s211.1">Nalepka na cepivu (mala viala)</s>
<s id="s212.1">1.</s>
<s id="s212.2">IME ZDRAVILA ZA UPORABO V VETERINARSKI MEDICINI</s>
<s id="s213.1">Equilis StrepE</s>
<s id="s214.1">2.</s>
<s id="s214.2">KOLIČINA ZDRAVILNE UČINKOVINE</s>
<s id="s215.1">Živi Streptococcus equi</s>
<s id="s216.1">3.</s>
<s id="s216.2">VSEBINA, IZRAŽENA Z MASO, PROSTORNINO ALI ŠTEVILOM ODMERKOV</s>
<s id="s217.1">1 odmerek</s>
<s id="s218.1">4.</s>
<s id="s218.2">POT UPORABE ZDRAVILA</s>
<s id="s219.1">Za submukozno uporabo.</s>
<s id="s220.1">5.</s>
<s id="s220.2">KARENCA</s>
<s id="s221.1">Nič dni.</s>
<s id="s222.1">6.</s>
<s id="s222.2">ŠTEVILKA SERIJE</s>
<s id="s223.1">&lt; Serija &gt; {številka}</s>
<s id="s224.1">7.</s>
<s id="s224.2">DATUM IZTEKA ROKA UPORABNOSTI ZDRAVILA</s>
<s id="s225.1">Exp:</s>
<s id="s225.2">{mesec/ leto}</s>
<s id="s226.1">8.</s>
<s id="s226.2">BESEDILO ''SAMO ZA ŽIVALI''</s>
<s id="s227.1">Samo za živali.</s>
<s id="s228.1">17/ 23 Nalepka na vehiklu (mala viala)</s>
<s id="s229.1">1.</s>
<s id="s229.2">IME ZDRAVILA ZA UPORABO V VETERINARSKI MEDICINI</s>
<s id="s230.1">Equilis StrepE - vehikel</s>
<s id="s231.1">2.</s>
<s id="s231.2">VSEBINA, IZRAŽENA Z MASO, PROSTORNINO ALI ŠTEVILOM ODMERKOV</s>
<s id="s232.1">1 odmerek</s>
<s id="s233.1">3.</s>
<s id="s233.2">POT UPORABE ZDRAVILA</s>
<s id="s234.1">Glejte priloženo navodilo.</s>
<s id="s235.1">4.</s>
<s id="s235.2">ŠTEVILKA SERIJE</s>
<s id="s236.1">&lt; Serija &gt; {številka}</s>
<s id="s237.1">5.</s>
<s id="s237.2">KARENCA</s>
<s id="s238.1">Nič dni.</s>
<s id="s239.1">6.</s>
<s id="s239.2">DATUM IZTEKA ROKA UPORABNOSTI ZDRAVILA</s>
<s id="s240.1">Exp {mesec/ leto}</s>
<s id="s241.1">7.</s>
<s id="s241.2">BESEDILO ''SAMO ZA ŽIVALI''</s>
<s id="s242.1">Samo za živali.</s>
<s id="s243.1">18/ 23 B.</s>
<s id="s243.2">NAVODILO ZA UPORABO</s>
<s id="s244.1">19/ 23 NAVODILO ZA UPORABO</s>
<s id="s245.1">Equilis StrepE, liofilizat za suspenzijo za injiciranje, za konje</s>
<s id="s246.1">1.</s>
<s id="s246.2">IME IN NASLOV IMETNIKA DOVOLJENJA ZA PROMET Z ZDRAVILOM TER IMETNIKA DOVOLJENJA ZA PROIZVODNJO ZDRAVILA, ODGOVORNEGA ZA SPROSTITEV SERIJ, ČE STA RAZLIČNA</s>
<s id="s247.1">Intervet International B. V.</s>
<s id="s247.2">Wim de Körverstraat 35 NL - 5831 AN Boxmeer Nizozemska</s>
<s id="s248.1">2.</s>
<s id="s248.2">IME ZDRAVILA ZA UPORABO V VETERINARSKI MEDICINI</s>
<s id="s249.1">Equilis StrepE, liofilizat za suspenzijo za injiciranje, za konje</s>
<s id="s250.1">3.</s>
<s id="s250.2">NAVEDBA ZDRAVILNE UČINKOVINE IN DRUGIH SESTAVIN</s>
<s id="s251.1">V odmerku po 0, 2 ml cepiva:</s>
<s id="s251.2">Živi delecijski mutant seva Streptococcus equi TW928 109, 0 do 109, 4 CFU1</s>
<s id="s252.1">4.</s>
<s id="s252.2">INDIKACIJA</s>
<s id="s253.1">Imunizacija konjev proti Streptococcusu equi za zmanjšanje kliničnih znakov in nastanka abscesov limfnih vozlov</s>
<s id="s254.1">Imunost se razvije dva tedna po osnovnem cepljenju.</s>
<s id="s254.2">Imunost traja do 3 mesece.</s>
<s id="s255.1">Cepivo je namenjeno za uporabo pri konjih, pri katerih je nevarnost okužbe s Streptococcusom equi jasno razpoznana, ker so bili v stiku s konji iz območij, za katera je znano, da je na njih prisoten ta povzročitelj, npr. hlevi s konji, ki jih vozijo na razstave ali tekmovanja na takšna območja, ali hlevi, kjer sprejemajo ali imajo v oskrbi konje s takšnih območij.</s>
<s id="s256.1">5.</s>
<s id="s256.2">KONTRAINDIKACIJE</s>
<s id="s257.1">Ne uporabite pri brejih kobilah ali kobilah v obdobju laktacije.</s>
<s id="s258.1">6.</s>
<s id="s258.2">NEŽELENI UČINKI</s>
<s id="s259.1">Po cepljenju se na mestu vboda v 4 urah pojavi reakcija v obliki difuzne otekline, ki je lahko topla ali boleča.</s>
<s id="s259.2">Reakcija je največja 2 do 3 dni po cepljenju in ima največjo površino 3 krat 8 cm.</s>
<s id="s259.3">V 3 tednih povsem mine in običajno ne vpliva na apetit cepljene živali niti ne povzroča vidnega nelagodja.</s>
<s id="s259.4">Na mestu vboda lahko cepni mikroorganizem povzroči manjše lokalno gnojno vnetje, zaradi katerega lahko pride do razkroja sluznice ustnice nad mestom vboda ter izločanja tekočine in vnetnih celic.</s>
<s id="s259.5">Običajno se 3 do 4 dni po cepljenju na mestu vboda pojavi blag moten izcedek.</s>
<s id="s260.1">_____________________________________ 1 Colony forming units – kolonijske enote</s>
<s id="s261.1">20/ 23 Nekaj dni po cepljenju so lahko blago povečani retrofaringealni in mandibularni limfni vozli, kar lahko spremlja prehodna bolečina.</s>
<s id="s261.2">Zelo redko se lahko na mestu vboda ali v regionalnih limfnih vozlih razvije absces.</s>
<s id="s261.3">Na dan cepljenja se lahko za največ 2 °C poveča rektalna temperatura.</s>
<s id="s261.4">Redko lahko zasledimo anoreksijo, vročino in tresenje.</s>
<s id="s261.5">Zelo redko se lahko razvije depresija.</s>
<s id="s262.1">Če opazite kakršne koli resne stranske učinke ali druge učinke, ki niso omenjeni v teh navodilih za uporabo, obvestite svojega veterinarja.</s>
<s id="s263.1">7.</s>
<s id="s263.2">CILJNE ŽIVALSKE VRSTE</s>
<s id="s264.1">Konji</s>
<s id="s265.1">8.</s>
<s id="s265.2">ODMERKI ZA POSAMEZNE ŽIVALSKE VRSTE TER POT IN NAČIN UPORABE ZDRAVILA</s>
<s id="s266.1">Submukozno cepljenje z 0, 2 ml rekonstituiranega cepiva</s>
<s id="s267.1">Osnovno cepljenje:</s>
<s id="s267.2">Konje po 4. mesecu starosti cepimo dvakrat s po enim odmerkom cepiva v razmaku 4 tednov.</s>
<s id="s268.1">Revakcinacija:</s>
<s id="s268.2">Revakciniramo vsake tri mesece, da ohranimo imunost.</s>
<s id="s269.1">Imunski odziv na osnovno cepljenje se ohrani do šest mesecev, zato je za obnovitev imunosti potreben samo en odmerek cepiva.</s>
<s id="s270.1">Priporočljivo je cepiti vse konje, ki so skupaj uhlevljeni.</s>
<s id="s271.1">9.</s>
<s id="s271.2">NASVET O PRAVILNI UPORABI ZRAVILA</s>
<s id="s272.1">Počakajte, da se vehikel ogreje na sobno temperaturo (15– 25 °C).</s>
<s id="s272.2">Aseptično rekonstituirajte liofilizirano cepivo z 0, 3 ml priloženega sterilnega vehikla.</s>
<s id="s272.3">NE stresajte in po dodajanju vehikla počakajte 1 minuto.</s>
<s id="s272.4">S priloženo brizgo odvzemite 0, 2 ml rekonstituiranega cepiva (glejte sliko 1) in na iglo namestite aplikator (glejte sliko 2).</s>
<s id="s272.5">Konju zadržite glavo, dvignite zgornjo ustnico in iglo vbodite na notranji strani zgornje ustnice tako globoko, da se aplikator dotakne njene površine.</s>
<s id="s272.6">Izbrizgajte vso vsebino brizge (glejte sliko 3).</s>
<s id="s273.1">Slika 1</s>
<s id="s274.1">21/ 23 Slika 2</s>
<s id="s275.1">Slika 3</s>
<s id="s276.1">10.</s>
<s id="s276.2">KARENCA</s>
<s id="s277.1">Nič dni.</s>
<s id="s278.1">11.</s>
<s id="s278.2">POSEBNA NAVODILA ZA SHRANJEVANJE</s>
<s id="s279.1">Zdravilo shranjujte nedosegljivo otrokom.</s>
<s id="s279.2">Liofilizat:</s>
<s id="s279.3">Shranjujte v hladilniku (2 °C– 8 °C).</s>
<s id="s279.4">Zaščitite pred svetlobo.</s>
<s id="s279.5">Vehikel:</s>
<s id="s279.6">Posebne razmere za shranjevanje niso potrebne.</s>
<s id="s279.7">Rekonstituirano cepivo je treba uporabiti v 4 urah.</s>
<s id="s280.1">12.</s>
<s id="s280.2">POSEBNA OPOZORILA</s>
<s id="s281.1">Ne mešajte z nobenim drugim zdravilom za uporabo v veterinarski medicini, razen z vehiklom, ki je priložen cepivu.</s>
<s id="s282.1">En teden po cepljenju ne uporabljajte antibiotikov.</s>
<s id="s283.1">Cepni sev je odporen proti aminoglikozidom, sulfonamidom, flumekvinu in kombinacijam trimetoprima in sulfametoksazola.</s>
<s id="s284.1">Cepni sev je občutljiv za peniciline, tetracikline, makrolide in linkomicin.</s>
<s id="s285.1">Posebni previdnostni ukrepi za uporabo pri živalih</s>
<s id="s286.1">Cepimo samo zdrave konje.</s>
<s id="s287.1">Pred uporabo preverite, ali je liofilizirani prašek povsem rekonstituiran.</s>
<s id="s288.1">Osnovno cepljenje med izbruhom okužbe ni učinkovito, ker je imunost nezadostna, dokler osnovno cepljenje ni zaključeno.</s>
<s id="s289.1">22/ 23 Posebni varnostni ukrepi, ki jih mora upoštevati oseba, ki živalim daje zdravilo</s>
<s id="s290.1">Posebna previdnost je potrebna pri nameščanju aplikatorja na iglo, da bi se izognili poškodbam zaradi vboda z iglo.</s>
<s id="s290.2">V primeru nenamernega samoinjiciranja se takoj posvetujte z zdravnikom in mu pokažite navodila za uporabo ali ovojnino.</s>
<s id="s291.1">Namenjeno uporabniku:</s>
<s id="s291.2">Zdravilo vsebuje živi bakterijski delecijski mutant z omejenim potencialom za rast v tkivu sesalcev.</s>
<s id="s291.3">Nenamerno samo- injiciranje lahko povzroči vnetno reakcijo s hudo bolečino in oteklino.</s>
<s id="s291.4">Če vam je bil ta proizvod nenamerno injiciran, se takoj posvetujte z zdravnikom, čeprav je bila injicirana le zelo majhna količina, in mu pokažite navodilo za uporabo.</s>
<s id="s292.1">Namenjeno zdravniku:</s>
<s id="s292.2">Zdravilo vsebuje živi avksotrofni delecijski mutant cepnega seva Streptococcusa equi z oslabljeno virulenco.</s>
<s id="s292.3">Toda bakterijske spojine v proizvodu lahko v primeru nenamernega injiciranja povzročijo vnetno reakcijo z močno in bolečo oteklino.</s>
<s id="s292.4">Čeprav je bila injicirana le zelo majhna količina proizvoda, je indicirana protivnetna terapija.</s>
<s id="s292.5">Iz varnostnih razlogov je treba presoditi o dodatnem antibiotičnem zdravljenju.</s>
<s id="s292.6">Občutljivost cepnega seva za antibiotike je navedena zgoraj.</s>
<s id="s293.1">13.</s>
<s id="s293.2">POSEBNI VARNOSTNI UKREPI ZA ODSTRANJEVANJE NEPORABLJENEGA ZDRAVILA ALI ODPADNIH SNOVI, ČE OBSTAJAJO</s>
<s id="s294.1">Odpadne snovi odstranite s prekuhavanjem, sežigom ali potopitvijo v ustreznem dezinfekcijskem sredstvu, katerega uporabo odobrijo pristojni organi.</s>
<s id="s295.1">14.</s>
<s id="s295.2">DATUM ZADNJE ODOBRITVE NAVODIL ZA UPORABO</s>
<s id="s296.1">12/ 2008</s>
<s id="s297.1">15.</s>
<s id="s297.2">DRUGE INFORMACIJE</s>
<s id="s298.1">Samo za živali.</s>
<s id="s299.1">Na voljo je malo podatkov o varnosti ter učinkovitosti ob sočasni uporabi tega cepiva s katerim koli drugim cepivom.</s>
<s id="s299.2">Zato odsvetujemo sočasno ali hkratno uporabo katerega koli cepiva.</s>
<s id="s300.1">Cepni sev je delecijski mutant z omejeno potencialno rastjo v tkivu sesalcev.</s>
<s id="s300.2">Na mestu submukoznega injiciranja se lahko krajši čas lokalno razmnožuje in nekaj dni širi v ustno in nosno votlino, vendar na sluznici ustne in nosne votline ne preživi in se pri uporabi priporočenega odmerka ne širi v organizem.</s>
<s id="s301.1">Cepni sev se lahko izloča iz mesta vboda štiri dni po cepljenju.</s>
<s id="s301.2">Iz literature je znano, da se lahko pri zelo majhnem številu konjev razvije hemoragična purpura, če jih cepimo kmalu po okužbi.</s>
<s id="s301.3">Hemoragične purpure niso zasledili v nobeni študiji varnosti, izvedeni med razvojem Equilisa StrepE.</s>
<s id="s301.4">Ker pa je hemoragična purpura zelo redka, njenega pojava ne moremo povsem izključiti.</s>
<s id="s302.1">Za vse nadaljnje informacije o tem zdravilu se obrnite na krajevno predstavništvo imetnika dovoljenja za promet z zdravilom.</s>
<s id="s303.1">23/ 23</s>
</body>
</letsmt>
