<?xml version="1.0" encoding="utf-8"?>
<letsmt version="1.0">
<head></head>
<body>
<s id="s1.1">European Medicines Agency</s>
<s id="s2.1">London, 10 April 2006 EMEA/ 85997/ 2006</s>
<s id="s3.1">COMMITTEE FOR MEDICINAL PRODUCTS FOR HUMAN USE (CHMP)</s>
<s id="s4.1">SUMMARY INFORMATION ON REFERRAL OPINION</s>
<s id="s5.1">PURSUANT TO ARTICLE 30 OF COUNCIL DIRECTIVE 2001/ 83/ EC FOR</s>
<s id="s6.1">Prograf and associated names (See Annex I)</s>
<s id="s7.1">International Non-Proprietary Name (INN):</s>
<s id="s7.2">Tacrolimus</s>
<s id="s8.1">BACKGROUND INFORMATION</s>
<s id="s9.1">Tacrolimus is a macrolide immunosuppressant belonging to the pharmacological class of the calcineurin inhibitors.</s>
<s id="s10.1">Different Summaries of Product Characteristics (SPC) had been authorised, based on national, divergent decisions from the authorisations in the EU Member States.</s>
<s id="s10.2">On 23 march 2005, Fujisawa GmbH on behalf of all the Marketing Authorisation Holders (see Annex 1 of Opinion) presented to the EMEA a referral under Article 30 of Directive 2001/ 83/ EC, as amended, in order to harmonise the national SPCs of the medicinal product Prograf and associated names.</s>
<s id="s11.1">The referral procedure started on 29 April 2005.</s>
<s id="s11.2">The CHMP having considered the Rapporteur and the Co-Rapporteur assessment reports, the scientific discussion within the Committee and the comments from the Marketing Authorisation Holders (MAH), was of the opinion that the benefit/ risk ratio of Prograf and associated names is considered to be positive in the following indications:</s>
<s id="s11.3">Prophylaxis of transplant rejection in liver, kidney or heart allograft recipients.</s>
<s id="s12.1">Treatment of allograft rejection resistant to treatment with other immunosuppressive medicinal products.</s>
<s id="s13.1">The CHMP gave a positive opinion on 26 January 2006 recommending the harmonisation of the SPC for Prograf and associated names.</s>
<s id="s13.2">The list of product names concerned is given in Annex I.</s>
<s id="s13.3">The scientific conclusions are provided in Annex II together with the amended SPC in Annex III.</s>
<s id="s14.1">A Decision was issued by the European Commission on 10/ 04/ 06.</s>
<s id="s15.1">7 Westferry Circus, Canary Wharf, London, E14 4HB, UK Tel.</s>
<s id="s15.2">(44-20) 74 18 84 00 Fax (44-20) 74 18 84 16 E-mail: mail@emea. eu. int http: / /www. emea. eu. int ©EMEA 2006 Reproduction and/ or distribution of this document is authorised for non commercial purposes only provided the EMEA is acknowledged</s>
</body>
</letsmt>
