<?xml version="1.0" encoding="utf-8"?>
<letsmt version="1.0">
<head></head>
<body>
<s id="s1.1">European Medicines Agency Evaluation of Medicines for Human Use</s>
<s id="s2.1">London, 12 September 2008 EMEA/ CHMP/ 495857/ 2008</s>
<s id="s3.1">COMMITTEE FOR MEDICINAL PRODUCTS FOR HUMAN USE (CHMP)</s>
<s id="s4.1">OPINION FOLLOWING AN ARTICLE 29(4)1 REFERRAL FOR</s>
<s id="s5.1">Rapinyl and associated names</s>
<s id="s6.1">International Non-Proprietary Name (INN): fentanyl citrate</s>
<s id="s7.1">BACKGROUND INFORMATION</s>
<s id="s8.1">Rapinyl and associated names, 50µg, 100µg, 200µg, 300µg, 400µg, 600µg, 800µg, sublingual tablets is indicated for the management of breakthrough pain in adult patients using opioid therapy for chronic cancer pain.</s>
<s id="s9.1">ProStrakan Ltd submitted applications for Rapinyl and associated names, 50µg, 100µg, 200µg, 300µg, 400µg, 600µg, 800µg, sublingual tablets.</s>
<s id="s9.2">The Decentralised Procedure, SE/ H/ 575/ 07/ DC, started on 1 September 2006.</s>
<s id="s10.1">The Reference Member State was Sweden and the Concerned Member States were Austria, Belgium, Cyprus, Czech Republic, Denmark, Estonia, Finland, France, Germany, Greece, Hungary, Iceland, Ireland, Italy, Latvia, Lithuania, Luxembourg, Norway, Poland, Portugal, Slovak Republic, Slovenia, Spain and United Kingdom.</s>
<s id="s11.1">These Member States were not able to reach an agreement and Sweden referred the reasons for disagreement to the EMEA on 27 September 2007.</s>
<s id="s12.1">Significant difference has been identified with regard to the need for further clinical efficacy and safety data for the evaluation of the benefit/ risk and the lack of PK data under normal conditions of use of the product.</s>
<s id="s12.2">This refers to the bridging strategy of the Applicant and was considered to be a serious public health concern.</s>
<s id="s13.1">The arbitration procedure started on 18 October 2007 with the adoption of a list of questions.</s>
<s id="s13.2">The Rapporteur was Dr Tomas Salmonson (SE) and Dr Pierre Demolis (FR) was Co-Rapporteur.</s>
<s id="s13.3">The Applicant provided written explanations on 7 April 2008.</s>
<s id="s14.1">During their June 2008 meeting, the CHMP, in the light of the overall data submitted and the scientific discussion within the Committee, was of the opinion that the benefit/ risk ratio is favourable for Rapinyl and associated names, that the objections raised by Germany, France, Norway and United Kingdom should not prevent the granting of a Marketing Authorisation and that the Summary of Product Characteristics, Labelling and Package Leaflet of the Reference Member State should be amended.</s>
<s id="s14.2">A positive opinion was adopted by consensus on 26 June 2008</s>
<s id="s15.1">The list of the product names concerned is given in Annex I.</s>
<s id="s15.2">The scientific conclusions are provided in Annex II, together with the Summary of Product Characteristics in Annex III.</s>
<s id="s16.1">The final opinion was converted into a Decision by the European Commission on 11 September 2008.</s>
<s id="s17.1">1 Article 29(4) of Directive 2001/ 83/ EC, as amended.</s>
<s id="s17.2">7 Westferry Circus, Canary Wharf, London, E14 4HB, UK Tel.</s>
<s id="s17.3">(44-20) 74 18 84 00 Fax (44-20) 74 18 86 13 E-mail: mail@emea. europa. eu http: / /www. emea. europa. eu © European Medicines Agency, 2008.</s>
<s id="s17.4">Reproduction is authorised provided the source is acknowledged.</s>
</body>
</letsmt>
