<?xml version="1.0" encoding="utf-8"?>
<letsmt version="1.0">
<head></head>
<body>
<s id="s1.1">European Medicines Agency Veterinary Medicines</s>
<s id="s2.1">EMEA/ V/ C/ 105</s>
<s id="s3.1">EVROPSKO JAVNO POROČILO O OCENI ZDRAVILA (EPAR)</s>
<s id="s4.1">PRILACTONE</s>
<s id="s5.1">Povzetek EPAR za javnost</s>
<s id="s6.1">Ta dokument je povzetek Evropskega javnega poročila o oceni zdravila (EPAR).</s>
<s id="s6.2">Njegov namen je pojasniti, kako je Odbor za zdravila za uporabo v veterinarski medicini (CVMP) ocenil predloženo dokumentacijo, na podlagi česar je oblikoval priporočila glede uporabe zdravila.</s>
<s id="s6.3">Ta dokument ne more nadomestiti osebnega pogovora z veterinarjem.</s>
<s id="s6.4">Če potrebujete več informacij o zdravstvenem stanju ali zdravljenju svoje živali, se posvetujte z veterinarjem.</s>
<s id="s6.5">Če želite več informacij o podlagi za priporočila CVMP, preberite znanstveno razpravo (ki je prav tako del EPAR).</s>
<s id="s7.1">Kaj je zdravilo PRILACTONE?</s>
<s id="s8.1">Tablete zdravila PRILACTONE vsebujejo zdravilno učinkovino spironolakton (10 mg, 40 mg ali 80 mg).</s>
<s id="s8.2">Tablete imajo zareze, tako da jih je lažje prelomiti, če so potrebni manjši odmerki.</s>
<s id="s9.1">Za kaj se zdravilo PRILACTONE uporablja?</s>
<s id="s10.1">Zdravilo PRILACTONE se uporablja za zdravljenje psov s kongestivno odpovedjo srca zaradi okvarjenih srčnih zaklopk.</s>
<s id="s10.2">Če so srčne zaklopke okvarjene, srce ne more črpati krvi tako učinkovito kot pred tem.</s>
<s id="s10.3">Posledično se lahko začne v venah zbirati kri, tekočina pa lahko začne uhajati v tkiva, kar pripelje do tega, da srce telesa ne more več zadostno oskrbovati s krvjo, ki je bogata s kisikom.</s>
<s id="s10.4">Zdravilo PRILACTONE se uporablja v kombinaciji s „ standardnim zdravljenjem “ (drugimi zdravili za srce, vključno z diuretično podporo, če je ta potrebna).</s>
<s id="s10.5">Zdravilo PRILACTONE se psu daje enkrat dnevno skupaj s hrano (primešano v hrano ali neposredno po hranjenju).</s>
<s id="s10.6">Pri tem se uporabi odmerek, ki znaša 2 mg na kilogram telesne mase psa.</s>
<s id="s10.7">Ustrezno število tablet, polovičk tablet ali četrtink tablet, ki jih morate psu dati glede njegovo velikost, je podano v Navodilu za uporabo.</s>
<s id="s11.1">Kako zdravilo PRILACTONE deluje?</s>
<s id="s12.1">Zdravilna učinkovina zdravila PRILACTONE, spironolakton, blokira učinkovanje hormona, imenovanega aldosteron, v ledvicah, srcu in krvnih žilah.</s>
<s id="s12.2">Spironolakton blokira aldosteron, zaradi česar začnejo ledvice izločati sol in tekočino ter zadrževati kalij, s tem pa se izboljša delovanje srca.</s>
<s id="s12.3">Znano je, da pri kongestivni odpovedi srca spironolakton deluje na srce in krvne žile tudi na druge načine (čeprav teh mehanizmov delovanja pri psih še niso popolnoma dokazali).</s>
<s id="s13.1">Kako je bilo zdravilo PRILACTONE raziskano?</s>
<s id="s14.1">Zdravilo PRILACTONE so raziskovali v laboratoriju, kakor tudi v treh študijah pri psih z boleznimi srčnih zaklopk, ki so jih zdravili v različnih veterinarskih praksah ali klinikah po Evropi („ klinične študije “).</s>
<s id="s14.2">V teh kliničnih študijah so lastniki svojim psom dajali bodisi tablete zdravila PRILACTONE ali pa placebo (tablete brez zdravilne učinkovine) enkrat dnevno v odmerku 2 mg/ kg skupaj s hrano.</s>
<s id="s14.3">Tablete zdravila PRILACTONE so dajali skupaj s hrano zato, ker se tako iz tablet absorbira večja količina zdravilne učinkovine.</s>
<s id="s14.4">Vsi psi so prejeli tudi „ standardno zdravljenje “ (običajno drugo zdravilo, ki spada v skupino zdravil, imenovanih „ zaviralci ACE “, in po potrebi tudi diuretik).</s>
<s id="s14.5">Zdravljenje je trajalo do 15 mesecev.</s>
<s id="s15.1">7 Westferry Circus, Canary Wharf, London E14 4HB, UK Tel.</s>
<s id="s15.2">(44- 20) 74 18 84 00 Fax (44- 20) 74 18 84 47 E- mail: mail@ emea. europa. eu http: // www. emea. europa. eu ©EMEA 2007 Reproduction and/ or distribution of this document is authorised for non commercial purposes only provided the EMEA is acknowledged Kakšne koristi je zdravilo PRILACTONE izkazalo med študijami?</s>
<s id="s16.1">Rezultati študij so pokazali, da so psi s kongestivno odpovedjo srca zaradi okvarjenih srčnih zaklopk, ki so prejemali tablete zdravila PRILACTONE istočasno z drugim zdravilom za srce („ standardno zdravljenje “), imeli daljši čas preživetja kot psi, ki so prejemali standardno zdravljenje in tablete placeba.</s>
<s id="s16.2">Pri dolgotrajni študiji se je prav tako manj poslabšalo stanje bolezni srca pri psih, ki so jih zdravili z zdravilom PRILACTONE, kot pri psih, ki so jih zdravili le s „ standardnim zdravljenjem “.</s>
<s id="s17.1">Kakšna tveganja so povezana z zdravilom PRILACTONE?</s>
<s id="s18.1">Psi z odpovedjo srca so zdravilo PRILACTONE pri vsakodnevnem dajanju priporočenega odmerka v trajanju do 15 mesecev na splošno dobro prenašali.</s>
<s id="s18.2">Ker lahko spironolakton zniža koncentracijo nekaterih moških spolnih hormonov, lahko pride pri samcih psov, ki jih niso kastrirali, do zmanjšanja prostate.</s>
<s id="s18.3">Vendar pa je to reverzibilen pojav.</s>
<s id="s18.4">Zaradi istih razlogov tablet zdravila PRILACTONE ne smete dajati rastočim psom.</s>
<s id="s18.5">Zdravila prav tako ne smete dajati živalim z visoko koncentracijo kalija v krvi (hiperkaliemija) ali nizko koncentracijo natrija v krvi (hiponatriemija) oziroma živalim s hipoadrenokorticizmom (boleznijo, ki je posledica zmanjšanega izločanja kortikosteroidov iz nadledvične žleze).</s>
<s id="s18.6">Tablet zdravila PRILACTONE ne smete dajati psom s slabo delujočimi ledvicami, ki prejemajo zdravila, znana kot nesteroidna protivnetna zdravila (NSAID).</s>
<s id="s18.7">Ker se spironolakton razgrajuje v jetrih, morate tablete uporabljati previdno pri psih z boleznijo jeter.</s>
<s id="s18.8">Tablet zdravila PRILACTONE ne smete uporabljati pri psih, ki so namenjeni za rejo, saj je bilo dokazano, da lahko spironolakton poškoduje mladiče ali mlade laboratorijske živali.</s>
<s id="s18.9">Za celoten seznam neželenih učinkov, o katerih so poročali pri uporabi zdravila PRILACTONE, in seznam medsebojnih delovanj z drugimi zdravili glejte Navodilo za uporabo.</s>
<s id="s19.1">Kakšne previdnostne ukrepe mora upoštevati oseba, ki daje zdravilo ali pride v stik z živaljo?</s>
<s id="s20.1">Vsaka oseba, ki pride v stik z zdravilom PRILACTONE, si mora po uporabi umiti roke.</s>
<s id="s20.2">Zdravilo PRILACTONE lahko povzroči kožne reakcije, zato naj se osebe z znano preobčutljivostjo na spironolakton izogibajo stiku z zdravilom.</s>
<s id="s20.3">V primeru nenamernega zaužitja tablet zdravila PRILACTONE se takoj posvetujte z zdravnikom in mu pokažite Navodilo za uporabo ali ovojnino.</s>
<s id="s21.1">Zakaj je bilo zdravilo PRILACTONE odobreno?</s>
<s id="s22.1">Odbor za zdravila za uporabo v veterinarski medicini (CVMP) je mnenja, da so koristi zdravila PRILACTONE pri uporabi v kombinaciji s standardnim zdravljenjem (vključno z diuretično podporo, če je ta potrebna) za zdravljenje kongestivne odpovedi srca psov, ki jo povzroča valvularna regurgitacija, večje od z njim povezanih tveganj, in priporoča odobritev dovoljenja za promet z zdravilom PRILACTONE.</s>
<s id="s22.2">Razmerje med koristmi in tveganji najdete v modulu 6 tega Evropskega javnega poročila o oceni zdravila (EPAR).</s>
<s id="s23.1">Druge informacije o zdravilu PRILACTONE:</s>
<s id="s24.1">Evropska komisija je dovoljenje za promet z zdravilom PRILACTONE, veljavno po vsej Evropski uniji, odobrila družbi CEVA SANTE ANIMALE dne 20. junija 2007.</s>
<s id="s24.2">Podatki o predpisovanju tega zdravila so na zunanji ovojnini zdravila.</s>
<s id="s25.1">Povzetek je bil nazadnje posodobljen junija 2007.</s>
<s id="s26.1">©EMEA 2007</s>
<s id="s27.1">Stran 2/ 2</s>
</body>
</letsmt>
