<?xml version="1.0" encoding="utf-8"?>
<letsmt version="1.0">
<head></head>
<body>
<s id="s1.1">European Medicines Agency Veterinary Medicines and Inspections</s>
<s id="s2.1">London, junij 2008 EMEA/ 532233/ 2007 - Rev. 1</s>
<s id="s3.1">ODBOR ZA ZDRAVILA ZA UPORABO V VETERINARSKI MEDICINI (CVMP)</s>
<s id="s4.1">MNENJE V ZVEZI Z NAPOTITVIJO IZ ČLENA 40 ZA ZDRAVILO SUVAXYN ERY</s>
<s id="s5.1">OSNOVNE INFORMACIJE</s>
<s id="s6.1">Francija je dne 11. julija 2006 obvestila EMEA o napotitvi v skladu s členom 40 Direktive Sveta 2001/ 82/ ES, kakor je bila spremenjena, v zvezi z zdravilom Suvaxyn Ery.</s>
<s id="s7.1">Zdravilo Suvaxyn Ery je indicirano za aktivno imunizacijo prašičev (mladic ali svinj) za zmanjšanje kliničnih znakov, ki jih povzročajo okužbe z Erysipelothrix rhusiopathiae, serotipa 1 in serotipa 2.</s>
<s id="s8.1">Napotitveni postopek obravnava vprašanje enakovrednosti, ki po mnenju Francije med referenčno serijo cepiva za preskus učinkovitosti serije proti erizipelu, ki je bila potrjena v prvotni dokumentaciji, in med novimi referenčnimi serijami cepiva ni bila izkazana za ti dve seriji, zato je posledično CVMP moral razmisliti o spremembi, umiku ali preklicu dovoljenja za promet z zdravilom.</s>
<s id="s9.1">Odbor za zdravila za uporabo v veterinarski medicini (CVMP) je začel napotitveni postopek dne 19. julija 2006.</s>
<s id="s10.1">CVMP je zaključil, da na podlagi vseh razpoložljivih podatkov ni zadržkov glede varnosti in učinkovitosti zdravila.</s>
<s id="s10.2">Kljub temu pa je bilo pomembno zagotoviti, da se meje sprejemljivosti pri preskusu učinkovitosti ne oddaljijo od prvotnih meja.</s>
<s id="s10.3">Poleg tega bi bilo treba v prihodnje za učinkovitost uporabiti odpornejšo obliko preskusa.</s>
<s id="s11.1">CVMP je zato priporočil spremembo dovoljenja za promet z zdravilom.</s>
<s id="s11.2">Dovoljenje( a) za promet bi morali spremeniti tako, da bi se odstopanja pri preskusu serološke učinkovitosti pri miših zmanjšala z ustreznimi ukrepi, kot je zamenjava uporabe referenčnega cepiva v preskusih serološke učinkovitosti pri miših z uporabo referenčnega seruma.</s>
<s id="s12.1">Mnenje Odbora za zdravila za uporabo v veterinarski medicini (CVMP) je bilo sprejeto 17. januarja 2007, s tem povezana odločba Komisije pa 19. aprila 2007.</s>
<s id="s13.1">------------------------------------------------------------------------------</s>
<s id="s14.1">7 Westferry Circus, Canary Wharf, London, E14 4HB, UK Tel.</s>
<s id="s14.2">(44- 20) 74 18 84 00 Fax (44- 20) 74 18 84 47 E- mail: mail@ emea. europa. eu http: // www. emea. europa. eu © European Medicines Agency, 2008.</s>
<s id="s14.3">Reproduction is authorised provided the source is acknowledged.</s>
</body>
</letsmt>
