<?xml version="1.0" encoding="utf-8"?>
<letsmt version="1.0">
<head></head>
<body>
<s id="s1.1">European Medicines Agency Veterinary Medicines</s>
<s id="s2.1">EMEA/ V/ C/ 090</s>
<s id="s3.1">EUROPEAN PUBLIC ASSESSMENT REPORT (EPAR)</s>
<s id="s4.1">PUREVAX RCP</s>
<s id="s5.1">EPAR summary for the public</s>
<s id="s6.1">This document is a summary of the European Public Assessment Report.</s>
<s id="s6.2">Its purpose is to explain how the assessment done by the Committee for Medicinal Products for Veterinary Use (CVMP) on the basis of the documentation provided, led to the recommendations on the conditions of use.</s>
<s id="s6.3">This document cannot replace a face-to-face discussion with your veterinarian.</s>
<s id="s6.4">If you need more information about your animal’ s medical condition or treatment, contact your veterinarian.</s>
<s id="s6.5">If you want more information on the basis of the CVMP recommendations, read the Scientific Discussion (also part of the EPAR).</s>
<s id="s7.1">What is Purevax RCP?</s>
<s id="s8.1">Purevax RCP is a vaccine containing the following active substances: • attenuated (weakened) feline rhinotracheitis herpesvirus (FHV F2 strain), • inactivated (killed) calicivirosis antigens (FCV 431 and G1 strains), • attenuated feline panleucopenia virus (PLI IV).</s>
<s id="s9.1">Purevax RCP is a lyophilisate (freeze-dried pellet) and solvent that are made up into a suspension for injection.</s>
<s id="s10.1">What is Purevax RCP used for?</s>
<s id="s11.1">Purevax RCP is used to vaccinate cats from the age of 8 weeks against the following diseases: • feline viral rhinotracheitis (a flu-like illness caused by a herpesvirus), • feline calicivirosis (a flu-like illness with inflammation of the mouth caused by a calicivirus), • feline panleucopenia (a serious illness causing bloody diarrhoea caused by a parvovirus).</s>
<s id="s11.2">The vaccine helps to reduce the symptoms of the diseases.</s>
<s id="s11.3">It also helps to reduce viral excretion in case of calicivirus infection.</s>
<s id="s11.4">It can also prevent death due to panleucopenia.</s>
<s id="s12.1">After Purevax RCP has been made up, 1 ml is injected under the skin.</s>
<s id="s12.2">The first injection should be given in cats aged at least eight weeks, with a second injection three to four weeks later.</s>
<s id="s12.3">If the cat has high levels of antibodies inherited from the mother, the first vaccination should be delayed until 12 weeks of age.</s>
<s id="s12.4">The cat should be revaccinated for all components one year after the first vaccination course, then every year for rhinotracheitis and calicivirosis, and every three years for panleucopenia.</s>
<s id="s13.1">7 Westferry Circus, Canary Wharf, London E14 4HB, UK Tel.</s>
<s id="s13.2">(44-20) 74 18 84 00 Fax (44-20) 74 18 84 16 E-mail: mail@emea. europa. eu http: / /www. emea. europa. eu ©EMEA 2008 Reproduction and/ or distribution of this document is authorised provided the source is acknowledged How does Purevax RCP work?</s>
<s id="s14.1">Purevax RCP is a vaccine.</s>
<s id="s14.2">Vaccines work by ‘ teaching’ the immune system (the body’ s natural defences) how to defend itself against diseases.</s>
<s id="s14.3">Purevax RCP contains small amounts of weakened or killed viruses that cause the diseases listed above.</s>
<s id="s15.1">When a cat is given the vaccine, the immune system recognises the weakened or killed viruses as ‘ foreign’ and makes antibodies against them.</s>
<s id="s15.2">In the future, the immune system will be able to produce antibodies more quickly when it is again exposed to the viruses.</s>
<s id="s15.3">The antibodies will help to protect against the diseases caused by these viruses.</s>
<s id="s15.4">When exposed to any of these viruses later in life, the cat will either not become infected or have a much less serious infection.</s>
<s id="s16.1">How has Purevax RCP been studied?</s>
<s id="s17.1">The effectiveness of Purevax RCP has been studied in several trials in laboratory conditions where cats were vaccinated and infected with virulent herpesvirus, calicivirus or parvovirus.</s>
<s id="s17.2">In the field, the studies of Purevax RCP looked at the basic vaccination schedule (2 injections 3-4 weeks apart) and at the booster vaccination (only one injection).</s>
<s id="s17.3">The studies included young and adult cats of various breeds, but not young kittens.</s>
<s id="s17.4">The main measure of effectiveness was the level of antibodies in the blood against the viruses in the vaccine.</s>
<s id="s18.1">What benefit has Purevax RCP shown during the studies?</s>
<s id="s19.1">In laboratory conditions Purevax RCP was demonstrated to provide protection against the diseases listed above.</s>
<s id="s19.2">In the field study of basic vaccination there was an increase in antibodies against feline rhinotracheitis herpesvirus, calicivirus infection, and feline panleucopenia viruses.</s>
<s id="s19.3">In the study looking at booster vaccination, antibody levels against rhinotracheitis herpesvirus, calicivirus infection and feline panleucopenia remained stable at a high level or increased slightly.</s>
<s id="s20.1">What is the risk associated with Purevax RCP?</s>
<s id="s21.1">Occasionally, cats will develop temporary apathy (loss of interest in surroundings) and anorexia (loss of appetite), as well as hyperthermia (elevated body temperature) lasting for one or two days.</s>
<s id="s21.2">There may be a local reaction at the injection site, with slight pain on touching, itching or oedema (swelling), which disappears within one or two weeks.</s>
<s id="s21.3">For a full list of the side-effects reported with Purevax RCP, see the Package Leaflet.</s>
<s id="s21.4">Purevax RCP should not be used in pregnant cats.</s>
<s id="s22.1">What are the precautions for the person who gives the medicine or comes into contact with the animal?</s>
<s id="s23.1">In case of accidental self-injection seek medical advice immediately and show the Package Leaflet or the label to the doctor.</s>
<s id="s24.1">Why has Purevax RCP been approved?</s>
<s id="s25.1">©EMEA 2008</s>
<s id="s26.1">2/ 3</s>
<s id="s27.1">The Committee for Medicinal Products for Veterinary Use (CVMP) concluded that the benefits of Purevax RCP exceed the risks for the active immunisation of cats aged eight weeks or older against the diseases listed above, and recommended that Purevax RCP be given a marketing authorisation.</s>
<s id="s27.2">The benefit-risk balance may be found in module 6 of this EPAR.</s>
<s id="s28.1">Other information about Purevax RCP:</s>
<s id="s29.1">The European Commission granted a marketing authorisation valid throughout the European Union for Purevax RCP to MERIAL on 23 February 2005.</s>
<s id="s30.1">This summary was last updated on 25 January 2008.</s>
<s id="s31.1">©EMEA 2008</s>
<s id="s32.1">3/ 3</s>
</body>
</letsmt>
