<?xml version="1.0" encoding="utf-8"?>
<letsmt version="1.0">
<head></head>
<body>
<s id="s1.1">ANNEX I</s>
<s id="s2.1">SUMMARY OF PRODUCT CHARACTERISTICS</s>
<s id="s3.1">1/ 12 1.</s>
<s id="s3.2">NAME OF THE VETERINARY MEDICINAL PRODUCT</s>
<s id="s4.1">HALOCUR 0.5 mg/ ml oral solution for calves</s>
<s id="s5.1">2.</s>
<s id="s5.2">QUALITATIVE AND QUANTITATIVE COMPOSITION</s>
<s id="s6.1">Active substance</s>
<s id="s7.1">Halofuginone base (as lactate salt)</s>
<s id="s8.1">0.50 mg/ ml</s>
<s id="s9.1">Excipients</s>
<s id="s10.1">Benzoic acid (E 210) Tartrazine (E 102)</s>
<s id="s11.1">1.00 mg/ ml 0.03 mg/ ml</s>
<s id="s12.1">For a full list of excipients, see section 6.1</s>
<s id="s13.1">3.</s>
<s id="s13.2">PHARMACEUTICAL FORM</s>
<s id="s14.1">Oral solution.</s>
<s id="s15.1">4.</s>
<s id="s15.2">CLINICAL PARTICULARS</s>
<s id="s16.1">4.1 Target species</s>
<s id="s17.1">New born calves.</s>
<s id="s18.1">4.2 Indications for use, specifying the target species</s>
<s id="s19.1">In new born calves:</s>
<s id="s20.1">• Prevention of diarrhoea due to diagnosed Cryptosporidium parvum, in farms with history of cryptosporidiosis.</s>
<s id="s20.2">Administration should start in the first 24 to 48 hours of age. • Reduction of diarrhoea due to diagnosed Cryptosporidium parvum.</s>
<s id="s20.3">Administration should start within 24 hours after the onset of diarrhoea.</s>
<s id="s21.1">In both cases, the reduction of oocysts excretion has been demonstrated.</s>
<s id="s22.1">4.3 Contraindications</s>
<s id="s23.1">Do not use on an empty stomach.</s>
<s id="s23.2">Do not use in case of diarrhoea established for more than 24 hours and in weak animals.</s>
<s id="s24.1">4.4 Special warnings</s>
<s id="s25.1">None.</s>
<s id="s26.1">2/ 12 4.5 Special precautions for use</s>
<s id="s27.1">Special precautions for use in animals</s>
<s id="s28.1">Administer after colostrum feeding, or after milk or milk replacer feeding only, using either a syringe or any appropriate device for oral administration.</s>
<s id="s28.2">Do not use on an empty stomach.</s>
<s id="s28.3">For treatment of anorexic calves, the product should be administered in half a litre of an electrolyte solution.</s>
<s id="s28.4">The animals should receive enough colostrum according to good breeding practice.</s>
<s id="s29.1">Special precautions to be taken by the person administering the veterinary medicinal product to animals</s>
<s id="s30.1">To the user: • Repetitive contact with the product may lead to skin allergies. • Avoid skin and eye contact with the product.</s>
<s id="s30.2">In case of skin and eye contact wash the exposed area thoroughly with clean water.</s>
<s id="s30.3">If an eye irritation persists, seek medical advice. • Wear protective gloves while handling the product. • Wash hands after use.</s>
<s id="s31.1">4.6 Adverse reactions (frequency and seriousness)</s>
<s id="s32.1">None if used strictly as directed.</s>
<s id="s33.1">4.7 Use during pregnancy, lactation or lay</s>
<s id="s34.1">Not applicable.</s>
<s id="s35.1">4.8 Interaction with other medicinal products and other forms of interaction</s>
<s id="s36.1">None known.</s>
<s id="s37.1">4.9 Amounts to be administered and administration route</s>
<s id="s38.1">For oral use in calves after feeding</s>
<s id="s39.1">The dosage is:</s>
<s id="s39.2">100 µg of halofuginone base / kg bw / once a day for 7 consecutive days, i. e.</s>
<s id="s39.3">2 ml of HALOCUR / 10 kg bw / once a day for 7 consecutive days.</s>
<s id="s40.1">However, in order to make the HALOCUR treatment easier, a simplified dosage scheme is proposed:</s>
<s id="s41.1">• 35 kg &lt; calves ≤ 45 kg:</s>
<s id="s41.2">8 ml of HALOCUR once a day during 7 consecutive days • 45 kg &lt; calves &lt; 60 kg:</s>
<s id="s41.3">12 ml of HALOCUR once a day during 7 consecutive days</s>
<s id="s42.1">For smaller or higher weights, a precise calculation should be performed (2 ml/ 10 kg).</s>
<s id="s42.2">To ensure a correct dosage, the use of either a syringe or any appropriate device for oral administration is necessary.</s>
<s id="s43.1">The consecutive treatment should be done at the same time each day.</s>
<s id="s44.1">Once the first calf has been treated, all the forthcoming new-born calves must be systematically treated as long as the risk for diarrhoea due to C. parvum persists.</s>
<s id="s45.1">3/ 12 4.10 Overdose (symptoms, emergency procedures, antidotes), if necessary</s>
<s id="s46.1">As symptoms of toxicity may occur at twice the therapeutic dose, it is necessary to apply the recommended dosage strictly.</s>
<s id="s46.2">Symptoms of toxicity include diarrhoea, visible blood in faeces, decline in milk consumption, dehydration, apathy and prostration.</s>
<s id="s46.3">Should clinical signs of overdosing occur the treatment must be stopped immediately and the animal fed unmedicated milk or milk replacer.</s>
<s id="s46.4">Rehydration may be necessary.</s>
<s id="s47.1">4.11 Withdrawal period</s>
<s id="s48.1">Meat and offal:</s>
<s id="s48.2">13 days.</s>
<s id="s49.1">5.</s>
<s id="s49.2">PHARMACOLOGICAL PROPERTIES</s>
<s id="s50.1">Pharmacotherapeutic group:</s>
<s id="s50.2">Quinazolinone derivate, ATCvet code:</s>
<s id="s50.3">QP51AX08</s>
<s id="s51.1">5.1 Pharmacodynamic properties</s>
<s id="s52.1">The active substance, Halofuginone, is an antiprotozoal agent of the quinazolinone derivatives group (nitrogenous polyheterocycles).</s>
<s id="s52.2">Halofuginone lactate (RU 38788) is a salt whose antiprotozoal properties and efficacy against Cryptosporidium parvum have been demonstrated both in in vitro conditions and in artificial and natural infections.</s>
<s id="s52.3">The compound has a cryptosporidiostatic effect on Cryptosporidium parvum.</s>
<s id="s52.4">It is mainly active on the free stages of the parasite (sporozoïte, merozoïte).</s>
<s id="s52.5">The concentrations to inhibit 50% and 90% of the parasites, in an in vitro test system, are IC50 &lt; 0.1 µ g/ ml and IC90 of 4.5 µg/ ml respectively.</s>
<s id="s53.1">5.2 Pharmacokinetic particulars</s>
<s id="s54.1">The bioavailability of the drug in the calf, following single oral administration, is about 80%.</s>
<s id="s54.2">The time necessary to obtain the maximum concentration Tmax is 11 hours.</s>
<s id="s54.3">The maximum concentration in plasma Cmax is 4 ng/ ml.</s>
<s id="s54.4">The apparent volume of distribution is 10 l/ kg.</s>
<s id="s54.5">The plasmatic concentrations of halofuginone after repeated oral administrations are comparable to the pharmacokinetic pattern after single oral treatment.</s>
<s id="s54.6">Unchanged Halofuginone is the major component in the tissues.</s>
<s id="s54.7">Highest values have been found in the liver and the kidney.</s>
<s id="s54.8">The product is mainly excreted in the urine.</s>
<s id="s54.9">The terminal elimination half-life is 11.7 hours after IV administration and 30.84 hours after single oral administration.</s>
<s id="s55.1">6.</s>
<s id="s55.2">PHARMACEUTICAL PARTICULARS</s>
<s id="s56.1">6.1 List of excipients</s>
<s id="s57.1">Benzoic acid (E 210) Tartrazine (E 102)</s>
<s id="s58.1">6.2 Incompatibilities</s>
<s id="s59.1">None known.</s>
<s id="s60.1">6.3 Shelf life</s>
<s id="s61.1">Shelf-life of the veterinary medicinal product as packaged for sale:</s>
<s id="s61.2">3 years.</s>
<s id="s61.3">Shelf-life after first opening the container:</s>
<s id="s61.4">6 months.</s>
<s id="s62.1">4/ 12 6.4 Special precautions for storage</s>
<s id="s63.1">This medicinal product does not require any special storage conditions.</s>
<s id="s64.1">6.5 Nature and composition of immediate packaging</s>
<s id="s65.1">High-density polyethylene portable bottle of 500 ml containing 490 ml of the oral solution.</s>
<s id="s65.2">High-density polyethylene portable bottle of 1000 ml containing 980 ml of the oral solution.</s>
<s id="s66.1">6.6 Special precautions for the disposal of unused veterinary medicinal product or waste materials derived from the use of such products</s>
<s id="s67.1">HALOCUR should not enter watercourses, as this may be dangerous for fish and other aquatic organisms.</s>
<s id="s67.2">Any unused veterinary medicinal product or waste materials derived from such veterinary medicinal products should be disposed of in accordance with the local requirements.</s>
<s id="s68.1">7.</s>
<s id="s68.2">MARKETING AUTHORISATION HOLDER</s>
<s id="s69.1">Intervet International B. V.</s>
<s id="s69.2">Wim de Körverstraat 35 5831 AN Boxmeer The Netherlands</s>
<s id="s70.1">8.</s>
<s id="s70.2">MARKETING AUTHORISATION NUMBER(S)</s>
<s id="s71.1">EU/ 2/ 99/ 013/ 001-002</s>
<s id="s72.1">9.</s>
<s id="s72.2">DATE OF FIRST AUTHORISATION/ RENEWAL OF THE AUTHORISATION</s>
<s id="s73.1">29-Oct-04</s>
<s id="s74.1">10 DATE OF REVISION OF THE TEXT</s>
<s id="s75.1">06/ 2007</s>
<s id="s76.1">Detailed information on this veterinary medicinal product is available on the website of the European Medicines Agency (EMEA) http: / /www. emea. europa. eu/.</s>
<s id="s77.1">PROHIBITION OF SALE, SUPPLY AND/ OR USE</s>
<s id="s78.1">Not applicable.</s>
<s id="s79.1">5/ 12 ANNEX II</s>
<s id="s80.1">A.</s>
<s id="s80.2">MANUFACTURER(S) RESPONSIBLE FOR BATCH RELEASE</s>
<s id="s81.1">B.</s>
<s id="s81.2">CONDITIONS OR RESTRICTIONS OF THE MARKETING AUTHORISATION REGARDING SUPPLY OR USE</s>
<s id="s82.1">C.</s>
<s id="s82.2">CONDITIONS OR RESTRICTIONS OF THE MARKETING AUTHORISATION WITH REGARD TO SAFE AND EFFECTIVE USE</s>
<s id="s83.1">D.</s>
<s id="s83.2">STATEMENT OF THE MRLs</s>
<s id="s84.1">6/ 12 A.</s>
<s id="s84.2">MANUFACTURER(S) RESPONSIBLE FOR BATCH RELEASE</s>
<s id="s85.1">Name and address of the manufacturer(s) responsible for batch release</s>
<s id="s86.1">Intervet Productions SA Rue de Lyons F-27460 Igoville France</s>
<s id="s87.1">B.</s>
<s id="s87.2">CONDITIONS OR RESTRICTIONS OF THE MARKETING AUTHORISATION REGARDING SUPPLY OR USE</s>
<s id="s88.1">To be supplied only on veterinary prescription.</s>
<s id="s89.1">C.</s>
<s id="s89.2">CONDITIONS OR RESTRICTIONS OF THE MARKETING AUTHORISATION WITH REGARD TO THE SAFE AND EFFECTIVE USE OF THE PRODUCT</s>
<s id="s90.1">Not applicable.</s>
<s id="s91.1">D.</s>
<s id="s91.2">STATEMENT OF THE MRLs</s>
<s id="s92.1">In accordance with Council Regulation (EEC) No 2377/ 90, as amended and in accordance with Article 34.4b of Regulation (EEC) No 726/ 2004 of 31 March 2004. Halofuginone is included in Annex I of Council Regulation (EEC) No 2377/ 90 in accordance with the following table:</s>
<s id="s93.1">Pharmacologically active</s>
<s id="s94.1">substance</s>
<s id="s95.1">Marker residue</s>
<s id="s96.1">Animal species</s>
<s id="s97.1">MRLs (*)</s>
<s id="s98.1">Target tissues</s>
<s id="s99.1">30 µg/ kg 30 µg/ kg</s>
<s id="s100.1">Liver Kidney</s>
<s id="s101.1">Halofuginone</s>
<s id="s102.1">Halofuginone</s>
<s id="s103.1">Bovine</s>
<s id="s104.1">10 µg/ kg 25 µg/ kg</s>
<s id="s105.1">Muscle Fat</s>
<s id="s106.1">7/ 12 ANNEX III</s>
<s id="s107.1">LABELLING AND PACKAGE LEAFLET</s>
<s id="s108.1">8/ 12 A.</s>
<s id="s108.2">LABELLING</s>
<s id="s109.1">9/ 12 PARTICULARS TO APPEAR ON THE IMMEDIATE PACKAGE</s>
<s id="s110.1">500 ml bottle/ 1000 ml bottle</s>
<s id="s111.1">1.</s>
<s id="s111.2">NAME OF THE VETERINARY MEDICINAL PRODUCT</s>
<s id="s112.1">HALOCUR 0.5 mg/ ml oral solution for calves</s>
<s id="s113.1">2.</s>
<s id="s113.2">STATEMENT OF ACTIVE AND OTHER SUBSTANCES</s>
<s id="s114.1">Halofuginone base (as lactate salt) Benzoic acid (E 210) Tartrazine (E 102)</s>
<s id="s115.1">0.50 mg/ ml 1.00 mg/ ml 0.03 mg/ ml</s>
<s id="s116.1">3.</s>
<s id="s116.2">PHARMACEUTICAL FORM</s>
<s id="s117.1">Oral solution</s>
<s id="s118.1">4.</s>
<s id="s118.2">PACKAGE SIZE</s>
<s id="s119.1">500 ml bottle containing 490 ml of oral solution / 1000 ml bottle containing 980 ml of oral solution</s>
<s id="s120.1">5.</s>
<s id="s120.2">TARGET SPECIES</s>
<s id="s121.1">New born calves</s>
<s id="s122.1">6.</s>
<s id="s122.2">INDICATION(S)</s>
<s id="s123.1">In new born calves:</s>
<s id="s124.1">• Prevention of diarrhoea due to diagnosed Cryptosporidium parvum, in farms with history of cryptosporidiosis.</s>
<s id="s124.2">Administration should start in the first 24 to 48 hours of age. • Reduction of diarrhoea due to diagnosed Cryptosporidium parvum.</s>
<s id="s124.3">Administration should start within 24 hours after the onset of diarrhoea.</s>
<s id="s125.1">In both cases, the reduction of oocysts excretion has been demonstrated.</s>
<s id="s126.1">7.</s>
<s id="s126.2">METHOD AND ROUTE(S) OF ADMINISTRATION</s>
<s id="s127.1">For oral use in calves after feeding:</s>
<s id="s128.1">• 35 kg &lt; calves ≤ 45 kg:</s>
<s id="s128.2">8 ml of HALOCUR once a day for 7 consecutive days • 45 kg &lt; calves &lt; 60 kg:</s>
<s id="s128.3">12 ml of HALOCUR once a day for 7 consecutive days</s>
<s id="s129.1">For smaller or higher weights, a precise calculation should be performed (2 ml/ 10 kg).</s>
<s id="s130.1">10/ 12 To ensure a correct dosage, the use of either a syringe or any appropriate device for oral administration is necessary.</s>
<s id="s130.2">The consecutive treatment should be done at the same time each day.</s>
<s id="s130.3">Once the first calf has been treated, all the forthcoming new born calves must be systematically treated as long as the risk for diarrhoea due to C. parvum persists.</s>
<s id="s131.1">8.</s>
<s id="s131.2">WITHDRAWAL PERIOD</s>
<s id="s132.1">Meat and offal:</s>
<s id="s132.2">13 days.</s>
<s id="s133.1">9.</s>
<s id="s133.2">SPECIAL WARNING(S), IF NECESSARY</s>
<s id="s134.1">Do not use on an empty stomach.</s>
<s id="s134.2">Do not use in case of diarrhoea established for more than 24 hours and in weak animals.</s>
<s id="s134.3">For treatment of anorexic calves, the product should be administered in half of a litre of an electrolyte solution.</s>
<s id="s134.4">The animals should receive enough colostrum according to good breeding practice.</s>
<s id="s135.1">Overdose:</s>
<s id="s135.2">As symptoms of toxicity may occur at twice the therapeutic dose, it is necessary to apply the recommended dosage strictly.</s>
<s id="s135.3">Symptoms of toxicity include diarrhoea, visible blood in faeces, decline in milk consumption, dehydration, apathy and prostration.</s>
<s id="s135.4">Should clinical signs of overdosing occur the treatment must be stopped immediately and the animal fed unmedicated milk or milk replacer.</s>
<s id="s135.5">Rehydration may be necessary.</s>
<s id="s136.1">Special precautions to be taken by the person administering the veterinary medicinal product to animals: • Repetitive contact with the product may lead to skin allergies. • Avoid skin and eye contact with the product.</s>
<s id="s136.2">In case of skin and eye contact wash the exposed area thoroughly with clean water.</s>
<s id="s136.3">If an eye irritation persists, seek medical advice. • Wear protective gloves while handling the product. • Wash hands after use.</s>
<s id="s137.1">10.</s>
<s id="s137.2">EXPIRY DATE</s>
<s id="s138.1">EXP: month/ year Once broached, use within 6 months.</s>
<s id="s139.1">11.</s>
<s id="s139.2">SPECIAL STORAGE CONDITIONS</s>
<s id="s140.1">This medicinal product does not required any special storage conditions.</s>
<s id="s141.1">12.</s>
<s id="s141.2">SPECIAL PRECAUTIONS FOR THE DISPOSAL OF UNUSED PRODUCT OR WASTE MATERIALS, IF ANY</s>
<s id="s142.1">HALOCUR should not enter watercourses, as this may be dangerous for fish and other aquatic organisms.</s>
<s id="s142.2">Any unused veterinary medicinal product or waste materials derived from such veterinary medicinal products should be disposed of in accordance with the local requirements.</s>
<s id="s143.1">11/ 12 13.</s>
<s id="s143.2">THE WORDS “ FOR ANIMAL TREATMENT ONLY” AND CONDITIONS OR RESTRICTIONS REGARDING SUPPLY AND USE, if applicable</s>
<s id="s144.1">For animal treatment only.</s>
<s id="s144.2">To be supplied only on veterinary prescription.</s>
<s id="s145.1">14.</s>
<s id="s145.2">THE WORDS “ KEEP OUT OF THE REACH AND SIGHT OF CHILDREN”</s>
<s id="s146.1">Keep out of the reach and sight of children.</s>
<s id="s147.1">15.</s>
<s id="s147.2">NAME AND ADDRESS OF THE MARKETING AUTHORISATION HOLDER</s>
<s id="s148.1">Intervet International B. V.</s>
<s id="s148.2">Wim de Körverstraat 35 NL-5831 AN Boxmeer The Netherlands</s>
<s id="s149.1">16.</s>
<s id="s149.2">MARKETING AUTHORISATION NUMBER(S)</s>
<s id="s150.1">EU/ 2/ 99/ 013/ 001-002</s>
<s id="s151.1">17.</s>
<s id="s151.2">MANUFACTURER’ S BATCH NUMBER</s>
<s id="s152.1">&lt; Batch &gt; &lt; Lot &gt; &lt; BN &gt; number.</s>
<s id="s153.1">12/ 12</s>
</body>
</letsmt>
