<?xml version="1.0" encoding="utf-8"?>
<letsmt version="1.0">
<head></head>
<body>
<s id="s1.1">DODATEK I</s>
<s id="s2.1">SEZNAM IMEN, FARMACEVTSKIH OBLIK, JAKOSTI ZDRAVILA, POTI UPORABE ZDRAVILA, PREDLAGATELJEV, IMETNIKOV DOVOLJENJA ZA PROMET Z ZDRAVILOM V DRŽAVAH ČLANICAH IN ISLANDIJI</s>
<s id="s3.1">1 Država članica</s>
<s id="s4.1">Imetnik dovoljenja za promet z zdravilom</s>
<s id="s5.1">INN</s>
<s id="s6.1">Izmišljeno ime</s>
<s id="s7.1">Jakost</s>
<s id="s8.1">Farmacevtska oblika</s>
<s id="s9.1">Pot uporabe zdravila</s>
<s id="s10.1">Avstrija</s>
<s id="s11.1">Bayer HealthCare AG 51368 Leverkusen Nemčija</s>
<s id="s12.1">Moksifloksacinijev klorid</s>
<s id="s13.1">Actira 400 mg - Filmtabletten</s>
<s id="s14.1">400 mg</s>
<s id="s15.1">Filmsko obložena tableta</s>
<s id="s16.1">Peroralna uporaba</s>
<s id="s17.1">Avstrija</s>
<s id="s18.1">Bayer HealthCare AG 51368 Leverkusen Nemčija</s>
<s id="s19.1">Moksifloksacinijev klorid</s>
<s id="s20.1">Octegra 400 mg - Filmtabletten 400 mg</s>
<s id="s21.1">Filmsko obložena tableta</s>
<s id="s22.1">Peroralna uporaba</s>
<s id="s23.1">Avstrija</s>
<s id="s24.1">Bayer Austria GmbH Herbststraße 6- 10 1160 Wien Avstrija</s>
<s id="s25.1">Moksifloksacinijev klorid</s>
<s id="s26.1">Avelox 400 mg - Filmtabletten 400 mg</s>
<s id="s27.1">Filmsko obložena tableta</s>
<s id="s28.1">Peroralna uporaba</s>
<s id="s29.1">Bolgarija</s>
<s id="s30.1">Bayer AG 51368 Leverkusen Nemčija</s>
<s id="s31.1">Moksifloksacin</s>
<s id="s32.1">Avelox 400mg</s>
<s id="s33.1">Filmsko obložena tableta</s>
<s id="s34.1">Peroralna uporaba</s>
<s id="s35.1">Belgija</s>
<s id="s36.1">Bayer AG 51368 Leverkusen Nemčija</s>
<s id="s37.1">Moksifloksacinijev klorid</s>
<s id="s38.1">Actira 400 mg 400 mg</s>
<s id="s39.1">Filmsko obložena tableta</s>
<s id="s40.1">Peroralna uporaba</s>
<s id="s41.1">Belgija</s>
<s id="s42.1">Bayer s. a. - n. v.</s>
<s id="s42.2">Avenue Louise 143 Louizalaan B- 1050 Bruxelles Belgija</s>
<s id="s43.1">Moksifloksacinijev klorid</s>
<s id="s44.1">Avelox 400 mg 400 mg</s>
<s id="s45.1">Filmsko obložena tableta</s>
<s id="s46.1">Peroralna uporaba</s>
<s id="s47.1">Belgija</s>
<s id="s48.1">Therabel Pharma S. A.</s>
<s id="s48.2">Rue Egide Van Ophem 108 1180 Bruxelles Belgija</s>
<s id="s49.1">Moksifloksacinijev klorid</s>
<s id="s50.1">Proflox 400 mg 400 mg</s>
<s id="s51.1">Filmsko obložena tableta</s>
<s id="s52.1">Peroralna uporaba</s>
<s id="s53.1">Ciper</s>
<s id="s54.1">Bayer Hellas S. A.</s>
<s id="s54.2">Sorou 18- 20 151 25 Marousi - Athens Grčija</s>
<s id="s55.1">Moksifloksacinijev klorid</s>
<s id="s56.1">AVELOX 400 mg</s>
<s id="s57.1">Filmsko obložena tableta</s>
<s id="s58.1">Peroralna uporaba</s>
<s id="s59.1">Češka</s>
<s id="s60.1">Bayer HealthCare AG 51368 Leverkusen Nemčija</s>
<s id="s61.1">Moksifloksacinijev klorid</s>
<s id="s62.1">Avelox 400 mg</s>
<s id="s63.1">Filmsko obložena tableta</s>
<s id="s64.1">Peroralna uporaba</s>
<s id="s65.1">2 Država članica</s>
<s id="s66.1">Imetnik dovoljenja za promet z zdravilom</s>
<s id="s67.1">INN</s>
<s id="s68.1">Izmišljeno ime</s>
<s id="s69.1">Jakost</s>
<s id="s70.1">Farmacevtska oblika</s>
<s id="s71.1">Pot uporabe zdravila</s>
<s id="s72.1">Nemčija</s>
<s id="s73.1">Bayer Vital GmbH 51368 Leverkusen Nemčija</s>
<s id="s74.1">Moksifloksacinijev klorid</s>
<s id="s75.1">Avalox 400 mg Filmtabletten</s>
<s id="s76.1">400 mg</s>
<s id="s77.1">Filmsko obložena tableta</s>
<s id="s78.1">Peroralna uporaba</s>
<s id="s79.1">Nemčija</s>
<s id="s80.1">Bayer HealthCare AG 51368 Leverkusen Nemčija</s>
<s id="s81.1">Moksifloksacinijev klorid</s>
<s id="s82.1">Octegra 400 mg Filmtabletten</s>
<s id="s83.1">400 mg</s>
<s id="s84.1">Filmsko obložena tableta</s>
<s id="s85.1">Peroralna uporaba</s>
<s id="s86.1">Nemčija</s>
<s id="s87.1">Bayer HealthCare AG 51368 Leverkusen Nemčija</s>
<s id="s88.1">Moksifloksacinijev klorid</s>
<s id="s89.1">Actira 400 mg Filmtabletten</s>
<s id="s90.1">400 mg</s>
<s id="s91.1">Filmsko obložena tableta</s>
<s id="s92.1">Peroralna uporaba</s>
<s id="s93.1">Nemčija</s>
<s id="s94.1">Bayer HealthCare AG 51368 Leverkusen Nemčija</s>
<s id="s95.1">Moksifloksacinijev klorid</s>
<s id="s96.1">Actimax 400 mg Filmtabletten</s>
<s id="s97.1">400 mg</s>
<s id="s98.1">Filmsko obložena tableta</s>
<s id="s99.1">Peroralna uporaba</s>
<s id="s100.1">Danska</s>
<s id="s101.1">Bayer HealthCare AG 51368 Leverkusen Nemčija</s>
<s id="s102.1">Moksifloksacinijev klorid</s>
<s id="s103.1">Actira</s>
<s id="s104.1">400 mg</s>
<s id="s105.1">Filmsko obložena tableta</s>
<s id="s106.1">Peroralna uporaba</s>
<s id="s107.1">Danska</s>
<s id="s108.1">Bayer HealthCare AG 51368 Leverkusen Nemčija</s>
<s id="s109.1">Moksifloksacinijev klorid</s>
<s id="s110.1">Avelox</s>
<s id="s111.1">400 mg</s>
<s id="s112.1">Filmsko obložena tableta</s>
<s id="s113.1">Peroralna uporaba</s>
<s id="s114.1">Danska</s>
<s id="s115.1">Teva Denmark A/ S, Parallelvej 10, 2800 Kongens Lyngby Danska</s>
<s id="s116.1">Moksifloksacin</s>
<s id="s117.1">Infekt</s>
<s id="s118.1">400 mg</s>
<s id="s119.1">Filmsko obložena tableta</s>
<s id="s120.1">Peroralna uporaba</s>
<s id="s121.1">Danska</s>
<s id="s122.1">Teva UK Limited Brampton Road BN22 9AG East Sussex Velika Britanija</s>
<s id="s123.1">Moksifloksacin</s>
<s id="s124.1">Moxifloxacin &quot;Teva&quot;</s>
<s id="s125.1">400 mg</s>
<s id="s126.1">Filmsko obložena tableta</s>
<s id="s127.1">Peroralna uporaba</s>
<s id="s128.1">Estonija</s>
<s id="s129.1">Bayer Health Care AG 51368 Leverkusen Nemčija</s>
<s id="s130.1">Moksifloksacinijev klorid</s>
<s id="s131.1">Avelox</s>
<s id="s132.1">400 mg</s>
<s id="s133.1">Filmsko obložena tableta</s>
<s id="s134.1">Peroralna uporaba</s>
<s id="s135.1">3 Država članica</s>
<s id="s136.1">Imetnik dovoljenja za promet z zdravilom</s>
<s id="s137.1">INN</s>
<s id="s138.1">Izmišljeno ime</s>
<s id="s139.1">Jakost</s>
<s id="s140.1">Farmacevtska oblika</s>
<s id="s141.1">Pot uporabe zdravila</s>
<s id="s142.1">Grčija</s>
<s id="s143.1">Elpen SA Pharmaceutical Industry 95, Marathonos Avenue 190- 09 Pikermi</s>
<s id="s144.1">Moksifloksacin</s>
<s id="s145.1">Octegra</s>
<s id="s146.1">Filmsko obložena tableta</s>
<s id="s147.1">Peroralna uporaba</s>
<s id="s148.1">Grčija</s>
<s id="s149.1">400 mg</s>
<s id="s150.1">Grčija</s>
<s id="s151.1">Bayer Hellas Abee Sorou 18- 20 15125 Maroussi - Athens Grčija</s>
<s id="s152.1">Moksifloksacin</s>
<s id="s153.1">Avelox</s>
<s id="s154.1">400 mg</s>
<s id="s155.1">Filmsko obložena tableta</s>
<s id="s156.1">Peroralna uporaba</s>
<s id="s157.1">Grčija</s>
<s id="s158.1">Bayer plc, Pharmaceutical Bayer House Strawberry Hill Newbury Berkshire RG14 1JA Velika Britanija</s>
<s id="s159.1">Moksifloksacin</s>
<s id="s160.1">Proflox</s>
<s id="s161.1">400 mg</s>
<s id="s162.1">Filmsko obložena tableta</s>
<s id="s163.1">Peroralna uporaba</s>
<s id="s164.1">Španija</s>
<s id="s165.1">QUÍMICA FARMACEUTICA BAYER, S.</s>
<s id="s165.2">A.</s>
<s id="s165.3">Av.</s>
<s id="s165.4">Baix Llobregat, 3 y 5 08970 Sant Joan Despi Barcelona Španija</s>
<s id="s166.1">Moksifloksacinijev klorid</s>
<s id="s167.1">Actira 400 mg film coated tablets 400 mg</s>
<s id="s168.1">Filmsko obložena tableta</s>
<s id="s169.1">Peroralna uporaba</s>
<s id="s170.1">Španija</s>
<s id="s171.1">Procter and Gamble Pharmaceuticals Iberia, SL WTC Almeda park, Edif 1, 2º planta 08940 Cornellá de Llobregat Barcelona Španija</s>
<s id="s172.1">Moksifloksacinijev klorid</s>
<s id="s173.1">Octegra 400 mg film coated 400 mg tablets</s>
<s id="s174.1">Filmsko obložena tableta</s>
<s id="s175.1">Peroralna uporaba</s>
<s id="s176.1">Španija</s>
<s id="s177.1">RECORDATI ESPAÑA, SL Carretera De Zeneta, 149 30588 Beniel (Murcia) Španija</s>
<s id="s178.1">Moksifloksacinijev klorid</s>
<s id="s179.1">Havelox 400 mg film coated 400 mg tablets</s>
<s id="s180.1">Filmsko obložena tableta</s>
<s id="s181.1">Peroralna uporaba</s>
<s id="s182.1">4 Država članica</s>
<s id="s183.1">Imetnik dovoljenja za promet z zdravilom</s>
<s id="s184.1">INN</s>
<s id="s185.1">Izmišljeno ime</s>
<s id="s186.1">Jakost</s>
<s id="s187.1">Farmacevtska oblika</s>
<s id="s188.1">Pot uporabe zdravila</s>
<s id="s189.1">Španija</s>
<s id="s190.1">Laboratorios Dr Esteve, SA Avda.</s>
<s id="s190.2">Mare de Déu de Montserrat, 221 08041 Barcelona Španija</s>
<s id="s191.1">Moksifloksacinijev klorid</s>
<s id="s192.1">Proflox 400 MG film coated tablets</s>
<s id="s193.1">400 mg</s>
<s id="s194.1">Filmsko obložena tableta</s>
<s id="s195.1">Peroralna uporaba</s>
<s id="s196.1">Finska</s>
<s id="s197.1">Bayer HealthCare AG 51368 Leverkusen Nemčija</s>
<s id="s198.1">Moksifloksacinijev klorid</s>
<s id="s199.1">Actira</s>
<s id="s200.1">400 mg</s>
<s id="s201.1">Filmsko obložena tableta</s>
<s id="s202.1">Peroralna uporaba</s>
<s id="s203.1">Finska</s>
<s id="s204.1">Bayer HealthCare AG 51368 Leverkusen Nemčija</s>
<s id="s205.1">Moksifloksacinijev klorid</s>
<s id="s206.1">Avelox</s>
<s id="s207.1">400 mg</s>
<s id="s208.1">Filmsko obložena tableta</s>
<s id="s209.1">Peroralna uporaba</s>
<s id="s210.1">Francija</s>
<s id="s211.1">BAYER SANTE 13, rue Jean Jaures 92807 PUTEAUX CEDEX Francija</s>
<s id="s212.1">Moksifloksacinijev klorid</s>
<s id="s213.1">IZILOX 400 mg, comprimé pelliculé</s>
<s id="s214.1">400 mg</s>
<s id="s215.1">Filmsko obložena tableta</s>
<s id="s216.1">Peroralna uporaba</s>
<s id="s217.1">Francija</s>
<s id="s218.1">BAYER HEALTHCARE AG 51368 Leverkusen Nemčija</s>
<s id="s219.1">Moksifloksacinijev klorid</s>
<s id="s220.1">OCTEGRA 400 mg, comprimé 400 pelliculé</s>
<s id="s221.1">mg</s>
<s id="s222.1">Filmsko obložena tableta</s>
<s id="s223.1">Peroralna uporaba</s>
<s id="s224.1">Madžarska</s>
<s id="s225.1">Bayer Hungária Kft Alkotás ut. 50 1123 Budapest Madžarska</s>
<s id="s226.1">Moksifloksacinijev klorid</s>
<s id="s227.1">Avelox</s>
<s id="s228.1">400 mg</s>
<s id="s229.1">Filmsko obložena tableta</s>
<s id="s230.1">Peroralna uporaba</s>
<s id="s231.1">Islandija</s>
<s id="s232.1">Bayer HealthCare AG 51368 Leverkusen Nemčija</s>
<s id="s233.1">Moksifloksacinijev klorid</s>
<s id="s234.1">Avelox</s>
<s id="s235.1">400 mg</s>
<s id="s236.1">Filmsko obložena tableta</s>
<s id="s237.1">Peroralna uporaba</s>
<s id="s238.1">Italija</s>
<s id="s239.1">Bayer S. p. A.</s>
<s id="s239.2">Viale Certosa, 130 20156 Milano Italija</s>
<s id="s240.1">Moksifloksacinijev klorid</s>
<s id="s241.1">Avalox</s>
<s id="s242.1">400 mg</s>
<s id="s243.1">Filmsko obložena tableta</s>
<s id="s244.1">Peroralna uporaba</s>
<s id="s245.1">Italija</s>
<s id="s246.1">Bayer AG 51368 Leverkusen Nemčija</s>
<s id="s247.1">Moksifloksacinijev klorid</s>
<s id="s248.1">Proflox</s>
<s id="s249.1">400 mg</s>
<s id="s250.1">Filmsko obložena tableta</s>
<s id="s251.1">Peroralna uporaba</s>
<s id="s252.1">5 Država članica</s>
<s id="s253.1">Imetnik dovoljenja za promet z zdravilom</s>
<s id="s254.1">INN</s>
<s id="s255.1">Izmišljeno ime</s>
<s id="s256.1">Jakost</s>
<s id="s257.1">Farmacevtska oblika</s>
<s id="s258.1">Pot uporabe zdravila</s>
<s id="s259.1">Italija</s>
<s id="s260.1">Innova Pharma S. p. A.</s>
<s id="s260.2">Via M.</s>
<s id="s260.3">Civitali, 1 20148 Milano Italija</s>
<s id="s261.1">Moksifloksacinijev klorid</s>
<s id="s262.1">Octegra</s>
<s id="s263.1">400 mg</s>
<s id="s264.1">Filmsko obložena tableta</s>
<s id="s265.1">Peroralna uporaba</s>
<s id="s266.1">Italija</s>
<s id="s267.1">Sigma- Tau Industrie Farmaceutiche Riunite S. p. A.</s>
<s id="s267.2">Viale Shakespeare, 47 00144 Roma Italija</s>
<s id="s268.1">Moksifloksacinijev klorid</s>
<s id="s269.1">Actira</s>
<s id="s270.1">400 mg</s>
<s id="s271.1">Filmsko obložena tableta</s>
<s id="s272.1">Peroralna uporaba</s>
<s id="s273.1">Irska</s>
<s id="s274.1">Bayer Limited The Atrium Blackthorn Road, Dublin 18 Irska</s>
<s id="s275.1">Moksifloksacinijev klorid</s>
<s id="s276.1">Avelox</s>
<s id="s277.1">400mg</s>
<s id="s278.1">Filmsko obložena tableta</s>
<s id="s279.1">Peroralna uporaba</s>
<s id="s280.1">Litva</s>
<s id="s281.1">Bayer HealthCare AG 51368 Leverkusen Nemčija</s>
<s id="s282.1">Moksifloksacinijev klorid</s>
<s id="s283.1">Avelox</s>
<s id="s284.1">400 mg</s>
<s id="s285.1">Filmsko obložena tableta</s>
<s id="s286.1">Peroralna uporaba</s>
<s id="s287.1">Luksemburg</s>
<s id="s288.1">Bayer Healthcare AG 51368 Leverkusen Nemčija</s>
<s id="s289.1">Moksifloksacinijev klorid</s>
<s id="s290.1">Actira</s>
<s id="s291.1">400 mg</s>
<s id="s292.1">Filmsko obložena tableta</s>
<s id="s293.1">Peroralna uporaba</s>
<s id="s294.1">Luksemburg</s>
<s id="s295.1">Bayer s. a. - n. v.</s>
<s id="s295.2">Avenue Louise 143 Louizalaan 1050 Bruxelles Belgija</s>
<s id="s296.1">Moksifloksacinijev klorid</s>
<s id="s297.1">Avelox</s>
<s id="s298.1">400 mg</s>
<s id="s299.1">Filmsko obložena tableta</s>
<s id="s300.1">Peroralna uporaba</s>
<s id="s301.1">Luksemburg</s>
<s id="s302.1">Therabel Pharma 110 Rue Egide Van Ochem 1180 Bruxelles Belgija</s>
<s id="s303.1">Moksifloksacinijev klorid</s>
<s id="s304.1">Proflox</s>
<s id="s305.1">400 mg</s>
<s id="s306.1">Filmsko obložena tableta</s>
<s id="s307.1">Peroralna uporaba</s>
<s id="s308.1">Latvija</s>
<s id="s309.1">Bayer HealthCare AG 51368 Leverkusen Nemčija</s>
<s id="s310.1">Moksifloksacinijev klorid</s>
<s id="s311.1">Avelox</s>
<s id="s312.1">400 mg</s>
<s id="s313.1">Filmsko obložena tableta</s>
<s id="s314.1">Peroralna uporaba</s>
<s id="s315.1">6 Država članica</s>
<s id="s316.1">Imetnik dovoljenja za promet z zdravilom</s>
<s id="s317.1">INN</s>
<s id="s318.1">Izmišljeno ime</s>
<s id="s319.1">Jakost</s>
<s id="s320.1">Farmacevtska oblika</s>
<s id="s321.1">Pot uporabe zdravila</s>
<s id="s322.1">Malta</s>
<s id="s323.1">Bayer Vital GmbH 51368 Leverkusen Nemčija</s>
<s id="s324.1">Moksifloksacinijev klorid</s>
<s id="s325.1">Avalox</s>
<s id="s326.1">400 mg</s>
<s id="s327.1">Filmsko obložena tableta</s>
<s id="s328.1">Peroralna uporaba</s>
<s id="s329.1">Nizozemska</s>
<s id="s330.1">Bayer BV Energieweg 1 3641 RT Mijdrecht Nizozemska</s>
<s id="s331.1">Moksifloksacinijev klorid</s>
<s id="s332.1">Avelox 400 mg tabletten</s>
<s id="s333.1">400 mg</s>
<s id="s334.1">Filmsko obložena tableta</s>
<s id="s335.1">Peroralna uporaba</s>
<s id="s336.1">Nizozemska</s>
<s id="s337.1">Bayer HealthCare AG 51368 Leverkusen Nemčija</s>
<s id="s338.1">Moksifloksacinijev klorid</s>
<s id="s339.1">Octegra 400 mg tabletten</s>
<s id="s340.1">400 mg</s>
<s id="s341.1">Filmsko obložena tableta</s>
<s id="s342.1">Peroralna uporaba</s>
<s id="s343.1">Poljska</s>
<s id="s344.1">Bayer HealthCare AG 51368 Leverkusen Nemčija</s>
<s id="s345.1">Moksifloksacinijev klorid</s>
<s id="s346.1">Avelox</s>
<s id="s347.1">400 mg</s>
<s id="s348.1">Filmsko obložena tableta</s>
<s id="s349.1">Peroralna uporaba</s>
<s id="s350.1">Portugalska</s>
<s id="s351.1">Bayer AG 51368 Leverkusen Nemčija</s>
<s id="s352.1">Moksifloksacinijev klorid</s>
<s id="s353.1">Actira</s>
<s id="s354.1">400 mg</s>
<s id="s355.1">Filmsko obložena tableta</s>
<s id="s356.1">Peroralna uporaba</s>
<s id="s357.1">Portugalska</s>
<s id="s358.1">BayHealth - Comercialização de Produtos Farmacêuticos Unipessoal, Lda.</s>
<s id="s358.2">Rua Quinta do Pinheiro, 5 2794- 003 Carnaxide Portugalska</s>
<s id="s359.1">Moksifloksacinijev klorid</s>
<s id="s360.1">Avelox</s>
<s id="s361.1">400 mg</s>
<s id="s362.1">Filmsko obložena tableta</s>
<s id="s363.1">Peroralna uporaba</s>
<s id="s364.1">Portugalska</s>
<s id="s365.1">Bialfar - Produtos À Av. da Siderurgia Nacional P. O.</s>
<s id="s365.2">Box 56 4745- 457 S.</s>
<s id="s365.3">Mamede do Coronado Portugalska</s>
<s id="s366.1">Moksifloksacinijev klorid</s>
<s id="s367.1">Proflox</s>
<s id="s368.1">400 mg</s>
<s id="s369.1">Filmsko obložena tableta</s>
<s id="s370.1">Peroralna uporaba</s>
<s id="s371.1">Romunija</s>
<s id="s372.1">Bayer HealthCare AG 51368 Leverkusen Nemčija</s>
<s id="s373.1">Moksifloksacinijev klorid</s>
<s id="s374.1">Avelox</s>
<s id="s375.1">400 mg</s>
<s id="s376.1">Filmsko obložena tableta</s>
<s id="s377.1">Peroralna uporaba</s>
<s id="s378.1">7 Država članica</s>
<s id="s379.1">Imetnik dovoljenja za promet z zdravilom</s>
<s id="s380.1">INN</s>
<s id="s381.1">Izmišljeno ime</s>
<s id="s382.1">Jakost</s>
<s id="s383.1">Farmacevtska oblika</s>
<s id="s384.1">Pot uporabe zdravila</s>
<s id="s385.1">Švedska</s>
<s id="s386.1">Bayer HealthCare AG 51368 Leverkusen Nemčija</s>
<s id="s387.1">Moksifloksacinijev klorid</s>
<s id="s388.1">Avelox</s>
<s id="s389.1">400 mg</s>
<s id="s390.1">Filmsko obložena tableta</s>
<s id="s391.1">Peroralna uporaba</s>
<s id="s392.1">Švedska</s>
<s id="s393.1">Bayer HealthCare AG 51368 Leverkusen Nemčija</s>
<s id="s394.1">Moksifloksacinijev klorid</s>
<s id="s395.1">Actira</s>
<s id="s396.1">400 mg</s>
<s id="s397.1">Filmsko obložena tableta</s>
<s id="s398.1">Peroralna uporaba</s>
<s id="s399.1">Švedska</s>
<s id="s400.1">Bayer HealthCare AG 51368 Leverkusen Nemčija</s>
<s id="s401.1">Moksifloksacinijev klorid</s>
<s id="s402.1">Octegra</s>
<s id="s403.1">400 mg</s>
<s id="s404.1">Filmsko obložena tableta</s>
<s id="s405.1">Peroralna uporaba</s>
<s id="s406.1">Slovenija</s>
<s id="s407.1">BAYER d. o. o.</s>
<s id="s407.2">Bravničarjeva 13 1000 Ljubljana Slovenija</s>
<s id="s408.1">Moksifloksacinijev klorid</s>
<s id="s409.1">Avelox 400 mg filmsko obložene 400 mg tablete</s>
<s id="s410.1">Filmsko obložena tableta</s>
<s id="s411.1">Peroralna uporaba</s>
<s id="s412.1">Slovaška</s>
<s id="s413.1">Bayer HealthCare AG 51368 Leverkusen Nemčija</s>
<s id="s414.1">Moksifloksacinijev klorid</s>
<s id="s415.1">Avelox 400 400 mg</s>
<s id="s416.1">Filmsko obložena tableta</s>
<s id="s417.1">Peroralna uporaba</s>
<s id="s418.1">Velika Britanija</s>
<s id="s419.1">Bayer plc, Pharmaceutical Bayer House Strawberry Hill Newbury Berkshire RG14 1JA Velika Britanija</s>
<s id="s420.1">Moksifloksacinijev klorid</s>
<s id="s421.1">Avelox 400mg Tablets 400 mg</s>
<s id="s422.1">Filmsko obložena tableta</s>
<s id="s423.1">Peroralna uporaba</s>
<s id="s424.1">8</s>
</body>
</letsmt>
