<?xml version="1.0" encoding="utf-8"?>
<letsmt version="1.0">
<head></head>
<body>
<s id="s1.1">EU številka</s>
<s id="s2.1">Izmišljeno ime</s>
<s id="s3.1">Jakost</s>
<s id="s4.1">Farmacevtska oblika</s>
<s id="s5.1">Ciljna živalska vrsta</s>
<s id="s6.1">Način uporabe Ovojnina zdravila</s>
<s id="s7.1">Vsebina</s>
<s id="s8.1">Velikost pakiranja</s>
<s id="s9.1">Karenca</s>
<s id="s10.1">EU/ 2/ 03/ 039/ 001</s>
<s id="s11.1">Advocate, raztopina za kožni nanos za male mačke</s>
<s id="s12.1">10% imidakloprid in 1, 0% moksidektin</s>
<s id="s13.1">Kožne kapljice, Mačke raztopina</s>
<s id="s14.1">Nanos na kožo</s>
<s id="s15.1">Polipropilenska pipeta s pokrovom z navojem</s>
<s id="s16.1">0, 4 ml</s>
<s id="s17.1">3 pipete</s>
<s id="s18.1">Navedba smiselno ni potrebna</s>
<s id="s19.1">EU/ 2/ 03/ 039/ 002</s>
<s id="s20.1">Advocate, raztopina za kožni nanos za male mačke</s>
<s id="s21.1">10% imidakloprid in 1, 0% moksidektin</s>
<s id="s22.1">Kožne kapljice, Mačke raztopina</s>
<s id="s23.1">Nanos na kožo</s>
<s id="s24.1">Polipropilenska pipeta s pokrovom z navojem</s>
<s id="s25.1">0, 4 ml</s>
<s id="s26.1">6 pipete</s>
<s id="s27.1">Navedba smiselno ni potrebna</s>
<s id="s28.1">EU/ 2/ 03/ 039/ 003</s>
<s id="s29.1">Advocate, raztopina za kožni nanos za velike mačke</s>
<s id="s30.1">10% imidakloprid in 1, 0% moksidektin</s>
<s id="s31.1">Kožne kapljice, Mačke raztopina</s>
<s id="s32.1">Nanos na kožo</s>
<s id="s33.1">Polipropilenska pipeta s pokrovom z navojem</s>
<s id="s34.1">0, 8 ml</s>
<s id="s35.1">3 pipete</s>
<s id="s36.1">Navedba smiselno ni potrebna</s>
<s id="s37.1">EU/ 2/ 03/ 039/ 004</s>
<s id="s38.1">Advocate, raztopina za kožni nanos za velike mačke</s>
<s id="s39.1">10% imidakloprid in 1, 0% moksidektin</s>
<s id="s40.1">Kožne kapljice, Mačke raztopina</s>
<s id="s41.1">Nanos na kožo</s>
<s id="s42.1">Polipropilenska pipeta s pokrovom z navojem</s>
<s id="s43.1">0, 8 ml</s>
<s id="s44.1">6 pipete</s>
<s id="s45.1">Navedba smiselno ni potrebna</s>
<s id="s46.1">EU/ 2/ 03/ 039/ 005</s>
<s id="s47.1">Advocate, raztopina za kožni nanos za male pse</s>
<s id="s48.1">10% imidakloprid in 2, 5% moksidektina</s>
<s id="s49.1">Kožne kapljice, Psi raztopina</s>
<s id="s50.1">Nanos na kožo</s>
<s id="s51.1">Polipropilenska pipeta s pokrovom z navojem</s>
<s id="s52.1">0, 4 ml</s>
<s id="s53.1">3 pipete</s>
<s id="s54.1">Navedba smiselno ni potrebna</s>
<s id="s55.1">EU/ 2/ 03/ 039/ 006</s>
<s id="s56.1">Advocate, raztopina za kožni nanos za male pse</s>
<s id="s57.1">10% imidakloprid in 2, 5% moksidektina</s>
<s id="s58.1">Kožne kapljice, Psi raztopina</s>
<s id="s59.1">Nanos na kožo</s>
<s id="s60.1">Polipropilenska pipeta s pokrovom z navojem</s>
<s id="s61.1">0, 4 ml</s>
<s id="s62.1">6 pipete</s>
<s id="s63.1">Navedba smiselno ni potrebna</s>
<s id="s64.1">EU/ 2/ 03/ 039/ 007</s>
<s id="s65.1">Advocate, raztopina za kožni nanos za srednje velike pse</s>
<s id="s66.1">10% imidakloprid in 2, 5% moksidektina</s>
<s id="s67.1">Kožne kapljice, Psi raztopina</s>
<s id="s68.1">Nanos na kožo</s>
<s id="s69.1">Polipropilenska pipeta s pokrovom z navojem</s>
<s id="s70.1">1 ml</s>
<s id="s71.1">3 pipete</s>
<s id="s72.1">Navedba smiselno ni potrebna</s>
<s id="s73.1">EU/ 2/ 03/ 039/ 008</s>
<s id="s74.1">Advocate, raztopina za kožni nanos za srednje velike pse</s>
<s id="s75.1">10% imidakloprid in 2, 5% moksidektina</s>
<s id="s76.1">Kožne kapljice, Psi raztopina</s>
<s id="s77.1">Nanos na kožo</s>
<s id="s78.1">Polipropilenska pipeta s pokrovom z navojem</s>
<s id="s79.1">1 ml</s>
<s id="s80.1">6 pipete</s>
<s id="s81.1">Navedba smiselno ni potrebna</s>
<s id="s82.1">EU/ 2/ 03/ 039/ 009</s>
<s id="s83.1">Advocate, raztopina za kožni nanos za velike pse</s>
<s id="s84.1">10% imidakloprid in 2, 5% moksidektina</s>
<s id="s85.1">Kožne kapljice, Psi raztopina</s>
<s id="s86.1">Nanos na kožo</s>
<s id="s87.1">Polipropilenska pipeta s pokrovom z navojem</s>
<s id="s88.1">2, 5 ml</s>
<s id="s89.1">3 pipete</s>
<s id="s90.1">Navedba smiselno ni potrebna</s>
<s id="s91.1">©EMEA 2007 1/ 4 EU/ 2/ 03/ 039/ 010</s>
<s id="s92.1">Advocate, raztopina za kožni nanos za velike pse</s>
<s id="s93.1">10% imidakloprid in 2, 5% moksidektina</s>
<s id="s94.1">Kožne kapljice, Psi raztopina</s>
<s id="s95.1">Nanos na kožo</s>
<s id="s96.1">Polipropilenska pipeta s pokrovom z navojem</s>
<s id="s97.1">2, 5 ml</s>
<s id="s98.1">6 pipete</s>
<s id="s99.1">Navedba smiselno ni potrebna</s>
<s id="s100.1">EU/ 2/ 03/ 039/ 011</s>
<s id="s101.1">Advocate, raztopina za kožni nanos za zelo velike pse</s>
<s id="s102.1">10% imidakloprid in 2, 5% moksidektina</s>
<s id="s103.1">Kožne kapljice, Psi raztopina</s>
<s id="s104.1">Nanos na kožo</s>
<s id="s105.1">Polipropilenska pipeta s pokrovom z navojem</s>
<s id="s106.1">4 ml</s>
<s id="s107.1">3 pipete</s>
<s id="s108.1">Navedba smiselno ni potrebna</s>
<s id="s109.1">EU/ 2/ 03/ 039/ 012</s>
<s id="s110.1">Advocate, raztopina za kožni nanos za zelo velike pse</s>
<s id="s111.1">10% imidakloprid in 2, 5% moksidektina</s>
<s id="s112.1">Kožne kapljice, Psi raztopina</s>
<s id="s113.1">Nanos na kožo</s>
<s id="s114.1">Polipropilenska pipeta s pokrovom z navojem</s>
<s id="s115.1">4 ml</s>
<s id="s116.1">6 pipete</s>
<s id="s117.1">Navedba smiselno ni potrebna</s>
<s id="s118.1">EU/ 2/ 03/ 039/ 013</s>
<s id="s119.1">Advocate, raztopina za kožni nanos za male mačke</s>
<s id="s120.1">10% imidakloprid in 1, 0% moksidektin</s>
<s id="s121.1">Kožne kapljice, Mačke raztopina</s>
<s id="s122.1">Nanos na kožo</s>
<s id="s123.1">Polipropilenska pipeta s pokrovom z navojem</s>
<s id="s124.1">0, 4 ml</s>
<s id="s125.1">4 pipete</s>
<s id="s126.1">Navedba smiselno ni potrebna</s>
<s id="s127.1">EU/ 2/ 03/ 039/ 014</s>
<s id="s128.1">Advocate, raztopina za kožni nanos za velike mačke</s>
<s id="s129.1">10% imidakloprid in 1, 0% moksidektin</s>
<s id="s130.1">Kožne kapljice, Mačke raztopina</s>
<s id="s131.1">Nanos na kožo</s>
<s id="s132.1">Polipropilenska pipeta s pokrovom z navojem</s>
<s id="s133.1">0, 8 ml</s>
<s id="s134.1">4 pipete</s>
<s id="s135.1">Navedba smiselno ni potrebna</s>
<s id="s136.1">EU/ 2/ 03/ 039/ 015</s>
<s id="s137.1">Advocate, raztopina za kožni nanos za male pse</s>
<s id="s138.1">10% imidakloprid in 2, 5% moksidektina</s>
<s id="s139.1">Kožne kapljice, Psi raztopina</s>
<s id="s140.1">Nanos na kožo</s>
<s id="s141.1">Polipropilenska pipeta s pokrovom z navojem</s>
<s id="s142.1">0, 4 ml</s>
<s id="s143.1">4 pipete</s>
<s id="s144.1">Navedba smiselno ni potrebna</s>
<s id="s145.1">EU/ 2/ 03/ 039/ 016</s>
<s id="s146.1">Advocate, raztopina za kožni</s>
<s id="s147.1">10% imidakloprid</s>
<s id="s148.1">Kožne kapljice, Psi raztopina</s>
<s id="s149.1">Nanos na kožo</s>
<s id="s150.1">Polipropilenska pipeta s</s>
<s id="s151.1">1 ml</s>
<s id="s152.1">4 pipete</s>
<s id="s153.1">Navedba smiselno ni</s>
<s id="s154.1">nanos za srednje in 2, 5% velike pse moksidektina</s>
<s id="s155.1">pokrovom z navojem</s>
<s id="s156.1">potrebna</s>
<s id="s157.1">EU/ 2/ 03/ 039/ 017</s>
<s id="s158.1">Advocate, 10% raztopina za kožni imidakloprid nanos za velike in 2, 5% pse moksidektina</s>
<s id="s159.1">Kožne kapljice, Psi raztopina</s>
<s id="s160.1">Nanos na kožo</s>
<s id="s161.1">Polipropilenska pipeta s pokrovom z navojem</s>
<s id="s162.1">2, 5 ml</s>
<s id="s163.1">4 pipete</s>
<s id="s164.1">Navedba smiselno ni potrebna</s>
<s id="s165.1">EU/ 2/ 03/ 039/ 018</s>
<s id="s166.1">Advocate, 10% raztopina za kožni imidakloprid nanos za zelo in 2, 5% velike pse moksidektina</s>
<s id="s167.1">Kožne kapljice, Psi raztopina</s>
<s id="s168.1">Nanos na kožo</s>
<s id="s169.1">Polipropilenska pipeta s pokrovom z navojem</s>
<s id="s170.1">4 ml</s>
<s id="s171.1">4 pipete</s>
<s id="s172.1">Navedba smiselno ni potrebna</s>
<s id="s173.1">©EMEA 2007 2/ 4 EU/ 2/ 03/ 039/ 019</s>
<s id="s174.1">Advocate, raztopina za kožni nanos za male mačke</s>
<s id="s175.1">10% imidakloprid in 1, 0% moksidektin</s>
<s id="s176.1">Kožne kapljice, Mačke raztopina</s>
<s id="s177.1">Nanos na kožo</s>
<s id="s178.1">Polipropilenska pipeta s pokrovom z navojem</s>
<s id="s179.1">0, 4 ml</s>
<s id="s180.1">21 pipete</s>
<s id="s181.1">Navedba smiselno ni potrebna</s>
<s id="s182.1">EU/ 2/ 03/ 039/ 020</s>
<s id="s183.1">Advocate, raztopina za kožni nanos za male mačke</s>
<s id="s184.1">10% imidakloprid in 1, 0% moksidektin</s>
<s id="s185.1">Kožne kapljice, Mačke raztopina</s>
<s id="s186.1">Nanos na kožo</s>
<s id="s187.1">Polipropilenska pipeta s pokrovom z navojem</s>
<s id="s188.1">0, 4 ml</s>
<s id="s189.1">42 pipete</s>
<s id="s190.1">Navedba smiselno ni potrebna</s>
<s id="s191.1">EU/ 2/ 03/ 039/ 021</s>
<s id="s192.1">Advocate, raztopina za kožni nanos za velike mačke</s>
<s id="s193.1">10% imidakloprid in 1, 0% moksidektin</s>
<s id="s194.1">Kožne kapljice, Mačke raztopina</s>
<s id="s195.1">Nanos na kožo</s>
<s id="s196.1">Polipropilenska pipeta s pokrovom z navojem</s>
<s id="s197.1">0, 8 ml</s>
<s id="s198.1">21 pipete</s>
<s id="s199.1">Navedba smiselno ni potrebna</s>
<s id="s200.1">EU/ 2/ 03/ 039/ 022</s>
<s id="s201.1">Advocate, raztopina za kožni nanos za velike mačke</s>
<s id="s202.1">10% imidakloprid in 1, 0% moksidektin</s>
<s id="s203.1">Kožne kapljice, Mačke raztopina</s>
<s id="s204.1">Nanos na kožo</s>
<s id="s205.1">Polipropilenska pipeta s pokrovom z navojem</s>
<s id="s206.1">0, 8 ml</s>
<s id="s207.1">42 pipete</s>
<s id="s208.1">Navedba smiselno ni potrebna</s>
<s id="s209.1">EU/ 2/ 03/ 039/ 023</s>
<s id="s210.1">Advocate, raztopina za kožni nanos za male pse</s>
<s id="s211.1">10% imidakloprid in 2, 5% moksidektina</s>
<s id="s212.1">Kožne kapljice, Psi raztopina</s>
<s id="s213.1">Nanos na kožo</s>
<s id="s214.1">Polipropilenska pipeta s pokrovom z navojem</s>
<s id="s215.1">0, 4 ml</s>
<s id="s216.1">21 pipete</s>
<s id="s217.1">Navedba smiselno ni potrebna</s>
<s id="s218.1">EU/ 2/ 03/ 039/ 024</s>
<s id="s219.1">Advocate, raztopina za kožni nanos za male pse</s>
<s id="s220.1">10% imidakloprid in 2, 5% moksidektina</s>
<s id="s221.1">Kožne kapljice, Psi raztopina</s>
<s id="s222.1">Nanos na kožo</s>
<s id="s223.1">Polipropilenska pipeta s pokrovom z navojem</s>
<s id="s224.1">0, 4 ml</s>
<s id="s225.1">42 pipete</s>
<s id="s226.1">Navedba smiselno ni potrebna</s>
<s id="s227.1">EU/ 2/ 03/ 039/ 025</s>
<s id="s228.1">Advocate, raztopina za kožni nanos za srednje velike pse</s>
<s id="s229.1">10% imidakloprid in 2, 5% moksidektina</s>
<s id="s230.1">Kožne kapljice, Psi raztopina</s>
<s id="s231.1">Nanos na kožo</s>
<s id="s232.1">Polipropilenska pipeta s pokrovom z navojem</s>
<s id="s233.1">1 ml</s>
<s id="s234.1">21 pipete</s>
<s id="s235.1">Navedba smiselno ni potrebna</s>
<s id="s236.1">EU/ 2/ 03/ 039/ 026</s>
<s id="s237.1">Advocate, raztopina za kožni nanos za srednje velike pse</s>
<s id="s238.1">10% imidakloprid in 2, 5% moksidektina</s>
<s id="s239.1">Kožne kapljice, Psi raztopina</s>
<s id="s240.1">Nanos na kožo</s>
<s id="s241.1">Polipropilenska pipeta s pokrovom z navojem</s>
<s id="s242.1">1 ml</s>
<s id="s243.1">42 pipete</s>
<s id="s244.1">Navedba smiselno ni potrebna</s>
<s id="s245.1">EU/ 2/ 03/ 039/ 027</s>
<s id="s246.1">Advocate, raztopina za kožni nanos za velike pse</s>
<s id="s247.1">10% imidakloprid in 2, 5% moksidektina</s>
<s id="s248.1">Kožne kapljice, Psi raztopina</s>
<s id="s249.1">Nanos na kožo</s>
<s id="s250.1">Polipropilenska pipeta s pokrovom z navojem</s>
<s id="s251.1">2, 5 ml</s>
<s id="s252.1">21 pipete</s>
<s id="s253.1">Navedba smiselno ni potrebna</s>
<s id="s254.1">©EMEA 2007 3/ 4 EU/ 2/ 03/ 039/ 028</s>
<s id="s255.1">Advocate, raztopina za kožni nanos za velike pse</s>
<s id="s256.1">10% imidakloprid in 2, 5% moksidektina</s>
<s id="s257.1">Kožne kapljice, Psi raztopina</s>
<s id="s258.1">Nanos na kožo</s>
<s id="s259.1">Polipropilenska 2, 5 ml pipeta s pokrovom z navojem</s>
<s id="s260.1">42 pipete</s>
<s id="s261.1">Navedba smiselno ni potrebna</s>
<s id="s262.1">EU/ 2/ 03/ 039/ 029</s>
<s id="s263.1">Advocate, raztopina za kožni nanos za zelo velike pse</s>
<s id="s264.1">10% imidakloprid in 2, 5% moksidektina</s>
<s id="s265.1">Kožne kapljice, Psi raztopina</s>
<s id="s266.1">Nanos na kožo</s>
<s id="s267.1">Polipropilenska 4 ml pipeta s pokrovom z navojem</s>
<s id="s268.1">21 pipete</s>
<s id="s269.1">Navedba smiselno ni potrebna</s>
<s id="s270.1">EU/ 2/ 03/ 039/ 030</s>
<s id="s271.1">Advocate, raztopina za kožni nanos za zelo velike pse</s>
<s id="s272.1">10% imidakloprid in 2, 5% moksidektina</s>
<s id="s273.1">Kožne kapljice, Psi raztopina</s>
<s id="s274.1">Nanos na kožo</s>
<s id="s275.1">Polipropilenska 4 ml pipeta s pokrovom z navojem</s>
<s id="s276.1">42 pipete</s>
<s id="s277.1">Navedba smiselno ni potrebna</s>
<s id="s278.1">©EMEA 2007 4/ 4</s>
</body>
</letsmt>
