<?xml version="1.0" encoding="utf-8"?>
<text>
<p id="1">
<s id="s1.1">
 <w id="w1.1.1">European</w> 
 <w id="w1.1.2">Medicines</w> 
 <w id="w1.1.3">Agency</w>
</s></p>

<p id="2">
<s id="s2.1">
 <w id="w2.1.1">EMEA/</w>
 <w id="w2.1.2">H/</w>
 <w id="w2.1.3">C/</w>
 <w id="w2.1.4">477</w>
</s></p>

<p id="3">
<s id="s3.1">
 <w id="w3.1.1">EVROPSKO</w> 
 <w id="w3.1.2">JAVNO</w> 
 <w id="w3.1.3">POROČILO</w> 
 <w id="w3.1.4">O</w> 
 <w id="w3.1.5">OCENI</w> 
 <w id="w3.1.6">ZDRAVILA</w> 
 <w id="w3.1.7">(</w>
 <w id="w3.1.8">EPAR</w>
 <w id="w3.1.9">)</w>
</s></p>

<p id="4">
<s id="s4.1">
 <w id="w4.1.1">ALDURAZYME</w>
</s></p>

<p id="5">
<s id="s5.1">
 <w id="w5.1.1">Povzetek</w> 
 <w id="w5.1.2">EPAR</w> 
 <w id="w5.1.3">za</w> 
 <w id="w5.1.4">javnost</w>
</s></p>

<p id="6">
<s id="s6.1">
 <w id="w6.1.1">Ta</w> 
 <w id="w6.1.2">dokument</w> 
 <w id="w6.1.3">je</w> 
 <w id="w6.1.4">povzetek</w> 
 <w id="w6.1.5">Evropskega</w> 
 <w id="w6.1.6">javnega</w> 
 <w id="w6.1.7">poročila</w> 
 <w id="w6.1.8">o</w> 
 <w id="w6.1.9">oceni</w> 
 <w id="w6.1.10">zdravila</w> 
 <w id="w6.1.11">(</w>
 <w id="w6.1.12">EPAR</w>
 <w id="w6.1.13">)</w>
 <w id="w6.1.14">.</w>
</s> 
 
<s id="s6.2">
 <w id="w6.2.1">Pojasnjuje</w>
 <w id="w6.2.2">,</w> 
 <w id="w6.2.3">kako</w>   
 <w id="w6.2.4">je</w> 
 <w id="w6.2.5">Odbor</w> 
 <w id="w6.2.6">za</w> 
 <w id="w6.2.7">zdravila</w> 
 <w id="w6.2.8">za</w> 
 <w id="w6.2.9">uporabo</w> 
 <w id="w6.2.10">v</w> 
 <w id="w6.2.11">humani</w> 
 <w id="w6.2.12">medicini</w> 
 <w id="w6.2.13">(</w>
 <w id="w6.2.14">CHMP</w>
 <w id="w6.2.15">)</w> 
 <w id="w6.2.16">ocenil</w> 
 <w id="w6.2.17">opravljene</w> 
 <w id="w6.2.18">študije</w>
 <w id="w6.2.19">,</w> 
 <w id="w6.2.20">na</w> 
 <w id="w6.2.21">podlagi</w>   
 <w id="w6.2.22">katerih</w> 
 <w id="w6.2.23">je</w> 
 <w id="w6.2.24">oblikoval</w> 
 <w id="w6.2.25">priporočila</w> 
 <w id="w6.2.26">glede</w> 
 <w id="w6.2.27">uporabe</w> 
 <w id="w6.2.28">zdravila</w>
 <w id="w6.2.29">.</w>
</s>   
 
<s id="s6.3">
 <w id="w6.3.1">Če</w> 
 <w id="w6.3.2">potrebujete</w> 
 <w id="w6.3.3">več</w> 
 <w id="w6.3.4">informacij</w> 
 <w id="w6.3.5">o</w> 
 <w id="w6.3.6">vašem</w> 
 <w id="w6.3.7">zdravstvenem</w> 
 <w id="w6.3.8">stanju</w> 
 <w id="w6.3.9">ali</w> 
 <w id="w6.3.10">zdravljenju</w>
 <w id="w6.3.11">,</w> 
 <w id="w6.3.12">preberite</w> 
 <w id="w6.3.13">Navodilo</w> 
 <w id="w6.3.14">za</w>   
 <w id="w6.3.15">uporabo</w> 
 <w id="w6.3.16">(</w>
 <w id="w6.3.17">ki</w> 
 <w id="w6.3.18">je</w> 
 <w id="w6.3.19">prav</w> 
 <w id="w6.3.20">tako</w> 
 <w id="w6.3.21">del</w> 
 <w id="w6.3.22">EPAR</w>
 <w id="w6.3.23">)</w> 
 <w id="w6.3.24">ali</w> 
 <w id="w6.3.25">se</w> 
 <w id="w6.3.26">posvetujte</w> 
 <w id="w6.3.27">s</w> 
 <w id="w6.3.28">svojim</w> 
 <w id="w6.3.29">zdravnikom</w> 
 <w id="w6.3.30">ali</w> 
 <w id="w6.3.31">s</w> 
 <w id="w6.3.32">farmacevtom</w>
 <w id="w6.3.33">.</w>
</s> 
 
<s id="s6.4">
 <w id="w6.4.1">Če</w>   
 <w id="w6.4.2">želite</w> 
 <w id="w6.4.3">več</w> 
 <w id="w6.4.4">informacij</w>
 <w id="w6.4.5">,</w> 
 <w id="w6.4.6">ki</w> 
 <w id="w6.4.7">temeljijo</w> 
 <w id="w6.4.8">na</w> 
 <w id="w6.4.9">priporočilih</w> 
 <w id="w6.4.10">CHMP</w>
 <w id="w6.4.11">,</w> 
 <w id="w6.4.12">preberite</w> 
 <w id="w6.4.13">znanstveno</w> 
 <w id="w6.4.14">razpravo</w> 
 <w id="w6.4.15">(</w>
 <w id="w6.4.16">ki</w> 
 <w id="w6.4.17">je</w>   
 <w id="w6.4.18">prav</w> 
 <w id="w6.4.19">tako</w> 
 <w id="w6.4.20">del</w> 
 <w id="w6.4.21">EPAR</w>
 <w id="w6.4.22">)</w>
 <w id="w6.4.23">.</w>
</s></p>

<p id="7">
<s id="s7.1">
 <w id="w7.1.1">Kaj</w> 
 <w id="w7.1.2">je</w> 
 <w id="w7.1.3">zdravilo</w> 
 <w id="w7.1.4">Aldurazyme</w>
 <w id="w7.1.5">?</w>
</s>   
 
<s id="s7.2">
 <w id="w7.2.1">Zdravilo</w> 
 <w id="w7.2.2">Aldurazyme</w> 
 <w id="w7.2.3">je</w> 
 <w id="w7.2.4">raztopina</w> 
 <w id="w7.2.5">za</w> 
 <w id="w7.2.6">infundiranje</w> 
 <w id="w7.2.7">(</w>
 <w id="w7.2.8">kapalno</w> 
 <w id="w7.2.9">infuzijo</w> 
 <w id="w7.2.10">v</w> 
 <w id="w7.2.11">veno</w>
 <w id="w7.2.12">)</w>
 <w id="w7.2.13">.</w>
</s> 
 
<s id="s7.3">
 <w id="w7.3.1">Vsebuje</w> 
 <w id="w7.3.2">zdravilno</w>   
 <w id="w7.3.3">učinkovino</w> 
 <w id="w7.3.4">laronidazo</w>
 <w id="w7.3.5">.</w>
</s></p>

<p id="8">
<s id="s8.1">
 <w id="w8.1.1">Za</w> 
 <w id="w8.1.2">kaj</w> 
 <w id="w8.1.3">se</w> 
 <w id="w8.1.4">zdravilo</w> 
 <w id="w8.1.5">Aldurazyme</w> 
 <w id="w8.1.6">uporablja</w>
 <w id="w8.1.7">?</w>
</s>   
 
<s id="s8.2">
 <w id="w8.2.1">Zdravilo</w> 
 <w id="w8.2.2">Aldurazyme</w> 
 <w id="w8.2.3">se</w> 
 <w id="w8.2.4">uporablja</w> 
 <w id="w8.2.5">za</w> 
 <w id="w8.2.6">terapijo</w> 
 <w id="w8.2.7">z</w> 
 <w id="w8.2.8">nadomestnimi</w> 
 <w id="w8.2.9">encimi</w> 
 <w id="w8.2.10">pri</w> 
 <w id="w8.2.11">bolnikih</w> 
 <w id="w8.2.12">s</w> 
 <w id="w8.2.13">potrjeno</w> 
 <w id="w8.2.14">diagnozo</w>   
 <w id="w8.2.15">mukopolisaharidoze</w> 
 <w id="w8.2.16">tipa</w> 
 <w id="w8.2.17">I</w> 
 <w id="w8.2.18">(</w>
 <w id="w8.2.19">MPS</w> 
 <w id="w8.2.20">I</w>
 <w id="w8.2.21">;</w> 
 <w id="w8.2.22">pomanjkanje</w> 
 <w id="w8.2.23">α-</w>
 <w id="w8.2.24">L-</w>
 <w id="w8.2.25">iduronidaze</w>
 <w id="w8.2.26">)</w>
 <w id="w8.2.27">,</w> 
 <w id="w8.2.28">in</w> 
 <w id="w8.2.29">sicer</w> 
 <w id="w8.2.30">za</w> 
 <w id="w8.2.31">zdravljenje</w>   
 <w id="w8.2.32">nenevroloških</w> 
 <w id="w8.2.33">znakov</w> 
 <w id="w8.2.34">bolezni</w> 
 <w id="w8.2.35">(</w>
 <w id="w8.2.36">ki</w> 
 <w id="w8.2.37">niso</w> 
 <w id="w8.2.38">povezani</w> 
 <w id="w8.2.39">z</w> 
 <w id="w8.2.40">možgani</w> 
 <w id="w8.2.41">ali</w> 
 <w id="w8.2.42">živčnim</w> 
 <w id="w8.2.43">sistemom</w>
 <w id="w8.2.44">)</w>
 <w id="w8.2.45">.</w>
</s>   
 
<s id="s8.3">
 <w id="w8.3.1">Mukopolisaharidoza</w> 
 <w id="w8.3.2">tipa</w> 
 <w id="w8.3.3">I</w> 
 <w id="w8.3.4">je</w> 
 <w id="w8.3.5">redka</w> 
 <w id="w8.3.6">dedna</w> 
 <w id="w8.3.7">bolezen</w>
 <w id="w8.3.8">,</w> 
 <w id="w8.3.9">pri</w> 
 <w id="w8.3.10">kateri</w> 
 <w id="w8.3.11">je</w> 
 <w id="w8.3.12">stopnja</w> 
 <w id="w8.3.13">aktivnosti</w> 
 <w id="w8.3.14">encima</w>   
 <w id="w8.3.15">α-</w>
 <w id="w8.3.16">L-</w>
 <w id="w8.3.17">iduronidaze</w> 
 <w id="w8.3.18">mnogo</w> 
 <w id="w8.3.19">nižja</w> 
 <w id="w8.3.20">od</w> 
 <w id="w8.3.21">normalne</w>
 <w id="w8.3.22">.</w>
</s> 
 
<s id="s8.4">
 <w id="w8.4.1">To</w> 
 <w id="w8.4.2">pomeni</w>
 <w id="w8.4.3">,</w> 
 <w id="w8.4.4">da</w> 
 <w id="w8.4.5">se</w> 
 <w id="w8.4.6">nekatere</w> 
 <w id="w8.4.7">snovi</w> 
 <w id="w8.4.8">(</w>
 <w id="w8.4.9">glikozaminoglikani</w>
 <w id="w8.4.10">)</w> 
 <w id="w8.4.11">ne</w>   
 <w id="w8.4.12">razgradijo</w>
 <w id="w8.4.13">,</w> 
 <w id="w8.4.14">ampak</w> 
 <w id="w8.4.15">se</w> 
 <w id="w8.4.16">kopičijo</w> 
 <w id="w8.4.17">v</w> 
 <w id="w8.4.18">večini</w> 
 <w id="w8.4.19">telesnih</w> 
 <w id="w8.4.20">organov</w>
 <w id="w8.4.21">,</w> 
 <w id="w8.4.22">kjer</w> 
 <w id="w8.4.23">povzročajo</w> 
 <w id="w8.4.24">škodo</w>
 <w id="w8.4.25">.</w>
</s> 
 
<s id="s8.5">
 <w id="w8.5.1">Nenevrološki</w> 
 <w id="w8.5.2">znaki</w>   
 <w id="w8.5.3">mukopolisaharidoze</w> 
 <w id="w8.5.4">tipa</w> 
 <w id="w8.5.5">I</w> 
 <w id="w8.5.6">so</w> 
 <w id="w8.5.7">lahko</w> 
 <w id="w8.5.8">povečanje</w> 
 <w id="w8.5.9">jeter</w>
 <w id="w8.5.10">,</w> 
 <w id="w8.5.11">togost</w> 
 <w id="w8.5.12">sklepov</w>
 <w id="w8.5.13">,</w> 
 <w id="w8.5.14">kar</w> 
 <w id="w8.5.15">otežuje</w> 
 <w id="w8.5.16">gibanje</w>
 <w id="w8.5.17">,</w> 
 <w id="w8.5.18">manjši</w>   
 <w id="w8.5.19">volumen</w> 
 <w id="w8.5.20">pljuč</w>
 <w id="w8.5.21">,</w> 
 <w id="w8.5.22">srčne</w> 
 <w id="w8.5.23">bolezni</w> 
 <w id="w8.5.24">in</w> 
 <w id="w8.5.25">očesna</w> 
 <w id="w8.5.26">obolenja</w>
 <w id="w8.5.27">.</w>
</s>   
 
<s id="s8.6">
 <w id="w8.6.1">Ker</w> 
 <w id="w8.6.2">je</w> 
 <w id="w8.6.3">število</w> 
 <w id="w8.6.4">bolnikov</w> 
 <w id="w8.6.5">z</w> 
 <w id="w8.6.6">mukopolisaharidozo</w> 
 <w id="w8.6.7">tipa</w> 
 <w id="w8.6.8">I</w> 
 <w id="w8.6.9">majhno</w>
 <w id="w8.6.10">,</w> 
 <w id="w8.6.11">velja</w> 
 <w id="w8.6.12">ta</w> 
 <w id="w8.6.13">bolezen</w> 
 <w id="w8.6.14">za</w> 
 <w id="w8.6.15">redko</w>
 <w id="w8.6.16">,</w> 
 <w id="w8.6.17">zato</w> 
 <w id="w8.6.18">je</w> 
 <w id="w8.6.19">bilo</w>   
 <w id="w8.6.20">zdravilo</w> 
 <w id="w8.6.21">Aldurazyme</w> 
 <w id="w8.6.22">dne</w> 
 <w id="w8.6.23">14</w>
 <w id="w8.6.24">.</w> 
 <w id="w8.6.25">februarja</w> 
 <w id="w8.6.26">2001</w> 
 <w id="w8.6.27">določeno</w> 
 <w id="w8.6.28">kot</w> 
 <w id="w8.6.29">„</w>
 <w id="w8.6.30">zdravilo</w> 
 <w id="w8.6.31">sirota</w>
 <w id="w8.6.32">“</w> 
 <w id="w8.6.33">(</w>
 <w id="w8.6.34">zdravilo</w> 
 <w id="w8.6.35">za</w> 
 <w id="w8.6.36">redke</w>   
 <w id="w8.6.37">bolezni</w>
 <w id="w8.6.38">)</w>
 <w id="w8.6.39">.</w>
</s>   
 
<s id="s8.7">
 <w id="w8.7.1">Zdravilo</w> 
 <w id="w8.7.2">se</w> 
 <w id="w8.7.3">dobi</w> 
 <w id="w8.7.4">samo</w> 
 <w id="w8.7.5">na</w> 
 <w id="w8.7.6">recept</w>
 <w id="w8.7.7">.</w>
</s></p>

<p id="9">
<s id="s9.1">
 <w id="w9.1.1">Kako</w> 
 <w id="w9.1.2">se</w> 
 <w id="w9.1.3">zdravilo</w> 
 <w id="w9.1.4">Aldurazyme</w> 
 <w id="w9.1.5">uporablja</w>
 <w id="w9.1.6">?</w>
</s>   
 
<s id="s9.2">
 <w id="w9.2.1">Terapijo</w> 
 <w id="w9.2.2">z</w> 
 <w id="w9.2.3">zdravilom</w> 
 <w id="w9.2.4">Aldurazyme</w> 
 <w id="w9.2.5">mora</w> 
 <w id="w9.2.6">nadzorovati</w> 
 <w id="w9.2.7">zdravnik</w>
 <w id="w9.2.8">,</w> 
 <w id="w9.2.9">ki</w> 
 <w id="w9.2.10">ima</w> 
 <w id="w9.2.11">izkušnje</w> 
 <w id="w9.2.12">z</w> 
 <w id="w9.2.13">zdravljenjem</w> 
 <w id="w9.2.14">bolnikov</w>   
 <w id="w9.2.15">z</w> 
 <w id="w9.2.16">mukopolisaharidozo</w> 
 <w id="w9.2.17">tipa</w> 
 <w id="w9.2.18">I</w> 
 <w id="w9.2.19">ali</w> 
 <w id="w9.2.20">drugimi</w> 
 <w id="w9.2.21">dednimi</w> 
 <w id="w9.2.22">presnovnimi</w> 
 <w id="w9.2.23">boleznimi</w>
 <w id="w9.2.24">.</w>
</s> 
 
<s id="s9.3">
 <w id="w9.3.1">Zdravilo</w> 
 <w id="w9.3.2">Aldurazyme</w> 
 <w id="w9.3.3">se</w>   
 <w id="w9.3.4">mora</w> 
 <w id="w9.3.5">uporabljati</w> 
 <w id="w9.3.6">v</w> 
 <w id="w9.3.7">ustreznem</w> 
 <w id="w9.3.8">kliničnem</w> 
 <w id="w9.3.9">okolju</w>
 <w id="w9.3.10">,</w> 
 <w id="w9.3.11">kjer</w> 
 <w id="w9.3.12">je</w> 
 <w id="w9.3.13">na</w> 
 <w id="w9.3.14">razpolago</w> 
 <w id="w9.3.15">oprema</w> 
 <w id="w9.3.16">za</w> 
 <w id="w9.3.17">oživljanje</w>
 <w id="w9.3.18">.</w>
</s> 
 
<s id="s9.4">
 <w id="w9.4.1">Pred</w>   
 <w id="w9.4.2">infuzijo</w> 
 <w id="w9.4.3">bo</w> 
 <w id="w9.4.4">morda</w> 
 <w id="w9.4.5">treba</w> 
 <w id="w9.4.6">bolnikom</w> 
 <w id="w9.4.7">dati</w> 
 <w id="w9.4.8">določena</w> 
 <w id="w9.4.9">zdravila</w> 
 <w id="w9.4.10">za</w> 
 <w id="w9.4.11">preprečevanje</w> 
 <w id="w9.4.12">alergijske</w> 
 <w id="w9.4.13">reakcije</w>
 <w id="w9.4.14">.</w>
</s> 
 
<s id="s9.5">
 <w id="w9.5.1">Zdravilo</w>   
 <w id="w9.5.2">Aldurazyme</w> 
 <w id="w9.5.3">se</w> 
 <w id="w9.5.4">daje</w> 
 <w id="w9.5.5">enkrat</w> 
 <w id="w9.5.6">tedensko</w> 
 <w id="w9.5.7">v</w> 
 <w id="w9.5.8">obliki</w> 
 <w id="w9.5.9">intravenske</w> 
 <w id="w9.5.10">infuzije</w>
 <w id="w9.5.11">.</w>
</s> 
 
<s id="s9.6">
 <w id="w9.6.1">Aldurazyme</w> 
 <w id="w9.6.2">je</w> 
 <w id="w9.6.3">namenjen</w> 
 <w id="w9.6.4">dolgoročni</w>   
 <w id="w9.6.5">uporabi</w>
 <w id="w9.6.6">.</w>
</s></p>

<p id="10">
<s id="s10.1">
 <w id="w10.1.1">Kako</w> 
 <w id="w10.1.2">zdravilo</w> 
 <w id="w10.1.3">Aldurazyme</w> 
 <w id="w10.1.4">deluje</w>
 <w id="w10.1.5">?</w>
</s>   
 
<s id="s10.2">
 <w id="w10.2.1">Zdravilna</w> 
 <w id="w10.2.2">učinkovina</w> 
 <w id="w10.2.3">zdravila</w> 
 <w id="w10.2.4">Aldurazyme</w>
 <w id="w10.2.5">,</w> 
 <w id="w10.2.6">laronidaza</w>
 <w id="w10.2.7">,</w> 
 <w id="w10.2.8">je</w> 
 <w id="w10.2.9">kopija</w> 
 <w id="w10.2.10">človeškega</w> 
 <w id="w10.2.11">encima</w> 
 <w id="w10.2.12">α-</w>
 <w id="w10.2.13">L-</w>
 <w id="w10.2.14">iduronidaze</w>
 <w id="w10.2.15">,</w>   
 <w id="w10.2.16">ki</w> 
 <w id="w10.2.17">jo</w> 
 <w id="w10.2.18">izdelujejo</w> 
 <w id="w10.2.19">po</w> 
 <w id="w10.2.20">metodi</w>
 <w id="w10.2.21">,</w> 
 <w id="w10.2.22">imenovani</w> 
 <w id="w10.2.23">„</w>
 <w id="w10.2.24">tehnologija</w> 
 <w id="w10.2.25">rekombinantne</w> 
 <w id="w10.2.26">DNA</w>
 <w id="w10.2.27">“</w>
 <w id="w10.2.28">:</w> 
 <w id="w10.2.29">encim</w> 
 <w id="w10.2.30">izdela</w> 
 <w id="w10.2.31">celica</w>
 <w id="w10.2.32">,</w> 
 <w id="w10.2.33">ki</w> 
 <w id="w10.2.34">je</w>   
 <w id="w10.2.35">prejela</w> 
 <w id="w10.2.36">ustrezni</w> 
 <w id="w10.2.37">gen</w> 
 <w id="w10.2.38">(</w>
 <w id="w10.2.39">DNA</w>
 <w id="w10.2.40">)</w> 
 <w id="w10.2.41">za</w> 
 <w id="w10.2.42">tvorbo</w> 
 <w id="w10.2.43">encima</w>
 <w id="w10.2.44">.</w>
</s> 
 
<s id="s10.3">
 <w id="w10.3.1">Laronidaza</w> 
 <w id="w10.3.2">nadomesti</w> 
 <w id="w10.3.3">manjkajoči</w> 
 <w id="w10.3.4">encim</w> 
 <w id="w10.3.5">pri</w> 
 <w id="w10.3.6">bolnikih</w> 
 <w id="w10.3.7">z</w>   
 <w id="w10.3.8">mukopolisaharidozo</w> 
 <w id="w10.3.9">tipa</w> 
 <w id="w10.3.10">I</w>
 <w id="w10.3.11">.</w>
</s> 
 
<s id="s10.4">
 <w id="w10.4.1">Z</w> 
 <w id="w10.4.2">nadomestitvijo</w> 
 <w id="w10.4.3">manjkajočega</w> 
 <w id="w10.4.4">encima</w> 
 <w id="w10.4.5">se</w> 
 <w id="w10.4.6">vzpostavi</w> 
 <w id="w10.4.7">nadzor</w> 
 <w id="w10.4.8">nad</w>   
 <w id="w10.4.9">mukopolisaharidozo</w> 
 <w id="w10.4.10">tipa</w> 
 <w id="w10.4.11">I</w>
 <w id="w10.4.12">,</w> 
 <w id="w10.4.13">kar</w> 
 <w id="w10.4.14">izboljša</w> 
 <w id="w10.4.15">kakovost</w> 
 <w id="w10.4.16">bolnikovega</w> 
 <w id="w10.4.17">življenja</w>
 <w id="w10.4.18">.</w>
</s></p>

<p id="11">
<s id="s11.1">
 <w id="w11.1.1">7</w> 
 <w id="w11.1.2">Westferry</w> 
 <w id="w11.1.3">Circus</w>
 <w id="w11.1.4">,</w> 
 <w id="w11.1.5">Canary</w> 
 <w id="w11.1.6">Wharf</w>
 <w id="w11.1.7">,</w> 
 <w id="w11.1.8">London</w> 
 <w id="w11.1.9">E14</w> 
 <w id="w11.1.10">4HB</w>
 <w id="w11.1.11">,</w> 
 <w id="w11.1.12">UK</w>                                            
 <w id="w11.1.13">Tel</w>
 <w id="w11.1.14">.</w>
</s> 
 
<s id="s11.2">
 <w id="w11.2.1">(</w>
 <w id="w11.2.2">44-</w>
 <w id="w11.2.3">20</w>
 <w id="w11.2.4">)</w> 
 <w id="w11.2.5">74</w> 
 <w id="w11.2.6">18</w> 
 <w id="w11.2.7">84</w> 
 <w id="w11.2.8">00</w> 
 <w id="w11.2.9">Fax</w> 
 <w id="w11.2.10">(</w>
 <w id="w11.2.11">44-</w>
 <w id="w11.2.12">20</w>
 <w id="w11.2.13">)</w> 
 <w id="w11.2.14">74</w> 
 <w id="w11.2.15">18</w> 
 <w id="w11.2.16">86</w> 
 <w id="w11.2.17">68</w>                                       
 <w id="w11.2.18">E-</w>
 <w id="w11.2.19">mail</w>
 <w id="w11.2.20">:</w> 
 <w id="w11.2.21">mail@</w>
 <w id="w11.2.22">emea.</w>
 <w id="w11.2.23">europa.</w>
 <w id="w11.2.24">eu</w> 
 <w id="w11.2.25">http</w>
 <w id="w11.2.26">:</w>
 <w id="w11.2.27">//</w>
 <w id="w11.2.28">www.</w>
 <w id="w11.2.29">emea.</w>
 <w id="w11.2.30">europa.</w>
 <w id="w11.2.31">eu</w> 
 <w id="w11.2.32">©EMEA</w> 
 <w id="w11.2.33">2007</w> 
 <w id="w11.2.34">Reproduction</w> 
 <w id="w11.2.35">and/</w>
 <w id="w11.2.36">or</w> 
 <w id="w11.2.37">distribution</w> 
 <w id="w11.2.38">of</w> 
 <w id="w11.2.39">this</w> 
 <w id="w11.2.40">document</w> 
 <w id="w11.2.41">is</w> 
 <w id="w11.2.42">authorised</w> 
 <w id="w11.2.43">for</w> 
 <w id="w11.2.44">non</w> 
 <w id="w11.2.45">commercial</w> 
 <w id="w11.2.46">purposes</w> 
 <w id="w11.2.47">only</w> 
 <w id="w11.2.48">provided</w> 
 <w id="w11.2.49">the</w> 
 <w id="w11.2.50">EMEA</w> 
 <w id="w11.2.51">is</w> 
 <w id="w11.2.52">acknowledged</w> 
 <w id="w11.2.53">Kako</w> 
 <w id="w11.2.54">je</w> 
 <w id="w11.2.55">bilo</w> 
 <w id="w11.2.56">zdravilo</w> 
 <w id="w11.2.57">Aldurazyme</w> 
 <w id="w11.2.58">raziskano</w>
 <w id="w11.2.59">?</w>
</s> 
 
<s id="s11.3">
 <w id="w11.3.1">Zdravilo</w> 
 <w id="w11.3.2">Aldurazyme</w> 
 <w id="w11.3.3">so</w> 
 <w id="w11.3.4">preučevali</w> 
 <w id="w11.3.5">pri</w> 
 <w id="w11.3.6">45</w> 
 <w id="w11.3.7">bolnikih</w>
 <w id="w11.3.8">,</w> 
 <w id="w11.3.9">starih</w> 
 <w id="w11.3.10">pet</w> 
 <w id="w11.3.11">let</w> 
 <w id="w11.3.12">in</w> 
 <w id="w11.3.13">več</w>
 <w id="w11.3.14">,</w> 
 <w id="w11.3.15">s</w> 
 <w id="w11.3.16">potrjeno</w> 
 <w id="w11.3.17">diagnozo</w> 
 <w id="w11.3.18">mukopolisaharidoze</w> 
 <w id="w11.3.19">tipa</w> 
 <w id="w11.3.20">I</w>
 <w id="w11.3.21">.</w>
</s> 
 
<s id="s11.4">
 <w id="w11.4.1">V</w> 
 <w id="w11.4.2">študiji</w> 
 <w id="w11.4.3">so</w> 
 <w id="w11.4.4">primerjali</w> 
 <w id="w11.4.5">učinek</w> 
 <w id="w11.4.6">zdravila</w> 
 <w id="w11.4.7">Aldurazyme</w> 
 <w id="w11.4.8">s</w> 
 <w id="w11.4.9">placebom</w> 
 <w id="w11.4.10">(</w>
 <w id="w11.4.11">zdravilom</w> 
 <w id="w11.4.12">brez</w> 
 <w id="w11.4.13">zdravilne</w> 
 <w id="w11.4.14">učinkovine</w>
 <w id="w11.4.15">)</w>
 <w id="w11.4.16">.</w>
</s> 
 
<s id="s11.5">
 <w id="w11.5.1">Glavni</w> 
 <w id="w11.5.2">merili</w> 
 <w id="w11.5.3">učinkovitosti</w> 
 <w id="w11.5.4">sta</w> 
 <w id="w11.5.5">bili</w> 
 <w id="w11.5.6">delovanje</w> 
 <w id="w11.5.7">pljuč</w> 
 <w id="w11.5.8">(</w>
 <w id="w11.5.9">forsirana</w> 
 <w id="w11.5.10">vitalna</w> 
 <w id="w11.5.11">kapaciteta</w> 
 <w id="w11.5.12">–</w> 
 <w id="w11.5.13">FVC</w>
 <w id="w11.5.14">)</w> 
 <w id="w11.5.15">ter</w> 
 <w id="w11.5.16">razdalja</w>
 <w id="w11.5.17">,</w> 
 <w id="w11.5.18">ki</w> 
 <w id="w11.5.19">so</w> 
 <w id="w11.5.20">jo</w> 
 <w id="w11.5.21">bolniki</w> 
 <w id="w11.5.22">bili</w> 
 <w id="w11.5.23">zmožni</w> 
 <w id="w11.5.24">prehoditi</w> 
 <w id="w11.5.25">v</w> 
 <w id="w11.5.26">šestih</w> 
 <w id="w11.5.27">minutah</w> 
 <w id="w11.5.28">pred</w> 
 <w id="w11.5.29">in</w> 
 <w id="w11.5.30">po</w> 
 <w id="w11.5.31">26</w> 
 <w id="w11.5.32">tednih</w> 
 <w id="w11.5.33">zdravljenja</w>
 <w id="w11.5.34">,</w> 
 <w id="w11.5.35">pri</w> 
 <w id="w11.5.36">čemer</w> 
 <w id="w11.5.37">je</w> 
 <w id="w11.5.38">študija</w> 
 <w id="w11.5.39">trajala</w> 
 <w id="w11.5.40">do</w> 
 <w id="w11.5.41">štiri</w> 
 <w id="w11.5.42">leta</w>
 <w id="w11.5.43">.</w>
</s> 
 
<s id="s11.6">
 <w id="w11.6.1">Zdravilo</w> 
 <w id="w11.6.2">Aldurazyme</w> 
 <w id="w11.6.3">so</w> 
 <w id="w11.6.4">preučevali</w> 
 <w id="w11.6.5">tudi</w> 
 <w id="w11.6.6">pri</w> 
 <w id="w11.6.7">20</w> 
 <w id="w11.6.8">otrocih</w>
 <w id="w11.6.9">,</w> 
 <w id="w11.6.10">starih</w> 
 <w id="w11.6.11">manj</w> 
 <w id="w11.6.12">kot</w> 
 <w id="w11.6.13">pet</w> 
 <w id="w11.6.14">let</w>
 <w id="w11.6.15">,</w> 
 <w id="w11.6.16">ki</w> 
 <w id="w11.6.17">so</w> 
 <w id="w11.6.18">zdravilo</w> 
 <w id="w11.6.19">Aldurazyme</w> 
 <w id="w11.6.20">prejemali</w> 
 <w id="w11.6.21">leto</w> 
 <w id="w11.6.22">dni</w>
 <w id="w11.6.23">.</w>
</s> 
 
<s id="s11.7">
 <w id="w11.7.1">V</w> 
 <w id="w11.7.2">študiji</w> 
 <w id="w11.7.3">so</w> 
 <w id="w11.7.4">v</w> 
 <w id="w11.7.5">glavnem</w> 
 <w id="w11.7.6">preučevali</w> 
 <w id="w11.7.7">varnost</w> 
 <w id="w11.7.8">zdravila</w>
 <w id="w11.7.9">,</w> 
 <w id="w11.7.10">merili</w> 
 <w id="w11.7.11">pa</w> 
 <w id="w11.7.12">so</w> 
 <w id="w11.7.13">tudi</w> 
 <w id="w11.7.14">njegovo</w> 
 <w id="w11.7.15">učinkovitost</w> 
 <w id="w11.7.16">(</w>
 <w id="w11.7.17">njegov</w> 
 <w id="w11.7.18">učinek</w> 
 <w id="w11.7.19">na</w> 
 <w id="w11.7.20">zmanjševanje</w> 
 <w id="w11.7.21">ravni</w> 
 <w id="w11.7.22">glikozaminoglikanov</w> 
 <w id="w11.7.23">v</w> 
 <w id="w11.7.24">urinu</w> 
 <w id="w11.7.25">in</w> 
 <w id="w11.7.26">na</w> 
 <w id="w11.7.27">velikost</w> 
 <w id="w11.7.28">jeter</w>
 <w id="w11.7.29">)</w>
 <w id="w11.7.30">.</w>
</s></p>

<p id="12">
<s id="s12.1">
 <w id="w12.1.1">Kakšne</w> 
 <w id="w12.1.2">koristi</w> 
 <w id="w12.1.3">je</w> 
 <w id="w12.1.4">zdravilo</w> 
 <w id="w12.1.5">Aldurazyme</w> 
 <w id="w12.1.6">izkazalo</w> 
 <w id="w12.1.7">med</w> 
 <w id="w12.1.8">raziskavami</w>
 <w id="w12.1.9">?</w>
</s> 
 
<s id="s12.2">
 <w id="w12.2.1">Študija</w> 
 <w id="w12.2.2">je</w> 
 <w id="w12.2.3">pokazala</w>
 <w id="w12.2.4">,</w> 
 <w id="w12.2.5">da</w> 
 <w id="w12.2.6">je</w> 
 <w id="w12.2.7">zdravilo</w> 
 <w id="w12.2.8">Aldurazyme</w> 
 <w id="w12.2.9">po</w> 
 <w id="w12.2.10">26</w> 
 <w id="w12.2.11">tednih</w> 
 <w id="w12.2.12">izboljšalo</w> 
 <w id="w12.2.13">forsirano</w> 
 <w id="w12.2.14">vitalno</w> 
 <w id="w12.2.15">kapaciteto</w> 
 <w id="w12.2.16">pljuč</w> 
 <w id="w12.2.17">in</w> 
 <w id="w12.2.18">zmožnost</w> 
 <w id="w12.2.19">hoje</w> 
 <w id="w12.2.20">bolnikov</w>
 <w id="w12.2.21">.</w>
</s> 
 
<s id="s12.3">
 <w id="w12.3.1">Ta</w> 
 <w id="w12.3.2">učinek</w> 
 <w id="w12.3.3">zdravila</w> 
 <w id="w12.3.4">se</w> 
 <w id="w12.3.5">je</w> 
 <w id="w12.3.6">obdržal</w> 
 <w id="w12.3.7">do</w> 
 <w id="w12.3.8">štiri</w> 
 <w id="w12.3.9">leta</w>
 <w id="w12.3.10">.</w>
</s> 
 
<s id="s12.4">
 <w id="w12.4.1">Pri</w> 
 <w id="w12.4.2">otrocih</w>
 <w id="w12.4.3">,</w> 
 <w id="w12.4.4">starih</w> 
 <w id="w12.4.5">manj</w> 
 <w id="w12.4.6">kot</w> 
 <w id="w12.4.7">pet</w> 
 <w id="w12.4.8">let</w>
 <w id="w12.4.9">,</w> 
 <w id="w12.4.10">je</w> 
 <w id="w12.4.11">zdravilo</w> 
 <w id="w12.4.12">Aldurazyme</w> 
 <w id="w12.4.13">znižalo</w> 
 <w id="w12.4.14">ravni</w> 
 <w id="w12.4.15">glikozaminoglikanov</w> 
 <w id="w12.4.16">v</w> 
 <w id="w12.4.17">urinu</w> 
 <w id="w12.4.18">za</w> 
 <w id="w12.4.19">okoli</w> 
 <w id="w12.4.20">60</w> 
 <w id="w12.4.21">%</w> 
 <w id="w12.4.22">in</w> 
 <w id="w12.4.23">polovica</w> 
 <w id="w12.4.24">zdravljenih</w> 
 <w id="w12.4.25">otrok</w> 
 <w id="w12.4.26">je</w> 
 <w id="w12.4.27">na</w> 
 <w id="w12.4.28">koncu</w> 
 <w id="w12.4.29">študije</w> 
 <w id="w12.4.30">imela</w> 
 <w id="w12.4.31">normalno</w> 
 <w id="w12.4.32">velikost</w> 
 <w id="w12.4.33">jeter</w>
 <w id="w12.4.34">.</w>
</s></p>

<p id="13">
<s id="s13.1">
 <w id="w13.1.1">Kakšna</w> 
 <w id="w13.1.2">tveganja</w> 
 <w id="w13.1.3">so</w> 
 <w id="w13.1.4">povezana</w> 
 <w id="w13.1.5">z</w> 
 <w id="w13.1.6">zdravilom</w> 
 <w id="w13.1.7">Aldurazyme</w>
 <w id="w13.1.8">?</w>
</s> 
 
<s id="s13.2">
 <w id="w13.2.1">Večina</w> 
 <w id="w13.2.2">neželenih</w> 
 <w id="w13.2.3">učinkov</w>
 <w id="w13.2.4">,</w> 
 <w id="w13.2.5">opaženih</w> 
 <w id="w13.2.6">pri</w> 
 <w id="w13.2.7">jemanju</w> 
 <w id="w13.2.8">zdravila</w> 
 <w id="w13.2.9">Aldurazyme</w>
 <w id="w13.2.10">,</w> 
 <w id="w13.2.11">so</w> 
 <w id="w13.2.12">reakcije</w>
 <w id="w13.2.13">,</w> 
 <w id="w13.2.14">ki</w> 
 <w id="w13.2.15">so</w> 
 <w id="w13.2.16">bolj</w> 
 <w id="w13.2.17">posledica</w> 
 <w id="w13.2.18">infuzije</w> 
 <w id="w13.2.19">kot</w> 
 <w id="w13.2.20">zdravila</w> 
 <w id="w13.2.21">samega</w>
 <w id="w13.2.22">.</w>
</s> 
 
<s id="s13.3">
 <w id="w13.3.1">Neželeni</w> 
 <w id="w13.3.2">učinki</w> 
 <w id="w13.3.3">so</w> 
 <w id="w13.3.4">na</w> 
 <w id="w13.3.5">splošno</w> 
 <w id="w13.3.6">blagi</w> 
 <w id="w13.3.7">do</w> 
 <w id="w13.3.8">zmerni</w> 
 <w id="w13.3.9">v</w> 
 <w id="w13.3.10">intenzivnosti</w> 
 <w id="w13.3.11">in</w> 
 <w id="w13.3.12">sčasoma</w> 
 <w id="w13.3.13">izzvenijo</w>
 <w id="w13.3.14">.</w>
</s> 
 
<s id="s13.4">
 <w id="w13.4.1">Najpogostejši</w> 
 <w id="w13.4.2">neželeni</w> 
 <w id="w13.4.3">učinki</w> 
 <w id="w13.4.4">zdravila</w> 
 <w id="w13.4.5">Aldurazyme</w> 
 <w id="w13.4.6">pri</w> 
 <w id="w13.4.7">bolnikih</w>
 <w id="w13.4.8">,</w> 
 <w id="w13.4.9">starih</w> 
 <w id="w13.4.10">več</w> 
 <w id="w13.4.11">kot</w> 
 <w id="w13.4.12">pet</w> 
 <w id="w13.4.13">let</w> 
 <w id="w13.4.14">(</w>
 <w id="w13.4.15">opaženi</w> 
 <w id="w13.4.16">pri</w> 
 <w id="w13.4.17">več</w> 
 <w id="w13.4.18">kot</w> 
 <w id="w13.4.19">1</w> 
 <w id="w13.4.20">bolniku</w> 
 <w id="w13.4.21">od</w> 
 <w id="w13.4.22">10</w>
 <w id="w13.4.23">)</w>
 <w id="w13.4.24">,</w> 
 <w id="w13.4.25">so</w> 
 <w id="w13.4.26">glavobol</w>
 <w id="w13.4.27">,</w> 
 <w id="w13.4.28">navzeja</w> 
 <w id="w13.4.29">(</w>
 <w id="w13.4.30">občutek</w> 
 <w id="w13.4.31">slabosti</w>
 <w id="w13.4.32">)</w>
 <w id="w13.4.33">,</w> 
 <w id="w13.4.34">bolečina</w> 
 <w id="w13.4.35">v</w> 
 <w id="w13.4.36">trebuhu</w>
 <w id="w13.4.37">,</w> 
 <w id="w13.4.38">izpuščaji</w>
 <w id="w13.4.39">,</w> 
 <w id="w13.4.40">artropatija</w> 
 <w id="w13.4.41">(</w>
 <w id="w13.4.42">poškodba</w> 
 <w id="w13.4.43">sklepov</w>
 <w id="w13.4.44">)</w>
 <w id="w13.4.45">,</w> 
 <w id="w13.4.46">artralgija</w> 
 <w id="w13.4.47">(</w>
 <w id="w13.4.48">bolečine</w> 
 <w id="w13.4.49">v</w> 
 <w id="w13.4.50">sklepih</w>
 <w id="w13.4.51">)</w>
 <w id="w13.4.52">,</w> 
 <w id="w13.4.53">bolečine</w> 
 <w id="w13.4.54">v</w> 
 <w id="w13.4.55">hrbtu</w>
 <w id="w13.4.56">,</w> 
 <w id="w13.4.57">bolečine</w> 
 <w id="w13.4.58">v</w> 
 <w id="w13.4.59">okončinah</w> 
 <w id="w13.4.60">(</w>
 <w id="w13.4.61">v</w> 
 <w id="w13.4.62">rokah</w> 
 <w id="w13.4.63">in</w> 
 <w id="w13.4.64">nogah</w>
 <w id="w13.4.65">)</w>
 <w id="w13.4.66">,</w> 
 <w id="w13.4.67">rdečica</w>
 <w id="w13.4.68">,</w> 
 <w id="w13.4.69">pireksija</w> 
 <w id="w13.4.70">(</w>
 <w id="w13.4.71">povišana</w> 
 <w id="w13.4.72">telesna</w> 
 <w id="w13.4.73">temperatura</w>
 <w id="w13.4.74">)</w> 
 <w id="w13.4.75">in</w> 
 <w id="w13.4.76">reakcije</w> 
 <w id="w13.4.77">na</w> 
 <w id="w13.4.78">mestu</w> 
 <w id="w13.4.79">infundiranja</w>
 <w id="w13.4.80">.</w>
</s> 
 
<s id="s13.5">
 <w id="w13.5.1">Pri</w> 
 <w id="w13.5.2">bolnikih</w>
 <w id="w13.5.3">,</w> 
 <w id="w13.5.4">starih</w> 
 <w id="w13.5.5">manj</w> 
 <w id="w13.5.6">kot</w> 
 <w id="w13.5.7">pet</w> 
 <w id="w13.5.8">let</w>
 <w id="w13.5.9">,</w> 
 <w id="w13.5.10">so</w> 
 <w id="w13.5.11">zelo</w> 
 <w id="w13.5.12">pogosti</w> 
 <w id="w13.5.13">neželeni</w> 
 <w id="w13.5.14">učinki</w> 
 <w id="w13.5.15">povišan</w> 
 <w id="w13.5.16">krvni</w> 
 <w id="w13.5.17">tlak</w>
 <w id="w13.5.18">,</w> 
 <w id="w13.5.19">zmanjšana</w> 
 <w id="w13.5.20">saturacija</w> 
 <w id="w13.5.21">kisika</w> 
 <w id="w13.5.22">(</w>
 <w id="w13.5.23">merilo</w> 
 <w id="w13.5.24">delovanja</w> 
 <w id="w13.5.25">pljuč</w>
 <w id="w13.5.26">)</w>
 <w id="w13.5.27">,</w> 
 <w id="w13.5.28">tahikardija</w> 
 <w id="w13.5.29">(</w>
 <w id="w13.5.30">hiter</w> 
 <w id="w13.5.31">srčni</w> 
 <w id="w13.5.32">utrip</w>
 <w id="w13.5.33">)</w>
 <w id="w13.5.34">,</w> 
 <w id="w13.5.35">pireksija</w> 
 <w id="w13.5.36">in</w> 
 <w id="w13.5.37">mrzlica</w>
 <w id="w13.5.38">.</w>
</s> 
 
<s id="s13.6">
 <w id="w13.6.1">Za</w> 
 <w id="w13.6.2">celoten</w> 
 <w id="w13.6.3">seznam</w> 
 <w id="w13.6.4">neželenih</w> 
 <w id="w13.6.5">učinkov</w>
 <w id="w13.6.6">,</w> 
 <w id="w13.6.7">o</w> 
 <w id="w13.6.8">katerih</w> 
 <w id="w13.6.9">so</w> 
 <w id="w13.6.10">poročali</w> 
 <w id="w13.6.11">pri</w> 
 <w id="w13.6.12">uporabi</w> 
 <w id="w13.6.13">zdravila</w> 
 <w id="w13.6.14">Aldurazyme</w>
 <w id="w13.6.15">,</w> 
 <w id="w13.6.16">glejte</w> 
 <w id="w13.6.17">Navodilo</w> 
 <w id="w13.6.18">za</w> 
 <w id="w13.6.19">uporabo</w>
 <w id="w13.6.20">.</w>
</s> 
 
<s id="s13.7">
 <w id="w13.7.1">Skoraj</w> 
 <w id="w13.7.2">vsi</w> 
 <w id="w13.7.3">bolniki</w>
 <w id="w13.7.4">,</w> 
 <w id="w13.7.5">ki</w> 
 <w id="w13.7.6">prejemajo</w> 
 <w id="w13.7.7">zdravilo</w> 
 <w id="w13.7.8">Aldurazyme</w>
 <w id="w13.7.9">,</w> 
 <w id="w13.7.10">razvijejo</w> 
 <w id="w13.7.11">protitelesa</w> 
 <w id="w13.7.12">(</w>
 <w id="w13.7.13">beljakovine</w>
 <w id="w13.7.14">,</w> 
 <w id="w13.7.15">ki</w> 
 <w id="w13.7.16">se</w> 
 <w id="w13.7.17">tvorijo</w> 
 <w id="w13.7.18">kot</w> 
 <w id="w13.7.19">odziv</w> 
 <w id="w13.7.20">na</w> 
 <w id="w13.7.21">zdravilo</w> 
 <w id="w13.7.22">Aldurazyme</w>
 <w id="w13.7.23">.</w>
</s> 
 
<s id="s13.8">
 <w id="w13.8.1">Učinek</w> 
 <w id="w13.8.2">teh</w> 
 <w id="w13.8.3">protiteles</w> 
 <w id="w13.8.4">na</w> 
 <w id="w13.8.5">varnost</w> 
 <w id="w13.8.6">in</w> 
 <w id="w13.8.7">učinkovitost</w> 
 <w id="w13.8.8">zdravila</w> 
 <w id="w13.8.9">še</w> 
 <w id="w13.8.10">ni</w> 
 <w id="w13.8.11">v</w> 
 <w id="w13.8.12">celoti</w> 
 <w id="w13.8.13">znan</w>
 <w id="w13.8.14">.</w>
</s> 
 
<s id="s13.9">
 <w id="w13.9.1">Zdravila</w> 
 <w id="w13.9.2">Aldurazyme</w> 
 <w id="w13.9.3">se</w> 
 <w id="w13.9.4">ne</w> 
 <w id="w13.9.5">sme</w> 
 <w id="w13.9.6">uporabljati</w> 
 <w id="w13.9.7">pri</w> 
 <w id="w13.9.8">osebah</w>
 <w id="w13.9.9">,</w> 
 <w id="w13.9.10">ki</w> 
 <w id="w13.9.11">utegnejo</w> 
 <w id="w13.9.12">imeti</w> 
 <w id="w13.9.13">hudo</w> 
 <w id="w13.9.14">alergično</w> 
 <w id="w13.9.15">reakcijo</w> 
 <w id="w13.9.16">(</w>
 <w id="w13.9.17">anafilaktična</w> 
 <w id="w13.9.18">reakcija</w>
 <w id="w13.9.19">)</w> 
 <w id="w13.9.20">na</w> 
 <w id="w13.9.21">laronidazo</w> 
 <w id="w13.9.22">ali</w> 
 <w id="w13.9.23">katero</w> 
 <w id="w13.9.24">koli</w> 
 <w id="w13.9.25">drugo</w> 
 <w id="w13.9.26">sestavino</w> 
 <w id="w13.9.27">zdravila</w>
 <w id="w13.9.28">.</w>
</s></p>

<p id="14">
<s id="s14.1">
 <w id="w14.1.1">Zakaj</w> 
 <w id="w14.1.2">je</w> 
 <w id="w14.1.3">bilo</w> 
 <w id="w14.1.4">zdravilo</w> 
 <w id="w14.1.5">Aldurazyme</w> 
 <w id="w14.1.6">odobreno</w>
 <w id="w14.1.7">?</w>
</s> 
 
<s id="s14.2">
 <w id="w14.2.1">Odbor</w> 
 <w id="w14.2.2">za</w> 
 <w id="w14.2.3">zdravila</w> 
 <w id="w14.2.4">za</w> 
 <w id="w14.2.5">uporabo</w> 
 <w id="w14.2.6">v</w> 
 <w id="w14.2.7">humani</w> 
 <w id="w14.2.8">medicini</w> 
 <w id="w14.2.9">(</w>
 <w id="w14.2.10">CHMP</w>
 <w id="w14.2.11">)</w> 
 <w id="w14.2.12">je</w> 
 <w id="w14.2.13">zaključil</w>
 <w id="w14.2.14">,</w> 
 <w id="w14.2.15">da</w> 
 <w id="w14.2.16">zdravilo</w> 
 <w id="w14.2.17">Aldurazyme</w> 
 <w id="w14.2.18">zagotavlja</w> 
 <w id="w14.2.19">učinkovit</w> 
 <w id="w14.2.20">nadzor</w> 
 <w id="w14.2.21">simptomov</w> 
 <w id="w14.2.22">mukopolisaharidoze</w> 
 <w id="w14.2.23">tipa</w> 
 <w id="w14.2.24">I</w>
 <w id="w14.2.25">.</w>
</s> 
 
<s id="s14.3">
 <w id="w14.3.1">Odbor</w> 
 <w id="w14.3.2">je</w> 
 <w id="w14.3.3">menil</w>
 <w id="w14.3.4">,</w> 
 <w id="w14.3.5">da</w> 
 <w id="w14.3.6">so</w> 
 <w id="w14.3.7">koristi</w> 
 <w id="w14.3.8">zdravila</w> 
 <w id="w14.3.9">Aldurazyme</w> 
 <w id="w14.3.10">pri</w> 
 <w id="w14.3.11">dolgoročni</w> 
 <w id="w14.3.12">terapiji</w> 
 <w id="w14.3.13">z</w> 
 <w id="w14.3.14">nadomestnimi</w> 
 <w id="w14.3.15">encimi</w> 
 <w id="w14.3.16">pri</w> 
 <w id="w14.3.17">bolnikih</w> 
 <w id="w14.3.18">s</w> 
 <w id="w14.3.19">potrjeno</w> 
 <w id="w14.3.20">diagnozo</w> 
 <w id="w14.3.21">mukopolisaharidoze</w> 
 <w id="w14.3.22">tipa</w> 
 <w id="w14.3.23">I</w> 
 <w id="w14.3.24">večje</w> 
 <w id="w14.3.25">od</w> 
 <w id="w14.3.26">z</w> 
 <w id="w14.3.27">njim</w> 
 <w id="w14.3.28">povezanih</w> 
 <w id="w14.3.29">tveganj</w>
 <w id="w14.3.30">.</w>
</s> 
 
<s id="s14.4">
 <w id="w14.4.1">Odbor</w> 
 <w id="w14.4.2">je</w> 
 <w id="w14.4.3">zato</w> 
 <w id="w14.4.4">priporočil</w>
 <w id="w14.4.5">,</w> 
 <w id="w14.4.6">da</w> 
 <w id="w14.4.7">se</w> 
 <w id="w14.4.8">za</w> 
 <w id="w14.4.9">zdravilo</w> 
 <w id="w14.4.10">Aldurazyme</w> 
 <w id="w14.4.11">odobri</w> 
 <w id="w14.4.12">dovoljenje</w> 
 <w id="w14.4.13">za</w> 
 <w id="w14.4.14">promet</w>
 <w id="w14.4.15">.</w>
</s> 
 
<s id="s14.5">
 <w id="w14.5.1">Dovoljenje</w> 
 <w id="w14.5.2">za</w> 
 <w id="w14.5.3">promet</w> 
 <w id="w14.5.4">z</w> 
 <w id="w14.5.5">zdravilom</w> 
 <w id="w14.5.6">Aldurazyme</w> 
 <w id="w14.5.7">je</w> 
 <w id="w14.5.8">bilo</w> 
 <w id="w14.5.9">podeljeno</w> 
 <w id="w14.5.10">v</w> 
 <w id="w14.5.11">„</w>
 <w id="w14.5.12">izjemnih</w> 
 <w id="w14.5.13">okoliščinah</w>
 <w id="w14.5.14">“</w>
 <w id="w14.5.15">.</w>
</s> 
 
<s id="s14.6">
 <w id="w14.6.1">To</w> 
 <w id="w14.6.2">pomeni</w>
 <w id="w14.6.3">,</w> 
 <w id="w14.6.4">da</w> 
 <w id="w14.6.5">zaradi</w> 
 <w id="w14.6.6">redkosti</w> 
 <w id="w14.6.7">bolezni</w> 
 <w id="w14.6.8">ni</w> 
 <w id="w14.6.9">bilo</w> 
 <w id="w14.6.10">mogoče</w> 
 <w id="w14.6.11">pridobiti</w> 
 <w id="w14.6.12">vseh</w> 
 <w id="w14.6.13">informacij</w> 
 <w id="w14.6.14">o</w> 
 <w id="w14.6.15">zdravilu</w> 
 <w id="w14.6.16">Aldurazyme</w>
 <w id="w14.6.17">.</w>
</s> 
 
<s id="s14.7">
 <w id="w14.7.1">Vsako</w> 
 <w id="w14.7.2">leto</w> 
 <w id="w14.7.3">bo</w> 
 <w id="w14.7.4">Evropska</w> 
 <w id="w14.7.5">agencija</w> 
 <w id="w14.7.6">za</w> 
 <w id="w14.7.7">zdravila</w> 
 <w id="w14.7.8">(</w>
 <w id="w14.7.9">EMEA</w>
 <w id="w14.7.10">)</w> 
 <w id="w14.7.11">pregledala</w> 
 <w id="w14.7.12">vse</w> 
 <w id="w14.7.13">razpoložljive</w> 
 <w id="w14.7.14">nove</w> 
 <w id="w14.7.15">informacije</w> 
 <w id="w14.7.16">in</w> 
 <w id="w14.7.17">po</w> 
 <w id="w14.7.18">potrebi</w> 
 <w id="w14.7.19">posodobila</w> 
 <w id="w14.7.20">ta</w> 
 <w id="w14.7.21">povzetek</w>
 <w id="w14.7.22">.</w>
</s></p>

<p id="15">
<s id="s15.1">
 <w id="w15.1.1">Katere</w> 
 <w id="w15.1.2">informacije</w> 
 <w id="w15.1.3">o</w> 
 <w id="w15.1.4">zdravilu</w> 
 <w id="w15.1.5">Aldurazyme</w> 
 <w id="w15.1.6">še</w> 
 <w id="w15.1.7">pričakujemo</w>
 <w id="w15.1.8">?</w>
</s> 
 
<s id="s15.2">
 <w id="w15.2.1">Podjetje</w>
 <w id="w15.2.2">,</w> 
 <w id="w15.2.3">ki</w> 
 <w id="w15.2.4">izdeluje</w> 
 <w id="w15.2.5">zdravilo</w> 
 <w id="w15.2.6">Aldurazyme</w>
 <w id="w15.2.7">,</w> 
 <w id="w15.2.8">bo</w> 
 <w id="w15.2.9">spremljalo</w> 
 <w id="w15.2.10">bolnike</w>
 <w id="w15.2.11">,</w> 
 <w id="w15.2.12">ki</w> 
 <w id="w15.2.13">prejemajo</w> 
 <w id="w15.2.14">zdravilo</w> 
 <w id="w15.2.15">Aldurazyme</w>
 <w id="w15.2.16">,</w> 
 <w id="w15.2.17">in</w> 
 <w id="w15.2.18">beležilo</w> 
 <w id="w15.2.19">reakcije</w> 
 <w id="w15.2.20">na</w> 
 <w id="w15.2.21">infundiranje</w> 
 <w id="w15.2.22">ter</w> 
 <w id="w15.2.23">razvoj</w> 
 <w id="w15.2.24">protiteles</w>
 <w id="w15.2.25">.</w>
</s></p>

<p id="16">
<s id="s16.1">
 <w id="w16.1.1">Druge</w> 
 <w id="w16.1.2">informacije</w> 
 <w id="w16.1.3">o</w> 
 <w id="w16.1.4">zdravilu</w> 
 <w id="w16.1.5">Aldurazyme</w>
 <w id="w16.1.6">:</w>
</s> 
 
<s id="s16.2">
 <w id="w16.2.1">Evropska</w> 
 <w id="w16.2.2">komisija</w> 
 <w id="w16.2.3">je</w> 
 <w id="w16.2.4">dovoljenje</w> 
 <w id="w16.2.5">za</w> 
 <w id="w16.2.6">promet</w> 
 <w id="w16.2.7">z</w> 
 <w id="w16.2.8">zdravilom</w> 
 <w id="w16.2.9">Aldurazyme</w>
 <w id="w16.2.10">,</w> 
 <w id="w16.2.11">veljavno</w> 
 <w id="w16.2.12">po</w> 
 <w id="w16.2.13">vsej</w> 
 <w id="w16.2.14">Evropski</w> 
 <w id="w16.2.15">uniji</w>
 <w id="w16.2.16">,</w> 
 <w id="w16.2.17">odobrila</w> 
 <w id="w16.2.18">družbi</w> 
 <w id="w16.2.19">Genzyme</w> 
 <w id="w16.2.20">Europe</w> 
 <w id="w16.2.21">B.</w>
 <w id="w16.2.22">V</w>
 <w id="w16.2.23">.</w> 
 <w id="w16.2.24">dne</w> 
 <w id="w16.2.25">10</w>
 <w id="w16.2.26">.</w> 
 <w id="w16.2.27">junija</w> 
 <w id="w16.2.28">2003</w>
 <w id="w16.2.29">.</w>
</s></p>

<p id="17">
<s id="s17.1">
 <w id="w17.1.1">Zapis</w> 
 <w id="w17.1.2">o</w> 
 <w id="w17.1.3">določitvi</w> 
 <w id="w17.1.4">zdravila</w> 
 <w id="w17.1.5">Aldurazyme</w> 
 <w id="w17.1.6">kot</w> 
 <w id="w17.1.7">zdravila</w> 
 <w id="w17.1.8">sirote</w> 
 <w id="w17.1.9">je</w> 
 <w id="w17.1.10">na</w> 
 <w id="w17.1.11">voljo</w> 
 <w id="w17.1.12">tukaj</w> 
 <w id="w17.1.13">Celotno</w> 
 <w id="w17.1.14">Evropsko</w> 
 <w id="w17.1.15">javno</w> 
 <w id="w17.1.16">poročilo</w> 
 <w id="w17.1.17">o</w> 
 <w id="w17.1.18">oceni</w> 
 <w id="w17.1.19">zdravila</w> 
 <w id="w17.1.20">(</w>
 <w id="w17.1.21">EPAR</w>
 <w id="w17.1.22">)</w> 
 <w id="w17.1.23">za</w> 
 <w id="w17.1.24">zdravilo</w> 
 <w id="w17.1.25">Aldurazyme</w> 
 <w id="w17.1.26">je</w> 
 <w id="w17.1.27">na</w> 
 <w id="w17.1.28">voljo</w> 
 <w id="w17.1.29">tukaj</w>
 <w id="w17.1.30">.</w>
</s></p>

<p id="18">
<s id="s18.1">
 <w id="w18.1.1">Povzetek</w> 
 <w id="w18.1.2">je</w> 
 <w id="w18.1.3">bil</w> 
 <w id="w18.1.4">nazadnje</w> 
 <w id="w18.1.5">posodobljen</w> 
 <w id="w18.1.6">12-</w>
 <w id="w18.1.7">2007</w>
 <w id="w18.1.8">.</w>
</s></p>

<p id="19">
<s id="s19.1">
 <w id="w19.1.1">©EMEA</w> 
 <w id="w19.1.2">2008</w>
</s></p>

<head id="20">
<s id="s20.1">
 <w id="w20.1.1">2/</w>
 <w id="w20.1.2">2</w>
</s></head></text>
