<?xml version="1.0" encoding="utf-8"?>
<letsmt version="1.0">
<head></head>
<body>
<s id="s1.1">EU številka</s>
<s id="s2.1">Izmišljeno ime</s>
<s id="s3.1">Jakost</s>
<s id="s4.1">Farmacevtska oblika</s>
<s id="s5.1">Ciljna Način živalska uporabe vrsta zdravila</s>
<s id="s6.1">Ovojnina</s>
<s id="s7.1">Vsebina</s>
<s id="s8.1">Velikost pakiranja</s>
<s id="s9.1">Karenca</s>
<s id="s10.1">EU/ 2/ 98/ 007/ 001 Clomicalm</s>
<s id="s11.1">5 mg</s>
<s id="s12.1">Tablete</s>
<s id="s13.1">Psi</s>
<s id="s14.1">Peroralna uporaba</s>
<s id="s15.1">Steklenička (HDPE) zaprta z zamaškom, ki preprečuje otrokom odpiranje in zaščitnim pokrovom.</s>
<s id="s16.1">V steklenički je 30 Steklenička je v Navedba ni tablet in vrečica s kartonski škatli. smiselna silicagelom.</s>
<s id="s17.1">EU/ 2/ 98/ 007/ 002 Clomicalm</s>
<s id="s18.1">20 mg</s>
<s id="s19.1">Tablete</s>
<s id="s20.1">Psi</s>
<s id="s21.1">Peroralna uporaba</s>
<s id="s22.1">Steklenička (HDPE) zaprta z zamaškom, ki preprečuje otrokom odpiranje in zaščitnim pokrovom.</s>
<s id="s23.1">V steklenički je 30 Steklenička je v Navedba ni tablet in vrečica s kartonski škatli. smiselna silicagelom</s>
<s id="s24.1">EU/ 2/ 98/ 007/ 003 Clomicalm</s>
<s id="s25.1">80 mg</s>
<s id="s26.1">Tablete</s>
<s id="s27.1">Psi</s>
<s id="s28.1">Peroralna uporaba</s>
<s id="s29.1">Steklenička (HDPE) zaprta z zamaškom, ki preprečuje otrokom odpiranje in zaščitnim pokrovom.</s>
<s id="s30.1">V steklenički je 30 Steklenička je v Navedba ni tablet in vrečica s kartonski škatli. smiselna silicagelom</s>
<s id="s31.1">EMEA/ CVMP/ 064/ 97</s>
<s id="s32.1">1/ 1</s>
<s id="s33.1">©EMEA 2006</s>
</body>
</letsmt>
