<?xml version="1.0" encoding="utf-8"?>
<text>
<p id="1">
<s id="s1.1">
 <w id="w1.1.1">European</w> 
 <w id="w1.1.2">Medicines</w> 
 <w id="w1.1.3">Agency</w>
</s></p>

<p id="2">
<s id="s2.1">
 <w id="w2.1.1">EMEA/</w>
 <w id="w2.1.2">H/</w>
 <w id="w2.1.3">C/</w>
 <w id="w2.1.4">563</w>
</s></p>

<p id="3">
<s id="s3.1">
 <w id="w3.1.1">EVROPSKO</w> 
 <w id="w3.1.2">JAVNO</w> 
 <w id="w3.1.3">POROČILO</w> 
 <w id="w3.1.4">O</w> 
 <w id="w3.1.5">OCENI</w> 
 <w id="w3.1.6">ZDRAVILA</w> 
 <w id="w3.1.7">(</w>
 <w id="w3.1.8">EPAR</w>
 <w id="w3.1.9">)</w>
</s></p>

<p id="4">
<s id="s4.1">
 <w id="w4.1.1">ALOXI</w>
</s></p>

<p id="5">
<s id="s5.1">
 <w id="w5.1.1">Povzetek</w> 
 <w id="w5.1.2">EPAR</w> 
 <w id="w5.1.3">za</w> 
 <w id="w5.1.4">javnost</w>
</s></p>

<p id="6">
<s id="s6.1">
 <w id="w6.1.1">Ta</w> 
 <w id="w6.1.2">dokument</w> 
 <w id="w6.1.3">je</w> 
 <w id="w6.1.4">povzetek</w> 
 <w id="w6.1.5">evropskega</w> 
 <w id="w6.1.6">javnega</w> 
 <w id="w6.1.7">poročila</w> 
 <w id="w6.1.8">o</w> 
 <w id="w6.1.9">oceni</w> 
 <w id="w6.1.10">zdravila</w> 
 <w id="w6.1.11">(</w>
 <w id="w6.1.12">EPAR</w>
 <w id="w6.1.13">)</w>
 <w id="w6.1.14">.</w>
</s> 
 
<s id="s6.2">
 <w id="w6.2.1">Pojasnjuje</w>
 <w id="w6.2.2">,</w> 
 <w id="w6.2.3">kako</w> 
 <w id="w6.2.4">je</w> 
 <w id="w6.2.5">Odbor</w> 
 <w id="w6.2.6">za</w> 
 <w id="w6.2.7">zdravila</w> 
 <w id="w6.2.8">za</w> 
 <w id="w6.2.9">uporabo</w> 
 <w id="w6.2.10">v</w> 
 <w id="w6.2.11">humani</w> 
 <w id="w6.2.12">medicini</w> 
 <w id="w6.2.13">(</w>
 <w id="w6.2.14">CHMP</w>
 <w id="w6.2.15">)</w> 
 <w id="w6.2.16">ocenil</w> 
 <w id="w6.2.17">opravljene</w> 
 <w id="w6.2.18">študije</w>
 <w id="w6.2.19">,</w> 
 <w id="w6.2.20">na</w> 
 <w id="w6.2.21">podlagi</w> 
 <w id="w6.2.22">katerih</w> 
 <w id="w6.2.23">je</w> 
 <w id="w6.2.24">oblikoval</w> 
 <w id="w6.2.25">priporočila</w> 
 <w id="w6.2.26">glede</w> 
 <w id="w6.2.27">uporabe</w> 
 <w id="w6.2.28">zdravila</w>
 <w id="w6.2.29">.</w>
</s> 
 
<s id="s6.3">
 <w id="w6.3.1">Če</w> 
 <w id="w6.3.2">potrebujete</w> 
 <w id="w6.3.3">več</w> 
 <w id="w6.3.4">informacij</w> 
 <w id="w6.3.5">o</w> 
 <w id="w6.3.6">svojem</w> 
 <w id="w6.3.7">zdravstvenem</w> 
 <w id="w6.3.8">stanju</w> 
 <w id="w6.3.9">ali</w> 
 <w id="w6.3.10">zdravljenju</w>
 <w id="w6.3.11">,</w> 
 <w id="w6.3.12">preberite</w> 
 <w id="w6.3.13">navodilo</w> 
 <w id="w6.3.14">za</w> 
 <w id="w6.3.15">uporabo</w> 
 <w id="w6.3.16">(</w>
 <w id="w6.3.17">ki</w> 
 <w id="w6.3.18">je</w> 
 <w id="w6.3.19">prav</w> 
 <w id="w6.3.20">tako</w> 
 <w id="w6.3.21">del</w> 
 <w id="w6.3.22">EPAR</w>
 <w id="w6.3.23">)</w> 
 <w id="w6.3.24">ali</w> 
 <w id="w6.3.25">se</w> 
 <w id="w6.3.26">posvetujte</w> 
 <w id="w6.3.27">s</w> 
 <w id="w6.3.28">svojim</w> 
 <w id="w6.3.29">zdravnikom</w> 
 <w id="w6.3.30">ali</w> 
 <w id="w6.3.31">farmacevtom</w>
 <w id="w6.3.32">.</w>
</s> 
 
<s id="s6.4">
 <w id="w6.4.1">Če</w> 
 <w id="w6.4.2">želite</w> 
 <w id="w6.4.3">več</w> 
 <w id="w6.4.4">informacij</w>
 <w id="w6.4.5">,</w> 
 <w id="w6.4.6">ki</w> 
 <w id="w6.4.7">temeljijo</w> 
 <w id="w6.4.8">na</w> 
 <w id="w6.4.9">priporočilih</w> 
 <w id="w6.4.10">CHMP</w>
 <w id="w6.4.11">,</w> 
 <w id="w6.4.12">preberite</w> 
 <w id="w6.4.13">znanstveno</w> 
 <w id="w6.4.14">razpravo</w> 
 <w id="w6.4.15">(</w>
 <w id="w6.4.16">ki</w> 
 <w id="w6.4.17">je</w> 
 <w id="w6.4.18">prav</w> 
 <w id="w6.4.19">tako</w> 
 <w id="w6.4.20">del</w> 
 <w id="w6.4.21">EPAR</w>
 <w id="w6.4.22">)</w>
 <w id="w6.4.23">.</w>
</s></p>

<p id="7">
<s id="s7.1">
 <w id="w7.1.1">Kaj</w> 
 <w id="w7.1.2">je</w> 
 <w id="w7.1.3">zdravilo</w> 
 <w id="w7.1.4">Aloxi</w>
 <w id="w7.1.5">?</w>
</s> 
 
<s id="s7.2">
 <w id="w7.2.1">Zdravilo</w> 
 <w id="w7.2.2">Aloxi</w> 
 <w id="w7.2.3">je</w> 
 <w id="w7.2.4">raztopina</w> 
 <w id="w7.2.5">za</w> 
 <w id="w7.2.6">injiciranje</w>
 <w id="w7.2.7">,</w> 
 <w id="w7.2.8">ki</w> 
 <w id="w7.2.9">vsebuje</w> 
 <w id="w7.2.10">zdravilno</w> 
 <w id="w7.2.11">učinkovino</w> 
 <w id="w7.2.12">palonosetron</w>
 <w id="w7.2.13">.</w>
</s></p>

<p id="8">
<s id="s8.1">
 <w id="w8.1.1">Za</w> 
 <w id="w8.1.2">kaj</w> 
 <w id="w8.1.3">se</w> 
 <w id="w8.1.4">zdravilo</w> 
 <w id="w8.1.5">Aloxi</w> 
 <w id="w8.1.6">uporablja</w>
 <w id="w8.1.7">?</w>
</s> 
 
<s id="s8.2">
 <w id="w8.2.1">Zdravilo</w> 
 <w id="w8.2.2">Aloxi</w> 
 <w id="w8.2.3">je</w> 
 <w id="w8.2.4">antiemetik</w> 
 <w id="w8.2.5">(</w>
 <w id="w8.2.6">zdravilo</w>
 <w id="w8.2.7">,</w> 
 <w id="w8.2.8">ki</w> 
 <w id="w8.2.9">preprečuje</w> 
 <w id="w8.2.10">slabost</w> 
 <w id="w8.2.11">in</w> 
 <w id="w8.2.12">bruhanje</w>
 <w id="w8.2.13">)</w>
 <w id="w8.2.14">.</w>
</s> 
 
<s id="s8.3">
 <w id="w8.3.1">Uporablja</w> 
 <w id="w8.3.2">se</w> 
 <w id="w8.3.3">za</w> 
 <w id="w8.3.4">preprečevanje</w> 
 <w id="w8.3.5">slabosti</w> 
 <w id="w8.3.6">in</w> 
 <w id="w8.3.7">bruhanja</w>
 <w id="w8.3.8">,</w> 
 <w id="w8.3.9">ki</w> 
 <w id="w8.3.10">ju</w> 
 <w id="w8.3.11">povzroča</w> 
 <w id="w8.3.12">kemoterapija</w> 
 <w id="w8.3.13">(</w>
 <w id="w8.3.14">zdravila</w>
 <w id="w8.3.15">,</w> 
 <w id="w8.3.16">uporabljena</w> 
 <w id="w8.3.17">za</w> 
 <w id="w8.3.18">zdravljenje</w> 
 <w id="w8.3.19">raka</w>
 <w id="w8.3.20">)</w>
 <w id="w8.3.21">.</w>
</s> 
 
<s id="s8.4">
 <w id="w8.4.1">Zdravilo</w> 
 <w id="w8.4.2">Aloxi</w> 
 <w id="w8.4.3">se</w> 
 <w id="w8.4.4">uporablja</w> 
 <w id="w8.4.5">za</w> 
 <w id="w8.4.6">kemoterapije</w>
 <w id="w8.4.7">,</w> 
 <w id="w8.4.8">ki</w> 
 <w id="w8.4.9">so</w> 
 <w id="w8.4.10">močne</w> 
 <w id="w8.4.11">povzročiteljice</w> 
 <w id="w8.4.12">slabosti</w> 
 <w id="w8.4.13">in</w> 
 <w id="w8.4.14">bruhanja</w> 
 <w id="w8.4.15">(</w>
 <w id="w8.4.16">kot</w> 
 <w id="w8.4.17">je</w> 
 <w id="w8.4.18">cisplatin</w>
 <w id="w8.4.19">)</w>
 <w id="w8.4.20">,</w> 
 <w id="w8.4.21">in</w> 
 <w id="w8.4.22">za</w> 
 <w id="w8.4.23">kemoterapije</w>
 <w id="w8.4.24">,</w> 
 <w id="w8.4.25">ki</w> 
 <w id="w8.4.26">so</w> 
 <w id="w8.4.27">zmerne</w> 
 <w id="w8.4.28">povzročiteljice</w> 
 <w id="w8.4.29">(</w>
 <w id="w8.4.30">kot</w> 
 <w id="w8.4.31">so</w> 
 <w id="w8.4.32">ciklofosfamid</w>
 <w id="w8.4.33">,</w> 
 <w id="w8.4.34">doksorubicin</w> 
 <w id="w8.4.35">ali</w> 
 <w id="w8.4.36">karboplatin</w>
 <w id="w8.4.37">)</w>
 <w id="w8.4.38">.</w>
</s></p>

<p id="9">
<s id="s9.1">
 <w id="w9.1.1">Kako</w> 
 <w id="w9.1.2">se</w> 
 <w id="w9.1.3">zdravilo</w> 
 <w id="w9.1.4">Aloxi</w> 
 <w id="w9.1.5">uporablja</w>
 <w id="w9.1.6">?</w>
</s> 
 
<s id="s9.2">
 <w id="w9.2.1">Zdravilo</w> 
 <w id="w9.2.2">Aloxi</w> 
 <w id="w9.2.3">injicira</w> 
 <w id="w9.2.4">zdravnik</w> 
 <w id="w9.2.5">ali</w> 
 <w id="w9.2.6">medicinska</w> 
 <w id="w9.2.7">sestra</w> 
 <w id="w9.2.8">približno</w> 
 <w id="w9.2.9">30</w> 
 <w id="w9.2.10">minut</w> 
 <w id="w9.2.11">pred</w> 
 <w id="w9.2.12">začetkom</w> 
 <w id="w9.2.13">kemoterapije</w>
 <w id="w9.2.14">.</w>
</s> 
 
<s id="s9.3">
 <w id="w9.3.1">Običajni</w> 
 <w id="w9.3.2">odmerek</w> 
 <w id="w9.3.3">je</w> 
 <w id="w9.3.4">250</w> 
 <w id="w9.3.5">mikrogramov</w>
 <w id="w9.3.6">,</w> 
 <w id="w9.3.7">ki</w> 
 <w id="w9.3.8">se</w> 
 <w id="w9.3.9">daje</w> 
 <w id="w9.3.10">kot</w> 
 <w id="w9.3.11">injekcija</w> 
 <w id="w9.3.12">v</w> 
 <w id="w9.3.13">veno</w> 
 <w id="w9.3.14">v</w> 
 <w id="w9.3.15">trajanju</w> 
 <w id="w9.3.16">30</w> 
 <w id="w9.3.17">sekund</w>
 <w id="w9.3.18">.</w>
</s> 
 
<s id="s9.4">
 <w id="w9.4.1">Učinkovitost</w> 
 <w id="w9.4.2">zdravila</w> 
 <w id="w9.4.3">Aloxi</w> 
 <w id="w9.4.4">se</w> 
 <w id="w9.4.5">lahko</w> 
 <w id="w9.4.6">poveča</w>
 <w id="w9.4.7">,</w> 
 <w id="w9.4.8">če</w> 
 <w id="w9.4.9">pred</w> 
 <w id="w9.4.10">kemoterapijo</w> 
 <w id="w9.4.11">dodamo</w> 
 <w id="w9.4.12">kortikosteroid</w> 
 <w id="w9.4.13">(</w>
 <w id="w9.4.14">še</w> 
 <w id="w9.4.15">eno</w> 
 <w id="w9.4.16">zdravilo</w>
 <w id="w9.4.17">,</w> 
 <w id="w9.4.18">ki</w> 
 <w id="w9.4.19">se</w> 
 <w id="w9.4.20">lahko</w> 
 <w id="w9.4.21">uporablja</w> 
 <w id="w9.4.22">kot</w> 
 <w id="w9.4.23">antiemetik</w>
 <w id="w9.4.24">)</w>
 <w id="w9.4.25">.</w>
</s> 
 
<s id="s9.5">
 <w id="w9.5.1">Zdravilo</w> 
 <w id="w9.5.2">Aloxi</w> 
 <w id="w9.5.3">se</w> 
 <w id="w9.5.4">daje</w> 
 <w id="w9.5.5">samo</w> 
 <w id="w9.5.6">pred</w> 
 <w id="w9.5.7">kemoterapijo</w>
 <w id="w9.5.8">.</w>
</s> 
 
<s id="s9.6">
 <w id="w9.6.1">Uporaba</w> 
 <w id="w9.6.2">pri</w> 
 <w id="w9.6.3">bolnikih</w>
 <w id="w9.6.4">,</w> 
 <w id="w9.6.5">mlajših</w> 
 <w id="w9.6.6">od</w> 
 <w id="w9.6.7">18</w> 
 <w id="w9.6.8">let</w>
 <w id="w9.6.9">,</w> 
 <w id="w9.6.10">zaradi</w> 
 <w id="w9.6.11">pomanjkanja</w> 
 <w id="w9.6.12">podatkov</w> 
 <w id="w9.6.13">o</w> 
 <w id="w9.6.14">učinkih</w> 
 <w id="w9.6.15">v</w> 
 <w id="w9.6.16">tej</w> 
 <w id="w9.6.17">starostni</w> 
 <w id="w9.6.18">skupini</w> 
 <w id="w9.6.19">ni</w> 
 <w id="w9.6.20">priporočena</w>
 <w id="w9.6.21">.</w>
</s></p>

<p id="10">
<s id="s10.1">
 <w id="w10.1.1">Kako</w> 
 <w id="w10.1.2">zdravilo</w> 
 <w id="w10.1.3">Aloxi</w> 
 <w id="w10.1.4">deluje</w>
 <w id="w10.1.5">?</w>
</s> 
 
<s id="s10.2">
 <w id="w10.2.1">Zdravilna</w> 
 <w id="w10.2.2">učinkovina</w> 
 <w id="w10.2.3">v</w> 
 <w id="w10.2.4">zdravilu</w> 
 <w id="w10.2.5">Aloxi</w> 
 <w id="w10.2.6">je</w> 
 <w id="w10.2.7">palonostreon</w>
 <w id="w10.2.8">,</w> 
 <w id="w10.2.9">ki</w> 
 <w id="w10.2.10">je</w> 
 <w id="w10.2.11">5HT3</w> 
 <w id="w10.2.12">antagonist</w>
 <w id="w10.2.13">.</w>
</s> 
 
<s id="s10.3">
 <w id="w10.3.1">To</w> 
 <w id="w10.3.2">pomeni</w>
 <w id="w10.3.3">,</w> 
 <w id="w10.3.4">da</w> 
 <w id="w10.3.5">kemični</w> 
 <w id="w10.3.6">snovi</w> 
 <w id="w10.3.7">v</w> 
 <w id="w10.3.8">telesu</w>
 <w id="w10.3.9">,</w> 
 <w id="w10.3.10">imenovani</w> 
 <w id="w10.3.11">5-</w>
 <w id="w10.3.12">hidroksitriptamin</w> 
 <w id="w10.3.13">(</w>
 <w id="w10.3.14">5HT</w>
 <w id="w10.3.15">,</w> 
 <w id="w10.3.16">znani</w> 
 <w id="w10.3.17">tudi</w> 
 <w id="w10.3.18">kot</w> 
 <w id="w10.3.19">serotonin</w>
 <w id="w10.3.20">)</w> 
 <w id="w10.3.21">prepreči</w> 
 <w id="w10.3.22">vezavo</w> 
 <w id="w10.3.23">na</w> 
 <w id="w10.3.24">receptorje</w> 
 <w id="w10.3.25">v</w> 
 <w id="w10.3.26">črevesju</w>
 <w id="w10.3.27">.</w>
</s> 
 
<s id="s10.4">
 <w id="w10.4.1">Kadar</w> 
 <w id="w10.4.2">se</w> 
 <w id="w10.4.3">veže</w> 
 <w id="w10.4.4">na</w> 
 <w id="w10.4.5">te</w> 
 <w id="w10.4.6">receptorje</w>
 <w id="w10.4.7">,</w> 
 <w id="w10.4.8">5HT</w> 
 <w id="w10.4.9">običajno</w> 
 <w id="w10.4.10">povzroči</w> 
 <w id="w10.4.11">slabost</w> 
 <w id="w10.4.12">in</w> 
 <w id="w10.4.13">bruhanje</w>
 <w id="w10.4.14">.</w>
</s> 
 
<s id="s10.5">
 <w id="w10.5.1">Z</w> 
 <w id="w10.5.2">zaviranjem</w> 
 <w id="w10.5.3">teh</w> 
 <w id="w10.5.4">receptorjev</w> 
 <w id="w10.5.5">zdravilo</w> 
 <w id="w10.5.6">Aloxi</w> 
 <w id="w10.5.7">prepreči</w> 
 <w id="w10.5.8">slabost</w> 
 <w id="w10.5.9">in</w> 
 <w id="w10.5.10">bruhanje</w>
 <w id="w10.5.11">,</w> 
 <w id="w10.5.12">ki</w> 
 <w id="w10.5.13">se</w> 
 <w id="w10.5.14">pogosto</w> 
 <w id="w10.5.15">pojavita</w> 
 <w id="w10.5.16">po</w> 
 <w id="w10.5.17">kemoterapiji</w>
 <w id="w10.5.18">.</w>
</s></p>

<p id="11">
<s id="s11.1">
 <w id="w11.1.1">Kako</w> 
 <w id="w11.1.2">je</w> 
 <w id="w11.1.3">bilo</w> 
 <w id="w11.1.4">zdravilo</w> 
 <w id="w11.1.5">Aloxi</w> 
 <w id="w11.1.6">raziskano</w>
 <w id="w11.1.7">?</w>
</s> 
 
<s id="s11.2">
 <w id="w11.2.1">Zdravilo</w> 
 <w id="w11.2.2">Aloxi</w> 
 <w id="w11.2.3">je</w> 
 <w id="w11.2.4">bilo</w> 
 <w id="w11.2.5">proučevano</w> 
 <w id="w11.2.6">v</w> 
 <w id="w11.2.7">treh</w> 
 <w id="w11.2.8">glavnih</w> 
 <w id="w11.2.9">študijah</w>
 <w id="w11.2.10">,</w> 
 <w id="w11.2.11">v</w> 
 <w id="w11.2.12">katerih</w> 
 <w id="w11.2.13">je</w> 
 <w id="w11.2.14">1</w> 
 <w id="w11.2.15">842</w> 
 <w id="w11.2.16">odraslih</w> 
 <w id="w11.2.17">prejemalo</w> 
 <w id="w11.2.18">kemoterapijo</w>
 <w id="w11.2.19">,</w> 
 <w id="w11.2.20">ki</w> 
 <w id="w11.2.21">bila</w> 
 <w id="w11.2.22">močan</w> 
 <w id="w11.2.23">ali</w> 
 <w id="w11.2.24">zmeren</w> 
 <w id="w11.2.25">povzročitelj</w> 
 <w id="w11.2.26">slabosti</w> 
 <w id="w11.2.27">in</w> 
 <w id="w11.2.28">bruhanja</w>
 <w id="w11.2.29">.</w>
</s> 
 
<s id="s11.3">
 <w id="w11.3.1">Zdravilo</w> 
 <w id="w11.3.2">Aloxi</w> 
 <w id="w11.3.3">v</w> 
 <w id="w11.3.4">dveh</w> 
 <w id="w11.3.5">različnih</w> 
 <w id="w11.3.6">odmerkih</w> 
 <w id="w11.3.7">je</w> 
 <w id="w11.3.8">bilo</w> 
 <w id="w11.3.9">primerjano</w> 
 <w id="w11.3.10">z</w> 
 <w id="w11.3.11">drugimi</w> 
 <w id="w11.3.12">antiemetiki</w> 
 <w id="w11.3.13">iste</w> 
 <w id="w11.3.14">vrste</w> 
 <w id="w11.3.15">(</w>
 <w id="w11.3.16">ondansetronom</w> 
 <w id="w11.3.17">in</w> 
 <w id="w11.3.18">dolasetronom</w>
 <w id="w11.3.19">)</w>
 <w id="w11.3.20">.</w>
</s> 
 
<s id="s11.4">
 <w id="w11.4.1">Študije</w> 
 <w id="w11.4.2">so</w> 
 <w id="w11.4.3">proučevale</w>
 <w id="w11.4.4">,</w> 
 <w id="w11.4.5">koliko</w> 
 <w id="w11.4.6">bolnikov</w> 
 <w id="w11.4.7">v</w> 
 <w id="w11.4.8">24</w> 
 <w id="w11.4.9">urah</w> 
 <w id="w11.4.10">po</w> 
 <w id="w11.4.11">prejemu</w> 
 <w id="w11.4.12">kemoterapije</w> 
 <w id="w11.4.13">ni</w> 
 <w id="w11.4.14">imelo</w> 
 <w id="w11.4.15">napadov</w> 
 <w id="w11.4.16">bruhanja</w>
 <w id="w11.4.17">.</w>
</s></p>

<p id="12">
<s id="s12.1">
 <w id="w12.1.1">7</w> 
 <w id="w12.1.2">Westferry</w> 
 <w id="w12.1.3">Circus</w>
 <w id="w12.1.4">,</w> 
 <w id="w12.1.5">Canary</w> 
 <w id="w12.1.6">Wharf</w>
 <w id="w12.1.7">,</w> 
 <w id="w12.1.8">London</w> 
 <w id="w12.1.9">E14</w> 
 <w id="w12.1.10">4HB</w>
 <w id="w12.1.11">,</w> 
 <w id="w12.1.12">UK</w>                                   
 <w id="w12.1.13">Tel</w>
 <w id="w12.1.14">.</w>
</s> 
 
<s id="s12.2">
 <w id="w12.2.1">(</w>
 <w id="w12.2.2">44-</w>
 <w id="w12.2.3">20</w>
 <w id="w12.2.4">)</w> 
 <w id="w12.2.5">74</w> 
 <w id="w12.2.6">18</w> 
 <w id="w12.2.7">84</w> 
 <w id="w12.2.8">00</w> 
 <w id="w12.2.9">Fax</w> 
 <w id="w12.2.10">(</w>
 <w id="w12.2.11">44-</w>
 <w id="w12.2.12">20</w>
 <w id="w12.2.13">)</w> 
 <w id="w12.2.14">74</w> 
 <w id="w12.2.15">18</w> 
 <w id="w12.2.16">84</w> 
 <w id="w12.2.17">16</w>                              
 <w id="w12.2.18">E-</w>
 <w id="w12.2.19">mail</w>
 <w id="w12.2.20">:</w> 
 <w id="w12.2.21">mail@</w>
 <w id="w12.2.22">emea.</w>
 <w id="w12.2.23">europa.</w>
 <w id="w12.2.24">eu</w> 
 <w id="w12.2.25">http</w>
 <w id="w12.2.26">:</w>
 <w id="w12.2.27">//</w>
 <w id="w12.2.28">www.</w>
 <w id="w12.2.29">emea.</w>
 <w id="w12.2.30">europa.</w>
 <w id="w12.2.31">eu</w>
</s></p>

<p id="13">
<s id="s13.1">
 <w id="w13.1.1">©</w> 
 <w id="w13.1.2">European</w> 
 <w id="w13.1.3">Medicines</w> 
 <w id="w13.1.4">Agency</w>
 <w id="w13.1.5">,</w> 
 <w id="w13.1.6">2009</w>
 <w id="w13.1.7">.</w>
</s> 
 
<s id="s13.2">
 <w id="w13.2.1">Reproduction</w> 
 <w id="w13.2.2">is</w> 
 <w id="w13.2.3">authorised</w> 
 <w id="w13.2.4">provided</w> 
 <w id="w13.2.5">the</w> 
 <w id="w13.2.6">source</w> 
 <w id="w13.2.7">is</w> 
 <w id="w13.2.8">acknowledged</w>
 <w id="w13.2.9">.</w>
</s> 
 
<s id="s13.3">
 <w id="w13.3.1">Druga</w> 
 <w id="w13.3.2">študija</w> 
 <w id="w13.3.3">je</w> 
 <w id="w13.3.4">raziskovala</w> 
 <w id="w13.3.5">učinkovitost</w> 
 <w id="w13.3.6">zdravila</w> 
 <w id="w13.3.7">Aloxi</w> 
 <w id="w13.3.8">pri</w> 
 <w id="w13.3.9">preprečevanju</w> 
 <w id="w13.3.10">slabosti</w> 
 <w id="w13.3.11">in</w> 
 <w id="w13.3.12">bruhanja</w> 
 <w id="w13.3.13">zaradi</w> 
 <w id="w13.3.14">kemoterapije</w> 
 <w id="w13.3.15">v</w> 
 <w id="w13.3.16">ponovljenih</w> 
 <w id="w13.3.17">kemoterapevtskih</w> 
 <w id="w13.3.18">ciklih</w>
 <w id="w13.3.19">.</w>
</s> 
 
<s id="s13.4">
 <w id="w13.4.1">V</w> 
 <w id="w13.4.2">tej</w> 
 <w id="w13.4.3">študiji</w> 
 <w id="w13.4.4">zdravila</w> 
 <w id="w13.4.5">Aloxi</w> 
 <w id="w13.4.6">niso</w> 
 <w id="w13.4.7">primerjali</w> 
 <w id="w13.4.8">z</w> 
 <w id="w13.4.9">nobenim</w> 
 <w id="w13.4.10">drugim</w> 
 <w id="w13.4.11">antiemetikom</w>
 <w id="w13.4.12">.</w>
</s></p>

<p id="14">
<s id="s14.1">
 <w id="w14.1.1">Kakšne</w> 
 <w id="w14.1.2">koristi</w> 
 <w id="w14.1.3">je</w> 
 <w id="w14.1.4">zdravilo</w> 
 <w id="w14.1.5">Aloxi</w> 
 <w id="w14.1.6">izkazalo</w> 
 <w id="w14.1.7">med</w> 
 <w id="w14.1.8">študijami</w>
 <w id="w14.1.9">?</w>
</s> 
 
<s id="s14.2">
 <w id="w14.2.1">Zdravilo</w> 
 <w id="w14.2.2">Aloxi</w> 
 <w id="w14.2.3">je</w> 
 <w id="w14.2.4">bilo</w> 
 <w id="w14.2.5">tako</w> 
 <w id="w14.2.6">učinkovito</w> 
 <w id="w14.2.7">kot</w> 
 <w id="w14.2.8">drugi</w> 
 <w id="w14.2.9">antiemetiki</w>
 <w id="w14.2.10">.</w>
</s> 
 
<s id="s14.3">
 <w id="w14.3.1">Pri</w> 
 <w id="w14.3.2">kemoterapijah</w>
 <w id="w14.3.3">,</w> 
 <w id="w14.3.4">ki</w> 
 <w id="w14.3.5">so</w> 
 <w id="w14.3.6">močne</w> 
 <w id="w14.3.7">povzročiteljice</w> 
 <w id="w14.3.8">slabosti</w> 
 <w id="w14.3.9">in</w> 
 <w id="w14.3.10">bruhanja</w>
 <w id="w14.3.11">,</w> 
 <w id="w14.3.12">59</w> 
 <w id="w14.3.13">%</w> 
 <w id="w14.3.14">bolnikov</w>
 <w id="w14.3.15">,</w> 
 <w id="w14.3.16">ki</w> 
 <w id="w14.3.17">so</w> 
 <w id="w14.3.18">prejemali</w> 
 <w id="w14.3.19">zdravilo</w> 
 <w id="w14.3.20">Aloxi</w>
 <w id="w14.3.21">,</w> 
 <w id="w14.3.22">ni</w> 
 <w id="w14.3.23">imelo</w> 
 <w id="w14.3.24">napadov</w> 
 <w id="w14.3.25">bruhanja</w> 
 <w id="w14.3.26">v</w> 
 <w id="w14.3.27">24</w> 
 <w id="w14.3.28">urah</w> 
 <w id="w14.3.29">po</w> 
 <w id="w14.3.30">kemoterapiji</w> 
 <w id="w14.3.31">(</w>
 <w id="w14.3.32">132</w> 
 <w id="w14.3.33">od</w> 
 <w id="w14.3.34">223</w>
 <w id="w14.3.35">)</w> 
 <w id="w14.3.36">v</w> 
 <w id="w14.3.37">primerjavi</w> 
 <w id="w14.3.38">s</w> 
 <w id="w14.3.39">57</w> 
 <w id="w14.3.40">%</w> 
 <w id="w14.3.41">bolnikov</w>
 <w id="w14.3.42">,</w> 
 <w id="w14.3.43">ki</w> 
 <w id="w14.3.44">so</w> 
 <w id="w14.3.45">prejemali</w> 
 <w id="w14.3.46">ondansetron</w> 
 <w id="w14.3.47">(</w>
 <w id="w14.3.48">126</w> 
 <w id="w14.3.49">od</w> 
 <w id="w14.3.50">221</w>
 <w id="w14.3.51">)</w>
 <w id="w14.3.52">.</w>
</s> 
 
<s id="s14.4">
 <w id="w14.4.1">Pri</w> 
 <w id="w14.4.2">kemoterapijah</w>
 <w id="w14.4.3">,</w> 
 <w id="w14.4.4">ki</w> 
 <w id="w14.4.5">so</w> 
 <w id="w14.4.6">zmerne</w> 
 <w id="w14.4.7">povzročiteljice</w> 
 <w id="w14.4.8">slabosti</w> 
 <w id="w14.4.9">in</w> 
 <w id="w14.4.10">bruhanja</w>
 <w id="w14.4.11">,</w> 
 <w id="w14.4.12">81</w>
 <w id="w14.4.13">%</w> 
 <w id="w14.4.14">bolnikov</w>
 <w id="w14.4.15">,</w> 
 <w id="w14.4.16">ki</w> 
 <w id="w14.4.17">so</w> 
 <w id="w14.4.18">prejemali</w> 
 <w id="w14.4.19">zdravilo</w> 
 <w id="w14.4.20">Aloxi</w>
 <w id="w14.4.21">,</w> 
 <w id="w14.4.22">ni</w> 
 <w id="w14.4.23">imelo</w> 
 <w id="w14.4.24">napadov</w> 
 <w id="w14.4.25">bruhanja</w> 
 <w id="w14.4.26">v</w> 
 <w id="w14.4.27">24</w> 
 <w id="w14.4.28">urah</w> 
 <w id="w14.4.29">po</w> 
 <w id="w14.4.30">kemoterapiji</w> 
 <w id="w14.4.31">(</w>
 <w id="w14.4.32">153</w> 
 <w id="w14.4.33">od</w> 
 <w id="w14.4.34">189</w>
 <w id="w14.4.35">)</w> 
 <w id="w14.4.36">v</w> 
 <w id="w14.4.37">primerjavi</w> 
 <w id="w14.4.38">s</w> 
 <w id="w14.4.39">69</w> 
 <w id="w14.4.40">%</w> 
 <w id="w14.4.41">tistih</w>
 <w id="w14.4.42">,</w> 
 <w id="w14.4.43">ki</w> 
 <w id="w14.4.44">so</w> 
 <w id="w14.4.45">prejemali</w> 
 <w id="w14.4.46">ondansetron</w> 
 <w id="w14.4.47">(</w>
 <w id="w14.4.48">127</w> 
 <w id="w14.4.49">od</w> 
 <w id="w14.4.50">185</w>
 <w id="w14.4.51">)</w>
 <w id="w14.4.52">.</w>
</s> 
 
<s id="s14.5">
 <w id="w14.5.1">Primerjava</w> 
 <w id="w14.5.2">z</w> 
 <w id="w14.5.3">dolasetronom</w> 
 <w id="w14.5.4">je</w> 
 <w id="w14.5.5">pokazala</w> 
 <w id="w14.5.6">vrednosti</w> 
 <w id="w14.5.7">63</w> 
 <w id="w14.5.8">%</w> 
 <w id="w14.5.9">za</w> 
 <w id="w14.5.10">zdravilo</w> 
 <w id="w14.5.11">Aloxi</w> 
 <w id="w14.5.12">(</w>
 <w id="w14.5.13">119</w> 
 <w id="w14.5.14">bolnikov</w> 
 <w id="w14.5.15">od</w> 
 <w id="w14.5.16">189</w>
 <w id="w14.5.17">)</w> 
 <w id="w14.5.18">in</w> 
 <w id="w14.5.19">53</w> 
 <w id="w14.5.20">%</w> 
 <w id="w14.5.21">za</w> 
 <w id="w14.5.22">dolastetron</w> 
 <w id="w14.5.23">(</w>
 <w id="w14.5.24">101</w> 
 <w id="w14.5.25">bolnik</w> 
 <w id="w14.5.26">od</w> 
 <w id="w14.5.27">191</w>
 <w id="w14.5.28">)</w>
 <w id="w14.5.29">.</w>
</s> 
 
<s id="s14.6">
 <w id="w14.6.1">Učinkovitost</w> 
 <w id="w14.6.2">zdravila</w> 
 <w id="w14.6.3">Aloxi</w> 
 <w id="w14.6.4">se</w> 
 <w id="w14.6.5">je</w> 
 <w id="w14.6.6">pokazala</w> 
 <w id="w14.6.7">tudi</w> 
 <w id="w14.6.8">v</w> 
 <w id="w14.6.9">ponavljajočih</w> 
 <w id="w14.6.10">se</w> 
 <w id="w14.6.11">ciklih</w> 
 <w id="w14.6.12">kemoterapije</w>
 <w id="w14.6.13">.</w>
</s></p>

<p id="15">
<s id="s15.1">
 <w id="w15.1.1">Kakšna</w> 
 <w id="w15.1.2">tveganja</w> 
 <w id="w15.1.3">so</w> 
 <w id="w15.1.4">povezana</w> 
 <w id="w15.1.5">z</w> 
 <w id="w15.1.6">zdravilom</w> 
 <w id="w15.1.7">Aloxi</w>
 <w id="w15.1.8">?</w>
</s> 
 
<s id="s15.2">
 <w id="w15.2.1">Najpogostejši</w> 
 <w id="w15.2.2">neželeni</w> 
 <w id="w15.2.3">učinki</w> 
 <w id="w15.2.4">zdravila</w> 
 <w id="w15.2.5">Aloxi</w> 
 <w id="w15.2.6">(</w>
 <w id="w15.2.7">opaženi</w> 
 <w id="w15.2.8">pri</w> 
 <w id="w15.2.9">1</w> 
 <w id="w15.2.10">do</w> 
 <w id="w15.2.11">10</w> 
 <w id="w15.2.12">bolnikih</w> 
 <w id="w15.2.13">od</w> 
 <w id="w15.2.14">100</w>
 <w id="w15.2.15">)</w> 
 <w id="w15.2.16">so</w> 
 <w id="w15.2.17">glavobol</w>
 <w id="w15.2.18">,</w> 
 <w id="w15.2.19">omotica</w>
 <w id="w15.2.20">,</w> 
 <w id="w15.2.21">zaprtje</w> 
 <w id="w15.2.22">in</w> 
 <w id="w15.2.23">driska</w>
 <w id="w15.2.24">.</w>
</s> 
 
<s id="s15.3">
 <w id="w15.3.1">Za</w> 
 <w id="w15.3.2">celoten</w> 
 <w id="w15.3.3">seznam</w> 
 <w id="w15.3.4">neželenih</w> 
 <w id="w15.3.5">učinkov</w>
 <w id="w15.3.6">,</w> 
 <w id="w15.3.7">o</w> 
 <w id="w15.3.8">katerih</w> 
 <w id="w15.3.9">so</w> 
 <w id="w15.3.10">poročali</w> 
 <w id="w15.3.11">pri</w> 
 <w id="w15.3.12">uporabi</w> 
 <w id="w15.3.13">zdravila</w> 
 <w id="w15.3.14">Aloxi</w>
 <w id="w15.3.15">,</w> 
 <w id="w15.3.16">glejte</w> 
 <w id="w15.3.17">navodilo</w> 
 <w id="w15.3.18">za</w> 
 <w id="w15.3.19">uporabo</w>
 <w id="w15.3.20">.</w>
</s> 
 
<s id="s15.4">
 <w id="w15.4.1">Zdravila</w> 
 <w id="w15.4.2">Aloxi</w> 
 <w id="w15.4.3">ne</w> 
 <w id="w15.4.4">smejo</w> 
 <w id="w15.4.5">uporabljati</w> 
 <w id="w15.4.6">osebe</w>
 <w id="w15.4.7">,</w> 
 <w id="w15.4.8">ki</w> 
 <w id="w15.4.9">utegnejo</w> 
 <w id="w15.4.10">biti</w> 
 <w id="w15.4.11">preobčutljive</w> 
 <w id="w15.4.12">(</w>
 <w id="w15.4.13">alergične</w>
 <w id="w15.4.14">)</w> 
 <w id="w15.4.15">na</w> 
 <w id="w15.4.16">palonosetron</w> 
 <w id="w15.4.17">ali</w> 
 <w id="w15.4.18">katero</w> 
 <w id="w15.4.19">koli</w> 
 <w id="w15.4.20">drugo</w> 
 <w id="w15.4.21">sestavino</w> 
 <w id="w15.4.22">zdravila</w>
 <w id="w15.4.23">.</w>
</s></p>

<p id="16">
<s id="s16.1">
 <w id="w16.1.1">Zakaj</w> 
 <w id="w16.1.2">je</w> 
 <w id="w16.1.3">bilo</w> 
 <w id="w16.1.4">zdravilo</w> 
 <w id="w16.1.5">Aloxi</w> 
 <w id="w16.1.6">odobreno</w>
 <w id="w16.1.7">?</w>
</s> 
 
<s id="s16.2">
 <w id="w16.2.1">Odbor</w> 
 <w id="w16.2.2">za</w> 
 <w id="w16.2.3">zdravila</w> 
 <w id="w16.2.4">za</w> 
 <w id="w16.2.5">uporabo</w> 
 <w id="w16.2.6">v</w> 
 <w id="w16.2.7">humani</w> 
 <w id="w16.2.8">medicini</w> 
 <w id="w16.2.9">(</w>
 <w id="w16.2.10">CHMP</w>
 <w id="w16.2.11">)</w> 
 <w id="w16.2.12">je</w> 
 <w id="w16.2.13">odločil</w>
 <w id="w16.2.14">,</w> 
 <w id="w16.2.15">da</w> 
 <w id="w16.2.16">so</w> 
 <w id="w16.2.17">koristi</w> 
 <w id="w16.2.18">zdravila</w> 
 <w id="w16.2.19">Aloxi</w> 
 <w id="w16.2.20">pri</w> 
 <w id="w16.2.21">preprečevanju</w> 
 <w id="w16.2.22">slabosti</w> 
 <w id="w16.2.23">in</w> 
 <w id="w16.2.24">bruhanja</w>
 <w id="w16.2.25">,</w> 
 <w id="w16.2.26">ki</w> 
 <w id="w16.2.27">ju</w> 
 <w id="w16.2.28">povzročata</w> 
 <w id="w16.2.29">močna</w> 
 <w id="w16.2.30">in</w> 
 <w id="w16.2.31">zmerna</w> 
 <w id="w16.2.32">emetogena</w> 
 <w id="w16.2.33">kemoterapija</w>
 <w id="w16.2.34">,</w> 
 <w id="w16.2.35">večje</w> 
 <w id="w16.2.36">od</w> 
 <w id="w16.2.37">z</w> 
 <w id="w16.2.38">njim</w> 
 <w id="w16.2.39">povezanih</w> 
 <w id="w16.2.40">tveganj</w>
 <w id="w16.2.41">.</w>
</s> 
 
<s id="s16.3">
 <w id="w16.3.1">Odbor</w> 
 <w id="w16.3.2">je</w> 
 <w id="w16.3.3">priporočil</w>
 <w id="w16.3.4">,</w> 
 <w id="w16.3.5">da</w> 
 <w id="w16.3.6">se</w> 
 <w id="w16.3.7">za</w> 
 <w id="w16.3.8">zdravilo</w> 
 <w id="w16.3.9">Aloxi</w> 
 <w id="w16.3.10">odobri</w> 
 <w id="w16.3.11">dovoljenje</w> 
 <w id="w16.3.12">za</w> 
 <w id="w16.3.13">promet</w>
 <w id="w16.3.14">.</w>
</s></p>

<p id="17">
<s id="s17.1">
 <w id="w17.1.1">Druge</w> 
 <w id="w17.1.2">informacije</w> 
 <w id="w17.1.3">o</w> 
 <w id="w17.1.4">zdravilu</w> 
 <w id="w17.1.5">Aloxi</w>
 <w id="w17.1.6">:</w>
</s> 
 
<s id="s17.2">
 <w id="w17.2.1">Evropska</w> 
 <w id="w17.2.2">komisija</w> 
 <w id="w17.2.3">je</w> 
 <w id="w17.2.4">dovoljenje</w> 
 <w id="w17.2.5">za</w> 
 <w id="w17.2.6">promet</w> 
 <w id="w17.2.7">z</w> 
 <w id="w17.2.8">zdravilom</w> 
 <w id="w17.2.9">Aloxi</w>
 <w id="w17.2.10">,</w> 
 <w id="w17.2.11">veljavno</w> 
 <w id="w17.2.12">po</w> 
 <w id="w17.2.13">vsej</w> 
 <w id="w17.2.14">Evropski</w> 
 <w id="w17.2.15">uniji</w>
 <w id="w17.2.16">,</w> 
 <w id="w17.2.17">odobrila</w> 
 <w id="w17.2.18">družbi</w> 
 <w id="w17.2.19">Helsinn</w> 
 <w id="w17.2.20">Birex</w> 
 <w id="w17.2.21">Pharmaceuticals</w> 
 <w id="w17.2.22">Ltd</w>
 <w id="w17.2.23">.</w> 
 <w id="w17.2.24">dne</w> 
 <w id="w17.2.25">22</w>
 <w id="w17.2.26">.</w> 
 <w id="w17.2.27">marca</w> 
 <w id="w17.2.28">2005</w>
 <w id="w17.2.29">.</w>
</s></p>

<p id="18">
<s id="s18.1">
 <w id="w18.1.1">Celotno</w> 
 <w id="w18.1.2">evropsko</w> 
 <w id="w18.1.3">javno</w> 
 <w id="w18.1.4">poročilo</w> 
 <w id="w18.1.5">o</w> 
 <w id="w18.1.6">oceni</w> 
 <w id="w18.1.7">zdravila</w> 
 <w id="w18.1.8">(</w>
 <w id="w18.1.9">EPAR</w>
 <w id="w18.1.10">)</w> 
 <w id="w18.1.11">je</w> 
 <w id="w18.1.12">na</w> 
 <w id="w18.1.13">voljo</w> 
 <w id="w18.1.14">tukaj</w>
 <w id="w18.1.15">.</w>
</s></p>

<p id="19">
<s id="s19.1">
 <w id="w19.1.1">Povzetek</w> 
 <w id="w19.1.2">je</w> 
 <w id="w19.1.3">bil</w> 
 <w id="w19.1.4">nazadnje</w> 
 <w id="w19.1.5">posodobljen</w> 
 <w id="w19.1.6">01-</w>
 <w id="w19.1.7">2009</w>
 <w id="w19.1.8">.</w>
</s></p>

<p id="20">
<s id="s20.1">
 <w id="w20.1.1">2/</w>
 <w id="w20.1.2">2</w>
</s></p></text>
