<?xml version="1.0" encoding="utf-8"?>
<text>
<p id="1">
<s id="s1.1">
 <w id="w1.1.1">European</w> 
 <w id="w1.1.2">Medicines</w> 
 <w id="w1.1.3">Agency</w>
</s></p>

<p id="2">
<s id="s2.1">
 <w id="w2.1.1">London</w>
 <w id="w2.1.2">,</w> 
 <w id="w2.1.3">21</w>
 <w id="w2.1.4">.</w> 
 <w id="w2.1.5">avgust</w> 
 <w id="w2.1.6">2008</w>                                                                                  
 <w id="w2.1.7">Sklic</w> 
 <w id="w2.1.8">dok</w>
 <w id="w2.1.9">.</w>
</s> 
 
<s id="s2.2">
 <w id="w2.2.1">EMEA/</w>
 <w id="w2.2.2">402553/</w>
 <w id="w2.2.3">2008</w>
</s></p>

<p id="3">
<s id="s3.1">
 <w id="w3.1.1">Vprašanja</w> 
 <w id="w3.1.2">in</w> 
 <w id="w3.1.3">odgovori</w> 
 <w id="w3.1.4">v</w> 
 <w id="w3.1.5">zvezi</w> 
 <w id="w3.1.6">z</w> 
 <w id="w3.1.7">umikom</w> 
 <w id="w3.1.8">vloge</w> 
 <w id="w3.1.9">za</w> 
 <w id="w3.1.10">dovoljenje</w> 
 <w id="w3.1.11">za</w> 
 <w id="w3.1.12">promet</w>                                       
 <w id="w3.1.13">z</w> 
 <w id="w3.1.14">zdravilom</w>                                          
 <w id="w3.1.15">Diractin</w>
</s></p>

<p id="4">
<s id="s4.1">
 <w id="w4.1.1">Mednarodno</w> 
 <w id="w4.1.2">nelastniško</w> 
 <w id="w4.1.3">ime</w> 
 <w id="w4.1.4">(</w>
 <w id="w4.1.5">INN</w>
 <w id="w4.1.6">)</w>
 <w id="w4.1.7">:</w> 
 <w id="w4.1.8">ketoprofen</w>
</s></p>

<p id="5">
<s id="s5.1">
 <w id="w5.1.1">Družba</w> 
 <w id="w5.1.2">IDEA</w> 
 <w id="w5.1.3">AG</w> 
 <w id="w5.1.4">je</w> 
 <w id="w5.1.5">dne</w> 
 <w id="w5.1.6">23</w>
 <w id="w5.1.7">.</w> 
 <w id="w5.1.8">julija</w> 
 <w id="w5.1.9">2008</w> 
 <w id="w5.1.10">uradno</w> 
 <w id="w5.1.11">obvestila</w> 
 <w id="w5.1.12">Odbor</w> 
 <w id="w5.1.13">za</w> 
 <w id="w5.1.14">zdravila</w> 
 <w id="w5.1.15">za</w> 
 <w id="w5.1.16">uporabo</w> 
 <w id="w5.1.17">v</w> 
 <w id="w5.1.18">humani</w> 
 <w id="w5.1.19">medicini</w> 
 <w id="w5.1.20">(</w>
 <w id="w5.1.21">CHMP</w>
 <w id="w5.1.22">)</w>
 <w id="w5.1.23">,</w> 
 <w id="w5.1.24">da</w> 
 <w id="w5.1.25">želi</w> 
 <w id="w5.1.26">umakniti</w> 
 <w id="w5.1.27">vlogo</w> 
 <w id="w5.1.28">za</w> 
 <w id="w5.1.29">dovoljenje</w> 
 <w id="w5.1.30">za</w> 
 <w id="w5.1.31">promet</w> 
 <w id="w5.1.32">z</w> 
 <w id="w5.1.33">zdravilom</w> 
 <w id="w5.1.34">Diractin</w> 
 <w id="w5.1.35">za</w> 
 <w id="w5.1.36">zdravljenje</w> 
 <w id="w5.1.37">simptomov</w> 
 <w id="w5.1.38">vnetja</w> 
 <w id="w5.1.39">in</w> 
 <w id="w5.1.40">bolečin</w>
 <w id="w5.1.41">,</w> 
 <w id="w5.1.42">povezanih</w> 
 <w id="w5.1.43">z</w> 
 <w id="w5.1.44">osteoartritisom</w>
 <w id="w5.1.45">.</w>
</s></p>

<p id="6">
<s id="s6.1">
 <w id="w6.1.1">Kaj</w> 
 <w id="w6.1.2">je</w> 
 <w id="w6.1.3">zdravilo</w> 
 <w id="w6.1.4">Diractin</w>
 <w id="w6.1.5">?</w>
</s> 
 
<s id="s6.2">
 <w id="w6.2.1">Diractin</w> 
 <w id="w6.2.2">je</w> 
 <w id="w6.2.3">zdravilo</w>
 <w id="w6.2.4">,</w> 
 <w id="w6.2.5">ki</w> 
 <w id="w6.2.6">vsebuje</w> 
 <w id="w6.2.7">zdravilno</w> 
 <w id="w6.2.8">učinkovino</w> 
 <w id="w6.2.9">ketoprofen</w>
 <w id="w6.2.10">.</w>
</s> 
 
<s id="s6.3">
 <w id="w6.3.1">Zdravilo</w> 
 <w id="w6.3.2">je</w> 
 <w id="w6.3.3">na</w> 
 <w id="w6.3.4">voljo</w> 
 <w id="w6.3.5">v</w> 
 <w id="w6.3.6">obliki</w> 
 <w id="w6.3.7">gela</w>
 <w id="w6.3.8">,</w> 
 <w id="w6.3.9">ki</w> 
 <w id="w6.3.10">vsebuje</w> 
 <w id="w6.3.11">22,</w>
 <w id="w6.3.12">9</w> 
 <w id="w6.3.13">mg</w> 
 <w id="w6.3.14">ketoprofena</w> 
 <w id="w6.3.15">na</w> 
 <w id="w6.3.16">gram</w> 
 <w id="w6.3.17">gela</w>
 <w id="w6.3.18">.</w>
</s></p>

<p id="7">
<s id="s7.1">
 <w id="w7.1.1">Za</w> 
 <w id="w7.1.2">kaj</w> 
 <w id="w7.1.3">naj</w> 
 <w id="w7.1.4">bi</w> 
 <w id="w7.1.5">se</w> 
 <w id="w7.1.6">zdravilo</w> 
 <w id="w7.1.7">Diractin</w> 
 <w id="w7.1.8">uporabljalo</w>
 <w id="w7.1.9">?</w>
</s> 
 
<s id="s7.2">
 <w id="w7.2.1">Zdravilo</w> 
 <w id="w7.2.2">Diractin</w> 
 <w id="w7.2.3">naj</w> 
 <w id="w7.2.4">bi</w> 
 <w id="w7.2.5">se</w> 
 <w id="w7.2.6">uporabljalo</w> 
 <w id="w7.2.7">za</w> 
 <w id="w7.2.8">zdravljenje</w> 
 <w id="w7.2.9">simptomov</w> 
 <w id="w7.2.10">vnetja</w> 
 <w id="w7.2.11">in</w> 
 <w id="w7.2.12">bolečin</w>
 <w id="w7.2.13">,</w> 
 <w id="w7.2.14">povezanih</w> 
 <w id="w7.2.15">z</w> 
 <w id="w7.2.16">osteoartritisom</w> 
 <w id="w7.2.17">(</w>
 <w id="w7.2.18">stanjem</w>
 <w id="w7.2.19">,</w> 
 <w id="w7.2.20">ki</w> 
 <w id="w7.2.21">povzroča</w> 
 <w id="w7.2.22">otekline</w> 
 <w id="w7.2.23">in</w> 
 <w id="w7.2.24">bolečine</w> 
 <w id="w7.2.25">v</w> 
 <w id="w7.2.26">sklepih</w>
 <w id="w7.2.27">)</w>
 <w id="w7.2.28">.</w>
</s></p>

<p id="8">
<s id="s8.1">
 <w id="w8.1.1">Kako</w> 
 <w id="w8.1.2">naj</w> 
 <w id="w8.1.3">bi</w> 
 <w id="w8.1.4">zdravilo</w> 
 <w id="w8.1.5">Diractin</w> 
 <w id="w8.1.6">delovalo</w>
 <w id="w8.1.7">?</w>
</s> 
 
<s id="s8.2">
 <w id="w8.2.1">Zdravilna</w> 
 <w id="w8.2.2">učinkovina</w> 
 <w id="w8.2.3">zdravila</w> 
 <w id="w8.2.4">Diractin</w>
 <w id="w8.2.5">,</w> 
 <w id="w8.2.6">ketoprofen</w>
 <w id="w8.2.7">,</w> 
 <w id="w8.2.8">je</w> 
 <w id="w8.2.9">nesteroidno</w> 
 <w id="w8.2.10">protivnetno</w> 
 <w id="w8.2.11">zdravilo</w> 
 <w id="w8.2.12">(</w>
 <w id="w8.2.13">NSAID</w>
 <w id="w8.2.14">)</w>
 <w id="w8.2.15">.</w>
</s> 
 
<s id="s8.3">
 <w id="w8.3.1">Pričakovali</w> 
 <w id="w8.3.2">so</w>
 <w id="w8.3.3">,</w> 
 <w id="w8.3.4">da</w> 
 <w id="w8.3.5">bo</w> 
 <w id="w8.3.6">zdravilna</w> 
 <w id="w8.3.7">učinkovina</w> 
 <w id="w8.3.8">zavirala</w> 
 <w id="w8.3.9">encim</w>
 <w id="w8.3.10">,</w> 
 <w id="w8.3.11">imenovan</w> 
 <w id="w8.3.12">ciklooksigenaza</w>
 <w id="w8.3.13">,</w> 
 <w id="w8.3.14">ki</w> 
 <w id="w8.3.15">sodeluje</w> 
 <w id="w8.3.16">pri</w> 
 <w id="w8.3.17">proizvajanju</w> 
 <w id="w8.3.18">prostaglandinov</w>
 <w id="w8.3.19">,</w> 
 <w id="w8.3.20">snovi</w>
 <w id="w8.3.21">,</w> 
 <w id="w8.3.22">ki</w> 
 <w id="w8.3.23">so</w> 
 <w id="w8.3.24">vključene</w> 
 <w id="w8.3.25">v</w> 
 <w id="w8.3.26">vnetne</w> 
 <w id="w8.3.27">procese</w>
 <w id="w8.3.28">.</w>
</s> 
 
<s id="s8.4">
 <w id="w8.4.1">Pričakovali</w> 
 <w id="w8.4.2">so</w>
 <w id="w8.4.3">,</w> 
 <w id="w8.4.4">da</w> 
 <w id="w8.4.5">se</w> 
 <w id="w8.4.6">bosta</w> 
 <w id="w8.4.7">z</w> 
 <w id="w8.4.8">zmanjšanjem</w> 
 <w id="w8.4.9">proizvodnje</w> 
 <w id="w8.4.10">prostaglandinov</w> 
 <w id="w8.4.11">zmanjšala</w> 
 <w id="w8.4.12">tudi</w> 
 <w id="w8.4.13">vnetje</w> 
 <w id="w8.4.14">in</w> 
 <w id="w8.4.15">bolečina</w>
 <w id="w8.4.16">,</w> 
 <w id="w8.4.17">ki</w> 
 <w id="w8.4.18">ju</w> 
 <w id="w8.4.19">povzroča</w> 
 <w id="w8.4.20">osteoartritis</w>
 <w id="w8.4.21">.</w>
</s> 
 
<s id="s8.5">
 <w id="w8.5.1">Ketoprofen</w> 
 <w id="w8.5.2">se</w> 
 <w id="w8.5.3">v</w> 
 <w id="w8.5.4">gelu</w> 
 <w id="w8.5.5">Diractin</w> 
 <w id="w8.5.6">nahaja</w> 
 <w id="w8.5.7">v</w> 
 <w id="w8.5.8">posebnih</w>
 <w id="w8.5.9">,</w> 
 <w id="w8.5.10">majhnih</w>
 <w id="w8.5.11">,</w> 
 <w id="w8.5.12">maščobnih</w> 
 <w id="w8.5.13">delcih</w> 
 <w id="w8.5.14">(</w>
 <w id="w8.5.15">imenovanih</w> 
 <w id="w8.5.16">transfersomi</w>
 <w id="w8.5.17">)</w>
 <w id="w8.5.18">,</w> 
 <w id="w8.5.19">za</w> 
 <w id="w8.5.20">katere</w> 
 <w id="w8.5.21">se</w> 
 <w id="w8.5.22">pričakuje</w>
 <w id="w8.5.23">,</w> 
 <w id="w8.5.24">da</w> 
 <w id="w8.5.25">bodo</w> 
 <w id="w8.5.26">prenesli</w> 
 <w id="w8.5.27">ketoprofen</w> 
 <w id="w8.5.28">skozi</w> 
 <w id="w8.5.29">kožo</w> 
 <w id="w8.5.30">in</w> 
 <w id="w8.5.31">ga</w> 
 <w id="w8.5.32">sprostili</w> 
 <w id="w8.5.33">globoko</w> 
 <w id="w8.5.34">pod</w> 
 <w id="w8.5.35">kožo</w>
 <w id="w8.5.36">,</w> 
 <w id="w8.5.37">kjer</w> 
 <w id="w8.5.38">se</w> 
 <w id="w8.5.39">pri</w> 
 <w id="w8.5.40">osteoartritisu</w> 
 <w id="w8.5.41">pojavi</w> 
 <w id="w8.5.42">vnetje</w>
 <w id="w8.5.43">.</w>
</s></p>

<p id="9">
<s id="s9.1">
 <w id="w9.1.1">Katero</w> 
 <w id="w9.1.2">dokumentacijo</w> 
 <w id="w9.1.3">je</w> 
 <w id="w9.1.4">družba</w> 
 <w id="w9.1.5">predložila</w> 
 <w id="w9.1.6">CHMP</w> 
 <w id="w9.1.7">v</w> 
 <w id="w9.1.8">podporo</w> 
 <w id="w9.1.9">svoji</w> 
 <w id="w9.1.10">vlogi</w> 
 <w id="w9.1.11">?</w>
</s> 
 
<s id="s9.2">
 <w id="w9.2.1">Učinki</w> 
 <w id="w9.2.2">zdravila</w> 
 <w id="w9.2.3">Diractin</w> 
 <w id="w9.2.4">so</w> 
 <w id="w9.2.5">bili</w> 
 <w id="w9.2.6">najprej</w> 
 <w id="w9.2.7">preizkušeni</w> 
 <w id="w9.2.8">na</w> 
 <w id="w9.2.9">poskusnih</w> 
 <w id="w9.2.10">modelih</w>
 <w id="w9.2.11">,</w> 
 <w id="w9.2.12">nato</w> 
 <w id="w9.2.13">pa</w> 
 <w id="w9.2.14">so</w> 
 <w id="w9.2.15">jih</w> 
 <w id="w9.2.16">raziskali</w> 
 <w id="w9.2.17">pri</w> 
 <w id="w9.2.18">ljudeh</w>
 <w id="w9.2.19">.</w>
</s> 
 
<s id="s9.3">
 <w id="w9.3.1">Učinkovitost</w> 
 <w id="w9.3.2">zdravila</w> 
 <w id="w9.3.3">Diractin</w> 
 <w id="w9.3.4">so</w> 
 <w id="w9.3.5">raziskovali</w> 
 <w id="w9.3.6">v</w> 
 <w id="w9.3.7">eni</w> 
 <w id="w9.3.8">glavni</w> 
 <w id="w9.3.9">študiji</w>
 <w id="w9.3.10">,</w> 
 <w id="w9.3.11">ki</w> 
 <w id="w9.3.12">je</w> 
 <w id="w9.3.13">vključevala</w> 
 <w id="w9.3.14">866</w> 
 <w id="w9.3.15">bolnikov</w> 
 <w id="w9.3.16">z</w> 
 <w id="w9.3.17">osteoartritisom</w> 
 <w id="w9.3.18">kolena</w>
 <w id="w9.3.19">.</w>
</s> 
 
<s id="s9.4">
 <w id="w9.4.1">V</w> 
 <w id="w9.4.2">študiji</w> 
 <w id="w9.4.3">so</w> 
 <w id="w9.4.4">primerjali</w> 
 <w id="w9.4.5">učinkovitost</w> 
 <w id="w9.4.6">treh</w> 
 <w id="w9.4.7">različnih</w> 
 <w id="w9.4.8">odmerkov</w> 
 <w id="w9.4.9">zdravila</w> 
 <w id="w9.4.10">Diractin</w> 
 <w id="w9.4.11">(</w>
 <w id="w9.4.12">25</w> 
 <w id="w9.4.13">mg</w>
 <w id="w9.4.14">,</w> 
 <w id="w9.4.15">50</w> 
 <w id="w9.4.16">mg</w> 
 <w id="w9.4.17">in</w> 
 <w id="w9.4.18">100</w> 
 <w id="w9.4.19">mg</w> 
 <w id="w9.4.20">dvakrat</w> 
 <w id="w9.4.21">dnevno</w>
 <w id="w9.4.22">)</w> 
 <w id="w9.4.23">s</w> 
 <w id="w9.4.24">placebom</w> 
 <w id="w9.4.25">(</w>
 <w id="w9.4.26">navidezno</w> 
 <w id="w9.4.27">zdravilo</w>
 <w id="w9.4.28">)</w>
 <w id="w9.4.29">.</w>
</s> 
 
<s id="s9.5">
 <w id="w9.5.1">Glavno</w> 
 <w id="w9.5.2">merilo</w> 
 <w id="w9.5.3">učinkovitosti</w> 
 <w id="w9.5.4">je</w> 
 <w id="w9.5.5">bila</w> 
 <w id="w9.5.6">sprememba</w> 
 <w id="w9.5.7">v</w> 
 <w id="w9.5.8">jakosti</w> 
 <w id="w9.5.9">bolečine</w> 
 <w id="w9.5.10">po</w> 
 <w id="w9.5.11">12</w>
 <w id="w9.5.12">.</w> 
 <w id="w9.5.13">tednih</w> 
 <w id="w9.5.14">zdravljenja</w>
 <w id="w9.5.15">.</w>
</s></p>

<p id="10">
<s id="s10.1">
 <w id="w10.1.1">Kako</w> 
 <w id="w10.1.2">daleč</w> 
 <w id="w10.1.3">je</w> 
 <w id="w10.1.4">bil</w> 
 <w id="w10.1.5">postopek</w> 
 <w id="w10.1.6">ocenjevanja</w> 
 <w id="w10.1.7">vloge</w> 
 <w id="w10.1.8">ob</w> 
 <w id="w10.1.9">njenem</w> 
 <w id="w10.1.10">umiku</w>
 <w id="w10.1.11">?</w>
</s> 
 
<s id="s10.2">
 <w id="w10.2.1">Družba</w> 
 <w id="w10.2.2">je</w> 
 <w id="w10.2.3">vlogo</w> 
 <w id="w10.2.4">umaknila</w> 
 <w id="w10.2.5">na</w> 
 <w id="w10.2.6">181</w>
 <w id="w10.2.7">.</w> 
 <w id="w10.2.8">dan</w> 
 <w id="w10.2.9">postopka</w>
 <w id="w10.2.10">.</w>
</s> 
 
<s id="s10.3">
 <w id="w10.3.1">Potem</w> 
 <w id="w10.3.2">ko</w> 
 <w id="w10.3.3">je</w> 
 <w id="w10.3.4">CHMP</w> 
 <w id="w10.3.5">ocenil</w> 
 <w id="w10.3.6">odgovore</w> 
 <w id="w10.3.7">družbe</w> 
 <w id="w10.3.8">na</w> 
 <w id="w10.3.9">seznam</w> 
 <w id="w10.3.10">vprašanj</w>
 <w id="w10.3.11">,</w> 
 <w id="w10.3.12">so</w> 
 <w id="w10.3.13">nekatera</w> 
 <w id="w10.3.14">tehtna</w> 
 <w id="w10.3.15">vprašanja</w> 
 <w id="w10.3.16">še</w> 
 <w id="w10.3.17">vedno</w> 
 <w id="w10.3.18">ostala</w> 
 <w id="w10.3.19">nerešena</w>
 <w id="w10.3.20">.</w>
</s> 
 
<s id="s10.4">
 <w id="w10.4.1">CHMP</w> 
 <w id="w10.4.2">običajno</w> 
 <w id="w10.4.3">potrebuje</w> 
 <w id="w10.4.4">do</w> 
 <w id="w10.4.5">210</w> 
 <w id="w10.4.6">dni</w> 
 <w id="w10.4.7">za</w> 
 <w id="w10.4.8">ocenjevanje</w> 
 <w id="w10.4.9">nove</w> 
 <w id="w10.4.10">vloge</w>
 <w id="w10.4.11">.</w>
</s> 
 
<s id="s10.5">
 <w id="w10.5.1">Na</w> 
 <w id="w10.5.2">podlagi</w> 
 <w id="w10.5.3">pregleda</w> 
 <w id="w10.5.4">začetne</w> 
 <w id="w10.5.5">dokumentacije</w> 
 <w id="w10.5.6">CHMP</w> 
 <w id="w10.5.7">pripravi</w> 
 <w id="w10.5.8">seznam</w> 
 <w id="w10.5.9">vprašanj</w> 
 <w id="w10.5.10">(</w>
 <w id="w10.5.11">120</w>
 <w id="w10.5.12">.</w> 
 <w id="w10.5.13">dan</w>
 <w id="w10.5.14">)</w>
 <w id="w10.5.15">,</w> 
 <w id="w10.5.16">ki</w> 
 <w id="w10.5.17">ga</w> 
 <w id="w10.5.18">pošlje</w> 
 <w id="w10.5.19">družbi</w>
 <w id="w10.5.20">.</w>
</s> 
 
<s id="s10.6">
 <w id="w10.6.1">Ko</w> 
 <w id="w10.6.2">družba</w> 
 <w id="w10.6.3">predloži</w> 
 <w id="w10.6.4">odgovore</w> 
 <w id="w10.6.5">na</w> 
 <w id="w10.6.6">vprašanja</w>
 <w id="w10.6.7">,</w> 
 <w id="w10.6.8">jih</w> 
 <w id="w10.6.9">CHMP</w> 
 <w id="w10.6.10">pregleda</w> 
 <w id="w10.6.11">in</w> 
 <w id="w10.6.12">lahko</w> 
 <w id="w10.6.13">pred</w> 
 <w id="w10.6.14">izdajo</w> 
 <w id="w10.6.15">svojega</w> 
 <w id="w10.6.16">mnenja</w> 
 <w id="w10.6.17">na</w> 
 <w id="w10.6.18">180</w>
 <w id="w10.6.19">.</w> 
 <w id="w10.6.20">dan</w> 
 <w id="w10.6.21">postopka</w> 
 <w id="w10.6.22">zastavi</w> 
 <w id="w10.6.23">morebitna</w> 
 <w id="w10.6.24">druga</w> 
 <w id="w10.6.25">vprašanja</w>
 <w id="w10.6.26">.</w>
</s> 
 
<s id="s10.7">
 <w id="w10.7.1">Potem</w> 
 <w id="w10.7.2">ko</w> 
 <w id="w10.7.3">CHMP</w> 
 <w id="w10.7.4">izda</w> 
 <w id="w10.7.5">svoje</w> 
 <w id="w10.7.6">mnenje</w>
 <w id="w10.7.7">,</w> 
 <w id="w10.7.8">navadno</w> 
 <w id="w10.7.9">traja</w> 
 <w id="w10.7.10">približno</w> 
 <w id="w10.7.11">dva</w> 
 <w id="w10.7.12">meseca</w>
 <w id="w10.7.13">,</w> 
 <w id="w10.7.14">preden</w> 
 <w id="w10.7.15">Evropska</w> 
 <w id="w10.7.16">komisija</w> 
 <w id="w10.7.17">dovoljenje</w> 
 <w id="w10.7.18">odobri</w>
 <w id="w10.7.19">.</w>
</s></p>

<p id="11">
<s id="s11.1">
 <w id="w11.1.1">7</w> 
 <w id="w11.1.2">Westferry</w> 
 <w id="w11.1.3">Circus</w>
 <w id="w11.1.4">,</w> 
 <w id="w11.1.5">Canary</w> 
 <w id="w11.1.6">Wharf</w>
 <w id="w11.1.7">,</w> 
 <w id="w11.1.8">London</w>
 <w id="w11.1.9">,</w> 
 <w id="w11.1.10">E14</w> 
 <w id="w11.1.11">4HB</w>
 <w id="w11.1.12">,</w> 
 <w id="w11.1.13">UK</w>                                   
 <w id="w11.1.14">Tel</w>
 <w id="w11.1.15">.</w>
</s> 
 
<s id="s11.2">
 <w id="w11.2.1">(</w>
 <w id="w11.2.2">44-</w>
 <w id="w11.2.3">20</w>
 <w id="w11.2.4">)</w> 
 <w id="w11.2.5">74</w> 
 <w id="w11.2.6">18</w> 
 <w id="w11.2.7">84</w> 
 <w id="w11.2.8">00</w> 
 <w id="w11.2.9">Fax</w> 
 <w id="w11.2.10">(</w>
 <w id="w11.2.11">44-</w>
 <w id="w11.2.12">20</w>
 <w id="w11.2.13">)</w> 
 <w id="w11.2.14">74</w> 
 <w id="w11.2.15">18</w> 
 <w id="w11.2.16">86</w> 
 <w id="w11.2.17">68</w>                               
 <w id="w11.2.18">E-</w>
 <w id="w11.2.19">mail</w>
 <w id="w11.2.20">:</w> 
 <w id="w11.2.21">mail@</w>
 <w id="w11.2.22">emea.</w>
 <w id="w11.2.23">europa.</w>
 <w id="w11.2.24">eu</w> 
 <w id="w11.2.25">http</w>
 <w id="w11.2.26">:</w>
 <w id="w11.2.27">//</w>
 <w id="w11.2.28">www.</w>
 <w id="w11.2.29">emea.</w>
 <w id="w11.2.30">europa.</w>
 <w id="w11.2.31">eu</w>
</s></p>

<p id="12">
<s id="s12.1">
 <w id="w12.1.1">©</w> 
 <w id="w12.1.2">European</w> 
 <w id="w12.1.3">Medicines</w> 
 <w id="w12.1.4">Agency</w>
 <w id="w12.1.5">,</w> 
 <w id="w12.1.6">2008</w>
 <w id="w12.1.7">.</w>
</s> 
 
<s id="s12.2">
 <w id="w12.2.1">Reproduction</w> 
 <w id="w12.2.2">is</w> 
 <w id="w12.2.3">authorised</w> 
 <w id="w12.2.4">provided</w> 
 <w id="w12.2.5">the</w> 
 <w id="w12.2.6">source</w> 
 <w id="w12.2.7">is</w> 
 <w id="w12.2.8">acknowledged</w>
 <w id="w12.2.9">.</w>
</s> 
 
<s id="s12.3">
 <w id="w12.3.1">Kakšno</w> 
 <w id="w12.3.2">je</w> 
 <w id="w12.3.3">bilo</w> 
 <w id="w12.3.4">takrat</w> 
 <w id="w12.3.5">priporočilo</w> 
 <w id="w12.3.6">CHMP</w>
 <w id="w12.3.7">?</w>
</s> 
 
<s id="s12.4">
 <w id="w12.4.1">Na</w> 
 <w id="w12.4.2">podlagi</w> 
 <w id="w12.4.3">pregleda</w> 
 <w id="w12.4.4">podatkov</w> 
 <w id="w12.4.5">in</w> 
 <w id="w12.4.6">odgovorov</w> 
 <w id="w12.4.7">družbe</w> 
 <w id="w12.4.8">na</w> 
 <w id="w12.4.9">seznam</w> 
 <w id="w12.4.10">vprašanj</w>
 <w id="w12.4.11">,</w> 
 <w id="w12.4.12">ki</w> 
 <w id="w12.4.13">jih</w> 
 <w id="w12.4.14">je</w> 
 <w id="w12.4.15">do</w> 
 <w id="w12.4.16">umika</w> 
 <w id="w12.4.17">vloge</w> 
 <w id="w12.4.18">zastavil</w> 
 <w id="w12.4.19">CHMP</w>
 <w id="w12.4.20">,</w> 
 <w id="w12.4.21">je</w> 
 <w id="w12.4.22">Odbor</w> 
 <w id="w12.4.23">izrazil</w> 
 <w id="w12.4.24">določene</w> 
 <w id="w12.4.25">zadržke</w> 
 <w id="w12.4.26">in</w> 
 <w id="w12.4.27">je</w> 
 <w id="w12.4.28">začasno</w> 
 <w id="w12.4.29">menil</w>
 <w id="w12.4.30">,</w> 
 <w id="w12.4.31">da</w> 
 <w id="w12.4.32">se</w> 
 <w id="w12.4.33">zdravila</w> 
 <w id="w12.4.34">Diractin</w> 
 <w id="w12.4.35">ne</w> 
 <w id="w12.4.36">more</w> 
 <w id="w12.4.37">odobriti</w> 
 <w id="w12.4.38">za</w> 
 <w id="w12.4.39">zdravljenje</w> 
 <w id="w12.4.40">simptomov</w> 
 <w id="w12.4.41">vnetja</w> 
 <w id="w12.4.42">in</w> 
 <w id="w12.4.43">bolečine</w>
 <w id="w12.4.44">,</w> 
 <w id="w12.4.45">povezanih</w> 
 <w id="w12.4.46">z</w> 
 <w id="w12.4.47">osteoartritisom</w>
 <w id="w12.4.48">.</w>
</s></p>

<p id="13">
<s id="s13.1">
 <w id="w13.1.1">Kateri</w> 
 <w id="w13.1.2">so</w> 
 <w id="w13.1.3">bili</w> 
 <w id="w13.1.4">glavni</w> 
 <w id="w13.1.5">zadržki</w> 
 <w id="w13.1.6">CHMP</w> 
 <w id="w13.1.7">v</w> 
 <w id="w13.1.8">tistem</w> 
 <w id="w13.1.9">času</w>
 <w id="w13.1.10">?</w>
</s> 
 
<s id="s13.2">
 <w id="w13.2.1">CHMP</w> 
 <w id="w13.2.2">je</w> 
 <w id="w13.2.3">bil</w> 
 <w id="w13.2.4">imel</w> 
 <w id="w13.2.5">zadržke</w>
 <w id="w13.2.6">,</w> 
 <w id="w13.2.7">da</w> 
 <w id="w13.2.8">učinkovitosti</w> 
 <w id="w13.2.9">zdravila</w> 
 <w id="w13.2.10">Diractin</w> 
 <w id="w13.2.11">v</w> 
 <w id="w13.2.12">eni</w> 
 <w id="w13.2.13">sami</w> 
 <w id="w13.2.14">glavni</w> 
 <w id="w13.2.15">študiji</w> 
 <w id="w13.2.16">niso</w> 
 <w id="w13.2.17">zadostno</w> 
 <w id="w13.2.18">dokazali</w>
 <w id="w13.2.19">:</w> 
 <w id="w13.2.20">zdravilo</w> 
 <w id="w13.2.21">Diractin</w> 
 <w id="w13.2.22">v</w> 
 <w id="w13.2.23">primerjavi</w> 
 <w id="w13.2.24">s</w> 
 <w id="w13.2.25">placebom</w> 
 <w id="w13.2.26">ni</w> 
 <w id="w13.2.27">zmanjšalo</w> 
 <w id="w13.2.28">ravni</w> 
 <w id="w13.2.29">bolečine</w> 
 <w id="w13.2.30">do</w> 
 <w id="w13.2.31">mere</w>
 <w id="w13.2.32">,</w> 
 <w id="w13.2.33">ki</w> 
 <w id="w13.2.34">bi</w> 
 <w id="w13.2.35">bila</w> 
 <w id="w13.2.36">za</w> 
 <w id="w13.2.37">bolnike</w> 
 <w id="w13.2.38">primerna</w>
 <w id="w13.2.39">.</w>
</s> 
 
<s id="s13.3">
 <w id="w13.3.1">CHMP</w> 
 <w id="w13.3.2">je</w> 
 <w id="w13.3.3">v</w> 
 <w id="w13.3.4">času</w> 
 <w id="w13.3.5">umika</w> 
 <w id="w13.3.6">menil</w>
 <w id="w13.3.7">,</w> 
 <w id="w13.3.8">da</w> 
 <w id="w13.3.9">koristi</w> 
 <w id="w13.3.10">zdravila</w> 
 <w id="w13.3.11">Diractin</w> 
 <w id="w13.3.12">ne</w> 
 <w id="w13.3.13">odtehtajo</w> 
 <w id="w13.3.14">znanih</w> 
 <w id="w13.3.15">tveganj</w>
 <w id="w13.3.16">.</w>
</s></p>

<p id="14">
<s id="s14.1">
 <w id="w14.1.1">Kakšni</w> 
 <w id="w14.1.2">so</w> 
 <w id="w14.1.3">bili</w> 
 <w id="w14.1.4">razlogi</w> 
 <w id="w14.1.5">družbe</w> 
 <w id="w14.1.6">za</w> 
 <w id="w14.1.7">umik</w> 
 <w id="w14.1.8">vloge</w>
 <w id="w14.1.9">?</w>
</s> 
 
<s id="s14.2">
 <w id="w14.2.1">Dopis</w>
 <w id="w14.2.2">,</w> 
 <w id="w14.2.3">s</w> 
 <w id="w14.2.4">katerim</w> 
 <w id="w14.2.5">družba</w> 
 <w id="w14.2.6">agencijo</w> 
 <w id="w14.2.7">EMEA</w> 
 <w id="w14.2.8">obvešča</w> 
 <w id="w14.2.9">o</w> 
 <w id="w14.2.10">umiku</w> 
 <w id="w14.2.11">vloge</w>
 <w id="w14.2.12">,</w> 
 <w id="w14.2.13">je</w> 
 <w id="w14.2.14">na</w> 
 <w id="w14.2.15">voljo</w> 
 <w id="w14.2.16">tukaj</w>
 <w id="w14.2.17">.</w>
</s></p>

<p id="15">
<s id="s15.1">
 <w id="w15.1.1">Kakšne</w> 
 <w id="w15.1.2">so</w> 
 <w id="w15.1.3">posledice</w> 
 <w id="w15.1.4">zavrnitve</w> 
 <w id="w15.1.5">za</w> 
 <w id="w15.1.6">bolnike</w>
 <w id="w15.1.7">,</w> 
 <w id="w15.1.8">ki</w> 
 <w id="w15.1.9">sodelujejo</w> 
 <w id="w15.1.10">v</w> 
 <w id="w15.1.11">kliničnih</w> 
 <w id="w15.1.12">preskušanjih</w> 
 <w id="w15.1.13">ali</w> 
 <w id="w15.1.14">programih</w> 
 <w id="w15.1.15">sočutne</w> 
 <w id="w15.1.16">uporabe</w> 
 <w id="w15.1.17">zdravila</w> 
 <w id="w15.1.18">Diractin</w>
 <w id="w15.1.19">?</w>
</s> 
 
<s id="s15.2">
 <w id="w15.2.1">Družba</w> 
 <w id="w15.2.2">je</w> 
 <w id="w15.2.3">obvestila</w> 
 <w id="w15.2.4">CHMP</w>
 <w id="w15.2.5">,</w> 
 <w id="w15.2.6">da</w> 
 <w id="w15.2.7">zavrnitev</w> 
 <w id="w15.2.8">nima</w> 
 <w id="w15.2.9">nobenih</w> 
 <w id="w15.2.10">posledic</w> 
 <w id="w15.2.11">za</w> 
 <w id="w15.2.12">bolnike</w>
 <w id="w15.2.13">,</w> 
 <w id="w15.2.14">ki</w> 
 <w id="w15.2.15">trenutno</w> 
 <w id="w15.2.16">sodelujejo</w> 
 <w id="w15.2.17">v</w> 
 <w id="w15.2.18">kliničnih</w> 
 <w id="w15.2.19">preskušanjih</w>
 <w id="w15.2.20">.</w>
</s> 
 
<s id="s15.3">
 <w id="w15.3.1">Programov</w> 
 <w id="w15.3.2">sočutne</w> 
 <w id="w15.3.3">uporabe</w> 
 <w id="w15.3.4">z</w> 
 <w id="w15.3.5">zdravilom</w> 
 <w id="w15.3.6">Diractin</w> 
 <w id="w15.3.7">ni</w>
 <w id="w15.3.8">.</w>
</s> 
 
<s id="s15.4">
 <w id="w15.4.1">Če</w> 
 <w id="w15.4.2">ste</w> 
 <w id="w15.4.3">vključeni</w> 
 <w id="w15.4.4">v</w> 
 <w id="w15.4.5">klinično</w> 
 <w id="w15.4.6">preskušanje</w> 
 <w id="w15.4.7">in</w> 
 <w id="w15.4.8">potrebujete</w> 
 <w id="w15.4.9">več</w> 
 <w id="w15.4.10">informacij</w> 
 <w id="w15.4.11">o</w> 
 <w id="w15.4.12">zdravljenju</w>
 <w id="w15.4.13">,</w> 
 <w id="w15.4.14">se</w> 
 <w id="w15.4.15">obrnite</w> 
 <w id="w15.4.16">na</w> 
 <w id="w15.4.17">zdravnika</w>
 <w id="w15.4.18">,</w> 
 <w id="w15.4.19">ki</w> 
 <w id="w15.4.20">vam</w> 
 <w id="w15.4.21">je</w> 
 <w id="w15.4.22">predpisal</w> 
 <w id="w15.4.23">zdravljenje</w>
 <w id="w15.4.24">.</w>
</s></p>

<p id="16">
<s id="s16.1">
 <w id="w16.1.1">Stran</w> 
 <w id="w16.1.2">2/</w>
 <w id="w16.1.3">2</w>
</s></p></text>
