<?xml version="1.0" encoding="utf-8"?>
<letsmt version="1.0">
<head></head>
<body>
<s id="s1.1">European Medicines Agency Evaluation of Medicines for Human Use</s>
<s id="s2.1">London, 10- 05- 2005 EMEA/ CHMP/ 94618/ 2005</s>
<s id="s3.1">ODBOR ZA ZDRAVILA ZA UPORABO V HUMANI MEDICINI (CHMP)</s>
<s id="s4.1">MNENJE V ZVEZI Z NAPOTITVIJO IZ LENA 29( 2) Rigevidon</s>
<s id="s5.1">Č</s>
<s id="s6.1">Mednarodno nelastniško ime (INN): levonorgestrel in etinilestradiol</s>
<s id="s7.1">OSNOVNE INFORMACIJE</s>
<s id="s8.1">Rigevidon je kombinirano peroralno kontracepcijsko sredstvo (COC), ki vsebuje 150µ g levonorgestrela (LNG) in 30µ g etinilestradiola (EE2).</s>
<s id="s8.2">Danska je 10. marca 2003 družbi Medimpex France SA za Rigevidon podelila dovoljenje za promet z zdravilom.</s>
<s id="s8.3">Danska je zatem prejela vlogo za medsebojno priznavanje Rigevidona in 30. aprila 2004 se je začel postopek za medsebojno priznavanje.</s>
<s id="s8.4">Nizozemska je sprožila napotitveni postopek v zvezi z merili za sprejemljivost farmakokinetičnih parameterov v študijah bioekvivalence, ki jih je potrebno strožje opredeliti, da se lahko Rigevidon prizna kot zdravilo z ozkim terapevtskim razponom.</s>
<s id="s8.5">Postopek obravnave se je začel 16. septembra 2004.</s>
<s id="s8.6">Na svojem zasedanju januarja 2005 je CHMP glede na celotne predložene podatke in znanstveno razpravo znotraj Odbora menil, da se dovoljenje za promet z zdravilom lahko podeli.</s>
<s id="s8.7">Tako je bilo pozitivno mnenje sprejeto 20. januarja 2005.</s>
<s id="s8.8">Seznam zadevnih imen proizvodov je naveden v Prilogi I.</s>
<s id="s8.9">Znanstveni zaključki so podani v Prilogi II, skupaj s Povzetkom glavnih značilnosti zdravila v Prilogi III.</s>
<s id="s8.10">Končno mnenje je bilo dne 10- 05- 2005 spremenjeno v Odločbo Evropske komisije.</s>
<s id="s9.1">7 Westferry Circus, Canary Wharf, London, E14 4HB, UK Tel.</s>
<s id="s9.2">(44- 20) 74 18 84 00 Fax (44- 20) 74 18 86 13 E- mail: mail@ emea. eu. int http: // www. emea. eu. int EMEA 2005 Reproduction and/ or distribution of this document is authorised for non commercial purposes only provided the EMEA is acknowledged </s>
</body>
</letsmt>
