<?xml version="1.0" encoding="utf-8"?>
<text>
<p id="1">
<s id="s1.1">
 <w id="w1.1.1">European</w> 
 <w id="w1.1.2">Medicines</w> 
 <w id="w1.1.3">Agency</w>
</s></p>

<p id="2">
<s id="s2.1">
 <w id="w2.1.1">EMEA/</w>
 <w id="w2.1.2">H/</w>
 <w id="w2.1.3">C/</w>
 <w id="w2.1.4">850</w>
</s></p>

<p id="3">
<s id="s3.1">
 <w id="w3.1.1">EVROPSKO</w> 
 <w id="w3.1.2">JAVNO</w> 
 <w id="w3.1.3">POROČILO</w> 
 <w id="w3.1.4">O</w> 
 <w id="w3.1.5">OCENI</w> 
 <w id="w3.1.6">ZDRAVILA</w> 
 <w id="w3.1.7">(</w>
 <w id="w3.1.8">EPAR</w>
 <w id="w3.1.9">)</w>
</s></p>

<p id="4">
<s id="s4.1">
 <w id="w4.1.1">ENVIAGE</w>
</s></p>

<p id="5">
<s id="s5.1">
 <w id="w5.1.1">Povzetek</w> 
 <w id="w5.1.2">EPAR</w> 
 <w id="w5.1.3">za</w> 
 <w id="w5.1.4">javnost</w>
</s></p>

<p id="6">
<s id="s6.1">
 <w id="w6.1.1">Ta</w> 
 <w id="w6.1.2">dokument</w> 
 <w id="w6.1.3">je</w> 
 <w id="w6.1.4">povzetek</w> 
 <w id="w6.1.5">Evropskega</w> 
 <w id="w6.1.6">javnega</w> 
 <w id="w6.1.7">poročila</w> 
 <w id="w6.1.8">o</w> 
 <w id="w6.1.9">oceni</w> 
 <w id="w6.1.10">zdravila</w> 
 <w id="w6.1.11">(</w>
 <w id="w6.1.12">EPAR</w>
 <w id="w6.1.13">)</w>
 <w id="w6.1.14">.</w>
</s> 
 
<s id="s6.2">
 <w id="w6.2.1">Pojasnjuje</w>
 <w id="w6.2.2">,</w> 
 <w id="w6.2.3">kako</w>   
 <w id="w6.2.4">je</w> 
 <w id="w6.2.5">Odbor</w> 
 <w id="w6.2.6">za</w> 
 <w id="w6.2.7">zdravila</w> 
 <w id="w6.2.8">za</w> 
 <w id="w6.2.9">uporabo</w> 
 <w id="w6.2.10">v</w> 
 <w id="w6.2.11">humani</w> 
 <w id="w6.2.12">medicini</w> 
 <w id="w6.2.13">(</w>
 <w id="w6.2.14">CHMP</w>
 <w id="w6.2.15">)</w> 
 <w id="w6.2.16">ocenil</w> 
 <w id="w6.2.17">opravljene</w> 
 <w id="w6.2.18">študije</w>
 <w id="w6.2.19">,</w> 
 <w id="w6.2.20">na</w> 
 <w id="w6.2.21">podlagi</w>   
 <w id="w6.2.22">katerih</w> 
 <w id="w6.2.23">je</w> 
 <w id="w6.2.24">oblikoval</w> 
 <w id="w6.2.25">priporočila</w> 
 <w id="w6.2.26">glede</w> 
 <w id="w6.2.27">uporabe</w> 
 <w id="w6.2.28">zdravila</w>
 <w id="w6.2.29">.</w>
</s>   
 
<s id="s6.3">
 <w id="w6.3.1">Če</w> 
 <w id="w6.3.2">potrebujete</w> 
 <w id="w6.3.3">več</w> 
 <w id="w6.3.4">informacij</w> 
 <w id="w6.3.5">o</w> 
 <w id="w6.3.6">svojem</w> 
 <w id="w6.3.7">zdravstvenem</w> 
 <w id="w6.3.8">stanju</w> 
 <w id="w6.3.9">ali</w> 
 <w id="w6.3.10">zdravljenju</w>
 <w id="w6.3.11">,</w> 
 <w id="w6.3.12">preberite</w> 
 <w id="w6.3.13">Navodilo</w> 
 <w id="w6.3.14">za</w>   
 <w id="w6.3.15">uporabo</w> 
 <w id="w6.3.16">(</w>
 <w id="w6.3.17">ki</w> 
 <w id="w6.3.18">je</w> 
 <w id="w6.3.19">prav</w> 
 <w id="w6.3.20">tako</w> 
 <w id="w6.3.21">del</w> 
 <w id="w6.3.22">EPAR</w>
 <w id="w6.3.23">)</w> 
 <w id="w6.3.24">ali</w> 
 <w id="w6.3.25">se</w> 
 <w id="w6.3.26">posvetujte</w> 
 <w id="w6.3.27">s</w> 
 <w id="w6.3.28">svojim</w> 
 <w id="w6.3.29">zdravnikom</w> 
 <w id="w6.3.30">ali</w> 
 <w id="w6.3.31">farmacevtom</w>
 <w id="w6.3.32">.</w>
</s> 
 
<s id="s6.4">
 <w id="w6.4.1">Če</w>   
 <w id="w6.4.2">želite</w> 
 <w id="w6.4.3">več</w> 
 <w id="w6.4.4">informacij</w>
 <w id="w6.4.5">,</w> 
 <w id="w6.4.6">ki</w> 
 <w id="w6.4.7">temeljijo</w> 
 <w id="w6.4.8">na</w> 
 <w id="w6.4.9">priporočilih</w> 
 <w id="w6.4.10">CHMP</w>
 <w id="w6.4.11">,</w> 
 <w id="w6.4.12">preberite</w> 
 <w id="w6.4.13">znanstveno</w> 
 <w id="w6.4.14">razpravo</w> 
 <w id="w6.4.15">(</w>
 <w id="w6.4.16">ki</w> 
 <w id="w6.4.17">je</w>   
 <w id="w6.4.18">prav</w> 
 <w id="w6.4.19">tako</w> 
 <w id="w6.4.20">del</w> 
 <w id="w6.4.21">EPAR</w>
 <w id="w6.4.22">)</w>
 <w id="w6.4.23">.</w>
</s></p>

<p id="7">
<s id="s7.1">
 <w id="w7.1.1">Kaj</w> 
 <w id="w7.1.2">je</w> 
 <w id="w7.1.3">zdravilo</w> 
 <w id="w7.1.4">Enviage</w>
 <w id="w7.1.5">?</w>
</s>   
 
<s id="s7.2">
 <w id="w7.2.1">Enviage</w> 
 <w id="w7.2.2">je</w> 
 <w id="w7.2.3">zdravilo</w>
 <w id="w7.2.4">,</w> 
 <w id="w7.2.5">ki</w> 
 <w id="w7.2.6">vsebuje</w> 
 <w id="w7.2.7">zdravilno</w> 
 <w id="w7.2.8">učinkovino</w> 
 <w id="w7.2.9">aliskiren</w>
 <w id="w7.2.10">.</w>
</s> 
 
<s id="s7.3">
 <w id="w7.3.1">Na</w> 
 <w id="w7.3.2">voljo</w> 
 <w id="w7.3.3">je</w> 
 <w id="w7.3.4">v</w> 
 <w id="w7.3.5">obliki</w> 
 <w id="w7.3.6">tablet</w> 
 <w id="w7.3.7">(</w>
 <w id="w7.3.8">rožnate</w> 
 <w id="w7.3.9">in</w>   
 <w id="w7.3.10">okrogle</w>
 <w id="w7.3.11">:</w>
</s> 
 
<s id="s7.4">
 <w id="w7.4.1">150</w> 
 <w id="w7.4.2">mg</w>
 <w id="w7.4.3">;</w> 
 <w id="w7.4.4">rdeče</w> 
 <w id="w7.4.5">in</w> 
 <w id="w7.4.6">ovalne</w>
 <w id="w7.4.7">:</w>
</s> 
 
<s id="s7.5">
 <w id="w7.5.1">300</w> 
 <w id="w7.5.2">mg</w>
 <w id="w7.5.3">)</w>
 <w id="w7.5.4">.</w>
</s></p>

<p id="8">
<s id="s8.1">
 <w id="w8.1.1">Za</w> 
 <w id="w8.1.2">kaj</w> 
 <w id="w8.1.3">se</w> 
 <w id="w8.1.4">zdravilo</w> 
 <w id="w8.1.5">Enviage</w> 
 <w id="w8.1.6">uporablja</w>
 <w id="w8.1.7">?</w>
</s>   
 
<s id="s8.2">
 <w id="w8.2.1">Zdravilo</w> 
 <w id="w8.2.2">Enviage</w> 
 <w id="w8.2.3">se</w> 
 <w id="w8.2.4">uporablja</w> 
 <w id="w8.2.5">za</w> 
 <w id="w8.2.6">zdravljenje</w> 
 <w id="w8.2.7">esencialne</w> 
 <w id="w8.2.8">hipertenzije</w> 
 <w id="w8.2.9">(</w>
 <w id="w8.2.10">visokega</w> 
 <w id="w8.2.11">krvnega</w> 
 <w id="w8.2.12">tlaka</w>
 <w id="w8.2.13">)</w>
 <w id="w8.2.14">.</w>
</s> 
 
<s id="s8.3">
 <w id="w8.3.1">Izraz</w>   
 <w id="w8.3.2">„</w>
 <w id="w8.3.3">esencialna</w>
 <w id="w8.3.4">“</w> 
 <w id="w8.3.5">pomeni</w>
 <w id="w8.3.6">,</w> 
 <w id="w8.3.7">da</w> 
 <w id="w8.3.8">natančnega</w> 
 <w id="w8.3.9">vzroka</w> 
 <w id="w8.3.10">za</w> 
 <w id="w8.3.11">hipertenzijo</w> 
 <w id="w8.3.12">ni</w> 
 <w id="w8.3.13">mogoče</w> 
 <w id="w8.3.14">odkriti</w>
 <w id="w8.3.15">.</w>
</s>   
 
<s id="s8.4">
 <w id="w8.4.1">Zdravilo</w> 
 <w id="w8.4.2">se</w> 
 <w id="w8.4.3">dobi</w> 
 <w id="w8.4.4">samo</w> 
 <w id="w8.4.5">na</w> 
 <w id="w8.4.6">recept</w>
 <w id="w8.4.7">.</w>
</s></p>

<p id="9">
<s id="s9.1">
 <w id="w9.1.1">Kako</w> 
 <w id="w9.1.2">se</w> 
 <w id="w9.1.3">zdravilo</w> 
 <w id="w9.1.4">Enviage</w> 
 <w id="w9.1.5">uporablja</w>
 <w id="w9.1.6">?</w>
</s>   
 
<s id="s9.2">
 <w id="w9.2.1">Priporočeni</w> 
 <w id="w9.2.2">odmerek</w> 
 <w id="w9.2.3">zdravila</w> 
 <w id="w9.2.4">Enviage</w> 
 <w id="w9.2.5">znaša</w> 
 <w id="w9.2.6">150</w> 
 <w id="w9.2.7">mg</w> 
 <w id="w9.2.8">enkrat</w> 
 <w id="w9.2.9">dnevno</w>
 <w id="w9.2.10">,</w> 
 <w id="w9.2.11">bodisi</w> 
 <w id="w9.2.12">samostojno</w> 
 <w id="w9.2.13">ali</w> 
 <w id="w9.2.14">v</w>   
 <w id="w9.2.15">kombinaciji</w> 
 <w id="w9.2.16">z</w> 
 <w id="w9.2.17">drugimi</w> 
 <w id="w9.2.18">zdravili</w> 
 <w id="w9.2.19">za</w> 
 <w id="w9.2.20">zdravljenje</w> 
 <w id="w9.2.21">hipertenzije</w>
 <w id="w9.2.22">.</w>
</s> 
 
<s id="s9.3">
 <w id="w9.3.1">Vzeti</w> 
 <w id="w9.3.2">ga</w> 
 <w id="w9.3.3">je</w> 
 <w id="w9.3.4">treba</w> 
 <w id="w9.3.5">z</w> 
 <w id="w9.3.6">lahkim</w> 
 <w id="w9.3.7">obrokom</w>
 <w id="w9.3.8">,</w>   
 <w id="w9.3.9">najbolje</w> 
 <w id="w9.3.10">vsak</w> 
 <w id="w9.3.11">dan</w> 
 <w id="w9.3.12">ob</w> 
 <w id="w9.3.13">istem</w> 
 <w id="w9.3.14">času</w>
 <w id="w9.3.15">.</w>
</s> 
 
<s id="s9.4">
 <w id="w9.4.1">Zdravnik</w> 
 <w id="w9.4.2">lahko</w> 
 <w id="w9.4.3">pri</w> 
 <w id="w9.4.4">bolnikih</w>
 <w id="w9.4.5">,</w> 
 <w id="w9.4.6">katerih</w> 
 <w id="w9.4.7">krvni</w> 
 <w id="w9.4.8">tlak</w> 
 <w id="w9.4.9">ni</w> 
 <w id="w9.4.10">primerno</w>   
 <w id="w9.4.11">nadzorovan</w>
 <w id="w9.4.12">,</w> 
 <w id="w9.4.13">odmerek</w> 
 <w id="w9.4.14">poveča</w> 
 <w id="w9.4.15">na</w> 
 <w id="w9.4.16">300</w> 
 <w id="w9.4.17">mg</w> 
 <w id="w9.4.18">enkrat</w> 
 <w id="w9.4.19">dnevno</w>
 <w id="w9.4.20">.</w>
</s> 
 
<s id="s9.5">
 <w id="w9.5.1">Zdravilo</w> 
 <w id="w9.5.2">Enviage</w> 
 <w id="w9.5.3">ni</w> 
 <w id="w9.5.4">priporočeno</w> 
 <w id="w9.5.5">za</w> 
 <w id="w9.5.6">otroke</w>
 <w id="w9.5.7">,</w>   
 <w id="w9.5.8">zaradi</w> 
 <w id="w9.5.9">pomanjkanja</w> 
 <w id="w9.5.10">podatkov</w> 
 <w id="w9.5.11">o</w> 
 <w id="w9.5.12">varnosti</w> 
 <w id="w9.5.13">in</w> 
 <w id="w9.5.14">učinkovitosti</w> 
 <w id="w9.5.15">v</w> 
 <w id="w9.5.16">tej</w> 
 <w id="w9.5.17">skupini</w>
 <w id="w9.5.18">.</w>
</s></p>

<p id="10">
<s id="s10.1">
 <w id="w10.1.1">Kako</w> 
 <w id="w10.1.2">zdravilo</w> 
 <w id="w10.1.3">Enviage</w> 
 <w id="w10.1.4">deluje</w>
 <w id="w10.1.5">?</w>
</s>   
 
<s id="s10.2">
 <w id="w10.2.1">Zdravilna</w> 
 <w id="w10.2.2">učinkovina</w> 
 <w id="w10.2.3">zdravila</w> 
 <w id="w10.2.4">Enviage</w>
 <w id="w10.2.5">,</w> 
 <w id="w10.2.6">aliskiren</w>
 <w id="w10.2.7">,</w> 
 <w id="w10.2.8">spada</w> 
 <w id="w10.2.9">med</w> 
 <w id="w10.2.10">zaviralce</w> 
 <w id="w10.2.11">renina</w>
 <w id="w10.2.12">.</w>
</s> 
 
<s id="s10.3">
 <w id="w10.3.1">Zavira</w> 
 <w id="w10.3.2">aktivnost</w>   
 <w id="w10.3.3">človeškega</w> 
 <w id="w10.3.4">encima</w>
 <w id="w10.3.5">,</w> 
 <w id="w10.3.6">imenovanega</w> 
 <w id="w10.3.7">renin</w>
 <w id="w10.3.8">,</w> 
 <w id="w10.3.9">ki</w> 
 <w id="w10.3.10">v</w> 
 <w id="w10.3.11">telesu</w> 
 <w id="w10.3.12">sodeluje</w> 
 <w id="w10.3.13">pri</w> 
 <w id="w10.3.14">tvorjenju</w> 
 <w id="w10.3.15">spojine</w>
 <w id="w10.3.16">,</w> 
 <w id="w10.3.17">imenovane</w>   
 <w id="w10.3.18">angiotenzin</w>
 <w id="w10.3.19">.</w>
</s> 
 
<s id="s10.4">
 <w id="w10.4.1">Angiotenzin</w> 
 <w id="w10.4.2">I</w> 
 <w id="w10.4.3">se</w> 
 <w id="w10.4.4">pretvori</w> 
 <w id="w10.4.5">v</w> 
 <w id="w10.4.6">hormon</w> 
 <w id="w10.4.7">angiotenzin</w> 
 <w id="w10.4.8">II</w>
 <w id="w10.4.9">,</w> 
 <w id="w10.4.10">ki</w> 
 <w id="w10.4.11">deluje</w> 
 <w id="w10.4.12">kot</w> 
 <w id="w10.4.13">močan</w> 
 <w id="w10.4.14">vazokonstriktor</w>   
 <w id="w10.4.15">(</w>
 <w id="w10.4.16">učinkovina</w>
 <w id="w10.4.17">,</w> 
 <w id="w10.4.18">ki</w> 
 <w id="w10.4.19">oži</w> 
 <w id="w10.4.20">žile</w>
 <w id="w10.4.21">)</w>
 <w id="w10.4.22">.</w>
</s> 
 
<s id="s10.5">
 <w id="w10.5.1">Zdravilna</w> 
 <w id="w10.5.2">učinkovina</w> 
 <w id="w10.5.3">z</w> 
 <w id="w10.5.4">zaviranjem</w> 
 <w id="w10.5.5">tvorjenja</w> 
 <w id="w10.5.6">angiotenzina</w> 
 <w id="w10.5.7">I</w> 
 <w id="w10.5.8">zniža</w> 
 <w id="w10.5.9">tako</w> 
 <w id="w10.5.10">raven</w>   
 <w id="w10.5.11">angiotenzina</w> 
 <w id="w10.5.12">I</w> 
 <w id="w10.5.13">kot</w> 
 <w id="w10.5.14">tudi</w> 
 <w id="w10.5.15">angiotenzina</w> 
 <w id="w10.5.16">II</w>
 <w id="w10.5.17">.</w>
</s> 
 
<s id="s10.6">
 <w id="w10.6.1">To</w> 
 <w id="w10.6.2">povzroči</w> 
 <w id="w10.6.3">vazodilatacijo</w> 
 <w id="w10.6.4">(</w>
 <w id="w10.6.5">razširjenje</w> 
 <w id="w10.6.6">žil</w>
 <w id="w10.6.7">)</w>
 <w id="w10.6.8">,</w> 
 <w id="w10.6.9">zaradi</w> 
 <w id="w10.6.10">česar</w> 
 <w id="w10.6.11">krvni</w>   
 <w id="w10.6.12">tlak</w> 
 <w id="w10.6.13">pade</w>
 <w id="w10.6.14">,</w> 
 <w id="w10.6.15">s</w> 
 <w id="w10.6.16">tem</w> 
 <w id="w10.6.17">pa</w> 
 <w id="w10.6.18">se</w> 
 <w id="w10.6.19">zniža</w> 
 <w id="w10.6.20">tudi</w> 
 <w id="w10.6.21">morebitno</w> 
 <w id="w10.6.22">tveganje</w> 
 <w id="w10.6.23">poškodb</w> 
 <w id="w10.6.24">zaradi</w> 
 <w id="w10.6.25">visokega</w> 
 <w id="w10.6.26">krvnega</w> 
 <w id="w10.6.27">tlaka</w>
 <w id="w10.6.28">.</w>
</s></p>

<p id="11">
<s id="s11.1">
 <w id="w11.1.1">Kako</w> 
 <w id="w11.1.2">je</w> 
 <w id="w11.1.3">bilo</w> 
 <w id="w11.1.4">zdravilo</w> 
 <w id="w11.1.5">Enviage</w> 
 <w id="w11.1.6">raziskano</w>
 <w id="w11.1.7">?</w>
</s>   
 
<s id="s11.2">
 <w id="w11.2.1">Učinki</w> 
 <w id="w11.2.2">zdravila</w> 
 <w id="w11.2.3">Enviage</w> 
 <w id="w11.2.4">so</w> 
 <w id="w11.2.5">bili</w> 
 <w id="w11.2.6">najprej</w> 
 <w id="w11.2.7">preizkušeni</w> 
 <w id="w11.2.8">na</w> 
 <w id="w11.2.9">poskusnih</w> 
 <w id="w11.2.10">modelih</w>
 <w id="w11.2.11">,</w> 
 <w id="w11.2.12">nato</w> 
 <w id="w11.2.13">pa</w> 
 <w id="w11.2.14">so</w> 
 <w id="w11.2.15">jih</w> 
 <w id="w11.2.16">raziskali</w> 
 <w id="w11.2.17">pri</w>   
 <w id="w11.2.18">ljudeh</w>
 <w id="w11.2.19">.</w>
</s>   
 
<s id="s11.3">
 <w id="w11.3.1">Zdravilo</w> 
 <w id="w11.3.2">Enviage</w> 
 <w id="w11.3.3">so</w> 
 <w id="w11.3.4">raziskali</w> 
 <w id="w11.3.5">v</w> 
 <w id="w11.3.6">14</w> 
 <w id="w11.3.7">glavnih</w> 
 <w id="w11.3.8">študijah</w>
 <w id="w11.3.9">,</w> 
 <w id="w11.3.10">ki</w> 
 <w id="w11.3.11">so</w> 
 <w id="w11.3.12">vključevale</w> 
 <w id="w11.3.13">preko</w> 
 <w id="w11.3.14">10.</w>
 <w id="w11.3.15">000</w> 
 <w id="w11.3.16">bolnikov</w> 
 <w id="w11.3.17">z</w>   
 <w id="w11.3.18">esencialno</w> 
 <w id="w11.3.19">hipertenzijo</w>
 <w id="w11.3.20">.</w>
</s> 
 
<s id="s11.4">
 <w id="w11.4.1">Trinajst</w> 
 <w id="w11.4.2">študij</w> 
 <w id="w11.4.3">je</w> 
 <w id="w11.4.4">zajemalo</w> 
 <w id="w11.4.5">bolnike</w> 
 <w id="w11.4.6">z</w> 
 <w id="w11.4.7">blago</w> 
 <w id="w11.4.8">do</w> 
 <w id="w11.4.9">zmerno</w> 
 <w id="w11.4.10">hipertenzijo</w>
 <w id="w11.4.11">,</w> 
 <w id="w11.4.12">ena</w> 
 <w id="w11.4.13">pa</w> 
 <w id="w11.4.14">je</w>   
 <w id="w11.4.15">vključevala</w> 
 <w id="w11.4.16">bolnike</w> 
 <w id="w11.4.17">s</w> 
 <w id="w11.4.18">hudo</w> 
 <w id="w11.4.19">hipertenzijo</w>
 <w id="w11.4.20">.</w>
</s> 
 
<s id="s11.5">
 <w id="w11.5.1">V</w> 
 <w id="w11.5.2">petih</w> 
 <w id="w11.5.3">študijah</w> 
 <w id="w11.5.4">so</w> 
 <w id="w11.5.5">učinke</w> 
 <w id="w11.5.6">jemanja</w> 
 <w id="w11.5.7">zdravila</w> 
 <w id="w11.5.8">Enviage</w>
 <w id="w11.5.9">,</w>   
 <w id="w11.5.10">uporabljenega</w> 
 <w id="w11.5.11">kot</w> 
 <w id="w11.5.12">samostojno</w> 
 <w id="w11.5.13">zdravilo</w>
 <w id="w11.5.14">,</w> 
 <w id="w11.5.15">primerjali</w> 
 <w id="w11.5.16">s</w> 
 <w id="w11.5.17">placebom</w> 
 <w id="w11.5.18">(</w>
 <w id="w11.5.19">zdravilom</w> 
 <w id="w11.5.20">brez</w> 
 <w id="w11.5.21">zdravilne</w> 
 <w id="w11.5.22">učinkovine</w>
 <w id="w11.5.23">)</w>
 <w id="w11.5.24">.</w>
</s>   
 
<s id="s11.6">
 <w id="w11.6.1">Zdravilo</w> 
 <w id="w11.6.2">Enviage</w> 
 <w id="w11.6.3">so</w>
 <w id="w11.6.4">,</w> 
 <w id="w11.6.5">bodisi</w> 
 <w id="w11.6.6">kot</w> 
 <w id="w11.6.7">samostojno</w> 
 <w id="w11.6.8">zdravilo</w> 
 <w id="w11.6.9">ali</w> 
 <w id="w11.6.10">v</w> 
 <w id="w11.6.11">kombinaciji</w> 
 <w id="w11.6.12">z</w> 
 <w id="w11.6.13">drugimi</w> 
 <w id="w11.6.14">zdravili</w>
 <w id="w11.6.15">,</w> 
 <w id="w11.6.16">primerjali</w>   
 <w id="w11.6.17">tudi</w> 
 <w id="w11.6.18">z</w> 
 <w id="w11.6.19">drugimi</w> 
 <w id="w11.6.20">zdravili</w> 
 <w id="w11.6.21">za</w> 
 <w id="w11.6.22">zdravljenje</w> 
 <w id="w11.6.23">hipertenzije</w>
 <w id="w11.6.24">.</w>
</s> 
 
<s id="s11.7">
 <w id="w11.7.1">V</w> 
 <w id="w11.7.2">študijah</w> 
 <w id="w11.7.3">kombinacij</w> 
 <w id="w11.7.4">zdravil</w> 
 <w id="w11.7.5">so</w> 
 <w id="w11.7.6">raziskovali</w>                                         
 <w id="w11.7.7">7</w> 
 <w id="w11.7.8">Westferry</w> 
 <w id="w11.7.9">Circus</w>
 <w id="w11.7.10">,</w> 
 <w id="w11.7.11">Canary</w> 
 <w id="w11.7.12">Wharf</w>
 <w id="w11.7.13">,</w> 
 <w id="w11.7.14">London</w> 
 <w id="w11.7.15">E14</w> 
 <w id="w11.7.16">4HB</w>
 <w id="w11.7.17">,</w> 
 <w id="w11.7.18">UK</w>                                            
 <w id="w11.7.19">Tel</w>
 <w id="w11.7.20">.</w>
</s> 
 
<s id="s11.8">
 <w id="w11.8.1">(</w>
 <w id="w11.8.2">44-</w>
 <w id="w11.8.3">20</w>
 <w id="w11.8.4">)</w> 
 <w id="w11.8.5">74</w> 
 <w id="w11.8.6">18</w> 
 <w id="w11.8.7">84</w> 
 <w id="w11.8.8">00</w> 
 <w id="w11.8.9">Fax</w> 
 <w id="w11.8.10">(</w>
 <w id="w11.8.11">44-</w>
 <w id="w11.8.12">20</w>
 <w id="w11.8.13">)</w> 
 <w id="w11.8.14">74</w> 
 <w id="w11.8.15">18</w> 
 <w id="w11.8.16">84</w> 
 <w id="w11.8.17">16</w>                                        
 <w id="w11.8.18">E-</w>
 <w id="w11.8.19">mail</w>
 <w id="w11.8.20">:</w> 
 <w id="w11.8.21">mail@</w>
 <w id="w11.8.22">emea.</w>
 <w id="w11.8.23">europa.</w>
 <w id="w11.8.24">eu</w> 
 <w id="w11.8.25">http</w>
 <w id="w11.8.26">:</w>
 <w id="w11.8.27">//</w>
 <w id="w11.8.28">www.</w>
 <w id="w11.8.29">emea.</w>
 <w id="w11.8.30">europa.</w>
 <w id="w11.8.31">eu</w> 
 <w id="w11.8.32">©EMEA</w> 
 <w id="w11.8.33">2007</w> 
 <w id="w11.8.34">Reproduction</w> 
 <w id="w11.8.35">and/</w>
 <w id="w11.8.36">or</w> 
 <w id="w11.8.37">distribution</w> 
 <w id="w11.8.38">of</w> 
 <w id="w11.8.39">this</w> 
 <w id="w11.8.40">document</w> 
 <w id="w11.8.41">is</w> 
 <w id="w11.8.42">authorised</w> 
 <w id="w11.8.43">for</w> 
 <w id="w11.8.44">non</w> 
 <w id="w11.8.45">commercial</w> 
 <w id="w11.8.46">purposes</w> 
 <w id="w11.8.47">only</w> 
 <w id="w11.8.48">provided</w> 
 <w id="w11.8.49">the</w> 
 <w id="w11.8.50">EMEA</w> 
 <w id="w11.8.51">is</w> 
 <w id="w11.8.52">acknowledged</w> 
 <w id="w11.8.53">zdravilo</w> 
 <w id="w11.8.54">Enviage</w> 
 <w id="w11.8.55">v</w> 
 <w id="w11.8.56">kombinaciji</w> 
 <w id="w11.8.57">z</w> 
 <w id="w11.8.58">zaviralcem</w> 
 <w id="w11.8.59">angiotenzinske</w> 
 <w id="w11.8.60">konvertaze</w> 
 <w id="w11.8.61">(</w>
 <w id="w11.8.62">ramipril</w>
 <w id="w11.8.63">)</w>
 <w id="w11.8.64">,</w> 
 <w id="w11.8.65">zaviralcem</w> 
 <w id="w11.8.66">angiotenzinskih</w> 
 <w id="w11.8.67">receptorjev</w> 
 <w id="w11.8.68">(</w>
 <w id="w11.8.69">valsartan</w>
 <w id="w11.8.70">)</w>
 <w id="w11.8.71">,</w> 
 <w id="w11.8.72">zaviralcem</w> 
 <w id="w11.8.73">receptorjev</w> 
 <w id="w11.8.74">beta</w> 
 <w id="w11.8.75">(</w>
 <w id="w11.8.76">atenolol</w>
 <w id="w11.8.77">)</w>
 <w id="w11.8.78">,</w> 
 <w id="w11.8.79">zaviralcem</w> 
 <w id="w11.8.80">kalcijevih</w> 
 <w id="w11.8.81">kanalčkov</w> 
 <w id="w11.8.82">(</w>
 <w id="w11.8.83">amlodipin</w>
 <w id="w11.8.84">)</w> 
 <w id="w11.8.85">in</w> 
 <w id="w11.8.86">diuretikom</w> 
 <w id="w11.8.87">(</w>
 <w id="w11.8.88">hidroklorotiazid</w>
 <w id="w11.8.89">)</w>
 <w id="w11.8.90">.</w>
</s> 
 
<s id="s11.9">
 <w id="w11.9.1">Študije</w> 
 <w id="w11.9.2">so</w> 
 <w id="w11.9.3">trajale</w> 
 <w id="w11.9.4">od</w> 
 <w id="w11.9.5">šest</w> 
 <w id="w11.9.6">do</w> 
 <w id="w11.9.7">52</w> 
 <w id="w11.9.8">tednov</w>
 <w id="w11.9.9">,</w> 
 <w id="w11.9.10">glavno</w> 
 <w id="w11.9.11">merilo</w> 
 <w id="w11.9.12">učinkovitosti</w> 
 <w id="w11.9.13">pa</w> 
 <w id="w11.9.14">je</w> 
 <w id="w11.9.15">bila</w> 
 <w id="w11.9.16">sprememba</w> 
 <w id="w11.9.17">krvnega</w> 
 <w id="w11.9.18">tlaka</w> 
 <w id="w11.9.19">med</w> 
 <w id="w11.9.20">mirovalno</w> 
 <w id="w11.9.21">fazo</w> 
 <w id="w11.9.22">srčnega</w> 
 <w id="w11.9.23">utripa</w> 
 <w id="w11.9.24">(</w>
 <w id="w11.9.25">diastolični</w> 
 <w id="w11.9.26">tlak</w>
 <w id="w11.9.27">)</w> 
 <w id="w11.9.28">ali</w> 
 <w id="w11.9.29">med</w> 
 <w id="w11.9.30">krčenjem</w> 
 <w id="w11.9.31">komor</w> 
 <w id="w11.9.32">srca</w> 
 <w id="w11.9.33">(</w>
 <w id="w11.9.34">sistolični</w> 
 <w id="w11.9.35">tlak</w>
 <w id="w11.9.36">)</w>
 <w id="w11.9.37">.</w>
</s></p>

<p id="12">
<s id="s12.1">
 <w id="w12.1.1">Kakšne</w> 
 <w id="w12.1.2">koristi</w> 
 <w id="w12.1.3">je</w> 
 <w id="w12.1.4">zdravilo</w> 
 <w id="w12.1.5">Enviage</w> 
 <w id="w12.1.6">izkazalo</w> 
 <w id="w12.1.7">med</w> 
 <w id="w12.1.8">študijami</w>
 <w id="w12.1.9">?</w>
</s> 
 
<s id="s12.2">
 <w id="w12.2.1">Zdravilo</w> 
 <w id="w12.2.2">Enviage</w> 
 <w id="w12.2.3">kot</w> 
 <w id="w12.2.4">samostojno</w> 
 <w id="w12.2.5">zdravilo</w> 
 <w id="w12.2.6">je</w> 
 <w id="w12.2.7">bilo</w> 
 <w id="w12.2.8">pri</w> 
 <w id="w12.2.9">zdravljenju</w> 
 <w id="w12.2.10">visokega</w> 
 <w id="w12.2.11">krvnega</w> 
 <w id="w12.2.12">tlaka</w> 
 <w id="w12.2.13">bolj</w> 
 <w id="w12.2.14">učinkovito</w> 
 <w id="w12.2.15">kot</w> 
 <w id="w12.2.16">placebo</w> 
 <w id="w12.2.17">in</w> 
 <w id="w12.2.18">enako</w> 
 <w id="w12.2.19">učinkovito</w> 
 <w id="w12.2.20">kot</w> 
 <w id="w12.2.21">zdravljenja</w> 
 <w id="w12.2.22">s</w> 
 <w id="w12.2.23">primerljivimi</w> 
 <w id="w12.2.24">zdravili</w>
 <w id="w12.2.25">.</w>
</s> 
 
<s id="s12.3">
 <w id="w12.3.1">Ko</w> 
 <w id="w12.3.2">so</w> 
 <w id="w12.3.3">primerjali</w> 
 <w id="w12.3.4">skupaj</w> 
 <w id="w12.3.5">rezultate</w> 
 <w id="w12.3.6">petih</w> 
 <w id="w12.3.7">študij</w>
 <w id="w12.3.8">,</w> 
 <w id="w12.3.9">v</w> 
 <w id="w12.3.10">katerih</w> 
 <w id="w12.3.11">so</w> 
 <w id="w12.3.12">zdravilo</w> 
 <w id="w12.3.13">Enviage</w> 
 <w id="w12.3.14">kot</w> 
 <w id="w12.3.15">samostojno</w> 
 <w id="w12.3.16">zdravilo</w> 
 <w id="w12.3.17">primerjali</w> 
 <w id="w12.3.18">s</w> 
 <w id="w12.3.19">placebom</w>
 <w id="w12.3.20">,</w> 
 <w id="w12.3.21">se</w> 
 <w id="w12.3.22">je</w> 
 <w id="w12.3.23">pri</w> 
 <w id="w12.3.24">bolnikih</w> 
 <w id="w12.3.25">pod</w> 
 <w id="w12.3.26">65</w> 
 <w id="w12.3.27">leti</w> 
 <w id="w12.3.28">starosti</w> 
 <w id="w12.3.29">po</w> 
 <w id="w12.3.30">osmih</w> 
 <w id="w12.3.31">tednih</w> 
 <w id="w12.3.32">jemanja</w> 
 <w id="w12.3.33">150</w> 
 <w id="w12.3.34">mg</w> 
 <w id="w12.3.35">zdravila</w> 
 <w id="w12.3.36">Enviage</w> 
 <w id="w12.3.37">povprečni</w> 
 <w id="w12.3.38">diastolični</w> 
 <w id="w12.3.39">tlak</w>
 <w id="w12.3.40">,</w> 
 <w id="w12.3.41">ki</w> 
 <w id="w12.3.42">je</w> 
 <w id="w12.3.43">na</w> 
 <w id="w12.3.44">začetku</w> 
 <w id="w12.3.45">znašal</w> 
 <w id="w12.3.46">99,</w>
 <w id="w12.3.47">4</w> 
 <w id="w12.3.48">mmHg</w>
 <w id="w12.3.49">,</w> 
 <w id="w12.3.50">v</w> 
 <w id="w12.3.51">povprečju</w> 
 <w id="w12.3.52">znižal</w> 
 <w id="w12.3.53">za</w> 
 <w id="w12.3.54">9,</w>
 <w id="w12.3.55">0</w> 
 <w id="w12.3.56">mmHg</w>
 <w id="w12.3.57">.</w>
</s> 
 
<s id="s12.4">
 <w id="w12.4.1">Rezultate</w> 
 <w id="w12.4.2">so</w> 
 <w id="w12.4.3">primerjali</w> 
 <w id="w12.4.4">z</w> 
 <w id="w12.4.5">znižanjem</w> 
 <w id="w12.4.6">za</w> 
 <w id="w12.4.7">5,</w>
 <w id="w12.4.8">8</w> 
 <w id="w12.4.9">mmHg</w> 
 <w id="w12.4.10">od</w> 
 <w id="w12.4.11">vrednosti</w> 
 <w id="w12.4.12">99,</w>
 <w id="w12.4.13">3</w> 
 <w id="w12.4.14">mmHg</w> 
 <w id="w12.4.15">pri</w> 
 <w id="w12.4.16">tistih</w>
 <w id="w12.4.17">,</w> 
 <w id="w12.4.18">ki</w> 
 <w id="w12.4.19">so</w> 
 <w id="w12.4.20">jemali</w> 
 <w id="w12.4.21">placebo</w>
 <w id="w12.4.22">.</w>
</s> 
 
<s id="s12.5">
 <w id="w12.5.1">Pri</w> 
 <w id="w12.5.2">bolnikih</w>
 <w id="w12.5.3">,</w> 
 <w id="w12.5.4">starih</w> 
 <w id="w12.5.5">65</w> 
 <w id="w12.5.6">let</w> 
 <w id="w12.5.7">ali</w> 
 <w id="w12.5.8">več</w>
 <w id="w12.5.9">,</w> 
 <w id="w12.5.10">in</w> 
 <w id="w12.5.11">tistih</w>
 <w id="w12.5.12">,</w> 
 <w id="w12.5.13">ki</w> 
 <w id="w12.5.14">so</w> 
 <w id="w12.5.15">jemali</w> 
 <w id="w12.5.16">večje</w> 
 <w id="w12.5.17">odmerke</w> 
 <w id="w12.5.18">zdravila</w> 
 <w id="w12.5.19">Enviage</w>
 <w id="w12.5.20">,</w> 
 <w id="w12.5.21">so</w> 
 <w id="w12.5.22">opazili</w> 
 <w id="w12.5.23">večja</w> 
 <w id="w12.5.24">znižanja</w> 
 <w id="w12.5.25">tlaka</w>
 <w id="w12.5.26">.</w>
</s> 
 
<s id="s12.6">
 <w id="w12.6.1">Zdravilo</w> 
 <w id="w12.6.2">Enviage</w> 
 <w id="w12.6.3">je</w> 
 <w id="w12.6.4">krvni</w> 
 <w id="w12.6.5">tlak</w> 
 <w id="w12.6.6">znižalo</w> 
 <w id="w12.6.7">tudi</w> 
 <w id="w12.6.8">pri</w> 
 <w id="w12.6.9">bolnikih</w> 
 <w id="w12.6.10">s</w> 
 <w id="w12.6.11">sladkorno</w> 
 <w id="w12.6.12">boleznijo</w>
 <w id="w12.6.13">,</w> 
 <w id="w12.6.14">prekomerno</w> 
 <w id="w12.6.15">težkih</w> 
 <w id="w12.6.16">bolnikih</w> 
 <w id="w12.6.17">in</w> 
 <w id="w12.6.18">tistih</w>
 <w id="w12.6.19">,</w> 
 <w id="w12.6.20">ki</w> 
 <w id="w12.6.21">so</w> 
 <w id="w12.6.22">bili</w> 
 <w id="w12.6.23">starejši</w> 
 <w id="w12.6.24">od</w> 
 <w id="w12.6.25">65</w> 
 <w id="w12.6.26">let</w>
 <w id="w12.6.27">.</w>
</s> 
 
<s id="s12.7">
 <w id="w12.7.1">V</w> 
 <w id="w12.7.2">dveh</w> 
 <w id="w12.7.3">študijah</w> 
 <w id="w12.7.4">so</w> 
 <w id="w12.7.5">učinkovanje</w> 
 <w id="w12.7.6">zdravila</w> 
 <w id="w12.7.7">vzdrževali</w> 
 <w id="w12.7.8">do</w> 
 <w id="w12.7.9">52</w> 
 <w id="w12.7.10">tednov</w>
 <w id="w12.7.11">.</w>
</s> 
 
<s id="s12.8">
 <w id="w12.8.1">Študije</w> 
 <w id="w12.8.2">so</w> 
 <w id="w12.8.3">pokazale</w> 
 <w id="w12.8.4">tudi</w>
 <w id="w12.8.5">,</w> 
 <w id="w12.8.6">da</w> 
 <w id="w12.8.7">lahko</w> 
 <w id="w12.8.8">zdravilo</w> 
 <w id="w12.8.9">Enviage</w> 
 <w id="w12.8.10">v</w> 
 <w id="w12.8.11">kombinaciji</w> 
 <w id="w12.8.12">z</w> 
 <w id="w12.8.13">drugimi</w> 
 <w id="w12.8.14">zdravili</w> 
 <w id="w12.8.15">(</w>
 <w id="w12.8.16">še</w> 
 <w id="w12.8.17">posebej</w> 
 <w id="w12.8.18">hidroklorotiazidom</w>
 <w id="w12.8.19">)</w> 
 <w id="w12.8.20">povzroči</w> 
 <w id="w12.8.21">še</w> 
 <w id="w12.8.22">dodatna</w> 
 <w id="w12.8.23">znižanja</w> 
 <w id="w12.8.24">krvnega</w> 
 <w id="w12.8.25">tlaka</w> 
 <w id="w12.8.26">v</w> 
 <w id="w12.8.27">primerjavi</w> 
 <w id="w12.8.28">z</w> 
 <w id="w12.8.29">znižanji</w> 
 <w id="w12.8.30">tlaka</w>
 <w id="w12.8.31">,</w> 
 <w id="w12.8.32">ki</w> 
 <w id="w12.8.33">jih</w> 
 <w id="w12.8.34">imajo</w> 
 <w id="w12.8.35">ta</w> 
 <w id="w12.8.36">zdravila</w> 
 <w id="w12.8.37">brez</w> 
 <w id="w12.8.38">kombiniranja</w> 
 <w id="w12.8.39">z</w> 
 <w id="w12.8.40">zdravilom</w> 
 <w id="w12.8.41">Enviage</w>
 <w id="w12.8.42">.</w>
</s></p>

<p id="13">
<s id="s13.1">
 <w id="w13.1.1">Kakšna</w> 
 <w id="w13.1.2">tveganja</w> 
 <w id="w13.1.3">so</w> 
 <w id="w13.1.4">povezana</w> 
 <w id="w13.1.5">z</w> 
 <w id="w13.1.6">zdravilom</w> 
 <w id="w13.1.7">Enviage</w>
 <w id="w13.1.8">?</w>
</s> 
 
<s id="s13.2">
 <w id="w13.2.1">Najpogostejši</w> 
 <w id="w13.2.2">neželeni</w> 
 <w id="w13.2.3">učinek</w> 
 <w id="w13.2.4">zdravila</w> 
 <w id="w13.2.5">Enviage</w> 
 <w id="w13.2.6">(</w>
 <w id="w13.2.7">opažen</w> 
 <w id="w13.2.8">med</w> 
 <w id="w13.2.9">1</w> 
 <w id="w13.2.10">in</w> 
 <w id="w13.2.11">10</w> 
 <w id="w13.2.12">bolniki</w> 
 <w id="w13.2.13">od</w> 
 <w id="w13.2.14">100</w>
 <w id="w13.2.15">)</w> 
 <w id="w13.2.16">je</w> 
 <w id="w13.2.17">driska</w>
 <w id="w13.2.18">.</w>
</s> 
 
<s id="s13.3">
 <w id="w13.3.1">Za</w> 
 <w id="w13.3.2">celoten</w> 
 <w id="w13.3.3">seznam</w> 
 <w id="w13.3.4">neželenih</w> 
 <w id="w13.3.5">učinkov</w>
 <w id="w13.3.6">,</w> 
 <w id="w13.3.7">o</w> 
 <w id="w13.3.8">katerih</w> 
 <w id="w13.3.9">so</w> 
 <w id="w13.3.10">poročali</w> 
 <w id="w13.3.11">pri</w> 
 <w id="w13.3.12">uporabi</w> 
 <w id="w13.3.13">zdravila</w> 
 <w id="w13.3.14">Enviage</w>
 <w id="w13.3.15">,</w> 
 <w id="w13.3.16">glejte</w> 
 <w id="w13.3.17">Navodilo</w> 
 <w id="w13.3.18">za</w> 
 <w id="w13.3.19">uporabo</w>
 <w id="w13.3.20">.</w>
</s> 
 
<s id="s13.4">
 <w id="w13.4.1">Zdravila</w> 
 <w id="w13.4.2">Enviage</w> 
 <w id="w13.4.3">ne</w> 
 <w id="w13.4.4">smejo</w> 
 <w id="w13.4.5">uporabljati</w> 
 <w id="w13.4.6">osebe</w>
 <w id="w13.4.7">,</w> 
 <w id="w13.4.8">ki</w> 
 <w id="w13.4.9">utegnejo</w> 
 <w id="w13.4.10">biti</w> 
 <w id="w13.4.11">preobčutljive</w> 
 <w id="w13.4.12">za</w> 
 <w id="w13.4.13">(</w>
 <w id="w13.4.14">alergične</w> 
 <w id="w13.4.15">na</w>
 <w id="w13.4.16">)</w> 
 <w id="w13.4.17">aliskiren</w> 
 <w id="w13.4.18">ali</w> 
 <w id="w13.4.19">katero</w> 
 <w id="w13.4.20">koli</w> 
 <w id="w13.4.21">drugo</w> 
 <w id="w13.4.22">sestavino</w> 
 <w id="w13.4.23">zdravila</w>
 <w id="w13.4.24">.</w>
</s> 
 
<s id="s13.5">
 <w id="w13.5.1">Zdravila</w> 
 <w id="w13.5.2">prav</w> 
 <w id="w13.5.3">tako</w> 
 <w id="w13.5.4">ne</w> 
 <w id="w13.5.5">smejo</w> 
 <w id="w13.5.6">uporabljati</w> 
 <w id="w13.5.7">nosečnice</w> 
 <w id="w13.5.8">v</w> 
 <w id="w13.5.9">drugem</w> 
 <w id="w13.5.10">ali</w> 
 <w id="w13.5.11">tretjem</w> 
 <w id="w13.5.12">tromesečju</w> 
 <w id="w13.5.13">nosečnosti</w> 
 <w id="w13.5.14">(</w>
 <w id="w13.5.15">od</w> 
 <w id="w13.5.16">približno</w> 
 <w id="w13.5.17">četrtega</w> 
 <w id="w13.5.18">meseca</w> 
 <w id="w13.5.19">nosečnosti</w> 
 <w id="w13.5.20">dalje</w>
 <w id="w13.5.21">)</w>
 <w id="w13.5.22">.</w>
</s> 
 
<s id="s13.6">
 <w id="w13.6.1">Zdravilo</w> 
 <w id="w13.6.2">ni</w> 
 <w id="w13.6.3">priporočeno</w> 
 <w id="w13.6.4">niti</w> 
 <w id="w13.6.5">za</w> 
 <w id="w13.6.6">ženske</w> 
 <w id="w13.6.7">v</w> 
 <w id="w13.6.8">prvem</w> 
 <w id="w13.6.9">tromesečju</w> 
 <w id="w13.6.10">nosečnosti</w> 
 <w id="w13.6.11">in</w> 
 <w id="w13.6.12">za</w> 
 <w id="w13.6.13">tiste</w>
 <w id="w13.6.14">,</w> 
 <w id="w13.6.15">ki</w> 
 <w id="w13.6.16">načrtujejo</w> 
 <w id="w13.6.17">zanositev</w>
 <w id="w13.6.18">.</w>
</s></p>

<p id="14">
<s id="s14.1">
 <w id="w14.1.1">Zakaj</w> 
 <w id="w14.1.2">je</w> 
 <w id="w14.1.3">bilo</w> 
 <w id="w14.1.4">zdravilo</w> 
 <w id="w14.1.5">Enviage</w> 
 <w id="w14.1.6">odobreno</w>
 <w id="w14.1.7">?</w>
</s> 
 
<s id="s14.2">
 <w id="w14.2.1">Odbor</w> 
 <w id="w14.2.2">za</w> 
 <w id="w14.2.3">zdravila</w> 
 <w id="w14.2.4">za</w> 
 <w id="w14.2.5">uporabo</w> 
 <w id="w14.2.6">v</w> 
 <w id="w14.2.7">humani</w> 
 <w id="w14.2.8">medicini</w> 
 <w id="w14.2.9">(</w>
 <w id="w14.2.10">CHMP</w>
 <w id="w14.2.11">)</w> 
 <w id="w14.2.12">meni</w>
 <w id="w14.2.13">,</w> 
 <w id="w14.2.14">da</w> 
 <w id="w14.2.15">so</w> 
 <w id="w14.2.16">koristi</w> 
 <w id="w14.2.17">zdravila</w> 
 <w id="w14.2.18">Enviage</w> 
 <w id="w14.2.19">pri</w> 
 <w id="w14.2.20">zdravljenju</w> 
 <w id="w14.2.21">esencialne</w> 
 <w id="w14.2.22">hipertenzije</w> 
 <w id="w14.2.23">večje</w> 
 <w id="w14.2.24">od</w> 
 <w id="w14.2.25">z</w> 
 <w id="w14.2.26">njim</w> 
 <w id="w14.2.27">povezanih</w> 
 <w id="w14.2.28">tveganj</w>
 <w id="w14.2.29">.</w>
</s> 
 
<s id="s14.3">
 <w id="w14.3.1">Odbor</w> 
 <w id="w14.3.2">je</w> 
 <w id="w14.3.3">priporočil</w> 
 <w id="w14.3.4">odobritev</w> 
 <w id="w14.3.5">dovoljenja</w> 
 <w id="w14.3.6">za</w> 
 <w id="w14.3.7">promet</w> 
 <w id="w14.3.8">z</w> 
 <w id="w14.3.9">zdravilom</w> 
 <w id="w14.3.10">Enviage</w>
 <w id="w14.3.11">.</w>
</s></p>

<p id="15">
<s id="s15.1">
 <w id="w15.1.1">Druge</w> 
 <w id="w15.1.2">informacije</w> 
 <w id="w15.1.3">o</w> 
 <w id="w15.1.4">zdravilu</w> 
 <w id="w15.1.5">Enviage</w>
 <w id="w15.1.6">:</w>
</s> 
 
<s id="s15.2">
 <w id="w15.2.1">Evropska</w> 
 <w id="w15.2.2">Komisija</w> 
 <w id="w15.2.3">je</w> 
 <w id="w15.2.4">dovoljenje</w> 
 <w id="w15.2.5">za</w> 
 <w id="w15.2.6">promet</w> 
 <w id="w15.2.7">z</w> 
 <w id="w15.2.8">zdravilom</w> 
 <w id="w15.2.9">Enviage</w>
 <w id="w15.2.10">,</w> 
 <w id="w15.2.11">veljavno</w> 
 <w id="w15.2.12">po</w> 
 <w id="w15.2.13">vsej</w> 
 <w id="w15.2.14">Evropski</w> 
 <w id="w15.2.15">uniji</w>
 <w id="w15.2.16">,</w> 
 <w id="w15.2.17">odobrila</w> 
 <w id="w15.2.18">družbi</w> 
 <w id="w15.2.19">Novartis</w> 
 <w id="w15.2.20">Europharm</w> 
 <w id="w15.2.21">Limited</w> 
 <w id="w15.2.22">dne</w> 
 <w id="w15.2.23">22</w>
 <w id="w15.2.24">.</w> 
 <w id="w15.2.25">avgusta</w> 
 <w id="w15.2.26">2007</w>
 <w id="w15.2.27">.</w>
</s></p>

<p id="16">
<s id="s16.1">
 <w id="w16.1.1">Celotno</w> 
 <w id="w16.1.2">Evropsko</w> 
 <w id="w16.1.3">javno</w> 
 <w id="w16.1.4">poročilo</w> 
 <w id="w16.1.5">o</w> 
 <w id="w16.1.6">oceni</w> 
 <w id="w16.1.7">zdravila</w> 
 <w id="w16.1.8">(</w>
 <w id="w16.1.9">EPAR</w>
 <w id="w16.1.10">)</w> 
 <w id="w16.1.11">za</w> 
 <w id="w16.1.12">zdravilo</w> 
 <w id="w16.1.13">Enviage</w> 
 <w id="w16.1.14">je</w> 
 <w id="w16.1.15">na</w> 
 <w id="w16.1.16">voljo</w> 
 <w id="w16.1.17">tukaj</w>
 <w id="w16.1.18">.</w>
</s></p>

<p id="17">
<s id="s17.1">
 <w id="w17.1.1">Ta</w> 
 <w id="w17.1.2">povzetek</w> 
 <w id="w17.1.3">je</w> 
 <w id="w17.1.4">bil</w> 
 <w id="w17.1.5">nazadnje</w> 
 <w id="w17.1.6">posodobljen</w> 
 <w id="w17.1.7">07-</w>
 <w id="w17.1.8">2007</w>
 <w id="w17.1.9">.</w>
</s></p>

<p id="18">
<s id="s18.1">
 <w id="w18.1.1">©EMEA</w> 
 <w id="w18.1.2">2007</w>
</s></p>

<head id="19">
<s id="s19.1">
 <w id="w19.1.1">2/</w>
 <w id="w19.1.2">2</w>
</s></head></text>
