<?xml version="1.0" encoding="utf-8"?>
<letsmt version="1.0">
<head></head>
<body>
<s id="s1.1">DODATEK I</s>
<s id="s2.1">SEZNAM IMEN, FARMACEVTSKIH OBLIK, JAKOSTI ZDRAVILA, NAČINOV UPORABE ZDRAVILA, VLAGATELJEV, IMETNIKOV DOVOLJENJA ZA PROMET Z ZDRAVILOM V DRŽAVAH LANICAH Č</s>
<s id="s3.1">1 Država lanica č</s>
<s id="s4.1">Imetnik dovoljenja za promet z zdravilom</s>
<s id="s5.1">Vlagatelj</s>
<s id="s6.1">Izmišljeno ime</s>
<s id="s7.1">Jakost</s>
<s id="s8.1">Farmacevtska oblika</s>
<s id="s9.1">Način uporabe zdravila</s>
<s id="s10.1">Avstrija</s>
<s id="s11.1">-</s>
<s id="s12.1">HEXAL AG Industriestraße 25 D- 83607 Holzkirchen</s>
<s id="s13.1">Lansohexal 15 mg - Hartkapseln 15 mg Lansohexal 30 mg - Hartkapseln 30 mg</s>
<s id="s14.1">Gastrorezistentna kapsula, trda Gastrorezistentna kapsula, trda</s>
<s id="s15.1">Peroralna uporaba Peroralna uporaba</s>
<s id="s16.1">Danska</s>
<s id="s17.1">HEXAL AG Industriestraße 25</s>
<s id="s18.1">Lansoprazol HEXAL 15 mg</s>
<s id="s19.1">Gastrorezistentna kapsula, trda</s>
<s id="s20.1">Peroralna uporaba</s>
<s id="s21.1">-</s>
<s id="s22.1">D- 83607 Holzkirchen</s>
<s id="s23.1">Lansoprazol HEXAL 30 mg</s>
<s id="s24.1">Gastrorezistentna kapsula, trda</s>
<s id="s25.1">Peroralna uporaba</s>
<s id="s26.1">Nemčija</s>
<s id="s27.1">-</s>
<s id="s28.1">HEXAL AG Industriestraße 25 D- 83607 Holzkirchen</s>
<s id="s29.1">Lansohexal 15 mg - Hartkapseln 15 mg Lansohexal 30 mg - Hartkapseln 30 mg</s>
<s id="s30.1">Gastrorezistentna kapsula, trda Gastrorezistentna kapsula, trda</s>
<s id="s31.1">Peroralna uporaba Peroralna uporaba</s>
<s id="s32.1">Finska</s>
<s id="s33.1">HEXAL AG Industriestraße 25 D- 83607 Holzkirchen</s>
<s id="s34.1">-</s>
<s id="s35.1">Lansoprazol HEXAL 15mg 15 mg Lansoprazol HEXAL 30 mg 30 mg</s>
<s id="s36.1">Gastrorezistentna kapsula, trda Gastrorezistentna kapsula, trda</s>
<s id="s37.1">Peroralna uporaba Peroralna uporaba</s>
<s id="s38.1">Švedska</s>
<s id="s39.1">-</s>
<s id="s40.1">HEXAL AG Industriestraße 25</s>
<s id="s41.1">Lansocid</s>
<s id="s42.1">15 mg</s>
<s id="s43.1">Gastrorezistentna kapsula, trda</s>
<s id="s44.1">Peroralna uporaba</s>
<s id="s45.1">D- 83607 Holzkirchen</s>
<s id="s46.1">Lansocid</s>
<s id="s47.1">30 mg</s>
<s id="s48.1">Gastrorezistentna kapsula, trda</s>
<s id="s49.1">Peroralna uporaba</s>
<s id="s50.1">2 DODATEK II</s>
<s id="s51.1">ZNANSTVENI ZAKLJUČKI IN PODLAGA ZA DOPOLNILO POVZETKOV GLAVNIH ZNAČILNOSTI ZDRAVILA, PREDSTAVLJENI S STRANI EVROPSKE AGENCIJE ZA ZDRAVILA</s>
<s id="s52.1">3 ZNANSTVENI ZAKLJUČKI</s>
<s id="s53.1">SPLOŠNI POVZETEK ZNANSTVENEGA VREDNOTENJA ZDRAVILA LANSOPRAZOL HEXAL 15 MG, 30 MG, GASTROREZISTENTNE KAPSULE, TRDE (glejte Dodatek I)</s>
<s id="s54.1">Zdravilo Lansoprazol HEXAL, 15- mg, 30- mg gastrorezistentne kapsule, trde, je bilo napoteno na arbitražni postopek v skladu s lenom 29 Direktive Sveta 2001/ 83/ ES, kakor je bila spremenjena, zaradi č zadržkov, ki jih je predložila Nemčija v okviru postopka medsebojnega priznavanja s Finsko, ki je bila referenčna država lanica.</s>
<s id="s54.2">Povzetek glavnih značilnosti referenčnega zdravila v Nemčiji ne vsebuje č indikacij, povezanih s sočasno uporabo nesteroidnih protivnetnih zdravil (NSAID), ter zdravljenja in preprečevanja razjed dvanajstnika in želodca, ki jih povzročajo te snovi.</s>
<s id="s55.1">• Zdravljenje benignih razjed dvanajstnika in želodca, povezanih z uporabo protivnetnih analgetikov pri bolnikih, pri katerih je potrebno neprekinjeno zdravljenje s protivnetnimi analgetiki.</s>
<s id="s56.1">Želodčna kislina je osrednji dejavnik pri patogenezi razjed želodca ali dvanajstnika, hkrati pa je bilo dokazano, da zaviranje izločanja kisline učinkovito zaceli razjede, ki so bile povzročene z NSAID.</s>
<s id="s56.2">Pri bolnikih, ki nadaljujejo z jemanjem NSAID, je celjenje zakasnjeno.</s>
<s id="s57.1">Agrawal et al so opravili dvojno slepo randomizirano klinično preskušanje pri 353 bolnikih z razjedo želodca, ki so še naprej prejemali stabilne odmerke NSAID.</s>
<s id="s57.2">Bolnike so za 8 tednov naključno razporedili v skupine, ki so se zdravile z ranitidinom 150 mg dvakrat dnevno ali lansoprazolom 15 mg ali 30 mg enkrat dnevno.</s>
<s id="s57.3">Celjenje so ocenjevali endoskopsko po 4 ali 8 tednih.</s>
<s id="s57.4">Po 8 tednih so celjenje opazili pri 61 (53%) od 115 bolnikov, ki so prejemali ranitidin, 81 (69%) od 118 bolnikov, ki so prejemali lansoprazol 15 mg in pri 85 (73%) od 117 bolnikov, ki so prejemali 30 mg (P &lt; 0, 05 za ranitidin v primerjavi z obema odmerkoma lansoprazola).</s>
<s id="s57.5">Po 4 tednih so bile stopnje celjenja v naštetih skupinah bolnikov 30%, 47% in 57%.</s>
<s id="s57.6">Stopnje celjenja razjed dvanajstnika (n=46) so bile v naštetih 3 skupinah bolnikov med 81% in 93%.</s>
<s id="s57.7">Varnost je bila primerljiva med skupinami.</s>
<s id="s57.8">Matsukawa et al so v nekontrolirani raziskavi ovrednotili učinkovitost lansoprazola 15 mg in 30 mg pri 47 bolnikih z razjedami želodca ali dvanajstnika, ki so bile povzročene z NSAID.</s>
<s id="s57.9">Bolnike z razjedami dvanajstnika (n=3) so zdravili 6 tednov, bolnike z želodčnimi razjedami (n=42) ali multiplimi razjedami (n=5) pa 8 tednov.</s>
<s id="s57.10">Celokupna stopnja celjenja po klasifikaciji Sakitas je bila 95%.</s>
<s id="s57.11">Celokupna stopnja celjenja S2 (dobro zaceljenje) je bila 35%.</s>
<s id="s57.12">Campell et al so v analizi združenih podatkov dveh identičnih dvojno slepih randomiziranih kliničnih preskušanj, kjer so primerjali lansoprazol in ranitidin, ovrednotili učinek predhodnega zdravljenja okužbe s Helicobacter pylori (H. pylori) na stopnje celjenja želodčnih razjed pri bolnikih, ki so prejemali NSAID in zdravila, ki zavirajo izločanje.</s>
<s id="s57.13">Skupno je bilo vključenih 692 bolnikov.</s>
<s id="s57.14">Enostavne stopnje celjenja (neodvisne od H. pylori statusa) so bile po 8 tednih 66% za skupino z lansoprazolom 15 mg, 74% za skupino z lansoprazolom 30 mg in 50% za skupino z ranitidinom (P &lt; 0, 001).</s>
<s id="s57.15">Pri bolnikih z okužbo s H. pylori, ki so prejemali NSAID, je bilo celjenje želodčne razjede s sredstvom za preprečevanje izločanja znatno izboljšano (70% v primerjavi z 61%, P &lt; 0, 05).</s>
<s id="s57.16">V raziskavi, ki so jo objavili kot izvleček (Goldstein et al), so bile v 8. tednu stopnje celjenja 64% za 15- mg odmerek in 76% za 30- mg odmerek.</s>
<s id="s57.17">V 4. tednu so bile stopnje celjenja 44% za 15- mg odmerek in 51% za 30- mg odmerek.</s>
<s id="s58.1">Zaviralci protonske rpalke (omeprazol, lansoprazol in pantoprazol) se v glavnem presnavljajo z č izoobliko CYP2C19 citokroma P450.</s>
<s id="s58.2">Vsi trije imajo zelo omejen potencial za interakcijo z drugimi zdravili na ravni CYP (Unge in Andersson 1997).</s>
<s id="s58.3">Interakcije z NSAID niso omenjene.</s>
<s id="s59.1">• Zdravljenje razjed želodca in dvanajstnika, povezanih z uporabo protivnetnih zdravil, in lajšanje simptomov pri bolnikih, pri katerih je potrebno neprekinjeno zdravljenje s protivnetnimi zdravili.</s>
<s id="s60.1">4 Predloženi so bili trije objavljeni lanki s kliničnimi dokazi o preprečevanju razjed, povezanih z č NSAID.</s>
<s id="s60.2">Lai et al so preučili 123 bolnikov z zapleti razjed, povezanimi z jemanjem majhnih odmerkov aspirina, in ki so bili okuženi s H. pylori.</s>
<s id="s60.3">Po uspešnem zaceljenju razjed in eradikaciji H. pylori, so bolnike za 12 mesecev naključno razporedili v skupini, ki sta se zdravili z lansoprazolom 30 mg ali placebom z dodatkom aspirina 100 mg dnevno.</s>
<s id="s60.4">Poglavitna končna točka je bila ponovitev zapletov razjede.</s>
<s id="s60.5">Med sledenjem je pri 9 od 61 bolnikov (14, 8%) v skupini s placebom prišlo do ponovitve zapletov razjede v primerjavi z 1 od 62 bolnikov (1, 6%) v skupini z lansoprazolom (P=0, 008).</s>
<s id="s60.6">Graham et al so opravili prospektivno dvojno slepo randomizirano klinično preskušanje pri 537 bolnikih brez okužbe s H. pylori, ki so dolgotrajno jemali NSAID in so imeli endoskopsko dokazano želodčno razjedo.</s>
<s id="s60.7">Bolnike so za 12 tednov naključno razporedili v skupine, ki so prejemale placebo, misoprostol ali lansoprazol 15 mg ali 30 mg.</s>
<s id="s60.8">Status razjede so določali endoskopsko v 4., 8. in 12. tednu.</s>
<s id="s60.9">Do 12. tedna je bilo brez želodčne razjede 51% bolnikov v skupini s placebom, 93% bolnikov v skupini s misoprostolom, 80% bolnikov v skupini z lansoprazolom 15 mg in 82% bolnikov v skupini z lansoprazolom 30 mg.</s>
<s id="s60.10">Uporaba antacidov je bila znatno manjša pri bolnikih v skupinah z lansoprazolom v primerjavi z bolniki v skupinah z misoprostolom in placebom.</s>
<s id="s60.11">Bolniki v skupinah z lansoprazolom so imeli znatno manj trebušnih bolečin v primerjavi z bolniki v skupini z misoprostolom.</s>
<s id="s60.12">Lai et al so preučili 43 bolnikov, ki so imeli peptično razjedo in so bili okuženi s H. pylori ter so prejemali NSAID.</s>
<s id="s60.13">Bolniki so bili podvrženi eradikacijskemu zdravljenju, emur je sledilo 4- tedensko jemanje lansoprazola č 30 mg.</s>
<s id="s60.14">Bolniki z zaceljenimi razjedami in odstranjeno H. pylori so nato dnevno prejemali naproksen 750 mg in bili za 8 tednov naključno razporejeni v skupino, ki je prejemala lansoprazol 30 mg ali skupino brez zdravljenja.</s>
<s id="s60.15">Poglavitna končna točka je bila ponovitev simptomatskih in zapletenih razjed v 8 tednih.</s>
<s id="s60.16">V 8. tednu je bila opravljena tudi endoskopija.</s>
<s id="s60.17">Kumulativna incidenca simptomatskih in zapletenih želodčnih razjed je bila v 8. tednu 4, 5% v skupini z lansoprazolom in 42, 9% v skupini brez zdravljenja (P=0, 0025).</s>
<s id="s61.1">Obravnavanje razmerja med koristmi in tveganji</s>
<s id="s62.1">Bibliografski podatki, ki jih je predložil vlagatelj, kažejo, da je pri bolnikih, ki še naprej jemljejo NSAID, lansoprazol učinkovitejši pri celjenju želodčnih razjed kot zaviralec receptorjev H2 ter da so hitrosti celjenja sprejemljive, eprav nekoliko manjše od hitrosti, ki se navaja za omeprazol.</s>
<s id="s62.2">Podatkov o č hitrostih celjenja razjed dvanajstnika je malo, vendar je za razjede dvanajstnika znano, da se po zaviranju kisline na splošno celijo bolje kot želodčne razjede.</s>
<s id="s62.3">Omejena količina podatkov v zvezi z lansoprazolom podpira to trditev.</s>
<s id="s62.4">Formalnih raziskav interakcije med lansoprazolom in NSAID niso opravili.</s>
<s id="s62.5">Več kliničnih preskušanj ter obsežne klinične izkušnje niso odkrile obstoja interakcij med lansoprazolom in NSAID pri njunem sočasnem jemanju.</s>
<s id="s62.6">Poleg tega tudi raziskave interakcij med omeprazolom in NSAID niso pokazale takšnih učinkov.</s>
<s id="s62.7">Pomanjkanje formalnih raziskav interakcije z NSAID se mora primerno odražati v Povzetku glavnih značilnosti zdravila.</s>
<s id="s63.1">Predloženi bibliografski podatki vsebujejo dokaze, ki podpirajo indikacije: • Zdravljenje benignih razjed dvanajstnika in želodca, povezanih z NSAID pri bolnikih, pri katerih je potrebno neprekinjeno zdravljenje z NSAID • Zdravljenje benignih razjed dvanajstnika in želodca, povezanih z NSAID, pri bolnikih, pri katerih obstaja tveganje, da bo potrebno neprekinjeno zdravljenje z NSAID.</s>
<s id="s63.2">Toda indikacija, ki vključuje lajšanje simptomov v tej populaciji, ni zadostno podprta.</s>
<s id="s63.3">V eni izmed raziskav je lansoprazol v primerjavi s placebom zmanjšal le potrebo po antacidih, ni pa bila dokazana bistvena razlika pri simptomih.</s>
<s id="s64.1">Zato lahko razmerje med koristmi in tveganji za zdravilo Lansoprazol HEXAL 15 mg, 30 mg, za predlagane indikacije velja kot ugodno.</s>
<s id="s65.1">RAZLOGI ZA DOPOLNILO POVZETKA GLAVNIH ZNAČILNOSTI ZDRAVILA Ker je bil namen napotitve uskladiti Povzetek glavnih značilnosti zdravila glede indikacije,</s>
<s id="s66.1">5 je bil Povzetek glavnih značilnosti zdravila, ki ga je predlagal vlagatelj, ovrednoten na podlagi predložene dokumentacije in znanstvene razprave znotraj Odbora, je CHMP za Lansoprazol in povezana imena (glejte Dodatek I) priporočil odobritev dovoljenj za promet z dopolnili Povzetka glavnih značilnosti zdravila, kakor je opredeljeno v Dodatku III.</s>
<s id="s67.1">6 DODATEK III</s>
<s id="s68.1">SPREMENJEN POVZETEK GLAVNIH ZNAČILNOSTI ZDRAVILA</s>
<s id="s69.1">REFERENČNE DRŽAVE LANICE</s>
<s id="s70.1">Č</s>
<s id="s71.1">Opomba:</s>
<s id="s71.2">Ta Povzetek glavnih značilnosti zdravila je bil priložen k odločbi Komisije v zvezi s tem postopkom, ki je bil sprožen v skladu s lenom 29, za zdravila, ki vsebujejo lansoprazol.</s>
<s id="s71.3">Besedilo č je bilo takrat veljavno.</s>
<s id="s72.1">Pristojne oblasti držav lanic bodo podatke o izdelku posodobile v skladu z zahtevami, ko bo č podana odločba Komisije.</s>
<s id="s72.2">Zaradi tega ta Povzetek glavnih značilnosti zdravila ne predstavlja nujno sedanjega besedila.</s>
<s id="s73.1">7 1.</s>
<s id="s73.2">IME ZDRAVILA</s>
<s id="s74.1">Lansoprazol in povezana imena (glejte Dodatek I), 15- mg gastrorezistentne kapsule, trde Lansoprazol in povezana imena (glejte Dodatek I), 30- mg gastrorezistentne kapsule, trde</s>
<s id="s75.1">[Glejte Dodatek I – podatke je treba dopolniti v posameznih državah]</s>
<s id="s76.1">2.</s>
<s id="s76.2">KAKOVOSTNA IN KOLIČINSKA SESTAVA</s>
<s id="s77.1">Vsaka trda kapsula vsebuje 15 ali 30 mg lansoprazola.</s>
<s id="s78.1">[Podatke je treba dopolniti v posameznih državah]</s>
<s id="s79.1">Za pomožne snovi glejte poglavje 6. 1.</s>
<s id="s80.1">3.</s>
<s id="s80.2">FARMACEVTSKA OBLIKA</s>
<s id="s81.1">Gastrorezistentna kapsula, trda</s>
<s id="s82.1">15 mg:</s>
<s id="s82.2">Neprosojne, rumene, trde želatinaste kapsule, ki vsebujejo pelete z enterično oblogo.</s>
<s id="s83.1">30 mg:</s>
<s id="s83.2">Neprosojne, bele, trde želatinaste kapsule, ki vsebujejo pelete z enterično oblogo.</s>
<s id="s84.1">[Podatke je treba dopolniti v posameznih državah]</s>
<s id="s85.1">4.</s>
<s id="s85.2">KLINIČNI PODATKI</s>
<s id="s86.1">4. 1 Terapevtske indikacije</s>
<s id="s87.1">• Zdravljenje endoskopsko ali radiografsko potrjenih razjed dvanajstnika in želodca. • Zdravljenje refluksnega ezofagitisa. • Dolgotrajna profilaksa refluksnega ezofagitisa. • Zollinger- Ellisonov sindrom. • Zdravljenje benignih razjed dvanajstnika in želodca, povezanih z nesteroidnimi protivnetnimi zdravili (NSAID) pri bolnikih, pri katerih je potrebno neprekinjeno zdravljenje z NSAID • Profilaksa razjed dvanajstnika in želodca, povezanih z NSAID pri bolnikih, pri katerih obstaja tveganje, da bo potrebno neprekinjeno zdravljenje z NSAID</s>
<s id="s88.1">4. 2.</s>
<s id="s88.2">Odmerjanje in način uporabe</s>
<s id="s89.1">Zdravljenje razjede dvanajstnika:</s>
<s id="s89.2">Priporočeni odmerek je 30 mg enkrat dnevno v trajanju 2 tednov.</s>
<s id="s89.3">Pri bolnikih, ki se ne pozdravijo v tem asu, je treba zdravljenje z istim odmerkom nadaljevati še dva tedna. č</s>
<s id="s90.1">Zdravljenje razjede želodca:</s>
<s id="s90.2">Priporočeni odmerek je 30 mg enkrat dnevno v trajanju 4 tednov.</s>
<s id="s90.3">Razjeda se ponavadi zaceli v 4 tednih, vendar je treba pri bolnikih, ki se ne pozdravijo v tem asu, zdravljenje podaljšati z istim odmerkom za č 4 tedne.</s>
<s id="s91.1">Zdravljenje refluksnega ezofagitisa:</s>
<s id="s92.1">8 Priporočeni odmerek lansoprazola je 30 mg enkrat dnevno v trajanju 4 tednov.</s>
<s id="s92.2">Pri bolnikih, ki se ne pozdravijo v tem asu, se sme zdravljenje z istim odmerkom nadaljevati še 4 tedne. č</s>
<s id="s93.1">Profilaksa refluksnega ezofagitisa:</s>
<s id="s93.2">15 mg enkrat dnevno.</s>
<s id="s93.3">Odmerek se po potrebi lahko poveča na 30 mg dnevno.</s>
<s id="s94.1">Zollinger- Ellisonov sindrom:</s>
<s id="s94.2">Priporočeni začetni odmerek je 60 mg enkrat dnevno.</s>
<s id="s94.3">Odmerek je treba prilagoditi vsakemu bolniku posebej in zdravljenje nadaljevati, dokler je potrebno.</s>
<s id="s94.4">Lahko se uporabljajo odmerki do 180 mg dnevno. e potrebni dnevni odmerek presega 120 mg, ga je treba razdeliti v dva odmerka.</s>
<s id="s94.5">Č</s>
<s id="s95.1">Benigne razjede želodca in dvanajstnika, povezane z NSAID:</s>
<s id="s95.2">30 mg enkrat dnevno v trajanju 4 tednov.</s>
<s id="s95.3">Pri bolnikih, ki ne okrevajo povsem, se zdravljenje lahko podaljša še za štiri tedne.</s>
<s id="s95.4">Pri bolnikih z razjedami, ki se težko zacelijo, ali tveganjem zanje bo morda potrebno daljše zdravljenje in/ ali večji odmerki.</s>
<s id="s96.1">Profilaksa benignih razjed dvanajstnika in želodca, povezanih z NSAID, pri bolnikih, pri katerih je potrebno neprekinjeno zdravljenje z NSAID:</s>
<s id="s96.2">15 mg enkrat dnevno. e zdravljenje ni uspešno, je treba uporabiti odmerek 30 mg enkrat dnevno.</s>
<s id="s96.3">Č</s>
<s id="s97.1">Simptomatska bolezen gastroezofagealnega refluksa:</s>
<s id="s97.2">Priporočeni odmerek je 15 mg ali 30 mg enkrat dnevno.</s>
<s id="s97.3">Simptomi se hitro odpravijo.</s>
<s id="s97.4">Morda bo potrebno prilagajanje odmerka posamezniku. e se simptomi ne odpravijo v 4 tednih zdravljenja z Č odmerkom 30 mg dnevno, se priporočajo nadaljnje preiskave.</s>
<s id="s98.1">Okvara delovanja jeter ali ledvic:</s>
<s id="s98.2">Pri bolnikih z okvarjenim delovanjem ledvic odmerka ni treba prilagajati.</s>
<s id="s98.3">Vendar pri teh bolnikih odmerek ne sme preseči 30 mg dnevno.</s>
<s id="s98.4">Pri uporabi lansoprazola pri bolnikih z blago do zmerno okvarjenim delovanjem jeter je treba biti previden.</s>
<s id="s98.5">Pri bolnikih z blago okvarjenim delovanjem jeter odmerek ne sme preseči 30 mg.</s>
<s id="s98.6">Pri bolnikih z zmerno okvarjenim delovanjem jeter odmerek ne sme preseči 15 mg dnevno.</s>
<s id="s98.7">Zaradi pomanjkanja podatkov bolnikov s hudo okvaro delovanja jeter ne smemo zdraviti z lansoprazolom (glejte poglavje 4. 4 Posebna opozorila in previdnostni ukrepi).</s>
<s id="s99.1">Otroci:</s>
<s id="s99.2">Uporabo lansoprazola pri otrocih odsvetujemo, saj njegova varnost in učinkovitost v tej populaciji še ni ugotovljena.</s>
<s id="s100.1">Starejše osebe:</s>
<s id="s100.2">Zaradi podaljšanega izločanja lansoprazola, bo pri starejših osebah morda treba zdravljenje razdeliti v odmerke po 15– 30 mg, glede na potrebe posameznika.</s>
<s id="s100.3">Vendar dnevni odmerek pri starejših osebah ne sme preseči 30 mg.</s>
<s id="s101.1">Kapsule se pogoltnejo cele s tekočino.</s>
<s id="s101.2">Kapsule se lahko izpraznijo, vendar se njihove vsebine ne sme žvečiti ali zdrobiti.</s>
<s id="s101.3">Sočasno uživanje hrane upočasni in zmanjša absorpcijo lansoprazola.</s>
<s id="s101.4">Zdravilo je najučinkovitejše, kadar ga bolnik vzame na prazen želodec</s>
<s id="s102.1">4. 3.</s>
<s id="s102.2">Kontraindikacije</s>
<s id="s103.1">Preobčutljivost za lansoprazol ali katero koli pomožno snov.</s>
<s id="s104.1">4. 4.</s>
<s id="s104.2">Posebna opozorila in previdnostni ukrepi</s>
<s id="s105.1">Diagnozo razjede želodca ali dvanajstnika in refluksnega ezofagitisa je treba potrditi z endoskopijo ali drugo ustrezno diagnostično metodo.</s>
<s id="s105.2">Refluksni ezofagitis morda ni prisoten v obliki razjede in/ ali vidne poškodbe, zato v nekaterih primerih endoskopija ni zadostna.</s>
<s id="s105.3">Pred začetkom zdravljenja razjede želodca z lansoprazolom je treba izključiti možnost malignega tumorja želodca, ker lahko lansoprazol zamaskira simptome in prepreči pravočasno diagnosticiranje.</s>
<s id="s106.1">9 Pri bolnikih s hudo okvaro delovanja jeter je treba lansoprazol uporabljati zelo previdno.</s>
<s id="s106.2">(Glejte poglavje 4. 2 Odmerjanje in način uporabe)</s>
<s id="s107.1">Lansoprazol deluje podobno kot omeprazol.</s>
<s id="s107.2">Oba povečata pH v želodcu.</s>
<s id="s107.3">Naslednja izjava temelji na analogiji z omeprazolom.</s>
<s id="s107.4">Zmanjšana kislost v želodcu zaradi lansoprazola poveča število bakterij, ki so normalno prisotne v prebavilih.</s>
<s id="s107.5">Zdravljenje z lansoprazolom lahko rahlo zveča tveganje za nastanek gastrointestinalnih okužb z bakterijami, kot sta Salmonella in Campylobacter.</s>
<s id="s108.1">Pri bolnikih z razjedami želodca in dvanajstnika je treba upoštevati možnost okužbe z bakterijo H. pylori kot etiološkega dejavnika.</s>
<s id="s109.1">e se lansoprazol uporablja v kombinaciji z antibiotiki pri eradikaciji bakterije H. pylori, je treba Č upoštevati tudi navodila za uporabo teh antibiotikov.</s>
<s id="s110.1">Zaradi omejenih podatkov o varnosti bolnikov na vzdrževalnem zdravljenju, ki traja dlje kot eno leto, je treba redno ocenjevati zdravljenje in opraviti temeljito oceno tveganja in koristi (glejte 5. 3 Predklinični podatki o varnosti).</s>
<s id="s111.1">e se pri dolgotrajni uporabi (&gt; 1 leto) pojavijo motnje vida, se je treba posvetovati z okulistom.</s>
<s id="s111.2">Č</s>
<s id="s112.1">Bolniki z redkimi podedovanimi težavami z netoleranco za fruktozo, okvarjeno absorpcijo glukoze in galaktoze ali pomanjkanjem sukraze- izomaltaze ne smejo jemati tega zdravila.</s>
<s id="s113.1">4. 5.</s>
<s id="s113.2">Medsebojno delovanje z drugimi zdravili in druge oblike interakcij</s>
<s id="s114.1">Zdravila, povezana s citokromom P450 Lansoprazol presnavlja encimski sistem, povezan s citokromom P450 (CYP2C19 in CYP3A4), zato so mogoče interakcije z zdravili, ki jih presnavlja isti encimski sistem.</s>
<s id="s115.1">Učinek drugih zdravil na lansoprazol</s>
<s id="s116.1">Zdravila, ki zavirajo CYP2C19 Zdravila, ki zavirajo CYP2C19, lahko povečajo koncentracijo lansoprazola v plazmi.</s>
<s id="s116.2">Zaviralec CYP2C19, fluvoksamin, je povečal koncentracijo lansoprazola v plazmi do 4- krat.</s>
<s id="s117.1">Zdravila, ki zavirajo CYP3A4 Zdravila, ki zavirajo CYP3A4, kot so ketokonazol, itrakonazol, zaviralci proteaz, makrolidi itn., lahko bistveno povečajo koncentracijo lansoprazola v plazmi.</s>
<s id="s118.1">Učinek lansoprazola na druga zdravila</s>
<s id="s119.1">Ketokonazol in itrakonazol Prisotnost želodčne kisline poveča absorpcijo ketokonazola in itrakonazola iz prebavil.</s>
<s id="s119.2">Odmerjanje lansoprazola lahko zmanjša koncentracijo ketokonazola in itrakonazola pod terapevtsko raven, zato se je treba kombinaciji teh zdravil izogibati.</s>
<s id="s119.3">Ta učinek je lahko prisoten tudi, e lansoprazol kombiniramo z č drugimi zdravili, katerih absorpcija je odvisna od pH.</s>
<s id="s120.1">Digoksin Sočasna uporaba lansoprazola in digoksina lahko poveča ravni digoksina v plazmi.</s>
<s id="s120.2">Zato je treba pri bolnikih, ki prejemajo digoksin, nadzorovati ravni v plazmi in odmerek digoksina po potrebi prilagoditi.</s>
<s id="s121.1">Zdravila, ki jih presnavlja CYP3A4 Lansoprazol lahko poveča plazemsko koncentracijo zdravil, ki jih presnavlja CYP3A4.</s>
<s id="s121.2">Pri kombiniranju lansoprazola z zdravili, ki jih presnavlja ta encim, je treba biti previden.</s>
<s id="s122.1">10 Takrolimus Sočasna uporaba z lansoprazolom poveča koncentracijo takrolimusa (substrat encimov CYP3A in P– gp) v plazmi.</s>
<s id="s122.2">Uporaba lansoprazola lahko poveča povprečno izpostavljenost takrolimusu za do 81%.</s>
<s id="s122.3">Ob začetku in koncu sočasnega zdravljenja z lansoprazolom se priporoča nadzorovanje koncentracije takrolimusa v plazmi.</s>
<s id="s123.1">Karbamazepin Med sočasnim zdravljenjem s karbamazepinom (substratom encima CYP3A) in lansoprazolom se priporoča previdnost.</s>
<s id="s123.2">Ta kombinacija zdravil lahko povzroči povečanje koncentracije karbamazepina in zmanjšanje koncentracije lansoprazola.</s>
<s id="s124.1">Fenitoin Študije so pokazale, da je morda treba zmanjšati odmerjanje fenitoina (substrata encimov CYP2C19 in CYP2C9), kadar se uporablja skupaj z lansoprazolom.</s>
<s id="s124.2">Ob začetku in koncu zdravljenja z lansoprazolom se priporočata previdnost in nadzorovanje koncentracije fenitoina v plazmi.</s>
<s id="s125.1">Varfarin Ob začetku in koncu sočasnega zdravljenja z lansoprazolom in varfarinom se priporočata previdnost in pogostejši nadzor.</s>
<s id="s126.1">Teofilin Lansoprazol zmanjša koncentracijo teofilina v plazmi za 14%.</s>
<s id="s126.2">Pri posameznih bolnikih lahko pride do klinično pomembnega zmanjšanja.</s>
<s id="s126.3">Pri kombiniranju teh dveh zdravil se priporoča previdnost.</s>
<s id="s127.1">Klinično pomembnih interakcij med lansoprazolom in nesteroidnimi protivnetnimi zdravili ali diazepamom niso ugotovili.</s>
<s id="s127.2">Formalnih študij z lansoprazolom in NSAID niso opravili.</s>
<s id="s128.1">Antacidi in sukralfat lahko zmanjšajo biološko razpoložljivost lansoprazola, zato je treba odmerek lansoprazola vzeti vsaj eno uro prej ali pozneje.</s>
<s id="s129.1">Opazili so, da lansoprazol in vitro zavira transportno beljakovino P- glikoprotein (Pgp).</s>
<s id="s129.2">Ni mogoče izključiti možnosti, da lansoprazol morda vpliva na transport prek te beljakovine in posledično poveča plazemske koncentracije substratov P- gp, kot je digoksin.</s>
<s id="s130.1">Pri kombiniranju lansoprazola in zdravil z ozkim terapevtskim indeksom je treba biti previden, ker učinek lansoprazola na presnovo drugih zdravil še ni bil temeljito raziskan.</s>
<s id="s131.1">Do sedaj so odkrili naslednje interakcije med lansoprazolom in nekaterimi antibiotiki, ki se uporabljajo v eradikacijskem zdravljenju:</s>
<s id="s132.1">Sočasno uporabljeno zdravilo</s>
<s id="s133.1">Odmerjanje in trajanje kombinirane uporabe</s>
<s id="s134.1">Učinek *</s>
<s id="s135.1">lansoprazol + klaritromicin</s>
<s id="s136.1">30 mg + 500 mg 3- krat/ dan, 5 dni</s>
<s id="s137.1">Povečane plazemske koncentracije presnovka klaritromicina za 16%; povečana biološka razpoložljivost lansoprazola za 19% do 32%</s>
<s id="s138.1">lansoprazol + amoksicilin lansoprazol + metronidazol</s>
<s id="s139.1">30 mg + 1000 mg 3 - krat/ dan, 5 dni Še ni raziskano</s>
<s id="s140.1">Upočasnjen privzem amoksicilina</s>
<s id="s141.1">lansoprazol + klaritromicin +</s>
<s id="s142.1">30 mg + 500 mg + 1000 mg dvakrat dnevno, 5 dni</s>
<s id="s143.1">Povečana biološka razpoložljivost in razpolovni as lansoprazola za 30%; povečana č</s>
<s id="s144.1">amoksicilin</s>
<s id="s145.1">plazemska koncentracija presnovka klaritromicina za 30%</s>
<s id="s146.1">11 * Učinki klaritromicina na farmakokinetiko lansoprazola so verjetno odvisni od bolnikovega genotipa CYP2C19.</s>
<s id="s146.2">Pri osebah s slabšo presnovo so učinki bolj izraziti kot pri osebah z boljšo presnovo.</s>
<s id="s147.1">Uživanje hrane zmanjša biološko razpoložljivost lansoprazola: lansoprazol je priporočeno vzeti pred obrokom.</s>
<s id="s148.1">4. 6.</s>
<s id="s148.2">Nosečnost in dojenje</s>
<s id="s149.1">Za lansoprazol ni kliničnih podatkov o uporabi med nosečnostjo.</s>
<s id="s149.2">Študije na živalih ne kažejo neposrednih ali posrednih škodljivih vplivov na nosečnost, razvoj zarodka/ plodu, porod ali postnatalni razvoj.</s>
<s id="s150.1">Uporaba lansoprazola med nosečnostjo torej ni priporočena.</s>
<s id="s151.1">Ni znano, ali se lansoprazol izloča v materino mleko.</s>
<s id="s151.2">Študije na živalih so pokazale, da se lansoprazol izloča v mleko.</s>
<s id="s151.3">Pri odločitvi, ali nadaljevati ali prekiniti dojenje oziroma ali nadaljevati ali prekiniti zdravljenje z lansoprazolom, je treba upoštevati korist dojenja za otroka in korist zdravljenja z lansoprazolom za žensko.</s>
<s id="s152.1">4. 7.</s>
<s id="s152.2">Vpliv na sposobnost vožnje in upravljanja s stroji</s>
<s id="s153.1">Lahko se pojavijo neželene reakcije na zdravilo, kot sta vrtoglavica in utrujenost (glejte poglavje 4. 8 Neželeni učinki).</s>
<s id="s153.2">V takih pogojih je zmožnost reagiranja lahko zmanjšana.</s>
<s id="s153.3">Pri vožnji in uporabi strojev je treba to upoštevati.</s>
<s id="s153.4">(glejte poglavje 4. 8 Neželeni učinki).</s>
<s id="s154.1">4. 8.</s>
<s id="s154.2">Neželeni učinki</s>
<s id="s155.1">Pogosti (&gt; 1%)</s>
<s id="s156.1">Občasni (0, 1– 1%)</s>
<s id="s157.1">Redki (0, 01 – 0, 1%)</s>
<s id="s158.1">Zelo redki (&lt; 0, 01%)</s>
<s id="s159.1">Bolezni prebavil</s>
<s id="s160.1">navzeja, driska,</s>
<s id="s161.1">suha usta ali grlo,</s>
<s id="s162.1">kolitis, stomatitis in rn jezik.</s>
<s id="s163.1">bolečine v trebuhu, zaprtje, bruhanje, vetrovi in dispepsija.</s>
<s id="s164.1">glositis, kandidiaza ezofagusa, pankreatitis</s>
<s id="s165.1">č</s>
<s id="s166.1">Koža in lasje</s>
<s id="s167.1">ekcem, urtikarija in srbenje.</s>
<s id="s168.1">petehija, purpura, izguba las, multiformni eritem, Stevens- Johnsonov sindrom in toksična epidermalna nekroliza.</s>
<s id="s169.1">Živčevje</s>
<s id="s170.1">glavobol, vrtoglavica</s>
<s id="s171.1">nemir, insomnija, dremavost, depresija, halucinacije, zmedenost, vrtoglavica in parestezija, zaspanost, tremor.</s>
<s id="s172.1">Jetra in ledvice</s>
<s id="s173.1">Povečanje ravni jetrnih encimov</s>
<s id="s174.1">hepatitis, ikterus in intersticialni nefritis.</s>
<s id="s175.1">Kri</s>
<s id="s176.1">trombocitopenija, eozinofilija, pancitopenija in</s>
<s id="s177.1">agranulocitoza</s>
<s id="s178.1">12</s>
<s id="s179.1">agranulocitoza, anemija, levkopenija.</s>
<s id="s179.2">Srce in ožilje</s>
<s id="s180.1">periferni edem, palpitacije in bolečine v prsnem košu.</s>
<s id="s181.1">Bolezni mišično - skeletnega sistema in vezivnega tkiva</s>
<s id="s182.1">bolečine v mišicah in sklepih</s>
<s id="s183.1">utila Č</s>
<s id="s184.1">motnje okusa in vida.</s>
<s id="s185.1">Bolezni endokrinega sistema</s>
<s id="s186.1">ginekomastija, galaktoreja.</s>
<s id="s187.1">Splošno</s>
<s id="s188.1">utrujenost.</s>
<s id="s189.1">povečana telesna</s>
<s id="s190.1">anafilaktični šok,</s>
<s id="s191.1">temperatura, hiperhidroza, bronhialna konstrikcija, impotenca in angioedem.</s>
<s id="s192.1">splošni občutek nelagodja</s>
<s id="s193.1">Preiskave</s>
<s id="s194.1">Povečanje ravni holesterola in trigliceridov.</s>
<s id="s195.1">4. 9.</s>
<s id="s195.2">Preveliko odmerjanje</s>
<s id="s196.1">Učinki prevelikega odmerjanja lansoprazola pri loveku niso znani (čeprav je akutna toksičnost verjetno č majhna), zato ni mogoče dati navodil za zdravljenje.</s>
<s id="s196.2">V preskušanjih so brez bistvenih neželenih učinkov uporabili odmerke do 180 mg lansoprazola dnevno.</s>
<s id="s196.3">Možni simptomi prevelikega odmerjanja lansoprazola so v poglavju 4. 8 Neželeni učinki.</s>
<s id="s196.4">S hemodializo se ne odstrani pomembna količina lansoprazola. e je potrebno zdravljenje, se priporoča Č izpiranje želodca, uporaba aktivnega oglja in simptomatsko zdravljenje.</s>
<s id="s197.1">5.</s>
<s id="s197.2">FARMAKOLOŠKE LASTNOSTI</s>
<s id="s198.1">5. 1.</s>
<s id="s198.2">Farmakodinamične lastnosti</s>
<s id="s199.1">Farmakoterapevtska skupina:</s>
<s id="s199.2">Zaviralci protonske rpalke, oznaka ATC:</s>
<s id="s199.3">A02BC03. č</s>
<s id="s200.1">Lansoprazol je zaviralec protonske rpalke v želodcu.</s>
<s id="s200.2">Z zaviranjem aktivnosti H+/ K+ ATPaze parietalnih č celic želodca zavira končno stopnjo tvorbe želodčne kisline.</s>
<s id="s200.3">Zaviranje je odvisno od odmerka in reverzibilno, učinkuje pa na bazalno in tudi stimulirano izločanje želodčne kisline.</s>
<s id="s200.4">Lansoprazol je koncentriran v parietalnih celicah in se aktivira v njihovem kislem okolju, kjer reagira s sulfidrilno skupino H+/ K+ATPaze, kar povzroči zaviranje encimske aktivnosti.</s>
<s id="s201.1">Učinek na izločanje želodčne kisline:</s>
<s id="s201.2">Lansoprazol je specifični zaviralec protonske rpalke parietalnih celic.</s>
<s id="s201.3">En 30- miligramski peroralni č odmerek lansoprazola zavre izločanje želodčne kisline, ki ga spodbuja pentagastrin, za približno 80%.</s>
<s id="s201.4">Po ponavljajoči se dnevni uporabi v trajanju 7 dni se izločanje želodčne kisline zavre za približno 90%.</s>
<s id="s201.5">Ustrezno učinkuje tudi na bazalno izločanje želodčne kisline.</s>
<s id="s201.6">En 30- miligramski peroralni odmerek zmanjša bazalno izločanje za približno 70%, posledično pa se že od prvega odmerka ublažijo simptomi pri bolnikih.</s>
<s id="s201.7">Po osmih dneh ponavljajoče se uporabe je zmanjšanje približno 85- odstotno.</s>
<s id="s201.8">Hitro lajšanje</s>
<s id="s202.1">13 simptomov dosežemo z odmerkom 30 mg dnevno, večina bolnikov z razjedo dvanajstnika okreva v 2 tednih, bolniki z razjedo želodca in refluksnim ezofagitisom pa v 4 tednih.</s>
<s id="s203.1">5. 2.</s>
<s id="s203.2">Farmakokinetične lastnosti</s>
<s id="s204.1">Absorpcija in distribucija:</s>
<s id="s204.2">Želodčna kislina hitro inaktivira lansoprazol, ki se zato daje v obliki granul z enterično oblogo v želatinastih kapsulah.</s>
<s id="s204.3">Absorpcija iz dvanajstnika je hitra in največja koncentracija v plazmi se doseže v 1, 5– 2, 0 urah.</s>
<s id="s204.4">Biološka razpoložljivost po enkratnem 30- miligramskem odmerku in po ponavljajoči se dnevni uporabi je 80– 90%.</s>
<s id="s204.5">Uživanje hrane upočasni absorpcijo lansoprazola in zmanjša biološko razpoložljivost (AUC) za približno 25%.</s>
<s id="s204.6">Antacidi in sukralfat lahko zmanjšajo biološko razpoložljivost lansoprazola.</s>
<s id="s204.7">Vezava lansoprazola na beljakovine v plazmi je približno 95- odstotna, vendar to ne vpliva na druga zdravila, ki se vežejo na beljakovine v plazmi.</s>
<s id="s205.1">Presnova in odstranjevanje iz telesa:</s>
<s id="s205.2">Presnovo lansoprazola katalizira predvsem encim CYP2C19.</s>
<s id="s205.3">K presnovi prispeva tudi encim CYUP3A4.</s>
<s id="s205.4">CYP2C19 je izpostavljen genetskemu polimorfizmu in 2– 6% populacije, t. i. slabi presnavljalci (PM – Poor Metaboliser), so homozigoti za mutantni alel CYP2C19, in zato nimajo funkcionalnega encima CYP2C19.</s>
<s id="s205.5">Pri PM je izpostavljenost lansoprazolu nekajkrat večja kot pri dobrih presnavljalcih (EM – Extensive Metaboliser).</s>
<s id="s206.1">Razpolovni as izločanja lansoprazola je 1, 0 do 2, 0 uri.</s>
<s id="s206.2">Med zdravljenjem se razpolovni as ne</s>
<s id="s207.1">č</s>
<s id="s208.1">č</s>
<s id="s209.1">spreminja.</s>
<s id="s209.2">Enkratni odmerek lansoprazola zavira izločanje želodčne kisline za več kot 24 ur.</s>
<s id="s209.3">Lansoprazol se aktivira v parietalnih celicah, zato njegova koncentracija ni odvisna od zaviranja izločanja želodčne kisline.</s>
<s id="s209.4">Lansoprazol se v glavnem presnavlja v jetrih.</s>
<s id="s209.5">V plazmi so odkrili tri presnovke: sulfon, 5- hidroksi lansoprazol in sulfid.</s>
<s id="s209.6">Ti presnovki nimajo bistvenega učinka na izločanje kisline.</s>
<s id="s209.7">Približno 15– 50% presnovkov se izloči z urinom, preostanek pa z blatom.</s>
<s id="s209.8">V urinu so odkrili tri presnovke:</s>
<s id="s209.9">5- hidroksi sulfon, 5- hidroksi sulfid in 5- hidroksi lansoprazol.</s>
<s id="s209.10">Pri bolnikih s cirozo je vrednost AUC lansoprazola bistveno povečana, razpolovni as izločanja je podaljšan, vendar znakov č kopičenja lansoprazola niso odkrili.</s>
<s id="s209.11">Oslabljeno delovanje ledvic ne spremeni bistveno biološke razpoložljivosti lansoprazola.</s>
<s id="s209.12">Izločanje lansoprazola pri starejših osebah je nekoliko upočasnjeno.</s>
<s id="s210.1">5. 3.</s>
<s id="s210.2">Predklinični podatki o varnosti</s>
<s id="s211.1">Predklinični podatki na podlagi običajnih študij farmakološke varnosti, toksičnosti pri ponavljajočih se odmerkih in genotoksičnosti ne kažejo posebnega tveganja za ljudi.</s>
<s id="s212.1">V dveh študijah karcinogenosti na podganah je lansoprazol povzročil od odmerka odvisno hiperplazijo želodčnih celic ECL in karcinoide celic ECL, povezane s hipergastrinemijo zaradi zaviranja izločanja kisline in atrofijo mrežnice.</s>
<s id="s212.2">Atrofija mrežnice se ni pojavila do 18. meseca zdravljenja.</s>
<s id="s212.3">Tega učinka niso opazili pri opicah, psih ali miših.</s>
<s id="s212.4">Pri miših so se razvili hiperplazija želodčnih celic ECL, tumorji na jetrih in adenom mrežja testisa.</s>
<s id="s212.5">Klinični pomen teh ugotovitev ni znan.</s>
<s id="s213.1">Rezultati študij karcinogenega potenciala so pokazali, da je zdravljenje z lansoprazolom povezano s hiperplazijo Leydigovih celic in benignimi tumorji Leydigovih celic pri podganah.</s>
<s id="s214.1">V študijah na podganah so odkrili intestinalno metaplazijo.</s>
<s id="s214.2">Klinični pomen teh ugotovitev ni znan.</s>
<s id="s215.1">14 6.</s>
<s id="s215.2">FARMACEVTSKE PODATKI</s>
<s id="s216.1">6. 1.</s>
<s id="s216.2">Seznam pomožnih snovi</s>
<s id="s217.1">Kroglice iz sladkorja (saharoza in koruzni škrob) Natrijev lavrilsulfat Meglumin Manitol Hipromeloza Makrogol 6000 Smukec Polisorbat 80 Titanov dioksid (E 171) kopolimer metilakrilne kisline in etilakrilata (1: 1, 30- odstotna disperzija)</s>
<s id="s218.1">Ovoj kapsul:</s>
<s id="s218.2">Želatina Titanov dioksid (E 171)</s>
<s id="s219.1">Pri zdravilu Lansoprazole 15 mg tudi:</s>
<s id="s219.2">Kinolinsko rumeno (E 104)</s>
<s id="s220.1">[Podatke je treba dopolniti v posameznih državah]</s>
<s id="s221.1">6. 2.</s>
<s id="s221.2">Inkompatibilnosti</s>
<s id="s222.1">Navedba smiselno ni potrebna.</s>
<s id="s223.1">6. 3.</s>
<s id="s223.2">Rok uporabnosti</s>
<s id="s224.1">3 leta</s>
<s id="s225.1">6. 4.</s>
<s id="s225.2">Posebna navodila za shranjevanje</s>
<s id="s226.1">Zdravilo shranjujte pri temperaturi do 25 °C.</s>
<s id="s226.2">Shranjujte v originalni ovojnini, zaščiteno pred vlago.</s>
<s id="s227.1">6. 5.</s>
<s id="s227.2">Vrsta ovojnine in vsebina</s>
<s id="s228.1">Pretisni omot iz aluminija/ aluminija (Alu/ OPA/ PVC/ PE)</s>
<s id="s229.1">Lansoprazole 15 mg:</s>
<s id="s229.2">7, 10, 14, 15, 20, 28, 30, 35, 50, 56, 60, 84, 98, 100 in 250 kapsul</s>
<s id="s230.1">Lansoprazole 30 mg:</s>
<s id="s230.2">2, 7, 10, 14, 15, 20, 28, 30, 35, 42, 50, 56, 60, 98, 100 in 250 kapsul</s>
<s id="s231.1">Na trgu ni vseh navedenih pakiranj.</s>
<s id="s232.1">[Podatke je treba dopolniti v posameznih državah]</s>
<s id="s233.1">6. 6.</s>
<s id="s233.2">Navodila za pripravo in ravnanje z zdravilom</s>
<s id="s234.1">Ni posebnih zahtev.</s>
<s id="s235.1">15 [Podatke je treba dopolniti v posameznih državah]</s>
<s id="s236.1">7.</s>
<s id="s236.2">IMETNIK DOVOLJENJA ZA PROMET Z ZDRAVILOM</s>
<s id="s237.1">[Podatke je treba dopolniti v posameznih državah]</s>
<s id="s238.1">8.</s>
<s id="s238.2">ŠTEVILKA DOVOLJENJA ZA PROMET</s>
<s id="s239.1">[Podatke je treba dopolniti v posameznih državah]</s>
<s id="s240.1">9.</s>
<s id="s240.2">DATUM PRIDOBITVE/ PODALJŠANJA DOVOLJENJA ZA PROMET</s>
<s id="s241.1">[Podatke je treba dopolniti v posameznih državah]</s>
<s id="s242.1">10.</s>
<s id="s242.2">DATUM ZADNJE REVIZIJE BESEDILA</s>
<s id="s243.1">16</s>
</body>
</letsmt>
