<?xml version="1.0" encoding="utf-8"?>
<letsmt version="1.0">
<head></head>
<body>
<s id="s1.1">ANNEX I</s>
<s id="s2.1">LIST OF THE NAMES, PHARMACEUTICAL FORM, STRENGTH OF THE MEDICINAL PRODUCTS, ROUTE OF ADMINISTRATION, APPLICANTS / MARKETING AUTHORISATION HOLDER IN THE MEMBER STATES</s>
<s id="s3.1">1 Member State</s>
<s id="s4.1">Marketing Authorisation Holder</s>
<s id="s5.1">Applicant</s>
<s id="s6.1">(Invented) Name</s>
<s id="s7.1">Strength</s>
<s id="s8.1">Pharmaceutical Form</s>
<s id="s9.1">Route of administration</s>
<s id="s10.1">Austria</s>
<s id="s11.1">Novo Nordisk Pharma GmbH Opernring 3-5 A-1010 Vienna Austria</s>
<s id="s12.1">Noviana 0,5mg/ 0,1mg Filmtabletten</s>
<s id="s13.1">Estradiol (as hemihydrate) 0.5 mg Film-coated tablets Oral use + Norethisterone acetate 0.1 mg</s>
<s id="s14.1">Belgium</s>
<s id="s15.1">Novo Nordisk Pharma</s>
<s id="s16.1">Activelle minor</s>
<s id="s17.1">Estradiol (as hemihydrate) 0.5 mg Film-coated tablets Oral use</s>
<s id="s18.1">N. V Boulevard International 55/ 6, B-1070 Brussel Belgium</s>
<s id="s19.1">comprimés pelliculés</s>
<s id="s20.1">+ Norethisterone acetate 0.1 mg</s>
<s id="s21.1">Bulgaria</s>
<s id="s22.1">Novo Nordisk A/ S Novo Allé DK-2880 Bagsværd Denmark</s>
<s id="s23.1">Eviana филмирани таблетки</s>
<s id="s24.1">Estradiol (as hemihydrate) 0.5 mg Film-coated tablets Oral use + Norethisterone acetate 0.1 mg</s>
<s id="s25.1">Czech Republic</s>
<s id="s26.1">Novo Nordisk A/ S Novo Allé DK-2880 Bagsværd Denmark</s>
<s id="s27.1">Noviana potahované tablety</s>
<s id="s28.1">Estradiol (as hemihydrate) 0.5 mg Film-coated tablets Oral use + Norethisterone acetate 0.1 mg</s>
<s id="s29.1">Denmark</s>
<s id="s30.1">Novo Nordisk A/ S Novo Allé DK-2880 Bagsværd Denmark</s>
<s id="s31.1">Activelle low filmovertrukne tabletter</s>
<s id="s32.1">Estradiol (as hemihydrate) 0.5 mg Film-coated tablets Oral use + Norethisterone acetate 0.1 mg</s>
<s id="s33.1">Estonia</s>
<s id="s34.1">Novo Nordisk A/ S Novo Allé DK-2880 Bagsværd Denmark</s>
<s id="s35.1">Activelle</s>
<s id="s36.1">Estradiol (as hemihydrate) 0.5 mg Film-coated tablets Oral use + Norethisterone acetate 0.1 mg</s>
<s id="s37.1">Finland</s>
<s id="s38.1">Novo Nordisk A/ S Novo Allé DK-2880 Bagsværd</s>
<s id="s39.1">Activelle 0,5 mg/ 0,1 mg tabl.</s>
<s id="s40.1">Estradiol (as hemihydrate) 0.5 mg Film-coated tablets Oral use + Norethisterone acetate 0.1 mg</s>
<s id="s41.1">2 Member State</s>
<s id="s42.1">Marketing Authorisation Holder</s>
<s id="s43.1">Applicant</s>
<s id="s44.1">(Invented) Name</s>
<s id="s45.1">Strength</s>
<s id="s46.1">Pharmaceutical Form</s>
<s id="s47.1">Route of administration</s>
<s id="s48.1">Denmark France</s>
<s id="s49.1">Novo Nordisk Pharmaceutique S. A.</s>
<s id="s49.2">30 Rue De Valmy FR-92936 Paris La Defence Cedex France</s>
<s id="s50.1">Activelle 0,5 mg/ 0,1 Estradiol (as hemihydrate) 0.5 mg Film-coated tablets Oral use mg comprimé pelliculé + Norethisterone acetate 0.1 mg</s>
<s id="s51.1">Germany</s>
<s id="s52.1">Novo Nordisk A/ S Novo Allé DK-2880 Bagsværd Denmark</s>
<s id="s53.1">Noviana Estradiol (as hemihydrate) 0.5 mg Film-coated tablets Oral use + Norethisterone acetate 0.1 mg</s>
<s id="s54.1">Hungary</s>
<s id="s55.1">Novo Nordisk A/ S Novo Allé DK-2880 Bagsværd Denmark</s>
<s id="s56.1">Noviana filmtabletta Estradiol (as hemihydrate) 0.5 mg Film-coated tablets Oral use + Norethisterone acetate 0.1 mg</s>
<s id="s57.1">Iceland</s>
<s id="s58.1">Novo Nordisk A/ S Novo Allé DK-2880 Bagsværd Denmark</s>
<s id="s59.1">Activelle low 0.5 Estradiol (as hemihydrate) 0.5 mg Film-coated tablets Oral use mg/ 0.1 mg tablets + Norethisterone acetate 0.1 mg filmuhúðaðar töflur</s>
<s id="s60.1">Ireland</s>
<s id="s61.1">Novo Nordisk A/ S Novo Allé DK-2880 Bagsværd Denmark</s>
<s id="s62.1">Activelle Tablets Estradiol (as hemihydrate) 0.5 mg Film-coated tablets Oral use + Norethisterone acetate 0.1 mg</s>
<s id="s63.1">Italy</s>
<s id="s64.1">Novo Nordisk A/ S Novo Allé DK-2880 Bagsværd Denmark</s>
<s id="s65.1">Activelle 0,5 mg/ 0,1 Estradiol (as hemihydrate) 0.5 mg Film-coated tablets Oral use mg compresse film- + Norethisterone acetate 0.1 mg rivestite</s>
<s id="s66.1">Latvia</s>
<s id="s67.1">Novo Nordisk A/ S Novo Allé DK-2880 Bagsværd Denmark</s>
<s id="s68.1">Noviana 0,5 mg/ 0,1 Estradiol (as hemihydrate) 0.5 mg Film-coated tablets Oral use mg apvalkotā s tabletes + Norethisterone acetate 0.1 mg</s>
<s id="s69.1">3 Member State</s>
<s id="s70.1">Marketing Authorisation Holder</s>
<s id="s71.1">Applicant</s>
<s id="s72.1">(Invented) Name</s>
<s id="s73.1">Strength</s>
<s id="s74.1">Pharmaceutical Form</s>
<s id="s75.1">Route of administration</s>
<s id="s76.1">Lithuania</s>
<s id="s77.1">Novo Nordisk A/ S Novo Allé DK-2880 Bagsværd Denmark</s>
<s id="s78.1">Activelle</s>
<s id="s79.1">Estradiol (as hemihydrate) 0.5 mg Film-coated tablets Oral use + Norethisterone acetate 0.1 mg</s>
<s id="s80.1">Luxembourg</s>
<s id="s81.1">Novo Nordisk Pharma N. V Riverside Business Park Boulevard International BE-1070 Brussels Belgium</s>
<s id="s82.1">Activelle comprimés pelliculés</s>
<s id="s83.1">Estradiol (as hemihydrate) 0.5 mg Film-coated tablets Oral use + Norethisterone acetate 0.1 mg</s>
<s id="s84.1">Netherlands</s>
<s id="s85.1">Novo Nordisk Farma B. V.</s>
<s id="s85.2">Flemingweg 18 NL-2408 AV Alphen a/ d Rijn Netherlands</s>
<s id="s86.1">Activelle filmomhulde tabletten</s>
<s id="s87.1">Estradiol (as hemihydrate) 0.5 mg Film-coated tablets Oral use + Norethisterone acetate 0.1 mg</s>
<s id="s88.1">Norway</s>
<s id="s89.1">Novo Nordisk A/ S</s>
<s id="s90.1">Noviana 0,5 mg/ 0,1</s>
<s id="s91.1">Estradiol (as hemihydrate) 0.5 mg Film-coated tablets Oral use</s>
<s id="s92.1">Novo Allé DK-2880 Bagsværd Denmark</s>
<s id="s93.1">mg tablett filmdrasjert + Norethisterone acetate 0.1 mg</s>
<s id="s94.1">Portugal</s>
<s id="s95.1">Novo Nordisk, A/ S DNK Novo Allé, DK-2880 Bagsvaerd Denmark</s>
<s id="s96.1">Activelle Estradiol (as hemihydrate) 0.5 mg Film-coated tablets Oral use + Norethisterone acetate 0.1 mg</s>
<s id="s97.1">Romania</s>
<s id="s98.1">Novo Nordisk A/ S Novo Allé DK-2880 Bagsværd Denmark</s>
<s id="s99.1">Noviana comprimate Estradiol (as hemihydrate) 0.5 mg Film-coated tablets Oral use filmate + Norethisterone acetate 0.1 mg</s>
<s id="s100.1">Slovak Republic</s>
<s id="s101.1">Novo Nordisk A/ S Novo Allé DK-2880 Bagsværd Denmark</s>
<s id="s102.1">Noviana Estradiol (as hemihydrate) 0.5 mg Film-coated tablets Oral use + Norethisterone acetate 0.1 mg</s>
<s id="s103.1">4 Member State</s>
<s id="s104.1">Marketing Authorisation Holder</s>
<s id="s105.1">Applicant</s>
<s id="s106.1">(Invented) Name</s>
<s id="s107.1">Strength</s>
<s id="s108.1">Pharmaceutical Form</s>
<s id="s109.1">Route of administration</s>
<s id="s110.1">Slovenia</s>
<s id="s111.1">Novo Nordisk A/ S Novo Allé DK-2880 Bagsværd Denmark</s>
<s id="s112.1">Noviana filmsko oblož ene tablete</s>
<s id="s113.1">Estradiol (as hemihydrate) 0.5 mg Film-coated tablets Oral use + Norethisterone acetate 0.1 mg</s>
<s id="s114.1">Spain</s>
<s id="s115.1">Novo Nordisk A/ S Novo Allé</s>
<s id="s116.1">Activelle 0,5 mg/ 0,1 mg comprimidos</s>
<s id="s117.1">Estradiol (as hemihydrate) 0.5 mg Film-coated tablets Oral use + Norethisterone acetate 0.1 mg</s>
<s id="s118.1">DK-2880 Bagsværd Denmark</s>
<s id="s119.1">recubiertos de película</s>
<s id="s120.1">Sweden</s>
<s id="s121.1">Novo Nordisk A/ S Novo Allé DK-2880 Bagsværd Denmark</s>
<s id="s122.1">Activelle Estradiol (as hemihydrate) 0.5 mg Film-coated tablets Oral use + Norethisterone acetate 0.1 mg</s>
<s id="s123.1">United Kingdom</s>
<s id="s124.1">Novo Nordisk Pharma Ltd Broadfield Park Brighton Road UK- RH11 9RT Crawley West Sussex United Kingdom</s>
<s id="s125.1">Noviana film-coated Estradiol (as hemihydrate) 0.5 mg Film-coated tablets Oral use tablets + Norethisterone acetate 0.1 mg</s>
<s id="s126.1">5 ANNEX II</s>
<s id="s127.1">SCIENTIFIC CONCLUSIONS AND GROUNDS PRESENTED BY THE EMEA</s>
<s id="s128.1">6 SCIENTIFIC CONCLUSIONS</s>
<s id="s129.1">OVERALL SUMMARY OF THE SCIENTIFIC EVALUATION OF ACTIVELLE AND ASSOCIATED NAMES (SEE ANNEX I)</s>
<s id="s130.1">Activelle 0.5 mg/ 0.1 mg is a continuous combined hormone replacement therapy (HRT) product containing 0.5 mg estradiol (E2) and 0.1 mg norethisterone acetate (NETA).</s>
<s id="s130.2">It is intended for once daily administration to postmenopausal women with an intact uterus.</s>
<s id="s130.3">It is a lower strength with a lower oestrogen/ progestogen ratio than the currently approved Activelle, which contains 1 mg E2 and 0.5 mg NETA.</s>
<s id="s130.4">The referral under article 29(4) of directive 2001/ 83/ EC was notified to the CHMP on March 3rd, 2008 as Germany and France did not consider the application acceptable.</s>
<s id="s130.5">Both considered the endometrial safety of Activelle 0.5 mg/ 0.1 mg to be insufficiently demonstrated according to the CHMP guideline for HRT products (EMEA/ CHMP/ 021/ 97 rev 1).</s>
<s id="s130.6">A list of questions highlighting the issues to be discussed during this procedure was finalised on the 19th of March, 2008.</s>
<s id="s130.7">The two issues discussed were as follows:</s>
<s id="s131.1">Endometrial Safety The applicant/ MAH was asked to demonstrate the endometrial safety of Activelle 0.5mg/ 0.1mg for the following reasons:</s>
<s id="s132.1">- The endometrial safety data is not in accordance with the European guideline on clinical</s>
<s id="s133.1">investigation of medicinal products for hormone replacement therapy of oestrogen deficiency symptoms in post menopausal women (EMEA/ CHMP/ 021/ 97 rev1).</s>
<s id="s134.1">- The endometrial safety data was extrapolated from another combination containing 1.0 mg estradiol</s>
<s id="s135.1">and 0.1mg norethisterone acetate (NETA).</s>
<s id="s135.2">In this study, the upper limit of the two-sided 95% CI of the incidence of endometrial hyperplasia was higher than the upper limit of 2%, and is therefore not considered acceptable. -The endometrial safety of the combination of oestrogen and progestogen for the new ratio of 0.5mg/ 0.1mg cannot be extrapolated from the already licensed dose of Activelle, which contains 1mg estradiol and 0.5mg NETA.</s>
<s id="s135.3">In the already licensed dose of Activelle, the ratio between NETA and E2 is 1:2, while this ratio is 1:5 in the new strength of Activelle.</s>
<s id="s135.4">Summary of CHMP Opinion</s>
<s id="s136.1">Activelle 0.5 mg/ 0.1 mg is a continuous combined HRT that contains the half dose of estradiol (E2) and the fifth of the dose of norethisterone acetate (NETA) that in the known fixed combination Activelle (E2 1 mg/ NETA 0.5 mg).</s>
<s id="s136.2">This means that the doses of E2 and NETA are decreased by 50% and 80%, respectively.</s>
<s id="s136.3">Therefore, this new product contains a known progestogen at a lower dose than the known marketed dose, and a new ratio oestrogen/ progestogen (1:5 instead of 1:2).</s>
<s id="s136.4">According to the guideline on clinical investigation of medicinal products for hormone replacement therapy of oestrogen deficiency symptoms in postmenopausal women (EMEA/ CHMP/ 021/ 97 Rev.</s>
<s id="s136.5">1) endometrial safety has to be demonstrated unequivocally before approval.</s>
<s id="s136.6">It states that “ for a new combination of oestrogen/ progestogen (e. g. new administration scheme or new strength) or a new progestogen in a fixed combination, endometrial data are required, except for a known progestogen, with the same administration route and the same progestogen dose as in known fixed combination with oestrogen, where data on endometrial safety can be extrapolated from the fixed combination if exposure to the oestrogen is similar or lower”.</s>
<s id="s136.7">According to this recommendation, the applicant provided data from a trial (KLIM/ PD/ 7/ USA) which studied endometrial safety of the combination of E2 1 mg and NETA 0.1 mg.</s>
<s id="s136.8">However, the some members of the CHMP noted that this trial failed to demonstrate the endometrial safety of the combination of E2 1 mg and NETA 0.1 mg, as the upper limit of the two-sided 95% confidence</s>
<s id="s137.1">7 interval of the observed frequency of endometrial hyperplasia was 2.90% and then exceeded the acceptable limit of 2%.</s>
<s id="s138.1">- Pooled data from several recently authorized sequential and continuous oestrogen/ progestin HRT</s>
<s id="s139.1">combinations in Europe show that the incidence of hyperplasia or more serious adverse endometrial outcomes was approximately 0.26% during the first year of treatment, that is well under the observed hyperplasia incidence of 0.8% in the KLIM/ PD/ 7/ USA trial.</s>
<s id="s139.2">A new combination should not induce a higher frequency of hyperplasia as compared to the recently authorised combinations.</s>
<s id="s140.1">- The proportion of proliferative endometrium (71%) was higher, on the contrary the proportion of</s>
<s id="s141.1">atrophic endometrium was lower (19%) than expected for a continuous combination.</s>
<s id="s141.2">Moreover, one endometrial sample from a woman who received the E2 1 mg/ NETA 0.1 mg combination was evaluated as “ disordered proliferative” state.</s>
<s id="s141.3">According to the European guideline, the endometrial biopsies should be classified, according to standardized criteria into the general classes of atrophic, proliferative, secretory, hyperplasia without atypia, hyperplasia with atypia, cancer and others.</s>
<s id="s141.4">The class “ disordered proliferative” used in study KLIM/ PD/ 7/ USA is not well defined and not usually recognized.</s>
<s id="s141.5">It corresponds to abnormal endometrium and distinction from hyperplasia is not so clear.</s>
<s id="s142.1">- For the calculation of the incidence rate of endometrial hyperplasia and the two-sided 95%</s>
<s id="s143.1">confidence interval, in case of insufficient tissue obtained by biopsy and endometrial thickness ≥  5 mm, the biopsy should be repeated or patient excluded from the calculation.</s>
<s id="s143.2">In the present study, 7 samples had insufficient tissue and endometrial thickness &gt; 4mm (the cut-off point for endometrial thickness was 4 mm).</s>
<s id="s143.3">Consequently, these 7 samples should have been excluded from the final calculation.</s>
<s id="s143.4">Taking into account the points above, the some CHMP were of the opinion that endometrial safety of Activelle 0.5 mg/ 0.1 mg could not be supported by the KLIM/ PD/ 7/ USA trial.</s>
<s id="s143.5">However, a majority of CHMP members endorsed the applicant/ MAH’ s approach to provide a very low dose alternative of combined continuous HRT.</s>
<s id="s143.6">Given that there are studies demonstrating negative effects of combined HRT on the risk of breast cancer and cardiovascular complications, the general recommendation for HRT is to only treat women with severe symptoms, negatively affecting their quality of life.</s>
<s id="s144.1">The majority of the CHMP considered that the applicant/ MAH had adequately justified why an endometrial biopsy study on the exact dose was not performed, unlike with Activelle 0,5mg/ 0,1mg.</s>
<s id="s144.2">Based on several other studies of various doses of 1) unopposed oestrogens, 2) oestrogen-progestogen sequential combinations and 3) oestrogen-progestogen continuous combinations, the CHMP considered it reasonable and scientifically acceptable to extrapolate that this low dose continuous oestrogen-progestogen combination would result in a considerably lower rate of endometrial hyperplasia than seen with a combination containing twice the oestrogen dose.</s>
<s id="s145.1">In a systematic review of 30 randomized controlled trials, unopposed moderate or high dose oestrogen therapy, when compared to placebo, was associated with a significant increase in rates of endometrial hyperplasia with increasing rates at longer duration of treatment (Lethaby et al.</s>
<s id="s145.2">Cochrane database of systematic reviews 2004; 3).</s>
<s id="s145.3">In this review, progestogen addition as continuous therapy was more effective than sequential therapy in reducing the risk of endometrial hyperplasia at longer duration of treatment.</s>
<s id="s145.4">There was evidence of a higher incidence of hyperplasia when the progestogen was given every three months compared to when the progestogen was given sequentially every month.</s>
<s id="s145.5">There was no significant difference in the rate of endometrial hyperplasia of continuous oestrogen- progestogen combinations in comparison with placebo after 12 and 24 months.</s>
<s id="s145.6">This systematic review therefore supports that a continuous combined low dose regimen, as in Activelle 0,5mg/ 0,1mg, would provide sufficient endometrial protection.</s>
<s id="s146.1">8 Additional data on effects of continuous oestrogen – progestogen combined products on emdometrial hyperplasia.</s>
<s id="s146.2">The applicant was asked to provide any additional data, from clinical and observational studies, of relevance for the effects of continuous oestrogen-progestogen combined products on endometrial hyperplasia or endometrial cancer.</s>
<s id="s147.1">Summary of CHMP’ s Opinion The CHMP noted that the applicant had provided the following arguments to support the endometrial safety of Activelle 0.5 mg/ 0.1 mg: a. the proliferative effect of unopposed oestrogens on the endometrium is dose-dependant, b. this proliferative effect of unopposed oestrogens is time-dependant, especially for high oestrogen doses, c. continuous combined therapy over long duration is more protective that sequential therapy in the prevention of endometrial hyperplasia or carcinoma.</s>
<s id="s148.1">a.</s>
<s id="s148.2">Dose-dependency of the proliferative effect of unopposed oestrogens</s>
<s id="s149.1">The dose-dependency of the proliferative effect of unopposed oestrogens on the endometrium was sustained by data from the KLIM/ PD/ 11/ USA trial for E2 (0.5 mg and 1 mg) and from Pickar et al for conjugated equine oestrogens (CEE, 0.3 to 0.625 mg).</s>
<s id="s150.1">- KLIM/ PD/ 11/ USA study:</s>
<s id="s151.1">This study focused on prevention of osteoporosis but endometrial safety of unopposed E2 0.5 mg or 1 mg during 2 years was also assessed.</s>
<s id="s151.2">It should be noted that sample size was very small (22 to 29 women), and no 95% confidence intervals for the incidence of hyperplasia are stated.</s>
<s id="s151.3">It can also be noticed that the monitoring of the endometrial thickness by pelvic ultrasound showed a significant increase, even with 0.5 mg E2, which was not reported in the placebo group.</s>
<s id="s151.4">Thus, in spite of the dose-related increase in incidence of hyperplasia, data could be considered insufficient to draw definite conclusions regarding endometrial safety of E2 0.5 mg.</s>
<s id="s152.1">- Pickar J. H. et al.:</s>
<s id="s153.1">The objective of this study was to determine the endometrial safety of 2 years of treatment with low CEE doses (0.3, 0.45 and 0.625 mg).</s>
<s id="s153.2">Data suggest a dose-response relationship between unopposed-CEE and risk of hyperplasia.</s>
<s id="s153.3">As for the KLIM/ PD/ 11/ USA trial, sample size may be considered too low to draw definite conclusion with regard to endometrial safety.</s>
<s id="s154.1">In conclusion, the CHMP agreed that the proliferative effect of unopposed oestrogens on endometrium is dependent on the dose of oestrogens.</s>
<s id="s154.2">However, some CHMP members considered that even if the observed hyperplasia incidence with the new dose E2 0.5 mg/ NETA 0.1 mg should be lower than that observed with the E2 1mg/ NETA 0.1mg combination, it is not unequivocally demonstrated that it will be in an acceptable range regarding the European guideline.</s>
<s id="s155.1">b.</s>
<s id="s155.2">Duration-dependency of the proliferative effect of unopposed oestrogens</s>
<s id="s156.1">It is well established that the use of unopposed oestrogens in women with an intact uterus is associated with a gradually increasing incidence of hyperplasia with duration of treatment.</s>
<s id="s156.2">However, some CHMP members were of the opinion that the data provided are insufficient to support that it is not the case with 0.5 mg E2.</s>
<s id="s156.3">The sample size of the KLIM/ PD/ 11/ USA study may be considered too small to draw any definite conclusion regarding endometrial safety of E2 0,5 mg, even for 2 year- treatment.</s>
<s id="s156.4">In Pickar J. H. et al, the relationship between treatment duration and incidence of hyperplasia was also observed with the low dose of 0.3 mg CEE.</s>
<s id="s157.1">9 c.</s>
<s id="s157.2">Continuous combined therapy versus sequential therapy in the prevention of endometrial hyperplasia or carcinoma</s>
<s id="s158.1">The Cochrane review (Lethaby et al 2004) and analysis of available observational data (Anderson 2003, Beresford 97, Jain 2000, Hill 2000, Hully 98, MWS 2005, Newcomb 2003, Pike 97, Pukkala 2001, Weiderpass 99) suggest that addition of progestogen for at least 12 days per cycle reduces, but may not completely eliminate, the increased incidence of endometrial cancer caused by unopposed oestrogens; and that combined continuous HRT does not increase the risk of endometrial cancer.</s>
<s id="s158.2">However, the CHMP noted that the strengths studied did not include E2 0.5 mg/ NETA 0.1 mg.</s>
<s id="s158.3">The only trial that studied the 0.1 mg NETA dose was the Novo Nordisk study KLIM/ PD/ 7/ USA, which some CHMP members considered to be inconclusive.</s>
<s id="s158.4">Therefore, data from higher dose of NETA or other progestogens may not be extrapolated to the NETA 0.1 mg dose.</s>
<s id="s159.1">Taking the above arguments on board, the majority of CHMP members were of the opinion that the data presented demonstrate the importance of types of oestrogen-progestogen regimens for the association with endometrial cancer risk.</s>
<s id="s159.2">These data, along with data on effects on endometrial hyperplasia, convincingly support the assumption that a continuous combined regimen protects the endometrium from both hyperplasia and neoplasia, a protective effect that seems to be both relative and absolute (i. e. conferring a lower risk than for untreated women) and that seems to increase with duration of intake.</s>
<s id="s159.3">This observation is also consistent with the known pharmacodynamic effects of added progestogens on the endometrium, e. g. down regulation of oestrogen receptor (ER) levels and endometrial atrophy.</s>
<s id="s159.4">On the basis of all these data, the majority of the CHMP was of the opinion that Activelle 0.5 mg estradiol/ 0.1 mg NETA is safe in terms of endometrial hyperplasia and neoplasia risk and that it offers a needed low-dose hormone replacement alternative with a positive benefit-risk.</s>
<s id="s160.1">10 GROUNDS</s>
<s id="s161.1">Whereas</s>
<s id="s162.1">- the endometrial safety of Activelle 0.5mg estradiol/ 0.1mg NETA product is sufficiently supported</s>
<s id="s163.1">from the submitted data.</s>
<s id="s164.1">- on the level of endometrial hyperplasia, the trial on the 1 mg estradiol/ 0.1 mg NETA product</s>
<s id="s165.1">indicates an adequate protective effect, albeit with an upper confidence limit of the hyperplasia rate estimate exceeding recommendation in the guideline.</s>
<s id="s166.1">- the risk of hyperplasia in Activelle 0.5 mg estradiol/ 0.1 mg NETA is lower than for the 1 mg</s>
<s id="s167.1">estradiol/ 0.1 mg NETA product, containing one half of the dose as compared with the commercially available HRT product.</s>
<s id="s168.1">- the addition of a progestogen for 12 days of a monthly treatment cycle is considered sufficient to</s>
<s id="s169.1">protect the endometrium from an excess risk of hyperplasia (and ultimately endometrial cancer), and even longer periods, and a continuous combination will confer increasing protective effects.</s>
<s id="s170.1">the CHMP has recommended the granting of the Marketing Authorisation(s) for which the Summary of Product Characteristics, labelling and package leaflet are set out in Annex III for Activelle and associated names (see Annex I).</s>
<s id="s171.1">11 ANNEX III</s>
<s id="s172.1">SUMMARY OF PRODUCT CHARACTERISTICS, LABELLING AND PACKAGE LEAFLET</s>
<s id="s173.1">12 SUMMARY OF PRODUCT CHARACTERISTICS</s>
<s id="s174.1">13 1.</s>
<s id="s174.2">NAME OF THE MEDICINAL PRODUCT</s>
<s id="s175.1">Activelle and associated names (see Annex I) 0.5 mg/ 0.1 mg film-coated tablets [See Annex I – To be completed nationally]</s>
<s id="s176.1">2.</s>
<s id="s176.2">QUALITATIVE AND QUANTITATIVE COMPOSITION</s>
<s id="s177.1">Each film-coated tablet contains:</s>
<s id="s177.2">Estradiol 0.5 mg (as hemihydrate) and norethisterone acetate 0.1 mg.</s>
<s id="s177.3">Excipient:</s>
<s id="s177.4">Each film-coated tablet contains lactose monohydrate 37.5 mg.</s>
<s id="s177.5">For a full list of excipients, see section 6.1.</s>
<s id="s178.1">3.</s>
<s id="s178.2">PHARMACEUTICAL FORM</s>
<s id="s179.1">Film-coated tablet.</s>
<s id="s179.2">White, round, biconvex tablets with a diameter of 6 mm.</s>
<s id="s179.3">The tablets are engraved with “ NOVO 291” on one side and the “ APIS” on the other side.</s>
<s id="s180.1">4.</s>
<s id="s180.2">CLINICAL PARTICULARS</s>
<s id="s181.1">4.1 Therapeutic indications</s>
<s id="s182.1">Hormone Replacement Therapy (HRT) for oestrogen deficiency symptoms in women more than one year after menopause.</s>
<s id="s182.2">The experience of treating women older than 65 years is limited.</s>
<s id="s183.1">4.2 Posology and method of administration</s>
<s id="s184.1">Activelle is a continuous combined hormone replacement therapy intended for use in women with an intact uterus.</s>
<s id="s184.2">One tablet should be taken orally once a day without interruption, preferably at the same time every day.</s>
<s id="s185.1">For initiation and continuation of treatment of postmenopausal symptoms, the lowest effective dose for the shortest duration (see also section 4.4) should be used.</s>
<s id="s186.1">A switch to a higher dose product, e. g.</s>
<s id="s186.2">Activelle 1 mg/ 0.5 mg tablets, should be considered if the response after three months is insufficient for satisfactory symptom relief.</s>
<s id="s187.1">In women with amenorrhea and not taking HRT or women transferring from another continuous combined HRT product, treatment with Activelle may be started on any convenient day.</s>
<s id="s187.2">In women transferring from sequential HRT regimens, treatment should start right after their withdrawal bleeding has ended.</s>
<s id="s187.3">If the patient has forgotten to take a tablet, the tablet should be taken as soon as possible within the next twelve hours.</s>
<s id="s187.4">Forgetting a dose may increase the likelihood of breakthrough bleeding and spotting.</s>
<s id="s188.1">4.3 Contraindications</s>
<s id="s189.1">• • •</s>
<s id="s190.1">Hypersensitivity to the active substances or to any of the excipients Known, past or suspected breast cancer Known or suspected oestrogen-dependent malignant tumours (e.g. endometrial cancer)</s>
<s id="s191.1">14</s>
<s id="s192.1">• • •</s>
<s id="s193.1">Undiagnosed genital bleeding Untreated endometrial hyperplasia Previous idiopathic or current venous thromboembolism (deep venous thrombosis, pulmonary embolism)</s>
<s id="s194.1">• •</s>
<s id="s195.1">Active or recent arterial thromboembolic disease (e.g. angina, myocardial infarction) Acute liver disease, or a history of liver disease as long as liver function tests have failed to return to normal</s>
<s id="s196.1">•</s>
<s id="s197.1">Porphyria</s>
<s id="s198.1">4.4 Special warnings and precautions for use</s>
<s id="s199.1">For the treatment of postmenopausal symptoms, HRT should only be initiated for symptoms that adversely affect quality of life.</s>
<s id="s199.2">In all cases, a careful appraisal of the risks and benefits should be undertaken at least annually and HRT should only be continued as long as the benefit outweighs the risk.</s>
<s id="s199.3">Medical examination/follow-up Before initiating or reinstituting HRT, a complete personal and family medical history should be taken.</s>
<s id="s199.4">Physical (including pelvic and breast) examination should be guided by this and, by the contraindications and warnings for use.</s>
<s id="s199.5">During treatment periodic check-ups are recommended of a frequency and nature adapted to the individual woman.</s>
<s id="s199.6">Women should be advised what changes in their breasts should be reported to their doctor or nurse (see section below “Breast cancer”).</s>
<s id="s199.7">Investigations, including mammography, should be carried out in accordance with currently accepted screening practices, modified to the clinical needs of the individual.</s>
<s id="s199.8">Conditions which need supervision If any of the following conditions are present, have occurred previously, and/or have been aggravated during pregnancy or previous hormone treatment, the patient should be closely supervised.</s>
<s id="s199.9">It should be taken into account that these conditions may recur or be aggravated during treatment with Activelle in particular:</s>
<s id="s200.1">•</s>
<s id="s201.1">Leiomyoma (uterine fibroids) or endometriosis</s>
<s id="s202.1">•</s>
<s id="s203.1">A history of, or risk factors for, thromboembolic disorders (see below)</s>
<s id="s204.1">•</s>
<s id="s205.1">Risk factors for oestrogen dependent tumours, e.g.</s>
<s id="s205.2">1st degree heredity for breast cancer</s>
<s id="s206.1">•</s>
<s id="s207.1">Hypertension</s>
<s id="s208.1">•</s>
<s id="s209.1">Liver disorders (e.g. liver adenoma)</s>
<s id="s210.1">•</s>
<s id="s211.1">Diabetes mellitus with or without vascular involvement</s>
<s id="s212.1">•</s>
<s id="s213.1">Cholelithiasis</s>
<s id="s214.1">•</s>
<s id="s215.1">Migraine or (severe) headache</s>
<s id="s216.1">•</s>
<s id="s217.1">Systemic lupus erythematosus</s>
<s id="s218.1">•</s>
<s id="s219.1">A history of endometrial hyperplasia (see below)</s>
<s id="s220.1">•</s>
<s id="s221.1">Epilepsy</s>
<s id="s222.1">•</s>
<s id="s223.1">Asthma</s>
<s id="s224.1">•</s>
<s id="s225.1">Otosclerosis</s>
<s id="s226.1">15 Reasons for immediate withdrawal of therapy Therapy should be discontinued in case a contra-indication (see section 4.3) is discovered and in the following situations: • Jaundice or deterioration in liver function</s>
<s id="s227.1">• Significant increase in blood pressure</s>
<s id="s228.1">• New onset of migraine-type headache</s>
<s id="s229.1">Endometrial hyperplasia The risk of endometrial hyperplasia and carcinoma is increased when oestrogens are administered alone for prolonged periods (see section 4.8).</s>
<s id="s229.2">The addition of a progestagen for at least 12 days per cycle in non-hysterectomised women greatly reduces this risk.</s>
<s id="s229.3">Breakthrough bleeding and spotting may occur during the first months of treatment.</s>
<s id="s229.4">If breakthrough bleeding or spotting appears after some time on therapy, or continues after treatment has been discontinued, the reason should be investigated, which may include endometrial biopsy to exclude endometrial malignancy.</s>
<s id="s230.1">Breast cancer A randomised placebo-controlled trial, the Women’s Health Initiative study (WHI), and epidemiological studies, including the Million Women Study (MWS), have reported an increased risk of breast cancer in women taking oestrogens, oestrogen-progestagen combinations or tibolone for HRT for several years (see section 4.8).</s>
<s id="s230.2">For all HRT, an excess risk becomes apparent within a few years of use and increases with duration of intake but returns to baseline within a few (at most five) years after stopping treatment.</s>
<s id="s230.3">In the MWS, the relative risk of breast cancer with conjugated equine oestrogens (CEE) or estradiol (E2) was greater when a progestagen was added, either sequentially or continuously, and regardless of type of progestagen.</s>
<s id="s230.4">There was no evidence of a difference in risk between the different routes of administration.</s>
<s id="s230.5">In the WHI study, the continuous combined conjugated equine oestrogen and medroxyprogesterone acetate (CEE + MPA) product used was associated with breast cancers that were slightly larger in size and more frequently had local lymph node metastases compared to placebo.</s>
<s id="s230.6">HRT, especially oestrogen-progestagen combined treatment, may increase the density of mammographic images which may adversely affect the radiological detection of breast cancer.</s>
<s id="s231.1">Venous thromboembolism HRT is associated with a higher relative risk of developing venous thromboembolism (VTE), i.e. deep vein thrombosis or pulmonary embolism.</s>
<s id="s231.2">One randomised controlled trial and epidemiological studies found a two- to threefold higher risk for users compared with non-users.</s>
<s id="s231.3">For non-users it is estimated that the number of cases of VTE that will occur over a 5 year period is about 3 per 1000 women aged 50-59 years and 8 per 1000 women aged between 60-69 years.</s>
<s id="s231.4">It is estimated that in healthy women who use HRT for 5 years, the number of additional cases of VTE over a 5 year period will be between 2 and 6 (best estimate =4) per 1000 women aged 50-59 years and between 5 and 15 (best estimate =9) per 1000 women aged 60-69 years.</s>
<s id="s231.5">The occurrence of such an event is more likely in the first year of HRT than later.</s>
<s id="s231.6">Generally recognised risk factors for VTE include a personal history or family history, severe obesity (Body Mass Index &gt; 30 kg/m2) and systemic lupus erythematosus (SLE).</s>
<s id="s231.7">There is no consensus about the possible role of varicose veins in VTE.</s>
<s id="s232.1">16 Patients with a history of VTE or known thrombophilic states have an increased risk of VTE.</s>
<s id="s232.2">HRT may add to this risk.</s>
<s id="s232.3">Personal or strong family history of thromboembolism, or recurrent spontaneous abortion, should be investigated in order to exclude a thrombophilic predisposition.</s>
<s id="s232.4">Until a thorough evaluation of thrombophilic factors has been made or anticoagulant treatment initiated, use of HRT in such patients should be viewed as contraindicated.</s>
<s id="s232.5">Those women already on anticoagulant treatment require careful consideration of the benefit-risk of use of HRT.</s>
<s id="s232.6">The risk of VTE may be temporarily increased with prolonged immobilisation, major trauma or major surgery.</s>
<s id="s232.7">As in all postoperative patients, scrupulous attention should be given to prophylactic measures to prevent VTE following surgery.</s>
<s id="s232.8">Where prolonged immobilisation is liable to follow elective surgery, particularly abdominal or orthopaedic surgery to the lower limbs, consideration should be given to temporarily stopping HRT four to six weeks earlier, if possible.</s>
<s id="s232.9">Treatment should not be restarted until the woman is completely mobilised.</s>
<s id="s232.10">If VTE develops after initiating therapy, the drug should be discontinued.</s>
<s id="s232.11">Patients should be told to contact their doctors immediately when they are aware of a potential thromboembolic symptom (e.g. painful swelling of a leg, sudden pain in the chest, dyspnea).</s>
<s id="s233.1">Coronary artery disease (CAD) There is no evidence from randomised controlled trials of cardiovascular benefit with continuous combined conjugated oestrogens and medroxyprogesterone acetate (MPA).</s>
<s id="s233.2">Two large clinical trials (WHI and HERS i.e.</s>
<s id="s233.3">Heart and Estrogen/progestin Replacement Study) showed a possible increased risk of cardiovascular morbidity in the first year of use and no overall benefit.</s>
<s id="s233.4">For other HRT products there are only limited data from randomised controlled trials examining effects in cardiovascular morbidity or mortality.</s>
<s id="s233.5">Therefore, it is uncertain whether these findings also extend to other HRT products.</s>
<s id="s234.1">Stroke One large randomised clinical trial (WHI-trial) found, as a secondary outcome, an increased risk of ischaemic stroke in healthy women during treatment with continuous combined conjugated oestrogens and MPA.</s>
<s id="s234.2">For women who do not use HRT, it is estimated that the number of cases of stroke that will occur over a 5 year period is about 3 per 1000 women aged 50-59 years and 11 per 1000 women aged 60-69 years.</s>
<s id="s234.3">It is estimated that for women who use conjugated oestrogens and MPA for 5 years, the number of additional cases will be between 0 and 3 (best estimate = 1) per 1000 users aged 50-59 years and between 1 and 9 (best estimate = 4) per 1000 users aged 60-69 years.</s>
<s id="s234.4">It is unknown whether the increased risk also extends to other HRT products.</s>
<s id="s235.1">Ovarian cancer Long-term (at least 5-10 years) use of oestrogen-only HRT products in hysterectomised women has been associated with an increased risk of ovarian cancer in some epidemiological studies.</s>
<s id="s235.2">It is uncertain whether long-term use of combined HRTs confers to a different risk than oestrogen-only products.</s>
<s id="s236.1">Other conditions Oestrogens may cause fluid retention, and therefore patients with cardiac or renal dysfunction should be carefully observed.</s>
<s id="s236.2">Patients with terminal renal insufficiency should be closely observed, since it is expected that the level of circulating active ingredients in Activelle will increase.</s>
<s id="s236.3">Women with pre-existing hypertriglyceridemia should be followed closely during oestrogen replacement or hormone replacement therapy, since rare cases of large increases of plasma triglycerides leading to pancreatitis have been reported with oestrogen therapy in this condition.</s>
<s id="s236.4">Oestrogens increase thyroid binding globulin (TBG), leading to increased circulating total thyroid hormone, as measured by protein-bound iodine (PBI), T4 levels (by column or by radio- immunoassay) or T3 levels (by radio-immunoassay).</s>
<s id="s236.5">T3 resin uptake is decreased, reflecting the</s>
<s id="s237.1">17 elevated TBG.</s>
<s id="s237.2">Free T4 and free T3 concentrations are unaltered.</s>
<s id="s237.3">Other binding proteins may be elevated in serum, i.e. corticoid binding globulin (CBG), sex-hormone-binding globulin (SHBG) leading to increased circulating corticosteroids and sex steroids, respectively.</s>
<s id="s237.4">Free or biological active hormone concentrations are unchanged.</s>
<s id="s237.5">Other plasma proteins may be increased (angiotensinogen/renin substrate, alpha-I-antitrypsin, and ceruloplasmin).</s>
<s id="s237.6">There is no conclusive evidence for improvement of cognitive function.</s>
<s id="s237.7">There is some evidence from the WHI trial of increased risk of probable dementia in women who start using continuous combined CEE and MPA after the age of 65.</s>
<s id="s237.8">It is unknown whether the findings apply to younger post- menopausal women or other HRT products.</s>
<s id="s237.9">Activelle contains lactose monohydrate.</s>
<s id="s237.10">Patients with any of the following rare hereditary diseases should not take this medicine: galactose intolerance, lactase deficiency or glucose-galactose malabsorption.</s>
<s id="s237.11">4.5 Interaction with other medicinal products and other forms of interaction</s>
<s id="s238.1">The metabolism of oestrogens and progestagens may be increased by concomitant use of substances known to induce drug-metabolising enzymes, specifically cytochrome P450 enzymes such as anticonvulsants (e.g. phenobarbital, phenytoin, carbamazepin) and anti-infectives (e.g. rifampicin, rifabutin, nevirapine, efavirenz).</s>
<s id="s238.2">Ritonavir and nelfinavir, although known as strong inhibitors, by contrast exhibit inducing properties when used concomitantly with steroid hormones.</s>
<s id="s238.3">Herbal preparations containing St John’s Wort (Hypericum perforatum) may induce the metabolism of oestrogens and progestagens.</s>
<s id="s238.4">Clinically, an increased metabolism of oestrogens and progestagens may lead to decreased effect and changes in the uterine bleeding profile.</s>
<s id="s238.5">Active substances that inhibit the activity of hepatic microsomal drug metabolizing enzymes e.g. ketoconazole, may increase circulating levels of the active substances in Activelle.</s>
<s id="s239.1">4.6 Pregnancy and lactation</s>
<s id="s240.1">Activelle is not indicated during pregnancy.</s>
<s id="s240.2">If pregnancy occurs during medication with Activelle, treatment should be withdrawn immediately.</s>
<s id="s240.3">Data on a limited number of exposed pregnancies indicate adverse effects of norethisterone on the foetus.</s>
<s id="s240.4">At doses higher than normally used in OC and HRT formulations masculinisation of female foetuses was observed.</s>
<s id="s240.5">The results of most epidemiological studies to date relevant to inadvertent foetal exposure to combinations of oestrogens and progestagens indicate no teratogenic or foetotoxic effect.</s>
<s id="s241.1">Lactation Activelle is not indicated during lactation</s>
<s id="s242.1">4.7 Effects on ability to drive and use machines</s>
<s id="s243.1">No studies on the effects on the ability to drive and use machines have been performed.</s>
<s id="s243.2">4.8 Undesirable effects</s>
<s id="s244.1">The most frequently reported adverse reaction in the clinical trial with Activelle was vaginal bleeding.</s>
<s id="s244.2">11% of women at month 1, 15% of women at month 4 and 11% of women at the end of the 6 month trial reported bleeding or spotting.</s>
<s id="s244.3">All adverse reactions observed with a higher frequency in patients treated with Activelle compared to placebo and which on an overall judgement are possible related to treatment are presented below.</s>
<s id="s245.1">18 System organ class Infections and infestations</s>
<s id="s246.1">Very common ≥1/10</s>
<s id="s247.1">Common ≥1/100; &lt; 1/10 Vulvovaginal mycotic infection, see also “Reproductive system and breast disorders</s>
<s id="s248.1">Uncommon ≥1/1,000; &lt; 1/100</s>
<s id="s249.1">Rare ≥1/10,000; &lt; 1/1,000</s>
<s id="s250.1">Immune system disorders</s>
<s id="s251.1">Hypersensitivity, see also “Skin and subcutaneous tissue disorders</s>
<s id="s252.1">Metabolism and nutrition disorders</s>
<s id="s253.1">Fluid retention, see also “General disorders and administration site conditions</s>
<s id="s254.1">Psychiatric disorders</s>
<s id="s255.1">Depression or depression aggravated Nervousness</s>
<s id="s256.1">Nervous system disorders</s>
<s id="s257.1">Headache</s>
<s id="s258.1">Migraine Dizziness</s>
<s id="s259.1">Gastrointestinal disorders Skin and subcutaneous tissue disorders</s>
<s id="s260.1">Abdominal pain Nausea</s>
<s id="s261.1">Abdominal distension Dyspepsia Pruritus or urticaria Alopecia Acne</s>
<s id="s262.1">Musculoskeletal and connective</s>
<s id="s263.1">Back pain</s>
<s id="s264.1">Leg cramps</s>
<s id="s265.1">tissue disorders</s>
<s id="s266.1">Neck pain Pain in extremity</s>
<s id="s267.1">Reproductive system and breast disorders</s>
<s id="s268.1">Vaginal haem orrhage</s>
<s id="s269.1">Endometrial thickening Vulvovaginal mycotic infection</s>
<s id="s270.1">Breast pain Breast discomfort</s>
<s id="s271.1">19 System organ class General disorders and administration site conditions</s>
<s id="s272.1">Very c ommon ≥1/10</s>
<s id="s273.1">Common ≥1/100; &lt; 1/10</s>
<s id="s274.1">Uncommon ≥1/1,000; &lt; 1/100 Oedema peripheral</s>
<s id="s275.1">Rare ≥1/10,000; &lt; 1/1,000</s>
<s id="s276.1">Breast cancer:</s>
<s id="s276.2">According to evidence from a large number of epidemiological studies and one randomised placebo- controlled trial, the Women’s Health Initiative (WHI), the overall risk of breast cancer increases with increasing duration of HRT use in current or recent HRT users.</s>
<s id="s276.3">For oestrogen-only HRT, estimates of relative risk (RR) from a reanalysis of original data from 51 epidemiological studies (in which &gt; 80% of HRT use was oestrogen-only HRT) and from the epidemiological Million Women Study (MWS) are similar at 1.35 (95%CI 1.21 – 1.49) and 1.30 (95%CI 1.21 – 1.40), respectively.</s>
<s id="s276.4">F or oestrogen plus progestagen combined HRT, several epidemiological studies have reported an overall higher risk for breast cancer than with oestrogens alone.</s>
<s id="s276.5">The MWS reported that, compared to never users, the use of various types of oestrogen-progestagen combined HRT was associated with a higher risk of breast cancer (RR = 2.00, 95%CI 1.88 – 2.12) than use of oestrogens alone (RR = 1.30, 95%CI 1.21 – 1.40) or use of tibolone (RR=1.45, 95%CI 1.25 – 1.68).</s>
<s id="s276.6">The WHI trial reported a risk estimate of 1.24 (95%CI 1.01 – 1.54) after 5.6 years of use of oestrogen- progestagen combined HRT (CEE + MPA) in all users compared with placebo.</s>
<s id="s276.7">The absolute risks calculated from the MWS and the WHI trial are presented below:</s>
<s id="s276.8">The MWS has estimated, from the known average incidence of breast cancer in developed countries, that: • For women not using HRT, about 32 in every 1000 are expected to have breast cancer diagnosed between the ages of 50 and 64 years.</s>
<s id="s277.1">• For 1000 current or recent users of HRT, the number of additional cases during the corresponding period will be</s>
<s id="s278.1">o</s>
<s id="s279.1">For users of oestrogen-only replacement therapy</s>
<s id="s280.1">Between 0 and 3 (best estimate = 1.5) for 5 years’ use</s>
<s id="s281.1">Between 3 and 7 (best estimate = 5) for 10 years’ use.</s>
<s id="s282.1">o</s>
<s id="s283.1">For users of oestrogen plus progestagen combined HRT,</s>
<s id="s284.1">Between 5 and 7 (best estimate = 6) for 5 years’ use</s>
<s id="s285.1">Between 18 and 20 (best estimate = 19) for 10 years’ use.</s>
<s id="s286.1">The WHI trial estimated that after 5.6 years of follow-up of women between the ages of 50 and 79 years, an additional 8 cases of invasive breast cancer would be due to oestrogen-progestagen combined HRT (CEE + MPA) per 10,000 women years.</s>
<s id="s287.1">20 According to calculations from the trial data, it is estimated that:</s>
<s id="s287.2">For 1000 women in the placebo group,</s>
<s id="s288.1">o</s>
<s id="s289.1">About 16 cases of invasive breast cancer would be diagnosed in 5 years.</s>
<s id="s290.1">For</s>
<s id="s291.1">1000</s>
<s id="s292.1">women who used oestrogen + progestagen combined HRT (CEE + MPA), the</s>
<s id="s293.1">number of additional cases would be</s>
<s id="s294.1">o</s>
<s id="s295.1">Between 0 and 9 (best estimate = 4) for 5 years’ use.</s>
<s id="s296.1">The number of additional cases of breast cancer in women who use HRT is broadly similar for women who start HRT irrespective of age at start of use (between the ages of 45-65) (see section 4.4).</s>
<s id="s297.1">Endometrial cancer:</s>
<s id="s297.2">In women with an intact uterus, the risk of endometrial hyperplasia and endometrial cancer increases with increasing duration of use of unopposed oestrogens.</s>
<s id="s297.3">According to data from epidemiological studies, the best estimate of the risk is that for women not using HRT about 5 in every 1000 are expected to have endometrial cancer diagnosed between the ages of 50 and 65.</s>
<s id="s297.4">Depending on the duration of treatment and oestrogen dose, the reported increase in endometrial cancer risk among unopposed oestrogen users varies from 2-to 12-fold greater compared with non-users.</s>
<s id="s297.5">Adding a progestagen to oestrogen-only therapy greatly reduces this increased risk.</s>
<s id="s298.1">Post marketing experience:</s>
<s id="s299.1">In addition to the above mentioned adverse drug reactions, those presented below have been spontaneously reported, and are by an overall judgement considered possibly related to Activelle 1 mg/0.5 mg treatment.</s>
<s id="s299.2">The reporting rate of these spontaneous adverse drug reactions is very rare (&lt; 1/10,000 patient years).</s>
<s id="s299.3">Post-marketing experience is subject to underreporting especially with regard to trivial and well known adverse drug reactions.</s>
<s id="s299.4">The presented frequencies should be interpreted in that light:</s>
<s id="s300.1">• Neoplasms benign and malignant (incl. cysts and polyps):</s>
<s id="s300.2">Endometrial cancer</s>
<s id="s301.1">• Psychiatric disorders:</s>
<s id="s301.2">Insomnia, anxiety, libido decreased, libido increased</s>
<s id="s302.1">• Nervous system disorders:</s>
<s id="s302.2">Dizziness</s>
<s id="s303.1">• Eye disorders:</s>
<s id="s303.2">Visual disturbances</s>
<s id="s304.1">• Vascular disorders:</s>
<s id="s304.2">Hypertension aggravated</s>
<s id="s305.1">• Gastrointestinal disorders:</s>
<s id="s305.2">Dyspepsia, vomiting</s>
<s id="s306.1">• Hepatobilitary disorders:</s>
<s id="s306.2">Gallbladder disease, cholelithiasis, cholelithiasis aggravated, cholelithiasis re-occurrence</s>
<s id="s307.1">• Skin and subcutaneous tissue disorder:</s>
<s id="s307.2">Seborrhoea, rash, angioneurotic oedema</s>
<s id="s308.1">• Reproductive system and breast disorders:</s>
<s id="s308.2">Hyperplasia endometrial, vulvovaginal pruritus</s>
<s id="s309.1">• Investigations:</s>
<s id="s309.2">Weight decreased, blood pressure increased</s>
<s id="s310.1">21 The following adverse reactions have been reported in the literature in association with oestrogen/progestagen treatment:</s>
<s id="s311.1">•</s>
<s id="s312.1">Oestrogen-dependent neoplasms benign and malignant, e.g. endometrial cancer</s>
<s id="s313.1">•</s>
<s id="s314.1">Venous thromboembolism, i.e. deep leg or pelvic venous thrombosis and pulmonary embolism, is more frequent among hormone replacement therapy users than among non-users (For further information, see sections 4.3 and 4.4)</s>
<s id="s315.1">•</s>
<s id="s316.1">Myocardial infarction and stroke</s>
<s id="s317.1">•</s>
<s id="s318.1">Gall bladder disease</s>
<s id="s319.1">•</s>
<s id="s320.1">Skin and subcutaneous disorders: chloasma, erythema multiforme, erythema nodosum, vascular purpura</s>
<s id="s321.1">•</s>
<s id="s322.1">Probable dementia (For further information, see section 4.4)</s>
<s id="s323.1">4.9 Overdose</s>
<s id="s324.1">Overdose may be manifested by nausea and vomiting.</s>
<s id="s324.2">Treatment should be symptomatic.</s>
<s id="s325.1">5.</s>
<s id="s325.2">PHARMACOLOGICAL PROPERTIES</s>
<s id="s326.1">5.1 Pharmacodynamic properties</s>
<s id="s327.1">Pharmacotherapeutic group:</s>
<s id="s327.2">Progestogens and estrogens, fixed combinations, ATC code:</s>
<s id="s327.3">G03FA01</s>
<s id="s328.1">Oestrogen and progestagen for continuous combined hormone replacement therapy (HRT).</s>
<s id="s328.2">Estradiol:</s>
<s id="s328.3">The active ingredient, synthetic 17β-estradiol, is chemically and biologically identical to endogenous human estradiol.</s>
<s id="s328.4">It substitutes for the loss of oestrogen production in menopausal women, and alleviates menopausal symptoms.</s>
<s id="s328.5">Norethisterone acetate:</s>
<s id="s328.6">As oestrogens promote the growth of the endometrium, unopposed oestrogens increase the risk of endometrial hyperplasia and cancer.</s>
<s id="s328.7">The addition of a progestagen reduces, but does not completely eliminate, the oestrogen-induced risk of endometrial hyperplasia in non- hysterectomised women.</s>
<s id="s328.8">Relief of menopausal symptoms is achieved during the first few weeks of treatment.</s>
<s id="s328.9">By Week 3, the decrease in mean number of moderate to severe hot flushes for the 0.5 mg estradiol treatment group was statistically significant (p≤0.001) when compared to the placebo group.</s>
<s id="s328.10">This reduction remained until the conclusion of the study at week 24.</s>
<s id="s328.11">Activelle is a continuous combined HRT product containing 17β-estradiol and norethisterone acetate with the intent of avoiding the regular withdrawal bleeding associated with cyclic or sequential HRT.</s>
<s id="s328.12">Amenorrhoea (no bleeding or spotting) was seen in 89% of the women in month 6 of treatment.</s>
<s id="s328.13">Bleeding and/or spotting appeared in 11 to 15% of the women during the first six months of treatment.</s>
<s id="s328.14">5.2 Pharmacokinetic properties</s>
<s id="s329.1">Following oral administration of Activelle, 17β-estradiol is absorbed from the gastrointestinal tract, undergoes a first-pass metabolism in the liver and other enteric organs, and reaches a peak plasma concentration within 5-8 hours.</s>
<s id="s329.2">After administration of two Activelle tablets, the average peak plasma</s>
<s id="s330.1">22 concentration was 24 pg/ml (CV 38%).</s>
<s id="s330.2">The half-life of 17β-estradiol is about 15 hours.</s>
<s id="s330.3">It circulates bound to SHBG (37%) and to albumin (61%), while only approximately 1-2% is unbound.</s>
<s id="s330.4">Metabolism of 17β-estradiol, occurs mainly in the liver and gut but also in target organs, and involves the formation of less active or inactive metabolites, including estrone, catecholestrogens and several oestrogen sulphates and glucuronides.</s>
<s id="s330.5">Conjugated oestrogens are excreted with the bile, where they are hydrolysed and reabsorbed (enterohepatic circulation), and mainly in urine in biologically inactive form.</s>
<s id="s330.6">After oral administration of an Activelle tablet, norethisterone acetate is rapidly absorbed and transformed to norethisterone (NET).</s>
<s id="s330.7">It undergoes first-pass metabolism in the liver and other enteric organs, and reaches a peak plasma concentration of approximately 2.4 ng/ml CV 41% (after administration of two Activelle tablets) within 0.5 -1.5 hour.</s>
<s id="s330.8">The terminal half-life of NET is about 9- 11 hours.</s>
<s id="s330.9">NET binds to SHBG (36%) and to albumin (61%).</s>
<s id="s330.10">The most important metabolites are isomers of 5α-dihydro-NET and of tetrahydro-NET, which are excreted mainly in the urine as sulfate or glucuronide conjugates.</s>
<s id="s330.11">The pharmacokinetics of estradiol is not influenced by norethisterone acetate.</s>
<s id="s330.12">The pharmacokinetics in the elderly has not been studied.</s>
<s id="s331.1">5.3 Preclinical safety data</s>
<s id="s332.1">The acute toxicity of estrogens is low.</s>
<s id="s332.2">Due to the large differences between animal species and between animals and humans preclinical results are of limited value for predicting the effect on humans.</s>
<s id="s332.3">Animal studies have shown embryo -lethal effects of estradiol or estradiol valerate even at relatively low doses; malformations of the urogenital tract and feminization of male fetuses were observed.</s>
<s id="s332.4">Like other progestogens norethisterone causes virilization of female fetuses in rats and monkeys.</s>
<s id="s332.5">At high doses of norethisterone embryo-lethal effects were observed.</s>
<s id="s332.6">Non-clinical data based on conventional studies of safety pharmacology, genotoxicity and carcinogenic potential reveal no special hazard for humans apart from those already discussed in other sections of the summary of product characteristics.</s>
<s id="s333.1">6.</s>
<s id="s333.2">PHARMACEUTICAL PARTICULARS</s>
<s id="s334.1">6.1 List of excipients</s>
<s id="s335.1">Tablet core:</s>
<s id="s335.2">Lactose monohydrate Maize starch Hydroxypropylcellulose Talc Magnesium stearate</s>
<s id="s336.1">Film-coating:</s>
<s id="s336.2">Hypromellose Triacetin Talc</s>
<s id="s337.1">6.2 Incompatibilities</s>
<s id="s338.1">Not applicable.</s>
<s id="s339.1">23 6.3 Shelf life</s>
<s id="s340.1">30 months.</s>
<s id="s341.1">6.4 Special precautions for storage</s>
<s id="s342.1">Do not store above 25°C.</s>
<s id="s342.2">Do not refrigerate.</s>
<s id="s342.3">Keep the container in the outer carton in order to protect from light.</s>
<s id="s343.1">6.5 Nature and contents of container</s>
<s id="s344.1">1 x 28 tablets or 3 x 28 tablets in calendar dial packs.</s>
<s id="s344.2">The calendar dial pack with 28 tablets consists of the following 3 parts:</s>
<s id="s345.1">- The base made of coloured non-transparent polypropylene</s>
<s id="s346.1">- The ring-shaped lid made of transparent polystyrene</s>
<s id="s347.1">- The centre-dial made of coloured non-transparent polystyrene</s>
<s id="s348.1">Not all pack sizes may be marketed.</s>
<s id="s349.1">6.6 Special precautions for disposal</s>
<s id="s350.1">No special requirements.</s>
<s id="s351.1">7.</s>
<s id="s351.2">MARKETING AUTHORISATION HOLDER</s>
<s id="s352.1">[See Annex I – To be completed nationally]</s>
<s id="s353.1">{Name and address} &lt; {tel} &gt; &lt; {fax} &gt; &lt; {e-mail} &gt;</s>
<s id="s354.1">8.</s>
<s id="s354.2">MARKETING AUTHORISATION NUMBER(S)</s>
<s id="s355.1">[To be completed nationally]</s>
<s id="s356.1">9.</s>
<s id="s356.2">DATE OF FIRST AUTHORISATION/RENEWAL OF THE AUTHORISATION</s>
<s id="s357.1">[To be completed nationally]</s>
<s id="s358.1">10.</s>
<s id="s358.2">DATE OF REVISION OF THE TEXT</s>
<s id="s359.1">[To be completed nationally]</s>
<s id="s360.1">Detailed information on this medicinal product is available on the website of:{name of MS/Agency}[PIQ-QRD1]</s>
<s id="s361.1">24 25 LABELLING</s>
<s id="s362.1">26 PARTICULARS TO APPEAR ON THE OUTER PACKAGING</s>
<s id="s363.1">OUTER CARTON</s>
<s id="s364.1">1.</s>
<s id="s364.2">NAME OF THE MEDICINAL PRODUCT</s>
<s id="s365.1">Activelle and associated names (see Annex I) 0.5 mg/0.1 mg film-coated tablets [See Annex I – To be completed nationally]</s>
<s id="s366.1">estradiol/norethisterone acetate</s>
<s id="s367.1">2.</s>
<s id="s367.2">STATEMENT OF ACTIVE SUBSTANCE(S)</s>
<s id="s368.1">Each film-coated tablet contains: estradiol 0.5 mg (as hemihydrate), norethisterone acetate 0.1 mg</s>
<s id="s369.1">3.</s>
<s id="s369.2">LIST OF EXCIPIENTS</s>
<s id="s370.1">Activelle contains lactose.</s>
<s id="s370.2">See leaflet for further information.</s>
<s id="s371.1">4.</s>
<s id="s371.2">PHARMACEUTICAL FORM AND CONTENTS</s>
<s id="s372.1">Film-coated tablet 1 x 28 film-coated tablets 3 x 28 film-coated tablets</s>
<s id="s373.1">[To be completed nationally]</s>
<s id="s374.1">5.</s>
<s id="s374.2">METHOD AND ROUTE(S) OF ADMINISTRATION</s>
<s id="s375.1">Read the package leaflet before use Oral use</s>
<s id="s376.1">6.</s>
<s id="s376.2">SPECIAL WARNING THAT THE MEDICINAL PRODUCT MUST BE STORED OUT OF THE REACH AND SIGHT OF CHILDREN</s>
<s id="s377.1">Keep out of the reach and sight of children</s>
<s id="s378.1">7.</s>
<s id="s378.2">OTHER SPECIAL WARNING(S), IF NECESSARY</s>
<s id="s379.1">8.</s>
<s id="s379.2">EXPIRY DATE</s>
<s id="s380.1">EXP</s>
<s id="s381.1">27 9.</s>
<s id="s381.2">SPECIAL STORAGE CONDITIONS</s>
<s id="s382.1">Do not store above 25°C Do not refrigerate Keep the container in the outer carton, in order to protect from light</s>
<s id="s383.1">10.</s>
<s id="s383.2">SPECIAL PRECAUTIONS FOR DISPOSAL OF UNUSED MEDICINAL PRODUCTS OR WASTE MATERIALS DERIVED FROM SUCH MEDICINAL PRODUCTS, IF APPROPRIATE</s>
<s id="s384.1">11.</s>
<s id="s384.2">NAME AND ADDRESS OF THE MARKETING AUTHORISATION HOLDER</s>
<s id="s385.1">[See Annex I – To be completed nationally]</s>
<s id="s386.1">{Name and address} &lt; {tel} &gt; &lt; {fax} &gt; &lt; {e-mail} &gt;</s>
<s id="s387.1">12.</s>
<s id="s387.2">MARKETING AUTHORISATION NUMBER(S)</s>
<s id="s388.1">[To be completed nationally]</s>
<s id="s389.1">13.</s>
<s id="s389.2">BATCH NUMBER</s>
<s id="s390.1">Batch</s>
<s id="s391.1">14.</s>
<s id="s391.2">GENERAL CLASSIFICATION FOR SUPPLY</s>
<s id="s392.1">[To be completed nationally]</s>
<s id="s393.1">15.</s>
<s id="s393.2">INSTRUCTIONS ON USE</s>
<s id="s394.1">[To be completed nationally]</s>
<s id="s395.1">16.</s>
<s id="s395.2">INFORMATION IN BRAILLE</s>
<s id="s396.1">Activelle 0.5 mg/0.1 mg</s>
<s id="s397.1">28 MINIMUM PARTICULARS TO APPEAR ON SMALL IMMEDIATE PACKAGING UNITS</s>
<s id="s398.1">DISPENSER LABEL</s>
<s id="s399.1">1.</s>
<s id="s399.2">NAME OF THE MEDICINAL PRODUCT AND ROUTE(S) OF ADMINISTRATION</s>
<s id="s400.1">Activelle and associated names (see Annex I) 0.5 mg/0.1 mg film-coated tablets [See Annex I – To be completed nationally]</s>
<s id="s401.1">estradiol/norethisterone acetate Oral use</s>
<s id="s402.1">2.</s>
<s id="s402.2">METHOD OF ADMINISTRATION</s>
<s id="s403.1">3.</s>
<s id="s403.2">EXPIRY DATE</s>
<s id="s404.1">EXP</s>
<s id="s405.1">4.</s>
<s id="s405.2">BATCH NUMBER</s>
<s id="s406.1">Batch</s>
<s id="s407.1">5.</s>
<s id="s407.2">CONTENT BY WEIGHT, BY VOLUME OR BY UNIT</s>
<s id="s408.1">28 film-coated tablets</s>
<s id="s409.1">6.</s>
<s id="s409.2">OTHER</s>
<s id="s410.1">7.</s>
<s id="s410.2">MANUFACTURER</s>
<s id="s411.1">Novo Nordisk A/S</s>
<s id="s412.1">29 PACKAGE LEAFLET</s>
<s id="s413.1">30 PACKAGE LEAFLET:</s>
<s id="s413.2">INFORMATION FOR THE USER</s>
<s id="s414.1">Activelle and associated names (see Annex I) 0.5 mg/0.1 mg film-coated tablets [See Annex I – To be completed nationally] Estradiol/norethisterone acetate</s>
<s id="s415.1">Read all of this leaflet carefully before you start taking this medicine. • Keep this leaflet.</s>
<s id="s415.2">You may need to read it again • If you have further questions, ask your doctor or pharmacist • This medicine has been prescribed for you.</s>
<s id="s415.3">Do not pass it on to others.</s>
<s id="s415.4">It may harm them, even if their symptoms are the same as yours • If any of the side effects gets serious, or if you notice any side effects not listed in this leaflet, please tell your doctor or pharmacist.</s>
<s id="s416.1">In this leaflet:</s>
<s id="s416.2">1.</s>
<s id="s416.3">What Activelle is and what it is used for 2.</s>
<s id="s416.4">Before you take Activelle 3.</s>
<s id="s416.5">How to use Activelle 4.</s>
<s id="s416.6">Possible side effects 5.</s>
<s id="s416.7">How to store Activelle 6.</s>
<s id="s416.8">Further information</s>
<s id="s417.1">1.</s>
<s id="s417.2">WHAT ACTIVELLE IS AND WHAT IT IS USED FOR</s>
<s id="s418.1">Activelle belongs to a group of hormone replacement therapy (HRT) medicines, called continuous combined HRT which are taken every day without interruptions.</s>
<s id="s419.1">Activelle is prescribed to relieve unpleasant symptoms like hot flushes, night sweats and vaginal dryness, which occur when the oestrogen levels decline and the periods stop (menopause).</s>
<s id="s420.1">Activelle is prescribed for women who have not had their womb removed, and whose periods stopped more than a year ago.</s>
<s id="s421.1">There is only limited experience of treating women older than 65 years with Activelle.</s>
<s id="s422.1">2.</s>
<s id="s422.2">BEFORE YOU TAKE ACTIVELLE</s>
<s id="s423.1">Do not take Activelle If any of the following applies to you, talk to your doctor.</s>
<s id="s423.2">Do not start taking Activelle: • If you are allergic (hypersensitive) to estradiol, norethisterone acetate or any of the other ingredients of Activelle (listed in section 6,“Further information”). • If you have or have had breast cancer, or if it is suspected • If you have cancer of the womb lining (endometrium), or if such an oestrogen dependent cancer is suspected • If you have any vaginal bleeding, which has not been diagnosed by your doctor • If you have endometrial hyperplasia (excessive growth of the womb lining) that is not being treated • If you have a blood clot (like deep vein thrombosis or lung embolism) or previously have had a blood clot without obvious cause, e.g. in connection with surgery or pregnancy • If you have recently had a heart attack, stroke, or have angina • If you have or have had a liver disorder and your liver tests have not returned to normal • If you have porphyria (a liver enzyme disease)</s>
<s id="s424.1">Take special care with Activelle</s>
<s id="s425.1">31 If you have (or have had) any of the following conditions, tell your doctor.</s>
<s id="s425.2">Your doctor may then want to follow your treatment up more closely.</s>
<s id="s425.3">Rarely, these conditions may come back or get worse during treatment with Activelle:</s>
<s id="s426.1">• If you have any condition affecting the womb lining, such as myoma (benign tissue tumour), endometriosis (presence of womb lining tissue outside the womb) or have had endometrial hyperplasia (excessive growth of the womb lining) • If you have a history of blood clots (thrombosis) or have risk factors for blood clots (these risk factors and symptoms for a blood clot are listed in section 4,“Other side effects of combined HRT”) • If any of your immediate family has had breast cancer, or other cancers related to oestrogen (endometrial cancer) • If you have high blood pressure • If you have a liver disorder such as liver adenoma (a benign tumour) • If you have a kidney or heart disorder • If you have diabetes or gallstone disease • If you have epilepsy or asthma • If you get migraines or severe headaches • If you have systemic lupus erythematosus (SLE, autoimmune collagen disease, which may affect many organ systems) • If you have high levels of fat in the blood (hypertriglyceridemia) • If you have otosclerosis (hearing loss sometimes linked to pregnancy).</s>
<s id="s427.1">Medical check-ups Before you start taking Activelle, your doctor will inform you about the risks and benefits of the treatment (see also section 4, “Other side effects of combined HRT”).</s>
<s id="s427.2">Before you start treatment and regularly during treatment, your doctor will evaluate whether Activelle is a suitable treatment for you.</s>
<s id="s427.3">Your doctor will tell you how often you should go for periodic check-ups, taking into account your general state of health.</s>
<s id="s427.4">If you have any close relative (mother, sister, maternal or paternal grandmother), who has suffered from serious illness, e.g. blood clot or breast cancer, you might also be at increased risk.</s>
<s id="s427.5">You should therefore always tell your doctor about any close relative suffering from serious illness, and you should also tell your doctor about any changes, you might find in your breasts.</s>
<s id="s427.6">As well as regular check-ups with your doctor, be sure to: • Regularly check your breasts for any changes, such as dimpling or sinking of the skin, changes in the nipple, or any lumps you can see or feel • Go for regular breast screening (mammography) and cervical smear tests.</s>
<s id="s428.1">If you need a blood test, tell your doctor that you are taking Activelle, since oestrogen can affect the results of certain laboratory tests.</s>
<s id="s429.1">If you are going to have surgery, talk to your doctor.</s>
<s id="s429.2">You may need to stop taking these tablets 4 to 6 weeks before the operation, to reduce the risk of a blood clot.</s>
<s id="s429.3">Your doctor will tell you when you can start treatment again.</s>
<s id="s430.1">Stop taking Activelle If you are experiencing any of the following conditions below, stop taking Activelle, and contact your doctor immediately: • If you get a migraine-type headache for the first time • If you develop yellow skin or eyes (jaundice) or other liver problems • If your blood pressure goes up while you’re taking Activelle • If you become pregnant • If any of the conditions listed in section 2,“Do not take Activelle”, occur.</s>
<s id="s431.1">Using other medicines Some medicines may reduce the effects of Activelle:</s>
<s id="s432.1">32 • Medicines used for epilepsy (such as phenobarbital, phenytoin and carbamazepin) • Medicines used for tuberculosis (such as rifampicin, rifabutin) • Medicines used for HIV infections (such as nevirapine, efavirenz, ritonavir and nelfinavir) • Herbal products containing St John’s Wort (Hypericum perforatum).</s>
<s id="s433.1">Other medicines may increase the effects of Activelle: • Medicines containing ketoconazole (a fungicide).</s>
<s id="s434.1">Please tell your doctor or pharmacist if you are taking or have recently taken any other medicines including medicines obtained without a prescription, herbal medicines or other natural products.</s>
<s id="s435.1">Using Activelle with food and drink The tablets can be taken with or without food and drink.</s>
<s id="s436.1">Pregnancy and breast-feeding Do not take Activelle if you are pregnant or breast-feeding.</s>
<s id="s437.1">Driving and using machines Activelle does not affect the use of any machines or the ability to drive safely.</s>
<s id="s438.1">Important information about some of the ingredients of Activelle:</s>
<s id="s438.2">Activelle contains lactose.</s>
<s id="s438.3">If you have an intolerance to some sugars, contact your doctor before taking Activelle.</s>
<s id="s439.1">3.</s>
<s id="s439.2">HOW TO USE ACTIVELLE</s>
<s id="s440.1">Always take Activelle exactly as your doctor has told you.</s>
<s id="s440.2">Check with your doctor or pharmacist if you are unsure.</s>
<s id="s441.1">Take one tablet once a day, at about the same time each day Take the tablet with a glass of water.</s>
<s id="s442.1">Take a tablet every day without stopping[PIQ-QRD2].</s>
<s id="s442.2">After you have used all 28 tablets in a calendar pack, go straight to using the next pack.</s>
<s id="s443.1">For instructions on the use of the calendar pack, see “USER INSTRUCTIONS” at the end of the package leaflet.</s>
<s id="s444.1">You may start treatment with Activelle on any convenient day.</s>
<s id="s444.2">However, if you are switching from an HRT product where you have monthly bleeding, start your treatment straight after the bleeding has ended.</s>
<s id="s445.1">Your doctor should aim to prescribe the lowest dose for the shortest time that gives you relief from your symptoms.</s>
<s id="s445.2">Talk to your doctor if your symptoms are not better after three months of treatment.</s>
<s id="s446.1">If you take more Activelle than you should If you have taken more Activelle than you should, or if for example a child has taken Activelle accidentally, talk to your doctor or hospital to assess the risk and for advice.</s>
<s id="s446.2">An overdose of Activelle could make you feel sick or vomit.</s>
<s id="s447.1">If you forget to take Activelle If you forget to take your tablet at the usual time, take it within the next 12 hours.</s>
<s id="s447.2">If more than 12 hours have gone by, start again as normal the next day.</s>
<s id="s447.3">Do not take a double dose to make up for a forgotten tablet.</s>
<s id="s448.1">33 Forgetting a dose may increase the likelihood of breakthrough bleeding and spotting unless you have had your womb removed.</s>
<s id="s449.1">If you stop taking Activelle If you want to stop taking Activelle, talk to your doctor first.</s>
<s id="s449.2">Your doctor will explain the effects of stopping treatment and discuss other possibilities with you.</s>
<s id="s450.1">If you have any further questions on the use of this product, ask your doctor or pharmacist.</s>
<s id="s451.1">4.</s>
<s id="s451.2">POSSIBLE SIDE EFFECTS</s>
<s id="s452.1">Like all medicines, Activelle can have side effects, although not everybody gets them.</s>
<s id="s453.1">Bleeding with Activelle Activelle will not cause regular monthly bleeding, but when first starting the tablets, many women experience slight vaginal bleeding or spotting.</s>
<s id="s453.2">If you get breakthrough bleeding or spotting, it is usually nothing to worry about, especially during the first few months of taking HRT.</s>
<s id="s453.3">But contact your doctor as soon as possible: • If bleeding carries on for more than the first few months • If bleeding starts after taking HRT for a while • If bleeding continues after stopping HRT.</s>
<s id="s453.4">Your doctor may ask you about any vaginal bleeding with Activelle at your regular check-ups.</s>
<s id="s453.5">You may find it helpful to make a note of any bleedings in a diary.</s>
<s id="s454.1">The frequency of possible side effects listed below is defined using the following convention:</s>
<s id="s454.2">Very common (affects more than 1 user in 10) Common (affects 1 to 10 users in 100) Uncommon (affects 1 to 10 users in 1,000) Rare (affects 1 to 10 users in 10,000) Very rare (affects less than 1 user in 10,000) Not known (frequency cannot be estimated from the available data).</s>
<s id="s455.1">Very common side effects • Vaginal bleeding.</s>
<s id="s456.1">Common side effects • Fungal infection of the genitals or vaginal inflammation • Excessive growth of the womb lining (endometrial hyperplasia) • Feeling sick • Abdominal (stomach) pain • Pain in back or neck • Pain in arms or legs • Headache.</s>
<s id="s457.1">Uncommon side effects • Allergic reaction (hypersensitivity) • Depression or worsening of existing depression • Nervousness • Dizziness • Migraine (see “Stop taking Activelle” in section 2) • Breast pain or breast discomfort • Swelling or discomfort of the abdomen (stomach) • Weight gain caused by fluid retention • Swelling of arms and legs (peripheral oedema) • Leg cramps</s>
<s id="s458.1">34 • Heartburn (dyspepsia) • Acne • Hair loss • Itching or urticaria.</s>
<s id="s459.1">Other side effects of combined HRT</s>
<s id="s460.1">The following side effects have been reported after taking medicines containing oestrogen/progestagens.</s>
<s id="s461.1">Excessive growth of the womb lining (endometrial hyperplasia) and cancer of the womb lining (endometrial cancer) In women with an intact womb, the risk of excessive growth of the womb lining (endometrial hyperplasia) is increased.</s>
<s id="s461.2">Treatment with unopposed oestrogens for long periods of time also increases the risk of cancer of the lining of the womb (endometrial cancer).</s>
<s id="s461.3">Adding a progestagen, such as in Activelle, greatly reduces this increased risk.</s>
<s id="s462.1">Breast cancer Every woman is at risk of getting breast cancer whether or not she takes HRT.</s>
<s id="s462.2">There is a small increase in this risk for women who have been using HRT for more than 5 years compared with women of the same age who have never used HRT.</s>
<s id="s462.3">This risk increases with the duration of intake of HRT, but returns to normal within a few (at most five) years of having stopped HRT.</s>
<s id="s462.4">The risk seems to be higher for women, who use oestrogen in combination with progestagen as compared to oestrogen alone.</s>
<s id="s462.5">To be able to detect a breast tumour as early as possible, it is important to regularly check your breasts for any changes and to discuss any changes with your doctor.</s>
<s id="s462.6">Also go for regular health check, including mammography.</s>
<s id="s462.7">If you are anxious for the risk of breast cancer, you should talk to your doctor about the risks and benefits of HRT.</s>
<s id="s463.1">Blood clots in the deep veins Every woman is at risk of getting a blood clot whether or not she takes HRT.</s>
<s id="s463.2">HRT may increase the risk of blood clots 2-3 times in the veins, especially in the first year of treatment.</s>
<s id="s463.3">These are not always serious, but they may need to be treated.</s>
<s id="s463.4">You are also more likely to get a blood clot: • If you are very overweight • If you have had a blood clot before, or have had any blood clotting problem that needed treatment with a medicine such as Warfarin • If any of your close family has had blood clots • If you have had a miscarriage • If you are bed-ridden for a longer period through surgery, injury or illness • If you have systemic lupus erythematosus (SLE, autoimmune collagen disease, which may affect many organ systems)</s>
<s id="s464.1">You may be at risk of having a blood clot if you get: • Painful swelling in your leg • Sudden chest pain • Difficulty breathing.</s>
<s id="s464.2">See a doctor as soon as possible.</s>
<s id="s464.3">Stop taking HRT until your doctor says you can take it again.</s>
<s id="s465.1">Heart disease If you ever have had angina or heart attack, you should talk to your doctor about the risks and benefits of HRT.</s>
<s id="s465.2">There is no evidence of beneficial effects on the risks of cardiovascular disease with HRT in the menopause.</s>
<s id="s465.3">Results from two clinical studies showed that women, who used another type of oestrogen/progestagen combination than the one in Activelle, had a slightly increased risk of cardiovascular disease in the first year of use.</s>
<s id="s466.1">35 For other HRT products there are only limited data from trials examining the effects on the risk of cardiovascular disease.</s>
<s id="s467.1">Stroke There may be a slightly higher risk of having a stroke if you are taking HRT.</s>
<s id="s467.2">Other factors that also increase the risk of stroke are: • Getting older • High blood pressure • Smoking • Drinking too much alcohol • An irregular heartbeat.</s>
<s id="s468.1">If you get: • Unexplained migraine-type headaches, with or without disturbed vision.</s>
<s id="s468.2">See a doctor as soon as possible.</s>
<s id="s468.3">Stop taking HRT until your doctor says you can.</s>
<s id="s469.1">Ovarian cancer There are some evidence from clinical studies that use of oestrogen-only products for more than 5 years increases the risk of ovarian cancer among women who have had their womb removed.</s>
<s id="s469.2">It is not yet known whether other types of HRT increase the risk in the same way.</s>
<s id="s470.1">Dementia There is no evidence that HRT improves processes of remembering, learning and judging (cognitive function).</s>
<s id="s470.2">From a clinical study there is some evidence for an increased risk of dementia among women older than 65 years, who started using another type of oestrogen/progestagen combination than the one in Activelle.</s>
<s id="s470.3">It is not known whether these results also applies to women younger than 65 years when starting the treatment or to women taking other HRT preparations.</s>
<s id="s471.1">Gall bladder disease Gall bladder disease has been reported after treatment with oestrogen/progestagen.</s>
<s id="s472.1">Effects on the skin Brown pigmented patches in the face, redness of the skin including inflammation on the hands or the legs (erythema multiforme), hump rose or a bruise-like rash.</s>
<s id="s473.1">If any of the side effects gets serious, or if you notice any side effects not listed in this leaflet, please tell your doctor or pharmacist.</s>
<s id="s474.1">5.</s>
<s id="s474.2">HOW TO STORE ACTIVELLE</s>
<s id="s475.1">Keep out of the reach and sight of children.</s>
<s id="s476.1">Do not use Activelle after the expiry date which is stated on the label and outer carton after “EXP”.</s>
<s id="s476.2">The expiry date refers to the last day of that month.</s>
<s id="s477.1">Do not store above 25°C.</s>
<s id="s477.2">Do not refrigerate.</s>
<s id="s477.3">Keep the container in the outer carton in order to protect from light.</s>
<s id="s478.1">Medicines should not be disposed of via waste water or household waste.</s>
<s id="s478.2">Ask your pharmacist how to dispose of medicines no longer required.</s>
<s id="s478.3">These measures will help to protect the environment.</s>
<s id="s479.1">6.</s>
<s id="s479.2">FURTHER INFORMATION</s>
<s id="s480.1">36 What Activelle contains • The active substances are estradiol and norethisterone acetate.</s>
<s id="s480.2">Each tablet contains 0.5 mg estradiol (as hemihydrate) and 0.1 mg norethisterone acetate. • Other ingredients are:</s>
<s id="s480.3">Lactose monohydrate, maize starch, hydroxypropylcellulose, magnesium stearate, hypromellose, triacetin and talc.</s>
<s id="s481.1">What Activelle looks like and contents of the pack The film-coated tablets are white, round with a diameter of 6 mm.</s>
<s id="s481.2">The tablets are imprinted NOVO 291 on one side and the Novo Nordisk logo (an Apis bull) on the other side.</s>
<s id="s482.1">Pack sizes:</s>
<s id="s482.2">28 film-coated tablets 3 x 28 film-coated tablets Not all pack sizes may be marketed.</s>
<s id="s483.1">Marketing authorisation holder and manufacturer</s>
<s id="s484.1">[See Annex I - To be completed nationally]</s>
<s id="s485.1">{Name and address} &lt; {tel} &gt; &lt; {fax} &gt; &lt; {e-mail} &gt;</s>
<s id="s486.1">This medicinal product is authorized in the Member States of the EEA under the following names:</s>
<s id="s486.2">Austria - Noviana 0,5mg/0,1mg filmtabletten Belgium - Activelle minor comprimés pelliculés Bulgaria - Noviana™ филмирани таблетки Czech Republic - Noviana potahované tablety Denmark - Activelle low filmovertrukne tabletter Estonia - Activelle low 0,5 mg/0,1 mg õhukese polümeerikattega tablett Finland - Activelle 0,5 mg/0,1 mg tabl.</s>
<s id="s486.3">France - Activelle 0,5 mg/0,1 mg comprimé pelliculé Germany - Noviana Hungary - Noviana filmtabletta Iceland - Activelle® low 0.5 mg/0.1 mg tablets filmuhúðaðar töflur Ireland - Activelle low 0.5mg/0.1mg film-coated tablets Italy - Activelle® 0,5 mg/0,1 mg compresse film-rivestite Latvia - Noviana 0,5 mg/0,1 mg apvalkotās tabletes Lithuania - Activelle 0,5 mg / 0,1 mg plėvele dengtos tabletės Luxembourg - Activelle minor comprimés pelliculés The Netherlands - Activelle filmomhulde tabletten Norway - Noviana 0,5 mg/0,1 mg tablett filmdrasjert Portugal - 0,5mg Estradiol + 0.1 mg Acetato de Noretisterona Comprimidos revestidos por película Romania – Noviana comprimate filmate Slovenia - Noviana™ filmsko obložene tablete Slovakia - Noviana filmom obalené tablety Spain - Activelle 0,5 mg/ 0,1 mg comprimidos recubiertos de película Sweden - Activelle 0,5 mg/0,1 mg filmdragerade tabletter United Kingdom - Noviana film-coated tablets</s>
<s id="s487.1">[See Annex I – To be completed nationally]</s>
<s id="s488.1">37 This leaflet was last approved in</s>
<s id="s489.1">Detailed information on this medicine is available on the web site of {MA/Agency}[PIQ-QRD3]</s>
<s id="s490.1">USER INSTRUCTIONS</s>
<s id="s491.1">How to use the calendar pack</s>
<s id="s492.1">1.</s>
<s id="s492.2">Set the day reminder Turn the inner disc to set the day of the week opposite the little plastic tab.</s>
<s id="s493.1">2.</s>
<s id="s493.2">How to take the first tablet Break the plastic tab and tip out the first tablet.</s>
<s id="s494.1">3.</s>
<s id="s494.2">Move the dial every day On the next day simply move the transparent dial clockwise one space as indicated by the arrow.</s>
<s id="s494.3">Tip out the next tablet.</s>
<s id="s494.4">Remember to take only one tablet once a day.</s>
<s id="s494.5">You can only turn the transparent dial after the tablet in the opening has been removed.</s>
<s id="s495.1">38</s>
</body>
</letsmt>
