<?xml version="1.0" encoding="utf-8"?>
<letsmt version="1.0">
<head></head>
<body>
<s id="s1.1">European Medicines Agency Veterinary Medicines</s>
<s id="s2.1">EMEA/ V/ C/ 107 EMEA/ CVMP/ 13187/ 2007</s>
<s id="s3.1">EVROPSKO JAVNO POROČILO O OCENI ZDRAVILA (EPAR)</s>
<s id="s4.1">PROMERIS</s>
<s id="s5.1">Povzetek EPAR za javnost</s>
<s id="s6.1">Ta dokument je povzetek Evropskega javnega poročila o oceni zdravila (EPAR).</s>
<s id="s6.2">Njegov namen je pojasniti, kako je Odbor za zdravila za uporabo v veterinarski medicini (CVMP) ocenil predloženo dokumentacijo, na podlagi česar je oblikoval priporočila glede uporabe zdravila.</s>
<s id="s6.3">Ta dokument ne more nadomestiti osebnega pogovora z veterinarjem.</s>
<s id="s6.4">Če potrebujete več informacij o zdravstvenem stanju ali zdravljenju vaše živali, se posvetujte z veterinarjem.</s>
<s id="s6.5">Če želite več informacij o podlagi za priporočila CHMP, preberite znanstveno razpravo (ki je prav tako del EPAR).</s>
<s id="s7.1">Kaj je zdravilo ProMeris?</s>
<s id="s8.1">ProMeris je bistra, rumena do jantarna raztopina, ki vsebuje zdravilno učinkovino metaflumizon.</s>
<s id="s9.1">Daje se mačkam na kožo s predhodno napolnjeno merilno kapalko, majhno plastično cevko, ki je že napolnjena z ustrezno količino zdravila ProMeris, potrebno za zdravljenje ene mačke (zdravilo ProMeris je na voljo v 2 različnih velikostih za različno težke mačke).</s>
<s id="s9.2">Mački razmaknemo dlako med lopaticama, da se prikaže koža, in na to mesto stisnemo vsebino merilne kapalke.</s>
<s id="s10.1">Za kaj se zdravilo ProMeris uporablja?</s>
<s id="s11.1">ProMeris je “ ektoparaziticid ”, to pomeni, da uničuje zajedalce, ki živijo na koži ali v dlaki živali, kot so denimo bolhe in klopi.</s>
<s id="s12.1">Zdravilo ProMeris se uporablja za zdravljenje in preprečevanje bolhavosti pri mačkah.</s>
<s id="s12.2">Lahko se uporablja tudi kot del strategije zdravljenja za obvladovanje alergijskega dermatitisa, ki ga povzročajo bolhe, t. j. alergijske reakcije mačk na ugrize bolh.</s>
<s id="s12.3">Učinek zdravila traja najmanj 6 tednov po njegovi uporabi.</s>
<s id="s13.1">Kako zdravilo ProMeris deluje?</s>
<s id="s13.2">Metaflumizon, zdravilna učinkovina v zdravilu ProMeris, ovira živčne funkcije bolh, čemur posledično sledi smrt teh zajedalcev.</s>
<s id="s14.1">7 Westferry Circus, Canary Wharf, London E14 4HB, UK Tel.</s>
<s id="s14.2">(44- 20) 74 18 84 00 Fax (44- 20) 74 18 84 47 E- mail: mail@ emea. europa. eu http: // www. emea. europa. eu ©EMEA 2006 Reproduction and/ or distribution of this document is authorised for non commercial purposes only provided the EMEA is acknowledged Kako je bilo zdravilo ProMeris raziskano?</s>
<s id="s14.3">Predloženi so bili podatki o farmacevtski kakovosti, varnosti zdravila za mačke ter njegovi varnosti za ljudi (za ljudi, ki pridejo v stik z zdravilom) in okolje.</s>
<s id="s14.4">Učinkovitost metaflumizona zoper bolhavost pri mačkah je bila raziskana v laboratorijskih raziskavah in preskušanju na terenu.</s>
<s id="s14.5">Preskušanje na terenu je bilo opravljeno na mačkah v 24 veterinarskih praksah v različnih geografskih regijah Nemčije in Francije.</s>
<s id="s14.6">Mačke različnih ras (večinoma evropske kratkodlake mačke), starostnih skupin in z različnimi telesnimi masami, ki so bile bolhave, so zdravili bodisi z zdravilom ProMeris ali z drugimi zdravili, ki so bila v EU odobrena za to indikacijo.</s>
<s id="s14.7">Učinkovitost so merili z ugotavljanjem števila živih bolh na mački ob različnih časovnih obdobjih, in sicer do 2 mesecev po uporabi zdravila.</s>
<s id="s15.1">Kakšne koristi je zdravilo ProMeris izkazalo med raziskavami?</s>
<s id="s15.2">Rezultati preskušanj na terenu so pokazali, da je zdravilo Pro Meris učinkovito pri zdravljenju in preprečevanju bolhavosti pri mačkah.</s>
<s id="s15.3">Zdravilo ubije bolhe v 24 urah po uporabi zdravila, njegov učinek pa traja najmanj 6 tednov.</s>
<s id="s16.1">Kakšna tveganja so povezana z zdravilom ProMeris?</s>
<s id="s17.1">Na mestu nanosa se lahko pojavijo spremembe dlake (masten izgled, vozlanje in zlepljanje dlake).</s>
<s id="s18.1">Če mačka liže mesto nanosa, se lahko pojavi kratko obdobje prekomernega slinjenja.</s>
<s id="s19.1">Zdravila ProMeris se ne sme uporabljati pri mačkah, ki so stare manj kot 8 tednov, saj pri tej skupini živali zdravilo ni bilo zadostno raziskano.</s>
<s id="s19.2">Kot to velja za ostala zdravila iz te skupine zdravil, se zdravila ProMeris ne sme uporabljati pri bolnih živalih ali mačkah, ki so pravkar okrevale od bolezni.</s>
<s id="s19.3">To zdravilo je bilo razvito posebej za mačke in se ga ne sme uporabljati pri drugih živalskih vrstah.</s>
<s id="s20.1">Kakšni varnostni ukrepi so potrebni za osebo, ki daje zdravilo ali prihaja v stik z živaljo?</s>
<s id="s21.1">Kot preventivni ukrep se je treba izogibati direktnemu stiku z zdravljeno mačko in preprečiti otrokom igranje z zdravljeno živaljo, dokler področje nanosa ni suho.</s>
<s id="s21.2">Pravkar zdravljene živali ne smejo spati v isti postelji s svojimi lastniki, zlasti ne z otroki.</s>
<s id="s22.1">Pazite, da kapalka ne pride v stik s kožo.</s>
<s id="s22.2">V primeru nehotenega stika je treba kožo in oči sprati z vodo.</s>
<s id="s22.3">Med dajanjem zdravila ProMeris je prepovedano kaditi, piti ali jesti.</s>
<s id="s23.1">Zakaj je bilo zdravilo ProMeris odobreno?</s>
<s id="s23.2">Odbor za zdravila za uporabo v veterinarski medicini (CVMP) je mnenja, da so koristi zdravila ProMeris za zdravljenje in preprečevanje bolhavosti pri mačkah večje od z njim povezanih tveganj.</s>
<s id="s23.3">Zato je priporočil, da se za zdravilo ProMeris odobri dovoljenje za promet.</s>
<s id="s23.4">Razmerje med koristmi in tveganji najdete v modulu 6 tega Evropskega javnega poročila o oceni zdravila (EPAR).</s>
<s id="s24.1">2/ 3 ©EMEA 2006 Druge informacije o zdravilu ProMeris:</s>
<s id="s25.1">Evropska komisija je dovoljenje za promet z zdravilom ProMeris Duo, veljavno po vsej Evropski uniji, odobrila družbi Fort Dodge Animal Health dne 19. 12. 2006.</s>
<s id="s25.2">Podatki o predpisovanju tega zdravila so navedeni na nalepki/ zunanji ovojnini.</s>
<s id="s26.1">Ta povzetek je bil nazadnje posodobljen 19. 12. 2006.</s>
<s id="s27.1">3/ 3 ©EMEA 2006</s>
</body>
</letsmt>
