<?xml version="1.0" encoding="utf-8"?>
<letsmt version="1.0">
<head></head>
<body>
<s id="s1.1">ANNEX I</s>
<s id="s2.1">LIST OF THE NAMES, PHARMACEUTICAL FORM, STRENGTH OF THE MEDICINAL PRODUCTS, ROUTE OF ADMINISTRATION, MARKETING AUTHORISATION HOLDERS IN THE MEMBER STATES Member State</s>
<s id="s3.1">Marketing Authorisation Invented name Holder</s>
<s id="s4.1">Strength</s>
<s id="s5.1">Pharmaceutical Form</s>
<s id="s6.1">Route of administration</s>
<s id="s7.1">Schering Deutchland GmbH</s>
<s id="s8.1">1 mmol/ ml</s>
<s id="s9.1">Intravenous use</s>
<s id="s10.1">DE - Germany</s>
<s id="s11.1">Max-Dohrn-Strasse 10 D-10589 Berlin</s>
<s id="s12.1">Gadograf</s>
<s id="s13.1">Solution for injection</s>
<s id="s14.1">DE - Germany</s>
<s id="s15.1">Schering Deutchland GmbH Max-Dohrn-Strasse 10 D-10589 Berlin</s>
<s id="s16.1">Gadograf</s>
<s id="s17.1">1 mmol/ ml</s>
<s id="s18.1">Solution for Injection in prefilled syringe</s>
<s id="s19.1">Intravenous use</s>
<s id="s20.1">Schering España, S. A.</s>
<s id="s21.1">1 mmol/ ml</s>
<s id="s22.1">Intravenous use</s>
<s id="s23.1">ES - Spain</s>
<s id="s24.1">c/ Mendez Alvaro, 55 28045 Madrid</s>
<s id="s25.1">Gadograf</s>
<s id="s26.1">Solution for injection</s>
<s id="s27.1">Schering España, S. A.</s>
<s id="s28.1">1 mmol/ ml</s>
<s id="s29.1">Solution for Injection in prefilled</s>
<s id="s30.1">Intravenous use</s>
<s id="s31.1">ES - Spain</s>
<s id="s32.1">c/ Mendez Alvaro, 55 28045 Madrid ANNEX II</s>
<s id="s33.1">Gadograf</s>
<s id="s34.1">syringe</s>
<s id="s35.1">SCIENTIFIC CONCLUSIONS AND GROUNDS FOR AMENDMENT OF THE SUMMARY OF PRODUCT CHARACTERISTICS PRESENTED BY THE EMEA SCIENTIFIC CONCLUSIONS</s>
<s id="s36.1">OVERALL SUMMARY OF THE SCIENTIFIC EVALUATION OF GADOBUTROL</s>
<s id="s37.1">1.</s>
<s id="s37.2">Introduction and background</s>
<s id="s38.1">Gadograf contains gadobutrol, a neutral macrocyclic gadolinium complex with contrast-enhancing properties, which is used for magnetic resonance imaging (MRI).</s>
<s id="s38.2">MRI is a widely used technique for the evaluation and detection of diffuse liver disease as well as for further characterization of focal liver disease.</s>
<s id="s38.3">Gd-based contrast agents are frequently administered prior to contrast-enhanced dynamic liver MRI and may improve both detection and classification of focal liver lesions.</s>
<s id="s39.1">In renal pathologies, MRI techniques have become increasingly important, particularly in combination with a contrast agent that enables the assessment of different states of renal perfusion.</s>
<s id="s39.2">Following intravenous bolus injection of Gadograf, important information on hyper- or hypoperfusion of the organ and lesions can be obtained with MRI, which allow a better differentiation of pathological processes and the characterization of the renal mass as well as staging of renal neoplasms.</s>
<s id="s39.3">Gadograf consists of nonspecific, low-molecular-weight, extracellular gadolinium-chelates and is presented in the formulation l.0 mmol gadolinium/ ml and an osmolality of 1603 mosmol/ kg H2O at 37°C.</s>
<s id="s39.4">Gadograf was the first paramagnetic contrast agent developed in a 1.0 molar solution thus requiring a smaller application volume in a higher dosage.</s>
<s id="s40.1">Gadograf 1.0 mmol/ ml (INN gadobutrol) was approved for “ Contrast enhancement in cranial and spinal magnetic resonance imaging” (MRI) in Germany in January 2000 and subsequently in July 2001 in Spain via the mutual recognition procedure.</s>
<s id="s40.2">A label extension to the indication “ Contrast- enhanced Magnetic resonance angiography” (CE-MRA) followed in November 2003.</s>
<s id="s41.1">2.</s>
<s id="s41.2">Referral Procedure</s>
<s id="s42.1">In June 2005 a MR procedure started with Germany as the RMS for a Type II variation to add the indication of “ Contrast enhanced MRI of other body regions: liver, kidneys” and the following posology and method of administration/ dosage: “ CE-MRI of other body regions:</s>
<s id="s42.2">The recommended dose for adults is 0.1 mmol per kilogram body weight (mmol/ kg BW).</s>
<s id="s42.3">This is equivalent to 0.1 ml/ kg BW of the 1.0 M solution”.</s>
<s id="s43.1">The MRP procedure was finalised on Day 221 of the procedure on 09.05.2006 with approval of the proposed indication and inclusion of the liver and kidney imaging studies’ results under Section 5.1.</s>
<s id="s43.2">Further to the approval Spain raised a major objection related to the wording of the indication as Spain considered that the approved indication neither reflected the studied population in the two pivotal studies submitted for this variation of Gadograf nor the clinical context for which Gadograf has demonstrated to have the same diagnostic accuracy than its comparator.</s>
<s id="s43.3">After finalisation of the procedure the Spanish Agency for Medicines and Health Products initiated a referral for Arbitration under Article 36.1 of Directive 2001/ 83/ EC to the CHMP.</s>
<s id="s44.1">Having considered the grounds for the referral, the CHMP, during its May 2006 plenary meeting, requested the MAH to address the major objection to public health and adopted a List of Questions.</s>
<s id="s44.2">The MAH was requested to reply to the following Questions:</s>
<s id="s45.1">1) The current indication does neither reflect the studied population in the two pivotal studies submitted for this variation of Gadograf nor the clinical context for which Gadograf has demonstrated to have the same diagnostic accuracy than its comparator.</s>
<s id="s45.2">As only those patients with high suspicion or evidence of having a focal disease of liver or kidneys obtained by other diagnostic tests or histopathology were included in the two pivotal studies, the indication approved must reflect the studied population and not in general for any patient undergoing a contrast enhanced MRI of liver or kidneys.</s>
<s id="s45.3">Moreover, the wording of the indication should also reflect the clinical context for which Gadograf has demonstrated to have the same diagnostic accuracy than its comparator, that is to correctly localise at least one malignant lesion of liver or kidney in an individual patient using combined pre- and post-contrast MR images. “ Contrast-enhanced magnetic resonance imaging (MRI) in patients with high suspicion or evidence of having a focal disease of liver or kidneys, obtained by other diagnostic tests or histopathology, to correctly localise malignant lesions of liver or kidney .”</s>
<s id="s46.1">2) The requested indication cannot be approved for paediatric population aged less than 18 years since there is no data on the efficacy and safety of the use of Gadograf for contrast-enhancement MRI in this population in the submitted pivotal studies.</s>
<s id="s46.2">The MAH must include in section 4.2 the following sentence: “ Gadograf is not recommended for use in population below age 18 due to a lack of data on efficacy and safety .”</s>
<s id="s47.1">3).</s>
<s id="s47.2">The MAH is asked to provide information on the clinical utility of this product for the requested indication (directly or indirectly), according to the Points of Consider on the evaluation of diagnostic agents (CPMP/ EWP/ 1119/ 98).</s>
<s id="s47.3">One of the requirements for a diagnostic agent to be authorised is to demonstrate relevant impact on diagnostic thinking in the clinical context in which the test is to be used, unless such impact can be shown indirectly or historically.</s>
<s id="s47.4">It is not clearly obvious that accurate diagnostic information per se is beneficial, so the application for authorisation should provide support that the information is clinically useful by direct evaluation of this aspect in the clinical trials provided or being drawn historically from published scientific evidence.</s>
<s id="s48.1">3.</s>
<s id="s48.2">Discussion</s>
<s id="s49.1">The MAH submitted its response to the CHMP List of Questions on 29 September 2006.</s>
<s id="s49.2">In the response the MAH acknowledges with reference to Question 1) that the patient population studied in the pivotal trials has some limitations in comparison to the overall anticipated patient population undergoing CE-MRI, but these limitations are the result of methodological requirements to adequately demonstrate the diagnostic efficacy of Gadograf-enhanced MRI in the pivotal studies.</s>
<s id="s49.3">With reference to Question 2) the MAH acknowledged that Gadograf has not been adequately studied for any of its approved indications (including the new indication “ contrast-enhanced MRI of liver and kidneys”) in patients aged less than 18 years.</s>
<s id="s50.1">Having considered the response provided by the MAH and assessed by the Rapporteurs, on 16 November 2006, the CHMP adopted a Request of Supplementary Information, in which the MAH was asked to further expand on the issue of clinical utility and to comment on a proposed wordings regarding the Indication in 4.1 and the Posology in 4.2 of the SPC.</s>
<s id="s50.2">In its response the MAH addressed the issue of clinical utility by comparing Gadograf-enhanced with Magnevist-enhanced MRI and underlined the diagnostic efficacy of Gadograf.</s>
<s id="s50.3">The MAH further agreed to the proposed wording by the CHMP as follows:</s>
<s id="s50.4">Section 4.1 (Indication):</s>
<s id="s51.1">“ Contrast enhanced MRI of liver or kidneys in patients with high suspicion or evidence of having focal lesions to classify these lesions as benign or malignant”.</s>
<s id="s52.1">Section 4.2 (Posology): “ Gadograf is not recommended for use in population below age 18 due to a lack of data on efficacy and safety .” 4.</s>
<s id="s52.2">Conclusions</s>
<s id="s53.1">Since the issue of clinical utility was satisfactorily addressed and the MAH agreed to the proposed wording, the CHMP is of the opinion that the data provided allow the conclusion that, on basis of the pivotal clinical studies comparing Gadograf-enhanced with Magnevist-enhanced MRI, diagnostic efficacy of Gadograf for the classification of focal liver or renal lesions as benign or malignant, as well as clinical safety of Gadograf has been adequately established.</s>
<s id="s53.2">The MAH has updated SPC sections 4.1 and 4.2 in accordance with the requests of the CHMP.</s>
<s id="s54.1">GROUNDS FOR AMENDMENT OF THE SUMMARY OF PRODUCT CHARACTERISTICS</s>
<s id="s55.1">Whereas,</s>
<s id="s56.1">- the Committee considered the referral made under Article 36(1) of Directive 2001/ 83/ EC, as</s>
<s id="s57.1">amended for Gadograf detailed in Annex I;</s>
<s id="s58.1">- the CHMP recommended that the following additional indication: “ Contrast enhanced</s>
<s id="s59.1">MRI of liver or kidneys in patients with high suspicion or evidence of having focal lesions to classify these lesions as benign or malignant .” can be granted for Gadograf.</s>
<s id="s60.1">The CHMP has recommended the variation (extension of indication) of the Marketing Authorisation in accordance with the Summary of Product Characteristics set out in Annex III for Gadograf (see Annex I).</s>
<s id="s60.2">ANNEX III</s>
<s id="s61.1">SUMMARY OF PRODUCT CHARACTERISTICS, LABELLING AND PACKAGE LEAFLET</s>
<s id="s62.1">6 SUMMARY OF PRODUCT CHARACTERISTICS</s>
<s id="s63.1">7 1.</s>
<s id="s63.2">NAME OF THE MEDICINAL PRODUCT</s>
<s id="s64.1">Gadograf 1.0 mmol/ ml solution for injection</s>
<s id="s65.1">2.</s>
<s id="s65.2">QUALITATIVE AND QUANTITATIVE COMPOSITION</s>
<s id="s66.1">Each ml contains 604.72 mg of gadobutrol (equivalent to 1.0 mmol gadobutrol containing 157.25 mg gadolinium).</s>
<s id="s67.1">For a full list of excipients, see section 6.1.</s>
<s id="s68.1">Physico-chemical properties:</s>
<s id="s68.2">Osmolality at 37°C:</s>
<s id="s68.3">1603 mOsm/ kg H2O Viscosity at 37°C:</s>
<s id="s68.4">4.96 mPa·s</s>
<s id="s69.1">3.</s>
<s id="s69.2">PHARMACEUTICAL FORM</s>
<s id="s70.1">Solution for injection Clear, colourless to pale yellow liquid.</s>
<s id="s71.1">4.</s>
<s id="s71.2">CLINICAL PARTICULARS</s>
<s id="s72.1">4.1 Therapeutic indications</s>
<s id="s73.1">This medicinal product is for diagnostic use only.</s>
<s id="s74.1">Contrast enhancement in cranial and spinal magnetic resonance imaging (MRI).</s>
<s id="s74.2">Contrast enhanced MRI of liver or kidneys in patients with high suspicion or evidence of having focal lesions to classify these lesions as benign or malignant.</s>
<s id="s74.3">Contrast enhancement in magnetic resonance angiography (CE-MRA).</s>
<s id="s75.1">4.2 Posology and method of administration</s>
<s id="s76.1">Gadograf should only be administered by physicians experienced in the field of clinical MRI practice.</s>
<s id="s77.1">• General information The dose required is administered intravenously as a bolus injection.</s>
<s id="s77.2">Contrast-enhanced MRI can commence immediately afterwards (shortly after the injection depending on the pulse sequences used and the protocol for the examination).</s>
<s id="s77.3">Optimal opacification is observed during arterial first pass for CE-MRA and within a period of about 15 minutes after injection of Gadograf for CNS indications (time depending on type of lesion/ tissue).</s>
<s id="s77.4">Tissue enhancement generally lasts up to 45 minutes after injection of Gadograf.</s>
<s id="s78.1">T1 -weighted scanning sequences are particularly suitable for contrast-enhanced examinations.</s>
<s id="s79.1">Intravascular administration of contrast media should, if possible, be done with the patient lying down.</s>
<s id="s79.2">After the administration, the patient should be kept under observation for at least half an hour, since experience shows that the majority of undesirable effects occur within this time.</s>
<s id="s80.1">8 • Dosage • Adults CNS indications:</s>
<s id="s80.2">The recommended dose for adults is 0.1 mmol per kilogram body weight (mmol/ kg BW).</s>
<s id="s80.3">This is equivalent to 0.1 ml/ kg BW of the 1.0 M solution.</s>
<s id="s80.4">If a strong clinical suspicion of a lesion persists despite an unremarkable MRI or when more accurate information might influence therapy of the patient, a further injection of up to 0.2 mmol/ kg BW within 30 minutes of the first injection may be performed.</s>
<s id="s81.1">CE-MRI of liver and kidneys:</s>
<s id="s81.2">The recommended dose for adults is 0.1 mmol per kilogram body weight (mmol/ kg BW).</s>
<s id="s81.3">This is equivalent to 0.1 ml/ kg BW of the 1.0 M solution.</s>
<s id="s82.1">CE-MRA:</s>
<s id="s82.2">Imaging of 1 field of view (FOV):</s>
<s id="s82.3">7.5 ml for body weight below 75 kg; 10 ml for body weight of 75 kg and higher (corresponding to 0.1-0.15 mmol/ kg BW).</s>
<s id="s82.4">Imaging of &gt; 1 field of view (FOV):</s>
<s id="s82.5">15 ml for body weight below 75 kg; 20 ml for body weight of 75 kg and higher (corresponding to 0.2-0.3 mmol/ kg BW).</s>
<s id="s83.1">• Paediatric patients Gadograf is not recommended for use in population below age 18 due to a lack of data on efficacy and safety.</s>
<s id="s84.1">4.3 Contraindications</s>
<s id="s85.1">Hypersensitivity to the active substance or to any of the excipients.</s>
<s id="s86.1">4.4 Special warnings and precautions for use</s>
<s id="s87.1">Gadograf should not be used in patients with uncorrected hypokalemia.</s>
<s id="s87.2">In patients with severe cardiovascular disease Gadograf should only be administered after careful risk benefit assessment because only limited data are available so far.</s>
<s id="s88.1">Gadograf should be used with special care in patients</s>
<s id="s89.1">- with known congenital long QT syndrome or a family history of congenital long QT syndrome</s>
<s id="s90.1">- with known previous arrhythmias after taking medicinal products that prolong cardiac repolarisation</s>
<s id="s91.1">- who are currently taking a medicinal product that is known to prolong cardiac repolarisation e. g. a</s>
<s id="s92.1">Class III antiarrhythmic (e. g. amiodarone, sotalol).</s>
<s id="s93.1">The possibility that Gadograf may cause torsade de pointes arrhythmias in an individual patient cannot be excluded (see section 5.3 Preclinical safety data).</s>
<s id="s94.1">Since contrast medium elimination is delayed in patients with severely impaired renal function, the benefits must be weighed very carefully against the risks in such cases.</s>
<s id="s94.2">In particularly severe cases, it is advisable to remove Gadograf from the body by extracorporeal haemodialysis:</s>
<s id="s94.3">For removal of the agent from the body, at least 3 dialysis sessions within 5 days of the injection should be performed.</s>
<s id="s95.1">No impairment of renal functions has been observed during clinical trials performed on a limited number of patients.</s>
<s id="s95.2">Data are too limited to exclude the possibility of renal toxicity or aggravation of renal impairment.</s>
<s id="s96.1">The usual safety requirements for magnetic resonance imaging, especially the exclusion of ferromagnetic materials, also apply when using Gadograf.</s>
<s id="s97.1">9 Hypersensitivity reactions, as have been reported for other contrast media containing gadolinium, have also been observed after administration of Gadograf.</s>
<s id="s97.2">To be able to react immediately to an emergency, medicinal products and equipment (e. g. endotracheal tube and respirator) should be within hand reach.</s>
<s id="s98.1">In patients with an allergic disposition the decision to use Gadograf must be made after particularly careful evaluation of the risk-benefit ratio.</s>
<s id="s98.2">In rare cases delayed anaphylactoid reactions (after hours to days) have been observed.</s>
<s id="s99.1">Like with other gadolinium containing contrast agents special precaution is necessary in patients with a low threshold for seizures.</s>
<s id="s100.1">While injecting Gadograf into veins with a small lumen there is the possibility of adverse effects such as reddening and swelling.</s>
<s id="s101.1">4.5 Interaction with other medicinal products and other forms of interaction</s>
<s id="s102.1">No interaction studies have been performed.</s>
<s id="s103.1">4.6 Pregnancy and lactation</s>
<s id="s104.1">There are no adequate data from the use of gadobutrol in pregnant women.</s>
<s id="s104.2">In animal studies repeated dosing of gadobutrol only at maternally toxic dose levels (8 to 17 times the diagnostic dose) caused retardation of the embryonal development and embryolethality but no teratogenicity.</s>
<s id="s104.3">The potential risk of single administration for humans is unknown.</s>
<s id="s105.1">Gadograf should not be used during pregnancy unless clearly necessary.</s>
<s id="s106.1">The passage of Gadograf into breast milk has not been investigated in humans so far.</s>
<s id="s106.2">Small amounts of gadobutrol enter milk in animals (less than 0.01% of the dose administered).</s>
<s id="s106.3">Breast feeding should be discontinued for at least 24 hours after the administration of gadobutrol.</s>
<s id="s107.1">4.7 Effects on ability to drive and use machines</s>
<s id="s108.1">Not relevant.</s>
<s id="s109.1">4.8 Undesirable effects</s>
<s id="s110.1">Adverse reactions are “ rare (≥ 1/ 10,000 to &lt; 1/ 1,000 )” to “ uncommon (≥ 1/ 1,000 to &lt; 1/ 100 )”.</s>
<s id="s111.1">Within each frequency grouping, undesirable effects are presented in order of decreasing seriousness.</s>
<s id="s112.1">Adverse reactions from clinical trial data (experience in more than 2900 patients)</s>
<s id="s113.1">Additional adverse reactions from postmarketing spontaneous reporting</s>
<s id="s114.1">System Organ Class</s>
<s id="s115.1">Uncommon Rare (≥ 1/ 1,000 to (≥ 1/ 10,000 to &lt; 1/ 100) &lt; 1/ 1,000)</s>
<s id="s116.1">Rare (≥ 1/ 10,000 to &lt; 1/ 1,000)</s>
<s id="s117.1">Cardiac disorders</s>
<s id="s118.1">Cardiac arrest, Tachycardia</s>
<s id="s119.1">Nervous system disorders</s>
<s id="s120.1">Headache, Parosmia Dizziness, Paresthesia, Dysgeusia</s>
<s id="s121.1">Loss of consciousness, Convulsion</s>
<s id="s122.1">Eye disorders</s>
<s id="s123.1">Conjunctivitis, Eyelid oedema</s>
<s id="s124.1">10</s>
<s id="s125.1">Adverse reactions from clinical trial data (experience in more than 2900 patients)</s>
<s id="s126.1">Additional adverse reactions from postmarketing spontaneous reporting</s>
<s id="s127.1">System Organ Class</s>
<s id="s128.1">Uncommon Rare (≥ 1/ 1,000 to (≥ 1/ 10,000 to &lt; 1/ 100) &lt; 1/ 1,000)</s>
<s id="s129.1">Rare (≥ 1/ 10,000 to &lt; 1/ 1,000)</s>
<s id="s130.1">Respiratory, thoracic and mediastinal disorders</s>
<s id="s131.1">Dyspnoea</s>
<s id="s132.1">Respiratory arrest, Bronchospasm, Cyanosis, Oropharyngeal swelling, Cough, Sneezing</s>
<s id="s133.1">Gastrointestinal disorders</s>
<s id="s134.1">Nausea Vomiting</s>
<s id="s135.1">Skin and subcutaneous tissue disorders</s>
<s id="s136.1">Urticaria, Rash</s>
<s id="s137.1">Face edema, Hyperhidrosis, Pruritus, Erythema</s>
<s id="s138.1">Vascular disorders</s>
<s id="s139.1">Vasodilatation Hypotension</s>
<s id="s140.1">Circulatory collapse, Flushing</s>
<s id="s141.1">General disorders and administration site conditions</s>
<s id="s142.1">Injection site pain, Injection site reaction</s>
<s id="s143.1">Feeling hot, Malaise</s>
<s id="s144.1">Immune system disorders</s>
<s id="s145.1">Anaphylactoid reaction</s>
<s id="s146.1">Anaphylactoid shock</s>
<s id="s147.1">Additional safety information:</s>
<s id="s147.2">Short-lasting mild to moderate feelings of coldness, warmth or pain at the injection site have been uncommonly observed in association with the venous puncture or contrast medium injection.</s>
<s id="s148.1">On paravascular injection Gadograf may cause tissue pain lasting up to several minutes.</s>
<s id="s149.1">Hypersensitivity reactions (e. g. urticaria, rash, vasodilitation) have been uncommonly reported and were mostly of mild to moderate intensity.</s>
<s id="s149.2">In rare cases anaphylactoid reactions ranging to shock may occur.</s>
<s id="s149.3">Delayed anaphylactoid reactions (after hours to days) have been observed rarely (see section 4.4).</s>
<s id="s149.4">Patients with an allergic disposition suffer more frequently than others from hypersensitivity reactions.</s>
<s id="s150.1">4.9 Overdose</s>
<s id="s151.1">The maximum daily single dose tested in humans is 1.5 mmol gadobutrol/ kg body weight.</s>
<s id="s151.2">No signs of intoxication from an overdose have so far been observed during clinical use.</s>
<s id="s152.1">Due to potential effects of Gadograf on cardiac repolarization in cases of overdose, disturbances of cardiac rhythm may be possible.</s>
<s id="s152.2">Cardiovascular monitoring (including ECG) and control of renal function is recommended as a measure of precaution.</s>
<s id="s153.1">In case of an overdose, Gadograf can be removed from the body by extracorporeal dialysis.</s>
<s id="s154.1">11 5.</s>
<s id="s154.2">PHARMACOLOGICAL PROPERTIES</s>
<s id="s155.1">5.1 Pharmacodynamic properties</s>
<s id="s156.1">ATC – Code:</s>
<s id="s156.2">V08C A09 Paramagnetic contrast media The contrast-enhancing effect is mediated by gadobutrol, the nonionic complex consisting of gadolinium(III) and the macrocyclic ligand dihydroxy-hydroxymethylpropyl-tetraazacyclododecane-triacetic acid (butrol).</s>
<s id="s157.1">In clinical doses, gadobutrol leads to shortening of the relaxation times of protons in tissue water.</s>
<s id="s157.2">At 0.47 T (20 MHz), pH 7 and 40°C the paramagnetic effect (relaxivity), as determined from the effect on spin-lattice relaxation time (T1) - is about 3.6 l mmol-1 sec-1 and the spin-spin relaxation time (T2) is about 4 l mmol-1 sec-1.</s>
<s id="s157.3">Within the range 0.47 to 2.0 Tesla, the relaxivity displays only slight dependency on the strength of the magnetic field.</s>
<s id="s158.1">Gadobutrol does not cross an intact blood-brain barrier and therefore does not accumulate in healthy brain tissue or in lesions featuring an intact blood-brain barrier.</s>
<s id="s158.2">With high local tissue concentrations of gadobutrol the T2 effect results in a lessening of signal intensity.</s>
<s id="s159.1">In a pivotal phase III liver study average sensitivity in combined pre and postcontrast MRI for Gadograf- treated patients was 79% and specificity was 81% for lesion detection and classification of suspected malignant liver lesions (patientbased analysis).</s>
<s id="s160.1">In a pivotal phase III kidney study average sensitivity was 91% (patient-based analysis) and 85% (lesion- based analysis) for classification of malignant and benign renal lesions.</s>
<s id="s160.2">Average specificity in a patient- based analysis was 52% and in a lesion-based analysis 82%.</s>
<s id="s161.1">The increase of sensitivity from precontrast to combined pre and postcontrast MRI for Gadograf-treated patients was 33% in the liver study (patient-based analysis) and 18% in the kidney study (patient-based analysis as well as lesion-based analysis).</s>
<s id="s161.2">The increase in specificity from precontrast to combined pre and postcontrast MRI was 9% in the liver study (patient based analysis) while there was no increase in specificity in the kidney study (patient-based analysis as well as lesion-based analysis).</s>
<s id="s161.3">All results are average results obtained in blinded reader studies.</s>
<s id="s162.1">5.2 Pharmacokinetic properties</s>
<s id="s163.1">After intravenous administration, gadobutrol is rapidly distributed in the extra cellular space.</s>
<s id="s163.2">Plasma protein binding is negligible.</s>
<s id="s163.3">The pharmacokinetics of gadobutrol in humans are dose proportional.</s>
<s id="s163.4">Up to 0.4 mmol gadobutrol/ kg body weight, the plasma level declines after an early distribution phase with a mean terminal half-life of 1.8 hours (1.3 – 2.1 hours), identical to the renal elimination rate.</s>
<s id="s163.5">At a dose of 0.1 mmol gadobutrol/ kg BW, an average of 0.59 mmol gadobutrol/ l plasma was measured 2 minutes after the injection and 0.3 mmol gadobutrol/ l plasma 60 minutes post injection.</s>
<s id="s163.6">Within two hours more than 50% and within 12 hours more than 90% (or 92%) of the given dose is eliminated via the urine.</s>
<s id="s163.7">At a dose of 0.1 mmol gadobutrol/ kg BW, an average of 100.3 ± 2.6% of the dose was excreted within 72 h after administration.</s>
<s id="s163.8">In healthy persons renal clearance of gadobutrol is 1.1 to 1.7 ml min-1 kg-1 and thus comparable to the renal clearance of inulin, pointing to the fact that gadobutrol is eliminated primarily by glomerular filtration.</s>
<s id="s163.9">Less than 0.1% of the dose is eliminated via the faeces.</s>
<s id="s163.10">No metabolites are detected in plasma or urine.</s>
<s id="s164.1">5.3 Preclinical safety data</s>
<s id="s165.1">Preclinical data reveal no special hazard for humans based on conventional studies of safety pharmacology, repeated dose toxicity and genotoxicity.</s>
<s id="s165.2">Repeated dosing in reproduction toxicological studies caused a retardation of embryonal development in rats and an increase in embryolethality in monkeys and in rabbits at maternally toxic dose levels (8 to 17 times</s>
<s id="s166.1">12 the diagnostic dose) only.</s>
<s id="s166.2">It is not known whether these effects can also be induced by a single administration.</s>
<s id="s167.1">Cardiovascular effects seen in animals (dogs) at exposure levels similar (0.25 mmol/ kg) and higher (1.25 mmol/ kg), respectively, to maximum clinical exposure levels were a dose dependent transient increase in blood pressure (5% and 10%, above saline control) and myocardial contractility (5% and 16%, above saline control).</s>
<s id="s167.2">Cardiovascular safety pharmacology studies as well as clinical phase I studies gave indication for a potential of Gadograf to block cardiac potassium channels and an effect on cardiac repolarization when administered in doses 3 to 8fold higher than normally administered to patients.</s>
<s id="s167.3">Therefore, the possibility that Gadograf may cause torsade de pointes arrhythmias in an individual patient can not be excluded.</s>
<s id="s168.1">6.</s>
<s id="s168.2">PHARMACEUTICAL PARTICULARS</s>
<s id="s169.1">6.1 List of excipients</s>
<s id="s170.1">Calcobutrol sodium Trometamol Hydrochloric acid Water for injections</s>
<s id="s171.1">6.2 Incompatibilities</s>
<s id="s172.1">In the absence of compatibility studies, this medicinal product must not be mixed with other medicinal products.</s>
<s id="s173.1">6.3 Shelf life</s>
<s id="s174.1">Shelf life of the medicinal product as packaged for sale:</s>
<s id="s174.2">3 years</s>
<s id="s175.1">Shelf life after first opening of the container:</s>
<s id="s175.2">Any solution for injection not used in one examination must be discarded.</s>
<s id="s175.3">Chemical and physical in-use stability has been demonstrated for 24 hours at room temperature.</s>
<s id="s175.4">From a microbiological point of view, the product should be used immediately.</s>
<s id="s175.5">If not used immediately, in-use storage times and conditions prior to use are the responsibility of the user and would normally not be longer than 24 hours at 2 to 8 °C, unless opening has taken place in controlled and validated aseptic conditions.</s>
<s id="s176.1">The following applies to the use of the infusion bottle containing 65 ml:</s>
<s id="s176.2">After opening of the infusion bottle under aseptic conditions Gadograf remains stable for at least 8 hours at room temperature.</s>
<s id="s177.1">6.4 Special precautions for storage</s>
<s id="s178.1">No special precautions for storage.</s>
<s id="s178.2">Special precautions for storage of sterile product which has been opened are described in section 6.3.</s>
<s id="s179.1">6.5 Nature and contents of container</s>
<s id="s180.1">1 vial (type II glass) with a stopper (chlorobutyl elastomer) and a pure aluminium with internal and external lacquer flanged cap containing 7.5 ml, 15 ml or 30 ml solution for injection.</s>
<s id="s181.1">1 infusion bottle (type II glass) with a stopper (chlorobutyl elastomer) and a pure aluminium with internal and external lacquer flanged cap containing 65 ml solution for injection.</s>
<s id="s182.1">13 Pack sizes of:</s>
<s id="s182.2">1 and 10 vials 1 and 10 bottles</s>
<s id="s183.1">Not all pack sizes may be marketed.</s>
<s id="s184.1">6.6 Special precautions for disposal and other handling</s>
<s id="s185.1">This medicinal product should be visually inspected before use.</s>
<s id="s185.2">Gadograf should not be used in case of severe discoloration, the occurrence of particulate matter or a defective container.</s>
<s id="s185.3">Gadograf should not be drawn up into the syringe from the vial until immediately before use.</s>
<s id="s185.4">Contrast medium not used in one examination must be discarded.</s>
<s id="s186.1">In addition, the following applies to use of the infusion bottle containing 65 ml:</s>
<s id="s186.2">The contrast medium must be administered by means of an automatic injector.</s>
<s id="s186.3">The tube from the injector to the patient (patient's tube) must be changed after every examination.</s>
<s id="s186.4">Any contrast medium solution left over in the bottle, the connecting tubes and all disposable parts of the injector system must be discarded within 8 hours.</s>
<s id="s186.5">Any additional instructions from the respective equipment manufacturer must also be strictly adhered to.</s>
<s id="s187.1">7.</s>
<s id="s187.2">MARKETING AUTHORISATION HOLDER</s>
<s id="s188.1">[To be completed nationally]</s>
<s id="s189.1">8.</s>
<s id="s189.2">MARKETING AUTHORISATION NUMBER(S)</s>
<s id="s190.1">[To be completed nationally]</s>
<s id="s191.1">9.</s>
<s id="s191.2">DATE OF FIRST AUTHORISATION/ RENEWAL OF THE AUTHORISATION</s>
<s id="s192.1">Date of first authorisation:</s>
<s id="s192.2">[To be completed nationally] Date of last renewal:</s>
<s id="s192.3">24.01.2005</s>
<s id="s193.1">10.</s>
<s id="s193.2">DATE OF REVISION OF THE TEXT</s>
<s id="s194.1">{MM/ YYYY}</s>
<s id="s195.1">[To be completed nationally]</s>
<s id="s196.1">14 1.</s>
<s id="s196.2">NAME OF THE MEDICINAL PRODUCT</s>
<s id="s197.1">Gadograf 1.0 mmol/ ml solution for injection in prefilled syringes</s>
<s id="s198.1">2.</s>
<s id="s198.2">QUALITATIVE AND QUANTITATIVE COMPOSITION</s>
<s id="s199.1">Each ml contains 604.72 mg gadobutrol (equivalent to 1.0 mmol gadobutrol containing 157.25 mg gadolinium).</s>
<s id="s200.1">For a full list of excipients, see section 6.1.</s>
<s id="s201.1">Physico-chemical properties:</s>
<s id="s201.2">Osmolality at 37°C:</s>
<s id="s201.3">1603 mOsm/ kg H2O Viscosity at 37°C:</s>
<s id="s201.4">4.96 mPa·s</s>
<s id="s202.1">3.</s>
<s id="s202.2">PHARMACEUTICAL FORM</s>
<s id="s203.1">Solution for injection in prefilled syringe Clear, colourless to pale yellow liquid.</s>
<s id="s204.1">4.</s>
<s id="s204.2">CLINICAL PARTICULARS</s>
<s id="s205.1">4.1 Therapeutic indications</s>
<s id="s206.1">This medicinal product is for diagnostic use only.</s>
<s id="s207.1">Contrast enhancement in cranial and spinal magnetic resonance imaging (MRI).</s>
<s id="s207.2">Contrast enhanced MRI of liver or kidneys in patients with high suspicion or evidence of having focal lesions to classify these lesions as benign or malignant.</s>
<s id="s207.3">Contrast enhancement in magnetic resonance angiography (CE-MRA).</s>
<s id="s208.1">4.2 Posology and method of administration</s>
<s id="s209.1">Gadograf should only be administered by physicians experienced in the field of clinical MRI practice.</s>
<s id="s210.1">• General information The dose required is administered intravenously as a bolus injection.</s>
<s id="s210.2">Contrast-enhanced MRI can commence immediately afterwards (shortly after the injection depending on the pulse sequences used and the protocol for the examination).</s>
<s id="s210.3">Optimal opacification is observed during arterial first pass for CE-MRA and within a period of about 15 minutes after injection of Gadograf for CNS indications (time depending on type of lesion/ tissue).</s>
<s id="s210.4">Tissue enhancement generally lasts up to 45 minutes after injection of Gadograf.</s>
<s id="s211.1">T1 -weighted scanning sequences are particularly suitable for contrast-enhanced examinations.</s>
<s id="s212.1">Intravascular administration of contrast media should, if possible, be done with the patient lying down.</s>
<s id="s212.2">After the administration, the patient should be kept under observation for at least half an hour, since experience shows that the majority of undesirable effects occur within this time.</s>
<s id="s213.1">15 • Dosage • Adults CNS indications:</s>
<s id="s213.2">The recommended dose for adults is 0.1 mmol per kilogram body weight (mmol/ kg BW).</s>
<s id="s213.3">This is equivalent to 0.1 ml/ kg BW of the 1.0 M solution.</s>
<s id="s213.4">If a strong clinical suspicion of a lesion persists despite an unremarkable MRI or when more accurate information might influence therapy of the patient, a further injection of up to 0.2 mmol/ kg BW within 30 minutes of the first injection may be performed.</s>
<s id="s214.1">CE-MRI of liver and kidneys:</s>
<s id="s214.2">The recommended dose for adults is 0.1 mmol per kilogram body weight (mmol/ kg BW).</s>
<s id="s214.3">This is equivalent to 0.1 ml/ kg BW of the 1.0 M solution.</s>
<s id="s215.1">CE-MRA:</s>
<s id="s215.2">Imaging of 1 field of view (FOV):</s>
<s id="s215.3">7.5 ml for body weight below 75 kg; 10 ml for body weight of 75 kg and higher (corresponding to 0.1-0.15 mmol/ kg BW).</s>
<s id="s215.4">Imaging of &gt; 1 field of view (FOV):</s>
<s id="s215.5">15 ml for body weight below 75 kg; 20 ml for body weight of 75 kg and higher (corresponding to 0.2-0.3 mmol/ kg BW).</s>
<s id="s216.1">• Paediatric patients Gadograf is not recommended for use in population below age 18 due to a lack of data on efficacy and safety.</s>
<s id="s217.1">4.3 Contraindications</s>
<s id="s218.1">Hypersensitivity to the active substance or to any of the excipients.</s>
<s id="s219.1">4.4 Special warnings and precautions for use</s>
<s id="s220.1">Gadograf should not be used in patients with uncorrected hypokalemia.</s>
<s id="s220.2">In patients with severe cardiovascular disease Gadograf should only be administered after careful risk benefit assessment because only limited data are available so far.</s>
<s id="s221.1">Gadograf should be used with special care in patients</s>
<s id="s222.1">- with known congenital long QT syndrome or a family history of congenital long QT syndrome</s>
<s id="s223.1">- with known previous arrhythmias after taking medicinal products that prolong cardiac repolarisation</s>
<s id="s224.1">- who are currently taking a medicinal product that is known to prolong cardiac repolarisation e. g. a</s>
<s id="s225.1">Class III antiarrhythmic (e. g. amiodarone, sotalol).</s>
<s id="s226.1">The possibility that Gadograf may cause torsade de pointes arrhythmias in an individual patient cannot be excluded (see section 5.3 Preclinical safety data).</s>
<s id="s227.1">Since contrast medium elimination is delayed in patients with severely impaired renal function, the benefits must be weighed very carefully against the risks in such cases.</s>
<s id="s227.2">In particularly severe cases, it is advisable to remove Gadograf from the body by extracorporeal haemodialysis:</s>
<s id="s227.3">For removal of the agent from the body, at least 3 dialysis sessions within 5 days of the injection should be performed.</s>
<s id="s228.1">No impairment of renal functions has been observed during clinical trials performed on a limited number of patients.</s>
<s id="s228.2">Data are too limited to exclude the possibility of renal toxicity or aggravation of renal impairment.</s>
<s id="s229.1">The usual safety requirements for magnetic resonance imaging, especially the exclusion of ferromagnetic materials, also apply when using Gadograf.</s>
<s id="s230.1">16 Hypersensitivity reactions, as have been reported for other contrast media containing gadolinium, have also been observed after administration of Gadograf.</s>
<s id="s230.2">To be able to react immediately to an emergency, medicinal products and equipment (e. g. endotracheal tube and respirator) should be within hand reach.</s>
<s id="s231.1">In patients with an allergic disposition the decision to use Gadograf must be made after particularly careful evaluation of the risk-benefit ratio.</s>
<s id="s231.2">In rare cases delayed anaphylactoid reactions (after hours to days) have been observed.</s>
<s id="s232.1">Like with other gadolinium containing contrast agents special precaution is necessary in patients with a low threshold for seizures.</s>
<s id="s233.1">While injecting Gadograf into veins with a small lumen there is the possibility of adverse effects such as reddening and swelling.</s>
<s id="s234.1">4.5 Interaction with other medicinal products and other forms of interaction</s>
<s id="s235.1">No interaction studies have been performed.</s>
<s id="s236.1">4.6 Pregnancy and lactation</s>
<s id="s237.1">There are no adequate data from the use of gadobutrol in pregnant women.</s>
<s id="s237.2">In animal studies repeated dosing of gadobutrol only at maternally toxic dose levels (8 to 17 times the diagnostic dose) caused retardation of the embryonal development and embryolethality but no teratogenicity.</s>
<s id="s237.3">The potential risk of single administration for humans is unknown.</s>
<s id="s238.1">Gadograf should not be used during pregnancy unless clearly necessary.</s>
<s id="s239.1">The passage of Gadograf into breast milk has not been investigated in humans so far.</s>
<s id="s239.2">Small amounts of gadobutrol enter milk in animals (less than 0.01% of the dose administered).</s>
<s id="s239.3">Breast feeding should be discontinued for at least 24 hours after the administration of gadobutrol.</s>
<s id="s240.1">4.7 Effects on ability to drive and use machines</s>
<s id="s241.1">Not relevant.</s>
<s id="s242.1">4.8 Undesirable effects</s>
<s id="s243.1">Adverse reactions are “ rare (≥ 1/ 10,000 to &lt; 1/ 1,000 )” to “ uncommon (≥ 1/ 1,000 to &lt; 1/ 100 )”.</s>
<s id="s244.1">Within each frequency grouping, undesirable effects are presented in order of decreasing seriousness.</s>
<s id="s245.1">Adverse reactions from clinical trial data (experience in more than 2900 patients)</s>
<s id="s246.1">Additional adverse reactions from postmarketing spontaneous reporting</s>
<s id="s247.1">System Organ Class</s>
<s id="s248.1">Uncommon Rare (≥ 1/ 1,000 to (≥ 1/ 10,000 to &lt; 1/ 100) &lt; 1/ 1,000)</s>
<s id="s249.1">Rare (≥ 1/ 10,000 to &lt; 1/ 1,000)</s>
<s id="s250.1">Cardiac disorders</s>
<s id="s251.1">Cardiac arrest, Tachycardia</s>
<s id="s252.1">Nervous system disorders</s>
<s id="s253.1">Headache, Parosmia Dizziness, Paresthesia, Dysgeusia</s>
<s id="s254.1">Loss of consciousness, Convulsion</s>
<s id="s255.1">Eye disorders</s>
<s id="s256.1">Conjunctivitis, Eyelid oedema</s>
<s id="s257.1">17</s>
<s id="s258.1">Adverse reactions from clinical trial data (experience in more than 2900 patients)</s>
<s id="s259.1">Additional adverse reactions from postmarketing spontaneous reporting</s>
<s id="s260.1">System Organ Class</s>
<s id="s261.1">Uncommon Rare (≥ 1/ 1,000 to (≥ 1/ 10,000 to &lt; 1/ 100) &lt; 1/ 1,000)</s>
<s id="s262.1">Rare (≥ 1/ 10,000 to &lt; 1/ 1,000)</s>
<s id="s263.1">Respiratory, thoracic and mediastinal disorders</s>
<s id="s264.1">Dyspnoea</s>
<s id="s265.1">Respiratory arrest, Bronchospasm, Cyanosis, Oropharyngeal swelling, Cough, Sneezing</s>
<s id="s266.1">Gastrointestinal disorders</s>
<s id="s267.1">Nausea Vomiting</s>
<s id="s268.1">Skin and subcutaneous tissue disorders</s>
<s id="s269.1">Urticaria, Rash</s>
<s id="s270.1">Face edema, Hyperhidrosis, Pruritus, Erythema</s>
<s id="s271.1">Vascular disorders</s>
<s id="s272.1">Vasodilatation Hypotension</s>
<s id="s273.1">Circulatory collapse, Flushing</s>
<s id="s274.1">General disorders and administration site conditions</s>
<s id="s275.1">Injection site pain, Injection site reaction</s>
<s id="s276.1">Feeling hot, Malaise</s>
<s id="s277.1">Immune system disorders</s>
<s id="s278.1">Anaphylactoid reaction</s>
<s id="s279.1">Anaphylactoid shock</s>
<s id="s280.1">Additional safety information:</s>
<s id="s280.2">Short-lasting mild to moderate feelings of coldness, warmth or pain at the injection site have been uncommonly observed in association with the venous puncture or contrast medium injection.</s>
<s id="s281.1">On paravascular injection Gadograf may cause tissue pain lasting up to several minutes.</s>
<s id="s282.1">Hypersensitivity reactions (e. g. urticaria, rash, vasodilitation) have been uncommonly reported and were mostly of mild to moderate intensity.</s>
<s id="s282.2">In rare cases anaphylactoid reactions ranging to shock may occur.</s>
<s id="s282.3">Delayed anaphylactoid reactions (after hours to days) have been observed rarely (see section 4.4).</s>
<s id="s282.4">Patients with an allergic disposition suffer more frequently than others from hypersensitivity reactions.</s>
<s id="s283.1">4.9 Overdose</s>
<s id="s284.1">The maximum daily single dose tested in humans is 1.5 mmol gadobutrol/ kg body weight.</s>
<s id="s284.2">No signs of intoxication from an overdose have so far been observed during clinical use.</s>
<s id="s285.1">Due to potential effects of Gadograf on cardiac repolarization in cases of overdose, disturbances of cardiac rhythm may be possible.</s>
<s id="s285.2">Cardiovascular monitoring (including ECG) and control of renal function is recommended as a measure of precaution.</s>
<s id="s286.1">In case of an overdose, Gadograf can be removed from the body by extracorporeal dialysis.</s>
<s id="s287.1">18 5.</s>
<s id="s287.2">PHARMACOLOGICAL PROPERTIES</s>
<s id="s288.1">5.1 Pharmacodynamic properties</s>
<s id="s289.1">ATC – Code:</s>
<s id="s289.2">V08C A09 Paramagnetic contrast media The contrast-enhancing effect is mediated by gadobutrol, the nonionic complex consisting of gadolinium(III) and the macrocyclic ligand dihydroxy-hydroxymethylpropyl-tetraazacyclododecane-triacetic acid (butrol).</s>
<s id="s290.1">In clinical doses, gadobutrol leads to shortening of the relaxation times of protons in tissue water.</s>
<s id="s290.2">At 0.47 T (20 MHz), pH 7 and 40°C the paramagnetic effect (relaxivity), as determined from the effect on spin-lattice relaxation time (T1) - is about 3.6 l mmol-1 sec-1 and the spin-spin relaxation time (T2) is about 4 l mmol-1 sec-1.</s>
<s id="s290.3">Within the range 0.47 to 2.0 Tesla, the relaxivity displays only slight dependency on the strength of the magnetic field.</s>
<s id="s291.1">Gadobutrol does not cross an intact blood-brain barrier and therefore does not accumulate in healthy brain tissue or in lesions featuring an intact blood-brain barrier.</s>
<s id="s291.2">With high local tissue concentrations of gadobutrol the T2 effect results in a lessening of signal intensity.</s>
<s id="s292.1">In a pivotal phase III liver study average sensitivity in combined pre and postcontrast MRI for Gadograf- treated patients was 79% and specificity was 81% for lesion detection and classification of suspected malignant liver lesions (patientbased analysis).</s>
<s id="s293.1">In a pivotal phase III kidney study average sensitivity was 91% (patient-based analysis) and 85% (lesion- based analysis) for classification of malignant and benign renal lesions.</s>
<s id="s293.2">Average specificity in a patient- based analysis was 52% and in a lesion-based analysis 82%.</s>
<s id="s294.1">The increase of sensitivity from precontrast to combined pre and postcontrast MRI for Gadograf-treated patients was 33% in the liver study (patient-based analysis) and 18% in the kidney study (patient-based analysis as well as lesion-based analysis).</s>
<s id="s294.2">The increase in specificity from precontrast to combined pre and postcontrast MRI was 9% in the liver study (patient based analysis) while there was no increase in specificity in the kidney study (patient-based analysis as well as lesion-based analysis).</s>
<s id="s294.3">All results are average results obtained in blinded reader studies.</s>
<s id="s295.1">5.2 Pharmacokinetic properties</s>
<s id="s296.1">After intravenous administration, gadobutrol is rapidly distributed in the extra cellular space.</s>
<s id="s296.2">Plasma protein binding is negligible.</s>
<s id="s296.3">The pharmacokinetics of gadobutrol in humans are dose proportional.</s>
<s id="s296.4">Up to 0.4 mmol gadobutrol/ kg body weight, the plasma level declines after an early distribution phase with a mean terminal half-life of 1.8 hours (1.3 – 2.1 hours), identical to the renal elimination rate.</s>
<s id="s296.5">At a dose of 0.1 mmol gadobutrol/ kg BW, an average of 0.59 mmol gadobutrol/ l plasma was measured 2 minutes after the injection and 0.3 mmol gadobutrol/ l plasma 60 minutes post injection.</s>
<s id="s296.6">Within two hours more than 50% and within 12 hours more than 90% (or 92%) of the given dose is eliminated via the urine.</s>
<s id="s296.7">At a dose of 0.1 mmol gadobutrol/ kg BW, an average of 100.3 ± 2.6% of the dose was excreted within 72 h after administration.</s>
<s id="s296.8">In healthy persons renal clearance of gadobutrol is 1.1 to 1.7 ml min-1 kg-1 and thus comparable to the renal clearance of inulin, pointing to the fact that gadobutrol is eliminated primarily by glomerular filtration.</s>
<s id="s296.9">Less than 0.1% of the dose is eliminated via the faeces.</s>
<s id="s296.10">No metabolites are detected in plasma or urine.</s>
<s id="s297.1">5.3 Preclinical safety data</s>
<s id="s298.1">Preclinical data reveal no special hazard for humans based on conventional studies of safety pharmacology, repeated dose toxicity and genotoxicity.</s>
<s id="s298.2">Repeated dosing in reproduction toxicological studies caused a retardation of embryonal development in rats and an increase in embryolethality in monkeys and in rabbits at maternally toxic dose levels (8 to 17 times</s>
<s id="s299.1">19 the diagnostic dose) only.</s>
<s id="s299.2">It is not known whether these effects can also be induced by a single administration.</s>
<s id="s300.1">Cardiovascular effects seen in animals (dogs) at exposure levels similar (0.25 mmol/ kg) and higher (1.25 mmol/ kg), respectively, to maximum clinical exposure levels were a dose dependent transient increase in blood pressure (5% and 10%, above saline control) and myocardial contractility (5% and 16%, above saline control).</s>
<s id="s300.2">Cardiovascular safety pharmacology studies as well as clinical phase I studies gave indication for a potential of Gadograf to block cardiac potassium channels and an effect on cardiac repolarization when administered in doses 3 to 8fold higher than normally administered to patients.</s>
<s id="s300.3">Therefore, the possibility that Gadograf may cause torsade de pointes arrhythmias in an individual patient can not be excluded.</s>
<s id="s301.1">6.</s>
<s id="s301.2">PHARMACEUTICAL PARTICULARS</s>
<s id="s302.1">6.1 List of excipients</s>
<s id="s303.1">Calcobutrol sodium Trometamol Hydrochloric acid Water for injections</s>
<s id="s304.1">6.2 Incompatibilities</s>
<s id="s305.1">In the absence of compatibility studies, this medicinal product must not be mixed with other medicinal products.</s>
<s id="s306.1">6.3 Shelf life</s>
<s id="s307.1">Shelf life of the medicinal product as packaged for sale:</s>
<s id="s307.2">3 years</s>
<s id="s308.1">6.4 Special precautions for storage</s>
<s id="s309.1">No special precautions for storage.</s>
<s id="s310.1">6.5 Nature and contents of container</s>
<s id="s311.1">One 10-ml prefilled syringe (type I glass) with a plunger stopper (chlorobutyl elastomer) and a tip cap (chlorobutyl elastomer) contains 5 ml, 7.5 ml, 10 ml solution for injection.</s>
<s id="s312.1">One 17-ml prefilled syringe (type I glass) with a plunger stopper (chlorobutyl elastomer) and a tip cap (chlorobutyl elastomer) contains 15 ml solution for injection.</s>
<s id="s313.1">One 20-ml prefilled syringe (type I glass) with a plunger stopper (chlorobutyl elastomer) and a tip cap (chlorobutyl elastomer) contains 20 ml solution for injection.</s>
<s id="s314.1">Pack sizes of:</s>
<s id="s314.2">1 and 5 prefilled syringes</s>
<s id="s315.1">Not all pack sizes may be marketed.</s>
<s id="s316.1">6.6 Special precautions for disposal and other handling</s>
<s id="s317.1">This medicinal product should be visually inspected before use.</s>
<s id="s318.1">20 Gadograf should not be used in case of severe discoloration, the occurrence of particulate matter or a defective container.</s>
<s id="s318.2">Gadograf should not be prepared until immediately before use.</s>
<s id="s318.3">Gadograf not used in one examination must be discarded.</s>
<s id="s319.1">7.</s>
<s id="s319.2">MARKETING AUTHORISATION HOLDER</s>
<s id="s320.1">[To be completed nationally]</s>
<s id="s321.1">8.</s>
<s id="s321.2">MARKETING AUTHORISATION NUMBER(S)</s>
<s id="s322.1">[To be completed nationally]</s>
<s id="s323.1">9.</s>
<s id="s323.2">DATE OF FIRST AUTHORISATION/ RENEWAL OF THE AUTHORISATION</s>
<s id="s324.1">Date of first authorisation:</s>
<s id="s324.2">[To be completed nationally] Date of last renewal:</s>
<s id="s324.3">24.01.2005</s>
<s id="s325.1">10.</s>
<s id="s325.2">DATE OF REVISION OF THE TEXT</s>
<s id="s326.1">{MM/ YYYY} [To be completed nationally]</s>
<s id="s327.1">21 LABELLING</s>
<s id="s328.1">22 PARTICULARS TO APPEAR ON THE OUTER PACKAGING AND THE IMMEDIATE PACKAGING</s>
<s id="s329.1">Carton / Outer package</s>
<s id="s330.1">1.</s>
<s id="s330.2">NAME OF THE MEDICINAL PRODUCT</s>
<s id="s331.1">Gadograf 1.0 mmol/ ml solution for injection Gadobutrol</s>
<s id="s332.1">2.</s>
<s id="s332.2">STATEMENT OF ACTIVE SUBSTANCE(S)</s>
<s id="s333.1">1 ml contains 604.72 mg gadobutrol (equivalent to 1.0 mmol gadobutrol containing 157.25 mg gadolinium).</s>
<s id="s334.1">3.</s>
<s id="s334.2">LIST OF EXCIPIENTS</s>
<s id="s335.1">Excipients:</s>
<s id="s335.2">Calcobutrol sodium, Trometamol, Hydrochloric acid, Water for injections</s>
<s id="s336.1">4.</s>
<s id="s336.2">PHARMACEUTICAL FORM AND CONTENTS</s>
<s id="s337.1">Solution for injection</s>
<s id="s338.1">1 x 7.5 ml 1 x 15 ml 1 x 30 ml 1 x 65 ml 10 x 7.5 ml 10 x 15 ml 10 x 30 ml 10 x 65 ml</s>
<s id="s339.1">5.</s>
<s id="s339.2">METHOD AND ROUTE OF ADMINISTRATION</s>
<s id="s340.1">Intravenous use Read the package leaflet before use.</s>
<s id="s341.1">6.</s>
<s id="s341.2">SPECIAL WARNING THAT THE MEDICINAL PRODUCT MUST BE STORED OUT OF THE REACH AND SIGHT OF CHILDREN</s>
<s id="s342.1">Keep out of the reach and sight of children.</s>
<s id="s343.1">7.</s>
<s id="s343.2">OTHER SPECIAL WARNING(S), IF NECESSARY</s>
<s id="s344.1">23 8.</s>
<s id="s344.2">EXPIRY DATE</s>
<s id="s345.1">EXP {MM/ YYYY}</s>
<s id="s346.1">[7.5 ml / 15 ml / 30 ml:] After first opening use immediately within 24 h (stored 2 – 8 °C).</s>
<s id="s346.2">[65 ml:] After first opening use immediately within 24 h (stored 2 – 8 °C) or within 8 h (stored at r. t.)</s>
<s id="s347.1">9.</s>
<s id="s347.2">SPECIAL STORAGE CONDITIONS</s>
<s id="s348.1">10.</s>
<s id="s348.2">SPECIAL PRECAUTIONS FOR DISPOSAL OF UNUSED MEDICINAL PRODUCTS OR WASTE MATERIALS DERIVED FROM SUCH MEDICINAL PRODUCTS, IF APPROPRIATE</s>
<s id="s349.1">11.</s>
<s id="s349.2">NAME AND ADDRESS OF THE MARKETING AUTHORISATION HOLDER</s>
<s id="s350.1">[To be completed nationally]</s>
<s id="s351.1">12.</s>
<s id="s351.2">MARKETING AUTHORISATION NUMBER(S)</s>
<s id="s352.1">[To be completed nationally]</s>
<s id="s353.1">13.</s>
<s id="s353.2">BATCH NUMBER</s>
<s id="s354.1">Lot {number}</s>
<s id="s355.1">14.</s>
<s id="s355.2">GENERAL CLASSIFICATION FOR SUPPLY</s>
<s id="s356.1">[To be completed nationally]</s>
<s id="s357.1">15.</s>
<s id="s357.2">INSTRUCTIONS ON USE</s>
<s id="s358.1">16.</s>
<s id="s358.2">INFORMATION IN BRAILLE</s>
<s id="s359.1">[To be completed nationally]</s>
<s id="s360.1">24 PARTICULARS TO APPEAR ON THE OUTER PACKAGING AND THE IMMEDIATE PACKAGING</s>
<s id="s361.1">Carton / Outer Package</s>
<s id="s362.1">1.</s>
<s id="s362.2">NAME OF THE MEDICINAL PRODUCT</s>
<s id="s363.1">Gadograf 1.0 mmol/ ml solution for injection in prefilled syringes Gadobutrol</s>
<s id="s364.1">2.</s>
<s id="s364.2">STATEMENT OF ACTIVE SUBSTANCE(S)</s>
<s id="s365.1">1 ml contains 604.72 mg gadobutrol (equivalent to 1.0 mmol gadobutrol containing 157.25 mg gadolinium).</s>
<s id="s366.1">3.</s>
<s id="s366.2">LIST OF EXCIPIENTS</s>
<s id="s367.1">Excipients:</s>
<s id="s367.2">Calcobutrol sodium, Trometamol, Hydrochloric acid, Water for injections</s>
<s id="s368.1">4.</s>
<s id="s368.2">PHARMACEUTICAL FORM AND CONTENTS</s>
<s id="s369.1">Solution for injection in prefilled syringe</s>
<s id="s370.1">1 x 5 ml 1 x 7.5 ml 1 x 10 ml 1 x 15 ml 1 x 20 ml 5 x 5 ml 5 x 7.5 ml 5 x 10 ml 5 x 15 ml 5 x 20 ml</s>
<s id="s371.1">5.</s>
<s id="s371.2">METHOD AND ROUTE OF ADMINISTRATION</s>
<s id="s372.1">Intravenous use Read the package leaflet before use.</s>
<s id="s373.1">6.</s>
<s id="s373.2">SPECIAL WARNING THAT THE MEDICINAL PRODUCT MUST BE STORED OUT OF THE REACH AND SIGHT OF CHILDREN</s>
<s id="s374.1">Keep out of the reach and sight of children.</s>
<s id="s375.1">7.</s>
<s id="s375.2">OTHER SPECIAL WARNING(S), IF NECESSARY</s>
<s id="s376.1">25 8.</s>
<s id="s376.2">EXPIRY DATE</s>
<s id="s377.1">EXP {MM/ YYYY}</s>
<s id="s378.1">9.</s>
<s id="s378.2">SPECIAL STORAGE CONDITIONS</s>
<s id="s379.1">10.</s>
<s id="s379.2">SPECIAL PRECAUTIONS FOR DISPOSAL OF UNUSED MEDICINAL PRODUCTS OR WASTE MATERIALS DERIVED FROM SUCH MEDICINAL PRODUCTS, IF APPROPRIATE</s>
<s id="s380.1">11.</s>
<s id="s380.2">NAME AND ADDRESS OF THE MARKETING AUTHORISATION HOLDER</s>
<s id="s381.1">[To be completed nationally]</s>
<s id="s382.1">12.</s>
<s id="s382.2">MARKETING AUTHORISATION NUMBER(S)</s>
<s id="s383.1">[To be completed nationally]</s>
<s id="s384.1">13.</s>
<s id="s384.2">BATCH NUMBER</s>
<s id="s385.1">Lot {number}</s>
<s id="s386.1">14.</s>
<s id="s386.2">GENERAL CLASSIFICATION FOR SUPPLY</s>
<s id="s387.1">[To be completed nationally]</s>
<s id="s388.1">15.</s>
<s id="s388.2">INSTRUCTIONS ON USE</s>
<s id="s389.1">16.</s>
<s id="s389.2">INFORMATION IN BRAILLE</s>
<s id="s390.1">[To be completed nationally]</s>
<s id="s391.1">26 MINIMUM PARTICULARS TO APPEAR ON SMALL IMMEDIATE PACKAGING UNITS</s>
<s id="s392.1">7.5 ml Vial</s>
<s id="s393.1">1.</s>
<s id="s393.2">NAME OF THE MEDICINAL PRODUCT AND ROUTE(S) OF ADMINISTRATION</s>
<s id="s394.1">Gadograf 1.0 mmol/ ml solution for injection Gadobutrol Intravenous use</s>
<s id="s395.1">2.</s>
<s id="s395.2">METHOD OF ADMINISTRATION</s>
<s id="s396.1">Read the package leaflet before use.</s>
<s id="s397.1">3.</s>
<s id="s397.2">EXPIRY DATE</s>
<s id="s398.1">EXP {MM/ YYYY} After first opening use immediately within 24 h (stored 2 – 8 °C).</s>
<s id="s399.1">4.</s>
<s id="s399.2">BATCH NUMBER</s>
<s id="s400.1">Lot {number}</s>
<s id="s401.1">5.</s>
<s id="s401.2">CONTENTS BY WEIGHT, BY VOLUME OR BY UNIT</s>
<s id="s402.1">7.5 ml</s>
<s id="s403.1">6.</s>
<s id="s403.2">OTHER</s>
<s id="s404.1">27 MINIMUM PARTICULARS TO APPEAR ON SMALL IMMEDIATE PACKAGING UNITS</s>
<s id="s405.1">Prefilled syringes (5 ml, 7.5 ml, 10 ml)</s>
<s id="s406.1">1.</s>
<s id="s406.2">NAME OF THE MEDICINAL PRODUCT AND ROUTE OF ADMINISTRATION</s>
<s id="s407.1">Gadograf 1.0 mmol/ ml solution for injection in prefilled syringes Gadobutrol Intravenous use</s>
<s id="s408.1">2.</s>
<s id="s408.2">METHOD OF ADMINISTRATION</s>
<s id="s409.1">Read the package leaflet before use.</s>
<s id="s410.1">3.</s>
<s id="s410.2">EXPIRY DATE</s>
<s id="s411.1">EXP {MM/ YYYY}</s>
<s id="s412.1">4.</s>
<s id="s412.2">BATCH NUMBER</s>
<s id="s413.1">Lot {number}</s>
<s id="s414.1">5.</s>
<s id="s414.2">CONTENTS BY WEIGHT, BY VOLUME OR BY UNIT</s>
<s id="s415.1">5 ml 7.5 ml 10 ml</s>
<s id="s416.1">6.</s>
<s id="s416.2">OTHER</s>
<s id="s417.1">28 PACKAGE LEAFLET</s>
<s id="s418.1">29 PACKAGE LEAFLET:</s>
<s id="s418.2">INFORMATION FOR THE USER</s>
<s id="s419.1">Gadograf 1.0 mmol/ ml, solution for injection</s>
<s id="s420.1">Gadobutrol</s>
<s id="s421.1">Read all of this leaflet carefully before you are given this medicine.</s>
<s id="s422.1">- Keep this leaflet.</s>
<s id="s422.2">You may need to read it again.</s>
<s id="s423.1">- If you have any further questions, please ask your doctor or the person giving you Gadograf (the</s>
<s id="s424.1">radiologist) or the hospital/ MRI-centre personnel.</s>
<s id="s425.1">- If any of the side effects gets serious, or if you notice any side effects not listed in this leaflet, please</s>
<s id="s426.1">tell your doctor or radiologist.</s>
<s id="s427.1">In this leaflet:</s>
<s id="s427.2">1.</s>
<s id="s427.3">What GADOGRAF is and what it is used for 2.</s>
<s id="s427.4">Before you are given GADOGRAF 3.</s>
<s id="s427.5">How to use GADOGRAF 4.</s>
<s id="s427.6">Possible side effects 5.</s>
<s id="s427.7">How to store GADOGRAF 6.</s>
<s id="s427.8">Further information</s>
<s id="s428.1">1.</s>
<s id="s428.2">WHAT GADOGRAF IS AND WHAT IT IS USED FOR</s>
<s id="s429.1">Gadograf is a contrast medium for magnetic resonance imaging (MRI) of the brain, spine, vessels, liver and kidneys.</s>
<s id="s429.2">MRI is a form of medical diagnostic imaging that uses the behaviour of water molecules in normal and abnormal tissues.</s>
<s id="s429.3">This is done by a complex system of magnets and radiowaves.</s>
<s id="s429.4">Computers record the activity and translate that into images.</s>
<s id="s430.1">It is provided as a solution for intravenous injection.</s>
<s id="s430.2">This medicine is for diagnostic use only.</s>
<s id="s431.1">2.</s>
<s id="s431.2">BEFORE YOU ARE GIVEN GADOGRAF</s>
<s id="s432.1">Do not use GADOGRAF</s>
<s id="s433.1">- if you are allergic (hypersensitive) to gadobutrol or any of the other ingredients of</s>
<s id="s434.1">Gadograf (see “ What Gadograf contains”)</s>
<s id="s435.1">Take special care with GADOGRAF</s>
<s id="s436.1">- if you suffer or have suffered from allergy (e. g. hay fever, hives) or asthma</s>
<s id="s437.1">- if you had a previous reaction to contrast media</s>
<s id="s438.1">- if you have a very poor kidney function</s>
<s id="s439.1">- if you have a serious disease of the heart and blood vessels</s>
<s id="s440.1">- if you suffer from low potassium levels</s>
<s id="s441.1">- if you, or someone in your family, has ever had problems with the electrical rhythm of the heart (long</s>
<s id="s442.1">QT syndrome)</s>
<s id="s443.1">- if you have had changes to the rhythm or rate of your heartbeat after taking medicines</s>
<s id="s444.1">- you suffer from brain conditions with seizures or from other diseases of the nervous system</s>
<s id="s445.1">Before you receive Gadograf, tell your doctor if any of these applies to you.</s>
<s id="s445.2">Your doctor will decide whether the intended examination is possible or not.</s>
<s id="s446.1">- Allergy-like reactions may occur after use of Gadograf.</s>
<s id="s446.2">Severe reactions are possible.</s>
<s id="s446.3">Delayed reactions</s>
<s id="s447.1">have been observed (after hours or days) (see section 4 “ Possible Side Effects”).</s>
<s id="s448.1">- Tell your doctor if you have a heart pacemaker or if there are any implants or clips containing iron in</s>
<s id="s449.1">your body.</s>
<s id="s449.2">30</s>
<s id="s450.1">- If you are younger than 18, use of Gadograf is not recommended.</s>
<s id="s451.1">Using other medicines Please tell your doctor if you are taking or have recently taken any other medicines, including medicines obtained without a prescription.</s>
<s id="s451.2">These include especially medicines that change the rhythm or rate of your heartbeat.</s>
<s id="s452.1">Pregnancy and breast-feeding Tell your doctor if you are pregnant or could be pregnant, since Gadograf should not be used during pregnancy unless it is considered absolutely necessary.</s>
<s id="s452.2">Tell your doctor if you are breast-feeding or intending to breast-feed.</s>
<s id="s452.3">Breast-feeding should be stopped for at least 24 hours following Gadograf administration.</s>
<s id="s453.1">Important information about some of the ingredients of GADOGRAF This medicinal product contains less than 1 mmol sodium (23 mg) per dose (based on the average amount given to a 70 kg person), i. e. essentially ‘ sodium-free’.</s>
<s id="s454.1">3.</s>
<s id="s454.2">HOW TO USE GADOGRAF</s>
<s id="s455.1">Gadograf is injected by a doctor via a small needle into a vein.</s>
<s id="s455.2">Gadograf will be administered immediately before your MRI examination.</s>
<s id="s455.3">After the injection you will be observed for at least 30 minutes.</s>
<s id="s455.4">The actual dosage of Gadograf that is right for you will depend on your body weight and on the region of examination:</s>
<s id="s455.5">A single injection of 0.1 millilitre Gadograf per kg body weight is generally sufficient (this means for a person weighing 70 kg the dose would be 7 millilitres).</s>
<s id="s455.6">A total amount of 0.3 millilitre Gadograf per kg body weight may be administered at maximum.</s>
<s id="s455.7">Further information regarding the administration and handling of Gadograf is given at the end of the leaflet.</s>
<s id="s456.1">If you receive more GADOGRAF than you should have received:</s>
<s id="s456.2">Overdosing is unlikely.</s>
<s id="s456.3">If it does happen, the doctor will treat any symptoms that follow.</s>
<s id="s456.4">In some cases he will check whether your heart and kidneys work properly.</s>
<s id="s457.1">4.</s>
<s id="s457.2">POSSIBLE SIDE EFFECTS</s>
<s id="s458.1">Like all medicines, Gadograf can cause side effects, although not everybody gets them.</s>
<s id="s459.1">Below we list possible side effects by how likely they are, using the following categories:</s>
<s id="s460.1">Uncommon: between 1 and 10 in every 1000 patients are likely to get these.</s>
<s id="s460.2">Rare: between 1 and 10 in every 10,000 patients are likely to get these.</s>
<s id="s461.1">31 Side effects which have been observed in clinical trials before the approval of Gadograf:</s>
<s id="s462.1">Uncommon</s>
<s id="s463.1">Rare</s>
<s id="s464.1">Headache</s>
<s id="s465.1">Problems with</s>
<s id="s466.1">sense of smell</s>
<s id="s467.1">Dizziness Numbness and tingling Problems with sense of taste Nausea (feeling sick) Widening of blood vessels Injection site pain Injection site reaction</s>
<s id="s468.1">Breathing difficulties Vomiting Hives (nettle-type rash) Skin rash Low blood pressure Allergy-like reaction</s>
<s id="s469.1">Short-lasting mild to moderate feelings of coldness, warmth or pain at the injection site have been uncommonly observed during or after the injection of Gadograf.</s>
<s id="s469.2">Gadograf may cause local pain lasting up to several minutes if it is injected beside the vein.</s>
<s id="s469.3">Additional side effects which have been reported after the approval of Gadograf:</s>
<s id="s470.1">Rare Cardiac arrest, Fast heart beat Loss of consciousness, Convulsion Conjunctivitis, Swelling (edema) of the eyelid Breathing difficulties (bronchospasm, swelling of the throat), Breathing arrest, Blueness of the lips, Cough, Sneezing Swelling (edema) of the face, Excessive sweating, Itching, Redness of the skin Fainting, Flushing Feeling hot, Generally feeling unwell Severe allergy-like reaction (shock)</s>
<s id="s471.1">As with other gadolinium containing contrast media, in rare cases allergy-like reactions (hypersensitivity and anaphylaxis) may occur, including severe reactions (shock) that may need immediate medical intervention.</s>
<s id="s471.2">Mild swelling of the face, lips, tongue or throat, coughing, itching, runny nose, sneezing and hives (nettle-type rash) may be the first signs that a severe reaction is happening.</s>
<s id="s471.3">Tell the MRI department staff immediately if you experience any of these signs or have difficulty in breathing.</s>
<s id="s471.4">Delayed allergy-like reactions, hours to several days after the administration of Gadograf, have been observed in rare cases.</s>
<s id="s471.5">If this should happen to you, tell your doctor or radiologist.</s>
<s id="s472.1">If any of the side effects gets serious, or if you notice any side effects not listed in this leaflet, please tell your doctor or radiologist.</s>
<s id="s473.1">32 5.</s>
<s id="s473.2">HOW TO STORE GADOGRAF</s>
<s id="s474.1">This medicine does not require any special storage conditions.</s>
<s id="s475.1">Keep out of the reach and sight of children.</s>
<s id="s476.1">Do not use Gadograf after the expiry date which is stated on the label after EXP.</s>
<s id="s476.2">The expiry date refers to the last day of the month.</s>
<s id="s477.1">Medicines should not be disposed of via wastewater or household waste.</s>
<s id="s477.2">Ask your pharmacist how to dispose of medicines no longer required.</s>
<s id="s477.3">These measures will help to protect the environment.</s>
<s id="s478.1">6.</s>
<s id="s478.2">FURTHER INFORMATION</s>
<s id="s479.1">What GADOGRAF contains</s>
<s id="s480.1">- The active substance is gadobutrol 604.72 mg corresponding to 1 mmol/ ml</s>
<s id="s481.1">- The other ingredients are calcobutrol sodium, trometamol, hydrochloric acid and water for injections</s>
<s id="s482.1">1 vial with 7.5 ml of the solution contains 4535 mg gadobutrol.</s>
<s id="s482.2">1 vial with 15 ml of the solution contains 9070 mg gadobutrol.</s>
<s id="s482.3">1 vial with 30 ml of the solution contains 18141 mg gadobutrol.</s>
<s id="s483.1">1 infusion bottle with 65 ml of the solution contains 39307 mg gadobutrol.</s>
<s id="s484.1">What GADOGRAF looks like and contents of the pack</s>
<s id="s485.1">Gadograf is a clear, colourless to pale yellow solution.</s>
<s id="s485.2">The contents of the packs are:</s>
<s id="s486.1">1 or 10 injection vials with 7.5, 15 or 30 ml solution for injection 1 or 10 infusion bottles with 65 ml solution for injection (in 100-ml infusion bottle)</s>
<s id="s487.1">Not all pack sizes may be marketed.</s>
<s id="s488.1">Marketing Authorisation Holder and Manufacturer</s>
<s id="s489.1">Marketing Authorisation Holder:</s>
<s id="s490.1">[To be completed nationally]</s>
<s id="s491.1">Manufacturer:</s>
<s id="s492.1">Schering AG Müllerstrasse 178 D - 133 42 Berlin, Germany Telephone: +49 30 468-1111</s>
<s id="s493.1">This medicinal product is authorised in the Member States of the EEA under the following names:</s>
<s id="s494.1">Germany Spain</s>
<s id="s495.1">Gadograf Gadograf</s>
<s id="s496.1">This leaflet was last approved in {MM/ YYYY}.</s>
<s id="s496.2">[To be completed nationally]</s>
<s id="s497.1">33 ----------------------------------------------------------------------------------------------------------------------------- The following information is intended for medical or healthcare professionals only:</s>
<s id="s498.1">- Before injection</s>
<s id="s499.1">This medicinal product is a clear, colourless to pale yellow solution.</s>
<s id="s499.2">It should be visually inspected before use.</s>
<s id="s499.3">Gadograf should not be used in case of severe discoloration, the occurrence of particulate matter or a defective container.</s>
<s id="s500.1">- Handling</s>
<s id="s501.1">Vials Gadograf should not be drawn up into the syringe from the vial until immediately before use.</s>
<s id="s501.2">Contrast medium not used in one examination must be discarded.</s>
<s id="s502.1">Large volume containers In addition, the following applies to use of the infusion bottle containing 65 ml:</s>
<s id="s502.2">The contrast medium must be administered by means of an automatic injector.</s>
<s id="s502.3">The tube from the injector to the patient (patient's tube) must be changed after every examination.</s>
<s id="s502.4">Any contrast medium solution left over in the bottle, the connecting tubes and all disposable parts of the injector system must be discarded within 8 hours.</s>
<s id="s502.5">Any additional instructions from the respective equipment manufacturer must also be strictly adhered to.</s>
<s id="s503.1">Any solution not used in one examination is to be discarded in accordance with local requirements.</s>
<s id="s504.1">Further information regarding the use of Gadograf is given in section 3 of the leaflet.</s>
<s id="s505.1">34 PACKAGE LEAFLET:</s>
<s id="s505.2">INFORMATION FOR THE USER</s>
<s id="s506.1">Gadograf 1.0 mmol/ ml, solution for injection, prefilled syringe</s>
<s id="s507.1">Gadobutrol</s>
<s id="s508.1">Read all of this leaflet carefully before you are given this medicine.</s>
<s id="s509.1">- Keep this leaflet.</s>
<s id="s509.2">You may need to read it again.</s>
<s id="s510.1">- If you have any further questions, please ask your doctor or the person giving you Gadograf (the</s>
<s id="s511.1">radiologist) or the hospital/ MRI-centre personnel.</s>
<s id="s512.1">- If any of the side effects gets serious, or if you notice any side effects not listed in this leaflet, please</s>
<s id="s513.1">tell your doctor or radiologist.</s>
<s id="s514.1">In this leaflet:</s>
<s id="s514.2">1.</s>
<s id="s514.3">What GADOGRAF is and what it is used for 2.</s>
<s id="s514.4">Before you are given GADOGRAF 3.</s>
<s id="s514.5">How to use GADOGRAF 4.</s>
<s id="s514.6">Possible side effects 6.</s>
<s id="s514.7">How to store GADOGRAF 6.</s>
<s id="s514.8">Further information</s>
<s id="s515.1">1.</s>
<s id="s515.2">WHAT GADOGRAF IS AND WHAT IT IS USED FOR</s>
<s id="s516.1">Gadograf is a contrast medium for magnetic resonance imaging (MRI) of the brain, spine, vessels, liver and kidneys.</s>
<s id="s516.2">MRI is a form of medical diagnostic imaging that uses the behaviour of water molecules in normal and abnormal tissues.</s>
<s id="s516.3">This is done by a complex system of magnets and radiowaves.</s>
<s id="s516.4">Computers record the activity and translate that into images.</s>
<s id="s517.1">It is provided as a solution for intravenous injection.</s>
<s id="s517.2">This medicine is for diagnostic use only.</s>
<s id="s518.1">2.</s>
<s id="s518.2">BEFORE YOU ARE GIVEN GADOGRAF</s>
<s id="s519.1">Do not use GADOGRAF</s>
<s id="s520.1">- if you are allergic (hypersensitive) to gadobutrol or any of the other ingredients of</s>
<s id="s521.1">Gadograf (see “ What Gadograf contains”).</s>
<s id="s522.1">Take special care with GADOGRAF</s>
<s id="s523.1">- if you suffer or have suffered from allergy (e. g. hay fever, hives) or asthma</s>
<s id="s524.1">- if you had a previous reaction to contrast media</s>
<s id="s525.1">- if you have a very poor kidney function</s>
<s id="s526.1">- if you have a serious disease of the heart and blood vessels</s>
<s id="s527.1">- if you suffer from low potassium levels</s>
<s id="s528.1">- if you, or someone in your family, has ever had problems with the electrical rhythm of the heart (long</s>
<s id="s529.1">QT syndrome)</s>
<s id="s530.1">- if you have had changes to the rhythm or rate of your heartbeat after taking medicines</s>
<s id="s531.1">- you suffer from brain conditions with seizures or from other diseases of the nervous system</s>
<s id="s532.1">Before you receive Gadograf, tell your doctor if any of these applies to you.</s>
<s id="s532.2">Your doctor will decide whether the intended examination is possible or not.</s>
<s id="s533.1">- Allergy-like reactions may occur after use of Gadograf.</s>
<s id="s533.2">Severe reactions are possible.</s>
<s id="s533.3">Delayed reactions</s>
<s id="s534.1">have been observed (after hours or days) (see section 4 “ Possible Side Effects”).</s>
<s id="s535.1">35</s>
<s id="s536.1">- Tell your doctor if you have a heart pacemaker or if there are any implants or clips containing iron in</s>
<s id="s537.1">your body.</s>
<s id="s537.2">If you are younger than 18, use of Gadograf is not recommended</s>
<s id="s538.1">Using other medicines Please tell your doctor if you are taking or have recently taken any other medicines, including medicines obtained without a prescription.</s>
<s id="s538.2">These include especially medicines that change the rhythm or rate of your heartbeat.</s>
<s id="s539.1">Pregnancy and breast-feeding Tell your doctor if you are pregnant or could be pregnant, since Gadograf should not be used during pregnancy unless it is considered absolutely necessary.</s>
<s id="s539.2">Tell your doctor if you are breast-feeding or intending to breast-feed.</s>
<s id="s539.3">Breast-feeding should be stopped for at least 24 hours following Gadograf administration.</s>
<s id="s540.1">Important information about some of the ingredients of GADOGRAF This medicinal product contains less than 1 mmol sodium (23 mg) per dose (based on the average amount given to a 70 kg person), i. e. essentially ‘ sodium-free’.</s>
<s id="s541.1">3.</s>
<s id="s541.2">HOW TO USE GADOGRAF</s>
<s id="s542.1">Gadograf is injected by a doctor via a small needle into a vein.</s>
<s id="s542.2">Gadograf will be administered immediately before your MRI examination.</s>
<s id="s542.3">After the injection you will be observed for at least 30 minutes.</s>
<s id="s542.4">The actual dosage of Gadograf that is right for you will depend on your body weight and on the region of examination:</s>
<s id="s542.5">A single injection of 0.1 millilitre Gadograf per kg body weight is generally sufficient (this means for a person weighing 70 kg the dose would be 7 millilitres).</s>
<s id="s542.6">A total amount of 0.3 millilitres Gadograf per kg body weight may be administered at maximum.</s>
<s id="s542.7">Further information regarding the administration and handling of Gadograf is given at the end of the leaflet.</s>
<s id="s543.1">If you receive more GADOGRAF than you should have received:</s>
<s id="s543.2">Overdosing is unlikely.</s>
<s id="s543.3">If it does happen, the doctor will treat any symptoms that follow.</s>
<s id="s543.4">In some cases he will check whether your heart and kidneys work properly.</s>
<s id="s544.1">4.</s>
<s id="s544.2">POSSIBLE SIDE EFFECTS</s>
<s id="s545.1">Like all medicines, Gadograf can cause side effects, although not everybody gets them.</s>
<s id="s546.1">Below we list possible side effects by how likely they are, using the following categories:</s>
<s id="s547.1">Uncommon: between 1 and 10 in every 1000 patients are likely to get these.</s>
<s id="s547.2">Rare: between 1 and 10 in every 10,000 patients are likely to get these.</s>
<s id="s548.1">36 Side effects which have been observed in clinical trials before the approval of Gadograf:</s>
<s id="s549.1">Uncommon</s>
<s id="s550.1">Rare</s>
<s id="s551.1">Headache</s>
<s id="s552.1">Problems with</s>
<s id="s553.1">sense of smell</s>
<s id="s554.1">Dizziness Numbness and tingling Problems with sense of taste Nausea (feeling sick) Widening of blood vessels Injection site pain Injection site reaction</s>
<s id="s555.1">Breathing difficulties Vomiting Hives (nettle-type rash) Skin rash Low blood pressure Allergy-like reaction</s>
<s id="s556.1">Short-lasting mild to moderate feelings of coldness, warmth or pain at the injection site have been uncommonly observed during or after the injection of Gadograf.</s>
<s id="s557.1">Gadograf may cause local pain lasting up to several minutes if it is injected beside the vein.</s>
<s id="s558.1">Additional side effects which have been reported after the approval of Gadograf:</s>
<s id="s559.1">Rare Cardiac arrest, Fast heart beat Loss of consciousness, Convulsion Conjunctivitis, Swelling (edema) of the eyelid Breathing difficulties (bronchospasm, swelling of the throat), Breathing arrest, Blueness of the lips, Cough, Sneezing Swelling (edema) of the face, Excessive sweating, Itching, Redness of the skin Fainting, Flushing Feeling hot, Generally feeling unwell Severe allergy-like reaction (shock)</s>
<s id="s560.1">As with other gadolinium containing contrast media, in rare cases allergy-like reactions (hypersensitivity and anaphylaxis) may occur, including severe reactions (shock) that may need immediate medical intervention.</s>
<s id="s560.2">Mild swelling of the face, lips, tongue or throat, coughing, itching, runny nose, sneezing and hives (nettle-type rash) may be the first signs that a severe reaction is happening.</s>
<s id="s560.3">Tell the MRI department staff immediately if you experience any of these signs or have difficulty in breathing.</s>
<s id="s560.4">Delayed allergy-like reactions, hours to several days after the administration of Gadograf, have been observed in rare cases.</s>
<s id="s560.5">If this should happen to you, tell your doctor or radiologist.</s>
<s id="s561.1">If any of the side effects gets serious, or if you notice any side effects not listed in this leaflet, please tell your doctor or radiologist.</s>
<s id="s562.1">37 5.</s>
<s id="s562.2">HOW TO STORE GADOGRAF</s>
<s id="s563.1">This medicine does not require any special storage conditions.</s>
<s id="s563.2">Keep out of the reach and sight of children.</s>
<s id="s564.1">Do not use Gadograf after the expiry date which is stated on the label after EXP.</s>
<s id="s564.2">The expiry date refers to the last day of the month.</s>
<s id="s565.1">Medicines should not be disposed of via wastewater or household waste.</s>
<s id="s565.2">Ask your pharmacist how to dispose of medicines no longer required.</s>
<s id="s565.3">These measures will help to protect the environment.</s>
<s id="s566.1">6.</s>
<s id="s566.2">FURTHER INFORMATION</s>
<s id="s567.1">What GADOGRAF contains</s>
<s id="s568.1">- The active substance is gadobutrol 604.72 mg corresponding to 1 mmol/ ml</s>
<s id="s569.1">- The other ingredients are calcobutrol sodium, trometamol, hydrochloric acid and water for injections</s>
<s id="s570.1">1 prefilled syringe with 5.0 ml of the solution contains 3023 mg gadobutrol.</s>
<s id="s570.2">1 prefilled syringe with 7.5 ml of the solution contains 4535 mg gadobutrol.</s>
<s id="s570.3">1 prefilled syringe with 10 ml of the solution contains 6047 mg gadobutrol.</s>
<s id="s570.4">1 prefilled syringe with 15 ml of the solution contains 9070 mg gadobutrol.</s>
<s id="s570.5">1 prefilled syringe with 20 ml of the solution contains 12094 mg gadobutrol.</s>
<s id="s571.1">What GADOGRAF looks like and contents of the pack</s>
<s id="s572.1">Gadograf is a clear, colourless to pale yellow solution.</s>
<s id="s572.2">The contents of the packs are:</s>
<s id="s573.1">1 or 5 prefilled syringes with 5, 7.5, 10 ml solution for injection (in 10-ml prefilled syringe) 1 or 5 prefilled syringes with 15 ml solution for injection (in 17-ml prefilled syringe) 1 or 5 prefilled syringes with 20 ml solution for injection</s>
<s id="s574.1">Not all pack sizes may be marketed.</s>
<s id="s575.1">Marketing Authorisation Holder and Manufacturer</s>
<s id="s576.1">Marketing Authorisation Holder:</s>
<s id="s577.1">[To be completed nationally]</s>
<s id="s578.1">Manufacturer:</s>
<s id="s579.1">Schering AG Müllerstrasse 178 D - 133 42 Berlin, Germany Telephone: +49 30 468-1111</s>
<s id="s580.1">This medicinal product is authorised in the Member States of the EEA under the following names:</s>
<s id="s581.1">Germany Spain</s>
<s id="s582.1">Gadograf Gadograf</s>
<s id="s583.1">This leaflet was last approved in {MM/ YYYY}.</s>
<s id="s584.1">38 ----------------------------------------------------------------------------------------------------------------------------- The following information is intended for medical or healthcare professionals only:</s>
<s id="s585.1">- Before injection</s>
<s id="s586.1">This medicinal product is a clear, colourless to pale yellow solution.</s>
<s id="s586.2">It should be visually inspected before use.</s>
<s id="s586.3">Gadograf should not be used in case of severe discoloration, the occurrence of particulate matter or a defective container.</s>
<s id="s587.1">- Handling</s>
<s id="s588.1">Gadograf should not be prepared until immediately before use.</s>
<s id="s588.2">Gadograf not used in one examination must be discarded.</s>
<s id="s589.1">Any solution not used in one examination is to be discarded in accordance with local requirements.</s>
<s id="s590.1">Further information regarding the use of Gadograf is given in section 3 of the leaflet.</s>
<s id="s591.1">39</s>
</body>
</letsmt>
