<?xml version="1.0" encoding="utf-8"?>
<letsmt version="1.0">
<head></head>
<body>
<s id="s1.1">European Medicines Agency</s>
<s id="s2.1">13 April 2007 Doc.</s>
<s id="s2.2">Ref. :EMEA/ 508212/ 2007</s>
<s id="s3.1">COMMITTEE FOR MEDICINAL PRODUCTS FOR HUMAN USE OPINION FOLLOWING AN ARTICLE 36(1) REFERRAL</s>
<s id="s4.1">Gadograf/ Gadovist International Non-Proprietary Name (INN):</s>
<s id="s4.2">Gadobutrol</s>
<s id="s5.1">BACKGROUND INFORMATION* Gadovist/ Gadograf 1.0 mmol/ ml contains gadobutrol, a neutral macrocyclic gadolinium (Gd) complex with contrast-enhancing properties, which is used for magnetic resonance imaging (MRI).</s>
<s id="s5.2">MRI is a widely used technique for the evaluation and detection of diffuse liver disease as well as for further characterisation of focal liver disease.</s>
<s id="s5.3">Gd-based contrast agents are frequently administered prior to contrast-enhanced dynamic liver MRI and may improve both detection and classification of focal liver lesions.</s>
<s id="s5.4">Gadovist/ Gadograf was approved for “ Contrast enhancement in cranial and spinal magnetic resonance imaging” in Germany in January 2000 and subsequently in June 2000 in the EU and Norway via the mutual recognition procedure (MRP).</s>
<s id="s5.5">A label extension to the indication “ Contrast-enhanced Magnetic resonance angiography” (CE-MRA) followed in November 2003.</s>
<s id="s5.6">In June 2005, a MR procedure started for a type II variation to add the indication of “ Contrast enhanced MRI of other body regions: liver, kidneys” and the following posology and method of administration/ dosage: “ CE-MRI of other body regions:</s>
<s id="s5.7">The recommended dose for adults is 0.1 mmol per kilogram body weight (mmol/ kg BW).</s>
<s id="s5.8">This is equivalent to 0.1 ml/ kg BW of the 1.0 M solution”.</s>
<s id="s5.9">After finalisation of the procedure the Spanish Agency for Medicines and Health Products initiated a referral for arbitration to the CHMP under article 36.1 of Directive 2001/ 83/ EC.</s>
<s id="s5.10">Having considered the grounds for the referral triggered by Spain, the CHMP, during its May 2006 plenary meeting, adopted a List of Questions and a TT for a referral procedure under Article 36.</s>
<s id="s5.11">The CHMP appointed Dr.</s>
<s id="s5.12">Broich (DE) as Rapporteur and Dr.</s>
<s id="s5.13">Prieto (ES) as Co- Rapporteur.</s>
<s id="s5.14">The questions identified pertained to insufficient data on the evaluation of disseminated liver disease that could justify an extrapolation to the general population undergoing examinations of liver and kidney.</s>
<s id="s5.15">Concerns were further raised with regards to the Paediatric Indication and the use of the comparator Magnevist.</s>
<s id="s5.16">Magnevist is not approved &quot;to classify focal lesions [of liver or kidney] as benign or malignant&quot; throughout the EU and it was questioned whether it would support the granting of an indication for which Magnevist has not been approved.</s>
<s id="s5.17">The Applicant was asked to justify the choice of this comparator and the clinical utility of Gadovist/ Gadograf with respect to diagnostic thinking, therapeutic management and clinical outcome.</s>
<s id="s5.18">A Request for Supplementary Information was adopted on 16 November 2006.</s>
<s id="s5.19">The company responded to these points on 30 November 2006.</s>
<s id="s5.20">In its response the Applicant addressed the issue of clinical utility by comparing Gadovist-enhanced with Magnevist- enhanced MRI and underlined the diagnostic efficacy of Gadovist/ Gadograf.</s>
<s id="s5.21">The Applicant further agreed to the proposed wording by the CHMP as follows:</s>
<s id="s5.22">Section 4.1 (Indication):</s>
<s id="s6.1">7 Westferry Circus, Canary Wharf, London, E14 4HB, UK Tel.</s>
<s id="s6.2">(44-20) 74 18 84 00 Fax (44-20) 74 18 86 68 E-mail: mail@emea. europa. eu http: / /www. emea. europa. eu ©. EMEA 2007 Reproduction and/ or distribution of this document is authorised for non commercial purposes only provided the EMEA is acknowledged “ Contrast enhanced MRI of liver or kidneys in patients with high suspicion or evidence of having focal lesions to classify these lesions as benign or malignant”.</s>
<s id="s6.3">Section 4.2 (Posology): “ Paediatric patients Gadograf is not recommended for use in population below age 18 due to a lack of data on efficacy and safety.</s>
<s id="s6.4">The CHMP opinion was converted into a Decision by the European Commission on 13 April 2007.</s>
<s id="s7.1">The list of product names concerned is given in Annex I.</s>
<s id="s7.2">The scientific conclusions are provided in Annex II and the amended Summary of Product Characteristics in Annex III.</s>
<s id="s8.1">Notes:</s>
<s id="s8.2">The information given in this document and Annexes reflect only the CHMP Opinion dated 14 December 2006.</s>
<s id="s8.3">The Member States competent authorities will continue to keep the product under regular review.</s>
<s id="s9.1">2/ 2</s>
</body>
</letsmt>
