<?xml version="1.0" encoding="utf-8"?>
<letsmt version="1.0">
<head></head>
<body>
<s id="s1.1">ANNEX I</s>
<s id="s2.1">LIST OF THE NAMES, PHARMACEUTICAL FORMS, STRENGTHS, ROUTES OF ADMINISTRATION, MARKETING AUTHORISATION HOLDERS, PACKAGING AND PACKAGE SIZES OF THE MEDICINAL PRODUCT IN THE MEMBER STATES</s>
<s id="s3.1">CPMP/ 3258/ 03</s>
<s id="s4.1">1/ 11</s>
<s id="s5.1"> EMEA 2004</s>
<s id="s6.1">Article 30 Referral for Calcichew D3 mite (and related names) Chewable tablets (Calcium 500 mg plus cholecalciferol 5 µg)</s>
<s id="s7.1">Member State</s>
<s id="s8.1">MAH</s>
<s id="s9.1">Invented name</s>
<s id="s10.1">Strength</s>
<s id="s11.1">Pharmaceutical form</s>
<s id="s12.1">Route of Administration</s>
<s id="s13.1">Packaging</s>
<s id="s14.1">Package size</s>
<s id="s15.1">Belgium</s>
<s id="s16.1">Christiaens Pharma</s>
<s id="s17.1">Steovit-D3 500 mg/ 200 I. E</s>
<s id="s18.1">500 mg / 5 µg</s>
<s id="s19.1">Chewable tablet</s>
<s id="s20.1">Oral</s>
<s id="s21.1">Bottle:</s>
<s id="s21.2">Polyethylene (PEHD) * Unit dose (blister):</s>
<s id="s22.1">Bottle:</s>
<s id="s22.2">30, 60, 100</s>
<s id="s23.1">PVC/ PVDC/ PE</s>
<s id="s24.1">* Unit dose</s>
<s id="s25.1">Denmark Finland</s>
<s id="s26.1">Nycomed Danmark A/ S Oy Leiras Finland Ab</s>
<s id="s27.1">Calcichew-D3 Calcichew-D3 purutabletti</s>
<s id="s28.1">500 mg / 5 µg 500 mg / 5 µg</s>
<s id="s29.1">Chewable tablet Chewable tablet</s>
<s id="s30.1">Oral Oral</s>
<s id="s31.1">Polyethylene (PEHD) bottle Polyethylene (PEHD) bottle</s>
<s id="s32.1">100 20, 30, 60, 90, 100, 120</s>
<s id="s33.1">Italy</s>
<s id="s34.1">SPA Societá Prodotti Antibiotici S. p. a</s>
<s id="s35.1">Calciospa D3</s>
<s id="s36.1">500 mg / 5 µg</s>
<s id="s37.1">Chewable tablet</s>
<s id="s38.1">Oral</s>
<s id="s39.1">Polyethylene (PEHD) bottle</s>
<s id="s40.1">20, 30, 60, 90, 100, 120</s>
<s id="s41.1">Luxembour g</s>
<s id="s42.1">Christiaens Pharma</s>
<s id="s43.1">Steovit D3 500 mg/ 200 I. E.</s>
<s id="s44.1">500 mg / 5 µg</s>
<s id="s45.1">Chewable tablet</s>
<s id="s46.1">Oral</s>
<s id="s47.1">Polyethylene (PEHD) bottle</s>
<s id="s48.1">30, 60, 100</s>
<s id="s49.1">Netherlands</s>
<s id="s50.1">Christiaens B. V</s>
<s id="s51.1">Calci-chew D3 500mg/ 200 I. E</s>
<s id="s52.1">500 mg / 5 µg</s>
<s id="s53.1">Chewable tablet</s>
<s id="s54.1">Oral</s>
<s id="s55.1">Polyethylene (PEHD) bottle</s>
<s id="s56.1">90</s>
<s id="s57.1">Norway</s>
<s id="s58.1">Nycomed Pharma AS, Norway</s>
<s id="s59.1">Nycoplus Calcigran</s>
<s id="s60.1">500 mg / 5 µg</s>
<s id="s61.1">Chewable tablet</s>
<s id="s62.1">Oral</s>
<s id="s63.1">Polyethylene (PEHD) bottle</s>
<s id="s64.1">100</s>
<s id="s65.1">Sweden</s>
<s id="s66.1">Nycomed Pharma AS, Norway</s>
<s id="s67.1">Calcichew - D3 Mite</s>
<s id="s68.1">500 mg / 5 µg</s>
<s id="s69.1">Chewable tablet</s>
<s id="s70.1">Oral</s>
<s id="s71.1">Polyethylene (PEHD) bottle</s>
<s id="s72.1">20, 30, 60, 90, 100, 120, 180</s>
<s id="s73.1">CPMP/ 3258/ 03</s>
<s id="s74.1">ANNEX II</s>
<s id="s75.1">2/ 11</s>
<s id="s76.1"> EMEA 2004</s>
<s id="s77.1">SCIENTIFIC CONCLUSIONS AND</s>
<s id="s78.1">GROUNDS FOR AMENDMENT OF THE SUMMARY</s>
<s id="s79.1">OF PRODUCT CHARACTERISTICS PRESENTED BY THE EMEA</s>
<s id="s80.1">CPMP/ 3258/ 03 SCIENTIFIC CONCLUSIONS</s>
<s id="s81.1">3/ 11</s>
<s id="s82.1"> EMEA 2004</s>
<s id="s83.1">OVERALL SUMMARY OF THE SCIENTIFIC EVALUATION OF CALCICHEW-D3 MITE AND ASSOCIATED NAMES (see Annex I)</s>
<s id="s84.1">- Quality issues</s>
<s id="s85.1">The pharmaceutical documentation (module 3) as well as the pharmaceutical particulars of the SPC were harmonised, except the sections, which need to be introduced nationally by the Member States when implementing the harmonised SPC.</s>
<s id="s86.1">- Efficacy issues</s>
<s id="s87.1">Section 4.1.</s>
<s id="s87.2">Therapeutic indications</s>
<s id="s88.1">After an assessment of the documentation provided by the MAH and an evaluation of the current EU- wide clinical practices relating to the use of Calcium carbonate and cholecalciferol, the following was considered to be the most suitable harmonised Section 4.1 indications text:</s>
<s id="s89.1">4.1 Therapeutic indications Prevention and treatment of vitamin D and calcium deficiency.</s>
<s id="s89.2">Vitamin D and calcium supplement as an adjunct to specific osteoporosis treatment of patients who are at risk of vitamin D and calcium deficiency.</s>
<s id="s90.1">Section 4.2.</s>
<s id="s90.2">Posology and method of administration</s>
<s id="s91.1">After an assessment of the documentation provided by the MAH and an evaluation of the current EU- wide clinical practices relating to the use of Calcium carbonate and cholecalciferol, the following was considered to be the most suitable harmonised Section 4.2 Posology text:</s>
<s id="s92.1">4.2 Posology and method of administration Adjunctive therapy in osteoporosis One chewable tablet 2-3 times per day.</s>
<s id="s93.1">Calcium and vitamin D deficiency Adults:</s>
<s id="s93.2">1 chewable tablet 1-3 times per day Children:</s>
<s id="s93.3">1 tablet 1-2 times per day The tablet may be chewed or sucked.</s>
<s id="s94.1">Dosage in hepatic impairment No dose adjustment is required Dosage in renal impairment Calcichew-D3 mite (and associated names) tablets should not be used in patients with severe renal impairment.</s>
<s id="s95.1">- Safety issues</s>
<s id="s96.1">Section 4.3.</s>
<s id="s96.2">Contra-indications</s>
<s id="s97.1">After an assessment of the documentation provided by the MAH and an evaluation of the current EU- wide clinical practices relating to the use of Calcium carbonate and cholecalciferol, the most suitable harmonised Section 4.3 Contraindications text was approved (See Annex III).</s>
<s id="s97.2">The text in the harmonised SPC is not so dissimilar to the currently approved SPCs that it will significantly change clinical practices</s>
<s id="s98.1">CPMP/ 3258/ 03 Section 4.4.</s>
<s id="s98.2">Special warnings and precautions</s>
<s id="s99.1">4/ 11 for use</s>
<s id="s100.1"> EMEA 2004</s>
<s id="s101.1">After an assessment of the documentation provided by the MAH and an evaluation of the current EU- wide clinical practices relating to the use of Calcium carbonate and cholecalciferol, the most suitable harmonised Section 4.4 Special Warnings and Precautions for Use text was approved (See Annex III).</s>
<s id="s101.2">The text in the harmonised SPC is not so dissimilar to the currently approved SPCs that it will significantly change clinical practices Section 4.6.</s>
<s id="s101.3">Pregnancy and lactation After an assessment of the documentation provided by the MAH and an evaluation of the current EU- wide clinical practices relating to the use of Calcium carbonate and cholecalciferol, the most suitable harmonised Section 4.6 Pregnancy was approved (See Annex III).</s>
<s id="s101.4">Section 4.8 Undesirable effects After an assessment of the documentation provided by the MAH and an evaluation of the current EU- wide clinical practices relating to the use of Calcium carbonate and cholecalciferol, the most suitable harmonised Section 4.8 Undesirable effects was approved (See Annex III).</s>
<s id="s101.5">All other sections of the SPC were harmonised as a result of the referral procedure (except See Below; Administrative Issues).</s>
<s id="s102.1">- Administrative issues</s>
<s id="s103.1">Other sections of the SPC which were not harmonised and which need to be introduced nationally by the Member States when implementing the harmonised SPC are the following:</s>
<s id="s103.2">Product name, MAH, MA number, date of first authorisation/ renewal of authorisation, date of revision of the text.</s>
<s id="s104.1">Benefit/ Risk considerations Based on the documentation submitted by the MAH and the scientific discussion within the Committee, the CPMP considered that the benefit/ risk ratio of Calcichew-D3 mite is favourable for use relating to prevention and treatment of vitamin D and calcium deficiency, for use as vitamin D and Calcium supplement as an adjunct to specific osteoporosis treatment of patients who are at risk of vitamin D and calcium deficiency.</s>
<s id="s105.1">GROUNDS FOR AMENDMENT OF THE SUMMARY OF PRODUCT CHARACTERISTICS</s>
<s id="s106.1">Whereas,</s>
<s id="s107.1">- the scope of the referral was the harmonisation of the Summaries of Products Characteristics and</s>
<s id="s108.1">additionally the harmonisation of the technical document – module 3 (quality),</s>
<s id="s109.1">- the Summary of Products Characteristic proposed by the Marketing Authorisation Holder(s) has</s>
<s id="s110.1">been assessed based on the documentation submitted and the scientific discussion within the Committee,</s>
<s id="s111.1">the CPMP has recommended the amendment of the Marketing Authorisations for which the Summary of Product Characteristics is set out in Annex III of the Opinion.</s>
<s id="s112.1">CPMP/ 3258/ 03</s>
<s id="s113.1">ANNEX III</s>
<s id="s114.1">5/ 11</s>
<s id="s115.1"> EMEA 2004</s>
<s id="s116.1">SUMMARY OF PRODUCT CHARACTERISTICS</s>
<s id="s117.1">NOTE:</s>
<s id="s117.2">THIS SPC IS THE ONE THAT WAS ANNEXED TO THE COMMISSION DECISION CONCERNING THIS REFERRAL FOR ARBITRATION; THE TEXT WAS VALID AT THAT TIME</s>
<s id="s118.1">IT IS NOT SUBSEQUENTLY MAINTAINED OR UPDATED BY THE EMEA, AND THEREFORE MAY NOT NECESSARILY REPRESENT THE CURRENT TEXT</s>
<s id="s119.1">CPMP/ 3258/ 03</s>
<s id="s120.1">6/ 11</s>
<s id="s121.1"> EMEA 2004</s>
<s id="s122.1">1.</s>
<s id="s122.2">NAME OF THE MEDICINAL PRODUCT</s>
<s id="s123.1">Calcichew-D3 mite and associated names (see Annex I) 500 mg / 5 µg chewable tablets</s>
<s id="s124.1">2.</s>
<s id="s124.2">QUALITATIVE AND QUANTITATIVE COMPOSITION</s>
<s id="s125.1">One tablet contains:</s>
<s id="s125.2">Elemental calcium as Calcium carbonate</s>
<s id="s126.1">500 mg</s>
<s id="s127.1">Cholecalciferol (vitamin D3) as</s>
<s id="s128.1">5 microgram (200 IU)</s>
<s id="s129.1">Cholecalciferol concentrate (powder form)</s>
<s id="s130.1">For excipients, see 6.1</s>
<s id="s131.1">3.</s>
<s id="s131.2">PHARMACEUTICAL FORM</s>
<s id="s132.1">Chewable tablet Round, white, uncoated and convex tablets.</s>
<s id="s132.2">May have small specks.</s>
<s id="s133.1">4.</s>
<s id="s133.2">CLINICAL PARTICULARS</s>
<s id="s134.1">4.1 Therapeutic indications</s>
<s id="s135.1">Prevention and treatment of vitamin D and calcium deficiency.</s>
<s id="s135.2">Vitamin D and calcium supplement as an adjunct to specific osteoporosis treatment of patients who are at risk of vitamin D and calcium deficiency.</s>
<s id="s136.1">4.2 Posology and method of administration</s>
<s id="s137.1">Adjunctive therapy in osteoporosis One chewable tablet 2-3 times per day</s>
<s id="s138.1">Calcium and vitamin D deficiency Adults:</s>
<s id="s138.2">1 chewable tablet 1-3 times per day Children:</s>
<s id="s138.3">1 tablet 1-2 times per day The tablet may be chewed or sucked.</s>
<s id="s139.1">Dosage in hepatic impairment No dose adjustment is required.</s>
<s id="s140.1">Dosage in renal impairment Calcichew-D3 mite (and associated names) tablets should not be used in patients with severe renal impairment.</s>
<s id="s141.1">4.3 Contraindications</s>
<s id="s142.1">• • • •</s>
<s id="s143.1">Diseases and/or conditions resulting in hypercalcaemia and/or hypercalciuria Nephrolithiasis Hypervitaminosis D Hypersensitivity to the active substances or to any of the excipients</s>
<s id="s144.1">CPMP/3258/03 4.4 Special warnings and special precautions for</s>
<s id="s145.1">7/11 use</s>
<s id="s146.1">EMEA 2004</s>
<s id="s147.1">Calcichew-D3 mite (and associated names) tablets contain aspartame and should be avoided by patients with phenylketonuria.</s>
<s id="s148.1">During long-term treatment, serum calcium levels should be followed and renal function should be monitored through measurement of serum creatinine.</s>
<s id="s148.2">Monitoring is especially important in elderly patients on concomitant treatment with cardiac glycosides or diuretics (see section 4.5) and in patients with a high tendency to calculus formation.</s>
<s id="s148.3">In case of hypercalcaemia or signs of impaired renal function the dose should be reduced or the treatment discontinued.</s>
<s id="s149.1">Vitamin D should be used with caution in patients with impairment of renal function and the effect on calcium and phosphate levels should be monitored.</s>
<s id="s149.2">The risk of soft tissue calcification should be taken into account.</s>
<s id="s149.3">In patients with severe renal insufficiency, vitamin D in the form of cholecalciferol is not metabolised normally and other forms of vitamin D should be used (see section 4.3, contraindications).</s>
<s id="s150.1">Calcichew-D3 mite (and associated names) tablets should be prescribed with caution to patients suffering from sarcoidosis, due to the risk of increased metabolism of vitamin D into its active form.</s>
<s id="s150.2">These patients should be monitored with regard to the calcium content in serum and urine.</s>
<s id="s151.1">Calcichew-D3 mite (and associated names) tablets should be used cautiously in immobilised patients with osteoporosis due to increased risk of hypercalcaemia.</s>
<s id="s152.1">The content of vitamin D (200 IU) in Calcichew-D3 mite (and associated names) tablets should be considered when prescribing other medicinal products containing vitamin D.</s>
<s id="s152.2">Additional doses of calcium or vitamin D should be taken under close medical supervision.</s>
<s id="s152.3">In such cases it is necessary to monitor serum calcium levels and urinary calcium excretion frequently.</s>
<s id="s153.1">4.5 Interactions with other medicinal products and other forms of interaction</s>
<s id="s154.1">Thiazide diuretics reduce the urinary excretion of calcium.</s>
<s id="s154.2">Due to increased risk of hypercalcaemia, serum calcium should be regularly monitored during concomitant use of thiazide diuretics.</s>
<s id="s155.1">Systemic corticosteroids reduce calcium absorption.</s>
<s id="s155.2">During concomitant use, it may be necessary to increase the dose of Calcichew-D3 (and associated names).</s>
<s id="s156.1">Simultaneous treatment with ion exchange resins such as cholestyramine or laxatives such as paraffin oil may reduce the gastrointestinal absorption of vitamin D.</s>
<s id="s157.1">Calcium carbonate may interfere with the absorption of concomitantly administered tetracycline preparations.</s>
<s id="s157.2">For this reason, tetracycline preparations should be administered at least two hours before or four to six hours after oral intake of calcium.</s>
<s id="s158.1">Hypercalcaemia may increase the toxicity of cardiac glycosides during treatment with calcium and vitamin D.</s>
<s id="s158.2">Patients should be monitored with regard to electrocardiogram (ECG) and serum calcium levels.</s>
<s id="s159.1">If a bisphosphonate or sodium fluoride is used concomitantly, this preparation should be administered at least three hours before the intake of Calcichew-D3 (and associated names) since gastrointestinal absorption may be reduced.</s>
<s id="s160.1">CPMP/325 8/03</s>
<s id="s161.1">8/11</s>
<s id="s162.1">EMEA 2004</s>
<s id="s163.1">Oxalic acid (found in spinach and rhubarb) and phytic acid (found in whole cereals) may inhibit calcium absorption through formation of insoluble compounds with calcium ions.</s>
<s id="s163.2">The patient should not take calcium products within two hours of eating foods high in oxalic acid and phytic acid.</s>
<s id="s164.1">4.6 Pregnancy and lactation</s>
<s id="s165.1">Pregnancy During pregnancy the daily intake should not exceed 1,500 mg calcium and 600 IU vitamin D.</s>
<s id="s165.2">Studies in animals have shown reproductive toxicity of high doses of vitamin D.</s>
<s id="s165.3">In pregnant women, overdoses of calcium and vitamin D should be avoided as permanent hypercalcaemia has been related to adverse effects on the developing foetus.</s>
<s id="s165.4">There are no indications that vitamin D at therapeutic doses is teratogenic in humans.</s>
<s id="s165.5">Calcichew D3 mite can be used during pregnancy, in case of a calcium and vitamin D deficiency.</s>
<s id="s166.1">Breast-feeding Calcichew D3 mite can be used during breast-feeding.</s>
<s id="s166.2">Calcium and vitamin D3 pass into breast milk.</s>
<s id="s166.3">This should be considered when giving additional vitamin D to the child.</s>
<s id="s167.1">4.7 Effects on ability to drive and use machines</s>
<s id="s168.1">There are no data about the effect of this product on driving capacity.</s>
<s id="s168.2">An effect is, however, unlikely.</s>
<s id="s169.1">4.8 Undesirable effects</s>
<s id="s170.1">Adverse reactions are listed below, by system organ class and frequency.</s>
<s id="s170.2">Frequencies are defined as: uncommon (&gt; 1/1,000, &lt; 1/100) or rare (&gt; 1/10,000, &lt; 1/1,000).</s>
<s id="s171.1">Metabolism and nutrition disorders Uncommon:</s>
<s id="s171.2">Hypercalcaemia and hypercalciuria.</s>
<s id="s172.1">Gastrointestinal disorders Rare:</s>
<s id="s172.2">Constipation, flatulence, nausea, abdominal pain, and diarrhoea.</s>
<s id="s173.1">Skin and subcutaneous disorders Rare:</s>
<s id="s173.2">Pruritus, rash and urticaria.</s>
<s id="s174.1">4.9 Overdose</s>
<s id="s175.1">Overdose can lead to hypervitaminosis and hypercalcaemia.</s>
<s id="s175.2">Symptoms of hypercalcaemia may include anorexia, thirst, nausea, vomiting, constipation, abdominal pain, muscle weakness, fatigue, mental disturbances, polidipsia, polyuria, bone pain, nephrocalcinosis, renal calculi and in severe cases, cardiac arrhythmias.</s>
<s id="s175.3">Extreme hypercalcaemia may result in coma and death.</s>
<s id="s175.4">Persistently high calcium levels may lead to irreversible renal damage and soft tissue calcification.</s>
<s id="s176.1">Treatment of hypercalcaemia:</s>
<s id="s176.2">The treatment with calcium and vitamin D must be discontinued.</s>
<s id="s176.3">Treatment with thiazide diuretics, lithium, vitamin A, vitamin D and cardiac glycosides must also be discontinued.</s>
<s id="s176.4">Emptying of the stomach in patients with impaired consciousness.</s>
<s id="s176.5">Rehydration, and, according to severity, isolated or combined treatment with loop diuretics, bisphosphonates, calcitonin and corticosteroids.</s>
<s id="s176.6">Serum electrolytes, renal function and diuresis must be monitored.</s>
<s id="s176.7">In severe cases, ECG and CVP should be followed.</s>
<s id="s177.1">5.</s>
<s id="s177.2">PHARMACOLOGICAL PROPERTIES</s>
<s id="s178.1">5.1 Pharmacodynamic properties</s>
<s id="s179.1">CPMP/3258/03 Pharmacotherapeutic group:</s>
<s id="s179.2">Mineral supplements ATC code:</s>
<s id="s179.3">A12AX</s>
<s id="s180.1">9/11</s>
<s id="s181.1">EMEA 2004</s>
<s id="s182.1">Vitamin D increases the intestinal absorption of calcium.</s>
<s id="s183.1">Administration of calcium and vitamin D3 counteracts the increase of parathyroid hormone (PTH) which is caused by calcium deficiency and which causes increased bone resorption.</s>
<s id="s184.1">A clinical study of institutionalised patients suffering from vitamin D deficiency indicated that a daily intake of two tablets of calcium 500 mg/vitamin D 400 IU for six months normalised the value of the 25-hydroxylated metabolite of vitamin D3 and reduced secondary hyperparathyroidism and alkaline phosphatases.</s>
<s id="s185.1">5.2 Pharmacokinetic properties</s>
<s id="s186.1">Calcium Absorption:</s>
<s id="s186.2">The amount of calcium absorbed through the gastrointestinal tract is approximately 30% of the swallowed dose.</s>
<s id="s186.3">Distribution and metabolism:</s>
<s id="s186.4">99% of the calcium in the body is concentrated in the hard structure of bones and teeth.</s>
<s id="s186.5">The remaining 1% is present in the intra- and extracellular fluids.</s>
<s id="s186.6">About 50% of the total blood-calcium content is in the physiologically active ionised form with approximately 10% being complexed to citrate, phosphate or other anions, the remaining 40% being bound to proteins, principally albumin.</s>
<s id="s186.7">Elimination:</s>
<s id="s186.8">Calcium is eliminated through faeces, urine and sweat. renal excretion depends on glomerular filtration and calcium tubular reabsorption.</s>
<s id="s187.1">Vitamin D Absorption:</s>
<s id="s187.2">Vitamin D is easily absorbed in the small intestine.</s>
<s id="s187.3">Distrbution and metabolism:</s>
<s id="s187.4">Cholecalciferol and its metabolites circulate in the blood bound to a specific globulin.</s>
<s id="s187.5">Cholecalciferol is converted in the liver by hydroxylation to the active form 25- hydroxycholecalciferol.</s>
<s id="s187.6">It is then further converted in the kidneys to 1,25 hydroxycholecalciferol.</s>
<s id="s187.7">1,25 hydroxycholecalciferol is the metabolite responsible for increasing calcium absorption.</s>
<s id="s187.8">Vitamin D which is not metabolised is stored in adipose and muscle tissues.</s>
<s id="s187.9">Elimination:</s>
<s id="s187.10">Vitamin D is excreted in faeces and urine.</s>
<s id="s188.1">5.3 Preclinical safety data</s>
<s id="s189.1">At doses far higher than the human therapeutic range teratogenicity has been observed in animal studies.</s>
<s id="s189.2">There is further no information of relevance to the safety assessment in addition to what is stated in other parts of the SPC.</s>
<s id="s190.1">6.</s>
<s id="s190.2">PHARMACEUTICAL PARTICULARS</s>
<s id="s191.1">List of excipients</s>
<s id="s192.1">Sorbitol Povidone Isomalt Flavouring (lemon or orange) Magnesium Stearate Aspartame Mono- and diglycerides of fatty acids Tocopherol Vegetable fat Sucrose CPMP/3258/03 Gelatin Maize starch</s>
<s id="s193.1">10/11</s>
<s id="s194.1">EMEA 2004</s>
<s id="s195.1">6.1 Incompatibilities</s>
<s id="s196.1">Not applicable</s>
<s id="s197.1">6.2 Shelf life</s>
<s id="s198.1">High Density Polyethylene tablet container:</s>
<s id="s198.2">3 years</s>
<s id="s199.1">6.3 Special precautions for storage</s>
<s id="s200.1">High Density Polyethylene tablet container:</s>
<s id="s200.2">Do not store above 30°C.</s>
<s id="s200.3">Keep the container tightly closed in order to protect from moisture.</s>
<s id="s201.1">6.4 Nature and content of container</s>
<s id="s202.1">The chewable tablets are packed in:</s>
<s id="s202.2">High Density Polyethylene tablet containers Pack sizes:</s>
<s id="s202.3">20, 30, 50, 60, 90, 100, 120 and 180 tablets Not all pack sizes may be marketed.</s>
<s id="s203.1">6.5 Instructions for use and handling</s>
<s id="s204.1">No special requirements</s>
<s id="s205.1">7.</s>
<s id="s205.2">MARKETING AUTHORISATION HOLDER</s>
<s id="s206.1">(See Annex I – To be implemented nationally)</s>
<s id="s207.1">8.</s>
<s id="s207.2">MARKETING AUTHORISATION NUMBERS</s>
<s id="s208.1">9.</s>
<s id="s208.2">DATE OF FIRST AUTHORISATION/RENEWAL OF THE AUTHORISATION</s>
<s id="s209.1">10.</s>
<s id="s209.2">DATE OF THE REVISION OF THE TEXT</s>
<s id="s210.1">CPMP/3258/03</s>
<s id="s211.1">11/11</s>
<s id="s212.1">EMEA 2004</s>
</body>
</letsmt>
