<?xml version="1.0" encoding="utf-8"?>
<letsmt version="1.0">
<head></head>
<body>
<s id="s1.1">ANNEX I</s>
<s id="s2.1">SUMMARY OF PRODUCT CHARACTERISTICS</s>
<s id="s3.1">1 1.</s>
<s id="s3.2">NAME OF THE VETERINARY MEDICINAL PRODUCT</s>
<s id="s4.1">STARTVAC Emulsion for injection for cattle</s>
<s id="s5.1">2.</s>
<s id="s5.2">QUALITATIVE AND QUANTITATIVE COMPOSITION</s>
<s id="s6.1">One dose (2 ml) contains:</s>
<s id="s7.1">Active substances:</s>
<s id="s7.2">Escherichia coli J5 inactivated............................................................................ &gt; 50 RED60 * Staphylococcus aureus (CP8) strain SP 140 inactivated, expressing Slime Associated Antigenic Complex (SAAC)......... .…………………………………………… &gt; 50 RED80 ** * RED60:</s>
<s id="s7.3">Rabbit effective dose in 60% of the animals (serology). ** RED80:</s>
<s id="s7.4">Rabbit effective dose in 80% of the animals (serology).</s>
<s id="s8.1">Adjuvant:</s>
<s id="s8.2">Liquid paraffin..............................................................................</s>
<s id="s8.3">18.2 mg</s>
<s id="s9.1">Excipient:</s>
<s id="s9.2">Benzyl alcohol ……………..........................................................</s>
<s id="s9.3">20 mg</s>
<s id="s10.1">For a full list of excipients, see section 6.1.</s>
<s id="s11.1">3.</s>
<s id="s11.2">PHARMACEUTICAL FORM</s>
<s id="s12.1">Emulsion for injection.</s>
<s id="s13.1">4.</s>
<s id="s13.2">CLINICAL PARTICULARS</s>
<s id="s14.1">4.1 Target species</s>
<s id="s15.1">Cattle (cows and heifers).</s>
<s id="s16.1">4.2 Indications for use, specifying the target species</s>
<s id="s17.1">For herd immunisation of healthy cows and heifers, in dairy cattle herds with recurring mastitis problems, to reduce the incidence of sub-clinical mastitis and the incidence and the severity of the clinical signs of clinical mastitis caused by Staphylococcus aureus, coliforms and coagulase-negative staphylococci.</s>
<s id="s18.1">The full immunisation scheme induces immunity from approximately day 13 after the first injection until approximately day 78 after the third injection (equivalent to 130 days post-parturition).</s>
<s id="s19.1">4.3 Contraindications</s>
<s id="s20.1">None.</s>
<s id="s21.1">2 4.4 Special warnings</s>
<s id="s22.1">The whole herd should be immunised.</s>
<s id="s23.1">Immunisation has to be considered as one component in a complex mastitis control program that addresses all important udder health factors (e. g. milking technique, dry-off and breeding management, hygiene, nutrition, housing, bedding, cow comfort, air and water quality, health monitoring) and other management practices.</s>
<s id="s24.1">4.5 Special precautions for use</s>
<s id="s25.1">Special precautions for use in animals</s>
<s id="s26.1">Only healthy animals should be immunised.</s>
<s id="s27.1">Special precautions to be taken by the person administering the veterinary medicinal product to animals</s>
<s id="s28.1">To the user:</s>
<s id="s28.2">This product contains mineral oil.</s>
<s id="s28.3">Accidental injection/ self injection may result in severe pain and swelling, particularly if injected into a joint or finger, and in rare cases could result in the loss of the affected finger if prompt medical attention is not given.</s>
<s id="s28.4">If you are accidentally injected with this product, seek prompt medical advice even if only a very small amount is injected and take the package leaflet with you.</s>
<s id="s28.5">If pain persists for more than 12 hours after medical examination, seek medical advice again.</s>
<s id="s29.1">To the physician:</s>
<s id="s29.2">This product contains mineral oil.</s>
<s id="s29.3">Even if small amounts have been injected, accidental injection with this product can cause intense swelling, which may, for example, result in ischaemic necrosis and even the loss of a digit.</s>
<s id="s29.4">Expert, PROMPT, surgical attention is required and may necessitate early incision and irrigation of the injected area, especially where there is involvement of finger pulp or tendon.</s>
<s id="s30.1">4.6 Adverse reactions (frequency and seriousness)</s>
<s id="s31.1">Slight to moderate transient local reactions may occur after the administration of one dose of vaccine.</s>
<s id="s31.2">They would mainly be: swelling (up to 5 cm2 on average), which disappears within 1 or 2 weeks at most.</s>
<s id="s31.3">In some cases, there may also be pain at the inoculation site that spontaneously subsides in a maximum of 4 days.</s>
<s id="s32.1">A mean transient increase in body temperature of about 1°C, in some cows up to 2°C, may occur in the first 24 hours after injection.</s>
<s id="s33.1">4.7 Use during pregnancy or lactation</s>
<s id="s34.1">Can be used during pregnancy and lactation.</s>
<s id="s35.1">4.8 Interaction with other medicinal products and other forms of interaction</s>
<s id="s36.1">No information is available on the safety and efficacy of this vaccine when used with any other veterinary medicinal product.</s>
<s id="s36.2">A decision to use this vaccine before or after any other veterinary medicinal product therefore needs to be made on a case by case basis.</s>
<s id="s37.1">3 4.9 Amounts to be administered and administration route</s>
<s id="s38.1">Intramuscular use.</s>
<s id="s38.2">The injections should be preferably administered on the alternate sides of the neck.</s>
<s id="s38.3">Allow the vaccine to reach a temperature of +15 to + 25 °C before administration.</s>
<s id="s38.4">Shake before use.</s>
<s id="s39.1">Administer one dose (2 ml) by deep intramuscular injection in the neck muscles and according to the following schedule:</s>
<s id="s40.1">- First injection at 45 days before the expected parturition date.</s>
<s id="s41.1">- Second injection 35 days thereafter (corresponding to 10 days before the expected parturition</s>
<s id="s42.1">date).</s>
<s id="s43.1">- Third injection 62 days after the second injection (equivalent to 52 days post-parturition).</s>
<s id="s44.1">The full immunisation program should be repeated with each gestation.</s>
<s id="s45.1">4.10 Overdose (symptoms, emergency procedures, antidotes), if necessary</s>
<s id="s46.1">No adverse reactions other than those mentioned in section 4.6. were observed after the administration of a double dose of vaccine.</s>
<s id="s47.1">4.11 Withdrawal period(s)</s>
<s id="s48.1">Zero days.</s>
<s id="s49.1">5.</s>
<s id="s49.2">IMMUNOLOGICAL PROPERTIES</s>
<s id="s50.1">To stimulate active immunity against Staphylococcus aureus, coliforms and coagulase-negative staphylococci.</s>
<s id="s51.1">ATCvet code:</s>
<s id="s51.2">QI02 AB (Inactivated bacterial vaccines for bovidae).</s>
<s id="s52.1">6.</s>
<s id="s52.2">PHARMACEUTICAL PARTICULARS</s>
<s id="s53.1">6.1 List of excipients</s>
<s id="s54.1">Benzyl alcohol Liquid paraffin Sorbitan monooleate Polysorbate 80 Sodium alginate Calcium chloride, dihydrate Simeticone Water for injections</s>
<s id="s55.1">6.2 Incompatibilities</s>
<s id="s56.1">Do not mix with any other vaccine or immunological product.</s>
<s id="s57.1">6.3 Shelf life</s>
<s id="s58.1">Shelf life of the veterinary medicinal product as packaged for sale:</s>
<s id="s58.2">18 months.</s>
<s id="s58.3">Shelf life after first opening the immediate packaging:</s>
<s id="s58.4">10 hours stored at +15 to +25 ºC.</s>
<s id="s59.1">4 6.4.</s>
<s id="s59.2">Special precautions for storage</s>
<s id="s60.1">Store and transport refrigerated (2 to 8 °C) and protected from light.</s>
<s id="s60.2">Do not freeze.</s>
<s id="s61.1">6.5 Nature and composition of immediate packaging</s>
<s id="s62.1">3 ml, 10 ml and 50 ml Type I colourless glass vials, closed with rubber stoppers and aluminium caps.</s>
<s id="s63.1">Pack sizes:</s>
<s id="s64.1">- Cardboard box with 1, 10 and 20 vials of 1 dose.</s>
<s id="s65.1">- Cardboard box with 1 and 10 vials of 5 doses.</s>
<s id="s66.1">- Cardboard box with 1 and 10 vials of 25 doses</s>
<s id="s67.1">Not all pack sizes may be marketed.</s>
<s id="s68.1">6.6 Special precautions for the disposal of unused veterinary medicinal product or waste materials derived from the use of such products</s>
<s id="s69.1">Any unused veterinary medicinal product or waste materials derived from such veterinary medicinal products should be disposed of in accordance with local requirements.</s>
<s id="s70.1">7.</s>
<s id="s70.2">MARKETING AUTHORISATION HOLDER</s>
<s id="s71.1">LABORATORIOS HIPRA, S. A.</s>
<s id="s71.2">Avda.</s>
<s id="s71.3">La Selva, 135 17170- AMER (Girona) SPAIN Tel. +34 972 430660 Fax. +34 972 430661 E-mail: hipra@hipra. com</s>
<s id="s72.1">8.</s>
<s id="s72.2">MARKETING AUTHORISATION NUMBER</s>
<s id="s73.1">EU/ 2/ 08/ 092/ 001-007</s>
<s id="s74.1">9.</s>
<s id="s74.2">DATE OF FIRST AUTHORISATION/ RENEWAL OF THE AUTHORISATION</s>
<s id="s75.1">11/ 02/ 2009</s>
<s id="s76.1">10.</s>
<s id="s76.2">DATE OF REVISION OF THE TEXT</s>
<s id="s77.1">11/ 02/ 2009</s>
<s id="s78.1">Detailed information on this veterinary medicinal product is available on the website of the European Medicines Agency (EMEA) http: / /www. emea. europa. eu</s>
<s id="s79.1">PROHIBITION OF SALE, SUPPLY AND/ OR USE</s>
<s id="s80.1">Not applicable.</s>
<s id="s81.1">5 ANNEX II</s>
<s id="s82.1">A.</s>
<s id="s82.2">MANUFACTURER OF THE BIOLOGICAL ACTIVE SUBSTANCEs AND MANUFACTURING AUTHORISATION HOLDER(S) RESPONSIBLE FOR BATCH RELEASE</s>
<s id="s83.1">B.</s>
<s id="s83.2">CONDITIONS OR RESTRICTIONS OF THE MARKETING AUTHORISATION REGARDING SUPPLY OR USE</s>
<s id="s84.1">C.</s>
<s id="s84.2">CONDITIONS OR RESTRICTIONS OF THE MARKETING AUTHORISATION WITH REGARD TO SAFE AND EFFECTIVE USE</s>
<s id="s85.1">D.</s>
<s id="s85.2">STATEMENT OF THE MRLs</s>
<s id="s86.1">6 A.</s>
<s id="s86.2">MANUFACTURER OF THE BIOLOGICAL ACTIVE SUBSTANCES AND MANUFACTURING AUTHORISATION HOLDER(S) RESPONSIBLE FOR BATCH RELEASE</s>
<s id="s87.1">Name and address of the manufacturer of the biological active substances Laboratorios Hipra, S. A.</s>
<s id="s87.2">Avda.</s>
<s id="s87.3">La Selva, 135 17170 Amer (Girona) Spain</s>
<s id="s88.1">Name and address of the manufacturer responsible for batch release Laboratorios Hipra S. A.</s>
<s id="s88.2">Avda.</s>
<s id="s88.3">La Selva, 135 17170 Amer (Girona) Spain</s>
<s id="s89.1">The printed package insert of the medicinal product must state the name and address of the manufacturer responsible for the release of the concerned batch.</s>
<s id="s90.1">B.</s>
<s id="s90.2">CONDITIONS OR RESTRICTIONS OF THE MARKETING AUTHORISATION REGARDING SUPPLY OR USE</s>
<s id="s91.1">To be supplied only on veterinary prescription.</s>
<s id="s92.1">The holder of this marketing authorisation must inform the European Commission about the marketing plans for the medicinal product authorised by this decision.</s>
<s id="s93.1">C.</s>
<s id="s93.2">CONDITIONS OR RESTRICTIONS OF THE MARKETING AUTHORISATION WITH REGARD TO SAFE AND EFFECTIVE USE</s>
<s id="s94.1">Not applicable</s>
<s id="s95.1">D.</s>
<s id="s95.2">STATEMENT OF THE MRLs</s>
<s id="s96.1">which are be accepted in accordance with Council Regulation (EEC) No 2377/ 90 and in accordance with Article 31 (3b) of Council Regulation (EEC) No 2309/ 93 of 22 July 1993, as amended.</s>
<s id="s97.1">Pharmacologically active substances</s>
<s id="s98.1">Animal Species</s>
<s id="s99.1">Other provisions</s>
<s id="s100.1">Benzyl alcohol</s>
<s id="s101.1">Annex II for all food producing species</s>
<s id="s102.1">Council Regulation (EEC) No 1442/ 95.</s>
<s id="s102.2">For use as excipient.</s>
<s id="s103.1">Liquid paraffin</s>
<s id="s104.1">Annex II for all food producing species</s>
<s id="s105.1">Mineral hydrocarbons, low to high viscosity including microcrystalline waxes, approximately C10-C60; aliphatic, branched aliphatic and alicyclic compounds.</s>
<s id="s105.2">CR No 2804/ 95.</s>
<s id="s106.1">7 Sorbitan monooleate</s>
<s id="s107.1">Annex II for all food producing species</s>
<s id="s108.1">Approved food additive (E494).</s>
<s id="s108.2">CR No 2034/ 96</s>
<s id="s109.1">Polysorbate 80</s>
<s id="s110.1">Annex II for all food producing species</s>
<s id="s111.1">CR No.</s>
<s id="s111.2">2796/ 95</s>
<s id="s112.1">Sodium alginate</s>
<s id="s113.1">Annex II for all food producing species</s>
<s id="s114.1">Approved food additive (E401).</s>
<s id="s114.2">CR No 2034/ 96</s>
<s id="s115.1">Calcium chloride, dihydrate</s>
<s id="s116.1">Annex II for all food producing species</s>
<s id="s117.1">Council Regulation (EEC) No 1102/ 95</s>
<s id="s118.1">Simeticone (dimethicone)</s>
<s id="s119.1">Annex II for all food producing species</s>
<s id="s120.1">Council Regulation (EEC) No 2796/ 95</s>
<s id="s121.1">8 ANNEX III</s>
<s id="s122.1">LABELLING AND PACKAGE LEAFLET</s>
<s id="s123.1">9 A.</s>
<s id="s123.2">LABELLING</s>
<s id="s124.1">10 PARTICULARS TO APPEAR ON THE OUTER PACKAGE</s>
<s id="s125.1">{CARDBOARD BOXES}</s>
<s id="s126.1">1.</s>
<s id="s126.2">NAME OF THE VETERINARY MEDICINAL PRODUCT</s>
<s id="s127.1">STARTVAC Emulsion for injection for cattle</s>
<s id="s128.1">2.</s>
<s id="s128.2">STATEMENT OF ACTIVE AND OTHER SUBSTANCES</s>
<s id="s129.1">One dose (2 ml) contains:</s>
<s id="s129.2">E. coli J5 inactivated &gt; 50 RED60 (Rabbit effective dose in 60% of the animals (serology)).</s>
<s id="s129.3">S. aureus (CP8) strain SP140 inactivated, expressing Slime Associated Antigenic Complex (SAAC) &gt; 50 RED80 (In 80% of the animals).</s>
<s id="s129.4">Liquid paraffin:</s>
<s id="s129.5">18.2 mg Benzyl alcohol:</s>
<s id="s129.6">20 mg</s>
<s id="s130.1">3.</s>
<s id="s130.2">PHARMACEUTICAL FORM</s>
<s id="s131.1">Emulsion for injection.</s>
<s id="s132.1">4.</s>
<s id="s132.2">PACKAGE SIZE</s>
<s id="s133.1">1 vial of 1 dose (2ml) 10 vials of 1 dose (2 ml) 20 vials of 1 dose (2 ml) 1 vial of 5 doses (10 ml) 10 vials of 5 doses (10 ml) 1 vial of 25 doses (50 ml) 10 vials of 25 doses (50 ml)</s>
<s id="s134.1">5.</s>
<s id="s134.2">TARGET SPECIES</s>
<s id="s135.1">Cattle (cows and heifers).</s>
<s id="s136.1">6.</s>
<s id="s136.2">INDICATION(S)</s>
<s id="s137.1">For herd immunisation of healthy cows and heifers, in dairy cattle herds with recurring mastitis problems, to reduce the incidence of sub-clinical mastitis and the incidence and the severity of the clinical signs of clinical mastitis caused by Staphylococcus aureus, coliforms and coagulase-negative staphylococci.</s>
<s id="s138.1">The full immunisation scheme induces immunity from approximately day 13 after the first injection until approximately day 78 after the third injection (equivalent to 130 days post-parturition).</s>
<s id="s139.1">11 7.</s>
<s id="s139.2">METHOD AND ROUTE(S) OF ADMINISTRATION</s>
<s id="s140.1">Intramuscular use.</s>
<s id="s140.2">Read the package leaflet before use.</s>
<s id="s141.1">8.</s>
<s id="s141.2">WITHDRAWAL PERIOD</s>
<s id="s142.1">Withdrawal period:</s>
<s id="s142.2">Zero days.</s>
<s id="s143.1">9.</s>
<s id="s143.2">SPECIAL WARNING(S), IF NECESSARY</s>
<s id="s144.1">Special warnings:</s>
<s id="s144.2">Accidental self-injection is dangerous – read the package leaflet before use.</s>
<s id="s145.1">10.</s>
<s id="s145.2">EXPIRY DATE</s>
<s id="s146.1">EXP {month/ yyyy}</s>
<s id="s147.1">Once opened, use within a 10-hour period, stored at +15 to + 25 ºC.</s>
<s id="s148.1">11.</s>
<s id="s148.2">SPECIAL STORAGE CONDITIONS</s>
<s id="s149.1">Store and transport refrigerated (+2 to +8 °C) and protected from light.</s>
<s id="s149.2">Do not freeze.</s>
<s id="s150.1">12.</s>
<s id="s150.2">SPECIAL PRECAUTIONS FOR THE DISPOSAL OF UNUSED PRODUCTS OR WASTE MATERIALS, IF ANY</s>
<s id="s151.1">Dispose of waste material in accordance with local requirements.</s>
<s id="s152.1">13.</s>
<s id="s152.2">THE WORDS “ FOR ANIMAL TREATMENT ONLY” AND CONDITIONS OR RESTRICTIONS REGARDING SUPPLY AND USE, if applicable</s>
<s id="s153.1">FOR ANIMAL TREATMENT ONLY To be supplied only on veterinary prescription.</s>
<s id="s154.1">14.</s>
<s id="s154.2">THE WORDS “ KEEP OUT OF THE REACH AND SIGHT OF CHILDREN”</s>
<s id="s155.1">Keep out of the reach and sight of children.</s>
<s id="s156.1">15.</s>
<s id="s156.2">NAME AND ADDRESS OF THE MARKETING AUTHORISATION HOLDER</s>
<s id="s157.1">LABORATORIOS HIPRA, S. A.</s>
<s id="s157.2">Avda.</s>
<s id="s157.3">La Selva, 135 17170- AMER (Girona) SPAIN</s>
<s id="s158.1">12 16.</s>
<s id="s158.2">MARKETING AUTHORISATION NUMBER(S)</s>
<s id="s159.1">EU/ 2/ 08/ 092/ 001-007</s>
<s id="s160.1">17.</s>
<s id="s160.2">MANUFACTURER’ S BATCH NUMBER</s>
<s id="s161.1">Batch{number}</s>
<s id="s162.1">13 MINIMUM PARTICULARS TO APPEAR ON SMALL IMMEDIATE PACKAGING UNITS {LABEL OF 1 DOSE VIAL}</s>
<s id="s163.1">1.</s>
<s id="s163.2">NAME OF THE VETERINARY MEDICINAL PRODUCT</s>
<s id="s164.1">STARTVAC Emulsion for injection.</s>
<s id="s165.1">2.</s>
<s id="s165.2">QUANTITY OF THE ACTIVE SUBSTANCE(S)</s>
<s id="s166.1">One dose contains:</s>
<s id="s166.2">E. coli J5 inactivated; S. aureus CP8 strain SP140 inactivated; Liquid paraffin; Benzyl alcohol.</s>
<s id="s167.1">3.</s>
<s id="s167.2">CONTENTS BY WEIGHT, BY VOLUME OR BY NUMBER OF DOSES</s>
<s id="s168.1">1 dose (2 ml)</s>
<s id="s169.1">4.</s>
<s id="s169.2">ROUTE(S) OF ADMINISTRATION</s>
<s id="s170.1">Intramuscular use.</s>
<s id="s171.1">5.</s>
<s id="s171.2">WITHDRAWAL PERIOD</s>
<s id="s172.1">Withdrawal period:</s>
<s id="s172.2">Zero days.</s>
<s id="s173.1">6.</s>
<s id="s173.2">BATCH NUMBER</s>
<s id="s174.1">Batch {number}</s>
<s id="s175.1">7.</s>
<s id="s175.2">EXPIRY DATE</s>
<s id="s176.1">EXP {month/ yyyy} Once opened, use within a 10-hour period, stored at +15 to + 25 ºC.</s>
<s id="s177.1">8.</s>
<s id="s177.2">THE WORDS “ FOR ANIMAL TREATMENT ONLY”</s>
<s id="s178.1">For animal treatment only.</s>
<s id="s179.1">14 MINIMUM PARTICULARS TO APPEAR ON SMALL IMMEDIATE PACKAGING UNITS {LABEL OF 5 DOSES VIAL}</s>
<s id="s180.1">1.</s>
<s id="s180.2">NAME OF THE VETERINARY MEDICINAL PRODUCT</s>
<s id="s181.1">STARTVAC Emulsion for injection.</s>
<s id="s182.1">2.</s>
<s id="s182.2">QUANTITY OF THE ACTIVE SUBSTANCE(S)</s>
<s id="s183.1">One dose (2 ml) contains:</s>
<s id="s183.2">E. coli J5 inactivated &gt; 50 RED60 S. aureus CP8 strain SP140 inactivated &gt; 50 RED80 Liquid paraffin:</s>
<s id="s183.3">18.2 mg Benzyl alcohol:</s>
<s id="s183.4">20 mg</s>
<s id="s184.1">3.</s>
<s id="s184.2">CONTENTS BY WEIGHT, BY VOLUME OR BY NUMBER OF DOSES</s>
<s id="s185.1">5 doses (10 ml)</s>
<s id="s186.1">4.</s>
<s id="s186.2">ROUTE(S) OF ADMINISTRATION</s>
<s id="s187.1">Intramuscular use.</s>
<s id="s188.1">5.</s>
<s id="s188.2">WITHDRAWAL PERIOD</s>
<s id="s189.1">Withdrawal period:</s>
<s id="s189.2">Zero days.</s>
<s id="s190.1">6.</s>
<s id="s190.2">BATCH NUMBER</s>
<s id="s191.1">Batch {number}</s>
<s id="s192.1">7.</s>
<s id="s192.2">EXPIRY DATE</s>
<s id="s193.1">EXP {month/ yyyy} Once opened, use within a 10-hour period, stored at +15 to + 25 ºC.</s>
<s id="s194.1">8.</s>
<s id="s194.2">THE WORDS “ FOR ANIMAL TREATMENT ONLY”</s>
<s id="s195.1">For animal treatment only.</s>
<s id="s196.1">15 MINIMUM PARTICULARS TO APPEAR ON SMALL IMMEDIATE PACKAGING UNITS {LABEL OF 25 DOSES VIAL}</s>
<s id="s197.1">1.</s>
<s id="s197.2">NAME OF THE VETERINARY MEDICINAL PRODUCT</s>
<s id="s198.1">STARTVAC Emulsion for injection.</s>
<s id="s199.1">2.</s>
<s id="s199.2">QUANTITY OF THE ACTIVE SUBSTANCE(S)</s>
<s id="s200.1">One dose (2 ml) contains:</s>
<s id="s200.2">E. coli J5 inactivated &gt; 50 RED60 * S. aureus CP8 strain SP140 inactivated, expressing SAAC &gt; 50 RED80 * * RED:</s>
<s id="s200.3">Rabbit effective dose in 60% or in 80% of the animals (serology).</s>
<s id="s200.4">Liquid paraffin:</s>
<s id="s200.5">18.2 mg Benzyl alcohol:</s>
<s id="s200.6">20 mg</s>
<s id="s201.1">3.</s>
<s id="s201.2">CONTENTS BY WEIGHT, BY VOLUME OR BY NUMBER OF DOSES</s>
<s id="s202.1">25 doses (50 ml)</s>
<s id="s203.1">4.</s>
<s id="s203.2">ROUTE(S) OF ADMINISTRATION</s>
<s id="s204.1">Intramuscular use.</s>
<s id="s205.1">5.</s>
<s id="s205.2">WITHDRAWAL PERIOD</s>
<s id="s206.1">Withdrawal period:</s>
<s id="s206.2">Zero days.</s>
<s id="s207.1">6.</s>
<s id="s207.2">BATCH NUMBER</s>
<s id="s208.1">Batch {number}</s>
<s id="s209.1">7.</s>
<s id="s209.2">EXPIRY DATE</s>
<s id="s210.1">EXP {month/ yyyy} Once opened, use within a 10-hour period, stored at +15 to + 25 ºC.</s>
<s id="s211.1">8.</s>
<s id="s211.2">THE WORDS “ FOR ANIMAL TREATMENT ONLY”</s>
<s id="s212.1">For animal treatment only.</s>
<s id="s213.1">16 B.</s>
<s id="s213.2">PACKAGE LEAFLET</s>
<s id="s214.1">17 PACKAGE LEAFLET</s>
<s id="s215.1">STARTVAC</s>
<s id="s216.1">Emulsion for injection for cows and heifers</s>
<s id="s217.1">1.</s>
<s id="s217.2">NAME AND ADDRESS OF THE MARKETING AUTHORISATION HOLDER AND OF THE MANUFACTURING AUTHORISATION HOLDER RESPONSIBLE FOR BATCH RELEASE, IF DIFFERENT</s>
<s id="s218.1">Marketing authorisation holder and manufacturer:</s>
<s id="s219.1">LABORATORIOS HIPRA, S. A.</s>
<s id="s219.2">Avda.</s>
<s id="s219.3">La Selva, 135 17170- AMER (Girona) SPAIN</s>
<s id="s220.1">2.</s>
<s id="s220.2">NAME OF THE VETERINARY MEDICINAL PRODUCT</s>
<s id="s221.1">STARTVAC emulsion for injection for cattle</s>
<s id="s222.1">3.</s>
<s id="s222.2">STATEMENT OF THE ACTIVE SUBSTANCE(S) AND OTHER INGREDIENT(S)</s>
<s id="s223.1">Escherichia coli (J5) inactivated......................................................................... &gt; 50 RED60 * Staphylococcus aureus (CP8) strain SP 140 inactivated, expressing Slime Associated Antigenic Complex (SAAC)............................................................................................... &gt; 50 RED80 ** * RED60:</s>
<s id="s223.2">Rabbit effective dose in 60% of the animals (serology). ** RED80:</s>
<s id="s223.3">Rabbit effective dose in 80% of the animals (serology).</s>
<s id="s223.4">Liquid paraffin:</s>
<s id="s223.5">18.2 mg Benzyl alcohol:</s>
<s id="s223.6">20 mg</s>
<s id="s224.1">STARTVAC is an ivory-coloured homogeneous emulsion for injection.</s>
<s id="s225.1">4.</s>
<s id="s225.2">INDICATION(S)</s>
<s id="s226.1">For herd immunisation of healthy cows and heifers, in dairy cattle herds with recurring mastitis problems, to reduce the incidence of sub-clinical mastitis and the incidence and the severity of the clinical signs of clinical mastitis caused by Staphylococcus aureus, coliforms and coagulase-negative staphylococci.</s>
<s id="s227.1">The full immunisation scheme induces immunity from approximately day 13 after the first injection until approximately day 78 after the third injection (equivalent to 130 days post-parturition).</s>
<s id="s228.1">5.</s>
<s id="s228.2">CONTRAINDICATIONS</s>
<s id="s229.1">None.</s>
<s id="s230.1">18/ 21 6.</s>
<s id="s230.2">ADVERSE REACTIONS</s>
<s id="s231.1">Slight to moderate transient local reactions may occur after the administration of one dose of vaccine.</s>
<s id="s231.2">They would mainly be: swelling (up to 5 cm2 on average), which disappears within 1 or 2 weeks at most.</s>
<s id="s231.3">In some cases, there may also be pain at the inoculation site that spontaneously subsides in a maximum of 4 days.</s>
<s id="s232.1">A mean transient increase in body temperature of about 1°C, in some cows up to 2°C, may occur in the first 24 hours after injection.</s>
<s id="s233.1">Animals immunised with an overdose did not show adverse reactions other than those observed after the administration of one dose of vaccine.</s>
<s id="s234.1">If you notice any serious effects or other effects not mentioned in this leaflet, please inform your veterinary surgeon.</s>
<s id="s235.1">7.</s>
<s id="s235.2">TARGET SPECIES</s>
<s id="s236.1">Cattle (cows and heifers).</s>
<s id="s237.1">8.</s>
<s id="s237.2">DOSAGE FOR EACH SPECIES, ROUTE(S) AND METHOD OF ADMINISTRATION</s>
<s id="s238.1">Intramuscular use.</s>
<s id="s238.2">The injections should be preferably administered on the alternate sides of the neck.</s>
<s id="s239.1">Administer one dose (2 ml) be deep intramuscular injection in the neck muscles and according to the following schedule:</s>
<s id="s240.1">- First injection at 45 days before the expected parturition date.</s>
<s id="s241.1">- Second injection 35 days thereafter (corresponding to 10 days before the expected</s>
<s id="s242.1">parturition date).</s>
<s id="s243.1">- Third injection 62 days after the second injection (equivalent to 52 days post-parturition).</s>
<s id="s244.1">The full immunisation program should be repeated with each gestation.</s>
<s id="s245.1">9.</s>
<s id="s245.2">ADVICE ON CORRECT ADMINISTRATION</s>
<s id="s246.1">Allow the vaccine to reach a temperature of +15 to + 25 °C before administration.</s>
<s id="s246.2">Shake before use.</s>
<s id="s247.1">10.</s>
<s id="s247.2">WITHDRAWAL PERIOD</s>
<s id="s248.1">Zero days.</s>
<s id="s249.1">11.</s>
<s id="s249.2">SPECIAL STORAGE PRECAUTIONS</s>
<s id="s250.1">Keep out of the reach and sight of children.</s>
<s id="s250.2">Store and transport refrigerated (+2 to +8 °C) and protected from light.</s>
<s id="s250.3">Do not freeze.</s>
<s id="s250.4">Do not use after the expiry date stated on the label.</s>
<s id="s250.5">Shelf life after first opening the immediate packaging:</s>
<s id="s250.6">10 hours stored +15 to +25 ºC.</s>
<s id="s251.1">19/ 21 12.</s>
<s id="s251.2">SPECIAL WARNING(S)</s>
<s id="s252.1">The whole herd should be immunised.</s>
<s id="s253.1">Immunisation has to be considered as one component in a complex mastitis control program that addresses all important udder health factors (e. g. milking technique, dry-off and breeding management, hygiene, nutrition, housing, bedding, cow comfort, air and water quality, health monitoring) and other management practices.</s>
<s id="s254.1">Special precautions for use in animals</s>
<s id="s255.1">Only healthy animals should be immunised.</s>
<s id="s256.1">Special precautions to be taken by the person administering the veterinary medicinal product to animals</s>
<s id="s257.1">To the user:</s>
<s id="s257.2">This product contains mineral oil.</s>
<s id="s257.3">Accidental injection/ self injection may result in severe pain and swelling, particularly if injected into a joint or finger, and in rare cases could result in the loss of the affected finger if prompt medical attention is not given.</s>
<s id="s258.1">If you are accidentally injected with this product, seek prompt medical advice even if only a very small amount is injected and take the package leaflet with you.</s>
<s id="s259.1">If pain persists for more than 12 hours after medical examination, seek medical advice again.</s>
<s id="s260.1">To the physician:</s>
<s id="s260.2">This product contains mineral oil.</s>
<s id="s260.3">Even if small amounts have been injected, accidental injection with this product can cause intense swelling, which may, for example, result in ischaemic necrosis and even the loss of a digit.</s>
<s id="s260.4">Expert, PROMPT, surgical attention is required and may necessitate early incision and irrigation of the injected area, especially where there is involvement of finger pulp or tendon.</s>
<s id="s261.1">Can be used during pregnancy and lactation.</s>
<s id="s262.1">No information is available on the safety and efficacy of this vaccine when used with any other veterinary medicinal product.</s>
<s id="s262.2">A decision to use this vaccine before or after any other veterinary medicinal product therefore needs to be made on a case by case basis.</s>
<s id="s263.1">Do not mix with any other vaccine or immunological product.</s>
<s id="s264.1">13.</s>
<s id="s264.2">SPECIAL PRECAUTIONS FOR THE DISPOSAL OF UNUSED PRODUCT OR WASTE MATERIALS</s>
<s id="s265.1">Any unused veterinary medicinal product or waste materials derived from such veterinary medicinal products should be disposed of in accordance with local requirements.</s>
<s id="s266.1">14.</s>
<s id="s266.2">DATE ON WHICH THE PACKAGE LEAFLET WAS LAST APPROVED</s>
<s id="s267.1">11/ 02/ 2009</s>
<s id="s268.1">20/ 21 15.</s>
<s id="s268.2">OTHER INFORMATION</s>
<s id="s269.1">Pack sizes:</s>
<s id="s270.1">- Cardboard box with 1, 10 and 20 vials of 1 dose.</s>
<s id="s271.1">- Cardboard box with 1 and 10 vials of 5 doses.</s>
<s id="s272.1">- Cardboard box with 1 and 10 vials of 25 doses.</s>
<s id="s273.1">Not all pack sizes may be marketed.</s>
<s id="s274.1">21/ 21</s>
</body>
</letsmt>
