<?xml version="1.0" encoding="utf-8"?>
<letsmt version="1.0">
<head></head>
<body>
<s id="s1.1">ANNEX I</s>
<s id="s2.1">NAME, PHARMACEUTICAL FORM, STRENGTH OF THE MEDICINAL PRODUCTS, ANIMAL SPECIES, ROUTES OF ADMINISTRATION, AND MARKETING AUTHORISATION HOLDER/ APPLICANT(S)</s>
<s id="s3.1">EMEA/ CVMP/ 495339/ 2007-EN</s>
<s id="s4.1">November 2007</s>
<s id="s5.1">1/ 10</s>
<s id="s6.1">Member State</s>
<s id="s7.1">Marketing Authorisation Holder/ Applicant</s>
<s id="s8.1">Product invented name</s>
<s id="s9.1">Pharmaceutical form</s>
<s id="s10.1">Strength</s>
<s id="s11.1">Animal species</s>
<s id="s12.1">Frequency and route Recommended dose of administration</s>
<s id="s13.1">Ireland</s>
<s id="s14.1">ECO Animal Health Ltd.</s>
<s id="s14.2">78 Coombe Road New Malden Surrey KT3 4QS United Kingdom</s>
<s id="s15.1">Ecomectin 18.7 mg/ g Oral Paste for Horses</s>
<s id="s16.1">Oral Paste.</s>
<s id="s16.2">A white homogenous paste</s>
<s id="s17.1">Ivermectin 18.7 mg/ g</s>
<s id="s18.1">Horses</s>
<s id="s19.1">The paste is given by oral route.</s>
<s id="s20.1">One syringe division of paste per 100 kg body weight (based on a recommended dosage of 200 microgram ivermectin per kg body weight).</s>
<s id="s21.1">Belgium</s>
<s id="s22.1">As above</s>
<s id="s23.1">Ivermax 18.7 As above As above As above As above mg/ g Oral Paste for Horses</s>
<s id="s24.1">As above</s>
<s id="s25.1">Cyprus</s>
<s id="s26.1">As above</s>
<s id="s27.1">Tizoval 18.7 As above As above As above As above mg/ g Oral Paste for Horses</s>
<s id="s28.1">As above</s>
<s id="s29.1">Czech Republic</s>
<s id="s30.1">As above</s>
<s id="s31.1">Vetimec 18.7 As above As above As above As above mg/ g Oral Paste for Horses</s>
<s id="s32.1">As above</s>
<s id="s33.1">Denmark</s>
<s id="s34.1">As above</s>
<s id="s35.1">Ecomectin As above As above As above As above 18.7 mg/ g Oral Paste for Horses</s>
<s id="s36.1">As above</s>
<s id="s37.1">Finland</s>
<s id="s38.1">As above</s>
<s id="s39.1">Ecomectin As above As above As above As above 18.7 mg/ g Oral Paste for Horses</s>
<s id="s40.1">As above</s>
<s id="s41.1">EMEA/ CVMP/ 495339/ 2007-EN</s>
<s id="s42.1">November 2007</s>
<s id="s43.1">2/ 10</s>
<s id="s44.1">Member State</s>
<s id="s45.1">Marketing Authorisation Holder/ Applicant</s>
<s id="s46.1">Product invented name</s>
<s id="s47.1">Pharmaceutical form</s>
<s id="s48.1">Strength</s>
<s id="s49.1">Animal species</s>
<s id="s50.1">Frequency and route Recommended dose of administration</s>
<s id="s51.1">France</s>
<s id="s52.1">As above</s>
<s id="s53.1">Divamectin As above As above As above As above 18.7 mg/ g Oral Paste for Horses</s>
<s id="s54.1">As above</s>
<s id="s55.1">Germany</s>
<s id="s56.1">As above</s>
<s id="s57.1">Tizoval 18.7 As above As above As above As above mg/ g Oral Paste for Horses</s>
<s id="s58.1">As above</s>
<s id="s59.1">Greece</s>
<s id="s60.1">As above</s>
<s id="s61.1">Tizoval 18.7 As above As above As above As above mg/ g Oral Paste for Horses</s>
<s id="s62.1">As above</s>
<s id="s63.1">Hungary</s>
<s id="s64.1">As above</s>
<s id="s65.1">Ecomectin As above As above As above As above 18.7 mg/ g Oral Paste for Horses</s>
<s id="s66.1">As above</s>
<s id="s67.1">Italy</s>
<s id="s68.1">As above</s>
<s id="s69.1">Tizoval 18.7 As above As above As above As above mg/ g Oral Paste for Horses</s>
<s id="s70.1">As above</s>
<s id="s71.1">The Netherlands</s>
<s id="s72.1">As above</s>
<s id="s73.1">Ivermax 18.7 As above As above As above As above mg/ g Oral Paste for Horses</s>
<s id="s74.1">As above</s>
<s id="s75.1">Norway</s>
<s id="s76.1">As above</s>
<s id="s77.1">Tizoval 18.7 As above As above As above As above mg/ g Oral Paste for Horses</s>
<s id="s78.1">As above</s>
<s id="s79.1">EMEA/ CVMP/ 495339/ 2007-EN</s>
<s id="s80.1">November 2007</s>
<s id="s81.1">3/ 10</s>
<s id="s82.1">Member State</s>
<s id="s83.1">Marketing Authorisation Holder/ Applicant</s>
<s id="s84.1">Product invented name</s>
<s id="s85.1">Pharmaceutical form</s>
<s id="s86.1">Strength</s>
<s id="s87.1">Animal species</s>
<s id="s88.1">Frequency and route Recommended dose of administration</s>
<s id="s89.1">Portugal</s>
<s id="s90.1">As above</s>
<s id="s91.1">Ecomectin As above As above As above As above 18.7 mg/ g Oral Paste for Horses</s>
<s id="s92.1">As above</s>
<s id="s93.1">Spain</s>
<s id="s94.1">As above</s>
<s id="s95.1">Ecomectin As above As above As above As above 18.7 mg/ g Oral Paste for Horses</s>
<s id="s96.1">As above</s>
<s id="s97.1">Sweden</s>
<s id="s98.1">As above</s>
<s id="s99.1">Ecomectin As above As above As above As above 18.7 mg/ g Oral Paste for Horses</s>
<s id="s100.1">As above</s>
<s id="s101.1">United Kingdom</s>
<s id="s102.1">As above</s>
<s id="s103.1">Animec 18.7 As above As above As above As above mg/ g Oral Paste for Horses</s>
<s id="s104.1">As above</s>
<s id="s105.1">EMEA/ CVMP/ 495339/ 2007-EN</s>
<s id="s106.1">ANNEX II</s>
<s id="s107.1">November 2007</s>
<s id="s108.1">4/ 10</s>
<s id="s109.1">SCIENTIFIC CONCLUSIONS</s>
<s id="s110.1">EMEA/ CVMP/ 495339/ 2007-EN SCIENTIFIC CONCLUSIONS</s>
<s id="s111.1">November 2007</s>
<s id="s112.1">5/ 10</s>
<s id="s113.1">1.</s>
<s id="s113.2">Introduction and background</s>
<s id="s114.1">Ecomectin 18.7 mg/ g Oral Paste for Horses is intended to be used in horses for the treatment of nematode or arthropod infections caused by Strongylus vulgaris, Strongylus edentatus, Strongylus equinus, Small strongyles (including benzimidazole resistant strains):</s>
<s id="s114.2">Cyathostomum spp, Cylicocyclus spp., Cylicodontophorus spp., Cylicostephanus spp., Gyalocephalus spp., Ascarids:</s>
<s id="s114.3">Parascaris equorum, Pinworms:</s>
<s id="s114.4">Oxyuris equim, Neck threadworms:</s>
<s id="s114.5">Onchocerca spp, Stomach bots:</s>
<s id="s114.6">Gasterophilus spp</s>
<s id="s115.1">Ireland notified the EMEA on 4 July 2007 that the Co-ordination Group for Mutual Recognition and Decentralised Procedures - Veterinary (CMD(v)) failed to reach an agreement regarding Ecomectin 18.7 mg/ g Oral Paste for Horses.</s>
<s id="s115.2">Pursuant to Article 33(4) of Council Directive 2001/ 82/ EC, as amended, the matter has been referred to the CVMP.</s>
<s id="s116.1">The referral relates to the concerns raised by Germany that this veterinary medicinal product may present a potential serious risk to public health on the following grounds:</s>
<s id="s117.1">An environmental risk was detected during the risk assessment Phase II Tier A for dung fauna organisms.</s>
<s id="s117.2">No adequate data for Tier B were provided by the applicant to assess the long-term effects on dung fauna organisms caused by the use of the product.</s>
<s id="s118.1">The referral procedure started on 11 July 2007.</s>
<s id="s118.2">The time frame agreed by the CVMP on 11 July 2007 was 58 days.</s>
<s id="s119.1">On the basis of the grounds for referral, the points considered by the CVMP were:</s>
<s id="s120.1">1.</s>
<s id="s120.2">The Marketing Authorisation Holder should provide complete information submitted to the Reference Member State and the CMD(v) in respect to environmental risk assessment; 2.</s>
<s id="s120.3">The Marketing Authorisation Holder should provide an updated Environmental Risk Assessment according to the CVMP guidelines on the matter, including any justification for exemption of Phase II; 3.</s>
<s id="s120.4">The Marketing Authorisation Holder should discuss and propose, if considered appropriate, possible risk mitigation measures to be included in the SPC of the product.</s>
<s id="s121.1">These points were included in the List of Questions that the Committee for Veterinary Medicinal Products adopted on 11 July 2007.</s>
<s id="s121.2">The List of Questions was sent to the Marketing Authorisation Holder.</s>
<s id="s122.1">The Marketing Authorisation Holder submitted written responses to the List of Questions on 12 September 2007.</s>
<s id="s122.2">Oral explanations were heard on 10 October 2007.</s>
<s id="s123.1">2 Information in respect to environmental risk assessment</s>
<s id="s124.1">The Marketing Authorisation Holder provided the following information: • An updated Environmental Risk Assessment • The complete information submitted to the Reference Member State and the CMD(v) in respect to environmental risk assessment.</s>
<s id="s125.1">EMEA/ CVMP/ 495339/ 2007-EN</s>
<s id="s126.1">November 2007</s>
<s id="s127.1">6/ 10</s>
<s id="s128.1">2.1 Updated Environmental Risk Assessment according to the CVMP guidelines on the matter, including any justification for exemption of Phase II</s>
<s id="s129.1">The Marketing Authorisation Holder provided an updated environmental risk assessment.</s>
<s id="s129.2">A separate file for justification of exemption from phase II was not specifically given.</s>
<s id="s129.3">However some consideration to this is given on the document that can be summarised as follows:</s>
<s id="s130.1">Ecomectin 18.7 mg/ g Oral Paste for Horses is a generic product and as such an environmental risk assessment is now required under Directive 2001/ 82, as amended.</s>
<s id="s131.1">The Marketing Authorisation Holder considers that the guidelines were written primarily for new molecules where the risk to the environment has not been characterized and that it is not the case for ivermectin-containing veterinary medicinal products that have been in extensive worldwide use for nearly 25 years and that real risk or detrimental environmental effect attributable to ivermectin-based veterinary medicinal products would have been observed.</s>
<s id="s132.1">The Marketing Authorisation Holder considers it inconceivable that the risks posed to the environment associated with the use of Ecomectin 18.7 mg/ g Oral Paste for Horses in particular are any greater than those posed by other ivermectin-based products, particularly as the concentration of the active ingredient and the proposed usage regime is identical to that of the reference and other similar products.</s>
<s id="s133.1">The applicant considers that the level of use in horses in terms of animal numbers and dose level, compared to other pasture animals (cattle and sheep) is low and that consequently the use in the horse will have limited impact on the environment.</s>
<s id="s133.2">Based on this, the applicant argued that the horse should be classed as “ minor use/ minor species” and that no Phase II risk assessment is required.</s>
<s id="s133.3">In addition, he considers that since this is a generic, there will not be an additional risk to the environment.</s>
<s id="s133.4">The applicant does not provide a formal justification for exemption of Phase II.</s>
<s id="s134.1">The PEC in soil were calculated for intensively reared animals and pasture animals, according to the CVMP Guideline on Environmental Impact Assessment for Veterinary medicinal Products in Support of the VICH Guidelines GL6 and GL38 (EMEA/ CVMP/ ERA/ 418282/ 2005-corr).</s>
<s id="s134.2">PECSOIL- Intensively reared animals = 1.036 µg. kg-1 PECSOIL- Pasture animals = 0.48 µg. kg-1 For two soil exposure scenarios the PECSOIL values did not exceed the 100 µg/ kg threshold value as stated in the VICH Guideline for Phase I assessments of veterinary medicines.</s>
<s id="s134.3">Despite this, Step 16 of the Phase I decision tree would indicate that a Phase II assessment is required for a product of this nature i. e. ecto/ endoparasiticide for major species.</s>
<s id="s135.1">The applicability of the following question of the VICH GL6 was considered:</s>
<s id="s136.1">Question 4 - Is the VMP intended for use in a minor species that is reared and treated similarly to a major species for which an EIA (Environmental Impact Assessment) already exists?</s>
<s id="s137.1">The product under referral is intended for horses only.</s>
<s id="s137.2">Although oral paste is not used in major species (cattle, sheep, pigs), oral forms exist.</s>
<s id="s137.3">Ivermectin-containing products are widely used in these species.</s>
<s id="s137.4">Horses are reared under similar conditions to livestock or, alternatively to housed livestock such as pigs, for which species ivermectin has a well-established use, orally and by other routes of administration.</s>
<s id="s138.1">The use of Ecomectin 18.7 Oral Paste for Horses does not result in an increase of the exposure to the environment compared to products for major species and therefore the conclusions of their environmental impact assessment is applicable for this product for horses.</s>
<s id="s139.1">No risk mitigation measures are considered appropriate.</s>
<s id="s140.1">EMEA/ CVMP/ 495339/ 2007-EN 3 Conclusions and recommendations</s>
<s id="s141.1">November 2007</s>
<s id="s142.1">7/ 10</s>
<s id="s143.1">The Committee concludes that, since the product is intended for use in a minor species (horses) that is reared and treated similarly to a major species, the conclusions on the Environmental Risk Assessment of the major species apply, the product should be exempt from providing a Phase II assessment and that no risk mitigation measures should be included in the SPC of the product.</s>
<s id="s144.1">EMEA/ CVMP/ 495339/ 2007-EN</s>
<s id="s145.1">ANNEX III</s>
<s id="s146.1">November 2007</s>
<s id="s147.1">8/ 10</s>
<s id="s148.1">SUMMARY OF PRODUCT CHARACTERISTICS, LABELLING AND PACKAGE INSERT</s>
<s id="s149.1">EMEA/ CVMP/ 495339/ 2007-EN</s>
<s id="s150.1">November 2007</s>
<s id="s151.1">9/ 10</s>
<s id="s152.1">The valid Summary of Product Characteristics, labelling and package leaflet are the final versions achieved at day 90 during the Coordination group procedure.</s>
<s id="s153.1">EMEA/ CVMP/ 495339/ 2007-EN</s>
<s id="s154.1">November 2007</s>
<s id="s155.1">10/ 10</s>
</body>
</letsmt>
