<?xml version="1.0" encoding="utf-8"?>
<letsmt version="1.0">
<head></head>
<body>
<s id="s1.1">ANNEX I</s>
<s id="s2.1">SUMMARY OF PRODUCT CHARACTERISTICS</s>
<s id="s3.1">1/ 17 1.</s>
<s id="s3.2">NAME OF THE VETERINARY MEDICINAL PRODUCT</s>
<s id="s4.1">Purevax RC</s>
<s id="s5.1">2.</s>
<s id="s5.2">QUALITATIVE AND QUANTITATIVE COMPOSITION</s>
<s id="s6.1">Active substances:</s>
<s id="s6.2">Per 1-ml dose:</s>
<s id="s6.3">Freeze-dried pellet:</s>
<s id="s6.4">Attenuated feline rhinotracheitis herpesvirus (FHV F2 strain)..................................... ≥ 104.9 CCID501 Inactivated feline Calicivirosis antigens (FCV 431 and G1 strains)............................. ≥ 2.0 ELISA U.</s>
<s id="s6.5">Excipient:</s>
<s id="s6.6">Gentamicin, at most..................................................................................................................... .16.5 µg Solvent:</s>
<s id="s6.7">Water for injections.................................................................................................................... q. s.</s>
<s id="s6.8">1 ml 1: cell culture infective dose 50% For a full list of excipients, see section 6.1.</s>
<s id="s7.1">3.</s>
<s id="s7.2">PHARMACEUTICAL FORM</s>
<s id="s8.1">Lyophilisate and solvent for suspension for injection.</s>
<s id="s9.1">4.</s>
<s id="s9.2">CLINICAL PARTICULARS</s>
<s id="s10.1">4.1 Target species</s>
<s id="s11.1">Cats.</s>
<s id="s12.1">4.2 Indications for use, specifying the target species</s>
<s id="s13.1">Active immunisation of cats aged 8 weeks and older:</s>
<s id="s14.1">- against feline viral rhinotracheitis to reduce clinical signs,</s>
<s id="s15.1">- against calicivirus infection to reduce clinical signs and excretion.</s>
<s id="s16.1">Onsets of immunity have been demonstrated 1week after primary vaccination course for rhinotracheitis and calicivirus components.</s>
<s id="s16.2">The duration of immunity is 1 year after the last (re-)vaccination.</s>
<s id="s17.1">4.3 Contraindications</s>
<s id="s18.1">Do not use in pregnant animals.</s>
<s id="s18.2">The use is not recommended during lactation.</s>
<s id="s19.1">4.4 Special warnings</s>
<s id="s20.1">None.</s>
<s id="s21.1">4.5 Special precautions for use</s>
<s id="s22.1">Special precautions for use in animals</s>
<s id="s23.1">Use only in healthy animals.</s>
<s id="s24.1">2/ 17 Special precautions to be taken by the person administering the veterinary medicinal product to animals</s>
<s id="s25.1">In case of accidental self-injection, seek medical advice immediately and show the package leaflet or the label to the physician.</s>
<s id="s26.1">4.6 Adverse reactions (frequency and seriousness)</s>
<s id="s27.1">In normal conditions of use, transient apathy and anorexia may occasionally occur, as well as hyperthermia (lasting usually for 1 or 2 days).</s>
<s id="s27.2">A local reaction may occur (slight pain at palpation, itching or limited oedema) that disappears within 1 or 2 weeks at most.</s>
<s id="s27.3">In exceptional circumstances a hypersensitivity reaction may occur, which may require appropriate symptomatic treatment.</s>
<s id="s28.1">4.7 Use during pregnancy, lactation or lay</s>
<s id="s29.1">Do not use in pregnant animals.</s>
<s id="s29.2">The use is not recommended during lactation</s>
<s id="s30.1">4.8 Interaction with other medicinal products and other forms of interaction</s>
<s id="s31.1">Safety and efficacy data are available which demonstrate that this vaccine can be mixed with Merial non-adjuvanted vaccine against feline leukaemia and/ or administered the same day but not mixed with Merial adjuvanted vaccine against rabies.</s>
<s id="s32.1">4.9 Amounts to be administered and administration route</s>
<s id="s33.1">Inject by subcutaneous route one 1-ml dose of vaccine after reconstitution of the lyophilisate with the solvent, according to the following vaccination scheme:</s>
<s id="s34.1">Primary vaccination course:</s>
<s id="s35.1">- first injection: from 8 weeks of age,</s>
<s id="s36.1">- second injection:</s>
<s id="s36.2">3 to 4 weeks later.</s>
<s id="s37.1">In the presence of high levels of maternally derived specific antibodies, the primary vaccination course should be delayed until 12 weeks of age.</s>
<s id="s38.1">Revaccination: every year.</s>
<s id="s39.1">4.10 Overdose (symptoms, emergency procedures, antidotes), if necessary</s>
<s id="s40.1">No effect other than those already mentioned in section “ Adverse reactions” have been observed, except hyperthermia that may exceptionally last 5 days.</s>
<s id="s41.1">4.11 Withdrawal period(s)</s>
<s id="s42.1">Not applicable.</s>
<s id="s43.1">5.</s>
<s id="s43.2">IMMUNOLOGICAL PROPERTIES</s>
<s id="s44.1">ATCvet code:</s>
<s id="s44.2">QI06AH08</s>
<s id="s45.1">Vaccine against feline viral rhinotracheitis and feline calicivirosis.</s>
<s id="s45.2">Stimulates active immunity against feline rhinotracheitis herpesvirus and feline calicivirus.</s>
<s id="s46.1">3/ 17 6.</s>
<s id="s46.2">PHARMACEUTICAL PARTICULARS</s>
<s id="s47.1">6.1 List of excipients</s>
<s id="s48.1">Sucrose Sorbitol Dextran 40 Casein hydrolysate Collagen hydrolysate Salts</s>
<s id="s49.1">6.2 Incompatibilities</s>
<s id="s50.1">Do not mix with any other vaccine or immunological product, except those mentioned in section “ Interactions”.</s>
<s id="s51.1">6.3 Shelf life</s>
<s id="s52.1">18 months.</s>
<s id="s52.2">Use immediately after reconstitution</s>
<s id="s53.1">6.4 Special precautions for storage</s>
<s id="s54.1">Store and transport refrigerated (2 °C – 8 °C) protected from light.</s>
<s id="s54.2">Do not freeze.</s>
<s id="s55.1">6.5 Nature and composition of immediate packaging</s>
<s id="s56.1">Type I glass bottle containing 1 dose of lyophilisate and type I glass bottle containing 1 ml of solvent, both closed with a butyl elastomer closure and sealed with an aluminium cap.</s>
<s id="s56.2">Pack containing 10 bottles of 1 dose of lyophilisate and 10 bottles of 1 ml of solvent Pack containing 50 bottles of 1 dose of lyophilisate and 50 bottles of 1 ml of solvent Not all pack sizes may be marketed.</s>
<s id="s57.1">6.6 Special precautions for the disposal of unused veterinary medicinal product or waste materials derived from the use of such products</s>
<s id="s58.1">Dispose of waste material by boiling, incineration or immersion in an appropriate disinfectant approved for use by the competent authorities.</s>
<s id="s59.1">7.</s>
<s id="s59.2">MARKETING AUTHORISATION HOLDER</s>
<s id="s60.1">MERIAL 29, avenue Tony Garnier 69007 LYON FRANCE</s>
<s id="s61.1">8.</s>
<s id="s61.2">MARKETING AUTHORISATION NUMBER(S)</s>
<s id="s62.1">EU/ 2/ 04/ 051/ 001-002</s>
<s id="s63.1">4/ 17 9.</s>
<s id="s63.2">DATE OF FIRST AUTHORISATION/ RENEWAL OF THE AUTHORISATION</s>
<s id="s64.1">23/ 02/ 2005</s>
<s id="s65.1">10.</s>
<s id="s65.2">DATE OF REVISION OF THE TEXT</s>
<s id="s66.1">17/ 02/ 2009</s>
<s id="s67.1">Detailed information on this veterinary medicinal product is available on the website of the European Medicines Agency (EMEA) http: / /www. emea. europa. eu/</s>
<s id="s68.1">PROHIBITION OF SALE, SUPPLY AND/ OR USE</s>
<s id="s69.1">Not applicable.</s>
<s id="s70.1">5/ 17 ANNEX II</s>
<s id="s71.1">A.</s>
<s id="s71.2">MANUFACTURER(S) OF THE BIOLOGICAL ACTIVE SUBSTANCE(S) AND MANUFACTURING AUTHORISATION HOLDER(S) RESPONSIBLE FOR BATCH RELEASE</s>
<s id="s72.1">B.</s>
<s id="s72.2">CONDITIONS OR RESTRICTIONS OF THE MARKETING AUTHORISATION REGARDING SUPPLY OR USE</s>
<s id="s73.1">C.</s>
<s id="s73.2">CONDITIONS OR RESTRICTIONS OF THE MARKETING AUTHORISATION WITH REGARD TO SAFE AND EFFECTIVE USE</s>
<s id="s74.1">D.</s>
<s id="s74.2">STATEMENT OF THE MRLs</s>
<s id="s75.1">6/ 17 A.</s>
<s id="s75.2">MANUFACTURER(S) OF THE BIOLOGICAL ACTIVE SUBSTANCE(S) AND MANUFACTURING AUTHORISATION HOLDER(S) RESPONSIBLE FOR BATCH RELEASE</s>
<s id="s76.1">Name and address of the manufacturer(s) of the biological active substance(s)</s>
<s id="s77.1">Merial Laboratory of Lyon Porte des Alpes Rue de l’ aviation 69800 SAINT-PRIEST France</s>
<s id="s78.1">Merial Laboratory of Lyon Gerland 254, Avenue Marcel Mérieux 69007 LYON France</s>
<s id="s79.1">Name and address of the manufacturer responsible for batch release</s>
<s id="s80.1">Merial Laboratory of Lyon Porte des Alpes Rue de l’ aviation 69800 SAINT-PRIEST France</s>
<s id="s81.1">B.</s>
<s id="s81.2">CONDITIONS OR RESTRICTIONS OF THE MARKETING AUTHORISATION REGARDING SUPPLY OR USE</s>
<s id="s82.1">To be supplied only on veterinary prescription.</s>
<s id="s83.1">C.</s>
<s id="s83.2">CONDITIONS OR RESTRICTIONS OF THE MARKETING AUTHORISATION WITH REGARD TO THE SAFE AND EFFECTIVE USE OF THE PRODUCT</s>
<s id="s84.1">Not applicable</s>
<s id="s85.1">D.</s>
<s id="s85.2">STATEMENT OF THE MRLs</s>
<s id="s86.1">Not applicable</s>
<s id="s87.1">7/ 17 ANNEX III</s>
<s id="s88.1">LABELLING AND PACKAGE LEAFLET</s>
<s id="s89.1">8/ 17 A.</s>
<s id="s89.2">LABELLING</s>
<s id="s90.1">9/ 17 PARTICULARS TO APPEAR ON THE OUTER PACKAGE {NATURE/ TYPE}</s>
<s id="s91.1">1.</s>
<s id="s91.2">NAME OF THE VETERINARY MEDICINAL PRODUCT</s>
<s id="s92.1">Purevax RC</s>
<s id="s93.1">2.</s>
<s id="s93.2">STATEMENT OF ACTIVE AND OTHER SUBSTANCES</s>
<s id="s94.1">Per 1-ml dose:</s>
<s id="s94.2">FHV (F2 strain)................................................................................................................ ≥ 104.9 CCID50 FCV (431 and G1 strains).............................................................................................. ≥ 2.0 ELISA U.</s>
<s id="s94.3">Gentamicin, at most......................................................................................................................</s>
<s id="s94.4">16.5 µg</s>
<s id="s95.1">3.</s>
<s id="s95.2">PHARMACEUTICAL FORM</s>
<s id="s96.1">Lyophilisate and solvent for suspension for injection.</s>
<s id="s97.1">4.</s>
<s id="s97.2">PACKAGE SIZE</s>
<s id="s98.1">Lyophilisate (10 bottles of 1 dose) + solvent (10 bottles of 1 ml) Lyophilisate (50 bottles of 1 dose) + solvent (50 bottles of 1 ml)</s>
<s id="s99.1">5.</s>
<s id="s99.2">TARGET SPECIES</s>
<s id="s100.1">Cats.</s>
<s id="s101.1">6.</s>
<s id="s101.2">INDICATION(S)</s>
<s id="s102.1">Read the package leaflet before use.</s>
<s id="s103.1">7.</s>
<s id="s103.2">METHOD AND ROUTE(S) OF ADMINISTRATION</s>
<s id="s104.1">Subcutaneous use.</s>
<s id="s105.1">8.</s>
<s id="s105.2">WITHDRAWAL PERIOD</s>
<s id="s106.1">Not applicable.</s>
<s id="s107.1">9.</s>
<s id="s107.2">SPECIAL WARNING(S), IF NECESSARY</s>
<s id="s108.1">Read the package leaflet before use.</s>
<s id="s109.1">10/ 17 10.</s>
<s id="s109.2">EXPIRY DATE</s>
<s id="s110.1">EXP (mm/ yyyy) Use immediately after reconstitution.</s>
<s id="s111.1">11.</s>
<s id="s111.2">SPECIAL STORAGE CONDITIONS</s>
<s id="s112.1">Store and transport refrigerated (2 °C – 8 °C) protected from light.</s>
<s id="s112.2">Do not freeze.</s>
<s id="s113.1">12.</s>
<s id="s113.2">SPECIAL PRECAUTIONS FOR THE DISPOSAL OF UNUSED PRODUCTS OR WASTE MATERIALS, IF ANY</s>
<s id="s114.1">Read the package leaflet before use.</s>
<s id="s115.1">13.</s>
<s id="s115.2">THE WORDS “ FOR ANIMAL TREATMENT ONLY” AND CONDITIONS OR RESTRICTIONS REGARDING SUPPLY AND USE, if applicable</s>
<s id="s116.1">For animal treatment only - to be supplied only on veterinary prescription.</s>
<s id="s117.1">14.</s>
<s id="s117.2">THE WORDS “ KEEP OUT OF THE REACH AND SIGHT OF CHILDREN”</s>
<s id="s118.1">Keep out of the reach and sight of children.</s>
<s id="s119.1">15.</s>
<s id="s119.2">NAME AND ADDRESS OF THE MARKETING AUTHORISATION HOLDER</s>
<s id="s120.1">MERIAL 29, avenue Tony Garnier F-69007 LYON FRANCE</s>
<s id="s121.1">16.</s>
<s id="s121.2">MARKETING AUTHORISATION NUMBER(S)</s>
<s id="s122.1">EU/ 2/ 04/ 051/ 001 Lyophilisate (10 bottles of 1 dose) + solvent (10 bottles of 1 ml) EU/ 2/ 04/ 051/ 002 Lyophilisate (50 bottles of 1 dose) + solvent (50 bottles of 1 ml)</s>
<s id="s123.1">17.</s>
<s id="s123.2">MANUFACTURER’ S BATCH NUMBER</s>
<s id="s124.1">Lot</s>
<s id="s125.1">11/ 17 MINIMUM PARTICULARS TO APPEAR ON SMALL IMMEDIATE PACKAGING UNITS</s>
<s id="s126.1">{NATURE/ TYPE}</s>
<s id="s127.1">1.</s>
<s id="s127.2">NAME OF THE VETERINARY MEDICINAL PRODUCT</s>
<s id="s128.1">Purevax RC lyophilisate for injection</s>
<s id="s129.1">2.</s>
<s id="s129.2">QUANTITY OF THE ACTIVE SUBSTANCE(S)</s>
<s id="s130.1">Read the package leaflet before use</s>
<s id="s131.1">3.</s>
<s id="s131.2">CONTENTS BY WEIGHT, BY VOLUME OR BY NUMBER OF DOSES</s>
<s id="s132.1">1 dose</s>
<s id="s133.1">4.</s>
<s id="s133.2">ROUTE(S) OF ADMINISTRATION</s>
<s id="s134.1">Subcutaneous route</s>
<s id="s135.1">5.</s>
<s id="s135.2">WITHDRAWAL PERIOD</s>
<s id="s136.1">6.</s>
<s id="s136.2">BATCH NUMBER</s>
<s id="s137.1">Lot</s>
<s id="s138.1">7.</s>
<s id="s138.2">EXPIRY DATE</s>
<s id="s139.1">EXP (mm/ yyyy)</s>
<s id="s140.1">8.</s>
<s id="s140.2">THE WORDS “ FOR ANIMAL TREATMENT ONLY”</s>
<s id="s141.1">For animal treatment only.</s>
<s id="s142.1">12/ 17 MINIMUM PARTICULARS TO APPEAR ON SMALL IMMEDIATE PACKAGING UNITS</s>
<s id="s143.1">{NATURE/ TYPE}</s>
<s id="s144.1">1.</s>
<s id="s144.2">NAME OF THE VETERINARY MEDICINAL PRODUCT</s>
<s id="s145.1">Purevax RC solvent</s>
<s id="s146.1">2.</s>
<s id="s146.2">QUANTITY OF THE ACTIVE SUBSTANCE(S)</s>
<s id="s147.1">Read the package leaflet before use</s>
<s id="s148.1">3.</s>
<s id="s148.2">CONTENTS BY WEIGHT, BY VOLUME OR BY NUMBER OF DOSES</s>
<s id="s149.1">1 dose</s>
<s id="s150.1">4.</s>
<s id="s150.2">ROUTE(S) OF ADMINISTRATION</s>
<s id="s151.1">Subcutaneous route</s>
<s id="s152.1">5.</s>
<s id="s152.2">WITHDRAWAL PERIOD</s>
<s id="s153.1">6.</s>
<s id="s153.2">BATCH NUMBER</s>
<s id="s154.1">Lot</s>
<s id="s155.1">7.</s>
<s id="s155.2">EXPIRY DATE</s>
<s id="s156.1">EXP (mm/ yyyy)</s>
<s id="s157.1">8.</s>
<s id="s157.2">THE WORDS “ FOR ANIMAL TREATMENT ONLY”</s>
<s id="s158.1">For animal treatment only.</s>
<s id="s159.1">13/ 17 B.</s>
<s id="s159.2">PACKAGE LEAFLET</s>
<s id="s160.1">14/ 17 PACKAGE LEAFLET</s>
<s id="s161.1">Purevax RC</s>
<s id="s162.1">1.</s>
<s id="s162.2">NAME AND ADDRESS OF THE MARKETING AUTHORISATION HOLDER AND OF THE MANUFACTURING AUTHORISATION HOLDER RESPONSIBLE FOR BATCH RELEASE, IF DIFFERENT</s>
<s id="s163.1">Marketing authorisation holder MERIAL 29, avenue Tony Garnier F-69007 Lyon France</s>
<s id="s164.1">Manufacturing authorisation holder responsible for batch release MERIAL Laboratoire Porte des Alpes Rue de l'Aviation F-69800 Saint Priest France</s>
<s id="s165.1">2.</s>
<s id="s165.2">NAME OF THE VETERINARY MEDICINAL PRODUCT</s>
<s id="s166.1">Purevax RC Lyophilisate and solvent for suspension for injection.</s>
<s id="s167.1">3.</s>
<s id="s167.2">STATEMENT OF THE ACTIVE SUBSTANCE(S) AND OTHER INGREDIENT(S)</s>
<s id="s168.1">Per 1-ml dose:</s>
<s id="s168.2">Freeze-dried pellet:</s>
<s id="s168.3">Attenuated feline rhinotracheitis herpesvirus (FHV F2 strain)..................................... ≥ 104.9 CCID501 Inactivated feline Calicivirosis antigens (FCV 431 and FCV G1 strains).................... ≥ 2.0 ELISA U.</s>
<s id="s168.4">Excipient:</s>
<s id="s168.5">Gentamicin, at most..................................................................................................................... .16.5 µg Solvent:</s>
<s id="s168.6">Water for injection..................................................................................................................... q. s.</s>
<s id="s168.7">1 ml 1: cell culture infective dose 50%</s>
<s id="s169.1">4.</s>
<s id="s169.2">INDICATION(S)</s>
<s id="s170.1">Active immunisation of cats aged 8 weeks and older:</s>
<s id="s171.1">- against feline viral rhinotracheitis to reduce clinical signs,</s>
<s id="s172.1">- against calicivirus infection to reduce clinical signs and excretion.</s>
<s id="s173.1">Onsets of immunity have been demonstrated 1 week after primary vaccination course for rhinotracheitis and calicivirus components.</s>
<s id="s173.2">The duration of immunity is 1 year after the last (re-)vaccination.</s>
<s id="s174.1">5.</s>
<s id="s174.2">CONTRAINDICATIONS</s>
<s id="s175.1">Do not use in pregnant animals.</s>
<s id="s176.1">15/ 17 6.</s>
<s id="s176.2">ADVERSE REACTIONS</s>
<s id="s177.1">In normal conditions of use, transient apathy and anorexia may occasionally occur, as well as hyperthermia (lasting usually for 1 or 2 days).</s>
<s id="s177.2">A local reaction may occur (slight pain at palpation, itching or limited oedema) that disappears within 1 or 2 weeks at most.</s>
<s id="s177.3">In exceptional circumstances a hypersensitivity reaction may occur, which may require appropriate symptomatic treatment.</s>
<s id="s177.4">If you notice any serious effects or other effects not mentioned in this leaflet, please inform your veterinary surgeon.</s>
<s id="s178.1">7.</s>
<s id="s178.2">TARGET SPECIES</s>
<s id="s179.1">Cats.</s>
<s id="s180.1">8.</s>
<s id="s180.2">DOSAGE FOR EACH SPECIES, ROUTE(S) AND METHOD OF ADMINISTRATION</s>
<s id="s181.1">Inject by subcutaneous route one 1-ml dose of vaccine after reconstitution of the lyophilisate with the solvent, according to the following vaccination scheme:</s>
<s id="s182.1">Primary vaccination course:</s>
<s id="s183.1">- first injection: from 8 weeks of age,</s>
<s id="s184.1">- second injection:</s>
<s id="s184.2">3 to 4 weeks later.</s>
<s id="s185.1">In the presence of high levels of maternally derived specific antibodies, the primary vaccination course should be delayed until 12 weeks of age.</s>
<s id="s186.1">Revaccination: every year.</s>
<s id="s187.1">9.</s>
<s id="s187.2">ADVICE ON CORRECT ADMINISTRATION</s>
<s id="s188.1">Use immediately after reconstitution.</s>
<s id="s188.2">Do not mix with any other vaccine or immunological product, except those mentioned below.</s>
<s id="s188.3">Safety and efficacy data are available which demonstrate that this vaccine can be mixed with Merial non-adjuvanted vaccine against feline leukaemia and/ or administered the same day but not mixed with Merial adjuvanted vaccine against rabies.</s>
<s id="s189.1">10.</s>
<s id="s189.2">WITHDRAWAL PERIOD</s>
<s id="s190.1">Not applicable.</s>
<s id="s191.1">11.</s>
<s id="s191.2">SPECIAL STORAGE PRECAUTIONS</s>
<s id="s192.1">Keep out of the reach and sight of children.</s>
<s id="s192.2">Store and transport refrigerated (2 °C – 8 °C) protected from light.</s>
<s id="s192.3">Do not freeze.</s>
<s id="s193.1">16/ 17 12.</s>
<s id="s193.2">SPECIAL WARNING(S)</s>
<s id="s194.1">Use only in healthy animals.</s>
<s id="s195.1">In case of accidental self-injection, seek medical advice immediately and show the package leaflet or the label to the physician.</s>
<s id="s196.1">Do not use in pregnant animals.</s>
<s id="s196.2">The use is not recommended during lactation.</s>
<s id="s197.1">No effect other than those already mentioned in section “ Adverse reactions” have been observed after the administration of several doses, except hyperthermia that may exceptionally last 5 days.</s>
<s id="s198.1">13.</s>
<s id="s198.2">SPECIAL PRECAUTIONS FOR THE DISPOSAL OF UNUSED PRODUCT OR WASTE MATERIALS, IF ANY</s>
<s id="s199.1">Dispose of waste material by boiling, incineration or immersion in an appropriate disinfectant approved for use by the competent authorities.</s>
<s id="s200.1">14.</s>
<s id="s200.2">DATE ON WHICH THE PACKAGE LEAFLET WAS LAST APPROVED</s>
<s id="s201.1">17/ 02/ 2009</s>
<s id="s202.1">Detailed information on this product is available on the website of the European Medicines Agency (EMEA) http: / /www. emea. europa. eu/</s>
<s id="s203.1">15.</s>
<s id="s203.2">OTHER INFORMATION</s>
<s id="s204.1">Pack containing 10 bottles of 1 dose of lyophilisate and 10 bottles of 1 ml of solvent Pack containing 50 bottles of 1 dose of lyophilisate and 50 bottles of 1 ml of solvent Not all pack sizes may be marketed.</s>
<s id="s205.1">To be supplied only on veterinary prescription.</s>
<s id="s206.1">17/ 17</s>
</body>
</letsmt>
