<?xml version="1.0" encoding="utf-8"?>
<text>
<p id="1">
<s id="s1.1">
 <w id="w1.1.1">European</w> 
 <w id="w1.1.2">Medicines</w> 
 <w id="w1.1.3">Agency</w>
</s></p>

<p id="2">
<s id="s2.1">
 <w id="w2.1.1">EMEA/</w>
 <w id="w2.1.2">H/</w>
 <w id="w2.1.3">C/</w>
 <w id="w2.1.4">757</w>
</s></p>

<p id="3">
<s id="s3.1">
 <w id="w3.1.1">EVROPSKO</w> 
 <w id="w3.1.2">JAVNO</w> 
 <w id="w3.1.3">POROČILO</w> 
 <w id="w3.1.4">O</w> 
 <w id="w3.1.5">OCENI</w> 
 <w id="w3.1.6">ZDRAVILA</w> 
 <w id="w3.1.7">(</w>
 <w id="w3.1.8">EPAR</w>
 <w id="w3.1.9">)</w>
</s></p>

<p id="4">
<s id="s4.1">
 <w id="w4.1.1">ALTARGO</w>
</s></p>

<p id="5">
<s id="s5.1">
 <w id="w5.1.1">Povzetek</w> 
 <w id="w5.1.2">EPAR</w> 
 <w id="w5.1.3">za</w> 
 <w id="w5.1.4">javnost</w>
</s></p>

<p id="6">
<s id="s6.1">
 <w id="w6.1.1">Ta</w> 
 <w id="w6.1.2">dokument</w> 
 <w id="w6.1.3">je</w> 
 <w id="w6.1.4">povzetek</w> 
 <w id="w6.1.5">Evropskega</w> 
 <w id="w6.1.6">javnega</w> 
 <w id="w6.1.7">poročila</w> 
 <w id="w6.1.8">o</w> 
 <w id="w6.1.9">oceni</w> 
 <w id="w6.1.10">zdravila</w> 
 <w id="w6.1.11">(</w>
 <w id="w6.1.12">EPAR</w>
 <w id="w6.1.13">)</w>
 <w id="w6.1.14">.</w>
</s> 
 
<s id="s6.2">
 <w id="w6.2.1">Pojasnjuje</w>
 <w id="w6.2.2">,</w> 
 <w id="w6.2.3">kako</w>   
 <w id="w6.2.4">je</w> 
 <w id="w6.2.5">Odbor</w> 
 <w id="w6.2.6">za</w> 
 <w id="w6.2.7">zdravila</w> 
 <w id="w6.2.8">za</w> 
 <w id="w6.2.9">uporabo</w> 
 <w id="w6.2.10">v</w> 
 <w id="w6.2.11">humani</w> 
 <w id="w6.2.12">medicini</w> 
 <w id="w6.2.13">(</w>
 <w id="w6.2.14">CHMP</w>
 <w id="w6.2.15">)</w> 
 <w id="w6.2.16">ocenil</w> 
 <w id="w6.2.17">opravljene</w> 
 <w id="w6.2.18">študije</w>
 <w id="w6.2.19">,</w> 
 <w id="w6.2.20">na</w> 
 <w id="w6.2.21">podlagi</w>   
 <w id="w6.2.22">katerih</w> 
 <w id="w6.2.23">je</w> 
 <w id="w6.2.24">oblikoval</w> 
 <w id="w6.2.25">priporočila</w> 
 <w id="w6.2.26">glede</w> 
 <w id="w6.2.27">uporabe</w> 
 <w id="w6.2.28">zdravila</w>
 <w id="w6.2.29">.</w>
</s>   
 
<s id="s6.3">
 <w id="w6.3.1">Če</w> 
 <w id="w6.3.2">potrebujete</w> 
 <w id="w6.3.3">več</w> 
 <w id="w6.3.4">informacij</w> 
 <w id="w6.3.5">o</w> 
 <w id="w6.3.6">vašem</w> 
 <w id="w6.3.7">zdravstvenem</w> 
 <w id="w6.3.8">stanju</w> 
 <w id="w6.3.9">ali</w> 
 <w id="w6.3.10">zdravljenju</w>
 <w id="w6.3.11">,</w> 
 <w id="w6.3.12">preberite</w> 
 <w id="w6.3.13">Navodilo</w> 
 <w id="w6.3.14">za</w>   
 <w id="w6.3.15">uporabo</w> 
 <w id="w6.3.16">(</w>
 <w id="w6.3.17">ki</w> 
 <w id="w6.3.18">je</w> 
 <w id="w6.3.19">prav</w> 
 <w id="w6.3.20">tako</w> 
 <w id="w6.3.21">del</w> 
 <w id="w6.3.22">EPAR</w>
 <w id="w6.3.23">)</w> 
 <w id="w6.3.24">ali</w> 
 <w id="w6.3.25">se</w> 
 <w id="w6.3.26">posvetujte</w> 
 <w id="w6.3.27">s</w> 
 <w id="w6.3.28">svojim</w> 
 <w id="w6.3.29">zdravnikom</w> 
 <w id="w6.3.30">ali</w> 
 <w id="w6.3.31">s</w> 
 <w id="w6.3.32">farmacevtom</w>
 <w id="w6.3.33">.</w>
</s> 
 
<s id="s6.4">
 <w id="w6.4.1">Če</w>   
 <w id="w6.4.2">želite</w> 
 <w id="w6.4.3">več</w> 
 <w id="w6.4.4">informacij</w>
 <w id="w6.4.5">,</w> 
 <w id="w6.4.6">ki</w> 
 <w id="w6.4.7">temeljijo</w> 
 <w id="w6.4.8">na</w> 
 <w id="w6.4.9">priporočilih</w> 
 <w id="w6.4.10">CHMP</w>
 <w id="w6.4.11">,</w> 
 <w id="w6.4.12">preberite</w> 
 <w id="w6.4.13">znanstveno</w> 
 <w id="w6.4.14">razpravo</w> 
 <w id="w6.4.15">(</w>
 <w id="w6.4.16">ki</w> 
 <w id="w6.4.17">je</w>   
 <w id="w6.4.18">prav</w> 
 <w id="w6.4.19">tako</w> 
 <w id="w6.4.20">del</w> 
 <w id="w6.4.21">EPAR</w>
 <w id="w6.4.22">)</w>
 <w id="w6.4.23">.</w>
</s></p>

<p id="7">
<s id="s7.1">
 <w id="w7.1.1">Kaj</w> 
 <w id="w7.1.2">je</w> 
 <w id="w7.1.3">zdravilo</w> 
 <w id="w7.1.4">Altargo</w>
 <w id="w7.1.5">?</w>
</s>   
 
<s id="s7.2">
 <w id="w7.2.1">Zdravilo</w> 
 <w id="w7.2.2">Altargo</w> 
 <w id="w7.2.3">je</w> 
 <w id="w7.2.4">mazilo</w>
 <w id="w7.2.5">,</w> 
 <w id="w7.2.6">ki</w> 
 <w id="w7.2.7">vsebuje</w> 
 <w id="w7.2.8">zdravilno</w> 
 <w id="w7.2.9">učinkovino</w> 
 <w id="w7.2.10">retapamulin</w>
 <w id="w7.2.11">.</w>
</s></p>

<p id="8">
<s id="s8.1">
 <w id="w8.1.1">Za</w> 
 <w id="w8.1.2">kaj</w> 
 <w id="w8.1.3">se</w> 
 <w id="w8.1.4">zdravilo</w> 
 <w id="w8.1.5">Altargo</w> 
 <w id="w8.1.6">uporablja</w>
 <w id="w8.1.7">?</w>
</s>   
 
<s id="s8.2">
 <w id="w8.2.1">Zdravilo</w> 
 <w id="w8.2.2">Altargo</w> 
 <w id="w8.2.3">je</w> 
 <w id="w8.2.4">antibiotik</w>
 <w id="w8.2.5">.</w>
</s> 
 
<s id="s8.3">
 <w id="w8.3.1">Uporablja</w> 
 <w id="w8.3.2">se</w> 
 <w id="w8.3.3">za</w> 
 <w id="w8.3.4">kratkotrajno</w> 
 <w id="w8.3.5">zdravljenje</w> 
 <w id="w8.3.6">povrhnjih</w> 
 <w id="w8.3.7">okužb</w> 
 <w id="w8.3.8">kože</w>
 <w id="w8.3.9">.</w>
</s> 
 
<s id="s8.4">
 <w id="w8.4.1">Lahko</w>   
 <w id="w8.4.2">se</w> 
 <w id="w8.4.3">uporablja</w> 
 <w id="w8.4.4">za</w> 
 <w id="w8.4.5">zdravljenje</w> 
 <w id="w8.4.6">impetiga</w> 
 <w id="w8.4.7">(</w>
 <w id="w8.4.8">okužbe</w> 
 <w id="w8.4.9">kože</w>
 <w id="w8.4.10">,</w> 
 <w id="w8.4.11">ki</w> 
 <w id="w8.4.12">povzroča</w> 
 <w id="w8.4.13">skorjaste</w> 
 <w id="w8.4.14">kraste</w>
 <w id="w8.4.15">)</w> 
 <w id="w8.4.16">ter</w> 
 <w id="w8.4.17">okuženih</w> 
 <w id="w8.4.18">manjših</w>   
 <w id="w8.4.19">raztrganin</w> 
 <w id="w8.4.20">(</w>
 <w id="w8.4.21">vreznin</w>
 <w id="w8.4.22">)</w>
 <w id="w8.4.23">,</w> 
 <w id="w8.4.24">odrgnin</w> 
 <w id="w8.4.25">in</w> 
 <w id="w8.4.26">zašitih</w> 
 <w id="w8.4.27">ran</w>
 <w id="w8.4.28">.</w>
</s> 
 
<s id="s8.5">
 <w id="w8.5.1">Zdravila</w> 
 <w id="w8.5.2">Altargo</w> 
 <w id="w8.5.3">se</w> 
 <w id="w8.5.4">ne</w> 
 <w id="w8.5.5">sme</w> 
 <w id="w8.5.6">uporabljati</w> 
 <w id="w8.5.7">za</w> 
 <w id="w8.5.8">zdravljenje</w>   
 <w id="w8.5.9">okužb</w>
 <w id="w8.5.10">,</w> 
 <w id="w8.5.11">za</w> 
 <w id="w8.5.12">katere</w> 
 <w id="w8.5.13">je</w> 
 <w id="w8.5.14">bilo</w> 
 <w id="w8.5.15">ugotovljeno</w> 
 <w id="w8.5.16">ali</w> 
 <w id="w8.5.17">pri</w> 
 <w id="w8.5.18">katerih</w> 
 <w id="w8.5.19">obstaja</w> 
 <w id="w8.5.20">sum</w>
 <w id="w8.5.21">,</w> 
 <w id="w8.5.22">da</w> 
 <w id="w8.5.23">so</w> 
 <w id="w8.5.24">jih</w> 
 <w id="w8.5.25">povzročili</w> 
 <w id="w8.5.26">sevi</w>   
 <w id="w8.5.27">Staphylococcus</w> 
 <w id="w8.5.28">aureus</w> 
 <w id="w8.5.29">(</w>
 <w id="w8.5.30">MRSA</w>
 <w id="w8.5.31">)</w>
 <w id="w8.5.32">,</w> 
 <w id="w8.5.33">odporni</w> 
 <w id="w8.5.34">na</w> 
 <w id="w8.5.35">meticilin</w>
 <w id="w8.5.36">,</w> 
 <w id="w8.5.37">ker</w> 
 <w id="w8.5.38">mazilo</w> 
 <w id="w8.5.39">morda</w> 
 <w id="w8.5.40">ne</w> 
 <w id="w8.5.41">bo</w> 
 <w id="w8.5.42">učinkovito</w> 
 <w id="w8.5.43">proti</w> 
 <w id="w8.5.44">tej</w>   
 <w id="w8.5.45">vrsti</w> 
 <w id="w8.5.46">okužbe</w>
 <w id="w8.5.47">.</w>
</s> 
 
<s id="s8.6">
 <w id="w8.6.1">Lahko</w> 
 <w id="w8.6.2">pa</w> 
 <w id="w8.6.3">se</w> 
 <w id="w8.6.4">uporablja</w> 
 <w id="w8.6.5">za</w> 
 <w id="w8.6.6">zdravljenje</w> 
 <w id="w8.6.7">okužb</w>
 <w id="w8.6.8">,</w> 
 <w id="w8.6.9">ki</w> 
 <w id="w8.6.10">jih</w> 
 <w id="w8.6.11">povzročajo</w> 
 <w id="w8.6.12">drugi</w> 
 <w id="w8.6.13">sevi</w> 
 <w id="w8.6.14">Staphylococcus</w>   
 <w id="w8.6.15">aureus</w>
 <w id="w8.6.16">.</w>
</s> 
 
<s id="s8.7">
 <w id="w8.7.1">Zdravniki</w>
 <w id="w8.7.2">,</w> 
 <w id="w8.7.3">ki</w> 
 <w id="w8.7.4">predpisujejo</w> 
 <w id="w8.7.5">zdravilo</w>
 <w id="w8.7.6">,</w> 
 <w id="w8.7.7">morajo</w> 
 <w id="w8.7.8">upoštevati</w> 
 <w id="w8.7.9">uradne</w> 
 <w id="w8.7.10">smernice</w> 
 <w id="w8.7.11">o</w> 
 <w id="w8.7.12">uporabi</w>   
 <w id="w8.7.13">protibakterijskih</w> 
 <w id="w8.7.14">zdravil</w>
 <w id="w8.7.15">.</w>
</s>   
 
<s id="s8.8">
 <w id="w8.8.1">Zdravilo</w> 
 <w id="w8.8.2">se</w> 
 <w id="w8.8.3">dobi</w> 
 <w id="w8.8.4">samo</w> 
 <w id="w8.8.5">na</w> 
 <w id="w8.8.6">recept</w>
 <w id="w8.8.7">.</w>
</s></p>

<p id="9">
<s id="s9.1">
 <w id="w9.1.1">Kako</w> 
 <w id="w9.1.2">se</w> 
 <w id="w9.1.3">zdravilo</w> 
 <w id="w9.1.4">Altargo</w> 
 <w id="w9.1.5">uporablja</w>
 <w id="w9.1.6">?</w>
</s>   
 
<s id="s9.2">
 <w id="w9.2.1">Zdravilo</w> 
 <w id="w9.2.2">Altargo</w> 
 <w id="w9.2.3">se</w> 
 <w id="w9.2.4">uporablja</w> 
 <w id="w9.2.5">samo</w> 
 <w id="w9.2.6">na</w> 
 <w id="w9.2.7">koži</w>
 <w id="w9.2.8">.</w>
</s> 
 
<s id="s9.3">
 <w id="w9.3.1">Na</w> 
 <w id="w9.3.2">prizadeti</w> 
 <w id="w9.3.3">predel</w> 
 <w id="w9.3.4">kože</w> 
 <w id="w9.3.5">se</w> 
 <w id="w9.3.6">nanese</w> 
 <w id="w9.3.7">tanko</w> 
 <w id="w9.3.8">plast</w> 
 <w id="w9.3.9">zdravila</w>   
 <w id="w9.3.10">dvakrat</w> 
 <w id="w9.3.11">na</w> 
 <w id="w9.3.12">dan</w>
 <w id="w9.3.13">,</w> 
 <w id="w9.3.14">pri</w> 
 <w id="w9.3.15">čemer</w> 
 <w id="w9.3.16">celotno</w> 
 <w id="w9.3.17">zdravljenje</w> 
 <w id="w9.3.18">traja</w> 
 <w id="w9.3.19">pet</w> 
 <w id="w9.3.20">dni</w>
 <w id="w9.3.21">.</w>
</s> 
 
<s id="s9.4">
 <w id="w9.4.1">Po</w> 
 <w id="w9.4.2">nanosu</w> 
 <w id="w9.4.3">mazila</w> 
 <w id="w9.4.4">lahko</w> 
 <w id="w9.4.5">prizadeti</w> 
 <w id="w9.4.6">predel</w>   
 <w id="w9.4.7">obvežete</w> 
 <w id="w9.4.8">s</w> 
 <w id="w9.4.9">sterilno</w> 
 <w id="w9.4.10">obvezo</w> 
 <w id="w9.4.11">ali</w> 
 <w id="w9.4.12">prekrijete</w> 
 <w id="w9.4.13">s</w> 
 <w id="w9.4.14">sterilno</w> 
 <w id="w9.4.15">gazo</w>
 <w id="w9.4.16">.</w>
</s> 
 
<s id="s9.5">
 <w id="w9.5.1">Zdravilo</w> 
 <w id="w9.5.2">Altargo</w> 
 <w id="w9.5.3">se</w> 
 <w id="w9.5.4">lahko</w> 
 <w id="w9.5.5">uporablja</w> 
 <w id="w9.5.6">pri</w>   
 <w id="w9.5.7">bolnikih</w>
 <w id="w9.5.8">,</w> 
 <w id="w9.5.9">starejših</w> 
 <w id="w9.5.10">od</w> 
 <w id="w9.5.11">devetih</w> 
 <w id="w9.5.12">mesecev</w>
 <w id="w9.5.13">,</w> 
 <w id="w9.5.14">vendar</w> 
 <w id="w9.5.15">pa</w> 
 <w id="w9.5.16">pri</w> 
 <w id="w9.5.17">bolnikih</w>
 <w id="w9.5.18">,</w> 
 <w id="w9.5.19">mlajših</w> 
 <w id="w9.5.20">od</w> 
 <w id="w9.5.21">18</w> 
 <w id="w9.5.22">let</w>
 <w id="w9.5.23">,</w> 
 <w id="w9.5.24">prizadeto</w> 
 <w id="w9.5.25">območje</w> 
 <w id="w9.5.26">ne</w>   
 <w id="w9.5.27">sme</w> 
 <w id="w9.5.28">presegati</w> 
 <w id="w9.5.29">2</w> 
 <w id="w9.5.30">%</w> 
 <w id="w9.5.31">telesne</w> 
 <w id="w9.5.32">površine</w>
 <w id="w9.5.33">.</w>
</s> 
 
<s id="s9.6">
 <w id="w9.6.1">Če</w> 
 <w id="w9.6.2">po</w> 
 <w id="w9.6.3">dveh</w> 
 <w id="w9.6.4">ali</w> 
 <w id="w9.6.5">treh</w> 
 <w id="w9.6.6">dneh</w> 
 <w id="w9.6.7">ni</w> 
 <w id="w9.6.8">odziva</w> 
 <w id="w9.6.9">na</w> 
 <w id="w9.6.10">zdravljenje</w>
 <w id="w9.6.11">,</w> 
 <w id="w9.6.12">mora</w> 
 <w id="w9.6.13">zdravnik</w>   
 <w id="w9.6.14">ponovno</w> 
 <w id="w9.6.15">pregledati</w> 
 <w id="w9.6.16">bolnika</w> 
 <w id="w9.6.17">in</w> 
 <w id="w9.6.18">po</w> 
 <w id="w9.6.19">presoji</w> 
 <w id="w9.6.20">uvesti</w> 
 <w id="w9.6.21">alternativno</w> 
 <w id="w9.6.22">zdravljenje</w>
 <w id="w9.6.23">.</w>
</s></p>

<p id="10">
<s id="s10.1">
 <w id="w10.1.1">Kako</w> 
 <w id="w10.1.2">zdravilo</w> 
 <w id="w10.1.3">Altargo</w> 
 <w id="w10.1.4">deluje</w>
 <w id="w10.1.5">?</w>
</s>   
 
<s id="s10.2">
 <w id="w10.2.1">Zdravilna</w> 
 <w id="w10.2.2">učinkovina</w> 
 <w id="w10.2.3">zdravila</w> 
 <w id="w10.2.4">Altargo</w>
 <w id="w10.2.5">,</w> 
 <w id="w10.2.6">retapamulin</w>
 <w id="w10.2.7">,</w> 
 <w id="w10.2.8">je</w> 
 <w id="w10.2.9">antibiotik</w> 
 <w id="w10.2.10">iz</w> 
 <w id="w10.2.11">skupine</w> 
 <w id="w10.2.12">„</w>
 <w id="w10.2.13">pleuromutilinov</w>
 <w id="w10.2.14">“</w>
 <w id="w10.2.15">.</w>
</s> 
 
<s id="s10.3">
 <w id="w10.3.1">Je</w>   
 <w id="w10.3.2">derivat</w> 
 <w id="w10.3.3">spojine</w>
 <w id="w10.3.4">,</w> 
 <w id="w10.3.5">ki</w> 
 <w id="w10.3.6">jo</w> 
 <w id="w10.3.7">proizvajajo</w> 
 <w id="w10.3.8">določene</w> 
 <w id="w10.3.9">vrste</w> 
 <w id="w10.3.10">gliv</w>
 <w id="w10.3.11">.</w>
</s> 
 
<s id="s10.4">
 <w id="w10.4.1">Deluje</w> 
 <w id="w10.4.2">tako</w>
 <w id="w10.4.3">,</w> 
 <w id="w10.4.4">da</w> 
 <w id="w10.4.5">zavira</w> 
 <w id="w10.4.6">ribosome</w> 
 <w id="w10.4.7">bakterij</w> 
 <w id="w10.4.8">(</w>
 <w id="w10.4.9">dele</w>   
 <w id="w10.4.10">celice</w>
 <w id="w10.4.11">,</w> 
 <w id="w10.4.12">na</w> 
 <w id="w10.4.13">katerih</w> 
 <w id="w10.4.14">poteka</w> 
 <w id="w10.4.15">sinteza</w> 
 <w id="w10.4.16">proteinov</w>
 <w id="w10.4.17">)</w> 
 <w id="w10.4.18">in</w> 
 <w id="w10.4.19">tako</w> 
 <w id="w10.4.20">preprečuje</w> 
 <w id="w10.4.21">rast</w> 
 <w id="w10.4.22">bakterij</w>
 <w id="w10.4.23">.</w>
</s> 
 
<s id="s10.5">
 <w id="w10.5.1">Celoten</w> 
 <w id="w10.5.2">seznam</w> 
 <w id="w10.5.3">bakterij</w>
 <w id="w10.5.4">,</w>   
 <w id="w10.5.5">proti</w> 
 <w id="w10.5.6">katerim</w> 
 <w id="w10.5.7">je</w> 
 <w id="w10.5.8">zdravilo</w> 
 <w id="w10.5.9">Altargo</w> 
 <w id="w10.5.10">učinkovito</w>
 <w id="w10.5.11">,</w> 
 <w id="w10.5.12">najdete</w> 
 <w id="w10.5.13">v</w> 
 <w id="w10.5.14">Povzetku</w> 
 <w id="w10.5.15">glavnih</w> 
 <w id="w10.5.16">značilnosti</w> 
 <w id="w10.5.17">zdravila</w>
 <w id="w10.5.18">.</w>
</s></p>

<p id="11">
<s id="s11.1">
 <w id="w11.1.1">Kako</w> 
 <w id="w11.1.2">je</w> 
 <w id="w11.1.3">bilo</w> 
 <w id="w11.1.4">zdravilo</w> 
 <w id="w11.1.5">Altargo</w> 
 <w id="w11.1.6">raziskano</w>
 <w id="w11.1.7">?</w>
</s>   
 
<s id="s11.2">
 <w id="w11.2.1">Učinki</w> 
 <w id="w11.2.2">zdravila</w> 
 <w id="w11.2.3">Altargo</w> 
 <w id="w11.2.4">so</w> 
 <w id="w11.2.5">bili</w> 
 <w id="w11.2.6">najprej</w> 
 <w id="w11.2.7">preizkušeni</w> 
 <w id="w11.2.8">na</w> 
 <w id="w11.2.9">poskusnih</w> 
 <w id="w11.2.10">modelih</w>
 <w id="w11.2.11">,</w> 
 <w id="w11.2.12">nato</w> 
 <w id="w11.2.13">pa</w> 
 <w id="w11.2.14">so</w> 
 <w id="w11.2.15">jih</w> 
 <w id="w11.2.16">raziskali</w> 
 <w id="w11.2.17">pri</w>   
 <w id="w11.2.18">ljudeh</w>
 <w id="w11.2.19">.</w>
</s>   
 
<s id="s11.3">
 <w id="w11.3.1">Zdravilo</w> 
 <w id="w11.3.2">Altargo</w> 
 <w id="w11.3.3">so</w> 
 <w id="w11.3.4">preučevali</w> 
 <w id="w11.3.5">v</w> 
 <w id="w11.3.6">petih</w> 
 <w id="w11.3.7">glavnih</w> 
 <w id="w11.3.8">študijah</w>
 <w id="w11.3.9">,</w> 
 <w id="w11.3.10">ki</w> 
 <w id="w11.3.11">so</w> 
 <w id="w11.3.12">zajele</w> 
 <w id="w11.3.13">več</w> 
 <w id="w11.3.14">kot</w> 
 <w id="w11.3.15">3.</w>
 <w id="w11.3.16">000</w> 
 <w id="w11.3.17">bolnikov</w>
 <w id="w11.3.18">,</w> 
 <w id="w11.3.19">starih</w> 
 <w id="w11.3.20">od</w> 
 <w id="w11.3.21">9</w>   
 <w id="w11.3.22">mesecev</w> 
 <w id="w11.3.23">dalje</w>
 <w id="w11.3.24">.</w>
</s> 
 
<s id="s11.4">
 <w id="w11.4.1">Dve</w> 
 <w id="w11.4.2">študiji</w> 
 <w id="w11.4.3">sta</w> 
 <w id="w11.4.4">bili</w> 
 <w id="w11.4.5">izvedeni</w> 
 <w id="w11.4.6">pri</w> 
 <w id="w11.4.7">bolnikih</w> 
 <w id="w11.4.8">z</w> 
 <w id="w11.4.9">impetigom</w>
 <w id="w11.4.10">.</w>
</s> 
 
<s id="s11.5">
 <w id="w11.5.1">V</w> 
 <w id="w11.5.2">prvi</w> 
 <w id="w11.5.3">so</w> 
 <w id="w11.5.4">učinke</w> 
 <w id="w11.5.5">petdnevnega</w>                                        
 <w id="w11.5.6">7</w> 
 <w id="w11.5.7">Westferry</w> 
 <w id="w11.5.8">Circus</w>
 <w id="w11.5.9">,</w> 
 <w id="w11.5.10">Canary</w> 
 <w id="w11.5.11">Wharf</w>
 <w id="w11.5.12">,</w> 
 <w id="w11.5.13">London</w> 
 <w id="w11.5.14">E14</w> 
 <w id="w11.5.15">4HB</w>
 <w id="w11.5.16">,</w> 
 <w id="w11.5.17">UK</w>                                            
 <w id="w11.5.18">Tel</w>
 <w id="w11.5.19">.</w>
</s> 
 
<s id="s11.6">
 <w id="w11.6.1">(</w>
 <w id="w11.6.2">44-</w>
 <w id="w11.6.3">20</w>
 <w id="w11.6.4">)</w> 
 <w id="w11.6.5">74</w> 
 <w id="w11.6.6">18</w> 
 <w id="w11.6.7">84</w> 
 <w id="w11.6.8">00</w> 
 <w id="w11.6.9">Fax</w> 
 <w id="w11.6.10">(</w>
 <w id="w11.6.11">44-</w>
 <w id="w11.6.12">20</w>
 <w id="w11.6.13">)</w> 
 <w id="w11.6.14">74</w> 
 <w id="w11.6.15">18</w> 
 <w id="w11.6.16">84</w> 
 <w id="w11.6.17">16</w>                                       
 <w id="w11.6.18">E-</w>
 <w id="w11.6.19">mail</w>
 <w id="w11.6.20">:</w> 
 <w id="w11.6.21">mail@</w>
 <w id="w11.6.22">emea.</w>
 <w id="w11.6.23">europa.</w>
 <w id="w11.6.24">eu</w> 
 <w id="w11.6.25">http</w>
 <w id="w11.6.26">:</w>
 <w id="w11.6.27">//</w>
 <w id="w11.6.28">www.</w>
 <w id="w11.6.29">emea.</w>
 <w id="w11.6.30">europa.</w>
 <w id="w11.6.31">eu</w> 
 <w id="w11.6.32">©EMEA</w> 
 <w id="w11.6.33">2007</w> 
 <w id="w11.6.34">Reproduction</w> 
 <w id="w11.6.35">and/</w>
 <w id="w11.6.36">or</w> 
 <w id="w11.6.37">distribution</w> 
 <w id="w11.6.38">of</w> 
 <w id="w11.6.39">this</w> 
 <w id="w11.6.40">document</w> 
 <w id="w11.6.41">is</w> 
 <w id="w11.6.42">authorised</w> 
 <w id="w11.6.43">for</w> 
 <w id="w11.6.44">non</w> 
 <w id="w11.6.45">commercial</w> 
 <w id="w11.6.46">purposes</w> 
 <w id="w11.6.47">only</w> 
 <w id="w11.6.48">provided</w> 
 <w id="w11.6.49">the</w> 
 <w id="w11.6.50">EMEA</w> 
 <w id="w11.6.51">is</w> 
 <w id="w11.6.52">acknowledged</w> 
 <w id="w11.6.53">zdravljenja</w> 
 <w id="w11.6.54">z</w> 
 <w id="w11.6.55">zdravilom</w> 
 <w id="w11.6.56">Altargo</w> 
 <w id="w11.6.57">primerjali</w> 
 <w id="w11.6.58">z</w> 
 <w id="w11.6.59">učinki</w> 
 <w id="w11.6.60">placeba</w> 
 <w id="w11.6.61">(</w>
 <w id="w11.6.62">zdravila</w> 
 <w id="w11.6.63">brez</w> 
 <w id="w11.6.64">zdravilne</w> 
 <w id="w11.6.65">učinkovine</w>
 <w id="w11.6.66">)</w> 
 <w id="w11.6.67">pri</w> 
 <w id="w11.6.68">213</w> 
 <w id="w11.6.69">bolnikih</w>
 <w id="w11.6.70">,</w> 
 <w id="w11.6.71">v</w> 
 <w id="w11.6.72">drugi</w> 
 <w id="w11.6.73">pa</w> 
 <w id="w11.6.74">so</w> 
 <w id="w11.6.75">učinke</w> 
 <w id="w11.6.76">zdravila</w> 
 <w id="w11.6.77">Altargo</w> 
 <w id="w11.6.78">primerjali</w> 
 <w id="w11.6.79">z</w> 
 <w id="w11.6.80">učinki</w> 
 <w id="w11.6.81">fusidinske</w> 
 <w id="w11.6.82">kisline</w> 
 <w id="w11.6.83">(</w>
 <w id="w11.6.84">drugega</w> 
 <w id="w11.6.85">antibiotičnega</w> 
 <w id="w11.6.86">mazila</w>
 <w id="w11.6.87">)</w> 
 <w id="w11.6.88">pri</w> 
 <w id="w11.6.89">519</w> 
 <w id="w11.6.90">bolnikih</w>
 <w id="w11.6.91">.</w>
</s> 
 
<s id="s11.7">
 <w id="w11.7.1">V</w> 
 <w id="w11.7.2">ostalih</w> 
 <w id="w11.7.3">treh</w> 
 <w id="w11.7.4">študijah</w> 
 <w id="w11.7.5">so</w> 
 <w id="w11.7.6">učinke</w> 
 <w id="w11.7.7">petdnevnega</w> 
 <w id="w11.7.8">zdravljenja</w> 
 <w id="w11.7.9">z</w> 
 <w id="w11.7.10">zdravilom</w> 
 <w id="w11.7.11">Altargo</w> 
 <w id="w11.7.12">primerjali</w> 
 <w id="w11.7.13">z</w> 
 <w id="w11.7.14">učinki</w> 
 <w id="w11.7.15">cefaleksina</w> 
 <w id="w11.7.16">(</w>
 <w id="w11.7.17">peroralnega</w> 
 <w id="w11.7.18">antibiotika</w>
 <w id="w11.7.19">)</w>
 <w id="w11.7.20">:</w> 
 <w id="w11.7.21">dve</w> 
 <w id="w11.7.22">študiji</w> 
 <w id="w11.7.23">sta</w> 
 <w id="w11.7.24">bili</w> 
 <w id="w11.7.25">izvedeni</w> 
 <w id="w11.7.26">s</w> 
 <w id="w11.7.27">skupno</w> 
 <w id="w11.7.28">1.</w>
 <w id="w11.7.29">918</w> 
 <w id="w11.7.30">bolniki</w> 
 <w id="w11.7.31">z</w> 
 <w id="w11.7.32">okuženimi</w> 
 <w id="w11.7.33">kožnimi</w> 
 <w id="w11.7.34">ranami</w>
 <w id="w11.7.35">,</w> 
 <w id="w11.7.36">končna</w> 
 <w id="w11.7.37">študija</w> 
 <w id="w11.7.38">pa</w> 
 <w id="w11.7.39">je</w> 
 <w id="w11.7.40">bila</w> 
 <w id="w11.7.41">izvedena</w> 
 <w id="w11.7.42">s</w> 
 <w id="w11.7.43">545</w> 
 <w id="w11.7.44">bolniki</w> 
 <w id="w11.7.45">z</w> 
 <w id="w11.7.46">infekcijskim</w> 
 <w id="w11.7.47">dermatitisom</w> 
 <w id="w11.7.48">(</w>
 <w id="w11.7.49">kožnim</w> 
 <w id="w11.7.50">vnetjem</w>
 <w id="w11.7.51">)</w>
 <w id="w11.7.52">.</w>
</s> 
 
<s id="s11.8">
 <w id="w11.8.1">Glavno</w> 
 <w id="w11.8.2">merilo</w> 
 <w id="w11.8.3">učinkovitosti</w> 
 <w id="w11.8.4">v</w> 
 <w id="w11.8.5">vseh</w> 
 <w id="w11.8.6">petih</w> 
 <w id="w11.8.7">študijah</w> 
 <w id="w11.8.8">je</w> 
 <w id="w11.8.9">bil</w> 
 <w id="w11.8.10">delež</w> 
 <w id="w11.8.11">bolnikov</w>
 <w id="w11.8.12">,</w> 
 <w id="w11.8.13">pri</w> 
 <w id="w11.8.14">katerih</w> 
 <w id="w11.8.15">so</w> 
 <w id="w11.8.16">okužbe</w> 
 <w id="w11.8.17">po</w> 
 <w id="w11.8.18">zaključku</w> 
 <w id="w11.8.19">zdravljenja</w> 
 <w id="w11.8.20">izginile</w>
 <w id="w11.8.21">.</w>
</s></p>

<p id="12">
<s id="s12.1">
 <w id="w12.1.1">Kakšne</w> 
 <w id="w12.1.2">koristi</w> 
 <w id="w12.1.3">je</w> 
 <w id="w12.1.4">zdravilo</w> 
 <w id="w12.1.5">Altargo</w> 
 <w id="w12.1.6">izkazalo</w> 
 <w id="w12.1.7">med</w> 
 <w id="w12.1.8">raziskavami</w>
 <w id="w12.1.9">?</w>
</s> 
 
<s id="s12.2">
 <w id="w12.2.1">Pri</w> 
 <w id="w12.2.2">bolnikih</w> 
 <w id="w12.2.3">z</w> 
 <w id="w12.2.4">impetigom</w> 
 <w id="w12.2.5">je</w> 
 <w id="w12.2.6">bilo</w> 
 <w id="w12.2.7">zdravilo</w> 
 <w id="w12.2.8">Altargo</w> 
 <w id="w12.2.9">učinkovitejše</w> 
 <w id="w12.2.10">od</w> 
 <w id="w12.2.11">placeba</w>
 <w id="w12.2.12">,</w> 
 <w id="w12.2.13">saj</w> 
 <w id="w12.2.14">se</w> 
 <w id="w12.2.15">je</w> 
 <w id="w12.2.16">na</w> 
 <w id="w12.2.17">zdravljenje</w> 
 <w id="w12.2.18">odzvalo</w> 
 <w id="w12.2.19">119</w> 
 <w id="w12.2.20">(</w>
 <w id="w12.2.21">85,</w>
 <w id="w12.2.22">6</w> 
 <w id="w12.2.23">%</w>
 <w id="w12.2.24">)</w> 
 <w id="w12.2.25">od</w> 
 <w id="w12.2.26">139</w> 
 <w id="w12.2.27">bolnikov</w>
 <w id="w12.2.28">,</w> 
 <w id="w12.2.29">ki</w> 
 <w id="w12.2.30">so</w> 
 <w id="w12.2.31">jemali</w> 
 <w id="w12.2.32">zdravilo</w> 
 <w id="w12.2.33">Altargo</w>
 <w id="w12.2.34">,</w> 
 <w id="w12.2.35">in</w> 
 <w id="w12.2.36">37</w> 
 <w id="w12.2.37">(</w>
 <w id="w12.2.38">52,</w>
 <w id="w12.2.39">1</w> 
 <w id="w12.2.40">%</w>
 <w id="w12.2.41">)</w> 
 <w id="w12.2.42">od</w> 
 <w id="w12.2.43">71</w> 
 <w id="w12.2.44">bolnikov</w>
 <w id="w12.2.45">,</w> 
 <w id="w12.2.46">ki</w> 
 <w id="w12.2.47">so</w> 
 <w id="w12.2.48">jemali</w> 
 <w id="w12.2.49">placebo</w>
 <w id="w12.2.50">.</w>
</s> 
 
<s id="s12.3">
 <w id="w12.3.1">Zdravilo</w> 
 <w id="w12.3.2">Altargo</w> 
 <w id="w12.3.3">je</w> 
 <w id="w12.3.4">bilo</w> 
 <w id="w12.3.5">vsaj</w> 
 <w id="w12.3.6">tako</w> 
 <w id="w12.3.7">učinkovito</w> 
 <w id="w12.3.8">kot</w> 
 <w id="w12.3.9">fusidinska</w> 
 <w id="w12.3.10">kislina</w>
 <w id="w12.3.11">,</w> 
 <w id="w12.3.12">saj</w> 
 <w id="w12.3.13">se</w> 
 <w id="w12.3.14">je</w> 
 <w id="w12.3.15">na</w> 
 <w id="w12.3.16">zdravljenje</w> 
 <w id="w12.3.17">odzvalo</w> 
 <w id="w12.3.18">314</w> 
 <w id="w12.3.19">(</w>
 <w id="w12.3.20">99,</w>
 <w id="w12.3.21">1</w> 
 <w id="w12.3.22">%</w>
 <w id="w12.3.23">)</w> 
 <w id="w12.3.24">od</w> 
 <w id="w12.3.25">317</w> 
 <w id="w12.3.26">bolnikov</w>
 <w id="w12.3.27">,</w> 
 <w id="w12.3.28">pri</w> 
 <w id="w12.3.29">fusidinski</w> 
 <w id="w12.3.30">kislini</w> 
 <w id="w12.3.31">pa</w> 
 <w id="w12.3.32">141</w> 
 <w id="w12.3.33">(</w>
 <w id="w12.3.34">94,</w>
 <w id="w12.3.35">0</w> 
 <w id="w12.3.36">%</w>
 <w id="w12.3.37">)</w> 
 <w id="w12.3.38">od</w> 
 <w id="w12.3.39">150</w> 
 <w id="w12.3.40">bolnikov</w>
 <w id="w12.3.41">.</w>
</s> 
 
<s id="s12.4">
 <w id="w12.4.1">Pri</w> 
 <w id="w12.4.2">zdravljenju</w> 
 <w id="w12.4.3">okuženih</w> 
 <w id="w12.4.4">kožnih</w> 
 <w id="w12.4.5">ran</w> 
 <w id="w12.4.6">sta</w> 
 <w id="w12.4.7">bili</w> 
 <w id="w12.4.8">stopnji</w> 
 <w id="w12.4.9">odziva</w> 
 <w id="w12.4.10">na</w> 
 <w id="w12.4.11">zdravilo</w> 
 <w id="w12.4.12">Altargo</w> 
 <w id="w12.4.13">in</w> 
 <w id="w12.4.14">cefaleksin</w> 
 <w id="w12.4.15">podobni</w>
 <w id="w12.4.16">:</w> 
 <w id="w12.4.17">ocena</w> 
 <w id="w12.4.18">kombiniranih</w> 
 <w id="w12.4.19">rezultatov</w> 
 <w id="w12.4.20">obeh</w> 
 <w id="w12.4.21">študij</w> 
 <w id="w12.4.22">kožnih</w> 
 <w id="w12.4.23">ran</w> 
 <w id="w12.4.24">je</w> 
 <w id="w12.4.25">pokazala</w>
 <w id="w12.4.26">,</w> 
 <w id="w12.4.27">da</w> 
 <w id="w12.4.28">se</w> 
 <w id="w12.4.29">je</w> 
 <w id="w12.4.30">na</w> 
 <w id="w12.4.31">zdravljenje</w> 
 <w id="w12.4.32">odzvalo</w> 
 <w id="w12.4.33">približno</w> 
 <w id="w12.4.34">90</w> 
 <w id="w12.4.35">%</w> 
 <w id="w12.4.36">bolnikov</w> 
 <w id="w12.4.37">iz</w> 
 <w id="w12.4.38">obeh</w> 
 <w id="w12.4.39">skupin</w>
 <w id="w12.4.40">.</w>
</s> 
 
<s id="s12.5">
 <w id="w12.5.1">Vendar</w> 
 <w id="w12.5.2">pa</w> 
 <w id="w12.5.3">se</w> 
 <w id="w12.5.4">je</w> 
 <w id="w12.5.5">v</w> 
 <w id="w12.5.6">teh</w> 
 <w id="w12.5.7">dveh</w> 
 <w id="w12.5.8">študijah</w> 
 <w id="w12.5.9">izkazalo</w>
 <w id="w12.5.10">,</w> 
 <w id="w12.5.11">da</w> 
 <w id="w12.5.12">zdravilo</w> 
 <w id="w12.5.13">Altargo</w> 
 <w id="w12.5.14">ni</w> 
 <w id="w12.5.15">bilo</w> 
 <w id="w12.5.16">dovolj</w> 
 <w id="w12.5.17">učinkovito</w> 
 <w id="w12.5.18">pri</w> 
 <w id="w12.5.19">zdravljenju</w> 
 <w id="w12.5.20">abscesov</w> 
 <w id="w12.5.21">(</w>
 <w id="w12.5.22">ognojkov</w>
 <w id="w12.5.23">)</w> 
 <w id="w12.5.24">ter</w> 
 <w id="w12.5.25">okužb</w>
 <w id="w12.5.26">,</w> 
 <w id="w12.5.27">za</w> 
 <w id="w12.5.28">katere</w> 
 <w id="w12.5.29">je</w> 
 <w id="w12.5.30">znano</w> 
 <w id="w12.5.31">ali</w> 
 <w id="w12.5.32">verjetno</w>
 <w id="w12.5.33">,</w> 
 <w id="w12.5.34">da</w> 
 <w id="w12.5.35">so</w> 
 <w id="w12.5.36">jih</w> 
 <w id="w12.5.37">povzročili</w> 
 <w id="w12.5.38">sevi</w> 
 <w id="w12.5.39">MRSA</w>
 <w id="w12.5.40">.</w>
</s> 
 
<s id="s12.6">
 <w id="w12.6.1">Predloženi</w> 
 <w id="w12.6.2">podatki</w> 
 <w id="w12.6.3">niso</w> 
 <w id="w12.6.4">bili</w> 
 <w id="w12.6.5">zadostni</w> 
 <w id="w12.6.6">za</w> 
 <w id="w12.6.7">utemeljitev</w> 
 <w id="w12.6.8">uporabe</w> 
 <w id="w12.6.9">zdravila</w> 
 <w id="w12.6.10">Altargo</w> 
 <w id="w12.6.11">pri</w> 
 <w id="w12.6.12">zdravljenju</w> 
 <w id="w12.6.13">infekcijskega</w> 
 <w id="w12.6.14">dermatitisa</w>
 <w id="w12.6.15">.</w>
</s></p>

<p id="13">
<s id="s13.1">
 <w id="w13.1.1">Kakšna</w> 
 <w id="w13.1.2">tveganja</w> 
 <w id="w13.1.3">so</w> 
 <w id="w13.1.4">povezana</w> 
 <w id="w13.1.5">z</w> 
 <w id="w13.1.6">zdravilom</w> 
 <w id="w13.1.7">Altargo</w>
 <w id="w13.1.8">?</w>
</s> 
 
<s id="s13.2">
 <w id="w13.2.1">Najpogostejši</w> 
 <w id="w13.2.2">neželeni</w> 
 <w id="w13.2.3">učinek</w> 
 <w id="w13.2.4">zdravila</w> 
 <w id="w13.2.5">Altargo</w> 
 <w id="w13.2.6">(</w>
 <w id="w13.2.7">opažen</w> 
 <w id="w13.2.8">pri</w> 
 <w id="w13.2.9">1</w> 
 <w id="w13.2.10">do</w> 
 <w id="w13.2.11">10</w> 
 <w id="w13.2.12">bolnikih</w> 
 <w id="w13.2.13">izmed</w> 
 <w id="w13.2.14">100</w>
 <w id="w13.2.15">)</w> 
 <w id="w13.2.16">je</w> 
 <w id="w13.2.17">draženje</w> 
 <w id="w13.2.18">na</w> 
 <w id="w13.2.19">mestu</w> 
 <w id="w13.2.20">nanosa</w>
 <w id="w13.2.21">.</w>
</s> 
 
<s id="s13.3">
 <w id="w13.3.1">Za</w> 
 <w id="w13.3.2">celoten</w> 
 <w id="w13.3.3">seznam</w> 
 <w id="w13.3.4">neželenih</w> 
 <w id="w13.3.5">učinkov</w>
 <w id="w13.3.6">,</w> 
 <w id="w13.3.7">o</w> 
 <w id="w13.3.8">katerih</w> 
 <w id="w13.3.9">so</w> 
 <w id="w13.3.10">poročali</w> 
 <w id="w13.3.11">pri</w> 
 <w id="w13.3.12">uporabi</w> 
 <w id="w13.3.13">zdravila</w> 
 <w id="w13.3.14">Altargo</w>
 <w id="w13.3.15">,</w> 
 <w id="w13.3.16">glejte</w> 
 <w id="w13.3.17">Navodilo</w> 
 <w id="w13.3.18">za</w> 
 <w id="w13.3.19">uporabo</w>
 <w id="w13.3.20">.</w>
</s> 
 
<s id="s13.4">
 <w id="w13.4.1">Zdravila</w> 
 <w id="w13.4.2">Altargo</w> 
 <w id="w13.4.3">ne</w> 
 <w id="w13.4.4">smejo</w> 
 <w id="w13.4.5">uporabljati</w> 
 <w id="w13.4.6">osebe</w>
 <w id="w13.4.7">,</w> 
 <w id="w13.4.8">ki</w> 
 <w id="w13.4.9">utegnejo</w> 
 <w id="w13.4.10">biti</w> 
 <w id="w13.4.11">preobčutljive</w> 
 <w id="w13.4.12">za</w> 
 <w id="w13.4.13">(</w>
 <w id="w13.4.14">alergične</w> 
 <w id="w13.4.15">na</w>
 <w id="w13.4.16">)</w> 
 <w id="w13.4.17">retapamulin</w> 
 <w id="w13.4.18">ali</w> 
 <w id="w13.4.19">katerokoli</w> 
 <w id="w13.4.20">drugo</w> 
 <w id="w13.4.21">sestavino</w> 
 <w id="w13.4.22">zdravila</w>
 <w id="w13.4.23">.</w>
</s></p>

<p id="14">
<s id="s14.1">
 <w id="w14.1.1">Zakaj</w> 
 <w id="w14.1.2">je</w> 
 <w id="w14.1.3">bilo</w> 
 <w id="w14.1.4">zdravilo</w> 
 <w id="w14.1.5">Altargo</w> 
 <w id="w14.1.6">odobreno</w>
 <w id="w14.1.7">?</w>
</s> 
 
<s id="s14.2">
 <w id="w14.2.1">Odbor</w> 
 <w id="w14.2.2">za</w> 
 <w id="w14.2.3">zdravila</w> 
 <w id="w14.2.4">za</w> 
 <w id="w14.2.5">uporabo</w> 
 <w id="w14.2.6">v</w> 
 <w id="w14.2.7">humani</w> 
 <w id="w14.2.8">medicini</w> 
 <w id="w14.2.9">(</w>
 <w id="w14.2.10">CHMP</w>
 <w id="w14.2.11">)</w> 
 <w id="w14.2.12">je</w> 
 <w id="w14.2.13">odločil</w>
 <w id="w14.2.14">,</w> 
 <w id="w14.2.15">da</w> 
 <w id="w14.2.16">so</w> 
 <w id="w14.2.17">koristi</w> 
 <w id="w14.2.18">zdravila</w> 
 <w id="w14.2.19">Altargo</w> 
 <w id="w14.2.20">večje</w> 
 <w id="w14.2.21">od</w> 
 <w id="w14.2.22">z</w> 
 <w id="w14.2.23">njim</w> 
 <w id="w14.2.24">povezanih</w> 
 <w id="w14.2.25">tveganj</w> 
 <w id="w14.2.26">pri</w> 
 <w id="w14.2.27">kratkotrajnem</w> 
 <w id="w14.2.28">zdravljenju</w> 
 <w id="w14.2.29">naslednjih</w> 
 <w id="w14.2.30">povrhnjih</w> 
 <w id="w14.2.31">okužb</w> 
 <w id="w14.2.32">kože</w>
 <w id="w14.2.33">:</w>      
 <w id="w14.2.34">•</w> 
 <w id="w14.2.35">impetigo</w>
 <w id="w14.2.36">,</w>      
 <w id="w14.2.37">•</w> 
 <w id="w14.2.38">okužene</w> 
 <w id="w14.2.39">manjše</w> 
 <w id="w14.2.40">raztrganine</w>
 <w id="w14.2.41">,</w> 
 <w id="w14.2.42">odrgnine</w> 
 <w id="w14.2.43">ali</w> 
 <w id="w14.2.44">zašite</w> 
 <w id="w14.2.45">rane</w>
 <w id="w14.2.46">.</w>
</s>  
 
<s id="s14.3">
 <w id="w14.3.1">Odbor</w> 
 <w id="w14.3.2">je</w> 
 <w id="w14.3.3">priporočil</w>
 <w id="w14.3.4">,</w> 
 <w id="w14.3.5">da</w> 
 <w id="w14.3.6">se</w> 
 <w id="w14.3.7">za</w> 
 <w id="w14.3.8">zdravilo</w> 
 <w id="w14.3.9">Altargo</w> 
 <w id="w14.3.10">odobri</w> 
 <w id="w14.3.11">dovoljenje</w> 
 <w id="w14.3.12">za</w> 
 <w id="w14.3.13">promet</w> 
 <w id="w14.3.14">z</w> 
 <w id="w14.3.15">zdravilom</w>
 <w id="w14.3.16">.</w>
</s></p>

<p id="15">
<s id="s15.1">
 <w id="w15.1.1">Druge</w> 
 <w id="w15.1.2">informacije</w> 
 <w id="w15.1.3">o</w> 
 <w id="w15.1.4">zdravilu</w> 
 <w id="w15.1.5">Altargo</w>
 <w id="w15.1.6">:</w>
</s> 
 
<s id="s15.2">
 <w id="w15.2.1">Evropska</w> 
 <w id="w15.2.2">komisija</w> 
 <w id="w15.2.3">je</w> 
 <w id="w15.2.4">dovoljenje</w> 
 <w id="w15.2.5">za</w> 
 <w id="w15.2.6">promet</w> 
 <w id="w15.2.7">z</w> 
 <w id="w15.2.8">zdravilom</w> 
 <w id="w15.2.9">Altargo</w>
 <w id="w15.2.10">,</w> 
 <w id="w15.2.11">veljavno</w> 
 <w id="w15.2.12">po</w> 
 <w id="w15.2.13">vsej</w> 
 <w id="w15.2.14">Evropski</w> 
 <w id="w15.2.15">uniji</w>
 <w id="w15.2.16">,</w> 
 <w id="w15.2.17">odobrila</w> 
 <w id="w15.2.18">družbi</w> 
 <w id="w15.2.19">Glaxo</w> 
 <w id="w15.2.20">Group</w> 
 <w id="w15.2.21">Ltd</w> 
 <w id="w15.2.22">dne</w> 
 <w id="w15.2.23">24</w>
 <w id="w15.2.24">.</w> 
 <w id="w15.2.25">maja</w> 
 <w id="w15.2.26">2007</w>
 <w id="w15.2.27">.</w>
</s></p>

<p id="16">
<s id="s16.1">
 <w id="w16.1.1">Celotno</w> 
 <w id="w16.1.2">Evropsko</w> 
 <w id="w16.1.3">javno</w> 
 <w id="w16.1.4">poročilo</w> 
 <w id="w16.1.5">o</w> 
 <w id="w16.1.6">oceni</w> 
 <w id="w16.1.7">zdravila</w> 
 <w id="w16.1.8">(</w>
 <w id="w16.1.9">EPAR</w>
 <w id="w16.1.10">)</w> 
 <w id="w16.1.11">za</w> 
 <w id="w16.1.12">zdravilo</w> 
 <w id="w16.1.13">Altargo</w> 
 <w id="w16.1.14">je</w> 
 <w id="w16.1.15">na</w> 
 <w id="w16.1.16">voljo</w> 
 <w id="w16.1.17">tukaj</w>
 <w id="w16.1.18">.</w>
</s></p>

<p id="17">
<s id="s17.1">
 <w id="w17.1.1">Povzetek</w> 
 <w id="w17.1.2">je</w> 
 <w id="w17.1.3">bil</w> 
 <w id="w17.1.4">nazadnje</w> 
 <w id="w17.1.5">posodobljen</w> 
 <w id="w17.1.6">07-</w>
 <w id="w17.1.7">2007</w>
 <w id="w17.1.8">.</w>
</s></p>

<p id="18">
<s id="s18.1">
 <w id="w18.1.1">©EMEA</w> 
 <w id="w18.1.2">2007</w>
</s></p>

<head id="19">
<s id="s19.1">
 <w id="w19.1.1">2/</w>
 <w id="w19.1.2">2</w>
</s></head></text>
