<?xml version="1.0" encoding="utf-8"?>
<letsmt version="1.0">
<head></head>
<body>
<s id="s1.1">ANNEX I</s>
<s id="s2.1">LIST OF THE NAMES, PHARMACEUTICAL FORMS, STRENGTHS OF THE MEDICINAL PRODUCTS, ROUTE OF ADMINISTRATION, AND MARKETING AUTHORISATION HOLDERS IN THE MEMBER STATES AND NORWAY AND ICELAND</s>
<s id="s3.1">1 Member State</s>
<s id="s4.1">Marketing Authorisation Holder</s>
<s id="s5.1">Invented name</s>
<s id="s6.1">Strength</s>
<s id="s7.1">Pharmaceutical Form</s>
<s id="s8.1">Route of administration</s>
<s id="s9.1">United Kingdom</s>
<s id="s10.1">Novartis Pharmaceuticals UK Ltd Frimley Business Park Frimley Camberley Surrey GU16 7SR United Kingdom</s>
<s id="s11.1">Prexige</s>
<s id="s12.1">100 mg</s>
<s id="s13.1">Film-coated tablet</s>
<s id="s14.1">Oral</s>
<s id="s15.1">United Kingdom</s>
<s id="s16.1">Novartis Pharmaceuticals UK Ltd Frimley Business Park Frimley Camberley Surrey GU16 7SR United Kingdom</s>
<s id="s17.1">Prexige</s>
<s id="s18.1">200 mg</s>
<s id="s19.1">Film-coated tablet</s>
<s id="s20.1">Oral</s>
<s id="s21.1">United Kingdom</s>
<s id="s22.1">Novartis Pharmaceuticals UK Ltd Frimley Business Park Frimley Camberley Surrey GU16 7SR United Kingdom</s>
<s id="s23.1">Prexige</s>
<s id="s24.1">400 mg</s>
<s id="s25.1">Film-coated tablet</s>
<s id="s26.1">Oral</s>
<s id="s27.1">United Kingdom</s>
<s id="s28.1">Novartis Pharmaceuticals UK Ltd Frimley Business Park Frimley Camberley Surrey GU16 7SR United Kingdom</s>
<s id="s29.1">Lumiracoxib</s>
<s id="s30.1">100 mg</s>
<s id="s31.1">Film-coated tablet</s>
<s id="s32.1">Oral</s>
<s id="s33.1">United Kingdom</s>
<s id="s34.1">Novartis Pharmaceuticals UK Ltd Frimley Business Park Frimley Camberley Surrey GU16 7SR United Kingdom</s>
<s id="s35.1">Lumiracoxib</s>
<s id="s36.1">200 mg</s>
<s id="s37.1">Film-coated tablet</s>
<s id="s38.1">Oral</s>
<s id="s39.1">2 Member State</s>
<s id="s40.1">Marketing Authorisation Holder</s>
<s id="s41.1">Invented name</s>
<s id="s42.1">Strength</s>
<s id="s43.1">Pharmaceutical Form</s>
<s id="s44.1">Route of administration</s>
<s id="s45.1">United Kingdom</s>
<s id="s46.1">Novartis Pharmaceuticals UK Ltd Frimley Business Park Frimley Camberley Surrey GU16 7SR United Kingdom</s>
<s id="s47.1">Lumiracoxib</s>
<s id="s48.1">400 mg</s>
<s id="s49.1">Film-coated tablet</s>
<s id="s50.1">Oral</s>
<s id="s51.1">United Kingdom</s>
<s id="s52.1">Novartis Pharmaceuticals UK Ltd Frimley Business Park Frimley Camberley Surrey GU16 7SR United Kingdom</s>
<s id="s53.1">Frexocel</s>
<s id="s54.1">100 mg</s>
<s id="s55.1">Film-coated tablet</s>
<s id="s56.1">Oral</s>
<s id="s57.1">United Kingdom</s>
<s id="s58.1">Novartis Pharmaceuticals UK Ltd Frimley Business Park Frimley Camberley Surrey GU16 7SR United Kingdom</s>
<s id="s59.1">Frexocel</s>
<s id="s60.1">200 mg</s>
<s id="s61.1">Film-coated tablet</s>
<s id="s62.1">Oral</s>
<s id="s63.1">United Kingdom</s>
<s id="s64.1">Novartis Pharmaceuticals UK Ltd Frimley Business Park Frimley Camberley Surrey GU16 7SR United Kingdom</s>
<s id="s65.1">Frexocel</s>
<s id="s66.1">400 mg</s>
<s id="s67.1">Film-coated tablet</s>
<s id="s68.1">Oral</s>
<s id="s69.1">United Kingdom</s>
<s id="s70.1">Novartis Pharmaceuticals UK Ltd Frimley Business Park Frimley Camberley Surrey GU16 7SR United Kingdom</s>
<s id="s71.1">Stellige</s>
<s id="s72.1">100 mg</s>
<s id="s73.1">Film-coated tablet</s>
<s id="s74.1">Oral</s>
<s id="s75.1">3 Member State</s>
<s id="s76.1">Marketing Authorisation Holder</s>
<s id="s77.1">Invented name</s>
<s id="s78.1">Strength</s>
<s id="s79.1">Pharmaceutical Form</s>
<s id="s80.1">Route of administration</s>
<s id="s81.1">United Kingdom</s>
<s id="s82.1">Novartis Pharmaceuticals UK Ltd Frimley Business Park Frimley Camberley Surrey GU16 7SR United Kingdom</s>
<s id="s83.1">Stellige</s>
<s id="s84.1">200 mg</s>
<s id="s85.1">Film-coated tablet</s>
<s id="s86.1">Oral</s>
<s id="s87.1">United Kingdom</s>
<s id="s88.1">Novartis Pharmaceuticals UK Ltd Frimley Business Park Frimley Camberley Surrey GU16 7SR United Kingdom</s>
<s id="s89.1">Stellige</s>
<s id="s90.1">400 mg</s>
<s id="s91.1">Film-coated tablet</s>
<s id="s92.1">Oral</s>
<s id="s93.1">United Kingdom</s>
<s id="s94.1">Novartis Pharmaceuticals UK Ltd Frimley Business Park Frimley Camberley Surrey GU16 7SR United Kingdom</s>
<s id="s95.1">Exforge</s>
<s id="s96.1">100 mg</s>
<s id="s97.1">Film-coated tablet</s>
<s id="s98.1">Oral</s>
<s id="s99.1">United Kingdom</s>
<s id="s100.1">Novartis Pharmaceuticals UK Ltd Frimley Business Park Frimley Camberley Surrey GU16 7SR United Kingdom</s>
<s id="s101.1">Exforge</s>
<s id="s102.1">200 mg</s>
<s id="s103.1">Film-coated tablet</s>
<s id="s104.1">Oral</s>
<s id="s105.1">United Kingdom</s>
<s id="s106.1">Novartis Pharmaceuticals UK Ltd Frimley Business Park Frimley Camberley Surrey GU16 7SR United Kingdom</s>
<s id="s107.1">Exforge</s>
<s id="s108.1">400 mg</s>
<s id="s109.1">Film-coated tablet</s>
<s id="s110.1">Oral</s>
<s id="s111.1">4 ANNEX II</s>
<s id="s112.1">SCIENTIFIC CONCLUSIONS AND GROUNDS FOR AMENDMENT OF THE SUMMARY OF PRODUCT CHARACTERISTICS PRESENTED BY THE EMEA</s>
<s id="s113.1">5 SCIENTIFIC CONCLUSIONS FOR THE AMENDMENT OF THE MARKETING AUTHORISATION</s>
<s id="s114.1">In September 2004, the Marketing Authorisation Holder (MAH) of rofecoxib (a selective Cox-2- inhibitor) informed the EMEA that new clinical trial (APPROVe) data for rofecoxib have revealed a risk of thrombotic cardiovascular (CV) events.</s>
<s id="s114.2">These data resulted in the worldwide withdrawal of Vioxx (rofecoxib) from the market on 30 September 2004 by the MAH and raised questions regarding the cardiovascular safety of other Cox-2 inhibitors.</s>
<s id="s115.1">Further to discussions at the CHMP October 2004 plenary meeting, the European Commission recommended that this public health issue on all aspects of cardiovascular safety including thrombotic events and cardio-renal events is the subject of Community referrals under Article 31 of Directive 2001/ 83/ EC, as amended regarding decentrally authorised products containing celecoxib, etoricoxib and lumiracoxib and subject to a review procedure under Article 18 of Council Regulation (EEC) No 2309/ 93, as amended regarding the centrally authorised products containing celecoxib (Onsenal), parecoxib (Dynastat/ Rayzon) and valdecoxib (Bextra/ Valdyn), which were started in November 2004.</s>
<s id="s116.1">During the CHMP meeting of February 2005, discussions on cardiovascular safety took place.</s>
<s id="s116.2">The CHMP agreed that an Urgent Safety Restriction (USR) on cardiovascular safety was needed to introduce new contraindications and strengthen warnings and information on side effects in the SPC.</s>
<s id="s116.3">This USR was initiated on 16 February 2005 and finalised on 17 February 2005.</s>
<s id="s117.1">On 7 April 2005, the FDA (Food and Drug Administration) and the EMEA requested that Pfizer voluntarily withdraw Bextra (valdecoxib) from the market and Pfizer agreed to suspend sale and marketing of Bextra worldwide pending further discussions on the unfavorable risk versus benefit due to data on serious skin reactions.</s>
<s id="s118.1">On 20 April 2005, Pfizer presented data on serious skin reactions for valdecoxib during a hearing.</s>
<s id="s119.1">Further to a request from the European Commission, the scope of the ongoing class was broadened review to include the assessment of serious skin reactions in addition to the cardiovascular safety aspects.</s>
<s id="s120.1">Between November 2004 and June 2005, the MAH made an oral explanation to the CHMP on cardiovascular and skin safety aspects for lumiracoxib on 18 January 2005.</s>
<s id="s121.1">On 23 June 2005, the CHMP concluded that:</s>
<s id="s122.1">Further to the assessment of:</s>
<s id="s123.1">-</s>
<s id="s124.1">the new data provided on rofecoxib by the APPROVe clinical study, which revealed a risk of thrombotic CV events,</s>
<s id="s125.1">- the data on celecoxib presented in the APC study, which suggested a dose-related</s>
<s id="s126.1">increased risk of serious CV events,</s>
<s id="s127.1">- the data on valdecoxib and parecoxib presented in the CABG (Coronary Artery Bypass</s>
<s id="s128.1">Graft) and in the CABG II studies, which showed a higher rate of serious CV thromboembolic events in the parecoxib/ valdecoxib treatment arm compared to the group of patients receiving placebo,</s>
<s id="s129.1">- the data on etoricoxib in the EDGE study and pooled analyses of other clinical trials,</s>
<s id="s130.1">which suggested an association with a higher thrombotic risk than naproxen,</s>
<s id="s131.1">- the data on lumiracoxib in the Target study, which suggested a small increase in</s>
<s id="s132.1">thrombotic events (especially myocardial infarction) versus naproxen, all available data show an increased risk of CV adverse reactions for Cox-2 inhibitors as a class and agreed that there is an association between duration and dose of intake and the probability of suffering a CV reaction.</s>
<s id="s133.1">6 Further to the assessment of the data on serious skin reactions, lumiracoxib does not appear to be associated with an unusually large number of reports of serious skin reactions.</s>
<s id="s133.2">There were no cases of Stevens-Johnson syndrome, toxic epidermal necrolysis or erythema multiforme reported in association with the use of lumiracoxib.</s>
<s id="s133.3">However, exposure is limited to clinical trials.</s>
<s id="s134.1">The CHMP confirmed changes to the Product Information already introduced through a type II variation adopted in May 2005 and requested further changes.</s>
<s id="s135.1">The changes of the Product Information related to the CV can be summarised as follows:</s>
<s id="s136.1">- Addition of a statement that decision to prescribe a selective COX-2 inhibitor should be based</s>
<s id="s137.1">on an assessment of the individual patient's overall risks.</s>
<s id="s138.1">- Addition of a statement that prescribers should use the lowest effective dose, for the shortest</s>
<s id="s139.1">possible duration, and that the need for pain relief should be re-evaluated frequently.</s>
<s id="s140.1">- Addition of the contraindications Established ischaemic heart disease and/ or cerebrovascular</s>
<s id="s141.1">disease and Peripheral arterial disease.</s>
<s id="s142.1">- Addition of a warning on clinical trials which suggest that selective Cox-2 inhibitors may be</s>
<s id="s143.1">associated with a risk of thrombotic events (especially MI and stroke), relative to placebo and some NSAIDs.</s>
<s id="s144.1">- Addition of a warning for patients with risk factors for heart disease, such as hypertension,</s>
<s id="s145.1">hyperlipidaemia (high cholesterol levels), diabetes and smoking.</s>
<s id="s146.1">- Addition of a warning for prescribers to consider discontinuation of therapy if during</s>
<s id="s147.1">treatment, patients deteriorate in any of the organ system functions described.</s>
<s id="s148.1">- Addition of a warning for prescribers to exercise caution when prescribing NSAIDs, in</s>
<s id="s149.1">combination with ACE inhibitors or angiotensin II receptor antagonists.</s>
<s id="s150.1">The changes of the Product Information related to the SCAR can be summarised as follows:</s>
<s id="s151.1">- Addition of a warning to report that the onset of skin reactions occur in the majority of cases</s>
<s id="s152.1">within the first month of treatment.</s>
<s id="s153.1">- Addition of a warning for patients with a history of any drug allergy.</s>
<s id="s154.1">- Addition of a warning to highlight that fatal serious skin reactions have now occurred with</s>
<s id="s155.1">Cox-2 inhibitors.</s>
<s id="s156.1">- Addition of a detailed description of the first signs of skin reactions leading to discontinuation</s>
<s id="s157.1">of the treatment.</s>
<s id="s158.1">GROUNDS FOR THE AMENDMENT OF THE MARKETING AUTHORISATION</s>
<s id="s159.1">Whereas, the CHMP</s>
<s id="s160.1">- is of the Opinion that the benefit/ risk balance of medicinal products containing lumiracoxib in</s>
<s id="s161.1">the agreed indications remains favourable and the Marketing Authorisations should be maintained according to revised Summaries of Product Characteristics (attached in Annex III of the CHMP Opinion),</s>
<s id="s162.1">- concluded that the cardiovascular safety and serious skin reactions should be continuously</s>
<s id="s163.1">and carefully monitored and assessed,</s>
<s id="s164.1">- recommended follow up measures to further investigate the safety of lumiracoxib.</s>
<s id="s165.1">7 ANNEX III</s>
<s id="s166.1">SUMMARY OF PRODUCT CHARACTERISTICS</s>
<s id="s167.1">Note:</s>
<s id="s167.2">This SPC is the one that was Annexed to the Commission Decision on this Article 31 referral for lumiracoxib containing medicinal products.</s>
<s id="s167.3">The text was valid at that time.</s>
<s id="s168.1">After the Commission Decision, the Member State competent authorities will update the product information as required.</s>
<s id="s168.2">Therefore, this SPC may not necessarily represent the current text.</s>
<s id="s169.1">8 1.</s>
<s id="s169.2">NAME OF THE MEDICINAL PRODUCT</s>
<s id="s170.1">{INVENTED NAME} 100 mg film-coated tablets {INVENTED NAME} 200 mg film-coated tablets {INVENTED NAME} 400 mg film-coated tablets</s>
<s id="s171.1">2.</s>
<s id="s171.2">QUALITATIVE AND QUANTITATIVE COMPOSITION</s>
<s id="s172.1">Each 100 mg film-coated tablet contains 100 mg lumiracoxib.</s>
<s id="s172.2">Each 200 mg film-coated tablet contains 200 mg lumiracoxib.</s>
<s id="s172.3">Each 400 mg film-coated tablet contains 400 mg lumiracoxib.</s>
<s id="s173.1">For excipients, see section 6.1.</s>
<s id="s174.1">3.</s>
<s id="s174.2">PHARMACEUTICAL FORM</s>
<s id="s175.1">Film-coated tablet</s>
<s id="s176.1">100 mg film-coated tablets:</s>
<s id="s176.2">Ovaloid, red, tablets with “ NVR” debossed on one side and “ OB” on the other side.</s>
<s id="s177.1">200 mg film-coated tablets:</s>
<s id="s177.2">Ovaloid, red, tablets with “ NVR” debossed on one side and “ OC” on the other side.</s>
<s id="s178.1">400 mg film-coated tablets:</s>
<s id="s178.2">Ovaloid, red, tablets with “ NVR” debossed on one side and “ OD” on the other side.</s>
<s id="s179.1">4.</s>
<s id="s179.2">CLINICAL PARTICULARS</s>
<s id="s180.1">4.1 Therapeutic indications</s>
<s id="s181.1">Symptomatic relief in the treatment of osteoarthritis.</s>
<s id="s182.1">For the short-term relief of moderate to severe acute pain associated with:</s>
<s id="s183.1">- primary dysmenorrhea,</s>
<s id="s184.1">- dental surgery,</s>
<s id="s185.1">- orthopaedic surgery.</s>
<s id="s186.1">The decision to prescribe a selective COX-2 inhibitor should be based on an assessment of the individual patient’ s overall risks (see section 4.3 and 4.4).</s>
<s id="s187.1">4.2 Posology and method of administration</s>
<s id="s188.1">{Invented Name} film-coated tablets are administered orally and may be taken with or without food.</s>
<s id="s189.1">Osteoarthritis The recommended starting dose is 100 mg once daily.</s>
<s id="s189.2">In patients who fail to respond, the dose may be increased to 200 mg daily in one or two divided doses.</s>
<s id="s189.3">Patients should not exceed this dose.</s>
<s id="s189.4">The maximum treatment duration in clinical studies was 12 months.</s>
<s id="s190.1">Acute pain The recommended dose is 400 mg once daily.</s>
<s id="s190.2">Patients should not exceed this dose and the treatment duration should not exceed 5 days.</s>
<s id="s191.1">9 Relief of acute pain due to dental surgery: the maximum treatment duration in clinical studies was 24 hours.</s>
<s id="s192.1">Relief of acute pain due to orthopaedic surgery: the maximum treatment duration in clinical studies was 5 days.</s>
<s id="s193.1">Relief of pain due to primary dysmenorrhea: the maximum treatment duration in clinical studies was 3 days.</s>
<s id="s194.1">As the cardiovascular risks of lumiracoxib may increase with dose and duration of exposure, the shortest duration and the lowest effective daily dose should be used.</s>
<s id="s194.2">The patient’ s need for symptomatic relief and response to therapy should be re-evaluated periodically, especially in patients with osteoarthritis.</s>
<s id="s195.1">Ethnic differences:</s>
<s id="s195.2">Dosing recommendations are the same for Asians, Blacks and Caucasians (see section 5.2).</s>
<s id="s196.1">Elderly:</s>
<s id="s196.2">As with other drugs used in the elderly, it is prudent to initiate treatment with the lower recommended dose.</s>
<s id="s196.3">Caution should be exercised in elderly osteoarthritis patients when increasing from a 100 mg to a 200 mg daily dose (see section 4.4 and 5.2).</s>
<s id="s197.1">CYP2C9 poor metabolisers:</s>
<s id="s197.2">No dose adjustment is necessary in patients known to be CYP2C9 poor metabolisers (see section 5.2).</s>
<s id="s198.1">Hepatic impairment:</s>
<s id="s198.2">No dose adjustment is necessary for patients with mild (Child-Pugh 5-6) to moderate (Child-Pugh 7-8) hepatic impairment.</s>
<s id="s198.3">However, it is prudent to initiate treatment at the lower recommended dose in such patients (see section 4.3, 4.4 and 5.2).</s>
<s id="s199.1">Renal insufficiency:</s>
<s id="s199.2">No dose adjustment is necessary for patients with creatinine clearance ≥ 50 ml/ min.</s>
<s id="s199.3">Lumiracoxib is contraindicated in patients with moderate to severe renal impairment (estimated creatinine clearance &lt; 50 ml/ min) (see section 4.3, 4.4 and 5.2).</s>
<s id="s200.1">Paediatric use:</s>
<s id="s200.2">{Invented Name} has not been studied in children and thus is contraindicated in children under 18 years of age.</s>
<s id="s201.1">4.3 Contraindications</s>
<s id="s202.1">- Known hypersensitivity to lumiracoxib or to any of the excipients.</s>
<s id="s203.1">- Patients who have experienced asthma, acute rhinitis, nasal polyps, angioedema, urticaria or</s>
<s id="s204.1">other allergic-type reactions after taking acetylsalicylic acid or NSAIDs.</s>
<s id="s205.1">- Patients with active peptic ulceration or gastrointestinal bleeding.</s>
<s id="s206.1">- Patients with inflammatory bowel disease.</s>
<s id="s207.1">- Patients with congestive heart failure (NYHA II-IV).</s>
<s id="s208.1">- Patients with established ischaemic heart disease, peripheral arterial disease and/ or</s>
<s id="s209.1">cerebrovascular disease.</s>
<s id="s210.1">- Patients with moderate to severe renal dysfunction (estimated creatinine clearance &lt; 50 ml/ min).</s>
<s id="s211.1">- Patients with severe hepatic disease (Child-Pugh &gt; 9).</s>
<s id="s212.1">- Third trimester of pregnancy and breast feeding (see section 4.6 and 5.3).</s>
<s id="s213.1">- Patients under 18 years of age.</s>
<s id="s214.1">4.4 Special warnings and special precautions for use</s>
<s id="s215.1">GI effects Upper gastrointestinal complications [perforations, ulcers or bleedings (PUBs)], some of them resulting in a fatal outcome, have occurred in patients treated with lumiracoxib.</s>
<s id="s215.2">In clinical studies, few patients (&lt; 0.3%) treated with lumiracoxib developed perforations, obstruction or bleeds (POBs).</s>
<s id="s216.1">10 Caution is advised with treatment of patients most at risk of developing a gastrointestinal complication with NSAIDs: the elderly, patients using any other NSAID or ASA concomitantly, or patients with a prior history of gastrointestinal disease, such as ulceration and GI bleeding.</s>
<s id="s217.1">There is a further increase in the risk of gastrointestinal adverse effects (gastrointestinal ulceration or other gastrointestinal complications) when lumiracoxib is taken concomitantly with acetylsalicylic acid (even at low doses).</s>
<s id="s217.2">A significant difference in GI safety between selective COX-2 inhibitors + acetylsalicylic acid vs.</s>
<s id="s217.3">NSAIDs + acetylsalicylic acid has not been demonstrated in long-term clinical trials (see section 5.1).</s>
<s id="s218.1">Renal effects Renal prostaglandins may play a compensatory role in the maintenance of renal perfusion.</s>
<s id="s218.2">Therefore, under conditions of compromised renal perfusion, administration of lumiracoxib may cause a reduction in prostaglandin formation and, secondarily, in renal blood flow, and thereby impair renal function.</s>
<s id="s219.1">Patients at greatest risk of this response are those with pre-existing renal dysfunction, uncompensated heart failure, or cirrhosis and those receiving diuretics or ACE inhibitors.</s>
<s id="s219.2">Monitoring of renal function in such patients should be considered.</s>
<s id="s219.3">Caution should be used when initiating treatment with lumiracoxib in patients with dehydration.</s>
<s id="s219.4">It is advisable to rehydrate patients prior to starting therapy with lumiracoxib.</s>
<s id="s220.1">Hypertension and oedema As with other drugs known to inhibit prostaglandin synthesis, fluid retention and oedema have been observed in patients taking lumiracoxib in clinical trials.</s>
<s id="s220.2">Therefore, lumiracoxib should be used with caution in patients with history of cardiac failure, left ventricular dysfunction or hypertension, and in patients with pre-existing oedema from any other reason.</s>
<s id="s220.3">If there is clinical evidence of deterioration in the condition of these patients, appropriate measures including discontinuation of lumiracoxib should be taken.</s>
<s id="s221.1">Medically appropriate supervision should be maintained when using lumiracoxib in the elderly and in patients with mild renal, hepatic, or cardiac dysfunction.</s>
<s id="s222.1">Hepatic effects Elevations of alanine aminotransferase (ALT) and/ or aspartate aminotransferase (AST), greater than three times the upper limit of normal (&gt; 3xULN) have been reported in placebo/ active-controlled clinical studies in approximately 1.2% of patients in clinical trials up to one year with lumiracoxib 100 mg and 200 mg daily.</s>
<s id="s222.2">Marked elevations (&gt; 8xULN) have been observed in 0.3% with 100 mg once or twice daily and 0.6% of patients at 200 mg once daily.</s>
<s id="s223.1">Chronic use with 400 mg daily dose was associated with more frequent and more marked elevations in ALT/ AST.</s>
<s id="s223.2">In a long-term controlled study with lumiracoxib 400 mg daily, rare cases of hepatitis have been reported (see section 4.8).</s>
<s id="s224.1">Any patient with symptoms and/ or signs suggesting liver dysfunction, or in whom an abnormal liver function test has occurred, should be monitored.</s>
<s id="s224.2">If signs of hepatic insufficiency occur, or if abnormal liver function tests (ALT or AST &gt; 3xULN) persist, lumiracoxib should be discontinued.</s>
<s id="s225.1">Cardiovascular effects COX-2 selective inhibitors are not a substitute for ASA for prophylaxis of cardiovascular thromboembolic diseases because of their lack of antiplatelet effect.</s>
<s id="s225.2">Therefore antiplatelet therapies should not be discontinued (see section 4.5 and 5.1).</s>
<s id="s226.1">Clinical trials suggest that the selective COX-2 inhibitor class of drugs may be associated with a risk of thrombotic events (especially myocardial infarction (MI)and stroke), relative to placebo and some NSAID’ s.</s>
<s id="s226.2">As the cardiovascular risks of lumiracoxib may increase with dose and duration of exposure, the shortest duration and the lowest effective daily dose should be used.</s>
<s id="s226.3">The patients need</s>
<s id="s227.1">11 for symptomatic relief and response to therapy should be re-evaluated periodically, especially in patients with osteoarthritis (see section 4.2, 4.3, 4.8 and 5.1).</s>
<s id="s228.1">Patients with significant risk factors for cardiovascular events (eg hypertension, hyperlipidaemia, diabetes mellitus, smoking) should only be treated with lumiracoxib after careful consideration (see section 5.1).</s>
<s id="s229.1">Skin reactions Serious skin reactions, some of them fatal, including exfoliative dermatitis, Stevens-Johnson syndrome, and toxic epidermal necrolysis, have been reported very rarely in association with the use of NSAIDs and some selective COX-2 inhibitors during post-marketing surveillance.</s>
<s id="s229.2">Patients appear to be at highest risk for these reactions early in the course of therapy, with the onset of the reaction occurring in the majority of cases within the first month of treatment.</s>
<s id="s229.3">Serious hypersensitivity reactions (such as anaphylaxis and angioedema) have been reported in patients receiving lumiracoxib.</s>
<s id="s229.4">Some selective COX-2 inhibitors have been associated with an increased risk of skin reactions in patients with a history of any drug allergy.</s>
<s id="s229.5">Lumiracoxib, should be discontinued at the first appearance of skin rash, mucosal lesions, or any other sign of hypersensitivity.</s>
<s id="s230.1">General If during treatment, patients deteriorate in any of the organ system functions described above, appropriate measures should be taken and discontinuation of lumiracoxib therapy should be considered.</s>
<s id="s231.1">Use of lumiracoxib, as with any drug known to inhibit COX-2, is not recommended in women attempting to conceive (see section 4.6).</s>
<s id="s232.1">As with other NSAIDs, lumiracoxib may mask fever and other signs of inflammation or infection.</s>
<s id="s233.1">{Invented Name} 100 mg and 200 mg film-coated tablets contain lactose (23.3 mg and 46.6 mg, respectively).</s>
<s id="s233.2">Patients with rare hereditary problems of galactose intolerance, the Lapp lactase deficiency or glucose-galactose malabsorption should not take 100 mg and 200 mg film-coated tablets.</s>
<s id="s233.3">However, there is no lactose in {Invented Name} 400 mg film-coated tablets.</s>
<s id="s234.1">4.5 Interaction with other medicinal products and other forms of interaction</s>
<s id="s235.1">Pharmacodynamic Interactions</s>
<s id="s236.1">Oral anticoagulants:</s>
<s id="s236.2">In a drug-drug interaction study in healthy subjects stabilised on warfarin therapy, the administration of lumiracoxib 400 mg once daily for five days was associated with an approximate 15% increase in prothrombin time.</s>
<s id="s236.3">Therefore anticoagulant activity should be monitored in patients taking warfarin or similar agents, particularly in the first few days after initiating or changing the dose of lumiracoxib.</s>
<s id="s237.1">Diuretics, ACE inhibitors and Angiotensin II antagonists:</s>
<s id="s237.2">NSAIDs may reduce the effect of diuretics and antihypertensive drugs.</s>
<s id="s237.3">In some patients with compromised renal function (e. g. dehydrated patients or elderly patients with compromised renal functions), the co-administration of an ACE inhibitor or angiotensin II antagonist and agents that inhibit cyclooxygenase may result in further deterioration of renal function, including possible acute renal failure, which is usually reversible.</s>
<s id="s237.4">These interactions should be given consideration in patients taking lumiracoxib concomitantly with ACE-inhibitors or angiotensin II antagonists.</s>
<s id="s237.5">Therefore, the combination should be administered with caution, especially in the elderly.</s>
<s id="s237.6">Patients should be adequately hydrated and consideration should be given to monitoring of renal function after initiation of concomitant therapy, and periodically thereafter.</s>
<s id="s238.1">Other NSAIDs:</s>
<s id="s238.2">Lumiracoxib can be used with low-dose aspirin.</s>
<s id="s238.3">Concomitant administration of lumiracoxib with high doses of aspirin, other NSAIDs or COX-2 inhibitors should be avoided.</s>
<s id="s239.1">12 Ciclosporin or tacrolimus:</s>
<s id="s239.2">Although this interaction has not been studied with lumiracoxib, co- administration of ciclosporin or tacrolimus and any NSAID may increase the nephrotoxic effect of ciclosporin or tacrolimus.</s>
<s id="s239.3">Renal function should be monitored when lumiracoxib and either of these drugs is used in combination.</s>
<s id="s240.1">Pharmacokinetic Interactions</s>
<s id="s241.1">The oxidative metabolism of lumiracoxib is mainly CYP2C9 mediated.</s>
<s id="s241.2">In vitro studies indicate that lumiracoxib is not a significant inhibitor of other cytochrome P450 isoforms, including CYP1A2, CYP2C8, CYP 2C19, CYP2D6, CYP2E1, and CYP3A4.</s>
<s id="s241.3">Based on these studies, lumiracoxib appears to have a low potential for interactions with compounds cleared by cytochrome P450 except for CYP2C9 where there is possibility of decreased clearance of concomitantly administered substrates of CYP2C9.</s>
<s id="s242.1">In vivo studies suggest that lumiracoxib has low potential for interactions with CYP2C9 substrates.</s>
<s id="s242.2">However care should be exercised when lumiracoxib is co-administered with substrates of CYP2C9 that have very narrow therapeutic index, such as phenytoin and warfarin.</s>
<s id="s243.1">Based on in vitro studies, interactions involving plasma protein binding are not expected to have any clinically relevant effects on lumiracoxib or co-administered drugs.</s>
<s id="s244.1">The effect of lumiracoxib on the PK of other drugs Warfarin:</s>
<s id="s244.2">In a study with warfarin, which is considered to be a CYP2C9 substrate sensitive to drug interactions, co-administration with lumiracoxib 400 mg had no effect on plasma AUC, Cmax or Tmax of R-warfarin or S-warfarin.</s>
<s id="s244.3">Compared to placebo treatment, recovery of the S-7-OH warfarin metabolite in urine was about 25% lower in subjects treated with lumiracoxib.</s>
<s id="s245.1">Methotrexate:</s>
<s id="s245.2">Co-administration of lumiracoxib at doses of 400 mg once daily had no clinically significant effects on the plasma pharmacokinetics, plasma protein binding or urinary excretion of methotrexate and of the 7-hydroxy methotrexate metabolite.</s>
<s id="s246.1">Oral contraceptives:</s>
<s id="s246.2">Co-administration of lumiracoxib did not affect the steady state pharmacokinetics or the efficacy of ethinylestradiol and of levonorgestrel.</s>
<s id="s246.3">Thus no alteration in oral contraceptive medication is necessary when lumiracoxib is co-administered.</s>
<s id="s247.1">Lithium:</s>
<s id="s247.2">NSAIDs have produced an elevation of plasma lithium levels and a reduction in renal lithium clearance.</s>
<s id="s247.3">Thus when lumiracoxib and lithium are administered concurrently, subjects should be observed carefully for signs of lithium toxicity.</s>
<s id="s248.1">Effects of other drugs on the PK of lumiracoxib Fluconazole:</s>
<s id="s248.2">Co-administration of lumiracoxib with the potent CYP2C9 inhibitor fluconazole had no clinically relevant effect on the pharmacokinetics or the COX-2 selectivity of lumiracoxib.</s>
<s id="s249.1">Omeprazole:</s>
<s id="s249.2">Omeprazole had no effect on the pharmacokinetics of lumiracoxib.</s>
<s id="s250.1">Antacids:</s>
<s id="s250.2">(aluminium hydroxide/ magnesium hydroxide) had no clinically relevant effect on the pharmacokinetics of lumiracoxib.</s>
<s id="s251.1">4.6 Pregnancy and lactation</s>
<s id="s252.1">Pregnancy The use of lumiracoxib, as with any drug to inhibit COX-2, is not recommended in women attempting to conceive.</s>
<s id="s253.1">The use of lumiracoxib is contraindicated in the last trimester of pregnancy because, as with other drugs known to inhibit prostaglandin synthesis, it may cause uterine inertia and premature closure of the ductus arteriosus.</s>
<s id="s254.1">13 The use of lumiracoxib in pregnant women has not been studied in adequate and well controlled clinical trials and therefore it should not be used during the first two trimesters of pregnancy unless the potential benefit to the patients justifies the potential risk to the fetus.</s>
<s id="s255.1">Breast-feeding mothers It is not known whether lumiracoxib is excreted in human milk.</s>
<s id="s255.2">Lumiracoxib is excreted in the milk of lactating rats.</s>
<s id="s255.3">Women who use lumiracoxib should not breastfeed.</s>
<s id="s256.1">4.7 Effects on ability to drive and use machines</s>
<s id="s257.1">No studies on the effect of lumiracoxib on the ability to drive or use machines have been performed.</s>
<s id="s257.2">However, patients who experience dizziness, vertigo or somnolence while taking lumiracoxib should refrain from driving or operating machinery.</s>
<s id="s258.1">4.8 Undesirable effects</s>
<s id="s259.1">In clinical trials, lumiracoxib was evaluated for safety in approximately 7,000 patients, including approximately 4,000 patients with OA and 2,100 patients with RA (approximately 1,100 patients with OA or RA were treated for 6 month, and 530 patients with OA were treated for 1 year).</s>
<s id="s260.1">In clinical studies the following undesirable effects were reported at an incidence greater than placebo in patients with OA or RA treated with lumiracoxib 200 mg daily for up to one year (approximately 920 patients for three months and approximately 250 patients for one year).</s>
<s id="s261.1">[Common (&gt; 1/ 100 ,&lt; 1/10) Uncommon (&gt; 1/1000 ,&lt; 1/100) Rare (&gt; 1/10,000, &lt; 1/1,000) Very rare (&lt; 1/10,000)]</s>
<s id="s262.1">Infections Common: influenza like symptoms, respiratory tract infection (e. g bronchitis), urinary tract infection Uncommon: candidiasis, ear infection, herpes simplex, tooth infection</s>
<s id="s263.1">Blood and lymphatic system disorders Uncommon: anaemia Rare: pancytopenia, neutropenia, leucopenia</s>
<s id="s264.1">Psychiatric disorders Uncommon: depression, insomnia, anxiety</s>
<s id="s265.1">Nervous system disorders Common: dizziness, headache Uncommon: syncope, hypoaesthesia, migraine, paraesthesia, dysgeusia, vertigo, tinnitus</s>
<s id="s266.1">Eye disorders Uncommon: conjunctivitis, dry eye, visual disturbance (e. g. blurred vision) Rare: keratitis</s>
<s id="s267.1">Cardiac disorders Uncommon: palpitations, myocardial infarction* Rare: cardiac failure, atrioventricular block of first degree Vascular disorders Uncommon: venous insufficiency, hypotension, cerebrovascular accident*</s>
<s id="s268.1">Respiratory disorders Common: cough, pharyngitis Uncommon: dyspnoea, epistaxis, rhinitis, sinus congestion, asthma</s>
<s id="s269.1">14 Gastrointestinal disorders Common: abdominal pain, constipation, diarrhoea, dyspepsia, nausea, vomiting, flatulence Uncommon: gastroduodenal ulcer, gastroduodenitis, oesophagitis, abdominal distension, aphthous stomatitis, dry mouth, dysphagia, epigastric discomfort, eructation, gastrooesophageal reflux disease, gingivitis, hyperacidity, toothache Rare: gastrointestinal haemorrhage</s>
<s id="s270.1">Hepatobiliary disorders Rare: cholecystitis, cholelithiasis, hepatitis</s>
<s id="s271.1">Skin and subcutaneous tissue disorders Uncommon: contusion, exanthem, pruritus, rash, urticaria Rare: angioedema</s>
<s id="s272.1">Musculoskeletal disorders Uncommon: joint swelling, muscle cramps, arthralgia</s>
<s id="s273.1">Renal and urinary disorders Uncommon: dysuria, urinary frequency, cystitis Rare: chromaturia, renal failure</s>
<s id="s274.1">Reproductive system disorders Rare: erectile dysfunction</s>
<s id="s275.1">General disorders Common: fatigue, oedema (e. g lower limb) Uncommon: appetite increased or decreased, chest pain, rigors, thirst Rare: anaphylaxis</s>
<s id="s276.1">Investigations Uncommon: alanine aminotransferase increased, aspartate aminotransferase increased, blood creatinine increased, blood urea increased, gamma-glutamyltransferase increased, weight increased.</s>
<s id="s276.2">Rare: blood bilirubin increased, blood glucose increased</s>
<s id="s277.1">* Based on analyses of long-term placebo and active controlled clinical trials, some selective COX-2 inhibitors have been associated with an increased risk of serious thrombotic arterial events, including myocardial infarction and stroke.</s>
<s id="s277.2">The absolute risk increase for such events is unlikely to exceed 1% per year based on existing data (uncommon).</s>
<s id="s278.1">Approximately 1,100 patients were treated with lumiracoxib in analgesia clinical studies (post-surgical dental pain, primary dysmenorrhea, and post-orthopedic surgery pain).</s>
<s id="s278.2">The undesirable effects profile was generally similar to that reported in the OA and RA studies.</s>
<s id="s278.3">In the post-orthopedic surgery pain studies, anemia was reported more frequently, although the frequency was similar to placebo.</s>
<s id="s279.1">The following rare serious undesirable effects have been reported in association with the use of NSAIDs and cannot be ruled out for lumiracoxib: nephrotoxicity including interstitial nephritis and nephrotic syndrome and renal failure; hepatotoxicity including hepatic failure and jaundice; cutaneo- mucosal adverse effects and severe skin reactions.</s>
<s id="s280.1">Compared to a daily dose of 200 mg, a daily dose of 400 mg of lumiracoxib is associated with a relatively higher frequency of drug-related adverse events, especially the gastrointestinal, neurological and psychiatric events.</s>
<s id="s281.1">4.9 Overdose</s>
<s id="s282.1">15 There is no clinical experience of overdose.</s>
<s id="s282.2">Multiple doses of lumiracoxib 1,200 mg once daily have been administered to patients with rheumatoid arthritis for 4 weeks without clinically significant adverse effects.</s>
<s id="s283.1">In the event of suspected overdose, appropriate supportive medical care should be provided e. g. by eliminating the gastric contents, clinical supervision and, if necessary, the institution of symptomatic treatment.</s>
<s id="s284.1">Haemodialysis is unlikely to be an efficient method of drug removal due to high protein binding.</s>
<s id="s285.1">5.</s>
<s id="s285.2">PHARMACOLOGICAL PROPERTIES</s>
<s id="s286.1">5.1 Pharmacodynamic properties</s>
<s id="s287.1">Pharmacotherapeutic group:</s>
<s id="s287.2">Anti-inflammatory and antirheumatic products, non-steroids, coxibs, ATC code:</s>
<s id="s287.3">M01 AH 06</s>
<s id="s288.1">Mode of Action Lumiracoxib is an orally active, selective cyclooxygenase-2 (COX-2) inhibitor within the clinical dose range.</s>
<s id="s289.1">Cyclooxygenase is responsible for generation of prostaglandins.</s>
<s id="s289.2">Two isoforms, COX-1 and COX-2 have been identified.</s>
<s id="s289.3">COX-2 is the isoform of the enzyme that has been shown to be induced by pro- inflammatory stimuli and has been postulated to be primarily responsible for the synthesis of prostanoid mediators of pain, inflammation, and fever.</s>
<s id="s289.4">COX-2 is also involved in ovulation, implantation and closure of the ductus arteriosus, regulation of renal function, and central nervous system functions (fever induction, pain perception and cognitive function).</s>
<s id="s289.5">It may also play a role in ulcer healing.</s>
<s id="s289.6">COX-2 has been identified in tissue around gastric ulcers in man but its relevance to ulcer healing has not been established.</s>
<s id="s290.1">The difference in antiplatelet activity between some COX-1 inhibiting NSAIDs and COX-2 selective inhibitors may be of clinical significance in patients at risk of thrombo-embolic reactions.</s>
<s id="s290.2">COX-2 selective inhibitors reduce the formation of systemic (and therefore possibly endothelial) prostacyclin without affecting platelet thromboxane.</s>
<s id="s290.3">The clinical relevance of these observations has not been established.</s>
<s id="s290.4">Across clinical pharmacology studies, lumiracoxib produced dose-dependent inhibition of COX-2 in plasma without inhibition of COX-1.</s>
<s id="s290.5">Selective inhibition of COX-2 by lumiracoxib provides anti-inflammatory and analgesic effects.</s>
<s id="s290.6">Administration of 100 mg, 200 mg or 400 mg once daily leads to &gt; 90% peak inhibition of COX-2.</s>
<s id="s290.7">There is no significant inhibition of COX-1 (assessed as ex vivo inhibition of thromboxane B2) up to 800 mg in healthy volunteers.</s>
<s id="s290.8">Lumiracoxib at 800 mg daily did not lead to clinically meaningful inhibition of gastric prostaglandin synthesis and had no effect on platelet function.</s>
<s id="s291.1">Efficacy In patients with osteoarthritis, lumiracoxib doses up to 200 mg once daily provided significant improvements in pain, stiffness, function, and patient assessments of disease status.</s>
<s id="s291.2">These beneficial effects were maintained for up to 52 weeks.</s>
<s id="s291.3">There is no additional benefit by increasing the dose to 400 mg daily.</s>
<s id="s292.1">In clinical studies, lumiracoxib 400 mg relieved pain in acute analgesic models of post-operative dental pain, post-orthopaedic surgical pain, and primary dysmenorrhea.</s>
<s id="s292.2">In single dose post-operative dental pain trials, the onset of analgesia occurred within 45 minutes and persisted for as long as 24 hours after dosing.</s>
<s id="s292.3">In short-term, multiple-dose clinical studies of post-orthopaedic surgical pain and pain from primary dysmenorrhea, lumiracoxib 400 mg once daily was effective in relieving pain.</s>
<s id="s293.1">Safety The Therapeutic Arthritis Research and Gastrointestinal Event Trial (TARGET)</s>
<s id="s294.1">16 TARGET, a 12-month, double-blind, phase III study included 18,325 OA patients randomized to lumiracoxib 400 mg once daily (two to four times the recommended OA dose), naproxen 500 mg twice daily or ibuprofen 800 mg three times daily.</s>
<s id="s294.2">TARGET included patients taking low-dose ASA (75-100 mg daily) for primary or secondary prevention of coronary heart disease.</s>
<s id="s294.3">Randomization was stratified by low-dose ASA use (24% of patients in the overall study population) and age.</s>
<s id="s295.1">Gastrointestinal Effect in TARGET (12-month study) The primary endpoint was time to event distribution of definite or probable upper gastrointestinal tract ulcer (UGIT) complications (POBs).</s>
<s id="s296.1">- In the population not using low-dose aspirin, the incidence of POBs was 14/ 6950 patients</s>
<s id="s297.1">(0.2%) for lumiracoxib versus 64/ 6968 patients (0.92%) for NSAIDs, with a hazard ratio (HR) of 0.21 [95% CI 0.12-0.37] p &lt; 0.0001.</s>
<s id="s298.1">- In the low dose ASA group the incidence of POBs was 15/ 2167 patients (0.69%) for</s>
<s id="s299.1">lumiracoxib versus 19/ 2159 patients (0.88%) for NSAIDs, with a HR of 0.79 [95% CI 0.40- 1.55] (not statistically significant).</s>
<s id="s300.1">- In the overall population, the incidence of POBs was 29/ 9117 patients (0.32%) for lumiracoxib</s>
<s id="s301.1">versus 83/ 9127 patients (0.91%) for NSAIDs, with a HR of 0.34 [95% CI 0.22-0.52] p &lt; 0.0001.</s>
<s id="s302.1">Cardiovascular Effect in TARGET (12-month study) The primary cardiovascular (CV) endpoint studied was the Antiplatelet Trialists’ Collaboration (APTC) endpoint: confirmed or probable myocardial infarction (clinical or silent), stroke (ischemic or haemorrhagic) and CV death.</s>
<s id="s302.2">There were no significant differences between lumiracoxib and NSAIDs.</s>
<s id="s302.3">However, the APTC event rate was numerically higher for lumiracoxib than for naproxen but lower than for ibuprofen.</s>
<s id="s303.1">- In the population not using low-dose aspirin, the incidence of APTC events was</s>
<s id="s304.1">35/ 6950 patients (0.50%) for lumiracoxib versus 27/ 6968 patients (0.39%) for NSAIDs, with a HR of 1.22 [95% CI 0.74-2.02] p=0.4343.</s>
<s id="s304.2">When compared separately to ibuprofen and naproxen, the HR were 0.94 [95% CI 0.44-2.04] p=0.8842 and 1.49 [95% CI 0.76-2.92] p=0.2417, respectively.</s>
<s id="s305.1">- In the low-dose ASA group, the incidence of APTC events was 24/ 2167 patients (1.11%) for</s>
<s id="s306.1">lumiracoxib versus 23/ 2159 patients (1.07%) for NSAIDs, with a hazard ratio (HR) of 1.04 [95% CI 0.59-1.84] p=0.8918.</s>
<s id="s306.2">When compared separately to ibuprofen and naproxen, the HR were 0.56 [95% CI 0.20-1.54] p=0.2603 and 1.42 [95% CI 0.70-2.90] p=0.3368, respectively.</s>
<s id="s307.1">- In the overall population, the incidence of APTC events was 59/ 9117 patients (0.65%) for</s>
<s id="s308.1">lumiracoxib versus 50/ 9127 patients (0.55%) for NSAIDs, with a HR of 1.14 [95% CI 0.78- 1.66] p=0.5074.</s>
<s id="s308.2">When compared separately to ibuprofen and naproxen, the HR were 0.76 [95% CI 0.41-1.40] p=0.3775 and 1.46 [95% CI 0.89-2.37] p=0.1313, respectively.</s>
<s id="s309.1">MI events in TARGET (12-month study) There was no statistically significant difference between lumiracoxib and NSAIDs for incidence of MI (clinical MI and silent MI).</s>
<s id="s310.1">- In the population not using low-dose aspirin, the incidence of MI events was 14/ 6950 patients</s>
<s id="s311.1">(0.20%) for lumiracoxib versus 9/ 6968 patients (0.13%) for NSAIDs, with a HR of 1.47 [95% CI 0.63-3.39] p=0.3706.</s>
<s id="s311.2">When compared separately to ibuprofen and naproxen, the HR were 0.75 [95% CI 0.20-2.79] p=0.6669 and 2.37 [95% CI 0.74-7.55] p=0.1454, respectively.</s>
<s id="s312.1">- In the low-dose ASA group, the incidence of MI events was 9/ 2167 patients (0.42%) for</s>
<s id="s313.1">lumiracoxib versus 8/ 2159 patients (0.37%) for NSAIDs, with a HR of 1.14 [95% CI 0.44-2.95] p=0.7899.</s>
<s id="s313.2">When compared separately to ibuprofen and naproxen, the HR were 0.47 [95% CI 0.04-5.14] p=0.5328 and 1.36 [95% CI 0.47-3.93] p=0.5658, respectively.</s>
<s id="s314.1">- In the overall population, the incidence of MIs was 23/ 9117 patients (0.25%) for lumiracoxib</s>
<s id="s315.1">versus 17/ 9127 patients (0.19%) for NSAIDs, with a HR of 1.31 [95% CI 0.70-2.45] p=0.4012.</s>
<s id="s315.2">When compared separately to ibuprofen and naproxen, the HR were 0.66 [95% CI 0.21-2.09] p=0.4833 and 1.77 [95% CI 0.82-3.84] p=0.1471, respectively.</s>
<s id="s316.1">The cardiovascular safety of lumiracoxib beyond 1 year of use has not been established.</s>
<s id="s317.1">Cardiorenal effect in TARGET (12-month study)</s>
<s id="s318.1">17 For systolic blood pressure, mean change from baseline were +0.4 mmHg for lumiracoxib and +2.1 mmHg for NSAIDs (p &lt; 0.0001).</s>
<s id="s318.2">For diastolic blood pressure, mean change from baseline were - 0.1 mmHg for lumiracoxib and +0.5 mmHg for NSAIDs (p &lt; 0.0001).</s>
<s id="s318.3">The number of discontinuations in TARGET due to oedema was not significantly different between lumiracoxib (43) and NSAIDs (55).</s>
<s id="s318.4">The number of discontinuations due to hypertension-related events was also not significantly different between lumiracoxib (37) and NSAIDs (52).</s>
<s id="s319.1">5.2 Pharmacokinetic properties</s>
<s id="s320.1">Absorption Lumiracoxib is rapidly absorbed following oral administration.</s>
<s id="s320.2">At 15 minutes post 400 mg dose, the plasma concentration reached 0.6 µg/ ml, which is sufficiently high to achieve over 90% inhibition of COX-2.</s>
<s id="s320.3">Median tmax is about 2 hours post dose.</s>
<s id="s320.4">Over the range of 25 to 800 mg, extent of exposure (AUC) increases in a dose-proportional manner and the peak plasma concentration (Cmax) was roughly dose-proportional.</s>
<s id="s320.5">Following 400 mg once daily dosing, Cmax was about 9 µg/ ml and AUC was about 31 µg h/ ml.</s>
<s id="s321.1">The absolute bioavailability of lumiracoxib is approximately 74%.</s>
<s id="s322.1">Food had no significant effect on either Cmax or AUC of lumiracoxib when either 200 mg or 400 mg film-coated tablets of {Invented Name} were taken with a high-fat meal.</s>
<s id="s322.2">{Invented Name} film- coated tablets can be administered without regard to timing of meals.</s>
<s id="s323.1">Distribution Lumiracoxib is highly bound to plasma proteins, (≥ 98%), and binding is independent of concentration over a range of 0.1 to 100 µg/ mL.</s>
<s id="s324.1">The volume of distribution (Vss) is 9 L.</s>
<s id="s325.1">By about 5 hour post dose, concentrations of lumiracoxib in human synovial fluid of rheumatoid arthritis patients were higher than plasma and remained substantially higher for the remainder of the dose interval (AUC12-24 in synovial fluid was 2.6 times higher than that for plasma).</s>
<s id="s325.2">No difference was observed in the extent of lumiracoxib protein binding in synovial fluid compared to plasma.</s>
<s id="s326.1">Lumiracoxib crosses the placenta in rats and rabbits.</s>
<s id="s327.1">One hour after oral administration of 14[C]-labeled lumiracoxib in a rat model of inflammation, the ratio of radioactivity detected at the site of inflammation versus that detected in the blood was 2:1, and was 8:1 four hours post dose.</s>
<s id="s327.2">This indicates lumiracoxib and/ or its metabolites are preferentially distributed and retained in inflamed tissue.</s>
<s id="s328.1">Biotransformation In humans, lumiracoxib undergoes extensive hepatic metabolism.</s>
<s id="s328.2">The oxidative metabolism of lumiracoxib is mainly CYP2C9 mediated.</s>
<s id="s329.1">Of the total drug related material in plasma, unchanged lumiracoxib is the major component.</s>
<s id="s329.2">Three major metabolites were identified in plasma:</s>
<s id="s329.3">4’ -hydroxy-lumiracoxib, 5-carboxy-lumiracoxib and 4’ - hydroxy-5-carboxy-lumiracoxib.</s>
<s id="s329.4">In addition various conjugates (glucuronides and sulfates) of these metabolites are formed.</s>
<s id="s329.5">The 4’ -hydroxy metabolite has similar potency and COX-2 selectivity to lumiracoxib.</s>
<s id="s330.1">The concentration of 4’ -hydroxy metabolite in plasma and synovial fluid is low, thus it is unlikely to contribute to efficacy.</s>
<s id="s330.2">Other metabolites are not active as COX-1 or COX-2 inhibitors.</s>
<s id="s331.1">Elimination Lumiracoxib is eliminated predominantly via hepatic metabolism.</s>
<s id="s331.2">After administration of a single dose of lumiracoxib 400 mg to healthy subjects, 54% of drug-related material was excreted in urine</s>
<s id="s332.1">18 and 43% in feces.</s>
<s id="s332.2">Only about 5% of the administered dose was recovered in excreta as unchanged lumiracoxib.</s>
<s id="s333.1">Plasma clearance is 7.7 L/ h.</s>
<s id="s334.1">The mean plasma half-life of lumiracoxib is approximately 4 hours.</s>
<s id="s334.2">Lumiracoxib does not accumulate in plasma under once or twice daily administration and steady state is achieved on the first day of administration with no increase in Cmax or AUC after extended dosing.</s>
<s id="s335.1">Characteristics in patients</s>
<s id="s336.1">Gender:</s>
<s id="s336.2">There is no difference in exposure of lumiracoxib in men and women.</s>
<s id="s337.1">Elderly:</s>
<s id="s337.2">In elderly subjects (over 65 years old), a 15% increase in AUC was observed as compared to younger subjects.</s>
<s id="s337.3">Dosage adjustment in the elderly is not necessary.</s>
<s id="s338.1">Race:</s>
<s id="s338.2">The pharmacokinetics of lumiracoxib are similar in Asians, Blacks and Caucasians.</s>
<s id="s339.1">CYP2C9 polymorphism:</s>
<s id="s339.2">On the basis of both plasma exposure to lumiracoxib and pharmacogenetic analysis, no evidence has been found to suggest that exposure to lumiracoxib is increased in subjects with genotypes of CYP2C9 associated with reduced metabolic clearance.</s>
<s id="s339.3">No dose adjustment is necessary in patients known to be CYP2C9 poor metabolisers.</s>
<s id="s340.1">Hepatic Insufficiency:</s>
<s id="s340.2">Compared to healthy subjects, exposure to lumiracoxib was not changed in patients with moderate hepatic impairment (Child-Pugh score 7-8).</s>
<s id="s340.3">No difference was observed in the plasma protein binding between the two groups.</s>
<s id="s340.4">Thus, no dose adjustment is necessary in patients with mild or moderate hepatic impairment.</s>
<s id="s340.5">The pharmacokinetics of lumiracoxib have not been studied in patients with severe hepatic impairment (Child-Pugh &gt; 9).</s>
<s id="s341.1">Renal Insufficiency:</s>
<s id="s341.2">When lumiracoxib was administered to patients with end-stage renal disease, a 33% decrease in lumiracoxib Cmax and a 27% decrease in AUC were observed compared to healthy subjects.</s>
<s id="s341.3">Mean exposure to the active 4'-hydroxy-lumiracoxib metabolite was largely unaffected.</s>
<s id="s341.4">Plasma protein binding of lumiracoxib was similar in healthy subjects and in patients with end-stage renal disease.</s>
<s id="s341.5">Dialysis has no effect on the exposure of patients to lumiracoxib or its active metabolite.</s>
<s id="s341.6">Thus no dose adjustment is necessary in patients with renal impairment.</s>
<s id="s341.7">While renal insufficiency does not significantly influence the pharmacokinetics of lumiracoxib and its active metabolite, use of lumiracoxib in patients with moderate to severe renal insufficiency is contraindicated because of potential further deterioration of renal function due to cyclooxygenase inhibition (see section 4.3 and 4.4).</s>
<s id="s342.1">Hypertensive Patients:</s>
<s id="s342.2">Lumiracoxib did not affect blood pressure control in hypertensive patients, nor did it differ from placebo regarding newly occurring hypertension in clinical trials.</s>
<s id="s343.1">Paediatric patients:</s>
<s id="s343.2">The pharmacokinetics of lumiracoxib in paediatric patients have not been studied.</s>
<s id="s344.1">5.3 Preclinical safety data</s>
<s id="s345.1">In preclinical studies, lumiracoxib has been demonstrated to be neither mutagenic nor carcinogenic.</s>
<s id="s345.2">Chromosome aberrations were induced in V79 cells at high, cytotoxic concentrations of lumiracoxib,</s>
<s id="s346.1">19 which are not considered to have biological relevance for humans.</s>
<s id="s346.2">There was no indication of genotoxic potential in three in vivo rat studies (micronucleus tests in bone marrow and liver and liver comet assay).</s>
<s id="s347.1">In repeat dose toxicity studies in rats and monkeys, target organs were the gastrointestinal tract and kidney.</s>
<s id="s347.2">Systemic exposure at levels with no adverse effect for these targets in rat (26-week study) and monkey (39-week study) were 6.5 and 22 times that in man following a 200 mg therapeutic dose, respectively.</s>
<s id="s348.1">Lumiracoxib was not teratogenic in reproduction toxicity studies conducted in rats and rabbits at doses representing systemic exposure 10.4 (rat) and 38 (rabbit) times greater than the human therapeutic level after a 200 mg dose.</s>
<s id="s348.2">In rats the incidence of pre-implantation loss was increased at a dose of 100 mg/ kg/ day, (10.4 times the human therapeutic exposure following a dose of 200 mg), which caused maternal toxicity.</s>
<s id="s349.1">The incidence of resorption was increased in rabbits at approximately 9 times the human exposure following a 200 mg dose.</s>
<s id="s349.2">At the level with no embryo/ fetal effect, the systemic exposure was 8.6 (rat) and 2.2 (rabbit) times that in man following a 200 mg therapeutic dose.</s>
<s id="s349.3">In a pre- and post-natal development study in rats, an increase in stillborn pups and reduced embryo/ fetal survival was seen at maternally toxic doses ≥ 3 mg/ kg.</s>
<s id="s350.1">6.</s>
<s id="s350.2">PHARMACEUTICAL PARTICULARS</s>
<s id="s351.1">6.1 List of excipients</s>
<s id="s352.1">Film-coated tablets 100 mg:</s>
<s id="s352.2">Core:</s>
<s id="s352.3">Cellulose microcrystalline, croscarmellose sodium, lactose monohydrate, povidone, titanium dioxide, magnesium stearate</s>
<s id="s353.1">Coating:</s>
<s id="s353.2">Hypromellose, Macrogol, talc, iron oxide red (E172), iron oxide black (E172) and titanium dioxide (E171)</s>
<s id="s354.1">Film-coated tablets 200 mg:</s>
<s id="s354.2">Core:</s>
<s id="s354.3">Cellulose microcrystalline, croscarmellose sodium, lactose monohydrate, povidone, titanium dioxide, magnesium stearate</s>
<s id="s355.1">Coating:</s>
<s id="s355.2">Hypromellose, Macrogol, talc, iron oxide red (E172), iron oxide black (E172) and titanium dioxide (E171)</s>
<s id="s356.1">Film-coated tablets 400 mg:</s>
<s id="s356.2">Core:</s>
<s id="s356.3">Cellulose microcrystalline, croscarmellose sodium, povidone, magnesium stearate</s>
<s id="s357.1">Coating:</s>
<s id="s357.2">Hypromellose, Macrogol, talc, iron oxide red (E172), iron oxide black (E172) and titanium dioxide (E171)</s>
<s id="s358.1">6.2 Incompatibilities</s>
<s id="s359.1">Not applicable.</s>
<s id="s360.1">6.3 Shelf life</s>
<s id="s361.1">20 24 months</s>
<s id="s362.1">6.4 Special precautions for storage</s>
<s id="s363.1">No special precautions for storage.</s>
<s id="s364.1">6.5 Nature and contents of container</s>
<s id="s365.1">Clear PVC/ aluminium blisters in packs containing 2, 4, 5, 6, 10, 20, 30, 50, 100, or 600 film-coated tablets.</s>
<s id="s366.1">Not all pack sizes may be marketed.</s>
<s id="s367.1">6.6 Instructions for use and handling and disposal</s>
<s id="s368.1">Not applicable.</s>
<s id="s369.1">7.</s>
<s id="s369.2">MARKETING AUTHORISATION HOLDER</s>
<s id="s370.1">Novartis Pharmaceuticals UK Ltd Frimley Business Park Frimley Camberley Surrey GU16 7SR United Kingdom</s>
<s id="s371.1">8.</s>
<s id="s371.2">MARKETING AUTHORISATION NUMBER(S)</s>
<s id="s372.1">PL 00101/ 0677</s>
<s id="s373.1">9.</s>
<s id="s373.2">DATE OF FIRST AUTHORISATION/ RENEWAL OF THE AUTHORISATION</s>
<s id="s374.1">12th September 2003</s>
<s id="s375.1">10.</s>
<s id="s375.2">DATE OF REVISION OF THE TEXT</s>
<s id="s376.1">21 ANNEX IV</s>
<s id="s377.1">CONDITIONS OF THE MARKETING AUTHORISATION</s>
<s id="s378.1">22 Follow-up measures of the Marketing Authorisation Holder</s>
<s id="s379.1">As requested by the CHMP, the MAH agreed to submit the follow-up measures as listed below:</s>
<s id="s380.1">Area Description Clinical 1</s>
<s id="s381.1">To develop and disseminate a Physician Decision Treatment Guide for prescribers of lumiracoxib.</s>
<s id="s382.1">Clinical 2</s>
<s id="s383.1">To conduct physician surveys to monitor appropriate use.</s>
<s id="s384.1">Clinical 3</s>
<s id="s385.1">To support multiple venues for healthcare professionals including prescribers and pharmacists.</s>
<s id="s386.1">Clinical 4</s>
<s id="s387.1">To conduct a Prescription Event Monitoring study.</s>
<s id="s388.1">Clinical 5</s>
<s id="s389.1">To conduct a database study of drug utilisation of lumiracoxib and other marketed NSAIDs and COX-2 inhibitors.</s>
<s id="s390.1">Clinical 6</s>
<s id="s391.1">Expedited reporting of a list of agreed SAEs.</s>
<s id="s392.1">Clinical 7</s>
<s id="s393.1">To monitor and report PSUR of a list of agreed AEs.</s>
<s id="s394.1">23</s>
</body>
</letsmt>
