<?xml version="1.0" encoding="utf-8"?>
<letsmt version="1.0">
<head></head>
<body>
<s id="s1.1">ANNEX I</s>
<s id="s2.1">LIST OF THE NAMES, PHARMACEUTICAL FORM, STRENGTH OF THE MEDICINAL PRODUCTS, ROUTE OF ADMINISTRATION, MARKETING AUTHORISATION HOLDERS IN THE MEMBER STATES</s>
<s id="s3.1">1 Member State</s>
<s id="s4.1">Marketing autorisation Holder</s>
<s id="s5.1">Invented Name</s>
<s id="s6.1">Strength</s>
<s id="s7.1">Pharmaceutical form</s>
<s id="s8.1">Route of administration</s>
<s id="s9.1">Austria</s>
<s id="s10.1">Bayer Austria GmbH (Schering Austria GmbH) Herbststr.</s>
<s id="s10.2">6 - 10 1160 Wien, Austria</s>
<s id="s11.1">Yasminelle</s>
<s id="s12.1">0.02 mg / 3 mg</s>
<s id="s13.1">film-coated tablets</s>
<s id="s14.1">Oral use</s>
<s id="s15.1">Belgium</s>
<s id="s16.1">Bayer S. A. / N. V.</s>
<s id="s16.2">143, Avenue Louise 1050 Brussel, Belgium</s>
<s id="s17.1">Yasminelle</s>
<s id="s18.1">0.02 mg / 3 mg</s>
<s id="s19.1">film-coated tablets</s>
<s id="s20.1">Oral use</s>
<s id="s21.1">Cyprus</s>
<s id="s22.1">Bayer Hellas AG 18-20 Sorou Str 15125 Amaroussion Athens, Greece</s>
<s id="s23.1">Yasminelle</s>
<s id="s24.1">0.02 mg / 3 mg</s>
<s id="s25.1">film-coated tablets</s>
<s id="s26.1">Oral use</s>
<s id="s27.1">Czech Republic</s>
<s id="s28.1">Bayer Schering Pharma AG D-13342 Berlin Germany</s>
<s id="s29.1">Yasminelle</s>
<s id="s30.1">0.02 mg / 3 mg</s>
<s id="s31.1">film-coated tablets</s>
<s id="s32.1">Oral use</s>
<s id="s33.1">Denmark</s>
<s id="s34.1">Bayer Schering Pharma AG D-13342 Berlin Germany</s>
<s id="s35.1">Yasminelle</s>
<s id="s36.1">0.02 mg / 3 mg</s>
<s id="s37.1">film-coated tablets</s>
<s id="s38.1">Oral use</s>
<s id="s39.1">Estonia</s>
<s id="s40.1">Bayer Schering Pharma AG D-13342 Berlin Germany</s>
<s id="s41.1">Yasminelle</s>
<s id="s42.1">0.02 mg / 3 mg</s>
<s id="s43.1">film-coated tablets</s>
<s id="s44.1">Oral use</s>
<s id="s45.1">Finland</s>
<s id="s46.1">Bayer Schering Pharma Oy Pansiontie 47, FI-20210 Turku Finland</s>
<s id="s47.1">Yasminelle</s>
<s id="s48.1">0.02 mg / 3 mg</s>
<s id="s49.1">film-coated tablets</s>
<s id="s50.1">Oral use</s>
<s id="s51.1">France</s>
<s id="s52.1">Bayer Santé 13, Rue Jean Jaurès 92807 Puteaux Cedex France</s>
<s id="s53.1">Jasminelle</s>
<s id="s54.1">0.02 mg / 3 mg</s>
<s id="s55.1">film-coated tablets</s>
<s id="s56.1">Oral use</s>
<s id="s57.1">2 Germany</s>
<s id="s58.1">Bayer Vital GmbH 51368 Leverkusen Germany</s>
<s id="s59.1">Yasminelle</s>
<s id="s60.1">0.02 mg / 3 mg</s>
<s id="s61.1">film-coated tablets</s>
<s id="s62.1">Oral use</s>
<s id="s63.1">Greece</s>
<s id="s64.1">Bayer Hellas AG 18-20 Sorou Str 15125 Amaroussion Athens Greece</s>
<s id="s65.1">Yasminelle</s>
<s id="s66.1">0.02 mg / 3 mg</s>
<s id="s67.1">film-coated tablets</s>
<s id="s68.1">Oral use</s>
<s id="s69.1">Hungary</s>
<s id="s70.1">Bayer Schering Pharma AG D-13342 Berlin Germany</s>
<s id="s71.1">Yasminelle</s>
<s id="s72.1">0.02 mg / 3 mg</s>
<s id="s73.1">film-coated tablets</s>
<s id="s74.1">Oral use</s>
<s id="s75.1">Iceland</s>
<s id="s76.1">Bayer Schering Pharma AG D-13342 Berlin Germany</s>
<s id="s77.1">Yasminelle</s>
<s id="s78.1">0.02 mg / 3 mg</s>
<s id="s79.1">film-coated tablets</s>
<s id="s80.1">Oral use</s>
<s id="s81.1">Ireland</s>
<s id="s82.1">Bayer Ltd.</s>
<s id="s82.2">The Atrium, Blackthorn Road Dublin 18 Ireland</s>
<s id="s83.1">Yasminelle</s>
<s id="s84.1">0.02 mg / 3 mg</s>
<s id="s85.1">film-coated tablets</s>
<s id="s86.1">Oral use</s>
<s id="s87.1">Italy</s>
<s id="s88.1">Bayer S. P. A.</s>
<s id="s88.2">Viale Certosa 130 20156 Milano Italy</s>
<s id="s89.1">Yasminelle</s>
<s id="s90.1">0.02 mg / 3 mg</s>
<s id="s91.1">film-coated tablets</s>
<s id="s92.1">Oral use</s>
<s id="s93.1">Latvia</s>
<s id="s94.1">Bayer Schering Pharma AG D-13342 Berlin Germany</s>
<s id="s95.1">Yasminelle</s>
<s id="s96.1">0.02 mg / 3 mg</s>
<s id="s97.1">film-coated tablets</s>
<s id="s98.1">Oral use</s>
<s id="s99.1">Lithuania</s>
<s id="s100.1">Bayer Schering Pharma AG D-13342 Berlin Germany</s>
<s id="s101.1">Yasminelle</s>
<s id="s102.1">0.02 mg / 3 mg</s>
<s id="s103.1">film-coated tablets</s>
<s id="s104.1">Oral use</s>
<s id="s105.1">3 Luxembourg</s>
<s id="s106.1">Bayer S. A. / N. V.</s>
<s id="s106.2">143, Avenue Louise 1050 Brussel Belgium</s>
<s id="s107.1">Yasminelle</s>
<s id="s108.1">0.02 mg / 3 mg</s>
<s id="s109.1">film-coated tablets</s>
<s id="s110.1">Oral use</s>
<s id="s111.1">Malta</s>
<s id="s112.1">Bayer Schering Pharma AG D-13342 Berlin Germany</s>
<s id="s113.1">Yasminelle</s>
<s id="s114.1">0.02 mg / 3 mg</s>
<s id="s115.1">film-coated tablets</s>
<s id="s116.1">Oral use</s>
<s id="s117.1">Netherlands</s>
<s id="s118.1">Bayer B. V.</s>
<s id="s118.2">Energieweg 1 3641 RT Mijdrecht The Netherlands</s>
<s id="s119.1">Yasminelle</s>
<s id="s120.1">0.02 mg / 3 mg</s>
<s id="s121.1">film-coated tablets</s>
<s id="s122.1">Oral use</s>
<s id="s123.1">Norway</s>
<s id="s124.1">Bayer Schering Pharma AG D-13342 Berlin Germany</s>
<s id="s125.1">Yasminelle</s>
<s id="s126.1">0.02 mg / 3 mg</s>
<s id="s127.1">film-coated tablets</s>
<s id="s128.1">Oral use</s>
<s id="s129.1">Poland</s>
<s id="s130.1">Bayer Schering Pharma AG D-13353 Berlin Germany</s>
<s id="s131.1">Yasminelle</s>
<s id="s132.1">0.02 mg / 3 mg</s>
<s id="s133.1">film-coated tablets</s>
<s id="s134.1">Oral use</s>
<s id="s135.1">Portugal</s>
<s id="s136.1">Berlex, Especialidades Farmacêuticas, Lda.</s>
<s id="s136.2">Yasminelle Rua da Quinta do Pinheiro, No.</s>
<s id="s136.3">5 2794-003 Carnaxide Portugal</s>
<s id="s137.1">0.02 mg / 3 mg</s>
<s id="s138.1">film-coated tablets</s>
<s id="s139.1">Oral use</s>
<s id="s140.1">Slovakia</s>
<s id="s141.1">Bayer Schering Pharma AG Yasminelle D-13342 Berlin Germany</s>
<s id="s142.1">0.02 mg / 3 mg</s>
<s id="s143.1">film-coated tablets</s>
<s id="s144.1">Oral use</s>
<s id="s145.1">Slovenia</s>
<s id="s146.1">Bayer Schering Pharma AG D-13342 Berlin Germany</s>
<s id="s147.1">Yasminelle</s>
<s id="s148.1">0.02 mg / 3 mg</s>
<s id="s149.1">film-coated tablets</s>
<s id="s150.1">Oral use</s>
<s id="s151.1">4 Spain</s>
<s id="s152.1">Química Farmacéutica Bayer, S. L.</s>
<s id="s152.2">Av.</s>
<s id="s152.3">Baix Llobregat, 3-5 08970 Sant Joan Despí, Barcelona Spain</s>
<s id="s153.1">Yasminelle</s>
<s id="s154.1">0.02 mg / 3 mg</s>
<s id="s155.1">film-coated tablets</s>
<s id="s156.1">Oral use</s>
<s id="s157.1">Sweden</s>
<s id="s158.1">Bayer Schering Pharma AG D-13342 Berlin Germany</s>
<s id="s159.1">Yasminelle</s>
<s id="s160.1">0.02 mg / 3 mg</s>
<s id="s161.1">film-coated tablets</s>
<s id="s162.1">Oral use</s>
<s id="s163.1">United Kingdom</s>
<s id="s164.1">Schering Health Care Ltd The Brow Burgess Hill West Sussex RH15 9NE United Kingdom</s>
<s id="s165.1">Yasminelle</s>
<s id="s166.1">0.02 mg / 3 mg</s>
<s id="s167.1">film-coated tablets</s>
<s id="s168.1">Oral use</s>
<s id="s169.1">5 ANNEX II</s>
<s id="s170.1">SCIENTIFIC CONCLUSIONS</s>
<s id="s171.1">6 SCIENTIFIC CONCLUSIONS</s>
<s id="s172.1">The Yasminelle blister is glued in a carton which is subsequently folded to a wallet configuration.</s>
<s id="s172.2">The wallet with the inserted blister is assembled with a package leaflet (PL) and all components are wrapped together with clear, transparent cellophane wrapping to form the unit pack which prevents the loss of individual components.</s>
<s id="s172.3">The product is marketed in pack size of 3 x 21 film-coated tablets.</s>
<s id="s173.1">OVERALL SUMMARY OF THE SCIENTIFIC EVALUATION OF YASMINELLE AND ASSOCIATED NAMES (see Annex I)</s>
<s id="s174.1">The required basic information (how to use the product, what to do in case of missed dose, etc.), which ensures the safe use of the product is present on the cardboard wallets and visible through the cellophane wrapping.</s>
<s id="s174.2">Once the cellophane wrapping is removed the safe use of the product is still ensured as the cardboard wallets contain the required information.</s>
<s id="s174.3">In addition it is not possible to separate blisters from cardboard wallets and therefore the users always have access to the required information.</s>
<s id="s174.4">Moreover cardboard wallets protect blisters against damage.</s>
<s id="s174.5">The risk resulting from the separation of a package leaflet from cardboard wallets is comparable with the risk resulting from separation of blisters from conventional external packaging (cardboard box).</s>
<s id="s175.1">Although different observations in respect to readability of the Braille text through the cellophane wrapping have been made by blind users, it is assumed that before use of the product the cellophane wrapping will be removed and therefore blind person will be in a position to identify the product.</s>
<s id="s175.2">It has also been confirmed by blind persons that the Braille text on the cardboard is palpable and readable.</s>
<s id="s175.3">Since it is a prescription medicine, the name of the product always will be known to the blind user as during the visit the physicians inform patients about medicinal product they are prescribing, including the name of the product.</s>
<s id="s175.4">Therefore blind users will be able to double check the information written on the cardboard wallets (Braille text) with the information obtained from a physician (during the visit).</s>
<s id="s175.5">Finally taking into account that the medicinal product is intended for long term use, the possible mistakes and misuse are further minimised.</s>
<s id="s176.1">7 ANNEX III</s>
<s id="s177.1">SUMMARY OF PRODUCT CHARACTERISTICS, LABELLING AND PACKAGE LEAFLET</s>
<s id="s178.1">8 The valid Summary of Product Characteristics, labelling and package leaflet are the final versions achieved during the Coordination group procedure.</s>
<s id="s179.1">9</s>
</body>
</letsmt>
