<?xml version="1.0" encoding="utf-8"?>
<text>
<p id="1">
<s id="s1.1">
 <w id="w1.1.1">European</w> 
 <w id="w1.1.2">Medicines</w> 
 <w id="w1.1.3">Agency</w>
</s></p>

<p id="2">
<s id="s2.1">
 <w id="w2.1.1">EMEA/</w>
 <w id="w2.1.2">H/</w>
 <w id="w2.1.3">C/</w>
 <w id="w2.1.4">977</w>
</s></p>

<p id="3">
<s id="s3.1">
 <w id="w3.1.1">EVROPSKO</w> 
 <w id="w3.1.2">JAVNO</w> 
 <w id="w3.1.3">POROČILO</w> 
 <w id="w3.1.4">O</w> 
 <w id="w3.1.5">OCENI</w> 
 <w id="w3.1.6">ZDRAVILA</w> 
 <w id="w3.1.7">(</w>
 <w id="w3.1.8">EPAR</w>
 <w id="w3.1.9">)</w>
</s></p>

<p id="4">
<s id="s4.1">
 <w id="w4.1.1">FABLYN</w>
</s></p>

<p id="5">
<s id="s5.1">
 <w id="w5.1.1">Povzetek</w> 
 <w id="w5.1.2">EPAR</w> 
 <w id="w5.1.3">za</w> 
 <w id="w5.1.4">javnost</w>
</s></p>

<p id="6">
<s id="s6.1">
 <w id="w6.1.1">Ta</w> 
 <w id="w6.1.2">dokument</w> 
 <w id="w6.1.3">je</w> 
 <w id="w6.1.4">povzetek</w> 
 <w id="w6.1.5">evropskega</w> 
 <w id="w6.1.6">javnega</w> 
 <w id="w6.1.7">poročila</w> 
 <w id="w6.1.8">o</w> 
 <w id="w6.1.9">oceni</w> 
 <w id="w6.1.10">zdravila</w> 
 <w id="w6.1.11">(</w>
 <w id="w6.1.12">EPAR</w>
 <w id="w6.1.13">)</w>
 <w id="w6.1.14">.</w>
</s> 
 
<s id="s6.2">
 <w id="w6.2.1">Pojasnjuje</w>
 <w id="w6.2.2">,</w> 
 <w id="w6.2.3">kako</w> 
 <w id="w6.2.4">je</w> 
 <w id="w6.2.5">Odbor</w> 
 <w id="w6.2.6">za</w> 
 <w id="w6.2.7">zdravila</w> 
 <w id="w6.2.8">za</w> 
 <w id="w6.2.9">uporabo</w> 
 <w id="w6.2.10">v</w> 
 <w id="w6.2.11">humani</w> 
 <w id="w6.2.12">medicini</w> 
 <w id="w6.2.13">(</w>
 <w id="w6.2.14">CHMP</w>
 <w id="w6.2.15">)</w> 
 <w id="w6.2.16">ocenil</w> 
 <w id="w6.2.17">opravljene</w> 
 <w id="w6.2.18">študije</w>
 <w id="w6.2.19">,</w> 
 <w id="w6.2.20">na</w> 
 <w id="w6.2.21">podlagi</w> 
 <w id="w6.2.22">katerih</w> 
 <w id="w6.2.23">je</w> 
 <w id="w6.2.24">oblikoval</w> 
 <w id="w6.2.25">priporočila</w> 
 <w id="w6.2.26">glede</w> 
 <w id="w6.2.27">uporabe</w> 
 <w id="w6.2.28">zdravila</w>
 <w id="w6.2.29">.</w>
</s> 
 
<s id="s6.3">
 <w id="w6.3.1">Če</w> 
 <w id="w6.3.2">potrebujete</w> 
 <w id="w6.3.3">več</w> 
 <w id="w6.3.4">informacij</w> 
 <w id="w6.3.5">o</w> 
 <w id="w6.3.6">svojem</w> 
 <w id="w6.3.7">zdravstvenem</w> 
 <w id="w6.3.8">stanju</w> 
 <w id="w6.3.9">ali</w> 
 <w id="w6.3.10">zdravljenju</w>
 <w id="w6.3.11">,</w> 
 <w id="w6.3.12">preberite</w> 
 <w id="w6.3.13">navodilo</w> 
 <w id="w6.3.14">za</w> 
 <w id="w6.3.15">uporabo</w> 
 <w id="w6.3.16">(</w>
 <w id="w6.3.17">ki</w> 
 <w id="w6.3.18">je</w> 
 <w id="w6.3.19">prav</w> 
 <w id="w6.3.20">tako</w> 
 <w id="w6.3.21">del</w> 
 <w id="w6.3.22">EPAR</w>
 <w id="w6.3.23">)</w> 
 <w id="w6.3.24">ali</w> 
 <w id="w6.3.25">se</w> 
 <w id="w6.3.26">posvetujte</w> 
 <w id="w6.3.27">s</w> 
 <w id="w6.3.28">svojim</w> 
 <w id="w6.3.29">zdravnikom</w> 
 <w id="w6.3.30">ali</w> 
 <w id="w6.3.31">farmacevtom</w>
 <w id="w6.3.32">.</w>
</s> 
 
<s id="s6.4">
 <w id="w6.4.1">Če</w> 
 <w id="w6.4.2">želite</w> 
 <w id="w6.4.3">več</w> 
 <w id="w6.4.4">informacij</w> 
 <w id="w6.4.5">o</w> 
 <w id="w6.4.6">podlagi</w> 
 <w id="w6.4.7">za</w> 
 <w id="w6.4.8">priporočila</w> 
 <w id="w6.4.9">CHMP</w>
 <w id="w6.4.10">,</w> 
 <w id="w6.4.11">preberite</w> 
 <w id="w6.4.12">znanstveno</w> 
 <w id="w6.4.13">razpravo</w> 
 <w id="w6.4.14">(</w>
 <w id="w6.4.15">ki</w> 
 <w id="w6.4.16">je</w> 
 <w id="w6.4.17">prav</w> 
 <w id="w6.4.18">tako</w> 
 <w id="w6.4.19">del</w> 
 <w id="w6.4.20">EPAR</w>
 <w id="w6.4.21">)</w>
 <w id="w6.4.22">.</w>
</s></p>

<p id="7">
<s id="s7.1">
 <w id="w7.1.1">Kaj</w> 
 <w id="w7.1.2">je</w> 
 <w id="w7.1.3">zdravilo</w> 
 <w id="w7.1.4">Fablyn</w>
 <w id="w7.1.5">?</w>
</s> 
 
<s id="s7.2">
 <w id="w7.2.1">Fablyn</w> 
 <w id="w7.2.2">je</w> 
 <w id="w7.2.3">zdravilo</w>
 <w id="w7.2.4">,</w> 
 <w id="w7.2.5">ki</w> 
 <w id="w7.2.6">vsebuje</w> 
 <w id="w7.2.7">zdravilno</w> 
 <w id="w7.2.8">učinkovino</w> 
 <w id="w7.2.9">lasofoksifen</w>
 <w id="w7.2.10">.</w>
</s> 
 
<s id="s7.3">
 <w id="w7.3.1">Na</w> 
 <w id="w7.3.2">voljo</w> 
 <w id="w7.3.3">je</w> 
 <w id="w7.3.4">v</w> 
 <w id="w7.3.5">trikotnih</w> 
 <w id="w7.3.6">tabletah</w> 
 <w id="w7.3.7">breskove</w> 
 <w id="w7.3.8">barve</w> 
 <w id="w7.3.9">(</w>
 <w id="w7.3.10">500</w> 
 <w id="w7.3.11">mikrogramov</w>
 <w id="w7.3.12">)</w>
 <w id="w7.3.13">.</w>
</s></p>

<p id="8">
<s id="s8.1">
 <w id="w8.1.1">Za</w> 
 <w id="w8.1.2">kaj</w> 
 <w id="w8.1.3">se</w> 
 <w id="w8.1.4">zdravilo</w> 
 <w id="w8.1.5">Fablyn</w> 
 <w id="w8.1.6">uporablja</w> 
 <w id="w8.1.7">?</w>
</s> 
 
<s id="s8.2">
 <w id="w8.2.1">Zdravilo</w> 
 <w id="w8.2.2">Fablyn</w> 
 <w id="w8.2.3">se</w> 
 <w id="w8.2.4">uporablja</w> 
 <w id="w8.2.5">za</w> 
 <w id="w8.2.6">zdravljenje</w> 
 <w id="w8.2.7">in</w> 
 <w id="w8.2.8">preprečevanje</w> 
 <w id="w8.2.9">osteoporoze</w> 
 <w id="w8.2.10">(</w>
 <w id="w8.2.11">bolezni</w>
 <w id="w8.2.12">,</w> 
 <w id="w8.2.13">ki</w> 
 <w id="w8.2.14">povzroča</w> 
 <w id="w8.2.15">krhkost</w> 
 <w id="w8.2.16">kosti</w>
 <w id="w8.2.17">)</w> 
 <w id="w8.2.18">pri</w> 
 <w id="w8.2.19">ženskah</w> 
 <w id="w8.2.20">po</w> 
 <w id="w8.2.21">menopavzi</w>
 <w id="w8.2.22">.</w>
</s> 
 
<s id="s8.3">
 <w id="w8.3.1">Uporablja</w> 
 <w id="w8.3.2">se</w> 
 <w id="w8.3.3">pri</w> 
 <w id="w8.3.4">ženskah</w>
 <w id="w8.3.5">,</w> 
 <w id="w8.3.6">pri</w> 
 <w id="w8.3.7">katerih</w> 
 <w id="w8.3.8">obstaja</w> 
 <w id="w8.3.9">možnost</w> 
 <w id="w8.3.10">zloma</w> 
 <w id="w8.3.11">kosti</w>
 <w id="w8.3.12">.</w>
</s> 
 
<s id="s8.4">
 <w id="w8.4.1">Zdravilo</w> 
 <w id="w8.4.2">Fablyn</w> 
 <w id="w8.4.3">se</w> 
 <w id="w8.4.4">je</w> 
 <w id="w8.4.5">izkazalo</w> 
 <w id="w8.4.6">kot</w> 
 <w id="w8.4.7">učinkovito</w> 
 <w id="w8.4.8">pri</w> 
 <w id="w8.4.9">zmanjšanju</w> 
 <w id="w8.4.10">števila</w> 
 <w id="w8.4.11">zlomov</w> 
 <w id="w8.4.12">hrbtenice</w> 
 <w id="w8.4.13">in</w> 
 <w id="w8.4.14">drugih</w> 
 <w id="w8.4.15">kosti</w> 
 <w id="w8.4.16">v</w> 
 <w id="w8.4.17">telesu</w>
 <w id="w8.4.18">,</w> 
 <w id="w8.4.19">vendar</w> 
 <w id="w8.4.20">ne</w> 
 <w id="w8.4.21">zlomov</w> 
 <w id="w8.4.22">kolka</w>
 <w id="w8.4.23">.</w>
</s> 
 
<s id="s8.5">
 <w id="w8.5.1">Zdravnik</w> 
 <w id="w8.5.2">mora</w>
 <w id="w8.5.3">,</w> 
 <w id="w8.5.4">preden</w> 
 <w id="w8.5.5">predpiše</w> 
 <w id="w8.5.6">zdravilo</w> 
 <w id="w8.5.7">Fablyn</w> 
 <w id="w8.5.8">ali</w> 
 <w id="w8.5.9">druga</w> 
 <w id="w8.5.10">zdravljanja</w>
 <w id="w8.5.11">,</w> 
 <w id="w8.5.12">ugotoviti</w> 
 <w id="w8.5.13">prisotnost</w> 
 <w id="w8.5.14">kakršnih</w> 
 <w id="w8.5.15">koli</w> 
 <w id="w8.5.16">znakov</w> 
 <w id="w8.5.17">menopavze</w> 
 <w id="w8.5.18">pri</w> 
 <w id="w8.5.19">bolnici</w> 
 <w id="w8.5.20">ter</w> 
 <w id="w8.5.21">presoditi</w> 
 <w id="w8.5.22">morebitne</w> 
 <w id="w8.5.23">učinke</w> 
 <w id="w8.5.24">zdravljenja</w> 
 <w id="w8.5.25">na</w> 
 <w id="w8.5.26">maternico</w>
 <w id="w8.5.27">,</w> 
 <w id="w8.5.28">prsi</w>
 <w id="w8.5.29">,</w> 
 <w id="w8.5.30">srce</w> 
 <w id="w8.5.31">in</w> 
 <w id="w8.5.32">krvne</w> 
 <w id="w8.5.33">žile</w>
 <w id="w8.5.34">.</w>
</s> 
 
<s id="s8.6">
 <w id="w8.6.1">Zdravilo</w> 
 <w id="w8.6.2">se</w> 
 <w id="w8.6.3">dobi</w> 
 <w id="w8.6.4">samo</w> 
 <w id="w8.6.5">na</w> 
 <w id="w8.6.6">recept</w>
 <w id="w8.6.7">.</w>
</s></p>

<p id="9">
<s id="s9.1">
 <w id="w9.1.1">Kako</w> 
 <w id="w9.1.2">se</w> 
 <w id="w9.1.3">zdravilo</w> 
 <w id="w9.1.4">Fablyn</w> 
 <w id="w9.1.5">uporablja</w>
 <w id="w9.1.6">?</w>
</s> 
 
<s id="s9.2">
 <w id="w9.2.1">Priporočeni</w> 
 <w id="w9.2.2">odmerek</w> 
 <w id="w9.2.3">zdravila</w> 
 <w id="w9.2.4">Fablyn</w> 
 <w id="w9.2.5">je</w> 
 <w id="w9.2.6">ena</w> 
 <w id="w9.2.7">tableta</w> 
 <w id="w9.2.8">enkrat</w> 
 <w id="w9.2.9">dnevno</w>
 <w id="w9.2.10">.</w>
</s> 
 
<s id="s9.3">
 <w id="w9.3.1">Vzame</w> 
 <w id="w9.3.2">se</w> 
 <w id="w9.3.3">lahko</w> 
 <w id="w9.3.4">kadar</w> 
 <w id="w9.3.5">koli</w> 
 <w id="w9.3.6">podnevi</w>
 <w id="w9.3.7">,</w> 
 <w id="w9.3.8">s</w> 
 <w id="w9.3.9">hrano</w> 
 <w id="w9.3.10">ali</w> 
 <w id="w9.3.11">pijačo</w> 
 <w id="w9.3.12">oziroma</w> 
 <w id="w9.3.13">brez</w> 
 <w id="w9.3.14">njih</w>
 <w id="w9.3.15">.</w>
</s> 
 
<s id="s9.4">
 <w id="w9.4.1">Bolnice</w> 
 <w id="w9.4.2">lahko</w> 
 <w id="w9.4.3">po</w> 
 <w id="w9.4.4">potrebi</w> 
 <w id="w9.4.5">jemljejo</w> 
 <w id="w9.4.6">tudi</w> 
 <w id="w9.4.7">dodatek</w> 
 <w id="w9.4.8">kalcija</w> 
 <w id="w9.4.9">in</w> 
 <w id="w9.4.10">vitamina</w> 
 <w id="w9.4.11">D</w>
 <w id="w9.4.12">,</w> 
 <w id="w9.4.13">če</w> 
 <w id="w9.4.14">ju</w> 
 <w id="w9.4.15">ne</w> 
 <w id="w9.4.16">dobivajo</w> 
 <w id="w9.4.17">dovolj</w> 
 <w id="w9.4.18">s</w> 
 <w id="w9.4.19">prehrano</w>
 <w id="w9.4.20">.</w>
</s> 
 
<s id="s9.5">
 <w id="w9.5.1">Zdravilo</w> 
 <w id="w9.5.2">Fablyn</w> 
 <w id="w9.5.3">je</w> 
 <w id="w9.5.4">predvideno</w> 
 <w id="w9.5.5">za</w> 
 <w id="w9.5.6">dolgotrajno</w> 
 <w id="w9.5.7">uporabo</w>
 <w id="w9.5.8">.</w>
</s> 
 
<s id="s9.6">
 <w id="w9.6.1">Zdravilo</w> 
 <w id="w9.6.2">Fablyn</w> 
 <w id="w9.6.3">je</w> 
 <w id="w9.6.4">treba</w> 
 <w id="w9.6.5">pri</w> 
 <w id="w9.6.6">bolnicah</w> 
 <w id="w9.6.7">z</w> 
 <w id="w9.6.8">resnimi</w> 
 <w id="w9.6.9">obolenji</w> 
 <w id="w9.6.10">jeter</w> 
 <w id="w9.6.11">ali</w> 
 <w id="w9.6.12">ledvic</w> 
 <w id="w9.6.13">uporabljati</w> 
 <w id="w9.6.14">previdno</w>
 <w id="w9.6.15">.</w>
</s></p>

<p id="10">
<s id="s10.1">
 <w id="w10.1.1">Kako</w> 
 <w id="w10.1.2">zdravilo</w> 
 <w id="w10.1.3">Fablyn</w> 
 <w id="w10.1.4">deluje</w>
 <w id="w10.1.5">?</w>
</s> 
 
<s id="s10.2">
 <w id="w10.2.1">Osteoporoza</w> 
 <w id="w10.2.2">nastane</w>
 <w id="w10.2.3">,</w> 
 <w id="w10.2.4">ko</w> 
 <w id="w10.2.5">rast</w> 
 <w id="w10.2.6">nove</w> 
 <w id="w10.2.7">kostne</w> 
 <w id="w10.2.8">mase</w> 
 <w id="w10.2.9">ni</w> 
 <w id="w10.2.10">več</w> 
 <w id="w10.2.11">zadostna</w>
 <w id="w10.2.12">,</w> 
 <w id="w10.2.13">da</w> 
 <w id="w10.2.14">bi</w> 
 <w id="w10.2.15">nadomestila</w> 
 <w id="w10.2.16">njeno</w> 
 <w id="w10.2.17">naravno</w> 
 <w id="w10.2.18">razgradnjo</w>
 <w id="w10.2.19">.</w>
</s> 
 
<s id="s10.3">
 <w id="w10.3.1">Kosti</w> 
 <w id="w10.3.2">se</w> 
 <w id="w10.3.3">tako</w> 
 <w id="w10.3.4">postopoma</w> 
 <w id="w10.3.5">redčijo</w> 
 <w id="w10.3.6">in</w> 
 <w id="w10.3.7">postajajo</w> 
 <w id="w10.3.8">krhkejše</w> 
 <w id="w10.3.9">ter</w> 
 <w id="w10.3.10">posledično</w> 
 <w id="w10.3.11">bolj</w> 
 <w id="w10.3.12">lomljive</w> 
 <w id="w10.3.13">(</w>
 <w id="w10.3.14">podvržene</w> 
 <w id="w10.3.15">zlomu</w>
 <w id="w10.3.16">)</w>
 <w id="w10.3.17">.</w>
</s> 
 
<s id="s10.4">
 <w id="w10.4.1">Osteoporoza</w> 
 <w id="w10.4.2">je</w> 
 <w id="w10.4.3">pogostejša</w> 
 <w id="w10.4.4">pri</w> 
 <w id="w10.4.5">ženskah</w> 
 <w id="w10.4.6">v</w> 
 <w id="w10.4.7">obdobju</w> 
 <w id="w10.4.8">po</w> 
 <w id="w10.4.9">menopavzi</w>
 <w id="w10.4.10">,</w> 
 <w id="w10.4.11">ko</w> 
 <w id="w10.4.12">upade</w> 
 <w id="w10.4.13">količina</w> 
 <w id="w10.4.14">ženskega</w> 
 <w id="w10.4.15">hormona</w> 
 <w id="w10.4.16">estrogena</w>
 <w id="w10.4.17">.</w>
</s> 
 
<s id="s10.5">
 <w id="w10.5.1">Ta</w> 
 <w id="w10.5.2">upočasni</w> 
 <w id="w10.5.3">razgradnjo</w> 
 <w id="w10.5.4">kosti</w>
 <w id="w10.5.5">,</w> 
 <w id="w10.5.6">zato</w> 
 <w id="w10.5.7">se</w> 
 <w id="w10.5.8">kosti</w> 
 <w id="w10.5.9">ne</w> 
 <w id="w10.5.10">zlomijo</w> 
 <w id="w10.5.11">tako</w> 
 <w id="w10.5.12">hitro</w>
 <w id="w10.5.13">.</w>
</s> 
 
<s id="s10.6">
 <w id="w10.6.1">Zdravilna</w> 
 <w id="w10.6.2">učinkovina</w> 
 <w id="w10.6.3">zdravila</w> 
 <w id="w10.6.4">Fablyn</w>
 <w id="w10.6.5">,</w> 
 <w id="w10.6.6">lasofoksifen</w>
 <w id="w10.6.7">,</w> 
 <w id="w10.6.8">je</w> 
 <w id="w10.6.9">selektivni</w> 
 <w id="w10.6.10">modulator</w> 
 <w id="w10.6.11">estrogenskih</w> 
 <w id="w10.6.12">receptorjev</w> 
 <w id="w10.6.13">(</w>
 <w id="w10.6.14">SERM</w>
 <w id="w10.6.15">)</w>
 <w id="w10.6.16">.</w>
</s> 
 
<s id="s10.7">
 <w id="w10.7.1">Lasofoksifen</w> 
 <w id="w10.7.2">deluje</w> 
 <w id="w10.7.3">kot</w> 
 <w id="w10.7.4">agonist</w> 
 <w id="w10.7.5">receptorjev</w> 
 <w id="w10.7.6">estrogena</w> 
 <w id="w10.7.7">(</w>
 <w id="w10.7.8">snov</w>
 <w id="w10.7.9">,</w> 
 <w id="w10.7.10">ki</w> 
 <w id="w10.7.11">stimulira</w> 
 <w id="w10.7.12">receptorje</w> 
 <w id="w10.7.13">za</w> 
 <w id="w10.7.14">estrogen</w>
 <w id="w10.7.15">)</w> 
 <w id="w10.7.16">v</w> 
 <w id="w10.7.17">nekaterih</w> 
 <w id="w10.7.18">telesnih</w> 
 <w id="w10.7.19">tkivih</w>
 <w id="w10.7.20">.</w>
</s> 
 
<s id="s10.8">
 <w id="w10.8.1">Lasofoksifen</w> 
 <w id="w10.8.2">učinkuje</w> 
 <w id="w10.8.3">na</w> 
 <w id="w10.8.4">kost</w> 
 <w id="w10.8.5">enako</w> 
 <w id="w10.8.6">kot</w> 
 <w id="w10.8.7">estrogen</w>
 <w id="w10.8.8">.</w>
</s></p>

<p id="11">
<s id="s11.1">
 <w id="w11.1.1">7</w> 
 <w id="w11.1.2">Westferry</w> 
 <w id="w11.1.3">Circus</w>
 <w id="w11.1.4">,</w> 
 <w id="w11.1.5">Canary</w> 
 <w id="w11.1.6">Wharf</w>
 <w id="w11.1.7">,</w> 
 <w id="w11.1.8">London</w> 
 <w id="w11.1.9">E14</w> 
 <w id="w11.1.10">4HB</w>
 <w id="w11.1.11">,</w> 
 <w id="w11.1.12">UK</w>                                   
 <w id="w11.1.13">Tel</w>
 <w id="w11.1.14">.</w>
</s> 
 
<s id="s11.2">
 <w id="w11.2.1">(</w>
 <w id="w11.2.2">44-</w>
 <w id="w11.2.3">20</w>
 <w id="w11.2.4">)</w> 
 <w id="w11.2.5">74</w> 
 <w id="w11.2.6">18</w> 
 <w id="w11.2.7">84</w> 
 <w id="w11.2.8">00</w> 
 <w id="w11.2.9">Fax</w> 
 <w id="w11.2.10">(</w>
 <w id="w11.2.11">44-</w>
 <w id="w11.2.12">20</w>
 <w id="w11.2.13">)</w> 
 <w id="w11.2.14">74</w> 
 <w id="w11.2.15">18</w> 
 <w id="w11.2.16">84</w> 
 <w id="w11.2.17">16</w>                              
 <w id="w11.2.18">E-</w>
 <w id="w11.2.19">mail</w>
 <w id="w11.2.20">:</w> 
 <w id="w11.2.21">mail@</w>
 <w id="w11.2.22">emea.</w>
 <w id="w11.2.23">europa.</w>
 <w id="w11.2.24">eu</w> 
 <w id="w11.2.25">http</w>
 <w id="w11.2.26">:</w>
 <w id="w11.2.27">//</w>
 <w id="w11.2.28">www.</w>
 <w id="w11.2.29">emea.</w>
 <w id="w11.2.30">europa.</w>
 <w id="w11.2.31">eu</w>
</s></p>

<p id="12">
<s id="s12.1">
 <w id="w12.1.1">©</w> 
 <w id="w12.1.2">European</w> 
 <w id="w12.1.3">Medicines</w> 
 <w id="w12.1.4">Agency</w>
 <w id="w12.1.5">,</w> 
 <w id="w12.1.6">2009</w>
 <w id="w12.1.7">.</w>
</s> 
 
<s id="s12.2">
 <w id="w12.2.1">Reproduction</w> 
 <w id="w12.2.2">is</w> 
 <w id="w12.2.3">authorised</w> 
 <w id="w12.2.4">provided</w> 
 <w id="w12.2.5">the</w> 
 <w id="w12.2.6">source</w> 
 <w id="w12.2.7">is</w> 
 <w id="w12.2.8">acknowledged</w>
 <w id="w12.2.9">.</w>
</s> 
 
<s id="s12.3">
 <w id="w12.3.1">Kako</w> 
 <w id="w12.3.2">je</w> 
 <w id="w12.3.3">bilo</w> 
 <w id="w12.3.4">zdravilo</w> 
 <w id="w12.3.5">Fablyn</w> 
 <w id="w12.3.6">raziskano</w>
 <w id="w12.3.7">?</w>
</s> 
 
<s id="s12.4">
 <w id="w12.4.1">Učinki</w> 
 <w id="w12.4.2">zdravila</w> 
 <w id="w12.4.3">Fablyn</w> 
 <w id="w12.4.4">so</w> 
 <w id="w12.4.5">bili</w> 
 <w id="w12.4.6">najprej</w> 
 <w id="w12.4.7">preizkušeni</w> 
 <w id="w12.4.8">na</w> 
 <w id="w12.4.9">poskusnih</w> 
 <w id="w12.4.10">modelih</w>
 <w id="w12.4.11">,</w> 
 <w id="w12.4.12">nato</w> 
 <w id="w12.4.13">pa</w> 
 <w id="w12.4.14">so</w> 
 <w id="w12.4.15">jih</w> 
 <w id="w12.4.16">raziskali</w> 
 <w id="w12.4.17">pri</w> 
 <w id="w12.4.18">ljudeh</w>
 <w id="w12.4.19">.</w>
</s> 
 
<s id="s12.5">
 <w id="w12.5.1">V</w> 
 <w id="w12.5.2">eni</w> 
 <w id="w12.5.3">glavni</w> 
 <w id="w12.5.4">študiji</w>
 <w id="w12.5.5">,</w> 
 <w id="w12.5.6">v</w> 
 <w id="w12.5.7">katero</w> 
 <w id="w12.5.8">je</w> 
 <w id="w12.5.9">bilo</w> 
 <w id="w12.5.10">vključenih</w> 
 <w id="w12.5.11">skoraj</w> 
 <w id="w12.5.12">9</w> 
 <w id="w12.5.13">000</w> 
 <w id="w12.5.14">žensk</w> 
 <w id="w12.5.15">po</w> 
 <w id="w12.5.16">obdobju</w> 
 <w id="w12.5.17">menopavze</w>
 <w id="w12.5.18">,</w> 
 <w id="w12.5.19">starih</w> 
 <w id="w12.5.20">od</w> 
 <w id="w12.5.21">60</w> 
 <w id="w12.5.22">do</w> 
 <w id="w12.5.23">80</w> 
 <w id="w12.5.24">let</w>
 <w id="w12.5.25">,</w> 
 <w id="w12.5.26">so</w> 
 <w id="w12.5.27">primerjali</w> 
 <w id="w12.5.28">dva</w> 
 <w id="w12.5.29">odmerka</w> 
 <w id="w12.5.30">zdravila</w> 
 <w id="w12.5.31">Fablyn</w> 
 <w id="w12.5.32">(</w>
 <w id="w12.5.33">250</w> 
 <w id="w12.5.34">in</w> 
 <w id="w12.5.35">500</w> 
 <w id="w12.5.36">mikrogramov</w> 
 <w id="w12.5.37">enkrat</w> 
 <w id="w12.5.38">dnevno</w>
 <w id="w12.5.39">)</w> 
 <w id="w12.5.40">s</w> 
 <w id="w12.5.41">placebom</w> 
 <w id="w12.5.42">(</w>
 <w id="w12.5.43">zdravilom</w> 
 <w id="w12.5.44">brez</w> 
 <w id="w12.5.45">zdravilne</w> 
 <w id="w12.5.46">učinkovine</w>
 <w id="w12.5.47">)</w>
 <w id="w12.5.48">.</w>
</s> 
 
<s id="s12.6">
 <w id="w12.6.1">Glavno</w> 
 <w id="w12.6.2">merilo</w> 
 <w id="w12.6.3">učinkovitosti</w> 
 <w id="w12.6.4">je</w> 
 <w id="w12.6.5">bilo</w> 
 <w id="w12.6.6">število</w> 
 <w id="w12.6.7">žensk</w> 
 <w id="w12.6.8">z</w> 
 <w id="w12.6.9">novim</w> 
 <w id="w12.6.10">zlomom</w> 
 <w id="w12.6.11">hrbtenice</w>
 <w id="w12.6.12">,</w> 
 <w id="w12.6.13">kar</w> 
 <w id="w12.6.14">je</w> 
 <w id="w12.6.15">bilo</w> 
 <w id="w12.6.16">ugotovljeno</w> 
 <w id="w12.6.17">z</w> 
 <w id="w12.6.18">rentgenskim</w> 
 <w id="w12.6.19">slikanjem</w>
 <w id="w12.6.20">.</w>
</s> 
 
<s id="s12.7">
 <w id="w12.7.1">Študija</w> 
 <w id="w12.7.2">je</w> 
 <w id="w12.7.3">proučevala</w> 
 <w id="w12.7.4">tudi</w> 
 <w id="w12.7.5">obstoječe</w> 
 <w id="w12.7.6">zlome</w> 
 <w id="w12.7.7">hrbtenice</w>
 <w id="w12.7.8">,</w> 
 <w id="w12.7.9">katerih</w> 
 <w id="w12.7.10">stanje</w> 
 <w id="w12.7.11">se</w> 
 <w id="w12.7.12">je</w> 
 <w id="w12.7.13">poslabšalo</w>
 <w id="w12.7.14">,</w> 
 <w id="w12.7.15">nove</w> 
 <w id="w12.7.16">zlome</w> 
 <w id="w12.7.17">v</w> 
 <w id="w12.7.18">drugih</w> 
 <w id="w12.7.19">delih</w> 
 <w id="w12.7.20">telesa</w> 
 <w id="w12.7.21">in</w> 
 <w id="w12.7.22">gostoto</w> 
 <w id="w12.7.23">kosti</w> 
 <w id="w12.7.24">v</w> 
 <w id="w12.7.25">celem</w> 
 <w id="w12.7.26">telesu</w>
 <w id="w12.7.27">.</w>
</s></p>

<p id="13">
<s id="s13.1">
 <w id="w13.1.1">Kakšne</w> 
 <w id="w13.1.2">koristi</w> 
 <w id="w13.1.3">je</w> 
 <w id="w13.1.4">zdravilo</w> 
 <w id="w13.1.5">Fablyn</w> 
 <w id="w13.1.6">izkazalo</w> 
 <w id="w13.1.7">med</w> 
 <w id="w13.1.8">študijami</w>
 <w id="w13.1.9">?</w>
</s> 
 
<s id="s13.2">
 <w id="w13.2.1">Zdravilo</w> 
 <w id="w13.2.2">Fablyn</w> 
 <w id="w13.2.3">je</w> 
 <w id="w13.2.4">bilo</w> 
 <w id="w13.2.5">pri</w> 
 <w id="w13.2.6">zmanjšanju</w> 
 <w id="w13.2.7">števila</w> 
 <w id="w13.2.8">novih</w> 
 <w id="w13.2.9">zlomov</w> 
 <w id="w13.2.10">učinkovitejše</w> 
 <w id="w13.2.11">od</w> 
 <w id="w13.2.12">placeba</w>
 <w id="w13.2.13">.</w>
</s> 
 
<s id="s13.3">
 <w id="w13.3.1">V</w> 
 <w id="w13.3.2">petih</w> 
 <w id="w13.3.3">letih</w> 
 <w id="w13.3.4">je</w> 
 <w id="w13.3.5">6</w> 
 <w id="w13.3.6">%</w> 
 <w id="w13.3.7">žensk</w>
 <w id="w13.3.8">,</w> 
 <w id="w13.3.9">ki</w> 
 <w id="w13.3.10">so</w> 
 <w id="w13.3.11">jemale</w> 
 <w id="w13.3.12">zdravilo</w> 
 <w id="w13.3.13">Fablyn</w> 
 <w id="w13.3.14">500</w> 
 <w id="w13.3.15">mikrogramov</w> 
 <w id="w13.3.16">imelo</w> 
 <w id="w13.3.17">nove</w> 
 <w id="w13.3.18">zlome</w> 
 <w id="w13.3.19">hrbtenice</w> 
 <w id="w13.3.20">(</w>
 <w id="w13.3.21">155</w> 
 <w id="w13.3.22">od</w> 
 <w id="w13.3.23">2</w> 
 <w id="w13.3.24">748</w>
 <w id="w13.3.25">)</w>
 <w id="w13.3.26">,</w> 
 <w id="w13.3.27">v</w> 
 <w id="w13.3.28">primerjavi</w> 
 <w id="w13.3.29">z</w> 
 <w id="w13.3.30">9</w> 
 <w id="w13.3.31">%</w> 
 <w id="w13.3.32">tistih</w>
 <w id="w13.3.33">,</w> 
 <w id="w13.3.34">ki</w> 
 <w id="w13.3.35">so</w> 
 <w id="w13.3.36">jemale</w> 
 <w id="w13.3.37">placebo</w> 
 <w id="w13.3.38">(</w>
 <w id="w13.3.39">255</w> 
 <w id="w13.3.40">od</w> 
 <w id="w13.3.41">2</w> 
 <w id="w13.3.42">744</w>
 <w id="w13.3.43">)</w>
 <w id="w13.3.44">.</w>
</s> 
 
<s id="s13.4">
 <w id="w13.4.1">Izidi</w> 
 <w id="w13.4.2">z</w> 
 <w id="w13.4.3">250-</w>
 <w id="w13.4.4">mikrogramskim</w> 
 <w id="w13.4.5">odmerkom</w> 
 <w id="w13.4.6">so</w> 
 <w id="w13.4.7">prav</w> 
 <w id="w13.4.8">tako</w> 
 <w id="w13.4.9">pokazali</w>
 <w id="w13.4.10">,</w> 
 <w id="w13.4.11">da</w> 
 <w id="w13.4.12">je</w> 
 <w id="w13.4.13">500-</w>
 <w id="w13.4.14">mikrogramski</w> 
 <w id="w13.4.15">odmerek</w> 
 <w id="w13.4.16">učinkovitejši</w>
 <w id="w13.4.17">.</w>
</s> 
 
<s id="s13.5">
 <w id="w13.5.1">Pri</w> 
 <w id="w13.5.2">ženskah</w>
 <w id="w13.5.3">,</w> 
 <w id="w13.5.4">ki</w> 
 <w id="w13.5.5">so</w> 
 <w id="w13.5.6">jemale</w> 
 <w id="w13.5.7">večje</w> 
 <w id="w13.5.8">odmerke</w>
 <w id="w13.5.9">,</w> 
 <w id="w13.5.10">so</w> 
 <w id="w13.5.11">bili</w> 
 <w id="w13.5.12">zlomi</w> 
 <w id="w13.5.13">drugih</w> 
 <w id="w13.5.14">kosti</w> 
 <w id="w13.5.15">v</w> 
 <w id="w13.5.16">telesu</w> 
 <w id="w13.5.17">redkejši</w>
 <w id="w13.5.18">,</w> 
 <w id="w13.5.19">bolj</w> 
 <w id="w13.5.20">pa</w> 
 <w id="w13.5.21">se</w> 
 <w id="w13.5.22">je</w> 
 <w id="w13.5.23">povečala</w> 
 <w id="w13.5.24">tudi</w> 
 <w id="w13.5.25">kostna</w> 
 <w id="w13.5.26">gostota</w>
 <w id="w13.5.27">.</w>
</s> 
 
<s id="s13.6">
 <w id="w13.6.1">Zdravilo</w> 
 <w id="w13.6.2">Fablyn</w> 
 <w id="w13.6.3">ni</w> 
 <w id="w13.6.4">zmanjšalo</w> 
 <w id="w13.6.5">število</w> 
 <w id="w13.6.6">zlomov</w> 
 <w id="w13.6.7">kolka</w> 
 <w id="w13.6.8">v</w> 
 <w id="w13.6.9">tolikšni</w> 
 <w id="w13.6.10">meri</w>
 <w id="w13.6.11">,</w> 
 <w id="w13.6.12">da</w> 
 <w id="w13.6.13">bi</w> 
 <w id="w13.6.14">bilo</w> 
 <w id="w13.6.15">to</w> 
 <w id="w13.6.16">za</w> 
 <w id="w13.6.17">bolnice</w> 
 <w id="w13.6.18">pomembno</w>
 <w id="w13.6.19">.</w>
</s></p>

<p id="14">
<s id="s14.1">
 <w id="w14.1.1">Kakšna</w> 
 <w id="w14.1.2">tveganja</w> 
 <w id="w14.1.3">so</w> 
 <w id="w14.1.4">povezana</w> 
 <w id="w14.1.5">z</w> 
 <w id="w14.1.6">zdravilom</w> 
 <w id="w14.1.7">Fablyn</w>
 <w id="w14.1.8">?</w>
</s> 
 
<s id="s14.2">
 <w id="w14.2.1">Najpogostejši</w> 
 <w id="w14.2.2">neželeni</w> 
 <w id="w14.2.3">učinek</w> 
 <w id="w14.2.4">pri</w> 
 <w id="w14.2.5">jemanju</w> 
 <w id="w14.2.6">zdravila</w> 
 <w id="w14.2.7">Fablyn</w> 
 <w id="w14.2.8">(</w>
 <w id="w14.2.9">opažen</w> 
 <w id="w14.2.10">pri</w> 
 <w id="w14.2.11">več</w> 
 <w id="w14.2.12">kot</w> 
 <w id="w14.2.13">1</w> 
 <w id="w14.2.14">bolnici</w> 
 <w id="w14.2.15">od</w> 
 <w id="w14.2.16">10</w>
 <w id="w14.2.17">)</w> 
 <w id="w14.2.18">so</w> 
 <w id="w14.2.19">mišični</w> 
 <w id="w14.2.20">krči</w>
 <w id="w14.2.21">.</w>
</s> 
 
<s id="s14.3">
 <w id="w14.3.1">Za</w> 
 <w id="w14.3.2">celoten</w> 
 <w id="w14.3.3">seznam</w> 
 <w id="w14.3.4">neželenih</w> 
 <w id="w14.3.5">učinkov</w>
 <w id="w14.3.6">,</w> 
 <w id="w14.3.7">o</w> 
 <w id="w14.3.8">katerih</w> 
 <w id="w14.3.9">so</w> 
 <w id="w14.3.10">poročali</w> 
 <w id="w14.3.11">pri</w> 
 <w id="w14.3.12">uporabi</w> 
 <w id="w14.3.13">zdravila</w> 
 <w id="w14.3.14">Fablyn</w>
 <w id="w14.3.15">,</w> 
 <w id="w14.3.16">glejte</w> 
 <w id="w14.3.17">navodilo</w> 
 <w id="w14.3.18">za</w> 
 <w id="w14.3.19">uporabo.</w>
 <w id="w14.3.20">Zdravila</w> 
 <w id="w14.3.21">Fablyn</w> 
 <w id="w14.3.22">ne</w> 
 <w id="w14.3.23">smejo</w> 
 <w id="w14.3.24">uporabljati</w> 
 <w id="w14.3.25">osebe</w>
 <w id="w14.3.26">,</w> 
 <w id="w14.3.27">ki</w> 
 <w id="w14.3.28">utegnejo</w> 
 <w id="w14.3.29">biti</w> 
 <w id="w14.3.30">preobčutljive</w> 
 <w id="w14.3.31">za</w> 
 <w id="w14.3.32">(</w>
 <w id="w14.3.33">alergične</w> 
 <w id="w14.3.34">na</w>
 <w id="w14.3.35">)</w> 
 <w id="w14.3.36">lasofoksifen</w> 
 <w id="w14.3.37">ali</w> 
 <w id="w14.3.38">katere</w> 
 <w id="w14.3.39">koli</w> 
 <w id="w14.3.40">druge</w> 
 <w id="w14.3.41">sestavine</w> 
 <w id="w14.3.42">zdravila</w>
 <w id="w14.3.43">.</w>
</s> 
 
<s id="s14.4">
 <w id="w14.4.1">Ne</w> 
 <w id="w14.4.2">sme</w> 
 <w id="w14.4.3">se</w> 
 <w id="w14.4.4">uporabljati</w> 
 <w id="w14.4.5">pri</w> 
 <w id="w14.4.6">bolnicah</w>
 <w id="w14.4.7">,</w> 
 <w id="w14.4.8">ki</w> 
 <w id="w14.4.9">so</w> 
 <w id="w14.4.10">imeli</w> 
 <w id="w14.4.11">težave</w> 
 <w id="w14.4.12">zaradi</w> 
 <w id="w14.4.13">venske</w> 
 <w id="w14.4.14">tromboembolije</w> 
 <w id="w14.4.15">vključno</w> 
 <w id="w14.4.16">z</w> 
 <w id="w14.4.17">globoko</w> 
 <w id="w14.4.18">vensko</w> 
 <w id="w14.4.19">trombozo</w> 
 <w id="w14.4.20">(</w>
 <w id="w14.4.21">DTV</w>
 <w id="w14.4.22">)</w>
 <w id="w14.4.23">,</w> 
 <w id="w14.4.24">pljučno</w> 
 <w id="w14.4.25">embolijo</w> 
 <w id="w14.4.26">(</w>
 <w id="w14.4.27">krvnim</w> 
 <w id="w14.4.28">strdkom</w> 
 <w id="w14.4.29">v</w> 
 <w id="w14.4.30">pljučih</w>
 <w id="w14.4.31">)</w> 
 <w id="w14.4.32">in</w> 
 <w id="w14.4.33">trombozo</w> 
 <w id="w14.4.34">retinalne</w> 
 <w id="w14.4.35">vene</w> 
 <w id="w14.4.36">(</w>
 <w id="w14.4.37">krvni</w> 
 <w id="w14.4.38">strdek</w> 
 <w id="w14.4.39">v</w> 
 <w id="w14.4.40">zadnjem</w> 
 <w id="w14.4.41">delu</w> 
 <w id="w14.4.42">očesa</w>
 <w id="w14.4.43">)</w>
 <w id="w14.4.44">.</w>
</s> 
 
<s id="s14.5">
 <w id="w14.5.1">Ne</w> 
 <w id="w14.5.2">sme</w> 
 <w id="w14.5.3">se</w> 
 <w id="w14.5.4">uporabljati</w> 
 <w id="w14.5.5">pri</w> 
 <w id="w14.5.6">ženskah</w> 
 <w id="w14.5.7">z</w> 
 <w id="w14.5.8">nepojasnjeno</w> 
 <w id="w14.5.9">krvavitvijo</w> 
 <w id="w14.5.10">iz</w> 
 <w id="w14.5.11">maternice</w>
 <w id="w14.5.12">.</w>
</s> 
 
<s id="s14.6">
 <w id="w14.6.1">Zdravilo</w> 
 <w id="w14.6.2">Fablyn</w> 
 <w id="w14.6.3">smejo</w> 
 <w id="w14.6.4">uporabljati</w> 
 <w id="w14.6.5">le</w> 
 <w id="w14.6.6">ženske</w> 
 <w id="w14.6.7">po</w> 
 <w id="w14.6.8">menopavzi</w>
 <w id="w14.6.9">,</w> 
 <w id="w14.6.10">zato</w> 
 <w id="w14.6.11">ga</w> 
 <w id="w14.6.12">ne</w> 
 <w id="w14.6.13">smejo</w> 
 <w id="w14.6.14">uporabljati</w> 
 <w id="w14.6.15">ženske</w>
 <w id="w14.6.16">,</w> 
 <w id="w14.6.17">ki</w> 
 <w id="w14.6.18">bi</w> 
 <w id="w14.6.19">lahko</w> 
 <w id="w14.6.20">zanosile</w>
 <w id="w14.6.21">,</w> 
 <w id="w14.6.22">nosečnice</w> 
 <w id="w14.6.23">ali</w> 
 <w id="w14.6.24">ženske</w>
 <w id="w14.6.25">,</w> 
 <w id="w14.6.26">ki</w> 
 <w id="w14.6.27">dojijo</w>
 <w id="w14.6.28">.</w>
</s> 
 
<s id="s14.7">
 <w id="w14.7.1">Zakaj</w> 
 <w id="w14.7.2">je</w> 
 <w id="w14.7.3">bilo</w> 
 <w id="w14.7.4">zdravilo</w> 
 <w id="w14.7.5">Fablyn</w> 
 <w id="w14.7.6">odobreno</w>
 <w id="w14.7.7">?</w>
</s> 
 
<s id="s14.8">
 <w id="w14.8.1">Odbor</w> 
 <w id="w14.8.2">za</w> 
 <w id="w14.8.3">zdravila</w> 
 <w id="w14.8.4">za</w> 
 <w id="w14.8.5">uporabo</w> 
 <w id="w14.8.6">v</w> 
 <w id="w14.8.7">humani</w> 
 <w id="w14.8.8">medicini</w> 
 <w id="w14.8.9">(</w>
 <w id="w14.8.10">CHMP</w>
 <w id="w14.8.11">)</w> 
 <w id="w14.8.12">je</w> 
 <w id="w14.8.13">zaključil</w>
 <w id="w14.8.14">,</w> 
 <w id="w14.8.15">da</w> 
 <w id="w14.8.16">so</w> 
 <w id="w14.8.17">koristi</w> 
 <w id="w14.8.18">zdravila</w> 
 <w id="w14.8.19">Fablyn</w> 
 <w id="w14.8.20">pri</w> 
 <w id="w14.8.21">zdravljenju</w> 
 <w id="w14.8.22">osteoporoze</w> 
 <w id="w14.8.23">pri</w> 
 <w id="w14.8.24">ženskah</w> 
 <w id="w14.8.25">v</w> 
 <w id="w14.8.26">obdobju</w> 
 <w id="w14.8.27">po</w> 
 <w id="w14.8.28">menopavzi</w>
 <w id="w14.8.29">,</w> 
 <w id="w14.8.30">pri</w> 
 <w id="w14.8.31">katerih</w> 
 <w id="w14.8.32">obstaja</w> 
 <w id="w14.8.33">visoko</w> 
 <w id="w14.8.34">tveganje</w> 
 <w id="w14.8.35">za</w> 
 <w id="w14.8.36">zlom</w> 
 <w id="w14.8.37">kosti</w>
 <w id="w14.8.38">,</w> 
 <w id="w14.8.39">večje</w> 
 <w id="w14.8.40">od</w> 
 <w id="w14.8.41">z</w> 
 <w id="w14.8.42">njim</w> 
 <w id="w14.8.43">povezanih</w> 
 <w id="w14.8.44">tveganj</w>
 <w id="w14.8.45">.</w>
</s> 
 
<s id="s14.9">
 <w id="w14.9.1">Odbor</w> 
 <w id="w14.9.2">je</w> 
 <w id="w14.9.3">priporočil</w>
 <w id="w14.9.4">,</w> 
 <w id="w14.9.5">da</w> 
 <w id="w14.9.6">se</w> 
 <w id="w14.9.7">za</w> 
 <w id="w14.9.8">zdravilo</w> 
 <w id="w14.9.9">Fablyn</w> 
 <w id="w14.9.10">odobri</w> 
 <w id="w14.9.11">dovoljenje</w> 
 <w id="w14.9.12">za</w> 
 <w id="w14.9.13">promet</w>
 <w id="w14.9.14">.</w>
</s></p>

<p id="15">
<s id="s15.1">
 <w id="w15.1.1">Kateri</w> 
 <w id="w15.1.2">ukrepi</w> 
 <w id="w15.1.3">se</w> 
 <w id="w15.1.4">izvajajo</w> 
 <w id="w15.1.5">za</w> 
 <w id="w15.1.6">zagotovitev</w> 
 <w id="w15.1.7">varne</w> 
 <w id="w15.1.8">uporabe</w> 
 <w id="w15.1.9">zdravila</w> 
 <w id="w15.1.10">Fablyn</w>
 <w id="w15.1.11">?</w>
</s> 
 
<s id="s15.2">
 <w id="w15.2.1">Družba</w>
 <w id="w15.2.2">,</w> 
 <w id="w15.2.3">ki</w> 
 <w id="w15.2.4">izdeluje</w> 
 <w id="w15.2.5">zdravilo</w> 
 <w id="w15.2.6">Fablyn</w>
 <w id="w15.2.7">,</w> 
 <w id="w15.2.8">bo</w> 
 <w id="w15.2.9">zagotovilo</w>
 <w id="w15.2.10">,</w> 
 <w id="w15.2.11">da</w> 
 <w id="w15.2.12">bo</w> 
 <w id="w15.2.13">izobraževalni</w> 
 <w id="w15.2.14">program</w> 
 <w id="w15.2.15">na</w> 
 <w id="w15.2.16">voljo</w> 
 <w id="w15.2.17">v</w> 
 <w id="w15.2.18">vseh</w> 
 <w id="w15.2.19">državah</w> 
 <w id="w15.2.20">članicah</w> 
 <w id="w15.2.21">za</w> 
 <w id="w15.2.22">vse</w> 
 <w id="w15.2.23">zdravstvene</w> 
 <w id="w15.2.24">delavce</w>
 <w id="w15.2.25">,</w> 
 <w id="w15.2.26">ki</w> 
 <w id="w15.2.27">bodo</w> 
 <w id="w15.2.28">predpisovali</w> 
 <w id="w15.2.29">zdravilo</w> 
 <w id="w15.2.30">Fablyn</w> 
 <w id="w15.2.31">ali</w> 
 <w id="w15.2.32">napotili</w> 
 <w id="w15.2.33">ženske</w>
 <w id="w15.2.34">,</w> 
 <w id="w15.2.35">ki</w> 
 <w id="w15.2.36">jemljejo</w> 
 <w id="w15.2.37">zdravilo</w> 
 <w id="w15.2.38">na</w> 
 <w id="w15.2.39">ultrazvočno</w> 
 <w id="w15.2.40">slikanje</w> 
 <w id="w15.2.41">medenice</w>
 <w id="w15.2.42">.</w>
</s> 
 
<s id="s15.3">
 <w id="w15.3.1">Program</w> 
 <w id="w15.3.2">bo</w> 
 <w id="w15.3.3">vključeval</w> 
 <w id="w15.3.4">podatke</w> 
 <w id="w15.3.5">o</w> 
 <w id="w15.3.6">tveganju</w> 
 <w id="w15.3.7">nastanka</w> 
 <w id="w15.3.8">venske</w> 
 <w id="w15.3.9">tromboembolije</w>
 <w id="w15.3.10">,</w> 
 <w id="w15.3.11">spremembah</w> 
 <w id="w15.3.12">v</w> 
 <w id="w15.3.13">maternici</w>
 <w id="w15.3.14">,</w> 
 <w id="w15.3.15">ki</w> 
 <w id="w15.3.16">se</w> 
 <w id="w15.3.17">lahko</w> 
 <w id="w15.3.18">pojavijo</w> 
 <w id="w15.3.19">pri</w> 
 <w id="w15.3.20">jemanju</w> 
 <w id="w15.3.21">zdravila</w> 
 <w id="w15.3.22">in</w> 
 <w id="w15.3.23">potrebi</w> 
 <w id="w15.3.24">po</w> 
 <w id="w15.3.25">preiskavi</w> 
 <w id="w15.3.26">nepojasnjenega</w> 
 <w id="w15.3.27">krvavenja</w> 
 <w id="w15.3.28">iz</w> 
 <w id="w15.3.29">maternice</w>
 <w id="w15.3.30">.</w>
</s></p>

<p id="16">
<s id="s16.1">
 <w id="w16.1.1">Druge</w> 
 <w id="w16.1.2">informacije</w> 
 <w id="w16.1.3">o</w> 
 <w id="w16.1.4">zdravilu</w> 
 <w id="w16.1.5">Fablyn</w>
 <w id="w16.1.6">:</w>
</s> 
 
<s id="s16.2">
 <w id="w16.2.1">Evropska</w> 
 <w id="w16.2.2">komisija</w> 
 <w id="w16.2.3">je</w> 
 <w id="w16.2.4">dovoljenje</w> 
 <w id="w16.2.5">za</w> 
 <w id="w16.2.6">promet</w> 
 <w id="w16.2.7">z</w> 
 <w id="w16.2.8">zdravilom</w> 
 <w id="w16.2.9">Fablyn</w>
 <w id="w16.2.10">,</w> 
 <w id="w16.2.11">veljavno</w> 
 <w id="w16.2.12">po</w> 
 <w id="w16.2.13">vsej</w> 
 <w id="w16.2.14">Evropski</w> 
 <w id="w16.2.15">uniji</w>
 <w id="w16.2.16">,</w> 
 <w id="w16.2.17">odobrila</w> 
 <w id="w16.2.18">družbi</w> 
 <w id="w16.2.19">Pfizer</w> 
 <w id="w16.2.20">Limited</w> 
 <w id="w16.2.21">dne</w> 
 <w id="w16.2.22">24</w>
 <w id="w16.2.23">.</w> 
 <w id="w16.2.24">februarja</w> 
 <w id="w16.2.25">2009</w>
 <w id="w16.2.26">.</w>
</s></p>

<p id="17">
<s id="s17.1">
 <w id="w17.1.1">Celotno</w> 
 <w id="w17.1.2">javno</w> 
 <w id="w17.1.3">poročilo</w> 
 <w id="w17.1.4">o</w> 
 <w id="w17.1.5">oceni</w> 
 <w id="w17.1.6">zdravila</w> 
 <w id="w17.1.7">(</w>
 <w id="w17.1.8">EPAR</w>
 <w id="w17.1.9">)</w> 
 <w id="w17.1.10">za</w> 
 <w id="w17.1.11">zdravilo</w> 
 <w id="w17.1.12">Fablyn</w> 
 <w id="w17.1.13">je</w> 
 <w id="w17.1.14">na</w> 
 <w id="w17.1.15">voljo</w> 
 <w id="w17.1.16">tukaj</w>
 <w id="w17.1.17">.</w>
</s></p>

<p id="18">
<s id="s18.1">
 <w id="w18.1.1">Povzetek</w> 
 <w id="w18.1.2">je</w> 
 <w id="w18.1.3">bil</w> 
 <w id="w18.1.4">nazadnje</w> 
 <w id="w18.1.5">posodobljen</w> 
 <w id="w18.1.6">01-</w>
 <w id="w18.1.7">2009</w>
 <w id="w18.1.8">.</w>
</s></p>

<p id="19">
<s id="s19.1">
 <w id="w19.1.1">2/</w>
 <w id="w19.1.2">2</w>
</s></p></text>
