<?xml version="1.0" encoding="utf-8"?>
<text>
<p id="1">
<s id="s1.1">
 <w id="w1.1.1">DODATEK</w>
</s></p>

<p id="2">
<s id="s2.1">
 <w id="w2.1.1">POGOJI</w> 
 <w id="w2.1.2">ALI</w> 
 <w id="w2.1.3">OMEJITVE</w> 
 <w id="w2.1.4">V</w> 
 <w id="w2.1.5">ZVEZI</w> 
 <w id="w2.1.6">Z</w> 
 <w id="w2.1.7">VARNO</w> 
 <w id="w2.1.8">IN</w> 
 <w id="w2.1.9">UČINKOVITO</w> 
 <w id="w2.1.10">UPORABO</w> 
 <w id="w2.1.11">ZDRAVILA</w>
 <w id="w2.1.12">,</w>             
 <w id="w2.1.13">KI</w> 
 <w id="w2.1.14">JIH</w> 
 <w id="w2.1.15">BODO</w> 
 <w id="w2.1.16">MORALE</w> 
 <w id="w2.1.17">IZVAJATI</w> 
 <w id="w2.1.18">DRŽAVE</w> 
 <w id="w2.1.19">ČLANICE</w>
</s></p>

<p id="3">
<s id="s3.1">
 <w id="w3.1.1">1</w> 
 <w id="w3.1.2">POGOJI</w> 
 <w id="w3.1.3">ALI</w> 
 <w id="w3.1.4">OMEJITVE</w> 
 <w id="w3.1.5">V</w> 
 <w id="w3.1.6">ZVEZI</w> 
 <w id="w3.1.7">Z</w> 
 <w id="w3.1.8">VARNO</w> 
 <w id="w3.1.9">IN</w> 
 <w id="w3.1.10">UČINKOVITO</w> 
 <w id="w3.1.11">UPORABO</w> 
 <w id="w3.1.12">ZDRAVILA</w>
 <w id="w3.1.13">,</w> 
 <w id="w3.1.14">KI</w> 
 <w id="w3.1.15">JIH</w> 
 <w id="w3.1.16">BODO</w> 
 <w id="w3.1.17">MORALE</w> 
 <w id="w3.1.18">IZVAJATI</w> 
 <w id="w3.1.19">DRŽAVE</w> 
 <w id="w3.1.20">ČLANICE</w>
</s></p>

<p id="4">
<s id="s4.1">
 <w id="w4.1.1">Države</w> 
 <w id="w4.1.2">članice</w> 
 <w id="w4.1.3">bodo</w> 
 <w id="w4.1.4">morale</w> 
 <w id="w4.1.5">zagotoviti</w>
 <w id="w4.1.6">,</w> 
 <w id="w4.1.7">da</w> 
 <w id="w4.1.8">se</w> 
 <w id="w4.1.9">bodo</w> 
 <w id="w4.1.10">vsi</w> 
 <w id="w4.1.11">pogoji</w> 
 <w id="w4.1.12">ali</w> 
 <w id="w4.1.13">omejitve</w> 
 <w id="w4.1.14">v</w> 
 <w id="w4.1.15">zvezi</w> 
 <w id="w4.1.16">z</w> 
 <w id="w4.1.17">varno</w> 
 <w id="w4.1.18">in</w> 
 <w id="w4.1.19">učinkovito</w> 
 <w id="w4.1.20">uporabo</w> 
 <w id="w4.1.21">zdravila</w> 
 <w id="w4.1.22">izvajali</w>
 <w id="w4.1.23">.</w>
</s></p>

<p id="5">
<s id="s5.1">
 <w id="w5.1.1">Imetnik</w> 
 <w id="w5.1.2">dovoljenja</w> 
 <w id="w5.1.3">za</w> 
 <w id="w5.1.4">promet</w> 
 <w id="w5.1.5">z</w> 
 <w id="w5.1.6">zdravilom</w> 
 <w id="w5.1.7">se</w> 
 <w id="w5.1.8">zavezuje</w>
 <w id="w5.1.9">,</w> 
 <w id="w5.1.10">da</w> 
 <w id="w5.1.11">bo</w> 
 <w id="w5.1.12">pred</w> 
 <w id="w5.1.13">prihodom</w> 
 <w id="w5.1.14">zdravila</w> 
 <w id="w5.1.15">na</w> 
 <w id="w5.1.16">trg</w> 
 <w id="w5.1.17">zagotovil</w> 
 <w id="w5.1.18">ustrezen</w> 
 <w id="w5.1.19">dostop</w> 
 <w id="w5.1.20">do</w> 
 <w id="w5.1.21">izobraževalnega</w> 
 <w id="w5.1.22">programa</w> 
 <w id="w5.1.23">za</w> 
 <w id="w5.1.24">zmanjševanje</w> 
 <w id="w5.1.25">tveganja</w> 
 <w id="w5.1.26">vsem</w> 
 <w id="w5.1.27">zdravstvenim</w> 
 <w id="w5.1.28">delavcem</w>
 <w id="w5.1.29">,</w> 
 <w id="w5.1.30">ki</w> 
 <w id="w5.1.31">so</w> 
 <w id="w5.1.32">pristojni</w> 
 <w id="w5.1.33">za</w> 
 <w id="w5.1.34">predpisovanje</w> 
 <w id="w5.1.35">zdravila</w> 
 <w id="w5.1.36">FABLYN</w> 
 <w id="w5.1.37">ali</w> 
 <w id="w5.1.38">za</w> 
 <w id="w5.1.39">napotitev</w> 
 <w id="w5.1.40">bolnic</w> 
 <w id="w5.1.41">zdravljenih</w> 
 <w id="w5.1.42">z</w> 
 <w id="w5.1.43">zdravilom</w> 
 <w id="w5.1.44">FABLYN</w> 
 <w id="w5.1.45">na</w> 
 <w id="w5.1.46">ginekološko</w> 
 <w id="w5.1.47">ultrazvočno</w> 
 <w id="w5.1.48">preiskavo</w>
 <w id="w5.1.49">.</w>
</s></p>

<p id="6">
<s id="s6.1">
 <w id="w6.1.1">Izobraževalni</w> 
 <w id="w6.1.2">program</w> 
 <w id="w6.1.3">bo</w> 
 <w id="w6.1.4">na</w> 
 <w id="w6.1.5">voljo</w> 
 <w id="w6.1.6">tako</w> 
 <w id="w6.1.7">v</w> 
 <w id="w6.1.8">elektronski</w> 
 <w id="w6.1.9">kot</w> 
 <w id="w6.1.10">v</w> 
 <w id="w6.1.11">tiskani</w> 
 <w id="w6.1.12">obliki</w>
 <w id="w6.1.13">,</w> 
 <w id="w6.1.14">pri</w> 
 <w id="w6.1.15">čemer</w> 
 <w id="w6.1.16">bo</w> 
 <w id="w6.1.17">vsebina</w> 
 <w id="w6.1.18">obeh</w> 
 <w id="w6.1.19">enaka</w>
 <w id="w6.1.20">.</w>
</s></p>

<p id="7">
<s id="s7.1">
 <w id="w7.1.1">Izobraževalni</w> 
 <w id="w7.1.2">programi</w> 
 <w id="w7.1.3">bodo</w> 
 <w id="w7.1.4">dostopni</w>
 <w id="w7.1.5">:</w>     
 <w id="w7.1.6">•</w> 
 <w id="w7.1.7">na</w> 
 <w id="w7.1.8">medmrežju</w>     
 <w id="w7.1.9">•</w> 
 <w id="w7.1.10">na</w> 
 <w id="w7.1.11">zgoščenki</w> 
 <w id="w7.1.12">(</w>
 <w id="w7.1.13">CD-</w>
 <w id="w7.1.14">ROM</w>
 <w id="w7.1.15">)</w>     
 <w id="w7.1.16">•</w> 
 <w id="w7.1.17">v</w> 
 <w id="w7.1.18">papirni</w> 
 <w id="w7.1.19">obliki</w>
</s></p>

<p id="8">
<s id="s8.1">
 <w id="w8.1.1">Izobraževalni</w> 
 <w id="w8.1.2">program</w> 
 <w id="w8.1.3">mora</w> 
 <w id="w8.1.4">vsebovati</w> 
 <w id="w8.1.5">naslednja</w> 
 <w id="w8.1.6">ključna</w> 
 <w id="w8.1.7">sporočila</w>
 <w id="w8.1.8">:</w>    
 <w id="w8.1.9">•</w> 
 <w id="w8.1.10">Zdravilo</w> 
 <w id="w8.1.11">FABLYN</w> 
 <w id="w8.1.12">poveča</w> 
 <w id="w8.1.13">tveganje</w> 
 <w id="w8.1.14">za</w> 
 <w id="w8.1.15">pojav</w> 
 <w id="w8.1.16">venskih</w> 
 <w id="w8.1.17">trombemboličnih</w> 
 <w id="w8.1.18">dogodkov</w> 
 <w id="w8.1.19">(</w>
 <w id="w8.1.20">VTE</w>
 <w id="w8.1.21">-</w>        
 <w id="w8.1.22">venous</w> 
 <w id="w8.1.23">thromboembolism</w>
 <w id="w8.1.24">)</w>
 <w id="w8.1.25">.</w>    
 <w id="w8.1.26">•</w> 
 <w id="w8.1.27">Priporočeni</w> 
 <w id="w8.1.28">pristopi</w> 
 <w id="w8.1.29">zmanjšanja</w> 
 <w id="w8.1.30">tveganja</w> 
 <w id="w8.1.31">za</w> 
 <w id="w8.1.32">pojava</w> 
 <w id="w8.1.33">venskih</w> 
 <w id="w8.1.34">trombemboličnih</w> 
 <w id="w8.1.35">dogodkov</w>        
 <w id="w8.1.36">temeljijo</w> 
 <w id="w8.1.37">na</w> 
 <w id="w8.1.38">SmPC</w>
 <w id="w8.1.39">,</w> 
 <w id="w8.1.40">vključno</w> 
 <w id="w8.1.41">s</w> 
 <w id="w8.1.42">kontraindikacijo</w> 
 <w id="w8.1.43">zdravila</w> 
 <w id="w8.1.44">FABLYN</w> 
 <w id="w8.1.45">pri</w> 
 <w id="w8.1.46">bolnicah</w> 
 <w id="w8.1.47">z</w> 
 <w id="w8.1.48">aktivno</w>        
 <w id="w8.1.49">vensko</w> 
 <w id="w8.1.50">trombembolično</w> 
 <w id="w8.1.51">boleznijo</w> 
 <w id="w8.1.52">ali</w> 
 <w id="w8.1.53">boleznijo</w> 
 <w id="w8.1.54">v</w> 
 <w id="w8.1.55">anamnezi</w>
 <w id="w8.1.56">.</w>    
 <w id="w8.1.57">•</w> 
 <w id="w8.1.58">Zdravilo</w> 
 <w id="w8.1.59">FABLYN</w> 
 <w id="w8.1.60">povzroča</w> 
 <w id="w8.1.61">morfološke</w> 
 <w id="w8.1.62">spremembe</w>
 <w id="w8.1.63">,</w> 
 <w id="w8.1.64">še</w> 
 <w id="w8.1.65">posebno</w> 
 <w id="w8.1.66">cistično</w> 
 <w id="w8.1.67">atrofijo</w>        
 <w id="w8.1.68">endometrija</w>
 <w id="w8.1.69">.</w>
</s> 
 
<s id="s8.2">
 <w id="w8.2.1">Posledica</w> 
 <w id="w8.2.2">je</w> 
 <w id="w8.2.3">povečana</w> 
 <w id="w8.2.4">povprečna</w> 
 <w id="w8.2.5">debelina</w> 
 <w id="w8.2.6">endometrija</w>
 <w id="w8.2.7">.</w>    
 <w id="w8.2.8">•</w> 
 <w id="w8.2.9">Na</w> 
 <w id="w8.2.10">osnovi</w> 
 <w id="w8.2.11">kliničnih</w> 
 <w id="w8.2.12">preskušanj</w> 
 <w id="w8.2.13">so</w> 
 <w id="w8.2.14">morfološke</w> 
 <w id="w8.2.15">spremembe</w>
 <w id="w8.2.16">,</w> 
 <w id="w8.2.17">ki</w> 
 <w id="w8.2.18">jih</w> 
 <w id="w8.2.19">povzroči</w> 
 <w id="w8.2.20">zdravilo</w> 
 <w id="w8.2.21">FABLYN</w>
 <w id="w8.2.22">,</w>        
 <w id="w8.2.23">benigne</w> 
 <w id="w8.2.24">in</w> 
 <w id="w8.2.25">ne</w> 
 <w id="w8.2.26">zahtevajo</w> 
 <w id="w8.2.27">nadaljnjih</w> 
 <w id="w8.2.28">preiskav</w>
 <w id="w8.2.29">,</w> 
 <w id="w8.2.30">razen</w> 
 <w id="w8.2.31">pri</w> 
 <w id="w8.2.32">pojavu</w> 
 <w id="w8.2.33">krvavitev</w> 
 <w id="w8.2.34">iz</w> 
 <w id="w8.2.35">nožnice</w>
 <w id="w8.2.36">.</w>    
 <w id="w8.2.37">•</w> 
 <w id="w8.2.38">Navedba</w> 
 <w id="w8.2.39">verodostojnih</w> 
 <w id="w8.2.40">mednarodnih</w> 
 <w id="w8.2.41">smernic</w>
 <w id="w8.2.42">,</w> 
 <w id="w8.2.43">ki</w> 
 <w id="w8.2.44">se</w> 
 <w id="w8.2.45">nanašajo</w> 
 <w id="w8.2.46">na</w> 
 <w id="w8.2.47">spremljanje</w> 
 <w id="w8.2.48">stanja</w> 
 <w id="w8.2.49">maternice</w>
 <w id="w8.2.50">,</w>        
 <w id="w8.2.51">kot</w> 
 <w id="w8.2.52">reference</w>
 <w id="w8.2.53">.</w>    
 <w id="w8.2.54">•</w> 
 <w id="w8.2.55">Potreba</w> 
 <w id="w8.2.56">po</w> 
 <w id="w8.2.57">prekinitvi</w> 
 <w id="w8.2.58">zdravljenja</w> 
 <w id="w8.2.59">z</w> 
 <w id="w8.2.60">zdravilom</w> 
 <w id="w8.2.61">FABLYN</w> 
 <w id="w8.2.62">in</w> 
 <w id="w8.2.63">raziskavi</w> 
 <w id="w8.2.64">vzrokov</w> 
 <w id="w8.2.65">za</w> 
 <w id="w8.2.66">pojav</w>        
 <w id="w8.2.67">nepojasnjene</w> 
 <w id="w8.2.68">krvavitve</w> 
 <w id="w8.2.69">iz</w> 
 <w id="w8.2.70">maternice</w>
 <w id="w8.2.71">.</w>
</s></p>

<head id="9">
<s id="s9.1">
 <w id="w9.1.1">Program</w> 
 <w id="w9.1.2">vključuje</w> 
 <w id="w9.1.3">celotno</w> 
 <w id="w9.1.4">besedilo</w> 
 <w id="w9.1.5">SmPC</w>
 <w id="w9.1.6">.</w>
</s></head>

<p id="10">
<s id="s10.1">
 <w id="w10.1.1">Imetnik</w> 
 <w id="w10.1.2">dovoljenja</w> 
 <w id="w10.1.3">za</w> 
 <w id="w10.1.4">promet</w> 
 <w id="w10.1.5">z</w> 
 <w id="w10.1.6">zdravilom</w> 
 <w id="w10.1.7">bo</w> 
 <w id="w10.1.8">zagotovil</w> 
 <w id="w10.1.9">dostop</w> 
 <w id="w10.1.10">do</w> 
 <w id="w10.1.11">izobraževalnega</w> 
 <w id="w10.1.12">programa</w> 
 <w id="w10.1.13">tudi</w> 
 <w id="w10.1.14">patologom</w>
 <w id="w10.1.15">.</w>
</s> 
 
<s id="s10.2">
 <w id="w10.2.1">Ta</w> 
 <w id="w10.2.2">program</w> 
 <w id="w10.2.3">bo</w> 
 <w id="w10.2.4">osredotočen</w> 
 <w id="w10.2.5">predvsem</w> 
 <w id="w10.2.6">na</w> 
 <w id="w10.2.7">interpretacijo</w> 
 <w id="w10.2.8">biopsije</w> 
 <w id="w10.2.9">endometrija</w> 
 <w id="w10.2.10">žensk</w>
 <w id="w10.2.11">,</w> 
 <w id="w10.2.12">ki</w> 
 <w id="w10.2.13">so</w> 
 <w id="w10.2.14">se</w> 
 <w id="w10.2.15">zdravile</w> 
 <w id="w10.2.16">z</w> 
 <w id="w10.2.17">zdravilom</w> 
 <w id="w10.2.18">FABLYN</w>
 <w id="w10.2.19">.</w>
</s> 
 
<s id="s10.3">
 <w id="w10.3.1">Program</w> 
 <w id="w10.3.2">mora</w> 
 <w id="w10.3.3">biti</w> 
 <w id="w10.3.4">v</w> 
 <w id="w10.3.5">skladu</w> 
 <w id="w10.3.6">z</w> 
 <w id="w10.3.7">verodostojnimi</w> 
 <w id="w10.3.8">mednarodnimi</w> 
 <w id="w10.3.9">smernicami</w> 
 <w id="w10.3.10">in</w> 
 <w id="w10.3.11">podprt</w> 
 <w id="w10.3.12">z</w> 
 <w id="w10.3.13">navedbami</w> 
 <w id="w10.3.14">v</w> 
 <w id="w10.3.15">strokovni</w> 
 <w id="w10.3.16">medicinski</w> 
 <w id="w10.3.17">periodiki</w>
 <w id="w10.3.18">.</w>
</s></p>

<p id="11">
<s id="s11.1">
 <w id="w11.1.1">2</w>
</s></p></text>
