<?xml version="1.0" encoding="utf-8"?>
<letsmt version="1.0">
<head></head>
<body>
<s id="s1.1">DODATEK I</s>
<s id="s2.1">POVZETEK GLAVNIH ZNAČILNOSTI ZDRAVILA</s>
<s id="s3.1">1 1.</s>
<s id="s3.2">IME ZDRAVILA ZA UPORABO V VETERINARSKI MEDICINI</s>
<s id="s4.1">Novem 5 mg/ ml, raztopina za injiciranje za goveda in prašiče</s>
<s id="s5.1">2.</s>
<s id="s5.2">KAKOVOSTNA IN KOLIČINSKA SESTAVA</s>
<s id="s6.1">Vsak ml raztopine za injiciranje Novem 5 mg/ ml vsebuje:</s>
<s id="s7.1">Zdravilna( e) učinkovina( e):</s>
<s id="s8.1">Meloksikam</s>
<s id="s9.1">5 mg</s>
<s id="s10.1">Pomožna( e) snov( i):</s>
<s id="s11.1">Etanol, brezvodni 150 mg</s>
<s id="s12.1">Za celoten seznam pomožnih snovi glejte poglavje 6. 1.</s>
<s id="s13.1">3.</s>
<s id="s13.2">FARMACEVTSKA OBLIKA</s>
<s id="s14.1">Prozorna rumena raztopina za injiciranje.</s>
<s id="s15.1">4.</s>
<s id="s15.2">KLINIČNI PODATKI</s>
<s id="s16.1">4. 1 Ciljne živalske vrste</s>
<s id="s17.1">Goveda (teleta in mlada goveda) in prašiči</s>
<s id="s18.1">4. 2 Indikacije za uporabo pri ciljnih živalskih vrstah</s>
<s id="s19.1">Goveda:</s>
<s id="s19.2">Za umirjanje kliničnih znakov pri akutnih okužbah dihal pri govedih ob ustreznem antibiotičnem zdravljenju.</s>
<s id="s19.3">Za umirjanje kliničnih znakov driske, v kombinaciji s peroralnim rehidracijskim zdravljenjem, pri teletih, starejših od enega tedna, in mladih govedih, ki niso v obdobju laktacije.</s>
<s id="s20.1">Prašiči:</s>
<s id="s20.2">Za ublažitev ohromelosti in vnetja pri neinfekcijskih lokomotornih motnjah.</s>
<s id="s21.1">4. 3 Kontraindikacije</s>
<s id="s22.1">Ne uporabite pri živalih z motnjami jetrne, srčne ali ledvične funkcije in s hemoragičnimi motnjami ter pri dokazanih ulkusnih lezijah v prebavilih.</s>
<s id="s22.2">Ne uporabite v primeru preobčutljivosti na zdravilno učinkovino ali katero koli pomožno snov.</s>
<s id="s23.1">Pri zdravljenju driske pri govedih ne uporabite pri živalih, mlajših od enega tedna.</s>
<s id="s24.1">4. 4 Posebna opozorila za vsako ciljno živalsko vrsto</s>
<s id="s25.1">Jih ni.</s>
<s id="s26.1">2 4. 5 Posebni previdnostni ukrepi</s>
<s id="s27.1">Posebni previdnostni ukrepi za uporabo pri živalih Če se pojavijo neželeni učinki, je treba zdravljenje prekiniti in se posvetovati z veterinarjem.</s>
<s id="s27.2">Zaradi možne nevarnosti toksičnih učinkov na ledvice se dajanju zdravila izogibamo pri zelo dehidriranih, hipovolemičnih ali hipotenzivnih živalih, ki potrebujejo parenteralno rehidracijo.</s>
<s id="s28.1">Posebni previdnostni ukrepi, ki jih mora izvajati oseba, ki živalim daje zdravilo Nenamerno samoinjiciranje lahko povzroči bolečino.</s>
<s id="s28.2">Osebe z znano preobčutljivostjo za nesteroidna protivnetna zdravila naj se izogibajo stiku z zdravilom.</s>
<s id="s28.3">V primeru nenamernega samoinjiciranja se takoj posvetujte z zdravnikom in mu pokažite navodila za uporabo ali ovojnino.</s>
<s id="s29.1">4. 6 Neželeni učinki (pogostost in resnost)</s>
<s id="s30.1">Prenašanje podkožnega in intramuskularnega dajanja je dobro; v kliničnih raziskavah so zasledili samo blago in prehodno oteklino na mestu podkožne injekcije, in sicer pri manj kot 10% goved.</s>
<s id="s31.1">Zelo redko se lahko pojavijo anafilaktoidne reakcije, ki jih je treba zdraviti simptomatsko.</s>
<s id="s32.1">4. 7 Uporaba v obdobju brejosti, laktacije ali nesnosti</s>
<s id="s33.1">Goveda:</s>
<s id="s33.2">Lahko se uporablja v obdobju brejosti.</s>
<s id="s34.1">Prašiči:</s>
<s id="s34.2">Lahko se uporablja v obdobju brejosti in laktacije.</s>
<s id="s35.1">4. 8 Medsebojno delovanje z drugimi zdravili in druge oblike interakcij</s>
<s id="s36.1">Zdravila ne smemo dajati hkrati z glukokortikosteroidi, drugimi nesteroidnimi protivnetnimi zdravili ali antikoagulansi.</s>
<s id="s37.1">4. 9 Odmerjanje in pot uporabe</s>
<s id="s38.1">Goveda:</s>
<s id="s38.2">Enkratna podkožna injekcija odmerka po 0, 5 mg meloksikama na kilogram telesne mase (to je 10, 0 ml/ 100 kg telesne mase), po potrebi v kombinaciji z antibiotičnim zdravljenjem ali s peroralno rehidracijsko terapijo.</s>
<s id="s39.1">Prašiči:</s>
<s id="s39.2">Enkratna intramuskularna injekcija odmerka po 0, 4 mg meloksikama na kilogram telesne mase (to je 2, 0 ml/ 25 kg telesne mase).</s>
<s id="s39.3">Če je potrebno, lahko po 24 urah damo še en odmerek meloksikama.</s>
<s id="s40.1">Pazite, da med uporabo ne bi prišlo do okužbe.</s>
<s id="s41.1">4. 10 Preveliko odmerjanje (simptomi, nujni ukrepi, protistrupi) (če je potrebno)</s>
<s id="s42.1">Pri prevelikem odmerjanju uvedemo simptomatsko zdravljenje.</s>
<s id="s43.1">4. 11 Karenca( e)</s>
<s id="s44.1">Goveda:</s>
<s id="s44.2">Meso in organi:</s>
<s id="s44.3">15 dni</s>
<s id="s45.1">3 Prašiči:</s>
<s id="s45.2">Meso in organi:</s>
<s id="s45.3">5 dni</s>
<s id="s46.1">5.</s>
<s id="s46.2">FARMAKOLOŠKE LASTNOSTI</s>
<s id="s47.1">Farmakoterapevtska skupina: protivnetna in protirevmatična zdravila, nesteroidna (oksikami) Oznaka ATCvet:</s>
<s id="s47.2">QM01AC06</s>
<s id="s48.1">5. 1 Farmakodinamične lastnosti</s>
<s id="s49.1">Meloksikam je nesteroidno protivnetno zdravilo iz skupine oksikamov.</s>
<s id="s49.2">Njegovo delovanje temelji na zaviranju tvorbe prostaglandinov.</s>
<s id="s49.3">Deluje protivnetno, antieksudativno, analgetično in antipiretično.</s>
<s id="s49.4">Deluje tudi antiendotoksično, saj so dokazali, da zavira nastajanje tromboksana B2, izzvano z vnosom endotoksina E.</s>
<s id="s49.5">Coli pri teletih in prašičih.</s>
<s id="s50.1">5. 2 Farmakokinetični podatki</s>
<s id="s51.1">Absorpcija Po enkratnem podkožnem odmerku meloksikama po 0, 5 mg/ kg je znašala Cmax pri mladih govedih 2, 1 µg/ ml po 7, 7 ure.</s>
<s id="s51.2">Po enkratnih intramuskularnih odmerkih meloksikama po 0, 4 mg/ kg je znašala Cmax pri prašičih po 1 uri 1, 1 do 1, 5 µg/ ml.</s>
<s id="s52.1">Porazdelitev Več kot 98% meloksikama se veže na beljakovine v plazmi.</s>
<s id="s52.2">Njegova koncentracija je največja v jetrih in ledvicah.</s>
<s id="s52.3">Razmeroma majhne koncentracije so v skeletnih mišicah in maščevju.</s>
<s id="s53.1">Presnavljanje Meloksikam se pretežno nahaja v plazmi.</s>
<s id="s53.2">Pri govedih je tudi pomembna sestavina pri izločanju zdravila z mlekom in žolčem, medtem ko vsebuje urin samo sledi matične spojine.</s>
<s id="s53.3">Pri prašičih vsebujeta žolč in urin samo sledi matične spojine.</s>
<s id="s53.4">Meloksikam se presnavlja v alkohol, kisli derivat in več polarnih presnovkov.</s>
<s id="s53.5">Vsi pomembnejši presnovki so farmakološko neaktivni.</s>
<s id="s54.1">Izločanje Razpolovna doba izločanja meloksikama je po podkožni injekciji pri mladih govedih 26 ur.</s>
<s id="s55.1">Pri prašičih je srednja razpolovna doba izločanja po intramuskularnem dajanju približno 2, 5 ure.</s>
<s id="s56.1">Približno 50% vnesenega odmerka se izloči s sečem, preostanek pa z blatom.</s>
<s id="s57.1">6.</s>
<s id="s57.2">FARMACEVTSKI PODATKI</s>
<s id="s58.1">6. 1 Seznam pomožnih snovi</s>
<s id="s59.1">- etanol</s>
<s id="s60.1">- poloksamer 188</s>
<s id="s61.1">- natrijev klorid</s>
<s id="s62.1">- glicin</s>
<s id="s63.1">- natrijev hidroksid</s>
<s id="s64.1">- glikofurol</s>
<s id="s65.1">- meglumin</s>
<s id="s66.1">- voda za injekcije</s>
<s id="s67.1">4 6. 2 Inkompatibilnosti</s>
<s id="s68.1">Navedba ni smiselna.</s>
<s id="s69.1">6. 3 Rok uporabnosti</s>
<s id="s70.1">Rok uporabnosti zdravila v pakiranju za prodajo:</s>
<s id="s70.2">3 leta Rok uporabnosti po prvem odpiranju stične ovojnine:</s>
<s id="s70.3">28 dni</s>
<s id="s71.1">6. 4 Posebna navodila za shranjevanje</s>
<s id="s72.1">Shranjujte pri temperaturi do 25 °C.</s>
<s id="s73.1">6. 5 Vrsta ovojnine in vsebina</s>
<s id="s74.1">Kartonska škatla z 1 ali 12 brezbarvnimi steklenimi vialami po 100 ml, zaprtimi z gumijastim zamaškom in aluminijasto zaporko.</s>
<s id="s74.2">Ni nujno, da so v prometu vsa navedena pakiranja.</s>
<s id="s75.1">6. 6 Posebni varnostni ukrepi za odstranjevanje neporabljenega zdravila ali odpadnih snovi</s>
<s id="s76.1">Vsako neporabljeno zdravilo ali odpadne snovi, ki nastanejo iz teh zdravil, je treba odstraniti v skladu z lokalnimi predpisi.</s>
<s id="s77.1">7.</s>
<s id="s77.2">IMETNIK DOVOLJENJA ZA PROMET</s>
<s id="s78.1">Boehringer Ingelheim Vetmetica GmbH 55216 Ingelheim/ Rhein Nemčija</s>
<s id="s79.1">8.</s>
<s id="s79.2">ŠTEVILKA( E) DOVOLJENJA ZA PROMET</s>
<s id="s80.1">EU/ 2/ 04/ 042/ 001 100 ml EU/ 2/ 04/ 042/ 002 12 x 100 ml</s>
<s id="s81.1">9.</s>
<s id="s81.2">DATUM PRIDOBITVE/ PODALJŠANJA DOVOLJENJA ZA PROMET</s>
<s id="s82.1">Datum pridobitve dovoljenja za promet:</s>
<s id="s82.2">02. 03. 2004 Datum podaljšanja dovoljenja za promet:</s>
<s id="s82.3">13. 01. 2009</s>
<s id="s83.1">10.</s>
<s id="s83.2">DATUM REVIZIJE BESEDILA</s>
<s id="s84.1">13. 01. 2009</s>
<s id="s85.1">Podrobne informacije o tem zdravilu za uporabo v veterinarski medicini so na voljo na spletni strani Evropske agencije za zdravila (European Medicines Agency, EMEA) http: // www. emea. europa. eu /.</s>
<s id="s86.1">PREPOVED PRODAJE, OSKRBE IN/ ALI UPORABE</s>
<s id="s87.1">Navedba ni smiselna.</s>
<s id="s88.1">5 1.</s>
<s id="s88.2">IME ZDRAVILA ZA UPORABO V VETERINARSKI MEDICINI</s>
<s id="s89.1">Novem 20 mg/ ml, raztopina za injiciranje za goveda in prašiče</s>
<s id="s90.1">2.</s>
<s id="s90.2">KAKOVOSTNA IN KOLIČINSKA SESTAVA</s>
<s id="s91.1">Vsak ml raztopine za injiciranje Novem 20 mg/ ml vsebuje:</s>
<s id="s92.1">Zdravilna( e) učinkovina( e):</s>
<s id="s93.1">Meloksikam</s>
<s id="s94.1">20 mg</s>
<s id="s95.1">Pomožne snovi:</s>
<s id="s96.1">Etanol, brezvodni</s>
<s id="s97.1">150 mg</s>
<s id="s98.1">Za celoten seznam pomožnih snovi glejte poglavje 6. 1.</s>
<s id="s99.1">3.</s>
<s id="s99.2">FARMACEVTSKA OBLIKA</s>
<s id="s100.1">Prozorna rumena raztopina za injiciranje</s>
<s id="s101.1">4.</s>
<s id="s101.2">KLINIČNI PODATKI</s>
<s id="s102.1">4. 1 Ciljne živalske vrste</s>
<s id="s103.1">Goveda in prašiči</s>
<s id="s104.1">4. 2 Indikacije za uporabo pri ciljnih živalskih vrstah</s>
<s id="s105.1">Goveda:</s>
<s id="s105.2">Za umirjanje kliničnih znakov pri akutnih okužbah dihal pri govedih ob ustreznem antibiotičnem zdravljenju.</s>
<s id="s105.3">Za umirjanje kliničnih znakov driske, v kombinaciji s peroralnim rehidracijskim zdravljenjem, pri teletih, starejših od enega tedna, in mladih govedih, ki niso v obdobju laktacije.</s>
<s id="s105.4">Za pomožno zdravljenje pri zdravljenju akutnega mastitisa, v kombinaciji z antibiotičnim zdravljenjem.</s>
<s id="s106.1">Prašiči:</s>
<s id="s106.2">Za ublažitev ohromelosti in vnetja pri neinfekcijskih lokomotornih motnjah.</s>
<s id="s106.3">Za pomožno zdravljenje pri zdravljenju puerperalne septikemije in toksemije (sindroma mastitisa, metritisa in agalaktije) ob ustreznem antibiotičnem zdravljenju.</s>
<s id="s107.1">4. 3 Kontraindikacije</s>
<s id="s108.1">Ne uporabite pri živalih z motnjami jetrne, srčne ali ledvične funkcije in s hemoragičnimi motnjami ter pri dokazanih ulkusnih lezijah v prebavilih.</s>
<s id="s108.2">Ne uporabite v primeru preobčutljivosti na zdravilno učinkovino ali katero koli pomožno snov.</s>
<s id="s109.1">Pri zdravljenju driske pri govedih ne uporabite pri živalih, mlajših od enega tedna.</s>
<s id="s110.1">6 4. 4 Posebna opozorila</s>
<s id="s111.1">Jih ni.</s>
<s id="s112.1">4. 5 Posebni previdnostni ukrepi</s>
<s id="s113.1">Posebni previdnostni ukrepi za uporabo pri živalih Če se pojavijo neželeni učinki, je treba zdravljenje ukiniti in se posvetovati z veterinarjem.</s>
<s id="s113.2">Zaradi možne nevarnosti toksičnih učinkov na ledvice se dajanju zdravila izogibamo pri zelo dehidriranih, hipovolemičnih ali hipotenzivnih živalih, ki potrebujejo parenteralno rehidracijo.</s>
<s id="s114.1">Posebni previdnostni ukrepi, ki jih mora izvajati oseba, ki živalim daje zdravilo Nenamerno samoinjiciranje lahko povzroči bolečino.</s>
<s id="s114.2">Osebe z znano preobčutljivostjo za nesteroidna protivnetna zdravila naj se izogibajo stiku z zdravilom.</s>
<s id="s114.3">V primeru nenamernega samoinjiciranja se takoj posvetujte z zdravnikom in mu pokažite navodila za uporabo ali ovojnino.</s>
<s id="s115.1">4. 6 Neželeni učinki (pogostost in resnost)</s>
<s id="s116.1">Prenašanje podkožnega in intramuskularnega dajanja je dobro; v kliničnih raziskavah so zasledili samo blago in prehodno oteklino na mestu podkožne injekcije, in sicer pri manj kot 10% goved.</s>
<s id="s117.1">Zelo redko se lahko pojavijo anafilaktoidne reakcije, ki jih je treba zdraviti simptomatsko.</s>
<s id="s118.1">4. 7 Uporaba v obdobju brejosti, laktacije ali nesnosti</s>
<s id="s119.1">Lahko se uporablja v obdobju brejosti in laktacije.</s>
<s id="s120.1">4. 8 Medsebojno delovanje z drugimi zdravili in druge oblike interakcij</s>
<s id="s121.1">Zdravila ne smemo dajati hkrati z glukokortikosteroidi, drugimi nesteroidnimi protivnetnimi zdravili ali antikoagulansi.</s>
<s id="s122.1">4. 9 Odmerjanje in pot uporabe</s>
<s id="s123.1">Goveda:</s>
<s id="s123.2">Enkratna podkožna injekcija odmerka po 0, 5 mg meloksikama na kilogram telesne mase (to je 2, 5 ml/ 100 kg telesne mase), po potrebi v kombinaciji z antibiotičnim zdravljenjem ali s peroralno rehidracijsko terapijo.</s>
<s id="s124.1">Prašiči:</s>
<s id="s124.2">Enkratna intramuskularna injekcija odmerka po 0, 4 mg meloksikama na kilogram telesne mase (to je 2, 0 ml/ 100 kg telesne mase), po potrebi v kombinaciji z antibiotičnim zdravljenjem.</s>
<s id="s124.3">Če je potrebno, lahko po 24 urah damo še en odmerek meloksikama.</s>
<s id="s125.1">Pazite, da med uporabo ne bi prišlo do okužbe.</s>
<s id="s126.1">4. 10 Preveliko odmerjanje (simptomi, nujni ukrepi, protistrupi) (če je potrebno)</s>
<s id="s127.1">Pri prevelikem odmerjanju uvedemo simptomatsko zdravljenje.</s>
<s id="s128.1">7 4. 11 Karenca( e)</s>
<s id="s129.1">Goveda:</s>
<s id="s129.2">Meso in organi:</s>
<s id="s129.3">15 dni Mleko:</s>
<s id="s129.4">5 dni</s>
<s id="s130.1">Prašiči:</s>
<s id="s130.2">Meso in organi:</s>
<s id="s130.3">5 dni</s>
<s id="s131.1">5.</s>
<s id="s131.2">FARMAKOLOŠKE LASTNOSTI</s>
<s id="s132.1">Farmakoterapevtska skupina: protivnetna in protirevmatična zdravila, nesteroidna (oksikami) Oznaka ATCvet:</s>
<s id="s132.2">QM01AC06</s>
<s id="s133.1">5. 1 Farmakodinamične lastnosti</s>
<s id="s134.1">Meloksikam je nesteroidno protivnetno zdravilo iz skupine oksikamov.</s>
<s id="s134.2">Njegovo delovanje temelji na zaviranju tvorbe prostaglandinov.</s>
<s id="s134.3">Deluje protivnetno, antieksudativno, analgetično in antipiretično.</s>
<s id="s134.4">Zmanjša infiltracijo levkocitov v vneto tkivo.</s>
<s id="s134.5">V manjši meri zavira agregacijo trombocitov, ki jo povzroča kolagen.</s>
<s id="s134.6">Deluje tudi antiendotoksično, saj so dokazali, da zavira nastajanje tromboksana B2, izzvano z vnosom endotoksina E. coli pri teletih, kravah v obdobju laktacije in prašičih.</s>
<s id="s135.1">5. 2 Farmakokinetični podatki</s>
<s id="s136.1">Absorpcija Po enkratnem podkožnem odmerku meloksikama po 0, 5 mg/ kg je znašala Cmax pri mladih govedih in kravah v obdobju laktacije 2, 1 µg/ ml in 2, 7 µg/ ml po 7, 7 ure in 4 urah.</s>
<s id="s136.2">Po dveh intramuskularnih odmerkih meloksikama po 0, 4 mg/ kg je znašala Cmax pri prašičih po 1 uri 1, 9 µg/ ml.</s>
<s id="s137.1">Porazdelitev Več kot 98% meloksikama se veže na beljakovine v plazmi.</s>
<s id="s137.2">Njegova koncentracija je največja v jetrih in ledvicah.</s>
<s id="s137.3">Razmeroma majhne koncentracije so v skeletnih mišicah in maščevju.</s>
<s id="s138.1">Presnavljanje Meloksikam se pretežno nahaja v plazmi.</s>
<s id="s138.2">Pri govedih je tudi pomembna sestavina pri izločanju zdravila z mlekom in žolčem, medtem ko vsebuje urin samo sledi matične spojine.</s>
<s id="s138.3">Pri prašičih vsebujeta žolč in urin samo sledi matične spojine.</s>
<s id="s138.4">Meloksikam se presnavlja v alkohol, kisli derivat in več polarnih presnovkov.</s>
<s id="s138.5">Vsi pomembnejši presnovki so farmakološko neaktivni.</s>
<s id="s139.1">Izločanje Razpolovna doba izločanja meloksikama je po podkožni injekciji pri mladih govedih in kravah v obdobju laktacije 26 in 17, 5 ure.</s>
<s id="s140.1">Pri prašičih je srednja razpolovna doba izločanja po intramuskularnem dajanju približno 2, 5 ure.</s>
<s id="s141.1">Približno 50% vnesenega odmerka se izloči s sečem, preostanek pa z blatom.</s>
<s id="s142.1">8 6.</s>
<s id="s142.2">FARMACEVTSKI PODATKI</s>
<s id="s143.1">6. 1.</s>
<s id="s143.2">Seznam pomožnih snovi</s>
<s id="s144.1">- etanol</s>
<s id="s145.1">- poloksamer 188</s>
<s id="s146.1">- makrogol 300</s>
<s id="s147.1">- glicin</s>
<s id="s148.1">- dinatrijev edetat</s>
<s id="s149.1">- natrijev hidroksid</s>
<s id="s150.1">- klorovodikova kislina</s>
<s id="s151.1">- meglumin</s>
<s id="s152.1">- voda za injekcije</s>
<s id="s153.1">6. 2 Inkompatibilnosti</s>
<s id="s154.1">Navedba ni smiselna.</s>
<s id="s155.1">6. 3 Rok uporabnosti</s>
<s id="s156.1">Rok uporabnosti zdravila v pakiranju za prodajo (viale po 20, 50 ali 100 ml):</s>
<s id="s156.2">3 leta Rok uporabnosti zdravila v pakiranju za prodajo (viale po 250 ml):</s>
<s id="s156.3">2 leti Rok uporabnosti po prvem odpiranju neposredne ovojnine:</s>
<s id="s156.4">28 dni</s>
<s id="s157.1">6. 4.</s>
<s id="s157.2">Posebna navodila za shranjevanje</s>
<s id="s158.1">To zdravilo za uporabo v veterinarski medicini ne zahteva nobenih posebnih navodil za shranjevanje.</s>
<s id="s159.1">6. 5 Vrsta ovojnine in vsebina</s>
<s id="s160.1">Brezbarvne steklene injekcijske viale po 20, 50, 100 ali 250 ml, zaprte z gumijastim zamaškom in aluminijasto zaporko.</s>
<s id="s160.2">Ni nujno, da so v prometu vsa navedena pakiranja.</s>
<s id="s161.1">6. 6 Posebni varnostni ukrepi za odstranjevanje neporabljenega zdravila ali odpadnih snovi</s>
<s id="s162.1">Vsako neporabljeno zdravilo za uporabo v veterinarski medicini ali odpadne snovi, ki nastanejo iz teh zdravil, je treba odstraniti v skladu z lokalnimi predpisi.</s>
<s id="s163.1">7.</s>
<s id="s163.2">IMETNIK( I) DOVOLJENJ( A) ZA PROMET</s>
<s id="s164.1">Boehringer Ingelheim Vetmedica GmbH 55216 Ingelheim/ Rhein Nemčija</s>
<s id="s165.1">8.</s>
<s id="s165.2">ŠTEVILKA( E) DOVOLJENJ( A) ZA PROMET</s>
<s id="s166.1">EU/ 2/ 04/ 042/ 005 20 ml EU/ 2/ 04/ 042/ 003 50 ml EU/ 2/ 04/ 042/ 004 100 ml EU/ 2/ 04/ 042/ 006 250 ml</s>
<s id="s167.1">9 9.</s>
<s id="s167.2">DATUM PRIDOBITVE/ PODALJŠANJA DOVOLJENJA ZA PROMET</s>
<s id="s168.1">Datum pridobitve dovoljenja za promet:</s>
<s id="s168.2">02. 03. 2004 Datum podaljšanja dovoljenja za promet:</s>
<s id="s168.3">13. 01. 2009</s>
<s id="s169.1">10.</s>
<s id="s169.2">DATUM REVIZIJE BESEDILA</s>
<s id="s170.1">12. 03. 2009</s>
<s id="s171.1">Podrobne informacije o tem zdravilu za uporabo v veterinarski medicini so na voljo na spletni strani Evropske agencije za zdravila (European Medicines Agency, EMEA) http: // www. emea. europa. eu /.</s>
<s id="s172.1">PREPOVED PRODAJE, OSKRBE IN/ ALI UPORABE</s>
<s id="s173.1">Navedba ni smiselna.</s>
<s id="s174.1">10 DODATEK II</s>
<s id="s175.1">A.</s>
<s id="s175.2">IMETNIK DOVOLJENJA ZA IZDELAVO ZDRAVILA, ODGOVOREN ZA SPROŠČANJE SERIJE</s>
<s id="s176.1">B.</s>
<s id="s176.2">POGOJI DOVOLJENJA ZA PROMET Z ZDRAVILOM TER OMEJITVE GLEDE OSKRBE IN UPORABE</s>
<s id="s177.1">C.</s>
<s id="s177.2">POGOJI TER DOVOLJENJA ZA PROMET Z ZDRAVILOM TER OMEJITVE GLEDE VARNE IN UČINKOVITE UPORABE</s>
<s id="s178.1">D.</s>
<s id="s178.2">NAVEDBA NAJVIŠJIH DOVOLJENIH KOLIČIN ZAOSTANKOV ZDRAVILA (MRL)</s>
<s id="s179.1">11 Novem 5 mg/ ml, raztopina za injiciranje za goveda in prašiče</s>
<s id="s180.1">A.</s>
<s id="s180.2">IMETNIK DOVOLJENJA ZA IZDELAVO ZDRAVILA, ODGOVOREN ZA SPROŠČANJE SERIJE</s>
<s id="s181.1">Ime in naslov izdelovalca zdravila, odgovornega za sproščanje serije</s>
<s id="s182.1">Labiana Life Sciences S. A.</s>
<s id="s182.2">Venus, 26 Can Parellada Industrial 08228 Terrassa Španija</s>
<s id="s183.1">B.</s>
<s id="s183.2">POGOJI DOVOLJENJA ZA PROMET Z ZDRAVILOM TER OMEJITVE GLEDE OSKRBE IN UPORABE</s>
<s id="s184.1">Izdaja zdravila za uporabo v veterinarski medicini je le na recept.</s>
<s id="s185.1">C.</s>
<s id="s185.2">POGOJI DOVOLJENJA ZA PROMET Z ZDRAVILOM TER OMEJITVE GLEDE VARNE IN UČINKOVITE UPORABE</s>
<s id="s186.1">Navedba ni smiselna.</s>
<s id="s187.1">D.</s>
<s id="s187.2">NAVEDBA NAJVIŠJIH DOVOLJENIH KOLIČIN ZAOSTANKOV ZDRAVILA (MRL)</s>
<s id="s188.1">Odbor za zdravila za uporabo v veterinarski medicini priporoča vključitev mednarodnega nelastniškega imena Meloksikam v Dodatek I Uredbe Sveta (EGS) št.</s>
<s id="s188.2">2377/ 90 v skladu z naslednjo tabelo:</s>
<s id="s189.1">Farmakološko</s>
<s id="s190.1">Marker</s>
<s id="s191.1">Živalska</s>
<s id="s192.1">Najvišje</s>
<s id="s193.1">Ciljna tkiva</s>
<s id="s194.1">Druge določbe</s>
<s id="s195.1">aktivna snov</s>
<s id="s196.1">zaostanek</s>
<s id="s197.1">vrsta</s>
<s id="s198.1">dovoljene količine</s>
<s id="s199.1">zaostankov (MRL)</s>
<s id="s200.1">meloksikam meloksikam</s>
<s id="s201.1">goveda</s>
<s id="s202.1">20 µg/ kg 65 µg/ kg 65 µg/ kg 15 µg/ kg</s>
<s id="s203.1">mišice jetra ledvice mleko</s>
<s id="s204.1">prašiči</s>
<s id="s205.1">20 µg/ kg 65 µg/ kg 65 µg/ kg</s>
<s id="s206.1">mišice jetra ledvice</s>
<s id="s207.1">12 Dodatek II Uredbe Sveta (EGS) št.</s>
<s id="s207.2">2377/ 90:</s>
<s id="s208.1">Farmakološko aktivna snov</s>
<s id="s209.1">Živalska vrsta</s>
<s id="s210.1">Druge določbe</s>
<s id="s211.1">etanol1</s>
<s id="s212.1">vse živalske vrste za proizvodnjo živil</s>
<s id="s213.1">poloksamer 1882</s>
<s id="s214.1">vse živalske vrste za proizvodnjo živil</s>
<s id="s215.1">natrijev klorid 3</s>
<s id="s216.1">vse živalske vrste za proizvodnjo živil</s>
<s id="s217.1">glicin 4</s>
<s id="s218.1">vse živalske vrste za proizvodnjo živil</s>
<s id="s219.1">natrijev hidroksid 5</s>
<s id="s220.1">vse živalske vrste za proizvodnjo živil</s>
<s id="s221.1">voda za injekcije 6</s>
<s id="s222.1">vse živalske vrste za proizvodnjo živil</s>
<s id="s223.1">dušik 7</s>
<s id="s224.1">vse živalske vrste za proizvodnjo živil</s>
<s id="s225.1">Po mnenju Odbora pomožna snov glikofurol ni farmakološko aktivna v koncentraciji, v kateri jo vsebuje odmerek izdelka, namenjen za uporabo pri ciljni živalski vrsti.</s>
<s id="s225.2">Zato je v skladu s svojim nedavnim dokumentom o stališču o farmakološko aktivnih pomožnih snoveh mnenja, da zanj ni treba določiti najvišje dovoljene meje zaostankov.</s>
<s id="s226.1">N. B.</s>
<s id="s226.2">Meglumin v koncentraciji do 1, 5 mg/ kg telesne mase (koncentracije do 34, 75 mg/ ml) ni bil vključen v Uredbo Sveta 2377/ 90.</s>
<s id="s227.1">1 UL št.</s>
<s id="s227.2">L 143 z dne 27. 06. 95 2 UL št.</s>
<s id="s227.3">L 290 z dne 5. 12. 95 3 UL št.</s>
<s id="s227.4">L 290 z dne 5. 12. 95 4 UL št.</s>
<s id="s227.5">L 272 z dne 25. 10. 96 5 UL št.</s>
<s id="s227.6">L 272 z dne 25. 10. 96 6 UL št.</s>
<s id="s227.7">L 143 z dne 27. 06. 95 7 UL št.</s>
<s id="s227.8">L 272 z dne 25. 10. 96</s>
<s id="s228.1">13 Novem 20 mg/ ml, raztopina za injiciranje za goveda in prašiče</s>
<s id="s229.1">A.</s>
<s id="s229.2">IMETNIK DOVOLJENJA ZA IZDELAVO ZDRAVILA, ODGOVOREN ZA SPROŠČANJE SERIJE</s>
<s id="s230.1">Ime in naslov izdelovalca zdravila, odgovornega za sproščanje serije</s>
<s id="s231.1">Labiana Life Sciences S. A.</s>
<s id="s231.2">Venus, 26 Can Parellada Industrial 08228 Terrassa Španija</s>
<s id="s232.1">B.</s>
<s id="s232.2">POGOJI DOVOLJENJA ZA PROMET Z ZDRAVILOM TER OMEJITVE GLEDE OSKRBE IN UPORABE</s>
<s id="s233.1">Izdaja zdravila za uporabo v veterinarski medicini je le na recept.</s>
<s id="s234.1">C.</s>
<s id="s234.2">POGOJI DOVOLJENJA ZA PROMET Z ZDRAVILOM TER OMEJITVE GLEDE VARNE IN UČINKOVITE UPORABE</s>
<s id="s235.1">Navedba ni smiselna.</s>
<s id="s236.1">D.</s>
<s id="s236.2">NAVEDBA NAJVIŠJIH DOVOLJENIH KOLIČIN ZAOSTANKOV ZDRAVILA (MRL)</s>
<s id="s237.1">Odbor za zdravila za uporabo v veterinarski medicini priporoča vključitev meloksikama v Dodatek I Uredbe Sveta (EGS) št.</s>
<s id="s237.2">2377/ 90 v skladu z naslednjo tabelo:</s>
<s id="s238.1">Farmakološko</s>
<s id="s239.1">Marker</s>
<s id="s240.1">Živalska</s>
<s id="s241.1">Najvišje</s>
<s id="s242.1">Ciljna tkiva</s>
<s id="s243.1">Druge določbe</s>
<s id="s244.1">aktivna snov( i)</s>
<s id="s245.1">zaostanek</s>
<s id="s246.1">vrsta</s>
<s id="s247.1">dovoljene količine</s>
<s id="s248.1">zaostankov (MRL)</s>
<s id="s249.1">meloksikam meloksikam</s>
<s id="s250.1">goveda</s>
<s id="s251.1">20 µg/ kg 65 µg/ kg 65 µg/ kg 15 µg/ kg</s>
<s id="s252.1">mišice jetra ledvice mleko</s>
<s id="s253.1">prašiči</s>
<s id="s254.1">20 µg/ kg 65 µg/ kg 65 µg/ kg</s>
<s id="s255.1">mišice jetra ledvice</s>
<s id="s256.1">14 Dodatek II Uredbe Sveta (EGS) št.</s>
<s id="s256.2">2377/ 90:</s>
<s id="s257.1">Farmakološko aktivna snov( i)</s>
<s id="s258.1">Živalska vrsta</s>
<s id="s259.1">Druge določbe</s>
<s id="s260.1">etanol8</s>
<s id="s261.1">vse živalske vrste za proizvodnjo živil</s>
<s id="s262.1">poloksamer 1889</s>
<s id="s263.1">vse živalske vrste za proizvodnjo živil</s>
<s id="s264.1">makrogol 300</s>
<s id="s265.1">vse živalske vrste za proizvodnjo živil</s>
<s id="s266.1">glicin 10</s>
<s id="s267.1">vse živalske vrste za proizvodnjo živil</s>
<s id="s268.1">dinatrijev edetat</s>
<s id="s269.1">vse živalske vrste za proizvodnjo živil</s>
<s id="s270.1">natrijev hidroksid 11</s>
<s id="s271.1">vse živalske vrste za proizvodnjo živil</s>
<s id="s272.1">klorovodikova kislina</s>
<s id="s273.1">vse živalske vrste za proizvodnjo živil</s>
<s id="s274.1">voda za injekcije 12</s>
<s id="s275.1">vse živalske vrste za proizvodnjo živil</s>
<s id="s276.1">dušik 13</s>
<s id="s277.1">vse živalske vrste za proizvodnjo živil</s>
<s id="s278.1">N. B.</s>
<s id="s278.2">Meglumin v koncentraciji do 1, 5 mg/ kg telesne mase (koncentracije do 34, 75 mg/ ml) ni bil vključen v Uredbo Sveta 2377/ 90.</s>
<s id="s279.1">8 UL št.</s>
<s id="s279.2">L 143 z dne 27. 06. 95 9 UL št.</s>
<s id="s279.3">L 290 z dne 5. 12. 95 10 UL št.</s>
<s id="s279.4">L 272 z dne 25. 10. 96 11 UL št.</s>
<s id="s279.5">L 272 z dne 25. 10. 96 12 UL št.</s>
<s id="s279.6">L 143 z dne 27. 06. 95 13 UL št.</s>
<s id="s279.7">L 272 z dne 25. 10. 96</s>
<s id="s280.1">15 DODATEK III</s>
<s id="s281.1">OZNAČEVANJE IN NAVODILO ZA UPORABO</s>
<s id="s282.1">16 A.</s>
<s id="s282.2">OZNAČEVANJE</s>
<s id="s283.1">17 PODATKI NA ZUNANJI OVOJNINI</s>
<s id="s284.1">1.</s>
<s id="s284.2">IME ZDRAVILA ZA UPORABO V VETERINARSKI MEDICINI</s>
<s id="s285.1">Novem 5 mg/ ml, raztopina za injiciranje za goveda in prašiče Meloksikam</s>
<s id="s286.1">2.</s>
<s id="s286.2">NAVEDBA ZDRAVILNE UČINKOVINE IN DRUGIH SNOVI</s>
<s id="s287.1">Meloksikam</s>
<s id="s288.1">5 mg/ ml</s>
<s id="s289.1">3.</s>
<s id="s289.2">FARMACEVTSKA OBLIKA</s>
<s id="s290.1">Raztopina za injiciranje</s>
<s id="s291.1">4.</s>
<s id="s291.2">VELIKOST PAKIRANJA</s>
<s id="s292.1">100 ml 12 x 100 ml</s>
<s id="s293.1">5.</s>
<s id="s293.2">CILJNE ŽIVALSKE VRSTE</s>
<s id="s294.1">Goveda (teleta in mlada goveda) in prašiči</s>
<s id="s295.1">6.</s>
<s id="s295.2">INDIKACIJA( E)</s>
<s id="s296.1">Goveda:</s>
<s id="s296.2">Akutna okužba dihal Driska pri teletih, starejših od enega tedna, in mladih govedih, ki niso v obdobju laktacije</s>
<s id="s297.1">Prašiči:</s>
<s id="s297.2">Neinfekcijske lokomotorne motnje</s>
<s id="s298.1">7.</s>
<s id="s298.2">NAČIN IN POT( I) UPORABE</s>
<s id="s299.1">Goveda:</s>
<s id="s299.2">Enkratna podkožna injekcija</s>
<s id="s300.1">Prašiči:</s>
<s id="s300.2">Enkratna intramuskularna injekcija.</s>
<s id="s300.3">Po potrebi lahko odmerek po 24 urah ponovimo.</s>
<s id="s301.1">Pred uporabo preberite navodila za uporabo.</s>
<s id="s302.1">18 8.</s>
<s id="s302.2">KARENCA</s>
<s id="s303.1">Goveda: meso in organi:</s>
<s id="s303.2">15 dni</s>
<s id="s304.1">Prašiči: meso in organi:</s>
<s id="s304.2">5 dni</s>
<s id="s305.1">9.</s>
<s id="s305.2">DATUM IZTEKA ROKA UPORABNOSTI ZDRAVILA</s>
<s id="s306.1">EXP {mesec/ leto} Rok uporabnosti odprte viale:</s>
<s id="s306.2">28 dni.</s>
<s id="s307.1">10.</s>
<s id="s307.2">POSEBNA NAVODILA ZA SHRANJEVANJE</s>
<s id="s308.1">Shranjujte pri temperaturi do 25 ºC.</s>
<s id="s309.1">11.</s>
<s id="s309.2">POSEBNI VARNOSTNI UKREPI ZA ODSTRANJEVANJE NEPORABLJENEGA ZDRAVILA ALI ODPADNIH SNOVI, ČE OBSTAJAJO</s>
<s id="s310.1">Pred uporabo preberite navodila za uporabo.</s>
<s id="s311.1">12.</s>
<s id="s311.2">BESEDILO “ SAMO ZA ŽIVALI ” IN POGOJI ALI OMEJITVE GLEDE OSKRBE IN UPORABE, če je navedba smiselna</s>
<s id="s312.1">Samo za živali.</s>
<s id="s312.2">Oskeba le na podalgi veterinarskega recepta.</s>
<s id="s313.1">13.</s>
<s id="s313.2">BESEDILO “ ZDRAVILO SHRANJUJTE IZVEN DOSEGA IN POGLEDA OTROK ”</s>
<s id="s314.1">Zdravilo shranjujte izven dosega in pogleda otrok.</s>
<s id="s315.1">14.</s>
<s id="s315.2">IME IN NASLOV IMETNIKA DOVOLJENJA ZA PROMET Z ZDRAVILOM</s>
<s id="s316.1">Boehringer Ingelheim Vetmedica GmbH 55216 Ingelheim/ Rhein Nemčija</s>
<s id="s317.1">15.</s>
<s id="s317.2">ŠTEVILKE DOVOLJENJA ZA PROMET</s>
<s id="s318.1">EU/ 2/ 04/ 042/ 001 100 ml EU/ 2/ 04/ 042/ 002 12 x 100 ml</s>
<s id="s319.1">16.</s>
<s id="s319.2">IZDELOVALČEVA ŠTEVILKA SERIJE</s>
<s id="s320.1">Lot {številka}</s>
<s id="s321.1">19 PODATKI, KI MORAJO BITI NAJMANJ NAVEDENI NA MANJŠIH STIČNIH OVOJNINAH</s>
<s id="s322.1">1.</s>
<s id="s322.2">IME ZDRAVILA ZA UPORABO V VETERINARSKI MEDICINI</s>
<s id="s323.1">Novem 5 mg/ ml, raztopina za injiciranje za goveda in prašiče Meloksikam</s>
<s id="s324.1">2.</s>
<s id="s324.2">NAVEDBA ZDRAVILNE UČINKOVINE IN DRUGIH SNOVI</s>
<s id="s325.1">Meloksikam</s>
<s id="s326.1">5 mg/ ml</s>
<s id="s327.1">3.</s>
<s id="s327.2">VELIKOST PAKIRANJA</s>
<s id="s328.1">100 ml</s>
<s id="s329.1">4.</s>
<s id="s329.2">CILJNE ŽIVALSKE VRSTE</s>
<s id="s330.1">Goveda (teleta in mlada goveda) in prašiči</s>
<s id="s331.1">5.</s>
<s id="s331.2">NAČIN IN POT( I) UPORABE</s>
<s id="s332.1">Goveda: podkožna injekcija.</s>
<s id="s332.2">Prašiči: intramuskularna injekcija.</s>
<s id="s332.3">Pred uporabo preberite navodila za uporabo.</s>
<s id="s333.1">6.</s>
<s id="s333.2">KARENCA</s>
<s id="s334.1">Goveda: meso in organi:</s>
<s id="s334.2">15 dni</s>
<s id="s335.1">Prašiči: meso in organi:</s>
<s id="s335.2">5 dni</s>
<s id="s336.1">7.</s>
<s id="s336.2">DATUM IZTEKA ROKA UPORABNOSTI ZDRAVILA</s>
<s id="s337.1">EXP {mesec/ leto} Rok uporabnosti odprte viale:</s>
<s id="s337.2">28 dni.</s>
<s id="s337.3">Načeto zdravilo uporabite do …</s>
<s id="s338.1">8.</s>
<s id="s338.2">POSEBNA NAVODILA ZA SHRANJEVANJE</s>
<s id="s339.1">Shranjujte pri temperaturi do 25 °C.</s>
<s id="s340.1">20 9.</s>
<s id="s340.2">BESEDILO “ SAMO ZA ŽIVALI ” IN POGOJI ALI OMEJITVE GLEDE OSKRBE IN UPORABE, če je navedba smiselna</s>
<s id="s341.1">Samo za živali</s>
<s id="s342.1">10.</s>
<s id="s342.2">IME IN NASLOV IMETNIKA DOVOLJENJA ZA PROMET Z ZDRAVILOM</s>
<s id="s343.1">Boehringer Ingelheim Vetmedica GmbH Nemčija</s>
<s id="s344.1">11.</s>
<s id="s344.2">IZDELOVALČEVA ŠTEVILKA SERIJE</s>
<s id="s345.1">Lot {številka}</s>
<s id="s346.1">21 PODATKI NA ZUNANJI OVOJNINI</s>
<s id="s347.1">1.</s>
<s id="s347.2">IME ZDRAVILA ZA UPORABO V VETERINARSKI MEDICINI</s>
<s id="s348.1">Novem 20 mg/ ml, raztopina za injiciranje za goveda in prašiče Meloksikam</s>
<s id="s349.1">2.</s>
<s id="s349.2">NAVEDBA ZDRAVILNE UČINKOVINE IN DRUGIH SNOVI</s>
<s id="s350.1">Meloksikam</s>
<s id="s351.1">20 mg/ ml</s>
<s id="s352.1">3.</s>
<s id="s352.2">FARMACEVTSKA OBLIKA</s>
<s id="s353.1">Raztopina za injiciranje</s>
<s id="s354.1">4.</s>
<s id="s354.2">VELIKOST PAKIRANJA</s>
<s id="s355.1">20 ml 50 ml 100 ml 250 ml</s>
<s id="s356.1">5.</s>
<s id="s356.2">CILJNE ŽIVALSKE VRSTE</s>
<s id="s357.1">Goveda in prašiči</s>
<s id="s358.1">6.</s>
<s id="s358.2">INDIKACIJA( E)</s>
<s id="s359.1">Goveda:</s>
<s id="s359.2">Akutne okužbe dihal Driska pri teletih, starejših od enega tedna in mladih govedih, ki niso v obdobju laktacije Akutni mastitis</s>
<s id="s360.1">Prašiči:</s>
<s id="s360.2">Neinfekcijske lokomotorne motnje Puerperalna septikemija in toksemija (sindrom MMA), ob antibiotičnem zdravljenju</s>
<s id="s361.1">7.</s>
<s id="s361.2">NAČIN IN POT( I) UPORABE</s>
<s id="s362.1">Goveda:</s>
<s id="s362.2">Enkratna podkožna injekcija</s>
<s id="s363.1">Prašiči:</s>
<s id="s363.2">Enkratna intramuskularna injekcija.</s>
<s id="s363.3">Po potrebi lahko odmerek po 24 urah ponovimo.</s>
<s id="s364.1">Pred uporabo preberite navodila za uporabo.</s>
<s id="s365.1">22 8.</s>
<s id="s365.2">KARENCA</s>
<s id="s366.1">Goveda: meso in organi:</s>
<s id="s366.2">15 dni; mleko:</s>
<s id="s366.3">5 dni</s>
<s id="s367.1">Prašiči: meso in organi:</s>
<s id="s367.2">5 dni</s>
<s id="s368.1">9.</s>
<s id="s368.2">DATUM IZTEKA ROKA UPORABNOSTI ZDRAVILA</s>
<s id="s369.1">EXP {mesec/ leto} Rok uporabnosti odprte viale:</s>
<s id="s369.2">28 dni.</s>
<s id="s370.1">10.</s>
<s id="s370.2">POSEBNI VARNOSTNI UKREPI ZA ODSTRANJEVANJE NEPORABLJENEGA ZDRAVILA ALI ODPADNIH SNOVI, ČE OBSTAJAJO</s>
<s id="s371.1">Pred uporabo preberite navodila za uporabo.</s>
<s id="s372.1">11.</s>
<s id="s372.2">BESEDILO “ SAMO ZA ŽIVALI ” IN POGOJI ALI OMEJITVE GLEDE OSKRBE IN UPORABE, če je navedba smiselna</s>
<s id="s373.1">Samo za živali.</s>
<s id="s373.2">Oskrba le na podlagi veterinarskega recepta.</s>
<s id="s374.1">12.</s>
<s id="s374.2">BESEDILO “ ZDRAVILO SHRANJUJTE IZVEN DOSEGA IN POGLEDA OTROK ”</s>
<s id="s375.1">Zdravilo shranjujte izven dosega in pogleda otrok.</s>
<s id="s376.1">13.</s>
<s id="s376.2">IME IN NASLOV IMETNIKA DOVOLJENJA ZA PROMET Z ZDRAVILOM</s>
<s id="s377.1">Boehringer Ingelheim Vetmedica GmbH 55216 Ingelheim/ Rhein Nemčija</s>
<s id="s378.1">14.</s>
<s id="s378.2">ŠTEVILKE DOVOLJENJ ZA PROMET</s>
<s id="s379.1">EU/ 2/ 04/ 042/ 005 20 ml EU/ 2/ 04/ 042/ 003 50 ml EU/ 2/ 04/ 042/ 004 100 ml EU/ 2/ 04/ 042/ 006 250 ml</s>
<s id="s380.1">15.</s>
<s id="s380.2">IZDELOVALČEVA ŠTEVILKA SERIJE</s>
<s id="s381.1">Lot {številka}</s>
<s id="s382.1">23 PODATKI NA STIČNI OZ.</s>
<s id="s382.2">PRIMARNI OVOJNINI</s>
<s id="s383.1">1.</s>
<s id="s383.2">IME ZDRAVILA ZA UPORABO V VETERINARSKI MEDICINI</s>
<s id="s384.1">Novem 20 mg/ ml, raztopina za injiciranje za goveda in prašiče Meloksikam</s>
<s id="s385.1">2.</s>
<s id="s385.2">NAVEDBA ZDRAVILNE UČINKOVINE IN DRUGIH SNOVI</s>
<s id="s386.1">Meloksikam</s>
<s id="s387.1">20 mg/ ml</s>
<s id="s388.1">3.</s>
<s id="s388.2">VELIKOST PAKIRANJA</s>
<s id="s389.1">50 ml 100 ml 250 ml</s>
<s id="s390.1">4.</s>
<s id="s390.2">CILJNE ŽIVALSKE VRSTE</s>
<s id="s391.1">Goveda in prašiči</s>
<s id="s392.1">5.</s>
<s id="s392.2">NAČIN IN POT( I) UPORABE</s>
<s id="s393.1">Goveda: s. c. injekcija</s>
<s id="s394.1">Prašiči: i. m. injekcija</s>
<s id="s395.1">6.</s>
<s id="s395.2">KARENCA</s>
<s id="s396.1">Goveda: meso in organi:</s>
<s id="s396.2">15 dni; mleko:</s>
<s id="s396.3">5 dni</s>
<s id="s397.1">Prašiči: meso in organi:</s>
<s id="s397.2">5 dni</s>
<s id="s398.1">7.</s>
<s id="s398.2">POSEBNO( A) OPOZORILO( A), ČE JE/ SO POTREBNO( A)</s>
<s id="s399.1">Pred uporabo preberite navodila za uporabo.</s>
<s id="s400.1">8.</s>
<s id="s400.2">DATUM IZTEKA ROKA UPORABNOSTI ZDRAVILA</s>
<s id="s401.1">EXP {mesec/ leto} Rok uporabnosti odprte viale:</s>
<s id="s401.2">28 dni.</s>
<s id="s401.3">Načeto zdravilo uporabite do …</s>
<s id="s402.1">24 9.</s>
<s id="s402.2">BESEDILO “ SAMO ZA ŽIVALI ” IN POGOJI ALI OMEJITVE GLEDE OSKRBE IN UPORABE, če je navedba smiselna</s>
<s id="s403.1">Samo za živali.</s>
<s id="s404.1">10.</s>
<s id="s404.2">IME IN NASLOV IMETNIKA DOVOLJENJA ZA PROMET Z ZDRAVILOM</s>
<s id="s405.1">Boehringer Ingelheim Vetmedica GmbH Nemčija</s>
<s id="s406.1">11.</s>
<s id="s406.2">IZDELOVALČEVA ŠTEVILKA SERIJE</s>
<s id="s407.1">Lot {številka}</s>
<s id="s408.1">25 PODATKI, KI MORAJO BITI NAJMANJ NAVEDENI NA MANJŠIH STIČNIH OVOJNINAH</s>
<s id="s409.1">1.</s>
<s id="s409.2">IME ZDRAVILA ZA UPORABO V VETERINARSKI MEDICINI</s>
<s id="s410.1">Novem 20 mg/ ml, raztopina za injiciranje za goveda in prašiče Meloksikam</s>
<s id="s411.1">2.</s>
<s id="s411.2">KOLIČINA ZDRAVILNE( IH) UČINKOVIN( E)</s>
<s id="s412.1">Meloksikam</s>
<s id="s413.1">20 mg/ ml</s>
<s id="s414.1">3.</s>
<s id="s414.2">VSEBINA, IZRAŽENA Z MASO, PROSTORNINO ALI ŠTEVILOM ODMERKOV</s>
<s id="s415.1">20 ml</s>
<s id="s416.1">4.</s>
<s id="s416.2">POT( I) UPORABE ZDRAVILA</s>
<s id="s417.1">Goveda: s. c.</s>
<s id="s418.1">Prašiči: i. m.</s>
<s id="s419.1">5.</s>
<s id="s419.2">KARENCA</s>
<s id="s420.1">Goveda: meso in organi:</s>
<s id="s420.2">15 dni; mleko:</s>
<s id="s420.3">5 dni</s>
<s id="s421.1">Prašiči: meso in organi:</s>
<s id="s421.2">5 dni</s>
<s id="s422.1">6.</s>
<s id="s422.2">ŠTEVILKA SERIJE</s>
<s id="s423.1">Lot {številka}</s>
<s id="s424.1">7.</s>
<s id="s424.2">DATUM IZTEKA ROKA UPORABNOSTI ZDRAVILA</s>
<s id="s425.1">EXP {mesec/ leto} Rok uporabnosti odprte viale:</s>
<s id="s425.2">28 dni Načeto/ odprto zdravilo uporabite do …</s>
<s id="s426.1">8.</s>
<s id="s426.2">BESEDILO “ SAMO ZA ŽIVALI ”</s>
<s id="s427.1">Samo za živali.</s>
<s id="s428.1">26 B.</s>
<s id="s428.2">NAVODILO ZA UPORABO</s>
<s id="s429.1">27 NAVODILO ZA UPORABO</s>
<s id="s430.1">Novem 5 mg/ ml, raztopina za injiciranje za goveda in prašiče</s>
<s id="s431.1">1.</s>
<s id="s431.2">IME IN NASLOV IMETNIKA DOVOLJENJA ZA PROMET Z ZDRAVILOM TER IMETNIKA DOVOLJENJA ZA PROIZVODNJO ZDRAVILA, ODGOVORNEGA ZA SPROSTITEV SERIJ, ČE STA RAZLIČNA</s>
<s id="s432.1">Imetnik dovoljenja za promet z zdravilom Boehringer Ingelheim Vetmedica GmbH 55216 Ingelheim/ Rhein Nemčija</s>
<s id="s433.1">Izdelovalec Labiana Life Sciences S. A.</s>
<s id="s433.2">Venus, 26 Can Parellada Industrial 08228 Terrassa Španija</s>
<s id="s434.1">2.</s>
<s id="s434.2">IME ZDRAVILA ZA UPORABO V VETERINARSKI MEDICINI</s>
<s id="s435.1">Novem 5 mg/ ml, raztopina za injiciranje za goveda in prašiče Meloksikam</s>
<s id="s436.1">3.</s>
<s id="s436.2">NAVEDBA ZDRAVILNE UČINKOVINE IN DRUGIH SESTAVIN</s>
<s id="s437.1">Meloksikam</s>
<s id="s438.1">5 mg/ ml</s>
<s id="s439.1">Etanol</s>
<s id="s440.1">150 mg/ ml</s>
<s id="s441.1">4.</s>
<s id="s441.2">INDIKACIJA( E)</s>
<s id="s442.1">Goveda:</s>
<s id="s442.2">Za umirjanje kliničnih znakov pri akutnih okužbah dihal pri govedih ob ustreznem antibiotičnem zdravljenju.</s>
<s id="s442.3">Za umirjanje kliničnih znakov driske, v kombinaciji s peroralnim rehidracijskim zdravljenjem, pri teletih, starejših od enega tedna, in mladih govedih, ki niso v obdobju laktacije.</s>
<s id="s443.1">Prašiči:</s>
<s id="s443.2">Za ublažitev ohromelosti in vnetja pri neinfekcijskih lokomotornih motnjah.</s>
<s id="s444.1">5.</s>
<s id="s444.2">KONTRAINDIKACIJE</s>
<s id="s445.1">Ne uporabite pri živalih z motnjami jetrne, srčne ali ledvične funkcije in s hemoragičnimi motnjami ter pri dokazanih ulkusnih lezijah v prebavilih.</s>
<s id="s445.2">Ne uporabite v primeru preobčutljivosti na zdravilno učinkovino ali katero koli pomožno snov.</s>
<s id="s446.1">Pri zdravljenju driske pri govedih ne uporabite pri živalih, mlajših od enega tedna.</s>
<s id="s447.1">6.</s>
<s id="s447.2">NEŽELENI UČINKI</s>
<s id="s448.1">Prenašanje podkožnega in intramuskularnega dajanja je dobro; v kliničnih raziskavah so zasledili samo blago in prehodno oteklino na mestu podkožne injekcije, in sicer pri manj kot 10% goved.</s>
<s id="s449.1">Zelo redko se lahko pojavijo anafilaktoidne reakcije, ki jih je treba zdraviti simptomatsko.</s>
<s id="s450.1">28 Če opazite kakršne koli resne stranske učinke ali druge učinke, ki niso omenjeni v teh navodilih za uporabo, obvestite svojega veterinarja.</s>
<s id="s451.1">7.</s>
<s id="s451.2">CILJNE ŽIVALSKE VRSTE</s>
<s id="s452.1">Goveda (teleta in mlada goveda) in prašiči</s>
<s id="s453.1">8.</s>
<s id="s453.2">ODMERKI ZA POSAMEZNE ŽIVALSKE VRSTE TER POT( I) IN NAČIN UPORABE ZDRAVILA</s>
<s id="s454.1">Goveda:</s>
<s id="s454.2">Enkratna podkožna injekcija odmerka po 0, 5 mg meloksikama na kilogram telesne mase (to je 10, 0 ml/ 100 kg telesne mase), po potrebi v kombinaciji z antibiotičnim zdravljenjem ali s peroralno rehidracijsko terapijo.</s>
<s id="s455.1">Prašiči:</s>
<s id="s455.2">Enkratna intramuskularna injekcija odmerka po 0, 4 mg meloksikama na kilogram telesne mase (to je 2, 0 ml/ 25 kg telesne mase).</s>
<s id="s455.3">Če je potrebno, lahko po 24 urah damo še en odmerek meloksikama.</s>
<s id="s456.1">9.</s>
<s id="s456.2">NASVET O PRAVILNI UPORABI ZDRAVILA</s>
<s id="s457.1">Pazite, da med uporabo ne bi prišlo do okužbe.</s>
<s id="s458.1">10.</s>
<s id="s458.2">KARENCA</s>
<s id="s459.1">Goveda: meso in organi:</s>
<s id="s459.2">15 dni</s>
<s id="s460.1">Prašiči: meso in organi:</s>
<s id="s460.2">5 dni</s>
<s id="s461.1">11.</s>
<s id="s461.2">POSEBNA NAVODILA ZA SHRANJEVANJE</s>
<s id="s462.1">Zdravilo shranjujte izven dosega in pogleda otrok.</s>
<s id="s463.1">Shranjujte pri temperaturi do 25 °C.</s>
<s id="s464.1">Rok uporabnosti po prvem odpiranju vsebnika:</s>
<s id="s464.2">28 dni</s>
<s id="s465.1">Zdravila ne smete uporabljati po datumu izteka roka uporabnosti (EXP), navedenega na zunanji ovojnini in viali.</s>
<s id="s466.1">12.</s>
<s id="s466.2">POSEBNO( A) OPOZORIL( O) A</s>
<s id="s467.1">Previdnostni ukrepi za uporabo pri živalih Če se pojavijo neželeni učinki, je treba zdravljenje prekiniti in se posvetovati z veterinarjem.</s>
<s id="s467.2">Zaradi možne nevarnosti toksičnih učinkov na ledvice se dajanju zdravila izogibamo pri zelo dehidriranih, hipovolemičnih ali hipotenzivnih živalih, ki potrebujejo parenteralno rehidracijo,</s>
<s id="s468.1">29 Previdnostni ukrepi, ki jih mora izvajati oseba, ki daje zdravilo Nenamerno samoinjiciranje lahko povzroči bolečino.</s>
<s id="s468.2">Osebe z znano preobčutljivostjo za nesteroidna protivnetna zdravila (NSAID) naj se izogibajo stiku z zdravilom.</s>
<s id="s468.3">V primeru nenamernega samoinjiciranja se takoj posvetujte z zdravnikom in mu pokažite navodila za uporabo ali ovojnino.</s>
<s id="s469.1">Uporaba v obdobju brejosti in laktacije Goveda:</s>
<s id="s469.2">Lahko se uporablja v obdobju brejosti.</s>
<s id="s469.3">Prašiči:</s>
<s id="s469.4">Lahko se uporablja v obdobju brejosti in laktacije.</s>
<s id="s470.1">Interakcije Zdravila ne smete dajati hkrati z glukokortikosteroidi, drugimi nesteroidnimi protivnetnimi zdravili ali antikoagulansi.</s>
<s id="s471.1">Preveliko odmerjanje Pri prevelikem odmerjanju uvedite simptomatsko zdravljenje.</s>
<s id="s472.1">13.</s>
<s id="s472.2">POSEBNI VARNOSTNI UKREPI ZA ODSTRANJEVANJE NEPORABLJENEGA ZDRAVILA ALI ODPADNIH SNOVI, ČE OBSTAJAJO</s>
<s id="s473.1">Odpadne snovi je treba odstraniti v skladu z lokalnimi predpisi.</s>
<s id="s474.1">14.</s>
<s id="s474.2">DATUM ZADNJE ODOBRITVE NAVODIL ZA UPORABO</s>
<s id="s475.1">13. 01. 2009</s>
<s id="s476.1">Podrobne informacije o tem zdravilu za uporabo v veterinarski medicini so na voljo na spletni strani Evropske agencije za zdravila (European Medicines Agency, EMEA) http: // www. emea. europa. eu /.</s>
<s id="s477.1">15.</s>
<s id="s477.2">DRUGE INFORMACIJE</s>
<s id="s478.1">Kartonska škatla z 1 ali 12 brezbarvnimi steklenimi vialami po 100 ml.</s>
<s id="s478.2">Ni nujno, da so v prometu vsa navedena pakiranja.</s>
<s id="s479.1">30 NAVODILO ZA UPORABO</s>
<s id="s480.1">Novem 20 mg/ ml, raztopina za injiciranje za goveda in prašiče</s>
<s id="s481.1">1.</s>
<s id="s481.2">IME IN NASLOV IMETNIKA DOVOLJENJA ZA PROMET Z ZDRAVILOM TER IMETNIKA DOVOLJENJA ZA PROIZVODNJO ZDRAVILA, ODGOVORNEGA ZA SPROSTITEV SERIJ, ČE STA RAZLIČNA</s>
<s id="s482.1">Imetnik dovoljenja za promet z zdravilom Boehringer Ingelheim Vetmedica GmbH 55216 Ingelheim/ Rhein Nemčija</s>
<s id="s483.1">Izdelovalec Labiana Life Sciences S. A.</s>
<s id="s483.2">Venus, 26 Can Parellada Industrial 08228 Terrassa Španija</s>
<s id="s484.1">2.</s>
<s id="s484.2">IME ZDRAVILA ZA UPORABO V VETERINARSKI MEDICINI</s>
<s id="s485.1">Novem 20 mg/ ml, raztopina za injiciranje za goveda in prašiče Meloksikam</s>
<s id="s486.1">3.</s>
<s id="s486.2">NAVEDBA UČINKOVIN( E) IN DRUGE( IH) SESTAVIN( E)</s>
<s id="s487.1">Meloksikam</s>
<s id="s488.1">20 mg/ ml</s>
<s id="s489.1">Etanol</s>
<s id="s490.1">150 mg/ ml</s>
<s id="s491.1">4.</s>
<s id="s491.2">INDIKACIJA( E)</s>
<s id="s492.1">Goveda:</s>
<s id="s492.2">Za umirjanje kliničnih znakov pri akutnih okužbah dihal pri govedih ob ustreznem antibiotičnem zdravljenju.</s>
<s id="s492.3">Za umirjanje kliničnih znakov driske, v kombinaciji s peroralnim rehidracijskim zdravljenjem, pri teletih, starejših od enega tedna, in mladih govedih, ki niso v obdobju laktacije.</s>
<s id="s492.4">Za pomožno zdravljenje pri zdravljenju akutnega mastitisa, v kombinaciji z antibiotičnim zdravljenjem.</s>
<s id="s493.1">Prašiči:</s>
<s id="s493.2">Za ublažitev ohromelosti in vnetja pri neinfekcijskih lokomotornih motnjah.</s>
<s id="s493.3">Za pomožno zdravljenje pri zdravljenju puerperalne septikemije in toksemije (sindroma mastitisa, metritisa in agalaktije) ob ustreznem antibiotičnem zdravljenju.</s>
<s id="s494.1">5.</s>
<s id="s494.2">KONTRAINDIKACIJE</s>
<s id="s495.1">Ne uporabite pri živalih z motnjami jetrne, srčne ali ledvične funkcije in s hemoragičnimi motnjami ter pri dokazanih ulkusnih lezijah v prebavilih.</s>
<s id="s496.1">31 Ne uporabite v primeru preobčutljivosti na zdravilno učinkovino ali katero koli pomožno snov.</s>
<s id="s497.1">Pri zdravljenju driske pri govedih ne uporabite pri živalih, mlajših od enega tedna.</s>
<s id="s498.1">6.</s>
<s id="s498.2">NEŽELENI UČINKI</s>
<s id="s499.1">Prenašanje podkožnega in intramuskularnega dajanja je dobro; v kliničnih raziskavah so zasledili samo blago in prehodno oteklino na mestu podkožne injekcije, in sicer pri manj kot 10% goved.</s>
<s id="s500.1">Zelo redko se lahko pojavijo anafilaktoidne reakcije, ki jih je treba zdraviti simptomatsko.</s>
<s id="s501.1">Če opazite kakršne koli resne stranske učinke ali druge učinke, ki niso omenjeni v teh navodilih za uporabo, obvestite svojega veterinarja.</s>
<s id="s502.1">7.</s>
<s id="s502.2">CILJNE ŽIVALSKE VRSTE</s>
<s id="s503.1">Goveda in prašiči</s>
<s id="s504.1">8.</s>
<s id="s504.2">ODMERKI ZA POSAMEZNE ŽIVALSKE VRSTE TER POT( I) IN NAČIN UPORABE ZDRAVILA</s>
<s id="s505.1">Goveda:</s>
<s id="s505.2">Enkratna podkožna injekcija odmerka po 0, 5 mg meloksikama na kilogram telesne mase (to je 2, 5 ml/ 100 kg telesne mase), po potrebi v kombinaciji z antibiotičnim zdravljenjem ali s peroralno rehidracijsko terapijo.</s>
<s id="s506.1">Prašiči:</s>
<s id="s506.2">Enkratna intramuskularna injekcija odmerka po 0, 4 mg meloksikama na kilogram telesne mase (to je 2, 0 ml/ 100 kg telesne mase), po potrebi v kombinaciji z antibiotičnim zdravljenjem.</s>
<s id="s506.3">Če je potrebno, lahko po 24 urah damo še en odmerek meloksikama.</s>
<s id="s507.1">9.</s>
<s id="s507.2">NASVET O PRAVILNI UPORABI ZDRAVILA</s>
<s id="s508.1">Pazite, da med uporabo ne bi prišlo do okužbe.</s>
<s id="s509.1">10.</s>
<s id="s509.2">KARENCA</s>
<s id="s510.1">Goveda: meso in organi:</s>
<s id="s510.2">15 dni; mleko:</s>
<s id="s510.3">5 dni</s>
<s id="s511.1">Prašiči: meso in organi:</s>
<s id="s511.2">5 dni</s>
<s id="s512.1">11.</s>
<s id="s512.2">POSEBNA NAVODILA ZA SHRANJEVANJE</s>
<s id="s513.1">Zdravilo shranjujte izven dosega in pogleda otrok.</s>
<s id="s514.1">To zdravilo za uporabo v veterinarski medicini ne zahteva nobenih posebnih navodil za shranjevanje..</s>
<s id="s515.1">32 Zdravila ne smete uporabljati po datumu izteka roka uporabnosti (EXP), navedenega na zunanji ovojnini in viali.</s>
<s id="s516.1">Rok uporabnosti po prvem odpiranju vsebnika:</s>
<s id="s516.2">28 dni.</s>
<s id="s517.1">12.</s>
<s id="s517.2">POSEBNO( A) OPOZORIL( O) A</s>
<s id="s518.1">Previdnostni ukrepi za uporabo pri živalih Če se pojavijo neželene učinki, je treba zdravljenje prekiniti in se posvetovati z veterinarjem.</s>
<s id="s518.2">Zaradi možne nevarnosti toksičnih učinkov na ledvice se dajanju zdravila izogibamo pri zelo dehidriranih, hipovolemičnih ali hipotenzivnih živalih, ki potrebujejo parenteralno rehidracijo.</s>
<s id="s519.1">Previdnostni ukrepi, ki jih mora upoštevati oseba, ki daje zdravilo Nenamerno samoinjiciranje lahko povzroči bolečino.</s>
<s id="s519.2">Osebe z znano preobčutljivostjo za nesteroidna protivnetna zdravila (NSAID) naj se izogibajo stiku z zdravilom.</s>
<s id="s519.3">V primeru nenamernega samoinjiciranja se takoj posvetujte z zdravnikom in mu pokažite navodila za uporabo ali ovojnino.</s>
<s id="s520.1">Uporaba v obdobju brejosti in laktacije Lahko se uporablja v obdobju brejosti in laktacije.</s>
<s id="s521.1">Interakcije Zdravila ne smete dajati hkrati z glukokortikosteroidi, drugimi nesteroidnimi protivnetnimi zdravili ali antikoagulansi.</s>
<s id="s522.1">Preveliko odmerjanje Pri prevelikem odmerjanju uvedite simptomatsko zdravljenje.</s>
<s id="s523.1">13.</s>
<s id="s523.2">POSEBNI VARNOSTNI UKREPI ZA ODSTRANJEVANJE NEPORABLJENEGA ZDRAVILA ALI ODPADNIH SNOVI, ČE OBSTAJAJO</s>
<s id="s524.1">Odpadne snovi je treba odstraniti v skladu z lokalnimi predpisi.</s>
<s id="s525.1">14.</s>
<s id="s525.2">DATUM ZADNJE ODOBRITVE NAVODIL ZA UPORABO</s>
<s id="s526.1">12. 03. 2009</s>
<s id="s527.1">Podrobne informacije o tem zdravilu za uporabo v veterinarski medicini so na voljo na spletni strani Evropske agencije za zdravila (European Medicines Agency, EMEA) http: // www. emea. europa. eu /.</s>
<s id="s528.1">15.</s>
<s id="s528.2">DRUGE INFORMACIJE</s>
<s id="s529.1">Injekcijske viale po 20, 50, 100 ali 250 ml.</s>
<s id="s529.2">Ni nujno, da so v prometu vsa navedena pakiranja.</s>
<s id="s530.1">33</s>
</body>
</letsmt>
