<?xml version="1.0" encoding="utf-8"?>
<letsmt version="1.0">
<head></head>
<body>
<s id="s1.1">European Medicines Agency Veterinary Medicines</s>
<s id="s2.1">EMEA/ V/ C/ 141</s>
<s id="s3.1">EVROPSKO JAVNO POROČILO O OCENI ZDRAVILA (EPAR)</s>
<s id="s4.1">LOXICOM</s>
<s id="s5.1">Povzetek EPAR za javnost</s>
<s id="s6.1">Ta dokument je povzetek evropskega javnega poročila o oceni zdravila (EPAR).</s>
<s id="s6.2">Njegov namen je pojasniti, kako je Odbor za zdravila za uporabo v veterinarski medicini (CVMP) ocenil predloženo dokumentacijo, na podlagi katere je oblikoval priporočila glede uporabe zdravila.</s>
<s id="s6.3">Ta dokument ne more nadomestiti osebnega pogovora z veterinarjem.</s>
<s id="s6.4">Če potrebujete več informacij o zdravstvenem stanju ali zdravljenju svoje živali, se posvetujte z veterinarjem.</s>
<s id="s6.5">Če želite več informacij, ki temeljijo na priporočilih CVMP, preberite znanstveno razpravo (ki je prav tako del EPAR).</s>
<s id="s7.1">Kaj je zdravilo Loxicom?</s>
<s id="s8.1">Zdravilo Loxicom je na voljo v obliki bledo rumene peroralne suspenzije, ki se daje s hrano ali neposredno v usta psa, ali v obliki bledo rumene raztopine za injiciranje, ki se uporablja pri psih in mačkah.</s>
<s id="s8.2">Zdravilo Loxicom vsebuje zdravilno učinkovino meloksikam v jakosti 0, 5 mg/ ml ali 1, 5 mg/ ml pri peroralni suspenziji in v jakosti 5 mg/ ml pri raztopini za injiciranje.</s>
<s id="s8.3">Zdravilo Loxicom je generično zdravilo, kar pomeni, da je podobno referenčnemu veterinarskemu zdravilu, ki je že odobreno v EU (zdravilu Metacam 1, 5 mg/ ml peroralna suspenzija).</s>
<s id="s8.4">Za dokazovanje biološke enakovrednosti zdravila Loxicom z referenčnim veterinarskim zdravilom so bile izvedene ustrezne študije, kar pomeni, da je zdravilo Loxicom enakovredno zdravilu Metacam 1, 5 mg/ ml suspenzija, in sicer po tem, kako ga telo absorbira in uporablja.</s>
<s id="s9.1">Za kaj se zdravilo Loxicom uporablja?</s>
<s id="s10.1">Zdravilo Loxicom se uporablja pri psih za lajšanje vnetja in bolečin pri kostno- mišičnih obolenjih.</s>
<s id="s10.2">Lahko se uporablja tako za akutna obolenja, do katerih pride ob poškodbi, kot tudi za kronična (dolgotrajna) obolenja.</s>
<s id="s10.3">Raztopina za injiciranje se uporablja pri psih tudi za lajšanje bolečin in vnetja po ortopedskih operacijah ali kirurških posegih na mehkih tkivih, ali pri mačkah za lajšanje bolečin po ovariohisterektomiji (kastriranju) in manjših kirurških posegih na mehkih tkivih.</s>
<s id="s11.1">Kako zdravilo Loxicom deluje?</s>
<s id="s12.1">Zdravilo Loxicom vsebuje meloksikam, ki spada v skupino zdravil, ki jim pravimo nesteroidna protivnetna zdravila (NSAID).</s>
<s id="s12.2">Meloksikam učinkuje tako, da zavira sintezo prostaglandinov.</s>
<s id="s12.3">Prostaglandini so snovi, ki povzročajo vnetje, bolečino, izločanje tekočine in zvišano telesno temperaturo, meloksikam pa zmanjšuje obseg teh odzivov.</s>
<s id="s13.1">Kako je bila raziskana učinkovitost zdravila Loxicom?</s>
<s id="s14.1">V študiji so preučevali absorbiranje zdravila Loxicom ter njegove učinke na telo v primerjavi z zdravilom Metacam 1, 5 mg/ ml peroralna suspenzija.</s>
<s id="s14.2">7 Westferry Circus, Canary Wharf, London E14 4HB, UK Tel.</s>
<s id="s14.3">(44- 20) 74 18 84 00 Fax (44- 20) 74 18 84 47 E- mail: mail@ emea. europa. eu http: // www. emea. europa. eu ©EMEA European Medicines Agency, 2009.</s>
<s id="s14.4">Reproduction is authorised provided the source is acknowledged.</s>
<s id="s14.5">Kakšni so neželeni učinki zdravila Loxicom?</s>
<s id="s15.1">Občasni neželeni učinki zdravila Loxicom so enaki kot pri drugih nesteroidnih protivnetnih zdravilih in obsegajo izgubo teka, bruhanje, drisko, kri v blatu, ledvično odpoved in apatijo (pomanjkanje vitalnosti).</s>
<s id="s15.2">Ti neželeni učinki se običajno pojavijo v prvem tednu zdravljenja in so navadno začasni ter izzvenijo ob prenehanju zdravljenja.</s>
<s id="s15.3">V zelo redkih primerih so lahko resni ali povzročijo smrtni izid.</s>
<s id="s16.1">Pri uporabi raztopine za injiciranje se lahko v zelo redkih primerih pojavijo anafilaktične (preobčutlivostne, alergične) reakcije, ki jih je treba zdraviti simptomatsko.</s>
<s id="s17.1">Kakšne previdnostne ukrepe mora upoštevati oseba, ki daje zdravilo ali pride v stik z živaljo?</s>
<s id="s18.1">Osebe, ki so preobčutljive za (alergične na) nesteroidna protivnetna zdravila, naj se izogibajo stiku z zdravilom Loxicom.</s>
<s id="s18.2">Če oseba zaužije zdravilo nenamerno, se je treba nemudoma posvetovati z zdravnikom.</s>
<s id="s18.3">V primeru nenamernega zaužitja ali samoinjiciranja se takoj posvetujte z zdravnikom in mu pokažite navodilo za uporabo ali ovojnino.</s>
<s id="s19.1">Zakaj je bilo zdravilo Loxicom odobreno?</s>
<s id="s20.1">Odbor za zdravila za uporabo v veterinarski medicini (CVMP) je menil, da se je zdravilo Loxicom v skladu z zahtevami Evropske unije izkazalo kot biološko enakovredno zdravilu Metacam 1, 5 mg/ ml peroralna suspenzija.</s>
<s id="s20.2">CVMP je zato menil, da so koristi zdravila Loxicom, tako kot pri zdravilu Metacam 1, 5 mg/ ml peroralna suspenzija, večje od z njim povezanih tveganj pri zdravljenju vnetij ali bolečin v mišicah ali sklepih pri psih, ter je priporočil, da se za zdravilo Loxicom odobri dovoljenje za promet.</s>
<s id="s20.3">Zdravilo Loxicom raztopina za injiciranje je bilo zasnovano tako, da je podobno zdravilu Metacam raztopina za injiciranje.</s>
<s id="s20.4">Razmerje med koristmi in tveganji lahko najdete v modulu 6 tega evropskega javnega poročila o oceni zdravila (EPAR).</s>
<s id="s21.1">Druge informacije o zdravilu Loxicom:</s>
<s id="s22.1">Evropska komisija je dovoljenje za promet z zdravilom Loxicom, veljavno po vsej Evropski uniji, odobrila družbi Norbrook Laboratories Limited dne 10 / 02 / 2009.</s>
<s id="s22.2">Podatki o predpisovanju tega zdravila so navedeni na nalepki na škatli zdravila.</s>
<s id="s23.1">Povzetek je bil nazadnje posodobljen: februarju 2009</s>
<s id="s24.1">str.</s>
<s id="s24.2">2/ 2 ©EMEA 2009</s>
</body>
</letsmt>
