<?xml version="1.0" encoding="utf-8"?>
<letsmt version="1.0">
<head></head>
<body>
<s id="s1.1">European Medicines Agency</s>
<s id="s2.1">9. avgust 2005 EMEA/ CHMP/ 289490/ 2005</s>
<s id="s3.1">ODBOR ZA ZDRAVILA ZA UPORABO V HUMANI MEDICINI (CHMP)</s>
<s id="s4.1">POVZETEK INFORMACIJ O MNENJU V ZVEZI Z NAPOTITVIJO PO ARBITRAŽNEM POSTOPKU V SKLADU S LENOM 30 DIREKTIVE SVETA 2001/ 83/ ES Č Calcium Sandoz in sorodna imena Mednarodno nelastniško ime (INN):</s>
<s id="s4.2">Kalcijev laktat glukonat, kalcijev karbonat</s>
<s id="s5.1">OSNOVNE INFORMACIJE</s>
<s id="s6.1">Kalcij je esencialni mineral, ki je nujno potreben za tvorbo in vzdrževanje kosti, ravnovesje elektrolitov v telesu in za ustrezno delovanje številnih regulatornih mehanizmov.</s>
<s id="s7.1">Zdravila, ki vsebujejo kalcijev laktat glukonat in kalcijev karbonat so bila odobrena po nacionalnih postopkih v državah lanicah EU, zaradi esar je nastalo več različic povzetka glavnih značilnosti</s>
<s id="s8.1">č</s>
<s id="s9.1">č</s>
<s id="s10.1">zdravila, ki temeljijo na posameznih nacionalnih odločbah.</s>
<s id="s10.2">Novartis Consumer Health SA je EMEA predložil napotitev po lenu 30 Direktive 2001/ 83/ ES, da bi č uskladil nacionalne povzetke glavnih značilnosti zdravila Calcium Sandoz šumeče tablete, 500/ 1000 mg in sorodna imena ter dodatno uskladil farmacevtsko dokumentacijo.</s>
<s id="s10.3">Imetnik dovoljenja za promet z zdravilom je 22. septembra 2004 predložil dokumentacijo v CTD formatu in predlog usklajenega povzetka glavnih značilnosti zdravila.</s>
<s id="s10.4">Napotitveni postopek se je začel 21. oktobra 2004.</s>
<s id="s10.5">Ob upoštevanju poročil o oceni, ki sta jih podala poročevalec in so- poročevalec, ter znanstvene razprave znotraj Odbora, je CHMP menil, da je razmerje med koristmi in tveganji za Calcium Sandoz šumeče tablete, 500/ 1000 mg in sorodna imena ugodno.</s>
<s id="s10.6">CHMP je 21. aprila 2005 izdal pozitivno mnenje ter predlagal uskladitev povzetka glavnih značilnosti zdravila Calcium Sandoz šumeče tablete, 500/ 1000 mg in sorodna imena za naslednje odobrene terapevtske indikacije:</s>
<s id="s11.1">- preprečevanje in zdravljenje pomanjkanja kalcija</s>
<s id="s12.1">- dodatek kalcija kot dopolnilo specifični terapiji pri preprečevanju in zdravljenju</s>
<s id="s13.1">osteoporoze</s>
<s id="s14.1">- pri rahitisu in osteomalaciji kot dodatek zdravljenju z vitaminom D3</s>
<s id="s15.1">Celoten povzetek znanstvenega vrednotenja je na voljo v Dodatku II skupaj z usklajenim povzetkom glavnih značilnosti zdravila v Dodatku III.</s>
<s id="s15.2">Odločbo je Evropska Komisija izdala 9. avgusta 2005.</s>
<s id="s16.1">7 Westferry Circus, Canary Wharf, London, E14 4HB, UK Tel.</s>
<s id="s16.2">(44- 20) 74 18 84 00 Fax (44- 20) 74 18 86 13 E- mail: mail@ emea. eu. int http: // www. emea. eu. int EMEA 2005 Reproduction and/ or distribution of this document is authorised for non commercial purposes only provided the EMEA is acknowledged </s>
</body>
</letsmt>
