<?xml version="1.0" encoding="utf-8"?>
<text>
<head id="1">
<s id="s1.1">
 <w id="w1.1.1">Številka</w> 
 <w id="w1.1.2">EU</w>
</s></head>

<head id="2">
<s id="s2.1">
 <w id="w2.1.1">Zaščiteno</w> 
 <w id="w2.1.2">ime</w>
</s></head>

<head id="3">
<s id="s3.1">
 <w id="w3.1.1">Jakost</w>
</s></head>

<head id="4">
<s id="s4.1">
 <w id="w4.1.1">Farmacevtska</w> 
 <w id="w4.1.2">oblika</w>
</s></head>

<head id="5">
<s id="s5.1">
 <w id="w5.1.1">Pot</w> 
 <w id="w5.1.2">uporabe</w>
</s></head>

<head id="6">
<s id="s6.1">
 <w id="w6.1.1">Ovojnina</w>
</s></head>

<head id="7">
<s id="s7.1">
 <w id="w7.1.1">Vsebina</w>
</s></head>

<head id="8">
<s id="s8.1">
 <w id="w8.1.1">Velikost</w> 
 <w id="w8.1.2">pakiranja</w>
</s></head>

<head id="9">
<s id="s9.1">
 <w id="w9.1.1">EU/</w>
 <w id="w9.1.2">1/</w>
 <w id="w9.1.3">96/</w>
 <w id="w9.1.4">020/</w>
 <w id="w9.1.5">01</w>
</s></head>

<head id="10">
<s id="s10.1">
 <w id="w10.1.1">Ambirix</w>
</s></head>

<p id="11">
<s id="s11.1">
 <w id="w11.1.1">*</w>
</s></p>

<p id="12">
<s id="s12.1">
 <w id="w12.1.1">suspenzija</w> 
 <w id="w12.1.2">za</w> 
 <w id="w12.1.3">injiciranje</w>
</s></p>

<p id="13">
<s id="s13.1">
 <w id="w13.1.1">intramuskularna</w>   
 <w id="w13.1.2">uporaba</w>
</s></p>

<p id="14">
<s id="s14.1">
 <w id="w14.1.1">napolnjena</w> 
 <w id="w14.1.2">injekcijska</w>   
 <w id="w14.1.3">brizga</w> 
 <w id="w14.1.4">(</w>
 <w id="w14.1.5">steklena</w>
 <w id="w14.1.6">)</w>
</s></p>

<head id="15">
<s id="s15.1">
 <w id="w15.1.1">1</w> 
 <w id="w15.1.2">ml</w>
</s></head>

<p id="16">
<s id="s16.1">
 <w id="w16.1.1">1</w> 
 <w id="w16.1.2">napolnjena</w> 
 <w id="w16.1.3">injekcijska</w> 
 <w id="w16.1.4">brizga</w> 
 <w id="w16.1.5">brez</w> 
 <w id="w16.1.6">injekcijske</w> 
 <w id="w16.1.7">igle</w>
</s></p>

<head id="17">
<s id="s17.1">
 <w id="w17.1.1">EU/</w>
 <w id="w17.1.2">1/</w>
 <w id="w17.1.3">96/</w>
 <w id="w17.1.4">020/</w>
 <w id="w17.1.5">02</w>
</s></head>

<head id="18">
<s id="s18.1">
 <w id="w18.1.1">Ambirix</w>
</s></head>

<p id="19">
<s id="s19.1">
 <w id="w19.1.1">*</w>
</s></p>

<p id="20">
<s id="s20.1">
 <w id="w20.1.1">suspenzija</w> 
 <w id="w20.1.2">za</w> 
 <w id="w20.1.3">injiciranje</w>
</s></p>

<p id="21">
<s id="s21.1">
 <w id="w21.1.1">intramuskularna</w>   
 <w id="w21.1.2">uporaba</w>
</s></p>

<p id="22">
<s id="s22.1">
 <w id="w22.1.1">napolnjena</w> 
 <w id="w22.1.2">injekcijska</w>   
 <w id="w22.1.3">brizga</w> 
 <w id="w22.1.4">(</w>
 <w id="w22.1.5">steklena</w>
 <w id="w22.1.6">)</w>
</s></p>

<head id="23">
<s id="s23.1">
 <w id="w23.1.1">1</w> 
 <w id="w23.1.2">ml</w>
</s></head>

<p id="24">
<s id="s24.1">
 <w id="w24.1.1">1</w> 
 <w id="w24.1.2">napolnjena</w> 
 <w id="w24.1.3">injekcijska</w> 
 <w id="w24.1.4">brizga</w> 
 <w id="w24.1.5">z</w> 
 <w id="w24.1.6">injekcijsko</w> 
 <w id="w24.1.7">iglo</w>
</s></p>

<head id="25">
<s id="s25.1">
 <w id="w25.1.1">EU/</w>
 <w id="w25.1.2">1/</w>
 <w id="w25.1.3">96/</w>
 <w id="w25.1.4">020/</w>
 <w id="w25.1.5">03</w>
</s></head>

<head id="26">
<s id="s26.1">
 <w id="w26.1.1">Ambirix</w>
</s></head>

<p id="27">
<s id="s27.1">
 <w id="w27.1.1">*</w>
</s></p>

<p id="28">
<s id="s28.1">
 <w id="w28.1.1">suspenzija</w> 
 <w id="w28.1.2">za</w> 
 <w id="w28.1.3">injiciranje</w>
</s></p>

<p id="29">
<s id="s29.1">
 <w id="w29.1.1">intramuskularna</w>   
 <w id="w29.1.2">uporaba</w>
</s></p>

<p id="30">
<s id="s30.1">
 <w id="w30.1.1">napolnjena</w> 
 <w id="w30.1.2">injekcijska</w>   
 <w id="w30.1.3">brizga</w> 
 <w id="w30.1.4">(</w>
 <w id="w30.1.5">steklena</w>
 <w id="w30.1.6">)</w>
</s></p>

<head id="31">
<s id="s31.1">
 <w id="w31.1.1">1</w> 
 <w id="w31.1.2">ml</w>
</s></head>

<p id="32">
<s id="s32.1">
 <w id="w32.1.1">10</w> 
 <w id="w32.1.2">napolnjenih</w> 
 <w id="w32.1.3">injekcijskih</w> 
 <w id="w32.1.4">brizg</w> 
 <w id="w32.1.5">brez</w> 
 <w id="w32.1.6">injekcijskih</w> 
 <w id="w32.1.7">igel</w>
</s></p>

<head id="33">
<s id="s33.1">
 <w id="w33.1.1">EU/</w>
 <w id="w33.1.2">1/</w>
 <w id="w33.1.3">96/</w>
 <w id="w33.1.4">020/</w>
 <w id="w33.1.5">04</w>
</s></head>

<head id="34">
<s id="s34.1">
 <w id="w34.1.1">Ambirix</w>
</s></head>

<p id="35">
<s id="s35.1">
 <w id="w35.1.1">*</w>
</s></p>

<p id="36">
<s id="s36.1">
 <w id="w36.1.1">suspenzija</w> 
 <w id="w36.1.2">za</w> 
 <w id="w36.1.3">injiciranje</w>
</s></p>

<p id="37">
<s id="s37.1">
 <w id="w37.1.1">intramuskularna</w>   
 <w id="w37.1.2">uporaba</w>
</s></p>

<p id="38">
<s id="s38.1">
 <w id="w38.1.1">napolnjena</w> 
 <w id="w38.1.2">injekcijska</w>   
 <w id="w38.1.3">brizga</w> 
 <w id="w38.1.4">(</w>
 <w id="w38.1.5">steklena</w>
 <w id="w38.1.6">)</w>
</s></p>

<head id="39">
<s id="s39.1">
 <w id="w39.1.1">1</w> 
 <w id="w39.1.2">ml</w>
</s></head>

<p id="40">
<s id="s40.1">
 <w id="w40.1.1">10</w> 
 <w id="w40.1.2">napolnjenih</w> 
 <w id="w40.1.3">injekcijskih</w> 
 <w id="w40.1.4">brizg</w> 
 <w id="w40.1.5">z</w> 
 <w id="w40.1.6">injekcijskimi</w> 
 <w id="w40.1.7">iglami</w>
</s></p>

<head id="41">
<s id="s41.1">
 <w id="w41.1.1">EU/</w>
 <w id="w41.1.2">1/</w>
 <w id="w41.1.3">96/</w>
 <w id="w41.1.4">020/</w>
 <w id="w41.1.5">05</w>
</s></head>

<head id="42">
<s id="s42.1">
 <w id="w42.1.1">Ambirix</w>
</s></head>

<p id="43">
<s id="s43.1">
 <w id="w43.1.1">*</w>
</s></p>

<p id="44">
<s id="s44.1">
 <w id="w44.1.1">suspenzija</w> 
 <w id="w44.1.2">za</w> 
 <w id="w44.1.3">injiciranje</w>
</s></p>

<p id="45">
<s id="s45.1">
 <w id="w45.1.1">intramuskularna</w>   
 <w id="w45.1.2">uporaba</w>
</s></p>

<p id="46">
<s id="s46.1">
 <w id="w46.1.1">napolnjena</w> 
 <w id="w46.1.2">injekcijska</w>   
 <w id="w46.1.3">brizga</w> 
 <w id="w46.1.4">(</w>
 <w id="w46.1.5">steklena</w>
 <w id="w46.1.6">)</w>
</s></p>

<head id="47">
<s id="s47.1">
 <w id="w47.1.1">1</w> 
 <w id="w47.1.2">ml</w>
</s></head>

<p id="48">
<s id="s48.1">
 <w id="w48.1.1">50</w> 
 <w id="w48.1.2">napolnjenih</w> 
 <w id="w48.1.3">injekcijskih</w> 
 <w id="w48.1.4">brizg</w> 
 <w id="w48.1.5">brez</w> 
 <w id="w48.1.6">injekcijskih</w> 
 <w id="w48.1.7">igel</w>
</s></p>

<p id="49">
<s id="s49.1">
 <w id="w49.1.1">*</w>
</s></p>

<p id="50">
<s id="s50.1">
 <w id="w50.1.1">inaktivirani</w> 
 <w id="w50.1.2">virus</w> 
 <w id="w50.1.3">hepatitisa</w> 
 <w id="w50.1.4">A</w>                     
 <w id="w50.1.5">površinski</w> 
 <w id="w50.1.6">antigen</w> 
 <w id="w50.1.7">virusa</w> 
 <w id="w50.1.8">hepatitisa</w> 
 <w id="w50.1.9">B</w> 
 <w id="w50.1.10">(</w>
 <w id="w50.1.11">rDNA</w>
 <w id="w50.1.12">)</w>
</s></p>

<head id="51">
<s id="s51.1">
 <w id="w51.1.1">720</w> 
 <w id="w51.1.2">ELISA</w> 
 <w id="w51.1.3">enot</w> 
 <w id="w51.1.4">20</w> 
 <w id="w51.1.5">µg</w>
</s></head>

<p id="52">
<s id="s52.1">
 <w id="w52.1.1">1/</w>
 <w id="w52.1.2">1</w>
</s></p></text>
