<?xml version="1.0" encoding="utf-8"?>
<letsmt version="1.0">
<head></head>
<body>
<s id="s1.1">European Medicines Agency Evaluation of Medicines for Human Use</s>
<s id="s2.1">London, 8. oktober 2008 Sklic dok.:</s>
<s id="s2.2">EMEA/ CHMP/ 556329/ 2008</s>
<s id="s3.1">ODBOR ZA ZDRAVILA ZA UPORABO V HUMANI MEDICINI (CHMP)</s>
<s id="s4.1">MNENJE V ZVEZI Z NAPOTITVIJO V SKLADU S ČLENOM 30 ZA Risperdal in z njim povezana imena</s>
<s id="s5.1">Mednarodno nelastniško ime (INN): risperidon</s>
<s id="s6.1">OSNOVNE INFORMACIJE</s>
<s id="s7.1">Zdravilo Risperdal in z njim povezana imena je antipsihotično zdravilo, indicirano za zdravljenje shizofrenije, manične epizode, povezane z bipolarnimi motnjami, persistentne agresivnosti pri bolnikih z zmerno do hudo Alzheimerjevo demenco in zdravljenje persistentne agresivnosti pri otrocih z vedenjskimi motnjami.</s>
<s id="s7.2">Zdravilo je na voljo v obliki filmsko obloženih orodisperzibilnih (hitro razkrajajočih se) tablet in peroralne raztopine.</s>
<s id="s8.1">Evropska komisija je dne 24. julija 2007 agenciji EMEA predložila napotitev v skladu s členom 30 Direktive 2001/ 83/ ES, kakor je bila spremenjena, da bi uskladila nacionalno odobrene povzetke glavnih značilnosti zdravila, označevanje in navodilo za uporabo zdravila Risperdal in z njim povezana imena.</s>
<s id="s9.1">Osnova za napotitev so bile razlike med povzetki glavnih značilnosti zdravila Risperdal in z njim povezanih imen v državah članicah EU pri indikacijah, odmerjanju in načinu uporabe, kontraindikacijah, posebnih opozorilih in previdnostnih ukrepih ter medsebojnem delovanju z drugimi zdravili in drugih vrstah interakcij.</s>
<s id="s10.1">To zdravilo spada na seznam zdravil, katerih povzetke glavnih značilnosti zdravila je treba po ugotovitvah iz leta 2007 uskladiti.</s>
<s id="s11.1">Postopek se je začel 20. septembra 2007.</s>
<s id="s11.2">Imetnik dovoljenja za promet z zdravilom je priskrbel dodatne informacije 28. januarja 2008 in 28. aprila 2008.</s>
<s id="s12.1">CHMP je med zasedanjem julija 2008 glede na vse predložene podatke in znanstveno razpravo v Odboru sprejel mnenje, da je predlog za uskladitev povzetkov glavnih značilnosti zdravila, označevanja in navodila za uporabo sprejemljiv in da bi bilo treba navedene dokumente spremeniti.</s>
<s id="s13.1">V CHMP so podali pozitivno mnenje 24. julija 2008, s katerim so priporočili uskladitev povzetkov glavnih značilnosti zdravila, označevanja in navodila za uporabo za zdravilo Risperdal in z njim povezana imena.</s>
<s id="s14.1">Seznam zadevnih imen zdravil je naveden v Dodatku I.</s>
<s id="s14.2">Znanstveni zaključki so navedeni v Dodatku II, skupaj s spremenjenim povzetkom glavnih značilnosti zdravila, označevanjem in navodilom za uporabo v Dodatku III.</s>
<s id="s15.1">Evropska komisija je odločbo izdala 7. oktobra 2008.</s>
<s id="s16.1">7 Westferry Circus, Canary Wharf, London, E14 4HB, UK Tel.</s>
<s id="s16.2">(44- 20) 74 18 84 00 Fax (44- 20) 74 18 86 13 E- mail: mail@ emea. europa. eu http: // www. emea. europa. eu © European Medicines Agency, 2008.</s>
<s id="s16.3">Reproduction is authorised provided the source is acknowledged.</s>
</body>
</letsmt>
