<?xml version="1.0" encoding="utf-8"?>
<letsmt version="1.0">
<head></head>
<body>
<s id="s1.1">DODATEK I</s>
<s id="s2.1">SEZNAM IMEN, FARMACEVTSKIH OBLIK, JAKOSTI ZDRAVILA, POTI UPORABE ZDRAVILA, PREDLAGATELJEV, IMETNIKOV DOVOLJENJA ZA PROMET Z ZDRAVILOM V DRŽAVAH ČLANICAH</s>
<s id="s3.1">1 Država članica</s>
<s id="s4.1">Imetnik dovoljenja za promet z zdravilom</s>
<s id="s5.1">Predlagatelj</s>
<s id="s6.1">Izmišljeno ime</s>
<s id="s7.1">Jakost</s>
<s id="s8.1">Farmacevtska oblika</s>
<s id="s9.1">Pot uporabe zdravila</s>
<s id="s10.1">Avstrija</s>
<s id="s11.1">Nycomed Pharma GmbH, EUROPLAZA Gebäude F Technologiestraße 5 A- 1120 Wien</s>
<s id="s12.1">Alvesco 40 Mikrogramm Dosieraerosol</s>
<s id="s13.1">40 µg</s>
<s id="s14.1">Inhalacijska raztopina pod tlakom</s>
<s id="s15.1">Za inhaliranje</s>
<s id="s16.1">Avstrija</s>
<s id="s17.1">Nycomed Pharma GmbH, EUROPLAZA Gebäude F Technologiestraße 5 A- 1120 Wien</s>
<s id="s18.1">Alvesco 80 Mikrogramm Dosieraerosol</s>
<s id="s19.1">80 µg</s>
<s id="s20.1">Inhalacijska raztopina pod tlakom</s>
<s id="s21.1">Za inhaliranje</s>
<s id="s22.1">Avstrija</s>
<s id="s23.1">Nycomed Pharma GmbH, EUROPLAZA Gebäude F Technologiestraße 5 A- 1120 Wien</s>
<s id="s24.1">Alvesco 160 Mikrogramm Dosieraerosol</s>
<s id="s25.1">160 µg</s>
<s id="s26.1">Inhalacijska raztopina pod tlakom</s>
<s id="s27.1">Za inhaliranje</s>
<s id="s28.1">Avstrija</s>
<s id="s29.1">Nycomed GmbH Byk- Gulden- Str.</s>
<s id="s29.2">2 D- 78467 Konstanz</s>
<s id="s30.1">Amavio 40 Mikrogramm Dosieraerosol</s>
<s id="s31.1">40 µg</s>
<s id="s32.1">Inhalacijska raztopina pod tlakom</s>
<s id="s33.1">Za inhaliranje</s>
<s id="s34.1">Avstrija</s>
<s id="s35.1">Nycomed GmbH Byk- Gulden- Str.</s>
<s id="s35.2">2 D- 78467 Konstanz</s>
<s id="s36.1">Amavio 80 Mikrogramm Dosieraerosol</s>
<s id="s37.1">80 µg</s>
<s id="s38.1">Inhalacijska raztopina pod tlakom</s>
<s id="s39.1">Za inhaliranje</s>
<s id="s40.1">Avstrija</s>
<s id="s41.1">Nycomed GmbH Byk- Gulden- Str.</s>
<s id="s41.2">2 D- 78467 Konstanz</s>
<s id="s42.1">Amavio 160 Mikrogramm Dosieraerosol</s>
<s id="s43.1">160 µg</s>
<s id="s44.1">Inhalacijska raztopina pod tlakom</s>
<s id="s45.1">Za inhaliranje</s>
<s id="s46.1">Belgija</s>
<s id="s47.1">Nycomed Belgium s. c. a. / c. v. a.</s>
<s id="s47.2">Gentsesteenweg 615 B- 1080 Brussels</s>
<s id="s48.1">Alvesco 40 microgram, aërosol, oplossing</s>
<s id="s49.1">40 µg</s>
<s id="s50.1">Inhalacijska raztopina pod tlakom</s>
<s id="s51.1">Za inhaliranje</s>
<s id="s52.1">Belgija</s>
<s id="s53.1">Nycomed Belgium s. c. a. / c. v. a.</s>
<s id="s53.2">Gentsesteenweg 615 B- 1080 Brussels</s>
<s id="s54.1">Alvesco 80 microgram, aërosol, oplossing</s>
<s id="s55.1">80 µg</s>
<s id="s56.1">Inhalacijska raztopina pod tlakom</s>
<s id="s57.1">Za inhaliranje</s>
<s id="s58.1">2 Država članica</s>
<s id="s59.1">Imetnik dovoljenja za promet z zdravilom</s>
<s id="s60.1">Predlagatelj</s>
<s id="s61.1">Izmišljeno ime</s>
<s id="s62.1">Jakost</s>
<s id="s63.1">Farmacevtska oblika</s>
<s id="s64.1">Pot uporabe zdravila</s>
<s id="s65.1">Belgija</s>
<s id="s66.1">Nycomed Belgium s. c. a. / c. v. a.</s>
<s id="s66.2">Gentsesteenweg 615 B- 1080 Brussels</s>
<s id="s67.1">Alvesco 160 microgram, aërosol, oplossing</s>
<s id="s68.1">160 µg</s>
<s id="s69.1">Inhalacijska raztopina pod tlakom</s>
<s id="s70.1">Za inhaliranje</s>
<s id="s71.1">Bolgarija</s>
<s id="s72.1">ALTANA Pharma AG Byk- Gulden- Str.</s>
<s id="s72.2">2 D- 78467 Konstanz</s>
<s id="s73.1">Alvesco 40 Inhaler</s>
<s id="s74.1">40 µg</s>
<s id="s75.1">Inhalacijska raztopina pod tlakom</s>
<s id="s76.1">Za inhaliranje</s>
<s id="s77.1">Bolgarija</s>
<s id="s78.1">ALTANA Pharma AG Byk- Gulden- Str.</s>
<s id="s78.2">2 D- 78467 Konstanz</s>
<s id="s79.1">Alvesco 80 Inhaler</s>
<s id="s80.1">80 µg</s>
<s id="s81.1">Inhalacijska raztopina pod tlakom</s>
<s id="s82.1">Za inhaliranje</s>
<s id="s83.1">Bolgarija</s>
<s id="s84.1">ALTANA Pharma AG Byk- Gulden- Str.</s>
<s id="s84.2">2 D- 78467 Konstanz</s>
<s id="s85.1">Alvesco 160 Inhaler</s>
<s id="s86.1">160 µg</s>
<s id="s87.1">Inhalacijska raztopina pod tlakom</s>
<s id="s88.1">Za inhaliranje</s>
<s id="s89.1">Ciper</s>
<s id="s90.1">Nycomed GmbH Byk- Gulden- Str.</s>
<s id="s90.2">2 D- 78467 Konstanz</s>
<s id="s91.1">Alvesco 40 micrograms Inhaler</s>
<s id="s92.1">40 µg</s>
<s id="s93.1">Inhalacijska raztopina pod tlakom</s>
<s id="s94.1">Za inhaliranje</s>
<s id="s95.1">Ciper</s>
<s id="s96.1">Nycomed GmbH Byk- Gulden- Str.</s>
<s id="s96.2">2 D- 78467 Konstanz</s>
<s id="s97.1">Alvesco 80 micrograms Inhaler</s>
<s id="s98.1">80 µg</s>
<s id="s99.1">Inhalacijska raztopina pod tlakom</s>
<s id="s100.1">Za inhaliranje</s>
<s id="s101.1">Ciper</s>
<s id="s102.1">Nycomed GmbH Byk- Gulden- Str.</s>
<s id="s102.2">2 D- 78467 Konstanz</s>
<s id="s103.1">Alvesco 160 micrograms Inhaler</s>
<s id="s104.1">160 µg</s>
<s id="s105.1">Inhalacijska raztopina pod tlakom</s>
<s id="s106.1">Za inhaliranje</s>
<s id="s107.1">Češka</s>
<s id="s108.1">ALTANA Pharma AG Byk- Gulden- Str.</s>
<s id="s108.2">2 D- 78467 Konstanz</s>
<s id="s109.1">Alvesco 80 Inhaler</s>
<s id="s110.1">80 µg</s>
<s id="s111.1">Inhalacijska raztopina pod tlakom</s>
<s id="s112.1">Za inhaliranje</s>
<s id="s113.1">Češka</s>
<s id="s114.1">ALTANA Pharma AG Byk- Gulden- Str.</s>
<s id="s114.2">2 D- 78467 Konstanz</s>
<s id="s115.1">Alvesco 160 Inhaler</s>
<s id="s116.1">160 µg</s>
<s id="s117.1">Inhalacijska raztopina pod tlakom</s>
<s id="s118.1">Za inhaliranje</s>
<s id="s119.1">3 Država članica</s>
<s id="s120.1">Imetnik dovoljenja za promet z zdravilom</s>
<s id="s121.1">Predlagatelj</s>
<s id="s122.1">Izmišljeno ime</s>
<s id="s123.1">Jakost</s>
<s id="s124.1">Farmacevtska oblika</s>
<s id="s125.1">Pot uporabe zdravila</s>
<s id="s126.1">Danska</s>
<s id="s127.1">ALTANA Pharma AG Byk- Gulden- Str.</s>
<s id="s127.2">2 D- 78467 Konstanz</s>
<s id="s128.1">Alvesco 40 micrograms pressurised inhalation, solution</s>
<s id="s129.1">40 µg</s>
<s id="s130.1">Inhalacijska raztopina pod tlakom</s>
<s id="s131.1">Za inhaliranje</s>
<s id="s132.1">Danska</s>
<s id="s133.1">ALTANA Pharma AG Byk- Gulden- Str.</s>
<s id="s133.2">2 D- 78467 Konstanz</s>
<s id="s134.1">Alvesco 80 micrograms pressurised inhalation, solution</s>
<s id="s135.1">80 µg</s>
<s id="s136.1">Inhalacijska raztopina pod tlakom</s>
<s id="s137.1">Za inhaliranje</s>
<s id="s138.1">Danska</s>
<s id="s139.1">ALTANA Pharma AG Byk- Gulden- Str.</s>
<s id="s139.2">2 D- 78467 Konstanz</s>
<s id="s140.1">Alvesco 160 micrograms pressurised inhalation, solution</s>
<s id="s141.1">160 µg</s>
<s id="s142.1">Inhalacijska raztopina pod tlakom</s>
<s id="s143.1">Za inhaliranje</s>
<s id="s144.1">Estonija</s>
<s id="s145.1">Nycomed GmbH Byk- Gulden- Str.</s>
<s id="s145.2">2 D- 78467 Konstanz</s>
<s id="s146.1">Alvesco 40 micrograms pressurised inhalation, solution</s>
<s id="s147.1">40 µg</s>
<s id="s148.1">Inhalacijska raztopina pod tlakom</s>
<s id="s149.1">Za inhaliranje</s>
<s id="s150.1">Estonija</s>
<s id="s151.1">Nycomed GmbH Byk- Gulden- Str.</s>
<s id="s151.2">2 D- 78467 Konstanz</s>
<s id="s152.1">Alvesco 80 micrograms pressurised inhalation, solution</s>
<s id="s153.1">80 µg</s>
<s id="s154.1">Inhalacijska raztopina pod tlakom</s>
<s id="s155.1">Za inhaliranje</s>
<s id="s156.1">Estonija</s>
<s id="s157.1">Nycomed GmbH Byk- Gulden- Str.</s>
<s id="s157.2">2 D- 78467 Konstanz</s>
<s id="s158.1">Alvesco 160 micrograms pressurised inhalation, solution</s>
<s id="s159.1">160 µg</s>
<s id="s160.1">Inhalacijska raztopina pod tlakom</s>
<s id="s161.1">Za inhaliranje</s>
<s id="s162.1">Finska</s>
<s id="s163.1">ALTANA Pharma AG Byk- Gulden- Str.</s>
<s id="s163.2">2 D- 78467 Konstanz</s>
<s id="s164.1">Alvesco 40 micrograms pressurised inhalation, solution</s>
<s id="s165.1">40 µg</s>
<s id="s166.1">Inhalacijska raztopina pod tlakom</s>
<s id="s167.1">Za inhaliranje</s>
<s id="s168.1">4 Država članica</s>
<s id="s169.1">Imetnik dovoljenja za promet z zdravilom</s>
<s id="s170.1">Predlagatelj</s>
<s id="s171.1">Izmišljeno ime</s>
<s id="s172.1">Jakost</s>
<s id="s173.1">Farmacevtska oblika</s>
<s id="s174.1">Pot uporabe zdravila</s>
<s id="s175.1">Finska</s>
<s id="s176.1">ALTANA Pharma AG Byk- Gulden- Str.</s>
<s id="s176.2">2 D- 78467 Konstanz</s>
<s id="s177.1">Alvesco 80 micrograms pressurised inhalation, solution</s>
<s id="s178.1">80 µg</s>
<s id="s179.1">Inhalacijska raztopina pod tlakom</s>
<s id="s180.1">Za inhaliranje</s>
<s id="s181.1">Finska</s>
<s id="s182.1">ALTANA Pharma AG Byk- Gulden- Str.</s>
<s id="s182.2">2 D- 78467 Konstanz</s>
<s id="s183.1">Alvesco 160 micrograms pressurised inhalation, solution</s>
<s id="s184.1">160 µg</s>
<s id="s185.1">Inhalacijska raztopina pod tlakom</s>
<s id="s186.1">Za inhaliranje</s>
<s id="s187.1">Francija</s>
<s id="s188.1">Nycomed GmbH Byk- Gulden- Str.</s>
<s id="s188.2">2 D- 78467 Konstanz</s>
<s id="s189.1">Alvesco 40 microgrammes, dose solution pour inhalation en flacon pressurisé</s>
<s id="s190.1">40 µg</s>
<s id="s191.1">Inhalacijska raztopina pod tlakom</s>
<s id="s192.1">Za inhaliranje</s>
<s id="s193.1">Francija</s>
<s id="s194.1">Nycomed GmbH Byk- Gulden- Str.</s>
<s id="s194.2">2 D- 78467 Konstanz</s>
<s id="s195.1">Alvesco 80 microgrammes, dose solution pour inhalation en flacon pressurisé</s>
<s id="s196.1">80 µg</s>
<s id="s197.1">Inhalacijska raztopina pod tlakom</s>
<s id="s198.1">Za inhaliranje</s>
<s id="s199.1">Francija</s>
<s id="s200.1">Nycomed GmbH Byk- Gulden- Str.</s>
<s id="s200.2">2 D- 78467 Konstanz</s>
<s id="s201.1">Alvesco 160 microgrammes, dose solution pour inhalation en flacon pressurisé</s>
<s id="s202.1">160 µg</s>
<s id="s203.1">Inhalacijska raztopina pod tlakom</s>
<s id="s204.1">Za inhaliranje</s>
<s id="s205.1">Nemčija</s>
<s id="s206.1">Nycomed GmbH Byk- Gulden- Str.</s>
<s id="s206.2">2 D- 78467 Konstanz</s>
<s id="s207.1">Alvesco 40 Mikrogramm Druckgasinhalation, Lösung</s>
<s id="s208.1">40 µg</s>
<s id="s209.1">Inhalacijska raztopina pod tlakom</s>
<s id="s210.1">Za inhaliranje</s>
<s id="s211.1">Nemčija</s>
<s id="s212.1">Nycomed GmbH Byk- Gulden- Str.</s>
<s id="s212.2">2 D- 78467 Konstanz</s>
<s id="s213.1">Alvesco 80 Mikrogramm Druckgasinhalation, Lösung</s>
<s id="s214.1">80 µg</s>
<s id="s215.1">Inhalacijska raztopina pod tlakom</s>
<s id="s216.1">Za inhaliranje</s>
<s id="s217.1">5 Država članica</s>
<s id="s218.1">Imetnik dovoljenja za promet z zdravilom</s>
<s id="s219.1">Predlagatelj</s>
<s id="s220.1">Izmišljeno ime</s>
<s id="s221.1">Jakost</s>
<s id="s222.1">Farmacevtska oblika</s>
<s id="s223.1">Pot uporabe zdravila</s>
<s id="s224.1">Nemčija</s>
<s id="s225.1">Nycomed GmbH Byk- Gulden- Str.</s>
<s id="s225.2">2 D- 78467 Konstanz</s>
<s id="s226.1">Alvesco 160 Mikrogramm Druckgasinhalation, Lösung</s>
<s id="s227.1">160 µg</s>
<s id="s228.1">Inhalacijska raztopina pod tlakom</s>
<s id="s229.1">Za inhaliranje</s>
<s id="s230.1">Grčija</s>
<s id="s231.1">Nycomed Hellas S. A.</s>
<s id="s231.2">Kifissias Ave 196 GR- 15231 Chalandri</s>
<s id="s232.1">Alvesco 80 mcg/ Dose</s>
<s id="s233.1">80 µg</s>
<s id="s234.1">Inhalacijska raztopina pod tlakom</s>
<s id="s235.1">Za inhaliranje</s>
<s id="s236.1">Grčija</s>
<s id="s237.1">Nycomed Hellas S. A.</s>
<s id="s237.2">Kifissias Ave 196 GR- 15231 Chalandri</s>
<s id="s238.1">Alvesco 160 mcg/ Dose 160 µg</s>
<s id="s239.1">Inhalacijska raztopina pod tlakom</s>
<s id="s240.1">Za inhaliranje</s>
<s id="s241.1">Grčija</s>
<s id="s242.1">Nycomed Hellas S. A.</s>
<s id="s242.2">Kifissias Ave 196 GR- 15231 Chalandri</s>
<s id="s243.1">Freathe 80 mcg/ Dose 80 µg</s>
<s id="s244.1">Inhalacijska raztopina pod tlakom</s>
<s id="s245.1">Za inhaliranje</s>
<s id="s246.1">Grčija</s>
<s id="s247.1">Nycomed Hellas S. A.</s>
<s id="s247.2">Kifissias Ave 196 GR- 15231 Chalandri</s>
<s id="s248.1">Freathe 160 mcg/ Dose 160 µg</s>
<s id="s249.1">Inhalacijska raztopina pod tlakom</s>
<s id="s250.1">Za inhaliranje</s>
<s id="s251.1">Grčija</s>
<s id="s252.1">Nycomed Hellas S. A.</s>
<s id="s252.2">Kifissias Ave 196 GR- 15231 Chalandri</s>
<s id="s253.1">Amavio 80 mcg/ Dose 80 µg</s>
<s id="s254.1">Inhalacijska raztopina pod tlakom</s>
<s id="s255.1">Za inhaliranje</s>
<s id="s256.1">Grčija</s>
<s id="s257.1">Nycomed Hellas S. A.</s>
<s id="s257.2">Kifissias Ave 196 GR- 15231 Chalandri</s>
<s id="s258.1">Amavio 160 mcg/ Dose 160 µg</s>
<s id="s259.1">Inhalacijska raztopina pod tlakom</s>
<s id="s260.1">Za inhaliranje</s>
<s id="s261.1">Madžarska</s>
<s id="s262.1">ALTANA Pharma AG Byk- Gulden- Str.</s>
<s id="s262.2">2 D- 78467 Konstanz</s>
<s id="s263.1">Alvesco 40 40 µg mikrogramm túlnyomásos inhalációs oldat</s>
<s id="s264.1">Inhalacijska raztopina pod tlakom</s>
<s id="s265.1">Za inhaliranje</s>
<s id="s266.1">Madžarska</s>
<s id="s267.1">ALTANA Pharma AG Byk- Gulden- Str.</s>
<s id="s267.2">2 D- 78467 Konstanz</s>
<s id="s268.1">Alvesco 80 80 µg mikrogramm túlnyomásos inhalációs oldat</s>
<s id="s269.1">Inhalacijska raztopina pod tlakom</s>
<s id="s270.1">Za inhaliranje</s>
<s id="s271.1">6 Država članica</s>
<s id="s272.1">Imetnik dovoljenja za promet z zdravilom</s>
<s id="s273.1">Predlagatelj</s>
<s id="s274.1">Izmišljeno ime</s>
<s id="s275.1">Jakost</s>
<s id="s276.1">Farmacevtska oblika</s>
<s id="s277.1">Pot uporabe zdravila</s>
<s id="s278.1">Madžarska</s>
<s id="s279.1">ALTANA Pharma AG Byk- Gulden- Str.</s>
<s id="s279.2">2 D- 78467 Konstanz</s>
<s id="s280.1">Alvesco 160 mikrogramm túlnyomásos inhalációs oldat</s>
<s id="s281.1">160 µg</s>
<s id="s282.1">Inhalacijska raztopina pod tlakom</s>
<s id="s283.1">Za inhaliranje</s>
<s id="s284.1">Islandija</s>
<s id="s285.1">ALTANA Pharma AG Byk- Gulden- Str.</s>
<s id="s285.2">2 D- 78467 Konstanz</s>
<s id="s286.1">Alvesco 40 innúdalyf 40 µg</s>
<s id="s287.1">Inhalacijska raztopina pod tlakom</s>
<s id="s288.1">Za inhaliranje</s>
<s id="s289.1">Islandija</s>
<s id="s290.1">ALTANA Pharma AG Byk- Gulden- Str.</s>
<s id="s290.2">2 D- 78467 Konstanz</s>
<s id="s291.1">Alvesco 80 innúdalyf 80 µg</s>
<s id="s292.1">Inhalacijska raztopina pod tlakom</s>
<s id="s293.1">Za inhaliranje</s>
<s id="s294.1">Islandija</s>
<s id="s295.1">ALTANA Pharma AG Byk- Gulden- Str.</s>
<s id="s295.2">2 D- 78467 Konstanz</s>
<s id="s296.1">Alvesco 160 innúdalyf 160 µg</s>
<s id="s297.1">Inhalacijska raztopina pod tlakom</s>
<s id="s298.1">Za inhaliranje</s>
<s id="s299.1">Irska</s>
<s id="s300.1">Nycomed GmbH Byk- Gulden- Str.</s>
<s id="s300.2">2 D- 78467 Konstanz Germany</s>
<s id="s301.1">Alvesco 40 40 µg micrograms pressurised inhalation solution</s>
<s id="s302.1">Inhalacijska raztopina pod tlakom</s>
<s id="s303.1">Za inhaliranje</s>
<s id="s304.1">Irska</s>
<s id="s305.1">Nycomed GmbH Byk- Gulden- Str.</s>
<s id="s305.2">2 D- 78467 Konstanz Germany</s>
<s id="s306.1">Alvesco 80 80 µg micrograms pressurised inhalation solution</s>
<s id="s307.1">Inhalacijska raztopina pod tlakom</s>
<s id="s308.1">Za inhaliranje</s>
<s id="s309.1">Irska</s>
<s id="s310.1">Nycomed GmbH Byk- Gulden- Str.</s>
<s id="s310.2">2 D- 78467 Konstanz Germany</s>
<s id="s311.1">Alvesco 160 160 µg micrograms pressurised inhalation solution</s>
<s id="s312.1">Inhalacijska raztopina pod tlakom</s>
<s id="s313.1">Za inhaliranje</s>
<s id="s314.1">Italija</s>
<s id="s315.1">ALTANA Pharma AG Byk- Gulden- Str.</s>
<s id="s315.2">2 D- 78467 Konstanz</s>
<s id="s316.1">Alvesco 40 µg</s>
<s id="s317.1">Inhalacijska raztopina pod tlakom</s>
<s id="s318.1">Za inhaliranje</s>
<s id="s319.1">Italija</s>
<s id="s320.1">ALTANA Pharma AG Byk- Gulden- Str.</s>
<s id="s320.2">2 D- 78467 Konstanz</s>
<s id="s321.1">Alvesco 80 µg</s>
<s id="s322.1">Inhalacijska raztopina pod tlakom</s>
<s id="s323.1">Za inhaliranje</s>
<s id="s324.1">7 Država članica</s>
<s id="s325.1">Imetnik dovoljenja za promet z zdravilom</s>
<s id="s326.1">Predlagatelj</s>
<s id="s327.1">Izmišljeno ime</s>
<s id="s328.1">Jakost</s>
<s id="s329.1">Farmacevtska oblika</s>
<s id="s330.1">Pot uporabe zdravila</s>
<s id="s331.1">Italija</s>
<s id="s332.1">ALTANA Pharma AG Byk- Gulden- Str.</s>
<s id="s332.2">2 D- 78467 Konstanz</s>
<s id="s333.1">Alvesco</s>
<s id="s334.1">160 µg</s>
<s id="s335.1">Inhalacijska raztopina pod tlakom</s>
<s id="s336.1">Za inhaliranje</s>
<s id="s337.1">Latvija</s>
<s id="s338.1">ALTANA Pharma AG Byk- Gulden- Str.</s>
<s id="s338.2">2 D- 78467 Konstanz</s>
<s id="s339.1">Alvesco 40 inhalators</s>
<s id="s340.1">40 µg</s>
<s id="s341.1">Inhalacijska raztopina pod tlakom</s>
<s id="s342.1">Za inhaliranje</s>
<s id="s343.1">Latvija</s>
<s id="s344.1">ALTANA Pharma AG Byk- Gulden- Str.</s>
<s id="s344.2">2 D- 78467 Konstanz</s>
<s id="s345.1">Alvesco 80 inhalators</s>
<s id="s346.1">80 µg</s>
<s id="s347.1">Inhalacijska raztopina pod tlakom</s>
<s id="s348.1">Za inhaliranje</s>
<s id="s349.1">Latvija</s>
<s id="s350.1">ALTANA Pharma AG Byk- Gulden- Str.</s>
<s id="s350.2">2 D- 78467 Konstanz</s>
<s id="s351.1">Alvesco 160 inhalators 160 µg</s>
<s id="s352.1">Inhalacijska raztopina pod tlakom</s>
<s id="s353.1">Za inhaliranje</s>
<s id="s354.1">Litva</s>
<s id="s355.1">ALTANA Pharma AG Byk- Gulden- Str.</s>
<s id="s355.2">2 D- 78467 Konstanz</s>
<s id="s356.1">Alvesco 40 µg</s>
<s id="s357.1">Inhalacijska raztopina pod tlakom</s>
<s id="s358.1">Za inhaliranje</s>
<s id="s359.1">Litva</s>
<s id="s360.1">ALTANA Pharma AG Byk- Gulden- Str.</s>
<s id="s360.2">2 D- 78467 Konstanz</s>
<s id="s361.1">Alvesco 80 µg</s>
<s id="s362.1">Inhalacijska raztopina pod tlakom</s>
<s id="s363.1">Za inhaliranje</s>
<s id="s364.1">Litva</s>
<s id="s365.1">ALTANA Pharma AG Byk- Gulden- Str.</s>
<s id="s365.2">2 D- 78467 Konstanz</s>
<s id="s366.1">Alvesco 160 µg</s>
<s id="s367.1">Inhalacijska raztopina pod tlakom</s>
<s id="s368.1">Za inhaliranje</s>
<s id="s369.1">Luksemburg</s>
<s id="s370.1">Nycomed Belgium s. c. a. / c. v. a.</s>
<s id="s370.2">Gentsesteenweg 615 B- B - 1080 Brussels</s>
<s id="s371.1">Alvesco 40 Aérosol 40 µg doseur</s>
<s id="s372.1">Inhalacijska raztopina pod tlakom</s>
<s id="s373.1">Za inhaliranje</s>
<s id="s374.1">Luksemburg</s>
<s id="s375.1">Nycomed Belgium s. c. a. / c. v. a.</s>
<s id="s375.2">Gentsesteenweg 615 B- B - 1080 Brussels</s>
<s id="s376.1">Alvesco 80 Aérosol 80 µg doseur</s>
<s id="s377.1">Inhalacijska raztopina pod tlakom</s>
<s id="s378.1">Za inhaliranje</s>
<s id="s379.1">8 Država članica</s>
<s id="s380.1">Imetnik dovoljenja za promet z zdravilom</s>
<s id="s381.1">Predlagatelj</s>
<s id="s382.1">Izmišljeno ime</s>
<s id="s383.1">Jakost</s>
<s id="s384.1">Farmacevtska oblika</s>
<s id="s385.1">Pot uporabe zdravila</s>
<s id="s386.1">Luksemburg</s>
<s id="s387.1">Nycomed Belgium s. c. a. / c. v. a.</s>
<s id="s387.2">Gentsesteenweg 615 B- B - 1080 Brussels</s>
<s id="s388.1">Alvesco 160 Aérosol doseur</s>
<s id="s389.1">160 µg</s>
<s id="s390.1">Inhalacijska raztopina pod tlakom</s>
<s id="s391.1">Za inhaliranje</s>
<s id="s392.1">Malta</s>
<s id="s393.1">Nycomed GmbH Byk- Gulden- Str.</s>
<s id="s393.2">2 D- 78467 Konstanz</s>
<s id="s394.1">Alvesco 40 Inhaler</s>
<s id="s395.1">40 µg</s>
<s id="s396.1">Inhalacijska raztopina pod tlakom</s>
<s id="s397.1">Za inhaliranje</s>
<s id="s398.1">Malta</s>
<s id="s399.1">Nycomed GmbH Byk- Gulden- Str.</s>
<s id="s399.2">2 D- 78467 Konstanz</s>
<s id="s400.1">Alvesco 80 Inhaler</s>
<s id="s401.1">80 µg</s>
<s id="s402.1">Inhalacijska raztopina pod tlakom</s>
<s id="s403.1">Za inhaliranje</s>
<s id="s404.1">Malta</s>
<s id="s405.1">Nycomed GmbH Byk- Gulden- Str.</s>
<s id="s405.2">2 D- 78467 Konstanz</s>
<s id="s406.1">Alvesco 160 Inhaler</s>
<s id="s407.1">160 µg</s>
<s id="s408.1">Inhalacijska raztopina pod tlakom</s>
<s id="s409.1">Za inhaliranje</s>
<s id="s410.1">Nizozemska</s>
<s id="s411.1">Nycomed GmbH Byk- Gulden- Str.</s>
<s id="s411.2">2 D- 78467 Konstanz</s>
<s id="s412.1">Alvesco 40 Inhalator</s>
<s id="s413.1">40 µg</s>
<s id="s414.1">Inhalacijska raztopina pod tlakom</s>
<s id="s415.1">Za inhaliranje</s>
<s id="s416.1">Nizozemska</s>
<s id="s417.1">Nycomed GmbH Byk- Gulden- Str.</s>
<s id="s417.2">2 D- 78467 Konstanz</s>
<s id="s418.1">Alvesco 80 Inhalator</s>
<s id="s419.1">80 µg</s>
<s id="s420.1">Inhalacijska raztopina pod tlakom</s>
<s id="s421.1">Za inhaliranje</s>
<s id="s422.1">Nizozemska</s>
<s id="s423.1">Nycomed GmbH Byk- Gulden- Str.</s>
<s id="s423.2">2 D- 78467 Konstanz</s>
<s id="s424.1">Alvesco 160 Inhalator 160 µg</s>
<s id="s425.1">Inhalacijska raztopina pod tlakom</s>
<s id="s426.1">Za inhaliranje</s>
<s id="s427.1">Norveška</s>
<s id="s428.1">ALTANA Pharma AG Byk- Gulden- Str.</s>
<s id="s428.2">2 D- 78467 Konstanz</s>
<s id="s429.1">Alvesco 40 40 µg micrograms/ dose inhalasjonsaerosol, oppløsing</s>
<s id="s430.1">Inhalacijska raztopina pod tlakom</s>
<s id="s431.1">Za inhaliranje</s>
<s id="s432.1">Norveška</s>
<s id="s433.1">ALTANA Pharma AG Byk- Gulden- Str.</s>
<s id="s433.2">2 D- 78467 Konstanz</s>
<s id="s434.1">Alvesco 80 80 µg micrograms/ dose inhalasjonsaerosol, oppløsing</s>
<s id="s435.1">Inhalacijska raztopina pod tlakom</s>
<s id="s436.1">Za inhaliranje</s>
<s id="s437.1">9 Država članica</s>
<s id="s438.1">Imetnik dovoljenja za promet z zdravilom</s>
<s id="s439.1">Predlagatelj</s>
<s id="s440.1">Izmišljeno ime</s>
<s id="s441.1">Jakost</s>
<s id="s442.1">Farmacevtska oblika</s>
<s id="s443.1">Pot uporabe zdravila</s>
<s id="s444.1">Norveška</s>
<s id="s445.1">ALTANA Pharma AG Byk- Gulden- Str.</s>
<s id="s445.2">2 D- 78467 Konstanz Nycomed Pharma Sp. z</s>
<s id="s446.1">Alvesco 160 micrograms/ dose inhalasjonsaerosol, oppløsing</s>
<s id="s447.1">160 µg</s>
<s id="s448.1">Inhalacijska raztopina pod tlakom</s>
<s id="s449.1">Za inhaliranje</s>
<s id="s450.1">Poljska</s>
<s id="s451.1">o. o.</s>
<s id="s451.2">Al.</s>
<s id="s451.3">Jerozolimskie 146 A PL- 02- 305 Warszawa Nycomed Pharma Sp. z</s>
<s id="s452.1">Alvesco 40</s>
<s id="s453.1">40 µg</s>
<s id="s454.1">Inhalacijska raztopina pod tlakom</s>
<s id="s455.1">Za inhaliranje</s>
<s id="s456.1">Poljska</s>
<s id="s457.1">o. o.</s>
<s id="s457.2">Al.</s>
<s id="s457.3">Jerozolimskie 146 A PL- 02- 305 Warszawa</s>
<s id="s458.1">Alvesco 80</s>
<s id="s459.1">80 µg</s>
<s id="s460.1">Inhalacijska raztopina pod tlakom</s>
<s id="s461.1">Za inhaliranje</s>
<s id="s462.1">Poljska</s>
<s id="s463.1">ALTANA Pharma AG Byk- Gulden- Str.</s>
<s id="s463.2">2 D- 78467 Konstanz</s>
<s id="s464.1">Alvesco 160</s>
<s id="s465.1">160 µg</s>
<s id="s466.1">Inhalacijska raztopina pod tlakom</s>
<s id="s467.1">Za inhaliranje</s>
<s id="s468.1">Portugalska</s>
<s id="s469.1">ALTANA Pharma AG Byk- Gulden- Str.</s>
<s id="s469.2">2 D- 78467 Konstanz</s>
<s id="s470.1">Alvesco 40 Inalador</s>
<s id="s471.1">40 µg</s>
<s id="s472.1">Inhalacijska raztopina pod tlakom</s>
<s id="s473.1">Za inhaliranje</s>
<s id="s474.1">Portugalska</s>
<s id="s475.1">ALTANA Pharma AG Byk- Gulden- Str.</s>
<s id="s475.2">2 D- 78467 Konstanz</s>
<s id="s476.1">Alvesco 80 Inalador</s>
<s id="s477.1">80 µg</s>
<s id="s478.1">Inhalacijska raztopina pod tlakom</s>
<s id="s479.1">Za inhaliranje</s>
<s id="s480.1">Portugalska</s>
<s id="s481.1">ALTANA Pharma AG Byk- Gulden- Str.</s>
<s id="s481.2">2 D- 78467 Konstanz</s>
<s id="s482.1">Alvesco 160 Inalador</s>
<s id="s483.1">160 µg</s>
<s id="s484.1">Inhalacijska raztopina pod tlakom</s>
<s id="s485.1">Za inhaliranje</s>
<s id="s486.1">Romunija</s>
<s id="s487.1">Nycomed GmbH Byk- Gulden- Str.</s>
<s id="s487.2">2 D- 78467 Konstanz</s>
<s id="s488.1">Alvesco 40 Inhaler</s>
<s id="s489.1">40 µg</s>
<s id="s490.1">Inhalacijska raztopina pod tlakom</s>
<s id="s491.1">Za inhaliranje</s>
<s id="s492.1">Romunija</s>
<s id="s493.1">Nycomed GmbH Byk- Gulden- Str.</s>
<s id="s493.2">2 D- 78467 Konstanz</s>
<s id="s494.1">Alvesco 80 Inhaler</s>
<s id="s495.1">80 µg</s>
<s id="s496.1">Inhalacijska raztopina pod tlakom</s>
<s id="s497.1">Za inhaliranje</s>
<s id="s498.1">10 Država članica</s>
<s id="s499.1">Imetnik dovoljenja za promet z zdravilom</s>
<s id="s500.1">Predlagatelj</s>
<s id="s501.1">Izmišljeno ime</s>
<s id="s502.1">Jakost</s>
<s id="s503.1">Farmacevtska oblika</s>
<s id="s504.1">Pot uporabe zdravila</s>
<s id="s505.1">Romunija</s>
<s id="s506.1">Nycomed GmbH Byk- Gulden- Str.</s>
<s id="s506.2">2 D- 78467 Konstanz</s>
<s id="s507.1">Alvesco 160 Inhaler</s>
<s id="s508.1">160 µg</s>
<s id="s509.1">Inhalacijska raztopina pod tlakom</s>
<s id="s510.1">Za inhaliranje</s>
<s id="s511.1">Slovaška</s>
<s id="s512.1">ALTANA Pharma AG Byk- Gulden- Str.</s>
<s id="s512.2">2 D- 78467 Konstanz</s>
<s id="s513.1">Alvesco 40 Inhalátor</s>
<s id="s514.1">40 µg</s>
<s id="s515.1">Inhalacijska raztopina pod tlakom</s>
<s id="s516.1">Za inhaliranje</s>
<s id="s517.1">Slovaška</s>
<s id="s518.1">ALTANA Pharma AG Byk- Gulden- Str.</s>
<s id="s518.2">2 D- 78467 Konstanz</s>
<s id="s519.1">Alvesco 80 Inhalátor</s>
<s id="s520.1">80 µg</s>
<s id="s521.1">Inhalacijska raztopina pod tlakom</s>
<s id="s522.1">Za inhaliranje</s>
<s id="s523.1">Slovaška</s>
<s id="s524.1">ALTANA Pharma AG Byk- Gulden- Str.</s>
<s id="s524.2">2 D- 78467 Konstanz</s>
<s id="s525.1">Alvesco</s>
<s id="s526.1">160 Inhalátor 160 µg</s>
<s id="s527.1">Inhalacijska raztopina pod tlakom</s>
<s id="s528.1">Za inhaliranje</s>
<s id="s529.1">Slovenija</s>
<s id="s530.1">ALTANA Pharma AG</s>
<s id="s531.1">Alvesco</s>
<s id="s532.1">40 µg 40 µg</s>
<s id="s533.1">Inhalacijska raztopina</s>
<s id="s534.1">Za inhaliranje</s>
<s id="s535.1">Byk- Gulden- Str.</s>
<s id="s535.2">2 D- 78467 Konstanz</s>
<s id="s536.1">inhalacijska raztopina pod tlakom</s>
<s id="s537.1">pod tlakom</s>
<s id="s538.1">Slovenija</s>
<s id="s539.1">ALTANA Pharma AG Byk- Gulden- Str.</s>
<s id="s539.2">2 D- 78467 Konstanz</s>
<s id="s540.1">Alvesco 80 µg inhalacijska raztopina pod tlakom</s>
<s id="s541.1">80 µg</s>
<s id="s542.1">Inhalacijska raztopina pod tlakom</s>
<s id="s543.1">Za inhaliranje</s>
<s id="s544.1">Slovenija</s>
<s id="s545.1">ALTANA Pharma AG Byk- Gulden- Str.</s>
<s id="s545.2">2 D- 78467 Konstanz</s>
<s id="s546.1">Alvesco 160 µg inhalacijska raztopina pod tlakom</s>
<s id="s547.1">160 µg</s>
<s id="s548.1">Inhalacijska raztopina pod tlakom</s>
<s id="s549.1">Za inhaliranje</s>
<s id="s550.1">Španija</s>
<s id="s551.1">ALTANA Pharma AG Byk- Gulden- Str.</s>
<s id="s551.2">2 D- 78467 Konstanz</s>
<s id="s552.1">Alvesco 40 mcg solución para inhalación en envase a presión</s>
<s id="s553.1">40 µg</s>
<s id="s554.1">Inhalacijska raztopina pod tlakom</s>
<s id="s555.1">Za inhaliranje</s>
<s id="s556.1">Španija</s>
<s id="s557.1">ALTANA Pharma AG Byk- Gulden- Str.</s>
<s id="s557.2">2 D- 78467 Konstanz</s>
<s id="s558.1">Alvesco 80 mcg solución para inhalación en envase a presión</s>
<s id="s559.1">80 µg</s>
<s id="s560.1">Inhalacijska raztopina pod tlakom</s>
<s id="s561.1">Za inhaliranje</s>
<s id="s562.1">11 Država članica</s>
<s id="s563.1">Imetnik dovoljenja za promet z zdravilom</s>
<s id="s564.1">Predlagatelj</s>
<s id="s565.1">Izmišljeno ime</s>
<s id="s566.1">Jakost</s>
<s id="s567.1">Farmacevtska oblika</s>
<s id="s568.1">Pot uporabe zdravila</s>
<s id="s569.1">Španija</s>
<s id="s570.1">ALTANA Pharma AG Byk- Gulden- Str.</s>
<s id="s570.2">2</s>
<s id="s571.1">Alvesco 160 mcg solución para</s>
<s id="s572.1">160 µg</s>
<s id="s573.1">Inhalacijska raztopina pod tlakom</s>
<s id="s574.1">Za inhaliranje</s>
<s id="s575.1">D- 78467 Konstanz</s>
<s id="s576.1">inhalación en envase a presión</s>
<s id="s577.1">Švedska</s>
<s id="s578.1">Nycomed GmbH Byk- Gulden- Str.</s>
<s id="s578.2">2 D- 78467 Konstanz</s>
<s id="s579.1">Alvesco</s>
<s id="s580.1">40 µg/ dose</s>
<s id="s581.1">Inhalacijska raztopina pod tlakom</s>
<s id="s582.1">Za inhaliranje</s>
<s id="s583.1">Švedska</s>
<s id="s584.1">Nycomed GmbH Byk- Gulden- Str.</s>
<s id="s584.2">2 D- 78467 Konstanz</s>
<s id="s585.1">Alvesco</s>
<s id="s586.1">80 µg/ dose</s>
<s id="s587.1">Inhalacijska raztopina pod tlakom</s>
<s id="s588.1">Za inhaliranje</s>
<s id="s589.1">Švedska</s>
<s id="s590.1">Nycomed GmbH Byk- Gulden- Str.</s>
<s id="s590.2">2 D- 78467 Konstanz</s>
<s id="s591.1">Alvesco</s>
<s id="s592.1">160 µg/ dose</s>
<s id="s593.1">Inhalacijska raztopina pod tlakom</s>
<s id="s594.1">Za inhaliranje</s>
<s id="s595.1">Velika Britanija</s>
<s id="s596.1">Nycomed GmbH Byk- Gulden- Str.</s>
<s id="s596.2">2 D- 78467 Konstanz</s>
<s id="s597.1">Alvesco 40 Inhaler</s>
<s id="s598.1">40 µg</s>
<s id="s599.1">Inhalacijska raztopina pod tlakom</s>
<s id="s600.1">Za inhaliranje</s>
<s id="s601.1">Velika Britanija</s>
<s id="s602.1">Nycomed GmbH Byk- Gulden- Str.</s>
<s id="s602.2">2 D- 78467 Konstanz</s>
<s id="s603.1">Alvesco 80 Inhaler</s>
<s id="s604.1">80 µg</s>
<s id="s605.1">Inhalacijska raztopina pod tlakom</s>
<s id="s606.1">Za inhaliranje</s>
<s id="s607.1">Velika Britanija</s>
<s id="s608.1">Nycomed GmbH Byk- Gulden- Str.</s>
<s id="s608.2">2 D- 78467 Konstanz</s>
<s id="s609.1">Alvesco 160 Inhaler</s>
<s id="s610.1">160 µg</s>
<s id="s611.1">Inhalacijska raztopina pod tlakom</s>
<s id="s612.1">Za inhaliranje</s>
<s id="s613.1">12 DODATEK II</s>
<s id="s614.1">ZNANSTVENI ZAKLJUČKI IN PODLAGA ZA DOPOLNILO POVZETKA GLAVNIH ZNAČILNOSTI ZDRAVILA, OZNAČEVANJA IN NAVODILA ZA UPORABO, KI JIH JE PREDSTAVILA EVROPSKA AGENCIJA ZA ZDRAVILA</s>
<s id="s615.1">13 ZNANSTVENI ZAKLJUČKI</s>
<s id="s616.1">SPLOŠNI POVZETEK ZNANSTVENE OCENE ZDRAVILA ALVESCO IN Z NJIM POVEZANIH IMEN (glejte Dodatek I)</s>
<s id="s617.1">Ciklesonid je glukokortikoid, ki se uporablja za zdravljenje obstruktivne bolezni dihal.</s>
<s id="s617.2">Alvesco 40 v inhalatorju, 80 v inhalatorju in 160 v inhalatorju so zdravila, ki vsebujejo ciklesonid in so na voljo v odmernem inhalatorju pod tlakom, ki vsebuje potisni plin etanolni hidrofluoroalkan- 134A.</s>
<s id="s617.3">Inhalator je aluminijast vsebnik, ki vsebuje 120 odmerkov po 40 µg, 80 µg ali 160 µg dostavljenega odmerka, kar ustreza 50, 100 ali 200 µg na vpih merjenega odmerka.</s>
<s id="s617.4">To zdravilo je bilo predloženo v skladu s členom 10( 3) Direktive 2001/ 83/ ES.</s>
<s id="s618.1">Med postopkom medsebojnega priznavanja so regulatorni organi Francije izrazili mnenje, da zdravilo pomeni možno resno tveganje za javno zdravje na podlagi varnosti in učinkovitosti.</s>
<s id="s619.1">V zvezi s to vlogo so bila izpostavljena naslednja vprašanja:</s>
<s id="s620.1">1.</s>
<s id="s620.2">Analiza tveganj in koristi uporabe večjih odmerkov ciklesonida pri zdravljenju hudih astmatikov, glede na to, da podporni podatki, razloženi v skladu s smernicami CHMP, ne omogočajo odobritve rednih dnevnih odmerkov nad 160 mikrogramov pri zdravljenih populacijah.</s>
<s id="s621.1">CHMP je opozoril na navodilo za klinično raziskovanje zdravil za zdravljenje astme (Note for Guidance on the Clinical Investigation of Medicinal Products in the Treatment of Asthma) CPMP/ EWP/ 2922/ 01 ter izrazil mnenje, da imetnik dovoljenja za promet z zdravilom ni ustrezno utemeljil vključitve odmerkov 320 µg in 640 µg ciklesonida dnevno.</s>
<s id="s621.2">Podatki, ki jih je imetnik dovoljenja za promet z zdravilom predstavil v odgovoru, so zgolj ponovno potrdili, da podatki za opredelitev učinkovitega odmerka, ki bi primerjali odmerke 160, 320 in 640 µg/ dan, niso na voljo.</s>
<s id="s621.3">Poleg tega nobena izmed študij, ki jih je predložil imetnik dovoljenja za promet z zdravilom, ni pokazala bistvenega izboljšanja forsiranega ekspiratornega volumna (FEV1) pri astmatikih pri odmerku nad 160 µg/ dan.</s>
<s id="s622.1">2.</s>
<s id="s622.2">Znanstvena osnova za razhajajoča se mnenja v zvezi s predlaganim besedilom spremembe tipa II povzetka glavnih značilnosti zdravila glede učinkovitosti odmerka ciklosonidov pri zmanjševanju pogostosti napadov pri hudi astmi, kot ga je v poglavjih 4. 2 in 5. 1 zasnovala referenčna država članica (RMS) 19. oktobra 2007 po obravnavi v okviru CMDh.</s>
<s id="s623.1">CHMP je obravnaval odgovor imetnika dovoljenja za promet z zdravilom v podporo dodatnim spremembam poglavja 4. 2 povzetka glavnih značilnosti zdravila.</s>
<s id="s623.2">Študija MI- 129 ni podala ustreznega primarnega pokazatelja v skladu s trenutnimi smernicami za astmo.</s>
<s id="s623.3">CHMP je izrazil pomisleke glede stalnega opiranja imetnika dovoljenja za promet z zdravilom na rezultate študije MI- 140 in glede njenih prepoznanih pomanjkljivosti: kratkoročna študija v trajanju 3 mesecev namesto najmanj 6 mesecev; odsotnost kraka z odmerkom 320 µg/ dan; sporna vrednost izboljšanja pri hudih izbruhih pri večjem 640 µg- odmerku brez nadaljnjega izboljšanja funkcije pljuč.</s>
<s id="s623.4">Poleg tega je CHMP izrazil pomisleke glede uvajanja prehoda z zmernega do visokega odmerka inhaliranih kortikosteroidov na večje odmerke zdravila Alvesco, saj to ni bilo vključeno v prvotno vlogo.</s>
<s id="s623.5">Ob zaključku vrednotenja je CHMP menil, da bo besedilo poglavja 4. 2, predlagano ob zaključku postopka v okviru CMDh, še naprej ustrezno ob naslednjem dopolnilu:</s>
<s id="s624.1">Priporočeni odmerek zdravila Alvesco je 160 mikrogramov enkrat dnevno, kar omogoča nadzor astme pri večini bolnikov.</s>
<s id="s624.2">Vendar pa je 12- tedenska študija pokazala, da je pri hudih astmatikih odmerek 640 µg/ dan (v obliki dveh dnevnih odmerkov po 320 µg) privedel do zmanjšanja pogostosti izbruhov, vendar ni izboljšal funkcije pljuč (glejte poglavje 5. 1).</s>
<s id="s625.1">Imetnik dovoljenja za promet z zdravilom se je strinjal z dopolnitvijo besedila za poglavje 5. 1, in sicer, da se vključi več podrobnosti o študiji M1 140 in navede, da je bila prisotna statistično pomembna razlika med odmerkom 160 mikrogramov in 640 mikrogramov ciklesonida na dan glede na 14 izbruh astme po prvem dnevu študije.</s>
<s id="s625.2">Predlagano besedilo navodila za uporabo je bilo ob zaključku postopka v okviru CMDh spremenjeno v skladu z dopolnitvami povzetka glavnih značilnosti zdravila.</s>
<s id="s625.3">Spremembe navodil za uporabo vključujejo navodilo glede kratkoročnega povečanja odmerka zdravila Alvesco na 640 mikrogramov/ dan v obliki dveh dnevnih odmerkov po 320 mikrogramov pri bolnikih, pri katerih je prišlo do poslabšanja simptomov astme.</s>
<s id="s625.4">To navodilo se nanaša tudi na pomanjkanje razpoložljivih podatkov, ki bi potrdili, da bo imel ta pristop ob prejemanju največjega razpoložljivega odmerka po 3 mesecih dodatne terapevtske učinke.</s>
<s id="s626.1">3.</s>
<s id="s626.2">Imetnik dovoljenja za promet je bil pozvan, da razloži različne primerne znanstvene pristope za izvedbo dobro zasnovane študije, v kateri bi primerjali odmerke 160 µg, 320 µg in 640 µg, da bi tako razjasnili razmerje med učinkovitostjo in varnostjo odmerka 160 µg v primerjavi s 320 µg in 640 µg pri hudih astmatikih.</s>
<s id="s626.3">Takšna študija mora biti v skladu z navodilom za klinično raziskovanje zdravil za zdravljenje astme (Note for Guidance on the Clinical Investigation of Medicinal Products in the Treatment of Asthma) CPMP/ EWP/ 2922/ 01.</s>
<s id="s627.1">CHMP je menil, da je imetnik dovoljenja za promet z zdravilom v odgovoru navedel primerno ciljno populacijo bolnikov.</s>
<s id="s627.2">Ti bolniki so delno nadzorovani v skladu z najnovejšimi smernicami GINA.</s>
<s id="s627.3">Obdobje zdravljenje in primarni pokazatelj sta ustrezna za merjenje možnih koristi večjih odmerkov ciklesonida.</s>
<s id="s627.4">Študija, namenjena prikazu statistično pomembne razlike med vsemi odmerki, je s statističnega in kliničnega vidika najprimernejša.</s>
<s id="s627.5">Predlagana študija (imenovana scenarij B) bo predvidoma zagotovila vse informacije, ki jih vlagatelj potrebuje za predložitev spremembe poglavja 4. 2 povzetka glavnih značilnosti zdravila, ki bi naj vključevalo priporočilo za uporabo večjih odmerkov ciklesonida, v skladu s predlogom imetnika dovoljenja za promet z zdravilom.</s>
<s id="s628.1">PODLAGA ZA DOPOLNITEV POVZETKA GLAVNIH ZNAČILNOSTI ZDRAVILA, OZNAČEVANJA IN NAVODILA ZA UPORABO</s>
<s id="s629.1">Ob upoštevanju naslednjega:</s>
<s id="s630.1">- predlagano besedilo poglavja 4. 2 povzetka glavnih značilnosti zdravila je bilo ob zaključku postopka</s>
<s id="s631.1">v okviru CMDh dopolnjeno tako, da odraža ugotovitev iz 12- tedenske študije, da je pri hudih astmatikih odmerek 640 µg/ dan (v obliki dveh odmerkov po 320 µg na dan) vplival na zmanjšanje pogostosti izbruhov, vendar ni izboljšal funkcije pljuč;</s>
<s id="s632.1">- predlagano besedilo poglavja 5. 1 povzetka glavnih značilnosti zdravila je bilo ob zaključku postopka</s>
<s id="s633.1">v okviru CMDh dopolnjeno tako, da vključuje več podrobnosti o študiji M1 140;</s>
<s id="s634.1">- predlagano besedilo za poglavja 3, 4 in 5 navodila za uporabo je bilo ob zaključku postopka v okviru</s>
<s id="s635.1">CMDh ustrezno dopolnjeno;</s>
<s id="s636.1">- imetnik dovoljenja za promet z zdravilom je predlagal ustrezno študijo, s katero bi bilo mogoče</s>
<s id="s637.1">podati odgovor na nerešeno vprašanje o dolgoročni uporabi odmerka 320 µg oz.</s>
<s id="s637.2">640 µg na dan;</s>
<s id="s638.1">je CHMP priporočil odobritev dovoljenj( a) za promet z zdravilom Avesco in z njim povezanih imen, z dopolnili ustreznih poglavij informacij o zdravilu in obveznostmi, ki jih bo treba izpolniti.</s>
<s id="s638.2">Popravljen povzetek glavnih značilnosti zdravila, označevanje in navodilo za uporabo so podani v Dodatku III mnenja za zdravilo Alvesco in z njim povezana imena (glejte Dodatek I).</s>
<s id="s638.3">Pogoji za dovoljenje za promet so navedeni v Dodatku IV.</s>
<s id="s639.1">Predlagatelj/ imetnik dovoljenja za promet z zdravilom je pozvan, da pridobi znanstven nasvet za določitev primerne oblike študije ter da izvede takšno študijo (ali več študij), ki bodo zagotovile nadaljnje informacije o uporabi večjega odmerka zdravila Alvesco za nadzor hude astme.</s>
<s id="s640.1">15 DODATEK III</s>
<s id="s641.1">DOPOLNILA K POVZETKU GLAVNIH ZNAČILNOSTI ZDRAVILA, OZNAČEVANJU IN NAVODILU ZA UPORABO</s>
<s id="s642.1">16 DOPOLNILA, KI NAJ SE VKLJUČIJO V ODGOVARJAJOČA POGLAVJA POVZETKA GLAVNIH ZNAČILNOSTI ZDRAVILA</s>
<s id="s643.1">17 Veljavni povzetek glavnih značilnosti zdravila je končna različica pripravljena v skupini za koordiniranje s sledečimi dopolnili:</s>
<s id="s644.1">4. 2 Odmerjanje in način uporabe</s>
<s id="s645.1">Zdravilo se uporablja samo za inhaliranje.</s>
<s id="s646.1">Priporočeni odmerki za odrasle in mladostnike:</s>
<s id="s647.1">Priporočeni odmerek zdravila Alvesco inhalacijske raztopine pod tlakom je 160 mikrogramov enkrat dnevno, kar pri večini bolnikov vodi do obvladovanja astme.</s>
<s id="s647.2">Vendar je pri hudih astmatikih 12 tedenska študija pokazala, da je odmerek 640 mikrogramov/ dan (odmerjen dvakrat dnevno po 320 mikrogramov) privedel do znižanja pogostnosti poslabšanj, toda brez izboljšanja pljučne funkcije (glejte poglavje 5. 1).</s>
<s id="s648.1">5. 1 Farmakodinamične lastnosti</s>
<s id="s649.1">Ciklesonid kaže nizko afiniteto za vezavo na glukokortikoidne receptorje.</s>
<s id="s649.2">Po peroralni inhalaciji se ciklesonid zaradi encimskega delovanja v pljučih pretvori v glavni metabolit (C21- des- metilpropionil - ciklesonid), ki ima izrazito protivnetno delovanje in se zato šteje za aktivni metabolit.</s>
<s id="s650.1">Štiri klinična preskušanja so pokazala, da ciklesonid zmanjša pretirano odzivnost dihal na adenozin monofosfat pri hiperreaktivnih bolnikih z maksimalnim učinkom opaženim pri odmerku 640 mikrogramov.</s>
<s id="s650.2">Neka druga raziskava je pokazala, da je predhodno sedemdnevno zdravljenje s ciklesonidom po poskusu inhalacije alergena znatno zmanjšalo zgodnjo in pozno fazo reakcij.</s>
<s id="s650.3">Dokazano je bilo tudi, da zdravljenje z inhaliranjem ciklesonida zmanjša širitev celičnega vnetja (skupni eozinofilci) in vnetne mediatorje pri induciranem izpljunku.</s>
<s id="s651.1">V kontrolirani raziskavi so po 7 dneh zdravljenja primerjali 24- urno vrednost AUC kortizola v plazmi pri 26 odraslih bolnikih z astmo.</s>
<s id="s651.2">V primerjavi s placebom, zdravljenje s 320, 640 in 1280 mikrogrami ciklesonida dnevno ni statistično znatno zmanjšalo 24- urne povprečne koncentracije kortizola v plazmi (AUC( 0- 24) / 24ur) niti ni bil učinek odvisen od odmerka.</s>
<s id="s652.1">V kliničnem preskušanju, v katerem je sodelovalo 164 odraslih moških in žensk z astmo, so ciklesonid dajali v odmerkih 320 mikrogramov ali 640 mikrogramov na dan 12 tednov.</s>
<s id="s652.2">Po stimulaciji z 1 in 250 mikrogrami kozintropina niso opazili pomembnih sprememb v ravni kortizola v plazmi v primerjavi s placebom.</s>
<s id="s653.1">12 tedenske dvojno slepe raziskave pri odraslih in mladostnikih, kontrolirane s placebom, so pokazale, da je zdravljenje s ciklesonidom izboljšalo delovanje pljuč, izmerjeno s FEV1, povečalo največji pretok zraka med izdihom, izboljšalo nadzor nad simptomi astme in zmanjšalo potrebo po inhalaciji beta- 2 agonista.</s>
<s id="s654.1">V 12- tedenski raziskavi 680 hudih astmatikov, ki so bili predhodno zdravljeni s 500- 1000 mikrogrami flutikazon- propionata na dan ali z enakovrednim odmerkom, je ob zdravljenju s 160 ali 640 mikrogrami ciklesonida ostalo brez poslabšanja bolezni 87, 3% in 93, 3% bolnikov.</s>
<s id="s654.2">Po koncu obdobja 12 tedenske raziskave so rezultati pokazali statistično pomembno razliko med odmerkoma 160 mikrogramov in 640 mikrogramov ciklesonida dnevno glede na pojavnost poslabšanja po prvem dnevu raziskave:</s>
<s id="s654.3">43 bolnikov od 339 (12, 7%) v skupini z dnevnim odmerkom 160 mikrogramov in 23 bolnikov od 341 (6, 7%) v skupini z dnevnim odmerkom 640 mikrogramov (stopnja tveganja=0, 526; p=0, 0134).</s>
<s id="s654.4">Pri obeh odmerkih ciklesonida sta bili vrednosti FEV1 po 12 tednih primerljivi.</s>
<s id="s654.5">Neželene učinke v povezavi z zdravljenjem so opazili pri 3, 8% bolnikov, ki so bili zdravljeni s 160 mikrogrami ciklesonida na dan ter pri 5% bolnikov zdravljenih s 640 mikrogrami ciklesonida na dan.</s>
<s id="s654.6">Raziskava, kjer bi primerjali dnevne odmerke 160 mikrogramov, 320 mikrogramov in 640 mikrogramov pri bolnikih s hudo astmo, ni bila izvedena.</s>
<s id="s655.1">18 DOPOLNILA, KI NAJ SE VKLJUČIJO V ODGOVARJAJOČA POGLAVJA OZNAČEVANJA</s>
<s id="s656.1">19 Veljavno označevanje je končna različica pripravljena v skupini za koordiniranje.</s>
<s id="s657.1">20 DOPOLNILA, KI NAJ SE VKLJUČIJO V ODGOVARJAJOČA POGLAVJA NAVODILA ZA UPORABO</s>
<s id="s658.1">21 Veljavno navodilo za uporabo je končna različica pripravljena v skupini za koordiniranje s sledečimi dopolnili:</s>
<s id="s659.1">NAVODILO ZA UPORABO:</s>
<s id="s659.2">INFORMACIJE ZA UPORABNIKA</s>
<s id="s660.1">Alvesco 40, 80 in 160 µg inhalacijska raztopina pod tlakom Ciklesonid</s>
<s id="s661.1">Pred uporabo natančno preberite navodilo!</s>
<s id="s662.1">- Navodilo shranite.</s>
<s id="s662.2">Morda ga boste želeli ponovno prebrati.</s>
<s id="s663.1">- Če imate dodatna vprašanja, se posvetujte z zdravnikom ali s farmacevtom.</s>
<s id="s664.1">- Zdravilo je bilo predpisano vam osebno in ga ne smete dajati drugim.</s>
<s id="s664.2">Njim bi lahko celo</s>
<s id="s665.1">škodovalo, čeprav imajo znake bolezni, podobne vašim.</s>
<s id="s666.1">- Če katerikoli neželeni učinek postane resen ali če opazite katerikoli neželeni učinek, ki ni</s>
<s id="s667.1">omenjen v tem navodilu, obvestite svojega zdravnika ali farmacevta.</s>
<s id="s668.1">Navodilo vsebuje naslednje informacije:</s>
<s id="s668.2">1.</s>
<s id="s668.3">Kaj je zdravilo Alvesco in za kaj ga uporabljamo 2.</s>
<s id="s668.4">Kaj morate vedeti, preden boste uporabili zdravilo Alvesco (v tem poglavju so pomembne informacije za vašo varnost) 3.</s>
<s id="s668.5">Kako uporabljati zdravilo Alvesco 4.</s>
<s id="s668.6">Možni neželeni učinki 5.</s>
<s id="s668.7">Shranjevanje zdravila Alvesco 6.</s>
<s id="s668.8">Dodatne informacije</s>
<s id="s669.1">3.</s>
<s id="s669.2">KAKO UPORABLJATI ZDRAVILO ALVESCO</s>
<s id="s670.1">Pri uporabi tega zdravila natančno upoštevajte zdravnikova navodila.</s>
<s id="s670.2">Če ste negotovi, se posvetujte z zdravnikom ali s farmacevtom.</s>
<s id="s671.1">• Če ste pravkar začeli uporabljati to zdravilo namesto kortikosteroidov v obliki tablet ali tablete še vedno jemljete, glejte poglavje 2, Bolniki, ki že jemljejo kortikosteroide v obliki tablet.</s>
<s id="s672.1">Koliko zdravila Alvesco moram vzeti vsak dan?</s>
<s id="s672.2">Zdravnik se bo z vami pogovoril o tem, kolikšen bo vaš dnevni odmerek zdravila.</s>
<s id="s672.3">Odvisen bo od vaših osebnih potreb.</s>
<s id="s673.1">• Priporočen odmerek zdravila Alvesco je 160 mikrogramov enkrat dnevno, kar pri večini bolnikov vodi do obvladovanja astme.</s>
<s id="s674.1">• Pri nekaterih bolnikih je lahko zmanjšanje odmerka na 80 mikrogramov enkrat dnevno ustrezno za vzdrževanje učinkovitega nadzora astme.</s>
<s id="s675.1">• Povečan odmerek zdravila Alvesco lahko postane nujen za kratko časovno obdobje pri bolnikih s hudim poslabšanjem simptomov astme.</s>
<s id="s675.2">Lahko prejmejo do 640 mikrogramov dnevno, razdeljeno na 320 mikrogramov dvakrat dnevno; vendar podatkov, ki bi potrjevali dodaten terapevtski učinek uporabe višjih odmerkov po 3 mesecih, ni na voljo.</s>
<s id="s676.1">Zdravnik vam po potrebi lahko predpiše tudi kortikosteroide v obliki tablet in/ ali, v primeru okužbe, antibiotik.</s>
<s id="s677.1">- Zdravnik bo odmerek prilagodil do najmanjšega odmerka, ki je potreben, da bo astma</s>
<s id="s678.1">nadzorovana.</s>
<s id="s679.1">- Simptomi (sopenje, stiskanje v prsnem košu in kašelj) bi se morali v 24 urah opazno izboljšati.</s>
<s id="s680.1">Kdaj moram uporabljati inhalator Alvesco?</s>
<s id="s681.1">22 V večini primerov, bodisi zjutraj ali zvečer – kot en ali dva vpiha enkrat dnevno.</s>
<s id="s681.2">Zelo natančno upoštevajte zdravnikova navodila.</s>
<s id="s681.3">Pomembno je, da zdravilo Alvesco jemljete redno vsak dan, tudi če se počutite bolje.</s>
<s id="s682.1">4.</s>
<s id="s682.2">MOŽNI NEŽELENI UČINKI</s>
<s id="s683.1">Kot vsa zdravila ima lahko tudi zdravilo Alvesco neželene učinke, ki pa se ne pojavijo pri vseh bolnikih.</s>
<s id="s684.1">Neželeni učinki, ki se pojavijo pri uporabi zdravila Alvesco, so ponavadi blagi.</s>
<s id="s684.2">V večini primerov se zdravljenje lahko nadaljuje.</s>
<s id="s684.3">Neželeni učinki, ki se lahko pojavijo, so:</s>
<s id="s685.1">Zelo redki neželeni učinki (pojavijo se pri manj kot enem od 10. 000 bolnikov):</s>
<s id="s685.2">Takojšnje ali zapoznele preobčutljivostne reakcije kot je otekanje ustnic, jezika in grla (angioedem).</s>
<s id="s685.3">Bolniki, ki imajo te simptome morajo prenehati uporabljati zdravilo in poiskati takojšnjo zdravniško pomoč.</s>
<s id="s686.1">Občasni neželeni učinki (pojavijo se pri manj kot enem od 100 bolnikov): • hripavost, kašelj po inhaliranju, močnejše sopenje po inhaliranju; • neprijeten okus, pekoč občutek, vnetje, draženje, suha usta ali grlo; • kožni izpuščaj in/ ali ekcem, ki povzroča srbenje in rdečico.</s>
<s id="s687.1">Zdravilo Alvesco lahko vpliva na normalno nastajanje kortikosteroidov v telesu.</s>
<s id="s687.2">To se običajno pojavi pri bolnikih, ki dalj časa jemljejo visoke odmerke.</s>
<s id="s687.3">Med temi redkimi neželenimi učinki so lahko:</s>
<s id="s688.1">- upočasnitev rasti pri mladostnikih</s>
<s id="s689.1">- tanjšanje kosti</s>
<s id="s690.1">- morebitna zamegljenost leče v očesu (katarakte), ki povzroča zamegljen vid</s>
<s id="s691.1">- izguba vida zaradi nenormalno visokega tlaka v očesu (glavkom)</s>
<s id="s692.1">- lunast obraz, povečanje telesne teže v zgornjem delu telesa in tanjšanje rok in nog</s>
<s id="s693.1">(Cushingoidne značilnosti ali Cushingov sindrom).</s>
<s id="s693.2">Pri mladostnikih, ki dalj časa prejemajo zdravljenje, morajo zdravniki redno preverjati telesno višino.</s>
<s id="s693.3">Če se rast upočasni, bo vaš zdravnik prilagodil vaše zdravljenje na najnižji možni odmerek, ki še zagotavlja učinkoviti nadzor astme.</s>
<s id="s694.1">Kortikosteroidi v obliki tablet lahko povzročijo več neželenih učinkov kot kortikosteroidi v obliki inhalatorja kot je Alvesco.</s>
<s id="s694.2">Če ste jemali steroide v obliki tablet pred uporabo zdravila Alvesco ali med njo, se lahko tveganje za pojav neželenih učinkov še nekaj časa nadaljuje.</s>
<s id="s694.3">Zdravnik vam bo z rednimi pregledi zagotovil ustrezen odmerek zdravila Alvesco.</s>
<s id="s694.4">Ob rednih pregledih se bodo že v začetni fazi pojavili morebitni neželeni učinki, pri čemer se bo zmanjšala možnost poslabšanja.</s>
<s id="s695.1">Zapomnite si:</s>
<s id="s695.2">Pričakovane koristi jemanja zdravila so običajno večje od tveganj škodljivih neželenih učinkov.</s>
<s id="s695.3">Če katerikoli neželeni učinek postane resen ali če opazite katerikoli neželeni učinek, ki ni omenjen v tem navodilu, obvestite svojega zdravnika ali farmacevta.</s>
<s id="s696.1">5.</s>
<s id="s696.2">SHRANJEVANJE ZDRAVILA ALVESCO</s>
<s id="s697.1">Zdravilo shranjujte nedosegljivo otrokom!</s>
<s id="s698.1">Vsebnik vsebuje tekočino pod tlakom.</s>
<s id="s698.2">Shranjujte pri temperaturi do 50°C.</s>
<s id="s698.3">Vsebnika nikoli ne prebadajte, ne poškodujte in ne sežigajte, četudi je videti prazen.</s>
<s id="s699.1">23 Kot pri večini zdravil za inhaliranje, ki so v vsebnikih pod tlakom, je lahko zdravilni učinek zdravila manjši, kadar je vsebnik ohlajen.</s>
<s id="s699.2">Vendar inhalator zdravila Alvesco dovaja enako stopnjo odmerka pri temperaturi v razponu od minus 10°C do plus 40°C.</s>
<s id="s700.1">Inhalatorja ne smete uporabljati po datumu izteka roka uporabnosti, ki je naveden na nalepki in škatli poleg oznake &quot;Uporabno do&quot;.</s>
<s id="s700.2">Datum izteka roka uporabnosti se nanaša na zadnji dan navedenega meseca.</s>
<s id="s701.1">Če se zdravnik odloči prekiniti zdravljenje ali če se inhalator izprazni, ga vrnite farmacevtu, ki ga bo varno odstranil.</s>
<s id="s701.2">To je pomembno, ker lahko sledi zdravila ostanejo v vsebniku, tudi če je videti prazen.</s>
<s id="s702.1">24 DODATEK IV</s>
<s id="s703.1">POGOJI DOVOLJENJ( A) ZA PROMET Z ZDRAVILOM</s>
<s id="s704.1">25 POGOJI, OCENJENI KOT KLJUČNI ZA VARNO IN UČINKOVITO UPORABO ZDRAVILA, VKLJUČNO S FARMAKOVIGILANCO</s>
<s id="s705.1">Pristojni nacionalni organi, ki jih koordinira referenčna država članica, morajo zagotoviti, da imetnik dovoljenja za promet z zdravilom izpolni naslednje pogoje:</s>
<s id="s706.1">- predlagatelj/ imetnik dovoljenja za promet z zdravilom je pozvan, da pridobi znanstveni nasvet za</s>
<s id="s707.1">določitev primerne oblike študije ter da izvede takšno študijo (ali več študij), ki bodo zagotovile nadaljnje informacije o uporabi večjega odmerka zdravila Alvesco za nadzor hude astme.</s>
<s id="s708.1">26</s>
</body>
</letsmt>
