<?xml version="1.0" encoding="utf-8"?>
<letsmt version="1.0">
<head></head>
<body>
<s id="s1.1">DODATEK I</s>
<s id="s2.1">SEZNAM IMEN, FARMACEVTSKIH OBLIK, JAKOSTI ZDRAVILA, POTI UPORABE ZDRAVILA, PREDLAGATELJEV, IMETNIKOV DOVOLJENJA ZA PROMET Z ZDRAVILOM V DRŽAVAH ČLANICAH</s>
<s id="s3.1">1 Država članica</s>
<s id="s4.1">Imetnik dovoljenja za promet z zdravilom</s>
<s id="s5.1">Predlagatelj</s>
<s id="s6.1">(Izmišljeno) ime</s>
<s id="s7.1">Jakost</s>
<s id="s8.1">Farmacevtska oblika</s>
<s id="s9.1">Pot uporabe zdravila</s>
<s id="s10.1">Bolgarija</s>
<s id="s11.1">Gedeon Richter Plc.</s>
<s id="s11.2">1103 Budapest, Gyömrői út 19- 21.</s>
<s id="s11.3">Madžarska</s>
<s id="s12.1">Dironorm</s>
<s id="s13.1">10 mg/ 5 mg</s>
<s id="s14.1">tablete</s>
<s id="s15.1">peroralna uporaba</s>
<s id="s16.1">Češka republika</s>
<s id="s17.1">Gedeon Richter Plc.</s>
<s id="s17.2">1103 Budapest, Gyömrői út 19- 21.</s>
<s id="s17.3">Madžarska</s>
<s id="s18.1">Lisonorm *</s>
<s id="s19.1">10 mg/ 5 mg</s>
<s id="s20.1">tablete</s>
<s id="s21.1">peroralna uporaba</s>
<s id="s22.1">Estonija</s>
<s id="s23.1">Gedeon Richter Plc.</s>
<s id="s23.2">1103 Budapest, Gyömrői út 19- 21.</s>
<s id="s23.3">Madžarska</s>
<s id="s24.1">Dironorm</s>
<s id="s25.1">10 mg/ 5 mg</s>
<s id="s26.1">tablete</s>
<s id="s27.1">peroralna uporaba</s>
<s id="s28.1">Madžarska</s>
<s id="s29.1">Gedeon Richter Plc.</s>
<s id="s29.2">1103 Budapest, Gyömrői út 19- 21.</s>
<s id="s29.3">Madžarska</s>
<s id="s30.1">Lisonorm</s>
<s id="s31.1">10 mg/ 5 mg</s>
<s id="s32.1">tablete</s>
<s id="s33.1">peroralna uporaba</s>
<s id="s34.1">Latvija</s>
<s id="s35.1">Gedeon Richter Plc.</s>
<s id="s35.2">1103 Budapest, Gyömrői út 19- 21.</s>
<s id="s35.3">Madžarska</s>
<s id="s36.1">Dironorm</s>
<s id="s37.1">10 mg/ 5 mg</s>
<s id="s38.1">tablete</s>
<s id="s39.1">peroralna uporaba</s>
<s id="s40.1">Litva</s>
<s id="s41.1">Gedeon Richter Plc.</s>
<s id="s41.2">1103 Budapest, Gyömrői út 19- 21.</s>
<s id="s41.3">Madžarska</s>
<s id="s42.1">Dironorm</s>
<s id="s43.1">10 mg/ 5 mg</s>
<s id="s44.1">tablete</s>
<s id="s45.1">peroralna uporaba</s>
<s id="s46.1">Poljska</s>
<s id="s47.1">Gedeon Richter Plc.</s>
<s id="s47.2">1103 Budapest, Gyömrői út 19- 21.</s>
<s id="s47.3">Madžarska</s>
<s id="s48.1">Dironorm</s>
<s id="s49.1">10 mg/ 5 mg</s>
<s id="s50.1">tablete</s>
<s id="s51.1">peroralna uporaba</s>
<s id="s52.1">Romunija</s>
<s id="s53.1">Gedeon Richter Plc.</s>
<s id="s53.2">1103 Budapest, Gyömrői út 19- 21.</s>
<s id="s53.3">Madžarska</s>
<s id="s54.1">Lisonorm 10mg/ 5mg</s>
<s id="s55.1">10 mg/ 5 mg</s>
<s id="s56.1">tablete</s>
<s id="s57.1">peroralna uporaba</s>
<s id="s58.1">Slovaška republika</s>
<s id="s59.1">Gedeon Richter Plc.</s>
<s id="s60.1">Dironorm</s>
<s id="s61.1">10 mg/ 5 mg</s>
<s id="s62.1">tablete</s>
<s id="s63.1">peroralna uporaba</s>
<s id="s64.1">2 Država članica</s>
<s id="s65.1">Imetnik dovoljenja za promet z zdravilom</s>
<s id="s66.1">Predlagatelj</s>
<s id="s67.1">(Izmišljeno) ime</s>
<s id="s68.1">Jakost</s>
<s id="s69.1">Farmacevtska oblika</s>
<s id="s70.1">Pot uporabe zdravila</s>
<s id="s71.1">1103 Budapest, Gyömrői út 19- 21.</s>
<s id="s71.2">Madžarska</s>
<s id="s72.1">3 DODATEK II</s>
<s id="s73.1">ZNANSTVENI ZAKLJUČKI IN PODLAGA, KI JIH JE PREDSTAVILA EVROPSKA AGENCIJA ZA ZDRAVILA</s>
<s id="s74.1">4 ZNANSTVENI ZAKLJUČKI</s>
<s id="s75.1">SPLOŠNI POVZETEK ZNANSTVENEGA VREDNOTENJA ZDRAVILA LISONORM IN Z NJIM POVEZANIH IMEN (GLEJTE DODATEK I)</s>
<s id="s76.1">Zdravilo Lisonorm je nova kombinacija s točno določenim odmerkom, ki vsebuje 10 mg lizinoprila (zaviralca angiotenzinske konvertaze – zaviralca ACE) in 5 mg amlodipina (selektivnega zaviralca kalcijevih kanalčkov) ter je indicirano pri bolnikih z visokim krvnim tlakom, ki je ustrezno nadzorovan s sočasnim jemanjem lizinoprila in amlodipina z enakim odmerkom.</s>
<s id="s76.2">Predlagatelj, družba Gideon Richter, je s postopkom medsebojnega priznavanja, pri čemer je Madžarska imela vlogo referenčne države članice, vložil vlogo za dovoljenje za promet z zdravilom v več državah članicah (CZ, EE, LT, LV, PL, RO in SK).</s>
<s id="s76.3">Napotitveni postopek v skladu s členom 29 sta zaradi zadržkov sprožili CZ in LV zaradi možnega tveganja za javno zdravje na podlagi nezadostnih dokazov o biološki enakovrednosti, saj predlagatelj v prvotno predloženi študiji o biološki enakovrednosti ni uporabil originatornega zdravila (Aulin Gel) kot referenčnega zdravila, ampak je namesto tega uporabil generično zdravilo z eno samo učinkovino (monokomponentno).</s>
<s id="s77.1">V skladu s pravnimi predpisi (CHMP/ EWP/ 191583/ 2005) so za nova zdravila s točno določenim odmerkom učinkovin, za katera se zahteva nadomestno indiciranje, potrebni uradni dokaz biološke enakovrednosti, dokaz o obsežnih izkušnjah z zdravljenjem in ustrezno ugotovljeno razmerje med koristmi in tveganji.</s>
<s id="s77.2">Za zdravilo Lisonorm (nova kombinacija 10 mg lizinoprila/ 5 mg amlodipina) razmerje med koristmi in tveganji ni bilo ustrezno ugotovljeno, saj prvotno predložena študija biološke enakovrednosti ni bila izvedena v skladu z ustreznim nadzorom, predhodni rezultati nove študije biološke enakovrednosti (št.</s>
<s id="s77.3">67289) pa ne omogočajo popolne ocene razmerja med koristmi in tveganji.</s>
<s id="s78.1">Predlagatelj je prepoznal omejitve, ki izhajajo iz izbire zdravil, uporabljenih v prvotni osrednji študiji biološke enakovrednosti, ter izvedel študijo (št. protokola 67289), s katero je želel preučiti biološko enakovrednost zdravil LISONORM FORTE (kombinacija s točno določenim odmerkom, ki vsebuje 10 mg amlodipina in 20 mg lizinoprila), sočasno uporabo zdravila NORVASC 10 mg (ki vsebuje 10 mg amlodipina) in zdravila PRINIVIL 20 mg (ki vsebuje 20 mg lizinoprila) ter zdravila LISONORM (kombinacija s točno določenim odmerkom, ki vsebuje 5 mg amlodipina in 10 mg lizinoprila) v pogojih postenja.</s>
<s id="s79.1">Za amlodipin in lizinopril so bili z uporabo programske opreme Bioequiv 3. 5, ki uporablja od vzorca neodvisen pristop, izračunani farmakokinetični parametri.</s>
<s id="s79.2">Predlagatelj je te farmakokinetične rezultate predložil za učinkovini amlodipin in lizinopril skupaj s časovno krivuljo pollogaritemskega povprečja koncentracije v plazmi.</s>
<s id="s79.3">Predstavljeni so bili tudi geometrično povprečno razmerje, 90- odstotni intervali zaupanja in pripadajoči intraindividualni CV- ji za Cmax AUC0- t in AUC0- ∞ za amlodipin in lizinopril.</s>
<s id="s80.1">Odbor za zdravila za uporabo v humani medicini (CHMP) je menil, da se je predlagatelj ustrezno odzval z zagotovitvijo rezultatov dodatne študije biološke enakovrednosti št.</s>
<s id="s80.2">67289 in predložil uradni dokaz biološke enakovrednosti zdravil.</s>
<s id="s80.3">Celotna zasnova študije je bilo ustrezno predhodno opredeljena v protokolu in je bila sprejemljiva.</s>
<s id="s80.4">Bolniki, ki so sodelovali v študiji, so bili izbrani z ustreznimi merili za sodelovanje, režim odmerjanja pa je bil standardiziran in je izključeval vse dejavnike, ki bi lahko vplivali na farmakokinetično medsebojno delovanje.</s>
<s id="s80.5">Interval vzorčenja in obdobje izpiranja sta bila dovolj dolga, pa tudi statistična ocena je bila ustrezna.</s>
<s id="s80.6">Metode LC- MS/ MS so bile potrjene za analizo obeh sestavin, stabilnost vzorcev pa je bila dokumentirana v obdobju shranjevanja vzorcev.</s>
<s id="s81.1">Na podlagi predloženih podatkov je mogoče potrditi biološko enakovrednost za amlodipin 10 mg in lizinopril 20 mg po uporabi enkratnega peroralnega odmerka zdravila LISONORM FORTE, sočasne uporabe zdravila NORVASC 10 mg in zdravila PRINIVIL 20 mg ali uporabo zdravila LISONORM</s>
<s id="s82.1">5 (kombinacija s točno določenim odmerkom, ki vsebuje 5 mg amlodipina in 10 mg lizinoprila).</s>
<s id="s82.2">90 - odstotni intervali zaupanja, izračunani za AUC( 0- t), AUC( 0- nes) in Cmax, so bili za obe sestavini (lizinopril in amlodipin) v okviru 0, 8– 1, 25.</s>
<s id="s83.1">Kar zadeva varnost zdravila, so iz študije izstopili trije bolniki.</s>
<s id="s83.2">35 od 48 sodelujočih v študiji, ki so prejeli vsaj en odmerek zdravila v preskušanju, je skupaj prijavilo 96 neželenih učinkov po odmerku.</s>
<s id="s83.3">Kot je mogoče pričakovati za to vrsto zdravila, je bil najpogosteje prijavljeni neželeni učinek glavobol.</s>
<s id="s83.4">Poleg tega je bila opažena tudi visoka pojavnost podaljšanega intervala QT, ki se je pojavil pri 16, 7% sodelujočih (n=8).</s>
<s id="s83.5">Pojav podaljšanega intervala QT je bil podoben pri uporabi vseh treh možnostih zdravljenja, prav tako pa ni bilo statistično bistvenih razlik v vrednosti podaljšanega intervala QTc pred in po zaužitju odmerka.</s>
<s id="s83.6">Zato med tremi uporabljenimi različnimi zdravljenji z amlodipinom in lizinoprilom ni bilo bistvenih razlik v pojavnosti neželenih učinkov, rezultati študije pa niso pustili nobenih odprtih vprašanj glede varnosti zdravila.</s>
<s id="s84.1">PODLAGA</s>
<s id="s85.1">Ob upoštevanju:</s>
<s id="s86.1">– da je predlagatelj predložil študijo biološke enakovrednosti št.</s>
<s id="s86.2">67289, iz katere je razvidno, da ima zdravilo v preskušanju primerljiv farmakokinetični profil za amlodipin in lizinopril v kombinaciji s točno določenim odmerkom v primerjavi z referenčnimi zdravili (monokomponentnimi zdravili);</s>
<s id="s87.1">– da je bila biološka enakovrednost zdravila v primerjavi z monokomponentnimi zdravili ustrezno dokazana;</s>
<s id="s88.1">– da varnostni profil zdravil v preskušanju ne kaže nobenih razlik glede neželenih učinkov, povezanih z uporabo amlodipina in lizinoprila, v primerjavi z referenčnimi zdravljenji,</s>
<s id="s89.1">je Odbor za zdravila za uporabo v humani medicini priporočil odobritev dovoljenja za promet z zdravilom Lisonorm in z njim povezana imena, za katera so v Dodatku III določeni povzetek glavnih značilnosti zdravila, označevanje in navodilo za uporabo (glejte Dodatek I).</s>
<s id="s90.1">6 DODATEK III</s>
<s id="s91.1">POVZETEK GLAVNIH ZNAČILNOSTI ZDRAVILA OZNAČEVANJE IN NAVODILO ZA UPORABO</s>
<s id="s92.1">7 POVZETEK GLAVNIH ZNAČILNOSTI ZDRAVILA</s>
<s id="s93.1">8 1.</s>
<s id="s93.2">IME ZDRAVILA</s>
<s id="s94.1">Lisonorm in povezana imena (glejte Dodatek I) 10/ 5 mg tablete [Glejte Dodatek I – Izpolni država članica]</s>
<s id="s95.1">2.</s>
<s id="s95.2">KAKOVOSTNA IN KOLIČINSKA SESTAVA</s>
<s id="s96.1">Ena tableta vsebuje 10 mg lizinoprila (kot dihidrata) in 5 mg amlodipina (kot besilata).</s>
<s id="s97.1">Za celoten seznam pomožnih snovi glejte poglavje 6. 1.</s>
<s id="s98.1">3.</s>
<s id="s98.2">FARMACEVTSKA OBLIKA</s>
<s id="s99.1">Tableta.</s>
<s id="s100.1">Bela ali sivo bela, okrogla, sploščena tableta s poševnim robom in razdelilno zarezo na eni strani ter vtisnjenim znakom » A+L « na drugi strani.</s>
<s id="s100.2">Premer: približno 8 mm.</s>
<s id="s100.3">Razdelilna zareza je namenjena delitvi tablete za lažje požiranje in ne delitvi na enaka odmerka.</s>
<s id="s101.1">4.</s>
<s id="s101.2">KLINIČNI PODATKI</s>
<s id="s102.1">4. 1 Terapevtske indikacije</s>
<s id="s103.1">Zdravljenje esencialne hipertenzije.</s>
<s id="s104.1">Zdravilo Lisonorm je indicirano kot nadomestno zdravljenje za bolnike, pri katerih se krvni tlak zadostno nadzoruje z lizinoprilom in amlodipinom, ki se dajeta sočasno v enakem odmerku.</s>
<s id="s105.1">4. 2 Odmerjanje in način uporabe</s>
<s id="s106.1">Priporočeni odmerek je ena tableta na dan.</s>
<s id="s106.2">Največji dnevni odmerek je ena tableta.</s>
<s id="s106.3">Ker hrana ne vpliva na absorpcijo, se lahko zdravilo Lisonorm jemlje ne glede na obroke.</s>
<s id="s107.1">Bolniki z ledvično okvaro Da bi ugotovili optimalni začetni in vzdrževalni odmerek pri bolnikih z okvaro ledvic, je treba pri bolniku opraviti titracijo, pri čemer se lizinopril in amlodipin uporabita posamezno.</s>
<s id="s107.2">Zdravilo Lisonorm je indicirano samo za bolnike, pri katerih je optimalni vzdrževalni odmerek lizinoprila in amlodipina titriran na 10 oziroma 5 mg.</s>
<s id="s107.3">Med zdravljenjem z zdravilom Lisonorm je treba spremljati ledvično delovanje ter ravni kalija in natrija v serumu.</s>
<s id="s107.4">Če se ledvično delovanje poslabša, je treba uporabo zdravila Lisonorm prekiniti in ga zamenjati z ustrezno prilagojenim odmerkom posamezne zdravilne učinkovine.</s>
<s id="s108.1">Bolniki z jetrno okvaro Izločanje amlodipina je lahko pri bolnikih z okvarjenim delovanjem jeter podaljšana.</s>
<s id="s108.2">Za take primere niso določili nobenih natančnih priporočil za odmerjanje, zato je treba to zdravilo pri bolnikih z jetrno okvaro uporabljati previdno.</s>
<s id="s109.1">Otroci in mladostniki Zaradi pomanjkanja podatkov o varnosti in učinkovitosti se uporaba zdravila Lisonorm ne priporoča pri otrocih, mlajših od 18 let.</s>
<s id="s110.1">Starejši bolniki (&gt; 65 let) V kliničnih študijah ni bilo spremembe v profilu učinkovitosti ali varnosti amlodipina ali lizinoprila, ki bi bila povezana s starostjo.</s>
<s id="s110.2">Da bi ugotovili optimalni vzdrževalni odmerek za starejše bolnike, je pri</s>
<s id="s111.1">9 njih treba opraviti titracijo, pri čemer se kombinacija lizinoprila in amlodipina uporablja v obliki posameznih zdravilnih učinkovin.</s>
<s id="s111.2">Zdravilo Lisonorm je indicirano samo za bolnike, pri katerih je optimalni vzdrževalni odmerek lizinoprila in amlodipina titriran na 10 oziroma 5 mg (glejte poglavje 4. 4).</s>
<s id="s112.1">4. 3 Kontraindikacije</s>
<s id="s113.1">• Preobčutljivost za lizinopril ali kateri koli drugi zaviralec angiotenzinske konvertaze (ACE). • Preobčutljivost za amlodipin ali katere koli druge derivate dihidropiridina. • Preobčutljivost za katero koli pomožno snov. • Huda hipotenzija. • Angioedem v anamnezi, povezanega s predhodnim zdravljenjem z zaviralcem ACE. • Dedni ali idiopatični angioedem (glejte poglavje 4. 4). • Hemodinamično pomembna obstrukcija izhodnega trakta levega prekata (aortna stenoza, hipertrofična kardiomiopatija), mitralna stenoza ali kardiogeni šok. • Srčna odpoved po akutnem miokardnem infarktu (v prvih 28 dneh). • Nestabilna angina pektoris (razen Prinzmetalove angine). • Nosečnost in dojenje (glejte poglavje 4. 6).</s>
<s id="s114.1">4. 4 Posebna opozorila in previdnostni ukrepi</s>
<s id="s115.1">Simptomatska hipotenzija Veliko znižanje krvnega tlaka in posledična simptomatska hipotenzija se lahko pojavita pri bolnikih z zmanjšanjem prostornine in/ ali znižanjem natrija, ki jo povzročijo zdravljenje z diuretiki, izguba tekočine drugega izvora, kot je čezmerna diaforeza, dolgotrajno bruhanje in/ ali driska (glejte poglavje 4. 2).</s>
<s id="s115.2">Če se pojavi hipotenzija, je treba bolnika položiti v ležeč položaj na hrbet in po potrebi uvesti nadomeščanje z intravensko tekočino (intravensko infundiranje fiziološke raztopine).</s>
<s id="s115.3">Najbolje je, da se znižanje natrija in/ ali zmanjšanje prostornine popravi pred zdravljenjem z zdravilom Lisonorm.</s>
<s id="s115.4">Po uporabi začetnega odmerka je treba skrbno spremljati obseg antihipertenzivnega učinka.</s>
<s id="s116.1">Aortna in mitralna stenoza, obstrukcijska hipertrofična kardiomiopatija Kot pri vseh vazodilatatorjih je treba zdravilo Lisonorm uporabljati previdno pri bolnikih z obstrukcijo v izhodnem traktu levega prekata in stenozo mitralne zaklopke.</s>
<s id="s117.1">Okvara ledvičnega delovanja Pri nekaterih bolnikih s hipertenzijo brez ledvične vaskularne bolezni se je pojavilo povečanje sečnine v krvi in kreatinina v serumu, ki je bilo navadno majhno in prehodno, predvsem kadar so se zaviralci angiotenzinske konvertaze dajali sočasno z diuretiki.</s>
<s id="s117.2">To se lahko bolj verjetno pojavi pri bolnikih z že obstoječo ledvično okvaro.</s>
<s id="s117.3">Pri nekaterih bolnikih z obojestransko stenozo ledvične arterije ali stenozo arterije ene ledvice, ki so se zdravili z zaviralci angiotenzinske konvertaze, so opazili povečanje sečnine v krvi in kreatinina v serumu, ki pa je bilo navadno reverzibilno po prekinitvi zdravljenja.</s>
<s id="s117.4">To je še posebno verjetno pri bolnikih z ledvično insuficienco.</s>
<s id="s117.5">Da bi ugotovili optimalni vzdrževalni odmerek pri bolnikih z ledvično okvaro, je treba pri bolniku opraviti titracijo, pri čemer se lizinopril in amlodipin uporabljata posamezo in pri čemer je treba skrbno spremljati ledvično delovanje.</s>
<s id="s117.6">Zdravilo Lisonorm je indicirano samo za bolnike, pri katerih je optimalni vzdrževalni odmerek lizinoprila in amlodipina titriran na 10 oziroma 5 mg.</s>
<s id="s117.7">Če se ledvično delovanje poslabša, je treba uporabo zdravila Lisonorm prekiniti in ga zamenjati z ustrezno prilagojenim odmerkom posamezne zdravilne učinkovine.</s>
<s id="s117.8">Morda bo potrebno tudi zmanjšanje odmerka in/ ali prekinitev uporabe diuretika.</s>
<s id="s118.1">Angioedem Pri bolnikih, ki se zdravijo z zaviralci angiotenzinske konvertaze, vključno z lizinoprilom, so poročali o angioedemu obraza, udov, ustnic, jezika, glotisa in/ ali grla.</s>
<s id="s118.2">V takih primerih je treba uporabo zdravila Lisonorm takoj prekiniti in bolnika skrbno zdravniško nadzorovati, dokler simptomi popolnoma ne izginejo.</s>
<s id="s119.1">10 Kadar je otekanje omejeno na obraz, ustnice in ude, navadno izgine spontano, vendar pa bodo za lajšanje simptomov morda kljub temu primerni antihistaminiki.</s>
<s id="s120.1">Angioedem v kombinaciji z laringealnim edemom je potencialno smrten.</s>
<s id="s120.2">Če edematozna oteklina vključuje jezik, glotis ali grlo ali je verjetno, da povzroča obstrukcijo dihal, je treba takoj uvesti nujno zdravljenje.</s>
<s id="s120.3">Ustrezni ukrepi vključujejo subkutano dajanje 0, 3– 0, 5 mg adrenalina ali počasno intravensko dajanje 0, 1 mg adrenalina, čemur sledi dajanje glukokortikoidov in antihistaminikov, pri čemer se sočasno spremljajo vitalne funkcije.</s>
<s id="s121.1">Zaviralci angiotenzinske konvertaze pogosteje povzročijo angioedem pri temnopoltih bolnikih kot pri belcih.</s>
<s id="s122.1">Pri bolnikih, ki se zdravijo z zaviralci ACE, so redko poročali o črevesnem edemu.</s>
<s id="s122.2">Ti bolniki so imeli abdominalno bolečino (s slabostjo in bruhanjem ali brez njiju); v nekaterih primerih predhodni angioedem obraza ni bil prisoten, raven esteraze C1 pa je bila normalna.</s>
<s id="s122.3">Angioedem so diagnosticirali s postopki, ki vključujejo slikanje CT ali ultrazvok, ali pri kirurškem posegu, simptomi pa so izginili po prekinitvi uporabe zaviralca ACE.</s>
<s id="s122.4">Črevesni angioedem je treba vključiti v diferencialno diagnozo bolnikov, ki jemljejo zaviralci ACE in imajo abdominalno bolečino.</s>
<s id="s123.1">Anafilaktoidne reakcije pri bolnikih na hemodializi O anafilaktičnem šoku so poročali pri bolnikih na dializi z membrano iz poliakrilonitrila (na primer AN 69), ki so se sočasno zdravili z zaviralcem ACE, zato se je treba tej kombinaciji izogibati.</s>
<s id="s123.2">Pri teh bolnikih se priporoča uporaba druge vrste membrane za dializo ali drug razred zdravil proti hipertenziji.</s>
<s id="s124.1">Anafilaktoidne reakcije med aferezo lipoproteinov majhne gostote (LDL) Pri bolnikih, ki med aferezo lipoproteinov majhne gostote (LDL) z dekstransulfatom prejemajo zaviralce ACE, redko nastopijo smrtno nevarne anafilaktoidne reakcije.</s>
<s id="s124.2">Tem reakcijam so se izognili z začasno prekinitvijo zdravljenja z zaviralcem ACE pred posamezno aferezo.</s>
<s id="s125.1">Desenzibilizacija proti strupu čebele/ ose Bolniki, ki prejemajo zaviralce ACE, so imeli med desenzibilizacijo proti strupu Hymenoptera (na primer ose, čebele) občasne anafilaktoidne reakcije.</s>
<s id="s125.2">Tem smrtno nevarnim reakcijam se lahko izognete z začasno prekinitvijo zdravljenja z zaviralcem ACE.</s>
<s id="s126.1">Hepatotoksičnost Zaviralci ACE so bili zelo redko povezani s sindromom, ki se začne s holestatskim ikterusom ali hepatitisom ter napreduje v fulminantno nekrozo in (včasih) smrt.</s>
<s id="s126.2">Mehanizma tega sindroma ne poznamo.</s>
<s id="s126.3">Pri bolnikih, ki prejemajo tablete Lisonorm, pri katerih se razvije ikterus ali znatno povečanje koncentracije jetrnih encimov, je treba zdravljenje z zdravilom Lisonorm prekiniti in jih ustrezno zdravniško nadzorovati.</s>
<s id="s127.1">Jetrna okvara Pri bolnikih z okvarjenim jetrnim delovanjem je razpolovni čas amlodipina podaljšan.</s>
<s id="s127.2">Ker priporočil za odmerjanje ni, je treba to zdravilo previdno uporabljati, pri čemer je treba pretehtati pričakovane koristi in morebitna tveganja zdravljenja.</s>
<s id="s128.1">Hematološka toksičnost Pri bolnikih, ki prejemajo zaviralce ACE, so zelo redko poročali o nevtropeniji, agranulocitozi, trombocitopeniji in anemiji (glejte poglavje 4. 8).</s>
<s id="s128.2">Pri bolnikih z normalnim delovanjem ledvic in brez drugih dejavnikov za zaplete je nevtropenija redka.</s>
<s id="s128.3">Nevtropenija in agranulocitoza sta po prekinitvi uporabe zaviralca ACE reverzibilni.</s>
<s id="s128.4">Pri bolnikih s kolagensko vaskularno boleznijo, bolnikih, ki prejemajo imunosupresivna zdravila, alopurinol ali prokainamid, ali s kombinacijo teh dejavnikov je treba zdravilo Lisonorm uporabljati izjemno previdno, zlasti če obstaja predhodna okvara delovanja ledvic.</s>
<s id="s128.5">Pri nekaterih od teh bolnikov so se razvile resne okužbe, ki se v nekaterih primerih niso odzvale na intenzivno zdravljenje z antibiotiki.</s>
<s id="s128.6">Če se zdravilo Lisonorm uporablja pri teh bolnikih, se</s>
<s id="s129.1">11 priporoča periodično spremljanje števila belih krvnih celic, bolnikom pa je treba svetovati, naj zdravnika obvestijo o vsakršnih znakih okužbe.</s>
<s id="s130.1">Kašelj Pri uporabi zaviralcev ACE so poročali o kašlju.</s>
<s id="s130.2">Najpogosteje je neproduktiven, perzistenten in po prenehanju zdravljenja izgine.</s>
<s id="s130.3">Pri diferencialni diagnozi kašlja je treba upoštevati kašelj, ki ga izzovejo zaviralci ACE.</s>
<s id="s131.1">Kirurški poseg/ splošna anestezija Pri bolnikih, ki prestajajo večje kirurške posege ali so pod anestezijo s snovmi, ki povzročajo hipotenzijo, lizinopril lahko blokira nastanek angiotenzina II po kompenzacijskem izločanju renina.</s>
<s id="s131.2">Če se pojavi hipotenzija, ki je verjetno posledica tega mehanizma, se lahko popravi s zvečanjem prostornine.</s>
<s id="s132.1">Starejši bolniki Kadar je zmanjšano ledvično delovanje povezano s starostjo, je treba pri bolnikih z ledvično okvaro prilagoditi odmerek zdravila Lisonorm (glejte poglavje 4. 2).</s>
<s id="s133.1">Hiperkaliemija Pri nekaterih bolnikih, ki se zdravijo z zaviralci ACE, so opazili zvišanje ravni kalija v serumu.</s>
<s id="s133.2">Med bolniki s tveganjem za razvoj hiperkaliemije so bolniki z ledvično okvaro, sladkorno boleznijo, akutno dekompenzacijo srca, dehidracijo, presnovno acidozo ali bolniki, ki sočasno uporabljajo diuretike, ki varčujejo s kalijem, nadomestke kalija ali nadomestke soli, ki vsebujejo kalij, ali bolniki, ki uporabljajo katera koli zdravila, povezana z zvečanjem koncentracije kalija v serumu (na primer heparin).</s>
<s id="s133.3">Če je potrebna sočasna uporaba zgoraj naštetih snovi, se priporoča redno spremljanje ravni kalija v serumu (glejte poglavje 4. 5).</s>
<s id="s134.1">4. 5 Medsebojno delovanje z drugimi zdravili in druge oblike interakcij</s>
<s id="s135.1">Interakcije, povezane z lizinoprilom Snovi, ki vplivajo na raven kalija:</s>
<s id="s135.2">Duiretiki, ki varčujejo s kalijem (na primer spironolakton, amilorid in triamteren), nadomestki kalija ali nadomestki soli, ki vsebujejo kalij, in druge snovi, ki lahko zvišajo raven kalija (na primer heparin), lahko v kombinaciji z zaviralci ACE povzročijo hiperkaliemijo, predvsem pri bolnikih z ledvično okvaro in drugimi stanji (glejte poglavje 4. 4).</s>
<s id="s135.3">Če je treba zdravilo, ki vpliva na raven kalija, predpisati v kombinaciji z lizinoprilom, se priporoča spremljanje ravni kalija v serumu.</s>
<s id="s135.4">Zato je treba skrbno razmisliti o sočasnem dajanju, ki se lahko izvaja samo ob povečani pozornosti in rednem spremljanju ravni kalija v serumu in ledvičnega delovanja.</s>
<s id="s136.1">Diuretiki:</s>
<s id="s136.2">Kadar se zdravljenju bolnika, ki prejema zdravilo Lisonorm, doda diuretik, se antihipertenzivni učinek navadno poveča (glejte poglavje 4. 4).</s>
<s id="s136.3">Lizinopril ublaži kalijuretične učinke diuretikov.</s>
<s id="s137.1">Drugi antihipertenzivi:</s>
<s id="s137.2">Sočasna uporaba teh snovi lahko poveča hipotenzivne učinke zdravila Lisonorm.</s>
<s id="s137.3">Sočasna uporaba z gliceriltrinitratom in drugimi nitrati ali drugimi vazodilatatorji lahko dodatno zniža krvni tlak.</s>
<s id="s138.1">Triciklični antidepresivi/ antipsihotiki/ anestetiki/ narkotiki:</s>
<s id="s138.2">Sočasna uporaba z zaviralci ACE lahko povzroči nadaljnje znižanje krvnega tlaka (glejte poglavje 4. 4).</s>
<s id="s139.1">Alkohol poveča hipotenzivni učinek.</s>
<s id="s140.1">Alopurinol, prokainamid, citostatiki ali imunosupresivne zdravilne učinkovine (sistemski kortikosteroidi) lahko povzročijo povečano tveganje levkopenije, kadar se uporabljajo sočasno z zaviralci ACE.</s>
<s id="s141.1">Antacidi zmanjšajo biološko uporabnost sočasno uporabljenih zaviralcev ACE.</s>
<s id="s142.1">12 Simpatikomimetiki lahko zmanjšajo anhihipertenzivne učinke zaviralcev ACE; bolnike je treba skrbno spremljati, da potrdite, ali se je dosegel želeni učinek.</s>
<s id="s143.1">Antidiabetiki:</s>
<s id="s143.2">Epidemiološke študije so pokazale, da lahko sočasna uporaba zaviralcev ACE in antidiabetikov (insulinov, peroralnih hipoglikemičnih zdravilnih učinkovin) okrepi učinek zmanjševanja koncentracije glukoze v krvi in povzroči tveganje za hipoglikemijo.</s>
<s id="s143.3">Ta pojav je verjetnejši v prvih tednih kombiniranega zdravljenja in pri bolnikih z ledvično okvaro.</s>
<s id="s144.1">Nesteroidna protivnetna zdravila:</s>
<s id="s144.2">Kronična uporaba nesteroidnih protivnetnih zdravil, vključno z velikim odmerki acetilsalicilne kisline ≥ 3 g/ dan, lahko zmanjša antihipertenzivni učinek zaviralca ACE.</s>
<s id="s145.1">Nesteroidna protivnetna zdravila in zaviralci ACE prispevajo k zvečanju kalija v serumu in lahko povzročijo poslabšanje ledvičnega delovanja.</s>
<s id="s145.2">Ti učinki so navadno reverzibilni.</s>
<s id="s145.3">Redko se lahko pojavi akutna ledvična odpoved, zlasti pri bolnikih z okvarjenim delovanjem ledvic, kot so starejši ali dehidrirani bolniki.</s>
<s id="s146.1">Litij:</s>
<s id="s146.2">Pri sočasni uporabi z zaviralci ACE se lahko izločanje litija zmanjša, zato je treba spremljati ravni litija v serumu.</s>
<s id="s147.1">Interakcije, povezane z amlodipinom Zaviralci CYP3A4:</s>
<s id="s147.2">Študija pri starejših bolnikih je pokazala, da diltiazem zavira presnovo amlodipina, verjetno prek encima CYP3A4 (koncentracija v plazmi se zveča za približno 50%, zveča pa se tudi učinek amlodipina).</s>
<s id="s147.3">Ne moremo izključiti, da močnejši zaviralci encima CYP3A4 (na primer ketokonazol, itrakonazol, ritonavir) bolj povečajo koncentracijo amlodipina v plazmi kot diltiazem.</s>
<s id="s147.4">Pri sočasni uporabi je potrebna previdnost.</s>
<s id="s148.1">Induktorji CYP3A4:</s>
<s id="s148.2">Sočasna uporaba antikonvulzivov (na primer karbamazepinom, fenobarbitalom, fenitoinom, fosfenitoinom, primidonom), rifampicina, pripravkov rastlinskega izvora, ki vsebujejo šentjanževko (Hypericum perforatum), lahko zmanjša koncentracijo amlodipina v plazmi.</s>
<s id="s148.3">Indicirano je klinično spremljanje z morebitno prilagoditvijo odmerka amlodipina med zdravljenjem z induktorjem in po njegovi prekinitvi.</s>
<s id="s148.4">Pri sočasni uporabi je potrebna previdnost.</s>
<s id="s149.1">Drugo:</s>
<s id="s149.2">Med monoterapijo se je amlodipin varno uporabljal s tiazidnimi diuretiki, beta blokatorji, zaviralci ACE, dolgo delujočimi nitrati, sublingvalnim nitroglicerinom, digoksinom, varfarinom, atorvastatinom, sildenafilom, antacidi (gelom z aluminijevim hidroksidom, magnezijevim hidroksidom, simetikonom), cimetidinom, nesteroidnimi protivnetnimi zdravili, antibiotiki in peroralnimi hipoglikemičnimi zdravili.</s>
<s id="s150.1">4. 6 Nosečnost in dojenje</s>
<s id="s151.1">Nosečnost Uporaba zaviralcev ACE v prvem trimesečju nosečnosti ni priporočljiva, v drugem in tretjem trimesečju pa je njihova uporaba kontraindicirana.</s>
<s id="s152.1">Epidemiološki podatki niso pokazali teratogenega učinka pri nosečnicah, ki so bile v prvem trimesečju nosečnosti izpostavljene zaviralcem ACE, vendar pa majhnega povečanja tveganja ni možno izključiti.</s>
<s id="s152.2">Znano je, da izpostavljenost zaviralcem ACE v drugem in tretjem trimesečju lahko povzroči fetotoksične učinke pri človeku (zmanjšano delovanje ledvic, oligohidramnij, zapoznela zakostenitev lobanje) in toksične učinke pri novorojenčkih (odpoved ledvic, hipotenzija, hiperkaliemija).</s>
<s id="s153.1">Čeprav so ugotovili, da so nekatere dihidropiridinske spojine teratogene pri živalih, podatki pri podganah in zajcih ne kažejo nikakršnih dokazov o teratogenih učinkih amlodipina (glejte poglavje 5. 3).</s>
<s id="s153.2">Ker pa kliničnih izkušenj z uporabo amlodipina med nosečnostjo ni, je amlodipin med nosečnostjo kontraindiciran.</s>
<s id="s154.1">13 Pri nosečnicah ni izkušenj z uporabo zdravila Lisonorm iz ustrezno nadzorovanih kliničnih študij.</s>
<s id="s154.2">Zato je zdravilo Lisonorm v nosečnosti kontraindicirano (glejte poglavje 4. 3).</s>
<s id="s155.1">Ob potrjeni nosečnosti je treba zdravljenje z zaviralci ACE takoj prekiniti. in, če je primerno, začeti alternativno zdravljenje.</s>
<s id="s155.2">Pri bolnicah, ki načrtujejo nosečnost, je treba čim prej preiti na alternativno antihipertenzivno zdravljenje z uveljavljenim varnostnim profilom za uporabo v nosečnosti.</s>
<s id="s156.1">Dojenje Zdravilo Lisonorm se ne priporoča pri doječih materah, saj se lahko lizinopril izloča v materino mleko (glejte poglavje 4. 3).</s>
<s id="s156.2">Ni znano, ali se amlodipin izloča v materino mleko.</s>
<s id="s157.1">4. 7 Vpliv na sposobnost vožnje in upravljanja s stroji</s>
<s id="s158.1">Zdravilo Lisonorm lahko vpliva na sposobnost vožnje in upravljanja s stroji (predvsem v začetnem obdobju zdravljenja).</s>
<s id="s159.1">4. 8 Neželeni učinki</s>
<s id="s160.1">Med nadzorovano klinično študijo (n = 195) incidenca neželenih učinkov pri preizkovancih, ki so sočasno prejemali obe zdravilni učinkovini, ni bila večja kot pri preizkovancih na monoterapiji.</s>
<s id="s160.2">Neželeni učinki so bili skladni s tistimi, o katerih so že prej poročali pri amlodipinu in/ ali lizinoprilu.</s>
<s id="s160.3">Neželeni učinki so bili navadno blagi, prehodni in so redko povzročili prekinitev zdravljenja z zdravilom Lisonorm.</s>
<s id="s160.4">Najpogostejši neželeni učinki pri tej kombinaciji so bili glavobol (8%), kašelj (5%) in omotica (3%).</s>
<s id="s161.1">V nadzorovanih kliničnih preskušanjih so o naslednjih neželenih učinkih poročali pri ≥ 1% bolnikov, ki so sočasno prejemali amlodipin in lizinopril ali monoterapijo z amlodipinom oziroma lizinoprilom (glejte spodnjo preglednico):</s>
<s id="s162.1">Organski sistem</s>
<s id="s163.1">Neželeni učinek</s>
<s id="s164.1">Lisonorm (n = 64)</s>
<s id="s165.1">Amlodipin (n = 64)</s>
<s id="s166.1">Lizinopril (n = 68)</s>
<s id="s167.1">Bolezni živčevja</s>
<s id="s168.1">Omotica</s>
<s id="s169.1">3%</s>
<s id="s170.1">1, 5%</s>
<s id="s171.1">4, 4%</s>
<s id="s172.1">Srčne bolezni</s>
<s id="s173.1">Glavobol Palpitacije</s>
<s id="s174.1">8% 1, 5%</s>
<s id="s175.1">6% 4, 6%</s>
<s id="s176.1">8, 8%</s>
<s id="s177.1">Bolezni dihal, prsnega koša in mediastinalnega prostora</s>
<s id="s178.1">Kašelj</s>
<s id="s179.1">5%</s>
<s id="s180.1">3%</s>
<s id="s181.1">Bolezni prebavil</s>
<s id="s182.1">Slabost</s>
<s id="s183.1">1, 5%</s>
<s id="s184.1">Bolezni kože in podkožja</s>
<s id="s185.1">Pruritus</s>
<s id="s186.1">1, 5%</s>
<s id="s187.1">Njihova pogostnost je opredeljena na naslednji način: zelo pogosti (&gt; 1/ 10), pogosti (&gt; 1/ 100 do &lt; 1/ 10), občasni (&gt; 1/ 1. 000 do &lt; 1/ 100), redki (≥ 1/ 10. 000 do &lt; 1/ 1. 000), zelo redki (&lt; 1/ 10. 000), neznana (ni mogoče oceniti iz razpoložljivih podatkov).</s>
<s id="s187.2">V razvrstitvah pogostnosti so neželeni učinki navedeni po padajoči resnosti.</s>
<s id="s188.1">Med zdravljenjem samo z lizinoprilom ali amlodipinom so poročali o naslednjih neželenih učinkih:</s>
<s id="s189.1">Organski sistem</s>
<s id="s190.1">Pogostost</s>
<s id="s191.1">Neželeni učinki pri lizinoprilu</s>
<s id="s192.1">Neželeni učinki pri amlodipinu</s>
<s id="s193.1">Bolezni krvi in limfatičnega sistema</s>
<s id="s194.1">Zelo redki</s>
<s id="s195.1">Depresija kostnega mozga, Trombocitopenija agranulocitoza, levkopenija, nevtropenija, trombocitopenija, hemolitična anemija,</s>
<s id="s196.1">14</s>
<s id="s197.1">Organski sistem</s>
<s id="s198.1">Pogostost</s>
<s id="s199.1">Neželeni učinki pri lizinoprilu</s>
<s id="s200.1">Neželeni učinki pri amlodipinu</s>
<s id="s201.1">anemija, limfadenopatije</s>
<s id="s202.1">Bolezni imunskega sistema</s>
<s id="s203.1">Zelo redki</s>
<s id="s204.1">Avtoimunske motnje</s>
<s id="s205.1">Preobčutljivost</s>
<s id="s206.1">Presnovne in prehranske motnje</s>
<s id="s207.1">Zelo redki</s>
<s id="s208.1">Hipoglikemija</s>
<s id="s209.1">Hiperglikemija</s>
<s id="s210.1">Psihiatrične motnje</s>
<s id="s211.1">Občasni</s>
<s id="s212.1">Spremenjeno razpoloženje,</s>
<s id="s213.1">Nespečnost,</s>
<s id="s214.1">motnje spanja</s>
<s id="s215.1">spremenjeno razpoloženje</s>
<s id="s216.1">Redki</s>
<s id="s217.1">Duševne motnje</s>
<s id="s218.1">Bolezni živčevja</s>
<s id="s219.1">Pogosti</s>
<s id="s220.1">Omotica, glavobol</s>
<s id="s221.1">Somnolenca, omotica, glavobol</s>
<s id="s222.1">Občasni</s>
<s id="s223.1">Vertigo, parestezija, motnja okusa</s>
<s id="s224.1">Sinkopa, tremor, spremenjeno okušanje, hipoestezija, parestezija</s>
<s id="s225.1">Zelo redki</s>
<s id="s226.1">Periferna nevropatija</s>
<s id="s227.1">Očesne bolezni</s>
<s id="s228.1">Občasni</s>
<s id="s229.1">Motnje vida</s>
<s id="s230.1">Ušesne bolezni, vključno z motnjami labirinta</s>
<s id="s231.1">Občasni</s>
<s id="s232.1">Tinitus</s>
<s id="s233.1">Srčne bolezni</s>
<s id="s234.1">Pogosti</s>
<s id="s235.1">Palpitacije</s>
<s id="s236.1">Občasni</s>
<s id="s237.1">Miokardni infarkt (glejte poglavje 4. 4), tahikardija, palpitacije</s>
<s id="s238.1">Zelo redki</s>
<s id="s239.1">Miokardni infarkt, ventrikularna tahikardija, atrijska fibrilacija, aritmija</s>
<s id="s240.1">Žilne bolezni</s>
<s id="s241.1">Pogosti</s>
<s id="s242.1">Ortostatska hipotenzija</s>
<s id="s243.1">Rdečica</s>
<s id="s244.1">Občasni</s>
<s id="s245.1">Cerebrovaskularni inzult (glejte poglavje 4. 4), Raynaudov fenomen</s>
<s id="s246.1">Hipotenzija</s>
<s id="s247.1">Zelo redki</s>
<s id="s248.1">Vaskulitis</s>
<s id="s249.1">Bolezni dihal, prsnega koša in mediastinalnega prostora</s>
<s id="s250.1">Pogosti</s>
<s id="s251.1">Kašelj</s>
<s id="s252.1">Občasni</s>
<s id="s253.1">Rinitis</s>
<s id="s254.1">Dispneja, rinitis</s>
<s id="s255.1">Zelo redki</s>
<s id="s256.1">Bronhospazem, alergijski alveolitis/ eozinofilna pnevmonija, sinuzitis</s>
<s id="s257.1">Kašelj</s>
<s id="s258.1">Bolezni prebavil</s>
<s id="s259.1">Pogosti</s>
<s id="s260.1">Driska, bruhanje</s>
<s id="s261.1">Abdominalna bolečina, slabost</s>
<s id="s262.1">Občasni</s>
<s id="s263.1">Abdominalna bolečina, slabost, dispepsija</s>
<s id="s264.1">Bruhanje, dispepsija, spremenjene črevesne navade, suha usta</s>
<s id="s265.1">15</s>
<s id="s266.1">Organski sistem</s>
<s id="s267.1">Pogostost</s>
<s id="s268.1">Neželeni učinki pri lizinoprilu</s>
<s id="s269.1">Neželeni učinki pri amlodipinu</s>
<s id="s270.1">Redki</s>
<s id="s271.1">Suha usta</s>
<s id="s272.1">Zelo redki</s>
<s id="s273.1">Pankreatitis, črevesni angioedem</s>
<s id="s274.1">Pankreatitis, gastritis, gingivalna hiperplazija</s>
<s id="s275.1">Bolezni jeter, žolčnika in</s>
<s id="s276.1">Zelo redki</s>
<s id="s277.1">Jetrna odpoved, hepatitis,</s>
<s id="s278.1">Hepatitis, ikterus,</s>
<s id="s279.1">žolčevodov</s>
<s id="s280.1">holestatski ikterus (glejte poglavje 4. 4)</s>
<s id="s281.1">holestaza</s>
<s id="s282.1">Bolezni kože in podkožja</s>
<s id="s283.1">Občasni</s>
<s id="s284.1">Preobčutljivost/ angioedem</s>
<s id="s285.1">Alopecija, izpuščaj,</s>
<s id="s286.1">obraza, udov, ustnic, glotisa in/ ali grla (glejte poglavje 4. 4), izpuščaj, pruritus</s>
<s id="s287.1">purpura, razbarvanje kože, diaforeza, pruritus</s>
<s id="s288.1">Redki</s>
<s id="s289.1">Psoriaza, urtikarija, alopecija</s>
<s id="s290.1">Zelo redki</s>
<s id="s291.1">Toksična epidermalna nekroliza, Stevens - Johnsonov sindrom, multiformni edem, pemfigus, diaforeza.</s>
<s id="s291.2">Poročali so o sindromu, ki lahko vključuje enega ali več naslednjih simptomov: zvišana telesna temperatura, vaskulitis, mialgija, artralgija/ artritis, pozitivni test za protitelesa ANA, povečana hitrost sedimentacije eritrocitov, eozinofilija in levkocitoza, izpuščaj, občutljivost za svetlobo ali drugi dermatološki znaki.</s>
<s id="s292.1">Multiformni edem, angioedem, urtikarija</s>
<s id="s293.1">Bolezni mišično- skeletnega sistema in vezivnega tkiva</s>
<s id="s294.1">Občasni</s>
<s id="s295.1">Artralgija, mialgija, mišični krči, bolečina v hrbtu</s>
<s id="s296.1">Bolezni sečil</s>
<s id="s297.1">Pogosti</s>
<s id="s298.1">Ledvična disfunkcija</s>
<s id="s299.1">Občasni</s>
<s id="s300.1">Motnja uriniranja, nikturija, povečana pogostost uriniranja</s>
<s id="s301.1">Redki</s>
<s id="s302.1">Akutna ledvična odpoved, uremija</s>
<s id="s303.1">Zelo redki</s>
<s id="s304.1">Oligurija/ anurija</s>
<s id="s305.1">Motnje reprodukcije in dojk</s>
<s id="s306.1">Občasni</s>
<s id="s307.1">Impotenca</s>
<s id="s308.1">Impotenca, ginekomastija</s>
<s id="s309.1">Redki</s>
<s id="s310.1">Ginekomastija</s>
<s id="s311.1">Splošne težave in spremembe Pogosti na mestu aplikacije</s>
<s id="s312.1">Edem, utrujenost</s>
<s id="s313.1">16</s>
<s id="s314.1">Organski sistem</s>
<s id="s315.1">Pogostost</s>
<s id="s316.1">Neželeni učinki pri lizinoprilu</s>
<s id="s317.1">Neželeni učinki pri amlodipinu</s>
<s id="s318.1">Občasni</s>
<s id="s319.1">Utrujenost, astenija</s>
<s id="s320.1">Bolečina v prsnem košu, bolečina, slabotnost, astenija</s>
<s id="s321.1">Preiskave</s>
<s id="s322.1">Občasni</s>
<s id="s323.1">Povečana sečnina v krvi,</s>
<s id="s324.1">Povečanje telesne teže,</s>
<s id="s325.1">povečan kreatinin v serumu, hiperkaliemija, povečane vrednosti jetrnih encimov</s>
<s id="s326.1">zmanjšanje telesne teže</s>
<s id="s327.1">Redki</s>
<s id="s328.1">Zmanjšan hemoglobin, zmanjšan hematokrit, povečan bilirubin v serumu, hiponatriemija</s>
<s id="s329.1">Zelo redki</s>
<s id="s330.1">Povišanje ravni jetrnih encimov</s>
<s id="s331.1">4. 9 Preveliko odmerjanje</s>
<s id="s332.1">Preveliko odmerjanje lahko povzroči čezmerno periferno vazodilatacijo z izrazito hipotenzijo, cirkulatornim šokom, motnjami elektrolitov, ledvično odpovedjo, hiperventilacijo, tahikardijo, palpitacijami, bradikardijo, omotico, anksioznostjo in kašljem.</s>
<s id="s332.2">Priporoča se simptomatsko zdravljenje (bolnik naj leži na hrbtu, spremljanje (in po potrebi podpora) srčnega delovanja, krvnega tlaka, ravnovesja tekočine in elektrolitov).</s>
<s id="s332.3">Če se pojavi huda hipotenzija, je treba dvigniti spodnje ude, in kadar intravensko dajanje tekočine ne sproži zadostnega odziva, bo morda treba dodati tudi podporno zdravljenje s perifernimi vazopresorji, razen če je to kontraindicirano.</s>
<s id="s332.4">Če je na razpolago, lahko razmislite tudi o zdravljenju z infundiranjem angiotenzina II.</s>
<s id="s332.5">Pri zdravljenju učinka blokatorjev kalcijevih kanalčkov je lahko koristno intravensko dajanje kalcijevega glukonata.</s>
<s id="s332.6">Ker se amlodipin absorbira počasi, je lahko v nekaterih primerih koristna gastrična lavaža.</s>
<s id="s332.7">Lizinopril se lahko iz sistemskega krvnega obtoka odstrani s hemodializo.</s>
<s id="s332.8">Amlodipin pa se v veliki meri veže na beljakovine, zato dializa verjetno ni koristna (glejte poglavje 4. 4).</s>
<s id="s333.1">5.</s>
<s id="s333.2">FARMAKOLOŠKE LASTNOSTI</s>
<s id="s334.1">5. 1 Farmakodinamične lastnosti</s>
<s id="s335.1">Farmakoterapevtska skupina: zaviralci ACE in blokatorji kalcijevih kanalčkov, oznaka ATC:</s>
<s id="s335.2">C09BB03.</s>
<s id="s336.1">Zdravilo Lisonorm je kombinacija s fiksnim odmerkom, ki vsebuje zdravilni učinkovini lizinopril in amlodipin.</s>
<s id="s337.1">Lizinopril Lizinopril je zaviralec angiotenzinske konveraze (ACE), ki zmanjša koncentracijo angiotenzina II v plazmi in posledično tudi raven aldosterona ter poveča koncentracijo vazodilatatornega bradikinina.</s>
<s id="s337.2">Zmanjša periferni vaskularni upor in sistemski krvni tlak.</s>
<s id="s337.3">Te spremembe lahko spremljata povečanje srčnega iztisa pri nespremenjeni srčni frekvenci in povečanje ledvičnega krvnega pretoka.</s>
<s id="s337.4">Pri hiperglikemičnih bolnikih lizinopril prispeva k ponovni vzpostavitvi okvarjenega endotelijskega delovanja.</s>
<s id="s337.5">Antihipertenzivni učinek lizinoprila se navadno pojavi eno uro po uporabi in je največji po šestih urah.</s>
<s id="s337.6">Trajanje njegovega delovanja je 24 ur, kar je odvisno tudi od odmerka.</s>
<s id="s337.7">Antihipertenzivna učinkovitost</s>
<s id="s338.1">17 lizinoprila se vzdržuje tudi dolgotrajno.</s>
<s id="s338.2">Takojšnja prekinitev zdravljenja z lizinoprilom ni povezana z nobenim posledičnim povratnim učinkom (zvišanjem krvnega tlaka).</s>
<s id="s339.1">Čeprav njegov primarni učinek povzroča sistem renin- angiotenzin- aldosteron, je lizinopril prav tako učinkovit pri bolnikih s hipertenzijo in majhno aktivnostjo renina v plazmi.</s>
<s id="s339.2">Poleg njegovega neposrednega učinka zniževanja krvnega tlaka lizinopril ublaži albuminurijo, saj spremeni hemodinamične pogoje in tkivno strukturo v ledvičnih glomerulih.</s>
<s id="s339.3">V nadzorovanih kliničnih preskušanjih, ki so se opravila pri bolnikih s sladkorno boleznijo, niso ugotovili nobenih sprememb ravni glukoze v krvi in nobenega zvečanja incidence hipoglikemije.</s>
<s id="s340.1">Amlodipin Amlodipin je blokator kalcijevih kanalčkov dihidropiridinske skupine.</s>
<s id="s340.2">Zavira dotok kalcija v miokardne in vaskularne gladke mišice, saj zavira počasne kanalčke kalcijevih ionov v celičnih membranah.</s>
<s id="s340.3">Amlodipin zmanjša tonus gladkih mišic v arteriolah, zato se zmanjša periferni vaskularni upor, kar zmanjša sistemski krvni tlak.</s>
<s id="s340.4">Antianginozni učinek amlodipina povzročata dilatacija perifernih arteriol in zmanjšanje srčnega bremena, ne da bi se ob tem pojavile refleksna tahikardija in poraba energije ter potreba po kisiku zaradi zmanjšanja srčne mišice.</s>
<s id="s340.5">Amlodipin lahko razširi koronarne žile (arterije in arteriole); izboljša dovod kisika v nepoškodovane in ishemične regije miokardija.</s>
<s id="s341.1">Odmerjanje amlodipina enkrat na dan zniža krvi tlak bolnikov s hipertenzijo v ležečem in stoječem položaju v štiriindvajseturnem presledku.</s>
<s id="s341.2">Zaradi počasnega začetka delovanja se akutna hipotenzija ne pojavi.</s>
<s id="s342.1">Blokiranje kalcijevih kanalčkov na primer sproži neposredno arterijsko dilatacijo, ki jo spremlja retencija natrija in vode.</s>
<s id="s342.2">Pričakuje se kompenzacijska aktivacija sistema renin- angiotenzin- aldosteron, zato lahko nasprotno regulacijski mehanizmi, ki jih aktivirajo zaviralci ACE, prispevajo k obnovitvi fizioloških odzivov na povečan vnos soli.</s>
<s id="s343.1">5. 2 Farmakokinetične lastnosti</s>
<s id="s344.1">Lizinopril Po peroralni uporabi so koncentracije v plazmi največje po približno šestih urah, biološka uporabnost lizinoprila pa je 29- odstotna.</s>
<s id="s344.2">Lizinopril se ne veže na druge beljakovine v plazmi razen na ACE; organizem ga ne presnovi, zato se v urinu izloča nespremenjen.</s>
<s id="s344.3">Učinkoviti razpolovni čas lizinoprila je 12, 6 ure.</s>
<s id="s344.4">Izločanje večine frakcije, ki ni vezana na beljakovine, spremlja počasnejše izločanje lizinoprila, vezanega na ACE, kar lahko povzroči podaljšano antihipertenzivno delovanje.</s>
<s id="s345.1">Pri ledvični okvari je izločanje lizinoprila podaljšano, zato bo morda potrebno zmanjšanje odmerka (glejte poglavje 4. 2).</s>
<s id="s346.1">Lizinopril se lahko iz plazme odstrani s hemodializo.</s>
<s id="s347.1">Amlodipin Amlodipin se po peroralni uporabi počasi in skoraj popolnoma absorbira iz gastrointestinalnega trakta.</s>
<s id="s347.2">Vnos hrane ne vpliva na njegovo absorpcijo.</s>
<s id="s347.3">Največja koncentracija v plazmi (Cmax) se pojavi šest do deset ur po odmerjanju.</s>
<s id="s347.4">Biološka uporabnost amlodipina je od 64 - do 80- odstotna; njegov volumen porazdelitve je približno 20 l/ kg.</s>
<s id="s347.5">V sistemskem obtoku se 95 do 98% amlodipina veže na beljakovine v plazmi.</s>
<s id="s347.6">Amlodipin jetra v veliki meri presnovijo na neaktivne presnovke, pri čemer se 10% nespremenjene osnovne zdravilne učinkovine in 60% presnovkov izloči z urinom.</s>
<s id="s347.7">Izločanje iz plazme je dvofazno, pri čemer je končni razpolovni čas izločanja približno 30– 50 ur.</s>
<s id="s347.8">Stanje dinamičnega ravnovesja v plazmi se doseže po sedmih do osmih dneh neprekinjenega dnevnega odmerjanja.</s>
<s id="s347.9">Amlodipin se primarno pretvori v neaktivne presnovke v jetrih, pri čemer se 10% nespremenjene osnovne zdravilne učinkovine izloči z urinom.</s>
<s id="s347.10">Amlodipina iz plazme ni mogoče odstraniti s hemodializo.</s>
<s id="s348.1">18 Čas, potreben za doseganje največje koncentracije amlodipina v plazmi, (tmax) je pri starejših in mlajših bolnikih podoben.</s>
<s id="s348.2">Očistek amlodipina je manjši, kar povzroči povečanje AUC in eliminacijskega razpolovnega časa pri starejših bolnikih.</s>
<s id="s348.3">Amlodipin, ki se pri starejših in mlajših bolnikih uporablja v podobnih odmerkih, se enako dobro prenaša, zato se pri starejših osebah priporoča normalen odmerek.</s>
<s id="s349.1">Pri bolnikih z jetrno okvaro je razpolovni čas amlodipina podaljšan.</s>
<s id="s350.1">Pri bolnikih z ledvično okvaro spremembe koncentracije amlodipina v plazmi niso v korelaciji s stopnjo ledvične okvare.</s>
<s id="s351.1">Fiksna kombinacija Pri zdravilnih učinkovinah zdravila Lisonorm niso opisali nobenih farmakokinetičnih interakcij.</s>
<s id="s351.2">Farmakokinetični parametri (AUC, Cmax, tmax, razpolovni čas) se niso razlikovali od parametrov, ki so jih opazili po dajanju posameznih zdravilnih učinkovin v monoterapiji.</s>
<s id="s352.1">Hrana ne vpliva na gastrointestinalno absorpcijo zdravila Lisonorm.</s>
<s id="s353.1">5. 3 Predklinični podatki o varnosti</s>
<s id="s354.1">Lizinopril Predklinični podatki na podlagi običajnih študij farmakološke varnosti, toksičnosti pri ponavljajočih se odmerkih, genotoksičnosti in kancerogenega potenciala ne kažejo posebnega tveganja za človeka.</s>
<s id="s354.2">Pri podganjih samicah in samcih plodnost ni bila prizadeta pri odmerkih do 300 mg/ kg (33- kratni največji priporočeni dnevni odmerek pri človeku glede na telesno površino).</s>
<s id="s354.3">Pri miših, podganah in zajcih niso opazili nobenih teratogenih učinkov, pri čemer so bili odmerki 55 -, 33 - oziroma 0, 15- krat večji od največjega priporočenega dnevnega odmerka pri človeku.</s>
<s id="s355.1">Amlodipin Predklinični podatki na podlagi običajnih študij farmakološke varnosti, toksičnosti pri ponavljajočih se odmerkih, genotoksičnosti in kancerogenega potenciala ne kažejo posebnega tveganja za človeka.</s>
<s id="s355.2">Pri podganah in zajcih, ki so jim dajali do 10 mg/ kg amlodipina (8 - oziroma 23- kratni največji priporočeni dnevni odmerek pri človeku, ki je 10 mg na podlagi mg/ m2), niso ugotovili teratogenih in toksičnih učinkov na zarodek/ plod.</s>
<s id="s355.3">Amlodipin je pri tem odmerku podaljšal nosečnost in trajanje poroda.</s>
<s id="s356.1">6.</s>
<s id="s356.2">FARMACEVTSKI PODATKI</s>
<s id="s357.1">6. 1 Seznam pomožnih snovi</s>
<s id="s358.1">Mikrokristalna celuloza Natrijev karboksimetilškrob (vrste A) Magnezijev stearat</s>
<s id="s359.1">6. 2 Inkompatibilnosti</s>
<s id="s360.1">Navedba smiselno ni potrebna.</s>
<s id="s361.1">6. 3 Rok uporabnosti</s>
<s id="s362.1">3 leta</s>
<s id="s363.1">6. 4 Posebna navodila za shranjevanje</s>
<s id="s364.1">Shranjujte pri temperaturi do 25 °C.</s>
<s id="s364.2">Shranjujte v originalni ovojnini za zagotovitev zaščite pred svetlobo in vlago.</s>
<s id="s365.1">6. 5 Vrsta ovojnine in vsebina 19 30 tablet v belih, neprozornih pretisnih omotih iz PVC/ PE/ PVDC/ aluminija.</s>
<s id="s366.1">6. 6 Posebni varnostni ukrepi za odstranjevanje</s>
<s id="s367.1">Ni posebnih zahtev.</s>
<s id="s368.1">7.</s>
<s id="s368.2">IMETNIK DOVOLJENJA ZA PROMET Z ZDRAVILOM</s>
<s id="s369.1">[Glejte Dodatek I – Izpolni država članica.]</s>
<s id="s370.1">{Ime in naslov} &lt; {tel.} &gt; &lt; {fax} &gt; &lt; {e- mail} &gt;</s>
<s id="s371.1">8.</s>
<s id="s371.2">ŠTEVILKA (ŠTEVILKE) DOVOLJENJA (DOVOLJENJ) ZA PROMET</s>
<s id="s372.1">[Izpolni država članica.]</s>
<s id="s373.1">9.</s>
<s id="s373.2">DATUM PRIDOBITVE/ PODALJŠANJA DOVOLJENJA ZA PROMET</s>
<s id="s374.1">[Izpolni država članica.]</s>
<s id="s375.1">10.</s>
<s id="s375.2">DATUM ZADNJE REVIZIJE BESEDILA</s>
<s id="s376.1">[Izpolni država članica.]</s>
<s id="s377.1">20 OZNAČEVANJE</s>
<s id="s378.1">21 PODATKI NA ZUNANJI OVOJNINI</s>
<s id="s379.1">Zložena škatla</s>
<s id="s380.1">1.</s>
<s id="s380.2">IME ZDRAVILA</s>
<s id="s381.1">Lisonorm (glejte Dodatek I) 10/ 5 mg tablete [Glejte Dodatek I – Izpolni država članica.] lizinopril/ amlodipin</s>
<s id="s382.1">2.</s>
<s id="s382.2">NAVEDBA ENE ALI VEČ ZDRAVILNIH UČINKOVIN</s>
<s id="s383.1">Ena tableta vsebuje 10 mg lizinoprila (kot dihidrata) in 5 mg amlodipina (kot besilata).</s>
<s id="s384.1">3.</s>
<s id="s384.2">SEZNAM POMOŽNIH SNOVI</s>
<s id="s385.1">4.</s>
<s id="s385.2">FARMACEVTSKA OBLIKA IN VSEBINA</s>
<s id="s386.1">30 tablet</s>
<s id="s387.1">5.</s>
<s id="s387.2">POSTOPEK IN POT( I) UPORABE ZDRAVILA</s>
<s id="s388.1">Peroralna uporaba.</s>
<s id="s388.2">Pred uporabo preberite priloženo navodilo.</s>
<s id="s389.1">6.</s>
<s id="s389.2">POSEBNO OPOZORILO O SHRANJEVANJU ZDRAVILA ZUNAJ DOSEGA IN POGLEDA OTROK</s>
<s id="s390.1">Zdravilo shranjujte nedosegljivo otrokom!</s>
<s id="s391.1">7.</s>
<s id="s391.2">DRUGA POSEBNA OPOZORILA, ČE SO POTREBNA</s>
<s id="s392.1">8.</s>
<s id="s392.2">DATUM IZTEKA ROKA UPORABNOSTI ZDRAVILA</s>
<s id="s393.1">Uporabno do:</s>
<s id="s394.1">9.</s>
<s id="s394.2">POSEBNA NAVODILA ZA SHRANJEVANJE</s>
<s id="s395.1">Shranjujte pri temperaturi do 25 °C!</s>
<s id="s395.2">Shranjujte v originalni ovojnini za zagotovitev zaščite pred svetlobo in vlago.</s>
<s id="s396.1">22 10.</s>
<s id="s396.2">POSEBNI VARNOSTNI UKREPI ZA ODSTRANJEVANJE NEUPORABLJENIH ZDRAVIL ALI IZ NJIH NASTALIH ODPADNIH SNOVI, KADAR SO POTREBNI</s>
<s id="s397.1">11.</s>
<s id="s397.2">IME IN NASLOV IMETNIKA DOVOLJENJA ZA PROMET Z ZDRAVILOM</s>
<s id="s398.1">[Izpolni država članica.] [Glejte Dodatek I – Izpolni država članica.]</s>
<s id="s399.1">{Ime in naslov} &lt; {tel.} &gt; &lt; {fax} &gt; &lt; {e- mail} &gt;</s>
<s id="s400.1">12.</s>
<s id="s400.2">ŠTEVILKA( E) DOVOLJENJA (DOVOLJENJ) ZA PROMET</s>
<s id="s401.1">[Izpolni država članica.]</s>
<s id="s402.1">13.</s>
<s id="s402.2">ŠTEVILKA SERIJE</s>
<s id="s403.1">Serija</s>
<s id="s404.1">14.</s>
<s id="s404.2">NAČIN IZDAJANJA ZDRAVILA</s>
<s id="s405.1">Izdaja zdravila je le na recept.</s>
<s id="s406.1">15.</s>
<s id="s406.2">NAVODILA ZA UPORABO</s>
<s id="s407.1">16.</s>
<s id="s407.2">PODATKI V BRAILLOVI PISAVI</s>
<s id="s408.1">Lisonorm 10/ 5 mg</s>
<s id="s409.1">23 PODATKI, KI MORAJO BITI NAJMANJ NAVEDENI NA PRETISNEM OMOTU ALI DVOJNEM TRAKU</s>
<s id="s410.1">Pretisni omot</s>
<s id="s411.1">1.</s>
<s id="s411.2">IME ZDRAVILA</s>
<s id="s412.1">Lisonorm (glejte Dodatek I) 10/ 5 mg tablete [Glejte Dodatek I – Izpolni država članica.] lizinopril/ amlodipin</s>
<s id="s413.1">2.</s>
<s id="s413.2">IME IMETNIKA DOVOLJENJA ZA PROMET Z ZDRAVILOM</s>
<s id="s414.1">[Izpolni država članica.]</s>
<s id="s415.1">3.</s>
<s id="s415.2">DATUM IZTEKA ROKA UPORABNOSTI ZDRAVILA</s>
<s id="s416.1">[Uporabno do]</s>
<s id="s417.1">4.</s>
<s id="s417.2">ŠTEVILKA SERIJE</s>
<s id="s418.1">[Serija]</s>
<s id="s419.1">5.</s>
<s id="s419.2">DRUGI PODATKI</s>
<s id="s420.1">24 NAVODILO ZA UPORABO</s>
<s id="s421.1">25 NAVODILO ZA UPORABO</s>
<s id="s422.1">Lisonorm in povezana imena (glejte Dodatek I) 10/ 5 mg tablete [Glejte Dodatek I – Izpolni država članica.] lizinopril/ amlodipin</s>
<s id="s423.1">Pred začetkom jemanja natančno preberite navodilo!</s>
<s id="s423.2">Navodilo shranite.</s>
<s id="s423.3">Morda ga boste želeli ponovno prebrati. – Če imate dodatna vprašanja, se posvetujte z zdravnikom ali s farmacevtom. – Zdravilo je bilo predpisano vam osebno in ga ne smete dajati drugim.</s>
<s id="s423.4">Njim bi lahko celo – škodovalo, čeprav imajo znake bolezni, podobne vašim.</s>
<s id="s423.5">Če kateri koli neželeni učinek postane resen ali če opazite kateri koli neželeni učinek, ki ni – omenjen v tem navodilu, obvestite svojega zdravnika ali farmacevta.</s>
<s id="s424.1">Navodilo vsebuje:</s>
<s id="s424.2">1.</s>
<s id="s424.3">Kaj je zdravilo Lisonorm in za kaj ga uporabljamo 2.</s>
<s id="s424.4">Kaj morate vedeti, preden boste vzeli zdravilo Lisonorm 3.</s>
<s id="s424.5">Kako jemati zdravilo Lisonorm 4.</s>
<s id="s424.6">Možni neželeni učinki 5.</s>
<s id="s424.7">Shranjevanje zdravila Lisonorm 6.</s>
<s id="s424.8">Dodatne informacije</s>
<s id="s425.1">1.</s>
<s id="s425.2">KAJ JE ZDRAVILO LISONORM IN ZA KAJ GA UPORABLJAMO</s>
<s id="s426.1">Tablete Lisonorm so kombinirano zdravilo z amlodipinom, ki spada v skupino zdravil, imenovanih blokatorji kalcijevih kanalčkov, in lizinoprilom, ki spada v skupino zdravil, imenovanih zaviralci angiotenzinske konvertaze (ACE).</s>
<s id="s426.2">Zdravilo Lisonorm se uporablja za zdravljenje hipertenzije (visokega krvnega tlaka).</s>
<s id="s426.3">Morda zaradi previsokega krvnega tlaka nimate nobenih simptomov, vendar pa lahko poveča tveganje nekaterih zapletov (kot je možganska kap ali srčni napad), če zdravil proti hipertenziji ne jemljete redno.</s>
<s id="s427.1">2.</s>
<s id="s427.2">KAJ MORATE VEDETI, PREDEN BOSTE VZELI ZDRAVILO LISONORM</s>
<s id="s428.1">Ne jemljite zdravila Lisonorm Tega zdravila ne smete jemati: če ste alergični (preobčutljivi) na zdravilni učinkovini ali katero koli sestavino zdravila – Lisonorm; če ste alergični na druge zaviralce ACE (kot so enalapril, kaptopril in ramipril) ali druge – blokatorje kalcijevih kanalčkov (kot so nifedipin, felodipin ali nimodipin); če ste imeli ali imate angioedem (simptomi kot je srbenje, koprivnica, sopenje in otekanje dlani, – grla, ust ali očesnih vek), ki je povezan ali nepovezan z zdravljenjem z zaviralcem ACE; če je vaš krvni tlak prenizek (huda hipotenzija); – če imate zoženo aorto (aortno stenozo), zoženo srčno zaklopko (mitralno stenozo), povečano – debelino srčne mišice (hipertrofično kardiomiopatijo) ali kardiogeni šok (nezadostno dovajanje krvi v tkiva); če imate nestabilno angino pektoris (razen Prinzmetalove angine); – če ste imeli v zadnjih 28 dneh srčni napad (miokardni infarkt); – če ste noseči ali menite, da ste morda noseči; – če dojite. –</s>
<s id="s429.1">Bodite posebno pozorni pri uporabi zdravila LISONORM Pred jemanjem tega zdravila se posvetujte z zdravnikom, če: imate težave s srcem, – imate težave z ledvicami, –</s>
<s id="s430.1">26 imate težave z jetri; – ste na dializi; – se boste zdravili z aferezo LDL za odstranjevanje holesterola, – ste starejši od 65 let, – ste na dieti z majhnim vnosom soli in uporabljate nadomestke ali dodatke soli, ki vsebujejo – kalij, imate drisko ali bruhate, – pri vas opravljajo desenzibilizacijo za zmanjšanje alergije na pike čebel ali os, – jemljete zdravila, navedena spodaj. –</s>
<s id="s431.1">Jemanje drugih zdravil Obvestite svojega zdravnika ali farmacevta, če jemljete ali ste pred kratkim jemali katero koli zdravilo, tudi če ste ga dobili brez recepta.</s>
<s id="s432.1">Diuretiki, ki varčujejo s kalijem (kot so spironolakton, amilorid, triamteren, ki se uporabljajo za zmanjšanje zadrževanja tekočine), se lahko jemljejo v kombinaciji z zdravilom Lisonorm samo pod skrbnim zdravniškim nadzorom.</s>
<s id="s433.1">Posebno je treba biti previden, kadar se zdravilo Lisonorm jemlje skupaj z naslednjimi zdravili: • diuretiki (za zmanjševanje zadrževanja tekočine), • druga zdravila za zniževanje krvnega tlaka (antihipertenzivi), • nesteroidna protivnetna zdravila, kot je acetilsalicilna kislina (za zdravljenje artritisa, mišičnih bolečin, glavobola, vnetja, zvišane telesne temperature), • litij, antipsihotiki, ki se uporabljajo za zdravljenje duševnih motenj, • insulin in peroralni antidiabetiki, • stimulansi avtonomnega živčevja (simpatikomimetiki), kot so efedrin, fenilefrin, ksilometazolin in salbutamol, ki se uporabljajo za zdravljenje zamašenega nosu, kašlja, prehlada in astme, • imunosupresivna zdravila, ki se uporabljajo za preprečevanje zavrnitve presadkov, • alupurinol, ki se uporablja za zdravljenje putike, • narkotiki, morfin in sorodna zdravila, ki se uporabljajo za zdravljenje hude bolečine, • zdravila proti raku, • antacidi, ki se uporabljajo za zdravljenje zvečane kislosti v želodcu, • anestetiki, ki se uporabljajo pri kirurških in nekaterih zobozdravstvenih posegih.</s>
<s id="s433.2">Obvestite zdravnika ali zobozdravnika, da jemljete zdravilo Lisonorm, preden vam da lokalni ali splošni anestetik, saj obstaja tveganje kratkotrajnega padca krvnega tlaka, • antikonvulzivi (kot so karbamazepin, fenobarbital in fenitoin), ki se uporabljajo za zdravljenje epilepsije, • zdravila, ki se uporabljajo za zdravljenje bakterijskih okužb (rifampicin), okužb s HIV (ritonavir) in glivičnih okužb (ketokonazol), • pripravki rastlinskega izvora, ki vsebujejo šentjanževko (Hypericum perforatum).</s>
<s id="s434.1">Jemanje zdravila Lisonorm skupaj s hrano in pijačo Zdravilo Lisonorm se lahko jemlje s hrano ali brez nje, alkoholu pa se je treba med zdravljenjem izogibati.</s>
<s id="s435.1">Nosečnost in dojenje Zdravila Lisonorm ne smete uporabljati med nosečnostjo in dojenjem.</s>
<s id="s435.2">Posvetujete se z zdravnikom ali s farmacevtom, preden vzamete katero koli zdravilo.</s>
<s id="s436.1">Vpliv na sposobnost upravljanja vozil in strojev Zdravilo lahko vpliva na sposobnost varnega upravljanja vozil in strojev.</s>
<s id="s437.1">3.</s>
<s id="s437.2">KAKO JEMATI ZDRAVILO LISONORM</s>
<s id="s438.1">27 Pri jemanju zdravila Lisonorm natančno upoštevajte zdravnikova navodila.</s>
<s id="s438.2">Če ste negotovi, se posvetujte z zdravnikom ali s farmacevtom.</s>
<s id="s439.1">Če menite, da je učinek zdravila Lisonorm premočan ali prešibak, se posvetujte z zdravnikom ali farmacevtom.</s>
<s id="s440.1">Če ste vzeli večji odmerek zdravila Lisonorm, kot bi smeli Takoj se obrnite na zdravnika ali obiščite nujno pomoč v najbližji bolnišnici.</s>
<s id="s440.2">Preveliko odmerjanje bo verjetno povzročilo zelo nizek krvni tlak, ki ga je treba skrbno spremljati.</s>
<s id="s440.3">Če pa se pojavijo značilni simptomi, kot sta omotica in glavobol, se namestite v ležeč položaj z obrazom navzgor.</s>
<s id="s440.4">Nadaljnje ukrepe bo uvedel zdravnik.</s>
<s id="s441.1">Če ste pozabili vzeti zdravilo Lisonorm Ne vzemite dvojnega odmerka, če ste pozabili vzeti prejšnjo tableto, da se izognete tveganju prevelikega odmerjanja.</s>
<s id="s441.2">Naslednji odmerek vzemite ob običajnem času.</s>
<s id="s442.1">4.</s>
<s id="s442.2">MOŽNI NEŽELENI UČINKI</s>
<s id="s443.1">Kot vsa zdravila ima lahko tudi zdravilo Lisonorm neželene učinke, ki pa se ne pojavijo pri vseh bolnikih.</s>
<s id="s444.1">Njihova pogostnost je opredeljena na naslednji način: zelo pogosti: prizadenejo več kot 1 od 10 uporabnikov, pogosti: prizadenejo 1 do 10 od 100 uporabnikov, občasni: prizadenejo 1 do 10 od 1. 000 uporabnikov, redki: prizadenejo 1 do 10 od 10. 000 uporabnikov, zelo redki: prizadenejo manj kot 1 od 10. 000 uporabnikov, neznana: na podlagi razpoložljivih podatkov ni mogoče oceniti pogostosti.</s>
<s id="s445.1">Pogosti neželeni učinki v kliničnem preskušanju zdravila Lisonorm so bili: glavobol, kašelj, omotica, palpitacije (hitrejši ali neredni srčni utrip) in srbenje.</s>
<s id="s446.1">Pri uporabi zdravila Lisonorm se lahko pojavijo alergijske (preobčutljivostne) reakcije.</s>
<s id="s446.2">Prenehajte jemati zdravilo Lisonorm in takoj poiščite zdravniško pomoč, če se pri vas razvijejo kateri koli simptomi angioedema: težave pri dihanju z otekanjem obraza, ustnic, jezika in/ ali grla ali brez njega; – otekanje obraza, ustnic, jezika in/ ali grla, ki lahko povzroči težave pri požiranju; – hudo srbenje kože (z izboklinami). –</s>
<s id="s447.1">Dodatni neželeni učinki, o katerih so poročali pri samostojni uporabi amlodipina ali lizinoprila (zdravilnih učinkovinah) in ki se lahko pojavijo tudi pri zdravilu Lisonorm, so naslednji:</s>
<s id="s448.1">Amlodipin Pogosti neželeni učinki Glavobol, edem (na primer otekanje gležnjev), občutek utrujenosti, zaspanost, občutek slabosti, omotica, bolečina v trebuhu, palpitacije (hitrejši ali nereden srčni utrip), slabost, rdečica.</s>
<s id="s448.2">Če ti učinki povzročajo težave ali trajajo več kot teden dni, o tem obvestite zdravnika.</s>
<s id="s449.1">Občasni neželeni učinki Kožni izpuščaj, srbeča koža, prebavne motnje, kratka sapa, mišični krči, spremenjena črevesna navada, bolečine v mišicah ali sklepih, bolečine v hrbtu, bolečine v prsnem košu, spremembe razpoloženja, tresenje, motnje vida, piskanje v ušesih, hipotenzija, težave pri dihanju, spremenjeno okušanje, izcejanje iz nosu, povečana potreba po uriniranju, suha usta, žeja, izguba občutka za bolečino, povečano potenje, omedlevica, šibkost, povečanje prsi pri moških, impotenca, povečanje telesne teže, zmanjšanje telesne teže.</s>
<s id="s450.1">28 Zelo redki neželeni učinki Alergijske reakcije, nenormalni testi jetrnega delovanja, vnetje jeter (hepatitis), porumenelost kože (zlatenica), povečana koncentracija glukoze v krvi, srčni napad (miokardni infarkt), neredni srčni utrip (aritmija), kašelj, hude kožne reakcije, otekanje ali občutljivost dlesni, rdeče lise na koži.</s>
<s id="s451.1">Lizinopril Pogosti neželeni učinki Glavobol, omotica ali vrtoglavica, predvsem kadar hitro vstanete, driska, kašelj, bruhanje, zmanjšanje prostornine urina.</s>
<s id="s452.1">Občasni neželeni učinki Spremembe razpoloženja, angioedem (preobčutljivostna reakcija z nenadnim otekanje ustnic, obraza in vratu ter občasno stopal in dlani; angioedem je pogostejši pri temnopoltih bolnikih kot pri belcih), sprememba barve (bledo modra, ki ji sledi rdečica) in/ ali otrplost ali mravljinčenje v prstih na rokah ali nogah (Raynaudov fenomen), spremembe okušanja, utrujenost, zaspanost ali nespečnost, čudne sanje, hiter srčni utrip, izcejanje iz nosu, slabost, bolečina v želodcu ali prebavne motnje, kožni izpuščaj, srbenje, impotenca, utrujenost, mišična šibkost.</s>
<s id="s453.1">Redki neželeni učinki Zmedenost, akutne ledvične težave, suha usta, izguba las, luskavica, povečanje prsi pri moških.</s>
<s id="s453.2">Poslabšanje krvne slike: zmanjšano število rdečih krvnih celic, trombocitov (trombocitopenija), belih krvnih celic (nevtropenija, levkopenija, agranulocitoza).</s>
<s id="s453.3">To lahko povzroči dolgotrajno krvavitev, utrujenost, šibkost, bolezen bezgavk, avtoimunsko bolezen (pri kateri telo napade samo sebe).</s>
<s id="s453.4">Verjetnejše so okužbe.</s>
<s id="s454.1">Zelo redki neželeni učinki Zmanjšana koncentracija glukoze v krvi (hipoglikemija), sopenje ob bolečini v sinusih, vnetje pljuč, rumena koža in/ ali oči (zlatenica), vnetje jeter in trebušne slinavke, hude kožne motnje (simptomi, ki vključujejo rdečico, mehurje in luščenje), potenje.</s>
<s id="s455.1">Če kateri koli neželeni učinek postane resen ali če opazite kateri koli neželeni učinek, ki ni omenjen v tem navodilu, obvestite svojega zdravnika ali farmacevta.</s>
<s id="s456.1">5.</s>
<s id="s456.2">SHRANJEVANJE ZDRAVILA LISONORM</s>
<s id="s457.1">Shranjujte pri temperaturi do 25°C!</s>
<s id="s457.2">Shranjujte v originalni ovojnini za zagotovitev zaščite pred svetlobo in vlago.</s>
<s id="s458.1">Zdravilo shranjujte nedosegljivo otrokom!</s>
<s id="s459.1">Tablet Lisonorm ne smete uporabljati po datumu izteka roka uporabnosti, ki je naveden na pretisnih omotih in škatli poleg oznake Rok uporabnosti.</s>
<s id="s459.2">Datum izteka roka uporabnosti se nanaša na zadnji dan navedenega meseca.</s>
<s id="s460.1">Zdravila ne smete odvreči v odpadne vode ali med gospodinjske odpadke.</s>
<s id="s460.2">O načinu odstranjevanja zdravila, ki ga ne potrebujete več, se posvetujte s farmacevtom.</s>
<s id="s460.3">Takšni ukrepi pomagajo varovati okolje.</s>
<s id="s461.1">6.</s>
<s id="s461.2">DODATNE INFORMACIJE</s>
<s id="s462.1">Kaj vsebuje zdravilo LISONORM – Zdravilni učinkovini sta lizinopril in amlodipin.</s>
<s id="s462.2">Ena tableta vsebuje 10 mg lizinoprila (kot dihidrata) in 5 mg amlodipina (kot besilata).</s>
<s id="s463.1">29 – Pomožne snovi so mikrokristalna celuloza, natrijev karboksimetilškrob (vrste A) in magnezijev stearat.</s>
<s id="s464.1">Izgled zdravila LISONORM in vsebina pakiranja Tablete so bele ali skoraj bele, okrogle, sploščene s poševnim robom in razdelilno zarezo na eni strani ter vtisnjenim znakom » A+L « na drugi strani.</s>
<s id="s464.2">Premer: približno 8 mm.</s>
<s id="s464.3">Razdelilna zareza je namenjena delitvi tablete za lažje požiranje in ne delitvi na enaka odmerka.</s>
<s id="s465.1">Pakiranje vsebuje 30 tablet v belih, neprozornih pretisnih omotih iz PVC/ PE/ PVDC/ aluminija.</s>
<s id="s466.1">Imetnik dovoljenja za promet z zdravilom in izdelovalec [Glejte Dodatek I – Izpolni država članica.]</s>
<s id="s467.1">Zdravilo je pridobilo dovoljenje za promet v državah članicah EGP pod naslednjimi imeni:</s>
<s id="s467.2">{Ime države članice} {Ime zdravila} [Glejte Dodatek I – Izpolni država članica.]</s>
<s id="s468.1">Navodilo je bilo odobreno {MM/ LLLL}.</s>
<s id="s468.2">[Izpolni država članica.]</s>
<s id="s469.1">30</s>
</body>
</letsmt>
